pool_index,image,pixel_sha256,sensitivity_group,target,prediction,logit_0,logit_1,logit_2,logit_3,logit_4
2,train_images/ee3f5cf52188.png,ebe65953f1d982e458e11dfa4c85bff316e09291b0deb62f6f5caabc47ccda55,2,0,0,12.780834,1.6813421,-4.754711,-1.3429909,-8.172323
8,train_images/e135d7ba9a0e.png,bb273ecc34c5479ba09ab2899b2c4495afecb09b3325e86facf684a9d0a22865,8,0,0,12.223816,4.020892,-1.1515999,-10.151529,-4.7386436
13,train_images/9f1efb799b7b.png,085e34d28dda6b7a5a465ed95d8ec85304961699b69a4f9a7ed8b92bffda19b5,13,2,2,-3.8571434,1.2144852,5.0388126,-2.0873756,-0.9297352
14,train_images/d803598dabda.png,714a5d9ad4586773f0bf6d01dface05c76e31b23f45177beaa3dcb92b4b50179,14,4,2,-6.782543,-1.6457915,4.711792,-0.4555092,3.3993397
20,train_images/f451eee2b66b.png,5612000ca8235774433fbbba2a32024ea7e9267201662c7cc1a45a414a8a5859,20,0,0,11.279345,4.171893,-1.5945377,-7.110386,-6.577112
26,train_images/b65ff67743b2.png,edcf07d84a6df09f23f5d4a164f53457665ebe5ad56a2bdc9d8d074168bfd73e,26,2,2,-6.160618,1.9350681,4.9966717,-1.8050003,0.2585163
30,train_images/f999c6921e6d.png,2eb337deea81afaa5ac49ef8e879c25c6fe7be6ebc40b923e841f382b319a3c8,30,2,2,-7.515606,-0.36875916,2.8791409,2.4770508,1.7151775
38,train_images/9a159d4674cd.png,2307a0e91b3f5c50ee711a4b3b5a1dbdd4c49aea46e03f0dbe0ba4d5caaeeb49,38,0,0,13.527487,2.2598186,-2.7528877,-3.5264359,-9.262165
44,train_images/0c43c79e8cfb.png,d49ee27de2d838256ef2399cddfe330e4b4f384472f60d7f9976a95aa5e5e191,44,0,0,11.015095,0.26443195,0.88303566,-7.8033104,-4.1981716
50,train_images/50ddd7d976df.png,7d0c82e6ce84804b07c02c6b5826b3cc57773248cdcae56d8ddecb8b5de01eed,50,0,0,10.1202965,2.8743982,-0.44268227,-5.3644085,-7.0123005
55,train_images/e4d3d437b0a8.png,41c3f3334ef7a846a4ecf662ef40ea5022d0f3d4791931f04484bc25b417dd59,55,0,0,10.862902,5.4677277,-0.63404655,-10.448278,-5.074789
59,train_images/d16e59a2b33a.png,531df0e7203968d9caf07614d3f4928a734b9750477745aaf08f93db203c3efc,59,0,0,13.979691,4.0288286,-1.5792999,-8.623327,-7.507078
64,train_images/4c129470cec4.png,d6c5336b8aef49550270655ae4dc960226592c6a726ee42aa75930fad35e21bc,64,1,1,0.56235504,10.342813,4.0525227,-9.276945,-5.9680443
67,train_images/cd941e5bc659.png,d29bd9c33f30f9cc4f39a73085e020b150cf03410fb5f12d3fd845252fd2ec08,67,0,0,10.237389,2.8026805,-0.7622185,-7.168295,-5.025614
70,train_images/278aa860dffd.png,6a20c25aab24f0b886ad537fcf5bb9d558434fce0f27c7b8ebd149fd5dcccc00,70,1,1,5.5024376,7.726639,-1.7530632,-9.0439415,-2.4584732
74,train_images/4982378d72f9.png,9a52198b23a9a88eb7286c456551f1cef3290891538545420b2d875eadbae6ec,74,0,0,13.667242,1.6444259,-4.2926407,-1.1118221,-9.646471
79,train_images/996f9bba4ef0.png,35cb1db591b5dc4f3cace184ac27dfa90652f7ad178d2b18ee5147adc7ab5e2a,79,0,0,11.214018,4.911113,-1.0365028,-8.2147255,-6.7144737
84,train_images/b43440c6ebe4.png,f49e1c3e10573224f8e98b931fe321414afcf39a4247169c63f649051303aad5,84,0,0,8.316685,5.367258,-0.25232124,-8.289228,-5.01371
94,train_images/8a3eb86ae4bd.png,f1fb9d74ed6be17c050b73eef603a14c95c9904a11cd70032bb01278f9ae1fd1,94,0,0,12.272999,1.8187504,-4.111635,-1.0234566,-8.758219
97,train_images/a3ad6c2db6f1.png,1692b3478b04b0a2a8b31e825574748f96afa952c0c9612536450028bccf02ed,97,1,1,-4.5191116,2.5963979,2.100523,-1.4575882,0.6193619
104,train_images/0fd16b64697e.png,543f9d2ea4d5fdd9234cf8ef0b7f6b3374113f797e43217b9c6c12a5ad2a2276,104,2,3,-9.99498,-4.942799,2.5471287,7.0377083,4.355665
105,train_images/8d3d67661620.png,c6488b9dd6b0c0891dcf85c042d907d6f7784c1271b1172729d0ff4b58768a99,105,2,2,-5.1952705,3.1315556,4.8869896,-2.4421597,-1.0693398
108,train_images/42b9c1977681.png,85cbc2b295f0793346f7940a853a7a7d41b2f35f989f85eed5ddaa6f9c38910c,108,0,0,11.75705,3.863124,0.005727768,-8.589878,-6.8568
117,train_images/0104b032c141.png,09e726df8a773dd4aa1d075909a49216d3fa656858e06e33d29768ddbe182b2f,117,3,3,-6.875721,-1.8186033,1.8257961,4.9396477,1.0798779
124,train_images/af831c158744.png,db9bea8732101229d29dfbdc467fa4bf344e82321698c726c70246ed0d72badc,124,2,2,-3.039444,1.9173365,3.3125076,-2.6266575,-0.1238327
130,train_images/af5a0bc4e1fa.png,57619e2a6362d873cc9d34cf5d369ca0addfef3886632c32417c15131dbf59a8,130,0,0,8.199947,1.2420602,0.5962696,-6.2500343,-3.764061
132,train_images/7f6690fa390a.png,f9bea23242f11de3bf864c27229ffc5ca4610cb2103c78154b187a76867b1987,132,0,0,11.5738945,1.4296474,-2.8596687,-2.3598862,-7.6337147
134,train_images/2cfe8703f265.png,e3ae9eb9ada3183a10d87e312a28658446131f2530987cc87ed5d92a19eacda4,134,0,0,8.346302,3.917223,0.65483475,-8.04076,-4.8284492
141,train_images/8d62ba9cb22a.png,1c67ca1669b23d5c60bf2dd67e0138a0007ba572144323295784ef141ef0db70,141,2,2,-1.9910927,0.983387,4.182827,-0.9978447,-2.689827
144,train_images/2fefb720869a.png,4e7156e7c988429d220fa796edf42796dd2b2772051c2245aaa21b6909c07da6,144,0,0,10.03693,1.8017683,-1.4388752,-1.5109596,-8.832029
151,train_images/90c982cc2d96.png,dde1f101244621e90086afa6870992e37a0927ec3eeff69642fa2bf43fd2f3f6,151,1,1,4.381668,8.710287,3.1481762,-9.985714,-6.362007
154,train_images/85f99e7e4052.png,bd2d475379c285391f022698dfafe2291c23896275b37328756b2e3d7fef1997,154,0,0,9.378792,3.0837336,-0.8915863,-4.377743,-7.061325
159,train_images/ef247f28004f.png,443be537fa9a32414cec055bbffe02926bfaa713ce5f1b676eab807cb9e11dd0,159,0,0,10.8559265,2.855176,-3.7933865,-1.3199806,-8.452633
163,train_images/06b71823f9cd.png,de54e0366c1d4108866efaf0267c31286a6b35f034fa51e11bce95e8e2c70594,163,1,4,-8.114746,-9.120274,-0.3586216,3.9975128,12.568163
169,train_images/878a3a097436.png,425e5147068fa0a024b1f7839a2901219163d58792b3e1a969cec84107002513,169,2,2,-1.5704803,4.490263,5.947996,-7.5654755,-1.7563686
174,train_images/e52ed5c29c5e.png,57f047963e6b4f4c543faaf56b28803dfb340f5f6175d6a1d849b93e95abe880,174,3,2,-8.631271,-1.5553994,6.0872936,0.82460403,2.3497448
181,train_images/f72ef9ceeaa8.png,75aac496a24a7111f4375d813f2e7ce00403e00e686a23b496505cea129064bc,181,1,1,5.402481,5.4275913,-1.0520706,-6.038889,-3.7237644
187,train_images/d28bd830c171.png,75eae664fb3461018dfeb579b39c4dd86e139982d92a880312a1080c5fd07860,187,2,2,-1.6745148,2.6183362,3.9305038,-4.5456066,-0.86107826
189,train_images/cd01f4f83336.png,9207d5a1a869f97f6a4bec9eba5d196b72c0ffd6adbc490393aaf777abb3a7ed,189,0,0,13.060692,1.9385118,-3.963747,-1.6666241,-9.143196
191,train_images/5188a8afa879.png,566708d20a06fea883bbcef9531dad1417b003ff60a8685e4be7a54bdfc17c82,191,2,2,-4.3715515,4.080015,5.7297077,-4.758774,-1.3269424
199,train_images/905cc86bf100.png,ac2c1a9d33ef151a81c3db4ff9df215a87374cbf8b280dc5c490b5b78ce6d455,199,4,2,-8.091446,-3.0276093,4.0170364,2.3605118,3.793726
200,train_images/7d37a2939f12.png,be8bece0a0a0f6a9478d04d9e107e0992dbe3d328742093ac290a60b234187a8,200,2,2,-7.7030373,-0.083331585,7.3810787,-2.1223297,1.7019367
202,train_images/4f60129e9a5b.png,879b3522b9a7d785cd55326011776c7f46e41d45d371fa997ed1ac186ae31c67,202,2,2,-10.289967,1.4469905,8.611631,-2.3473148,1.5607624
207,train_images/8676427e4625.png,5be734218b332ab8ed186cda441e1050e89de4bd7e9efe874a42c56a81ede574,207,1,1,-5.027546,6.39913,4.371664,-5.3133984,-1.077795
213,train_images/6181aa9f75f4.png,0ecfd3ca86af6f8510be48b808b2e1b805e780719669a18953a5330122dfdc6a,213,3,3,-10.28862,-3.393755,4.530794,6.6340485,1.526083
218,train_images/49d69c4c6290.png,b644d1b5839bb58e0905ff6dca7ee45ed9cf8ee4579f76cc3cbc00bc5dd1e32c,218,2,3,-8.563309,-1.4937272,4.2124157,5.0291634,-0.07904816
226,train_images/d6283ded6aea.png,94c13693b2204616d83c59d0da63c262b8e6bf70226f3930fb9f81c97162e050,226,2,4,-10.177113,-7.267831,5.6794796,4.450634,6.2014675
229,train_images/38b9bb961847.png,0e2b9cf5812cac0c310755b83ba850addce65500c4670f130b2efbf6711324ec,229,1,2,-2.3933945,4.3389874,4.874794,-5.8090916,-1.5398254
238,train_images/405b4f78658f.png,ea3392f28084460066f53f0e03bdd40b16c03fdf1c5c6f6618391960400a44b5,238,3,4,-5.2622223,-5.483189,-0.8220043,2.627945,8.083982
241,train_images/dfc7ec7db0e0.png,bf3c090eff7fbefba433be527a806801e8d3e6b1ecd51e13a4492a0104b1095a,241,0,0,9.571621,4.108739,-0.46424675,-8.05706,-5.0636673
248,train_images/495106ae3b68.png,8081dd0b483c569bf27fab9a0e802d59c3b93b81f4bf5b21744f018ce94bc17b,248,0,0,8.657253,0.954195,-0.53064156,-5.389471,-3.69808
249,train_images/3908b3cfd620.png,eecfb4385e914786be8625ee9c9980e72a4ff135efda87d02ac95d5035589b91,249,0,0,11.150824,3.9484606,-0.5979595,-8.8006935,-5.544817
254,train_images/72595230840c.png,ed1cfee3728b6045d28acd761bf72597402002383fce2c62e60796d1febc0407,254,3,3,-11.019737,-8.595997,1.2750454,10.806282,6.409788
260,train_images/389552047476.png,764f7b8fe9de48e3d7a1a01e278c1f0e1e800e3b76ccba8191c11b4240a90948,260,0,0,7.421009,2.043674,0.54216194,-5.3619957,-4.677761
265,train_images/c26f98f58350.png,0853462caf66aa9a11cb49bbd6473f6e7b235bdf5315f393052cc93549096e4f,265,0,0,9.693169,1.733201,-2.5244389,-1.217905,-7.6448364
266,train_images/8bdb891661a8.png,a78a2833f8cd4d50bd69d5dc522893a34b1e12b12f55476eea097e9458feb468,266,2,2,1.549839,3.0802803,4.66049,-5.6421413,-3.9954872
270,train_images/bb752b179751.png,79f3c3af3743841f4cfa49a076ff412021f0fa695b37f2038663531e088ac985,270,0,0,11.74357,3.835743,0.48711395,-9.106083,-6.757082
276,train_images/f7edc074f06b.png,4cef06bd08181d80dd09827729f791f0a6ba5aafb1c962b168325e4747fa9d03,276,2,2,-7.0153694,-2.5430408,5.7860794,2.4512024,0.5420704
284,train_images/ac17cc18a994.png,6a666a67c2bd0d0d1b40676260c5cf910b93591180928a6a8cf44cb0eaf33e3d,284,0,0,8.828453,3.6537733,0.10606384,-8.182541,-4.34787
289,train_images/650104ede84c.png,c403c8a411463891151c9dfead0130f604bc13add652efb462670ddae67d10be,289,0,0,12.173317,4.5619974,-0.5925312,-10.594444,-5.356903
291,train_images/98d41bce73a8.png,b78ae5ba68fca9cec3ad7bdd2158da5ee8a8346c4e9525f17df7ed3dfe0cbe64,291,0,0,9.403191,2.3376713,-1.4243488,-1.1374874,-9.172573
293,train_images/6e0f78e188ff.png,d0a6b2ce4707184b034689f4d1c90c3c70ef43146b46c51b226830f9b2828b4a,293,0,0,11.002251,4.2399473,-0.19815254,-8.932169,-5.8837204
298,train_images/f762c272c522.png,cf8cb4a50ec059a39995b60f4f70b25be0e5c132ea30f2d6587dbc5e14bc3ef7,298,1,2,-7.3207664,1.7117558,6.9774303,-2.7001266,0.57559013
306,train_images/885fa5fc5da8.png,da5e9814074b4611c3918fcdf03c71997fdae71175c7c59c8534f8412908f42a,306,0,0,8.813,2.480535,-0.68276215,-6.9650764,-3.5902348
310,train_images/b90bc89ce8d8.png,da1d0ff3e76dacf7f3429b1e2bcefa985ab21e27f50fea1e5ecd67bbff32f7a6,310,4,4,-5.4648895,-6.2453775,1.4063988,2.3053207,7.151354
318,train_images/362c4a96cebb.png,298b42ed3e92d6fc2545c404d0e914d799136b9ee04f484fd5ff3508c27b0d07,318,2,2,-7.1053505,3.5472317,4.3801746,-0.72156525,-0.8558197
326,train_images/b6a0e348a01e.png,bf8c26a1da5d16da9273c19cbe5508137c334f933d3c7c1f2abedf0b87c45539,326,1,1,-2.529789,6.6823673,4.656868,-4.67342,-4.630865
327,train_images/18621b9ca978.png,1a962e378e376ef5a483b0e1c2498adc74daf998c1a68302c4b0c5e830b8bdbb,327,0,0,4.9396744,2.5101104,0.49783516,-3.9728317,-4.097801
336,train_images/c8823cdaf7fa.png,306df8dc5fef50bf6b5c48b4103b380176d8a43ffe43ba4d16cfa62ab9f9382f,336,2,2,-6.1613884,0.07523966,5.8803005,-1.9853992,1.4596081
340,train_images/ff77e8e5b5f3.png,2842411a873148351d2ac19434b0c6c7008514f5e1eaeafbfd0558a70bff747a,340,2,1,0.7865143,7.2854147,2.7540703,-7.862602,-3.3146992
345,train_images/1f5496352859.png,086b47a5f2f28936db7ca314ae47895861ae8cdc216bdf18f4ce9335c15c4891,345,0,0,12.474039,0.6703911,-2.0872288,-2.466217,-8.429321
347,train_images/da9fe02dead3.png,ef1ffafb30740c1bc0bdad797f07b14c99804a6167e4c54cfc5346a63f92a797,347,0,0,10.885036,2.5355568,-0.46608543,-7.0149918,-5.7812386
357,train_images/37c523296d42.png,df5ce267942132db5e533e68c06b79567cfbc7b2ffe71e42118ed4ce26556f68,357,0,0,10.8681965,4.519103,-0.8525295,-7.582199,-6.7931213
365,train_images/0790515cf5af.png,984725cc8b48dc90e931cc485f41c65d0b553807d0368dac38e45ae27faab380,365,0,0,6.9064026,2.4351525,2.3124943,-7.663767,-4.080761
369,train_images/c9ea9d5eab65.png,92a1fc4c05c40767e6e83fcbef444b95be9e63907eaada43a6e7f06fef9d3dd5,369,3,2,-4.570389,3.350894,4.1429367,-2.714819,-0.8862362
371,train_images/fbfa925506f6.png,a5bd25421f252cd007b334092a471cd4ad0a56122b3c7cb778d3d41e3d0e1672,371,0,0,13.585764,1.6091905,-2.9736385,-2.2573051,-9.709181
377,train_images/81914ceb4e74.png,b56a5dc50eca9ad57b7b87189b9cce7a2a6d473220894742e69ae293c12bbe04,377,0,0,8.919628,4.5327663,-0.39035797,-8.411594,-4.5840855
380,train_images/8ff2733f6aef.png,91eab1ba774beba7ace53ac4ab52e3665f0b7c02b6f606dc71893527a027323d,380,2,2,-5.4162674,0.76738405,5.844988,-2.979351,1.0408459
385,train_images/7ef5ff774a48.png,53a2bcfc64d0930c90907497762f9506c3391ac964cf999a7f2b79fc9868748d,385,1,0,6.502262,6.104308,0.44629097,-8.65027,-4.418518
393,train_images/b033ab4fb723.png,1a40f0b60767d5f58ade69b87b37de1d5447df72e33c56f57e5dc7fef01e0774,393,2,2,-7.6283875,1.4194174,5.197647,-0.71276855,0.8803692
399,train_images/5eb311bcb5f9.png,56d3ec0418028c54bc200bb083f8a8b274550a95931877fb36b6c1033e531bc8,399,2,3,-7.998455,-4.784687,4.8888454,5.51598,1.4713993
405,train_images/658ad9f09f5d.png,a51ddaa012fa0616de1f239bb98ec37b1ff5ddf6fab1fc0b6d00d62ad8d42021,405,0,0,11.922068,2.138001,-4.099348,-1.3697395,-8.402624
407,train_images/52ae917fcea4.png,bb50a3e5f7db9c953aa73a7bf2281a877c03e4e4f64187e7fefcce3b48b20f82,407,1,2,-4.7828674,1.909893,3.9225826,1.1952248,-2.907856
414,train_images/0ef4c61dc056.png,3724387b20c9c4c6c3866e50e93d7e8fa0ffb9ac69e40b337ce597de6a7c50b4,414,0,0,12.540808,4.532358,-0.9737129,-10.105667,-5.744936
417,train_images/1dfe599d12a9.png,d2f21d8746b73adbe8c4dbd551e56f1bd8ebcd35a4c579ca19af48883bcb518a,417,0,0,12.560442,1.5968328,-2.921688,-1.5500832,-9.503925
426,train_images/8ee50c26fc13.png,a4d5ee398b0e179dbe2d833a0743d4e0ec793d584969a1ac97306884221c7629,426,0,0,12.747131,1.6514263,-2.0968666,-2.6166267,-9.47489
428,train_images/19e350c7c83c.png,cd834e9d9e273765341d800ec2865100caac308e80d9f16c66e4f57892b2ca71,428,1,1,1.2397156,7.1346464,1.228939,-5.832691,-4.113041
435,train_images/3f6c627e2ff2.png,0cc73b566467b7326a9a68fb1e95f9631cccf2398f5f89c1f2732f86f019711e,435,0,0,9.757545,3.0569263,-0.32198143,-7.9843082,-4.445717
441,train_images/f6d760566a51.png,0c666ba6eb05c358ff26cc1503c1c87db61b9e850511647d23dea278951c3a38,441,0,0,9.933983,2.9921184,0.27280235,-8.011675,-5.0996304
449,train_images/599498e9e4bc.png,f4da283260019583f7487e9fde10408b82f0c70992eb4b1fb108099aa42e234d,449,0,0,9.896942,2.0780787,-2.5286083,-1.5878677,-7.796562
451,train_images/5f6db235c04d.png,feb4aa5a5dd35f23d1be36886a9831bd71e692bd19c5003f36d229d6b909e9af,451,0,0,9.980713,3.2670908,-2.8923664,-5.299389,-4.955141
455,train_images/d27ac9e54901.png,370c48cbc50a5c2f8790fbfb5d8a4c4af3eaf86bc3f74a4833f29d1acc279512,455,0,0,9.918846,3.8292837,-0.7235813,-8.566977,-4.3474846
457,train_images/ddb222ff7c1d.png,8f7f1a72cdf931a9696b20647ffad600596e5f74769ebd42df2d04e49ba14d1f,457,0,0,13.041677,3.1363611,-3.7698612,-2.0455246,-10.13168
463,train_images/fe3b0e50be78.png,d290ad88bb825273f6ae0143991669a47a5d1a1f94be314621c213a4aa355bd3,463,0,0,10.6838455,4.357257,-2.1677856,-6.2619934,-6.421774
472,train_images/5eb8fb1aad41.png,d09ae6cdb4be2b56a94c809df7265ffc5367714e428d2bb584457b03d58447ee,472,0,0,12.738522,4.010499,-0.4462433,-10.414694,-5.6455097
474,train_images/25b4080f598b.png,c586ec73951d888749a642d21acde025ed469e84e6e0238326938f3ac19cdb43,474,0,0,12.84967,0.19806147,-4.159752,-0.3972435,-8.306139
477,train_images/73ba798fee25.png,dd9d5b969ee982779f2b27811ae2a28244345f34cab2cf6d970c506fbf4ea85f,477,0,0,11.818558,3.3716936,-2.092245,-5.8377705,-7.0843983
485,train_images/0e43c8298fc0.png,97b10f83df405f7534906f862ad0f46aada78bf359663a6134a9749a63d6f2cd,485,0,0,12.723793,0.96448326,-1.2737217,-2.658205,-9.595612
491,train_images/abf09c44d5f4.png,9055ae48f4aa3fa66004d3eae4a191286b979980fe873c06b6faf27b44c37615,491,2,2,-4.8535614,2.6948056,7.515196,-3.5205326,-2.5122604
495,train_images/cf0575534cec.png,82835e0940a955eb81b6e3b681a5eb867c118032267bb6d6dff0789eb67a753d,495,1,2,-1.8170891,4.4734955,6.005966,-5.8567753,-3.264059
506,train_images/2b88cb6e31cd.png,9301dc238c2fb0eae0ac6ef041b009954c995f7a3b9fb9533d2c3289f8099608,506,2,2,-4.601959,1.2384071,5.870638,-3.204237,0.020898819
509,train_images/302bcdb635ff.png,7917c559f64e98cd748ccbbf4fca921ad06f42ca9975a843ab36e399deb1204a,509,2,2,-3.2987404,2.902977,4.385893,-2.7339497,-1.7944489
510,train_images/8596a24a14bd.png,0f46e66e860b0614e48fdff26733a746c552f5cf399add99dba199855316def3,510,4,3,-10.897995,-4.8919563,3.2044792,8.797188,2.7127743
515,train_images/929cd3867815.png,07e2da1fba9b6ae380efd9862f619cf36659a339a01f936d0d602cb5a2f96725,515,2,2,1.6630363,1.2758417,3.2611256,-2.726305,-3.7706642
519,train_images/ec57cc20d776.png,e3724051a416d067fb05b70268d05a4b199673cb16f09f19a3eabcf10e1e7359,519,0,0,13.89625,2.1798067,-4.941517,-2.2779083,-8.603796
528,train_images/51405d042000.png,7bf8384cbbbe7d41590dfc23f6cd6be8cfc8882dfe47f4fb973e9f112305b9a7,528,2,2,-7.9738693,-2.9772263,5.4024887,-0.01757431,4.655161
533,train_images/15cc2aef772a.png,bebe6e4831cf16a27d90dacc7216569a5e823c7ac371e87c6871383040bc4795,533,1,1,-2.192749,6.0763407,2.953455,-4.998247,-2.3428707
542,train_images/a8e88d4891c4.png,794f16cb396213fba7aeb65cda607d7a8545c0ab695df0a9f4337888cf347636,542,3,4,-9.494907,-4.612668,3.9575825,4.239834,4.9671917
543,train_images/be6cbf6e5b10.png,585c3fcd506441bb63c5ed86efa72eda81010f08827907b353171d5c7582b0af,543,0,0,12.19767,1.8137703,-4.208992,-0.14691162,-9.485491
548,train_images/7b211d8bd249.png,a917b50c2a377375487683416e0d5438e9e05d49e2afb129a14bf76f454c3ba0,548,4,4,-6.766369,-3.7295191,-1.284893,-1.1887951,12.194017
551,train_images/12e6e66c80a7.png,b7c419288f2270ca41a7fb87f0471469f115d0b53da4ddcdfca118f277e0fc07,551,2,2,-4.0527725,2.378533,4.224928,-1.7291718,-1.4558258
558,train_images/8b8fe3fc8950.png,782bb97c6c1482b1e12754864b10c1bb8c7006da1dd0822fb62bad9dcc7ed8aa,558,0,0,5.836643,4.063199,-0.54138374,-5.0354576,-4.3829994
564,train_images/c67117c6ab3b.png,f097351f2f4208da04cde240eef2f4ab7c02e1305b5b2668c53ce3c8b3ae1531,564,3,3,-8.687386,-5.5038943,-0.44047737,6.97097,6.672888
569,train_images/3bf2deaa5ef0.png,69bf7cb03fb302801b90a39e435d850666a3758804aff791f9718bbf13e88a80,569,0,0,11.480711,4.143051,-1.487196,-8.13526,-5.810671
576,train_images/207a580de0ea.png,8ab22a18047a633ce18304965765173c0dd0308f8b4228e94ffd46a0b2f98424,576,2,1,-4.8830757,6.1557837,4.789034,-5.136801,-1.5508575
579,train_images/eb6b1f1c09db.png,41442567b90b288686f1e063092eee8b8c40df4056785665c919bb3f0d6aca83,579,0,1,1.9973831,4.520442,2.7887726,-6.3292007,-3.289486
586,train_images/da6bbb76d562.png,c313d39f8346414a047a95b25a006c58b5892b8fb7e2c686b88e7422e0e5c018,586,0,0,10.245792,6.032794,-0.9554119,-9.092186,-6.0475464
590,train_images/1cb814ed6332.png,55623f64fa2881a1b80c321f710de228ade68e0d194b73918ad10639b0246257,590,2,1,-2.697754,4.037549,3.7723522,-7.353327,1.7512951
592,train_images/c24bcf7a1bc4.png,72155fa1fed156c98ecfe0fde1d66b4d125b7be2fc97fb7cd5355d6b575c2c76,592,0,0,12.048225,3.2463703,-2.1854496,-6.7997036,-6.1251926
597,train_images/331b87d1b9d1.png,4c2fd33efc321208823da6eda1a4f6a5db7975a91430bba503469b74142146a6,597,2,2,-7.3803787,2.982954,3.913641,-1.2364159,0.8827934
602,train_images/fa9bece586fc.png,1c84ce0052e040a2b25d2aee9df3b89560d2c576a792105a3510994424ffe6eb,602,0,0,5.694706,0.7525525,1.3042469,-3.7842255,-4.054722
604,train_images/67c03349bb31.png,c7af6bd1ec39c583a3036eeb1631b6fab76331c4b1a726e382b76395e9b54fcb,604,2,2,-5.7976875,-1.4577346,4.2076397,-1.3899593,3.638094
613,train_images/7116128c65ab.png,05bde987e8d05ff01edee196a2b526621549bb8d3220e3bd9627327a93982b67,613,1,1,-0.52835846,6.2630663,3.8189907,-7.305359,-2.6405697
616,train_images/e1dc02a3dc2a.png,7aa488151021ceb8940b77903dfd1dd441b27999e08bebfc0808ae3952fe9785,616,0,0,12.686918,4.251482,-1.9610405,-8.537113,-6.1883717
622,train_images/9837048b85dc.png,0d321ac07d8175e49eab3bb6acbb363abd6ffa0a92ef9672c75cddbb20d72455,622,2,2,-4.192936,1.6151905,5.8282814,-3.68997,-0.18868256
631,train_images/44f7f3ef9d50.png,da436e5e1c86bc7c6f99e3075297f9d9c7731ba20f0dbac30f4e0004398a0dc4,631,0,0,6.0015984,4.8206606,-0.7600517,-6.7253113,-3.3387985
633,train_images/4dd5d5ccddcf.png,d9a707989b6df7277416275eacdc861b0ca07a9e9184ae38ca9e7a3f57452e1b,633,1,1,0.4386673,9.164828,1.763588,-7.8198414,-3.8698597
640,train_images/a8854768549f.png,ce9fc59fd2c87524199454dd706d76d213084279bcd4971bec667ed447214372,640,0,0,13.100042,0.66935635,-3.7906628,-0.058006287,-9.69788
649,train_images/3b185ac445d0.png,777a5d0e63299299493a645151b70fc6880801437a2e54144724106ef4e6d668,649,4,4,-6.352131,-2.4287286,1.3045826,-1.2729301,7.9298954
656,train_images/0c7e82daf5a0.png,fce068e3b2fea80143b55a4f4253b3bb0ee887d1f84ba67ef2abb48420437e99,656,2,2,-6.264267,-0.87555885,3.8925533,0.1376152,2.391138
659,train_images/2463bb04ebc3.png,851d4e49bd424badb03d2ec40d19f332e42754f5d6b687c4e4797386c4b520d2,659,2,2,-5.744438,1.4741979,8.060312,-4.606989,0.05510521
661,train_images/2b48daf24be0.png,9742ecbb749ffa977f87ae7290f8cedf971e7d0fd7aeddc65872b468f13efa2c,661,3,3,-8.979599,-2.5368712,4.2517605,4.388733,1.9107685
670,train_images/77b7b71ebcc3.png,a9fcee66613c28b6baba7d56ed44afa40a7bad1e5c5d28a7405c90273aa7955d,670,0,0,11.980545,2.7591805,-0.16467476,-8.366028,-6.0197315
674,train_images/1ae8c165fd53.png,654cb0c461256518d5c5f205d9bc3235e641b01afc35f685127eb56ea80acf23,674,2,2,-3.5633812,5.7429533,5.8795986,-7.1657352,-1.460371
681,train_images/5bda2ed09e62.png,f42fdc28a12c29a9983866a144942db216bdf497899e60c95f208459b98af655,681,4,4,-4.782757,-3.4299202,0.8304348,3.0792809,3.5903301
684,train_images/d5c63a8d9e94.png,a53fed97481d27220ef6dccfc6f08439376e3138e79f0b53d9f0615ef77e05eb,684,0,0,9.3419075,3.2594032,0.70713615,-9.335369,-3.9206963
685,train_images/bb85097857fa.png,2ddbcb40f4842e8ff57cdf65f21ebd17db821151f6f876e585d809064bbb0326,685,0,0,13.463873,0.69765663,-2.594967,-3.0204697,-8.332699
690,train_images/84b88e8d3bca.png,f237a65aebad1d95dc9f81d77b0c5377268ec539993401d8d149d45b26335798,690,0,0,9.911396,2.8815107,-0.7330971,-6.346216,-5.622986
695,train_images/b09101adb478.png,382054f8f097de7c7d2c84d9fa1911fd43804bfbc297ea17f81673d40a28f968,695,0,0,9.668133,2.1216726,0.32922554,-7.122635,-4.9345303
701,train_images/2fdffb6160a6.png,325b395e7540e24f10ae1a0b149e9b8cd8573d51bc34b79b534436d269295243,701,2,1,-3.3727913,6.474819,2.5807896,-4.2328377,-1.9720097
704,train_images/77baa08a1345.png,99bbecc2e026ba99886f58e17d9f32d6e1ee086e48f1a26b69fbde727eab4933,704,2,2,-4.9459953,-0.717206,6.4355183,-3.299902,1.8562565
711,train_images/0f882877bf13.png,852ed341d5745a84de92f82f9778494b2e2e0a9802cf84efb6b091e78bc74390,711,3,3,-9.619091,-2.818539,4.390564,6.994606,0.116601944
718,train_images/ab653b8554c0.png,1a295787a91b288a704a7784774e67d10d34fec87f011a30ba2d9d0f2982df3b,718,0,0,10.464228,4.032937,-1.7691593,-7.7216263,-4.88303
724,train_images/184a185e7447.png,3f978c752834ca6913d3764969430e04680d18c3d647c285380cf1d3a58c3efb,724,0,0,8.902946,2.8574452,-1.357626,-5.117214,-5.2212715
729,train_images/22098b1fe461.png,3a2129a6f2fd97f6b70044e2b438c765717ddbb9c643325404abfbd92cbc7d1a,729,1,1,2.6137886,7.420006,-1.1902027,-1.1436253,-7.92021
734,train_images/2a93334f663a.png,dfa7061afc9c68e6f3844d02f987a6cd9328eeb4d3909de74df177dc1c42225e,734,0,0,10.426235,2.6673222,-0.5684757,-7.0238285,-5.368332
736,train_images/d2cd47ed2c1d.png,9b775a6c4ad010eb1e39e5d47afa0df2efbb6360c3aee1c044d90f5d6ae9bbfb,736,0,0,11.9855385,1.9232812,-3.241167,-1.3355827,-9.15325
739,train_images/79be2ff796bf.png,11ed9f43ee17e864b59d4c815184b74de131d2dcbda4d65943988f028f2f16b4,739,2,2,-9.196079,-3.7347164,6.675514,4.394081,0.91243553
745,train_images/df5ce3ea7820.png,c75a5a3bbecf1ad594944f2f2b7d0643944eaf3a9433feb63302070933e4d255,745,2,2,-6.868004,1.3628526,7.3471813,-5.067398,2.4599056
755,train_images/d035c2bd9104.png,7c93df594d7b2d4e92147df6641f31914938f452300de18a9afea163c6d4c74c,755,3,3,-8.269257,-7.8391128,2.8912144,6.274826,5.9753704
757,train_images/24f3e70f0419.png,52931e89b0130296d8c04212c861feaa151d579f6a31d070eb11db74dc3071ec,757,0,0,9.671555,2.6792655,1.4575157,-6.8754272,-6.835518
764,train_images/bdff5d8bddf8.png,4090bb2a0e897d36f4882531d8a787c6106975faafa30e53d3d267736811be30,764,4,2,-8.362152,-3.3412867,5.034605,1.9639244,3.7451267
768,train_images/2d7666b8884f.png,0b7ccb64821a2281819c2ee3b6c25220dccfe369d1b6daccc658befb925323a5,768,1,1,-2.02219,6.756111,1.5570526,-5.016445,-1.6840916
775,train_images/44a4d04162cc.png,164e92ff3c51c0afaa02c5b75579bf86b15d5590c5809654ab286e39f00907b5,775,0,0,11.070831,5.1070786,-0.6085434,-10.614452,-4.763424
779,train_images/851e40a21f81.png,c4f2b1f2c41f4415745f77385b62d399ea7c18c1cf4d554873fd491841b02d98,779,0,0,7.657009,1.7064223,1.1719589,-7.541462,-3.0587158
783,train_images/46f56c38051f.png,d54c3244eb7cd79ba1878c13e48b05b0b07d5c7b654f3eff81ab19b55e290cb8,783,2,2,-6.659809,-1.0915117,4.6348095,-0.6445236,2.9865856
786,train_images/dbb2c63f6f08.png,6d6f2c8cfe840da57f5a42f195755624e6cd25573d1b2345a788965a2d4864f5,786,3,3,-8.177742,-4.8970275,4.0335064,8.24588,-0.15782547
789,train_images/77e7c7a160c8.png,af34272dfcf77b94271e2b9008730e6ccd61b61078f5507a5b21da9c03eb582f,789,2,1,1.2003479,4.2877464,3.7262325,-6.987936,-2.5575619
795,train_images/4462fba1d2a1.png,f6678f7a4b6a45ad77d833a8be8189db3105aba277d52dc97f9074124d6cf3a5,795,4,2,-9.400391,-1.849355,5.8881397,2.2502518,2.1270046
801,train_images/2f5c9cdfb333.png,bf0342ea787727c689c00d2cda4f9c8836c38a886ed008a6c203f67049de9a13,801,2,2,-4.449585,0.34381866,3.4515762,0.46378326,-0.51841164
806,train_images/d2ffe9287dc7.png,adc6c8d8c1c87a456a5e4407f48cf189ca50d0d55e8b16d32ef544d68a9d3f86,806,3,3,-10.156769,-6.6438365,4.343796,7.5866776,3.8471165
811,train_images/e0313be77035.png,cd63bd5f2e7585ed02f5cea10bf0a3c36b7f9e57d72ddef3f770209872f46e21,811,0,0,11.364449,1.2422676,-2.7660694,-1.8310242,-7.8759613
816,train_images/5ad3dabeb2cd.png,99f243c5b4c49ba210045ba445e6ffe19d3815ff2eb3dd2c2669c8467d1ccab7,816,0,0,5.8871613,4.468976,0.8621712,-7.835182,-3.4810257
824,train_images/4464bb62bf20.png,e8aeae7cea3c54760b5d416895438da5256e00f139f633d127265de020091fe4,824,0,0,9.227234,3.413021,0.08241081,-7.840679,-4.7967396
828,train_images/1ca35d483772.png,2e0086fbdda027b3c595f2cfab4f6f457f00c3f1c39b2f61f479b899e5c1da6f,828,0,0,10.094765,2.271824,-1.1476955,-7.1180344,-4.0250225
831,train_images/af6166d57f13.png,d000b9247b1f8f85806bfea88dfa0bc940cf9b7ef86f7d4bc323cdc5a23270ee,831,0,0,11.237198,2.0323067,-3.108549,-0.76911926,-9.253967
838,train_images/aeb6f4fd2eed.png,65c509fb15d43974412e19481b9ccf1aa115f1e14ea2dc02b96a8ba345048781,838,0,0,13.633797,1.3527193,-3.632965,-2.781149,-8.316126
846,train_images/5d74f98d62be.png,18a2b860eab5f34da880313a8d4fea101e332eba2c1a4bf28468c4ab7555388f,846,4,4,-5.1065445,-3.4140272,2.9787655,0.08721924,4.617258
847,train_images/454a944eb557.png,506d55b34ed7be7b9238392a4f03d81fdfd3e36091cef24f51159a0d9bf1e2f7,847,0,0,13.4599285,2.036756,-3.262413,-2.7063084,-9.303093
854,train_images/77a1f1398fdb.png,41fb05e13ddfc2b1b35a4bc8f4088a325f8e8d4292250279c0e8b6e362cda393,854,0,0,12.916727,3.1555161,-2.616972,-5.5786915,-7.5963078
858,train_images/3402124408ea.png,2fc92c430b176078bd38793142b703fe75cbc881054e4ca798b9b8a886e244f3,858,2,2,-5.278805,2.1601233,3.0525208,-2.2867012,1.6688862
864,train_images/43823561c3f0.png,d457d01134f3f4acb1ae2c5acd95b6d6b9e9b148e7abeddee5a5787767edf8de,864,0,0,13.170189,0.7873435,-2.704731,-3.2068634,-7.8490124
868,train_images/6089fa333013.png,9684c16349800d93fdbca1f171a67f8591bbca9be3c19e86a7baa668fc7bb28b,868,3,2,-4.990471,-4.980745,4.753397,2.317772,2.160101
877,train_images/8a759f94613a.png,6999ab73db13c01367ae204b0f29c22e17c9e31033408ef149683186e207fec5,877,2,1,-1.5594978,2.988536,2.803337,-3.6210213,-1.0686245
880,train_images/a00b4cb250a7.png,193f5e8368d432737f172de26434a55afaec359542aac924fa7e1e58e30d964d,880,1,1,0.6184273,7.060011,2.4626293,-7.6787014,-2.8414135
886,train_images/04d029cfb612.png,00437560ef4961eee408098f184493471f3d94dd3d52d4a8dce4300325091ee8,886,2,2,0.020362854,4.356572,5.0569496,-5.857691,-3.984808
895,train_images/97d02a9b94f7.png,16871aa4f37d8d4663f924b8e5b0a952ff1791baac2a6af0cc70433ca23003e6,895,0,0,11.752426,4.3432207,-1.1776505,-9.381159,-5.3183346
897,train_images/badb5ff8d3c7.png,1c48ed154b6b7d7018810809fc62c9504f67b3791521f5dce5c083cc6b2f58bd,897,0,1,4.276371,8.176954,0.6252861,-9.245003,-3.9637241
899,train_images/a8e08e7fe016.png,28559bbed431c03cb96f7fc39362d4bfb2a0c598d34a25a8dd3a5224f93db8f4,899,2,2,-7.118725,-0.450315,4.4208584,2.7009583,-0.41850853
908,train_images/902dc5a91a3f.png,577f15c5160efa4749c45cd6ceb41b0d25938f208087e9f5b42b00fa537b39de,908,0,0,12.067516,5.372854,-1.3685875,-10.159763,-5.6846714
909,train_images/9d9bfefa809c.png,1dcd5179b770f6b8520566bd9aed940da25402e7de0fdf5bb66cc78004419c81,909,2,2,-3.8129692,3.519328,6.004114,-4.877701,-1.4199162
913,train_images/80b5697f2a5e.png,c436e7ef4b4227ffd5088a761c411d1cde5a1056f0495cf5e820bf6de109a8c8,913,0,0,10.612104,1.9981751,-0.5112362,-7.4042435,-4.57506
916,train_images/0cecc2864b7f.png,c8d1b2e3a53f8aeef2687055714c2599c0ab5a46507c4218a2bd485e7f239486,916,0,0,7.6648064,3.4012003,0.60440636,-6.83498,-4.804758
920,train_images/6bb30ec3231a.png,e4ad7f024804dd7d6eb885dbd5d04d0f1c25c09182c903a3ee24ef988967ac1c,920,0,0,11.192644,3.9016542,0.0134010315,-9.092962,-5.8612843
926,train_images/aa10a4b2e709.png,5dbd96c4c7098f9c10cd45060e85fa06bc4052f903fa8f02c6bdde7a7bb2293e,926,0,0,10.25322,3.2217436,0.9640064,-8.885681,-5.44553
931,train_images/aa9cfe639ef1.png,118a84ea13ba9da94650401ec58fc12a85221cc9e20cfc4b0e01358aaf143b07,931,2,2,-3.6701126,1.043457,4.8942966,-1.7223549,-1.1909428
939,train_images/a7b0d0c51731.png,55623f64fa2881a1b80c321f710de228ade68e0d194b73918ad10639b0246257,590,2,1,-2.697754,4.037549,3.7723522,-7.353327,1.7512951
941,train_images/0551676cc2aa.png,2093d82b7df10e69cff908bc84c628ddc1c3db1eee889ff57af0eb89b00c9ecf,941,0,0,10.010914,2.8403006,3.5670605,-9.449451,-6.7879086
945,train_images/53c874dbc594.png,9aa64a2bd8f7a8b90244d89923765a2197f5569b0af4107718ced31f0f316598,945,0,0,8.607819,-0.5920868,-1.1962585,-2.3184147,-4.519758
950,train_images/eed4afc8ec83.png,b5e26533bad8ad65985077a42babfb9efdf5cceb96bfa37a6a1fe8c886f19726,950,1,0,5.024723,4.4255342,2.087101,-6.8010063,-4.8680515
954,train_images/677f087cd697.png,7187e291d41c92302f1de84d35da8936b0c9c33553007eb9d465ddd5868c7f14,954,1,1,-1.4027901,7.5705576,1.9282475,-6.5791435,-1.9371853
963,train_images/d364423ec6f9.png,3d2fa5bd95e510f7d9426542553572436705b2d9f3ec681aeb1db38b767d9dc0,963,2,2,-6.901596,1.3139558,6.394144,-1.701477,0.094078064
965,train_images/c7e827fc7f41.png,d60668d4eafb51a7274bc1c4436653999bda165aaff0ac7cfc3a2dd6a53343c0,965,2,4,-4.0642357,0.29556036,0.4706478,0.7921562,1.7732639
971,train_images/4b618537d52f.png,fb068ba83aff355e355b10b4e063af1b1aa283b43fd5b1933f94e9741466a4ea,971,3,3,-9.207531,-3.268465,2.579874,5.499317,3.399683
979,train_images/b6fd109b1bc9.png,3cec8fff99d8f5c0e7124e56dbed6d6eb3f6e1e60d692d1332c823a259f33338,979,0,0,7.2394447,3.1774678,1.2348595,-8.452263,-3.1601677
982,train_images/e13412678eff.png,615dbb8e4d8dfa5f10616a8c5e0c8d869ff8c768b3852554e4965a4612bb4818,982,3,3,-7.524666,-3.4014122,2.358509,6.049885,1.6245327
987,train_images/fdbc252813b1.png,6dbe62d1ee6a805a54e6e4a84214e22d8730e8596fd8089e9098e3484f0f0250,987,0,0,12.6940155,1.2806764,-2.2257957,-1.4978657,-10.065151
990,train_images/904b03ad5594.png,9483e7015051e22baae5251eeb56040d4ebfda4e993487f5f67915974a135df3,990,0,0,10.266388,2.5974545,2.3033504,-7.6952457,-7.323744
995,train_images/fac399455195.png,dcd9d7df4f8f6e667bf078c7709b458aeaa662f9a199a85cc3708aca067aa64c,995,2,2,-7.4650726,0.58973265,6.902647,-2.1021614,1.259634
1004,train_images/aca88f566228.png,12a07df5bbe335d27c04b0e874d773c8e525d33e4a0e56dffa0bfa59d8172d46,1004,2,2,-5.0884056,0.5286503,6.6782722,-0.60438156,-2.2430687
1006,train_images/07929d32b5b3.png,e206091b8d767cef15c13cbb9ecf8b05bc9bbe9ea446c0ae3ab81de2e61e0188,1006,1,1,-5.413967,5.9743805,2.8141613,-2.112915,-1.855238
1012,train_images/033f2b43de6d.png,8e60cef58b0e2cd08ba2302c380e8d58b2ea20c95b939342446cfd5470af84eb,1012,2,2,-3.4304008,-2.1244602,7.2207375,-2.6936913,0.46417046
1016,train_images/331121c65e88.png,62d2a7dd4b8e26e1578c8c06090fe332d0cf8f56ff24f0cd39f98f1241bde920,1016,0,0,10.102188,0.5027361,-2.0240078,-1.0445557,-7.4715767
1023,train_images/3ffa14d60b24.png,5b263f3cac474f9563bbf84d71dc3283b3e73a307bb08d179f1175efc7c65c29,1023,2,2,-9.670227,-0.07871485,9.912473,-0.8900223,-0.25508118
1027,train_images/d6e26fe51dce.png,cdb73f570c76eedb7367df632dc3536c3c393ae50c9b589189499adcadbbedfb,1027,1,1,0.22361374,4.6807795,3.0178432,-5.211752,-3.0900974
1033,train_images/f580566e27f5.png,4fa9544b53b782ff0fde423a1c51f7f3f305c9121447fae4955f582d8a44e447,1033,0,0,9.240559,5.193551,-1.1473446,-7.343855,-5.838255
1040,train_images/d78b7401096f.png,2af03769dc9f9d515afad29bfa9d4ebbd12e30d04fa9571175475186920c7b9f,1040,0,0,6.973629,3.3929596,2.5911846,-7.4405537,-5.496847
1046,train_images/d774692d9919.png,a81b5c079a9d08cdb49be1ce1e962e6c2cd58d732ceb428fdebd689d0584080b,1046,0,0,11.083658,3.604639,-0.8502178,-8.228872,-5.423929
1048,train_images/4ef7144e24ff.png,0c0b490623672929be5942f45ba22dc067d806d23271a6e0dab4b7bc2b0a4268,1048,1,1,0.863369,8.081334,3.3303356,-8.506729,-4.107094
1052,train_images/959dc602febc.png,6a7d1411ca477ae49334f02d59376887d8c55f811463936b63fe2f4816646976,1052,2,2,-8.928654,-4.100118,4.3459854,4.1711655,3.4592419
1057,train_images/7a42443ed106.png,8aa1fd9fa55e3074a16afa94889c3b0b3c259496f4250b188009c638ca8482f1,1057,0,0,10.133495,3.1501217,0.5792618,-8.194708,-5.549427
1064,train_images/a88f68b0b114.png,27243104b004af81a507cd155b1e1acccc193fc34ffe8e5a3298a7bc1cd3ae51,1064,2,2,-4.912071,-2.9448457,5.872917,0.5611305,0.70570946
1068,train_images/001639a390f0.png,544414981a9dc8c063b864f8f7df0d0e46a0ae09b7fa171fabd65292947988b9,1068,4,4,-6.7174377,-5.4413276,2.3892727,0.15652084,8.745775
1074,train_images/d85a842d20bd.png,a824beee560c222ce2fce50ac37ceeee4bb3e2eef26fa79bdb2c68ae1dd6035f,1074,2,3,-8.975407,-8.614616,3.966711,6.566963,6.111082
1078,train_images/08f8838d69bb.png,cff11dee5ff5036b8a9657601ac73cb260059a5407c08f6edc6a3738d6116783,1078,0,0,11.580414,4.2700195,-2.1334858,-8.101294,-5.4183636
1085,train_images/76cfe8967f7d.png,63f05cee7e8c7abcbd066e1417bbbe275ca69757ed2fd687c8a38461ec03769b,1085,2,3,-1.7784805,2.5398784,1.8163681,5.600586,-8.706175
1095,train_images/e6552b7432b3.png,d08132a908e0aa6d6b5afad6aa301b8af4b0f96ac659a67d1d846a58e4ac594d,1095,0,0,10.157597,5.5990515,-1.4151497,-10.388947,-3.8024101
1102,train_images/92d9e9f08709.png,1c8dfcd69b397e17802e0510895c5a76a2c5323dd6da093f62c54c597a252e90,1102,1,1,-2.8233528,6.1553125,1.0290871,-0.9367447,-3.9188023
1104,train_images/d9ad2a0ec026.png,4dbb002a6252332bdf4856cbb7bef2ba10344f89a00e29ea73ae59694f522164,1104,0,0,11.993275,3.085291,-1.2435513,-9.278248,-4.377945
1106,train_images/2131aa3a1e6f.png,ddb580cf16ba0e1e723db50f632d9d1ff6511f71e35a4ff81875e736f6b33197,1106,2,2,-6.6990814,1.932766,5.3739815,-3.2609978,1.8668385
1111,train_images/c0f15fe3b4b7.png,56f58a085483d00e0e8f8ae5e02689373d630736fc74f9ee6fa8f238db661ce1,1111,1,1,-3.8161163,8.950328,2.24222,-6.4958153,-1.3834229
1114,train_images/9e5737f771c3.png,e656821ea25ff6addb3050e1a82044dfbc71e6b228b729c983eb3aa1f37ac090,1114,0,0,10.292191,-0.33637142,-1.4413948,-0.18233871,-8.293486
1123,train_images/fd079d2e93a2.png,8f3465d89bf75a5f3aa855c0b980476a05c96146c8108a4ea8d9898ed3457e26,1123,0,0,10.802177,4.6465826,-0.9195118,-9.064257,-5.2936897
1127,train_images/7d48f8cdfb69.png,39b5cceab3aabe2590eee279b944a85bb01ae52c4fb3c851e0df581019019b93,1127,0,0,12.52969,0.95873785,-2.7280922,-2.1200619,-8.461317
1135,train_images/00cc2b75cddd.png,5cb035364c1425792280d7cf0a574d45f146933e5206d11a14b9d81866216788,1135,0,0,8.514141,3.7697592,-0.31609535,-7.0391674,-4.889408
1136,train_images/7ba6b23c4b46.png,6fa61290052597912baded8304b13183f3ac5562e390c58795d9a1485bd71a18,1136,0,0,6.7420845,4.6434793,-1.0028019,-5.1406593,-5.2344112
1139,train_images/8a01daa423f7.png,881c7ce2aa009d1412b81b51d64f543f90f48e6c4fe17271e8b68b55f225127b,1139,1,1,-1.0939064,4.7859488,0.6011963,-4.8567886,0.15605736
1147,train_images/bfe467b7e997.png,f037a82a799aa52803ce1a2254cb7267e993d55f066eb222f43d79d5bd0b8b5c,1147,2,2,-4.2178,0.7310295,3.7499275,-2.818592,1.9128132
1153,train_images/6298468d7d75.png,bfcf9c630671aeb464d876488beb24300635222ed3d023c8e8b322c49d2ed527,1153,1,4,-5.622963,1.2937613,3.477087,-4.023443,4.179941
1159,train_images/b4b04d81acbb.png,f58cbb0fe9d361ffab6a7a34fb9442a813e79dea64a43c54039350faf71ac7f3,1159,0,0,9.994003,3.0330305,-0.33816147,-7.0871506,-5.4840717
1160,train_images/e5de79795c1d.png,e1d6171c45b024a7051e4231d7630a5d009aa540885387416e07e801b6c1a8d7,1160,0,0,10.198261,3.7597017,-2.1413593,-7.522133,-4.125271
1168,train_images/5069feccd866.png,9bf42bd16a556775eeaca02212b8f8fb71d127a2f1027c33b202b10a09d6e5a5,1168,0,0,14.2905445,0.82360935,-4.377863,-2.4646378,-7.9968624
1169,train_images/c102db7634d8.png,4dc23f1960b3a5d527ce82f4330c6bd0fc30ed8f4f82dec8dd956730a6d84faa,1169,1,1,4.0303917,11.0497675,1.2083168,-8.287317,-8.093254
1176,train_images/2b2f5a0f880d.png,dac064ff28a7e6a749cacde68c6bc39eb7b9faa48d2821060ecb541c5db3c06c,1176,0,0,13.880253,1.9245558,-2.1607037,-4.2554607,-9.114517
1178,train_images/9f37c98b8187.png,bcb9941f920ec7d8885f268bc0a90a04c03b89e083ac8eeb973b65be6eb35e41,1178,3,4,-8.661041,-3.8201218,2.22056,3.9535332,5.4043293
1184,train_images/5264a54e1830.png,84b1def79f8d7e1f61c65a5f7560de1bc29d83bed488a7dc0bb8d393f18aedad,1184,0,0,10.522516,5.699298,-2.446312,-9.415371,-4.187853
1189,train_images/906d02fb822d.png,c97335909a9b779764d450b413722ff94edee078b5926fa868a5bd75d866827b,1189,0,1,4.625145,5.1913376,2.383953,-7.1247063,-5.213518
1198,train_images/7dee6bf8b9c1.png,c994e130b371b16e03dbbfd52be434dabfbce4c6fe8363a69acab470dd5b84b1,1198,2,1,-6.012665,5.5239906,4.977995,-2.4288673,-2.7698574
1204,train_images/e246cd89e1cc.png,c6b3e93d2e421af37966eed4964e5774ef25eb096e8bf28019dadbb622fb4408,1204,0,0,8.311722,4.1419287,0.018753052,-7.3501396,-5.1119194
1205,train_images/65cf00be6fb4.png,a7335bfabc9c0f73b0c9ac338d441e43898d45c39b6930c1f5dba8bacea7edf9,1205,0,0,13.157497,1.4483151,-3.2068596,-1.1622353,-10.019611
1209,train_images/e12f9f19d1be.png,a444ca7460689cc30b72f14c2ff056530afc411af1c554a43d09dade3c571fb8,1209,0,0,11.906862,1.7513957,-2.6945248,-2.3713074,-8.43005
1214,train_images/a87f53bc984a.png,9755f8ca00379f84a6cc66f1e99edb48522395082291019d0e990bd6f26dfffe,1214,2,2,-7.126873,-0.40896797,6.8306713,-1.8432579,1.7429333
1222,train_images/1864d3411143.png,4a1cc0862330e3a5dba9700086a52b6c62fc563a48fa5bf52ad4d839dff3c877,1222,0,0,12.83444,0.1446228,-4.338522,-0.6780014,-7.7725124
1226,train_images/0d0a21fd354f.png,2c79683421780ceebb1a520a5b01d4640e550b1e91878614fc5629975d75906c,1226,2,2,-5.697567,-1.3829055,3.601431,1.252945,1.4942913
1233,train_images/941d874c8afb.png,daac9365906e5786ac51817052625f36d684d0c60edc572d1740a8c78b67ef39,1233,0,0,9.232029,4.1282396,-0.11886215,-9.701862,-3.470396
1240,train_images/eda1d75cbcf0.png,e47f775d2a219e6c2f816be6104f4d7433778995b1076108259505e90e161b11,1240,0,0,9.594646,3.7203846,-1.1223984,-7.3164883,-4.7997704
1248,train_images/c8905b8d5cf1.png,3de68dfc1970c33bf68376c91561329a157d869632aaa2cf50e94a6b2be3a4eb,1248,2,2,-8.209221,-3.853168,6.739107,1.3229828,3.1236439
1251,train_images/08a3875063c3.png,f9a13a353b6e2794a2bf0a69984fd291a226a8a37cd38045eb725947e5c57498,1251,4,4,-9.188755,-4.3076215,3.7788105,-0.95269394,9.674448
1252,train_images/4ad6109706e8.png,4043542e4532477d42c36a518fa5b4f3ec3f12e1096dd5012f0790efb7c8edce,1252,2,2,-5.147114,1.0161347,5.6176853,-2.995367,0.7794857
1258,train_images/90bde2ff8953.png,2deffce0279f761ad0543a412de26ba1838effcbba52b2eff4ef3799524e5271,1258,0,0,11.031946,3.5279188,-1.0984173,-8.210419,-5.10734
1264,train_images/51269b77d312.png,cec6ec836f8e6d78daf3c6e51ae736c86599ca905a4a111bb3cb58f07c1775de,1264,3,3,-8.983768,-1.3638878,2.7183418,5.672394,1.0262318
1273,train_images/2ba0b0d9bda2.png,ebe898cb933aa4442640aa161cb00e12006ccddacaeba3074c04e8c2f7ad9d78,1273,2,2,-5.4949303,-0.45132065,2.8305092,2.197731,0.20644379
1277,train_images/cb28adab4e8a.png,153a51c5a21f40ada6050d4d19b18062f252113b964c641aa7dec5ccc2a61845,1277,0,0,14.534405,1.7012095,-3.4248447,-3.022625,-9.49621
1280,train_images/3dfc50108072.png,1acec393a3edb9c91be8c9fc8322297ce5efd4974532b931bb16b033a58d6d59,1280,2,3,-9.87886,-3.7315912,3.8676624,6.441078,2.2314548
1282,train_images/a790a3b36390.png,29a2d7917706540a7fe71cbf532a3dd87975ff30636616e8414cbae09dcccc81,1282,2,4,-5.1989594,1.7264028,1.6606274,-1.6838188,2.7811604
1288,train_images/f0800723bc63.png,2da0c88063982d10972322be026b0afdf7194441fe2c9f291d93e56ea8d165d3,1288,2,2,-4.2863235,1.149364,5.6718597,-0.30369186,-2.8869667
1294,train_images/2bd4d4fbed5c.png,d9bfc1443b604e375afa324888920bbcc13d094d01d2ad8cdfc9f70eca17374a,1294,2,2,-8.325867,0.009236336,6.8614464,-0.8126106,1.4149971
1299,train_images/76f3473df8a6.png,16e0bf7bd0a29ad9c44ee18792ed96a8105cc4fd022fa06ec470777d32c678ce,1299,0,0,11.173027,1.4795837,-4.3319416,-0.6639862,-7.5042152
1305,train_images/ac5b5dddf91b.png,ed6f495c9887aec8b462448b9638a980657a342de16bf85a7e5854e011258983,1305,2,2,-1.8763885,2.941432,3.2667408,-1.2181339,-3.6303043
1309,train_images/ef7eb85b75fc.png,dc36da11e91b39706f9de3efa5f15607af0f8e77be5a18e413f6e2dce22bc164,1309,0,0,9.30434,2.9402676,0.8233967,-8.119297,-4.900032
1317,train_images/b6bf847fbcb2.png,7c92f2c5481b21532b710604e60919a5736ff757fdd2c4465313cf995b587fc2,1317,0,0,9.328789,3.9580956,-1.614954,-7.7739162,-3.826954
1322,train_images/37c4dfe03aba.png,4b978630567ba0a06edf803ab37a5e0ce1da5f275e5e5aef8f026cc110779cc8,1322,4,3,-8.250687,-4.005955,1.5291061,5.1453323,4.6431637
1324,train_images/aed4e743c230.png,ce05f0e9c4272f1104fe2cb4df020f92b2fe84654bda9ec78a8df00406dd4be4,1324,2,1,-4.896221,3.80412,2.6344013,-3.4983215,1.3275108
1334,train_images/b7bd4a6627b6.png,d113f8cab449b092ed1a47cd832699bf0b64069597cc9c327459e4ede9349a29,1334,0,0,11.179552,4.777725,0.08519173,-11.292698,-4.590542
1337,train_images/224c14366e11.png,ab8c8c368b6f021f727b1b5547d3006e699d1b8015d4dc70449fb9ae708705df,1337,0,0,9.86219,1.793891,0.32954788,-8.627674,-3.2729664
1344,train_images/b73d0bcd3d33.png,098729abeb2142e047a3f64dfb9b0b06b8c44eebca649ac90408780cb4ad96d4,1344,0,0,14.625044,0.7315736,-3.7226505,-3.0108585,-8.346758
1348,train_images/62b4be2799ca.png,22777632f49d8aa940e6557956cb7ac15ae7baa5c101ffa34cdd75390bdd0fba,1348,0,0,11.097134,3.8759604,-0.68629074,-7.1186695,-7.013174
1353,train_images/29bc0e721cfe.png,d19ceeec9246132f55b04d5748a562932e593b956b6e768ebf12779595bf342d,1353,4,4,-8.938808,-5.6083922,1.2380085,3.2527237,9.09495
1355,train_images/64fedbf97473.png,b3aacb848b2f53bde1702087130b84bf5473a61568c61f19bc09c46e8adc46e7,1355,4,2,-4.121357,-4.7709794,5.4475384,-1.2142162,4.087427
1362,train_images/650fbed3fdca.png,89ec8a103a6b44f1ac5a21212ed1338d0da24762fe323ebf5c2e6d67276ddb80,1362,2,2,-4.7826004,3.7616205,4.31616,-4.274811,0.3355465
1369,train_images/a9d0c900b6a9.png,9f80764c8a020fd52c14e30dded63cbfe8960430042aa9c56cadee02b5cd59e7,1369,2,2,-7.2417145,-1.6778479,5.313595,2.2967453,0.44221497
1377,train_images/a386ec9aabde.png,440484a42e68dff45a970731a4543f8fc44910c0717eb9b9d73ecdbfed078124,1377,2,3,-7.594242,-1.5780001,3.537325,4.5785294,0.2107544
1379,train_images/d81b6ed83bc2.png,206b13cd2572325caa6f82a6db483e53e3f293be527dda72675b5dcb64107ab2,1379,2,2,-7.4784393,-5.216123,5.288807,5.062111,1.4190922
1382,train_images/1ab8d3431ffc.png,e8d06e83907ca8a1b58d18cdec722649dcfc7a67be99539c257e032697bafd42,1382,0,0,7.1974716,2.4515247,-0.8648243,-4.8225365,-4.022396
1387,train_images/cd8da43e3069.png,33870534604ed3f81be0873fc59e3c031416cf8d902a50355362a19b6b0174ef,1387,0,0,9.393803,2.2415009,-1.7862434,-5.4945717,-4.2768154
1392,train_images/d4583e9525dc.png,9913447817d1e6f4d76fbe81fa345e2d46f79a85b3be78ea179f3982aa537d6d,1392,0,0,12.62114,-0.30245638,-4.368326,-1.0381317,-6.7133884
1393,train_images/cd3fd04d72f5.png,206b13cd2572325caa6f82a6db483e53e3f293be527dda72675b5dcb64107ab2,1379,2,2,-7.4784393,-5.216123,5.288807,5.062111,1.4190922
1398,train_images/8d4d14a4ab07.png,9c0f12d0ab596593ad2bcdd0c023d1da6e31da66e25edc25b702e47201d9b908,1398,0,0,10.25893,3.4489927,0.31329918,-8.970665,-4.9476795
1402,train_images/bf811911acf9.png,75ee6380bc2729cab6fa9e34b103ad35bc028794c9856c656a04b8f12a3fafa0,1402,0,0,10.269138,4.015277,0.6119404,-7.9526196,-6.820572
1406,train_images/ec6659926105.png,4515cb1784ae0e0f677606876337620c88778d9e3ba6e2af05cf60e4627ca812,1406,0,0,11.345581,4.2340803,-0.13753128,-10.007532,-5.236349
1412,train_images/4cde86044ad1.png,44a4546a539d73a9d9a4c11a43b343b81ec9cca48c04ab0ec5e4e65b3920c4f4,1412,0,0,11.056963,2.9925594,0.115385056,-8.107365,-5.9103756
1417,train_images/ace287a5c991.png,19b670165472c6df601bd824ff54cc5d84790ccc4ef32a73d2c938f5d522ade1,1417,0,0,10.87816,5.413225,-1.7178211,-8.724398,-5.640293
1420,train_images/242fc19be06f.png,71ab062d375642c8777c4a4f5cc064da7f1233155f2d8aaf1f51261d51387864,1420,0,0,11.094967,3.9295769,-0.4605236,-7.7409687,-6.6430073
1424,train_images/98f48850ebce.png,bf66aeb5390f53a2c247b6fc9c960a6eb2ccce249149792870473d9c57ca14cb,1424,2,2,-6.1939964,-2.0202806,5.8365917,1.2631149,0.2956066
1431,train_images/3ac3fbfca7d4.png,b5970673cb13e47f10172375088fcad3399ba6eacaf6ef70868cf35eda0481df,1431,4,4,-7.550411,-3.459044,3.8069382,2.3516846,3.9672375
1436,train_images/e4f12411fd85.png,8f3b5f407fd40cd58ff85d779ba884fef5aa2918cd7827c2df215dfd98231c27,1436,4,3,-6.76099,-3.4583244,-1.5517159,7.4276085,3.4873867
1442,train_images/db690e2d02f8.png,55c12032bbb3cb4d138bb6bf879b1ac9ad2a81d53f6b7aa9ff22feb5e5a3b43c,1442,1,1,1.3223686,7.3096533,5.120306,-9.356226,-4.7173195
1447,train_images/115e42dd6a81.png,20a5f6458317cae1836e7f68c296e1fbbcc4f3c6ea797d3a9a62ca3453756242,1447,2,2,-6.9144936,-1.6193023,5.8107796,3.683014,-1.8026695
1450,train_images/4704dbb59536.png,e69db73b865983d030fce0c5159f56b682663f3aaea10d1f5d4759c20c2acaa1,1450,0,0,13.136341,0.8217268,-3.433607,-1.481453,-8.816769
1458,train_images/5257cb536da2.png,5364f9306e61b1bd66b7dbbb86c75afe4d6c57f5d11dce4c74aa59b9ea4b67e9,1458,0,1,2.94516,5.5353355,1.6102848,-6.4180164,-3.8673096
1466,train_images/5905a9b06a73.png,a5a1aaa5c0f18c00f55e1f7162652d4699a8b95576e5cb57d22964ddf61f310a,1466,2,2,-3.893631,-1.6106958,4.534113,-0.5753174,0.88508415
1469,train_images/a06b353e7bed.png,c86094aa9d3c89edbdf576547a5b58d48bf8b447d95e547167a812ed37720607,1469,0,0,12.643045,1.6889448,-4.487074,-1.9105568,-7.738987
1471,train_images/8201cab8322d.png,d43a8440f252d196f5ede3054e9792ee86e97bd74afea396a7b740e7ba2625a6,1471,3,2,-3.8268852,-1.3538418,2.586317,-0.14971924,2.0579052
1478,train_images/3435fd8675a2.png,3b8dc01686905274c1cd3944b14e428267764e2b453a1295bac32bd10acd16a9,1478,3,4,-4.934429,-4.1730695,-2.9550667,4.2554855,7.0953007
1483,train_images/cd48cfab4e44.png,bf9457df1acabbf2994ffdcece394a845e26dff04f4278b78e6890d594b275af,1483,0,0,9.239307,1.6748219,-0.25123405,-7.262434,-3.325573
1488,train_images/a9b3177f01c0.png,aa9401d565ed2644e40156299d10b95dd8fe4c28d2d57e8f8944408c3c712b4d,1488,0,0,13.32419,2.8893294,-2.232336,-5.078068,-8.647718
1494,train_images/3232b34cbe99.png,3a0740cff1788e43c7a31925a9544e0986f1062f0141590eadc951f6dd413173,1494,0,0,10.058819,3.4250698,0.6442337,-9.18342,-4.823477
1497,train_images/6253f23229b1.png,63f05cee7e8c7abcbd066e1417bbbe275ca69757ed2fd687c8a38461ec03769b,1085,3,3,-1.7784805,2.5398784,1.8163681,5.600586,-8.706175
1501,train_images/94145d1f42cf.png,9e593d8af55edfbb3ec976e9704aa80c383962e326131b033bad7c119e11a7fa,1501,0,0,12.841251,1.4078479,-3.6412468,-2.596941,-7.806282
1502,train_images/eae70f527755.png,ff2278c0f4cc7aad62f2a23091114cb154ffa6fa205f5f072307530ef433181a,1502,0,0,10.47776,5.507575,-1.7336082,-9.982597,-4.1015663
1512,train_images/848e66b9e199.png,14ff57e24e4768429e4e5ae1e405c550d0d301700dee4f033a43c3aa2761869f,1512,0,0,8.463276,5.6614475,0.659441,-7.8433495,-6.797516
1522,train_images/04aef84a2cc1.png,f29b614e934f0e8cb6090f32141b35de374dd12c2dd0e46fde4f272c854ed865,1522,0,0,12.914516,1.1951017,-3.1885414,-2.3524895,-8.38695
1525,train_images/3f5b4c2948e8.png,e1a3e05bf865b1defffc0de47859ac1a35a24686eee6874c0de9be74bd3c8ad1,1525,2,1,-2.0550117,5.4564238,5.2705097,-7.573101,-1.6033764
1533,train_images/2cf18033da31.png,b368268e565c6bead77c97d5ae55ee8429fc059805496d29256644994fc8b7c9,1533,0,0,13.29134,2.9281874,-4.9108925,-1.2146587,-9.825838
1534,train_images/0d310aba6373.png,5702cea4f060078760ebdb3555d187b98991ac580df279f5e5e86f87af6b007c,1534,1,2,-7.966873,-1.3855886,4.7033424,1.6920891,2.0955029
1543,train_images/24de56d433cd.png,44def2b7fe08527313a0cc98d05ce770cf3ed3a226e5ae8067605979fcb47822,1543,0,0,8.917088,2.2262497,-0.801939,-5.7699604,-4.5092716
1549,train_images/44c869174e3a.png,0b1c67db462adede3ffa30af2ae17ba8835e2719999c332a1dd7b67dfba1b6b8,1549,2,2,-5.049904,1.8886552,8.298,-2.9698029,-2.9434624
1556,train_images/10fca1abf338.png,7062f2b63ac22ad961a3e005dd35d4499dcf182c7e9aecb8e946cd47e1c4710c,1556,4,4,-6.352436,-2.1702096,0.62674904,2.1061363,4.934763
1557,train_images/4384fa687afa.png,7f5f7d59ccaad9245bc54b769291b20440d9a2d11a82605484855051169863e7,1557,2,2,-4.9995728,1.3338909,2.5385895,-0.14269257,0.534441
1560,train_images/6daef3e5ca22.png,9713f8ff0991e7ef7123e1865c9c011cdb536c65034a9309515f5157ee9bc8b9,1560,4,2,-5.2919807,1.4081073,4.41123,0.44390488,-1.6816406
1570,train_images/a4012932e18d.png,c97335909a9b779764d450b413722ff94edee078b5926fa868a5bd75d866827b,1189,0,1,4.625145,5.1913376,2.383953,-7.1247063,-5.213518
1571,train_images/b0eeae01b8ab.png,6574cbcae00135fb1d92a6acc1e97bb0671a03b97f6a3ee9b12d659505dbb288,1571,2,4,-2.112854,1.0295801,1.5207939,-2.693493,1.7530918
1575,train_images/58a9e0d7f7af.png,be1c071611604e7164cd8d15c591dec83bba2ab8ad25135e828ac9c99ff28e4c,1575,0,0,11.241081,3.1822476,0.11320686,-9.478523,-4.9074726
1582,train_images/78b3f819dcc5.png,2a718a5480e548c3a3127b19b981d47bb68af9208b6b0fe06c187f5bea5401ef,1582,4,4,-7.34671,-3.844085,1.6404171,2.2276611,6.493128
1589,train_images/757572337fd0.png,e22aec2dfa61dc9a25d28aaad3d203be6856405b17a586c66ca190a6dce8c00a,1589,2,2,-8.752216,-0.033139706,7.954191,-0.42045975,0.27915955
1592,train_images/d83c3efade75.png,a0835770ad4971ebc000c3aa3bbb14cea0b4072265712d353fc0b65706b22806,1592,2,2,-5.5035515,2.3040643,6.155018,-3.8301353,0.13955498
1596,train_images/3b73a3a4a734.png,ac0a1c2bb8efd205434e8aa2a7fca79a225326b324f384a9206964e90317b77a,1596,1,1,2.5823174,6.9159775,1.2899399,-6.336916,-4.7059383
1601,train_images/f2d2a0c92034.png,f008e474b6a447e03ef380c91791c0c4d13b5ce35f24aa8c638fa03fb1d627cb,1601,4,4,-8.340424,-8.008239,0.5705509,2.3934174,12.387976
1603,train_images/4b6cb0bcfd44.png,e605a9f32931aedfcb06bf38f609d377970389426754a927acc73e955cd479b4,1603,0,0,11.28266,0.4840498,-2.2455406,-0.49356842,-8.91547
1610,train_images/b74de20d73de.png,813f44fab26d3bb8380de6dc2ef7bc9d027c701d37e5309530cf34eb630258a2,1610,0,0,13.57655,1.1755214,-3.3350677,-2.0119553,-9.158508
1615,train_images/4927945ecfed.png,daa4715fe4267e6936d42533b96667f7e3a197af3800d2ff9f7ca1946d6e912d,1615,0,0,10.797907,3.093863,-0.065481186,-8.398449,-5.3046513
1622,train_images/90960ddf4d14.png,220249ab580cb8596a088d9cab9b9958ba22516a5bf86937d2bf8c3bbef0f5d8,1622,0,0,13.512562,1.1782246,-1.5885487,-4.216774,-8.648914
1628,train_images/13063d1bc4ea.png,a783c44f8533c85083a014ff209dbf7ce924c70e9c45bfd23567dedf6f2ef5cb,1628,2,2,-4.354702,-2.3449278,4.4932766,0.32398605,1.197649
1633,train_images/780f9daaa24b.png,5666ce883e975d68922cf4b02ea69a8543abfabdb3689e276d04ef0a5a1440f0,1633,0,0,11.637207,3.4327126,-0.8903961,-8.198462,-5.7979546
1637,train_images/33b978734eab.png,74e7b2abf290ab2450d620ac6a7ef0223b582fac65d4c8caf74ff74ee30cfba5,1637,0,0,13.270824,1.3155203,-4.0721684,-0.8666115,-9.422459
1641,train_images/a8582e346df0.png,ac3c47f35f5139dc134e1bc994b05a26d60b139420d0f7a8ca83d78f7d648218,1641,1,1,-0.21638489,7.487422,4.350527,-7.8658714,-4.132662
1645,train_images/c027e5482e8c.png,ac3c47f35f5139dc134e1bc994b05a26d60b139420d0f7a8ca83d78f7d648218,1641,1,1,-0.21638489,7.487422,4.350527,-7.8658714,-4.132662
1647,train_images/9bafbbd152d2.png,b2b21e18ee0a021240f58f7f92ce8c7913a3cba5f2202e4013637b487c32a71e,1647,3,3,-9.8296585,-6.7475195,1.8282242,8.071426,5.679407
1652,train_images/7adfb8fc0621.png,b30cd5f46a49ee967bc328293ebd230156434cba290d724e75acf6559bac7922,1652,0,0,11.258223,4.409852,-1.8620262,-8.652044,-4.973152
1656,train_images/87b1938994b5.png,09ba82a15f93e191e9338f36fb0ad0fc8b29942420d8b2401f4f5ff77eb2480d,1656,2,2,-8.690701,-3.5810268,4.979141,3.3228645,2.997694
1662,train_images/531b39880c32.png,3594b779d79b6a873bcbb458144c8629daa9fa376f8916566e15d9bcc2fc869b,1662,1,1,-1.3157082,6.1122484,1.8974895,-6.022457,-1.144846
1669,train_images/7635921c5efb.png,2b8250d6c3d10447135bd0e87b535dc99e81ef0c6973d79ffd30286c5edd4df5,1669,0,0,13.632643,1.1691942,-2.5334873,-3.2115536,-8.827152
1671,train_images/b5a3ca5c0a80.png,a315bdd7bee9d0bbf7bd1da8760b6e4488884d3c0c10111a59fd56a6e4e80c78,1671,0,0,10.944475,2.9318123,-0.839777,-7.7421055,-5.1319466
1674,train_images/91e8af9ceee9.png,7a3dc782b94b9a285ec04949d381b6ce0f45b8a5829ba053940f2b9e1b8f7ced,1674,2,2,-8.364368,-0.8719313,8.078897,-1.6987476,1.9010944
1679,train_images/66cd9c28e636.png,9d01888d6f060eb9283e9de8d8be7927031d65438df4d050e462627909a23939,1679,1,1,-0.40760803,6.5970507,3.2757645,-8.973917,-0.88841057
1684,train_images/3f0d3629d69e.png,a40655cb7b073c0e4a1d01e3e7abd175a1b589bc69ef6f56462e6e36c0c0b1c4,1684,0,0,11.605385,2.2370372,-2.5418377,-2.392456,-8.759014
1689,train_images/9c5dd3612f0c.png,1148ef43d0b4873455fe6285dc8ceb484cd78580306a93c4b5241f737a8ceea3,1689,2,2,-8.400303,-4.0715427,5.930128,3.8428612,1.7600422
1693,train_images/98f7136d2e7a.png,b0d4d28b889d397baf01efe5d67e5ba4029ab302a719e62b525c4964fb940e7b,1693,2,4,-7.019573,-2.619325,4.6127205,-0.44322205,4.6562138
1698,train_images/1414128bead0.png,26601a4b0fb6d4fcd0073632cc4960a991c8bd95d4157ecc6728aac822425d24,1698,2,2,-4.6257477,2.4912992,3.994009,0.47270203,-2.952856
1706,train_images/34acae864963.png,06d62feeef0fb80e80fc1a82650cd6035932a3d692762ab6a676fd1294ea51dc,1706,0,0,11.703901,1.5946436,-2.6745548,-1.2080841,-9.317013
1711,train_images/0e3572b5884a.png,122de8abc315cd726fde01c2dc7a4a13ff680ca7ecc39b51fa0343731b5f69a1,1711,0,0,11.226923,3.1390777,-0.04585266,-8.89439,-5.28117
1712,train_images/9782c0489eca.png,e7a8bab98625c00d1cd6862881761bf050ae20d903186a9d76f00680a07eddd1,1712,1,2,-7.5857925,0.3079605,6.088011,0.8723259,-0.59394073
1721,train_images/e96bd80a8a53.png,0a17ae08cfd8f2228f69d06e4042db15baa4256d77c78f5414c0365d74a9f587,1721,1,2,-4.4446907,4.264758,4.346489,-3.956688,-0.7980614
1727,train_images/4c78d9d18da9.png,40b5dc56a9efb51cfff4bd4c88229e29f4f88e5231263da8449fdbdea57c52fa,1727,2,2,-4.9747925,3.3358583,5.6179237,-1.6302719,-3.0040169
1731,train_images/6c250a30593b.png,ea393847d55129f05e357a13d7e5f9b2be29fb68bfc03a68f28ba20f7cf50aae,1731,4,4,-3.738842,-1.3139429,-0.95539856,-2.0718079,7.4285946
1740,train_images/2967e578939f.png,c902d99fc78bfae5a0c2b2392e398db2b86e7558cec9793449b5decfe951223f,1740,2,2,-4.6256943,-0.39647293,3.2217464,0.057086945,1.070198
1741,train_images/d1afdb8cf70d.png,dba3dccc1563a3ecfd7cb4e9a511f8a9f7920b9d8476afe2a10a15de9e4e31f5,1741,0,0,10.726631,5.1540117,-1.0976086,-9.841305,-4.760187
1748,train_images/5077cdb88aed.png,e2a7ac4e93f2e096769e9266d0ecf3476c197957d90cd8f97bdf6f0af91389e6,1748,0,0,11.603659,2.0709329,-0.9914284,-7.1016846,-5.4398975
1755,train_images/96b5474ae604.png,31310b51583f0b8866273531e400a1280b70a4c7116832791f41da242d2c89ef,1755,0,0,10.824226,1.8838186,-0.5738907,-7.871607,-4.163719
1761,train_images/a2ad3da4c7d6.png,d6d6ce4fc1e64f8108a8d488235800cd2197f159dc04aca6b512b71c04950c05,1761,2,2,-5.612671,2.7089195,3.6961136,-3.2234802,1.7126751
1764,train_images/0fb1053285cf.png,a802a783e7534f053ba6fb206909fd76812a5db5e193a66510b37a6707696ecc,1764,1,1,-0.25792313,6.7885456,0.47533417,-8.017685,0.620554
1767,train_images/4c389d033cb0.png,620dfee046e1ce23cac681f05d07710e27ac899e528ecb23ecb0b77aba95cf54,1767,0,0,10.656757,1.9730806,-0.77776146,-1.3309975,-10.451546
1775,train_images/306c841af3fc.png,19e3abafcd91c8cd0cbce7526e2010a5d8a7587f3945f7a9f950ef8163a962da,1775,0,0,10.283981,1.9259138,-0.27519608,-8.033201,-3.7742138
1781,train_images/4ce74e5eb51d.png,b617545c40b16efc82cfac2a3c3f21861c9953cb1dd4cd9f89170c757654294a,1781,2,2,-8.20282,-0.3548088,6.254915,-0.095718384,1.5334301
1787,train_images/3580a545016d.png,0536c5915a3c9feeb2deb3933c0e6db18efe839c383412d04d7f9fa1aade5d78,1787,0,0,12.179668,2.6057591,-0.90859413,-8.672489,-4.990244
1793,train_images/0c917c372572.png,64cf08685797edf0d75b5f511d6389dc16012146bb9755ed97ee9066d9d1e824,1793,3,3,-7.3795204,-6.780921,1.8101311,7.725857,3.679659
1794,train_images/8010c931321f.png,7945b5fa7e54c0f71f4257377da4028bfb7d6265db758aecdc2bc0fdcc99d5dc,1794,0,0,9.832539,3.8428764,-0.40716743,-7.5438538,-5.6236973
1799,train_images/cc839823755b.png,9bfcc5854766d92c2f3bf3426604730d6f88431b373c14dfbb34b5b11ca77d08,1799,2,2,-6.5682373,-0.25714588,5.248308,-1.3025265,2.1201992
1805,train_images/9a94e0316ee3.png,4af73ff841ba3c3bbcafb2ff89756f15779f74abad68ac45bfdc78d8f63d5de8,661,3,3,-8.959946,-2.5240278,4.223425,4.3883324,1.9071674
1806,train_images/3f82631e9080.png,0f3b86e6d81647f364b84b54fe54871ea7a0c55fdeed11405da479dd36edc59f,1806,0,0,11.020134,0.116374016,-3.385521,-1.5255489,-6.137699
1808,train_images/c68dfa021d62.png,b617545c40b16efc82cfac2a3c3f21861c9953cb1dd4cd9f89170c757654294a,1781,2,2,-8.20282,-0.3548088,6.254915,-0.095718384,1.5334301
1811,train_images/07083738b75e.png,916542e5e567e3b870987e3ec7d43b2b1818dce2c24f45cd9f4c2ca09594e644,1811,2,2,-2.058281,1.4879165,8.026806,-5.9839706,-1.9824238
1816,train_images/4294a14c656a.png,4a151071e4725d309e44870ae359c01fddc818b434d3de2e70f9369018780d04,1816,3,2,-9.805946,-3.0941582,4.5389595,3.6698303,3.6712933
1824,train_images/ca30a97e9d13.png,fb1c06bde3bf619735af9ac44d9b8beca9681d8f27ad0d6f1575c700fce9817e,1824,1,1,-4.8223763,3.0883937,2.271368,-0.5623436,-0.5890789
1831,train_images/3e3a3955b9c5.png,0afa836713713de6040861d9d15bad250b9e4be7a582114cfa1fca7675cfdcb4,1831,3,2,-7.8687706,-1.4708269,3.7065315,2.6032524,2.096529
1838,train_images/1db6bb46c102.png,667271dc624ae5a5d8fc35e773a02d271c9430a32beb1c504c9f038425d1e5ee,1838,0,0,11.469038,4.627345,-0.53038406,-9.434561,-5.9567814
1842,train_images/9be0683649ff.png,f28b57630fe9c29a29ee6daac9f4196543d459005eec62232f69075bff96e64b,1842,0,0,9.617813,1.3313727,-3.9147415,0.6871643,-7.667284
1844,train_images/cffc50047828.png,83bdba735d31c9d1e60e617116f8d4a7650de8fbc596ceaa9644c3f8550ac702,1844,0,0,12.964821,0.6618886,-4.172968,-3.1704102,-6.0713806
1845,train_images/74418f620068.png,566f9f7023c2c86df14f7185e16734e3df3a961b834b24e655a9651590f8f7fd,1845,2,2,-5.3345566,1.4724874,5.458914,-2.3413963,0.053956985
1854,train_images/58ccba7eec9c.png,b47e1ee76ce6d7d03bbc5bb35e0bb699df6dc436f7f8a7f44bdb3a9d25601c17,1854,1,2,-4.0938835,2.2889209,3.662096,-4.699253,2.1867008
1861,train_images/576e189d23d4.png,8ea059e7be658eea6afce4bb6ebbc84d7ba8d64761d1159014b6e89da855ebb8,1861,4,2,-7.0803757,-4.694777,4.532461,2.7377167,3.6496181
1862,train_images/c9f0dc2c8b43.png,1148ef43d0b4873455fe6285dc8ceb484cd78580306a93c4b5241f737a8ceea3,1689,2,2,-8.400303,-4.0715427,5.930128,3.8428612,1.7600422
1865,train_images/103abbd8b63e.png,dd781b676215d252cc4798b191494bab094a756af788c8a356b31c821b287545,1865,0,0,12.488773,-0.19672537,-2.8612785,-0.81669235,-8.476603
1872,train_images/165cd2070ebd.png,8cda0c372d4912aca2e76a7bab41e3fb306663f8650cbe03ef8378dbcb769bcf,1872,4,2,-9.864609,-7.041829,6.519518,4.689945,4.664564
1873,train_images/e8d1c6c07cf2.png,a58298c93c8279654eed8f04c88e20e0e0d7f41aa879b4b9955073bea77c5830,1873,3,2,-5.215603,1.1920662,4.8132668,-0.67736053,-0.82551193
1878,train_images/c97472ef2c66.png,aa61ccd34bfb8ee2f47956a084ff4b5057682040187bedee598adcaf744acdd3,1878,0,0,10.687984,0.13904953,-1.651514,-1.430685,-7.639618
1881,train_images/070f67572d03.png,6a239ee0691ffcde548f2f696a531050fb4f3951928f97220c6d7944d77c4303,1881,3,3,-8.793793,-4.9066677,1.7731724,7.809269,3.1387043
1889,train_images/ef7a4ed8d5d1.png,8db826d8b302ce358ed3eaab321ed6ac487f6065e895289c7786f6224dbd2ff6,1889,2,2,-5.9417114,2.186861,5.4282627,-1.0722504,-1.3175678
1890,train_images/135575dc57c9.png,15f09e0ce997d66519f8b453577944e7e657db2f53903d07b3814e9e485cb6a9,1890,2,2,-8.722992,-5.5327554,4.9699917,3.6957207,4.652231
1896,train_images/f23902998c21.png,a58298c93c8279654eed8f04c88e20e0e0d7f41aa879b4b9955073bea77c5830,1873,2,2,-5.215603,1.1920662,4.8132668,-0.67736053,-0.82551193
1897,train_images/a32b5ce3d48a.png,2efb9fa204106a826a91c5ba3c86d3543eeac14872ec3239d52c864491c1b758,1897,4,1,-1.7055893,5.1125402,2.8064651,-5.9214478,-0.80381584
1905,train_images/891392c9683c.png,cff6c8ca0f6dab45c22e4b73d57381670bec63e48aa75fb6b9fda304f55d3a86,1905,2,2,-7.469837,-0.19674778,8.812017,-1.7669754,-0.17500687
1910,train_images/13073f075a56.png,3735e21a91ff34f43489f78cc3941d88321b891a37a5e8105c28c9b6467957a8,1910,0,0,9.388763,3.1763268,-0.10552597,-7.6929398,-4.7056713
1913,train_images/8ead17dfb6a6.png,dc83e663a4762d1f954c21438180a2563edcc8061585b2c2aa0d617ef0a5e8cd,1913,0,0,11.688515,1.0248365,-2.7092,-1.5193977,-8.366835
1924,train_images/70d0392397de.png,036413d506ddfced95e027e9aee37fb8eb9f9cd77dce82c3443f19cc3c827a28,1924,0,0,8.462276,3.555254,1.3256435,-10.4556465,-2.824482
1925,train_images/a8dea22ef903.png,88c4c96ea7c756ca021ec42fa989e76d9d7b5ef61cdd10eb95e49628d4ca555c,1925,0,0,10.554884,6.011444,-0.30583382,-9.905415,-6.2049007
1929,train_images/d9bbdc33db83.png,b6c624260f92b7101b7bb8e7689ab13b8076c936de8baf2b76c3731a281885f7,1929,2,2,-6.0786667,-0.78782153,3.7114468,2.0321121,0.41366386
1933,train_images/9095d43fb132.png,915896d94bd178eedc020c8d345159883cadda48b6b59976d349eaf60ce28b03,1933,0,0,11.506041,2.2771993,-1.6813507,-6.735111,-5.1600876
1941,train_images/f9156aeffc5e.png,450184113bd249d307eee9205f067ee82cb3945b7e5bee53069ef39c6b44117d,1941,3,3,-5.988552,-3.1282735,0.29751968,7.541893,0.45218658
1944,train_images/338326891d84.png,79121769cb0b4081cc0bc5ef4665b08aa25f577208e25fe798b7ab0f32bf2145,1944,0,0,10.253307,1.4363198,-3.2152977,-0.16289139,-8.225096
1949,train_images/e7a7187066ad.png,50030ec7d40919ba8ae7ecf7cc145950f1cea65f54da0ed9630dfd3b31c9a026,1949,2,2,-3.4097595,4.7786646,5.12059,-6.057577,-0.98444366
1956,train_images/bcc762618e7d.png,7964a7f7d333e33d2cffabfd404a51b4aacd17b5b1284556231f8eebdf927b2b,1956,2,2,-8.739006,-2.2844198,4.485817,1.4529915,4.1160107
1959,train_images/9a78c6a7b1c2.png,581f45f1a41466790496ec2f30913f81bc87f243ff4ff0975f81262d97508a4e,1959,2,1,-4.859928,3.7273245,2.6813164,1.1518631,-3.4161873
1962,train_images/393fa5a023a5.png,aba863cf732285ed85a92694cc5b57c5446d4b1078dfb25e6945e844ecd313ad,1962,0,0,11.117622,3.0145998,0.6630058,-8.582165,-6.097868
1967,train_images/702de9dcde32.png,020f8b19029b2ea137e0a35a49f0f82b393c3241b85f19a2a538fd48943ca127,1967,4,4,-6.0632896,-1.1821103,-1.2639904,2.733162,4.946619
1968,train_images/14ee87d6cc42.png,0ece20f58424747e1e779649ddafe146a6d7cd42527e717d92cd21f07a4d30e0,1968,2,1,5.9686356,6.252696,0.56749153,-8.695175,-4.1187363
1976,train_images/f62b8a076833.png,168df5cd693de4cc395e7933fd2fe37c5829cb75e0876a951fe672ff567c28e1,1976,0,0,12.656019,-0.14612865,-3.6998215,-0.70892715,-7.916012
1982,train_images/99240ee00485.png,ed23d8b9d6c295958424baf8783897cf0eb95edb403e43bb03e244becdbe92f0,1982,0,0,12.075279,4.387699,-0.82925606,-9.194206,-6.2230453
1989,train_images/91f3c4c1e72b.png,f0a5c7c68228f914e91d5bd24456a668824585416af22f07a8e3e92fa8e9fd61,1989,0,0,10.582415,3.559229,2.0058212,-11.877844,-4.0733395
1996,train_images/5288f7441f64.png,7fdf4abba1c333cdda44c06037c9e833dbc9ce838682c033ef301b2f6f3146cb,1996,0,0,13.679373,3.2771044,-4.3579006,-3.977045,-8.36533
1998,train_images/a77dbec966d4.png,4c731ceb4896d30b61242043fdead998b87cf4cfc3c5d49c9bb44b3ae348fced,1998,1,1,-4.079685,4.5368843,2.7117825,-2.0382767,-1.7424164
2001,train_images/c365c598ad4e.png,b9f65a9b0837db783ef9960418f5025b191300c87f762f09ca5dfe7919ae5132,2001,0,0,13.388985,2.7569013,-2.326744,-8.027359,-5.5554104
2005,train_images/d2c5fb82fe5f.png,44ac0189e306be3720e461f6006d8d8cb4b8e830ee4f9464f56553249d80160b,2005,0,0,14.75469,1.4807382,-4.2579823,-2.8034172,-8.874138
2009,train_images/8a482c024fc2.png,fe9e08ec803d43b3e7e47101d67cc08d98b4ae0b846012a8b5dabbdb1596657e,2009,0,0,9.552849,2.7448864,-0.19317627,-7.525324,-4.485779
2014,train_images/03fd50da928d.png,beec33224512261e01abf218a6df1b4355f6aa9238239f78db1162791425a91f,2014,2,4,-8.099525,-4.293666,3.0665894,1.9925728,6.4252415
2022,train_images/c4a8f2fcf6e8.png,9dfd23546cd3b6ab2721de2249cdd50358eab0aa4a2f91bd7715257a285e09b8,2022,1,2,-3.3208847,0.39358425,2.9850044,0.97772217,-1.6779099
2027,train_images/fd4c946c52bf.png,295f96011c35f19b54a52c6a09f0ba0c1ce66cf6b4dcc941a9e5c3420d9b3fa7,2027,0,0,9.359627,2.7522488,-1.16115,-5.124607,-5.7554913
2035,train_images/7350c50667c5.png,a52b25af81a8bca58dc0377289e5dd9c6178ca1c386743174a5ae03c9b20f27d,2035,2,1,-1.2854576,6.6094074,4.7027035,-5.581299,-4.9117928
2040,train_images/0cbcc7b23613.png,53b0b766d99738ba923948fecc4cb2f08b8d208f022b56ebee061b8f7fdad20c,2040,0,0,4.0066376,0.989439,3.8328934,-6.219528,-2.770481
2044,train_images/bacfa2b8e706.png,3b56a433622ac8c604512b0b6d9238b4d0a9669b1a25f2caf4b2e916b8a822bf,2044,0,0,10.589876,3.220602,-1.5029354,-7.1065197,-5.0668354
2055,train_images/b4e15102cd7a.png,a2b737eb33e0350385cfa70a4d9879be89f29e6c68fab256049f8c72d82f6325,2055,0,0,8.598862,1.6675735,1.4782372,-4.9687347,-6.7456036
2057,train_images/a81b06f50612.png,427402c670d8763c0916c31a467ba6ce010c884bcb40367835c4355a40ec64ac,2057,4,4,-7.087105,-7.645151,-0.2155037,2.3971558,11.656809
2062,train_images/891329021e12.png,b6bd3a8479177a4f01ffdee2152a8ba5ded25a89d346e47d101eac44eba8d42e,2062,0,0,10.569239,2.1419,0.73628044,-8.177698,-5.1318436
2068,train_images/f3a4751af42e.png,b9833f073ea7b0e036f32497d0117c4deb510f6920791a9182295a8f07b5ec9a,2068,0,0,8.55814,4.2399597,1.0638924,-8.572565,-5.2423058
2072,train_images/3f73c91b7e32.png,83a68ad4ce8f02e60a27a16943ea5a01700d1f4d8fff2c6881178b964bf5108b,2072,1,1,-0.800045,5.7544727,1.3338718,-5.8045597,-0.936182
2078,train_images/760b6f4c6d82.png,dc6af0ac93015d9e84d89f7d0ccc4263ebd9566184b377c36007886e32d19c6e,2078,2,4,-8.815655,-0.371253,3.5711727,-1.5023212,6.156267
2086,train_images/e34fa07bd64d.png,cd187e712d4e44117c967daaab6b9d1627c630f3b2f97b701e17a4196d69e06a,2086,2,3,-8.614899,-4.048313,3.811903,5.3953705,2.486288
2089,train_images/064af6592ba6.png,f2cd200eab2a16c2f29bce2824f2a5bd544d0fe00a88f4de088807639d397efb,2089,2,2,-3.3852615,5.5766172,5.717247,-7.6156254,-0.8649006
2094,train_images/f58d37d48e42.png,16d360a1bb13423327883a971ec868c7b206e7d2c03adab1c7152298c97ca11c,2094,4,4,-6.330616,-7.0460167,0.5813961,2.3503494,9.641951
2097,train_images/f431f2e119d7.png,044a2113a70f8edbc7d55bfbe845c4b4b5ad9e7dc926ef9919c83a5486f8b15f,2097,0,0,13.186068,2.1789913,-1.8025494,-3.5420551,-9.775463
2098,train_images/d88c4843aec3.png,193d834d9aeb2fc59c1c0bffff5416f4ac8022297cac44fae6e249537393933b,2098,0,0,6.9010124,5.0692263,0.5075512,-7.9838734,-4.557661
2103,train_images/b2b79b37d314.png,4c81c42279ffb8211fd1abb2c9a579ed1cd2d7343a7374c8520878fb35c774e4,2103,0,0,9.092194,4.2586546,-0.77676773,-7.9235954,-4.5676193
2105,train_images/c1799a6f5c65.png,a52fbf73ca996889462be599625adc4846b317e35d5ba51945f254b06a9c7eda,2105,4,3,-7.756443,-0.27535582,2.7932625,2.9048042,1.5145855
2110,train_images/103f97a2ab15.png,c6146d29803d459fb796b32ec9187f706cb8ddf1a0855b7f1c030417d39a7283,2110,0,0,7.2054977,2.4896507,1.4243469,-5.6990776,-5.418892
2115,train_images/61bbe8db6f3a.png,d7b8977db8dd00035303bf68ac147a3c6b26d5a6c4c7efd76711dc9675648a9b,2115,1,1,2.4280624,5.643731,0.7718296,-6.7021313,-2.3840542
2125,train_images/e599151ca14b.png,39fbe9758d4b6920e041d3841c6be71d61834ac96a433360b724f960142b0c7e,2125,2,3,-6.8190193,-3.0743823,3.631279,5.4936295,-0.09864044
2132,train_images/971bb98ab935.png,dfb0463d45139c56c9bf7364e3a2423edf8dd216576b9b0eb5c177200e9987c3,2132,0,0,12.639347,0.9789319,-1.8176517,-3.4240494,-8.207357
2137,train_images/8329e80c10ac.png,22fbfe29087ca4d07232038427f9cdef29417040af999fb5b7b156811274dd58,2137,0,0,9.932163,4.6056385,1.1540794,-10.02738,-5.5574284
2142,train_images/150f92b45349.png,3e9b7de53b8a27cd46a1ca7e9bb5e28d71e01971073bd44503c910f19a0fc29e,2142,0,0,10.646151,3.727828,-1.4264393,-8.13122,-4.6565113
2149,train_images/f066db7a2efe.png,6a20c25aab24f0b886ad537fcf5bb9d558434fce0f27c7b8ebd149fd5dcccc00,70,0,1,5.5024376,7.726639,-1.7530632,-9.0439415,-2.4584732
2151,train_images/2f7789c1e046.png,794f16cb396213fba7aeb65cda607d7a8545c0ab695df0a9f4337888cf347636,542,4,4,-9.494907,-4.612668,3.9575825,4.239834,4.9671917
2153,train_images/aba3063c5413.png,05b59731a698d5f4119df6b4907c4042b0bf5ae3a77b12128b3cdbf19027d174,2153,3,2,-6.1992226,-1.102668,3.5807743,2.0860405,0.8572407
2163,train_images/545df1bbcd61.png,ec36b32d63566908b6e81a3e9ad649645a44a51f0053e7746a52233e3df0825a,2163,1,1,-0.1439476,3.642951,3.3147564,-4.699419,-2.5577183
2165,train_images/3a1ecf5e2839.png,f7cd389143cbbe1a2c76b41a4dda2b0f973b502afcd646f00732fbb281722b5c,2165,4,4,-3.9964447,1.7094007,-0.72372246,-5.448122,7.805727
2168,train_images/c6a2975228af.png,4a0c27d20fa4bd0efaee32a0e95072b0f39e624280a6a5157e28cbb53499346b,2168,2,2,-4.1033783,-2.6619515,2.612936,2.0748138,1.4186153
2173,train_images/76e5b50f95a7.png,b50afc3a5403141fc3ae8258814137bd0dd6a75fbfa58bbbef08fac92bb43609,2173,0,0,7.842369,2.2561512,1.4717197,-7.7300186,-3.8409405
2179,train_images/cd66754e1b3b.png,becf460f9c01790f3cb55ea839b2e073122d28fe3af24efef54beef7f1bc6f4e,2179,0,0,13.765406,1.0137033,-3.7196903,-2.6704369,-8.167049
2182,train_images/cb2201c226d6.png,decbb24fdcdbc23dadec1d4ac06e21108a79a7faaaa04915e28b9ebbe0304790,2182,0,0,9.703381,3.9461985,-0.6127701,-8.208691,-4.735325
2188,train_images/f4874247ede6.png,35e7e24536ff100df1ab099c327517d0ba2721deaf2c334480683cb751f31396,2188,0,0,13.614874,1.7120605,-2.75449,-1.8275757,-10.468575
2196,train_images/f9ecf1795804.png,75eae664fb3461018dfeb579b39c4dd86e139982d92a880312a1080c5fd07860,187,2,2,-1.6745148,2.6183362,3.9305038,-4.5456066,-0.86107826
2198,train_images/ceb32a193eff.png,76e29f710b6b9d81d96c81285de1346dd2819515326bf8be40ca6a470fc05b6b,2198,0,0,10.067463,5.190628,-1.1223564,-9.650402,-4.335903
2203,train_images/992599744a23.png,67a3b218ea00af56693b86ed05fbe9c523dd56122f069886ef780b78d94d3653,2203,0,0,11.304489,2.3635464,-1.3122406,-6.9996967,-5.1516323
2205,train_images/a49b0b4484ea.png,40b7f629b5fa47aea8d713515d7d0ad3fec9a856e22e45a12c0a18bd2750ac6a,2205,2,2,0.98139954,-0.022374153,2.160759,-3.3721523,-0.14247131
2209,train_images/1c47815f4a6b.png,d8db2360505de5b57882b6fbb6578583a2c69aa629a5cc9c204abbf702a116d8,2209,0,0,6.086464,2.2972627,1.3093128,-4.904196,-4.8217106
2216,train_images/3c28fd846b43.png,dba858960d1a702963c973ac5bcab3b800b34793b367e82a151fa377130908b7,2216,0,0,8.314789,4.3193674,-0.04134178,-8.826677,-3.7539845
2220,train_images/9ed6c2b25767.png,5ef93ba1b77f0e1f18f09ce94de703b4cc3ada644297de44574f6fac09a76afc,2220,0,0,10.096062,5.608059,-0.28845406,-9.478886,-5.745405
2228,train_images/419406328dcd.png,9cb64de1a55468fb1d374dda28959b9d75dba2c4477e55b80a5d3d69da382ff6,2228,2,2,-9.424267,-1.3366215,5.9438744,-0.20887756,4.123682
2235,train_images/6733544ae7a6.png,902ead0bd5e2c5caa56efcc562f4d3226d5b740fa89fc1dd475018af7f907d51,2235,2,2,-3.9265327,-2.2642145,3.4725933,2.7686195,-0.74892426
2237,train_images/e2ec22b3d07e.png,846bf8db7a3da1bda90bd461f5b20eb5e0b6414a3d1fc8c53281de55c78341c1,2237,0,0,9.798096,2.486063,-1.56497,-6.436178,-4.1920376
2246,train_images/72606afaf3da.png,e4c8fcb73dfefe34d7682b6e7b64d8088b34602f34f80daccd0bdd813d5bc7ff,2246,0,0,12.23101,1.8508139,-4.3811054,-1.3317509,-8.17111
2249,train_images/85fce24084da.png,9503f1a6f7c7a8ee411bea293ad2264a06a34242ad482ad3a5a8b606f9cbfe83,2249,2,2,-8.672047,-0.86115956,4.493868,2.0380516,2.0775738
2254,train_images/a12ca80bb8c7.png,ad34bfc971f4b40e6071af8b0fce32bccf02eb32f6d8fcb1e850cae10a344291,2254,0,0,12.096657,0.8180189,-3.143732,-0.997982,-8.6057
2260,train_images/5347b4c8e9b3.png,ba02f4b5afbb7cb5b32dc8ce570ae28639911db27f93057a106a86e35f71102a,2260,1,1,-3.7948608,6.037423,3.0452251,-3.4738007,-2.3293304
2262,train_images/4e43d05cc2ef.png,34d09fceb9ef8f2320f60f074bdde7ee040c7e937d9de27067aef454b1d1d729,2262,2,2,-7.087425,1.8421183,4.7152977,0.44339752,-0.7093601
2266,train_images/e821c1b6417a.png,a64c7f7d010cc33918206e84274c454edee4daa06ca2bb87f4056a8788848bad,2266,4,4,-2.7996254,-5.8277836,2.6262703,-1.0883408,6.5523243
2271,train_images/ca2b54b95ade.png,4cf449f9e9f7a238d0ec814efacd2a855b203241da1278b18d2b9adec93c7c22,2271,0,0,8.319843,1.1382542,2.1972103,-9.356892,-2.3251343
2275,train_images/4409965eb2a4.png,27c667efc74bb6836582130da5eec2c15024fafe9c89b40ef8856efde39d68f1,2275,0,0,10.375473,2.1619878,-2.0954437,-6.2732086,-4.074545
2281,train_images/fb767cea406c.png,5f67ab4b66a7191235479bd9725dfae8292b27b1672a9d1583d4fe964e489961,2281,0,0,10.52865,4.5396786,-1.2414532,-9.335691,-4.320669
2288,train_images/eeb231c3ef1f.png,0ed5cb8c0442e57dca97a6eae4abfd3d255efce03261e9bad44a721c5b611cda,2288,1,1,-1.4988174,6.1443577,3.9901218,-5.4918804,-3.5912743
2294,train_images/dad71ba27a9b.png,73808f3e2e3f8f69f0855b34d9a10c4b90e354dfedb1b800ea0ce55cf442d743,2294,4,4,-6.7619324,-2.0779653,-1.2447186,0.42556,8.859636
2301,train_images/e740af6ac6ea.png,b0d4d28b889d397baf01efe5d67e5ba4029ab302a719e62b525c4964fb940e7b,1693,4,4,-7.019573,-2.619325,4.6127205,-0.44322205,4.6562138
2302,train_images/874f8c1929f6.png,e0f121f6591183f4c2a2af7cc0bb3eb877936a801e31a580790ddbdf8212c767,2302,0,0,9.937378,1.4571929,1.4601364,-8.564638,-4.240078
2310,train_images/259d30f693b6.png,da66f4ea8736a44c41be7dd47e9844f814a2c2a6a80d2a4ba2720a8abed29192,2310,1,1,0.28399658,4.983221,3.7785187,-6.7110176,-2.7119217
2315,train_images/c0a117de7d0a.png,67cc0c4b0f6fb1b6edad6c6ddef8076ed66549c0e15a15aee7ca8fa2419b498d,2315,0,0,14.588671,2.4834824,-3.6271248,-3.4224796,-9.702663
2317,train_images/b0f8613305a3.png,6112c78e9666203e3459d5d5c17c2d7e7958b016a48443e3344e2f5720faeaa4,2317,0,1,3.841137,6.3899508,1.7375851,-7.7870636,-4.3455296
2321,train_images/17e6116b89b3.png,d9325cdb508b69c70b4b54d5718359f3b82b4302f3701d47d5e8a986de4077ec,2321,0,0,9.434322,3.1053295,-0.89912415,-6.7919655,-4.773939
2329,train_images/84b472c49cfa.png,6632239cb855a2dfdcc71ded22392cc4616ad8bb4aa67d04ddf9780e20370698,2329,0,0,11.76956,4.511245,-0.34941483,-8.547787,-7.1458397
2333,train_images/58c12863f33d.png,54339e45db9c8694cd96a435dba92cb1c25086b48761c75dbe6376467fd75988,2333,0,0,11.325026,3.7335176,-0.3726921,-8.332605,-6.1885433
2339,train_images/62b826899151.png,543ee349e380b69680a7a2b974c6e34449debf19474b2695e952265f2539e7a5,2339,0,0,9.762245,4.756378,-0.54071426,-9.854954,-4.0207634
2345,train_images/840a06a9c690.png,adcdc8279c0f3327bf9e68cda2bc1cb30e17ca8718f66c67bcca164a1fd6ffbc,2345,0,0,11.633245,3.7674847,-0.41612434,-8.901728,-5.8801155
2352,train_images/a3802934bad7.png,e97cafef35db45cbf8b2c0005b1a1fd3c6d0d664fe423520f580caffc46c3f3a,2352,2,1,0.036182404,4.6108856,2.1170273,-7.366474,0.24830627
2353,train_images/5cf9127f251a.png,879a7cabae45ec1b4827e77ca6edc92e75f0228d3498ad3255118fa1c6e14698,2353,2,2,-5.624424,0.8964882,6.298855,-0.77132034,-1.4464417
2354,train_images/875d2ffcbf47.png,8f2af6232c95309e34bb956b01db3fea4432892f2b8a7e495b95ac527ecb4d73,2354,0,0,12.716223,3.7630434,-1.3707447,-8.53009,-6.3255253
2364,train_images/bcd503c726ba.png,8d414fa48620c16cd2832ab0a75924f38c4ea6acbc2d837f7398d78fab51f179,2364,4,4,-6.9834213,-6.274121,-2.6073856,2.627861,12.410276
2367,train_images/2b10f138e67d.png,8cd436a82a1c44eba06fa0383b99dd65bd5ae22aa993cea2d8c64b338213345e,2367,0,0,5.831661,1.510819,-1.111412,0.42176437,-6.8004932
2374,train_images/4205e9deb058.png,7df35ecff11444b12a16ea69f917b69b0947cf51ad13036845161dabcfc84c4c,2374,0,0,11.033941,0.68486404,-0.5173054,-8.14049,-2.9909973
2379,train_images/aa8a1e814811.png,7943a89ecbb2ecec24b32d59f615bb1312031988daa5b81df3c39e6d982195f2,2379,0,0,8.947964,3.0545726,-0.5271416,-7.5144577,-3.8959942
2384,train_images/3f8d5c940ba4.png,437dbb93441b31e087c06e4f128ea7e09b6e488b2f95c1d7f0f71f5ebecb56ee,2384,2,2,-9.542156,-5.899829,5.468397,4.958969,4.000288
2385,train_images/a0cd7bffdaa0.png,d0623490035ab4d4c6502ce809348315b060bd5d463dcbb8827ecbbff065e008,2385,4,4,-0.93940353,-5.841666,0.38076591,-1.1422977,6.953882
2387,train_images/2cceb07ff706.png,6999ab73db13c01367ae204b0f29c22e17c9e31033408ef149683186e207fec5,877,2,1,-1.5594978,2.988536,2.803337,-3.6210213,-1.0686245
2391,train_images/4fecf87184e6.png,4cef06bd08181d80dd09827729f791f0a6ba5aafb1c962b168325e4747fa9d03,276,3,2,-7.0153694,-2.5430408,5.7860794,2.4512024,0.5420704
2396,train_images/26453eb7e989.png,64fd7d9873cc46e35ddd654116e68816b6ff019304b319eff285ac999f5ac0f1,2396,2,2,-7.0999336,-1.7633424,5.095026,1.6611748,1.27635
2397,train_images/19722bff5a09.png,cd834e9d9e273765341d800ec2865100caac308e80d9f16c66e4f57892b2ca71,428,1,1,1.2397156,7.1346464,1.228939,-5.832691,-4.113041
2402,train_images/8ae049175db6.png,a0327f55ebb7e7792ece4e6971063ffac104f2b3e7b274331e65b00549f29749,2402,4,4,-6.149273,-4.05401,0.70804596,-2.3885994,11.07123
2406,train_images/8fbb2ca39911.png,f3ca5002fed1be83ab6ac161fbc36ccaa8acb0682e44ed84714497996c1d456e,2406,0,0,8.67128,2.1733346,-0.81093407,-4.7176857,-5.3013115
2410,train_images/a8c54e2a4b79.png,8b4df0af4c8b77a45d51397aee4b8a593f3290788b70539b3d33f3e32cf781b2,2410,1,1,1.803482,5.179592,2.326727,-4.614023,-4.9721565
2420,train_images/e9286ddf6ffe.png,21dce3b5af6bf5c1aa1ba2f83545551b751ebef59b1eae647cfd5e4448bb2429,2420,1,1,-3.4560432,4.268408,2.611784,-2.487362,-1.5562763
2427,train_images/28a4d00927b7.png,38bf2f0c2b4c7e126b8ee91107a5387e747a478e4effe6733bffccea72590b01,2427,2,2,-3.421421,-2.3432415,6.7626095,0.41082,-2.028204
2428,train_images/d6f36ec5564a.png,1b35acc047ad7ee3123cc57538b7ee8a2db6f322e5c92ef7827f229e240b0568,2428,0,0,10.793226,1.9960227,-2.768381,-1.5831757,-8.340914
2436,train_images/3428230bf1bd.png,57806a61b48897c1f48d9dc2615c910eb065763058b614c93ad4709175495e93,2436,2,4,-9.698906,-3.770233,3.269741,4.413265,4.746599
2443,train_images/aebe87a423c8.png,da7e8b8ae96fbabe15a80f9fa7e59aa67815e1e6eb071472604d74330bf9b111,2443,0,0,7.4067383,0.5569334,-2.546255,0.52563477,-6.0140057
2449,train_images/afc345cc9145.png,84713202bb0dcec5273834672e9697415f95065791cf41f9d4859519487ed1da,2449,0,0,7.370182,2.4491453,0.92043304,-6.97538,-3.7445068
2455,train_images/1269ab57c2e6.png,d8eadea5cbe58c643ba71d787f020969df3059c27dcb81af9f7a04dc5cf848d0,2455,2,1,-2.5358772,7.8856163,4.287714,-8.646317,-1.5220833
2456,train_images/873fe0404d6e.png,aef6df0a2d7715aa75e40365a8dec51f49b6e16f8076d3a101a886fec4b53cce,2456,2,1,-2.5804825,4.789626,0.9645691,-3.013771,-0.6372967
2458,train_images/a646c084928c.png,d22990e0f7fb56e7cea0b7cace1a69315fe8781702b8d61dbfb93b2ae208e7b0,2458,0,0,6.6891785,3.4477434,-0.13107109,-6.920986,-3.1585426
2463,train_images/78a577c3e0bf.png,2fdb4cf4ade9ae3f3d71efcb7b446cdbf32cbfe6f14edc5773ff385040461e5d,2463,2,1,-4.979595,4.353304,3.3839493,-1.2781067,-2.0623322
2467,train_images/6b128e648646.png,90d341b368e4c8fb0246d46b65cd5dc3de16638c033a9e5ab75e2bfa0ec8f501,2467,3,2,-8.625683,-3.5200033,6.667557,2.0524445,2.4569416
2468,train_images/5a36cea278ae.png,654cb0c461256518d5c5f205d9bc3235e641b01afc35f685127eb56ea80acf23,674,2,2,-3.5633812,5.7429533,5.8795986,-7.1657352,-1.460371
2473,train_images/565f3404f9b2.png,343396257fddcb0c92e67250546a89939c5cfc21527ad36a2e7b685b29b71844,2473,0,0,10.98801,3.2293358,-1.1658936,-7.7917633,-5.0944996
2481,train_images/c280730cc211.png,cec89daff48f972c7132f8aa247deaf58af6f3f6c067dae42225f8fed79cd5aa,2481,2,2,-5.6943283,-1.7223189,3.3045502,1.219223,2.1177616
2484,train_images/535682537302.png,4681f5b794d3e945a408c494d02d26997c5ee7b6d102bd2105520f3e643ec269,2484,0,0,13.024929,2.8857293,-1.0949745,-9.345257,-5.2623177
2492,train_images/e4210e7fe587.png,bf04e3b43b2e6eb4a6fe81b2b89781951b950456ba1513f25126e6c621f6cda5,2492,3,2,-5.7880745,-0.89992,4.6560555,4.572109,-3.329546
2497,train_images/aea59ebec445.png,97c3087aaa80c5554b37acc7d4177a4551cdeb1189c30817dd100ed625510dda,2497,3,4,-9.454517,-7.6905065,3.1145344,5.9357605,7.050894
2501,train_images/2585bbc91909.png,0b79f5a7acb94aac6f4aac4590fdc74673eb4c072484f7ae0b4240f5fd886370,2501,0,0,12.4042015,0.9059191,-3.9251842,-2.164919,-7.047758
2509,train_images/9dab2e6ba44b.png,029e6c9bc4d0a1ce1651b567eb79fc5249a7e10198f0c8f512390cb86e3b7298,2509,2,2,-5.3026924,3.0679483,5.0019093,-1.8040695,-1.5980587
2515,train_images/e0863b353093.png,6b4e71c1b56c1afa5e1098ada4c9c80b20a9a504dd2ce7b9f39b3619f256acc8,2515,2,2,-8.33028,-0.68464804,6.332922,0.27838516,1.5228024
2520,train_images/03a7f4a5786f.png,e9b48aa4e591398e31a6092e5b072e2111cdce41a39681fd3acc5452a9752d46,2520,4,1,-1.7639503,3.5643196,1.167942,-0.60134506,-2.786316
2521,train_images/7f43becd3e83.png,5e87511c814854bf551cbef4717806d198e53dd3007c0fd762b367774fa60812,2521,0,0,10.564457,4.3549623,-0.28149605,-8.241079,-6.211199
2524,train_images/fc603cbedb41.png,630512f98818a4c2595363498973b4b834d2b1a18c0ab4dd455af015fc4d2d93,2524,2,2,-7.843483,-0.30370474,7.343258,-1.8333778,1.7695255
2528,train_images/03e25101e8e8.png,3dcfae019f3fabe5ea1a47129255b62456d364a16c2c1ae66012b8a3ec3748af,2528,1,1,-5.1461563,4.000495,1.2417297,-0.9148407,0.18881989
2534,train_images/bda8c973b09d.png,7499374f23bd653fa14251a85dc97d3760746a48992a09ffa9d1560e2ecd5ec0,2534,2,2,-2.4092598,4.352396,6.360756,-6.28817,-2.5482464
2538,train_images/8c0d05233238.png,a582a8c375bbde60029bee0ae6b0511add03997aff334744296bd03d09f554f4,2538,3,4,-6.866604,-5.769474,3.4301414,2.8585014,5.4421864
2549,train_images/3748349334f6.png,18070f6b8a08cc20af00cd1f9e14fd82f45683a16c3c4934095c7473a57e3105,2549,2,2,-9.230412,-2.7719011,7.0633526,1.7994652,2.1599522
2553,train_images/4a96c28f3f07.png,7d8c53468983286f39cbd24b2d9e094ef4e0ffb14b48b61acc30a5ded6828e59,2553,0,0,13.214682,1.286161,-2.6705093,-2.910265,-8.705847
2559,train_images/e59c5f345bb0.png,bee07f0075bcae99f3a3915bdc6d12097c756bc0dbac9ec2dbdbc03e5958d16c,2559,0,0,10.405556,2.8653808,-1.4668541,-6.556801,-5.112728
2567,train_images/08b6e3240858.png,5c7f15572922effd7911fc8f8d8224db40a6e66076d7083e1cb37721d2d543ad,2567,0,0,9.063526,4.305522,3.429205,-9.057617,-7.6486053
2571,train_images/0b64a0a06f9a.png,a7eba3811fe1e29c2a9e4ffab0d14dc37344251f960af3cf50f79f34c02aa8f8,2571,0,0,8.969582,3.8658628,-1.5988846,-6.282295,-4.843054
2578,train_images/0fe31196e0e8.png,a2c41f7855c0bd191421ca936e6f371a71522c4b3790bfba160d80a83e8866ea,2578,0,0,11.400551,3.0940223,0.2481575,-9.287413,-5.2910824
2581,train_images/12ab2f6397f0.png,794e24cb1663d87c7ff1ff9f2d09071554b26870a49eff18baa2d8ed44934078,2581,0,0,10.181545,2.0492558,-1.2716751,-5.6328125,-5.2116165
2587,train_images/1633f8291a80.png,5a8c7d296f976e9f53bb045bcd06dd2dbabc22a89597771f8730e119f38fcd0f,2587,0,0,12.087013,3.1944437,-2.0838375,-3.6101303,-9.387554
2595,train_images/1e742358e0b9.png,540aaab17ab449e6a4d8945b3a87f2025132b9393da577ebbf741b39093d8684,2595,0,0,11.10552,6.0633926,-0.56180763,-11.574007,-4.8329887
2596,train_images/1ec95179cdfe.png,6756f56eb7e283ac8f88c78f1beb36223f7a232fac4c5cd6b8208aba984c252b,2596,0,0,11.935341,4.0786047,-2.5398827,-7.118891,-6.113371
2604,train_images/260a455692b5.png,8e484b9bace2c092714ddfb727af9a88146346b93b97bf9a36284671f3cca40d,2604,0,0,9.3985405,-1.9745054,-2.8457546,2.7691803,-7.342655
2605,train_images/28751f290ba3.png,a5bf95589eace7e8dd7a56f98ec8ef4387bee177401738e1bf1437b3b2e86aab,2605,0,0,8.597961,2.9717927,0.80906105,-8.842327,-3.465582
2606,train_images/2923971566fe.png,1c48ed154b6b7d7018810809fc62c9504f67b3791521f5dce5c083cc6b2f58bd,897,0,1,4.276371,8.176954,0.6252861,-9.245003,-3.9637241
2611,train_images/2c9dfc270f1b.png,f4e5e0f3c16614b9d7d5c5772b39921838c5ea2e52d9e9b1e3bd2313c2430192,2611,0,0,10.663925,3.323844,-0.19607162,-8.101162,-5.574152
2614,train_images/315c1a0d87fd.png,1048e7506af33c59613e39ddd03ce0a161c1e4475139a377f96d78e5bf1611f2,2614,0,0,10.627842,5.2795067,-2.0937843,-9.215466,-4.43112
2619,train_images/351e842842a2.png,f13c99202dba356a0c50344a39b7c0357e98fedf969c3ac5bf55196c9d5e2515,2619,0,0,11.651865,2.541607,0.003973007,-7.341463,-6.631239
2627,train_images/3cdef7c591cc.png,9f12182ab555f07f2784899c652c1119b050eb68acbce8f9fcc2e45cce6c29d2,2627,0,0,13.477402,2.8684597,-3.704937,-2.3657322,-9.999893
2633,train_images/43e9c66eb0f3.png,205bcb5201a1e4c86e1dc3f5956c513cd2dfa221cf5092d12ea32a078e9e882e,2633,0,0,11.475069,2.8764234,-1.5333748,-5.970833,-6.611332
2636,train_images/44976c3b11a6.png,b36397166d3c79fdede42cd4230f5721e8f22ca7463d4650018c845dc06d88d4,2636,0,0,6.941181,4.361923,-0.87418175,-6.274004,-4.1938934
2642,train_images/4b237b958555.png,a72456e3a6aefe2310e9ca65f7f341b86ea2469194f18d31f466e3079014d742,2642,0,0,7.2826576,4.6565943,1.0363102,-9.199116,-3.798975
2646,train_images/4cfd22ae43d4.png,3b2e0a14932bd0a9b987d850450e4017dd0c959d1ca6291e0a621866e9f6718f,2646,0,0,12.37599,2.3327293,-2.0911865,-7.1582413,-5.271015
2648,train_images/4dd14c380696.png,1ac14dc20b81e7beb83139712c7a49df1f64d02fdeda3e850dc88d4e5b99f1d5,2648,0,0,12.267296,1.234746,-3.1048012,-1.7603321,-8.46924
2650,train_images/50915e2329a1.png,63ea75c992ee24495ea92f95909e8bf291b5fa66311933e749c24c9134993ddb,2650,0,0,13.911112,1.5334668,-4.151989,-3.014799,-8.0017605
2655,train_images/54334705a34d.png,6d1d00d45b87310eb6210d2b16a00299de9fece4034d6caf5aa0a0fc65eeb881,2655,0,0,14.137686,-0.5691166,-3.67552,-1.1474781,-8.52145
2660,train_images/57f5ad4b5b29.png,669c4127aecc9971e7a3cb805221cb458f9aab2605118c4430a5bd253bb633e0,2660,0,0,8.684841,4.5300045,-0.9823704,-7.755722,-4.403282
2665,train_images/5d4e5fd34d91.png,8181429bb29a2a119ee12e3ebe044fe9583670406220797e392835da5e7b4869,2665,0,0,13.558691,0.8184023,-2.796627,-2.0776958,-9.266668
2671,train_images/65f5d2a6eb7e.png,e0160f064501b465846911c364ca44ade96556f4c1413e3465452b037af4aa47,2671,0,0,10.17865,2.1489334,0.33927727,-6.7824993,-5.8223
2677,train_images/6b664ed2a938.png,b9607aebe4cc3b3c55a7388db466564bd10493353709ec810da9e0e2d5788d4c,2677,0,0,10.829439,0.6889267,-2.849434,-0.22256851,-8.353489
2683,train_images/6de39b94f634.png,901e34123bbfb88bbc874128a0fe626f0f93700a7373cce2419b9603cbbe5741,2683,0,0,11.738647,2.4752703,-4.2409954,-1.7091103,-8.113699
2687,train_images/76095c338728.png,9cd1d0a7945e5ffae02e5f793c7f06a915eb63af78f7de78a2233153443ac027,2687,0,0,10.2324295,4.4306316,0.1988182,-8.039692,-6.6801815
2692,train_images/7b9d519cbd66.png,66c321c10811c6b53c3be35f7a0db533c9bc6790bf965110ca339623a0dea47d,2692,0,0,11.774601,3.270893,0.71409035,-8.772734,-6.7618084
2697,train_images/7e9081e95bf6.png,65fe78a1cf492becbbba72837ea0af37656044aedc59a39d07b5caf70a213fc2,2697,0,0,9.76474,2.4895825,-0.1434536,-8.307446,-3.713354
2701,train_images/830e297965a1.png,743aafbbca1d21e6118721d16993a7ddb1bed025d6fc9764c8dcecb3eb435813,2701,0,0,12.434708,1.388773,-2.4070415,-2.2886486,-8.972467
2705,train_images/8650d32f4a9e.png,52b170a5d199e74d22c4150adeea8b6d0daf29f22422e5c1b7f136b81a4ac879,2705,0,0,12.469355,3.6992111,-4.903799,-2.6635208,-8.366211
2714,train_images/8e7981855125.png,ad63a1a1921001f3b33e3fff59e2f63f78ed911d7eac083525d5a9b6595976df,2714,0,0,9.556095,-0.07545996,-0.3953514,-6.186369,-2.819767
2718,train_images/9287e57326d0.png,ebd485c08d7093f8ddc6ae79cba2454afdbf7c2b9cb2af99b8290fc5cdfdb6f2,2718,0,0,14.471445,1.3969073,-4.2850494,-1.4651604,-9.842823
2720,train_images/974c7d7b9c64.png,802ff7245a25798a4ae7bf929e0ea23c595ca64b3db80c9ef5ba7f27166636d4,2720,0,0,10.7000065,3.046928,-0.42547798,-8.930475,-4.269598
2730,train_images/a1e236fbc863.png,aa4d054a5963bf9390478b7757d332c9f8a09f39a9f7592f070913a75bd3b231,2730,0,0,9.988289,4.2625284,-2.4592247,-6.806696,-4.8582325
2734,train_images/a45c30da0c72.png,5b5c046fce9f7c267b47a87c068f167865155d2fb597fc6f2387b81315fb9dfd,2734,0,0,11.118532,3.6414862,-1.6664848,-7.109543,-5.783329
2743,train_images/a987aa7aac37.png,f6354bef853f57f25ba50f58c538a34e74a036cc413c7ca78ab0f59b1fb583ab,2743,0,0,9.976112,2.9753237,-1.0533943,-7.233549,-4.533869
2744,train_images/aa94cc4bfd84.png,fa564acf51158673a9c1afde38f31eac41bf8321e663d0036d873ce9f1613c5b,2744,0,0,10.046307,2.3391695,0.053222656,-6.374737,-5.965275
2749,train_images/ac0a48ccbf70.png,a830adf17d01f3990fcec74e0efae2393b2e2209f0bf803a6ac694f00aa4db77,2749,0,0,9.575653,3.464116,-2.9110413,-6.003477,-4.019207
2755,train_images/b598bc9753c2.png,3a5b90391a0691e670983bfae3694edf82150762152f5a399bdc79548799be25,2755,0,0,9.078396,3.998004,0.7922821,-10.098848,-3.702757
2757,train_images/b5e6ae31493c.png,1a36ee2cd30ad881f1e81cb9a964f2024390c736b1f51ae4f42d4ada9db4d54c,2757,0,0,10.953093,2.385415,-0.6791401,-9.097118,-3.4393692
2765,train_images/beb00fa6e7c9.png,08182d84db4f97ffe0689f2d388db7067426d2a4da530264f0757a6677e819bb,2765,0,0,6.1718216,2.2311468,1.8197422,-5.0989456,-5.21924
2766,train_images/bf7b4eae7ad0.png,8581d9c8f275c67037ab0f3b537eb01a6385c9bba7da1e7bf46950ef5c3a3346,2766,0,0,11.723696,4.450735,-2.2830696,-7.424158,-6.2622395
2769,train_images/c1437a7a52c9.png,6a667bb4c75d854d9cea75a592ac1849be8ef81b789f82784a0ffba3ae1dbb23,2769,0,0,7.404518,3.3458338,2.2894783,-8.340637,-4.7082024
2777,train_images/c62cef02efa2.png,742c9f2ee6fff4a007561c3cdeffac1694fefad087e5efb33932cbec6a5c3153,2777,0,0,12.453989,4.1407127,0.032981873,-10.135551,-6.2595177
2782,train_images/ccea49708830.png,ff7f0e9fdfcb15d67a0f0db7d09e7ef8cdabcd38511a71b0eb9155fac0fbea37,2782,0,0,10.5816,-0.25164557,-1.4920712,-1.3841667,-7.4012547
2783,train_images/cd563556cb57.png,d2e9bf7c5e2701313e30a6ff8387c4162e0c07f2a575a0d7cf481d88d0c9d73d,2783,0,0,9.141651,3.3323164,0.32379723,-6.112934,-6.591017
2793,train_images/d871895742b1.png,5c1800cbc263555bfc031c7b3866ee68466f692969aaef97027ab7df236817ff,2793,0,0,12.757843,0.9762721,0.44037056,-8.366901,-5.541624
2799,train_images/dea7538bb91a.png,28947964c1dd6a06f5c9b6c815b9300aa2162ad271f37fa019b8e0dab186f733,2799,0,0,9.56131,4.4458456,-2.0604515,-6.297224,-5.5513344
2801,train_images/df6d13d04da1.png,f52a984906a58df97fcc1fdaeeb12591c7f212adc817d7d69429c825bd85420d,2801,0,0,8.913265,5.0104303,-0.39901924,-9.04681,-4.4009857
2809,train_images/e893e86dde94.png,b38ea174f9dd04ef911461a0b6bc622cc1a2248eb10ff327226366da7129172b,2809,0,0,7.168915,1.7514682,-1.7001572,-4.211622,-3.0371819
2814,train_images/ecb4500285ed.png,8c4c8d9d7ed110b58db715e2699e068b2aabf8a7e5049bfd29298b0f9378d6a4,2814,0,0,13.828188,1.6737242,-3.4258766,-3.194025,-8.604904
2817,train_images/ef4121e9bb67.png,23d50714143a08dd3d3f67478625bffd5a8b62441f2bc8b7b33c15a3f2bca402,2817,0,0,12.448837,3.9914885,-1.1155567,-8.311174,-6.7866077
2824,train_images/f85fd4fac887.png,db08a156738314c0b98cc0833a781a7bd940e48d19030316d225990b46959e24,2824,0,0,11.715227,3.4466248,-0.8414326,-7.7450066,-6.338114
2828,train_images/fa7fa797c650.png,3b4c1ac29cf9576502f1fa091a7b60c00e1370038e9772247313dba1ad5c72e7,2828,0,0,11.260729,1.7566509,0.31108665,-8.550701,-4.652115
2829,train_images/fa9f1bc03f21.png,6173f14fcf7fcba8528ca7875606426f476f80a638e8eb4e69e5a467a140cbf2,2829,0,0,11.2058735,4.1559124,-2.3731365,-8.13748,-4.6780186
2838,train_images/1b329a127307.png,3c15988e1644dc88a46478ec2c2fded15f38c9c11d0e7dcd548d328205c3bc31,2838,1,1,0.25260925,3.2551985,1.4950619,-4.731003,-0.69125557
2841,train_images/1df3e03a8f5f.png,f3e446433c3ef52203bcc5d94d8d64ccc69199580d11cac4dc2d4f2da78ebca2,2841,1,1,0.9034462,8.453479,3.0953083,-9.971073,-2.7775497
2848,train_images/33b893e18eb3.png,0e53811bcdb3f36a6e2268dd049d6b381b54a041122ab64c91f7f5c1177f14cf,2848,1,1,-3.0549698,7.3520985,3.9883785,-4.4655666,-4.3708572
2851,train_images/4da2961e62fe.png,99400ad7d86d70d264537a999a784aa645cdab8005f72ce2a09f5101f8192564,2851,1,1,0.022949219,6.993438,-0.22056007,-5.8455334,-1.2220078
2853,train_images/4e6071b73120.png,2f6237cb5f663e24a149e44a329511c06115b7e517bd5e8dce180e4d2585d56e,2853,1,1,-0.27505493,5.218934,2.4324875,-3.8450623,-3.9771404
2863,train_images/7a3ea1779b13.png,ac3c47f35f5139dc134e1bc994b05a26d60b139420d0f7a8ca83d78f7d648218,1641,1,1,-0.21638489,7.487422,4.350527,-7.8658714,-4.132662
2866,train_images/8273fdb4405e.png,82049e057dc9b75004f929fad707f343af97c14e1866008b4e4a7c81120ce090,2866,1,1,0.61779785,9.577416,2.943966,-8.961472,-4.4640427
2872,train_images/b07bc463b718.png,b900f733e02fda82a3f6a96cfe9c04ff688cb080bb5bdf5b17f1aafefd8a2654,2872,1,2,-6.227688,0.29173517,3.8966503,1.3674316,-0.035993576
2878,train_images/d3de0d313d61.png,fe719dbd15479a28af428967beeeda4757576fe8611f3eecb43d6ff76a3272ba,2878,1,3,-7.262104,-1.6523569,3.2649708,5.76799,-0.98830795
2882,train_images/dbd062558b81.png,96d4fa56e1bf2998973525ba1b0b5603c9be923c33b22253ad0018defa284410,2882,1,2,-0.49335098,4.795102,5.5872517,-7.7522926,-2.5084133
2885,train_images/e55188915f9d.png,91882c1347d3050180f832762d768d8bc2a6a2a28ed8023fb5cfcfd9bbf7eb2b,2885,1,1,-0.010349274,8.523086,2.0980911,-8.0385,-2.887577
2892,train_images/0ac436400db4.png,ee24d11f6b2baca75c1cf903056b143d59f85284f725cf47f2b4308301d3ae8a,2892,2,2,-8.116341,0.11432505,5.983637,0.95822906,0.20733833
2894,train_images/0dbaa09a458c.png,4ea48a7ee77ecae6d22e6513102d830868ac7cd5ca167d4d5e44f01353369512,2894,2,2,-6.001255,-0.010719299,3.969326,1.8372612,-0.54013443
2907,train_images/23fca0693e2a.png,532267f98752b747679c5d89f7019fe92398737988e28cd7c8545c4c3b0e1989,2907,2,4,-6.0247574,-3.6498654,0.8203411,3.3955688,4.6520863
2911,train_images/29580bed2f7d.png,3838668f9f0f6c0786d24e5910aa9c6e732207c97aa0176816061266016911ec,2911,2,2,-5.7717056,2.409832,3.4445362,-2.959015,2.157671
2915,train_images/314862758acf.png,cc947172d6b32cef08bd781023e37f3c7092f6a0bd73d8ed54b784523e21ddca,2915,2,1,-2.4909706,6.5257034,1.0814171,-8.095467,2.4591923
2922,train_images/460893cd86e3.png,426af1fbf8cfa58a0cd3788a57eafb77f68f8498e3fc1a0204fd957956583e02,2922,2,2,-3.4958305,1.8986497,4.878607,-2.9749794,-0.9992676
2924,train_images/4c52922f3bfd.png,c00242f1972fa9d840b29cdadd02f5006e7cfa770e7559295a39f6b3bda96752,2924,2,2,-4.5205383,3.9933243,4.266777,-3.4291382,-0.90174484
2930,train_images/523d0c2cb4d6.png,8c619ed2a73623a92282a60dbd5cbfa07daa10f2775757a2610d078fd80ee28d,2930,2,2,-9.614391,-4.2220316,5.9308796,4.402256,2.5177746
2932,train_images/57469423a012.png,404605ec0333a34fc25e007e9b26ba332ca87f49f225a7f3a4cd80850b736885,2932,2,1,-2.746666,1.3010788,1.187603,-0.9071884,0.6056576
2938,train_images/5d024177e214.png,52ba702df1329bd4dc8c0b94c51eb46860a3ac6e7543480d4336f2f61b0d6cff,2938,2,2,-6.367836,1.5907469,6.994932,-2.4603386,-0.52968025
2943,train_images/657859f893d9.png,15aa12a4d362dbffcbfadf54b4172299c10405262184894a7db11cbf379075a5,2943,2,2,-6.6333237,-2.4979677,6.5923195,-0.6240387,2.324957
2950,train_images/77f69c7ff324.png,ea30e9b8ae11257ad8d29e0c1527c50fd1baefabf7ce33cf6d4310481847a195,2950,2,3,-5.6265755,-3.4215524,2.4910316,4.326744,1.4118328
2955,train_images/7bc2e0fa3f72.png,e513371e7ce05138356e450d5b4ccd6b15fdd7a39b705b8c9bc7b432379fb1c0,2955,2,2,-8.142536,-4.7189837,6.6934986,4.232868,1.0469112
2965,train_images/89b725411cee.png,48a4767f1c8851853d6f7c6039016e32891f51ff926fa8abf3243f6e321fc106,2965,2,3,-6.769741,-1.6444168,2.4965687,5.536865,-0.42157555
2973,train_images/94a67ec0714f.png,2e25958bcf5a14e210e56ea559363b2b7ae99bd5361be943d9cfa0630306ace3,2973,2,4,-7.5269394,-1.5801156,1.851881,2.188923,4.1911716
2975,train_images/9a4f370d341b.png,c27ea2913e6311e48e07573df3b7976684aa0b2754e1491ba1be67a9f3375db0,2975,2,2,-6.8121185,-0.7705078,3.8676662,1.5901871,1.3166943
2976,train_images/9ad92f1c1542.png,cbd04fa3b714428507e55cd9a367662af3563721da922d94b04977b3051edfb9,2976,2,1,-2.3098106,4.443117,1.4360027,-5.8791943,1.793333
2986,train_images/a688f20f8895.png,709608ed15add691b74215c2956e9f63d8c95f993a403ddf5c0dbc9795ea7d5c,2986,2,4,-6.058029,0.1901021,3.792593,-4.85548,6.1885853
2990,train_images/aa5ce75edcf5.png,d0f46fac55ce0e877e9b2416fd9f73733a974dc7376b889abb9bf04f65ea7548,2990,2,1,-1.2805519,2.5767226,2.2545319,-2.4819832,-1.5648975
2996,train_images/b3c0c3330278.png,94550a55f6744e7a116f2eef56432bef249c1be2b7c6f938ff46beb0ff3c686b,2996,2,2,-7.209858,-1.9026837,6.511322,-1.9865665,3.7037487
2999,train_images/b8fb9f55cd6d.png,0f6cf6590e2dd91e3b7abfe7f196d5322bc0b69d6ffdfbc2efb15b428d53418e,2999,2,2,-4.221134,3.4490519,8.074249,-5.3904495,-2.498869
3002,train_images/bcdc8db5423b.png,ee1c59e42bcdc90a564674b7e00d832125bdd198a90d94dae9bc6c8c108d1b08,3002,2,2,-6.3806763,0.11740017,4.151781,-1.0640202,2.4070988
3005,train_images/c05b7b4c22fe.png,12a07df5bbe335d27c04b0e874d773c8e525d33e4a0e56dffa0bfa59d8172d46,1004,2,2,-5.0884056,0.5286503,6.6782722,-0.60438156,-2.2430687
3013,train_images/d473f6fafba0.png,d693094809173e1852d7d2c9775e74610de89d31de828423e748352c5c0bed47,3013,2,1,-6.1569633,5.672387,3.5765343,-3.0815735,-0.65150833
3022,train_images/df3adfd6ba36.png,1cf7887733912fde65c40f343f59cb382fd183817fee3031de7cc2bcbfb74d77,3022,2,2,-5.3861694,-4.0734034,5.9230385,2.9339638,-0.15755463
3028,train_images/e85d410d6836.png,e3796ace1dc45bd9ce4c1ceffb68a7cb2e3448505f646777cd9c64f5cdccd5e7,3028,2,2,-5.7927322,1.2273755,7.291624,-1.8874092,-1.5840664
3033,train_images/f920ccd926db.png,ee1c59e42bcdc90a564674b7e00d832125bdd198a90d94dae9bc6c8c108d1b08,3002,2,2,-6.3806763,0.11740017,4.151781,-1.0640202,2.4070988
3036,train_images/042470a92154.png,2416203850591122af6284a780a58d736459c0bc88eec4929ee25ee7065d12e8,3036,3,3,-6.594944,-2.8817146,3.4296703,5.406807,-0.21777916
3040,train_images/24b87f744598.png,f8de2ff8e0327772ca0c7d083c067193d8c36d4418af50b3817bfa4f337023af,3040,3,2,-9.596249,-3.8828208,5.9166126,5.0329933,1.5064945
3043,train_images/4c60b10a3a6a.png,cd8c7ed872ae926d382baaaf4b59f84cf842ac017421f053caef04c0aa56de37,3043,3,3,-6.526909,-4.5138235,4.654072,6.377228,-0.8685322
3048,train_images/7b29e3783919.png,67db095fbd0b19645dad5ad50b9783a800ede8602bf96df095080a9b2a38315a,3048,3,3,-10.57299,-6.4257665,3.4805698,8.9123535,3.589796
3052,train_images/a9e984b57556.png,56d3ec0418028c54bc200bb083f8a8b274550a95931877fb36b6c1033e531bc8,399,3,3,-7.998455,-4.784687,4.8888454,5.51598,1.4713993
3056,train_images/b191ba0a2b12.png,3fd08513e87763416bfe9afb9ee44315e28cc8db4a69b880cc09740774117e63,3056,3,2,-7.046791,-4.4142923,5.485609,0.02293396,5.122427
3061,train_images/d0ffa0425ef1.png,39026132eba22576a44f3482ce90121b30a19cc3e6683e5df4f1eb5deca7adf1,3061,3,3,-7.4540443,-3.6285536,2.1669445,5.983345,2.0649166
3062,train_images/fda39982a810.png,ee24d11f6b2baca75c1cf903056b143d59f85284f725cf47f2b4308301d3ae8a,2892,3,2,-8.116341,0.11432505,5.983637,0.95822906,0.20733833
3066,train_images/1fd5d860d4d7.png,cd35ebfb992b5b3e2b6ca54e6805ca37b75462953a230a65e991557c00b017d2,3066,4,2,-6.904831,1.6699605,3.3058338,-0.98342896,2.1362934
3073,train_images/3c78bfca247b.png,2508d23d4a1c85fc7c28810e31acca98663a6bf7aadcc6705470f803b814385a,3073,4,4,-8.598797,-5.034505,0.25112724,3.4890022,8.951612
3079,train_images/6f923b60934b.png,d627a4419a5e990ccd193f4ff41a63e553ca67d0f8a32e64540517419cffa91f,3079,4,1,-0.51779556,6.7652855,2.7599487,-6.425598,-2.964199
3083,train_images/857230f64a2e.png,55201060a6e73e0539cfe704cc0644426ca88195fe3ef7adfd80c95603dd9e50,3083,4,4,-11.049931,-8.6538925,3.0170097,6.5556145,8.983763
3086,train_images/9859e2a6cc24.png,90e3f8038d9f4c6459d2566f2fedf64b9a1ae61a27578c8fff982ce560f5bd1f,3086,4,2,-4.235962,-1.7981575,5.1529484,-2.0986462,2.2372189
3094,train_images/bfdee9be1f1d.png,81d00a18650d15c50e316b4e8694b0444cfcfe98c56ed077ad8056729377587e,3094,4,0,6.9949837,0.43666267,0.7731285,-6.2362633,-2.0159626
3098,train_images/d51b3fe0fa1b.png,b41dbbf3c088e575eca25738629504f9b16cdf9f7eaef751ea2ec6d84e30c03d,3098,4,4,-9.170132,-6.5546217,4.0371437,2.9821815,7.711851
3105,train_images/f72adcac5638.png,6b92b1fc6857a3d3e533275abce8b706b1f75bd368e117f68e5b3964a54b9db9,3105,4,4,-7.0849037,-5.4879303,2.7818184,0.7722511,8.11244
3111,train_images/0232dfea7547.png,4aacfb4939e4c24efc3bd08530d1ec1d17d3c00143e937fc5633eaf2aac2a970,3111,0,0,11.918339,4.1069202,-2.4386787,-7.3272057,-6.050659
3113,train_images/07751b94a88a.png,ab11345fbda21241110f0d1bf2081ce0f66104cefac34c545fee20fd186cf9d8,3113,0,0,9.664799,4.9953966,-0.081949234,-9.428675,-5.0377846
3117,train_images/09f1111a388a.png,808b27400843c1616892c84f533305d1ad92c92666c78cc59bccebec345d8282,3117,0,0,9.76128,2.1789079,-2.3566456,-2.3493767,-7.1821003
3119,train_images/0da321efbce6.png,9155ff55232305385c518af93c08868aa351ebafd30705b09644a8a7d8938b61,3119,0,0,7.666485,3.5311966,-0.3475628,-6.337309,-4.505224
3128,train_images/164cd5a3a6cd.png,8502bb39b1c9ad9f7081d7bb192eb152e995153509e553f1977dbc0e418d5ee9,3128,0,0,13.085503,0.64943504,-0.26514816,-9.406565,-3.8002872
3132,train_images/18ce0cdc473d.png,5e674d8a90da639663f55efd7efc4adc68062e8df8c24b3fdec73a1fcc9c2fb3,3132,0,0,8.680946,4.1398354,0.63789177,-7.840185,-5.559515
3138,train_images/1d46f1326394.png,d95dcc3f20bbdd02ce07b7c7f94876e4a9e516be667c439da0d7f3676124002c,3138,0,0,9.040455,4.7703094,0.11138153,-8.528887,-5.3070908
3145,train_images/22d843b2bbd1.png,85fe50ec4907049afedcd62d91cfede3fcca6f81797bc20b3121d3366714cb0c,3145,0,0,11.889416,0.4678316,-3.332594,0.1838913,-9.054224
3151,train_images/2bb3c492d6d3.png,d4b879aed9b05f813af0479c412e864d7eedab7a20d4bb5f039458d93228ba46,3151,0,0,9.514652,1.5971313,1.3455048,-5.5667,-6.781685
3158,train_images/3325b1fe55d2.png,7177e72a9627859f0ac8332a8f0e2a43fa8d848f2a2820ce2ba08fbd22097f18,3158,0,0,10.020557,2.017702,-0.58582115,-8.000038,-3.4074917
3159,train_images/33b91def2035.png,7a9dfdda0dba0e2ebe41d158d028414ad2656405309cd3ef3852b4ab0cb78a6e,3159,0,0,14.760609,1.7646079,-4.9278126,-1.7239723,-9.57748
3164,train_images/384e6c915722.png,e91f02df2d9ffcfd3ace5f5f0cb73a011666aee3068154a7bc1346f5acaf33d5,3164,0,0,13.671625,2.7181535,-0.9047146,-9.172411,-5.9513474
3167,train_images/405085b53d7b.png,9134cb5e96f8a2d0eab317f5e488b9c666aae7af012708775cf9b13fa47407e3,3167,0,0,11.858686,4.9903364,-1.0693455,-10.271933,-5.295969
3176,train_images/46acc506fa61.png,e441944b85c30410cc75abd8d7aae592773be12a73bfc731e40f807bb58994a4,3176,0,0,9.93203,3.358058,-0.78977966,-8.418123,-3.9866486
3179,train_images/4926dea289f8.png,1fc7cbdcd4dfbb89b19778cd49a6e78fe7f3caafb3b0756e84a1189b0ff5793a,3179,0,0,9.692501,4.591256,-1.2751789,-8.65675,-4.2526436
3184,train_images/4cddfc22b0ad.png,9152f12b9540d88ed2360aa4b53eb853c414d60f5ba6f04e64d00d2401b1ebda,3184,0,0,8.791954,3.7396317,0.29011154,-7.990303,-4.7767544
3190,train_images/51a078d6d43a.png,b3e7f8d668e13981ec1762c963f8885511fda223150efa7cf0bc7a0e1a752b7a,3190,0,0,10.663408,3.8436718,-2.1068497,-7.6950397,-4.557827
3194,train_images/529906ff9dfa.png,3e8c17f8574c293abf407bee6a814f3ebbf877b190a238f06348cc2549182fde,3194,0,0,11.3041115,4.9756584,-0.054344177,-10.422926,-5.6373997
3199,train_images/5a179c123fd8.png,dc63d01e0fa97fcbff6fe2996ea518a27ba0e78c7f95784be71927484f401a45,3199,0,0,7.1183357,5.6419964,0.60988235,-7.906658,-5.3999615
3206,train_images/63e041a757eb.png,edfbadebc1058499d2add76080eb9931ec9fd025d785eb314a0a17bb6e4a8bd4,3206,0,0,12.8253765,1.6403723,-0.43073463,-7.7976513,-5.9499874
3212,train_images/6e092caa065f.png,c030066d0fba67eb4bc76efdcf9016b4acc5d00f9ad6f509816db52c03aa07bf,3212,0,0,10.373642,2.3774042,-1.0926933,-6.873745,-4.6833267
3217,train_images/7269a1d84a57.png,bc6094b7c6bb1c10f8e7cfd5cc5210c87c9ac8bdc52f025042f9cfd9bf5f3490,3217,0,0,12.124203,3.288146,-4.107321,-2.0117283,-9.080914
3218,train_images/737ef6226677.png,7faab28af108542d2345b7a2fff14614fabec34af74aa3170817ad226fb85531,3218,0,0,12.593006,4.936385,-0.7816887,-11.16024,-5.334219
3226,train_images/7a6495a39d87.png,ccfae353d24c6cf304ccb4b07c0d6bcc4083d74c5957b833d6ff97769fe38415,3226,0,0,11.026819,3.3257465,0.1727066,-8.280901,-6.017872
3230,train_images/80e6e425f966.png,b4453c61c7d77d176575f6f1f7a317a8f822ace402a1b41d075151d4e2a6deb7,3230,0,0,11.4743805,3.4856787,-1.6715603,-7.1504555,-5.9615383
3235,train_images/881ec6186e68.png,4087fad1d50187a8fa4b78f62c00a4799f957b11bac9a9baef17b220eefd85ce,3235,0,0,11.199753,5.2940264,-0.63461685,-10.012991,-5.6607246
3243,train_images/8ffa608170d3.png,061aed6215dec55b7681e7cc47fed0a96c7c123ba91bb96d3bc9c180cae6f304,3243,0,0,8.431965,3.3232222,-1.3934078,-5.868017,-4.4399376
3249,train_images/97f290d31813.png,3d36cb8ca1ad188e12c16fbb7efe665d6e4873cf433ea218bd952524860104a4,3249,0,0,12.388138,3.7996016,-0.03327942,-9.3455715,-6.565115
3250,train_images/9858cc2ae073.png,9016d00a6b93f942b1e7066856cf4d6932f0cf567ef773d58a980604a09f8b74,3250,0,0,11.090416,0.64271545,-3.970951,1.0005455,-8.651703
3252,train_images/9ac41b9a809e.png,25c34c3c6601ce47de0d46a26196f26b34311cd2e4b1bd651ef13f9d84a266c4,3252,0,0,10.193535,3.9006338,0.19631577,-11.189384,-2.9984665
3260,train_images/a0fd94e2ad76.png,d135d6531f4666e13ea320c2c602a6a688ac308f865e63bd3a7531d73d81b06c,3260,0,0,12.204638,3.6383057,-2.2263508,-8.067598,-5.329344
3267,train_images/a654b25124c3.png,1fcd6ed4591b738bc80d69c364f152941a2f1baad0c8cceab719aeb7d986485d,3267,0,0,10.878164,3.5966997,-0.5794754,-7.949646,-5.8142815
3270,train_images/aabd867043cf.png,0d648e7ceb0168316271b39bda83104396b001c6e9c20404f401ab3ca9955287,3270,0,0,11.772804,2.9027338,-1.4139633,-8.240919,-4.883091
3276,train_images/ad93d88c87ea.png,27ca6961d20f5424b03d89f0f0c53c4f077744ce949ead8a2b6ef45aec9ee91d,3276,0,0,12.484022,2.8328276,-1.557085,-8.308655,-5.2466946
3282,train_images/b0c9a492e068.png,a77ecb928cf280b69e97fbd4c1c3618ac192962f3e038cde51577bbb8c70a0af,3282,0,0,7.8229675,2.0796275,0.27729034,-5.151554,-4.9752293
3286,train_images/b759cbef90c5.png,69954a8fe0a89183c0bfd2b3b99dab3aef9c9acb79a497c832e855b9f787886f,3286,0,0,8.290089,3.7255354,0.40462112,-7.8815956,-4.528805
3290,train_images/b92eacd1392a.png,f0e4c65ee574cc3156c9fe4f79dd0f0a52aa410f2e2bbd946bb07a61f9a92160,3290,0,0,12.299311,4.684558,-2.6866684,-8.932583,-5.142475
3299,train_images/bff51afc76d4.png,26777d6da821a03b82a46efd52d9099b09b8d6666fa738158f687a5c4265decc,3299,0,0,12.342701,4.275116,-1.8773098,-8.345842,-6.092169
3303,train_images/c5a6f432a1ec.png,f3987d35a2d219a8204d2fbaca21ee74de70fb078e17418faa6e70cd0dd3545b,3303,0,0,12.538216,0.3233571,-2.6749973,-2.058237,-7.956253
3307,train_images/c85b79d70079.png,40d5bb55ae1a57957cd1224d6707539770fd25eeacd26168213ae145a11f1948,3307,0,0,6.2343445,2.8111663,1.2306385,-9.224394,-1.1267796
3315,train_images/d1f7ea924a01.png,87cdb8edecc05087a5f88d694e06138d1e5d9919de559585a958979bd114d87e,3315,0,0,12.596962,1.7739658,-3.0592403,-2.223339,-8.883486
3317,train_images/d2dc86021c67.png,5bbb3f694016dfea70d5939eee520ab2eeec9b5648c433e7ec6540c8a3039146,3317,0,0,8.273296,4.5892076,-0.22978783,-9.31908,-3.2694092
3324,train_images/d838d5b9f571.png,6127bc53c5d7d84579e19801522036bc4f3e818b61015c1418d8d949d499e34f,3324,0,0,10.15617,2.5903988,-1.250637,-7.9671535,-3.448475
3326,train_images/d93b61dc8f64.png,cdf575451deb62d61bf963083b5b2fa3fa8113e77dfa1360dd5aa5a7b70d7321,3326,0,0,9.700066,-0.7898874,-0.5735245,-3.9573822,-4.3212547
3332,train_images/de4cdabbce6d.png,12ad3d99c144a8fae48d5642655eac9d297f14d7d761bdb1236408417452ec62,3332,0,0,11.686739,1.6376648,-2.6460724,-0.5569,-9.979593
3337,train_images/e01b7bac822b.png,8be89c4de49724906db5ed4e10f28e9c1c81b277b91cd90aa597857873a5d7cb,3337,0,0,9.448456,2.5866008,-0.93097115,-6.632183,-4.4122105
3344,train_images/e5197d77ec68.png,f75f92feb9c6a8cb90fe2a939f35b233f08ca83ab2ce99b0e07f2c66b96c9107,3344,0,0,9.944099,2.6322522,-1.1212635,-6.798273,-4.5487022
3350,train_images/eb050765b323.png,c046310cf0bcb8dc32d1ec676e425fa0575fe948c38bc440b7bac718727b3575,3350,0,0,10.463049,4.2328644,-0.6369896,-9.146397,-4.778061
3353,train_images/ed3ce1674761.png,fdcee95e51e8f8c40ad9d8e115243fca6ae7ba86d69e2280c0b170bef224a08c,3353,0,0,10.79294,3.9363642,-1.2041378,-9.263775,-4.095438
3354,train_images/eeaea2c5ff34.png,8226bfb4782fe887f366370ee9d7b1301553d064e91217a2657b9f7fbf17bf36,3354,0,0,14.832815,0.72561836,-4.527872,-2.131733,-8.59466
3357,train_images/f0860c21533b.png,193bbf14cc87e9dc9f842790efc99539dfcee8c463c2b741301aed5f1de53e22,3357,0,0,9.130554,3.3708067,0.7337856,-7.1766624,-5.981905
3366,train_images/f9d8ff3e6592.png,373c3b131616e1ff72e8ba015090b6f92933d7e0bb8b95bb3eb691d6be9ea7ef,3366,0,0,11.731873,0.030778885,-3.4537373,-0.27452087,-7.9011536
3371,train_images/fca1a8738b8a.png,84a6d55dcd31768a784ef6373340869126edf899ea6c7f553e3fc8c346bf9a86,3371,0,0,9.626133,2.54706,-0.37423515,-7.6860924,-4.0350857
3377,train_images/ff1e940105f9.png,9317962de0ddba8472d1be78e9319b33aa7bd3dd2c30c798a68291bde780ffd5,3377,0,0,10.716412,3.3248425,-1.4516945,-7.859478,-4.6324883
3380,train_images/0dc031c94225.png,f23addf864ad0f8503132a4e94a0615b1be00c379877b577d7a83a7c6d39b6b1,3380,1,1,-1.1507378,10.281789,0.7235203,-8.156696,-2.0739403
3390,train_images/382752f6694a.png,3d13ead554abc953e18f25e3a5d7158d1d81bf8811336c616f0cb1bd13b7e3fb,3390,1,1,-4.1871834,4.473489,3.5371761,-4.8942833,0.4757862
3395,train_images/495255c7492f.png,c3fa54523aa5f52032d6204ba870d397a90077044cb63395aa3ac278eb0b5387,3395,1,2,-2.0836792,2.2813544,2.844099,-4.1022053,0.49680328
3396,train_images/4d7d6928534a.png,8b0df0cde9197024f5a9bed5e5eb1494e4b0c9ee9ac7e87514902c5f50042fa0,3396,1,1,0.8493881,3.8368979,3.835308,-7.2965527,-1.5646973
3398,train_images/4fa26d065ad3.png,ce88b0ef19bd8099eb780ed43441035ccd660bd051f1b0dcb53de1d35adc7119,3398,1,1,1.2452278,4.560301,-0.6744518,-3.692337,-1.7401352
3410,train_images/7b20210d9120.png,341e1fc22d108ffd3eafb96daf4adf4bded467286596eec0a2493ecbd042f6bd,3410,1,1,-2.1212769,4.4647818,3.5630455,-4.7390537,-1.6617012
3413,train_images/8bc6716c2238.png,4476cf6ffdc9df56a6e7a68140d8bf9d368dc8308750c39ed9ae78a0c2a87036,3413,1,2,1.6276016,3.0954037,3.4756374,-4.262377,-4.2268696
3416,train_images/94b1d8ad35ec.png,8b0df0cde9197024f5a9bed5e5eb1494e4b0c9ee9ac7e87514902c5f50042fa0,3396,1,1,0.8493881,3.8368979,3.835308,-7.2965527,-1.5646973
3422,train_images/abdb365cacbc.png,56a2e54e527eeb46fc64e61538705ee83f286ac5a5a34ffaf5ea14285f3334ef,3422,1,1,-3.7873573,4.687934,3.2704144,-4.756504,0.03394699
3426,train_images/b7278b4f2448.png,08afd7981c0f2c72256ddd44ee91aa4dbf02b90eb410e066c9537db79ec13805,3426,1,1,-0.4328003,9.755432,3.0394192,-5.8722916,-6.8580303
3429,train_images/ca6842bfcbc9.png,ac3c47f35f5139dc134e1bc994b05a26d60b139420d0f7a8ca83d78f7d648218,1641,1,1,-0.21638489,7.487422,4.350527,-7.8658714,-4.132662
3435,train_images/fd62bd0db4f1.png,c761a84fb2675c0039e0a432494b5f606f16b5bcd7addd135c881698c0f56169,3435,1,1,0.34692,3.4838,2.8865166,-4.787779,-2.2862244
3440,train_images/0ca0aee4d57e.png,b0cb7852d1566b47e20a0a69792e4f1026222fcdd6df97045164b34b0a4fbd77,3440,2,4,-5.600895,0.8120289,0.812521,1.1771736,2.024126
3445,train_images/1541226c5d72.png,aae24333eb3d6bd2ef91f06ea440e557bba1af330c60d75394a6ea625e21a2af,3445,2,2,-2.3821983,3.781272,4.5313683,-4.6292515,-1.809164
3450,train_images/1c0e5dd1b14c.png,fbc62e0ff7e4c90dbc41c2497baad7a2c4d3740852c842db2b2a4001c4cb140b,3450,2,2,-10.358021,-4.3421507,6.5585403,4.5615654,2.5503864
3454,train_images/1ffaa51a6245.png,e463566a2f645db843702679755b5595a09978392164f791c2983cffd4648335,3454,2,2,0.2711563,4.351941,7.3086014,-7.9818172,-4.3353024
3456,train_images/23148a40ecb0.png,1b20076b54f0cf41e1276ff53c57f6f4b0aea7cec00704fb21592307d37c7c31,3456,2,2,-9.018711,0.10490084,4.5245037,0.25723267,3.2082233
3460,train_images/26999ebc21de.png,b3a85a319b02b95f28651ef283d8ad2f28dbff1b731d9d5724024cc1f21428e5,3460,2,2,-4.6534195,3.4939928,4.88583,-1.2441902,-3.162468
3466,train_images/2c2aa057afc5.png,15f09e0ce997d66519f8b453577944e7e657db2f53903d07b3814e9e485cb6a9,1890,2,2,-8.722992,-5.5327554,4.9699917,3.6957207,4.652231
3469,train_images/32a3eb37ff40.png,7e97718fab4e4fdf7f0f38bcdb4745f1a475150c2752afd36e5d124f61d2a531,3469,2,1,-6.0590324,3.6067715,3.4975948,-3.6670952,1.8336582
3476,train_images/3e86335bc2fd.png,fce068e3b2fea80143b55a4f4253b3bb0ee887d1f84ba67ef2abb48420437e99,656,2,2,-6.264267,-0.87555885,3.8925533,0.1376152,2.391138
3477,train_images/3f47f83217b5.png,007a17bcf1c70886d71e2b032b3131c135d51e03411f4fb0b23f841856c8e7a7,3477,2,1,-0.6569977,5.239645,0.1767807,-4.252964,-0.890707
3485,train_images/48fda42bd5d4.png,dc6fba315d386691a86ca43baac85591d9cdb4aa52468adc4c9b7b88f5924eed,3485,2,2,-8.314514,-3.0421362,5.0785065,1.7095337,3.6747227
3490,train_images/4d21ce39c905.png,d854ffda046f519ff88b51933d6f3464bb0fea3fb6f68c0ecd735b9aaa3ef34e,3490,2,2,-3.4795227,1.5210414,5.987129,-3.7413101,-0.9886036
3499,train_images/5ed6dc419e4d.png,57bf9cbabc7f9b1795e92f24e824eaa4ff28854e52bc2c70fc5dfbe13613b458,3499,2,2,-7.808487,0.37367153,3.4966965,1.2321167,1.8528233
3502,train_images/66bae1ba227f.png,6cc4f5879c117d0662bf17039db39149bbe0d131482cdec4e6de686df29124e1,3502,2,2,-5.5282288,2.0098696,3.2132835,-1.2607594,0.7978668
3504,train_images/674057ab250c.png,5342128f7151e97766f089670db1e7af46083aa8276cd2046b07e26d733c9f08,3504,2,2,-5.8382683,0.14509773,4.4999466,1.5161476,-1.0253506
3510,train_images/76e6a9238570.png,ea0522d928546f4845be2672d2e5157e17d87740efe0845f8efd55f4610fc036,3510,2,2,-7.351555,-1.5498955,5.3327827,2.003872,0.6708698
3513,train_images/7c52fe73e748.png,403825d6c8b2a58bb64b682d7d7c4ddd925c98677b69de1cbd9d93c2a5ea07ab,3513,2,1,-1.4868011,4.716446,3.0704346,-6.624174,-0.15462494
3516,train_images/80feb1f7ca5e.png,425e5147068fa0a024b1f7839a2901219163d58792b3e1a969cec84107002513,169,2,2,-1.5704803,4.490263,5.947996,-7.5654755,-1.7563686
3519,train_images/85cc6d636898.png,ded162698415f1498b16a57281ac86e414ca239a9e1380ea704ae6bdce8c7ce3,3519,2,1,-3.8525352,5.3721905,2.789877,-3.9276886,-0.89953613
3528,train_images/962cf85e4f6d.png,e2dd1b0efb2269f00f6be4da687ce154179966619766c609554058605d6fa482,3528,2,2,-3.5890083,3.0620098,6.1973705,-2.1144829,-4.2610207
3530,train_images/9785805af1b8.png,90074c4af236095cba246e982db86adbd83731e2a339cc740d13a1a8fcc47e4f,3530,2,3,-9.204853,-7.238843,0.6506386,7.598583,7.210104
3544,train_images/a45d77edf8d9.png,4ddc60fdcc117400ce9268b34da13d1acf5a4c0cadd286c08f51d5b459438384,3544,2,1,0.15190125,3.4097261,2.3129082,-5.108862,-1.1110363
3549,train_images/b402daa0864c.png,c37358d4e7c06f4fcf465413162287581d615e1d8edc6d0824c62a3334e8f8d7,3549,2,2,-7.8357735,-4.52733,4.8851185,4.712986,1.8774662
3557,train_images/c561bcd519e9.png,4efe9b61312a1695ce0281f9b6b80d8b8355fb13ddfebbe80dc98a541206e08a,3557,2,2,-3.277649,1.6643305,3.449028,-1.5178585,-0.8966446
3559,train_images/cd4e7f9fa1a9.png,085e34d28dda6b7a5a465ed95d8ec85304961699b69a4f9a7ed8b92bffda19b5,13,2,2,-3.8571434,1.2144852,5.0388126,-2.0873756,-0.9297352
3560,train_images/ce887b196c23.png,50030ec7d40919ba8ae7ecf7cc145950f1cea65f54da0ed9630dfd3b31c9a026,1949,2,2,-3.4097595,4.7786646,5.12059,-6.057577,-0.98444366
3562,train_images/d3be5346684b.png,736b793391ddba2c8a3cce6c4bde67617e8c1b2c9055c90a2c8b4e37fb3bfeb1,3562,2,2,-1.4839096,-3.6496706,5.116953,-1.1614494,0.5663147
3563,train_images/d6228d951958.png,84b1cafa1c7342bd1613efbf594384f8b12b22888365fdc5b685331046af9f27,3563,2,2,-7.734188,2.5239296,6.487871,-3.550352,1.4575882
3569,train_images/de50dfa745f8.png,b0567de16835105730d68f4405036ece5912cefbd4b1b9ff5810cd3e8feb19b3,3569,2,2,-2.0056572,-1.0608354,5.976389,-1.9353237,-1.5077896
3578,train_images/e7defafeb957.png,e21c4de862751fe683d47cb4d232e6822bed91c1cd8926a6363914bb06a8c292,3578,2,2,-2.8687363,2.0531917,6.1281643,-3.9824696,-1.8399086
3587,train_images/07a0e34c8d20.png,53427359e3ec16c1b0118b091645a78e5e39fdf78f446961edcaf81695032f98,3587,3,3,-5.133045,-5.538054,1.7421532,4.7236557,3.3809452
3589,train_images/166068a24416.png,eb544a2757344428d4ea6134b3e5b9c04f3d5aaea46618a4a78e67fd5b892090,3589,3,1,0.46870804,1.148963,0.29622078,-0.90768814,-1.3894806
3596,train_images/6735931000ec.png,ec16488b3118ee48260e4e609242e0f602a59566ca8630161ab3fb8884e695c2,3596,3,2,-6.8423615,0.19137812,5.078985,-0.278656,1.0489807
3602,train_images/996f57c86ba5.png,49f42b769e09aa2317d42976df8d042ec0a76b45c3c4f0ecbbd1d91d58d9f841,3602,3,3,-10.180241,-8.024521,4.1213245,7.2844963,5.7282124
3603,train_images/9bf060db8376.png,4cef06bd08181d80dd09827729f791f0a6ba5aafb1c962b168325e4747fa9d03,276,3,2,-7.0153694,-2.5430408,5.7860794,2.4512024,0.5420704
3608,train_images/c3a82acb7d7a.png,3e54fff336897947ff93c01872502e60f220fc5efd0a8006f63058383eb10ce4,3608,3,2,-5.541992,-0.9252207,3.6215038,-0.74572754,2.843172
3610,train_images/d16398c971e9.png,935405937e22b80c4b73b95afe6fae79cc8b9dbc86db99547fd9e73502d04b72,3610,3,3,-11.12949,-8.030336,2.8116646,10.921955,4.3506527
3616,train_images/f6f433f3306f.png,7bd68c65ca3e6f435813164e3d3681fa1092ebfdab64e3cdd9d5393c461e9034,3616,3,2,-8.605976,-7.902501,6.1040897,4.2043343,5.2476635
3619,train_images/1638404f385c.png,8ea059e7be658eea6afce4bb6ebbc84d7ba8d64761d1159014b6e89da855ebb8,1861,4,2,-7.0803757,-4.694777,4.532461,2.7377167,3.6496181
3624,train_images/3206171db5be.png,6e831261eb07caf6b799db2a9415d8435d3f540c89ed974a3e08ebd9e3f14853,3624,4,4,-6.4354706,-1.9553938,-1.0298595,-2.5372925,11.096746
3626,train_images/4abca30b676b.png,367a856711f73f5e695931f695a1c6d0e5702f0477198a968f67c429596b6621,3626,4,2,-5.849163,-1.3416717,4.34482,1.1856804,0.8831692
3635,train_images/70d657f8f503.png,9fa8eef896b3dbc9465344480c7cfeb119ae9851c7a86027c4b820096f3ab9bf,3635,4,4,-9.160252,-7.624383,4.082287,4.7598267,6.947191
3636,train_images/72d98188648f.png,f540fa14be4db251adc657bd903a43b4e8e40d03fbb74c8820191e54d06fef53,3636,4,2,-6.471607,-0.38722372,4.7568073,-1.0877838,2.4231853
3638,train_images/7c90ab025331.png,97c93f4b2d51bec03fdcc5ae3702d6b95ca4379d37ff73d2d64c40fc8510b06a,3638,4,2,-1.1741066,1.2521048,2.3461132,-4.6779346,1.7931843
3644,train_images/97da093947e8.png,6128f80776d35219ab57d4cd91b03f82ae6ff7051b33cac78b3c067951468f2a,3644,4,2,-4.8031654,2.4334192,6.6081257,-5.195034,0.2898655
3653,train_images/c62585bd68fb.png,c4d0737526edfaa4d8253650f2f7edd91b809fe02c800586b013cc03acc255a5,1478,4,4,-4.9523735,-4.269361,-2.929762,4.252552,7.187807
3655,train_images/cd93a472e5cd.png,86ea70b3d016855259df8a8ff9ee6279839ebc9e78ae792555e65be9b94f29e8,755,4,3,-8.300713,-7.8449974,2.9329834,6.253151,5.9900913
3656,train_images/de16416220de.png,173d043a6e7eceb732ee2d104c5f64642b8a1ec51de453d7562ca6a5900ac0c2,3656,4,4,-7.6044235,-3.6828125,1.8472462,2.458706,6.1361523
3657,train_images/df4913ca3712.png,b41dbbf3c088e575eca25738629504f9b16cdf9f7eaef751ea2ec6d84e30c03d,3098,4,4,-9.170132,-6.5546217,4.0371437,2.9821815,7.711851
3659,train_images/e4730ddde408.png,863c73d910389d3fa20b781b357b8301af3441b21293e9a505f5220febc5c776,3659,4,3,-9.297676,-7.632857,5.162588,7.599163,3.0828266
