pool_index,image,pixel_sha256,sensitivity_group,target,prediction,logit_0,logit_1,logit_2,logit_3,logit_4
3,train_images/6852f4531591.png,8a2befee3bac9304bd95b29d8a8070bfe3974129a20564d6f74184e7598ed07f,3,0,0,8.302692,2.971655,-0.12717438,-7.0735474,-4.038479
9,train_images/a0adbe677508.png,9eb29bddb3377030732b05f66b2c3589b17908bb90f7113888a5c21d4f9a72de,9,0,0,10.346737,1.7083893,-1.2351685,-6.6588554,-4.0580525
16,train_images/9be71d6d7e59.png,dbb40d5e2bd6340ac3af407c1415e760edb09061aae283d1c7c9e94720edeb22,16,0,0,7.313465,1.7987423,1.0358925,-8.81255,-1.3424356
21,train_images/5d6239c0fd39.png,c809dad3e1f3601343a06f591f50c1d23e7db610239f40c501960027549e372e,21,0,0,10.803215,2.57753,-1.2921906,-7.9810295,-4.0064473
24,train_images/e251bdf05b85.png,bf6ae31ecbe1de9ec89232b1ec1963218731c4df78fa636200a02022bfdcf073,24,0,0,8.233196,1.5915985,-0.26016998,-6.59927,-2.9276228
31,train_images/87a9f4d20f07.png,2455640ca2db1a0f91f96d825e4073be9c3cd8ed51c76227c33394b526e7ffea,31,0,0,10.63884,3.2264786,-0.83099747,-7.914566,-5.032502
32,train_images/0a38b552372d.png,8dde2a9d0777b0c171e4ae4aadd653d5860d1bc3cfaaf97e2dc28fca2a44c884,32,0,0,7.2811356,1.542759,0.7332115,-7.778244,-1.8289022
42,train_images/51cd8d2057fa.png,5fa3fa4aff9551d1b97ba3e0c941cf5ba05d3ecbe8b73eab52179b97ef53e794,42,0,0,9.959507,1.5914726,-0.7941055,-7.9807205,-2.6894174
45,train_images/8fc09fecd22f.png,4025dca5f8bec7c66017347dff836a3054b49fe9afa240ef9e7ad8cc93611538,45,1,1,1.9991417,7.348097,2.286892,-8.965218,-2.9084163
47,train_images/6363b360aefb.png,32161dddb553ce9e7742e84b4ebcdacdb94df303ef8c3ec05fbce172d0269814,47,2,2,-8.999672,-3.424015,6.0256443,2.6980934,2.9317412
57,train_images/9bbb6c455913.png,ca0b45bd8ab8c580d19e523e56da81b66c68b54acbc02d6c98b25b2d0d45ad7e,57,0,0,5.379959,0.06449318,-0.19205475,-5.828018,0.47577333
61,train_images/3fd45879afe6.png,30c56449918e62d2064409456b92749f383b21a07dc99cb73eea9287a88dfe01,61,0,0,10.872799,1.7475853,0.8034477,-10.502941,-2.8152814
68,train_images/3732de8b416f.png,94e060ba453ed22182ef6cb23968764e6e04c9c47a10392ebcd60770d0a14f0b,68,0,0,9.062439,2.9648972,0.0511055,-6.6678886,-5.2996874
76,train_images/7aabd768abff.png,756c4c355c67be7071b4b6a0c8d8a8d13ea48efeb827014ad6e579e22f7e4600,76,0,0,9.9578285,3.6669598,-0.7109299,-8.523083,-4.2385483
80,train_images/8bbd7835e9aa.png,b38811b00086fbf6efa61f9ba7b2baa98c9e088c951923fb71781cee22939c30,80,1,1,2.0394897,4.4624004,0.23010635,-5.9273453,-0.9516454
86,train_images/6e018411ba4a.png,82dfdbf559fe0798c189435496cda646099b2014bf140b6249754ca5da27d58e,86,0,0,10.489265,2.9188519,-0.3719864,-6.61763,-6.2738595
90,train_images/b77b8a1f09f1.png,480f93d7da3ee17710fb94901ba610ccc9c9c9ef13b97b2014a585e0aecd8576,90,4,3,-9.334236,-3.3193817,0.85032654,6.4669533,4.601406
93,train_images/99132193eaa0.png,640978816d12c3e6595ed9be32b97832727a8759fa2f48fc8b74f853e399edf8,93,1,2,-4.2957344,3.6582375,3.6652107,-3.2458038,-0.30519533
98,train_images/79ce83c07588.png,875f7e33f052ce66187d01240da12b4b4ca0257c7834ae4efeb6da0bc1292f0f,98,1,1,-0.9236374,6.9697437,1.181324,-3.9827576,-3.5933177
101,train_images/887c26fc0e1f.png,5849ae7f80cb36d4e8866ee6a4dad5fb34d81e5443c4fe8b6e7333c44d2642bb,101,4,2,-6.7401543,-1.5027504,3.2832146,2.8535576,1.5365667
109,train_images/82ac8463fadd.png,5cd9c940851950527b873269c74288a453526108bed68a4e83e78d6ee87a2fd4,109,1,0,6.264984,5.0196075,0.9458809,-7.362049,-4.927966
111,train_images/57a5f1015504.png,1625ec89e7b02f9de0f1cf6c0426837f604459db9b8b8ae21de39a714fa48158,111,2,2,-2.6917572,1.0592384,5.9012775,-6.2772217,1.5185013
118,train_images/286e9981dd9b.png,1e651ed4e784a6039d809d4425c84ea52f4343f952088dd48c4ff7c5059f3961,118,0,0,8.046589,1.5236168,0.75787354,-8.227837,-2.0226927
123,train_images/7f1f3269f546.png,a08245dfdba67f139e0fa82ba52c6f1049439d86035a08ed6bc617c9a2b774ab,123,0,0,10.234261,2.6541538,0.48021317,-9.678036,-3.6147282
127,train_images/4158c340fa49.png,bc7d71419d6135cb0681099d347f8a0b29406aaac076aefd0fb7b86e024bcc00,127,0,0,11.302967,2.4427414,-1.0975647,-6.8237305,-5.601322
135,train_images/a6b6d27c1b32.png,91fdfddc280d3e11b1f385220758b997fa7ec7fa15713873cf0ce4e8e38691b6,135,0,0,9.52549,0.47100067,-2.2755928,-1.3059387,-6.39048
138,train_images/a4d41c495666.png,e43456489dbf400967696ad1b87b0097ecf8015f24247b79640e96c630d20987,138,2,2,-7.5238304,1.8121471,4.2709923,0.45101547,0.34066176
142,train_images/b085caa513a8.png,0e90f3dcbd80df4ef5b20f509def96155ebec789294c647cd949d9bb72be2328,142,0,0,4.232319,3.5236206,0.23867416,-5.784622,-2.3084073
147,train_images/9c6512166557.png,78137f5f5c58aa40a4603a5a774a7eac5c26605a66d084b7f9c30399162bf5f1,147,0,0,10.016945,1.4290581,-2.2167702,-2.5541153,-6.5764694
149,train_images/0243404e8a00.png,ec1260078c714c4f30386b36a0f7556c70f313f30f7a467aef5a2f14c17acec0,149,4,2,-3.6008492,1.0412636,3.2654953,0.8866844,-2.0443175
155,train_images/7427dedafccf.png,39d4faa1daeb02e672729ff1eb11a417b102d44f96885c0d0c6a70c62e541905,155,1,1,-3.9792404,5.064539,3.113247,-1.7242012,-2.9171853
161,train_images/274f4de2a59d.png,3fce8f9f081f1d1d919cb52c361458a7efbab56d2e411408ef8b9aa0f48f0e93,161,0,0,9.733006,2.7514286,-0.13961792,-8.225727,-4.0367255
164,train_images/2fdfb80ea53c.png,ff55b284d8dc770d034efccd2f13773e86fa2eae2af08e8bc99114552ce29598,164,0,0,10.925056,2.1866302,-0.7102814,-9.037174,-3.273783
172,train_images/cb39761f0712.png,6e619606bb9a3035a30f250551071b7c2b3212ac09a20cd8ad0aab6a37484115,172,0,0,9.682636,1.4609966,0.5760727,-7.8356743,-3.8057585
178,train_images/52230bbef30e.png,b6f199952ab6b219a66e81b549a379af5c89a331c9a4efc4514a082d470bdf78,178,2,1,-4.306633,3.9641533,3.3772583,-2.132679,-1.4074464
186,train_images/0e82bcacc475.png,04b327d1f7893168523eb92dc3a73db50c68f19d88c9417b1e7599c1654d3d79,186,4,4,-7.9957314,-2.7415943,2.229908,2.7399864,5.1057196
192,train_images/f48241b0c995.png,bd795487787b4d743c834228c1116b7f1b93171ce147dbd2bcff1e6e40d28076,192,0,0,9.05629,1.0571346,-1.3151855,-3.5715866,-5.2123075
195,train_images/fb61230b99dd.png,8452942d0f1deca26456fde84b33f81d6d0bc5cf3067927434d994a56258e2a0,195,3,2,-6.6793747,1.3849792,3.6757812,-0.11174774,1.1325135
204,train_images/ab3c505b624f.png,d49b741e3604873f86437bcae43de59e258f405e960b91f3ee86e95a5258aa2d,204,0,0,10.749283,0.19303703,-2.1088066,-2.2302132,-6.517151
208,train_images/e66ad813a508.png,51e25b72d84f8bc9d19077ae1d327944629393cfb67a41915a0dc72c4ab3ab95,208,0,0,10.094734,2.0331097,-0.872612,-7.205673,-3.9543433
212,train_images/f6f3ea0d2693.png,312e23e7782f1088f43ff71b2b8974312ceff12be08c8e4c146d194ba8daf94d,212,4,2,-9.036636,-3.7349148,6.3159084,3.959034,1.7060804
215,train_images/30263a7d5609.png,3bd09874612e8a03cef896e287b2dfb67b6a520755c3ad239732d7e676593ce7,215,0,0,9.335018,1.5778198,2.4066734,-9.111397,-4.0110245
220,train_images/aeed1f251ceb.png,014548e090df9d1d91b4f01d9f9dc41981741dd319047fabcf785f01d71504a1,220,4,3,-7.278927,-3.1697998,4.2489433,5.338154,0.12253189
221,train_images/a4b8de38eac1.png,2fd1eb23244d2619090010dcb16a906e1b69086dc10e9ff6a4737c34f83aec61,221,3,3,-6.129368,-1.0626812,-0.12687302,6.211918,0.4710095
223,train_images/041f09eec1e8.png,d2cdf8c827419d0f4d89c0731f21c4b15c09f092c00b2b78f88059bc694a9665,223,2,4,-9.324692,-2.9917278,3.3653297,1.1057091,7.144678
227,train_images/3254e48c8aa0.png,8647b7010f189f92ca3564cd8d0eac55ad1d85173700d35a7d5fbf6f3f5102a3,227,0,0,9.883156,2.2322693,0.46325302,-8.327469,-4.1715364
232,train_images/83a63c4a3e4a.png,e42c6c97b486daeab07bde825d888e1d4f80d5930862721a8a5ff0e417605328,232,0,0,11.005993,1.9157104,-0.16682434,-8.813305,-3.8491802
234,train_images/c64c0966b4cf.png,6c6145a907bf4a39c8972a4b02f2aa8e06a3ef08e55618b25adffd70d12106b9,234,0,0,9.402782,3.3748627,0.3260994,-9.408646,-3.6286783
244,train_images/5bf6f2958e53.png,d26dc792b181338d2adb5f36fbb2b8c32bdd147a6629ee13931512f2c11c2275,244,0,0,7.338215,2.5473022,-0.09064102,-7.449829,-2.384249
247,train_images/42cc993f23a9.png,0818dfe0e591f17ff1a00f9a0a6eaacb265e4a7fb39c61701f6dba5b0188b833,247,3,2,-0.19949341,0.55168724,3.3980064,-6.0829887,2.0379505
255,train_images/d5a39339ff3d.png,6ed7c3cc0d8e1cb13c6f2427915c15e35b190c59bdc09ce463624a83ba6a7e00,255,2,2,-7.0565033,-0.61549187,3.416401,0.48630905,3.1122732
256,train_images/1db18bdd43aa.png,544f28efca262ec3bc46bc8dfb2a85c5737ebf28f9b333dd6004c5ee7e13a946,256,2,2,0.9881592,3.0468826,3.1400108,-5.1697693,-2.2175333
264,train_images/599b89048034.png,c76dbb0ccd04410f539581e96211d84ef5219b857e8a3b2486777a3a01c9f222,264,2,2,-4.525791,4.068836,4.445719,-4.166233,-0.34198117
272,train_images/14515b8f19b6.png,f7a4062b28b87de188dad43b8db5e581f4ac144fed195eaef7a8744245cc358b,272,2,2,-2.4450188,2.6584454,4.0404625,-3.6189537,-1.0269186
277,train_images/6294b378d09f.png,2b4fdec1e5ee54e4b9d2c193a30ccc0958e6f20359e6954fec809e8825614fec,277,0,0,9.063255,3.0720387,-1.7582016,-3.91473,-6.4398036
280,train_images/6155cf375354.png,9c24bc774ae3062ef42d33ca92031e24e09175178be0f8ee558799796ddfa4d6,280,0,0,9.69384,3.668356,0.2619362,-9.503273,-4.062199
283,train_images/1dd9adcbfff4.png,097b6aff03b5d166df78a1d8a5085803d3c6677fb34d5997f69c3e5f326526ef,283,2,2,-3.630005,-0.5621433,3.55027,0.370018,-0.2409606
292,train_images/2fb3a8606a77.png,59f9ac56fc35d9f3ef7f67f666c1b4914a9a41e8fe426c906ae48255d856ecd1,292,2,2,-6.125393,0.74453354,2.539856,0.047039032,2.213707
296,train_images/197af0de76e2.png,b5dbeb03c75dc78889179bf0580d5da5c637d341cf7be2d676e95d2af12730ca,296,0,0,8.2894745,1.7609577,0.5745735,-7.987747,-2.6296325
304,train_images/02685f13cefd.png,79fb0890b5455a0f7331019548d699d111acf077d09381eb125397a712e4e1a0,304,4,2,-3.6689262,-0.084243774,3.1144943,0.10611725,-0.0043206215
309,train_images/c76664770c07.png,99143b6b44a0cc673f0269527210885c41d3171339e6890773acb31c6963fce9,309,3,4,-8.445938,-4.78631,3.0011063,4.515568,5.0254517
312,train_images/f26b02ead915.png,0bc88bcce028c55e9fab57ac79dcaac67dfae590fba6e8b4444783370cc07ea6,312,0,0,11.9967575,0.49013138,-2.374302,-3.9211006,-6.0591593
314,train_images/33105f9b3a04.png,d8716779bd82ef4fdc2d566c74a33bfa83c30a240536b0af716889f13568a543,314,1,1,-0.95127106,5.384201,2.505375,-4.558525,-2.8080273
321,train_images/baaca2f7e1f0.png,25cd3484e9c3b69aa777953b698e698a554850634fccc53f6da1106d4d8dcaf0,321,0,0,9.170231,1.5618515,-0.2732315,-7.2877884,-3.155458
330,train_images/3af9aaa880e9.png,c0d62901d9c2c01edc5b70179332b768b707db752f371d9ec5314c7219ac42ab,330,0,0,10.488781,2.6743813,0.08478546,-8.6816635,-4.4747467
331,train_images/59fee5bc3479.png,de47634d15fdab1cd5a86a99487611fcd0af8f5e082b44b46813f5ca90656575,331,4,3,-7.9681473,-2.7666187,3.3174171,4.948887,1.7325325
341,train_images/7d0a871c45db.png,f8be9845812647ce006eb8978000392fb0733899ccc1703529dff22f45b34af2,341,0,0,12.703938,3.3466663,-1.2759132,-9.122803,-5.49236
346,train_images/47e51065b819.png,ef3603a91a1d4ba1313425d009e1b183bf05c0bac02d73a01707e6801f5be0a4,346,2,2,-5.8801575,1.8243294,6.3662987,-3.7933922,0.8986788
350,train_images/d271d3a2b552.png,17498cc8b58e96cd88d60d5d34ce729385267731c5f98c974d0cda2e41467945,350,4,4,-2.8395004,1.9375248,-0.41397095,-1.6928749,2.5973935
354,train_images/f0546a45ef10.png,d02ce8d9678104a733b59e5dbd1609184499a66f6710e9a9476970d2a9cb84c9,354,0,0,10.45797,1.4141407,-0.6098938,-7.1903267,-3.9786134
363,train_images/2b21d293fdf2.png,4b81430cae386db2b934e8fb0a8a138cefbe6b9ab9d28df2af982cece289a385,363,2,2,-5.3344116,-2.1838646,5.2670326,0.93122864,0.76833344
366,train_images/b67ae80f7eba.png,f51223ede581037bd120181f4fd1f8d7d703d796e2321d481990ce9d751bbb1a,366,0,0,9.447426,3.6946316,-1.8033867,-7.496414,-3.6906264
372,train_images/6c30dd481717.png,9f76d6cd2eb30f93057d31538053bad61784521ce931bc6a28002bc59d721741,372,0,0,9.780788,-0.4547119,-1.8066902,-3.4212723,-4.0498238
376,train_images/835b9f6e12ba.png,9c05fea4642c1a2e206cba87dafb2b01d5a4f2d48e082b7225af0064af664cb7,376,0,0,9.077171,2.274786,-0.4587288,-8.186638,-2.682325
378,train_images/80c67efc8101.png,e716306a851be6c34252a751cbe2834a10fdb3e797055f1d898b6f7264768d0b,378,0,0,10.81731,3.0976543,-0.79877853,-9.342747,-3.6658778
387,train_images/731b19a460ad.png,80a2451d2bcec6acff85691c236c5c3ed4ce483ad34938071ce58832a4e9c312,387,2,2,-3.149788,2.2749157,3.0266685,-0.82761,-1.8071159
392,train_images/8714d17bb6da.png,511a529b27f6d1ff9831401c96452d08b3d8df6dfa7b0282d22e16a90ec7179e,392,1,1,1.9283028,5.8969135,0.58343124,-5.3582,-3.2425866
395,train_images/a6d45de20e4d.png,e8add7e27effa3014aaf72ecf4862bb66d95dde52a94be5bc8eac07b658baf41,395,4,4,-2.493618,-0.3558197,2.0174904,-2.7947502,3.2238011
398,train_images/1d55e689cf84.png,35cac3316fd9d76cc3f7825cd6bfe7ad6f96b8621014644c6d5a9d54a9a3121c,398,2,2,-6.8980675,-1.4378967,3.8140144,3.2400856,0.6403408
403,train_images/356304d15a5c.png,98a9038ac664f32aab5ff78e3270be53f778f9b903ca6216b9a3a92f17681b9d,403,0,0,10.919682,1.503725,-0.4539833,-8.566959,-3.2997704
406,train_images/25b0e72705a8.png,c4f5306c6dbb589bf52f28c756042d0db59a56246571d54728142da315f1fb9c,406,3,2,-8.428421,-0.1323204,3.371975,1.1528893,3.321854
408,train_images/bc34ed91c9bc.png,9d96ea52c89bd809a29351a2104371e8a4dc07ea134f1ad8f7bbb5b624e08678,408,4,4,-3.8682022,0.38204002,1.1682892,-2.8081436,4.619814
418,train_images/a8aed92940fb.png,0a0999ce54f1e7dfe1597ce4ab13da79d6a2100632e7b8ac4e96d5e8c6bcad5b,418,0,0,9.805752,0.4466877,-2.8852844,-2.5832748,-4.7344084
420,train_images/b1197f2cc9b3.png,8a9797fc89e0f7c7bd92ff28fc1180f201ad3842d8b426c1ee9502ab938c163c,420,1,1,-1.5149841,6.301153,2.4992294,-4.9296455,-2.7368398
429,train_images/d7ac4a0c9760.png,3d6b9cc13972bb9f4b3b1bfdf20f8962654f71413a3421341b18a78f1d123d3c,429,0,0,10.187958,3.3286781,-0.9308891,-8.543049,-3.9255464
432,train_images/69c4cbb630de.png,0fe2501509dd3cf2fd29939bf59112b7d50287b7447ee1a4ff01118146c5dea8,432,0,0,10.901882,1.3271847,-2.338211,-3.1890755,-6.626804
436,train_images/71e43b4f8ba6.png,d53cee79b6c156a255a32e011e925d516bc8dfab7e5618e1130176c8fa43ebde,436,0,0,10.282303,2.4720917,-0.59882355,-9.513485,-2.5385895
438,train_images/68ddb15a74de.png,691e849f6f61cae2747f010506ce14448b98eee4618d38aaa66be8051d998db2,438,0,0,11.041302,2.680439,-0.26729584,-9.362167,-3.9586036
447,train_images/18af532e7e1e.png,87bb2fe9f88db42d9b05a809a4e0d108f83494edbf09781a4e72b312d65d28ea,447,2,2,-5.1638603,3.2698193,7.625553,-4.5010376,-1.8200638
452,train_images/10a5026eb8e6.png,ad2875a26256abd78fabcb0e5a3272017a7374a281f22bfd2397f3903d666ea4,452,0,0,11.086086,2.410509,-0.6747894,-7.6283035,-5.0066047
458,train_images/e03a74e7d74f.png,a4fb528752e8d1759b2a34d74c2ad0c91e2814de246c82daec35a8f0427b5554,458,0,0,10.555462,-0.1374054,-2.402485,-3.1987114,-4.7219276
464,train_images/83517eaeccb9.png,239164e7c996faff3fd3d6d7b74a5eb85962a4761e7318c1f62a6eb6d08a182f,464,0,0,8.251965,2.1783981,-0.31969833,-6.393173,-3.6847346
467,train_images/38fe9f854046.png,16a98018d3addb0691efb90252ca312e39a7a3cdd56a38bf996bb3856fa97063,467,2,2,-7.9171753,-0.35616493,4.8345757,1.3958626,1.3642068
468,train_images/88e5051f65bd.png,bdc64072feff821beaa91f08b92bb26d1367d45cb4fe31c6a74060358163919c,468,0,0,9.878464,1.9690533,-1.0643654,-3.934639,-6.806797
479,train_images/26cd40b57ad1.png,4abe9f1d4518a62be8ed2ded3fefe3dfff51b3326904b595be7a2895db4fed80,479,0,0,11.171719,2.5318851,-0.16685104,-9.552845,-3.8726616
483,train_images/8f2996b8d855.png,a96a664e66700148cb95d3dde854b364c075bf87c357e7a18b8823b1fe592282,483,1,1,1.3201942,6.6468945,1.1470451,-5.9683495,-3.3562264
488,train_images/1b32e1d775ea.png,0d2fd1f2299c818ff14a57c895bca9042ccb9b574d84bb988f22a64e543db91c,488,4,4,-7.6594887,-4.4777718,1.1637344,4.2867775,5.9787655
493,train_images/dcc6c0ad5cad.png,828b716fbdda7933b4125d61062b1e6d2370e2e4f8351eab10938bd1a234f30c,493,0,0,7.0657654,2.1107483,1.1287689,-6.846283,-3.3993397
497,train_images/668a319c2d23.png,0d01e974b09bcc249e7825f31b07a35755d57010e8de869dfe86e171517997f2,497,0,0,10.918316,2.5597973,-0.094760895,-8.419292,-4.83972
504,train_images/ae2e888905ba.png,119bbde338e062fcdb8dca3664c61abc41eedf04b3701b6827115c3980d1f02e,504,0,0,9.7327385,1.7773628,-1.2473412,-4.6828117,-5.546658
511,train_images/a3706ce27869.png,ee0076b751d23e7bc4d85a7e733cec906a8e957422ea6a131511ac1a2c2950c5,511,2,1,1.7061577,3.4527473,2.451603,-5.498886,-2.385382
514,train_images/f5c953bee7cd.png,c72e85145a9661a56e415df87f9844421dda34af8ac8331cf46668fd480bbf4e,514,0,0,8.950947,4.290964,0.6206894,-9.959251,-3.8831704
516,train_images/e7a372a1c3a4.png,faae132ac95715ea52797b975b5162bbeb761559ebad52c0da5ecdd96cfd33df,516,2,1,-2.9383469,3.5643291,2.3617134,-2.358368,-1.0738537
522,train_images/f025f33b2c9b.png,1397d987e28eafb5e9574fb756741b1ea787d0b54fe2db3d7f6f677fb51682c1,522,4,4,-10.083588,-4.83445,3.3595123,4.2507515,6.5435343
529,train_images/ca9c912ebad7.png,1d6f8f0a41531c1b16c2e635cce2dba61a0e458b39033e604fde843026c7ec17,529,2,2,-4.915428,-1.207346,3.0694008,1.3740196,1.1160722
531,train_images/7a6e384a0846.png,9227558e4aebbd79af62c71b942b1441a9242c31c086af9a1f176e091f6a161e,531,3,2,-3.1645317,1.0546455,3.1609573,-0.050510406,-1.4225912
532,train_images/247ac63e5510.png,a9e70d6b8561ba10d7724c711c4dba6cd5428fdb1713d576ce7ddf65f1f927e2,532,4,4,-7.2751884,-1.6328049,1.2055244,-0.1999321,7.3057766
537,train_images/821789e9053f.png,53bc863622e03afc1091bb2ac9b64ac67a6155da608a3ec6f982e1dc0dece3dc,537,1,2,2.7281685,2.9705677,3.3530922,-6.898548,-2.4196508
544,train_images/9b32e8ef0ca0.png,57d8daf10020a08edc358bea7606ff87ee9bb161beb608daa81c9060c1f14dc4,544,2,2,-7.4307137,0.977993,3.867569,0.12779236,1.7960935
552,train_images/4cae247d9909.png,5757e03da6f2d4ec5708be8254da719bbec29c5bb046e5d89c66d258ec65df5d,552,1,1,0.7681389,5.391102,2.3480644,-6.236206,-2.5610113
559,train_images/be197b663520.png,ac88a3bf7478b9c02f3330630a706de0b90d6c29e6ff7ed40a3e281c2c291084,559,0,0,8.949932,2.7184563,-0.3562355,-6.7709503,-4.4972143
561,train_images/8906c9ed54a2.png,3c2b1850958bbe953a3b1e02f4ab6ccdba7585a35dd776a5fe66cf1fe30389eb,561,0,0,10.549816,1.0387249,-2.5804977,-2.4587097,-6.4781594
570,train_images/76be29bb30b2.png,d295e1a477b8e41bd1aeae97c703df87be2c5c00a89ce3a78696713b737fb59f,570,1,1,2.8757095,5.8603306,-0.20396805,-6.445179,-2.1991937
572,train_images/dc6fa1b38b83.png,c68b346c65af77abd32683e35de2f4e3a045f5c1b549d0808ec20ce767214724,572,2,1,1.2699699,1.8651524,0.18276215,-2.4467812,-1.1002119
580,train_images/b200c23b299b.png,f2fdb8791f4e45080ad11789bb5658542d634761883463fe9bea5cd5668b3260,580,0,0,8.862415,2.0860538,0.4872017,-9.544838,-1.8645251
584,train_images/e4c799738a19.png,c8e01f11ed207e68869cd16e8620e3ee7fea7bad15d67344c1781bdea9225a8d,584,0,0,12.258488,1.7740517,-1.1883125,-9.566223,-3.1386988
585,train_images/c446985355f1.png,7b4989b1b1300e55af757f546684945c12d5edcadd04873c27ef15229e28927e,585,0,0,8.3340225,1.9078827,-0.59272766,-5.8798065,-3.7468889
594,train_images/aaaadb174012.png,12edee50ce755054d0b958558172634c35413765d7cdffb9d9e36c0a758ec58f,594,0,0,7.665249,1.535408,-0.31873322,-7.8988876,-0.99695086
599,train_images/b71428739d4e.png,54a4ed7e269344fbe95aa90acb01a1aab23723eef25abde2ae57df03364990ec,599,1,0,4.091732,3.8994923,3.2552338,-8.10297,-3.374703
606,train_images/07a3be30563b.png,a1099e42adba1f11218b977d2dcf40108b8adf157f88b3307151cc5c04ab686f,606,2,3,-10.157684,-3.2435093,4.8562946,4.9774513,2.7900286
609,train_images/7b8c78b41c0d.png,4b033a443c6ae4095bceaf4ed37225d956a63f2e5e321cb7fcb45265de459e57,609,2,2,0.84936905,-0.09663391,5.2802925,-5.9979095,-0.34081554
611,train_images/f0098e9d4aee.png,204ecfa968e9215cbff1f78c2534e68d76b421884361ff7bbe4ba1b141f6fccf,611,4,4,-6.626766,-1.1958885,-0.6070442,0.50764084,7.2946157
618,train_images/9b093fe95d6b.png,d26052c16a58e45ad7db9266772230b13f906a30ca165bf108a5b9f8a44256d1,618,3,2,-5.402252,3.0054169,4.0107307,1.5551491,-3.7884111
623,train_images/46923eea9a4e.png,5fc0607e8a2177b14605db192199e764176b0b3ffb8b1d6e61207a0afcc9bbdb,623,2,2,-6.9515305,0.5300026,3.1375809,0.5653,2.077168
626,train_images/1d29cb2f4296.png,675ae52bd52caabdf4b888f9b1e77748d2a0c361c6a42d6409879b9f1c49e081,626,0,0,7.5746384,1.8942318,0.5493736,-7.421879,-2.5237143
628,train_images/50d8a8fb7737.png,e0212fc338cb6bd5185bb9fda606930419ce26302fb0e6a02787761a5dbb307a,628,2,3,-7.8993683,-2.4006786,3.3743057,5.5469627,0.6810999
635,train_images/8a234d68b27e.png,2bc3c9ac97e38382a3aa2945931cd8a34364886ba2be2cf6cd2d53251d524060,635,3,3,-9.661476,-3.1926765,1.2746658,8.551762,2.2738366
641,train_images/c23ff6dcf15e.png,d0a935345e284e0c3771f153dd1e7199c676eae390ac6ba3d231c2439b2ff0b4,641,0,0,11.947025,0.73578644,-2.7298584,-2.9311256,-6.890788
643,train_images/bba38f2294a3.png,a9d033bbe12119ff9fb5f568e258fbf71ba806f251df90c5f5f35c1c28240994,643,4,4,-5.988037,-2.7033253,-1.4217453,4.555523,4.928899
644,train_images/c70d09370109.png,2dcd43fa0ede167ac271ee1a53fb745d776315de2ae0e84a0828101a1a063fd9,644,2,2,-4.134346,1.9680195,4.6690674,-2.4107895,-0.6280687
651,train_images/ba2624883599.png,f7a4062b28b87de188dad43b8db5e581f4ac144fed195eaef7a8744245cc358b,272,2,2,-2.4450188,2.6584454,4.0404625,-3.6189537,-1.0269186
652,train_images/bfaa0080ab61.png,1cafb8e70ff9e5b0c1ad5a6499b5f1f02b2699cd17d347d6b8e9c5c301287fb2,652,2,2,-5.351471,0.28413773,3.468689,1.5476799,-0.55003715
664,train_images/27e2be850a99.png,afa1e8061240e58e7434666e6273a993b254ffa99ca9a30b02b7866d60b11872,664,4,4,-6.9537544,-1.7327404,-1.8738403,1.111805,8.81656
668,train_images/50916d67bb51.png,c4be162937099024d87f919581461a4d522c9a5d684898c6dadf35f6b1c3aba0,668,0,0,10.130062,2.7607002,-0.26348495,-8.483494,-4.0584035
671,train_images/4aa07d720638.png,a78460992d18f4936decd31522b089a6ce80e94572b365c9ecbf1c94669b5e3b,671,1,1,1.0435524,5.718092,0.15826797,-3.9459305,-3.1840925
675,train_images/2dd28ac497d2.png,ed2e559e40075b74cee96624c1a113545df2b5af5b1fc247543300af6b406d95,675,0,0,9.64415,2.5601234,-0.4418602,-7.598366,-4.1000443
680,train_images/8c7c26c52a6c.png,b6d2b800f387d04c3be464271cb78997dd9034d002e7bfedf70c9726b46ab0a3,680,4,2,-6.9059067,1.6441002,3.4717865,2.313427,-1.1307514
686,train_images/501c319f7a9f.png,8907f511178c727a626243f864d8aae6db43971c009b41fb1844a931d89ed9e6,686,0,0,8.676174,1.7478962,0.21969604,-6.582535,-4.0283713
689,train_images/8871e6a26596.png,da20a47b0acc5f0d9baa4f3a70091aed316d451ea2918e5bc7210f2cea1f6c23,689,2,2,-3.2559433,-1.1495972,2.6509018,0.41487885,0.93056774
699,train_images/882a71de424e.png,d28af9aff3530667b2fcd2d53d33a18974e7c946e9bae86d92f3f7d09b378fe0,699,2,1,-1.7429962,3.054758,2.1015701,-1.5178566,-2.322185
706,train_images/caec68f11c86.png,99a959fb829c78ecc0d79687fe089274d14e3645dc8dba28f63c31dac7056895,706,2,1,3.1970978,3.6363525,1.1055031,-6.6949463,-1.4590392
709,train_images/4478b870e549.png,61dc794bdc6ba70e118bc3cb2580b58d716a019e06b38c5a2d400c250abf9201,709,2,1,-5.9724464,3.111887,2.3852615,-0.26496124,0.2096622
716,train_images/bb45257258cc.png,c265dda2673557cfd9203590574cb0330999eae60f6f99f0ac3c032b13c6ea19,716,1,1,-0.68214035,4.997961,1.9756813,-6.578697,0.011204243
723,train_images/0953c0ac1735.png,89ee07623edc358e3d2f734051166c6f3c8c842111ce0ad9a4cb14388ca51e34,723,2,3,-8.419548,-2.4533138,3.6266937,3.6879158,2.8000078
727,train_images/24b943fe725e.png,ccf7784b8ff590ebe793505a648b014f5ca36f14b95dd1a6f3a02d708aad857d,727,1,1,-3.7405624,4.9106846,3.4398575,-4.078541,-0.9808507
735,train_images/295fdc964f6e.png,877d9d7695aec8bfe98867e5568f236f8ebd6535678b762fbcf38453761b6ccb,735,2,1,-4.797676,4.3020554,2.8251724,-1.4410515,-1.387573
741,train_images/6e3526053de0.png,8c845a254a44d5dbe6e99149b1b0d424359f8a6c467926f3575ed4f71993446a,741,0,0,7.593643,3.6383476,-0.15069962,-6.3291626,-4.70481
744,train_images/1e9224ccca95.png,312e23e7782f1088f43ff71b2b8974312ceff12be08c8e4c146d194ba8daf94d,212,4,2,-9.036636,-3.7349148,6.3159084,3.959034,1.7060804
746,train_images/81371b0c01ad.png,8a59ccf872c4200146be39a229bef5ad6db8bf1afbefcc9307631246d4559c18,746,0,0,11.7195015,1.5939751,-2.5496407,-4.8745537,-5.747817
748,train_images/b72a86d61959.png,c6a82f7b6fcae8640e08acb5603652fce9e8d501fa236fbc4107754f0a55f458,748,0,0,9.60458,2.9630642,0.58709335,-9.268223,-3.8355675
750,train_images/e3e490babc0c.png,ce6caeb46908fb9312c9bab2a5b9709389140f765c69125ecad2e796a2eed1fb,750,2,2,-6.355194,3.3288288,4.2620354,-1.1787491,-0.6652875
762,train_images/999115d9386b.png,7e689e44d8ed4e9314f8d430060bd72b9bc995034b27a9f62a2a17bee5549635,762,2,2,-8.002491,-1.246685,4.9141197,-0.034606934,3.6821203
767,train_images/878e356c8fc9.png,af5cfee1fb6309801f059dcb77139d5b2a2421f648bd5e3144170a37d3134531,767,0,0,9.98534,3.2819843,0.14574432,-7.8459167,-5.5063863
770,train_images/4eaf2f81819d.png,6e42d614d989d8adf9078490ddf51dc4d560358411cc0a3bc4695e695ff10bcf,770,0,0,8.5802,2.4717808,0.2844658,-8.555439,-2.7575426
776,train_images/41345cec5957.png,91d3f65d8fda4f709f5758435a3a9ed15e41d6ccd6b767d6fa1732fddf8a6818,776,0,0,8.41024,0.78940964,-2.848549,-0.8811722,-5.45726
784,train_images/c0968d41eb93.png,b326efa20789d828f5b114087c3593b5194fbeeddf50b7a989046f3927e9b61a,784,1,1,-0.8946953,3.711729,3.3157005,-3.805561,-2.6796641
790,train_images/b9c7c5182075.png,292462ae3a550ea45611b9c03806f7e261ba03a0c171980d2f5080b0fa913d5e,790,0,0,10.731266,3.7724743,0.18379211,-9.751038,-4.835991
796,train_images/6f689fced922.png,3035c2036b87d208c3aa77e1c91745583ea0d2e51b2f18c10ec898d94d85dd42,796,0,0,8.647034,2.846548,-0.09378815,-7.8703575,-3.4882164
798,train_images/57f933d3d7c7.png,e6944ac4a6b1d6a0d34bbe498ddd0146b5d672b5fffe563081b8adaa1c174eae,798,2,2,-3.9235954,2.4888496,4.9684906,-3.9660263,0.029207706
802,train_images/a73c3d516c59.png,d216592f408c1036c8b5bfd95d0a1266eb1d0d45fab28b1bc13246b1692dfb74,802,0,0,7.2427254,3.670311,-0.1732254,-7.5973854,-3.087327
805,train_images/53ddae6a619e.png,6519d5f6604ce72c02a25e6d36d1af6123b0d259796b55ceda2db679bdc56017,805,0,0,9.582184,1.931778,-2.6929626,-2.310173,-6.4770775
812,train_images/3b2b91590590.png,8f5b5a7c15b31286ce2346f08259f8845e2c502d1d6340558db7f09f5741676c,812,0,0,12.391712,2.0295448,-0.37277985,-8.699741,-5.183962
817,train_images/33596a635b53.png,c82263b2245335f2e8f93aaabfd0975947c9374f4428bc728db42c9c02096f54,817,0,0,9.621243,0.26419067,-1.7292786,-3.213913,-4.9066286
818,train_images/4ffa38550c95.png,5ed59482d0dab55a5cc3ecf2559b0590f0a12849675b0c059ded39d296e1e68f,818,0,0,11.326691,0.08060837,-0.8698311,-5.867161,-4.6125655
829,train_images/f901d460517c.png,45de2fd54fd2af8349e9695fc43c64ba964c7eb1f143dbf1a59c5fa425118aa0,829,3,2,-6.798546,-1.161129,3.5872574,1.2063713,2.532075
834,train_images/1c3a6b4449e9.png,e61ca49f98d32f234a000d7654891a521ee2ab11aa9d8b6686ffaf07a1f4a142,834,1,1,1.0820045,7.198183,1.502491,-8.219639,-1.8241807
836,train_images/d2d523e9f669.png,55de5164017259c8eee610a6b41fc19be6944d86f525228fc9fc989f5db3d4a2,836,0,0,8.797493,1.4134655,-0.6453972,-3.368122,-6.238619
844,train_images/080ee76c958c.png,91b652c838f2b1edeaba481629596f6cfd647c99b2d795fdecb3cd108287d9b1,844,4,4,-6.2891655,-2.3967762,2.7709694,-0.055461884,5.3894577
851,train_images/0a4e1a29ffff.png,12c41dda12a9bd7f0674bc886aa657e90b92174782973f2cd5421e8c8797d765,851,0,0,9.557491,3.3562412,-0.6205673,-7.935074,-4.290429
852,train_images/4f20f9a9a65b.png,055e5b2a0c4d7cbe10a5936175a2b6a3765651f55080cfb8c400a913d50b6d57,852,2,4,-5.525997,-1.3544178,2.0553093,1.871624,2.4790258
859,train_images/8785b71238d8.png,cdb9288c5d185e7085068fdc0ffa473cfb6a18e395ad1be7d81bd3a53dba09d8,859,4,4,-3.5600739,-2.0517673,-2.1143188,1.2186241,6.098053
860,train_images/3b9c1f42c2f2.png,194e890db59ac0c1b92724436ad62e5f8aeda3333ed67139457ebfd9f3833254,860,2,2,-5.3251762,0.7729683,5.6192245,-1.821064,0.16839123
871,train_images/adb56cecafaf.png,64558d2a745c2d8424bd43225e0ea6c6503ca07ad06d2a5e5cf034d5f22ce886,871,3,2,-2.855217,3.185196,3.4968872,-1.5215149,-2.7616675
873,train_images/3d2ecffe0386.png,50deb86f2a36ca1f1e74c374a804d36f50852cdae4a99b9a88b8efb51ba7671f,873,0,0,10.324844,2.7706528,-1.7210922,-3.3905373,-7.9246197
881,train_images/4d17559ac1e2.png,e420da01506880d1edc51de4fff12ae061070eb778ad909efe7d75cfba2a25c6,881,0,0,3.8220139,0.8473339,-0.8596878,-2.7790527,-1.0992479
887,train_images/8ead8f37423c.png,511625fca1557f94678a0532ebd93045043f1dcaa1be4ffa93369737698dba91,887,0,0,11.029182,3.1523876,-0.6568527,-10.349102,-3.0904365
889,train_images/191a711852bd.png,89139434b7b2f5f67a76ec44cbfe2eefd6f0cf0aad8a663fe80e630db811abe8,889,3,4,-8.270363,-2.1333447,-0.0038108826,4.241329,5.464551
890,train_images/e5d56f4f359b.png,d2f07717b48a5e6fc51a5793ddaa4c80d6d4c4714e98c8fc8a5b52f94d521a64,890,2,2,-8.447189,-0.97813034,5.1545105,0.5752983,3.0068202
894,train_images/2ef10194e80d.png,026c2b7afb6345362d8568b7679c22e0bd46165e4d33fc568ae51daf463ae09f,894,0,0,8.820972,-0.7285366,-1.923336,-2.6808472,-3.450227
900,train_images/5321ab64f9ea.png,1e0e793b814752a8ff13aa74ae221124ccc7672638572174f85d5fe985f8a009,900,0,0,9.625973,2.1903725,0.81912994,-8.904861,-3.6903224
901,train_images/d85588ff2ebd.png,218657a9a2228eb17d677a87f31e1b817414a90648662d8d3815a874e1c068c2,901,1,1,-4.2247505,4.9956703,2.6005592,-3.2596703,-0.58819675
910,train_images/7ec0e61a7e29.png,4a97e1a53c6f23150c483b56a5781826b198aff33459451aa5ade5203b1945c1,910,0,0,7.015957,2.8153515,0.31507492,-7.6717873,-2.5086293
915,train_images/bc73ce76ec43.png,db2723ba6701f0a2131cff98d8b766d010ae855aa2ce51f3b66c0d6fc07a8c9a,915,1,1,2.8385239,5.051733,2.604885,-8.163334,-2.558249
917,train_images/7d11dbc1e738.png,0086b2ca56624f7150cc6ef7a681e21e1f99d88fb8c64ebe49ea85a8cc1177bb,917,0,0,10.362499,1.9798183,-2.58609,-2.974472,-6.704777
921,train_images/79d44db3da2d.png,2f52fa195598cc0dbb125801bac2a47870e5132c248fc19460299d2708a3ffd9,921,4,4,-8.015785,-4.2697926,-0.46010208,2.8902168,9.207082
927,train_images/25a0a1e41afd.png,1a5f25e31ab9de7843981195c2b4be06a83f131fd7a84376d1ed627c3b331330,927,0,0,9.147785,2.109501,-0.21256638,-8.121445,-2.8375378
934,train_images/549381330191.png,fdad2ad2867e2a39801872edefb9cd6ccdaa62e673aa24d6373c679d2bd4919c,934,0,0,9.266182,2.4202538,-0.08826065,-8.385319,-3.1417253
940,train_images/4c570172778b.png,6e1d2be31da239e83a143abee9e9e8b5b32b1baa1ec793813835a8516249a85b,940,3,3,-9.186829,-3.6977844,4.021267,5.4413185,2.6342864
943,train_images/5f51192841f7.png,120a8865d14c497cd15148e522b979fd3cb73c8a8c1d594c8ef9a973c288721a,943,0,0,9.555817,1.351059,-0.5841751,-8.606354,-1.670251
949,train_images/d9d2631f043c.png,d8edaf0eb25f3a1ce50951262fe55f05b87f52cc70ee2031425e66c08d294032,949,0,0,8.779938,3.8446064,-0.77322006,-5.9523582,-5.7685347
956,train_images/587146a55885.png,fee1af21dca13eed52f88ba9d62aefe29b00c4d34e440d3b3f32bcdca470009d,956,1,1,-4.2387123,4.743725,3.082306,-1.0611534,-3.0551558
960,train_images/3ca12e02dd4e.png,aaa2b3ca2e809e8bb5b0ce9d652acb896498ad3d52c6d964050b09238f58882b,960,0,0,10.362839,3.4460983,-0.074085236,-9.03252,-4.6003876
967,train_images/e33766353db2.png,7516916c706b2d41e04f1cb523b7b390be0ddcbff40beb3d23337b49928a6b1f,967,0,0,13.6320305,1.289175,-2.8752136,-4.4595146,-7.3961105
972,train_images/64ac539f58cb.png,892364ce0b665b1f4aae4156c37c396021ca1479eb469a6a7ef0ecac0b590f5e,972,0,0,10.972382,-0.24596024,-1.6124039,-4.0447006,-5.0042043
973,train_images/6ea07d19b4ce.png,af73cfc382a8c7a9b0270a712e6402601f2b7c8af11e593fc8fce37da75ccd8f,973,1,2,-1.8818512,1.8087673,4.0077934,-3.1205597,-1.224086
974,train_images/bac1744955c2.png,d88ee8fdfb5e7ee4d6f896cd4d913ecb045bb4e88a2f6859b6720c8abd6f3f29,974,0,0,9.849503,2.6475143,-0.4782524,-8.194645,-3.7305832
983,train_images/537e5c578f40.png,91216a63283788eea8ed4f6a7454f36fdebfa6ec0d1bf2e529259caa5a0f8ce9,983,0,0,7.6502037,2.8404865,-0.13461304,-5.833248,-4.5071692
988,train_images/94b9ccc73bb9.png,2769ce838822081b775304fd42059ae0e190ced82fff1cbc31549f478d0dd361,988,0,0,11.544109,1.2989388,-1.9695702,-5.274452,-5.479081
993,train_images/44878f34e31f.png,0fe0be0e0a547efc2ea281bad5740d36a24afc673e24bf103a6fa5619b16a1ea,993,0,0,9.053841,2.5720005,-0.4353981,-8.927341,-2.222672
998,train_images/c0e509786f7f.png,014548e090df9d1d91b4f01d9f9dc41981741dd319047fabcf785f01d71504a1,220,4,3,-7.278927,-3.1697998,4.2489433,5.338154,0.12253189
1005,train_images/2c77bf969079.png,0f1f28108271c1c78e7ec2af3e1544b5cbf4979b3db1dd93a591872936e67965,1005,0,0,7.902649,0.9381523,1.5766182,-10.42355,0.1755805
1013,train_images/3f44d749cd0b.png,fc12c65aa6207bd74cffe19726cc3ee11d371f54e3bf019919df3b96d99694bc,1013,0,1,5.5325623,5.7845592,-0.64562607,-8.476753,-2.2110713
1014,train_images/c94f37085d0f.png,fd62871771b7ca12ae340c503f06355bf1399359c74191db8f393f236a189113,1014,0,0,9.667755,3.3552723,-0.31551743,-8.829227,-3.8349245
1024,train_images/7d94a000c2d0.png,87ccf2ddc3e668afa1b5dd3367e418bc86a7993387d98d396c462ca7e8483a6d,1024,0,0,11.029766,2.447937,-0.5059509,-9.357151,-3.5290918
1028,train_images/8e6df9eedcd8.png,5248c530abf5af7c2b30bd7e5de4ceda3f6e15fb61f0888db70c0c272d3e9768,1028,0,0,10.372368,1.7449207,-0.7019882,-7.7265854,-3.484916
1031,train_images/61d9c88a3a4b.png,6d68bc75e2f4e18917399f5b9b7f0b0bdbe7ed077a0d47db75eadede58060590,1031,0,0,9.0877075,2.8269405,-2.0401726,-4.2876396,-5.544104
1034,train_images/60e269e3e188.png,2ba34c9b9ceedf72cd8f15642cde92043972ecf68458c5315c5c556ef19d0e25,1034,2,2,-6.34042,1.092083,2.7392044,1.7892876,0.13025284
1041,train_images/5cc6dea19614.png,99a7f36ec70d812552636b93221f422f88c5124b5734fdb9a4d13d97571b697c,1041,2,2,-3.6475906,-2.8955631,4.578926,-2.0949173,3.5748768
1044,train_images/5cab3ef4b31c.png,cae2f990107df8a8c49b4cdbfc844f45ed270f7846e11113a45f1ab5d52fb750,1044,1,1,-4.898987,3.7387733,1.7740822,0.20299911,-1.287631
1050,train_images/12025b34deb8.png,3c7c855d7b017ffc348a989009e0cb444e2af0cc7f3a01f2696b39dc6709e8c3,1050,2,2,-7.66045,-1.0863056,4.7851734,0.29989243,3.0430279
1058,train_images/4ec7796df40e.png,118b09df9d50de643a95794c972ec8fdebeff9a50d94d1bee3e4599e96975a0a,1058,0,0,11.310467,-0.19367981,-2.6160278,-2.8688202,-5.555711
1063,train_images/55fd453001cc.png,b8bc353283ba0387fdb9f80402076e0a25b7c1446f01f5ed7e3678ae10d9ab49,1063,2,2,-4.255146,1.9067707,3.230198,-1.0401077,-0.36076808
1069,train_images/8f1e7433a95d.png,975d3ae21b7a64bf5956fa60670120ed44fadc37da0482a08be9021c0f3e7e5b,1069,2,2,-4.456684,2.3478012,3.2561607,-3.9594116,2.2952042
1070,train_images/5712e2aa73a2.png,065cdc945e19d25477ced9e67a035862ad0dbd106bc46cc955f3aa183ef1ce56,1070,1,1,-4.9703255,3.6411934,2.21632,-3.239437,1.8493071
1073,train_images/46d3316c4857.png,99ed329e1d7b4e3a4e554ec5ca138085d2ab9f43076cbc9653a851dd99ef82bf,1073,4,4,-11.170479,-5.762102,1.1548996,4.6067543,10.366528
1079,train_images/c597ef460944.png,2143e28c67aa065efb3b279c4d3faf844622ad00af999b066f50807b0fb6687a,1079,0,0,4.7128334,4.565714,1.8218613,-6.8704567,-4.30246
1086,train_images/5b3e7197ac1c.png,300f89c62c0e2eb3b60df75803be69fcf33c05a63c8bab7577f0f8395edd164f,1086,3,4,-6.1436157,-3.460987,-1.5565186,2.915142,7.5929136
1087,train_images/29f44aea93a4.png,012499cca8489935d7691f4df7d82998264d9e7dd1fa710801af4e5c8b944cfb,1087,2,2,-6.1456757,-0.4319439,3.9294472,1.5941505,0.48528433
1096,train_images/f18abfa690ab.png,ce1481cfb40096f964996c7c3f95f90529d1eea0b12ccc9593b6935f678b3da1,1096,2,2,-3.7730331,2.5290565,3.880375,-5.310791,2.1367269
1098,train_images/acf976efd7ce.png,489a6f2ccf80b64b9a3e2ed417f8026e2ff1c2294ff62a11f8d1c73012df7ca6,1098,0,0,12.080776,3.0776138,-0.949955,-8.407101,-5.6535115
1110,train_images/e38f3a65b02b.png,f4156c29e7a14bb423d692c43d1eb4c45c5116be94668a84d1904da8a6340bab,1110,1,1,-5.357197,2.5603256,2.24897,0.008571625,0.06540871
1115,train_images/2fde69f20585.png,4c617b0667d1083e09b1e2059d9d9ff651fac14429e05d4d3ad369ea2c685d1a,1115,4,4,-6.429638,-4.7278214,0.45100784,3.5414848,6.5122147
1118,train_images/08752092140d.png,f115e50fa75743fc0d5de5fefbc4b5a1b313c6f3a12825f249a8d7eab36b902f,1118,2,2,-6.4912834,-1.3007526,3.4531364,3.0044594,0.675066
1120,train_images/63c3c571b8ee.png,4e8caed4c5f83d972e8b39a0c1ca8787a49cb1babb3a78e5c4ad07e0ced0a423,1120,2,3,-7.768326,-0.9927025,3.4314423,4.164898,0.47834134
1128,train_images/beeca5f14618.png,582da01951ef35ad0236fdf206b02ed2b9df4a9070d50a57008df2fad18773b5,1128,0,0,10.541611,2.7490997,-0.08540344,-9.938007,-3.0843828
1137,train_images/803120c5d287.png,2d4cc88543b57cec1735a65655379ffb2b70abff85fffdedf2ba255cbebfc2b2,1137,2,2,-5.553177,1.0526714,4.558197,-3.6022644,2.9868984
1141,train_images/3b9817a39adf.png,839905d3893f5a066683c7a9480a90835032d27dea5ae52ddd568f04602ad5be,1141,0,0,10.1199875,4.0576134,-0.43911362,-9.19672,-4.4716015
1144,train_images/91e82fe4e434.png,7570ee36060897e63334b1d6608192595e316047e4bb2aed20baa20ec4d7016c,1144,0,0,10.006657,2.797121,-0.19649124,-8.989822,-3.5393858
1148,train_images/682312e82ee3.png,4c3feb738a914888574af8a54ee679995c168bb23971f19fa315b386defb6153,1148,0,0,9.592602,3.1403637,-0.96971893,-6.2957916,-5.3437004
1152,train_images/f64b6e85f1c9.png,78be606419d7b256743b710b273c3e7d8b39fa1271b7dbed44a44609ea2571dc,1152,0,0,11.530788,2.0028725,-0.32474518,-8.601276,-4.4892755
1155,train_images/5a93c0f783c4.png,1a6e353a3acb5ca479b9e83422b4f60b0ea1a71825d86a0e3dc0951048b698e9,1155,0,0,9.137436,2.2533875,-0.9003334,-6.7293243,-3.6450734
1163,train_images/962c0fc85e13.png,2657fa588b2b5179bc4a69a7f558150f383bc7e608b3d51c61d55b3e4d769061,1163,0,0,7.5533104,1.5980968,-0.4814949,-1.4450111,-7.27091
1172,train_images/bf18ff30a8f6.png,32ebc37c57e83704da342ecee696ce39eda07fb98c3ee34c9d9f540ea201bbfa,1172,1,1,-1.8093147,6.7723026,1.3718643,-4.867756,-1.8294371
1175,train_images/e4a44f9158dc.png,d23b8d9543062af6ae385fbd8a164726cf7dd16f61167328e3b8e076dbdf04a8,1175,0,0,10.404217,2.4476032,-0.5408516,-8.019867,-4.1886673
1181,train_images/13d71389563f.png,9a1ca35289993c7db77f1b71b42a33e20a27852e1bf3d7d599ab80379288d6c7,1181,2,2,-2.4119911,3.5866413,4.5695915,-4.452072,-1.7565005
1185,train_images/89d9c071a56f.png,4cb61161b1e5dc6ac30032b86712b7dff61b5fa801a2566922f421694e677516,1185,1,1,1.4962082,5.710657,1.5775146,-7.1893845,-1.8189307
1190,train_images/48c49f662f7d.png,026b573652957615c6c77503e4029da609bc01519a20a612a26f3d88fce4b484,1190,2,2,-6.1930923,-0.27275276,4.2654877,0.5602493,1.0646205
1199,train_images/94076a9fb9b5.png,52681463744eabd952e19823c6896028da7dace2dea416fde32f8b81fd0fa54f,1199,0,0,7.8483696,3.5835247,0.5296631,-8.221638,-3.7407155
1206,train_images/39b5b05d6cd9.png,b3655add974ff8bf9e9fbd5f3925004471c37064c0d993ffcb4b53212177629d,1206,2,3,-7.7516823,-0.5495262,1.8688812,5.8577156,-0.08999348
1208,train_images/9b0eb9f41da4.png,1325ab16a9e88dc788c77552e43931fd36ff0257f8b1be9b7e9af7016cee39f7,1208,2,3,-9.192078,-0.25413704,4.569395,5.4278145,-1.295665
1213,train_images/61bbc11fe503.png,db2521c1cdaf5f046628af834ce3fc27781d47bb933372778a506c154e47582f,1213,4,2,-8.114433,0.64705086,2.6419067,2.09264,2.0633006
1219,train_images/3dec415b188a.png,06c9b3a43fb4e6ae2b3b95994e45f9cfe16eebd260ec65d368cb41559de3bac1,1219,0,0,7.6655197,1.2438259,0.3322792,-7.9886017,-1.2877197
1220,train_images/5723d0ec895e.png,d8d46aa0908ef3d82a5ec34ace06ccbed64ca647e2bcbd330a7905e85cd3ce49,1220,2,2,-3.500782,2.9354324,3.8970146,-0.82640076,-2.98218
1227,train_images/c8fc0df22999.png,75c2b6b6cd4f9ecc2b5353ecfabd5b46261031ac2a8908cdf36d66418590df01,1227,1,1,-3.848156,4.208172,0.78310776,-4.296917,2.7183328
1232,train_images/352e4a939242.png,e986cf2457956d0fa8fd52a174ccff26717d15330304e3844019ce446fa0cf60,1232,3,3,-7.2469177,-5.072359,1.5521889,5.1455574,4.910101
1235,train_images/857002ed4e49.png,1dad7cbc33426f0db3af5629ebc9e043ccd133b59290c047f274e3a625f55eed,1235,2,2,-8.80587,-0.54714394,5.028002,2.2773247,1.3541026
1241,train_images/cb602182cde3.png,ddb1e1d97941491d746575bc8232a3b9a3e9db436c49102788cd86ebe728201a,1241,2,1,-2.5630646,5.918806,4.4561367,-4.412773,-3.8387008
1242,train_images/f0c13be90519.png,f800e705ff8fde6e1fde2c1a60ba4a706b6a6728766db9163c6eb95b0c3ef052,1242,1,1,-1.4738579,5.9936657,0.056747437,-1.5330963,-3.3864465
1245,train_images/3a6e9730b298.png,180007fd2a75e760c1bac95bbad4e1b3238ff6f0804fe1ce89e7e57d21f0b00a,1245,4,2,-0.39725876,-0.99162865,2.979519,-1.6978722,-0.16607237
1250,train_images/a6731dd737af.png,98908df1c636ee9dfb42a624ce43d7cd3dbe52aa1a77c73133039edaae446c6a,1250,0,0,11.31739,2.2142391,-0.68821716,-8.867142,-3.8327577
1253,train_images/a93f1ea3ff4a.png,c13e7eb278b3ca91fecdafc1398a792e83df58db7c69966a12193e6930425739,1253,2,2,-3.023716,1.1020985,4.2922535,-3.859764,1.0303025
1262,train_images/80e7cc0a0649.png,d6e822ea917f17fe7d1847b8a912effa309d3c5fa97805428156f81fc89c408c,1262,3,3,-9.069351,-4.7051888,-0.0014533997,10.384525,2.66811
1269,train_images/82deb07a6618.png,d994a37f3cd77ccbe167029de6338cf6d8c620fc58220da4564206731da54ad7,1269,2,3,-7.122616,-4.157757,2.8498917,3.9134712,3.8622375
1275,train_images/8ff863f8874f.png,c13f3768256e87d0f75fde691e17572f6a9b13a98040e180d94fed22fbf8dc15,1275,1,2,-0.24789429,1.2404518,4.284979,-4.6101723,-0.91970944
1281,train_images/0a1076183736.png,7c930ff71809944a0b441c0a09c30f35629eee67d59eb0837624b29b64b7eb3b,1281,2,3,-9.80941,-4.1275043,2.3063164,5.6884804,5.1918364
1284,train_images/f47a2a4a0411.png,61eaa30bdfdb34e3f544d5f9d89606cc68c678ec73441ce4886c83fb712ba6be,1284,1,2,-2.7594604,2.9223137,3.8300362,-2.77676,-1.6531231
1287,train_images/b50b30aa6e6c.png,5be08103670fffd106198148dec4859bd0747e609afad0da41e858af17732ee7,1287,1,1,-1.039856,4.4195423,4.3609753,-8.102528,-0.01018405
1291,train_images/0773a1c326ad.png,75d5faec0b1674b0e8bf41415495015f351f91575293a290dc2cc646b6a847dc,1291,0,0,11.522224,0.77817345,-2.4925308,-3.850647,-5.811076
1296,train_images/ff4832d55461.png,3dd2cbb8a22f390420a964768210bfbe5da54fe834d7912ac4d90a4df5c1ede7,1296,0,0,10.879368,0.5632248,-2.7530022,-2.5769615,-6.0141315
1301,train_images/4a0890b08532.png,a562e39baae39e773ee3efe50fa30e1861161a7bb8d5d8b303ae38c80e33c423,1301,2,3,-9.629562,-2.295454,4.49506,4.53001,2.0705647
1307,train_images/0ce062f26edc.png,35b5c66c9071b6e259aafbb73ba0325e5b6bd4e75c746b8e7994e7f92a7becc3,1307,0,0,6.315468,-0.61146927,0.6489868,-4.690441,-1.6574938
1310,train_images/43ddd0ab0cc4.png,30cd4c451b5f65d4bac6528a2eaa0bb62bdd34587ddb664171a754a8bbab3bc9,1310,2,2,-5.3213043,2.105669,3.882061,-0.34629822,-0.9076369
1318,train_images/0eb52045349f.png,f7eb4409c21ac0b5b929fe41f168e8d0c28a570ac7cee4d019d1b1eedf2dfd80,1318,1,1,-3.6493607,7.7380924,5.1876106,-6.1659203,-3.6087937
1325,train_images/937bc1b924b1.png,512ec217645c98aeee4a6babc8c884d2772137fddf66a98461465e122cc45da2,1325,0,0,10.404598,1.0925026,-0.2544899,-7.7860565,-3.3987498
1331,train_images/12058bbb8299.png,176557cc89459c69f2168dec71da5241afcc57e04afb462be6ff4ca7aac25ab5,1331,0,0,10.0606,1.9177494,0.04773712,-8.723148,-3.232128
1335,train_images/02dda30d3acf.png,92fa31748c1b01be89a88d6f005bebc28ff219abeb9ac04ee0eadebd16f42f36,1335,4,4,-5.381073,-2.4979496,-1.1684647,0.8588524,7.6853266
1341,train_images/be3a7d9e981e.png,725320d109d5d4805047358f8f025f48ea2fe0d3833b9a4f1ae2defcc867817b,1341,0,0,9.166218,0.24234581,-2.871605,-2.2280579,-4.2759085
1347,train_images/263d8851e33b.png,e5590bdf783927305fb3a083e0fd374ef8e21b37fc6b2d9f1489a3d398f5fad1,1347,0,0,10.442623,0.104185104,-2.6189575,-3.6060562,-4.2465153
1350,train_images/c7b622ec8104.png,5c8d9b62c71c43822959e5ac857d1b5aa9e1c4ad503da218fea24cd605859ea4,1350,1,1,-2.4694672,3.97999,0.79037094,-6.196186,3.4790244
1358,train_images/5b301a6d1ac7.png,d225b61e8d51f82c9971e163f64b33a7e477afe4e09697e1f3912b83220b61da,1358,2,2,0.21324158,0.44493294,6.62199,-5.84626,-1.759614
1361,train_images/9a28d4e8aef0.png,6a10f05d2beccc134cd493ded91a12e579a18eab3c1b5385f5524c9ab1846343,1361,2,2,-8.063194,-0.9638996,4.3813286,0.4842453,3.4778314
1367,train_images/bacfb1029f6b.png,49496258c2673cdcb7123f16954ebed4c67f461db2032824e11e8d637a66f73b,1367,1,2,-4.2724648,3.9461498,4.0843124,-1.9865761,-2.2835097
1372,train_images/143db89c11c8.png,3ce75c293c60d45d3e95056af7411ab7ea304f1b8bd51184363a6b3cfbdb0272,1372,0,0,10.424438,1.5365372,-0.5144272,-8.945625,-2.38659
1380,train_images/2af1bf226f51.png,d9a3e286e7789cec48d037de5c486f2e43660f8cdec380e59d65a159f096bd9c,1380,2,2,-0.6442642,0.6034565,4.1601677,-1.3055382,-3.1923065
1384,train_images/c947bb6cf9f6.png,20cc6987a96bb11c53ec2599a57d63fcb56ed67856bb5edcbe386f6288322cc0,1384,0,0,12.390427,1.4191055,-2.1169739,-3.87463,-7.688842
1386,train_images/2a3a1ed1c285.png,4b81430cae386db2b934e8fb0a8a138cefbe6b9ab9d28df2af982cece289a385,363,2,2,-5.3344116,-2.1838646,5.2670326,0.93122864,0.76833344
1390,train_images/9de9421f17e3.png,4285a16f876b45d3c65e5df5609f551a1188a32cbf9812a59f9df088830da492,1390,0,0,10.465744,2.6793175,-0.53168106,-9.791473,-2.7130115
1399,train_images/07a2b8cabf6b.png,71b13f01b62aa3e2bb4ce7e5d2e1dc3381ae232d09267a91319384d93fd9a583,1399,0,0,11.41095,2.6756973,-0.33044052,-8.842674,-4.7813535
1400,train_images/4f7755e74a9e.png,55604dc3edb5b7e7fafe3cc0ac4ecff2cc85aa858f6336807f4c6ad5fb3226a7,1400,1,1,-5.3513985,3.9473286,3.0852737,-2.2862053,0.08323789
1407,train_images/4a05f81b3aba.png,6422610640bf50835413067b52de6daa2ab3e9f45c4bcee3b2c34f20500b8e6a,1407,0,0,9.532814,3.1462364,-0.32032013,-8.359501,-3.8543472
1411,train_images/64bad93fde3f.png,f36992c7eec8407cc4af517c6d83da7e7da5fb6a2e5b1b5bf3595a1fd5512815,1411,4,4,-8.152344,-4.2250366,-0.37829208,3.2820702,8.782327
1419,train_images/da0a83f074f3.png,6ef48397572d697ab747dc1eea43ca450ea98f0d3ffb22cb4b1fc4eef2365287,1419,0,0,10.92104,2.9117622,-2.022152,-4.926903,-6.7883015
1423,train_images/cc964bf04dbc.png,a21217c26890a330e9eef6f94e9f049f9cc618b9c28485e44ba42819ebf687cd,1423,0,0,11.038692,2.747717,-0.06428528,-8.16069,-5.454709
1428,train_images/44ecf3f4efa5.png,ec18cac8517844de9149e062cb740dffd22593a5340541c4d2b67a96ae8ef6a8,1428,4,1,-3.3083992,3.3483295,2.9053001,-2.1762733,-1.2198751
1429,train_images/f366fb1cc475.png,b6a32b98e65c335d6d75122d658633b23c1b48de8f49b1890044c740799ebc96,1429,0,0,8.748814,0.9721832,-0.092056274,-7.648487,-1.9314241
1437,train_images/bd500a73beae.png,a787a9ce24376ccdcbdd0bbfc8ab719f284038b2f5ae363b3665393bb0f8aea7,1437,0,0,8.242935,2.807003,-0.7094536,-6.2624474,-4.047463
1440,train_images/c5e238aa18be.png,8ce31cced70e9a2eee7c9ecd91c09edbb64257d95a14be71854b73ae3687b89d,1440,4,4,-6.79583,-1.8690281,0.15177917,1.7866173,6.047599
1444,train_images/2c1d5be654dd.png,b43bd43857aca9efb608b23d251d7200c0b786b1ae52382a3695e3904341e5b1,1444,2,2,-4.139328,0.21563911,2.997116,1.8787193,-1.4698647
1451,train_images/b49b2fac2514.png,d3bc9cdb76429260ace935a0535dcee775d27a55f5c8e8a6b63ba3e2b63403e6,1451,4,2,-7.2049637,3.1627998,3.8700485,-0.69558716,0.29591465
1460,train_images/d18f6431ebce.png,d429efd66264b82cb2b51f7b9a272c6fa0631ce346d46cdeb71118be29b94f89,1460,0,0,10.809486,2.876873,-1.0813103,-8.049828,-4.452984
1463,train_images/d2c2f02bb313.png,0b79765f39764766e34309b038b9e5b0e355add223c40bb9e70ef7b08e73684f,1463,4,4,-5.544853,-1.2801876,0.22064209,-0.3039856,6.344016
1472,train_images/d6f6bdfd8011.png,73ca7a3eaedeef1b293439b9c1f8f703663ada8ff5247bb813a8d75e4bd4aa33,1472,0,0,11.061947,2.0849495,-0.6919365,-9.031254,-3.310651
1475,train_images/849a91e9ab28.png,835f8a55a039bbd84fc671f049c4d4b84ef37cc591f9766724aad4ac48896da2,1475,1,1,-3.8597412,4.4356613,3.3203888,-2.8418655,-1.5094801
1481,train_images/cc1eebed9276.png,ee1ef3b1d28296e347400f787eb5fa10a3711fedb7e6d13b4885c92ed1b8aa7e,1481,2,1,-1.0788269,3.8743553,3.3907585,-4.8969383,-1.6183368
1482,train_images/53f6c1c65c04.png,34569f7cbc1b2e6315a7124e90e8b6e3d5740fd93c8fbdcfba47115abcb530e1,1482,1,1,-2.024601,7.968691,2.6178055,-4.3783226,-4.5785418
1489,train_images/10eefba568dd.png,9544c1e7dd75d02e8f74963d64844a5397194d250a2d21bb89b7d2f9636fe64c,1489,2,1,-2.341175,2.782381,2.6802292,-3.243904,-0.2967565
1491,train_images/f819c65b803c.png,b62fef9a260b46bb4fafccf0f9f3bdf775393ba8da623e5127c724e7106625e8,1491,0,0,7.643944,-1.6506329,-2.5511208,0.71522903,-4.1882215
1493,train_images/1f31701dd61b.png,71da09afa365b17d769c3b3f99acc525f569e2672e1bc463cf571f2b4979f2db,1493,0,0,10.098816,1.7838402,0.0046043396,-8.538898,-3.305565
1503,train_images/cac80797770f.png,ecc5a9f7522791e13c75275153b0271c2db80d8ac3e73e24207b588814ffe982,1503,2,2,-6.007389,0.38147926,3.9318237,2.2619743,-1.1615477
1513,train_images/62ab144d5cee.png,a8b6d852951432418d72ef57983a65f3b8dd4a716c77fd9d7a3bc1ca6fe11377,1513,2,2,-9.595306,-1.9806862,4.558447,1.9185295,4.3568616
1514,train_images/03ff7d159f10.png,587d1ac74d21d49aa8ae818c2a86eb4571cbb7708ee7ddfb83cf187dfba077f2,1514,2,2,-6.141739,1.6608086,5.2942867,-2.4998398,1.118321
1517,train_images/496155f71d0a.png,4d4ea272729d76d38b905285adaf0be8d0cd17734111ad40dac0bde6e849ffad,1517,0,0,11.136513,2.7273846,-1.1640701,-7.6037865,-4.960021
1519,train_images/fecf4c5ae84b.png,1bdaaf702098d21ab5c631ca727a3888c33f06b9c5c97c9a7f4b20b9179bf2ea,1519,1,1,-5.2438354,3.308508,2.196537,-2.0712318,1.3008304
1526,train_images/b8f1b30877db.png,290e662bdc163d418c95dc3a50410d240a865445801c1e43c13076f0b56644a7,1526,2,2,-6.430378,1.5173969,3.868637,1.6389046,-1.2580731
1527,train_images/ef81cd8854cb.png,271ed0d391756c340a72835af06fd9d63be319164bfaaad42b443d11b462374e,1527,0,0,11.524128,2.2303486,-0.32106018,-9.5498085,-3.74688
1535,train_images/4134b290f5f3.png,e40b592f129db48ec1a70fd8a1171ec595f3ea228d9d081ece24763a9baee694,1535,0,0,11.257477,2.0355988,-1.2791405,-7.4654465,-4.3374906
1536,train_images/bf7221a016b5.png,863730b974cd8f72791b1f5e64386d2435e4b576411997f51691886f290a189a,1536,0,0,8.368446,3.2855015,-0.9972153,-6.6579094,-3.8733263
1544,train_images/5b994ff78547.png,2956b142924e8b08a19e17b1c4f004f0dfca9b96e283ad74e157347b6a88c7cc,1544,0,0,8.407604,0.8194485,-0.67171097,-5.748474,-2.7519236
1550,train_images/00a8624548a9.png,6ddee2bf8f9deaf83d323fd261b04698641c399b25bebc9336a44f24abd61d75,1550,2,2,-5.3143806,0.5493889,4.9417343,-1.9387054,1.199503
1558,train_images/eaa0dfbd5024.png,585a5edc6351401a6f240f326077e93521c6a394c7f99f9a24add145d7638fe8,1558,4,1,0.61159897,5.5958557,1.5196495,-7.308586,-0.71072125
1564,train_images/8c29a76fa08c.png,12f3d5fd0bad27803ba083c6e0d0753780ce10c1cb53f2574da4b932b5d1b6b8,1564,0,0,6.9448166,2.0938473,0.3134079,-6.9322433,-2.4431522
1572,train_images/83038ca49b6d.png,7c92944228879d7b59531e9ad00a99b21974b984c7c223ed4f7fbd127b813788,1572,0,0,9.777203,1.6573906,0.06876755,-8.546848,-2.9001045
1576,train_images/1509d097b69a.png,ddee0f52f7aefbe08916b627e2caaca3db978e89f6668c571152395b55b146e8,1576,0,0,9.602127,2.851286,-0.4580536,-8.228859,-3.6949863
1580,train_images/2a5a8b744f08.png,1e5321f241d734a9b41c743ed5323ee0b1f6066387ed187954cae533a4e2bb7e,1580,2,1,-3.3247833,2.0024261,1.6206207,-1.2266846,0.52511024
1586,train_images/f02956bd7c50.png,ac501f30168c3179693d53e0e4d43e5178cd546fe8f0d5a7a51941d919dbae61,1586,0,0,10.958836,1.915844,-2.0167503,-4.66407,-6.096629
1591,train_images/7bda86d95c5b.png,391a4e3f50aae25024f359d226d2a1c7c9e9259d0d1d18c94ec63f532bae3c56,1591,2,2,-8.555801,-0.51384926,4.7646217,0.7222824,2.8917918
1598,train_images/a2d349f567a6.png,8d820c5a206b72ecd9c93e962e857ac53321f0c470f65379ebd8a8c4b7e66cba,1598,2,2,-2.0153809,3.7334957,4.546625,-5.848297,-0.8566582
1602,train_images/52ddde91a349.png,bf3f16a9921c2657a7957728cd19202785e46a1e0d3bae5368ef24816c5cd34f,1602,0,0,8.18404,4.0607395,0.38859177,-7.8058205,-4.8233156
1608,train_images/b22354b5f94b.png,c4c4b37c5695e1d28625c8c373364ef7b15655877b6bc1da0b272b11a777800a,1608,1,1,-2.4616852,3.5849361,2.516777,-4.4330215,0.44333696
1612,train_images/6987804eb464.png,bda9d6de5454c615a56d5d1213ce0464ea2d4d7f64d6827a928c421786101840,1612,2,2,-9.762016,-3.661274,5.3539944,3.6302757,3.6236134
1618,train_images/b553e7909535.png,1d1f9df7f07b1e767ae2c88c5a00f102f11bedb0ce169c124d8128405d9368c9,1618,0,0,9.32275,3.1463966,-0.51047516,-8.825062,-3.0778584
1620,train_images/3ac92ac3d65a.png,e16e4484e7f2e79eafdb843c0d305ab5edf09d6f0701b2b4e25b1424cffea5fd,1620,0,0,10.355179,0.569664,-1.7393494,-3.2288246,-5.8713264
1625,train_images/abbb8791785e.png,9f1b3c196566d13d20bd67bc429c7517444bcd9693818fc48d546cf5b56a9b9f,1625,0,0,12.142208,1.8052006,-1.1952057,-8.9178505,-3.6680071
1629,train_images/486e852a3b4d.png,70c629fb8e24877e90e59852a0b4823bec6e977b231ec41cb1f92fd67571f723,1629,0,0,9.698978,3.2206802,-0.502903,-7.8860703,-4.3922086
1636,train_images/73d40ce06a67.png,bf4bfb23e9b28be5ff0db148e7c4d864927e9a449f3e1875bca46b865c9fc39d,1636,0,0,10.695576,2.323656,-0.06285858,-9.063999,-3.7969065
1642,train_images/49eb73968c44.png,b5ec6a6083569c6089923cf5836a4714187f3270af2287c450361f2469b57039,1642,0,0,9.774006,1.4476337,-2.3553085,-3.0536385,-5.764725
1649,train_images/ac81fc200162.png,6b88988b5b6b905aae7bab714f783b41aa451ae9700d0e738a7bb91e64f8948d,1649,0,0,7.519367,2.0110817,0.688694,-6.108738,-4.0601144
1653,train_images/beb2ad14fd2d.png,624a0c6e60a809489d44f194c2abe9ef3fa9919234d466d9a3991c9f73c6d82d,1653,0,0,8.626087,1.7360592,1.2037735,-6.9653244,-4.4889555
1659,train_images/0125fbd2e791.png,25be4933bcc2797c0e507cf4437e302bfafcacb941f48fd84657cda51fa33808,1659,0,0,9.0724945,2.3933926,-0.28086472,-7.3463173,-3.7887678
1666,train_images/76cab26493f1.png,38f1463f384537b957427664bd2362c07e87c4c4440e5d9abe426781889e59e5,1666,0,0,7.3800697,0.7566929,-0.12771225,-6.5579987,-1.4341186
1670,train_images/36e4b704b905.png,f2143dc2f371004cf5c573feefe89b87453a8c688f090a26b2400dfcfb621ec1,1670,0,0,7.352501,2.6945038,-0.06945038,-6.3474426,-3.572908
1676,train_images/527bea76116c.png,060c1adf6806035357d3e09b512778ae877a722cd504aa670853d18c135514f4,1676,2,2,-4.492218,3.486229,3.5482368,0.31056976,-3.41165
1678,train_images/ab78a66dee6a.png,84d89cf5c98416200fc9dd35b81610deeb145d90f761aac9b3e099b453b7fe31,1678,0,0,11.005173,3.0539303,0.16618729,-10.758884,-3.3485131
1680,train_images/e724866f5084.png,d52604994a542eace7e39a32c3a853b7bb38e7a271585fdc5d44df9867997d81,1680,2,2,-8.386299,-1.75914,3.6531792,2.9629555,2.8364882
1688,train_images/4a693dd3921a.png,7552b54d93adbd7cd7271558baec7095789e29485b9068bf98f600fb0a0ba40a,1688,4,3,-9.257843,-3.8320427,2.2710304,6.6096535,3.4642386
1694,train_images/90a9a41eec6d.png,455ba8db1b65936ead87395c768601a038aa37b296ba48842517c693f10a933f,1694,0,0,7.201683,3.4316158,0.72953796,-6.6171913,-4.688361
1700,train_images/e3ec668f6fad.png,c33ba4bcd7e5aa05abebcf50083bf3584b8671f217954b4049a95d39196a382a,1700,4,4,-7.7262764,-6.0565186,0.034805298,3.7026253,9.40482
1703,train_images/86fbac86ed3e.png,bb9ddd3c6eea2bf2af7645887a905c6f13b1395cac69a445f2ffd137346816ca,1703,2,4,-4.5109863,0.9953232,2.0150146,-1.9280434,2.9439926
1710,train_images/ed6704e3b72e.png,e3c34e63ed721f759f5717522ce5fb98f3c8c8e66181423516bc7c854389d8bb,1710,3,2,-7.862034,-0.24957657,3.419075,3.128765,0.8787384
1714,train_images/06be1092a062.png,01f11e2c8955a65f82dad656ccf6127030e90449fd579bdb14d5ab4310d8ca79,1714,0,0,9.915497,0.74765015,-1.9345322,-2.9361038,-5.7328973
1716,train_images/d8404680bba6.png,e1ec4760966ba84e0ffe89e6945e6ff441c887f12d2efb02dd8d5b1747b4a593,1716,2,3,-4.9613495,-4.2478237,2.890297,3.40942,2.423038
1717,train_images/1fddd7c98fd2.png,1217509efb49901c946b3ea88d81d0c5031ac4d53130f0d29994e9937852e7e5,1717,0,0,8.435741,0.97037697,1.2326546,-7.5074654,-3.0314102
1724,train_images/d81338217fc5.png,6eefb8db8ed7fb7871d2f7b6a3c19a4f05512406e02c269852e8f54ddf1e6c93,1724,2,2,-3.9183044,-0.26509666,4.0447693,-1.7311707,1.4605489
1735,train_images/d1a24527a15d.png,935aaf3323cdbc0d1c7337fe0b6517152729e768670cc4cdd287e1d8a7198ffc,1735,4,1,-1.7684784,4.1067142,0.6735687,-3.9770126,0.6347685
1739,train_images/7d1da90d3ca9.png,61d4e111e948bd2e9e4d03a8207e456da860acbda70e9e541dfdfc3948a09204,1739,2,2,-1.7771072,3.4456406,4.542921,-5.630623,-0.93909097
1742,train_images/d1fa0f744620.png,70cca9973c460a05538c62dcb647d501096fed02faeeea88bfca80f371ca6833,1742,0,0,10.540722,0.95718575,-1.932972,-3.0408325,-6.5171685
1745,train_images/d2c6b99ef62c.png,43a1ab957af1d234367a44af83321b677f132196ecd710e31c3c998d468ee3a6,1745,2,2,-7.0273666,1.6519566,4.1243286,-0.0018577576,0.6338601
1750,train_images/f9e1c439d4c8.png,fc12c65aa6207bd74cffe19726cc3ee11d371f54e3bf019919df3b96d99694bc,1013,0,1,5.5325623,5.7845592,-0.64562607,-8.476753,-2.2110713
1752,train_images/07596907347b.png,ccc663ec7ae53ddd94654bed37bc5ea53511fca773a5223914b003627d7d8283,1752,0,0,7.4372635,3.3583431,0.13729858,-6.7841034,-4.2206607
1757,train_images/87295c5fa1cc.png,8da2f351eaa9d57ea94c37c35df2e1bd549659d000a1f9ed1b11299064f89bca,1757,0,0,8.868729,3.266077,-0.21408081,-7.3940773,-4.496665
1765,train_images/a62e995f167c.png,6a4859bdb98fbf886a4e4dde9357ca2d45c177bb782ca1e5423a530b0e7c583f,1765,0,0,11.62405,1.2391415,-3.1698341,-4.0662575,-5.5091743
1769,train_images/0abf0c485f66.png,eee2fcc8ce8e24c9aa13f5d7d6c2b30b84d00fc97d1c29522cdb3e69fb0bdfaa,1769,0,0,10.186359,0.8550739,-2.0926323,-2.6373596,-6.253102
1776,train_images/e7b5dd5bab1f.png,edd718dc08532f5a92141647d385b4e3f8a66358c536a42f369e84a1c13d4f25,1776,0,0,12.400139,1.9954376,-1.194706,-8.6165695,-4.41958
1782,train_images/8ab8d9b3ce3f.png,277d6b8f1f646c7375f0b37e84734f33f5d6691aa06173a6af1c4a988c4b5b5e,1782,2,2,-5.078808,-0.8691788,4.7634926,-1.8045349,2.435337
1788,train_images/87b671c6d4c5.png,82ae90e4785971407f9756c2b74c1b3bbf82493acfe30ff55e65efe1279e6edc,1788,0,0,9.851295,2.6309853,0.06802368,-9.491116,-2.998652
1795,train_images/d85d052900b4.png,a8f266a02ca8ace9b0430f15f41a9275735d8fcf41dc77dbe0be87d06d591419,1795,1,1,-3.3155441,6.322523,3.3541298,-3.3100662,-3.5116482
1796,train_images/9c088d2d1559.png,6c246305f61c7103af15a69e8b94b146c1d16e897d4570b7ed092ebd390ad4b3,1796,2,2,-2.6990967,-0.09028435,5.7450714,-3.4365616,0.09418869
1798,train_images/da3a2275c850.png,b0f644c31fabcb0924a2be40d129713906df032a65c6079231a8a643d03e0d3c,1798,0,0,9.586891,3.7523136,-0.052719116,-9.4604,-3.7677073
1801,train_images/b95d4dd8e5e2.png,2351dec02e436e7050c99fb7477bcd0739852f51b5071eb154dec53f3e224fb6,1801,2,2,-8.686302,-1.4021893,5.616867,-0.18774414,3.9260917
1803,train_images/8c84e96d9b01.png,7717c65b934744740a6ec0956c3f375ea86a900f41d3f26b4ff8d40fa449aa63,1803,0,0,6.1700478,3.357811,1.1822815,-7.2746887,-3.4411776
1809,train_images/500aad15b7c8.png,b4cab74575f727fb79b2380d58742180a9c3afdf2961dff742956a9b361cb0fa,1809,0,0,9.211586,1.0540485,-1.289238,-2.8825035,-6.08174
1810,train_images/6ba5ed791444.png,a2d2e04d0803922d80387367c6683c3e9f4c7d5e055efe42a5fae63e6741007c,1810,2,2,-5.596985,3.8494778,5.8644676,-5.317196,0.62130356
1818,train_images/19b0e3c734f5.png,3006432532de0549cc93ef75defd344cd13500694f937e301e221f97a4c02bad,1818,0,0,8.571064,2.9444218,0.9981041,-8.8947525,-3.6005616
1827,train_images/767d777ee889.png,f4776054dcdd69171fb31625a2134ebaa0d5c178d2df9d99f6c2375286ad93a8,1827,0,0,8.239086,0.9847927,-0.9521141,-1.8894348,-6.423936
1832,train_images/ac720570dd0f.png,7dfd1bc3b095f8016f23763f78318b46c9f9fd4b565c435ba328668490c4e978,1832,2,2,-1.5821953,1.2424202,5.7191677,-3.8489647,-1.8557982
1839,train_images/11b220a397b8.png,438c727b03316c1c4ade63115b0a4b1b90497bcd5bdfe84044c1ecc8284cfd08,1839,0,0,10.979588,0.005317688,-2.5383987,-1.777401,-6.6184597
1848,train_images/2682e6da9050.png,fda331cd2248f6ae05a5a6315de6598563c1eb8b23adfc6d7b270cb4018d4770,1848,0,0,12.683704,2.7840652,-0.53985596,-8.746429,-5.9067307
1852,train_images/78d53c82a23e.png,6ccc106bbd4cc8e25c77ca189ea7646a09cdd17bb5fefdb9171cb2dd894e40a1,1852,2,2,-4.3645096,2.194807,3.701805,-0.7375679,-1.3865333
1855,train_images/07122e268a1d.png,f89bca08645bd43831048e7c322c5cd6bb8ba0ada7326c01db6d764ba6692dbb,1855,4,4,-7.883705,-3.6817398,-0.5870476,1.3050117,10.231772
1860,train_images/b6304c545f95.png,463490bde6419393c5850567e70871b17bce171d03588511cde83733f7c0336a,1860,2,2,1.2155685,4.652067,5.6191998,-8.485672,-3.2059152
1866,train_images/7bc00e58d419.png,aa919920feaac259811f657c458d2dcef89ecc086a00cd6c0a992ef4d8b4abf1,1866,0,0,9.241833,1.8420811,0.23130798,-8.984032,-2.2845378
1874,train_images/9878db94d9f3.png,f239d6c938a368c8d31060b13502e11a7ce615ed6d277a32e25b89857b6f6961,1874,3,3,-8.455246,-2.5617237,1.457222,8.5792885,0.25833583
1875,train_images/70f5caf5f305.png,a73d35d246524252eb859a2c1fd04bc6fe24f7bf9eecd34628414cfc305282ec,1875,2,2,-1.1747856,-0.13685417,4.0161247,-3.1383324,0.052750587
1880,train_images/35ac70c0d08f.png,0ad21e1aca6697e35e8f51c028d7b4193d0faa02c56224a856680ea3d0e0e214,1880,0,0,10.242615,2.7632942,-0.79273987,-7.172161,-4.956238
1885,train_images/1b862fb6f65d.png,083ddb72c8e7ee68409cc85bafda3974bf4dfb09bd0f3f597e92faf169ea6879,1885,0,0,10.855568,3.2726078,-0.826313,-8.523941,-4.6601853
1892,train_images/1601c939412f.png,337a06126e44eacc3296519cd83f666b6c37adc7ff9a48bd2c5ad1690a5b293e,1892,0,0,9.444809,2.4959545,0.5719757,-8.288662,-4.182028
1893,train_images/a9a28c37c8c4.png,da801506dd021cac4c480f5c62eff1e6a75a211bfa9c9fa38dd3471c198a2a6b,1893,2,2,-2.2234917,0.38262367,5.380085,-2.2188492,-1.7860396
1903,train_images/15bed5adde74.png,2817a15678bdb13074e128471cbe84d4e82b9b817976cd1cbf979bf709557e3f,1903,3,3,-6.7802544,-2.6836243,-1.9480133,7.1105003,3.7118645
1908,train_images/e1ab92228e60.png,ed8fbdd3792ee6cf27989e1901321a2a71c10997b0124a88ef23764a061f2505,1908,0,1,3.254219,6.4161224,0.5739212,-7.540596,-2.8738635
1916,train_images/d5ad3362424c.png,4948c81a633f3ff0fde7ade239a76dadadd94eb10eb310c19eadf598943e0b76,1916,0,0,9.955814,1.8153763,-0.31298447,-7.342308,-3.9510655
1919,train_images/86e7f98f73f1.png,1a751e7d99513c7ffec7a3a9dd4516955867a40bdf486ad2722f8646435f2444,1919,2,2,-5.764988,-0.42723274,3.0789223,0.36478043,2.1599789
1930,train_images/189cbbc9e5e3.png,67e9fc1cc6b21f25f77eb12261b0fa48f5e3a7c9f20f01b8ceb613fe66475ddd,1930,0,0,11.664738,1.2019844,-3.2424698,-3.2560806,-6.2512054
1932,train_images/664b1f9a2087.png,43c464a9ae093b03899bc98fcd84894496f3784f896c0010d8556d2318c3da8f,1932,4,2,-9.531807,-2.9380913,5.343485,3.6254692,2.7129698
1938,train_images/0d9a9896f801.png,8b93ccbdddac2fa59661445c8a8c2b6c53637528d939acc3af8936f6258d51b3,1938,0,0,9.379246,1.3899822,-0.17601013,-6.927696,-3.6068037
1945,train_images/201f6e10c108.png,1daa6e51571c2f9535584de9ff3d8007d1518db5169caef48f4262e358198178,1945,0,0,9.8309555,2.2221317,0.04944992,-8.7371025,-3.3064444
1950,train_images/e77a93c3d9a9.png,eb5ca55bfc92b8590513a6bba5196299aa503e6a5e2b85a93a9c80f21ed75e2c,1950,0,0,10.7633705,2.2702599,-0.7117233,-7.035206,-5.084182
1955,train_images/7b49041cbf17.png,12f59d5797391415c06f352997d90b6823b7aec15a65d253da279cf9803692d0,1955,3,3,-7.797043,-4.616207,0.09643173,9.301357,2.353023
1957,train_images/02358b47ea89.png,987fc6b9d1f930be38f3ac35d9e34b5e7273f22d0a1852e5f0660451965fe3ee,1957,0,0,8.737465,3.0873299,-0.86120224,-5.2052383,-5.6271925
1960,train_images/6cb98da77e3e.png,026b573652957615c6c77503e4029da609bc01519a20a612a26f3d88fce4b484,1190,2,2,-6.1930923,-0.27275276,4.2654877,0.5602493,1.0646205
1963,train_images/b21abe5d9722.png,18acb05129780fc8347b66ca3c0f79fefd4923cd37a9786c2d93aab644ba1a8f,1963,0,0,10.576622,3.1525993,-2.1519127,-5.2164917,-6.302523
1970,train_images/b9d0b83d70c3.png,e8aca1b357f054a2ba32d35e34a73c6ffed8e2812b722c3a9b93bf91aab50a70,1970,0,0,11.019749,2.6252022,-1.6257973,-5.79657,-6.1030107
1972,train_images/a804cef3e51f.png,d45022ac4411bf7534a52f8cbf07048c5596b0386b5e2d50b44e895879e7e20b,1972,2,1,-1.9931908,4.9878464,3.2985878,-5.0931625,-1.5799012
1979,train_images/6cffc6c6851a.png,4015b44830efa83962d6686cb182ef90a98a2bac5b651d7b3bcbb4b1961d39bd,1979,0,0,8.257961,1.516182,-1.1045837,-2.4648285,-6.208921
1986,train_images/75a071608ea6.png,cd24dbd034f687a913a771b0009a0f7466514164deb2a8738ea15ca246710b21,1986,0,0,10.636856,3.245285,-0.7610092,-8.263638,-4.749488
1991,train_images/e12d41e7b221.png,49496258c2673cdcb7123f16954ebed4c67f461db2032824e11e8d637a66f73b,1367,2,2,-4.2724648,3.9461498,4.0843124,-1.9865761,-2.2835097
1993,train_images/655cafb4c932.png,c7b16c240823c4dfc2d5ad9dbf3ed06aedb3d777628d3dd16d7c4c4759f534eb,1993,1,1,-3.2057838,4.7479496,4.070587,-2.7572517,-3.3900962
1997,train_images/8ceff4c4c860.png,5b8d1285749230c49cf91daf12e332eeeb20976e9cfaeed809aa4f8ee077fec1,1997,0,0,10.679451,2.83527,-1.2978668,-8.409088,-3.6912208
2004,train_images/5777ef74c9ec.png,8bc0a987bfa59f68e194d3e2967c753be3d8c6c690b6f0fe0921bc0c287a95bf,2004,1,1,0.8201294,6.7153378,2.5844307,-7.5197487,-2.8532739
2010,train_images/4689b739d240.png,14d7fedf16a210db69a74b2c3cc1419da783d8545dd74fd713479b39fd81447a,2010,4,4,-4.7349052,-1.5484066,-1.3704224,0.51231766,6.715459
2017,train_images/09f6ab477654.png,d536434ec6bdfdb26485cb77f74f52f5cd5ddab4d39500d70b2170bcb02cf45b,2017,2,2,-6.600048,1.4627895,4.0249977,1.0716286,-0.63857365
2018,train_images/45e4b7eada54.png,16e8576462425bf84c4487cd4e074c877109c2433d4a989e0dcaefe3fd18b371,2018,1,1,-0.49040222,7.6457195,1.3852539,-4.693611,-4.131088
2023,train_images/0c76fd494af6.png,0b44d5b9abe1dc6eb8d275b9db201453ccedb99f8ff92a835d624d4e475e7cae,2023,2,2,-5.1366653,0.49494934,4.7374687,0.08610535,-0.78330445
2028,train_images/9cc6b1f9bcbd.png,ae8fb83dc445ff2ec7cd8eb38bda2e482689da5f7c6cde264c6918e33104ca0d,2028,4,4,-5.8602715,-1.8226242,0.12847519,2.55225,4.4270043
2031,train_images/b2b7ccd34cbd.png,b2ccfdcaa27b66c4f11c43cc6329876c93fa223d1c0f255444c52e04760a2411,2031,0,0,9.490406,2.878807,-0.115550995,-9.65276,-2.5553732
2038,train_images/2bb063318cf1.png,f75890ccfed2e755d781ada00a11edb74eae08639c1910ec89037920b0fb7b5b,2038,3,2,-3.5177727,0.48064613,3.2204323,-0.44636154,-0.21658397
2045,train_images/a94da3d3b5c0.png,ea7d2890a0823570773ed75075bde4b1882901a3b00201e3bb878e101bcabe78,2045,0,0,11.023895,0.16960144,-2.4775696,-2.6136665,-6.021047
2046,train_images/a7ec056502e7.png,191e43513f8fc6ffac3fe563d0cc96fe9baf5197366a99cdf7c2e1b145559c7c,2046,1,1,-1.9526863,6.385048,4.2557144,-6.4533806,-2.5934625
2060,train_images/ee2c2a5f7d0e.png,5a379ff8279af2a2c430db3976a33dca04a9c3e9b763cbb5a1350c43c8657449,2060,2,2,-9.262238,-0.91140366,4.39237,1.1796913,3.8790565
2061,train_images/e17507a4a1f5.png,8737f823af4a87b45272d007035f6cb65b189a2b18d62f2ec2891feee4bff0db,2061,2,2,-6.2003937,4.6709175,5.0305653,-2.7039337,-1.4014893
2066,train_images/942f544c4e15.png,b3fba3b0cabb408f55bbaffb3f1070926acc46a3d547529eb5af7082cd18343c,2066,0,0,6.985359,2.0203686,1.2999878,-8.008766,-2.3289804
2070,train_images/681c3c115684.png,6ac66f88171bf1838512c0ba7af6ba44f668178db2c78ba7618a9d4715b0cd7e,2070,2,1,-2.777893,4.7113495,3.4484177,-2.8547668,-2.8760495
2076,train_images/6ccfdb031184.png,fd0fb957fa7c344ce453555f8eb0823006782f8bf622418a44cd7be9308a37a8,2076,0,0,6.9679184,4.7392673,0.3567543,-8.833828,-3.2056048
2082,train_images/c80f79579fed.png,55112d096bb386676fbc13f24b5b926916bd7656c233e44c4892f23d6924beb4,2082,2,2,-6.596348,-2.894968,4.026634,2.1818275,2.6880789
2090,train_images/bfb578c0e8d8.png,7e263c485bb22f6ed331a1f935b586b39c35e609eb79a8c674fe8728d8c1272f,2090,0,0,11.377769,2.0403023,0.26579285,-7.6274147,-5.8625994
2092,train_images/359bab5d784b.png,78df7a7db81a94f1b0543463f84dde999d5a00c5f579a2aa4d19ef610cad8cf4,2092,0,0,9.933872,2.6309338,-0.66222763,-8.082912,-3.7299364
2096,train_images/f45f1485c940.png,c7e15dda20f07bedb87528f0693a20f31c85cd20b080e2e0a0ce578ee212920d,2096,2,1,-3.9262276,3.5236626,2.790104,-2.3001823,-0.57343197
2100,train_images/ed2c52c14493.png,71f3ec06eaf074032fbe13acd835a969278355f776c57bda20e07c5214b22641,2100,0,0,8.85099,2.8364143,-0.262928,-6.751728,-4.629882
2106,train_images/ad029ba7fa8b.png,6a16cddf25d6e902e02543c69257f3115c3c5515059e09bb601fd92f6fff73e2,2106,0,0,10.219978,0.67388725,-3.0830116,-3.5408058,-4.22387
2112,train_images/ea4dcb055139.png,5367bd13a261fa88fab0afcb324be6182a080cfb42ee1c24fc6cd49e276c2e3c,2112,2,2,-4.4493217,-1.4458885,3.8554573,1.5046196,0.020514011
2116,train_images/daeaa5d8cf70.png,be974d57913abcdb67226b4737c93bc917e8b64d15054f3c849fb210314f30c2,2116,2,2,-5.39674,0.7057934,4.542717,-0.6479378,0.2367599
2127,train_images/c6229222bf22.png,75df8d0215f2a2c8ab3d5b18ab12f45d413ce6d2dce9f710dd09f165f26c70be,2127,0,0,7.848667,2.4786606,-0.6540146,-5.023964,-4.6651735
2130,train_images/86baef833ae0.png,57ac603c4362dff56ecd1c0107c9a9bf22136528767bbfd1c12623f8909aa082,2130,2,2,-4.641144,-0.070495605,5.2867737,-1.7434845,0.55993843
2138,train_images/1ae3c58759fb.png,2c442850d744ba6a478abda5800c51f3c2a4b9506522981d168009a2ecfcb722,2138,0,0,9.939182,2.6290817,0.82912827,-9.532269,-3.7890797
2143,train_images/ca0f1a17c8e5.png,f4d2af495393fd2a22afa0a58aa9da184ef390022516e66591e170af408947a4,2143,2,2,-6.4946175,0.11338806,3.7167473,0.7177658,1.3460302
2145,train_images/2376e5415458.png,b915306c6f1644cb80e11b58c039e006482cd65046e970c66792c980c7f7d29c,2145,2,2,2.003891,2.6710339,2.8512154,-5.179882,-2.5625296
2146,train_images/0304bedad8fe.png,ac9970b1897a92778b55436f90ec3f1767d9efa4f950bbf408960c3d738449f0,2146,0,0,9.651688,3.61487,0.39856339,-9.41806,-4.195225
2157,train_images/ad312ca98202.png,7c254d84e69d48defae066fa9523af7f8dfbf585775b4a930d92a941c1270b49,2157,0,0,8.955719,2.5095863,-0.9357338,-6.083725,-4.4000673
2166,train_images/54dc6e8107cd.png,3c12589e093b75b7161ac484792bed814f8df235346785cff48e14278ff38a95,2166,2,2,-3.5715065,2.7992535,4.6173115,-3.964203,-0.45497012
2172,train_images/261c6bd63bff.png,68864b0ec952d66866240522413ea323eab8c7d0351df250f080b33935daec29,2172,2,2,-2.7671165,3.8608742,5.024519,-6.0976105,-0.4825244
2176,train_images/c12e9ca420a5.png,79bdace916af941eb2767525947113d1127a8531ba5911aee03fcecb6ec86909,2176,0,0,10.060493,-1.0674419,-1.6413307,-2.063923,-5.243736
2184,train_images/2399d68d407f.png,d56bbdebd7089dd1abda0960fa2787fc80e446f9ae0da8052d468e946ff03abb,2184,0,0,8.776283,1.0499153,-0.5059395,-3.5269356,-5.7974153
2189,train_images/b532dedd928c.png,ce8f8b5bd64c158b21f94752d9fb3944c54921e44d3c4ddced43f35ff5cbda2a,2189,0,0,10.209637,1.0899944,-1.5323982,-4.020443,-5.6655455
2192,train_images/e7578d8dba72.png,ee6f1dbf212664e5a444283aee22a0c05cf2aa7d59f731fe54869ce2a58c965b,2192,0,0,12.503929,2.0187073,-2.5682068,-4.21101,-7.5841756
2194,train_images/6e44f6d04fc9.png,52197583d1aa419f22f2d87e8aaf8802b325e4092571e7a64fc3cd345c6ca53a,2194,0,0,10.556519,2.2736626,-0.71455765,-7.562725,-4.4399133
2200,train_images/e9678824215d.png,8568b9c405342dbf2e567b2cc621764b9126ad8a9a3a829d2019f8e468cd05eb,2200,0,0,9.857864,2.1216965,-0.8264351,-7.817936,-3.310532
2206,train_images/db6207e62c7b.png,35a6a213fc3c994508d480bb8f5591303c43b55a5ec2584f87848269e7af2497,2206,0,0,9.453209,-0.60042,-1.4726219,-3.0232086,-4.3127418
2210,train_images/8a7765e785fb.png,cfef9fb7bd6f5e6562988a7ecb49ed06c0cbbb27f8321bc54f0f2917e6c70468,2210,0,0,11.884773,0.79789543,-2.4473076,-3.9147377,-6.211512
2217,train_images/0a902c80d5da.png,41cd1633696a29d73ee09bb91a0f9959f19ac7dc7d73b64184c492b6f382ac52,2217,0,0,8.7290535,2.931385,-0.30406952,-8.127296,-3.1641462
2219,train_images/b0f0fa677d5f.png,ef88a839c9cc1da5c8d229a7493326a39e5c08944fbf86d0264adbad6881526d,2219,0,0,10.161461,2.8023224,-0.1952591,-8.559929,-4.109637
2224,train_images/191348830ddf.png,1a0556058123c6e33d9af05d5a893347df64e0fb2fab6487d7c8ff8d23c68021,2224,2,2,-4.1616707,0.8525696,2.7469978,1.0539742,-0.94023204
2233,train_images/ad944bd56bb6.png,08557957e4ddabc887999c937d323505165312b57ed3988475afc58755200264,2233,0,0,7.4453926,0.34368134,-1.0305367,-2.8389053,-3.998694
2239,train_images/8aab201c0691.png,1ab3b048234ff5417ad05b286feee6d98468f7105ac54ea8587a3f185c8e87ee,2239,2,2,-8.919594,-0.7409134,4.651636,0.7085533,3.5882587
2240,train_images/c546670d9684.png,558d4876bd43e6b60f62cd5e9546c427b696d92d160931044f1da8607bb6243a,2240,0,0,6.5832253,4.778166,-0.93429184,-6.05991,-4.310608
2245,train_images/51a1d162e223.png,0c8ac3582fde12a86d5841773eba4409b80c38e50bcd53218bcab03149902277,2245,4,4,-8.732918,-3.647421,-0.3161087,3.4940987,8.563446
2247,train_images/b86fb2d5be1a.png,1063603a7efac46e913a9161d2028d90ba6761ce28adbcbcfcd5d77bbec1fcbf,2247,0,0,12.793587,2.1347103,-1.0934372,-7.774391,-5.808896
2256,train_images/2408799a09b2.png,205357ed43ed45c11c9c7f51a5fce039bd447deb6a4372bfebaef50a556266ca,2256,0,0,10.006199,2.389555,0.40214157,-8.837334,-3.8684146
2261,train_images/7a39c91416e2.png,a338358233d27f11a303f01fbfdf319bdaa0afa3871449d0340db3c674a7a931,2261,0,0,9.158695,0.61901665,0.67516327,-8.470947,-1.9519488
2267,train_images/ad570b850a4f.png,3710bca81e16bc4cfc479dec6ae5442542dc4d98e3522f058c77cb7afc6500ca,2267,2,2,-5.084202,2.15736,2.4248657,-1.2406082,1.3003898
2270,train_images/e69b48516577.png,644bf3410b1c427c396262bc9b644cbf35ae3cb8804325b896d8c429d9ca974c,2270,0,0,9.141598,1.9211407,0.89216995,-9.068382,-2.6834517
2276,train_images/d807c53c1399.png,9186db7a58feaf83fa89ccd0f7408c71c557fb2097e0e355a02843d8545cc495,2276,0,0,10.195625,2.809332,0.17061615,-8.695869,-4.389035
2279,train_images/d99dd99be001.png,44a7812f439c235140a17bc573ba8efd622ab9e5aced5333f9935cfeadb40205,2279,0,0,9.04821,2.597416,0.58426285,-8.159195,-4.0509424
2283,train_images/ebe0175e530c.png,c181506d2f689251dc1c71d9394aee14f9dfce167dbbb08d37a1d263bfe589ff,2283,4,4,-7.552517,-3.2529507,0.20624161,2.6504478,7.286586
2286,train_images/9fefe2b44795.png,a1f7aedb15523edb9a72d3ece508401e48f33aae1ca72b13c96162c2d14ad6b0,2286,3,2,-7.306095,-0.8989105,4.0877304,1.6255836,1.8184495
2291,train_images/345b1f0abbba.png,ef9a48cd79f10f4a03d6e139b3cd067ee4a9b13cc17958d3ee932832a03e6d91,2291,0,0,9.679134,2.5157776,-1.4266357,-5.530678,-5.064455
2296,train_images/ca7f5caddf96.png,47624817f97986d069b3f87b2cad221365224070552506f8227ba1292f8dbc44,2296,2,1,2.0127907,2.801981,2.1397934,-2.7542229,-4.3935933
2300,train_images/bffca6eeb2bf.png,60173215d69734bec8059d293f226d1877083c79717182caf0a3a7a25b8c28a4,2300,0,0,11.238567,4.1224804,-2.4777184,-7.424465,-5.3084364
2305,train_images/eb175669d789.png,37bce7aee8f39b21cde59183d8b5bea422c0ebfc475a196ef00cc0a01e311385,2305,0,0,10.626274,3.7473717,-0.4786377,-9.975201,-3.725833
2318,train_images/8eb3337a54e9.png,376723967872f4630a699a6973976fedaba153c4509468842e5e5ab6b6eecd70,2318,2,2,-3.1542473,0.7118702,4.4828243,-1.8515282,-0.6974864
2324,train_images/1891698febce.png,a4ceb173868947dc1d07cb9fed71834c276be9512542c1ff9261411091fd9efd,2324,0,0,8.796284,2.0251846,0.38564682,-6.6337814,-4.44296
2331,train_images/cd9e2190c73f.png,082941702584874b7270390740ffc5b4db8d0397378435065081df9d86eeef3a,2331,2,1,-3.753807,3.4328423,1.9888382,-1.2331123,-0.88698196
2336,train_images/367c7049929c.png,4f676a8723866b5d50d12a0c1512e7b7b1709978efc0587fe868be09b572ecef,2336,2,1,-2.274929,2.9420052,1.751606,-1.9832611,-0.86280656
2343,train_images/b1c6f0997e27.png,0c224062b27fd1f20d2ea78d1754f71a0c5f14efbbb66d0cb30720c030c52233,2343,0,0,8.782856,2.449524,0.18424606,-8.523003,-2.8359346
2349,train_images/2608e1dac5b1.png,a705de736e6315e47bb3699da3c1af86f32a455182f1fddec856075336d8c319,2349,2,2,-2.7604866,4.0203724,4.2165527,-4.015011,-1.9209944
2355,train_images/51af8c112682.png,b6aa8f5494b10ef9e15d852612a39aff81cee7e2cc5f9bdde90d8d933c140f49,2355,4,4,-1.9407005,-1.710928,1.7845573,-0.54250336,2.0393844
2357,train_images/6b3860e8f64f.png,70ece9713bfdf5149d4be90a88ac22ef00988ea1c73b35d61f4b0854c86e1ac5,2357,0,0,8.901363,2.470314,-0.44321442,-8.720375,-2.1937323
2360,train_images/207dd0487264.png,6cf9093708b2e1c345c71c9016487729012a2b6b311e74e604a14c4fa7268fad,2360,0,0,12.379166,3.879179,-0.8424492,-9.214497,-6.0219774
2368,train_images/e907d23cce3d.png,2baee5a44ab9fb61d20ac76123854b4db6f04b450b71d6441b208684fa13b538,2368,0,0,8.854057,-0.28823662,-0.1363945,-2.5530243,-5.895958
2372,train_images/2d07162a13b1.png,6f0da9461a06535d2cc39bb7769afe191889c61aae65a632231c0b0c061ab931,2372,0,1,0.2099495,3.795292,3.2887154,-6.25404,-1.3122327
2380,train_images/810d3779abd9.png,b51b864392490ccb3a788b092544959cdee0c8b715da22719c4086b91df44a92,2380,3,3,-9.651588,-5.1721516,1.9723549,8.065235,3.9817228
2386,train_images/ea5c42a78979.png,228b84c9a143a8edbc3601cb432d3237eb5392a7bc8db9cc4c071c1f5c0079c7,2386,0,0,9.28714,3.6000843,1.2429695,-9.691906,-4.3948007
2392,train_images/876deb29f000.png,c4e431568b2c274ad598b64989691084ce8057609d1b45a6fe801ae04302919d,2392,0,0,8.351036,1.64114,-1.4829292,-3.6587067,-4.882578
2401,train_images/e66855a5c583.png,ed187ec7fed91df23a1d1c802511b26f59e41b56667c3a06bb0b7861bf472d99,2401,0,0,9.668163,2.9872112,-0.37815857,-7.878948,-4.3485947
2403,train_images/239f2c348ea4.png,6d0b2dec3318f8aaaf26b229f197aefa1a58a510f3dc7fb08d11ddd7a134bf7e,2403,2,2,-4.716831,-1.2900124,7.0653496,-3.9787712,2.407683
2411,train_images/cd5714db652d.png,a2f68e56ae05b2117296a5cc58f9bf612340a565071afc1733597c64c579764c,2411,1,1,-3.1854515,6.2071323,3.4106865,-5.9002914,-0.99833155
2413,train_images/111898ab463d.png,d8716779bd82ef4fdc2d566c74a33bfa83c30a240536b0af716889f13568a543,314,1,1,-0.95127106,5.384201,2.505375,-4.558525,-2.8080273
2417,train_images/83e529e95b0e.png,a6319634b091239c1508914b0b526ae7fae071e37cfca898461a02cbb4c1c24c,2417,1,1,2.177639,7.061262,2.345623,-8.039864,-3.7299538
2419,train_images/1c9521878baf.png,a2e71355dbd8bc944b5907cafd9a54e408fec21d3852b450fde52135a32e29f1,2419,3,3,-9.890045,-4.5770016,3.932373,7.481037,2.2464762
2422,train_images/01c7808d901d.png,1115fabd82b144b4fcd66093c3182b59c98902fd0fdd54007d1c80c97a3135f0,2422,2,3,-9.125954,-2.7659893,4.26577,4.500347,2.358869
2424,train_images/578109578b46.png,6d17ba5b55170075b77ea9f4fd61aa9ccf4e9327f0aab29da0719d8fe64ba8c5,2424,1,1,-1.0432053,5.7793922,1.2323685,-2.5555878,-3.7072654
2430,train_images/196e6a186452.png,3aed027e0264e8c766943454c555abfca5f0cbf4544efad3ae6b6511860cd814,2430,2,2,-7.383545,1.1810398,3.0856209,0.4034233,2.0343227
2433,train_images/ef8c39eb9157.png,31524562fd4008562fc3fbbea6c38aebbc33efd25bb760ac0beb5cf22e25e19b,2433,0,0,8.8499565,1.3738708,-2.752369,-2.4414864,-5.0259137
2434,train_images/d7bc62d60e8c.png,c065d7afc7a4bffe837d980c1482bb6024188c1358be7bf0f7498b1319bd960e,2434,0,1,5.538471,5.564028,0.022388458,-6.296337,-4.829903
2439,train_images/907aaff827e5.png,6ed4e47fe8499414652ef295c9d4508f8606f081827d8a67ddb42b0d6eab7a4c,2439,2,2,-5.579769,-1.7884026,3.4705505,1.9102821,1.426312
2440,train_images/165c548185f8.png,926831dcb8d8ed74b2bac7927616dbcee781514e6b53aa1b39f4f39bef133bb5,2440,0,0,9.102272,3.2572746,-0.6937866,-7.445717,-4.1766677
2448,train_images/571bbdbf585e.png,f227afb6eb10659ec0381aeaf399ea30dced10cb238d4788eae30e741ef4ef83,2448,0,0,10.292137,2.7331429,0.1046257,-9.137844,-3.9012535
2460,train_images/6fe67482bfae.png,5b5171f706b04b025336ee41dab0c26eded642cab4ac7b4ceec25e68a159aa65,2460,4,4,-9.971519,-4.614788,3.74271,4.611515,5.4215593
2469,train_images/53327edb9e4d.png,d5cc8d1fb09ea7f7b9321548f41d5ec626f70b70981b05418a76e94d7ecd7811,2469,0,0,5.9926453,1.1163235,0.376976,-4.957241,-2.590442
2472,train_images/3c1efa38d0da.png,f2b6f61a22ac8bb5cd64fb3b18864c232fb04b0252ee2af7183808cb8e8704d8,2472,2,2,-3.8307076,-0.32343102,4.755083,-3.690895,2.6002269
2475,train_images/ec363f48867b.png,bc4890b086bf1db9c2730f422f4c2fa91f442882c71acd44eeadbf38accd4ec5,2475,0,0,8.76059,4.9030476,0.11403656,-8.443607,-5.221859
2479,train_images/63363410389a.png,a4ce448d0b8f208c77342fd03bf5f39327e903103ab56123cb9f071532f455d6,2479,1,1,-0.72857666,6.1207314,1.3574753,-5.533428,-1.5074627
2485,train_images/19244004583f.png,c78fd3dffbf1676942d2d2f305c1efb0cc84a91d82feafe565a859c26e6fbd9d,2485,3,4,-4.8872986,0.9584656,0.24223709,-0.41739655,3.5499287
2487,train_images/4d47300e3ddb.png,2cb02f7b07fed24ed24f6adc39042280ee1144f57d0c94df4df122ac60b53c16,2487,3,3,-9.4086685,-4.256262,2.12286,5.8843803,4.9512377
2493,train_images/cfdbaef73a8b.png,561169c9c1b0711a13830aae198a39229f90b416eb65032b9b1ee09d13d91340,2493,0,0,9.674038,1.8031521,-1.4728851,-5.9867783,-3.8980834
2503,train_images/6cfb7b44ef6f.png,f16e0ac16397c1164bea71fdfeabd6ebb53407a53b0005e53a89d3e7450155c8,2503,4,4,-5.9440804,-4.493986,-1.0607643,3.334385,7.5978317
2506,train_images/e594c19e2e1d.png,6770b444e91a11001be278db875aab7d3dfb9fcaf84f82ad8032d834652f1176,2506,0,0,10.155785,2.1368656,-1.1271057,-7.7289963,-3.3462217
2510,train_images/3b018e8b7303.png,9be730d753778ce1cf6ea0bd3d04d8c15886f14479bf5563c31a31ddad586bda,149,3,2,-3.4608116,0.9912987,3.291195,0.6911278,-1.957392
2516,train_images/6028a575dc27.png,bf7d1e601f87eaa4271d662d78c18319f8b30b226a304eb71ae9d62b248290b1,2516,1,1,1.5512199,4.6309223,0.6849365,-5.680332,-1.391509
2525,train_images/c5ad60521f8c.png,2904ea3440968f94244d8f9b567160bef53b442083a0e3424e15b73de42a2f9b,2525,2,2,-3.789032,2.5160313,4.1681175,-3.3411942,-0.049880028
2530,train_images/78937523f7a8.png,66c3f988307dd066d583872f7cc792a5ea95062e9a7121f927b4e444788b849e,2530,0,0,10.351749,2.3595772,-2.4039726,-3.5096207,-6.703484
2535,train_images/dc0eea0b68a7.png,47c95f08b23cf534d0ac062a5bcbf11dbc2c8c304a606dbf1431129ee124ad3a,2535,0,0,9.120071,3.1064148,-0.8776169,-8.4182205,-2.7480645
2542,train_images/bec0acd539b2.png,7dafdc1b7589c1886fbc15829fe1283d8c8e47be9a8436dfccafe51ae42e603a,2542,3,3,-9.034439,-5.4031906,3.5083427,7.391491,2.780747
2543,train_images/c013e869acce.png,9c6d3990012804b205d6afa0840342d44a0f650d1bba78209bec57297b06f056,2543,0,0,10.481827,-0.33635712,-2.7571907,-1.6050224,-5.706197
2546,train_images/fb6b8200b7f8.png,efe88d6e4a34ba6c2619d6373d4893afd92a9199ca878bfe60c0b1daa1026c1e,2546,1,1,-3.4880753,3.707203,1.8116646,-3.1532402,0.6479473
2548,train_images/9e2058917304.png,4b8a59b71b8d087b0f450613540c8c30504d715c3a78948ad42eeef8eacb4064,2548,0,0,7.106758,2.535841,0.34973526,-6.972851,-3.0205886
2560,train_images/1d11794057ff.png,875b9cc2c34842670cf0fba00fe619af47cb2d04019e4a78249914e47594b6c6,2560,1,1,1.3969154,2.9610348,2.2817879,-5.0056267,-1.9020684
2566,train_images/05b1bb2bdb81.png,acbe6fde938d31abc6fbdafe6138568cb6214d60f6085dd358d171c83dd57bf9,2566,0,0,9.024937,2.997034,-0.7260971,-5.568451,-5.6189833
2572,train_images/0cae727cf119.png,0e293997f5daa55c8392ef37a1706f74b79aec0699fd27f0bc249f4410f47a65,2572,0,0,11.796486,-0.24818802,-2.424137,-2.8715591,-6.152749
2574,train_images/0cd31078cd08.png,9095d635aff267185ade77eeb9599cf68736c71f3291ef2cad907d870ac7526d,2574,0,0,9.37957,0.94817924,-2.4920502,-2.4807167,-5.3126135
2577,train_images/0fc6829da85b.png,4c0cd5bc6340a23ce975d7dfc5cde3e26e2b4b550a1e675b237d1951efdff401,2577,0,0,6.380924,1.5281429,1.5654716,-5.814823,-3.6080422
2582,train_images/12ae44be0d38.png,5bc779204e7b6b0ccb4564943f030892f52cf9f631a1973a400572fe52c87cde,2582,0,0,6.146023,1.7677994,-0.39896774,-5.8788834,-1.6843735
2590,train_images/186c1835eec5.png,6a89b1b6bf7846e331c42106e418383787b59742192a5a4ea3b9efb927b772db,2590,0,0,10.848778,2.5517426,-1.7912292,-8.052998,-3.4581087
2597,train_images/1f4fb37e0854.png,e3580f19ca2465b20498be2acdcd378cc673a8b20ddc2150e3c71bfc7e55047f,2597,0,0,7.965702,2.2638988,0.005176544,-4.687237,-5.47171
2601,train_images/215d2b7c3fde.png,6457bb6a89ebfb9bd755fa8ff922963b741a0e39ccd985ae5478984adb5fbf50,2601,0,0,10.514942,2.7334843,-0.96965027,-9.280651,-2.8406336
2609,train_images/29d059522fa1.png,d204ce1e84cac4bc98c215757cb18ffb76553c67b129b716540ef24c27595bcd,2609,0,0,10.855312,3.551756,-1.0701866,-7.7091255,-5.5210533
2612,train_images/2ef955d6d9ff.png,2da859b172a02d16d3370246ef782edd7ffab34e62ac60c7e184862218c88d11,2612,0,0,10.748314,1.3390999,-2.7831001,-4.4618187,-4.7424374
2615,train_images/3178559fbf57.png,7eb71f4df84a445098d12840fd16f3990e83ef999cb106458e02b0083cd2748b,2615,0,0,9.846699,3.0000381,-0.6221924,-9.677193,-2.487547
2621,train_images/388279491b5d.png,141482832b76c4c5433e8dab58e961404689b89928846b65dfed30fec69bec7c,2621,0,0,11.829075,1.4388847,-1.9700432,-4.490822,-6.664072
2624,train_images/3c326543fff6.png,02232c4c8d8edc51aa5d93e5c9fc71bb4f9a75bd9e9f1814e4b90c60bd3da912,2624,0,0,11.458118,0.31959343,-2.3053703,-2.7022667,-6.6799326
2629,train_images/4145dcb25053.png,0d7c5dbfa44dfde7b06278b9fe269c09d7b7e8742075b3a60eb9b7e633d3441e,2629,0,0,10.90205,0.40583992,-2.3926468,-3.0296097,-5.804245
2632,train_images/435414ccccf7.png,4141053f5b74702654d77dd950a1b40419ef08f0351ff72491a28d150b33a6f8,2632,0,0,11.609436,1.6187115,-2.9676704,-2.5023727,-7.645499
2639,train_images/48a45619d1a3.png,42cfad4d7e1e2d8657c748ec069ea38208ec1d7dfbef2d1272d57a2ba98d8ed4,2639,0,0,9.177246,2.4857998,-1.6567574,-4.3147926,-5.6878443
2644,train_images/4c60f6fcea75.png,9c4d351c8ba09f5219024c15a99f1426cfc9983a4d9aab0923966e3ecd416e0e,2644,0,0,9.039322,1.3361397,-0.9906082,-6.2692757,-3.0146213
2652,train_images/519c6e8f78dc.png,717f856bfbf52d83ff6a81d6b77a16a779e15fc818122f915d29134a547e1e45,2652,0,0,8.180737,2.771965,-0.34298325,-3.43145,-7.2228127
2659,train_images/57db4781e7ec.png,9eb739439eacb824c513288d9d48387b7067501200dd6b13b8b761475b71c358,2659,0,0,7.971237,1.9174614,0.01695633,-7.6127663,-2.3210196
2667,train_images/606daaf0bfc7.png,b1f7d45fc8fb9beecb1c630369629b7baed9a20c7043f386fc8a2f96c0feb762,2667,0,0,6.4053764,0.08101654,0.21507645,-4.8800964,-1.8044376
2672,train_images/66366a90d1ef.png,e001182acb9472f76d83fdf8ddb45f08deca7f2fc18ae7aac6bbe359eb450808,2672,0,2,2.0708466,3.5004673,3.802002,-9.520836,-0.10752821
2673,train_images/66460ecab347.png,2ec954da18338c645be85140fe9bdb6284ef08c384c3d41f47ad3dfaff485a16,2673,0,0,9.630367,0.6485672,-3.0980492,-3.1276436,-3.9998074
2682,train_images/6d4f6c9a8406.png,aaf84eea4a33543a5b9dbe4d4ca458b7f08993accf0f479ab4f6f123e4fc5040,2682,0,0,9.095558,3.8337612,-0.4584427,-8.139706,-4.2918296
2686,train_images/75369248dba0.png,f99412487cab5f0eb56814937f8fc99f171409815fd575965b54c821133b9d3c,2686,0,0,9.100967,2.9755955,0.40682983,-8.908749,-3.532066
2691,train_images/7b691d9ced34.png,4b256f83d89a4c6debb0444f64489d54466f6cc426c4f11ad2503744497c9635,2691,0,0,9.957325,5.7911243,-0.30102158,-8.425777,-6.861746
2698,train_images/7fc3a8bb40de.png,26744d8b9b1cdc2ecd87904b468631a45e5070088ebd7c853e03e97ed456c8cc,2698,0,0,10.888077,3.1242294,-1.1740494,-7.418907,-5.3111434
2702,train_images/8344c783da65.png,2a7971b8b9c287a0be694d5c36bfa31b2add43cc9334e61588508bdb4ad1e1f5,2702,0,0,8.5083885,1.7593994,-0.2728157,-8.154015,-1.8168982
2708,train_images/898f0bc8acfa.png,dec272edc9f3bcb9b30abe6c591447dc805ebe4c6151b14b94157c2fbaaa1532,2708,0,0,11.171165,-0.006608963,-1.9053383,-4.344219,-4.8229628
2709,train_images/8a87dd2a784e.png,89975cfa2788d5eab78bac089ab3922ef484b9487fdb8f1f17f1aa455e0d6dc5,2709,0,0,12.233868,0.8192444,-2.7235832,-3.7356415,-6.459993
2711,train_images/8b079e79035f.png,e3c0cbd569879123d9fc729d9bcadff8438b1ebbe8deaf7222426bafed69caed,2711,0,0,8.619732,2.18952,-0.016155243,-7.1671677,-3.6105783
2719,train_images/92e3d608fd3c.png,3a6382e1d4af6b16519858223d01add6a9659dd14f357236c9fb8b9346094e5f,2719,0,0,9.7230835,2.8771305,-0.6390457,-6.8803787,-5.0272336
2723,train_images/9870ce41cac4.png,af837248c130f7cbfc3bd9df5f19a4a78a1a9a049ac0ef9c9804482e8aff5c97,2723,0,0,9.46101,1.0723228,-2.5387154,-1.879097,-6.095234
2724,train_images/992b9a07b25f.png,c230db71402e77517757dce3498601712bdc41985f90beeca9e9019e60725b6e,2724,0,0,6.8522186,2.9887047,1.7239037,-9.3581085,-2.158127
2731,train_images/a1edf0e66592.png,a06f33dcc61abf4c20968ca9e9d39108e22ea1e40620316e44c1e841bea4c2f6,2731,0,0,9.702961,2.9487114,-0.016429901,-8.142757,-4.4126635
2737,train_images/a6356a3c5d11.png,4d6f2a1fbcbd5972cf1dfebbec69519e968328b17c3ad2a4c79fad840314ec5b,2737,0,0,9.92952,2.8823986,-0.9781647,-6.782837,-4.886246
2739,train_images/a7673ac44509.png,02ebba196400ea3e0a79036c8303ea1f51fac6fccf44c1fe05b26e8da0fc0076,2739,0,0,4.905266,3.5403805,0.5269699,-5.271908,-3.7064435
2742,train_images/a95d9d61ddd4.png,5ce2b9ceff5d7ce64f96710a85e0ac9620d629ddd28a255e071a31569619469f,2742,0,0,9.933147,2.2053337,0.48015976,-9.922581,-2.5923588
2751,train_images/ae5d31979f19.png,f76e74060a8e037f12cafaf4b4801229db667a0996249c1d9aa7a4ee58321d9c,2751,0,0,6.973995,6.1719513,-0.32000732,-8.436848,-4.320768
2759,train_images/b8e20c076b03.png,c2b98c9dfd37d23294ac3b352c1eebd1796bbefdc259c37ec3b1962ed76ad485,2759,0,0,8.762463,2.7211418,-0.3549919,-6.602188,-4.4174347
2761,train_images/bc7bf19b84e3.png,7b92754296175d4376ca239912957e153fc22dc2d80d9bc48ed3e5ea28e0abc0,2761,0,0,10.181366,2.7853947,-1.0915222,-8.156006,-3.6288104
2770,train_images/c2f3281cf528.png,96c4f8e47c65791447ef6b5f2b96a9906eadcf417c05b3cc53bd94391512bb38,2770,0,0,9.909557,2.7415886,-1.2157707,-7.9776917,-3.3741057
2774,train_images/c56293f53191.png,ce1a4dd4c7bedd357148a844e98115e5d083645dd925c23c863ec0b4a4358978,2774,0,0,11.584541,2.607195,-0.803154,-9.006474,-4.2685604
2780,train_images/cadde4030858.png,637a3c5b6b8f52de01f94736bf3b5eef8bb52437d5492a32b6a7bea91fe65764,2780,0,0,11.2938385,3.941311,-0.092365265,-9.921738,-5.082691
2784,train_images/cfb17a7cc8d4.png,95a445fbd9322138aecf8b72db0a48a37dbdfb3170a1d4a5e4599bd7b85c7fb9,2784,0,0,7.029766,2.5231152,0.24991608,-5.6717415,-4.1559305
2786,train_images/d516f77d4516.png,f53339bfce6a581a4ce39adc6167b796df59601c6589496cfd82f1269e2f839f,2786,0,0,10.244995,0.75816536,-2.2871094,-2.698429,-5.93523
2787,train_images/d51c2153d151.png,4b256f83d89a4c6debb0444f64489d54466f6cc426c4f11ad2503744497c9635,2691,0,0,9.957325,5.7911243,-0.30102158,-8.425777,-6.861746
2794,train_images/d97911a32918.png,c8cab3341fe3fad1e7badaaee7f66c1b63c10cc983e5afae285b959022a85d42,2794,0,0,10.455711,2.2002773,-0.45990372,-9.436356,-2.6760573
2798,train_images/de18071c36e6.png,2efff097b267474f93861113d71fd78bc206800ee548024db1d8fee22ce75f5c,2798,0,0,10.117523,1.1365414,-2.1658707,-2.3491173,-6.67182
2802,train_images/e12df54e0d1e.png,a8c0f7b41e5b01980bc8ac5afcafe7dba09ec7588f726b6376b1c6e790dfd107,2802,0,0,8.78957,2.8135242,-0.6705742,-6.225525,-4.694856
2805,train_images/e3cd96cb094c.png,8e15b3060a584628275e9faf0b8a8365a36ce7d2b938f3d2bc022e2a6747f8ee,2805,0,0,9.759399,-0.11527443,-0.92427444,-2.0855064,-6.6218014
2810,train_images/e8ddfc9709ce.png,78f2344cc5530d6c27d48ad35c9acdcb9fdb3cca74c8ae64cd595f11775213ef,2810,0,0,9.844254,2.5653172,-0.44808578,-7.9873657,-3.9043024
2812,train_images/e9ce5bf645ab.png,b9f58cf30af1a8a8c17d0eeb696ea429c7464cb52ca2eccbe78d6bf8b5b18750,2812,0,0,9.58778,2.0753422,0.20068741,-8.590252,-3.2056408
2820,train_images/f56ff0440ed1.png,ccf0ff1ed73d0dcbbd5f194a248f2909b5786f083a304ab9c60300a311bb0a3c,2820,0,0,6.705303,2.3260078,1.7269554,-5.729454,-5.0555296
2827,train_images/fa573163dd8b.png,9b06dfb07f717b9eaacd15573f1e15ea5596832210655d77f5cebbd1c330b9ed,2827,0,0,9.305752,2.2067509,-0.72953033,-7.6788216,-3.060326
2831,train_images/febfb20dc311.png,ce577f7b0954b631ae910b9521562f51b3962a6224fa23c442a95b08aa8ad249,2831,0,0,11.153431,3.2156982,-0.42568207,-7.814312,-5.9928913
2833,train_images/0684311afdfc.png,1c74698269d5d284e2cfc923f4442da8e63ff7857aea58ca3453cc1ed7bdacf6,2833,1,1,-1.6400833,5.0389843,1.4269524,-3.2539253,-1.9469826
2842,train_images/22325552a4e3.png,faf608cfa71ac9e9b0bd444bbc902d77b0f17f5dc7522c4b674c72c107f04bcf,2842,1,1,0.06720734,7.6431637,1.4385376,-5.237232,-4.1593065
2845,train_images/2a08ed6bbcbc.png,37b3448cd6355788fb12cb2c692336777b57d98c7f062aff43ec7ae20d4f248d,2845,1,1,-3.0840988,4.6596184,2.195076,-3.663639,-0.5408094
2847,train_images/30cab14951ac.png,558d4876bd43e6b60f62cd5e9546c427b696d92d160931044f1da8607bb6243a,2240,1,0,6.5832253,4.778166,-0.93429184,-6.05991,-4.310608
2855,train_images/5548a7961a3e.png,7b6599c29840ea78de6805809121c30ae147254a35346722613a0f3a5b00c0f5,2855,1,1,0.7095833,2.788292,1.9160461,-3.855587,-1.7188768
2861,train_images/6b07971c3bf6.png,3e8eabd423b5944786aa73b2131696aa0a849bac85a15b4761b73fc7623a802c,2861,1,1,1.2207642,3.236435,2.1227913,-4.8621445,-1.9990106
2862,train_images/71c1a3cdbe47.png,875f7e33f052ce66187d01240da12b4b4ca0257c7834ae4efeb6da0bc1292f0f,98,1,1,-0.9236374,6.9697437,1.181324,-3.9827576,-3.5933177
2868,train_images/8dc22e65c06f.png,8431ec7d5e864a6cbc72f080f732fa25cd2d0df4c83378f00fc88c26cd6d513d,2868,1,1,0.70892715,5.333254,1.8096657,-5.599598,-2.5236113
2870,train_images/977e1ca77653.png,5bc925a17ad33ffd8d216c2ac784dbb15f681b256fea2d9d14a29888dce71aad,2870,1,1,-3.7511253,3.733736,2.480629,-2.7536163,-0.19656801
2875,train_images/c1e6fa1ad314.png,1548c4ebcb2c2614e8774a88b085e89f73706c6e851bee7f45da5a528deea1ce,2875,1,4,-4.206955,1.8942242,0.28837204,-0.34288025,1.9124222
2881,train_images/db4ed1e07aa3.png,fd0a65669f496c50bf9e8f4a05ef85c92a9ba461ff4fdda480b7131edd980916,2881,1,1,-1.6621323,4.1574078,0.54106903,-3.9444542,0.63247395
2887,train_images/01eb826f6467.png,9b818cb84607d3bb03b6a560eddfb0154da4ddbd79447e2b5ad7b0e8600820d8,2887,2,1,-3.4094124,1.6313686,1.4040298,0.24461365,-0.301656
2888,train_images/0415fc68b176.png,72967be3d1d110decb54ba657ff84ce6fbe37d8155ac4b562be5e3429b36cb51,2888,2,2,-4.782894,1.2679176,3.6026878,-1.5432816,0.93809795
2895,train_images/0eff8eacb2f7.png,64b9c4a555d88521bd2b9e6fda1ddf0c2f4fae56cb697b97f595986354c50c5d,2895,2,2,-4.477703,2.571003,2.6659775,-1.4413834,0.17381978
2897,train_images/1438288bb2e1.png,f99d1f17894f72612279ed568301925506056870f883ea53cbd84ac2b0709792,2897,2,1,-3.8589668,3.3066502,2.6576881,-1.7100182,-0.8469441
2900,train_images/1dfbede13143.png,16a98018d3addb0691efb90252ca312e39a7a3cdd56a38bf996bb3856fa97063,467,2,2,-7.9171753,-0.35616493,4.8345757,1.3958626,1.3642068
2901,train_images/1f63d44d9e3c.png,edb3a93ad01a57f4934619e3dd4a1fa5108809c10334574f2a125c4afc0acef5,2901,2,2,-4.676029,-1.0971298,4.3133106,-0.09907532,1.0208597
2912,train_images/2cbfc6182ba2.png,b7de9a710c6d139706eb20083a8220d3f85a644a7a9502b8b981f0e2414a742b,2912,2,4,-5.672985,-1.5934162,3.2557907,-0.33745575,3.7864122
2917,train_images/3d663a6a50a3.png,ac74945843069e72ae506983f2e13c14ec7f11d05088b50e2e455c59b27ff00d,2917,2,2,-7.310478,1.3034801,4.8038692,-1.8519936,2.445187
2919,train_images/4489d421e5aa.png,006b785f629579b76bcc4173904657b08527e69baa5344b83a23862e2e67963b,2919,2,2,-6.646431,0.805706,5.5799675,-0.35459518,-0.033657074
2921,train_images/453d553b0a94.png,75f9f0a7940e357bf6e24ca1faa9801325d21fa0a2fa52984d68f1d5018bab7f,2921,2,4,-4.374344,-1.0138645,1.0548515,-0.8367653,4.6994867
2927,train_images/5152bf091152.png,fd5484e1653eac1d56a72f79f9248179e60e4c9293b65afedff295b8817222a2,2927,2,2,-3.8446083,1.0550556,4.019127,-3.1083832,1.3878751
2931,train_images/547b37da9223.png,4b2926e8d8b7b5eb11159662c3eec164de046358d59cbe719c7324d2ff5b47bd,2931,2,2,-5.727417,0.9551277,3.547306,0.3881302,0.2698002
2934,train_images/58529a8638d0.png,fd681145b57fae00cc5aa2a34a3545737786d9fcb5dd779afe65efd0921f6d7a,2934,2,2,-6.7972565,-1.0100918,4.146385,1.8728905,1.1592779
2944,train_images/663a923d5398.png,f492fee29ea971b219db93dd246b09a80c4c47e61cfaa41a6e5763f7296caa21,2944,2,2,-1.2390747,3.6718102,4.555979,-6.3059235,-0.960161
2946,train_images/6e092b306fe1.png,41ba86f2a14cf06a439734cb9f5b29a2b2601dad62e75ca3af879be9afc94eb5,2946,2,2,-3.040001,2.6672325,3.1999435,-2.1037445,-1.1219258
2951,train_images/7877be80901c.png,5a379ff8279af2a2c430db3976a33dca04a9c3e9b763cbb5a1350c43c8657449,2060,2,2,-9.262238,-0.91140366,4.39237,1.1796913,3.8790565
2953,train_images/79540be95177.png,f592b0746e698834b29550db9e392e3ca89df129f7040ad35e733ceb23f58f4c,2953,2,2,-6.9685555,-2.319397,3.9060707,1.1465569,3.6029491
2954,train_images/7a0cff4c24b2.png,57ac603c4362dff56ecd1c0107c9a9bf22136528767bbfd1c12623f8909aa082,2130,2,2,-4.641144,-0.070495605,5.2867737,-1.7434845,0.55993843
2956,train_images/7e6e90a93aa5.png,556ddfbabdadf5124cc8fa38226b20efe6a49b2cf37a5366ff9669227d617398,2956,2,2,-3.1967354,2.693777,2.8152199,-2.1280174,-0.6359978
2961,train_images/840527bc6628.png,1dad7cbc33426f0db3af5629ebc9e043ccd133b59290c047f274e3a625f55eed,1235,2,2,-8.80587,-0.54714394,5.028002,2.2773247,1.3541026
2962,train_images/842d697884f6.png,cb3c3dbba6d49637a33c9d1356398fbc48e33dd8862fa2eb890c76ae367d8e93,2962,2,2,-1.417572,0.613369,4.2974567,-3.9941025,0.08177829
2970,train_images/913b1890ed1e.png,74cf3dcdc520dc1ccff6ad0be9cb4851de3ada5d7150ebd26571b2d30a91d464,2970,2,2,-5.703121,1.1574574,4.6695194,-1.1793022,0.5368657
2977,train_images/9b95d6203406.png,0a84cf293a8edcd7eeaa2f4252444f5dc5a916b99143d970c1fcc93fe6248f10,2977,2,2,-3.4665222,2.201645,4.139187,-1.7281494,-1.5954151
2984,train_images/a0a0cd8af5a6.png,e173a352afc85c6519fb8e91886430e8de15eedd7f295b55abacf933aeb5806b,2984,2,2,-5.48621,1.6492767,3.1422386,-2.186367,2.3275619
2985,train_images/a15652b22ab8.png,57d8daf10020a08edc358bea7606ff87ee9bb161beb608daa81c9060c1f14dc4,544,2,2,-7.4307137,0.977993,3.867569,0.12779236,1.7960935
2989,train_images/aa31bc6b8f4d.png,31cd6ebf094dbd9f4fbfc57771029f7b6188430a56f97f49046457c8d924b63f,2989,2,2,-10.0879135,-3.0230694,4.534277,4.212284,3.587617
2993,train_images/ae1344610ebe.png,41fdbbc4a55819dc14251495c37ac915161f383cd6db24c27090377fccdf48c5,2993,2,2,-6.7636185,1.3981361,5.9617996,-1.797966,0.54866934
2998,train_images/b5c80d0ed0ff.png,956260043ee44f7a6a8b2306663132c0ad7e9e1336898bf52a3fa8c28d624a3d,2998,2,2,-5.261566,-0.8348484,4.1538467,0.5100708,0.822721
3004,train_images/c0202976c670.png,4874d2a2b09cd3164d1df65ce4d95fed648ce26bfde111de5da624139edb1c63,3004,2,3,-8.703438,-1.6354179,1.6581192,5.931835,2.0650444
3009,train_images/ceaa5803d780.png,9de7685ff318e4f9d2fcb04ea746c61eec085f56a1b372fbe27264368ef14771,3009,2,2,-7.3164177,-1.8266144,4.148533,1.5283852,2.8428326
3014,train_images/d67374d3fa2a.png,a9074548dc51583839960f9d044fe502cd2f149168d1ad4f4e544d82c4c9b8a9,3014,2,2,-1.8341141,3.0553265,4.319578,-6.143463,0.18773413
3023,train_images/df8365d6ac33.png,4c97517e5efb8c6365f1aba22b09255d2fd1c60b0bb6025c4006d9cf8bc0b42c,3023,2,2,-7.597576,-1.4014797,5.81374,1.4538231,1.045557
3025,train_images/e2161692a0b4.png,31a4cffefc0b6991480608ad70fa2dbf8a53450249227ae6a2001c013310f3a6,3025,2,2,-6.6454735,-0.999218,4.7264404,2.2721672,0.037042618
3029,train_images/ea05c22d92e9.png,f4d2af495393fd2a22afa0a58aa9da184ef390022516e66591e170af408947a4,2143,2,2,-6.4946175,0.11338806,3.7167473,0.7177658,1.3460302
3034,train_images/ff344e5c9341.png,abf8a7189fc07097ec36bf6acf7061c79418fd7fd53b09c56f77e1a535c455b2,3034,2,2,-4.6587105,1.1344471,5.395712,-1.9193039,-0.4875226
3037,train_images/0cb14014117d.png,956e78f8545d1e808104b24be48547517799c4764795105a42e7e3020d9dd59a,3037,3,2,-7.081051,-0.8109951,3.8160286,1.5085411,1.9045544
3042,train_images/383e72af1955.png,f927361e198284b4d57f9350e2a1b19176719dd12d15c3c357f15bea4dcfcd0a,3042,3,2,-5.6678886,1.6221485,3.075676,0.16968918,0.18774414
3049,train_images/8958a4d17b7e.png,44ebfbfa0a427b3fca115ff19c959c9a6044dcb16579b7056fec1ccc82cdead3,3049,3,4,-7.9613686,-0.8929844,2.0802536,2.266613,3.809259
3057,train_images/b2ffa3e18559.png,9d2d634d05741087b1281acfee319cccd46d11ce8c554d36071478651c487db8,3057,3,3,-7.89674,0.3168869,2.1208,5.129978,-0.39887977
3064,train_images/187f6ccda87a.png,9099af13c4ba7cf731377769a4d5599518c28810592ef614d4238625c5ed03fb,3064,4,3,-10.845154,-2.5000458,2.2046356,7.3816414,2.9755988
3067,train_images/2017cd92c63d.png,a4626e1c905c1d6ea8424b40a4c5891ac55aebdb58c733b6b2e15e3959ae7787,3067,4,4,-6.1442184,-1.2773819,0.024772644,2.2558556,4.5375004
3069,train_images/21abd36095a1.png,06f39ac54ac4ddd5c5855f7329723e467f25d450625e6e83c302ea62cd4e0e8d,3069,4,4,-7.049923,-3.4597645,3.087185,2.1640434,4.596094
3076,train_images/4a3da369b227.png,0e491a7e23234006e730209be24212394d4215c578d27dc572160f7fdccf54fb,3076,4,4,-8.87619,-4.617073,0.19529343,4.385639,8.235253
3087,train_images/9c72ed6befa0.png,f4918ee8c66948959c87b4c8fd543913f5465c21be9203f24f0e99c01e5ac68d,3087,4,2,-0.460495,1.4236355,2.0214615,-3.1430893,-0.17322874
3089,train_images/a76b69e443ce.png,24a8632bc63b456b143b5e6fdceb903833e646b82c848bc4976ac20aab9e5cbb,3089,4,4,-1.5120506,-2.099327,2.1171875,-2.8866653,4.062385
3090,train_images/b37aae3c8fe1.png,acd2b13e3dcee1cc946e39284b08cf2b60cbe85244279fa5a25ef50788e79741,3090,4,1,1.5986519,6.3607254,1.7168121,-5.4183273,-4.491907
3099,train_images/d659d7fd5ccf.png,86cfde1aaf7d908c9e75621879c164c71f5ed99bce746c852dda04b3dbfb0b55,3099,4,4,-7.63665,-1.5089054,2.774067,-0.44080353,6.182909
3102,train_images/e9ab8413e771.png,53ac0e4ed4406febe4b4499e517a9f5bf4da77b691c098949c54d05df0af1125,3102,4,1,-3.7766495,2.013008,0.9992485,0.8109093,-0.4635706
3108,train_images/005b95c28852.png,660e9470e016ce3835f067c234b3bd8662b3dc4c5a29840e73573b32ba3c73d1,3108,0,0,9.60331,1.3779602,-1.9457245,-3.5432968,-5.422529
3114,train_images/07e827469099.png,d00df391c21dc7e1577074c94378f64d829ab45b209372d9e5ace4e086a54457,3114,0,0,11.861477,0.07000351,-2.3581429,-4.2282143,-5.2306004
3122,train_images/11d8e5eaee5b.png,f769b361f87300e0ede321b699e98ea6636d3d04f2f6357f5535b57e53c08858,3122,0,0,8.703461,1.7892742,0.3478508,-8.313942,-2.4919443
3126,train_images/152db3de8120.png,b9f49b9b45455c09b9884afde46a2ca597d70bde1dc78434f4676f5a33c8598c,3126,0,0,8.787926,0.5869293,-2.6203651,-0.90000534,-5.857201
3134,train_images/1b8701231c8f.png,ef123219e4ac75de22607b962946e8d767930804a3d84fff24d6bba967d3f2f5,3134,0,0,8.205582,1.2585888,-1.0028992,-6.4583282,-1.920171
3137,train_images/1d37f1c8b6d8.png,154f6213556e2a2796f2eefbe66a3cec51a48319c7b4a17c62f4a393e65a524a,3137,0,0,10.604919,2.5303593,-1.503849,-8.130318,-3.4109929
3139,train_images/1df1530b9b8d.png,ee61c85ab0b9f59df2100366afab21ac28be9a69ea75762460d6a30887835f61,3139,0,0,10.583107,3.310423,0.053333282,-8.774075,-5.083566
3144,train_images/226c6ceb9185.png,81b07b191efcbc59c11fcb316861619fa1b35ff8b65938f174cfe3f5736e4a8e,3144,0,0,10.506443,1.1420994,-1.9669609,-4.2691765,-5.323955
3147,train_images/266fbefa58fb.png,bdf8d3fc903d614ac49da1026fa1a6580bcf08768b7cfc8e713e1002d3708194,3147,0,0,9.401077,3.0851593,-0.3238411,-8.3441925,-3.7438562
3153,train_images/2d04cead4d3a.png,61f6dda5975aee9ec29dacdac645f7590d69b7c1bccf5de19345c3ef2a19de8d,3153,0,0,10.158367,1.9005756,-2.347271,-4.226063,-5.407041
3163,train_images/35cd9832fc0a.png,c32fbc75ec6d3a023d509527e6834d79000675eaabd95f44f7725c42992d0cf4,3163,0,0,10.647713,2.6741886,0.716465,-9.549751,-4.385651
3165,train_images/3cab32dd6ef9.png,6f13a7c891b9564326ca17f212edf5d31f5c03864542dcce82231f0b860a1cb7,3165,0,0,9.370983,3.2407074,0.15414429,-8.953224,-3.7421508
3170,train_images/436fa3fd145a.png,46cd31de90dde6497886110925e6f261d319cf61a68c93a80b5960db139b8943,3170,0,0,9.440826,0.22104073,-1.8558311,-3.134636,-4.604763
3174,train_images/4528fbbd43a3.png,06fe37a01e7b29144b9ce792dfe21152a3656c6a9ea4d40b5422d9824edaaabc,3174,0,0,7.6881714,2.7904644,0.3693962,-6.30949,-4.521158
3175,train_images/454792eb6e05.png,5ddb9349d63c157bcac2555410f9046ee999ace3daf673cb3a345f5d1f9714a1,3175,0,0,10.420822,-0.09328842,-0.7705536,-3.5705338,-5.9544744
3185,train_images/4d167ca69ea8.png,ffb99c7befb24761791603bedadba9cb1440f27e8d71d5eb2fd00490af3be0ec,3185,0,0,8.896557,2.5918121,0.9825287,-8.9165535,-3.5124297
3189,train_images/511fd66b2df8.png,7e640d76a83e9fd5588701d715db820713459ce341fd9859165bb9b131218cdb,3189,0,0,11.614395,3.6763554,-0.12982559,-9.751553,-5.1548815
3193,train_images/525d0dd8dc45.png,adbb3a8d96eed31a3f01b4f0ebfe4a117782ad26c69f7116663c9396c2d4f35f,3193,0,0,10.278973,3.0913162,-0.35533142,-7.3196144,-5.5289254
3200,train_images/5b47043942f4.png,a107d2873fa106b489b0c5ad49abfecd254fe37aa7038a254215ad1d51d9bccf,3200,0,0,9.861988,2.4960117,-1.698555,-2.6459541,-7.983966
3202,train_images/5f4a8c074bd5.png,4bb284f7858e6ed1f8e4485af8867b9d08203cd38e28ee54c40d7d989daacd2c,3202,0,0,11.511799,2.4824924,-0.78533554,-8.393227,-4.680372
3204,train_images/6107a2e9f60e.png,97468da14d2e14db7052de6481556428fd9188ab56d0c01097c1e94521907ef6,3204,0,0,4.661808,2.0793343,0.38285446,-5.256504,-1.9403844
3213,train_images/6e861bc3bd7b.png,df6ad49e96535f5107606ce407d560d861dd6ecad1f71b99f14b8113a349778c,3213,0,0,10.773754,0.26988983,-2.414936,-2.9210052,-5.634651
3219,train_images/73a07e2ea23e.png,a4d7f6910e75a26af169d2e961e43189a125a479da6ab788e389389f3c1bf227,3219,0,0,4.8906746,1.9063721,-0.71686935,-2.8131065,-3.4406846
3222,train_images/757e39293591.png,f8e21ed7b1390da484d1bfeb4791b50ed812024ecc897796a2ba234931e818c3,3222,0,0,8.167786,2.3426418,-0.46640396,-7.5761642,-2.4626567
3227,train_images/7ad0c4975890.png,10f0e330ee6cbc3966c5a838e1bbcf7e7d452e2ad26d7ddb5c50cebad4730685,3227,0,1,0.6031685,6.7987156,1.3486443,-4.4628296,-4.561273
3232,train_images/82d364726a58.png,ee5ef53434fccbafd26e57fdaecfbcc0a6495c0a1467d581f397572a56220958,3232,0,0,10.753773,3.7120438,-1.1932335,-6.7090683,-6.3695326
3236,train_images/88e4399d207c.png,f1441a207390d3b03e4e7e4539f952c8b84f64db034d4c30eb5e4879d79083f4,3236,0,0,10.992878,3.0206642,0.0923233,-9.602417,-4.380192
3245,train_images/93421787f520.png,365272d401433346e1fb850d003f410d833a8d27c2f0e0ae387e32ab26f6de35,3245,0,0,9.403488,1.932684,0.07796478,-7.4552536,-3.9441023
3253,train_images/9e2a8135f471.png,aa6adcb04854d242db8e4bb6fb4a981a9002bafd63da383abbdf77c864075d77,3253,0,0,9.979271,3.3256054,-0.6022339,-6.7914505,-5.821672
3261,train_images/a11c62cb3f86.png,75f4c87e3988cd6e957bffae65709eefd7d04d527dd10e95117c4904555b160e,3261,0,0,8.513977,3.8794098,-0.11571121,-6.831127,-5.3535957
3263,train_images/a3bd2e034614.png,ceba39ce93858747d6fa8d9574c8e136edfbae50bdd855fa69e4ca91a2861719,3263,0,0,7.456955,-0.39443016,1.1360435,-5.717251,-2.4057074
3268,train_images/a77eb914b383.png,92e9ffb5d232a98d81f742a46e5d17f66165e01417ab6e1c461ee67a35279011,3268,0,0,5.827469,2.661068,1.1840248,-6.6862526,-3.022333
3273,train_images/ad12cde115ab.png,7fb8c0aeb9c101ac3ac555d8682d69624442f8ac6607d5e57c716a97b0436671,3273,0,0,11.026012,-0.46738243,-1.9716911,-2.143818,-6.3678904
3278,train_images/ae975c43bd8b.png,2ffe47f0d9eed80eead9dc84c12656c865af874a2fe5c3cfdc797c0720fb44ce,3278,0,0,9.387096,2.728609,-0.42340088,-8.455975,-3.2016525
3279,train_images/aeccef0bdc26.png,10a7945f22f7847285c3fb4aec9f7f3de9e98b0e92f15914f1b9a59cce5dcfe7,3279,0,0,8.893898,1.7381783,0.31454086,-7.9802704,-2.927257
3283,train_images/b16dd4483ca5.png,efadfaa8278f0e37c4d6152d666305fb8bc3e489f55de3584d15126e408bb5cb,3283,0,0,10.244339,0.95285034,-0.74448013,-4.0227013,-6.380936
3289,train_images/b8e9a8f4617d.png,5b35670b56fd8480f024c3ed885e886a8440e33834cb4127011f6f351a8853f5,3289,0,0,12.0892105,2.3945522,-1.0896301,-8.575115,-4.648149
3292,train_images/ba2ea9182090.png,111c33230b9e7c563e3154d8f44ca5f5fb14faee04eccb365913624ae3afc181,3292,0,0,8.92667,2.2822685,-0.7614746,-7.4858513,-2.9247642
3301,train_images/c38dec54a9f7.png,588383b4d8ce0e473c3f7d4ecc04b20e40d1897f6e8f2d9803c4faf5514f553a,3301,0,0,7.303959,0.7196293,0.3586731,-6.049137,-2.346959
3306,train_images/c7d0deb71576.png,377bbcc1893406e6976a8311f77d4caef086d75fedc69b6f6e1ba4407370d779,3306,0,0,6.264267,2.3751297,0.22703552,-7.18853,-1.7446401
3313,train_images/cf8ae5501bd6.png,bd979e51ca3cdd5d9c542873a77b5ad7c378ab5bc88b742af215227112f394ee,3313,0,0,9.671196,2.0914154,-0.39820862,-7.6435966,-3.662512
3318,train_images/d332d7b8a26e.png,208b86599ebeaa38d9570b667f1eb014f2c05bb0a882b8eb9ec5ed5598f9bc83,3318,0,0,10.161751,3.7444649,-0.5387268,-9.438061,-3.8489323
3322,train_images/d6df4fe492ec.png,825c59e676c5127e4896cff851624f288307eaa1d4802448cb995598f72973fa,3322,0,0,10.547886,3.3683205,-0.4248581,-8.718254,-4.7009783
3328,train_images/da6389d129aa.png,ccdc80fa2b77c58155ff9036de2d8f39d5821a616ecf37508f6cfdba000e2755,3328,0,1,0.19769287,5.997637,2.1524162,-5.0008087,-3.5700278
3333,train_images/de6210f88536.png,4b4fc255f4bde07100dbd38388e85cd8e85eb3c1345a03061f7371596f2be9d8,3333,0,0,10.0228195,3.1786366,-0.5515251,-8.467903,-4.1072235
3336,train_images/df0886f1e76b.png,ab2fea837a1b519345bac844a855175c39eb3fab139b5d1b9e25e3fd9de321d9,3336,0,0,8.89323,1.7004356,-2.1208458,-2.1331024,-6.3531218
3339,train_images/e087bd4b88f2.png,b4a85ff726f89bde02e37c97afa2f1f9313d67a43eb3d738c171bf2a4efbd659,3339,0,0,7.6673965,0.059627533,-1.4995804,-0.3849144,-5.8921027
3340,train_images/e1c02f6c3362.png,5df43185ad18ba6e8c510ace968603fb27dd802d7c166f9b8e86d45e3fb5396a,3340,0,0,10.523724,1.4209557,-2.4878922,-2.8147736,-6.551628
3347,train_images/ea6a53e54d0f.png,63edf17b177283b948abd10799684e686a5933219033a7011b298ea7f2644a8d,3347,0,0,7.985321,3.9253826,-0.93787766,-5.489094,-5.4231577
3348,train_images/ea9c41e1ced0.png,8c92f7d4bb3ce5df20e0b6b10e24432c0979724dc127de3e7c6338826fcbfea6,3348,0,0,6.5195274,2.4013596,1.126049,-6.287407,-3.8393328
3359,train_images/f298b7d05958.png,6f3230dfc5e4cf0b03637af48ed9917498b07527cbc33725a9ec3fd3b47d18a7,3359,0,0,8.3730545,2.2031765,0.025974274,-7.502594,-3.0616562
3363,train_images/f71aca5a7dc3.png,f894772ddab4eedc3c169f62e5575ac681364b2dc15dc67d1ef568bbbd46959e,3363,0,0,9.964684,1.9530048,-2.5442314,-2.7881737,-6.509514
3368,train_images/fb88d23fc5fe.png,4ebe8eebec48d2d7d364aba80038f5df1bbb4661bf62dbbddbc4db41f31eff83,3368,0,0,9.399555,3.0851612,0.2616272,-9.700146,-3.0170083
3373,train_images/fdc685055659.png,b6bbf49861b0ae72f452cef964de781ef20ebcfe6e8b698af44f5bf2f65e1874,3373,0,0,11.600708,3.1127033,-0.2984619,-9.904572,-4.3640876
3374,train_images/fe06dad6851c.png,76aee38c40f52715983f534213af2dd2a9385588e529aeda3c1fe21788477c50,3374,0,0,9.936005,0.60259056,-2.7765121,-2.9920425,-4.723615
3381,train_images/0f495d87656a.png,be911c52b567dff62cafb0cca6bd9bd8f327ae7159090b31656422231c18f083,3381,1,1,-3.8130493,4.9640255,4.2386055,-4.8426666,-1.0376778
3385,train_images/2f2e1949ad56.png,f61a143861b0dcff0561b7237e7daf9fa90c79780f0d51bf14a6269fdb10ca74,3385,1,1,-1.3669548,5.607485,1.6537132,-4.3060646,-1.9189655
3394,train_images/47d1603a555b.png,f990b37500325946d331f3e2c8b2617d7649a1f0ef8d17421db78a55dd108909,3394,1,1,-3.9090157,5.5318546,3.153122,-3.4558144,-1.7780125
3401,train_images/53704c80f0d8.png,97ed0d0b26c66e50fc0bbb5cf1e5c2900f9334d2ef1fdc7eae4e77fdc7c688a3,3401,1,1,-1.4900627,5.8552876,2.5971603,-5.4485855,-1.9000802
3406,train_images/6c6efb6b1358.png,64ad60b1cabf6434335e433e9c0d586e9ba9e89b02fd101b527c12ad39bbc6f0,3406,1,1,1.3748474,7.716955,2.3805122,-6.39793,-5.335231
3412,train_images/89ed6a0dd53f.png,6853c2f45e7a182ece812c2825bea574a19682e8d55f8a0386d0d9625bca26c0,3412,1,1,-1.944809,4.798132,2.3920364,-2.6129112,-3.0939796
3419,train_images/a19ecd0a706e.png,284214c0ddcb433755d8402a694d8d8aae33de8a48730cce4663031433903fb6,3419,1,1,-2.981636,5.500044,2.2397232,-3.564476,-1.6256123
3420,train_images/a443c4fd489c.png,db1fe311ed8120ae5045635cf0ff8b9e7d43f9ef5859f84a2800778d89b9571f,3420,1,1,2.0752678,4.448166,1.5329666,-4.86203,-3.43626
3427,train_images/b9b99dad668d.png,c07b11b3addf73e52624e142f21ac27ec9b95209d2c6abd30988e4be018d1ada,3427,1,1,-1.9693413,6.256014,2.5372314,-5.057556,-2.1113582
3431,train_images/cd45bfa07d41.png,0b6f28cac3c0a75815d4dabc5c197dd8c15e722847d6dc7ec9bee010ee26f255,3431,1,1,1.3146858,4.5168114,1.2969894,-4.630726,-2.7223141
3433,train_images/d1cad012a254.png,4025dca5f8bec7c66017347dff836a3054b49fe9afa240ef9e7ad8cc93611538,45,1,1,1.9991417,7.348097,2.286892,-8.965218,-2.9084163
3436,train_images/06024377d573.png,d5ace70ac35bb85d05d04399ea5fb43063eff45e240cd4b2a6ad118a6daf3d88,3436,2,2,-8.081638,-0.91125107,3.3325272,3.1835213,1.7768803
3441,train_images/0efc93ec838b.png,62af6c5850e969bc36b859658d1e13a5d3e852488fe928ef678d5d3dd3251f9d,3441,2,4,-8.465614,-4.1244984,1.9108658,2.360218,7.6311054
3447,train_images/188a9323be03.png,23b5009c6e071d47eb014dc75a59268d4a1e96bc21434eec98b50bb7f2b733fb,3447,2,2,-7.625252,-0.61496544,3.4157372,2.256321,1.9001865
3457,train_images/234399352d36.png,3c423abac73be7726ab0775991f1bb340916fc977e2c28fd589f5f2b69e14fa5,3457,2,2,-7.7043686,0.13372421,3.9409904,0.7876625,2.1837845
3463,train_images/27b68863349f.png,c49ebcab9bcc99c990109da9134c1f9f8d1ddc2feadec450821a73afb52b1e33,3463,2,1,-5.473381,4.271406,3.7612343,-1.0048141,-2.1688042
3468,train_images/308f7fce6f0d.png,e95dc24eb4f670ff245d76e171870d8bdd5ee76381d0c3786210fb5a914e3830,3468,2,2,-2.9470673,0.8295555,5.523842,-3.0344582,-0.82549334
3474,train_images/3ddb86eb530e.png,a473569667edc2fca2ad60fbf382bafa83e842f381976111fbd112aba7b1130c,149,2,2,-3.4300003,1.0301819,3.35989,0.60964966,-2.0137682
3478,train_images/42a67337fa8e.png,32c26131fedf06b3c40486c873da1645fce755cea0193afdbcfd6cfb1bd07ed0,3478,2,4,-4.851532,-3.858158,3.254547,0.9917717,3.9061842
3482,train_images/465c618f7b23.png,d7f58be9dd5b6413bba24eca26f0dab357141985282b3b1312da8ae102c34c20,3482,2,2,-5.925068,0.9884567,2.0193787,0.96632004,1.411396
3488,train_images/4a44cc840ebe.png,956e78f8545d1e808104b24be48547517799c4764795105a42e7e3020d9dd59a,3037,2,2,-7.081051,-0.8109951,3.8160286,1.5085411,1.9045544
3489,train_images/4b5ffea77373.png,bdedabe9abe7a89806d781da59d02c60d0b6fa764fa727cad2569188f98aa940,3489,2,2,-8.045395,-0.39410973,5.4465675,0.714859,1.5857182
3493,train_images/51d0034d177d.png,e5622af79963d4998209177672e27e0bfd9cecaaf7133b42387969513852f255,3493,2,2,-6.842045,-3.8316402,4.7373466,2.640438,2.6972113
3498,train_images/5cde55f745af.png,6e6af057db49bbaf1ed7692eda1aa7d966cc0de886e9414e558e09d92aefe9b2,3498,2,4,-5.4142876,2.3064594,1.804615,-2.2396622,3.0472236
3503,train_images/66d2ca47aa44.png,68e74b062359b3a41994264e531855f3d173ba1c6bc905639be89b8d0f3fa5fd,3503,2,2,-5.300289,2.2706108,5.5091743,-2.5877075,-0.3833201
3506,train_images/6dfd80748e72.png,0d49d34fca591a51e9377bcaa1ef34cbf4ee87c2f993742c1169a1095ec961bf,3506,2,2,-3.3190956,2.505375,2.7568321,-0.8350754,-1.5756451
3514,train_images/7d1b40fdbd86.png,30f9b110eb641b107d8f46d51f78e708ba6f59b96f9850fb675ff74b13d55618,3514,2,2,-1.9707527,3.1167889,5.063011,-5.1256905,-1.5588192
3520,train_images/869bbd3170cc.png,5229b9a9e86a2e837273d2ee1b8e517d7dca131e065c973396df783b09f53456,3520,2,2,-7.0681686,2.521679,5.3497276,0.06546402,-1.5187513
3534,train_images/9d98a0b585f2.png,c4eb4fb956b4096e7f24bf4c381655972a97b8f8dfc5531c487e72e042422d5d,3534,2,2,-3.8584404,2.7861443,5.355715,-4.5897408,-0.24967575
3536,train_images/9f436886e056.png,25e1f6b090206bbd6643b3ce4fccf98f6c15568a6eec2dab566698f9e0f92703,3536,2,2,-2.8792114,-0.52622414,3.897129,-1.9043922,0.9368715
3540,train_images/a15470303941.png,5464ebc327f092fed340567c26aec093f761cd365c1f0bd23f1b42f30c13bae2,3540,2,2,-6.2107773,1.2961998,3.1868286,2.021824,-0.873785
3542,train_images/a3957df90a78.png,42df53a226498a4c20f810b2a77f10d9c40e73c04ea68a7e82dafaf75a2a240a,3542,2,2,-5.3153343,-1.1772633,4.1140213,0.9186821,0.95238686
3548,train_images/ae8424cdb029.png,a67d703155199da1730a8e2c33926ba80a7bad34d3f69a16e8aa284f3920f8a9,3548,2,1,-2.0711594,2.807642,1.4297295,-0.8317528,-1.6834161
3553,train_images/ba25f947f4ec.png,7ca93bf2b1ca55cc793291d64dd14316bf04c8afff01f2251ea4e4ec5d4d778c,3553,2,2,-3.766636,0.16450691,3.8983688,-1.2756615,0.46493745
3564,train_images/d8cdb7d7283a.png,ddd9bbabb3d26199782ff85c6ed46bd33d5347018fddbe05157af2b80cdb3295,3564,2,1,-3.816105,3.68544,2.11137,-1.9333305,-0.531306
3567,train_images/d9a475dfe59a.png,4251866c387d15ba6e8057bc6bef69235ff1ae15441d1ebda5102d0a915cd5d6,3567,2,4,-6.2728424,1.7704735,1.5880356,-0.18662262,2.5387
3571,train_images/df841a0440d8.png,9f64aa78af3feb31e2f61366b3d8cd7f6bb0512dd8926446222addc859e91081,3571,2,1,-3.9779015,3.2004166,2.41465,-1.8952827,-0.24393964
3574,train_images/e1e490773462.png,8bcedee86e062d7f06383f27b152ad428b2f3a7f15a1712eafe0aa1ea0639af7,3574,2,2,-5.686222,1.5499096,5.043743,-2.3903732,0.875649
3579,train_images/e9129ce55fd7.png,a77ffae41a8dbf318be23f73d39958fe30036d8144460448f09bae4e2cca588e,3579,2,2,-0.35766983,0.2716217,3.101078,-3.9976883,0.75767803
3584,train_images/f61bf44c677c.png,e4a71806a938cfbe92c999b10210ef5c7b5f8095ce90641a721e09f41cc4958f,3584,2,2,-7.9313316,-0.3058567,3.507,1.8585854,2.1974654
3592,train_images/3f49f8d100e9.png,651b5694eeea55ddb4f73942c1d0c8000cf553327173f683b5f0e90274f03059,3592,3,3,-6.6645775,-2.9675941,3.3126297,5.8754997,-0.15127516
3599,train_images/8a9bef2fbd4e.png,9abbf5f2581176d481cbad05e3f0d01b6502284ab8acdc0068752bf2821c5c29,3599,3,3,-6.046463,-1.2099075,2.1182022,4.4834023,0.00011634827
3601,train_images/91cf56d3d1af.png,eadaa2e8be522099b564ba2bf141320de0f9306ec0911a8cbd647e6a784b44db,3601,3,3,-7.2306404,-1.9585056,1.1712532,4.4654884,2.9218988
3606,train_images/b310bd564329.png,00bf44d754fdc2d0af7f26955ef23c31ca347c7f4be3db0e4edef2d1d3ebbd78,3606,3,2,-6.4298553,-0.60596657,3.2178497,1.6161537,1.5267444
3612,train_images/e19936582c61.png,f5b3d581e5e99202331eba59e45d5708c14ff7167e880dc03e86229a01e5de82,3612,3,2,-6.0326996,0.90681076,4.5878773,0.6267357,-0.6743233
3621,train_images/25d069089c5e.png,041dded3fb11b028d7f1d49ec308e5c0e4ebfe3f1bc56ffe455e0f919065a1d8,3621,4,3,-9.111778,-1.5453377,1.7338333,5.6752357,2.5454125
3628,train_images/6194e0fff071.png,bed825b2ba7b3994fe80aa8d6eecada587b90a2922e74e41d0da5aa7c4d46664,3628,4,4,-7.8311386,-1.8376236,1.4899902,1.2612114,6.256957
3630,train_images/62318d514160.png,12bd521651d85f3b1b69c02205712c3fa72b6e7134f42169e34c3d9ab4df6854,3630,4,4,-6.8645515,-1.7482262,-1.4894943,2.230297,7.274296
3639,train_images/7d626a7ffe76.png,02bfa03ce57b51a8129b2d67f5e6f91cb423a222bba4d1f4a437c4f8a4531a40,3639,4,3,-6.7765274,-2.958027,-1.5492668,7.849781,2.7383442
3646,train_images/a11bf2edd470.png,a36b21658b8f4792601c61d4595103af62b230a1130c4ef54a535414d66bbfb3,3646,4,3,-6.5099983,0.28023338,1.2801552,2.5048714,1.9078126
3652,train_images/c3d12a23f451.png,3588ee49b2e59688e1ea900f46ec21a1a05fb9c5d03ea9be5f0f8bcc041494e5,3652,4,4,-5.8024673,-1.1376057,1.5270348,-0.52668,5.455817
3661,train_images/f5e6226bd2e0.png,2dfa01b045d26af90cc3b338a8d9a77ef9580cde705ee3b3523c566860ff5a61,3661,4,3,-7.790615,-0.6949711,1.1743546,4.205822,2.3855834
