pool_index,image,pixel_sha256,sensitivity_group,target,prediction,logit_0,logit_1,logit_2,logit_3,logit_4
0,train_images/e663c6627a95.png,da85fb2346601232e002fd8d292b32395ee82ac34c934467fd98079d41541181,0,2,2,-5.8868484,2.1152172,2.4999762,0.9400692,0.1636979
2,train_images/ee3f5cf52188.png,ebe65953f1d982e458e11dfa4c85bff316e09291b0deb62f6f5caabc47ccda55,2,0,0,5.0396233,0.51110077,-1.5179572,-1.7398758,-2.3633828
5,train_images/fcc6aa6755e6.png,b69cbec9f6650dbedd3a7b25d5ad967edfcdf9703339386b961add102c45fd45,5,3,3,-4.396967,-2.9615784,0.090810776,3.8319225,3.2806504
14,train_images/d803598dabda.png,714a5d9ad4586773f0bf6d01dface05c76e31b23f45177beaa3dcb92b4b50179,14,4,4,-6.4131794,-1.9377327,2.234356,2.6861858,3.2422483
20,train_images/f451eee2b66b.png,5612000ca8235774433fbbba2a32024ea7e9267201662c7cc1a45a414a8a5859,20,0,0,4.2769833,1.6308041,-0.54336977,-3.0147748,-2.4330199
25,train_images/39923b29988a.png,3f205d8479b92d28afa16895d295d1f4e61030cb879f1feb84dcf40d6d1ffc55,25,2,4,-4.0415173,-0.3499031,1.5185668,0.81280375,1.9108775
31,train_images/87a9f4d20f07.png,2455640ca2db1a0f91f96d825e4073be9c3cd8ed51c76227c33394b526e7ffea,31,0,0,3.9824448,1.2477417,-0.75456476,-2.626678,-1.9383285
36,train_images/2cdcc910778d.png,25f776d036c103e8cc68ae6b6d3519d2b3fe161547a2052f200b728a03dae445,36,0,0,5.2095585,-0.23359108,-1.390667,-1.6310148,-2.027872
39,train_images/61a62b1dcc36.png,1095b5bbe14d17d31088198acfebe113286b254420495b9c07feac5217d17dcb,39,0,0,5.469944,-0.07297516,-1.3210707,-2.1826758,-1.955868
42,train_images/51cd8d2057fa.png,5fa3fa4aff9551d1b97ba3e0c941cf5ba05d3ecbe8b73eab52179b97ef53e794,42,0,0,3.8737564,0.8535652,-0.48629332,-2.996492,-1.3313162
51,train_images/c639d837f5e4.png,e8e9c4a5048e6347251bb5404564b66173ad3ebfeb5cb37d9ced01f93e51f177,51,0,0,4.284672,-0.10248947,-1.0158439,-1.3063612,-1.9423354
52,train_images/9b418ce42c13.png,f17c8f21926442cbf2d1e5ba36b411aa3157dce0f90af3d8d8c5a0238264b06e,52,2,1,-1.9539413,1.2712078,1.183192,-0.64210224,0.013529658
62,train_images/2ecbc2e3f239.png,e81e2287157490abe42424912252e492978c29105ec9bd73947d6feb2230f7a5,62,1,2,-1.3377495,0.47252846,0.7957673,-0.31852007,0.26480496
64,train_images/4c129470cec4.png,d6c5336b8aef49550270655ae4dc960226592c6a726ee42aa75930fad35e21bc,64,1,1,-2.669567,3.6051407,1.7721672,-1.5877829,-1.2448363
69,train_images/0f364b7d4384.png,2e21a8670884965e1e3bacc9104af186303222592b851b17618a22989243dc00,69,0,0,4.396366,1.165556,-1.1952758,-3.2397723,-1.188371
73,train_images/c90c6b94cf40.png,931a2a5326cfebb4fd0392b7e5b338d28cfe0a36f0943428b3ad92ac9f545d08,73,0,0,2.7978516,-0.64352417,-0.5225811,-0.6291518,-1.0950401
80,train_images/8bbd7835e9aa.png,b38811b00086fbf6efa61f9ba7b2baa98c9e088c951923fb71781cee22939c30,80,1,1,1.0540981,1.5132961,0.038994312,-2.9736876,0.28112608
85,train_images/8d13c46e7d75.png,d2f22fbe803ab44dbf5045d73ef7490a43bbeb36723a2dc5ce355819da011949,85,0,0,3.402094,1.2775517,-0.20015574,-2.7553015,-1.8149028
86,train_images/6e018411ba4a.png,82dfdbf559fe0798c189435496cda646099b2014bf140b6249754ca5da27d58e,86,0,0,3.905571,0.96489143,-0.22278547,-2.7886114,-1.9220636
93,train_images/99132193eaa0.png,640978816d12c3e6595ed9be32b97832727a8759fa2f48fc8b74f853e399edf8,93,1,1,-4.566574,2.7159863,1.9856737,-0.07972193,-0.20147294
102,train_images/19ef4d292196.png,cfbb8c4f2da7fffc1402c1337a40653fb359a802ff7247693f1b1ee97f995a42,102,4,4,-2.3847256,0.11510277,0.41193557,-0.77809954,2.5017948
109,train_images/82ac8463fadd.png,5cd9c940851950527b873269c74288a453526108bed68a4e83e78d6ee87a2fd4,109,1,0,2.772766,1.1476612,-0.01631689,-2.3065987,-1.6922479
114,train_images/c568e5245ea5.png,9fa965ebbe7e24c3ab3d5161cfaa523b86640bf731735216b8b5e8e47b41215f,114,2,3,-6.112837,-0.7522259,1.0351338,3.3352776,2.3263142
115,train_images/1ee1eb7943db.png,b822a3249bf631d8cbbdbcc506f3dad105981b7e1ce72584839d313effa5b87a,115,2,2,-2.4433823,-0.099962234,1.128855,0.25762558,1.0191821
121,train_images/65a3b13ad9a0.png,8207261d295d7a5848488e47f12cc7f315ab839067c9fad1df6d70b8cf9d58f1,121,0,1,-0.44843483,2.6431541,0.63985157,-1.9031062,-1.0222085
122,train_images/a188c60b93fb.png,e15ce84e56f689d4c981ffed1b5c17302e7065d50a8c74aa73557f4c7d9d4d2d,122,0,0,2.3658657,1.7813339,0.5443444,-2.7918286,-1.9787242
133,train_images/6cbc3dad809c.png,efd1d94c3d605f12df09ec10367edc50642dbda4333c4e929976c577e5f772ac,133,2,2,-2.944044,1.2348042,2.1406777,-0.2085886,-0.36527646
137,train_images/c5bec7f1e5f3.png,d95766728c950c05c705ab4c203af557d7084813119e0d49240506c1f503d07a,137,0,0,3.0467453,0.5723114,0.07964611,-2.3972874,-1.3989999
143,train_images/76516f828d88.png,044cd6e0c992bd15aaab1cb3f5258bc3055d539c810009bc16a7ef5dd4c296e6,143,0,0,2.4183064,0.4645939,-0.3814807,-1.8404794,-0.7624683
144,train_images/2fefb720869a.png,4e7156e7c988429d220fa796edf42796dd2b2772051c2245aaa21b6909c07da6,144,0,0,2.5892792,-0.016771317,-0.4626236,-1.0158963,-1.1906254
151,train_images/90c982cc2d96.png,dde1f101244621e90086afa6870992e37a0927ec3eeff69642fa2bf43fd2f3f6,151,1,1,-0.23770523,3.7418003,0.7427964,-2.3090267,-2.0353339
160,train_images/b8ac328009e0.png,63d7b5c9ac929e83d6ba6814516b856d42371fd4b1acfb667379a4c7f5f0ab87,160,2,2,-5.239437,-0.601532,2.488402,1.9437094,1.2322825
161,train_images/274f4de2a59d.png,3fce8f9f081f1d1d919cb52c361458a7efbab56d2e411408ef8b9aa0f48f0e93,161,0,0,4.1528854,1.1134338,-0.5749397,-2.9503026,-1.8247068
165,train_images/c6e1e9fbf39b.png,15a19b5437e7afa3485cf8c99a661922af555e10e26f30738e9641a978af3ec3,165,2,1,-3.7134628,1.575222,1.1049864,0.4578581,0.44157714
171,train_images/cb75210abebe.png,c071b7c4140e7ff9a5a820fdbcfbdf9c271ad7f35b89626e6c7fd3f89841d730,171,2,2,-1.9208107,0.4978714,1.940953,-1.391448,0.73167205
173,train_images/15cd5f52d300.png,40291ede78158fc2cb41e85b10b0ae2003fcf288ad3d7426e59e439818b21d40,173,2,3,-4.793051,-0.7906704,1.6578689,1.9239874,1.8410528
182,train_images/26d9576e8043.png,b3d5154ac882733410ef5a566f4acf9d9eafacbae5e95b9d04cf056e294099cd,182,0,0,4.966812,0.88757133,-1.2114258,-2.8142862,-1.9010754
187,train_images/d28bd830c171.png,75eae664fb3461018dfeb579b39c4dd86e139982d92a880312a1080c5fd07860,187,2,1,-0.5612507,2.0864735,1.1131637,-2.2525368,-0.4941849
194,train_images/e2c3b037413b.png,48a9d85112a68daf53a05641191f84b6dbd8d03b8dd3f09d8c86a2de6ad451e5,194,0,1,0.062242508,3.137413,0.036981106,-2.3680496,-0.9610252
201,train_images/a47878630dc2.png,abf414b11ae6f77efff426f5fb260fd0215683d8e2684be3cea0aac18526917e,201,2,2,-0.76280785,-1.1503944,2.165657,-0.59201956,0.24745804
202,train_images/4f60129e9a5b.png,879b3522b9a7d785cd55326011776c7f46e41d45d371fa997ed1ac186ae31c67,202,2,2,-5.1173763,1.1617165,2.6973028,0.13756561,0.96280056
205,train_images/a1b28bcbce00.png,0311cfa034fa3c3c46bbdc3057fcd79738c4aa4b4cff7dfc0ddddfcf2856fc4a,205,0,0,1.5883904,0.85194206,-0.2769022,-1.3000693,-0.93956417
209,train_images/d48178e4a49b.png,8273cac44e116e1f28200581ce17aeb07ff54d9aab2531c9cf3ada2c6db67ef4,209,4,0,0.6980362,0.23502159,0.38172984,-1.2964559,-0.11806971
217,train_images/595446774178.png,9a93a477d03f9ba6d61c08bb054c8b82ae32e1a223120ec49a73b9faae97f921,217,1,1,-2.6052856,2.3734798,0.9912915,-0.6681576,-0.22730201
222,train_images/0fb560f9adb2.png,68a48743524a0b890c93acf162ffeabcce093b66343b06f29799b083e56b10e5,222,2,2,-2.2360764,0.236866,1.9856749,-0.20839357,0.10657728
228,train_images/0a9ec1e99ce4.png,4578633466c8eda74ff4967d6e4b1c8eb38ca422a479d73fd431d08d3754f44d,228,2,2,-1.3971844,0.62504196,1.0904198,-0.088243484,-0.34802443
230,train_images/ed6bd9293a89.png,0d8b49b59fe05e8a729ad326be66cc33755d23211a4b795c4de3898a0d426d1d,230,0,0,3.7338943,1.224453,-0.43631697,-2.4554787,-2.1525233
233,train_images/e82232a3c28b.png,17470f13751dec4c909dbb3dd55866c6ef0e8878ae4dc9f6d8f5979a54f0bf35,233,0,0,3.9682255,1.1300259,-0.34761763,-2.8992925,-1.9362762
240,train_images/98e8adcf085c.png,e79e37bd22b14bf7ad3a8887613754c8c1e094a5e12579d7ab294116ab1bec6c,240,2,2,-4.0265675,0.48288345,1.9500761,0.33987522,1.1078444
246,train_images/cb68fce07789.png,c4d631423c9fcc239ccf3628a96cb9cbd1dcd8ed2bb11dd46962d0b12669a0bd,246,0,0,3.8839474,0.78185654,-0.4258151,-2.7965255,-1.5360627
251,train_images/ca7140ecf389.png,fb211e0d85f4e71445d3e51622b8be1747e52ea01af4757a36e165a72b60dc73,251,1,1,-2.1030293,2.356884,1.0604861,-1.0041499,-0.41436803
256,train_images/1db18bdd43aa.png,544f28efca262ec3bc46bc8dfb2a85c5737ebf28f9b333dd6004c5ee7e13a946,256,2,1,0.97507095,1.4575806,1.0204613,-2.1126337,-1.4197361
263,train_images/8191ae701985.png,a78aa941512101fe2cb62211b55ceb7244ffaab272be4e184d01143c3c63a85f,263,0,0,2.8019867,1.2158661,0.3921368,-3.2212276,-1.2513411
270,train_images/bb752b179751.png,79f3c3af3743841f4cfa49a076ff412021f0fa695b37f2038663531e088ac985,270,0,0,4.1761894,0.4827366,-0.14339542,-2.732911,-1.8678157
275,train_images/692e946b1f85.png,0dc8aba96f86cb0f0b554c9830c529303328e002be3850e3114f1bb40d6e90f9,275,0,0,3.9839516,1.1316414,-0.34922838,-2.684379,-2.1746333
279,train_images/ee78ce914066.png,0117532d34ca6b99984048a1ef1781f6f4fe98c0bc93c028422784737b0e9567,279,1,1,-1.5743065,2.420992,0.22733045,-1.0459337,-0.14235389
284,train_images/ac17cc18a994.png,6a666a67c2bd0d0d1b40676260c5cf910b93591180928a6a8cf44cb0eaf33e3d,284,0,0,3.4600067,1.1520462,-0.46973658,-3.0497293,-1.1835251
285,train_images/58184d6fd087.png,849f0bda05ec621a08a3e5fe873eb2c632b0e2602195c0e64c64108c9d649ac5,285,1,1,-2.4641094,2.0209808,1.0366101,-1.338223,0.61525035
291,train_images/98d41bce73a8.png,b78ae5ba68fca9cec3ad7bdd2158da5ee8a8346c4e9525f17df7ed3dfe0cbe64,291,0,0,3.2442493,0.40420914,-0.54637575,-1.5574293,-1.6335135
297,train_images/5e7cc6ab4ac4.png,cd7a7b691c4b45c2a479fb90aa647e3111a8589a5c2dfa0baaccc22110d5a63a,297,2,1,-3.4414463,2.582075,1.4248359,-0.6706939,-0.03452927
300,train_images/03747397839f.png,995dba76485e5c43bb38265247f24328edc957757f8166268be10a9466216d1d,300,2,4,-6.492035,-3.2843647,2.3009202,3.6339226,3.6677835
305,train_images/a15590a7d774.png,c6c55e6be21971ec3e2ab5eb64f5f6c5650812466d28917c5eced3be48681c61,305,2,1,0.17551422,2.375534,1.2124834,-2.68675,-1.185523
306,train_images/885fa5fc5da8.png,da5e9814074b4611c3918fcdf03c71997fdae71175c7c59c8534f8412908f42a,306,0,0,3.3186665,0.99492645,-0.73427725,-2.3463798,-1.3250928
315,train_images/c8d2d32f7f29.png,3f00dbfe3bf9f8c3675c7bb6b95fd76fe6032b82e66884a46447353dbb7d72c5,315,4,4,-4.855057,-1.5672455,1.3733063,2.2187138,2.6688075
322,train_images/80a02014b418.png,efc69b5d0daceb87210b325d6efab743ed71e3ce763ac86af7cf71b07f6f48af,322,1,1,0.78928185,1.8322773,0.15420723,-1.1011181,-1.7770112
328,train_images/59bd19c1c5bb.png,e1d2216796ad9db27227ed159035d331159c57b6ff9d31eb5c325d79bf6414ce,328,0,0,3.686184,0.82129097,-0.46744013,-2.947674,-1.1819224
334,train_images/be68322c7223.png,55eb17af9decbdcf7494ffd92b4137b1d7067f27bc91e4f6a5b6d218770faca3,334,2,2,-4.1618023,-1.5126476,4.0353265,-0.07631111,1.5544102
335,train_images/291f581d365e.png,4a5a59b6dd7736e2b90c5070c2657228fdae72dd11c82a877cc17d184abb7adf,335,0,1,-0.88910866,2.424385,0.47447324,-1.5778236,-0.53472036
340,train_images/ff77e8e5b5f3.png,2842411a873148351d2ac19434b0c6c7008514f5e1eaeafbfd0558a70bff747a,340,2,1,-0.7527237,2.729063,0.09898782,-1.5762572,-0.6074628
346,train_images/47e51065b819.png,ef3603a91a1d4ba1313425d009e1b183bf05c0bac02d73a01707e6801f5be0a4,346,2,2,-5.0245285,1.3320408,3.0061817,0.2547903,0.2746609
348,train_images/5671eb95512b.png,64bcb7a926e50038e0df84a4402ecb66724229998667447fcc502788673d2dd6,348,1,1,-0.88121605,1.0765915,0.02056694,-1.1437316,0.8259628
355,train_images/034cb07a550f.png,3f00dbfe3bf9f8c3675c7bb6b95fd76fe6032b82e66884a46447353dbb7d72c5,315,4,4,-4.855057,-1.5672455,1.3733063,2.2187138,2.6688075
356,train_images/1e143fa3de57.png,d9693f423433ba9af946e90eb9c4ef4ca1437c9be236e3087d8decee8a86835f,356,2,3,-6.382534,-1.5885391,2.6103325,3.1150646,2.060203
363,train_images/2b21d293fdf2.png,4b81430cae386db2b934e8fb0a8a138cefbe6b9ab9d28df2af982cece289a385,363,2,2,-2.8411732,-0.050779343,1.4443171,0.5617075,0.7598337
369,train_images/c9ea9d5eab65.png,92a1fc4c05c40767e6e83fcbef444b95be9e63907eaada43a6e7f06fef9d3dd5,369,3,2,-4.8926697,1.0268116,2.127322,0.7373619,0.8433339
370,train_images/9a56cfb980ec.png,1523ce95eaac437dd0f89fd1fd8820d7994a494d73c94b5a93f451e6228106c0,370,0,0,4.2973022,-0.0064430237,-0.8594551,-1.9573202,-1.555645
382,train_images/dfea19863428.png,af544022ebcb32e36799d211e548bc091a59ab10f9c5e8a8b40b63ebc0325311,382,0,0,2.1610603,-0.0020637512,-0.117292404,-1.8373795,-0.27103478
385,train_images/7ef5ff774a48.png,53a2bcfc64d0930c90907497762f9506c3391ac964cf999a7f2b79fc9868748d,385,1,1,1.3014183,1.7815113,0.32902122,-2.3229342,-1.174587
396,train_images/e160a3b19911.png,6fec8699abcc1e62638b7e70c2bebba6748164c719d22f1e9f4f62ae785ec26c,396,0,0,5.0809937,0.8565178,-1.8016758,-1.498766,-2.7109747
397,train_images/b99c825b93c5.png,c58f44f12d0b5bbeccb3887dfd454bc3ab5979dbaa8953f267cfa35c7b22fbb3,397,2,2,-4.7317543,-0.031877518,2.0006366,1.4397783,1.1697115
398,train_images/1d55e689cf84.png,35cac3316fd9d76cc3f7825cd6bfe7ad6f96b8621014644c6d5a9d54a9a3121c,398,2,2,-2.4582748,-1.1506405,1.2134762,1.0650077,1.187861
406,train_images/25b0e72705a8.png,c4f5306c6dbb589bf52f28c756042d0db59a56246571d54728142da315f1fb9c,406,3,3,-7.4946823,-0.0034923553,2.1622868,3.1987352,1.9650319
411,train_images/2cef97083e6f.png,19ffbd434bda42488fa60ad12f14f8d260f60e37593c306476c4f49a7328790e,411,2,1,-0.76795006,2.1705647,0.7703304,-2.2823367,0.0018024445
417,train_images/1dfe599d12a9.png,d2f21d8746b73adbe8c4dbd551e56f1bd8ebcd35a4c579ca19af48883bcb518a,417,0,0,4.4005527,0.34103012,-0.99434566,-1.4461136,-2.3780644
422,train_images/0024cdab0c1e.png,4e7c3ce57563f1405a8820fd0b71343e1b006293109a364ab4e156ffc92622a1,422,1,1,0.96413803,4.2526646,0.24190307,-4.330493,-1.2154398
426,train_images/8ee50c26fc13.png,a4d5ee398b0e179dbe2d833a0743d4e0ec793d584969a1ac97306884221c7629,426,0,0,4.6698513,0.8997536,-0.8945098,-2.160841,-2.5884807
430,train_images/e1900014dabf.png,bd49353ff67e0bd888ebee420011872391ed93d875a091a5e1b34e5dcf68f7a2,430,3,3,-3.9113693,0.9828491,0.41425514,1.2079763,1.1588366
437,train_images/ff8a0b45c789.png,4f3870a6a8e76d6a3298870ab990582d1bc7d70179edbcd03f644a9012ad4062,437,4,2,-4.8859863,-0.565897,2.222481,1.7421436,1.3251698
441,train_images/f6d760566a51.png,0c666ba6eb05c358ff26cc1503c1c87db61b9e850511647d23dea278951c3a38,441,0,0,3.6001244,0.82229996,-0.20000553,-2.6594143,-1.6548932
445,train_images/72c31aa48e2c.png,b30f04ddb6e3dc3cd356297048203a6edec8273dc5397ec58d6e0e431c37030e,445,0,0,3.6442204,0.85105705,-0.5236006,-2.670535,-1.3879876
450,train_images/bb7e0a2544cd.png,25ac9acf573c431f146c3f94ec9cdd7548f5ad2d8dcb5b6b6a7113ff6850f723,450,3,3,-5.7339344,-2.3014164,0.9666691,4.065756,2.823738
451,train_images/5f6db235c04d.png,feb4aa5a5dd35f23d1be36886a9831bd71e692bd19c5003f36d229d6b909e9af,451,0,0,3.3518753,0.54094315,-0.47974062,-2.2985826,-1.2090375
460,train_images/6a905a7202d2.png,12b5f1b298b1b3d66c6d9fa6372c01e1538677baa66753c32324143c40b35747,460,0,0,3.7786446,0.2541523,-0.2676134,-3.2553802,-0.59893423
464,train_images/83517eaeccb9.png,239164e7c996faff3fd3d6d7b74a5eb85962a4761e7318c1f62a6eb6d08a182f,464,0,0,3.879694,0.8273678,-0.4198985,-2.5896006,-1.7798707
470,train_images/7fe7309d0b4f.png,57b6a2990c4588881b4e46da3d18cfbf8fbb67687b5059841eb6ec75df21b9a7,470,0,0,4.3129406,0.9755192,-0.54806185,-2.8939643,-1.9272716
477,train_images/73ba798fee25.png,dd9d5b969ee982779f2b27811ae2a28244345f34cab2cf6d970c506fbf4ea85f,477,0,0,3.7438545,0.66786957,-0.13023853,-2.96951,-1.4044867
480,train_images/b8297a2291f5.png,87afabbdc0a8bbc05e5699b0299a10b4217c0621a267b2172d23c71becd1ee74,480,0,0,3.930479,0.5537071,-0.5631285,-2.4203396,-1.5917504
487,train_images/1bf30c84bbad.png,77e039221750789e9c9207c0238e849f47a2cc9075296c124d54fc9664d46fea,487,4,4,-2.5865345,-0.3583603,0.76569986,-0.1695633,2.2173038
493,train_images/dcc6c0ad5cad.png,828b716fbdda7933b4125d61062b1e6d2370e2e4f8351eab10938bd1a234f30c,493,0,0,1.6815147,1.0030155,0.16994405,-2.034781,-0.88989896
499,train_images/9da74370835a.png,1e86f4b13f326e948a3bd9f0212c4b126a410a0e9fae3ff9e5cd847061d4e0dc,499,2,1,-2.4226246,1.6160641,0.34354067,0.5025339,-0.16003275
502,train_images/6cd606dc52e9.png,52fa022fa7d7ecad954b7a8d9f54f7f934fdcbefc0a48e410621bd3da775d3fb,502,4,4,-3.6746235,-0.7859745,1.024637,0.8294678,2.4536166
506,train_images/2b88cb6e31cd.png,9301dc238c2fb0eae0ac6ef041b009954c995f7a3b9fb9533d2c3289f8099608,506,2,2,-2.5968952,0.98439026,1.5835624,-1.0957451,0.99605435
519,train_images/ec57cc20d776.png,e3724051a416d067fb05b70268d05a4b199673cb16f09f19a3eabcf10e1e7359,519,0,0,5.47126,0.23156357,-1.4853868,-1.5070119,-2.78315
520,train_images/76fe19ff64fb.png,77466ca05fcfe0b76fe3466c08c1dce855064598ce9d42462fca09b4c6ef687b,520,2,2,-1.226141,-0.057929993,1.2545888,-0.944108,0.8450532
521,train_images/369229040a34.png,210bd4bfb3d75e51ed8e384ea48f61c72608ca8396dd948b356c1e12ee0e6e3e,521,0,0,3.9309273,1.081913,-0.4511757,-2.9342213,-1.7188046
523,train_images/4dd9d29eae5d.png,c3e55437b16669269023540956f5e846a4fde86a58031070f16f35862231b9e9,523,1,1,0.57216454,1.4161949,0.4697063,-1.0810938,-1.456306
533,train_images/15cc2aef772a.png,bebe6e4831cf16a27d90dacc7216569a5e823c7ac371e87c6871383040bc4795,533,1,1,-3.0688438,2.4382668,1.4155252,-0.90308666,-0.010723889
537,train_images/821789e9053f.png,53bc863622e03afc1091bb2ac9b64ac67a6155da608a3ec6f982e1dc0dece3dc,537,1,0,0.9734993,0.79055786,0.39602423,-1.5643826,-0.71048754
538,train_images/b574d229ec4c.png,0303e864e835ba32f82de2137f82ec74e0c764bdca11f67b3219c7913924d9ff,538,2,2,-4.056555,-0.48124123,2.4411616,0.62923574,1.3134252
546,train_images/1ca91751be4d.png,8b10f56a06bb6736b5835220587ad434d09ab88caa48fbeb90c352612de44eb2,546,0,0,3.5476055,0.56887054,-0.15153742,-2.538237,-1.519805
550,train_images/e0d229db881a.png,5c3eb20544053d532ad1ae8f96107591311dc047d7c1745e3896e9d2e8e5885c,550,0,0,2.9605083,0.661953,-0.23416185,-2.3475895,-1.1384013
562,train_images/4ef0b485a7da.png,68703fa40a05286bcef451965ed50c269e1b42759ee54999ea5813ea2b41d4d4,562,2,2,-0.38339043,-0.7813988,0.7850585,-0.07688522,0.31796283
565,train_images/bf1b7e21e774.png,90dd0c7ae41cefa468a8bc011b3913b92528aa848df3bb5720d2dc72600c5192,565,2,4,-5.156519,0.2856121,1.4400139,0.7509718,2.5178525
571,train_images/415f2d2bd2a1.png,5fb2de5fd32f967cbbc3f1fee3d778c890e49f39c360081ef36b063034905ab3,571,0,0,5.437008,0.81378937,-0.95136166,-3.2838383,-2.0894897
574,train_images/5b2648ad455e.png,5b0cd6e1f0f095c181f80472ba8ad290b281bb0c982064b9456869e17e3f7598,574,0,0,4.978401,0.28523064,-1.7165937,-1.975851,-1.6411655
581,train_images/f549294e12e1.png,a6cfccf69a6d35994687c4fb41f4395fb34f238cea0196a8c8dc7e3292ea3ef1,581,4,4,-0.34576416,-0.111312866,-0.13281488,-0.56718636,1.0417008
586,train_images/da6bbb76d562.png,c313d39f8346414a047a95b25a006c58b5892b8fb7e2c686b88e7422e0e5c018,586,0,1,2.3642216,2.62533,0.0737524,-3.3235965,-1.8103907
593,train_images/fb88783de055.png,d1f0274d6d80d5492338e2f47a17fd14e12f857e6e414b03513dca245371bba5,593,0,0,3.3130474,0.86073303,-0.28414392,-2.6930094,-1.2905848
595,train_images/04ac765f91a1.png,c216c357fa59ecd728a5211694af6a5d18f398b4c364a779e3d6ce6f82cfbc0d,595,1,1,-3.032631,2.7792053,1.0625248,-1.1497202,0.21696597
602,train_images/fa9bece586fc.png,1c84ce0052e040a2b25d2aee9df3b89560d2c576a792105a3510994424ffe6eb,602,0,0,1.7097874,-0.028665543,0.16815591,-1.8721747,-0.04781723
609,train_images/7b8c78b41c0d.png,4b033a443c6ae4095bceaf4ed37225d956a63f2e5e321cb7fcb45265de459e57,609,2,2,-1.105753,-0.17793846,1.3900216,-0.7218294,0.5047478
610,train_images/64eb5a79dfdd.png,71d904a41744af519e16cca2ac18f11342b74db854aa4750307adfe4d654eab9,610,1,1,-2.239357,1.5095081,1.0101514,-0.3774824,-0.028065264
616,train_images/e1dc02a3dc2a.png,7aa488151021ceb8940b77903dfd1dd441b27999e08bebfc0808ae3952fe9785,616,0,0,4.621004,1.0471706,-0.8148775,-2.859002,-2.0774794
619,train_images/2c827005b8f8.png,714bbb6f5e4014b251d9ec3a5489064e1822ab35b717a35863bc645fccee96ef,619,0,0,4.166153,0.87351036,-0.6311784,-3.1468112,-1.348515
623,train_images/46923eea9a4e.png,5fc0607e8a2177b14605db192199e764176b0b3ffb8b1d6e61207a0afcc9bbdb,623,2,2,-6.4576263,0.77062225,2.654643,1.73981,1.1225574
624,train_images/aad0c0ee9268.png,67892f888833b8ad425bef3cde2f9d38503ade4a8172e591b26e7a5ebed11672,624,2,0,1.0331211,-0.87120056,0.9205618,-1.8606195,0.66220826
627,train_images/4c6c5a1bf5ab.png,ef1ad2853f317281e7a6c3d760ff5205813249145fbd0a5ab8e81e98df4d08f4,627,0,0,1.5929661,1.1303883,-0.076634884,-1.1987228,-1.5308087
631,train_images/44f7f3ef9d50.png,da436e5e1c86bc7c6f99e3075297f9d9c7731ba20f0dbac30f4e0004398a0dc4,631,0,1,1.88237,2.0316257,-0.17073488,-2.5295525,-1.2814457
638,train_images/af7a36454670.png,1396c3ca0b3c187b76ef2c8f9e59552c2abfb9e859b80f40c2f675c645e03414,638,0,0,3.3574524,0.46832657,-0.112475395,-2.8803182,-0.9252474
643,train_images/bba38f2294a3.png,a9d033bbe12119ff9fb5f568e258fbf71ba806f251df90c5f5f35c1c28240994,643,4,3,-4.416153,-1.1821232,-1.1937504,3.4171839,3.2279274
650,train_images/6b66b0e86f7e.png,a8b93ae26d78baa582a1d37915c18b22f3303ad0b463db652323617e31250cb9,650,0,0,4.1497555,0.73391914,-0.5533037,-3.194826,-1.226145
656,train_images/0c7e82daf5a0.png,fce068e3b2fea80143b55a4f4253b3bb0ee887d1f84ba67ef2abb48420437e99,656,2,2,-2.8970413,0.59072876,1.1334791,0.41925097,0.6188927
663,train_images/92b0d27fc0ec.png,520883df0f5735ebbf1e21b085ecb6dbe4f8b135511616203183416afef4e49e,663,2,2,-2.5123234,0.26971245,1.5730422,0.26569843,0.26772755
669,train_images/99ecdb41d5e7.png,84dd8e723f1c3aae98231ad77b30ac22ffb8773290e8dde730977c825e89dd0d,669,1,1,-0.9929981,1.5172825,1.1904178,-1.8099256,-0.022529185
675,train_images/2dd28ac497d2.png,ed2e559e40075b74cee96624c1a113545df2b5af5b1fc247543300af6b406d95,675,0,0,3.8178463,0.88285255,-0.57762814,-3.155942,-1.0567482
679,train_images/7b87b0015282.png,9c344b76aa0f68ae3934b2da00ea079961c1cccc13b84791b73a96fa274b032f,679,0,0,4.223629,1.175005,-0.19298697,-2.9162085,-2.3756168
687,train_images/f5650eb52640.png,d3e1225f59f0f576351383894196e13f4adcaf10d88282d640f5ff6f42c3f197,687,1,1,-2.9939137,3.5410461,1.6967571,-1.827601,-0.54766685
690,train_images/84b88e8d3bca.png,f237a65aebad1d95dc9f81d77b0c5377268ec539993401d8d149d45b26335798,690,0,0,2.8949509,0.48093414,-0.15929842,-1.9403262,-1.3482211
698,train_images/5c817060c0ed.png,e664c758b109e940eff630bb35ffc2bab55fe5be889bbe90eaf0ab517f2564ce,698,0,0,4.460531,0.4154625,-0.7685256,-2.7568436,-1.4324229
701,train_images/2fdffb6160a6.png,325b395e7540e24f10ae1a0b149e9b8cd8573d51bc34b79b534436d269295243,701,2,1,-3.8430576,2.3557644,1.5820484,-0.39916134,0.15957052
704,train_images/77baa08a1345.png,99bbecc2e026ba99886f58e17d9f32d6e1ee086e48f1a26b69fbde727eab4933,704,2,2,-1.5332375,-0.35713005,2.3256724,-1.126832,0.59614915
711,train_images/0f882877bf13.png,852ed341d5745a84de92f82f9778494b2e2e0a9802cf84efb6b091e78bc74390,711,3,3,-6.0309296,-0.008651733,1.8807979,3.27884,0.7133028
712,train_images/db52626d450c.png,f27f1e1c816284253b012bb8ec1266ffabb3a91bb0888fec38ac854f88ee86d6,712,0,0,3.4023209,0.9987087,-0.21200275,-2.611773,-1.6728134
725,train_images/b77b88926843.png,fb5b1079be0717d50dc2b268bc7bcbb0cb90b1a9c05623eab8b2516724ecd217,725,0,0,4.1431427,0.87592125,-0.65295076,-2.8963556,-1.5530677
731,train_images/059bc89df7f4.png,554fa5d81a16b1ccf8241041c2e271c93ad7cf70a9127e969a36d55ddb85e8f5,731,1,4,-6.8709087,1.4255009,0.6966953,2.0262184,2.538186
734,train_images/2a93334f663a.png,dfa7061afc9c68e6f3844d02f987a6cd9328eeb4d3909de74df177dc1c42225e,734,0,0,3.7800007,0.7750912,-0.33016253,-2.8378735,-1.4749324
737,train_images/e387311a840e.png,fa4b7fcc51fcd44d8b9812fe28436289ad72880a758054f80d1e8c12d8942b8d,737,2,1,-1.4242611,2.8537178,0.19414496,-1.1601515,-0.56849307
742,train_images/eadc57064154.png,f5815e88fae63304be0aff0720784cf8a7858b992e4585292e6c00e1e40da6dc,742,4,4,0.2744255,-1.6586113,-0.8715339,0.0706296,2.057269
750,train_images/e3e490babc0c.png,ce6caeb46908fb9312c9bab2a5b9709389140f765c69125ecad2e796a2eed1fb,750,2,2,-5.867283,0.9879799,2.6544857,1.382699,0.67126924
755,train_images/d035c2bd9104.png,7c93df594d7b2d4e92147df6641f31914938f452300de18a9afea163c6d4c74c,755,3,3,-3.4092808,-2.2101326,1.2115462,2.3897457,1.8444495
757,train_images/24f3e70f0419.png,52931e89b0130296d8c04212c861feaa151d579f6a31d070eb11db74dc3071ec,757,0,0,3.2608433,1.5983887,0.1368208,-2.6037874,-2.4557943
761,train_images/6c3745a222da.png,f5815e88fae63304be0aff0720784cf8a7858b992e4585292e6c00e1e40da6dc,742,4,4,0.2744255,-1.6586113,-0.8715339,0.0706296,2.057269
765,train_images/f6f7dba7104d.png,2eb62fb8ea03f4168a058eb727f83132c718e9e27b7f3d72e9f24995f2569869,765,1,3,-5.7418785,-0.19927788,1.9812126,2.2031584,1.59149
771,train_images/76cb010f7aa0.png,7d8ba38cb06443addf763cfc7932dbf6406c459b252902cc17e8e8e162d25c6f,771,0,0,3.6921463,0.56147385,-0.75846577,-1.4971142,-2.0840452
780,train_images/cbc2e57447c2.png,b1b6646175257813239a48c013065d101562b40cd6ca5d929e8d1116728fbfa3,780,2,2,-4.2316036,0.73031425,2.339386,0.40321112,0.6073916
782,train_images/d994203deb64.png,90d799f53575cb8c72f9eacc3f463fed94e0a1d2b7b687ba8a297324854e6f6c,782,2,2,-4.66547,0.49390984,1.9353762,0.8413148,1.2387774
785,train_images/48c72dec46e5.png,1695b1634f7e3ae4c35625cf2d1ee4ce90ca5b0f649b2dc00cc361b65d836cde,785,2,3,-6.7528095,0.08755493,0.8024528,3.0634012,2.6232884
791,train_images/18d8fdb140b7.png,d29e3267ff01c3a876c0f867a8af4a2a28f691b2a50ff03c4984cfd706fc6457,791,2,2,-6.315092,-0.43356133,2.9545364,1.9424505,1.6744792
792,train_images/f4c7ae514c54.png,6d08500a467f5222f958efc97d4b6a7c3703f5af339d8f4b9daeeab1c07e8adc,792,0,0,4.278679,0.63697815,-1.1486382,-1.6035905,-2.243573
799,train_images/4731e708ede3.png,71c7faf0457f2c896479ba0342603fc2f0372d1deead57c443fe8ec98a45c3a2,799,0,0,3.7740326,0.21839142,-1.2099142,-1.1578012,-1.7060449
803,train_images/bf6cbccacf39.png,5c70671d0691317e1cf5dffbbb1a3bfb820de51c464f211298394f5523704d1e,803,0,0,4.887539,0.12929344,-1.2157416,-1.9050908,-1.9632187
809,train_images/ef476be214d4.png,ff78b7e0dc714cd1ff4c0fed88b1ba97e3b65307f94c3233a38ba798d1d13396,809,0,0,4.7333927,0.40579414,-1.1181064,-1.648684,-2.4531999
814,train_images/fd48cf452e9d.png,b146157bd2ccdcbdb9c425897bdd9e3e207902cb0bf57a0b5be64ae7671705b8,814,2,2,-4.4634686,0.2137413,2.5413394,1.3000984,0.26434153
823,train_images/482088e6be44.png,162f4b803d4e11e69cd83bcf71cd3350b5b29934d264b8dadb3efe77f3927556,823,0,0,4.54002,-0.025993347,-1.2394705,-1.461596,-1.8889427
825,train_images/5ce5eeaf757a.png,3c09d30b1816f8ff210a66ca5e5354897b9d8eed7dd16d92cd52739f3dd7a155,825,0,0,1.6964417,-0.531826,-0.6812568,-0.6807871,0.09503943
829,train_images/f901d460517c.png,45de2fd54fd2af8349e9695fc43c64ba964c7eb1f143dbf1a59c5fa425118aa0,829,3,3,-5.36495,-1.5110683,2.06418,2.670494,1.9627337
833,train_images/7cc4b7aabe04.png,3f9f8906fe3ed473a4d6b55b2e2d44331b3c6895de6ca16283aa22acaef73bd8,833,4,4,-5.631735,0.42563438,0.31640267,2.0351648,2.6975565
835,train_images/1b3647865779.png,8af62eea0b67d6af8e8bd28b910424744e91867f974c5b47ee766cbac7f60b58,835,0,0,4.9401684,0.13198853,-1.3994069,-1.743823,-1.9983814
836,train_images/d2d523e9f669.png,55de5164017259c8eee610a6b41fc19be6944d86f525228fc9fc989f5db3d4a2,836,0,0,3.009241,-0.027597427,-0.19433594,-1.216546,-1.6641023
846,train_images/5d74f98d62be.png,18a2b860eab5f34da880313a8d4fea101e332eba2c1a4bf28468c4ab7555388f,846,4,2,-3.8780785,-0.20927429,2.0043907,0.64160204,1.2835948
855,train_images/14c3b41d289c.png,dc81e803bf51c8587a50a5c679c981a6b26de4389559c00927c8d4b4dbcdde09,855,0,0,1.3237114,1.001564,0.12987304,-1.4792719,-1.0675173
857,train_images/d1f1ea894da1.png,43a73ad7b51fa957f130a3c7dd73e0f98b7f80cd081c2d4b295f8af29b47cc04,857,2,2,-3.5704784,0.7560539,2.1704023,-0.39381027,0.89452076
858,train_images/3402124408ea.png,2fc92c430b176078bd38793142b703fe75cbc881054e4ca798b9b8a886e244f3,858,2,4,-2.9103298,1.097826,0.74718547,-1.0644531,1.9974177
859,train_images/8785b71238d8.png,cdb9288c5d185e7085068fdc0ffa473cfb6a18e395ad1be7d81bd3a53dba09d8,859,4,4,-2.3424644,-0.86421585,-0.18442488,0.5555725,2.7155488
871,train_images/adb56cecafaf.png,64558d2a745c2d8424bd43225e0ea6c6503ca07ad06d2a5e5cf034d5f22ce886,871,3,2,-2.6773949,0.77820396,1.4248791,0.77012014,-0.42833263
877,train_images/8a759f94613a.png,6999ab73db13c01367ae204b0f29c22e17c9e31033408ef149683186e207fec5,877,2,2,-2.2451057,0.022895813,1.3959365,-0.09273243,0.7827026
879,train_images/573ea80a53be.png,9f49e65d76f21c569262c69a2b8b6cbb9f98f3e04cbfa4eefe8b988547406ff3,879,0,0,3.9862251,-0.33259964,-1.079783,-1.3600302,-1.2945046
886,train_images/04d029cfb612.png,00437560ef4961eee408098f184493471f3d94dd3d52d4a8dce4300325091ee8,886,2,1,0.17705154,1.4936485,1.3407307,-2.373324,-0.7414617
896,train_images/237aa50edc34.png,a5b64dc103c92dfcc0a9c55b9982d7210d0482e603582cd86fb89ca90f03ea80,896,0,0,4.676981,1.6067886,-0.81949854,-2.8860679,-2.6247933
902,train_images/74898f372d2b.png,0e3e255bed7f56084e6f968ac052e7c4dade2d5af8a8fc6e4752a4a2389df570,902,0,0,3.7366066,1.6440525,-0.1541605,-2.7151456,-2.5644028
903,train_images/437cbec4a3f8.png,bb78ebf0878129250d32f70d2324c25db0afed21cdc7491f6f1f097880031686,903,2,2,-5.416193,2.1268425,2.8970335,0.13627338,0.096300185
905,train_images/dbfd238b3468.png,bd1e85c20379be05ff58c4bd2010608e175c9ea39c0de85dc7d99bfeb3de4f1f,905,3,3,-5.3770943,-1.1360188,1.7365837,4.0204687,0.59568584
916,train_images/0cecc2864b7f.png,c8d1b2e3a53f8aeef2687055714c2599c0ab5a46507c4218a2bd485e7f239486,916,0,0,1.4823895,0.6794014,0.40904522,-1.4471073,-1.2042971
920,train_images/6bb30ec3231a.png,e4ad7f024804dd7d6eb885dbd5d04d0f1c25c09182c903a3ee24ef988967ac1c,920,0,0,4.103819,1.1554489,-0.29369497,-3.5602746,-1.4900775
921,train_images/79d44db3da2d.png,2f52fa195598cc0dbb125801bac2a47870e5132c248fc19460299d2708a3ffd9,921,4,4,-6.378502,-3.028555,0.90883756,3.2359362,5.0772943
928,train_images/ee74c3b177e0.png,85d6d5ecf4566564bbac89092cd0280a3cd481a6ef32b3237e59c7f44801422a,928,2,3,-5.6454124,-0.036672592,1.1965206,2.5223694,1.8251686
929,train_images/72a867980067.png,35641ad82c7929667e415a42a23588bd1ea3ed8f2ec002ef5f5db6fd14119138,929,0,0,3.9663239,1.3336926,-0.6426425,-3.2308161,-1.4859169
936,train_images/74eee788edee.png,4b607fe21e2b3e0cd2b716f1a83ff8743519d0daa8b2952a6e7d9473223d4411,936,3,2,-4.5989704,0.6340828,1.6838486,1.4668045,0.6636595
941,train_images/0551676cc2aa.png,2093d82b7df10e69cff908bc84c628ddc1c3db1eee889ff57af0eb89b00c9ecf,941,0,0,3.2742062,1.3931084,1.1914997,-3.4085166,-2.4973586
949,train_images/d9d2631f043c.png,d8edaf0eb25f3a1ce50951262fe55f05b87f52cc70ee2031425e66c08d294032,949,0,0,2.790348,1.6780319,-0.3789215,-2.087957,-2.070986
952,train_images/c9c563864ab1.png,0d27bd3036f3228ac8df3d5b89836dc94bbac79e450c2650c15153504b2bf2de,952,0,0,4.950632,-0.03001976,-1.4179969,-2.1304207,-1.4441779
959,train_images/b351ae99413a.png,f9e639997bc2f9a26a963c67bbe0a866591b22a9f83b39012996de1198715313,959,0,0,3.954565,0.72904205,-0.6256728,-2.3249063,-1.8217347
964,train_images/b7e0f95353f2.png,7b5f10c973b381b40da94ed0d6e1ee9f3e7443d88d8030036a14d2a5be3d9176,964,3,3,-8.296564,-2.3119678,3.390428,4.3549423,2.664294
965,train_images/c7e827fc7f41.png,d60668d4eafb51a7274bc1c4436653999bda165aaff0ac7cfc3a2dd6a53343c0,965,2,4,-5.03117,0.39953613,1.2763658,1.0758247,2.131394
972,train_images/64ac539f58cb.png,892364ce0b665b1f4aae4156c37c396021ca1479eb469a6a7ef0ecac0b590f5e,972,0,0,4.4155674,-1.0157642,-0.8116126,-1.7546587,-0.9130215
979,train_images/b6fd109b1bc9.png,3cec8fff99d8f5c0e7124e56dbed6d6eb3f6e1e60d692d1332c823a259f33338,979,0,0,3.1023254,0.7746048,0.4820261,-3.5731833,-0.8193827
984,train_images/0a09aa7356c0.png,0b46b60beded0b299ae951c5db98941b492c10c0e266b12b3a74e289291c82d2,984,2,2,-0.17008018,0.89880943,1.05516,-0.93246555,-0.9441231
989,train_images/61c2fbd16e38.png,923ac00bf0be41fe4d8e7f04bb80f4916c45d1bf6e0f6edf089b321420e00b1a,989,2,2,-2.4049397,-0.21077728,1.6834342,0.17509031,0.6294507
995,train_images/fac399455195.png,dcd9d7df4f8f6e667bf078c7709b458aeaa662f9a199a85cc3708aca067aa64c,995,2,2,-4.1831264,0.2887478,2.8345838,0.48842573,0.41515452
1002,train_images/19113e5f45ec.png,af5743ebd0a40f68404b1044ede5e50a3f8506a5f7e81ef07b8e4c7f07fdc037,1002,2,2,-5.6424446,0.8220062,2.2913203,0.16184807,2.1981995
1003,train_images/f57cf3b6f48e.png,628427c778a2e1d08a84114ec6190b373e4b3c1ee517adc2b16bd99120496e53,1003,0,0,3.1904144,-0.6968422,-0.32903576,-1.3360043,-0.91615266
1008,train_images/cc3d2e961768.png,47f9dc0e2ae6c260ebb4a796acb11d26f152fd8a81a5d313402918ebb60749e5,1008,4,4,-7.032503,-2.831541,0.563993,3.7692509,5.352378
1011,train_images/b7ce561a7328.png,fbe30dc7866816cc627ddf57cd92abaebed33d2c96298ebb54043887343131e2,1011,0,0,4.1431293,0.89785194,-0.59027004,-2.5526304,-1.9860427
1012,train_images/033f2b43de6d.png,8e60cef58b0e2cd08ba2302c380e8d58b2ea20c95b939342446cfd5470af84eb,1012,2,2,-2.1477318,-0.5563278,1.966455,0.033643723,0.6048363
1018,train_images/7a9f45fdf29b.png,c0fc4d655e5b159011cdc36895d7f8c8d5a38f36ed6585e72c5893a46dcfe760,1018,0,0,3.9150715,0.9373703,-0.33369255,-2.8886387,-1.7168698
1024,train_images/7d94a000c2d0.png,87ccf2ddc3e668afa1b5dd3367e418bc86a7993387d98d396c462ca7e8483a6d,1024,0,0,3.9998112,0.98589325,-0.3082075,-3.0002232,-1.7706869
1031,train_images/61d9c88a3a4b.png,6d68bc75e2f4e18917399f5b9b7f0b0bdbe7ed077a0d47db75eadede58060590,1031,0,0,4.248295,0.94242096,-0.8103671,-2.5358477,-1.9241507
1032,train_images/47b756014447.png,9ceb9bf8bcf927ce3a7333806683f7c025db007f23fcd92a810b261679774b19,1032,2,2,-5.419754,1.4883957,2.3818414,1.5198784,-0.1288892
1043,train_images/7435e9a3e36e.png,963fcc3733633b830d761bd45731005369debfb7213a23df2f6d0a60d690dd41,1043,0,0,3.517208,1.203537,-0.5919666,-1.949923,-2.245153
1050,train_images/12025b34deb8.png,3c7c855d7b017ffc348a989009e0cb444e2af0cc7f3a01f2696b39dc6709e8c3,1050,2,4,-4.4224815,-1.0931511,1.7710519,1.2459459,2.360274
1054,train_images/bb5083fae98f.png,63261e7f15632b5f6fb667918c2e1865f1dfb36aa77dc5cdd7d21debd43b64ca,1054,3,4,-3.5351925,-0.27469063,-0.25961113,1.0347223,2.903438
1059,train_images/15b21c80cc31.png,dbd56d035c6b4194a036dee565669b27adfc2682d992a622a366f61998bde2f7,1059,0,0,3.8834534,0.9679451,-0.48918962,-2.813675,-1.6411898
1064,train_images/a88f68b0b114.png,27243104b004af81a507cd155b1e1acccc193fc34ffe8e5a3298a7bc1cd3ae51,1064,2,2,-3.169529,-1.346468,1.974592,0.8807912,1.5035026
1065,train_images/e06d3d4733f0.png,938881610b59920587458d92ca2697fa22ecfa4f440bd900604e3423d59104cd,1065,2,2,-4.1754265,-1.6419601,3.0931792,0.890296,1.6682513
1073,train_images/46d3316c4857.png,99ed329e1d7b4e3a4e554ec5ca138085d2ab9f43076cbc9653a851dd99ef82bf,1073,4,4,-5.764862,-2.5488834,0.10912013,3.518035,4.5200014
1075,train_images/6324d77cf926.png,797735fe5c7eb86be02887d1fef713d69ea55046845075fa9adb10e42953de5d,1075,0,0,4.440914,0.51833725,-0.45960045,-3.0027494,-1.5791748
1084,train_images/26fc2358a38d.png,f0ec5c6e8fd5834799cff311239f54d4c9c53dc460847cf2348fd75763732bbe,1084,0,0,4.5627365,1.318449,-0.72835064,-2.7868147,-2.4467466
1092,train_images/b46b09a45f39.png,6f3ebb6802bda9a6bfb43474d40297552117892e99fe7d6efc5cabb803759009,1092,0,0,2.6517448,0.40869522,0.24088478,-2.5538058,-0.8455644
1094,train_images/252305189b3a.png,04c2d9b6e49414fa3d1ffd1fe9dd6fc91134d4b5c97918baf5bdfc9bfaf76b60,1094,0,0,3.9251423,0.65086937,-0.4198718,-2.7615595,-1.4806154
1096,train_images/f18abfa690ab.png,ce1481cfb40096f964996c7c3f95f90529d1eea0b12ccc9593b6935f678b3da1,1096,2,4,-3.97653,1.1942501,1.2539926,-0.073596,1.4533203
1104,train_images/d9ad2a0ec026.png,4dbb002a6252332bdf4856cbb7bef2ba10344f89a00e29ea73ae59694f522164,1104,0,0,4.108223,0.94003487,-0.430768,-3.1006975,-1.6075735
1112,train_images/e30a890600e1.png,1cef8b154783149300b5f47cbb8b904827cb19f28e85dd5a2b66b461a3eb6397,1112,0,0,2.3724098,1.179142,-0.22222662,-2.368884,-1.0334914
1114,train_images/9e5737f771c3.png,e656821ea25ff6addb3050e1a82044dfbc71e6b228b729c983eb3aa1f37ac090,1114,0,0,3.2767391,-0.26164627,-0.62142944,-1.219348,-1.2614553
1115,train_images/2fde69f20585.png,4c617b0667d1083e09b1e2059d9d9ff651fac14429e05d4d3ad369ea2c685d1a,1115,4,4,-5.3816986,-3.262268,-0.6212678,4.333296,4.758363
1124,train_images/c25e02b39c01.png,8a8e17ddd777459f37c62f201e17385f537287aeb1590ce9c4f24fc346d1bf12,1124,0,0,2.055828,0.7075176,0.31031132,-2.4600697,-0.71888727
1132,train_images/9a7bd084395e.png,4223c1f164475651bfdd059c4deaee768b2a0c7c38b76a8b73e893bdf91b2817,1132,2,3,-4.524,-1.2526112,1.4328668,2.5327196,1.6756895
1139,train_images/8a01daa423f7.png,881c7ce2aa009d1412b81b51d64f543f90f48e6c4fe17271e8b68b55f225127b,1139,1,4,-1.9548397,0.816885,0.40410852,-0.9702525,1.5927715
1140,train_images/b9fe7da14a32.png,9ca4b9486c1144f34e5eaafb3676d9e70795d4835d65e168888b8f6d1d525843,1140,0,0,3.850029,1.1372585,-1.0169697,-2.6378798,-1.3898256
1145,train_images/3c53198519f7.png,176149b4ad4e93374a8c914895a12aec5180b6e0b58328127a8ae92d22047892,1145,2,2,-4.011841,0.8730278,2.2529743,-0.07883024,0.8128935
1152,train_images/f64b6e85f1c9.png,78be606419d7b256743b710b273c3e7d8b39fa1271b7dbed44a44609ea2571dc,1152,0,0,4.8970356,0.5581894,-0.6494732,-3.083888,-1.801285
1157,train_images/44e951e45dca.png,5d848f3c1d7dea0d8de9f25af92a0ad6ac65be0d19e8a590686008f6e6037f13,1157,2,1,-3.4310646,2.4542046,1.3248844,-0.5798888,0.0927937
1161,train_images/8fd7ad26e691.png,d386d6b040f09609640ed91cddab7a784c044e0343256680433d0b9210fddcb8,1161,4,2,-4.2359295,0.7844658,2.3544562,0.42864752,0.5199252
1167,train_images/c3e02d4a1798.png,3c72d01afdff4761ea35c1169a7eedef007a241f5acf8dcf26fd0caa4101b9a7,1167,2,1,-1.5818634,1.4091396,1.2918088,-1.5791721,0.33813345
1168,train_images/5069feccd866.png,9bf42bd16a556775eeaca02212b8f8fb71d127a2f1027c33b202b10a09d6e5a5,1168,0,0,4.9578495,-0.49072838,-1.6667228,-1.4410405,-1.4370873
1173,train_images/17eff993386f.png,7f0a2856014f59784c8cc1c750a894052a57e1605f52bc34a9b4eae87925d0ce,1173,1,1,-1.6115417,1.7996063,-0.03173256,0.048008442,-0.32724977
1181,train_images/13d71389563f.png,9a1ca35289993c7db77f1b71b42a33e20a27852e1bf3d7d599ab80379288d6c7,1181,2,2,-2.4725819,1.3924122,2.0484092,0.031672478,-1.1311679
1190,train_images/48c49f662f7d.png,026b573652957615c6c77503e4029da609bc01519a20a612a26f3d88fce4b484,1190,2,2,-2.950428,0.085941315,1.4460413,0.5623083,0.7116487
1196,train_images/e1b8acb1cea1.png,87399cf826489a02adad2640196600c7eff766ad6ef830df1586fabede2e9157,1196,0,0,1.9868088,0.61603355,-0.5445938,-1.7172985,-0.45006698
1200,train_images/d38cf0f4a9af.png,b66898799fa443fdb53c046a5cd2ade6ca7133c7bf89eaadf125cfbefcdad161,1200,0,0,3.1114445,1.060154,0.12534523,-2.5934238,-1.7978253
1201,train_images/6762b2b48ea5.png,f718263a70a66094b0ed325a8f1b8476b45329ce7526091604733bf3f805bbad,1201,1,1,-1.1776581,2.0235558,-0.0357666,-2.0842419,1.1724035
1211,train_images/4c5ab774a381.png,03e9962039a8d8c9a1ca20f75eea0042adc31ca19c8d47744e5ce39a052af5b5,1211,0,0,4.101015,-0.15364647,-0.971086,-2.1293783,-0.9301105
1215,train_images/f7defe70afc3.png,501a5eccb7ddf1954dc6e94aed7c92249ec1d8e234de74dab165d5fd83abb476,1215,0,0,4.5907574,1.4265251,-0.5318117,-3.4886885,-2.052039
1220,train_images/5723d0ec895e.png,d8d46aa0908ef3d82a5ec34ace06ccbed64ca647e2bcbd330a7905e85cd3ce49,1220,2,4,-0.8918114,0.24085045,0.19749308,0.029126167,0.31150192
1229,train_images/ababe19ed448.png,2bc327e38d950fad243927d304ea62795478d069ead52a11cf5e5c693e42958e,1229,1,1,-2.3099213,2.7252693,0.78369236,-0.8619442,-0.4569897
1231,train_images/1d14dd912671.png,ce5b57bb7c1316065a3aad9d5ae832de2ef2a96bda018e772836485acdbd8d24,1231,2,2,-3.281561,0.22629738,2.1278934,-0.9140196,1.7029095
1232,train_images/352e4a939242.png,e986cf2457956d0fa8fd52a174ccff26717d15330304e3844019ce446fa0cf60,1232,3,4,-6.057129,-3.0255604,2.0920527,3.2584858,3.5509875
1243,train_images/596f4fdb0004.png,7e32af3e573074e1b1f4acef72485662c756f35afb405b1fcfc481721d330c20,1243,0,0,3.26062,1.172966,-0.63050795,-2.4212666,-1.4721406
1249,train_images/999ad827ed35.png,027e63029c36f7684ae2b7126351251a1133310a8595e7bcddc6b138b773697e,1249,0,0,3.515234,0.97864723,-0.09222889,-2.9319518,-1.5588603
1251,train_images/08a3875063c3.png,f9a13a353b6e2794a2bf0a69984fd291a226a8a37cd38045eb725947e5c57498,1251,4,4,-5.60536,-0.8656788,1.8577518,1.0790687,3.3684075
1253,train_images/a93f1ea3ff4a.png,c13e7eb278b3ca91fecdafc1398a792e83df58db7c69966a12193e6930425739,1253,2,2,-2.3061314,0.41131973,1.7893996,-0.667326,0.6337545
1260,train_images/6f0463c1ff18.png,8cc194498af04e7cbdeb636afe03f0b97abe986010164196672e754cd0f4f6b1,1260,2,2,-0.49093628,-0.4497013,1.9148519,-1.2534156,0.16773945
1266,train_images/b6d9974443ce.png,1d8eae919d112b0f0960c77a8648e5c9315ca372c5a5ad401cce20a3a25b20b3,1266,0,0,3.4985123,-0.7254219,-0.8820348,-1.0424032,-0.93627185
1270,train_images/18b06f56ab27.png,bf28abf7cf473dfc26553b379cf1acb02460bd21ab6143fa61a003c173967060,1270,1,2,-1.2147522,1.08675,1.2525017,-1.3788009,0.12820798
1276,train_images/1a369baf9ee6.png,9ef1fb0ccdfe829af8380619d2d1ed5b2e81f5a4be3ba6d837cca52d68f0a579,1276,2,2,-0.795002,-0.15908813,1.272227,-0.35638142,-0.07795638
1283,train_images/099021fac3c9.png,13e80c445cbf374c2c3b53ed5a7c99b0fa1ea43811b1533d84ecd40900632629,1283,0,0,5.0131073,-0.26104736,-1.3232641,-1.9488139,-1.5493748
1286,train_images/582f739b8f62.png,b4f611b3d195c49e35fc2a3fb647a966b9b6fe70cae69f1e2af77a964d3f5e0f,1286,2,4,-4.9682198,1.3708286,1.5985012,0.06086731,1.7909532
1293,train_images/9a3109657ac1.png,db56784b762de05ec1ae3f5fd0f471f1462246050a924a40fe1c179bd4c022c1,1293,1,1,-1.8975143,4.0532017,0.8836982,-1.7592564,-1.396374
1298,train_images/35beb47fe159.png,8335bc95b108bc9281f34302c34b75895dfab1d5e0e8b6ea0fd10677a90516e0,1298,0,0,3.9970627,0.60313797,-0.45584154,-2.777872,-1.4522469
1301,train_images/4a0890b08532.png,a562e39baae39e773ee3efe50fa30e1861161a7bb8d5d8b303ae38c80e33c423,1301,2,2,-7.523802,-1.0248699,3.2854583,3.1237164,1.9397788
1302,train_images/f7e9fa75c7c1.png,66b30159144ca3b3db21c286fddd13abe08d2dae4716469c7977f9bdff200107,1302,0,0,4.0345,1.4770012,-0.46094418,-3.319358,-1.8203611
1307,train_images/0ce062f26edc.png,35b5c66c9071b6e259aafbb73ba0325e5b6bd4e75c746b8e7994e7f92a7becc3,1307,0,0,2.5691833,-0.14318466,-0.7064209,-0.94155073,-0.848684
1311,train_images/7ee6de71c140.png,9ad89af8b5fd14207dbf845f1c7ffbd1547c2ebc9b535ddb66172af67f8a2317,1311,0,0,4.115486,0.67652893,-0.2830863,-3.3810546,-1.2154188
1322,train_images/37c4dfe03aba.png,4b978630567ba0a06edf803ab37a5e0ce1da5f275e5e5aef8f026cc110779cc8,1322,4,3,-5.4985943,-0.9299545,1.1694913,3.8006754,1.2962229
1326,train_images/d16e39b9d6f0.png,1487a147691df11aa38895f6502ccebdd6bead66ae960bc974c4f7157a16d893,1326,0,0,4.402691,-0.016588211,-1.4467592,-1.7886305,-1.2254274
1327,train_images/9a1029536d78.png,9b61929b4aaf07f2eb6273e29a2eaea2b1c4790178ab7dca032ff9a233e3bf25,1327,0,0,4.0767612,0.7818184,-0.80585575,-2.386591,-1.7504926
1331,train_images/12058bbb8299.png,176557cc89459c69f2168dec71da5241afcc57e04afb462be6ff4ca7aac25ab5,1331,0,0,3.979599,0.49479103,-0.41908884,-2.675294,-1.4677601
1335,train_images/02dda30d3acf.png,92fa31748c1b01be89a88d6f005bebc28ff219abeb9ac04ee0eadebd16f42f36,1335,4,4,-1.9087296,-0.6860161,0.19153166,-0.0265069,2.3127587
1340,train_images/01f7bb8be950.png,02fd7bff6b85f8bf7b6904c40c0135391ded73131a4aed060ee55195ca3bbb71,1340,0,0,5.282194,0.6754761,-1.1893501,-3.2967052,-1.5216615
1345,train_images/65f69234c8a7.png,2006c40a8335345e4f7fd2039175ed6c937652a0de7464643a7fd63fdcec2d08,1345,0,0,4.099268,0.92146873,-0.5745745,-2.72163,-1.8111224
1349,train_images/6b91e99c9408.png,d30574bba09ba36ee383af6bc66f433c118b18d38c32c5f101e4e1806e87a53c,1349,0,0,4.8675594,-0.4936924,-1.1426506,-1.8800955,-1.4230607
1350,train_images/c7b622ec8104.png,5c8d9b62c71c43822959e5ac857d1b5aa9e1c4ad503da218fea24cd605859ea4,1350,1,1,-1.4754314,2.9285717,0.41054225,-2.3443956,0.36536533
1352,train_images/3044022c6969.png,c216c357fa59ecd728a5211694af6a5d18f398b4c364a779e3d6ce6f82cfbc0d,595,1,1,-3.032631,2.7792053,1.0625248,-1.1497202,0.21696597
1361,train_images/9a28d4e8aef0.png,6a10f05d2beccc134cd493ded91a12e579a18eab3c1b5385f5524c9ab1846343,1361,2,2,-5.720646,-1.2141132,3.41462,1.1898041,2.1517522
1366,train_images/31452ad8808c.png,ef777924d9fed2f83e71bbdee3889032f1c1d887dc959fc1d041f7ef74157625,1366,2,2,-4.410248,0.5176678,2.7112682,1.0674677,-0.036963463
1375,train_images/1a1b4b2450ca.png,520883df0f5735ebbf1e21b085ecb6dbe4f8b135511616203183416afef4e49e,663,2,2,-2.5123234,0.26971245,1.5730422,0.26569843,0.26772755
1378,train_images/172df1330a60.png,60bfcdb5bdb568c7795e56bbd9ccf9fead27789709b9cdda2c397915e76e8c4a,1378,1,1,-3.5406227,2.4999046,2.1228929,-1.3220434,0.10215455
1381,train_images/fbcbc81cf9be.png,7688ee8632d0526c8f747222f565280a477f01cc5ba499eee3f19877b23540a3,1381,0,0,3.4521484,0.6780796,-0.17352247,-2.944995,-1.1054001
1384,train_images/c947bb6cf9f6.png,20cc6987a96bb11c53ec2599a57d63fcb56ed67856bb5edcbe386f6288322cc0,1384,0,0,4.9827805,0.7565899,-0.8855338,-2.3531141,-2.5733693
1386,train_images/2a3a1ed1c285.png,4b81430cae386db2b934e8fb0a8a138cefbe6b9ab9d28df2af982cece289a385,363,2,2,-2.8411732,-0.050779343,1.4443171,0.5617075,0.7598337
1388,train_images/f252046c0fe6.png,87ab6942de3bbaf42e7e005ead8ccb1e9aac4d19dd37293bb1533ffcd270a1f8,1388,0,0,3.4421806,-0.26037407,0.13757753,-3.235158,-0.17582029
1397,train_images/b2aaa81cc8f0.png,f98ff8a883e051a12ee88761de53266fc3a9f0b5aca1d6fc23a79a371a1e90ee,1397,2,2,-4.24988,0.7960205,2.3981404,0.36032295,0.5396119
1401,train_images/966c07831334.png,3cc12bfc9dd9be56c4291d85be6ff2f690d1a7635bcd59eded966782e980a674,1401,0,0,3.7421932,0.5655422,-0.45147324,-2.4332848,-1.5088029
1406,train_images/ec6659926105.png,4515cb1784ae0e0f677606876337620c88778d9e3ba6e2af05cf60e4627ca812,1406,0,0,3.713768,0.54120255,-0.27434826,-2.7336802,-1.3364844
1413,train_images/21037f5c7790.png,b11dc14e37a6954e65ce480c0ed0c195c86e63a56df703a2bba271cb2c24bb86,1413,0,0,2.7023945,0.5823078,-0.10106897,-2.3282404,-0.96140546
1419,train_images/da0a83f074f3.png,6ef48397572d697ab747dc1eea43ca450ea98f0d3ffb22cb4b1fc4eef2365287,1419,0,0,4.482546,0.24173927,-1.4649792,-1.8086596,-1.5294929
1424,train_images/98f48850ebce.png,bf66aeb5390f53a2c247b6fc9c960a6eb2ccce249149792870473d9c57ca14cb,1424,2,2,-2.748804,-0.052747726,1.568039,1.0735612,0.02503544
1428,train_images/44ecf3f4efa5.png,ec18cac8517844de9149e062cb740dffd22593a5340541c4d2b67a96ae8ef6a8,1428,4,1,-4.0643787,1.6595364,1.368609,0.4221058,0.4745627
1437,train_images/bd500a73beae.png,a787a9ce24376ccdcbdd0bbfc8ab719f284038b2f5ae363b3665393bb0f8aea7,1437,0,0,3.1932259,0.9121704,-0.57168484,-2.9949381,-0.6317187
1438,train_images/91b6ebaa3678.png,e7dc7d1cb41b01fc6784700a42e961176a2ca8b95d6d011ccc85728232ff0678,1438,3,3,-7.693033,-1.9332161,3.039241,4.3581257,2.0320857
1440,train_images/c5e238aa18be.png,8ce31cced70e9a2eee7c9ecd91c09edbb64257d95a14be71854b73ae3687b89d,1440,4,4,-5.575798,0.2092228,1.2782924,1.2907381,2.6344125
1449,train_images/f8372e80f731.png,814e932a010f71171bb08f1d7d54b63e35757d372666ba8ff1333cf474f5ce95,1449,2,4,-3.9187794,-1.0883045,1.6820278,1.1099949,2.0602422
1455,train_images/bb9a3d835a94.png,f1f5b7c4d151b82d90a51343d0cb4173704513f6ab8967c314c0709fa7d4db60,1455,1,1,0.4400425,2.5170422,0.3376758,-2.6191483,-0.7567455
1456,train_images/8b568d47a1fd.png,96afec9ed3f09841f03153dd91efae89b6fbfac52791377796503343c953b17d,1456,0,0,5.1486645,1.408041,-0.91885424,-3.5090976,-2.2057889
1467,train_images/a821b6ecef33.png,234652657b3490b8eeef65a6cb915de3e9399108d5c5e5f34e0cc3a17148702c,1467,0,0,5.1383266,0.27838516,-1.2307267,-1.6156507,-2.6398475
1472,train_images/d6f6bdfd8011.png,73ca7a3eaedeef1b293439b9c1f8f703663ada8ff5247bb813a8d75e4bd4aa33,1472,0,0,4.341381,0.6726742,-0.4399457,-3.2608612,-1.4012444
1476,train_images/080f66eedfb9.png,44427ad4368ebe3735fa6f626d739c5da46c9e15198a436cd74f706d0bbea20e,1476,4,1,-1.829813,2.4254608,-0.08334637,-1.1583633,0.5264094
1479,train_images/1cc58b15f466.png,729780d65c747bb38b41bb839462c2945ef2dcd2c7fd2b32822033147183c298,1479,0,0,3.2589417,0.516222,-0.44559813,-2.2536163,-1.1343012
1486,train_images/d567a1a22d33.png,433e567384d685044f64956cfe6e0764d6f3e10c62e4beaf613da4c61d01ef73,1486,1,1,-2.7104568,3.8873234,1.179059,-1.5830898,-0.89405733
1489,train_images/10eefba568dd.png,9544c1e7dd75d02e8f74963d64844a5397194d250a2d21bb89b7d2f9636fe64c,1489,2,2,-1.6830177,0.9882984,1.2604775,-1.2466645,0.5567948
1492,train_images/eb1ad14dd281.png,a571231d7048b184a560711375e5c2014d032f8258a4b5e84d4dbf61765cea9f,1492,2,2,-3.1979198,0.4254284,1.6837704,0.074718,0.8747324
1498,train_images/e83d315d8f98.png,1b31ef37d22590a6dcb504a4ffbd879423e96a9383f06c8ed07f85da390ad00e,1498,2,3,-6.3963184,-1.2102337,2.8422313,3.2902975,1.3142014
1505,train_images/224bb938e2dd.png,52e182abb40db4059cb220b429180d72c0b779979e6c3325c796eeaabc9bce31,1505,2,2,-4.153532,-0.38876724,2.1020026,0.7485399,1.5287235
1506,train_images/02da652c74b8.png,f4e2f9434edd85b4fac2b03bdffdf22dbb36fbc274b4574d35ca0a9d16903dca,1506,0,0,3.3825493,1.2682972,-0.49380064,-2.858286,-1.3968434
1510,train_images/36041171f441.png,9a93a477d03f9ba6d61c08bb054c8b82ae32e1a223120ec49a73b9faae97f921,217,1,1,-2.6052856,2.3734798,0.9912915,-0.6681576,-0.22730201
1519,train_images/fecf4c5ae84b.png,1bdaaf702098d21ab5c631ca727a3888c33f06b9c5c97c9a7f4b20b9179bf2ea,1519,1,1,-4.3104687,1.9258194,1.3569446,-0.10167217,0.98793024
1520,train_images/12e3f5f2cb17.png,433e567384d685044f64956cfe6e0764d6f3e10c62e4beaf613da4c61d01ef73,1486,1,1,-2.7104568,3.8873234,1.179059,-1.5830898,-0.89405733
1522,train_images/04aef84a2cc1.png,f29b614e934f0e8cb6090f32141b35de374dd12c2dd0e46fde4f272c854ed865,1522,0,0,4.2068806,-0.072610855,-0.9738126,-1.9831982,-1.256151
1528,train_images/1c4f3aa4df06.png,12daaa224668fd8bc004127e86acab8a131705550a148ef963e60d2d9163ad99,1528,4,2,-2.734644,1.2493439,1.4158151,-1.2697558,1.2010198
1536,train_images/bf7221a016b5.png,863730b974cd8f72791b1f5e64386d2435e4b576411997f51691886f290a189a,1536,0,0,3.013815,1.4407349,-0.10634613,-2.7085824,-1.7123675
1539,train_images/65e120143825.png,f12dedcf7782ce81e2185e7a48ba23b2ba8aa83f21dca906961ea204937d88db,1539,4,4,-4.8860703,0.7420292,0.06765747,1.1128592,2.8143933
1543,train_images/24de56d433cd.png,44def2b7fe08527313a0cc98d05ce770cf3ed3a226e5ae8067605979fcb47822,1543,0,0,3.0889988,0.8228016,-0.32633972,-2.5788288,-1.1029263
1550,train_images/00a8624548a9.png,6ddee2bf8f9deaf83d323fd261b04698641c399b25bebc9336a44f24abd61d75,1550,2,2,-3.7825546,1.193882,2.1039991,-0.20810461,0.5413944
1557,train_images/4384fa687afa.png,7f5f7d59ccaad9245bc54b769291b20440d9a2d11a82605484855051169863e7,1557,2,3,-4.184765,0.953949,0.78608847,1.8362904,0.4679476
1559,train_images/a8b637abd96b.png,48a9d85112a68daf53a05641191f84b6dbd8d03b8dd3f09d8c86a2de6ad451e5,194,0,1,0.062242508,3.137413,0.036981106,-2.3680496,-0.9610252
1566,train_images/1faf8664816c.png,8990ce72912acc86a2bef8a22eb1f210040a3e402c1d6ad04423102c717e7793,1566,0,0,3.4128857,0.1803894,-0.23602295,-2.8180952,-0.6408097
1569,train_images/5bf3357a2823.png,d6951b9eea1457757f3fdfd976c91944977fc1bf985a4840f06a60208f5a4503,1569,0,0,4.0616245,0.036611557,-1.1185718,-1.5260978,-1.530421
1572,train_images/83038ca49b6d.png,7c92944228879d7b59531e9ad00a99b21974b984c7c223ed4f7fbd127b813788,1572,0,0,3.8282623,0.42155266,-0.15722942,-2.78234,-1.4000316
1573,train_images/38e0e28d35d3.png,035fc09853678cbd8c32c94a7cd728f45e033e5c7727a826719ec92e8eab4151,1573,1,0,2.1215897,0.8715496,-0.061309338,-2.604423,-0.4337185
1581,train_images/27fca9f12b3c.png,9cff705027877c45e41e78a012c239a0eedc35e15a90127ec2f249fee6b0e833,1581,2,2,-6.0883045,1.0190678,2.3509471,1.2765598,1.2795217
1593,train_images/665ce639a331.png,df55cab58fce1bab36c3eb8bf450dcf625ad74da87d9d2f5787851614c9fdbc0,1593,1,1,-2.8689995,0.9782944,0.8172989,0.56851196,0.38277918
1595,train_images/3a122851e526.png,81ff49d7d8109ffa5351473076b38bd5afd80aa15af2e2ea33428c29ca3af456,1595,2,2,-4.268553,0.008605957,2.1289535,1.5055857,0.47191602
1604,train_images/807135cbc438.png,13aa7553878cfa532df1c8065fd1b7ff5ed5809e9127ffcd1687daa1de81e170,1604,2,2,-2.8564987,-1.0156765,1.8147204,0.87453747,1.0580106
1607,train_images/e42d9a94a66d.png,e5f37761e851627c9aeeef6a37f88f065d996d7a3d0d30466ad3f9694196cfb8,1607,0,0,3.0201435,1.3376312,-0.49571133,-2.4359884,-1.4863029
1611,train_images/a02dfd67a925.png,8af5e78e55307b91f8e688ec6da8d92a5f7d98a22b8023923d4b7ef3b02c01a6,1611,0,0,3.8486748,0.9205551,-1.017344,-2.7185745,-1.090879
1612,train_images/6987804eb464.png,bda9d6de5454c615a56d5d1213ce0464ea2d4d7f64d6827a928c421786101840,1612,2,3,-7.7289295,-2.9520302,3.376597,3.87288,3.2280376
1621,train_images/a015ce4f51ad.png,21552bf40ea1a161fd11f3a5f07d09f09f407ecff7fac2e6195859c7c7d59d25,1621,2,4,-4.6013584,-1.2220268,1.633527,1.7701855,2.261763
1624,train_images/3a643599f852.png,cb95c9e3fecc8dcc48009bce3fd7bbf8a472367b947f52e91122e9d33e5100fb,1624,0,0,4.4658127,0.6304436,-1.2057381,-2.10112,-1.8641636
1627,train_images/1ee355480567.png,b28e299a9b5813f50796b02ed4ea9ae6fa40f803b0856eb0c7ae9e94796e8e8c,1627,0,0,4.049282,0.59638786,-1.5275702,-2.068285,-1.1314204
1633,train_images/780f9daaa24b.png,5666ce883e975d68922cf4b02ea69a8543abfabdb3689e276d04ef0a5a1440f0,1633,0,0,4.361143,0.7509136,-0.27413416,-2.7964182,-2.126706
1641,train_images/a8582e346df0.png,ac3c47f35f5139dc134e1bc994b05a26d60b139420d0f7a8ca83d78f7d648218,1641,1,1,-3.2646465,3.143116,2.0196464,-1.5007677,-0.523439
1645,train_images/c027e5482e8c.png,ac3c47f35f5139dc134e1bc994b05a26d60b139420d0f7a8ca83d78f7d648218,1641,1,1,-3.2646465,3.143116,2.0196464,-1.5007677,-0.523439
1648,train_images/949710bead24.png,fb764902ffd04c80be24a4478cffe22090cb53a75eb392828781e0d916b4890a,1648,0,0,2.5828438,0.20921326,-0.11463213,-1.2897501,-1.4897978
1656,train_images/87b1938994b5.png,09ba82a15f93e191e9338f36fb0ad0fc8b29942420d8b2401f4f5ff77eb2480d,1656,2,2,-4.1526756,-0.58125687,2.3822048,0.75218105,1.4425604
1660,train_images/799cb4c816ae.png,afaa8ddb09e077f229bd788203d4d10a10439961cdb39d1ef86360b1139515fd,1660,2,1,-4.1798725,1.9973354,1.3230774,-0.58756924,1.2993045
1662,train_images/531b39880c32.png,3594b779d79b6a873bcbb458144c8629daa9fa376f8916566e15d9bcc2fc869b,1662,1,1,-2.5277271,2.5902328,1.0720298,-0.9855008,-0.27447486
1666,train_images/76cab26493f1.png,38f1463f384537b957427664bd2362c07e87c4c4440e5d9abe426781889e59e5,1666,0,0,2.5795078,-0.5974083,-0.055484295,-1.9033504,-0.09548062
1673,train_images/ebd96d853918.png,18844e86c52e1df9993743b49fb9e401c9de9f6080fec0ae6f7bea28c7252071,1673,0,0,4.0408516,1.5307484,-0.6768851,-3.296895,-1.6857471
1675,train_images/e229aca862c7.png,b4759238e167eff81a2abb051609f15960af5be7365dd91000660d2b0077f91f,1675,2,2,-4.217125,-0.178936,2.6996198,0.46773052,1.061804
1677,train_images/d9ba044671e1.png,acc3ced85e64ef87ee4a2f66c4326f36913725fc428522ec96d4830443cc7243,1677,4,2,-3.1152058,1.4673958,1.4971132,-0.46518612,0.47652858
1682,train_images/012a242ac6ff.png,8e03a481f0261723971041df11c093cb920f5dbe2b375844ea42dff83d270ab6,1682,2,2,-3.0464077,0.73251724,1.6121833,-0.51992846,1.0861084
1695,train_images/052d9a3fe55a.png,b7640819bda6f6c53a35df2f1b9d2cf00ce229f3305085dbc15e1694009f1a49,1695,2,2,-1.7648125,1.586298,2.0520623,-0.6683707,-1.3123004
1696,train_images/81d79d53ed7b.png,51fd089949a2d5fc6838eeebff313231ba8dccb0e1f0555d76f58aba9fddc3b0,1696,0,0,4.8819294,1.2508602,-0.28458023,-3.7360516,-2.1614194
1701,train_images/e32dc722eca5.png,b426b772cb49868e0be7f5c143e7dd7f726b1fbdc13fbcf9599878e7aeec3a57,1701,4,4,-2.655983,-1.5871258,1.170965,0.7888036,2.1532354
1705,train_images/211518c46162.png,9ce13ebb91b5a1737e9c9a37d21cab8f29eb459a04c85da5f77b097c7b9e57a1,1705,4,4,-5.1905155,-0.7563534,0.9754021,2.3684654,2.4373515
1713,train_images/a4d4b69f7404.png,97d749a686d94320e42ff0979558dfe9f22c9654013125cea02458e725163325,1713,3,3,-2.6536884,0.5657749,0.5695982,0.9196968,0.47502905
1723,train_images/fe0e2dee1834.png,434ecdd9f3c6527a752e8e062602620532d634325f0f85d3261cb4b2a0997a9f,1723,0,0,4.743332,-0.82240677,-1.2193756,-1.7017908,-1.0726018
1727,train_images/4c78d9d18da9.png,40b5dc56a9efb51cfff4bd4c88229e29f4f88e5231263da8449fdbdea57c52fa,1727,2,1,-3.1164322,2.1826591,1.3270507,-0.13557434,-0.3868417
1732,train_images/991a0b7a8c87.png,3baae8f15493fea65d09d5127fc54cc96f29130639a453216fa4c339e9f6e9d7,1732,0,0,5.045471,0.4032364,-1.2290759,-1.8182697,-2.47279
1735,train_images/d1a24527a15d.png,935aaf3323cdbc0d1c7337fe0b6517152729e768670cc4cdd287e1d8a7198ffc,1735,4,1,-0.021312714,2.453205,-0.24156284,-1.6474085,-0.6482516
1741,train_images/d1afdb8cf70d.png,dba3dccc1563a3ecfd7cb4e9a511f8a9f7920b9d8476afe2a10a15de9e4e31f5,1741,0,0,4.0928383,1.5057316,-0.6178317,-2.9491668,-2.1156929
1746,train_images/4d009cebabc9.png,10a2397222e08b4f1dd1c77833394e52300a2e7b904d8b03d7649e68cde50914,1746,2,2,-5.4446564,0.40778542,3.1510937,0.6586027,1.0591056
1753,train_images/675de69373f8.png,de3d194672ecda1136bdf8f7f7cce58abf805cbb3f59908cadc5a0a64522c5f9,1753,0,0,4.5940304,0.2755642,-1.2459779,-1.4277778,-2.2735684
1755,train_images/96b5474ae604.png,31310b51583f0b8866273531e400a1280b70a4c7116832791f41da242d2c89ef,1755,0,0,3.828516,0.40552902,-0.29606485,-2.7525444,-1.2782459
1757,train_images/87295c5fa1cc.png,8da2f351eaa9d57ea94c37c35df2e1bd549659d000a1f9ed1b11299064f89bca,1757,0,0,3.6310425,0.86299133,-0.6937933,-2.4627838,-1.4292023
1763,train_images/0212dd31f623.png,778b89b62aebc3d06ac48595680749c6150a687a90cfd4b8ede51b41b3733784,1763,0,0,4.2041397,1.2448406,-0.47185707,-2.9116135,-2.1492767
1769,train_images/0abf0c485f66.png,eee2fcc8ce8e24c9aa13f5d7d6c2b30b84d00fc97d1c29522cdb3e69fb0bdfaa,1769,0,0,4.614914,0.3220253,-1.3536935,-1.8172183,-1.8412862
1776,train_images/e7b5dd5bab1f.png,edd718dc08532f5a92141647d385b4e3f8a66358c536a42f369e84a1c13d4f25,1776,0,0,5.0620823,0.7816334,-0.98898697,-3.0406387,-1.8915877
1778,train_images/7102f29e052e.png,7df14517be051cec7651b65ad5b9e759a76207cd0f7a5cdf54d3803478983121,1778,2,4,-3.6757698,-0.42505836,1.2614031,1.1500626,1.539937
1785,train_images/4e1e252317b5.png,63352a7042d3c846b16544f01298b91f4d17d9421d495d87cdd7ec4624f53124,1785,0,0,2.5197372,0.33060837,0.21896982,-1.8285666,-1.3425992
1791,train_images/a3d2a0c4cd17.png,ade62578e8474787bffd44e7e5ef4e4685e4018a171df276ec2701cec044c15c,1791,1,2,-6.052704,1.0028229,2.405604,1.7633924,0.7130508
1792,train_images/74211a2b6dcf.png,0d34db0625c3940a13ff02eda65c83e5705d8e6f63f163578c0fc5d5e54832ef,1792,0,0,3.7779064,0.18863487,-1.2263093,-1.6601496,-1.1510007
1799,train_images/cc839823755b.png,9bfcc5854766d92c2f3bf3426604730d6f88431b373c14dfbb34b5b11ca77d08,1799,2,2,-5.051796,0.18819809,2.541835,1.0581951,1.1015463
1802,train_images/15c24478ac72.png,d57f975d94dffec264850d22ce42f65397f0d7dfefc3773be8259a7f1d088392,1802,0,0,2.6423035,0.35687828,-0.10063648,-2.4655094,-0.5353665
1812,train_images/8114d6a160df.png,ff13b297e601f227f0c34e4dc85862ddb56b0771e977f227d6a13404fc9a1946,1812,1,3,-2.5671158,0.61852837,0.78809595,0.8523598,0.16738814
1815,train_images/f3b27ac2d371.png,23c2515dbb3dad274b7975aa51ecea89378a12d78bb23325ed42c7b9e92aeea4,1815,0,0,4.523279,1.072216,-0.727303,-3.0969524,-1.853785
1822,train_images/1cb6961d141c.png,0a282f1841f895ce3ff61514bae869d3d84d3156ffcb10d918e115cc0bdbdbb2,1822,0,0,3.8288803,0.9252739,-0.8654475,-1.8743916,-2.0996435
1824,train_images/ca30a97e9d13.png,fb1c06bde3bf619735af9ac44d9b8beca9681d8f27ad0d6f1575c700fce9817e,1824,1,1,-2.6401806,2.2524433,0.19633579,-0.18967962,0.2655409
1833,train_images/a01024054596.png,18de4ee563e2afcdef73481368e71dddbb0152719edfb26b2c2ef3663941ab54,1833,1,1,1.0085354,1.8906193,-0.59544516,-2.0099816,-0.3655038
1839,train_images/11b220a397b8.png,438c727b03316c1c4ade63115b0a4b1b90497bcd5bdfe84044c1ecc8284cfd08,1839,0,0,3.9575138,-0.20140839,-0.9120383,-1.1981697,-1.7289977
1842,train_images/9be0683649ff.png,f28b57630fe9c29a29ee6daac9f4196543d459005eec62232f69075bff96e64b,1842,0,0,3.6608086,-0.26828575,-1.0712528,-0.91481304,-1.4871755
1847,train_images/772af553b8b7.png,9911bc04a23b72503fbd07439b378996d66845174e6035de61e8a89f268098a2,5,3,3,-4.4095135,-2.9568958,0.10269594,3.8262148,3.2822974
1850,train_images/49c5e7f6b8d2.png,c4c689092c2b105d9d682a8463affad20ca4539120657802de4c6e431be5ebe8,1850,1,1,-2.199068,3.6264038,0.9950602,-1.4599862,-1.0800481
1855,train_images/07122e268a1d.png,f89bca08645bd43831048e7c322c5cd6bb8ba0ada7326c01db6d764ba6692dbb,1855,4,4,-5.582493,-1.2606144,1.3002532,1.5907936,3.7819479
1856,train_images/17d7d6b092f4.png,f41a32c35ccb5257b0d5ee3d5fbe2f4254dcf46cf69afd7d6debd483e58dc3df,1856,0,0,4.396723,-0.416914,-1.1053495,-1.6916351,-1.2565882
1860,train_images/b6304c545f95.png,463490bde6419393c5850567e70871b17bce171d03588511cde83733f7c0336a,1860,2,2,-0.4140644,0.8367462,1.4620273,-1.3369002,-0.6359212
1867,train_images/9904939ab83d.png,e9c54dc9b548bd9eed5cec94cfdc20e4fc774ac44c543389ad823d5c7cc0cef0,1867,2,2,-3.5008202,0.66848946,1.4208212,1.1794634,0.08483672
1869,train_images/f71bea807c96.png,449698475c4b481a5ebb29338e841d283d959ea6f28b3c613bee594cf7914bb7,1869,0,0,4.929224,1.2670994,-0.5714488,-3.4598222,-2.2410533
1880,train_images/35ac70c0d08f.png,0ad21e1aca6697e35e8f51c028d7b4193d0faa02c56224a856680ea3d0e0e214,1880,0,0,4.2308254,0.8561859,-0.69303274,-2.703339,-1.7756462
1884,train_images/8e63fc4ab532.png,9479cf7f20790f64eefa6bf6c5b0d3c137303010d4789dfc382a461c86426020,1884,2,2,-2.3245163,0.6321163,1.4314456,-0.18455887,0.3081985
1890,train_images/135575dc57c9.png,15f09e0ce997d66519f8b453577944e7e657db2f53903d07b3814e9e485cb6a9,1890,2,3,-6.397829,-2.4113464,2.2768333,3.3216057,3.0206044
1893,train_images/a9a28c37c8c4.png,da801506dd021cac4c480f5c62eff1e6a75a211bfa9c9fa38dd3471c198a2a6b,1893,2,2,-1.2210808,0.3048954,1.6131923,-0.6397114,-0.18459249
1899,train_images/c9485c38fdd5.png,8007a8ea036021c27a69160557fa275410169f50be8cf6cb396eeb731fdb667b,1899,1,1,-4.7087154,2.2572708,1.2796187,0.50457525,0.52348065
1905,train_images/891392c9683c.png,cff6c8ca0f6dab45c22e4b73d57381670bec63e48aa75fb6b9fda304f55d3a86,1905,2,2,-3.565155,0.86683464,2.846769,-0.22612953,-0.04866773
1908,train_images/e1ab92228e60.png,ed8fbdd3792ee6cf27989e1901321a2a71c10997b0124a88ef23764a061f2505,1908,0,1,-0.1595459,2.9214115,0.31985092,-2.8619785,-0.3234744
1915,train_images/7e4019ac7f5a.png,be75897eb2dce12ca4ca4a790b5be65a4b821f261dcb6de464ff01f39fb16538,1915,4,2,-5.2179813,-1.4748192,2.8376188,1.1454363,2.5382884
1921,train_images/84e8c62165b5.png,0ebccb28d7e5ce6b99d1c9e3980ae26993c9d2b7de2ad240b93ed3b13b5cfdf6,1921,2,4,-5.9742565,-1.0327358,2.1746447,1.7967882,2.86429
1927,train_images/542964865b1e.png,72e83653f52966cf9e6f0ff223934de19cb422172542597f43ed569ec4bf3149,1927,0,0,3.4432163,1.3456783,-0.024956226,-3.2744117,-1.5820065
1928,train_images/7e160c8b611e.png,e7dc7d1cb41b01fc6784700a42e961176a2ca8b95d6d011ccc85728232ff0678,1438,3,3,-7.693033,-1.9332161,3.039241,4.3581257,2.0320857
1936,train_images/7f6ce40f306b.png,1664dba828f9e28572491df0edd44b6c3a5bebfb44066bfee4afeb45e8fcd5c4,1936,2,2,-3.7371407,-0.2594204,2.1890273,0.66171837,0.9991994
1940,train_images/ad6b07d5c338.png,a7ea9a6c5469edb0341a8b7f19e51608c799edca6777093410f649390b58278f,1940,0,0,3.7226906,-0.5612602,-0.59655523,-1.3067579,-1.3478048
1947,train_images/5293576816aa.png,821ab18fddab2ca0344dfc3b00a91676e73a3d1126c15cb6575a5f98b3a9f9d3,1947,0,0,3.8370419,0.3135643,-0.09126091,-2.4830303,-1.6592712
1951,train_images/6e73acb2cf60.png,fc33c7a1b27b45f0e7a045b3ffbfafdb6dd23700553d55b4a3f57c836af003ce,1951,4,1,-3.5867329,1.8803234,0.87752104,0.43510246,0.2592649
1957,train_images/02358b47ea89.png,987fc6b9d1f930be38f3ac35d9e34b5e7273f22d0a1852e5f0660451965fe3ee,1957,0,0,2.9907627,1.4955616,-0.16916561,-2.1915407,-2.1914198
1960,train_images/6cb98da77e3e.png,026b573652957615c6c77503e4029da609bc01519a20a612a26f3d88fce4b484,1190,2,2,-2.950428,0.085941315,1.4460413,0.5623083,0.7116487
1961,train_images/93a1b984de84.png,fe4c75ebf284a3cbd8ad6c2f6013ae65441464e6d49d8ccbb0334cc019e28e77,1961,0,0,4.151737,1.2584305,-0.38100433,-2.9904504,-2.1218193
1966,train_images/0ad7f631dedb.png,1259bc68e33fe7fcdb2bbc059e9e2cdc213d58ec2e38595e07a6525168346ff2,1966,1,1,-2.6980343,2.8967838,1.019115,-1.0845261,-0.24873298
1971,train_images/9ae54843c69a.png,4973795fd68d0695aa3507eb5d857770ea965d6b99b80b15e972f768b1c39524,1971,0,0,3.7119427,1.4667683,-0.035484314,-2.848155,-2.3368373
1978,train_images/c1819db0aece.png,25b3220e6c6822d97beef3e18d435d0c3c3201a15081303cb030140199a9ee7d,1978,0,0,4.370781,0.38622665,-0.7306719,-2.657538,-1.4535949
1983,train_images/09662e462531.png,7320d51b3058abc6e92bd4a72b8e4695c7f9dd22a840676ffa7aaf393b495738,1983,0,0,4.052788,1.0713539,-0.74066925,-2.8132024,-1.6337945
1987,train_images/f35d80bb1a22.png,ee817cab46238f40859ef64dd9e09870c736381bb3a30a7a44e6d11acfb96306,1987,0,0,3.7574234,0.9692116,-0.49688864,-2.9874105,-1.3350837
1993,train_images/655cafb4c932.png,c7b16c240823c4dfc2d5ad9dbf3ed06aedb3d777628d3dd16d7c4c4759f534eb,1993,1,2,-3.2792778,1.6736946,2.1103904,-0.667778,0.033398926
1999,train_images/269b44e628eb.png,0f2188f23464e0654c72c0769480d5d001218fb4188816d9106aff7a9729e024,1999,3,4,-4.007389,-1.4706688,1.7477508,1.5971355,2.0000024
2003,train_images/98441214557f.png,4822064624b73b48fd0e423aa750a03965337986d0b9d8fe8db4c996aad52942,2003,0,0,3.6543293,1.6871738,-0.5112281,-2.9460335,-1.9709008
2005,train_images/d2c5fb82fe5f.png,44ac0189e306be3720e461f6006d8d8cb4b8e830ee4f9464f56553249d80160b,2005,0,0,4.92568,0.14713097,-1.3103132,-2.0357237,-1.8023317
2007,train_images/a505981d1cab.png,90d799f53575cb8c72f9eacc3f463fed94e0a1d2b7b687ba8a297324854e6f6c,782,2,2,-4.66547,0.49390984,1.9353762,0.8413148,1.2387774
2012,train_images/262ad704319c.png,6b35df7daa6f987fb187453331edbf2885ad5f305c8895ea895ea97fb153443f,2012,4,3,-7.1867924,-1.6532974,2.442728,4.48862,1.7244141
2020,train_images/ff0740cb484a.png,63d7b5c9ac929e83d6ba6814516b856d42371fd4b1acfb667379a4c7f5f0ab87,160,2,2,-5.239437,-0.601532,2.488402,1.9437094,1.2322825
2021,train_images/a28bfb772f50.png,8f564f846df28dd6953dee41084f45382f1e9a2e2f378a74e1dd6a3a960e67b1,2021,1,2,-4.0844,1.4277954,2.1303878,-0.61926794,0.9886678
2023,train_images/0c76fd494af6.png,0b44d5b9abe1dc6eb8d275b9db201453ccedb99f8ff92a835d624d4e475e7cae,2023,2,2,-4.3109074,0.2859993,2.3030472,0.7363539,0.8258285
2025,train_images/fce73678f650.png,afb9e7bd70ae874dc284eaf3a43f03475ebba5aa0d12236a6a304b9fdef398fc,2025,0,0,2.7960186,0.38077736,0.038526535,-2.7684212,-0.54439706
2035,train_images/7350c50667c5.png,a52b25af81a8bca58dc0377289e5dd9c6178ca1c386743174a5ae03c9b20f27d,2035,2,1,-2.906105,2.8795986,1.9463592,-1.1573658,-0.89250165
2038,train_images/2bb063318cf1.png,f75890ccfed2e755d781ada00a11edb74eae08639c1910ec89037920b0fb7b5b,2038,3,1,-1.3963547,0.84319496,0.6588526,-0.298769,0.06453496
2044,train_images/bacfa2b8e706.png,3b56a433622ac8c604512b0b6d9238b4d0a9669b1a25f2caf4b2e916b8a822bf,2044,0,0,3.9103756,1.4237003,-0.66121244,-2.9779744,-1.7819517
2048,train_images/026dcd9af143.png,e79e37bd22b14bf7ad3a8887613754c8c1e094a5e12579d7ab294116ab1bec6c,240,2,2,-4.0265675,0.48288345,1.9500761,0.33987522,1.1078444
2051,train_images/df4aec4a0eaf.png,5ede9972b43b000bdfca21394fe1327efae276c80432d1438eafa7d81f6e2c8f,2051,4,2,-3.089262,-0.4021492,1.6976061,0.1331172,1.5096986
2053,train_images/a0267206d51e.png,bb5da3e6a97822b0e320fefdddfa74e0c03e9847e6ea444637cf8dac73623d37,2053,2,1,-4.3262844,1.7678928,1.5979629,0.5603719,0.2451691
2060,train_images/ee2c2a5f7d0e.png,5a379ff8279af2a2c430db3976a33dca04a9c3e9b763cbb5a1350c43c8657449,2060,2,2,-3.5818424,0.6014347,1.2950127,0.93293285,0.6035436
2065,train_images/66a0bf258013.png,1b239d21e346a3c3320cf43ad32acbaa249a6b0d0dcc44704cd78a611940ad55,2065,4,4,-3.5163116,0.08856964,-0.70036554,-0.17215824,4.1607046
2070,train_images/681c3c115684.png,6ac66f88171bf1838512c0ba7af6ba44f668178db2c78ba7618a9d4715b0cd7e,2070,2,1,-2.22472,1.8852177,1.6104105,-0.58640814,-0.7939846
2075,train_images/354b8911d6ed.png,a9860297702ff909ff7807bc7bbb856b08094d73bbee3e4c8a2960a31eb7f43c,2075,2,2,-3.0678654,0.7926941,2.0526671,-0.5032172,0.58946264
2078,train_images/760b6f4c6d82.png,dc6af0ac93015d9e84d89f7d0ccc4263ebd9566184b377c36007886e32d19c6e,2078,2,4,-7.889715,0.84375,1.6454637,2.5120697,2.7035286
2087,train_images/33e8e26a75d4.png,16a973b706caa1bf06d4637732096024a82b1deb4681cfb541305512b21d874b,2087,2,1,-2.134428,1.9875755,0.7933881,-0.45164442,-0.32244414
2094,train_images/f58d37d48e42.png,16d360a1bb13423327883a971ec868c7b206e7d2c03adab1c7152298c97ca11c,2094,4,4,-3.513216,-1.6565914,0.29126644,1.0839906,3.6496212
2100,train_images/ed2c52c14493.png,71f3ec06eaf074032fbe13acd835a969278355f776c57bda20e07c5214b22641,2100,0,0,3.681034,1.1100311,-0.50202036,-2.3266363,-2.051388
2105,train_images/c1799a6f5c65.png,a52fbf73ca996889462be599625adc4846b317e35d5ba51945f254b06a9c7eda,2105,4,3,-6.142515,0.45538712,1.5170531,2.7869654,1.2123916
2107,train_images/9519a590985d.png,60b208137e97bec7080f99b559f7bffb62501ad7f3a81e5ae44668f73f0b17df,2107,0,0,3.2990055,1.1096687,-0.7287688,-2.6682625,-1.1083248
2111,train_images/57a5e4274275.png,1c946d4a1e1927295c4531839886b26178d64784f03dafa3801e5709df0cc885,2111,0,0,4.396122,0.053655624,-0.6389737,-1.6199441,-2.267572
2117,train_images/89ee1fa16f90.png,f63b3b61464ec303e86f35c82760d920fef1dd2f9fcc18cbccb1d55ceb0dc3d8,2117,2,2,-5.7702045,0.23482704,1.9642458,1.7266026,1.6720982
2119,train_images/d1fb4efb117c.png,d57047b60db617c6e40fe729832f4dc388fceaf9abb2be47754c24bb6f54edac,2119,2,4,-6.6338406,1.2491169,1.2789619,1.354372,2.5779998
2127,train_images/c6229222bf22.png,75df8d0215f2a2c8ab3d5b18ab12f45d413ce6d2dce9f710dd09f165f26c70be,2127,0,0,3.137186,0.5235634,-0.3999548,-2.0542722,-1.3039429
2133,train_images/5a444c32cd9a.png,379b86fd38e54e73edc320058d2de75028656e51aba2a94d120248b7950a17df,2133,0,0,4.372534,1.4106236,-0.59033537,-3.309404,-1.969878
2135,train_images/2a3378bcfbcc.png,a4105fa5521fc23ce58fc3140639299dd5a396e09067b100c431ddf63f210005,2135,2,2,-5.4587555,0.9779835,2.066538,0.83745956,1.4117208
2139,train_images/5b32ece9c627.png,5d8056f056c18dc0c7aaeb73cfa9e0695cf695d093bf74d7d239f0ae26721976,2139,0,0,3.7611847,0.82196426,-0.4433689,-2.5885706,-1.641093
2142,train_images/150f92b45349.png,3e9b7de53b8a27cd46a1ca7e9bb5e28d71e01971073bd44503c910f19a0fc29e,2142,0,0,4.0216618,1.5780544,-0.71589136,-3.3128207,-1.6555173
2150,train_images/af133a85ea0c.png,c606be1c2217e9d8c6f58bf2614b0f9d5418070becbf1d0b425f9ffd4552fc53,2150,1,1,-0.2235241,2.1725807,0.9491291,-1.5894046,-1.4006867
2152,train_images/2f284b6a1940.png,f974c49797a80dbe3b68741fe93f9f18a5d25fc48d985d2aba93dc15a40ffdae,1054,4,4,-3.5569954,-0.25746727,-0.24439096,1.0407753,2.8866985
2158,train_images/b5204c0decc7.png,232cf4295e4e14bb8c205189d5a098ad37f466e888c153917a98209b854b73dc,2158,0,0,4.2693214,0.87872696,-0.6195836,-2.583263,-2.0336053
2164,train_images/cf8f1bc7a215.png,57073fb9165c9de9eaa78153a0d4064a3ec475cb1841f8eb71d66def8cacee45,2164,0,0,3.3162632,-0.5176754,-1.222312,-0.4434967,-1.2265396
2166,train_images/54dc6e8107cd.png,3c12589e093b75b7161ac484792bed814f8df235346785cff48e14278ff38a95,2166,2,2,-5.47608,1.5621719,2.3217142,0.5032964,0.92704105
2172,train_images/261c6bd63bff.png,68864b0ec952d66866240522413ea323eab8c7d0351df250f080b33935daec29,2172,2,2,-1.7188892,0.9972744,2.3450744,-1.020226,-0.73563415
2176,train_images/c12e9ca420a5.png,79bdace916af941eb2767525947113d1127a8531ba5911aee03fcecb6ec86909,2176,0,0,3.71204,-1.2851696,-0.9456248,-0.44096375,-1.1298647
2180,train_images/de38adaae009.png,7672edc2c33a98d2c80c66095db6ed20da4d95b0b8d1edd9d7f7c0166266c09e,2180,0,0,4.7062187,0.55604935,-0.2977481,-3.0423172,-1.9628439
2189,train_images/b532dedd928c.png,ce8f8b5bd64c158b21f94752d9fb3944c54921e44d3c4ddced43f35ff5cbda2a,2189,0,0,4.1008453,-0.28154755,-1.2366719,-1.6072407,-1.0532494
2196,train_images/f9ecf1795804.png,75eae664fb3461018dfeb579b39c4dd86e139982d92a880312a1080c5fd07860,187,2,1,-0.5612507,2.0864735,1.1131637,-2.2525368,-0.4941849
2198,train_images/ceb32a193eff.png,76e29f710b6b9d81d96c81285de1346dd2819515326bf8be40ca6a470fc05b6b,2198,0,0,2.6266003,2.2878208,-0.12720776,-3.5946746,-1.2549489
2203,train_images/992599744a23.png,67a3b218ea00af56693b86ed05fbe9c523dd56122f069886ef780b78d94d3653,2203,0,0,3.7531452,1.3314781,-0.043431282,-2.712833,-2.3877327
2206,train_images/db6207e62c7b.png,35a6a213fc3c994508d480bb8f5591303c43b55a5ec2584f87848269e7af2497,2206,0,0,3.681057,-1.068821,-1.1716704,-0.75113297,-0.77703077
2209,train_images/1c47815f4a6b.png,d8db2360505de5b57882b6fbb6578583a2c69aa629a5cc9c204abbf702a116d8,2209,0,0,2.5785599,1.2763977,-0.17073965,-1.9882112,-1.7615359
2215,train_images/51e656e5a541.png,bbb939afd2567501390c2009dc8e599d5a6210d77d087bf0791eeb0b0f06ab62,2215,0,0,4.914507,0.29630852,-1.197248,-1.9590011,-2.1284387
2222,train_images/e4dcca36ceb4.png,094ce83a38d6a515bdbc4af4ace5d50d933ab7a4233b6db8e694ee81dd7cdcea,2222,0,0,3.4358597,1.1294937,-0.18805265,-2.8232002,-1.6473496
2228,train_images/419406328dcd.png,9cb64de1a55468fb1d374dda28959b9d75dba2c4477e55b80a5d3d69da382ff6,2228,2,2,-4.3747616,0.49115562,1.9470251,0.50101614,1.2836285
2233,train_images/ad944bd56bb6.png,08557957e4ddabc887999c937d323505165312b57ed3988475afc58755200264,2233,0,0,3.0865288,-0.24131775,-0.70739174,-1.1766357,-1.05148
2235,train_images/6733544ae7a6.png,902ead0bd5e2c5caa56efcc562f4d3226d5b740fa89fc1dd475018af7f907d51,2235,2,4,-0.80586433,-0.7848873,0.5360079,0.27459478,0.6620343
2237,train_images/e2ec22b3d07e.png,846bf8db7a3da1bda90bd461f5b20eb5e0b6414a3d1fc8c53281de55c78341c1,2237,0,0,2.7095299,0.36946487,-0.5111089,-1.7570701,-0.8822443
2244,train_images/0851d6a69589.png,b0a04d01c7bab87782ce46424a1e36380d15e722723e5fb23321c928d5ed33e2,2244,0,0,3.3576488,1.2355461,-0.63363886,-2.3736305,-1.6769145
2249,train_images/85fce24084da.png,9503f1a6f7c7a8ee411bea293ad2264a06a34242ad482ad3a5a8b606f9cbfe83,2249,2,2,-5.8869343,-0.4449196,2.4346259,1.6970844,2.0300982
2252,train_images/ba08cee68c71.png,1f66a03304b965d12c3484a2d6c50f548eb501f780cf41951d82a7be42655a71,2252,4,3,-5.8560925,-0.8763161,-0.45993853,3.5158625,3.5109355
2254,train_images/a12ca80bb8c7.png,ad34bfc971f4b40e6071af8b0fce32bccf02eb32f6d8fcb1e850cae10a344291,2254,0,0,4.481119,-0.43634224,-1.199048,-1.3312063,-1.5914519
2263,train_images/64a13949e879.png,f4ea5dbaa167548407086c65282a1a17ecd6d7be86ac05450ba89e190d4c53c8,2263,2,2,-3.8920078,0.45453072,1.6424205,0.90047026,0.7412769
2272,train_images/9232dc06cfdc.png,70dccf0ddd7ccb37b85d64b30b8237a4b136a1e5a4ccb8db50c9b1cd9b509304,2272,0,0,2.6266022,0.15526772,0.016934395,-1.9497862,-0.94779176
2278,train_images/753b14c27c83.png,ad8a66d9a97f149009644393368b69cb9d39fb7a2b835bed09d624e6c6d4ed28,2278,4,1,-1.2133713,1.3299217,0.13642645,-1.0483756,0.6815156
2280,train_images/f9e779a13204.png,dcecef2b81468491c71f977ffacd41998578840219ec2835b14cce294a88bdd9,2280,2,1,-3.8841438,2.1320782,1.2189178,0.40901375,-0.00953418
2289,train_images/c18a006f7f1d.png,95e17036896a1c079ffcd6e3d89f5a4c1a917e708005aac04b34af3a81a74377,2289,0,0,3.895483,0.9176998,0.028244495,-2.94569,-1.9831057
2295,train_images/697538183db5.png,e45240fe68a5931744f94d871401991b4cfe5b4e0f243c24461905c489f86068,2295,3,4,-2.1007004,-1.3083305,0.3049214,1.32232,1.6484921
2300,train_images/bffca6eeb2bf.png,60173215d69734bec8059d293f226d1877083c79717182caf0a3a7a25b8c28a4,2300,0,0,4.370514,1.222641,-1.1897388,-2.4990797,-1.9883549
2302,train_images/874f8c1929f6.png,e0f121f6591183f4c2a2af7cc0bb3eb877936a801e31a580790ddbdf8212c767,2302,0,0,3.3006802,0.20835114,0.29707837,-2.7880964,-1.1109481
2307,train_images/af3b0115aad1.png,81988d96c34e63a9cb1005e968848413b2d30bb69e8cb4184009d0d72c3d9583,2307,3,4,-4.8715096,-0.64725304,-0.25515318,1.530426,4.0903945
2316,train_images/a2ddabee14e9.png,8c51975103ab5b1150e4100bdf96f870d69f66153c30ecb3ff43f11bd4914ef9,2316,4,1,-3.3775368,1.3676243,1.3263721,-0.40691853,0.9555959
2320,train_images/f69400b316a7.png,61f26b3c42de08c2505052673a68d158e83aa13b76af266a8e62187acadc5265,2320,2,2,-5.7592697,2.4185467,2.7542028,0.42481613,0.004166901
2325,train_images/b56340f472d2.png,6a444cd8ecbccc858a69988e6955734d65023d27b0d9a8fcaa2b00384ea84020,2325,1,1,-3.8999996,2.8863907,2.4508188,-1.066184,-0.5140454
2332,train_images/f5e9a307288c.png,538316ecee876fb092da384110ce74a8314970036ae8b7a43734a04398067806,2332,2,1,-2.2276573,1.3840218,1.3826869,-0.9724312,0.30488867
2338,train_images/ed246ae1ed08.png,3ada0af8ea9fe7aba43df53b9656c747e87a4867aa966cc47007b3d11f19c4aa,2338,4,4,-4.6501274,1.1341114,0.59344745,0.54328775,2.233977
2339,train_images/62b826899151.png,543ee349e380b69680a7a2b974c6e34449debf19474b2695e952265f2539e7a5,2339,0,0,3.8101368,0.9172764,-0.3524518,-3.2041311,-1.2646983
2341,train_images/4393c5bc576a.png,710b254e55d4078ed04a240bcf1be963a428adc546c7f60c1d9b6ecc0caa13fa,2341,1,0,0.5889683,0.0069770813,0.31615472,-0.8330145,-0.18445343
2342,train_images/be161517d3ac.png,f17c8f21926442cbf2d1e5ba36b411aa3157dce0f90af3d8d8c5a0238264b06e,52,2,1,-1.9539413,1.2712078,1.183192,-0.64210224,0.013529658
2350,train_images/ad1f7445b1a8.png,fbb0f45012084e9abbaaf2f502a3ee0d84df7f5acd99d87c0505b8eac738cf7e,2350,1,1,-1.6736851,2.629095,0.9895606,-1.2405725,-0.8244292
2352,train_images/a3802934bad7.png,e97cafef35db45cbf8b2c0005b1a1fd3c6d0d664fe423520f580caffc46c3f3a,2352,2,1,-0.61634827,2.3853817,1.0866942,-2.857408,-0.114047945
2360,train_images/207dd0487264.png,6cf9093708b2e1c345c71c9016487729012a2b6b311e74e604a14c4fa7268fad,2360,0,0,4.744772,1.0887756,-0.8159356,-3.0810013,-2.0159395
2369,train_images/81704925f759.png,63d9cc26aafd41b32729e0a3f89e0fa787aa3c828d0cdfe87572e0f45bb68cec,2369,0,0,4.4726505,0.21003914,-1.3984799,-1.6615939,-1.6996298
2374,train_images/4205e9deb058.png,7df35ecff11444b12a16ea69f917b69b0947cf51ad13036845161dabcfc84c4c,2374,0,0,3.6431522,-0.1883812,-0.13113976,-2.7203865,-0.7028473
2380,train_images/810d3779abd9.png,b51b864392490ccb3a788b092544959cdee0c8b715da22719c4086b91df44a92,2380,3,3,-7.6153755,-2.768137,1.6051106,5.4386177,3.1489859
2381,train_images/ae8472f8d310.png,69d301d97ff58ff8ae4a389133bfefa0b8d960d3bbae2e8ab5c51dfda911a14e,2381,1,1,-1.5566425,1.493988,1.1807699,-1.0724502,-0.1620245
2387,train_images/2cceb07ff706.png,6999ab73db13c01367ae204b0f29c22e17c9e31033408ef149683186e207fec5,877,2,2,-2.2451057,0.022895813,1.3959365,-0.09273243,0.7827026
2394,train_images/e6a6acf7fca1.png,15333cc512e4e1c699a7db82fb7cd9eab334b31272a66598a542af3c9e09b82b,2394,2,2,-1.812542,1.5452957,1.7272823,-2.0884008,0.50250936
2401,train_images/e66855a5c583.png,ed187ec7fed91df23a1d1c802511b26f59e41b56667c3a06bb0b7861bf472d99,2401,0,0,4.0613995,0.87828827,-0.87669563,-2.6337419,-1.5158005
2403,train_images/239f2c348ea4.png,6d0b2dec3318f8aaaf26b229f197aefa1a58a510f3dc7fb08d11ddd7a134bf7e,2403,2,2,-3.2465496,-0.4119072,3.6819785,-0.85978174,0.7232302
2404,train_images/aa9b8f05f4bf.png,3d89109eb8e309696912d7b104cba35af14f1a0a6867ef375841f9cfe9c07365,2404,2,1,-3.2438717,2.2562428,1.3081183,-0.28387642,-0.16139233
2414,train_images/51d574513bcb.png,3d7c2f21eff20cfb1e953f3f2a0961c16ee9fb48b462fa935fd9d5e958bff44a,2414,2,2,-3.2184105,0.034828186,1.7019825,0.31412792,1.027676
2418,train_images/8c2f0f04e1ed.png,ccefde9364222214289a2640b4ea9e2d236d7e2db64151ab2cccdabd0c930700,2418,1,1,-1.3617096,2.1511688,0.47053576,-1.121871,-0.2456646
2425,train_images/b1b3e7d0a5f3.png,4ccc63ef5e14ac2765e1b2c7ac0aad13dc6a2a4d8a69b3e3d707a9233c383da5,2425,4,4,-4.55418,0.62148476,0.802269,0.39290047,2.5882957
2428,train_images/d6f36ec5564a.png,1b35acc047ad7ee3123cc57538b7ee8a2db6f322e5c92ef7827f229e240b0568,2428,0,0,3.8764973,-0.4147644,-0.9267869,-1.5399804,-1.0780423
2436,train_images/3428230bf1bd.png,57806a61b48897c1f48d9dc2615c910eb065763058b614c93ad4709175495e93,2436,2,3,-7.022402,0.3606949,1.5203536,2.7302055,2.2382915
2442,train_images/789c60cba801.png,8f84819a1521a6264da2cddb81bc2c164547dbe84f4fafdced52c68781e6a133,2442,0,0,4.269449,0.96526337,-0.9223976,-2.360921,-2.0314264
2448,train_images/571bbdbf585e.png,f227afb6eb10659ec0381aeaf399ea30dced10cb238d4788eae30e741ef4ef83,2448,0,0,4.244442,0.7460098,-0.38963556,-3.1591897,-1.5295255
2449,train_images/afc345cc9145.png,84713202bb0dcec5273834672e9697415f95065791cf41f9d4859519487ed1da,2449,0,0,2.696144,1.0750637,-0.044542313,-2.274568,-1.5157752
2459,train_images/4b422b48d0d4.png,63c47588cf8ab9732aa3265334cbd6da4156b706a447556c887d218887560879,2459,2,2,-4.3352833,-1.2868481,2.2601159,1.5053062,1.7235413
2464,train_images/2da82d14e1b7.png,e6aed037a8093c646b0db91fc91b9dcfc5e60a0cdd6df73c078e3e82bf709ebf,2464,0,0,4.09091,1.3132877,-0.22896862,-3.3075204,-1.954819
2465,train_images/ee6e39319b39.png,07e97b12bd2444147f886c7c1d22b761c8003d1e95ee5cdb33224dba9aaee5d5,2465,2,3,-2.9243603,-0.58252525,1.4578245,1.4931688,0.40842414
2467,train_images/6b128e648646.png,90d341b368e4c8fb0246d46b65cd5dc3de16638c033a9e5ab75e2bfa0ec8f501,2467,3,2,-5.9399548,-1.18256,2.662763,2.6148577,1.6674688
2477,train_images/b60dbf9f0744.png,bb77791449ecbc32e85d19d1844e07baa11bcbf931cb755d75e958230f0e147b,2477,2,3,-3.9969406,1.478981,0.5410092,1.7093916,0.12460315
2478,train_images/ea4ce9516144.png,6348228fe8bc9f59eb44e893e9c15ce80412670ef396e551ab3bc8e0055ab3c4,2478,0,0,3.830103,-0.02857399,-0.71969175,-1.3957853,-1.7672215
2486,train_images/9ce46d400cd6.png,be953c25e11d4b0c0dcc50cbdbfba1093a67ee74a3e2c22b9f61ec4922500b5a,2486,0,0,2.7663422,0.84812737,0.17477775,-2.492814,-1.3978994
2491,train_images/4c53cc97ea13.png,de39dd2fbaa30efe214383eeec5eca24e86653ad302906de083a995a46e90319,2491,0,0,3.8175583,-0.7449341,-1.2168279,-1.1957641,-0.7424943
2498,train_images/cb0cc98d7e35.png,9e95768d42b3d79a0d6a26fbe00d0835a8d3c568a95d652db9f27d95877e9b6b,2498,0,1,-0.08044624,2.0555534,0.32954073,-2.3512373,-0.05461949
2502,train_images/144b01e7b993.png,d9693f423433ba9af946e90eb9c4ef4ca1437c9be236e3087d8decee8a86835f,356,2,3,-6.382534,-1.5885391,2.6103325,3.1150646,2.060203
2504,train_images/92fcf50b3562.png,d17906e8a561ea9ddc8d5622f8544307e2ba003a20b0e4341a5f35e5b4f2a14b,2504,0,0,5.035166,-0.30728722,-1.5314631,-1.8653808,-1.4064214
2509,train_images/9dab2e6ba44b.png,029e6c9bc4d0a1ce1651b567eb79fc5249a7e10198f0c8f512390cb86e3b7298,2509,2,2,-1.8201885,1.109314,1.5004091,-0.22168922,-0.6836471
2517,train_images/b9b6ee2b9453.png,a415f02b4adb31bf9bb285863c379995bd90b590381acb68cbe500af6b83efda,2517,2,3,-5.2726707,0.17103767,1.7984664,2.0436878,1.1019907
2521,train_images/7f43becd3e83.png,5e87511c814854bf551cbef4717806d198e53dd3007c0fd762b367774fa60812,2521,0,0,3.7709198,1.616169,-0.46535397,-2.9681306,-2.016597
2522,train_images/60f15dd68d30.png,b69cbec9f6650dbedd3a7b25d5ad967edfcdf9703339386b961add102c45fd45,5,4,3,-4.396967,-2.9615784,0.090810776,3.8319225,3.2806504
2529,train_images/8860c7b11530.png,1a456d67e740a237922b033fbc7c65a69fee983f34be3312ac1809a2eef55a8b,2529,2,1,-3.009779,2.620449,2.4733353,-1.3645263,-0.8501815
2534,train_images/bda8c973b09d.png,7499374f23bd653fa14251a85dc97d3760746a48992a09ffa9d1560e2ecd5ec0,2534,2,2,-3.2834644,1.258461,2.5095046,-1.4059892,0.787212
2538,train_images/8c0d05233238.png,a582a8c375bbde60029bee0ae6b0511add03997aff334744296bd03d09f554f4,2538,3,4,-3.6403313,-2.1855545,2.1292973,1.2563391,2.2974894
2542,train_images/bec0acd539b2.png,7dafdc1b7589c1886fbc15829fe1283d8c8e47be9a8436dfccafe51ae42e603a,2542,3,3,-4.7870674,-2.0265274,1.723057,3.2038403,1.7231402
2544,train_images/f4de9620e3f2.png,374d36e9a14966fe6e1dbc79946bfb0f11cde11ad6ab86373b943c2bab0fb905,2544,0,0,2.6466312,1.3819733,0.9289148,-3.3841517,-1.6425493
2547,train_images/26463a5fb949.png,f90b8c02ec6eeca37a4808671393604b9feba0c325e763c36d36a04b5377bdd2,2547,4,4,-3.0177383,-2.8599052,-0.6487236,1.8893366,4.496127
2553,train_images/4a96c28f3f07.png,7d8c53468983286f39cbd24b2d9e094ef4e0ffb14b48b61acc30a5ded6828e59,2553,0,0,4.3290653,0.14868736,-0.86208534,-1.9889555,-1.7027295
2559,train_images/e59c5f345bb0.png,bee07f0075bcae99f3a3915bdc6d12097c756bc0dbac9ec2dbdbc03e5958d16c,2559,0,0,3.9984741,0.16305923,-0.6520667,-2.3282304,-1.2692323
2561,train_images/ae61e19fb766.png,a82e342cd2245eb229a0cf2bc7a8aaa0c4ef7f368b78774696e26dfb0fc4fbbc,2561,0,0,5.175928,0.22926903,-1.0189152,-2.6426659,-1.8138521
2569,train_images/096436d68d06.png,d32fe9f287dbcbc4ffb6ecf4ff6d92fdde7754a90361dd2c92d6fc98103e378d,2569,0,0,4.6165333,1.3071518,-1.0005288,-2.9964006,-1.9720721
2574,train_images/0cd31078cd08.png,9095d635aff267185ade77eeb9599cf68736c71f3291ef2cad907d870ac7526d,2574,0,0,4.4544086,-0.07121658,-1.252018,-1.5247707,-1.6803648
2578,train_images/0fe31196e0e8.png,a2c41f7855c0bd191421ca936e6f371a71522c4b3790bfba160d80a83e8866ea,2578,0,0,4.2877884,0.18022156,-0.3507228,-2.8524036,-1.3523455
2586,train_images/1608c82a263f.png,f09fd3054fbd413d7b2a94eebf5cfd4c0499c648e577e42410e76f16143be454,2586,0,0,2.4146862,0.9394512,0.4579506,-2.1880608,-1.6956618
2587,train_images/1633f8291a80.png,5a8c7d296f976e9f53bb045bcd06dd2dbabc22a89597771f8730e119f38fcd0f,2587,0,0,3.4034672,0.64549065,-0.6830249,-1.5816641,-1.8705318
2594,train_images/1e036f2e7095.png,9a2ff11b2e3236856e387348ab688ca575923f3079a8c6f725d7984c5d554658,2594,0,0,4.4419746,1.2484188,-0.97293234,-3.605637,-1.1620634
2602,train_images/218c822a3dd9.png,df2a799654accd65983a0f6f1dc67a6085aa4a0cedc4b90a0087ac8be3f6ad66,2602,0,0,1.2515392,1.2169838,0.23071122,-1.4017029,-1.3844879
2603,train_images/248dec89b3a2.png,10900754ff5bbe45cf887f41f477de83aec2dacb45a2ab0e69b4252fad94cd7a,2603,0,0,4.596821,-0.05025673,-1.4182172,-1.1454496,-2.0614038
2610,train_images/2a4520f1f9a3.png,7abd11aa3292e93b884a63d89a216148e5b2a545c2a648efbb0e940b1c93df98,2610,0,0,4.659086,1.0278625,-0.5638013,-3.3080068,-1.8998172
2612,train_images/2ef955d6d9ff.png,2da859b172a02d16d3370246ef782edd7ffab34e62ac60c7e184862218c88d11,2612,0,0,4.33708,0.4032879,-1.2173696,-2.281087,-1.3216305
2613,train_images/2f7fbdcc9a4b.png,ce465ad827fd94f1df071ae4609385d3307df501e4bd807118381a734a400323,2613,0,0,3.435709,-0.62323,-0.90132666,-0.53531885,-1.4640329
2618,train_images/3486f7096276.png,8692fc57a0dd189fd1e203c584be7c22fe8b20b10187550d90a39919bb9b8ea0,2618,0,0,3.5738888,1.3220291,0.07312536,-2.9780068,-2.0580747
2628,train_images/401fdfd0db07.png,d9284b57929e9b2bad38a3d6b995e04fb6158c008b9b591a1f4fce8090770f84,2628,0,0,2.9434452,-0.20391846,-0.54053354,-1.7576032,-0.53958756
2636,train_images/44976c3b11a6.png,b36397166d3c79fdede42cd4230f5721e8f22ca7463d4650018c845dc06d88d4,2636,0,0,2.5233746,2.097065,-0.16348934,-2.4619942,-2.0729206
2642,train_images/4b237b958555.png,a72456e3a6aefe2310e9ca65f7f341b86ea2469194f18d31f466e3079014d742,2642,0,0,2.7044811,0.7444248,-0.09573746,-2.0868492,-1.3669
2646,train_images/4cfd22ae43d4.png,3b2e0a14932bd0a9b987d850450e4017dd0c959d1ca6291e0a621866e9f6718f,2646,0,0,3.7564564,0.5850754,-0.28666162,-2.786717,-1.3648429
2649,train_images/4dd7b322f342.png,1cf62edd6f2339556da3f0267399a73de367483bf53b18ee3d83ac6df3392612,2649,0,0,1.4383335,-0.28274345,-0.06818533,-1.2056613,0.029439032
2655,train_images/54334705a34d.png,6d1d00d45b87310eb6210d2b16a00299de9fece4034d6caf5aa0a0fc65eeb881,2655,0,0,4.734886,-0.773077,-1.3835669,-1.2074871,-1.4479237
2660,train_images/57f5ad4b5b29.png,669c4127aecc9971e7a3cb805221cb458f9aab2605118c4430a5bd253bb633e0,2660,0,0,2.083313,0.7602577,-0.44829416,-1.5453672,-0.9202278
2661,train_images/5b1c4cefeb24.png,c6846ffdc5a9b2fb773744e6e8edc815be0031d946f59ebfa3989ee0ff792afd,2661,0,0,3.4992008,0.09057045,-0.4387622,-1.9597983,-1.2777638
2666,train_images/5de4615a5161.png,50b257593ce23b39d1cc3df0cea5d46856838c471c5ab44bdbaab6836c3b7db4,2666,0,0,3.6078835,0.96168137,-0.59782267,-3.0345397,-1.0309236
2667,train_images/606daaf0bfc7.png,b1f7d45fc8fb9beecb1c630369629b7baed9a20c7043f386fc8a2f96c0feb762,2667,0,0,1.771513,-0.3285141,-0.92457485,-0.5980153,0.0010020137
2676,train_images/6a57a3db3eff.png,638fa908e4ba282ccfaca9634ae08aa03978c1f8490a2fa889f037d005b39826,2676,0,0,3.8933792,0.7084465,-0.4813199,-2.6592817,-1.5458381
2678,train_images/6c00dd8bf708.png,a2c19e9093b95c5df9b050b02faab4772b20523cf0a8bba93ee8ab66b87c44a1,2678,0,0,3.536213,0.90265846,-0.17701244,-3.0136027,-1.3361943
2686,train_images/75369248dba0.png,f99412487cab5f0eb56814937f8fc99f171409815fd575965b54c821133b9d3c,2686,0,0,3.3191242,1.0196323,-0.14262962,-2.7339582,-1.5574689
2692,train_images/7b9d519cbd66.png,66c321c10811c6b53c3be35f7a0db533c9bc6790bf965110ca339623a0dea47d,2692,0,0,4.2281113,1.2513962,0.21278,-3.6709101,-2.0719702
2700,train_images/82088c6734e6.png,ab407cad7f1634c3ae12560eb7a1bd97bddc4e5112e9b2cad908bcc497772eb7,2700,0,0,3.9003925,0.4823761,-0.37508202,-2.7008424,-1.3988414
2701,train_images/830e297965a1.png,743aafbbca1d21e6118721d16993a7ddb1bed025d6fc9764c8dcecb3eb435813,2701,0,0,4.5012646,-0.22084045,-1.0739098,-1.6500559,-1.634901
2709,train_images/8a87dd2a784e.png,89975cfa2788d5eab78bac089ab3922ef484b9487fdb8f1f17f1aa455e0d6dc5,2709,0,0,5.0563354,0.54424286,-1.1955886,-2.2868752,-2.1908123
2713,train_images/8d9516ea3587.png,4d524cf92ee0a0745c91a8068d0047a9f440738b0455e46510b79ca4e1754e35,2713,0,0,4.199173,1.3915958,-0.36143494,-3.1268787,-2.188302
2719,train_images/92e3d608fd3c.png,3a6382e1d4af6b16519858223d01add6a9659dd14f357236c9fb8b9346094e5f,2719,0,0,4.1683655,1.0218563,-0.34540224,-2.7768312,-2.1510565
2721,train_images/97fdee242fea.png,3f5f7d56cf27f15f8862f0529575a5a3a183acf64c37fc32c854c2ae730bcdaa,2721,0,0,1.0437489,-0.042024612,0.11498499,-0.9479399,-0.2582054
2728,train_images/a0b7ad98df57.png,e934b49c17c7e82308e5bb66ca9624f30415a9e4594a8ba73e4e8819b7118bf6,2728,0,0,3.8900337,1.21101,-0.36906767,-3.271933,-1.5474308
2729,train_images/a1872f9c0cba.png,2d322858c7a81d81d45d5df8cd04b79cf2bb7cbe054927cc590ce2787eb78164,2729,0,0,4.30949,-0.05060768,-1.4070592,-1.311348,-1.6215227
2734,train_images/a45c30da0c72.png,5b5c046fce9f7c267b47a87c068f167865155d2fb597fc6f2387b81315fb9dfd,2734,0,0,3.4530582,1.2511024,-0.9802861,-2.173336,-1.6099222
2738,train_images/a73d012c4c38.png,5b1d6b3ad48761f4ecae6511c0946f87eeea48609d727f285251b17894eb9ea2,2738,0,0,3.3130245,-0.22922325,0.24022269,-3.006738,-0.411588
2746,train_images/ab32db41c409.png,ec3a44db00b5e457579ab77d6567575a1fb191e895e31ad99e1d670f3ec1ff7b,2746,0,0,4.060688,1.1857948,-1.0010886,-2.9424381,-1.3684738
2749,train_images/ac0a48ccbf70.png,a830adf17d01f3990fcec74e0efae2393b2e2209f0bf803a6ac694f00aa4db77,2749,0,0,3.3239574,1.5952835,-0.877141,-2.3975801,-1.7102892
2755,train_images/b598bc9753c2.png,3a5b90391a0691e670983bfae3694edf82150762152f5a399bdc79548799be25,2755,0,0,3.6082573,1.1043091,-0.36561394,-3.3349738,-1.1011567
2763,train_images/be521870a0ea.png,f48ed62aa8c0823844139fc769464e9f3f96cb26795d54ef13661e9fa36390fe,2763,0,0,2.8560352,0.834589,-1.0001335,-1.8448734,-0.91421336
2766,train_images/bf7b4eae7ad0.png,8581d9c8f275c67037ab0f3b537eb01a6385c9bba7da1e7bf46950ef5c3a3346,2766,0,0,4.2573986,0.8121815,-0.56721354,-2.7090483,-1.8815906
2767,train_images/bfa30ebf63a8.png,61929d5c5ade358f6022e0f5f6423e1e40f9c35e3f56e218f9c6e3bbd950cff1,2767,0,0,2.6296005,1.2470131,-0.033258915,-2.7588744,-1.1848352
2772,train_images/c3789c1dab96.png,f705fc3f207e7d35e4ac879e91ebf287e49a04c6e4fd99efba6665849c81ed5d,2772,0,0,3.7430859,-0.31385422,-0.9075904,-1.4037805,-1.2011931
2776,train_images/c5a0e84e955d.png,a113ae233dbc4cf6ee302e00d99e274a1348bed0056cd97e9c3a9678fd48cc5e,2776,0,0,4.135746,-0.58548164,-1.2173944,-1.3707666,-1.043936
2780,train_images/cadde4030858.png,637a3c5b6b8f52de01f94736bf3b5eef8bb52437d5492a32b6a7bea91fe65764,2780,0,0,4.6555653,1.1058712,-0.57411337,-3.3729885,-1.8957326
2791,train_images/d7078e8b0349.png,d4fd3ba3d4cfe7949a5e40409ee7a9e2af7bc51c2b70a8db03dbf3c8149ff000,2791,0,0,3.310831,-0.48649406,-0.8460927,-0.84084415,-1.2303433
2792,train_images/d7e5fe5245e0.png,31b08868955755cbae36dc6bc550617e272cbabc444f1fd092799ca3fc3111e3,2792,0,1,-1.2536488,3.5104504,0.52734566,-2.207244,-0.6879882
2800,train_images/dee31065f8fe.png,ebc10e0d86549654d8d6453fbcfe520003a028706ad52089f94f3dc7a25e7312,2800,0,0,4.3593216,0.5605736,-0.599257,-2.9503422,-1.4518933
2807,train_images/e632e38fd2d4.png,e110bf9bae7f26d1c99d9827b7bf2e61350b0d3e43c5b7eda08e235e285427f0,2807,0,0,3.938364,-0.014673233,-0.78803873,-1.921339,-1.2835479
2810,train_images/e8ddfc9709ce.png,78f2344cc5530d6c27d48ad35c9acdcb9fdb3cca74c8ae64cd595f11775213ef,2810,0,0,4.3260193,1.1804829,-0.3950138,-3.4552395,-1.7350938
2812,train_images/e9ce5bf645ab.png,b9f58cf30af1a8a8c17d0eeb696ea429c7464cb52ca2eccbe78d6bf8b5b18750,2812,0,0,3.3493881,0.85946655,-0.1894598,-2.9112058,-1.200031
2823,train_images/f7735b6d47f7.png,3293a05d61e23422af7f435b219fa213be61a57f358ca8817e4fa492dac9025b,2823,0,0,4.139496,0.7390995,-0.35424042,-3.0049157,-1.6063437
2828,train_images/fa7fa797c650.png,3b4c1ac29cf9576502f1fa091a7b60c00e1370038e9772247313dba1ad5c72e7,2828,0,0,3.9291973,0.26551247,0.057180405,-3.2177331,-1.1233139
2829,train_images/fa9f1bc03f21.png,6173f14fcf7fcba8528ca7875606426f476f80a638e8eb4e69e5a467a140cbf2,2829,0,0,4.4388313,1.0102291,-0.94649076,-2.9345498,-1.6521671
2833,train_images/0684311afdfc.png,1c74698269d5d284e2cfc923f4442da8e63ff7857aea58ca3453cc1ed7bdacf6,2833,1,1,-1.5900536,2.2562656,0.46680188,-1.1163554,-0.13381714
2836,train_images/101b9ebfc720.png,9b329ff048205ab48bf0b1c21ab9cd4e245ec75aa33066c8205dece0b2dcccc6,2836,1,1,-0.8518276,3.0790977,0.7492733,-2.3453088,-0.7339155
2844,train_images/274f5029189b.png,ec3308cee508323eb2fc2a7197f724baddf767d1f0f43284aaacfcfb9bb44eed,2844,1,1,-1.0222931,2.0475636,0.7499981,-1.1608486,-0.7220563
2849,train_images/33ffddea8c6e.png,7c7faed46d15f53afdd6e00e5832fbb0282d940d98d48298b4999332a887afb7,2849,1,0,2.179844,0.39604187,0.86516476,-2.0259447,-1.5213056
2858,train_images/5b0e53f53ef3.png,40300032ee7ffc37b079befdd191dcc6d796c8f4c5544845b7c700402edbfa9f,2858,1,1,1.2559166,2.0469666,-0.36111975,-1.8246765,-1.2108364
2863,train_images/7a3ea1779b13.png,ac3c47f35f5139dc134e1bc994b05a26d60b139420d0f7a8ca83d78f7d648218,1641,1,1,-3.2646465,3.143116,2.0196464,-1.5007677,-0.523439
2867,train_images/8a25a080f28f.png,814cd160ad8823ee1a18aeb1357db840786f8c310b7f684a695cbeab61c6aa43,2867,1,2,-3.6014633,-0.0824852,1.5439734,0.52351475,1.4652689
2874,train_images/bd269a1f0e4d.png,cb6dc8da2ad50e10ffe27de0e17a1dace50b79693b2b3740cb88f390d757dbf0,2874,1,1,-2.7033901,1.8025169,0.62490964,-0.24406528,0.39734584
2875,train_images/c1e6fa1ad314.png,1548c4ebcb2c2614e8774a88b085e89f73706c6e851bee7f45da5a528deea1ce,2875,1,4,-3.1411,1.0655613,0.4181018,-0.16601276,1.705761
2883,train_images/e25ccfe38e44.png,e928b53eeee5064c4b8865ad2685f88948b8c5573d33226f7bba70976d8b699c,2883,1,0,2.3204632,1.6381512,-0.11946678,-2.3761635,-1.5357425
2888,train_images/0415fc68b176.png,72967be3d1d110decb54ba657ff84ce6fbe37d8155ac4b562be5e3429b36cb51,2888,2,2,-3.0638714,0.12734032,1.3724356,0.24674654,1.2073932
2896,train_images/1177d583c807.png,78dd040877aa17a48c28223e33b49846a7ba6b083b0b4551ef96b7dd7dcbcd13,2896,2,2,-3.7669048,2.156683,2.2789538,-0.0069274902,-0.8007149
2899,train_images/1c5e6cdc7ee1.png,176149b4ad4e93374a8c914895a12aec5180b6e0b58328127a8ae92d22047892,1145,2,2,-4.011841,0.8730278,2.2529743,-0.07883024,0.8128935
2903,train_images/222d0ac042b4.png,bc824149b3c1556b9a284e4f73acc4ee4669bc4b0deb3acac2f391f878641e20,2903,2,2,-1.4336548,-0.30487633,0.92212105,-0.036840916,0.73949444
2906,train_images/23d7ca170bdb.png,d4cf178d7109f64313f756b38740110033406613a5639551b257931b33baa660,2906,2,2,-2.4492512,1.1981258,1.7749534,-0.5548296,-0.09695917
2915,train_images/314862758acf.png,cc947172d6b32cef08bd781023e37f3c7092f6a0bd73d8ed54b784523e21ddca,2915,2,1,-3.5277176,2.6095219,1.2550461,-1.4735794,0.99733645
2920,train_images/44e0d56e9d42.png,63c54179496bf584617971adb83d6ea2e78a2fabbb8c796cbbff1aee89b1365f,2920,2,2,-3.0267696,0.67329216,1.7480576,-0.5347147,1.0137464
2928,train_images/51cfeccaf40d.png,1f39a6eb3f252f944cc931c9a1af2341e874107ed270320c097b6d424f04cd7f,2928,2,2,-2.6464558,-0.4154377,2.023661,-0.5021348,1.4093766
2934,train_images/58529a8638d0.png,fd681145b57fae00cc5aa2a34a3545737786d9fcb5dd779afe65efd0921f6d7a,2934,2,2,-4.196497,0.16379356,1.6325457,1.0095496,1.2459297
2939,train_images/5f70ad48a525.png,18062b2faa7391dffc21dea5a47ac2b0e4402e301394451f1614ae17b2b00e75,2939,2,3,-3.984974,-1.0741901,1.0026693,2.0759745,1.8274198
2941,train_images/62e6f814c8f5.png,15bb222b1acfd82e3cf510e9a9cd734d2498f9550ae0f8527bc7d5a3e51b8107,2941,2,2,-4.7457066,1.1357956,2.232698,0.8033843,0.42607355
2950,train_images/77f69c7ff324.png,ea30e9b8ae11257ad8d29e0c1527c50fd1baefabf7ce33cf6d4310481847a195,2950,2,3,-2.770609,-1.661171,0.7429371,2.079688,1.4749666
2951,train_images/7877be80901c.png,5a379ff8279af2a2c430db3976a33dca04a9c3e9b763cbb5a1350c43c8657449,2060,2,2,-3.5818424,0.6014347,1.2950127,0.93293285,0.6035436
2952,train_images/79059d0592c4.png,b829f12b1b458de9e33efa693109059d40e482993551495096d738d060dae4b0,2952,2,2,-3.061678,1.1647663,2.7338212,-0.9474101,-0.025577366
2957,train_images/8000a6b97a84.png,8bb6439d5d50bd1784f891860dac6fc3cbd7bb748c150f8ce98fc26d2c52528b,2957,2,2,-5.4926586,-0.47693634,2.3179169,2.248743,1.2394812
2968,train_images/8e3b79e1f1f7.png,40438ed806d487a5ea889cb9161650364f60717b7aac18c3842cf116fdceec94,2968,2,4,-2.8048286,0.21926308,0.65859485,0.86181784,0.9525348
2975,train_images/9a4f370d341b.png,c27ea2913e6311e48e07573df3b7976684aa0b2754e1491ba1be67a9f3375db0,2975,2,2,-5.9858093,1.2736893,2.3081186,1.5329437,0.70363194
2980,train_images/9e5ec293267c.png,8e43e0a0087829cd244771818cf24de21244e32706bb0d0e18310ef9dc301b5c,2980,2,2,-5.406538,-0.5589447,2.7932322,1.7824383,1.2271153
2981,train_images/9eaac43744f5.png,2bb54f5019aa8a847042bd50f0cc359218bb00a58a38c780e2226fe23f091e55,2981,2,2,-3.0592918,0.9042053,2.3669057,-0.5789299,0.23311937
2986,train_images/a688f20f8895.png,709608ed15add691b74215c2956e9f63d8c95f993a403ddf5c0dbc9795ea7d5c,2986,2,1,-2.3166428,2.0087929,1.3573365,-1.3859158,0.21454066
2989,train_images/aa31bc6b8f4d.png,31cd6ebf094dbd9f4fbfc57771029f7b6188430a56f97f49046457c8d924b63f,2989,2,3,-6.9996014,-1.2294369,3.0562124,3.0706844,1.9079597
2990,train_images/aa5ce75edcf5.png,d0f46fac55ce0e877e9b2416fd9f73733a974dc7376b889abb9bf04f65ea7548,2990,2,1,-0.6430931,2.3574486,0.58094716,-1.2413511,-1.1540222
2995,train_images/b13d72ceea26.png,227bfcc1aadec71c0824ddc524ddc94714359c05a4defa8d704a018e3650dc8a,2995,2,3,-6.336956,-1.151453,2.3712292,3.0822363,1.8510993
2998,train_images/b5c80d0ed0ff.png,956260043ee44f7a6a8b2306663132c0ad7e9e1336898bf52a3fa8c28d624a3d,2998,2,2,-2.0196972,-1.2448807,1.4992735,0.9697218,0.63874936
3006,train_images/c48ae5da188e.png,2b6429ede5288b45322479ad1f67bd4839803f6941e78a7bee200b410c87e1da,3006,2,2,-4.4997044,0.13457108,2.3649912,1.3209105,0.51650226
3012,train_images/d29096bd94aa.png,9b20baa943c45853454ba7a9f1c945aab8b2a92c5c6abd79e96cad7773486599,3012,2,1,-0.77391815,2.5843105,0.24268365,-1.7482686,-0.41794252
3019,train_images/da0a1043abf7.png,227bfcc1aadec71c0824ddc524ddc94714359c05a4defa8d704a018e3650dc8a,2995,2,3,-6.336956,-1.151453,2.3712292,3.0822363,1.8510993
3020,train_images/db49cdf1ea64.png,0fe95b82139fb37c5afaf44f507b1f71160a1906550bc632e02bed67c5c4cec5,3020,2,1,-2.5522633,1.8548756,0.74089456,-0.24720097,0.071236074
3030,train_images/ea9e0fb6fb0b.png,d4cf178d7109f64313f756b38740110033406613a5639551b257931b33baa660,2906,2,2,-2.4492512,1.1981258,1.7749534,-0.5548296,-0.09695917
3032,train_images/f8fc411092c7.png,82bf90c76fb08e37b1b1f4091a0698e2a543c06e74b735beac85ba352670ece5,3032,2,2,-3.6396942,0.108753204,1.8177934,0.9617157,0.6056674
3034,train_images/ff344e5c9341.png,abf8a7189fc07097ec36bf6acf7061c79418fd7fd53b09c56f77e1a535c455b2,3034,2,2,-2.637661,0.5213642,2.1756349,-1.1137233,0.92188543
3037,train_images/0cb14014117d.png,956e78f8545d1e808104b24be48547517799c4764795105a42e7e3020d9dd59a,3037,3,2,-4.427416,-0.16351509,1.8995357,0.7659173,1.7639232
3045,train_images/51da6aebba8f.png,f496ed133f0c1f50acca7bff86cf6d44bef66e28c8be2b510f17071f473ec8ac,3045,3,3,-6.864481,-2.6603012,3.1890833,3.3468199,2.8125799
3046,train_images/71a39c660432.png,95da2854c694e8928a3a97052a8e50b64e2e705a9025f148cc12c7035afd305e,3046,3,3,-6.9590225,-1.268013,2.8820584,3.1049166,2.0513458
3050,train_images/90b8bf342032.png,25e488b9f490c37721be0ca62ec761341aab4c07a7919e555713d38d655ee316,3050,3,3,-7.777853,-1.3108635,2.4556203,4.567772,1.8756037
3058,train_images/b960142a8de7.png,d8c8ebeba594b3b20bc43c46ad9f9fbb64daf7c15f17a2ff8eb9ff6e8c3b2533,3058,3,4,-2.5920067,-1.9882698,-0.7402015,2.2725801,2.9029772
3064,train_images/187f6ccda87a.png,9099af13c4ba7cf731377769a4d5599518c28810592ef614d4238625c5ed03fb,3064,4,3,-5.9074917,-1.6734314,2.0429132,3.8563986,1.4981346
3070,train_images/254052cf3e48.png,8e7d973324f9d01fc934f737fde5fb0c696cf54f7c3625750b5c57e6fee892f2,3070,4,1,-0.14105225,1.4787407,0.22114444,-2.0021281,0.33547324
3077,train_images/4dd71fc7f22b.png,3eaefb97d37217b8f49f1c63134c7235018836e44f1519a0c446cdb4a0ccbdb5,3077,4,4,-2.1416721,-0.38250923,-0.7537689,1.308239,1.8420928
3078,train_images/612f2df37a1d.png,389c0adcd9faee60de01e3f296f299a89ca52990f33230bb8eff913e0c761509,3078,4,4,-4.548603,0.93543625,0.5767045,1.3011017,1.5908713
3087,train_images/9c72ed6befa0.png,f4918ee8c66948959c87b4c8fd543913f5465c21be9203f24f0e99c01e5ac68d,3087,4,1,-0.8235607,1.1563759,0.19719839,-0.5002465,-0.13765424
3093,train_images/b96b518596b3.png,dac95f95abf376924c1e19d7937d289d3017f04f90b8f7b2b5c19a4b95655dae,3093,4,3,-5.8921776,-1.1654224,2.3174171,3.3478298,1.2106724
3101,train_images/e7d2c2c3b30f.png,50467c606ddad6ebf70a4933a34fc6be5c74590903fa17e57d39457919453718,3101,4,2,-5.825035,-0.19774628,2.3488622,2.2136269,1.2971239
3107,train_images/fce93caa4758.png,d9b5662d37b6e11aa4d434f7b86fa320db50d5c6fae12f7e8ad73de1a560e81f,3107,4,1,-3.620863,2.5516129,1.0777879,-1.1429858,0.99874
3108,train_images/005b95c28852.png,660e9470e016ce3835f067c234b3bd8662b3dc4c5a29840e73573b32ba3c73d1,3108,0,0,4.182789,-0.14218712,-0.98936796,-1.9394569,-1.1873467
3115,train_images/08ee569d4721.png,de247ce2609e5136e0cdd352f932ba99c26059057a32559d7abf625c6aefcce7,3115,0,0,3.5689983,1.0339451,-0.30592203,-2.7390003,-1.6473229
3118,train_images/0a85a1e8f9e9.png,9e7d5c6391e40c92330984b307fe1e1b463eee6c4f92e746889c20dd98d5a76a,3118,0,0,1.9931602,0.28705597,-0.13671541,-1.7495832,-0.477495
3123,train_images/12b57dac703e.png,156a9980cc878108d0f425c69c40ab056a64e8c0a773dff8f000f9afdebe1d52,3123,0,0,2.8315067,0.5994549,-0.3158288,-2.0728884,-1.1195457
3129,train_images/165634a6167e.png,8849965b3564832d5b02f5b7253387ba71d1602af20902e91096bf60655a3d9b,3129,0,0,3.8342705,2.0149174,-0.3806758,-2.4070044,-3.1178706
3133,train_images/191cf5668f33.png,6feee5c47d8ad7f5b8d5daecd445b9b48f94604532287c38c9ab271931d0e5b1,3133,0,0,5.035652,0.10097122,-0.38027334,-3.0546136,-1.7771146
3142,train_images/201f882365d3.png,95146b47ace8f5cf70ea52842bed308ecba13dc7a93fbeeeb88c70617f9eea9b,3142,0,0,2.6741047,0.9420738,-0.28037405,-1.9608545,-1.4436402
3147,train_images/266fbefa58fb.png,bdf8d3fc903d614ac49da1026fa1a6580bcf08768b7cfc8e713e1002d3708194,3147,0,0,3.7388153,0.993742,-0.60610247,-2.7250862,-1.492657
3154,train_images/30db694bee42.png,05433daf11bbcebaa936603b133ea04d528f8373201ca4cd14cbd20ad27b5c81,3154,0,0,4.1982594,-0.24220276,-1.073792,-1.4566712,-1.5060072
3155,train_images/318eb706a134.png,bf8ff1bf91def14401115852a35048e25e9c767aaa6df1842488c3f3c184e794,3155,0,0,5.141033,0.18638039,-1.2644901,-1.9185786,-2.2142792
3158,train_images/3325b1fe55d2.png,7177e72a9627859f0ac8332a8f0e2a43fa8d848f2a2820ce2ba08fbd22097f18,3158,0,0,3.3381577,0.5239639,-0.2721944,-2.7323236,-0.9587409
3165,train_images/3cab32dd6ef9.png,6f13a7c891b9564326ca17f212edf5d31f5c03864542dcce82231f0b860a1cb7,3165,0,0,3.640873,1.1061306,-0.3563466,-2.7367826,-1.7457283
3166,train_images/3fe282197c1c.png,8f9d3b74b8a40ef957fc2741de75dbf700219ae4ad12321ce3339be7eaeab5ee,3166,0,0,4.1679077,-0.668005,-0.93650293,-1.2482152,-1.3970704
3169,train_images/436e7a7af761.png,7f941199e2188c6337acdc2b68c274c8ae334d085d3056d7ee84b82b403429f2,3169,0,0,5.201561,0.17376137,-1.1654468,-2.2386007,-2.0430417
3176,train_images/46acc506fa61.png,e441944b85c30410cc75abd8d7aae592773be12a73bfc731e40f807bb58994a4,3176,0,0,3.3223114,0.58727264,-0.19117689,-2.8632512,-0.94914097
3179,train_images/4926dea289f8.png,1fc7cbdcd4dfbb89b19778cd49a6e78fe7f3caafb3b0756e84a1189b0ff5793a,3179,0,0,3.5812817,1.417841,-0.5893445,-3.1091595,-1.3938327
3188,train_images/50f5201fd18a.png,8608032650873a8c6de6a51f25af21925712a1a96ac3733426b869b8f02611fe,3188,0,0,3.7345028,0.7323322,-0.9194126,-1.5706806,-2.0622475
3195,train_images/54038e56131d.png,4cec355680dc45fa79a605eb3b26c5e43cacae12ec63aac4b1ecdd8bf8fdc13a,3195,0,0,4.8468494,1.2913799,-0.9030566,-3.0308774,-2.2851238
3199,train_images/5a179c123fd8.png,dc63d01e0fa97fcbff6fe2996ea518a27ba0e78c7f95784be71927484f401a45,3199,0,0,1.811533,1.402771,0.28767037,-2.1044788,-1.4723909
3202,train_images/5f4a8c074bd5.png,4bb284f7858e6ed1f8e4485af8867b9d08203cd38e28ee54c40d7d989daacd2c,3202,0,0,4.403223,0.77376175,-0.35276127,-3.1917286,-1.7122841
3212,train_images/6e092caa065f.png,c030066d0fba67eb4bc76efdcf9016b4acc5d00f9ad6f509816db52c03aa07bf,3212,0,0,3.8978958,0.37601662,-0.5170264,-2.4561744,-1.3914902
3218,train_images/737ef6226677.png,7faab28af108542d2345b7a2fff14614fabec34af74aa3170817ad226fb85531,3218,0,0,4.912073,1.4125462,-0.6215129,-3.7867699,-1.9954336
3220,train_images/7526cf435753.png,64c92dda78b1aa36eabc5b8cecc21bc3ebcf4320c06aac3744f558f694e8279d,3220,0,0,2.6293087,1.523983,-0.5620847,-2.4636116,-1.1955688
3223,train_images/75c180e04f65.png,8a07c07be006dbc2abdc0a74af37700b23e1796c8101d80ee9abc23f947f65c6,3223,0,0,4.107956,0.47862244,-0.06857109,-3.4316905,-1.1705801
3226,train_images/7a6495a39d87.png,ccfae353d24c6cf304ccb4b07c0d6bcc4083d74c5957b833d6ff97769fe38415,3226,0,0,3.6921806,1.2450409,-0.44388676,-2.8174305,-1.7436249
3229,train_images/80dbeb0fdc75.png,d054c0106e53eda1eb402cdb337363292ddc549e6ca375486f1853f93d8fec9c,3229,0,0,4.6156464,0.42953682,-0.5736737,-3.336925,-1.2181914
3235,train_images/881ec6186e68.png,4087fad1d50187a8fa4b78f62c00a4799f957b11bac9a9baef17b220eefd85ce,3235,0,0,4.439266,1.2062702,-0.31302834,-3.3804917,-2.0381591
3241,train_images/8be6629a6039.png,140ca16428bbb08128507f699a92036450b8b823b9fc739a76c72c9e09fbc955,3241,0,0,5.547226,0.27425575,-1.1928878,-3.3436804,-1.3397601
3243,train_images/8ffa608170d3.png,061aed6215dec55b7681e7cc47fed0a96c7c123ba91bb96d3bc9c180cae6f304,3243,0,0,1.8391762,0.2475853,-0.18079853,-1.5935154,-0.39038563
3252,train_images/9ac41b9a809e.png,25c34c3c6601ce47de0d46a26196f26b34311cd2e4b1bd651ef13f9d84a266c4,3252,0,0,3.5751743,0.9023895,0.028434277,-2.9740076,-1.6258163
3253,train_images/9e2a8135f471.png,aa6adcb04854d242db8e4bb6fb4a981a9002bafd63da383abbdf77c864075d77,3253,0,0,3.8959255,0.97452164,-0.5434413,-2.521265,-1.8917961
3261,train_images/a11c62cb3f86.png,75f4c87e3988cd6e957bffae65709eefd7d04d527dd10e95117c4904555b160e,3261,0,0,2.78298,1.5262375,-0.49316645,-2.2425299,-1.642051
3270,train_images/aabd867043cf.png,0d648e7ceb0168316271b39bda83104396b001c6e9c20404f401ab3ca9955287,3270,0,0,3.6677685,1.1160107,-0.29810858,-3.1855655,-1.3941371
3276,train_images/ad93d88c87ea.png,27ca6961d20f5424b03d89f0f0c53c4f077744ce949ead8a2b6ef45aec9ee91d,3276,0,0,4.593193,0.8713474,-0.6484742,-3.010298,-1.8887148
3281,train_images/b0619ca93a5f.png,f0bdae86d6e079946fd176307fb4971b995748a7e3aae89b09e41f1b327af972,3281,0,0,2.6235065,0.34729195,-0.038788795,-2.205996,-0.83066934
3287,train_images/b7983cb3f270.png,ced89e727cac2514a773478f0f0f811ec6d13a580de98e7b92f894185770b480,3287,0,0,3.8210602,1.3601761,-0.6984401,-2.7062516,-1.8646345
3293,train_images/ba4e62c11cc0.png,afb39ecd1a660eba0e19483d99248927c31e95e9deb0d6765531f332eea6bafb,3293,0,0,3.8341026,0.41953278,-0.1417489,-2.7934332,-1.4055157
3300,train_images/c06024f05a16.png,00d0bdcad38080b9b6ac1e05c77e1620d464ebbb7d5daef71c09999265ec1b4b,3300,0,0,4.424568,0.092947006,-0.23704386,-3.6522572,-0.7134339
3306,train_images/c7d0deb71576.png,377bbcc1893406e6976a8311f77d4caef086d75fedc69b6f6e1ba4407370d779,3306,0,0,2.4671211,0.9824524,-0.13472366,-2.27067,-1.1491482
3312,train_images/ce754234d760.png,1fa852b49a534ecbb003355d96fea0904f19fb44ba40d767da24521bac942f14,3312,0,0,3.6222076,0.54655266,-0.3542452,-2.7841291,-1.1160209
3315,train_images/d1f7ea924a01.png,87cdb8edecc05087a5f88d694e06138d1e5d9919de559585a958979bd114d87e,3315,0,0,4.426338,-0.3216896,-0.8020692,-1.2580695,-2.1251621
3316,train_images/d2afca74cbc3.png,369149ef3c73d671aca59d27d2881f4e901bffb12836860917646d0addd4df35,3316,0,0,4.172476,-0.17403984,-1.014565,-1.5552845,-1.5078619
3318,train_images/d332d7b8a26e.png,208b86599ebeaa38d9570b667f1eb014f2c05bb0a882b8eb9ec5ed5598f9bc83,3318,0,0,4.4520206,1.0233765,-0.118718624,-3.6950865,-1.7465975
3322,train_images/d6df4fe492ec.png,825c59e676c5127e4896cff851624f288307eaa1d4802448cb995598f72973fa,3322,0,0,4.0843315,1.3571968,-0.6313348,-2.8679729,-2.0298078
3329,train_images/db3cd58aa315.png,727db3b6b904f44dc314037a389223ca089c57b0085ebf51f820e4e2a2a29319,3329,0,0,4.117321,-0.44566154,-1.1461115,-1.1258593,-1.4807963
3334,train_images/dec5595e6154.png,3b8404401a40cd20d86610e0ea33f8ed3887d7bceb893de2bd775a6a57542660,3334,0,0,3.9009495,1.0712528,-0.6364527,-2.6181312,-1.8090107
3342,train_images/e322acd46152.png,75b8438fe270a339961b8290bd55a31b7459da2fee924f753b5ad7efaa580e2c,3342,0,0,4.285803,-0.84812355,-1.4761934,-1.327424,-0.7130584
3345,train_images/e68bdd36e589.png,a545eeb4d5d33429aea6e93cf22aa1ba6662d227f4699a504e6a0eb586585ac2,3345,0,0,2.8105946,0.8939476,-0.33153057,-1.6993952,-1.7492929
3351,train_images/ebf4b22240f4.png,ed858cd57778dcf93f915deb5905222001bb28c6b123266c9659a6131504b511,3351,0,0,4.153494,0.8592205,0.10660291,-3.4998152,-1.7069092
3354,train_images/eeaea2c5ff34.png,8226bfb4782fe887f366370ee9d7b1301553d064e91217a2657b9f7fbf17bf36,3354,0,0,5.7704983,0.21907425,-1.7485423,-2.0470982,-2.2569227
3363,train_images/f71aca5a7dc3.png,f894772ddab4eedc3c169f62e5575ac681364b2dc15dc67d1ef568bbbd46959e,3363,0,0,4.962553,1.1470737,-1.3914189,-2.225357,-2.5652025
3364,train_images/f86d1c404acb.png,90b19733a5c2384161b0ed2533438e55fb59f95df325d80fbdaad188ae855729,3364,0,0,5.8709393,-0.13208961,-1.3608336,-2.3700814,-2.0827239
3371,train_images/fca1a8738b8a.png,84a6d55dcd31768a784ef6373340869126edf899ea6c7f553e3fc8c346bf9a86,3371,0,0,3.366354,0.8113594,-0.3174672,-2.6619124,-1.29088
3379,train_images/ffc04fed30e6.png,831f78a834b6c9e1b60699186ec02df731525bce27a4e8e8db0c5cdad6b64efe,3379,0,0,3.7654324,0.47087097,-1.2941298,-1.6430264,-1.3792675
3383,train_images/1a03a7970337.png,710a5d5154fb8403990f11d2bbb04b9fafb949865e080b93dee3f1483c3d2e9a,3383,1,1,-1.1542511,3.17762,0.6619303,-2.5359426,-0.2620737
3388,train_images/35d6c4c50072.png,8502459ce6a945aa2a3b730f909278cef7f553fead150cc5c16f20c1094b5534,3388,1,2,-6.3280582,2.0717602,2.8985934,0.6571164,0.54479676
3395,train_images/495255c7492f.png,c3fa54523aa5f52032d6204ba870d397a90077044cb63395aa3ac278eb0b5387,3395,1,1,-2.424408,2.3494034,0.5616541,-1.083458,0.4801314
3404,train_images/5efa24b03d5e.png,c7a85fb602a0d32269a0f74a2633f63304e7e6bf182eb4bc23290a1d58e8c7c7,3404,1,1,1.2562943,1.5519657,-0.26453638,-1.7174802,-0.9280847
3406,train_images/6c6efb6b1358.png,64ad60b1cabf6434335e433e9c0d586e9ba9e89b02fd101b527c12ad39bbc6f0,3406,1,1,-0.011314392,1.7836876,0.55682015,-1.0783305,-1.3587451
3409,train_images/78bcdffb8785.png,dab95930eb28d53570e0181529bc011cc8b0b88e115cf77ce3d37baf3fada314,3409,1,1,-0.43536186,1.0649853,0.60579133,-1.5336995,0.1925509
3417,train_images/96a9706b8534.png,a89a61346cd279db5674168925b7232db86fe5b08e78c69ccb202232be2948f2,3417,1,2,-2.3531208,0.44057465,0.965899,0.036411285,0.7762394
3423,train_images/ad3fc5076852.png,52dd160777bb5158658bddcf86c7b0885a10aa74ccf63ab9504d5d0b285387a4,3423,1,1,-1.8729439,2.7823505,0.54983425,-1.4092531,-0.16010207
3428,train_images/c1ebe785503a.png,8bd8a0b681456b33bdfda828b3af7eb78595e695f01ed004cce4a2fd4e013d9d,3428,1,1,-1.7832355,3.218586,1.4180586,-2.4463067,-0.5264663
3429,train_images/ca6842bfcbc9.png,ac3c47f35f5139dc134e1bc994b05a26d60b139420d0f7a8ca83d78f7d648218,1641,1,1,-3.2646465,3.143116,2.0196464,-1.5007677,-0.523439
3436,train_images/06024377d573.png,d5ace70ac35bb85d05d04399ea5fb43063eff45e240cd4b2a6ad118a6daf3d88,3436,2,3,-7.494877,-0.5695019,2.891656,3.7055855,1.2794299
3443,train_images/1124ffcd76c2.png,a9341152ed81341723f1f585f8715bfcbae8efd3115426e912204e2c5abd4493,3443,2,2,-3.8172112,0.12498665,2.6641507,-0.032033443,0.90248924
3445,train_images/1541226c5d72.png,aae24333eb3d6bd2ef91f06ea440e557bba1af330c60d75394a6ea625e21a2af,3445,2,2,-2.4018345,1.2355194,1.7814589,-1.1136341,0.37054473
3451,train_images/1e4b3b823b95.png,f99c2f7a670b7bdc9c3ee1f20367e220ae217363208e9178291358ba2ab79f76,3451,2,4,-3.6702862,-1.3573952,1.0864713,1.7275524,2.0786068
3452,train_images/1f07dae3cadb.png,8e03a481f0261723971041df11c093cb920f5dbe2b375844ea42dff83d270ab6,1682,2,2,-3.0464077,0.73251724,1.6121833,-0.51992846,1.0861084
3460,train_images/26999ebc21de.png,b3a85a319b02b95f28651ef283d8ad2f28dbff1b731d9d5724024cc1f21428e5,3460,2,1,-5.5777855,2.0326061,1.753078,1.277154,0.3457821
3466,train_images/2c2aa057afc5.png,15f09e0ce997d66519f8b453577944e7e657db2f53903d07b3814e9e485cb6a9,1890,2,3,-6.397829,-2.4113464,2.2768333,3.3216057,3.0206044
3467,train_images/2e79041ef722.png,0f001455c6b995805435d727396e2435f5058e2d7c5427326fa3d44815eb43d2,3467,2,2,-1.3331642,-1.9876194,1.8831196,-0.14163637,1.4845691
3472,train_images/3cdda8b3df19.png,a23b13507f95ca3d21fa05a842087f3b547ad89abd84993ff62105cd3ade028c,3472,2,1,-4.614271,2.531639,1.7253368,0.2206111,-0.0059069395
3476,train_images/3e86335bc2fd.png,fce068e3b2fea80143b55a4f4253b3bb0ee887d1f84ba67ef2abb48420437e99,656,2,2,-2.8970413,0.59072876,1.1334791,0.41925097,0.6188927
3482,train_images/465c618f7b23.png,d7f58be9dd5b6413bba24eca26f0dab357141985282b3b1312da8ae102c34c20,3482,2,3,-4.2637653,0.6652069,0.8467109,1.3077259,1.3045161
3483,train_images/467b7d9d811c.png,12773569ae779abcb67c250af85b9cc987be3c5b4fc605e30756b6aa2b57a46e,3483,2,3,-4.8517227,1.0664062,0.91326785,1.8601828,0.863081
3488,train_images/4a44cc840ebe.png,956e78f8545d1e808104b24be48547517799c4764795105a42e7e3020d9dd59a,3037,2,2,-4.427416,-0.16351509,1.8995357,0.7659173,1.7639232
3489,train_images/4b5ffea77373.png,bdedabe9abe7a89806d781da59d02c60d0b6fa764fa727cad2569188f98aa940,3489,2,2,-4.889883,0.32901764,2.5410066,1.2052641,0.65747815
3491,train_images/4e7694eebb91.png,ba46066704c6d1bc6a341948f240c66f15b1d75cc19e4f0bee3f91b2384c223b,3491,2,4,-5.118704,1.1839085,1.1047819,0.42348385,2.253782
3499,train_images/5ed6dc419e4d.png,57bf9cbabc7f9b1795e92f24e824eaa4ff28854e52bc2c70fc5dfbe13613b458,3499,2,3,-5.2768993,0.5865669,1.3013129,2.2505016,0.98067796
3503,train_images/66d2ca47aa44.png,68e74b062359b3a41994264e531855f3d173ba1c6bc905639be89b8d0f3fa5fd,3503,2,2,-1.7830296,0.71323586,2.0943956,-0.50914097,-0.6180486
3507,train_images/71e4130bf5c8.png,419afe9082d107e71604f25e0600df5b4fa28886c1582a4387c460595a59c05e,3507,2,2,-4.3263226,-1.1636124,2.8178096,1.320137,1.1945517
3510,train_images/76e6a9238570.png,ea0522d928546f4845be2672d2e5157e17d87740efe0845f8efd55f4610fc036,3510,2,2,-3.6682644,-0.008415222,1.8810046,0.0049819946,1.6453705
3519,train_images/85cc6d636898.png,ded162698415f1498b16a57281ac86e414ca239a9e1380ea704ae6bdce8c7ce3,3519,2,1,-4.2597065,2.7013283,1.8090422,-0.2600646,-0.13616806
3527,train_images/932181b93b2f.png,bdcab7b8e917f7082bf02947a871f6ce35ae2b9b1d76863c946dcc8eed5df0a8,3527,2,1,-2.7226276,1.5386124,0.63884115,0.5369501,-0.1180262
3530,train_images/9785805af1b8.png,90074c4af236095cba246e982db86adbd83731e2a339cc740d13a1a8fcc47e4f,3530,2,3,-6.2024097,-2.6783104,1.5175369,4.24601,2.9454343
3543,train_images/a4359815f152.png,adac219bdb8f1fa2502b221db0ff24e7df9e7c026a76a52051062ad095c78b23,3543,2,2,-2.6547203,0.22106743,1.8453114,0.12404299,0.33365458
3549,train_images/b402daa0864c.png,c37358d4e7c06f4fcf465413162287581d615e1d8edc6d0824c62a3334e8f8d7,3549,2,2,-6.858942,-0.967329,2.9748755,2.6648521,2.0134315
3553,train_images/ba25f947f4ec.png,7ca93bf2b1ca55cc793291d64dd14316bf04c8afff01f2251ea4e4ec5d4d778c,3553,2,2,-3.4293327,-0.13217163,2.5388258,0.00528574,0.85999733
3554,train_images/c2d2b4f536da.png,b822a3249bf631d8cbbdbcc506f3dad105981b7e1ce72584839d313effa5b87a,115,2,2,-2.4433823,-0.099962234,1.128855,0.25762558,1.0191821
3563,train_images/d6228d951958.png,84b1cafa1c7342bd1613efbf594384f8b12b22888365fdc5b685331046af9f27,3563,2,2,-3.6795502,0.9984875,1.8681662,-0.36711884,1.0301886
3565,train_images/d91273efb92a.png,0a889e3796719d7e5c5113382f62fc536e6269cd9c60b2d6af11c21c89c4a236,3565,2,2,-4.356867,-0.20563126,2.4966774,0.40984344,1.5030086
3571,train_images/df841a0440d8.png,9f64aa78af3feb31e2f61366b3d8cd7f6bb0512dd8926446222addc859e91081,3571,2,1,-3.3076286,2.1762466,1.2049918,-0.36113262,0.14457172
3576,train_images/e65a2ff90494.png,e9530fe5cf3b46e923ccb407f462e829c4a6a2df2b6a072ea6d31c2696005f51,3576,2,1,-3.8930397,1.8158283,1.3730459,0.10502529,0.4570164
3578,train_images/e7defafeb957.png,e21c4de862751fe683d47cb4d232e6822bed91c1cd8926a6363914bb06a8c292,3578,2,2,-1.7886925,0.5352917,1.8424726,-0.4098935,-0.31207293
3585,train_images/fcc55ae641ae.png,d045d1281e9db3aa4805c6db7c1f8f78de33b65c25d2d4cc3871e58aebba6e0a,3585,2,2,-4.3434525,-0.3084545,2.5488663,0.7025652,1.235471
3591,train_images/36865bbc64d6.png,2a53d9bd33547b23249a0d2f8a3e10c060f106c20f5c4ec65ca2a7987d8c8b38,3591,3,0,0.26016045,-0.029161453,-0.21083736,-0.119096756,-0.014737785
3595,train_images/50a2aef380c8.png,5a3e2c7c8f9cd6e493b2f847bbdfaa2272b7f99679f88306402b83c7f6697d5d,3595,3,4,-4.409565,-0.909565,1.8097343,1.3557329,2.0046012
3601,train_images/91cf56d3d1af.png,eadaa2e8be522099b564ba2bf141320de0f9306ec0911a8cbd647e6a784b44db,3601,3,3,-6.682831,-0.62664795,1.3268166,3.372077,2.4302154
3606,train_images/b310bd564329.png,00bf44d754fdc2d0af7f26955ef23c31ca347c7f4be3db0e4edef2d1d3ebbd78,3606,3,2,-6.941227,-0.18545723,2.6872234,2.1805382,2.0784535
3611,train_images/dd3dad6ca78f.png,7b41cd7a1309312db3765a88bd81a39ebba83b7f0970d5c77c68af15cac71f0f,3611,3,3,-2.051302,0.26055336,0.2625568,0.7740879,0.635455
3614,train_images/e76a9cbb2a8c.png,25ac9acf573c431f146c3f94ec9cdd7548f5ad2d8dcb5b6b6a7113ff6850f723,450,3,3,-5.7339344,-2.3014164,0.9666691,4.065756,2.823738
3621,train_images/25d069089c5e.png,041dded3fb11b028d7f1d49ec308e5c0e4ebfe3f1bc56ffe455e0f919065a1d8,3621,4,3,-7.3646393,-0.80975723,2.3655298,3.1304932,2.5008054
3624,train_images/3206171db5be.png,6e831261eb07caf6b799db2a9415d8435d3f540c89ed974a3e08ebd9e3f14853,3624,4,4,-3.7963848,-0.22784805,0.59287834,0.53165483,2.7453957
3625,train_images/378963f9df22.png,30699355bd8db1414eb04a31aefc2143c0f7a16cfa91a0afb8944b590d02a144,3625,4,2,-4.999647,0.009542465,2.8383703,1.4574556,0.5286312
3635,train_images/70d657f8f503.png,9fa8eef896b3dbc9465344480c7cfeb119ae9851c7a86027c4b820096f3ab9bf,3635,4,3,-4.1861954,-3.4004831,1.5147104,3.2692814,2.6205237
3636,train_images/72d98188648f.png,f540fa14be4db251adc657bd903a43b4e8e40d03fbb74c8820191e54d06fef53,3636,4,2,-3.2230015,0.73132133,1.9006879,-0.076441765,0.52488875
3646,train_images/a11bf2edd470.png,a36b21658b8f4792601c61d4595103af62b230a1130c4ef54a535414d66bbfb3,3646,4,3,-1.9114342,-0.18385506,0.6497011,0.8913398,0.4314311
3654,train_images/cb547e723a16.png,db4aa606bc77aad8a05b755c9405a6adae18ed6cf58284dfd471132e00c1bafe,3654,4,4,-4.336941,-0.9129715,0.21763062,0.17702389,4.7102666
3655,train_images/cd93a472e5cd.png,86ea70b3d016855259df8a8ff9ee6279839ebc9e78ae792555e65be9b94f29e8,755,4,3,-3.4102802,-2.209631,1.2073095,2.3796453,1.8591709
3656,train_images/de16416220de.png,173d043a6e7eceb732ee2d104c5f64642b8a1ec51de453d7562ca6a5900ac0c2,3656,4,4,-4.773136,-1.8646164,0.93377423,1.9949293,3.5461109
3661,train_images/f5e6226bd2e0.png,2dfa01b045d26af90cc3b338a8d9a77ef9580cde705ee3b3523c566860ff5a61,3661,4,3,-6.3593082,0.03764534,1.1386666,3.0301685,1.9785321
