pool_index,image,pixel_sha256,sensitivity_group,target,prediction,logit_0,logit_1,logit_2,logit_3,logit_4
3,train_images/6852f4531591.png,8a2befee3bac9304bd95b29d8a8070bfe3974129a20564d6f74184e7598ed07f,3,0,0,8.295788,2.9760056,-0.44608307,-6.196434,-4.592989
9,train_images/a0adbe677508.png,9eb29bddb3377030732b05f66b2c3589b17908bb90f7113888a5c21d4f9a72de,9,0,0,10.094437,1.479023,-1.3333092,-5.7821846,-4.3799133
16,train_images/9be71d6d7e59.png,dbb40d5e2bd6340ac3af407c1415e760edb09061aae283d1c7c9e94720edeb22,16,0,0,6.714329,1.7662086,0.32118225,-7.0227394,-1.800588
21,train_images/5d6239c0fd39.png,c809dad3e1f3601343a06f591f50c1d23e7db610239f40c501960027549e372e,21,0,0,10.298943,2.6786919,-1.3575401,-6.9877357,-4.5447745
24,train_images/e251bdf05b85.png,bf6ae31ecbe1de9ec89232b1ec1963218731c4df78fa636200a02022bfdcf073,24,0,0,8.131252,2.5608711,-0.5021477,-6.821148,-3.3026617
31,train_images/87a9f4d20f07.png,2455640ca2db1a0f91f96d825e4073be9c3cd8ed51c76227c33394b526e7ffea,31,0,0,10.352867,3.0152988,-1.0388374,-6.724201,-5.536874
32,train_images/0a38b552372d.png,8dde2a9d0777b0c171e4ae4aadd653d5860d1bc3cfaaf97e2dc28fca2a44c884,32,0,0,7.195526,1.3619804,0.535038,-6.8885956,-2.22764
42,train_images/51cd8d2057fa.png,5fa3fa4aff9551d1b97ba3e0c941cf5ba05d3ecbe8b73eab52179b97ef53e794,42,0,0,9.366264,1.4487572,-0.85728836,-6.6307373,-3.2652214
45,train_images/8fc09fecd22f.png,4025dca5f8bec7c66017347dff836a3054b49fe9afa240ef9e7ad8cc93611538,45,1,1,2.2597084,6.4490395,1.7329559,-7.465992,-3.0771735
47,train_images/6363b360aefb.png,32161dddb553ce9e7742e84b4ebcdacdb94df303ef8c3ec05fbce172d0269814,47,2,2,-7.959099,-3.0773659,5.28253,3.3335419,1.8258405
57,train_images/9bbb6c455913.png,ca0b45bd8ab8c580d19e523e56da81b66c68b54acbc02d6c98b25b2d0d45ad7e,57,0,0,5.3337784,-0.044927597,-0.5132446,-4.986912,0.11604905
61,train_images/3fd45879afe6.png,30c56449918e62d2064409456b92749f383b21a07dc99cb73eea9287a88dfe01,61,0,0,10.19693,1.5785599,0.6380501,-9.207867,-3.139904
68,train_images/3732de8b416f.png,94e060ba453ed22182ef6cb23968764e6e04c9c47a10392ebcd60770d0a14f0b,68,0,0,8.24596,2.7822475,-0.5569,-5.1860085,-5.1832247
76,train_images/7aabd768abff.png,756c4c355c67be7071b4b6a0c8d8a8d13ea48efeb827014ad6e579e22f7e4600,76,0,0,9.212639,3.090685,-0.33955765,-7.725979,-4.0983076
80,train_images/8bbd7835e9aa.png,b38811b00086fbf6efa61f9ba7b2baa98c9e088c951923fb71781cee22939c30,80,1,1,1.6071434,3.6650639,-0.3039894,-4.7583847,-0.32323933
86,train_images/6e018411ba4a.png,82dfdbf559fe0798c189435496cda646099b2014bf140b6249754ca5da27d58e,86,0,0,9.470329,2.4279861,-0.5801735,-5.9223747,-5.277278
90,train_images/b77b8a1f09f1.png,480f93d7da3ee17710fb94901ba610ccc9c9c9ef13b97b2014a585e0aecd8576,90,4,3,-8.989109,-4.442524,0.85578537,6.982277,4.9985037
93,train_images/99132193eaa0.png,640978816d12c3e6595ed9be32b97832727a8759fa2f48fc8b74f853e399edf8,93,1,2,-4.268757,2.749218,2.9365692,-2.0576324,0.23905039
98,train_images/79ce83c07588.png,875f7e33f052ce66187d01240da12b4b4ca0257c7834ae4efeb6da0bc1292f0f,98,1,1,0.15437698,6.5229626,0.02665329,-3.8820457,-3.0150661
101,train_images/887c26fc0e1f.png,5849ae7f80cb36d4e8866ee6a4dad5fb34d81e5443c4fe8b6e7333c44d2642bb,101,4,3,-6.185459,-2.2194805,2.6359367,3.3792953,1.9152613
109,train_images/82ac8463fadd.png,5cd9c940851950527b873269c74288a453526108bed68a4e83e78d6ee87a2fd4,109,1,0,6.378681,4.576296,0.39774323,-6.133545,-5.240901
111,train_images/57a5f1015504.png,1625ec89e7b02f9de0f1cf6c0426837f604459db9b8b8ae21de39a714fa48158,111,2,2,-1.9606514,1.3161602,6.538952,-6.461441,0.19528627
118,train_images/286e9981dd9b.png,1e651ed4e784a6039d809d4425c84ea52f4343f952088dd48c4ff7c5059f3961,118,0,0,6.9571724,1.6080666,0.41280746,-6.442524,-2.4728088
123,train_images/7f1f3269f546.png,a08245dfdba67f139e0fa82ba52c6f1049439d86035a08ed6bc617c9a2b774ab,123,0,0,9.9696045,2.4822884,-0.0023078918,-8.287296,-4.094235
127,train_images/4158c340fa49.png,bc7d71419d6135cb0681099d347f8a0b29406aaac076aefd0fb7b86e024bcc00,127,0,0,10.060486,2.5895596,-1.2601318,-5.7424965,-5.4603653
135,train_images/a6b6d27c1b32.png,91fdfddc280d3e11b1f385220758b997fa7ec7fa15713873cf0ce4e8e38691b6,135,0,0,9.528034,0.50157547,-1.8443985,-1.5699196,-6.579853
138,train_images/a4d41c495666.png,e43456489dbf400967696ad1b87b0097ecf8015f24247b79640e96c630d20987,138,2,2,-6.7728577,1.0390816,4.0778847,0.3207817,0.859632
142,train_images/b085caa513a8.png,0e90f3dcbd80df4ef5b20f509def96155ebec789294c647cd949d9bb72be2328,142,0,0,4.6069984,3.9491158,-0.04548645,-5.3851013,-3.152857
147,train_images/9c6512166557.png,78137f5f5c58aa40a4603a5a774a7eac5c26605a66d084b7f9c30399162bf5f1,147,0,0,9.287624,1.3797474,-2.339714,-2.5265846,-5.7337046
149,train_images/0243404e8a00.png,ec1260078c714c4f30386b36a0f7556c70f313f30f7a467aef5a2f14c17acec0,149,4,2,-3.6156578,1.225256,2.8128242,1.6307602,-2.4092054
155,train_images/7427dedafccf.png,39d4faa1daeb02e672729ff1eb11a417b102d44f96885c0d0c6a70c62e541905,155,1,1,-2.7166443,4.3044834,2.5639153,-1.9501343,-2.4936419
161,train_images/274f4de2a59d.png,3fce8f9f081f1d1d919cb52c361458a7efbab56d2e411408ef8b9aa0f48f0e93,161,0,0,9.332874,2.7543774,-0.8887253,-7.0699806,-4.0478516
164,train_images/2fdfb80ea53c.png,ff55b284d8dc770d034efccd2f13773e86fa2eae2af08e8bc99114552ce29598,164,0,0,10.532017,2.2450943,-0.85048676,-8.082348,-3.7805724
172,train_images/cb39761f0712.png,6e619606bb9a3035a30f250551071b7c2b3212ac09a20cd8ad0aab6a37484115,172,0,0,9.218166,1.7154617,-0.14164734,-6.1981583,-4.5238266
178,train_images/52230bbef30e.png,b6f199952ab6b219a66e81b549a379af5c89a331c9a4efc4514a082d470bdf78,178,2,1,-4.171417,3.7083015,2.2142944,-1.0485916,-1.0809407
186,train_images/0e82bcacc475.png,04b327d1f7893168523eb92dc3a73db50c68f19d88c9417b1e7599c1654d3d79,186,4,4,-7.3148003,-2.9181976,2.3896713,3.1929016,4.1366076
192,train_images/f48241b0c995.png,bd795487787b4d743c834228c1116b7f1b93171ce147dbd2bcff1e6e40d28076,192,0,0,8.536781,0.9992485,-1.281456,-3.6404648,-4.6193285
195,train_images/fb61230b99dd.png,8452942d0f1deca26456fde84b33f81d6d0bc5cf3067927434d994a56258e2a0,195,3,2,-5.7066116,0.7752247,4.2535667,-0.046928406,0.28630877
204,train_images/ab3c505b624f.png,d49b741e3604873f86437bcae43de59e258f405e960b91f3ee86e95a5258aa2d,204,0,0,10.137676,0.40130043,-1.964611,-2.2395744,-6.27488
208,train_images/e66ad813a508.png,51e25b72d84f8bc9d19077ae1d327944629393cfb67a41915a0dc72c4ab3ab95,208,0,0,9.572136,2.290079,-1.0433922,-6.4228935,-4.338305
212,train_images/f6f3ea0d2693.png,312e23e7782f1088f43ff71b2b8974312ceff12be08c8e4c146d194ba8daf94d,212,4,2,-7.5254097,-2.9061222,5.6055336,4.0013275,0.25629115
215,train_images/30263a7d5609.png,3bd09874612e8a03cef896e287b2dfb67b6a520755c3ad239732d7e676593ce7,215,0,0,8.2782135,2.8310509,2.1067734,-7.933464,-5.08818
220,train_images/aeed1f251ceb.png,014548e090df9d1d91b4f01d9f9dc41981741dd319047fabcf785f01d71504a1,220,4,3,-6.672516,-3.6942291,3.7692032,5.3698425,0.62714195
221,train_images/a4b8de38eac1.png,2fd1eb23244d2619090010dcb16a906e1b69086dc10e9ff6a4737c34f83aec61,221,3,3,-5.6978455,-1.4099045,-0.0037994385,5.268097,1.3172326
223,train_images/041f09eec1e8.png,d2cdf8c827419d0f4d89c0731f21c4b15c09f092c00b2b78f88059bc694a9665,223,2,4,-9.205593,-2.6662712,3.1228752,1.6063995,6.5496674
227,train_images/3254e48c8aa0.png,8647b7010f189f92ca3564cd8d0eac55ad1d85173700d35a7d5fbf6f3f5102a3,227,0,0,9.393391,2.200224,0.018253326,-6.8746223,-4.67077
232,train_images/83a63c4a3e4a.png,e42c6c97b486daeab07bde825d888e1d4f80d5930862721a8a5ff0e417605328,232,0,0,10.617538,1.9972324,-0.48233414,-7.692875,-4.3655443
234,train_images/c64c0966b4cf.png,6c6145a907bf4a39c8972a4b02f2aa8e06a3ef08e55618b25adffd70d12106b9,234,0,0,8.879303,3.3595543,-0.46493912,-8.169731,-3.5487564
244,train_images/5bf6f2958e53.png,d26dc792b181338d2adb5f36fbb2b8c32bdd147a6629ee13931512f2c11c2275,244,0,0,7.1634407,2.320097,-0.5830116,-6.4555626,-2.4808354
247,train_images/42cc993f23a9.png,0818dfe0e591f17ff1a00f9a0a6eaacb265e4a7fb39c61701f6dba5b0188b833,247,3,2,0.068813324,1.112587,3.0031967,-5.0559273,0.6938591
255,train_images/d5a39339ff3d.png,6ed7c3cc0d8e1cb13c6f2427915c15e35b190c59bdc09ce463624a83ba6a7e00,255,2,4,-6.265091,-0.7682247,2.5019531,1.475769,2.538289
256,train_images/1db18bdd43aa.png,544f28efca262ec3bc46bc8dfb2a85c5737ebf28f9b333dd6004c5ee7e13a946,256,2,2,1.3608437,3.2382832,3.382965,-4.832901,-3.253035
264,train_images/599b89048034.png,c76dbb0ccd04410f539581e96211d84ef5219b857e8a3b2486777a3a01c9f222,264,2,2,-3.3000374,3.329773,3.7247963,-4.7017937,0.600214
272,train_images/14515b8f19b6.png,f7a4062b28b87de188dad43b8db5e581f4ac144fed195eaef7a8744245cc358b,272,2,2,-2.1085052,1.9102879,3.2359772,-2.1746178,-1.1662254
277,train_images/6294b378d09f.png,2b4fdec1e5ee54e4b9d2c193a30ccc0958e6f20359e6954fec809e8825614fec,277,0,0,9.209255,3.2210503,-1.844574,-4.32111,-6.2145395
280,train_images/6155cf375354.png,9c24bc774ae3062ef42d33ca92031e24e09175178be0f8ee558799796ddfa4d6,280,0,0,9.178165,3.63266,-0.07862854,-8.1315155,-4.5515676
283,train_images/1dd9adcbfff4.png,097b6aff03b5d166df78a1d8a5085803d3c6677fb34d5997f69c3e5f326526ef,283,2,2,-2.8301277,-0.25719452,2.4813805,1.0771484,-0.86080456
292,train_images/2fb3a8606a77.png,59f9ac56fc35d9f3ef7f67f666c1b4914a9a41e8fe426c906ae48255d856ecd1,292,2,2,-4.5416145,1.2642689,1.8441315,-0.56409454,1.575005
296,train_images/197af0de76e2.png,b5dbeb03c75dc78889179bf0580d5da5c637d341cf7be2d676e95d2af12730ca,296,0,0,7.7508125,1.6641331,0.12680054,-6.31559,-3.2328265
304,train_images/02685f13cefd.png,79fb0890b5455a0f7331019548d699d111acf077d09381eb125397a712e4e1a0,304,4,2,-2.4815445,0.16084862,3.6722565,-1.3033257,-0.4398787
309,train_images/c76664770c07.png,99143b6b44a0cc673f0269527210885c41d3171339e6890773acb31c6963fce9,309,3,2,-7.167286,-4.2862015,4.127613,3.1968765,3.6286316
312,train_images/f26b02ead915.png,0bc88bcce028c55e9fab57ac79dcaac67dfae590fba6e8b4444783370cc07ea6,312,0,0,11.848209,0.6975193,-2.2166214,-3.8966217,-6.300761
314,train_images/33105f9b3a04.png,d8716779bd82ef4fdc2d566c74a33bfa83c30a240536b0af716889f13568a543,314,1,1,0.0920105,5.61796,1.6660538,-3.9524765,-3.6526647
321,train_images/baaca2f7e1f0.png,25cd3484e9c3b69aa777953b698e698a554850634fccc53f6da1106d4d8dcaf0,321,0,0,9.204155,2.2620945,-0.7969284,-6.5450325,-4.0941105
330,train_images/3af9aaa880e9.png,c0d62901d9c2c01edc5b70179332b768b707db752f371d9ec5314c7219ac42ab,330,0,0,10.141117,2.7791004,-0.18625641,-7.5131874,-5.148565
331,train_images/59fee5bc3479.png,de47634d15fdab1cd5a86a99487611fcd0af8f5e082b44b46813f5ca90656575,331,4,3,-7.103256,-2.917736,3.6153831,4.8004684,1.0609422
341,train_images/7d0a871c45db.png,f8be9845812647ce006eb8978000392fb0733899ccc1703529dff22f45b34af2,341,0,0,12.150635,3.3640404,-1.4478683,-7.9696846,-5.967943
346,train_images/47e51065b819.png,ef3603a91a1d4ba1313425d009e1b183bf05c0bac02d73a01707e6801f5be0a4,346,2,2,-4.993805,1.7956619,5.138611,-2.774002,0.41020536
350,train_images/d271d3a2b552.png,17498cc8b58e96cd88d60d5d34ce729385267731c5f98c974d0cda2e41467945,350,4,4,-3.1495094,0.5238209,-0.23407364,-1.8044624,4.326457
354,train_images/f0546a45ef10.png,d02ce8d9678104a733b59e5dbd1609184499a66f6710e9a9476970d2a9cb84c9,354,0,0,10.238682,1.43363,-0.7918968,-6.184231,-4.6122746
363,train_images/2b21d293fdf2.png,4b81430cae386db2b934e8fb0a8a138cefbe6b9ab9d28df2af982cece289a385,363,2,2,-4.036419,-1.0015907,4.589836,1.0123444,-0.952281
366,train_images/b67ae80f7eba.png,f51223ede581037bd120181f4fd1f8d7d703d796e2321d481990ce9d751bbb1a,366,0,0,9.425774,4.106081,-2.3935585,-7.022213,-3.957476
372,train_images/6c30dd481717.png,9f76d6cd2eb30f93057d31538053bad61784521ce931bc6a28002bc59d721741,372,0,0,9.327301,-0.22487068,-2.1854591,-3.3143768,-3.5615644
376,train_images/835b9f6e12ba.png,9c05fea4642c1a2e206cba87dafb2b01d5a4f2d48e082b7225af0064af664cb7,376,0,0,8.853992,2.3019238,-0.7841263,-7.2272415,-3.1193178
378,train_images/80c67efc8101.png,e716306a851be6c34252a751cbe2834a10fdb3e797055f1d898b6f7264768d0b,378,0,0,10.3474045,3.0749683,-1.2317619,-7.862362,-4.240243
387,train_images/731b19a460ad.png,80a2451d2bcec6acff85691c236c5c3ed4ce483ad34938071ce58832a4e9c312,387,2,2,-2.8425217,1.0114975,3.4178581,-0.1353035,-1.8082352
392,train_images/8714d17bb6da.png,511a529b27f6d1ff9831401c96452d08b3d8df6dfa7b0282d22e16a90ec7179e,392,1,1,2.3742523,5.3020763,0.38861465,-5.0407906,-3.1321912
395,train_images/a6d45de20e4d.png,e8add7e27effa3014aaf72ecf4862bb66d95dde52a94be5bc8eac07b658baf41,395,4,4,-2.3096695,-0.33677673,1.8060417,-2.3053894,2.829657
398,train_images/1d55e689cf84.png,35cac3316fd9d76cc3f7825cd6bfe7ad6f96b8621014644c6d5a9d54a9a3121c,398,2,2,-6.1698303,-1.4545078,3.3237343,3.2408524,0.5429621
403,train_images/356304d15a5c.png,98a9038ac664f32aab5ff78e3270be53f778f9b903ca6216b9a3a92f17681b9d,403,0,0,10.433601,1.6610336,-0.68486786,-7.7379,-3.5803142
406,train_images/25b0e72705a8.png,c4f5306c6dbb589bf52f28c756042d0db59a56246571d54728142da315f1fb9c,406,3,4,-7.3674393,-0.6690216,2.3734283,2.1914291,2.972096
408,train_images/bc34ed91c9bc.png,9d96ea52c89bd809a29351a2104371e8a4dc07ea134f1ad8f7bbb5b624e08678,408,4,4,-3.17284,0.8320503,0.99773407,-3.3611946,4.314781
418,train_images/a8aed92940fb.png,0a0999ce54f1e7dfe1597ce4ab13da79d6a2100632e7b8ac4e96d5e8c6bcad5b,418,0,0,9.710842,0.75217247,-2.6840134,-2.961338,-4.76457
420,train_images/b1197f2cc9b3.png,8a9797fc89e0f7c7bd92ff28fc1180f201ad3842d8b426c1ee9502ab938c163c,420,1,1,-1.2195091,5.157673,2.1683235,-3.901394,-2.4709477
429,train_images/d7ac4a0c9760.png,3d6b9cc13972bb9f4b3b1bfdf20f8962654f71413a3421341b18a78f1d123d3c,429,0,0,9.750263,3.0082474,-1.0198135,-7.464432,-4.186357
432,train_images/69c4cbb630de.png,0fe2501509dd3cf2fd29939bf59112b7d50287b7447ee1a4ff01118146c5dea8,432,0,0,10.536285,1.7137814,-2.118557,-3.4586678,-6.6006823
436,train_images/71e43b4f8ba6.png,d53cee79b6c156a255a32e011e925d516bc8dfab7e5618e1130176c8fa43ebde,436,0,0,9.831169,2.3302155,-0.84129715,-8.054138,-3.1877334
438,train_images/68ddb15a74de.png,691e849f6f61cae2747f010506ce14448b98eee4618d38aaa66be8051d998db2,438,0,0,10.528297,2.533907,-0.42625046,-7.927456,-4.593335
447,train_images/18af532e7e1e.png,87bb2fe9f88db42d9b05a809a4e0d108f83494edbf09781a4e72b312d65d28ea,447,2,2,-3.969654,3.0559196,7.999298,-4.259243,-3.1994865
452,train_images/10a5026eb8e6.png,ad2875a26256abd78fabcb0e5a3272017a7374a281f22bfd2397f3903d666ea4,452,0,0,10.182785,2.4036598,-0.65089417,-6.635338,-5.138727
458,train_images/e03a74e7d74f.png,a4fb528752e8d1759b2a34d74c2ad0c91e2814de246c82daec35a8f0427b5554,458,0,0,10.619057,0.40933418,-2.269909,-3.824337,-4.8327427
464,train_images/83517eaeccb9.png,239164e7c996faff3fd3d6d7b74a5eb85962a4761e7318c1f62a6eb6d08a182f,464,0,0,7.8447914,2.2300663,-0.60787964,-5.6270065,-3.8148289
467,train_images/38fe9f854046.png,16a98018d3addb0691efb90252ca312e39a7a3cdd56a38bf996bb3856fa97063,467,2,2,-7.158718,-0.3488102,4.3895893,1.3492737,1.2397528
468,train_images/88e5051f65bd.png,bdc64072feff821beaa91f08b92bb26d1367d45cb4fe31c6a74060358163919c,468,0,0,9.803314,2.1266766,-0.9747505,-3.8796997,-7.018424
479,train_images/26cd40b57ad1.png,4abe9f1d4518a62be8ed2ded3fefe3dfff51b3326904b595be7a2895db4fed80,479,0,0,10.586548,2.4680023,-0.6657295,-8.289127,-4.0193725
483,train_images/8f2996b8d855.png,a96a664e66700148cb95d3dde854b364c075bf87c357e7a18b8823b1fe592282,483,1,1,1.1244698,6.3378086,0.21767426,-4.846382,-2.9683247
488,train_images/1b32e1d775ea.png,0d2fd1f2299c818ff14a57c895bca9042ccb9b574d84bb988f22a64e543db91c,488,4,4,-6.6307144,-3.7304287,1.403511,3.052536,5.340827
493,train_images/dcc6c0ad5cad.png,828b716fbdda7933b4125d61062b1e6d2370e2e4f8351eab10938bd1a234f30c,493,0,0,6.0423813,2.6374283,0.8566208,-5.822361,-3.6657567
497,train_images/668a319c2d23.png,0d01e974b09bcc249e7825f31b07a35755d57010e8de869dfe86e171517997f2,497,0,0,10.328907,2.365757,-0.58109665,-6.8955727,-5.1270046
504,train_images/ae2e888905ba.png,119bbde338e062fcdb8dca3664c61abc41eedf04b3701b6827115c3980d1f02e,504,0,0,9.648304,1.500433,-1.5146942,-4.7506638,-4.827345
511,train_images/a3706ce27869.png,ee0076b751d23e7bc4d85a7e733cec906a8e957422ea6a131511ac1a2c2950c5,511,2,1,2.663906,2.8621864,1.8080368,-4.7709618,-2.7605572
514,train_images/f5c953bee7cd.png,c72e85145a9661a56e415df87f9844421dda34af8ac8331cf46668fd480bbf4e,514,0,0,8.515377,4.3679485,0.058559418,-8.629448,-4.299122
516,train_images/e7a372a1c3a4.png,faae132ac95715ea52797b975b5162bbeb761559ebad52c0da5ecdd96cfd33df,516,2,1,-3.1764412,3.3802414,0.9780693,-0.29766846,-1.2184665
522,train_images/f025f33b2c9b.png,1397d987e28eafb5e9574fb756741b1ea787d0b54fe2db3d7f6f677fb51682c1,522,4,4,-8.914112,-5.1117573,2.6461678,3.9113235,6.856348
529,train_images/ca9c912ebad7.png,1d6f8f0a41531c1b16c2e635cce2dba61a0e458b39033e604fde843026c7ec17,529,2,2,-3.8805008,0.12667656,2.5673447,0.8774605,-0.117209435
531,train_images/7a6e384a0846.png,9227558e4aebbd79af62c71b942b1441a9242c31c086af9a1f176e091f6a161e,531,3,2,-3.0002632,2.0049534,2.7863235,0.3379898,-2.4404712
532,train_images/247ac63e5510.png,a9e70d6b8561ba10d7724c711c4dba6cd5428fdb1713d576ce7ddf65f1f927e2,532,4,4,-6.7001534,-2.234396,0.71912,-0.7418442,8.469952
537,train_images/821789e9053f.png,53bc863622e03afc1091bb2ac9b64ac67a6155da608a3ec6f982e1dc0dece3dc,537,1,2,2.1125603,2.0270672,3.414608,-5.641655,-2.1425967
544,train_images/9b32e8ef0ca0.png,57d8daf10020a08edc358bea7606ff87ee9bb161beb608daa81c9060c1f14dc4,544,2,2,-6.7781296,0.5168133,4.153427,0.93730164,0.6805663
552,train_images/4cae247d9909.png,5757e03da6f2d4ec5708be8254da719bbec29c5bb046e5d89c66d258ec65df5d,552,1,1,1.8755379,4.60618,2.1324348,-5.8552704,-2.9415567
559,train_images/be197b663520.png,ac88a3bf7478b9c02f3330630a706de0b90d6c29e6ff7ed40a3e281c2c291084,559,0,0,8.655945,2.8873997,-0.6649933,-5.761307,-5.0788074
561,train_images/8906c9ed54a2.png,3c2b1850958bbe953a3b1e02f4ab6ccdba7585a35dd776a5fe66cf1fe30389eb,561,0,0,10.264416,1.0927944,-2.2187347,-2.4918938,-6.580469
570,train_images/76be29bb30b2.png,d295e1a477b8e41bd1aeae97c703df87be2c5c00a89ce3a78696713b737fb59f,570,1,1,2.6054,5.1665115,-0.64714813,-5.0893555,-2.0885139
572,train_images/dc6fa1b38b83.png,c68b346c65af77abd32683e35de2f4e3a045f5c1b549d0808ec20ce767214724,572,2,1,1.1899338,1.6264515,0.26469803,-2.5257874,-0.70165277
580,train_images/b200c23b299b.png,f2fdb8791f4e45080ad11789bb5658542d634761883463fe9bea5cd5668b3260,580,0,0,8.724525,2.4326153,-0.20632935,-8.287441,-2.6334853
584,train_images/e4c799738a19.png,c8e01f11ed207e68869cd16e8620e3ee7fea7bad15d67344c1781bdea9225a8d,584,0,0,11.737442,2.0699768,-1.7254753,-8.384869,-3.586406
585,train_images/c446985355f1.png,7b4989b1b1300e55af757f546684945c12d5edcadd04873c27ef15229e28927e,585,0,0,8.122311,2.1260204,-1.0613556,-4.955185,-4.203687
594,train_images/aaaadb174012.png,12edee50ce755054d0b958558172634c35413765d7cdffb9d9e36c0a758ec58f,594,0,0,7.369808,1.0902996,-0.38841248,-7.193466,-0.8968296
599,train_images/b71428739d4e.png,54a4ed7e269344fbe95aa90acb01a1aab23723eef25abde2ae57df03364990ec,599,1,0,4.23246,3.488699,2.499981,-6.6005173,-3.790909
606,train_images/07a3be30563b.png,a1099e42adba1f11218b977d2dcf40108b8adf157f88b3307151cc5c04ab686f,606,2,2,-8.667667,-3.0977097,5.0274315,4.267708,1.899663
609,train_images/7b8c78b41c0d.png,4b033a443c6ae4095bceaf4ed37225d956a63f2e5e321cb7fcb45265de459e57,609,2,2,1.0972977,1.1747036,5.800663,-5.683811,-2.565964
611,train_images/f0098e9d4aee.png,204ecfa968e9215cbff1f78c2534e68d76b421884361ff7bbe4ba1b141f6fccf,611,4,4,-6.54224,-2.3134441,-0.48874664,0.66228867,8.156216
618,train_images/9b093fe95d6b.png,d26052c16a58e45ad7db9266772230b13f906a30ca165bf108a5b9f8a44256d1,618,3,2,-4.063339,2.4223442,3.9068794,0.7476692,-3.4646394
623,train_images/46923eea9a4e.png,5fc0607e8a2177b14605db192199e764176b0b3ffb8b1d6e61207a0afcc9bbdb,623,2,2,-6.2579,-0.22369194,3.0342522,0.97849274,2.0042853
626,train_images/1d29cb2f4296.png,675ae52bd52caabdf4b888f9b1e77748d2a0c361c6a42d6409879b9f1c49e081,626,0,0,6.2084007,1.3867321,0.6151352,-6.134594,-2.036829
628,train_images/50d8a8fb7737.png,e0212fc338cb6bd5185bb9fda606930419ce26302fb0e6a02787761a5dbb307a,628,2,3,-6.8006554,-2.592741,3.3456345,4.8914948,0.62477636
635,train_images/8a234d68b27e.png,2bc3c9ac97e38382a3aa2945931cd8a34364886ba2be2cf6cd2d53251d524060,635,3,3,-8.314556,-3.4601917,1.9834175,6.859825,2.3772507
641,train_images/c23ff6dcf15e.png,d0a935345e284e0c3771f153dd1e7199c676eae390ac6ba3d231c2439b2ff0b4,641,0,0,11.646297,0.94802666,-2.58033,-3.2409286,-6.6457615
643,train_images/bba38f2294a3.png,a9d033bbe12119ff9fb5f568e258fbf71ba806f251df90c5f5f35c1c28240994,643,4,4,-6.575241,-3.3367672,-1.8856087,3.8700027,7.3790655
644,train_images/c70d09370109.png,2dcd43fa0ede167ac271ee1a53fb745d776315de2ae0e84a0828101a1a063fd9,644,2,2,-3.2188377,1.9683037,4.247856,-2.134552,-1.2803528
651,train_images/ba2624883599.png,f7a4062b28b87de188dad43b8db5e581f4ac144fed195eaef7a8744245cc358b,272,2,2,-2.1085052,1.9102879,3.2359772,-2.1746178,-1.1662254
652,train_images/bfaa0080ab61.png,1cafb8e70ff9e5b0c1ad5a6499b5f1f02b2699cd17d347d6b8e9c5c301287fb2,652,2,2,-4.6284447,0.13010597,2.8546486,2.1956558,-1.0114753
664,train_images/27e2be850a99.png,afa1e8061240e58e7434666e6273a993b254ffa99ca9a30b02b7866d60b11872,664,4,4,-7.3790665,-3.0076923,-1.7809029,0.85798264,10.769128
668,train_images/50916d67bb51.png,c4be162937099024d87f919581461a4d522c9a5d684898c6dadf35f6b1c3aba0,668,0,0,9.879498,2.8610306,-0.6621895,-7.193104,-4.798714
671,train_images/4aa07d720638.png,a78460992d18f4936decd31522b089a6ce80e94572b365c9ecbf1c94669b5e3b,671,1,1,0.9615631,5.9117565,-0.36768723,-3.7834435,-2.8519874
675,train_images/2dd28ac497d2.png,ed2e559e40075b74cee96624c1a113545df2b5af5b1fc247543300af6b406d95,675,0,0,9.432735,2.398941,-0.52827835,-6.6077805,-4.627038
680,train_images/8c7c26c52a6c.png,b6d2b800f387d04c3be464271cb78997dd9034d002e7bfedf70c9726b46ab0a3,680,4,2,-6.4248886,1.5859356,2.6196747,2.5856094,-0.8314252
686,train_images/501c319f7a9f.png,8907f511178c727a626243f864d8aae6db43971c009b41fb1844a931d89ed9e6,686,0,0,8.606731,1.7542667,-0.012046814,-5.566742,-4.7395263
689,train_images/8871e6a26596.png,da20a47b0acc5f0d9baa4f3a70091aed316d451ea2918e5bc7210f2cea1f6c23,689,2,2,-1.7434998,-0.42894936,2.7056923,-0.88920593,0.11364412
699,train_images/882a71de424e.png,d28af9aff3530667b2fcd2d53d33a18974e7c946e9bae86d92f3f7d09b378fe0,699,2,1,-1.2828407,2.9295807,1.5045967,-2.0836716,-1.3512275
706,train_images/caec68f11c86.png,99a959fb829c78ecc0d79687fe089274d14e3645dc8dba28f63c31dac7056895,706,2,0,3.0443344,3.0266209,0.7280884,-5.676773,-1.2980494
709,train_images/4478b870e549.png,61dc794bdc6ba70e118bc3cb2580b58d716a019e06b38c5a2d400c250abf9201,709,2,1,-4.746315,3.0864658,1.467907,-0.22883606,0.058289528
716,train_images/bb45257258cc.png,c265dda2673557cfd9203590574cb0330999eae60f6f99f0ac3c032b13c6ea19,716,1,1,-0.88166046,4.757435,1.5815926,-4.927044,-0.72568893
723,train_images/0953c0ac1735.png,89ee07623edc358e3d2f734051166c6f3c8c842111ce0ad9a4cb14388ca51e34,723,2,3,-7.150635,-2.0913086,2.7212944,3.7613144,2.1966386
727,train_images/24b943fe725e.png,ccf7784b8ff590ebe793505a648b014f5ca36f14b95dd1a6f3a02d708aad857d,727,1,1,-2.3192444,5.0527477,2.6016045,-4.1766853,-1.4468194
735,train_images/295fdc964f6e.png,877d9d7695aec8bfe98867e5568f236f8ebd6535678b762fbcf38453761b6ccb,735,2,1,-4.554657,4.179737,1.3941841,-0.75066376,-0.63831186
741,train_images/6e3526053de0.png,8c845a254a44d5dbe6e99149b1b0d424359f8a6c467926f3575ed4f71993446a,741,0,0,7.5727425,4.093294,-0.70846176,-5.8584557,-5.0182967
744,train_images/1e9224ccca95.png,312e23e7782f1088f43ff71b2b8974312ceff12be08c8e4c146d194ba8daf94d,212,4,2,-7.5254097,-2.9061222,5.6055336,4.0013275,0.25629115
746,train_images/81371b0c01ad.png,8a59ccf872c4200146be39a229bef5ad6db8bf1afbefcc9307631246d4559c18,746,0,0,11.619194,1.6855717,-2.2997093,-4.770344,-6.087864
748,train_images/b72a86d61959.png,c6a82f7b6fcae8640e08acb5603652fce9e8d501fa236fbc4107754f0a55f458,748,0,0,9.233505,2.9690323,0.078517914,-7.8108406,-4.4320693
750,train_images/e3e490babc0c.png,ce6caeb46908fb9312c9bab2a5b9709389140f765c69125ecad2e796a2eed1fb,750,2,2,-6.262577,2.4843464,3.484661,-0.06431198,-0.110910416
762,train_images/999115d9386b.png,7e689e44d8ed4e9314f8d430060bd72b9bc995034b27a9f62a2a17bee5549635,762,2,2,-6.821369,-1.2374268,4.761204,-0.3192978,3.1025
767,train_images/878e356c8fc9.png,af5cfee1fb6309801f059dcb77139d5b2a2421f648bd5e3144170a37d3134531,767,0,0,9.485222,3.0306911,-0.1616211,-6.5030785,-5.8106475
770,train_images/4eaf2f81819d.png,6e42d614d989d8adf9078490ddf51dc4d560358411cc0a3bc4695e695ff10bcf,770,0,0,8.313465,2.6691914,-0.18258667,-7.402916,-3.3686929
776,train_images/41345cec5957.png,91d3f65d8fda4f709f5758435a3a9ed15e41d6ccd6b767d6fa1732fddf8a6818,776,0,0,8.396671,0.98669624,-2.3730202,-1.4754944,-5.508706
784,train_images/c0968d41eb93.png,b326efa20789d828f5b114087c3593b5194fbeeddf50b7a989046f3927e9b61a,784,1,1,-1.4507179,3.2205257,3.021824,-2.6681366,-2.402781
790,train_images/b9c7c5182075.png,292462ae3a550ea45611b9c03806f7e261ba03a0c171980d2f5080b0fa913d5e,790,0,0,10.4366,3.4655304,-0.4460106,-8.341358,-5.039936
796,train_images/6f689fced922.png,3035c2036b87d208c3aa77e1c91745583ea0d2e51b2f18c10ec898d94d85dd42,796,0,0,8.449375,2.8421612,-0.48867798,-6.6558,-4.1054926
798,train_images/57f933d3d7c7.png,e6944ac4a6b1d6a0d34bbe498ddd0146b5d672b5fffe563081b8adaa1c174eae,798,2,2,-2.7375336,2.0167427,4.4773254,-3.4100876,-0.5789399
802,train_images/a73c3d516c59.png,d216592f408c1036c8b5bfd95d0a1266eb1d0d45fab28b1bc13246b1692dfb74,802,0,0,7.0975037,3.5662117,-0.8730545,-6.934822,-2.7781615
805,train_images/53ddae6a619e.png,6519d5f6604ce72c02a25e6d36d1af6123b0d259796b55ceda2db679bdc56017,805,0,0,9.157112,1.936163,-2.6131058,-2.3523827,-6.1065288
812,train_images/3b2b91590590.png,8f5b5a7c15b31286ce2346f08259f8845e2c502d1d6340558db7f09f5741676c,812,0,0,11.587845,1.6885853,-0.96552277,-7.150326,-5.0576725
817,train_images/33596a635b53.png,c82263b2245335f2e8f93aaabfd0975947c9374f4428bc728db42c9c02096f54,817,0,0,9.6892395,0.8360958,-1.8596649,-3.0136414,-5.603304
818,train_images/4ffa38550c95.png,5ed59482d0dab55a5cc3ecf2559b0590f0a12849675b0c059ded39d296e1e68f,818,0,0,11.971134,0.98088646,-0.8782768,-6.254318,-5.6968527
829,train_images/f901d460517c.png,45de2fd54fd2af8349e9695fc43c64ba964c7eb1f143dbf1a59c5fa425118aa0,829,3,2,-6.2899284,-2.4901428,4.364994,1.6555252,2.2459965
834,train_images/1c3a6b4449e9.png,e61ca49f98d32f234a000d7654891a521ee2ab11aa9d8b6686ffaf07a1f4a142,834,1,1,1.3417358,6.5997066,0.7849655,-6.7878723,-2.101293
836,train_images/d2d523e9f669.png,55de5164017259c8eee610a6b41fc19be6944d86f525228fc9fc989f5db3d4a2,836,0,0,8.909313,1.5489006,-0.5357666,-3.0675125,-6.870984
844,train_images/080ee76c958c.png,91b652c838f2b1edeaba481629596f6cfd647c99b2d795fdecb3cd108287d9b1,844,4,4,-5.41098,-2.9566765,3.5424042,-1.0485802,5.440647
851,train_images/0a4e1a29ffff.png,12c41dda12a9bd7f0674bc886aa657e90b92174782973f2cd5421e8c8797d765,851,0,0,9.116184,3.029436,-0.8981285,-6.6791687,-4.5233984
852,train_images/4f20f9a9a65b.png,055e5b2a0c4d7cbe10a5936175a2b6a3765651f55080cfb8c400a913d50b6d57,852,2,2,-5.117367,-1.1608849,2.8538322,1.3927994,1.677721
859,train_images/8785b71238d8.png,cdb9288c5d185e7085068fdc0ffa473cfb6a18e395ad1be7d81bd3a53dba09d8,859,4,4,-3.8796425,-2.2295551,-1.7872467,0.054885864,7.4824524
860,train_images/3b9c1f42c2f2.png,194e890db59ac0c1b92724436ad62e5f8aeda3333ed67139457ebfd9f3833254,860,2,2,-4.639633,0.19446945,5.425579,-0.8836632,-0.5482974
871,train_images/adb56cecafaf.png,64558d2a745c2d8424bd43225e0ea6c6503ca07ad06d2a5e5cf034d5f22ce886,871,3,2,-2.3849564,2.191183,3.301548,-1.2481422,-2.1905298
873,train_images/3d2ecffe0386.png,50deb86f2a36ca1f1e74c374a804d36f50852cdae4a99b9a88b8efb51ba7671f,873,0,0,10.273373,2.6988735,-1.6877556,-4.004551,-7.215065
881,train_images/4d17559ac1e2.png,e420da01506880d1edc51de4fff12ae061070eb778ad909efe7d75cfba2a25c6,881,0,0,3.0406456,0.976305,-0.74346924,-2.7050018,-0.6397636
887,train_images/8ead8f37423c.png,511625fca1557f94678a0532ebd93045043f1dcaa1be4ffa93369737698dba91,887,0,0,10.532997,3.3161583,-1.2645149,-9.247002,-3.2676313
889,train_images/191a711852bd.png,89139434b7b2f5f67a76ec44cbfe2eefd6f0cf0aad8a663fe80e630db811abe8,889,3,4,-8.826221,-3.0558548,0.076042175,5.027443,6.163143
890,train_images/e5d56f4f359b.png,d2f07717b48a5e6fc51a5793ddaa4c80d6d4c4714e98c8fc8a5b52f94d521a64,890,2,2,-7.221401,-1.616684,4.7425156,0.6544876,2.9447532
894,train_images/2ef10194e80d.png,026c2b7afb6345362d8568b7679c22e0bd46165e4d33fc568ae51daf463ae09f,894,0,0,8.107296,-0.24884605,-2.2378654,-2.7479935,-2.8498852
900,train_images/5321ab64f9ea.png,1e0e793b814752a8ff13aa74ae221124ccc7672638572174f85d5fe985f8a009,900,0,0,9.15971,2.1957245,0.34888077,-7.4905853,-4.193295
901,train_images/d85588ff2ebd.png,218657a9a2228eb17d677a87f31e1b817414a90648662d8d3815a874e1c068c2,901,1,1,-3.9685364,3.5484467,1.6156616,-2.0028229,0.43971252
910,train_images/7ec0e61a7e29.png,4a97e1a53c6f23150c483b56a5781826b198aff33459451aa5ade5203b1945c1,910,0,0,7.501236,2.3294888,-0.32369995,-7.0001945,-2.5012822
915,train_images/bc73ce76ec43.png,db2723ba6701f0a2131cff98d8b766d010ae855aa2ce51f3b66c0d6fc07a8c9a,915,1,1,2.740509,4.163582,2.11594,-6.6646996,-2.5349553
917,train_images/7d11dbc1e738.png,0086b2ca56624f7150cc6ef7a681e21e1f99d88fb8c64ebe49ea85a8cc1177bb,917,0,0,9.98513,2.534607,-2.5267982,-3.1469955,-6.7758203
921,train_images/79d44db3da2d.png,2f52fa195598cc0dbb125801bac2a47870e5132c248fc19460299d2708a3ffd9,921,4,4,-7.431526,-5.0303364,-1.1289444,2.653473,10.412108
927,train_images/25a0a1e41afd.png,1a5f25e31ab9de7843981195c2b4be06a83f131fd7a84376d1ed627c3b331330,927,0,0,8.91452,1.7842731,-0.68222046,-6.7824135,-3.167168
934,train_images/549381330191.png,fdad2ad2867e2a39801872edefb9cd6ccdaa62e673aa24d6373c679d2bd4919c,934,0,0,8.857925,2.2569637,-0.6038208,-7.2335243,-3.2221158
940,train_images/4c570172778b.png,6e1d2be31da239e83a143abee9e9e8b5b32b1baa1ec793813835a8516249a85b,940,3,3,-7.700569,-3.91148,4.1840286,4.283249,2.563891
943,train_images/5f51192841f7.png,120a8865d14c497cd15148e522b979fd3cb73c8a8c1d594c8ef9a973c288721a,943,0,0,9.043476,1.3499355,-0.9742317,-7.7518997,-1.6415594
949,train_images/d9d2631f043c.png,d8edaf0eb25f3a1ce50951262fe55f05b87f52cc70ee2031425e66c08d294032,949,0,0,7.614872,3.821024,-0.5233917,-5.5152664,-5.285964
956,train_images/587146a55885.png,fee1af21dca13eed52f88ba9d62aefe29b00c4d34e440d3b3f32bcdca470009d,956,1,1,-3.195984,5.0570107,2.1598167,-0.82357025,-3.5568988
960,train_images/3ca12e02dd4e.png,aaa2b3ca2e809e8bb5b0ce9d652acb896498ad3d52c6d964050b09238f58882b,960,0,0,9.580944,3.4627514,-0.29040527,-7.908554,-4.770859
967,train_images/e33766353db2.png,7516916c706b2d41e04f1cb523b7b390be0ddcbff40beb3d23337b49928a6b1f,967,0,0,13.101456,1.2773743,-2.86335,-4.8776474,-6.485345
972,train_images/64ac539f58cb.png,892364ce0b665b1f4aae4156c37c396021ca1479eb469a6a7ef0ecac0b590f5e,972,0,0,11.047199,0.16591072,-0.91275024,-4.6916504,-5.5210314
973,train_images/6ea07d19b4ce.png,af73cfc382a8c7a9b0270a712e6402601f2b7c8af11e593fc8fce37da75ccd8f,973,1,2,-1.1204987,2.2592583,3.0449142,-2.6870575,-1.7949232
974,train_images/bac1744955c2.png,d88ee8fdfb5e7ee4d6f896cd4d913ecb045bb4e88a2f6859b6720c8abd6f3f29,974,0,0,9.170422,2.4713497,-0.7236862,-6.732216,-4.119405
983,train_images/537e5c578f40.png,91216a63283788eea8ed4f6a7454f36fdebfa6ec0d1bf2e529259caa5a0f8ce9,983,0,0,7.517544,3.7440987,-0.71614456,-6.3199615,-4.165422
988,train_images/94b9ccc73bb9.png,2769ce838822081b775304fd42059ae0e190ced82fff1cbc31549f478d0dd361,988,0,0,11.325279,1.5015984,-2.2862015,-4.9641724,-5.447033
993,train_images/44878f34e31f.png,0fe0be0e0a547efc2ea281bad5740d36a24afc673e24bf103a6fa5619b16a1ea,993,0,0,8.649239,2.550682,-0.8896179,-7.748329,-2.523285
998,train_images/c0e509786f7f.png,014548e090df9d1d91b4f01d9f9dc41981741dd319047fabcf785f01d71504a1,220,4,3,-6.672516,-3.6942291,3.7692032,5.3698425,0.62714195
1005,train_images/2c77bf969079.png,0f1f28108271c1c78e7ec2af3e1544b5cbf4979b3db1dd93a591872936e67965,1005,0,0,6.838875,1.9552956,1.3814507,-8.330685,-1.685746
1013,train_images/3f44d749cd0b.png,fc12c65aa6207bd74cffe19726cc3ee11d371f54e3bf019919df3b96d99694bc,1013,0,1,4.033478,5.1201096,-0.47995758,-7.2168655,-1.4870542
1014,train_images/c94f37085d0f.png,fd62871771b7ca12ae340c503f06355bf1399359c74191db8f393f236a189113,1014,0,0,9.698864,3.6314087,-0.7786293,-7.9765053,-4.514554
1024,train_images/7d94a000c2d0.png,87ccf2ddc3e668afa1b5dd3367e418bc86a7993387d98d396c462ca7e8483a6d,1024,0,0,10.717678,2.658018,-0.85383224,-8.154411,-4.299791
1028,train_images/8e6df9eedcd8.png,5248c530abf5af7c2b30bd7e5de4ceda3f6e15fb61f0888db70c0c272d3e9768,1028,0,0,8.979454,1.2355518,-0.86301804,-6.2383385,-2.9715703
1031,train_images/61d9c88a3a4b.png,6d68bc75e2f4e18917399f5b9b7f0b0bdbe7ed077a0d47db75eadede58060590,1031,0,0,9.248016,2.6643028,-2.2119865,-4.2936172,-5.3385487
1034,train_images/60e269e3e188.png,2ba34c9b9ceedf72cd8f15642cde92043972ecf68458c5315c5c556ef19d0e25,1034,2,3,-5.976509,1.3390255,1.6143913,1.8173752,0.7486782
1041,train_images/5cc6dea19614.png,99a7f36ec70d812552636b93221f422f88c5124b5734fdb9a4d13d97571b697c,1041,2,2,-3.3102036,-2.293871,4.5200176,-1.1193199,1.8321762
1044,train_images/5cab3ef4b31c.png,cae2f990107df8a8c49b4cdbfc844f45ed270f7846e11113a45f1ab5d52fb750,1044,1,1,-4.043129,3.5949078,2.104435,-1.1577339,-0.8348515
1050,train_images/12025b34deb8.png,3c7c855d7b017ffc348a989009e0cb444e2af0cc7f3a01f2696b39dc6709e8c3,1050,2,2,-6.816391,-0.8669472,5.2119827,0.51220703,1.4981446
1058,train_images/4ec7796df40e.png,118b09df9d50de643a95794c972ec8fdebeff9a50d94d1bee3e4599e96975a0a,1058,0,0,11.145527,0.1686573,-2.8470917,-3.0894089,-5.300536
1063,train_images/55fd453001cc.png,b8bc353283ba0387fdb9f80402076e0a25b7c1446f01f5ed7e3678ae10d9ab49,1063,2,2,-4.035042,1.7866745,2.6584778,0.03340149,-0.82991576
1069,train_images/8f1e7433a95d.png,975d3ae21b7a64bf5956fa60670120ed44fadc37da0482a08be9021c0f3e7e5b,1069,2,4,-3.8382835,2.0171642,2.4690323,-3.9008713,2.868001
1070,train_images/5712e2aa73a2.png,065cdc945e19d25477ced9e67a035862ad0dbd106bc46cc955f3aa183ef1ce56,1070,1,1,-4.7789536,3.0900078,2.4125137,-2.9786606,1.8879128
1073,train_images/46d3316c4857.png,99ed329e1d7b4e3a4e554ec5ca138085d2ab9f43076cbc9653a851dd99ef82bf,1073,4,4,-9.568806,-5.8055496,0.56980133,4.2308655,9.958874
1079,train_images/c597ef460944.png,2143e28c67aa065efb3b279c4d3faf844622ad00af999b066f50807b0fb6687a,1079,0,0,3.9975128,3.8944607,1.4360619,-5.3795357,-4.0092487
1086,train_images/5b3e7197ac1c.png,300f89c62c0e2eb3b60df75803be69fcf33c05a63c8bab7577f0f8395edd164f,1086,3,4,-6.0043526,-4.226738,-2.1296806,3.1766663,8.666458
1087,train_images/29f44aea93a4.png,012499cca8489935d7691f4df7d82998264d9e7dd1fa710801af4e5c8b944cfb,1087,2,2,-5.1902084,-0.79907036,3.3193932,1.3812561,0.8553324
1096,train_images/f18abfa690ab.png,ce1481cfb40096f964996c7c3f95f90529d1eea0b12ccc9593b6935f678b3da1,1096,2,2,-3.9684029,3.0277061,3.3521805,-4.4981613,1.6739187
1098,train_images/acf976efd7ce.png,489a6f2ccf80b64b9a3e2ed417f8026e2ff1c2294ff62a11f8d1c73012df7ca6,1098,0,0,11.720169,2.9735165,-1.4370842,-6.997799,-6.1308355
1110,train_images/e38f3a65b02b.png,f4156c29e7a14bb423d692c43d1eb4c45c5116be94668a84d1904da8a6340bab,1110,1,2,-5.110138,1.0680046,2.1103287,-0.15213394,1.7061772
1115,train_images/2fde69f20585.png,4c617b0667d1083e09b1e2059d9d9ff651fac14429e05d4d3ad369ea2c685d1a,1115,4,4,-5.9875183,-5.9046135,0.9536514,3.5037613,6.880472
1118,train_images/08752092140d.png,f115e50fa75743fc0d5de5fefbc4b5a1b313c6f3a12825f249a8d7eab36b902f,1118,2,2,-5.266033,-0.820261,3.1931763,2.259964,0.16199827
1120,train_images/63c3c571b8ee.png,4e8caed4c5f83d972e8b39a0c1ca8787a49cb1babb3a78e5c4ad07e0ced0a423,1120,2,2,-6.81847,-1.1181984,3.717865,3.2193832,0.4728701
1128,train_images/beeca5f14618.png,582da01951ef35ad0236fdf206b02ed2b9df4a9070d50a57008df2fad18773b5,1128,0,0,10.293186,2.9819832,-0.8013611,-8.839657,-3.456116
1137,train_images/803120c5d287.png,2d4cc88543b57cec1735a65655379ffb2b70abff85fffdedf2ba255cbebfc2b2,1137,2,2,-4.2006226,0.830513,4.2103424,-3.72649,2.4988642
1141,train_images/3b9817a39adf.png,839905d3893f5a066683c7a9480a90835032d27dea5ae52ddd568f04602ad5be,1141,0,0,9.542377,3.811821,-0.6477699,-7.845768,-4.810652
1144,train_images/91e82fe4e434.png,7570ee36060897e63334b1d6608192595e316047e4bb2aed20baa20ec4d7016c,1144,0,0,9.429882,2.698433,-0.47650528,-7.8371696,-3.75889
1148,train_images/682312e82ee3.png,4c3feb738a914888574af8a54ee679995c168bb23971f19fa315b386defb6153,1148,0,0,8.7561,2.6416607,-0.4786377,-5.7506905,-5.0525703
1152,train_images/f64b6e85f1c9.png,78be606419d7b256743b710b273c3e7d8b39fa1271b7dbed44a44609ea2571dc,1152,0,0,10.912567,1.891798,-0.715786,-7.2646065,-4.744876
1155,train_images/5a93c0f783c4.png,1a6e353a3acb5ca479b9e83422b4f60b0ea1a71825d86a0e3dc0951048b698e9,1155,0,0,8.972092,2.8045921,-1.3951683,-6.0515137,-4.201296
1163,train_images/962c0fc85e13.png,2657fa588b2b5179bc4a69a7f558150f383bc7e608b3d51c61d55b3e4d769061,1163,0,0,7.6134567,1.3731174,-0.30659866,-1.9648476,-6.745233
1172,train_images/bf18ff30a8f6.png,32ebc37c57e83704da342ecee696ce39eda07fb98c3ee34c9d9f540ea201bbfa,1172,1,1,-1.0985527,6.0979004,0.42284012,-4.2413254,-1.4149518
1175,train_images/e4a44f9158dc.png,d23b8d9543062af6ae385fbd8a164726cf7dd16f61167328e3b8e076dbdf04a8,1175,0,0,9.827774,2.2940311,-0.72078705,-6.877907,-4.4525747
1181,train_images/13d71389563f.png,9a1ca35289993c7db77f1b71b42a33e20a27852e1bf3d7d599ab80379288d6c7,1181,2,2,-1.7318573,3.071041,4.764988,-3.248436,-3.1487174
1185,train_images/89d9c071a56f.png,4cb61161b1e5dc6ac30032b86712b7dff61b5fa801a2566922f421694e677516,1185,1,1,0.85198975,5.6156597,0.89001083,-6.4754906,-1.0305524
1190,train_images/48c49f662f7d.png,026b573652957615c6c77503e4029da609bc01519a20a612a26f3d88fce4b484,1190,2,2,-5.204006,0.14614868,3.8470383,0.012065887,0.76621246
1199,train_images/94076a9fb9b5.png,52681463744eabd952e19823c6896028da7dace2dea416fde32f8b81fd0fa54f,1199,0,0,7.7817955,3.4562244,0.43396378,-7.221649,-4.436205
1206,train_images/39b5b05d6cd9.png,b3655add974ff8bf9e9fbd5f3925004471c37064c0d993ffcb4b53212177629d,1206,2,3,-7.0877686,-0.59679985,1.8472061,5.140991,0.17841768
1208,train_images/9b0eb9f41da4.png,1325ab16a9e88dc788c77552e43931fd36ff0257f8b1be9b7e9af7016cee39f7,1208,2,3,-7.803688,-0.12181282,4.6774445,5.063202,-2.3451483
1213,train_images/61bbc11fe503.png,db2521c1cdaf5f046628af834ce3fc27781d47bb933372778a506c154e47582f,1213,4,2,-7.5960426,0.082588196,2.6097984,2.4467392,1.9413557
1219,train_images/3dec415b188a.png,06c9b3a43fb4e6ae2b3b95994e45f9cfe16eebd260ec65d368cb41559de3bac1,1219,0,0,7.420208,1.0208893,-0.31153488,-6.4090996,-1.7536705
1220,train_images/5723d0ec895e.png,d8d46aa0908ef3d82a5ec34ace06ccbed64ca647e2bcbd330a7905e85cd3ce49,1220,2,2,-2.952362,2.1965427,3.319519,-0.7091484,-2.2116113
1227,train_images/c8fc0df22999.png,75c2b6b6cd4f9ecc2b5353ecfabd5b46261031ac2a8908cdf36d66418590df01,1227,1,1,-3.9521217,5.14847,-0.18723679,-3.133419,1.7748332
1232,train_images/352e4a939242.png,e986cf2457956d0fa8fd52a174ccff26717d15330304e3844019ce446fa0cf60,1232,3,3,-6.981201,-5.883713,1.6320839,5.688362,4.9691687
1235,train_images/857002ed4e49.png,1dad7cbc33426f0db3af5629ebc9e043ccd133b59290c047f274e3a625f55eed,1235,2,2,-7.661396,-0.4386444,3.9880638,2.0710907,1.5107107
1241,train_images/cb602182cde3.png,ddb1e1d97941491d746575bc8232a3b9a3e9db436c49102788cd86ebe728201a,1241,2,1,-1.8558159,5.151804,4.569063,-3.7504807,-4.3856564
1242,train_images/f0c13be90519.png,f800e705ff8fde6e1fde2c1a60ba4a706b6a6728766db9163c6eb95b0c3ef052,1242,1,1,-1.0316315,6.2899265,-0.27892303,-2.2525978,-2.9638817
1245,train_images/3a6e9730b298.png,180007fd2a75e760c1bac95bbad4e1b3238ff6f0804fe1ce89e7e57d21f0b00a,1245,4,2,-0.031002045,-0.6833744,3.8483238,-2.9939156,-0.27205968
1250,train_images/a6731dd737af.png,98908df1c636ee9dfb42a624ce43d7cd3dbe52aa1a77c73133039edaae446c6a,1250,0,0,10.577049,2.368021,-1.3750267,-7.389984,-4.07355
1253,train_images/a93f1ea3ff4a.png,c13e7eb278b3ca91fecdafc1398a792e83df58db7c69966a12193e6930425739,1253,2,2,-2.9582367,0.7641258,3.4370193,-2.488926,0.853168
1262,train_images/80e7cc0a0649.png,d6e822ea917f17fe7d1847b8a912effa309d3c5fa97805428156f81fc89c408c,1262,3,3,-8.259022,-5.3388786,1.090004,9.0182495,2.9218626
1269,train_images/82deb07a6618.png,d994a37f3cd77ccbe167029de6338cf6d8c620fc58220da4564206731da54ad7,1269,2,4,-6.5707016,-4.576151,2.7874985,3.5740051,4.249013
1275,train_images/8ff863f8874f.png,c13f3768256e87d0f75fde691e17572f6a9b13a98040e180d94fed22fbf8dc15,1275,1,2,-0.1692009,1.764452,4.1244316,-3.5316544,-2.3547556
1281,train_images/0a1076183736.png,7c930ff71809944a0b441c0a09c30f35629eee67d59eb0837624b29b64b7eb3b,1281,2,4,-8.117485,-4.3381214,3.014183,3.3698807,5.5107536
1284,train_images/f47a2a4a0411.png,61eaa30bdfdb34e3f544d5f9d89606cc68c678ec73441ce4886c83fb712ba6be,1284,1,2,-2.3082619,2.146349,2.843132,-2.0642052,-0.95679927
1287,train_images/b50b30aa6e6c.png,5be08103670fffd106198148dec4859bd0747e609afad0da41e858af17732ee7,1287,1,2,-0.7214775,3.5641327,4.3814335,-7.4214706,-0.07025194
1291,train_images/0773a1c326ad.png,75d5faec0b1674b0e8bf41415495015f351f91575293a290dc2cc646b6a847dc,1291,0,0,11.228302,0.7944164,-2.546379,-3.664959,-5.671611
1296,train_images/ff4832d55461.png,3dd2cbb8a22f390420a964768210bfbe5da54fe834d7912ac4d90a4df5c1ede7,1296,0,0,10.740326,1.0586452,-2.3908882,-3.1354828,-6.168204
1301,train_images/4a0890b08532.png,a562e39baae39e773ee3efe50fa30e1861161a7bb8d5d8b303ae38c80e33c423,1301,2,3,-8.05312,-2.0406475,4.1758537,4.6817017,0.6123457
1307,train_images/0ce062f26edc.png,35b5c66c9071b6e259aafbb73ba0325e5b6bd4e75c746b8e7994e7f92a7becc3,1307,0,0,6.3726234,-0.08325577,0.447567,-5.545372,-1.1578283
1310,train_images/43ddd0ab0cc4.png,30cd4c451b5f65d4bac6528a2eaa0bb62bdd34587ddb664171a754a8bbab3bc9,1310,2,2,-4.351322,1.3868713,4.0646973,-0.10297012,-1.4143586
1318,train_images/0eb52045349f.png,f7eb4409c21ac0b5b929fe41f168e8d0c28a570ac7cee4d019d1b1eedf2dfd80,1318,1,1,-3.1329727,6.572691,4.662262,-5.3461533,-3.0964637
1325,train_images/937bc1b924b1.png,512ec217645c98aeee4a6babc8c884d2772137fddf66a98461465e122cc45da2,1325,0,0,10.59164,1.1077576,-0.4096794,-7.5217247,-3.6847725
1331,train_images/12058bbb8299.png,176557cc89459c69f2168dec71da5241afcc57e04afb462be6ff4ca7aac25ab5,1331,0,0,9.66301,2.2020168,-0.700531,-7.643299,-3.457277
1335,train_images/02dda30d3acf.png,92fa31748c1b01be89a88d6f005bebc28ff219abeb9ac04ee0eadebd16f42f36,1335,4,4,-6.1176033,-3.4993877,-1.2009659,1.5760345,8.766524
1341,train_images/be3a7d9e981e.png,725320d109d5d4805047358f8f025f48ea2fe0d3833b9a4f1ae2defcc867817b,1341,0,0,8.791458,0.61824226,-2.860138,-2.5456772,-3.9826145
1347,train_images/263d8851e33b.png,e5590bdf783927305fb3a083e0fd374ef8e21b37fc6b2d9f1489a3d398f5fad1,1347,0,0,10.156376,0.15048027,-2.8235207,-3.8499298,-3.5679536
1350,train_images/c7b622ec8104.png,5c8d9b62c71c43822959e5ac857d1b5aa9e1c4ad503da218fea24cd605859ea4,1350,1,1,-2.5212631,3.445547,0.87467957,-5.2678413,3.1467276
1358,train_images/5b301a6d1ac7.png,d225b61e8d51f82c9971e163f64b33a7e477afe4e09697e1f3912b83220b61da,1358,2,2,0.023952484,1.6447449,7.2882767,-5.2065926,-3.9780402
1361,train_images/9a28d4e8aef0.png,6a10f05d2beccc134cd493ded91a12e579a18eab3c1b5385f5524c9ab1846343,1361,2,2,-7.1987953,-1.905674,4.733227,1.0524216,2.8141742
1367,train_images/bacfb1029f6b.png,49496258c2673cdcb7123f16954ebed4c67f461db2032824e11e8d637a66f73b,1367,1,1,-3.3904724,3.716196,2.5289497,-1.4024315,-1.7791979
1372,train_images/143db89c11c8.png,3ce75c293c60d45d3e95056af7411ab7ea304f1b8bd51184363a6b3cfbdb0272,1372,0,0,9.918526,1.8339272,-0.9230995,-7.350338,-3.3770666
1380,train_images/2af1bf226f51.png,d9a3e286e7789cec48d037de5c486f2e43660f8cdec380e59d65a159f096bd9c,1380,2,2,-0.9341774,-0.20943451,3.975563,-0.5208359,-2.6214657
1384,train_images/c947bb6cf9f6.png,20cc6987a96bb11c53ec2599a57d63fcb56ed67856bb5edcbe386f6288322cc0,1384,0,0,12.194199,1.6865597,-2.0686913,-3.983467,-7.707611
1386,train_images/2a3a1ed1c285.png,4b81430cae386db2b934e8fb0a8a138cefbe6b9ab9d28df2af982cece289a385,363,2,2,-4.036419,-1.0015907,4.589836,1.0123444,-0.952281
1390,train_images/9de9421f17e3.png,4285a16f876b45d3c65e5df5609f551a1188a32cbf9812a59f9df088830da492,1390,0,0,10.137173,2.3998413,-0.6504364,-8.559273,-3.2302294
1399,train_images/07a2b8cabf6b.png,71b13f01b62aa3e2bb4ce7e5d2e1dc3381ae232d09267a91319384d93fd9a583,1399,0,0,10.785702,2.7550316,-0.65037537,-7.285755,-5.504621
1400,train_images/4f7755e74a9e.png,55604dc3edb5b7e7fafe3cc0ac4ecff2cc85aa858f6336807f4c6ad5fb3226a7,1400,1,2,-5.94487,2.952896,3.1942444,-0.9825058,0.3442719
1407,train_images/4a05f81b3aba.png,6422610640bf50835413067b52de6daa2ab3e9f45c4bcee3b2c34f20500b8e6a,1407,0,0,9.519951,3.9063053,-0.58834076,-7.9640884,-4.705996
1411,train_images/64bad93fde3f.png,f36992c7eec8407cc4af517c6d83da7e7da5fb6a2e5b1b5bf3595a1fd5512815,1411,4,4,-7.710495,-4.4795036,-0.5342865,3.1939316,8.95504
1419,train_images/da0a83f074f3.png,6ef48397572d697ab747dc1eea43ca450ea98f0d3ffb22cb4b1fc4eef2365287,1419,0,0,10.607231,2.9296246,-2.452652,-5.4268646,-5.572902
1423,train_images/cc964bf04dbc.png,a21217c26890a330e9eef6f94e9f049f9cc618b9c28485e44ba42819ebf687cd,1423,0,0,10.618649,2.8424168,-0.25495148,-6.939804,-6.1710587
1428,train_images/44ecf3f4efa5.png,ec18cac8517844de9149e062cb740dffd22593a5340541c4d2b67a96ae8ef6a8,1428,4,2,-3.247425,2.67095,2.864544,-1.5752907,-1.0381961
1429,train_images/f366fb1cc475.png,b6a32b98e65c335d6d75122d658633b23c1b48de8f49b1890044c740799ebc96,1429,0,0,8.358139,0.720808,-0.52767944,-6.44223,-2.083497
1437,train_images/bd500a73beae.png,a787a9ce24376ccdcbdd0bbfc8ab719f284038b2f5ae363b3665393bb0f8aea7,1437,0,0,7.8245316,2.4376812,-0.9802666,-5.1428375,-4.1181602
1440,train_images/c5e238aa18be.png,8ce31cced70e9a2eee7c9ecd91c09edbb64257d95a14be71854b73ae3687b89d,1440,4,4,-6.2793694,-2.5342884,0.96325684,0.8423767,6.489662
1444,train_images/2c1d5be654dd.png,b43bd43857aca9efb608b23d251d7200c0b786b1ae52382a3695e3904341e5b1,1444,2,2,-3.269928,-0.0154953,2.2290344,1.570694,-0.9094739
1451,train_images/b49b2fac2514.png,d3bc9cdb76429260ace935a0535dcee775d27a55f5c8e8a6b63ba3e2b63403e6,1451,4,2,-5.5588875,2.4961472,3.6203804,-1.315731,0.36553717
1460,train_images/d18f6431ebce.png,d429efd66264b82cb2b51f7b9a272c6fa0631ce346d46cdeb71118be29b94f89,1460,0,0,10.238388,3.0204487,-1.7661781,-6.666157,-4.752469
1463,train_images/d2c2f02bb313.png,0b79765f39764766e34309b038b9e5b0e355add223c40bb9e70ef7b08e73684f,1463,4,4,-4.7657814,-0.7692299,-0.8028145,-0.66872025,6.5756416
1472,train_images/d6f6bdfd8011.png,73ca7a3eaedeef1b293439b9c1f8f703663ada8ff5247bb813a8d75e4bd4aa33,1472,0,0,10.544292,2.0285149,-0.8637352,-8.019321,-3.6010947
1475,train_images/849a91e9ab28.png,835f8a55a039bbd84fc671f049c4d4b84ef37cc591f9766724aad4ac48896da2,1475,1,1,-3.4130821,5.349243,3.3411446,-3.2764587,-2.301188
1481,train_images/cc1eebed9276.png,ee1ef3b1d28296e347400f787eb5fa10a3711fedb7e6d13b4885c92ed1b8aa7e,1481,2,1,-1.2513885,3.0269394,2.4076118,-3.8890266,-0.52956176
1482,train_images/53f6c1c65c04.png,34569f7cbc1b2e6315a7124e90e8b6e3d5740fd93c8fbdcfba47115abcb530e1,1482,1,1,-1.1389809,7.1067715,1.9945068,-4.508011,-3.6762626
1489,train_images/10eefba568dd.png,9544c1e7dd75d02e8f74963d64844a5397194d250a2d21bb89b7d2f9636fe64c,1489,2,2,-2.3255577,1.9923153,2.2487488,-2.8037796,0.54884124
1491,train_images/f819c65b803c.png,b62fef9a260b46bb4fafccf0f9f3bdf775393ba8da623e5127c724e7106625e8,1491,0,0,7.392727,-1.2952805,-2.1894379,0.17033768,-4.101612
1493,train_images/1f31701dd61b.png,71da09afa365b17d769c3b3f99acc525f569e2672e1bc463cf571f2b4979f2db,1493,0,0,10.260914,2.3207016,-0.07400894,-8.706905,-3.7416854
1503,train_images/cac80797770f.png,ecc5a9f7522791e13c75275153b0271c2db80d8ac3e73e24207b588814ffe982,1503,2,2,-5.50243,1.0201912,4.4311066,1.4989243,-1.8840877
1513,train_images/62ab144d5cee.png,a8b6d852951432418d72ef57983a65f3b8dd4a716c77fd9d7a3bc1ca6fe11377,1513,2,2,-7.9552193,-1.9590569,4.5742607,0.76288223,4.053792
1514,train_images/03ff7d159f10.png,587d1ac74d21d49aa8ae818c2a86eb4571cbb7708ee7ddfb83cf187dfba077f2,1514,2,2,-5.5252724,1.9228706,4.4430676,-2.665596,1.3853021
1517,train_images/496155f71d0a.png,4d4ea272729d76d38b905285adaf0be8d0cd17734111ad40dac0bde6e849ffad,1517,0,0,10.661526,2.6366253,-1.4943466,-6.33123,-5.3696933
1519,train_images/fecf4c5ae84b.png,1bdaaf702098d21ab5c631ca727a3888c33f06b9c5c97c9a7f4b20b9179bf2ea,1519,1,1,-5.042057,2.3875942,2.1063004,-1.5092125,1.6763959
1526,train_images/b8f1b30877db.png,290e662bdc163d418c95dc3a50410d240a865445801c1e43c13076f0b56644a7,1526,2,2,-5.4486237,1.0099354,2.6641045,1.8009186,-0.50226545
1527,train_images/ef81cd8854cb.png,271ed0d391756c340a72835af06fd9d63be319164bfaaad42b443d11b462374e,1527,0,0,10.925331,2.260912,-0.621891,-8.016502,-4.4450245
1535,train_images/4134b290f5f3.png,e40b592f129db48ec1a70fd8a1171ec595f3ea228d9d081ece24763a9baee694,1535,0,0,10.223995,1.521286,-1.1536255,-6.5152283,-3.9162369
1536,train_images/bf7221a016b5.png,863730b974cd8f72791b1f5e64386d2435e4b576411997f51691886f290a189a,1536,0,0,7.061447,2.0304222,-0.8418579,-5.3876495,-2.7783198
1544,train_images/5b994ff78547.png,2956b142924e8b08a19e17b1c4f004f0dfca9b96e283ad74e157347b6a88c7cc,1544,0,0,7.900158,0.5049553,-1.1311531,-4.676918,-2.566469
1550,train_images/00a8624548a9.png,6ddee2bf8f9deaf83d323fd261b04698641c399b25bebc9336a44f24abd61d75,1550,2,2,-4.403599,0.33603668,4.4193764,-1.3719292,0.6124468
1558,train_images/eaa0dfbd5024.png,585a5edc6351401a6f240f326077e93521c6a394c7f99f9a24add145d7638fe8,1558,4,1,0.16526794,4.612528,1.4915695,-6.524666,0.03320694
1564,train_images/8c29a76fa08c.png,12f3d5fd0bad27803ba083c6e0d0753780ce10c1cb53f2574da4b932b5d1b6b8,1564,0,0,6.585659,2.094633,-0.27592468,-5.594845,-2.8332853
1572,train_images/83038ca49b6d.png,7c92944228879d7b59531e9ad00a99b21974b984c7c223ed4f7fbd127b813788,1572,0,0,9.503014,1.780777,-0.3564415,-6.971409,-3.9131348
1576,train_images/1509d097b69a.png,ddee0f52f7aefbe08916b627e2caaca3db978e89f6668c571152395b55b146e8,1576,0,0,9.26516,2.929926,-0.9801445,-6.791172,-4.3633347
1580,train_images/2a5a8b744f08.png,1e5321f241d734a9b41c743ed5323ee0b1f6066387ed187954cae533a4e2bb7e,1580,2,2,-3.0245247,1.5343761,1.6611748,-0.8789902,0.4119308
1586,train_images/f02956bd7c50.png,ac501f30168c3179693d53e0e4d43e5178cd546fe8f0d5a7a51941d919dbae61,1586,0,0,10.56966,2.244814,-1.9110565,-4.793541,-6.0247
1591,train_images/7bda86d95c5b.png,391a4e3f50aae25024f359d226d2a1c7c9e9259d0d1d18c94ec63f532bae3c56,1591,2,2,-7.701496,-1.1383457,4.3652287,1.2000504,2.73484
1598,train_images/a2d349f567a6.png,8d820c5a206b72ecd9c93e962e857ac53321f0c470f65379ebd8a8c4b7e66cba,1598,2,2,-1.3015747,2.515667,4.664854,-5.1458893,-1.0665641
1602,train_images/52ddde91a349.png,bf3f16a9921c2657a7957728cd19202785e46a1e0d3bae5368ef24816c5cd34f,1602,0,0,8.330124,3.5505981,-0.2836113,-6.548031,-5.040337
1608,train_images/b22354b5f94b.png,c4c4b37c5695e1d28625c8c373364ef7b15655877b6bc1da0b272b11a777800a,1608,1,1,-2.6592827,2.7369595,1.8112564,-2.9209175,0.75754213
1612,train_images/6987804eb464.png,bda9d6de5454c615a56d5d1213ce0464ea2d4d7f64d6827a928c421786101840,1612,2,2,-8.658451,-4.314453,5.623829,4.358513,2.3729596
1618,train_images/b553e7909535.png,1d1f9df7f07b1e767ae2c88c5a00f102f11bedb0ce169c124d8128405d9368c9,1618,0,0,9.161919,3.2078762,-1.0365067,-7.796459,-3.4796312
1620,train_images/3ac92ac3d65a.png,e16e4484e7f2e79eafdb843c0d305ab5edf09d6f0701b2b4e25b1424cffea5fd,1620,0,0,10.482811,0.9393997,-1.6643753,-3.5369377,-6.1160364
1625,train_images/abbb8791785e.png,9f1b3c196566d13d20bd67bc429c7517444bcd9693818fc48d546cf5b56a9b9f,1625,0,0,11.357498,1.630619,-1.4620667,-7.47435,-3.9425302
1629,train_images/486e852a3b4d.png,70c629fb8e24877e90e59852a0b4823bec6e977b231ec41cb1f92fd67571f723,1629,0,0,9.451717,3.217638,-0.35860443,-7.7528954,-4.405119
1636,train_images/73d40ce06a67.png,bf4bfb23e9b28be5ff0db148e7c4d864927e9a449f3e1875bca46b865c9fc39d,1636,0,0,10.141598,2.3455448,-0.37395477,-7.705593,-4.348759
1642,train_images/49eb73968c44.png,b5ec6a6083569c6089923cf5836a4714187f3270af2287c450361f2469b57039,1642,0,0,9.753273,1.6430588,-2.3304977,-3.2640839,-5.741288
1649,train_images/ac81fc200162.png,6b88988b5b6b905aae7bab714f783b41aa451ae9700d0e738a7bb91e64f8948d,1649,0,0,6.608162,2.160303,0.16726303,-5.379097,-3.5004628
1653,train_images/beb2ad14fd2d.png,624a0c6e60a809489d44f194c2abe9ef3fa9919234d466d9a3991c9f73c6d82d,1653,0,0,7.768551,2.6166115,0.81786346,-5.980198,-5.120968
1659,train_images/0125fbd2e791.png,25be4933bcc2797c0e507cf4437e302bfafcacb941f48fd84657cda51fa33808,1659,0,0,8.793087,2.4130669,-0.4220085,-6.187145,-4.548555
1666,train_images/76cab26493f1.png,38f1463f384537b957427664bd2362c07e87c4c4440e5d9abe426781889e59e5,1666,0,0,7.532383,1.7166672,-0.43997192,-6.228462,-2.5188124
1670,train_images/36e4b704b905.png,f2143dc2f371004cf5c573feefe89b87453a8c688f090a26b2400dfcfb621ec1,1670,0,0,6.7230873,2.8027153,0.013484955,-6.157181,-3.3161707
1676,train_images/527bea76116c.png,060c1adf6806035357d3e09b512778ae877a722cd504aa670853d18c135514f4,1676,2,1,-3.886078,3.3223076,2.478447,0.27392197,-2.579528
1678,train_images/ab78a66dee6a.png,84d89cf5c98416200fc9dd35b81610deeb145d90f761aac9b3e099b453b7fe31,1678,0,0,10.265289,3.091177,-0.06365967,-9.652557,-3.553557
1680,train_images/e724866f5084.png,d52604994a542eace7e39a32c3a853b7bb38e7a271585fdc5d44df9867997d81,1680,2,2,-6.6893654,-1.5306759,3.7484474,2.1083755,1.8747153
1688,train_images/4a693dd3921a.png,7552b54d93adbd7cd7271558baec7095789e29485b9068bf98f600fb0a0ba40a,1688,4,3,-7.7629547,-3.8181973,2.5737915,5.301193,3.1576343
1694,train_images/90a9a41eec6d.png,455ba8db1b65936ead87395c768601a038aa37b296ba48842517c693f10a933f,1694,0,0,6.9911766,3.7556496,0.4055519,-6.297619,-4.7571163
1700,train_images/e3ec668f6fad.png,c33ba4bcd7e5aa05abebcf50083bf3584b8671f217954b4049a95d39196a382a,1700,4,4,-6.7746086,-6.5552197,-0.0679245,4.141861,8.721552
1703,train_images/86fbac86ed3e.png,bb9ddd3c6eea2bf2af7645887a905c6f13b1395cac69a445f2ffd137346816ca,1703,2,4,-4.454479,0.010917664,2.3392563,-1.7718048,3.4934912
1710,train_images/ed6704e3b72e.png,e3c34e63ed721f759f5717522ce5fb98f3c8c8e66181423516bc7c854389d8bb,1710,3,3,-7.5827637,-1.0047913,2.825592,4.721077,0.51034594
1714,train_images/06be1092a062.png,01f11e2c8955a65f82dad656ccf6127030e90449fd579bdb14d5ab4310d8ca79,1714,0,0,10.015717,0.81311417,-1.6790009,-3.4729996,-5.6080317
1716,train_images/d8404680bba6.png,e1ec4760966ba84e0ffe89e6945e6ff441c887f12d2efb02dd8d5b1747b4a593,1716,2,3,-4.795765,-4.590189,3.0757446,3.9222946,1.9930992
1717,train_images/1fddd7c98fd2.png,1217509efb49901c946b3ea88d81d0c5031ac4d53130f0d29994e9937852e7e5,1717,0,0,7.3518677,1.3309975,1.0457382,-6.4641953,-3.1882977
1724,train_images/d81338217fc5.png,6eefb8db8ed7fb7871d2f7b6a3c19a4f05512406e02c269852e8f54ddf1e6c93,1724,2,2,-4.0675697,-0.21705437,4.577875,-0.93410873,0.3164611
1735,train_images/d1a24527a15d.png,935aaf3323cdbc0d1c7337fe0b6517152729e768670cc4cdd287e1d8a7198ffc,1735,4,1,-1.7281113,3.4200459,0.5837364,-3.0462952,0.51001287
1739,train_images/7d1da90d3ca9.png,61d4e111e948bd2e9e4d03a8207e456da860acbda70e9e541dfdfc3948a09204,1739,2,2,-1.6590843,2.7465992,4.899534,-4.5963516,-1.6088774
1742,train_images/d1fa0f744620.png,70cca9973c460a05538c62dcb647d501096fed02faeeea88bfca80f371ca6833,1742,0,0,10.830387,1.4781609,-2.1784706,-3.0320892,-7.059515
1745,train_images/d2c6b99ef62c.png,43a1ab957af1d234367a44af83321b677f132196ecd710e31c3c998d468ee3a6,1745,2,2,-5.6016655,1.5013866,3.0062904,-0.33379745,0.9869108
1750,train_images/f9e1c439d4c8.png,fc12c65aa6207bd74cffe19726cc3ee11d371f54e3bf019919df3b96d99694bc,1013,0,1,4.033478,5.1201096,-0.47995758,-7.2168655,-1.4870542
1752,train_images/07596907347b.png,ccc663ec7ae53ddd94654bed37bc5ea53511fca773a5223914b003627d7d8283,1752,0,0,7.386471,3.1573868,-0.2843933,-6.3599396,-3.9560452
1757,train_images/87295c5fa1cc.png,8da2f351eaa9d57ea94c37c35df2e1bd549659d000a1f9ed1b11299064f89bca,1757,0,0,8.715488,3.1502628,-0.49472427,-6.231022,-5.109322
1765,train_images/a62e995f167c.png,6a4859bdb98fbf886a4e4dde9357ca2d45c177bb782ca1e5423a530b0e7c583f,1765,0,0,11.800938,1.8089714,-2.8789253,-4.809231,-5.788845
1769,train_images/0abf0c485f66.png,eee2fcc8ce8e24c9aa13f5d7d6c2b30b84d00fc97d1c29522cdb3e69fb0bdfaa,1769,0,0,10.274387,1.3433533,-2.0522308,-2.9030876,-6.592222
1776,train_images/e7b5dd5bab1f.png,edd718dc08532f5a92141647d385b4e3f8a66358c536a42f369e84a1c13d4f25,1776,0,0,11.648331,2.0867405,-1.679657,-6.978298,-4.958142
1782,train_images/8ab8d9b3ce3f.png,277d6b8f1f646c7375f0b37e84734f33f5d6691aa06173a6af1c4a988c4b5b5e,1782,2,2,-4.9719276,-1.2538834,4.5496197,-0.7622223,1.9791303
1788,train_images/87b671c6d4c5.png,82ae90e4785971407f9756c2b74c1b3bbf82493acfe30ff55e65efe1279e6edc,1788,0,0,9.568306,2.3491821,0.056884766,-8.297035,-3.6327288
1795,train_images/d85d052900b4.png,a8f266a02ca8ace9b0430f15f41a9275735d8fcf41dc77dbe0be87d06d591419,1795,1,1,-2.5523834,6.5532894,3.2126808,-3.8322601,-3.697188
1796,train_images/9c088d2d1559.png,6c246305f61c7103af15a69e8b94b146c1d16e897d4570b7ed092ebd390ad4b3,1796,2,2,-3.0084724,0.7185116,5.6243553,-2.0156822,-1.5980151
1798,train_images/da3a2275c850.png,b0f644c31fabcb0924a2be40d129713906df032a65c6079231a8a643d03e0d3c,1798,0,0,9.279064,3.6057396,-0.5486107,-8.334652,-3.9554496
1801,train_images/b95d4dd8e5e2.png,2351dec02e436e7050c99fb7477bcd0739852f51b5071eb154dec53f3e224fb6,1801,2,2,-7.5574646,-2.0756588,5.2887726,1.1056366,2.688209
1803,train_images/8c84e96d9b01.png,7717c65b934744740a6ec0956c3f375ea86a900f41d3f26b4ff8d40fa449aa63,1803,0,0,6.3039627,3.3210506,1.2022591,-6.8231506,-3.952621
1809,train_images/500aad15b7c8.png,b4cab74575f727fb79b2380d58742180a9c3afdf2961dff742956a9b361cb0fa,1809,0,0,8.44236,1.1798706,-0.9391632,-3.4296532,-5.258669
1810,train_images/6ba5ed791444.png,a2d2e04d0803922d80387367c6683c3e9f4c7d5e055efe42a5fae63e6741007c,1810,2,2,-4.4044914,3.2112122,5.357355,-4.693844,0.13323665
1818,train_images/19b0e3c734f5.png,3006432532de0549cc93ef75defd344cd13500694f937e301e221f97a4c02bad,1818,0,0,8.2309,3.2565327,0.0016212463,-7.4135056,-4.03978
1827,train_images/767d777ee889.png,f4776054dcdd69171fb31625a2134ebaa0d5c178d2df9d99f6c2375286ad93a8,1827,0,0,8.410984,0.98225975,-0.8268547,-2.7393112,-5.8376336
1832,train_images/ac720570dd0f.png,7dfd1bc3b095f8016f23763f78318b46c9f9fd4b565c435ba328668490c4e978,1832,2,2,-1.1253166,1.4528618,5.65469,-3.6307144,-2.5410142
1839,train_images/11b220a397b8.png,438c727b03316c1c4ade63115b0a4b1b90497bcd5bdfe84044c1ecc8284cfd08,1839,0,0,10.89299,0.6830654,-2.5146523,-2.4534378,-6.548852
1848,train_images/2682e6da9050.png,fda331cd2248f6ae05a5a6315de6598563c1eb8b23adfc6d7b270cb4018d4770,1848,0,0,11.509697,3.2040253,-0.39936447,-8.2906,-5.79308
1852,train_images/78d53c82a23e.png,6ccc106bbd4cc8e25c77ca189ea7646a09cdd17bb5fefdb9171cb2dd894e40a1,1852,2,2,-2.6590576,2.332096,3.7403755,-1.137703,-2.6424727
1855,train_images/07122e268a1d.png,f89bca08645bd43831048e7c322c5cd6bb8ba0ada7326c01db6d764ba6692dbb,1855,4,4,-7.507969,-4.912197,-0.76614,1.7162247,10.959787
1860,train_images/b6304c545f95.png,463490bde6419393c5850567e70871b17bce171d03588511cde83733f7c0336a,1860,2,2,0.87945557,5.018404,5.8230915,-8.1381035,-3.6962807
1866,train_images/7bc00e58d419.png,aa919920feaac259811f657c458d2dcef89ecc086a00cd6c0a992ef4d8b4abf1,1866,0,0,9.049866,1.7619705,-0.34497452,-7.406334,-3.0124815
1874,train_images/9878db94d9f3.png,f239d6c938a368c8d31060b13502e11a7ce615ed6d277a32e25b89857b6f6961,1874,3,3,-7.161766,-2.5008602,1.5820999,7.6590805,-0.10738826
1875,train_images/70f5caf5f305.png,a73d35d246524252eb859a2c1fd04bc6fe24f7bf9eecd34628414cfc305282ec,1875,2,2,-0.2787323,0.52845764,3.0448647,-1.89151,-1.6753906
1880,train_images/35ac70c0d08f.png,0ad21e1aca6697e35e8f51c028d7b4193d0faa02c56224a856680ea3d0e0e214,1880,0,0,9.756073,2.7705612,-1.2676392,-5.787693,-5.4109235
1885,train_images/1b862fb6f65d.png,083ddb72c8e7ee68409cc85bafda3974bf4dfb09bd0f3f597e92faf169ea6879,1885,0,0,10.496635,3.1168118,-0.8790283,-7.500023,-5.1364136
1892,train_images/1601c939412f.png,337a06126e44eacc3296519cd83f666b6c37adc7ff9a48bd2c5ad1690a5b293e,1892,0,0,8.7304535,2.1953697,0.09689331,-6.84692,-4.171452
1893,train_images/a9a28c37c8c4.png,da801506dd021cac4c480f5c62eff1e6a75a211bfa9c9fa38dd3471c198a2a6b,1893,2,2,-1.858593,0.91386604,4.625229,-1.4191742,-2.616703
1903,train_images/15bed5adde74.png,2817a15678bdb13074e128471cbe84d4e82b9b817976cd1cbf979bf709557e3f,1903,3,3,-6.8656807,-2.5114841,-2.7181816,7.282257,4.2876477
1908,train_images/e1ab92228e60.png,ed8fbdd3792ee6cf27989e1901321a2a71c10997b0124a88ef23764a061f2505,1908,0,1,2.5056725,5.8563995,0.76255035,-6.685669,-2.5552146
1916,train_images/d5ad3362424c.png,4948c81a633f3ff0fde7ade239a76dadadd94eb10eb310c19eadf598943e0b76,1916,0,0,8.571678,1.9837189,-1.1666718,-5.5677376,-3.706007
1919,train_images/86e7f98f73f1.png,1a751e7d99513c7ffec7a3a9dd4516955867a40bdf486ad2722f8646435f2444,1919,2,2,-5.4388466,-0.34298325,2.742878,-0.09712219,2.6442995
1930,train_images/189cbbc9e5e3.png,67e9fc1cc6b21f25f77eb12261b0fa48f5e3a7c9f20f01b8ceb613fe66475ddd,1930,0,0,11.776127,1.3641834,-3.2489777,-3.747963,-6.0175037
1932,train_images/664b1f9a2087.png,43c464a9ae093b03899bc98fcd84894496f3784f896c0010d8556d2318c3da8f,1932,4,2,-8.419567,-2.6738052,5.312004,3.598404,1.576314
1938,train_images/0d9a9896f801.png,8b93ccbdddac2fa59661445c8a8c2b6c53637528d939acc3af8936f6258d51b3,1938,0,0,8.898548,1.5680408,-0.5641365,-5.477043,-4.3678684
1945,train_images/201f6e10c108.png,1daa6e51571c2f9535584de9ff3d8007d1518db5169caef48f4262e358198178,1945,0,0,9.691856,2.3239155,-0.0026855469,-7.7689056,-4.1920586
1950,train_images/e77a93c3d9a9.png,eb5ca55bfc92b8590513a6bba5196299aa503e6a5e2b85a93a9c80f21ed75e2c,1950,0,0,9.22237,1.977911,-1.0860672,-5.3979263,-4.571922
1955,train_images/7b49041cbf17.png,12f59d5797391415c06f352997d90b6823b7aec15a65d253da279cf9803692d0,1955,3,3,-7.4215126,-5.3600388,0.4662323,8.8040695,2.9609237
1957,train_images/02358b47ea89.png,987fc6b9d1f930be38f3ac35d9e34b5e7273f22d0a1852e5f0660451965fe3ee,1957,0,0,7.947933,3.0296364,-1.0632324,-4.7155685,-5.0722055
1960,train_images/6cb98da77e3e.png,026b573652957615c6c77503e4029da609bc01519a20a612a26f3d88fce4b484,1190,2,2,-5.204006,0.14614868,3.8470383,0.012065887,0.76621246
1963,train_images/b21abe5d9722.png,18acb05129780fc8347b66ca3c0f79fefd4923cd37a9786c2d93aab644ba1a8f,1963,0,0,10.334801,3.289627,-2.578209,-5.601265,-5.3697987
1970,train_images/b9d0b83d70c3.png,e8aca1b357f054a2ba32d35e34a73c6ffed8e2812b722c3a9b93bf91aab50a70,1970,0,0,10.834679,2.3795357,-1.4314041,-5.645954,-6.017538
1972,train_images/a804cef3e51f.png,d45022ac4411bf7534a52f8cbf07048c5596b0386b5e2d50b44e895879e7e20b,1972,2,1,-1.7839355,4.7245865,2.9184303,-5.1082344,-1.0358772
1979,train_images/6cffc6c6851a.png,4015b44830efa83962d6686cb182ef90a98a2bac5b651d7b3bcbb4b1961d39bd,1979,0,0,8.301182,1.5309029,-0.9072876,-3.1766853,-5.7304335
1986,train_images/75a071608ea6.png,cd24dbd034f687a913a771b0009a0f7466514164deb2a8738ea15ca246710b21,1986,0,0,10.06358,3.0087795,-0.9050827,-6.87714,-5.212085
1991,train_images/e12d41e7b221.png,49496258c2673cdcb7123f16954ebed4c67f461db2032824e11e8d637a66f73b,1367,2,1,-3.3904724,3.716196,2.5289497,-1.4024315,-1.7791979
1993,train_images/655cafb4c932.png,c7b16c240823c4dfc2d5ad9dbf3ed06aedb3d777628d3dd16d7c4c4759f534eb,1993,1,2,-2.5441322,2.9993172,4.3129444,-2.0909996,-3.0596194
1997,train_images/8ceff4c4c860.png,5b8d1285749230c49cf91daf12e332eeeb20976e9cfaeed809aa4f8ee077fec1,1997,0,0,10.193977,2.785324,-1.569027,-7.267803,-4.045526
2004,train_images/5777ef74c9ec.png,8bc0a987bfa59f68e194d3e2967c753be3d8c6c690b6f0fe0921bc0c287a95bf,2004,1,1,0.7288017,5.96208,1.7146378,-5.3126564,-3.251924
2010,train_images/4689b739d240.png,14d7fedf16a210db69a74b2c3cc1419da783d8545dd74fd713479b39fd81447a,2010,4,4,-5.5547714,-2.3788738,-1.7531395,0.8176651,8.474981
2017,train_images/09f6ab477654.png,d536434ec6bdfdb26485cb77f74f52f5cd5ddab4d39500d70b2170bcb02cf45b,2017,2,2,-5.9697495,0.97146416,3.9490013,1.042366,-0.5035486
2018,train_images/45e4b7eada54.png,16e8576462425bf84c4487cd4e074c877109c2433d4a989e0dcaefe3fd18b371,2018,1,1,0.12708282,6.9495373,0.66449356,-4.5100403,-3.375719
2023,train_images/0c76fd494af6.png,0b44d5b9abe1dc6eb8d275b9db201453ccedb99f8ff92a835d624d4e475e7cae,2023,2,2,-4.061981,0.13773346,3.9110985,0.5265579,-0.9537306
2028,train_images/9cc6b1f9bcbd.png,ae8fb83dc445ff2ec7cd8eb38bda2e482689da5f7c6cde264c6918e33104ca0d,2028,4,3,-5.5274467,-0.7619686,-0.67080307,3.4989243,3.0145607
2031,train_images/b2b7ccd34cbd.png,b2ccfdcaa27b66c4f11c43cc6329876c93fa223d1c0f255444c52e04760a2411,2031,0,0,9.265465,2.5666885,-0.10840225,-8.29945,-3.3747299
2038,train_images/2bb063318cf1.png,f75890ccfed2e755d781ada00a11edb74eae08639c1910ec89037920b0fb7b5b,2038,3,2,-2.8306198,0.97151375,2.2288322,0.31569672,-1.0598783
2045,train_images/a94da3d3b5c0.png,ea7d2890a0823570773ed75075bde4b1882901a3b00201e3bb878e101bcabe78,2045,0,0,10.698551,0.6358185,-2.3203468,-2.9717903,-5.965161
2046,train_images/a7ec056502e7.png,191e43513f8fc6ffac3fe563d0cc96fe9baf5197366a99cdf7c2e1b145559c7c,2046,1,1,-1.1431084,5.363653,3.5173302,-5.2189026,-2.745397
2060,train_images/ee2c2a5f7d0e.png,5a379ff8279af2a2c430db3976a33dca04a9c3e9b763cbb5a1350c43c8657449,2060,2,4,-8.650562,-1.1873074,4.2319183,0.68724823,4.332323
2061,train_images/e17507a4a1f5.png,8737f823af4a87b45272d007035f6cb65b189a2b18d62f2ec2891feee4bff0db,2061,2,2,-5.5268745,4.182205,5.1707935,-2.0245552,-2.2484353
2066,train_images/942f544c4e15.png,b3fba3b0cabb408f55bbaffb3f1070926acc46a3d547529eb5af7082cd18343c,2066,0,0,6.8682213,1.7538185,0.8612442,-6.7738686,-2.7319596
2070,train_images/681c3c115684.png,6ac66f88171bf1838512c0ba7af6ba44f668178db2c78ba7618a9d4715b0cd7e,2070,2,1,-1.8937988,4.8414383,3.6299477,-3.2060509,-3.575353
2076,train_images/6ccfdb031184.png,fd0fb957fa7c344ce453555f8eb0823006782f8bf622418a44cd7be9308a37a8,2076,0,0,6.782055,5.152828,0.24047089,-8.156803,-3.9514804
2082,train_images/c80f79579fed.png,55112d096bb386676fbc13f24b5b926916bd7656c233e44c4892f23d6924beb4,2082,2,3,-6.1901474,-3.2826576,2.8303833,3.3658447,2.7760386
2090,train_images/bfb578c0e8d8.png,7e263c485bb22f6ed331a1f935b586b39c35e609eb79a8c674fe8728d8c1272f,2090,0,0,9.70319,1.9289227,-0.18872833,-6.4370193,-4.890766
2092,train_images/359bab5d784b.png,78df7a7db81a94f1b0543463f84dde999d5a00c5f579a2aa4d19ef610cad8cf4,2092,0,0,9.382885,2.6681461,-1.0275078,-6.6431084,-4.30849
2096,train_images/f45f1485c940.png,c7e15dda20f07bedb87528f0693a20f31c85cd20b080e2e0a0ce578ee212920d,2096,2,1,-4.0930367,3.1344833,2.697956,-1.4417725,-0.6941426
2100,train_images/ed2c52c14493.png,71f3ec06eaf074032fbe13acd835a969278355f776c57bda20e07c5214b22641,2100,0,0,8.573357,2.8998718,-0.2761879,-6.246559,-4.9004736
2106,train_images/ad029ba7fa8b.png,6a16cddf25d6e902e02543c69257f3115c3c5515059e09bb601fd92f6fff73e2,2106,0,0,10.13076,0.81876755,-3.260357,-4.1251945,-3.5206165
2112,train_images/ea4dcb055139.png,5367bd13a261fa88fab0afcb324be6182a080cfb42ee1c24fc6cd49e276c2e3c,2112,2,2,-3.9449844,-0.39600182,4.2578506,1.3043823,-1.606211
2116,train_images/daeaa5d8cf70.png,be974d57913abcdb67226b4737c93bc917e8b64d15054f3c849fb210314f30c2,2116,2,2,-4.964546,0.17107582,4.9302883,-0.2680359,-0.27749753
2127,train_images/c6229222bf22.png,75df8d0215f2a2c8ab3d5b18ab12f45d413ce6d2dce9f710dd09f165f26c70be,2127,0,0,7.9024277,2.4085312,-0.6358185,-5.2440033,-4.4327626
2130,train_images/86baef833ae0.png,57ac603c4362dff56ecd1c0107c9a9bf22136528767bbfd1c12623f8909aa082,2130,2,2,-3.377964,0.114320755,4.446369,-1.4885559,-0.09713006
2138,train_images/1ae3c58759fb.png,2c442850d744ba6a478abda5800c51f3c2a4b9506522981d168009a2ecfcb722,2138,0,0,9.368778,2.59169,0.23214722,-7.8792152,-4.238638
2143,train_images/ca0f1a17c8e5.png,f4d2af495393fd2a22afa0a58aa9da184ef390022516e66591e170af408947a4,2143,2,2,-5.526703,-0.13695145,3.9369621,0.6024971,0.69561195
2145,train_images/2376e5415458.png,b915306c6f1644cb80e11b58c039e006482cd65046e970c66792c980c7f7d29c,2145,2,2,1.1186028,1.4370327,2.7785912,-3.8046608,-1.7176497
2146,train_images/0304bedad8fe.png,ac9970b1897a92778b55436f90ec3f1767d9efa4f950bbf408960c3d738449f0,2146,0,0,9.391636,3.5217056,0.0072517395,-8.317741,-4.5554223
2157,train_images/ad312ca98202.png,7c254d84e69d48defae066fa9523af7f8dfbf585775b4a930d92a941c1270b49,2157,0,0,8.634029,2.51264,-1.1216316,-5.441818,-4.5471544
2166,train_images/54dc6e8107cd.png,3c12589e093b75b7161ac484792bed814f8df235346785cff48e14278ff38a95,2166,2,2,-3.2522507,2.0344696,4.629402,-2.481308,-1.355439
2172,train_images/261c6bd63bff.png,68864b0ec952d66866240522413ea323eab8c7d0351df250f080b33935daec29,2172,2,2,-1.885746,3.109007,4.837652,-5.6565704,-0.7092633
2176,train_images/c12e9ca420a5.png,79bdace916af941eb2767525947113d1127a8531ba5911aee03fcecb6ec86909,2176,0,0,9.448952,-0.89515114,-1.652626,-2.5161972,-4.359471
2184,train_images/2399d68d407f.png,d56bbdebd7089dd1abda0960fa2787fc80e446f9ae0da8052d468e946ff03abb,2184,0,0,9.10207,1.0431786,-0.68523026,-3.6811333,-5.735856
2189,train_images/b532dedd928c.png,ce8f8b5bd64c158b21f94752d9fb3944c54921e44d3c4ddced43f35ff5cbda2a,2189,0,0,10.204815,1.5160408,-1.8139191,-3.878086,-5.9478407
2192,train_images/e7578d8dba72.png,ee6f1dbf212664e5a444283aee22a0c05cf2aa7d59f731fe54869ce2a58c965b,2192,0,0,12.104691,1.7871971,-2.4507637,-4.4810944,-6.8279276
2194,train_images/6e44f6d04fc9.png,52197583d1aa419f22f2d87e8aaf8802b325e4092571e7a64fc3cd345c6ca53a,2194,0,0,9.984379,2.4039307,-1.019947,-6.210022,-5.075756
2200,train_images/e9678824215d.png,8568b9c405342dbf2e567b2cc621764b9126ad8a9a3a829d2019f8e468cd05eb,2200,0,0,9.505859,2.093933,-0.8992119,-7.1177826,-3.5679421
2206,train_images/db6207e62c7b.png,35a6a213fc3c994508d480bb8f5591303c43b55a5ec2584f87848269e7af2497,2206,0,0,9.14254,-0.65489006,-1.5623474,-3.3085709,-3.5849063
2210,train_images/8a7765e785fb.png,cfef9fb7bd6f5e6562988a7ecb49ed06c0cbbb27f8321bc54f0f2917e6c70468,2210,0,0,11.600578,1.4188194,-2.6294556,-3.8969688,-6.388131
2217,train_images/0a902c80d5da.png,41cd1633696a29d73ee09bb91a0f9959f19ac7dc7d73b64184c492b6f382ac52,2217,0,0,8.21846,2.7437344,-0.99965286,-6.667877,-3.2512608
2219,train_images/b0f0fa677d5f.png,ef88a839c9cc1da5c8d229a7493326a39e5c08944fbf86d0264adbad6881526d,2219,0,0,9.718563,2.924942,-0.49929428,-7.3842773,-4.6858826
2224,train_images/191348830ddf.png,1a0556058123c6e33d9af05d5a893347df64e0fb2fab6487d7c8ff8d23c68021,2224,2,2,-3.994957,0.78248405,2.8728447,0.99082947,-1.0000663
2233,train_images/ad944bd56bb6.png,08557957e4ddabc887999c937d323505165312b57ed3988475afc58755200264,2233,0,0,8.013905,0.9741478,-1.1958427,-2.9107628,-4.8992314
2239,train_images/8aab201c0691.png,1ab3b048234ff5417ad05b286feee6d98468f7105ac54ea8587a3f185c8e87ee,2239,2,2,-8.008671,-1.1859436,4.71871,0.6058235,3.3124495
2240,train_images/c546670d9684.png,558d4876bd43e6b60f62cd5e9546c427b696d92d160931044f1da8607bb6243a,2240,0,0,5.8028145,4.5183697,-0.78149414,-5.155674,-4.320502
2245,train_images/51a1d162e223.png,0c8ac3582fde12a86d5841773eba4409b80c38e50bcd53218bcab03149902277,2245,4,4,-9.052479,-5.2042313,-0.44460678,4.2651596,9.853242
2247,train_images/b86fb2d5be1a.png,1063603a7efac46e913a9161d2028d90ba6761ce28adbcbcfcd5d77bbec1fcbf,2247,0,0,11.391041,1.8158169,-1.4281731,-6.6147346,-4.975472
2256,train_images/2408799a09b2.png,205357ed43ed45c11c9c7f51a5fce039bd447deb6a4372bfebaef50a556266ca,2256,0,0,9.274338,2.4363136,-0.069423676,-7.3319817,-4.2500696
2261,train_images/7a39c91416e2.png,a338358233d27f11a303f01fbfdf319bdaa0afa3871449d0340db3c674a7a931,2261,0,0,8.6912,0.713398,-0.4056244,-6.8421173,-2.1466103
2267,train_images/ad570b850a4f.png,3710bca81e16bc4cfc479dec6ae5442542dc4d98e3522f058c77cb7afc6500ca,2267,2,2,-4.6822395,1.5398598,2.5241394,-1.6519356,1.9355125
2270,train_images/e69b48516577.png,644bf3410b1c427c396262bc9b644cbf35ae3cb8804325b896d8c429d9ca974c,2270,0,0,8.173893,2.2308807,1.0055542,-7.873207,-3.3493624
2276,train_images/d807c53c1399.png,9186db7a58feaf83fa89ccd0f7408c71c557fb2097e0e355a02843d8545cc495,2276,0,0,9.693928,2.5611477,-0.0014228821,-7.375988,-4.8151026
2279,train_images/d99dd99be001.png,44a7812f439c235140a17bc573ba8efd622ab9e5aced5333f9935cfeadb40205,2279,0,0,8.68877,2.589138,0.081707,-7.0982018,-4.2402163
2283,train_images/ebe0175e530c.png,c181506d2f689251dc1c71d9394aee14f9dfce167dbbb08d37a1d263bfe589ff,2283,4,4,-6.5870285,-3.06748,-0.850029,2.5837479,7.424119
2286,train_images/9fefe2b44795.png,a1f7aedb15523edb9a72d3ece508401e48f33aae1ca72b13c96162c2d14ad6b0,2286,3,2,-6.4259567,-0.424757,3.4993248,1.357338,1.4953094
2291,train_images/345b1f0abbba.png,ef9a48cd79f10f4a03d6e139b3cd067ee4a9b13cc17958d3ee932832a03e6d91,2291,0,0,8.81572,2.1112843,-1.3498535,-4.8374023,-4.588066
2296,train_images/ca7f5caddf96.png,47624817f97986d069b3f87b2cad221365224070552506f8227ba1292f8dbc44,2296,2,2,1.7632065,2.50778,2.9221802,-3.039299,-4.2824693
2300,train_images/bffca6eeb2bf.png,60173215d69734bec8059d293f226d1877083c79717182caf0a3a7a25b8c28a4,2300,0,0,10.603943,4.3249073,-2.9018326,-6.748005,-5.16914
2305,train_images/eb175669d789.png,37bce7aee8f39b21cde59183d8b5bea422c0ebfc475a196ef00cc0a01e311385,2305,0,0,10.202587,4.168745,-0.9860344,-9.140076,-4.0575094
2318,train_images/8eb3337a54e9.png,376723967872f4630a699a6973976fedaba153c4509468842e5e5ab6b6eecd70,2318,2,2,-2.4968987,0.900774,4.017086,-1.6671333,-1.1252909
2324,train_images/1891698febce.png,a4ceb173868947dc1d07cb9fed71834c276be9512542c1ff9261411091fd9efd,2324,0,0,8.44746,2.7194843,-0.17658997,-5.583351,-5.2550945
2331,train_images/cd9e2190c73f.png,082941702584874b7270390740ffc5b4db8d0397378435065081df9d86eeef3a,2331,2,1,-3.2924652,2.2329903,0.9489746,0.12001419,-0.36201334
2336,train_images/367c7049929c.png,4f676a8723866b5d50d12a0c1512e7b7b1709978efc0587fe868be09b572ecef,2336,2,1,-0.74290085,2.7712708,1.215477,-2.205986,-1.3372574
2343,train_images/b1c6f0997e27.png,0c224062b27fd1f20d2ea78d1754f71a0c5f14efbbb66d0cb30720c030c52233,2343,0,0,8.261906,2.4839,-0.45688248,-7.0987434,-3.1426806
2349,train_images/2608e1dac5b1.png,a705de736e6315e47bb3699da3c1af86f32a455182f1fddec856075336d8c319,2349,2,2,-2.4596825,3.5408669,4.069374,-2.741726,-2.7013178
2355,train_images/51af8c112682.png,b6aa8f5494b10ef9e15d852612a39aff81cee7e2cc5f9bdde90d8d933c140f49,2355,4,2,-1.688755,-1.9860878,1.961834,-0.30464554,1.7494206
2357,train_images/6b3860e8f64f.png,70ece9713bfdf5149d4be90a88ac22ef00988ea1c73b35d61f4b0854c86e1ac5,2357,0,0,8.686115,2.47892,-0.71014786,-7.8184624,-2.6222568
2360,train_images/207dd0487264.png,6cf9093708b2e1c345c71c9016487729012a2b6b311e74e604a14c4fa7268fad,2360,0,0,11.474998,3.7110577,-1.2195206,-7.940998,-5.9010487
2368,train_images/e907d23cce3d.png,2baee5a44ab9fb61d20ac76123854b4db6f04b450b71d6441b208684fa13b538,2368,0,0,8.254288,-0.4578266,-0.23052216,-2.5695648,-5.0262623
2372,train_images/2d07162a13b1.png,6f0da9461a06535d2cc39bb7769afe191889c61aae65a632231c0b0c061ab931,2372,0,2,-0.43414307,3.4184303,3.9110146,-5.599079,-1.5037282
2380,train_images/810d3779abd9.png,b51b864392490ccb3a788b092544959cdee0c8b715da22719c4086b91df44a92,2380,3,3,-8.986477,-5.6825714,2.5558472,7.536148,3.9327536
2386,train_images/ea5c42a78979.png,228b84c9a143a8edbc3601cb432d3237eb5392a7bc8db9cc4c071c1f5c0079c7,2386,0,0,8.896851,3.6952248,0.901371,-8.775841,-4.6704984
2392,train_images/876deb29f000.png,c4e431568b2c274ad598b64989691084ce8057609d1b45a6fe801ae04302919d,2392,0,0,8.581699,2.0082245,-1.5514336,-3.9813232,-5.052058
2401,train_images/e66855a5c583.png,ed187ec7fed91df23a1d1c802511b26f59e41b56667c3a06bb0b7861bf472d99,2401,0,0,9.106804,2.849701,-0.90799713,-6.5205803,-4.5045476
2403,train_images/239f2c348ea4.png,6d0b2dec3318f8aaaf26b229f197aefa1a58a510f3dc7fb08d11ddd7a134bf7e,2403,2,2,-3.249157,-0.87804604,8.395815,-3.879593,-0.68489075
2411,train_images/cd5714db652d.png,a2f68e56ae05b2117296a5cc58f9bf612340a565071afc1733597c64c579764c,2411,1,1,-1.8186455,6.296976,2.603012,-5.4173965,-1.9297549
2413,train_images/111898ab463d.png,d8716779bd82ef4fdc2d566c74a33bfa83c30a240536b0af716889f13568a543,314,1,1,0.0920105,5.61796,1.6660538,-3.9524765,-3.6526647
2417,train_images/83e529e95b0e.png,a6319634b091239c1508914b0b526ae7fae071e37cfca898461a02cbb4c1c24c,2417,1,1,2.118618,6.392147,1.9686966,-6.285164,-4.2788606
2419,train_images/1c9521878baf.png,a2e71355dbd8bc944b5907cafd9a54e408fec21d3852b450fde52135a32e29f1,2419,3,3,-9.099476,-4.750555,3.863781,7.132622,2.188448
2422,train_images/01c7808d901d.png,1115fabd82b144b4fcd66093c3182b59c98902fd0fdd54007d1c80c97a3135f0,2422,2,2,-8.014751,-2.4471016,4.919302,3.1089096,1.847642
2424,train_images/578109578b46.png,6d17ba5b55170075b77ea9f4fd61aa9ccf4e9327f0aab29da0719d8fe64ba8c5,2424,1,1,-0.15342331,4.8553486,1.3702354,-3.1499557,-3.092154
2430,train_images/196e6a186452.png,3aed027e0264e8c766943454c555abfca5f0cbf4544efad3ae6b6511860cd814,2430,2,2,-7.1474495,0.78479004,3.5887527,0.928051,1.3173685
2433,train_images/ef8c39eb9157.png,31524562fd4008562fc3fbbea6c38aebbc33efd25bb760ac0beb5cf22e25e19b,2433,0,0,8.9229965,1.8260708,-2.8043518,-2.8268356,-5.0992317
2434,train_images/d7bc62d60e8c.png,c065d7afc7a4bffe837d980c1482bb6024188c1358be7bf0f7498b1319bd960e,2434,0,0,5.0619583,4.76597,0.2240715,-5.459072,-4.5671206
2439,train_images/907aaff827e5.png,6ed4e47fe8499414652ef295c9d4508f8606f081827d8a67ddb42b0d6eab7a4c,2439,2,3,-4.7282066,-1.8547668,2.0853462,2.6883774,1.3840804
2440,train_images/165c548185f8.png,926831dcb8d8ed74b2bac7927616dbcee781514e6b53aa1b39f4f39bef133bb5,2440,0,0,8.675449,2.7953053,-0.71761703,-6.0657234,-4.654711
2448,train_images/571bbdbf585e.png,f227afb6eb10659ec0381aeaf399ea30dced10cb238d4788eae30e741ef4ef83,2448,0,0,9.693516,2.6862888,-0.30646515,-7.6238174,-4.391036
2460,train_images/6fe67482bfae.png,5b5171f706b04b025336ee41dab0c26eded642cab4ac7b4ceec25e68a159aa65,2460,4,4,-8.934177,-5.0116825,3.2857895,4.530548,5.4806767
2469,train_images/53327edb9e4d.png,d5cc8d1fb09ea7f7b9321548f41d5ec626f70b70981b05418a76e94d7ecd7811,2469,0,0,6.211113,1.281805,0.17268753,-4.671974,-3.018702
2472,train_images/3c1efa38d0da.png,f2b6f61a22ac8bb5cd64fb3b18864c232fb04b0252ee2af7183808cb8e8704d8,2472,2,2,-3.2770271,-0.06719017,4.4911594,-2.8729095,1.3706732
2475,train_images/ec363f48867b.png,bc4890b086bf1db9c2730f422f4c2fa91f442882c71acd44eeadbf38accd4ec5,2475,0,0,7.8744125,4.48831,-0.39782333,-7.327141,-4.537362
2479,train_images/63363410389a.png,a4ce448d0b8f208c77342fd03bf5f39327e903103ab56123cb9f071532f455d6,2479,1,1,-0.33290863,5.2243176,0.69734573,-4.7666473,-0.99691033
2485,train_images/19244004583f.png,c78fd3dffbf1676942d2d2f305c1efb0cc84a91d82feafe565a859c26e6fbd9d,2485,3,4,-4.951206,0.8520355,-0.19651413,0.52495575,3.3301845
2487,train_images/4d47300e3ddb.png,2cb02f7b07fed24ed24f6adc39042280ee1144f57d0c94df4df122ac60b53c16,2487,3,3,-9.068295,-4.742201,2.600998,5.366539,5.256997
2493,train_images/cfdbaef73a8b.png,561169c9c1b0711a13830aae198a39229f90b416eb65032b9b1ee09d13d91340,2493,0,0,9.224186,2.2101765,-1.8787117,-5.5842247,-3.8642638
2503,train_images/6cfb7b44ef6f.png,f16e0ac16397c1164bea71fdfeabd6ebb53407a53b0005e53a89d3e7450155c8,2503,4,4,-5.7664146,-4.51412,-1.0273209,2.7707367,8.057696
2506,train_images/e594c19e2e1d.png,6770b444e91a11001be278db875aab7d3dfb9fcaf84f82ad8032d834652f1176,2506,0,0,9.601307,2.0604534,-1.3067474,-6.8456573,-3.4420505
2510,train_images/3b018e8b7303.png,9be730d753778ce1cf6ea0bd3d04d8c15886f14479bf5563c31a31ddad586bda,149,3,2,-3.467865,1.2416058,2.8500595,1.4358215,-2.408286
2516,train_images/6028a575dc27.png,bf7d1e601f87eaa4271d662d78c18319f8b30b226a304eb71ae9d62b248290b1,2516,1,1,1.2628098,4.338438,-0.017467499,-4.5573807,-1.1505327
2525,train_images/c5ad60521f8c.png,2904ea3440968f94244d8f9b567160bef53b442083a0e3424e15b73de42a2f9b,2525,2,2,-2.69355,2.847458,4.4701653,-3.4350853,-1.5214393
2530,train_images/78937523f7a8.png,66c3f988307dd066d583872f7cc792a5ea95062e9a7121f927b4e444788b849e,2530,0,0,10.077385,2.2532558,-2.5823708,-3.6741104,-6.000449
2535,train_images/dc0eea0b68a7.png,47c95f08b23cf534d0ac062a5bcbf11dbc2c8c304a606dbf1431129ee124ad3a,2535,0,0,7.5937157,3.272089,-0.6526642,-7.4234543,-2.6487925
2542,train_images/bec0acd539b2.png,7dafdc1b7589c1886fbc15829fe1283d8c8e47be9a8436dfccafe51ae42e603a,2542,3,3,-7.8335648,-5.4783936,3.5310478,6.422447,2.776515
2543,train_images/c013e869acce.png,9c6d3990012804b205d6afa0840342d44a0f650d1bba78209bec57297b06f056,2543,0,0,10.108658,-0.25570297,-2.6177788,-1.9433365,-5.243723
2546,train_images/fb6b8200b7f8.png,efe88d6e4a34ba6c2619d6373d4893afd92a9199ca878bfe60c0b1daa1026c1e,2546,1,1,-2.8514824,2.6129322,1.3919601,-2.3450546,0.85135126
2548,train_images/9e2058917304.png,4b8a59b71b8d087b0f450613540c8c30504d715c3a78948ad42eeef8eacb4064,2548,0,0,6.7888947,2.5673885,-0.39541626,-5.619568,-3.3315306
2560,train_images/1d11794057ff.png,875b9cc2c34842670cf0fba00fe619af47cb2d04019e4a78249914e47594b6c6,2560,1,1,2.394127,3.091404,1.4443283,-4.7620544,-2.3177133
2566,train_images/05b1bb2bdb81.png,acbe6fde938d31abc6fbdafe6138568cb6214d60f6085dd358d171c83dd57bf9,2566,0,0,8.314423,3.4274025,-1.1703796,-5.2526817,-5.2116475
2572,train_images/0cae727cf119.png,0e293997f5daa55c8392ef37a1706f74b79aec0699fd27f0bc249f4410f47a65,2572,0,0,11.347393,0.06745148,-2.3903809,-3.0443916,-5.8938456
2574,train_images/0cd31078cd08.png,9095d635aff267185ade77eeb9599cf68736c71f3291ef2cad907d870ac7526d,2574,0,0,9.603649,1.3389988,-2.2727966,-3.271572,-5.3235893
2577,train_images/0fc6829da85b.png,4c0cd5bc6340a23ce975d7dfc5cde3e26e2b4b550a1e675b237d1951efdff401,2577,0,0,5.7461433,2.2644272,1.1756058,-4.9761124,-4.1494584
2582,train_images/12ae44be0d38.png,5bc779204e7b6b0ccb4564943f030892f52cf9f631a1973a400572fe52c87cde,2582,0,0,5.964058,1.3266907,-0.49050522,-4.9900017,-1.8596935
2590,train_images/186c1835eec5.png,6a89b1b6bf7846e331c42106e418383787b59742192a5a4ea3b9efb927b772db,2590,0,0,10.402557,2.7931538,-1.9763756,-7.356407,-3.7986202
2597,train_images/1f4fb37e0854.png,e3580f19ca2465b20498be2acdcd378cc673a8b20ddc2150e3c71bfc7e55047f,2597,0,0,7.8883133,3.0574436,-0.4980011,-5.0131683,-5.3334923
2601,train_images/215d2b7c3fde.png,6457bb6a89ebfb9bd755fa8ff922963b741a0e39ccd985ae5478984adb5fbf50,2601,0,0,10.234299,3.2137222,-0.9548607,-8.935345,-3.3769763
2609,train_images/29d059522fa1.png,d204ce1e84cac4bc98c215757cb18ffb76553c67b129b716540ef24c27595bcd,2609,0,0,10.210453,2.9858475,-1.3118706,-6.4374237,-5.3792896
2612,train_images/2ef955d6d9ff.png,2da859b172a02d16d3370246ef782edd7ffab34e62ac60c7e184862218c88d11,2612,0,0,10.92281,1.6253281,-2.5661545,-5.001007,-4.8738995
2615,train_images/3178559fbf57.png,7eb71f4df84a445098d12840fd16f3990e83ef999cb106458e02b0083cd2748b,2615,0,0,9.666126,2.62212,-0.76906586,-8.999786,-2.4665945
2621,train_images/388279491b5d.png,141482832b76c4c5433e8dab58e961404689b89928846b65dfed30fec69bec7c,2621,0,0,11.203331,1.5840149,-1.8301239,-4.6445045,-6.198263
2624,train_images/3c326543fff6.png,02232c4c8d8edc51aa5d93e5c9fc71bb4f9a75bd9e9f1814e4b90c60bd3da912,2624,0,0,11.326675,0.8323574,-2.10466,-2.7129822,-7.2447205
2629,train_images/4145dcb25053.png,0d7c5dbfa44dfde7b06278b9fe269c09d7b7e8742075b3a60eb9b7e633d3441e,2629,0,0,10.713207,0.6627846,-2.2438393,-3.2376633,-5.8100047
2632,train_images/435414ccccf7.png,4141053f5b74702654d77dd950a1b40419ef08f0351ff72491a28d150b33a6f8,2632,0,0,11.34721,1.5692062,-2.7838707,-2.7268906,-7.307734
2639,train_images/48a45619d1a3.png,42cfad4d7e1e2d8657c748ec069ea38208ec1d7dfbef2d1272d57a2ba98d8ed4,2639,0,0,9.298908,2.5414028,-1.6257019,-4.267708,-5.9110823
2644,train_images/4c60f6fcea75.png,9c4d351c8ba09f5219024c15a99f1426cfc9983a4d9aab0923966e3ecd416e0e,2644,0,0,8.828365,1.7377758,-1.8580856,-5.665203,-2.944915
2652,train_images/519c6e8f78dc.png,717f856bfbf52d83ff6a81d6b77a16a779e15fc818122f915d29134a547e1e45,2652,0,0,7.8827057,2.5558643,-0.0043258667,-3.903305,-6.562806
2659,train_images/57db4781e7ec.png,9eb739439eacb824c513288d9d48387b7067501200dd6b13b8b761475b71c358,2659,0,0,7.7230453,1.8557758,-0.5546303,-6.1660767,-2.888866
2667,train_images/606daaf0bfc7.png,b1f7d45fc8fb9beecb1c630369629b7baed9a20c7043f386fc8a2f96c0feb762,2667,0,0,6.131996,0.80591583,-0.8204918,-4.239029,-1.8598938
2672,train_images/66366a90d1ef.png,e001182acb9472f76d83fdf8ddb45f08deca7f2fc18ae7aac6bbe359eb450808,2672,0,2,2.352768,3.0972424,3.400406,-7.6932793,-1.3087926
2673,train_images/66460ecab347.png,2ec954da18338c645be85140fe9bdb6284ef08c384c3d41f47ad3dfaff485a16,2673,0,0,9.39312,0.80174065,-2.71418,-3.373478,-4.051957
2682,train_images/6d4f6c9a8406.png,aaf84eea4a33543a5b9dbe4d4ca458b7f08993accf0f479ab4f6f123e4fc5040,2682,0,0,9.05275,3.7672882,-0.99922943,-7.1272774,-4.6494126
2686,train_images/75369248dba0.png,f99412487cab5f0eb56814937f8fc99f171409815fd575965b54c821133b9d3c,2686,0,0,8.654713,2.9932175,-0.026893616,-7.6004677,-3.9913864
2691,train_images/7b691d9ced34.png,4b256f83d89a4c6debb0444f64489d54466f6cc426c4f11ad2503744497c9635,2691,0,0,8.723171,5.9730377,-0.95711136,-7.1309395,-6.4858866
2698,train_images/7fc3a8bb40de.png,26744d8b9b1cdc2ecd87904b468631a45e5070088ebd7c853e03e97ed456c8cc,2698,0,0,10.398399,3.1012611,-1.2720528,-6.3338547,-5.808075
2702,train_images/8344c783da65.png,2a7971b8b9c287a0be694d5c36bfa31b2add43cc9334e61588508bdb4ad1e1f5,2702,0,0,7.9979897,1.6791878,-1.058876,-6.6476326,-1.9666629
2708,train_images/898f0bc8acfa.png,dec272edc9f3bcb9b30abe6c591447dc805ebe4c6151b14b94157c2fbaaa1532,2708,0,0,10.971447,0.41417885,-1.7312012,-4.6845512,-4.8722444
2709,train_images/8a87dd2a784e.png,89975cfa2788d5eab78bac089ab3922ef484b9487fdb8f1f17f1aa455e0d6dc5,2709,0,0,12.046623,0.80615807,-2.2420235,-4.1435127,-6.3377094
2711,train_images/8b079e79035f.png,e3c0cbd569879123d9fc729d9bcadff8438b1ebbe8deaf7222426bafed69caed,2711,0,0,8.810638,2.5710144,-0.3536682,-7.0653687,-3.9248185
2719,train_images/92e3d608fd3c.png,3a6382e1d4af6b16519858223d01add6a9659dd14f357236c9fb8b9346094e5f,2719,0,0,9.360298,2.449625,-0.47896194,-5.950676,-5.3426743
2723,train_images/9870ce41cac4.png,af837248c130f7cbfc3bd9df5f19a4a78a1a9a049ac0ef9c9804482e8aff5c97,2723,0,0,9.71294,1.1371975,-2.251255,-2.2408867,-6.313342
2724,train_images/992b9a07b25f.png,c230db71402e77517757dce3498601712bdc41985f90beeca9e9019e60725b6e,2724,0,0,5.5501747,2.8995132,1.4814873,-7.5581017,-2.3470097
2731,train_images/a1edf0e66592.png,a06f33dcc61abf4c20968ca9e9d39108e22ea1e40620316e44c1e841bea4c2f6,2731,0,0,9.18071,3.0349846,-0.26223373,-7.092846,-4.810258
2737,train_images/a6356a3c5d11.png,4d6f2a1fbcbd5972cf1dfebbec69519e968328b17c3ad2a4c79fad840314ec5b,2737,0,0,8.99844,3.1577778,-1.1594582,-6.168831,-4.6725283
2739,train_images/a7673ac44509.png,02ebba196400ea3e0a79036c8303ea1f51fac6fccf44c1fe05b26e8da0fc0076,2739,0,0,4.792942,3.9749985,0.6447449,-5.3522186,-4.027952
2742,train_images/a95d9d61ddd4.png,5ce2b9ceff5d7ce64f96710a85e0ac9620d629ddd28a255e071a31569619469f,2742,0,0,9.310265,2.0125523,-0.009086609,-8.299831,-2.9261246
2751,train_images/ae5d31979f19.png,f76e74060a8e037f12cafaf4b4801229db667a0996249c1d9aa7a4ee58321d9c,2751,0,0,6.1973915,6.1859818,-0.31015778,-6.8707542,-5.1129127
2759,train_images/b8e20c076b03.png,c2b98c9dfd37d23294ac3b352c1eebd1796bbefdc259c37ec3b1962ed76ad485,2759,0,0,7.5980797,1.9521065,-0.6926613,-5.061493,-3.7234674
2761,train_images/bc7bf19b84e3.png,7b92754296175d4376ca239912957e153fc22dc2d80d9bc48ed3e5ea28e0abc0,2761,0,0,9.618092,2.3804073,-1.415432,-6.7742043,-3.7448182
2770,train_images/c2f3281cf528.png,96c4f8e47c65791447ef6b5f2b96a9906eadcf417c05b3cc53bd94391512bb38,2770,0,0,9.48518,2.560709,-1.3460999,-6.997574,-3.6335804
2774,train_images/c56293f53191.png,ce1a4dd4c7bedd357148a844e98115e5d083645dd925c23c863ec0b4a4358978,2774,0,0,11.145813,2.867443,-0.99531555,-7.984112,-4.942358
2780,train_images/cadde4030858.png,637a3c5b6b8f52de01f94736bf3b5eef8bb52437d5492a32b6a7bea91fe65764,2780,0,0,10.57058,3.717785,-0.5077286,-8.360275,-5.318281
2784,train_images/cfb17a7cc8d4.png,95a445fbd9322138aecf8b72db0a48a37dbdfb3170a1d4a5e4599bd7b85c7fb9,2784,0,0,7.621002,2.7611713,-0.45345688,-4.957863,-4.9491906
2786,train_images/d516f77d4516.png,f53339bfce6a581a4ce39adc6167b796df59601c6589496cfd82f1269e2f839f,2786,0,0,10.25069,1.1539898,-2.1564445,-2.9542198,-6.201891
2787,train_images/d51c2153d151.png,4b256f83d89a4c6debb0444f64489d54466f6cc426c4f11ad2503744497c9635,2691,0,0,8.723171,5.9730377,-0.95711136,-7.1309395,-6.4858866
2794,train_images/d97911a32918.png,c8cab3341fe3fad1e7badaaee7f66c1b63c10cc983e5afae285b959022a85d42,2794,0,0,10.05146,2.249628,-0.7805023,-8.361851,-3.0932028
2798,train_images/de18071c36e6.png,2efff097b267474f93861113d71fd78bc206800ee548024db1d8fee22ce75f5c,2798,0,0,10.090332,0.9287071,-2.0671654,-2.6814537,-6.200422
2802,train_images/e12df54e0d1e.png,a8c0f7b41e5b01980bc8ac5afcafe7dba09ec7588f726b6376b1c6e790dfd107,2802,0,0,8.605869,3.092905,-1.0259209,-5.513336,-5.143354
2805,train_images/e3cd96cb094c.png,8e15b3060a584628275e9faf0b8a8365a36ce7d2b938f3d2bc022e2a6747f8ee,2805,0,0,9.3847885,-0.07444763,-0.79143524,-2.9279823,-5.582653
2810,train_images/e8ddfc9709ce.png,78f2344cc5530d6c27d48ad35c9acdcb9fdb3cca74c8ae64cd595f11775213ef,2810,0,0,9.493317,2.7107544,-1.157711,-6.4883804,-4.493746
2812,train_images/e9ce5bf645ab.png,b9f58cf30af1a8a8c17d0eeb696ea429c7464cb52ca2eccbe78d6bf8b5b18750,2812,0,0,9.13863,2.348938,-0.26770782,-7.3171005,-3.841337
2820,train_images/f56ff0440ed1.png,ccf0ff1ed73d0dcbbd5f194a248f2909b5786f083a304ab9c60300a311bb0a3c,2820,0,0,5.99786,2.1948948,1.7329788,-4.990589,-4.94398
2827,train_images/fa573163dd8b.png,9b06dfb07f717b9eaacd15573f1e15ea5596832210655d77f5cebbd1c330b9ed,2827,0,0,8.79443,2.1057987,-0.9841919,-6.5311813,-3.3606055
2831,train_images/febfb20dc311.png,ce577f7b0954b631ae910b9521562f51b3962a6224fa23c442a95b08aa8ad249,2831,0,0,10.513214,2.9454994,-0.73202515,-6.5714645,-6.067141
2833,train_images/0684311afdfc.png,1c74698269d5d284e2cfc923f4442da8e63ff7857aea58ca3453cc1ed7bdacf6,2833,1,1,-1.2041473,4.894314,1.2207184,-2.9861565,-2.18723
2842,train_images/22325552a4e3.png,faf608cfa71ac9e9b0bd444bbc902d77b0f17f5dc7522c4b674c72c107f04bcf,2842,1,1,0.54595566,7.559675,0.5821533,-4.7246056,-4.089227
2845,train_images/2a08ed6bbcbc.png,37b3448cd6355788fb12cb2c692336777b57d98c7f062aff43ec7ae20d4f248d,2845,1,1,-3.097824,4.5703907,1.9507637,-3.3153114,-0.42262125
2847,train_images/30cab14951ac.png,558d4876bd43e6b60f62cd5e9546c427b696d92d160931044f1da8607bb6243a,2240,1,0,5.8028145,4.5183697,-0.78149414,-5.155674,-4.320502
2855,train_images/5548a7961a3e.png,7b6599c29840ea78de6805809121c30ae147254a35346722613a0f3a5b00c0f5,2855,1,1,0.80251694,3.1247215,1.8659325,-3.3745613,-2.517725
2861,train_images/6b07971c3bf6.png,3e8eabd423b5944786aa73b2131696aa0a849bac85a15b4761b73fc7623a802c,2861,1,1,1.8496819,3.5618,1.9524345,-4.9508514,-2.5813339
2862,train_images/71c1a3cdbe47.png,875f7e33f052ce66187d01240da12b4b4ca0257c7834ae4efeb6da0bc1292f0f,98,1,1,0.15437698,6.5229626,0.02665329,-3.8820457,-3.0150661
2868,train_images/8dc22e65c06f.png,8431ec7d5e864a6cbc72f080f732fa25cd2d0df4c83378f00fc88c26cd6d513d,2868,1,1,1.9896469,5.5885067,1.2276039,-5.784748,-3.141558
2870,train_images/977e1ca77653.png,5bc925a17ad33ffd8d216c2ac784dbb15f681b256fea2d9d14a29888dce71aad,2870,1,1,-3.0443573,3.4459362,1.8684273,-2.1771927,-0.42874098
2875,train_images/c1e6fa1ad314.png,1548c4ebcb2c2614e8774a88b085e89f73706c6e851bee7f45da5a528deea1ce,2875,1,4,-3.9675026,1.3849583,-0.5279274,0.45062256,2.3130198
2881,train_images/db4ed1e07aa3.png,fd0a65669f496c50bf9e8f4a05ef85c92a9ba461ff4fdda480b7131edd980916,2881,1,1,-1.3963127,4.3207226,0.38272858,-4.03685,0.54981613
2887,train_images/01eb826f6467.png,9b818cb84607d3bb03b6a560eddfb0154da4ddbd79447e2b5ad7b0e8600820d8,2887,2,1,-2.931324,1.6485271,0.19940567,0.7309723,0.06587744
2888,train_images/0415fc68b176.png,72967be3d1d110decb54ba657ff84ce6fbe37d8155ac4b562be5e3429b36cb51,2888,2,2,-3.9768562,1.5181618,3.435089,-1.4770813,0.14885616
2895,train_images/0eff8eacb2f7.png,64b9c4a555d88521bd2b9e6fda1ddf0c2f4fae56cb697b97f595986354c50c5d,2895,2,2,-4.0741386,1.5767288,1.7786522,0.07626724,0.2879188
2897,train_images/1438288bb2e1.png,f99d1f17894f72612279ed568301925506056870f883ea53cbd84ac2b0709792,2897,2,1,-3.298214,3.333582,2.9581566,-2.630375,-0.6996584
2900,train_images/1dfbede13143.png,16a98018d3addb0691efb90252ca312e39a7a3cdd56a38bf996bb3856fa97063,467,2,2,-7.158718,-0.3488102,4.3895893,1.3492737,1.2397528
2901,train_images/1f63d44d9e3c.png,edb3a93ad01a57f4934619e3dd4a1fa5108809c10334574f2a125c4afc0acef5,2901,2,2,-3.354721,-0.66784096,3.8033257,-0.03592682,-0.14377499
2912,train_images/2cbfc6182ba2.png,b7de9a710c6d139706eb20083a8220d3f85a644a7a9502b8b981f0e2414a742b,2912,2,4,-5.261902,-1.7042007,1.9333801,0.62226105,3.9361649
2917,train_images/3d663a6a50a3.png,ac74945843069e72ae506983f2e13c14ec7f11d05088b50e2e455c59b27ff00d,2917,2,2,-6.5979195,0.4933052,4.8223915,-1.2557831,2.0786924
2919,train_images/4489d421e5aa.png,006b785f629579b76bcc4173904657b08527e69baa5344b83a23862e2e67963b,2919,2,2,-5.409401,0.7419205,4.7351017,-0.20327759,-0.3298304
2921,train_images/453d553b0a94.png,75f9f0a7940e357bf6e24ca1faa9801325d21fa0a2fa52984d68f1d5018bab7f,2921,2,4,-3.8938065,-0.42344666,0.48529434,-2.3069534,5.7663918
2927,train_images/5152bf091152.png,fd5484e1653eac1d56a72f79f9248179e60e4c9293b65afedff295b8817222a2,2927,2,2,-3.4803276,0.7862892,3.19207,-2.3287735,1.4661107
2931,train_images/547b37da9223.png,4b2926e8d8b7b5eb11159662c3eec164de046358d59cbe719c7324d2ff5b47bd,2931,2,2,-5.284733,0.18348503,2.800869,1.0838165,0.7631078
2934,train_images/58529a8638d0.png,fd681145b57fae00cc5aa2a34a3545737786d9fcb5dd779afe65efd0921f6d7a,2934,2,2,-5.7784576,-0.38882828,3.6493492,1.453743,0.58027077
2944,train_images/663a923d5398.png,f492fee29ea971b219db93dd246b09a80c4c47e61cfaa41a6e5763f7296caa21,2944,2,2,-1.5544624,3.448166,5.448591,-5.534813,-2.000437
2946,train_images/6e092b306fe1.png,41ba86f2a14cf06a439734cb9f5b29a2b2601dad62e75ca3af879be9afc94eb5,2946,2,2,-3.0263138,2.9532833,3.3934937,-1.577549,-2.0438132
2951,train_images/7877be80901c.png,5a379ff8279af2a2c430db3976a33dca04a9c3e9b763cbb5a1350c43c8657449,2060,2,4,-8.650562,-1.1873074,4.2319183,0.68724823,4.332323
2953,train_images/79540be95177.png,f592b0746e698834b29550db9e392e3ca89df129f7040ad35e733ceb23f58f4c,2953,2,2,-6.0858116,-1.6317997,3.3017197,0.76084137,3.1425438
2954,train_images/7a0cff4c24b2.png,57ac603c4362dff56ecd1c0107c9a9bf22136528767bbfd1c12623f8909aa082,2130,2,2,-3.377964,0.114320755,4.446369,-1.4885559,-0.09713006
2956,train_images/7e6e90a93aa5.png,556ddfbabdadf5124cc8fa38226b20efe6a49b2cf37a5366ff9669227d617398,2956,2,1,-1.8935394,3.2125244,2.5295372,-2.9978752,-1.1336312
2961,train_images/840527bc6628.png,1dad7cbc33426f0db3af5629ebc9e043ccd133b59290c047f274e3a625f55eed,1235,2,2,-7.661396,-0.4386444,3.9880638,2.0710907,1.5107107
2962,train_images/842d697884f6.png,cb3c3dbba6d49637a33c9d1356398fbc48e33dd8862fa2eb890c76ae367d8e93,2962,2,2,-0.68198013,0.19153023,3.8561249,-2.8686485,-0.8113861
2970,train_images/913b1890ed1e.png,74cf3dcdc520dc1ccff6ad0be9cb4851de3ada5d7150ebd26571b2d30a91d464,2970,2,2,-5.196995,0.9301739,4.396734,-1.1006699,0.57057714
2977,train_images/9b95d6203406.png,0a84cf293a8edcd7eeaa2f4252444f5dc5a916b99143d970c1fcc93fe6248f10,2977,2,2,-2.7763367,2.6169262,4.0993805,-1.7254028,-2.5292096
2984,train_images/a0a0cd8af5a6.png,e173a352afc85c6519fb8e91886430e8de15eedd7f295b55abacf933aeb5806b,2984,2,2,-4.7100143,0.86110306,3.771679,-1.8266945,1.4989314
2985,train_images/a15652b22ab8.png,57d8daf10020a08edc358bea7606ff87ee9bb161beb608daa81c9060c1f14dc4,544,2,2,-6.7781296,0.5168133,4.153427,0.93730164,0.6805663
2989,train_images/aa31bc6b8f4d.png,31cd6ebf094dbd9f4fbfc57771029f7b6188430a56f97f49046457c8d924b63f,2989,2,2,-8.959606,-3.331749,4.8746758,3.8368225,2.969123
2993,train_images/ae1344610ebe.png,41fdbbc4a55819dc14251495c37ac915161f383cd6db24c27090377fccdf48c5,2993,2,2,-5.421894,1.0340595,5.1482487,-1.1190643,-0.08754206
2998,train_images/b5c80d0ed0ff.png,956260043ee44f7a6a8b2306663132c0ad7e9e1336898bf52a3fa8c28d624a3d,2998,2,2,-4.0762024,-1.712019,3.0914497,1.1319351,1.0807171
3004,train_images/c0202976c670.png,4874d2a2b09cd3164d1df65ce4d95fed648ce26bfde111de5da624139edb1c63,3004,2,3,-7.9791336,-2.2264233,1.5539474,5.1354446,2.96245
3009,train_images/ceaa5803d780.png,9de7685ff318e4f9d2fcb04ea746c61eec085f56a1b372fbe27264368ef14771,3009,2,2,-6.3897743,-1.5024719,3.2620049,1.5233612,2.6322708
3014,train_images/d67374d3fa2a.png,a9074548dc51583839960f9d044fe502cd2f149168d1ad4f4e544d82c4c9b8a9,3014,2,2,-1.0578766,2.6312408,3.1629562,-5.1513367,0.112682104
3023,train_images/df8365d6ac33.png,4c97517e5efb8c6365f1aba22b09255d2fd1c60b0bb6025c4006d9cf8bc0b42c,3023,2,2,-6.440712,-1.3195534,5.3644123,1.5613861,0.33900928
3025,train_images/e2161692a0b4.png,31a4cffefc0b6991480608ad70fa2dbf8a53450249227ae6a2001c013310f3a6,3025,2,2,-5.625229,-0.8354225,4.473934,2.2164078,-0.65442824
3029,train_images/ea05c22d92e9.png,f4d2af495393fd2a22afa0a58aa9da184ef390022516e66591e170af408947a4,2143,2,2,-5.526703,-0.13695145,3.9369621,0.6024971,0.69561195
3034,train_images/ff344e5c9341.png,abf8a7189fc07097ec36bf6acf7061c79418fd7fd53b09c56f77e1a535c455b2,3034,2,2,-3.8417168,1.0777264,5.4530125,-1.7519798,-1.3258612
3037,train_images/0cb14014117d.png,956e78f8545d1e808104b24be48547517799c4764795105a42e7e3020d9dd59a,3037,3,2,-6.1215324,-0.58117104,3.0528183,1.7437134,1.379489
3042,train_images/383e72af1955.png,f927361e198284b4d57f9350e2a1b19176719dd12d15c3c357f15bea4dcfcd0a,3042,3,2,-4.985012,0.86232567,1.7302704,1.4498215,0.4821608
3049,train_images/8958a4d17b7e.png,44ebfbfa0a427b3fca115ff19c959c9a6044dcb16579b7056fec1ccc82cdead3,3049,3,4,-7.833065,-1.9159164,1.7549591,3.1549683,4.2808437
3057,train_images/b2ffa3e18559.png,9d2d634d05741087b1281acfee319cccd46d11ce8c554d36071478651c487db8,3057,3,3,-7.367836,-0.24552536,2.4440117,5.317436,-0.70047235
3064,train_images/187f6ccda87a.png,9099af13c4ba7cf731377769a4d5599518c28810592ef614d4238625c5ed03fb,3064,4,3,-8.894871,-2.7422295,1.498867,5.794197,3.788147
3067,train_images/2017cd92c63d.png,a4626e1c905c1d6ea8424b40a4c5891ac55aebdb58c733b6b2e15e3959ae7787,3067,4,4,-6.0320816,-1.5897961,0.33886337,2.1261673,4.671584
3069,train_images/21abd36095a1.png,06f39ac54ac4ddd5c5855f7329723e467f25d450625e6e83c302ea62cd4e0e8d,3069,4,4,-5.929577,-3.9126225,2.1972084,2.2417831,4.8996973
3076,train_images/4a3da369b227.png,0e491a7e23234006e730209be24212394d4215c578d27dc572160f7fdccf54fb,3076,4,4,-9.215549,-5.4653053,0.044708252,5.147064,8.866244
3087,train_images/9c72ed6befa0.png,f4918ee8c66948959c87b4c8fd543913f5465c21be9203f24f0e99c01e5ac68d,3087,4,2,-0.29309845,1.1252594,2.1411858,-3.3451462,0.13109827
3089,train_images/a76b69e443ce.png,24a8632bc63b456b143b5e6fdceb903833e646b82c848bc4976ac20aab9e5cbb,3089,4,4,-2.6785011,-2.744753,2.397499,-1.1741257,3.8794036
3090,train_images/b37aae3c8fe1.png,acd2b13e3dcee1cc946e39284b08cf2b60cbe85244279fa5a25ef50788e79741,3090,4,1,1.3133507,5.832754,0.82997894,-4.7570686,-3.3771148
3099,train_images/d659d7fd5ccf.png,86cfde1aaf7d908c9e75621879c164c71f5ed99bce746c852dda04b3dbfb0b55,3099,4,4,-7.104618,-1.9322491,2.1265984,-0.29662323,6.701066
3102,train_images/e9ab8413e771.png,53ac0e4ed4406febe4b4499e517a9f5bf4da77b691c098949c54d05df0af1125,3102,4,2,-2.7326622,0.50001335,1.0049019,0.24520111,0.6932597
3108,train_images/005b95c28852.png,660e9470e016ce3835f067c234b3bd8662b3dc4c5a29840e73573b32ba3c73d1,3108,0,0,9.034534,1.8773689,-1.2253151,-3.8404427,-5.7899513
3114,train_images/07e827469099.png,d00df391c21dc7e1577074c94378f64d829ab45b209372d9e5ace4e086a54457,3114,0,0,11.653603,0.4309559,-2.4644203,-4.661087,-4.8520494
3122,train_images/11d8e5eaee5b.png,f769b361f87300e0ede321b699e98ea6636d3d04f2f6357f5535b57e53c08858,3122,0,0,8.243111,1.796238,0.1918869,-7.363205,-2.8474221
3126,train_images/152db3de8120.png,b9f49b9b45455c09b9884afde46a2ca597d70bde1dc78434f4676f5a33c8598c,3126,0,0,8.463566,0.5484638,-2.233101,-1.4542389,-5.328805
3134,train_images/1b8701231c8f.png,ef123219e4ac75de22607b962946e8d767930804a3d84fff24d6bba967d3f2f5,3134,0,0,8.322735,1.9311695,-1.2625961,-6.180046,-2.7012038
3137,train_images/1d37f1c8b6d8.png,154f6213556e2a2796f2eefbe66a3cec51a48319c7b4a17c62f4a393e65a524a,3137,0,0,10.030685,2.4434586,-1.7743645,-7.2787933,-3.3582082
3139,train_images/1df1530b9b8d.png,ee61c85ab0b9f59df2100366afab21ac28be9a69ea75762460d6a30887835f61,3139,0,0,10.104378,3.0378704,-0.29745865,-7.2967987,-5.472434
3144,train_images/226c6ceb9185.png,81b07b191efcbc59c11fcb316861619fa1b35ff8b65938f174cfe3f5736e4a8e,3144,0,0,10.611557,1.8186741,-1.6188393,-5.416748,-5.2868557
3147,train_images/266fbefa58fb.png,bdf8d3fc903d614ac49da1026fa1a6580bcf08768b7cfc8e713e1002d3708194,3147,0,0,9.008408,2.6897926,-0.5342369,-6.939335,-4.1711864
3153,train_images/2d04cead4d3a.png,61f6dda5975aee9ec29dacdac645f7590d69b7c1bccf5de19345c3ef2a19de8d,3153,0,0,9.762039,1.7048397,-2.2586975,-4.139263,-5.009197
3163,train_images/35cd9832fc0a.png,c32fbc75ec6d3a023d509527e6834d79000675eaabd95f44f7725c42992d0cf4,3163,0,0,9.837006,2.3820572,-0.051231384,-7.999069,-4.1069303
3165,train_images/3cab32dd6ef9.png,6f13a7c891b9564326ca17f212edf5d31f5c03864542dcce82231f0b860a1cb7,3165,0,0,9.081726,3.2272186,-0.1865387,-7.7219696,-4.3497286
3170,train_images/436fa3fd145a.png,46cd31de90dde6497886110925e6f261d319cf61a68c93a80b5960db139b8943,3170,0,0,8.85236,0.7157402,-2.234642,-2.8026085,-4.474953
3174,train_images/4528fbbd43a3.png,06fe37a01e7b29144b9ce792dfe21152a3656c6a9ea4d40b5422d9824edaaabc,3174,0,0,7.3871,2.9548283,-0.13198853,-4.9809,-5.2022996
3175,train_images/454792eb6e05.png,5ddb9349d63c157bcac2555410f9046ee999ace3daf673cb3a345f5d1f9714a1,3175,0,0,10.073418,0.1671009,-1.2569847,-3.624176,-5.330098
3185,train_images/4d167ca69ea8.png,ffb99c7befb24761791603bedadba9cb1440f27e8d71d5eb2fd00490af3be0ec,3185,0,0,8.185631,2.1156807,0.19254303,-7.7250175,-2.769249
3189,train_images/511fd66b2df8.png,7e640d76a83e9fd5588701d715db820713459ce341fd9859165bb9b131218cdb,3189,0,0,10.269241,3.1483898,-0.19934464,-8.380344,-4.6411724
3193,train_images/525d0dd8dc45.png,adbb3a8d96eed31a3f01b4f0ebfe4a117782ad26c69f7116663c9396c2d4f35f,3193,0,0,9.714905,3.2787476,-0.70568466,-6.782425,-5.357167
3200,train_images/5b47043942f4.png,a107d2873fa106b489b0c5ad49abfecd254fe37aa7038a254215ad1d51d9bccf,3200,0,0,9.91486,2.856081,-2.1172638,-2.8978195,-7.7106123
3202,train_images/5f4a8c074bd5.png,4bb284f7858e6ed1f8e4485af8867b9d08203cd38e28ee54c40d7d989daacd2c,3202,0,0,10.806362,2.1712704,-1.1083679,-7.210884,-4.562412
3204,train_images/6107a2e9f60e.png,97468da14d2e14db7052de6481556428fd9188ab56d0c01097c1e94521907ef6,3204,0,0,4.078865,1.5894432,0.048496246,-4.597664,-1.156276
3213,train_images/6e861bc3bd7b.png,df6ad49e96535f5107606ce407d560d861dd6ecad1f71b99f14b8113a349778c,3213,0,0,10.711395,0.67177963,-2.1821938,-3.1782532,-5.940186
3219,train_images/73a07e2ea23e.png,a4d7f6910e75a26af169d2e961e43189a125a479da6ab788e389389f3c1bf227,3219,0,0,5.4512634,1.9465904,-0.70892334,-2.9744759,-3.824369
3222,train_images/757e39293591.png,f8e21ed7b1390da484d1bfeb4791b50ed812024ecc897796a2ba234931e818c3,3222,0,0,7.947048,1.9680119,-0.59682083,-6.004551,-3.3139281
3227,train_images/7ad0c4975890.png,10f0e330ee6cbc3966c5a838e1bbcf7e7d452e2ad26d7ddb5c50cebad4730685,3227,0,1,1.437233,5.795864,1.3665047,-4.581791,-4.152614
3232,train_images/82d364726a58.png,ee5ef53434fccbafd26e57fdaecfbcc0a6495c0a1467d581f397572a56220958,3232,0,0,9.610714,3.5125046,-1.1794319,-6.0014496,-5.779874
3236,train_images/88e4399d207c.png,f1441a207390d3b03e4e7e4539f952c8b84f64db034d4c30eb5e4879d79083f4,3236,0,0,10.4830475,2.968855,-0.19193268,-8.386341,-4.7806864
3245,train_images/93421787f520.png,365272d401433346e1fb850d003f410d833a8d27c2f0e0ae387e32ab26f6de35,3245,0,0,9.290665,2.2439232,-0.38233566,-6.550953,-4.588475
3253,train_images/9e2a8135f471.png,aa6adcb04854d242db8e4bb6fb4a981a9002bafd63da383abbdf77c864075d77,3253,0,0,9.520939,3.148508,-0.6616478,-5.919388,-6.023983
3261,train_images/a11c62cb3f86.png,75f4c87e3988cd6e957bffae65709eefd7d04d527dd10e95117c4904555b160e,3261,0,0,7.683346,3.5535831,-0.46907425,-5.769356,-4.8978724
3263,train_images/a3bd2e034614.png,ceba39ce93858747d6fa8d9574c8e136edfbae50bdd855fa69e4ca91a2861719,3263,0,0,6.2301865,0.3430767,1.1939812,-4.6675415,-3.0513399
3268,train_images/a77eb914b383.png,92e9ffb5d232a98d81f742a46e5d17f66165e01417ab6e1c461ee67a35279011,3268,0,0,5.5461197,3.1584663,1.0084572,-6.4958878,-3.2185788
3273,train_images/ad12cde115ab.png,7fb8c0aeb9c101ac3ac555d8682d69624442f8ac6607d5e57c716a97b0436671,3273,0,0,10.774776,-0.13718987,-1.562706,-3.150982,-5.855772
3278,train_images/ae975c43bd8b.png,2ffe47f0d9eed80eead9dc84c12656c865af874a2fe5c3cfdc797c0720fb44ce,3278,0,0,8.993874,2.961382,-0.34124374,-7.3775406,-4.2073693
3279,train_images/aeccef0bdc26.png,10a7945f22f7847285c3fb4aec9f7f3de9e98b0e92f15914f1b9a59cce5dcfe7,3279,0,0,8.536892,2.0426903,-0.23117828,-6.52927,-3.7696078
3283,train_images/b16dd4483ca5.png,efadfaa8278f0e37c4d6152d666305fb8bc3e489f55de3584d15126e408bb5cb,3283,0,0,9.8029785,1.0091496,-0.79364014,-3.3346024,-6.6479397
3289,train_images/b8e9a8f4617d.png,5b35670b56fd8480f024c3ed885e886a8440e33834cb4127011f6f351a8853f5,3289,0,0,11.595322,2.4478588,-1.3562508,-7.302677,-5.2522774
3292,train_images/ba2ea9182090.png,111c33230b9e7c563e3154d8f44ca5f5fb14faee04eccb365913624ae3afc181,3292,0,0,8.646801,2.4180164,-1.2670555,-6.9050484,-2.8588867
3301,train_images/c38dec54a9f7.png,588383b4d8ce0e473c3f7d4ecc04b20e40d1897f6e8f2d9803c4faf5514f553a,3301,0,0,7.4037437,0.93974876,-0.123104095,-5.5458603,-2.6634908
3306,train_images/c7d0deb71576.png,377bbcc1893406e6976a8311f77d4caef086d75fedc69b6f6e1ba4407370d779,3306,0,0,6.225094,2.316742,-0.04953766,-6.5856285,-1.9528402
3313,train_images/cf8ae5501bd6.png,bd979e51ca3cdd5d9c542873a77b5ad7c378ab5bc88b742af215227112f394ee,3313,0,0,9.178177,2.4399376,-0.65203094,-6.5916824,-4.3263817
3318,train_images/d332d7b8a26e.png,208b86599ebeaa38d9570b667f1eb014f2c05bb0a882b8eb9ec5ed5598f9bc83,3318,0,0,9.808853,3.4117775,-0.7069702,-8.185989,-4.268163
3322,train_images/d6df4fe492ec.png,825c59e676c5127e4896cff851624f288307eaa1d4802448cb995598f72973fa,3322,0,0,10.199234,3.6469936,-0.8110466,-7.9342613,-5.0258994
3328,train_images/da6389d129aa.png,ccdc80fa2b77c58155ff9036de2d8f39d5821a616ecf37508f6cfdba000e2755,3328,0,1,0.79125214,4.946886,1.9382935,-4.43935,-3.3550584
3333,train_images/de6210f88536.png,4b4fc255f4bde07100dbd38388e85cd8e85eb3c1345a03061f7371596f2be9d8,3333,0,0,9.763073,3.3097382,-0.9487076,-7.4209976,-4.635745
3336,train_images/df0886f1e76b.png,ab2fea837a1b519345bac844a855175c39eb3fab139b5d1b9e25e3fd9de321d9,3336,0,0,8.812622,1.8003368,-2.0541687,-2.2545662,-6.3043365
3339,train_images/e087bd4b88f2.png,b4a85ff726f89bde02e37c97afa2f1f9313d67a43eb3d738c171bf2a4efbd659,3339,0,0,7.4851074,-0.1883564,-0.801033,-1.3021317,-5.2327423
3340,train_images/e1c02f6c3362.png,5df43185ad18ba6e8c510ace968603fb27dd802d7c166f9b8e86d45e3fb5396a,3340,0,0,10.359505,1.468092,-2.1219406,-3.0631866,-6.5478992
3347,train_images/ea6a53e54d0f.png,63edf17b177283b948abd10799684e686a5933219033a7011b298ea7f2644a8d,3347,0,0,7.7918777,4.40086,-1.4109726,-6.0114174,-4.6865263
3348,train_images/ea9c41e1ced0.png,8c92f7d4bb3ce5df20e0b6b10e24432c0979724dc127de3e7c6338826fcbfea6,3348,0,0,6.7773056,2.3533974,0.57120514,-5.401142,-4.3516703
3359,train_images/f298b7d05958.png,6f3230dfc5e4cf0b03637af48ed9917498b07527cbc33725a9ec3fd3b47d18a7,3359,0,0,7.975628,2.2323875,-0.26836014,-6.2915535,-3.6216922
3363,train_images/f71aca5a7dc3.png,f894772ddab4eedc3c169f62e5575ac681364b2dc15dc67d1ef568bbbd46959e,3363,0,0,9.951202,2.3372726,-2.5247383,-3.0910835,-6.592388
3368,train_images/fb88d23fc5fe.png,4ebe8eebec48d2d7d364aba80038f5df1bbb4661bf62dbbddbc4db41f31eff83,3368,0,0,9.412273,3.3479595,-0.19741058,-8.595642,-3.9117856
3373,train_images/fdc685055659.png,b6bbf49861b0ae72f452cef964de781ef20ebcfe6e8b698af44f5bf2f65e1874,3373,0,0,11.011612,3.0113068,-1.0031509,-8.460007,-4.450121
3374,train_images/fe06dad6851c.png,76aee38c40f52715983f534213af2dd2a9385588e529aeda3c1fe21788477c50,3374,0,0,9.600117,0.815382,-2.9125938,-3.2793045,-4.1786466
3381,train_images/0f495d87656a.png,be911c52b567dff62cafb0cca6bd9bd8f327ae7159090b31656422231c18f083,3381,1,1,-3.0403328,4.469738,3.5661697,-3.7815742,-1.5304351
3385,train_images/2f2e1949ad56.png,f61a143861b0dcff0561b7237e7daf9fa90c79780f0d51bf14a6269fdb10ca74,3385,1,1,-0.89289474,5.4898834,1.2039452,-3.7154846,-2.2977858
3394,train_images/47d1603a555b.png,f990b37500325946d331f3e2c8b2617d7649a1f0ef8d17421db78a55dd108909,3394,1,1,-3.8432503,5.039007,3.039009,-2.8984108,-1.6909292
3401,train_images/53704c80f0d8.png,97ed0d0b26c66e50fc0bbb5cf1e5c2900f9334d2ef1fdc7eae4e77fdc7c688a3,3401,1,1,-0.8927345,5.0824966,1.650013,-4.338623,-1.7454996
3406,train_images/6c6efb6b1358.png,64ad60b1cabf6434335e433e9c0d586e9ba9e89b02fd101b527c12ad39bbc6f0,3406,1,1,1.7860031,5.966751,1.677021,-5.735508,-3.8209834
3412,train_images/89ed6a0dd53f.png,6853c2f45e7a182ece812c2825bea574a19682e8d55f8a0386d0d9625bca26c0,3412,1,1,-1.3902397,5.08395,1.771759,-2.324768,-3.437595
3419,train_images/a19ecd0a706e.png,284214c0ddcb433755d8402a694d8d8aae33de8a48730cce4663031433903fb6,3419,1,1,-2.385788,4.7990074,1.840641,-3.1325607,-1.4383893
3420,train_images/a443c4fd489c.png,db1fe311ed8120ae5045635cf0ff8b9e7d43f9ef5859f84a2800778d89b9571f,3420,1,1,3.228344,3.8795204,0.65706635,-4.298748,-3.6195674
3427,train_images/b9b99dad668d.png,c07b11b3addf73e52624e142f21ac27ec9b95209d2c6abd30988e4be018d1ada,3427,1,1,-1.8254662,5.7210026,1.6919479,-3.4979515,-2.3148544
3431,train_images/cd45bfa07d41.png,0b6f28cac3c0a75815d4dabc5c197dd8c15e722847d6dc7ec9bee010ee26f255,3431,1,1,1.1058502,3.9119587,0.9387169,-3.8337517,-2.3023202
3433,train_images/d1cad012a254.png,4025dca5f8bec7c66017347dff836a3054b49fe9afa240ef9e7ad8cc93611538,45,1,1,2.2597084,6.4490395,1.7329559,-7.465992,-3.0771735
3436,train_images/06024377d573.png,d5ace70ac35bb85d05d04399ea5fb43063eff45e240cd4b2a6ad118a6daf3d88,3436,2,2,-7.040859,-1.396246,3.6938896,3.2045135,1.0122232
3441,train_images/0efc93ec838b.png,62af6c5850e969bc36b859658d1e13a5d3e852488fe928ef678d5d3dd3251f9d,3441,2,4,-7.460018,-4.841364,1.9609146,1.6810532,8.123912
3447,train_images/188a9323be03.png,23b5009c6e071d47eb014dc75a59268d4a1e96bc21434eec98b50bb7f2b733fb,3447,2,2,-6.7738457,-1.2485237,3.3957176,2.3351288,1.7899418
3457,train_images/234399352d36.png,3c423abac73be7726ab0775991f1bb340916fc977e2c28fd589f5f2b69e14fa5,3457,2,2,-6.1631737,-0.07537079,3.6015625,0.16305923,2.0149074
3463,train_images/27b68863349f.png,c49ebcab9bcc99c990109da9134c1f9f8d1ddc2feadec450821a73afb52b1e33,3463,2,1,-4.3856163,3.9680767,2.6513977,-0.40764618,-2.2238643
3468,train_images/308f7fce6f0d.png,e95dc24eb4f670ff245d76e171870d8bdd5ee76381d0c3786210fb5a914e3830,3468,2,2,-2.6902275,0.74596024,5.68808,-1.9890404,-2.0774412
3474,train_images/3ddb86eb530e.png,a473569667edc2fca2ad60fbf382bafa83e842f381976111fbd112aba7b1130c,149,2,2,-3.4453468,1.2832165,2.8936348,1.3797226,-2.4593687
3478,train_images/42a67337fa8e.png,32c26131fedf06b3c40486c873da1645fce755cea0193afdbcfd6cfb1bd07ed0,3478,2,4,-3.9223633,-3.3441448,2.5801544,1.2815933,3.0319614
3482,train_images/465c618f7b23.png,d7f58be9dd5b6413bba24eca26f0dab357141985282b3b1312da8ae102c34c20,3482,2,3,-5.4503174,0.23876,1.5997963,1.7049179,1.5062366
3488,train_images/4a44cc840ebe.png,956e78f8545d1e808104b24be48547517799c4764795105a42e7e3020d9dd59a,3037,2,2,-6.1215324,-0.58117104,3.0528183,1.7437134,1.379489
3489,train_images/4b5ffea77373.png,bdedabe9abe7a89806d781da59d02c60d0b6fa764fa727cad2569188f98aa940,3489,2,2,-6.3820724,-0.15459633,5.350813,-0.4576187,1.170104
3493,train_images/51d0034d177d.png,e5622af79963d4998209177672e27e0bfd9cecaaf7133b42387969513852f255,3493,2,2,-6.3690796,-3.226801,5.438362,2.805832,0.9052763
3498,train_images/5cde55f745af.png,6e6af057db49bbaf1ed7692eda1aa7d966cc0de886e9414e558e09d92aefe9b2,3498,2,4,-5.214451,2.5396633,0.9236717,-1.6597328,3.0197468
3503,train_images/66d2ca47aa44.png,68e74b062359b3a41994264e531855f3d173ba1c6bc905639be89b8d0f3fa5fd,3503,2,2,-4.2632904,2.3674564,5.2931957,-1.8230286,-1.8963248
3506,train_images/6dfd80748e72.png,0d49d34fca591a51e9377bcaa1ef34cbf4ee87c2f993742c1169a1095ec961bf,3506,2,2,-2.7616425,1.4428387,2.1900024,-0.1526413,-1.0462365
3514,train_images/7d1b40fdbd86.png,30f9b110eb641b107d8f46d51f78e708ba6f59b96f9850fb675ff74b13d55618,3514,2,2,-0.9613533,2.5193348,3.9664993,-3.7252312,-2.133464
3520,train_images/869bbd3170cc.png,5229b9a9e86a2e837273d2ee1b8e517d7dca131e065c973396df783b09f53456,3520,2,2,-5.426407,2.9207401,4.7439556,-0.6543541,-2.0347414
3534,train_images/9d98a0b585f2.png,c4eb4fb956b4096e7f24bf4c381655972a97b8f8dfc5531c487e72e042422d5d,3534,2,2,-3.646904,1.9659939,5.03718,-3.389801,-0.43970394
3536,train_images/9f436886e056.png,25e1f6b090206bbd6643b3ce4fccf98f6c15568a6eec2dab566698f9e0f92703,3536,2,2,-1.6716461,0.33351135,3.2206497,-1.073288,-1.1583755
3540,train_images/a15470303941.png,5464ebc327f092fed340567c26aec093f761cd365c1f0bd23f1b42f30c13bae2,3540,2,2,-6.220978,0.8599243,3.0570831,2.7998962,-0.95360637
3542,train_images/a3957df90a78.png,42df53a226498a4c20f810b2a77f10d9c40e73c04ea68a7e82dafaf75a2a240a,3542,2,2,-4.570568,-1.0560131,4.002098,0.7000885,0.5262356
3548,train_images/ae8424cdb029.png,a67d703155199da1730a8e2c33926ba80a7bad34d3f69a16e8aa284f3920f8a9,3548,2,1,-1.1358948,2.9100094,1.0510826,-1.3538055,-1.6862282
3553,train_images/ba25f947f4ec.png,7ca93bf2b1ca55cc793291d64dd14316bf04c8afff01f2251ea4e4ec5d4d778c,3553,2,2,-2.4878883,-0.25001144,3.546955,-1.2966423,0.137259
3564,train_images/d8cdb7d7283a.png,ddd9bbabb3d26199782ff85c6ed46bd33d5347018fddbe05157af2b80cdb3295,3564,2,1,-2.6371307,3.6798534,1.3859253,-2.1856308,-0.57188296
3567,train_images/d9a475dfe59a.png,4251866c387d15ba6e8057bc6bef69235ff1ae15441d1ebda5102d0a915cd5d6,3567,2,4,-6.3105507,0.55604935,1.2808609,0.8378029,3.1776052
3571,train_images/df841a0440d8.png,9f64aa78af3feb31e2f61366b3d8cd7f6bb0512dd8926446222addc859e91081,3571,2,1,-3.6457481,2.5491924,1.608139,-0.7726059,-0.12022519
3574,train_images/e1e490773462.png,8bcedee86e062d7f06383f27b152ad428b2f3a7f15a1712eafe0aa1ea0639af7,3574,2,2,-4.2409706,1.3446236,5.382309,-2.555687,-0.34960318
3579,train_images/e9129ce55fd7.png,a77ffae41a8dbf318be23f73d39958fe30036d8144460448f09bae4e2cca588e,3579,2,2,-0.22360992,0.18704224,3.3142776,-3.182537,-0.23727965
3584,train_images/f61bf44c677c.png,e4a71806a938cfbe92c999b10210ef5c7b5f8095ce90641a721e09f41cc4958f,3584,2,2,-6.2466087,-0.8738251,2.7209435,1.225975,2.7128534
3592,train_images/3f49f8d100e9.png,651b5694eeea55ddb4f73942c1d0c8000cf553327173f683b5f0e90274f03059,3592,3,3,-6.225109,-2.9305134,3.7296486,5.065071,-0.10051584
3599,train_images/8a9bef2fbd4e.png,9abbf5f2581176d481cbad05e3f0d01b6502284ab8acdc0068752bf2821c5c29,3599,3,3,-5.135605,-2.2895641,2.172985,4.3770905,0.40168786
3601,train_images/91cf56d3d1af.png,eadaa2e8be522099b564ba2bf141320de0f9306ec0911a8cbd647e6a784b44db,3601,3,3,-7.0109673,-2.6980267,1.1638412,5.2706146,2.775622
3606,train_images/b310bd564329.png,00bf44d754fdc2d0af7f26955ef23c31ca347c7f4be3db0e4edef2d1d3ebbd78,3606,3,2,-5.831417,-1.8558693,3.063324,1.9703369,2.1492605
3612,train_images/e19936582c61.png,f5b3d581e5e99202331eba59e45d5708c14ff7167e880dc03e86229a01e5de82,3612,3,2,-4.5813904,0.9258652,4.0375366,-0.31378174,-0.4634273
3621,train_images/25d069089c5e.png,041dded3fb11b028d7f1d49ec308e5c0e4ebfe3f1bc56ffe455e0f919065a1d8,3621,4,3,-8.465099,-2.071865,1.0778465,6.2170258,2.7156086
3628,train_images/6194e0fff071.png,bed825b2ba7b3994fe80aa8d6eecada587b90a2922e74e41d0da5aa7c4d46664,3628,4,4,-6.7974358,-2.1016922,1.4373207,1.3677216,5.5856867
3630,train_images/62318d514160.png,12bd521651d85f3b1b69c02205712c3fa72b6e7134f42169e34c3d9ab4df6854,3630,4,4,-6.0091515,-1.3967724,-1.6633759,1.6959991,6.9394875
3639,train_images/7d626a7ffe76.png,02bfa03ce57b51a8129b2d67f5e6f91cb423a222bba4d1f4a437c4f8a4531a40,3639,4,3,-6.888008,-3.3848019,-0.49263,6.9494934,3.2477083
3646,train_images/a11bf2edd470.png,a36b21658b8f4792601c61d4595103af62b230a1130c4ef54a535414d66bbfb3,3646,4,4,-5.6492767,-1.072609,1.6718178,1.9389801,2.7112803
3652,train_images/c3d12a23f451.png,3588ee49b2e59688e1ea900f46ec21a1a05fb9c5d03ea9be5f0f8bcc041494e5,3652,4,4,-5.3894386,-1.8458958,0.7138977,-0.30348206,6.4522543
3661,train_images/f5e6226bd2e0.png,2dfa01b045d26af90cc3b338a8d9a77ef9580cde705ee3b3523c566860ff5a61,3661,4,3,-7.1089783,-1.2932701,1.3294449,4.216423,2.2959213
