pool_index,image,pixel_sha256,sensitivity_group,target,prediction,logit_0,logit_1,logit_2,logit_3,logit_4
9,train_images/a0adbe677508.png,9eb29bddb3377030732b05f66b2c3589b17908bb90f7113888a5c21d4f9a72de,9,0,0,4.5056553,0.38751602,-0.35544902,-2.8086843,-1.7055063
14,train_images/d803598dabda.png,714a5d9ad4586773f0bf6d01dface05c76e31b23f45177beaa3dcb92b4b50179,14,4,4,-6.056904,-1.4258242,2.3572354,1.9720955,3.1177628
19,train_images/8a81f62320d6.png,6421600ac1ef90ca438a79570d48658d5591a312e1594165ae78a083369d1481,19,0,0,5.014454,1.3937445,-0.9356043,-3.1919699,-2.2570114
21,train_images/5d6239c0fd39.png,c809dad3e1f3601343a06f591f50c1d23e7db610239f40c501960027549e372e,21,0,0,3.9689674,1.1894512,-0.7693422,-2.5576744,-1.8135586
28,train_images/6810410187a0.png,c9c7e397cdad94344b4a229e338fa5a820b30d1b7767bf322bb5b679e4edabd5,28,2,1,-2.1697865,1.5263386,1.2514869,-1.1185398,0.49874783
29,train_images/bb2f89488ecd.png,59b2ccb4bad8cb9958598e5a5888733afc937359672561a2c2fc7786b793c53d,29,0,0,3.0542622,1.1128025,-0.14144579,-2.7479992,-1.263022
34,train_images/fdd534271f3d.png,2dc46dd7f740c040ea4dfda253b8d4524c0357707faa95fecd3c2fb6636e29b0,34,4,3,-5.1993427,-0.5432806,1.4857731,2.1293964,2.0915248
37,train_images/e9ff9352ccb3.png,e2f35230990537f915259582fb4dd8abc34fffa3a3b47f30614d433e9a0ea1f7,37,1,2,0.2244873,0.825964,0.94065654,-1.5569382,-0.43149233
45,train_images/8fc09fecd22f.png,4025dca5f8bec7c66017347dff836a3054b49fe9afa240ef9e7ad8cc93611538,45,1,1,0.37317085,3.3712978,0.8993336,-2.9279013,-1.7163815
46,train_images/59ee65760535.png,03b065f8f52d2ccd6d5c971e63846c0a01f12eb46df9f3ae345ddd2e39b5d825,46,2,2,0.5377922,0.69258976,0.75735176,-1.196104,-0.77776647
53,train_images/a2163f0c2af5.png,e6f2c6e75d6a6b8b587ad70dfb0f42136e3a9fcd148d0b133784addeb9bd848a,53,0,0,4.501648,1.2894068,-0.5659549,-3.5354156,-1.6720233
59,train_images/d16e59a2b33a.png,531df0e7203968d9caf07614d3f4928a734b9750477745aaf08f93db203c3efc,59,0,0,5.170582,0.7584505,-0.9637354,-3.3451157,-1.5943618
66,train_images/494fc9c745a3.png,d1af4ec02abbf521343baea46fe913af2fab1f2e81b04c3cf530ba732fbf05da,66,1,1,-3.4491978,2.9039564,1.2882491,-0.2175045,-0.54378414
69,train_images/0f364b7d4384.png,2e21a8670884965e1e3bacc9104af186303222592b851b17618a22989243dc00,69,0,0,4.4436703,1.2512779,-0.97824705,-2.9871273,-1.6927724
74,train_images/4982378d72f9.png,9a52198b23a9a88eb7286c456551f1cef3290891538545420b2d875eadbae6ec,74,0,0,4.6864204,0.10455799,-0.94797885,-2.0540714,-1.7601962
79,train_images/996f9bba4ef0.png,35cb1db591b5dc4f3cace184ac27dfa90652f7ad178d2b18ee5147adc7ab5e2a,79,0,0,4.3231487,1.2255497,-0.73260534,-3.2305555,-1.5641532
83,train_images/d29b37d110f3.png,b3e93fb8e2bdf1bd4fff555d9e43e04f0bdfa423c87a303b81b5ea7fff56c00f,83,0,0,3.5789337,-1.1630993,-1.2842712,-0.6536255,-0.4550476
90,train_images/b77b8a1f09f1.png,480f93d7da3ee17710fb94901ba610ccc9c9c9ef13b97b2014a585e0aecd8576,90,4,3,-6.6786785,-0.8344183,1.618855,3.1268578,2.723789
91,train_images/a384e688e228.png,290f6c98a8e1db30d019ee6c806029b5466f6b44a6e7e8d69505bd0d6e3b9f6d,91,0,0,3.3405209,1.1581135,-0.9391308,-2.4372683,-1.1066151
98,train_images/79ce83c07588.png,875f7e33f052ce66187d01240da12b4b4ca0257c7834ae4efeb6da0bc1292f0f,98,1,1,-1.3893871,3.1001863,0.43625492,-1.491909,-0.6698673
104,train_images/0fd16b64697e.png,543f9d2ea4d5fdd9234cf8ef0b7f6b3374113f797e43217b9c6c12a5ad2a2276,104,2,3,-5.7186813,-1.6454234,2.000333,3.4946842,1.8376812
111,train_images/57a5f1015504.png,1625ec89e7b02f9de0f1cf6c0426837f604459db9b8b8ae21de39a714fa48158,111,2,2,-3.7661877,0.76094055,2.0114982,-0.78926086,1.7519045
116,train_images/3dbc90c7ee7d.png,67e68aed22d7e28bbcbe224a29229936e800797753e326c640b786423cfcabc9,116,1,1,-3.7122726,2.1660633,0.85659885,0.33081627,0.34304285
119,train_images/8d4ff745a409.png,a5316afad134bc35d5c90c81f1a42f1d58eda76f57b3cbcdca91e8787a42b9b5,119,0,0,3.7959461,1.2619982,-0.98242015,-2.5506458,-1.5066967
123,train_images/7f1f3269f546.png,a08245dfdba67f139e0fa82ba52c6f1049439d86035a08ed6bc617c9a2b774ab,123,0,0,3.9816246,1.0449085,-0.47189778,-2.8657713,-1.6724095
129,train_images/8c87bd748996.png,d0026028fc8d249fafcefbc861dce892d83a4c37ea66b886291a8fb67f3b7dec,129,2,2,-1.4633942,0.79047394,1.2420894,-0.83231926,0.2544105
131,train_images/720b5f62ce80.png,0cf25d6e14be7cef7ac6af42abb4482b36f2c10e652bc5f15ce626071b1eb7fc,131,0,0,3.6379833,1.0725441,-1.12459,-1.8799896,-1.6792569
136,train_images/44855f666225.png,9ae0b4ef73578fa86ed2dcd263d404d1fe3c59e710086205814b67aaa07cd527,136,2,3,-5.160578,-0.6070738,2.174498,3.1451435,0.4229443
141,train_images/8d62ba9cb22a.png,1c67ca1669b23d5c60bf2dd67e0138a0007ba572144323295784ef141ef0db70,141,2,2,-0.92326736,-0.52495193,1.2331518,0.38141632,-0.14987755
149,train_images/0243404e8a00.png,ec1260078c714c4f30386b36a0f7556c70f313f30f7a467aef5a2f14c17acec0,149,4,2,-1.9073448,0.73353386,1.0555097,0.7102432,-0.5922115
153,train_images/069f43616fab.png,d1787069e8da415663eee3a04d264958413555a5511dc1cc399b2167def60883,153,3,0,0.80999374,-1.0256672,-0.43646672,0.023626328,0.6338568
159,train_images/ef247f28004f.png,443be537fa9a32414cec055bbffe02926bfaa713ce5f1b676eab807cb9e11dd0,159,0,0,3.2051716,0.05389881,-0.9803723,-1.2614536,-0.9946265
165,train_images/c6e1e9fbf39b.png,15a19b5437e7afa3485cf8c99a661922af555e10e26f30738e9641a978af3ec3,165,2,1,-3.1816921,1.4828138,1.0635744,0.35201645,0.26594782
167,train_images/68332fdcaa70.png,3be3e01be679845db3cf85d6228042f9ccd4f0b935c57f798a73e9eb557e9574,167,1,1,-3.885706,2.5277042,1.3284742,-0.13515663,0.14135098
172,train_images/cb39761f0712.png,6e619606bb9a3035a30f250551071b7c2b3212ac09a20cd8ad0aab6a37484115,172,0,0,4.5234222,0.94395447,-0.46664578,-3.4575033,-1.5185175
175,train_images/6cb96a6fb029.png,fa3f631468dad2e67e27944375bbecfe730166c8dc3b7e9f167c77b9321ca5e1,175,0,0,4.1330338,-0.42752266,-1.0694709,-1.5971851,-1.0037549
178,train_images/52230bbef30e.png,b6f199952ab6b219a66e81b549a379af5c89a331c9a4efc4514a082d470bdf78,178,2,1,-2.963211,2.3437634,0.7176651,-0.21019936,0.08635974
183,train_images/1e1fb019710d.png,15967303b403fdff8d3627192ca31a7f2715b343f08b0befab077780f5a87e8d,183,2,2,-4.027878,1.1812868,1.5694644,0.6108017,0.6462996
184,train_images/dc3c0d8ee20b.png,8df6ecff0ab92a9bce692ce446b0c61adaa10efdab80c2b52593e34003859460,184,2,2,-3.277584,0.7914629,2.590268,-0.13346672,0.01586628
190,train_images/ea588d1e5d96.png,5780521a6454f8b848476e20bcadb6c9a5306ba975358ff060d188591a5412dc,190,2,2,-4.745592,0.4799099,2.859426,0.48251724,0.89299965
198,train_images/51030843fde2.png,7beb7ebabdfab826aacb68d7a82b3afcc2de28f606c1e9694192e5cbe48baa27,198,2,2,-2.5842762,0.6096449,1.6758804,-0.39704323,0.6750171
205,train_images/a1b28bcbce00.png,0311cfa034fa3c3c46bbdc3057fcd79738c4aa4b4cff7dfc0ddddfcf2856fc4a,205,0,0,1.7627144,1.2057266,-0.24811634,-1.4880161,-1.205193
211,train_images/91b7a4179ecf.png,79debf6e6dfd182c4034e34834334d29dafe7c8661ef47492a88cf736b4a7fca,211,0,0,3.1712074,1.3249102,-0.33428675,-2.501276,-1.6280212
212,train_images/f6f3ea0d2693.png,312e23e7782f1088f43ff71b2b8974312ceff12be08c8e4c146d194ba8daf94d,212,4,2,-6.4811172,-1.294035,3.0718074,2.966978,1.6989079
216,train_images/a1b12fdce6c3.png,bb6d47fe3863ca6bf85bef36528de631c22a926ea3aff21beeb1ea9c41b7aec1,216,2,2,-3.103382,0.46448708,1.0385833,1.0103893,0.5771165
224,train_images/5ea9e447bb62.png,41a9b4a5fab92dcc2e0452e9956464b89390adc22059385c3723b8f342fc74aa,224,0,0,3.7087593,0.56560993,-0.6093277,-2.1314154,-1.5136242
228,train_images/0a9ec1e99ce4.png,4578633466c8eda74ff4967d6e4b1c8eb38ca422a479d73fd431d08d3754f44d,228,2,2,-1.0210915,0.68116283,1.1058608,0.14148521,-0.90094495
234,train_images/c64c0966b4cf.png,6c6145a907bf4a39c8972a4b02f2aa8e06a3ef08e55618b25adffd70d12106b9,234,0,0,3.6862183,1.1707706,-0.41271463,-2.8691177,-1.5576081
239,train_images/c1c8550508e0.png,3b26186be5348381728f79c58fe26b0bb8b31f9588df7807eff5cd00ec1f1819,239,2,2,-2.6743717,0.71118736,1.1032454,0.06826973,0.7805245
246,train_images/cb68fce07789.png,c4d631423c9fcc239ccf3628a96cb9cbd1dcd8ed2bb11dd46962d0b12669a0bd,246,0,0,4.093357,0.84611607,-0.6462189,-2.9897652,-1.283853
249,train_images/3908b3cfd620.png,eecfb4385e914786be8625ee9c9980e72a4ff135efda87d02ac95d5035589b91,249,0,0,4.110819,1.1298752,-0.6877773,-2.9163733,-1.6167855
254,train_images/72595230840c.png,ed1cfee3728b6045d28acd761bf72597402002383fce2c62e60796d1febc0407,254,3,3,-8.150141,-2.5249166,0.80968356,5.7936325,4.0301514
262,train_images/ec4649213ccf.png,e31a8e41dee580accbdea40ba8e70a3e47a860cf49755c97326cc591c8dd4c67,262,1,1,-2.1989727,2.648057,0.9110571,-1.2487888,-0.12958336
266,train_images/8bdb891661a8.png,a78a2833f8cd4d50bd69d5dc522893a34b1e12b12f55476eea097e9458feb468,266,2,0,1.2592239,0.49798965,1.0537001,-1.8818932,-0.91024756
269,train_images/d7a01fca9838.png,7da803f51d3647b481e1a3c0185a7bf01af469db40b8a31989d684bf11adf750,269,0,0,4.330326,0.11124897,-0.97766626,-2.2513723,-1.1854014
273,train_images/ff4cd992667b.png,dbca0f1d4915149ff76b74cd2418186c4389225bfc2c30b78e68ac7c21f3b8b3,273,0,0,4.3870525,1.080761,-0.66478264,-2.5972939,-2.1663828
278,train_images/e4e343eaae2a.png,db77265cee9f06464bb248697f7b4dc7a66abcca758d48c1c632b39916eda082,278,2,2,-3.4849796,0.83926773,2.2444506,-0.050502777,0.433537
284,train_images/ac17cc18a994.png,6a666a67c2bd0d0d1b40676260c5cf910b93591180928a6a8cf44cb0eaf33e3d,284,0,0,3.724165,1.3729448,-0.545297,-3.2918797,-1.2412457
287,train_images/b69c224edd6e.png,369ad5862b9395e3eefe91adefdf69c84e25b71581386574ecc799429bf42b39,287,0,0,3.9440765,0.8614054,-0.25959462,-2.609147,-1.903162
294,train_images/e93394175a19.png,b8e37091236c7f933c06a8b3bc58b6140b0cae260fc7169cfe9d2496329cda0d,294,3,3,-7.3107433,-2.5857453,2.0869277,3.9491444,3.813888
301,train_images/38c7153457e2.png,6205f038d7098d5e81efdbeca73a62f0a2b2c6d95e0347f9a4939c8d0736b4e5,301,0,0,4.727886,0.8608475,-0.81862986,-2.7146187,-2.0297165
304,train_images/02685f13cefd.png,79fb0890b5455a0f7331019548d699d111acf077d09381eb125397a712e4e1a0,304,4,4,-2.2993546,-0.6077709,0.95205367,0.35902023,1.5750325
308,train_images/5728b8aa98ef.png,a8e2e288e172c203fba914ff35dbbb82384879d77df6a486232fa5e6bdc487c1,308,0,0,3.8758488,0.8626642,-0.48598555,-2.6595802,-1.5728421
313,train_images/ee36ca728641.png,a33630d60991deaac7eaa8036e3fa5f051d95fbf8a566e8776a8cc92caa62dfb,313,0,0,3.877201,0.11896038,-1.2429365,-1.500557,-1.2249432
316,train_images/484dbeb9bf2a.png,5da2858c1f71a214b2741fcd888ddade478427346adf866742faf8fea2863577,316,0,0,4.9031124,-0.35290337,-1.4398456,-1.5665379,-1.51366
324,train_images/52dbec057cc8.png,93a85b2e63923cc617f3a8c385fd7001f699f9246f84381cd068723ea89dd3e1,324,2,2,-0.5578823,0.37193775,1.2305392,-1.8219366,0.7744646
327,train_images/18621b9ca978.png,1a962e378e376ef5a483b0e1c2498adc74daf998c1a68302c4b0c5e830b8bdbb,327,0,0,1.6791725,0.2808838,0.31337577,-1.3434715,-0.8995476
333,train_images/cca626a0e19a.png,3ccd3e828aa4317aaf74956f7bb5b99df5e4082950dee58a10f327bb8fe1ddcc,333,2,1,-0.0031166077,0.8738632,0.68711853,-1.3624287,-0.19243455
340,train_images/ff77e8e5b5f3.png,2842411a873148351d2ac19434b0c6c7008514f5e1eaeafbfd0558a70bff747a,340,2,1,-0.4045105,2.9412546,0.009966254,-1.6724663,-0.8757186
345,train_images/1f5496352859.png,086b47a5f2f28936db7ca314ae47895861ae8cdc216bdf18f4ce9335c15c4891,345,0,0,4.655155,-1.1279202,-1.1465578,-1.1493969,-1.1989994
353,train_images/6df8b7b6e837.png,a75f486e6baa198f38ddfbf7b07da6e9e64fbd8ce85c28aeccba3e68a98ab0b5,353,0,1,0.47086525,2.0349646,0.6683639,-2.4676523,-0.6932821
356,train_images/1e143fa3de57.png,d9693f423433ba9af946e90eb9c4ef4ca1437c9be236e3087d8decee8a86835f,356,2,3,-5.900713,-1.5570312,2.5441496,2.7513103,2.1287093
362,train_images/4e54ccfd49b2.png,6433c8c7b955f61dc6e248c443472a503d1ea95f4c9aada6e726e89ffb575b3e,362,0,0,3.5318317,1.21836,-0.8839109,-2.9229832,-0.931015
369,train_images/c9ea9d5eab65.png,92a1fc4c05c40767e6e83fcbef444b95be9e63907eaada43a6e7f06fef9d3dd5,369,3,2,-4.529459,1.2154598,1.5629756,1.0804253,0.6451974
372,train_images/6c30dd481717.png,9f76d6cd2eb30f93057d31538053bad61784521ce931bc6a28002bc59d721741,372,0,0,3.8325386,-0.6795244,-1.0453106,-1.170639,-0.9094839
379,train_images/4ad8d3ec8789.png,0ae10118f919999cdc53ac0003a698891c124f71281af9e557bf44a3795aa7ef,379,0,0,4.050312,-0.6044874,-0.80359906,-1.9831553,-0.6339443
386,train_images/4ef16a53d899.png,29f589713a5cc80a4161fbb85c572aa642a2409177f994e3d6d5241cb7a47f70,386,0,0,4.590275,0.5449667,-1.4372365,-2.044609,-1.6233225
390,train_images/97a5ad7548b7.png,908fe79d42556b58feeaf61f44452e5436bcb20fefce68d91da464c9602e3190,390,2,2,-3.3490868,1.0170622,1.7706113,0.016008377,0.5322056
393,train_images/b033ab4fb723.png,1a40f0b60767d5f58ade69b87b37de1d5447df72e33c56f57e5dc7fef01e0774,393,2,2,-3.4489021,0.322052,2.0010424,-0.21269798,1.3176799
401,train_images/af828dab3ffc.png,ee1e2fdab8578e2d4c6f9d72f62fbadc258502d0491a4ed0912f21245e3d4f8f,401,2,2,-4.283369,0.9007969,2.4988093,0.22596169,0.6319356
404,train_images/a7c10ca6c117.png,7f97d4ad4b0c6ef4dadaeff9d88b2d89d7b6828935b8ab35facd6a838cca95e4,404,0,0,3.9351425,0.6162634,-0.80870974,-2.460393,-1.2634239
410,train_images/478fc46eaa49.png,57e7aa1a48d19ae2ee21a26d8f00bdad60f9eea3e2ce981250130a7987b70af3,410,0,0,4.246273,0.8536148,-0.7184999,-2.8865433,-1.474956
414,train_images/0ef4c61dc056.png,3724387b20c9c4c6c3866e50e93d7e8fa0ffb9ac69e40b337ce597de6a7c50b4,414,0,0,4.666111,1.585743,-0.66039044,-3.4241295,-2.1451697
419,train_images/cbe633765ea7.png,bd969bdacb00aaf9f1be635862be94beeff4949f4bfafa0e1ae03c7f4780ef8d,419,0,0,2.7936554,0.069973946,-0.17633191,-2.4422684,-0.23936987
420,train_images/b1197f2cc9b3.png,8a9797fc89e0f7c7bd92ff28fc1180f201ad3842d8b426c1ee9502ab938c163c,420,1,1,-1.5456829,2.332364,0.8260139,-0.85440826,-0.7716825
421,train_images/d51e5d7484ea.png,6aaa5da8eba7214458a13c4952b231aca180aa56982597061694506e5c3f7dd3,421,0,0,3.9287243,1.0340986,-0.5816456,-2.9057045,-1.4563794
427,train_images/1da25637859b.png,c75d9de142a78d4604c323f12c3baabde0f38b2068c5d6a2f6175427d12d2ed3,427,2,2,-3.8945217,0.26029587,1.9657929,0.72369003,0.92659485
436,train_images/71e43b4f8ba6.png,d53cee79b6c156a255a32e011e925d516bc8dfab7e5618e1130176c8fa43ebde,436,0,0,4.2059975,1.292428,-0.8133962,-3.3967266,-1.2688231
441,train_images/f6d760566a51.png,0c666ba6eb05c358ff26cc1503c1c87db61b9e850511647d23dea278951c3a38,441,0,0,3.9172077,0.84617805,-0.44609436,-2.734623,-1.5622563
447,train_images/18af532e7e1e.png,87bb2fe9f88db42d9b05a809a4e0d108f83494edbf09781a4e72b312d65d28ea,447,2,2,-3.3506718,0.7337961,3.5232186,0.040607452,-0.9509301
453,train_images/15528e740543.png,fbe0150302f4dba8560f0b68ddf6293657926a903f5fbdf6ee20e4c4dad67734,453,2,1,-1.0570107,0.85265446,0.78008664,-0.5839939,0.0125079155
462,train_images/22449af52060.png,d2dc682c757eca02d89cc60fa289e500710c99a84af37a45b1e2f204161407f3,462,0,0,3.915348,0.40285492,-0.73400813,-2.2269096,-1.3407073
463,train_images/fe3b0e50be78.png,d290ad88bb825273f6ae0143991669a47a5d1a1f94be314621c213a4aa355bd3,463,0,0,3.3737621,1.5809813,-0.647714,-2.3216848,-1.9496946
473,train_images/63c0eafd6aa9.png,e9e6dfc06ce89c99a49f00231aabf650b9f1fc92e6f5d5328f38c2ca2fc1c093,473,0,0,4.0275097,0.8426218,-0.6317465,-2.5679836,-1.6485777
480,train_images/b8297a2291f5.png,87afabbdc0a8bbc05e5699b0299a10b4217c0621a267b2172d23c71becd1ee74,480,0,0,4.1885986,0.52968407,-0.8220205,-2.4728527,-1.403513
484,train_images/0afbeeef0ff7.png,189fe280f1017599b78b6bd7e7b4362eda2c865ef9c1bf25bb3836bb3b7f95c6,484,0,0,2.9691448,1.4889612,-0.58138674,-2.7907457,-1.0744202
488,train_images/1b32e1d775ea.png,0d2fd1f2299c818ff14a57c895bca9042ccb9b574d84bb988f22a64e543db91c,488,4,4,-5.201002,-2.2670593,1.6446333,2.7848663,3.0046883
490,train_images/a528be013a04.png,3d2ad1ce0adf1b1509f0b0895d8d92f725ef627d26a88416a3b6ad01ffdb5ac0,490,0,0,3.7788906,1.09834,-0.7020943,-2.6430426,-1.513041
495,train_images/cf0575534cec.png,82835e0940a955eb81b6e3b681a5eb867c118032267bb6d6dff0789eb67a753d,495,1,1,-2.2958584,2.0193233,1.9390917,-0.9282131,-0.740422
497,train_images/668a319c2d23.png,0d01e974b09bcc249e7825f31b07a35755d57010e8de869dfe86e171517997f2,497,0,0,4.397148,1.0403347,-0.9007493,-2.8602858,-1.6551538
502,train_images/6cd606dc52e9.png,52fa022fa7d7ecad954b7a8d9f54f7f934fdcbefc0a48e410621bd3da775d3fb,502,4,4,-3.6274567,-1.2128687,0.96154046,1.2003899,2.6501622
506,train_images/2b88cb6e31cd.png,9301dc238c2fb0eae0ac6ef041b009954c995f7a3b9fb9533d2c3289f8099608,506,2,2,-2.5087528,0.9857645,1.4662367,-0.7709713,0.80738735
512,train_images/504a69096fcb.png,ef4dbd57085ff65a00562033125874c403badc581d3298039f9b5810fb3320de,512,0,0,4.2133408,0.8333664,-1.0341139,-2.5577488,-1.4346819
513,train_images/e60e4edb3ca9.png,05e86f2dfc3ae4f94a9936e8368b2d76fbc2dde28525b283c2c912e1988b5fbf,513,0,0,3.7795944,0.20083523,-0.4807611,-2.235856,-1.2473612
519,train_images/ec57cc20d776.png,e3724051a416d067fb05b70268d05a4b199673cb16f09f19a3eabcf10e1e7359,519,0,0,5.5751877,0.4005499,-1.8621639,-1.7742815,-2.305472
522,train_images/f025f33b2c9b.png,1397d987e28eafb5e9574fb756741b1ea787d0b54fe2db3d7f6f677fb51682c1,522,4,4,-6.1525993,-2.3735323,2.0300806,2.7842903,3.6622267
532,train_images/247ac63e5510.png,a9e70d6b8561ba10d7724c711c4dba6cd5428fdb1713d576ce7ddf65f1f927e2,532,4,4,-3.642601,-0.27399063,1.1942956,0.08643341,2.6140997
539,train_images/be7bc89f5fec.png,54ece05eb1367d608c1291f16db33b9cf97050da5b49519837c51d3ea3a01ffa,539,2,2,-3.842657,0.6167574,2.3099308,-0.042375565,0.92958796
543,train_images/be6cbf6e5b10.png,585c3fcd506441bb63c5ed86efa72eda81010f08827907b353171d5c7582b0af,543,0,0,4.3498154,0.40291882,-1.1583719,-1.6483059,-1.9151301
551,train_images/12e6e66c80a7.png,b7c419288f2270ca41a7fb87f0471469f115d0b53da4ddcdfca118f277e0fc07,551,2,2,-1.5943317,0.9030256,1.3855392,-0.5296097,-0.17525887
554,train_images/282bc792d23a.png,7cc28937d65daed6fd874c014378d5ee256fd0d8ce1e184d081f88039fdca1e4,554,2,1,0.14169502,1.4056082,1.2661825,-1.9049435,-0.90668774
560,train_images/a07d9a5045cb.png,f2e0ca65530b82e7b10aa52c1be56e740ec1367709da3807dc259b32451cfba7,560,0,0,4.4882774,0.8714323,-0.83170545,-2.9269018,-1.5778689
567,train_images/13d014ccd136.png,e3e6f823e529de22160d9ace88268dfd1aa6cd7aae473db98ed1c3df67a44290,567,0,0,4.203413,1.1056547,-0.9740032,-2.5805187,-1.7336655
573,train_images/8543a801dce0.png,124fbb53510f23ebc9aabb7e9d92258602b65a8ce8e695af22c3bca19634297e,573,2,2,-3.5068798,0.4329443,2.3043277,0.44935226,0.3076496
576,train_images/207a580de0ea.png,8ab22a18047a633ce18304965765173c0dd0308f8b4228e94ffd46a0b2f98424,576,2,2,-3.1800022,1.4095182,2.3071446,-0.49192047,-0.06450081
584,train_images/e4c799738a19.png,c8e01f11ed207e68869cd16e8620e3ee7fea7bad15d67344c1781bdea9225a8d,584,0,0,5.1416054,0.5976782,-0.9779076,-3.3188133,-1.4174609
590,train_images/1cb814ed6332.png,55623f64fa2881a1b80c321f710de228ade68e0d194b73918ad10639b0246257,590,2,2,-2.6395779,1.2072392,1.974458,-0.84607315,0.28521132
595,train_images/04ac765f91a1.png,c216c357fa59ecd728a5211694af6a5d18f398b4c364a779e3d6ce6f82cfbc0d,595,1,1,-2.7797565,2.7827797,0.9458841,-1.3495922,0.3814931
597,train_images/331b87d1b9d1.png,4c2fd33efc321208823da6eda1a4f6a5db7975a91430bba503469b74142146a6,597,2,2,-5.653818,1.7073774,2.0689597,1.0309105,0.79842424
603,train_images/445a8a6da55c.png,9dc0d17f93ea279d7dbdbbcaed4d72fa63d3e442e6dbc0d334ce32d5ed0f2e06,603,0,0,2.4176216,1.8179436,-0.21596873,-2.098651,-1.9091501
610,train_images/64eb5a79dfdd.png,71d904a41744af519e16cca2ac18f11342b74db854aa4750307adfe4d654eab9,610,1,1,-1.5135021,1.7271204,1.013245,-0.9930248,-0.23621893
615,train_images/870fbe6eaa68.png,0f3ad09779b61f2370a3c2bd3526fc2eca310a5c387f2dda52afbf33e0ac35c8,615,0,0,3.9676704,0.8175421,-0.6721368,-2.7254496,-1.3697953
616,train_images/e1dc02a3dc2a.png,7aa488151021ceb8940b77903dfd1dd441b27999e08bebfc0808ae3952fe9785,616,0,0,4.745739,0.98974895,-1.20657,-2.6126575,-1.8946877
624,train_images/aad0c0ee9268.png,67892f888833b8ad425bef3cde2f9d38503ade4a8172e591b26e7a5ebed11672,624,2,0,1.0777512,-0.5163412,0.677984,-1.8415985,0.60345817
628,train_images/50d8a8fb7737.png,e0212fc338cb6bd5185bb9fda606930419ce26302fb0e6a02787761a5dbb307a,628,2,3,-5.0277863,-1.6648703,2.0884225,2.8502464,1.7383559
632,train_images/540e4973829e.png,92a55217a9a11d40e70cba435f0695360983ea61a55ac476a8826c5960e2d7a3,632,0,0,5.0600376,0.70986843,-2.0126204,-1.8282204,-1.8976426
637,train_images/5cbe88914a72.png,52ddd040ba7aa6e43afba6b0a8e607d12a5086937cdc113fb9118d103567a7e8,637,0,0,3.3303356,0.94351673,-0.31209806,-2.7985983,-1.147615
642,train_images/2a7373eeb352.png,db6e51f56fba7f4bf6b9e5b0038a127cb04dbabdad39c259f01aa42cc4317be2,642,0,0,1.9383774,1.0478153,-0.040851712,-1.670475,-1.2471833
649,train_images/3b185ac445d0.png,777a5d0e63299299493a645151b70fc6880801437a2e54144724106ef4e6d668,649,4,4,-5.809824,-0.9695778,1.3023461,2.4183006,3.0099392
655,train_images/441affbe99aa.png,0174d0a7f618129d9f7b2dab5dff4d8c5e1568107a521654a2d6d3b325297525,655,2,3,-4.614456,-1.0075846,1.4384522,2.7723598,1.3775105
662,train_images/ab1c20a94f3f.png,76030efceb76de1f1551da5feb68ff38acbf3b37629aa2bcc7f983916cad3751,662,4,4,-0.055023193,-2.4518557,-0.6482293,0.64684105,2.4939098
667,train_images/eedae6b28f96.png,9cf46151aaa23372d45b59915eb68a2dec47c5ef865330812fa11077d7768a25,667,0,0,2.4582672,-1.7827001,-0.1982935,-1.5194416,1.0658596
671,train_images/4aa07d720638.png,a78460992d18f4936decd31522b089a6ce80e94572b365c9ecbf1c94669b5e3b,671,1,1,0.23191643,2.3950052,0.41131073,-1.902524,-1.1273689
677,train_images/1c9c583c10bf.png,7a3b576b588c36cc173989d29f7b96ea54b05a285a74a423193d9efb35ec2815,677,0,1,1.7399673,2.8370314,-0.21243149,-2.58313,-1.7658176
678,train_images/4036471a1bb7.png,c169b615fc3828c0b27effebb1f641055881c25478ec98f9ccbba4c5b1fe528d,678,0,0,3.7514133,-0.9590206,-1.0270638,-1.3156929,-0.4230919
682,train_images/d801c0a66738.png,3be3e01be679845db3cf85d6228042f9ccd4f0b935c57f798a73e9eb557e9574,167,1,1,-3.885706,2.5277042,1.3284742,-0.13515663,0.14135098
687,train_images/f5650eb52640.png,d3e1225f59f0f576351383894196e13f4adcaf10d88282d640f5ff6f42c3f197,687,1,1,-2.7528648,3.3312998,1.6895266,-1.523716,-0.7638426
690,train_images/84b88e8d3bca.png,f237a65aebad1d95dc9f81d77b0c5377268ec539993401d8d149d45b26335798,690,0,0,2.8389034,0.71777534,-0.03713572,-1.8806934,-1.6088138
696,train_images/dcf109df1a2b.png,c3abf2a137d78531e2916b75ad73fab9600876f605451d2d1beb80f340119721,696,0,0,3.6127453,0.23300648,-1.4009824,-0.82465744,-1.598844
701,train_images/2fdffb6160a6.png,325b395e7540e24f10ae1a0b149e9b8cd8573d51bc34b79b534436d269295243,701,2,1,-3.5619755,2.305686,1.480195,-0.34263992,0.09925532
706,train_images/caec68f11c86.png,99a959fb829c78ecc0d79687fe089274d14e3645dc8dba28f63c31dac7056895,706,2,0,1.7624168,1.2626295,-0.106269,-1.9593239,-0.9532368
711,train_images/0f882877bf13.png,852ed341d5745a84de92f82f9778494b2e2e0a9802cf84efb6b091e78bc74390,711,3,3,-5.609125,0.29102802,1.6432359,3.057953,0.5915189
717,train_images/5299a532f0e0.png,a596b9a4cfdb8f3c9cdbb578660a10a4beeec0af26d19696040658ac5ae3aaf9,717,0,0,3.6649323,1.0599117,-0.6854939,-2.7623653,-1.2635603
723,train_images/0953c0ac1735.png,89ee07623edc358e3d2f734051166c6f3c8c842111ce0ad9a4cb14388ca51e34,723,2,3,-5.9121437,-1.2557459,2.4199626,2.5533772,2.1578903
729,train_images/22098b1fe461.png,3a2129a6f2fd97f6b70044e2b438c765717ddbb9c643325404abfbd92cbc7d1a,729,1,1,0.92677116,1.5485325,0.12022483,-1.0978146,-1.4924502
735,train_images/295fdc964f6e.png,877d9d7695aec8bfe98867e5568f236f8ebd6535678b762fbcf38453761b6ccb,735,2,1,-4.5586586,2.7248316,1.5513389,0.2749939,-0.019388676
739,train_images/79be2ff796bf.png,11ed9f43ee17e864b59d4c815184b74de131d2dcbda4d65943988f028f2f16b4,739,2,2,-5.2362633,-0.7449856,3.2686617,1.8874359,0.7969854
744,train_images/1e9224ccca95.png,312e23e7782f1088f43ff71b2b8974312ceff12be08c8e4c146d194ba8daf94d,212,4,2,-6.4811172,-1.294035,3.0718074,2.966978,1.6989079
746,train_images/81371b0c01ad.png,8a59ccf872c4200146be39a229bef5ad6db8bf1afbefcc9307631246d4559c18,746,0,0,4.7082996,0.7719259,-0.99828553,-2.6679058,-1.782794
753,train_images/a476fd984005.png,c6b2e9068d9a77c452d9ed1479c3e5a469dbb4f26ee4a1171c7732260a6de185,753,2,4,-5.336727,-1.9155035,1.7034967,2.6378155,2.8841648
759,train_images/4ab8c0cece7f.png,d5ac6517493915a0d61b47236ef8d2ce967f944b31a1b846de47ad59544e69fe,759,0,0,3.3797665,1.1966667,-0.91671526,-2.0729465,-1.5714283
763,train_images/6180920bc224.png,0c1ec1e298c171c2a08ffed5dae06314d4d3f8c29122658dbae90ba48bbc9cde,763,0,0,3.0746326,0.5492945,0.030099452,-2.2926197,-1.3491502
765,train_images/f6f7dba7104d.png,2eb62fb8ea03f4168a058eb727f83132c718e9e27b7f3d72e9f24995f2569869,765,1,3,-5.4021034,0.6677542,1.4940135,1.7352142,1.4713631
769,train_images/45693d027798.png,742a8815ec47de2c139150382f55e993be322dd83ef9b1099bf0bc9dfe7fbe5f,769,0,0,3.6546974,0.44294262,-1.0211027,-2.2518702,-0.804893
777,train_images/916915f01e17.png,d77be730c8cbf04d2f3b7f914156f1b09044d972b5c93eb89f05022c2bad5916,777,0,0,3.4215393,1.5149794,-0.27159664,-3.0092773,-1.639986
780,train_images/cbc2e57447c2.png,b1b6646175257813239a48c013065d101562b40cd6ca5d929e8d1116728fbfa3,780,2,2,-4.085375,0.48526764,2.4315877,0.31155396,0.83443666
785,train_images/48c72dec46e5.png,1695b1634f7e3ae4c35625cf2d1ee4ce90ca5b0f649b2dc00cc361b65d836cde,785,2,4,-6.4756145,0.353364,1.0902903,2.337635,2.649767
791,train_images/18d8fdb140b7.png,d29e3267ff01c3a876c0f867a8af4a2a28f691b2a50ff03c4984cfd706fc6457,791,2,2,-5.9678917,-0.53400517,3.1344962,1.6121368,1.7178223
797,train_images/5995321563b7.png,27429b72e31105d93af73930769ce0683d7d19d36e4a9bc49a0842c9a359744d,797,0,0,4.60079,0.834815,-1.117367,-2.7156658,-1.5790467
801,train_images/2f5c9cdfb333.png,bf0342ea787727c689c00d2cda4f9c8836c38a886ed008a6c203f67049de9a13,801,2,2,-1.1882935,0.29109764,0.92684686,0.23769188,-0.26356125
803,train_images/bf6cbccacf39.png,5c70671d0691317e1cf5dffbbb1a3bfb820de51c464f211298394f5523704d1e,803,0,0,5.0003357,0.34199333,-1.4534605,-1.9318295,-1.9237924
808,train_images/a76132e79688.png,aba8f343d9a014049112de0c05db109b6ce5c342d59b52a2a9f90fa747275d3c,808,0,0,4.38962,1.0524206,-0.8317772,-3.108716,-1.4808316
815,train_images/2628305cbb29.png,1788ed5abfba96877edeebcfb902deed3a12d9295e59810bb02ba8e944944e7f,815,4,1,-2.7799835,1.3192787,0.8916601,0.32536888,0.22424364
819,train_images/f85c78201a50.png,231d4f33912a2bb543e4bf6f75e204b266e48839aaf42a66d41eb22a642026ba,819,0,0,3.6548386,0.7743721,-0.53006405,-2.393073,-1.4894748
820,train_images/bd34a0639575.png,c2f2ddd59724be80c5801433af2e49fe3b41243f938b76fa1b0d4d1d52e40d95,820,0,0,4.172323,1.3327045,-0.9218139,-2.9473133,-1.6166677
824,train_images/4464bb62bf20.png,e8aeae7cea3c54760b5d416895438da5256e00f139f633d127265de020091fe4,824,0,0,2.8551617,0.72885895,-0.11649284,-2.278264,-1.1640635
831,train_images/af6166d57f13.png,d000b9247b1f8f85806bfea88dfa0bc940cf9b7ef86f7d4bc323cdc5a23270ee,831,0,0,3.3409634,0.71160126,-0.79492664,-1.6600456,-1.5756078
836,train_images/d2d523e9f669.png,55de5164017259c8eee610a6b41fc19be6944d86f525228fc9fc989f5db3d4a2,836,0,0,3.2341995,0.6210232,-0.1403073,-1.5699348,-2.1239052
838,train_images/aeb6f4fd2eed.png,65c509fb15d43974412e19481b9ccf1aa115f1e14ea2dc02b96a8ba345048781,838,0,0,5.2434807,0.4252596,-1.5053028,-2.347252,-1.7802224
843,train_images/8e4a354e3da2.png,6665d0d5129375afc57bb24044f2e0ef0310ddac83fcb7a8e475087fd0edbff1,843,0,0,4.399603,-0.6809845,-1.3152004,-1.4352608,-0.9375007
845,train_images/5e7db41b3bee.png,bb6d47fe3863ca6bf85bef36528de631c22a926ea3aff21beeb1ea9c41b7aec1,216,4,2,-3.103382,0.46448708,1.0385833,1.0103893,0.5771165
852,train_images/4f20f9a9a65b.png,055e5b2a0c4d7cbe10a5936175a2b6a3765651f55080cfb8c400a913d50b6d57,852,2,3,-1.4652748,0.17988968,0.70762503,0.79115295,-0.20532537
857,train_images/d1f1ea894da1.png,43a73ad7b51fa957f130a3c7dd73e0f98b7f80cd081c2d4b295f8af29b47cc04,857,2,2,-3.0633945,0.9753351,2.0722277,-0.86074066,0.85807824
860,train_images/3b9c1f42c2f2.png,194e890db59ac0c1b92724436ad62e5f8aeda3333ed67139457ebfd9f3833254,860,2,2,-3.0907269,-0.17485237,2.0349114,0.12095451,1.0900826
866,train_images/763ad1236efe.png,2067a6319680fcad5a9c5c4f284bb45f4c3b9c989eec0d03b0ee4d033c366bb8,866,0,0,3.522894,1.5203505,-0.6143692,-2.5355368,-1.8771381
869,train_images/6bf2a81a5d91.png,949a4d3ce3c3e6556f5763895627c429954b3458eb12be70492869dc44c27cc6,869,0,0,3.8670921,-0.98961353,-1.0329567,-1.3971233,-0.41851234
877,train_images/8a759f94613a.png,6999ab73db13c01367ae204b0f29c22e17c9e31033408ef149683186e207fec5,877,2,2,-1.88344,0.35743618,1.3741246,-0.36642456,0.50820374
885,train_images/4d1cf360b2d7.png,d7cac0c45b547700be034c095c5f622f8ff0584382dc2df4dcca093cd3233814,885,2,2,-2.9914875,0.6925211,2.0669746,0.11905098,0.09551525
887,train_images/8ead8f37423c.png,511625fca1557f94678a0532ebd93045043f1dcaa1be4ffa93369737698dba91,887,0,0,4.3441734,1.0899916,-0.8422296,-3.452958,-1.120049
894,train_images/2ef10194e80d.png,026c2b7afb6345362d8568b7679c22e0bd46165e4d33fc568ae51daf463ae09f,894,0,0,3.7453842,-0.5556736,-1.0695775,-1.2654629,-0.8256073
901,train_images/d85588ff2ebd.png,218657a9a2228eb17d677a87f31e1b817414a90648662d8d3815a874e1c068c2,901,1,1,-3.1741962,2.0172606,0.68493855,-0.24660301,0.69505405
904,train_images/e31c42a8652b.png,1baaa16aea63aee81a0373c0c0fd80968e5ce8fcfc9be76ab27e0d58136c8171,904,2,2,-1.855833,0.50887966,1.0314,-0.5569744,0.8599956
909,train_images/9d9bfefa809c.png,1dcd5179b770f6b8520566bd9aed940da25402e7de0fdf5bb66cc78004419c81,909,2,2,-1.0017967,0.48824596,2.0697167,-1.5649853,0.0043451786
912,train_images/45369821d6a3.png,a51f0f8a1a2e1ea7487ceecb66986f8c3c60ef551cfe8ded09d27d4526ef36d8,912,0,0,3.9273872,0.42914486,-0.37200758,-2.6022854,-1.3633933
920,train_images/6bb30ec3231a.png,e4ad7f024804dd7d6eb885dbd5d04d0f1c25c09182c903a3ee24ef988967ac1c,920,0,0,4.217003,1.282012,-0.39899278,-3.6174755,-1.4622974
925,train_images/a2b97d98f130.png,20b8ff62c475466520367cc6831002f76d17536dc9c6684aa4d63629ee81ca09,925,0,0,2.2173328,1.4520178,0.26545107,-1.6231117,-2.2858253
935,train_images/eae901557a84.png,16c09aab8836d5001a32cdc81e301b8be3a912e72306ac9173df82b57b3a09f0,935,2,1,-1.736845,1.8621521,0.17197001,-0.12668228,-0.16701579
938,train_images/dd90c321d7bc.png,866c6c5a5164bd49e4eeea7269edede14f972be4e7a499f69f32d7eed062fdc3,938,0,0,4.012453,0.55592823,-0.91895723,-2.0545206,-1.5679369
939,train_images/a7b0d0c51731.png,55623f64fa2881a1b80c321f710de228ade68e0d194b73918ad10639b0246257,590,2,2,-2.6395779,1.2072392,1.974458,-0.84607315,0.28521132
945,train_images/53c874dbc594.png,9aa64a2bd8f7a8b90244d89923765a2197f5569b0af4107718ced31f0f316598,945,0,0,3.7030296,-0.19812775,-1.4670525,-1.9591322,-0.05283189
950,train_images/eed4afc8ec83.png,b5e26533bad8ad65985077a42babfb9efdf5cceb96bfa37a6a1fe8c886f19726,950,1,0,3.2892494,1.2714453,-0.42552435,-2.4518423,-1.6665597
952,train_images/c9c563864ab1.png,0d27bd3036f3228ac8df3d5b89836dc94bbac79e450c2650c15153504b2bf2de,952,0,0,5.097267,0.19085217,-1.4285641,-2.2046099,-1.6239204
955,train_images/b22cc1bf0b8a.png,b9425c6c39bbd7bb9b98fe712b0f99eaac3573d05afa8a532202143daf0dd7a8,955,0,0,2.8665638,0.042531013,-0.4493311,-1.6501656,-0.79556704
964,train_images/b7e0f95353f2.png,7b5f10c973b381b40da94ed0d6e1ee9f3e7443d88d8030036a14d2a5be3d9176,964,3,3,-7.8215046,-1.9044046,3.462493,3.5716019,2.63896
967,train_images/e33766353db2.png,7516916c706b2d41e04f1cb523b7b390be0ddcbff40beb3d23337b49928a6b1f,967,0,0,5.687752,-0.17173386,-1.821096,-1.8406458,-1.8205028
972,train_images/64ac539f58cb.png,892364ce0b665b1f4aae4156c37c396021ca1479eb469a6a7ef0ecac0b590f5e,972,0,0,4.424547,-0.41723633,-0.98277223,-1.8563633,-1.1397042
979,train_images/b6fd109b1bc9.png,3cec8fff99d8f5c0e7124e56dbed6d6eb3f6e1e60d692d1332c823a259f33338,979,0,0,3.3254185,0.88553715,0.33067274,-2.6631498,-1.8393545
981,train_images/d6130f2ec903.png,6a73aee77cb9246529081deda89d2c6cb4b319ae073cfb36322e2b912f38db23,981,0,0,2.6698284,1.5204058,-0.5707358,-1.6156406,-1.9739642
982,train_images/e13412678eff.png,615dbb8e4d8dfa5f10616a8c5e0c8d869ff8c768b3852554e4965a4612bb4818,982,3,3,-5.0475044,-1.0457048,1.0993052,3.0044365,1.9584441
989,train_images/61c2fbd16e38.png,923ac00bf0be41fe4d8e7f04bb80f4916c45d1bf6e0f6edf089b321420e00b1a,989,2,2,-2.3526974,-0.14748955,1.5919864,0.38498688,0.5201709
992,train_images/18323d8f2470.png,283fab3566d50532178133446e3102bc12682a2016f7183444e322aae02adf0d,992,2,2,-5.2587395,-0.31884766,2.416798,2.3986473,0.7297683
1000,train_images/0369f3efe69b.png,fef8ca97577038b16353a01934498df5cf9f37d36df72b668cab0c6d33e316e8,1000,1,1,-1.4437103,0.695673,0.66058445,-0.00069618225,0.08765197
1004,train_images/aca88f566228.png,12a07df5bbe335d27c04b0e874d773c8e525d33e4a0e56dffa0bfa59d8172d46,1004,2,2,-4.136696,1.4126654,2.9752986,0.35209465,-0.6230576
1012,train_images/033f2b43de6d.png,8e60cef58b0e2cd08ba2302c380e8d58b2ea20c95b939342446cfd5470af84eb,1012,2,2,-1.8762493,-0.5495186,1.5978584,0.4160061,0.42104268
1018,train_images/7a9f45fdf29b.png,c0fc4d655e5b159011cdc36895d7f8c8d5a38f36ed6585e72c5893a46dcfe760,1018,0,0,4.2337246,0.8904619,-0.65464324,-2.7857666,-1.662272
1022,train_images/d99b0f7dd9b9.png,a7676ed7fe931fb283866724a649f5d85a536a43ca90917e2869d7d9b55aa883,1022,0,0,4.6069603,1.4010773,-0.6115136,-3.4564505,-1.9176502
1024,train_images/7d94a000c2d0.png,87ccf2ddc3e668afa1b5dd3367e418bc86a7993387d98d396c462ca7e8483a6d,1024,0,0,4.112461,1.154294,-0.6035147,-2.9741268,-1.6730056
1030,train_images/ae20112e7a1e.png,929f0de355a97e197153f9f737db6b1914c5c76164200f5718367f999cd0e011,1030,0,0,4.1717052,1.6732864,-1.0770253,-2.7138405,-2.0168667
1036,train_images/4210809074c1.png,48bb749057208f15e5d7cba71afb268a8b04f25020c0dde5c0d1ac31f261f9a7,1036,0,0,2.894987,1.108964,0.31742346,-3.0374184,-1.272656
1043,train_images/7435e9a3e36e.png,963fcc3733633b830d761bd45731005369debfb7213a23df2f6d0a60d690dd41,1043,0,0,3.809534,1.1207428,-0.60108674,-2.0618486,-2.2307472
1050,train_images/12025b34deb8.png,3c7c855d7b017ffc348a989009e0cb444e2af0cc7f3a01f2696b39dc6709e8c3,1050,2,4,-4.0666428,-0.75182056,1.8515406,1.090311,1.8695629
1058,train_images/4ec7796df40e.png,118b09df9d50de643a95794c972ec8fdebeff9a50d94d1bee3e4599e96975a0a,1058,0,0,5.11899,-0.65993786,-1.7597308,-1.7812452,-0.88912654
1061,train_images/54cab3596214.png,3686f562c7264f2489ff6bf94259ac24179695d3612517bbc9434dd925d4ea12,1061,2,3,0.0022010803,-1.8356986,0.7067127,0.8740101,0.2469914
1068,train_images/001639a390f0.png,544414981a9dc8c063b864f8f7df0d0e46a0ae09b7fa171fabd65292947988b9,1068,4,4,-3.5459938,-0.6263275,1.8378832,-0.34107208,2.6536324
1070,train_images/5712e2aa73a2.png,065cdc945e19d25477ced9e67a035862ad0dbd106bc46cc955f3aa183ef1ce56,1070,1,1,-3.4539986,1.6946936,0.75625527,-0.43584824,1.4119165
1075,train_images/6324d77cf926.png,797735fe5c7eb86be02887d1fef713d69ea55046845075fa9adb10e42953de5d,1075,0,0,4.4977684,0.5414381,-0.76340556,-2.6790419,-1.5765891
1077,train_images/613bacb35c05.png,920b50db0f8d6e73569b7ad6bb9113565fcc3fd102662d3f009e0c74a70ea41a,1077,1,1,-0.69150734,2.6656675,0.263519,-1.5405502,-0.69881535
1086,train_images/5b3e7197ac1c.png,300f89c62c0e2eb3b60df75803be69fcf33c05a63c8bab7577f0f8395edd164f,1086,3,4,-4.8712425,-0.72038174,-2.303759,2.7968826,5.0604563
1089,train_images/157d17349cc6.png,6704cda6e14cbef22a24a0690754dece6229b1fae5566b53d9e9981f087de3fb,1089,2,4,-1.9359341,-0.34676838,1.0629283,-0.2511139,1.4612423
1097,train_images/0d8f60ed9280.png,33b32d93b6808e1e0bc35c9f6935be574fdf58145a1efe8311c16d78f05a1d81,1097,0,0,3.395033,-0.81850815,-1.0192295,-0.8693676,-0.66286993
1102,train_images/92d9e9f08709.png,1c8dfcd69b397e17802e0510895c5a76a2c5323dd6da093f62c54c597a252e90,1102,1,1,-0.8016434,0.81690884,0.69385064,-0.34409523,-0.36797476
1105,train_images/0b8bdec9d869.png,11221dc72183f47f4b35f552dcb73acb08a7ea26580f9d6b18ec513041b64d87,1105,0,0,4.665682,-0.5862036,-1.5631659,-1.3541145,-1.1294894
1112,train_images/e30a890600e1.png,1cef8b154783149300b5f47cbb8b904827cb19f28e85dd5a2b66b461a3eb6397,1112,0,0,2.464632,1.4298706,-0.072687924,-2.3821325,-1.4100809
1113,train_images/d141728fa392.png,8a653d768ec91a83f3b12d15d3edb65324bf05d18780c42a1a1911f5b4042aa4,1113,2,2,-4.457987,-0.0042295456,2.971336,0.7687435,0.70179105
1119,train_images/b498b84d383f.png,54168e13fbe2b48ff99ef90381f23df330f08ef994cc337bd51fc78d81e6abe5,1119,2,4,-3.456705,-0.6957989,1.4297731,1.2629852,1.4403077
1124,train_images/c25e02b39c01.png,8a8e17ddd777459f37c62f201e17385f537287aeb1590ce9c4f24fc346d1bf12,1124,0,0,2.3514404,0.7666292,0.028968036,-2.4107866,-0.72856045
1130,train_images/5d9c841eb245.png,55890e2a0f10bd5c94c4d0fb3af4c9f48804bab5bad0da48fcd8313124dd6551,1130,0,0,5.2127037,-1.1359091,-1.470515,-1.5537529,-1.0193496
1137,train_images/803120c5d287.png,2d4cc88543b57cec1735a65655379ffb2b70abff85fffdedf2ba255cbebfc2b2,1137,2,2,-2.9238167,-0.34785652,2.8911886,-0.6117916,0.97564125
1143,train_images/3cd9713c0ecb.png,f4b65f893ab358583d92f6895cc4a5f3b170cd66740f841bb413988700961996,1143,0,0,3.962719,1.5582657,-0.84094644,-2.6700716,-1.9892774
1147,train_images/bfe467b7e997.png,f037a82a799aa52803ce1a2254cb7267e993d55f066eb222f43d79d5bd0b8b5c,1147,2,2,-2.1409988,0.96205425,1.6249118,-1.3357162,0.8793826
1153,train_images/6298468d7d75.png,bfcf9c630671aeb464d876488beb24300635222ed3d023c8e8b322c49d2ed527,1153,1,2,-2.6631165,0.31494427,1.60498,-0.43169212,1.1653199
1157,train_images/44e951e45dca.png,5d848f3c1d7dea0d8de9f25af92a0ad6ac65be0d19e8a590686008f6e6037f13,1157,2,1,-3.1125965,2.503644,1.4418513,-0.74105835,-0.115243435
1163,train_images/962c0fc85e13.png,2657fa588b2b5179bc4a69a7f558150f383bc7e608b3d51c61d55b3e4d769061,1163,0,0,2.7506828,-0.3576994,-0.2790519,-0.7892742,-1.3028984
1170,train_images/2a2274bcb00a.png,1867bcacd7b061c6b2130bf2df97cac8d8f120a1e6af9fde21f27f94907dae6f,1170,0,0,3.093439,1.1818457,-0.76464975,-3.1313248,-0.35298443
1173,train_images/17eff993386f.png,7f0a2856014f59784c8cc1c750a894052a57e1605f52bc34a9b4eae87925d0ce,1173,1,1,-1.2175121,2.024537,-0.37547052,0.106313705,-0.5480044
1179,train_images/ee3fe7809e6a.png,b333414251bdbf4d05b986a5c30fd47769dd6910eebfac6128bb136b7c4c7194,1179,0,0,3.917822,-0.17088223,-1.2890561,-1.4941978,-0.93673754
1180,train_images/82e5bc01f8a4.png,d09f7057f0e50dd7572f797c7204c6afcc9c5fa02fd8864e505a13974701c8b7,1180,0,0,4.032156,1.1651716,-0.89014244,-2.4867172,-1.7989197
1185,train_images/89d9c071a56f.png,4cb61161b1e5dc6ac30032b86712b7dff61b5fa801a2566922f421694e677516,1185,1,1,-0.64738846,2.9024096,0.38829875,-2.2925644,-0.3624289
1192,train_images/84b79243e430.png,57318c4b350258740ef0332d5ec353650356867c083c3b8e3ce25b1d66fd9a31,1192,0,0,4.635435,1.1945438,-0.86403143,-3.2333384,-1.7087369
1193,train_images/4bd5d0b30198.png,e24be7a9a7895321a075af4ed09d77ac1b7ab49f0630025a4590327c0f35d982,1193,0,0,3.6080418,1.2078753,-0.91995585,-2.6296558,-1.2492838
1198,train_images/7dee6bf8b9c1.png,c994e130b371b16e03dbbfd52be434dabfbce4c6fe8363a69acab470dd5b84b1,1198,2,1,-3.637127,2.681035,1.9343133,-0.432415,-0.56974983
1202,train_images/fe2df69676cf.png,69d96d4682275d275a2f11d0c681bc1372fc00d89468f3481b24e7d809270f82,1202,1,1,-1.558733,1.6436129,0.906386,-1.1950378,0.20126009
1209,train_images/e12f9f19d1be.png,a444ca7460689cc30b72f14c2ff056530afc411af1c554a43d09dade3c571fb8,1209,0,0,3.6597576,0.030204773,-0.91106576,-1.658041,-1.0961905
1213,train_images/61bbc11fe503.png,db2521c1cdaf5f046628af834ce3fc27781d47bb933372778a506c154e47582f,1213,4,2,-6.1628265,0.860178,1.8896306,1.706667,1.6616143
1220,train_images/5723d0ec895e.png,d8d46aa0908ef3d82a5ec34ace06ccbed64ca647e2bcbd330a7905e85cd3ce49,1220,2,1,-0.56090164,0.6838989,0.052470207,-0.40712738,0.24286604
1227,train_images/c8fc0df22999.png,75c2b6b6cd4f9ecc2b5353ecfabd5b46261031ac2a8908cdf36d66418590df01,1227,1,1,-4.7989902,2.3721476,1.0065025,-0.11751366,1.5060418
1234,train_images/0fbbd665431f.png,9f1137c9e1464b3e55c339c7be0eee874878babcbe4fa361c0f8aeb38edd8338,1234,0,0,3.1632042,1.1793575,-0.58399355,-2.4047527,-1.3199835
1240,train_images/eda1d75cbcf0.png,e47f775d2a219e6c2f816be6104f4d7433778995b1076108259505e90e161b11,1240,0,0,2.9996052,0.68548393,-0.5727245,-2.584282,-0.5151644
1247,train_images/9c52b87d01f1.png,07086880d7671ed61012937727224700294593d3a449a03569a63016289afd49,1247,3,2,-3.6729527,-0.5967941,1.7800498,1.6280746,0.8492594
1248,train_images/c8905b8d5cf1.png,3de68dfc1970c33bf68376c91561329a157d869632aaa2cf50e94a6b2be3a4eb,1248,2,2,-4.4270763,-1.1764855,2.8998191,1.348938,1.3415768
1252,train_images/4ad6109706e8.png,4043542e4532477d42c36a518fa5b4f3ec3f12e1096dd5012f0790efb7c8edce,1252,2,2,-2.56876,0.29858494,1.4860765,-0.119155884,0.88649845
1256,train_images/e3a7671f787b.png,45e0b6c1a49e31e1e74ee86527b22abb19af241207ca85c6049dc9d5b3969011,1256,2,2,-3.116516,-0.14898682,2.8500776,-0.10841942,0.507596
1263,train_images/9274e75dc4d5.png,863717677b6c6910fb7ce5008860de7ca55690864b70ba3f781be513eeaf0b2d,1263,0,0,3.6783047,1.3066769,0.050084233,-3.430664,-1.5872154
1267,train_images/633fe9dbaf39.png,f24130ca231c05e0bbd08e61fa5eb55c1dfcc5fb6bd6d407d0630382a56d054f,1267,0,0,3.5366917,1.502595,-0.1535042,-2.5646706,-2.290362
1269,train_images/82deb07a6618.png,d994a37f3cd77ccbe167029de6338cf6d8c620fc58220da4564206731da54ad7,1269,2,4,-4.6312904,-1.2225838,1.900445,1.8957005,2.0252855
1272,train_images/976082127e2a.png,0f241ee74849cc6a59eaece8e6a4cdd4a05de245e8f65a73d977bc8a25a3cf10,1272,0,0,3.01124,0.71038246,-0.4564683,-2.1718006,-1.0837319
1276,train_images/1a369baf9ee6.png,9ef1fb0ccdfe829af8380619d2d1ed5b2e81f5a4be3ba6d837cca52d68f0a579,1276,2,2,-0.42539215,-0.32186127,1.2552993,-0.54571533,0.0447073
1279,train_images/d39752cb6e57.png,8c7e8beb16d0e92a3784f15b473d4df8b98ff62585b2555075d289dcbc987f51,1279,0,0,4.6305733,1.1899347,-0.5265063,-3.3677063,-1.9050527
1284,train_images/f47a2a4a0411.png,61eaa30bdfdb34e3f544d5f9d89606cc68c678ec73441ce4886c83fb712ba6be,1284,1,1,-1.2562428,1.2019606,1.1598556,-0.7931404,-0.31980228
1289,train_images/8185ce1cdcef.png,1d47cb586d6da3392df3750cc9f8cadef19ab75da5f58831fd750804f2c03485,1289,0,0,4.5528564,1.3341007,-0.7947699,-2.9265747,-2.144329
1294,train_images/2bd4d4fbed5c.png,d9bfc1443b604e375afa324888920bbcc13d094d01d2ad8cdfc9f70eca17374a,1294,2,2,-2.7896748,1.2608852,1.6561599,-0.3127861,0.1697092
1299,train_images/76f3473df8a6.png,16e0bf7bd0a29ad9c44ee18792ed96a8105cc4fd022fa06ec470777d32c678ce,1299,0,0,3.6740265,0.8465357,-1.259707,-1.7576342,-1.4815121
1305,train_images/ac5b5dddf91b.png,ed6f495c9887aec8b462448b9638a980657a342de16bf85a7e5854e011258983,1305,2,2,-3.875866,0.7388773,1.6161156,1.3575115,0.14442778
1312,train_images/27e4c800a449.png,cb8ced1312c53436f404cfb8d56c6c869ed6dc0fab4804d6b9dd0fae58466e5c,1312,1,1,-1.1832657,3.1656132,0.2163316,-1.7497091,-0.45070434
1314,train_images/bda91b76095b.png,7dba1f5c4e53a30845ca5db492287586166b16d2d0e15bf57c847e78ffc741e9,1314,0,0,2.0106888,0.7926483,0.43061507,-2.9984856,-0.21702099
1320,train_images/785777558f05.png,4f982d65ce5bc1a61fbbfa2784d06f1f82193caa11424d8a70ac972edf5b070c,1320,4,2,-2.949171,-0.14894009,1.1994864,0.9567356,0.9327054
1326,train_images/d16e39b9d6f0.png,1487a147691df11aa38895f6502ccebdd6bead66ae960bc974c4f7157a16d893,1326,0,0,4.369976,0.32585526,-1.445961,-1.8575039,-1.3590198
1329,train_images/ea15a290eb96.png,7a3b576b588c36cc173989d29f7b96ea54b05a285a74a423193d9efb35ec2815,677,1,1,1.7399673,2.8370314,-0.21243149,-2.58313,-1.7658176
1332,train_images/6061f5b7378d.png,d7e35e66fca58a039554dabf7a2b545a99e22eb079d0b6e23a416710eb7c6309,1332,3,3,-3.1579666,-0.44818497,0.7833915,1.7329998,1.0727645
1337,train_images/224c14366e11.png,ab8c8c368b6f021f727b1b5547d3006e699d1b8015d4dc70449fb9ae708705df,1337,0,0,3.7343063,0.07111263,-0.3407512,-2.977848,-0.46979523
1343,train_images/983c98354e9c.png,9df93b6e8c29b57eb2de5fe63b26285c92ec95eb1025a439cda60b3077cd959f,1343,0,0,4.046749,1.7923813,-1.0747466,-2.9960957,-1.7476659
1348,train_images/62b4be2799ca.png,22777632f49d8aa940e6557956cb7ac15ae7baa5c101ffa34cdd75390bdd0fba,1348,0,0,4.2359867,0.95926285,-0.6865942,-2.8750706,-1.6119013
1352,train_images/3044022c6969.png,c216c357fa59ecd728a5211694af6a5d18f398b4c364a779e3d6ce6f82cfbc0d,595,1,1,-2.7797565,2.7827797,0.9458841,-1.3495922,0.3814931
1353,train_images/29bc0e721cfe.png,d19ceeec9246132f55b04d5748a562932e593b956b6e768ebf12779595bf342d,1353,4,4,-4.3051605,-1.6165276,0.6604192,1.5668755,3.671358
1355,train_images/64fedbf97473.png,b3aacb848b2f53bde1702087130b84bf5473a61568c61f19bc09c46e8adc46e7,1355,4,2,-3.7018986,-2.8167157,2.7487369,1.4085045,2.3615189
1361,train_images/9a28d4e8aef0.png,6a10f05d2beccc134cd493ded91a12e579a18eab3c1b5385f5524c9ab1846343,1361,2,2,-5.464878,-0.77295303,3.2893262,0.7820873,2.1332538
1372,train_images/143db89c11c8.png,3ce75c293c60d45d3e95056af7411ab7ea304f1b8bd51184363a6b3cfbdb0272,1372,0,0,3.9033833,1.1359425,-0.8501227,-3.0048466,-1.1654844
1376,train_images/0babc12807b2.png,69487f13280510c2f71cd4a41115001528a4dbab63eae4c1928d26b0ab138fde,1376,0,1,-2.307272,3.01437,0.4455282,-1.2811317,0.11314607
1379,train_images/d81b6ed83bc2.png,206b13cd2572325caa6f82a6db483e53e3f293be527dda72675b5dcb64107ab2,1379,2,3,-4.0831203,-0.49046993,1.435676,2.2810688,0.83615255
1393,train_images/cd3fd04d72f5.png,206b13cd2572325caa6f82a6db483e53e3f293be527dda72675b5dcb64107ab2,1379,2,3,-4.0831203,-0.49046993,1.435676,2.2810688,0.83615255
1394,train_images/40c24aded50c.png,f08f2d5af8d3721331728e1a7c8ca54e351723cc9fa8830b7391c70facff99db,1394,0,0,2.7131348,0.9918251,0.06711149,-2.5045156,-1.2565804
1398,train_images/8d4d14a4ab07.png,9c0f12d0ab596593ad2bcdd0c023d1da6e31da66e25edc25b702e47201d9b908,1398,0,0,3.9112759,0.57218647,-0.9578089,-2.3174505,-1.1885204
1402,train_images/bf811911acf9.png,75ee6380bc2729cab6fa9e34b103ad35bc028794c9856c656a04b8f12a3fafa0,1402,0,0,4.0042324,0.81940365,-0.4989571,-2.7334137,-1.5690813
1411,train_images/64bad93fde3f.png,f36992c7eec8407cc4af517c6d83da7e7da5fb6a2e5b1b5bf3595a1fd5512815,1411,4,4,-4.6814785,-1.0372438,0.6508641,1.2141781,3.8213415
1414,train_images/975252e325e3.png,ab660e95bed1a2876a487de93cf18bbd4e4fae3987b2e2283896d611a3baa4b6,1414,2,1,-0.0941143,1.562644,0.61702764,-1.4898758,-0.5932691
1416,train_images/e16af45285e5.png,c7961ba86f95d889dd06278e60d1a93e74ad834d8a5aad79b5c8a25c77c87110,1416,0,0,3.8309917,0.63732624,-0.84803414,-2.4952164,-1.1077695
1422,train_images/f03d3c4ce7fb.png,6cb1a09ca80760ff37b9c995489e97a219747b87f533bcb6fe95ec522d99bfdf,1422,4,4,-5.484171,-0.16056252,2.003519,0.6867657,2.9243782
1430,train_images/4189d4e631ec.png,019319c5d801a2849fce84b3f302192a52f888178fe00407ad96a13e611175e7,1430,2,3,-4.656376,0.16680908,1.6694069,2.0868664,0.70588875
1436,train_images/e4f12411fd85.png,8f3b5f407fd40cd58ff85d779ba884fef5aa2918cd7827c2df215dfd98231c27,1436,4,4,-3.4828663,-1.3725214,0.0064424872,2.324747,2.5050101
1439,train_images/4e231670b48c.png,bb1f48a5adc1dfcc9d16a14fa3d0606f202276e2d0e1ee78f52caa4871681714,1439,0,0,4.2978497,0.6626835,-0.6347374,-2.675331,-1.6262612
1440,train_images/c5e238aa18be.png,8ce31cced70e9a2eee7c9ecd91c09edbb64257d95a14be71854b73ae3687b89d,1440,4,4,-5.2507954,0.0638628,1.3133318,1.1461258,2.6932278
1448,train_images/bd06028eb7dd.png,905bcba9f80e1ece69c0458bb0bdf5893be73971f10fe8517957a1d456390a8c,1448,0,0,3.8172302,1.1512909,-0.49767625,-2.7932367,-1.6597934
1457,train_images/bcb0498ed2c1.png,4d2695db2283eb0196261a5f10835f3f8bcb52717569cfd9a31fb5cefa23575f,1457,0,0,3.334875,0.6685934,0.36106688,-2.7094688,-1.620728
1461,train_images/a963ac561580.png,5844132c51f622b91654a81d83d4b2b156547797c486ef482901bb60084406ea,1461,0,0,3.9865322,1.0576105,-0.8254904,-2.3664837,-1.8293595
1462,train_images/c6f5b5b5be41.png,175532d15bb15445210f049d17e929816cad080bddec6d4590950d717e3fa772,1462,0,0,4.520977,0.68403816,-0.5707994,-2.9833088,-1.6247463
1464,train_images/071435a218ec.png,d58d447fd6f0d1f67837a229d97a25c301d42d8caa2029907fc62572b78541cc,1464,2,2,-4.402149,-0.62720203,3.2164729,0.84445,0.94084287
1471,train_images/8201cab8322d.png,d43a8440f252d196f5ede3054e9792ee86e97bd74afea396a7b740e7ba2625a6,1471,3,2,-2.057108,1.3120909,1.321162,-0.7322693,0.14452553
1478,train_images/3435fd8675a2.png,3b8dc01686905274c1cd3944b14e428267764e2b453a1295bac32bd10acd16a9,1478,3,3,-2.6407833,-1.2796421,-0.17630836,2.2544537,1.837833
1486,train_images/d567a1a22d33.png,433e567384d685044f64956cfe6e0764d6f3e10c62e4beaf613da4c61d01ef73,1486,1,1,-2.3170433,3.8626442,1.365336,-1.6801033,-1.2427435
1492,train_images/eb1ad14dd281.png,a571231d7048b184a560711375e5c2014d032f8258a4b5e84d4dbf61765cea9f,1492,2,2,-2.8182602,0.594924,1.7546282,-0.23082161,0.6910939
1499,train_images/b468ebf5cb11.png,543e8216a71fcfa648bf1db85050730385f6d913a4c6a13057455e276173ea89,1499,2,2,-5.3336105,-0.47063828,2.5607274,1.2973671,1.9148393
1501,train_images/94145d1f42cf.png,9e593d8af55edfbb3ec976e9704aa80c383962e326131b033bad7c119e11a7fa,1501,0,0,4.903574,0.102446556,-1.4821162,-2.0077772,-1.4852324
1511,train_images/9b70f84400af.png,4787af2b63a9d9cd9f60637e59130da57290346c392ba6e04e679054be5e8336,1511,0,0,1.6844692,0.6584816,-0.03220111,-1.3890495,-0.89863586
1517,train_images/496155f71d0a.png,4d4ea272729d76d38b905285adaf0be8d0cd17734111ad40dac0bde6e849ffad,1517,0,0,5.036648,1.407588,-1.2456518,-3.1656427,-2.005527
1520,train_images/12e3f5f2cb17.png,433e567384d685044f64956cfe6e0764d6f3e10c62e4beaf613da4c61d01ef73,1486,1,1,-2.3170433,3.8626442,1.365336,-1.6801033,-1.2427435
1522,train_images/04aef84a2cc1.png,f29b614e934f0e8cb6090f32141b35de374dd12c2dd0e46fde4f272c854ed865,1522,0,0,4.278,0.12705803,-1.1537206,-1.888485,-1.3354211
1525,train_images/3f5b4c2948e8.png,e1a3e05bf865b1defffc0de47859ac1a35a24686eee6874c0de9be74bd3c8ad1,1525,2,1,0.43120575,0.90438366,0.68661654,-1.6402588,-0.38177824
1528,train_images/1c4f3aa4df06.png,12daaa224668fd8bc004127e86acab8a131705550a148ef963e60d2d9163ad99,1528,4,2,-2.6871586,0.95876884,1.6443493,-1.0539322,1.1198783
1533,train_images/2cf18033da31.png,b368268e565c6bead77c97d5ae55ee8429fc059805496d29256644994fc8b7c9,1533,0,0,4.648329,0.567708,-1.1410973,-1.8294535,-2.2167401
1539,train_images/65e120143825.png,f12dedcf7782ce81e2185e7a48ba23b2ba8aa83f21dca906961ea204937d88db,1539,4,4,-4.4790707,1.6816216,-0.042235136,0.7494507,2.054752
1541,train_images/2a47e5b21791.png,39a182f087e9e5b2b156539a0f7e131c7910494d8e9ab979628773397990c9a3,1541,2,1,-1.5948906,2.4640884,0.5055013,-2.4269629,1.0390236
1547,train_images/684dd88a0d49.png,3f39bfd9c853e35fbbcc2e279ccc41835d9cfb8f47a1ebdb42dd73064fd8df4f,1547,0,0,2.540926,0.20898819,-0.19754303,-1.9287653,-0.59371805
1549,train_images/44c869174e3a.png,0b1c67db462adede3ffa30af2ae17ba8835e2719999c332a1dd7b67dfba1b6b8,1549,2,2,-3.4408722,1.0076466,3.0825548,-0.6083317,-0.064435005
1557,train_images/4384fa687afa.png,7f5f7d59ccaad9245bc54b769291b20440d9a2d11a82605484855051169863e7,1557,2,3,-3.586586,1.2571402,0.617344,1.7648106,-0.07624602
1562,train_images/fc898dfeb24f.png,f81074c25369bcf369fe740ff09407e1943f9178fc5ef6529113bcde8c666862,1562,0,0,4.786606,-0.51726055,-1.2353805,-1.776515,-1.2256703
1572,train_images/83038ca49b6d.png,7c92944228879d7b59531e9ad00a99b21974b984c7c223ed4f7fbd127b813788,1572,0,0,4.18153,0.45852566,-0.6072343,-2.5937443,-1.4196615
1576,train_images/1509d097b69a.png,ddee0f52f7aefbe08916b627e2caaca3db978e89f6668c571152395b55b146e8,1576,0,0,3.6847878,1.3166952,-0.65695757,-2.8473501,-1.4785743
1582,train_images/78b3f819dcc5.png,2a718a5480e548c3a3127b19b981d47bb68af9208b6b0fe06c187f5bea5401ef,1582,4,4,-2.9059734,-0.32256603,0.8609309,0.36166382,2.0043159
1588,train_images/358d2224de73.png,9f9410fb15c0f628dc0711278ae9801672ea72cfd596e166c7bbab94dfb8acff,1588,1,2,-2.7507324,0.81762123,1.9723482,-0.044454575,-0.0029215813
1594,train_images/b82dfa63a75f.png,8b4bd8eccff36971eea9798924742766140bfe1a18569288710156844d0133ee,1594,0,0,4.7626743,-0.5025854,-1.6196223,-1.5408287,-1.0719697
1599,train_images/7ddcfcea7369.png,e8f85609e1377c60ed8c5ceb05ab91ae4bfad6ea81b318c86acdbc593b5eb514,1599,0,0,3.5805721,-0.07840347,-0.8428098,-1.638464,-0.99845505
1603,train_images/4b6cb0bcfd44.png,e605a9f32931aedfcb06bf38f609d377970389426754a927acc73e955cd479b4,1603,0,0,2.9526768,-0.36032963,-0.7531881,-1.108839,-0.70843554
1606,train_images/1bea04b2bb2d.png,62df3dd5e5482d39d92c714b80ec4053d5abfe878725552480a9c5c76e858dd0,1606,2,2,-4.885771,0.86320114,3.3162873,0.03989029,0.6360774
1612,train_images/6987804eb464.png,bda9d6de5454c615a56d5d1213ce0464ea2d4d7f64d6827a928c421786101840,1612,2,3,-7.1255417,-2.1177716,2.8856206,3.5216885,2.7871616
1616,train_images/ca891d37a43c.png,8df6ecff0ab92a9bce692ce446b0c61adaa10efdab80c2b52593e34003859460,184,2,2,-3.277584,0.7914629,2.590268,-0.13346672,0.01586628
1619,train_images/276b14f72328.png,efa6a994d02fe8b3d1ca6fe2d45686c2d93062ac81c43472491e6ddc8ebbe746,1619,0,0,4.85437,-0.43340397,-0.93152714,-2.9950857,-0.45048738
1625,train_images/abbb8791785e.png,9f1b3c196566d13d20bd67bc429c7517444bcd9693818fc48d546cf5b56a9b9f,1625,0,0,5.3831387,0.74313164,-1.1882856,-2.9386349,-1.9719415
1629,train_images/486e852a3b4d.png,70c629fb8e24877e90e59852a0b4823bec6e977b231ec41cb1f92fd67571f723,1629,0,0,4.0230503,1.2307615,-0.7121985,-2.7617664,-1.742785
1633,train_images/780f9daaa24b.png,5666ce883e975d68922cf4b02ea69a8543abfabdb3689e276d04ef0a5a1440f0,1633,0,0,4.347494,0.8848572,-0.6675464,-2.6290789,-1.9140754
1638,train_images/96793edb1003.png,d53da2552bce73e3fbca7d54ed1fa8b33bf1d6dec9aaf3b3ab5e93f4fa76a550,1638,0,0,2.1483288,-0.5192356,-0.7585611,-1.3945084,0.54662037
1648,train_images/949710bead24.png,fb764902ffd04c80be24a4478cffe22090cb53a75eb392828781e0d916b4890a,1648,0,0,3.0125427,0.2536335,-0.4742272,-1.384346,-1.3939424
1650,train_images/2cacdb0dffae.png,fe7c23e123a1095965ad37929d00ae5fc9240d138efb1623a89ddd09b9764467,1650,0,0,4.740818,0.9046469,-0.9737092,-2.6920013,-1.954845
1657,train_images/8446826853d0.png,2f8071e2a344253ddd9fd784646738464115059910141e14202cd6e1956acd62,1657,2,2,-3.030733,-0.025669098,2.037278,0.32279205,0.68201256
1665,train_images/b842b43cb7fb.png,767fb44e22dd4236644d7f275ceef1a844fd6fde967a0f846d2d5e2d3afadefe,1665,0,0,4.064905,0.51557636,-1.2620096,-1.4170666,-1.8755765
1669,train_images/7635921c5efb.png,2b8250d6c3d10447135bd0e87b535dc99e81ef0c6973d79ffd30286c5edd4df5,1669,0,0,4.873501,-0.37531853,-1.0727557,-1.6936665,-1.6971626
1673,train_images/ebd96d853918.png,18844e86c52e1df9993743b49fb9e401c9de9f6080fec0ae6f7bea28c7252071,1673,0,0,4.147135,1.5955172,-0.8466156,-3.3073883,-1.5675287
1675,train_images/e229aca862c7.png,b4759238e167eff81a2abb051609f15960af5be7365dd91000660d2b0077f91f,1675,2,2,-3.9954662,-0.2558298,2.677454,0.77879906,0.77138615
1681,train_images/7d8f67cadc29.png,be4de444902b21a458acb748e15985318bd62a278674cb451c161aaf81491b8a,1681,2,1,-0.6426716,2.0187626,1.6930618,-2.9743052,-0.100865364
1683,train_images/1c4d87baaffc.png,cb66e86c28ab48f1884c067226847b34c2849713a3ea380fd6a638fc2582523c,1683,2,1,-2.399479,2.1562347,1.0828457,0.21731949,-1.0728321
1688,train_images/4a693dd3921a.png,7552b54d93adbd7cd7271558baec7095789e29485b9068bf98f600fb0a0ba40a,1688,4,3,-5.724066,-2.2188487,1.2663174,4.094286,2.5602462
1693,train_images/98f7136d2e7a.png,b0d4d28b889d397baf01efe5d67e5ba4029ab302a719e62b525c4964fb940e7b,1693,2,4,-5.3798065,-1.2656846,2.0151935,1.5931377,3.0067303
1697,train_images/5ca73d28f17f.png,c8c2c28a1dac8e1e2231c9f40eaa7417427d5e0d8a8154e75c960e2d521ddd66,1697,0,0,5.063019,-0.30811977,-1.2534313,-1.7005348,-1.7690616
1704,train_images/e07045d7c5f7.png,a3ec375b63b2938d9ef8c8a965ddb35d0e3b74186f100c48548e1d9f0b3bc6f4,1704,1,1,-1.1560593,1.7380896,0.49355268,-0.4610405,-0.61531544
1708,train_images/ed648b9bcd95.png,bf87b0f869c51b3657b7e5ce2ec13c2b45fefad70ecf0160ee1e5acfdf3527cb,1708,0,0,1.9362202,1.7894144,0.32048512,-2.344635,-1.6788712
1716,train_images/d8404680bba6.png,e1ec4760966ba84e0ffe89e6945e6ff441c887f12d2efb02dd8d5b1747b4a593,1716,2,3,-2.9045067,-2.6662626,1.5521865,2.4957066,1.5125785
1722,train_images/1409ab48175a.png,b01d9e49af133811d05695584005ac99e322a4496e9de963d58c8b6e073121bb,1722,0,0,3.8098183,0.81164265,-0.86121297,-2.5764189,-1.1657767
1726,train_images/8cb6b0efaaac.png,6e75bc959bdb8b067e277bd45a668401e8b78125e73108c563291119b73939db,1726,2,2,-3.9631119,1.1125917,1.9908919,0.7156162,0.12654042
1728,train_images/6a2642131e4a.png,a26422a9768e2977598d283035cb721d9f20bd26b291adf876369158951f4be8,1728,0,0,5.0445004,1.0433121,-1.0839133,-3.124854,-1.8537998
1734,train_images/2f42e20db938.png,66b6d0878d8a3992c210fb27c812f8dac723f26275a875bd89b48b241d754106,1734,3,3,-4.3271904,-3.035901,1.2166146,4.006592,2.120692
1741,train_images/d1afdb8cf70d.png,dba3dccc1563a3ecfd7cb4e9a511f8a9f7920b9d8476afe2a10a15de9e4e31f5,1741,0,0,4.2699223,1.4209099,-0.8630326,-2.8517218,-1.9589019
1742,train_images/d1fa0f744620.png,70cca9973c460a05538c62dcb647d501096fed02faeeea88bfca80f371ca6833,1742,0,0,4.0645657,0.73950386,-0.9856075,-1.8900661,-1.9043779
1748,train_images/5077cdb88aed.png,e2a7ac4e93f2e096769e9266d0ecf3476c197957d90cd8f97bdf6f0af91389e6,1748,0,0,4.0570126,0.5945778,-0.34921092,-3.1186552,-1.1663151
1753,train_images/675de69373f8.png,de3d194672ecda1136bdf8f7f7cce58abf805cbb3f59908cadc5a0a64522c5f9,1753,0,0,4.5819798,0.19236755,-1.4091432,-1.4855843,-1.8504987
1759,train_images/956765d5f46d.png,d13f3770d81a02ce8e0272dbd919f4c4ea2d711464ed2459978690cb8cff4ca2,1759,0,0,3.8928452,0.8285322,-0.45630234,-2.586482,-1.6439748
1764,train_images/0fb1053285cf.png,a802a783e7534f053ba6fb206909fd76812a5db5e193a66510b37a6707696ecc,1764,1,1,-1.6097069,2.1563606,0.94109905,-1.4405098,-0.058778286
1768,train_images/1943983492e5.png,4764fda95dd80c6dfeda1e5f9b3ea17492f6150fc9c65f637e5cfee1f1d5b48a,1768,2,4,-4.327858,-0.102160454,2.3215587,-0.43036652,2.5076811
1774,train_images/3601dac9bed7.png,117aaeed6bc3e70c0865ff60e3a5699a482b23054174368f86c2d6a248f5d76f,1774,0,0,4.926361,-0.17150497,-0.6701702,-3.0862741,-0.96261406
1782,train_images/8ab8d9b3ce3f.png,277d6b8f1f646c7375f0b37e84734f33f5d6691aa06173a6af1c4a988c4b5b5e,1782,2,2,-3.6961002,-0.87951183,2.7242644,0.58831406,1.2402952
1784,train_images/6baafa56895c.png,aac702f9ac4663b9738893992e9451ddf01cf193a862c6bf08359564bf25ade3,1784,3,3,-3.45817,-1.9035602,1.2176191,2.466982,1.666492
1790,train_images/093a42649c29.png,31bb620e4753ed960ba22602d75aa30b7ad08f91d9b637a38692f24fd5cf593d,1790,3,2,-5.3882637,-0.11315632,2.5077674,1.8330193,1.1305869
1797,train_images/a32886cb31ab.png,bf2719b61ef7d882e694a3fb7bd86022f122a8967d12b711708403ff2ce8d666,1797,1,1,-1.4350624,2.059412,0.344284,-1.0368786,0.064847946
1800,train_images/0d0b8fc9ab5c.png,25b3bb51f7f93d68f635f5c1bf46b7945b8e0ba113a4bf9f1d239938afe20d95,1800,0,0,5.299139,-0.031315804,-1.528902,-2.3606644,-1.3448014
1804,train_images/5e52c9fe676f.png,348acf1b2809f9eff5692d3811d712b0576d420fe2a24f62a1966bd966807102,1804,2,3,-3.6549873,-0.14179897,1.151546,2.0131626,0.6246662
1807,train_images/42a850acd2ac.png,6e75bc959bdb8b067e277bd45a668401e8b78125e73108c563291119b73939db,1726,2,2,-3.9631119,1.1125917,1.9908919,0.7156162,0.12654042
1812,train_images/8114d6a160df.png,ff13b297e601f227f0c34e4dc85862ddb56b0771e977f227d6a13404fc9a1946,1812,1,2,-2.7018166,0.63046837,0.7727436,0.6923523,0.59352064
1815,train_images/f3b27ac2d371.png,23c2515dbb3dad274b7975aa51ecea89378a12d78bb23325ed42c7b9e92aeea4,1815,0,0,4.684038,1.0853615,-1.0070367,-2.9741888,-1.7643552
1817,train_images/9c14ce27cbfc.png,682ab965693e0d508ad9a0d7024cedb5af527ddf12e244feb1fd17851bd12535,1817,0,0,4.426838,-0.1943388,-1.2443806,-1.9930973,-0.9702134
1819,train_images/530d78467615.png,3b26186be5348381728f79c58fe26b0bb8b31f9588df7807eff5cd00ec1f1819,239,2,2,-2.6743717,0.71118736,1.1032454,0.06826973,0.7805245
1825,train_images/0b3efe669365.png,53fded270c0cf23457be2da38d5181f9d5f273bdba40a175e6e5454fd57a4a89,1825,0,0,3.782812,-0.237751,-1.3813398,-1.3313198,-0.80519176
1830,train_images/bdb98063fe84.png,7ad222bf42b692606797cb14195250c9b4a77281643d5ca0277b1b83ba1ec0de,1830,2,3,-3.849928,-1.3075233,1.8731108,2.1622257,1.1204424
1833,train_images/a01024054596.png,18de4ee563e2afcdef73481368e71dddbb0152719edfb26b2c2ef3663941ab54,1833,1,1,1.1971436,2.2500744,-0.6507948,-2.1902857,-0.59371805
1840,train_images/17188c13e635.png,3fbf0480a1f80b05a5a311c6c57363b48cb35c1a4ff58c1bebf762c5895d8cc9,1840,2,3,-5.7259464,0.6057024,1.9021449,1.9145947,1.2830303
1843,train_images/75ed83dbccce.png,1b0a653bbd607bc155f84e79a4cce7cb0014fd78b7f23533ff452f2662b6808b,1843,0,0,4.702265,0.76745415,-0.8907653,-2.920848,-1.636354
1854,train_images/58ccba7eec9c.png,b47e1ee76ce6d7d03bbc5bb35e0bb699df6dc436f7f8a7f44bdb3a9d25601c17,1854,1,1,-3.610674,1.7040577,1.6284325,-0.7791462,1.0332218
1860,train_images/b6304c545f95.png,463490bde6419393c5850567e70871b17bce171d03588511cde83733f7c0336a,1860,2,2,-0.18673325,1.2363892,1.3678637,-1.0573311,-1.3386388
1865,train_images/103abbd8b63e.png,dd781b676215d252cc4798b191494bab094a756af788c8a356b31c821b287545,1865,0,0,4.4718323,-0.8192682,-0.9960464,-1.3509159,-1.2758236
1871,train_images/40e9b5630438.png,f7b42e43e4e8cff395759bcc92fcb72b9e7768d178d8a3931bf0f2eeca264e80,1871,1,1,-0.2526722,2.114439,0.72167766,-1.9020748,-0.6847229
1876,train_images/9c893e16c055.png,0b92c9603e2c086b06d69cedebbaa8a3e5d816afe68f8a1d70308558e52031a7,1876,0,0,4.000183,1.0772791,-0.95651984,-2.6411781,-1.4619188
1884,train_images/8e63fc4ab532.png,9479cf7f20790f64eefa6bf6c5b0d3c137303010d4789dfc382a461c86426020,1884,2,2,-2.1814632,0.6981478,1.2899728,-0.12381935,0.303375
1888,train_images/384db24ebbd7.png,8e6cf02803e7a327aa98f060b7b5e63c9fc9342f8cf50f37d20632258847adf8,1888,0,0,3.2792263,0.11440945,-0.30183142,-2.8450298,-0.2327416
1890,train_images/135575dc57c9.png,15f09e0ce997d66519f8b453577944e7e657db2f53903d07b3814e9e485cb6a9,1890,2,3,-6.1483345,-2.3617878,2.249136,3.2349777,2.987882
1895,train_images/94ef1d14597f.png,f67eb147373245d2424e616d16ef233255f545d2a8d4282f1d38a78786ed307a,1895,4,2,-5.0780888,-0.9572811,2.8432121,1.825798,1.3411794
1898,train_images/61da799bf0aa.png,1e26c0af8d9edfd1e880519fdbcf16d3883d790e126028e0c267112877dfbc90,1898,0,1,1.8138218,2.2686367,0.40927714,-1.9095583,-2.5567417
1904,train_images/002c21358ce6.png,19a35479c6c134c7b930b7830b8fe8ac4ad489e809be322f1e37f2efadde0b57,1904,0,0,4.5732765,0.896327,-0.5166763,-2.8435802,-2.0863519
1907,train_images/e04f3c6619a3.png,2d153379f2e0af5f51c172a460678ad90f7c6ac3c9fc22c482855b4568793e99,1907,0,0,4.8711224,1.0423241,-0.9674777,-3.106351,-1.8154197
1914,train_images/17eb5d4ad740.png,50bf8fdedd0ae7f558c7fc5fb81cd87986cda4429ac0da206fe6def2bf13bc1e,1914,2,2,-6.740385,-0.9835253,2.991391,2.64744,2.0376692
1917,train_images/c0e15e8e2b46.png,9dccf7d242197e193c01e696ffaa457edf069c4a9e2de76a0964ec4147682310,1917,1,1,-0.21804619,2.5041265,0.86557007,-1.2957134,-1.8441415
1923,train_images/67ed8cc78b97.png,26fbe7605d68568cd74631642e476b80e2ac5a644d55b711398007c7386aebde,1923,0,0,4.30225,0.22646236,-1.014853,-1.5389023,-1.9460139
1932,train_images/664b1f9a2087.png,43c464a9ae093b03899bc98fcd84894496f3784f896c0010d8556d2318c3da8f,1932,4,2,-6.0025578,-0.55477047,2.8912272,1.4086075,2.2206523
1935,train_images/a9a3225cf4b5.png,925cd1357b706962ecb1d96b1e0ad58f456cccb08ba95f827c6b24c91ba1358d,1935,0,0,4.2108,1.2055159,-0.39352205,-3.3022175,-1.7024622
1940,train_images/ad6b07d5c338.png,a7ea9a6c5469edb0341a8b7f19e51608c799edca6777093410f649390b58278f,1940,0,0,3.6063328,-0.5858898,-0.6035279,-1.2662468,-1.1294627
1949,train_images/e7a7187066ad.png,50030ec7d40919ba8ae7ecf7cc145950f1cea65f54da0ed9630dfd3b31c9a026,1949,2,2,-1.8588867,1.4937057,1.666635,-0.59126854,-0.7197354
1950,train_images/e77a93c3d9a9.png,eb5ca55bfc92b8590513a6bba5196299aa503e6a5e2b85a93a9c80f21ed75e2c,1950,0,0,3.9539547,0.6859789,-0.94704556,-1.9602318,-1.6996641
1957,train_images/02358b47ea89.png,987fc6b9d1f930be38f3ac35d9e34b5e7273f22d0a1852e5f0660451965fe3ee,1957,0,0,3.2626247,1.6083946,-0.2662989,-2.0860882,-2.4839296
1961,train_images/93a1b984de84.png,fe4c75ebf284a3cbd8ad6c2f6013ae65441464e6d49d8ccbb0334cc019e28e77,1961,0,0,4.30785,1.3939877,-0.69936687,-3.0275908,-1.9513602
1967,train_images/702de9dcde32.png,020f8b19029b2ea137e0a35a49f0f82b393c3241b85f19a2a538fd48943ca127,1967,4,4,-3.7634048,0.30084705,0.7770115,0.7523117,1.9097344
1972,train_images/a804cef3e51f.png,d45022ac4411bf7534a52f8cbf07048c5596b0386b5e2d50b44e895879e7e20b,1972,2,1,-1.4825268,2.6575136,1.5237098,-1.7753677,-0.93244576
1975,train_images/bc23f74e14dd.png,bcf83579589cb0b4d8445e35da319c20c1f0518ba9f35753aa198c6511c51d12,1975,2,1,-2.8899136,1.6907339,1.1643581,0.669405,-0.63373804
1983,train_images/09662e462531.png,7320d51b3058abc6e92bd4a72b8e4695c7f9dd22a840676ffa7aaf393b495738,1983,0,0,4.7354794,0.82740784,-0.7178285,-3.0402136,-1.7669482
1987,train_images/f35d80bb1a22.png,ee817cab46238f40859ef64dd9e09870c736381bb3a30a7a44e6d11acfb96306,1987,0,0,4.061905,0.7416849,-0.7161728,-2.7428274,-1.3293433
1989,train_images/91f3c4c1e72b.png,f0a5c7c68228f914e91d5bd24456a668824585416af22f07a8e3e92fa8e9fd61,1989,0,0,3.8311234,-0.18202686,-0.6170169,-2.9753551,-0.024285316
1992,train_images/da8900ac7f29.png,3206f0001f8cf6af9abb679ca60733a20c8754c003b592a9919aa3e07b7a8aa4,1992,2,2,-4.1736546,-0.98455524,2.2155375,1.9954758,0.92262506
2000,train_images/4fd5ec0dca09.png,fcf7f0b60167b2fc4a17cafed5e80fd2923319cc9d6812de79c2ab4ccf0b1381,2000,0,0,3.580185,0.8461361,-0.9496807,-1.8664818,-1.5853758
2003,train_images/98441214557f.png,4822064624b73b48fd0e423aa750a03965337986d0b9d8fe8db4c996aad52942,2003,0,0,3.9374352,1.8244944,-0.93710697,-2.9529676,-1.8516269
2009,train_images/8a482c024fc2.png,fe9e08ec803d43b3e7e47101d67cc08d98b4ae0b846012a8b5dabbdb1596657e,2009,0,0,3.78504,1.093585,-0.57499146,-2.9131117,-1.369863
2013,train_images/80d24897669f.png,d65627c6f3f09ba99b4c1a4780bea37c77b628122177db50d39e7b5e110598a0,2013,1,1,0.011672974,3.7028446,-0.081646025,-2.7363987,-0.9010701
2021,train_images/a28bfb772f50.png,8f564f846df28dd6953dee41084f45382f1e9a2e2f378a74e1dd6a3a960e67b1,2021,1,2,-3.659008,1.3621092,1.9715092,-0.94257736,1.2408483
2026,train_images/3c311c9109b0.png,e435a26843e070be0eaf589a2b03b932e72e247709b31b364137472308fd8598,2026,2,3,-4.4666977,1.1547747,0.7807609,1.8745899,0.63170934
2032,train_images/10f6ef37fe43.png,6e564dce572adb1864963f712e8ea3724489895b24186c6f66a3df5dc2a47283,2032,0,0,4.1523724,1.5560389,-0.924122,-2.966463,-1.7978659
2037,train_images/8dafa62f9322.png,d523ef4b9f0db020dc242336b470cf9e3a5b6437af8503ef0d5379b78670c7ab,2037,0,0,3.9178658,0.9749508,-0.8645319,-2.6660519,-1.345139
2043,train_images/bc34f52c37c7.png,ea86c2d5f96674b3163ef358f7aa51d1c289cf827bbc0ee387bf49f40457d6b2,2043,0,0,4.174959,-2.7656555e-05,-0.9456556,-1.5390072,-1.6667495
2049,train_images/f4d3169b468a.png,86b7834f761da63c54234ee6edcdb803abc2bd0f9a27608ef42794cdfea561a3,2049,0,0,4.6305313,0.8742323,-0.8083032,-2.9321032,-1.7418089
2058,train_images/36a1e3c780a0.png,44d7a80b4132446d47264938c664cf52a2b5fcebf42af5d86a5c87889f4eb03a,2058,2,3,-3.4578495,1.2914448,0.87957954,1.631937,-0.37083864
2061,train_images/e17507a4a1f5.png,8737f823af4a87b45272d007035f6cb65b189a2b18d62f2ec2891feee4bff0db,2061,2,2,-4.9114323,2.000002,2.7394164,0.7266617,-0.58225703
2067,train_images/155e2df6bfcf.png,bb50ade4b2929fc1c1a035535a4902b175bf37bc80f2174538b0c5a068eb2670,2067,0,0,3.9465675,1.2064629,-0.23106033,-3.3486452,-1.5551109
2073,train_images/31360e44ac64.png,c9eec40cde86ad5e983ab1d2b343edd8c3cbc90968ddcbd8e8acfa588985066e,2073,0,0,3.4520721,1.5804272,-0.81286514,-1.5752506,-2.6052995
2074,train_images/6e1db8711879.png,40f21c81a10b1f5ae005e2ac875861371c773852e1711809d1f43089c438d1cb,2074,0,0,4.2325287,0.1944952,-0.9338666,-2.0755053,-1.3854189
2081,train_images/bf8092e4001d.png,e35fee4da08b88878030db86663733ff15131a71aa174e150956403033623e79,2081,3,4,-2.3698483,-0.22455883,0.6877911,0.91246796,0.98081696
2084,train_images/f4ea2a2cfbb9.png,e8ece84cb8348682411a71fbfb64d47fd6378094e61c230ac86493dda66a5b63,2084,0,0,3.8387241,1.2478828,-0.6553159,-2.630436,-1.7809539
2088,train_images/f1d719c97838.png,418b69eca7730d6981eb3d1e4f4a10c9b2ed9bb4a65f99bcb427531efe5aa975,2088,0,0,4.543297,0.56239796,-1.0022206,-2.595193,-1.4854431
2090,train_images/bfb578c0e8d8.png,7e263c485bb22f6ed331a1f935b586b39c35e609eb79a8c674fe8728d8c1272f,2090,0,0,4.683964,0.22289276,-0.89042753,-2.5814848,-1.3976121
2100,train_images/ed2c52c14493.png,71f3ec06eaf074032fbe13acd835a969278355f776c57bda20e07c5214b22641,2100,0,0,3.7855167,1.1157074,-0.73430306,-2.3871117,-1.7596688
2101,train_images/dd19428c3d29.png,ed1fbe73fd68998e1b18ea926b7cfc51ee06aaef47e42134433cd94d51949c60,2101,1,1,-1.2563038,2.7651138,0.6067499,-1.1432724,-0.9850948
2108,train_images/5c7ab966a3ee.png,7568c7ab66998711ca84673688ce37a0c57dd83a817fd9a93b0ccc02567c2ba0,2108,4,3,-1.2444782,-1.1807837,-0.21842307,1.3467255,1.3066133
2115,train_images/61bbe8db6f3a.png,d7b8977db8dd00035303bf68ac147a3c6b26d5a6c4c7efd76711dc9675648a9b,2115,1,1,-0.5352726,2.496478,0.72974896,-1.4771633,-1.2142649
2118,train_images/7f0ffeb0a333.png,376ee248d5def66348f4c31a12730afd0328bea4457836423a7e88a6e9d7bd5d,2118,0,0,4.2710476,-0.19089985,-0.6231926,-2.6284332,-0.79716086
2125,train_images/e599151ca14b.png,39fbe9758d4b6920e041d3841c6be71d61834ac96a433360b724f960142b0c7e,2125,2,3,-3.6078873,-0.46636486,1.3190979,1.8688087,0.8671191
2132,train_images/971bb98ab935.png,dfb0463d45139c56c9bf7364e3a2423edf8dd216576b9b0eb5c177200e9987c3,2132,0,0,5.1468754,-0.62586117,-1.3939497,-1.5217667,-1.574233
2135,train_images/2a3378bcfbcc.png,a4105fa5521fc23ce58fc3140639299dd5a396e09067b100c431ddf63f210005,2135,2,2,-5.178978,1.6027374,1.6832561,0.77811813,1.079325
2139,train_images/5b32ece9c627.png,5d8056f056c18dc0c7aaeb73cfa9e0695cf695d093bf74d7d239f0ae26721976,2139,0,0,3.8700962,1.0327682,-0.66134405,-2.6003323,-1.6225762
2148,train_images/d8da9de62743.png,91d323bb6a3e63020ad5a8701f37dc26227aeeeeb1a02d3cb916d88868c90a47,2148,0,0,3.873827,0.8218832,-0.56764007,-3.0458288,-1.066623
2159,train_images/6c4ec95dd8ba.png,bd0d4240ee98843f6c602cc50aca27a0495c0aaa8a490f0c0d1c8487dc395c82,2159,0,0,3.324377,0.45299435,-0.13649642,-1.9161549,-1.6854391
2162,train_images/6fbaaf8eb67a.png,cd06913d54ae6c1f03531172f56cb38d29b8bb369d03f6ae1fdcf1f813934273,2162,0,0,2.6274471,1.0094233,-0.34634733,-2.2402363,-1.0174205
2168,train_images/c6a2975228af.png,4a0c27d20fa4bd0efaee32a0e95072b0f39e624280a6a5157e28cbb53499346b,2168,2,3,-1.4173203,-0.18074799,0.28085512,0.7025261,0.6262708
2173,train_images/76e5b50f95a7.png,b50afc3a5403141fc3ae8258814137bd0dd6a75fbfa58bbbef08fac92bb43609,2173,0,0,3.182207,1.1183605,-0.36846787,-2.5387955,-1.37818
2176,train_images/c12e9ca420a5.png,79bdace916af941eb2767525947113d1127a8531ba5911aee03fcecb6ec86909,2176,0,0,3.835064,-1.1525612,-1.1487035,-0.43263626,-1.0731711
2179,train_images/cd66754e1b3b.png,becf460f9c01790f3cb55ea839b2e073122d28fe3af24efef54beef7f1bc6f4e,2179,0,0,4.502306,0.31171417,-1.3361554,-1.8425531,-1.6069369
2181,train_images/6e92b1c5ac8e.png,07086880d7671ed61012937727224700294593d3a449a03569a63016289afd49,1247,3,2,-3.6729527,-0.5967941,1.7800498,1.6280746,0.8492594
2184,train_images/2399d68d407f.png,d56bbdebd7089dd1abda0960fa2787fc80e446f9ae0da8052d468e946ff03abb,2184,0,0,4.1444397,-0.8549156,-0.663486,-1.2649803,-1.3337598
2191,train_images/7828dd083cdc.png,6ec66df140307b49604946796f6be4557b97b955cda74a0baea00061107e0daa,2191,0,0,3.5229378,0.34616184,-0.81005704,-1.943613,-1.0978427
2195,train_images/86410aa13b3e.png,c78537822e715ef814ce25c57536df6cf1ff929ed0f7390807cf04ed4de07570,2195,0,0,4.176811,1.3305054,-0.70451266,-3.3367605,-1.4491801
2201,train_images/374535e0adb8.png,c3f1d8393129357b5ba6e72f0166232f7cb8faf5291ba2b2e4b70eb66788db5b,2201,4,4,-1.333664,-1.3307629,0.78976345,0.69841576,1.1741648
2210,train_images/8a7765e785fb.png,cfef9fb7bd6f5e6562988a7ecb49ed06c0cbbb27f8321bc54f0f2917e6c70468,2210,0,0,4.8605976,0.271163,-1.2158065,-1.9204512,-1.9651756
2215,train_images/51e656e5a541.png,bbb939afd2567501390c2009dc8e599d5a6210d77d087bf0791eeb0b0f06ab62,2215,0,0,4.866356,0.34358025,-1.3965557,-1.9803133,-1.8013091
2219,train_images/b0f0fa677d5f.png,ef88a839c9cc1da5c8d229a7493326a39e5c08944fbf86d0264adbad6881526d,2219,0,0,4.2143154,0.98710155,-0.9357012,-2.6340733,-1.6087556
2223,train_images/0182152c50de.png,39176e0df5b89f9052c08be28e87e149986198a3af65c43af9a2345e032e4589,2223,0,0,3.293188,1.366025,-0.24403742,-2.8521214,-1.5518184
2226,train_images/aafb0c944f14.png,2418d26dbc95b17ee87f5bfc0a02c240e80e6555dccae0157aa8bf106cf2140a,2226,0,0,5.0070515,1.4416952,-0.8482657,-3.690467,-1.8855495
2232,train_images/0b00f8a77510.png,ff7d4d3c04c9a8a74cc24618470ec6e35ca27f7aa658d7531f0351498c7bae4b,2232,0,0,2.3842335,0.23220825,-0.11389601,-1.5746307,-0.89730644
2235,train_images/6733544ae7a6.png,902ead0bd5e2c5caa56efcc562f4d3226d5b740fa89fc1dd475018af7f907d51,2235,2,2,-0.3035946,-1.00138,0.7370689,0.44786072,0.12936783
2244,train_images/0851d6a69589.png,b0a04d01c7bab87782ce46424a1e36380d15e722723e5fb23321c928d5ed33e2,2244,0,0,3.468296,1.3988237,-0.90768015,-2.3745651,-1.5674739
2246,train_images/72606afaf3da.png,e4c8fcb73dfefe34d7682b6e7b64d8088b34602f34f80daccd0bdd813d5bc7ff,2246,0,0,4.845421,0.09988499,-1.5898435,-1.6627674,-1.6598725
2255,train_images/8ef2eb8c51c4.png,2f8071e2a344253ddd9fd784646738464115059910141e14202cd6e1956acd62,1657,1,2,-3.030733,-0.025669098,2.037278,0.32279205,0.68201256
2256,train_images/2408799a09b2.png,205357ed43ed45c11c9c7f51a5fce039bd447deb6a4372bfebaef50a556266ca,2256,0,0,4.309757,1.030365,-0.19881517,-3.1486425,-1.969955
2259,train_images/710b05a96e0f.png,c692a701b406677649dddcad57dc4056048c9d2eeb5448149d0e9b8efd8aae3e,2259,4,4,-2.638958,-1.3447514,0.1468758,0.91459656,2.9187875
2266,train_images/e821c1b6417a.png,a64c7f7d010cc33918206e84274c454edee4daa06ca2bb87f4056a8788848bad,2266,4,4,-1.1509037,-1.0543394,0.14676082,0.607214,1.4690009
2267,train_images/ad570b850a4f.png,3710bca81e16bc4cfc479dec6ae5442542dc4d98e3522f058c77cb7afc6500ca,2267,2,1,-1.2436218,1.0784225,0.70233774,-0.5093136,-0.020983696
2274,train_images/2974c6ad1d58.png,e57746139045bda6beecdb616d55a8d7e4615b3947f0ba839195124ed495905f,2274,0,0,4.123062,1.176651,-0.6458148,-2.9402351,-1.6906147
2281,train_images/fb767cea406c.png,5f67ab4b66a7191235479bd9725dfae8292b27b1672a9d1583d4fe964e489961,2281,0,0,3.2580128,1.4030056,-0.22828531,-2.8741226,-1.5288858
2286,train_images/9fefe2b44795.png,a1f7aedb15523edb9a72d3ece508401e48f33aae1ca72b13c96162c2d14ad6b0,2286,3,2,-4.4650326,-0.8275137,2.28454,1.6816826,1.3064945
2293,train_images/5c6194562ed2.png,2067af50829ed9c3adf9ea020318dc7fd250f705e97d70f73eeb2b3e48ee91a1,2293,2,1,-0.6743717,1.7073097,1.2017081,-1.9674015,-0.27125883
2298,train_images/d57d1be1bbd1.png,ba541eb808f6e6a328e887607e9a6e973a103dfb2bf5a7d798e7b04a1f8d90ff,2298,0,0,3.144701,2.383524,-0.070337415,-2.8439674,-2.5817447
2301,train_images/e740af6ac6ea.png,b0d4d28b889d397baf01efe5d67e5ba4029ab302a719e62b525c4964fb940e7b,1693,4,4,-5.3798065,-1.2656846,2.0151935,1.5931377,3.0067303
2302,train_images/874f8c1929f6.png,e0f121f6591183f4c2a2af7cc0bb3eb877936a801e31a580790ddbdf8212c767,2302,0,0,3.7148094,0.44554615,-0.122140974,-2.8217707,-1.1984024
2306,train_images/944a233fbf8e.png,cf4774308a31235337cd0a326dfb694365deaca03fc07fafed86bd352a96e8e1,2306,1,1,-2.1456757,2.1218967,0.33810496,-0.8758068,0.54965806
2308,train_images/0161338f53cc.png,e00a95f1bd202fe395d509b23c635c75e87f0d66f5b7610149c92ba3e030ccb3,2308,2,2,-3.373497,0.20625687,1.8641303,0.35146713,0.92811596
2313,train_images/253e96488cfb.png,8893dc9a7d66cba45d9fb4c7e24edb0b77a97a08a236b600a46962a7b9be6094,2313,0,1,1.5978756,3.4607868,0.11023563,-3.2565327,-1.8980665
2316,train_images/a2ddabee14e9.png,8c51975103ab5b1150e4100bdf96f870d69f66153c30ecb3ff43f11bd4914ef9,2316,4,2,-3.0172539,0.9104986,1.4422046,-0.20101738,0.84632564
2322,train_images/4dc2211a1c31.png,5c1c0d4102200c23ba7bd0c8a4abf9890d88cfaa437d184a3fc356b93bf66fd6,2322,4,4,-0.59218025,-0.8068266,-1.1005263,-0.19650078,2.69656
2330,train_images/3b58b02c89ed.png,10b2b2cf3b794264deeb9438c2a79508180be3df16bd2e4dc7013fed32babdfd,2330,2,3,-7.3342533,-1.7372994,2.819982,3.291235,2.914509
2333,train_images/58c12863f33d.png,54339e45db9c8694cd96a435dba92cb1c25086b48761c75dbe6376467fd75988,2333,0,0,4.402626,1.2219143,-0.5144989,-3.2929335,-1.7976274
2341,train_images/4393c5bc576a.png,710b254e55d4078ed04a240bcf1be963a428adc546c7f60c1d9b6ecc0caa13fa,2341,1,0,0.47714233,-0.027576447,0.4552902,-0.9185791,0.023434162
2346,train_images/0bf37ca3156a.png,c21eef04f3a8798afdd178d3c690115bc0e2a3b97ad0f5fcb8080b211cfe3f7c,2346,4,3,-2.7367573,-1.1961384,1.1074734,1.7366428,1.0829928
2356,train_images/a04fb36db784.png,c6ce210915ae56bfcd338fd3b12d28e20ec0159072d82fd7b39cd1c31a53f5dc,2356,2,2,-3.9226017,1.677949,1.8127682,-0.018089294,0.43208647
2358,train_images/6e68e742f5bc.png,c48386ee75dcbf73d6ed60039a56bb8af3a584f0c20faf3f493f22a3720bb5a4,2358,2,2,-1.8989182,1.3110371,1.7271459,-1.0832348,-0.06882477
2366,train_images/5a03fe3ed15c.png,df455a9ceb336871db162c6cdd92bf62f48dc49d40a8138840147cb6dbb564c2,2366,2,4,-5.4596443,1.1484623,1.8296165,0.18800545,2.261083
2371,train_images/94dcb491143f.png,bc776e85c45745ef9814c1e07406213517e7542be7f4e7c68b5b2d8abefc6b6d,2371,2,2,-3.269064,-0.024843216,2.2047842,0.71974754,0.35378194
2379,train_images/aa8a1e814811.png,7943a89ecbb2ecec24b32d59f615bb1312031988daa5b81df3c39e6d982195f2,2379,0,0,3.8900204,1.342514,-0.86437726,-3.033782,-1.3140941
2382,train_images/453a1e2754b2.png,1be0fb99b4af6e841695038c90e7f46373c41987437b43ed00f0b2c2e43190c9,2382,2,1,-1.500061,2.1275177,1.036933,-1.9791517,0.30451083
2387,train_images/2cceb07ff706.png,6999ab73db13c01367ae204b0f29c22e17c9e31033408ef149683186e207fec5,877,2,2,-1.88344,0.35743618,1.3741246,-0.36642456,0.50820374
2394,train_images/e6a6acf7fca1.png,15333cc512e4e1c699a7db82fb7cd9eab334b31272a66598a542af3c9e09b82b,2394,2,1,-1.7050304,1.7636824,1.7319508,-1.9453964,0.14019871
2398,train_images/6630f8675a97.png,c13c5f799ad94b985a21c31e147e3ad0e80602df2ec5c0cd3ea2e8a459505571,2398,4,3,-5.3373814,-0.8082609,0.110816896,3.1693287,2.8395605
2399,train_images/fea14b3d44b0.png,d65627c6f3f09ba99b4c1a4780bea37c77b628122177db50d39e7b5e110598a0,2013,1,1,0.011672974,3.7028446,-0.081646025,-2.7363987,-0.9010701
2403,train_images/239f2c348ea4.png,6d0b2dec3318f8aaaf26b229f197aefa1a58a510f3dc7fb08d11ddd7a134bf7e,2403,2,2,-2.8600674,-0.386261,3.4939346,0.025848389,-0.2691052
2406,train_images/8fbb2ca39911.png,f3ca5002fed1be83ab6ac161fbc36ccaa8acb0682e44ed84714497996c1d456e,2406,0,0,3.5407467,0.9838762,-1.1709651,-2.1447744,-1.1901908
2414,train_images/51d574513bcb.png,3d7c2f21eff20cfb1e953f3f2a0961c16ee9fb48b462fa935fd9d5e958bff44a,2414,2,2,-2.8307896,-0.3074503,1.7824638,-0.32043648,1.6588434
2419,train_images/1c9521878baf.png,a2e71355dbd8bc944b5907cafd9a54e408fec21d3852b450fde52135a32e29f1,2419,3,3,-6.0580597,-1.0755253,2.2264974,3.1889248,1.6790643
2426,train_images/c6a145742708.png,b09a7072d43734b129210c6dd1ea19255665006295c3bbdbc89e2d88c0194648,2426,4,2,-4.5451756,-0.047839165,2.473367,0.5729561,1.5217288
2429,train_images/a30a143a53a3.png,7a67429a5131d6ff43e384340addcb97fac7ad9939d289ee3c1a60ec898e80f0,2429,0,0,4.6479626,0.90251637,-1.0190326,-3.110754,-1.3957996
2430,train_images/196e6a186452.png,3aed027e0264e8c766943454c555abfca5f0cbf4544efad3ae6b6511860cd814,2430,2,3,-6.182583,0.83724594,1.6482787,1.8313103,1.8262069
2436,train_images/3428230bf1bd.png,57806a61b48897c1f48d9dc2615c910eb065763058b614c93ad4709175495e93,2436,2,3,-6.8207035,0.53436565,1.6406095,2.5487633,2.0525527
2443,train_images/aebe87a423c8.png,da7e8b8ae96fbabe15a80f9fa7e59aa67815e1e6eb071472604d74330bf9b111,2443,0,0,3.1338139,-1.4354243,-0.9736819,-0.12095451,-0.58142567
2444,train_images/d66b6f333dc7.png,20de3d136126fe63ed950e3870ea228ca09b41439ab301c81cdd1160e71bdb87,2444,1,1,0.036483765,2.3604994,0.83111966,-2.691143,-0.5372541
2445,train_images/812d5adafaf2.png,6f71d76463022abe1a9db4db25a4309fb983af293573dcbd62bf8b8062e50c0d,2445,2,1,-3.947773,2.4676056,1.1975834,0.025447845,0.23390484
2452,train_images/d1ca85af57c9.png,3e0943eeb0f57ff0d9002bd134f011789a826e306d320e670a81c858a5006ac0,2452,0,0,4.9786587,0.79331875,-0.7850616,-3.0166416,-1.9476881
2455,train_images/1269ab57c2e6.png,d8eadea5cbe58c643ba71d787f020969df3059c27dcb81af9f7a04dc5cf848d0,2455,2,1,-2.4220505,2.6199293,1.465042,-1.6339989,-0.051999092
2459,train_images/4b422b48d0d4.png,63c47588cf8ab9732aa3265334cbd6da4156b706a447556c887d218887560879,2459,2,2,-3.7938766,-1.2126665,2.267979,1.3209057,1.4102076
2462,train_images/a06e5ac695ce.png,1e5e0c518c16145944c838aafd7609194673726d631f4b29f3b89b65f3da530d,2462,0,0,4.755953,-0.12045765,-1.7034258,-1.3768215,-1.5222497
2466,train_images/cac40227d3b2.png,e00a95f1bd202fe395d509b23c635c75e87f0d66f5b7610149c92ba3e030ccb3,2308,2,2,-3.373497,0.20625687,1.8641303,0.35146713,0.92811596
2473,train_images/565f3404f9b2.png,343396257fddcb0c92e67250546a89939c5cfc21527ad36a2e7b685b29b71844,2473,0,0,4.2869873,0.59297085,-0.8902664,-2.5503302,-1.4173098
2479,train_images/63363410389a.png,a4ce448d0b8f208c77342fd03bf5f39327e903103ab56123cb9f071532f455d6,2479,1,1,-0.113882065,2.7403727,0.38500655,-1.7988291,-1.2134342
2486,train_images/9ce46d400cd6.png,be953c25e11d4b0c0dcc50cbdbfba1093a67ee74a3e2c22b9f61ec4922500b5a,2486,0,0,3.245327,0.93334293,-0.23590374,-2.640027,-1.290874
2489,train_images/da9262d9f5d9.png,e53e778fa6d0b6cb2d8106c5a8d00e40ee1b7b76a8f02b2e80f638b6f33cae16,2489,0,0,4.3137608,1.2051201,-0.5050059,-3.1893044,-1.8043361
2497,train_images/aea59ebec445.png,97c3087aaa80c5554b37acc7d4177a4551cdeb1189c30817dd100ed625510dda,2497,3,3,-7.097904,-1.3759594,2.5062575,3.0224571,2.9056635
2501,train_images/2585bbc91909.png,0b79f5a7acb94aac6f4aac4590fdc74673eb4c072484f7ae0b4240f5fd886370,2501,0,0,4.4303436,1.0030947,-1.6677477,-2.3045874,-1.4330449
2502,train_images/144b01e7b993.png,d9693f423433ba9af946e90eb9c4ef4ca1437c9be236e3087d8decee8a86835f,356,2,3,-5.900713,-1.5570312,2.5441496,2.7513103,2.1287093
2509,train_images/9dab2e6ba44b.png,029e6c9bc4d0a1ce1651b567eb79fc5249a7e10198f0c8f512390cb86e3b7298,2509,2,2,-1.8056908,1.1633902,1.582861,-0.3510151,-0.58460283
2510,train_images/3b018e8b7303.png,9be730d753778ce1cf6ea0bd3d04d8c15886f14479bf5563c31a31ddad586bda,149,3,2,-1.8163013,0.75245094,1.017183,0.6330223,-0.58635545
2512,train_images/9f935fb38440.png,7f9493e9813c4c4dae992e2c16f48bc7a2da92837f148087c22e6abdfbc7f3a1,2512,0,0,4.455824,-0.50141716,-1.265673,-1.6645355,-0.9943061
2514,train_images/77a9538b8362.png,f7b42e43e4e8cff395759bcc92fcb72b9e7768d178d8a3931bf0f2eeca264e80,1871,1,1,-0.2526722,2.114439,0.72167766,-1.9020748,-0.6847229
2520,train_images/03a7f4a5786f.png,e9b48aa4e591398e31a6092e5b072e2111cdce41a39681fd3acc5452a9752d46,2520,4,1,-1.617815,1.4296713,0.3414247,0.52612495,-0.6755583
2525,train_images/c5ad60521f8c.png,2904ea3440968f94244d8f9b567160bef53b442083a0e3424e15b73de42a2f9b,2525,2,2,-2.0319138,0.82450294,1.7034259,-0.020935059,-0.4786117
2527,train_images/0180bfa26c0b.png,db109bf7ac8cce776b3b67fdaac05526b3356d6c2915ba80daa9b53859916ab0,2527,2,2,-5.565262,-0.29773903,2.6802099,1.2225952,1.9197052
2530,train_images/78937523f7a8.png,66c3f988307dd066d583872f7cc792a5ea95062e9a7121f927b4e444788b849e,2530,0,0,4.382305,0.6205931,-1.4485942,-1.5180588,-2.0084276
2539,train_images/05e9126dfa5c.png,23cb8b68e955d4589b52ace5dc8babfa55d902e79dff3d1d2b67fa9a8b0fc455,2539,0,0,4.029833,1.0942469,-0.71362376,-2.7253551,-1.6674986
2544,train_images/f4de9620e3f2.png,374d36e9a14966fe6e1dbc79946bfb0f11cde11ad6ab86373b943c2bab0fb905,2544,0,0,2.8785572,1.1271191,1.1083688,-3.2862759,-1.7986851
2551,train_images/dd110d2b8c21.png,242e16205ef7c4cbccf038ff204242f296772742c44971cad5cd2f07de345646,2551,2,2,-4.4148426,-0.6801548,2.0758297,1.4365101,1.5513593
2555,train_images/65dda202653d.png,253728345a76463870ed77867ddf5625a9eda0b07ba517459032a34816a0b789,2555,0,0,1.6026917,0.9692707,1.3322527,-1.3083706,-2.5685859
2562,train_images/00f6c1be5a33.png,0cf6f915f26f896e9c5122328d94839c5af797809bcb252ff6420eb81abd5614,2562,0,0,3.4039536,0.9257984,-0.3737334,-2.1844482,-1.7544055
2563,train_images/0151781fe50b.png,38243b28367c7542152ce418d0ed9dbe282a56a8a1549199c39ffc594e4d63e4,2563,0,0,3.0915146,0.019769669,-0.40146357,-1.215828,-1.4740219
2571,train_images/0b64a0a06f9a.png,a7eba3811fe1e29c2a9e4ffab0d14dc37344251f960af3cf50f79f34c02aa8f8,2571,0,0,2.8951473,1.2200251,-0.05894512,-2.482974,-1.544272
2580,train_images/10de500cf0c5.png,daeb69e832bac8b081b0fc817fd0b10b8af7eff07883da17180a504f10561346,2580,0,0,5.2023067,0.0098314285,-1.6575686,-1.726368,-1.7969527
2582,train_images/12ae44be0d38.png,5bc779204e7b6b0ccb4564943f030892f52cf9f631a1973a400572fe52c87cde,2582,0,0,3.217636,1.2535362,-0.57519066,-3.2416859,-0.6377225
2584,train_images/13d411c85ffd.png,1aeac068cc13f2fd28aa29cb9d94a5d20ce0994732899dac1c15b728153b2a0a,2584,0,0,3.6261692,0.71138763,-0.69136584,-2.6224442,-1.0093198
2592,train_images/1a0dbc6c0cda.png,fef6206e619a8a22618394c7a4a6397092ed878aa82bb06308a492c71a75da81,2592,0,0,3.5625687,1.247798,-0.25137138,-2.8015566,-1.7392101
2593,train_images/1da4a17c18c9.png,ff14591d5c5e253ac549ba6f7ddc522fee899e785cfbfc9e1fa3a7f71fb7a722,2593,0,0,5.2307262,1.4640608,-1.0140514,-3.3746052,-2.2787461
2598,train_images/1f9ccda4ddf2.png,81197b02854ad5114cd8fcc05ced00d09d9ec3a2c24e2c1653f3ec6beab321ed,2598,0,0,4.244545,-0.16680527,-1.1000924,-1.2101364,-1.7373385
2600,train_images/210bfe0127c6.png,3461246332ff70a75eab4284cbeb900d50853954bfa858de39de5405b5913de7,2600,0,0,3.7379303,1.4036703,-0.5320334,-2.582015,-1.9942799
2609,train_images/29d059522fa1.png,d204ce1e84cac4bc98c215757cb18ffb76553c67b129b716540ef24c27595bcd,2609,0,0,4.258106,1.2856169,-0.90049386,-2.925912,-1.6982446
2618,train_images/3486f7096276.png,8692fc57a0dd189fd1e203c584be7c22fe8b20b10187550d90a39919bb9b8ea0,2618,0,0,3.9033222,1.0767059,0.29427087,-3.2053003,-2.0367951
2622,train_images/3a4cfea0a766.png,0b47297e29310f6ad283e91271bbc99ef211b313fe057e41cf56eb7c265fb6ca,2622,0,0,3.9997272,0.60988235,-0.63853145,-2.5945187,-1.3608985
2629,train_images/4145dcb25053.png,0d7c5dbfa44dfde7b06278b9fe269c09d7b7e8742075b3a60eb9b7e633d3441e,2629,0,0,4.194355,-0.28124428,-1.1337054,-1.3213577,-1.4333897
2631,train_images/4350a1b2f3cb.png,2bfa64e14c5d92109fca10fc40632fe044281a8d13fd1ddf88c9bbbe1ed2f1c2,2631,0,0,3.043085,1.1187601,-0.62101567,-2.226966,-1.3040767
2638,train_images/462937ece243.png,dc72dfb19202e8e6462a8754e7683a5bbaa2065854b11c5424c2f52a724a7a2c,2638,0,0,2.6193562,-0.06721687,-0.078897,-2.2654257,-0.19919777
2641,train_images/4aa3d771c5e4.png,7e2cda3ac6f0cfbc1db9cd5aeac8496c2605e1ee4bd0ffbd51fb27ee3c8f71a4,2641,0,0,4.7982388,0.448555,-1.252414,-2.7573261,-1.214416
2646,train_images/4cfd22ae43d4.png,3b2e0a14932bd0a9b987d850450e4017dd0c959d1ca6291e0a621866e9f6718f,2646,0,0,3.817091,0.546422,-0.40275294,-2.8332968,-1.1120558
2651,train_images/50d8249f7bc9.png,666f906aeb5b60511d43bc9978badaff259ffe6e00e212843aaf9e7df9a11427,2651,0,0,4.685768,-0.43018723,-1.1256919,-1.2624168,-1.8354082
2656,train_images/54bdcdecd8f3.png,18e0b2d88a107b2e1433d1e25208ece7ceabbbfce610b04091be6b29cf111aff,2656,0,0,4.5090466,-0.45267105,-1.4485259,-1.4859657,-1.0921841
2663,train_images/5baed382f062.png,2fff17dc3732ffe0a0994026a825d1288217f1cf41a9173212ce758b3f7c9968,2663,0,0,2.0732822,0.047748566,-0.25660008,-1.4179916,-0.43321443
2666,train_images/5de4615a5161.png,50b257593ce23b39d1cc3df0cea5d46856838c471c5ab44bdbaab6836c3b7db4,2666,0,0,3.6451473,1.1377001,-0.818112,-2.8389177,-1.112647
2672,train_images/66366a90d1ef.png,e001182acb9472f76d83fdf8ddb45f08deca7f2fc18ae7aac6bbe359eb450808,2672,0,1,0.8816509,1.822586,0.6380105,-2.8122778,-0.517375
2679,train_images/6c3589d7ed8d.png,324a0d67f126e97d711f61f55ab2b4fba2aeb315818098701fb4f17a175d99ea,2679,0,0,4.9957123,1.2068596,-1.0023243,-3.20827,-1.968318
2683,train_images/6de39b94f634.png,901e34123bbfb88bbc874128a0fe626f0f93700a7373cce2419b9603cbbe5741,2683,0,0,4.3970737,0.09582329,-1.2756779,-1.4927692,-1.6982303
2688,train_images/77e15f213b04.png,259eb33ed9b0a1924561c77561f486385ac2ea012a30bb58c25d8023db46d68d,2688,0,0,4.8951263,0.14496231,-0.93740946,-2.298462,-1.77282
2691,train_images/7b691d9ced34.png,4b256f83d89a4c6debb0444f64489d54466f6cc426c4f11ad2503744497c9635,2691,0,0,2.6926918,1.7792177,-0.91544276,-2.3622131,-1.1742969
2696,train_images/7e77b61e1639.png,3b75d903c4c02733e59831f41ffa3cf99839a6cf12624c22f1187e523d148fbd,2696,0,0,3.533783,1.2192926,-0.6711602,-2.5623245,-1.502737
2704,train_images/8448af27ba07.png,7e53344a60b33212dae1da424fe4df2ebecd4f211b89842fe7cbd64ef9073c1b,2704,0,0,3.656929,0.7543459,-0.87946343,-2.3565512,-1.1555061
2710,train_images/8aa3c4681542.png,110fcfb4056a96ea91fc73cc3c88a3b308184271d99831aab973363b05ba3b08,2710,0,0,3.5741138,1.3249502,-0.44083923,-2.8848763,-1.5564127
2713,train_images/8d9516ea3587.png,4d524cf92ee0a0745c91a8068d0047a9f440738b0455e46510b79ca4e1754e35,2713,0,0,4.3693256,1.4535694,-0.6599845,-3.2094517,-1.9313245
2718,train_images/9287e57326d0.png,ebd485c08d7093f8ddc6ae79cba2454afdbf7c2b9cb2af99b8290fc5cdfdb6f2,2718,0,0,4.4303036,0.0436697,-1.2149423,-1.3591309,-1.8731327
2719,train_images/92e3d608fd3c.png,3a6382e1d4af6b16519858223d01add6a9659dd14f357236c9fb8b9346094e5f,2719,0,0,4.3327274,1.1004963,-0.63587594,-2.71908,-2.0568137
2724,train_images/992b9a07b25f.png,c230db71402e77517757dce3498601712bdc41985f90beeca9e9019e60725b6e,2724,0,0,2.1511745,0.95469666,0.67575943,-2.2600327,-1.4973478
2731,train_images/a1edf0e66592.png,a06f33dcc61abf4c20968ca9e9d39108e22ea1e40620316e44c1e841bea4c2f6,2731,0,0,4.060997,1.1531801,-1.0304017,-2.4641666,-1.6984687
2738,train_images/a73d012c4c38.png,5b1d6b3ad48761f4ecae6511c0946f87eeea48609d727f285251b17894eb9ea2,2738,0,0,3.6974125,-0.049999237,-0.14569122,-2.9787502,-0.50503683
2741,train_images/a88365134c3c.png,e523f6a4ac954dbb490af2a1447d797ac6b4a9448df57e0a09a38c81fcf62d42,2741,0,0,4.664997,0.9424257,-0.70720565,-3.0192108,-1.8586531
2750,train_images/ae58ccb5905e.png,cfdd3bf814f3a7727d113e4ea067194a26f36fa05232611993eab7cd320d1261,2750,0,0,3.9876442,0.98661613,-0.8125123,-2.680276,-1.4628372
2753,train_images/b0b3b16fc305.png,6e53db3aa3b0e818f984b5e85221cf8738397a54fa8430d1b9149411bb17c4bc,2753,0,0,3.4413605,1.1343594,-0.67339474,-2.7575102,-1.1247702
2760,train_images/b9bc81fcb075.png,17501277b038feb10ca285927ffbce786c1bfb9c91f99db8307d6d8ab6c69226,2760,0,0,4.2251205,1.6347494,-0.74216586,-3.3819723,-1.7140093
2765,train_images/beb00fa6e7c9.png,08182d84db4f97ffe0689f2d388db7067426d2a4da530264f0757a6677e819bb,2765,0,0,1.9998016,1.6763105,0.15318465,-2.3395338,-1.4611936
2773,train_images/c3b15bf9b4bc.png,42d1a892a02970423da1b70f78abb3a58f2610bcb2cac6efdf6cc5d6104e3470,2773,0,0,5.4706554,-0.48116684,-1.4764599,-1.8346462,-1.6496325
2777,train_images/c62cef02efa2.png,742c9f2ee6fff4a007561c3cdeffac1694fefad087e5efb33932cbec6a5c3153,2777,0,0,4.7578316,1.2386513,-0.72328067,-3.2864418,-1.9619193
2779,train_images/c98f623d08d1.png,d534e4a9f767877cf2c5b7d4f0a4eca34b47909b96acffe7603f640f30660e9c,2779,0,0,4.2592125,1.0908613,-0.8524767,-2.8415031,-1.6370578
2787,train_images/d51c2153d151.png,4b256f83d89a4c6debb0444f64489d54466f6cc426c4f11ad2503744497c9635,2691,0,0,2.6926918,1.7792177,-0.91544276,-2.3622131,-1.1742969
2788,train_images/d56d32a1d62d.png,d233e28fbde515f4626f4feef8c067570e29fa6ba20b6ff38ef3ac4f6fcb5a28,2788,0,0,5.0427113,-0.15588284,-1.4146719,-1.9966154,-1.4465861
2793,train_images/d871895742b1.png,5c1800cbc263555bfc031c7b3866ee68466f692969aaef97027ab7df236817ff,2793,0,0,4.7807217,-0.024698257,0.048980355,-2.700902,-2.060347
2800,train_images/dee31065f8fe.png,ebc10e0d86549654d8d6453fbcfe520003a028706ad52089f94f3dc7a25e7312,2800,0,0,4.479641,0.73680496,-0.7840915,-2.9566326,-1.4517312
2804,train_images/e2c39ed0c941.png,66ee2d53be1ccfde2d8d6ac7d4b203fcc8578562bf358fa75c691ddde28b2724,2804,0,0,3.3324337,1.0419703,-0.3449087,-2.8072195,-1.2051053
2809,train_images/e893e86dde94.png,b38ea174f9dd04ef911461a0b6bc622cc1a2248eb10ff327226366da7129172b,2809,0,0,2.2955017,0.4771614,-0.5815434,-2.000453,-0.18132877
2815,train_images/eda29a9d78f3.png,233e08243fb20c5ecfef51915acf958772e1a1857b7050355384fec451fcce6f,2815,0,0,3.941721,1.4991064,-0.7570055,-2.838379,-1.82729
2817,train_images/ef4121e9bb67.png,23d50714143a08dd3d3f67478625bffd5a8b62441f2bc8b7b33c15a3f2bca402,2817,0,0,4.3919353,1.2344084,-0.58033377,-3.0412054,-1.9831676
2818,train_images/f0a2dc580009.png,ba40f94225e7876cf63673be879fea75b41e72f66b72bc15849b64a774fabb80,2818,0,0,4.7078056,0.17266655,-1.5443928,-1.5626373,-1.7429695
2824,train_images/f85fd4fac887.png,db08a156738314c0b98cc0833a781a7bd940e48d19030316d225990b46959e24,2824,0,0,4.802389,1.0686445,-0.57514656,-3.2011242,-2.0551672
2828,train_images/fa7fa797c650.png,3b4c1ac29cf9576502f1fa091a7b60c00e1370038e9772247313dba1ad5c72e7,2828,0,0,4.213358,0.33548927,-0.18532512,-3.1995468,-1.1451054
2832,train_images/0124dffecf29.png,9a26f92bda73ea24a6e64f7389cf956b6ee086b09e6d099739394a00c065e871,2832,1,1,1.131485,1.9244356,0.90163827,-2.9216433,-1.0266476
2839,train_images/1bb0ddfe753a.png,c0afb81c27e3ff245394d801accd8e1c3073601ef8d3f378712d8347a2d1929d,2839,1,2,-3.5071545,1.0851574,2.1026335,0.5087528,-0.2038672
2843,train_images/248139c423c4.png,a3457807379253e5fdaf16c20aaa21b50fe7e8069c9f2e52140dc7486e506f34,2843,1,1,-2.3843327,2.467782,1.400771,-0.5410576,-0.9548452
2849,train_images/33ffddea8c6e.png,7c7faed46d15f53afdd6e00e5832fbb0282d940d98d48298b4999332a887afb7,2849,1,0,2.159212,0.56034756,0.5078794,-2.0115967,-1.2051053
2852,train_images/4e0656629d02.png,504ae0b827b25c5ed37d5bc4b12334a4071b8b974883f855cc32aeb726eafe28,2852,1,0,2.3928242,0.17368793,0.1853652,-1.4709892,-1.2530861
2862,train_images/71c1a3cdbe47.png,875f7e33f052ce66187d01240da12b4b4ca0257c7834ae4efeb6da0bc1292f0f,98,1,1,-1.3893871,3.1001863,0.43625492,-1.491909,-0.6698673
2865,train_images/7f60f2a083d3.png,753cfe459bd4f9151ea485cda35476781f9bdce44ed3555da87833247782a430,2865,1,1,-3.3120747,2.289298,0.7839234,-0.8760185,1.0965445
2871,train_images/a2696f444ecb.png,0364bb4b667cf909088e64a0032689c8582cd3093d34632f68bd42005c86587b,2871,1,2,-3.1744137,0.47424507,1.2988807,0.37280655,1.0065733
2873,train_images/b17f0b81dab3.png,45a6f156c46aefc53869e35c077244996518d4a310874c39f7c2e373163ed46c,2873,1,1,-2.1169682,3.3136625,1.1759152,-1.6085606,-0.7818167
2875,train_images/c1e6fa1ad314.png,1548c4ebcb2c2614e8774a88b085e89f73706c6e851bee7f45da5a528deea1ce,2875,1,1,-2.896185,1.3114815,0.2415995,0.29234505,1.0295187
2879,train_images/d4f32b9c07df.png,10f07e48668bcfbdbe1ada981569a4fe2b9e004be907b71d0b87ceb456da098c,2879,1,2,-5.069254,2.0259943,2.6622872,0.79338074,-0.44218636
2884,train_images/e26d8718ca58.png,f8f8a5e81d15873185b40718963c87d89d43cd17c962752a344a9a2a40e17790,2884,1,1,1.1602001,2.0702448,0.37513512,-2.2549448,-1.3303924
2887,train_images/01eb826f6467.png,9b818cb84607d3bb03b6a560eddfb0154da4ddbd79447e2b5ad7b0e8600820d8,2887,2,1,-1.9041653,1.9964457,1.1007619,-0.72885513,-0.47125363
2894,train_images/0dbaa09a458c.png,4ea48a7ee77ecae6d22e6513102d830868ac7cd5ca167d4d5e44f01353369512,2894,2,2,-3.906351,0.87802505,2.0351162,1.170866,-0.19660568
2902,train_images/20c883d3bd38.png,20ca5d282562ebfe773200ff17c2c93f1b53895cecac94d7f6e9cdfb85e8ef7b,2902,2,3,-5.163162,-1.3158178,1.7273934,2.786745,1.9357172
2907,train_images/23fca0693e2a.png,532267f98752b747679c5d89f7019fe92398737988e28cd7c8545c4c3b0e1989,2907,2,4,-5.3103104,-1.1462793,1.0329366,2.228691,3.1655335
2914,train_images/2f9b66784109.png,66f6ab81877a8cc3c94f8d9a455a78396eee14102d270774cea0885a869ff61f,2914,2,2,-4.114338,-0.59541607,3.0398877,0.40523338,1.2431386
2920,train_images/44e0d56e9d42.png,63c54179496bf584617971adb83d6ea2e78a2fabbb8c796cbbff1aee89b1365f,2920,2,2,-2.733101,1.2181873,1.8110912,-0.61063576,0.29868412
2922,train_images/460893cd86e3.png,426af1fbf8cfa58a0cd3788a57eafb77f68f8498e3fc1a0204fd957956583e02,2922,2,2,-0.7102375,0.53231525,0.6864395,-0.25099182,-0.26831245
2930,train_images/523d0c2cb4d6.png,8c619ed2a73623a92282a60dbd5cbfa07daa10f2775757a2610d078fd80ee28d,2930,2,2,-5.4878235,-0.41697407,2.4748242,1.8426247,1.5531936
2934,train_images/58529a8638d0.png,fd681145b57fae00cc5aa2a34a3545737786d9fcb5dd779afe65efd0921f6d7a,2934,2,2,-3.9636822,0.4790306,1.7317314,0.90688896,0.82297015
2941,train_images/62e6f814c8f5.png,15bb222b1acfd82e3cf510e9a9cd734d2498f9550ae0f8527bc7d5a3e51b8107,2941,2,2,-4.456112,1.3259382,2.3490217,0.55778503,0.19324374
2942,train_images/62ecdc90dd42.png,9e75bb38c9a0450ca536cc95357030d750bc969ae3ab0789dbf076b5e8dc2297,2942,2,4,-1.4484463,-0.25585938,0.7669101,0.06640625,0.8562732
2950,train_images/77f69c7ff324.png,ea30e9b8ae11257ad8d29e0c1527c50fd1baefabf7ce33cf6d4310481847a195,2950,2,3,-2.6332455,-1.3761401,0.78466356,1.8830643,1.3382373
2960,train_images/82f2784ead76.png,1fe5502b7186075f1985fea10ef907fafbf2992e67471f709d05c02561f37d98,2960,2,2,-6.3276424,-1.6892219,3.0180607,2.4986553,2.4574962
2968,train_images/8e3b79e1f1f7.png,40438ed806d487a5ea889cb9161650364f60717b7aac18c3842cf116fdceec94,2968,2,3,-2.446827,0.7136774,0.70677114,0.9752312,0.04770851
2970,train_images/913b1890ed1e.png,74cf3dcdc520dc1ccff6ad0be9cb4851de3ada5d7150ebd26571b2d30a91d464,2970,2,2,-1.6850128,0.30099487,1.8146982,-0.46650314,0.028555632
2975,train_images/9a4f370d341b.png,c27ea2913e6311e48e07573df3b7976684aa0b2754e1491ba1be67a9f3375db0,2975,2,2,-5.4431705,1.3511305,2.1754646,1.3844967,0.49273324
2982,train_images/9f5a8665cf2e.png,ed4ce91ad21344ee0441ed7082291b9565648b652967d04e4ff22fa733907bea,2982,2,1,-4.9295464,1.9530468,1.6289167,0.7756462,0.54125786
2984,train_images/a0a0cd8af5a6.png,e173a352afc85c6519fb8e91886430e8de15eedd7f295b55abacf933aeb5806b,2984,2,4,-3.2713337,-0.315979,1.3280363,0.6536541,1.5870299
2993,train_images/ae1344610ebe.png,41fdbbc4a55819dc14251495c37ac915161f383cd6db24c27090377fccdf48c5,2993,2,2,-5.0705833,0.3521986,3.4736288,1.1793613,0.038849592
2995,train_images/b13d72ceea26.png,227bfcc1aadec71c0824ddc524ddc94714359c05a4defa8d704a018e3650dc8a,2995,2,2,-5.5245247,-0.538764,2.4312122,2.206379,1.3944091
2997,train_images/b402b18d99a5.png,022c4d61b79fc0f2397ffb4afa68d1eac6e5201e7fc7ea69eeb81fc7fea90077,2997,2,2,-5.123049,2.0901728,2.2015727,0.63277626,0.16125536
3003,train_images/bf9cba745efc.png,6aa9f51d31a9a499bb9107336636aaa06fe623b46de063785b5246b24c4e06b9,3003,2,1,1.4252129,1.592638,-0.03592366,-1.679348,-1.2978053
3005,train_images/c05b7b4c22fe.png,12a07df5bbe335d27c04b0e874d773c8e525d33e4a0e56dffa0bfa59d8172d46,1004,2,2,-4.136696,1.4126654,2.9752986,0.35209465,-0.6230576
3012,train_images/d29096bd94aa.png,9b20baa943c45853454ba7a9f1c945aab8b2a92c5c6abd79e96cad7773486599,3012,2,1,-0.74114037,2.3980093,0.23471105,-1.4812336,-0.41614962
3019,train_images/da0a1043abf7.png,227bfcc1aadec71c0824ddc524ddc94714359c05a4defa8d704a018e3650dc8a,2995,2,2,-5.5245247,-0.538764,2.4312122,2.206379,1.3944091
3020,train_images/db49cdf1ea64.png,0fe95b82139fb37c5afaf44f507b1f71160a1906550bc632e02bed67c5c4cec5,3020,2,1,-2.4504032,1.5427618,1.0141045,0.14896011,-0.27700758
3021,train_images/dbee04ae6426.png,ab88503a08708b40420fa5919b363e8d3aa86b4900a1c19a406e2f76bc0da93f,3021,2,2,-2.0062008,-0.2825594,1.5556686,0.8768215,-0.1430316
3024,train_images/e1418d28d668.png,85f88cec374a8f5c4629aff83407d53c0c64da27120942a98b3157a04583ba15,3024,2,2,-0.9451599,0.40644932,1.904238,-1.098732,-0.24886632
3032,train_images/f8fc411092c7.png,82bf90c76fb08e37b1b1f4091a0698e2a543c06e74b735beac85ba352670ece5,3032,2,2,-3.2645473,-0.2665949,1.936142,0.64390945,0.93664837
3043,train_images/4c60b10a3a6a.png,cd8c7ed872ae926d382baaaf4b59f84cf842ac017421f053caef04c0aa56de37,3043,3,3,-3.4437866,-0.9890728,1.798048,2.3648376,0.2655754
3046,train_images/71a39c660432.png,95da2854c694e8928a3a97052a8e50b64e2e705a9025f148cc12c7035afd305e,3046,3,2,-6.588175,-1.396184,3.0382583,3.0163803,1.8846076
3057,train_images/b2ffa3e18559.png,9d2d634d05741087b1281acfee319cccd46d11ce8c554d36071478651c487db8,3057,3,3,-4.6030045,0.7891903,0.44069856,2.1730251,1.1759968
3063,train_images/fe0fc67c7980.png,3a2a797082eeeeb9c9411b934f0c24d23174985b80fb965ed6092f01a9c54b4e,3063,3,2,-4.185726,-0.3878107,1.9408629,0.717823,1.8999561
3066,train_images/1fd5d860d4d7.png,cd35ebfb992b5b3e2b6ca54e6805ca37b75462953a230a65e991557c00b017d2,3066,4,4,-2.5132198,0.68705845,0.7984047,0.032491684,0.98221755
3076,train_images/4a3da369b227.png,0e491a7e23234006e730209be24212394d4215c578d27dc572160f7fdccf54fb,3076,4,4,-5.2347775,-1.5977874,1.4957278,2.1193676,3.1852787
3082,train_images/7c629b491d1a.png,601003c0f1e3a703709a5f6614646dc010ef36e17049f0f785bac91539e5d3fc,3082,4,4,-3.2725487,-0.79206085,0.77795076,-0.23961067,3.4964232
3087,train_images/9c72ed6befa0.png,f4918ee8c66948959c87b4c8fd543913f5465c21be9203f24f0e99c01e5ac68d,3087,4,1,-0.52661514,1.136797,0.09297842,-0.5269909,-0.16725421
3089,train_images/a76b69e443ce.png,24a8632bc63b456b143b5e6fdceb903833e646b82c848bc4976ac20aab9e5cbb,3089,4,2,-0.8570328,-0.87591267,1.3980922,-0.27495956,0.6227181
3095,train_images/cbd0870aa933.png,2cb2c999cfd4a9e5bc2b9db9756a365e0b9f8fe4494a6a1efc345810951abf95,3095,4,4,-3.6774406,0.2689705,-0.4698859,1.6401062,2.2146733
3103,train_images/eb1d37b71fd1.png,cc26231741a282105f304fe506ddf245291b1d3066a49dae17fafa1ab41241d5,3103,4,2,-4.588209,1.2085571,1.5159695,1.1909561,0.64356136
3109,train_images/014508ccb9cb.png,ebdee3c68b4102f1ccd72d44b6632315b7a7da427d9c5a2d735a2577fc7b1f13,3109,0,0,3.9452229,-0.12840748,-0.66327584,-2.2541866,-0.8613143
3110,train_images/0231642cf1c2.png,1cecfbd9b8d3830182c66a08553ea5f3bf74552959dbfc488531fcaa22f57527,3110,0,0,3.2343998,1.0109158,-0.28356165,-1.7087841,-2.2225204
3116,train_images/0924cec998fa.png,d663cfc746fee6c9bfe68f23febe9b80d55dfce15c7e10f463bae45810e6ee76,3116,0,0,3.8844662,-0.97170925,-1.0104783,-1.2940655,-0.58291125
3117,train_images/09f1111a388a.png,808b27400843c1616892c84f533305d1ad92c92666c78cc59bccebec345d8282,3117,0,0,3.4164276,0.8459072,-1.0713985,-1.763155,-1.404993
3127,train_images/15e24b73d4a7.png,1fd0e256333072fbc97a3d807a8c02355d1c11eaa58dd4b82dfdddb21ec7cf6d,3127,0,0,3.242445,1.3067522,-0.5875827,-2.4866743,-1.4610553
3131,train_images/178412895d5e.png,a6e9b7f9352e64e9a7b521411a05c3032eecf89a7d886b591ea708b0fbcffe15,3131,0,0,3.1685925,-1.4531374,-0.4198591,-0.30708504,-0.96475554
3135,train_images/1c7a013eeba7.png,535fcc8e19f825d19ef4532714fa362b765c6e5b6fe003cb4726a7d09dcd022e,3135,0,0,4.6080017,1.57409,-1.0411993,-3.4977894,-1.6213398
3137,train_images/1d37f1c8b6d8.png,154f6213556e2a2796f2eefbe66a3cec51a48319c7b4a17c62f4a393e65a524a,3137,0,0,4.1346836,0.9267893,-0.43949044,-3.5013351,-1.1022551
3143,train_images/2209daf71aab.png,457165e2e45053639594465a6caaf474104afc0254124f3c24e8e1b7e7367020,3143,0,0,4.6951485,1.0793915,0.49550772,-3.5563154,-2.675764
3151,train_images/2bb3c492d6d3.png,d4b879aed9b05f813af0479c412e864d7eedab7a20d4bb5f039458d93228ba46,3151,0,0,3.8126945,0.8583088,-0.56969386,-1.9750776,-2.084425
3156,train_images/32d7d360d891.png,b3b927977bda3fb838b6ca03dc615e8e53b677a207d749f42d321b842081f80c,3156,0,0,3.5569992,1.8129015,-0.8316718,-2.549921,-1.9719996
3160,train_images/33e7bf536fc5.png,bfdfa9fed5bc6c18d5ca4d34158778dfb97e3ab1c6c854243e961446483f8e56,3160,0,0,3.3230743,0.85680866,-0.11881545,-3.0686617,-0.964257
3164,train_images/384e6c915722.png,e91f02df2d9ffcfd3ace5f5f0cb73a011666aee3068154a7bc1346f5acaf33d5,3164,0,0,4.670439,1.0136576,-0.4927311,-3.2949114,-1.8566432
3170,train_images/436fa3fd145a.png,46cd31de90dde6497886110925e6f261d319cf61a68c93a80b5960db139b8943,3170,0,0,4.390764,-0.09825897,-1.6694212,-1.5766106,-1.0163195
3176,train_images/46acc506fa61.png,e441944b85c30410cc75abd8d7aae592773be12a73bfc731e40f807bb58994a4,3176,0,0,3.4033241,0.63365173,-0.29906824,-2.824934,-0.8998625
3181,train_images/49e4b95ee2dc.png,71f4095213dab56a8072631819a93ef5f98617291de72eae7ebd153b0961b7ec,3181,0,2,1.0822773,0.65889454,1.2848458,-1.4713478,-1.5272589
3186,train_images/4d1e7def7624.png,ed97fe00e110dea11488e30418ea58d8c9e7078290b0d8024824ad9fc7c296ea,3186,0,0,2.1102295,-0.6875162,0.45827228,-1.1542625,-0.70418525
3194,train_images/529906ff9dfa.png,3e8c17f8574c293abf407bee6a814f3ebbf877b190a238f06348cc2549182fde,3194,0,0,3.8187256,1.4741745,-0.20524079,-3.3355112,-1.736475
3196,train_images/54b322c66d01.png,d366fd0bd38fd053300e005628fb25f55fda7f4560848aed926c5e08b788ac4e,3196,0,0,3.5420284,0.15553188,-0.5577448,-1.6945286,-1.4236426
3198,train_images/5a0fe0ee4301.png,efa55f9d15f09a000ba00b788e8ea87deddfb2a4dcb60d93b741cb69f92b8668,3198,0,0,3.9071484,0.68602276,-0.72937804,-2.528225,-1.3159366
3206,train_images/63e041a757eb.png,edfbadebc1058499d2add76080eb9931ec9fd025d785eb314a0a17bb6e4a8bd4,3206,0,0,4.99683,0.91784,-0.7267108,-2.9582024,-2.191237
3210,train_images/6af071b0ac6e.png,f7b572546c211caec6ba70920b14fbf76380506950e69433d88ec7c08e2c5022,3210,0,0,4.7955914,-0.011898994,-0.6094231,-2.7019205,-1.4342833
3215,train_images/6f460f9968c7.png,221d749b2fb921dafff4d9b9b8a3e936fd4f9ea670007b673c7c552f723575d7,3215,0,0,4.191654,1.6204462,-0.8474243,-2.833519,-2.1107378
3222,train_images/757e39293591.png,f8e21ed7b1390da484d1bfeb4791b50ed812024ecc897796a2ba234931e818c3,3222,0,0,3.2330303,0.851038,-0.39421266,-2.778389,-0.9002042
3228,train_images/7fdb177b8f7d.png,e00480826596290b0d6440adf0ad2657ac8fe3b32c7f126fb56dfc62d6c0927e,3228,0,0,4.4069195,1.1496296,-0.38986838,-2.9840631,-2.1592183
3233,train_images/83fda7c0500b.png,7cd204f578e75c76ecc505a48ca5e3bdf4936e26f2a28ec1a52bf818e24691e8,3233,0,0,4.663883,1.0394287,-0.09144533,-3.3341856,-2.2400484
3237,train_images/894a37fc3738.png,e64b682196e9f40d15c0adc496b604bde754541a86acd1445f42c4596b9dcfec,3237,0,0,4.4457607,-0.036016464,-1.2460674,-1.6324749,-1.4994578
3244,train_images/92889b863ae6.png,b7b7797457088e8761028b0400b3e1b624efb43140581be36723632a26a9a043,3244,0,0,3.195692,0.692791,0.3561933,-3.6091032,-0.6148758
3251,train_images/9910c827e2fe.png,dbbd7336a58d14af7a733345f525138917b2d6bd92c7755ffaa27a5a8271719a,3251,0,0,3.4547482,-0.103487015,-0.72021675,-2.3319426,-0.2875569
3253,train_images/9e2a8135f471.png,aa6adcb04854d242db8e4bb6fb4a981a9002bafd63da383abbdf77c864075d77,3253,0,0,4.0289173,1.1701708,-0.7439067,-2.5703106,-1.8630152
3254,train_images/9e7a63b2fc6a.png,9560d3c11333e881b4c7230972e48a210e4d5b1fb2be4f1a5b442471ff7040ee,3254,0,0,3.10503,1.5635424,-0.3497221,-2.1119852,-2.1771111
3262,train_images/a26f50218b84.png,bcaa7778c843972ee1064422967f1be42c1c79e3088202619a9191e47109d6ca,3262,0,0,3.4238224,0.7923584,-0.73825043,-2.259017,-1.1829062
3267,train_images/a654b25124c3.png,1fcd6ed4591b738bc80d69c364f152941a2f1baad0c8cceab719aeb7d986485d,3267,0,0,4.2941055,1.0683851,-1.1250474,-2.1739445,-2.0425873
3270,train_images/aabd867043cf.png,0d648e7ceb0168316271b39bda83104396b001c6e9c20404f401ab3ca9955287,3270,0,0,3.8855915,1.4068289,-0.58252156,-3.2171192,-1.4794617
3279,train_images/aeccef0bdc26.png,10a7945f22f7847285c3fb4aec9f7f3de9e98b0e92f15914f1b9a59cce5dcfe7,3279,0,0,3.8745365,1.0296535,-0.5969813,-2.5134869,-1.7743068
3281,train_images/b0619ca93a5f.png,f0bdae86d6e079946fd176307fb4971b995748a7e3aae89b09e41f1b327af972,3281,0,0,2.7175903,0.43642044,-0.3402135,-1.9927711,-0.81121635
3283,train_images/b16dd4483ca5.png,efadfaa8278f0e37c4d6152d666305fb8bc3e489f55de3584d15126e408bb5cb,3283,0,0,4.113838,-0.34597778,-0.71534246,-1.3466454,-1.6767797
3287,train_images/b7983cb3f270.png,ced89e727cac2514a773478f0f0f811ec6d13a580de98e7b92f894185770b480,3287,0,0,4.057581,1.4614668,-0.9925255,-2.6413145,-1.8655086
3291,train_images/ba0107fb1bfd.png,26d1310ad0d0717f014086942b5845c785298cd4e165dad3cc026b76980689d9,3291,0,0,4.8519497,1.082511,-0.74029,-2.8973866,-2.2740169
3299,train_images/bff51afc76d4.png,26777d6da821a03b82a46efd52d9099b09b8d6666fa738158f687a5c4265decc,3299,0,0,4.855465,1.5991888,-0.4936122,-3.4831839,-2.4401894
3304,train_images/c6a8f8f998a2.png,1429dd0b6e6ce0dcbe1dd8cda779d88f870fea676889bdfa3377f9a924abba39,3304,0,0,3.8107166,0.7832327,-0.73749465,-2.6025314,-1.238934
3306,train_images/c7d0deb71576.png,377bbcc1893406e6976a8311f77d4caef086d75fedc69b6f6e1ba4407370d779,3306,0,0,2.6251202,0.87177944,-0.26872486,-2.3239594,-0.89384365
3311,train_images/ce6f33a81ad5.png,f26cf626408af39f9f1434608db480f3f869337f69d313b0e27a1078e6ef733d,3311,0,0,4.125828,1.0264902,-0.3552692,-3.1026907,-1.673368
3319,train_images/d3dfd0a2dee6.png,8f7141d54bca095a7de08d2eae7e10120790adbbb8b2f8ca2aab55d00ea42dde,3319,0,0,3.729393,-0.746892,-1.0945128,-1.2343369,-0.6269336
3320,train_images/d436c06f0490.png,888cc686b05ea24ed7ea6213086a50446efef0feca56ebef1dcd19305cf9f8c6,3320,0,0,2.706936,1.2782745,-0.5474042,-2.4741354,-0.94853115
3322,train_images/d6df4fe492ec.png,825c59e676c5127e4896cff851624f288307eaa1d4802448cb995598f72973fa,3322,0,0,4.220007,1.3749905,-0.95396227,-2.6905918,-1.9316401
3329,train_images/db3cd58aa315.png,727db3b6b904f44dc314037a389223ca089c57b0085ebf51f820e4e2a2a29319,3329,0,0,4.0696163,-0.3627081,-1.2507082,-1.0480042,-1.3835745
3338,train_images/e06cccc08c59.png,3fee32dbfd05ad2888c2a72fcd1b18e8c4ac8c16562aef9460d490e2e938342e,3338,0,0,3.3876133,0.7171526,-0.57123625,-2.0649776,-1.4517012
3340,train_images/e1c02f6c3362.png,5df43185ad18ba6e8c510ace968603fb27dd802d7c166f9b8e86d45e3fb5396a,3340,0,0,4.3838596,0.6072445,-1.0382011,-2.1181583,-1.8045268
3347,train_images/ea6a53e54d0f.png,63edf17b177283b948abd10799684e686a5933219033a7011b298ea7f2644a8d,3347,0,0,3.0700817,1.5168705,-0.6501629,-2.167612,-1.7364459
3353,train_images/ed3ce1674761.png,fdcee95e51e8f8c40ad9d8e115243fca6ae7ba86d69e2280c0b170bef224a08c,3353,0,0,4.3369675,1.2733746,-0.8963381,-3.024023,-1.6740146
3358,train_images/f233638e0e90.png,9beea89cad715c03ba6d63b5e22a9d5f88af8151a86e9db95c98938f3b125d94,3358,0,0,4.8403454,0.80634975,-0.87702465,-2.9843445,-1.7424436
3365,train_images/f9d52509c571.png,3972c6955315ba4bb3bcc45db04831ee735a255ff92c16912d11f237ced6e5de,3365,0,0,3.6178703,0.8687048,-0.79196584,-2.8048763,-0.87227845
3367,train_images/fb1b8771c70a.png,d3592ee21d0def092c0ee14b3772ddaced248a07b261a775ba782edbb180338c,3367,0,0,3.9996357,1.3137684,-0.75268537,-3.0527782,-1.4889216
3371,train_images/fca1a8738b8a.png,84a6d55dcd31768a784ef6373340869126edf899ea6c7f553e3fc8c346bf9a86,3371,0,0,3.8266277,0.91865444,-0.63117987,-2.758975,-1.337884
3375,train_images/fe3f62695b2d.png,8acc4c1ed9095469a7e50ea71ac1204ed2b8f07faae07ae5a72545cbabcca6f6,3375,0,0,4.1989517,0.7235451,-0.8056456,-3.1737156,-0.9217212
3383,train_images/1a03a7970337.png,710a5d5154fb8403990f11d2bbb04b9fafb949865e080b93dee3f1483c3d2e9a,3383,1,1,-1.065443,2.959444,0.54754305,-2.0916538,-0.36392403
3387,train_images/35aa7f5c2ec0.png,cb66e86c28ab48f1884c067226847b34c2849713a3ea380fd6a638fc2582523c,1683,1,1,-2.399479,2.1562347,1.0828457,0.21731949,-1.0728321
3391,train_images/384631079d1e.png,1845223f13efaf1d706653c1595d5c01ca111f756f22a31fd823117c8f128584,3391,1,1,-1.7250328,1.5301104,1.3108251,-1.5126343,0.39258718
3393,train_images/4661006f3ba6.png,27bb21e127003b1ade79501891f63f4958b5508f95459121ee42ed98012ed17f,3393,1,1,-3.258503,2.3694744,1.3596096,-0.22361183,-0.26747298
3399,train_images/5090917a2676.png,7f58a387220daba3220d2a2312eddc84f2fbe953bdb4275e4d73720997aa05a9,3399,1,1,0.28410912,1.1560287,0.8132312,-0.95264435,-1.2899494
3400,train_images/51131b48f9d4.png,6e75bc959bdb8b067e277bd45a668401e8b78125e73108c563291119b73939db,1726,1,2,-3.9631119,1.1125917,1.9908919,0.7156162,0.12654042
3406,train_images/6c6efb6b1358.png,64ad60b1cabf6434335e433e9c0d586e9ba9e89b02fd101b527c12ad39bbc6f0,3406,1,1,0.070352554,1.7245111,0.8570471,-1.2277756,-1.4169617
3407,train_images/6d292ca4c9ad.png,040f54b5799203c71aedc640713df9967c5210b502f87b07df3cab177679bf8f,3407,1,1,-2.2286892,3.3189564,1.2252586,-1.7980471,-0.53603935
3414,train_images/94111ed3d276.png,729166d646a820158850225f13c1ea4a1a39da507d06081a98cc4aa0465a280f,3414,1,1,-0.18243599,2.1998606,0.8264514,-1.9628811,-0.88632965
3421,train_images/a5a2a7003d60.png,239114d70c44bb16de287dec448e5ab64b09d2e6d8e82876962e48ccb5ceb292,3421,1,1,-0.89035416,2.2255106,0.25410688,-0.7882633,-0.8095143
3428,train_images/c1ebe785503a.png,8bd8a0b681456b33bdfda828b3af7eb78595e695f01ed004cce4a2fd4e013d9d,3428,1,1,-1.4581165,2.972787,1.3204851,-2.7561111,-0.09404421
3433,train_images/d1cad012a254.png,4025dca5f8bec7c66017347dff836a3054b49fe9afa240ef9e7ad8cc93611538,45,1,1,0.37317085,3.3712978,0.8993336,-2.9279013,-1.7163815
3435,train_images/fd62bd0db4f1.png,c761a84fb2675c0039e0a432494b5f606f16b5bcd7addd135c881698c0f56169,3435,1,1,1.229147,1.600215,-0.0066292286,-1.7668734,-1.0354934
3440,train_images/0ca0aee4d57e.png,b0cb7852d1566b47e20a0a69792e4f1026222fcdd6df97045164b34b0a4fbd77,3440,2,4,-2.4533215,-0.26989746,0.41708255,0.8738022,1.4198672
3444,train_images/141735b57ec0.png,d26a6aa0d46a2a14e5c50c1e9c595dca9ebffc049eb1a605f7738204ac9c2f4b,3444,2,1,-2.5840015,2.3619938,0.7987213,-0.9498043,0.36072278
3447,train_images/188a9323be03.png,23b5009c6e071d47eb014dc75a59268d4a1e96bc21434eec98b50bb7f2b733fb,3447,2,2,-4.871048,0.42541122,1.7801502,1.3876705,1.2415912
3456,train_images/23148a40ecb0.png,1b20076b54f0cf41e1276ff53c57f6f4b0aea7cec00704fb21592307d37c7c31,3456,2,3,-5.5363045,0.539876,1.6149416,1.8249741,1.5195553
3459,train_images/25dc1b41ed9c.png,b32247337f1fe6ef20ab2938fcb589cbcede849fd77ccf4c3a7864db891d8c43,3459,2,0,1.4096851,0.41325474,0.46654987,-1.8903828,-0.3792553
3466,train_images/2c2aa057afc5.png,15f09e0ce997d66519f8b453577944e7e657db2f53903d07b3814e9e485cb6a9,1890,2,3,-6.1483345,-2.3617878,2.249136,3.2349777,2.987882
3471,train_images/388f12e8df0b.png,3ef05c51e3969a01834c63c6e204855abe1e90a2c3414b2b3187ac4e1f4a9915,3471,2,2,-4.7323093,-0.45916557,2.2096894,1.407093,1.543999
3473,train_images/3d3e288d490e.png,1edbb25a6505a2c8af007c78b25426b4d0e30cc921065fe17715d840c186f212,3473,2,3,-2.3088703,-1.0041733,0.66351485,1.3588104,1.2837803
3474,train_images/3ddb86eb530e.png,a473569667edc2fca2ad60fbf382bafa83e842f381976111fbd112aba7b1130c,149,2,2,-1.8100376,0.77372265,1.0419939,0.615118,-0.620816
3479,train_images/42b08dca9b2f.png,38e41ad33c7ed17fca15ce782fb09e9fd934b4523fafa3c15e6a0e2102891195,3479,2,2,-3.3092136,1.5550327,2.327713,-0.31993866,-0.2729287
3480,train_images/43fb6eda9b97.png,db77265cee9f06464bb248697f7b4dc7a66abcca758d48c1c632b39916eda082,278,2,2,-3.4849796,0.83926773,2.2444506,-0.050502777,0.433537
3487,train_images/49a4765f8822.png,12e32d50b706354ce30bd18b7d7927b64a25fbf75f8b1f72f8f57bec452fa4b1,3487,2,2,-3.2858734,0.8427725,1.9279885,0.600338,-0.10502982
3494,train_images/521d3e264d71.png,3a2a797082eeeeb9c9411b934f0c24d23174985b80fb965ed6092f01a9c54b4e,3063,2,2,-4.185726,-0.3878107,1.9408629,0.717823,1.8999561
3497,train_images/594f69b503ad.png,a6d6db6984c3680f4d0ff30ecadd85c0aa6c7c14ad93bdbbca508a32ad69a6fb,3497,2,1,-2.4937325,1.5589046,1.5412786,-0.52114487,-0.09614658
3504,train_images/674057ab250c.png,5342128f7151e97766f089670db1e7af46083aa8276cd2046b07e26d733c9f08,3504,2,2,-1.8149242,0.6396313,0.98550093,0.6875324,-0.4973464
3507,train_images/71e4130bf5c8.png,419afe9082d107e71604f25e0600df5b4fa28886c1582a4387c460595a59c05e,3507,2,2,-3.926897,-1.1087885,2.829119,1.2513218,0.9337697
3512,train_images/77543f66a84a.png,cb01e934274d8dd99dcda6daab41971f40939cee1bc27fb300daa34fa61c9b49,3512,2,2,-3.8980122,-0.05471897,1.8427608,1.1987534,0.8853307
3515,train_images/80b5a9519aec.png,af7273352117ace4fc4ad5e8b112408c4f6362aaff5cb0fea05bed80e4d3c30b,3515,2,2,-3.286274,0.14409828,1.5122395,0.5937729,1.027798
3522,train_images/89d2a7403a06.png,9b58f2686bbe38f99e8f15751b3cd7b72eb0f25b0f3e83636d125a82c425b1dd,3522,2,3,-3.7319012,0.5664015,1.4802188,2.0780735,-0.40198898
3529,train_images/96c3e3db68bc.png,31e966db449659de9780b36c7333a7fd77690b3e8a800fc7c86f12e1e120af06,3529,2,2,-3.4656792,-1.4992609,2.066608,1.2478638,1.6388958
3532,train_images/9a3c03a5ad0f.png,6cb1a09ca80760ff37b9c995489e97a219747b87f533bcb6fe95ec522d99bfdf,1422,2,4,-5.484171,-0.16056252,2.003519,0.6867657,2.9243782
3536,train_images/9f436886e056.png,25e1f6b090206bbd6643b3ce4fccf98f6c15568a6eec2dab566698f9e0f92703,3536,2,2,-1.1157379,-0.50586224,1.0448071,0.18580246,0.37830043
3539,train_images/a125377fb985.png,889b21c5a859a542e52e039ae4edfeaacd79bcfb246a1b6ef816b9f7e9444e3b,3539,2,2,-4.7568035,-0.6983595,3.5217652,0.34739494,1.559083
3548,train_images/ae8424cdb029.png,a67d703155199da1730a8e2c33926ba80a7bad34d3f69a16e8aa284f3920f8a9,3548,2,1,0.35899734,0.9599142,0.097519755,-0.51208115,-0.88643646
3552,train_images/b83a6eca125f.png,96242f78a81448b9066c0ef018d00eadf09479d4e0d58a2383a5341a61abc837,3552,2,2,-5.2200375,-0.92233276,2.5593266,2.1855392,1.3680265
3558,train_images/c613db1cab27.png,21aa01c9ef4bb8d0e2299be78cf7b986d0b2ef19d7b1a8d4a2d769c681c8b58d,3558,2,2,-5.45846,0.38333988,3.0156045,0.51130486,1.5175229
3560,train_images/ce887b196c23.png,50030ec7d40919ba8ae7ecf7cc145950f1cea65f54da0ed9630dfd3b31c9a026,1949,2,2,-1.8588867,1.4937057,1.666635,-0.59126854,-0.7197354
3566,train_images/d95959798b57.png,454041f3d5fff4ca2a175384664385b7896ce48b9e592a16c9f4f45a83a36c7c,3566,2,2,-4.218836,0.032933235,1.8155818,1.7963696,0.5504246
3573,train_images/e150935f66a6.png,6f808ba4ad272e571741eb1c2ab70bd092cc08df2832372ca2e0fee14f756c28,3573,2,0,2.1917381,1.4473,-0.17918205,-1.8780165,-1.5742817
3574,train_images/e1e490773462.png,8bcedee86e062d7f06383f27b152ad428b2f3a7f15a1712eafe0aa1ea0639af7,3574,2,2,-3.6756306,0.44272327,2.8526213,0.47042084,-0.10881281
3580,train_images/ee02294cc3d9.png,58e048bd8fe956db6c1a8700cacb5190c27e149fff4ef7b02a42bf948184646e,3580,2,3,-5.382658,-1.2477579,2.4019465,2.4515705,1.7413063
3587,train_images/07a0e34c8d20.png,53427359e3ec16c1b0118b091645a78e5e39fdf78f446961edcaf81695032f98,3587,3,3,-2.0045242,-0.8471813,0.82477546,1.4520054,0.5744536
3592,train_images/3f49f8d100e9.png,651b5694eeea55ddb4f73942c1d0c8000cf553327173f683b5f0e90274f03059,3592,3,3,-3.8471127,-1.6000156,1.5201373,2.788042,1.1264687
3597,train_images/6a244e855d0e.png,c51bce902a5e1936a853796595fd0c6b9f9abaf2eb8af6544e594994f28616da,3597,3,4,-4.714699,-1.036314,2.498338,0.6366253,2.5771227
3602,train_images/996f57c86ba5.png,49f42b769e09aa2317d42976df8d042ec0a76b45c3c4f0ecbbd1d91d58d9f841,3602,3,3,-6.886856,-2.7153473,2.1728408,4.0451527,3.3448143
3609,train_images/c5a9ebef1517.png,98cae97e3df473aa16ab3253e4fcff64ec5a3d01b9ac4c9753a80b634099a35f,3609,3,3,-4.4233627,-1.5707712,1.2322881,3.287817,1.4560478
3613,train_images/e32a359be36d.png,d8cbbedd343d5d5a54e6a432e647119f1e417d1d69ce39ef9d4b3c739701f07c,3613,3,3,-3.3848305,-2.9880128,0.9618474,3.1998882,2.213224
3620,train_images/247e98aba610.png,8946e9dd12fa81050651c7f084ce6dbdc37e0898c428ea04c13c08f664c7cd8d,3620,4,1,-0.020000458,1.3473768,-0.1932626,-1.2728539,0.1423595
3625,train_images/378963f9df22.png,30699355bd8db1414eb04a31aefc2143c0f7a16cfa91a0afb8944b590d02a144,3625,4,2,-4.8681393,-0.25100422,2.6097116,1.3575478,1.1271889
3630,train_images/62318d514160.png,12bd521651d85f3b1b69c02205712c3fa72b6e7134f42169e34c3d9ab4df6854,3630,4,4,-3.7479382,-0.17720509,-1.3799343,1.5406704,3.7415545
3638,train_images/7c90ab025331.png,97c93f4b2d51bec03fdcc5ae3702d6b95ca4379d37ff73d2d64c40fc8510b06a,3638,4,2,-0.053840637,0.3230152,1.0930352,-1.681387,0.32560396
3643,train_images/95e732e043a1.png,fd02d4b68f57de329f2ea34a001647b87d1178630a20d710aa0374cdf0558ac5,3643,4,4,-4.7969112,-1.2409339,1.8303432,1.7925415,2.381293
3647,train_images/b99afe7137fb.png,522324968781dde01fadda272b8e1aac9e8cae8c018dd804af15802f48ba8178,3647,4,2,-3.3313885,0.27637386,1.4586343,0.50481987,1.0852189
3649,train_images/bd9904495ccd.png,569c78dd81b72b3e155e0b5df8bedeee4d120681a1ebe399f55d19e74094cbc1,3649,4,4,-5.7975636,-1.5956688,2.3959532,1.9769917,2.9786787
3653,train_images/c62585bd68fb.png,c4d0737526edfaa4d8253650f2f7edd91b809fe02c800586b013cc03acc255a5,1478,4,3,-2.6030445,-1.282228,-0.16552216,2.2338943,1.8127146
3660,train_images/ef26625121b3.png,2e74a714f119d798221fdd7f62e3189597e727f435ea56755f4e4fc74d851cf7,3660,4,4,-6.51289,-0.39418793,0.008425832,2.9457169,3.9033208
