pool_index,image,pixel_sha256,sensitivity_group,target,prediction,logit_0,logit_1,logit_2,logit_3,logit_4
5,train_images/fcc6aa6755e6.png,b69cbec9f6650dbedd3a7b25d5ad967edfcdf9703339386b961add102c45fd45,5,3,3,-10.077904,-3.6176262,1.2892094,6.4183292,6.0990305
10,train_images/92f313287a29.png,d2e4184cb90a07f628a8a256dcddc994ed3cce4cfd473893af68a36c195bf8e4,10,2,2,-5.5948105,2.3986893,3.4792557,-0.20054436,0.043441534
17,train_images/de2eb5c8aa83.png,3519034420628044a80cd8b2ff731b990cb7d77ef549c8ac285221de8f96b71b,17,0,0,7.264263,-1.3074493,-0.84077644,-3.0013447,-1.9617143
20,train_images/f451eee2b66b.png,5612000ca8235774433fbbba2a32024ea7e9267201662c7cc1a45a414a8a5859,20,0,0,7.0499344,3.0245514,-0.8562393,-4.526106,-4.5604877
25,train_images/39923b29988a.png,3f205d8479b92d28afa16895d295d1f4e61030cb879f1feb84dcf40d6d1ffc55,25,2,3,-7.3750153,-1.781189,3.1983185,3.335062,2.7479906
31,train_images/87a9f4d20f07.png,2455640ca2db1a0f91f96d825e4073be9c3cd8ed51c76227c33394b526e7ffea,31,0,0,6.474949,2.5870743,-0.9530983,-4.133213,-3.8438263
35,train_images/1002f3fe38f0.png,25347fc0830b432a087a3939738bebace38504a817a1eaa3c61d060318e7239c,35,0,0,5.1211357,1.7198029,-0.1698494,-3.8795986,-2.6563401
40,train_images/22895c89792f.png,58dfbe7cbf3ff3072c0e329a333ebf5074020b8abba2ba00bc2400b90ebec788,40,4,4,-10.394485,-2.5357857,2.8094063,4.1797314,6.044996
41,train_images/f4df3d86688d.png,034f22bfa60d9e20448471fd112f4557c0a8a16cf0b16b05666ba0cdd6fa689d,41,0,0,6.5438576,2.12529,-0.7067051,-4.2530193,-3.5800943
48,train_images/63a03880939c.png,12bb56f380cecca7aa558c03446098950cf06a2189238343f607bba494a5501b,48,1,2,-2.4093475,2.2322464,2.421135,-1.7822895,-0.3251171
54,train_images/5ac7a414560e.png,39d0d185d2de8e6b184d9911012676a4133b00d1f1ceab09de75cc41b6a14fa0,54,0,0,4.187729,1.2351761,-0.5318165,-1.8636074,-2.8910127
58,train_images/ec0c9f817b03.png,df11a3ec98921dbf693612aac315323da11d8f2cee58bd743b0ef7046b3c40db,58,0,0,6.517208,1.3168678,-0.43875885,-5.104124,-2.1636438
63,train_images/59928f999ae7.png,ad0989c9b886499e709aa424103d3bf3d017ee6748ad92d272bdabec65a64366,63,0,0,6.1396255,-0.60061264,-0.8934612,-1.7071686,-2.788495
70,train_images/278aa860dffd.png,6a20c25aab24f0b886ad537fcf5bb9d558434fce0f27c7b8ebd149fd5dcccc00,70,1,1,1.9886131,4.459244,-0.10437775,-4.5445137,-1.6566448
75,train_images/2b3a4a81d748.png,4902bbb301282c6ddd905e9ca3a5ebe2d9ab2ac1eac7af93c93206bb09f846bd,75,0,0,6.15361,1.1698341,-0.49203682,-5.115965,-1.5825863
80,train_images/8bbd7835e9aa.png,b38811b00086fbf6efa61f9ba7b2baa98c9e088c951923fb71781cee22939c30,80,1,1,1.327343,1.9808769,1.1185417,-5.3522224,1.0724275
86,train_images/6e018411ba4a.png,82dfdbf559fe0798c189435496cda646099b2014bf140b6249754ca5da27d58e,86,0,0,7.820183,1.0713959,-0.7638092,-3.9358368,-4.0336323
95,train_images/f8cf7ed8ef00.png,4ae5c3c232e0fb22b94409146e80925117a6eccc0d3c9eadce2501795fc6021e,95,4,4,-7.0861435,1.0725365,1.1693096,0.8812275,4.0777764
100,train_images/d10ef306996b.png,04e63318934dbaf777231dd5edd8c7ba2ad9521d5580ad811775bdcedd743bde,100,4,2,-5.36425,-1.5437012,4.427809,-0.039100647,2.638729
105,train_images/8d3d67661620.png,c6488b9dd6b0c0891dcf85c042d907d6f7784c1271b1172729d0ff4b58768a99,105,2,2,-5.2806625,2.5905647,3.1501484,-0.18666077,-0.15660286
107,train_images/8ac0c44bbf24.png,7ab093ff2ac69f5c99b4423053628e6ddb98d7dd6fd3ffdef9f7d06a0b1b77bf,107,4,4,-10.373665,-2.597107,1.4243774,4.9874363,6.6651545
112,train_images/73ef3c3dcbe4.png,a2808f10e884b212a52edada5ac4616f255323288247b1eda85cb818bb41f442,112,0,0,4.960827,-0.11620712,-0.609148,-2.9808865,-1.0853224
114,train_images/c568e5245ea5.png,9fa965ebbe7e24c3ab3d5161cfaa523b86640bf731735216b8b5e8e47b41215f,114,2,3,-8.811867,-1.3437004,2.3547993,4.217024,3.6842866
120,train_images/3599029efeb3.png,4093878eca58e451f72527fc816faea10782fbdf336f70f758bc95d1408b2785,120,0,0,7.881054,0.3773651,-1.7727623,-4.2082386,-2.1003208
130,train_images/af5a0bc4e1fa.png,57619e2a6362d873cc9d34cf5d369ca0addfef3886632c32417c15131dbf59a8,130,0,0,5.350956,-1.2961426,-0.400692,-1.8812237,-1.607985
133,train_images/6cbc3dad809c.png,efd1d94c3d605f12df09ec10367edc50642dbda4333c4e929976c577e5f772ac,133,2,2,-5.6963654,1.4793663,3.4235783,0.4129982,0.50272536
138,train_images/a4d41c495666.png,e43456489dbf400967696ad1b87b0097ecf8015f24247b79640e96c630d20987,138,2,2,-10.241699,0.59059906,4.912863,3.1472683,1.7117336
142,train_images/b085caa513a8.png,0e90f3dcbd80df4ef5b20f509def96155ebec789294c647cd949d9bb72be2328,142,0,1,1.6145096,2.0270157,0.49434853,-2.7434788,-1.2336569
150,train_images/283c3aeba594.png,d99f8306a6d1524a9eaa3e8af60d8f5f6d5f60e7671179a581a6f25ec0a1ce82,150,0,0,5.5824585,-0.8158722,-0.6972275,-0.17618752,-3.7388096
154,train_images/85f99e7e4052.png,bd2d475379c285391f022698dfafe2291c23896275b37328756b2e3d7fef1997,154,0,0,4.45982,1.2825012,-0.12031937,-2.0603714,-3.3862395
160,train_images/b8ac328009e0.png,63d7b5c9ac929e83d6ba6814516b856d42371fd4b1acfb667379a4c7f5f0ab87,160,2,2,-9.18631,-0.19673538,4.8179035,2.7020473,1.958144
166,train_images/48543037d0b3.png,09a8866c8e7d43a632620799303fc287ceda911aa37d8853c05615475d7b954d,166,2,2,-6.912323,2.341751,3.1430492,1.7533512,-0.21189213
170,train_images/f06e7a9df795.png,9244a7fa3423c8f66d5d13289ff27f540daef0e7d90e32421ffc0ff99c9d147f,170,0,0,7.32555,1.9198647,0.14003181,-5.905266,-3.304988
176,train_images/3abac0961bfd.png,a17163a7a831dad1a163d4bee0cb3a27908fc38c3aca2cb20387acbc6043d731,176,0,0,6.3030777,1.5226593,-1.3661327,-3.6852741,-2.641006
180,train_images/9ba469af2980.png,c6af4994727510c45ed2304c2896efbfbf3dacd5d2c2263395b186c88953def8,180,0,0,6.545494,1.8922844,-0.76127243,-3.478527,-4.0314455
185,train_images/cd01672507c9.png,d843e8ce4d772dd6f081611fcd0873e7d589d71b80c18b89d2f9c3504c1806e5,185,0,0,4.7200127,0.6639595,0.3066063,-2.572626,-2.9589596
192,train_images/f48241b0c995.png,bd795487787b4d743c834228c1116b7f1b93171ce147dbd2bcff1e6e40d28076,192,0,0,5.3775864,1.2731552,-0.7688427,-2.3796864,-3.3582163
196,train_images/1a19f2ef4472.png,f9a35d2fe27405fb6485975dec7cbb8c343cc819c7a5b0b1a328681dfd9d1e15,196,0,0,3.1083374,1.4324074,-0.4301281,-1.815422,-2.1456623
197,train_images/5327f88a1919.png,91850561d1b3b288f21a02c733a7af5a61f068605feebb04ecf0b001de691a85,197,2,3,-8.115997,-4.671749,3.293085,5.430502,4.2119813
203,train_images/92587e494d51.png,e9c6bdbf48cb24e48bec4b46ad9c6db9133a3537cdc6fe6df0565abf259c86b5,203,0,0,7.6489525,0.040412903,-3.3870716,-1.7152214,-2.438774
208,train_images/e66ad813a508.png,51e25b72d84f8bc9d19077ae1d327944629393cfb67a41915a0dc72c4ab3ab95,208,0,0,5.9138107,1.4253464,-0.14745903,-3.4775257,-3.5731335
209,train_images/d48178e4a49b.png,8273cac44e116e1f28200581ce17aeb07ff54d9aab2531c9cf3ada2c6db67ef4,209,4,2,0.26573563,0.21580505,1.2289696,-1.4709282,-0.08534145
214,train_images/11242a67122d.png,e6f9745fc366b3ec1bfef3ede76b78ad12259b256daf7f6f10b8c31d28e6c910,214,4,2,-10.163933,-0.7937088,5.7503157,2.9100628,2.406262
218,train_images/49d69c4c6290.png,b644d1b5839bb58e0905ff6dca7ee45ed9cf8ee4579f76cc3cbc00bc5dd1e32c,218,2,3,-11.27359,1.4431267,3.9120388,5.7277126,0.284559
225,train_images/c56e65f74187.png,4dbfe19a5b8613e4349d7fe545063c118a401f8cfcae003a7f05c232287384ac,225,1,2,-2.4234543,-1.6750946,1.6668758,1.1693554,1.4313736
230,train_images/ed6bd9293a89.png,0d8b49b59fe05e8a729ad326be66cc33755d23211a4b795c4de3898a0d426d1d,230,0,0,5.848381,2.2746925,-0.6347065,-3.7343903,-3.6193566
235,train_images/8f10e41a2f02.png,b7abe7dc3c50e32d3128ee1f786d9d2cc7015facde1473c2c5840e4416b9ef94,235,0,0,5.3526917,0.608593,-0.55799866,-4.296976,-0.9745693
240,train_images/98e8adcf085c.png,e79e37bd22b14bf7ad3a8887613754c8c1e094a5e12579d7ab294116ab1bec6c,240,2,2,-8.108582,-0.3417015,4.3994236,1.6476498,2.5349572
243,train_images/9d1feed37610.png,9256925a7578b49cd2d84603bc684d763d709a84f347cd805ae0cff692a13975,243,0,0,6.500801,2.4353828,-0.07007027,-5.3452454,-3.3931684
250,train_images/a3b2e93d058b.png,201a094b95dc5b17adab0a7a21418eac1be329ff1e99ad79e2c5587cc50fdf03,250,2,2,-7.9799805,0.36462402,5.3107967,1.2948494,1.1403849
256,train_images/1db18bdd43aa.png,544f28efca262ec3bc46bc8dfb2a85c5737ebf28f9b333dd6004c5ee7e13a946,256,2,2,0.98721313,1.4984169,2.0194569,-3.3109436,-1.0246005
263,train_images/8191ae701985.png,a78aa941512101fe2cb62211b55ceb7244ffaab272be4e184d01143c3c63a85f,263,0,0,4.80756,1.3616791,0.12580109,-3.8432255,-2.2762384
265,train_images/c26f98f58350.png,0853462caf66aa9a11cb49bbd6473f6e7b235bdf5315f393052cc93549096e4f,265,0,0,4.2065163,0.41968536,-1.4808826,-0.65008354,-2.3479562
268,train_images/5e505e25cd3e.png,581bad6a990377e84b7b81c1290e7dae3233db779cbdb61fd2cd649ba629a5c5,268,0,0,7.3592987,0.24702072,-2.814602,-1.0477257,-3.5963774
274,train_images/efff2f1a35f5.png,55069f5fb3b6629d94d10b89deffc1f46797eaaccdc121284f8824a5d1b87ead,274,2,2,-6.2093735,1.6115799,2.711094,-0.25348854,2.2566612
279,train_images/ee78ce914066.png,0117532d34ca6b99984048a1ef1781f6f4fe98c0bc93c028422784737b0e9567,279,1,1,-2.2389946,2.4543,0.78316116,-1.8274364,0.9625888
283,train_images/1dd9adcbfff4.png,097b6aff03b5d166df78a1d8a5085803d3c6677fb34d5997f69c3e5f326526ef,283,2,2,-4.3589935,-1.4960709,2.9090405,1.3629627,1.7032554
291,train_images/98d41bce73a8.png,b78ae5ba68fca9cec3ad7bdd2158da5ee8a8346c4e9525f17df7ed3dfe0cbe64,291,0,0,5.402775,0.864666,-1.0878277,-1.5907059,-3.4439402
295,train_images/35df2bc6ae95.png,dcab6a127b5168bb838c11d69dac50d83088417245c4dd04ee83bc9296f6ad24,295,0,0,5.8616943,2.5073433,-1.262167,-4.1482544,-2.8262968
299,train_images/5bea250d8bf5.png,f8f66583ac1603e4c6fd6c9a4ca693825e9a492bc215e26a55496e4a133ecd29,299,0,0,4.440548,2.4819489,-0.6733513,-3.4512482,-2.6681533
309,train_images/c76664770c07.png,99143b6b44a0cc673f0269527210885c41d3171339e6890773acb31c6963fce9,309,3,4,-8.073921,-5.19281,2.163206,4.156431,7.083022
314,train_images/33105f9b3a04.png,d8716779bd82ef4fdc2d566c74a33bfa83c30a240536b0af716889f13568a543,314,1,1,-3.7982216,3.6954994,2.1316223,-1.4461422,-0.4682331
319,train_images/5511f114e7ee.png,fd5b9187235a64637733db4c7347066043c9e36c05590c8fcc0b8d941c05d0b2,319,0,0,7.467575,1.0918236,-1.8969364,-2.311369,-4.206627
326,train_images/b6a0e348a01e.png,bf8c26a1da5d16da9273c19cbe5508137c334f933d3c7c1f2abedf0b87c45539,326,1,1,-4.640167,4.5979156,1.9935589,-0.052854538,-1.7496619
329,train_images/d881c04f01fe.png,66035628a9be8d7a48dec7a2ed63c8d5dc4319ca05b659f4484e1eace94b03f4,329,0,0,4.490406,2.2832985,-0.21967316,-3.8340855,-2.58811
330,train_images/3af9aaa880e9.png,c0d62901d9c2c01edc5b70179332b768b707db752f371d9ec5314c7219ac42ab,330,0,0,6.929493,1.9757805,-0.3991394,-4.5529194,-3.8176837
338,train_images/5486da4273d7.png,9585ce64af838e38f9f3845d8832bb2238364f104b8bff8a52e0615a93b6b150,338,2,3,-8.430511,-0.85136795,2.737751,3.8423672,2.8286312
341,train_images/7d0a871c45db.png,f8be9845812647ce006eb8978000392fb0733899ccc1703529dff22f45b34af2,341,0,0,8.528614,2.0950546,-1.1179657,-5.3353195,-4.035054
348,train_images/5671eb95512b.png,64bcb7a926e50038e0df84a4402ecb66724229998667447fcc502788673d2dd6,348,1,1,-1.6513672,2.1876183,1.3801022,-2.3749523,0.5915313
352,train_images/91e2c2890c9f.png,7421c3ba2f1f8169073c890e4858dd23e4856aaacdc8820a1195033062942985,352,2,2,-4.9717674,-4.8821945,4.467943,2.7467327,2.7883854
354,train_images/f0546a45ef10.png,d02ce8d9678104a733b59e5dbd1609184499a66f6710e9a9476970d2a9cb84c9,354,0,0,6.087017,0.3333168,-0.7996006,-2.563343,-2.9205265
365,train_images/0790515cf5af.png,984725cc8b48dc90e931cc485f41c65d0b553807d0368dac38e45ae27faab380,365,0,0,2.4013863,1.1382065,1.0650024,-3.29311,-1.1868172
370,train_images/9a56cfb980ec.png,1523ce95eaac437dd0f89fd1fd8820d7994a494d73c94b5a93f451e6228106c0,370,0,0,6.9562187,0.15806961,-1.2108345,-2.3691368,-3.3850527
375,train_images/55eac26bd383.png,9714add774e393da26d0f1ce9fd2f53ff457e97e14ac3eb5994ed8d421091979,375,1,1,-0.037685394,4.3397255,0.25154495,-4.4367447,0.01908493
380,train_images/8ff2733f6aef.png,91eab1ba774beba7ace53ac4ab52e3665f0b7c02b6f606dc71893527a027323d,380,2,2,-3.693203,1.4811592,3.2044582,-1.1944561,0.33383965
383,train_images/921433215353.png,071387b933359dadc7d6a87bfae2842382428cd56772c74770f2225c1f7318dc,383,2,2,-5.4540405,2.023449,3.3460321,-1.3401184,1.5423784
391,train_images/a56729de89e9.png,abb51e073519dd2446e1fb5e08e3b738f261725817d6b9dfaaadc9d5eabb974e,391,2,2,-4.1546707,0.37871933,2.7735462,0.2471466,0.86612463
397,train_images/b99c825b93c5.png,c58f44f12d0b5bbeccb3887dfd454bc3ab5979dbaa8953f267cfa35c7b22fbb3,397,2,2,-8.394844,0.105327606,3.9944038,2.9249668,1.4949481
399,train_images/5eb311bcb5f9.png,56d3ec0418028c54bc200bb083f8a8b274550a95931877fb36b6c1033e531bc8,399,2,3,-7.46138,-2.8178177,3.2006016,4.7794056,2.4195626
400,train_images/40140a925c43.png,2b99a0b4cae8f3e721fc935e61c198e5c4261a600866172471a14f7a8391ec38,400,2,3,-10.43161,-0.36878204,2.527132,5.775503,2.595277
405,train_images/658ad9f09f5d.png,a51ddaa012fa0616de1f239bb98ec37b1ff5ddf6fab1fc0b6d00d62ad8d42021,405,0,0,5.6107864,1.0496254,-2.5137024,-1.9903469,-2.0106287
412,train_images/fe37f4492920.png,c83fed496de3b52aad1469ce13504959b48f1230cd552fbc8be7697318f5bf96,412,2,1,-7.1240387,2.8585205,2.2607956,0.4275341,1.6834259
417,train_images/1dfe599d12a9.png,d2f21d8746b73adbe8c4dbd551e56f1bd8ebcd35a4c579ca19af48883bcb518a,417,0,0,6.7105827,0.6100769,-1.4187737,-1.462759,-4.288042
425,train_images/3fd7df6099e3.png,201a094b95dc5b17adab0a7a21418eac1be329ff1e99ad79e2c5587cc50fdf03,250,2,2,-7.9799805,0.36462402,5.3107967,1.2948494,1.1403849
426,train_images/8ee50c26fc13.png,a4d5ee398b0e179dbe2d833a0743d4e0ec793d584969a1ac97306884221c7629,426,0,0,6.9806595,0.96642685,-1.534956,-2.0687943,-4.1886196
428,train_images/19e350c7c83c.png,cd834e9d9e273765341d800ec2865100caac308e80d9f16c66e4f57892b2ca71,428,1,1,-1.3807373,4.631054,1.0995884,-1.8167381,-2.4077425
437,train_images/ff8a0b45c789.png,4f3870a6a8e76d6a3298870ab990582d1bc7d70179edbcd03f644a9012ad4062,437,4,2,-8.786644,-0.648407,3.8820944,3.296465,2.3650265
440,train_images/f42b693a9414.png,ef531eac5f69d1acbaec1a2f9e9ae8925af9e867e5f6bf5c6ec7259bdea5d15b,440,0,0,6.959461,0.030639648,-2.5379982,-1.5742092,-2.7238617
448,train_images/39fd8ef3a45c.png,3a7847fb83048ae61e5d6fe8524d8269bd89aeef83a05fa6038267a575a67917,448,0,0,5.088833,1.7411575,-0.30491447,-3.6484032,-2.7406902
449,train_images/599498e9e4bc.png,f4da283260019583f7487e9fde10408b82f0c70992eb4b1fb108099aa42e234d,449,0,0,5.1341133,0.9034462,-1.9514275,-1.2884464,-2.6500616
454,train_images/6b7cf869622a.png,c51e01680d7ad830f4591432953eac494bc98c172d9b97e781395ad26f8081d2,454,2,2,-2.5592575,1.8186035,3.3799143,-1.4952698,-0.9795532
457,train_images/ddb222ff7c1d.png,8f7f1a72cdf931a9696b20647ffad600596e5f74769ebd42df2d04e49ba14d1f,457,0,0,7.2236824,1.882225,-1.4984798,-2.522894,-4.937792
468,train_images/88e5051f65bd.png,bdc64072feff821beaa91f08b92bb26d1367d45cb4fe31c6a74060358163919c,468,0,0,6.6767006,0.16410828,-1.5315857,-1.6634083,-3.4919786
469,train_images/838b3e4d0bb4.png,049319952ccaa10bdafea11ee268c8d0ba6e23e14edf9b8c1f1d5b910264e39b,469,0,0,6.466511,0.14572525,-1.0532742,-3.408636,-1.9854383
476,train_images/194814669fee.png,60610c342a58551561c323a95835c4b3ccf3f3f79761a14d0568023b428b99b2,476,1,2,-5.0823517,2.4192238,3.018158,0.22361374,-0.44427013
478,train_images/bb11db08584a.png,29502ef8fa00753a37472d26a3732cdea1756373d7810cf32b9c0528c6eb2bc1,478,1,1,-2.2140465,2.5097427,0.1912384,-0.8106346,0.4675362
482,train_images/05a5183c92d0.png,12bb56f380cecca7aa558c03446098950cf06a2189238343f607bba494a5501b,48,1,2,-2.4093475,2.2322464,2.421135,-1.7822895,-0.3251171
489,train_images/0ae2dd2e09ea.png,3a9753ebb23c971263daa6851bbc2ad6558f10df26a82453925d28939ad6e131,489,0,0,4.4680634,0.36692047,0.0978241,-4.0202026,-0.7785034
492,train_images/a8c950a99107.png,ef1b08a01d6f5af47bbd2a6efc14104a45b0b2fd5692980cd68f9e0b0998dc93,492,1,4,-3.4415169,1.7474518,1.6651917,-1.7814541,1.9334741
498,train_images/3a61e690f4bb.png,2135079865f19095bb615f923d11e11fe4a6e2050cd18d11f5cd568ac10f95e7,498,2,2,-5.007595,-0.016532898,4.5568504,-1.3967781,1.995249
500,train_images/a8c9fcdbc0be.png,8e40ccf77412c9d6f642236d82357028febb448b0c7d7e3cca869b4f067a6829,500,0,0,4.264969,2.3623047,-0.08913803,-3.4381428,-2.9314814
507,train_images/c252da9b41d8.png,984dccdd92590c44a86085b6002d1e541e4dc275ac68da0e86a9490345354ff7,507,2,2,-6.7914963,1.7280617,4.83066,-1.1613083,1.5109539
514,train_images/f5c953bee7cd.png,c72e85145a9661a56e415df87f9844421dda34af8ac8331cf46668fd480bbf4e,514,0,0,5.5128098,2.6200905,0.012546539,-5.594969,-2.4267893
517,train_images/93802d1e3c41.png,92741ca7715ba58a99e367fa278c4872cdc8127d7244c9d723531740a6455bca,517,0,0,5.953842,1.4635887,-0.5282936,-3.6088848,-3.147966
524,train_images/10ecc5292ab1.png,8aafbad8ec99626b592b505fe0dcc85681e195419e6bed1e9431ccc950e3ef0e,524,2,1,-5.0217476,3.4207878,3.352744,-2.2898083,0.66878366
534,train_images/6d3d1fe6c32a.png,557ae140f5ffdb8ae9e268ddb9ee3a2840c547ebefec95301023e51ab59da282,534,2,1,-1.8818245,5.489105,0.55280113,-2.2902431,-1.7303238
538,train_images/b574d229ec4c.png,0303e864e835ba32f82de2137f82ec74e0c764bdca11f67b3219c7913924d9ff,538,2,2,-6.6036835,-0.3292961,4.09264,1.6618099,1.3012488
542,train_images/a8e88d4891c4.png,794f16cb396213fba7aeb65cda607d7a8545c0ab695df0a9f4337888cf347636,542,3,3,-10.175308,-0.9938965,4.2358627,4.638788,2.394927
545,train_images/03c85870824c.png,90e6e56a86591ef61a93c4f255b2cdeabc2faaeac154cb757859b3581b6142bb,545,3,4,-7.2023544,-1.3571396,2.635975,2.6734295,3.373434
553,train_images/6c6505a0c637.png,6d30136eea9e9863d12fefaa5a05729bdba8dc84e0cc9f3a34d7e0c10a3b2f4f,553,0,0,7.100895,-0.8617821,-1.0170536,-3.238884,-1.8346262
558,train_images/8b8fe3fc8950.png,782bb97c6c1482b1e12754864b10c1bb8c7006da1dd0822fb62bad9dcc7ed8aa,558,0,0,1.3006058,1.2595711,-0.14666939,-1.8151932,-0.43432426
563,train_images/32ed318235b8.png,a6a470a5a45d501fa2a0777964b1b7a709eb962a87bd1c52d88a475d629eb414,563,0,0,7.7992554,1.4209709,-1.360487,-5.096878,-2.626669
565,train_images/bf1b7e21e774.png,90dd0c7ae41cefa468a8bc011b3913b92528aa848df3bb5720d2dc72600c5192,565,2,2,-9.347046,0.1384201,3.8015223,1.8137379,3.7071183
574,train_images/5b2648ad455e.png,5b0cd6e1f0f095c181f80472ba8ad290b281bb0c982064b9456869e17e3f7598,574,0,0,7.8654404,0.49108505,-2.5605621,-2.331976,-3.3099957
577,train_images/d25b8a8ad3c4.png,fcde385d589e1be2c8173d9e2abbf829047f644fe37c8954160bbe14932e5336,577,2,2,-4.1155853,-0.12657166,2.7320194,-0.21262169,1.8794827
585,train_images/c446985355f1.png,7b4989b1b1300e55af757f546684945c12d5edcadd04873c27ef15229e28927e,585,0,0,3.900673,1.0359116,-0.38275146,-2.2822304,-2.1345682
591,train_images/d1b279cc02ae.png,6915555cbfe256ea0da20aaf373ca004f6e3dd550e3f410d7587feb845ce7471,591,0,0,7.71513,2.0746002,-0.3363762,-5.6163845,-3.7074194
594,train_images/aaaadb174012.png,12edee50ce755054d0b958558172634c35413765d7cdffb9d9e36c0a758ec58f,594,0,0,4.714794,0.13178253,-0.82717705,-3.5081787,-0.3756523
596,train_images/1411c8ab7161.png,1213a26d8bfa7d2f2353cd74227b3d20c4c68f85c84efea05674c9ea40aa536b,596,2,2,-6.4874115,-1.0125198,3.0428696,1.7395077,2.8372216
602,train_images/fa9bece586fc.png,1c84ce0052e040a2b25d2aee9df3b89560d2c576a792105a3510994424ffe6eb,602,0,0,1.7520828,-0.6724205,0.46705437,-1.8069019,0.43464303
604,train_images/67c03349bb31.png,c7af6bd1ec39c583a3036eeb1631b6fab76331c4b1a726e382b76395e9b54fcb,604,2,4,-2.7114449,0.18206024,1.3466644,-0.06316376,1.3558545
611,train_images/f0098e9d4aee.png,204ecfa968e9215cbff1f78c2534e68d76b421884361ff7bbe4ba1b141f6fccf,611,4,4,-9.783989,-0.48268127,2.597103,2.8941288,4.8613276
614,train_images/d1a60c3b9fe5.png,1d53f79af4601379f05ec24ea525d44e348e4c05bc74bf29f1c2fb9c9d3db5e7,614,0,0,7.130989,2.6206436,-0.4072399,-5.197191,-4.018347
617,train_images/f1979147aad4.png,3eefcb0b243eb3cc6eac069e48ab83546d4e5543eb2c776ffb618705a17399ae,617,0,0,6.661499,0.8283348,-0.77258873,-4.8146343,-1.7317762
625,train_images/b5834ee64541.png,928aa704a477a85369e86420c683b648bd9b292396b677eae12adccc553771eb,625,3,2,-10.906441,1.6867409,3.6793385,3.6128635,2.0321293
633,train_images/4dd5d5ccddcf.png,d9a707989b6df7277416275eacdc861b0ca07a9e9184ae38ca9e7a3f57452e1b,633,1,1,-0.8376503,4.4140663,0.92562675,-3.1163692,-1.2476206
638,train_images/af7a36454670.png,1396c3ca0b3c187b76ef2c8f9e59552c2abfb9e859b80f40c2f675c645e03414,638,0,0,5.0371475,1.1401939,-0.32933426,-3.7244034,-1.9849606
643,train_images/bba38f2294a3.png,a9d033bbe12119ff9fb5f568e258fbf71ba806f251df90c5f5f35c1c28240994,643,4,3,-6.3032074,-0.46746826,-0.9789257,5.590193,2.264492
644,train_images/c70d09370109.png,2dcd43fa0ede167ac271ee1a53fb745d776315de2ae0e84a0828101a1a063fd9,644,2,2,-2.3200874,1.8873863,2.774929,-0.22456169,-2.0107007
650,train_images/6b66b0e86f7e.png,a8b93ae26d78baa582a1d37915c18b22f3303ad0b463db652323617e31250cb9,650,0,0,6.745655,2.2581024,-0.6130066,-5.6336536,-2.6268902
657,train_images/9cf7c1349673.png,b55338deebf115c3d21afc852c05d773cc540eb605450c5e0dc7980851761470,657,0,0,6.491398,0.47522736,-0.21902657,-3.6744156,-2.9377918
663,train_images/92b0d27fc0ec.png,520883df0f5735ebbf1e21b085ecb6dbe4f8b135511616203183416afef4e49e,663,2,2,-3.6177177,0.5743904,2.708582,0.2926216,0.15997148
668,train_images/50916d67bb51.png,c4be162937099024d87f919581461a4d522c9a5d684898c6dadf35f6b1c3aba0,668,0,0,5.4292336,1.9504738,-0.6761036,-4.3051853,-2.2615223
676,train_images/524f240e0c90.png,d55e19fae4d8c95b7a74c7ed6fc19977fe3992fe44e28e3f0e83a4126f04ee0c,676,2,2,-8.532326,1.8070068,5.2501736,1.7666111,-0.18969059
679,train_images/7b87b0015282.png,9c344b76aa0f68ae3934b2da00ea079961c1cccc13b84791b73a96fa274b032f,679,0,0,6.4975815,2.7567863,-0.31052017,-4.3884964,-4.4226246
688,train_images/c58971bcebb2.png,c9e2f590d7eab17527e9073f889b93993eb133bc576340e8a6814eabfe4a4ae1,688,0,0,4.8322067,-0.9643669,-0.3854084,-2.218443,-1.0789475
693,train_images/40dd4e6e4444.png,aabce2ef38b4ab32f0dd4a57b65c4c23829bf3458a42e2d0151565b446ef65d3,693,0,0,5.056404,0.6858978,-0.9495373,-0.9798126,-3.668539
698,train_images/5c817060c0ed.png,e664c758b109e940eff630bb35ffc2bab55fe5be889bbe90eaf0ab517f2564ce,698,0,0,6.401226,1.2088432,-0.8169308,-3.645998,-3.0072055
702,train_images/eb32a815f78c.png,cfdf19c15238ebb85fbed778ed480afe531549895d6738adf6c79365f891c02a,702,2,4,-2.4000854,1.3162384,1.3083344,-1.5645313,1.4992926
708,train_images/35777eb7859d.png,9dff1da93cc0ed0dd8790675e8eddfb0b4a32904c6060c02a909874778e58211,708,0,0,6.3570023,-0.60575867,-1.0031796,-3.3099594,-1.2774162
713,train_images/7347f5133a6a.png,5e65355fd943a67be5890b25317e11a42afa858f5233bc91e0fcbb99a36b2148,713,1,1,-2.85046,4.550682,2.7019844,-1.7090797,-2.5765128
718,train_images/ab653b8554c0.png,1a295787a91b288a704a7784774e67d10d34fec87f011a30ba2d9d0f2982df3b,718,0,0,5.78722,1.6020622,-0.5561867,-3.356079,-3.344511
724,train_images/184a185e7447.png,3f978c752834ca6913d3764969430e04680d18c3d647c285380cf1d3a58c3efb,724,0,0,3.4556465,0.7427902,0.18827248,-2.1613579,-2.063324
725,train_images/b77b88926843.png,fb5b1079be0717d50dc2b268bc7bcbb0cb90b1a9c05623eab8b2516724ecd217,725,0,0,6.0923576,1.7836151,-1.0037708,-3.7594318,-2.9744067
730,train_images/9d75de31f1b8.png,64337aa60c8b6e1120dfd3dcf171569222cac9fbdf2166c21c5b7b5812d7eaba,730,0,0,4.6325836,1.409111,-0.2746315,-3.7007103,-1.9332056
733,train_images/bd5013540a13.png,58dfbe7cbf3ff3072c0e329a333ebf5074020b8abba2ba00bc2400b90ebec788,40,4,4,-10.394485,-2.5357857,2.8094063,4.1797314,6.044996
734,train_images/2a93334f663a.png,dfa7061afc9c68e6f3844d02f987a6cd9328eeb4d3909de74df177dc1c42225e,734,0,0,5.911598,1.5421028,-0.26929665,-4.037216,-3.0130577
740,train_images/b3f31c371e59.png,e3c15b983f218877e0a749dd4cfe98b016a7d0752cf7cd18bd8bf8e74fea98b9,740,0,0,6.5763245,1.1694641,-0.87177086,-4.1030693,-2.637014
745,train_images/df5ce3ea7820.png,c75a5a3bbecf1ad594944f2f2b7d0643944eaf3a9433feb63302070933e4d255,745,2,2,-6.1870346,1.1157188,5.092245,-1.7334747,1.8330765
747,train_images/e067b06fd655.png,e6125b66b5be0f7a9794a49a8b11b2fe3b1f5be868264b9def7420a5f5521377,747,0,0,4.655758,0.24092102,-0.14578438,-4.526808,-0.08640671
751,train_images/be7f791a7877.png,3f9c0914381e06c7423b02ad3cb81ffc34269a46a01745bf35adae78fb88fbec,751,0,0,6.8796806,0.59329987,-1.2139835,-2.2955265,-3.8189774
757,train_images/24f3e70f0419.png,52931e89b0130296d8c04212c861feaa151d579f6a31d070eb11db74dc3071ec,757,0,0,6.211384,1.8008041,-0.2916584,-3.2652435,-4.291052
766,train_images/613028ede6a0.png,03c17d378020b26bfac51e530629c3025ceae6677621a0dbe6b67900ea57130e,766,4,2,-10.3940735,-2.3023376,4.3794804,4.042391,4.3687005
770,train_images/4eaf2f81819d.png,6e42d614d989d8adf9078490ddf51dc4d560358411cc0a3bc4695e695ff10bcf,770,0,0,5.7840424,2.0228577,-0.08339882,-4.7982826,-2.7917242
781,train_images/89b044cbaf85.png,445945eeca44cd92d58acea44272b06ba5ca2f4ff979331a5f32d7c83840cc2c,781,2,3,-10.381439,-1.3696518,3.2912674,5.655493,2.9030852
786,train_images/dbb2c63f6f08.png,6d6f2c8cfe840da57f5a42f195755624e6cd25573d1b2345a788965a2d4864f5,786,3,3,-8.076279,-2.7689934,3.6960392,3.9383144,3.3119278
787,train_images/310c27067ac0.png,5cff1cdeaf88dd1aaea1e6211bcf5af0ea786cbb2c44a20ddca7a5c83c687a8d,787,2,4,-1.8579216,0.6710243,0.77825356,-0.4227352,0.94597864
792,train_images/f4c7ae514c54.png,6d08500a467f5222f958efc97d4b6a7c3703f5af339d8f4b9daeeab1c07e8adc,792,0,0,6.7937393,0.9997406,-1.4469719,-1.6935387,-4.5114527
795,train_images/4462fba1d2a1.png,f6678f7a4b6a45ad77d833a8be8189db3105aba277d52dc97f9074124d6cf3a5,795,4,2,-8.018921,-0.23484421,3.3595066,1.957304,3.056931
802,train_images/a73c3d516c59.png,d216592f408c1036c8b5bfd95d0a1266eb1d0d45fab28b1bc13246b1692dfb74,802,0,0,3.489006,2.254158,-0.77843666,-3.9451485,-0.85553265
809,train_images/ef476be214d4.png,ff78b7e0dc714cd1ff4c0fed88b1ba97e3b65307f94c3233a38ba798d1d13396,809,0,0,7.297394,1.6600227,-1.8696613,-2.9657955,-3.977889
812,train_images/3b2b91590590.png,8f5b5a7c15b31286ce2346f08259f8845e2c502d1d6340558db7f09f5741676c,812,0,0,8.084015,1.7595291,-0.6931076,-5.642061,-3.3791056
816,train_images/5ad3dabeb2cd.png,99f243c5b4c49ba210045ba445e6ffe19d3815ff2eb3dd2c2669c8467d1ccab7,816,0,0,4.2819138,1.8884583,-0.014848709,-3.6126385,-2.412794
821,train_images/022f820027b8.png,a196f41feb0ec3f7de490e95fbee9aec4c48153630e9c75c6edbf103a92d3ade,821,0,0,6.0435944,-0.7035179,-1.3688393,-1.3391075,-2.4782925
826,train_images/18b7e34eab8f.png,30f3115a0817e47cdc22affac8d5dd1deb6bb1609cb31aa7cd6dbcdb455eb60e,826,0,0,6.4374924,2.8829765,-0.17718887,-5.048689,-3.964178
829,train_images/f901d460517c.png,45de2fd54fd2af8349e9695fc43c64ba964c7eb1f143dbf1a59c5fa425118aa0,829,3,2,-9.413612,-1.4582481,3.9347095,3.421198,3.62638
832,train_images/73881f55a3ec.png,fd9342b6987d2424303b7df50114b124e27e7b3ae53fbde938da31dda3474020,832,1,1,-1.0353317,4.2189636,0.6540623,-2.984232,-0.72991896
835,train_images/1b3647865779.png,8af62eea0b67d6af8e8bd28b910424744e91867f974c5b47ee766cbac7f60b58,835,0,0,7.2324944,1.0022621,-2.1791553,-2.0928879,-3.8062172
844,train_images/080ee76c958c.png,91b652c838f2b1edeaba481629596f6cfd647c99b2d795fdecb3cd108287d9b1,844,4,4,-8.737938,-2.0260925,3.6320438,1.3519955,5.8956947
847,train_images/454a944eb557.png,506d55b34ed7be7b9238392a4f03d81fdfd3e36091cef24f51159a0d9bf1e2f7,847,0,0,7.1410866,0.44092178,-1.0224667,-2.7538471,-3.655861
850,train_images/d3e56584a481.png,d44b749174babcad7aeba18bd24531839abd1027749b6e9f2e5824fa57abf2bd,850,0,0,6.8871765,0.5072403,-1.0643711,-2.7089634,-3.4758358
858,train_images/3402124408ea.png,2fc92c430b176078bd38793142b703fe75cbc881054e4ca798b9b8a886e244f3,858,2,4,-4.682289,0.5480957,2.0057468,-1.4864979,3.7310534
861,train_images/f58cdfa968be.png,e5dfb2a0023710dcb0540a9d509196be7c77e3e3c078fa9397c80842921d5af2,861,0,0,6.2685585,-0.46921158,-0.99856377,-1.0881596,-3.557808
867,train_images/7e9458de5707.png,a26714e8bc6050589b765aec85febf6270fab9b637b67efaf803f2aa7aea90ea,867,2,4,-6.561455,0.80950165,2.284748,1.2604504,2.3240736
872,train_images/2b07790a2422.png,2951a2fa27cb5c7f0cef26b25dd84003fc08e3b2e0f6a4525f511a13579de12e,872,2,2,-5.480858,0.6724167,2.5242004,1.4870739,0.92880964
878,train_images/0da632ca45e0.png,a21ad1bc71df6d3cecc898a30b2790e5712640f8d74ba37b4803476bc90fc455,878,0,0,6.8119087,-0.08273697,-1.7431927,-2.2680435,-2.5657005
882,train_images/c31651ea04c6.png,225942938d752cdfb38f552d696d354cae3523ac1b8298ead41905fbc2e846b3,882,3,3,-10.856987,-1.6403389,2.6033363,5.560545,4.4633894
888,train_images/dc0f6e5b489b.png,733393fc3267c3287fa8df9687be61c84c481ad499a3b354d09f151c5d28c6d0,888,0,0,7.24078,0.2417221,-1.3005886,-2.7908497,-3.24256
896,train_images/237aa50edc34.png,a5b64dc103c92dfcc0a9c55b9982d7210d0482e603582cd86fb89ca90f03ea80,896,0,0,7.762665,1.5045662,-0.68118095,-4.1750946,-4.242591
897,train_images/badb5ff8d3c7.png,1c48ed154b6b7d7018810809fc62c9504f67b3791521f5dce5c083cc6b2f58bd,897,0,1,2.0127678,3.194172,0.16190338,-3.8355446,-1.3826604
899,train_images/a8e08e7fe016.png,28559bbed431c03cb96f7fc39362d4bfb2a0c598d34a25a8dd3a5224f93db8f4,899,2,2,-10.915077,2.0859947,3.8719835,3.7910938,1.2709551
910,train_images/7ec0e61a7e29.png,4a97e1a53c6f23150c483b56a5781826b198aff33459451aa5ade5203b1945c1,910,0,0,4.531086,1.3411026,-0.8647499,-3.5793839,-1.293531
913,train_images/80b5697f2a5e.png,c436e7ef4b4227ffd5088a761c411d1cde5a1056f0495cf5e820bf6de109a8c8,913,0,0,6.580765,0.015087128,-0.99712753,-3.3638916,-2.0970669
921,train_images/79d44db3da2d.png,2f52fa195598cc0dbb125801bac2a47870e5132c248fc19460299d2708a3ffd9,921,4,4,-10.280975,-4.311653,1.490488,5.1476955,8.056303
924,train_images/9fab29e69a6b.png,a5d1a776bdad35dde41ad36c1dfea9ca73a4c20c0aa283b555cc3b92cfa63401,924,4,4,-7.135132,-0.97291183,2.2840137,2.624918,3.2970967
932,train_images/39f8935185e6.png,6c117b46ca9e5b45c673933e6bf441f756377972d6305b268d269609a261d64a,932,0,0,6.754673,2.035595,-0.3643055,-4.6565285,-3.6374369
940,train_images/4c570172778b.png,6e1d2be31da239e83a143abee9e9e8b5b32b1baa1ec793813835a8516249a85b,940,3,3,-10.985809,-2.643608,4.7556477,5.6012516,3.3748937
942,train_images/cae51154e1ce.png,d051c47a120c777b1f609edd2c6b47007a38fe3616c4777a911167686992ed54,942,1,2,-5.1483917,2.1499405,2.9029331,0.8244953,-0.5742178
946,train_images/40527a5e95dd.png,4be64b6d8b4bd549f2f1eceaeb88fd478cfbb0bf08985a8202a7f46ef1dfd629,946,2,1,-6.4743347,4.267269,3.6693888,-0.5513725,-0.8041916
954,train_images/677f087cd697.png,7187e291d41c92302f1de84d35da8936b0c9c33553007eb9d465ddd5868c7f14,954,1,1,-2.592514,3.208397,2.2060146,-1.8331909,-0.8560152
956,train_images/587146a55885.png,fee1af21dca13eed52f88ba9d62aefe29b00c4d34e440d3b3f32bcdca470009d,956,1,1,-4.5220337,4.440422,2.4855862,-1.2897186,-1.002778
958,train_images/6c315ad3d07f.png,f08b721f80fd1c6e11803a1b21ee074e6a72bc3c06cb9d735de8809a6bc145f9,958,2,2,-8.064621,-1.778183,3.8533983,3.5142002,2.589447
965,train_images/c7e827fc7f41.png,d60668d4eafb51a7274bc1c4436653999bda165aaff0ac7cfc3a2dd6a53343c0,965,2,4,-5.6702423,0.41780472,1.625927,1.2161026,2.5111594
968,train_images/5d5b5da5f939.png,69df3426b220ea33d73dcef19c0ddef8873f9a3278f7bb6b920385bbf36ddd5c,968,0,0,5.95652,2.064083,0.11043739,-5.4940033,-2.5075693
974,train_images/bac1744955c2.png,d88ee8fdfb5e7ee4d6f896cd4d913ecb045bb4e88a2f6859b6720c8abd6f3f29,974,0,0,5.133522,1.6862221,-0.5952244,-3.9003277,-2.1857667
978,train_images/07f5d7baf907.png,ec9e0f1dc9a814f4f588a44cd80e9458e360246eb24eb6c7e9ae484696f01293,978,0,0,7.7203484,0.9669571,0.11511803,-5.991028,-2.655631
985,train_images/348598d01e18.png,d34a0993f49c58337353275ca3e2018ed304b2d4d06c071ce70b171291e7dca6,985,0,0,4.6448593,1.6891403,-0.84078026,-3.524498,-1.8331828
990,train_images/904b03ad5594.png,9483e7015051e22baae5251eeb56040d4ebfda4e993487f5f67915974a135df3,990,0,0,6.5128937,0.47645187,-0.16916466,-3.7586956,-2.8893871
997,train_images/e62490b7d0e9.png,abb00a2fa5debb85beda667943c9976edcbecf4c93d864e1f2fca084c8fb1751,997,4,4,-5.4435883,-0.98480225,1.8951588,0.3207531,4.343131
1003,train_images/f57cf3b6f48e.png,628427c778a2e1d08a84114ec6190b373e4b3c1ee517adc2b16bd99120496e53,1003,0,0,5.0910797,-2.763153,0.44270134,-0.24440002,-2.376214
1009,train_images/69f43381317b.png,0db2b7707864dab5c48d10ea44a972cd537ed302054a4a1a5149b2c34182172c,1009,0,0,6.817646,0.52653503,-1.132185,-2.1001053,-3.9684782
1013,train_images/3f44d749cd0b.png,fc12c65aa6207bd74cffe19726cc3ee11d371f54e3bf019919df3b96d99694bc,1013,0,1,3.3816948,4.0029793,-0.29683876,-6.4764786,-0.47704887
1019,train_images/5a27b9b2a9c1.png,1b1d76e303d047ab1e7cc3a2ac1b2ec7665179db0f49c3c854f8ee03d7032877,1019,0,0,4.659336,3.2138863,-1.1046276,-3.7320461,-2.8719606
1025,train_images/c6c2bad91f23.png,bc7ffe440fbd0a6691ab2d08e002ceb0a8d9783f4391117784f47b29a6b3a5d8,1025,2,2,-9.467262,-2.0283775,4.904909,2.5242481,4.178624
1031,train_images/61d9c88a3a4b.png,6d68bc75e2f4e18917399f5b9b7f0b0bdbe7ed077a0d47db75eadede58060590,1031,0,0,6.2293625,1.2535629,-1.114851,-3.6467,-2.5749345
1033,train_images/f580566e27f5.png,4fa9544b53b782ff0fde423a1c51f7f3f305c9121447fae4955f582d8a44e447,1033,0,0,3.4186707,1.9439735,-0.7545738,-3.3417568,-1.1034036
1039,train_images/711d1480d2e3.png,b081972df727467a5d9110346c7302a09ec689220f9054f378722c65b7a734ea,1039,2,2,-11.074333,1.9754143,4.1304646,3.5786572,1.4927962
1040,train_images/d78b7401096f.png,2af03769dc9f9d515afad29bfa9d4ebbd12e30d04fa9571175475186920c7b9f,1040,0,0,3.7572823,-0.6099205,2.466982,-3.494709,-1.9607182
1047,train_images/a06e41bd2634.png,5812cc02f3c26f09bb0044c5d934ef1bb380f0facff1a4526da1c5313f9c6aa5,1047,2,1,-3.103386,4.451206,1.5335712,-0.8138485,-1.9524193
1054,train_images/bb5083fae98f.png,63261e7f15632b5f6fb667918c2e1865f1dfb36aa77dc5cdd7d21debd43b64ca,1054,3,4,-5.300804,-1.2082748,0.15707207,2.5850658,3.8867898
1060,train_images/e6f0ce5bf282.png,2932543ac633c45208bce1dea93d1438fb6aa7913af1853dc0cb32d6c97b9cf0,1060,2,2,-9.053856,-0.47800064,3.6590958,2.9347248,3.0446348
1067,train_images/0981195eb9fb.png,82cda0528444be453760cf62c8adc0bcc083365f6ff271a5520c452d0ff846e0,1067,4,4,-8.617256,-2.4094467,-0.4810295,3.777132,7.849474
1071,train_images/da2bdf4236ac.png,fca36b38ddc537159f340fba16f1342bd88108f6c2ae1e38c0fd68253c038b1b,1071,0,0,8.8843,-0.97229004,-2.422678,-2.8951626,-2.437625
1073,train_images/46d3316c4857.png,99ed329e1d7b4e3a4e554ec5ca138085d2ab9f43076cbc9653a851dd99ef82bf,1073,4,4,-11.919487,-3.9238243,2.1756592,5.280054,8.50216
1081,train_images/a95858e052d6.png,a42a7782feb86735d4d8b40c59cb9615d02e90674b08a535603c0fac4e21fcb3,1081,1,2,-1.6431427,2.4041176,3.4802837,-3.2900467,-0.8158455
1087,train_images/29f44aea93a4.png,012499cca8489935d7691f4df7d82998264d9e7dd1fa710801af4e5c8b944cfb,1087,2,2,-6.3904114,-0.41722488,3.346653,1.7781124,1.7956712
1092,train_images/b46b09a45f39.png,6f3ebb6802bda9a6bfb43474d40297552117892e99fe7d6efc5cabb803759009,1092,0,0,2.9189873,1.672512,1.1744652,-3.4165916,-2.222187
1096,train_images/f18abfa690ab.png,ce1481cfb40096f964996c7c3f95f90529d1eea0b12ccc9593b6935f678b3da1,1096,2,2,-5.3292236,0.97961426,3.1853352,-0.9494953,2.2279248
1099,train_images/20688cb25704.png,14722a3d9ee5eedfb330765763b89f7b7a17da174e9d1c30b3d76a82e7feca5c,1099,2,2,-5.2725143,1.9804916,2.3469658,1.3589096,-0.29842138
1107,train_images/6dc0281f11e3.png,8ad2b4d3ec8775aecdbbeec5a9f6e382e6bbf8cd9aa028ed9840a26a9c55c011,1107,0,0,4.27071,2.0127525,-0.8097172,-3.8919868,-1.448947
1111,train_images/c0f15fe3b4b7.png,56f58a085483d00e0e8f8ae5e02689373d630736fc74f9ee6fa8f238db661ce1,1111,1,1,-3.3767738,2.8660889,1.5339527,-1.4205437,0.5338831
1117,train_images/dccdf750c962.png,1f5b7367f65450786fde9dc782874466a2a884431f2fd8772bf7ee47e7b9ece9,1117,0,0,5.5554047,2.038498,-1.8951054,-2.768324,-2.7974868
1121,train_images/f71333204618.png,0253c68cd5363f38d87246051fc98648a1dfe57f3381ac64412a8277c095ee0c,1121,0,0,4.3504868,-0.63674545,0.032424927,-1.5876465,-1.9826059
1127,train_images/7d48f8cdfb69.png,39b5cceab3aabe2590eee279b944a85bb01ae52c4fb3c851e0df581019019b93,1127,0,0,7.3774643,-0.5211601,-1.4406185,-1.2764988,-3.9901772
1129,train_images/934104859e68.png,fd84690edff99d3ffa204961211339e2fe27367af7c2a63be3e9cc0200d96e02,1129,0,0,6.040802,1.7542534,0.28881073,-4.111683,-3.8353395
1133,train_images/fdd18ccbbdc5.png,23a0dc2869304a2f9a2bba8d985ee50f332805a65bf38e0cbc78ff2358c097b3,1133,1,1,-0.5163765,2.6541023,0.94106865,-3.566225,0.63890004
1138,train_images/4c635a01593d.png,c4b2acbc5d5ef430e2c1a53a4eaad65f90876f4c693ab9fd8db73540c74f5eea,1138,0,0,5.876522,0.48853302,-0.9958496,-2.688282,-2.5356855
1141,train_images/3b9817a39adf.png,839905d3893f5a066683c7a9480a90835032d27dea5ae52ddd568f04602ad5be,1141,0,0,5.5802383,2.1358948,-0.7594223,-3.9774475,-2.8538003
1148,train_images/682312e82ee3.png,4c3feb738a914888574af8a54ee679995c168bb23971f19fa315b386defb6153,1148,0,0,5.6212425,0.89577484,-0.7301369,-3.5924911,-2.0335803
1151,train_images/5633ced07d8e.png,96b8a33e7ad5881085838494e5f07739ba70d13d411edb3d16e6b64d9e025931,1151,1,2,-2.6720505,1.9190521,2.0881004,-1.6902237,0.49127507
1160,train_images/e5de79795c1d.png,e1d6171c45b024a7051e4231d7630a5d009aa540885387416e07e801b6c1a8d7,1160,0,0,5.0580864,1.8755112,-1.7146015,-3.0901756,-1.9567194
1161,train_images/8fd7ad26e691.png,d386d6b040f09609640ed91cddab7a784c044e0343256680433d0b9210fddcb8,1161,4,2,-7.7570724,0.14136887,4.271723,1.6775875,1.7961645
1169,train_images/c102db7634d8.png,4dc23f1960b3a5d527ce82f4330c6bd0fc30ed8f4f82dec8dd956730a6d84faa,1169,1,1,1.6626472,3.138321,1.070858,-1.7081718,-4.0111485
1175,train_images/e4a44f9158dc.png,d23b8d9543062af6ae385fbd8a164726cf7dd16f61167328e3b8e076dbdf04a8,1175,0,0,6.4515877,1.8017769,-0.7397404,-3.9810238,-3.3962145
1182,train_images/cb02bb47fdc5.png,03f6211427baa811446e9eb132a3139b5c92e3f100aa566ba126573fe4872e6f,1182,0,1,2.3930092,3.2889633,-0.33215714,-3.4904423,-1.726428
1186,train_images/7eeb191ad06b.png,26912f4d0bdac71cff1c41120b9b49556b5b987529fbeadc105faf15d6602944,1186,0,0,6.5840683,1.6901054,-0.39860725,-4.838812,-2.9016695
1195,train_images/855f0a5442b6.png,3456bedef490705f84a2f6e9f491195c48f7557ce441b48ec3d9b930e59382c2,1195,2,2,-6.3933945,1.0355606,3.668004,1.0890217,0.7220864
1200,train_images/d38cf0f4a9af.png,b66898799fa443fdb53c046a5cd2ade6ca7133c7bf89eaadf125cfbefcdad161,1200,0,0,5.172085,1.9732666,0.8447399,-4.0499973,-3.8104634
1203,train_images/0083ee8054ee.png,1b2c287718057b4bcbd89117982c509f46300630251a0fc7f2f3dd63bdf71fee,1203,4,4,-7.7902985,-0.81573486,2.4776268,1.61096,4.6313868
1210,train_images/bebb3f167654.png,64271f82046a995665da5edd4f61c8609bb67ce9b6f16109bcb1df8aeb3d14bf,1210,1,1,-2.073494,3.2981796,1.5800247,-3.7146473,1.0357754
1218,train_images/d91635f380b4.png,1e52f243ec511c1b91aa98eff1a7b242ea6fcb4e245967526396e85a7d457e15,1218,0,0,6.6235046,-0.11912155,-1.8636227,-4.265009,-0.23277187
1221,train_images/af345c68e836.png,c27917554ac438f3aefce59a5b0ec88106e177a73bdbe601ff2583927eaf546e,1221,0,0,6.3703003,3.3299599,-1.1765614,-4.6683483,-3.724392
1228,train_images/12ce6a1a1f31.png,1bccad09b022ef5efed12d892d0e8848a26ae86c1b07e3b34d209d9a8106b17b,1228,1,1,-2.750061,2.72715,1.516346,-1.6659756,0.29567575
1231,train_images/1d14dd912671.png,ce5b57bb7c1316065a3aad9d5ae832de2ef2a96bda018e772836485acdbd8d24,1231,2,2,-4.8693123,-0.7962189,4.0863476,-1.2866936,2.9981554
1235,train_images/857002ed4e49.png,1dad7cbc33426f0db3af5629ebc9e043ccd133b59290c047f274e3a625f55eed,1235,2,2,-7.475998,-0.4268875,4.611231,2.0417042,1.3684747
1236,train_images/7e0598cc88a0.png,518a6d0ea154a12299680d0f424f965fc9c4ace62b2c0e8a5d9ae105e5696c75,1236,4,1,-4.9415092,2.5763283,1.6144619,0.65351486,0.22762418
1239,train_images/ce207b69ff37.png,3ebb7cd904727366390dc52cadb55e0b35bc2f471a018a249c3211384cc5c058,1239,3,2,-7.9228897,-1.4100494,3.910509,3.1358624,2.4069695
1249,train_images/999ad827ed35.png,027e63029c36f7684ae2b7126351251a1133310a8595e7bcddc6b138b773697e,1249,0,0,5.570099,1.8086243,0.32625198,-4.4988117,-3.0734305
1251,train_images/08a3875063c3.png,f9a13a353b6e2794a2bf0a69984fd291a226a8a37cd38045eb725947e5c57498,1251,4,4,-8.893715,-1.2960701,2.9192162,1.4766369,5.9015307
1257,train_images/f481f76a6b75.png,bfdcef5b601d6dd66270a9d58e9471c987ee48d40b1e2f56fc21084ee6ea8c7d,1257,1,2,-7.9229813,1.6301193,2.994278,2.445097,0.97426915
1262,train_images/80e7cc0a0649.png,d6e822ea917f17fe7d1847b8a912effa309d3c5fa97805428156f81fc89c408c,1262,3,3,-9.9617,-5.194309,2.133871,8.452398,4.701519
1264,train_images/51269b77d312.png,cec6ec836f8e6d78daf3c6e51ae736c86599ca905a4a111bb3cb58f07c1775de,1264,3,3,-9.816231,0.5014038,2.7896576,4.3810215,2.2502632
1268,train_images/0e75d51152fc.png,6a6cbdf0baa6c113066521a0837ae98f52be69bd17bd840619d403db2d7bf8db,1268,2,1,0.9324379,1.9163971,1.1459846,-2.7439938,-1.1113462
1277,train_images/cb28adab4e8a.png,153a51c5a21f40ada6050d4d19b18062f252113b964c641aa7dec5ccc2a61845,1277,0,0,7.675392,0.056423187,-1.3096294,-2.3930893,-3.8792343
1281,train_images/0a1076183736.png,7c930ff71809944a0b441c0a09c30f35629eee67d59eb0837624b29b64b7eb3b,1281,2,4,-10.857414,-2.4628258,3.6653013,4.15703,5.6061897
1285,train_images/3fc219927a97.png,3f2937414ddcc927234a0242f8cf55ae9eec1501ffe8ecdcdd933c085cd7b8e8,1285,2,1,-1.351635,1.8338814,0.28707504,0.739645,-1.37361
1288,train_images/f0800723bc63.png,2da0c88063982d10972322be026b0afdf7194441fe2c9f291d93e56ea8d165d3,1288,2,2,-6.843109,0.94490814,3.9122715,2.0162907,0.09663749
1296,train_images/ff4832d55461.png,3dd2cbb8a22f390420a964768210bfbe5da54fe834d7912ac4d90a4df5c1ede7,1296,0,0,6.3517685,-0.5166397,-0.9216366,-1.3426056,-3.4170923
1301,train_images/4a0890b08532.png,a562e39baae39e773ee3efe50fa30e1861161a7bb8d5d8b303ae38c80e33c423,1301,2,3,-12.19986,-1.6133957,5.0010643,6.950365,1.9506612
1304,train_images/959bb2d01091.png,551faa3ce436dce81d5470bff0678f351819f8816f3cd0f3fd8bd7ee20a70ff8,1304,0,0,6.659374,1.6427002,-2.1668987,-1.278162,-4.705946
1313,train_images/15f440753916.png,0a9af91de49caf372f9905093b6cbba0c3204b3b23a3afe76a09c44bc8c929d1,1313,3,3,-12.454521,-0.8866463,3.85116,7.34268,2.2541552
1318,train_images/0eb52045349f.png,f7eb4409c21ac0b5b929fe41f168e8d0c28a570ac7cee4d019d1b1eedf2dfd80,1318,1,1,-5.31398,4.183262,3.0388298,-1.652525,-0.13022137
1323,train_images/9b7b6e4db1d5.png,191386487d7a4870d5b8d5639885bdd2e6d637930d1e925bae9a497b39368eb3,1323,2,2,-3.338192,2.0669327,2.3811646,-0.7833805,-0.19477177
1324,train_images/aed4e743c230.png,ce05f0e9c4272f1104fe2cb4df020f92b2fe84654bda9ec78a8df00406dd4be4,1324,2,2,-5.2008896,2.0051155,2.4930534,-0.18982506,1.0231042
1335,train_images/02dda30d3acf.png,92fa31748c1b01be89a88d6f005bebc28ff219abeb9ac04ee0eadebd16f42f36,1335,4,4,-4.547119,-1.134449,1.258707,0.0038452148,4.5601215
1336,train_images/8acffaf1f4b9.png,1213a26d8bfa7d2f2353cd74227b3d20c4c68f85c84efea05674c9ea40aa536b,596,2,2,-6.4874115,-1.0125198,3.0428696,1.7395077,2.8372216
1341,train_images/be3a7d9e981e.png,725320d109d5d4805047358f8f025f48ea2fe0d3833b9a4f1ae2defcc867817b,1341,0,0,5.3195877,-0.9192314,-1.7129135,-2.0066109,-0.5381112
1346,train_images/29f9e1ac9507.png,030b7fb7cc1ad46acfc54736b6c524f03159a0882bee39468d4b125735dcf73c,1346,0,0,6.467247,0.95274353,-0.24799728,-2.0127525,-5.005126
1350,train_images/c7b622ec8104.png,5c8d9b62c71c43822959e5ac857d1b5aa9e1c4ad503da218fea24cd605859ea4,1350,1,1,-2.131401,2.4855804,1.3202953,-3.2727318,1.730166
1358,train_images/5b301a6d1ac7.png,d225b61e8d51f82c9971e163f64b33a7e477afe4e09697e1f3912b83220b61da,1358,2,2,0.61623,-0.1589508,2.742714,-2.5326347,-0.5026922
1363,train_images/9e3510963315.png,ef04949aea7f984e2f5c2849e51acef96e231694dff257dbf8c2d5fde4b90d7c,1363,4,2,-10.295586,-1.3752022,5.298769,1.973547,4.503822
1370,train_images/a86c6283fd78.png,729387a1df3424c1c3f910356c4085c448697b72355a9506af74327221e82413,1370,2,2,-6.383522,2.1685143,3.6191015,-1.2806149,1.979198
1374,train_images/a0445785e2f7.png,095aa01d00d4439cb28d2577e69850386f4aae68038e027d9670bba0944c3eec,1374,0,0,2.6774788,-0.10539627,-0.50045013,-0.08298302,-1.845952
1375,train_images/1a1b4b2450ca.png,520883df0f5735ebbf1e21b085ecb6dbe4f8b135511616203183416afef4e49e,663,2,2,-3.6177177,0.5743904,2.708582,0.2926216,0.15997148
1378,train_images/172df1330a60.png,60bfcdb5bdb568c7795e56bbd9ccf9fead27789709b9cdda2c397915e76e8c4a,1378,1,1,-5.171875,4.1926804,3.5511255,-2.8565311,0.40350318
1382,train_images/1ab8d3431ffc.png,e8d06e83907ca8a1b58d18cdec722649dcfc7a67be99539c257e032697bafd42,1382,0,0,4.695816,0.62906265,-0.99967,-3.4381657,-0.7280593
1385,train_images/a62ea0043aa7.png,e1512c9f1cf1560520a8426bed1dfce36e64e539c08162ab14806244a0812f20,1385,2,2,-6.9487915,0.95954514,3.0073605,1.3617268,1.7378926
1389,train_images/7e980424868e.png,9c54bfedcfe8400bf7ac65f4ac96581540a4da59dbb9e0c30abcc4ad27fefeea,1389,0,0,4.3438797,2.9720917,-0.33819008,-4.1666584,-2.684412
1396,train_images/b187b3c93afb.png,ef04949aea7f984e2f5c2849e51acef96e231694dff257dbf8c2d5fde4b90d7c,1363,2,2,-10.295586,-1.3752022,5.298769,1.973547,4.503822
1399,train_images/07a2b8cabf6b.png,71b13f01b62aa3e2bb4ce7e5d2e1dc3381ae232d09267a91319384d93fd9a583,1399,0,0,7.001972,2.1247292,-1.2110786,-3.689495,-4.089407
1404,train_images/3079490a4b9c.png,85a30e4046f71f7d467d74dc407c416f6d3ca7374db3746e1487a446732dca85,1404,0,0,2.5817451,2.1531258,0.8328304,-3.0834618,-2.3552217
1412,train_images/4cde86044ad1.png,44a4546a539d73a9d9a4c11a43b343b81ec9cca48c04ab0ec5e4e65b3920c4f4,1412,0,0,6.540497,2.0052986,-0.17793465,-4.5246983,-3.7067738
1417,train_images/ace287a5c991.png,19b670165472c6df601bd824ff54cc5d84790ccc4ef32a73d2c938f5d522ade1,1417,0,0,4.131645,2.0194283,-1.1383343,-2.8284225,-2.0202742
1423,train_images/cc964bf04dbc.png,a21217c26890a330e9eef6f94e9f049f9cc618b9c28485e44ba42819ebf687cd,1423,0,0,7.0317307,1.6118126,0.12278175,-4.07675,-4.553382
1425,train_images/e2a47a74e6e1.png,32582e703f20ee084a6741399546c1680be036e0205e54c07671cac5eaece8a0,1425,2,2,-8.716553,-0.6353607,3.5712566,3.1600742,2.7259603
1429,train_images/f366fb1cc475.png,b6a32b98e65c335d6d75122d658633b23c1b48de8f49b1890044c740799ebc96,1429,0,0,5.3225555,0.12705994,-0.08559227,-3.9228363,-1.3006577
1433,train_images/0af296d2f04a.png,f7bf04521f82e4f75f7d57c45a8c4171cb6e49a397f37421eb4da2d8fa0240f1,1433,2,2,-3.237297,-0.4005432,1.6283569,1.2049484,0.9286308
1441,train_images/e3ab63dc9a60.png,27fb9f506b1134cea8d266720e43ab465571e943f911d4fb799599acb01a4eb3,1441,4,1,-4.8251038,3.250702,1.6633549,-0.767025,0.79548717
1443,train_images/5445255635f0.png,348c1feee603677996c4495fc05b99baffd2b1b4f7ee7bd5da7243f3ec4555b1,1443,0,0,6.117729,1.4633179,-1.0895405,-4.5609894,-1.7757215
1444,train_images/2c1d5be654dd.png,b43bd43857aca9efb608b23d251d7200c0b786b1ae52382a3695e3904341e5b1,1444,2,3,-1.4633064,0.60541916,0.64517593,0.80981255,-0.46447372
1451,train_images/b49b2fac2514.png,d3bc9cdb76429260ace935a0535dcee775d27a55f5c8e8a6b63ba3e2b63403e6,1451,4,2,-6.598732,2.183876,2.9164524,-0.15861511,1.7851868
1456,train_images/8b568d47a1fd.png,96afec9ed3f09841f03153dd91efae89b6fbfac52791377796503343c953b17d,1456,0,0,7.9776955,2.5296593,-0.94039154,-5.6216164,-3.8096123
1458,train_images/5257cb536da2.png,5364f9306e61b1bd66b7dbbb86c75afe4d6c57f5d11dce4c74aa59b9ea4b67e9,1458,0,1,0.98446655,2.4529953,1.0588989,-3.3370857,-1.0107732
1466,train_images/5905a9b06a73.png,a5a1aaa5c0f18c00f55e1f7162652d4699a8b95576e5cb57d22964ddf61f310a,1466,2,4,-6.029518,-1.3632469,2.7056046,0.65437317,4.1706595
1475,train_images/849a91e9ab28.png,835f8a55a039bbd84fc671f049c4d4b84ef37cc591f9766724aad4ac48896da2,1475,1,1,-4.190529,2.575035,1.805273,0.31996155,-0.3811121
1481,train_images/cc1eebed9276.png,ee1ef3b1d28296e347400f787eb5fa10a3711fedb7e6d13b4885c92ed1b8aa7e,1481,2,2,-4.577095,2.4166412,2.6655731,-0.43147087,0.051169157
1488,train_images/a9b3177f01c0.png,aa9401d565ed2644e40156299d10b95dd8fe4c28d2d57e8f8944408c3c712b4d,1488,0,0,7.1590576,0.42378235,-0.54525757,-3.7307396,-3.1571536
1493,train_images/1f31701dd61b.png,71da09afa365b17d769c3b3f99acc525f569e2672e1bc463cf571f2b4979f2db,1493,0,0,7.5294724,1.3455925,-0.09590721,-7.127302,-1.5344934
1500,train_images/060e00d1e2ab.png,4c6bddc11f823bb88dfa6ff41d2208c788b3f7ab046831465ac73f04b7f12fe3,1500,0,0,7.7156067,0.8228111,-1.7692719,-2.1486607,-4.4712143
1502,train_images/eae70f527755.png,ff2278c0f4cc7aad62f2a23091114cb154ffa6fa205f5f072307530ef433181a,1502,0,0,7.243164,2.9397697,-1.0616283,-5.3944893,-3.6028156
1507,train_images/686ed1dbae20.png,a70862cc4ebc808930d355932252cd1751927fadcaed25972f74edadf65d8fb6,1507,2,2,-4.283245,1.4928055,2.5867863,-0.76735497,1.1015675
1509,train_images/54bbe3da103e.png,f9b264daf4c4dd8f57ded5b9a229c15c7bf3219143fd4f56a183691779a51e4d,1509,2,4,-5.5731506,-3.081211,2.997219,2.3058376,3.5019846
1513,train_images/62ab144d5cee.png,a8b6d852951432418d72ef57983a65f3b8dd4a716c77fd9d7a3bc1ca6fe11377,1513,2,2,-12.49453,-1.4554901,5.4834557,4.223486,4.3500643
1518,train_images/541db13517e2.png,ee8b3a785f56acb8cd9bb485252a3a8cde6b8abe1a8f987dfe718d4eab9b4011,1518,2,2,-8.711052,1.5595169,2.625372,2.4934368,2.154708
1526,train_images/b8f1b30877db.png,290e662bdc163d418c95dc3a50410d240a865445801c1e43c13076f0b56644a7,1526,2,3,-9.229744,1.7541618,2.1711845,3.3745213,2.0204506
1534,train_images/0d310aba6373.png,5702cea4f060078760ebdb3555d187b98991ac580df279f5e5e86f87af6b007c,1534,1,2,-7.9164276,-1.5045853,3.9669714,3.6332684,1.9678726
1537,train_images/408ea9d5e082.png,b845c207ca417fd77466fb613bc59595192b085d19788707715d1ac2a99065eb,1537,4,4,-6.113701,-2.7872467,1.0872765,3.2902164,4.657819
1542,train_images/76df141d966b.png,b3a535c195827a1df62e123a94f4ab59a694e23eb80991dc6d32660be5f0fd9a,1542,0,0,6.7433662,0.59998703,-0.7525902,-1.7628708,-4.6792154
1550,train_images/00a8624548a9.png,6ddee2bf8f9deaf83d323fd261b04698641c399b25bebc9336a44f24abd61d75,1550,2,2,-6.28302,1.0340157,3.8547668,0.20804787,1.3047264
1560,train_images/6daef3e5ca22.png,9713f8ff0991e7ef7123e1865c9c011cdb536c65034a9309515f5157ee9bc8b9,1560,4,2,-5.6278152,2.070282,2.4374332,1.0600624,0.19637775
1563,train_images/4242c0d87f57.png,dcd8f9fd671e1db6544b9f1b3b160a8f107098c3cd8b5ba76cc6be63b2b7db64,1563,2,2,-6.9014435,-1.2203255,4.3360853,2.5946789,1.3256855
1565,train_images/5f13e8a07344.png,d5697bd7c455c969725a2fd4cc745f4e3ebbafa59b0b22bef4fd16ec9c5c8de6,1565,3,3,-8.756889,-1.8026695,2.6833897,4.94108,3.0437303
1574,train_images/4276b82e4489.png,3b17d4a48c51b698bb53c96cbcf81e025bb70db60b8e8913e401f0f6f3dfaf37,1574,0,0,4.733429,0.72813797,-1.6213512,-0.9478798,-2.7443638
1578,train_images/d0b132d2c7ec.png,3fdaf93d6c209d5d9ef6705f245ee26a10486b4df0795c7ebd1b71ac10fdc37d,1578,4,2,-6.965294,-1.2577019,3.2446709,2.409956,2.6683028
1583,train_images/84a72e15b23c.png,e9ea2d89f82562801602e8cb00bd26b071274bb6b0b2dae1d24351eb00c99797,1583,1,2,-8.065155,1.5720596,3.2334929,0.81954,2.5436392
1591,train_images/7bda86d95c5b.png,391a4e3f50aae25024f359d226d2a1c7c9e9259d0d1d18c94ec63f532bae3c56,1591,2,2,-9.959106,-0.0102882385,4.8208303,2.914938,2.3402686
1592,train_images/d83c3efade75.png,a0835770ad4971ebc000c3aa3bbb14cea0b4072265712d353fc0b65706b22806,1592,2,2,-3.8031197,1.0578346,3.5995665,-1.8451958,1.1064789
1597,train_images/f3cd489acbee.png,511fabe43b3480ad0d885ebac01d46b2305e5df1f7ef8676b13cd7bc8866567a,1597,2,2,-10.437927,0.4290886,6.3138533,2.5281124,1.2734442
1600,train_images/31b5d6fb0256.png,e64f512bce732ed2e84261dfa169f6f6cfc0baa6ebc7dae274b61cf9ef99316f,1600,2,2,-5.5644684,1.289093,3.32473,0.04421234,1.0328712
1607,train_images/e42d9a94a66d.png,e5f37761e851627c9aeeef6a37f88f065d996d7a3d0d30466ad3f9694196cfb8,1607,0,0,5.219429,1.4756165,-0.8774891,-2.7311172,-2.9208002
1613,train_images/4a4cb731f91a.png,a35c9e4b1fa28381ed7823adaf034266d7d49841dfb99a1a165a1053384546b9,1613,0,0,5.4754295,-0.19350052,-1.7042027,-1.0804844,-2.3463554
1618,train_images/b553e7909535.png,1d1f9df7f07b1e767ae2c88c5a00f102f11bedb0ce169c124d8128405d9368c9,1618,0,0,7.4280853,2.0489388,-1.6577015,-5.0286255,-2.661684
1620,train_images/3ac92ac3d65a.png,e16e4484e7f2e79eafdb843c0d305ab5edf09d6f0701b2b4e25b1424cffea5fd,1620,0,0,6.5436172,-0.18545151,-0.6476841,-2.1425362,-3.4209037
1627,train_images/1ee355480567.png,b28e299a9b5813f50796b02ed4ea9ae6fa40f803b0856eb0c7ae9e94796e8e8c,1627,0,0,6.4556084,0.44886398,-2.0322838,-2.5340023,-2.1935835
1630,train_images/896ad584a841.png,2e46bc34ca3b24498e3c7340b40185f4c8701438529e90fc793d18f93505a937,1630,0,0,9.009132,1.0762291,-1.0739231,-5.661373,-3.2172303
1635,train_images/1a1e974a7dbf.png,d522a6537d8decd131a983485b0be248e5aa6e9aa6b8e0f2b26d8a2ff0f5749f,1635,0,0,6.400402,-0.74415207,0.5732403,-4.5135174,-1.5861263
1639,train_images/1a90fad9ffa2.png,acb159fa538f5a2c5b5d797e1a0ef1387f2bf4f64da287244728563e83382efb,1639,4,4,-8.150948,0.0787735,2.529848,1.5068855,4.1506815
1640,train_images/f3a268d2726d.png,0751d408daf0d7dbc343b7c685cc516dd6791ea889bca7329862618824534b65,1640,2,4,-6.4733887,-2.6908493,2.479227,3.2744045,3.5500362
1649,train_images/ac81fc200162.png,6b88988b5b6b905aae7bab714f783b41aa451ae9700d0e738a7bb91e64f8948d,1649,0,0,4.896553,0.54930115,0.1742897,-3.2711143,-2.1870232
1654,train_images/6d6fcf49e515.png,8f34bb18f5311dd613087b43a5d968a511d2349f4e86fc33aa0edc1833e017c7,1654,0,0,5.6612015,1.594471,0.10131645,-3.8257217,-3.397739
1659,train_images/0125fbd2e791.png,25be4933bcc2797c0e507cf4437e302bfafcacb941f48fd84657cda51fa33808,1659,0,0,5.13472,2.0550156,0.017141342,-3.7519436,-3.3255124
1666,train_images/76cab26493f1.png,38f1463f384537b957427664bd2362c07e87c4c4440e5d9abe426781889e59e5,1666,0,0,3.857544,-1.4083595,0.116205215,-2.6666756,0.27139616
1667,train_images/35362d43e753.png,0a692b37356ee7e4c6d152c48db96aa38bf6bda8418f11eb484484e984387b6c,1667,0,0,5.671303,1.9954262,-0.89447784,-4.0485935,-2.5874066
1677,train_images/d9ba044671e1.png,acc3ced85e64ef87ee4a2f66c4326f36913725fc428522ec96d4830443cc7243,1677,4,2,-5.1265717,1.043663,2.2765179,0.4168415,1.5168638
1684,train_images/3f0d3629d69e.png,a40655cb7b073c0e4a1d01e3e7abd175a1b589bc69ef6f56462e6e36c0c0b1c4,1684,0,0,6.8445206,0.5312462,-1.0813541,-1.6891823,-4.453581
1689,train_images/9c5dd3612f0c.png,1148ef43d0b4873455fe6285dc8ceb484cd78580306a93c4b5241f737a8ceea3,1689,2,3,-10.298058,-1.8027382,3.765355,5.133318,3.29895
1694,train_images/90a9a41eec6d.png,455ba8db1b65936ead87395c768601a038aa37b296ba48842517c693f10a933f,1694,0,0,3.1318855,1.8386497,0.16687584,-2.6631794,-2.306593
1696,train_images/81d79d53ed7b.png,51fd089949a2d5fc6838eeebff313231ba8dccb0e1f0555d76f58aba9fddc3b0,1696,0,0,8.389019,0.55963135,-0.37898636,-5.8971977,-2.5001469
1701,train_images/e32dc722eca5.png,b426b772cb49868e0be7f5c143e7dd7f726b1fbdc13fbcf9599878e7aeec3a57,1701,4,4,-4.1395836,-2.7335854,2.2145576,1.6829815,3.0992272
1706,train_images/34acae864963.png,06d62feeef0fb80e80fc1a82650cd6035932a3d692762ab6a676fd1294ea51dc,1706,0,0,5.9748917,1.0373192,-1.6007023,-1.8842583,-3.3762693
1713,train_images/a4d4b69f7404.png,97d749a686d94320e42ff0979558dfe9f22c9654013125cea02458e725163325,1713,3,3,-4.3475075,-0.036830902,1.9492283,2.4779034,0.078727484
1718,train_images/750e0168399d.png,70c839726639b98ed74da000659ab0ce6b167ed08d41450d1c212a21013656f5,1718,0,0,4.8676987,0.35194778,-1.187336,-0.76872444,-3.1185331
1723,train_images/fe0e2dee1834.png,434ecdd9f3c6527a752e8e062602620532d634325f0f85d3261cb4b2a0997a9f,1723,0,0,6.7480545,-1.4656525,-1.8431816,-1.608141,-1.6764369
1730,train_images/6fb656d506b2.png,348aa93fe38489988e10693794494be979a8362ffcc29115f077d4fab296a69d,1730,3,2,-9.034325,-0.4444542,4.203952,3.3480244,2.043895
1735,train_images/d1a24527a15d.png,935aaf3323cdbc0d1c7337fe0b6517152729e768670cc4cdd287e1d8a7198ffc,1735,4,1,0.15772629,1.9320908,0.21003151,-2.3546124,0.19640231
1736,train_images/69591ebb198d.png,5f6dcd992065e5fed1ae13057cb87998922db2f3dc6208869e7e1fa75a740ed9,1736,2,2,-3.822403,2.7286987,2.761282,-1.8154812,0.27370048
1743,train_images/a19507501b40.png,c3724e55e3bded8f0d026bfba59244d1e5adc25d1933ce0662d4dbaa24107a84,1743,2,2,-3.3240166,1.0891495,2.3482952,0.87851334,-0.8420191
1749,train_images/d3e884109b45.png,46a8706d80bc8a135ea4c7430d124555ab47bd5f6ea926d74dad2bb2ee0f4557,1749,3,3,-6.704674,-2.4898148,2.9327183,4.2549076,2.1504228
1750,train_images/f9e1c439d4c8.png,fc12c65aa6207bd74cffe19726cc3ee11d371f54e3bf019919df3b96d99694bc,1013,0,1,3.3816948,4.0029793,-0.29683876,-6.4764786,-0.47704887
1760,train_images/0dc8d25b3f69.png,3b97dfb453d2daca29b966181c9c8afeb52f273cc7126d69a757195cb988ecf4,1760,3,3,-10.113007,-0.63064575,2.4884434,5.2545834,3.102274
1765,train_images/a62e995f167c.png,6a4859bdb98fbf886a4e4dde9357ca2d45c177bb782ca1e5423a530b0e7c583f,1765,0,0,7.434021,0.23169708,-2.776003,-2.978983,-1.7657766
1766,train_images/d6803e467592.png,56c4af667f1753c23017985a8e1f14d74c0b1acaf178cf415979c6b2e88fd422,1766,0,0,6.845749,1.3309135,-0.31679726,-4.253479,-3.4714508
1769,train_images/0abf0c485f66.png,eee2fcc8ce8e24c9aa13f5d7d6c2b30b84d00fc97d1c29522cdb3e69fb0bdfaa,1769,0,0,7.095497,0.5241623,-1.3286324,-2.301939,-3.8364754
1776,train_images/e7b5dd5bab1f.png,edd718dc08532f5a92141647d385b4e3f8a66358c536a42f369e84a1c13d4f25,1776,0,0,7.646137,1.5065918,-1.5919895,-4.066925,-3.3517547
1783,train_images/e868c3da340b.png,181b2a618f48aeeddd42ea21713bb92ea2290da627ac3c0b569b4b276d12ff22,1783,2,4,-5.365341,-3.1687622,2.0432377,1.8243313,4.779338
1785,train_images/4e1e252317b5.png,63352a7042d3c846b16544f01298b91f4d17d9421d495d87cdd7ec4624f53124,1785,0,0,3.8103294,1.2745438,-0.028125763,-2.3378334,-2.5872273
1792,train_images/74211a2b6dcf.png,0d34db0625c3940a13ff02eda65c83e5705d8e6f63f163578c0fc5d5e54832ef,1792,0,0,5.4536057,0.44473267,-2.2634258,-1.5236912,-1.9437904
1799,train_images/cc839823755b.png,9bfcc5854766d92c2f3bf3426604730d6f88431b373c14dfbb34b5b11ca77d08,1799,2,2,-9.003006,0.88627625,3.9871492,1.9887028,2.2508779
1801,train_images/b95d4dd8e5e2.png,2351dec02e436e7050c99fb7477bcd0739852f51b5071eb154dec53f3e224fb6,1801,2,2,-10.267075,-0.24280167,5.8685083,1.7316761,3.0117354
1806,train_images/3f82631e9080.png,0f3b86e6d81647f364b84b54fe54871ea7a0c55fdeed11405da479dd36edc59f,1806,0,0,5.787197,-0.8240433,-2.3225307,-0.8275013,-1.6672311
1814,train_images/ace2281f00c4.png,902f6e28e70591b8051e77d7ba6a193f9475192781e0821255d33aa6f7fa62d9,1814,0,0,6.675564,0.20781708,-0.8349247,-1.5603333,-4.3348045
1820,train_images/09934421c79e.png,7c9cb44dedffa930d0725d603249a5b2169cc09d1b0af9c31dd152eaeb4da9ad,1820,0,0,7.6611443,-2.1831207,-1.6064091,-2.4705582,-1.2459598
1826,train_images/5a5d3798c357.png,c68754eb2523ef405c3b76a557e10a203d6197dc796703d97ae61ef761f7758a,1826,2,2,-6.6886063,0.8680687,3.2187767,0.32637787,2.3970942
1831,train_images/3e3a3955b9c5.png,0afa836713713de6040861d9d15bad250b9e4be7a582114cfa1fca7675cfdcb4,1831,3,2,-8.646751,0.73911285,3.0454245,2.7228909,2.2492328
1834,train_images/2a2a6435f7f3.png,b198115d30e24849d19156fcc1c48947d03dcfe03593ea906178a7f04cab188c,1834,0,0,6.8471985,1.8154831,-0.15070534,-5.051527,-3.3287735
1841,train_images/fc4d69128e7c.png,72aa70a9294f06deefc5628d048fbffa2d713357d190e28d0780ab8f41035a94,1841,2,2,-6.395706,-0.93505096,3.8184872,2.1693783,1.4814799
1844,train_images/cffc50047828.png,83bdba735d31c9d1e60e617116f8d4a7650de8fbc596ceaa9644c3f8550ac702,1844,0,0,7.940731,0.05065155,-2.8911648,-2.4018593,-2.550889
1847,train_images/772af553b8b7.png,9911bc04a23b72503fbd07439b378996d66845174e6035de61e8a89f268098a2,5,3,3,-10.088989,-3.6460304,1.2734318,6.4158993,6.1568213
1851,train_images/61c667663f2f.png,e8fc9ceb9e23078769d1bd775fc0365b87907136cca05c96e42df769497e3702,1851,0,0,5.1678276,-0.25875854,0.14938164,-4.353386,-0.5748215
1855,train_images/07122e268a1d.png,f89bca08645bd43831048e7c322c5cd6bb8ba0ada7326c01db6d764ba6692dbb,1855,4,4,-10.01783,-1.839798,1.6687069,2.7390232,7.559276
1856,train_images/17d7d6b092f4.png,f41a32c35ccb5257b0d5ee3d5fbe2f4254dcf46cf69afd7d6debd483e58dc3df,1856,0,0,7.2740097,-1.8160057,-1.4484539,-1.1888237,-2.6721091
1862,train_images/c9f0dc2c8b43.png,1148ef43d0b4873455fe6285dc8ceb484cd78580306a93c4b5241f737a8ceea3,1689,2,3,-10.298058,-1.8027382,3.765355,5.133318,3.29895
1863,train_images/188219f2d9c6.png,68abddbb566eb6a25b1a1dc6b40b25439d982daab6026263d2eaa655c96b2085,1863,0,0,6.4922333,-0.46916962,-0.44333267,-1.824564,-3.6025949
1864,train_images/5e5275ddee29.png,4f0129406806c4db9dd6adeb170befb9f2117438ec45c125f53c357665706491,1864,0,0,6.156807,1.1959152,-0.47581673,-3.2390537,-3.5000443
1866,train_images/7bc00e58d419.png,aa919920feaac259811f657c458d2dcef89ecc086a00cd6c0a992ef4d8b4abf1,1866,0,0,6.327751,1.09552,0.05622673,-4.858038,-2.4861526
1877,train_images/e9f82b5bbaf4.png,e6bb54b34576ed057a308ce8d54db045c2252086acc8efc748c3b2a4cb8fedfb,1877,2,3,-7.300995,1.5331116,2.1945877,3.3928242,0.2887597
1879,train_images/555d0bef3c5b.png,a91bc505c18ed7ffad52d3bebcbd5ab67b01605a066d9466724f2d3097655f23,1879,0,0,6.8022003,2.0263977,-0.94158363,-4.1757545,-3.5763178
1886,train_images/5ead17e894ae.png,96b336589affa1ae46960f2d3eae3cde4edd44adb30478a3efff1e43075361f3,1886,0,0,3.7460709,0.69879913,-0.48448563,-3.6624508,-0.13158607
1889,train_images/ef7a4ed8d5d1.png,8db826d8b302ce358ed3eaab321ed6ac487f6065e895289c7786f6224dbd2ff6,1889,2,2,-5.3849335,1.9292488,3.6991234,1.2441463,-1.3561411
1897,train_images/a32b5ce3d48a.png,2efb9fa204106a826a91c5ba3c86d3543eeac14872ec3239d52c864491c1b758,1897,4,2,-6.73571,2.4833603,3.2799292,-0.6593132,1.7219889
1905,train_images/891392c9683c.png,cff6c8ca0f6dab45c22e4b73d57381670bec63e48aa75fb6b9fda304f55d3a86,1905,2,2,-7.155365,0.43423462,4.7421436,0.7947445,1.3265171
1908,train_images/e1ab92228e60.png,ed8fbdd3792ee6cf27989e1901321a2a71c10997b0124a88ef23764a061f2505,1908,0,1,1.8492508,2.679367,0.7777653,-4.2513905,-0.9241257
1916,train_images/d5ad3362424c.png,4948c81a633f3ff0fde7ade239a76dadadd94eb10eb310c19eadf598943e0b76,1916,0,0,6.946419,0.011756897,-0.3933754,-4.379198,-2.018673
1919,train_images/86e7f98f73f1.png,1a751e7d99513c7ffec7a3a9dd4516955867a40bdf486ad2722f8646435f2444,1919,2,4,-4.9078674,0.2131195,1.5607262,1.1233883,2.1309824
1925,train_images/a8dea22ef903.png,88c4c96ea7c756ca021ec42fa989e76d9d7b5ef61cdd10eb95e49628d4ca555c,1925,0,0,5.9239464,2.0109901,-0.13446236,-4.020813,-3.647202
1936,train_images/7f6ce40f306b.png,1664dba828f9e28572491df0edd44b6c3a5bebfb44066bfee4afeb45e8fcd5c4,1936,2,2,-7.3912964,0.8451195,4.2685595,1.5084934,0.89335155
1941,train_images/f9156aeffc5e.png,450184113bd249d307eee9205f067ee82cb3945b7e5bee53069ef39c6b44117d,1941,3,3,-6.212555,-1.5128326,1.4597569,6.533663,-0.14148521
1942,train_images/28dc010a0780.png,fbbe3a196ec19fa9c3806cdd3fff59c456827fd0d3ade97d82e96dd323e52a43,1942,0,0,6.876667,1.7801819,-0.9644203,-5.070883,-2.4908752
1944,train_images/338326891d84.png,79121769cb0b4081cc0bc5ef4665b08aa25f577208e25fe798b7ab0f32bf2145,1944,0,0,5.1187973,-0.1687088,-1.9572945,-0.8975105,-1.9455223
1947,train_images/5293576816aa.png,821ab18fddab2ca0344dfc3b00a91676e73a3d1126c15cb6575a5f98b3a9f9d3,1947,0,0,5.0289764,0.41498184,0.6907749,-2.6829834,-3.3103962
1958,train_images/628b581aa905.png,3e7c520d04e22f1140cfed1923f16359b3d7e0f534533c7722ae32325853e5a8,1958,0,0,4.339802,0.22601318,-1.2501392,-0.75128746,-2.423027
1962,train_images/393fa5a023a5.png,aba863cf732285ed85a92694cc5b57c5446d4b1078dfb25e6945e844ecd313ad,1962,0,0,5.696457,1.9346313,0.36903954,-4.076214,-3.793478
1969,train_images/b72f59b85f7c.png,964e8574788535c79dded46f053533e2b196f5cf297859311ad217761ebab736,1969,0,0,5.968033,1.2364044,-2.1165524,-1.6873684,-3.2485857
1973,train_images/64c6c6ee0d98.png,d51bdd0a5ac09a60c5a33c2abe5b6244ef23bce933c559128d6f8943cf01ce8b,1973,0,0,7.1977882,0.7795868,-1.5804062,-3.828947,-2.393487
1978,train_images/c1819db0aece.png,25b3220e6c6822d97beef3e18d435d0c3c3201a15081303cb030140199a9ee7d,1978,0,0,6.890896,1.5103455,-0.95386314,-4.0846825,-3.2276163
1981,train_images/441117562359.png,295083548c2e1af130b55b024875b5b7b1f09d7a47d3ca2c8939178cb1774d8b,1981,2,2,-10.440407,-1.0637856,4.535198,3.5435162,3.5310054
1988,train_images/4ecd1fdd1435.png,77a1a4d1b1aadcdf125a179f02afd630c2f8d608cb4563dd37f3f686de765983,1988,1,1,-2.412468,5.219391,1.9309406,-3.008215,-1.6062703
1995,train_images/d26bb2ed6e71.png,94471e503c2e1af50041a17ac165fc93d0f6721f0d946f701e9d778adb743ef2,1995,0,0,7.5498505,-1.112854,-2.0344772,-1.2388134,-3.015882
2004,train_images/5777ef74c9ec.png,8bc0a987bfa59f68e194d3e2967c753be3d8c6c690b6f0fe0921bc0c287a95bf,2004,1,1,-1.2838745,4.250084,1.4929276,-2.2824154,-2.045024
2005,train_images/d2c5fb82fe5f.png,44ac0189e306be3720e461f6006d8d8cb4b8e830ee4f9464f56553249d80160b,2005,0,0,8.207542,0.4551201,-2.2379818,-2.5115318,-3.7638388
2012,train_images/262ad704319c.png,6b35df7daa6f987fb187453331edbf2885ad5f305c8895ea895ea97fb153443f,2012,4,3,-11.485283,-2.24263,5.1461124,6.3236713,2.358885
2016,train_images/237c078d00fc.png,799c6d1f88d5d844b1e75081cbdbbaf020b012186972aa6b026dabfa5ed8cdc0,2016,3,3,-11.456627,-1.8430443,3.4239511,7.7658253,2.2226958
2020,train_images/ff0740cb484a.png,63d7b5c9ac929e83d6ba6814516b856d42371fd4b1acfb667379a4c7f5f0ab87,160,2,2,-9.18631,-0.19673538,4.8179035,2.7020473,1.958144
2023,train_images/0c76fd494af6.png,0b44d5b9abe1dc6eb8d275b9db201453ccedb99f8ff92a835d624d4e475e7cae,2023,2,2,-7.330063,0.100624084,3.8421803,2.2558346,1.2415118
2030,train_images/f90f8931a9bc.png,147730d9da53a1c3542fdb2f3b4b70e895e2a7fd5ee588eb2f9fe31455382571,2030,0,0,6.2052574,1.4704094,-0.6431961,-3.9154758,-2.9788008
2033,train_images/edceb0657d77.png,af61e25d5c4121ff1a78b699d0151eca50fff79961ea46bf3bd540714a210dd4,2033,0,0,8.315826,0.86226654,-2.240717,-2.5743732,-4.210598
2040,train_images/0cbcc7b23613.png,53b0b766d99738ba923948fecc4cb2f08b8d208f022b56ebee061b8f7fdad20c,2040,0,0,1.965992,-0.6025505,0.936203,-1.9422417,-0.17782354
2042,train_images/e7291472109b.png,158b5395c1d35c76d2fce8c4fc158c714857963f1adaf4017e91c5ffa8a56874,2042,0,0,6.094986,1.4410515,-0.21509743,-4.5133934,-2.6687784
2047,train_images/7bf981d9c7fe.png,161dd429014bc71e67ec7e6ac6d80db95d8fdb796ab7e4eef660e64054fee6c6,2047,1,1,-3.5371284,4.473694,1.102663,-2.5458584,0.6461041
2048,train_images/026dcd9af143.png,e79e37bd22b14bf7ad3a8887613754c8c1e094a5e12579d7ab294116ab1bec6c,240,2,2,-8.108582,-0.3417015,4.3994236,1.6476498,2.5349572
2050,train_images/6d9effbcde78.png,51b080a7ab6850de94af1163fe3774a4cf71e1884fe4e677b0551f3e5d85dc92,2050,0,0,6.612034,-0.6469841,-0.75211334,-5.445078,0.38384032
2057,train_images/a81b06f50612.png,427402c670d8763c0916c31a467ba6ce010c884bcb40367835c4355a40ec64ac,2057,4,4,-7.98864,-0.53105927,-0.50390816,3.5020123,5.640504
2062,train_images/891329021e12.png,b6bd3a8479177a4f01ffdee2152a8ba5ded25a89d346e47d101eac44eba8d42e,2062,0,0,5.48592,0.13879395,0.050271988,-3.0487099,-2.4830365
2069,train_images/fa3e544a7401.png,0a0e98e2251f6598c351440e08d6c9c35be30acde64f46a666b958225f442a48,2069,2,4,-3.7019882,0.24626923,1.230835,1.0669575,1.3149598
2076,train_images/6ccfdb031184.png,fd0fb957fa7c344ce453555f8eb0823006782f8bf622418a44cd7be9308a37a8,2076,0,0,2.9549599,2.6711388,-0.19644547,-3.977272,-1.2869339
2078,train_images/760b6f4c6d82.png,dc6af0ac93015d9e84d89f7d0ccc4263ebd9566184b377c36007886e32d19c6e,2078,2,4,-12.485725,0.82588196,3.0511913,3.6795788,5.0206327
2083,train_images/0519b934f6b1.png,f47fca5f20b0a89f3d3c34c5753399fa1b54d511271bd590f7879de4b2e4b1d3,2083,2,2,-5.8547745,0.9307785,3.4304285,0.9605198,0.6572974
2087,train_images/33e8e26a75d4.png,16a973b706caa1bf06d4637732096024a82b1deb4681cfb541305512b21d874b,2087,2,1,-3.295086,2.9672127,1.4977245,-0.16476822,-0.8889899
2093,train_images/97c6cb55866d.png,5455cce42312d359a91b5b994d19893928ae879c3ff382caa591aa467146f39e,2093,0,0,2.4850693,2.188366,1.2358532,-5.70269,-0.050764084
2103,train_images/b2b79b37d314.png,4c81c42279ffb8211fd1abb2c9a579ed1cd2d7343a7374c8520878fb35c774e4,2103,0,0,3.8317184,2.5640945,-0.4228096,-3.2024975,-2.6379457
2104,train_images/1fb455685328.png,7f8d7cc2a31d2e143e48ee662e2f1b37101b254041cf7ddba3ca12989557ce02,2104,0,0,6.325035,2.2490387,0.02772522,-4.3869743,-4.0810223
2109,train_images/3b5dffe159b6.png,bb61948f599edcc7b07b71b0c132b844a6349296a1fb64ec56ed4a540581ff3b,2109,0,0,2.8185692,1.4432716,-0.33000183,-2.0661964,-1.7320518
2111,train_images/57a5e4274275.png,1c946d4a1e1927295c4531839886b26178d64784f03dafa3801e5709df0cc885,2111,0,0,7.437004,-0.26136398,-0.6091976,-2.1704693,-4.2411337
2119,train_images/d1fb4efb117c.png,d57047b60db617c6e40fe729832f4dc388fceaf9abb2be47754c24bb6f54edac,2119,2,4,-10.143303,1.4184418,2.426321,1.4944801,4.8967304
2124,train_images/08bef347f40d.png,d01115696fc9ddc896899c97fc8d7547ef19bfc121dc2d6500b18f6dd2d412d2,2124,0,0,3.2894974,1.4488144,0.24060059,-2.842186,-2.0103188
2131,train_images/8e76054f0831.png,6dc2669552a69655f24350ed7667e799a4ba288750a56cfdb6a039faf2357d85,2131,0,0,6.693634,2.8439102,-1.0385303,-4.6651382,-3.6952949
2136,train_images/a96ff96bbae5.png,9f27e945649a6a63c5566d08ebe04585bbb899ce30bf8708ad8da375abdc343b,2136,0,0,1.8932419,0.33950806,-0.013883591,-1.398386,-0.69066334
2141,train_images/c01eae4b4939.png,525f3394628876ef7146d742cd67c26171ff14dec57f94fde1fd6724c63d0f3b,2141,4,4,-8.216675,-1.5395813,2.1061,2.1187153,5.6485844
2143,train_images/ca0f1a17c8e5.png,f4d2af495393fd2a22afa0a58aa9da184ef390022516e66591e170af408947a4,2143,2,2,-7.588814,-0.40480423,2.947238,2.777399,2.3921528
2149,train_images/f066db7a2efe.png,6a20c25aab24f0b886ad537fcf5bb9d558434fce0f27c7b8ebd149fd5dcccc00,70,0,1,1.9886131,4.459244,-0.10437775,-4.5445137,-1.6566448
2150,train_images/af133a85ea0c.png,c606be1c2217e9d8c6f58bf2614b0f9d5418070becbf1d0b425f9ffd4552fc53,2150,1,1,0.08482742,3.1650429,1.4356937,-1.8779335,-2.6589808
2151,train_images/2f7789c1e046.png,794f16cb396213fba7aeb65cda607d7a8545c0ab695df0a9f4337888cf347636,542,4,3,-10.175308,-0.9938965,4.2358627,4.638788,2.394927
2152,train_images/2f284b6a1940.png,f974c49797a80dbe3b68741fe93f9f18a5d25fc48d985d2aba93dc15a40ffdae,1054,4,4,-5.305229,-1.1682968,0.17326164,2.570406,3.849948
2160,train_images/55034b1dbff2.png,539778823e44a7948a2b01b83b81b32bdc7fa42eb95c2e59262ef61fe95852cf,2160,2,2,-3.6811562,0.51213837,2.0756664,1.479351,-0.2592783
2166,train_images/54dc6e8107cd.png,3c12589e093b75b7161ac484792bed814f8df235346785cff48e14278ff38a95,2166,2,2,-7.11821,2.481926,2.766817,0.04942894,1.9156418
2171,train_images/31cb39681f6a.png,6720ed23eb04f4efb7449d6f3e08a52edffb04bfe7493aa3696a291334110469,2171,1,1,-0.9770508,2.7154999,2.3334274,-2.5857086,-1.3400202
2177,train_images/52886bed8a07.png,faff544a400a41b36a35e672231605976a592aff18a7ec905b1f64bd023492b5,2177,2,2,-9.520226,0.6781235,5.8653793,1.0056267,2.0768218
2180,train_images/de38adaae009.png,7672edc2c33a98d2c80c66095db6ed20da4d95b0b8d1edd9d7f7c0166266c09e,2180,0,0,8.465561,-0.5649719,-1.0866928,-3.1543713,-3.485558
2186,train_images/c96f743915b5.png,a369500c4bd1379fcbe5b577b3764191823e71e0e3f887ef7511e40ae1831108,2186,1,1,-3.9087105,2.7575722,1.847105,-0.66851044,0.112794876
2190,train_images/6b30767595d8.png,913c43d4ec7f9b52e75dc5226d6ddde6851d3a8091655a622c1e23429f797ee5,2190,0,0,5.576271,-0.87016296,-0.49309158,-0.24015999,-3.818975
2197,train_images/2e26762daed5.png,77f99849f8144936b3a8a3ee18f9daa9a87d7d653a4ce79eb94eb2da057ac8f4,2197,2,2,-5.960579,-0.60741425,5.570278,-1.2081776,2.3255067
2202,train_images/1b398c0494d1.png,6e14afb6c1f609c78b8030f667d7024279a41536275b4169444342e0891ce65b,2202,0,0,6.838257,2.8301697,-1.1025162,-5.0711536,-3.3629637
2207,train_images/60eeae3ba23d.png,29ea839a3c1423dc3b42dfb18792264ac6e0bfc5caeef2d2bbbd5af3dde21dcf,2207,2,2,-5.499466,-1.4250946,3.7654839,2.0470562,1.2414117
2208,train_images/a9e3d186cd1b.png,3128b80a5a7b323fdf2548da2fa2854c74069e725ec142fdf8e222ce8a5d5068,2208,0,0,5.4085617,0.3102417,-0.78154945,-1.2411499,-3.548131
2212,train_images/86d6808f0609.png,d6d9dd6a22655cc680a333393de4360f9cf9487f377dac475150744e5e009ad0,2212,3,3,-10.9722595,-0.7989807,4.1757317,7.371069,0.31518912
2216,train_images/3c28fd846b43.png,dba858960d1a702963c973ac5bcab3b800b34793b367e82a151fa377130908b7,2216,0,0,4.1039276,1.9013939,-0.24813461,-3.4584808,-2.1693401
2220,train_images/9ed6c2b25767.png,5ef93ba1b77f0e1f18f09ce94de703b4cc3ada644297de44574f6fac09a76afc,2220,0,0,4.089134,2.80373,-0.8426304,-3.807127,-2.0751343
2222,train_images/e4dcca36ceb4.png,094ce83a38d6a515bdbc4af4ace5d50d933ab7a4233b6db8e694ee81dd7cdcea,2222,0,0,5.092621,2.5539856,-0.04237175,-4.422949,-3.0520396
2237,train_images/e2ec22b3d07e.png,846bf8db7a3da1bda90bd461f5b20eb5e0b6414a3d1fc8c53281de55c78341c1,2237,0,0,4.307598,0.40998077,-1.1071129,-2.43651,-1.0066013
2240,train_images/c546670d9684.png,558d4876bd43e6b60f62cd5e9546c427b696d92d160931044f1da8607bb6243a,2240,0,0,3.2891273,1.8891335,0.1764183,-2.9811573,-2.219571
2247,train_images/b86fb2d5be1a.png,1063603a7efac46e913a9161d2028d90ba6761ce28adbcbcfcd5d77bbec1fcbf,2247,0,0,9.081329,0.48496628,-1.5782261,-3.7430782,-4.077732
2249,train_images/85fce24084da.png,9503f1a6f7c7a8ee411bea293ad2264a06a34242ad482ad3a5a8b606f9cbfe83,2249,2,2,-9.634445,-0.259861,3.6560297,3.5598888,2.7894003
2252,train_images/ba08cee68c71.png,1f66a03304b965d12c3484a2d6c50f548eb501f780cf41951d82a7be42655a71,2252,4,3,-9.821312,-1.1223221,-0.45479584,5.961523,5.5401325
2261,train_images/7a39c91416e2.png,a338358233d27f11a303f01fbfdf319bdaa0afa3871449d0340db3c674a7a931,2261,0,0,5.970661,0.5573273,-0.9797611,-3.205227,-2.210679
2268,train_images/c6916bc42016.png,c8b2692db0a292496e952508a6dc416342fb84b9a06c6b5600c53a9b9a77ff14,2268,0,0,6.4672318,1.641922,-0.08879852,-4.213127,-3.6706357
2269,train_images/2b5bb6d33959.png,0739f35e8dea57d65a9d8bdcd960f8d0b54da7831bd57b8c1c5994c2b6ac3ae6,2269,0,0,5.2311134,1.2767982,-0.9366894,-2.0570526,-3.376894
2275,train_images/4409965eb2a4.png,27c667efc74bb6836582130da5eec2c15024fafe9c89b40ef8856efde39d68f1,2275,0,0,5.3811455,0.9757843,-0.5513382,-3.648243,-2.0282545
2277,train_images/46cdc8b685bd.png,68c44265efc31461c963c694f647703ea900ade5eb9adc08fdd138d564486776,2277,4,4,-3.648285,-0.40229797,1.7159042,0.10626602,2.3585482
2283,train_images/ebe0175e530c.png,c181506d2f689251dc1c71d9394aee14f9dfce167dbbb08d37a1d263bfe589ff,2283,4,4,-8.650032,-2.4231377,0.40138817,4.8299274,5.9419775
2290,train_images/a34fc5376669.png,ac49dde41facc5a1cd3474cad1ad97dd61c28d1e4d90c3c9112243a7d579ccf5,2290,0,0,4.407543,2.3377228,0.31519508,-4.666235,-2.2677693
2294,train_images/dad71ba27a9b.png,73808f3e2e3f8f69f0855b34d9a10c4b90e354dfedb1b800ea0ce55cf442d743,2294,4,4,-6.514099,-0.3641014,-0.19119263,0.40176582,6.791392
2297,train_images/3a1d3ce00f0c.png,c3724e55e3bded8f0d026bfba59244d1e5adc25d1933ce0662d4dbaa24107a84,1743,2,2,-3.3240166,1.0891495,2.3482952,0.87851334,-0.8420191
2299,train_images/66393d8c60ba.png,99c229b323181ce20ad6fd890ed7ad791b25ebfc107bb2bb26dba8035ba954bd,2299,0,0,5.666256,1.2059898,-0.15811157,-3.7746906,-2.8049269
2307,train_images/af3b0115aad1.png,81988d96c34e63a9cb1005e968848413b2d30bb69e8cb4184009d0d72c3d9583,2307,3,4,-6.645035,-2.3110275,-0.7804203,1.2367935,8.610948
2314,train_images/3e1f8fecb06f.png,5f1965411c85f0bfd5edc02b2b65d562e16e9cb47d7c5abca9df70a1bea5ef15,2314,2,2,-9.963425,0.20631409,4.8613405,4.116766,0.8998673
2321,train_images/17e6116b89b3.png,d9325cdb508b69c70b4b54d5718359f3b82b4302f3701d47d5e8a986de4077ec,2321,0,0,4.749428,1.9194069,-0.9734669,-3.1094456,-2.4531918
2328,train_images/7da558d92100.png,3e91d1396387fc6daadb26fba6fe1ec3eae55493b9572f61e313f085a737279f,2328,0,0,6.934227,-0.14901352,-0.97104836,-2.2483196,-3.4138546
2332,train_images/f5e9a307288c.png,538316ecee876fb092da384110ce74a8314970036ae8b7a43734a04398067806,2332,2,2,-3.7604523,1.4515419,2.646473,-0.7088604,0.49842596
2338,train_images/ed246ae1ed08.png,3ada0af8ea9fe7aba43df53b9656c747e87a4867aa966cc47007b3d11f19c4aa,2338,4,4,-5.3017273,1.7814102,0.8663788,-0.19308662,2.9538233
2343,train_images/b1c6f0997e27.png,0c224062b27fd1f20d2ea78d1754f71a0c5f14efbbb66d0cb30720c030c52233,2343,0,0,4.1759796,1.3830261,0.5862999,-4.0907097,-1.9240589
2348,train_images/3b10191dfd25.png,529f064fe0a3d63afa871276082feced4734775a8c0414a0eed92d7966f02e82,2348,0,0,3.5587044,3.303543,0.082185745,-3.9542637,-2.829609
2352,train_images/a3802934bad7.png,e97cafef35db45cbf8b2c0005b1a1fd3c6d0d664fe423520f580caffc46c3f3a,2352,2,1,0.2607727,2.2633896,2.1826115,-4.610384,0.02404499
2354,train_images/875d2ffcbf47.png,8f2af6232c95309e34bb956b01db3fea4432892f2b8a7e495b95ac527ecb4d73,2354,0,0,7.3473473,1.5709381,-0.6139908,-3.6384773,-4.527547
2355,train_images/51af8c112682.png,b6aa8f5494b10ef9e15d852612a39aff81cee7e2cc5f9bdde90d8d933c140f49,2355,4,4,-3.1262283,-3.0443535,1.9776077,1.6693554,2.6725748
2362,train_images/a8652b2de23f.png,f5ce43f82c310c8a40113672085ca4f04e95681b13ffd56f7db7a87d5a8f9af6,2362,2,2,-8.728378,1.9076233,3.2574224,2.2421398,1.409553
2367,train_images/2b10f138e67d.png,8cd436a82a1c44eba06fa0383b99dd65bd5ae22aa993cea2d8c64b338213345e,2367,0,0,1.3669434,0.389534,0.6849289,-0.09031868,-2.2093878
2373,train_images/c5ba9e455d5e.png,8fb91bc86fe2e2de23e246ef2ac1edaa241111982655b18e750882b54d64d5c3,2373,3,3,-7.43692,0.40623474,2.7598858,2.9727383,1.4280348
2375,train_images/9d62478042b6.png,6a41c43974877d5cbe515686e99aea79e7b304a67cc7fec5c4893e28006f3b2b,2375,0,0,3.501484,1.6145859,-0.27929878,-2.3245296,-2.351272
2380,train_images/810d3779abd9.png,b51b864392490ccb3a788b092544959cdee0c8b715da22719c4086b91df44a92,2380,3,3,-11.942665,-3.619606,3.0591326,8.312315,4.265982
2388,train_images/4ed31cc07366.png,2c81f6e500e1b8168456cb6382f67af117e01a6f516c39691e348bc401de4e15,2388,2,2,-4.854492,1.2295227,3.668435,-0.58379173,0.65581846
2393,train_images/0097f532ac9f.png,6918fa9978a11f40b6da9c8408f4399447a4a56b116965c2e9e7b791fa357acb,2393,0,0,7.5285454,0.31235123,0.0969429,-4.199732,-3.57407
2395,train_images/922586d86cd8.png,f4ff5fbd440d389f416707a8e58be8ce62366966fef1785dfc5eaeb81fc512c0,2395,0,0,5.3003883,1.8550682,0.04576111,-3.0082226,-4.057953
2397,train_images/19722bff5a09.png,cd834e9d9e273765341d800ec2865100caac308e80d9f16c66e4f57892b2ca71,428,1,1,-1.3807373,4.631054,1.0995884,-1.8167381,-2.4077425
2400,train_images/73e83a07a16d.png,f2f175df5f62713e7eafc9cd4a2a0542b17b5fae55909fe2c9ad5aaf24492572,2400,2,2,-5.1845627,0.83729553,3.2101994,0.70171547,0.57217383
2408,train_images/4826d10030b3.png,0df8038d236338f7d5628448e23b5e775698dedb6209645663adff73dcdb118f,2408,0,0,5.7986755,0.78889847,-0.78432655,-4.2455273,-1.4260182
2413,train_images/111898ab463d.png,d8716779bd82ef4fdc2d566c74a33bfa83c30a240536b0af716889f13568a543,314,1,1,-3.7982216,3.6954994,2.1316223,-1.4461422,-0.4682331
2415,train_images/c57c164bca05.png,0d43c58bb2e6e42ca01ff361441f27685d48a6f4ecada823bc2cf5abe0b015f0,2415,0,0,5.147766,2.2295914,-0.7825947,-4.3319874,-2.1021614
2420,train_images/e9286ddf6ffe.png,21dce3b5af6bf5c1aa1ba2f83545551b751ebef59b1eae647cfd5e4448bb2429,2420,1,4,-7.852768,-0.15829086,1.1695843,1.7975826,5.1560564
2421,train_images/b98f77098b9d.png,f3603cc91a0407429e13c200a8b053e53e73d353988db47e2a7761df1de0b183,2421,2,2,-6.0778275,2.0437088,4.268717,-1.1746826,1.0750523
2422,train_images/01c7808d901d.png,1115fabd82b144b4fcd66093c3182b59c98902fd0fdd54007d1c80c97a3135f0,2422,2,2,-9.299362,0.49445724,4.3109474,2.568983,2.0377204
2432,train_images/436e1793d240.png,b214e876bded9ce0fa212fd6e000a6e7642aec89ee8a0fb8b3b00f3c3bc3ff27,2432,2,1,-0.67090225,2.5261345,0.51304245,-1.5405216,-0.66405153
2439,train_images/907aaff827e5.png,6ed4e47fe8499414652ef295c9d4508f8606f081827d8a67ddb42b0d6eab7a4c,2439,2,4,-5.4254913,-1.6757507,2.2588634,1.9068394,3.0589375
2448,train_images/571bbdbf585e.png,f227afb6eb10659ec0381aeaf399ea30dced10cb238d4788eae30e741ef4ef83,2448,0,0,7.012783,1.649437,-0.52523804,-4.928253,-3.0747185
2454,train_images/c21eb81de9fc.png,017d88ec9e3efcf2cbfe9ae830a4e02d67b75c6bb9a3d0b74c718a88377fb374,2454,0,0,7.707012,1.1054382,-1.9715118,-1.9239407,-4.7658787
2460,train_images/6fe67482bfae.png,5b5171f706b04b025336ee41dab0c26eded642cab4ac7b4ceec25e68a159aa65,2460,4,3,-11.944687,-2.7477684,4.455927,5.6552715,4.6707115
2464,train_images/2da82d14e1b7.png,e6aed037a8093c646b0db91fc91b9dcfc5e60a0cdd6df73c078e3e82bf709ebf,2464,0,0,6.9076385,2.2397423,-0.33846664,-5.3605976,-3.3163438
2465,train_images/ee6e39319b39.png,07e97b12bd2444147f886c7c1d22b761c8003d1e95ee5cdb33224dba9aaee5d5,2465,2,3,-5.7172165,-1.023922,2.2301273,3.000002,1.6368961
2472,train_images/3c1efa38d0da.png,f2b6f61a22ac8bb5cd64fb3b18864c232fb04b0252ee2af7183808cb8e8704d8,2472,2,4,-6.395233,0.1285057,2.2419834,0.39297676,3.7732859
2474,train_images/000c1434d8d7.png,a88b13fa761c56c874fada6925237fad0595c01380b0c29845f0dec2289bb3ed,2474,2,2,-7.6416626,-0.20842743,4.417549,1.270071,2.2765164
2477,train_images/b60dbf9f0744.png,bb77791449ecbc32e85d19d1844e07baa11bcbf931cb755d75e958230f0e147b,2477,2,3,-5.518486,2.2325668,1.088829,2.5266476,-0.22055721
2488,train_images/a247961a5cd9.png,536e4b24cde8b4f789768111c14e75f0514f6b99c127955990e6994f2794650a,2488,0,0,2.9458199,1.5665436,1.423748,-4.098196,-1.7114644
2491,train_images/4c53cc97ea13.png,de39dd2fbaa30efe214383eeec5eca24e86653ad302906de083a995a46e90319,2491,0,0,4.702118,-2.2549286,-1.693943,-0.23886871,-0.36044264
2498,train_images/cb0cc98d7e35.png,9e95768d42b3d79a0d6a26fbe00d0835a8d3c568a95d652db9f27d95877e9b6b,2498,0,1,0.63079834,1.4405518,0.7133236,-3.354208,0.7087343
2505,train_images/ead23cc922ed.png,1fa24390ae066516e0117c1a9f493e5023273e8050efed4498bf80880fb68ef0,2505,1,1,-2.443657,6.698147,2.437004,-5.2636375,-1.321373
2511,train_images/084c02cf077f.png,3414f628ffc3365ceef86c89571c551aab9707fdc57038dbecc2f1dac32f4ede,2511,0,0,6.674591,0.40894318,-1.3492241,-2.7241764,-2.857943
2521,train_images/7f43becd3e83.png,5e87511c814854bf551cbef4717806d198e53dd3007c0fd762b367774fa60812,2521,0,0,5.507675,1.2617035,-0.23534584,-3.5759544,-2.7886157
2522,train_images/60f15dd68d30.png,b69cbec9f6650dbedd3a7b25d5ad967edfcdf9703339386b961add102c45fd45,5,4,3,-10.077904,-3.6176262,1.2892094,6.4183292,6.0990305
2529,train_images/8860c7b11530.png,1a456d67e740a237922b033fbc7c65a69fee983f34be3312ac1809a2eef55a8b,2529,2,2,-4.9994316,2.9253387,4.362009,-1.070816,-1.0948768
2531,train_images/2b4c7b5f1f1e.png,5b8e66ede5d4ab0dad33eda6eb60b2a9f58f23d9acbe33906d2cc0e4475490c6,2531,0,0,4.0850525,0.46046066,-0.33718872,-3.118843,-0.96313524
2541,train_images/ef99c499d665.png,054be3915a05cffefcb3f9c1ea981f1071001340f537daabaa101c60d634ddb6,2541,0,0,5.799423,2.6179504,-0.78186226,-2.9495182,-4.5516663
2542,train_images/bec0acd539b2.png,7dafdc1b7589c1886fbc15829fe1283d8c8e47be9a8436dfccafe51ae42e603a,2542,3,3,-9.761414,-4.0939636,4.123598,5.590063,4.25404
2546,train_images/fb6b8200b7f8.png,efe88d6e4a34ba6c2619d6373d4893afd92a9199ca878bfe60c0b1daa1026c1e,2546,1,1,-3.0885277,2.584694,2.3844376,-1.9323254,0.17484784
2552,train_images/d0d59ed675b5.png,2340835992ca5cab608e1ff55c60bc652510bc0a294b066c120018e32fac36c3,2552,1,1,-1.9973297,3.7186928,0.4993992,-1.506155,-0.5807419
2557,train_images/2700754f71e9.png,05518852f1211add8ce7a6e91fcc42203a843f7080bd946e33926b15f8a8dc20,2557,2,2,-4.72221,-0.46820068,2.2830238,2.198244,0.84510183
2564,train_images/02cd34a85b24.png,9ac84b4edf20f6df97804f577d2fbdd1d6f4e0a17cc076be73e1f95ad16b1b5d,2564,0,0,7.124321,1.4525337,-0.7101612,-4.1567955,-3.5736222
2566,train_images/05b1bb2bdb81.png,acbe6fde938d31abc6fbdafe6138568cb6214d60f6085dd358d171c83dd57bf9,2566,0,0,6.0942116,0.9017868,-0.20872688,-3.3874989,-3.2290187
2572,train_images/0cae727cf119.png,0e293997f5daa55c8392ef37a1706f74b79aec0699fd27f0bc249f4410f47a65,2572,0,0,8.03595,-0.99243546,-1.1900558,-1.7636948,-3.9373522
2574,train_images/0cd31078cd08.png,9095d635aff267185ade77eeb9599cf68736c71f3291ef2cad907d870ac7526d,2574,0,0,6.569107,0.21919632,-2.2358723,-1.6968575,-2.7034268
2583,train_images/12bc439d373a.png,0211955f64a8846c3b316fbab49f25f5cde44c3b627b3dd8cca47a844541bc95,2583,0,0,7.515911,1.7239265,-1.1344414,-4.0633526,-3.9044056
2586,train_images/1608c82a263f.png,f09fd3054fbd413d7b2a94eebf5cfd4c0499c648e577e42410e76f16143be454,2586,0,0,4.268013,0.7757225,0.9767113,-3.6907883,-2.1638355
2588,train_images/17d997fe1090.png,ee7e1aef952b01552bda1feb2c220aa19bdaf01ea4c16fcdd1f4916b0775310e,2588,0,1,1.4585037,2.9108658,0.91259384,-1.5296535,-3.6026702
2594,train_images/1e036f2e7095.png,9a2ff11b2e3236856e387348ab688ca575923f3079a8c6f725d7984c5d554658,2594,0,0,7.3679466,0.5346298,-1.205658,-4.798685,-1.738266
2603,train_images/248dec89b3a2.png,10900754ff5bbe45cf887f41f477de83aec2dacb45a2ab0e69b4252fad94cd7a,2603,0,0,7.2389374,0.6371994,-2.4861412,-1.6192226,-3.6241908
2606,train_images/2923971566fe.png,1c48ed154b6b7d7018810809fc62c9504f67b3791521f5dce5c083cc6b2f58bd,897,0,1,2.0127678,3.194172,0.16190338,-3.8355446,-1.3826604
2612,train_images/2ef955d6d9ff.png,2da859b172a02d16d3370246ef782edd7ffab34e62ac60c7e184862218c88d11,2612,0,0,7.200756,-0.14043045,-2.3696728,-3.2111416,-1.335062
2614,train_images/315c1a0d87fd.png,1048e7506af33c59613e39ddd03ce0a161c1e4475139a377f96d78e5bf1611f2,2614,0,0,7.164917,3.0107536,-1.3758984,-5.116844,-3.553883
2623,train_images/3b0190bbe615.png,a100e46d1128aff06e7358000d3cfdd35e7275471baf9e326d9c5e9c75b3a05d,2623,0,0,5.5308075,2.8979073,-0.53512764,-4.407522,-3.3556032
2626,train_images/3ca8be3b40d6.png,fc87ef74fe92f61ddebcc2b56b697d40cb15f48030c49ba3659f1203d38f0fe4,2626,0,0,6.982815,0.11223984,-1.6471348,-2.16123,-3.1363168
2630,train_images/415d5c5e785f.png,13d011ef3aada9c7e0dd5393924d6cbc66d09dbfa03d55b6cbf56af7013861b2,2630,0,0,6.424904,1.4778748,-0.4077301,-4.3734913,-2.989262
2634,train_images/43f22d1be8dd.png,0cbf76c0d3c14ed960f49385b75486c87e6be810d720cf76e4ce9f98313cd098,2634,0,0,7.257553,0.7248497,-1.2804966,-2.2412682,-4.3080235
2640,train_images/4a589edaea60.png,87020c4e71cdbeb734a36dfbae1c403594c4209a89a2a8a0ba52b55a5ad588bf,2640,0,0,3.1891823,-0.1574974,1.4579754,-1.572525,-2.788341
2644,train_images/4c60f6fcea75.png,9c4d351c8ba09f5219024c15a99f1426cfc9983a4d9aab0923966e3ecd416e0e,2644,0,0,5.25848,1.028225,-1.6128712,-3.0926151,-1.4141855
2647,train_images/4d3de40ced3a.png,b1ec79d8e4b7798a3fa55895c197bdad1727b5b90362d4b20e2b5c1905fc1237,2647,0,0,6.794979,2.2296906,-1.3110142,-4.038847,-3.5399938
2653,train_images/51af8a689511.png,70153b2a2dd39d932040b7553e4d7b7b73673c32590ed4de8f803391a9c3c66c,2653,0,0,5.1875,1.5305748,-0.8595085,-3.5372257,-2.19169
2659,train_images/57db4781e7ec.png,9eb739439eacb824c513288d9d48387b7067501200dd6b13b8b761475b71c358,2659,0,0,3.7296066,0.92471313,0.10162735,-2.9859905,-1.641891
2660,train_images/57f5ad4b5b29.png,669c4127aecc9971e7a3cb805221cb458f9aab2605118c4430a5bd253bb633e0,2660,0,0,4.501175,2.0139313,-1.0625954,-3.1822739,-2.1036568
2667,train_images/606daaf0bfc7.png,b1f7d45fc8fb9beecb1c630369629b7baed9a20c7043f386fc8a2f96c0feb762,2667,0,0,2.4338036,-0.70171356,-0.61058044,-1.1437168,0.18863058
2674,train_images/66b88a4bc474.png,c2adc612e0767ca4de747c8c8acaafb4fd53503942d0a789cf7a68ca817b276d,2674,0,0,8.434319,0.41516876,-1.2164936,-2.461958,-5.0151663
2680,train_images/6c9c902a97de.png,6ef2b1ca3e7f6b6f76f61321a207d74cdd672c42b611b9182fae4302c2f9b045,2680,0,0,5.0016556,2.6088943,-0.14126015,-4.267658,-3.0705032
2684,train_images/6fe4751a3b42.png,8626188b81f811e6983d743c89723f92cef8b746676f9ec8125c28f903c7efb8,2684,0,0,5.1452675,1.8409615,-0.43468285,-3.802721,-2.6096225
2687,train_images/76095c338728.png,9cd1d0a7945e5ffae02e5f793c7f06a915eb63af78f7de78a2233153443ac027,2687,0,0,4.87088,2.0035248,0.013835907,-3.2844486,-3.4685755
2692,train_images/7b9d519cbd66.png,66c321c10811c6b53c3be35f7a0db533c9bc6790bf965110ca339623a0dea47d,2692,0,0,6.677696,1.9436874,0.5156002,-5.72875,-3.233903
2698,train_images/7fc3a8bb40de.png,26744d8b9b1cdc2ecd87904b468631a45e5070088ebd7c853e03e97ed456c8cc,2698,0,0,6.756565,2.5400963,-0.6337414,-4.0597534,-4.465762
2701,train_images/830e297965a1.png,743aafbbca1d21e6118721d16993a7ddb1bed025d6fc9764c8dcecb3eb435813,2701,0,0,7.4711227,0.16375732,-1.8562336,-1.9685974,-3.6592484
2707,train_images/880edb2cdb69.png,7e0808f273891131e1992c3eb4866f64cc5349f204c93bac53c816baf6af95bd,2707,0,0,5.8041496,0.8214798,-1.0772247,-3.9545975,-1.4533863
2714,train_images/8e7981855125.png,ad63a1a1921001f3b33e3fff59e2f63f78ed911d7eac083525d5a9b6595976df,2714,0,0,4.2877464,0.4126625,-0.5599556,-3.565302,-0.4130211
2720,train_images/974c7d7b9c64.png,802ff7245a25798a4ae7bf929e0ea23c595ca64b3db80c9ef5ba7f27166636d4,2720,0,0,5.418606,1.4974327,-0.8655472,-3.430542,-2.48733
2722,train_images/98277aeb96a7.png,f1bbb8c9937a08e841000fc8f73ee5daaadd3ffb2178b08a759787b3fabe0130,2722,0,0,8.342819,0.41859055,-1.7283459,-2.275587,-4.6021967
2725,train_images/99c6a123ed6a.png,761661be6de5fa02400c98ebff47e4e7cd43d6a044b1dafa992ff18c1b9f981f,2725,0,0,7.4079742,1.179039,-1.1776314,-4.434263,-2.8434114
2730,train_images/a1e236fbc863.png,aa4d054a5963bf9390478b7757d332c9f8a09f39a9f7592f070913a75bd3b231,2730,0,0,4.5949707,1.8068771,-2.0493908,-2.844057,-1.3430119
2733,train_images/a419fcb2dfb5.png,fb2cf53874170d4016627b21fed31ab86c267ef46c666544c20f7b70c344d5bb,2733,0,0,6.788128,0.47123718,-2.4158134,-2.1431084,-2.547011
2737,train_images/a6356a3c5d11.png,4d6f2a1fbcbd5972cf1dfebbec69519e968328b17c3ad2a4c79fad840314ec5b,2737,0,0,6.873684,1.3919525,-1.0520039,-3.4516888,-3.5843
2740,train_images/a8263d248523.png,8e0fbae6b6499b1c3e1a5dde60c13e3ee645101f543dbacc7a71cfbaf058a1cb,2740,0,0,1.3878479,-1.337719,1.0460796,0.37883377,-1.3149724
2746,train_images/ab32db41c409.png,ec3a44db00b5e457579ab77d6567575a1fb191e895e31ad99e1d670f3ec1ff7b,2746,0,0,6.067234,1.6670799,-1.3714409,-4.910967,-1.2852921
2754,train_images/b294927b14b0.png,03d7950a7111bb0f7bf924c8687b388918364795bb6dae2149e8e1f9ca658125,2754,0,0,7.3897667,1.1557045,-0.44301605,-5.0621166,-2.9070597
2761,train_images/bc7bf19b84e3.png,7b92754296175d4376ca239912957e153fc22dc2d80d9bc48ed3e5ea28e0abc0,2761,0,0,5.896591,1.462513,-0.8112793,-4.5939484,-1.820354
2768,train_images/c096131ad065.png,d58d507e2386a3e9bd48564fa2da8b472a53470d517e4eb72327cbf7cab7440e,2768,0,0,3.651001,1.3743362,-0.5298519,-2.7739544,-1.5906982
2775,train_images/c58e5c0c5b33.png,a901710888f7299e64efaeb99c5dfde7c020b5641cbaa6bc194eb7b8ea0339de,2775,0,0,6.8853836,1.903862,-0.27025414,-5.26462,-3.1221485
2780,train_images/cadde4030858.png,637a3c5b6b8f52de01f94736bf3b5eef8bb52437d5492a32b6a7bea91fe65764,2780,0,0,7.113415,2.5487175,-0.88687134,-5.719118,-2.9242864
2782,train_images/ccea49708830.png,ff7f0e9fdfcb15d67a0f0db7d09e7ef8cdabcd38511a71b0eb9155fac0fbea37,2782,0,0,6.4118423,-1.3070793,-0.81153107,-1.4580173,-2.6873474
2794,train_images/d97911a32918.png,c8cab3341fe3fad1e7badaaee7f66c1b63c10cc983e5afae285b959022a85d42,2794,0,0,6.089329,1.9158936,0.023662567,-4.707308,-3.1918068
2797,train_images/daff5427c9b2.png,392c9a2d351428d54ef913ab29e45947334422b15bbbf519fcf2e1b8a6024d5d,2797,0,0,7.864216,0.06340027,-2.0641308,-2.4696217,-3.2388792
2803,train_images/e26bcae6c67b.png,b564efae07eca5f773d3c5dc8d7c8da8dae109c1c6ab90c7f81bb7bd7cbdedf6,2803,0,0,3.9290314,0.9238243,0.4871788,-1.9344254,-3.2346392
2810,train_images/e8ddfc9709ce.png,78f2344cc5530d6c27d48ad35c9acdcb9fdb3cca74c8ae64cd595f11775213ef,2810,0,0,6.6683617,1.5211258,0.30870438,-4.4520283,-3.906787
2819,train_images/f4e68b61f480.png,19359be5bcb92a5175a588227bb8508c047bd996f3696ec27a59491cedb7a858,2819,0,0,3.6600494,2.4208755,0.15373802,-3.8721828,-2.1994576
2821,train_images/f7116e7b2f4e.png,5fc999f667ed38d952a65dd24558ced1ac27e994046a31cae7108789a2f7c075,2821,0,0,7.178627,1.6364746,-0.28544998,-5.8398457,-2.5580912
2829,train_images/fa9f1bc03f21.png,6173f14fcf7fcba8528ca7875606426f476f80a638e8eb4e69e5a467a140cbf2,2829,0,0,6.3714447,2.0439606,-0.96600914,-4.2343216,-3.082038
2833,train_images/0684311afdfc.png,1c74698269d5d284e2cfc923f4442da8e63ff7857aea58ca3453cc1ed7bdacf6,2833,1,1,-3.091072,3.2337227,2.2643147,-1.5214291,-0.75574064
2838,train_images/1b329a127307.png,3c15988e1644dc88a46478ec2c2fded15f38c9c11d0e7dcd548d328205c3bc31,2838,1,1,-3.2296867,1.7410774,1.4442787,1.1190052,-0.9256687
2840,train_images/1c0cf251b426.png,1a22c29dee149de4dcbc2cd958475dc6fb487c8fdeb4c209b74eff7ac6f696cd,2840,1,1,-3.7805786,2.9882126,2.0175915,-1.3958912,0.296885
2842,train_images/22325552a4e3.png,faf608cfa71ac9e9b0bd444bbc902d77b0f17f5dc7522c4b674c72c107f04bcf,2842,1,1,0.59840775,4.626606,0.8270683,-3.6742134,-2.2382793
2847,train_images/30cab14951ac.png,558d4876bd43e6b60f62cd5e9546c427b696d92d160931044f1da8607bb6243a,2240,1,0,3.2891273,1.8891335,0.1764183,-2.9811573,-2.219571
2848,train_images/33b893e18eb3.png,0e53811bcdb3f36a6e2268dd049d6b381b54a041122ab64c91f7f5c1177f14cf,2848,1,1,-3.5151863,4.4997864,1.9525051,-1.0809994,-1.737114
2853,train_images/4e6071b73120.png,2f6237cb5f663e24a149e44a329511c06115b7e517bd5e8dce180e4d2585d56e,2853,1,1,-0.95175934,2.4506264,0.45030594,-0.55347633,-1.2522421
2855,train_images/5548a7961a3e.png,7b6599c29840ea78de6805809121c30ae147254a35346722613a0f3a5b00c0f5,2855,1,2,0.05879593,0.3397522,1.2541599,-1.6531277,0.1702261
2856,train_images/582115961a3d.png,3d1a822383e8d0d994d1d666b31f2fe96067a1640feb8631d0f16005ab25db15,2856,1,1,-4.8474274,2.123478,1.483818,-0.24238205,1.6085026
2861,train_images/6b07971c3bf6.png,3e8eabd423b5944786aa73b2131696aa0a849bac85a15b4761b73fc7623a802c,2861,1,1,-0.098609924,1.8246307,0.31316948,-1.3546982,-0.5280037
2870,train_images/977e1ca77653.png,5bc925a17ad33ffd8d216c2ac784dbb15f681b256fea2d9d14a29888dce71aad,2870,1,2,-5.095421,2.3607864,2.673771,0.019659042,0.15326905
2880,train_images/d5b4705ac2ee.png,a5d426824f776911b457e6eeef02988a25da8da69145745db93792a8316c17fa,2880,1,0,6.366188,2.465229,-0.21845627,-4.590618,-3.8913107
2882,train_images/dbd062558b81.png,96d4fa56e1bf2998973525ba1b0b5603c9be923c33b22253ad0018defa284410,2882,1,2,-1.6640968,2.1278687,3.373148,-2.5908737,-1.1095276
2891,train_images/094858f005ab.png,349eb9799526ad094c321854aaf6ad7bafa2d84befefcdd26d288e60c554c633,2891,2,1,-3.771782,3.6560287,0.7978382,-1.4294205,0.86842895
2895,train_images/0eff8eacb2f7.png,64b9c4a555d88521bd2b9e6fda1ddf0c2f4fae56cb697b97f595986354c50c5d,2895,2,2,-5.1950226,0.9355087,1.7960777,1.053215,1.5304055
2898,train_images/1c578b72d7b3.png,4b12ad344f3037785a20eb68a7a906bb17529d08812be49c79c5bf004fcb22bb,2898,2,2,-6.11232,1.1664543,2.7259007,1.2196159,1.1268358
2909,train_images/2735be026d44.png,4041937bc9e90c20123051da99f3317d1f8b70124515f6ca901cfed5d71e29d4,2909,2,2,-7.1856613,0.08928299,4.0146055,1.487196,1.7143145
2911,train_images/29580bed2f7d.png,3838668f9f0f6c0786d24e5910aa9c6e732207c97aa0176816061266016911ec,2911,2,1,-8.552521,3.1151314,2.7001095,1.2868557,1.5599866
2915,train_images/314862758acf.png,cc947172d6b32cef08bd781023e37f3c7092f6a0bd73d8ed54b784523e21ddca,2915,2,1,-4.999523,4.4212646,2.9125738,-3.6154003,1.38588
2921,train_images/453d553b0a94.png,75f9f0a7940e357bf6e24ca1faa9801325d21fa0a2fa52984d68f1d5018bab7f,2921,2,4,-2.4708633,-1.0050621,1.5514011,-0.8024044,2.8680975
2926,train_images/510aa0a898fa.png,9cbd59698d97d445c27195889990adaab0b54a38dc415f3ebc415d3f50055f3c,2926,2,2,-4.8471947,-1.5393295,4.748251,-1.5036564,3.281211
2932,train_images/57469423a012.png,404605ec0333a34fc25e007e9b26ba332ca87f49f225a7f3a4cd80850b736885,2932,2,2,-5.463669,1.0895691,1.8850479,1.2127094,1.3823624
2936,train_images/5a2c27b95c7c.png,7bdd90c5e91f43da283402fd370492b1548b154478ebfe192aa1cdd2ce3b8c39,2936,2,1,-3.2557755,2.744175,2.6307278,-1.8505344,-0.13813496
2943,train_images/657859f893d9.png,15aa12a4d362dbffcbfadf54b4172299c10405262184894a7db11cbf379075a5,2943,2,2,-6.0782623,-0.5962372,3.9935303,0.786911,2.016674
2947,train_images/7247a2c97f71.png,a496ba352f43f543b050f63521e927457bca5756d973e2b31f15ec513a17da5c,2947,2,2,-7.554817,1.5342598,4.8984976,0.6871834,0.55551004
2956,train_images/7e6e90a93aa5.png,556ddfbabdadf5124cc8fa38226b20efe6a49b2cf37a5366ff9669227d617398,2956,2,2,-3.157074,1.6651344,2.1887207,-0.53211975,-0.036218166
2961,train_images/840527bc6628.png,1dad7cbc33426f0db3af5629ebc9e043ccd133b59290c047f274e3a625f55eed,1235,2,2,-7.475998,-0.4268875,4.611231,2.0417042,1.3684747
2962,train_images/842d697884f6.png,cb3c3dbba6d49637a33c9d1356398fbc48e33dd8862fa2eb890c76ae367d8e93,2962,2,2,-2.5520782,-0.018554688,2.3154755,-0.23308754,0.6041417
2966,train_images/8a67f1efa315.png,8877ca9c33742a722bdddb253e988d90e62d8e89e4f222d06ce5f5512f268421,2966,2,2,-8.366417,0.07689667,3.8284264,3.3647137,1.2084486
2969,train_images/9033f1493da1.png,6f61d9cb3ebb21c9d12f8e4d5c047685c424bf57482eebd1ff3b527a088a022b,2969,2,2,-4.384701,1.7417374,3.3639288,-1.8603516,1.2525468
2971,train_images/91a88d3b0358.png,63ba8ac13fb4dcdd55289f85e9731be89396be355c7e8c28c7cc315437fcf9af,2971,2,2,-3.5438232,1.2906914,1.8606358,-0.55332756,1.0663159
2976,train_images/9ad92f1c1542.png,cbd04fa3b714428507e55cd9a367662af3563721da922d94b04977b3051edfb9,2976,2,1,-1.2836227,2.2073898,0.9977627,-2.2633724,0.48782158
2986,train_images/a688f20f8895.png,709608ed15add691b74215c2956e9f63d8c95f993a403ddf5c0dbc9795ea7d5c,2986,2,2,-4.2488823,2.5213318,2.74679,-1.0644169,0.18058157
2989,train_images/aa31bc6b8f4d.png,31cd6ebf094dbd9f4fbfc57771029f7b6188430a56f97f49046457c8d924b63f,2989,2,3,-12.314491,-2.104332,5.38503,5.54471,3.5844555
2998,train_images/b5c80d0ed0ff.png,956260043ee44f7a6a8b2306663132c0ad7e9e1336898bf52a3fa8c28d624a3d,2998,2,2,-5.000717,-0.6501961,3.217372,1.9141216,0.6232412
3008,train_images/c87493ed320c.png,86e2c05e70bf9c775b431ce4f5ab3f68ed786746a82541002368c5342fe5148e,3008,2,2,-8.386581,0.5052376,4.5605087,1.0904617,2.346213
3013,train_images/d473f6fafba0.png,d693094809173e1852d7d2c9775e74610de89d31de828423e748352c5c0bed47,3013,2,1,-8.347115,3.6220322,2.6236057,1.4045563,0.8410189
3014,train_images/d67374d3fa2a.png,a9074548dc51583839960f9d044fe502cd2f149168d1ad4f4e544d82c4c9b8a9,3014,2,1,-1.111042,1.4971619,1.3900509,-1.7463894,0.090366125
3018,train_images/d990a3f0cbdb.png,525f70bfcfa27f7099cbe6c9424657de4b9873380bf95bfd00c09aa8fbef925a,3018,2,2,-6.045334,2.1573296,2.9759836,1.218626,-0.1825571
3028,train_images/e85d410d6836.png,e3796ace1dc45bd9ce4c1ceffb68a7cb2e3448505f646777cd9c64f5cdccd5e7,3028,2,2,-4.427944,-0.7597885,5.1930704,-0.11231995,0.23205256
3029,train_images/ea05c22d92e9.png,f4d2af495393fd2a22afa0a58aa9da184ef390022516e66591e170af408947a4,2143,2,2,-7.588814,-0.40480423,2.947238,2.777399,2.3921528
3037,train_images/0cb14014117d.png,956e78f8545d1e808104b24be48547517799c4764795105a42e7e3020d9dd59a,3037,3,2,-7.3769455,-0.26335907,3.7342253,1.5647545,2.4558852
3041,train_images/2665f72e2dd3.png,1cffc9349db9f3f49c81adb0802703c7b9010675aba83b140832c565e3963de9,3041,3,3,-4.521538,-0.011199951,-0.026325226,4.477545,0.20461512
3044,train_images/4fef9ed8a4c5.png,3f9c10a3b530ee8c8d3c4d10081a57d542e067dec69e901e3fe47838c355be8e,3044,3,3,-10.551529,-0.34189606,3.552556,3.9281025,3.5344284
3047,train_images/788ddb0b70b7.png,7fc5f40f6624d1c311a104b8d762576b521dcefd30f77870e7127ce5008e3173,3047,3,3,-6.557335,-1.6524582,2.0523663,4.3334484,1.9731145
3051,train_images/916ec976ff30.png,9cca0a041f8ddd9e449c11e8d4e3f37d0bde021fd121efe771dc3e6c2d5749d5,3051,3,3,-5.9452057,0.6578903,0.7613468,2.5065022,2.1497803
3052,train_images/a9e984b57556.png,56d3ec0418028c54bc200bb083f8a8b274550a95931877fb36b6c1033e531bc8,399,3,3,-7.46138,-2.8178177,3.2006016,4.7794056,2.4195626
3053,train_images/aae8f9f3ef8c.png,bff1c3e6c9ca158ccb37602e3a1effcdbbba86ca53baee0dfa5b64220dce2492,3053,3,3,-9.689697,-2.3466263,3.9732666,4.707247,3.4581912
3061,train_images/d0ffa0425ef1.png,39026132eba22576a44f3482ce90121b30a19cc3e6683e5df4f1eb5deca7adf1,3061,3,3,-8.464203,-0.8781662,2.500513,4.3588543,2.5908031
3064,train_images/187f6ccda87a.png,9099af13c4ba7cf731377769a4d5599518c28810592ef614d4238625c5ed03fb,3064,4,3,-11.541443,-2.8073807,3.8465176,6.101942,4.503182
3068,train_images/20d5fdd450ae.png,821964656547ebed399ac327e52c76eb13d6ee33f9c9d8682424d8900ed80b50,3068,4,4,-5.0175934,-4.8699074,0.5198822,3.4142208,6.0882845
3078,train_images/612f2df37a1d.png,389c0adcd9faee60de01e3f296f299a89ca52990f33230bb8eff913e0c761509,3078,4,4,-7.618698,1.3160744,0.91879654,2.1380825,3.3586676
3079,train_images/6f923b60934b.png,d627a4419a5e990ccd193f4ff41a63e553ca67d0f8a32e64540517419cffa91f,3079,4,1,-1.8292122,3.9588432,2.047268,-1.6445332,-2.390584
3084,train_images/8af6a4e5396f.png,92a262deaac45adb8eca0536f45734f17b34e880ba2c29af9c3fc03ba5b7cc92,3084,4,4,-11.949509,-1.4248619,2.7697601,5.031908,5.6560497
3090,train_images/b37aae3c8fe1.png,acd2b13e3dcee1cc946e39284b08cf2b60cbe85244279fa5a25ef50788e79741,3090,4,1,0.13008118,4.0738792,0.9245701,-1.9863167,-3.0141454
3096,train_images/cd54d022e37d.png,c1292d42aa0c69b905358bfbaf52bed09362afe84041e3b7c166f2bcf1772162,3096,4,2,-4.048706,1.8723869,2.121441,-1.2906303,1.4724042
3104,train_images/ed3a0fc5b546.png,fa3754e0186a17cbf81ffccd74120c7f10cb56b7092a56b6f0717cebcbdb8a4c,3104,4,4,-8.559517,-0.20155334,-1.1517277,4.1727543,5.8242025
3105,train_images/f72adcac5638.png,6b92b1fc6857a3d3e533275abce8b706b1f75bd368e117f68e5b3964a54b9db9,3105,4,2,-5.8939667,-2.7952614,3.6168652,1.6310062,3.5853043
3112,train_images/04efb1a284cc.png,fad3cb87b5839bc6e75939d18dd423445cfb2e1cc69e702fd5e7825b9d060efa,3112,0,0,6.284832,2.7847672,-0.46572304,-4.9004536,-3.5742803
3123,train_images/12b57dac703e.png,156a9980cc878108d0f425c69c40ab056a64e8c0a773dff8f000f9afdebe1d52,3123,0,0,3.7593803,0.25683212,-0.61170006,-2.2094135,-1.0348058
3125,train_images/150fc7127582.png,5c7ed6861d004245c7c83f2ada37fd3751daf1ec0837fceae07dba8835b7855b,3125,0,0,6.027668,1.7240143,-0.13292885,-3.9226208,-3.559762
3132,train_images/18ce0cdc473d.png,5e674d8a90da639663f55efd7efc4adc68062e8df8c24b3fdec73a1fcc9c2fb3,3132,0,0,4.866432,1.5199318,0.7820606,-4.537838,-2.4681501
3138,train_images/1d46f1326394.png,d95dcc3f20bbdd02ce07b7c7f94876e4a9e516be667c439da0d7f3676124002c,3138,0,0,4.199604,2.1791382,-0.5153694,-3.2635021,-2.4648104
3141,train_images/1f3f32efaf20.png,2c15125864db18431fee8eee74758e548f990b393fda445b3a85cce118e9f15a,3141,0,0,5.9599,1.6909828,-0.9522705,-4.044344,-2.5194368
3142,train_images/201f882365d3.png,95146b47ace8f5cf70ea52842bed308ecba13dc7a93fbeeeb88c70617f9eea9b,3142,0,0,4.0112457,1.1444397,-0.43696404,-2.4460793,-2.1010666
3147,train_images/266fbefa58fb.png,bdf8d3fc903d614ac49da1026fa1a6580bcf08768b7cfc8e713e1002d3708194,3147,0,0,4.958374,2.3992348,-0.83057594,-3.9187775,-2.4759674
3149,train_images/2821998fc002.png,d5bff6c4cbbc4a5b54fbc03802828370179453b611a60de5d4522ebea70e436d,3149,0,0,6.1885223,1.5554848,0.24160194,-5.756695,-2.097168
3157,train_images/3323fd59782e.png,66f396ae7603bf65170d201e3403c9f263ff5d015a1279ef6ff98d362b33a93d,3157,0,0,5.9621544,1.8782845,-0.31362915,-4.2341614,-3.1626844
3161,train_images/342edf9b889d.png,d0d180b3119d4e919659c8b6b75009cc3a3c2cada78e0f750eae0915f82777bd,3161,0,0,8.505169,0.68611526,-1.94767,-2.8122978,-4.277937
3165,train_images/3cab32dd6ef9.png,6f13a7c891b9564326ca17f212edf5d31f5c03864542dcce82231f0b860a1cb7,3165,0,0,5.0810432,2.5325851,0.2600155,-4.258684,-3.4853787
3171,train_images/43bc7c066dfb.png,7f336458820dda48d4568b70edd5e80ca4a500f33faec9bc7d7a48c1b15577dd,3171,0,0,5.835758,0.35243988,0.093408585,-4.64629,-1.5028291
3174,train_images/4528fbbd43a3.png,06fe37a01e7b29144b9ce792dfe21152a3656c6a9ea4d40b5422d9824edaaabc,3174,0,0,3.4322243,1.6292648,0.42591667,-2.1059532,-3.242837
3182,train_images/4bcee3cbe232.png,a857a2195a68bc0bfde29a827a40c89820f88bd9a1a6e2483ccdd6db2618a276,3182,0,0,6.5066185,1.9743538,-0.71299934,-4.8477936,-2.7839742
3187,train_images/4e4a6224a04e.png,8e720dc9c65bbf8e9a86b53e80ca735a95cb11eddf985976789b7f5c8e7c8ba9,3187,0,0,6.4161186,2.6577034,-0.18597221,-5.322151,-3.4332094
3193,train_images/525d0dd8dc45.png,adbb3a8d96eed31a3f01b4f0ebfe4a117782ad26c69f7116663c9396c2d4f35f,3193,0,0,5.540859,1.9918594,-1.3257198,-3.5157795,-2.524427
3200,train_images/5b47043942f4.png,a107d2873fa106b489b0c5ad49abfecd254fe37aa7038a254215ad1d51d9bccf,3200,0,0,7.061123,1.792633,-1.8974876,-1.6722488,-5.1369114
3207,train_images/683023cda6a5.png,71e8d630df3c4385cc6bf1ecc7747a4dfa3c8b669f5f60f220b8afd91927ca9f,3207,0,0,11.560062,0.956604,-2.9461575,-3.7957783,-5.622592
3213,train_images/6e861bc3bd7b.png,df6ad49e96535f5107606ce407d560d861dd6ecad1f71b99f14b8113a349778c,3213,0,0,6.7766953,-0.1170311,-1.2531166,-1.978157,-3.2784748
3216,train_images/6fe67fd7f5d1.png,a427ab67f8528a7bfb303514629d6d450d03182b196a3c4a6313113abeb67552,3216,0,0,6.8486443,1.8338242,-0.45065308,-4.996084,-3.1040602
3224,train_images/76b950c6ed5e.png,3ef1cb37c0a524bfec128cdfc363495ba72a9d947edea247d6334840fa61b76c,3224,0,0,6.9818306,0.9896927,-2.0081158,-2.464119,-3.3446012
3229,train_images/80dbeb0fdc75.png,d054c0106e53eda1eb402cdb337363292ddc549e6ca375486f1853f93d8fec9c,3229,0,0,7.493248,1.2346344,-0.06580162,-5.978693,-2.5516362
3234,train_images/84b4da14bc23.png,82d8abdf4fe7afd5eb79730fa5e1d0d79de39855eac650dca1b7752f6f16b9ca,3234,0,0,5.9170723,2.8504791,-0.892395,-4.713604,-3.0355892
3240,train_images/8acdf12f412a.png,21204b59f9742deaafe963e0b4cd9f88482345882534b07d1cfcec6a8b99ba6f,3240,0,0,4.8898964,1.0262108,-0.4389019,-2.9167385,-2.4312549
3245,train_images/93421787f520.png,365272d401433346e1fb850d003f410d833a8d27c2f0e0ae387e32ab26f6de35,3245,0,0,6.2529182,1.5272331,0.11263847,-3.7986832,-3.967142
3246,train_images/946545473380.png,bc663ec0dafe7c4576bbb10384851d11744e382f434402ba30eca06f3df9cad8,3246,0,0,4.894848,1.5404396,-1.1182423,-2.7448597,-2.4366045
3255,train_images/9f1b14dfa14c.png,89a852a0c7e8750adceab9c812019e6b5d43b1ac92e5120a4e37fbb9e104a967,3255,0,0,6.3644524,0.92557526,-0.9748287,-3.6818504,-2.4865918
3256,train_images/9fa02dfb5553.png,2c608ba062f6bbcf35ab4cdd90b32ed397fa395f2f88fe2b01be411aed44411f,3256,0,0,6.7277107,1.0444984,-0.7760372,-3.5994492,-3.2566872
3259,train_images/a08a0133754a.png,c33f13a06023838418b1cb74b6fcff7102a016c1141183ea81e8c65cdc7c8a2b,3259,0,0,4.8197823,1.1380424,-1.130106,-3.7930298,-0.9003897
3264,train_images/a484bdf85b4c.png,c6c85b3b29783e1c544a9f1b7605f0fd4fface19f3b7e69fc6c2217a7a632496,3264,0,0,4.2262344,2.4203682,0.44365883,-4.1106987,-2.8485909
3272,train_images/ac1667fac512.png,1a6b67950976d7500c823f4bc9e176fb7de36c809b6a8e5981e10fc2df72fad0,3272,0,0,4.1618385,1.1269112,-0.15317726,-2.2395382,-2.7660856
3273,train_images/ad12cde115ab.png,7fb8c0aeb9c101ac3ac555d8682d69624442f8ac6607d5e57c716a97b0436671,3273,0,0,6.8924217,-1.0839081,-1.9302998,-1.1499424,-2.5747333
3275,train_images/ad20080452de.png,9bb484d968eb8b1085b097d2b3fa3c6f0af46b66cff9b949d45507ad2cfec9a4,3275,0,0,5.3757668,1.8577766,-0.78694725,-3.1091423,-3.2059975
3280,train_images/af87d48ffe01.png,b76f61ac1c995b5b4d86af449afa443467af1b3cbf2a6252dafb280815a69d89,3280,0,0,7.3862762,1.2782173,-0.91181946,-1.7504234,-5.8516436
3286,train_images/b759cbef90c5.png,69954a8fe0a89183c0bfd2b3b99dab3aef9c9acb79a497c832e855b9f787886f,3286,0,0,3.893238,1.7526932,0.16249657,-4.197283,-1.4807954
3293,train_images/ba4e62c11cc0.png,afb39ecd1a660eba0e19483d99248927c31e95e9deb0d6765531f332eea6bafb,3293,0,0,5.468872,0.95113754,0.17300606,-4.238823,-2.2150593
3300,train_images/c06024f05a16.png,00d0bdcad38080b9b6ac1e05c77e1620d464ebbb7d5daef71c09999265ec1b4b,3300,0,0,5.794735,-0.14196396,0.74840546,-5.5239944,-0.74051666
3305,train_images/c704bd669f36.png,917480d54cb1ea4338761b4251d1b5333271a60d87502284caea088bff180d66,3305,0,0,6.1894836,0.9167023,-0.9287224,-3.8309822,-2.2069979
3312,train_images/ce754234d760.png,1fa852b49a534ecbb003355d96fea0904f19fb44ba40d767da24521bac942f14,3312,0,0,4.744381,0.8099747,0.54610443,-3.9372902,-2.02777
3321,train_images/d6dbb0820ea5.png,f5f1f6b8c201721325ec75a379c6db1e1a1dff5f5f2a386194c66ac0d29f846f,3321,0,0,8.100082,2.005474,-0.089170456,-5.861952,-4.0164337
3324,train_images/d838d5b9f571.png,6127bc53c5d7d84579e19801522036bc4f3e818b61015c1418d8d949d499e34f,3324,0,0,5.760208,1.0032234,-0.8069706,-4.203348,-1.6192675
3327,train_images/d9e58e4d8689.png,bf6c079f5da33f64f0788223d70231dab04eb02debf31d0a8cac44b5a423157c,3327,0,1,-3.3972206,3.0598602,1.0111485,-0.1471138,-0.39336586
3330,train_images/dd02d60bef14.png,b4048f72101bdd8e72fec11321952150e42df9e633752134ee4f38ee7961e118,3330,0,0,6.4715195,-0.95241165,-1.7882423,-1.2263947,-2.357798
3339,train_images/e087bd4b88f2.png,b4a85ff726f89bde02e37c97afa2f1f9313d67a43eb3d738c171bf2a4efbd659,3339,0,0,5.220398,-0.52723694,-0.9584255,-0.20195198,-3.3814955
3341,train_images/e29e54ff921e.png,e9d4f53e2a5d40b1e8ee9e964399e53938348893576b8b56d8293bb42201d505,3341,0,0,4.396118,1.1207848,-0.17474937,-3.2435818,-1.9661541
3348,train_images/ea9c41e1ced0.png,8c92f7d4bb3ce5df20e0b6b10e24432c0979724dc127de3e7c6338826fcbfea6,3348,0,0,4.6620483,1.7026672,-0.3172493,-2.1872482,-3.7270174
3354,train_images/eeaea2c5ff34.png,8226bfb4782fe887f366370ee9d7b1301553d064e91217a2657b9f7fbf17bf36,3354,0,0,9.07386,-0.3733139,-2.7959194,-1.8016644,-3.9438038
3356,train_images/f0267c42907c.png,c27981e72e55ad863142aee5c6e001d868059f6c0015f8aa2e200b293e749c47,3356,0,0,5.293003,0.6342888,-0.51540756,-1.6007538,-3.6662712
3366,train_images/f9d8ff3e6592.png,373c3b131616e1ff72e8ba015090b6f92933d7e0bb8b95bb3eb691d6be9ea7ef,3366,0,0,6.1875267,-0.48294067,-1.9815521,-1.2118359,-2.3688588
3369,train_images/fc782722a50c.png,2cd37adf2525c6e56dbb06c165a2f7aaebf85f0bd78b6ccc22c4fc482a52babe,3369,0,0,6.046364,2.2269592,-0.76729774,-3.2913933,-4.07882
3376,train_images/fefded6bf135.png,84b65b4124f35ae545c4fab22cde4f01369f5939d87804d28211ae6b15531a3f,3376,0,0,2.0686493,1.00914,1.3564472,-1.9876862,-2.277061
3377,train_images/ff1e940105f9.png,9317962de0ddba8472d1be78e9319b33aa7bd3dd2c30c798a68291bde780ffd5,3377,0,0,8.476124,1.845684,-1.1979656,-5.989046,-3.0094404
3379,train_images/ffc04fed30e6.png,831f78a834b6c9e1b60699186ec02df731525bce27a4e8e8db0c5cdad6b64efe,3379,0,0,4.816101,0.47003555,-1.4201794,-1.7389278,-1.9788222
3386,train_images/30941b65348b.png,559e6f70742d5669ccfd26384a0cc1f2885885d0a1550e3e750250d145ea8798,3386,1,1,-4.2412415,3.9408913,1.569128,-0.8923149,-0.26362038
3389,train_images/36677b70b1ef.png,161dd429014bc71e67ec7e6ac6d80db95d8fdb796ab7e4eef660e64054fee6c6,2047,1,1,-3.5371284,4.473694,1.102663,-2.5458584,0.6461041
3394,train_images/47d1603a555b.png,f990b37500325946d331f3e2c8b2617d7649a1f0ef8d17421db78a55dd108909,3394,1,1,-4.3942604,3.4922523,3.3901196,-1.177557,-1.1945662
3397,train_images/4e82c3c8d31f.png,a3d5511c810f9f7ef31216ea01981a88ade01a8e92ec813487cc7dbe78cc1dba,3397,1,1,1.4688759,3.0242233,0.7572632,-4.0807877,-1.0322042
3403,train_images/5a091e8cd95c.png,13aaec06e94b439be6ca8a3ea07eee3c7c35f3b2e47cb2d5022fc86aef9800ca,3403,1,1,-1.3777161,4.766735,1.3728313,-3.5903435,-1.0465918
3409,train_images/78bcdffb8785.png,dab95930eb28d53570e0181529bc011cc8b0b88e115cf77ce3d37baf3fada314,3409,1,4,-1.6042519,0.3435936,1.232296,-1.2018051,1.3739462
3418,train_images/9eaf735cf01f.png,1986c7097c634c4401624d464dbe5d2f4ebe575253e4f5bb4b3b14950d1c79df,3418,1,2,-6.892212,1.4386253,4.6282425,-0.003742218,0.9566493
3423,train_images/ad3fc5076852.png,52dd160777bb5158658bddcf86c7b0885a10aa74ccf63ab9504d5d0b285387a4,3423,1,1,-2.3206635,4.014927,1.1497135,-2.0645924,-0.65508366
3425,train_images/b640e3bdff75.png,6c60f487b9640715f98fdac34f67e1424919b9045e7d00ee4a1cac567cfb0c11,3425,1,1,-1.2416573,4.323845,1.2553272,-3.440588,-0.7604513
3431,train_images/cd45bfa07d41.png,0b6f28cac3c0a75815d4dabc5c197dd8c15e722847d6dc7ec9bee010ee26f255,3431,1,1,0.09745407,3.116619,1.6659431,-2.7603588,-1.9809656
3441,train_images/0efc93ec838b.png,62af6c5850e969bc36b859658d1e13a5d3e852488fe928ef678d5d3dd3251f9d,3441,2,4,-8.200859,-2.5489082,2.9406672,2.3689823,5.5559607
3445,train_images/1541226c5d72.png,aae24333eb3d6bd2ef91f06ea440e557bba1af330c60d75394a6ea625e21a2af,3445,2,2,-4.056923,1.1978226,3.044444,-0.5166569,0.4665537
3450,train_images/1c0e5dd1b14c.png,fbc62e0ff7e4c90dbc41c2497baad7a2c4d3740852c842db2b2a4001c4cb140b,3450,2,2,-8.513214,-0.3645401,4.227441,2.6782818,2.0882945
3457,train_images/234399352d36.png,3c423abac73be7726ab0775991f1bb340916fc977e2c28fd589f5f2b69e14fa5,3457,2,2,-8.687042,-0.034740448,4.072604,1.5007381,3.259558
3460,train_images/26999ebc21de.png,b3a85a319b02b95f28651ef283d8ad2f28dbff1b731d9d5724024cc1f21428e5,3460,2,1,-7.867958,4.018238,2.1720963,2.7629223,-0.9916296
3463,train_images/27b68863349f.png,c49ebcab9bcc99c990109da9134c1f9f8d1ddc2feadec450821a73afb52b1e33,3463,2,2,-8.285263,2.6481056,3.5622358,1.2247219,0.953609
3477,train_images/3f47f83217b5.png,007a17bcf1c70886d71e2b032b3131c135d51e03411f4fb0b23f841856c8e7a7,3477,2,1,-1.232338,2.6962128,0.9817734,-2.1294804,-0.1877904
3485,train_images/48fda42bd5d4.png,dc6fba315d386691a86ca43baac85591d9cdb4aa52468adc4c9b7b88f5924eed,3485,2,2,-9.44252,-0.6351967,4.09377,2.0747776,4.022335
3488,train_images/4a44cc840ebe.png,956e78f8545d1e808104b24be48547517799c4764795105a42e7e3020d9dd59a,3037,2,2,-7.3769455,-0.26335907,3.7342253,1.5647545,2.4558852
3491,train_images/4e7694eebb91.png,ba46066704c6d1bc6a341948f240c66f15b1d75cc19e4f0bee3f91b2384c223b,3491,2,4,-7.891098,1.8508606,2.44314,0.39390182,3.3124304
3498,train_images/5cde55f745af.png,6e6af057db49bbaf1ed7692eda1aa7d966cc0de886e9414e558e09d92aefe9b2,3498,2,4,-3.4854736,1.8426514,0.7870045,-1.3615913,2.3466585
3502,train_images/66bae1ba227f.png,6cc4f5879c117d0662bf17039db39149bbe0d131482cdec4e6de686df29124e1,3502,2,4,-5.970604,0.8880005,1.0644417,1.5800381,2.554577
3508,train_images/7356dd08b0ae.png,a4ba1a4a31cfddd75efb79b8410e38d5e54bdf0118fce0473960651d96e6e9ee,3508,2,3,-9.983261,-3.1760788,4.420518,5.7825947,3.063592
3518,train_images/83b61051737f.png,333ba7bf7cde215d0340f6b232ab9d9f62ab3f85518641529fbd801968fbf16c,3518,2,2,-8.116341,0.03687668,3.6849194,1.7218876,2.7718248
3520,train_images/869bbd3170cc.png,5229b9a9e86a2e837273d2ee1b8e517d7dca131e065c973396df783b09f53456,3520,2,2,-5.1708527,2.236229,4.0731583,-0.36956787,-0.64622974
3524,train_images/8dfff47b06b7.png,f34981c0ea4f9dcfbc7b2c3ef98c4bf124300ebf0113ac9aade421cedcc7b080,3524,2,2,-6.341278,-0.5788193,4.207348,-0.029047012,2.8553312
3527,train_images/932181b93b2f.png,bdcab7b8e917f7082bf02947a871f6ce35ae2b9b1d76863c946dcc8eed5df0a8,3527,2,1,-3.3245544,2.3630219,1.4899044,0.62244797,-1.0209193
3533,train_images/9cedf5c7016b.png,419fbbf945136d3da372f2ef1e54474ab2bebbf8ced7cdecb4d2978b50bf244b,3533,2,2,-5.8374557,1.7851601,3.0197334,-0.12726593,1.3099756
3534,train_images/9d98a0b585f2.png,c4eb4fb956b4096e7f24bf4c381655972a97b8f8dfc5531c487e72e042422d5d,3534,2,2,-3.7708092,2.380436,2.403038,0.11140633,-1.0167809
3535,train_images/9f4132bd6ed6.png,191386487d7a4870d5b8d5639885bdd2e6d637930d1e925bae9a497b39368eb3,1323,2,2,-3.338192,2.0669327,2.3811646,-0.7833805,-0.19477177
3540,train_images/a15470303941.png,5464ebc327f092fed340567c26aec093f761cd365c1f0bd23f1b42f30c13bae2,3540,2,3,-7.5567474,1.8974876,2.203699,2.428522,1.1410618
3546,train_images/a7b7dc8788b9.png,0c6f2ec97040d93178e6309babe2b34e1e8fe5cffa1de3b241b54e483c9bc081,3546,2,2,-3.7538795,0.22617722,2.4733982,-0.8062782,1.9839582
3549,train_images/b402daa0864c.png,c37358d4e7c06f4fcf465413162287581d615e1d8edc6d0824c62a3334e8f8d7,3549,2,3,-10.899986,-2.5488853,4.9132013,5.5142345,3.1274366
3553,train_images/ba25f947f4ec.png,7ca93bf2b1ca55cc793291d64dd14316bf04c8afff01f2251ea4e4ec5d4d778c,3553,2,2,-4.961975,-0.030086517,3.129486,0.41630363,1.5679502
3561,train_images/d15ca3469b87.png,b8b16298785760a7ededcdf0073e71e425d3e1d3fc2930e33768a76331acfbfa,3561,2,1,-2.2982101,2.460926,2.3007412,-1.5963764,-0.69994736
3567,train_images/d9a475dfe59a.png,4251866c387d15ba6e8057bc6bef69235ff1ae15441d1ebda5102d0a915cd5d6,3567,2,4,-7.602417,1.9793777,1.3143101,0.15802383,4.25881
3570,train_images/dee687c6e88a.png,8d417eb674b9d1b7c785a36153909c170b7ebe76f53783ced838b78021d52fa3,3570,2,2,-4.0908737,1.3938255,3.882225,-0.4549427,-0.60600233
3575,train_images/e4151feb8443.png,68c44265efc31461c963c694f647703ea900ade5eb9adc08fdd138d564486776,2277,2,4,-3.648285,-0.40229797,1.7159042,0.10626602,2.3585482
3581,train_images/f2094a20b275.png,c8fbf181158818d068d783a9253836e49dc2a35500fbc21e1bcf8b71e16bd92e,3581,2,0,2.8487701,1.7956352,1.1391029,-4.156866,-1.4766579
3589,train_images/166068a24416.png,eb544a2757344428d4ea6134b3e5b9c04f3d5aaea46618a4a78e67fd5b892090,3589,3,1,-1.9100037,2.1666565,1.4080887,-0.49529076,-1.0461311
3596,train_images/6735931000ec.png,ec16488b3118ee48260e4e609242e0f602a59566ca8630161ab3fb8884e695c2,3596,3,2,-7.2813416,-0.8122864,3.6745605,1.7231655,2.816843
3599,train_images/8a9bef2fbd4e.png,9abbf5f2581176d481cbad05e3f0d01b6502284ab8acdc0068752bf2821c5c29,3599,3,3,-9.204712,-1.4660873,2.9670506,6.915613,0.8825598
3605,train_images/a80dab8eddf4.png,4e31b9ac3909dfb7b3ab206aca4b6721b92bd3f9b10aa015d945b602e69f96e7,3605,3,3,-11.256805,-0.7198906,4.042822,5.4194393,2.5786157
3607,train_images/b3d135bd3bb5.png,86e9beb640b015d689af9e47d70d03c7427f3b77d78ef12c934e2ad8fd4bb151,3607,3,3,-12.925003,0.5229378,2.498289,7.651369,2.3207939
3615,train_images/f080a22008be.png,388333b3e777dacf1638a1b51b727ba393edbcd00e54d824b3c67c6bc6e32440,3615,3,3,-7.744789,-0.825428,2.2523556,4.250719,2.172988
3621,train_images/25d069089c5e.png,041dded3fb11b028d7f1d49ec308e5c0e4ebfe3f1bc56ffe455e0f919065a1d8,3621,4,3,-12.494225,-1.925663,3.9193344,5.844496,4.7654963
3628,train_images/6194e0fff071.png,bed825b2ba7b3994fe80aa8d6eecada587b90a2922e74e41d0da5aa7c4d46664,3628,4,3,-8.0039215,-1.2843971,1.5017586,3.9612103,3.9466805
3631,train_images/63b4d030b016.png,21293715c26c8a5aa20693966ec0552bdc8bea7114057f6f9924f541f22a33cd,3631,4,3,-7.8848495,0.34856415,2.9720888,3.0415745,1.6312876
3632,train_images/65c958379680.png,e6f9745fc366b3ec1bfef3ede76b78ad12259b256daf7f6f10b8c31d28e6c910,214,4,2,-10.163933,-0.7937088,5.7503157,2.9100628,2.406262
3639,train_images/7d626a7ffe76.png,02bfa03ce57b51a8129b2d67f5e6f91cb423a222bba4d1f4a437c4f8a4531a40,3639,4,3,-10.155716,-0.4760704,0.9059334,6.9894695,2.817128
3642,train_images/875a2fc5fe23.png,f17c83d18c5824fa1ed75ca2cc86d4812d3d63856a4b5bae6009ad430a5de7d5,3642,4,3,-1.5535812,-1.3467941,-0.77539253,4.0386524,-0.23577547
3648,train_images/ba735b286d62.png,fa3754e0186a17cbf81ffccd74120c7f10cb56b7092a56b6f0717cebcbdb8a4c,3104,4,4,-8.559517,-0.20155334,-1.1517277,4.1727543,5.8242025
3651,train_images/c1896142a20a.png,469f4d2577c49f8e2ac8eaabbf903f8e9aefd268d1523fdbecfd720354ab5cf5,3651,4,3,-11.89093,-2.027874,3.3575401,5.4773464,5.201556
3661,train_images/f5e6226bd2e0.png,2dfa01b045d26af90cc3b338a8d9a77ef9580cde705ee3b3523c566860ff5a61,3661,4,3,-10.568764,0.7877579,2.708147,4.821745,2.3434098
