pool_index,image,pixel_sha256,sensitivity_group,target,prediction,logit_0,logit_1,logit_2,logit_3,logit_4
0,train_images/e663c6627a95.png,da85fb2346601232e002fd8d292b32395ee82ac34c934467fd98079d41541181,0,2,2,-7.4826527,2.7528467,3.0577254,-0.2254529,-0.123161316
1,train_images/475c7ded0f7a.png,2a85608f537c3a8aa19cb34f39980f226ea05222c71bc33a5c2f8f6ab0add3e1,1,2,2,-1.4637375,0.441391,0.8897548,-2.0628734,0.7493067
4,train_images/5879285f9d8d.png,50f2c3aee1cf83066d893910bece55c6df050e8495767f589af0df0b592547a3,4,1,1,-0.30157852,1.8484812,0.19031525,-1.5241556,-1.4508848
11,train_images/b0d35981708b.png,ab04f2ee907e649014c52d8fca11cd2536f6d3992dfe0b7ce71d8948f9794c8f,11,2,3,-7.9636517,-2.880837,2.9418778,3.095704,2.5907307
15,train_images/70ed3ec68b94.png,df2bc888a0b0f1579ea13b07c53659409421f572dfc00890a689946c4db2f0a5,15,2,3,-7.9757195,0.17204285,2.2922096,2.886201,0.61610794
24,train_images/e251bdf05b85.png,bf6ae31ecbe1de9ec89232b1ec1963218731c4df78fa636200a02022bfdcf073,24,0,0,3.1717987,-0.58966255,-1.0399842,-2.4317083,-0.22441578
30,train_images/f999c6921e6d.png,2eb337deea81afaa5ac49ef8e879c25c6fe7be6ebc40b923e841f382b319a3c8,30,2,3,-6.0071106,0.38505936,1.2311745,1.6076775,0.9019346
33,train_images/e16fc934069f.png,9cd8cafd9f76f28db12dea5f6a6294a6509a4ab4f049fcb2a12bf730a5ffded7,33,2,2,-2.5504742,1.4186707,1.770659,-2.2071066,-0.029670715
39,train_images/61a62b1dcc36.png,1095b5bbe14d17d31088198acfebe113286b254420495b9c07feac5217d17dcb,39,0,0,5.583973,-0.105374336,-1.3097668,-3.279776,-1.9974351
43,train_images/f576e45d1da2.png,814432c8827b330af80dc3d0492c1053adb5037d7cdd7753964be3407d1dfd65,43,3,2,-4.555542,0.85391045,1.9206686,-1.1733398,1.1104479
47,train_images/6363b360aefb.png,32161dddb553ce9e7742e84b4ebcdacdb94df303ef8c3ec05fbce172d0269814,47,2,2,-7.2593155,-0.7299957,2.7087655,1.8167796,1.5401506
51,train_images/c639d837f5e4.png,e8e9c4a5048e6347251bb5404564b66173ad3ebfeb5cb37d9ced01f93e51f177,51,0,0,5.8443766,-0.6858845,-1.4445338,-2.4633813,-2.2221813
56,train_images/ca360bec5851.png,df684065a48b718cfa6c4d1a92463011a0585469e7baf005f1b86a1c9948e061,56,2,4,-3.1763802,-0.61894417,1.8734527,-1.5327716,1.9242105
62,train_images/2ecbc2e3f239.png,e81e2287157490abe42424912252e492978c29105ec9bd73947d6feb2230f7a5,62,1,4,-2.8379192,-0.11605644,0.63162184,-0.1517415,0.8068485
65,train_images/aa841de1ee82.png,73e2554ef639c96ed2b79f368f3636bb639e7aacd1733418fcd5069efff71a93,65,2,3,-3.4381752,-0.545207,1.0378346,1.0725713,0.3798027
73,train_images/c90c6b94cf40.png,931a2a5326cfebb4fd0392b7e5b338d28cfe0a36f0943428b3ad92ac9f545d08,73,0,0,4.042946,-0.71468735,-0.6503577,-2.383183,-1.3408175
78,train_images/ee059945b08a.png,8ac03c10403f732f86ee541888866c97d8bf8557552060d02fdde9aa806d1148,78,2,4,-3.2989788,-0.34974575,0.7497182,-0.27563477,1.6679573
87,train_images/09c8323c612e.png,8b67256efeb38fda7bda02b955ed92c21fdc9d81c4e4e55d1b50ef1545359228,87,0,0,4.460697,0.5524807,-0.5886464,-3.5770173,-1.9774985
92,train_images/365f8c01d994.png,537b838519833ab062a39a44adbe7fff3f6f213c23c069ac669f9e50478df05b,92,1,2,-1.5249996,-0.6817646,1.3909955,-1.0846639,0.07375145
94,train_images/8a3eb86ae4bd.png,f1fb9d74ed6be17c050b73eef603a14c95c9904a11cd70032bb01278f9ae1fd1,94,0,0,4.9952145,-0.18613529,-1.0365705,-2.468214,-2.3919907
99,train_images/423abbaa5fad.png,58f302ff650107f01e2a67ded84f7c8fffe2541fcaacb0777083573fd6b0e3b1,99,2,3,-6.334776,-1.6211929,2.328566,2.4492126,1.3105288
103,train_images/bfda2fd0533a.png,1e0215426e2815591089dd3ee91461794f832d91a9b80ec54bcb7395f250b280,103,2,2,-4.429579,1.0575285,1.081234,0.57713485,0.05333519
106,train_images/4360a112db10.png,741e0e49d2f9d95edf5fdaa8cfb9ecaf7e7056707f555cfd5757f64cb9cc4e23,106,3,1,-1.0764256,0.3590603,0.12642145,-0.45298815,-0.41052723
115,train_images/1ee1eb7943db.png,b822a3249bf631d8cbbdbcc506f3dad105981b7e1ce72584839d313effa5b87a,115,2,2,-4.0436897,-0.519907,1.8175468,0.37499046,0.8250694
121,train_images/65a3b13ad9a0.png,8207261d295d7a5848488e47f12cc7f315ab839067c9fad1df6d70b8cf9d58f1,121,0,1,-2.8233376,2.1814146,1.270638,-1.3209939,-0.91777134
122,train_images/a188c60b93fb.png,e15ce84e56f689d4c981ffed1b5c17302e7065d50a8c74aa73557f4c7d9d4d2d,122,0,1,1.4854412,1.5623283,1.5475054,-2.6460958,-2.8475733
127,train_images/4158c340fa49.png,bc7d71419d6135cb0681099d347f8a0b29406aaac076aefd0fb7b86e024bcc00,127,0,0,3.2824402,1.126153,0.09782553,-3.0430083,-2.4654818
137,train_images/c5bec7f1e5f3.png,d95766728c950c05c705ab4c203af557d7084813119e0d49240506c1f503d07a,137,0,0,3.1789455,0.19928741,-0.06530619,-2.9726744,-1.6477089
144,train_images/2fefb720869a.png,4e7156e7c988429d220fa796edf42796dd2b2772051c2245aaa21b6909c07da6,144,0,0,3.3071518,-0.7556963,-0.79055166,-1.6307716,-1.3715477
146,train_images/e1fb532f55df.png,fb179a76a65ccbddeb0f33c492ec296324b8d584fabd128f39cc71d4fe11e515,146,3,4,-3.2615051,-2.2918997,-1.0364156,1.319068,3.578497
147,train_images/9c6512166557.png,78137f5f5c58aa40a4603a5a774a7eac5c26605a66d084b7f9c30399162bf5f1,147,0,0,5.326133,-0.6888819,-1.416789,-2.096736,-2.1200066
155,train_images/7427dedafccf.png,39d4faa1daeb02e672729ff1eb11a417b102d44f96885c0d0c6a70c62e541905,155,1,1,-3.0207634,1.396883,1.2693949,-0.75681305,-0.53487206
156,train_images/3cd801ffdbf0.png,2b155912b3f4bd098536c75f028cb510afb557a11945b7378b5224b39634e69c,156,2,3,-8.700701,-2.9586072,2.0870848,4.5697346,2.85845
162,train_images/a9dc80cba9a4.png,618bcf3333c6d528751ee323910f232bbb9fcdbb5226da841f1e337ad0b62927,162,0,0,3.515892,0.55964184,-0.4565196,-2.0992165,-2.5049944
171,train_images/cb75210abebe.png,c071b7c4140e7ff9a5a820fdbcfbdf9c271ad7f35b89626e6c7fd3f89841d730,171,2,2,-3.7926235,0.3242216,2.2812204,-1.4347925,1.0152044
173,train_images/15cd5f52d300.png,40291ede78158fc2cb41e85b10b0ae2003fcf288ad3d7426e59e439818b21d40,173,2,3,-6.2337437,-1.6896067,1.9606948,2.6615222,1.5876198
179,train_images/ed2c06fcc573.png,ca5891fd37d5544f1eaee20e1b081f2cbd8002478fc2a8a88f555a76976e8973,179,2,1,-5.6202545,1.8719797,1.6907115,0.4699006,-0.22029877
186,train_images/0e82bcacc475.png,04b327d1f7893168523eb92dc3a73db50c68f19d88c9417b1e7599c1654d3d79,186,4,4,-7.32687,-2.3281417,1.5314703,2.8101568,3.3998222
187,train_images/d28bd830c171.png,75eae664fb3461018dfeb579b39c4dd86e139982d92a880312a1080c5fd07860,187,2,1,-1.682991,1.9208775,0.9047203,-2.1929374,-0.45111656
199,train_images/905cc86bf100.png,ac2c1a9d33ef151a81c3db4ff9df215a87374cbf8b280dc5c490b5b78ce6d455,199,4,2,-5.0034122,-0.80375195,1.9102731,0.43881536,1.4741831
206,train_images/23175b7ef453.png,24ad8393b2e32d2b78ca7fd2cd5ca67753c2fab67b4dfa28e3f8cc6ab90aca79,206,2,2,-4.137804,0.15672398,2.5464368,-1.2477922,0.86920834
210,train_images/5e97cb2b0888.png,67e6623619b889b59f808cc7e35f0e62d12adba92165eccdebb27ef2bb548e48,210,0,0,2.2482853,1.2262707,-1.0336905,-2.8422327,-0.6943493
217,train_images/595446774178.png,9a93a477d03f9ba6d61c08bb054c8b82ae32e1a223120ec49a73b9faae97f921,217,1,1,-3.6879616,2.4674873,1.1051311,-0.771708,-0.7441025
219,train_images/96ea316ed0ab.png,bd3e7ecdacfc031f739188de6d16583f4cdd088ba775bae621ba09ba136474f3,219,0,0,5.619116,0.18684673,-1.3572474,-2.6943097,-2.7990184
226,train_images/d6283ded6aea.png,94c13693b2204616d83c59d0da63c262b8e6bf70226f3930fb9f81c97162e050,226,2,3,-8.041311,-2.6903033,1.7604685,4.0660243,2.9102278
231,train_images/4a7dc013e802.png,91f90b688d03aed42bb59bca986f57ec98a5188e47ca0c7e488c389e1fedd6f6,231,4,4,-4.9773483,-1.9553046,2.102377,0.78209424,2.1326504
232,train_images/83a63c4a3e4a.png,e42c6c97b486daeab07bde825d888e1d4f80d5930862721a8a5ff0e417605328,232,0,0,4.809973,0.14666843,-1.007103,-3.0866466,-1.9562149
241,train_images/dfc7ec7db0e0.png,bf3c090eff7fbefba433be527a806801e8d3e6b1ecd51e13a4492a0104b1095a,241,0,0,3.372345,0.62483025,-0.5720167,-2.9564977,-1.7389956
244,train_images/5bf6f2958e53.png,d26dc792b181338d2adb5f36fbb2b8c32bdd147a6629ee13931512f2c11c2275,244,0,0,4.163784,0.72350025,-0.19507074,-5.224145,-0.67179585
251,train_images/ca7140ecf389.png,fb211e0d85f4e71445d3e51622b8be1747e52ea01af4757a36e165a72b60dc73,251,1,1,-3.772585,2.6515083,1.1969323,-1.3580909,-0.37281895
257,train_images/8bed09514c3b.png,66b6fab42318dd070945a9bf9dd36834bb229858f79dfcda1dee05e5ca7727b7,257,4,1,-3.4505825,2.9410992,1.2481303,-1.9628305,-0.5359974
260,train_images/389552047476.png,764f7b8fe9de48e3d7a1a01e278c1f0e1e800e3b76ccba8191c11b4240a90948,260,0,0,2.492815,1.0648298,-0.433156,-2.4946418,-2.018908
270,train_images/bb752b179751.png,79f3c3af3743841f4cfa49a076ff412021f0fa695b37f2038663531e088ac985,270,0,0,4.5437202,0.5419035,-0.5017233,-3.2853727,-2.3666906
275,train_images/692e946b1f85.png,0dc8aba96f86cb0f0b554c9830c529303328e002be3850e3114f1bb40d6e90f9,275,0,0,4.6925907,-0.069823265,-0.7012191,-3.1847448,-1.9284043
280,train_images/6155cf375354.png,9c24bc774ae3062ef42d33ca92031e24e09175178be0f8ee558799796ddfa4d6,280,0,0,3.7318478,0.90792084,-0.41055822,-3.0490208,-2.4226956
285,train_images/58184d6fd087.png,849f0bda05ec621a08a3e5fe873eb2c632b0e2602195c0e64c64108c9d649ac5,285,1,1,-2.645752,2.1913176,0.92117405,-2.398343,0.24045849
286,train_images/2fe06bedb2c4.png,04929bfa62af66b88089623760eafa265ba8b95b02872c2a6f08e90f5b88439a,286,4,2,-2.2561474,0.19478416,0.6985812,-0.011074543,0.08211899
288,train_images/291e2ff3d834.png,f2cb4129c238bdbcbc5d0c5b147e0bc8048f388fbff51b9afc15e6c0432ceda2,288,2,3,-6.5088596,-2.0035706,0.710372,3.64082,2.0544376
296,train_images/197af0de76e2.png,b5dbeb03c75dc78889179bf0580d5da5c637d341cf7be2d676e95d2af12730ca,296,0,0,3.213087,0.30834198,-0.5902996,-2.884375,-1.2369976
297,train_images/5e7cc6ab4ac4.png,cd7a7b691c4b45c2a479fb90aa647e3111a8589a5c2dfa0baaccc22110d5a63a,297,2,1,-4.7718773,1.5800467,1.1700897,-0.4420004,0.5687332
302,train_images/e019b3e0f33d.png,e2de04ffb2325d6c7792b16b542ecdba49cdc43536e0756765af8e362b93b8d3,302,4,3,-7.504116,-3.667509,1.6792846,4.2298794,3.164793
310,train_images/b90bc89ce8d8.png,da1d0ff3e76dacf7f3429b1e2bcefa985ab21e27f50fea1e5ecd67bbff32f7a6,310,4,4,-3.1937962,-1.6234684,0.3461256,0.040787697,2.6662846
311,train_images/7347bd23ba80.png,4a3d5be9a83655389ed792012244652220f1c316ea14e51f417a922958189c21,311,0,0,3.647503,0.65159893,-0.06739187,-3.4213185,-2.0452576
317,train_images/883ddb650967.png,cc81aa0b9004ee93c727d365876b77e0ed0b2bdd2f15db34c2743283d7dbdc6c,317,0,0,3.9060383,0.9969864,-0.46658897,-3.2094975,-2.4517598
320,train_images/f2c0b41acd05.png,f52936a0a584e953e0a73a7c843f3f03321ebe5219b1294f18c4fba7e5212841,320,0,0,6.4975824,-0.70588684,-1.8117547,-2.9459324,-1.9186659
331,train_images/59fee5bc3479.png,de47634d15fdab1cd5a86a99487611fcd0af8f5e082b44b46813f5ca90656575,331,4,2,-8.035019,-1.9014649,3.7857842,2.5735118,1.593708
334,train_images/be68322c7223.png,55eb17af9decbdcf7494ffd92b4137b1d7067f27bc91e4f6a5b6d218770faca3,334,2,2,-5.4805336,-2.0002613,4.892554,0.026075363,0.9315386
335,train_images/291f581d365e.png,4a5a59b6dd7736e2b90c5070c2657228fdae72dd11c82a877cc17d184abb7adf,335,0,1,-0.3349743,2.9462318,-0.16201735,-2.3251476,-1.5264568
343,train_images/5b804948e35f.png,c0d76269af9edeb64d5e9cb485eeb3255c91d67ce2cf9d9bb980d540669305d3,343,1,1,0.683115,1.514163,-0.1449709,-2.413846,-0.9252939
347,train_images/da9fe02dead3.png,ef1ffafb30740c1bc0bdad797f07b14c99804a6167e4c54cfc5346a63f92a797,347,0,0,3.8409805,0.9772501,-0.6503663,-3.0016613,-2.380518
349,train_images/bda7ff3b1562.png,e97988db664de2c6a7c0953999b4e1696d3fe53195d256fe6d410299d7dc300a,349,2,2,-4.2738323,0.020970345,1.7092738,0.20720315,0.48359108
357,train_images/37c523296d42.png,df5ce267942132db5e533e68c06b79567cfbc7b2ffe71e42118ed4ce26556f68,357,0,0,3.7701778,1.1380072,-0.45663452,-3.2325044,-2.4052505
358,train_images/799214e8b07c.png,48e6727a6974c456c185d01487747518ee23335d7173ab6b13d9251d48a6497c,358,0,0,3.3643913,0.8470955,-0.5010381,-3.719202,-1.396018
364,train_images/973b0facfa9b.png,f9b03670add4fd20cf45d90658924289e51ef547724f233ec4f956a267b2516a,364,0,0,4.446581,1.2694616,-1.1139436,-3.2047334,-2.446042
371,train_images/fbfa925506f6.png,a5bd25421f252cd007b334092a471cd4ad0a56122b3c7cb778d3d41e3d0e1672,371,0,0,5.3238926,0.37059784,-1.3406816,-2.9450836,-2.473678
376,train_images/835b9f6e12ba.png,9c05fea4642c1a2e206cba87dafb2b01d5a4f2d48e082b7225af0064af664cb7,376,0,0,3.9615192,0.25440598,-0.28681374,-3.9908752,-1.1928749
381,train_images/299086c6d1b5.png,5d26c9919542f5535633dc2eb1cf928f61d43667ec7d28eff2ad1c02d8482d92,381,3,3,-3.2243862,-2.076765,1.0253778,1.8198214,0.92682076
384,train_images/2776d70724d3.png,42fbf5f9b3bf84c216881f462bf192d2a82c466289df5fc3edc6caa07e5660a1,384,2,2,-3.4616413,1.5619316,1.6143432,-2.147756,0.7121401
392,train_images/8714d17bb6da.png,511a529b27f6d1ff9831401c96452d08b3d8df6dfa7b0282d22e16a90ec7179e,392,1,1,-0.08495903,3.0214796,-0.48719788,-2.2476978,-1.6152201
395,train_images/a6d45de20e4d.png,e8add7e27effa3014aaf72ecf4862bb66d95dde52a94be5bc8eac07b658baf41,395,4,4,-2.3159637,0.35820198,0.6129627,-1.0667095,1.0447598
406,train_images/25b0e72705a8.png,c4f5306c6dbb589bf52f28c756042d0db59a56246571d54728142da315f1fb9c,406,3,3,-10.332483,-0.58871746,1.9736943,4.0934753,2.732706
409,train_images/da1fb35f5df9.png,8137a89e42f619af77f9dfd571cf6b568e5ba6f33ade9aa8540a59a51de96899,409,1,1,-2.0313702,2.4775991,0.9770427,-2.2806087,-0.51663685
415,train_images/7005be54cab1.png,a0b4433de9d934db2d4b3e666889cc1b0529cf1a075f3cbc21558ad52342c132,415,1,1,-4.3383083,2.7980642,0.88541985,-2.881669,1.7250347
418,train_images/a8aed92940fb.png,0a0999ce54f1e7dfe1597ce4ab13da79d6a2100632e7b8ac4e96d5e8c6bcad5b,418,0,0,5.063616,-0.32894897,-1.4408545,-2.9334311,-1.5029182
423,train_images/357f02a779d7.png,ce01df24283db786c10428c6fb53d694ea2f3e2824f11bc1a4c437aa08ec3078,423,0,0,3.8140106,0.71869946,-0.60016155,-3.845066,-1.4072218
430,train_images/e1900014dabf.png,bd49353ff67e0bd888ebee420011872391ed93d875a091a5e1b34e5dcf68f7a2,430,3,4,-4.9390316,0.02646637,0.55293417,0.8619449,1.5789614
431,train_images/6a2c3f4ef329.png,4579c9f939b9dd5dff2e272ca6582648085f53af086b4aa12fca6db3d3d598a7,431,0,0,3.3123016,0.37041092,0.31723166,-2.5953946,-2.3346686
438,train_images/68ddb15a74de.png,691e849f6f61cae2747f010506ce14448b98eee4618d38aaa66be8051d998db2,438,0,0,4.0465393,1.1338243,-0.4228387,-3.6773338,-2.2838154
442,train_images/4958bfcc9f38.png,31885683c3d0f5b01ffb378921ee116c5211b24ab9a05419aa8a98b638425ca9,442,0,0,3.7714767,1.4515495,-0.49956465,-3.8158054,-2.1399794
450,train_images/bb7e0a2544cd.png,25ac9acf573c431f146c3f94ec9cdd7548f5ad2d8dcb5b6b6a7113ff6850f723,450,3,3,-6.7931557,-3.109108,0.9267144,4.001608,2.9870691
455,train_images/d27ac9e54901.png,370c48cbc50a5c2f8790fbfb5d8a4c4af3eaf86bc3f74a4833f29d1acc279512,455,0,0,3.9323044,1.0430212,-0.86020756,-3.1216364,-2.1369505
460,train_images/6a905a7202d2.png,12b5f1b298b1b3d66c6d9fa6372c01e1538677baa66753c32324143c40b35747,460,0,0,3.739439,0.05276203,0.12545872,-4.257536,-0.9465008
465,train_images/032d7b0b4bf6.png,7ea947ec91266f876ffe7ed99d3f565159f592898d33f47fa1323e25320aff74,465,2,2,-2.9069614,0.22156525,0.6997204,-0.29101276,0.68179893
470,train_images/7fe7309d0b4f.png,57b6a2990c4588881b4e46da3d18cfbf8fbb67687b5059841eb6ec75df21b9a7,470,0,0,4.9431295,0.53236485,-0.8324847,-3.1023035,-2.5628767
471,train_images/3ee4841936ef.png,a0b4433de9d934db2d4b3e666889cc1b0529cf1a075f3cbc21558ad52342c132,415,4,1,-4.3383083,2.7980642,0.88541985,-2.881669,1.7250347
475,train_images/58af2c054ced.png,ed41c18f9b07ac41efe3c73e87fac5aa2df2af0f282768e642631744b52cb7df,475,0,0,4.8562098,0.9294939,-0.42112684,-4.406625,-2.1025615
481,train_images/222f3ee3a1e8.png,8036db1c6a0973a7c5a34996b7ea2bca866dfab2dc2914703b520c7f858ec1e2,481,4,4,-5.5331326,0.0043287277,0.7045536,-0.18662882,2.9451466
486,train_images/e540d2e35d15.png,26bb92d9646eb269bb627b66a35ef1dcf56daa37812dd115162cfd40a1db3db0,486,2,1,-5.9132175,2.463704,1.1355257,0.49988127,-0.068574905
493,train_images/dcc6c0ad5cad.png,828b716fbdda7933b4125d61062b1e6d2370e2e4f8351eab10938bd1a234f30c,493,0,0,2.151207,0.5594816,0.23959589,-1.8156872,-2.2631416
499,train_images/9da74370835a.png,1e86f4b13f326e948a3bd9f0212c4b126a410a0e9fae3ff9e5cd847061d4e0dc,499,2,1,-3.345459,1.3749771,0.26522732,0.4355631,-0.23072052
504,train_images/ae2e888905ba.png,119bbde338e062fcdb8dca3664c61abc41eedf04b3701b6827115c3980d1f02e,504,0,0,5.802455,-0.31474972,-1.4782844,-3.1370397,-1.8813858
508,train_images/ae2c3f6312ef.png,166c1bae54070430e62ec2c259491360958588f92797a2a5b37f854df57a904f,508,0,0,3.9216805,1.2889996,-0.78236437,-3.949665,-1.7677221
515,train_images/929cd3867815.png,07e2da1fba9b6ae380efd9862f619cf36659a339a01f936d0d602cb5a2f96725,515,2,1,0.13710213,0.6757183,-0.0430398,-1.1558428,-0.8308649
520,train_images/76fe19ff64fb.png,77466ca05fcfe0b76fe3466c08c1dce855064598ce9d42462fca09b4c6ef687b,520,2,2,-2.742754,-0.6008997,1.7861915,-0.83043575,0.7639208
523,train_images/4dd9d29eae5d.png,c3e55437b16669269023540956f5e846a4fde86a58031070f16f35862231b9e9,523,1,1,0.42518044,0.9793644,0.36703444,-1.0700979,-1.9434199
525,train_images/45c39ab9e797.png,14bac39ba703ba161b343e7d66497a65096d6646c2b705b69d97f99cbd52719b,525,2,2,-4.2121906,-1.7649407,2.169734,2.0975652,0.15744781
526,train_images/4eabad7948cf.png,119efcde8ab6eafd36d00f54c037e483f6ab54e261118f56c1ae545558eff20c,526,0,0,4.954528,-1.1290035,-1.3595705,-3.183351,-0.41748524
536,train_images/cff262ed8f4c.png,2445341e543ad2e1b8c7422b0f91b48383448cde4c4a8aa5711247fb18a9e4f9,536,0,0,2.493822,0.58470726,-0.25223637,-3.2573457,-0.46794605
541,train_images/8b76c3c5cb3e.png,b11babd97f60a7a3b69400c0e5ffda5e28ae7fe0c654a62dacb8da2754a28910,541,3,3,-3.2033844,-2.8705525,-0.32785463,3.0611813,1.833437
546,train_images/1ca91751be4d.png,8b10f56a06bb6736b5835220587ad434d09ab88caa48fbeb90c352612de44eb2,546,0,0,3.727068,0.21714115,-0.44676685,-2.5519009,-2.1274247
547,train_images/9985375d709f.png,59b970bf4da0484682a33107f1896f659d895ebeb417aba9d57cd79bd72098e3,547,0,0,3.8359299,0.7354679,-0.6620512,-2.9712896,-2.1824393
556,train_images/65e530ee2e79.png,aafe7af8bdbcc7f1363bdf21933595d1e438ab62e0cf002e3202fc77e0fe4489,556,2,0,0.19662666,-0.2694311,0.056406498,0.15664387,-1.1884193
561,train_images/8906c9ed54a2.png,3c2b1850958bbe953a3b1e02f4ab6ccdba7585a35dd776a5fe66cf1fe30389eb,561,0,0,5.166107,0.27918243,-1.0314794,-3.1912618,-2.325326
566,train_images/58b866484a05.png,c8eb887e189b419a20be412eb3b2e78e6d1300eaeb47010693cbb191215cd3a9,566,4,4,-6.3785,-1.025734,-0.17027712,0.72330093,5.0646324
568,train_images/86722fcd802c.png,660bf59ceefadb0651162d7c8bbdeb938dc9397cf821d01421b46945433314b3,568,2,2,-5.419508,0.49605274,1.1881585,1.1451702,0.82285976
578,train_images/8d8aca52c07b.png,c9d17e6c5a2ab40444d6ddeb0ee70dd873f56b7b65172d1d468187f436a88108,578,4,4,-4.373564,-2.369114,0.34094,1.0159869,3.7463264
580,train_images/b200c23b299b.png,f2fdb8791f4e45080ad11789bb5658542d634761883463fe9bea5cd5668b3260,580,0,0,4.103668,0.41885567,-0.574389,-3.7802973,-1.3410988
581,train_images/f549294e12e1.png,a6cfccf69a6d35994687c4fb41f4395fb34f238cea0196a8c8dc7e3292ea3ef1,581,4,4,-1.394907,-0.6687412,-0.20197725,-0.9467025,1.7169714
586,train_images/da6bbb76d562.png,c313d39f8346414a047a95b25a006c58b5892b8fb7e2c686b88e7422e0e5c018,586,0,1,1.820198,1.9686079,0.16734791,-3.0553694,-1.9322214
598,train_images/e50b0174690d.png,13b93ac715b9d4d65e817c59e176ae1035674aa5d1b837675ee4da03577b8d94,598,0,0,3.098587,0.9723768,-0.4030428,-3.0459595,-2.0243893
601,train_images/bf87aedf2489.png,9ef958cc936bf5be58d23e02fdca59113ce311697f401722a6a84870732fcc4d,601,0,0,3.7836342,0.3809433,-0.87274694,-2.8335562,-1.747694
608,train_images/4dd4a4bf2421.png,e475a62b053c477aeb150e03ad12166b5db8e9ada7a52ebe010e43019ea31b23,608,0,0,4.2696457,0.20791721,-1.1413784,-3.1956835,-1.3386068
618,train_images/9b093fe95d6b.png,d26052c16a58e45ad7db9266772230b13f906a30ca165bf108a5b9f8a44256d1,618,3,2,-3.2501678,0.0076360703,1.6450124,0.49403572,-0.62584114
619,train_images/2c827005b8f8.png,714bbb6f5e4014b251d9ec3a5489064e1822ab35b717a35863bc645fccee96ef,619,0,0,4.911888,0.84027386,-0.98864794,-3.976141,-1.8570728
622,train_images/9837048b85dc.png,0d321ac07d8175e49eab3bb6acbb363abd6ffa0a92ef9672c75cddbb20d72455,622,2,2,-5.1300335,0.6702032,2.4819398,0.27571893,-0.18417358
626,train_images/1d29cb2f4296.png,675ae52bd52caabdf4b888f9b1e77748d2a0c361c6a42d6409879b9f1c49e081,626,0,0,3.0512333,-0.016487122,-0.45782042,-2.701745,-0.7947874
629,train_images/d18e5b68f6d2.png,49a3283f5de6b43480d61df943fec9da9c827673d1d32724d2810d327a48847b,629,2,2,-2.946085,0.7487259,1.4048705,0.102543354,-0.83161545
634,train_images/15e96e848b46.png,b9d874e27d4d773551f1ed17fd4bc12295f61a3230afb26da63b712425b58d33,634,4,3,-4.6063213,-2.1409388,0.7054572,3.730427,0.56458473
639,train_images/6a91eb157f47.png,5fd4a67f1453bbac5f3753bbbf0456a11bc47bc3015bc9d848454bda34f8b330,639,2,2,-6.610014,-1.6754398,2.3702817,1.9166257,2.0477123
646,train_images/5dc23e440de3.png,3c651d1c245de22593ac7679f7181b1508ef13db701d6ee469d0918a064d3058,646,2,2,-6.5217266,-0.29455853,2.827289,0.43074942,1.499116
653,train_images/a763661f98a5.png,47aa0f85ec0edf44f4f0563380da494861654dbc323be604cc03e5b2387d9932,653,3,3,-7.0866623,-1.8453717,1.9338222,2.909654,2.06147
658,train_images/1c13a1483f4a.png,094613f28258396ddfd3fcc17f50e03a6e72bf23c0a370e85a8b5429ccaed3c2,658,0,0,3.0268688,0.7414751,-0.071009636,-2.9590049,-2.0359592
664,train_images/27e2be850a99.png,afa1e8061240e58e7434666e6273a993b254ffa99ca9a30b02b7866d60b11872,664,4,4,-6.3646717,0.20589066,-0.27564526,0.8251939,3.6120062
670,train_images/77b7b71ebcc3.png,a9fcee66613c28b6baba7d56ed44afa40a7bad1e5c5d28a7405c90273aa7955d,670,0,0,4.647747,0.52894974,-0.585794,-3.343039,-2.392521
672,train_images/b0d6417bad3e.png,ddb204adef505195437e8987b72ea66af01026ce461d1ef198703927b3eb8778,672,2,1,-5.641163,2.4671526,1.1366282,0.133955,0.066218376
680,train_images/8c7c26c52a6c.png,b6d2b800f387d04c3be464271cb78997dd9034d002e7bfedf70c9726b46ab0a3,680,4,3,-6.2967205,-0.6119356,1.6014843,2.483564,1.0775404
684,train_images/d5c63a8d9e94.png,a53fed97481d27220ef6dccfc6f08439376e3138e79f0b53d9f0615ef77e05eb,684,0,0,3.950369,1.1442156,-0.49532032,-3.9156103,-1.9015388
685,train_images/bb85097857fa.png,2ddbcb40f4842e8ff57cdf65f21ebd17db821151f6f876e585d809064bbb0326,685,0,0,5.542717,-0.9682989,-1.0692844,-3.2568378,-1.2348251
691,train_images/20404ec7b518.png,e96eb3f16c136627c5051d4960dd84afbf960b61affd788d8afc0a9b4675d303,691,2,2,-6.9212723,1.9686823,2.8714252,-0.5324192,0.8050928
695,train_images/b09101adb478.png,382054f8f097de7c7d2c84d9fa1911fd43804bfbc297ea17f81673d40a28f968,695,0,0,3.7814617,0.5328684,-0.6495848,-2.5917716,-2.24864
703,train_images/0dbe6c26cedc.png,fa43c8797f3fc7ede848a5bed9f47c226694730ae0af003bda9d371a308d0401,703,0,0,5.6979837,-1.1531439,-1.4359951,-2.2691326,-1.7891827
709,train_images/4478b870e549.png,61dc794bdc6ba70e118bc3cb2580b58d716a019e06b38c5a2d400c250abf9201,709,2,1,-3.9877453,2.244997,0.586884,-0.7170038,0.10870266
714,train_images/a70d0f12a641.png,3d5467f83f69363961f191634b523607d7ba1e406da6e3ae6e301cfe160c97e6,714,0,0,4.201309,-0.26279163,-0.59787655,-2.5266466,-1.808814
719,train_images/417f408ee8e0.png,a490f431b94f16d4ae8c7786a0f1049aa9b8e23c296b99e3cabfe8c8a7941a16,719,2,2,0.056978226,0.5310221,1.9789968,-3.5764813,-0.5002279
720,train_images/25e9fd872182.png,cdd8ab0aa83af62e1ee49606475bb343d24c677cef70f5c4ce4c70d7ffe263f1,720,1,1,-3.3634644,2.3606758,1.0163846,-0.82854986,-0.6904278
728,train_images/735836b1ffa6.png,8a3b6f7cc9578c2f138d94f9498757e7a15d515b1b1b0c2d98c57476323eb397,728,0,2,-5.1369267,1.2092237,1.9188719,0.55134606,-0.21099377
736,train_images/d2cd47ed2c1d.png,9b775a6c4ad010eb1e39e5d47afa0df2efbb6360c3aee1c044d90f5d6ae9bbfb,736,0,0,3.88385,0.61010265,-0.94911194,-2.4891734,-2.2518592
741,train_images/6e3526053de0.png,8c845a254a44d5dbe6e99149b1b0d424359f8a6c467926f3575ed4f71993446a,741,0,0,3.2576885,1.5989361,-0.4537034,-3.292817,-2.1811337
748,train_images/b72a86d61959.png,c6a82f7b6fcae8640e08acb5603652fce9e8d501fa236fbc4107754f0a55f458,748,0,0,4.2498474,0.22692776,-0.54133177,-3.1184883,-1.8726006
750,train_images/e3e490babc0c.png,ce6caeb46908fb9312c9bab2a5b9709389140f765c69125ecad2e796a2eed1fb,750,2,2,-6.7172775,0.6086569,2.6391644,1.0795543,0.3756094
755,train_images/d035c2bd9104.png,7c93df594d7b2d4e92147df6641f31914938f452300de18a9afea163c6d4c74c,755,3,4,-4.4477577,-3.293591,1.24506,2.0156856,2.393797
760,train_images/d7bc00091cfc.png,734c2995af176bcae39f20e0ada1c064d7f8e377f7e6905825a70ce38373d1d3,760,0,0,4.50671,0.67998886,-0.8429432,-3.1732397,-2.224977
772,train_images/9ed666e982cd.png,bfceabd90e91d36db0ad919ec6125c1db0ce1ba2f2db38d26eecc11ba9ccc243,772,1,2,-5.2475853,1.1607695,2.1851025,0.14074612,-0.08101559
774,train_images/f00ce9b9d6f4.png,d51e771fbc781397fe32033f7fe32448ec539226e3afa4639fd7d4d25b0c2e3a,774,0,0,3.5552406,-0.18380833,-0.10435915,-3.5266132,-1.1256142
776,train_images/41345cec5957.png,91d3f65d8fda4f709f5758435a3a9ed15e41d6ccd6b767d6fa1732fddf8a6818,776,0,0,3.7029514,-0.38818073,-0.85449505,-2.5496454,-1.2538662
778,train_images/b7a1bb106051.png,b7b274d9293d1db5116ce92bfa38404e9d30bcb105bdd76fc7bc7c7d7028120a,778,0,0,4.685688,0.968379,-1.1803222,-3.5394664,-1.9832001
783,train_images/46f56c38051f.png,d54c3244eb7cd79ba1878c13e48b05b0b07d5c7b654f3eff81ab19b55e290cb8,783,2,2,-4.533304,-0.589303,2.2377043,-0.68972874,1.8963556
790,train_images/b9c7c5182075.png,292462ae3a550ea45611b9c03806f7e261ba03a0c171980d2f5080b0fa913d5e,790,0,0,4.4240456,0.79402924,-0.7953758,-3.7464094,-1.7901249
796,train_images/6f689fced922.png,3035c2036b87d208c3aa77e1c91745583ea0d2e51b2f18c10ec898d94d85dd42,796,0,0,3.4992905,0.4732628,-0.29229164,-3.063345,-1.8742123
800,train_images/a21b37719f9b.png,29bc63b83b77bebf62f7827ace1208b2110eab0860817eb56e315509dfeb3ba8,800,2,1,-5.1437874,1.2810211,0.5467472,0.43804836,1.0077868
811,train_images/e0313be77035.png,cd63bd5f2e7585ed02f5cea10bf0a3c36b7f9e57d72ddef3f770209872f46e21,811,0,0,5.250698,0.12968159,-1.0759597,-3.1257763,-2.2315087
818,train_images/4ffa38550c95.png,5ed59482d0dab55a5cc3ecf2559b0590f0a12849675b0c059ded39d296e1e68f,818,0,0,5.796424,-0.33873177,-0.85013247,-3.1866212,-2.4587655
825,train_images/5ce5eeaf757a.png,3c09d30b1816f8ff210a66ca5e5354897b9d8eed7dd16d92cd52739f3dd7a155,825,0,0,3.0667095,-0.598279,-1.266706,-1.5801988,-0.88053036
827,train_images/1120f6d08d95.png,e993305b5f823bba61b5d3f8b489195f3e196dec4e56a4af94fcdc459fc6c0f6,827,2,1,-0.33087158,1.7175083,0.5467324,-1.8315678,-1.3105183
839,train_images/269f0792f11f.png,a0d09714a6b3efdfd74fdf3ff0262fed9ba049ea41ac2dfb62aa027df2376729,839,2,3,-4.4562645,-2.4332442,1.216053,2.889749,1.3234882
840,train_images/281d7b7c7676.png,13febff0b05dd0986ac7125bf5da1f1447658f7cb6b42fbf84129db9bc5fcae1,840,4,4,-2.5301495,-1.3173943,1.4941311,-1.019856,1.9187584
842,train_images/2f4e81787d9b.png,04c943e594d472c5771c87e2a8418e6399d10171def7d7a40be2b1453f85b36f,842,1,1,-2.440981,0.72570896,0.6896262,-0.7664108,0.20832539
848,train_images/7ed4128b2a4e.png,2f347bb41dc2815eb939a8d1c63b06334b9b1eaee8841a44b32d1f494f004389,848,0,0,4.291111,0.30417538,-1.0756712,-2.8128238,-1.7425184
854,train_images/77a1f1398fdb.png,41fb05e13ddfc2b1b35a4bc8f4088a325f8e8d4292250279c0e8b6e362cda393,854,0,0,3.4814892,0.43195438,-0.2738781,-2.2888765,-2.247373
862,train_images/a44345b27804.png,32ae91ec6e7762bd86c72cc31ecd46ba06f75e21380843736e193abaadf23759,862,0,0,4.0195866,1.0018225,-0.532814,-3.6128235,-2.11729
863,train_images/d41b33fcb94f.png,d5b496d954ce51d69f3a96af15bf9641d037715c422536d9f39caaa2b633c486,863,2,2,-4.8383656,1.361556,2.4431453,-1.1432576,0.22744751
871,train_images/adb56cecafaf.png,64558d2a745c2d8424bd43225e0ea6c6503ca07ad06d2a5e5cf034d5f22ce886,871,3,2,-3.234867,0.29824162,1.2698054,0.502398,-0.30342102
875,train_images/0f6e645466a2.png,b7affbf10ef2bbcbd07b607eaf0370c60d8dc967dad855780645bcd648d68c6f,875,0,0,5.6972733,-1.5920911,-2.096755,-1.9891372,-0.9659691
883,train_images/b94c58d063bf.png,33149b9537b983fd019d6440eaebda96be7df339fecd95339659707b9b8805f1,883,1,2,-2.8913689,0.42941475,1.320004,-1.1738205,0.5667887
889,train_images/191a711852bd.png,89139434b7b2f5f67a76ec44cbfe2eefd6f0cf0aad8a663fe80e630db811abe8,889,3,4,-7.927887,-1.496191,0.4571066,3.0494487,3.9148006
895,train_images/97d02a9b94f7.png,16871aa4f37d8d4663f924b8e5b0a952ff1791baac2a6af0cc70433ca23003e6,895,0,0,4.885069,0.9305887,-0.79310226,-3.6884336,-2.3456264
902,train_images/74898f372d2b.png,0e3e255bed7f56084e6f968ac052e7c4dade2d5af8a8fc6e4752a4a2389df570,902,0,0,3.6862602,1.1031256,-0.46256065,-2.4435005,-2.7986345
905,train_images/dbfd238b3468.png,bd1e85c20379be05ff58c4bd2010608e175c9ea39c0de85dc7d99bfeb3de4f1f,905,3,3,-7.23905,-2.7504482,1.7726636,4.565889,1.5723867
906,train_images/2d3f4094c08a.png,c32ef32795583cd3e14c1de9cccd7d30f17822ac815ee3d75b8372a4d2f3c2b4,906,0,0,5.2730274,-0.6054392,-1.6983492,-2.1484299,-1.835598
914,train_images/fba493e17448.png,6c5306c1fc901eb4df8f71896be1b7399be43918e6497bdb240c5ae7831ab194,914,2,3,-6.73752,0.3777418,2.2269807,2.3190536,0.052444458
915,train_images/bc73ce76ec43.png,db2723ba6701f0a2131cff98d8b766d010ae855aa2ce51f3b66c0d6fc07a8c9a,915,1,0,1.3663883,0.8201103,0.46460772,-2.240066,-1.7827749
918,train_images/e582e56e7942.png,a0ea824ffe6064331c6ff52e56c3178e55e55cb86ff3f1f09fa469fd98526e89,918,0,0,4.215454,0.5672121,-0.4208479,-3.3029132,-2.1537404
926,train_images/aa10a4b2e709.png,5dbd96c4c7098f9c10cd45060e85fa06bc4052f903fa8f02c6bdde7a7bb2293e,926,0,0,4.117199,0.24564266,-0.32936096,-3.5492449,-1.5902576
929,train_images/72a867980067.png,35641ad82c7929667e415a42a23588bd1ea3ed8f2ec002ef5f5db6fd14119138,929,0,0,3.0371895,1.3671284,-1.0121617,-3.5851011,-0.91762066
930,train_images/b460ca9fa26f.png,edec5ed699866a17267ed8efb59d6a455e008ec7903ebf1665a2baf6d253d873,930,0,0,3.5974884,0.46698475,-0.24206686,-3.600338,-1.5802898
937,train_images/ffcf7b45f213.png,920ce1d77f405cfadb3b51e478a3873a88781cb2ab60b1345b4282179a16a161,937,2,4,-6.1165543,-1.5041199,1.3942094,2.0371697,2.1395578
943,train_images/5f51192841f7.png,120a8865d14c497cd15148e522b979fd3cb73c8a8c1d594c8ef9a973c288721a,943,0,0,3.541832,-0.15805912,-0.22410727,-3.4291248,-1.0173502
951,train_images/13c191b59ed0.png,70503d62023397f251155a10b01b1d333adcd57cc430dda326416b195caf2f51,951,0,0,4.7038784,-0.19597721,-1.4813967,-3.2495198,-1.0482206
959,train_images/b351ae99413a.png,f9e639997bc2f9a26a963c67bbe0a866591b22a9f83b39012996de1198715313,959,0,0,4.030882,0.6169319,-1.0813837,-2.7792387,-1.9522152
961,train_images/7ccb267fd394.png,080257579826ca840dc4afe96e68bca9fc58937c5c1f4274733ee3f4b72dd053,961,1,1,-4.3849983,1.7767801,1.2570043,-0.39806795,-0.08182907
969,train_images/f91cfa82b9d4.png,576eb48fdfe1be325ed2027928c1790431820a7299a5ef7524a98e777958fde0,969,0,0,5.1390676,-0.32105923,-1.4068065,-2.6356936,-1.7610207
973,train_images/6ea07d19b4ce.png,af73cfc382a8c7a9b0270a712e6402601f2b7c8af11e593fc8fce37da75ccd8f,973,1,2,-2.3524475,-0.018177986,2.1363378,-0.9728713,-0.19874191
976,train_images/a182b5b191de.png,043749d1388f5a90aa3eccc83e3ba0e3509cb6792f0b8a196f10e11a2833d861,976,4,4,-8.488739,-1.8494024,2.762978,2.1302285,3.232006
983,train_images/537e5c578f40.png,91216a63283788eea8ed4f6a7454f36fdebfa6ec0d1bf2e529259caa5a0f8ce9,983,0,0,2.7435188,0.7934561,-1.0302892,-3.1285434,-0.5078478
986,train_images/f7fec8935126.png,0757c37cbcba8f12c151f2fcb14338cfd8a3726ad497e96ac51838ef29614644,986,1,2,-4.927128,0.6629896,1.6810288,0.13180685,0.65996456
991,train_images/f0c0f7b5e820.png,657349946c6ffc80095f800e4ee117d2908d7d882e1101ca4376546d514ec1be,991,2,4,-5.449995,0.4881525,0.34493446,0.6351695,2.1594734
995,train_images/fac399455195.png,dcd9d7df4f8f6e667bf078c7709b458aeaa662f9a199a85cc3708aca067aa64c,995,2,2,-4.9472466,-0.28413582,2.3994613,0.6615007,0.49984074
1002,train_images/19113e5f45ec.png,af5743ebd0a40f68404b1044ede5e50a3f8506a5f7e81ef07b8e4c7f07fdc037,1002,2,2,-7.1428013,1.1051788,2.266333,0.14939547,1.6709528
1008,train_images/cc3d2e961768.png,47f9dc0e2ae6c260ebb4a796acb11d26f152fd8a81a5d313402918ebb60749e5,1008,4,4,-9.017551,-4.4207296,0.26259995,4.350279,6.668398
1014,train_images/c94f37085d0f.png,fd62871771b7ca12ae340c503f06355bf1399359c74191db8f393f236a189113,1014,0,0,4.3813896,1.2840023,-0.3902669,-4.666807,-1.8844147
1016,train_images/331121c65e88.png,62d2a7dd4b8e26e1578c8c06090fe332d0cf8f56ff24f0cd39f98f1241bde920,1016,0,0,4.25741,-1.8262873,-0.90859985,-1.8054371,-0.8725195
1026,train_images/f69835dc7c50.png,81874bbc82faf6ea815cab414d233c21dcfce8801c8bc9a1db2c63ac395dbf92,1026,4,3,-8.687403,-2.543065,0.9057994,5.5014873,2.695794
1027,train_images/d6e26fe51dce.png,cdb73f570c76eedb7367df632dc3536c3c393ae50c9b589189499adcadbbedfb,1027,1,2,-2.1639042,1.2804499,1.4900951,-1.5649843,-0.65025043
1034,train_images/60e269e3e188.png,2ba34c9b9ceedf72cd8f15642cde92043972ecf68458c5315c5c556ef19d0e25,1034,2,2,-5.728327,1.0978441,1.3654532,0.83019185,0.5372648
1041,train_images/5cc6dea19614.png,99a7f36ec70d812552636b93221f422f88c5124b5734fdb9a4d13d97571b697c,1041,2,4,-3.998146,-1.769062,1.3987269,0.9716737,1.6921597
1042,train_images/5ca779ace6e7.png,ce15d79c6b1a8e41be008d51ab8d560dfe9afa9ab6daada8462922fd9b159897,1042,0,0,3.9952774,0.9802561,-0.71432114,-3.3362274,-2.1675072
1048,train_images/4ef7144e24ff.png,0c0b490623672929be5942f45ba22dc067d806d23271a6e0dab4b7bc2b0a4268,1048,1,1,-4.574892,2.4145985,2.1921725,-1.708622,-0.14401722
1055,train_images/de55ed25e0e8.png,0f6dd3826eb347eda705cc65f1641cb00543e417484885875adde533eb037cc3,1055,0,0,3.8319607,0.7127981,-0.69894695,-3.4329853,-1.5980968
1056,train_images/7525ebb3434d.png,2b155912b3f4bd098536c75f028cb510afb557a11945b7378b5224b39634e69c,156,3,3,-8.700701,-2.9586072,2.0870848,4.5697346,2.85845
1062,train_images/e39b627cf648.png,dc49bd6969229f83c2ed8ea7a395bed030134436b46c508b598717d0f9d113a4,1062,4,2,-7.4534016,-0.34253597,2.602099,2.0379117,1.110157
1069,train_images/8f1e7433a95d.png,975d3ae21b7a64bf5956fa60670120ed44fadc37da0482a08be9021c0f3e7e5b,1069,2,4,-5.0117893,0.48510456,1.5692344,-0.6550932,1.8282776
1076,train_images/b7aca95b97b9.png,53ded39956a68bc6852b29c6552e9bd6714c3494cb5d2df53707ee27010bde12,1076,0,0,2.5144043,0.56307983,-0.8081622,-2.0686426,-1.2791548
1078,train_images/08f8838d69bb.png,cff11dee5ff5036b8a9657601ac73cb260059a5407c08f6edc6a3738d6116783,1078,0,0,4.401308,0.9891281,-0.6719203,-3.5081873,-2.3734803
1080,train_images/6889bc64ab09.png,90e7f58c66b9acc66874d258f535d36e424e6663a88d63c82f1aaaef4a55aaf3,1080,2,2,-6.5655727,-2.657641,3.105802,1.4818223,2.6857662
1084,train_images/26fc2358a38d.png,f0ec5c6e8fd5834799cff311239f54d4c9c53dc460847cf2348fd75763732bbe,1084,0,0,4.1363297,0.80468273,-0.9526515,-2.8972788,-2.253849
1090,train_images/7c2e852171c0.png,58277d76416e0a7d0fe70dfbce560774a4193bd1f87c4d1a1a9cef4c9bdc9654,1090,0,0,4.128008,0.9232445,-0.71724844,-3.4115624,-2.0653
1100,train_images/873dcc0b468f.png,01daa0b4cf0055431b8a090f5bc56681a1810cdd28c008f248a12177634336be,1100,4,4,-5.2621307,-0.2285223,-0.5544653,0.48537683,3.6533823
1106,train_images/2131aa3a1e6f.png,ddb580cf16ba0e1e723db50f632d9d1ff6511f71e35a4ff81875e736f6b33197,1106,2,2,-4.62862,0.87555695,1.8083243,-0.99557924,1.0112801
1108,train_images/9b4fc15df3c8.png,f2f01219e8acd776fe3b01aee1812b18d0348e3bfc1112f674a02bda51b799e7,1108,0,0,4.522541,-1.4957771,-1.3143883,-2.3884444,-0.47325802
1114,train_images/9e5737f771c3.png,e656821ea25ff6addb3050e1a82044dfbc71e6b228b729c983eb3aa1f37ac090,1114,0,0,4.1063576,-0.68743324,-1.2817488,-1.8103929,-1.4289885
1122,train_images/7c2f820a6425.png,7d7c0b44e361bfaba7da283fb6738e19c5b40168fbef8604be448193d6ab4d72,1122,2,2,-5.0531197,1.5262184,1.5381565,0.64398813,-0.3380165
1125,train_images/ca7570c5925c.png,5f740a2f8670eaca8e451c6eef63ffb52f934d67dfeb0c7b1f941d85127e64d7,1125,2,4,-7.0729275,1.3861876,1.8672361,-0.07646561,1.8873892
1132,train_images/9a7bd084395e.png,4223c1f164475651bfdd059c4deaee768b2a0c7c38b76a8b73e893bdf91b2817,1132,2,3,-5.64727,-1.2119827,1.6583252,1.6934698,1.6495895
1139,train_images/8a01daa423f7.png,881c7ce2aa009d1412b81b51d64f543f90f48e6c4fe17271e8b68b55f225127b,1139,1,1,-1.8869152,1.6788998,-0.6765475,-1.6153212,1.0120735
1144,train_images/91e82fe4e434.png,7570ee36060897e63334b1d6608192595e316047e4bb2aed20baa20ec4d7016c,1144,0,0,4.408613,0.39844418,-0.17523193,-3.4176445,-2.2505274
1149,train_images/4b1001050f1d.png,327a90c0c472c07e2a61183f8e5e2fbb46cb6a3e3a6b625c15d80a6a65b9a8ee,1149,2,1,0.3617916,1.8841944,0.8971381,-2.1142125,-2.2750583
1154,train_images/387138ddf43d.png,308bf70fcc7bffdf72e8f750711068206021dee128977b050bb01435ea79dad3,1154,0,0,3.8044682,1.1585588,-1.0801692,-3.726715,-1.2061996
1158,train_images/4554062fa836.png,3039235c3fd8e0595af5b0075144fe56371fd6ff3fb50a9b0208c1b8ea6e362c,1158,0,0,4.819647,1.4225063,-0.47569418,-4.6319475,-2.0850406
1165,train_images/c6d4e4a3bd4c.png,1c902509098dfb15cb5e261a000c5567d37e58f33b6e75203a18a7419d6a42c7,1165,0,0,3.2652397,0.9234047,-0.5916562,-2.9537249,-2.0073838
1167,train_images/c3e02d4a1798.png,3c72d01afdff4761ea35c1169a7eedef007a241f5acf8dcf26fd0caa4101b9a7,1167,2,2,-2.304779,0.91244507,1.5075393,-1.7560263,0.05696106
1174,train_images/f633c474e8b8.png,a8e5c0d4ed138f257dcf28949eea5619bb0e0874aa63784c4e99f4577045c7d5,1174,0,0,3.0317688,0.34150982,0.035027027,-3.9211082,-0.8932476
1177,train_images/837acf120946.png,a056b1ac8ed78ad700c8c7a0d812dafc81226e376a0571085a9f925ca98de584,1177,0,4,0.95897484,-1.7097678,-1.0199213,-0.7288208,1.2544117
1181,train_images/13d71389563f.png,9a1ca35289993c7db77f1b71b42a33e20a27852e1bf3d7d599ab80379288d6c7,1181,2,2,-4.0799427,0.94910145,1.6689343,0.56060505,-0.66768074
1187,train_images/96c699221180.png,353d8a385e90ea4267e594b97a79aeddb93224cb5d5ed840ad1d775b4374d778,1187,0,0,3.5381641,-0.54332924,-1.0036998,-2.3212833,-0.8705559
1191,train_images/1e7ccd4a1c87.png,0ce4fc8014f9a3fa43b93511ff6abbd013035dfb1631988967c28b306a3a82d9,1191,0,0,5.382578,-0.40203285,-1.5663905,-3.4538298,-0.68579674
1196,train_images/e1b8acb1cea1.png,87399cf826489a02adad2640196600c7eff766ad6ef830df1586fabede2e9157,1196,0,0,2.1909332,0.28303242,-0.6878185,-2.1633968,-0.96436787
1204,train_images/e246cd89e1cc.png,c6b3e93d2e421af37966eed4964e5774ef25eb096e8bf28019dadbb622fb4408,1204,0,0,2.659483,0.66025543,-0.3454361,-2.9346867,-1.4381618
1206,train_images/39b5b05d6cd9.png,b3655add974ff8bf9e9fbd5f3925004471c37064c0d993ffcb4b53212177629d,1206,2,3,-5.249504,-0.73819256,1.481399,2.7455895,-0.011836052
1215,train_images/f7defe70afc3.png,501a5eccb7ddf1954dc6e94aed7c92249ec1d8e234de74dab165d5fd83abb476,1215,0,0,4.002077,1.1856956,-0.784431,-3.47898,-1.8507462
1216,train_images/e499434242cc.png,4c673efd8108793cee71f7a41f82c0f37258e8221f3b911717736c5f754ba15e,1216,2,2,-5.428301,0.7093611,2.6390643,0.6378534,-0.31392765
1222,train_images/1864d3411143.png,4a1cc0862330e3a5dba9700086a52b6c62fc563a48fa5bf52ad4d839dff3c877,1222,0,0,5.699463,-1.0218716,-1.5607252,-2.9081082,-1.259737
1224,train_images/18cde9649e90.png,18bfc8cd46eb4f6d333152fe08f5a607a0f2cac951aa5b84c29f3c9353b638c5,1224,0,0,5.1963005,-0.571949,-0.72230005,-2.8978667,-2.0452027
1232,train_images/352e4a939242.png,e986cf2457956d0fa8fd52a174ccff26717d15330304e3844019ce446fa0cf60,1232,3,4,-6.7207546,-3.702828,2.5239244,3.0782337,3.1496992
1241,train_images/cb602182cde3.png,ddb1e1d97941491d746575bc8232a3b9a3e9db436c49102788cd86ebe728201a,1241,2,2,-5.3417225,1.6236372,2.638393,0.0063142776,-0.7410536
1245,train_images/3a6e9730b298.png,180007fd2a75e760c1bac95bbad4e1b3238ff6f0804fe1ce89e7e57d21f0b00a,1245,4,2,-2.0636463,-0.17117882,1.0401316,-0.9902439,0.46813107
1253,train_images/a93f1ea3ff4a.png,c13e7eb278b3ca91fecdafc1398a792e83df58db7c69966a12193e6930425739,1253,2,2,-3.9707642,-0.33421707,2.5600371,0.2469976,-0.0007390976
1258,train_images/90bde2ff8953.png,2deffce0279f761ad0543a412de26ba1838effcbba52b2eff4ef3799524e5271,1258,0,0,3.7545986,0.65411186,-0.7845688,-2.9936595,-1.8948755
1261,train_images/ee1ec90b980f.png,0889ef44dd306a5a81555c315c163aa156f46cecfe5be54b8f3d5de3c117f59d,1261,4,3,-6.576563,-0.27904034,0.9676337,2.319703,1.691803
1270,train_images/18b06f56ab27.png,bf28abf7cf473dfc26553b379cf1acb02460bd21ab6143fa61a003c173967060,1270,1,2,-1.9948673,0.9410095,1.2476921,-1.5744343,-0.089346886
1271,train_images/26d60db3bbfd.png,2e15ebe49faeec45be4b4b3d8b577495f9848d12f5a087c7874331a9c47be1a1,1271,0,0,2.1265335,1.2235126,0.0865016,-2.974144,-1.5978785
1280,train_images/3dfc50108072.png,1acec393a3edb9c91be8c9fc8322297ce5efd4974532b931bb16b033a58d6d59,1280,2,3,-8.390923,-2.1486716,0.8120651,4.3396454,3.4170227
1286,train_images/582f739b8f62.png,b4f611b3d195c49e35fc2a3fb647a966b9b6fe70cae69f1e2af77a964d3f5e0f,1286,2,2,-7.375805,1.6977243,2.1846933,-0.4485898,1.8464861
1291,train_images/0773a1c326ad.png,75d5faec0b1674b0e8bf41415495015f351f91575293a290dc2cc646b6a847dc,1291,0,0,6.077899,0.22869778,-1.8310995,-3.3081703,-2.1519527
1293,train_images/9a3109657ac1.png,db56784b762de05ec1ae3f5fd0f471f1462246050a924a40fe1c179bd4c022c1,1293,1,1,-2.3128338,4.4348545,0.7571511,-2.446505,-2.0183272
1297,train_images/add1d681d712.png,0d1f33d1df4904120ed8d3d4317635aad010d0b72b743f15a9cacc64e6672717,1297,2,1,-3.4950943,2.391387,2.0496135,-0.7093015,-1.9211483
1306,train_images/4d9fc85a8259.png,998d5ff36f6047c9e836d62581379c71afb78c7874e77c8f6fa385814bb052df,1306,3,4,-8.368544,-0.12505817,-0.5460267,2.5806866,4.3764334
1307,train_images/0ce062f26edc.png,35b5c66c9071b6e259aafbb73ba0325e5b6bd4e75c746b8e7994e7f92a7becc3,1307,0,0,2.579298,-0.9774265,-0.842,-1.507339,-0.27736378
1309,train_images/ef7eb85b75fc.png,dc36da11e91b39706f9de3efa5f15607af0f8e77be5a18e413f6e2dce22bc164,1309,0,0,2.7586231,0.82735443,-0.007902145,-3.3455853,-1.5485716
1315,train_images/21d18b022429.png,9879f9de7ac388fa6cbcb0225e36ac5b6f08c1e49d1a9dc631d11ebd063bfd13,1315,4,3,-4.094454,-0.18946648,0.87594366,1.432416,0.3410225
1321,train_images/1f543a86c4d4.png,ec68c79967b4ecc4c80cbb1b42995dd5681386cf984c380b21b897f1a2337d84,1321,2,2,-4.454735,-0.511878,1.9547539,-0.5960283,1.7823133
1327,train_images/9a1029536d78.png,9b61929b4aaf07f2eb6273e29a2eaea2b1c4790178ab7dca032ff9a233e3bf25,1327,0,0,4.061037,0.89446354,-0.9109297,-2.8304453,-2.34121
1330,train_images/6f3b62e5b7f5.png,685a7cb9958abca775056187e117084cfd953353050e9278617b2d40b61a50f5,1330,0,0,2.1834145,0.13032722,-0.81516314,-2.2843742,-0.4243784
1333,train_images/2d9d97a6e713.png,54be2e850bfdc608bde27eeb6cbbb5a9d4d42796fec6fe1119424af5df26ded7,1333,1,1,-3.0113258,1.9174099,0.4838724,-1.0831003,0.09370041
1338,train_images/9f8112c710be.png,57182496fc76010fbff42b988e079bfbacf5f836c32ad38d0b8de5b722765787,1338,0,0,3.2300167,0.5749073,-0.86605835,-3.181223,-1.0916853
1344,train_images/b73d0bcd3d33.png,098729abeb2142e047a3f64dfb9b0b06b8c44eebca649ac90408780cb4ad96d4,1344,0,0,5.738906,-0.53244877,-1.7068193,-3.1623802,-1.4337196
1351,train_images/e79e10907295.png,658c0452b77c534041035219d13d3d90c54e9553cf85ec139c37d942c29b6954,1351,0,0,4.449581,-0.7317476,-0.291687,-3.5522938,-1.10042
1357,train_images/0fcfc6301f3d.png,132b5f2ec7874469455c5a11b99de14fb6feacdfdca15548067d873dbde6d3ea,1357,2,2,-2.6722507,1.4459963,1.454752,-2.4336624,0.61888504
1364,train_images/4a1afe4044f4.png,3bb26b220332f21e9cbe95ccc20fa53a8ad5fcff2d9223a022b0163a87fb2030,1364,0,0,5.328083,-0.09531784,-1.1265588,-2.6374593,-2.4822164
1365,train_images/60edda7b4871.png,b57c493e42f062cbb38288863cb75a09d1ffc07810d6ef08cacadf32fc8e772c,1365,0,0,5.645631,-0.7494936,-1.3535361,-3.1898713,-1.4922075
1366,train_images/31452ad8808c.png,ef777924d9fed2f83e71bbdee3889032f1c1d887dc959fc1d041f7ef74157625,1366,2,2,-6.030487,-0.2664442,2.3638387,1.4655588,0.6400461
1373,train_images/b55d2ddb3e75.png,4c2cef100ec0dd1ab124011471bb0c2777c59c28b0bf3ed888989e78fdb50b75,1373,4,3,-9.2055435,-3.321128,2.9428487,5.034463,2.3242702
1380,train_images/2af1bf226f51.png,d9a3e286e7789cec48d037de5c486f2e43660f8cdec380e59d65a159f096bd9c,1380,2,2,-1.2498512,-0.6678324,1.5443196,0.10696316,-0.8266964
1387,train_images/cd8da43e3069.png,33870534604ed3f81be0873fc59e3c031416cf8d902a50355362a19b6b0174ef,1387,0,0,3.0560474,1.1683922,-0.9149909,-3.212638,-1.4294605
1391,train_images/05195a3db5e2.png,aaeed30b86e923a71f76c09b085c7eeaff4ae181d8ba326c75f42166914f9d8b,1391,0,0,3.0883331,-0.45558834,-1.5327544,-1.9158573,-0.24862385
1397,train_images/b2aaa81cc8f0.png,f98ff8a883e051a12ee88761de53266fc3a9f0b5aca1d6fc23a79a371a1e90ee,1397,2,2,-5.451006,0.6329012,2.8184218,0.7836709,-0.5636263
1403,train_images/b9127e38d9b9.png,dc49bd6969229f83c2ed8ea7a395bed030134436b46c508b598717d0f9d113a4,1062,2,2,-7.4534016,-0.34253597,2.602099,2.0379117,1.110157
1405,train_images/7f84284598f5.png,934250102f99a549ab74785d1db28d76d1bbf5e5ba32889484571067aa05088e,1405,2,1,-1.1081963,0.58756924,0.25131607,-0.6463127,-0.45938396
1406,train_images/ec6659926105.png,4515cb1784ae0e0f677606876337620c88778d9e3ba6e2af05cf60e4627ca812,1406,0,0,4.7465076,0.59193134,-0.96522045,-3.0248609,-2.3053613
1407,train_images/4a05f81b3aba.png,6422610640bf50835413067b52de6daa2ab3e9f45c4bcee3b2c34f20500b8e6a,1407,0,0,2.7202759,1.6544533,-0.7971554,-2.908256,-1.7910166
1418,train_images/c334f8688b77.png,821753c2818adb08d00a9f44c3607c075f7f6738de13e8d9b3b92c0d447415e6,1418,0,0,3.9893913,0.7179041,-0.72523355,-2.982458,-2.215507
1424,train_images/98f48850ebce.png,bf66aeb5390f53a2c247b6fc9c960a6eb2ccce249149792870473d9c57ca14cb,1424,2,2,-4.7443333,-1.1900778,2.0198545,1.9450386,0.4765749
1431,train_images/3ac3fbfca7d4.png,b5970673cb13e47f10172375088fcad3399ba6eacaf6ef70868cf35eda0481df,1431,4,4,-5.889902,-2.042647,1.73947,1.3945951,2.8069563
1434,train_images/7ec1ffe8220b.png,f08beb0893678eacdf3179fefb28f8142e93d5b16dcbfbf6e8f6a2fbe3f54cd6,1434,2,3,-6.901087,-3.8272824,2.3124108,4.609352,2.1147375
1442,train_images/db690e2d02f8.png,55c12032bbb3cb4d138bb6bf879b1ac9ad2a81d53f6b7aa9ff22feb5e5a3b43c,1442,1,1,0.72632027,1.0348568,0.9697981,-2.4140558,-1.8726244
1449,train_images/f8372e80f731.png,814e932a010f71171bb08f1d7d54b63e35757d372666ba8ff1333cf474f5ce95,1449,2,4,-5.204111,-1.8548865,1.7270384,1.6519933,1.8006229
1452,train_images/1ade1e949383.png,fa1affe506782f3de8d0e89852a4f301dc20a4a6b8acc0a30cb337163e41116b,1452,2,2,-4.26647,0.8217764,1.8624263,-0.5159936,0.37073994
1455,train_images/bb9a3d835a94.png,f1f5b7c4d151b82d90a51343d0cb4173704513f6ab8967c314c0709fa7d4db60,1455,1,1,0.28327942,2.7776089,-0.21900511,-3.2141275,-1.0518341
1465,train_images/f9aa35187bf3.png,ba9b8d44a5c4af377e1e38ef57da330f876c7ffa384fcfca372e819dcdcba6de,1465,2,0,2.2892475,1.0594244,-0.38677025,-2.8529534,-1.575489
1470,train_images/3c726de3ee90.png,7a726e00272eba2ceb4be4c654cfa4cf698c391e877cbdb8f3ee69139103f001,1470,1,1,-1.500782,2.403346,2.061099,-2.8566475,-1.6219053
1472,train_images/d6f6bdfd8011.png,73ca7a3eaedeef1b293439b9c1f8f703663ada8ff5247bb813a8d75e4bd4aa33,1472,0,0,4.613289,0.49224567,-0.5812707,-3.8692846,-1.8126688
1473,train_images/d4be0403e6ab.png,1b955b50c3f040519d74258af8803a2c4e6182a8ee694349684b024d40492cc5,1473,2,0,1.3116531,0.75884724,0.48813868,-2.7085605,-1.2990751
1476,train_images/080f66eedfb9.png,44427ad4368ebe3735fa6f626d739c5da46c9e15198a436cd74f706d0bbea20e,1476,4,1,-1.1446362,2.416871,-0.34417725,-1.9965634,-0.45738792
1482,train_images/53f6c1c65c04.png,34569f7cbc1b2e6315a7124e90e8b6e3d5740fd93c8fbdcfba47115abcb530e1,1482,1,1,-2.5574455,4.0493107,0.87442684,-2.7647166,-1.1897326
1484,train_images/4f6abc40c72d.png,36f6f21821c834eedabf9c7e9c30380ecee208ae1fe98ec40f46ab69511a714d,1484,0,0,3.5459785,0.68003273,-0.75275755,-3.2194462,-1.5705299
1485,train_images/ccd6dcb2f568.png,55e01912397e873caccf1f388394c4bae1f610180af1e5584d1aec97faed194f,1485,0,0,4.5581417,0.2906742,-1.2875185,-3.0835724,-1.7178669
1491,train_images/f819c65b803c.png,b62fef9a260b46bb4fafccf0f9f3bdf775393ba8da623e5127c724e7106625e8,1491,0,0,3.0192642,-1.4258194,-1.4195542,-1.8933506,0.3156891
1495,train_images/ceb601fe8dba.png,1ad63c0642b6d0fc7ff822cdfcc4b67b622993e8831eea416ea12d3972ffebe1,1495,2,2,-4.4969234,0.14828968,2.2823749,0.8136809,-0.4132433
1503,train_images/cac80797770f.png,ecc5a9f7522791e13c75275153b0271c2db80d8ac3e73e24207b588814ffe982,1503,2,3,-5.937166,0.1028595,1.1848545,2.6727338,0.118413925
1505,train_images/224bb938e2dd.png,52e182abb40db4059cb220b429180d72c0b779979e6c3325c796eeaabc9bce31,1505,2,2,-5.300211,-1.0940819,2.459146,0.8863385,1.252841
1510,train_images/36041171f441.png,9a93a477d03f9ba6d61c08bb054c8b82ae32e1a223120ec49a73b9faae97f921,217,1,1,-3.6879616,2.4674873,1.1051311,-0.771708,-0.7441025
1515,train_images/1d3e9b939732.png,0e1e538394a90d5959e8a689120da935f5548bc9d9ec4c2801d93fb133c484d4,1515,0,0,4.618967,1.1872368,-0.58122206,-3.7745924,-2.5973692
1521,train_images/8f318a978844.png,eb33fb8222f2bcb8631185b8bec8233e6d53daad63fdaa15c02d3b38b06717a4,1521,4,4,-8.139973,-2.2310429,0.7972722,2.1497788,5.3430386
1531,train_images/705f508d1e42.png,6fe5faa64620d71ad2d597f1bf1069b6562a5681ceeb89c1b7468f2cdeb15cce,1531,0,0,4.919121,0.16528893,-0.8970189,-3.176752,-2.0073385
1538,train_images/8d7bb0649a02.png,c074f9f47cb63bbe2520ddfd2e94faa53c842097e4b8925d20f4f845df76e94b,1538,2,3,-6.1421394,-0.4774685,1.9874053,2.0070996,0.8508558
1544,train_images/5b994ff78547.png,2956b142924e8b08a19e17b1c4f004f0dfca9b96e283ad74e157347b6a88c7cc,1544,0,0,3.704176,-0.112202644,-0.5607166,-3.1205912,-1.0985651
1545,train_images/b963a11638f2.png,8ae5f4d82e13fb99eb14e480709ce045481f1752b7fdd546600d7c43462a6fb5,1545,0,0,1.8590736,0.33003426,-0.14191246,-3.2308536,-0.029894829
1551,train_images/ca1036496659.png,95c4791242c28145d76d2d17aee6e5860fe7a34981f7371407a4401ff5751f18,1551,1,1,-0.9194374,1.4243488,0.3906765,-1.5711703,-0.74139404
1555,train_images/7be1b9aa78aa.png,b603bb966fdc0c0822048087007f517aba1f95492478eaaa339ca428b16188dd,1555,0,0,4.025507,0.76455593,-0.73327637,-3.9278173,-1.4077969
1561,train_images/cd314653a4d8.png,e7a52b1f2057abf522697be40bd20e0c2fccd26b73534602f20d9c6572e053c0,1561,0,0,6.13653,-0.47233582,-1.3745885,-2.8940964,-2.347705
1564,train_images/8c29a76fa08c.png,12f3d5fd0bad27803ba083c6e0d0753780ce10c1cb53f2574da4b932b5d1b6b8,1564,0,0,2.1050568,0.06886196,-0.25820923,-2.3399143,-0.92943
1569,train_images/5bf3357a2823.png,d6951b9eea1457757f3fdfd976c91944977fc1bf985a4840f06a60208f5a4503,1569,0,0,4.720293,-0.36309814,-1.5735846,-2.576538,-1.350441
1579,train_images/1db0393cdbc1.png,973ac8a844b54d3af3fbc53904fa52b32ce03200a86e4113cb6f4ef435daafe5,1579,0,0,5.8188524,-0.846962,-1.4835715,-2.5221071,-1.9417872
1584,train_images/d18b1d8ac4de.png,153bf95d2b1533348e3bf0b5e5ad660980dde4643f34647c36a4ac19eee2ec36,1584,2,3,-3.8098297,0.6393719,0.5102267,0.74586964,0.31020737
1585,train_images/05cd0178ccfe.png,3bdf18996ff9f84342287e337edf432a9a46fd95e03be8ec32dc3211f00a2f15,1585,3,2,-7.6531143,-1.0988226,3.1912093,2.213017,1.3193102
1589,train_images/757572337fd0.png,e22aec2dfa61dc9a25d28aaad3d203be6856405b17a586c66ca190a6dce8c00a,1589,2,2,-9.134441,0.2507925,3.9263282,1.9015446,0.89428425
1593,train_images/665ce639a331.png,df55cab58fce1bab36c3eb8bf450dcf625ad74da87d9d2f5787851614c9fdbc0,1593,1,2,-4.4153786,0.6923351,0.8723879,0.7428217,0.40966034
1601,train_images/f2d2a0c92034.png,f008e474b6a447e03ef380c91791c0c4d13b5ce35f24aa8c638fa03fb1d627cb,1601,4,4,-7.424902,-2.7456446,1.2935114,2.7037585,4.191164
1608,train_images/b22354b5f94b.png,c4c4b37c5695e1d28625c8c373364ef7b15655877b6bc1da0b272b11a777800a,1608,1,1,-2.8291416,1.705349,1.6545482,-2.090763,0.09503651
1614,train_images/513b0a4651fa.png,74f20d1a543c13368bcb7634cfa4c3c9388659e6f544784a6f9eed8ea2545ae3,1614,1,0,1.7792988,1.0252047,-0.45959044,-2.7365541,-1.049551
1615,train_images/4927945ecfed.png,daa4715fe4267e6936d42533b96667f7e3a197af3800d2ff9f7ca1946d6e912d,1615,0,0,4.0402527,0.9515505,-0.41049147,-4.1150885,-1.7345467
1626,train_images/0318598cfd16.png,0811f5cda7284e76ada4af682a9370130bbcd9d10a55301a708fb9c07380f7f9,1626,4,1,-4.194483,1.0609369,1.0004449,-0.024076939,0.46407604
1628,train_images/13063d1bc4ea.png,a783c44f8533c85083a014ff209dbf7ce924c70e9c45bfd23567dedf6f2ef5cb,1628,2,2,-3.0685005,-0.50918484,1.0014892,0.467134,0.49684143
1632,train_images/89fc080f7e83.png,17a12755bd6e7921e599de3f84e583ce2c873fa4f89cf3f8169f702ed0b7f14e,1632,2,1,-0.34109688,1.4049177,0.77170897,-2.5548096,-0.6987133
1634,train_images/1f15ca672675.png,931a3dd2e2d469dd77b3ed7d59b678e09d6a31f0e91c0c15e3a6ae2ea0ed26c1,1634,0,0,5.2699146,-1.0178804,-0.843905,-3.4710217,-1.1951132
1641,train_images/a8582e346df0.png,ac3c47f35f5139dc134e1bc994b05a26d60b139420d0f7a8ca83d78f7d648218,1641,1,1,-4.049984,3.4827204,2.0820289,-2.6999774,-0.6664076
1642,train_images/49eb73968c44.png,b5ec6a6083569c6089923cf5836a4714187f3270af2287c450361f2469b57039,1642,0,0,4.850546,0.1322174,-1.0837216,-3.1592941,-1.9244032
1645,train_images/c027e5482e8c.png,ac3c47f35f5139dc134e1bc994b05a26d60b139420d0f7a8ca83d78f7d648218,1641,1,1,-4.049984,3.4827204,2.0820289,-2.6999774,-0.6664076
1652,train_images/7adfb8fc0621.png,b30cd5f46a49ee967bc328293ebd230156434cba290d724e75acf6559bac7922,1652,0,0,4.5818043,0.58126354,-0.97375536,-3.0417862,-2.2477665
1656,train_images/87b1938994b5.png,09ba82a15f93e191e9338f36fb0ad0fc8b29942420d8b2401f4f5ff77eb2480d,1656,2,2,-5.916025,-0.825057,2.7075992,0.43386722,1.7162943
1658,train_images/87d46b1cc4e9.png,9f94a87d5fb71a088894e9ef30bb87721d006754b9d50fc337793c231db9ea03,1658,0,0,3.2692642,-0.5473509,-0.8963003,-2.7336144,-0.48527908
1660,train_images/799cb4c816ae.png,afaa8ddb09e077f229bd788203d4d10a10439961cdb39d1ef86360b1139515fd,1660,2,1,-5.0257187,2.0869293,1.5995097,-0.9715743,0.42887688
1668,train_images/d866c26d76f0.png,5888201e2ed388c635212f42083258967f7a7e4fb82d812b095370b9531ba52a,1668,0,0,4.765335,-1.7842622,-1.6746912,-1.3029404,-1.1108971
1678,train_images/ab78a66dee6a.png,84d89cf5c98416200fc9dd35b81610deeb145d90f761aac9b3e099b453b7fe31,1678,0,0,4.4647655,0.87023354,0.040061474,-4.2127285,-2.289125
1680,train_images/e724866f5084.png,d52604994a542eace7e39a32c3a853b7bb38e7a271585fdc5d44df9867997d81,1680,2,2,-7.0344543,-1.3379488,2.8001885,2.0590863,1.5246115
1685,train_images/8b58f9a338e8.png,1e6af919f4b3393a73fd7158b73d19f916f74c9b71720b0431d9dcbdd123cd70,1685,0,0,6.1661167,-0.112532616,-1.9915118,-3.2249808,-1.8126307
1691,train_images/c739ff9580d3.png,751c484591ab0248093ec2f6cbec071f7781c6de25f7e4b3cc0b8db47e3ef27e,1691,1,1,-5.3006344,2.3617887,1.9166884,-1.2582097,0.532773
1698,train_images/1414128bead0.png,26601a4b0fb6d4fcd0073632cc4960a991c8bd95d4157ecc6728aac822425d24,1698,2,2,-2.7073727,0.9500818,1.1461582,0.46309853,-1.2913389
1703,train_images/86fbac86ed3e.png,bb9ddd3c6eea2bf2af7645887a905c6f13b1395cac69a445f2ffd137346816ca,1703,2,2,-5.867235,0.46151638,1.6488519,0.3762722,1.6294689
1710,train_images/ed6704e3b72e.png,e3c34e63ed721f759f5717522ce5fb98f3c8c8e66181423516bc7c854389d8bb,1710,3,2,-8.525446,0.26634312,2.5443015,2.212742,1.4577656
1714,train_images/06be1092a062.png,01f11e2c8955a65f82dad656ccf6127030e90449fd579bdb14d5ab4310d8ca79,1714,0,0,5.1099615,-0.64257145,-1.1777978,-2.5878544,-1.8229971
1717,train_images/1fddd7c98fd2.png,1217509efb49901c946b3ea88d81d0c5031ac4d53130f0d29994e9937852e7e5,1717,0,0,3.097561,-0.34178066,-0.4892316,-2.119947,-1.1535311
1720,train_images/668e853258cd.png,9d98a290f1da5fd4f8c39fb97740e59f5e5bdc8611730ad8be50437b46316c39,1720,2,2,-3.16967,-0.1505804,2.0672503,0.876194,-1.1611595
1725,train_images/cd29c88c9e36.png,a63e1b73fa049faccb5aa95dca607c72a0a2c839198396f74fd78a9ee83a1b56,1725,2,2,-4.5000896,-0.8344431,2.598967,-0.4693551,1.3012905
1731,train_images/6c250a30593b.png,ea393847d55129f05e357a13d7e5f9b2be29fb68bfc03a68f28ba20f7cf50aae,1731,4,4,-2.7798996,0.31799316,-0.92290926,-0.8541446,2.5570822
1737,train_images/5056fa7d505f.png,1bf0f9bfc85ef75b1700601562700fcbb70c31ebb9f534abaa4395f66af2d5df,1737,0,0,3.5247974,1.7737646,-0.3701229,-3.436728,-2.4721618
1738,train_images/9ab18a4a957f.png,7bfd869d97691e9dd404dfb3fdee40a4de9d56362a698e5ee67031493bf745c7,1738,0,0,4.504204,-0.7501087,-1.2117352,-2.054573,-1.6443672
1744,train_images/4c3c1ed09771.png,905cc3253bfb260dc23c2ace8f80a70d41862dcbe93825a6e08d4c3456c629e6,1744,1,2,-2.9029484,1.0678511,1.868516,-1.1505127,-0.39404106
1751,train_images/10bf25731c08.png,2ad1483dfdfb4a2b81609f8a152083b9e18b1dc8c87dec39bc91606312ee5036,1751,0,0,5.3344355,-0.034585953,-1.2476392,-2.9444008,-2.075563
1756,train_images/0c38940e1f80.png,b2cbb757094a63c1f708bdd2847087f25e77d25c352fdae937eab5917d3c1bbe,1756,0,0,5.2708797,0.028015137,-1.4134374,-2.9156399,-2.1165075
1762,train_images/8433a032b96c.png,29f109f7e377e5c448e8593b84cb90c16f5fd024de502d8bc78f64aea303ade5,1762,0,0,4.8271675,-1.2190752,-0.9195876,-2.4940853,-1.2990437
1770,train_images/fa748b57262b.png,33d75fc8e5d12da8fc72d2a4169735dde2f076d4074bea5fa0dc287f6dc9de05,1770,2,2,-7.0241127,-2.2687373,3.0209336,2.8664327,1.5260162
1772,train_images/4e85aa647534.png,0a17efb48ec15f1f2e0a897e88cb724544019fde0cc8a787761bf18fccc33e83,1772,0,0,5.8469753,-0.582098,-1.474577,-3.3356133,-1.5847969
1778,train_images/7102f29e052e.png,7df14517be051cec7651b65ad5b9e759a76207cd0f7a5cdf54d3803478983121,1778,2,4,-4.9708633,-0.7652817,1.1847572,0.9361501,1.7427483
1779,train_images/a2b995b81692.png,5f96c8778f2b3e454613483e24023072d808a7158672e8fe4abf74cb4945aa61,1779,0,0,3.5360336,0.9183407,-0.68042517,-3.4182172,-1.7001133
1786,train_images/721214151233.png,6f334306b523113fd6f83be3c7e0daadc620ff961976f13f4929edfb5c99132c,1786,0,0,3.44549,1.3697605,-0.3137412,-3.5357823,-2.2525911
1793,train_images/0c917c372572.png,64cf08685797edf0d75b5f511d6389dc16012146bb9755ed97ee9066d9d1e824,1793,3,3,-8.179487,-1.3493624,1.9296341,3.2359533,2.329689
1795,train_images/d85d052900b4.png,a8f266a02ca8ace9b0430f15f41a9275735d8fcf41dc77dbe0be87d06d591419,1795,1,1,-4.271696,2.4355936,1.8432355,-0.51459455,-1.2157516
1802,train_images/15c24478ac72.png,d57f975d94dffec264850d22ce42f65397f0d7dfefc3773be8259a7f1d088392,1802,0,0,2.792162,0.41362667,-0.090648174,-3.4734678,-0.96832085
1811,train_images/07083738b75e.png,916542e5e567e3b870987e3ec7d43b2b1818dce2c24f45cd9f4c2ca09594e644,1811,2,2,-4.9883995,1.2547235,4.1738324,-1.3550243,-0.74656105
1821,train_images/523ff163211b.png,827afa17f7f5f67bd8058ee13c4b9f67965efc0fc59508ede5c3d62beee72142,1821,2,3,-5.5895653,-1.7041636,1.6161361,2.3325293,1.6761599
1822,train_images/1cb6961d141c.png,0a282f1841f895ce3ff61514bae869d3d84d3156ffcb10d918e115cc0bdbdbb2,1822,0,0,4.173527,0.25445557,-0.93336296,-2.6334925,-2.078805
1828,train_images/0eced86c9db8.png,ee19357d83226dcd3246bb5a6dc8f4f652ed610c1439ab34ba906f331bc1f6f1,1828,0,0,5.7555885,0.008870125,-1.0229177,-3.1560402,-2.6004639
1835,train_images/1e8c31e29dd3.png,05c92f4bc96fd65771975f8ca9202b934ca31fc81cd9e2859b9d4b7126ceef02,1835,0,0,4.0327377,0.17653465,-0.20312023,-3.3239126,-1.8955717
1838,train_images/1db6bb46c102.png,667271dc624ae5a5d8fc35e773a02d271c9430a32beb1c504c9f038425d1e5ee,1838,0,0,4.7273636,0.9907923,-0.7099376,-3.9791222,-2.1004047
1846,train_images/c755a0c4edcc.png,779a5f16180ae04773af2f3b3ccb47675b191fbc348e2e002582a3ec9a253583,1846,0,0,5.571452,-0.92662716,-1.2736135,-2.41778,-1.9201527
1849,train_images/38373431d996.png,202f31dad2a9702e11bcad44bc2a963ac2f149ef7d26ca4c6681a4a82f4a9923,1849,0,0,4.8012257,-0.6084032,-1.3290267,-2.0674343,-1.9056311
1857,train_images/83d6e40c869f.png,52fffe493b300c59baeba3d2b2c90e533562b58bbf80fc882ef747adb09e903f,1857,2,3,-7.171606,-2.01151,1.9688168,3.0656772,2.2995234
1858,train_images/a673193cd5a9.png,ebdef862426a25ebbf82f9b72c2a5afa673a3d22ad671cfcc24590f8cc008775,1858,0,0,3.1289883,-0.37127876,-0.303051,-2.7909718,-0.8625784
1867,train_images/9904939ab83d.png,e9c54dc9b548bd9eed5cec94cfdc20e4fc774ac44c543389ad823d5c7cc0cef0,1867,2,2,-4.584076,0.65867233,1.8400974,0.28415608,-0.010507584
1868,train_images/8bad12d70368.png,dbcc5e75430a8ade9480fddf097bbbb8980b6210cb20232bb28a4a2cbd758a4d,1868,4,4,-3.0122566,-0.3917017,0.6675863,0.27451396,1.1167116
1878,train_images/c97472ef2c66.png,aa61ccd34bfb8ee2f47956a084ff4b5057682040187bedee598adcaf744acdd3,1878,0,0,4.4265842,0.004143715,-1.3079987,-2.352141,-1.9133196
1880,train_images/35ac70c0d08f.png,0ad21e1aca6697e35e8f51c028d7b4193d0faa02c56224a856680ea3d0e0e214,1880,0,0,4.1624584,0.5699291,-0.9634743,-2.8725686,-2.0510468
1891,train_images/fa59221cf464.png,534967cc24793275d28e02f1cf9dea9f81da2af670883b21a7c149212d1f1d6c,1891,4,4,-4.6168137,-2.5525703,-0.1340661,0.811249,4.541214
1894,train_images/08037e4490e5.png,374785319e9e2617a635e4be6d691e8832c1800507e80d4c06504b415c2fe963,1894,0,0,5.4188776,-1.401658,-1.5631685,-2.2003794,-1.2992334
1900,train_images/5a11d21c2828.png,66235b92998f98f70fc55e5f1abb276c85b8c8eb429a7fef32e19f8f402c15db,1900,2,2,-3.470766,0.85309887,1.6200914,-1.1817684,0.5868406
1910,train_images/13073f075a56.png,3735e21a91ff34f43489f78cc3941d88321b891a37a5e8105c28c9b6467957a8,1910,0,0,4.035694,1.156127,-0.32246017,-3.8998146,-2.2502136
1911,train_images/cf603a9ef2d5.png,6a1b77857df50d74466b897855294c99b2302f5478020cdcb401bacbd89c14ca,1911,1,1,-3.4058208,1.7403164,0.92880154,-0.732079,-0.20829678
1920,train_images/300305ce82d2.png,47217dc4db58c4cb7b1c1dec3c548ecd7523f7422e39d460cd8b315431cf2a48,1920,2,2,-6.627983,-0.89393044,2.6124454,1.3045058,1.7619715
1924,train_images/70d0392397de.png,036413d506ddfced95e027e9aee37fb8eb9f9cd77dce82c3443f19cc3c827a28,1924,0,0,4.8112392,1.4209957,-0.7040601,-4.733882,-1.7779617
1929,train_images/d9bbdc33db83.png,b6c624260f92b7101b7bb8e7689ab13b8076c936de8baf2b76c3731a281885f7,1929,2,3,-6.3229923,-1.1566114,2.3115492,2.517899,0.61607647
1931,train_images/246e4506824a.png,6b9762b63ec6a973c73433855642d2c06c7f9603fba7903a665b30107280f49a,1931,2,2,-5.558132,0.39048862,3.0540318,0.21832943,0.06599522
1933,train_images/9095d43fb132.png,915896d94bd178eedc020c8d345159883cadda48b6b59976d349eaf60ce28b03,1933,0,0,5.695137,0.5286608,-1.6187739,-2.9246264,-2.3487115
1938,train_images/0d9a9896f801.png,8b93ccbdddac2fa59661445c8a8c2b6c53637528d939acc3af8936f6258d51b3,1938,0,0,3.5504875,0.40786362,-0.568635,-2.7052212,-1.9267678
1946,train_images/dd3176bacfe2.png,688053938d0719df419942f321e70a43ecc33994e6cb20f8e64187309e8e16a9,1946,0,0,1.1100178,0.09871197,-0.79451656,-1.8488755,0.18821335
1951,train_images/6e73acb2cf60.png,fc33c7a1b27b45f0e7a045b3ffbfafdb6dd23700553d55b4a3f57c836af003ce,1951,4,2,-6.108635,1.3344984,1.5197024,1.0532689,0.29605675
1953,train_images/0a3202889f4d.png,942b52bf398bc82babce8b5c109622f5d7c84796d1f888aec7056221f2b76986,1953,1,1,-2.8955631,1.3216753,0.2663393,-1.3272376,0.9217253
1963,train_images/b21abe5d9722.png,18acb05129780fc8347b66ca3c0f79fefd4923cd37a9786c2d93aab644ba1a8f,1963,0,0,5.4800463,-0.2730837,-1.5085659,-3.159131,-1.6110821
1966,train_images/0ad7f631dedb.png,1259bc68e33fe7fcdb2bbc059e9e2cdc213d58ec2e38595e07a6525168346ff2,1966,1,1,-4.2018013,3.034257,1.1653228,-0.9530449,-0.77423
1970,train_images/b9d0b83d70c3.png,e8aca1b357f054a2ba32d35e34a73c6ffed8e2812b722c3a9b93bf91aab50a70,1970,0,0,5.3050194,0.5308218,-0.92499065,-3.4860687,-2.4995089
1977,train_images/ed2ef440d22c.png,c32c037e6cba3e1e0fb47bdb60a06be586afeeafcfdf354270c610251ba73c41,1977,0,0,1.6665688,0.3834734,-0.55406,-2.6226854,-0.24896145
1982,train_images/99240ee00485.png,ed23d8b9d6c295958424baf8783897cf0eb95edb403e43bb03e244becdbe92f0,1982,0,0,4.215891,0.9646826,-0.2702403,-3.7818627,-2.2467403
1985,train_images/97a235367f9d.png,6f4afe1c8c5a3ac16070ee1890d0ce40c187dd9c98bf5d4e2d0393b3661ef6f9,1985,0,0,2.8174095,0.2655983,-1.1373086,-2.5669565,-0.42681122
1993,train_images/655cafb4c932.png,c7b16c240823c4dfc2d5ad9dbf3ed06aedb3d777628d3dd16d7c4c4759f534eb,1993,1,2,-4.6041393,1.8285065,2.504949,-0.2799611,-0.99501514
1997,train_images/8ceff4c4c860.png,5b8d1285749230c49cf91daf12e332eeeb20976e9cfaeed809aa4f8ee077fec1,1997,0,0,4.246628,1.3963966,-0.95265055,-3.4928303,-2.380704
1998,train_images/a77dbec966d4.png,4c731ceb4896d30b61242043fdead998b87cf4cfc3c5d49c9bb44b3ae348fced,1998,1,1,-3.687193,1.9673243,1.1909113,0.11459732,-1.2377157
2008,train_images/6653ad026901.png,433823672f0eea8f6f9dee8ec8647b4f4cab7ac0ed981cb4cb7d3cc5702083e0,2008,0,0,3.8906097,1.1304331,-0.8205657,-3.1032095,-2.3337474
2015,train_images/f5a8c6426a71.png,9b6780a8c350a0a7a9c8363791dcbb5436b54b381ce2f20384f1fe5ff1433c92,2015,3,2,-7.763378,2.1779013,2.831347,1.1310663,-0.38035965
2017,train_images/09f6ab477654.png,d536434ec6bdfdb26485cb77f74f52f5cd5ddab4d39500d70b2170bcb02cf45b,2017,2,2,-7.9988556,0.4915552,3.3188062,1.4307499,0.6015425
2025,train_images/fce73678f650.png,afb9e7bd70ae874dc284eaf3a43f03475ebba5aa0d12236a6a304b9fdef398fc,2025,0,0,3.5590115,0.10014629,-0.03556633,-4.083995,-0.92950153
2028,train_images/9cc6b1f9bcbd.png,ae8fb83dc445ff2ec7cd8eb38bda2e482689da5f7c6cde264c6918e33104ca0d,2028,4,3,-6.508898,-1.1311255,0.7551484,3.45323,1.6711712
2034,train_images/a82a12ad3fb1.png,63da1ccb6198973b469af83a9b44c0a4043e05252f696ece24026b8904b171be,2034,0,0,2.0494862,0.45485306,-0.5141754,-2.1393518,-0.97296906
2035,train_images/7350c50667c5.png,a52b25af81a8bca58dc0377289e5dd9c6178ca1c386743174a5ae03c9b20f27d,2035,2,1,-4.5322094,2.780342,2.5654407,-1.4886761,-1.0489607
2039,train_images/b70cb31b9abb.png,743dffb5e04d518c12e98d04b2f2fee87fca92057dca88349ed46b05464f9dea,2039,4,3,-6.1081333,-1.554903,2.1315641,2.4078488,1.3821259
2045,train_images/a94da3d3b5c0.png,ea7d2890a0823570773ed75075bde4b1882901a3b00201e3bb878e101bcabe78,2045,0,0,5.5035715,-1.0732708,-1.2861891,-2.8652182,-1.3485126
2052,train_images/aa0afc41ed19.png,7fb06b10c6ef5edfc83400ba89a09dacb5b7d71a98ef6781e5cd05198f70ec3a,2052,2,1,-4.450611,2.6518211,0.59120274,-1.0153794,0.43173885
2059,train_images/f460608cf4cc.png,76129728c9a1c5335f9aece49c585d92e04b11335a85d011b2be9e4fe4b603fc,2059,2,2,-0.8611145,1.1641483,1.3250751,-2.2764225,-0.62210083
2063,train_images/27f82ada84ac.png,1b8084d8f3950d9bdf8372e8d8ea1c5e15587e89843c8f64bfcdc9d910272e98,2063,0,0,3.3169537,0.1889782,-0.41058826,-3.185431,-1.0344076
2070,train_images/681c3c115684.png,6ac66f88171bf1838512c0ba7af6ba44f668178db2c78ba7618a9d4715b0cd7e,2070,2,1,-1.6957741,1.9153185,0.9732137,-1.2220969,-1.58319
2075,train_images/354b8911d6ed.png,a9860297702ff909ff7807bc7bbb856b08094d73bbee3e4c8a2960a31eb7f43c,2075,2,2,-4.605398,1.1536226,2.04136,-1.2995615,0.91141415
2079,train_images/756b0d6488bb.png,68c7cb277cefda504182173d2841ff9dc3b798914a47e39990a4dd8371bd311d,2079,1,1,-3.1235676,2.841446,0.5447278,-0.72512674,-1.1417418
2082,train_images/c80f79579fed.png,55112d096bb386676fbc13f24b5b926916bd7656c233e44c4892f23d6924beb4,2082,2,4,-4.109617,-1.3046303,1.0009432,1.3943105,1.3944702
2092,train_images/359bab5d784b.png,78df7a7db81a94f1b0543463f84dde999d5a00c5f579a2aa4d19ef610cad8cf4,2092,0,0,3.636179,0.91852,-0.7195673,-3.169797,-1.9793572
2094,train_images/f58d37d48e42.png,16d360a1bb13423327883a971ec868c7b206e7d2c03adab1c7152298c97ca11c,2094,4,4,-4.6262817,-1.8889451,-0.06314039,1.5098593,3.3809776
2096,train_images/f45f1485c940.png,c7e15dda20f07bedb87528f0693a20f31c85cd20b080e2e0a0ce578ee212920d,2096,2,1,-3.9879894,1.8597317,0.6603255,-0.622458,0.3318777
2106,train_images/ad029ba7fa8b.png,6a16cddf25d6e902e02543c69257f3115c3c5515059e09bb601fd92f6fff73e2,2106,0,0,4.964139,-0.98488617,-1.4889555,-2.3458705,-1.2497416
2112,train_images/ea4dcb055139.png,5367bd13a261fa88fab0afcb324be6182a080cfb42ee1c24fc6cd49e276c2e3c,2112,2,3,-2.878893,-0.56413555,0.20638704,1.5343707,-0.0068588257
2121,train_images/6666c4f18396.png,b3f9c78e16f9fb1f2367922f1676f1db359378fc0a46206417b8339dfdb1f8e1,2121,2,4,-2.9336128,0.6020527,0.59082794,-1.9681683,1.933341
2126,train_images/ed88faaa325a.png,6138c2096b73b3c6069bb3dd4d441568ddafed07c0442ca53a3e71a25c7e78a4,2126,2,2,-2.7624912,1.585885,1.8719864,-2.8955622,0.5043907
2128,train_images/12a82fc7d73e.png,f1cf91fe69a80e85ddd8ff5b618234fb8e312613be4bb905f47b31036462be2e,2128,2,2,-5.424526,0.71308804,1.6863317,-0.07255602,1.1988878
2137,train_images/8329e80c10ac.png,22fbfe29087ca4d07232038427f9cdef29417040af999fb5b7b156811274dd58,2137,0,0,4.56275,1.1810122,-0.4895773,-3.865282,-2.4860396
2140,train_images/217dad18a5ed.png,50632503d4f27305af8eeba3c477af752d883b649fcd725274b0f7cd8161768f,2140,2,3,-6.937048,-3.201243,2.4046488,3.5147183,2.3303785
2145,train_images/2376e5415458.png,b915306c6f1644cb80e11b58c039e006482cd65046e970c66792c980c7f7d29c,2145,2,2,-0.461195,-0.1704464,0.58272076,-0.37001753,-0.7330885
2153,train_images/aba3063c5413.png,05b59731a698d5f4119df6b4907c4042b0bf5ae3a77b12128b3cdbf19027d174,2153,3,2,-8.316692,-0.0018758774,2.4185328,2.3144853,1.5609436
2157,train_images/ad312ca98202.png,7c254d84e69d48defae066fa9523af7f8dfbf585775b4a930d92a941c1270b49,2157,0,0,4.095091,0.14882374,-0.9168129,-2.896171,-1.6140747
2163,train_images/545df1bbcd61.png,ec36b32d63566908b6e81a3e9ad649645a44a51f0053e7746a52233e3df0825a,2163,1,2,-0.00881958,0.07426643,0.7031226,-2.3636441,0.06987476
2164,train_images/cf8f1bc7a215.png,57073fb9165c9de9eaa78153a0d4064a3ec475cb1841f8eb71d66def8cacee45,2164,0,0,3.975706,-1.0474215,-1.5366063,-1.227097,-1.3088856
2169,train_images/4faf4063db8c.png,146b1eb4afd1594261573095401a4020ae4c30c43e876b770d3b31dac5f4041b,2169,0,0,4.184784,0.7876291,-0.5639682,-3.2262316,-2.334052
2174,train_images/f68690db78d3.png,180b866e50010c389993bc6d8ea8190cb540e667bca7e8630968c1d526cbcb8e,2174,0,0,4.8803453,-0.45531082,-0.8864479,-2.8151674,-1.8501196
2182,train_images/cb2201c226d6.png,decbb24fdcdbc23dadec1d4ac06e21108a79a7faaaa04915e28b9ebbe0304790,2182,0,0,3.4220333,1.0819492,-0.60320807,-2.958272,-2.1994028
2187,train_images/930fee99213a.png,87d904debecba5f026308018bbd0a1b4a26acd46bba58b6f330bf5251cd4e9c8,2187,0,0,2.8199177,-1.5827713,-0.4428668,-1.5361333,-0.49675083
2192,train_images/e7578d8dba72.png,ee6f1dbf212664e5a444283aee22a0c05cf2aa7d59f731fe54869ce2a58c965b,2192,0,0,6.6127167,-0.7483969,-1.3945107,-2.8417664,-2.4698505
2196,train_images/f9ecf1795804.png,75eae664fb3461018dfeb579b39c4dd86e139982d92a880312a1080c5fd07860,187,2,1,-1.682991,1.9208775,0.9047203,-2.1929374,-0.45111656
2198,train_images/ceb32a193eff.png,76e29f710b6b9d81d96c81285de1346dd2819515326bf8be40ca6a470fc05b6b,2198,0,0,2.808422,2.3652983,-0.53106785,-3.9542007,-1.6188631
2203,train_images/992599744a23.png,67a3b218ea00af56693b86ed05fbe9c523dd56122f069886ef780b78d94d3653,2203,0,0,4.034296,0.7139845,-0.27886772,-2.737319,-2.574335
2206,train_images/db6207e62c7b.png,35a6a213fc3c994508d480bb8f5591303c43b55a5ec2584f87848269e7af2497,2206,0,0,5.1172667,-1.8720713,-1.4782033,-2.024166,-0.7727175
2209,train_images/1c47815f4a6b.png,d8db2360505de5b57882b6fbb6578583a2c69aa629a5cc9c204abbf702a116d8,2209,0,0,2.5639668,1.0818529,-0.42313433,-2.1240048,-2.1949506
2217,train_images/0a902c80d5da.png,41cd1633696a29d73ee09bb91a0f9959f19ac7dc7d73b64184c492b6f382ac52,2217,0,0,3.3437843,1.184969,-0.37077522,-3.8679886,-1.6323271
2225,train_images/da949aa67a4f.png,2ce4a5765f8d9c6573913b6324e90e0733f43b80bf0bc377e8ca017123e799cd,2225,0,0,2.7665596,0.015332222,-0.20054102,-1.7547741,-2.0998206
2227,train_images/8f14bca04b47.png,3219b2ca1196acbba82e4e2bee7cbca0a778b8ddc76e84e0055cd4aae1f638c2,2227,0,0,6.048005,-0.95778465,-1.8102207,-2.3478012,-1.8962641
2228,train_images/419406328dcd.png,9cb64de1a55468fb1d374dda28959b9d75dba2c4477e55b80a5d3d69da382ff6,2228,2,2,-5.7411346,0.060536385,1.5201287,0.80899143,1.5179529
2229,train_images/f4d3777f2710.png,3c651d1c245de22593ac7679f7181b1508ef13db701d6ee469d0918a064d3058,646,2,2,-6.5217266,-0.29455853,2.827289,0.43074942,1.499116
2238,train_images/ecad6845f630.png,a742c29da9862837f98689b0766411a79626cdbe656b0877a6f595a213264bee,2238,0,0,4.6224117,-1.242899,-0.8903208,-2.9716558,-0.2473383
2241,train_images/586f5c56081e.png,da27bbfc1d2bd825267d844d65b2558caa3eccdcfc3e0812024ac02890c30c3e,2241,0,0,3.128416,0.2832651,-0.4233513,-3.0666232,-1.2620373
2248,train_images/6d454444f17c.png,060559e51edae7d6288225b84af68f6e2b1ede4c5857a1eacfadaec95182c524,2248,2,2,-5.2038155,0.83653164,1.7645493,0.95107174,-0.21137333
2251,train_images/3f3de2a6b0f5.png,755ccaca15c375e02b7b9b2b787c29b21110faffc61bfd562f12d651c92ef85a,2251,2,3,-3.59943,-0.7489681,1.4712453,1.8611548,-0.47337532
2253,train_images/3730c322d35b.png,310993759afd6ef7f36ee4cfa58dade336bab3199dc430f0fcf56d1c1d61fe94,2253,0,0,4.616192,0.48959827,-0.5588608,-4.573021,-1.1906223
2262,train_images/4e43d05cc2ef.png,34d09fceb9ef8f2320f60f074bdde7ee040c7e937d9de27067aef454b1d1d729,2262,2,2,-8.808083,1.8491583,2.4367309,1.0152917,1.4976921
2270,train_images/e69b48516577.png,644bf3410b1c427c396262bc9b644cbf35ae3cb8804325b896d8c429d9ca974c,2270,0,0,3.9090576,0.6183348,-0.5351782,-3.1859899,-1.7548237
2272,train_images/9232dc06cfdc.png,70dccf0ddd7ccb37b85d64b30b8237a4b136a1e5a4ccb8db50c9b1cd9b509304,2272,0,0,3.3081055,0.5826731,-0.3733611,-2.9279356,-1.834383
2280,train_images/f9e779a13204.png,dcecef2b81468491c71f977ffacd41998578840219ec2835b14cce294a88bdd9,2280,2,1,-5.7200584,2.1185427,1.4998903,0.6232767,-0.25152302
2288,train_images/eeb231c3ef1f.png,0ed5cb8c0442e57dca97a6eae4abfd3d255efce03261e9bad44a721c5b611cda,2288,1,1,-3.6464386,3.763692,1.5999346,-1.9224715,-1.5855293
2295,train_images/697538183db5.png,e45240fe68a5931744f94d871401991b4cfe5b4e0f243c24461905c489f86068,2295,3,4,-2.8024178,-1.5979524,0.06825638,0.444705,2.2025614
2303,train_images/16ce555748d8.png,07b13099d3359626722ac039f9f80da8744bee588289dfb2c2bce28f4395211c,1306,4,4,-8.405478,-0.12075043,-0.5241437,2.587761,4.376478
2304,train_images/f531232ecb55.png,bd07be80362eb08456b07c25cdd3c1d98cb7952515785a2b1d42a2a5b1fe788c,2304,0,0,3.9571133,1.3894291,-0.43515396,-4.247323,-1.9217005
2309,train_images/aa6673241154.png,94a41a6a1d36b53a3f0df07676a79e3b40ce52365ffd86074b30c84ae94a2de0,2309,4,4,-5.228073,1.040494,-0.713089,0.27771354,2.69633
2310,train_images/259d30f693b6.png,da66f4ea8736a44c41be7dd47e9844f814a2c2a6a80d2a4ba2720a8abed29192,2310,1,0,2.6369324,0.45328808,0.1511488,-2.7487955,-1.7975397
2318,train_images/8eb3337a54e9.png,376723967872f4630a699a6973976fedaba153c4509468842e5e5ab6b6eecd70,2318,2,2,-3.4102077,0.36249638,2.5949454,-1.4982448,0.12701511
2323,train_images/38f1901f214a.png,c398c80291d7bd9c1d47f92e601e4dc36659770906399a5e69970598cd2c9ce1,2323,0,0,4.8565645,-0.44656944,-0.8962345,-2.4319649,-1.7493696
2324,train_images/1891698febce.png,a4ceb173868947dc1d07cb9fed71834c276be9512542c1ff9261411091fd9efd,2324,0,0,2.2272892,2.0178585,0.018945694,-2.632792,-2.7426543
2329,train_images/84b472c49cfa.png,6632239cb855a2dfdcc71ded22392cc4616ad8bb4aa67d04ddf9780e20370698,2329,0,0,3.1854477,1.1892891,-0.5180292,-3.358417,-1.5763311
2337,train_images/bfd5c0e55420.png,b539b1b9c074dc57df66e5003a2ed2a5e25e138aeb4b3883d1470e6406fde685,2337,2,2,-2.643383,0.10841274,2.3464928,-1.3177934,-0.021008492
2344,train_images/a3fcf42ff56d.png,32c4589a5061a4d1273b275860a39321731b4554ecb3399c7e074b916bff7c86,2344,4,4,-6.9923344,-2.1003833,0.6745262,2.8384209,3.6132364
2345,train_images/840a06a9c690.png,adcdc8279c0f3327bf9e68cda2bc1cb30e17ca8718f66c67bcca164a1fd6ffbc,2345,0,0,4.594679,0.8477335,-0.76556206,-3.6936636,-2.090928
2347,train_images/57760be09c03.png,d98feb03d0fdb12fefb92d0d3d1a49cacbbe5d950ba594b583ed395f4c27cd7f,2347,2,2,-3.7925663,1.2167683,1.81073,-1.5944538,0.6965618
2357,train_images/6b3860e8f64f.png,70ece9713bfdf5149d4be90a88ac22ef00988ea1c73b35d61f4b0854c86e1ac5,2357,0,0,3.4750748,0.12788391,-0.082713604,-3.4837904,-1.4127731
2359,train_images/45ae04cfde5d.png,969a528cef37327709b36177cea99ce4c31f67a1a3177c8530711502ca3e08dc,2359,2,2,-2.7653236,-0.23674679,2.1146393,-0.7086811,0.13101292
2368,train_images/e907d23cce3d.png,2baee5a44ab9fb61d20ac76123854b4db6f04b450b71d6441b208684fa13b538,2368,0,0,4.4375973,-1.5355725,-1.0353217,-1.6451178,-1.2394619
2374,train_images/4205e9deb058.png,7df35ecff11444b12a16ea69f917b69b0947cf51ad13036845161dabcfc84c4c,2374,0,0,4.310837,-1.176671,-0.012094498,-3.9198093,-0.4761734
2378,train_images/2dc647e00ad3.png,25293defec6458c66482eb7ef9330f9be972ad645d394a8ebfe09fba88dc49f9,2378,0,0,4.9981527,0.007548332,-0.7774792,-2.5319753,-2.4800363
2381,train_images/ae8472f8d310.png,69d301d97ff58ff8ae4a389133bfefa0b8d960d3bbae2e8ab5c51dfda911a14e,2381,1,1,-2.93952,1.5974541,1.5433207,-0.871459,-0.82347107
2384,train_images/3f8d5c940ba4.png,437dbb93441b31e087c06e4f128ea7e09b6e488b2f95c1d7f0f71f5ebecb56ee,2384,2,2,-7.6815414,-1.692142,3.570413,1.7185781,2.190917
2386,train_images/ea5c42a78979.png,228b84c9a143a8edbc3601cb432d3237eb5392a7bc8db9cc4c071c1f5c0079c7,2386,0,0,4.3702374,0.68977165,-0.059044838,-3.601069,-2.5704532
2401,train_images/e66855a5c583.png,ed187ec7fed91df23a1d1c802511b26f59e41b56667c3a06bb0b7861bf472d99,2401,0,0,4.065941,0.30801964,-1.1280465,-2.5083508,-1.8303747
2405,train_images/8bf2d925dc0c.png,b467040f418e1f09d52bf16b4dc778aab0b1cb485f544aee2c2e772c50319608,2405,0,0,4.4559326,0.57879734,-0.39300442,-3.8878536,-2.01433
2412,train_images/93d6d20a5ee3.png,98f186c3b0821761710f56cf3c0d8c792dd4b9525ed2d77500fa404fdaaa2e59,2412,0,0,2.82872,1.1751404,-0.12224674,-3.1983743,-1.9618578
2417,train_images/83e529e95b0e.png,a6319634b091239c1508914b0b526ae7fae071e37cfca898461a02cbb4c1c24c,2417,1,1,-1.3454266,3.8744955,1.094141,-2.8288412,-2.103932
2427,train_images/28a4d00927b7.png,38bf2f0c2b4c7e126b8ee91107a5387e747a478e4effe6733bffccea72590b01,2427,2,2,-0.7935753,0.060998917,1.441514,-1.3307977,-0.97331333
2433,train_images/ef8c39eb9157.png,31524562fd4008562fc3fbbea6c38aebbc33efd25bb760ac0beb5cf22e25e19b,2433,0,0,4.408222,0.847044,-1.1763668,-3.0351634,-2.2628388
2435,train_images/75a4343b12f9.png,3490925840da2b4ec986707abf52edf334071703d71da81dcdeda81c6f2acf0b,2435,0,1,-1.2969189,2.6093817,-0.06325865,-2.2533412,-0.40702248
2437,train_images/82bb8a01935f.png,5d34ab55f23297f3b34445efd2902b1e0e145555541b1864900eea9a67c4e108,2437,4,2,-4.5399837,0.65441513,1.6623197,-0.755023,1.1250076
2446,train_images/d2fb715b0c41.png,ebcdc45531f354cccc2b76217ca3b03572fdb56cabc0cd65a6a96904dba56dc4,2446,0,0,3.7313843,0.5182247,-0.8163409,-2.9756079,-1.6582832
2451,train_images/7a238a1d3cf3.png,b38f21e61609c72ede76edcb6717c4df36066b3a27a56b206d8cf51a581033e0,2451,4,1,-1.7013245,2.1858892,0.2640972,-1.8706131,-0.46686935
2453,train_images/d66ccb75ada1.png,ce60ed83d441171ce046727900c568e1dafa98d74aa87d9cdf6fccec7550497f,2453,1,1,-2.7643948,0.72146606,0.7174711,0.49327564,-0.83695316
2458,train_images/a646c084928c.png,d22990e0f7fb56e7cea0b7cace1a69315fe8781702b8d61dbfb93b2ae208e7b0,2458,0,0,2.822958,1.3250971,-0.37952375,-3.188024,-2.0022163
2467,train_images/6b128e648646.png,90d341b368e4c8fb0246d46b65cd5dc3de16638c033a9e5ab75e2bfa0ec8f501,2467,3,3,-7.118332,-2.1937675,3.0609384,3.2744684,1.2834806
2470,train_images/d868acdccb5b.png,1435a0b2fa02c68ab1a75a0df609cfc3413de86d39f6e210199f02821e76cc11,2470,3,2,-7.5060425,1.5840597,3.2479215,0.22820473,0.48448563
2476,train_images/e580676516b0.png,a0864f503de991468b53943aa937a6c58521f7bd98862dd9c5d46c31435b2b80,2476,1,2,-2.183216,0.3756523,1.1346464,-0.44648075,-0.22195911
2480,train_images/0db1d8dcf219.png,0f43fcb8e4865532c692755d19e75ce649cfec1594ddbda009c9ede4720dae43,2480,0,0,3.621952,-0.33307457,-1.1015186,-1.8977785,-1.5009804
2482,train_images/ef5155990874.png,7b54f6ab71aea3e09a962eb037f175929bc4796e4575b8bffb40b123a1918a9d,2482,0,0,3.943077,1.3099384,-0.37063694,-4.738761,-1.4485836
2492,train_images/e4210e7fe587.png,bf04e3b43b2e6eb4a6fe81b2b89781951b950456ba1513f25126e6c621f6cda5,2492,3,3,-4.8335533,-0.33232975,0.92874,2.8797355,-0.30127525
2495,train_images/639915f58a2f.png,608235abe7f234588d3307445fe51e22e79da7e8f984238f2f800f5a65d1825f,2495,0,0,4.672943,1.54774,-0.6750994,-4.090004,-2.5337505
2503,train_images/6cfb7b44ef6f.png,f16e0ac16397c1164bea71fdfeabd6ebb53407a53b0005e53a89d3e7450155c8,2503,4,4,-2.3714504,-0.70993423,-0.5518012,-0.20408344,2.2012444
2513,train_images/cc9270f06b65.png,0abe798d4e33781b19131f744f726edfa62b6820cf645cad3673232d2c6699ae,2513,1,1,-3.0215492,3.1750765,0.8556051,-1.4891057,-1.1649256
2517,train_images/b9b6ee2b9453.png,a415f02b4adb31bf9bb285863c379995bd90b590381acb68cbe500af6b83efda,2517,2,2,-6.4980907,0.23507404,1.9322796,1.6409416,0.946435
2526,train_images/883c6a184f16.png,3e955a2c9b812e3c1b466ec27689679bad92416d6875d6a7df4df87e85a92092,2526,0,0,2.3577595,0.1883583,-0.48471022,-2.3827357,-1.0318232
2528,train_images/03e25101e8e8.png,3dcfae019f3fabe5ea1a47129255b62456d364a16c2c1ae66012b8a3ec3748af,2528,1,3,-3.0996342,0.41194725,0.41665602,0.5089371,0.12565804
2532,train_images/5e7630f8438e.png,856e6cb1f887ce210b1a1ee606298fb1402ab39c84f10979e9f670273839c13f,2532,2,2,-4.579624,-0.18887615,2.1957154,0.2855482,0.5638113
2534,train_images/bda8c973b09d.png,7499374f23bd653fa14251a85dc97d3760746a48992a09ffa9d1560e2ecd5ec0,2534,2,2,-4.8920765,1.0872355,3.0684524,-1.2764273,0.13301468
2535,train_images/dc0eea0b68a7.png,47c95f08b23cf534d0ac062a5bcbf11dbc2c8c304a606dbf1431129ee124ad3a,2535,0,0,3.696432,-0.171875,-0.78285885,-2.356102,-1.1951542
2545,train_images/5dd2e26fc244.png,c6cea3805d55210517aa6bf8ce190c07398be9428c7203d3774b84706457d24a,2545,4,4,-0.52581406,-5.9672494,-2.021434,1.6656733,5.1757784
2553,train_images/4a96c28f3f07.png,7d8c53468983286f39cbd24b2d9e094ef4e0ffb14b48b61acc30a5ded6828e59,2553,0,0,5.161724,-0.43583488,-1.3362069,-2.863195,-1.663516
2556,train_images/e96099b961b4.png,1bf0205f7177c66b09904d27285693a666fb687048b974052aff359ba6b6462f,2556,2,1,-3.5269775,2.582347,0.069223404,-1.0089912,0.10865879
2558,train_images/de730033c683.png,683c5bb72eb34d98821063c687d97a0e00c73fe523e76e1f55ae01ab34e82ea8,2558,0,0,3.958807,0.8508949,-0.81292295,-2.832508,-2.1162543
2567,train_images/08b6e3240858.png,5c7f15572922effd7911fc8f8d8224db40a6e66076d7083e1cb37721d2d543ad,2567,0,0,2.9043427,1.3732061,0.5451374,-3.174469,-2.6000028
2573,train_images/0cb6b898389f.png,29c69ab3d90e492d4f3ea917a2d6fedba4dc965f5011a01b7302fa1fd2db9732,2573,0,0,5.114746,-1.9412074,-1.8009136,-1.8717198,-0.5746422
2576,train_images/0daddc45d832.png,557eb848388c1c09cff6e46add082fbededd4b08f2c7041b5a24fde79bd6c24d,2576,0,0,4.0925255,1.3505316,-0.76226234,-4.0793695,-1.7734766
2577,train_images/0fc6829da85b.png,4c0cd5bc6340a23ce975d7dfc5cde3e26e2b4b550a1e675b237d1951efdff401,2577,0,0,3.7251816,0.51869106,0.0522871,-3.805849,-1.559905
2581,train_images/12ab2f6397f0.png,794e24cb1663d87c7ff1ff9f2d09071554b26870a49eff18baa2d8ed44934078,2581,0,0,4.1810436,0.38403606,-0.87745667,-2.9973335,-1.8884678
2589,train_images/17f6c7072f61.png,4777b06fd2555788c780c52990364a811740f818d4b1923e84d6fe9fe9d9fcd8,2589,0,0,4.480921,0.68730545,-0.012395859,-3.88591,-2.4281874
2595,train_images/1e742358e0b9.png,540aaab17ab449e6a4d8945b3a87f2025132b9393da577ebbf741b39093d8684,2595,0,0,3.3356018,1.0785303,-0.5083637,-4.0549307,-0.7931671
2601,train_images/215d2b7c3fde.png,6457bb6a89ebfb9bd755fa8ff922963b741a0e39ccd985ae5478984adb5fbf50,2601,0,0,3.25008,0.8739071,-1.0513215,-3.5481548,-0.6056347
2608,train_images/29a13e666266.png,749251b446d388a374c8cc28c3ff5d618500940020a43908d89557bbc6165827,2608,0,0,3.0769997,1.3127575,-0.79012203,-3.1028047,-1.8524771
2610,train_images/2a4520f1f9a3.png,7abd11aa3292e93b884a63d89a216148e5b2a545c2a648efbb0e940b1c93df98,2610,0,0,4.520561,0.78244495,-0.6606555,-3.7892041,-1.9898014
2613,train_images/2f7fbdcc9a4b.png,ce465ad827fd94f1df071ae4609385d3307df501e4bd807118381a734a400323,2613,0,0,3.9432678,-0.7657299,-1.1367922,-1.4432254,-1.669034
2616,train_images/328d141ed3aa.png,6641c5cfc0feb76b205b6786cdd5b8c706980deeffa9e6be369dd9efabfbe422,2616,0,0,4.7267284,0.5650263,-0.8093896,-3.4719963,-2.0032783
2620,train_images/3823acc4e464.png,8bf9f1839db274e51cec26e7afd82af43c1b9041a1acabfad0043fe55616c1c4,2620,0,0,5.319618,-0.5853081,-1.2069197,-2.734293,-1.8175011
2627,train_images/3cdef7c591cc.png,9f12182ab555f07f2784899c652c1119b050eb68acbce8f9fcc2e45cce6c29d2,2627,0,0,5.340536,0.27558804,-1.2245598,-3.162015,-2.34062
2633,train_images/43e9c66eb0f3.png,205bcb5201a1e4c86e1dc3f5956c513cd2dfa221cf5092d12ea32a078e9e882e,2633,0,0,3.5371666,0.46002483,-0.44449472,-2.3113985,-2.0007372
2636,train_images/44976c3b11a6.png,b36397166d3c79fdede42cd4230f5721e8f22ca7463d4650018c845dc06d88d4,2636,0,0,2.768898,1.3754606,-0.5082817,-2.643867,-2.005187
2643,train_images/4b6895d0cf8d.png,9d305607fc33bab56a1767d972e06a99d3570541d072ddfbc84f347d3e4f9a1b,2643,0,0,2.368969,-0.27393246,-0.8493352,-1.748827,-0.6816559
2648,train_images/4dd14c380696.png,1ac14dc20b81e7beb83139712c7a49df1f64d02fdeda3e850dc88d4e5b99f1d5,2648,0,0,5.099964,-0.18104553,-1.4274759,-3.0721288,-1.535387
2650,train_images/50915e2329a1.png,63ea75c992ee24495ea92f95909e8bf291b5fa66311933e749c24c9134993ddb,2650,0,0,6.20434,-0.48339272,-1.4032907,-3.107328,-2.211213
2657,train_images/54f57cf26126.png,b6f696f0921a03c3c8d465b639c6d4e61456f2acc744889df0286cbd971772af,2657,0,0,5.3036537,-0.91129875,-1.3568296,-2.439735,-1.6799955
2661,train_images/5b1c4cefeb24.png,c6846ffdc5a9b2fb773744e6e8edc815be0031d946f59ebfa3989ee0ff792afd,2661,0,0,4.762766,-0.5311022,-0.83162975,-2.8854213,-1.6376915
2668,train_images/609be3ca5ddf.png,a331d34f69b329fe240b8b7a9356099b2c27639a702985801e58a1f2e963b9b8,2668,0,0,2.6777477,0.813879,0.0483284,-3.146986,-1.5014668
2670,train_images/65a7fe9482fe.png,b4c4d3869bf9676f53384e5c1906172e76cf39f7d8ded643d0e988f1b340976e,2670,0,0,3.691389,0.66969967,-0.7914257,-2.8027492,-1.9725485
2676,train_images/6a57a3db3eff.png,638fa908e4ba282ccfaca9634ae08aa03978c1f8490a2fa889f037d005b39826,2676,0,0,5.038127,0.61596966,-1.3674488,-3.55794,-1.7044163
2685,train_images/7214fc7cbe03.png,86d3ffa7587b7d04cda99202bbaede9791097d99f936637ad995e4e49d4bf37d,2685,0,0,4.463131,0.23426437,-1.0014291,-2.9505615,-1.961442
2690,train_images/7a77c3eb468c.png,a90e998f336921a17fada2be37b43abe5352e0e7a0f45d2103101597f3c585b4,2690,0,0,4.2657127,1.0976429,-0.5437741,-4.2776127,-1.7998686
2693,train_images/7c6594b50690.png,65681004693a97288acd10c4fa7ad28dc2ec90f36f9c6f69b41a01563b3ced88,2693,0,0,5.3623104,0.7004614,-0.86094904,-4.207527,-2.0404296
2702,train_images/8344c783da65.png,2a7971b8b9c287a0be694d5c36bfa31b2add43cc9334e61588508bdb4ad1e1f5,2702,0,0,4.485729,0.32657623,-1.2353463,-3.2218485,-1.4863157
2708,train_images/898f0bc8acfa.png,dec272edc9f3bcb9b30abe6c591447dc805ebe4c6151b14b94157c2fbaaa1532,2708,0,0,5.983445,-1.0654917,-1.4340658,-3.3619032,-1.1439476
2709,train_images/8a87dd2a784e.png,89975cfa2788d5eab78bac089ab3922ef484b9487fdb8f1f17f1aa455e0d6dc5,2709,0,0,5.278865,0.4276018,-1.2297516,-3.2306986,-2.303629
2716,train_images/9039cbfcbb2f.png,b8f714fbb6641449c62f884e3ad551dd35e299b2416bb3f3542210672675cc0f,2716,0,1,0.06373215,0.6079483,-0.5396881,-1.980835,0.480937
2726,train_images/9c514d2d5b3f.png,7e78bc19fc9a169d34a34d4c5c323a27bde8887534cb63be6d5043af8033868d,2726,0,0,3.807579,1.1975412,-0.3197012,-3.985301,-1.9158964
2727,train_images/9f285b3e57ed.png,53448024b4d8bd1f625d22dc80d95e12e1b5a3dd1753bb3d92d18e02622cd3fd,2727,0,0,3.7453804,1.0581169,-0.9407935,-2.965479,-2.1265445
2734,train_images/a45c30da0c72.png,5b5c046fce9f7c267b47a87c068f167865155d2fb597fc6f2387b81315fb9dfd,2734,0,0,3.6376362,1.1439781,-1.393064,-2.9846206,-1.4056435
2743,train_images/a987aa7aac37.png,f6354bef853f57f25ba50f58c538a34e74a036cc413c7ca78ab0f59b1fb583ab,2743,0,0,3.9076214,0.95013714,-0.54496574,-3.4029813,-2.1936321
2744,train_images/aa94cc4bfd84.png,fa564acf51158673a9c1afde38f31eac41bf8321e663d0036d873ce9f1613c5b,2744,0,0,3.4873867,1.1795807,-0.5555978,-3.514186,-1.8521719
2748,train_images/ab7991df166b.png,bd4ac5940602c91328685b93784846af92eb91270ee827d3df230e0c9948c9cf,2748,0,4,-0.2127533,-0.066809654,-0.022620201,-1.2100534,0.10264015
2751,train_images/ae5d31979f19.png,f76e74060a8e037f12cafaf4b4801229db667a0996249c1d9aa7a4ee58321d9c,2751,0,1,0.18745995,3.1688156,-0.18702507,-3.3243184,-1.1698103
2755,train_images/b598bc9753c2.png,3a5b90391a0691e670983bfae3694edf82150762152f5a399bdc79548799be25,2755,0,0,4.2984924,1.1266918,-0.23692751,-4.8194895,-1.6163235
2762,train_images/bc92a61a1f9c.png,9c2b6456bf79d163a859c2d85b393b387cb635ee875194ce93a6d3c8f94770d8,2762,0,0,4.053959,1.2156267,-0.18363428,-4.0145464,-2.4002624
2767,train_images/bfa30ebf63a8.png,61929d5c5ade358f6022e0f5f6423e1e40f9c35e3f56e218f9c6e3bbd950cff1,2767,0,0,3.9633522,0.90268517,-0.47453737,-4.151334,-1.534833
2769,train_images/c1437a7a52c9.png,6a667bb4c75d854d9cea75a592ac1849be8ef81b789f82784a0ffba3ae1dbb23,2769,0,2,0.55903244,0.027915,1.6037664,-2.1596565,-1.144186
2774,train_images/c56293f53191.png,ce1a4dd4c7bedd357148a844e98115e5d083645dd925c23c863ec0b4a4358978,2774,0,0,4.701952,0.54861736,-0.74043083,-3.4003887,-2.3246121
2781,train_images/cbc23af521f3.png,ae24a88d81fc755f139e6de7528751e4535ec16f1fa6204cf6cfb4d39adf458f,2781,0,0,3.4038315,-0.6237564,-0.9387536,-1.9344354,-1.137023
2785,train_images/d30d079e6f9a.png,242524a416186104c913eba1917951e55acb6652d3c1615d4a9dc71ae7055a14,2785,0,0,5.265896,0.6301813,-0.8880105,-3.7756672,-2.3327312
2795,train_images/d9c9b9786da3.png,1d6b24a10bda130624661a065ac237f97d1e1b68fb95bd570a99ff6533950c73,2795,0,0,4.7343674,-0.09836292,-1.1431284,-3.0251336,-1.5393238
2801,train_images/df6d13d04da1.png,f52a984906a58df97fcc1fdaeeb12591c7f212adc817d7d69429c825bd85420d,2801,0,0,3.662365,0.86499405,-0.39626694,-3.595971,-1.7391987
2805,train_images/e3cd96cb094c.png,8e15b3060a584628275e9faf0b8a8365a36ce7d2b938f3d2bc022e2a6747f8ee,2805,0,0,5.3280897,-1.4619856,-1.7208169,-1.7398372,-1.4466705
2811,train_images/e8e44b3160e3.png,e834e54b18c07faf7451d974992a87619b9bd45af0c31e49334abc08e60b5a8b,2811,0,0,4.513443,0.6921711,-0.57300615,-3.462297,-2.3287187
2812,train_images/e9ce5bf645ab.png,b9f58cf30af1a8a8c17d0eeb696ea429c7464cb52ca2eccbe78d6bf8b5b18750,2812,0,0,4.1337605,0.8095684,-0.4762349,-3.7013197,-1.9586535
2816,train_images/ee77763a6afb.png,bbbc15d0fc7f6ca2920fc094c41c7fc16a0fbe0270a4b3e6019fc2c30770e74f,2816,0,0,5.066062,0.53651714,-1.440176,-3.1097136,-2.2450395
2822,train_images/f7508f14dd7b.png,8fe0487af7af43753074c7a8ba413537e029a914b46f64a267a9b1230dc92ad0,2822,0,0,5.1860056,0.29478836,-1.7876766,-3.1962976,-1.6320534
2823,train_images/f7735b6d47f7.png,3293a05d61e23422af7f435b219fa213be61a57f358ca8817e4fa492dac9025b,2823,0,0,4.1439934,0.97569466,-0.4542637,-3.7283192,-2.1210003
2831,train_images/febfb20dc311.png,ce577f7b0954b631ae910b9521562f51b3962a6224fa23c442a95b08aa8ad249,2831,0,0,5.0529175,1.0360613,-0.75150156,-3.6461349,-2.6759834
2835,train_images/09935d72892b.png,4f42a51b204d3d7f9ce0045b3bb061fa514d2cf6b6ea2fb458d8621ee369a273,2835,1,2,0.34986877,0.21086979,0.9697623,-0.8806567,-1.8055449
2844,train_images/274f5029189b.png,ec3308cee508323eb2fc2a7197f724baddf767d1f0f43284aaacfcfb9bb44eed,2844,1,1,-2.8023891,2.140668,0.49937963,-0.54324627,-0.7064476
2850,train_images/3461dc601cc2.png,d5fe567d2266eb1f9bc3b92cc4b564b19458e925bb3335cd5fa472e3bb329fb9,2850,1,2,-3.8441277,0.3712225,1.6606836,0.5077839,-0.32920933
2857,train_images/5b068765e846.png,89fe53f94c80ca0deefa016301e9f0053a49f536b87dca80b1e3fde712c6f97c,2857,1,1,-0.3439579,1.9380589,-0.068274975,-0.78195,-1.9257526
2858,train_images/5b0e53f53ef3.png,40300032ee7ffc37b079befdd191dcc6d796c8f4c5544845b7c700402edbfa9f,2858,1,1,0.67157555,1.473074,-0.68098783,-1.6939797,-0.9767494
2863,train_images/7a3ea1779b13.png,ac3c47f35f5139dc134e1bc994b05a26d60b139420d0f7a8ca83d78f7d648218,1641,1,1,-4.049984,3.4827204,2.0820289,-2.6999774,-0.6664076
2864,train_images/7ae69d22075a.png,ba3064c0ffc4a1bdf20e75a5bde843e5517f52e9ab5b48c8bc63587fb3d352ad,2864,1,0,2.8387928,0.64496326,-0.58675194,-2.7666283,-1.4487228
2872,train_images/b07bc463b718.png,b900f733e02fda82a3f6a96cfe9c04ff688cb080bb5bdf5b17f1aafefd8a2654,2872,1,3,-5.186722,0.3771267,1.4348888,1.6512399,-0.17560196
2878,train_images/d3de0d313d61.png,fe719dbd15479a28af428967beeeda4757576fe8611f3eecb43d6ff76a3272ba,2878,1,3,-4.6756134,-0.42646408,0.31907463,3.1706567,-0.062841415
2885,train_images/e55188915f9d.png,91882c1347d3050180f832762d768d8bc2a6a2a28ed8023fb5cfcfd9bbf7eb2b,2885,1,1,-1.955059,3.6798115,0.96086836,-2.7949548,-1.3163366
2888,train_images/0415fc68b176.png,72967be3d1d110decb54ba657ff84ce6fbe37d8155ac4b562be5e3429b36cb51,2888,2,2,-3.5273552,-0.4352312,1.106041,0.5095403,0.70181084
2892,train_images/0ac436400db4.png,ee24d11f6b2baca75c1cf903056b143d59f85284f725cf47f2b4308301d3ae8a,2892,2,3,-6.107275,-0.28573418,1.8879719,1.9213963,0.655859
2903,train_images/222d0ac042b4.png,bc824149b3c1556b9a284e4f73acc4ee4669bc4b0deb3acac2f391f878641e20,2903,2,2,-2.415638,-0.20265102,1.6491718,-0.85041094,0.49721813
2908,train_images/25002fe43f92.png,703c8682e25b8de5e04df76ec29b0ce7fe33c596f58ee8a38c17de5427f74455,2908,2,2,-4.461794,-0.100712776,2.976503,0.27988005,-0.19087124
2913,train_images/2d870833c0c9.png,e8a63f12df84cd85c26df950f909a30d9d088e81c69930fb4bdb9178fac7a943,2913,2,2,-4.197075,1.400753,2.0980315,-1.3873482,0.35985565
2916,train_images/39134907127a.png,20c231941fcaeaa619dd6e2657fa05840ec4dcf212c14a67161cdb1c5dbd0dd1,2916,2,2,-3.8806286,-0.91663456,2.215394,0.45434403,0.61045074
2919,train_images/4489d421e5aa.png,006b785f629579b76bcc4173904657b08527e69baa5344b83a23862e2e67963b,2919,2,2,-5.1623764,-0.41116142,2.2714934,0.77196145,0.72863007
2925,train_images/4ee1ad981a6d.png,b28131cc32cf41b73747a858a558e09f94a0403b32c3a9aa05fac6fdf2460928,2925,2,2,-1.6103287,-0.28502274,1.6330843,-0.74358034,-0.28349686
2931,train_images/547b37da9223.png,4b2926e8d8b7b5eb11159662c3eec164de046358d59cbe719c7324d2ff5b47bd,2931,2,4,-4.8217907,0.4410181,1.2072406,-0.17969799,1.5387993
2937,train_images/5b644a403e1f.png,e62aa1c58ffb49381e3c44ef76d58146c8acb391254f0d83f746500d3e8f4a40,2937,2,3,-5.6667004,-0.6768675,1.842896,2.1582742,0.63504124
2939,train_images/5f70ad48a525.png,18062b2faa7391dffc21dea5a47ac2b0e4402e301394451f1614ae17b2b00e75,2939,2,3,-4.5441494,-1.9270339,0.97566843,2.2904024,1.6322603
2945,train_images/6b869f37cdf3.png,0d2f06d331fed4a62599db511a89704287fd6d2b347d426ba3c8fc847aeda26f,2945,2,2,-4.378639,1.0968657,1.0988712,0.83679724,-0.365551
2952,train_images/79059d0592c4.png,b829f12b1b458de9e33efa693109059d40e482993551495096d738d060dae4b0,2952,2,2,-3.62677,1.257762,2.7779508,-1.616919,-0.39787102
2953,train_images/79540be95177.png,f592b0746e698834b29550db9e392e3ca89df129f7040ad35e733ceb23f58f4c,2953,2,2,-4.3226376,-0.8963871,1.4338937,0.64408827,1.3676844
2967,train_images/8dfa629ca74e.png,a8404400fb186fe9fd32a64ac16dcb0c1e0f84ce1c0ce4dfe19669d43f23b8b3,2967,2,2,-1.0301285,-0.19538975,0.6878505,-1.8610826,0.6799679
2972,train_images/92d8a7c8e718.png,dd3a99265a895e6c460896c3ac753274b28c86491a4e47d7983985eb2ee8c989,2972,2,2,-4.735504,-0.43449783,2.3880887,1.5719988,-0.44275093
2977,train_images/9b95d6203406.png,0a84cf293a8edcd7eeaa2f4252444f5dc5a916b99143d970c1fcc93fe6248f10,2977,2,2,-2.9492207,0.22603893,1.8816133,0.2954216,-0.9786501
2978,train_images/9d74428188bb.png,18e43b40995f8ff0e36bbbe4a3c2a4798e200b3cd4c124b986c40be0d1d40d64,2978,2,2,-2.7541847,0.52317333,1.1132264,-0.85599756,0.4424343
2981,train_images/9eaac43744f5.png,2bb54f5019aa8a847042bd50f0cc359218bb00a58a38c780e2226fe23f091e55,2981,2,2,-4.1898804,1.0535631,2.4411635,-0.9376149,-0.18681145
2983,train_images/a01c590c444f.png,af84addaae7999eb18498f61a6391bf774d6539ae436f197373240c9a1f6526b,2983,2,3,-8.945545,-0.47994328,2.2048264,2.760194,2.1856318
2990,train_images/aa5ce75edcf5.png,d0f46fac55ce0e877e9b2416fd9f73733a974dc7376b889abb9bf04f65ea7548,2990,2,1,-3.598219,1.7192001,1.2590861,-0.6458678,-0.40136814
2996,train_images/b3c0c3330278.png,94550a55f6744e7a116f2eef56432bef249c1be2b7c6f938ff46beb0ff3c686b,2996,2,4,-7.3810196,-0.92933655,2.7602172,-0.024877071,3.5032234
2999,train_images/b8fb9f55cd6d.png,0f6cf6590e2dd91e3b7abfe7f196d5322bc0b69d6ffdfbc2efb15b428d53418e,2999,2,2,-1.6986961,1.6108522,2.4177918,-2.862369,-0.96751976
3004,train_images/c0202976c670.png,4874d2a2b09cd3164d1df65ce4d95fed648ce26bfde111de5da624139edb1c63,3004,2,3,-6.6838245,-2.2163491,1.3253922,3.1163194,2.4735804
3011,train_images/d10d315f123f.png,e2030693bdbab17efa41394d6e200c7e164f330e2b23b508f9c171a44995d434,3011,2,3,-5.6688957,-0.08760643,0.71165276,1.9474282,1.2745705
3022,train_images/df3adfd6ba36.png,1cf7887733912fde65c40f343f59cb382fd183817fee3031de7cc2bcbfb74d77,3022,2,3,-5.6762886,-2.4004312,2.4655948,2.5390663,1.3044024
3023,train_images/df8365d6ac33.png,4c97517e5efb8c6365f1aba22b09255d2fd1c60b0bb6025c4006d9cf8bc0b42c,3023,2,2,-7.2189617,-0.70588017,3.2558932,1.6600864,1.0568991
3025,train_images/e2161692a0b4.png,31a4cffefc0b6991480608ad70fa2dbf8a53450249227ae6a2001c013310f3a6,3025,2,2,-4.7700157,-0.601881,2.259913,0.8823719,0.47876835
3034,train_images/ff344e5c9341.png,abf8a7189fc07097ec36bf6acf7061c79418fd7fd53b09c56f77e1a535c455b2,3034,2,2,-2.8306751,0.9153471,2.5737119,-2.0694938,-0.32274914
3045,train_images/51da6aebba8f.png,f496ed133f0c1f50acca7bff86cf6d44bef66e28c8be2b510f17071f473ec8ac,3045,3,3,-9.001408,-3.261392,3.0274644,4.152235,3.038045
3049,train_images/8958a4d17b7e.png,44ebfbfa0a427b3fca115ff19c959c9a6044dcb16579b7056fec1ccc82cdead3,3049,3,4,-8.486437,-0.9809542,2.1655078,2.5623598,2.727192
3055,train_images/b019a49787c1.png,2a3767cb018a37cf061731e0c474db4ebb9870a3ed810a1b0b38e48d0e3184b5,146,3,4,-3.2614517,-2.321982,-1.028326,1.3164432,3.6029472
3056,train_images/b191ba0a2b12.png,3fd08513e87763416bfe9afb9ee44315e28cc8db4a69b880cc09740774117e63,3056,3,4,-5.4613857,-2.1808648,1.6295328,0.9460621,3.0654726
3062,train_images/fda39982a810.png,ee24d11f6b2baca75c1cf903056b143d59f85284f725cf47f2b4308301d3ae8a,2892,3,3,-6.107275,-0.28573418,1.8879719,1.9213963,0.655859
3065,train_images/1efa5d443707.png,8f563d28aa1e878e03306b7315996404f25157692501c06e76229137bd35f13c,3065,4,4,-8.195696,-2.3731642,1.4459114,3.1660528,3.7149372
3069,train_images/21abd36095a1.png,06f39ac54ac4ddd5c5855f7329723e467f25d450625e6e83c302ea62cd4e0e8d,3069,4,4,-5.309572,-1.1366596,1.302999,0.2186811,3.0634155
3073,train_images/3c78bfca247b.png,2508d23d4a1c85fc7c28810e31acca98663a6bf7aadcc6705470f803b814385a,3073,4,4,-5.7893314,-1.7586641,2.421679,0.2042656,3.1993828
3077,train_images/4dd71fc7f22b.png,3eaefb97d37217b8f49f1c63134c7235018836e44f1519a0c446cdb4a0ccbdb5,3077,4,4,-3.493452,-1.6225677,-0.6968117,1.9522779,2.1653109
3081,train_images/7bc4dd99eee5.png,f53a8ac3dbb85783734c3a062e9c215ba723a41765f6b0a2fc892b476f4061cb,3081,4,4,-4.3913383,-0.9767122,-0.51323843,-0.22337484,4.2863674
3085,train_images/8eeac97f02f0.png,d55d0d55201b21827d454bab38f55057cf2c700b44682f0d7b509f57fe1583bb,3085,4,4,-4.627142,-1.8194828,-0.18478632,1.4931841,3.4410248
3091,train_images/b3819a805dca.png,fe9c6d7443f0fd0835fab695cc86cb55e3aac123f16272ee804ba5046f10ff9e,3091,4,2,-2.7838326,0.6209202,2.0377011,-1.3259268,-0.12702179
3097,train_images/d2901144070c.png,5811f8f5bc36e7c2f560a6c90d798e2c47686da7d14550161cabaf4ce40fdf5d,3097,4,4,-2.8119068,0.9005413,-0.18743753,-0.6147809,1.152708
3098,train_images/d51b3fe0fa1b.png,b41dbbf3c088e575eca25738629504f9b16cdf9f7eaef751ea2ec6d84e30c03d,3098,4,4,-6.9649715,-1.5690079,1.7604289,1.3508902,3.396863
3106,train_images/f850cb51fdba.png,967d99b3ca0139ef2bdd9de3e4b82596bf1ea24d51450baf9e09e0d25916399f,3106,4,1,-5.3034363,2.4164953,1.157846,-0.51013756,0.3932991
3113,train_images/07751b94a88a.png,ab11345fbda21241110f0d1bf2081ce0f66104cefac34c545fee20fd186cf9d8,3113,0,0,4.06151,1.1603298,-0.86299515,-3.0597668,-2.443245
3114,train_images/07e827469099.png,d00df391c21dc7e1577074c94378f64d829ab45b209372d9e5ace4e086a54457,3114,0,0,5.1524553,-1.1564465,-1.6304286,-2.673596,-0.82927704
3119,train_images/0da321efbce6.png,9155ff55232305385c518af93c08868aa351ebafd30705b09644a8a7d8938b61,3119,0,1,1.2262383,1.3343029,-0.5612526,-2.2380118,-0.9987774
3121,train_images/0e94cd271c00.png,8cb403ae6f10dec8475569fc32b473b81988116f0f9eb7b2c7ef458159b624a6,3121,0,0,3.9427032,0.39588356,-0.8332162,-3.287343,-1.440237
3130,train_images/1782142e17d9.png,c99ce3ae4c67d46b4c86ec5462cc3417dd10f1af5a194d512d5ac1fc419398fd,3130,0,0,4.7003174,0.9400673,-0.5453205,-3.4828286,-2.7103558
3136,train_images/1d0b93317aa8.png,75cc9ccebee385333399997c2c11b282194161e6cc60df8adaa0fd31d7132625,3136,0,0,5.6521626,0.7553253,-1.2966609,-3.690732,-2.5392413
3144,train_images/226c6ceb9185.png,81b07b191efcbc59c11fcb316861619fa1b35ff8b65938f174cfe3f5736e4a8e,3144,0,0,5.0016317,0.236866,-1.1164861,-3.763918,-1.5732403
3148,train_images/27933cdbe0cc.png,14f0fb61e3113dfd49b2b9b58f96e7ee1b40c69ae1f28c1feb001d441ea7d507,3148,0,0,4.3908787,0.4378214,-0.5510397,-3.7415562,-1.7956781
3150,train_images/289a47dcbb82.png,0725efb4cc61c86a179827b6646aac5c3120edbeaa9b3ef895bd620c52d1dcf9,3150,0,0,5.017479,-0.31050587,-1.499444,-2.3685179,-1.9707627
3153,train_images/2d04cead4d3a.png,61f6dda5975aee9ec29dacdac645f7590d69b7c1bccf5de19345c3ef2a19de8d,3153,0,0,5.7337637,0.50407314,-1.6388307,-3.1006322,-2.4607134
3158,train_images/3325b1fe55d2.png,7177e72a9627859f0ac8332a8f0e2a43fa8d848f2a2820ce2ba08fbd22097f18,3158,0,0,2.9570847,0.18938541,-0.37409163,-3.2306085,-0.9734707
3167,train_images/405085b53d7b.png,9134cb5e96f8a2d0eab317f5e488b9c666aae7af012708775cf9b13fa47407e3,3167,0,0,5.0949526,1.196271,-1.0318127,-4.137144,-2.1619391
3172,train_images/441848e0f308.png,ba746fcc8947757f7c54841c2dc3d76c09db31155d8b586f9e753feb5239e6e6,3172,0,0,4.1898804,0.6658764,-1.7613745,-3.9916553,-0.17974472
3178,train_images/4860f7813654.png,6dd1746a76454f21acf4bcb8f6a600bf4efc0d0da591b5e661e8446027d46667,3178,0,0,3.3688412,1.2295218,0.10423899,-3.6342306,-2.1323333
3179,train_images/4926dea289f8.png,1fc7cbdcd4dfbb89b19778cd49a6e78fe7f3caafb3b0756e84a1189b0ff5793a,3179,0,0,3.474926,1.0465107,-0.5399828,-3.5757227,-1.7089987
3183,train_images/4c17e85686f0.png,d7c19efe0dabd9a220edad63d73101a653e097f85743b7b6d4368a113cd794b9,3183,0,0,4.0477104,0.14447784,-0.15903759,-3.6574645,-1.5677023
3188,train_images/50f5201fd18a.png,8608032650873a8c6de6a51f25af21925712a1a96ac3733426b869b8f02611fe,3188,0,0,4.5814686,0.50478554,-1.1036806,-2.8581219,-2.2962875
3197,train_images/58eb3809f456.png,b5814a621ff9a51c8999f91705a76504b6a433598274b19fb2c2b83716f3f28c,3197,0,0,4.984413,-0.11572838,-1.1303215,-3.2689734,-1.6847267
3201,train_images/5db2e3a4594a.png,159f83ec4e2b7cfebf0374e2849503faad3fd9515e825c96f0ae38a67353e090,3201,0,0,2.599821,0.13849258,0.0076084137,-2.3066902,-1.7958412
3208,train_images/68987fb159ab.png,1e0985550d5b3d4a435470ee3380c79565b402cc355a0817684b1793fba16f8f,3208,0,0,3.8803387,0.846282,-0.83719015,-3.0268898,-2.0631661
3211,train_images/6d6be4cfc73f.png,5c5ceb00438abc309d36d40c1c388b75cad63b02ed9eed1073f73005b8ca7994,3211,0,0,3.0254555,-0.19510365,-0.32525778,-2.3511724,-1.2926722
3217,train_images/7269a1d84a57.png,bc6094b7c6bb1c10f8e7cfd5cc5210c87c9ac8bdc52f025042f9cfd9bf5f3490,3217,0,0,4.204321,0.41467094,-1.1075554,-3.42487,-1.3717566
3220,train_images/7526cf435753.png,64c92dda78b1aa36eabc5b8cecc21bc3ebcf4320c06aac3744f558f694e8279d,3220,0,0,1.8933315,1.2245712,-0.48883772,-2.7272139,-1.0277596
3221,train_images/7569ac24762e.png,b182748ea56ac1513f7f0e02c11331b01fa4cd8fc5019b9151c45a34e7e15d08,3221,0,0,5.4336767,-0.1474495,-1.5031633,-3.3124328,-1.5729208
3223,train_images/75c180e04f65.png,8a07c07be006dbc2abdc0a74af37700b23e1796c8101d80ee9abc23f947f65c6,3223,0,0,5.0625935,0.54647064,-0.3879013,-4.0922422,-2.1058168
3227,train_images/7ad0c4975890.png,10f0e330ee6cbc3966c5a838e1bbcf7e7d452e2ad26d7ddb5c50cebad4730685,3227,0,1,-0.82935905,2.7517653,0.14294863,-2.2559996,-1.2747974
3232,train_images/82d364726a58.png,ee5ef53434fccbafd26e57fdaecfbcc0a6495c0a1467d581f397572a56220958,3232,0,0,3.8350735,1.0310297,-1.0756855,-2.416594,-2.26373
3241,train_images/8be6629a6039.png,140ca16428bbb08128507f699a92036450b8b823b9fc739a76c72c9e09fbc955,3241,0,0,5.5934095,-0.6484442,-0.7879815,-3.8730125,-0.88522243
3247,train_images/969f92a390db.png,b98a1c255e72302f63ee876218f1f00c9d94a5422cad33614b021084c476ad20,3247,0,0,4.5813503,1.091486,-0.43075037,-4.1115885,-2.239716
3257,train_images/a06a63d866b2.png,9ef42d0ca1506b12d26ad43e9695c60caa19820252a36b59fab8019cffe5b758,3257,0,0,5.0215282,0.25658417,-0.44211388,-4.086156,-2.0204353
3263,train_images/a3bd2e034614.png,ceba39ce93858747d6fa8d9574c8e136edfbae50bdd855fa69e4ca91a2861719,3263,0,0,2.7647858,-0.34250355,-0.6247492,-1.5246391,-1.3150663
3271,train_images/abe940882578.png,6d75966fb53639a614fb2dc3617190e0e4eb37851e86bcef0cbbf2d2bb6a0e89,3271,0,0,2.7789116,0.64185524,-0.3282466,-3.9368849,-0.61826324
3277,train_images/ae94ce412de9.png,52094f2da33721c4746082488db10a7f87ca19763bcfefb7158eb15fa45dfa97,3277,0,0,2.544159,0.99544907,-0.16653585,-2.799796,-1.4730463
3282,train_images/b0c9a492e068.png,a77ecb928cf280b69e97fbd4c1c3618ac192962f3e038cde51577bbb8c70a0af,3282,0,0,3.0687485,1.1442709,-0.6977911,-2.1413755,-2.4244561
3288,train_images/b7f0bc7d399e.png,e47c26e71ba629d2f224da0b760d87116609e98c182dda31e33d1ea229d9962e,3288,0,0,4.0423813,0.74722385,-0.4776206,-2.854558,-2.1950068
3289,train_images/b8e9a8f4617d.png,5b35670b56fd8480f024c3ed885e886a8440e33834cb4127011f6f351a8853f5,3289,0,0,5.0323353,1.2184582,-0.47972775,-4.0176983,-2.816527
3296,train_images/bd375ba756b1.png,e6d3914f52148d09d299f2c6598d6dd4ef7f5c980b6e3ea1c943429af4f6be0c,3296,0,0,4.606415,-0.6903763,-1.7596684,-2.3236914,-0.9511614
3297,train_images/bdc6c60e9133.png,e8e82fb4a8eb546ba4da7c89d3fcac2b6cbe383a2198d3f97a084181148c1ca6,3297,0,0,5.6497536,-1.4510765,-1.3710785,-2.188448,-1.5677757
3307,train_images/c85b79d70079.png,40d5bb55ae1a57957cd1224d6707539770fd25eeacd26168213ae145a11f1948,3307,0,0,0.9621277,0.54526997,-0.14627123,-2.8533134,0.2558298
3310,train_images/cd1c98ec48b1.png,5dff8b85667c80393a8c5f30026beb535850d7e4a4b6306ab3b8c0e4fcfc0b38,3310,0,0,3.368185,0.6827431,-0.63656664,-3.0539808,-1.7268753
3313,train_images/cf8ae5501bd6.png,bd979e51ca3cdd5d9c542873a77b5ad7c378ab5bc88b742af215227112f394ee,3313,0,0,3.7780113,0.49145794,-0.9249306,-2.676546,-1.9263906
3316,train_images/d2afca74cbc3.png,369149ef3c73d671aca59d27d2881f4e901bffb12836860917646d0addd4df35,3316,0,0,4.824728,-0.44231033,-1.0138392,-2.4731283,-1.9150047
3325,train_images/d911dd40c63b.png,4360fda69c86ac8fb9d6a732181489c5b65aee93d24aff6fd21d4da15c3b3333,3325,0,0,3.6995087,0.6139231,-0.82984877,-3.1613107,-1.611968
3332,train_images/de4cdabbce6d.png,12ad3d99c144a8fae48d5642655eac9d297f14d7d761bdb1236408417452ec62,3332,0,0,4.4003277,-0.60322285,-0.56409025,-2.3893948,-1.9545021
3333,train_images/de6210f88536.png,4b4fc255f4bde07100dbd38388e85cd8e85eb3c1345a03061f7371596f2be9d8,3333,0,0,4.441599,0.9726229,-0.7247491,-3.641283,-2.2579546
3335,train_images/dee1031a76ae.png,88648d2f4b898ee1019f027e3ec9be1364ed996255797a48a7c9fa20d0688953,3335,0,0,2.188982,0.926137,-0.903481,-2.3838944,-0.91753006
3342,train_images/e322acd46152.png,75b8438fe270a339961b8290bd55a31b7459da2fee924f753b5ad7efaa580e2c,3342,0,0,4.2562485,-1.156003,-1.3259068,-2.4513545,-0.5244732
3343,train_images/e3b47ed5b511.png,3e7aaeabf655bdd9b63c8a9feec5624ed53b071320f26ac35091d1a26f30bc87,3343,0,0,3.9910278,0.86566925,-0.51757526,-3.0829182,-2.4328203
3349,train_images/eabf421f94d0.png,fd6e9b372240828ebeb10e6e32647dd6cb038844fcf0e9bc97a26669b859f750,3349,0,0,2.3594513,0.24012947,0.22944069,-3.603179,-0.5818348
3351,train_images/ebf4b22240f4.png,ed858cd57778dcf93f915deb5905222001bb28c6b123266c9659a6131504b511,3351,0,0,4.571991,0.6682663,0.02924776,-4.082361,-2.3131318
3361,train_images/f58f0b2fd718.png,f2743551b4b5d060b4f6d4ee10342ffe3a3368b363a012867a2b2526c2934921,3361,0,0,3.8428612,0.14465618,-0.21467638,-3.274045,-1.7899084
3363,train_images/f71aca5a7dc3.png,f894772ddab4eedc3c169f62e5575ac681364b2dc15dc67d1ef568bbbd46959e,3363,0,0,4.888053,0.76797676,-1.237371,-3.4294753,-2.2000504
3368,train_images/fb88d23fc5fe.png,4ebe8eebec48d2d7d364aba80038f5df1bbb4661bf62dbbddbc4db41f31eff83,3368,0,0,3.8014526,0.66493034,-0.7533779,-3.3366795,-1.6405106
3372,train_images/fd0a70082e7c.png,4b1c883522056b2d4b0c6c26768030a0bfc9a916c573362e95db4fad202418d6,3372,0,0,4.144573,0.17527199,-0.9381585,-3.4391909,-1.1017694
3373,train_images/fdc685055659.png,b6bbf49861b0ae72f452cef964de781ef20ebcfe6e8b698af44f5bf2f65e1874,3373,0,0,5.2384014,1.1172152,-0.75319386,-4.1848097,-2.3596678
3380,train_images/0dc031c94225.png,f23addf864ad0f8503132a4e94a0615b1be00c379877b577d7a83a7c6d39b6b1,3380,1,1,-2.5235462,3.7888641,0.33031702,-1.7799611,-1.3924913
3382,train_images/10f36b0239fb.png,619ea1c71bf48dd0df822144aa5484a0bfffce353e870418c294ae3326abb687,3382,1,2,-1.8435497,1.0450735,1.6989679,-0.43015194,-1.8524942
3392,train_images/3ee17aa12e46.png,34dfe9417157c0ee2843ff7c02e5f4696eeebb8736b02361778dc14494bf93f9,3392,1,1,-2.3081455,3.5141287,0.65900326,-2.007698,-1.4519892
3398,train_images/4fa26d065ad3.png,ce88b0ef19bd8099eb780ed43441035ccd660bd051f1b0dcb53de1d35adc7119,3398,1,1,-1.9767132,2.2213554,-0.6814184,-0.5913787,-0.52090454
3405,train_images/6377e23928f6.png,5af37ce5c0de0a95ba6521f53195797d3f324981343b64a7814d247330bf70eb,3405,1,1,-2.7979927,2.424654,1.6599803,-2.8523507,-0.0011510849
3411,train_images/7ea756985353.png,a404de44d3c1b265564cf962ffed06a52cab2b548c6ed9dc01d32cc2f65b4a67,3411,1,1,-5.205652,1.3653784,0.94190454,0.16877985,1.0840168
3417,train_images/96a9706b8534.png,a89a61346cd279db5674168925b7232db86fe5b08e78c69ccb202232be2948f2,3417,1,4,-2.9030628,-0.087635994,0.48917627,-0.2117939,1.0197697
3422,train_images/abdb365cacbc.png,56a2e54e527eeb46fc64e61538705ee83f286ac5a5a34ffaf5ea14285f3334ef,3422,1,1,-4.4754486,2.0479755,1.290606,-0.9359851,0.17692089
3427,train_images/b9b99dad668d.png,c07b11b3addf73e52624e142f21ac27ec9b95209d2c6abd30988e4be018d1ada,3427,1,1,-3.9506264,2.9608917,1.4343352,-1.1856165,-0.91527843
3429,train_images/ca6842bfcbc9.png,ac3c47f35f5139dc134e1bc994b05a26d60b139420d0f7a8ca83d78f7d648218,1641,1,1,-4.049984,3.4827204,2.0820289,-2.6999774,-0.6664076
3432,train_images/cfd1bd0fcbb4.png,e3b4be1da4f8cffc5a4065404c94dba22d3bb990c63754273c589c01034f8849,3432,1,1,-0.21630669,1.3986759,1.2601614,-2.6560168,-1.2125235
3437,train_images/07d8db76b301.png,8ad3b058c90da99902d08673972bfcaf71eb0c10374514b771f56a3621ba5c45,3437,2,2,-3.8383732,1.2385473,3.2118068,-1.0497551,-1.1490097
3443,train_images/1124ffcd76c2.png,a9341152ed81341723f1f585f8715bfcbae8efd3115426e912204e2c5abd4493,3443,2,2,-4.9758434,0.09121895,2.9604888,-0.88011456,1.1195431
3448,train_images/18f1f979d30d.png,02e70ab6057855b59e47d51611a5a7496c2350b50ce7b1a7867368b3dbc66c05,3448,2,3,-7.196869,-1.8669615,1.7527194,4.612119,0.72597027
3455,train_images/203275daf46d.png,cb80b9583220ebaced2f5e701ddf946a6f1dc82edd839f289857fea10989d347,3455,2,1,-4.374317,2.6583328,1.6480727,-0.64936876,-0.9932661
3462,train_images/272d9c043c81.png,1e338d3beb03aada71a43b21b2a3ad3e652ad0b44aff2a1e6e8cd3a74de7ea56,3462,2,3,-6.456669,-1.4207907,1.8369217,2.2010891,1.876832
3464,train_images/28824d12d31d.png,8ccc5e4a6e1be3b5f6b4e3861af0f4c463e95a7a0fcc70412aa905acc4aa78ee,3464,2,2,-4.9610424,-1.8949594,2.4501128,1.9115455,0.8920498
3465,train_images/290ecdba359f.png,b69733a030fb9184effe5c058d7d33ccdb3e7a8f399229566a13f1dfc89fac62,3465,2,4,-6.8329506,-2.0412068,2.1386418,2.2603102,2.6317358
3475,train_images/3e6bfc4d5c65.png,3bab5bb9b4265a8c52769764034b5e437599448d3d1714aab6e091fcb4fdd48d,3475,2,2,-3.2613068,1.2058983,2.3468156,-0.9260287,-0.92773914
3484,train_images/4818672273af.png,26014b2b1cb1bdef212b4033489aa681e061c6d51b85a7d4e5f3b16f1537563f,3484,2,4,-3.5777302,-0.5824671,1.1665945,-0.055547237,1.3669405
3489,train_images/4b5ffea77373.png,bdedabe9abe7a89806d781da59d02c60d0b6fa764fa727cad2569188f98aa940,3489,2,2,-6.134405,0.17951488,2.6844277,0.46384025,0.8846016
3490,train_images/4d21ce39c905.png,d854ffda046f519ff88b51933d6f3464bb0fea3fb6f68c0ecd735b9aaa3ef34e,3490,2,2,-3.1417236,1.1053934,2.85607,-1.8198171,-0.5901394
3499,train_images/5ed6dc419e4d.png,57bf9cbabc7f9b1795e92f24e824eaa4ff28854e52bc2c70fc5dfbe13613b458,3499,2,3,-7.406702,-0.019809723,1.763268,2.268402,1.3577404
3501,train_images/63d217b059b6.png,675d9bc1dbb995a1396e0e48605475aac4b683791714ed6636508591d9f14221,3501,2,2,-4.1503086,0.8144722,0.9749179,0.6862602,0.071902275
3503,train_images/66d2ca47aa44.png,68e74b062359b3a41994264e531855f3d173ba1c6bc905639be89b8d0f3fa5fd,3503,2,2,-2.3481731,0.24604416,1.584631,-0.21983147,-0.7165127
3509,train_images/7550966ef777.png,c074f9f47cb63bbe2520ddfd2e94faa53c842097e4b8925d20f4f845df76e94b,1538,2,3,-6.1421394,-0.4774685,1.9874053,2.0070996,0.8508558
3513,train_images/7c52fe73e748.png,403825d6c8b2a58bb64b682d7d7c4ddd925c98677b69de1cbd9d93c2a5ea07ab,3513,2,2,-4.836588,-0.16014099,1.7713032,0.19754982,1.1318674
3523,train_images/8cb6b5b2f19c.png,1b99ec60c6461d28a211d71d238a3c73aaff3255fdfb47a39abf8b4fe5b7e9cd,3523,2,2,-3.566288,0.44061756,1.6051693,0.081712246,-0.22371197
3530,train_images/9785805af1b8.png,90074c4af236095cba246e982db86adbd83731e2a339cc740d13a1a8fcc47e4f,3530,2,3,-8.263077,-3.775846,1.4092503,4.6029253,3.8672628
3541,train_images/a3475dc3ac80.png,56818901379a4ae7396ca3bc72fc6f8168080382f64684a76afe8b26ddf933fe,3541,2,1,-4.703001,1.7042532,0.28956985,-0.696877,1.5911713
3542,train_images/a3957df90a78.png,42df53a226498a4c20f810b2a77f10d9c40e73c04ea68a7e82dafaf75a2a240a,3542,2,2,-2.533537,-1.4168215,1.5083284,0.20594358,0.79495335
3544,train_images/a45d77edf8d9.png,4ddc60fdcc117400ce9268b34da13d1acf5a4c0cadd286c08f51d5b459438384,3544,2,1,-0.115852356,1.3002586,-0.05908966,-3.2684226,0.6992521
3554,train_images/c2d2b4f536da.png,b822a3249bf631d8cbbdbcc506f3dad105981b7e1ce72584839d313effa5b87a,115,2,2,-4.0436897,-0.519907,1.8175468,0.37499046,0.8250694
3555,train_images/c406325360b1.png,81ac9e73ec9bbdb040de4417cf190546f5c04b10c4753de920b97af8d5d8c9f9,3555,2,2,0.06301117,-0.8877411,0.48100805,-0.98879004,-0.2769575
3562,train_images/d3be5346684b.png,736b793391ddba2c8a3cce6c4bde67617e8c1b2c9055c90a2c8b4e37fb3bfeb1,3562,2,4,-1.4200649,-2.2665863,0.8587966,0.4163618,1.088211
3565,train_images/d91273efb92a.png,0a889e3796719d7e5c5113382f62fc536e6269cd9c60b2d6af11c21c89c4a236,3565,2,2,-5.2045994,-0.48002338,2.8420806,-0.14191532,1.0606613
3576,train_images/e65a2ff90494.png,e9530fe5cf3b46e923ccb407f462e829c4a6a2df2b6a072ea6d31c2696005f51,3576,2,1,-5.663746,1.6304111,1.6225872,0.47916603,0.11580181
3579,train_images/e9129ce55fd7.png,a77ffae41a8dbf318be23f73d39958fe30036d8144460448f09bae4e2cca588e,3579,2,3,-0.9934654,-1.172657,0.3365879,0.41293287,0.14468575
3584,train_images/f61bf44c677c.png,e4a71806a938cfbe92c999b10210ef5c7b5f8095ce90641a721e09f41cc4958f,3584,2,2,-6.9023075,-0.1245842,3.2511659,0.6297126,1.1152458
3588,train_images/1623e8e3adc4.png,bfc06d65b6dd42d5e6ab402677ed20fd207883314128dc87ed3d7faecb80c354,3588,3,2,-3.7728348,1.1898298,1.677494,-0.9604521,0.16021442
3591,train_images/36865bbc64d6.png,2a53d9bd33547b23249a0d2f8a3e10c060f106c20f5c4ec65ca2a7987d8c8b38,3591,3,0,-0.042160034,-0.17518997,-0.5585613,-0.62383413,-0.16350746
3593,train_images/498f143c0374.png,c5aa0c02441644210f66d0b8fa315eaf3bdf6a4170e20fffbfc28ebd0432d5eb,3593,3,3,-9.235643,-2.76292,1.0650163,5.4021516,3.3015919
3601,train_images/91cf56d3d1af.png,eadaa2e8be522099b564ba2bf141320de0f9306ec0911a8cbd647e6a784b44db,3601,3,3,-8.347324,-1.5892711,1.5021429,3.699436,2.5879602
3606,train_images/b310bd564329.png,00bf44d754fdc2d0af7f26955ef23c31ca347c7f4be3db0e4edef2d1d3ebbd78,3606,3,2,-8.4117985,-0.7101736,3.003716,1.7947619,2.1841402
3611,train_images/dd3dad6ca78f.png,7b41cd7a1309312db3765a88bd81a39ebba83b7f0970d5c77c68af15cac71f0f,3611,3,4,-3.9389057,-1.6213632,0.5508857,1.145231,2.1283817
3614,train_images/e76a9cbb2a8c.png,25ac9acf573c431f146c3f94ec9cdd7548f5ad2d8dcb5b6b6a7113ff6850f723,450,3,3,-6.7931557,-3.109108,0.9267144,4.001608,2.9870691
3618,train_images/0e0fc1d9810c.png,1f57759d8a842bab35f5f966b59278bc64554aa5786634449f9716aa113e0012,3618,4,4,-6.8031387,-2.7872553,-0.043363094,1.4942675,6.2083397
3626,train_images/4abca30b676b.png,367a856711f73f5e695931f695a1c6d0e5702f0477198a968f67c429596b6621,3626,4,2,-7.300165,-0.27554798,2.5373425,2.3159852,0.8604183
3633,train_images/69fff98cb32a.png,d655f44778ea5bdfe84d973d7472c840fc85ff84c31d487034125bbd8a9648f3,3633,4,4,-4.0249653,0.050330162,-0.473732,-0.9918194,3.6109056
3637,train_images/789434d095d1.png,52b4d2ccf45571a62db6e05e2d016ea72bfe50bfcc294f75a7781c32c2e0ab6a,3637,4,4,-4.4730816,-1.2082224,0.90455437,0.50136876,2.368599
3644,train_images/97da093947e8.png,6128f80776d35219ab57d4cd91b03f82ae6ff7051b33cac78b3c067951468f2a,3644,4,2,-4.8729954,0.5895691,2.6525502,-1.015542,0.86748505
3652,train_images/c3d12a23f451.png,3588ee49b2e59688e1ea900f46ec21a1a05fb9c5d03ea9be5f0f8bcc041494e5,3652,4,4,-4.4830246,-0.85676765,0.7996063,0.48083353,2.3734818
3655,train_images/cd93a472e5cd.png,86ea70b3d016855259df8a8ff9ee6279839ebc9e78ae792555e65be9b94f29e8,755,4,4,-4.460415,-3.3032098,1.2520862,2.0095196,2.4146843
3656,train_images/de16416220de.png,173d043a6e7eceb732ee2d104c5f64642b8a1ec51de453d7562ca6a5900ac0c2,3656,4,4,-5.9448605,-2.9977627,0.6427493,2.0820687,4.175212
3657,train_images/df4913ca3712.png,b41dbbf3c088e575eca25738629504f9b16cdf9f7eaef751ea2ec6d84e30c03d,3098,4,4,-6.9649696,-1.5690098,1.7604289,1.3508918,3.396863
