pool_index,image,pixel_sha256,sensitivity_group,target,prediction,logit_0,logit_1,logit_2,logit_3,logit_4
9,train_images/a0adbe677508.png,9eb29bddb3377030732b05f66b2c3589b17908bb90f7113888a5c21d4f9a72de,9,0,0,11.491846,-1.4678049,-2.627501,-4.6557617,-2.6941478
14,train_images/d803598dabda.png,714a5d9ad4586773f0bf6d01dface05c76e31b23f45177beaa3dcb92b4b50179,14,4,2,-8.921547,-2.9709215,4.268882,1.8486385,3.5570974
19,train_images/8a81f62320d6.png,6421600ac1ef90ca438a79570d48658d5591a312e1594165ae78a083369d1481,19,0,0,12.4534855,1.8036671,-2.253742,-8.384733,-3.3285782
21,train_images/5d6239c0fd39.png,c809dad3e1f3601343a06f591f50c1d23e7db610239f40c501960027549e372e,21,0,0,11.780392,-0.60297585,-2.5639057,-5.9510355,-2.554517
28,train_images/6810410187a0.png,c9c7e397cdad94344b4a229e338fa5a820b30d1b7767bf322bb5b679e4edabd5,28,2,2,-21.182331,0.74786854,12.569656,-4.9853277,8.67197
29,train_images/bb2f89488ecd.png,59b2ccb4bad8cb9958598e5a5888733afc937359672561a2c2fc7786b793c53d,29,0,0,11.232851,0.38791752,-1.5240133,-7.3558903,-2.6320198
34,train_images/fdd534271f3d.png,2dc46dd7f740c040ea4dfda253b8d4524c0357707faa95fecd3c2fb6636e29b0,34,4,4,-17.243057,-9.281832,-3.020609,9.409882,16.652668
37,train_images/e9ff9352ccb3.png,e2f35230990537f915259582fb4dd8abc34fffa3a3b47f30614d433e9a0ea1f7,37,1,1,-13.2367325,15.778584,11.694373,-11.961709,-4.996519
45,train_images/8fc09fecd22f.png,4025dca5f8bec7c66017347dff836a3054b49fe9afa240ef9e7ad8cc93611538,45,1,1,0.19407272,24.081585,4.934446,-21.840359,-7.9742746
46,train_images/59ee65760535.png,03b065f8f52d2ccd6d5c971e63846c0a01f12eb46df9f3ae345ddd2e39b5d825,46,2,1,-8.024807,13.02475,7.1562257,-4.540249,-8.9460945
53,train_images/a2163f0c2af5.png,e6f2c6e75d6a6b8b587ad70dfb0f42136e3a9fcd148d0b133784addeb9bd848a,53,0,0,15.711841,1.3641214,-3.0983522,-10.822202,-2.6926248
59,train_images/d16e59a2b33a.png,531df0e7203968d9caf07614d3f4928a734b9750477745aaf08f93db203c3efc,59,0,0,16.776382,-0.17073059,-3.8925233,-7.585458,-4.2914753
66,train_images/494fc9c745a3.png,d1af4ec02abbf521343baea46fe913af2fab1f2e81b04c3cf530ba732fbf05da,66,1,1,-11.166145,20.23949,10.119841,-14.408223,-6.8725853
69,train_images/0f364b7d4384.png,2e21a8670884965e1e3bacc9104af186303222592b851b17618a22989243dc00,69,0,0,15.44719,-2.358509,-3.4918377,-2.6579762,-5.8155737
74,train_images/4982378d72f9.png,9a52198b23a9a88eb7286c456551f1cef3290891538545420b2d875eadbae6ec,74,0,0,10.468159,-1.5923076,-4.19088,-0.09052467,-4.465603
79,train_images/996f9bba4ef0.png,35cb1db591b5dc4f3cace184ac27dfa90652f7ad178d2b18ee5147adc7ab5e2a,79,0,0,9.043581,0.8608618,-2.3372996,-4.7995625,-2.9086192
83,train_images/d29b37d110f3.png,b3e93fb8e2bdf1bd4fff555d9e43e04f0bdfa423c87a303b81b5ea7fff56c00f,83,0,0,9.242793,-4.837027,-4.505981,3.4029713,-3.384843
90,train_images/b77b8a1f09f1.png,480f93d7da3ee17710fb94901ba610ccc9c9c9ef13b97b2014a585e0aecd8576,90,4,4,-16.5223,-12.168826,3.7339332,9.732748,11.658313
91,train_images/a384e688e228.png,290f6c98a8e1db30d019ee6c806029b5466f6b44a6e7e8d69505bd0d6e3b9f6d,91,0,0,12.664003,-0.22669792,-2.237529,-7.0552206,-2.8076465
98,train_images/79ce83c07588.png,875f7e33f052ce66187d01240da12b4b4ca0257c7834ae4efeb6da0bc1292f0f,98,1,1,0.66368103,12.696796,-1.655202,-8.396342,-3.7668364
104,train_images/0fd16b64697e.png,543f9d2ea4d5fdd9234cf8ef0b7f6b3374113f797e43217b9c6c12a5ad2a2276,104,2,3,-12.669437,-10.798512,4.747804,11.335367,4.692467
111,train_images/57a5f1015504.png,1625ec89e7b02f9de0f1cf6c0426837f604459db9b8b8ae21de39a714fa48158,111,2,2,-6.242342,-0.7959671,11.664377,-7.478016,0.731642
116,train_images/3dbc90c7ee7d.png,67e68aed22d7e28bbcbe224a29229936e800797753e326c640b786423cfcabc9,116,1,1,-8.062206,6.1324472,3.768068,-1.0485764,-2.5312822
119,train_images/8d4ff745a409.png,a5316afad134bc35d5c90c81f1a42f1d58eda76f57b3cbcdca91e8787a42b9b5,119,0,0,11.315629,0.52208424,-2.110218,-7.0313263,-2.5992563
123,train_images/7f1f3269f546.png,a08245dfdba67f139e0fa82ba52c6f1049439d86035a08ed6bc617c9a2b774ab,123,0,0,14.123846,-0.3808813,-1.8787652,-8.798402,-2.780195
129,train_images/8c87bd748996.png,d0026028fc8d249fafcefbc861dce892d83a4c37ea66b886291a8fb67f3b7dec,129,2,2,-17.151314,-14.297161,16.235666,7.838499,3.5974896
131,train_images/720b5f62ce80.png,0cf25d6e14be7cef7ac6af42abb4482b36f2c10e652bc5f15ce626071b1eb7fc,131,0,0,3.8301754,0.3335371,-3.0996218,0.7937393,-2.3849595
136,train_images/44855f666225.png,9ae0b4ef73578fa86ed2dcd263d404d1fe3c59e710086205814b67aaa07cd527,136,2,3,-13.852097,-5.7761116,8.851049,13.064693,-5.0924597
141,train_images/8d62ba9cb22a.png,1c67ca1669b23d5c60bf2dd67e0138a0007ba572144323295784ef141ef0db70,141,2,2,-5.776224,1.557519,18.378458,-1.4239979,-14.200398
149,train_images/0243404e8a00.png,ec1260078c714c4f30386b36a0f7556c70f313f30f7a467aef5a2f14c17acec0,149,4,2,-10.666119,-0.26316738,17.282967,5.0584755,-13.635411
153,train_images/069f43616fab.png,d1787069e8da415663eee3a04d264958413555a5511dc1cc399b2167def60883,153,3,4,-2.9509811,-2.2644925,-2.2828684,2.3117275,3.7221384
159,train_images/ef247f28004f.png,443be537fa9a32414cec055bbffe02926bfaa713ce5f1b676eab807cb9e11dd0,159,0,0,7.9844265,-1.6832929,-3.820675,0.6513214,-3.254986
165,train_images/c6e1e9fbf39b.png,15a19b5437e7afa3485cf8c99a661922af555e10e26f30738e9641a978af3ec3,165,2,2,-18.856495,-2.3574352,15.164385,1.4633236,1.083632
167,train_images/68332fdcaa70.png,3be3e01be679845db3cf85d6228042f9ccd4f0b935c57f798a73e9eb557e9574,167,1,1,-2.783575,13.596928,4.0557227,-8.526593,-7.3263683
172,train_images/cb39761f0712.png,6e619606bb9a3035a30f250551071b7c2b3212ac09a20cd8ad0aab6a37484115,172,0,0,11.971522,-1.1709852,-0.98066497,-6.482972,-3.147898
175,train_images/6cb96a6fb029.png,fa3f631468dad2e67e27944375bbecfe730166c8dc3b7e9f167c77b9321ca5e1,175,0,0,4.447363,-1.8590508,-2.1055734,1.5159512,-2.5817735
178,train_images/52230bbef30e.png,b6f199952ab6b219a66e81b549a379af5c89a331c9a4efc4514a082d470bdf78,178,2,2,-14.46196,13.796883,16.248577,-10.081897,-8.40033
183,train_images/1e1fb019710d.png,15967303b403fdff8d3627192ca31a7f2715b343f08b0befab077780f5a87e8d,183,2,2,-12.99572,0.142519,17.516665,-2.9710531,-4.651038
184,train_images/dc3c0d8ee20b.png,8df6ecff0ab92a9bce692ce446b0c61adaa10efdab80c2b52593e34003859460,184,2,2,-9.176987,-1.0447874,7.7940917,-0.14615822,0.24066424
190,train_images/ea588d1e5d96.png,5780521a6454f8b848476e20bcadb6c9a5306ba975358ff060d188591a5412dc,190,2,2,-22.494797,-9.793861,25.365488,4.4148083,-2.0211585
198,train_images/51030843fde2.png,7beb7ebabdfab826aacb68d7a82b3afcc2de28f606c1e9694192e5cbe48baa27,198,2,2,-16.261833,3.10211,16.419497,-12.639149,5.552972
205,train_images/a1b28bcbce00.png,0311cfa034fa3c3c46bbdc3057fcd79738c4aa4b4cff7dfc0ddddfcf2856fc4a,205,0,0,10.106238,3.0915565,-3.79986,-5.953682,-3.1107533
211,train_images/91b7a4179ecf.png,79debf6e6dfd182c4034e34834334d29dafe7c8661ef47492a88cf736b4a7fca,211,0,0,17.162037,3.3774147,-3.5360467,-11.753454,-4.034172
212,train_images/f6f3ea0d2693.png,312e23e7782f1088f43ff71b2b8974312ceff12be08c8e4c146d194ba8daf94d,212,4,2,-16.797161,-10.989145,13.690439,8.866507,1.7387581
216,train_images/a1b12fdce6c3.png,bb6d47fe3863ca6bf85bef36528de631c22a926ea3aff21beeb1ea9c41b7aec1,216,2,2,-11.727604,-1.736392,7.253599,5.056303,-1.297734
224,train_images/5ea9e447bb62.png,41a9b4a5fab92dcc2e0452e9956464b89390adc22059385c3723b8f342fc74aa,224,0,0,10.935615,-0.52619076,-1.7822616,-6.9498444,-1.657646
228,train_images/0a9ec1e99ce4.png,4578633466c8eda74ff4967d6e4b1c8eb38ca422a479d73fd431d08d3754f44d,228,2,2,-10.39048,10.167786,21.391449,-1.470501,-22.153135
234,train_images/c64c0966b4cf.png,6c6145a907bf4a39c8972a4b02f2aa8e06a3ef08e55618b25adffd70d12106b9,234,0,0,12.701302,2.6297073,-2.0983927,-9.794167,-3.07805
239,train_images/c1c8550508e0.png,3b26186be5348381728f79c58fe26b0bb8b31f9588df7807eff5cd00ec1f1819,239,2,2,-21.62331,-11.187967,18.884493,6.6459675,2.8068042
246,train_images/cb68fce07789.png,c4d631423c9fcc239ccf3628a96cb9cbd1dcd8ed2bb11dd46962d0b12669a0bd,246,0,0,11.250665,0.06569767,-2.158913,-7.217882,-1.9228008
249,train_images/3908b3cfd620.png,eecfb4385e914786be8625ee9c9980e72a4ff135efda87d02ac95d5035589b91,249,0,0,12.368651,-0.1451416,-2.344985,-7.194392,-2.512894
254,train_images/72595230840c.png,ed1cfee3728b6045d28acd761bf72597402002383fce2c62e60796d1febc0407,254,3,3,-15.193016,-12.241022,1.7986124,13.809597,8.728678
262,train_images/ec4649213ccf.png,e31a8e41dee580accbdea40ba8e70a3e47a860cf49755c97326cc591c8dd4c67,262,1,1,-9.494713,16.9702,9.794663,-12.861959,-6.46453
266,train_images/8bdb891661a8.png,a78a2833f8cd4d50bd69d5dc522893a34b1e12b12f55476eea097e9458feb468,266,2,1,-5.729784,19.049519,14.458132,-14.529923,-14.567281
269,train_images/d7a01fca9838.png,7da803f51d3647b481e1a3c0185a7bf01af469db40b8a31989d684bf11adf750,269,0,0,9.563058,-2.5420032,-3.6495717,-0.2559471,-3.1271174
273,train_images/ff4cd992667b.png,dbca0f1d4915149ff76b74cd2418186c4389225bfc2c30b78e68ac7c21f3b8b3,273,0,0,21.329023,0.9100666,-2.3791544,-9.823879,-8.025938
278,train_images/e4e343eaae2a.png,db77265cee9f06464bb248697f7b4dc7a66abcca758d48c1c632b39916eda082,278,2,2,-20.291142,-1.1559706,14.977266,-3.7568588,6.026636
284,train_images/ac17cc18a994.png,6a666a67c2bd0d0d1b40676260c5cf910b93591180928a6a8cf44cb0eaf33e3d,284,0,0,9.209964,1.0786705,-2.0672169,-6.2225046,-2.0821588
287,train_images/b69c224edd6e.png,369ad5862b9395e3eefe91adefdf69c84e25b71581386574ecc799429bf42b39,287,0,0,20.652481,7.126732,-2.0491552,-12.240045,-11.578056
294,train_images/e93394175a19.png,b8e37091236c7f933c06a8b3bc58b6140b0cae260fc7169cfe9d2496329cda0d,294,3,4,-10.845066,-7.2143054,3.577184,4.5873013,7.508031
301,train_images/38c7153457e2.png,6205f038d7098d5e81efdbeca73a62f0a2b2c6d95e0347f9a4939c8d0736b4e5,301,0,0,13.406538,-0.41512394,-3.2832656,-5.2378807,-4.0737333
304,train_images/02685f13cefd.png,79fb0890b5455a0f7331019548d699d111acf077d09381eb125397a712e4e1a0,304,4,2,-9.890835,-3.6182036,11.568575,0.48101807,-1.1181433
308,train_images/5728b8aa98ef.png,a8e2e288e172c203fba914ff35dbbb82384879d77df6a486232fa5e6bdc487c1,308,0,0,9.403339,-0.626461,-0.9210341,-6.4371634,-1.5842435
313,train_images/ee36ca728641.png,a33630d60991deaac7eaa8036e3fa5f051d95fbf8a566e8776a8cc92caa62dfb,313,0,0,9.306757,-1.9391441,-3.8472223,0.19098091,-3.7454617
316,train_images/484dbeb9bf2a.png,5da2858c1f71a214b2741fcd888ddade478427346adf866742faf8fea2863577,316,0,0,9.100723,-3.2597823,-3.7026749,1.1666298,-3.4083364
324,train_images/52dbec057cc8.png,93a85b2e63923cc617f3a8c385fd7001f699f9246f84381cd068723ea89dd3e1,324,2,2,-16.945717,3.7105455,14.850355,-7.8068314,2.401909
327,train_images/18621b9ca978.png,1a962e378e376ef5a483b0e1c2498adc74daf998c1a68302c4b0c5e830b8bdbb,327,0,0,7.0020885,0.89053154,-0.32229853,-9.274241,1.3581299
333,train_images/cca626a0e19a.png,3ccd3e828aa4317aaf74956f7bb5b99df5e4082950dee58a10f327bb8fe1ddcc,333,2,2,-2.8959293,1.7838202,5.8137984,-4.22563,-1.9158895
340,train_images/ff77e8e5b5f3.png,2842411a873148351d2ac19434b0c6c7008514f5e1eaeafbfd0558a70bff747a,340,2,1,0.58641243,17.179264,-0.4702863,-12.339279,-5.4546766
345,train_images/1f5496352859.png,086b47a5f2f28936db7ca314ae47895861ae8cdc216bdf18f4ce9335c15c4891,345,0,0,9.181667,-4.8878207,-1.8695158,1.3379173,-4.0461893
353,train_images/6df8b7b6e837.png,a75f486e6baa198f38ddfbf7b07da6e9e64fbd8ce85c28aeccba3e68a98ab0b5,353,0,1,0.7903023,14.650906,-0.2840072,-11.3208,-4.2128
356,train_images/1e143fa3de57.png,d9693f423433ba9af946e90eb9c4ef4ca1437c9be236e3087d8decee8a86835f,356,2,2,-9.968185,-5.2739058,5.531943,4.300102,3.1436164
362,train_images/4e54ccfd49b2.png,6433c8c7b955f61dc6e248c443472a503d1ea95f4c9aada6e726e89ffb575b3e,362,0,0,10.94613,0.6445694,-3.2084045,-5.8840704,-2.4077609
369,train_images/c9ea9d5eab65.png,92a1fc4c05c40767e6e83fcbef444b95be9e63907eaada43a6e7f06fef9d3dd5,369,3,2,-18.224247,-1.1327553,18.708326,-0.46396828,-2.832791
372,train_images/6c30dd481717.png,9f76d6cd2eb30f93057d31538053bad61784521ce931bc6a28002bc59d721741,372,0,0,8.005085,-5.4255676,-2.3682928,0.21759605,-0.62478375
379,train_images/4ad8d3ec8789.png,0ae10118f919999cdc53ac0003a698891c124f71281af9e557bf44a3795aa7ef,379,0,0,7.608122,-3.4003625,-2.701379,-0.23683167,-1.5616205
386,train_images/4ef16a53d899.png,29f589713a5cc80a4161fbb85c572aa642a2409177f994e3d6d5241cb7a47f70,386,0,0,9.684459,-1.7348423,-4.0760236,-0.56023216,-3.305246
390,train_images/97a5ad7548b7.png,908fe79d42556b58feeaf61f44452e5436bcb20fefce68d91da464c9602e3190,390,2,1,-5.7550564,11.03912,3.7032592,-8.772356,-1.5044696
393,train_images/b033ab4fb723.png,1a40f0b60767d5f58ade69b87b37de1d5447df72e33c56f57e5dc7fef01e0774,393,2,2,-18.804035,-4.251603,16.28185,-0.3244133,3.0064983
401,train_images/af828dab3ffc.png,ee1e2fdab8578e2d4c6f9d72f62fbadc258502d0491a4ed0912f21245e3d4f8f,401,2,2,-15.577393,-8.821503,22.424023,1.5199833,-2.9424007
404,train_images/a7c10ca6c117.png,7f97d4ad4b0c6ef4dadaeff9d88b2d89d7b6828935b8ab35facd6a838cca95e4,404,0,0,12.726091,0.31133842,-3.0413368,-6.892194,-2.851107
410,train_images/478fc46eaa49.png,57e7aa1a48d19ae2ee21a26d8f00bdad60f9eea3e2ce981250130a7987b70af3,410,0,0,10.834499,1.6530981,-2.6585493,-6.9332323,-2.8188546
414,train_images/0ef4c61dc056.png,3724387b20c9c4c6c3866e50e93d7e8fa0ffb9ac69e40b337ce597de6a7c50b4,414,0,0,12.883084,0.52487564,-2.7971327,-7.865817,-2.4810364
419,train_images/cbe633765ea7.png,bd969bdacb00aaf9f1be635862be94beeff4949f4bfafa0e1ae03c7f4780ef8d,419,0,0,10.258911,-0.9989109,-2.2791746,-5.815099,-1.2150962
420,train_images/b1197f2cc9b3.png,8a9797fc89e0f7c7bd92ff28fc1180f201ad3842d8b426c1ee9502ab938c163c,420,1,1,-3.6524906,15.967911,2.1823697,-11.231731,-4.3761683
421,train_images/d51e5d7484ea.png,6aaa5da8eba7214458a13c4952b231aca180aa56982597061694506e5c3f7dd3,421,0,0,11.32768,0.92740345,-2.407476,-6.979843,-2.7528365
427,train_images/1da25637859b.png,c75d9de142a78d4604c323f12c3baabde0f38b2068c5d6a2f6175427d12d2ed3,427,2,2,-13.756084,-4.0000463,10.90104,4.9684296,-1.1010795
436,train_images/71e43b4f8ba6.png,d53cee79b6c156a255a32e011e925d516bc8dfab7e5618e1130176c8fa43ebde,436,0,0,12.373179,-0.19546127,-2.7835207,-7.0885115,-2.1651642
441,train_images/f6d760566a51.png,0c666ba6eb05c358ff26cc1503c1c87db61b9e850511647d23dea278951c3a38,441,0,0,11.969063,-0.68835735,-1.377949,-7.0417604,-2.7479079
447,train_images/18af532e7e1e.png,87bb2fe9f88db42d9b05a809a4e0d108f83494edbf09781a4e72b312d65d28ea,447,2,2,-12.318474,-4.3366795,24.035799,-0.29901886,-10.234675
453,train_images/15528e740543.png,fbe0150302f4dba8560f0b68ddf6293657926a903f5fbdf6ee20e4c4dad67734,453,2,2,-12.553215,10.243677,14.249622,-10.529112,-4.4652586
462,train_images/22449af52060.png,d2dc682c757eca02d89cc60fa289e500710c99a84af37a45b1e2f204161407f3,462,0,0,15.848553,-1.6193376,-1.7816811,-8.984928,-2.8448164
463,train_images/fe3b0e50be78.png,d290ad88bb825273f6ae0143991669a47a5d1a1f94be314621c213a4aa355bd3,463,0,0,9.829175,2.3050919,-3.930303,-5.1111097,-2.8928525
473,train_images/63c0eafd6aa9.png,e9e6dfc06ce89c99a49f00231aabf650b9f1fc92e6f5d5328f38c2ca2fc1c093,473,0,0,13.867224,0.4128685,-3.0437646,-7.8773212,-2.9479773
480,train_images/b8297a2291f5.png,87afabbdc0a8bbc05e5699b0299a10b4217c0621a267b2172d23c71becd1ee74,480,0,0,12.2024555,-0.6355753,-2.5636535,-6.164111,-2.7232778
484,train_images/0afbeeef0ff7.png,189fe280f1017599b78b6bd7e7b4362eda2c865ef9c1bf25bb3836bb3b7f95c6,484,0,0,11.765227,0.056720734,-3.5082254,-6.644603,-1.4841068
488,train_images/1b32e1d775ea.png,0d2fd1f2299c818ff14a57c895bca9042ccb9b574d84bb988f22a64e543db91c,488,4,4,-7.041189,-5.070276,0.9468099,3.995449,5.1652336
490,train_images/a528be013a04.png,3d2ad1ce0adf1b1509f0b0895d8d92f725ef627d26a88416a3b6ad01ffdb5ac0,490,0,0,14.730509,-0.9233265,-1.2928218,-8.988696,-3.1064684
495,train_images/cf0575534cec.png,82835e0940a955eb81b6e3b681a5eb867c118032267bb6d6dff0789eb67a753d,495,1,2,-6.659273,8.720325,11.423509,-4.8967686,-10.444008
497,train_images/668a319c2d23.png,0d01e974b09bcc249e7825f31b07a35755d57010e8de869dfe86e171517997f2,497,0,0,13.311082,-0.38683033,-1.9232835,-7.481098,-3.2371495
502,train_images/6cd606dc52e9.png,52fa022fa7d7ecad954b7a8d9f54f7f934fdcbefc0a48e410621bd3da775d3fb,502,4,4,-14.360073,-10.944306,4.871362,3.8814564,13.481564
506,train_images/2b88cb6e31cd.png,9301dc238c2fb0eae0ac6ef041b009954c995f7a3b9fb9533d2c3289f8099608,506,2,2,-22.76276,1.5743027,20.41933,-6.0313063,2.2057796
512,train_images/504a69096fcb.png,ef4dbd57085ff65a00562033125874c403badc581d3298039f9b5810fb3320de,512,0,0,11.518065,-0.5378475,-2.026414,-6.6272974,-2.2267544
513,train_images/e60e4edb3ca9.png,05e86f2dfc3ae4f94a9936e8368b2d76fbc2dde28525b283c2c912e1988b5fbf,513,0,0,13.657788,-0.68590736,-0.16494331,-7.108757,-5.3167963
519,train_images/ec57cc20d776.png,e3724051a416d067fb05b70268d05a4b199673cb16f09f19a3eabcf10e1e7359,519,0,0,9.927196,-1.701684,-4.377377,0.103248596,-3.916454
522,train_images/f025f33b2c9b.png,1397d987e28eafb5e9574fb756741b1ea787d0b54fe2db3d7f6f677fb51682c1,522,4,4,-15.486034,-5.4143076,7.295817,-0.045354843,10.249232
532,train_images/247ac63e5510.png,a9e70d6b8561ba10d7724c711c4dba6cd5428fdb1713d576ce7ddf65f1f927e2,532,4,4,-12.683182,-5.8501425,6.3540516,-7.115242,16.08488
539,train_images/be7bc89f5fec.png,54ece05eb1367d608c1291f16db33b9cf97050da5b49519837c51d3ea3a01ffa,539,2,2,-6.4057407,-0.26544666,7.9131007,-0.7028141,-2.0682127
543,train_images/be6cbf6e5b10.png,585c3fcd506441bb63c5ed86efa72eda81010f08827907b353171d5c7582b0af,543,0,0,7.9361877,-0.29594803,-3.865406,0.6272297,-4.5059576
551,train_images/12e6e66c80a7.png,b7c419288f2270ca41a7fb87f0471469f115d0b53da4ddcdfca118f277e0fc07,551,2,2,-12.20676,2.3982344,15.759804,-1.5412445,-7.0699673
554,train_images/282bc792d23a.png,7cc28937d65daed6fd874c014378d5ee256fd0d8ce1e184d081f88039fdca1e4,554,2,2,-2.8912315,8.7632065,10.180172,-13.787107,-3.6495116
560,train_images/a07d9a5045cb.png,f2e0ca65530b82e7b10aa52c1be56e740ec1367709da3807dc259b32451cfba7,560,0,0,13.245395,-0.17634773,-2.7101355,-7.2249756,-2.873165
567,train_images/13d014ccd136.png,e3e6f823e529de22160d9ace88268dfd1aa6cd7aae473db98ed1c3df67a44290,567,0,0,12.083601,0.01094532,-2.886306,-5.9678507,-2.9391744
573,train_images/8543a801dce0.png,124fbb53510f23ebc9aabb7e9d92258602b65a8ce8e695af22c3bca19634297e,573,2,2,-13.190811,4.5313406,19.553526,-8.662835,-4.724324
576,train_images/207a580de0ea.png,8ab22a18047a633ce18304965765173c0dd0308f8b4228e94ffd46a0b2f98424,576,2,2,-18.86932,7.6362457,17.432968,-8.685956,-1.1691387
584,train_images/e4c799738a19.png,c8e01f11ed207e68869cd16e8620e3ee7fea7bad15d67344c1781bdea9225a8d,584,0,0,14.894844,-0.79252434,-3.3764591,-7.865803,-2.4549444
590,train_images/1cb814ed6332.png,55623f64fa2881a1b80c321f710de228ade68e0d194b73918ad10639b0246257,590,2,2,-8.835144,1.4556684,5.5394573,-5.102027,4.7203875
595,train_images/04ac765f91a1.png,c216c357fa59ecd728a5211694af6a5d18f398b4c364a779e3d6ce6f82cfbc0d,595,1,1,-5.7456436,6.228594,3.8505032,-5.6194754,-0.063682556
597,train_images/331b87d1b9d1.png,4c2fd33efc321208823da6eda1a4f6a5db7975a91430bba503469b74142146a6,597,2,2,-19.040173,2.1553764,17.962574,-3.5507288,-1.260587
603,train_images/445a8a6da55c.png,9dc0d17f93ea279d7dbdbbcaed4d72fa63d3e442e6dbc0d334ce32d5ed0f2e06,603,0,0,8.446066,1.393714,-0.48876655,-6.9908953,-2.5596678
610,train_images/64eb5a79dfdd.png,71d904a41744af519e16cca2ac18f11342b74db854aa4750307adfe4d654eab9,610,1,1,-11.176998,11.736444,10.150695,-12.656641,-0.37230158
615,train_images/870fbe6eaa68.png,0f3ad09779b61f2370a3c2bd3526fc2eca310a5c387f2dda52afbf33e0ac35c8,615,0,0,10.089457,1.6218452,-2.7733603,-7.0850744,-1.9034655
616,train_images/e1dc02a3dc2a.png,7aa488151021ceb8940b77903dfd1dd441b27999e08bebfc0808ae3952fe9785,616,0,0,10.793356,0.46092224,-2.7686357,-5.507593,-2.880758
624,train_images/aad0c0ee9268.png,67892f888833b8ad425bef3cde2f9d38503ade4a8172e591b26e7a5ebed11672,624,2,2,-16.534763,-6.3262568,21.115889,-2.8475685,0.25805974
628,train_images/50d8a8fb7737.png,e0212fc338cb6bd5185bb9fda606930419ce26302fb0e6a02787761a5dbb307a,628,2,2,-14.931564,-8.694126,13.381166,8.183788,-0.91675353
632,train_images/540e4973829e.png,92a55217a9a11d40e70cba435f0695360983ea61a55ac476a8826c5960e2d7a3,632,0,0,9.745444,-0.7751198,-4.3896613,0.34016418,-4.8025856
637,train_images/5cbe88914a72.png,52ddd040ba7aa6e43afba6b0a8e607d12a5086937cdc113fb9118d103567a7e8,637,0,0,11.455127,-0.92432404,-2.8013399,-5.800271,-1.8867242
642,train_images/2a7373eeb352.png,db6e51f56fba7f4bf6b9e5b0038a127cb04dbabdad39c259f01aa42cc4317be2,642,0,0,11.697508,6.724375,-3.8385015,-10.0011,-4.103939
649,train_images/3b185ac445d0.png,777a5d0e63299299493a645151b70fc6880801437a2e54144724106ef4e6d668,649,4,4,-10.747749,-6.89599,5.1236825,3.0754204,6.7957506
655,train_images/441affbe99aa.png,0174d0a7f618129d9f7b2dab5dff4d8c5e1568107a521654a2d6d3b325297525,655,2,2,-13.733807,-9.641875,9.693897,8.0423565,2.2568579
662,train_images/ab1c20a94f3f.png,76030efceb76de1f1551da5feb68ff38acbf3b37629aa2bcc7f983916cad3751,662,4,4,-2.8511047,-5.6033163,0.7902216,2.0192776,3.846499
667,train_images/eedae6b28f96.png,9cf46151aaa23372d45b59915eb68a2dec47c5ef865330812fa11077d7768a25,667,0,0,9.333589,-5.478105,4.639975,-3.4718962,-4.7124033
671,train_images/4aa07d720638.png,a78460992d18f4936decd31522b089a6ce80e94572b365c9ecbf1c94669b5e3b,671,1,1,-0.94794464,6.481164,-1.4116465,-3.9785833,-1.0971916
677,train_images/1c9c583c10bf.png,7a3b576b588c36cc173989d29f7b96ea54b05a285a74a423193d9efb35ec2815,677,0,1,3.6173306,4.9021854,-2.6423454,-3.8109589,-2.4826014
678,train_images/4036471a1bb7.png,c169b615fc3828c0b27effebb1f641055881c25478ec98f9ccbba4c5b1fe528d,678,0,0,8.741158,-3.493484,-3.9803722,-1.0290203,-0.40627384
682,train_images/d801c0a66738.png,3be3e01be679845db3cf85d6228042f9ccd4f0b935c57f798a73e9eb557e9574,167,1,1,-2.783575,13.596928,4.0557227,-8.526593,-7.3263683
687,train_images/f5650eb52640.png,d3e1225f59f0f576351383894196e13f4adcaf10d88282d640f5ff6f42c3f197,687,1,1,-7.636795,16.902493,5.694807,-16.146072,-0.58285093
690,train_images/84b88e8d3bca.png,f237a65aebad1d95dc9f81d77b0c5377268ec539993401d8d149d45b26335798,690,0,0,13.363335,1.7575636,-2.6751802,-7.946953,-4.052289
696,train_images/dcf109df1a2b.png,c3abf2a137d78531e2916b75ad73fab9600876f605451d2d1beb80f340119721,696,0,0,6.794548,-0.76481915,-3.6771576,0.8856392,-3.498297
701,train_images/2fdffb6160a6.png,325b395e7540e24f10ae1a0b149e9b8cd8573d51bc34b79b534436d269295243,701,2,2,-9.802681,4.7204437,4.7497106,-1.1408806,-0.74863124
706,train_images/caec68f11c86.png,99a959fb829c78ecc0d79687fe089274d14e3645dc8dba28f63c31dac7056895,706,2,1,-1.7643604,13.264948,-1.4832284,-13.527544,1.9674716
711,train_images/0f882877bf13.png,852ed341d5745a84de92f82f9778494b2e2e0a9802cf84efb6b091e78bc74390,711,3,3,-19.49672,-11.7743435,6.28199,23.37834,-1.6278265
717,train_images/5299a532f0e0.png,a596b9a4cfdb8f3c9cdbb578660a10a4beeec0af26d19696040658ac5ae3aaf9,717,0,0,11.578152,-0.20837212,-3.183681,-5.881403,-2.2479913
723,train_images/0953c0ac1735.png,89ee07623edc358e3d2f734051166c6f3c8c842111ce0ad9a4cb14388ca51e34,723,2,2,-18.159737,-11.920022,12.503802,11.813496,2.0293555
729,train_images/22098b1fe461.png,3a2129a6f2fd97f6b70044e2b438c765717ddbb9c643325404abfbd92cbc7d1a,729,1,1,-6.3242397,8.668789,-0.14688057,-0.6730709,-3.052254
735,train_images/295fdc964f6e.png,877d9d7695aec8bfe98867e5568f236f8ebd6535678b762fbcf38453761b6ccb,735,2,1,-9.51556,15.359995,3.8572772,-8.23151,-2.405195
739,train_images/79be2ff796bf.png,11ed9f43ee17e864b59d4c815184b74de131d2dcbda4d65943988f028f2f16b4,739,2,2,-15.823349,-9.108336,14.196138,7.5542336,-0.23761654
744,train_images/1e9224ccca95.png,312e23e7782f1088f43ff71b2b8974312ceff12be08c8e4c146d194ba8daf94d,212,4,2,-16.797161,-10.989145,13.690439,8.866507,1.7387581
746,train_images/81371b0c01ad.png,8a59ccf872c4200146be39a229bef5ad6db8bf1afbefcc9307631246d4559c18,746,0,0,8.952709,-1.2263675,-3.8941743,-0.9704037,-2.9696214
753,train_images/a476fd984005.png,c6b2e9068d9a77c452d9ed1479c3e5a469dbb4f26ee4a1171c7732260a6de185,753,2,3,-9.750179,-9.160514,6.6282263,8.086039,1.7169188
759,train_images/4ab8c0cece7f.png,d5ac6517493915a0d61b47236ef8d2ce967f944b31a1b846de47ad59544e69fe,759,0,0,5.203203,3.5076456,-2.6134508,-3.8913927,-2.5222113
763,train_images/6180920bc224.png,0c1ec1e298c171c2a08ffed5dae06314d4d3f8c29122658dbae90ba48bbc9cde,763,0,0,10.960941,7.0033474,0.1909701,-9.477025,-8.375511
765,train_images/f6f7dba7104d.png,2eb62fb8ea03f4168a058eb727f83132c718e9e27b7f3d72e9f24995f2569869,765,1,2,-13.243191,2.5835218,7.5651927,-1.3743763,1.7386577
769,train_images/45693d027798.png,742a8815ec47de2c139150382f55e993be322dd83ef9b1099bf0bc9dfe7fbe5f,769,0,0,6.7773247,-0.15213299,-2.5465772,-3.7130966,-0.7019613
777,train_images/916915f01e17.png,d77be730c8cbf04d2f3b7f914156f1b09044d972b5c93eb89f05022c2bad5916,777,0,0,9.826598,2.109663,-0.93575597,-8.001586,-3.03595
780,train_images/cbc2e57447c2.png,b1b6646175257813239a48c013065d101562b40cd6ca5d929e8d1116728fbfa3,780,2,2,-19.84695,-9.817301,22.314005,6.706314,-3.242935
785,train_images/48c72dec46e5.png,1695b1634f7e3ae4c35625cf2d1ee4ce90ca5b0f649b2dc00cc361b65d836cde,785,2,2,-11.894772,-5.283141,6.9580126,4.111311,3.4473505
791,train_images/18d8fdb140b7.png,d29e3267ff01c3a876c0f867a8af4a2a28f691b2a50ff03c4984cfd706fc6457,791,2,2,-13.065861,-4.691153,12.734524,1.53615,0.44637036
797,train_images/5995321563b7.png,27429b72e31105d93af73930769ce0683d7d19d36e4a9bc49a0842c9a359744d,797,0,0,13.64841,-1.1782484,-3.0112364,-6.876337,-2.2926586
801,train_images/2f5c9cdfb333.png,bf0342ea787727c689c00d2cda4f9c8836c38a886ed008a6c203f67049de9a13,801,2,2,-15.077389,-2.2803926,20.520672,5.0535603,-11.171894
803,train_images/bf6cbccacf39.png,5c70671d0691317e1cf5dffbbb1a3bfb820de51c464f211298394f5523704d1e,803,0,0,12.482973,-1.716919,-3.7726157,-1.9030972,-4.7420597
808,train_images/a76132e79688.png,aba8f343d9a014049112de0c05db109b6ce5c342d59b52a2a9f90fa747275d3c,808,0,0,11.301054,0.48709774,-3.0551314,-5.3035154,-3.2332923
815,train_images/2628305cbb29.png,1788ed5abfba96877edeebcfb902deed3a12d9295e59810bb02ba8e944944e7f,815,4,2,-15.6473465,-1.693655,13.728722,0.09524155,-0.0466547
819,train_images/f85c78201a50.png,231d4f33912a2bb543e4bf6f75e204b266e48839aaf42a66d41eb22a642026ba,819,0,0,11.9915285,-0.61119175,-1.3731542,-7.3352957,-2.5265582
820,train_images/bd34a0639575.png,c2f2ddd59724be80c5801433af2e49fe3b41243f938b76fa1b0d4d1d52e40d95,820,0,0,10.168802,1.1207399,-2.731008,-6.1685066,-2.3744833
824,train_images/4464bb62bf20.png,e8aeae7cea3c54760b5d416895438da5256e00f139f633d127265de020091fe4,824,0,0,13.27281,2.907156,0.64955497,-9.973984,-6.009803
831,train_images/af6166d57f13.png,d000b9247b1f8f85806bfea88dfa0bc940cf9b7ef86f7d4bc323cdc5a23270ee,831,0,0,6.1478844,-0.731678,-3.587045,0.9581051,-3.1079147
836,train_images/d2d523e9f669.png,55de5164017259c8eee610a6b41fc19be6944d86f525228fc9fc989f5db3d4a2,836,0,0,8.978392,-1.6986165,-2.3088949,-0.34427452,-4.772894
838,train_images/aeb6f4fd2eed.png,65c509fb15d43974412e19481b9ccf1aa115f1e14ea2dc02b96a8ba345048781,838,0,0,9.304585,-1.4321637,-3.671387,-0.9709091,-3.2211063
843,train_images/8e4a354e3da2.png,6665d0d5129375afc57bb24044f2e0ef0310ddac83fcb7a8e475087fd0edbff1,843,0,0,8.659973,-3.6442766,-2.381086,0.7460327,-3.4389198
845,train_images/5e7db41b3bee.png,bb6d47fe3863ca6bf85bef36528de631c22a926ea3aff21beeb1ea9c41b7aec1,216,4,2,-11.727604,-1.736392,7.253599,5.056303,-1.297734
852,train_images/4f20f9a9a65b.png,055e5b2a0c4d7cbe10a5936175a2b6a3765651f55080cfb8c400a913d50b6d57,852,2,2,-19.2275,-0.8824091,10.249689,4.60775,1.9209965
857,train_images/d1f1ea894da1.png,43a73ad7b51fa957f130a3c7dd73e0f98b7f80cd081c2d4b295f8af29b47cc04,857,2,2,-19.3502,-1.5597486,21.247852,-5.8968763,1.3094957
860,train_images/3b9c1f42c2f2.png,194e890db59ac0c1b92724436ad62e5f8aeda3333ed67139457ebfd9f3833254,860,2,2,-15.158783,-0.7590656,25.767248,-5.4107723,-7.972974
866,train_images/763ad1236efe.png,2067a6319680fcad5a9c5c4f284bb45f4c3b9c989eec0d03b0ee4d033c366bb8,866,0,0,11.850672,1.4153996,-2.2047484,-7.652255,-3.1511052
869,train_images/6bf2a81a5d91.png,949a4d3ce3c3e6556f5763895627c429954b3458eb12be70492869dc44c27cc6,869,0,0,7.419121,-3.4364562,-2.4356368,-0.297163,-1.5420249
877,train_images/8a759f94613a.png,6999ab73db13c01367ae204b0f29c22e17c9e31033408ef149683186e207fec5,877,2,4,-5.07502,1.1147709,1.4746037,-1.5040607,2.2859874
885,train_images/4d1cf360b2d7.png,d7cac0c45b547700be034c095c5f622f8ff0584382dc2df4dcca093cd3233814,885,2,2,-14.928677,1.023323,20.469412,-4.5591097,-5.2491302
887,train_images/8ead8f37423c.png,511625fca1557f94678a0532ebd93045043f1dcaa1be4ffa93369737698dba91,887,0,0,14.150555,1.7425756,-3.7318017,-8.921773,-2.7225792
894,train_images/2ef10194e80d.png,026c2b7afb6345362d8568b7679c22e0bd46165e4d33fc568ae51daf463ae09f,894,0,0,6.8703327,-4.6921606,-2.519006,0.6107502,-0.60843587
901,train_images/d85588ff2ebd.png,218657a9a2228eb17d677a87f31e1b817414a90648662d8d3815a874e1c068c2,901,1,1,-17.890411,14.594673,13.322236,-12.931879,-0.58237886
904,train_images/e31c42a8652b.png,1baaa16aea63aee81a0373c0c0fd80968e5ce8fcfc9be76ab27e0d58136c8171,904,2,2,-2.1364937,-0.46964073,3.331075,-1.1731071,-0.854959
909,train_images/9d9bfefa809c.png,1dcd5179b770f6b8520566bd9aed940da25402e7de0fdf5bb66cc78004419c81,909,2,2,-17.495544,5.535366,23.357584,-5.151643,-9.524465
912,train_images/45369821d6a3.png,a51f0f8a1a2e1ea7487ceecb66986f8c3c60ef551cfe8ded09d27d4526ef36d8,912,0,0,12.938119,-0.05911827,-2.7877781,-7.147256,-2.7053483
920,train_images/6bb30ec3231a.png,e4ad7f024804dd7d6eb885dbd5d04d0f1c25c09182c903a3ee24ef988967ac1c,920,0,0,10.964425,0.56514835,-2.0678837,-6.82341,-2.6151955
925,train_images/a2b97d98f130.png,20b8ff62c475466520367cc6831002f76d17536dc9c6684aa4d63629ee81ca09,925,0,0,19.927551,6.5619583,-1.0723618,-10.551147,-12.775232
935,train_images/eae901557a84.png,16c09aab8836d5001a32cdc81e301b8be3a912e72306ac9173df82b57b3a09f0,935,2,1,-7.2586937,9.310379,5.175157,-4.2347736,-4.3990116
938,train_images/dd90c321d7bc.png,866c6c5a5164bd49e4eeea7269edede14f972be4e7a499f69f32d7eed062fdc3,938,0,0,8.291443,-1.4035683,-3.0961802,-1.0640526,-2.920407
939,train_images/a7b0d0c51731.png,55623f64fa2881a1b80c321f710de228ade68e0d194b73918ad10639b0246257,590,2,2,-8.835144,1.4556684,5.5394573,-5.102027,4.7203875
945,train_images/53c874dbc594.png,9aa64a2bd8f7a8b90244d89923765a2197f5569b0af4107718ced31f0f316598,945,0,0,5.236294,-4.022207,-1.7575669,-0.17447281,0.116307735
950,train_images/eed4afc8ec83.png,b5e26533bad8ad65985077a42babfb9efdf5cceb96bfa37a6a1fe8c886f19726,950,1,1,-1.9627895,7.2334957,0.81727064,-5.590988,-1.9181092
952,train_images/c9c563864ab1.png,0d27bd3036f3228ac8df3d5b89836dc94bbac79e450c2650c15153504b2bf2de,952,0,0,11.351172,-1.4963741,-3.3950212,-1.72575,-4.583912
955,train_images/b22cc1bf0b8a.png,b9425c6c39bbd7bb9b98fe712b0f99eaac3573d05afa8a532202143daf0dd7a8,955,0,0,9.1121435,-1.6309099,1.6666114,-6.5708323,-2.7480156
964,train_images/b7e0f95353f2.png,7b5f10c973b381b40da94ed0d6e1ee9f3e7443d88d8030036a14d2a5be3d9176,964,3,2,-15.423698,-11.821201,10.96,6.828863,5.918415
967,train_images/e33766353db2.png,7516916c706b2d41e04f1cb523b7b390be0ddcbff40beb3d23337b49928a6b1f,967,0,0,12.583242,-2.8423347,-4.486424,-0.52783775,-4.4207067
972,train_images/64ac539f58cb.png,892364ce0b665b1f4aae4156c37c396021ca1479eb469a6a7ef0ecac0b590f5e,972,0,0,10.613489,-2.995946,-3.6892369,-1.0063343,-2.9223983
979,train_images/b6fd109b1bc9.png,3cec8fff99d8f5c0e7124e56dbed6d6eb3f6e1e60d692d1332c823a259f33338,979,0,0,9.402373,6.0147495,-2.3255584,-8.2582855,-4.159399
981,train_images/d6130f2ec903.png,6a73aee77cb9246529081deda89d2c6cb4b319ae073cfb36322e2b912f38db23,981,0,1,6.0602493,6.399809,2.2826545,-7.123534,-7.917716
982,train_images/e13412678eff.png,615dbb8e4d8dfa5f10616a8c5e0c8d869ff8c768b3852554e4965a4612bb4818,982,3,2,-12.739567,-5.607886,7.6475673,5.672657,2.1647391
989,train_images/61c2fbd16e38.png,923ac00bf0be41fe4d8e7f04bb80f4916c45d1bf6e0f6edf089b321420e00b1a,989,2,2,-23.173958,-6.4319696,25.084185,8.931166,-8.758352
992,train_images/18323d8f2470.png,283fab3566d50532178133446e3102bc12682a2016f7183444e322aae02adf0d,992,2,3,-14.7092705,-12.250217,10.062385,12.334927,1.5783198
1000,train_images/0369f3efe69b.png,fef8ca97577038b16353a01934498df5cf9f37d36df72b668cab0c6d33e316e8,1000,1,2,-8.80265,6.9817085,7.984225,-2.6941948,-5.439788
1004,train_images/aca88f566228.png,12a07df5bbe335d27c04b0e874d773c8e525d33e4a0e56dffa0bfa59d8172d46,1004,2,2,-9.506565,-4.84138,14.165514,3.4637585,-5.683263
1012,train_images/033f2b43de6d.png,8e60cef58b0e2cd08ba2302c380e8d58b2ea20c95b939342446cfd5470af84eb,1012,2,2,-2.8765392,-2.3118525,12.455882,-5.3158484,-3.3315508
1018,train_images/7a9f45fdf29b.png,c0fc4d655e5b159011cdc36895d7f8c8d5a38f36ed6585e72c5893a46dcfe760,1018,0,0,9.954265,-0.27068996,-1.2749363,-6.298501,-2.1367395
1022,train_images/d99b0f7dd9b9.png,a7676ed7fe931fb283866724a649f5d85a536a43ca90917e2869d7d9b55aa883,1022,0,0,12.72985,0.34316444,-2.3351798,-7.3644056,-3.1691892
1024,train_images/7d94a000c2d0.png,87ccf2ddc3e668afa1b5dd3367e418bc86a7993387d98d396c462ca7e8483a6d,1024,0,0,12.861772,0.41242886,-2.9048038,-7.3712873,-2.7421215
1030,train_images/ae20112e7a1e.png,929f0de355a97e197153f9f737db6b1914c5c76164200f5718367f999cd0e011,1030,0,0,10.980999,0.91654396,-2.4185994,-6.086216,-3.1241395
1036,train_images/4210809074c1.png,48bb749057208f15e5d7cba71afb268a8b04f25020c0dde5c0d1ac31f261f9a7,1036,0,0,15.216907,6.912163,-0.29306465,-15.98414,-5.421732
1043,train_images/7435e9a3e36e.png,963fcc3733633b830d761bd45731005369debfb7213a23df2f6d0a60d690dd41,1043,0,0,16.351425,1.8681498,-1.9949307,-5.8480377,-9.089298
1050,train_images/12025b34deb8.png,3c7c855d7b017ffc348a989009e0cb444e2af0cc7f3a01f2696b39dc6709e8c3,1050,2,2,-21.165585,0.030347824,19.69169,-5.510969,2.399479
1058,train_images/4ec7796df40e.png,118b09df9d50de643a95794c972ec8fdebeff9a50d94d1bee3e4599e96975a0a,1058,0,0,10.001278,-2.7789311,-3.9514122,-0.71354103,-2.6414907
1061,train_images/54cab3596214.png,3686f562c7264f2489ff6bf94259ac24179695d3612517bbc9434dd925d4ea12,1061,2,2,-5.6221504,-10.206347,5.9357157,5.6544094,2.0647044
1068,train_images/001639a390f0.png,544414981a9dc8c063b864f8f7df0d0e46a0ae09b7fa171fabd65292947988b9,1068,4,4,-14.643818,-14.239477,5.153848,0.916193,19.35841
1070,train_images/5712e2aa73a2.png,065cdc945e19d25477ced9e67a035862ad0dbd106bc46cc955f3aa183ef1ce56,1070,1,2,-7.149027,1.4130354,6.822456,-5.4594803,2.2053998
1075,train_images/6324d77cf926.png,797735fe5c7eb86be02887d1fef713d69ea55046845075fa9adb10e42953de5d,1075,0,0,13.089013,-0.75105095,-2.8838727,-5.958578,-3.2530377
1077,train_images/613bacb35c05.png,920b50db0f8d6e73569b7ad6bb9113565fcc3fd102662d3f009e0c74a70ea41a,1077,1,1,-4.1358795,11.555216,-1.0120852,-7.355959,-0.19367385
1086,train_images/5b3e7197ac1c.png,300f89c62c0e2eb3b60df75803be69fcf33c05a63c8bab7577f0f8395edd164f,1086,3,4,-9.895237,-6.5141406,-1.7385478,6.3190746,9.510858
1089,train_images/157d17349cc6.png,6704cda6e14cbef22a24a0690754dece6229b1fae5566b53d9e9981f087de3fb,1089,2,2,-21.583416,0.77771664,22.317848,-4.7568407,-1.3275211
1097,train_images/0d8f60ed9280.png,33b32d93b6808e1e0bc35c9f6935be574fdf58145a1efe8311c16d78f05a1d81,1097,0,0,4.4272327,-3.2684994,-2.5675347,2.4819412,-1.7300646
1102,train_images/92d9e9f08709.png,1c8dfcd69b397e17802e0510895c5a76a2c5323dd6da093f62c54c597a252e90,1102,1,1,-15.627007,10.056627,7.763738,1.9079933,-6.6639423
1105,train_images/0b8bdec9d869.png,11221dc72183f47f4b35f552dcb73acb08a7ea26580f9d6b18ec513041b64d87,1105,0,0,11.319125,-3.6367345,-3.77365,-0.7946644,-2.968694
1112,train_images/e30a890600e1.png,1cef8b154783149300b5f47cbb8b904827cb19f28e85dd5a2b66b461a3eb6397,1112,0,0,12.602575,5.915428,-2.8876731,-12.519495,-2.6470606
1113,train_images/d141728fa392.png,8a653d768ec91a83f3b12d15d3edb65324bf05d18780c42a1a1911f5b4042aa4,1113,2,2,-21.149086,-2.4138703,19.498411,0.9544487,-1.0559373
1119,train_images/b498b84d383f.png,54168e13fbe2b48ff99ef90381f23df330f08ef994cc337bd51fc78d81e6abe5,1119,2,2,-21.206234,-4.1653104,21.487537,-2.6911325,2.1641607
1124,train_images/c25e02b39c01.png,8a8e17ddd777459f37c62f201e17385f537287aeb1590ce9c4f24fc346d1bf12,1124,0,0,3.5796585,-0.8387394,2.979319,-7.6645727,1.057088
1130,train_images/5d9c841eb245.png,55890e2a0f10bd5c94c4d0fb3af4c9f48804bab5bad0da48fcd8313124dd6551,1130,0,0,6.541641,-1.0520468,-1.4272672,-1.7075386,-2.9426095
1137,train_images/803120c5d287.png,2d4cc88543b57cec1735a65655379ffb2b70abff85fffdedf2ba255cbebfc2b2,1137,2,2,-12.578751,2.631009,25.341814,-10.873384,-7.7308254
1143,train_images/3cd9713c0ecb.png,f4b65f893ab358583d92f6895cc4a5f3b170cd66740f841bb413988700961996,1143,0,0,11.750598,0.7160988,-2.352861,-7.1199055,-2.7967718
1147,train_images/bfe467b7e997.png,f037a82a799aa52803ce1a2254cb7267e993d55f066eb222f43d79d5bd0b8b5c,1147,2,4,-11.542881,1.3653717,4.729864,-3.12747,6.048172
1153,train_images/6298468d7d75.png,bfcf9c630671aeb464d876488beb24300635222ed3d023c8e8b322c49d2ed527,1153,1,4,-11.980637,-1.8017125,3.804911,-4.78012,11.934036
1157,train_images/44e951e45dca.png,5d848f3c1d7dea0d8de9f25af92a0ad6ac65be0d19e8a590686008f6e6037f13,1157,2,1,-7.8519783,11.816658,4.97419,-8.939558,-1.7862551
1163,train_images/962c0fc85e13.png,2657fa588b2b5179bc4a69a7f558150f383bc7e608b3d51c61d55b3e4d769061,1163,0,0,6.399275,-0.25790405,-2.5045931,0.17453957,-4.2425346
1170,train_images/2a2274bcb00a.png,1867bcacd7b061c6b2130bf2df97cac8d8f120a1e6af9fde21f27f94907dae6f,1170,0,0,7.8743153,4.743741,-3.4971168,-7.2797194,-1.8422544
1173,train_images/17eff993386f.png,7f0a2856014f59784c8cc1c750a894052a57e1605f52bc34a9b4eae87925d0ce,1173,1,1,-3.47114,9.295948,1.2755327,-2.5790958,-5.5004025
1179,train_images/ee3fe7809e6a.png,b333414251bdbf4d05b986a5c30fd47769dd6910eebfac6128bb136b7c4c7194,1179,0,0,9.949701,-3.0207505,-3.6299727,-0.090192795,-3.2458622
1180,train_images/82e5bc01f8a4.png,d09f7057f0e50dd7572f797c7204c6afcc9c5fa02fd8864e505a13974701c8b7,1180,0,0,12.50111,-0.26997948,-1.6694132,-6.983554,-3.271745
1185,train_images/89d9c071a56f.png,4cb61161b1e5dc6ac30032b86712b7dff61b5fa801a2566922f421694e677516,1185,1,1,4.9032936,9.503483,-3.0416563,-10.090682,-1.1291106
1192,train_images/84b79243e430.png,57318c4b350258740ef0332d5ec353650356867c083c3b8e3ce25b1d66fd9a31,1192,0,0,14.506706,0.9042759,-3.4780653,-8.012956,-3.356767
1193,train_images/4bd5d0b30198.png,e24be7a9a7895321a075af4ed09d77ac1b7ab49f0630025a4590327c0f35d982,1193,0,0,9.260637,3.6845026,-2.8509414,-8.997879,-1.0135665
1198,train_images/7dee6bf8b9c1.png,c994e130b371b16e03dbbfd52be434dabfbce4c6fe8363a69acab470dd5b84b1,1198,2,2,-16.699696,4.743163,11.093328,1.6928501,-4.0347385
1202,train_images/fe2df69676cf.png,69d96d4682275d275a2f11d0c681bc1372fc00d89468f3481b24e7d809270f82,1202,1,2,-13.24033,5.84149,7.7696786,-5.3249598,2.2819548
1209,train_images/e12f9f19d1be.png,a444ca7460689cc30b72f14c2ff056530afc411af1c554a43d09dade3c571fb8,1209,0,0,11.037519,-2.0123143,-3.8867738,-1.4714603,-3.478381
1213,train_images/61bbc11fe503.png,db2521c1cdaf5f046628af834ce3fc27781d47bb933372778a506c154e47582f,1213,4,4,-16.83966,-3.9743166,5.912308,2.785942,8.560296
1220,train_images/5723d0ec895e.png,d8d46aa0908ef3d82a5ec34ace06ccbed64ca647e2bcbd330a7905e85cd3ce49,1220,2,2,-16.141369,11.415827,15.09796,-2.1836872,-11.188339
1227,train_images/c8fc0df22999.png,75c2b6b6cd4f9ecc2b5353ecfabd5b46261031ac2a8908cdf36d66418590df01,1227,1,1,-1.8590565,10.108156,-0.9544143,-7.8338604,-0.21267104
1234,train_images/0fbbd665431f.png,9f1137c9e1464b3e55c339c7be0eee874878babcbe4fa361c0f8aeb38edd8338,1234,0,0,8.395464,2.1737108,-0.2889711,-7.279602,-3.0413964
1240,train_images/eda1d75cbcf0.png,e47f775d2a219e6c2f816be6104f4d7433778995b1076108259505e90e161b11,1240,0,0,9.076605,0.11611557,-2.6601543,-5.33646,-1.3418086
1247,train_images/9c52b87d01f1.png,07086880d7671ed61012937727224700294593d3a449a03569a63016289afd49,1247,3,2,-14.104706,-10.103317,18.192556,6.719944,-3.875798
1248,train_images/c8905b8d5cf1.png,3de68dfc1970c33bf68376c91561329a157d869632aaa2cf50e94a6b2be3a4eb,1248,2,2,-14.531303,-2.718511,18.932932,1.0636959,-5.9654922
1252,train_images/4ad6109706e8.png,4043542e4532477d42c36a518fa5b4f3ec3f12e1096dd5012f0790efb7c8edce,1252,2,2,-20.073387,2.8914433,19.928679,-10.103323,2.8973346
1256,train_images/e3a7671f787b.png,45e0b6c1a49e31e1e74ee86527b22abb19af241207ca85c6049dc9d5b3969011,1256,2,2,-11.283684,1.8205004,18.662218,-4.4995317,-7.586445
1263,train_images/9274e75dc4d5.png,863717677b6c6910fb7ce5008860de7ca55690864b70ba3f781be513eeaf0b2d,1263,0,0,11.6796665,2.422555,-2.0604353,-9.326107,-2.7053235
1267,train_images/633fe9dbaf39.png,f24130ca231c05e0bbd08e61fa5eb55c1dfcc5fb6bd6d407d0630382a56d054f,1267,0,0,17.283375,6.2829485,-3.1186588,-9.589979,-9.331169
1269,train_images/82deb07a6618.png,d994a37f3cd77ccbe167029de6338cf6d8c620fc58220da4564206731da54ad7,1269,2,2,-18.998985,-15.33155,18.911154,4.936781,6.176662
1272,train_images/976082127e2a.png,0f241ee74849cc6a59eaece8e6a4cdd4a05de245e8f65a73d977bc8a25a3cf10,1272,0,0,8.080595,-1.1638155,-1.6693156,-4.3840075,-1.2045367
1276,train_images/1a369baf9ee6.png,9ef1fb0ccdfe829af8380619d2d1ed5b2e81f5a4be3ba6d837cca52d68f0a579,1276,2,2,-14.767975,1.9855442,22.141623,0.50385094,-13.329268
1279,train_images/d39752cb6e57.png,8c7e8beb16d0e92a3784f15b473d4df8b98ff62585b2555075d289dcbc987f51,1279,0,0,13.117344,0.45748234,-2.4816287,-7.7045135,-3.147445
1284,train_images/f47a2a4a0411.png,61eaa30bdfdb34e3f544d5f9d89606cc68c678ec73441ce4886c83fb712ba6be,1284,1,2,-17.342785,0.66131306,23.585041,-6.156888,-4.448969
1289,train_images/8185ce1cdcef.png,1d47cb586d6da3392df3750cc9f8cadef19ab75da5f58831fd750804f2c03485,1289,0,0,13.852742,1.3336697,-3.1850138,-7.1112413,-4.388774
1294,train_images/2bd4d4fbed5c.png,d9bfc1443b604e375afa324888920bbcc13d094d01d2ad8cdfc9f70eca17374a,1294,2,2,-19.908783,-6.406153,22.240097,2.0255299,-2.036351
1299,train_images/76f3473df8a6.png,16e0bf7bd0a29ad9c44ee18792ed96a8105cc4fd022fa06ec470777d32c678ce,1299,0,0,7.6113605,-0.9285822,-4.0911665,0.5484772,-3.2611277
1305,train_images/ac5b5dddf91b.png,ed6f495c9887aec8b462448b9638a980657a342de16bf85a7e5854e011258983,1305,2,1,-4.5846405,3.7851276,3.6520617,1.4882717,-5.5073385
1312,train_images/27e4c800a449.png,cb8ced1312c53436f404cfb8d56c6c869ed6dc0fab4804d6b9dd0fae58466e5c,1312,1,1,-0.88843536,5.6362286,-1.8563933,-4.219713,0.4812112
1314,train_images/bda91b76095b.png,7dba1f5c4e53a30845ca5db492287586166b16d2d0e15bf57c847e78ffc741e9,1314,0,0,9.256905,8.556564,0.296995,-13.768025,-3.9235446
1320,train_images/785777558f05.png,4f982d65ce5bc1a61fbbfa2784d06f1f82193caa11424d8a70ac972edf5b070c,1320,4,4,-13.715706,-4.782403,3.4167318,2.9591637,8.907909
1326,train_images/d16e39b9d6f0.png,1487a147691df11aa38895f6502ccebdd6bead66ae960bc974c4f7157a16d893,1326,0,0,3.881279,0.2015953,-2.9463632,0.67801094,-2.3308017
1329,train_images/ea15a290eb96.png,7a3b576b588c36cc173989d29f7b96ea54b05a285a74a423193d9efb35ec2815,677,1,1,3.6173306,4.9021854,-2.6423454,-3.8109589,-2.4826014
1332,train_images/6061f5b7378d.png,d7e35e66fca58a039554dabf7a2b545a99e22eb079d0b6e23a416710eb7c6309,1332,3,3,-8.840851,-4.8877735,1.4357238,10.018608,0.29832673
1337,train_images/224c14366e11.png,ab8c8c368b6f021f727b1b5547d3006e699d1b8015d4dc70449fb9ae708705df,1337,0,0,10.389936,-0.9378195,-1.5199167,-6.4732056,-1.5171654
1343,train_images/983c98354e9c.png,9df93b6e8c29b57eb2de5fe63b26285c92ec95eb1025a439cda60b3077cd959f,1343,0,0,13.531478,2.8742657,-2.8218386,-8.595052,-4.3447256
1348,train_images/62b4be2799ca.png,22777632f49d8aa940e6557956cb7ac15ae7baa5c101ffa34cdd75390bdd0fba,1348,0,0,12.581698,0.6167984,-2.9621987,-6.2275963,-3.74869
1352,train_images/3044022c6969.png,c216c357fa59ecd728a5211694af6a5d18f398b4c364a779e3d6ce6f82cfbc0d,595,1,1,-5.7456436,6.228594,3.8505032,-5.6194754,-0.063682556
1353,train_images/29bc0e721cfe.png,d19ceeec9246132f55b04d5748a562932e593b956b6e768ebf12779595bf342d,1353,4,4,-15.997265,-10.245823,5.032558,3.5196552,14.280941
1355,train_images/64fedbf97473.png,b3aacb848b2f53bde1702087130b84bf5473a61568c61f19bc09c46e8adc46e7,1355,4,2,-8.035534,-11.922059,13.463005,2.844389,1.4155867
1361,train_images/9a28d4e8aef0.png,6a10f05d2beccc134cd493ded91a12e579a18eab3c1b5385f5524c9ab1846343,1361,2,2,-16.369797,-8.608371,13.297731,3.5565434,4.7040544
1372,train_images/143db89c11c8.png,3ce75c293c60d45d3e95056af7411ab7ea304f1b8bd51184363a6b3cfbdb0272,1372,0,0,12.520634,-0.6180582,-2.720175,-7.01136,-1.9165337
1376,train_images/0babc12807b2.png,69487f13280510c2f71cd4a41115001528a4dbab63eae4c1928d26b0ab138fde,1376,0,1,-1.0258808,8.870602,-0.7843556,-6.391514,-1.3979189
1379,train_images/d81b6ed83bc2.png,206b13cd2572325caa6f82a6db483e53e3f293be527dda72675b5dcb64107ab2,1379,2,3,-9.171215,-7.755221,7.3178153,7.9572067,-0.6603162
1393,train_images/cd3fd04d72f5.png,206b13cd2572325caa6f82a6db483e53e3f293be527dda72675b5dcb64107ab2,1379,2,3,-9.171215,-7.755221,7.3178153,7.9572067,-0.6603162
1394,train_images/40c24aded50c.png,f08f2d5af8d3721331728e1a7c8ca54e351723cc9fa8830b7391c70facff99db,1394,0,0,9.231894,5.5905704,0.4334778,-13.119663,-2.4606922
1398,train_images/8d4d14a4ab07.png,9c0f12d0ab596593ad2bcdd0c023d1da6e31da66e25edc25b702e47201d9b908,1398,0,0,13.327692,-3.0001173,0.5222889,-7.4085407,-3.2420394
1402,train_images/bf811911acf9.png,75ee6380bc2729cab6fa9e34b103ad35bc028794c9856c656a04b8f12a3fafa0,1402,0,0,8.519502,0.34483147,-1.7740148,-4.636282,-2.6376579
1411,train_images/64bad93fde3f.png,f36992c7eec8407cc4af517c6d83da7e7da5fb6a2e5b1b5bf3595a1fd5512815,1411,4,4,-11.340111,-7.15806,0.4181209,3.9295235,11.36202
1414,train_images/975252e325e3.png,ab660e95bed1a2876a487de93cf18bbd4e4fae3987b2e2283896d611a3baa4b6,1414,2,1,-10.859585,14.43589,11.611035,-10.922275,-6.5807333
1416,train_images/e16af45285e5.png,c7961ba86f95d889dd06278e60d1a93e74ad834d8a5aad79b5c8a25c77c87110,1416,0,0,10.06299,-0.4829054,-3.0141218,-4.5681667,-2.0390675
1422,train_images/f03d3c4ce7fb.png,6cb1a09ca80760ff37b9c995489e97a219747b87f533bcb6fe95ec522d99bfdf,1422,4,2,-13.396252,-2.4518461,10.144848,-7.1884165,9.726969
1430,train_images/4189d4e631ec.png,019319c5d801a2849fce84b3f302192a52f888178fe00407ad96a13e611175e7,1430,2,3,-8.127838,-4.4455805,3.2994041,7.986883,-0.7127378
1436,train_images/e4f12411fd85.png,8f3b5f407fd40cd58ff85d779ba884fef5aa2918cd7827c2df215dfd98231c27,1436,4,4,-7.7661095,-4.7356877,-1.5592852,5.7280674,6.2288284
1439,train_images/4e231670b48c.png,bb1f48a5adc1dfcc9d16a14fa3d0606f202276e2d0e1ee78f52caa4871681714,1439,0,0,10.735992,-0.5666199,-2.0453837,-5.634018,-2.507078
1440,train_images/c5e238aa18be.png,8ce31cced70e9a2eee7c9ecd91c09edbb64257d95a14be71854b73ae3687b89d,1440,4,4,-11.112228,-3.3122358,1.5976753,0.65244865,9.544693
1448,train_images/bd06028eb7dd.png,905bcba9f80e1ece69c0458bb0bdf5893be73971f10fe8517957a1d456390a8c,1448,0,0,14.298521,4.6299067,-3.4065652,-8.890765,-5.950761
1457,train_images/bcb0498ed2c1.png,4d2695db2283eb0196261a5f10835f3f8bcb52717569cfd9a31fb5cefa23575f,1457,0,0,21.753971,6.1907654,1.1530843,-13.28051,-13.617394
1461,train_images/a963ac561580.png,5844132c51f622b91654a81d83d4b2b156547797c486ef482901bb60084406ea,1461,0,0,10.23978,-0.23549652,-3.6186473,-3.947054,-2.440749
1462,train_images/c6f5b5b5be41.png,175532d15bb15445210f049d17e929816cad080bddec6d4590950d717e3fa772,1462,0,0,12.789085,-1.2322102,-1.9092002,-6.9860563,-2.5107057
1464,train_images/071435a218ec.png,d58d447fd6f0d1f67837a229d97a25c301d42d8caa2029907fc62572b78541cc,1464,2,2,-15.786491,-8.970864,27.023783,2.832533,-8.881932
1471,train_images/8201cab8322d.png,d43a8440f252d196f5ede3054e9792ee86e97bd74afea396a7b740e7ba2625a6,1471,3,4,-9.837147,-4.944969,4.3545413,2.598177,5.025628
1478,train_images/3435fd8675a2.png,3b8dc01686905274c1cd3944b14e428267764e2b453a1295bac32bd10acd16a9,1478,3,3,-9.076557,-8.684525,-3.0444512,9.69478,9.193328
1486,train_images/d567a1a22d33.png,433e567384d685044f64956cfe6e0764d6f3e10c62e4beaf613da4c61d01ef73,1486,1,1,-2.99123,15.771095,1.5450981,-10.028449,-5.1142216
1492,train_images/eb1ad14dd281.png,a571231d7048b184a560711375e5c2014d032f8258a4b5e84d4dbf61765cea9f,1492,2,2,-13.358063,-0.98615646,11.290822,-3.5512667,3.686782
1499,train_images/b468ebf5cb11.png,543e8216a71fcfa648bf1db85050730385f6d913a4c6a13057455e276173ea89,1499,2,2,-11.58733,-8.486115,7.1083393,4.28512,6.167615
1501,train_images/94145d1f42cf.png,9e593d8af55edfbb3ec976e9704aa80c383962e326131b033bad7c119e11a7fa,1501,0,0,9.215159,-1.9481721,-3.6417093,-0.13475609,-3.5779612
1511,train_images/9b70f84400af.png,4787af2b63a9d9cd9f60637e59130da57290346c392ba6e04e679054be5e8336,1511,0,0,10.951299,1.8696432,-3.7779787,-6.330965,-2.3541625
1517,train_images/496155f71d0a.png,4d4ea272729d76d38b905285adaf0be8d0cd17734111ad40dac0bde6e849ffad,1517,0,0,13.101614,0.06734371,-3.2843611,-6.8898726,-2.7317417
1520,train_images/12e3f5f2cb17.png,433e567384d685044f64956cfe6e0764d6f3e10c62e4beaf613da4c61d01ef73,1486,1,1,-2.99123,15.771095,1.5450981,-10.028449,-5.1142216
1522,train_images/04aef84a2cc1.png,f29b614e934f0e8cb6090f32141b35de374dd12c2dd0e46fde4f272c854ed865,1522,0,0,8.456278,-1.749999,-3.8786237,-0.28605652,-2.7123482
1525,train_images/3f5b4c2948e8.png,e1a3e05bf865b1defffc0de47859ac1a35a24686eee6874c0de9be74bd3c8ad1,1525,2,2,-13.9599,11.958805,19.206036,-15.735876,-4.7752657
1528,train_images/1c4f3aa4df06.png,12daaa224668fd8bc004127e86acab8a131705550a148ef963e60d2d9163ad99,1528,4,2,-11.671474,-11.287366,20.33798,1.7720909,-1.9815814
1533,train_images/2cf18033da31.png,b368268e565c6bead77c97d5ae55ee8429fc059805496d29256644994fc8b7c9,1533,0,0,7.8621807,-1.1059694,-3.7599878,0.64810944,-3.8135102
1539,train_images/65e120143825.png,f12dedcf7782ce81e2185e7a48ba23b2ba8aa83f21dca906961ea204937d88db,1539,4,4,-12.474266,-2.7854195,3.5795438,1.9790058,6.9050083
1541,train_images/2a47e5b21791.png,39a182f087e9e5b2b156539a0f7e131c7910494d8e9ab979628773397990c9a3,1541,2,1,-2.4927807,15.64292,-3.2931874,-14.517643,3.7275758
1547,train_images/684dd88a0d49.png,3f39bfd9c853e35fbbcc2e279ccc41835d9cfb8f47a1ebdb42dd73064fd8df4f,1547,0,0,13.207778,2.6804428,-1.6646153,-11.150256,-2.696571
1549,train_images/44c869174e3a.png,0b1c67db462adede3ffa30af2ae17ba8835e2719999c332a1dd7b67dfba1b6b8,1549,2,2,-12.704849,-1.9770985,19.947428,-0.22607613,-8.186099
1557,train_images/4384fa687afa.png,7f5f7d59ccaad9245bc54b769291b20440d9a2d11a82605484855051169863e7,1557,2,2,-12.2104645,7.080105,11.08318,1.4444447,-9.549241
1562,train_images/fc898dfeb24f.png,f81074c25369bcf369fe740ff09407e1943f9178fc5ef6529113bcde8c666862,1562,0,0,10.037892,-3.4521065,-3.887824,0.6219654,-3.3484933
1572,train_images/83038ca49b6d.png,7c92944228879d7b59531e9ad00a99b21974b984c7c223ed4f7fbd127b813788,1572,0,0,11.00235,-0.42526817,-1.5727133,-6.5620146,-2.4484394
1576,train_images/1509d097b69a.png,ddee0f52f7aefbe08916b627e2caaca3db978e89f6668c571152395b55b146e8,1576,0,0,10.781899,0.6667061,-2.5865583,-6.21434,-2.604153
1582,train_images/78b3f819dcc5.png,2a718a5480e548c3a3127b19b981d47bb68af9208b6b0fe06c187f5bea5401ef,1582,4,4,-17.09718,-9.204883,0.6532618,8.746588,13.7400055
1588,train_images/358d2224de73.png,9f9410fb15c0f628dc0711278ae9801672ea72cfd596e166c7bbab94dfb8acff,1588,1,2,-14.170486,13.222443,18.753414,-10.417421,-10.184645
1594,train_images/b82dfa63a75f.png,8b4bd8eccff36971eea9798924742766140bfe1a18569288710156844d0133ee,1594,0,0,10.499132,-2.4546208,-4.1860275,-0.5018902,-3.2913773
1599,train_images/7ddcfcea7369.png,e8f85609e1377c60ed8c5ceb05ab91ae4bfad6ea81b318c86acdbc593b5eb514,1599,0,0,7.644041,-0.29921913,-3.3741062,-0.83636475,-3.2611225
1603,train_images/4b6cb0bcfd44.png,e605a9f32931aedfcb06bf38f609d377970389426754a927acc73e955cd479b4,1603,0,0,5.4296303,-2.3075027,-3.0105221,0.85549164,-1.508188
1606,train_images/1bea04b2bb2d.png,62df3dd5e5482d39d92c714b80ec4053d5abfe878725552480a9c5c76e858dd0,1606,2,2,-13.7154045,-6.0020704,17.41237,2.2997227,-3.082054
1612,train_images/6987804eb464.png,bda9d6de5454c615a56d5d1213ce0464ea2d4d7f64d6827a928c421786101840,1612,2,2,-15.695473,-12.530971,12.082814,7.7288265,4.8153715
1616,train_images/ca891d37a43c.png,8df6ecff0ab92a9bce692ce446b0c61adaa10efdab80c2b52593e34003859460,184,2,2,-9.176987,-1.0447874,7.7940917,-0.14615822,0.24066424
1619,train_images/276b14f72328.png,efa6a994d02fe8b3d1ca6fe2d45686c2d93062ac81c43472491e6ddc8ebbe746,1619,0,0,20.051928,-5.7467813,-1.4745607,-6.235182,-5.0511866
1625,train_images/abbb8791785e.png,9f1b3c196566d13d20bd67bc429c7517444bcd9693818fc48d546cf5b56a9b9f,1625,0,0,15.8493,-2.0247774,-3.619534,-7.1279926,-2.4813435
1629,train_images/486e852a3b4d.png,70c629fb8e24877e90e59852a0b4823bec6e977b231ec41cb1f92fd67571f723,1629,0,0,13.218772,4.495352,-3.9968572,-10.062548,-3.1535156
1633,train_images/780f9daaa24b.png,5666ce883e975d68922cf4b02ea69a8543abfabdb3689e276d04ef0a5a1440f0,1633,0,0,12.3577585,-0.67138195,-2.0967567,-6.318078,-3.0875242
1638,train_images/96793edb1003.png,d53da2552bce73e3fbca7d54ed1fa8b33bf1d6dec9aaf3b3ab5e93f4fa76a550,1638,0,0,7.195875,-2.4833245,1.3300145,-6.5003777,0.2913015
1648,train_images/949710bead24.png,fb764902ffd04c80be24a4478cffe22090cb53a75eb392828781e0d916b4890a,1648,0,0,6.27726,2.4717808,1.4056623,-4.7931337,-5.553406
1650,train_images/2cacdb0dffae.png,fe7c23e123a1095965ad37929d00ae5fc9240d138efb1623a89ddd09b9764467,1650,0,0,12.753846,0.53849983,-2.8747032,-6.7669706,-3.3088858
1657,train_images/8446826853d0.png,2f8071e2a344253ddd9fd784646738464115059910141e14202cd6e1956acd62,1657,2,2,-7.3937893,-2.2366347,7.273873,-4.45395,5.337948
1665,train_images/b842b43cb7fb.png,767fb44e22dd4236644d7f275ceef1a844fd6fde967a0f846d2d5e2d3afadefe,1665,0,0,6.204029,-1.0078821,-3.7447634,1.0745525,-2.842325
1669,train_images/7635921c5efb.png,2b8250d6c3d10447135bd0e87b535dc99e81ef0c6973d79ffd30286c5edd4df5,1669,0,0,10.84796,-3.0906973,-3.5509913,-0.3224945,-3.8092268
1673,train_images/ebd96d853918.png,18844e86c52e1df9993743b49fb9e401c9de9f6080fec0ae6f7bea28c7252071,1673,0,0,7.9536667,0.4667921,-2.2537827,-5.0127707,-1.3981693
1675,train_images/e229aca862c7.png,b4759238e167eff81a2abb051609f15960af5be7365dd91000660d2b0077f91f,1675,2,2,-13.966141,-9.537847,19.848293,7.783636,-7.355776
1681,train_images/7d8f67cadc29.png,be4de444902b21a458acb748e15985318bd62a278674cb451c161aaf81491b8a,1681,2,1,-12.346413,11.686245,10.681659,-18.333904,5.3095407
1683,train_images/1c4d87baaffc.png,cb66e86c28ab48f1884c067226847b34c2849713a3ea380fd6a638fc2582523c,1683,2,1,-6.7991276,8.974907,5.616562,-2.5302372,-6.65794
1688,train_images/4a693dd3921a.png,7552b54d93adbd7cd7271558baec7095789e29485b9068bf98f600fb0a0ba40a,1688,4,3,-13.568005,-7.8046637,3.1398885,10.092443,5.441498
1693,train_images/98f7136d2e7a.png,b0d4d28b889d397baf01efe5d67e5ba4029ab302a719e62b525c4964fb940e7b,1693,2,4,-10.897491,-4.6626253,5.547551,1.7312412,5.7438498
1697,train_images/5ca73d28f17f.png,c8c2c28a1dac8e1e2231c9f40eaa7417427d5e0d8a8154e75c960e2d521ddd66,1697,0,0,9.801373,-2.5735407,-3.7837646,-0.017313004,-3.4951456
1704,train_images/e07045d7c5f7.png,a3ec375b63b2938d9ef8c8a965ddb35d0e3b74186f100c48548e1d9f0b3bc6f4,1704,1,1,-8.239876,6.2001495,5.9136233,0.73489,-6.209792
1708,train_images/ed648b9bcd95.png,bf87b0f869c51b3657b7e5ce2ec13c2b45fefad70ecf0160ee1e5acfdf3527cb,1708,0,0,13.617548,6.4746647,-0.8152449,-12.171148,-6.5357723
1716,train_images/d8404680bba6.png,e1ec4760966ba84e0ffe89e6945e6ff441c887f12d2efb02dd8d5b1747b4a593,1716,2,3,-13.433506,-12.266171,10.207263,13.168999,-0.4788556
1722,train_images/1409ab48175a.png,b01d9e49af133811d05695584005ac99e322a4496e9de963d58c8b6e073121bb,1722,0,0,11.547518,-0.51504993,-2.096407,-7.0029154,-1.914808
1726,train_images/8cb6b0efaaac.png,6e75bc959bdb8b067e277bd45a668401e8b78125e73108c563291119b73939db,1726,2,2,-9.729912,0.29973888,8.3201275,1.4815617,-2.5805619
1728,train_images/6a2642131e4a.png,a26422a9768e2977598d283035cb721d9f20bd26b291adf876369158951f4be8,1728,0,0,12.113943,0.78015804,-2.4041479,-7.956419,-2.2939103
1734,train_images/2f42e20db938.png,66b6d0878d8a3992c210fb27c812f8dac723f26275a875bd89b48b241d754106,1734,3,3,-10.996098,-10.889108,4.092283,15.132109,0.22890306
1741,train_images/d1afdb8cf70d.png,dba3dccc1563a3ecfd7cb4e9a511f8a9f7920b9d8476afe2a10a15de9e4e31f5,1741,0,0,12.271948,1.9632473,-2.071648,-8.455965,-3.3896244
1742,train_images/d1fa0f744620.png,70cca9973c460a05538c62dcb647d501096fed02faeeea88bfca80f371ca6833,1742,0,0,8.859305,-1.2651892,-3.0785983,-0.15350342,-4.4761124
1748,train_images/5077cdb88aed.png,e2a7ac4e93f2e096769e9266d0ecf3476c197957d90cd8f97bdf6f0af91389e6,1748,0,0,12.553348,-0.9884882,-2.4465618,-6.3339663,-2.6439593
1753,train_images/675de69373f8.png,de3d194672ecda1136bdf8f7f7cce58abf805cbb3f59908cadc5a0a64522c5f9,1753,0,0,9.822174,-3.634799,-4.130485,0.9998226,-3.0135496
1759,train_images/956765d5f46d.png,d13f3770d81a02ce8e0272dbd919f4c4ea2d711464ed2459978690cb8cff4ca2,1759,0,0,14.459575,1.8769951,-2.8740132,-9.408004,-3.532893
1764,train_images/0fb1053285cf.png,a802a783e7534f053ba6fb206909fd76812a5db5e193a66510b37a6707696ecc,1764,1,1,-2.7294502,14.073372,1.034305,-13.028233,-0.5923469
1768,train_images/1943983492e5.png,4764fda95dd80c6dfeda1e5f9b3ea17492f6150fc9c65f637e5cfee1f1d5b48a,1768,2,2,-19.071297,1.2009077,17.524359,-10.55718,6.741338
1774,train_images/3601dac9bed7.png,117aaeed6bc3e70c0865ff60e3a5699a482b23054174368f86c2d6a248f5d76f,1774,0,0,26.125856,-1.9577208,-3.4295094,-10.65361,-7.6705494
1782,train_images/8ab8d9b3ce3f.png,277d6b8f1f646c7375f0b37e84734f33f5d6691aa06173a6af1c4a988c4b5b5e,1782,2,2,-8.724762,-6.4700136,21.636219,-2.211689,-6.7822037
1784,train_images/6baafa56895c.png,aac702f9ac4663b9738893992e9451ddf01cf193a862c6bf08359564bf25ade3,1784,3,2,-17.285809,-13.703912,20.061897,10.111574,-3.1257994
1790,train_images/093a42649c29.png,31bb620e4753ed960ba22602d75aa30b7ad08f91d9b637a38692f24fd5cf593d,1790,3,2,-13.76981,-3.0979395,11.535662,3.608965,-1.1103785
1797,train_images/a32886cb31ab.png,bf2719b61ef7d882e694a3fb7bd86022f122a8967d12b711708403ff2ce8d666,1797,1,1,-4.06036,6.1420307,-0.027743518,-2.8963242,-0.4213462
1800,train_images/0d0b8fc9ab5c.png,25b3bb51f7f93d68f635f5c1bf46b7945b8e0ba113a4bf9f1d239938afe20d95,1800,0,0,12.23599,-3.078549,-3.957934,-0.4154377,-4.513425
1804,train_images/5e52c9fe676f.png,348acf1b2809f9eff5692d3811d712b0576d420fe2a24f62a1966bd966807102,1804,2,2,-14.096577,-6.5701036,9.133658,8.273273,0.45793986
1807,train_images/42a850acd2ac.png,6e75bc959bdb8b067e277bd45a668401e8b78125e73108c563291119b73939db,1726,2,2,-9.729912,0.29973888,8.3201275,1.4815617,-2.5805619
1812,train_images/8114d6a160df.png,ff13b297e601f227f0c34e4dc85862ddb56b0771e977f227d6a13404fc9a1946,1812,1,1,-17.319977,8.68708,8.233832,1.1983109,-3.4140985
1815,train_images/f3b27ac2d371.png,23c2515dbb3dad274b7975aa51ecea89378a12d78bb23325ed42c7b9e92aeea4,1815,0,0,8.646129,0.93594646,-2.470962,-4.4037495,-2.8748891
1817,train_images/9c14ce27cbfc.png,682ab965693e0d508ad9a0d7024cedb5af527ddf12e244feb1fd17851bd12535,1817,0,0,10.3690405,-2.5570107,-3.9958444,-0.44466782,-3.3370397
1819,train_images/530d78467615.png,3b26186be5348381728f79c58fe26b0bb8b31f9588df7807eff5cd00ec1f1819,239,2,2,-21.62331,-11.187967,18.884493,6.6459675,2.8068042
1825,train_images/0b3efe669365.png,53fded270c0cf23457be2da38d5181f9d5f273bdba40a175e6e5454fd57a4a89,1825,0,0,6.3273315,-2.4192963,-2.8607638,0.841341,-2.235306
1830,train_images/bdb98063fe84.png,7ad222bf42b692606797cb14195250c9b4a77281643d5ca0277b1b83ba1ec0de,1830,2,2,-18.229553,-8.19106,11.598831,8.867729,2.0988657
1833,train_images/a01024054596.png,18de4ee563e2afcdef73481368e71dddbb0152719edfb26b2c2ef3663941ab54,1833,1,1,-0.47566032,4.0744524,-1.3190895,-3.0647125,-0.044525385
1840,train_images/17188c13e635.png,3fbf0480a1f80b05a5a311c6c57363b48cb35c1a4ff58c1bebf762c5895d8cc9,1840,2,2,-18.196445,2.7429266,13.517118,1.692339,-3.0156677
1843,train_images/75ed83dbccce.png,1b0a653bbd607bc155f84e79a4cce7cb0014fd78b7f23533ff452f2662b6808b,1843,0,0,11.2336645,3.1543188,-2.941311,-6.9065456,-4.238802
1854,train_images/58ccba7eec9c.png,b47e1ee76ce6d7d03bbc5bb35e0bb699df6dc436f7f8a7f44bdb3a9d25601c17,1854,1,2,-9.510151,14.220011,16.33579,-18.023842,-5.327588
1860,train_images/b6304c545f95.png,463490bde6419393c5850567e70871b17bce171d03588511cde83733f7c0336a,1860,2,2,-3.1953926,9.35363,12.174327,-9.295557,-10.197584
1865,train_images/103abbd8b63e.png,dd781b676215d252cc4798b191494bab094a756af788c8a356b31c821b287545,1865,0,0,7.8294735,-1.9803376,-3.0333433,0.04842758,-3.1552994
1871,train_images/40e9b5630438.png,f7b42e43e4e8cff395759bcc92fcb72b9e7768d178d8a3931bf0f2eeca264e80,1871,1,1,0.17430878,9.776522,1.5208535,-10.225658,-1.9270875
1876,train_images/9c893e16c055.png,0b92c9603e2c086b06d69cedebbaa8a3e5d816afe68f8a1d70308558e52031a7,1876,0,0,11.800662,0.25664902,-3.3660586,-6.0820293,-2.4263432
1884,train_images/8e63fc4ab532.png,9479cf7f20790f64eefa6bf6c5b0d3c137303010d4789dfc382a461c86426020,1884,2,2,-18.35043,-5.314838,13.626086,2.8320274,3.1234057
1888,train_images/384db24ebbd7.png,8e6cf02803e7a327aa98f060b7b5e63c9fc9342f8cf50f37d20632258847adf8,1888,0,0,9.792682,-1.460763,-1.2289144,-6.303789,-0.9425297
1890,train_images/135575dc57c9.png,15f09e0ce997d66519f8b453577944e7e657db2f53903d07b3814e9e485cb6a9,1890,2,4,-7.325987,-3.8733168,2.4214783,3.0328732,3.6108932
1895,train_images/94ef1d14597f.png,f67eb147373245d2424e616d16ef233255f545d2a8d4282f1d38a78786ed307a,1895,4,2,-17.024319,-4.750969,21.455606,0.61985016,-3.954425
1898,train_images/61da799bf0aa.png,1e26c0af8d9edfd1e880519fdbcf16d3883d790e126028e0c267112877dfbc90,1898,0,0,8.421108,7.3067417,-2.8023176,-6.5277567,-5.739704
1904,train_images/002c21358ce6.png,19a35479c6c134c7b930b7830b8fe8ac4ad489e809be322f1e37f2efadde0b57,1904,0,0,13.571092,-0.07659531,-2.482798,-7.7187185,-3.0063012
1907,train_images/e04f3c6619a3.png,2d153379f2e0af5f51c172a460678ad90f7c6ac3c9fc22c482855b4568793e99,1907,0,0,15.118867,-0.4222088,-2.0423062,-8.677618,-3.4815667
1914,train_images/17eb5d4ad740.png,50bf8fdedd0ae7f558c7fc5fb81cd87986cda4429ac0da206fe6def2bf13bc1e,1914,2,3,-12.915249,-9.9756,9.918461,10.150852,0.040469408
1917,train_images/c0e15e8e2b46.png,9dccf7d242197e193c01e696ffaa457edf069c4a9e2de76a0964ec4147682310,1917,1,1,0.04796219,17.444866,3.2805874,-12.348018,-8.757963
1923,train_images/67ed8cc78b97.png,26fbe7605d68568cd74631642e476b80e2ac5a644d55b711398007c7386aebde,1923,0,0,8.968969,-1.8651214,-3.6690063,0.80166817,-4.2962427
1932,train_images/664b1f9a2087.png,43c464a9ae093b03899bc98fcd84894496f3784f896c0010d8556d2318c3da8f,1932,4,2,-16.2229,-9.482592,15.335894,5.060589,1.6384519
1935,train_images/a9a3225cf4b5.png,925cd1357b706962ecb1d96b1e0ad58f456cccb08ba95f827c6b24c91ba1358d,1935,0,0,11.233514,1.0467663,-1.8214564,-7.340273,-3.0995085
1940,train_images/ad6b07d5c338.png,a7ea9a6c5469edb0341a8b7f19e51608c799edca6777093410f649390b58278f,1940,0,0,6.773958,-1.8111401,-3.1348877,0.5738888,-2.7337382
1949,train_images/e7a7187066ad.png,50030ec7d40919ba8ae7ecf7cc145950f1cea65f54da0ed9630dfd3b31c9a026,1949,2,2,-17.967041,-2.7336617,21.454151,-4.490942,-0.09888673
1950,train_images/e77a93c3d9a9.png,eb5ca55bfc92b8590513a6bba5196299aa503e6a5e2b85a93a9c80f21ed75e2c,1950,0,0,18.167797,-0.08801651,-2.392266,-7.235404,-7.058385
1957,train_images/02358b47ea89.png,987fc6b9d1f930be38f3ac35d9e34b5e7273f22d0a1852e5f0660451965fe3ee,1957,0,0,13.355058,2.918707,-1.5980191,-5.887476,-7.910039
1961,train_images/93a1b984de84.png,fe4c75ebf284a3cbd8ad6c2f6013ae65441464e6d49d8ccbb0334cc019e28e77,1961,0,0,13.822843,2.117136,-2.2981246,-8.710831,-4.3473206
1967,train_images/702de9dcde32.png,020f8b19029b2ea137e0a35a49f0f82b393c3241b85f19a2a538fd48943ca127,1967,4,4,-11.384369,-5.3691196,0.021809429,4.3766937,9.675764
1972,train_images/a804cef3e51f.png,d45022ac4411bf7534a52f8cbf07048c5596b0386b5e2d50b44e895879e7e20b,1972,2,1,-14.863487,16.560932,7.0554276,-16.244352,4.486601
1975,train_images/bc23f74e14dd.png,bcf83579589cb0b4d8445e35da319c20c1f0518ba9f35753aa198c6511c51d12,1975,2,1,-11.85746,18.724596,5.030816,-5.7551737,-7.478401
1983,train_images/09662e462531.png,7320d51b3058abc6e92bd4a72b8e4695c7f9dd22a840676ffa7aaf393b495738,1983,0,0,20.336502,3.8189096,-3.1569853,-10.596537,-8.703638
1987,train_images/f35d80bb1a22.png,ee817cab46238f40859ef64dd9e09870c736381bb3a30a7a44e6d11acfb96306,1987,0,0,11.685407,1.5510607,-2.9185512,-7.0645485,-3.028672
1989,train_images/91f3c4c1e72b.png,f0a5c7c68228f914e91d5bd24456a668824585416af22f07a8e3e92fa8e9fd61,1989,0,0,11.67483,3.2475529,-2.4332159,-11.666427,0.112932205
1992,train_images/da8900ac7f29.png,3206f0001f8cf6af9abb679ca60733a20c8754c003b592a9919aa3e07b7a8aa4,1992,2,2,-17.74377,-11.174604,11.519218,7.03405,6.625923
2000,train_images/4fd5ec0dca09.png,fcf7f0b60167b2fc4a17cafed5e80fd2923319cc9d6812de79c2ab4ccf0b1381,2000,0,0,9.922713,-2.2164164,-3.10305,-0.34837532,-4.185301
2003,train_images/98441214557f.png,4822064624b73b48fd0e423aa750a03965337986d0b9d8fe8db4c996aad52942,2003,0,0,10.381095,0.9710293,-2.4280398,-6.734336,-2.1505587
2009,train_images/8a482c024fc2.png,fe9e08ec803d43b3e7e47101d67cc08d98b4ae0b846012a8b5dabbdb1596657e,2009,0,0,13.478758,-0.303977,-2.0902448,-7.848283,-2.8519843
2013,train_images/80d24897669f.png,d65627c6f3f09ba99b4c1a4780bea37c77b628122177db50d39e7b5e110598a0,2013,1,1,0.10785675,6.3469543,-1.1940693,-5.7100697,-0.3386352
2021,train_images/a28bfb772f50.png,8f564f846df28dd6953dee41084f45382f1e9a2e2f378a74e1dd6a3a960e67b1,2021,1,2,-14.544014,12.448616,18.431112,-18.055645,-1.2201207
2026,train_images/3c311c9109b0.png,e435a26843e070be0eaf589a2b03b932e72e247709b31b364137472308fd8598,2026,2,2,-19.011337,1.06252,20.563608,8.310211,-14.249574
2032,train_images/10f6ef37fe43.png,6e564dce572adb1864963f712e8ea3724489895b24186c6f66a3df5dc2a47283,2032,0,0,12.182672,1.2294941,-2.5564423,-7.29624,-3.40367
2037,train_images/8dafa62f9322.png,d523ef4b9f0db020dc242336b470cf9e3a5b6437af8503ef0d5379b78670c7ab,2037,0,0,10.855035,-0.38958073,-2.504122,-5.875696,-2.0768201
2043,train_images/bc34f52c37c7.png,ea86c2d5f96674b3163ef358f7aa51d1c289cf827bbc0ee387bf49f40457d6b2,2043,0,0,6.9048576,-1.5282855,-3.4264443,0.5858593,-2.8882349
2049,train_images/f4d3169b468a.png,86b7834f761da63c54234ee6edcdb803abc2bd0f9a27608ef42794cdfea561a3,2049,0,0,11.282804,0.2844143,-2.7379138,-4.9653864,-3.737056
2058,train_images/36a1e3c780a0.png,44d7a80b4132446d47264938c664cf52a2b5fcebf42af5d86a5c87889f4eb03a,2058,2,2,-9.898945,2.9165888,11.563737,4.004421,-10.476821
2061,train_images/e17507a4a1f5.png,8737f823af4a87b45272d007035f6cb65b189a2b18d62f2ec2891feee4bff0db,2061,2,2,-17.022892,7.6640396,22.672657,-4.5027018,-12.268182
2067,train_images/155e2df6bfcf.png,bb50ade4b2929fc1c1a035535a4902b175bf37bc80f2174538b0c5a068eb2670,2067,0,0,11.519017,1.4164791,-1.9943349,-7.0506897,-3.7338169
2073,train_images/31360e44ac64.png,c9eec40cde86ad5e983ab1d2b343edd8c3cbc90968ddcbd8e8acfa588985066e,2073,0,0,14.038614,4.9421377,-4.6410484,-4.6526413,-8.374981
2074,train_images/6e1db8711879.png,40f21c81a10b1f5ae005e2ac875861371c773852e1711809d1f43089c438d1cb,2074,0,0,10.389118,-2.3204885,-3.8562326,-1.5990009,-2.453736
2081,train_images/bf8092e4001d.png,e35fee4da08b88878030db86663733ff15131a71aa174e150956403033623e79,2081,3,3,-7.815769,-5.3278646,-0.4981253,7.94042,3.5407848
2084,train_images/f4ea2a2cfbb9.png,e8ece84cb8348682411a71fbfb64d47fd6378094e61c230ac86493dda66a5b63,2084,0,0,11.631076,-0.5402527,-2.0340843,-6.3726807,-2.5973456
2088,train_images/f1d719c97838.png,418b69eca7730d6981eb3d1e4f4a10c9b2ed9bb4a65f99bcb427531efe5aa975,2088,0,0,12.498641,-0.47142124,-2.7315419,-5.938448,-3.1738484
2090,train_images/bfb578c0e8d8.png,7e263c485bb22f6ed331a1f935b586b39c35e609eb79a8c674fe8728d8c1272f,2090,0,0,26.031233,-0.9776201,-2.9852638,-8.461401,-11.124683
2100,train_images/ed2c52c14493.png,71f3ec06eaf074032fbe13acd835a969278355f776c57bda20e07c5214b22641,2100,0,0,9.13288,-0.37330055,-1.711762,-4.7799797,-2.3761446
2101,train_images/dd19428c3d29.png,ed1fbe73fd68998e1b18ea926b7cfc51ee06aaef47e42134433cd94d51949c60,2101,1,1,-3.161581,6.2756577,3.2734516,-7.51966,-0.13442707
2108,train_images/5c7ab966a3ee.png,7568c7ab66998711ca84673688ce37a0c57dd83a817fd9a93b0ccc02567c2ba0,2108,4,4,-9.465191,-7.0921245,-1.1464945,4.018694,11.477061
2115,train_images/61bbe8db6f3a.png,d7b8977db8dd00035303bf68ac147a3c6b26d5a6c4c7efd76711dc9675648a9b,2115,1,1,5.364805,9.690113,-3.0095448,-7.522359,-4.333704
2118,train_images/7f0ffeb0a333.png,376ee248d5def66348f4c31a12730afd0328bea4457836423a7e88a6e9d7bd5d,2118,0,0,16.472515,-2.4092174,-1.7352445,-5.3723946,-5.7757835
2125,train_images/e599151ca14b.png,39fbe9758d4b6920e041d3841c6be71d61834ac96a433360b724f960142b0c7e,2125,2,3,-13.372082,-9.666587,7.1938787,13.125652,0.1356926
2132,train_images/971bb98ab935.png,dfb0463d45139c56c9bf7364e3a2423edf8dd216576b9b0eb5c177200e9987c3,2132,0,0,8.855889,-4.822897,-2.9577398,0.48682022,-1.7559574
2135,train_images/2a3378bcfbcc.png,a4105fa5521fc23ce58fc3140639299dd5a396e09067b100c431ddf63f210005,2135,2,2,-8.287849,-1.306972,4.2587085,1.8941479,1.3899801
2139,train_images/5b32ece9c627.png,5d8056f056c18dc0c7aaeb73cfa9e0695cf695d093bf74d7d239f0ae26721976,2139,0,0,12.662849,1.4595785,-2.437843,-7.724126,-3.6547172
2148,train_images/d8da9de62743.png,91d323bb6a3e63020ad5a8701f37dc26227aeeeeb1a02d3cb916d88868c90a47,2148,0,0,18.10324,1.173975,-1.8827989,-10.98868,-5.3553257
2159,train_images/6c4ec95dd8ba.png,bd0d4240ee98843f6c602cc50aca27a0495c0aaa8a490f0c0d1c8487dc395c82,2159,0,0,13.965285,-4.341373,-1.1724085,0.5487919,-7.9047823
2162,train_images/6fbaaf8eb67a.png,cd06913d54ae6c1f03531172f56cb38d29b8bb369d03f6ae1fdcf1f813934273,2162,0,0,11.652983,5.652382,-3.3424675,-12.240333,-1.6170633
2168,train_images/c6a2975228af.png,4a0c27d20fa4bd0efaee32a0e95072b0f39e624280a6a5157e28cbb53499346b,2168,2,3,-8.994026,-11.055999,0.850049,15.852613,1.054989
2173,train_images/76e5b50f95a7.png,b50afc3a5403141fc3ae8258814137bd0dd6a75fbfa58bbbef08fac92bb43609,2173,0,0,11.758211,-1.4223442,-0.3260814,-7.746888,-2.0301344
2176,train_images/c12e9ca420a5.png,79bdace916af941eb2767525947113d1127a8531ba5911aee03fcecb6ec86909,2176,0,0,6.214939,-3.8664885,-2.171274,1.7894783,-2.3624742
2179,train_images/cd66754e1b3b.png,becf460f9c01790f3cb55ea839b2e073122d28fe3af24efef54beef7f1bc6f4e,2179,0,0,11.805859,-3.028596,-4.0953646,0.15301704,-4.5851974
2181,train_images/6e92b1c5ac8e.png,07086880d7671ed61012937727224700294593d3a449a03569a63016289afd49,1247,3,2,-14.104706,-10.103317,18.192556,6.719944,-3.875798
2184,train_images/2399d68d407f.png,d56bbdebd7089dd1abda0960fa2787fc80e446f9ae0da8052d468e946ff03abb,2184,0,0,10.38982,-1.8533568,-2.2638721,-1.5372448,-4.7091866
2191,train_images/7828dd083cdc.png,6ec66df140307b49604946796f6be4557b97b955cda74a0baea00061107e0daa,2191,0,0,10.578538,-1.9516697,-0.6794647,-5.2738695,-2.5540664
2195,train_images/86410aa13b3e.png,c78537822e715ef814ce25c57536df6cf1ff929ed0f7390807cf04ed4de07570,2195,0,0,12.925822,0.8509321,-3.1383355,-7.696827,-2.701556
2201,train_images/374535e0adb8.png,c3f1d8393129357b5ba6e72f0166232f7cb8faf5291ba2b2e4b70eb66788db5b,2201,4,2,-8.519268,-7.078955,10.560369,4.105095,-1.474119
2210,train_images/8a7765e785fb.png,cfef9fb7bd6f5e6562988a7ecb49ed06c0cbbb27f8321bc54f0f2917e6c70468,2210,0,0,10.092646,-2.3189926,-3.7742279,-0.40329552,-3.65853
2215,train_images/51e656e5a541.png,bbb939afd2567501390c2009dc8e599d5a6210d77d087bf0791eeb0b0f06ab62,2215,0,0,7.481659,-1.8398662,-3.6506908,0.35393143,-2.669572
2219,train_images/b0f0fa677d5f.png,ef88a839c9cc1da5c8d229a7493326a39e5c08944fbf86d0264adbad6881526d,2219,0,0,11.266485,-0.18086052,-2.0158749,-6.74669,-2.2054508
2223,train_images/0182152c50de.png,39176e0df5b89f9052c08be28e87e149986198a3af65c43af9a2345e032e4589,2223,0,0,11.77116,1.5985746,-2.7228007,-7.1582727,-3.294535
2226,train_images/aafb0c944f14.png,2418d26dbc95b17ee87f5bfc0a02c240e80e6555dccae0157aa8bf106cf2140a,2226,0,0,13.496231,0.3909788,-2.605364,-7.8634415,-3.0095794
2232,train_images/0b00f8a77510.png,ff7d4d3c04c9a8a74cc24618470ec6e35ca27f7aa658d7531f0351498c7bae4b,2232,0,0,10.659455,-0.29668236,-1.4806141,-6.2986946,-2.3041995
2235,train_images/6733544ae7a6.png,902ead0bd5e2c5caa56efcc562f4d3226d5b740fa89fc1dd475018af7f907d51,2235,2,2,-12.40551,-8.446505,18.425556,9.076206,-9.746239
2244,train_images/0851d6a69589.png,b0a04d01c7bab87782ce46424a1e36380d15e722723e5fb23321c928d5ed33e2,2244,0,0,6.852421,1.3602257,-1.1116638,-5.9248743,-1.6286557
2246,train_images/72606afaf3da.png,e4c8fcb73dfefe34d7682b6e7b64d8088b34602f34f80daccd0bdd813d5bc7ff,2246,0,0,8.642615,-2.228819,-4.029941,0.79174995,-3.2763011
2255,train_images/8ef2eb8c51c4.png,2f8071e2a344253ddd9fd784646738464115059910141e14202cd6e1956acd62,1657,1,2,-7.3937893,-2.2366347,7.273873,-4.45395,5.337948
2256,train_images/2408799a09b2.png,205357ed43ed45c11c9c7f51a5fce039bd447deb6a4372bfebaef50a556266ca,2256,0,0,13.605949,0.4711342,-2.0962164,-8.229494,-3.441294
2259,train_images/710b05a96e0f.png,c692a701b406677649dddcad57dc4056048c9d2eeb5448149d0e9b8efd8aae3e,2259,4,4,-13.157642,-3.0635462,0.889765,-4.6620655,17.117876
2266,train_images/e821c1b6417a.png,a64c7f7d010cc33918206e84274c454edee4daa06ca2bb87f4056a8788848bad,2266,4,2,-7.6074867,-3.3326597,7.4216824,-0.9697628,2.6309657
2267,train_images/ad570b850a4f.png,3710bca81e16bc4cfc479dec6ae5442542dc4d98e3522f058c77cb7afc6500ca,2267,2,1,-10.927521,6.3945894,4.076576,-5.532695,4.0362854
2274,train_images/2974c6ad1d58.png,e57746139045bda6beecdb616d55a8d7e4615b3947f0ba839195124ed495905f,2274,0,0,13.85576,-0.44225788,-2.7003708,-7.410424,-2.9543035
2281,train_images/fb767cea406c.png,5f67ab4b66a7191235479bd9725dfae8292b27b1672a9d1583d4fe964e489961,2281,0,0,11.584867,3.7033072,-3.0843608,-10.075062,-1.870794
2286,train_images/9fefe2b44795.png,a1f7aedb15523edb9a72d3ece508401e48f33aae1ca72b13c96162c2d14ad6b0,2286,3,2,-19.164833,-10.812077,16.506174,8.997591,0.6646364
2293,train_images/5c6194562ed2.png,2067af50829ed9c3adf9ea020318dc7fd250f705e97d70f73eeb2b3e48ee91a1,2293,2,1,-6.614622,14.57284,7.9759526,-12.47941,-4.9604645
2298,train_images/d57d1be1bbd1.png,ba541eb808f6e6a328e887607e9a6e973a103dfb2bf5a7d798e7b04a1f8d90ff,2298,0,0,9.089793,4.692645,-2.6357987,-5.295002,-5.451565
2301,train_images/e740af6ac6ea.png,b0d4d28b889d397baf01efe5d67e5ba4029ab302a719e62b525c4964fb940e7b,1693,4,4,-10.897491,-4.6626253,5.547551,1.7312412,5.7438498
2302,train_images/874f8c1929f6.png,e0f121f6591183f4c2a2af7cc0bb3eb877936a801e31a580790ddbdf8212c767,2302,0,0,10.307317,-1.1310482,-1.049982,-7.520441,-0.7875538
2306,train_images/944a233fbf8e.png,cf4774308a31235337cd0a326dfb694365deaca03fc07fafed86bd352a96e8e1,2306,1,1,-5.570915,8.256809,1.2735376,-6.9323826,1.560523
2308,train_images/0161338f53cc.png,e00a95f1bd202fe395d509b23c635c75e87f0d66f5b7610149c92ba3e030ccb3,2308,2,2,-15.2395935,-0.5158777,14.768615,-3.453495,0.90640306
2313,train_images/253e96488cfb.png,8893dc9a7d66cba45d9fb4c7e24edb0b77a97a08a236b600a46962a7b9be6094,2313,0,1,7.7077255,15.524862,0.31143162,-14.534509,-8.546424
2316,train_images/a2ddabee14e9.png,8c51975103ab5b1150e4100bdf96f870d69f66153c30ecb3ff43f11bd4914ef9,2316,4,4,-9.168507,1.6806927,2.0481641,-4.959837,7.9488907
2322,train_images/4dc2211a1c31.png,5c1c0d4102200c23ba7bd0c8a4abf9890d88cfaa437d184a3fc356b93bf66fd6,2322,4,4,-4.9387455,-3.2271514,-3.7410865,1.2954178,8.90808
2330,train_images/3b58b02c89ed.png,10b2b2cf3b794264deeb9438c2a79508180be3df16bd2e4dc7013fed32babdfd,2330,2,3,-14.197926,-10.974403,7.4383187,7.4852047,7.047467
2333,train_images/58c12863f33d.png,54339e45db9c8694cd96a435dba92cb1c25086b48761c75dbe6376467fd75988,2333,0,0,11.633607,0.12814426,-2.6992028,-5.6084766,-3.3282511
2341,train_images/4393c5bc576a.png,710b254e55d4078ed04a240bcf1be963a428adc546c7f60c1d9b6ecc0caa13fa,2341,1,2,-4.093363,2.4531116,3.882057,0.63957787,-4.311657
2346,train_images/0bf37ca3156a.png,c21eef04f3a8798afdd178d3c690115bc0e2a3b97ad0f5fcb8080b211cfe3f7c,2346,4,4,-17.24084,-7.9827895,2.941393,5.4832478,13.257159
2356,train_images/a04fb36db784.png,c6ce210915ae56bfcd338fd3b12d28e20ec0159072d82fd7b39cd1c31a53f5dc,2356,2,2,-11.017208,9.403923,12.728299,-3.57518,-9.933146
2358,train_images/6e68e742f5bc.png,c48386ee75dcbf73d6ed60039a56bb8af3a584f0c20faf3f493f22a3720bb5a4,2358,2,1,-10.594631,12.336828,5.497185,-6.7163544,-2.7251127
2366,train_images/5a03fe3ed15c.png,df455a9ceb336871db162c6cdd92bf62f48dc49d40a8138840147cb6dbb564c2,2366,2,2,-8.009785,-3.123209,10.534392,-1.5777302,0.101551056
2371,train_images/94dcb491143f.png,bc776e85c45745ef9814c1e07406213517e7542be7f4e7c68b5b2d8abefc6b6d,2371,2,2,-14.356964,-4.7035995,19.32665,2.8382034,-6.194192
2379,train_images/aa8a1e814811.png,7943a89ecbb2ecec24b32d59f615bb1312031988daa5b81df3c39e6d982195f2,2379,0,0,10.14004,0.17361927,-1.7547228,-6.0442705,-2.489958
2382,train_images/453a1e2754b2.png,1be0fb99b4af6e841695038c90e7f46373c41987437b43ed00f0b2c2e43190c9,2382,2,1,-3.1818695,4.9737206,1.264945,-4.1486397,-0.18203354
2387,train_images/2cceb07ff706.png,6999ab73db13c01367ae204b0f29c22e17c9e31033408ef149683186e207fec5,877,2,4,-5.07502,1.1147709,1.4746037,-1.5040607,2.2859874
2394,train_images/e6a6acf7fca1.png,15333cc512e4e1c699a7db82fb7cd9eab334b31272a66598a542af3c9e09b82b,2394,2,1,-4.623266,15.340763,12.222305,-16.254423,-8.124353
2398,train_images/6630f8675a97.png,c13c5f799ad94b985a21c31e147e3ad0e80602df2ec5c0cd3ea2e8a459505571,2398,4,3,-13.370758,-5.3492384,1.4610025,8.041729,6.5950255
2399,train_images/fea14b3d44b0.png,d65627c6f3f09ba99b4c1a4780bea37c77b628122177db50d39e7b5e110598a0,2013,1,1,0.10785675,6.3469543,-1.1940693,-5.7100697,-0.3386352
2403,train_images/239f2c348ea4.png,6d0b2dec3318f8aaaf26b229f197aefa1a58a510f3dc7fb08d11ddd7a134bf7e,2403,2,2,-9.920338,-5.111805,15.571657,1.2084408,-4.560994
2406,train_images/8fbb2ca39911.png,f3ca5002fed1be83ab6ac161fbc36ccaa8acb0682e44ed84714497996c1d456e,2406,0,0,10.791874,-2.2349076,-1.8533756,-3.1591787,-3.486243
2414,train_images/51d574513bcb.png,3d7c2f21eff20cfb1e953f3f2a0961c16ee9fb48b462fa935fd9d5e958bff44a,2414,2,2,-10.163086,0.91219044,12.419893,-5.2835636,-0.57031703
2419,train_images/1c9521878baf.png,a2e71355dbd8bc944b5907cafd9a54e408fec21d3852b450fde52135a32e29f1,2419,3,3,-14.736069,-12.673893,8.557572,13.409241,2.3463118
2426,train_images/c6a145742708.png,b09a7072d43734b129210c6dd1ea19255665006295c3bbdbc89e2d88c0194648,2426,4,2,-16.713894,-4.249882,10.507664,-1.2217693,8.107583
2429,train_images/a30a143a53a3.png,7a67429a5131d6ff43e384340addcb97fac7ad9939d289ee3c1a60ec898e80f0,2429,0,0,13.023422,-0.0059490204,-2.3262575,-6.930809,-3.2836397
2430,train_images/196e6a186452.png,3aed027e0264e8c766943454c555abfca5f0cbf4544efad3ae6b6511860cd814,2430,2,2,-17.464893,-4.45622,13.211214,7.6497517,-2.3831012
2436,train_images/3428230bf1bd.png,57806a61b48897c1f48d9dc2615c910eb065763058b614c93ad4709175495e93,2436,2,2,-17.023216,-7.2534986,7.52105,7.2186966,6.0924454
2443,train_images/aebe87a423c8.png,da7e8b8ae96fbabe15a80f9fa7e59aa67815e1e6eb071472604d74330bf9b111,2443,0,0,5.5081654,-3.506002,-2.1753433,2.4883766,-2.96888
2444,train_images/d66b6f333dc7.png,20de3d136126fe63ed950e3870ea228ca09b41439ab301c81cdd1160e71bdb87,2444,1,1,-6.300215,10.245359,5.8769927,-12.40399,0.6950698
2445,train_images/812d5adafaf2.png,6f71d76463022abe1a9db4db25a4309fb983af293573dcbd62bf8b8062e50c0d,2445,2,1,-10.610664,12.934628,1.9256024,-6.195734,0.09352684
2452,train_images/d1ca85af57c9.png,3e0943eeb0f57ff0d9002bd134f011789a826e306d320e670a81c858a5006ac0,2452,0,0,14.963053,-0.7083931,-2.5673532,-8.196298,-2.992154
2455,train_images/1269ab57c2e6.png,d8eadea5cbe58c643ba71d787f020969df3059c27dcb81af9f7a04dc5cf848d0,2455,2,1,-3.3011627,26.322231,5.9737926,-21.800812,-8.311219
2459,train_images/4b422b48d0d4.png,63c47588cf8ab9732aa3265334cbd6da4156b706a447556c887d218887560879,2459,2,2,-15.471138,-7.93229,12.246548,10.423883,-2.5629714
2462,train_images/a06e5ac695ce.png,1e5e0c518c16145944c838aafd7609194673726d631f4b29f3b89b65f3da530d,2462,0,0,6.750822,-2.4069047,-3.6908467,1.299572,-2.3351414
2466,train_images/cac40227d3b2.png,e00a95f1bd202fe395d509b23c635c75e87f0d66f5b7610149c92ba3e030ccb3,2308,2,2,-15.2395935,-0.5158777,14.768615,-3.453495,0.90640306
2473,train_images/565f3404f9b2.png,343396257fddcb0c92e67250546a89939c5cfc21527ad36a2e7b685b29b71844,2473,0,0,10.947697,-0.15028,-2.2862825,-6.1980543,-2.233515
2479,train_images/63363410389a.png,a4ce448d0b8f208c77342fd03bf5f39327e903103ab56123cb9f071532f455d6,2479,1,1,-3.0875492,8.552513,-1.2865045,-6.0806036,0.6841421
2486,train_images/9ce46d400cd6.png,be953c25e11d4b0c0dcc50cbdbfba1093a67ee74a3e2c22b9f61ec4922500b5a,2486,0,0,11.771885,0.46946335,-2.196626,-7.1312428,-2.6387994
2489,train_images/da9262d9f5d9.png,e53e778fa6d0b6cb2d8106c5a8d00e40ee1b7b76a8f02b2e80f638b6f33cae16,2489,0,0,15.794722,0.58357525,-3.1568172,-9.957938,-2.714204
2497,train_images/aea59ebec445.png,97c3087aaa80c5554b37acc7d4177a4551cdeb1189c30817dd100ed625510dda,2497,3,4,-14.174778,-10.93964,3.8124006,5.1520386,13.048059
2501,train_images/2585bbc91909.png,0b79f5a7acb94aac6f4aac4590fdc74673eb4c072484f7ae0b4240f5fd886370,2501,0,0,6.2268887,-0.76654434,-3.7793763,-0.6767082,-1.396528
2502,train_images/144b01e7b993.png,d9693f423433ba9af946e90eb9c4ef4ca1437c9be236e3087d8decee8a86835f,356,2,2,-9.968185,-5.2739058,5.531943,4.300102,3.1436164
2509,train_images/9dab2e6ba44b.png,029e6c9bc4d0a1ce1651b567eb79fc5249a7e10198f0c8f512390cb86e3b7298,2509,2,2,-21.60199,6.6602116,23.063498,-7.176634,-5.054388
2510,train_images/3b018e8b7303.png,9be730d753778ce1cf6ea0bd3d04d8c15886f14479bf5563c31a31ddad586bda,149,3,2,-10.558491,-0.45848942,17.395918,5.008457,-13.611562
2512,train_images/9f935fb38440.png,7f9493e9813c4c4dae992e2c16f48bc7a2da92837f148087c22e6abdfbc7f3a1,2512,0,0,9.421295,-2.3504715,-4.577857,0.34003067,-2.8361704
2514,train_images/77a9538b8362.png,f7b42e43e4e8cff395759bcc92fcb72b9e7768d178d8a3931bf0f2eeca264e80,1871,1,1,0.17430878,9.776522,1.5208535,-10.225658,-1.9270875
2520,train_images/03a7f4a5786f.png,e9b48aa4e591398e31a6092e5b072e2111cdce41a39681fd3acc5452a9752d46,2520,4,1,-3.749857,11.012051,-1.7199436,-2.481162,-3.7631881
2525,train_images/c5ad60521f8c.png,2904ea3440968f94244d8f9b567160bef53b442083a0e3424e15b73de42a2f9b,2525,2,2,-6.3111515,1.0220804,6.2420273,-1.2739086,-1.4695666
2527,train_images/0180bfa26c0b.png,db109bf7ac8cce776b3b67fdaac05526b3356d6c2915ba80daa9b53859916ab0,2527,2,2,-20.838192,-7.996525,21.052713,-1.1105175,4.6135845
2530,train_images/78937523f7a8.png,66c3f988307dd066d583872f7cc792a5ea95062e9a7121f927b4e444788b849e,2530,0,0,13.693481,0.020364761,-4.193158,-2.5645075,-6.3124275
2539,train_images/05e9126dfa5c.png,23cb8b68e955d4589b52ace5dc8babfa55d902e79dff3d1d2b67fa9a8b0fc455,2539,0,0,13.271067,1.0975742,-1.8898367,-7.7273645,-4.3895597
2544,train_images/f4de9620e3f2.png,374d36e9a14966fe6e1dbc79946bfb0f11cde11ad6ab86373b943c2bab0fb905,2544,0,0,11.657816,3.364089,-1.2148577,-8.558781,-4.6287613
2551,train_images/dd110d2b8c21.png,242e16205ef7c4cbccf038ff204242f296772742c44971cad5cd2f07de345646,2551,2,2,-15.139927,-10.665437,16.709934,4.6602135,0.7991326
2555,train_images/65dda202653d.png,253728345a76463870ed77867ddf5625a9eda0b07ba517459032a34816a0b789,2555,0,0,13.887943,8.030176,6.586083,-12.009428,-14.602574
2562,train_images/00f6c1be5a33.png,0cf6f915f26f896e9c5122328d94839c5af797809bcb252ff6420eb81abd5614,2562,0,0,10.8980255,-0.9309797,1.9433222,-6.3318367,-5.499299
2563,train_images/0151781fe50b.png,38243b28367c7542152ce418d0ed9dbe282a56a8a1549199c39ffc594e4d63e4,2563,0,0,7.267517,-1.3795686,-3.441113,0.5072346,-3.1788366
2571,train_images/0b64a0a06f9a.png,a7eba3811fe1e29c2a9e4ffab0d14dc37344251f960af3cf50f79f34c02aa8f8,2571,0,0,9.592364,2.3289318,-2.4002404,-6.9228754,-2.5023644
2580,train_images/10de500cf0c5.png,daeb69e832bac8b081b0fc817fd0b10b8af7eff07883da17180a504f10561346,2580,0,0,10.941483,-2.8609576,-4.130493,-0.17646217,-3.6632311
2582,train_images/12ae44be0d38.png,5bc779204e7b6b0ccb4564943f030892f52cf9f631a1973a400572fe52c87cde,2582,0,0,5.2640057,0.13075733,-1.2142154,-5.120595,0.33454394
2584,train_images/13d411c85ffd.png,1aeac068cc13f2fd28aa29cb9d94a5d20ce0994732899dac1c15b728153b2a0a,2584,0,0,7.6388397,-0.95665646,-1.7272843,-4.8917065,-0.4301436
2592,train_images/1a0dbc6c0cda.png,fef6206e619a8a22618394c7a4a6397092ed878aa82bb06308a492c71a75da81,2592,0,0,12.80461,-3.4743152,2.1096194,-7.2676897,-3.9498475
2593,train_images/1da4a17c18c9.png,ff14591d5c5e253ac549ba6f7ddc522fee899e785cfbfc9e1fa3a7f71fb7a722,2593,0,0,13.654132,-0.7623043,-1.440349,-8.307353,-2.8866217
2598,train_images/1f9ccda4ddf2.png,81197b02854ad5114cd8fcc05ced00d09d9ec3a2c24e2c1653f3ec6beab321ed,2598,0,0,11.350228,-5.1667023,-3.7192557,1.7415447,-4.088399
2600,train_images/210bfe0127c6.png,3461246332ff70a75eab4284cbeb900d50853954bfa858de39de5405b5913de7,2600,0,0,15.530412,4.5551777,-2.6723902,-8.513592,-7.7807465
2609,train_images/29d059522fa1.png,d204ce1e84cac4bc98c215757cb18ffb76553c67b129b716540ef24c27595bcd,2609,0,0,10.452744,0.70794106,-2.8805325,-5.0870075,-3.1748054
2618,train_images/3486f7096276.png,8692fc57a0dd189fd1e203c584be7c22fe8b20b10187550d90a39919bb9b8ea0,2618,0,0,25.942675,4.2515507,-2.913989,-9.365255,-15.502994
2622,train_images/3a4cfea0a766.png,0b47297e29310f6ad283e91271bbc99ef211b313fe057e41cf56eb7c265fb6ca,2622,0,0,12.374705,0.042510986,-2.3534715,-6.985942,-2.9154208
2629,train_images/4145dcb25053.png,0d7c5dbfa44dfde7b06278b9fe269c09d7b7e8742075b3a60eb9b7e633d3441e,2629,0,0,9.785157,-2.2783265,-4.029775,0.24832535,-3.7318327
2631,train_images/4350a1b2f3cb.png,2bfa64e14c5d92109fca10fc40632fe044281a8d13fd1ddf88c9bbbe1ed2f1c2,2631,0,0,6.5733395,-0.067492485,-1.4920657,-4.4377184,-1.0627074
2638,train_images/462937ece243.png,dc72dfb19202e8e6462a8754e7683a5bbaa2065854b11c5424c2f52a724a7a2c,2638,0,0,4.6555386,-0.96756554,0.064909905,-4.572543,0.0668664
2641,train_images/4aa3d771c5e4.png,7e2cda3ac6f0cfbc1db9cd5aeac8496c2605e1ee4bd0ffbd51fb27ee3c8f71a4,2641,0,0,12.100885,-0.48737526,-2.102533,-6.8349133,-2.435488
2646,train_images/4cfd22ae43d4.png,3b2e0a14932bd0a9b987d850450e4017dd0c959d1ca6291e0a621866e9f6718f,2646,0,0,10.732895,0.10567856,-2.8694816,-5.575966,-2.343272
2651,train_images/50d8249f7bc9.png,666f906aeb5b60511d43bc9978badaff259ffe6e00e212843aaf9e7df9a11427,2651,0,0,6.217695,-1.8743525,-3.1507564,1.3696804,-2.9444454
2656,train_images/54bdcdecd8f3.png,18e0b2d88a107b2e1433d1e25208ece7ceabbbfce610b04091be6b29cf111aff,2656,0,0,12.965698,-2.9576297,-5.868506,-2.4264822,-1.307051
2663,train_images/5baed382f062.png,2fff17dc3732ffe0a0994026a825d1288217f1cf41a9173212ce758b3f7c9968,2663,0,0,2.8596096,0.22956753,-3.9105043,-0.9790039,0.8162389
2666,train_images/5de4615a5161.png,50b257593ce23b39d1cc3df0cea5d46856838c471c5ab44bdbaab6836c3b7db4,2666,0,0,10.41224,0.7923269,-3.50696,-5.984144,-1.7460182
2672,train_images/66366a90d1ef.png,e001182acb9472f76d83fdf8ddb45f08deca7f2fc18ae7aac6bbe359eb450808,2672,0,1,0.33585167,10.83403,5.804166,-16.03608,-2.0809515
2679,train_images/6c3589d7ed8d.png,324a0d67f126e97d711f61f55ab2b4fba2aeb315818098701fb4f17a175d99ea,2679,0,0,15.989343,1.5478468,-1.7896223,-10.310426,-4.800905
2683,train_images/6de39b94f634.png,901e34123bbfb88bbc874128a0fe626f0f93700a7373cce2419b9603cbbe5741,2683,0,0,12.327682,0.5094023,-4.84424,-1.4250679,-6.131179
2688,train_images/77e15f213b04.png,259eb33ed9b0a1924561c77561f486385ac2ea012a30bb58c25d8023db46d68d,2688,0,0,11.297486,-1.9906278,-3.9959266,-1.2262249,-3.8720891
2691,train_images/7b691d9ced34.png,4b256f83d89a4c6debb0444f64489d54466f6cc426c4f11ad2503744497c9635,2691,0,0,19.440544,5.25622,-3.2517064,-12.419199,-7.3722763
2696,train_images/7e77b61e1639.png,3b75d903c4c02733e59831f41ffa3cf99839a6cf12624c22f1187e523d148fbd,2696,0,0,9.207086,0.7674751,-2.400066,-5.9945936,-1.7637432
2704,train_images/8448af27ba07.png,7e53344a60b33212dae1da424fe4df2ebecd4f211b89842fe7cbd64ef9073c1b,2704,0,0,12.16556,-1.7635407,-0.8255837,-6.343585,-2.962754
2710,train_images/8aa3c4681542.png,110fcfb4056a96ea91fc73cc3c88a3b308184271d99831aab973363b05ba3b08,2710,0,0,11.209863,2.604741,-2.440262,-8.046944,-3.0828059
2713,train_images/8d9516ea3587.png,4d524cf92ee0a0745c91a8068d0047a9f440738b0455e46510b79ca4e1754e35,2713,0,0,13.605061,0.5801821,-1.7144995,-9.021979,-3.072077
2718,train_images/9287e57326d0.png,ebd485c08d7093f8ddc6ae79cba2454afdbf7c2b9cb2af99b8290fc5cdfdb6f2,2718,0,0,8.932195,-2.0739498,-3.9534209,0.99985886,-3.9723837
2719,train_images/92e3d608fd3c.png,3a6382e1d4af6b16519858223d01add6a9659dd14f357236c9fb8b9346094e5f,2719,0,0,9.192574,0.6749773,-2.1703982,-4.8847313,-2.9640772
2724,train_images/992b9a07b25f.png,c230db71402e77517757dce3498601712bdc41985f90beeca9e9019e60725b6e,2724,0,0,16.598515,11.857279,-6.653505,-12.950741,-7.234543
2731,train_images/a1edf0e66592.png,a06f33dcc61abf4c20968ca9e9d39108e22ea1e40620316e44c1e841bea4c2f6,2731,0,0,9.938095,-0.22322273,-2.141596,-5.8773727,-1.7680347
2738,train_images/a73d012c4c38.png,5b1d6b3ad48761f4ecae6511c0946f87eeea48609d727f285251b17894eb9ea2,2738,0,0,13.946983,-1.9557071,-1.9846784,-7.296995,-2.4203804
2741,train_images/a88365134c3c.png,e523f6a4ac954dbb490af2a1447d797ac6b4a9448df57e0a09a38c81fcf62d42,2741,0,0,12.139401,-0.16590214,-2.3852787,-6.5428696,-2.8783247
2750,train_images/ae58ccb5905e.png,cfdd3bf814f3a7727d113e4ea067194a26f36fa05232611993eab7cd320d1261,2750,0,0,11.405111,-0.28316975,-1.4390608,-7.746009,-1.9018595
2753,train_images/b0b3b16fc305.png,6e53db3aa3b0e818f984b5e85221cf8738397a54fa8430d1b9149411bb17c4bc,2753,0,0,9.296783,-0.58473396,-2.4733293,-3.5171928,-2.7398593
2760,train_images/b9bc81fcb075.png,17501277b038feb10ca285927ffbce786c1bfb9c91f99db8307d6d8ab6c69226,2760,0,0,10.956932,1.7600355,-1.9758513,-8.268481,-2.4209712
2765,train_images/beb00fa6e7c9.png,08182d84db4f97ffe0689f2d388db7067426d2a4da530264f0757a6677e819bb,2765,0,0,17.213697,7.965452,2.2429864,-11.617974,-13.928733
2773,train_images/c3b15bf9b4bc.png,42d1a892a02970423da1b70f78abb3a58f2610bcb2cac6efdf6cc5d6104e3470,2773,0,0,14.5135,-2.5950613,-4.3813944,-2.667592,-4.383503
2777,train_images/c62cef02efa2.png,742c9f2ee6fff4a007561c3cdeffac1694fefad087e5efb33932cbec6a5c3153,2777,0,0,11.525179,-0.45207977,-1.9063288,-6.401863,-2.6607306
2779,train_images/c98f623d08d1.png,d534e4a9f767877cf2c5b7d4f0a4eca34b47909b96acffe7603f640f30660e9c,2779,0,0,10.4035225,0.23917103,-2.4717429,-6.3675613,-1.828511
2787,train_images/d51c2153d151.png,4b256f83d89a4c6debb0444f64489d54466f6cc426c4f11ad2503744497c9635,2691,0,0,19.440544,5.25622,-3.2517064,-12.419199,-7.3722763
2788,train_images/d56d32a1d62d.png,d233e28fbde515f4626f4feef8c067570e29fa6ba20b6ff38ef3ac4f6fcb5a28,2788,0,0,12.793657,-2.3105435,-4.301793,-1.4850693,-4.3714437
2793,train_images/d871895742b1.png,5c1800cbc263555bfc031c7b3866ee68466f692969aaef97027ab7df236817ff,2793,0,0,24.585571,-1.4305787,-1.5090616,-9.703236,-9.517272
2800,train_images/dee31065f8fe.png,ebc10e0d86549654d8d6453fbcfe520003a028706ad52089f94f3dc7a25e7312,2800,0,0,14.071754,0.0021076202,-2.4293315,-8.239754,-3.019646
2804,train_images/e2c39ed0c941.png,66ee2d53be1ccfde2d8d6ac7d4b203fcc8578562bf358fa75c691ddde28b2724,2804,0,0,8.338623,0.85924053,-2.5962088,-5.2398205,-1.5451453
2809,train_images/e893e86dde94.png,b38ea174f9dd04ef911461a0b6bc622cc1a2248eb10ff327226366da7129172b,2809,0,0,4.3931065,-1.2348204,-2.2521868,-2.312728,0.76069665
2815,train_images/eda29a9d78f3.png,233e08243fb20c5ecfef51915acf958772e1a1857b7050355384fec451fcce6f,2815,0,0,11.711462,0.65344334,-1.4398149,-7.4500666,-3.2735412
2817,train_images/ef4121e9bb67.png,23d50714143a08dd3d3f67478625bffd5a8b62441f2bc8b7b33c15a3f2bca402,2817,0,0,13.291263,-0.049466133,-2.7917538,-7.026634,-3.152798
2818,train_images/f0a2dc580009.png,ba40f94225e7876cf63673be879fea75b41e72f66b72bc15849b64a774fabb80,2818,0,0,10.411401,-0.47007465,-4.642499,0.48984146,-5.493967
2824,train_images/f85fd4fac887.png,db08a156738314c0b98cc0833a781a7bd940e48d19030316d225990b46959e24,2824,0,0,16.362543,3.5896397,-2.5658052,-8.243328,-7.8982954
2828,train_images/fa7fa797c650.png,3b4c1ac29cf9576502f1fa091a7b60c00e1370038e9772247313dba1ad5c72e7,2828,0,0,12.7836485,-1.4561944,-1.1427768,-7.2227325,-2.8255208
2832,train_images/0124dffecf29.png,9a26f92bda73ea24a6e64f7389cf956b6ee086b09e6d099739394a00c065e871,2832,1,1,-5.735283,10.261581,3.0085828,-5.8224506,-3.304661
2839,train_images/1bb0ddfe753a.png,c0afb81c27e3ff245394d801accd8e1c3073601ef8d3f378712d8347a2d1929d,2839,1,2,-12.875019,-2.2068367,13.4448395,5.6985054,-6.7837687
2843,train_images/248139c423c4.png,a3457807379253e5fdaf16c20aaa21b50fe7e8069c9f2e52140dc7486e506f34,2843,1,1,-6.831398,6.724331,2.5712166,0.45801926,-4.0989695
2849,train_images/33ffddea8c6e.png,7c7faed46d15f53afdd6e00e5832fbb0282d940d98d48298b4999332a887afb7,2849,1,2,-9.306122,10.325493,16.357327,-14.009757,-5.9673853
2852,train_images/4e0656629d02.png,504ae0b827b25c5ed37d5bc4b12334a4071b8b974883f855cc32aeb726eafe28,2852,1,0,10.113637,-2.452714,6.006026,-3.827055,-9.480463
2862,train_images/71c1a3cdbe47.png,875f7e33f052ce66187d01240da12b4b4ca0257c7834ae4efeb6da0bc1292f0f,98,1,1,0.66368103,12.696796,-1.655202,-8.396342,-3.7668364
2865,train_images/7f60f2a083d3.png,753cfe459bd4f9151ea485cda35476781f9bdce44ed3555da87833247782a430,2865,1,1,-7.7956886,10.421972,6.285749,-5.732444,-4.408187
2871,train_images/a2696f444ecb.png,0364bb4b667cf909088e64a0032689c8582cd3093d34632f68bd42005c86587b,2871,1,2,-3.3103962,-1.1854973,3.9818122,-1.4168415,0.7402599
2873,train_images/b17f0b81dab3.png,45a6f156c46aefc53869e35c077244996518d4a310874c39f7c2e373163ed46c,2873,1,1,-2.817936,6.6618404,-0.33627772,-4.8666506,0.2607057
2875,train_images/c1e6fa1ad314.png,1548c4ebcb2c2614e8774a88b085e89f73706c6e851bee7f45da5a528deea1ce,2875,1,4,-12.190983,-1.2715702,1.3694949,3.4018211,6.542455
2879,train_images/d4f32b9c07df.png,10f07e48668bcfbdbe1ada981569a4fe2b9e004be907b71d0b87ceb456da098c,2879,1,2,-12.705872,4.2392626,14.874481,-4.835432,-4.180586
2884,train_images/e26d8718ca58.png,f8f8a5e81d15873185b40718963c87d89d43cd17c962752a344a9a2a40e17790,2884,1,1,5.249693,20.66364,-2.5510714,-17.234707,-6.0423546
2887,train_images/01eb826f6467.png,9b818cb84607d3bb03b6a560eddfb0154da4ddbd79447e2b5ad7b0e8600820d8,2887,2,1,-5.24102,4.0555525,3.5439708,-3.174284,-0.38763
2894,train_images/0dbaa09a458c.png,4ea48a7ee77ecae6d22e6513102d830868ac7cd5ca167d4d5e44f01353369512,2894,2,2,-13.382652,-11.3657875,18.061838,14.424086,-10.58356
2902,train_images/20c883d3bd38.png,20ca5d282562ebfe773200ff17c2c93f1b53895cecac94d7f6e9cdfb85e8ef7b,2902,2,2,-14.85051,-10.688928,11.561519,7.2795315,3.1809626
2907,train_images/23fca0693e2a.png,532267f98752b747679c5d89f7019fe92398737988e28cd7c8545c4c3b0e1989,2907,2,4,-11.69371,-8.192421,-0.73251504,4.5692406,13.485734
2914,train_images/2f9b66784109.png,66f6ab81877a8cc3c94f8d9a455a78396eee14102d270774cea0885a869ff61f,2914,2,2,-10.056904,-8.684574,17.666695,0.48826218,-1.9546359
2920,train_images/44e0d56e9d42.png,63c54179496bf584617971adb83d6ea2e78a2fabbb8c796cbbff1aee89b1365f,2920,2,2,-11.844044,4.2800293,15.121971,-4.127367,-6.015436
2922,train_images/460893cd86e3.png,426af1fbf8cfa58a0cd3788a57eafb77f68f8498e3fc1a0204fd957956583e02,2922,2,2,-17.91079,1.1086054,15.439179,-5.4342794,2.5944884
2930,train_images/523d0c2cb4d6.png,8c619ed2a73623a92282a60dbd5cbfa07daa10f2775757a2610d078fd80ee28d,2930,2,2,-17.416523,-10.706025,16.126856,7.989105,0.49485612
2934,train_images/58529a8638d0.png,fd681145b57fae00cc5aa2a34a3545737786d9fcb5dd779afe65efd0921f6d7a,2934,2,2,-11.6961975,-3.9041805,8.916342,7.210943,-3.0266826
2941,train_images/62e6f814c8f5.png,15bb222b1acfd82e3cf510e9a9cd734d2498f9550ae0f8527bc7d5a3e51b8107,2941,2,2,-11.095741,3.575924,20.450642,0.03504753,-15.055739
2942,train_images/62ecdc90dd42.png,9e75bb38c9a0450ca536cc95357030d750bc969ae3ab0789dbf076b5e8dc2297,2942,2,2,-21.304073,-10.788311,14.324694,1.4359035,11.413631
2950,train_images/77f69c7ff324.png,ea30e9b8ae11257ad8d29e0c1527c50fd1baefabf7ce33cf6d4310481847a195,2950,2,3,-12.313274,-5.704077,4.3610754,8.471264,2.6728904
2960,train_images/82f2784ead76.png,1fe5502b7186075f1985fea10ef907fafbf2992e67471f709d05c02561f37d98,2960,2,2,-19.710228,-22.086037,19.841255,8.928909,8.383054
2968,train_images/8e3b79e1f1f7.png,40438ed806d487a5ea889cb9161650364f60717b7aac18c3842cf116fdceec94,2968,2,2,-10.1369095,2.1267147,8.013862,0.60084724,-2.42467
2970,train_images/913b1890ed1e.png,74cf3dcdc520dc1ccff6ad0be9cb4851de3ada5d7150ebd26571b2d30a91d464,2970,2,2,-19.385132,-0.033644676,18.213972,-7.2354717,4.284438
2975,train_images/9a4f370d341b.png,c27ea2913e6311e48e07573df3b7976684aa0b2754e1491ba1be67a9f3375db0,2975,2,2,-16.416039,-9.427352,11.295195,6.661297,4.4301615
2982,train_images/9f5a8665cf2e.png,ed4ce91ad21344ee0441ed7082291b9565648b652967d04e4ff22fa733907bea,2982,2,1,-11.787384,15.155851,0.5819979,-9.873119,3.89108
2984,train_images/a0a0cd8af5a6.png,e173a352afc85c6519fb8e91886430e8de15eedd7f295b55abacf933aeb5806b,2984,2,2,-14.110695,0.7271271,9.237257,-0.5220337,1.5637099
2993,train_images/ae1344610ebe.png,41fdbbc4a55819dc14251495c37ac915161f383cd6db24c27090377fccdf48c5,2993,2,2,-12.951332,-8.650976,21.112278,-0.5960045,-1.9549239
2995,train_images/b13d72ceea26.png,227bfcc1aadec71c0824ddc524ddc94714359c05a4defa8d704a018e3650dc8a,2995,2,2,-10.350582,-4.3067875,5.010088,3.5295525,3.6316814
2997,train_images/b402b18d99a5.png,022c4d61b79fc0f2397ffb4afa68d1eac6e5201e7fc7ea69eeb81fc7fea90077,2997,2,2,-4.664173,4.1759806,11.25589,5.69149,-17.263762
3003,train_images/bf9cba745efc.png,6aa9f51d31a9a499bb9107336636aaa06fe623b46de063785b5246b24c4e06b9,3003,2,1,-5.347124,8.677282,4.909634,-4.5084476,-5.307719
3005,train_images/c05b7b4c22fe.png,12a07df5bbe335d27c04b0e874d773c8e525d33e4a0e56dffa0bfa59d8172d46,1004,2,2,-9.506565,-4.84138,14.165514,3.4637585,-5.683263
3012,train_images/d29096bd94aa.png,9b20baa943c45853454ba7a9f1c945aab8b2a92c5c6abd79e96cad7773486599,3012,2,1,-0.20442581,15.371935,1.0322876,-8.537728,-8.225658
3019,train_images/da0a1043abf7.png,227bfcc1aadec71c0824ddc524ddc94714359c05a4defa8d704a018e3650dc8a,2995,2,2,-10.350582,-4.3067875,5.010088,3.5295525,3.6316814
3020,train_images/db49cdf1ea64.png,0fe95b82139fb37c5afaf44f507b1f71160a1906550bc632e02bed67c5c4cec5,3020,2,2,-3.6113834,4.877532,5.0369363,-0.6871891,-6.8685627
3021,train_images/dbee04ae6426.png,ab88503a08708b40420fa5919b363e8d3aa86b4900a1c19a406e2f76bc0da93f,3021,2,2,-15.261612,-4.7640147,18.336636,7.413677,-9.024142
3024,train_images/e1418d28d668.png,85f88cec374a8f5c4629aff83407d53c0c64da27120942a98b3157a04583ba15,3024,2,2,-11.725578,2.0804853,17.948608,-3.4047117,-7.6564684
3032,train_images/f8fc411092c7.png,82bf90c76fb08e37b1b1f4091a0698e2a543c06e74b735beac85ba352670ece5,3032,2,2,-11.626709,-6.302573,13.365812,-1.888977,3.643093
3043,train_images/4c60b10a3a6a.png,cd8c7ed872ae926d382baaaf4b59f84cf842ac017421f053caef04c0aa56de37,3043,3,3,-17.267124,-8.072523,12.617416,14.465384,-5.152608
3046,train_images/71a39c660432.png,95da2854c694e8928a3a97052a8e50b64e2e705a9025f148cc12c7035afd305e,3046,3,3,-21.297478,-23.24749,16.212738,18.55308,5.3936486
3057,train_images/b2ffa3e18559.png,9d2d634d05741087b1281acfee319cccd46d11ce8c554d36071478651c487db8,3057,3,3,-16.797607,-5.7995253,8.171318,9.450533,1.5413195
3063,train_images/fe0fc67c7980.png,3a2a797082eeeeb9c9411b934f0c24d23174985b80fb965ed6092f01a9c54b4e,3063,3,4,-14.412537,-4.5836115,7.749351,0.28269958,8.058251
3066,train_images/1fd5d860d4d7.png,cd35ebfb992b5b3e2b6ca54e6805ca37b75462953a230a65e991557c00b017d2,3066,4,2,-21.804153,1.6543379,14.012978,-5.676094,7.928216
3076,train_images/4a3da369b227.png,0e491a7e23234006e730209be24212394d4215c578d27dc572160f7fdccf54fb,3076,4,4,-13.337719,-7.456291,2.7210307,5.230728,9.825762
3082,train_images/7c629b491d1a.png,601003c0f1e3a703709a5f6614646dc010ef36e17049f0f785bac91539e5d3fc,3082,4,4,-10.798489,-12.137286,2.9288437,-2.1675406,19.242771
3087,train_images/9c72ed6befa0.png,f4918ee8c66948959c87b4c8fd543913f5465c21be9203f24f0e99c01e5ac68d,3087,4,2,-4.7642155,-2.0635638,2.7628124,2.2978687,0.3109424
3089,train_images/a76b69e443ce.png,24a8632bc63b456b143b5e6fdceb903833e646b82c848bc4976ac20aab9e5cbb,3089,4,4,-9.605568,-6.434415,0.8504739,1.6677475,11.335535
3095,train_images/cbd0870aa933.png,2cb2c999cfd4a9e5bc2b9db9756a365e0b9f8fe4494a6a1efc345810951abf95,3095,4,4,-8.710011,-3.229415,-0.78459764,4.3763103,6.240004
3103,train_images/eb1d37b71fd1.png,cc26231741a282105f304fe506ddf245291b1d3066a49dae17fafa1ab41241d5,3103,4,3,-8.137508,1.8204288,1.5095239,3.2026577,-0.42006707
3109,train_images/014508ccb9cb.png,ebdee3c68b4102f1ccd72d44b6632315b7a7da427d9c5a2d735a2577fc7b1f13,3109,0,0,15.153097,0.46819496,-1.7717925,-10.657955,-2.7077968
3110,train_images/0231642cf1c2.png,1cecfbd9b8d3830182c66a08553ea5f3bf74552959dbfc488531fcaa22f57527,3110,0,0,23.991928,2.1794443,-3.4466357,-5.6003523,-14.599471
3116,train_images/0924cec998fa.png,d663cfc746fee6c9bfe68f23febe9b80d55dfce15c7e10f463bae45810e6ee76,3116,0,0,8.211222,-3.2519116,-3.5090792,0.881197,-2.581878
3117,train_images/09f1111a388a.png,808b27400843c1616892c84f533305d1ad92c92666c78cc59bccebec345d8282,3117,0,0,8.648507,-2.291377,-4.9248805,0.48516846,-2.0635436
3127,train_images/15e24b73d4a7.png,1fd0e256333072fbc97a3d807a8c02355d1c11eaa58dd4b82dfdddb21ec7cf6d,3127,0,0,8.358946,0.31195164,-1.1552244,-6.847887,-0.8841822
3131,train_images/178412895d5e.png,a6e9b7f9352e64e9a7b521411a05c3032eecf89a7d886b591ea708b0fbcffe15,3131,0,0,8.904579,-7.2722588,-0.68737304,2.2227192,-3.323705
3135,train_images/1c7a013eeba7.png,535fcc8e19f825d19ef4532714fa362b765c6e5b6fe003cb4726a7d09dcd022e,3135,0,0,11.879855,0.02195263,-2.6484077,-7.067438,-2.0904381
3137,train_images/1d37f1c8b6d8.png,154f6213556e2a2796f2eefbe66a3cec51a48319c7b4a17c62f4a393e65a524a,3137,0,0,12.194751,-0.58595943,-3.2069502,-5.534424,-2.7874825
3143,train_images/2209daf71aab.png,457165e2e45053639594465a6caaf474104afc0254124f3c24e8e1b7e7367020,3143,0,0,21.077618,4.226221,-2.7440288,-12.1084385,-8.597617
3151,train_images/2bb3c492d6d3.png,d4b879aed9b05f813af0479c412e864d7eedab7a20d4bb5f039458d93228ba46,3151,0,0,20.885578,-0.56028557,-1.943862,-5.6816816,-10.671644
3156,train_images/32d7d360d891.png,b3b927977bda3fb838b6ca03dc615e8e53b677a207d749f42d321b842081f80c,3156,0,0,8.764716,4.369981,-2.8952887,-7.140114,-2.9315436
3160,train_images/33e7bf536fc5.png,bfdfa9fed5bc6c18d5ca4d34158778dfb97e3ab1c6c854243e961446483f8e56,3160,0,0,17.1448,6.1721745,-2.258911,-13.733228,-6.1353064
3164,train_images/384e6c915722.png,e91f02df2d9ffcfd3ace5f5f0cb73a011666aee3068154a7bc1346f5acaf33d5,3164,0,0,21.355562,3.2384615,-3.7775364,-8.842892,-9.860785
3170,train_images/436fa3fd145a.png,46cd31de90dde6497886110925e6f261d319cf61a68c93a80b5960db139b8943,3170,0,0,5.1593933,-2.969368,-2.720119,1.519804,-1.5209076
3176,train_images/46acc506fa61.png,e441944b85c30410cc75abd8d7aae592773be12a73bfc731e40f807bb58994a4,3176,0,0,13.989023,2.4627962,-3.20941,-10.094968,-2.6844647
3181,train_images/49e4b95ee2dc.png,71f4095213dab56a8072631819a93ef5f98617291de72eae7ebd153b0961b7ec,3181,0,0,15.800491,9.241943,-3.0511663,-13.212261,-7.3835297
3186,train_images/4d1e7def7624.png,ed97fe00e110dea11488e30418ea58d8c9e7078290b0d8024824ad9fc7c296ea,3186,0,0,16.554638,2.7171183,5.5974245,-11.409821,-12.025556
3194,train_images/529906ff9dfa.png,3e8c17f8574c293abf407bee6a814f3ebbf877b190a238f06348cc2549182fde,3194,0,0,11.622314,1.3938084,-1.939129,-7.34929,-3.5971115
3196,train_images/54b322c66d01.png,d366fd0bd38fd053300e005628fb25f55fda7f4560848aed926c5e08b788ac4e,3196,0,0,8.529953,-1.6119971,-3.6251583,0.05497551,-3.462293
3198,train_images/5a0fe0ee4301.png,efa55f9d15f09a000ba00b788e8ea87deddfb2a4dcb60d93b741cb69f92b8668,3198,0,0,6.624548,1.6302814,-1.198706,-4.9397526,-2.4580176
3206,train_images/63e041a757eb.png,edfbadebc1058499d2add76080eb9931ec9fd025d785eb314a0a17bb6e4a8bd4,3206,0,0,20.389126,-1.0296707,-2.0036511,-7.6635094,-7.908716
3210,train_images/6af071b0ac6e.png,f7b572546c211caec6ba70920b14fbf76380506950e69433d88ec7c08e2c5022,3210,0,0,24.115255,0.14919662,-3.3121397,-9.946857,-8.831137
3215,train_images/6f460f9968c7.png,221d749b2fb921dafff4d9b9b8a3e936fd4f9ea670007b673c7c552f723575d7,3215,0,0,11.284098,0.03314972,-2.2206182,-6.4976435,-2.5023148
3222,train_images/757e39293591.png,f8e21ed7b1390da484d1bfeb4791b50ed812024ecc897796a2ba234931e818c3,3222,0,0,6.7548447,0.851244,-1.8567617,-5.1699095,-1.0141428
3228,train_images/7fdb177b8f7d.png,e00480826596290b0d6440adf0ad2657ac8fe3b32c7f126fb56dfc62d6c0927e,3228,0,0,18.741241,-2.1503763,-1.9661956,-9.330267,-4.401532
3233,train_images/83fda7c0500b.png,7cd204f578e75c76ecc505a48ca5e3bdf4936e26f2a28ec1a52bf818e24691e8,3233,0,0,20.878313,3.520319,-1.7836212,-12.609307,-8.221925
3237,train_images/894a37fc3738.png,e64b682196e9f40d15c0adc496b604bde754541a86acd1445f42c4596b9dcfec,3237,0,0,6.0216866,-2.7923284,-3.091081,1.2670574,-1.8552563
3244,train_images/92889b863ae6.png,b7b7797457088e8761028b0400b3e1b624efb43140581be36723632a26a9a043,3244,0,0,16.665836,4.619465,-4.3614063,-9.015393,-6.731224
3251,train_images/9910c827e2fe.png,dbbd7336a58d14af7a733345f525138917b2d6bd92c7755ffaa27a5a8271719a,3251,0,0,5.717678,-1.6067338,-1.6305932,-3.290409,0.29334092
3253,train_images/9e2a8135f471.png,aa6adcb04854d242db8e4bb6fb4a981a9002bafd63da383abbdf77c864075d77,3253,0,0,11.24074,0.1671114,-2.8995557,-4.5641937,-3.8166664
3254,train_images/9e7a63b2fc6a.png,9560d3c11333e881b4c7230972e48a210e4d5b1fb2be4f1a5b442471ff7040ee,3254,0,0,12.464946,1.0882931,-1.9264376,-4.872245,-5.9560776
3262,train_images/a26f50218b84.png,bcaa7778c843972ee1064422967f1be42c1c79e3088202619a9191e47109d6ca,3262,0,0,8.399134,0.48351955,-1.7854275,-5.0901012,-2.0775006
3267,train_images/a654b25124c3.png,1fcd6ed4591b738bc80d69c364f152941a2f1baad0c8cceab719aeb7d986485d,3267,0,0,10.239936,-0.70517063,-1.544883,-6.096319,-2.0049179
3270,train_images/aabd867043cf.png,0d648e7ceb0168316271b39bda83104396b001c6e9c20404f401ab3ca9955287,3270,0,0,12.102196,0.10702896,-2.8546517,-6.817622,-2.45663
3279,train_images/aeccef0bdc26.png,10a7945f22f7847285c3fb4aec9f7f3de9e98b0e92f15914f1b9a59cce5dcfe7,3279,0,0,14.793825,-0.35389233,-1.5820057,-8.1036,-4.1609344
3281,train_images/b0619ca93a5f.png,f0bdae86d6e079946fd176307fb4971b995748a7e3aae89b09e41f1b327af972,3281,0,0,9.604955,-1.016262,-2.1306202,-5.6363516,-0.9583945
3283,train_images/b16dd4483ca5.png,efadfaa8278f0e37c4d6152d666305fb8bc3e489f55de3584d15126e408bb5cb,3283,0,0,8.841637,-2.7395844,-2.3126097,-0.3262024,-3.554849
3287,train_images/b7983cb3f270.png,ced89e727cac2514a773478f0f0f811ec6d13a580de98e7b92f894185770b480,3287,0,0,11.255162,1.2963972,-2.7609224,-6.443676,-3.238767
3291,train_images/ba0107fb1bfd.png,26d1310ad0d0717f014086942b5845c785298cd4e165dad3cc026b76980689d9,3291,0,0,15.075932,1.138072,-2.9379919,-8.012022,-4.7360144
3299,train_images/bff51afc76d4.png,26777d6da821a03b82a46efd52d9099b09b8d6666fa738158f687a5c4265decc,3299,0,0,21.093042,7.4492188,-6.0141973,-11.420242,-8.957918
3304,train_images/c6a8f8f998a2.png,1429dd0b6e6ce0dcbe1dd8cda779d88f870fea676889bdfa3377f9a924abba39,3304,0,0,9.093945,0.3728752,-2.6416914,-5.2520065,-1.7486441
3306,train_images/c7d0deb71576.png,377bbcc1893406e6976a8311f77d4caef086d75fedc69b6f6e1ba4407370d779,3306,0,0,6.8424416,0.6519556,-0.5129037,-5.7350273,-1.6183689
3311,train_images/ce6f33a81ad5.png,f26cf626408af39f9f1434608db480f3f869337f69d313b0e27a1078e6ef733d,3311,0,0,13.189023,-0.067331314,-2.4749343,-7.709858,-2.6817052
3319,train_images/d3dfd0a2dee6.png,8f7141d54bca095a7de08d2eae7e10120790adbbb8b2f8ca2aab55d00ea42dde,3319,0,0,6.6784477,-1.9300036,-4.1061616,-0.075941086,-0.95291924
3320,train_images/d436c06f0490.png,888cc686b05ea24ed7ea6213086a50446efef0feca56ebef1dcd19305cf9f8c6,3320,0,0,7.1032906,-1.5089054,-0.49769485,-5.5835323,0.09588385
3322,train_images/d6df4fe492ec.png,825c59e676c5127e4896cff851624f288307eaa1d4802448cb995598f72973fa,3322,0,0,12.271376,0.6882305,-2.5500124,-7.3159304,-2.8297431
3329,train_images/db3cd58aa315.png,727db3b6b904f44dc314037a389223ca089c57b0085ebf51f820e4e2a2a29319,3329,0,0,10.526797,-2.2410269,-3.4663305,-0.16651344,-4.5848103
3338,train_images/e06cccc08c59.png,3fee32dbfd05ad2888c2a72fcd1b18e8c4ac8c16562aef9460d490e2e938342e,3338,0,0,9.188141,-0.1141758,-1.4084694,-5.65726,-2.1608627
3340,train_images/e1c02f6c3362.png,5df43185ad18ba6e8c510ace968603fb27dd802d7c166f9b8e86d45e3fb5396a,3340,0,0,10.201313,-2.0219526,-4.0170627,0.31797218,-4.395976
3347,train_images/ea6a53e54d0f.png,63edf17b177283b948abd10799684e686a5933219033a7011b298ea7f2644a8d,3347,0,0,9.052065,2.745348,-2.5565457,-5.4928045,-3.6473515
3353,train_images/ed3ce1674761.png,fdcee95e51e8f8c40ad9d8e115243fca6ae7ba86d69e2280c0b170bef224a08c,3353,0,0,12.652992,2.3574677,-2.7225466,-8.8468895,-2.9953105
3358,train_images/f233638e0e90.png,9beea89cad715c03ba6d63b5e22a9d5f88af8151a86e9db95c98938f3b125d94,3358,0,0,12.78405,0.33227444,-2.7747047,-8.917929,-1.122782
3365,train_images/f9d52509c571.png,3972c6955315ba4bb3bcc45db04831ee735a255ff92c16912d11f237ced6e5de,3365,0,0,10.475247,0.052797318,-2.5560367,-5.037883,-2.8159997
3367,train_images/fb1b8771c70a.png,d3592ee21d0def092c0ee14b3772ddaced248a07b261a775ba782edbb180338c,3367,0,0,11.437037,0.46515656,-2.5017219,-6.438077,-2.874037
3371,train_images/fca1a8738b8a.png,84a6d55dcd31768a784ef6373340869126edf899ea6c7f553e3fc8c346bf9a86,3371,0,0,8.591027,0.62322426,-2.2907274,-5.763768,-1.3529389
3375,train_images/fe3f62695b2d.png,8acc4c1ed9095469a7e50ea71ac1204ed2b8f07faae07ae5a72545cbabcca6f6,3375,0,0,14.335077,-0.28561687,-3.1979444,-7.9200563,-2.5011046
3383,train_images/1a03a7970337.png,710a5d5154fb8403990f11d2bbb04b9fafb949865e080b93dee3f1483c3d2e9a,3383,1,1,-1.3576012,9.9288025,0.49567387,-8.846327,-1.1258194
3387,train_images/35aa7f5c2ec0.png,cb66e86c28ab48f1884c067226847b34c2849713a3ea380fd6a638fc2582523c,1683,1,1,-6.7991276,8.974907,5.616562,-2.5302372,-6.65794
3391,train_images/384631079d1e.png,1845223f13efaf1d706653c1595d5c01ca111f756f22a31fd823117c8f128584,3391,1,1,-15.45483,13.736267,7.2010636,-13.038614,4.826744
3393,train_images/4661006f3ba6.png,27bb21e127003b1ade79501891f63f4958b5508f95459121ee42ed98012ed17f,3393,1,1,-4.5883656,9.228519,4.710778,-0.35116196,-9.921025
3399,train_images/5090917a2676.png,7f58a387220daba3220d2a2312eddc84f2fbe953bdb4275e4d73720997aa05a9,3399,1,2,1.3844604,5.3844204,7.922135,-4.5954247,-10.346805
3400,train_images/51131b48f9d4.png,6e75bc959bdb8b067e277bd45a668401e8b78125e73108c563291119b73939db,1726,1,2,-9.729912,0.29973888,8.3201275,1.4815617,-2.5805619
3406,train_images/6c6efb6b1358.png,64ad60b1cabf6434335e433e9c0d586e9ba9e89b02fd101b527c12ad39bbc6f0,3406,1,1,-0.95474815,23.21595,5.7723308,-17.754066,-10.866852
3407,train_images/6d292ca4c9ad.png,040f54b5799203c71aedc640713df9967c5210b502f87b07df3cab177679bf8f,3407,1,1,-1.7084007,19.404987,4.8953457,-17.239704,-6.000573
3414,train_images/94111ed3d276.png,729166d646a820158850225f13c1ea4a1a39da507d06081a98cc4aa0465a280f,3414,1,1,-8.595188,21.29319,6.5124273,-14.619438,-6.6263227
3421,train_images/a5a2a7003d60.png,239114d70c44bb16de287dec448e5ab64b09d2e6d8e82876962e48ccb5ceb292,3421,1,1,-5.790779,9.789011,3.7275183,-2.9396791,-6.124048
3428,train_images/c1ebe785503a.png,8bd8a0b681456b33bdfda828b3af7eb78595e695f01ed004cce4a2fd4e013d9d,3428,1,1,-3.6529884,9.790342,4.930905,-10.9193735,-1.7114317
3433,train_images/d1cad012a254.png,4025dca5f8bec7c66017347dff836a3054b49fe9afa240ef9e7ad8cc93611538,45,1,1,0.19407272,24.081585,4.934446,-21.840359,-7.9742746
3435,train_images/fd62bd0db4f1.png,c761a84fb2675c0039e0a432494b5f606f16b5bcd7addd135c881698c0f56169,3435,1,2,-4.174141,4.7319317,6.339828,-1.4504051,-6.8551197
3440,train_images/0ca0aee4d57e.png,b0cb7852d1566b47e20a0a69792e4f1026222fcdd6df97045164b34b0a4fbd77,3440,2,2,-11.421307,-0.5340948,5.024879,1.8639603,2.6364915
3444,train_images/141735b57ec0.png,d26a6aa0d46a2a14e5c50c1e9c595dca9ebffc049eb1a605f7738204ac9c2f4b,3444,2,1,-13.246075,7.6926556,7.6081405,-8.604668,3.7270498
3447,train_images/188a9323be03.png,23b5009c6e071d47eb014dc75a59268d4a1e96bc21434eec98b50bb7f2b733fb,3447,2,2,-16.735043,-5.1175447,19.151518,-0.7419205,-0.18042946
3456,train_images/23148a40ecb0.png,1b20076b54f0cf41e1276ff53c57f6f4b0aea7cec00704fb21592307d37c7c31,3456,2,2,-19.224632,0.7573519,9.6136465,0.08230591,5.0468273
3459,train_images/25dc1b41ed9c.png,b32247337f1fe6ef20ab2938fcb589cbcede849fd77ccf4c3a7864db891d8c43,3459,2,0,5.763338,-2.5891595,3.061568,-3.9132013,-2.6643684
3466,train_images/2c2aa057afc5.png,15f09e0ce997d66519f8b453577944e7e657db2f53903d07b3814e9e485cb6a9,1890,2,4,-7.325987,-3.8733168,2.4214783,3.0328732,3.6108932
3471,train_images/388f12e8df0b.png,3ef05c51e3969a01834c63c6e204855abe1e90a2c3414b2b3187ac4e1f4a9915,3471,2,2,-18.87537,-12.23959,15.669004,0.53320694,10.743099
3473,train_images/3d3e288d490e.png,1edbb25a6505a2c8af007c78b25426b4d0e30cc921065fe17715d840c186f212,3473,2,3,-15.0141945,-7.546754,5.185304,9.428249,4.8628263
3474,train_images/3ddb86eb530e.png,a473569667edc2fca2ad60fbf382bafa83e842f381976111fbd112aba7b1130c,149,2,2,-10.566345,-0.41357708,17.427605,4.789217,-13.484843
3479,train_images/42b08dca9b2f.png,38e41ad33c7ed17fca15ce782fb09e9fd934b4523fafa3c15e6a0e2102891195,3479,2,2,2.2367058,10.109531,16.467878,-13.727322,-15.462426
3480,train_images/43fb6eda9b97.png,db77265cee9f06464bb248697f7b4dc7a66abcca758d48c1c632b39916eda082,278,2,2,-20.291142,-1.1559706,14.977266,-3.7568588,6.026636
3487,train_images/49a4765f8822.png,12e32d50b706354ce30bd18b7d7927b64a25fbf75f8b1f72f8f57bec452fa4b1,3487,2,2,-17.308918,-1.2891006,26.04415,-5.0866413,-6.1231623
3494,train_images/521d3e264d71.png,3a2a797082eeeeb9c9411b934f0c24d23174985b80fb965ed6092f01a9c54b4e,3063,2,4,-14.412537,-4.5836115,7.749351,0.28269958,8.058251
3497,train_images/594f69b503ad.png,a6d6db6984c3680f4d0ff30ecadd85c0aa6c7c14ad93bdbbca508a32ad69a6fb,3497,2,1,-14.584183,13.713497,11.316351,-5.2415466,-7.258279
3504,train_images/674057ab250c.png,5342128f7151e97766f089670db1e7af46083aa8276cd2046b07e26d733c9f08,3504,2,2,-14.988136,2.7724905,24.085014,1.1976223,-16.294428
3507,train_images/71e4130bf5c8.png,419afe9082d107e71604f25e0600df5b4fa28886c1582a4387c460595a59c05e,3507,2,2,-21.448383,-16.298182,21.777393,8.177347,3.2422018
3512,train_images/77543f66a84a.png,cb01e934274d8dd99dcda6daab41971f40939cee1bc27fb300daa34fa61c9b49,3512,2,2,-11.769859,-5.567811,13.884177,5.1912556,-4.3543205
3515,train_images/80b5a9519aec.png,af7273352117ace4fc4ad5e8b112408c4f6362aaff5cb0fea05bed80e4d3c30b,3515,2,2,-9.519024,0.4921503,11.58304,0.23906136,-4.961295
3522,train_images/89d2a7403a06.png,9b58f2686bbe38f99e8f15751b3cd7b72eb0f25b0f3e83636d125a82c425b1dd,3522,2,3,-10.067036,-0.5492649,3.823222,6.0834618,-1.3760021
3529,train_images/96c3e3db68bc.png,31e966db449659de9780b36c7333a7fd77690b3e8a800fc7c86f12e1e120af06,3529,2,2,-14.430477,-2.6466336,19.688368,1.2682343,-7.1401567
3532,train_images/9a3c03a5ad0f.png,6cb1a09ca80760ff37b9c995489e97a219747b87f533bcb6fe95ec522d99bfdf,1422,2,2,-13.396252,-2.4518461,10.144848,-7.1884165,9.726969
3536,train_images/9f436886e056.png,25e1f6b090206bbd6643b3ce4fccf98f6c15568a6eec2dab566698f9e0f92703,3536,2,2,-8.37616,-1.4209208,9.513861,-1.6996212,-0.5603614
3539,train_images/a125377fb985.png,889b21c5a859a542e52e039ae4edfeaacd79bcfb246a1b6ef816b9f7e9444e3b,3539,2,2,-16.569145,-6.9898295,22.018646,-6.2842894,4.0445642
3548,train_images/ae8424cdb029.png,a67d703155199da1730a8e2c33926ba80a7bad34d3f69a16e8aa284f3920f8a9,3548,2,2,-7.0331745,-0.72455883,3.3251874,1.0965824,1.3853836
3552,train_images/b83a6eca125f.png,96242f78a81448b9066c0ef018d00eadf09479d4e0d58a2383a5341a61abc837,3552,2,2,-10.533787,-10.621128,10.186499,6.623951,1.820482
3558,train_images/c613db1cab27.png,21aa01c9ef4bb8d0e2299be78cf7b986d0b2ef19d7b1a8d4a2d769c681c8b58d,3558,2,2,-20.204105,2.354329,22.356585,-10.188995,1.6592968
3560,train_images/ce887b196c23.png,50030ec7d40919ba8ae7ecf7cc145950f1cea65f54da0ed9630dfd3b31c9a026,1949,2,2,-17.967041,-2.7336617,21.454151,-4.490942,-0.09888673
3566,train_images/d95959798b57.png,454041f3d5fff4ca2a175384664385b7896ce48b9e592a16c9f4f45a83a36c7c,3566,2,2,-10.375153,3.0876083,9.747778,2.202341,-6.541684
3573,train_images/e150935f66a6.png,6f808ba4ad272e571741eb1c2ab70bd092cc08df2832372ca2e0fee14f756c28,3573,2,1,-0.12494469,6.013693,5.83761,-8.12434,-4.9631653
3574,train_images/e1e490773462.png,8bcedee86e062d7f06383f27b152ad428b2f3a7f15a1712eafe0aa1ea0639af7,3574,2,2,-13.326408,-6.2450657,14.006503,2.780653,-0.26793003
3580,train_images/ee02294cc3d9.png,58e048bd8fe956db6c1a8700cacb5190c27e149fff4ef7b02a42bf948184646e,3580,2,2,-13.381332,-9.266374,11.436424,9.857037,-1.6094377
3587,train_images/07a0e34c8d20.png,53427359e3ec16c1b0118b091645a78e5e39fdf78f446961edcaf81695032f98,3587,3,2,-11.564323,-10.740039,14.433319,12.281252,-6.975813
3592,train_images/3f49f8d100e9.png,651b5694eeea55ddb4f73942c1d0c8000cf553327173f683b5f0e90274f03059,3592,3,3,-18.84719,-14.944031,10.38067,21.6639,-1.9161408
3597,train_images/6a244e855d0e.png,c51bce902a5e1936a853796595fd0c6b9f9abaf2eb8af6544e594994f28616da,3597,3,4,-15.664516,-10.828416,6.8005,5.3387527,10.806161
3602,train_images/996f57c86ba5.png,49f42b769e09aa2317d42976df8d042ec0a76b45c3c4f0ecbbd1d91d58d9f841,3602,3,3,-11.001202,-9.293384,5.6105614,7.746935,4.305709
3609,train_images/c5a9ebef1517.png,98cae97e3df473aa16ab3253e4fcff64ec5a3d01b9ac4c9753a80b634099a35f,3609,3,3,-16.635887,-11.756241,5.5926986,16.946432,2.7201467
3613,train_images/e32a359be36d.png,d8cbbedd343d5d5a54e6a432e647119f1e417d1d69ce39ef9d4b3c739701f07c,3613,3,3,-13.249439,-11.627701,4.502214,13.247528,4.4558797
3620,train_images/247e98aba610.png,8946e9dd12fa81050651c7f084ce6dbdc37e0898c428ea04c13c08f664c7cd8d,3620,4,4,-1.4216442,1.8784313,-3.2480204,-5.490526,7.2457333
3625,train_images/378963f9df22.png,30699355bd8db1414eb04a31aefc2143c0f7a16cfa91a0afb8944b590d02a144,3625,4,2,-16.83226,-12.904154,19.382523,3.8772793,3.1618216
3630,train_images/62318d514160.png,12bd521651d85f3b1b69c02205712c3fa72b6e7134f42169e34c3d9ab4df6854,3630,4,4,-5.861391,-1.4414406,-1.6896718,1.1436157,6.0066395
3638,train_images/7c90ab025331.png,97c93f4b2d51bec03fdcc5ae3702d6b95ca4379d37ff73d2d64c40fc8510b06a,3638,4,2,-5.4034405,-3.8232431,6.2428665,-2.3438587,3.264049
3643,train_images/95e732e043a1.png,fd02d4b68f57de329f2ea34a001647b87d1178630a20d710aa0374cdf0558ac5,3643,4,4,-6.1315594,-3.5352926,2.2550273,2.4576492,3.0265985
3647,train_images/b99afe7137fb.png,522324968781dde01fadda272b8e1aac9e8cae8c018dd804af15802f48ba8178,3647,4,4,-17.698936,-2.22324,3.7987998,0.6052284,12.01216
3649,train_images/bd9904495ccd.png,569c78dd81b72b3e155e0b5df8bedeee4d120681a1ebe399f55d19e74094cbc1,3649,4,2,-18.405674,-5.6318727,18.04405,2.0252,0.107299566
3653,train_images/c62585bd68fb.png,c4d0737526edfaa4d8253650f2f7edd91b809fe02c800586b013cc03acc255a5,1478,4,3,-9.040371,-8.730828,-3.062415,9.601086,9.31642
3660,train_images/ef26625121b3.png,2e74a714f119d798221fdd7f62e3189597e727f435ea56755f4e4fc74d851cf7,3660,4,4,-15.10849,-10.752294,3.170298,5.6582985,13.64145
