pool_index,image,pixel_sha256,sensitivity_group,target,prediction,logit_0,logit_1,logit_2,logit_3,logit_4
9,train_images/a0adbe677508.png,9eb29bddb3377030732b05f66b2c3589b17908bb90f7113888a5c21d4f9a72de,9,0,0,11.920239,1.4754667,-2.0593998,-6.625944,-4.1080837
14,train_images/d803598dabda.png,714a5d9ad4586773f0bf6d01dface05c76e31b23f45177beaa3dcb92b4b50179,14,4,2,-6.9015846,-1.7842617,3.706664,0.66345596,3.2318847
19,train_images/8a81f62320d6.png,6421600ac1ef90ca438a79570d48658d5591a312e1594165ae78a083369d1481,19,0,0,11.431652,4.689022,-1.8735154,-9.334759,-4.378994
21,train_images/5d6239c0fd39.png,c809dad3e1f3601343a06f591f50c1d23e7db610239f40c501960027549e372e,21,0,0,12.0903015,2.4944592,-2.107534,-7.783123,-4.078206
28,train_images/6810410187a0.png,c9c7e397cdad94344b4a229e338fa5a820b30d1b7767bf322bb5b679e4edabd5,28,2,2,-5.8331795,1.7962465,2.8890736,-1.2730808,1.4196296
29,train_images/bb2f89488ecd.png,59b2ccb4bad8cb9958598e5a5888733afc937359672561a2c2fc7786b793c53d,29,0,0,9.37071,2.978777,-0.64262754,-7.961689,-3.402043
34,train_images/fdd534271f3d.png,2dc46dd7f740c040ea4dfda253b8d4524c0357707faa95fecd3c2fb6636e29b0,34,4,4,-5.729128,-2.1311092,1.0978246,2.6921349,3.1127687
37,train_images/e9ff9352ccb3.png,e2f35230990537f915259582fb4dd8abc34fffa3a3b47f30614d433e9a0ea1f7,37,1,1,-2.2206726,4.7935963,1.9823616,-3.0179052,-2.1810753
45,train_images/8fc09fecd22f.png,4025dca5f8bec7c66017347dff836a3054b49fe9afa240ef9e7ad8cc93611538,45,1,1,1.1993141,7.456849,2.2170172,-8.339834,-2.8247411
46,train_images/59ee65760535.png,03b065f8f52d2ccd6d5c971e63846c0a01f12eb46df9f3ae345ddd2e39b5d825,46,2,1,-1.6841202,2.619978,0.8720407,-1.5424995,-0.75863266
53,train_images/a2163f0c2af5.png,e6f2c6e75d6a6b8b587ad70dfb0f42136e3a9fcd148d0b133784addeb9bd848a,53,0,0,13.054905,3.3997507,-2.0343313,-10.5178585,-3.2616165
59,train_images/d16e59a2b33a.png,531df0e7203968d9caf07614d3f4928a734b9750477745aaf08f93db203c3efc,59,0,0,13.829295,3.2461653,-2.7482545,-8.252661,-5.2691107
66,train_images/494fc9c745a3.png,d1af4ec02abbf521343baea46fe913af2fab1f2e81b04c3cf530ba732fbf05da,66,1,1,-4.723854,4.8729897,2.97529,-2.7619095,-1.1319678
69,train_images/0f364b7d4384.png,2e21a8670884965e1e3bacc9104af186303222592b851b17618a22989243dc00,69,0,0,10.198906,1.5191174,-2.892267,-5.6414223,-2.4599903
74,train_images/4982378d72f9.png,9a52198b23a9a88eb7286c456551f1cef3290891538545420b2d875eadbae6ec,74,0,0,12.921152,1.9898071,-3.696916,-4.090086,-6.3910484
79,train_images/996f9bba4ef0.png,35cb1db591b5dc4f3cace184ac27dfa90652f7ad178d2b18ee5147adc7ab5e2a,79,0,0,9.862052,3.9265985,-1.9560132,-7.093014,-4.321699
83,train_images/d29b37d110f3.png,b3e93fb8e2bdf1bd4fff555d9e43e04f0bdfa423c87a303b81b5ea7fff56c00f,83,0,0,8.534648,-0.5674162,-3.0206892,-0.5939579,-3.9850276
90,train_images/b77b8a1f09f1.png,480f93d7da3ee17710fb94901ba610ccc9c9c9ef13b97b2014a585e0aecd8576,90,4,3,-8.987696,-4.231789,1.0659575,5.9929295,4.8654366
91,train_images/a384e688e228.png,290f6c98a8e1db30d019ee6c806029b5466f6b44a6e7e8d69505bd0d6e3b9f6d,91,0,0,10.228626,2.660905,-1.6667717,-7.1772213,-3.530834
98,train_images/79ce83c07588.png,875f7e33f052ce66187d01240da12b4b4ca0257c7834ae4efeb6da0bc1292f0f,98,1,1,-0.010318756,6.0566187,0.23399168,-4.0635786,-2.4514544
104,train_images/0fd16b64697e.png,543f9d2ea4d5fdd9234cf8ef0b7f6b3374113f797e43217b9c6c12a5ad2a2276,104,2,3,-9.265898,-3.9143634,2.6231706,5.8074646,3.4250638
111,train_images/57a5f1015504.png,1625ec89e7b02f9de0f1cf6c0426837f604459db9b8b8ae21de39a714fa48158,111,2,2,-2.7791367,1.2748394,4.677712,-4.7152386,0.7893374
116,train_images/3dbc90c7ee7d.png,67e68aed22d7e28bbcbe224a29229936e800797753e326c640b786423cfcabc9,116,1,1,-4.9788685,3.9161854,2.055194,-1.2985535,-0.5339501
119,train_images/8d4ff745a409.png,a5316afad134bc35d5c90c81f1a42f1d58eda76f57b3cbcdca91e8787a42b9b5,119,0,0,10.497306,3.4573221,-1.7321262,-7.969366,-3.7860863
123,train_images/7f1f3269f546.png,a08245dfdba67f139e0fa82ba52c6f1049439d86035a08ed6bc617c9a2b774ab,123,0,0,12.073791,2.533965,-1.3061187,-9.232616,-3.4913933
129,train_images/8c87bd748996.png,d0026028fc8d249fafcefbc861dce892d83a4c37ea66b886291a8fb67f3b7dec,129,2,2,-4.054825,0.11293697,2.5899458,-0.32513428,0.9052485
131,train_images/720b5f62ce80.png,0cf25d6e14be7cef7ac6af42abb4482b36f2c10e652bc5f15ce626071b1eb7fc,131,0,0,8.215212,2.8752718,-2.9187946,-2.5613842,-5.2636375
136,train_images/44855f666225.png,9ae0b4ef73578fa86ed2dcd263d404d1fe3c59e710086205814b67aaa07cd527,136,2,2,-6.389864,-0.20808029,3.2666392,2.929762,-0.62444997
141,train_images/8d62ba9cb22a.png,1c67ca1669b23d5c60bf2dd67e0138a0007ba572144323295784ef141ef0db70,141,2,2,-4.192877,0.84325886,4.480507,-0.5190563,-1.469312
149,train_images/0243404e8a00.png,ec1260078c714c4f30386b36a0f7556c70f313f30f7a467aef5a2f14c17acec0,149,4,2,-4.4500885,0.39020824,2.573721,1.6556377,-0.9378035
153,train_images/069f43616fab.png,d1787069e8da415663eee3a04d264958413555a5511dc1cc399b2167def60883,153,3,4,-0.16567421,-1.9365873,-1.8242948,0.85484505,2.6549609
159,train_images/ef247f28004f.png,443be537fa9a32414cec055bbffe02926bfaa713ce5f1b676eab807cb9e11dd0,159,0,0,8.815089,2.3651848,-3.0950124,-2.6495466,-5.0606976
165,train_images/c6e1e9fbf39b.png,15a19b5437e7afa3485cf8c99a661922af555e10e26f30738e9641a978af3ec3,165,2,2,-6.382105,1.2082996,2.6122718,0.45284653,1.1231837
167,train_images/68332fdcaa70.png,3be3e01be679845db3cf85d6228042f9ccd4f0b935c57f798a73e9eb557e9574,167,1,1,-2.567768,5.4161625,2.2889266,-3.1062403,-2.6286023
172,train_images/cb39761f0712.png,6e619606bb9a3035a30f250551071b7c2b3212ac09a20cd8ad0aab6a37484115,172,0,0,11.02573,2.186283,-0.85841024,-7.776593,-4.001981
175,train_images/6cb96a6fb029.png,fa3f631468dad2e67e27944375bbecfe730166c8dc3b7e9f167c77b9321ca5e1,175,0,0,8.19219,0.6139755,-1.7784405,-2.3089123,-4.4232645
178,train_images/52230bbef30e.png,b6f199952ab6b219a66e81b549a379af5c89a331c9a4efc4514a082d470bdf78,178,2,1,-5.1330643,4.0177298,2.782837,-1.3687363,-1.1534059
183,train_images/1e1fb019710d.png,15967303b403fdff8d3627192ca31a7f2715b343f08b0befab077780f5a87e8d,183,2,2,-5.173424,1.6080418,3.1930892,-0.66400146,0.10043669
184,train_images/dc3c0d8ee20b.png,8df6ecff0ab92a9bce692ce446b0c61adaa10efdab80c2b52593e34003859460,184,2,2,-6.4600086,1.5371113,5.3778872,-1.2782211,-0.2893238
190,train_images/ea588d1e5d96.png,5780521a6454f8b848476e20bcadb6c9a5306ba975358ff060d188591a5412dc,190,2,2,-7.1923943,0.48618412,4.727237,0.4160614,0.45641494
198,train_images/51030843fde2.png,7beb7ebabdfab826aacb68d7a82b3afcc2de28f606c1e9694192e5cbe48baa27,198,2,2,-5.2535305,0.13204288,3.439995,-0.93917656,1.6741598
205,train_images/a1b28bcbce00.png,0311cfa034fa3c3c46bbdc3057fcd79738c4aa4b4cff7dfc0ddddfcf2856fc4a,205,0,0,8.612367,3.8352299,-1.7959273,-6.409836,-3.7072122
211,train_images/91b7a4179ecf.png,79debf6e6dfd182c4034e34834334d29dafe7c8661ef47492a88cf736b4a7fca,211,0,0,9.748314,3.7585983,-1.5154638,-7.6564713,-3.8022902
212,train_images/f6f3ea0d2693.png,312e23e7782f1088f43ff71b2b8974312ceff12be08c8e4c146d194ba8daf94d,212,4,2,-9.439749,-3.7799892,4.9811554,3.8367538,2.9992626
216,train_images/a1b12fdce6c3.png,bb6d47fe3863ca6bf85bef36528de631c22a926ea3aff21beeb1ea9c41b7aec1,216,2,2,-7.2226257,0.17883968,3.0205119,2.3680725,0.54700875
224,train_images/5ea9e447bb62.png,41a9b4a5fab92dcc2e0452e9956464b89390adc22059385c3723b8f342fc74aa,224,0,0,10.641821,2.121994,-1.4604747,-7.6819267,-3.148527
228,train_images/0a9ec1e99ce4.png,4578633466c8eda74ff4967d6e4b1c8eb38ca422a479d73fd431d08d3754f44d,228,2,2,-4.5099487,3.4381895,4.38469,-0.58418465,-3.6316683
234,train_images/c64c0966b4cf.png,6c6145a907bf4a39c8972a4b02f2aa8e06a3ef08e55618b25adffd70d12106b9,234,0,0,9.289353,4.339078,-1.0858033,-8.641413,-3.5346181
239,train_images/c1c8550508e0.png,3b26186be5348381728f79c58fe26b0bb8b31f9588df7807eff5cd00ec1f1819,239,2,2,-7.422106,0.432415,3.4933002,0.84292793,1.4556524
246,train_images/cb68fce07789.png,c4d631423c9fcc239ccf3628a96cb9cbd1dcd8ed2bb11dd46962d0b12669a0bd,246,0,0,10.508821,2.4218988,-1.4921396,-8.040083,-2.9539587
249,train_images/3908b3cfd620.png,eecfb4385e914786be8625ee9c9980e72a4ff135efda87d02ac95d5035589b91,249,0,0,10.778325,2.505353,-1.5805774,-7.726742,-3.4865992
254,train_images/72595230840c.png,ed1cfee3728b6045d28acd761bf72597402002383fce2c62e60796d1febc0407,254,3,3,-9.143499,-4.9386015,0.7085269,7.2227154,4.879772
262,train_images/ec4649213ccf.png,e31a8e41dee580accbdea40ba8e70a3e47a860cf49755c97326cc591c8dd4c67,262,1,1,-4.274269,4.354409,2.0592175,-2.69318,-0.2334466
266,train_images/8bdb891661a8.png,a78a2833f8cd4d50bd69d5dc522893a34b1e12b12f55476eea097e9458feb468,266,2,2,-2.1136875,2.5226498,3.6265783,-2.5492,-2.147053
269,train_images/d7a01fca9838.png,7da803f51d3647b481e1a3c0185a7bf01af469db40b8a31989d684bf11adf750,269,0,0,12.692554,0.4624443,-2.7907329,-4.6216707,-5.0169106
273,train_images/ff4cd992667b.png,dbca0f1d4915149ff76b74cd2418186c4389225bfc2c30b78e68ac7c21f3b8b3,273,0,0,12.341011,1.2210016,-1.6501157,-7.121524,-3.8561208
278,train_images/e4e343eaae2a.png,db77265cee9f06464bb248697f7b4dc7a66abcca758d48c1c632b39916eda082,278,2,2,-6.968315,1.1684723,4.4790025,-0.5477066,0.75769496
284,train_images/ac17cc18a994.png,6a666a67c2bd0d0d1b40676260c5cf910b93591180928a6a8cf44cb0eaf33e3d,284,0,0,9.366726,3.1198645,-1.0804808,-7.875392,-3.1578243
287,train_images/b69c224edd6e.png,369ad5862b9395e3eefe91adefdf69c84e25b71581386574ecc799429bf42b39,287,0,0,9.813642,3.2205267,-0.800214,-7.0749865,-4.552292
294,train_images/e93394175a19.png,b8e37091236c7f933c06a8b3bc58b6140b0cae260fc7169cfe9d2496329cda0d,294,3,4,-9.090033,-3.9887342,2.319044,4.644764,4.842265
301,train_images/38c7153457e2.png,6205f038d7098d5e81efdbeca73a62f0a2b2c6d95e0347f9a4939c8d0736b4e5,301,0,0,12.636219,3.4917507,-2.8360777,-6.8411865,-5.720274
304,train_images/02685f13cefd.png,79fb0890b5455a0f7331019548d699d111acf077d09381eb125397a712e4e1a0,304,4,2,-4.024582,-1.1078205,2.544884,0.3830452,1.3870051
308,train_images/5728b8aa98ef.png,a8e2e288e172c203fba914ff35dbbb82384879d77df6a486232fa5e6bdc487c1,308,0,0,8.963398,2.140092,-0.67449903,-7.4269114,-2.6837218
313,train_images/ee36ca728641.png,a33630d60991deaac7eaa8036e3fa5f051d95fbf8a566e8776a8cc92caa62dfb,313,0,0,11.03958,1.2849884,-3.1048617,-3.5776024,-5.062276
316,train_images/484dbeb9bf2a.png,5da2858c1f71a214b2741fcd888ddade478427346adf866742faf8fea2863577,316,0,0,11.547337,0.64590645,-3.5862978,-2.666749,-5.29072
324,train_images/52dbec057cc8.png,93a85b2e63923cc617f3a8c385fd7001f699f9246f84381cd068723ea89dd3e1,324,2,2,-5.3677692,0.87857914,3.4313352,-2.1996813,2.181422
327,train_images/18621b9ca978.png,1a962e378e376ef5a483b0e1c2498adc74daf998c1a68302c4b0c5e830b8bdbb,327,0,0,3.6902542,2.0765734,0.7451133,-4.930212,-1.6241057
333,train_images/cca626a0e19a.png,3ccd3e828aa4317aaf74956f7bb5b99df5e4082950dee58a10f327bb8fe1ddcc,333,2,2,-1.8372116,1.5856256,2.7447758,-2.5548801,-0.5665486
340,train_images/ff77e8e5b5f3.png,2842411a873148351d2ac19434b0c6c7008514f5e1eaeafbfd0558a70bff747a,340,2,1,-0.32098198,6.3182993,1.5409293,-5.154149,-2.7679656
345,train_images/1f5496352859.png,086b47a5f2f28936db7ca314ae47895861ae8cdc216bdf18f4ce9335c15c4891,345,0,0,10.623524,-0.76299095,-2.1389222,-2.7583275,-4.47861
353,train_images/6df8b7b6e837.png,a75f486e6baa198f38ddfbf7b07da6e9e64fbd8ce85c28aeccba3e68a98ab0b5,353,0,1,0.5733566,4.5997095,1.2003808,-5.3441668,-1.3591235
356,train_images/1e143fa3de57.png,d9693f423433ba9af946e90eb9c4ef4ca1437c9be236e3087d8decee8a86835f,356,2,2,-8.066702,-2.136982,3.6215572,2.7117844,2.6996732
362,train_images/4e54ccfd49b2.png,6433c8c7b955f61dc6e248c443472a503d1ea95f4c9aada6e726e89ffb575b3e,362,0,0,12.05644,3.9189272,-2.735579,-7.8828793,-4.7147474
369,train_images/c9ea9d5eab65.png,92a1fc4c05c40767e6e83fcbef444b95be9e63907eaada43a6e7f06fef9d3dd5,369,3,2,-5.4517117,1.778161,2.6603553,-0.17435837,0.22260404
372,train_images/6c30dd481717.png,9f76d6cd2eb30f93057d31538053bad61784521ce931bc6a28002bc59d721741,372,0,0,9.94325,-1.3286161,-2.3924475,-2.3870564,-3.294222
379,train_images/4ad8d3ec8789.png,0ae10118f919999cdc53ac0003a698891c124f71281af9e557bf44a3795aa7ef,379,0,0,10.016474,-0.39708996,-2.3474236,-3.7874632,-3.01532
386,train_images/4ef16a53d899.png,29f589713a5cc80a4161fbb85c572aa642a2409177f994e3d6d5241cb7a47f70,386,0,0,11.194684,1.4656534,-3.0880096,-4.416299,-4.603202
390,train_images/97a5ad7548b7.png,908fe79d42556b58feeaf61f44452e5436bcb20fefce68d91da464c9602e3190,390,2,2,-5.513752,3.2147255,3.6853838,-1.5521393,-0.7489984
393,train_images/b033ab4fb723.png,1a40f0b60767d5f58ade69b87b37de1d5447df72e33c56f57e5dc7fef01e0774,393,2,2,-8.104448,-0.15782547,3.5816164,0.78253365,2.5692964
401,train_images/af828dab3ffc.png,ee1e2fdab8578e2d4c6f9d72f62fbadc258502d0491a4ed0912f21245e3d4f8f,401,2,2,-5.8240986,-0.035173416,5.1570196,-0.79579353,0.5073652
404,train_images/a7c10ca6c117.png,7f97d4ad4b0c6ef4dadaeff9d88b2d89d7b6828935b8ab35facd6a838cca95e4,404,0,0,11.065872,3.8554325,-2.1698291,-7.519271,-4.7046595
410,train_images/478fc46eaa49.png,57e7aa1a48d19ae2ee21a26d8f00bdad60f9eea3e2ce981250130a7987b70af3,410,0,0,10.708011,3.4529533,-1.8164978,-7.851426,-4.0197783
414,train_images/0ef4c61dc056.png,3724387b20c9c4c6c3866e50e93d7e8fa0ffb9ac69e40b337ce597de6a7c50b4,414,0,0,12.222461,3.8053598,-2.116514,-9.061824,-4.2343597
419,train_images/cbe633765ea7.png,bd969bdacb00aaf9f1be635862be94beeff4949f4bfafa0e1ae03c7f4780ef8d,419,0,0,10.604662,1.3405237,-1.2640202,-7.4873323,-2.7003624
420,train_images/b1197f2cc9b3.png,8a9797fc89e0f7c7bd92ff28fc1180f201ad3842d8b426c1ee9502ab938c163c,420,1,1,-0.84887695,5.373605,1.6680434,-4.152087,-2.4096725
421,train_images/d51e5d7484ea.png,6aaa5da8eba7214458a13c4952b231aca180aa56982597061694506e5c3f7dd3,421,0,0,10.848041,2.811675,-1.3844085,-8.522568,-3.2925465
427,train_images/1da25637859b.png,c75d9de142a78d4604c323f12c3baabde0f38b2068c5d6a2f6175427d12d2ed3,427,2,2,-7.0489063,-0.20085526,3.7893782,0.75226593,1.5524216
436,train_images/71e43b4f8ba6.png,d53cee79b6c156a255a32e011e925d516bc8dfab7e5618e1130176c8fa43ebde,436,0,0,11.649729,2.9911757,-2.066973,-8.8169985,-3.2332876
441,train_images/f6d760566a51.png,0c666ba6eb05c358ff26cc1503c1c87db61b9e850511647d23dea278951c3a38,441,0,0,10.526583,2.164197,-0.7279395,-7.836685,-3.6534994
447,train_images/18af532e7e1e.png,87bb2fe9f88db42d9b05a809a4e0d108f83494edbf09781a4e72b312d65d28ea,447,2,2,-6.3473186,2.5429096,6.742266,-1.3733559,-2.7208474
453,train_images/15528e740543.png,fbe0150302f4dba8560f0b68ddf6293657926a903f5fbdf6ee20e4c4dad67734,453,2,2,-5.49349,1.542551,3.4004514,-1.1883488,0.70505
462,train_images/22449af52060.png,d2dc682c757eca02d89cc60fa289e500710c99a84af37a45b1e2f204161407f3,462,0,0,11.828932,2.1324158,-1.8988581,-8.020247,-3.4560125
463,train_images/fe3b0e50be78.png,d290ad88bb825273f6ae0143991669a47a5d1a1f94be314621c213a4aa355bd3,463,0,0,11.367383,4.4926805,-2.7831929,-7.4033957,-4.9167824
473,train_images/63c0eafd6aa9.png,e9e6dfc06ce89c99a49f00231aabf650b9f1fc92e6f5d5328f38c2ca2fc1c093,473,0,0,10.987023,2.801633,-1.8853047,-7.808566,-3.5700662
480,train_images/b8297a2291f5.png,87afabbdc0a8bbc05e5699b0299a10b4217c0621a267b2172d23c71becd1ee74,480,0,0,12.577897,1.9477177,-2.0373077,-7.6407557,-4.173897
484,train_images/0afbeeef0ff7.png,189fe280f1017599b78b6bd7e7b4362eda2c865ef9c1bf25bb3836bb3b7f95c6,484,0,0,8.897647,2.74304,-1.5142348,-7.349203,-2.4637063
488,train_images/1b32e1d775ea.png,0d2fd1f2299c818ff14a57c895bca9042ccb9b574d84bb988f22a64e543db91c,488,4,4,-6.5999184,-3.7904396,2.1101463,2.5200024,4.7269845
490,train_images/a528be013a04.png,3d2ad1ce0adf1b1509f0b0895d8d92f725ef627d26a88416a3b6ad01ffdb5ac0,490,0,0,9.653335,2.9516497,-0.8280604,-7.8640003,-3.5406969
495,train_images/cf0575534cec.png,82835e0940a955eb81b6e3b681a5eb867c118032267bb6d6dff0789eb67a753d,495,1,1,-1.8901577,4.3203325,3.4066591,-3.6383553,-2.7977412
497,train_images/668a319c2d23.png,0d01e974b09bcc249e7825f31b07a35755d57010e8de869dfe86e171517997f2,497,0,0,11.9463,3.146227,-1.854568,-8.297134,-4.332963
502,train_images/6cd606dc52e9.png,52fa022fa7d7ecad954b7a8d9f54f7f934fdcbefc0a48e410621bd3da775d3fb,502,4,4,-4.3878574,-0.9572735,0.3509205,0.39328003,3.8430676
506,train_images/2b88cb6e31cd.png,9301dc238c2fb0eae0ac6ef041b009954c995f7a3b9fb9533d2c3289f8099608,506,2,2,-6.5090065,0.44769192,3.7731323,-0.8147087,1.9878707
512,train_images/504a69096fcb.png,ef4dbd57085ff65a00562033125874c403badc581d3298039f9b5810fb3320de,512,0,0,11.307628,2.8451042,-1.9034739,-8.08487,-3.6035564
513,train_images/e60e4edb3ca9.png,05e86f2dfc3ae4f94a9936e8368b2d76fbc2dde28525b283c2c912e1988b5fbf,513,0,0,9.283314,2.7283325,-0.8779845,-6.4582253,-4.287156
519,train_images/ec57cc20d776.png,e3724051a416d067fb05b70268d05a4b199673cb16f09f19a3eabcf10e1e7359,519,0,0,13.400557,1.6080027,-4.4388847,-3.6593924,-6.084896
522,train_images/f025f33b2c9b.png,1397d987e28eafb5e9574fb756741b1ea787d0b54fe2db3d7f6f677fb51682c1,522,4,4,-8.698759,-4.6986284,3.0736184,3.126276,5.8822074
532,train_images/247ac63e5510.png,a9e70d6b8561ba10d7724c711c4dba6cd5428fdb1713d576ce7ddf65f1f927e2,532,4,4,-6.289461,-2.3313756,1.3389091,-0.14717102,6.374852
539,train_images/be7bc89f5fec.png,54ece05eb1367d608c1291f16db33b9cf97050da5b49519837c51d3ea3a01ffa,539,2,2,-4.2172184,0.7172489,3.148212,-0.77737236,0.38682842
543,train_images/be6cbf6e5b10.png,585c3fcd506441bb63c5ed86efa72eda81010f08827907b353171d5c7582b0af,543,0,0,10.80744,2.854576,-3.421238,-2.9591484,-6.7597275
551,train_images/12e6e66c80a7.png,b7c419288f2270ca41a7fb87f0471469f115d0b53da4ddcdfca118f277e0fc07,551,2,2,-4.4247017,1.198513,3.0060441,-0.44008827,-0.17188406
554,train_images/282bc792d23a.png,7cc28937d65daed6fd874c014378d5ee256fd0d8ce1e184d081f88039fdca1e4,554,2,1,1.5862007,3.5840712,2.667206,-6.202902,-1.8671081
560,train_images/a07d9a5045cb.png,f2e0ca65530b82e7b10aa52c1be56e740ec1367709da3807dc259b32451cfba7,560,0,0,12.0795765,3.2097082,-2.1381857,-8.285961,-4.2618294
567,train_images/13d014ccd136.png,e3e6f823e529de22160d9ace88268dfd1aa6cd7aae473db98ed1c3df67a44290,567,0,0,10.671453,2.939929,-2.0152144,-6.736372,-4.334611
573,train_images/8543a801dce0.png,124fbb53510f23ebc9aabb7e9d92258602b65a8ce8e695af22c3bca19634297e,573,2,2,-5.9351616,2.306962,3.7602215,-1.5425053,0.4861822
576,train_images/207a580de0ea.png,8ab22a18047a633ce18304965765173c0dd0308f8b4228e94ffd46a0b2f98424,576,2,2,-5.8097134,3.1575146,4.341544,-2.0501175,-0.5895953
584,train_images/e4c799738a19.png,c8e01f11ed207e68869cd16e8620e3ee7fea7bad15d67344c1781bdea9225a8d,584,0,0,13.838408,2.189909,-2.5618272,-9.027855,-3.7065275
590,train_images/1cb814ed6332.png,55623f64fa2881a1b80c321f710de228ade68e0d194b73918ad10639b0246257,590,2,2,-2.9387627,2.6989174,3.1233642,-4.2392616,0.70380235
595,train_images/04ac765f91a1.png,c216c357fa59ecd728a5211694af6a5d18f398b4c364a779e3d6ce6f82cfbc0d,595,1,1,-4.2747097,4.0195484,1.9431622,-3.4321966,0.9947045
597,train_images/331b87d1b9d1.png,4c2fd33efc321208823da6eda1a4f6a5db7975a91430bba503469b74142146a6,597,2,2,-6.1749096,2.3029222,2.7754192,0.39559937,-0.22449279
603,train_images/445a8a6da55c.png,9dc0d17f93ea279d7dbdbbcaed4d72fa63d3e442e6dbc0d334ce32d5ed0f2e06,603,0,0,6.523119,4.168998,-0.22057864,-6.8353424,-3.5297492
610,train_images/64eb5a79dfdd.png,71d904a41744af519e16cca2ac18f11342b74db854aa4750307adfe4d654eab9,610,1,1,-4.855055,3.2346296,2.225946,-2.3266907,0.82329226
615,train_images/870fbe6eaa68.png,0f3ad09779b61f2370a3c2bd3526fc2eca310a5c387f2dda52afbf33e0ac35c8,615,0,0,11.240075,2.7431822,-1.753406,-8.662629,-3.082833
616,train_images/e1dc02a3dc2a.png,7aa488151021ceb8940b77903dfd1dd441b27999e08bebfc0808ae3952fe9785,616,0,0,12.084833,3.5065994,-2.5318441,-7.524542,-4.88877
624,train_images/aad0c0ee9268.png,67892f888833b8ad425bef3cde2f9d38503ade4a8172e591b26e7a5ebed11672,624,2,2,-4.375389,-0.104465485,3.9241915,-2.039691,1.5073906
628,train_images/50d8a8fb7737.png,e0212fc338cb6bd5185bb9fda606930419ce26302fb0e6a02787761a5dbb307a,628,2,2,-6.926819,-2.1932793,3.3147595,3.077776,1.6870041
632,train_images/540e4973829e.png,92a55217a9a11d40e70cba435f0695360983ea61a55ac476a8826c5960e2d7a3,632,0,0,12.360529,3.6131659,-4.5026903,-3.3468418,-7.3980713
637,train_images/5cbe88914a72.png,52ddd040ba7aa6e43afba6b0a8e607d12a5086937cdc113fb9118d103567a7e8,637,0,0,9.83579,2.1297998,-1.5418708,-6.8729553,-3.1587608
642,train_images/2a7373eeb352.png,db6e51f56fba7f4bf6b9e5b0038a127cb04dbabdad39c259f01aa42cc4317be2,642,0,0,8.184809,4.537833,-0.8176033,-7.5238695,-3.9779027
649,train_images/3b185ac445d0.png,777a5d0e63299299493a645151b70fc6880801437a2e54144724106ef4e6d668,649,4,4,-6.570627,-2.6908693,1.642734,1.7742653,4.74922
655,train_images/441affbe99aa.png,0174d0a7f618129d9f7b2dab5dff4d8c5e1568107a521654a2d6d3b325297525,655,2,3,-6.9399586,-2.5204248,2.6286817,3.555725,2.096798
662,train_images/ab1c20a94f3f.png,76030efceb76de1f1551da5feb68ff38acbf3b37629aa2bcc7f983916cad3751,662,4,4,1.1257668,-2.225123,0.596829,-1.2860317,1.3289673
667,train_images/eedae6b28f96.png,9cf46151aaa23372d45b59915eb68a2dec47c5ef865330812fa11077d7768a25,667,0,0,4.052,-2.0365925,0.78160304,-2.7162704,-0.059600353
671,train_images/4aa07d720638.png,a78460992d18f4936decd31522b089a6ce80e94572b365c9ecbf1c94669b5e3b,671,1,1,1.4714928,4.659892,0.05402708,-4.543831,-1.8052552
677,train_images/1c9c583c10bf.png,7a3b576b588c36cc173989d29f7b96ea54b05a285a74a423193d9efb35ec2815,677,0,0,8.431999,5.643359,-1.677089,-8.052024,-3.844619
678,train_images/4036471a1bb7.png,c169b615fc3828c0b27effebb1f641055881c25478ec98f9ccbba4c5b1fe528d,678,0,0,10.787773,-1.4973469,-2.6210272,-3.573268,-2.5788085
682,train_images/d801c0a66738.png,3be3e01be679845db3cf85d6228042f9ccd4f0b935c57f798a73e9eb557e9574,167,1,1,-2.567768,5.4161625,2.2889266,-3.1062403,-2.6286023
687,train_images/f5650eb52640.png,d3e1225f59f0f576351383894196e13f4adcaf10d88282d640f5ff6f42c3f197,687,1,1,-3.7774124,6.91459,2.5750694,-5.036933,-1.3884299
690,train_images/84b88e8d3bca.png,f237a65aebad1d95dc9f81d77b0c5377268ec539993401d8d149d45b26335798,690,0,0,8.849504,3.206338,-0.9305494,-6.4998894,-4.1740685
696,train_images/dcf109df1a2b.png,c3abf2a137d78531e2916b75ad73fab9600876f605451d2d1beb80f340119721,696,0,0,9.893545,2.4492893,-3.5527613,-2.3922796,-5.8927917
701,train_images/2fdffb6160a6.png,325b395e7540e24f10ae1a0b149e9b8cd8573d51bc34b79b534436d269295243,701,2,1,-4.765484,4.2814045,2.3509936,-2.089323,-0.66731
706,train_images/caec68f11c86.png,99a959fb829c78ecc0d79687fe089274d14e3645dc8dba28f63c31dac7056895,706,2,1,2.6415062,3.7927217,0.094135046,-5.2820196,-1.4743207
711,train_images/0f882877bf13.png,852ed341d5745a84de92f82f9778494b2e2e0a9802cf84efb6b091e78bc74390,711,3,3,-7.899046,-0.11629963,2.4261122,4.5639095,-0.08315492
717,train_images/5299a532f0e0.png,a596b9a4cfdb8f3c9cdbb578660a10a4beeec0af26d19696040658ac5ae3aaf9,717,0,0,11.917006,2.9570694,-2.4549043,-7.5671606,-4.2507668
723,train_images/0953c0ac1735.png,89ee07623edc358e3d2f734051166c6f3c8c842111ce0ad9a4cb14388ca51e34,723,2,2,-6.7825394,-1.8238835,3.546616,1.8858566,2.1246526
729,train_images/22098b1fe461.png,3a2129a6f2fd97f6b70044e2b438c765717ddbb9c643325404abfbd92cbc7d1a,729,1,1,-0.5319176,5.516654,0.1208905,-1.9468498,-3.6140893
735,train_images/295fdc964f6e.png,877d9d7695aec8bfe98867e5568f236f8ebd6535678b762fbcf38453761b6ccb,735,2,1,-5.154646,3.6559572,1.5386724,-0.46514893,-0.32186246
739,train_images/79be2ff796bf.png,11ed9f43ee17e864b59d4c815184b74de131d2dcbda4d65943988f028f2f16b4,739,2,2,-7.088463,-1.9273343,5.1490693,1.6560211,1.0134178
744,train_images/1e9224ccca95.png,312e23e7782f1088f43ff71b2b8974312ceff12be08c8e4c146d194ba8daf94d,212,4,2,-9.439749,-3.7799892,4.9811554,3.8367538,2.9992626
746,train_images/81371b0c01ad.png,8a59ccf872c4200146be39a229bef5ad6db8bf1afbefcc9307631246d4559c18,746,0,0,13.012396,1.2570915,-3.424597,-5.063266,-5.0393047
753,train_images/a476fd984005.png,c6b2e9068d9a77c452d9ed1479c3e5a469dbb4f26ee4a1171c7732260a6de185,753,2,3,-7.775217,-5.2446175,2.3617449,5.6750717,3.8057466
759,train_images/4ab8c0cece7f.png,d5ac6517493915a0d61b47236ef8d2ce967f944b31a1b846de47ad59544e69fe,759,0,0,7.463831,5.0083237,-1.6490748,-5.9840765,-4.583603
763,train_images/6180920bc224.png,0c1ec1e298c171c2a08ffed5dae06314d4d3f8c29122658dbae90ba48bbc9cde,763,0,0,6.1760807,4.215641,-0.008503497,-5.906251,-4.3997755
765,train_images/f6f7dba7104d.png,2eb62fb8ea03f4168a058eb727f83132c718e9e27b7f3d72e9f24995f2569869,765,1,2,-5.8939266,1.0606871,2.142659,0.051618576,1.6955783
769,train_images/45693d027798.png,742a8815ec47de2c139150382f55e993be322dd83ef9b1099bf0bc9dfe7fbe5f,769,0,0,8.9066515,2.0609617,-2.0262675,-6.1087713,-2.4890301
777,train_images/916915f01e17.png,d77be730c8cbf04d2f3b7f914156f1b09044d972b5c93eb89f05022c2bad5916,777,0,0,7.87228,4.357195,-0.19892347,-8.358959,-3.5050886
780,train_images/cbc2e57447c2.png,b1b6646175257813239a48c013065d101562b40cd6ca5d929e8d1116728fbfa3,780,2,2,-9.416426,-1.7037272,5.425432,1.9762344,2.287496
785,train_images/48c72dec46e5.png,1695b1634f7e3ae4c35625cf2d1ee4ce90ca5b0f649b2dc00cc361b65d836cde,785,2,4,-7.6657276,-1.3208089,1.4899535,3.0181522,3.385572
791,train_images/18d8fdb140b7.png,d29e3267ff01c3a876c0f867a8af4a2a28f691b2a50ff03c4984cfd706fc6457,791,2,2,-9.010962,-2.025972,4.8939176,1.9029369,2.838476
797,train_images/5995321563b7.png,27429b72e31105d93af73930769ce0683d7d19d36e4a9bc49a0842c9a359744d,797,0,0,11.727099,2.3169718,-2.3503826,-7.533578,-3.5682838
801,train_images/2f5c9cdfb333.png,bf0342ea787727c689c00d2cda4f9c8836c38a886ed008a6c203f67049de9a13,801,2,2,-5.1080704,0.16199207,2.789812,1.73073,-0.43236446
803,train_images/bf6cbccacf39.png,5c70671d0691317e1cf5dffbbb1a3bfb820de51c464f211298394f5523704d1e,803,0,0,13.963219,0.68120766,-3.3531606,-5.3141108,-5.095989
808,train_images/a76132e79688.png,aba8f343d9a014049112de0c05db109b6ce5c342d59b52a2a9f90fa747275d3c,808,0,0,11.434207,3.457323,-2.2130635,-7.3197775,-4.7920094
815,train_images/2628305cbb29.png,1788ed5abfba96877edeebcfb902deed3a12d9295e59810bb02ba8e944944e7f,815,4,2,-5.2269745,0.4179802,2.2597125,1.2304096,0.4161365
819,train_images/f85c78201a50.png,231d4f33912a2bb543e4bf6f75e204b266e48839aaf42a66d41eb22a642026ba,819,0,0,11.020869,2.4104204,-1.1044827,-8.054905,-3.7313964
820,train_images/bd34a0639575.png,c2f2ddd59724be80c5801433af2e49fe3b41243f938b76fa1b0d4d1d52e40d95,820,0,0,11.06551,3.583723,-2.1376367,-7.9916067,-4.0022745
824,train_images/4464bb62bf20.png,e8aeae7cea3c54760b5d416895438da5256e00f139f633d127265de020091fe4,824,0,0,6.201441,2.3634377,-0.17446053,-5.872342,-2.2867343
831,train_images/af6166d57f13.png,d000b9247b1f8f85806bfea88dfa0bc940cf9b7ef86f7d4bc323cdc5a23270ee,831,0,0,9.582625,2.3212461,-3.0902963,-2.639511,-5.6876154
836,train_images/d2d523e9f669.png,55de5164017259c8eee610a6b41fc19be6944d86f525228fc9fc989f5db3d4a2,836,0,0,10.01507,2.1596327,-1.9940012,-3.368763,-6.338031
838,train_images/aeb6f4fd2eed.png,65c509fb15d43974412e19481b9ccf1aa115f1e14ea2dc02b96a8ba345048781,838,0,0,12.910276,1.5191116,-3.8964064,-4.394539,-5.3166704
843,train_images/8e4a354e3da2.png,6665d0d5129375afc57bb24044f2e0ef0310ddac83fcb7a8e475087fd0edbff1,843,0,0,10.110289,-1.1825228,-2.6025794,-2.2025528,-3.587412
845,train_images/5e7db41b3bee.png,bb6d47fe3863ca6bf85bef36528de631c22a926ea3aff21beeb1ea9c41b7aec1,216,4,2,-7.2226257,0.17883968,3.0205119,2.3680725,0.54700875
852,train_images/4f20f9a9a65b.png,055e5b2a0c4d7cbe10a5936175a2b6a3765651f55080cfb8c400a913d50b6d57,852,2,3,-7.207697,-1.4932604,2.5536854,2.7907734,2.2124639
857,train_images/d1f1ea894da1.png,43a73ad7b51fa957f130a3c7dd73e0f98b7f80cd081c2d4b295f8af29b47cc04,857,2,2,-8.198687,-0.06898117,4.7485204,-0.45928,2.6692796
860,train_images/3b9c1f42c2f2.png,194e890db59ac0c1b92724436ad62e5f8aeda3333ed67139457ebfd9f3833254,860,2,2,-6.23588,0.44455338,4.482679,-0.089271545,0.30598903
866,train_images/763ad1236efe.png,2067a6319680fcad5a9c5c4f284bb45f4c3b9c989eec0d03b0ee4d033c366bb8,866,0,0,9.414541,3.5721455,-1.2301981,-7.565632,-3.8156517
869,train_images/6bf2a81a5d91.png,949a4d3ce3c3e6556f5763895627c429954b3458eb12be70492869dc44c27cc6,869,0,0,8.680565,-0.7248688,-1.9704566,-2.7681322,-2.8469012
877,train_images/8a759f94613a.png,6999ab73db13c01367ae204b0f29c22e17c9e31033408ef149683186e207fec5,877,2,2,-2.530939,1.5954685,1.7718735,-1.9349527,0.4904244
885,train_images/4d1cf360b2d7.png,d7cac0c45b547700be034c095c5f622f8ff0584382dc2df4dcca093cd3233814,885,2,2,-5.838539,2.024106,4.444112,-1.8663921,0.17259955
887,train_images/8ead8f37423c.png,511625fca1557f94678a0532ebd93045043f1dcaa1be4ffa93369737698dba91,887,0,0,11.369272,4.041236,-2.34819,-8.656254,-3.851776
894,train_images/2ef10194e80d.png,026c2b7afb6345362d8568b7679c22e0bd46165e4d33fc568ae51daf463ae09f,894,0,0,8.206877,-1.7609568,-2.110639,-1.8616371,-2.134484
901,train_images/d85588ff2ebd.png,218657a9a2228eb17d677a87f31e1b817414a90648662d8d3815a874e1c068c2,901,1,1,-4.3158436,3.3263254,1.6673911,-2.193265,0.7684381
904,train_images/e31c42a8652b.png,1baaa16aea63aee81a0373c0c0fd80968e5ce8fcfc9be76ab27e0d58136c8171,904,2,2,-0.36176872,1.8332214,2.2448168,-3.0677128,-1.0859907
909,train_images/9d9bfefa809c.png,1dcd5179b770f6b8520566bd9aed940da25402e7de0fdf5bb66cc78004419c81,909,2,2,-4.151249,1.88484,4.082968,-2.4027405,-0.22873545
912,train_images/45369821d6a3.png,a51f0f8a1a2e1ea7487ceecb66986f8c3c60ef551cfe8ded09d27d4526ef36d8,912,0,0,12.594842,2.2171545,-1.9262707,-8.68919,-3.5625627
920,train_images/6bb30ec3231a.png,e4ad7f024804dd7d6eb885dbd5d04d0f1c25c09182c903a3ee24ef988967ac1c,920,0,0,10.880031,3.3725681,-1.3929367,-8.524485,-3.8730867
925,train_images/a2b97d98f130.png,20b8ff62c475466520367cc6831002f76d17536dc9c6684aa4d63629ee81ca09,925,0,0,5.7134666,4.2991533,0.3083114,-5.125555,-4.963867
935,train_images/eae901557a84.png,16c09aab8836d5001a32cdc81e301b8be3a912e72306ac9173df82b57b3a09f0,935,2,1,-4.508421,3.9943228,2.465083,-1.3746262,-1.3757126
938,train_images/dd90c321d7bc.png,866c6c5a5164bd49e4eeea7269edede14f972be4e7a499f69f32d7eed062fdc3,938,0,0,12.254999,1.3678608,-3.103405,-5.295862,-4.536071
939,train_images/a7b0d0c51731.png,55623f64fa2881a1b80c321f710de228ade68e0d194b73918ad10639b0246257,590,2,2,-2.9387627,2.6989174,3.1233642,-4.2392616,0.70380235
945,train_images/53c874dbc594.png,9aa64a2bd8f7a8b90244d89923765a2197f5569b0af4107718ced31f0f316598,945,0,0,7.6260014,0.20755291,-1.9267035,-2.999611,-2.5996916
950,train_images/eed4afc8ec83.png,b5e26533bad8ad65985077a42babfb9efdf5cceb96bfa37a6a1fe8c886f19726,950,1,1,3.009859,4.603445,0.51718026,-5.6875525,-2.7781608
952,train_images/c9c563864ab1.png,0d27bd3036f3228ac8df3d5b89836dc94bbac79e450c2650c15153504b2bf2de,952,0,0,12.299309,2.0898514,-3.1106994,-4.7668915,-5.846141
955,train_images/b22cc1bf0b8a.png,b9425c6c39bbd7bb9b98fe712b0f99eaac3573d05afa8a532202143daf0dd7a8,955,0,0,5.035591,1.5092506,0.2649719,-4.7687626,-2.0445025
964,train_images/b7e0f95353f2.png,7b5f10c973b381b40da94ed0d6e1ee9f3e7443d88d8030036a14d2a5be3d9176,964,3,3,-10.282053,-4.650874,4.48139,4.5902615,4.338574
967,train_images/e33766353db2.png,7516916c706b2d41e04f1cb523b7b390be0ddcbff40beb3d23337b49928a6b1f,967,0,0,15.061284,1.0482512,-4.6869464,-4.246336,-6.1541023
972,train_images/64ac539f58cb.png,892364ce0b665b1f4aae4156c37c396021ca1479eb469a6a7ef0ecac0b590f5e,972,0,0,13.517956,0.15663338,-3.3821146,-4.806633,-4.689329
979,train_images/b6fd109b1bc9.png,3cec8fff99d8f5c0e7124e56dbed6d6eb3f6e1e60d692d1332c823a259f33338,979,0,0,6.7377014,3.2317905,-0.55841225,-6.969082,-2.1056793
981,train_images/d6130f2ec903.png,6a73aee77cb9246529081deda89d2c6cb4b319ae073cfb36322e2b912f38db23,981,0,0,7.1436825,3.5477324,-0.76475847,-5.251478,-4.347021
982,train_images/e13412678eff.png,615dbb8e4d8dfa5f10616a8c5e0c8d869ff8c768b3852554e4965a4612bb4818,982,3,3,-6.9895515,-1.8469334,2.1217184,4.610504,1.0458069
989,train_images/61c2fbd16e38.png,923ac00bf0be41fe4d8e7f04bb80f4916c45d1bf6e0f6edf089b321420e00b1a,989,2,2,-6.829714,-0.84778786,3.741869,1.7204647,1.0685775
992,train_images/18323d8f2470.png,283fab3566d50532178133446e3102bc12682a2016f7183444e322aae02adf0d,992,2,3,-8.309542,-2.457642,3.6094909,4.2083206,1.7030889
1000,train_images/0369f3efe69b.png,fef8ca97577038b16353a01934498df5cf9f37d36df72b668cab0c6d33e316e8,1000,1,1,-2.938076,4.362297,2.1625087,-1.9021492,-2.3238785
1004,train_images/aca88f566228.png,12a07df5bbe335d27c04b0e874d773c8e525d33e4a0e56dffa0bfa59d8172d46,1004,2,2,-5.358156,0.6484928,5.1601763,-0.4915619,-0.97280145
1012,train_images/033f2b43de6d.png,8e60cef58b0e2cd08ba2302c380e8d58b2ea20c95b939342446cfd5470af84eb,1012,2,2,-3.5660934,-1.09233,4.407758,-0.056598663,-0.4228511
1018,train_images/7a9f45fdf29b.png,c0fc4d655e5b159011cdc36895d7f8c8d5a38f36ed6585e72c5893a46dcfe760,1018,0,0,9.879183,2.4612837,-1.0224811,-7.6814175,-3.232262
1022,train_images/d99b0f7dd9b9.png,a7676ed7fe931fb283866724a649f5d85a536a43ca90917e2869d7d9b55aa883,1022,0,0,12.845566,3.4051495,-1.9707327,-9.137008,-4.4583416
1024,train_images/7d94a000c2d0.png,87ccf2ddc3e668afa1b5dd3367e418bc86a7993387d98d396c462ca7e8483a6d,1024,0,0,12.080591,3.7798529,-2.3410013,-8.159249,-4.7388964
1030,train_images/ae20112e7a1e.png,929f0de355a97e197153f9f737db6b1914c5c76164200f5718367f999cd0e011,1030,0,0,11.814348,3.328498,-2.600399,-7.530777,-4.261958
1036,train_images/4210809074c1.png,48bb749057208f15e5d7cba71afb268a8b04f25020c0dde5c0d1ac31f261f9a7,1036,0,0,6.572487,3.8281202,0.6272996,-7.864462,-3.117777
1043,train_images/7435e9a3e36e.png,963fcc3733633b830d761bd45731005369debfb7213a23df2f6d0a60d690dd41,1043,0,0,10.230673,2.4109716,-1.8220131,-5.687414,-4.433566
1050,train_images/12025b34deb8.png,3c7c855d7b017ffc348a989009e0cb444e2af0cc7f3a01f2696b39dc6709e8c3,1050,2,2,-8.7306385,-1.792944,4.074264,2.310646,2.8093126
1058,train_images/4ec7796df40e.png,118b09df9d50de643a95794c972ec8fdebeff9a50d94d1bee3e4599e96975a0a,1058,0,0,13.641427,-0.27781677,-3.941878,-4.5020227,-4.137679
1061,train_images/54cab3596214.png,3686f562c7264f2489ff6bf94259ac24179695d3612517bbc9434dd925d4ea12,1061,2,2,-2.2394886,-3.039287,2.4169629,1.7390785,0.35674357
1068,train_images/001639a390f0.png,544414981a9dc8c063b864f8f7df0d0e46a0ae09b7fa171fabd65292947988b9,1068,4,4,-6.2295704,-4.2710614,2.1687198,-0.22558784,7.488014
1070,train_images/5712e2aa73a2.png,065cdc945e19d25477ced9e67a035862ad0dbd106bc46cc955f3aa183ef1ce56,1070,1,1,-4.327488,2.1430092,1.8288641,-1.6752815,1.2212167
1075,train_images/6324d77cf926.png,797735fe5c7eb86be02887d1fef713d69ea55046845075fa9adb10e42953de5d,1075,0,0,13.413263,2.519641,-2.7409947,-7.6724854,-4.7639246
1077,train_images/613bacb35c05.png,920b50db0f8d6e73569b7ad6bb9113565fcc3fd102662d3f009e0c74a70ea41a,1077,1,1,-1.3372803,5.9634027,0.7128734,-4.307024,-1.4849656
1086,train_images/5b3e7197ac1c.png,300f89c62c0e2eb3b60df75803be69fcf33c05a63c8bab7577f0f8395edd164f,1086,3,4,-6.454792,-4.32157,-1.0601656,4.127905,6.7804117
1089,train_images/157d17349cc6.png,6704cda6e14cbef22a24a0690754dece6229b1fae5566b53d9e9981f087de3fb,1089,2,2,-6.4362717,0.9323139,3.9322562,-1.8792124,2.3063092
1097,train_images/0d8f60ed9280.png,33b32d93b6808e1e0bc35c9f6935be574fdf58145a1efe8311c16d78f05a1d81,1097,0,0,8.662682,-0.37125492,-2.5155034,-0.8464737,-4.570919
1102,train_images/92d9e9f08709.png,1c8dfcd69b397e17802e0510895c5a76a2c5323dd6da093f62c54c597a252e90,1102,1,1,-4.937544,3.8255768,1.9306798,0.46564865,-2.13647
1105,train_images/0b8bdec9d869.png,11221dc72183f47f4b35f552dcb73acb08a7ea26580f9d6b18ec513041b64d87,1105,0,0,12.56148,0.15347481,-3.5188358,-3.8896685,-4.5719614
1112,train_images/e30a890600e1.png,1cef8b154783149300b5f47cbb8b904827cb19f28e85dd5a2b66b461a3eb6397,1112,0,0,7.699871,5.116688,-0.6066089,-8.054711,-3.8234513
1113,train_images/d141728fa392.png,8a653d768ec91a83f3b12d15d3edb65324bf05d18780c42a1a1911f5b4042aa4,1113,2,2,-6.8256283,1.4829311,3.9858718,-0.73412323,1.0011384
1119,train_images/b498b84d383f.png,54168e13fbe2b48ff99ef90381f23df330f08ef994cc337bd51fc78d81e6abe5,1119,2,2,-6.7585697,-0.9075613,3.6152492,0.6736088,2.281279
1124,train_images/c25e02b39c01.png,8a8e17ddd777459f37c62f201e17385f537287aeb1590ce9c4f24fc346d1bf12,1124,0,0,3.0327682,2.0146265,1.3698816,-6.277669,-0.3788793
1130,train_images/5d9c841eb245.png,55890e2a0f10bd5c94c4d0fb3af4c9f48804bab5bad0da48fcd8313124dd6551,1130,0,0,10.247522,1.0148563,-2.131274,-4.342207,-4.3402596
1137,train_images/803120c5d287.png,2d4cc88543b57cec1735a65655379ffb2b70abff85fffdedf2ba255cbebfc2b2,1137,2,2,-4.656904,-0.018070221,5.551536,-2.98802,1.1309211
1143,train_images/3cd9713c0ecb.png,f4b65f893ab358583d92f6895cc4a5f3b170cd66740f841bb413988700961996,1143,0,0,10.044911,3.71035,-1.548567,-7.871689,-3.8896997
1147,train_images/bfe467b7e997.png,f037a82a799aa52803ce1a2254cb7267e993d55f066eb222f43d79d5bd0b8b5c,1147,2,2,-4.2530575,1.1494513,2.4768152,-2.2286377,2.0530996
1153,train_images/6298468d7d75.png,bfcf9c630671aeb464d876488beb24300635222ed3d023c8e8b322c49d2ed527,1153,1,4,-5.4139423,0.8739376,2.5499225,-2.4512072,3.492825
1157,train_images/44e951e45dca.png,5d848f3c1d7dea0d8de9f25af92a0ad6ac65be0d19e8a590686008f6e6037f13,1157,2,1,-4.8636227,4.354553,2.8501966,-2.487423,-0.7156222
1163,train_images/962c0fc85e13.png,2657fa588b2b5179bc4a69a7f558150f383bc7e608b3d51c61d55b3e4d769061,1163,0,0,7.119589,1.5928574,-1.300081,-2.6499758,-4.6168957
1170,train_images/2a2274bcb00a.png,1867bcacd7b061c6b2130bf2df97cac8d8f120a1e6af9fde21f27f94907dae6f,1170,0,0,9.662474,3.0725956,-2.0471697,-8.573967,-1.5753419
1173,train_images/17eff993386f.png,7f0a2856014f59784c8cc1c750a894052a57e1605f52bc34a9b4eae87925d0ce,1173,1,1,-1.7903919,3.5612488,-0.037338078,-0.71689224,-1.5256994
1179,train_images/ee3fe7809e6a.png,b333414251bdbf4d05b986a5c30fd47769dd6910eebfac6128bb136b7c4c7194,1179,0,0,11.51371,0.43349266,-2.8474529,-3.7985783,-4.7069225
1180,train_images/82e5bc01f8a4.png,d09f7057f0e50dd7572f797c7204c6afcc9c5fa02fd8864e505a13974701c8b7,1180,0,0,9.744243,2.549858,-1.084898,-7.0336246,-3.7419393
1185,train_images/89d9c071a56f.png,4cb61161b1e5dc6ac30032b86712b7dff61b5fa801a2566922f421694e677516,1185,1,1,4.076048,5.8180017,-0.4378239,-7.6538286,-1.5742371
1192,train_images/84b79243e430.png,57318c4b350258740ef0332d5ec353650356867c083c3b8e3ce25b1d66fd9a31,1192,0,0,11.61333,3.565693,-2.0431333,-8.188511,-4.380926
1193,train_images/4bd5d0b30198.png,e24be7a9a7895321a075af4ed09d77ac1b7ab49f0630025a4590327c0f35d982,1193,0,0,7.700756,4.556306,-1.3751707,-8.140198,-2.5191739
1198,train_images/7dee6bf8b9c1.png,c994e130b371b16e03dbbfd52be434dabfbce4c6fe8363a69acab470dd5b84b1,1198,2,1,-6.951685,3.4259567,3.3284762,-0.22008896,-0.66473055
1202,train_images/fe2df69676cf.png,69d96d4682275d275a2f11d0c681bc1372fc00d89468f3481b24e7d809270f82,1202,1,2,-5.0884132,1.5324688,2.9137416,-1.8829012,1.5964798
1209,train_images/e12f9f19d1be.png,a444ca7460689cc30b72f14c2ff056530afc411af1c554a43d09dade3c571fb8,1209,0,0,11.755285,0.6178436,-2.7343373,-4.327387,-4.672906
1213,train_images/61bbc11fe503.png,db2521c1cdaf5f046628af834ce3fc27781d47bb933372778a506c154e47582f,1213,4,4,-7.541975,-0.5940695,2.061049,1.5009422,3.4346497
1220,train_images/5723d0ec895e.png,d8d46aa0908ef3d82a5ec34ace06ccbed64ca647e2bcbd330a7905e85cd3ce49,1220,2,2,-5.556679,1.9115562,2.5500817,0.3647213,-0.29992652
1227,train_images/c8fc0df22999.png,75c2b6b6cd4f9ecc2b5353ecfabd5b46261031ac2a8908cdf36d66418590df01,1227,1,1,-2.786522,4.017723,0.8049014,-2.360611,-0.25672698
1234,train_images/0fbbd665431f.png,9f1137c9e1464b3e55c339c7be0eee874878babcbe4fa361c0f8aeb38edd8338,1234,0,0,8.510399,3.268959,-1.1217872,-7.202984,-3.0065324
1240,train_images/eda1d75cbcf0.png,e47f775d2a219e6c2f816be6104f4d7433778995b1076108259505e90e161b11,1240,0,0,10.293036,2.9277277,-1.8047202,-7.952244,-3.0386007
1247,train_images/9c52b87d01f1.png,07086880d7671ed61012937727224700294593d3a449a03569a63016289afd49,1247,3,2,-7.332451,-2.1993246,4.252206,2.9342117,1.1562767
1248,train_images/c8905b8d5cf1.png,3de68dfc1970c33bf68376c91561329a157d869632aaa2cf50e94a6b2be3a4eb,1248,2,2,-7.4140034,-1.5308032,5.4734244,1.444233,0.74754643
1252,train_images/4ad6109706e8.png,4043542e4532477d42c36a518fa5b4f3ec3f12e1096dd5012f0790efb7c8edce,1252,2,2,-6.2019253,0.15020466,3.5476084,-0.09606552,1.5560083
1256,train_images/e3a7671f787b.png,45e0b6c1a49e31e1e74ee86527b22abb19af241207ca85c6049dc9d5b3969011,1256,2,2,-5.1906796,0.80404377,6.1038485,-2.1371346,-0.6140163
1263,train_images/9274e75dc4d5.png,863717677b6c6910fb7ce5008860de7ca55690864b70ba3f781be513eeaf0b2d,1263,0,0,9.009087,3.5235167,-0.6749102,-8.863482,-2.7498581
1267,train_images/633fe9dbaf39.png,f24130ca231c05e0bbd08e61fa5eb55c1dfcc5fb6bd6d407d0630382a56d054f,1267,0,0,8.555046,4.2431164,-0.91995627,-6.713417,-4.720088
1269,train_images/82deb07a6618.png,d994a37f3cd77ccbe167029de6338cf6d8c620fc58220da4564206731da54ad7,1269,2,4,-7.586035,-4.316668,2.8586595,3.5126,4.3225155
1272,train_images/976082127e2a.png,0f241ee74849cc6a59eaece8e6a4cdd4a05de245e8f65a73d977bc8a25a3cf10,1272,0,0,9.4124975,2.2917042,-1.5348282,-6.3194723,-3.4623287
1276,train_images/1a369baf9ee6.png,9ef1fb0ccdfe829af8380619d2d1ed5b2e81f5a4be3ba6d837cca52d68f0a579,1276,2,2,-4.864237,-0.11799812,3.8838367,-0.10346031,0.20571184
1279,train_images/d39752cb6e57.png,8c7e8beb16d0e92a3784f15b473d4df8b98ff62585b2555075d289dcbc987f51,1279,0,0,12.768529,3.7091122,-2.0662696,-8.8013525,-4.9413767
1284,train_images/f47a2a4a0411.png,61eaa30bdfdb34e3f544d5f9d89606cc68c678ec73441ce4886c83fb712ba6be,1284,1,2,-4.1524124,1.8918953,4.004654,-2.2544947,-0.32276702
1289,train_images/8185ce1cdcef.png,1d47cb586d6da3392df3750cc9f8cadef19ab75da5f58831fd750804f2c03485,1289,0,0,12.220609,4.0376472,-2.3537967,-8.073463,-5.1776648
1294,train_images/2bd4d4fbed5c.png,d9bfc1443b604e375afa324888920bbcc13d094d01d2ad8cdfc9f70eca17374a,1294,2,2,-7.298649,1.5844727,4.9275594,-0.54530907,0.1486268
1299,train_images/76f3473df8a6.png,16e0bf7bd0a29ad9c44ee18792ed96a8105cc4fd022fa06ec470777d32c678ce,1299,0,0,10.570638,2.1652136,-3.5577514,-3.1810293,-5.4179697
1305,train_images/ac5b5dddf91b.png,ed6f495c9887aec8b462448b9638a980657a342de16bf85a7e5854e011258983,1305,2,1,-2.5086021,2.2927885,2.0191169,-0.37641907,-1.9395525
1312,train_images/27e4c800a449.png,cb8ced1312c53436f404cfb8d56c6c869ed6dc0fab4804d6b9dd0fae58466e5c,1312,1,1,-0.9076309,4.8754196,0.33628422,-4.195833,-0.53034973
1314,train_images/bda91b76095b.png,7dba1f5c4e53a30845ca5db492287586166b16d2d0e15bf57c847e78ffc741e9,1314,0,0,5.36919,2.6686125,0.5955849,-7.1711264,-1.323426
1320,train_images/785777558f05.png,4f982d65ce5bc1a61fbbfa2784d06f1f82193caa11424d8a70ac972edf5b070c,1320,4,4,-5.5953636,-1.482594,2.259673,1.077137,2.7283845
1326,train_images/d16e39b9d6f0.png,1487a147691df11aa38895f6502ccebdd6bead66ae960bc974c4f7157a16d893,1326,0,0,9.394613,1.8985281,-3.0215383,-2.7971735,-5.003829
1329,train_images/ea15a290eb96.png,7a3b576b588c36cc173989d29f7b96ea54b05a285a74a423193d9efb35ec2815,677,1,0,8.431999,5.643359,-1.677089,-8.052024,-3.844619
1332,train_images/6061f5b7378d.png,d7e35e66fca58a039554dabf7a2b545a99e22eb079d0b6e23a416710eb7c6309,1332,3,3,-4.7257957,-0.7535944,0.47883403,3.7631397,0.43948674
1337,train_images/224c14366e11.png,ab8c8c368b6f021f727b1b5547d3006e699d1b8015d4dc70449fb9ae708705df,1337,0,0,10.212225,1.4818687,-1.0758224,-7.9160995,-2.2651017
1343,train_images/983c98354e9c.png,9df93b6e8c29b57eb2de5fe63b26285c92ec95eb1025a439cda60b3077cd959f,1343,0,0,9.02169,4.3033648,-1.4383616,-7.694025,-3.808894
1348,train_images/62b4be2799ca.png,22777632f49d8aa940e6557956cb7ac15ae7baa5c101ffa34cdd75390bdd0fba,1348,0,0,11.167483,3.7557287,-1.9539137,-7.4224253,-5.0420237
1352,train_images/3044022c6969.png,c216c357fa59ecd728a5211694af6a5d18f398b4c364a779e3d6ce6f82cfbc0d,595,1,1,-4.2747097,4.0195484,1.9431622,-3.4321966,0.9947045
1353,train_images/29bc0e721cfe.png,d19ceeec9246132f55b04d5748a562932e593b956b6e768ebf12779595bf342d,1353,4,4,-8.247362,-3.292008,1.75155,1.9868774,6.564393
1355,train_images/64fedbf97473.png,b3aacb848b2f53bde1702087130b84bf5473a61568c61f19bc09c46e8adc46e7,1355,4,2,-3.871832,-4.0893545,4.298674,0.39927483,2.507555
1361,train_images/9a28d4e8aef0.png,6a10f05d2beccc134cd493ded91a12e579a18eab3c1b5385f5524c9ab1846343,1361,2,2,-7.3571835,-2.0829167,4.678263,0.7371845,2.8503284
1372,train_images/143db89c11c8.png,3ce75c293c60d45d3e95056af7411ab7ea304f1b8bd51184363a6b3cfbdb0272,1372,0,0,12.071964,2.042941,-1.9328523,-8.127972,-3.3878047
1376,train_images/0babc12807b2.png,69487f13280510c2f71cd4a41115001528a4dbab63eae4c1928d26b0ab138fde,1376,0,1,-0.9184513,4.55163,0.7813454,-4.079856,-0.69754696
1379,train_images/d81b6ed83bc2.png,206b13cd2572325caa6f82a6db483e53e3f293be527dda72675b5dcb64107ab2,1379,2,3,-6.9512177,-2.4468746,3.0097795,4.344364,0.9811795
1393,train_images/cd3fd04d72f5.png,206b13cd2572325caa6f82a6db483e53e3f293be527dda72675b5dcb64107ab2,1379,2,3,-6.9512177,-2.4468746,3.0097795,4.344364,0.9811795
1394,train_images/40c24aded50c.png,f08f2d5af8d3721331728e1a7c8ca54e351723cc9fa8830b7391c70facff99db,1394,0,0,5.6832657,2.7774734,1.0176964,-7.1503544,-2.3461316
1398,train_images/8d4d14a4ab07.png,9c0f12d0ab596593ad2bcdd0c023d1da6e31da66e25edc25b702e47201d9b908,1398,0,0,9.40609,1.2272673,-0.81251794,-6.9177895,-2.5387628
1402,train_images/bf811911acf9.png,75ee6380bc2729cab6fa9e34b103ad35bc028794c9856c656a04b8f12a3fafa0,1402,0,0,9.280812,3.3343945,-1.3513005,-6.7524185,-4.1619835
1411,train_images/64bad93fde3f.png,f36992c7eec8407cc4af517c6d83da7e7da5fb6a2e5b1b5bf3595a1fd5512815,1411,4,4,-7.230303,-3.2701507,0.74911577,2.2844505,6.3114796
1414,train_images/975252e325e3.png,ab660e95bed1a2876a487de93cf18bbd4e4fae3987b2e2283896d611a3baa4b6,1414,2,1,-2.0307827,3.222228,2.3276174,-3.0305223,-1.0628259
1416,train_images/e16af45285e5.png,c7961ba86f95d889dd06278e60d1a93e74ad834d8a5aad79b5c8a25c77c87110,1416,0,0,10.787615,2.4586134,-2.2295415,-6.7107143,-3.787708
1422,train_images/f03d3c4ce7fb.png,6cb1a09ca80760ff37b9c995489e97a219747b87f533bcb6fe95ec522d99bfdf,1422,4,4,-7.5889606,-1.7546859,3.447906,-0.09759903,4.7665687
1430,train_images/4189d4e631ec.png,019319c5d801a2849fce84b3f302192a52f888178fe00407ad96a13e611175e7,1430,2,2,-4.09062,0.7591028,2.5773149,1.2315369,-1.2350099
1436,train_images/e4f12411fd85.png,8f3b5f407fd40cd58ff85d779ba884fef5aa2918cd7827c2df215dfd98231c27,1436,4,3,-6.679329,-3.412745,-0.48417425,5.075653,4.4357204
1439,train_images/4e231670b48c.png,bb1f48a5adc1dfcc9d16a14fa3d0606f202276e2d0e1ee78f52caa4871681714,1439,0,0,10.762858,2.7638578,-1.7005687,-7.288849,-4.0629597
1440,train_images/c5e238aa18be.png,8ce31cced70e9a2eee7c9ecd91c09edbb64257d95a14be71854b73ae3687b89d,1440,4,4,-6.086998,-1.0595036,1.3200481,0.2457447,4.618706
1448,train_images/bd06028eb7dd.png,905bcba9f80e1ece69c0458bb0bdf5893be73971f10fe8517957a1d456390a8c,1448,0,0,12.048825,4.428811,-2.066629,-8.117208,-5.6421185
1457,train_images/bcb0498ed2c1.png,4d2695db2283eb0196261a5f10835f3f8bcb52717569cfd9a31fb5cefa23575f,1457,0,0,9.650996,2.375496,0.05417663,-7.6123657,-3.858065
1461,train_images/a963ac561580.png,5844132c51f622b91654a81d83d4b2b156547797c486ef482901bb60084406ea,1461,0,0,10.633827,2.7480097,-2.2919576,-6.3178587,-4.265643
1462,train_images/c6f5b5b5be41.png,175532d15bb15445210f049d17e929816cad080bddec6d4590950d717e3fa772,1462,0,0,10.766294,2.6242838,-1.5907037,-7.476284,-3.8762243
1464,train_images/071435a218ec.png,d58d447fd6f0d1f67837a229d97a25c301d42d8caa2029907fc62572b78541cc,1464,2,2,-7.0099926,-0.93948746,5.8256073,0.9145813,0.043498278
1471,train_images/8201cab8322d.png,d43a8440f252d196f5ede3054e9792ee86e97bd74afea396a7b740e7ba2625a6,1471,3,2,-4.5721703,-0.5337534,2.4530938,-0.029132843,1.7276089
1478,train_images/3435fd8675a2.png,3b8dc01686905274c1cd3944b14e428267764e2b453a1295bac32bd10acd16a9,1478,3,4,-4.6079845,-3.6531978,-1.0403092,3.7705803,4.828098
1486,train_images/d567a1a22d33.png,433e567384d685044f64956cfe6e0764d6f3e10c62e4beaf613da4c61d01ef73,1486,1,1,-2.5247746,7.730582,2.6065512,-5.3169813,-3.062403
1492,train_images/eb1ad14dd281.png,a571231d7048b184a560711375e5c2014d032f8258a4b5e84d4dbf61765cea9f,1492,2,2,-5.377678,1.164298,3.3513877,-1.1911945,1.1161611
1499,train_images/b468ebf5cb11.png,543e8216a71fcfa648bf1db85050730385f6d913a4c6a13057455e276173ea89,1499,2,2,-8.060507,-2.7395167,3.8729858,1.9873981,3.704135
1501,train_images/94145d1f42cf.png,9e593d8af55edfbb3ec976e9704aa80c383962e326131b033bad7c119e11a7fa,1501,0,0,11.737939,1.0188494,-3.0497346,-4.052656,-4.996505
1511,train_images/9b70f84400af.png,4787af2b63a9d9cd9f60637e59130da57290346c392ba6e04e679054be5e8336,1511,0,0,8.073118,3.323656,-1.5438571,-5.8496933,-3.5911229
1517,train_images/496155f71d0a.png,4d4ea272729d76d38b905285adaf0be8d0cd17734111ad40dac0bde6e849ffad,1517,0,0,12.294147,3.4992352,-2.5903378,-8.121305,-4.444375
1520,train_images/12e3f5f2cb17.png,433e567384d685044f64956cfe6e0764d6f3e10c62e4beaf613da4c61d01ef73,1486,1,1,-2.5247746,7.730582,2.6065512,-5.3169813,-3.062403
1522,train_images/04aef84a2cc1.png,f29b614e934f0e8cb6090f32141b35de374dd12c2dd0e46fde4f272c854ed865,1522,0,0,11.953642,1.5676823,-3.360981,-4.15979,-5.355895
1525,train_images/3f5b4c2948e8.png,e1a3e05bf865b1defffc0de47859ac1a35a24686eee6874c0de9be74bd3c8ad1,1525,2,2,-3.8105679,3.398655,4.724743,-4.512039,-0.7662382
1528,train_images/1c4f3aa4df06.png,12daaa224668fd8bc004127e86acab8a131705550a148ef963e60d2d9163ad99,1528,4,2,-5.510439,0.45181656,3.7227597,-0.6895828,1.0549525
1533,train_images/2cf18033da31.png,b368268e565c6bead77c97d5ae55ee8429fc059805496d29256644994fc8b7c9,1533,0,0,11.989843,2.5891542,-3.7389407,-3.3423214,-6.8133984
1539,train_images/65e120143825.png,f12dedcf7782ce81e2185e7a48ba23b2ba8aa83f21dca906961ea204937d88db,1539,4,4,-7.514265,-0.44511032,1.1863618,1.3164005,4.323846
1541,train_images/2a47e5b21791.png,39a182f087e9e5b2b156539a0f7e131c7910494d8e9ab979628773397990c9a3,1541,2,1,-1.01087,4.8665466,0.60453445,-6.143468,1.2464876
1547,train_images/684dd88a0d49.png,3f39bfd9c853e35fbbcc2e279ccc41835d9cfb8f47a1ebdb42dd73064fd8df4f,1547,0,0,7.983427,2.8079739,-0.70035857,-7.430497,-2.3121746
1549,train_images/44c869174e3a.png,0b1c67db462adede3ffa30af2ae17ba8835e2719999c332a1dd7b67dfba1b6b8,1549,2,2,-6.466774,1.272191,6.8069816,-1.1949196,-1.623718
1557,train_images/4384fa687afa.png,7f5f7d59ccaad9245bc54b769291b20440d9a2d11a82605484855051169863e7,1557,2,3,-5.112772,1.6910677,1.6192551,2.0389538,-1.0448482
1562,train_images/fc898dfeb24f.png,f81074c25369bcf369fe740ff09407e1943f9178fc5ef6529113bcde8c666862,1562,0,0,12.921247,-0.51353073,-3.6505556,-3.1827173,-4.8140354
1572,train_images/83038ca49b6d.png,7c92944228879d7b59531e9ad00a99b21974b984c7c223ed4f7fbd127b813788,1572,0,0,11.692324,2.3176517,-1.4510434,-8.205645,-3.7950141
1576,train_images/1509d097b69a.png,ddee0f52f7aefbe08916b627e2caaca3db978e89f6668c571152395b55b146e8,1576,0,0,10.780551,3.1711912,-1.7212286,-7.7171354,-4.0209723
1582,train_images/78b3f819dcc5.png,2a718a5480e548c3a3127b19b981d47bb68af9208b6b0fe06c187f5bea5401ef,1582,4,4,-7.4290714,-2.3438163,1.0337701,2.3138657,5.2890263
1588,train_images/358d2224de73.png,9f9410fb15c0f628dc0711278ae9801672ea72cfd596e166c7bbab94dfb8acff,1588,1,2,-5.0716248,3.833312,4.385191,-3.1447563,-0.9195299
1594,train_images/b82dfa63a75f.png,8b4bd8eccff36971eea9798924742766140bfe1a18569288710156844d0133ee,1594,0,0,13.170545,-0.0065135956,-3.9608698,-4.0885906,-4.3315725
1599,train_images/7ddcfcea7369.png,e8f85609e1377c60ed8c5ceb05ab91ae4bfad6ea81b318c86acdbc593b5eb514,1599,0,0,7.359871,1.0862789,-1.4454341,-3.3132486,-3.49347
1603,train_images/4b6cb0bcfd44.png,e605a9f32931aedfcb06bf38f609d377970389426754a927acc73e955cd479b4,1603,0,0,9.090673,0.55436707,-2.8051026,-2.707406,-3.75861
1606,train_images/1bea04b2bb2d.png,62df3dd5e5482d39d92c714b80ec4053d5abfe878725552480a9c5c76e858dd0,1606,2,2,-7.2595234,-0.08293438,5.6479845,-0.57055664,1.0294523
1612,train_images/6987804eb464.png,bda9d6de5454c615a56d5d1213ce0464ea2d4d7f64d6827a928c421786101840,1612,2,3,-9.181231,-3.853208,3.8440561,4.205221,3.576294
1616,train_images/ca891d37a43c.png,8df6ecff0ab92a9bce692ce446b0c61adaa10efdab80c2b52593e34003859460,184,2,2,-6.4600086,1.5371113,5.3778872,-1.2782211,-0.2893238
1619,train_images/276b14f72328.png,efa6a994d02fe8b3d1ca6fe2d45686c2d93062ac81c43472491e6ddc8ebbe746,1619,0,0,10.563123,-0.5927162,-1.4239113,-5.6719217,-2.1917622
1625,train_images/abbb8791785e.png,9f1b3c196566d13d20bd67bc429c7517444bcd9693818fc48d546cf5b56a9b9f,1625,0,0,13.29818,1.4910231,-2.542793,-7.824416,-3.7013419
1629,train_images/486e852a3b4d.png,70c629fb8e24877e90e59852a0b4823bec6e977b231ec41cb1f92fd67571f723,1629,0,0,10.463646,2.9600096,-1.7222929,-7.495288,-3.5726092
1633,train_images/780f9daaa24b.png,5666ce883e975d68922cf4b02ea69a8543abfabdb3689e276d04ef0a5a1440f0,1633,0,0,11.936431,2.5931177,-1.6860456,-7.9161167,-4.3284264
1638,train_images/96793edb1003.png,d53da2552bce73e3fbca7d54ed1fa8b33bf1d6dec9aaf3b3ab5e93f4fa76a550,1638,0,0,7.8858204,0.2730322,-0.9328196,-5.771558,-0.9976933
1648,train_images/949710bead24.png,fb764902ffd04c80be24a4478cffe22090cb53a75eb392828781e0d916b4890a,1648,0,0,5.5230865,2.2262754,0.403454,-4.585739,-3.5426948
1650,train_images/2cacdb0dffae.png,fe7c23e123a1095965ad37929d00ae5fc9240d138efb1623a89ddd09b9764467,1650,0,0,11.5229225,3.116208,-1.9517765,-7.7379656,-4.3794756
1657,train_images/8446826853d0.png,2f8071e2a344253ddd9fd784646738464115059910141e14202cd6e1956acd62,1657,2,4,-3.0142593,-1.3076787,1.6363003,-0.959074,3.0586433
1665,train_images/b842b43cb7fb.png,767fb44e22dd4236644d7f275ceef1a844fd6fde967a0f846d2d5e2d3afadefe,1665,0,0,10.9802685,1.3941078,-3.7528667,-2.3776531,-5.6353207
1669,train_images/7635921c5efb.png,2b8250d6c3d10447135bd0e87b535dc99e81ef0c6973d79ffd30286c5edd4df5,1669,0,0,12.326499,0.59692955,-2.969431,-4.0463514,-5.2442265
1673,train_images/ebd96d853918.png,18844e86c52e1df9993743b49fb9e401c9de9f6080fec0ae6f7bea28c7252071,1673,0,0,10.699226,2.8781586,-1.9318323,-7.876172,-3.2839944
1675,train_images/e229aca862c7.png,b4759238e167eff81a2abb051609f15960af5be7365dd91000660d2b0077f91f,1675,2,2,-6.546358,-1.2217379,5.273238,1.4133568,-0.07099867
1681,train_images/7d8f67cadc29.png,be4de444902b21a458acb748e15985318bd62a278674cb451c161aaf81491b8a,1681,2,1,-3.1234055,4.857978,3.9404154,-8.144473,1.6587269
1683,train_images/1c4d87baaffc.png,cb66e86c28ab48f1884c067226847b34c2849713a3ea380fd6a638fc2582523c,1683,2,1,-2.9181633,2.7752266,1.5549524,-0.24442482,-1.7807148
1688,train_images/4a693dd3921a.png,7552b54d93adbd7cd7271558baec7095789e29485b9068bf98f600fb0a0ba40a,1688,4,3,-8.489859,-3.32756,2.1825914,4.8740005,3.5891674
1693,train_images/98f7136d2e7a.png,b0d4d28b889d397baf01efe5d67e5ba4029ab302a719e62b525c4964fb940e7b,1693,2,4,-6.851631,-1.924716,2.5091624,1.0416031,4.158333
1697,train_images/5ca73d28f17f.png,c8c2c28a1dac8e1e2231c9f40eaa7417427d5e0d8a8154e75c960e2d521ddd66,1697,0,0,12.5412445,0.523716,-3.161977,-4.1836824,-5.061352
1704,train_images/e07045d7c5f7.png,a3ec375b63b2938d9ef8c8a965ddb35d0e3b74186f100c48548e1d9f0b3bc6f4,1704,1,2,-4.117588,1.48874,1.8509114,-0.13951492,0.14933038
1708,train_images/ed648b9bcd95.png,bf87b0f869c51b3657b7e5ce2ec13c2b45fefad70ecf0160ee1e5acfdf3527cb,1708,0,0,8.50539,4.714717,-0.19930193,-8.053022,-4.535366
1716,train_images/d8404680bba6.png,e1ec4760966ba84e0ffe89e6945e6ff441c887f12d2efb02dd8d5b1747b4a593,1716,2,3,-4.565132,-4.642153,2.128636,4.3267784,1.9437493
1722,train_images/1409ab48175a.png,b01d9e49af133811d05695584005ac99e322a4496e9de963d58c8b6e073121bb,1722,0,0,9.971226,2.532629,-1.6338203,-7.252846,-3.2025182
1726,train_images/8cb6b0efaaac.png,6e75bc959bdb8b067e277bd45a668401e8b78125e73108c563291119b73939db,1726,2,2,-5.0119343,2.240775,3.3609846,-0.3496914,-1.1168191
1728,train_images/6a2642131e4a.png,a26422a9768e2977598d283035cb721d9f20bd26b291adf876369158951f4be8,1728,0,0,11.237202,3.943719,-2.0548418,-8.577948,-3.9803975
1734,train_images/2f42e20db938.png,66b6d0878d8a3992c210fb27c812f8dac723f26275a875bd89b48b241d754106,1734,3,3,-7.344898,-4.8773675,2.219957,6.7501717,2.1033664
1741,train_images/d1afdb8cf70d.png,dba3dccc1563a3ecfd7cb4e9a511f8a9f7920b9d8476afe2a10a15de9e4e31f5,1741,0,0,10.627856,4.4757643,-1.5330586,-8.830208,-4.2117844
1742,train_images/d1fa0f744620.png,70cca9973c460a05538c62dcb647d501096fed02faeeea88bfca80f371ca6833,1742,0,0,11.614467,3.0678835,-3.1377535,-3.8515882,-7.0672855
1748,train_images/5077cdb88aed.png,e2a7ac4e93f2e096769e9266d0ecf3476c197957d90cd8f97bdf6f0af91389e6,1748,0,0,12.73303,1.9772148,-1.8861151,-8.112722,-4.0627623
1753,train_images/675de69373f8.png,de3d194672ecda1136bdf8f7f7cce58abf805cbb3f59908cadc5a0a64522c5f9,1753,0,0,10.556652,0.80542755,-3.244434,-2.9364681,-4.648795
1759,train_images/956765d5f46d.png,d13f3770d81a02ce8e0272dbd919f4c4ea2d711464ed2459978690cb8cff4ca2,1759,0,0,11.6939535,3.0852785,-1.5390849,-8.236952,-4.3212223
1764,train_images/0fb1053285cf.png,a802a783e7534f053ba6fb206909fd76812a5db5e193a66510b37a6707696ecc,1764,1,1,-1.4373474,4.5246496,1.424165,-5.273074,0.16538715
1768,train_images/1943983492e5.png,4764fda95dd80c6dfeda1e5f9b3ea17492f6150fc9c65f637e5cfee1f1d5b48a,1768,2,2,-6.811676,-0.021793365,4.1186323,-1.3085613,2.910398
1774,train_images/3601dac9bed7.png,117aaeed6bc3e70c0865ff60e3a5699a482b23054174368f86c2d6a248f5d76f,1774,0,0,12.90737,-0.015235901,-1.970381,-6.985379,-3.005143
1782,train_images/8ab8d9b3ce3f.png,277d6b8f1f646c7375f0b37e84734f33f5d6691aa06173a6af1c4a988c4b5b5e,1782,2,2,-4.7920456,-1.6202688,4.059088,0.6908722,0.7456608
1784,train_images/6baafa56895c.png,aac702f9ac4663b9738893992e9451ddf01cf193a862c6bf08359564bf25ade3,1784,3,3,-6.4167747,-3.997748,2.7121873,4.5381966,2.0825787
1790,train_images/093a42649c29.png,31bb620e4753ed960ba22602d75aa30b7ad08f91d9b637a38692f24fd5cf593d,1790,3,2,-7.8483906,0.6926327,3.4274693,2.1211128,0.44627023
1797,train_images/a32886cb31ab.png,bf2719b61ef7d882e694a3fb7bd86022f122a8967d12b711708403ff2ce8d666,1797,1,1,-1.2488556,3.2235641,0.3493104,-3.2016659,0.47282147
1800,train_images/0d0b8fc9ab5c.png,25b3bb51f7f93d68f635f5c1bf46b7945b8e0ba113a4bf9f1d239938afe20d95,1800,0,0,12.657023,0.36702347,-3.1894147,-4.532655,-4.5509167
1804,train_images/5e52c9fe676f.png,348acf1b2809f9eff5692d3811d712b0576d420fe2a24f62a1966bd966807102,1804,2,2,-6.805111,-0.12956238,3.0393405,2.667471,0.19529772
1807,train_images/42a850acd2ac.png,6e75bc959bdb8b067e277bd45a668401e8b78125e73108c563291119b73939db,1726,2,2,-5.0119343,2.240775,3.3609846,-0.3496914,-1.1168191
1812,train_images/8114d6a160df.png,ff13b297e601f227f0c34e4dc85862ddb56b0771e977f227d6a13404fc9a1946,1812,1,1,-6.371313,2.0688658,1.1851974,2.040907,0.10767698
1815,train_images/f3b27ac2d371.png,23c2515dbb3dad274b7975aa51ecea89378a12d78bb23325ed42c7b9e92aeea4,1815,0,0,11.419295,3.721527,-2.0113156,-7.788581,-4.812231
1817,train_images/9c14ce27cbfc.png,682ab965693e0d508ad9a0d7024cedb5af527ddf12e244feb1fd17851bd12535,1817,0,0,13.114661,0.6506748,-3.6914594,-4.2518845,-5.059334
1819,train_images/530d78467615.png,3b26186be5348381728f79c58fe26b0bb8b31f9588df7807eff5cd00ec1f1819,239,2,2,-7.422106,0.432415,3.4933002,0.84292793,1.4556524
1825,train_images/0b3efe669365.png,53fded270c0cf23457be2da38d5181f9d5f273bdba40a175e6e5454fd57a4a89,1825,0,0,10.013978,0.1288681,-3.0099642,-2.3376074,-4.2752953
1830,train_images/bdb98063fe84.png,7ad222bf42b692606797cb14195250c9b4a77281643d5ca0277b1b83ba1ec0de,1830,2,3,-8.140135,-2.759431,3.6455169,4.221319,1.7511141
1833,train_images/a01024054596.png,18de4ee563e2afcdef73481368e71dddbb0152719edfb26b2c2ef3663941ab54,1833,1,1,2.5212326,4.261195,-0.9684483,-5.3021564,-0.54661155
1840,train_images/17188c13e635.png,3fbf0480a1f80b05a5a311c6c57363b48cb35c1a4ff58c1bebf762c5895d8cc9,1840,2,2,-7.561407,1.8041267,3.3519566,0.5259476,0.76097846
1843,train_images/75ed83dbccce.png,1b0a653bbd607bc155f84e79a4cce7cb0014fd78b7f23533ff452f2662b6808b,1843,0,0,12.125868,3.4426794,-2.4320304,-7.5646276,-4.921275
1854,train_images/58ccba7eec9c.png,b47e1ee76ce6d7d03bbc5bb35e0bb699df6dc436f7f8a7f44bdb3a9d25601c17,1854,1,1,-4.2218933,3.49469,3.0994844,-2.9965096,-0.11558604
1860,train_images/b6304c545f95.png,463490bde6419393c5850567e70871b17bce171d03588511cde83733f7c0336a,1860,2,1,-1.1446781,4.607833,3.4463587,-4.0225344,-3.3640673
1865,train_images/103abbd8b63e.png,dd781b676215d252cc4798b191494bab094a756af788c8a356b31c821b287545,1865,0,0,11.2874565,0.33950138,-2.7936442,-3.1577187,-5.0781603
1871,train_images/40e9b5630438.png,f7b42e43e4e8cff395759bcc92fcb72b9e7768d178d8a3931bf0f2eeca264e80,1871,1,1,-1.1728554,3.3983784,1.1430933,-3.5208855,-0.3365388
1876,train_images/9c893e16c055.png,0b92c9603e2c086b06d69cedebbaa8a3e5d816afe68f8a1d70308558e52031a7,1876,0,0,11.883474,3.727437,-2.7282412,-7.830657,-4.4314375
1884,train_images/8e63fc4ab532.png,9479cf7f20790f64eefa6bf6c5b0d3c137303010d4789dfc382a461c86426020,1884,2,2,-7.0785255,-0.40287113,3.3875508,0.6130123,2.2494097
1888,train_images/384db24ebbd7.png,8e6cf02803e7a327aa98f060b7b5e63c9fc9342f8cf50f37d20632258847adf8,1888,0,0,10.316745,0.32669067,-1.1955824,-7.5812902,-1.4218404
1890,train_images/135575dc57c9.png,15f09e0ce997d66519f8b453577944e7e657db2f53903d07b3814e9e485cb6a9,1890,2,3,-8.843313,-4.23747,3.416627,4.2945156,4.0489416
1895,train_images/94ef1d14597f.png,f67eb147373245d2424e616d16ef233255f545d2a8d4282f1d38a78786ed307a,1895,4,2,-7.033764,0.07532692,3.7290702,0.21693039,1.8981329
1898,train_images/61da799bf0aa.png,1e26c0af8d9edfd1e880519fdbcf16d3883d790e126028e0c267112877dfbc90,1898,0,0,4.162922,3.983921,0.09272939,-4.8482037,-3.2748616
1904,train_images/002c21358ce6.png,19a35479c6c134c7b930b7830b8fe8ac4ad489e809be322f1e37f2efadde0b57,1904,0,0,12.545635,3.3001308,-2.0137727,-8.725515,-4.4633026
1907,train_images/e04f3c6619a3.png,2d153379f2e0af5f51c172a460678ad90f7c6ac3c9fc22c482855b4568793e99,1907,0,0,11.117264,2.6962852,-1.3262372,-8.367638,-3.605353
1914,train_images/17eb5d4ad740.png,50bf8fdedd0ae7f558c7fc5fb81cd87986cda4429ac0da206fe6def2bf13bc1e,1914,2,2,-6.88056,-1.7105508,3.6630545,3.0315475,0.85847974
1917,train_images/c0e15e8e2b46.png,9dccf7d242197e193c01e696ffaa457edf069c4a9e2de76a0964ec4147682310,1917,1,1,1.1227779,6.4645643,1.9845724,-5.9467793,-3.8219335
1923,train_images/67ed8cc78b97.png,26fbe7605d68568cd74631642e476b80e2ac5a644d55b711398007c7386aebde,1923,0,0,10.733744,1.5453234,-2.981928,-2.7933493,-5.9261904
1932,train_images/664b1f9a2087.png,43c464a9ae093b03899bc98fcd84894496f3784f896c0010d8556d2318c3da8f,1932,4,2,-9.732256,-3.324623,4.514824,3.8154202,3.2619567
1935,train_images/a9a3225cf4b5.png,925cd1357b706962ecb1d96b1e0ad58f456cccb08ba95f827c6b24c91ba1358d,1935,0,0,11.611736,3.720087,-1.5030332,-8.624987,-4.6332197
1940,train_images/ad6b07d5c338.png,a7ea9a6c5469edb0341a8b7f19e51608c799edca6777093410f649390b58278f,1940,0,0,11.571671,0.70198154,-2.8883438,-3.452361,-5.3027697
1949,train_images/e7a7187066ad.png,50030ec7d40919ba8ae7ecf7cc145950f1cea65f54da0ed9630dfd3b31c9a026,1949,2,2,-5.1584854,3.8939657,4.3766904,-2.893569,-1.1473348
1950,train_images/e77a93c3d9a9.png,eb5ca55bfc92b8590513a6bba5196299aa503e6a5e2b85a93a9c80f21ed75e2c,1950,0,0,10.199704,1.8216944,-1.7266009,-5.6794786,-3.9718997
1957,train_images/02358b47ea89.png,987fc6b9d1f930be38f3ac35d9e34b5e7273f22d0a1852e5f0660451965fe3ee,1957,0,0,8.061752,3.5802717,-1.2331947,-5.745223,-4.200304
1961,train_images/93a1b984de84.png,fe4c75ebf284a3cbd8ad6c2f6013ae65441464e6d49d8ccbb0334cc019e28e77,1961,0,0,11.236067,3.899723,-1.8265171,-8.445255,-4.3146315
1967,train_images/702de9dcde32.png,020f8b19029b2ea137e0a35a49f0f82b393c3241b85f19a2a538fd48943ca127,1967,4,4,-5.557213,-1.1326094,-0.047993958,2.2150497,3.639604
1972,train_images/a804cef3e51f.png,d45022ac4411bf7534a52f8cbf07048c5596b0386b5e2d50b44e895879e7e20b,1972,2,1,-2.4556503,4.956935,2.6315088,-4.4790707,-1.2291901
1975,train_images/bc23f74e14dd.png,bcf83579589cb0b4d8445e35da319c20c1f0518ba9f35753aa198c6511c51d12,1975,2,1,-7.5632114,3.636135,2.8235269,1.0075397,-0.9710376
1983,train_images/09662e462531.png,7320d51b3058abc6e92bd4a72b8e4695c7f9dd22a840676ffa7aaf393b495738,1983,0,0,11.676638,2.4598055,-2.1651409,-7.3380985,-3.8332899
1987,train_images/f35d80bb1a22.png,ee817cab46238f40859ef64dd9e09870c736381bb3a30a7a44e6d11acfb96306,1987,0,0,10.815739,4.1529474,-1.9694104,-7.9241543,-4.5619583
1989,train_images/91f3c4c1e72b.png,f0a5c7c68228f914e91d5bd24456a668824585416af22f07a8e3e92fa8e9fd61,1989,0,0,8.642663,1.0190439,-1.228882,-8.101056,0.25203085
1992,train_images/da8900ac7f29.png,3206f0001f8cf6af9abb679ca60733a20c8754c003b592a9919aa3e07b7a8aa4,1992,2,2,-6.80517,-3.0775547,3.7531881,2.5606499,2.378993
2000,train_images/4fd5ec0dca09.png,fcf7f0b60167b2fc4a17cafed5e80fd2923319cc9d6812de79c2ab4ccf0b1381,2000,0,0,10.818847,1.189928,-2.7676504,-3.6823397,-4.9650345
2003,train_images/98441214557f.png,4822064624b73b48fd0e423aa750a03965337986d0b9d8fe8db4c996aad52942,2003,0,0,10.668483,3.8093395,-1.822685,-8.532206,-3.627599
2009,train_images/8a482c024fc2.png,fe9e08ec803d43b3e7e47101d67cc08d98b4ae0b846012a8b5dabbdb1596657e,2009,0,0,10.555589,2.306343,-1.3283756,-7.712199,-3.2783968
2013,train_images/80d24897669f.png,d65627c6f3f09ba99b4c1a4780bea37c77b628122177db50d39e7b5e110598a0,2013,1,1,2.037653,6.8056936,-0.75676554,-6.193673,-1.9242837
2021,train_images/a28bfb772f50.png,8f564f846df28dd6953dee41084f45382f1e9a2e2f378a74e1dd6a3a960e67b1,2021,1,2,-6.5925198,2.7712746,4.693696,-3.1001844,1.1159303
2026,train_images/3c311c9109b0.png,e435a26843e070be0eaf589a2b03b932e72e247709b31b364137472308fd8598,2026,2,3,-7.0175896,0.5781355,2.127848,2.6498833,0.62612605
2032,train_images/10f6ef37fe43.png,6e564dce572adb1864963f712e8ea3724489895b24186c6f66a3df5dc2a47283,2032,0,0,10.682211,4.288638,-1.8917382,-7.897458,-4.723737
2037,train_images/8dafa62f9322.png,d523ef4b9f0db020dc242336b470cf9e3a5b6437af8503ef0d5379b78670c7ab,2037,0,0,12.021055,2.8082237,-2.282678,-7.850354,-4.0719147
2043,train_images/bc34f52c37c7.png,ea86c2d5f96674b3163ef358f7aa51d1c289cf827bbc0ee387bf49f40457d6b2,2043,0,0,11.367957,0.5142937,-3.011375,-3.2103205,-5.0911694
2049,train_images/f4d3169b468a.png,86b7834f761da63c54234ee6edcdb803abc2bd0f9a27608ef42794cdfea561a3,2049,0,0,11.677995,3.2510738,-2.0354254,-7.369257,-4.945183
2058,train_images/36a1e3c780a0.png,44d7a80b4132446d47264938c664cf52a2b5fcebf42af5d86a5c87889f4eb03a,2058,2,2,-5.1337223,1.2174158,2.2705946,2.2277603,-1.3735235
2061,train_images/e17507a4a1f5.png,8737f823af4a87b45272d007035f6cb65b189a2b18d62f2ec2891feee4bff0db,2061,2,2,-6.472109,3.9137468,4.589045,-1.1172638,-2.0022867
2067,train_images/155e2df6bfcf.png,bb50ade4b2929fc1c1a035535a4902b175bf37bc80f2174538b0c5a068eb2670,2067,0,0,10.240673,3.8465528,-1.0315754,-8.390564,-4.2752876
2073,train_images/31360e44ac64.png,c9eec40cde86ad5e983ab1d2b343edd8c3cbc90968ddcbd8e8acfa588985066e,2073,0,0,7.24197,2.9272966,-1.5746593,-4.6987753,-3.5321405
2074,train_images/6e1db8711879.png,40f21c81a10b1f5ae005e2ac875861371c773852e1711809d1f43089c438d1cb,2074,0,0,11.845563,0.915328,-3.215979,-4.561207,-4.2653484
2081,train_images/bf8092e4001d.png,e35fee4da08b88878030db86663733ff15131a71aa174e150956403033623e79,2081,3,3,-5.7779217,-1.7333031,0.90191025,3.2768517,2.3315754
2084,train_images/f4ea2a2cfbb9.png,e8ece84cb8348682411a71fbfb64d47fd6378094e61c230ac86493dda66a5b63,2084,0,0,10.9910965,2.7474365,-1.6535134,-7.6883507,-3.866174
2088,train_images/f1d719c97838.png,418b69eca7730d6981eb3d1e4f4a10c9b2ed9bb4a65f99bcb427531efe5aa975,2088,0,0,12.701351,2.434966,-2.1999924,-7.7953663,-4.4765644
2090,train_images/bfb578c0e8d8.png,7e263c485bb22f6ed331a1f935b586b39c35e609eb79a8c674fe8728d8c1272f,2090,0,0,9.989751,1.3485479,-1.3021894,-5.669278,-3.7542455
2100,train_images/ed2c52c14493.png,71f3ec06eaf074032fbe13acd835a969278355f776c57bda20e07c5214b22641,2100,0,0,9.871725,2.7242756,-1.368633,-6.6064825,-4.1613083
2101,train_images/dd19428c3d29.png,ed1fbe73fd68998e1b18ea926b7cfc51ee06aaef47e42134433cd94d51949c60,2101,1,1,-1.6899605,3.4885235,1.414017,-2.8250742,-0.8497999
2108,train_images/5c7ab966a3ee.png,7568c7ab66998711ca84673688ce37a0c57dd83a817fd9a93b0ccc02567c2ba0,2108,4,4,-3.0567589,-4.9305806,-0.91463953,2.9264584,5.354948
2115,train_images/61bbe8db6f3a.png,d7b8977db8dd00035303bf68ac147a3c6b26d5a6c4c7efd76711dc9675648a9b,2115,1,1,2.514265,5.0984135,0.17298704,-4.7988195,-2.9486167
2118,train_images/7f0ffeb0a333.png,376ee248d5def66348f4c31a12730afd0328bea4457836423a7e88a6e9d7bd5d,2118,0,0,10.694972,-0.060102463,-1.4846449,-6.228239,-2.2194016
2125,train_images/e599151ca14b.png,39fbe9758d4b6920e041d3841c6be71d61834ac96a433360b724f960142b0c7e,2125,2,3,-6.2359543,-2.2615566,1.7725768,4.3002605,1.4114773
2132,train_images/971bb98ab935.png,dfb0463d45139c56c9bf7364e3a2423edf8dd216576b9b0eb5c177200e9987c3,2132,0,0,11.291987,-1.0573883,-2.8776124,-2.8121529,-3.8911493
2135,train_images/2a3378bcfbcc.png,a4105fa5521fc23ce58fc3140639299dd5a396e09067b100c431ddf63f210005,2135,2,2,-4.9059086,1.5821648,1.9915304,-0.29538536,0.78498197
2139,train_images/5b32ece9c627.png,5d8056f056c18dc0c7aaeb73cfa9e0695cf695d093bf74d7d239f0ae26721976,2139,0,0,10.969063,3.2571201,-1.9200172,-7.680234,-4.1097507
2148,train_images/d8da9de62743.png,91d323bb6a3e63020ad5a8701f37dc26227aeeeeb1a02d3cb916d88868c90a47,2148,0,0,11.079266,3.4684448,-1.0113115,-9.07239,-3.8642762
2159,train_images/6c4ec95dd8ba.png,bd0d4240ee98843f6c602cc50aca27a0495c0aaa8a490f0c0d1c8487dc395c82,2159,0,0,4.2937527,0.021131516,0.51733667,-2.6709223,-2.0704458
2162,train_images/6fbaaf8eb67a.png,cd06913d54ae6c1f03531172f56cb38d29b8bb369d03f6ae1fdcf1f813934273,2162,0,0,9.138416,3.9710302,-1.4418263,-8.469152,-2.777138
2168,train_images/c6a2975228af.png,4a0c27d20fa4bd0efaee32a0e95072b0f39e624280a6a5157e28cbb53499346b,2168,2,3,-3.5451736,-1.5727634,0.6454328,2.3432007,1.4296122
2173,train_images/76e5b50f95a7.png,b50afc3a5403141fc3ae8258814137bd0dd6a75fbfa58bbbef08fac92bb43609,2173,0,0,8.257265,1.469367,-0.059034795,-7.119854,-2.2300766
2176,train_images/c12e9ca420a5.png,79bdace916af941eb2767525947113d1127a8531ba5911aee03fcecb6ec86909,2176,0,0,10.322471,-1.2124166,-2.8268971,-0.85141563,-4.8303576
2179,train_images/cd66754e1b3b.png,becf460f9c01790f3cb55ea839b2e073122d28fe3af24efef54beef7f1bc6f4e,2179,0,0,12.416969,0.59894943,-3.5473816,-3.5875177,-5.142084
2181,train_images/6e92b1c5ac8e.png,07086880d7671ed61012937727224700294593d3a449a03569a63016289afd49,1247,3,2,-7.332451,-2.1993246,4.252206,2.9342117,1.1562767
2184,train_images/2399d68d407f.png,d56bbdebd7089dd1abda0960fa2787fc80e446f9ae0da8052d468e946ff03abb,2184,0,0,9.146304,0.7492485,-0.8295058,-3.729416,-4.998123
2191,train_images/7828dd083cdc.png,6ec66df140307b49604946796f6be4557b97b955cda74a0baea00061107e0daa,2191,0,0,10.073473,1.9027033,-1.3843727,-6.6115265,-3.5073717
2195,train_images/86410aa13b3e.png,c78537822e715ef814ce25c57536df6cf1ff929ed0f7390807cf04ed4de07570,2195,0,0,12.331787,3.9391346,-2.3665986,-8.930413,-4.337015
2201,train_images/374535e0adb8.png,c3f1d8393129357b5ba6e72f0166232f7cb8faf5291ba2b2e4b70eb66788db5b,2201,4,2,-3.1789265,-1.5153217,2.5428696,0.89720345,0.51523685
2210,train_images/8a7765e785fb.png,cfef9fb7bd6f5e6562988a7ecb49ed06c0cbbb27f8321bc54f0f2917e6c70468,2210,0,0,13.140428,1.309885,-3.3914866,-4.58936,-5.7633114
2215,train_images/51e656e5a541.png,bbb939afd2567501390c2009dc8e599d5a6210d77d087bf0791eeb0b0f06ab62,2215,0,0,12.985927,1.0982914,-3.872966,-3.847412,-5.64285
2219,train_images/b0f0fa677d5f.png,ef88a839c9cc1da5c8d229a7493326a39e5c08944fbf86d0264adbad6881526d,2219,0,0,10.645657,3.074604,-1.5780759,-7.8092823,-3.8537076
2223,train_images/0182152c50de.png,39176e0df5b89f9052c08be28e87e149986198a3af65c43af9a2345e032e4589,2223,0,0,11.889557,3.5976934,-1.8317788,-8.356839,-4.7028694
2226,train_images/aafb0c944f14.png,2418d26dbc95b17ee87f5bfc0a02c240e80e6555dccae0157aa8bf106cf2140a,2226,0,0,12.042873,3.934907,-2.0662076,-8.964702,-4.3271065
2232,train_images/0b00f8a77510.png,ff7d4d3c04c9a8a74cc24618470ec6e35ca27f7aa658d7531f0351498c7bae4b,2232,0,0,7.246361,2.19876,-1.0515606,-5.05828,-3.001197
2235,train_images/6733544ae7a6.png,902ead0bd5e2c5caa56efcc562f4d3226d5b740fa89fc1dd475018af7f907d51,2235,2,3,-4.978882,-2.205824,3.1027057,3.2373066,-0.12985373
2244,train_images/0851d6a69589.png,b0a04d01c7bab87782ce46424a1e36380d15e722723e5fb23321c928d5ed33e2,2244,0,0,6.366091,3.4112835,-0.6569219,-6.231161,-2.8497784
2246,train_images/72606afaf3da.png,e4c8fcb73dfefe34d7682b6e7b64d8088b34602f34f80daccd0bdd813d5bc7ff,2246,0,0,11.06539,1.247344,-3.541446,-2.91922,-5.241334
2255,train_images/8ef2eb8c51c4.png,2f8071e2a344253ddd9fd784646738464115059910141e14202cd6e1956acd62,1657,1,4,-3.0142593,-1.3076787,1.6363003,-0.959074,3.0586433
2256,train_images/2408799a09b2.png,205357ed43ed45c11c9c7f51a5fce039bd447deb6a4372bfebaef50a556266ca,2256,0,0,12.044791,3.2164316,-1.5624266,-8.667899,-4.412058
2259,train_images/710b05a96e0f.png,c692a701b406677649dddcad57dc4056048c9d2eeb5448149d0e9b8efd8aae3e,2259,4,4,-5.3006954,-4.035896,0.20629251,0.49799347,7.6867876
2266,train_images/e821c1b6417a.png,a64c7f7d010cc33918206e84274c454edee4daa06ca2bb87f4056a8788848bad,2266,4,4,-3.739273,-2.2151551,2.051245,0.8037834,2.3182938
2267,train_images/ad570b850a4f.png,3710bca81e16bc4cfc479dec6ae5442542dc4d98e3522f058c77cb7afc6500ca,2267,2,4,-4.4550247,1.041709,1.7541306,-1.3374081,2.2027907
2274,train_images/2974c6ad1d58.png,e57746139045bda6beecdb616d55a8d7e4615b3947f0ba839195124ed495905f,2274,0,0,11.55713,2.6155453,-1.7464428,-7.677187,-4.151924
2281,train_images/fb767cea406c.png,5f67ab4b66a7191235479bd9725dfae8292b27b1672a9d1583d4fe964e489961,2281,0,0,9.816922,3.8758469,-1.0476048,-9.17533,-2.974316
2286,train_images/9fefe2b44795.png,a1f7aedb15523edb9a72d3ece508401e48f33aae1ca72b13c96162c2d14ad6b0,2286,3,2,-5.615555,-0.4566393,3.4841256,0.64751244,1.0079536
2293,train_images/5c6194562ed2.png,2067af50829ed9c3adf9ea020318dc7fd250f705e97d70f73eeb2b3e48ee91a1,2293,2,1,-2.2562141,4.2099667,2.8765054,-4.1235304,-1.2842324
2298,train_images/d57d1be1bbd1.png,ba541eb808f6e6a328e887607e9a6e973a103dfb2bf5a7d798e7b04a1f8d90ff,2298,0,0,7.3226433,4.686838,-1.0723358,-6.213152,-4.354041
2301,train_images/e740af6ac6ea.png,b0d4d28b889d397baf01efe5d67e5ba4029ab302a719e62b525c4964fb940e7b,1693,4,4,-6.851631,-1.924716,2.5091624,1.0416031,4.158333
2302,train_images/874f8c1929f6.png,e0f121f6591183f4c2a2af7cc0bb3eb877936a801e31a580790ddbdf8212c767,2302,0,0,10.701077,1.47964,-0.9277247,-7.9873486,-2.8204095
2306,train_images/944a233fbf8e.png,cf4774308a31235337cd0a326dfb694365deaca03fc07fafed86bd352a96e8e1,2306,1,1,-4.595913,3.2096643,1.4797361,-2.3688602,1.4588186
2308,train_images/0161338f53cc.png,e00a95f1bd202fe395d509b23c635c75e87f0d66f5b7610149c92ba3e030ccb3,2308,2,2,-6.9093647,0.35969448,4.1589684,-0.46038246,1.6732728
2313,train_images/253e96488cfb.png,8893dc9a7d66cba45d9fb4c7e24edb0b77a97a08a236b600a46962a7b9be6094,2313,0,1,4.201109,7.7562933,0.45987278,-8.657896,-3.686836
2316,train_images/a2ddabee14e9.png,8c51975103ab5b1150e4100bdf96f870d69f66153c30ecb3ff43f11bd4914ef9,2316,4,4,-3.6286964,0.602273,0.81357926,-1.6128864,3.046008
2322,train_images/4dc2211a1c31.png,5c1c0d4102200c23ba7bd0c8a4abf9890d88cfaa437d184a3fc356b93bf66fd6,2322,4,4,-1.5278988,-2.9402766,-2.3724718,-0.5970154,6.897586
2330,train_images/3b58b02c89ed.png,10b2b2cf3b794264deeb9438c2a79508180be3df16bd2e4dc7013fed32babdfd,2330,2,4,-9.499876,-4.2439013,3.1425722,4.2344,4.9696493
2333,train_images/58c12863f33d.png,54339e45db9c8694cd96a435dba92cb1c25086b48761c75dbe6376467fd75988,2333,0,0,11.301237,3.6215382,-2.0078053,-7.9711323,-4.422435
2341,train_images/4393c5bc576a.png,710b254e55d4078ed04a240bcf1be963a428adc546c7f60c1d9b6ecc0caa13fa,2341,1,2,-1.6543713,0.82114697,1.5656755,-0.6628647,-0.65408826
2346,train_images/0bf37ca3156a.png,c21eef04f3a8798afdd178d3c690115bc0e2a3b97ad0f5fcb8080b211cfe3f7c,2346,4,4,-6.111698,-2.856254,1.2142146,2.342369,4.4509974
2356,train_images/a04fb36db784.png,c6ce210915ae56bfcd338fd3b12d28e20ec0159072d82fd7b39cd1c31a53f5dc,2356,2,1,-5.5453453,3.3091478,3.1702576,-0.6411724,-1.2208745
2358,train_images/6e68e742f5bc.png,c48386ee75dcbf73d6ed60039a56bb8af3a584f0c20faf3f493f22a3720bb5a4,2358,2,2,-4.5531864,3.216485,3.2533176,-2.868064,0.042231083
2366,train_images/5a03fe3ed15c.png,df455a9ceb336871db162c6cdd92bf62f48dc49d40a8138840147cb6dbb564c2,2366,2,2,-4.524597,2.1149673,2.8980575,-1.6417732,0.27389765
2371,train_images/94dcb491143f.png,bc776e85c45745ef9814c1e07406213517e7542be7f4e7c68b5b2d8abefc6b6d,2371,2,2,-5.6960354,0.5027342,4.6723313,-0.054080963,-0.37707853
2379,train_images/aa8a1e814811.png,7943a89ecbb2ecec24b32d59f615bb1312031988daa5b81df3c39e6d982195f2,2379,0,0,9.145714,2.3599958,-0.87030876,-7.3267097,-2.9393308
2382,train_images/453a1e2754b2.png,1be0fb99b4af6e841695038c90e7f46373c41987437b43ed00f0b2c2e43190c9,2382,2,1,-0.20018578,4.210514,1.5281036,-5.206731,-0.6681943
2387,train_images/2cceb07ff706.png,6999ab73db13c01367ae204b0f29c22e17c9e31033408ef149683186e207fec5,877,2,2,-2.530939,1.5954685,1.7718735,-1.9349527,0.4904244
2394,train_images/e6a6acf7fca1.png,15333cc512e4e1c699a7db82fb7cd9eab334b31272a66598a542af3c9e09b82b,2394,2,2,-3.0196915,3.5512247,4.265927,-4.85005,-0.6776178
2398,train_images/6630f8675a97.png,c13c5f799ad94b985a21c31e147e3ad0e80602df2ec5c0cd3ea2e8a459505571,2398,4,4,-4.8038177,0.6530056,-0.2765594,1.4611855,2.2390158
2399,train_images/fea14b3d44b0.png,d65627c6f3f09ba99b4c1a4780bea37c77b628122177db50d39e7b5e110598a0,2013,1,1,2.037653,6.8056936,-0.75676554,-6.193673,-1.9242837
2403,train_images/239f2c348ea4.png,6d0b2dec3318f8aaaf26b229f197aefa1a58a510f3dc7fb08d11ddd7a134bf7e,2403,2,2,-4.876137,-0.76315117,5.9259114,-0.4464283,-0.8689184
2406,train_images/8fbb2ca39911.png,f3ca5002fed1be83ab6ac161fbc36ccaa8acb0682e44ed84714497996c1d456e,2406,0,0,8.034323,2.2637177,-1.6150656,-4.954957,-3.4675715
2414,train_images/51d574513bcb.png,3d7c2f21eff20cfb1e953f3f2a0961c16ee9fb48b462fa935fd9d5e958bff44a,2414,2,2,-6.1134415,0.34737587,3.8474407,-1.2543793,2.0503511
2419,train_images/1c9521878baf.png,a2e71355dbd8bc944b5907cafd9a54e408fec21d3852b450fde52135a32e29f1,2419,3,3,-9.478601,-4.211414,3.0420508,6.616848,2.6642625
2426,train_images/c6a145742708.png,b09a7072d43734b129210c6dd1ea19255665006295c3bbdbc89e2d88c0194648,2426,4,2,-7.1360607,0.050730705,3.6611443,-0.7115822,2.9877517
2429,train_images/a30a143a53a3.png,7a67429a5131d6ff43e384340addcb97fac7ad9939d289ee3c1a60ec898e80f0,2429,0,0,12.510856,2.4970827,-1.9070861,-8.388092,-3.971217
2430,train_images/196e6a186452.png,3aed027e0264e8c766943454c555abfca5f0cbf4544efad3ae6b6511860cd814,2430,2,2,-7.5553265,0.8273821,2.7459927,2.155552,0.70139956
2436,train_images/3428230bf1bd.png,57806a61b48897c1f48d9dc2615c910eb065763058b614c93ad4709175495e93,2436,2,4,-8.900595,-1.7824225,2.6590652,3.2035408,3.5288892
2443,train_images/aebe87a423c8.png,da7e8b8ae96fbabe15a80f9fa7e59aa67815e1e6eb071472604d74330bf9b111,2443,0,0,6.280863,-0.68952084,-1.8618169,-0.38839912,-3.2164633
2444,train_images/d66b6f333dc7.png,20de3d136126fe63ed950e3870ea228ca09b41439ab301c81cdd1160e71bdb87,2444,1,1,-0.35253143,4.4296713,2.2701082,-6.3824053,-0.46335244
2445,train_images/812d5adafaf2.png,6f71d76463022abe1a9db4db25a4309fb983af293573dcbd62bf8b8062e50c0d,2445,2,1,-6.2151566,3.2912903,1.6330953,0.07613182,0.25689626
2452,train_images/d1ca85af57c9.png,3e0943eeb0f57ff0d9002bd134f011789a826e306d320e670a81c858a5006ac0,2452,0,0,13.028918,2.6702776,-2.1270623,-8.721832,-4.156475
2455,train_images/1269ab57c2e6.png,d8eadea5cbe58c643ba71d787f020969df3059c27dcb81af9f7a04dc5cf848d0,2455,2,1,-3.272993,6.830348,3.6052399,-5.9519577,-1.9682295
2459,train_images/4b422b48d0d4.png,63c47588cf8ab9732aa3265334cbd6da4156b706a447556c887d218887560879,2459,2,2,-6.2992,-1.5515976,3.8127637,2.6049023,0.45921564
2462,train_images/a06e5ac695ce.png,1e5e0c518c16145944c838aafd7609194673726d631f4b29f3b89b65f3da530d,2462,0,0,11.015486,0.41109943,-3.7758238,-2.4030476,-4.6832724
2466,train_images/cac40227d3b2.png,e00a95f1bd202fe395d509b23c635c75e87f0d66f5b7610149c92ba3e030ccb3,2308,2,2,-6.9093647,0.35969448,4.1589684,-0.46038246,1.6732728
2473,train_images/565f3404f9b2.png,343396257fddcb0c92e67250546a89939c5cfc21527ad36a2e7b685b29b71844,2473,0,0,10.107951,2.720829,-1.7637546,-7.249443,-3.4179485
2479,train_images/63363410389a.png,a4ce448d0b8f208c77342fd03bf5f39327e903103ab56123cb9f071532f455d6,2479,1,1,-0.8181553,4.048027,0.29992497,-3.9455814,-0.028545618
2486,train_images/9ce46d400cd6.png,be953c25e11d4b0c0dcc50cbdbfba1093a67ee74a3e2c22b9f61ec4922500b5a,2486,0,0,10.158346,3.1597748,-1.3676338,-7.7652845,-3.7039092
2489,train_images/da9262d9f5d9.png,e53e778fa6d0b6cb2d8106c5a8d00e40ee1b7b76a8f02b2e80f638b6f33cae16,2489,0,0,10.974375,2.7234612,-1.5798142,-8.721518,-2.9467885
2497,train_images/aea59ebec445.png,97c3087aaa80c5554b37acc7d4177a4551cdeb1189c30817dd100ed625510dda,2497,3,4,-9.209753,-4.939523,2.6526551,4.58337,5.596305
2501,train_images/2585bbc91909.png,0b79f5a7acb94aac6f4aac4590fdc74673eb4c072484f7ae0b4240f5fd886370,2501,0,0,11.581695,1.0278416,-3.902297,-4.121702,-3.9783041
2502,train_images/144b01e7b993.png,d9693f423433ba9af946e90eb9c4ef4ca1437c9be236e3087d8decee8a86835f,356,2,2,-8.066702,-2.136982,3.6215572,2.7117844,2.6996732
2509,train_images/9dab2e6ba44b.png,029e6c9bc4d0a1ce1651b567eb79fc5249a7e10198f0c8f512390cb86e3b7298,2509,2,2,-7.495867,3.0170984,4.9106483,-1.0384502,-0.6246855
2510,train_images/3b018e8b7303.png,9be730d753778ce1cf6ea0bd3d04d8c15886f14479bf5563c31a31ddad586bda,149,3,2,-4.402294,0.40235138,2.5880773,1.5634556,-0.9156525
2512,train_images/9f935fb38440.png,7f9493e9813c4c4dae992e2c16f48bc7a2da92837f148087c22e6abdfbc7f3a1,2512,0,0,12.326664,0.9033146,-4.024338,-3.0859518,-5.42146
2514,train_images/77a9538b8362.png,f7b42e43e4e8cff395759bcc92fcb72b9e7768d178d8a3931bf0f2eeca264e80,1871,1,1,-1.1728554,3.3983784,1.1430933,-3.5208855,-0.3365388
2520,train_images/03a7f4a5786f.png,e9b48aa4e591398e31a6092e5b072e2111cdce41a39681fd3acc5452a9752d46,2520,4,1,-2.1298923,4.321744,-0.18479061,0.33678627,-2.8123772
2525,train_images/c5ad60521f8c.png,2904ea3440968f94244d8f9b567160bef53b442083a0e3424e15b73de42a2f9b,2525,2,2,-3.4905853,2.0723124,3.6837387,-2.2242336,-0.81219506
2527,train_images/0180bfa26c0b.png,db109bf7ac8cce776b3b67fdaac05526b3356d6c2915ba80daa9b53859916ab0,2527,2,2,-8.456381,-1.3744717,4.6515203,0.79654884,3.0827155
2530,train_images/78937523f7a8.png,66c3f988307dd066d583872f7cc792a5ea95062e9a7121f927b4e444788b849e,2530,0,0,11.330379,1.7814922,-3.0007632,-3.7442236,-5.742922
2539,train_images/05e9126dfa5c.png,23cb8b68e955d4589b52ace5dc8babfa55d902e79dff3d1d2b67fa9a8b0fc455,2539,0,0,11.505101,3.7386847,-1.6113889,-8.029872,-5.0120897
2544,train_images/f4de9620e3f2.png,374d36e9a14966fe6e1dbc79946bfb0f11cde11ad6ab86373b943c2bab0fb905,2544,0,0,8.4299755,2.651247,0.07463014,-7.740608,-2.9677827
2551,train_images/dd110d2b8c21.png,242e16205ef7c4cbccf038ff204242f296772742c44971cad5cd2f07de345646,2551,2,2,-8.333258,-2.8651648,4.799456,2.726221,2.3408356
2555,train_images/65dda202653d.png,253728345a76463870ed77867ddf5625a9eda0b07ba517459032a34816a0b789,2555,0,1,3.5603313,3.5625477,2.2426586,-4.6211834,-4.621046
2562,train_images/00f6c1be5a33.png,0cf6f915f26f896e9c5122328d94839c5af797809bcb252ff6420eb81abd5614,2562,0,0,8.671307,2.0843687,-0.2504323,-6.0252876,-4.1717234
2563,train_images/0151781fe50b.png,38243b28367c7542152ce418d0ed9dbe282a56a8a1549199c39ffc594e4d63e4,2563,0,0,10.017491,1.4973326,-2.8171139,-2.8451977,-5.3959084
2571,train_images/0b64a0a06f9a.png,a7eba3811fe1e29c2a9e4ffab0d14dc37344251f960af3cf50f79f34c02aa8f8,2571,0,0,10.023469,3.8136206,-1.8268628,-7.3755283,-4.0631657
2580,train_images/10de500cf0c5.png,daeb69e832bac8b081b0fc817fd0b10b8af7eff07883da17180a504f10561346,2580,0,0,12.898527,0.092555046,-3.659837,-3.6867104,-4.9262857
2582,train_images/12ae44be0d38.png,5bc779204e7b6b0ccb4564943f030892f52cf9f631a1973a400572fe52c87cde,2582,0,0,6.923414,2.2223406,-0.6787554,-6.880391,-1.4649804
2584,train_images/13d411c85ffd.png,1aeac068cc13f2fd28aa29cb9d94a5d20ce0994732899dac1c15b728153b2a0a,2584,0,0,10.003909,1.6968422,-1.4525322,-7.314952,-2.511535
2592,train_images/1a0dbc6c0cda.png,fef6206e619a8a22618394c7a4a6397092ed878aa82bb06308a492c71a75da81,2592,0,0,8.089678,0.5602312,0.5225561,-6.329954,-2.5396497
2593,train_images/1da4a17c18c9.png,ff14591d5c5e253ac549ba6f7ddc522fee899e785cfbfc9e1fa3a7f71fb7a722,2593,0,0,12.33868,3.156334,-1.4674282,-9.050116,-4.379114
2598,train_images/1f9ccda4ddf2.png,81197b02854ad5114cd8fcc05ced00d09d9ec3a2c24e2c1653f3ec6beab321ed,2598,0,0,10.03203,-0.3171234,-2.5587409,-2.0529833,-4.622555
2600,train_images/210bfe0127c6.png,3461246332ff70a75eab4284cbeb900d50853954bfa858de39de5405b5913de7,2600,0,0,9.472275,3.4010878,-1.4177835,-6.342327,-4.553796
2609,train_images/29d059522fa1.png,d204ce1e84cac4bc98c215757cb18ffb76553c67b129b716540ef24c27595bcd,2609,0,0,11.340708,3.742507,-2.2375846,-7.6324224,-4.6680393
2618,train_images/3486f7096276.png,8692fc57a0dd189fd1e203c584be7c22fe8b20b10187550d90a39919bb9b8ea0,2618,0,0,9.07409,1.9350147,0.000844717,-5.6681395,-4.7784243
2622,train_images/3a4cfea0a766.png,0b47297e29310f6ad283e91271bbc99ef211b313fe057e41cf56eb7c265fb6ca,2622,0,0,12.232452,2.7780418,-1.7449865,-8.469041,-4.173609
2629,train_images/4145dcb25053.png,0d7c5dbfa44dfde7b06278b9fe269c09d7b7e8742075b3a60eb9b7e633d3441e,2629,0,0,12.482976,0.5571461,-3.60005,-3.3500137,-5.352297
2631,train_images/4350a1b2f3cb.png,2bfa64e14c5d92109fca10fc40632fe044281a8d13fd1ddf88c9bbbe1ed2f1c2,2631,0,0,8.093164,2.2530012,-0.9840887,-6.2652416,-2.8896387
2638,train_images/462937ece243.png,dc72dfb19202e8e6462a8754e7683a5bbaa2065854b11c5424c2f52a724a7a2c,2638,0,0,6.8670483,0.8681412,-0.052221417,-6.0388365,-1.4972689
2641,train_images/4aa3d771c5e4.png,7e2cda3ac6f0cfbc1db9cd5aeac8496c2605e1ee4bd0ffbd51fb27ee3c8f71a4,2641,0,0,11.711282,2.3683376,-1.8377869,-8.062509,-3.5680468
2646,train_images/4cfd22ae43d4.png,3b2e0a14932bd0a9b987d850450e4017dd0c959d1ca6291e0a621866e9f6718f,2646,0,0,13.498186,3.0660543,-2.9564722,-7.678051,-5.140525
2651,train_images/50d8249f7bc9.png,666f906aeb5b60511d43bc9978badaff259ffe6e00e212843aaf9e7df9a11427,2651,0,0,10.950969,0.5489979,-3.1771789,-2.1992064,-5.5724792
2656,train_images/54bdcdecd8f3.png,18e0b2d88a107b2e1433d1e25208ece7ceabbbfce610b04091be6b29cf111aff,2656,0,0,9.875374,0.25988293,-3.230516,-3.4101772,-3.0381162
2663,train_images/5baed382f062.png,2fff17dc3732ffe0a0994026a825d1288217f1cf41a9173212ce758b3f7c9968,2663,0,0,3.4062157,0.7991295,-0.20347485,-2.1246748,-2.0900981
2666,train_images/5de4615a5161.png,50b257593ce23b39d1cc3df0cea5d46856838c471c5ab44bdbaab6836c3b7db4,2666,0,0,11.348911,3.0454025,-2.3812354,-7.7124367,-3.7718384
2672,train_images/66366a90d1ef.png,e001182acb9472f76d83fdf8ddb45f08deca7f2fc18ae7aac6bbe359eb450808,2672,0,1,0.18276596,4.037341,3.423874,-7.159128,-1.0273595
2679,train_images/6c3589d7ed8d.png,324a0d67f126e97d711f61f55ab2b4fba2aeb315818098701fb4f17a175d99ea,2679,0,0,11.435326,3.906621,-1.4648788,-9.189767,-4.172511
2683,train_images/6de39b94f634.png,901e34123bbfb88bbc874128a0fe626f0f93700a7373cce2419b9603cbbe5741,2683,0,0,11.373895,2.6638174,-3.0785108,-3.869687,-6.485201
2688,train_images/77e15f213b04.png,259eb33ed9b0a1924561c77561f486385ac2ea012a30bb58c25d8023db46d68d,2688,0,0,14.61788,1.1746454,-4.0094314,-4.890333,-5.935527
2691,train_images/7b691d9ced34.png,4b256f83d89a4c6debb0444f64489d54466f6cc426c4f11ad2503744497c9635,2691,0,0,11.166414,4.444523,-1.9098353,-8.642609,-4.300873
2696,train_images/7e77b61e1639.png,3b75d903c4c02733e59831f41ffa3cf99839a6cf12624c22f1187e523d148fbd,2696,0,0,8.645234,2.9673662,-1.2186964,-7.351985,-2.8134563
2704,train_images/8448af27ba07.png,7e53344a60b33212dae1da424fe4df2ebecd4f211b89842fe7cbd64ef9073c1b,2704,0,0,10.111723,1.6058435,-1.0730724,-7.046134,-3.1261756
2710,train_images/8aa3c4681542.png,110fcfb4056a96ea91fc73cc3c88a3b308184271d99831aab973363b05ba3b08,2710,0,0,10.044388,3.987876,-1.307806,-8.571941,-3.6909263
2713,train_images/8d9516ea3587.png,4d524cf92ee0a0745c91a8068d0047a9f440738b0455e46510b79ca4e1754e35,2713,0,0,10.74585,3.3641367,-1.1911764,-9.086742,-3.3479345
2718,train_images/9287e57326d0.png,ebd485c08d7093f8ddc6ae79cba2454afdbf7c2b9cb2af99b8290fc5cdfdb6f2,2718,0,0,12.7489805,0.9762821,-3.7458527,-2.8867035,-6.31522
2719,train_images/92e3d608fd3c.png,3a6382e1d4af6b16519858223d01add6a9659dd14f357236c9fb8b9346094e5f,2719,0,0,10.323288,3.7403278,-1.6668448,-7.3824654,-4.613825
2724,train_images/992b9a07b25f.png,c230db71402e77517757dce3498601712bdc41985f90beeca9e9019e60725b6e,2724,0,0,5.707897,2.037693,0.11871868,-5.329336,-2.2608263
2731,train_images/a1edf0e66592.png,a06f33dcc61abf4c20968ca9e9d39108e22ea1e40620316e44c1e841bea4c2f6,2731,0,0,10.136495,3.1420527,-1.7073824,-7.7621727,-3.4100664
2738,train_images/a73d012c4c38.png,5b1d6b3ad48761f4ecae6511c0946f87eeea48609d727f285251b17894eb9ea2,2738,0,0,11.9515295,0.6360369,-1.2336576,-8.137013,-2.6388457
2741,train_images/a88365134c3c.png,e523f6a4ac954dbb490af2a1447d797ac6b4a9448df57e0a09a38c81fcf62d42,2741,0,0,12.454633,2.9331512,-2.0065157,-8.119796,-4.6009245
2750,train_images/ae58ccb5905e.png,cfdd3bf814f3a7727d113e4ea067194a26f36fa05232611993eab7cd320d1261,2750,0,0,9.955203,3.0218048,-1.4237926,-7.9288845,-3.2458017
2753,train_images/b0b3b16fc305.png,6e53db3aa3b0e818f984b5e85221cf8738397a54fa8430d1b9149411bb17c4bc,2753,0,0,9.791154,1.9816246,-1.6446278,-6.326378,-3.3363569
2760,train_images/b9bc81fcb075.png,17501277b038feb10ca285927ffbce786c1bfb9c91f99db8307d6d8ab6c69226,2760,0,0,10.874215,4.3127947,-1.6116345,-9.391508,-3.719518
2765,train_images/beb00fa6e7c9.png,08182d84db4f97ffe0689f2d388db7067426d2a4da530264f0757a6677e819bb,2765,0,0,4.4395294,1.7502155,0.31774312,-4.7391615,-1.68312
2773,train_images/c3b15bf9b4bc.png,42d1a892a02970423da1b70f78abb3a58f2610bcb2cac6efdf6cc5d6104e3470,2773,0,0,13.532747,0.48580265,-3.3112175,-5.224347,-4.735011
2777,train_images/c62cef02efa2.png,742c9f2ee6fff4a007561c3cdeffac1694fefad087e5efb33932cbec6a5c3153,2777,0,0,11.59199,3.0476933,-1.3003855,-8.800858,-4.020072
2779,train_images/c98f623d08d1.png,d534e4a9f767877cf2c5b7d4f0a4eca34b47909b96acffe7603f640f30660e9c,2779,0,0,11.721305,3.1932173,-2.0696425,-8.425713,-3.8381274
2787,train_images/d51c2153d151.png,4b256f83d89a4c6debb0444f64489d54466f6cc426c4f11ad2503744497c9635,2691,0,0,11.166414,4.444523,-1.9098353,-8.642609,-4.300873
2788,train_images/d56d32a1d62d.png,d233e28fbde515f4626f4feef8c067570e29fa6ba20b6ff38ef3ac4f6fcb5a28,2788,0,0,13.407806,1.0221395,-3.575681,-4.57685,-5.5004387
2793,train_images/d871895742b1.png,5c1800cbc263555bfc031c7b3866ee68466f692969aaef97027ab7df236817ff,2793,0,0,9.664141,-0.29483318,-0.41754717,-5.997676,-2.4261854
2800,train_images/dee31065f8fe.png,ebc10e0d86549654d8d6453fbcfe520003a028706ad52089f94f3dc7a25e7312,2800,0,0,12.19014,2.7934523,-1.7908487,-9.187937,-3.393769
2804,train_images/e2c39ed0c941.png,66ee2d53be1ccfde2d8d6ac7d4b203fcc8578562bf358fa75c691ddde28b2724,2804,0,0,10.180828,2.7117786,-1.2114005,-7.694914,-3.5507567
2809,train_images/e893e86dde94.png,b38ea174f9dd04ef911461a0b6bc622cc1a2248eb10ff327226366da7129172b,2809,0,0,7.337469,0.8315973,-1.4438666,-4.9964895,-1.5002806
2815,train_images/eda29a9d78f3.png,233e08243fb20c5ecfef51915acf958772e1a1857b7050355384fec451fcce6f,2815,0,0,9.881186,3.5935907,-1.110954,-7.856826,-4.069462
2817,train_images/ef4121e9bb67.png,23d50714143a08dd3d3f67478625bffd5a8b62441f2bc8b7b33c15a3f2bca402,2817,0,0,12.89183,3.0860262,-2.2289307,-8.439454,-4.6477757
2818,train_images/f0a2dc580009.png,ba40f94225e7876cf63673be879fea75b41e72f66b72bc15849b64a774fabb80,2818,0,0,11.373175,2.8884945,-3.984743,-2.8995028,-6.714052
2824,train_images/f85fd4fac887.png,db08a156738314c0b98cc0833a781a7bd940e48d19030316d225990b46959e24,2824,0,0,11.045657,2.6026468,-1.7221389,-7.27826,-3.908786
2828,train_images/fa7fa797c650.png,3b4c1ac29cf9576502f1fa091a7b60c00e1370038e9772247313dba1ad5c72e7,2828,0,0,12.612757,1.727334,-1.3913808,-8.611375,-3.7224824
2832,train_images/0124dffecf29.png,9a26f92bda73ea24a6e64f7389cf956b6ee086b09e6d099739394a00c065e871,2832,1,1,-0.66127205,4.3875675,1.932553,-4.576477,-1.5917432
2839,train_images/1bb0ddfe753a.png,c0afb81c27e3ff245394d801accd8e1c3073601ef8d3f378712d8347a2d1929d,2839,1,2,-5.5745316,1.6852465,3.7973442,0.1986084,-1.1076677
2843,train_images/248139c423c4.png,a3457807379253e5fdaf16c20aaa21b50fe7e8069c9f2e52140dc7486e506f34,2843,1,1,-4.5801334,3.064331,2.6266067,-0.74383163,-1.199177
2849,train_images/33ffddea8c6e.png,7c7faed46d15f53afdd6e00e5832fbb0282d940d98d48298b4999332a887afb7,2849,1,1,0.018722534,3.883565,3.5635533,-4.9611425,-3.0699313
2852,train_images/4e0656629d02.png,504ae0b827b25c5ed37d5bc4b12334a4071b8b974883f855cc32aeb726eafe28,2852,1,0,4.448303,0.0061855316,0.8307466,-3.4989834,-1.6930621
2862,train_images/71c1a3cdbe47.png,875f7e33f052ce66187d01240da12b4b4ca0257c7834ae4efeb6da0bc1292f0f,98,1,1,-0.010318756,6.0566187,0.23399168,-4.0635786,-2.4514544
2865,train_images/7f60f2a083d3.png,753cfe459bd4f9151ea485cda35476781f9bdce44ed3555da87833247782a430,2865,1,1,-2.1175575,4.714857,1.3096972,-3.2967005,-1.0009682
2871,train_images/a2696f444ecb.png,0364bb4b667cf909088e64a0032689c8582cd3093d34632f68bd42005c86587b,2871,1,2,-3.7157364,0.25794315,1.7333219,-0.0030174255,1.0394413
2873,train_images/b17f0b81dab3.png,45a6f156c46aefc53869e35c077244996518d4a310874c39f7c2e373163ed46c,2873,1,1,-1.4000549,5.39147,1.0923882,-3.9175224,-1.5739434
2875,train_images/c1e6fa1ad314.png,1548c4ebcb2c2614e8774a88b085e89f73706c6e851bee7f45da5a528deea1ce,2875,1,4,-4.4259434,1.425767,0.119215906,0.09937096,2.1912026
2879,train_images/d4f32b9c07df.png,10f07e48668bcfbdbe1ada981569a4fe2b9e004be907b71d0b87ceb456da098c,2879,1,2,-6.330904,3.1922493,4.3002434,-0.5982857,-1.593467
2884,train_images/e26d8718ca58.png,f8f8a5e81d15873185b40718963c87d89d43cd17c962752a344a9a2a40e17790,2884,1,1,3.288599,8.081098,0.5793262,-7.8712263,-4.1530066
2887,train_images/01eb826f6467.png,9b818cb84607d3bb03b6a560eddfb0154da4ddbd79447e2b5ad7b0e8600820d8,2887,2,2,-4.0236816,1.2814045,1.6078625,-0.5102062,0.9520719
2894,train_images/0dbaa09a458c.png,4ea48a7ee77ecae6d22e6513102d830868ac7cd5ca167d4d5e44f01353369512,2894,2,2,-6.1933403,0.6779337,3.8835034,1.3303833,-0.7212038
2902,train_images/20c883d3bd38.png,20ca5d282562ebfe773200ff17c2c93f1b53895cecac94d7f6e9cdfb85e8ef7b,2902,2,3,-7.555834,-2.621945,3.0658293,3.5374165,2.3323069
2907,train_images/23fca0693e2a.png,532267f98752b747679c5d89f7019fe92398737988e28cd7c8545c4c3b0e1989,2907,2,4,-6.4683533,-3.3999743,0.7509795,2.5331364,5.549716
2914,train_images/2f9b66784109.png,66f6ab81877a8cc3c94f8d9a455a78396eee14102d270774cea0885a869ff61f,2914,2,2,-5.1335945,-1.1548653,5.121395,-0.42515755,0.664901
2920,train_images/44e0d56e9d42.png,63c54179496bf584617971adb83d6ea2e78a2fabbb8c796cbbff1aee89b1365f,2920,2,2,-5.571266,1.7176466,3.6381874,-0.6329956,-0.1334846
2922,train_images/460893cd86e3.png,426af1fbf8cfa58a0cd3788a57eafb77f68f8498e3fc1a0204fd957956583e02,2922,2,2,-4.348774,0.5956526,3.361537,-0.6920719,0.110853195
2930,train_images/523d0c2cb4d6.png,8c619ed2a73623a92282a60dbd5cbfa07daa10f2775757a2610d078fd80ee28d,2930,2,2,-8.300943,-1.7744598,3.7209778,3.1365185,1.99563
2934,train_images/58529a8638d0.png,fd681145b57fae00cc5aa2a34a3545737786d9fcb5dd779afe65efd0921f6d7a,2934,2,2,-6.2578354,-0.4580717,3.114267,2.1478271,0.45367122
2941,train_images/62e6f814c8f5.png,15bb222b1acfd82e3cf510e9a9cd734d2498f9550ae0f8527bc7d5a3e51b8107,2941,2,2,-5.3547173,1.9486723,3.4347296,0.31071854,-1.1790922
2942,train_images/62ecdc90dd42.png,9e75bb38c9a0450ca536cc95357030d750bc969ae3ab0789dbf076b5e8dc2297,2942,2,2,-6.115738,-0.93839645,3.0144308,-0.061527252,2.9140074
2950,train_images/77f69c7ff324.png,ea30e9b8ae11257ad8d29e0c1527c50fd1baefabf7ce33cf6d4310481847a195,2950,2,3,-6.743059,-2.794403,2.2840905,4.554531,1.6137977
2960,train_images/82f2784ead76.png,1fe5502b7186075f1985fea10ef907fafbf2992e67471f709d05c02561f37d98,2960,2,2,-8.299372,-3.9987931,3.844677,3.5161972,3.6359231
2968,train_images/8e3b79e1f1f7.png,40438ed806d487a5ea889cb9161650364f60717b7aac18c3842cf116fdceec94,2968,2,3,-5.499798,-0.41787434,1.1520963,3.135294,0.77986145
2970,train_images/913b1890ed1e.png,74cf3dcdc520dc1ccff6ad0be9cb4851de3ada5d7150ebd26571b2d30a91d464,2970,2,2,-6.683342,-0.4180851,4.517184,-0.5248375,1.9395
2975,train_images/9a4f370d341b.png,c27ea2913e6311e48e07573df3b7976684aa0b2754e1491ba1be67a9f3375db0,2975,2,2,-5.4237137,0.623291,2.276953,1.3378925,0.30255103
2982,train_images/9f5a8665cf2e.png,ed4ce91ad21344ee0441ed7082291b9565648b652967d04e4ff22fa733907bea,2982,2,1,-5.431858,3.8284082,1.6580315,-1.5220509,0.6519048
2984,train_images/a0a0cd8af5a6.png,e173a352afc85c6519fb8e91886430e8de15eedd7f295b55abacf933aeb5806b,2984,2,2,-6.0985546,-0.21180725,3.1341846,0.32400513,1.7788785
2993,train_images/ae1344610ebe.png,41fdbbc4a55819dc14251495c37ac915161f383cd6db24c27090377fccdf48c5,2993,2,2,-6.7136364,-0.08058548,5.48249,-0.023950577,0.22234249
2995,train_images/b13d72ceea26.png,227bfcc1aadec71c0824ddc524ddc94714359c05a4defa8d704a018e3650dc8a,2995,2,2,-8.71747,-1.2260303,3.9822922,1.818037,2.8337698
2997,train_images/b402b18d99a5.png,022c4d61b79fc0f2397ffb4afa68d1eac6e5201e7fc7ea69eeb81fc7fea90077,2997,2,1,-5.213476,3.8674746,3.3032312,-0.4146309,-2.3546636
3003,train_images/bf9cba745efc.png,6aa9f51d31a9a499bb9107336636aaa06fe623b46de063785b5246b24c4e06b9,3003,2,1,-0.58480453,4.1215315,1.9803598,-3.589037,-2.489061
3005,train_images/c05b7b4c22fe.png,12a07df5bbe335d27c04b0e874d773c8e525d33e4a0e56dffa0bfa59d8172d46,1004,2,2,-5.358156,0.6484928,5.1601763,-0.4915619,-0.97280145
3012,train_images/d29096bd94aa.png,9b20baa943c45853454ba7a9f1c945aab8b2a92c5c6abd79e96cad7773486599,3012,2,1,-2.281908,5.265373,1.1302946,-2.3128414,-2.3637474
3019,train_images/da0a1043abf7.png,227bfcc1aadec71c0824ddc524ddc94714359c05a4defa8d704a018e3650dc8a,2995,2,2,-8.71747,-1.2260303,3.9822922,1.818037,2.8337698
3020,train_images/db49cdf1ea64.png,0fe95b82139fb37c5afaf44f507b1f71160a1906550bc632e02bed67c5c4cec5,3020,2,1,-2.387827,3.5328693,1.9203293,-0.8583908,-2.783347
3021,train_images/dbee04ae6426.png,ab88503a08708b40420fa5919b363e8d3aa86b4900a1c19a406e2f76bc0da93f,3021,2,2,-6.1981907,0.371068,3.9662085,1.170805,-0.42604113
3024,train_images/e1418d28d668.png,85f88cec374a8f5c4629aff83407d53c0c64da27120942a98b3157a04583ba15,3024,2,2,-5.4200726,1.2270346,4.9803467,-1.5965366,-0.2368846
3032,train_images/f8fc411092c7.png,82bf90c76fb08e37b1b1f4091a0698e2a543c06e74b735beac85ba352670ece5,3032,2,2,-6.6593113,-1.8261085,3.993753,1.0690842,2.310143
3043,train_images/4c60b10a3a6a.png,cd8c7ed872ae926d382baaaf4b59f84cf842ac017421f053caef04c0aa56de37,3043,3,3,-7.054287,-2.1878076,3.5326376,4.172699,0.39287114
3046,train_images/71a39c660432.png,95da2854c694e8928a3a97052a8e50b64e2e705a9025f148cc12c7035afd305e,3046,3,3,-9.103205,-4.251039,4.0383887,4.372389,3.5729556
3057,train_images/b2ffa3e18559.png,9d2d634d05741087b1281acfee319cccd46d11ce8c554d36071478651c487db8,3057,3,3,-7.589487,-0.20033741,2.1266022,3.8449173,0.65295005
3063,train_images/fe0fc67c7980.png,3a2a797082eeeeb9c9411b934f0c24d23174985b80fb965ed6092f01a9c54b4e,3063,3,4,-8.588339,-1.8622699,3.4397593,1.2841587,4.480506
3066,train_images/1fd5d860d4d7.png,cd35ebfb992b5b3e2b6ca54e6805ca37b75462953a230a65e991557c00b017d2,3066,4,2,-7.351372,1.4046335,2.6371489,-0.34571457,2.5385573
3076,train_images/4a3da369b227.png,0e491a7e23234006e730209be24212394d4215c578d27dc572160f7fdccf54fb,3076,4,4,-7.904215,-4.0421195,1.5382321,3.6307354,5.5650644
3082,train_images/7c629b491d1a.png,601003c0f1e3a703709a5f6614646dc010ef36e17049f0f785bac91539e5d3fc,3082,4,4,-3.449173,-3.9116354,0.10302442,0.11909294,6.458766
3087,train_images/9c72ed6befa0.png,f4918ee8c66948959c87b4c8fd543913f5465c21be9203f24f0e99c01e5ac68d,3087,4,2,-1.7983322,0.00039958954,0.8251807,-0.08016586,0.5730033
3089,train_images/a76b69e443ce.png,24a8632bc63b456b143b5e6fdceb903833e646b82c848bc4976ac20aab9e5cbb,3089,4,4,-3.955452,-3.800929,1.2330089,0.6301651,5.0461373
3095,train_images/cbd0870aa933.png,2cb2c999cfd4a9e5bc2b9db9756a365e0b9f8fe4494a6a1efc345810951abf95,3095,4,4,-4.4792347,-0.7439079,-0.28266335,1.2527027,3.4835124
3103,train_images/eb1d37b71fd1.png,cc26231741a282105f304fe506ddf245291b1d3066a49dae17fafa1ab41241d5,3103,4,1,-4.3463497,1.747735,1.1729162,0.9480972,-0.33003283
3109,train_images/014508ccb9cb.png,ebdee3c68b4102f1ccd72d44b6632315b7a7da427d9c5a2d735a2577fc7b1f13,3109,0,0,9.865741,1.7274246,-0.90440375,-7.277194,-2.8966668
3110,train_images/0231642cf1c2.png,1cecfbd9b8d3830182c66a08553ea5f3bf74552959dbfc488531fcaa22f57527,3110,0,0,7.2669716,2.1170263,-0.8903749,-3.4792185,-4.5681334
3116,train_images/0924cec998fa.png,d663cfc746fee6c9bfe68f23febe9b80d55dfce15c7e10f463bae45810e6ee76,3116,0,0,10.555711,-0.11296463,-2.9689195,-2.693015,-4.2883787
3117,train_images/09f1111a388a.png,808b27400843c1616892c84f533305d1ad92c92666c78cc59bccebec345d8282,3117,0,0,7.630287,1.3550415,-1.8177056,-2.9249573,-4.005431
3127,train_images/15e24b73d4a7.png,1fd0e256333072fbc97a3d807a8c02355d1c11eaa58dd4b82dfdddb21ec7cf6d,3127,0,0,8.434334,3.6028929,-1.0449814,-7.5392694,-3.1337607
3131,train_images/178412895d5e.png,a6e9b7f9352e64e9a7b521411a05c3032eecf89a7d886b591ea708b0fbcffe15,3131,0,0,7.9655724,-3.0716763,-1.033489,-0.18848419,-3.30385
3135,train_images/1c7a013eeba7.png,535fcc8e19f825d19ef4532714fa362b765c6e5b6fe003cb4726a7d09dcd022e,3135,0,0,12.362074,2.920083,-2.146745,-8.833746,-3.6814973
3137,train_images/1d37f1c8b6d8.png,154f6213556e2a2796f2eefbe66a3cec51a48319c7b4a17c62f4a393e65a524a,3137,0,0,12.70284,2.6528616,-2.4038155,-8.235971,-4.075879
3143,train_images/2209daf71aab.png,457165e2e45053639594465a6caaf474104afc0254124f3c24e8e1b7e7367020,3143,0,0,11.821347,2.4357586,-0.93636644,-8.4320755,-4.1167526
3151,train_images/2bb3c492d6d3.png,d4b879aed9b05f813af0479c412e864d7eedab7a20d4bb5f039458d93228ba46,3151,0,0,9.076294,0.98929024,-1.1125803,-4.6741657,-3.6077974
3156,train_images/32d7d360d891.png,b3b927977bda3fb838b6ca03dc615e8e53b677a207d749f42d321b842081f80c,3156,0,0,8.322901,5.4844723,-1.5254288,-8.146541,-3.7890704
3160,train_images/33e7bf536fc5.png,bfdfa9fed5bc6c18d5ca4d34158778dfb97e3ab1c6c854243e961446483f8e56,3160,0,0,9.152492,1.4804277,-1.0371091,-7.213787,-1.8604043
3164,train_images/384e6c915722.png,e91f02df2d9ffcfd3ace5f5f0cb73a011666aee3068154a7bc1346f5acaf33d5,3164,0,0,11.833322,2.419075,-1.8318388,-7.2887735,-4.2328606
3170,train_images/436fa3fd145a.png,46cd31de90dde6497886110925e6f261d319cf61a68c93a80b5960db139b8943,3170,0,0,9.158666,-0.6225586,-2.7316105,-1.8340654,-3.564522
3176,train_images/46acc506fa61.png,e441944b85c30410cc75abd8d7aae592773be12a73bfc731e40f807bb58994a4,3176,0,0,10.240519,3.6939592,-1.2000723,-9.066589,-3.2539408
3181,train_images/49e4b95ee2dc.png,71f4095213dab56a8072631819a93ef5f98617291de72eae7ebd153b0961b7ec,3181,0,0,3.6917725,1.4793987,1.2369218,-4.702614,-1.6982572
3186,train_images/4d1e7def7624.png,ed97fe00e110dea11488e30418ea58d8c9e7078290b0d8024824ad9fc7c296ea,3186,0,0,6.3530483,-0.09580326,0.8705924,-4.0971804,-2.6595852
3194,train_images/529906ff9dfa.png,3e8c17f8574c293abf407bee6a814f3ebbf877b190a238f06348cc2549182fde,3194,0,0,11.859915,4.1651287,-1.4672318,-9.1526375,-4.8059196
3196,train_images/54b322c66d01.png,d366fd0bd38fd053300e005628fb25f55fda7f4560848aed926c5e08b788ac4e,3196,0,0,11.421319,0.7783575,-2.8014157,-3.6981115,-5.100935
3198,train_images/5a0fe0ee4301.png,efa55f9d15f09a000ba00b788e8ea87deddfb2a4dcb60d93b741cb69f92b8668,3198,0,0,8.879835,3.1175547,-1.0513237,-6.6508694,-3.9636862
3206,train_images/63e041a757eb.png,edfbadebc1058499d2add76080eb9931ec9fd025d785eb314a0a17bb6e4a8bd4,3206,0,0,12.256005,1.7836313,-2.3026757,-6.738509,-4.1350393
3210,train_images/6af071b0ac6e.png,f7b572546c211caec6ba70920b14fbf76380506950e69433d88ec7c08e2c5022,3210,0,0,12.041963,-0.86412334,-1.8220341,-5.645363,-2.8336885
3215,train_images/6f460f9968c7.png,221d749b2fb921dafff4d9b9b8a3e936fd4f9ea670007b673c7c552f723575d7,3215,0,0,10.93392,3.2347908,-1.7597692,-7.741683,-4.134431
3222,train_images/757e39293591.png,f8e21ed7b1390da484d1bfeb4791b50ed812024ecc897796a2ba234931e818c3,3222,0,0,9.828825,2.0573215,-1.3427682,-7.3786106,-2.7709792
3228,train_images/7fdb177b8f7d.png,e00480826596290b0d6440adf0ad2657ac8fe3b32c7f126fb56dfc62d6c0927e,3228,0,0,11.496429,2.0361614,-1.1324649,-7.885086,-3.9428556
3233,train_images/83fda7c0500b.png,7cd204f578e75c76ecc505a48ca5e3bdf4936e26f2a28ec1a52bf818e24691e8,3233,0,0,12.32399,2.2788181,-1.4653876,-8.618584,-3.6817987
3237,train_images/894a37fc3738.png,e64b682196e9f40d15c0adc496b604bde754541a86acd1445f42c4596b9dcfec,3237,0,0,10.396234,-0.47799397,-2.9985764,-2.069374,-4.341057
3244,train_images/92889b863ae6.png,b7b7797457088e8761028b0400b3e1b624efb43140581be36723632a26a9a043,3244,0,0,10.47184,1.9119558,-1.8122706,-7.5483055,-2.3743308
3251,train_images/9910c827e2fe.png,dbbd7336a58d14af7a733345f525138917b2d6bd92c7755ffaa27a5a8271719a,3251,0,0,9.4645195,-0.13909054,-1.4074522,-6.3142805,-1.2220123
3253,train_images/9e2a8135f471.png,aa6adcb04854d242db8e4bb6fb4a981a9002bafd63da383abbdf77c864075d77,3253,0,0,11.391306,3.764327,-2.264025,-6.9578524,-5.3413553
3254,train_images/9e7a63b2fc6a.png,9560d3c11333e881b4c7230972e48a210e4d5b1fb2be4f1a5b442471ff7040ee,3254,0,0,7.2550755,2.405962,-0.7845571,-5.3272533,-3.1806705
3262,train_images/a26f50218b84.png,bcaa7778c843972ee1064422967f1be42c1c79e3088202619a9191e47109d6ca,3262,0,0,10.0456705,2.8529644,-1.8728123,-6.8002977,-3.6120207
3267,train_images/a654b25124c3.png,1fcd6ed4591b738bc80d69c364f152941a2f1baad0c8cceab719aeb7d986485d,3267,0,0,10.366342,2.9900913,-1.688297,-7.071539,-4.1419964
3270,train_images/aabd867043cf.png,0d648e7ceb0168316271b39bda83104396b001c6e9c20404f401ab3ca9955287,3270,0,0,13.171727,3.6841402,-2.630719,-8.876381,-4.6424513
3279,train_images/aeccef0bdc26.png,10a7945f22f7847285c3fb4aec9f7f3de9e98b0e92f15914f1b9a59cce5dcfe7,3279,0,0,9.589049,2.4311543,-0.9255898,-6.9786596,-3.6968138
3281,train_images/b0619ca93a5f.png,f0bdae86d6e079946fd176307fb4971b995748a7e3aae89b09e41f1b327af972,3281,0,0,8.268368,0.9107847,-1.1442678,-5.79298,-1.9669969
3283,train_images/b16dd4483ca5.png,efadfaa8278f0e37c4d6152d666305fb8bc3e489f55de3584d15126e408bb5cb,3283,0,0,11.6589775,0.99026775,-2.328628,-4.0090523,-5.6413946
3287,train_images/b7983cb3f270.png,ced89e727cac2514a773478f0f0f811ec6d13a580de98e7b92f894185770b480,3287,0,0,10.308548,3.764327,-1.9761934,-7.433836,-4.2127295
3291,train_images/ba0107fb1bfd.png,26d1310ad0d0717f014086942b5845c785298cd4e165dad3cc026b76980689d9,3291,0,0,11.65793,3.1391077,-1.6858399,-8.022068,-4.5447264
3299,train_images/bff51afc76d4.png,26777d6da821a03b82a46efd52d9099b09b8d6666fa738158f687a5c4265decc,3299,0,0,12.28582,4.4744835,-2.6808493,-8.327792,-4.8386765
3304,train_images/c6a8f8f998a2.png,1429dd0b6e6ce0dcbe1dd8cda779d88f870fea676889bdfa3377f9a924abba39,3304,0,0,11.019725,3.2098398,-2.1020494,-7.6479797,-3.9778883
3306,train_images/c7d0deb71576.png,377bbcc1893406e6976a8311f77d4caef086d75fedc69b6f6e1ba4407370d779,3306,0,0,6.8564663,2.231803,0.0440799,-6.3913403,-2.6067302
3311,train_images/ce6f33a81ad5.png,f26cf626408af39f9f1434608db480f3f869337f69d313b0e27a1078e6ef733d,3311,0,0,12.034397,2.5588646,-1.6183271,-8.714468,-3.6547897
3319,train_images/d3dfd0a2dee6.png,8f7141d54bca095a7de08d2eae7e10120790adbbb8b2f8ca2aab55d00ea42dde,3319,0,0,9.670061,0.10541153,-3.432802,-2.6183414,-3.301463
3320,train_images/d436c06f0490.png,888cc686b05ea24ed7ea6213086a50446efef0feca56ebef1dcd19305cf9f8c6,3320,0,0,6.9997616,2.3402548,-0.4603362,-6.948535,-1.7209895
3322,train_images/d6df4fe492ec.png,825c59e676c5127e4896cff851624f288307eaa1d4802448cb995598f72973fa,3322,0,0,11.217742,3.4707909,-1.9435441,-8.270777,-3.923403
3329,train_images/db3cd58aa315.png,727db3b6b904f44dc314037a389223ca089c57b0085ebf51f820e4e2a2a29319,3329,0,0,10.894759,0.77540874,-2.814551,-2.8737144,-5.4245806
3338,train_images/e06cccc08c59.png,3fee32dbfd05ad2888c2a72fcd1b18e8c4ac8c16562aef9460d490e2e938342e,3338,0,0,8.39118,2.6261206,-0.98715174,-6.580428,-3.166137
3340,train_images/e1c02f6c3362.png,5df43185ad18ba6e8c510ace968603fb27dd802d7c166f9b8e86d45e3fb5396a,3340,0,0,11.897949,1.973423,-3.3852944,-3.489398,-6.3299236
3347,train_images/ea6a53e54d0f.png,63edf17b177283b948abd10799684e686a5933219033a7011b298ea7f2644a8d,3347,0,0,10.126961,4.324828,-2.1132612,-7.047962,-4.656749
3353,train_images/ed3ce1674761.png,fdcee95e51e8f8c40ad9d8e115243fca6ae7ba86d69e2280c0b170bef224a08c,3353,0,0,11.397458,3.7610245,-1.661191,-8.848953,-4.0435677
3358,train_images/f233638e0e90.png,9beea89cad715c03ba6d63b5e22a9d5f88af8151a86e9db95c98938f3b125d94,3358,0,0,11.513138,2.0844631,-2.5300937,-7.9517117,-2.4115684
3365,train_images/f9d52509c571.png,3972c6955315ba4bb3bcc45db04831ee735a255ff92c16912d11f237ced6e5de,3365,0,0,8.753594,2.1131582,-1.3453212,-6.526966,-2.648577
3367,train_images/fb1b8771c70a.png,d3592ee21d0def092c0ee14b3772ddaced248a07b261a775ba782edbb180338c,3367,0,0,11.612939,3.2227478,-1.9425273,-8.234636,-4.112591
3371,train_images/fca1a8738b8a.png,84a6d55dcd31768a784ef6373340869126edf899ea6c7f553e3fc8c346bf9a86,3371,0,0,10.354765,2.4149408,-1.5438995,-7.9020853,-2.8640325
3375,train_images/fe3f62695b2d.png,8acc4c1ed9095469a7e50ea71ac1204ed2b8f07faae07ae5a72545cbabcca6f6,3375,0,0,12.348434,2.3440561,-2.0349138,-8.705601,-3.2945921
3383,train_images/1a03a7970337.png,710a5d5154fb8403990f11d2bbb04b9fafb949865e080b93dee3f1483c3d2e9a,3383,1,1,1.0267925,6.193386,0.35220325,-6.03127,-1.69997
3387,train_images/35aa7f5c2ec0.png,cb66e86c28ab48f1884c067226847b34c2849713a3ea380fd6a638fc2582523c,1683,1,1,-2.9181633,2.7752266,1.5549524,-0.24442482,-1.7807148
3391,train_images/384631079d1e.png,1845223f13efaf1d706653c1595d5c01ca111f756f22a31fd823117c8f128584,3391,1,1,-3.9613037,4.0795126,2.5858161,-4.3445473,0.91020775
3393,train_images/4661006f3ba6.png,27bb21e127003b1ade79501891f63f4958b5508f95459121ee42ed98012ed17f,3393,1,1,-3.9636097,3.2364998,1.752886,-0.36852837,-1.3249047
3399,train_images/5090917a2676.png,7f58a387220daba3220d2a2312eddc84f2fbe953bdb4275e4d73720997aa05a9,3399,1,2,0.82561874,1.275773,1.3463116,-2.38791,-1.3139751
3400,train_images/51131b48f9d4.png,6e75bc959bdb8b067e277bd45a668401e8b78125e73108c563291119b73939db,1726,1,2,-5.0119343,2.240775,3.3609846,-0.3496914,-1.1168191
3406,train_images/6c6efb6b1358.png,64ad60b1cabf6434335e433e9c0d586e9ba9e89b02fd101b527c12ad39bbc6f0,3406,1,1,1.2067432,7.670266,1.7536626,-6.036331,-4.7938585
3407,train_images/6d292ca4c9ad.png,040f54b5799203c71aedc640713df9967c5210b502f87b07df3cab177679bf8f,3407,1,1,-2.2032948,5.4723206,1.8404994,-4.259466,-1.3495567
3414,train_images/94111ed3d276.png,729166d646a820158850225f13c1ea4a1a39da507d06081a98cc4aa0465a280f,3414,1,1,-3.23213,5.3723373,3.3243988,-4.476636,-1.816405
3421,train_images/a5a2a7003d60.png,239114d70c44bb16de287dec448e5ab64b09d2e6d8e82876962e48ccb5ceb292,3421,1,1,-2.3698044,3.6286259,1.114702,-1.0097904,-1.9197953
3428,train_images/c1ebe785503a.png,8bd8a0b681456b33bdfda828b3af7eb78595e695f01ed004cce4a2fd4e013d9d,3428,1,1,-1.6768169,5.0990047,2.5361574,-5.7878275,-0.78589725
3433,train_images/d1cad012a254.png,4025dca5f8bec7c66017347dff836a3054b49fe9afa240ef9e7ad8cc93611538,45,1,1,1.1993141,7.456849,2.2170172,-8.339834,-2.8247411
3435,train_images/fd62bd0db4f1.png,c761a84fb2675c0039e0a432494b5f606f16b5bcd7addd135c881698c0f56169,3435,1,1,-2.201025,3.309269,2.0225267,-2.1736279,-1.5985081
3440,train_images/0ca0aee4d57e.png,b0cb7852d1566b47e20a0a69792e4f1026222fcdd6df97045164b34b0a4fbd77,3440,2,4,-4.7405987,0.19102764,0.24582374,1.4637299,2.0433252
3444,train_images/141735b57ec0.png,d26a6aa0d46a2a14e5c50c1e9c595dca9ebffc049eb1a605f7738204ac9c2f4b,3444,2,4,-5.480568,1.9360228,2.054964,-1.8113842,2.3221364
3447,train_images/188a9323be03.png,23b5009c6e071d47eb014dc75a59268d4a1e96bc21434eec98b50bb7f2b733fb,3447,2,2,-6.519907,-0.73733807,3.1001642,1.150053,1.9756411
3456,train_images/23148a40ecb0.png,1b20076b54f0cf41e1276ff53c57f6f4b0aea7cec00704fb21592307d37c7c31,3456,2,2,-9.150003,-0.41229153,3.310425,2.5698566,2.3862877
3459,train_images/25dc1b41ed9c.png,b32247337f1fe6ef20ab2938fcb589cbcede849fd77ccf4c3a7864db891d8c43,3459,2,0,2.5211964,0.6694851,0.62746173,-3.5641088,-0.39326882
3466,train_images/2c2aa057afc5.png,15f09e0ce997d66519f8b453577944e7e657db2f53903d07b3814e9e485cb6a9,1890,2,3,-8.843313,-4.23747,3.416627,4.2945156,4.0489416
3471,train_images/388f12e8df0b.png,3ef05c51e3969a01834c63c6e204855abe1e90a2c3414b2b3187ac4e1f4a9915,3471,2,4,-8.6031475,-2.8586655,3.5850754,2.6616974,3.9291718
3473,train_images/3d3e288d490e.png,1edbb25a6505a2c8af007c78b25426b4d0e30cc921065fe17715d840c186f212,3473,2,3,-6.6858425,-1.5791683,0.8765597,3.8785439,2.4103236
3474,train_images/3ddb86eb530e.png,a473569667edc2fca2ad60fbf382bafa83e842f381976111fbd112aba7b1130c,149,2,2,-4.377943,0.44443798,2.6313374,1.4824848,-0.94335675
3479,train_images/42b08dca9b2f.png,38e41ad33c7ed17fca15ce782fb09e9fd934b4523fafa3c15e6a0e2102891195,3479,2,2,-2.361784,3.7565098,4.5707264,-3.5847588,-2.9641879
3480,train_images/43fb6eda9b97.png,db77265cee9f06464bb248697f7b4dc7a66abcca758d48c1c632b39916eda082,278,2,2,-6.968315,1.1684723,4.4790025,-0.5477066,0.75769496
3487,train_images/49a4765f8822.png,12e32d50b706354ce30bd18b7d7927b64a25fbf75f8b1f72f8f57bec452fa4b1,3487,2,2,-7.2965603,0.94575596,5.3580856,-0.14611244,-0.047842026
3494,train_images/521d3e264d71.png,3a2a797082eeeeb9c9411b934f0c24d23174985b80fb965ed6092f01a9c54b4e,3063,2,4,-8.588339,-1.8622699,3.4397593,1.2841587,4.480506
3497,train_images/594f69b503ad.png,a6d6db6984c3680f4d0ff30ecadd85c0aa6c7c14ad93bdbbca508a32ad69a6fb,3497,2,1,-6.3426723,4.6024504,3.172926,-0.9506283,-1.4249547
3504,train_images/674057ab250c.png,5342128f7151e97766f089670db1e7af46083aa8276cd2046b07e26d733c9f08,3504,2,2,-6.791479,0.5415077,3.7190242,1.9870567,-0.5649679
3507,train_images/71e4130bf5c8.png,419afe9082d107e71604f25e0600df5b4fa28886c1582a4387c460595a59c05e,3507,2,2,-7.9893246,-3.6064892,4.4751205,3.3919659,2.489377
3512,train_images/77543f66a84a.png,cb01e934274d8dd99dcda6daab41971f40939cee1bc27fb300daa34fa61c9b49,3512,2,3,-7.1003113,-2.1209202,3.4035807,3.5449333,1.174686
3515,train_images/80b5a9519aec.png,af7273352117ace4fc4ad5e8b112408c4f6362aaff5cb0fea05bed80e4d3c30b,3515,2,2,-4.2842617,0.11161709,2.8438354,0.12754631,0.36662364
3522,train_images/89d2a7403a06.png,9b58f2686bbe38f99e8f15751b3cd7b72eb0f25b0f3e83636d125a82c425b1dd,3522,2,2,-6.0934505,1.1779089,2.6843677,1.9387131,-0.6628864
3529,train_images/96c3e3db68bc.png,31e966db449659de9780b36c7333a7fd77690b3e8a800fc7c86f12e1e120af06,3529,2,2,-6.336935,-1.3798485,4.472492,0.6246166,1.5006318
3532,train_images/9a3c03a5ad0f.png,6cb1a09ca80760ff37b9c995489e97a219747b87f533bcb6fe95ec522d99bfdf,1422,2,4,-7.5889606,-1.7546859,3.447906,-0.09759903,4.7665687
3536,train_images/9f436886e056.png,25e1f6b090206bbd6643b3ce4fccf98f6c15568a6eec2dab566698f9e0f92703,3536,2,2,-2.2202606,0.020360947,3.1530511,-0.86403275,-0.8639169
3539,train_images/a125377fb985.png,889b21c5a859a542e52e039ae4edfeaacd79bcfb246a1b6ef816b9f7e9444e3b,3539,2,2,-6.5054035,-2.1872602,5.259542,-0.46722794,2.7751646
3548,train_images/ae8424cdb029.png,a67d703155199da1730a8e2c33926ba80a7bad34d3f69a16e8aa284f3920f8a9,3548,2,2,-3.4439163,0.84917927,1.5108824,-0.14338303,0.46038747
3552,train_images/b83a6eca125f.png,96242f78a81448b9066c0ef018d00eadf09479d4e0d58a2383a5341a61abc837,3552,2,2,-7.2830353,-3.3762107,4.115115,3.5262775,1.8960757
3558,train_images/c613db1cab27.png,21aa01c9ef4bb8d0e2299be78cf7b986d0b2ef19d7b1a8d4a2d769c681c8b58d,3558,2,2,-9.383963,-0.82786465,5.45934,-0.32127,3.6518996
3560,train_images/ce887b196c23.png,50030ec7d40919ba8ae7ecf7cc145950f1cea65f54da0ed9630dfd3b31c9a026,1949,2,2,-5.1584854,3.8939657,4.3766904,-2.893569,-1.1473348
3566,train_images/d95959798b57.png,454041f3d5fff4ca2a175384664385b7896ce48b9e592a16c9f4f45a83a36c7c,3566,2,2,-5.758297,0.20583057,2.9592211,1.0723877,0.6127775
3573,train_images/e150935f66a6.png,6f808ba4ad272e571741eb1c2ab70bd092cc08df2832372ca2e0fee14f756c28,3573,2,1,2.2236423,4.047324,1.1316137,-4.883976,-2.8573263
3574,train_images/e1e490773462.png,8bcedee86e062d7f06383f27b152ad428b2f3a7f15a1712eafe0aa1ea0639af7,3574,2,2,-6.469576,-0.11999416,5.4521384,-0.39284325,0.3866589
3580,train_images/ee02294cc3d9.png,58e048bd8fe956db6c1a8700cacb5190c27e149fff4ef7b02a42bf948184646e,3580,2,3,-6.687868,-2.3463135,2.9737723,3.8443718,1.1684039
3587,train_images/07a0e34c8d20.png,53427359e3ec16c1b0118b091645a78e5e39fdf78f446961edcaf81695032f98,3587,3,3,-4.979044,-2.9636822,1.8783121,4.1497097,1.05532
3592,train_images/3f49f8d100e9.png,651b5694eeea55ddb4f73942c1d0c8000cf553327173f683b5f0e90274f03059,3592,3,3,-6.740555,-4.053109,2.494972,6.3422394,0.9592675
3597,train_images/6a244e855d0e.png,c51bce902a5e1936a853796595fd0c6b9f9abaf2eb8af6544e594994f28616da,3597,3,2,-5.6279125,-1.8189545,3.5971732,0.10773468,2.746155
3602,train_images/996f57c86ba5.png,49f42b769e09aa2317d42976df8d042ec0a76b45c3c4f0ecbbd1d91d58d9f841,3602,3,3,-8.887163,-6.0526724,2.8981338,5.628996,5.087741
3609,train_images/c5a9ebef1517.png,98cae97e3df473aa16ab3253e4fcff64ec5a3d01b9ac4c9753a80b634099a35f,3609,3,3,-7.6978054,-3.840106,1.5970576,5.955906,2.8500147
3613,train_images/e32a359be36d.png,d8cbbedd343d5d5a54e6a432e647119f1e417d1d69ce39ef9d4b3c739701f07c,3613,3,3,-7.251457,-4.802296,2.427217,5.804823,2.7352538
3620,train_images/247e98aba610.png,8946e9dd12fa81050651c7f084ce6dbdc37e0898c428ea04c13c08f664c7cd8d,3620,4,4,0.97686195,0.68254185,-1.0806434,-3.9955587,3.137247
3625,train_images/378963f9df22.png,30699355bd8db1414eb04a31aefc2143c0f7a16cfa91a0afb8944b590d02a144,3625,4,2,-7.697809,-2.300642,4.193672,1.6730518,2.93754
3630,train_images/62318d514160.png,12bd521651d85f3b1b69c02205712c3fa72b6e7134f42169e34c3d9ab4df6854,3630,4,4,-6.088955,-1.921947,-0.9864379,1.7554932,6.2998133
3638,train_images/7c90ab025331.png,97c93f4b2d51bec03fdcc5ae3702d6b95ca4379d37ff73d2d64c40fc8510b06a,3638,4,2,-2.1650906,-0.21523762,2.4992936,-3.0800295,2.2920187
3643,train_images/95e732e043a1.png,fd02d4b68f57de329f2ea34a001647b87d1178630a20d710aa0374cdf0558ac5,3643,4,2,-5.3042107,-1.8662004,3.2597008,0.91781425,2.0334945
3647,train_images/b99afe7137fb.png,522324968781dde01fadda272b8e1aac9e8cae8c018dd804af15802f48ba8178,3647,4,4,-6.669346,-1.3985004,1.9843054,0.6483135,4.3731985
3649,train_images/bd9904495ccd.png,569c78dd81b72b3e155e0b5df8bedeee4d120681a1ebe399f55d19e74094cbc1,3649,4,4,-8.145369,-3.124208,3.8912377,1.9222794,4.1824455
3653,train_images/c62585bd68fb.png,c4d0737526edfaa4d8253650f2f7edd91b809fe02c800586b013cc03acc255a5,1478,4,4,-4.559366,-3.6896844,-1.0234373,3.7557163,4.8182144
3660,train_images/ef26625121b3.png,2e74a714f119d798221fdd7f62e3189597e727f435ea56755f4e4fc74d851cf7,3660,4,4,-5.586424,-2.2320375,-0.41596615,3.3997269,3.977851
