pool_index,image,pixel_sha256,sensitivity_group,target,prediction,logit_0,logit_1,logit_2,logit_3,logit_4
6,train_images/4c9f0fdaaef7.png,76356f34a7575937fcb3ff653e5e5b8555d0f3e869f2f87c0a4431e7cc75d2ea,6,3,3,-4.070681403498774,-0.8452197468368032,1.6658838180824036,2.644009403015555,0.6060079292376022
12,train_images/b665041e1633.png,d562e259d4929a5ce76ee78285ebbbf1349feaa76d06f8c225cebb8e4ebc56fc,12,2,1,-0.3947500939942063,1.2215834223852857,0.707308246239969,-0.39180083655738474,-1.1423407380736776
15,train_images/70ed3ec68b94.png,df2bc888a0b0f1579ea13b07c53659409421f572dfc00890a689946c4db2f0a5,15,2,2,-5.478262493367243,0.27700517704881045,2.22327098821087,2.1369300583610955,0.8410562697464488
18,train_images/ae57c8630249.png,9fd4db9044f7eee39e4b84647fded4bcd320c1399f5b2afa655f71aae4853c6e,18,0,0,3.5852903086328713,0.5357420923342191,0.018058269529376447,-3.1372274602522308,-1.001863210244242
22,train_images/cd972e5639e0.png,8bf3bb791f8fed8fe4f6be8312b8bd599a16818d9da054bde0270a3e275a4546,22,4,3,-3.693214286064922,-1.9233311909668642,0.7040059796392337,2.898369719391314,2.014169778001228
30,train_images/f999c6921e6d.png,2eb337deea81afaa5ac49ef8e879c25c6fe7be6ebc40b923e841f382b319a3c8,30,2,3,-4.169771111593503,0.5116702748929803,1.018657178946088,1.365273697228151,1.2741699605262706
35,train_images/1002f3fe38f0.png,25347fc0830b432a087a3939738bebace38504a817a1eaa3c61d060318e7239c,35,0,0,3.360459662264222,1.3772696244554419,-0.48957843318683,-2.712289474938228,-1.535861378594614
37,train_images/e9ff9352ccb3.png,e2f35230990537f915259582fb4dd8abc34fffa3a3b47f30614d433e9a0ea1f7,37,1,2,0.2394496640650707,0.769137088023591,0.8189729095473626,-0.9681541364453493,-0.8594055251906837
41,train_images/f4df3d86688d.png,034f22bfa60d9e20448471fd112f4557c0a8a16cf0b16b05666ba0cdd6fa689d,41,0,0,4.184817947073156,0.5678041127959468,-0.8550669687866645,-2.3003798880442248,-1.5971752030382182
44,train_images/0c43c79e8cfb.png,d49ee27de2d838256ef2399cddfe330e4b4f384472f60d7f9976a95aa5e5e191,44,0,0,4.029055181695282,-0.20450924952707794,-0.5792167635484411,-2.7303769948435175,-0.5149521737762534
48,train_images/63a03880939c.png,12bb56f380cecca7aa558c03446098950cf06a2189238343f607bba494a5501b,48,1,1,-2.2342347840480343,2.043562186884304,0.9729920002318995,-0.41657461379805105,-0.3657447892701343
54,train_images/5ac7a414560e.png,39d0d185d2de8e6b184d9911012676a4133b00d1f1ceab09de75cc41b6a14fa0,54,0,0,2.7221947427145374,0.36142070339317633,-0.1761588621938041,-1.7125680885236383,-1.194888495390277
56,train_images/ca360bec5851.png,df684065a48b718cfa6c4d1a92463011a0585469e7baf005f1b86a1c9948e061,56,2,2,-1.7945659400871279,-0.559827014478059,1.5190168534320083,-0.3519443713200625,1.187320472453231
66,train_images/494fc9c745a3.png,d1af4ec02abbf521343baea46fe913af2fab1f2e81b04c3cf530ba732fbf05da,66,1,1,-3.7494124155611623,2.6183539742555197,1.2576232773273248,-0.162714331604363,0.036149495582665475
68,train_images/3732de8b416f.png,94e060ba453ed22182ef6cb23968764e6e04c9c47a10392ebcd60770d0a14f0b,68,0,0,2.929900657419141,1.1805784373534847,0.0032967729605921647,-2.099266932513284,-2.0145089352199417
76,train_images/7aabd768abff.png,756c4c355c67be7071b4b6a0c8d8a8d13ea48efeb827014ad6e579e22f7e4600,76,0,0,4.000280191669101,1.2447393501777713,-0.035803578291848104,-2.765520929124853,-2.4436950344301795
81,train_images/31616ff6b53b.png,5e0e816c047a9ded55bc77449b02b4fa0450f83e5bf01b172cea31f95059e26d,81,3,3,-5.90042636517661,0.13008509377361155,1.7931330312810168,2.9175127864589974,1.05969545366297
82,train_images/838c87c63422.png,16408926131f232702bad8b9dc6db519abfa46a0458d48ac67319358ec47fad3,82,4,4,-5.617529409019948,-1.6781000579866405,-0.25482789702993386,3.0067393284296218,4.5437180356068785
84,train_images/b43440c6ebe4.png,f49e1c3e10573224f8e98b931fe321414afcf39a4247169c63f649051303aad5,84,0,0,3.118971904946345,1.8071399108644695,-0.42002928399327105,-2.4323303892547745,-2.073752142562782
94,train_images/8a3eb86ae4bd.png,f1fb9d74ed6be17c050b73eef603a14c95c9904a11cd70032bb01278f9ae1fd1,94,0,0,4.068324079118215,0.5426879341109674,-1.505390678119324,-1.4085918259132377,-1.6970295091966274
99,train_images/423abbaa5fad.png,58f302ff650107f01e2a67ded84f7c8fffe2541fcaacb0777083573fd6b0e3b1,99,2,4,-4.1351310857579024,-0.9298990478235662,1.866488409661807,1.2093697711451203,1.9891719527745306
103,train_images/bfda2fd0533a.png,1e0215426e2815591089dd3ee91461794f832d91a9b80ec54bcb7395f250b280,103,2,1,-2.726315418755705,1.2788305553438781,0.5957180272284981,0.6120232517016494,0.23974358448166558
106,train_images/4360a112db10.png,741e0e49d2f9d95edf5fdaa8cfb9ecaf7e7056707f555cfd5757f64cb9cc4e23,106,3,1,-0.6999847148617893,0.6952837104115125,0.16962788938900433,0.5118819297558374,-0.6768088146945694
112,train_images/73ef3c3dcbe4.png,a2808f10e884b212a52edada5ac4616f255323288247b1eda85cb818bb41f442,112,0,0,2.705166107604677,-0.003324086005158433,-0.17470211865120105,-1.256087715084899,-1.2710521878634329
118,train_images/286e9981dd9b.png,1e651ed4e784a6039d809d4425c84ea52f4343f952088dd48c4ff7c5059f3961,118,0,0,3.001245073908169,-0.1700050931432574,0.05204340109719924,-2.167789974644636,-0.715493407217487
124,train_images/af831c158744.png,db9bea8732101229d29dfbdc467fa4bf344e82321698c726c70246ed0d72badc,124,2,2,-2.080751756967193,0.22773984596362068,1.3653683618960732,0.14518059320812404,0.3424629558993646
126,train_images/789f0ec1eab8.png,0bfd6ff37661c5a67fbc7f4b926949edab84edf63bcc913df87914a27069bc8b,126,0,0,3.7774337305904844,0.8452172243395208,-0.6604885236655642,-2.729970620622626,-1.2321918106418208
127,train_images/4158c340fa49.png,bc7d71419d6135cb0681099d347f8a0b29406aaac076aefd0fb7b86e024bcc00,127,0,0,3.8848971657565996,1.1653225530817843,-0.3182268835681655,-3.044028951748871,-1.6879638835213642
136,train_images/44855f666225.png,9ae0b4ef73578fa86ed2dcd263d404d1fe3c59e710086205814b67aaa07cd527,136,2,3,-5.68404805427107,-0.8304854894134426,2.394573569727825,3.5232740663176325,0.5966859076390408
139,train_images/4f5dd7660b17.png,af756e08a814b3068ebeef5bef382b42120464180ba0a2d836c4a87a080c29f6,139,0,1,0.9659356963905954,3.2266977522107183,-0.11271064599033231,-2.885970734437474,-1.1939520681735236
140,train_images/15f8d769935c.png,59680f35e4eb6ae2d64d91f140f02c2b680e4ab76e7a2dbfd05df1e2add00c55,140,0,0,3.4443213411768205,0.7031738302121266,-0.3531430292281909,-2.499404604176431,-1.294947537984331
148,train_images/42985aa2e32f.png,4d811f303a66afd2315e0860722112a13ae69203166d09e45ab2545b32a8bfa3,148,0,1,0.5072503308316367,2.992744664165085,-0.6959785729006724,-2.0774313647346077,-0.7265850573614528
156,train_images/3cd801ffdbf0.png,2b155912b3f4bd098536c75f028cb510afb557a11945b7378b5224b39634e69c,156,2,3,-6.372648939666308,-2.4415329231996075,1.8025338681381262,3.95319853205342,3.0584494626743552
163,train_images/06b71823f9cd.png,de54e0366c1d4108866efaf0267c31286a6b35f034fa51e11bce95e8e2c70594,163,1,4,-4.129931985254787,-2.1114987116066293,0.16200789243115155,2.3694791559927926,3.7099436484374655
168,train_images/7663aba8d762.png,0ca22058e1a49d8ff038ecf19f670e16c491195061195200f25c417b515b89db,168,2,2,-3.761761489662393,1.0011012125157999,1.0541302298844724,0.6849791621803273,1.021550885081782
175,train_images/6cb96a6fb029.png,fa3f631468dad2e67e27944375bbecfe730166c8dc3b7e9f167c77b9321ca5e1,175,0,0,4.59862505384948,-0.22250813549319215,-1.484904356601307,-1.7994760341048917,-1.0917365276500939
180,train_images/9ba469af2980.png,c6af4994727510c45ed2304c2896efbfbf3dacd5d2c2263395b186c88953def8,180,0,0,4.262407495031949,1.5114462999454772,0.060562343415560105,-3.0481926176592204,-2.786223520733773
186,train_images/0e82bcacc475.png,04b327d1f7893168523eb92dc3a73db50c68f19d88c9417b1e7599c1654d3d79,186,4,4,-6.041925089465492,-0.9481384585923265,1.575092155596789,2.600639569892436,2.8143318225685814
191,train_images/5188a8afa879.png,566708d20a06fea883bbcef9531dad1417b003ff60a8685e4be7a54bdfc17c82,191,2,2,-2.7869676332248865,1.359358293105703,2.2225957353786754,-1.53335628304437,0.738369887784859
192,train_images/f48241b0c995.png,bd795487787b4d743c834228c1116b7f1b93171ce147dbd2bcff1e6e40d28076,192,0,0,3.4485663634003116,-0.032496115847799434,-0.9257648079392868,-1.1774946078465023,-1.3128108317667295
197,train_images/5327f88a1919.png,91850561d1b3b288f21a02c733a7af5a61f068605feebb04ecf0b001de691a85,197,2,3,-3.804489629784041,-1.562101952727763,1.3051527025873586,2.0485219271955635,2.0129169527288693
204,train_images/ab3c505b624f.png,d49b741e3604873f86437bcae43de59e258f405e960b91f3ee86e95a5258aa2d,204,0,0,4.234924102211911,-0.01960777541504799,-1.4061850592727678,-1.2034995683219172,-1.6056316992021844
208,train_images/e66ad813a508.png,51e25b72d84f8bc9d19077ae1d327944629393cfb67a41915a0dc72c4ab3ab95,208,0,0,4.245844587069743,0.7175272283097307,-0.6766736640453832,-2.4908404761484104,-1.7958576751856836
211,train_images/91b7a4179ecf.png,79debf6e6dfd182c4034e34834334d29dafe7c8661ef47492a88cf736b4a7fca,211,0,0,2.9079699394892464,1.1395683886340011,-0.3848038117560116,-2.3091856326263587,-1.3535488837408867
214,train_images/11242a67122d.png,e6f9745fc366b3ec1bfef3ede76b78ad12259b256daf7f6f10b8c31d28e6c910,214,4,2,-5.55374330618084,0.2562833154130451,3.0268319866044853,1.4547574801572325,0.8158705240060655
220,train_images/aeed1f251ceb.png,014548e090df9d1d91b4f01d9f9dc41981741dd319047fabcf785f01d71504a1,220,4,3,-5.707664692519405,-0.9167440823829347,2.120324010159389,3.179743157477288,1.324341607265646
223,train_images/041f09eec1e8.png,d2cdf8c827419d0f4d89c0731f21c4b15c09f092c00b2b78f88059bc694a9665,223,2,4,-6.337125943564918,-1.3427326135140198,2.010322606480718,2.5124005870088815,3.157135363589324
232,train_images/83a63c4a3e4a.png,e42c6c97b486daeab07bde825d888e1d4f80d5930862721a8a5ff0e417605328,232,0,0,4.320412539053583,0.6672964499059113,-0.5973627062202216,-2.743998601034718,-1.64634768170456
238,train_images/405b4f78658f.png,ea3392f28084460066f53f0e03bdd40b16c03fdf1c5c6f6618391960400a44b5,238,3,4,-3.0490830789346304,-1.1957741789693994,-0.18415582193940078,1.6420554172422732,2.786957662601148
244,train_images/5bf6f2958e53.png,d26dc792b181338d2adb5f36fbb2b8c32bdd147a6629ee13931512f2c11c2275,244,0,0,2.922587748710808,0.6601845542179182,-0.3457826210197687,-3.0578229038052216,-0.17916677810374348
248,train_images/495106ae3b68.png,8081dd0b483c569bf27fab9a0e802d59c3b93b81f4bf5b21744f018ce94bc17b,248,0,0,3.0229452510448156,0.2179140998806926,-0.37326037371975945,-2.0390224699006945,-0.8285765073050595
254,train_images/72595230840c.png,ed1cfee3728b6045d28acd761bf72597402002383fce2c62e60796d1febc0407,254,3,3,-8.21828275582804,-2.4025558211726783,0.8153394995639204,6.0131690383473435,3.792330039089435
258,train_images/1b495ac025b7.png,9e088947f9296c3837a98b067e668e1050bbe20f14ff53259fe74d5a0d2a414f,258,3,3,-4.619807947226901,0.5902155036256365,0.40275123628194354,1.977037126233124,1.6498040810861792
261,train_images/b89938407ee6.png,09ac3d6bed0abf175a518feb782b7b813d064944c4ce132de73722090b24a499,261,2,2,-2.482497480412541,-0.495578570898499,2.121639009647618,0.8251295997810483,0.03130744188236209
262,train_images/ec4649213ccf.png,e31a8e41dee580accbdea40ba8e70a3e47a860cf49755c97326cc591c8dd4c67,262,1,1,-2.4515961636418426,2.8337595371279933,0.6767327260262315,-1.2209615882483869,0.16206548873598883
266,train_images/8bdb891661a8.png,a78a2833f8cd4d50bd69d5dc522893a34b1e12b12f55476eea097e9458feb468,266,2,0,1.0588106730479376,0.6838888359689005,1.0070751007509418,-1.58473575700567,-1.1650388527621194
273,train_images/ff4cd992667b.png,dbca0f1d4915149ff76b74cd2418186c4389225bfc2c30b78e68ac7c21f3b8b3,273,0,0,4.222437146812494,1.2128977464302104,-0.8548767763287168,-2.596865295944739,-1.9835928209692577
277,train_images/6294b378d09f.png,2b4fdec1e5ee54e4b9d2c193a30ccc0958e6f20359e6954fec809e8825614fec,277,0,0,3.4559858432047403,0.9544493140984458,-1.0645061466166372,-1.6347795914999632,-1.711149419186592
283,train_images/1dd9adcbfff4.png,097b6aff03b5d166df78a1d8a5085803d3c6677fb34d5997f69c3e5f326526ef,283,2,2,-2.2035492004270876,-0.8477955416270582,1.0767214052171783,0.9768642138509732,0.9977591229859835
286,train_images/2fe06bedb2c4.png,04929bfa62af66b88089623760eafa265ba8b95b02872c2a6f08e90f5b88439a,286,4,2,-1.7210558213061284,0.36958854641967337,0.7059720807714054,0.3950032321171896,0.2504919619978534
292,train_images/2fb3a8606a77.png,59f9ac56fc35d9f3ef7f67f666c1b4914a9a41e8fe426c906ae48255d856ecd1,292,2,4,-2.5935274930340237,0.4627315210340779,0.6246096016750089,0.4561760749466185,1.0500102953783066
298,train_images/f762c272c522.png,cf8cb4a50ec059a39995b60f4f70b25be0e5c132ea30f2d6587dbc5e14bc3ef7,298,1,2,-3.8269574239888633,0.8483442615681215,2.0258227271373612,0.40144992998752327,0.551340505295846
301,train_images/38c7153457e2.png,6205f038d7098d5e81efdbeca73a62f0a2b2c6d95e0347f9a4939c8d0736b4e5,301,0,0,4.646341730277313,0.7254821562116692,-0.8977200637704379,-2.5365970130452364,-1.9375068096733103
307,train_images/8db2ce991101.png,868ab8a0a5d1ff89a0c091bf58e649d351c28fd4d8e9c9247ac45dcb97414488,307,4,3,-3.404626348337985,-0.5009901045487637,1.6846230548584091,1.7815519851209904,0.4394414129073356
313,train_images/ee36ca728641.png,a33630d60991deaac7eaa8036e3fa5f051d95fbf8a566e8776a8cc92caa62dfb,313,0,0,3.9245514801351105,-0.044437878798800234,-1.4346706932476998,-1.333035201460858,-1.1124077066277593
316,train_images/484dbeb9bf2a.png,5da2858c1f71a214b2741fcd888ddade478427346adf866742faf8fea2863577,316,0,0,4.846775631293813,-0.1395951290090165,-1.5516849349467567,-1.7003368737818214,-1.4551586935562244
320,train_images/f2c0b41acd05.png,f52936a0a584e953e0a73a7c843f3f03321ebe5219b1294f18c4fba7e5212841,320,0,0,5.185075971941481,-0.044395863489293586,-1.6875396921622507,-1.9441692014999896,-1.5089712147899534
324,train_images/52dbec057cc8.png,93a85b2e63923cc617f3a8c385fd7001f699f9246f84381cd068723ea89dd3e1,324,2,2,-0.7328951874451171,0.42819837382733533,1.2138958157082338,-1.7353377919764106,0.8261387898859469
331,train_images/59fee5bc3479.png,de47634d15fdab1cd5a86a99487611fcd0af8f5e082b44b46813f5ca90656575,331,4,2,-5.365898176956591,-1.1889320501578573,3.04669060223341,2.6565533388494154,0.8515862860316128
338,train_images/5486da4273d7.png,9585ce64af838e38f9f3845d8832bb2238364f104b8bff8a52e0615a93b6b150,338,2,4,-4.479075889411541,-0.7253998544051354,1.2800162903640817,1.862023217878042,2.062436235574541
344,train_images/41960d5f58c2.png,374ecffa1c3f69f04b69ff7a632e73a1be5aa292d9fdd5379349e0d73e7495bd,344,0,0,2.8088701811161942,1.3395811522105099,-0.2513115390530392,-2.5212413978569925,-1.3758983964166824
350,train_images/d271d3a2b552.png,17498cc8b58e96cd88d60d5d34ce729385267731c5f98c974d0cda2e41467945,350,4,4,-2.701187560014429,0.986390383894308,0.12252503699916023,-0.6456522274865486,2.2379243666074946
354,train_images/f0546a45ef10.png,d02ce8d9678104a733b59e5dbd1609184499a66f6710e9a9476970d2a9cb84c9,354,0,0,3.5827460448143023,0.1229280260231147,-0.34530468673699727,-2.2262608818780945,-1.1341085022223305
361,train_images/87774aafe068.png,75c6d814ee5a8c017cc0da824a260c8ddf6ff5614c8a84f2fef365a7a23e7a38,361,4,4,-6.551393192362354,0.6993561453262862,1.206914057348965,1.3259567223851523,3.3191662673019313
366,train_images/b67ae80f7eba.png,f51223ede581037bd120181f4fd1f8d7d703d796e2321d481990ce9d751bbb1a,366,0,0,3.6581546402712144,1.671384137299229,-1.2016173826079581,-2.869156023539234,-1.2587653714232578
373,train_images/24f271c87e73.png,5db0a7681a997bd81b9cf7b87da9efd32341bb3c1f5d3888a4cc895d832469c4,373,0,0,4.109507992373514,0.8194635955645316,-0.9185165228426635,-2.516358387364811,-1.494096677730582
377,train_images/81914ceb4e74.png,b56a5dc50eca9ad57b7b87189b9cce7a2a6d473220894742e69ae293c12bbe04,377,0,0,2.945158527119019,1.044081575673761,-0.5911064580075407,-2.3144710407703144,-1.0836626040149302
378,train_images/80c67efc8101.png,e716306a851be6c34252a751cbe2834a10fdb3e797055f1d898b6f7264768d0b,378,0,0,3.8491288505555508,1.2052863988654818,-0.5664517898557386,-3.053974571036861,-1.4339888885284378
388,train_images/2f81ee5f2926.png,d08d5df9a3ca7bff3e825a7776e7b2729b29390c95025cc5f4f937e2971ec277,388,0,0,4.8210666461353,-0.16744560939522157,-1.6864285996206383,-1.0992300639890193,-1.8679623731304296
390,train_images/97a5ad7548b7.png,908fe79d42556b58feeaf61f44452e5436bcb20fefce68d91da464c9602e3190,390,2,2,-3.443149153013271,0.6753993378712566,1.671988562477896,0.4483255155879925,0.6474357370761142
391,train_images/a56729de89e9.png,abb51e073519dd2446e1fb5e08e3b738f261725817d6b9dfaaadc9d5eabb974e,391,2,2,-1.667445230961455,-0.33525387474390844,1.2504425232677354,-0.22379610668828676,0.9760526891259078
399,train_images/5eb311bcb5f9.png,56d3ec0418028c54bc200bb083f8a8b274550a95931877fb36b6c1033e531bc8,399,2,3,-3.9027580556105907,-1.1976386225009372,1.3897935435075748,2.442754009606014,1.2678491249979325
407,train_images/52ae917fcea4.png,bb50a3e5f7db9c953aa73a7bf2281a877c03e4e4f64187e7fefcce3b48b20f82,407,1,3,-3.3935752082991515,0.9354680541747631,0.884505308329957,1.0740145443528237,0.4995873014415977
412,train_images/fe37f4492920.png,c83fed496de3b52aad1469ce13504959b48f1230cd552fbc8be7697318f5bf96,412,2,1,-3.7923277781455016,1.5594060818942574,0.8345000960650184,0.2484704033530295,1.1499511968331824
415,train_images/7005be54cab1.png,a0b4433de9d934db2d4b3e666889cc1b0529cf1a075f3cbc21558ad52342c132,415,1,1,-3.726368269970295,1.986042500417741,0.8762475407834664,-0.9696215230938847,1.833699751862953
418,train_images/a8aed92940fb.png,0a0999ce54f1e7dfe1597ce4ab13da79d6a2100632e7b8ac4e96d5e8c6bcad5b,418,0,0,4.0760605022442205,0.08355240553381765,-1.5709301112361942,-1.641886892561059,-0.9467959039807909
427,train_images/1da25637859b.png,c75d9de142a78d4604c323f12c3baabde0f38b2068c5d6a2f6175427d12d2ed3,427,2,2,-3.8228654806021547,0.09951270350433034,1.7230158982529882,1.0419048211363022,0.958432057708519
429,train_images/d7ac4a0c9760.png,3d6b9cc13972bb9f4b3b1bfdf20f8962654f71413a3421341b18a78f1d123d3c,429,0,0,3.7722097876359113,0.9975837481576437,-0.37540684176874767,-3.146013792560723,-1.2483729014640903
436,train_images/71e43b4f8ba6.png,d53cee79b6c156a255a32e011e925d516bc8dfab7e5618e1130176c8fa43ebde,436,0,0,3.976338006638151,0.9577299797958421,-0.6918210564496463,-3.0613144395767105,-1.1809324904076417
443,train_images/0f96c358a250.png,457d828f5fa90f8629e70ee6501144653ff081564ff24266fcb89b33d1c3fc06,443,3,3,-5.461947108878292,-0.054708249781752594,1.266699358510151,3.1787602239977866,1.071195776152087
449,train_images/599498e9e4bc.png,f4da283260019583f7487e9fde10408b82f0c70992eb4b1fb108099aa42e234d,449,0,0,3.3535364331877364,0.573610523435802,-1.350711806363722,-1.1221061527913538,-1.45432899746847
453,train_images/15528e740543.png,fbe0150302f4dba8560f0b68ddf6293657926a903f5fbdf6ee20e4c4dad67734,453,2,2,-1.4153624405883158,0.8352363717884499,0.9392800227352045,-0.09132437849857211,-0.26782957543677444
455,train_images/d27ac9e54901.png,370c48cbc50a5c2f8790fbfb5d8a4c4af3eaf86bc3f74a4833f29d1acc279512,455,0,0,3.635461068894459,1.0965557116092972,-0.7531072192807053,-2.610483040066096,-1.368426521156959
463,train_images/fe3b0e50be78.png,d290ad88bb825273f6ae0143991669a47a5d1a1f94be314621c213a4aa355bd3,463,0,0,3.409884596573841,1.4054030121673105,-0.8199761055174859,-2.3028836394179115,-1.6924278638057586
468,train_images/88e5051f65bd.png,bdc64072feff821beaa91f08b92bb26d1367d45cb4fe31c6a74060358163919c,468,0,0,4.169903529950979,0.13211289975232843,-1.1685363470293417,-1.8170770321701544,-1.3164030505038156
471,train_images/3ee4841936ef.png,a0b4433de9d934db2d4b3e666889cc1b0529cf1a075f3cbc21558ad52342c132,415,4,1,-3.726368269970295,1.986042500417741,0.8762475407834664,-0.9696215230938847,1.833699751862953
475,train_images/58af2c054ced.png,ed41c18f9b07ac41efe3c73e87fac5aa2df2af0f282768e642631744b52cb7df,475,0,0,4.119939522892578,0.7843258547755082,-0.3344106150946395,-3.13194392984579,-1.4379108327276624
478,train_images/bb11db08584a.png,29502ef8fa00753a37472d26a3732cdea1756373d7810cf32b9c0528c6eb2bc1,478,1,1,-1.1676626987883016,1.6698913882854556,0.08564223065676552,-0.8742357680003443,0.28636484784641136
482,train_images/05a5183c92d0.png,12bb56f380cecca7aa558c03446098950cf06a2189238343f607bba494a5501b,48,1,1,-2.2342347840480343,2.043562186884304,0.9729920002318995,-0.41657461379805105,-0.3657447892701343
484,train_images/0afbeeef0ff7.png,189fe280f1017599b78b6bd7e7b4362eda2c865ef9c1bf25bb3836bb3b7f95c6,484,0,0,2.5682851868467487,1.3238128256325652,-0.41772953303892696,-2.586565791662062,-0.8878026877783318
488,train_images/1b32e1d775ea.png,0d2fd1f2299c818ff14a57c895bca9042ccb9b574d84bb988f22a64e543db91c,488,4,4,-5.272716469380914,-2.8678441272732917,1.8044573120851792,2.775134378835977,3.5609689057330365
496,train_images/b64e1eef3d63.png,876d87fcf63a766ab5cc38ae530e6e94bbdf0ac675006408a378412524d99edc,496,0,0,3.848286806972126,-0.1276928200098948,-1.1228141439057864,-1.3306623315867103,-1.2671175114697428
503,train_images/144a1a426137.png,439dd2ec4149ab75162d21ac9fecc7d934f86f495137a6441f9259f8ee20e017,503,2,0,0.9544605837683273,0.4803376816128336,0.202146636030135,-1.2541042608736863,-0.3828406405376153
508,train_images/ae2c3f6312ef.png,166c1bae54070430e62ec2c259491360958588f92797a2a5b37f854df57a904f,508,0,0,2.9287876598391414,1.0307128835671322,-0.5202950111396079,-2.3124563222881775,-1.126749209978498
514,train_images/f5c953bee7cd.png,c72e85145a9661a56e415df87f9844421dda34af8ac8331cf46668fd480bbf4e,514,0,0,3.6188198494646855,1.0131662864802935,-0.3216565646897937,-3.0873636205464723,-1.222965950708719
516,train_images/e7a372a1c3a4.png,faae132ac95715ea52797b975b5162bbeb761559ebad52c0da5ecdd96cfd33df,516,2,1,-2.8512103778680205,2.1394772230898127,0.5329158536613334,-0.3789909658938943,0.5578082670107529
522,train_images/f025f33b2c9b.png,1397d987e28eafb5e9574fb756741b1ea787d0b54fe2db3d7f6f677fb51682c1,522,4,4,-6.310171548570833,-2.4079131681991774,2.0220812888062185,3.1657949481294803,3.530208479834298
528,train_images/51405d042000.png,7bf8384cbbbe7d41590dfc23f6cd6be8cfc8882dfe47f4fb973e9f112305b9a7,528,2,2,-4.6440582157961,-1.1623105980132888,2.437707197012931,1.0963963007146886,2.2722653160817567
536,train_images/cff262ed8f4c.png,2445341e543ad2e1b8c7422b0f91b48383448cde4c4a8aa5711247fb18a9e4f9,536,0,0,2.7600859761755667,1.1515609186935627,0.06204802988999858,-3.2427297133296453,-0.7309652114294944
539,train_images/be7bc89f5fec.png,54ece05eb1367d608c1291f16db33b9cf97050da5b49519837c51d3ea3a01ffa,539,2,2,-4.462615050644585,0.5030313264738915,2.4629642809785954,0.14840471004302958,1.3482147331490515
544,train_images/9b32e8ef0ca0.png,57d8daf10020a08edc358bea7606ff87ee9bb161beb608daa81c9060c1f14dc4,544,2,2,-5.2559179575520325,1.9132951873157176,2.0761727317503733,0.9441475127959803,0.32230252568994144
552,train_images/4cae247d9909.png,5757e03da6f2d4ec5708be8254da719bbec29c5bb046e5d89c66d258ec65df5d,552,1,0,1.336164014396299,0.7608463730404688,0.2313245706993949,-2.0019828127375723,-0.32635214539859925
555,train_images/4cf4d528c08e.png,d48f3f1826635b3d7a43551c276db83377123d74b77e7f5434ff408540a02308,555,0,0,5.761863287004702,-0.24240123038800432,-2.228462337326205,-1.4590301659020586,-1.831969553388443
557,train_images/42c65af5ab16.png,4505150cbdf016e1a432e3b904803a98a1de9dfa439fbe53386cfd6c8e5a4598,557,0,0,4.960222441095102,0.39574186879582746,-1.3595206797081882,-2.0452524862236734,-1.9511911439590703
558,train_images/8b8fe3fc8950.png,782bb97c6c1482b1e12754864b10c1bb8c7006da1dd0822fb62bad9dcc7ed8aa,558,0,0,1.337556886336388,0.704920286306953,-0.27825567121385925,-1.1070611761711744,-0.6571603252583146
559,train_images/be197b663520.png,ac88a3bf7478b9c02f3330630a706de0b90d6c29e6ff7ed40a3e281c2c291084,559,0,0,3.4992187238687538,0.7694293103355312,-0.3810701835427856,-2.2217978879392155,-1.6657799627222885
564,train_images/c67117c6ab3b.png,f097351f2f4208da04cde240eef2f4ab7c02e1305b5b2668c53ce3c8b3ae1531,564,3,3,-6.138105331548024,-1.1559774762642099,0.8348644746386271,3.3943974870551883,3.0648208461184034
570,train_images/76be29bb30b2.png,d295e1a477b8e41bd1aeae97c703df87be2c5c00a89ce3a78696713b737fb59f,570,1,1,-0.37157360551899116,2.881649097964918,-0.17122089418465375,-2.0390602833151776,-0.2997943149461111
577,train_images/d25b8a8ad3c4.png,fcde385d589e1be2c8173d9e2abbf829047f644fe37c8954160bbe14932e5336,577,2,2,-1.5387427350381735,0.0733175267380694,0.9054655520602906,0.08199843492059344,0.4779612213192088
585,train_images/c446985355f1.png,7b4989b1b1300e55af757f546684945c12d5edcadd04873c27ef15229e28927e,585,0,0,3.0489839674168753,0.9029526572785468,-0.7865769717604028,-1.8945419282088412,-1.2708177247261832
591,train_images/d1b279cc02ae.png,6915555cbfe256ea0da20aaf373ca004f6e3dd550e3f410d7587feb845ce7471,591,0,0,4.461889386973058,0.7925357101534712,-0.691966552723247,-2.8815654848013916,-1.6808930596018983
594,train_images/aaaadb174012.png,12edee50ce755054d0b958558172634c35413765d7cdffb9d9e36c0a758ec58f,594,0,0,2.7451937281851384,-0.10397990677652713,-0.14062719811453006,-2.6103011394990427,0.10971451620495334
600,train_images/3286073a976e.png,f946e26579dce31ed8752334d8380a6914b71dbdcb0fd60c42d212b865514bfa,600,0,0,1.4004059454217395,1.1782264574511099,0.08284485887036258,-1.683014447752048,-0.9784628139911715
605,train_images/9122b31414d3.png,881ebd6d9f2b265e40a7aa0a27393699764bb82cbccf20e5be85828a8403a0f9,605,0,0,4.48883632953645,0.08065866551908851,-0.9454570608538555,-2.7531654761524127,-0.8708724580492766
612,train_images/936299166bea.png,ebd6570376af00e57efa4d2dfbf0854d06aa875f6bd6edb8549f08dca258c0ec,612,0,0,4.762161490547972,0.47662829789875455,-1.4256289939863833,-1.7514931874981943,-2.061667606962154
613,train_images/7116128c65ab.png,05bde987e8d05ff01edee196a2b526621549bb8d3220e3bd9627327a93982b67,613,1,1,-0.6339851883572778,2.1403920525564355,0.8916841187942082,-2.022257442333762,-0.3758335406596127
620,train_images/28503940d10b.png,969d7a269e24a0a068bce697266283cff35d6cdce637f11a78edb77fe18d4185,620,0,0,3.6772049304782417,0.5735074816396274,-0.25750115339332885,-3.0481223847544743,-0.9450888739700741
625,train_images/b5834ee64541.png,928aa704a477a85369e86420c683b648bd9b292396b677eae12adccc553771eb,625,3,3,-6.639104637866497,0.5652334783654802,1.9453359139038722,2.196624146643157,1.9319110989539725
630,train_images/687759336b0d.png,4d80e964f93e5d5e7fbbab72ef7c2d30f7b54cc92a195dce1f97049b51612de5,630,3,2,-3.458845714635378,-0.10355333327549543,1.4363279286498503,1.2984866750595883,0.8275844442014251
636,train_images/28f73575e1f2.png,52a1e803d48f52a7ccc2af465316413e32a74b0f0feefa0f929010355284548e,636,0,0,4.1445426042098745,0.061376143968172314,-2.164697177111266,-0.8307340377387644,-1.2104875333280258
642,train_images/2a7373eeb352.png,db6e51f56fba7f4bf6b9e5b0038a127cb04dbabdad39c259f01aa42cc4317be2,642,0,0,2.023609412487274,0.8928916642932104,-0.23286043636028003,-1.7678802896796921,-0.9157603507405219
644,train_images/c70d09370109.png,2dcd43fa0ede167ac271ee1a53fb745d776315de2ae0e84a0828101a1a063fd9,644,2,2,-0.3623624939152617,0.5876414474661986,1.107413921621304,-0.25811660230514266,-1.0745762728671042
652,train_images/bfaa0080ab61.png,1cafb8e70ff9e5b0c1ad5a6499b5f1f02b2699cd17d347d6b8e9c5c301287fb2,652,2,1,-2.9550611420193875,1.365296900289691,0.7793169879500842,0.6180939319886957,0.19235332179090284
653,train_images/a763661f98a5.png,47aa0f85ec0edf44f4f0563380da494861654dbc323be604cc03e5b2387d9932,653,3,4,-5.601139343822832,-1.4756349171172198,1.807678760030318,2.2823952377585455,2.986700263151179
657,train_images/9cf7c1349673.png,b55338deebf115c3d21afc852c05d773cc540eb605450c5e0dc7980851761470,657,0,0,4.103688776787402,0.6002599001215191,-0.5817284931751721,-2.4314048130376738,-1.69081537069608
664,train_images/27e2be850a99.png,afa1e8061240e58e7434666e6273a993b254ffa99ca9a30b02b7866d60b11872,664,4,4,-5.8366416035602295,-0.08802393704396905,0.2125651105912314,1.8193555675494886,3.892744862463464
670,train_images/77b7b71ebcc3.png,a9fcee66613c28b6baba7d56ed44afa40a7bad1e5c5d28a7405c90273aa7955d,670,0,0,4.166656008135378,0.6833727961127058,-0.35525817630449713,-2.7397512043554375,-1.7550194235881567
673,train_images/55eb405ec71e.png,6c7e3df2db27274cfc23a443feede171d0fc88a6d1347c3496eb9c61423c8766,673,4,4,-0.5579811301265367,-0.6895783782428144,-0.48605877845677153,-0.9406574920539376,2.6742757788800544
678,train_images/4036471a1bb7.png,c169b615fc3828c0b27effebb1f641055881c25478ec98f9ccbba4c5b1fe528d,678,0,0,3.835901475537784,-1.1125513875043116,-1.4655032712908682,-1.2516283128346721,-0.006218503907940015
681,train_images/5bda2ed09e62.png,f42fdc28a12c29a9983866a144942db216bdf497899e60c95f208459b98af655,681,4,4,-2.461058371624096,-1.2565772981406211,0.5847637464244839,1.1943856935078623,1.93848622983236
688,train_images/c58971bcebb2.png,c9e2f590d7eab17527e9073f889b93993eb133bc576340e8a6814eabfe4a4ae1,688,0,0,3.2318040410399935,0.2438800362982485,-0.6547427552075196,-1.9431843044234114,-0.8777570177073246
694,train_images/bde1063a5dd7.png,8cfaaa0e8c9e83521f12df4be2d893c0002e11bcb28b68dfb487b96143a6ddd2,694,0,1,1.32293472067726,1.5072449610701935,0.7111026863709511,-2.4006566665182527,-1.1406257016001622
697,train_images/13ab8db8c700.png,73a89390d4ff8c4a612239fab4723b39b7f899e54b8cc2e3e839e5602210de74,697,1,4,-3.5332092153035632,0.631402018212383,1.382365926074079,-0.015595009121158188,1.5350362801382413
700,train_images/3c72f580d4ba.png,e313aaa3b54134af6a6a7780023d021144904810d8d8c6dcc63f15fb470ef24a,700,1,1,-0.32997197309441434,1.0031456634568765,0.6385288303746488,-1.3241369742206004,0.01243445348348246
707,train_images/a627eb8c08c5.png,ff5b18a98000c6f285938dcec5031a71be9483e76bb3840b431f31b5991c5d56,707,0,0,4.166984447947791,0.5212905447886542,-1.520192334074221,-0.9376675988951605,-2.23041505976707
715,train_images/d7ab5c040294.png,ba93e215e0cf7327dd406ac4833a371de21aaeb496fd7e6d71abc243a28445ed,715,0,0,4.519694386344269,0.324149850218369,-1.72605830962231,-1.4806968524953001,-1.6370890744450344
720,train_images/25e9fd872182.png,cdd8ab0aa83af62e1ee49606475bb343d24c677cef70f5c4ce4c70d7ffe263f1,720,1,1,-2.207536659576688,2.07011120987069,0.8778388169349887,-0.6973108677991645,-0.043102499429840596
726,train_images/bdf47b9f10c4.png,26bbbebf6f67fefaa7c05f53da0a0581e9c9dad366c1f7b98b87c906c46a06db,726,0,0,2.853839150720705,0.5867503451573357,-0.2518674886292856,-1.7803328344759364,-1.4083891727728246
728,train_images/735836b1ffa6.png,8a3b6f7cc9578c2f138d94f9498757e7a15d515b1b1b0c2d98c57476323eb397,728,0,1,-3.666843520044014,2.1253652014420528,1.6667715619928924,0.5671932040360387,-0.6924864474269854
735,train_images/295fdc964f6e.png,877d9d7695aec8bfe98867e5568f236f8ebd6535678b762fbcf38453761b6ccb,735,2,1,-4.786397627530473,2.3952729966150574,1.6837104356804198,0.333340388247077,0.3740738069879034
741,train_images/6e3526053de0.png,8c845a254a44d5dbe6e99149b1b0d424359f8a6c467926f3575ed4f71993446a,741,0,0,2.6817162573303595,1.2683382402947598,-0.49006257103648726,-2.037296721920224,-1.4226952046684191
747,train_images/e067b06fd655.png,e6125b66b5be0f7a9794a49a8b11b2fe3b1f5be868264b9def7420a5f5521377,747,0,0,3.1162861500302403,0.6118486226065033,-0.17226865905670324,-2.978134417451618,-0.5777316961284283
752,train_images/af8aa32beee4.png,a8110e555a018bfa189e3995d70af457805bb3c3218b3c8be06e8485982844a6,752,2,3,-3.761636964025072,0.05056537124577032,1.123631665502558,1.831943707669843,0.7554962196068853
758,train_images/175dd560810a.png,7a275ab3a497881a4fa92bef662c22f1acd481139a4d8fca3f5541b84b78fe16,758,2,3,-3.123054764111862,0.28118494770943697,0.8848157139914796,1.6187759802389663,0.3382781221719693
762,train_images/999115d9386b.png,7e689e44d8ed4e9314f8d430060bd72b9bc995034b27a9f62a2a17bee5549635,762,2,2,-5.021561552345668,0.20901932847484955,3.167509990034012,0.8233104406253547,0.8217217932114358
766,train_images/613028ede6a0.png,03c17d378020b26bfac51e530629c3025ceae6677621a0dbe6b67900ea57130e,766,4,3,-4.577431069342916,-1.919992819829376,2.0107798919710054,2.9972455429962355,1.4893984542050402
772,train_images/9ed666e982cd.png,bfceabd90e91d36db0ad919ec6125c1db0ce1ba2f2db38d26eecc11ba9ccc243,772,1,2,-3.7633591162086097,1.3910927919988973,2.0492787176519,0.21340217745673196,0.10958542910106742
775,train_images/44a4d04162cc.png,164e92ff3c51c0afaa02c5b75579bf86b15d5590c5809654ab286e39f00907b5,775,0,0,4.150343281553398,1.0396718839561956,-0.8592031237819686,-3.1350112711118556,-1.1958007706157763
776,train_images/41345cec5957.png,91d3f65d8fda4f709f5758435a3a9ed15e41d6ccd6b767d6fa1732fddf8a6818,776,0,0,3.834254543615728,0.33046055305222866,-1.3351285001239743,-1.6959059332185025,-1.133680663325487
783,train_images/46f56c38051f.png,d54c3244eb7cd79ba1878c13e48b05b0b07d5c7b654f3eff81ab19b55e290cb8,783,2,4,-3.0414943526688423,-0.8352372299448403,1.6708783112594747,0.4965893781427645,1.7092638932114341
790,train_images/b9c7c5182075.png,292462ae3a550ea45611b9c03806f7e261ba03a0c171980d2f5080b0fa913d5e,790,0,0,4.3669037149734065,1.1019594749739863,-0.7313731058526276,-3.082252905689997,-1.6552371784047721
794,train_images/d26bc6e1230d.png,dfc4e03b7bf64b9aad94ae7ca97416daa56b566bdf15197396e0220797a9ae34,794,0,0,3.5595860667596733,1.5805511368862353,-0.549237970883933,-2.794575165721002,-1.796324067040981
801,train_images/2f5c9cdfb333.png,bf0342ea787727c689c00d2cda4f9c8836c38a886ed008a6c203f67049de9a13,801,2,2,-1.4453200844953782,0.10872544803642026,0.8211406154081835,0.5071131296131529,0.008340891437612408
804,train_images/ec6f1797a25a.png,a0178618641fc9ceec78529a603a7527d9a43a6d9350b63da1019df4d8b1cb89,804,0,0,4.201346630277512,0.7277099209357722,-0.8949510295323306,-2.5182418402945537,-1.5158636813864077
810,train_images/5e18af29d812.png,17879532018a13e77ad3bfd64d030de9e4216873e2512d8592b49c1a498933f2,810,2,1,-3.972299505677998,1.6512076949680075,1.4320323066478688,0.6849122246596723,0.2041472794024344
817,train_images/33596a635b53.png,c82263b2245335f2e8f93aaabfd0975947c9374f4428bc728db42c9c02096f54,817,0,0,3.780963000916631,-0.2104261402373675,-0.9865464279914105,-1.0773946489762818,-1.506595783711579
824,train_images/4464bb62bf20.png,e8aeae7cea3c54760b5d416895438da5256e00f139f633d127265de020091fe4,824,0,0,2.8836436481174257,0.8454581622086366,-0.19186829835369407,-2.32820486449836,-1.2090286474740222
832,train_images/73881f55a3ec.png,fd9342b6987d2424303b7df50114b124e27e7b3ae53fbde938da31dda3474020,832,1,1,-1.148117144404522,2.8101310705764457,-0.1462670311271917,-1.1360175880851724,-0.37972930695957297
834,train_images/1c3a6b4449e9.png,e61ca49f98d32f234a000d7654891a521ee2ab11aa9d8b6686ffaf07a1f4a142,834,1,1,-0.8121220258241806,3.543781424751658,0.5054191026521178,-2.804385667055899,-0.43269283452371393
838,train_images/aeb6f4fd2eed.png,65c509fb15d43974412e19481b9ccf1aa115f1e14ea2dc02b96a8ba345048781,838,0,0,5.357035060552923,0.28640953024547566,-1.7963926087221869,-2.1518714950249818,-1.695180487051239
844,train_images/080ee76c958c.png,91b652c838f2b1edeaba481629596f6cfd647c99b2d795fdecb3cd108287d9b1,844,4,4,-5.021152431803388,-1.1779041353638813,1.818718705748375,0.9775554019916987,3.4027824594271805
851,train_images/0a4e1a29ffff.png,12c41dda12a9bd7f0674bc886aa657e90b92174782973f2cd5421e8c8797d765,851,0,0,3.637041334350809,1.1431059257553584,-1.1706337684436225,-2.061381076627829,-1.54813241503472
856,train_images/90a786abe58e.png,65182a80b31161954527866d5d5ce513c8da11c4c27fe79d732bac895db46162,856,0,0,4.378057320930631,0.6533150729208347,-0.7083833850194263,-2.5903466344378034,-1.7326423743942427
864,train_images/43823561c3f0.png,d457d01134f3f4acb1ae2c5acd95b6d6b9e9b148e7abeddee5a5787767edf8de,864,0,0,4.642856556327033,-1.0104986668642153,-1.2736560783000257,-1.3341465641531647,-1.024555247009635
867,train_images/7e9458de5707.png,a26714e8bc6050589b765aec85febf6270fab9b637b67efaf803f2aa7aea90ea,867,2,4,-4.229328413297965,0.5263285284575491,1.1716664269479529,0.9477817217722685,1.5835517361201807
872,train_images/2b07790a2422.png,2951a2fa27cb5c7f0cef26b25dd84003fc08e3b2e0f6a4525f511a13579de12e,872,2,4,-2.9708699847145996,-0.5709481487262424,1.3148900321787058,0.6148424953620598,1.6120856059000674
878,train_images/0da632ca45e0.png,a21ad1bc71df6d3cecc898a30b2790e5712640f8d74ba37b4803476bc90fc455,878,0,0,4.998203902433406,0.7545115120322475,-1.9589492215401885,-1.9391034081801473,-1.854662784745321
885,train_images/4d1cf360b2d7.png,d7cac0c45b547700be034c095c5f622f8ff0584382dc2df4dcca093cd3233814,885,2,2,-2.940018003282492,0.45720313747603597,1.8688819866891793,0.5189367487508728,0.09499613036639246
894,train_images/2ef10194e80d.png,026c2b7afb6345362d8568b7679c22e0bd46165e4d33fc568ae51daf463ae09f,894,0,0,3.8503920229222808,-0.4890540191882684,-1.418295451824712,-1.408514148379763,-0.5345284035295448
895,train_images/97d02a9b94f7.png,16871aa4f37d8d4663f924b8e5b0a952ff1791baac2a6af0cc70433ca23003e6,895,0,0,4.477816136812349,0.7827620613362285,-0.780905990814384,-3.0262807408007038,-1.4533914665334935
897,train_images/badb5ff8d3c7.png,1c48ed154b6b7d7018810809fc62c9504f67b3791521f5dce5c083cc6b2f58bd,897,0,1,-0.07744478089017443,3.2517977974853487,-0.00413501710074532,-2.42416514578245,-0.7460528537119971
904,train_images/e31c42a8652b.png,1baaa16aea63aee81a0373c0c0fd80968e5ce8fcfc9be76ab27e0d58136c8171,904,2,4,-2.6304930464223295,0.4047895427396989,1.176567929711478,-0.15887316151009367,1.2080087354812306
909,train_images/9d9bfefa809c.png,1dcd5179b770f6b8520566bd9aed940da25402e7de0fdf5bb66cc78004419c81,909,2,2,-1.3916015805313375,0.6701357506213214,2.280709525462727,-1.6158982484196354,0.05665455286691398
914,train_images/fba493e17448.png,6c5306c1fc901eb4df8f71896be1b7399be43918e6497bdb240c5ae7831ab194,914,2,2,-4.750416888263411,0.6096372833100904,2.0112263963410695,1.8602587054632704,0.2692945031489681
915,train_images/bc73ce76ec43.png,db2723ba6701f0a2131cff98d8b766d010ae855aa2ce51f3b66c0d6fc07a8c9a,915,1,0,1.5853417084876664,1.0485726370624384,0.29969625484132617,-1.8801332530452286,-1.053477347346208
922,train_images/a1822dd8d05d.png,fc71ec9902743c9b5a2c69191da456faf595832fcfea9b70ef9e55e6bf3f52ec,922,0,0,3.33920905930998,0.5414496472058937,-0.32267569004778923,-2.945573023309291,-0.6124099931588006
926,train_images/aa10a4b2e709.png,5dbd96c4c7098f9c10cd45060e85fa06bc4052f903fa8f02c6bdde7a7bb2293e,926,0,0,3.9642803554306556,0.38931420446656967,-0.1727055962032254,-2.809699759452501,-1.3711892042415026
931,train_images/aa9cfe639ef1.png,118a84ea13ba9da94650401ec58fc12a85221cc9e20cfc4b0e01358aaf143b07,931,2,2,-1.7927740707851683,-0.33305283138232367,0.8889604612781348,0.5863547165775825,0.6505117243117677
933,train_images/6dc07f968794.png,316332d3c4af59367b43de8bbb43ab666d25bbbb55168708e783c251517b7357,933,0,0,3.242206669348079,0.8143977020518413,-0.6172396462742678,-2.606386716620635,-0.8329780085050238
942,train_images/cae51154e1ce.png,d051c47a120c777b1f609edd2c6b47007a38fe3616c4777a911167686992ed54,942,1,2,-2.513313188340409,1.5031729724401903,1.51974213328711,0.3575139333759948,-0.8671158507628987
951,train_images/13c191b59ed0.png,70503d62023397f251155a10b01b1d333adcd57cc430dda326416b195caf2f51,951,0,0,4.054349607685024,-0.08669580964996815,-1.514143451232428,-1.906873838103365,-0.5466365086992737
953,train_images/ff631653374e.png,b30741057737bd526d29603e7ec0ba025493411f9dc5fb1d3c97cbd26e871ebd,953,0,0,2.935250241852587,0.8273114284891517,-0.35966375011723656,-2.302633774640757,-1.1002641455837496
961,train_images/7ccb267fd394.png,080257579826ca840dc4afe96e68bca9fc58937c5c1f4274733ee3f4b72dd053,961,1,2,-3.4068224403451395,1.5224278504693713,1.582619793120421,-0.2945959768618033,0.5963707736171324
967,train_images/e33766353db2.png,7516916c706b2d41e04f1cb523b7b390be0ddcbff40beb3d23337b49928a6b1f,967,0,0,5.787367294760824,0.03185095540550176,-1.985723245419572,-1.988970452017384,-1.844524552729375
970,train_images/36b5b3c9fb32.png,1ff10f5470cce5fd72d2b7191387f2ecf9c579663c759f00ab6e354417cb82fa,970,3,3,-5.345445944708631,-2.546445609767298,1.152189480025866,4.761724624373172,1.9779774500768803
975,train_images/10f10fd30718.png,6a51b57563b31ae4b06a9634d5d8829e8cb1df52dc1a8d3cc67021ff038eb888,975,0,0,4.285515346639615,0.5378190963594028,-0.4851786222595859,-2.7072705897690894,-1.6308852309703479
977,train_images/07a1c7073982.png,0fa138526248a7a8518103a91e3055e2a5354cb07f058603202f3895434bada7,977,1,1,-1.8540790668061506,1.3541532526116866,0.5548937307930931,0.2573701501850042,-0.312338066783641
982,train_images/e13412678eff.png,615dbb8e4d8dfa5f10616a8c5e0c8d869ff8c768b3852554e4965a4612bb4818,982,3,3,-5.011822970555757,-1.0115221807760202,0.9282827731601933,2.9628845945188442,2.132177783652726
985,train_images/348598d01e18.png,d34a0993f49c58337353275ca3e2018ed304b2d4d06c071ce70b171291e7dca6,985,0,0,2.7580926736728,1.0109633245165832,-0.6265351762274596,-2.0463909194012753,-1.0961299025606575
991,train_images/f0c0f7b5e820.png,657349946c6ffc80095f800e4ee117d2908d7d882e1101ca4376546d514ec1be,991,2,4,-4.724971539720128,0.9132280995103853,0.2915511321571475,1.621039220584711,1.8991530874678677
998,train_images/c0e509786f7f.png,014548e090df9d1d91b4f01d9f9dc41981741dd319047fabcf785f01d71504a1,220,4,3,-5.707664692519405,-0.9167440823829347,2.120324010159389,3.179743157477288,1.324341607265646
1000,train_images/0369f3efe69b.png,fef8ca97577038b16353a01934498df5cf9f37d36df72b668cab0c6d33e316e8,1000,1,3,-1.7802738850886095,0.48878706926362986,0.481016859323799,1.0336576534241675,-0.22318769692299778
1006,train_images/07929d32b5b3.png,e206091b8d767cef15c13cbb9ecf8b05bc9bbe9ea446c0ae3ab81de2e61e0188,1006,1,1,-2.826721810886465,1.8066912455515656,0.7326399157208722,0.12496216504517932,0.1624284845688377
1013,train_images/3f44d749cd0b.png,fc12c65aa6207bd74cffe19726cc3ee11d371f54e3bf019919df3b96d99694bc,1013,0,1,1.0151113231251931,3.722362444442052,-0.3541816531166992,-3.5213530599637766,-0.8619390544867827
1016,train_images/331121c65e88.png,62d2a7dd4b8e26e1578c8c06090fe332d0cf8f56ff24f0cd39f98f1241bde920,1016,0,0,3.4218233322735405,-0.7146647474503327,-0.8098146691586767,-0.9246923195566499,-0.9726515961078892
1022,train_images/d99b0f7dd9b9.png,a7676ed7fe931fb283866724a649f5d85a536a43ca90917e2869d7d9b55aa883,1022,0,0,4.264056294514973,1.1317712442943137,-0.5007367290926972,-3.1626953243096154,-1.7323954854069803
1028,train_images/8e6df9eedcd8.png,5248c530abf5af7c2b30bd7e5de4ceda3f6e15fb61f0888db70c0c272d3e9768,1028,0,0,4.40997605599355,0.40160730526729105,-0.7899581735522616,-2.878372847118702,-1.1432523405898836
1033,train_images/f580566e27f5.png,4fa9544b53b782ff0fde423a1c51f7f3f305c9121447fae4955f582d8a44e447,1033,0,0,2.3248830992640888,0.962239363811968,-0.765255511206592,-1.5423014893771745,-0.9795654624923005
1038,train_images/ca25745942b0.png,bde489d1aa35a7c439bff6afd4ef5b0fc8cf12a30e576385ac3637ac9fff6d6a,1038,1,1,-0.16087589660113405,3.298727506297118,0.04287464986240386,-2.201296468581489,-0.9794297909769136
1045,train_images/de778495a1cd.png,85a8ff391e96889511a3613f213ba0813c764a369af8fbdc96caf7176839685e,1045,2,2,-5.176256666696736,-0.672335935211515,2.5911014904583882,0.8781547091554572,2.3793364022943955
1046,train_images/d774692d9919.png,a81b5c079a9d08cdb49be1ce1e962e6c2cd58d732ceb428fdebd689d0584080b,1046,0,0,4.099579553702657,0.6236767241701253,-0.718564502823243,-2.5890130688395456,-1.4156787062099998
1051,train_images/537e50fdf22e.png,8324720c43eb9608ffb729aabd9d7f85461430ac40d30188e85cadf425299cd5,1051,3,3,-5.292091897292658,-2.3073188397068587,1.0715550750262408,4.344292927712083,2.183562734261183
1056,train_images/7525ebb3434d.png,2b155912b3f4bd098536c75f028cb510afb557a11945b7378b5224b39634e69c,156,3,3,-6.372648939666308,-2.4415329231996075,1.8025338681381262,3.95319853205342,3.0584494626743552
1058,train_images/4ec7796df40e.png,118b09df9d50de643a95794c972ec8fdebeff9a50d94d1bee3e4599e96975a0a,1058,0,0,4.974862758067415,-0.3655737147366368,-2.0677321377293763,-1.5544882358447922,-0.9870686697566187
1061,train_images/54cab3596214.png,3686f562c7264f2489ff6bf94259ac24179695d3612517bbc9434dd925d4ea12,1061,2,2,0.08561084894953531,-1.9730726921089614,0.9946147168288337,0.8778071858384319,0.01503994049215479
1070,train_images/5712e2aa73a2.png,065cdc945e19d25477ced9e67a035862ad0dbd106bc46cc955f3aa183ef1ce56,1070,1,1,-4.113007923187801,1.8765236735153967,0.7356326325609616,-0.04940527325933386,1.5502568903707594
1074,train_images/d85a842d20bd.png,a824beee560c222ce2fce50ac37ceeee4bb3e2eef26fa79bdb2c68ae1dd6035f,1074,2,3,-5.967932194901563,-3.126637622715024,1.98194358566252,3.908940455046905,3.2036857769071454
1080,train_images/6889bc64ab09.png,90e7f58c66b9acc66874d258f535d36e424e6663a88d63c82f1aaaef4a55aaf3,1080,2,2,-5.532684083792237,-1.3372416161781695,3.157313916904669,2.0822295235551245,1.6303822595106015
1085,train_images/76cfe8967f7d.png,63f05cee7e8c7abcbd066e1417bbbe275ca69757ed2fd687c8a38461ec03769b,1085,2,3,-0.03987059216977973,0.052638266989275984,-0.27881713549944925,0.3446160152411807,-0.07856655456123146
1086,train_images/5b3e7197ac1c.png,300f89c62c0e2eb3b60df75803be69fcf33c05a63c8bab7577f0f8395edd164f,1086,3,4,-4.881756116322597,-1.1915737992120523,-2.0502491247281043,1.786661147772441,6.336917892490292
1093,train_images/a07d571bf7ba.png,a8029f9e7c948c2192bde6a2c9e01439562eb8a80517e7f3c4169d1ae3374495,1093,0,0,3.3417033256712307,1.268774982525946,-0.786816249629829,-2.039020158093971,-1.7846419004733813
1100,train_images/873dcc0b468f.png,01daa0b4cf0055431b8a090f5bc56681a1810cdd28c008f248a12177634336be,1100,4,4,-3.973126500904256,0.38955904182875395,-0.12356399690238823,0.667107884172275,3.0400235718055963
1107,train_images/6dc0281f11e3.png,8ad2b4d3ec8775aecdbbeec5a9f6e382e6bbf8cd9aa028ed9840a26a9c55c011,1107,0,0,2.924443015452626,0.938829824256202,-0.445712577126455,-2.2825082390221505,-1.1350520235602297
1111,train_images/c0f15fe3b4b7.png,56f58a085483d00e0e8f8ae5e02689373d630736fc74f9ee6fa8f238db661ce1,1111,1,1,-1.2198556236552558,1.105136435757283,0.6349811599916135,-1.1049487157589333,0.5846867436652835
1116,train_images/7d3835e4e63a.png,17d66a04cdbdaf5899b62b584a504a1e106826b011147f185f09528cc5f42a24,1116,3,4,-2.3587793917554043,-0.6253852818110561,0.9827398893538062,0.689212790522752,1.3122119936898904
1120,train_images/63c3c571b8ee.png,4e8caed4c5f83d972e8b39a0c1ca8787a49cb1babb3a78e5c4ad07e0ced0a423,1120,2,3,-5.223933499702771,-0.1529481596723159,1.8623508640641662,2.200441819617241,1.3140889756936638
1127,train_images/7d48f8cdfb69.png,39b5cceab3aabe2590eee279b944a85bb01ae52c4fb3c851e0df581019019b93,1127,0,0,4.352522201757233,-0.20246458090463737,-1.5253783716123919,-1.1163854950221983,-1.5082937542180144
1131,train_images/41ab357d103f.png,5b28cb837b5d3265f18aa9b7305789b6d7815491d894aafc7bd94bb75b464f48,1131,0,0,5.29858589720313,0.5942975503927276,-1.6615976840625053,-1.9847990137402935,-2.2464867497930654
1133,train_images/fdd18ccbbdc5.png,23a0dc2869304a2f9a2bba8d985ee50f332805a65bf38e0cbc78ff2358c097b3,1133,1,1,-1.0637362552000444,2.3742037871349666,0.4208612631878248,-1.7010527037414622,-0.0302760913812975
1136,train_images/7ba6b23c4b46.png,6fa61290052597912baded8304b13183f3ac5562e390c58795d9a1485bd71a18,1136,0,0,1.5854641739418984,1.0907837491227974,-0.1032244664723933,-1.2777027811958435,-1.2953206753964703
1143,train_images/3cd9713c0ecb.png,f4b65f893ab358583d92f6895cc4a5f3b170cd66740f841bb413988700961996,1143,0,0,3.6031147112467683,1.3607776899553308,-0.5924850870460903,-2.40524894554237,-1.966158368613644
1148,train_images/682312e82ee3.png,4c3feb738a914888574af8a54ee679995c168bb23971f19fa315b386defb6153,1148,0,0,3.6158270862148543,1.1985961803795233,-0.33233617870295945,-1.9239702062389652,-2.5581168816524635
1153,train_images/6298468d7d75.png,bfcf9c630671aeb464d876488beb24300635222ed3d023c8e8b322c49d2ed527,1153,1,2,-2.6419145098329095,0.10892618882624255,1.5653378104920337,-0.3672084383097737,1.3348589488243952
1156,train_images/55092c0071eb.png,70f95bfc5307e933e2967e8d6e28dbc2e3a7beed67403dd35056bc4a5db04fdd,1156,2,1,-2.161897539248044,2.9442002508515857,1.0128392489835096,-1.3038806693507081,-0.4912612912363561
1160,train_images/e5de79795c1d.png,e1d6171c45b024a7051e4231d7630a5d009aa540885387416e07e801b6c1a8d7,1160,0,0,3.4374200882079493,1.29317475350874,-1.0227156996841757,-2.717637738340587,-0.990241403691933
1166,train_images/e6a58edc5b42.png,a667e48d1a8748ad793b42047c391f03f8ac627609155ab3d25335ebaf5f6def,1166,2,2,-0.8433459257432958,1.308603994439082,1.3116890328154425,-1.7682363761380333,-0.008710725373207634
1172,train_images/bf18ff30a8f6.png,32ebc37c57e83704da342ecee696ce39eda07fb98c3ee34c9d9f540ea201bbfa,1172,1,1,-1.4947378997183443,3.615888030397105,0.8251678546039667,-1.9969049634386766,-0.9494130218440627
1178,train_images/9f37c98b8187.png,bcb9941f920ec7d8885f268bc0a90a04c03b89e083ac8eeb973b65be6eb35e41,1178,3,3,-3.8059650684606643,-1.045477794986171,0.7623464168030847,2.088622927452973,2.0004735191907663
1187,train_images/96c699221180.png,353d8a385e90ea4267e594b97a79aeddb93224cb5d5ed840ad1d775b4374d778,1187,0,0,3.14737228586308,0.1200311236957965,-0.5738942345813662,-1.996813667904636,-0.6966955070728795
1189,train_images/906d02fb822d.png,c97335909a9b779764d450b413722ff94edee078b5926fa868a5bd75d866827b,1189,0,1,-0.4315935287939319,1.6838258465161426,0.056324632945131625,-0.7973536206092521,-0.511203330058105
1191,train_images/1e7ccd4a1c87.png,0ce4fc8014f9a3fa43b93511ff6abbd013035dfb1631988967c28b306a3a82d9,1191,0,0,5.106318411942118,0.6005033469067864,-0.7540376373047404,-3.50397136084449,-1.4488127606996808
1197,train_images/00cb6555d108.png,bde489d1aa35a7c439bff6afd4ef5b0fc8cf12a30e576385ac3637ac9fff6d6a,1038,1,1,-0.16087589660113405,3.298727506297118,0.04287464986240386,-2.201296468581489,-0.9794297909769136
1198,train_images/7dee6bf8b9c1.png,c994e130b371b16e03dbbfd52be434dabfbce4c6fe8363a69acab470dd5b84b1,1198,2,1,-3.69944161353489,2.596246214411162,2.0127377825771076,-0.3140159761296375,-0.5955264073237552
1205,train_images/65cf00be6fb4.png,a7335bfabc9c0f73b0c9ac338d441e43898d45c39b6930c1f5dba8bacea7edf9,1205,0,0,4.002467659546296,0.41629410512396237,-1.4381965687878984,-1.397906397732136,-1.5826587981502314
1206,train_images/39b5b05d6cd9.png,b3655add974ff8bf9e9fbd5f3925004471c37064c0d993ffcb4b53212177629d,1206,2,3,-4.052275427140723,-0.4247342164258683,1.4932836999141763,2.6967067824167126,0.2870191612356887
1214,train_images/a87f53bc984a.png,9755f8ca00379f84a6cc66f1e99edb48522395082291019d0e990bd6f26dfffe,1214,2,2,-2.4879295104377506,0.3438519596086066,2.6305921365255522,-0.8823885358868409,0.3958739501904244
1217,train_images/a86128b601a7.png,60af7fef5d0b3bacb78eb816193e706536db9546cd8230f20ea8a8e76f7f7ce0,1217,0,0,4.72632406506098,1.1590462586292536,-0.9150617195236088,-2.9907086190667207,-1.9795999850999104
1221,train_images/af345c68e836.png,c27917554ac438f3aefce59a5b0ec88106e177a73bdbe601ff2583927eaf546e,1221,0,0,3.9091539745159416,1.1614808020261023,-0.9428655647205575,-2.3984766307981125,-1.7292925810233806
1226,train_images/0d0a21fd354f.png,2c79683421780ceebb1a520a5b01d4640e550b1e91878614fc5629975d75906c,1226,2,4,-2.5918393086766303,-0.31104862524314214,1.0053031043799587,0.4840511776724338,1.4135336518673627
1230,train_images/5c8482926a08.png,af422c17c378f5142846fe7096f042f8ef2d4baa050987e255c2d8233f55d843,1230,2,2,-1.9625419945319182,-0.26091289025301445,2.3229175604297536,-0.4299541199933717,0.3304914443485347
1236,train_images/7e0598cc88a0.png,518a6d0ea154a12299680d0f424f965fc9c4ace62b2c0e8a5d9ae105e5696c75,1236,4,1,-2.5904415276210373,1.448070602604081,0.5847196771570943,0.36327707028222755,0.1943741775776218
1239,train_images/ce207b69ff37.png,3ebb7cd904727366390dc52cadb55e0b35bc2f471a018a249c3211384cc5c058,1239,3,2,-3.801348012838371,-0.4225864282653322,1.8499477621830556,1.768868389285875,0.6051182896347631
1244,train_images/9bd008aab548.png,031e4892fdc244960c3c0aa67e4f90f648057b5f0a1696977172ff8ec3b4acd6,1244,0,0,4.484649578054388,0.7507044871486835,-0.7791149040232781,-2.7994838376281295,-1.6567553235516672
1247,train_images/9c52b87d01f1.png,07086880d7671ed61012937727224700294593d3a449a03569a63016289afd49,1247,3,2,-3.6731784501048668,-0.6887625053452666,1.7799674972234767,1.6358426453391886,0.9461308128874575
1256,train_images/e3a7671f787b.png,45e0b6c1a49e31e1e74ee86527b22abb19af241207ca85c6049dc9d5b3969011,1256,2,2,-3.2898756769872035,-0.1528280793160306,2.6340218035363354,0.32740656546049596,0.4812753873063913
1263,train_images/9274e75dc4d5.png,863717677b6c6910fb7ce5008860de7ca55690864b70ba3f781be513eeaf0b2d,1263,0,0,3.454949567609463,1.0803490118318249,0.07530656735631391,-3.138447078488445,-1.4721580683091626
1268,train_images/0e75d51152fc.png,6a6cbdf0baa6c113066521a0837ae98f52be69bd17bd840619d403db2d7bf8db,1268,2,2,0.770579301043959,0.7988385400677069,0.8216668642890141,-1.709222077868389,-0.6818626275323005
1271,train_images/26d60db3bbfd.png,2e15ebe49faeec45be4b4b3d8b577495f9848d12f5a087c7874331a9c47be1a1,1271,0,0,2.8777576013269344,1.0675116347640503,-0.5655795369199634,-2.5801367952946457,-0.7995529038763831
1278,train_images/eebd1e195952.png,d6077f40196045a4760de907aee8c52a8c05d53e511c68e88bd7735c0424134f,1278,0,0,5.650199746625083,0.45987952979895924,-1.5667167493504857,-2.563837132885133,-1.9795253941884305
1284,train_images/f47a2a4a0411.png,61eaa30bdfdb34e3f544d5f9d89606cc68c678ec73441ce4886c83fb712ba6be,1284,1,1,-1.1314364572899078,1.3348354238540239,1.089415936923451,-0.8351529630932372,-0.4576619403943418
1291,train_images/0773a1c326ad.png,75d5faec0b1674b0e8bf41415495015f351f91575293a290dc2cc646b6a847dc,1291,0,0,4.809929606485172,0.44948980426973134,-1.4946010435720942,-1.957474264160358,-1.8073441030224573
1295,train_images/6bf26b777e3a.png,ef4dc72d4f97c878a619b6ac70b020ff7ad0a09ff72f59d2ad5dccbbc92c4c2a,1295,0,0,3.98500953357752,-0.22939369291547496,-0.8041663236917327,-2.2626564678749124,-0.6887930490954101
1300,train_images/71c22da3d6c6.png,33cd1318ff44499f657d6e37f9f946f5fdc29f284fdd0d745497ce1df7e8c92a,1300,0,0,5.483665294117598,0.5882108709572855,-1.9703401627834225,-1.7989058266617755,-2.3026301756296945
1305,train_images/ac5b5dddf91b.png,ed6f495c9887aec8b462448b9638a980657a342de16bf85a7e5854e011258983,1305,2,2,-4.259143614660026,0.20744906469150964,1.7126189025023417,1.6588760680093642,0.6801995794567872
1310,train_images/43ddd0ab0cc4.png,30cd4c451b5f65d4bac6528a2eaa0bb62bdd34587ddb664171a754a8bbab3bc9,1310,2,2,-4.367472706808091,0.6345493072740018,2.194652204331779,1.124901685841266,0.4133695093610341
1316,train_images/fcc32dffd24d.png,7c560e4352da43edd3700852d8d0f7f3e6753779edbf357a9124b8702ea498cf,1316,0,0,4.305334980910875,0.6559780495591206,-0.9197318267269843,-2.7167575894200726,-1.324823614322945
1320,train_images/785777558f05.png,4f982d65ce5bc1a61fbbfa2784d06f1f82193caa11424d8a70ac972edf5b070c,1320,4,2,-3.3062857882507077,0.2646161746447293,1.3821666715937937,1.280013565580155,0.37948937643202485
1324,train_images/aed4e743c230.png,ce05f0e9c4272f1104fe2cb4df020f92b2fe84654bda9ec78a8df00406dd4be4,1324,2,1,-2.8748525212806624,1.7636942023859943,1.1702278342392678,-0.11365523026346669,0.05458571491885192
1330,train_images/6f3b62e5b7f5.png,685a7cb9958abca775056187e117084cfd953353050e9278617b2d40b61a50f5,1330,0,0,3.7560317172163447,0.4687627389168232,-1.1618158301880215,-2.6669202907203853,-0.39605833522476674
1337,train_images/224c14366e11.png,ab8c8c368b6f021f727b1b5547d3006e699d1b8015d4dc70449fb9ae708705df,1337,0,0,3.33770619481827,0.019202579204493753,-0.31130506784447504,-2.644757294612048,-0.4008464115662467
1342,train_images/3246f07e65b4.png,3c730a19d50a1eb70099eb27636903e434ba1cdc0e2dfa08dc774140006fe43c,1342,2,4,-4.411749534724178,0.3922353183720589,1.6505038532425962,0.3013827418442582,2.067627621265249
1348,train_images/62b4be2799ca.png,22777632f49d8aa940e6557956cb7ac15ae7baa5c101ffa34cdd75390bdd0fba,1348,0,0,4.02382221779267,0.6600566875721678,-0.708829743582583,-2.54689849547196,-1.4281506663103016
1355,train_images/64fedbf97473.png,b3aacb848b2f53bde1702087130b84bf5473a61568c61f19bc09c46e8adc46e7,1355,4,4,-3.6242793130660838,-2.966861674361781,2.791157922160551,0.7626671973799298,3.0373158678873584
1360,train_images/1844a039b4ea.png,6238fb4f598e30c7fb7048a80b4b574b3f94d0cae76fadcb493a70a6f42fbe96,1360,2,2,-4.615287154657155,0.745950116664062,2.4026661139797234,0.691732646864759,0.7749382771485969
1365,train_images/60edda7b4871.png,b57c493e42f062cbb38288863cb75a09d1ffc07810d6ef08cacadf32fc8e772c,1365,0,0,4.526484749401684,-0.30970378447413993,-1.5105439918653414,-1.7038347107492902,-1.002402262312922
1373,train_images/b55d2ddb3e75.png,4c2cef100ec0dd1ab124011471bb0c2777c59c28b0bf3ed888989e78fdb50b75,1373,4,3,-7.154368336151162,-2.1527131879363868,2.810720034204237,4.099097835581353,2.397263654301945
1374,train_images/a0445785e2f7.png,095aa01d00d4439cb28d2577e69850386f4aae68038e027d9670bba0944c3eec,1374,0,0,2.0012764354544426,0.19029899709201903,-0.589699977270286,-0.7799740710447439,-0.8219013842314403
1379,train_images/d81b6ed83bc2.png,206b13cd2572325caa6f82a6db483e53e3f293be527dda72675b5dcb64107ab2,1379,2,3,-3.927735873359682,-1.1783534838693788,1.4069676135959428,2.475447136268689,1.2236746073644211
1385,train_images/a62ea0043aa7.png,e1512c9f1cf1560520a8426bed1dfce36e64e539c08162ab14806244a0812f20,1385,2,2,-4.411976236521484,0.9493978607250632,1.3220040116887835,0.9130808504481304,1.227493513659489
1390,train_images/9de9421f17e3.png,4285a16f876b45d3c65e5df5609f551a1188a32cbf9812a59f9df088830da492,1390,0,0,3.6008278347368883,0.5208620447297009,-0.22796298524038555,-3.3369641953468103,-0.5567626988794023
1393,train_images/cd3fd04d72f5.png,206b13cd2572325caa6f82a6db483e53e3f293be527dda72675b5dcb64107ab2,1379,2,3,-3.927735873359682,-1.1783534838693788,1.4069676135959428,2.475447136268689,1.2236746073644211
1395,train_images/5d3c8c1f57da.png,b0b8dd929bd215d70eb85ee7c1089a87803f7a984f2cf1ed1172fc72170d9bcf,1395,0,0,2.3587050357404915,0.8633836143893328,-0.6229068619474096,-1.4318937961731353,-1.1672879920092873
1400,train_images/4f7755e74a9e.png,55604dc3edb5b7e7fafe3cc0ac4ecff2cc85aa858f6336807f4c6ad5fb3226a7,1400,1,1,-3.015347086825233,2.0573747050543214,1.4036377843146528,-0.5405746521493172,0.09490924960556205
1408,train_images/7831ce1d895e.png,edee9abcfca2599e2a695476db483aa8f75d44e51e21267a7a0331d1e85609c3,1408,0,0,3.815273177000699,0.7253629580573364,-0.8304032229057925,-2.598206727759896,-1.112026184392354
1416,train_images/e16af45285e5.png,c7961ba86f95d889dd06278e60d1a93e74ad834d8a5aad79b5c8a25c77c87110,1416,0,0,3.6306858970574356,0.35607379760831037,-0.8443625929176024,-2.198698570147766,-0.9436985316003839
1420,train_images/242fc19be06f.png,71ab062d375642c8777c4a4f5cc064da7f1233155f2d8aaf1f51261d51387864,1420,0,0,3.9996913100652565,1.2639238204933105,-0.6928933054758739,-2.7193412718369174,-1.8513805532457797
1427,train_images/4df6a81b476e.png,9e771f5302a2041bba3721ca33e9ce9c2bc97256e809073a4ebc9e3c78f2e8c2,1427,3,3,-3.379153140838944,-0.34334778296618884,1.7435585848850073,2.1337170281108038,-0.15477468919068846
1432,train_images/c40976189f22.png,af0dd38e519befd8e4c1f26618602575b6c45ae1dfbd1b0d28eae7cb90d74c80,1432,1,1,-1.0227390152402485,3.046724265372552,0.3908992065949859,-1.2981958448209894,-1.116688611906315
1434,train_images/7ec1ffe8220b.png,f08beb0893678eacdf3179fefb28f8142e93d5b16dcbfbf6e8f6a2fbe3f54cd6,1434,2,3,-4.642354534346242,-2.653434059030497,2.1513282885280454,3.6831413547901293,1.4613189500585522
1443,train_images/5445255635f0.png,348c1feee603677996c4495fc05b99baffd2b1b4f7ee7bd5da7243f3ec4555b1,1443,0,0,3.037072103778213,1.319470430049835,-0.6236858296947274,-2.3165261872710854,-1.416330516862249
1447,train_images/115e42dd6a81.png,20a5f6458317cae1836e7f68c296e1fbbcc4f3c6ea797d3a9a62ca3453756242,1447,2,3,-5.275474594957722,1.4470797174028898,1.487771118001762,2.0026586974912997,0.33796506206174937
1448,train_images/bd06028eb7dd.png,905bcba9f80e1ece69c0458bb0bdf5893be73971f10fe8517957a1d456390a8c,1448,0,0,3.813859696777124,0.9024481021322045,-0.5469782387036235,-2.5959727038766354,-1.5733568563290754
1451,train_images/b49b2fac2514.png,d3bc9cdb76429260ace935a0535dcee775d27a55f5c8e8a6b63ba3e2b63403e6,1451,4,2,-2.4404184019651085,0.8613303570347853,0.9489532480203857,-0.06234217291194499,0.6924769698218722
1459,train_images/79cbae28d8b2.png,56b1734b44300f173e572aa59046334cee245a806db38990f9f885cb6266aed0,1459,0,0,3.6818007440468734,0.7037110962703036,-0.5972779015494694,-2.450191095510433,-1.3380428432572815
1465,train_images/f9aa35187bf3.png,ba9b8d44a5c4af377e1e38ef57da330f876c7ffa384fcfca372e819dcdcba6de,1465,2,0,1.6260833190569286,1.0718187373998944,-0.1623818036469999,-1.7681224865355318,-0.7673977662742997
1469,train_images/a06b353e7bed.png,c86094aa9d3c89edbdf576547a5b58d48bf8b447d95e547167a812ed37720607,1469,0,0,4.333991691364366,0.5871839911037748,-1.8865475327874766,-1.6385338025131593,-1.3960943471675118
1474,train_images/cec299c2a2d5.png,2e22803136e84f9a23ab4990081ce552e3fbb73d0289b2375f82d32ccec273c9,1474,0,0,3.0664890366851623,0.48252625874127864,0.17401650365448426,-2.4264481380165845,-1.2965836610643502
1481,train_images/cc1eebed9276.png,ee1ef3b1d28296e347400f787eb5fa10a3711fedb7e6d13b4885c92ed1b8aa7e,1481,2,1,-2.5990353295570503,1.569674118256121,1.433754518836643,-0.3494155334302867,-0.05497777410544244
1490,train_images/c80b0f27541a.png,5a04cf4119a46f68f15bb94343190c8ae42fe59344180186a38c09faa68e4121,1490,0,0,2.626839386720982,0.5300395046234976,0.05456481811746483,-1.7887890219281166,-1.4226546875338355
1495,train_images/ceb601fe8dba.png,1ad63c0642b6d0fc7ff822cdfcc4b67b622993e8831eea416ea12d3972ffebe1,1495,2,2,-3.1199223603047552,0.3832516429882603,1.9268152793081894,0.4352991944555312,0.37455624355275996
1497,train_images/6253f23229b1.png,63f05cee7e8c7abcbd066e1417bbbe275ca69757ed2fd687c8a38461ec03769b,1085,3,3,-0.03987059216977973,0.052638266989275984,-0.27881713549944925,0.3446160152411807,-0.07856655456123146
1500,train_images/060e00d1e2ab.png,4c6bddc11f823bb88dfa6ff41d2208c788b3f7ab046831465ac73f04b7f12fe3,1500,0,0,4.52798763822907,0.67801237460631,-1.54983468216024,-1.462601866536331,-2.1935634641388178
1503,train_images/cac80797770f.png,ecc5a9f7522791e13c75275153b0271c2db80d8ac3e73e24207b588814ffe982,1503,2,3,-3.379287752956193,0.45607134198802224,0.9722736775993608,1.793862326631178,0.157080406737617
1508,train_images/499c8df39222.png,c142389623aebc08b6f9dd17acdcc10a6b1799dfcab78029b1f25d3135a643e1,1508,4,1,-4.990493271310349,1.7232070810227678,1.50665208670573,0.15203551607141363,1.6085985875104214
1509,train_images/54bbe3da103e.png,f9b264daf4c4dd8f57ded5b9a229c15c7bf3219143fd4f56a183691779a51e4d,1509,2,2,-3.9921950555337387,-0.8092806974555451,1.9543511170572563,1.3750872420922908,1.4720373938397158
1514,train_images/03ff7d159f10.png,587d1ac74d21d49aa8ae818c2a86eb4571cbb7708ee7ddfb83cf187dfba077f2,1514,2,2,-3.4677238314447796,1.1361367435754879,2.2352585268991896,-0.6467409074391733,0.7430694684092611
1516,train_images/ab88081e5654.png,c0bfd9ddb56c786221fcc511cbc9adfa2ccc01435edaa8c47489044dcf7971c2,1516,0,0,3.9665672728630152,0.5528433945831442,-1.834622401559502,-1.5708175060359033,-1.1139707598507609
1525,train_images/3f5b4c2948e8.png,e1a3e05bf865b1defffc0de47859ac1a35a24686eee6874c0de9be74bd3c8ad1,1525,2,2,0.3346610484641166,0.7628605393825724,0.7754411800006997,-1.6626681802995937,-0.21029458754780184
1533,train_images/2cf18033da31.png,b368268e565c6bead77c97d5ae55ee8429fc059805496d29256644994fc8b7c9,1533,0,0,4.67534614589338,0.6196073758035249,-1.3243849657372855,-1.7557739874798632,-2.214794568479767
1538,train_images/8d7bb0649a02.png,c074f9f47cb63bbe2520ddfd2e94faa53c842097e4b8925d20f4f845df76e94b,1538,2,3,-4.780741225915099,-0.6485959012165099,1.951455913439949,2.0681602818610667,1.4097209318305821
1544,train_images/5b994ff78547.png,2956b142924e8b08a19e17b1c4f004f0dfca9b96e283ad74e157347b6a88c7cc,1544,0,0,3.6669658395539204,-0.20798860059224256,-0.5538857305988829,-2.2457397316876095,-0.6593517766751904
1546,train_images/437900a99871.png,af21c98d24ea8cb472df19d1e03c86a4e3ba4d00394e7dbe5d21f72d4271363d,1546,2,3,-7.273854943834651,-0.6064102919208438,2.419582231443688,3.2929868208039452,2.167696183507846
1548,train_images/d9311f7497cb.png,342a848ccbf0d1ed0a05309c6e1c7274e8840cc73db585cbca53567b72defa2e,1548,2,2,-3.0008225427542587,1.407896213576708,2.0421498280120476,-0.027924719660892383,-0.4212987791736134
1554,train_images/55f7f018c61c.png,cb8b4fa4e1872ec8c3f9f3abfc811af862d73048c1e9872433729907141c8d14,1554,0,0,2.924154830039686,1.1418007113221018,-0.2585884088878338,-1.5431047913505767,-2.264262341123386
1558,train_images/eaa0dfbd5024.png,585a5edc6351401a6f240f326077e93521c6a394c7f99f9a24add145d7638fe8,1558,4,1,-1.2091536988578915,2.5232202547067053,0.20650307583256258,-1.876791490817788,0.3562218591363997
1568,train_images/8dba09a4e5ed.png,a14127138823212b734f721e1370241422986c51861ae4e6649183299353b122,1568,2,4,-3.643417421854465,-1.4368388941368564,1.7767763804344654,1.3229386555746885,1.9805412799821607
1570,train_images/a4012932e18d.png,c97335909a9b779764d450b413722ff94edee078b5926fa868a5bd75d866827b,1189,0,1,-0.4315935287939319,1.6838258465161426,0.056324632945131625,-0.7973536206092521,-0.511203330058105
1576,train_images/1509d097b69a.png,ddee0f52f7aefbe08916b627e2caaca3db978e89f6668c571152395b55b146e8,1576,0,0,3.4215747128978724,1.157297877239181,-0.49263985406559424,-2.651810332366922,-1.4344224037045414
1580,train_images/2a5a8b744f08.png,1e5321f241d734a9b41c743ed5323ee0b1f6066387ed187954cae533a4e2bb7e,1580,2,4,-2.732047959795853,0.6944872878976975,0.38928688922818566,0.19485518385544365,1.453418598814511
1588,train_images/358d2224de73.png,9f9410fb15c0f628dc0711278ae9801672ea72cfd596e166c7bbab94dfb8acff,1588,1,2,-2.671014463425904,0.7166991363125883,1.71251630862696,0.1007420948432236,0.14105692364312375
1594,train_images/b82dfa63a75f.png,8b4bd8eccff36971eea9798924742766140bfe1a18569288710156844d0133ee,1594,0,0,4.798364737932061,-0.14775343861838097,-1.8592639987994914,-1.5736107886511475,-1.2177365118630492
1602,train_images/52ddde91a349.png,bf3f16a9921c2657a7957728cd19202785e46a1e0d3bae5368ef24816c5cd34f,1602,0,0,3.9029432929523584,0.7930115917426046,-0.44885243186249063,-2.720029234992705,-1.5270732178397726
1606,train_images/1bea04b2bb2d.png,62df3dd5e5482d39d92c714b80ec4053d5abfe878725552480a9c5c76e858dd0,1606,2,2,-5.286826513920416,0.8051320849170508,3.4039496383910515,0.5921890838107776,0.4855557068015197
1613,train_images/4a4cb731f91a.png,a35c9e4b1fa28381ed7823adaf034266d7d49841dfb99a1a165a1053384546b9,1613,0,0,3.7615995448368906,-0.0813668502590168,-1.308408747154889,-1.0868443519891908,-1.2849795954338021
1618,train_images/b553e7909535.png,1d1f9df7f07b1e767ae2c88c5a00f102f11bedb0ce169c124d8128405d9368c9,1618,0,0,4.001162816926637,0.9528146628584342,-0.8978161422120516,-2.9467729986764843,-1.109388338896546
1623,train_images/b66f23ffa730.png,db4c3eac7b65f5ffd1429036e05bc4e3194a76c2c32108730dcf776ee4493e07,1623,0,0,4.305721815074651,0.6815495438312072,-0.8262781189681183,-2.6529720693452137,-1.5080211705925266
1628,train_images/13063d1bc4ea.png,a783c44f8533c85083a014ff209dbf7ce924c70e9c45bfd23567dedf6f2ef5cb,1628,2,4,-2.3828894873551163,-0.5842883728575077,1.1721658110336586,0.5858596617083743,1.2091523874705778
1632,train_images/89fc080f7e83.png,17a12755bd6e7921e599de3f84e583ce2c873fa4f89cf3f8169f702ed0b7f14e,1632,2,1,-1.019455541112306,1.4120510880529065,1.265529994489876,-1.6472495809734125,-0.010875960457077116
1640,train_images/f3a268d2726d.png,0751d408daf0d7dbc343b7c685cc516dd6791ea889bca7329862618824534b65,1640,2,3,-1.842198749323862,-1.2253931378787735,0.49650987617836595,1.6305174736945678,0.9405645373296938
1646,train_images/5173d54fc214.png,f314bbd9c88a5a6608571821d60bfa2456ab7b7daa67eb88082b890f4254853e,1646,2,2,-3.7545469956017024,-0.6456511321737306,2.2257342855006073,1.096548477071559,1.0779153652032538
1649,train_images/ac81fc200162.png,6b88988b5b6b905aae7bab714f783b41aa451ae9700d0e738a7bb91e64f8948d,1649,0,0,3.4226524035967243,0.6730760002263206,-0.23715896589895552,-2.1383316142514173,-1.7202378236726878
1650,train_images/2cacdb0dffae.png,fe7c23e123a1095965ad37929d00ae5fc9240d138efb1623a89ddd09b9764467,1650,0,0,4.490505636639639,0.8852752161708716,-0.9715301384102681,-2.567919892453269,-1.8363308219469776
1652,train_images/7adfb8fc0621.png,b30cd5f46a49ee967bc328293ebd230156434cba290d724e75acf6559bac7922,1652,0,0,4.491893493814614,0.8219073262716338,-1.063284102225726,-2.5018888872108027,-1.748627830649725
1658,train_images/87d46b1cc4e9.png,9f94a87d5fb71a088894e9ef30bb87721d006754b9d50fc337793c231db9ea03,1658,0,0,3.883678923752496,-0.37358950046921924,-1.3605772835453886,-1.7693621804701545,-0.38014995926773987
1661,train_images/65e6f1bd9875.png,8ee562a7e589284fa22e9639d5ffadb15451ea35cb23db01df0f6b5453898b53,1661,0,0,2.915742537228114,1.7072518426408196,-0.23649600728382963,-2.6981709378470033,-1.688327434738113
1667,train_images/35362d43e753.png,0a692b37356ee7e4c6d152c48db96aa38bf6bda8418f11eb484484e984387b6c,1667,0,0,3.284632131848683,0.7137407129162846,-0.3416341857990121,-3.1525685086688706,-0.5041701502970919
1674,train_images/91e8af9ceee9.png,7a3dc782b94b9a285ec04949d381b6ce0f45b8a5829ba053940f2b9e1b8f7ced,1674,2,2,-5.43241412245316,-0.08931563441623813,3.0600557502516863,0.5888904263204852,1.8727835802972104
1680,train_images/e724866f5084.png,d52604994a542eace7e39a32c3a853b7bb38e7a271585fdc5d44df9867997d81,1680,2,2,-5.319900181346426,-0.8298610381003968,2.529318854650558,1.9641979841808932,1.6562443806153606
1683,train_images/1c4d87baaffc.png,cb66e86c28ab48f1884c067226847b34c2849713a3ea380fd6a638fc2582523c,1683,2,1,-2.9104676066934285,2.023274860780597,1.253490982010258,0.500511366358169,-0.8668096024556127
1684,train_images/3f0d3629d69e.png,a40655cb7b073c0e4a1d01e3e7abd175a1b589bc69ef6f56462e6e36c0c0b1c4,1684,0,0,4.390229832536349,-0.16429579257268945,-1.4830007755006556,-1.3478223843003376,-1.3951108801626741
1693,train_images/98f7136d2e7a.png,b0d4d28b889d397baf01efe5d67e5ba4029ab302a719e62b525c4964fb940e7b,1693,2,4,-5.198150263561096,-1.4891750825746066,1.8949785947601987,1.5749589115218958,3.2173878398535978
1700,train_images/e3ec668f6fad.png,c33ba4bcd7e5aa05abebcf50083bf3584b8671f217954b4049a95d39196a382a,1700,4,4,-2.8406780134359186,-4.575153100364577,-0.054863418642993544,1.8367136646482929,5.63398086779519
1706,train_images/34acae864963.png,06d62feeef0fb80e80fc1a82650cd6035932a3d692762ab6a676fd1294ea51dc,1706,0,0,3.6807717888583302,0.3073859289908272,-0.9865007388625238,-1.3833398727931323,-1.6183171061935087
1712,train_images/9782c0489eca.png,e7a8bab98625c00d1cd6862881761bf050ae20d903186a9d76f00680a07eddd1,1712,1,1,-4.9794755633032235,1.6850784313683005,1.5240165220985664,0.9013669198276698,0.8690136900086691
1717,train_images/1fddd7c98fd2.png,1217509efb49901c946b3ea88d81d0c5031ac4d53130f0d29994e9937852e7e5,1717,0,0,3.1879339284802706,0.10506144944965895,-0.19524836827390085,-2.0465900550937466,-1.051156954562293
1719,train_images/a7b03e58a6e1.png,2f3c05a967de252357cd5e3abf8350415244b6cafcb1f6bfc8d06638bc1be6ed,1719,0,0,5.048934168656001,1.214126009103544,-1.3144844029328535,-3.4214710465970204,-1.5271047282296748
1725,train_images/cd29c88c9e36.png,a63e1b73fa049faccb5aa95dca607c72a0a2c839198396f74fd78a9ee83a1b56,1725,2,4,-3.4193229866754615,-0.37935105968922267,1.8227551482394135,-0.01092732378832495,1.986846221913582
1730,train_images/6fb656d506b2.png,348aa93fe38489988e10693794494be979a8362ffcc29115f077d4fab296a69d,1730,3,3,-4.128525969145315,-0.944135884425604,1.622421358477832,2.072405752971454,1.3778347421216215
1731,train_images/6c250a30593b.png,ea393847d55129f05e357a13d7e5f9b2be29fb68bfc03a68f28ba20f7cf50aae,1731,4,4,-2.2187305410705,1.0080509813786467,-0.6194061136378013,-0.5925004935039128,2.4225861668335544
1737,train_images/5056fa7d505f.png,1bf0f9bfc85ef75b1700601562700fcbb70c31ebb9f534abaa4395f66af2d5df,1737,0,0,3.0920612717533027,1.8223223731496412,-0.6915717318453751,-2.213932984029193,-2.008878929028385
1740,train_images/2967e578939f.png,c902d99fc78bfae5a0c2b2392e398db2b86e7558cec9793449b5decfe951223f,1740,2,4,-2.830465000631315,-0.5126567150903409,1.073252155445844,0.8945330208294199,1.3753365394463766
1742,train_images/d1fa0f744620.png,70cca9973c460a05538c62dcb647d501096fed02faeeea88bfca80f371ca6833,1742,0,0,3.993737385127252,0.4455410293308669,-1.323730578678449,-1.5356572107554938,-1.5798906250241858
1750,train_images/f9e1c439d4c8.png,fc12c65aa6207bd74cffe19726cc3ee11d371f54e3bf019919df3b96d99694bc,1013,0,1,1.0151113231251931,3.722362444442052,-0.3541816531166992,-3.5213530599637766,-0.8619390544867827
1751,train_images/10bf25731c08.png,2ad1483dfdfb4a2b81609f8a152083b9e18b1dc8c87dec39bc91606312ee5036,1751,0,0,4.466083861453936,0.5045358203796652,-1.0963056021176847,-2.416719265372408,-1.4575948143435147
1758,train_images/44271f3cb18f.png,589cdb815099923709c97513f085192426bfc6e9d16e0f8e6d89cd069da6783c,1758,0,0,3.9796708944608414,0.8787345652048627,-1.7234592426267237,-1.9843464021336783,-1.1505998149053083
1762,train_images/8433a032b96c.png,29f109f7e377e5c448e8593b84cb90c16f5fd024de502d8bc78f64aea303ade5,1762,0,0,3.843601191439531,0.0973020177944045,-1.2680786067648748,-1.2702875516543015,-1.4025370508147676
1768,train_images/1943983492e5.png,4764fda95dd80c6dfeda1e5f9b3ea17492f6150fc9c65f637e5cfee1f1d5b48a,1768,2,4,-4.251742807924552,-0.10559002865359068,2.244135777307277,-0.4341873251084576,2.5473843843793103
1772,train_images/4e85aa647534.png,0a17efb48ec15f1f2e0a897e88cb724544019fde0cc8a787761bf18fccc33e83,1772,0,0,4.801109679013428,0.12604858506250882,-1.4583084103609134,-1.9508482610299938,-1.5180015926850392
1775,train_images/306c841af3fc.png,19e3abafcd91c8cd0cbce7526e2010a5d8a7587f3945f7a9f950ef8163a962da,1775,0,0,4.629435381913783,0.3716850349886771,-0.9331339608202218,-2.5168091923824383,-1.551177263699807
1783,train_images/e868c3da340b.png,181b2a618f48aeeddd42ea21713bb92ea2290da627ac3c0b569b4b276d12ff22,1783,2,4,-3.7681410936418263,-0.9931012091214844,1.4335225535738774,-0.05618270291313798,3.3839024521025536
1787,train_images/3580a545016d.png,0536c5915a3c9feeb2deb3933c0e6db18efe839c383412d04d7f9fa1aade5d78,1787,0,0,4.6967386645234,0.8192459140649103,-1.1102123394012902,-3.2729335110692133,-1.1328387281178094
1793,train_images/0c917c372572.png,64cf08685797edf0d75b5f511d6389dc16012146bb9755ed97ee9066d9d1e824,1793,3,4,-6.48310126918852,-1.3479380136473513,1.9770389170035623,2.8153080560521517,3.0386923097801386
1801,train_images/b95d4dd8e5e2.png,2351dec02e436e7050c99fb7477bcd0739852f51b5071eb154dec53f3e224fb6,1801,2,2,-6.142363403825581,-0.9664997039967802,3.5294414300688044,1.4477700458837486,2.131651631869793
1806,train_images/3f82631e9080.png,0f3b86e6d81647f364b84b54fe54871ea7a0c55fdeed11405da479dd36edc59f,1806,0,0,3.502910386118852,-0.3509266510800696,-1.369938517937999,-1.5286601579140706,-0.2533850591867222
1813,train_images/da44f80b422b.png,3a4a2bc05108d12ac4f0af89955c77f4c8ce31c5e8eeb42adac75d06dddda176,1813,2,2,-4.995268031502379,-0.8834511220970698,2.6604573691248956,1.6553449966861544,1.562916787788387
1820,train_images/09934421c79e.png,7c9cb44dedffa930d0725d603249a5b2169cc09d1b0af9c31dd152eaeb4da9ad,1820,0,0,5.52145604003468,-0.05312714462501311,-1.9188496330255327,-2.426440869778958,-1.1230383926051866
1823,train_images/2eba4279e503.png,76b8fe1de1f1f093942528418830e766c2cb71e69a5ddf553b05ad561fbacf57,1823,0,0,2.332534365264749,0.14304336366031423,-0.6378899096513231,-2.0205264751441776,0.18283865587042833
1829,train_images/709784f7fcc2.png,029c23fce34b9216852b2835e96e51fd9da47d9185f4750d7556381f2d401337,1829,2,4,-4.6070983289348995,-0.3589722239583244,1.8372715411634521,1.1983637838696688,1.930435227860094
1834,train_images/2a2a6435f7f3.png,b198115d30e24849d19156fcc1c48947d03dcfe03593ea906178a7f04cab188c,1834,0,0,4.534800356837608,1.0113841796211167,-0.8230695131823194,-3.2095529044064244,-1.513562118869987
1835,train_images/1e8c31e29dd3.png,05c92f4bc96fd65771975f8ca9202b934ca31fc81cd9e2859b9d4b7126ceef02,1835,0,0,3.9445239352146304,0.8407107805799496,-0.3649883964688853,-2.6847209366943723,-1.7355253826313273
1841,train_images/fc4d69128e7c.png,72aa70a9294f06deefc5628d048fbffa2d713357d190e28d0780ab8f41035a94,1841,2,2,-3.0509912413711273,-0.9688259190943607,1.8164215078843555,1.6899378105696625,0.5134578420114562
1846,train_images/c755a0c4edcc.png,779a5f16180ae04773af2f3b3ccb47675b191fbc348e2e002582a3ec9a253583,1846,0,0,4.170041328725858,-0.20368424916253247,-1.2987274739392458,-1.0223451761035343,-1.645284429520549
1854,train_images/58ccba7eec9c.png,b47e1ee76ce6d7d03bbc5bb35e0bb699df6dc436f7f8a7f44bdb3a9d25601c17,1854,1,1,-4.373722289697568,1.858484564590819,1.6951828509956515,-0.24047537706527644,1.0605302511763544
1863,train_images/188219f2d9c6.png,68abddbb566eb6a25b1a1dc6b40b25439d982daab6026263d2eaa655c96b2085,1863,0,0,4.505797228672475,-0.3686664385441234,-0.7480220965121633,-1.8019969970721181,-1.5871116965440757
1868,train_images/8bad12d70368.png,dbcc5e75430a8ade9480fddf097bbbb8980b6210cb20232bb28a4a2cbd758a4d,1868,4,4,-1.647867453691401,0.2655796582086637,0.45691235404964275,0.15407843190863868,0.7712970095244469
1872,train_images/165cd2070ebd.png,8cda0c372d4912aca2e76a7bab41e3fb306663f8650cbe03ef8378dbcb769bcf,1872,4,2,-6.32121026870404,-1.722822178530715,3.0140283656069498,2.4490509615542684,2.5809531200735214
1877,train_images/e9f82b5bbaf4.png,e6bb54b34576ed057a308ce8d54db045c2252086acc8efc748c3b2a4cb8fedfb,1877,2,3,-3.9175057316813384,0.7110352389428466,1.4096667051874021,1.5634585976718918,0.23334518987918348
1879,train_images/555d0bef3c5b.png,a91bc505c18ed7ffad52d3bebcbd5ab67b01605a066d9466724f2d3097655f23,1879,0,0,4.096782845519194,0.5396423865143858,-0.7384966782516584,-2.434341425445244,-1.4635871283366844
1887,train_images/8e67f2d7e0ee.png,a87a5c8e678e4f334e3ce27835372ffebeaa846fe5a803b6cc59f8cd2ac5d8ea,1887,0,0,4.695229076363477,0.9401187194810237,-1.0787952307308433,-2.8584149926914715,-1.6981375724221939
1891,train_images/fa59221cf464.png,534967cc24793275d28e02f1cf9dea9f81da2af670883b21a7c149212d1f1d6c,1891,4,4,-3.3793238295266255,-1.3557398733587525,-0.763942934861336,1.6059498329072999,3.8930568048394023
1892,train_images/1601c939412f.png,337a06126e44eacc3296519cd83f666b6c37adc7ff9a48bd2c5ad1690a5b293e,1892,0,0,3.7570092384677207,0.31769429389248527,-0.8607363762283571,-2.0780374957558454,-1.135929660376009
1898,train_images/61da799bf0aa.png,1e26c0af8d9edfd1e880519fdbcf16d3883d790e126028e0c267112877dfbc90,1898,0,1,1.5610928978681056,1.8549475224235032,0.4004140066969594,-1.3799247602876692,-2.4365296667009146
1906,train_images/63b71347e95d.png,e9f8894fea119a9a734b0cc3ad49bf5cfe7ff4269b60f4a1728e0f2aee3bcfc0,1906,0,0,3.7561160703064496,0.6661824561060263,-0.9539595182930285,-1.8844712623460844,-1.5838677457733694
1907,train_images/e04f3c6619a3.png,2d153379f2e0af5f51c172a460678ad90f7c6ac3c9fc22c482855b4568793e99,1907,0,0,4.462282553159704,1.0349329739178204,-0.7558234763282354,-3.250422193883162,-1.4909698568661327
1913,train_images/8ead17dfb6a6.png,dc83e663a4762d1f954c21438180a2563edcc8061585b2c2aa0d617ef0a5e8cd,1913,0,0,4.000750426336824,0.23226042351249776,-1.4022513215386239,-1.4353453405757095,-1.3954141877349941
1918,train_images/9e2ba2b979f1.png,cd8bafe23175b0f5df809400169000109e98cea55fc3a2a844e72c62ebc29b5e,1918,0,0,5.3440753470228985,-0.5229886583634389,-1.6025446141540738,-1.6553628412900618,-1.563179233215333
1922,train_images/a150ff5dfe07.png,41b71180563b272eabe4b46d9e518587e8f8e801a9734627306bb9418dff7d73,1922,2,3,-5.1926762670746065,-1.473663034754487,1.6600326208938623,3.050122453559116,1.9561842273761054
1929,train_images/d9bbdc33db83.png,b6c624260f92b7101b7bb8e7689ab13b8076c936de8baf2b76c3731a281885f7,1929,2,3,-5.054826181615338,-0.5470680826781487,2.0478485899004504,2.5033431602024767,1.0507025141905395
1939,train_images/2994f17f58a5.png,91691eb24c7bdf2a9a84be902b8a6b86880f6d09223554e83ab111eb49e3e725,1939,1,1,-4.6144941434456115,1.8162426250100088,1.1455858662485463,0.3187564769893857,1.333909175197649
1942,train_images/28dc010a0780.png,fbbe3a196ec19fa9c3806cdd3fff59c456827fd0d3ade97d82e96dd323e52a43,1942,0,0,4.203604754638292,0.9616538129528523,-0.892493003360161,-2.9216249913856704,-1.3511405728453214
1949,train_images/e7a7187066ad.png,50030ec7d40919ba8ae7ecf7cc145950f1cea65f54da0ed9630dfd3b31c9a026,1949,2,2,-1.8826544750411716,1.0976112538379499,1.7671950979105377,-0.6548247252380314,-0.3273271514692957
1954,train_images/01b3aed3ed4c.png,64b5e7d2dfc6c512e0b2bd6693a3d355e8a2134513bfa5cb2de2c0d4b046836b,1954,1,1,-1.4521683895210078,2.303908286725779,0.4749900999701794,-0.9396022521469423,-0.38712774502801905
1959,train_images/9a78c6a7b1c2.png,581f45f1a41466790496ec2f30913f81bc87f243ff4ff0975f81262d97508a4e,1959,2,1,-2.390263328766366,1.0842338213564058,0.7326903503155703,0.4314582915089765,0.14188086558540428
1968,train_images/14ee87d6cc42.png,0ece20f58424747e1e779649ddafe146a6d7cd42527e717d92cd21f07a4d30e0,1968,2,1,0.7172634090399388,2.302035651815559,-0.18329829929482871,-1.7559907610251426,-1.0800100005355375
1970,train_images/b9d0b83d70c3.png,e8aca1b357f054a2ba32d35e34a73c6ffed8e2812b722c3a9b93bf91aab50a70,1970,0,0,4.331240901538913,0.6566528654419426,-0.9111102644550764,-2.217053705295896,-1.8597297972298903
1973,train_images/64c6c6ee0d98.png,d51bdd0a5ac09a60c5a33c2abe5b6244ef23bce933c559128d6f8943cf01ce8b,1973,0,0,4.278770212916024,1.2968017298657688,-0.636574471373037,-2.573058084789383,-2.3659393866193854
1974,train_images/4a0bba3b7d83.png,6d014f94e908f161aa21875d8287d2bff463775990cc4fda290ef7fad7b11a0b,1974,2,2,-5.620260098848508,0.6499885334277173,2.6029981910741866,0.7527216216912181,1.6145517526553637
1979,train_images/6cffc6c6851a.png,4015b44830efa83962d6686cb182ef90a98a2bac5b651d7b3bcbb4b1961d39bd,1979,0,0,2.99991968203221,-0.33599806161638024,-0.8558147739773001,-0.8349609056205,-0.9731459408180373
1984,train_images/af6a1508cd95.png,20934d44034f6012a2755775dbecd5945511d1022d056048ce3381277a049101,1984,0,1,1.612779555839407,1.7021969173447062,0.8411801432790453,-2.771068567065212,-1.3850880493979552
1990,train_images/3128eb593012.png,3b4efe4849bd041d34c7cbb3c201e269e9936b0253d17d645d7e4aa173411a53,1990,2,2,-1.642403082428445,0.4385625363945961,1.4673163674531713,-0.4532798424617191,0.18980402104237284
1994,train_images/e81f4a2fbbdc.png,b2ffb1a1754fc9c032ac8bc2e4d1b44fcd8ccf8a87ea9fcdeb1b8f5483682b22,1994,0,0,2.633466940770545,1.3269432702607935,0.26101297658088213,-2.7502349009716136,-1.4711882866406172
2001,train_images/c365c598ad4e.png,b9f65a9b0837db783ef9960418f5025b191300c87f762f09ca5dfe7919ae5132,2001,0,0,4.6922516027081205,0.7898568903648374,-1.2239212327069746,-2.455282922982972,-1.8029043373830187
2009,train_images/8a482c024fc2.png,fe9e08ec803d43b3e7e47101d67cc08d98b4ae0b846012a8b5dabbdb1596657e,2009,0,0,3.283834405985951,1.0115212079357891,-0.3957676809158001,-2.6757496636364677,-1.2238382693694814
2014,train_images/03fd50da928d.png,beec33224512261e01abf218a6df1b4355f6aa9238239f78db1162791425a91f,2014,2,4,-2.420353063811417,-1.1529666593970225,0.29045403396208125,1.2854592976859562,1.9974063915603932
2018,train_images/45e4b7eada54.png,16e8576462425bf84c4487cd4e074c877109c2433d4a989e0dcaefe3fd18b371,2018,1,1,-0.31589276816313067,3.421293482211981,-0.22808813245793141,-1.7838853523592424,-1.09342722923169
2026,train_images/3c311c9109b0.png,e435a26843e070be0eaf589a2b03b932e72e247709b31b364137472308fd8598,2026,2,3,-4.6641734270029875,1.2352417391912924,0.6643622045165414,1.879499717613216,0.8850697656819215
2033,train_images/edceb0657d77.png,af61e25d5c4121ff1a78b699d0151eca50fff79961ea46bf3bd540714a210dd4,2033,0,0,5.175372844684607,0.09884376007337115,-1.5395209358672401,-1.6502770115005938,-2.0844186573901498
2036,train_images/c3acf47700ea.png,1fa95f744df279c0ecbb926ab92f84673e92847e4ca87e1184da1d2ba2d83856,2036,2,3,-4.9337264662191895,-0.9060728676040812,2.156624758063013,2.511066870530559,1.1721077052296835
2037,train_images/8dafa62f9322.png,d523ef4b9f0db020dc242336b470cf9e3a5b6437af8503ef0d5379b78670c7ab,2037,0,0,3.4715151876791244,0.8704851936056959,-0.5917348026352305,-2.674614989787647,-1.0756505888619494
2042,train_images/e7291472109b.png,158b5395c1d35c76d2fce8c4fc158c714857963f1adaf4017e91c5ffa8a56874,2042,0,0,4.219540574239711,0.7929905803385228,-0.5858831975066303,-2.6957046732509324,-1.7309432838206757
2050,train_images/6d9effbcde78.png,51b080a7ab6850de94af1163fe3774a4cf71e1884fe4e677b0551f3e5d85dc92,2050,0,0,3.3758060730512587,1.206030875554369,-0.621225531345708,-3.602440793394956,-0.3581706238649709
2054,train_images/7335a2d43ada.png,377833ccb88f1c90597a22766da4c8b549a139b2d6c31c1bf999e19c743f0900,2054,1,2,-3.47278820620224,0.20337971929807253,1.174450597851985,1.16558410824214,0.9293737808100326
2058,train_images/36a1e3c780a0.png,44d7a80b4132446d47264938c664cf52a2b5fcebf42af5d86a5c87889f4eb03a,2058,2,3,-3.672102060063582,1.0644252162126882,0.9858368473621137,1.5019226451580452,0.11991735133072132
2068,train_images/f3a4751af42e.png,b9833f073ea7b0e036f32497d0117c4deb510f6920791a9182295a8f07b5ec9a,2068,0,0,2.7298570625982115,1.1892638230606374,-0.15225382175218044,-2.47237417439329,-1.2944928895133843
2072,train_images/3f73c91b7e32.png,83a68ad4ce8f02e60a27a16943ea5a01700d1f4d8fff2c6881178b964bf5108b,2072,1,1,-1.6662308056078874,2.162088194562703,0.11881248545599396,-0.9687515621953785,0.35408168778455096
2077,train_images/d3d578fe433f.png,9c5b15dfaf4fa8563664bd11aa5af7ece136e052163effd9e96349e984896002,2077,2,2,-0.45872622969382376,0.4844152936095633,1.2332535191345224,-1.3675721523344673,0.10862956928419101
2086,train_images/e34fa07bd64d.png,cd187e712d4e44117c967daaab6b9d1627c630f3b2f97b701e17a4196d69e06a,2086,2,3,-6.7621419436142,-1.3102572691967458,2.1357035029064866,3.450495510774409,2.4862001991300353
2089,train_images/064af6592ba6.png,f2cd200eab2a16c2f29bce2824f2a5bd544d0fe00a88f4de088807639d397efb,2089,2,2,-2.0513777775379425,1.0289100782127185,2.3734628840650362,-1.716222378267315,0.3652271935274878
2091,train_images/9ac2e3e9fca5.png,3881011e5e114b7a2deff69022365506dabf4afbe0758fbdefd9a1ab7e9f2689,2091,0,0,3.670449345353453,0.8960009792025463,-0.7310685044159995,-2.434294955750164,-1.401086864389843
2095,train_images/eabc7c716255.png,9e47b9b6d99c49c629c25369f661b33b07d4333c905360452d81b08257ac47bd,2095,0,0,2.758062116401383,0.8861152724087761,-0.3648007493854791,-2.6281448539834904,-0.6512317854411963
2102,train_images/d264396d8d1a.png,35e12fdd862888f55f6cdfe759bc164dd371ef3bc1842f0a4695ac178287757f,2102,2,3,-6.075745901783744,0.8905470031344683,1.1209449165682892,2.357573035415815,1.7066809466651534
2109,train_images/3b5dffe159b6.png,bb61948f599edcc7b07b71b0c132b844a6349296a1fb64ec56ed4a540581ff3b,2109,0,0,2.6762449109423683,0.7484270727360808,-0.3237658198207822,-2.1899526760132115,-0.910953487844463
2114,train_images/57a710de68a4.png,b3be46189ba69a2c3adb23508a4e0164828138f06f7b4ee4e0db7261669ee895,2114,0,0,3.9442356309821185,0.8613043033435316,-0.37360267259975405,-2.599891629247949,-1.832045632477953
2118,train_images/7f0ffeb0a333.png,376ee248d5def66348f4c31a12730afd0328bea4457836423a7e88a6e9d7bd5d,2118,0,0,4.4316530560754,0.3463746271300693,-0.5834691289036433,-3.068209667589048,-1.1263488867127858
2126,train_images/ed88faaa325a.png,6138c2096b73b3c6069bb3dd4d441568ddafed07c0442ca53a3e71a25c7e78a4,2126,2,2,-1.6436641408922108,1.2038773670586993,1.9317975893777033,-1.9079355557267594,0.4159247401825483
2131,train_images/8e76054f0831.png,6dc2669552a69655f24350ed7667e799a4ba288750a56cfdb6a039faf2357d85,2131,0,0,4.172075630354043,1.090023528167642,-0.7411794820213273,-2.8586747946111832,-1.662244881889178
2137,train_images/8329e80c10ac.png,22fbfe29087ca4d07232038427f9cdef29417040af999fb5b7b156811274dd58,2137,0,0,4.0228407699663045,1.1348375581053758,-0.3489888747652176,-3.2586002136019254,-1.5500892397045418
2140,train_images/217dad18a5ed.png,50632503d4f27305af8eeba3c477af752d883b649fcd725274b0f7cd8161768f,2140,2,3,-5.007235274427967,-2.173853993148169,2.4614436120390395,2.469612731740583,2.2500329237965033
2145,train_images/2376e5415458.png,b915306c6f1644cb80e11b58c039e006482cd65046e970c66792c980c7f7d29c,2145,2,2,0.2018827025835929,0.3650633156572926,0.7487761487699927,-0.7534839683980297,-0.5622381986128534
2157,train_images/ad312ca98202.png,7c254d84e69d48defae066fa9523af7f8dfbf585775b4a930d92a941c1270b49,2157,0,0,3.6023839328842207,0.289352888719828,-0.9314058946045818,-1.8846155672224278,-1.0757153597770435
2162,train_images/6fbaaf8eb67a.png,cd06913d54ae6c1f03531172f56cb38d29b8bb369d03f6ae1fdcf1f813934273,2162,0,0,2.6743027533344614,0.8508262278944758,-0.6946918203209222,-2.0242242854480637,-0.806212875459959
2167,train_images/56e56aa08362.png,9b8634234bea65394926f3cef814b700064ed8e41745af4f516633b973fd0318,2167,2,2,-3.4100775572391484,0.3439484149934827,2.6956289876121655,0.040251042977136,0.33024911165635107
2171,train_images/31cb39681f6a.png,6720ed23eb04f4efb7449d6f3e08a52edffb04bfe7493aa3696a291334110469,2171,1,1,-0.20115278127646824,2.032929904605566,0.9488550766028376,-2.0414030662556812,-0.7392291336762659
2178,train_images/e12b67835e03.png,c0bb0805bdd6e18808d782623cb729f23f30422a5d94ed647d1177cff0f0bdbb,2178,2,0,0.8433457406087874,-1.3168923688082648,0.3865001762333698,-0.3128016528249502,0.39984810479105615
2181,train_images/6e92b1c5ac8e.png,07086880d7671ed61012937727224700294593d3a449a03569a63016289afd49,1247,3,2,-3.6731784501048668,-0.6887625053452666,1.7799674972234767,1.6358426453391886,0.9461308128874575
2183,train_images/349f3c0ac83e.png,e862c1500d0ac66b6fe3423e817b978984b90dedf471855c0f7b667e6fd5710c,2183,2,2,-2.731009719645128,-0.6761493730072947,2.9870696065660023,0.7783192725507063,-0.3582297864643025
2186,train_images/c96f743915b5.png,a369500c4bd1379fcbe5b577b3764191823e71e0e3f887ef7511e40ae1831108,2186,1,1,-4.103695761323591,2.32907742485415,1.2651323467053457,-0.5249486492932918,1.0344346390573638
2192,train_images/e7578d8dba72.png,ee6f1dbf212664e5a444283aee22a0c05cf2aa7d59f731fe54869ce2a58c965b,2192,0,0,5.250300441689252,0.09308613653426556,-1.4258646203591447,-1.910327413706002,-2.007194544158377
2194,train_images/6e44f6d04fc9.png,52197583d1aa419f22f2d87e8aaf8802b325e4092571e7a64fc3cd345c6ca53a,2194,0,0,4.13129843431863,0.6917877833936017,-0.7983961322243458,-2.499825627822063,-1.5248644576658261
2199,train_images/9568eb7e9c08.png,d99a21d2b4a565d8f293da1f70223e1f378879d61b591c16e60d9e8914bbb445,2199,2,2,-1.10474079154642,-0.36186598708890627,1.6731558494532153,-0.3671973388126105,0.16064826799471008
2205,train_images/a49b0b4484ea.png,40b7f629b5fa47aea8d713515d7d0ad3fec9a856e22e45a12c0a18bd2750ac6a,2205,2,2,0.046158809491932906,-0.13910472355599357,0.4529961829629192,-0.3681010752586985,0.008050806359833323
2208,train_images/a9e3d186cd1b.png,3128b80a5a7b323fdf2548da2fa2854c74069e725ec142fdf8e222ce8a5d5068,2208,0,0,3.819978537567556,0.25707004843154796,-1.0716829727025894,-1.267720401778566,-1.7376452115179537
2220,train_images/9ed6c2b25767.png,5ef93ba1b77f0e1f18f09ce94de703b4cc3ada644297de44574f6fac09a76afc,2220,0,0,2.9246919394633615,1.6075869548652326,-0.7873768509497769,-2.6179087121584157,-1.1269933312204066
2224,train_images/191348830ddf.png,1a0556058123c6e33d9af05d5a893347df64e0fb2fab6487d7c8ff8d23c68021,2224,2,1,-0.6131129279828866,0.4792707474305951,0.2701199750096304,0.1698286779429562,-0.30610647240030453
2225,train_images/da949aa67a4f.png,2ce4a5765f8d9c6573913b6324e90e0733f43b80bf0bc377e8ca017123e799cd,2225,0,0,1.9891308053858234,0.2310690854620705,-0.3239407584673584,-0.5681005295544657,-1.3281586028260794
2226,train_images/aafb0c944f14.png,2418d26dbc95b17ee87f5bfc0a02c240e80e6555dccae0157aa8bf106cf2140a,2226,0,0,4.700143513099625,1.226262825172184,-0.5555019428989478,-3.6903021216537883,-1.6806022737190798
2238,train_images/ecad6845f630.png,a742c29da9862837f98689b0766411a79626cdbe656b0877a6f595a213264bee,2238,0,0,5.263010540217473,-0.2827129722488002,-1.17451005858599,-2.805054298381601,-1.0007332110010878
2242,train_images/054b1b305160.png,e3f0e36ffc4ce1aa8fe51c6f5da11fdaa0168026a3d0727e518ba83be674485d,2242,0,0,2.3155744485811214,1.2173962922195232,-0.3863742578026796,-2.5256790881875624,-0.6209173948104104
2246,train_images/72606afaf3da.png,e4c8fcb73dfefe34d7682b6e7b64d8088b34602f34f80daccd0bdd813d5bc7ff,2246,0,0,5.001089879061521,0.022328729179399875,-1.8943452626421258,-1.6377836208671446,-1.4912897247316552
2250,train_images/75238d945315.png,c2b1e3fd648ab57e5acf77eb6104efda35d8f0ee70fb4141087c8cf12c608111,2250,0,0,3.7119452679674523,0.9327402847136942,-0.5349024223196568,-2.4072045448976738,-1.7025785854638227
2260,train_images/5347b4c8e9b3.png,ba02f4b5afbb7cb5b32dc8ce570ae28639911db27f93057a106a86e35f71102a,2260,1,1,-3.082862555635791,1.941409287160625,1.0982280472940282,0.0527344922089269,-0.009509271027799054
2262,train_images/4e43d05cc2ef.png,34d09fceb9ef8f2320f60f074bdde7ee040c7e937d9de27067aef454b1d1d729,2262,2,2,-6.178606199781127,1.4417066445059739,2.608676485230512,1.2672062107487077,0.8610168592959193
2270,train_images/e69b48516577.png,644bf3410b1c427c396262bc9b644cbf35ae3cb8804325b896d8c429d9ca974c,2270,0,0,3.598194146256509,0.9402432799374378,0.14712255625928983,-2.6501624298519397,-2.0353975526013084
2271,train_images/ca2b54b95ade.png,4cf449f9e9f7a238d0ec814efacd2a855b203241da1278b18d2b9adec93c7c22,2271,0,0,3.1335686426924934,-0.13985265144101788,0.1630352785873173,-3.2406713628390507,0.08392009300024925
2274,train_images/2974c6ad1d58.png,e57746139045bda6beecdb616d55a8d7e4615b3947f0ba839195124ed495905f,2274,0,0,3.9833700346993743,0.8959103385118865,-0.620094074996246,-2.731826066436896,-1.527360231778122
2279,train_images/d99dd99be001.png,44a7812f439c235140a17bc573ba8efd622ab9e5aced5333f9935cfeadb40205,2279,0,0,3.29314326406915,0.5097826053531778,-0.2025868657441044,-2.218272809434675,-1.3820661942435524
2287,train_images/e0b5a982a018.png,0c127fbe684ece2517b408898e9c83b797fa7cfbcc8f741e64d5709d798552d6,2287,3,4,-4.173542374089974,-0.6562494187559551,1.001549917331753,0.2329117331915046,3.595330142322656
2293,train_images/5c6194562ed2.png,2067af50829ed9c3adf9ea020318dc7fd250f705e97d70f73eeb2b3e48ee91a1,2293,2,1,-0.7259848134636466,1.6371747282529276,1.2601687809635915,-1.8578308418612717,-0.313527853891614
2299,train_images/66393d8c60ba.png,99c229b323181ce20ad6fd890ed7ad791b25ebfc107bb2bb26dba8035ba954bd,2299,0,0,3.903839423438202,0.6383614342262273,-0.4389079862650542,-2.680039677525165,-1.423253193874215
2301,train_images/e740af6ac6ea.png,b0d4d28b889d397baf01efe5d67e5ba4029ab302a719e62b525c4964fb940e7b,1693,4,4,-5.198150263561096,-1.4891750825746066,1.8949785947601987,1.5749589115218958,3.2173878398535978
2308,train_images/0161338f53cc.png,e00a95f1bd202fe395d509b23c635c75e87f0d66f5b7610149c92ba3e030ccb3,2308,2,2,-3.4408999766832724,-0.1222678572614182,1.8744138261863277,0.6296575583508109,1.059096449407543
2313,train_images/253e96488cfb.png,8893dc9a7d66cba45d9fb4c7e24edb0b77a97a08a236b600a46962a7b9be6094,2313,0,1,1.3584937583332235,3.6279917838978033,-0.0371448633950065,-3.091365410264692,-1.857975268571343
2317,train_images/b0f8613305a3.png,6112c78e9666203e3459d5d5c17c2d7e7958b016a48443e3344e2f5720faeaa4,2317,0,1,0.08228351414614081,2.531811343006554,0.31681127027641465,-1.9862262794054701,-0.9446798480236549
2323,train_images/38f1901f214a.png,c398c80291d7bd9c1d47f92e601e4dc36659770906399a5e69970598cd2c9ce1,2323,0,0,4.871003017765659,0.2764708441314948,-0.34479873353628515,-2.6485481125854067,-2.1541270157754724
2326,train_images/b4f41b5bf0ef.png,0459cb5ddf97700352f878428a2db72b8688464997dfbcc50a3c32b717a568c8,2326,1,1,-2.021642211128046,2.1608081639011605,0.9412240774361775,-0.6869197777738592,-0.3934702524354483
2328,train_images/7da558d92100.png,3e91d1396387fc6daadb26fba6fe1ec3eae55493b9572f61e313f085a737279f,2328,0,0,4.250022228559236,0.3255462748604226,-1.109959225126268,-1.9320143388779658,-1.5335949394154305
2329,train_images/84b472c49cfa.png,6632239cb855a2dfdcc71ded22392cc4616ad8bb4aa67d04ddf9780e20370698,2329,0,0,3.639383270258825,1.4032155507891146,-0.6713184032440063,-2.8733127603041804,-1.4979676574997585
2340,train_images/913490237ad4.png,18d2c77ca700ee2e1ba1b5dfe0cb9585b11aea3cf830407c2ba986e9305ab59a,2340,3,3,-2.5976429446434435,-1.3105832836662612,1.300484548183799,1.8001690721840147,0.8075726079418886
2348,train_images/3b10191dfd25.png,529f064fe0a3d63afa871276082feced4734775a8c0414a0eed92d7966f02e82,2348,0,0,2.1642843121385567,1.921466760396458,-0.15872748324127212,-2.3954645656403013,-1.53155902365345
2353,train_images/5cf9127f251a.png,879a7cabae45ec1b4827e77ca6edc92e75f0228d3498ad3255118fa1c6e14698,2353,2,2,-2.500344266293775,0.8512209315151766,2.2632486411055277,0.4451161230735464,-1.059241429400485
2358,train_images/6e68e742f5bc.png,c48386ee75dcbf73d6ed60039a56bb8af3a584f0c20faf3f493f22a3720bb5a4,2358,2,2,-2.1411629841552,1.1083868204488614,1.695638706568927,-0.7313489835546254,0.06848644069202128
2359,train_images/45ae04cfde5d.png,969a528cef37327709b36177cea99ce4c31f67a1a3177c8530711502ca3e08dc,2359,2,2,-1.1622165055436329,0.19912398173525686,1.690234515836379,-0.8632188653270114,0.13607687329899873
2365,train_images/8af50c9d0a86.png,73b8b517bd77d18f8a40f232d79908875cd93b065e3fe74aab951f9d32a5a4d9,2365,0,0,3.782859934192022,0.869894490837367,-0.3273832393020168,-2.734407230543311,-1.5909639551840697
2371,train_images/94dcb491143f.png,bc776e85c45745ef9814c1e07406213517e7542be7f4e7c68b5b2d8abefc6b6d,2371,2,2,-3.4548378817554255,-0.1516589065884596,2.2400293720665667,0.8410491843154567,0.5254182319618514
2372,train_images/2d07162a13b1.png,6f0da9461a06535d2cc39bb7769afe191889c61aae65a632231c0b0c061ab931,2372,0,1,-0.4761793848499352,1.3025285445201176,0.7429671438139325,-0.905954390004877,-0.6633619134792494
2377,train_images/1ca62b3e4fd3.png,2af19cf605b4d542f9c4331a9905480a7ef33a63d6eb671686b944061db08a73,2377,0,0,4.660375143832507,1.5644547056027718,-0.9607262178189881,-3.1410110496600656,-2.123092581956236
2385,train_images/a0cd7bffdaa0.png,d0623490035ab4d4c6502ce809348315b060bd5d463dcbb8827ecbbff065e008,2385,4,4,-0.0888320940010715,-3.1458633125816653,0.04631178172108247,0.3255074124623717,2.8628762123992764
2389,train_images/addf66a50f42.png,41e2f1f869ee32f3df2e340d6fe32b27943e3266ee9c4f6a90bc9d6aff3c23f8,2389,0,0,3.5447877006603457,1.2070707302971955,-0.13499816242177753,-2.8597008195389684,-1.7571594489968008
2390,train_images/180afe1d5ef7.png,512afa4631220ed77cdd509b956df4a22c20d4e35926730c056ca6d2ef96953d,2390,2,1,-2.9806615655481075,1.971321053938839,0.9699824279212044,-0.6568024898758401,0.6961605735638847
2398,train_images/6630f8675a97.png,c13c5f799ad94b985a21c31e147e3ad0e80602df2ec5c0cd3ea2e8a459505571,2398,4,3,-5.815267561076085,-0.9599316415222063,0.09046911265884916,3.823237874201847,2.8614922157375795
2406,train_images/8fbb2ca39911.png,f3ca5002fed1be83ab6ac161fbc36ccaa8acb0682e44ed84714497996c1d456e,2406,0,0,3.43170830530136,0.8779283054832493,-1.2674302862198834,-1.94914353923964,-1.09306278532509
2411,train_images/cd5714db652d.png,a2f68e56ae05b2117296a5cc58f9bf612340a565071afc1733597c64c579764c,2411,1,1,-2.649908526055821,2.847330519359544,1.390830481263369,-1.1980976906009233,-0.39015478396618064
2415,train_images/c57c164bca05.png,0d43c58bb2e6e42ca01ff361441f27685d48a6f4ecada823bc2cf5abe0b015f0,2415,0,0,3.4625221930767975,2.448929873287753,-0.7235904184104043,-3.148282941430688,-2.0395787065234687
2421,train_images/b98f77098b9d.png,f3603cc91a0407429e13c200a8b053e53e73d353988db47e2a7761df1de0b183,2421,2,2,-3.0470007945474853,1.1740474710439857,1.9854365842125463,0.19319188780226637,-0.30567514851132915
2426,train_images/c6a145742708.png,b09a7072d43734b129210c6dd1ea19255665006295c3bbdbc89e2d88c0194648,2426,4,2,-4.562591066998989,-0.32280380430304245,2.1225099895596125,0.9790159048235688,1.7838689769188387
2435,train_images/75a4343b12f9.png,3490925840da2b4ec986707abf52edf334071703d71da81dcdeda81c6f2acf0b,2435,0,1,-0.9717272293291626,2.5422549965914425,-0.006663810919879609,-1.6476431045039408,0.08377914816152701
2440,train_images/165c548185f8.png,926831dcb8d8ed74b2bac7927616dbcee781514e6b53aa1b39f4f39bef133bb5,2440,0,0,3.652820892136798,0.6408840171159343,-0.7378622463582836,-2.2184336744910516,-1.3374089884034026
2445,train_images/812d5adafaf2.png,6f71d76463022abe1a9db4db25a4309fb983af293573dcbd62bf8b8062e50c0d,2445,2,1,-4.130698136160702,2.4897273850041794,1.2206890036323854,-0.15563061354456598,0.5759123610686884
2450,train_images/58059e73d2d4.png,d20236c14731362d5d478994affd90031b143f6a21b7c28cb320aba887813a61,2450,0,0,5.214066438926433,0.442044487001449,-1.7909172736668975,-1.9737967204423992,-1.8913969318185866
2455,train_images/1269ab57c2e6.png,d8eadea5cbe58c643ba71d787f020969df3059c27dcb81af9f7a04dc5cf848d0,2455,2,1,-2.5701945509383526,2.438682957076267,1.461755485377182,-1.4191804962972765,0.08893660478216484
2460,train_images/6fe67482bfae.png,5b5171f706b04b025336ee41dab0c26eded642cab4ac7b4ceec25e68a159aa65,2460,4,4,-6.9019618009258465,-1.9208759632437435,2.488414358879247,3.111942498509401,3.2224809067809304
2466,train_images/cac40227d3b2.png,e00a95f1bd202fe395d509b23c635c75e87f0d66f5b7610149c92ba3e030ccb3,2308,2,2,-3.4408999766832724,-0.1222678572614182,1.8744138261863277,0.6296575583508109,1.059096449407543
2469,train_images/53327edb9e4d.png,d5cc8d1fb09ea7f7b9321548f41d5ec626f70b70981b05418a76e94d7ecd7811,2469,0,0,2.0693577328042236,0.8051505835493727,-0.2598427932717375,-1.5992052207559668,-1.015460302325901
2475,train_images/ec363f48867b.png,bc4890b086bf1db9c2730f422f4c2fa91f442882c71acd44eeadbf38accd4ec5,2475,0,0,3.1424878400535032,2.090738268291365,0.5580942923232051,-3.0741822861576678,-2.7171381145104156
2480,train_images/0db1d8dcf219.png,0f43fcb8e4865532c692755d19e75ce649cfec1594ddbda009c9ede4720dae43,2480,0,0,2.6662211420801305,-0.3147634232404004,-0.946901847266358,-0.4330334529900772,-0.9715224185833029
2484,train_images/535682537302.png,4681f5b794d3e945a408c494d02d26997c5ee7b6d102bd2105520f3e643ec269,2484,0,0,4.39456775879351,0.36888736105083914,-0.7771881643624727,-2.9953047308494427,-0.9909622246324399
2490,train_images/b10fca20c885.png,309aa3e28f15312f14568bc71d1dbcbe29d504df216f6f4e9d5573e516bb8cab,2490,0,0,3.5834260734356316,0.7225702009319602,-0.808010443815204,-2.4627747103776505,-1.0352111201747465
2495,train_images/639915f58a2f.png,608235abe7f234588d3307445fe51e22e79da7e8f984238f2f800f5a65d1825f,2495,0,0,4.434450672318693,1.5732661646311623,-0.6812917636216529,-3.331448777847873,-1.9949762954803334
2501,train_images/2585bbc91909.png,0b79f5a7acb94aac6f4aac4590fdc74673eb4c072484f7ae0b4240f5fd886370,2501,0,0,4.55947629290865,0.6802334560524588,-1.9748654979092541,-2.169834102780326,-1.095010148271535
2507,train_images/d160ebef4117.png,d13eabab946318c3bb0ead182c2eed4b1bb8050dc638d6585d3e2b121c71e72f,2507,0,0,2.570016206989765,-0.2262027108536907,-0.46864878536967364,-1.176886535100228,-0.6982781756661784
2511,train_images/084c02cf077f.png,3414f628ffc3365ceef86c89571c551aab9707fdc57038dbecc2f1dac32f4ede,2511,0,0,4.332030127635918,0.024492129580284572,-1.5567923787274305,-1.6276724913334355,-1.1720573871553412
2518,train_images/3694e8c8e09a.png,40f085cae190a9d6771f1050a82f40e6e0961e423c1096f8c7ed76d4eb9c8a16,2518,0,0,3.332305967670052,1.487551873463512,-0.6758046311345927,-2.47158927918362,-1.672463930815362
2519,train_images/c261b1aaa828.png,66de3f0c097c9795e4a2e32471075889298c569e1648fd3724c647ce3060f7c5,2519,2,1,-3.5835482711166806,2.2249210422758106,0.9813814369531078,-0.2818157737726794,0.6590615656604292
2528,train_images/03e25101e8e8.png,3dcfae019f3fabe5ea1a47129255b62456d364a16c2c1ae66012b8a3ec3748af,2528,1,1,-1.7691484869619558,1.1001286940518507,-0.11261519030870937,0.5947593949492466,0.18687558826956122
2530,train_images/78937523f7a8.png,66c3f988307dd066d583872f7cc792a5ea95062e9a7121f927b4e444788b849e,2530,0,0,4.441310357657949,0.5730899644072094,-1.6319792162786062,-1.4067554621374458,-1.9756656436491118
2535,train_images/dc0eea0b68a7.png,47c95f08b23cf534d0ac062a5bcbf11dbc2c8c304a606dbf1431129ee124ad3a,2535,0,0,3.6050845061069254,1.0475559019155511,-0.5915570179848135,-2.3936856720206747,-1.6673977180170014
2545,train_images/5dd2e26fc244.png,c6cea3805d55210517aa6bf8ce190c07398be9428c7203d3774b84706457d24a,2545,4,4,1.3125174273113376,-4.003424478092446,-2.008793396545846,0.27886586581626227,4.420834581510684
2549,train_images/3748349334f6.png,18070f6b8a08cc20af00cd1f9e14fd82f45683a16c3c4934095c7473a57e3105,2549,2,2,-4.429678904302547,-0.35721984118454264,2.57324970859217,0.9782666051584649,1.2353824317364426
2555,train_images/65dda202653d.png,253728345a76463870ed77867ddf5625a9eda0b07ba517459032a34816a0b789,2555,0,0,1.5689027509465239,0.6469869693478922,1.3394877780254295,-0.8465608668329948,-2.7088166314868682
2560,train_images/1d11794057ff.png,875b9cc2c34842670cf0fba00fe619af47cb2d04019e4a78249914e47594b6c6,2560,1,1,0.8704826727566382,0.932097401108537,0.0016161210922209235,-1.4481252627271095,-0.3560709322302959
2566,train_images/05b1bb2bdb81.png,acbe6fde938d31abc6fbdafe6138568cb6214d60f6085dd358d171c83dd57bf9,2566,0,0,4.47649559601439,0.9118843056742789,-0.5477579798802621,-2.4904711744879604,-2.3501507473204497
2572,train_images/0cae727cf119.png,0e293997f5daa55c8392ef37a1706f74b79aec0699fd27f0bc249f4410f47a65,2572,0,0,5.079480545684966,-0.433226389867747,-1.5100909631951693,-1.6322959564260962,-1.5038672361959602
2576,train_images/0daddc45d832.png,557eb848388c1c09cff6e46add082fbededd4b08f2c7041b5a24fde79bd6c24d,2576,0,0,3.7879379694450352,1.1461114305501745,-0.6276690728471275,-2.697294196377915,-1.6090861307701732
2581,train_images/12ab2f6397f0.png,794e24cb1663d87c7ff1ff9f2d09071554b26870a49eff18baa2d8ed44934078,2581,0,0,3.5828396422004563,0.43102440462305813,-0.7462569987670431,-1.802025461663714,-1.465581586392765
2590,train_images/186c1835eec5.png,6a89b1b6bf7846e331c42106e418383787b59742192a5a4ea3b9efb927b772db,2590,0,0,4.061796188671302,0.8168041497809493,-0.9575587366565137,-2.541052230852233,-1.3799893709435103
2595,train_images/1e742358e0b9.png,540aaab17ab449e6a4d8945b3a87f2025132b9393da577ebbf741b39093d8684,2595,0,0,2.95409830925645,1.477985586773289,-0.25169226457130073,-3.0406045686345253,-1.139787062823924
2596,train_images/1ec95179cdfe.png,6756f56eb7e283ac8f88c78f1beb36223f7a232fac4c5cd6b8208aba984c252b,2596,0,0,3.5130769623005014,1.157621708560336,-0.8359941406221556,-2.371553822857687,-1.463150707381003
2598,train_images/1f9ccda4ddf2.png,81197b02854ad5114cd8fcc05ced00d09d9ec3a2c24e2c1653f3ec6beab321ed,2598,0,0,4.269404605757709,-0.023490249117453454,-1.201387735432414,-1.2415872387667286,-1.8029393824411182
2599,train_images/20f86e068276.png,1c9d3821510aec59a3aee72f7cfa1216b3ae3bf94add4d5a2351e1a4f37b5f0b,2599,0,0,4.561456267560819,-0.010501899973916151,-0.7513559715498226,-2.6265717175255214,-1.1730266785115648
2606,train_images/2923971566fe.png,1c48ed154b6b7d7018810809fc62c9504f67b3791521f5dce5c083cc6b2f58bd,897,0,1,-0.07744478089017443,3.2517977974853487,-0.00413501710074532,-2.42416514578245,-0.7460528537119971
2607,train_images/2927665214e1.png,0f946963dc8720e8094b569ae3756c3931deb712b35199d9c2712a2c4453cb0a,2607,0,0,3.582195124916297,1.3208079315133896,-0.9360253611372373,-2.6060983325663285,-1.3608793627261244
2611,train_images/2c9dfc270f1b.png,f4e5e0f3c16614b9d7d5c5772b39921838c5ea2e52d9e9b1e3bd2313c2430192,2611,0,0,3.727119283173888,0.6467871315877588,-0.2720603952513901,-2.7434971265262265,-1.3583488929840364
2617,train_images/33d72035c27a.png,cbdd5fd488c8974786221459762fd9da1e04c3891771a78f9f5013d2d3cfdd4a,2617,0,0,4.867867901487781,0.36362810468188494,-1.6877714032365168,-2.4982807466331995,-1.0454438562999582
2625,train_images/3c42512c81e0.png,459d882e7c8e82bfced3a8e51e9e6b89b7bc8ead9a6e0691e84a86b5c1ae0abf,2625,0,0,3.3744932461848873,0.7395606080916074,-0.05325277570245063,-3.143027703858992,-0.9177733747150589
2632,train_images/435414ccccf7.png,4141053f5b74702654d77dd950a1b40419ef08f0351ff72491a28d150b33a6f8,2632,0,0,4.554218288204069,0.5020222649969569,-1.277776543534176,-1.5306600617703852,-2.2478039478964713
2635,train_images/4403538fb50f.png,cc3cbe43330123a17e5e6af5b4fd3d78fcf9c3798a6c96c76f8d6a8b01d247c1,2635,0,0,3.4237716565049534,1.3623757756998338,-0.08124188409219807,-2.9663666639894015,-1.7385388841231975
2637,train_images/461fa5292fda.png,09b2882ce5ce0bbd8642aa1cd6916499196fb963062cec9ab8aab457c4abf5c4,2637,0,0,4.89875789318638,0.2585378116073448,-1.0800334282912314,-2.6594495941358085,-1.4178126823666846
2648,train_images/4dd14c380696.png,1ac14dc20b81e7beb83139712c7a49df1f64d02fdeda3e850dc88d4e5b99f1d5,2648,0,0,3.9584162479886045,0.30497348722554835,-1.4702199245353795,-1.5982572863381352,-1.1949125243406433
2653,train_images/51af8a689511.png,70153b2a2dd39d932040b7553e4d7b7b73673c32590ed4de8f803391a9c3c66c,2653,0,0,3.062239021845145,0.9578422957305491,-0.5751736611575013,-2.1439702921269066,-1.3009373642912927
2656,train_images/54bdcdecd8f3.png,18e0b2d88a107b2e1433d1e25208ece7ceabbbfce610b04091be6b29cf111aff,2656,0,0,4.583210948030863,-0.16709320630296742,-1.7470625181649728,-1.5756776555855985,-1.0933775679773328
2663,train_images/5baed382f062.png,2fff17dc3732ffe0a0994026a825d1288217f1cf41a9173212ce758b3f7c9968,2663,0,0,2.2590218452771924,0.030759793607914254,-0.5833654451663601,-1.1986096253365741,-0.5078065683821801
2665,train_images/5d4e5fd34d91.png,8181429bb29a2a119ee12e3ebe044fe9583670406220797e392835da5e7b4869,2665,0,0,4.317096618540343,0.4466888553176432,-1.1644638009924186,-1.9958146048712795,-1.6035070679942955
2672,train_images/66366a90d1ef.png,e001182acb9472f76d83fdf8ddb45f08deca7f2fc18ae7aac6bbe359eb450808,2672,0,1,0.4972446639852034,1.5286101334702893,0.5349342816265177,-1.9471329203286225,-0.6136561587534012
2677,train_images/6b664ed2a938.png,b9607aebe4cc3b3c55a7388db466564bd10493353709ec810da9e0e2d5788d4c,2677,0,0,3.5131994356365968,-0.9266060420190931,-1.4089671003677076,-0.5445661141876982,-0.6330601790621035
2684,train_images/6fe4751a3b42.png,8626188b81f811e6983d743c89723f92cef8b746676f9ec8125c28f903c7efb8,2684,0,0,3.6475724934046077,1.191767624724153,-0.494851617578621,-3.145385250300557,-1.1991032502495886
2688,train_images/77e15f213b04.png,259eb33ed9b0a1924561c77561f486385ac2ea012a30bb58c25d8023db46d68d,2688,0,0,4.665207125646985,0.24576553238975674,-1.3593910058479397,-1.9114846750977073,-1.640096977091101
2689,train_images/7a46cfa69bae.png,7ee00d48171788ea375deddf1b706f158373c0ab9f6caf061675fb1e3966a0c8,2689,0,0,4.265020312391946,0.577207294228579,-1.3303701921274136,-2.6215565198096327,-0.8903008946834858
2697,train_images/7e9081e95bf6.png,65fe78a1cf492becbbba72837ea0af37656044aedc59a39d07b5caf70a213fc2,2697,0,0,3.5257436283569334,0.5585044335892946,-0.4416099165590796,-2.6856910569905197,-0.9569470883966344
2704,train_images/8448af27ba07.png,7e53344a60b33212dae1da424fe4df2ebecd4f211b89842fe7cbd64ef9073c1b,2704,0,0,3.4470694310608203,0.666689338291801,-0.6947961443268131,-2.5079370059743,-0.9110256190515158
2711,train_images/8b079e79035f.png,e3c0cbd569879123d9fc729d9bcadff8438b1ebbe8deaf7222426bafed69caed,2711,0,0,2.7233967039516576,1.0132055908505158,-0.16664267941752936,-2.515394468757814,-1.05456514662684
2716,train_images/9039cbfcbb2f.png,b8f714fbb6641449c62f884e3ad551dd35e299b2416bb3f3542210672675cc0f,2716,0,0,1.1249942793533272,0.4707106060579302,-0.6255375774152039,-1.553422601843065,0.5832552938470021
2720,train_images/974c7d7b9c64.png,802ff7245a25798a4ae7bf929e0ea23c595ca64b3db80c9ef5ba7f27166636d4,2720,0,0,3.3377476772753276,0.8231294165552102,-0.3636689591951003,-2.8779677042333067,-0.9192404304021379
2726,train_images/9c514d2d5b3f.png,7e78bc19fc9a169d34a34d4c5c323a27bde8887534cb63be6d5043af8033868d,2726,0,0,4.096813443500198,1.5186219216633492,-0.545308174686719,-3.496584737946963,-1.573542452529872
2732,train_images/a2811f512c1c.png,c09322233092232430ad300f6e871a46d5ad5f127d2f185b302e315b20c67c2e,2732,0,0,3.5514115786740534,0.3212201748313326,-0.7103130665160404,-1.8453995621587351,-1.316919124830617
2735,train_images/a4ee03ecff60.png,012fcab62bd623d6bb0169fa48d5e44c0892b468946fcc9ecdc27218872ca28f,2735,0,0,3.3436953645928678,0.07685187969028884,-0.057110026398491165,-3.2014168038188933,-0.16202041406577988
2743,train_images/a987aa7aac37.png,f6354bef853f57f25ba50f58c538a34e74a036cc413c7ca78ab0f59b1fb583ab,2743,0,0,3.6986963417794496,0.76724538949364,-0.6494583209092057,-2.459406443613654,-1.3570769667502398
2744,train_images/aa94cc4bfd84.png,fa564acf51158673a9c1afde38f31eac41bf8321e663d0036d873ce9f1613c5b,2744,0,0,3.02995728737477,0.7080450092824864,-0.2345557420163495,-2.302975844090608,-1.2004707105503036
2748,train_images/ab7991df166b.png,bd4ac5940602c91328685b93784846af92eb91270ee827d3df230e0c9948c9cf,2748,0,0,1.1961618460071957,0.2707640512512608,-0.3048412359979639,-0.9709095903231495,-0.19117507093734912
2754,train_images/b294927b14b0.png,03d7950a7111bb0f7bf924c8687b388918364795bb6dae2149e8e1f9ca658125,2754,0,0,4.67714482993008,0.4695428282568134,-0.9983560613272648,-2.7998492779894426,-1.34848231887019
2762,train_images/bc92a61a1f9c.png,9c2b6456bf79d163a859c2d85b393b387cb635ee875194ce93a6d3c8f94770d8,2762,0,0,3.4321399682841847,0.9499135797366145,-0.3127563477744108,-2.5836090440374817,-1.485688156208913
2765,train_images/beb00fa6e7c9.png,08182d84db4f97ffe0689f2d388db7067426d2a4da530264f0757a6677e819bb,2765,0,0,1.9762796270144445,1.363621824858305,-0.15452336294842156,-2.1137083296245165,-1.0716697592998228
2773,train_images/c3b15bf9b4bc.png,42d1a892a02970423da1b70f78abb3a58f2610bcb2cac6efdf6cc5d6104e3470,2773,0,0,5.754817705976576,-0.18464475690868143,-1.6240487898344047,-2.171938287428924,-1.7741858718045775
2778,train_images/c7c3d363bc86.png,b1a64598ec55d9e0e16280e6c265499b7c3b619b2c5beced2eca34d4ccd7012c,2778,0,0,3.510123131911341,1.407291266024424,-0.6170262911474205,-2.9807528329152433,-1.3196352738731119
2783,train_images/cd563556cb57.png,d2e9bf7c5e2701313e30a6ff8387c4162e0c07f2a575a0d7cf481d88d0c9d73d,2783,0,0,3.5963031805874217,0.9064083660585313,-0.8148645723828785,-1.9049226571574107,-1.7829243171056712
2789,train_images/d667af5742f6.png,d67d8c0197ba6ea97d085bf0d3c223398d100fb5c4995ea3a03228d4e28f75c4,2789,0,0,3.1709706097318784,0.3337289768274919,-0.15956578280915362,-2.5198086326365345,-0.8253251711136871
2793,train_images/d871895742b1.png,5c1800cbc263555bfc031c7b3866ee68466f692969aaef97027ab7df236817ff,2793,0,0,5.080274152028488,-0.0951002433460093,-0.03482941579433335,-2.7550425719044975,-2.1953019209836584
2798,train_images/de18071c36e6.png,2efff097b267474f93861113d71fd78bc206800ee548024db1d8fee22ce75f5c,2798,0,0,4.204240455453507,0.3585100720853581,-0.6952401047995991,-1.6257884963519547,-2.2417219263873176
2805,train_images/e3cd96cb094c.png,8e15b3060a584628275e9faf0b8a8365a36ce7d2b938f3d2bc022e2a6747f8ee,2805,0,0,4.105273525415386,-1.0776001706156253,-1.3820008710588922,-0.4883762121601453,-1.1572962715807327
2809,train_images/e893e86dde94.png,b38ea174f9dd04ef911461a0b6bc622cc1a2248eb10ff327226366da7129172b,2809,0,0,1.9871820507728388,0.22334118719433793,-0.48909782615878344,-1.5754847380695332,-0.1459406737388683
2815,train_images/eda29a9d78f3.png,233e08243fb20c5ecfef51915acf958772e1a1857b7050355384fec451fcce6f,2815,0,0,3.636731401882691,1.305158587434987,-0.5061951675794154,-2.8578762285914796,-1.5778185931467879
2820,train_images/f56ff0440ed1.png,ccf0ff1ed73d0dcbbd5f194a248f2909b5786f083a304ab9c60300a311bb0a3c,2820,0,0,2.3402671904169683,1.1747876899047913,0.3420677334999119,-1.6808645434814378,-2.176258070340244
2825,train_images/f8d62557ad0c.png,441d159cbbc931743d3c874e96bf923816808920343dcd33e12dfe7755f885d5,2825,0,0,2.7050722950817083,0.5063839616093809,-0.006796509746279156,-2.2745124662933307,-0.930147280651487
2832,train_images/0124dffecf29.png,9a26f92bda73ea24a6e64f7389cf956b6ee086b09e6d099739394a00c065e871,2832,1,1,1.1914445236002322,1.7095996921909502,0.9304496609996247,-2.858957912735169,-0.9725359640556471
2835,train_images/09935d72892b.png,4f42a51b204d3d7f9ce0045b3bb061fa514d2cf6b6ea2fb458d8621ee369a273,2835,1,2,0.9037340985619207,0.8393089085991488,1.2501826928918243,-0.9072370142628667,-2.085988685790038
2837,train_images/1116271db4ea.png,37a1694d57246c5e9cf938c900ea47587450ddad89c0e68f604fc563f34602e6,2837,1,1,-2.737689797734932,2.297908358768659,0.6347648243658492,-0.4415269363733033,0.2465435509737118
2841,train_images/1df3e03a8f5f.png,f3e446433c3ef52203bcc5d94d8d64ccc69199580d11cac4dc2d4f2da78ebca2,2841,1,1,-1.95073860636375,3.7532412109104225,1.1689396503163674,-2.3309821481571547,-0.6404601067059016
2848,train_images/33b893e18eb3.png,0e53811bcdb3f36a6e2268dd049d6b381b54a041122ab64c91f7f5c1177f14cf,2848,1,1,-2.7128990005497076,2.866492548430874,1.2113140268211293,-0.5441293307479933,-0.8207782439543191
2855,train_images/5548a7961a3e.png,7b6599c29840ea78de6805809121c30ae147254a35346722613a0f3a5b00c0f5,2855,1,1,1.0221891417504996,1.1704104874110688,0.5010328091703402,-1.3536276937599343,-1.3400047445719887
2857,train_images/5b068765e846.png,89fe53f94c80ca0deefa016301e9f0053a49f536b87dca80b1e3fde712c6f97c,2857,1,1,0.13718057974763645,2.457318576851891,0.02644397432817791,-1.0779413021049864,-1.5430018288227318
2859,train_images/6165081b9021.png,4d811f303a66afd2315e0860722112a13ae69203166d09e45ab2545b32a8bfa3,148,1,1,0.5072503308316367,2.992744664165085,-0.6959785729006724,-2.0774313647346077,-0.7265850573614528
2866,train_images/8273fdb4405e.png,82049e057dc9b75004f929fad707f343af97c14e1866008b4e4a7c81120ce090,2866,1,1,-2.265583389935076,3.2312297202174296,1.1123821065167814,-1.5721112328622076,-0.5059172039369452
2873,train_images/b17f0b81dab3.png,45a6f156c46aefc53869e35c077244996518d4a310874c39f7c2e373163ed46c,2873,1,1,-2.365832885709127,3.199817880654394,1.416634755386885,-1.5233500467696988,-0.7272697035624699
2876,train_images/ca63fe4f4b52.png,7b8f0a33df981332db20fb5520b1ee2ce177f4a937c7706d76261106d9f1a1dc,2876,1,1,-1.9000040824641513,3.31364882080684,0.39550460464882214,-1.5556484460853097,-0.2535008969062224
2880,train_images/d5b4705ac2ee.png,a5d426824f776911b457e6eeef02988a25da8da69145745db93792a8316c17fa,2880,1,0,3.81624549450485,1.299136216916979,-0.7199601199282617,-2.5991254252632965,-1.796296166230279
2886,train_images/f55e1d2a19e4.png,68ea5410c5e1db6ef00a686542339af36044c177c86c4f06e696ab45f3b413be,2886,1,2,-5.691340410483712,1.811701789690518,2.3755415707093217,0.9626338243527534,0.541463225731103
2891,train_images/094858f005ab.png,349eb9799526ad094c321854aaf6ad7bafa2d84befefcdd26d288e60c554c633,2891,2,1,-2.801925963926165,2.731741818109936,0.767576998331952,-0.7401377416053418,0.042744889089601085
2893,train_images/0afdfe5f422c.png,1541d1688d43f54f687e60abdf057de72fb3cd92eaa950c6b22ca2dddf7b3b27,2893,2,2,-3.292306056844482,0.6248534169518554,2.36517331662506,0.041552814795741244,0.26072650847181367
2898,train_images/1c578b72d7b3.png,4b12ad344f3037785a20eb68a7a906bb17529d08812be49c79c5bf004fcb22bb,2898,2,2,-2.6378748833090406,0.3017273582489767,1.420993985403295,0.35334215147653525,0.5618113881802247
2909,train_images/2735be026d44.png,4041937bc9e90c20123051da99f3317d1f8b70124515f6ca901cfed5d71e29d4,2909,2,2,-4.36163011206133,-0.6397912153069214,2.0317785097331615,1.449790262043166,1.5198525555919127
2911,train_images/29580bed2f7d.png,3838668f9f0f6c0786d24e5910aa9c6e732207c97aa0176816061266016911ec,2911,2,1,-4.9453848745368765,1.7529703582418024,1.7079914782516221,0.4304750736304147,1.0539479644130227
2914,train_images/2f9b66784109.png,66f6ab81877a8cc3c94f8d9a455a78396eee14102d270774cea0885a869ff61f,2914,2,2,-4.2393515120402405,-0.5918138348744968,3.05696374220097,0.729936770749701,1.044264833964055
2922,train_images/460893cd86e3.png,426af1fbf8cfa58a0cd3788a57eafb77f68f8498e3fc1a0204fd957956583e02,2922,2,2,-0.7325537189699174,0.30963372405937667,0.7924655200457642,-0.21483106935995933,-0.1547144557752679
2926,train_images/510aa0a898fa.png,9cbd59698d97d445c27195889990adaab0b54a38dc415f3ebc415d3f50055f3c,2926,2,2,-1.6951381315987937,0.05910491815663166,2.826666758202455,-1.1956934423232288,0.00505989756292724
2932,train_images/57469423a012.png,404605ec0333a34fc25e007e9b26ba332ca87f49f225a7f3a4cd80850b736885,2932,2,4,-4.290135318947501,0.8367849216658605,1.145969694881445,1.1002197353925962,1.2071609670075785
2937,train_images/5b644a403e1f.png,e62aa1c58ffb49381e3c44ef76d58146c8acb391254f0d83f746500d3e8f4a40,2937,2,2,-4.120776648326681,-0.2579774995557411,1.7209817611084743,1.6573581980263894,1.000414188747548
2942,train_images/62ecdc90dd42.png,9e75bb38c9a0450ca536cc95357030d750bc969ae3ab0789dbf076b5e8dc2297,2942,2,2,-1.4634573630060133,-0.5633619535417296,1.0955479341883205,0.2622835028833589,0.6689878794760588
2947,train_images/7247a2c97f71.png,a496ba352f43f543b050f63521e927457bca5756d973e2b31f15ec513a17da5c,2947,2,2,-3.997799221988514,1.3237972235248103,2.755572756152983,-0.2998095582955107,0.21823880060621773
2948,train_images/7455e2b5fc57.png,78da0c300462e3d48de161582971e23cbdfd8a19c3082e6fe32826d438e9356b,2948,2,3,-4.938398201490621,-0.6545503699507758,2.333636099681216,2.33885955762263,0.9204529141375406
2955,train_images/7bc2e0fa3f72.png,e513371e7ce05138356e450d5b4ccd6b15fdd7a39b705b8c9bc7b432379fb1c0,2955,2,2,-6.174296782159471,-1.3452521595991072,3.8186272436113193,2.9549636759982447,0.7459580221489992
2962,train_images/842d697884f6.png,cb3c3dbba6d49637a33c9d1356398fbc48e33dd8862fa2eb890c76ae367d8e93,2962,2,2,-0.897378357922477,-0.39645375759376467,1.2250077471844871,-0.12817830986088075,0.19700267819262948
2965,train_images/89b725411cee.png,48a4767f1c8851853d6f7c6039016e32891f51ff926fa8abf3243f6e321fc106,2965,2,3,-3.210857470007157,0.6683463710224813,0.35195926728806126,1.8665700543988213,0.323981777297778
2971,train_images/91a88d3b0358.png,63ba8ac13fb4dcdd55289f85e9731be89396be355c7e8c28c7cc315437fcf9af,2971,2,1,-2.3437126522999656,1.196151186427569,0.6579292016252175,0.3692373568324189,0.12039490741474859
2978,train_images/9d74428188bb.png,18e43b40995f8ff0e36bbbe4a3c2a4798e200b3cd4c124b986c40be0d1d40d64,2978,2,2,-1.5238187287526357,1.1646245874507901,1.1727474548027421,-0.7614612262199846,-0.05209208728091916
2984,train_images/a0a0cd8af5a6.png,e173a352afc85c6519fb8e91886430e8de15eedd7f295b55abacf933aeb5806b,2984,2,2,-3.6152369062352343,0.21573925951572787,1.3451731795414237,0.7242715150411846,1.3300529521368896
2985,train_images/a15652b22ab8.png,57d8daf10020a08edc358bea7606ff87ee9bb161beb608daa81c9060c1f14dc4,544,2,2,-5.2559179575520325,1.9132951873157176,2.0761727317503733,0.9441475127959803,0.32230252568994144
2992,train_images/ac2c814949f9.png,cf7839df5a131b4ba1f210ae91a5c07251ee793ba4774ec027e33311b2f1c544,2992,2,2,-2.5259953619167104,0.45178736708581224,2.103158115839747,-0.35464830408874454,0.3256981830798815
2997,train_images/b402b18d99a5.png,022c4d61b79fc0f2397ffb4afa68d1eac6e5201e7fc7ea69eeb81fc7fea90077,2997,2,2,-5.214472802398676,2.0323610324705674,2.416843508038683,0.3823137113221672,0.38295455056724126
3001,train_images/bca2bdc15fc5.png,c1643a7b9aa3bf0fadbb86ebdc67f54f001858abe7574e10f19bab51be93727c,3001,2,2,-0.8587449323234329,-0.47304058639468805,1.6092104504774811,-0.6625931235830155,0.3851681918236386
3004,train_images/c0202976c670.png,4874d2a2b09cd3164d1df65ce4d95fed648ce26bfde111de5da624139edb1c63,3004,2,3,-4.9477812382189,-1.2533526314402743,1.572037316748726,2.6374351798095996,1.9916613731008344
3007,train_images/c73c5f6ef664.png,ba51547005a4caf45afaee3d1ca393b199a9918035626de62b94ac915fbd1676,3007,2,2,-5.122098944689014,0.016957668323651198,2.3784027076433776,1.155824638186615,1.5709139305353577
3013,train_images/d473f6fafba0.png,d693094809173e1852d7d2c9775e74610de89d31de828423e748352c5c0bed47,3013,2,1,-4.208240941502485,2.738817264947298,1.1255403188692967,0.418903549268966,-0.07502019158308662
3021,train_images/dbee04ae6426.png,ab88503a08708b40420fa5919b363e8d3aa86b4900a1c19a406e2f76bc0da93f,3021,2,2,-1.977098963620884,-0.07042619439317688,1.7109120656712826,0.7705680971728669,-0.4339550048300994
3036,train_images/042470a92154.png,2416203850591122af6284a780a58d736459c0bc88eec4929ee25ee7065d12e8,3036,3,3,-5.032452210455929,-0.027110284922713612,1.5536144055273704,2.0148943868759557,1.4910537029753037
3038,train_images/0edadb2aa127.png,463631a7c5aeed5d61f2fa8cf01c95aebf1aa14409647fe894171773cc84fbf1,3038,3,3,-6.681880670154233,-2.0041648323537795,2.280283060321072,3.9737913390851074,2.4319711031018243
3039,train_images/1ab3f1c71a5f.png,4731f0e9dca06e296f33cc3d1388d8310914d60b1b6a8bbfd04ddeef5ff27ff7,3039,3,3,-4.939201721393328,-1.6979774747938472,1.6519807811983953,3.5228538803345635,1.462344534654206
3048,train_images/7b29e3783919.png,67db095fbd0b19645dad5ad50b9783a800ede8602bf96df095080a9b2a38315a,3048,3,3,-6.674052148458961,-2.053134097238256,2.124081272846408,4.274271275323308,2.328833697527494
3052,train_images/a9e984b57556.png,56d3ec0418028c54bc200bb083f8a8b274550a95931877fb36b6c1033e531bc8,399,3,3,-3.9027580556105907,-1.1976386225009372,1.3897935435075748,2.442754009606014,1.2678491249979325
3054,train_images/ad2f0b9d059c.png,9720e061ad6bc4b523100c34129b22a21c63d28264d1bca015a3e84de91ed8fd,3054,3,2,-4.263758042618203,0.3988402692728527,1.5425480403713314,1.1906008340167493,1.1317688989572585
3060,train_images/c3cd0200df79.png,8adf033b3bc421dc11856ffbd47d04cb2064a43499b24520e15d4a6252d9f70f,3060,3,3,-4.853529862685465,-1.8236917970360222,1.5895372100255438,3.140287785300545,1.9473966643953848
3068,train_images/20d5fdd450ae.png,821964656547ebed399ac327e52c76eb13d6ee33f9c9d8682424d8900ed80b50,3068,4,4,-1.8520062265648851,-2.209119997094577,-0.38413316749751675,-0.29150739701311823,4.736766788170088
3073,train_images/3c78bfca247b.png,2508d23d4a1c85fc7c28810e31acca98663a6bf7aadcc6705470f803b814385a,3073,4,4,-4.698393260935889,-1.1202216465111223,1.8074626997761865,1.0986898103200282,2.9124623973507853
3080,train_images/7270367410a1.png,809eff6717a0e73248893f96ebcb7d0356a69edccee74b68c913b7be52f5eb1b,3080,4,2,-4.429202434732427,-0.4912433778003005,1.934616753801551,1.071396186554292,1.9144328721768704
3081,train_images/7bc4dd99eee5.png,f53a8ac3dbb85783734c3a062e9c215ba723a41765f6b0a2fc892b476f4061cb,3081,4,4,-3.34252457091347,-1.421628273575097,-0.26357191007994624,1.0035760003057548,4.024148754262741
3083,train_images/857230f64a2e.png,55201060a6e73e0539cfe704cc0644426ca88195fe3ef7adfd80c95603dd9e50,3083,4,4,-6.171237786613614,-2.4472706924583654,1.841865753071107,3.336545448149448,3.440097277851416
3088,train_images/a5c9a8c726b2.png,64c3bccd1c3a61d98a60d18c71ddd1202d5057fd7c0efb235594989a8adb0dac,3088,4,4,-2.2008787877295375,-1.70696246456406,1.294288892975542,0.5257289969536004,2.087823362364448
3094,train_images/bfdee9be1f1d.png,81d00a18650d15c50e316b4e8694b0444cfcfe98c56ed077ad8056729377587e,3094,4,0,3.3312266309367398,-0.0327129261036504,-0.8552238126842067,-2.0128171675255904,-0.43047272462329356
3095,train_images/cbd0870aa933.png,2cb2c999cfd4a9e5bc2b9db9756a365e0b9f8fe4494a6a1efc345810951abf95,3095,4,4,-3.9224653043437407,0.14939748545432419,-0.8319958889031482,1.7105709573273065,2.8944927504652376
3103,train_images/eb1d37b71fd1.png,cc26231741a282105f304fe506ddf245291b1d3066a49dae17fafa1ab41241d5,3103,4,3,-5.006676651190033,1.2116013599547188,1.417339549272127,1.7205624443677912,0.657173297595384
3114,train_images/07e827469099.png,d00df391c21dc7e1577074c94378f64d829ab45b209372d9e5ace4e086a54457,3114,0,0,4.747458380013327,-0.15376298608582306,-1.7091829916469732,-2.0185742122682875,-0.8659381900122536
3121,train_images/0e94cd271c00.png,8cb403ae6f10dec8475569fc32b473b81988116f0f9eb7b2c7ef458159b624a6,3121,0,0,4.276821885993854,0.5107834626396255,-0.9619315343132269,-2.519188586871037,-1.306485227449222
3127,train_images/15e24b73d4a7.png,1fd0e256333072fbc97a3d807a8c02355d1c11eaa58dd4b82dfdddb21ec7cf6d,3127,0,0,2.782860709774732,0.9322562369797691,-0.2689957102296538,-2.35929616977475,-1.0868250667501047
3132,train_images/18ce0cdc473d.png,5e674d8a90da639663f55efd7efc4adc68062e8df8c24b3fdec73a1fcc9c2fb3,3132,0,0,2.1162903126183417,1.4996901869410328,0.649028103233615,-2.3608634702683515,-1.9041451325246483
3137,train_images/1d37f1c8b6d8.png,154f6213556e2a2796f2eefbe66a3cec51a48319c7b4a17c62f4a393e65a524a,3137,0,0,3.8464558764865404,0.5326358018841678,-0.538974119864692,-3.0823626348134407,-0.7577549236925818
3138,train_images/1d46f1326394.png,d95dcc3f20bbdd02ce07b7c7f94876e4a9e516be667c439da0d7f3676124002c,3138,0,0,3.4592044196284015,1.167370011564377,-0.5606235470521872,-2.7213888541509763,-1.3445620299896202
3141,train_images/1f3f32efaf20.png,2c15125864db18431fee8eee74758e548f990b393fda445b3a85cce118e9f15a,3141,0,0,3.601642137938764,0.7294719044793696,-0.567996272784737,-2.7953874853506466,-0.9677302842827541
3146,train_images/240b25a7debe.png,f95e4f9bcfb147e6465a04c7b6981956e771dd43ecfa5a729c74986ec5b6b5fb,3146,0,0,3.928360742074388,1.55843033525424,-1.1264281222395263,-2.3598061322443824,-2.000556822844723
3152,train_images/2c8101f14723.png,ed938ca48833d450514b96c10e54be458700e7969cd5886e0847bef9ea4b20f2,3152,0,0,3.983316339314011,-0.4403071537708435,-0.9876716076737455,-1.3046033965428063,-1.2507341813266222
3157,train_images/3323fd59782e.png,66f396ae7603bf65170d201e3403c9f263ff5d015a1279ef6ff98d362b33a93d,3157,0,0,3.617831517969725,0.6488985662726954,-0.2830684163880716,-2.682547086216883,-1.3011145816374734
3162,train_images/34a7dbd3f05c.png,96d4a6f66db6227cb75d00f00f31cdb68381b1a7a3bc26f4e0329b12eafa35d1,3162,0,0,4.78422704198639,-0.6719704565203573,-1.461970705581386,-1.426941705552023,-1.2233441743326285
3168,train_images/4318b6adeb97.png,568f6ad88688bcb79aa5f636139acc2fddf9d2535433ca8474cab89c9183f39d,3168,0,0,3.1431978956403737,-0.13025469643609222,-0.9664107449863615,-0.9075624737078546,-1.1389699805100724
3175,train_images/454792eb6e05.png,5ddb9349d63c157bcac2555410f9046ee999ace3daf673cb3a345f5d1f9714a1,3175,0,0,4.518711511672533,-0.40548551172566727,-1.2201378172672221,-1.3878180298035554,-1.5052701528760948
3182,train_images/4bcee3cbe232.png,a857a2195a68bc0bfde29a827a40c89820f88bd9a1a6e2483ccdd6db2618a276,3182,0,0,4.406646713225183,1.191547553292708,-0.6183686609697068,-3.198493953552333,-1.7813316519958557
3183,train_images/4c17e85686f0.png,d7c19efe0dabd9a220edad63d73101a653e097f85743b7b6d4368a113cd794b9,3183,0,0,3.4908165494893932,0.8137542163525294,-0.5872622736829045,-2.722061801898113,-0.9952466902609114
3191,train_images/51aa3361294c.png,12c9b8d32951dc98e6e32a69855b2688a73e354e42040f72d3b83f8f0a9e64ff,3191,0,0,2.552071950639348,1.1821780150990624,-0.8587148723588118,-1.9875781519961233,-0.8879569413834839
3193,train_images/525d0dd8dc45.png,adbb3a8d96eed31a3f01b4f0ebfe4a117782ad26c69f7116663c9396c2d4f35f,3193,0,0,3.9791188405892846,1.2101052441947118,-0.8369499018938491,-2.68063205593347,-1.6716421269566835
3196,train_images/54b322c66d01.png,d366fd0bd38fd053300e005628fb25f55fda7f4560848aed926c5e08b788ac4e,3196,0,0,3.3878651492212457,0.14948350363728918,-0.7441129165572069,-1.5137597916231749,-1.2794759446781656
3201,train_images/5db2e3a4594a.png,159f83ec4e2b7cfebf0374e2849503faad3fd9515e825c96f0ae38a67353e090,3201,0,0,2.6893370815195894,0.736833349168129,0.16580315881123353,-2.05606907400641,-1.5359045154925475
3203,train_images/60aa4e649abf.png,e39b1a15712bbf4bd50c07c2febf209db8d7d3f12bbb2b078329c523e8afaf6b,3203,0,0,3.4842255152131445,1.134184893815442,-0.5436449476671172,-2.1861568120522072,-1.8886086493092706
3210,train_images/6af071b0ac6e.png,f7b572546c211caec6ba70920b14fbf76380506950e69433d88ec7c08e2c5022,3210,0,0,4.658850961540534,0.6057408701828672,-0.8294545641193294,-3.0276210107654324,-1.4075162568386472
3213,train_images/6e861bc3bd7b.png,df6ad49e96535f5107606ce407d560d861dd6ecad1f71b99f14b8113a349778c,3213,0,0,4.158970534962347,0.2152181855985374,-1.1373264746887617,-1.7991986210104898,-1.4376636248616415
3219,train_images/73a07e2ea23e.png,a4d7f6910e75a26af169d2e961e43189a125a479da6ab788e389389f3c1bf227,3219,0,0,2.8220429745242552,0.7035643490520925,-1.0482919403969584,-1.5720465789076794,-0.9052688042717145
3227,train_images/7ad0c4975890.png,10f0e330ee6cbc3966c5a838e1bbcf7e7d452e2ad26d7ddb5c50cebad4730685,3227,0,1,0.44532932159201216,2.4825348027548984,-0.14811707920729827,-1.6746482809962235,-1.1050987641434016
3230,train_images/80e6e425f966.png,b4453c61c7d77d176575f6f1f7a317a8f822ace402a1b41d075151d4e2a6deb7,3230,0,0,3.6617971707417594,0.9115462896506858,-1.1846385655215614,-1.9685904548294904,-1.4201144400413999
3233,train_images/83fda7c0500b.png,7cd204f578e75c76ecc505a48ca5e3bdf4936e26f2a28ec1a52bf818e24691e8,3233,0,0,4.6747752692857265,0.9733641405853226,-0.16691896275293266,-2.9870216747368166,-2.4941987723813126
3238,train_images/895fe2bfc5b6.png,bb9732522190790e75a4796dfeae8d171342eac56cb2702aef5f30e8d46ff8e4,3238,0,0,3.7299801858344086,0.23397238657365366,-1.113405029406853,-1.4252995554682635,-1.4252479875329542
3245,train_images/93421787f520.png,365272d401433346e1fb850d003f410d833a8d27c2f0e0ae387e32ab26f6de35,3245,0,0,4.046277175528505,0.5081274412933502,-0.7481992633107879,-2.185780671577275,-1.6204246819337982
3248,train_images/96ce10a1dbd7.png,29cda9cff2b3292508a6f4512b9cdae4b85e088d9c43190ed06b3dd1a9754b00,3248,0,0,3.7769251267458084,0.6705973962879291,-0.8170304267107924,-2.4485117920831714,-1.1819803042397796
3251,train_images/9910c827e2fe.png,dbbd7336a58d14af7a733345f525138917b2d6bd92c7755ffaa27a5a8271719a,3251,0,0,3.322863208578462,-0.11895512340676895,-0.8606466261417276,-2.3739627822803073,0.030701323250333007
3258,train_images/a07efb1ecfc0.png,fc90e55b47bd780d8d33d82d17b967f5132d35df3d8057a5d67e7cbb1b5a12a4,3258,0,0,4.669776693488558,-0.43482375404768026,-1.5510573532242558,-1.6513058168479824,-1.0325897693686499
3266,train_images/a5bb85afc6e8.png,e0fd0dec8c386b5827e49dd7da94984357309c8f38fc5d00c793a92be5caeb06,3266,0,0,3.9636818362218578,0.7916876473219792,-0.4112915977419335,-2.395924934605822,-1.9481529511960876
3272,train_images/ac1667fac512.png,1a6b67950976d7500c823f4bc9e176fb7de36c809b6a8e5981e10fc2df72fad0,3272,0,0,2.9957356583203616,0.5462665062620474,-0.6709369020469729,-1.5861963133035202,-1.2848689492319225
3277,train_images/ae94ce412de9.png,52094f2da33721c4746082488db10a7f87ca19763bcfefb7158eb15fa45dfa97,3277,0,0,2.812001595674381,1.608179849079897,0.2315230861405061,-2.9174223440935445,-1.7342821868012495
3278,train_images/ae975c43bd8b.png,2ffe47f0d9eed80eead9dc84c12656c865af874a2fe5c3cfdc797c0720fb44ce,3278,0,0,3.239574420780411,0.7519611468807419,-0.41546163121744745,-2.5900037619577794,-0.9860701744859339
3283,train_images/b16dd4483ca5.png,efadfaa8278f0e37c4d6152d666305fb8bc3e489f55de3584d15126e408bb5cb,3283,0,0,3.999461759937205,0.004931714159662759,-0.911763917072274,-1.414913153793412,-1.6777164032311855
3286,train_images/b759cbef90c5.png,69954a8fe0a89183c0bfd2b3b99dab3aef9c9acb79a497c832e855b9f787886f,3286,0,0,2.5536650933431524,0.8860041339452152,-0.1326886993407403,-2.4241890874357424,-0.8827914405118928
3291,train_images/ba0107fb1bfd.png,26d1310ad0d0717f014086942b5845c785298cd4e165dad3cc026b76980689d9,3291,0,0,4.482148227942906,1.0057017193635465,-0.6393537136251439,-2.7550584883695577,-2.0934377453117556
3297,train_images/bdc6c60e9133.png,e8e82fb4a8eb546ba4da7c89d3fcac2b6cbe383a2198d3f97a084181148c1ca6,3297,0,0,4.549798959477528,-0.390401966147788,-1.3758232520709301,-1.6430271944808874,-1.1405465467779266
3302,train_images/c3c8fdda50c0.png,31deeac6868a9ea17d50fbb6abb38c21d01c9ec719ac8bacd93e2ed19faf9248,3302,0,0,4.076026915178296,1.2239455020609542,-0.5026739673665102,-3.0973836412078595,-1.6999148086648854
3309,train_images/cad5b1a82e60.png,a46ce83f8ee0ab0218c3a2b0b98a52c4239a3e919831bf5f1e713f0d7f69bee6,3309,0,0,4.138573351043556,0.5935840293795318,-0.7434101765517751,-2.250028822364592,-1.7387183815067275
3314,train_images/d02b79fc3200.png,fc6aa0efd42b27d10d72cc0bb8308479a65e97b31c7239d8c2c89c5915151d9b,3314,0,0,3.9948078784901653,0.7520515216633757,-0.26563828688806174,-2.6989518369561116,-1.782269276309373
3317,train_images/d2dc86021c67.png,5bbb3f694016dfea70d5939eee520ab2eeec9b5648c433e7ec6540c8a3039146,3317,0,0,3.5587207830865784,0.963963682959216,-0.9132266868085837,-2.659599268229615,-0.949858511007605
3323,train_images/d74ccc796517.png,f01581d3843503b9dc7c35bc85eb6282f6689d7cfca676800291903e62ca05bf,3323,0,0,2.6531749492499874,0.8200157840618504,-0.009073395809613138,-2.1712523730393043,-1.2928649644629282
3333,train_images/de6210f88536.png,4b4fc255f4bde07100dbd38388e85cd8e85eb3c1345a03061f7371596f2be9d8,3333,0,0,3.8814677276464624,1.0146398801158263,-0.6264055553248387,-2.7247650558526773,-1.5449369965847768
3336,train_images/df0886f1e76b.png,ab2fea837a1b519345bac844a855175c39eb3fab139b5d1b9e25e3fd9de321d9,3336,0,0,3.8955539536953503,0.2752635833179338,-1.4476216845487162,-1.0087651864435652,-1.7144306660210114
3339,train_images/e087bd4b88f2.png,b4a85ff726f89bde02e37c97afa2f1f9313d67a43eb3d738c171bf2a4efbd659,3339,0,0,3.2154378194733417,-0.6740803503492263,-0.7132420297891511,-0.5645382172256681,-1.263577222109305
3344,train_images/e5197d77ec68.png,f75f92feb9c6a8cb90fe2a939f35b233f08ca83ab2ce99b0e07f2c66b96c9107,3344,0,0,2.6501598186508786,0.009834295533137638,-0.7216226151414229,-1.3048587468226873,-0.6335127522199125
3346,train_images/e9faf0296643.png,6cd6b3b61d9f5292e2a8c99db942b0d183ab693f1e8682332d9b09b99b17aa6a,3346,0,0,4.5909462926298685,0.24530203702701886,-0.3083976902556839,-2.631648340263998,-1.8962022991372127
3352,train_images/ec01f0862669.png,0d2581d68319924744e3f7f6b5be8542ea3fbe9189bf43831f8c156709a497cd,3352,0,0,3.605493572519817,0.07189200933232642,-0.5308979151153779,-2.372454547947063,-0.7740331187897067
3361,train_images/f58f0b2fd718.png,f2743551b4b5d060b4f6d4ee10342ffe3a3368b363a012867a2b2526c2934921,3361,0,0,3.667111872238594,0.5864621864845101,-0.20795680990440707,-2.55133855383205,-1.4942786949866533
3366,train_images/f9d8ff3e6592.png,373c3b131616e1ff72e8ba015090b6f92933d7e0bb8b95bb3eb691d6be9ea7ef,3366,0,0,3.6860007520132574,-0.3741069288802321,-1.3704547176123842,-0.796623664368993,-1.1448154411516573
3370,train_images/fc8fce67fbf8.png,268ddd86bee16d7ff7bbe4f9be3cf266fd8ab0608b205ccdd2ebee1ee45883ac,3370,0,0,3.469417182553674,-1.7556949984204113,-0.914631322168268,-0.6332732886796951,-0.1658175732853065
3373,train_images/fdc685055659.png,b6bbf49861b0ae72f452cef964de781ef20ebcfe6e8b698af44f5bf2f65e1874,3373,0,0,4.827585138274497,1.3077831458748415,-0.7357557805914692,-3.5931219738025773,-1.8064905297552967
3378,train_images/ff4955e76894.png,dced3f7ecda88a835351c70f8fc1d5758ba16aa1207cc436b26f7905bddf39fd,3378,0,1,1.6527997342667033,2.8777804149416486,-0.5093468439381155,-2.9385085293820636,-1.0827247758881837
3380,train_images/0dc031c94225.png,f23addf864ad0f8503132a4e94a0615b1be00c379877b577d7a83a7c6d39b6b1,3380,1,1,-1.9300151110948167,3.097564309616835,0.26928001081471004,-1.233673398582927,-0.20315581075381822
3387,train_images/35aa7f5c2ec0.png,cb66e86c28ab48f1884c067226847b34c2849713a3ea380fd6a638fc2582523c,1683,1,1,-2.9104676066934285,2.023274860780597,1.253490982010258,0.500511366358169,-0.8668096024556127
3391,train_images/384631079d1e.png,1845223f13efaf1d706653c1595d5c01ca111f756f22a31fd823117c8f128584,3391,1,2,-1.7959981114627903,1.2980799814804058,1.3470211882103034,-1.4512227787340932,0.6021197205061618
3397,train_images/4e82c3c8d31f.png,a3d5511c810f9f7ef31216ea01981a88ade01a8e92ec813487cc7dbe78cc1dba,3397,1,1,1.158894538493058,2.128462435868938,0.08222462202094888,-2.4820420801985565,-0.8875395161843977
3399,train_images/5090917a2676.png,7f58a387220daba3220d2a2312eddc84f2fbe953bdb4275e4d73720997aa05a9,3399,1,1,0.053410002777196014,0.9159824126726208,0.8528913058900225,-0.7755375421306397,-1.0467461792092154
3405,train_images/6377e23928f6.png,5af37ce5c0de0a95ba6521f53195797d3f324981343b64a7814d247330bf70eb,3405,1,2,-1.7888345829366965,1.4845188430623455,1.9630804415611918,-2.130287384886473,0.47152268319961266
3414,train_images/94111ed3d276.png,729166d646a820158850225f13c1ea4a1a39da507d06081a98cc4aa0465a280f,3414,1,1,-0.4648714500694869,2.086183630076582,0.8172675070966722,-1.5771312745776314,-0.8614484125261469
3419,train_images/a19ecd0a706e.png,284214c0ddcb433755d8402a694d8d8aae33de8a48730cce4663031433903fb6,3419,1,1,-1.1245745272379033,2.0830807662357502,0.8596925477700521,-1.6178241235425332,-0.20037466322537753
3424,train_images/b576c5269ad1.png,9c2108c7528b935e27b10d0cee2c55f2699ba27bac2e6fe131dc0117e0a5fec1,3424,1,1,-0.660528030232006,3.709740582240246,0.5430303450115126,-2.330368411553968,-1.2618744854658048
3431,train_images/cd45bfa07d41.png,0b6f28cac3c0a75815d4dabc5c197dd8c15e722847d6dc7ec9bee010ee26f255,3431,1,1,0.23394134654440701,2.1354410844628218,0.8391063151179157,-2.248766488649729,-0.9597222574754273
3437,train_images/07d8db76b301.png,8ad3b058c90da99902d08673972bfcaf71eb0c10374514b771f56a3621ba5c45,3437,2,2,-2.193450754127409,1.0290217077835164,3.2110678944222193,-1.7022530523714055,-0.34438579570693784
3444,train_images/141735b57ec0.png,d26a6aa0d46a2a14e5c50c1e9c595dca9ebffc049eb1a605f7738204ac9c2f4b,3444,2,1,-2.8146943650465164,2.557979805464789,0.667171005602931,-0.9366939368976002,0.5262374908763836
3450,train_images/1c0e5dd1b14c.png,fbc62e0ff7e4c90dbc41c2497baad7a2c4d3740852c842db2b2a4001c4cb140b,3450,2,2,-3.7224182915268056,-0.21311943576988757,1.9811438958790324,1.0431080657707525,0.9112857656468991
3453,train_images/1f0e223b8055.png,a44a59ce6588d043cff0a7216f4003df94d5af769c7505bd0a203724e3601daa,3453,2,2,-5.612282029766609,-0.9583251307352196,2.5021552175825725,2.43282601594946,1.6356259269697817
3458,train_images/2532613a584a.png,e547cc39a83768348c6cec348a3019f194620e1c89025a6e7f2cac32a93e3567,3458,2,2,-2.5870297915812137,1.1595088873126302,1.714441342604948,-0.22202414779786428,-0.06489629053851123
3465,train_images/290ecdba359f.png,b69733a030fb9184effe5c058d7d33ccdb3e7a8f399229566a13f1dfc89fac62,3465,2,4,-4.895554090692922,-1.4105460307134279,2.106756796414097,2.0772725151827935,2.1220708098094527
3470,train_images/34723fae6475.png,16772915110867fba2c220a028245a8336aa6d55688671e924190500f8bbd53f,3470,2,1,-2.505493627261294,1.1862658771146384,0.9493758628322793,0.2515255475264643,0.11832633978789972
3475,train_images/3e6bfc4d5c65.png,3bab5bb9b4265a8c52769764034b5e437599448d3d1714aab6e091fcb4fdd48d,3475,2,2,-2.6079066289309316,0.7456687817999219,2.125138682267786,0.38330907801848724,-0.6462099131552815
3478,train_images/42a67337fa8e.png,32c26131fedf06b3c40486c873da1645fce755cea0193afdbcfd6cfb1bd07ed0,3478,2,4,-3.670658302380621,-2.42575686037257,1.6651901066838843,2.103088731469327,2.328136324599958
3485,train_images/48fda42bd5d4.png,dc6fba315d386691a86ca43baac85591d9cdb4aa52468adc4c9b7b88f5924eed,3485,2,2,-5.455781537830592,-0.5932150930077249,2.7300998035481,1.3514050889333489,1.9674917383568493
3496,train_images/5265dc9acdf8.png,63b59e95e9863ab5d9baf8bdd9c365bbea4fd2ac255cc5874798b4597e356722,3496,2,2,-3.7924160030169154,0.19443488078471732,1.9986312725540696,-0.1385101654524339,1.7378600151305488
3497,train_images/594f69b503ad.png,a6d6db6984c3680f4d0ff30ecadd85c0aa6c7c14ad93bdbbca508a32ad69a6fb,3497,2,1,-2.4629626850151527,1.2533313651189755,1.0802994324220394,-0.021962595004531016,0.1512944824786592
3504,train_images/674057ab250c.png,5342128f7151e97766f089670db1e7af46083aa8276cd2046b07e26d733c9f08,3504,2,2,-1.8439532511524128,0.3073305043600498,0.9575959829179013,0.9327572613748473,-0.35373049750039365
3508,train_images/7356dd08b0ae.png,a4ba1a4a31cfddd75efb79b8410e38d5e54bdf0118fce0473960651d96e6e9ee,3508,2,3,-6.436816284570377,-1.6693428658195688,1.8791593885478464,3.8337030819128244,2.3932966799292594
3509,train_images/7550966ef777.png,c074f9f47cb63bbe2520ddfd2e94faa53c842097e4b8925d20f4f845df76e94b,1538,2,3,-4.780741225915099,-0.6485959012165099,1.951455913439949,2.0681602818610667,1.4097209318305821
3515,train_images/80b5a9519aec.png,af7273352117ace4fc4ad5e8b112408c4f6362aaff5cb0fea05bed80e4d3c30b,3515,2,2,-3.4784527721504164,-0.21400572465360646,1.5970385700583898,0.7629518193967905,1.3324681073488285
3522,train_images/89d2a7403a06.png,9b58f2686bbe38f99e8f15751b3cd7b72eb0f25b0f3e83636d125a82c425b1dd,3522,2,3,-3.92668414528933,0.5568117304109982,1.5872836338959375,2.343976159408207,-0.5613873784258279
3528,train_images/962cf85e4f6d.png,e2dd1b0efb2269f00f6be4da687ce154179966619766c609554058605d6fa482,3528,2,3,-4.04342818331817,1.3098395498896038,1.3805671773419164,1.5299364178274892,-0.17691496174085386
3539,train_images/a125377fb985.png,889b21c5a859a542e52e039ae4edfeaacd79bcfb246a1b6ef816b9f7e9444e3b,3539,2,2,-4.948023221023927,-0.6661552981323511,3.3960734912099353,0.8076307955199197,1.4104742324264123
3542,train_images/a3957df90a78.png,42df53a226498a4c20f810b2a77f10d9c40e73c04ea68a7e82dafaf75a2a240a,3542,2,2,-0.7010584099392059,-0.728087320685533,1.1657850161797318,-0.004865856327413098,0.2682265707724112
3547,train_images/acc9f29538c4.png,587e3a7e2b4b4467a0ef736c83470ad8f9e349e5d5dca41109e569edff5a8b2d,3547,2,2,-2.0108307965942687,0.26884347895143434,1.270198630117426,0.021290346513234026,0.45049834101216235
3551,train_images/b82d5f1f1145.png,ff24f64bf9e1e111bde4e5d6fe4fbb526dab33d7e2a0ba3122da0318141f0553,3551,2,4,-3.545874028611071,1.2683584293733938,1.2098294973669477,-0.34479917172601626,1.412485273596729
3557,train_images/c561bcd519e9.png,4efe9b61312a1695ce0281f9b6b80d8b8355fb13ddfebbe80dc98a541206e08a,3557,2,1,-2.814485123164184,1.1047744321606312,0.8405412289209844,0.7046166537466739,0.16455280833588218
3560,train_images/ce887b196c23.png,50030ec7d40919ba8ae7ecf7cc145950f1cea65f54da0ed9630dfd3b31c9a026,1949,2,2,-1.8826544750411716,1.0976112538379499,1.7671950979105377,-0.6548247252380314,-0.3273271514692957
3566,train_images/d95959798b57.png,454041f3d5fff4ca2a175384664385b7896ce48b9e592a16c9f4f45a83a36c7c,3566,2,3,-4.6700074667548845,0.2946716003709479,1.7353325429622888,1.8974978780637874,0.7425054453578473
3569,train_images/de50dfa745f8.png,b0567de16835105730d68f4405036ece5912cefbd4b1b9ff5810cd3e8feb19b3,3569,2,2,0.10386008413442213,-0.8140817963095388,0.8078894863815329,-0.3601699229496162,0.26250214874319056
3577,train_images/e756495c11cb.png,08278559397750db9814c1ed722d99da0f676da8b034941f9afc7e4e99662827,3577,2,1,-2.9529569823309996,2.1314956676209524,0.33111944221596673,0.04022401771583484,0.45011785477823163
3582,train_images/f2ee81781411.png,6c2d329392faf62708e38fe95831baf27053c35b85659fc7c5bbe3614e519db8,3582,2,2,-3.1558380684225695,1.061180433517201,2.6757612127443373,-0.8137087156196517,0.23260513778067335
3590,train_images/3218a6d8eb2c.png,ffe361a72de65bf79eff34c44aa34ef145acb2d5543b529f72e903fce145978e,3590,3,3,-5.214705456522866,-1.7410069155801309,1.669445178668754,2.754607349317636,2.531659844116595
3597,train_images/6a244e855d0e.png,c51bce902a5e1936a853796595fd0c6b9f9abaf2eb8af6544e594994f28616da,3597,3,4,-4.851306987155825,-1.127779859588629,2.384634554922537,0.5628047589310253,3.0316475328908754
3602,train_images/996f57c86ba5.png,49f42b769e09aa2317d42976df8d042ec0a76b45c3c4f0ecbbd1d91d58d9f841,3602,3,3,-6.879379569162564,-2.487008627855008,1.9758158727023931,4.02733392978969,3.3632383945254762
3604,train_images/a14bbd9a583e.png,9a57603f7e4c81f42e9b7acdd9064ee50e0038aefd0375a2e52fa6423f892b4e,3604,3,4,-3.3108955941837896,-0.561348563976559,0.6426960890193759,0.18720792966473365,3.042340139476226
3610,train_images/d16398c971e9.png,935405937e22b80c4b73b95afe6fae79cc8b9dbc86db99547fd9e73502d04b72,3610,3,3,-5.652035127041283,-1.8724229240316692,1.6891415956248361,3.67880784383943,2.156508611608673
3618,train_images/0e0fc1d9810c.png,1f57759d8a842bab35f5f966b59278bc64554aa5786634449f9716aa113e0012,3618,4,4,-4.779123617578261,-2.165027119355502,-0.22378241268554394,1.7813502465122628,5.386582903107031
3628,train_images/6194e0fff071.png,bed825b2ba7b3994fe80aa8d6eecada587b90a2922e74e41d0da5aa7c4d46664,3628,4,4,-4.157256248993233,-0.7196443662251002,0.6433929964743957,1.8316742957360237,2.401833323007906
3632,train_images/65c958379680.png,e6f9745fc366b3ec1bfef3ede76b78ad12259b256daf7f6f10b8c31d28e6c910,214,4,2,-5.55374330618084,0.2562833154130451,3.0268319866044853,1.4547574801572325,0.8158705240060655
3633,train_images/69fff98cb32a.png,d655f44778ea5bdfe84d973d7472c840fc85ff84c31d487034125bbd8a9648f3,3633,4,4,-3.116477593366702,0.536832745694814,-0.11883247895074206,-0.25655774264188735,2.9550350692644995
3637,train_images/789434d095d1.png,52b4d2ccf45571a62db6e05e2d016ea72bfe50bfcc294f75a7781c32c2e0ab6a,3637,4,4,-3.2614615120698187,-0.47252635494749917,0.9147307626329864,0.2981037100290239,2.5211533943552955
3638,train_images/7c90ab025331.png,97c93f4b2d51bec03fdcc5ae3702d6b95ca4379d37ff73d2d64c40fc8510b06a,3638,4,2,-0.08050870959597412,0.5908820624898866,0.9461748682156705,-1.6858875383833314,0.22933931727373472
3651,train_images/c1896142a20a.png,469f4d2577c49f8e2ac8eaabbf903f8e9aefd268d1523fdbecfd720354ab5cf5,3651,4,3,-6.543284693653699,-1.3255128992955616,2.130528707984495,3.3256160525025735,2.4126528324621788
3659,train_images/e4730ddde408.png,863c73d910389d3fa20b781b357b8301af3441b21293e9a505f5220febc5c776,3659,4,3,-6.944536693158177,-2.3573727875851533,2.7330699850942124,4.7395831143943905,1.8292563812547185
