pool_index,image,pixel_sha256,sensitivity_group,target,prediction,logit_0,logit_1,logit_2,logit_3,logit_4
1,train_images/475c7ded0f7a.png,2a85608f537c3a8aa19cb34f39980f226ea05222c71bc33a5c2f8f6ab0add3e1,1,2,1,-1.4219913,2.8997126,0.5653715,-3.3602743,0.63914204
5,train_images/fcc6aa6755e6.png,b69cbec9f6650dbedd3a7b25d5ad967edfcdf9703339386b961add102c45fd45,5,3,4,-7.6698837,-3.5038013,-0.8037944,4.493278,6.0519257
7,train_images/29192375ab1b.png,93717eeaf5ab296e796b22e4a7893c042cb0b53d1ec4c94219363a23d94842a3,7,0,0,6.8045616,1.9292879,-0.74999,-5.452687,-2.6059356
12,train_images/b665041e1633.png,d562e259d4929a5ce76ee78285ebbbf1349feaa76d06f8c225cebb8e4ebc56fc,12,2,1,-2.1317253,2.714467,2.322207,-1.1991682,-2.3857884
15,train_images/70ed3ec68b94.png,df2bc888a0b0f1579ea13b07c53659409421f572dfc00890a689946c4db2f0a5,15,2,2,-5.739437,0.22911072,2.8155613,2.0816221,-0.45779324
19,train_images/8a81f62320d6.png,6421600ac1ef90ca438a79570d48658d5591a312e1594165ae78a083369d1481,19,0,0,10.5997505,3.714096,-1.9284277,-7.351959,-4.7724285
25,train_images/39923b29988a.png,3f205d8479b92d28afa16895d295d1f4e61030cb879f1feb84dcf40d6d1ffc55,25,2,4,-7.218502,-1.2747307,2.0436268,2.0176294,3.0951042
29,train_images/bb2f89488ecd.png,59b2ccb4bad8cb9958598e5a5888733afc937359672561a2c2fc7786b793c53d,29,0,0,8.758377,2.3934765,-1.0151391,-6.3972383,-3.6338525
36,train_images/2cdcc910778d.png,25f776d036c103e8cc68ae6b6d3519d2b3fe161547a2052f200b728a03dae445,36,0,0,12.248025,0.079857826,-3.2930012,-4.1144314,-4.4853497
43,train_images/f576e45d1da2.png,814432c8827b330af80dc3d0492c1053adb5037d7cdd7753964be3407d1dfd65,43,3,2,-4.7527313,1.1853094,2.6625195,-2.0326157,1.8657379
51,train_images/c639d837f5e4.png,e8e9c4a5048e6347251bb5404564b66173ad3ebfeb5cb37d9ced01f93e51f177,51,0,0,10.831193,0.7241125,-2.879321,-3.089808,-5.3144846
52,train_images/9b418ce42c13.png,f17c8f21926442cbf2d1e5ba36b411aa3157dce0f90af3d8d8c5a0238264b06e,52,2,2,-4.673279,2.5558138,2.910037,-2.6527503,0.8273926
54,train_images/5ac7a414560e.png,39d0d185d2de8e6b184d9911012676a4133b00d1f1ceab09de75cc41b6a14fa0,54,0,0,8.128636,1.7779732,-1.3247194,-5.208296,-3.322598
62,train_images/2ecbc2e3f239.png,e81e2287157490abe42424912252e492978c29105ec9bd73947d6feb2230f7a5,62,1,1,-3.063013,1.4261751,0.7234731,-0.9819608,1.0701294
66,train_images/494fc9c745a3.png,d1af4ec02abbf521343baea46fe913af2fab1f2e81b04c3cf530ba732fbf05da,66,1,1,-4.2144375,4.5535154,1.8486586,-1.6060324,-1.4551382
72,train_images/360832d84ce0.png,74169d127cd41109ddc9119795b9576a051a3584b503b090fb69865106d1a546,72,0,0,9.002796,0.9301672,-2.3834565,-3.8813558,-3.5211868
73,train_images/c90c6b94cf40.png,931a2a5326cfebb4fd0392b7e5b338d28cfe0a36f0943428b3ad92ac9f545d08,73,0,0,5.782398,0.25169086,-1.0588512,-2.4863029,-2.7443995
78,train_images/ee059945b08a.png,8ac03c10403f732f86ee541888866c97d8bf8557552060d02fdde9aa806d1148,78,2,2,-0.70145035,-1.0735846,1.6491327,-1.4075689,0.92590046
83,train_images/d29b37d110f3.png,b3e93fb8e2bdf1bd4fff555d9e43e04f0bdfa423c87a303b81b5ea7fff56c00f,83,0,0,9.008023,-0.9138346,-2.8572042,-2.1692545,-2.9503932
88,train_images/b3a994760537.png,e57a307e83c22a158cad4b349c0c62fa96566f273aa4ed62f5086261e46e1392,88,0,0,9.337697,1.8593397,-1.7279782,-4.8903494,-4.4400315
96,train_images/b99794a0beed.png,cf393c656e09abfe2f491fb5881e99bd62b19593c160e7c27ec001e31e420f1d,96,2,2,-4.820587,2.6226358,2.8327732,-1.6149864,-0.10185623
102,train_images/19ef4d292196.png,cfbb8c4f2da7fffc1402c1337a40653fb359a802ff7247693f1b1ee97f995a42,102,4,4,-4.6085987,-0.21428204,0.98875475,-0.91381955,3.6233892
107,train_images/8ac0c44bbf24.png,7ab093ff2ac69f5c99b4423053628e6ddb98d7dd6fd3ffdef9f7d06a0b1b77bf,107,4,4,-6.59585,-2.9274383,0.6110401,3.0782895,4.614316
110,train_images/f02babb3a023.png,dc192b0d39599a4748fc05ede6fc659eea5bf3bb6fc2d06b14e59d1525a5d95c,110,0,0,10.886953,3.198885,-1.8701441,-7.0646906,-4.8658504
116,train_images/3dbc90c7ee7d.png,67e68aed22d7e28bbcbe224a29229936e800797753e326c640b786423cfcabc9,116,1,1,-5.042053,2.6718206,1.2851009,-0.39110756,0.45115376
119,train_images/8d4ff745a409.png,a5316afad134bc35d5c90c81f1a42f1d58eda76f57b3cbcdca91e8787a42b9b5,119,0,0,9.868613,3.0126429,-1.7813842,-6.1054296,-4.785727
122,train_images/a188c60b93fb.png,e15ce84e56f689d4c981ffed1b5c17302e7065d50a8c74aa73557f4c7d9d4d2d,122,0,0,6.029093,4.349078,0.45235682,-4.7021103,-6.050017
131,train_images/720b5f62ce80.png,0cf25d6e14be7cef7ac6af42abb4482b36f2c10e652bc5f15ce626071b1eb7fc,131,0,0,9.123946,1.8637924,-2.7182283,-3.374148,-4.713234
133,train_images/6cbc3dad809c.png,efd1d94c3d605f12df09ec10367edc50642dbda4333c4e929976c577e5f772ac,133,2,2,-4.337015,1.7630463,3.4844608,-0.6177068,-1.2983341
139,train_images/4f5dd7660b17.png,af756e08a814b3068ebeef5bef382b42120464180ba0a2d836c4a87a080c29f6,139,0,0,4.934696,4.7038946,-0.6233249,-5.043108,-3.9731627
146,train_images/e1fb532f55df.png,fb179a76a65ccbddeb0f33c492ec296324b8d584fabd128f39cc71d4fe11e515,146,3,4,-2.8595467,-3.443705,-3.1363914,3.4156065,5.108178
150,train_images/283c3aeba594.png,d99f8306a6d1524a9eaa3e8af60d8f5f6d5f60e7671179a581a6f25ec0a1ce82,150,0,0,10.902758,-0.23426247,-2.3849008,-3.778926,-4.20535
156,train_images/3cd801ffdbf0.png,2b155912b3f4bd098536c75f028cb510afb557a11945b7378b5224b39634e69c,156,2,3,-8.067146,-4.491083,1.941822,4.72448,4.485018
160,train_images/b8ac328009e0.png,63d7b5c9ac929e83d6ba6814516b856d42371fd4b1acfb667379a4c7f5f0ab87,160,2,2,-6.1975136,-0.85647106,2.8963766,1.0865396,1.8390064
167,train_images/68332fdcaa70.png,3be3e01be679845db3cf85d6228042f9ccd4f0b935c57f798a73e9eb557e9574,167,1,1,-2.3410492,4.1392975,1.1307807,-2.039783,-1.631504
173,train_images/15cd5f52d300.png,40291ede78158fc2cb41e85b10b0ae2003fcf288ad3d7426e59e439818b21d40,173,2,3,-7.4265594,-1.767396,2.5991755,3.6374085,1.5889549
177,train_images/80964d8e0863.png,b759ee2f2702c2adbb806e8d786d98d681d9baf9e6dbf1c0fd323ace0b109aed,177,4,2,-4.1787434,-1.080451,2.4752865,-0.65544343,2.3949099
179,train_images/ed2c06fcc573.png,ca5891fd37d5544f1eaee20e1b081f2cbd8002478fc2a8a88f555a76976e8973,179,2,1,-5.4148693,3.1259146,2.6755438,0.30908155,-1.7608042
180,train_images/9ba469af2980.png,c6af4994727510c45ed2304c2896efbfbf3dacd5d2c2263395b186c88953def8,180,0,0,8.239475,2.801507,-0.56286,-5.5895185,-4.658294
184,train_images/dc3c0d8ee20b.png,8df6ecff0ab92a9bce692ce446b0c61adaa10efdab80c2b52593e34003859460,184,2,2,-5.1322613,1.6645327,3.5118208,-1.0093377,-0.11715412
190,train_images/ea588d1e5d96.png,5780521a6454f8b848476e20bcadb6c9a5306ba975358ff060d188591a5412dc,190,2,2,-6.474449,0.9728079,3.827386,1.0869025,-0.58566093
198,train_images/51030843fde2.png,7beb7ebabdfab826aacb68d7a82b3afcc2de28f606c1e9694192e5cbe48baa27,198,2,2,-4.7948227,0.5528431,2.9816484,-0.5703207,0.73770523
203,train_images/92587e494d51.png,e9c6bdbf48cb24e48bec4b46ad9c6db9133a3537cdc6fe6df0565abf259c86b5,203,0,0,11.640155,0.47280884,-3.4374452,-4.2014,-4.1171994
205,train_images/a1b28bcbce00.png,0311cfa034fa3c3c46bbdc3057fcd79738c4aa4b4cff7dfc0ddddfcf2856fc4a,205,0,0,6.7178593,2.4343233,-1.6824963,-4.6914234,-2.6451397
211,train_images/91b7a4179ecf.png,79debf6e6dfd182c4034e34834334d29dafe7c8661ef47492a88cf736b4a7fca,211,0,0,8.386562,2.5977917,-1.4081259,-5.6889124,-3.697547
217,train_images/595446774178.png,9a93a477d03f9ba6d61c08bb054c8b82ae32e1a223120ec49a73b9faae97f921,217,1,1,-2.313223,4.847662,2.0258098,-3.01448,-2.352394
224,train_images/5ea9e447bb62.png,41a9b4a5fab92dcc2e0452e9956464b89390adc22059385c3723b8f342fc74aa,224,0,0,9.546898,1.5558863,-1.6929467,-5.827615,-3.382576
230,train_images/ed6bd9293a89.png,0d8b49b59fe05e8a729ad326be66cc33755d23211a4b795c4de3898a0d426d1d,230,0,0,10.126741,2.5919743,-1.5057139,-5.9808874,-4.951571
237,train_images/98fbe56dcc2c.png,ec85e0f9438a1774b783bdba884e37d4b94a4ad7a4d93ec3479726edd370f47a,237,1,1,-3.7122555,3.5935354,2.6757202,-1.054949,-2.3891401
239,train_images/c1c8550508e0.png,3b26186be5348381728f79c58fe26b0bb8b31f9588df7807eff5cd00ec1f1819,239,2,2,-5.888281,0.5455122,2.4664917,1.3058565,0.36473465
246,train_images/cb68fce07789.png,c4d631423c9fcc239ccf3628a96cb9cbd1dcd8ed2bb11dd46962d0b12669a0bd,246,0,0,9.922338,2.0861988,-1.8823218,-6.670831,-3.2653537
253,train_images/0b2ea8f268cf.png,ce4767ae3fca02a98c0349e837fa4247c5c91557a629df368ca00daa99b60baa,253,0,0,9.277041,2.8598337,-1.7239037,-5.9144773,-4.231657
259,train_images/174db0854291.png,3e566ac8c1a916b23606dde41cd07324427c21c3c92c8fda73790c6d0c44f885,259,0,0,9.604834,1.069068,-1.0695782,-5.823158,-3.6520438
261,train_images/b89938407ee6.png,09ac3d6bed0abf175a518feb782b7b813d064944c4ce132de73722090b24a499,261,2,2,-1.2472992,0.5319395,2.5528107,-0.007417679,-2.4431324
262,train_images/ec4649213ccf.png,e31a8e41dee580accbdea40ba8e70a3e47a860cf49755c97326cc591c8dd4c67,262,1,1,-3.208147,6.1624155,1.4867268,-3.2534642,-2.0229692
269,train_images/d7a01fca9838.png,7da803f51d3647b481e1a3c0185a7bf01af469db40b8a31989d684bf11adf750,269,0,0,11.151849,-0.18917274,-2.3226264,-3.7875462,-4.5387106
275,train_images/692e946b1f85.png,0dc8aba96f86cb0f0b554c9830c529303328e002be3850e3114f1bb40d6e90f9,275,0,0,11.130515,2.266324,-1.8305717,-6.7996626,-4.4399834
279,train_images/ee78ce914066.png,0117532d34ca6b99984048a1ef1781f6f4fe98c0bc93c028422784737b0e9567,279,1,1,-0.9189148,4.5207634,0.95821285,-3.8606315,-1.3048792
286,train_images/2fe06bedb2c4.png,04929bfa62af66b88089623760eafa265ba8b95b02872c2a6f08e90f5b88439a,286,4,3,-3.2835846,0.5294857,0.64257956,1.234234,0.040780067
287,train_images/b69c224edd6e.png,369ad5862b9395e3eefe91adefdf69c84e25b71581386574ecc799429bf42b39,287,0,0,8.755013,2.212617,-0.8086219,-5.063139,-4.760715
297,train_images/5e7cc6ab4ac4.png,cd7a7b691c4b45c2a479fb90aa647e3111a8589a5c2dfa0baaccc22110d5a63a,297,2,2,-6.3868103,2.8744059,3.035141,-1.146843,0.38344765
300,train_images/03747397839f.png,995dba76485e5c43bb38265247f24328edc957757f8166268be10a9466216d1d,300,2,4,-9.525261,-5.493572,3.2831583,5.0194244,5.094182
303,train_images/eadfc8809ec8.png,6b10e78463c16fe9a15f5776a8aed3ef6269d1aedd214dbf32ad5cff8a2d86bf,303,2,2,-5.7888985,-0.04781246,2.9831076,0.72167724,0.9246235
308,train_images/5728b8aa98ef.png,a8e2e288e172c203fba914ff35dbbb82384879d77df6a486232fa5e6bdc487c1,308,0,0,8.625534,1.9487028,-1.098712,-5.7693553,-3.587407
316,train_images/484dbeb9bf2a.png,5da2858c1f71a214b2741fcd888ddade478427346adf866742faf8fea2863577,316,0,0,11.279963,0.058568954,-3.215438,-3.6039877,-4.209492
320,train_images/f2c0b41acd05.png,f52936a0a584e953e0a73a7c843f3f03321ebe5219b1294f18c4fba7e5212841,320,0,0,12.642742,-0.009372711,-3.1943247,-4.212606,-4.7744136
324,train_images/52dbec057cc8.png,93a85b2e63923cc617f3a8c385fd7001f699f9246f84381cd068723ea89dd3e1,324,2,1,-3.404232,2.3161669,2.0586572,-2.1371217,0.19396687
328,train_images/59bd19c1c5bb.png,e1d2216796ad9db27227ed159035d331159c57b6ff9d31eb5c325d79bf6414ce,328,0,0,9.555955,3.04809,-2.2872422,-6.290816,-3.854053
333,train_images/cca626a0e19a.png,3ccd3e828aa4317aaf74956f7bb5b99df5e4082950dee58a10f327bb8fe1ddcc,333,2,2,-0.947279,1.0981026,1.3240829,-1.3543038,-0.8443155
335,train_images/291f581d365e.png,4a5a59b6dd7736e2b90c5070c2657228fdae72dd11c82a877cc17d184abb7adf,335,0,1,1.4741898,3.2788572,0.20934105,-3.0291138,-2.2640443
339,train_images/f09fd9433dff.png,75a4aef18f9cc1dc9d7c0c4e636df6c90da906d564c4b8cbaf5da71e082fd8a3,339,0,0,9.4637375,1.2057514,-1.9013596,-5.28983,-3.3215055
344,train_images/41960d5f58c2.png,374ecffa1c3f69f04b69ff7a632e73a1be5aa292d9fdd5379349e0d73e7495bd,344,0,0,7.774605,2.019534,-1.252357,-4.676756,-3.6433702
349,train_images/bda7ff3b1562.png,e97988db664de2c6a7c0953999b4e1696d3fe53195d256fe6d410299d7dc300a,349,2,4,-4.11228,0.061439514,1.4629416,0.046331882,1.5416965
356,train_images/1e143fa3de57.png,d9693f423433ba9af946e90eb9c4ef4ca1437c9be236e3087d8decee8a86835f,356,2,4,-7.2461796,-2.3728185,2.9219255,2.4264631,2.9690418
364,train_images/973b0facfa9b.png,f9b03670add4fd20cf45d90658924289e51ef547724f233ec4f956a267b2516a,364,0,0,10.917755,2.7643423,-2.3175366,-6.3586984,-4.7121205
368,train_images/ab50123abadb.png,b759ee2f2702c2adbb806e8d786d98d681d9baf9e6dbf1c0fd323ace0b109aed,177,2,2,-4.1787434,-1.080451,2.4752865,-0.65544343,2.3949099
370,train_images/9a56cfb980ec.png,1523ce95eaac437dd0f89fd1fd8820d7994a494d73c94b5a93f451e6228106c0,370,0,0,11.103275,0.5716944,-2.9124734,-4.2318473,-4.236874
379,train_images/4ad8d3ec8789.png,0ae10118f919999cdc53ac0003a698891c124f71281af9e557bf44a3795aa7ef,379,0,0,10.264682,-0.7007847,-2.027922,-4.298069,-3.0305285
382,train_images/dfea19863428.png,af544022ebcb32e36799d211e548bc091a59ab10f9c5e8a8b40b63ebc0325311,382,0,0,6.2960453,0.90819645,-1.1062984,-4.0291085,-2.073742
383,train_images/921433215353.png,071387b933359dadc7d6a87bfae2842382428cd56772c74770f2225c1f7318dc,383,2,2,-5.186531,1.2027416,3.1108198,-1.5287943,1.2652216
391,train_images/a56729de89e9.png,abb51e073519dd2446e1fb5e08e3b738f261725817d6b9dfaaadc9d5eabb974e,391,2,2,-4.6678486,1.8759518,2.201645,-1.5212364,0.8987436
397,train_images/b99c825b93c5.png,c58f44f12d0b5bbeccb3887dfd454bc3ab5979dbaa8953f267cfa35c7b22fbb3,397,2,2,-6.723385,-0.41492367,2.873479,2.386099,0.6456108
401,train_images/af828dab3ffc.png,ee1e2fdab8578e2d4c6f9d72f62fbadc258502d0491a4ed0912f21245e3d4f8f,401,2,2,-5.0539017,-0.32318974,2.947134,-0.15222263,1.4689674
404,train_images/a7c10ca6c117.png,7f97d4ad4b0c6ef4dadaeff9d88b2d89d7b6828935b8ab35facd6a838cca95e4,404,0,0,11.025656,2.189991,-2.5192564,-6.2780924,-4.108403
413,train_images/f64214bed40e.png,d5157d85ff50bee5988cd60c310718f6959d05ebfb4d5332c3a4a9a68bf51e79,413,3,3,-5.891512,-1.5679188,2.1349669,3.6378434,0.65215874
416,train_images/d6b109c82067.png,5c8018f3c38b073079501fad1132aea215f997186d72500dda966cd320f8852d,416,0,0,9.908442,2.7843637,-1.7532287,-6.7142773,-4.023987
424,train_images/7131bf4c9e6f.png,bdbb14ddefb382592b88fb7797e9b3ecab41c96521d37e7445f9da0a3c05e0af,424,0,0,6.5781765,4.3119526,-0.35731173,-5.726742,-4.7262416
431,train_images/6a2c3f4ef329.png,4579c9f939b9dd5dff2e272ca6582648085f53af086b4aa12fca6db3d3d598a7,431,0,0,9.0606575,0.5325289,0.086084366,-4.922573,-4.3784456
434,train_images/0dce95217626.png,b64e7f11e5c1faf9d5b58fd79dffc209a18e9929c93a44b84fcd130bdd255e26,434,1,1,2.1026592,3.591321,0.1484766,-2.7595868,-3.383205
440,train_images/f42b693a9414.png,ef531eac5f69d1acbaec1a2f9e9ae8925af9e867e5f6bf5c6ec7259bdea5d15b,440,0,0,11.330892,0.21083355,-3.1091652,-4.4236503,-3.674292
444,train_images/7a06ea127e02.png,11794a6ba3057205328abc88cbf078f992d701ea2d1230ffdfdec6f04af72ed0,444,0,0,10.292862,2.9768791,-1.8985238,-7.1107864,-4.041861
448,train_images/39fd8ef3a45c.png,3a7847fb83048ae61e5d6fe8524d8269bd89aeef83a05fa6038267a575a67917,448,0,0,9.296334,2.0984325,-1.2269282,-6.18022,-3.8193235
454,train_images/6b7cf869622a.png,c51e01680d7ad830f4591432953eac494bc98c172d9b97e781395ad26f8081d2,454,2,2,-1.8353977,2.2666283,3.1855688,-2.1861067,-2.0760064
460,train_images/6a905a7202d2.png,12b5f1b298b1b3d66c6d9fa6372c01e1538677baa66753c32324143c40b35747,460,0,0,9.675363,1.961422,-1.9958189,-6.233511,-3.2463698
462,train_images/22449af52060.png,d2dc682c757eca02d89cc60fa289e500710c99a84af37a45b1e2f204161407f3,462,0,0,10.807955,1.7891684,-2.0292974,-6.2893076,-4.00124
473,train_images/63c0eafd6aa9.png,e9e6dfc06ce89c99a49f00231aabf650b9f1fc92e6f5d5328f38c2ca2fc1c093,473,0,0,10.880925,2.1605406,-1.9241207,-6.825589,-3.9987783
478,train_images/bb11db08584a.png,29502ef8fa00753a37472d26a3732cdea1756373d7810cf32b9c0528c6eb2bc1,478,1,1,-1.2945061,3.2808266,0.40528965,-1.3237462,-1.6445017
484,train_images/0afbeeef0ff7.png,189fe280f1017599b78b6bd7e7b4362eda2c865ef9c1bf25bb3836bb3b7f95c6,484,0,0,8.83897,2.2648954,-1.5427556,-6.434228,-3.026649
489,train_images/0ae2dd2e09ea.png,3a9753ebb23c971263daa6851bbc2ad6558f10df26a82453925d28939ad6e131,489,0,0,8.583041,0.9991236,-1.3616071,-6.4399714,-1.6985044
494,train_images/1caba2fb38f6.png,21e7412d15b68729cc3c89614811584ba9809e1bca6ef1564054f57a1484f787,494,0,0,10.332544,1.5613823,-2.0378065,-5.4536934,-4.164597
502,train_images/6cd606dc52e9.png,52fa022fa7d7ecad954b7a8d9f54f7f934fdcbefc0a48e410621bd3da775d3fb,502,4,4,-4.3608036,-0.36990356,-0.4754219,0.76830184,3.4489336
503,train_images/144a1a426137.png,439dd2ec4149ab75162d21ac9fecc7d934f86f495137a6441f9259f8ee20e017,503,2,1,0.31518173,3.1300335,0.83687925,-3.407187,-1.5657005
505,train_images/36ec36c301c1.png,5ae31f1a7a2499890419d0c6e275368f4c36324686c64e58ff2b7b8319c36f75,505,2,2,-2.2577076,0.78537655,2.4814606,-2.2809033,0.43554688
508,train_images/ae2c3f6312ef.png,166c1bae54070430e62ec2c259491360958588f92797a2a5b37f854df57a904f,508,0,0,8.496231,2.3863182,-1.291204,-5.7109966,-3.796463
513,train_images/e60e4edb3ca9.png,05e86f2dfc3ae4f94a9936e8368b2d76fbc2dde28525b283c2c912e1988b5fbf,513,0,0,8.63951,2.2290926,-1.3184295,-5.0355062,-4.398538
521,train_images/369229040a34.png,210bd4bfb3d75e51ed8e384ea48f61c72608ca8396dd948b356c1e12ee0e6e3e,521,0,0,10.163555,2.733881,-1.7319808,-6.882251,-4.079574
526,train_images/4eabad7948cf.png,119efcde8ab6eafd36d00f54c037e483f6ab54e261118f56c1ae545558eff20c,526,0,0,10.245372,-0.54882336,-2.4908612,-4.007171,-2.9741325
536,train_images/cff262ed8f4c.png,2445341e543ad2e1b8c7422b0f91b48383448cde4c4a8aa5711247fb18a9e4f9,536,0,0,6.6131687,1.6198463,-0.9503255,-4.792841,-2.3319058
539,train_images/be7bc89f5fec.png,54ece05eb1367d608c1291f16db33b9cf97050da5b49519837c51d3ea3a01ffa,539,2,2,-4.645628,0.3353691,3.0017986,0.060861588,0.27959728
541,train_images/8b76c3c5cb3e.png,b11babd97f60a7a3b69400c0e5ffda5e28ae7fe0c654a62dacb8da2754a28910,541,3,3,-3.4107418,-2.7326803,0.4103918,3.7011075,1.1649904
547,train_images/9985375d709f.png,59b970bf4da0484682a33107f1896f659d895ebeb417aba9d57cd79bd72098e3,547,0,0,9.138733,2.295988,-1.4643557,-5.887683,-3.9284425
550,train_images/e0d229db881a.png,5c3eb20544053d532ad1ae8f96107591311dc047d7c1745e3896e9d2e8e5885c,550,0,0,7.4674606,1.6772785,-0.87147474,-5.396247,-2.919365
556,train_images/65e530ee2e79.png,aafe7af8bdbcc7f1363bdf21933595d1e438ab62e0cf002e3202fc77e0fe4489,556,2,1,0.28844452,1.6014786,1.5370297,-0.8764696,-3.0240865
563,train_images/32ed318235b8.png,a6a470a5a45d501fa2a0777964b1b7a709eb962a87bd1c52d88a475d629eb414,563,0,0,11.602446,2.4218788,-2.5118647,-6.978163,-4.211174
568,train_images/86722fcd802c.png,660bf59ceefadb0651162d7c8bbdeb938dc9397cf821d01421b46945433314b3,568,2,3,-4.904497,0.21779442,1.1058211,1.407696,1.1689653
573,train_images/8543a801dce0.png,124fbb53510f23ebc9aabb7e9d92258602b65a8ce8e695af22c3bca19634297e,573,2,2,-5.629404,1.3587112,2.3483033,-0.7093903,1.5566034
575,train_images/66bfec8d6bcd.png,60a81873069f0844a3ec1b8c45fc467c84b27f57390858c4edb868cd6831aa79,575,0,0,8.792462,3.355278,-1.4067378,-5.907832,-4.7036333
577,train_images/d25b8a8ad3c4.png,fcde385d589e1be2c8173d9e2abbf829047f644fe37c8954160bbe14932e5336,577,2,2,-3.8463116,9.8228455e-05,2.2714243,-0.44339263,1.1607227
583,train_images/3f6bccf21ce8.png,62c1d573727b2c39974c6d2c0436d9a257112ab9d1e0da3111d3580cd90253a8,583,0,0,9.419624,2.0216255,-0.9689436,-5.97146,-4.331708
591,train_images/d1b279cc02ae.png,6915555cbfe256ea0da20aaf373ca004f6e3dd550e3f410d7587feb845ce7471,591,0,0,11.672494,2.12708,-2.0015495,-6.925617,-4.5280175
596,train_images/1411c8ab7161.png,1213a26d8bfa7d2f2353cd74227b3d20c4c68f85c84efea05674c9ea40aa536b,596,2,3,-6.2138176,-1.3969707,2.310227,2.4092546,1.6612349
601,train_images/bf87aedf2489.png,9ef958cc936bf5be58d23e02fdca59113ce311697f401722a6a84870732fcc4d,601,0,0,9.8964205,2.4779005,-1.4710047,-5.9950266,-4.651351
605,train_images/9122b31414d3.png,881ebd6d9f2b265e40a7aa0a27393699764bb82cbccf20e5be85828a8403a0f9,605,0,0,11.0324745,1.6053095,-2.2330992,-6.560624,-3.5817623
612,train_images/936299166bea.png,ebd6570376af00e57efa4d2dfbf0854d06aa875f6bd6edb8549f08dca258c0ec,612,0,0,12.825048,0.77205276,-3.0994456,-4.8821325,-5.166199
615,train_images/870fbe6eaa68.png,0f3ad09779b61f2370a3c2bd3526fc2eca310a5c387f2dda52afbf33e0ac35c8,615,0,0,9.539646,2.753337,-1.7409668,-6.6776342,-3.7307825
621,train_images/f1dc26c4bfa3.png,4d930ccc7c774f2c0bb23be92eded8b0a548a1f4c67f7370fb8d13feff5fdd5f,621,4,1,-2.576685,2.7463531,2.7175646,-1.549016,-2.142272
624,train_images/aad0c0ee9268.png,67892f888833b8ad425bef3cde2f9d38503ade4a8172e591b26e7a5ebed11672,624,2,2,-3.3596916,1.0428982,1.8702226,-1.7337661,1.049367
634,train_images/15e96e848b46.png,b9d874e27d4d773551f1ed17fd4bc12295f61a3230afb26da63b712425b58d33,634,4,3,-4.333517,-1.6963339,1.1860008,3.1865854,0.7312069
639,train_images/6a91eb157f47.png,5fd4a67f1453bbac5f3753bbbf0456a11bc47bc3015bc9d848454bda34f8b330,639,2,4,-6.8735924,-1.4724855,1.929419,1.2422383,3.8836718
648,train_images/ab724603ee93.png,bebff6e1337b4c474f0494eebd90c548e3f15945381f3c84fd1e1faa58260cf1,648,0,0,12.911221,0.16150093,-3.3039575,-4.5644183,-4.723049
650,train_images/6b66b0e86f7e.png,a8b93ae26d78baa582a1d37915c18b22f3303ad0b463db652323617e31250cb9,650,0,0,10.117955,2.6047726,-2.123626,-6.9281044,-3.4659371
658,train_images/1c13a1483f4a.png,094613f28258396ddfd3fcc17f50e03a6e72bf23c0a370e85a8b5429ccaed3c2,658,0,0,6.102152,4.5816154,-0.67428875,-5.2022347,-4.917139
660,train_images/3f98be586fe3.png,b39099eaab7b3c23f593b615693f35a5d424979870e863a7dd727e117ebba8c9,660,0,0,8.946358,2.954113,-1.6804705,-6.109518,-3.999125
669,train_images/99ecdb41d5e7.png,84dd8e723f1c3aae98231ad77b30ac22ffb8773290e8dde730977c825e89dd0d,669,1,1,-1.8361988,4.6308517,1.5005541,-3.971736,-1.0118895
673,train_images/55eb405ec71e.png,6c7e3df2db27274cfc23a443feede171d0fc88a6d1347c3496eb9c61423c8766,673,4,4,-3.456705,-1.0830984,0.3049388,-2.847756,6.103427
678,train_images/4036471a1bb7.png,c169b615fc3828c0b27effebb1f641055881c25478ec98f9ccbba4c5b1fe528d,678,0,0,10.561938,-1.0089388,-2.603969,-3.591712,-3.0978537
679,train_images/7b87b0015282.png,9c344b76aa0f68ae3934b2da00ea079961c1cccc13b84791b73a96fa274b032f,679,0,0,10.951035,2.8354282,-1.6866677,-6.700698,-5.104513
682,train_images/d801c0a66738.png,3be3e01be679845db3cf85d6228042f9ccd4f0b935c57f798a73e9eb557e9574,167,1,1,-2.3410492,4.1392975,1.1307807,-2.039783,-1.631504
691,train_images/20404ec7b518.png,e96eb3f16c136627c5051d4960dd84afbf960b61affd788d8afc0a9b4675d303,691,2,2,-3.918953,2.6788502,2.7192488,-2.2951121,-0.16267586
694,train_images/bde1063a5dd7.png,8cfaaa0e8c9e83521f12df4be2d893c0002e11bcb28b68dfb487b96143a6ddd2,694,0,0,4.877035,3.8108683,0.36557722,-4.746599,-4.318381
700,train_images/3c72f580d4ba.png,e313aaa3b54134af6a6a7780023d021144904810d8d8c6dcc63f15fb470ef24a,700,1,1,-2.9356728,4.503193,2.2133298,-3.6421876,-1.1170702
703,train_images/0dbe6c26cedc.png,fa43c8797f3fc7ede848a5bed9f47c226694730ae0af003bda9d371a308d0401,703,0,0,10.41596,-0.013267517,-3.3146012,-2.771947,-4.066851
708,train_images/35777eb7859d.png,9dff1da93cc0ed0dd8790675e8eddfb0b4a32904c6060c02a909874778e58211,708,0,0,8.271202,0.9141922,-1.0868268,-3.8160443,-4.020973
714,train_images/a70d0f12a641.png,3d5467f83f69363961f191634b523607d7ba1e406da6e3ae6e301cfe160c97e6,714,0,0,8.448978,0.8530588,-1.0650916,-4.8323836,-3.3606515
717,train_images/5299a532f0e0.png,a596b9a4cfdb8f3c9cdbb578660a10a4beeec0af26d19696040658ac5ae3aaf9,717,0,0,10.2366085,2.588933,-2.3263907,-6.372998,-3.9073281
721,train_images/42af7282349b.png,4b184e5d3f57a2d7ea421f7994a2eb27ecd94976edbd8157a7e41b77e0a1d6f0,721,0,0,4.8392353,1.3686094,2.4487357,-4.450678,-4.113715
726,train_images/bdf47b9f10c4.png,26bbbebf6f67fefaa7c05f53da0a0581e9c9dad366c1f7b98b87c906c46a06db,726,0,0,7.9459076,2.7894888,-1.2229266,-5.5916224,-3.887446
730,train_images/9d75de31f1b8.png,64337aa60c8b6e1120dfd3dcf171569222cac9fbdf2166c21c5b7b5812d7eaba,730,0,0,9.129084,2.3420534,-1.8098078,-6.2593355,-3.2718463
732,train_images/870f433e8f37.png,df6c98a7c00d19872b1951b90f9ba10eca025ac00f4fd0768324f74a1f018d4c,732,0,0,8.979351,3.0129404,-1.024898,-6.6117764,-4.203469
738,train_images/cfed7c1172ec.png,6e576ed4315f8980ced4649825588d9cd2eb5f1fcac45af20cc2f03a1968d081,738,0,0,9.460053,2.8361855,-1.7148981,-6.7953787,-3.5870833
743,train_images/f0e1201b5c1f.png,516ea7477b8b6c0a54fae04c8b038dcd5403b387f9563a38808931a03028c61b,743,0,0,11.499238,0.92919445,-2.9367409,-3.2441225,-5.8873215
751,train_images/be7f791a7877.png,3f9c0914381e06c7423b02ad3cb81ffc34269a46a01745bf35adae78fb88fbec,751,0,0,12.253603,1.4311533,-3.3899329,-4.5927873,-5.292127
756,train_images/06586082a24d.png,40a5e8858e5acdc785e874549ede3b8f7f3bba80a8cfa0eeea60e20ae00b6b80,756,0,0,11.45875,0.7870827,-3.1387312,-3.5955114,-5.144011
758,train_images/175dd560810a.png,7a275ab3a497881a4fa92bef662c22f1acd481139a4d8fca3f5541b84b78fe16,758,2,3,-2.4776402,0.193429,1.3134418,1.5812409,-1.3676815
766,train_images/613028ede6a0.png,03c17d378020b26bfac51e530629c3025ceae6677621a0dbe6b67900ea57130e,766,4,4,-6.335066,-3.5210562,2.3280983,2.7350626,3.4714441
773,train_images/cab3dfa7962d.png,e690939eef66ecdc312f57ef290d84e73947f0806e585a116da1b3cea468cae7,773,1,1,-3.0937576,2.017829,1.6044345,-2.7060378,1.3141289
778,train_images/b7a1bb106051.png,b7b274d9293d1db5116ce92bfa38404e9d30bcb105bdd76fc7bc7c7d7028120a,778,0,0,11.044446,2.1632977,-2.0690117,-6.7124243,-4.1215158
780,train_images/cbc2e57447c2.png,b1b6646175257813239a48c013065d101562b40cd6ca5d929e8d1116728fbfa3,780,2,2,-7.853674,-0.20485306,3.3986292,1.5670023,1.7054424
782,train_images/d994203deb64.png,90d799f53575cb8c72f9eacc3f463fed94e0a1d2b7b687ba8a297324854e6f6c,782,2,2,-6.864462,-0.56811523,3.1068563,1.8229027,1.2272253
788,train_images/025a169a0bb0.png,d8074b52b95ded42d68fae71f524fb25c24d02bf8969a40894db4a9a6262959e,788,2,1,0.47215652,2.9689283,0.07303858,-2.8311272,-1.3615713
794,train_images/d26bc6e1230d.png,dfc4e03b7bf64b9aad94ae7ca97416daa56b566bdf15197396e0220797a9ae34,794,0,0,8.233471,5.0281878,-1.8607028,-7.018854,-4.3368216
799,train_images/4731e708ede3.png,71c7faf0457f2c896479ba0342603fc2f0372d1deead57c443fe8ec98a45c3a2,799,0,0,11.478264,0.7451849,-3.2004461,-4.2230034,-4.4652553
804,train_images/ec6f1797a25a.png,a0178618641fc9ceec78529a603a7527d9a43a6d9350b63da1019df4d8b1cb89,804,0,0,11.355183,2.1041803,-2.5614693,-6.2074313,-4.361504
810,train_images/5e18af29d812.png,17879532018a13e77ad3bfd64d030de9e4216873e2512d8592b49c1a498933f2,810,2,1,-3.3165016,2.1619396,1.7947955,-0.9068756,-0.5935259
815,train_images/2628305cbb29.png,1788ed5abfba96877edeebcfb902deed3a12d9295e59810bb02ba8e944944e7f,815,4,2,-4.2651577,1.244957,2.140788,0.5545238,-0.634737
821,train_images/022f820027b8.png,a196f41feb0ec3f7de490e95fbee9aec4c48153630e9c75c6edbf103a92d3ade,821,0,0,10.558675,-0.23283768,-2.5541348,-3.840352,-3.6787553
827,train_images/1120f6d08d95.png,e993305b5f823bba61b5d3f8b489195f3e196dec4e56a4af94fcdc459fc6c0f6,827,2,1,-1.0296364,4.6802807,1.6833868,-2.9729457,-2.957694
830,train_images/e7fc93ac5b6d.png,074f465f24752990c860c04b25bf936a936f1ea5bb44fb2e826058a167d31e9c,830,2,2,-3.8452568,2.2659998,2.4250765,-1.0979176,-0.6320772
837,train_images/99c626e58464.png,59108f324bda498d76f874f279c1736e4d24e0d163f7a482e734d1ee2ddfa369,837,0,0,8.408075,-0.7049837,-1.7792902,-2.3304296,-3.522181
839,train_images/269f0792f11f.png,a0d09714a6b3efdfd74fdf3ff0262fed9ba049ea41ac2dfb62aa027df2376729,839,2,3,-4.417303,-2.9188967,2.1909413,3.6697803,0.47497368
843,train_images/8e4a354e3da2.png,6665d0d5129375afc57bb24044f2e0ef0310ddac83fcb7a8e475087fd0edbff1,843,0,0,9.923122,-0.6276293,-3.0380163,-3.0648556,-2.975566
849,train_images/6504b703c429.png,0d7dca8f89802b537ec3fdbcf8d784910698be7669d34b953a59579cdd6f6731,849,0,0,8.940394,2.3814135,-0.79643726,-6.404873,-3.9603453
857,train_images/d1f1ea894da1.png,43a73ad7b51fa957f130a3c7dd73e0f98b7f80cd081c2d4b295f8af29b47cc04,857,2,2,-7.3383694,1.284936,3.5360384,0.031947732,1.1463165
863,train_images/d41b33fcb94f.png,d5b496d954ce51d69f3a96af15bf9641d037715c422536d9f39caaa2b633c486,863,2,2,-2.6551495,1.5387259,2.650302,-1.5567381,-0.7984686
867,train_images/7e9458de5707.png,a26714e8bc6050589b765aec85febf6270fab9b637b67efaf803f2aa7aea90ea,867,2,2,-5.220619,0.45289707,1.86064,1.0077486,0.8463316
872,train_images/2b07790a2422.png,2951a2fa27cb5c7f0cef26b25dd84003fc08e3b2e0f6a4525f511a13579de12e,872,2,4,-4.451042,-0.27541828,1.4753933,-0.23632443,2.4818687
874,train_images/a1eb88562239.png,e6915f53dd307013e0cbfa771f9ace92bea917c54e317a665db96d10715dae75,874,0,0,9.239804,2.1864471,-1.0666785,-6.41916,-3.7543044
876,train_images/28f98cfe3858.png,53084a09d38e3c6e7cf21e88dc3b022706e48ab1716627091e8ba135b59a3822,876,1,1,-2.219448,3.4444342,2.82413,-4.2856293,-0.6292696
879,train_images/573ea80a53be.png,9f49e65d76f21c569262c69a2b8b6cbb9f98f3e04cbfa4eefe8b988547406ff3,879,0,0,10.213207,0.14024067,-2.1069007,-4.114256,-3.9077635
885,train_images/4d1cf360b2d7.png,d7cac0c45b547700be034c095c5f622f8ff0584382dc2df4dcca093cd3233814,885,2,1,-4.6003494,2.775443,2.5471716,-2.5848384,0.79006577
896,train_images/237aa50edc34.png,a5b64dc103c92dfcc0a9c55b9982d7210d0482e603582cd86fb89ca90f03ea80,896,0,0,10.495541,2.4734802,-1.9113503,-4.9851084,-5.5642047
903,train_images/437cbec4a3f8.png,bb78ebf0878129250d32f70d2324c25db0afed21cdc7491f6f1f097880031686,903,2,1,-5.5375137,3.7670918,3.2300463,-1.5537229,-0.9561987
906,train_images/2d3f4094c08a.png,c32ef32795583cd3e14c1de9cccd7d30f17822ac815ee3d75b8372a4d2f3c2b4,906,0,0,11.5739355,0.2841282,-3.257873,-3.4550128,-4.772727
912,train_images/45369821d6a3.png,a51f0f8a1a2e1ea7487ceecb66986f8c3c60ef551cfe8ded09d27d4526ef36d8,912,0,0,10.535667,1.8527308,-1.8787498,-6.326539,-3.9233894
919,train_images/2f143453bb71.png,f036313889b85bd728338e4fdfd4d3ce2314185ddafa5f3bf4a27c181f96d7a4,919,0,0,9.148905,1.8438759,-1.3225622,-4.5744677,-4.687931
925,train_images/a2b97d98f130.png,20b8ff62c475466520367cc6831002f76d17536dc9c6684aa4d63629ee81ca09,925,0,0,5.527748,3.3519497,-0.12268829,-3.6022744,-5.117884
930,train_images/b460ca9fa26f.png,edec5ed699866a17267ed8efb59d6a455e008ec7903ebf1665a2baf6d253d873,930,0,0,10.090073,2.7645311,-1.8317132,-7.2139244,-3.6146283
933,train_images/6dc07f968794.png,316332d3c4af59367b43de8bbb43ab666d25bbbb55168708e783c251517b7357,933,0,0,9.131286,2.8097744,-2.146625,-5.9041944,-3.7296367
936,train_images/74eee788edee.png,4b607fe21e2b3e0cd2b716f1a83ff8743519d0daa8b2952a6e7d9473223d4411,936,3,2,-6.2762012,0.67368126,2.4698114,2.3458238,-0.32298946
942,train_images/cae51154e1ce.png,d051c47a120c777b1f609edd2c6b47007a38fe3616c4777a911167686992ed54,942,1,2,-3.153349,2.1090698,2.4403853,-0.45586085,-1.7489762
948,train_images/7526c59c36d3.png,c4ba84895d8235406e1bad51fe11f90523d492ba9a5e746e9dbd33f4dd20b6c0,948,0,0,10.387723,2.0008326,-1.2153015,-6.696967,-4.1843553
953,train_images/ff631653374e.png,b30741057737bd526d29603e7ec0ba025493411f9dc5fb1d3c97cbd26e871ebd,953,0,0,6.981724,2.899209,-0.685338,-5.4793205,-3.8033972
961,train_images/7ccb267fd394.png,080257579826ca840dc4afe96e68bca9fc58937c5c1f4274733ee3f4b72dd053,961,1,1,-4.0893307,2.0451279,1.9620571,0.032538176,-0.8421688
966,train_images/f002ce614c59.png,8d205a6a67267660b0b8edc230e7576f22938695d6ff8215b77ce88b988bcf50,966,0,0,8.5531435,1.8903685,-1.0535016,-3.8777328,-5.168921
969,train_images/f91cfa82b9d4.png,576eb48fdfe1be325ed2027928c1790431820a7299a5ef7524a98e777958fde0,969,0,0,10.5543165,0.44938278,-2.748077,-3.6981955,-4.3081293
977,train_images/07a1c7073982.png,0fa138526248a7a8518103a91e3055e2a5354cb07f058603202f3895434bada7,977,1,1,-3.5807781,3.836626,1.5898252,-1.110384,-1.4857769
980,train_images/b6bfe9db60e5.png,39526c967e24444086db5e684d94d7ad8015392f4182eecc1d3c0da2a66d274f,980,3,3,-7.3822002,-1.9761753,2.439362,4.265623,1.3243923
986,train_images/f7fec8935126.png,0757c37cbcba8f12c151f2fcb14338cfd8a3726ad497e96ac51838ef29614644,986,1,2,-6.603945,1.0026894,2.41577,0.43058294,1.4896564
994,train_images/2f8d14a7d390.png,7c43165f62bb99b47b754cfa1527348ff187fb6608a65617e03513cac832c3ba,994,0,0,7.851017,1.6355886,0.414546,-4.9138036,-4.6657057
999,train_images/b762c29cf2f3.png,79b7753714597707e033d9245b897ce5d805a3631f590f70421d78d4176c5df1,999,2,1,-3.9815388,3.5989952,1.7615118,-1.6046424,-0.6781912
1003,train_images/f57cf3b6f48e.png,628427c778a2e1d08a84114ec6190b373e4b3c1ee517adc2b16bd99120496e53,1003,0,0,9.123776,-0.4508705,-1.8129668,-2.9347053,-3.808792
1011,train_images/b7ce561a7328.png,fbe30dc7866816cc627ddf57cd92abaebed33d2c96298ebb54043887343131e2,1011,0,0,9.650476,2.3110151,-1.8126647,-5.818987,-4.1409855
1015,train_images/6f4e0538d1e4.png,df7f44c4953df8aef9b14414e1398fdf33c49309f20a75c0658d6964a551f36c,1015,2,1,-2.5940437,2.8851318,2.047758,-1.2724333,-1.8159766
1020,train_images/6cdd0f985270.png,545badcd89dd102ce071f396f91c162a3c0a8feb70a35a6561164a759beeb4d9,1020,1,1,-3.8993835,2.1751652,1.3459258,0.26176882,-0.77634716
1022,train_images/d99b0f7dd9b9.png,a7676ed7fe931fb283866724a649f5d85a536a43ca90917e2869d7d9b55aa883,1022,0,0,11.588029,2.934741,-2.049164,-7.3454266,-4.765877
1026,train_images/f69835dc7c50.png,81874bbc82faf6ea815cab414d233c21dcfce8801c8bc9a1db2c63ac395dbf92,1026,4,3,-7.479065,-2.6273494,2.1279802,4.994917,1.6850214
1032,train_images/47b756014447.png,9ceb9bf8bcf927ce3a7333806683f7c025db007f23fcd92a810b261679774b19,1032,2,2,-3.747673,2.1177416,2.145844,0.36432672,-1.7231655
1039,train_images/711d1480d2e3.png,b081972df727467a5d9110346c7302a09ec689220f9054f378722c65b7a734ea,1039,2,2,-6.0801563,0.8871927,2.605195,1.2051249,0.27577496
1047,train_images/a06e41bd2634.png,5812cc02f3c26f09bb0044c5d934ef1bb380f0facff1a4526da1c5313f9c6aa5,1047,2,1,-3.6127186,4.879781,2.9465017,-2.506764,-2.6282954
1051,train_images/537e50fdf22e.png,8324720c43eb9608ffb729aabd9d7f85461430ac40d30188e85cadf425299cd5,1051,3,3,-7.4699535,-3.5965939,0.6982446,6.879151,2.1344004
1055,train_images/de55ed25e0e8.png,0f6dd3826eb347eda705cc65f1641cb00543e417484885875adde533eb037cc3,1055,0,0,8.96667,2.77709,-1.6015007,-6.4819813,-3.5749722
1056,train_images/7525ebb3434d.png,2b155912b3f4bd098536c75f028cb510afb557a11945b7378b5224b39634e69c,156,3,3,-8.067146,-4.491083,1.941822,4.72448,4.485018
1060,train_images/e6f0ce5bf282.png,2932543ac633c45208bce1dea93d1438fb6aa7913af1853dc0cb32d6c97b9cf0,1060,2,2,-6.952389,-0.5849819,2.8045921,1.7562935,1.6936855
1067,train_images/0981195eb9fb.png,82cda0528444be453760cf62c8adc0bcc083365f6ff271a5520c452d0ff846e0,1067,4,4,-5.322977,-3.5384583,-1.3813396,1.4191236,7.6804028
1072,train_images/5b76117c4bcb.png,c87eeeea3392ba1c66ff3df64cce02b2c05616d6591ed179f1ee7fdb362ad6c4,1072,4,4,-4.998253,0.08091068,0.77304125,-0.04161954,3.1257706
1077,train_images/613bacb35c05.png,920b50db0f8d6e73569b7ad6bb9113565fcc3fd102662d3f009e0c74a70ea41a,1077,1,1,-0.42375183,6.188424,0.7434397,-3.629149,-3.380783
1080,train_images/6889bc64ab09.png,90e7f58c66b9acc66874d258f535d36e424e6663a88d63c82f1aaaef4a55aaf3,1080,2,2,-6.2847195,-1.4807959,3.197178,2.2182288,1.2375822
1083,train_images/a14fcf84bfe1.png,8371ca7b678381deaf1ee7eec8542430290e508ba7ff882813198451b06f3759,1083,3,4,-8.506977,-3.860065,3.1715126,3.8090713,3.8418655
1084,train_images/26fc2358a38d.png,f0ec5c6e8fd5834799cff311239f54d4c9c53dc460847cf2348fd75763732bbe,1084,0,0,11.453247,2.6685534,-2.1555173,-6.6830196,-4.9137774
1092,train_images/b46b09a45f39.png,6f3ebb6802bda9a6bfb43474d40297552117892e99fe7d6efc5cabb803759009,1092,0,0,6.4787636,2.9380388,-0.5237322,-6.009282,-3.0044947
1100,train_images/873dcc0b468f.png,01daa0b4cf0055431b8a090f5bc56681a1810cdd28c008f248a12177634336be,1100,4,4,-5.061981,-1.9065342,-0.3638134,1.6783509,4.5443087
1107,train_images/6dc0281f11e3.png,8ad2b4d3ec8775aecdbbeec5a9f6e382e6bbf8cd9aa028ed9840a26a9c55c011,1107,0,0,8.132889,2.0385857,-1.5172453,-5.8041286,-2.809309
1108,train_images/9b4fc15df3c8.png,f2f01219e8acd776fe3b01aee1812b18d0348e3bfc1112f674a02bda51b799e7,1108,0,0,9.676064,-1.3832674,-2.6610422,-2.6009064,-2.897304
1113,train_images/d141728fa392.png,8a653d768ec91a83f3b12d15d3edb65324bf05d18780c42a1a1911f5b4042aa4,1113,2,2,-5.67824,1.1204691,2.492806,-0.0407511,0.97423744
1119,train_images/b498b84d383f.png,54168e13fbe2b48ff99ef90381f23df330f08ef994cc337bd51fc78d81e6abe5,1119,2,4,-5.7461567,-0.2898569,1.8187776,0.99056214,2.1185246
1124,train_images/c25e02b39c01.png,8a8e17ddd777459f37c62f201e17385f537287aeb1590ce9c4f24fc346d1bf12,1124,0,0,3.5821114,1.5057306,1.0712466,-5.9444265,-0.6754999
1133,train_images/fdd18ccbbdc5.png,23a0dc2869304a2f9a2bba8d985ee50f332805a65bf38e0cbc78ff2358c097b3,1133,1,1,1.74757,4.240013,0.32893562,-4.473248,-2.1483078
1134,train_images/1b4625877527.png,c2910f0d9fa83aa40d7de032076571b487b423f1104ebcc233fc4adea64eb572,1134,2,4,-4.010626,-1.9556904,1.8558435,1.1670291,1.9723034
1140,train_images/b9fe7da14a32.png,9ca4b9486c1144f34e5eaafb3676d9e70795d4835d65e168888b8f6d1d525843,1140,0,0,9.558692,2.9730635,-2.1216545,-6.476659,-3.6059074
1146,train_images/3710ff45299c.png,c56e82e7e36dab3f4241b3992abe99448ddf853976c86f732f1dc1fb25f3b379,1146,0,0,9.994037,2.4766388,-1.3624239,-6.5377693,-4.346491
1151,train_images/5633ced07d8e.png,96b8a33e7ad5881085838494e5f07739ba70d13d411edb3d16e6b64d9e025931,1151,1,1,-1.047287,3.0305376,1.4463024,-1.910192,-2.0980306
1157,train_images/44e951e45dca.png,5d848f3c1d7dea0d8de9f25af92a0ad6ac65be0d19e8a590686008f6e6037f13,1157,2,1,-4.8766212,4.6114874,2.7533827,-2.247367,-1.2721157
1158,train_images/4554062fa836.png,3039235c3fd8e0595af5b0075144fe56371fd6ff3fb50a9b0208c1b8ea6e362c,1158,0,0,10.170502,2.9716969,-1.3685884,-6.8474903,-4.3988585
1165,train_images/c6d4e4a3bd4c.png,1c902509098dfb15cb5e261a000c5567d37e58f33b6e75203a18a7419d6a42c7,1165,0,0,10.017217,3.0308275,-1.7101626,-6.8722477,-4.2295666
1167,train_images/c3e02d4a1798.png,3c72d01afdff4761ea35c1169a7eedef007a241f5acf8dcf26fd0caa4101b9a7,1167,2,1,-4.1168556,3.5374336,2.8273773,-2.5536647,-0.6704912
1174,train_images/f633c474e8b8.png,a8e5c0d4ed138f257dcf28949eea5619bb0e0874aa63784c4e99f4577045c7d5,1174,0,0,7.040922,2.2314396,-0.8407755,-5.8208036,-2.6886048
1179,train_images/ee3fe7809e6a.png,b333414251bdbf4d05b986a5c30fd47769dd6910eebfac6128bb136b7c4c7194,1179,0,0,10.990949,-0.18696022,-2.7616465,-3.73276,-4.0169196
1183,train_images/bc8c6a778cde.png,580e9006b762d775219df1002c90d827f0b4d922986b7bd239a585033cf0d1af,1183,0,0,11.050275,0.7443962,-3.0753078,-3.2981887,-5.116267
1188,train_images/97bf61736b86.png,7edd37e7da64ff0d9a877a8ebf2495c08bf18b4ad38bc5feec88971d5ec33315,1188,2,2,-5.42577,0.2757244,2.4375176,0.21512246,1.366931
1194,train_images/0c55d58bebaf.png,d34ba05aaf945609597071e4b8ffaa494ebccde0d4212fe2c089b6a5e8a9ba61,1194,2,2,-4.9725533,1.2257147,1.4992442,1.1183865,0.10943222
1195,train_images/855f0a5442b6.png,3456bedef490705f84a2f6e9f491195c48f7557ce441b48ec3d9b930e59382c2,1195,2,1,-3.6163654,2.2237206,1.9431357,-2.016778,0.5725155
1203,train_images/0083ee8054ee.png,1b2c287718057b4bcbd89117982c509f46300630251a0fc7f2f3dd63bdf71fee,1203,4,4,-5.5966682,-1.6449995,1.1343102,0.36121678,4.5727806
1212,train_images/00b74780d31d.png,a529d484cf524d1e085604cfbfd5256c59df3c761ccd43bb43271e4e98135188,1212,2,2,-1.0523148,-0.82587624,2.463788,-0.7243571,-0.3985443
1218,train_images/d91635f380b4.png,1e52f243ec511c1b91aa98eff1a7b242ea6fcb4e245967526396e85a7d457e15,1218,0,0,11.406879,0.015007973,-3.5426126,-4.6891394,-2.846993
1221,train_images/af345c68e836.png,c27917554ac438f3aefce59a5b0ec88106e177a73bdbe601ff2583927eaf546e,1221,0,0,11.530138,3.3685293,-2.9155414,-6.3045974,-5.3037944
1225,train_images/f0f89314e860.png,95a6d513a8508766558352bac1e4a158a6996fba6abace1da536b37b9e266325,1225,4,4,-9.311634,-4.7679563,2.4722543,4.3244696,5.7272253
1231,train_images/1d14dd912671.png,ce5b57bb7c1316065a3aad9d5ae832de2ef2a96bda018e772836485acdbd8d24,1231,2,2,-3.7130394,-0.6103058,2.5368009,-1.3027213,2.1387386
1234,train_images/0fbbd665431f.png,9f1137c9e1464b3e55c339c7be0eee874878babcbe4fa361c0f8aeb38edd8338,1234,0,0,6.050808,2.2948284,-0.820611,-4.8142548,-2.7409654
1239,train_images/ce207b69ff37.png,3ebb7cd904727366390dc52cadb55e0b35bc2f471a018a249c3211384cc5c058,1239,3,3,-8.361275,-1.9426355,2.8335295,4.195557,1.8217678
1244,train_images/9bd008aab548.png,031e4892fdc244960c3c0aa67e4f90f648057b5f0a1696977172ff8ec3b4acd6,1244,0,0,11.678169,2.4725876,-2.4045486,-6.8895636,-4.510666
1249,train_images/999ad827ed35.png,027e63029c36f7684ae2b7126351251a1133310a8595e7bcddc6b138b773697e,1249,0,0,8.855874,2.567254,-0.5924139,-6.32329,-4.399612
1256,train_images/e3a7671f787b.png,45e0b6c1a49e31e1e74ee86527b22abb19af241207ca85c6049dc9d5b3969011,1256,2,2,-3.5524902,1.5100107,3.110961,-2.6976976,0.68944263
1261,train_images/ee1ec90b980f.png,0889ef44dd306a5a81555c315c163aa156f46cecfe5be54b8f3d5de3c117f59d,1261,4,4,-5.823307,-0.55238724,0.20196867,2.4081376,2.5934992
1266,train_images/b6d9974443ce.png,1d8eae919d112b0f0960c77a8648e5c9315ca372c5a5ad401cce20a3a25b20b3,1266,0,0,9.34233,-0.52899075,-2.1651917,-3.408311,-3.0886707
1268,train_images/0e75d51152fc.png,6a6cbdf0baa6c113066521a0837ae98f52be69bd17bd840619d403db2d7bf8db,1268,2,1,0.19994736,2.5775862,1.6689,-2.4406352,-2.5668173
1274,train_images/070d4ce5fd90.png,a252fc9e5214ce59e337b24a40c2f98d94268668a0d21a0241df03c09d9d0343,1274,0,0,10.232064,1.6170893,-2.6005914,-3.9667954,-5.0526743
1279,train_images/d39752cb6e57.png,8c7e8beb16d0e92a3784f15b473d4df8b98ff62585b2555075d289dcbc987f51,1279,0,0,12.038258,2.6802168,-2.1078122,-7.180969,-5.03334
1286,train_images/582f739b8f62.png,b4f611b3d195c49e35fc2a3fb647a966b9b6fe70cae69f1e2af77a964d3f5e0f,1286,2,1,-4.5673237,2.0713472,1.9717674,-1.1341527,0.731266
1290,train_images/e5f332efcbc7.png,051892f060dee44bb98c9b5861ad5f2b2554915bbe801ae0a93fb03d4c866f60,1290,0,0,10.261205,-0.71279144,-2.9921236,-1.9738748,-4.3490863
1295,train_images/6bf26b777e3a.png,ef4dc72d4f97c878a619b6ac70b020ff7ad0a09ff72f59d2ad5dccbbc92c4c2a,1295,0,0,9.074691,-0.056930542,-1.2338858,-4.8367805,-2.6119013
1300,train_images/71c22da3d6c6.png,33cd1318ff44499f657d6e37f9f946f5fdc29f284fdd0d745497ce1df7e8c92a,1300,0,0,12.850243,0.90092754,-3.7101707,-4.1206856,-5.443314
1306,train_images/4d9fc85a8259.png,998d5ff36f6047c9e836d62581379c71afb78c7874e77c8f6fa385814bb052df,1306,3,4,-6.165209,-1.5500517,-0.98034906,2.466481,5.045965
1315,train_images/21d18b022429.png,9879f9de7ac388fa6cbcb0225e36ac5b6f08c1e49d1a9dc631d11ebd063bfd13,1315,4,4,-6.3598175,-0.063957214,1.4949403,1.8708843,1.9204922
1316,train_images/fcc32dffd24d.png,7c560e4352da43edd3700852d8d0f7f3e6753779edbf357a9124b8702ea498cf,1316,0,0,9.485923,1.9217863,-1.9723697,-4.920067,-4.1238694
1321,train_images/1f543a86c4d4.png,ec68c79967b4ecc4c80cbb1b42995dd5681386cf984c380b21b897f1a2337d84,1321,2,2,-6.786928,-1.7822742,2.832284,2.387104,2.1096153
1323,train_images/9b7b6e4db1d5.png,191386487d7a4870d5b8d5639885bdd2e6d637930d1e925bae9a497b39368eb3,1323,2,1,-3.6061535,2.6742554,2.2664795,-1.532135,-0.74559975
1330,train_images/6f3b62e5b7f5.png,685a7cb9958abca775056187e117084cfd953353050e9278617b2d40b61a50f5,1330,0,0,8.351517,1.5599422,-2.019741,-5.3575807,-2.291666
1336,train_images/8acffaf1f4b9.png,1213a26d8bfa7d2f2353cd74227b3d20c4c68f85c84efea05674c9ea40aa536b,596,2,3,-6.2138176,-1.3969707,2.310227,2.4092546,1.6612349
1340,train_images/01f7bb8be950.png,02fd7bff6b85f8bf7b6904c40c0135391ded73131a4aed060ee55195ca3bbb71,1340,0,0,10.47051,0.7325592,-1.843261,-5.247519,-3.6804137
1343,train_images/983c98354e9c.png,9df93b6e8c29b57eb2de5fe63b26285c92ec95eb1025a439cda60b3077cd959f,1343,0,0,9.9472885,2.6193466,-1.4368505,-6.8974495,-3.9783807
1346,train_images/29f9e1ac9507.png,030b7fb7cc1ad46acfc54736b6c524f03159a0882bee39468d4b125735dcf73c,1346,0,0,11.315048,1.4468775,-2.6020803,-4.3930063,-5.4391637
1351,train_images/e79e10907295.png,658c0452b77c534041035219d13d3d90c54e9553cf85ec139c37d942c29b6954,1351,0,0,9.383375,1.0217505,-1.2721338,-6.2797217,-2.7089276
1356,train_images/6b00cb764237.png,4f4b0f2a1a4ca38b19fb43e298a4a561689e0fe534ff194aae4abb394d30e75a,1356,1,1,-1.2809887,6.030614,1.1946812,-3.6265697,-2.9182372
1360,train_images/1844a039b4ea.png,6238fb4f598e30c7fb7048a80b4b574b3f94d0cae76fadcb493a70a6f42fbe96,1360,2,2,-6.6452503,1.0314178,2.992053,-1.3766747,2.7378654
1368,train_images/aa4407aab872.png,44a2a3b8a90a3585f925f7c090609d34a81c42af4789a7919f042309c7f791e8,1368,0,0,9.955114,2.1848698,-1.4796855,-5.901655,-4.5412483
1373,train_images/b55d2ddb3e75.png,4c2cef100ec0dd1ab124011471bb0c2777c59c28b0bf3ed888989e78fdb50b75,1373,4,3,-8.707565,-4.4149146,2.460734,5.208521,3.9961758
1376,train_images/0babc12807b2.png,69487f13280510c2f71cd4a41115001528a4dbab63eae4c1928d26b0ab138fde,1376,0,1,-0.87145996,4.7231092,0.86185884,-3.0563507,-2.2146592
1385,train_images/a62ea0043aa7.png,e1512c9f1cf1560520a8426bed1dfce36e64e539c08162ab14806244a0812f20,1385,2,1,-2.9486942,1.588603,1.4894228,-0.7145848,-0.21379852
1391,train_images/05195a3db5e2.png,aaeed30b86e923a71f76c09b085c7eeaff4ae181d8ba326c75f42166914f9d8b,1391,0,0,9.962546,1.8517618,-2.5524976,-5.970403,-2.9237099
1395,train_images/5d3c8c1f57da.png,b0b8dd929bd215d70eb85ee7c1089a87803f7a984f2cf1ed1172fc72170d9bcf,1395,0,0,7.253952,2.0933657,-1.6985912,-4.3071523,-3.1974277
1401,train_images/966c07831334.png,3cc12bfc9dd9be56c4291d85be6ff2f690d1a7635bcd59eded966782e980a674,1401,0,0,8.765433,2.018156,-1.4994402,-5.1253786,-4.0381064
1408,train_images/7831ce1d895e.png,edee9abcfca2599e2a695476db483aa8f75d44e51e21267a7a0331d1e85609c3,1408,0,0,10.806616,1.9259357,-2.059319,-6.5734544,-3.81495
1418,train_images/c334f8688b77.png,821753c2818adb08d00a9f44c3607c075f7f6738de13e8d9b3b92c0d447415e6,1418,0,0,11.633472,2.6952887,-2.6410546,-6.10483,-5.213003
1421,train_images/6d0c0531083f.png,7041971d07ca235c0aa3e6eac594bb3ccc1e6949fcb78bceb0308e3436c8ed9c,1421,3,2,-6.2822285,-0.54636955,2.9504843,2.9257421,-0.17792892
1422,train_images/f03d3c4ce7fb.png,6cb1a09ca80760ff37b9c995489e97a219747b87f533bcb6fe95ec522d99bfdf,1422,4,4,-7.264681,-1.1478376,2.0108962,0.81926215,4.237793
1430,train_images/4189d4e631ec.png,019319c5d801a2849fce84b3f302192a52f888178fe00407ad96a13e611175e7,1430,2,2,-3.764349,0.072610855,2.1484485,0.7458745,-0.109539986
1435,train_images/b0acd3593310.png,86487ded7c46d829fe000f64fdbc6b1820415deeff1e9dc3f505c8626aabfbc1,1435,0,0,7.7050266,2.6773863,-1.3244114,-4.3851476,-4.4468336
1441,train_images/e3ab63dc9a60.png,27fb9f506b1134cea8d266720e43ab465571e943f911d4fb799599acb01a4eb3,1441,4,1,-4.4342327,3.0770931,1.6656351,-1.7004611,0.3836832
1446,train_images/370f575adb23.png,174cb4aed825bf3fc31f663440f2bb115de79bb5d7b4aefdc5a61a30f7e784d8,1446,0,0,10.166072,1.4411325,-1.4827857,-6.112257,-3.7775893
1452,train_images/1ade1e949383.png,fa1affe506782f3de8d0e89852a4f301dc20a4a6b8acc0a30cb337163e41116b,1452,2,2,-5.0661488,1.2552032,2.7368784,-0.10316002,0.09903431
1456,train_images/8b568d47a1fd.png,96afec9ed3f09841f03153dd91efae89b6fbfac52791377796503343c953b17d,1456,0,0,11.513886,3.1077862,-2.8491955,-6.8702,-4.5559306
1457,train_images/bcb0498ed2c1.png,4d2695db2283eb0196261a5f10835f3f8bcb52717569cfd9a31fb5cefa23575f,1457,0,0,8.463687,1.9376535,-0.32687902,-5.6703115,-4.0734363
1459,train_images/79cbae28d8b2.png,56b1734b44300f173e572aa59046334cee245a806db38990f9f885cb6266aed0,1459,0,0,10.036223,2.491641,-1.6003814,-6.5774775,-4.1533012
1468,train_images/a75bab2463d4.png,3bac7a949ac4807094cf5900b2355bb15ffa3c40fa8b97291c271ccf2cc4e383,1468,1,2,-6.0504684,2.138833,3.0083218,-0.4036541,0.21123219
1470,train_images/3c726de3ee90.png,7a726e00272eba2ceb4be4c654cfa4cf698c391e877cbdb8f3ee69139103f001,1470,1,1,-2.9513035,6.0127363,3.1898537,-4.8242035,-2.3135366
1477,train_images/d94e10f42861.png,2ccfbb701db7bf57882f5e174b464a5aa86dadd2ab8c2159175f06ea36bc37ba,1477,2,3,-8.281052,-2.8630667,2.7872314,3.8538835,3.0867176
1480,train_images/b35cad8fe2d7.png,3465e28c91cd92997442d07f4329b044f887374a8897620c5333a53588b6a73b,1480,0,0,1.3928089,1.231699,-0.15453196,-1.5466065,-1.2806568
1487,train_images/8f9819752ca0.png,b8f0fd4ee87f38fa9189ab629a9c4389dbb5e601b2d1b3adbf272263496398d4,1487,0,0,9.120859,3.5829496,-2.2893996,-5.6002445,-4.652616
1496,train_images/46c1548d730e.png,0165835b5dad002b349d37198c5c16272709930c237c09221e2fa15275e0b6d4,1496,2,2,-4.6953964,1.060729,2.5857477,0.6348604,-0.5431137
1498,train_images/e83d315d8f98.png,1b31ef37d22590a6dcb504a4ffbd879423e96a9383f06c8ed07f85da390ad00e,1498,2,2,-7.045286,-2.473238,3.3696423,2.992659,1.938282
1500,train_images/060e00d1e2ab.png,4c6bddc11f823bb88dfa6ff41d2208c788b3f7ab046831465ac73f04b7f12fe3,1500,0,0,12.5689535,1.0201788,-2.9756863,-5.037629,-5.1337304
1504,train_images/afc744fad65e.png,713b4db3f2194196ac92ce35aa370bb6f7556b323bb6c587bda13feddfa7c1a5,1504,0,0,11.429637,2.6142921,-2.1891718,-6.90615,-4.6021132
1510,train_images/36041171f441.png,9a93a477d03f9ba6d61c08bb054c8b82ae32e1a223120ec49a73b9faae97f921,217,1,1,-2.313223,4.847662,2.0258098,-3.01448,-2.352394
1511,train_images/9b70f84400af.png,4787af2b63a9d9cd9f60637e59130da57290346c392ba6e04e679054be5e8336,1511,0,0,6.772806,1.798974,-1.2023611,-4.2860785,-3.0259385
1516,train_images/ab88081e5654.png,c0bfd9ddb56c786221fcc511cbc9adfa2ccc01435edaa8c47489044dcf7971c2,1516,0,0,9.121839,0.9942398,-2.7126012,-3.2756643,-3.9921865
1524,train_images/3132556f5352.png,1867f422b32df877fc573ba78b7ae38e1952f016c470ebdbdf8d7a396a59a5b2,1524,0,0,5.96422,2.5774794,0.1683116,-5.645319,-3.2201352
1530,train_images/aec51513cf45.png,78f56f28857916e4ecd4707d1f4ec92be2052482da3b6247b80fd37ffa92892f,1530,0,0,12.1392765,0.49749184,-3.4249249,-3.9671779,-4.853919
1539,train_images/65e120143825.png,f12dedcf7782ce81e2185e7a48ba23b2ba8aa83f21dca906961ea204937d88db,1539,4,4,-6.6470833,0.58115864,0.8530035,0.505275,3.5003424
1542,train_images/76df141d966b.png,b3a535c195827a1df62e123a94f4ab59a694e23eb80991dc6d32660be5f0fd9a,1542,0,0,11.858407,1.1536198,-3.1337976,-3.9801698,-5.5425262
1548,train_images/d9311f7497cb.png,342a848ccbf0d1ed0a05309c6e1c7274e8840cc73db585cbca53567b72defa2e,1548,2,1,-4.764496,4.525095,2.950428,-2.4386039,-1.3086843
1553,train_images/f361060eda3e.png,83901f796ebeeeb5c39d82f78a3c52c55e49d7b9f5a0d0ffa54c20629816de1e,1553,0,0,10.889708,2.4374514,-2.1715887,-6.702439,-4.149616
1555,train_images/7be1b9aa78aa.png,b603bb966fdc0c0822048087007f517aba1f95492478eaaa339ca428b16188dd,1555,0,0,10.467465,3.3220139,-2.6377904,-6.9134836,-3.9802775
1562,train_images/fc898dfeb24f.png,f81074c25369bcf369fe740ff09407e1943f9178fc5ef6529113bcde8c666862,1562,0,0,12.058977,-0.2722311,-3.2311292,-3.8134484,-4.348837
1567,train_images/14e3f84445f7.png,95a6d513a8508766558352bac1e4a158a6996fba6abace1da536b37b9e266325,1225,3,4,-9.311634,-4.7679563,2.4722543,4.3244696,5.7272253
1569,train_images/5bf3357a2823.png,d6951b9eea1457757f3fdfd976c91944977fc1bf985a4840f06a60208f5a4503,1569,0,0,8.875672,0.6861439,-2.1952717,-2.9566808,-4.291955
1574,train_images/4276b82e4489.png,3b17d4a48c51b698bb53c96cbcf81e025bb70db60b8e8913e401f0f6f3dfaf37,1574,0,0,7.0824986,0.37049866,-1.380868,-3.0035758,-3.1211796
1581,train_images/27fca9f12b3c.png,9cff705027877c45e41e78a012c239a0eedc35e15a90127ec2f249fee6b0e833,1581,2,2,-7.249317,1.7434645,2.30829,1.4727939,0.45804214
1585,train_images/05cd0178ccfe.png,3bdf18996ff9f84342287e337edf432a9a46fd95e03be8ec32dc3211f00a2f15,1585,3,3,-6.442444,-2.655908,2.6808681,3.1549397,2.0154467
1590,train_images/3c9529918097.png,6d01fe4ee594f8b803fa416739c93e045df9168d906480384f5f41d1e82d8a06,1590,0,0,11.793815,2.788581,-2.896449,-7.225422,-4.0747266
1599,train_images/7ddcfcea7369.png,e8f85609e1377c60ed8c5ceb05ab91ae4bfad6ea81b318c86acdbc593b5eb514,1599,0,0,7.22324,1.5520449,-1.465858,-3.6758332,-3.6886606
1600,train_images/31b5d6fb0256.png,e64f512bce732ed2e84261dfa169f6f6cfc0baa6ebc7dae274b61cf9ef99316f,1600,2,1,-2.5994911,2.7669697,2.3860297,-2.07144,-1.2736044
1605,train_images/3ccf96c1dd6d.png,78735ba23ecdd93fa1bdb874d053d1dbfeccc244daad80da22210a08a73c7538,1605,4,4,-6.769409,-4.330145,0.30343246,2.9518244,6.5046062
1609,train_images/232549883508.png,46a1318cbdb2316ca0ab87b1c7339db435e5f223af7dfa9fa50894a29a0e0b06,1609,2,2,-4.192671,-0.0912714,2.531053,1.4288859,-0.6040535
1614,train_images/513b0a4651fa.png,74f20d1a543c13368bcb7634cfa4c3c9388659e6f544784a6f9eed8ea2545ae3,1614,1,1,2.0911522,3.898034,1.1416879,-5.1274924,-2.490273
1616,train_images/ca891d37a43c.png,8df6ecff0ab92a9bce692ce446b0c61adaa10efdab80c2b52593e34003859460,184,2,2,-5.1322613,1.6645327,3.5118208,-1.0093377,-0.11715412
1621,train_images/a015ce4f51ad.png,21552bf40ea1a161fd11f3a5f07d09f09f407ecff7fac2e6195859c7c7d59d25,1621,2,3,-6.0760956,-3.2815113,2.710208,3.3733306,2.0489235
1624,train_images/3a643599f852.png,cb95c9e3fecc8dcc48009bce3fd7bbf8a472367b947f52e91122e9d33e5100fb,1624,0,0,10.105282,1.3748188,-2.6889524,-2.8233175,-5.696501
1632,train_images/89fc080f7e83.png,17a12755bd6e7921e599de3f84e583ce2c873fa4f89cf3f8169f702ed0b7f14e,1632,2,1,-1.7577057,3.2983866,1.6870613,-2.5379887,-1.3986015
1635,train_images/1a1e974a7dbf.png,d522a6537d8decd131a983485b0be248e5aa6e9aa6b8e0f2b26d8a2ff0f5749f,1635,0,0,9.600123,0.48679256,-0.94313765,-5.8836474,-3.0868754
1640,train_images/f3a268d2726d.png,0751d408daf0d7dbc343b7c685cc516dd6791ea889bca7329862618824534b65,1640,2,3,-3.7588596,-1.9146519,2.2302008,2.610375,-0.10497856
1646,train_images/5173d54fc214.png,f314bbd9c88a5a6608571821d60bfa2456ab7b7daa67eb88082b890f4254853e,1646,2,2,-4.670498,-1.0523329,2.5641575,0.29841065,1.7717953
1651,train_images/b376def52ccc.png,395a0ae477f4032e13e82ee1e57700091d95496c233f63601c94c53cf76e4d62,1651,2,2,-1.6812019,1.3506069,2.1488895,-2.2230089,-0.32402706
1658,train_images/87d46b1cc4e9.png,9f94a87d5fb71a088894e9ef30bb87721d006754b9d50fc337793c231db9ea03,1658,0,0,7.9998264,0.02803135,-2.0624897,-2.379786,-3.5639443
1661,train_images/65e6f1bd9875.png,8ee562a7e589284fa22e9639d5ffadb15451ea35cb23db01df0f6b5453898b53,1661,0,0,7.5321903,2.5920057,-1.2362881,-4.8258414,-3.871223
1667,train_images/35362d43e753.png,0a692b37356ee7e4c6d152c48db96aa38bf6bda8418f11eb484484e984387b6c,1667,0,0,9.8379345,2.1627417,-1.7110686,-6.4755883,-3.5928445
1668,train_images/d866c26d76f0.png,5888201e2ed388c635212f42083258967f7a7e4fb82d812b095370b9531ba52a,1668,0,0,11.697321,-0.6152468,-3.1613102,-4.116325,-3.424347
1677,train_images/d9ba044671e1.png,acc3ced85e64ef87ee4a2f66c4326f36913725fc428522ec96d4830443cc7243,1677,4,2,-6.1127796,1.4216433,2.9100714,0.18148398,0.42883205
1681,train_images/7d8f67cadc29.png,be4de444902b21a458acb748e15985318bd62a278674cb451c161aaf81491b8a,1681,2,1,-3.930313,4.4885015,3.4683905,-6.619545,1.4901695
1683,train_images/1c4d87baaffc.png,cb66e86c28ab48f1884c067226847b34c2849713a3ea380fd6a638fc2582523c,1683,2,2,-3.5779953,1.6154318,2.1639843,0.7834463,-1.8668246
1687,train_images/ea1d045f9fea.png,f9dd482f226c30be07330ae8fdd1887f94412b1accf0c1038d82792581135cc4,1687,2,2,-5.0783234,0.43257046,2.123796,0.16243887,1.251934
1692,train_images/523b3f0fc646.png,4d219afbffa64c490246a23c598805878515bb0358df5487428c598ad878571c,1692,1,0,3.565321,2.2240314,-0.58210087,-2.5214992,-2.81915
1697,train_images/5ca73d28f17f.png,c8c2c28a1dac8e1e2231c9f40eaa7417427d5e0d8a8154e75c960e2d521ddd66,1697,0,0,12.566161,0.5700779,-2.875373,-4.5631804,-5.2645917
1704,train_images/e07045d7c5f7.png,a3ec375b63b2938d9ef8c8a965ddb35d0e3b74186f100c48548e1d9f0b3bc6f4,1704,1,1,-3.4408627,2.7751894,1.5049968,0.42099404,-2.090578
1708,train_images/ed648b9bcd95.png,bf87b0f869c51b3657b7e5ce2ec13c2b45fefad70ecf0160ee1e5acfdf3527cb,1708,0,0,7.1749916,3.3259268,-0.7630739,-5.425033,-4.188284
1719,train_images/a7b03e58a6e1.png,2f3c05a967de252357cd5e3abf8350415244b6cafcb1f6bfc8d06638bc1be6ed,1719,0,0,12.035582,2.5616302,-3.183935,-6.676401,-4.3167596
1720,train_images/668e853258cd.png,9d98a290f1da5fd4f8c39fb97740e59f5e5bdc8611730ad8be50437b46316c39,1720,2,2,-4.7802906,1.219759,3.2179956,0.9269319,-1.5610619
1722,train_images/1409ab48175a.png,b01d9e49af133811d05695584005ac99e322a4496e9de963d58c8b6e073121bb,1722,0,0,9.702745,1.9065523,-2.0022662,-5.8536773,-3.5636754
1725,train_images/cd29c88c9e36.png,a63e1b73fa049faccb5aa95dca607c72a0a2c839198396f74fd78a9ee83a1b56,1725,2,2,-3.602398,0.6022959,2.3216043,-0.64490783,0.36654663
1730,train_images/6fb656d506b2.png,348aa93fe38489988e10693794494be979a8362ffcc29115f077d4fab296a69d,1730,3,2,-5.9833775,-0.09008598,2.1351576,1.3520632,1.446847
1737,train_images/5056fa7d505f.png,1bf0f9bfc85ef75b1700601562700fcbb70c31ebb9f534abaa4395f66af2d5df,1737,0,0,9.477528,3.832611,-1.7081807,-7.2579536,-4.0696187
1738,train_images/9ab18a4a957f.png,7bfd869d97691e9dd404dfb3fdee40a4de9d56362a698e5ee67031493bf745c7,1738,0,0,9.646535,0.1349678,-1.9369373,-2.8630486,-4.7818933
1747,train_images/8c4ceddeb1c6.png,b18550c1cd6f8dd7d6a6b63daf7627f8263b838f84c178bfddb1e298326cfa47,1747,0,0,12.203359,0.62436295,-2.7215111,-5.009205,-4.729432
1751,train_images/10bf25731c08.png,2ad1483dfdfb4a2b81609f8a152083b9e18b1dc8c87dec39bc91606312ee5036,1751,0,0,11.376504,2.2948446,-2.55964,-6.2651043,-4.5220103
1754,train_images/726dff37edc0.png,6c1fd0b2e780f6e5263649204b16682eb307425452b9d6beb1ac92dd3bbf5bac,1754,0,0,7.170212,1.3153334,-0.96334696,-5.2402463,-2.223104
1759,train_images/956765d5f46d.png,d13f3770d81a02ce8e0272dbd919f4c4ea2d711464ed2459978690cb8cff4ca2,1759,0,0,9.472207,1.3885803,-1.5362496,-5.4252963,-3.6298475
1762,train_images/8433a032b96c.png,29f109f7e377e5c448e8593b84cb90c16f5fd024de502d8bc78f64aea303ade5,1762,0,0,10.451494,0.11344814,-2.4539132,-4.3579493,-3.5334125
1772,train_images/4e85aa647534.png,0a17efb48ec15f1f2e0a897e88cb724544019fde0cc8a787761bf18fccc33e83,1772,0,0,12.514485,0.7235079,-2.8615003,-5.3835173,-4.604704
1773,train_images/daad7b617f21.png,d7cea345c1286e19f0a544d4cc7572187a29115c8c45901437f342854509859b,1773,0,0,5.7821293,2.9816046,-0.4244933,-5.0029883,-3.403417
1780,train_images/df9cb3729eb1.png,ae56e20329211bfb1115ed23aa444b1a67eb896a3e239bc21f776eced8c195b5,1780,0,0,10.067158,1.4212446,-2.8011465,-4.047406,-4.4065843
1786,train_images/721214151233.png,6f334306b523113fd6f83be3c7e0daadc620ff961976f13f4929edfb5c99132c,1786,0,0,9.61238,3.285307,-1.8313141,-6.256666,-4.6102986
1790,train_images/093a42649c29.png,31bb620e4753ed960ba22602d75aa30b7ad08f91d9b637a38692f24fd5cf593d,1790,3,3,-7.329773,0.74800587,1.7379231,2.1417139,1.4067659
1797,train_images/a32886cb31ab.png,bf2719b61ef7d882e694a3fb7bd86022f122a8967d12b711708403ff2ce8d666,1797,1,1,-1.9559803,3.9737787,0.6710353,-2.102505,-1.2340288
1804,train_images/5e52c9fe676f.png,348acf1b2809f9eff5692d3811d712b0576d420fe2a24f62a1966bd966807102,1804,2,2,-4.941313,-0.1460247,2.0813088,1.9769696,0.04373455
1815,train_images/f3b27ac2d371.png,23c2515dbb3dad274b7975aa51ecea89378a12d78bb23325ed42c7b9e92aeea4,1815,0,0,10.661922,3.2888641,-2.449625,-6.3271995,-4.8878016
1819,train_images/530d78467615.png,3b26186be5348381728f79c58fe26b0bb8b31f9588df7807eff5cd00ec1f1819,239,2,2,-5.888281,0.5455122,2.4664917,1.3058565,0.36473465
1823,train_images/2eba4279e503.png,76b8fe1de1f1f093942528418830e766c2cb71e69a5ddf553b05ad561fbacf57,1823,0,0,7.5315228,1.3001299,-1.7636819,-5.7632475,-1.322506
1826,train_images/5a5d3798c357.png,c68754eb2523ef405c3b76a557e10a203d6197dc796703d97ae61ef761f7758a,1826,2,2,-6.0230236,1.3356066,2.3841705,-0.6176684,1.7087336
1830,train_images/bdb98063fe84.png,7ad222bf42b692606797cb14195250c9b4a77281643d5ca0277b1b83ba1ec0de,1830,2,3,-6.7385216,-2.6890244,3.3703327,3.3762422,1.454956
1834,train_images/2a2a6435f7f3.png,b198115d30e24849d19156fcc1c48947d03dcfe03593ea906178a7f04cab188c,1834,0,0,10.735135,2.4285307,-1.7754018,-6.4306164,-4.660385
1836,train_images/b5b913358b32.png,218d07951568526e6b19fc7e41f1dffb55824dbd31b87fdfc038744f8805d037,1836,0,0,12.180449,2.5423346,-2.7355404,-7.0626373,-4.5224924
1837,train_images/a3132c8828e4.png,3d2142f9f3971914f09ff515fe995122c9a825a49462dbdd638bd320bc8d9e5e,1837,0,0,12.18587,1.4230852,-3.0184681,-6.460582,-3.6920466
1843,train_images/75ed83dbccce.png,1b0a653bbd607bc155f84e79a4cce7cb0014fd78b7f23533ff452f2662b6808b,1843,0,0,11.907512,1.7429667,-2.4187214,-7.0251627,-3.84383
1847,train_images/772af553b8b7.png,9911bc04a23b72503fbd07439b378996d66845174e6035de61e8a89f268098a2,5,3,4,-7.664196,-3.4969358,-0.7969041,4.485691,6.041136
1851,train_images/61c667663f2f.png,e8fc9ceb9e23078769d1bd775fc0365b87907136cca05c96e42df769497e3702,1851,0,0,8.478167,0.8167639,-0.71929646,-6.0188775,-2.4919152
1853,train_images/ae49cc60f251.png,e92ef9ba8b79119ddb03181c7c682c0844d38418c0ae92a1f33a02688e5f24e7,1853,0,0,9.938936,2.434637,-1.9680383,-6.128504,-4.0643272
1858,train_images/a673193cd5a9.png,ebdef862426a25ebbf82f9b72c2a5afa673a3d22ad671cfcc24590f8cc008775,1858,0,0,8.398643,1.67451,-1.5297589,-6.2567596,-2.214172
1864,train_images/5e5275ddee29.png,4f0129406806c4db9dd6adeb170befb9f2117438ec45c125f53c357665706491,1864,0,0,9.981076,2.3352003,-1.8956156,-5.6184826,-4.5974755
1871,train_images/40e9b5630438.png,f7b42e43e4e8cff395759bcc92fcb72b9e7768d178d8a3931bf0f2eeca264e80,1871,1,1,-0.64429665,3.6751766,1.1745257,-3.3122392,-1.5182981
1876,train_images/9c893e16c055.png,0b92c9603e2c086b06d69cedebbaa8a3e5d816afe68f8a1d70308558e52031a7,1876,0,0,10.842153,2.2331,-2.389391,-6.4891915,-3.9201393
1887,train_images/8e67f2d7e0ee.png,a87a5c8e678e4f334e3ce27835372ffebeaa846fe5a803b6cc59f8cd2ac5d8ea,1887,0,0,12.299231,2.147954,-2.8464386,-6.60141,-4.573396
1894,train_images/08037e4490e5.png,374785319e9e2617a635e4be6d691e8832c1800507e80d4c06504b415c2fe963,1894,0,0,11.254598,-0.47995853,-2.835701,-3.64434,-3.9794407
1901,train_images/94f9ecf4b8d2.png,562ad627706a962544f5445789ff7d0dd3b568233f9dd3fac32138e58d95e35f,1901,0,0,6.796692,2.921628,-1.4536481,-5.2206397,-2.9259977
1902,train_images/518e880613de.png,55e1c4493c442c4e64294af2c794b3663cdd0d5f36e0299cdacf165c4b8bf2ff,1902,4,2,-6.362631,-0.8907614,2.5421295,1.134335,2.3682823
1907,train_images/e04f3c6619a3.png,2d153379f2e0af5f51c172a460678ad90f7c6ac3c9fc22c482855b4568793e99,1907,0,0,10.9602585,2.2385263,-1.4897311,-6.795018,-4.609026
1914,train_images/17eb5d4ad740.png,50bf8fdedd0ae7f558c7fc5fb81cd87986cda4429ac0da206fe6def2bf13bc1e,1914,2,3,-7.0096397,-2.6528072,2.9542513,3.157186,2.2566614
1918,train_images/9e2ba2b979f1.png,cd8bafe23175b0f5df809400169000109e98cea55fc3a2a844e72c62ebc29b5e,1918,0,0,12.8135395,-0.15413094,-3.1363883,-3.9269218,-5.1235433
1922,train_images/a150ff5dfe07.png,41b71180563b272eabe4b46d9e518587e8f8e801a9734627306bb9418dff7d73,1922,2,3,-5.9267406,-2.4063816,2.100018,3.4994266,1.5849171
1926,train_images/58f07741ee3b.png,3c414c082946973412e6e8dde6cac886c9f816c2dbb99ddfa9ba1c744e0c0baa,1926,0,0,11.8032055,0.69911385,-3.7591455,-3.5652328,-4.765978
1935,train_images/a9a3225cf4b5.png,925cd1357b706962ecb1d96b1e0ad58f456cccb08ba95f827c6b24c91ba1358d,1935,0,0,9.491284,3.1062002,-1.5185049,-6.5166306,-4.378555
1940,train_images/ad6b07d5c338.png,a7ea9a6c5469edb0341a8b7f19e51608c799edca6777093410f649390b58278f,1940,0,0,10.2406225,0.278121,-2.246885,-3.3519306,-4.696964
1943,train_images/ffd97f8cd5aa.png,5fab288211fa5b5b150fd86695ade8dede06d01c608e961e6f1d996c2f1ad9a9,1943,0,0,10.947882,2.1403341,-1.9436657,-6.175793,-4.667354
1948,train_images/67844c46bc61.png,3b7f7dceb975de563d06e13f00030017e4705c878f3fb8b58882302093b05c2d,1948,2,2,-5.725811,-0.6153374,3.0283747,0.81561023,1.3175459
1954,train_images/01b3aed3ed4c.png,64b5e7d2dfc6c512e0b2bd6693a3d355e8a2134513bfa5cb2de2c0d4b046836b,1954,1,1,-2.1673164,5.000471,1.6949844,-2.388352,-2.8536606
1961,train_images/93a1b984de84.png,fe4c75ebf284a3cbd8ad6c2f6013ae65441464e6d49d8ccbb0334cc019e28e77,1961,0,0,10.638203,3.264656,-2.1575718,-6.7223244,-4.7302914
1966,train_images/0ad7f631dedb.png,1259bc68e33fe7fcdb2bbc059e9e2cdc213d58ec2e38595e07a6525168346ff2,1966,1,1,-4.412304,3.9904156,2.156598,-1.2834637,-1.3864336
1975,train_images/bc23f74e14dd.png,bcf83579589cb0b4d8445e35da319c20c1f0518ba9f35753aa198c6511c51d12,1975,2,1,-5.310135,3.0065212,1.9232845,0.4353631,-1.0353184
1980,train_images/9a9b21215c55.png,8b41663d986a523851ce327a6e8cc075786449511567886a8ab2498635a950d1,1980,2,2,-2.4156418,0.7094431,2.2131925,-0.21145225,-1.0313807
1981,train_images/441117562359.png,295083548c2e1af130b55b024875b5b7b1f09d7a47d3ca2c8939178cb1774d8b,1981,2,2,-8.245117,-1.1296797,3.368269,2.3579822,2.234703
1984,train_images/af6a1508cd95.png,20934d44034f6012a2755775dbecd5945511d1022d056048ce3381277a049101,1984,0,0,5.3001404,2.574932,0.20758772,-5.1371,-2.8963804
1988,train_images/4ecd1fdd1435.png,77a1a4d1b1aadcdf125a179f02afd630c2f8d608cb4563dd37f3f686de765983,1988,1,1,-1.2023869,6.5860357,1.9774427,-5.644907,-2.387968
1995,train_images/d26bb2ed6e71.png,94471e503c2e1af50041a17ac165fc93d0f6721f0d946f701e9d778adb743ef2,1995,0,0,11.570243,-0.023144722,-2.7370517,-4.4451647,-4.0318995
1999,train_images/269b44e628eb.png,0f2188f23464e0654c72c0769480d5d001218fb4188816d9106aff7a9729e024,1999,3,2,-3.5835724,-1.7745275,2.4806075,2.017786,0.03311062
2003,train_images/98441214557f.png,4822064624b73b48fd0e423aa750a03965337986d0b9d8fe8db4c996aad52942,2003,0,0,10.097968,3.3069782,-1.7539284,-6.8245,-4.5713816
2007,train_images/a505981d1cab.png,90d799f53575cb8c72f9eacc3f463fed94e0a1d2b7b687ba8a297324854e6f6c,782,2,2,-6.864462,-0.56811523,3.1068563,1.8229027,1.2272253
2011,train_images/8b26d3cd61e8.png,2e9a60d5cee36708b77c79ce21ae0866594f6c701c187cbf356131431481bee9,2011,2,2,-6.9963646,-2.1475239,3.5059195,2.7152271,1.6615057
2016,train_images/237c078d00fc.png,799c6d1f88d5d844b1e75081cbdbbaf020b012186972aa6b026dabfa5ed8cdc0,2016,3,3,-8.219601,-3.2172952,1.9164944,6.381212,1.7616329
2020,train_images/ff0740cb484a.png,63d7b5c9ac929e83d6ba6814516b856d42371fd4b1acfb667379a4c7f5f0ab87,160,2,2,-6.1975136,-0.85647106,2.8963766,1.0865396,1.8390064
2021,train_images/a28bfb772f50.png,8f564f846df28dd6953dee41084f45382f1e9a2e2f378a74e1dd6a3a960e67b1,2021,1,2,-5.17795,2.8739395,2.993288,-2.5567603,0.78420925
2026,train_images/3c311c9109b0.png,e435a26843e070be0eaf589a2b03b932e72e247709b31b364137472308fd8598,2026,2,3,-6.032139,0.34448147,1.7758622,3.0186238,-0.199152
2033,train_images/edceb0657d77.png,af61e25d5c4121ff1a78b699d0151eca50fff79961ea46bf3bd540714a210dd4,2033,0,0,12.865024,0.9984331,-3.4616156,-4.9001536,-5.0337834
2039,train_images/b70cb31b9abb.png,743dffb5e04d518c12e98d04b2f2fee87fca92057dca88349ed46b05464f9dea,2039,4,3,-6.4464455,-1.8720522,2.444345,3.791088,0.8746681
2043,train_images/bc34f52c37c7.png,ea86c2d5f96674b3163ef358f7aa51d1c289cf827bbc0ee387bf49f40457d6b2,2043,0,0,10.69219,0.20759487,-2.5943422,-3.3807316,-4.691812
2051,train_images/df4aec4a0eaf.png,5ede9972b43b000bdfca21394fe1327efae276c80432d1438eafa7d81f6e2c8f,2051,4,4,-4.7936954,0.1670475,1.2464814,-0.66137004,2.981161
2052,train_images/aa0afc41ed19.png,7fb06b10c6ef5edfc83400ba89a09dacb5b7d71a98ef6781e5cd05198f70ec3a,2052,2,1,-4.3482857,3.865838,1.7790065,-1.8979111,-0.38462448
2058,train_images/36a1e3c780a0.png,44d7a80b4132446d47264938c664cf52a2b5fcebf42af5d86a5c87889f4eb03a,2058,2,2,-5.091198,0.9937229,2.5460443,1.6441001,-1.1024961
2059,train_images/f460608cf4cc.png,76129728c9a1c5335f9aece49c585d92e04b11335a85d011b2be9e4fe4b603fc,2059,2,1,-1.8833122,3.3587093,2.3971329,-2.9668055,-1.6810474
2064,train_images/09237bf783a4.png,2025ba2bef42c6a795c6fc62e924adce382ce24a5b6cbf94bba317c3d3af6401,2064,0,0,11.853283,2.9478912,-2.8978198,-6.6909413,-4.8128834
2071,train_images/ea7e21bab610.png,e05bc8e332cca6d883820523e4c2d25a8b46f3e8e28580d2237c681ea4bb3778,2071,0,0,11.490518,1.4950094,-1.9768517,-6.353421,-4.322654
2074,train_images/6e1db8711879.png,40f21c81a10b1f5ae005e2ac875861371c773852e1711809d1f43089c438d1cb,2074,0,0,10.541345,0.84274864,-2.9152048,-3.9910808,-4.187558
2081,train_images/bf8092e4001d.png,e35fee4da08b88878030db86663733ff15131a71aa174e150956403033623e79,2081,3,4,-5.086363,0.38656044,0.53972626,-0.40850496,3.4027767
2087,train_images/33e8e26a75d4.png,16a973b706caa1bf06d4637732096024a82b1deb4681cfb541305512b21d874b,2087,2,1,-1.9125748,3.5083895,2.0400329,-2.2292807,-2.1497269
2088,train_images/f1d719c97838.png,418b69eca7730d6981eb3d1e4f4a10c9b2ed9bb4a65f99bcb427531efe5aa975,2088,0,0,11.439461,1.6051226,-2.324247,-5.771843,-4.590733
2093,train_images/97c6cb55866d.png,5455cce42312d359a91b5b994d19893928ae879c3ff382caa591aa467146f39e,2093,0,0,4.8373413,3.6276598,-0.5670991,-5.2547383,-2.641245
2101,train_images/dd19428c3d29.png,ed1fbe73fd68998e1b18ea926b7cfc51ee06aaef47e42134433cd94d51949c60,2101,1,1,-2.171051,3.561204,1.6788678,-2.7934499,-1.0258675
2107,train_images/9519a590985d.png,60b208137e97bec7080f99b559f7bffb62501ad7f3a81e5ae44668f73f0b17df,2107,0,0,9.831215,3.0692186,-2.7778115,-6.5120792,-3.405765
2111,train_images/57a5e4274275.png,1c946d4a1e1927295c4531839886b26178d64784f03dafa3801e5709df0cc885,2111,0,0,11.654082,0.60459423,-2.8633368,-3.5160737,-5.497395
2117,train_images/89ee1fa16f90.png,f63b3b61464ec303e86f35c82760d920fef1dd2f9fcc18cbccb1d55ceb0dc3d8,2117,2,2,-5.6352043,0.32514572,2.1674843,1.460531,0.5707674
2122,train_images/b05922e7abd3.png,4d18d6148992183c4066e289e08e92b01707e4cc26213e824c504f6bcb2d15b2,2122,0,0,11.375279,1.8288851,-2.1933393,-7.034424,-3.651729
2124,train_images/08bef347f40d.png,d01115696fc9ddc896899c97fc8d7547ef19bfc121dc2d6500b18f6dd2d412d2,2124,0,0,5.5718994,4.266526,-0.22868061,-6.3482184,-3.434113
2131,train_images/8e76054f0831.png,6dc2669552a69655f24350ed7667e799a4ba288750a56cfdb6a039faf2357d85,2131,0,0,11.04227,3.0334864,-2.719581,-6.195237,-4.8214183
2134,train_images/fca931da5c5e.png,7c65aeb15e01befe2cc3e5aa8dd3bf84dde37c28c1d6c663861148fe1ba32fe6,2134,1,1,-1.5293999,3.8883476,1.3750463,-3.1878052,-1.1762371
2141,train_images/c01eae4b4939.png,525f3394628876ef7146d742cd67c26171ff14dec57f94fde1fd6724c63d0f3b,2141,4,4,-6.0136356,-1.2593565,-0.4532404,2.0061402,4.5916204
2150,train_images/af133a85ea0c.png,c606be1c2217e9d8c6f58bf2614b0f9d5418070becbf1d0b425f9ffd4552fc53,2150,1,1,1.1327057,4.4569216,0.65687466,-2.0087867,-4.6153994
2156,train_images/38487e1a5b1f.png,395a0ae477f4032e13e82ee1e57700091d95496c233f63601c94c53cf76e4d62,1651,2,2,-1.6812019,1.3506069,2.1488895,-2.2230089,-0.32402706
2161,train_images/4beeca5cc859.png,788cc2ab64abaa80390249d9c9ba44fb36226e8ab931b9cfc2f25d5e4d8c3b77,2161,0,0,11.078198,2.1204138,-2.3203788,-6.2680535,-4.3010945
2162,train_images/6fbaaf8eb67a.png,cd06913d54ae6c1f03531172f56cb38d29b8bb369d03f6ae1fdcf1f813934273,2162,0,0,7.925497,2.3644753,-1.3640385,-6.146039,-2.697094
2167,train_images/56e56aa08362.png,9b8634234bea65394926f3cef814b700064ed8e41745af4f516633b973fd0318,2167,2,2,-5.499693,0.106983185,3.3471165,0.56161463,0.31066418
2171,train_images/31cb39681f6a.png,6720ed23eb04f4efb7449d6f3e08a52edffb04bfe7493aa3696a291334110469,2171,1,1,-1.3943062,4.940875,1.9589396,-3.7601871,-2.4625354
2178,train_images/e12b67835e03.png,c0bb0805bdd6e18808d782623cb729f23f30422a5d94ed647d1177cff0f0bdbb,2178,2,2,-2.541977,-1.2847853,1.5882645,0.23297346,0.9739857
2183,train_images/349f3c0ac83e.png,e862c1500d0ac66b6fe3423e817b978984b90dedf471855c0f7b667e6fd5710c,2183,2,2,-4.315851,0.6734791,3.9327593,-0.5393076,-0.68356705
2187,train_images/930fee99213a.png,87d904debecba5f026308018bbd0a1b4a26acd46bba58b6f330bf5251cd4e9c8,2187,0,0,8.371181,0.093649864,-1.179853,-5.252566,-1.9958014
2195,train_images/86410aa13b3e.png,c78537822e715ef814ce25c57536df6cf1ff929ed0f7390807cf04ed4de07570,2195,0,0,11.092663,2.7599945,-2.1870883,-7.264695,-4.1039724
2199,train_images/9568eb7e9c08.png,d99a21d2b4a565d8f293da1f70223e1f378879d61b591c16e60d9e8914bbb445,2199,2,2,-2.9934807,-0.26943684,3.8031893,-0.33263576,-0.97574615
2204,train_images/cf1b9d26d38d.png,a1e0478a9b65d2d91842d1f494a853c0c28f8bc63b52af3c1ed8aa6405746ab9,2204,4,4,-6.280182,-2.0678139,0.051074028,3.2339718,3.8786898
2211,train_images/85cbb84ac8e0.png,7a654dd56084e359bf818e32b8216bd7a19d396229f80743efa279da5e61b062,2211,4,2,-4.050928,1.247942,1.5889025,0.9997481,-0.65987587
2215,train_images/51e656e5a541.png,bbb939afd2567501390c2009dc8e599d5a6210d77d087bf0791eeb0b0f06ab62,2215,0,0,12.297826,1.0636797,-3.4727917,-4.0207815,-5.464133
2221,train_images/f5733f77273d.png,5b362f20b15620e673634afbefec43943796ca88a46517520fa6d4ba9792c147,2221,0,0,10.49316,1.5809793,-2.181035,-5.5395966,-4.069749
2223,train_images/0182152c50de.png,39176e0df5b89f9052c08be28e87e149986198a3af65c43af9a2345e032e4589,2223,0,0,10.605438,2.4471817,-1.6582375,-6.8966494,-4.220692
2227,train_images/8f14bca04b47.png,3219b2ca1196acbba82e4e2bee7cbca0a778b8ddc76e84e0055cd4aae1f638c2,2227,0,0,13.3850565,-0.8749466,-3.282574,-3.7500997,-4.9715824
2231,train_images/7af4d8704032.png,176161f22b5a47bccf520632609830ced572c03e98cb9fdc4d9cc4823c6ee297,2231,0,0,9.146812,2.2888727,-1.8399334,-5.8531446,-3.6082869
2238,train_images/ecad6845f630.png,a742c29da9862837f98689b0766411a79626cdbe656b0877a6f595a213264bee,2238,0,0,8.928846,0.0055265427,-1.6180124,-4.000607,-3.0051007
2242,train_images/054b1b305160.png,e3f0e36ffc4ce1aa8fe51c6f5da11fdaa0168026a3d0727e518ba83be674485d,2242,0,0,5.3511963,3.2041578,-1.2019806,-5.987911,-1.6158113
2248,train_images/6d454444f17c.png,060559e51edae7d6288225b84af68f6e2b1ede4c5857a1eacfadaec95182c524,2248,2,2,-3.6286373,1.4516201,1.7703047,0.6829535,-1.1683226
2250,train_images/75238d945315.png,c2b1e3fd648ab57e5acf77eb6104efda35d8f0ee70fb4141087c8cf12c608111,2250,0,0,10.413999,2.8236485,-1.8795712,-6.4507303,-4.616421
2252,train_images/ba08cee68c71.png,1f66a03304b965d12c3484a2d6c50f548eb501f780cf41951d82a7be42655a71,2252,4,4,-6.238714,-2.729382,-0.8496046,3.8863175,4.725254
2259,train_images/710b05a96e0f.png,c692a701b406677649dddcad57dc4056048c9d2eeb5448149d0e9b8efd8aae3e,2259,4,4,-4.2492046,-2.159727,-0.28043127,0.526695,5.15534
2264,train_images/c4e8b1ec8893.png,ce138e931f88d11470a33d3a8c2a54e757a80b96fb9091b8a87decd0d79386fd,2264,2,2,-2.3353214,1.6777563,1.6998091,-1.5146036,-0.4130249
2269,train_images/2b5bb6d33959.png,0739f35e8dea57d65a9d8bdcd960f8d0b54da7831bd57b8c1c5994c2b6ac3ae6,2269,0,0,8.902078,3.2568884,-2.5678444,-3.8590746,-5.596587
2274,train_images/2974c6ad1d58.png,e57746139045bda6beecdb616d55a8d7e4615b3947f0ba839195124ed495905f,2274,0,0,10.258291,2.4930544,-1.9766965,-5.8488216,-4.6522255
2282,train_images/05113073b268.png,a132fb8c543805f3ffcf23a7de4cb621f35707d1462b066075cf8573e50c7c53,2282,0,0,6.5161476,1.8389187,-0.22974873,-4.2761483,-3.7744956
2287,train_images/e0b5a982a018.png,0c127fbe684ece2517b408898e9c83b797fa7cfbcc8f741e64d5709d798552d6,2287,3,4,-4.128042,-0.8025265,1.4102864,1.063808,1.542407
2292,train_images/c7c0470bcf87.png,c2cce07d109f30041aee8d3c1ad6f44b44ded596146330a019026068373d4e63,2292,2,2,-0.83356094,-3.0622678,1.9735866,1.3423938,0.01637268
2299,train_images/66393d8c60ba.png,99c229b323181ce20ad6fd890ed7ad791b25ebfc107bb2bb26dba8035ba954bd,2299,0,0,9.013725,2.2283573,-1.4805088,-5.982383,-3.6629963
2303,train_images/16ce555748d8.png,07b13099d3359626722ac039f9f80da8744bee588289dfb2c2bce28f4395211c,1306,4,4,-6.17453,-1.5099363,-0.98143435,2.458428,5.0248747
2308,train_images/0161338f53cc.png,e00a95f1bd202fe395d509b23c635c75e87f0d66f5b7610149c92ba3e030ccb3,2308,2,2,-5.4046345,0.29044247,2.8124857,-0.50939107,1.6510715
2312,train_images/1b8ad0afe9fb.png,c4cd5e14da5bd2b7834748065126dab4044d43c733cddda4d21e0850082bc391,2312,2,1,-1.7404213,2.7576427,2.2681408,-2.6639385,-1.2890892
2314,train_images/3e1f8fecb06f.png,5f1965411c85f0bfd5edc02b2b65d562e16e9cb47d7c5abca9df70a1bea5ef15,2314,2,2,-5.9194145,-1.4599419,2.595831,2.4303775,1.1795492
2323,train_images/38f1901f214a.png,c398c80291d7bd9c1d47f92e601e4dc36659770906399a5e69970598cd2c9ce1,2323,0,0,8.803501,1.0593119,-0.7362752,-4.671625,-4.1677227
2330,train_images/3b58b02c89ed.png,10b2b2cf3b794264deeb9438c2a79508180be3df16bd2e4dc7013fed32babdfd,2330,2,4,-9.7441025,-4.322126,2.934307,3.9319348,5.5625067
2334,train_images/ea68b58a6e8f.png,a7341b26af461018d0205e8f4bf9f09a071eef6e067539f3fabd50cf19007194,2334,0,0,11.310547,3.0186262,-1.9743173,-7.271179,-4.7392697
2337,train_images/bfd5c0e55420.png,b539b1b9c074dc57df66e5003a2ed2a5e25e138aeb4b3883d1470e6406fde685,2337,2,2,-3.2867012,0.8180418,3.0723944,-0.83722544,-0.69018745
2338,train_images/ed246ae1ed08.png,3ada0af8ea9fe7aba43df53b9656c747e87a4867aa966cc47007b3d11f19c4aa,2338,4,4,-4.181839,0.9996414,-0.064468384,0.31375122,2.0405226
2342,train_images/be161517d3ac.png,f17c8f21926442cbf2d1e5ba36b411aa3157dce0f90af3d8d8c5a0238264b06e,52,2,2,-4.673279,2.5558138,2.910037,-2.6527503,0.8273926
2344,train_images/a3fcf42ff56d.png,32c4589a5061a4d1273b275860a39321731b4554ecb3399c7e074b916bff7c86,2344,4,4,-8.795788,-2.873363,0.49422216,0.24955857,9.386326
2348,train_images/3b10191dfd25.png,529f064fe0a3d63afa871276082feced4734775a8c0414a0eed92d7966f02e82,2348,0,0,5.9591904,4.2425785,-0.7540779,-5.584363,-3.8249002
2356,train_images/a04fb36db784.png,c6ce210915ae56bfcd338fd3b12d28e20ec0159072d82fd7b39cd1c31a53f5dc,2356,2,1,-4.0929623,3.0050907,1.986989,-0.5142286,-1.2648058
2362,train_images/a8652b2de23f.png,f5ce43f82c310c8a40113672085ca4f04e95681b13ffd56f7db7a87d5a8f9af6,2362,2,2,-7.1013756,-0.5555506,2.5349984,1.9704704,1.8274069
2363,train_images/64678182d8a8.png,4f4b0f2a1a4ca38b19fb43e298a4a561689e0fe534ff194aae4abb394d30e75a,1356,1,1,-1.2809887,6.030614,1.1946812,-3.6265697,-2.9182372
2366,train_images/5a03fe3ed15c.png,df455a9ceb336871db162c6cdd92bf62f48dc49d40a8138840147cb6dbb564c2,2366,2,1,-4.095068,2.0220175,1.9872675,-0.9770565,0.097242355
2370,train_images/f30f203ef51e.png,ed95391b952761dc85e3d88f65297b81b3f7250931d1db87d7a87d100fb54acf,2370,2,2,-5.729004,-1.2404585,3.5712633,1.7013867,0.48770142
2376,train_images/5889a0c75cac.png,7b6b56a3f4dc17694e2056dbc2e9f414218778d4a18523d3ea7a310ea16a591a,2376,0,0,8.698614,3.266591,-1.1840177,-5.9873867,-4.6578546
2383,train_images/3aa2b1ce6700.png,f0b823b2b871bf4e9a7988447015e0ae1757405b9a7abc9407f74809f76675b4,2383,2,2,-4.0188046,1.7706442,3.5863085,-1.2502358,-1.0556726
2389,train_images/addf66a50f42.png,41e2f1f869ee32f3df2e340d6fe32b27943e3266ee9c4f6a90bc9d6aff3c23f8,2389,0,0,10.564237,3.0522194,-2.001431,-6.853881,-4.493442
2395,train_images/922586d86cd8.png,f4ff5fbd440d389f416707a8e58be8ce62366966fef1785dfc5eaeb81fc512c0,2395,0,0,9.332357,2.6306086,-1.538224,-5.849784,-4.413114
2400,train_images/73e83a07a16d.png,f2f175df5f62713e7eafc9cd4a2a0542b17b5fae55909fe2c9ad5aaf24492572,2400,2,2,-4.788519,0.48841667,3.1772528,0.37303853,-0.25805187
2405,train_images/8bf2d925dc0c.png,b467040f418e1f09d52bf16b4dc778aab0b1cb485f544aee2c2e772c50319608,2405,0,0,11.061255,2.3843822,-2.1134827,-6.8436184,-4.1933937
2412,train_images/93d6d20a5ee3.png,98f186c3b0821761710f56cf3c0d8c792dd4b9525ed2d77500fa404fdaaa2e59,2412,0,0,8.765395,3.298458,-1.3208208,-6.2518816,-4.3661494
2418,train_images/8c2f0f04e1ed.png,ccefde9364222214289a2640b4ea9e2d236d7e2db64151ab2cccdabd0c930700,2418,1,1,-1.9930592,3.9223843,1.0222483,-2.2324464,-1.4241858
2423,train_images/2d552318eb07.png,41529195fe1bc0da1b287ee5b297f29ad275d175de8e8c28d4302401b5728caa,2423,2,2,0.2964592,-1.217495,0.7468033,-0.33820605,-0.09242153
2429,train_images/a30a143a53a3.png,7a67429a5131d6ff43e384340addcb97fac7ad9939d289ee3c1a60ec898e80f0,2429,0,0,10.855335,1.9543371,-1.708251,-6.364238,-4.423439
2435,train_images/75a4343b12f9.png,3490925840da2b4ec986707abf52edf334071703d71da81dcdeda81c6f2acf0b,2435,0,1,1.5596962,4.4402485,-0.349195,-3.9568038,-2.0269003
2442,train_images/789c60cba801.png,8f84819a1521a6264da2cddb81bc2c164547dbe84f4fafdced52c68781e6a133,2442,0,0,11.792837,1.909565,-2.5008225,-5.5001454,-5.32451
2447,train_images/2ef4a04aed1b.png,aa33ea40df658effc3a5989a75514b3ad8283f8100c9797fdf1ca629389f7b96,2447,0,0,10.198091,1.1784534,-1.5421724,-6.3171234,-3.3097172
2453,train_images/d66ccb75ada1.png,ce60ed83d441171ce046727900c568e1dafa98d74aa87d9cdf6fccec7550497f,2453,1,1,-2.3325806,2.0168781,1.2202816,0.19839907,-1.7945409
2454,train_images/c21eb81de9fc.png,017d88ec9e3efcf2cbfe9ae830a4e02d67b75c6bb9a3d0b74c718a88377fb374,2454,0,0,11.270316,0.8718395,-3.0025923,-3.973678,-4.81947
2459,train_images/4b422b48d0d4.png,63c47588cf8ab9732aa3265334cbd6da4156b706a447556c887d218887560879,2459,2,2,-5.3581867,-2.40974,3.0286245,1.4023526,2.3336735
2464,train_images/2da82d14e1b7.png,e6aed037a8093c646b0db91fc91b9dcfc5e60a0cdd6df73c078e3e82bf709ebf,2464,0,0,10.737048,3.3532648,-1.7263975,-7.6638765,-4.4187527
2466,train_images/cac40227d3b2.png,e00a95f1bd202fe395d509b23c635c75e87f0d66f5b7610149c92ba3e030ccb3,2308,2,2,-5.4046345,0.29044247,2.8124857,-0.50939107,1.6510715
2471,train_images/5b3d41626ec5.png,9075a3b98e674eb22ba831075f857a465cc65c5512e4ab5b773f1ddd0c74655d,2471,0,0,9.067449,1.5439596,-1.5130587,-5.836372,-3.168861
2478,train_images/ea4ce9516144.png,6348228fe8bc9f59eb44e893e9c15ce80412670ef396e551ab3bc8e0055ab3c4,2478,0,0,10.4601755,0.91853905,-2.4810343,-3.800427,-4.836548
2483,train_images/6bcce181be65.png,5371ce791b90c5760b2e688b5c4affecf3acfc1c7056e643300cd39f2b026cad,2483,0,0,7.7906055,1.6923113,-0.9939723,-4.3991003,-3.8675447
2490,train_images/b10fca20c885.png,309aa3e28f15312f14568bc71d1dbcbe29d504df216f6f4e9d5573e516bb8cab,2490,0,0,10.663313,2.931141,-2.4542408,-6.7572308,-4.102363
2495,train_images/639915f58a2f.png,608235abe7f234588d3307445fe51e22e79da7e8f984238f2f800f5a65d1825f,2495,0,0,11.052927,3.6599255,-2.1814167,-7.1963387,-5.028447
2499,train_images/a66c3165876f.png,608c8cb71b5ece8479bf7df45ce86a6da4fe00f87543b73d7532af1cf9a1d18d,2499,2,4,-6.6720753,-0.3148718,1.6897478,1.8575343,2.2009268
2502,train_images/144b01e7b993.png,d9693f423433ba9af946e90eb9c4ef4ca1437c9be236e3087d8decee8a86835f,356,2,4,-7.2461796,-2.3728185,2.9219255,2.4264631,2.9690418
2505,train_images/ead23cc922ed.png,1fa24390ae066516e0117c1a9f493e5023273e8050efed4498bf80880fb68ef0,2505,1,1,-1.1040516,6.365594,1.698031,-6.40279,-1.1944847
2508,train_images/1632c4311fc9.png,3bac7a949ac4807094cf5900b2355bb15ffa3c40fa8b97291c271ccf2cc4e383,1468,2,2,-6.0504684,2.138833,3.0083218,-0.4036541,0.21123219
2512,train_images/9f935fb38440.png,7f9493e9813c4c4dae992e2c16f48bc7a2da92837f148087c22e6abdfbc7f3a1,2512,0,0,12.034516,-0.4144621,-3.2740362,-4.105901,-3.8674088
2514,train_images/77a9538b8362.png,f7b42e43e4e8cff395759bcc92fcb72b9e7768d178d8a3931bf0f2eeca264e80,1871,1,1,-0.64429665,3.6751766,1.1745257,-3.3122392,-1.5182981
2517,train_images/b9b6ee2b9453.png,a415f02b4adb31bf9bb285863c379995bd90b590381acb68cbe500af6b83efda,2517,2,3,-6.390787,0.3124714,1.8036962,1.9368174,1.1453447
2522,train_images/60f15dd68d30.png,b69cbec9f6650dbedd3a7b25d5ad967edfcdf9703339386b961add102c45fd45,5,4,4,-7.6698837,-3.5038013,-0.8037944,4.493278,6.0519257
2523,train_images/200d947f75db.png,dfa9edd68c177e1c01475c0aef6235227e63424f85ad9d126cef6ffc3a37f53e,2523,1,1,1.1193142,3.5168276,0.5580845,-4.4650517,-1.2781706
2527,train_images/0180bfa26c0b.png,db109bf7ac8cce776b3b67fdaac05526b3356d6c2915ba80daa9b53859916ab0,2527,2,4,-8.303169,-1.8138885,3.3891926,1.7078068,3.5567093
2533,train_images/c5b58cc992af.png,bab4631cf67174a86e73b9617f873a6c769efcb0991eb00ca9c281da72e77f9e,2533,0,0,11.044389,1.1015558,-2.7913337,-4.805316,-4.245655
2539,train_images/05e9126dfa5c.png,23cb8b68e955d4589b52ace5dc8babfa55d902e79dff3d1d2b67fa9a8b0fc455,2539,0,0,10.519463,2.891348,-1.7646723,-6.6758,-4.6974225
2547,train_images/26463a5fb949.png,f90b8c02ec6eeca37a4808671393604b9feba0c325e763c36d36a04b5377bdd2,2547,4,4,-3.175743,-3.7481875,-0.49159098,1.998999,4.485443
2552,train_images/d0d59ed675b5.png,2340835992ca5cab608e1ff55c60bc652510bc0a294b066c120018e32fac36c3,2552,1,1,-2.7944603,4.873722,1.3667889,-3.0277228,-1.1906233
2558,train_images/de730033c683.png,683c5bb72eb34d98821063c687d97a0e00c73fe523e76e1f55ae01ab34e82ea8,2558,0,0,8.300831,1.3534861,-0.31904984,-5.019847,-3.9820504
2565,train_images/03b373718013.png,77063493ed4f060decab93ef02d5b3696744a55717b099541e1bc8ba2cde8584,2565,0,0,10.482947,3.4557295,-2.0755901,-7.068432,-4.500139
2570,train_images/0a74c92e287c.png,807e76ff4ad3067390d72f257bf90049d7ce7c117e1defa5a20a1069607dcd4a,2570,0,0,11.679801,1.7612724,-3.0891516,-4.718611,-5.2346964
2576,train_images/0daddc45d832.png,557eb848388c1c09cff6e46add082fbededd4b08f2c7041b5a24fde79bd6c24d,2576,0,0,10.171653,3.657298,-2.4705005,-6.6583095,-4.479013
2579,train_images/1002b5151b8e.png,dfd92f6d50b81335e9c38377e5fe08d5da7bc1efca9e30e2095f6c5d934776e8,2579,0,0,11.538547,1.7497702,-2.2595508,-5.9631495,-4.779735
2585,train_images/16060f05d047.png,dffa55e36bd1de68d4498c5c3904ced4ba36b51ab765a4612416627bd12393a6,2585,0,0,10.248713,3.189886,-2.4491773,-6.2679915,-4.4895916
2589,train_images/17f6c7072f61.png,4777b06fd2555788c780c52990364a811740f818d4b1923e84d6fe9fe9d9fcd8,2589,0,0,8.2424755,3.2482853,-1.3797579,-5.5536737,-4.5293574
2591,train_images/19545647508e.png,7e1b13bb1898c82778c50763a1f2abe0e27127f54eebb2bfae47698f04551500,2591,0,0,8.691096,2.152792,-0.9795313,-6.763281,-3.0160403
2593,train_images/1da4a17c18c9.png,ff14591d5c5e253ac549ba6f7ddc522fee899e785cfbfc9e1fa3a7f71fb7a722,2593,0,0,11.351949,2.7160378,-1.8577771,-6.790349,-5.074016
2599,train_images/20f86e068276.png,1c9d3821510aec59a3aee72f7cfa1216b3ae3bf94add4d5a2351e1a4f37b5f0b,2599,0,0,9.725271,-0.525692,-1.5123918,-3.877223,-3.4295263
2607,train_images/2927665214e1.png,0f946963dc8720e8094b569ae3756c3931deb712b35199d9c2712a2c4453cb0a,2607,0,0,10.384843,2.8099136,-2.1119726,-6.9268627,-3.8832917
2613,train_images/2f7fbdcc9a4b.png,ce465ad827fd94f1df071ae4609385d3307df501e4bd807118381a734a400323,2613,0,0,8.511631,-0.027558327,-2.2263474,-1.9959662,-4.176618
2618,train_images/3486f7096276.png,8692fc57a0dd189fd1e203c584be7c22fe8b20b10187550d90a39919bb9b8ea0,2618,0,0,8.80686,2.246544,-0.32455397,-4.9950395,-5.364614
2623,train_images/3b0190bbe615.png,a100e46d1128aff06e7358000d3cfdd35e7275471baf9e326d9c5e9c75b3a05d,2623,0,0,9.989834,3.2780323,-2.070978,-6.6497707,-4.3462744
2626,train_images/3ca8be3b40d6.png,fc87ef74fe92f61ddebcc2b56b697d40cb15f48030c49ba3659f1203d38f0fe4,2626,0,0,10.85751,0.40224838,-3.1236062,-3.5380468,-4.2984967
2630,train_images/415d5c5e785f.png,13d011ef3aada9c7e0dd5393924d6cbc66d09dbfa03d55b6cbf56af7013861b2,2630,0,0,10.042351,2.5990906,-1.901299,-6.281912,-4.244209
2635,train_images/4403538fb50f.png,cc3cbe43330123a17e5e6af5b4fd3d78fcf9c3798a6c96c76f8d6a8b01d247c1,2635,0,0,10.588519,3.0234995,-1.2414551,-7.356782,-4.7169633
2641,train_images/4aa3d771c5e4.png,7e2cda3ac6f0cfbc1db9cd5aeac8496c2605e1ee4bd0ffbd51fb27ee3c8f71a4,2641,0,0,10.888428,1.6413002,-1.9427545,-6.238272,-4.050441
2649,train_images/4dd7b322f342.png,1cf62edd6f2339556da3f0267399a73de367483bf53b18ee3d83ac6df3392612,2649,0,0,3.721693,0.48541355,-0.106012344,-4.118498,-0.24103642
2653,train_images/51af8a689511.png,70153b2a2dd39d932040b7553e4d7b7b73673c32590ed4de8f803391a9c3c66c,2653,0,0,8.846839,2.8369322,-1.4680068,-6.280411,-3.8059874
2657,train_images/54f57cf26126.png,b6f696f0921a03c3c8d465b639c6d4e61456f2acc744889df0286cbd971772af,2657,0,0,11.671154,-0.094394684,-2.6255326,-4.796438,-3.841072
2664,train_images/5c85d22bd0de.png,8b19bf39d57869002a28be21f5e650b7ca3cb6d794eeee7b53c42014fba6b131,2664,0,0,4.9414577,2.8565454,-0.33837843,-4.502376,-3.1944065
2666,train_images/5de4615a5161.png,50b257593ce23b39d1cc3df0cea5d46856838c471c5ab44bdbaab6836c3b7db4,2666,0,0,10.725177,2.2985554,-2.5193703,-6.723569,-3.524612
2670,train_images/65a7fe9482fe.png,b4c4d3869bf9676f53384e5c1906172e76cf39f7d8ded643d0e988f1b340976e,2670,0,0,9.798708,2.294345,-1.6086564,-6.471266,-3.8117723
2675,train_images/691eeb59b4cb.png,e2d5ee6fac6092f1e0b09cebf0ed5d4f660c5d3bad7a5ee1752ee7b2cc18ea4b,2675,0,0,11.237629,2.9072714,-2.1647859,-6.5971923,-5.045505
2679,train_images/6c3589d7ed8d.png,324a0d67f126e97d711f61f55ab2b4fba2aeb315818098701fb4f17a175d99ea,2679,0,0,11.68195,2.4842062,-1.8084807,-7.635681,-4.3717327
2685,train_images/7214fc7cbe03.png,86d3ffa7587b7d04cda99202bbaede9791097d99f936637ad995e4e49d4bf37d,2685,0,0,10.261837,0.9299536,-3.2995038,-3.5408087,-4.104852
2690,train_images/7a77c3eb468c.png,a90e998f336921a17fada2be37b43abe5352e0e7a0f45d2103101597f3c585b4,2690,0,0,10.035634,2.591961,-2.1123927,-6.894025,-3.4176593
2696,train_images/7e77b61e1639.png,3b75d903c4c02733e59831f41ffa3cf99839a6cf12624c22f1187e523d148fbd,2696,0,0,8.240839,3.2520971,-1.4339538,-6.21824,-3.8059387
2700,train_images/82088c6734e6.png,ab407cad7f1634c3ae12560eb7a1bd97bddc4e5112e9b2cad908bcc497772eb7,2700,0,0,9.500087,2.9279242,-1.8121016,-5.9110956,-4.5088634
2706,train_images/86d58f850a0c.png,6a19685a30aefe0159de595005c5d6c3a6e155a25faa5ef2e0547b16e6b1ae39,2706,0,0,7.8452377,1.9498386,-1.7084513,-4.741365,-3.199345
2713,train_images/8d9516ea3587.png,4d524cf92ee0a0745c91a8068d0047a9f440738b0455e46510b79ca4e1754e35,2713,0,0,10.787057,2.275587,-1.4417591,-7.32664,-4.0078855
2716,train_images/9039cbfcbb2f.png,b8f714fbb6641449c62f884e3ad551dd35e299b2416bb3f3542210672675cc0f,2716,0,0,4.7609444,0.9461632,-1.0420718,-4.662655,-0.11616802
2722,train_images/98277aeb96a7.png,f1bbb8c9937a08e841000fc8f73ee5daaadd3ffb2178b08a759787b3fabe0130,2722,0,0,11.415355,0.5751543,-2.655272,-3.564227,-5.417018
2729,train_images/a1872f9c0cba.png,2d322858c7a81d81d45d5df8cd04b79cf2bb7cbe054927cc590ce2787eb78164,2729,0,0,11.607481,1.0200844,-3.3783755,-3.967328,-4.930101
2733,train_images/a419fcb2dfb5.png,fb2cf53874170d4016627b21fed31ab86c267ef46c666544c20f7b70c344d5bb,2733,0,0,10.997033,0.835968,-3.0910387,-4.3096967,-4.092803
2735,train_images/a4ee03ecff60.png,012fcab62bd623d6bb0169fa48d5e44c0892b468946fcc9ecdc27218872ca28f,2735,0,0,9.437036,1.6005535,-1.5779171,-6.9964485,-2.3508744
2740,train_images/a8263d248523.png,8e0fbae6b6499b1c3e1a5dde60c13e3ee645101f543dbacc7a71cfbaf058a1cb,2740,0,0,3.6348782,-1.8158417,1.7439809,-1.8719168,-1.8026476
2748,train_images/ab7991df166b.png,bd4ac5940602c91328685b93784846af92eb91270ee827d3df230e0c9948c9cf,2748,0,0,5.361742,2.374298,-1.2223544,-4.5247245,-2.0584269
2753,train_images/b0b3b16fc305.png,6e53db3aa3b0e818f984b5e85221cf8738397a54fa8430d1b9149411bb17c4bc,2753,0,0,8.976223,2.318941,-1.9273205,-5.0518775,-4.133016
2754,train_images/b294927b14b0.png,03d7950a7111bb0f7bf924c8687b388918364795bb6dae2149e8e1f9ca658125,2754,0,0,11.1901045,1.5435247,-2.1616998,-6.1738486,-4.0630684
2758,train_images/b8dab47a260e.png,7684b479770aca495ede95decd33772a4f1fd445124e2e65bcbd24cc00670c9a,2758,0,0,10.831957,2.8478403,-2.056437,-6.237158,-5.0888143
2764,train_images/be8697eb2078.png,b68c568a0914151826717d01c086784fb296619be26b7e7b495fa1436324b2f8,2764,0,0,9.438939,2.4447546,-1.2876892,-6.4606004,-3.9494014
2768,train_images/c096131ad065.png,d58d507e2386a3e9bd48564fa2da8b472a53470d517e4eb72327cbf7cab7440e,2768,0,0,6.9428654,2.6828413,-1.3356428,-5.010473,-3.3183413
2776,train_images/c5a0e84e955d.png,a113ae233dbc4cf6ee302e00d99e274a1348bed0056cd97e9c3a9678fd48cc5e,2776,0,0,9.856375,-0.32220268,-2.8048522,-2.6631536,-3.886294
2781,train_images/cbc23af521f3.png,ae24a88d81fc755f139e6de7528751e4535ec16f1fa6204cf6cfb4d39adf458f,2781,0,0,8.057407,1.0183716,-2.1729116,-3.3923845,-3.459814
2790,train_images/d69698f838db.png,09c0e09f106bb3306c44f5b0638332aeeb34a28e4130a1b7e532f2f0fd6ce33a,2790,0,0,11.416047,3.5651855,-2.4762895,-7.5212917,-4.6272774
2791,train_images/d7078e8b0349.png,d4fd3ba3d4cfe7949a5e40409ee7a9e2af7bc51c2b70a8db03dbf3c8149ff000,2791,0,0,9.329431,-0.10847187,-2.7103028,-2.5638068,-3.7920265
2797,train_images/daff5427c9b2.png,392c9a2d351428d54ef913ab29e45947334422b15bbbf519fcf2e1b8a6024d5d,2797,0,0,12.271087,-0.49470997,-2.3761673,-5.8760986,-3.1142316
2806,train_images/e529c5757d64.png,bb4ae78ae7e054575f67b91e35f3248532dcd6c64337e355ecc1dd8276f2f5f8,2806,0,0,11.282452,1.119277,-2.8519566,-4.553162,-4.6532483
2811,train_images/e8e44b3160e3.png,e834e54b18c07faf7451d974992a87619b9bd45af0c31e49334abc08e60b5a8b,2811,0,0,6.337452,3.7354994,-0.27013063,-6.5945644,-3.3812342
2813,train_images/e9f3c85a2a02.png,c1639eb0deac9fe9732abf1bf5be46826186a81a28c968c2dc139f9c1b48de81,2813,0,0,10.852699,2.4288816,-2.6763268,-6.2967052,-4.038339
2823,train_images/f7735b6d47f7.png,3293a05d61e23422af7f435b219fa213be61a57f358ca8817e4fa492dac9025b,2823,0,0,11.041492,2.3992815,-2.1802702,-6.5297885,-4.441652
2825,train_images/f8d62557ad0c.png,441d159cbbc931743d3c874e96bf923816808920343dcd33e12dfe7755f885d5,2825,0,0,6.4816723,2.35464,0.32488966,-5.32025,-3.8059835
2834,train_images/086d41d17da8.png,0dbc89c5ac902ea1bb6999cbfe846dac0993e5535dc2ded701674d99f0507fc8,2834,1,1,-1.8503227,5.423027,1.9233918,-3.328753,-2.911644
2836,train_images/101b9ebfc720.png,9b329ff048205ab48bf0b1c21ab9cd4e245ec75aa33066c8205dece0b2dcccc6,2836,1,1,-0.4946022,6.098817,1.3839226,-4.586214,-2.96318
2840,train_images/1c0cf251b426.png,1a22c29dee149de4dcbc2cd958475dc6fb487c8fdeb4c209b74eff7ac6f696cd,2840,1,1,-2.582138,3.0905733,1.5691838,-1.793611,-1.0272512
2844,train_images/274f5029189b.png,ec3308cee508323eb2fc2a7197f724baddf767d1f0f43284aaacfcfb9bb44eed,2844,1,1,-0.32975578,3.7875395,1.0858507,-2.9338331,-2.1924977
2849,train_images/33ffddea8c6e.png,7c7faed46d15f53afdd6e00e5832fbb0282d940d98d48298b4999332a887afb7,2849,1,1,1.8669949,3.8426466,1.4533772,-4.4267864,-3.2455783
2852,train_images/4e0656629d02.png,504ae0b827b25c5ed37d5bc4b12334a4071b8b974883f855cc32aeb726eafe28,2852,1,0,4.8499737,0.059674263,0.46349144,-3.4904714,-1.9332461
2858,train_images/5b0e53f53ef3.png,40300032ee7ffc37b079befdd191dcc6d796c8f4c5544845b7c700402edbfa9f,2858,1,0,3.9537945,3.60176,-0.61198235,-3.8736715,-3.2102938
2865,train_images/7f60f2a083d3.png,753cfe459bd4f9151ea485cda35476781f9bdce44ed3555da87833247782a430,2865,1,1,-2.8602085,3.7962284,1.6341486,-2.0677142,-1.216075
2871,train_images/a2696f444ecb.png,0364bb4b667cf909088e64a0032689c8582cd3093d34632f68bd42005c86587b,2871,1,2,-3.2367477,0.40299797,1.6239882,-0.5154779,0.85814285
2877,train_images/d06ccd0cf4b8.png,1589295b5ac7951f998064301165fc52a1bbe62ffe358ce4c15884edd991b07c,2877,1,1,-0.018981934,3.175683,0.849772,-1.9221153,-2.6200175
2880,train_images/d5b4705ac2ee.png,a5d426824f776911b457e6eeef02988a25da8da69145745db93792a8316c17fa,2880,1,0,11.210821,3.122486,-2.060993,-7.2432423,-4.673778
2884,train_images/e26d8718ca58.png,f8f8a5e81d15873185b40718963c87d89d43cd17c962752a344a9a2a40e17790,2884,1,1,2.9041862,5.584113,0.28569508,-6.345289,-2.7271438
2891,train_images/094858f005ab.png,349eb9799526ad094c321854aaf6ad7bafa2d84befefcdd26d288e60c554c633,2891,2,1,-3.860773,3.2174196,1.9702115,-1.9043853,-0.37231255
2896,train_images/1177d583c807.png,78dd040877aa17a48c28223e33b49846a7ba6b083b0b4551ef96b7dd7dcbcd13,2896,2,1,-3.5841217,3.9884415,2.5756836,-1.8761151,-1.9683108
2905,train_images/22ce8ef69357.png,a27fafb6957a6608881335feeb3f5f95f8175d6e35a61a75e65964a792cbd6a7,2905,2,2,-4.956028,0.06340885,2.2391844,0.884524,0.7686405
2906,train_images/23d7ca170bdb.png,d4cf178d7109f64313f756b38740110033406613a5639551b257931b33baa660,2906,2,2,-3.2032948,2.4138126,2.7850552,-2.0362763,-0.86367893
2910,train_images/28f93cad89c5.png,002a8b30e8313f8742af31ce33425ff6daab9edd31eec49364f91885686459bd,2910,2,2,-6.2636776,2.0932894,3.0946264,-1.4651935,1.3907404
2914,train_images/2f9b66784109.png,66f6ab81877a8cc3c94f8d9a455a78396eee14102d270774cea0885a869ff61f,2914,2,2,-4.7125263,-1.3725729,3.7026777,-0.40766156,1.6808853
2923,train_images/48afe8c47454.png,3180da9168eceab0070e202792dd82390c90cd1967d3c69bad5b8a9e534594d1,2923,2,2,-7.0930595,-1.4446211,2.710122,2.0154057,2.5284853
2929,train_images/51d780864365.png,3db40182fd4a578f511ad15bae7bf227588cd7d01f5adc797596eafe3874b237,2929,2,4,-5.285864,-0.17962456,0.8519125,1.302303,2.2327776
2937,train_images/5b644a403e1f.png,e62aa1c58ffb49381e3c44ef76d58146c8acb391254f0d83f746500d3e8f4a40,2937,2,2,-5.076889,-0.07349491,2.7387686,2.519328,-1.1293421
2942,train_images/62ecdc90dd42.png,9e75bb38c9a0450ca536cc95357030d750bc969ae3ab0789dbf076b5e8dc2297,2942,2,2,-5.2756805,0.35736084,1.9546223,-0.23779678,1.9128618
2945,train_images/6b869f37cdf3.png,0d2f06d331fed4a62599db511a89704287fd6d2b347d426ba3c8fc847aeda26f,2945,2,2,-4.565874,1.5931387,2.1823363,1.4284928,-1.5716686
2949,train_images/75a7bc945b7d.png,bfc613e558e72c471587f66c637a5d973657a9d1891816994d85abb7653b338f,2949,2,2,-6.3919544,2.247219,2.980939,-0.29303908,0.31083965
2957,train_images/8000a6b97a84.png,8bb6439d5d50bd1784f891860dac6fc3cbd7bb748c150f8ce98fc26d2c52528b,2957,2,4,-6.064724,0.87578297,1.0631776,1.2268012,1.7685595
2960,train_images/82f2784ead76.png,1fe5502b7186075f1985fea10ef907fafbf2992e67471f709d05c02561f37d98,2960,2,3,-7.6497536,-3.7770066,2.3931718,4.196025,3.4408922
2971,train_images/91a88d3b0358.png,63ba8ac13fb4dcdd55289f85e9731be89396be355c7e8c28c7cc315437fcf9af,2971,2,1,-0.5120182,2.7412195,0.6592879,-1.6337204,-1.8234363
2974,train_images/96d48b073f18.png,27501303c0613afbae53524fbe1150a72598e7e7f1fb19af5cc4a9c946ee9f78,2974,2,4,-7.3902473,-1.9567366,2.708208,1.3902444,3.8463717
2980,train_images/9e5ec293267c.png,8e43e0a0087829cd244771818cf24de21244e32706bb0d0e18310ef9dc301b5c,2980,2,2,-5.3231525,-0.6154909,1.965467,1.2067182,1.7116442
2981,train_images/9eaac43744f5.png,2bb54f5019aa8a847042bd50f0cc359218bb00a58a38c780e2226fe23f091e55,2981,2,2,-4.4796944,1.0646935,3.2316275,-0.64170265,-0.1850586
2988,train_images/a879c3569552.png,1ee454e99475ee6da934bcd0a08fb0368aeda83c6a54ab31b729c6d53152065f,2988,2,2,-4.5918217,-1.3146296,2.1621933,1.3565502,1.3228416
2992,train_images/ac2c814949f9.png,cf7839df5a131b4ba1f210ae91a5c07251ee793ba4774ec027e33311b2f1c544,2992,2,2,-1.8639603,0.27513218,2.562027,-2.5943666,0.7811003
2997,train_images/b402b18d99a5.png,022c4d61b79fc0f2397ffb4afa68d1eac6e5201e7fc7ea69eeb81fc7fea90077,2997,2,1,-5.051985,3.8421917,2.7718792,-1.1253433,-1.4208632
3008,train_images/c87493ed320c.png,86e2c05e70bf9c775b431ce4f5ab3f68ed786746a82541002368c5342fe5148e,3008,2,2,-6.9271545,-0.29803753,3.0002718,0.38269824,2.5220232
3012,train_images/d29096bd94aa.png,9b20baa943c45853454ba7a9f1c945aab8b2a92c5c6abd79e96cad7773486599,3012,2,1,-0.5076237,5.289484,1.0259819,-3.078072,-3.2829113
3016,train_images/d88806d9ece9.png,70ed44fdfcb5f53e971aec3e40f62f23884a1fa5e237c7b41f958189a25c81a3,3016,2,2,-1.8515415,-0.40611744,3.2362862,-2.9573984,1.1638937
3020,train_images/db49cdf1ea64.png,0fe95b82139fb37c5afaf44f507b1f71160a1906550bc632e02bed67c5c4cec5,3020,2,1,-2.2475739,2.041956,1.367032,-1.1315265,-0.81929684
3027,train_images/e65f94ad9be3.png,2153cffd0d5a1a43c17e4b03e3389d38a5630a641e084afac0f8af2100e5dc05,3027,2,2,-6.344553,1.931941,2.9671621,0.65056723,-0.36074162
3030,train_images/ea9e0fb6fb0b.png,d4cf178d7109f64313f756b38740110033406613a5639551b257931b33baa660,2906,2,2,-3.2032948,2.4138126,2.7850552,-2.0362763,-0.86367893
3035,train_images/ffec9a18a3ce.png,92a11dc2119c567600ac7c30e56d8518f62dd72a0efc0a0b0cbf1510687d3eb9,3035,2,3,-6.6592903,-1.1877775,2.5789194,3.274144,0.835104
3045,train_images/51da6aebba8f.png,f496ed133f0c1f50acca7bff86cf6d44bef66e28c8be2b510f17071f473ec8ac,3045,3,3,-7.1873283,-3.1412635,3.1156225,3.8563633,2.0937014
3047,train_images/788ddb0b70b7.png,7fc5f40f6624d1c311a104b8d762576b521dcefd30f77870e7127ce5008e3173,3047,3,3,-5.724554,-1.3882303,2.1998115,3.0613465,0.76959133
3054,train_images/ad2f0b9d059c.png,9720e061ad6bc4b523100c34129b22a21c63d28264d1bca015a3e84de91ed8fd,3054,3,4,-6.6074047,-1.2557898,1.7587056,2.1162817,2.7568827
3055,train_images/b019a49787c1.png,2a3767cb018a37cf061731e0c474db4ebb9870a3ed810a1b0b38e48d0e3184b5,146,3,4,-2.8447838,-3.4465466,-3.14182,3.3841004,5.133811
3060,train_images/c3cd0200df79.png,8adf033b3bc421dc11856ffbd47d04cb2064a43499b24520e15d4a6252d9f70f,3060,3,3,-5.8676147,-2.3401794,2.049931,3.8226647,1.2803297
3065,train_images/1efa5d443707.png,8f563d28aa1e878e03306b7315996404f25157692501c06e76229137bd35f13c,3065,4,4,-9.247276,-2.384293,2.641098,3.1606538,4.2885637
3071,train_images/3810040096cb.png,9c803d33c3d677fffc77e5098300fdc9903ea7bd5fd4fef1dab7f08a28c5a35d,3071,4,4,-5.895874,-3.9983497,0.826179,1.3349805,6.468588
3072,train_images/3b232b394e4f.png,6a6d8a6717d39f42d22c0532a192d0d79da0a42f3c9c14b7aeaea7bca108ad5a,3072,4,4,-3.223156,-3.1937313,-1.2983851,1.8162241,5.025511
3081,train_images/7bc4dd99eee5.png,f53a8ac3dbb85783734c3a062e9c215ba723a41765f6b0a2fc892b476f4061cb,3081,4,4,-4.3782806,-1.0864553,-2.5233724,-0.5391555,7.4859962
3084,train_images/8af6a4e5396f.png,92a262deaac45adb8eca0536f45734f17b34e880ba2c29af9c3fc03ba5b7cc92,3084,4,4,-6.015526,-1.3658886,0.17532349,1.4846125,4.563487
3085,train_images/8eeac97f02f0.png,d55d0d55201b21827d454bab38f55057cf2c700b44682f0d7b509f57fe1583bb,3085,4,4,-4.3576813,-0.94602966,-1.5330849,0.8801892,4.9437075
3093,train_images/b96b518596b3.png,dac95f95abf376924c1e19d7937d289d3017f04f90b8f7b2b5c19a4b95655dae,3093,4,3,-6.761244,-0.31622314,1.4069595,2.8697238,1.6009197
3097,train_images/d2901144070c.png,5811f8f5bc36e7c2f560a6c90d798e2c47686da7d14550161cabaf4ce40fdf5d,3097,4,4,-3.015215,1.240345,-0.37850618,-1.0007517,2.317978
3100,train_images/e037643244b7.png,c87eeeea3392ba1c66ff3df64cce02b2c05616d6591ed179f1ee7fdb362ad6c4,1072,4,4,-4.998253,0.08091068,0.77304125,-0.04161954,3.1257706
3104,train_images/ed3a0fc5b546.png,fa3754e0186a17cbf81ffccd74120c7f10cb56b7092a56b6f0717cebcbdb8a4c,3104,4,4,-5.20253,-2.655983,-0.95837355,2.8308077,4.904703
3107,train_images/fce93caa4758.png,d9b5662d37b6e11aa4d434f7b86fa320db50d5c6fae12f7e8ad73de1a560e81f,3107,4,1,-5.048109,3.3268003,2.2061486,-1.9124823,0.3798437
3110,train_images/0231642cf1c2.png,1cecfbd9b8d3830182c66a08553ea5f3bf74552959dbfc488531fcaa22f57527,3110,0,0,6.7963543,1.8311663,-0.56115437,-3.0611148,-4.8307858
3123,train_images/12b57dac703e.png,156a9980cc878108d0f425c69c40ab056a64e8c0a773dff8f000f9afdebe1d52,3123,0,0,5.9203167,1.9157209,-0.32235765,-3.528326,-3.9043322
3125,train_images/150fc7127582.png,5c7ed6861d004245c7c83f2ada37fd3751daf1ec0837fceae07dba8835b7855b,3125,0,0,9.944281,2.195653,-1.744005,-5.8816714,-4.2759914
3127,train_images/15e24b73d4a7.png,1fd0e256333072fbc97a3d807a8c02355d1c11eaa58dd4b82dfdddb21ec7cf6d,3127,0,0,8.2046175,2.340619,-0.84683275,-6.318774,-3.3171015
3131,train_images/178412895d5e.png,a6e9b7f9352e64e9a7b521411a05c3032eecf89a7d886b591ea708b0fbcffe15,3131,0,0,7.6449184,-2.367724,-1.4751997,-1.3516855,-2.450986
3136,train_images/1d0b93317aa8.png,75cc9ccebee385333399997c2c11b282194161e6cc60df8adaa0fd31d7132625,3136,0,0,11.108465,1.1186523,-2.9540267,-4.154597,-4.821283
3143,train_images/2209daf71aab.png,457165e2e45053639594465a6caaf474104afc0254124f3c24e8e1b7e7367020,3143,0,0,10.386615,1.9094934,-0.5584426,-5.624856,-5.62921
3149,train_images/2821998fc002.png,d5bff6c4cbbc4a5b54fbc03802828370179453b611a60de5d4522ebea70e436d,3149,0,0,9.506572,2.628664,-1.0393147,-7.2954845,-3.6393566
3155,train_images/318eb706a134.png,bf8ff1bf91def14401115852a35048e25e9c767aaa6df1842488c3f3c184e794,3155,0,0,13.121739,0.23282146,-3.347997,-4.3317795,-5.179766
3157,train_images/3323fd59782e.png,66f396ae7603bf65170d201e3403c9f263ff5d015a1279ef6ff98d362b33a93d,3157,0,0,9.073647,2.4034853,-1.6232824,-6.1323442,-3.5892873
3162,train_images/34a7dbd3f05c.png,96d4a6f66db6227cb75d00f00f31cdb68381b1a7a3bc26f4e0329b12eafa35d1,3162,0,0,10.341457,-0.33757496,-2.888835,-2.8803048,-4.0563655
3166,train_images/3fe282197c1c.png,8f9d3b74b8a40ef957fc2741de75dbf700219ae4ad12321ce3339be7eaeab5ee,3166,0,0,10.109581,0.8050928,-2.1505473,-4.1812916,-4.3747697
3173,train_images/44a86263117b.png,3c17ca371313e179bb094234e093b3f7557252cd3854a6f4eda0c61431a54a28,3173,0,0,7.2459717,2.1171398,-1.1954265,-4.372931,-3.8221345
3182,train_images/4bcee3cbe232.png,a857a2195a68bc0bfde29a827a40c89820f88bd9a1a6e2483ccdd6db2618a276,3182,0,0,11.040625,2.8906279,-1.9431062,-6.819892,-4.844795
3187,train_images/4e4a6224a04e.png,8e720dc9c65bbf8e9a86b53e80ca735a95cb11eddf985976789b7f5c8e7c8ba9,3187,0,0,10.8344755,2.2635279,-2.0111742,-6.5612793,-4.2438025
3192,train_images/521b5377a727.png,1cdf76db6f9f0cbbf0c5e327fecb5f26c29005e22a30c7190d73d2b923830c2e,3192,0,0,7.347851,1.8273096,-1.6749971,-4.223923,-3.1457143
3198,train_images/5a0fe0ee4301.png,efa55f9d15f09a000ba00b788e8ea87deddfb2a4dcb60d93b741cb69f92b8668,3198,0,0,8.912976,2.3719492,-1.6956904,-6.034777,-3.421565
3205,train_images/63c7b0265775.png,13f966a58b448384c3d4df0543fa3067aaab45254a5391b62bc1064ab91d8a1b,3205,0,0,5.5938854,0.02836895,-0.26077747,-2.2991219,-3.0664272
3209,train_images/6966abf40b8c.png,1056e8da24aa163d9312ddd3e4deff8fb035ad4a77e4072a02e4676744cd6d38,3209,0,0,9.182339,2.4599257,-1.9209514,-6.9033356,-2.691276
3211,train_images/6d6be4cfc73f.png,5c5ceb00438abc309d36d40c1c388b75cad63b02ed9eed1073f73005b8ca7994,3211,0,0,7.71426,0.9111872,-1.0974622,-4.666438,-2.8504128
3216,train_images/6fe67fd7f5d1.png,a427ab67f8528a7bfb303514629d6d450d03182b196a3c4a6313113abeb67552,3216,0,0,10.831668,2.0833063,-1.8426249,-6.695531,-4.0587206
3225,train_images/79ade634c633.png,92ec236c8ab9c15fa89b1941c8ce611a1de900e070b6671a592c1e40b4cf567f,3225,0,0,9.7843485,1.5324192,-2.7601774,-3.654696,-4.687825
3228,train_images/7fdb177b8f7d.png,e00480826596290b0d6440adf0ad2657ac8fe3b32c7f126fb56dfc62d6c0927e,3228,0,0,10.753393,1.7725754,-1.0610175,-6.5575666,-4.6062746
3234,train_images/84b4da14bc23.png,82d8abdf4fe7afd5eb79730fa5e1d0d79de39855eac650dca1b7752f6f16b9ca,3234,0,0,10.554221,3.015153,-2.0090342,-6.9639616,-4.3289666
3239,train_images/8ab3faa3701f.png,e73a40e6548ddf146abacc6a95f5322b512b78b1fd6d7cdb42ff4cc0bc294232,3239,0,0,9.875686,1.4344234,-2.206543,-2.9822345,-5.906307
3244,train_images/92889b863ae6.png,b7b7797457088e8761028b0400b3e1b624efb43140581be36723632a26a9a043,3244,0,0,7.952799,2.6333408,-0.84984446,-5.691083,-3.796404
3248,train_images/96ce10a1dbd7.png,29cda9cff2b3292508a6f4512b9cdae4b85e088d9c43190ed06b3dd1a9754b00,3248,0,0,9.734657,1.7738371,-1.9445901,-5.081161,-4.282219
3251,train_images/9910c827e2fe.png,dbbd7336a58d14af7a733345f525138917b2d6bd92c7755ffaa27a5a8271719a,3251,0,0,8.210281,0.6840954,-1.5096209,-4.9760633,-2.3950276
3257,train_images/a06a63d866b2.png,9ef42d0ca1506b12d26ad43e9695c60caa19820252a36b59fab8019cffe5b758,3257,0,0,11.204291,2.040697,-1.7057045,-7.6070204,-3.6159568
3265,train_images/a53d6d2472a6.png,1746e701fbb00739668ce642eedb55d9fb4f650598d8904487a860ff4f2e7884,3265,0,0,10.8949995,1.8600998,-2.1104898,-6.2352533,-4.124716
3266,train_images/a5bb85afc6e8.png,e0fd0dec8c386b5827e49dd7da94984357309c8f38fc5d00c793a92be5caeb06,3266,0,0,10.425244,2.6211233,-1.5470886,-5.931769,-5.2878723
3272,train_images/ac1667fac512.png,1a6b67950976d7500c823f4bc9e176fb7de36c809b6a8e5981e10fc2df72fad0,3272,0,0,7.998968,2.6900415,-1.4119587,-5.2806087,-3.9715056
3275,train_images/ad20080452de.png,9bb484d968eb8b1085b097d2b3fa3c6f0af46b66cff9b949d45507ad2cfec9a4,3275,0,0,9.325991,2.9616318,-1.2825885,-5.902992,-4.919268
3284,train_images/b549af91bd30.png,344f3473386e5bdf27301d3b48bae168fc05bc2fe619ef6c95df292c8173174a,3284,0,0,10.62092,1.6046019,-2.1838865,-6.361275,-3.4134493
3285,train_images/b70e7c26f51e.png,5b40c97098101077064e7c01bd82d4aa159ebe6b8aea4fd7e874c81597ed0065,3285,0,0,9.424941,2.254836,-1.2907305,-6.2311625,-3.9640317
3288,train_images/b7f0bc7d399e.png,e47c26e71ba629d2f224da0b760d87116609e98c182dda31e33d1ea229d9962e,3288,0,0,9.822651,1.9214268,-1.1302419,-5.5155344,-4.6916246
3297,train_images/bdc6c60e9133.png,e8e82fb4a8eb546ba4da7c89d3fcac2b6cbe383a2198d3f97a084181148c1ca6,3297,0,0,10.662887,-0.1934824,-2.636026,-3.4495902,-4.111932
3300,train_images/c06024f05a16.png,00d0bdcad38080b9b6ac1e05c77e1620d464ebbb7d5daef71c09999265ec1b4b,3300,0,0,8.892168,1.198,-1.0304632,-5.9364944,-3.0199132
3305,train_images/c704bd669f36.png,917480d54cb1ea4338761b4251d1b5333271a60d87502284caea088bff180d66,3305,0,0,10.309112,1.6550579,-2.332537,-5.515744,-3.8694587
3310,train_images/cd1c98ec48b1.png,5dff8b85667c80393a8c5f30026beb535850d7e4a4b6306ab3b8c0e4fcfc0b38,3310,0,0,9.512575,1.6586065,-0.8416228,-6.443696,-3.6767797
3316,train_images/d2afca74cbc3.png,369149ef3c73d671aca59d27d2881f4e901bffb12836860917646d0addd4df35,3316,0,0,11.335918,0.59962463,-2.6927752,-4.2044644,-4.6840415
3321,train_images/d6dbb0820ea5.png,f5f1f6b8c201721325ec75a379c6db1e1a1dff5f5f2a386194c66ac0d29f846f,3321,0,0,11.616994,3.2385845,-2.2258797,-7.2305517,-5.0194626
3327,train_images/d9e58e4d8689.png,bf6c079f5da33f64f0788223d70231dab04eb02debf31d0a8cac44b5a423157c,3327,0,1,-1.3686352,2.2466097,1.083025,-0.6226959,-1.9880371
3331,train_images/dd285d9e97fe.png,d59b101888a0c1e17105a4907f6f0dbc156052849d221940c6ba896176b4fa17,3331,0,0,11.276481,2.667241,-1.5877988,-7.5052557,-4.5090446
3343,train_images/e3b47ed5b511.png,3e7aaeabf655bdd9b63c8a9feec5624ed53b071320f26ac35091d1a26f30bc87,3343,0,0,8.148277,2.754365,-1.0064249,-5.437068,-4.3873324
3349,train_images/eabf421f94d0.png,fd6e9b372240828ebeb10e6e32647dd6cb038844fcf0e9bc97a26669b859f750,3349,0,0,6.731159,2.4002552,-0.8796468,-5.881782,-2.4282284
3352,train_images/ec01f0862669.png,0d2581d68319924744e3f7f6b5be8542ea3fbe9189bf43831f8c156709a497cd,3352,0,0,9.4898615,2.3031445,-2.2680745,-5.5944853,-3.7647839
3356,train_images/f0267c42907c.png,c27981e72e55ad863142aee5c6e001d868059f6c0015f8aa2e200b293e749c47,3356,0,0,9.813058,1.4044371,-2.0967176,-3.7740383,-5.1269917
3360,train_images/f2f569a64949.png,28972e7be32f550dfd381f297b5a5a11259f4d9396d8720d788c736c6a57c9d1,3360,0,0,10.0744705,0.8325987,-2.5885084,-4.3752675,-3.7558036
3364,train_images/f86d1c404acb.png,90b19733a5c2384161b0ed2533438e55fb59f95df325d80fbdaad188ae855729,3364,0,0,13.258871,0.77850914,-2.97538,-5.3416777,-5.2060065
3369,train_images/fc782722a50c.png,2cd37adf2525c6e56dbb06c165a2f7aaebf85f0bd78b6ccc22c4fc482a52babe,3369,0,0,10.562648,2.6206074,-2.013786,-6.006884,-4.8687572
3376,train_images/fefded6bf135.png,84b65b4124f35ae545c4fab22cde4f01369f5939d87804d28211ae6b15531a3f,3376,0,0,5.44775,3.1768208,0.47446346,-3.9196935,-5.160517
3379,train_images/ffc04fed30e6.png,831f78a834b6c9e1b60699186ec02df731525bce27a4e8e8db0c5cdad6b64efe,3379,0,0,9.176833,1.0448875,-2.8188593,-3.4896998,-3.761808
3387,train_images/35aa7f5c2ec0.png,cb66e86c28ab48f1884c067226847b34c2849713a3ea380fd6a638fc2582523c,1683,1,2,-3.5779953,1.6154318,2.1639843,0.7834463,-1.8668246
3388,train_images/35d6c4c50072.png,8502459ce6a945aa2a3b730f909278cef7f553fead150cc5c16f20c1094b5534,3388,1,1,-5.508854,3.2131224,2.637682,-1.2305961,-0.16660881
3393,train_images/4661006f3ba6.png,27bb21e127003b1ade79501891f63f4958b5508f95459121ee42ed98012ed17f,3393,1,1,-3.096653,3.7457418,1.5146952,-1.5907164,-1.3510656
3399,train_images/5090917a2676.png,7f58a387220daba3220d2a2312eddc84f2fbe953bdb4275e4d73720997aa05a9,3399,1,1,1.2909222,1.8068419,1.2908525,-2.070692,-2.668641
3408,train_images/76e589911303.png,21a8086175cb79e7eee3fff83c42dad71045e6b2a10b597f3765a20fc195fd36,3408,1,1,2.022419,5.7969885,0.5004859,-6.5034604,-2.242857
3411,train_images/7ea756985353.png,a404de44d3c1b265564cf962ffed06a52cab2b548c6ed9dc01d32cc2f65b4a67,3411,1,1,-1.9855824,3.3744307,1.5595026,-1.7854667,-1.845551
3415,train_images/94372043d55b.png,b64e7f11e5c1faf9d5b58fd79dffc209a18e9929c93a44b84fcd130bdd255e26,434,1,1,2.1026592,3.591321,0.1484766,-2.7595868,-3.383205
3421,train_images/a5a2a7003d60.png,239114d70c44bb16de287dec448e5ab64b09d2e6d8e82876962e48ccb5ceb292,3421,1,1,-1.6739044,4.0476227,1.0153484,-1.9629836,-2.1062999
3424,train_images/b576c5269ad1.png,9c2108c7528b935e27b10d0cee2c55f2699ba27bac2e6fe131dc0117e0a5fec1,3424,1,1,0.4300003,5.81726,1.2526402,-5.1636724,-2.8002825
3425,train_images/b640e3bdff75.png,6c60f487b9640715f98fdac34f67e1424919b9045e7d00ee4a1cac567cfb0c11,3425,1,1,-1.1095104,6.111459,1.2309217,-3.9771094,-2.8601632
3434,train_images/e2a233493b90.png,207e58797eaeb9a3f900fcc0f8581a57fe1020fcf1932116672126205fef3eed,3434,1,1,0.5585823,5.340969,1.3049126,-5.4940896,-2.2327466
3439,train_images/0c2e2369dfff.png,4a79063efcc4b34a10ae728b9b8ed19effc52dd927f9ccb81b5146e9488c3bb5,3439,2,1,0.3892765,2.1350813,0.6573825,-4.3168015,0.5307045
3444,train_images/141735b57ec0.png,d26a6aa0d46a2a14e5c50c1e9c595dca9ebffc049eb1a605f7738204ac9c2f4b,3444,2,1,-4.6163006,3.8933783,1.4657125,-1.3587177,-0.35704708
3446,train_images/1594ca6c30d3.png,43c17fd725a523e5e3f80d960a3a7bd17d21fe4d39c47cf339b6d15d532c4993,3446,2,3,-9.298344,-2.6918645,3.0088959,3.8336196,3.5863476
3451,train_images/1e4b3b823b95.png,f99c2f7a670b7bdc9c3ee1f20367e220ae217363208e9178291358ba2ab79f76,3451,2,2,-4.7003365,-0.38673592,2.2624297,1.4733753,0.3872652
3461,train_images/26e231747848.png,5ae31f1a7a2499890419d0c6e275368f4c36324686c64e58ff2b7b8319c36f75,505,2,2,-2.2577076,0.78537655,2.4814606,-2.2809033,0.43554688
3462,train_images/272d9c043c81.png,1e338d3beb03aada71a43b21b2a3ad3e652ad0b44aff2a1e6e8cd3a74de7ea56,3462,2,3,-7.9027214,-2.9632497,1.9458928,3.872329,3.6628637
3467,train_images/2e79041ef722.png,0f001455c6b995805435d727396e2435f5058e2d7c5427326fa3d44815eb43d2,3467,2,2,-1.5909386,-2.3525743,3.4572287,-0.56524336,0.46100807
3475,train_images/3e6bfc4d5c65.png,3bab5bb9b4265a8c52769764034b5e437599448d3d1714aab6e091fcb4fdd48d,3475,2,2,-1.5195236,0.73873043,3.3714533,-2.438846,-0.8367491
3481,train_images/44f4ae58990e.png,22069b995aa283059c35168b159f3f23705dcc26b7a3527936e1bbb8ee15a877,3481,2,1,-4.9982986,2.4078236,2.1057167,-1.6201129,1.0469131
3486,train_images/49419f8d5cb4.png,54012dbe40c256e6d33810cb9748517164f72df1286cc39719ded4004e413838,3486,2,2,-7.2115345,-1.2501116,2.8249702,2.1525483,2.137518
3487,train_images/49a4765f8822.png,12e32d50b706354ce30bd18b7d7927b64a25fbf75f8b1f72f8f57bec452fa4b1,3487,2,2,-6.4522686,0.67647934,3.6857777,0.7752739,0.06709194
3497,train_images/594f69b503ad.png,a6d6db6984c3680f4d0ff30ecadd85c0aa6c7c14ad93bdbbca508a32ad69a6fb,3497,2,1,-5.0911236,4.8174725,1.6742792,-1.1849067,-1.186677
3501,train_images/63d217b059b6.png,675d9bc1dbb995a1396e0e48605475aac4b683791714ed6636508591d9f14221,3501,2,2,-5.635994,1.2443762,2.192748,1.1445483,-0.03257656
3508,train_images/7356dd08b0ae.png,a4ba1a4a31cfddd75efb79b8410e38d5e54bdf0118fce0473960651d96e6e9ee,3508,2,3,-6.974478,-3.4858336,1.2179289,5.5087185,2.5040846
3518,train_images/83b61051737f.png,333ba7bf7cde215d0340f6b232ab9d9f62ab3f85518641529fbd801968fbf16c,3518,2,2,-4.656555,-0.16680908,2.3665838,0.0075821877,1.3779459
3521,train_images/86b3a7929bec.png,c2910f0d9fa83aa40d7de032076571b487b423f1104ebcc233fc4adea64eb572,1134,2,4,-4.010626,-1.9556904,1.8558435,1.1670291,1.9723034
3525,train_images/917f76f360b6.png,4ade5faf5a8e277c3604f6a9061766097b69a6391297ea00b1016cb4f7675b93,3525,2,2,-7.0356636,0.86388874,2.9102802,2.221606,-0.15099812
3529,train_images/96c3e3db68bc.png,31e966db449659de9780b36c7333a7fd77690b3e8a800fc7c86f12e1e120af06,3529,2,2,-5.118065,-1.0983953,2.6382866,1.2253853,1.2319326
3531,train_images/98104c8c67eb.png,bfc613e558e72c471587f66c637a5d973657a9d1891816994d85abb7653b338f,2949,2,2,-6.3919544,2.247219,2.980939,-0.29303908,0.31083965
3532,train_images/9a3c03a5ad0f.png,6cb1a09ca80760ff37b9c995489e97a219747b87f533bcb6fe95ec522d99bfdf,1422,2,4,-7.264681,-1.1478376,2.0108962,0.81926215,4.237793
3533,train_images/9cedf5c7016b.png,419fbbf945136d3da372f2ef1e54474ab2bebbf8ced7cdecb4d2978b50bf244b,3533,2,1,-3.7119179,2.3660402,1.7799268,-0.7592938,-0.5106411
3535,train_images/9f4132bd6ed6.png,191386487d7a4870d5b8d5639885bdd2e6d637930d1e925bae9a497b39368eb3,1323,2,1,-3.6061535,2.6742554,2.2664795,-1.532135,-0.74559975
3541,train_images/a3475dc3ac80.png,56818901379a4ae7396ca3bc72fc6f8168080382f64684a76afe8b26ddf933fe,3541,2,1,-3.2614117,1.690525,0.44262505,-0.42747116,0.72662735
3547,train_images/acc9f29538c4.png,587e3a7e2b4b4467a0ef736c83470ad8f9e349e5d5dca41109e569edff5a8b2d,3547,2,2,-3.6294994,0.61231136,2.379713,0.13445544,-0.42377567
3551,train_images/b82d5f1f1145.png,ff24f64bf9e1e111bde4e5d6fe4fbb526dab33d7e2a0ba3122da0318141f0553,3551,2,2,-6.215227,1.166707,1.9560642,0.118278146,1.8022423
3556,train_images/c5431b81cbc9.png,b37c827cb787b92215b2a7af1d069c398d3b39938320cb9c5a272361d708bb4a,3556,2,2,-5.232481,-0.3884735,2.6769333,2.0559573,-0.10019398
3561,train_images/d15ca3469b87.png,b8b16298785760a7ededcdf0073e71e425d3e1d3fc2930e33768a76331acfbfa,3561,2,1,-2.2545528,4.981617,2.2083683,-2.8642068,-2.8030224
3568,train_images/dde43aa22ae6.png,f744ccc0fac79c22b5dc0ccba1cd8ed2a63cceaed4e5bf990304645414b4e3d5,3568,2,1,-5.352251,1.6396093,1.3030543,0.6695099,0.6782408
3570,train_images/dee687c6e88a.png,8d417eb674b9d1b7c785a36153909c170b7ebe76f53783ced838b78021d52fa3,3570,2,2,-5.1276817,0.25019646,2.987258,1.2709386,-0.5303316
3576,train_images/e65a2ff90494.png,e9530fe5cf3b46e923ccb407f462e829c4a6a2df2b6a072ea6d31c2696005f51,3576,2,1,-3.0988865,2.1984549,1.9934287,-1.1903384,-0.7006159
3585,train_images/fcc55ae641ae.png,d045d1281e9db3aa4805c6db7c1f8f78de33b65c25d2d4cc3871e58aebba6e0a,3585,2,4,-5.4695187,1.159071,2.265069,-1.6726706,2.5520496
3590,train_images/3218a6d8eb2c.png,ffe361a72de65bf79eff34c44aa34ef145acb2d5543b529f72e903fce145978e,3590,3,3,-6.815111,-3.620133,1.5674868,3.8401911,3.7605152
3591,train_images/36865bbc64d6.png,2a53d9bd33547b23249a0d2f8a3e10c060f106c20f5c4ec65ca2a7987d8c8b38,3591,3,3,0.14331055,-0.19948292,-0.80067444,1.1894891,-0.9543562
3594,train_images/4f0866b90c27.png,e23d6eba5a81e6163e8063c03068b4315fecd7c77967b74a45662d8fd69ee78f,3594,3,4,-5.2365875,0.39228725,0.4255662,0.590932,2.660448
3600,train_images/910bfd38e2f5.png,1987b1757c5ea7448df3331ffb95243301b5136b37c3593419b99875db3065d2,3600,3,4,-6.415476,-4.008213,3.093526,1.4824107,4.6045113
3607,train_images/b3d135bd3bb5.png,86e9beb640b015d689af9e47d70d03c7427f3b77d78ef12c934e2ad8fd4bb151,3607,3,3,-6.2722664,-1.4323568,0.68340874,3.802106,2.0690193
3613,train_images/e32a359be36d.png,d8cbbedd343d5d5a54e6a432e647119f1e417d1d69ce39ef9d4b3c739701f07c,3613,3,3,-5.4046307,-4.1823416,2.002211,4.1547775,2.3643427
3615,train_images/f080a22008be.png,388333b3e777dacf1638a1b51b727ba393edbcd00e54d824b3c67c6bc6e32440,3615,3,3,-4.4384823,-1.2800436,0.7570977,2.4620187,1.5841522
3620,train_images/247e98aba610.png,8946e9dd12fa81050651c7f084ce6dbdc37e0898c428ea04c13c08f664c7cd8d,3620,4,1,1.4289932,1.5439377,-1.2005358,-2.6528049,0.47351265
3627,train_images/4bd941611343.png,29cb735dd0df96333c6948d432a6e6ecb284186bd9163673cf3a4b393d416dac,3627,4,4,-4.742836,-1.7394695,0.19375086,-0.65924823,5.925578
3634,train_images/6d259b5b4c76.png,7a7ad0e519092be9a8e873411fffe91c51db98848fe85eb84854d3edb72c947b,3634,4,4,-7.375923,-3.3102608,1.4616041,2.0030155,5.8388386
3642,train_images/875a2fc5fe23.png,f17c83d18c5824fa1ed75ca2cc86d4812d3d63856a4b5bae6009ad430a5de7d5,3642,4,3,-2.2002964,-1.3768692,-1.4255133,3.7228708,0.4221382
3648,train_images/ba735b286d62.png,fa3754e0186a17cbf81ffccd74120c7f10cb56b7092a56b6f0717cebcbdb8a4c,3104,4,4,-5.20253,-2.655983,-0.95837355,2.8308077,4.904703
3651,train_images/c1896142a20a.png,469f4d2577c49f8e2ac8eaabbf903f8e9aefd268d1523fdbecfd720354ab5cf5,3651,4,3,-6.9243507,-2.1704712,1.5149183,4.1841974,2.2050238
3654,train_images/cb547e723a16.png,db4aa606bc77aad8a05b755c9405a6adae18ed6cf58284dfd471132e00c1bafe,3654,4,4,-5.578251,-1.7729788,-0.11369562,1.0306716,5.312545
