pool_index,image,pixel_sha256,sensitivity_group,target,prediction,logit_0,logit_1,logit_2,logit_3,logit_4
0,train_images/e663c6627a95.png,da85fb2346601232e002fd8d292b32395ee82ac34c934467fd98079d41541181,0,2,1,-5.746586,2.7410688,2.0733962,0.8187847,-0.023510098
4,train_images/5879285f9d8d.png,50f2c3aee1cf83066d893910bece55c6df050e8495767f589af0df0b592547a3,4,1,1,-0.0054187775,1.5775366,0.4029963,-1.3963366,-0.47049987
10,train_images/92f313287a29.png,d2e4184cb90a07f628a8a256dcddc994ed3cce4cfd473893af68a36c195bf8e4,10,2,2,-4.680376,2.1745157,2.7037227,0.17675209,-0.40292966
17,train_images/de2eb5c8aa83.png,3519034420628044a80cd8b2ff731b990cb7d77ef549c8ac285221de8f96b71b,17,0,0,5.579624,0.25959682,-1.5391779,-2.3702507,-1.7454242
22,train_images/cd972e5639e0.png,8bf3bb791f8fed8fe4f6be8312b8bd599a16818d9da054bde0270a3e275a4546,22,4,3,-3.7775192,-1.6520014,0.54437935,2.434538,2.415439
28,train_images/6810410187a0.png,c9c7e397cdad94344b4a229e338fa5a820b30d1b7767bf322bb5b679e4edabd5,28,2,2,-2.3854713,1.3530216,1.436085,-1.2096043,0.8252975
33,train_images/e16fc934069f.png,9cd8cafd9f76f28db12dea5f6a6294a6509a4ab4f049fcb2a12bf730a5ffded7,33,2,1,-1.3136635,1.7806215,1.7513677,-2.1920462,0.01719904
34,train_images/fdd534271f3d.png,2dc46dd7f740c040ea4dfda253b8d4524c0357707faa95fecd3c2fb6636e29b0,34,4,3,-5.928705,-0.7781372,1.7450835,2.5580273,2.2746954
37,train_images/e9ff9352ccb3.png,e2f35230990537f915259582fb4dd8abc34fffa3a3b47f30614d433e9a0ea1f7,37,1,1,0.2633171,0.99839497,0.8126309,-1.5986118,-0.42379403
39,train_images/61a62b1dcc36.png,1095b5bbe14d17d31088198acfebe113286b254420495b9c07feac5217d17dcb,39,0,0,5.6355762,-0.051267624,-1.5169566,-2.0612097,-1.8292807
46,train_images/59ee65760535.png,03b065f8f52d2ccd6d5c971e63846c0a01f12eb46df9f3ae345ddd2e39b5d825,46,2,2,0.1226387,0.55755043,0.8545233,-1.3169022,-0.08898032
48,train_images/63a03880939c.png,12bb56f380cecca7aa558c03446098950cf06a2189238343f607bba494a5501b,48,1,1,-2.2168121,2.4815798,1.0378182,-0.88818073,-0.37622404
58,train_images/ec0c9f817b03.png,df11a3ec98921dbf693612aac315323da11d8f2cee58bd743b0ef7046b3c40db,58,0,0,4.2236366,1.4270058,-0.59718776,-3.3137283,-1.6326641
63,train_images/59928f999ae7.png,ad0989c9b886499e709aa424103d3bf3d017ee6748ad92d272bdabec65a64366,63,0,0,4.168003,-0.8789015,-0.80473137,-1.3778162,-0.96351206
69,train_images/0f364b7d4384.png,2e21a8670884965e1e3bacc9104af186303222592b851b17618a22989243dc00,69,0,0,4.591793,1.212779,-0.9473665,-3.12469,-1.5436772
77,train_images/fa6f3d8bb1d5.png,cfbe032b9cd42f881e13b6ce9283d3ee25a8cf891e6166e4377ea6273ec1a941,77,0,0,4.17309,1.3656273,-1.1551144,-2.664318,-1.5974838
82,train_images/838c87c63422.png,16408926131f232702bad8b9dc6db519abfa46a0458d48ac67319358ec47fad3,82,4,4,-5.6674156,-1.6750832,-0.5246239,3.005557,4.7600436
85,train_images/8d13c46e7d75.png,d2f22fbe803ab44dbf5045d73ef7490a43bbeb36723a2dc5ce355819da011949,85,0,0,3.534027,1.5510874,-0.23418021,-2.8910103,-1.8543123
89,train_images/7f39c36469b5.png,df2581fd190be09ad708fe4a36590eb5ae505fc784edacb98cd9daa2d05dc217,89,0,0,4.1199303,1.1527357,-0.8493147,-3.2743812,-1.017486
92,train_images/365f8c01d994.png,537b838519833ab062a39a44adbe7fff3f6f213c23c069ac669f9e50478df05b,92,1,2,-0.7578106,-0.29715538,1.492846,-0.6139965,0.1525625
99,train_images/423abbaa5fad.png,58f302ff650107f01e2a67ded84f7c8fffe2541fcaacb0777083573fd6b0e3b1,99,2,2,-4.9912643,-0.65060425,2.2367244,1.5308056,1.8103514
103,train_images/bfda2fd0533a.png,1e0215426e2815591089dd3ee91461794f832d91a9b80ec54bcb7395f250b280,103,2,2,-2.9760895,0.90028477,1.3100754,0.91775703,-0.16821134
112,train_images/73ef3c3dcbe4.png,a2808f10e884b212a52edada5ac4616f255323288247b1eda85cb818bb41f442,112,0,0,2.7952251,-0.0930891,0.19579971,-1.6583214,-1.0589997
113,train_images/f1a761c68559.png,72cbfc507eb423acbdc97e5622ee600758feabc55cb6a1ed3c432bec9dce9825,113,2,2,-4.9253426,-0.35514832,3.148891,1.0119152,1.0539163
121,train_images/65a3b13ad9a0.png,8207261d295d7a5848488e47f12cc7f315ab839067c9fad1df6d70b8cf9d58f1,121,0,1,-0.94540024,2.8498526,0.44089735,-1.2420759,-1.0416735
126,train_images/789f0ec1eab8.png,0bfd6ff37661c5a67fbc7f4b926949edab84edf63bcc913df87914a27069bc8b,126,0,0,4.2150764,1.3442965,-0.47663856,-3.317741,-1.6451789
128,train_images/d952dbfb0fe4.png,b951bce5d72f835724f0f46f82e7fc112df9b9333f95e5b5c6f7c172af26813a,128,2,3,-6.147497,-0.7272043,1.643903,3.3012133,1.810324
136,train_images/44855f666225.png,9ae0b4ef73578fa86ed2dcd263d404d1fe3c59e710086205814b67aaa07cd527,136,2,3,-5.552723,-0.91372013,2.1359506,3.3291044,0.9253439
140,train_images/15f8d769935c.png,59680f35e4eb6ae2d64d91f140f02c2b680e4ab76e7a2dbfd05df1e2add00c55,140,0,0,3.926754,0.93542767,-0.40622187,-2.8328342,-1.5200032
148,train_images/42985aa2e32f.png,4d811f303a66afd2315e0860722112a13ae69203166d09e45ab2545b32a8bfa3,148,0,1,0.7519188,3.7060938,-0.27037787,-2.9450817,-1.1696056
152,train_images/00e4ddff966a.png,864c38c3a7f51771595a7215461cd3e27d65030777310180e43871c86a0b49d5,152,2,2,-3.508688,1.8323679,2.0111816,0.066002846,-0.429528
157,train_images/457c7c927e27.png,db763e5773bcf369f8bb189006908c634bae8221d7623b61be508cd706b78dc7,157,3,3,-5.6259556,-2.3909235,1.9521565,3.731719,2.306106
162,train_images/a9dc80cba9a4.png,618bcf3333c6d528751ee323910f232bbb9fcdbb5226da841f1e337ad0b62927,162,0,0,3.4460564,1.0367851,-0.01962328,-2.0712328,-2.190691
166,train_images/48543037d0b3.png,09a8866c8e7d43a632620799303fc287ceda911aa37d8853c05615475d7b954d,166,2,2,-5.418272,1.6656713,2.4319828,1.0912952,0.15865529
170,train_images/f06e7a9df795.png,9244a7fa3423c8f66d5d13289ff27f540daef0e7d90e32421ffc0ff99c9d147f,170,0,0,4.346916,2.0196562,0.44377816,-3.826079,-2.764759
175,train_images/6cb96a6fb029.png,fa3f631468dad2e67e27944375bbecfe730166c8dc3b7e9f167c77b9321ca5e1,175,0,0,4.9789867,-0.24795055,-1.046432,-1.940855,-1.5696262
182,train_images/26d9576e8043.png,b3d5154ac882733410ef5a566f4acf9d9eafacbae5e95b9d04cf056e294099cd,182,0,0,5.3834915,0.9535694,-1.4536524,-2.9738483,-1.7515281
185,train_images/cd01672507c9.png,d843e8ce4d772dd6f081611fcd0873e7d589d71b80c18b89d2f9c3504c1806e5,185,0,0,2.2341576,0.12526417,1.0167677,-1.9948902,-1.2368776
193,train_images/e966850247f4.png,58e2a7277a2ac0ac8fa0b7e7dd0390da3ff5df3539255a5b1f84b3ee06706f1e,193,0,0,3.504963,0.58984756,0.013851881,-2.6696148,-1.3431393
196,train_images/1a19f2ef4472.png,f9a35d2fe27405fb6485975dec7cbb8c343cc819c7a5b0b1a328681dfd9d1e15,196,0,0,1.8379612,0.036078453,0.32273185,-0.80290127,-1.2702662
197,train_images/5327f88a1919.png,91850561d1b3b288f21a02c733a7af5a61f068605feebb04ecf0b001de691a85,197,2,3,-4.307213,-2.0121984,1.9560485,2.8019009,1.5803878
209,train_images/d48178e4a49b.png,8273cac44e116e1f28200581ce17aeb07ff54d9aab2531c9cf3ada2c6db67ef4,209,4,0,0.72989273,0.548707,0.40334582,-1.7648735,0.19023657
214,train_images/11242a67122d.png,e6f9745fc366b3ec1bfef3ede76b78ad12259b256daf7f6f10b8c31d28e6c910,214,4,2,-5.752369,0.12465763,3.497229,0.96982384,1.0667088
219,train_images/96ea316ed0ab.png,bd3e7ecdacfc031f739188de6d16583f4cdd088ba775bae621ba09ba136474f3,219,0,0,5.274769,0.68377304,-1.2605004,-1.8248215,-2.705833
225,train_images/c56e65f74187.png,4dbfe19a5b8613e4349d7fe545063c118a401f8cfcae003a7f05c232287384ac,225,1,2,-0.74645233,-0.402956,0.8233057,0.07268143,0.3769877
231,train_images/4a7dc013e802.png,91f90b688d03aed42bb59bca986f57ec98a5188e47ca0c7e488c389e1fedd6f6,231,4,2,-4.430521,-2.6568031,3.3145113,1.9766912,1.7981579
235,train_images/8f10e41a2f02.png,b7abe7dc3c50e32d3128ee1f786d9d2cc7015facde1473c2c5840e4416b9ef94,235,0,0,4.063595,0.582592,-0.45376635,-3.6223893,-0.4658767
240,train_images/98e8adcf085c.png,e79e37bd22b14bf7ad3a8887613754c8c1e094a5e12579d7ab294116ab1bec6c,240,2,2,-4.00733,1.1559086,2.0278773,0.046403885,0.7703357
242,train_images/5b5b80a3edee.png,b0fdbdc76bf34aab2404643b85ff8e1bb19ce19c23bdada87460106db62d88b5,242,4,3,-3.9530125,-2.4190474,0.3126918,3.2573519,2.799739
250,train_images/a3b2e93d058b.png,201a094b95dc5b17adab0a7a21418eac1be329ff1e99ad79e2c5587cc50fdf03,250,2,2,-4.290653,1.0436106,3.0457702,-0.38875198,0.5846547
251,train_images/ca7140ecf389.png,fb211e0d85f4e71445d3e51622b8be1747e52ea01af4757a36e165a72b60dc73,251,1,1,-2.265644,2.7697706,1.0140984,-1.2633429,-0.205742
258,train_images/1b495ac025b7.png,9e088947f9296c3837a98b067e668e1050bbe20f14ff53259fe74d5a0d2a414f,258,3,4,-4.9827976,1.1433744,-0.07593548,1.6927261,2.1820884
267,train_images/4da6e2089d57.png,08d93194c8e538b4071a367d480b5fc7c8dacc27fb6fb8e1c33e11627e433d58,267,2,2,-3.2491932,1.2492771,3.5887454,-1.8631535,0.24214041
271,train_images/8688f3d0fcaf.png,732efc7180a6ffbf206b8323fdd2214d874f2f966d80f5636833b1cf2862e35d,271,3,4,-3.1480618,-2.0432005,0.04609239,1.7295971,3.3480182
278,train_images/e4e343eaae2a.png,db77265cee9f06464bb248697f7b4dc7a66abcca758d48c1c632b39916eda082,278,2,2,-4.1166573,1.2098646,2.378211,0.04284954,0.45576346
281,train_images/9e99ae6ee7af.png,bc9d6200949c3434f398e816a1264f70482ac93a3425c354f329f5292fcd0bbb,281,0,0,4.6173916,1.0403118,-1.1587815,-2.5227184,-1.8210379
282,train_images/07a0be6b347f.png,f4cafc8d8a05d3b7a1261b09821c359664c866b888905ced60ada9e60c569a00,282,0,0,4.424288,0.27311516,-0.9671786,-1.3265057,-2.2576323
288,train_images/291e2ff3d834.png,f2cb4129c238bdbcbc5d0c5b147e0bc8048f388fbff51b9afc15e6c0432ceda2,288,2,3,-6.126005,-1.1741619,1.4731779,3.1687613,2.5080924
294,train_images/e93394175a19.png,b8e37091236c7f933c06a8b3bc58b6140b0cae260fc7169cfe9d2496329cda0d,294,3,3,-8.310837,-2.9303894,2.3932214,4.4439163,4.221958
299,train_images/5bea250d8bf5.png,f8f66583ac1603e4c6fd6c9a4ca693825e9a492bc215e26a55496e4a133ecd29,299,0,0,3.2955093,0.9905329,-0.31029415,-2.3812046,-1.5038427
305,train_images/a15590a7d774.png,c6c55e6be21971ec3e2ab5eb64f5f6c5650812466d28917c5eced3be48681c61,305,2,1,-0.0081653595,2.5216074,1.3080133,-2.6637049,-1.1007534
311,train_images/7347bd23ba80.png,4a3d5be9a83655389ed792012244652220f1c316ea14e51f417a922958189c21,311,0,0,3.9324074,0.85185814,-0.06750369,-3.0231867,-1.5931977
315,train_images/c8d2d32f7f29.png,3f00dbfe3bf9f8c3675c7bb6b95fd76fe6032b82e66884a46447353dbb7d72c5,315,4,4,-5.394827,-1.6816349,1.2919476,2.3993244,3.328105
317,train_images/883ddb650967.png,cc81aa0b9004ee93c727d365876b77e0ed0b2bdd2f15db34c2743283d7dbdc6c,317,0,0,3.9425411,1.5584803,-0.31621718,-3.0937781,-1.9837266
325,train_images/fc4c2d35c6f8.png,d9d229cca676f93318e30c49b83535498a24296a494defaf23ae093715e33734,325,2,2,-3.0524998,1.4280701,1.797286,-0.5811882,0.4137143
329,train_images/d881c04f01fe.png,66035628a9be8d7a48dec7a2ed63c8d5dc4319ca05b659f4484e1eace94b03f4,329,0,0,3.4630547,1.892129,-0.4176371,-2.6853228,-2.1527162
332,train_images/c9d42d7534e0.png,f2b671b6b6429d108bbc74ef4477ba02424d13a3f4472ef37802e9aeb71f0d78,332,2,2,-5.1758213,1.169014,2.6671982,1.0998383,0.1834979
338,train_images/5486da4273d7.png,9585ce64af838e38f9f3845d8832bb2238364f104b8bff8a52e0615a93b6b150,338,2,4,-4.830387,-0.77989674,1.7217329,1.9004936,1.9418408
343,train_images/5b804948e35f.png,c0d76269af9edeb64d5e9cb485eeb3255c91d67ce2cf9d9bb980d540669305d3,343,1,0,1.6344738,1.1760521,-0.055140853,-1.712141,-0.91855085
351,train_images/b06dabab4f09.png,123f294f0b08668f7d783c77ab5b833ea140a9a09f91e7de0aeead86c0c91243,351,2,2,-2.9159927,1.0789433,1.7982266,-0.63095856,0.70370805
355,train_images/034cb07a550f.png,3f00dbfe3bf9f8c3675c7bb6b95fd76fe6032b82e66884a46447353dbb7d72c5,315,4,4,-5.394827,-1.6816349,1.2919476,2.3993244,3.328105
358,train_images/799214e8b07c.png,48e6727a6974c456c185d01487747518ee23335d7173ab6b13d9251d48a6497c,358,0,0,3.5139809,0.96773624,0.021106958,-3.1832285,-1.2299122
360,train_images/0da09e3ce8f1.png,bb9b5b99aa1a632ee30600f86928d1dc80644892f4e598808885b4adbc6dc80e,360,2,2,-4.9522667,-1.8142338,3.0098536,1.1363325,2.535227
361,train_images/87774aafe068.png,75c6d814ee5a8c017cc0da824a260c8ddf6ff5614c8a84f2fef365a7a23e7a38,361,4,4,-6.7457047,0.45864487,1.2581742,1.3721161,3.5513067
373,train_images/24f271c87e73.png,5db0a7681a997bd81b9cf7b87da9efd32341bb3c1f5d3888a4cc895d832469c4,373,0,0,3.8837585,0.38213825,-0.71260023,-2.362484,-1.0037156
374,train_images/698d6e422a80.png,972df28c8f8bfcb41b9fe56f25b25571a2975da6436170e09a0825316f4ae840,374,2,3,-5.515827,-0.45509243,2.0845506,2.844823,0.95027703
381,train_images/299086c6d1b5.png,5d26c9919542f5535633dc2eb1cf928f61d43667ec7d28eff2ad1c02d8482d92,381,3,3,-3.201954,-1.1131907,1.5127342,1.8774548,0.92892903
388,train_images/2f81ee5f2926.png,d08d5df9a3ca7bff3e825a7776e7b2729b29390c95025cc5f4f937e2971ec277,388,0,0,4.8404064,-0.3572836,-1.5680022,-0.8713989,-1.8979765
390,train_images/97a5ad7548b7.png,908fe79d42556b58feeaf61f44452e5436bcb20fefce68d91da464c9602e3190,390,2,2,-3.7807865,1.1488848,2.1676362,-0.1425438,0.58433485
396,train_images/e160a3b19911.png,6fec8699abcc1e62638b7e70c2bebba6748164c719d22f1e9f4f62ae785ec26c,396,0,0,5.52474,0.8299055,-2.258418,-1.521328,-2.4140973
400,train_images/40140a925c43.png,2b99a0b4cae8f3e721fc935e61c198e5c4261a600866172471a14f7a8391ec38,400,2,3,-7.0256996,-0.5796442,1.9990988,3.408409,2.0620918
409,train_images/da1fb35f5df9.png,8137a89e42f619af77f9dfd571cf6b568e5ba6f33ade9aa8540a59a51de96899,409,1,1,-1.4414463,2.7275457,0.7598548,-2.072505,0.046307325
410,train_images/478fc46eaa49.png,57e7aa1a48d19ae2ee21a26d8f00bdad60f9eea3e2ce981250130a7987b70af3,410,0,0,4.1734257,1.1052465,-0.6860204,-2.881895,-1.5923194
411,train_images/2cef97083e6f.png,19ffbd434bda42488fa60ad12f14f8d260f60e37593c306476c4f49a7328790e,411,2,1,-1.0348568,2.2775164,1.1030233,-2.3084755,0.02299583
419,train_images/cbe633765ea7.png,bd969bdacb00aaf9f1be635862be94beeff4949f4bfafa0e1ae03c7f4780ef8d,419,0,0,3.052311,-0.23205662,0.12314725,-2.9676332,0.09634429
422,train_images/0024cdab0c1e.png,4e7c3ce57563f1405a8820fd0b71343e1b006293109a364ab4e156ffc92622a1,422,1,1,1.3250561,4.0285883,0.42043018,-4.3451376,-1.3378032
425,train_images/3fd7df6099e3.png,201a094b95dc5b17adab0a7a21418eac1be329ff1e99ad79e2c5587cc50fdf03,250,2,2,-4.290653,1.0436106,3.0457702,-0.38875198,0.5846547
427,train_images/1da25637859b.png,c75d9de142a78d4604c323f12c3baabde0f38b2068c5d6a2f6175427d12d2ed3,427,2,2,-4.502346,0.14052677,2.3427243,0.89198303,1.084496
430,train_images/e1900014dabf.png,bd49353ff67e0bd888ebee420011872391ed93d875a091a5e1b34e5dcf68f7a2,430,3,3,-4.135746,0.5821848,0.67513394,1.4124069,1.4123561
437,train_images/ff8a0b45c789.png,4f3870a6a8e76d6a3298870ab990582d1bc7d70179edbcd03f644a9012ad4062,437,4,2,-5.159176,-0.5952091,2.3978844,1.9999657,1.2728595
442,train_images/4958bfcc9f38.png,31885683c3d0f5b01ffb378921ee116c5211b24ab9a05419aa8a98b638425ca9,442,0,0,3.6366482,1.6876402,-0.23006606,-3.1416345,-1.8344649
446,train_images/a1faeb4d5f10.png,3a398944ef38f3a45059bd48d94d44b428c3c2a890b78d2d7173b2c1f25abecf,446,0,0,3.9933414,1.1165495,-0.47563863,-2.2839909,-2.2316551
453,train_images/15528e740543.png,fbe0150302f4dba8560f0b68ddf6293657926a903f5fbdf6ee20e4c4dad67734,453,2,2,-1.445921,0.76344776,0.89898115,-0.46010494,0.30038047
459,train_images/5b72ff04333d.png,6bba536659676df6742f0295a98687d816d02a7af7a4192ddbc086d74c9a1ec6,459,1,1,-0.71897507,3.6809416,0.23729658,-1.7266283,-1.3836254
465,train_images/032d7b0b4bf6.png,7ea947ec91266f876ffe7ed99d3f565159f592898d33f47fa1323e25320aff74,465,2,1,-1.3286877,1.1545477,0.24323654,-0.8412752,0.84904975
469,train_images/838b3e4d0bb4.png,049319952ccaa10bdafea11ee268c8d0ba6e23e14edf9b8c1f1d5b910264e39b,469,0,0,4.3704643,0.2698002,-0.26105905,-2.4185734,-1.7749642
470,train_images/7fe7309d0b4f.png,57b6a2990c4588881b4e46da3d18cfbf8fbb67687b5059841eb6ec75df21b9a7,470,0,0,4.686905,1.0506201,-0.7013807,-2.7313557,-2.180152
476,train_images/194814669fee.png,60610c342a58551561c323a95835c4b3ccf3f3f79761a14d0568023b428b99b2,476,1,2,-3.5987377,1.5161791,2.2763553,-0.31096935,0.116135
480,train_images/b8297a2291f5.png,87afabbdc0a8bbc05e5699b0299a10b4217c0621a267b2172d23c71becd1ee74,480,0,0,4.2690125,0.39440155,-0.54259276,-2.5506573,-1.455557
482,train_images/05a5183c92d0.png,12bb56f380cecca7aa558c03446098950cf06a2189238343f607bba494a5501b,48,1,1,-2.2168121,2.4815798,1.0378182,-0.88818073,-0.37622404
486,train_images/e540d2e35d15.png,26bb92d9646eb269bb627b66a35ef1dcf56daa37812dd115162cfd40a1db3db0,486,2,1,-4.229624,1.7431955,0.9981643,0.79037285,0.6685963
490,train_images/a528be013a04.png,3d2ad1ce0adf1b1509f0b0895d8d92f725ef627d26a88416a3b6ad01ffdb5ac0,490,0,0,3.7674122,1.2206125,-0.5650592,-2.6845798,-1.6245557
496,train_images/b64e1eef3d63.png,876d87fcf63a766ab5cc38ae530e6e94bbdf0ac675006408a378412524d99edc,496,0,0,3.9921608,-0.5766592,-0.9764614,-0.95344925,-1.3428372
499,train_images/9da74370835a.png,1e86f4b13f326e948a3bd9f0212c4b126a410a0e9fae3ff9e5cd847061d4e0dc,499,2,1,-2.585804,1.8379393,0.3556285,0.28838348,0.13096046
507,train_images/c252da9b41d8.png,984dccdd92590c44a86085b6002d1e541e4dc275ac68da0e86a9490345354ff7,507,2,2,-4.0795517,1.3327627,3.1731114,-0.92036915,0.45793825
512,train_images/504a69096fcb.png,ef4dbd57085ff65a00562033125874c403badc581d3298039f9b5810fb3320de,512,0,0,4.122492,0.8460207,-0.7801101,-2.4788694,-1.6026
518,train_images/2bbd1f99ecc3.png,1911ebda62754ec7c0a601de6955b798dd994fb75cdc007ab22ff93cfb7fc700,518,3,2,-2.6175442,0.46481895,1.5867456,0.24098587,0.31272936
523,train_images/4dd9d29eae5d.png,c3e55437b16669269023540956f5e846a4fde86a58031070f16f35862231b9e9,523,1,1,0.5102749,1.6465464,0.87331337,-1.2192316,-1.6546966
524,train_images/10ecc5292ab1.png,8aafbad8ec99626b592b505fe0dcc85681e195419e6bed1e9431ccc950e3ef0e,524,2,2,-2.4674034,1.6170187,2.4239905,-1.9811687,0.41959178
534,train_images/6d3d1fe6c32a.png,557ae140f5ffdb8ae9e268ddb9ee3a2840c547ebefec95301023e51ab59da282,534,2,1,-1.6162682,3.4785948,0.10943365,-1.5180731,-0.38780344
535,train_images/d144144a2f3f.png,123f294f0b08668f7d783c77ab5b833ea140a9a09f91e7de0aeead86c0c91243,351,2,2,-2.9159927,1.0789433,1.7982266,-0.63095856,0.70370805
538,train_images/b574d229ec4c.png,0303e864e835ba32f82de2137f82ec74e0c764bdca11f67b3219c7913924d9ff,538,2,2,-4.135624,-0.35245323,2.8486233,0.7615795,0.83410513
545,train_images/03c85870824c.png,90e6e56a86591ef61a93c4f255b2cdeabc2faaeac154cb757859b3581b6142bb,545,3,4,-5.2078304,-0.5849905,1.3790736,1.6651249,2.7105484
553,train_images/6c6505a0c637.png,6d30136eea9e9863d12fefaa5a05729bdba8dc84e0cc9f3a34d7e0c10a3b2f4f,553,0,0,4.803404,-0.2019701,-1.3431666,-1.9180346,-1.1836005
555,train_images/4cf4d528c08e.png,d48f3f1826635b3d7a43551c276db83377123d74b77e7f5434ff408540a02308,555,0,0,6.000656,-0.47895622,-1.9618237,-1.398941,-1.9904045
557,train_images/42c65af5ab16.png,4505150cbdf016e1a432e3b904803a98a1de9dfa439fbe53386cfd6c8e5a4598,557,0,0,5.271282,0.6869507,-1.2574251,-2.3007555,-2.218132
562,train_images/4ef0b485a7da.png,68703fa40a05286bcef451965ed50c269e1b42759ee54999ea5813ea2b41d4d4,562,2,2,-0.55693626,-1.2457075,1.1007214,0.11493683,0.55774486
571,train_images/415f2d2bd2a1.png,5fb2de5fd32f967cbbc3f1fee3d778c890e49f39c360081ef36b063034905ab3,571,0,0,5.494421,0.89400005,-1.0809362,-3.0655084,-2.1027212
574,train_images/5b2648ad455e.png,5b0cd6e1f0f095c181f80472ba8ad290b281bb0c982064b9456869e17e3f7598,574,0,0,5.4471493,0.2838354,-2.1170952,-1.8813362,-1.5583581
581,train_images/f549294e12e1.png,a6cfccf69a6d35994687c4fb41f4395fb34f238cea0196a8c8dc7e3292ea3ef1,581,4,4,-0.3067093,-0.22955704,0.08869934,-0.72628975,1.2312577
587,train_images/05339950962e.png,d7ad6cc368ef7f65c38716db555ca566dd1f4253a9ccea6817a4792bf45602cd,587,0,0,4.35894,0.8387804,-0.75229406,-2.6594763,-1.6626045
589,train_images/aeab0a63bcaf.png,0b125c0bfc406ea18876076e2e05427c92c57413fdf13c0b45b3cb3d65bc870f,589,0,0,4.1611233,0.053497314,-1.4745779,-1.276226,-1.3415812
595,train_images/04ac765f91a1.png,c216c357fa59ecd728a5211694af6a5d18f398b4c364a779e3d6ce6f82cfbc0d,595,1,1,-3.0250397,2.840581,1.2819418,-1.5081434,0.4194268
600,train_images/3286073a976e.png,f946e26579dce31ed8752334d8380a6914b71dbdcb0fd60c42d212b865514bfa,600,0,1,1.3329334,1.3951263,0.24227858,-1.6951351,-1.1493677
607,train_images/e10190a9d52f.png,1fc3572b63d67bbf5ca418cf89653bba3d8758fbe919576b146f86cb997f1b49,607,2,4,-3.9286633,-0.16768742,1.4143672,0.9362583,1.7034322
610,train_images/64eb5a79dfdd.png,71d904a41744af519e16cca2ac18f11342b74db854aa4750307adfe4d654eab9,610,1,1,-2.293499,1.6797714,0.99104387,-0.58828163,0.23554999
617,train_images/f1979147aad4.png,3eefcb0b243eb3cc6eac069e48ab83546d4e5543eb2c776ffb618705a17399ae,617,0,0,4.2655964,0.82352924,-0.08405852,-3.2758112,-1.5209075
619,train_images/2c827005b8f8.png,714bbb6f5e4014b251d9ec3a5489064e1822ab35b717a35863bc645fccee96ef,619,0,0,4.4555607,1.2869215,-0.9541254,-3.276247,-1.4007524
629,train_images/d18e5b68f6d2.png,49a3283f5de6b43480d61df943fec9da9c827673d1d32724d2810d327a48847b,629,2,2,-1.9896526,1.1104164,1.468337,-0.07624531,-0.45640457
630,train_images/687759336b0d.png,4d80e964f93e5d5e7fbbab72ef7c2d30f7b54cc92a195dce1f97049b51612de5,630,3,2,-4.1699047,0.070165634,1.6148068,1.5412359,0.9365244
636,train_images/28f73575e1f2.png,52a1e803d48f52a7ccc2af465316413e32a74b0f0feefa0f929010355284548e,636,0,0,4.1863384,-0.30919075,-2.0905592,-0.37882423,-1.2869037
638,train_images/af7a36454670.png,1396c3ca0b3c187b76ef2c8f9e59552c2abfb9e859b80f40c2f675c645e03414,638,0,0,3.7433586,0.49626446,-0.1011461,-3.2194815,-0.80289185
642,train_images/2a7373eeb352.png,db6e51f56fba7f4bf6b9e5b0038a127cb04dbabdad39c259f01aa42cc4317be2,642,0,0,1.7300491,1.0395927,-0.0050435066,-1.7862339,-0.8195044
647,train_images/d844a7252f4e.png,fdf42226ad7ee86691ab844a7c2f5a7a40cff1259d2824b396e2c125fed7020e,647,0,2,0.6169529,1.55762,1.6273817,-2.8843699,-0.84350383
653,train_images/a763661f98a5.png,47aa0f85ec0edf44f4f0563380da494861654dbc323be604cc03e5b2387d9932,653,3,4,-6.1780205,-1.2995148,2.1396444,2.4453745,2.7682
657,train_images/9cf7c1349673.png,b55338deebf115c3d21afc852c05d773cc540eb605450c5e0dc7980851761470,657,0,0,4.611824,0.7946577,-0.6411805,-2.6727304,-1.9714442
666,train_images/f3a88d3026dc.png,c09003d53b019d9f218079ebe2cc56710f130ff7b5ba9349d874e03e054121c1,666,2,3,-2.0865555,-2.1062098,1.1456499,2.010439,0.97707844
667,train_images/eedae6b28f96.png,9cf46151aaa23372d45b59915eb68a2dec47c5ef865330812fa11077d7768a25,667,0,0,2.8412762,-1.7123566,-0.04936731,-1.6562366,0.7021198
676,train_images/524f240e0c90.png,d55e19fae4d8c95b7a74c7ed6fc19977fe3992fe44e28e3f0e83a4126f04ee0c,676,2,2,-5.622774,0.27766228,3.7072458,1.1716633,0.35805464
683,train_images/3e61703b5ab2.png,26ff6947f3a32267a9a260a50b8c0bf021c7474c6c2eb9f830aab4a0a8b465f2,683,0,0,5.276373,-0.09299564,-1.9096131,-1.776,-1.3396224
692,train_images/b11dcdcbc8c8.png,86e235b8649c307ff6f378360ac28dbefe071e2a7956fd19783bd941e06b8a60,692,0,0,3.5600033,2.2806845,-0.26952982,-2.7809296,-2.5844336
693,train_images/40dd4e6e4444.png,aabce2ef38b4ab32f0dd4a57b65c4c23829bf3458a42e2d0151565b446ef65d3,693,0,0,3.2996426,0.65437126,-0.82837343,-1.4729414,-1.5248858
697,train_images/13ab8db8c700.png,73a89390d4ff8c4a612239fab4723b39b7f899e54b8cc2e3e839e5602210de74,697,1,2,-3.5133572,0.6773691,1.8995607,-0.17367935,1.0886552
698,train_images/5c817060c0ed.png,e664c758b109e940eff630bb35ffc2bab55fe5be889bbe90eaf0ab517f2564ce,698,0,0,4.6610966,0.57729244,-0.8425534,-2.7857485,-1.4782094
707,train_images/a627eb8c08c5.png,ff5b18a98000c6f285938dcec5031a71be9483e76bb3840b431f31b5991c5d56,707,0,0,4.531458,0.6532936,-1.5263617,-1.0668039,-2.450584
712,train_images/db52626d450c.png,f27f1e1c816284253b012bb8ec1266ffabb3a91bb0888fec38ac854f88ee86d6,712,0,0,3.6985912,1.3642397,-0.41791153,-2.8460636,-1.7003306
719,train_images/417f408ee8e0.png,a490f431b94f16d4ae8c7786a0f1049aa9b8e23c296b99e3cabfe8c8a7941a16,719,2,2,-0.73521805,0.8665962,2.4904933,-1.5651474,-0.9810451
722,train_images/7f2cce721e19.png,9cda375435e3f3f4fa644432b3859a50e948715ae5da7ca91f7f41c5c5e22885,722,0,0,3.2656689,0.76755714,-0.4062252,-1.9831696,-1.5514668
728,train_images/735836b1ffa6.png,8a3b6f7cc9578c2f138d94f9498757e7a15d515b1b1b0c2d98c57476323eb397,728,0,2,-3.7542973,1.68015,1.687717,1.1377296,-0.7802006
737,train_images/e387311a840e.png,fa4b7fcc51fcd44d8b9812fe28436289ad72880a758054f80d1e8c12d8942b8d,737,2,1,-1.5464706,3.148013,-0.18574095,-1.4515228,0.09073955
742,train_images/eadc57064154.png,f5815e88fae63304be0aff0720784cf8a7858b992e4585292e6c00e1e40da6dc,742,4,4,0.24840546,-1.193162,-1.2367527,0.24579334,1.9496648
749,train_images/233d948e2544.png,b66d72a14a58fe88106bf2700daea080ea290ddd1b2588edb91a5f980b71b481,749,0,0,2.8648758,1.4470692,-0.28846264,-2.2649174,-1.5521961
752,train_images/af8aa32beee4.png,a8110e555a018bfa189e3995d70af457805bb3c3218b3c8be06e8485982844a6,752,2,3,-4.0356026,0.020612717,1.3632697,1.9486761,0.6722784
753,train_images/a476fd984005.png,c6b2e9068d9a77c452d9ed1479c3e5a469dbb4f26ee4a1171c7732260a6de185,753,2,4,-5.8715687,-2.220932,1.7885821,2.916955,3.3155556
761,train_images/6c3745a222da.png,f5815e88fae63304be0aff0720784cf8a7858b992e4585292e6c00e1e40da6dc,742,4,4,0.24840546,-1.193162,-1.2367527,0.24579334,1.9496648
763,train_images/6180920bc224.png,0c1ec1e298c171c2a08ffed5dae06314d4d3f8c29122658dbae90ba48bbc9cde,763,0,0,3.3950863,0.9405203,0.1151942,-2.7172775,-1.6346031
769,train_images/45693d027798.png,742a8815ec47de2c139150382f55e993be322dd83ef9b1099bf0bc9dfe7fbe5f,769,0,0,3.7007656,0.7050905,-0.84650946,-2.3813648,-1.0701345
771,train_images/76cb010f7aa0.png,7d8ba38cb06443addf763cfc7932dbf6406c459b252902cc17e8e8e162d25c6f,771,0,0,3.8914452,0.5296192,-0.88277626,-1.4582939,-1.9451174
777,train_images/916915f01e17.png,d77be730c8cbf04d2f3b7f914156f1b09044d972b5c93eb89f05022c2bad5916,777,0,0,3.5759525,1.691452,-0.3243339,-3.056458,-1.7844893
785,train_images/48c72dec46e5.png,1695b1634f7e3ae4c35625cf2d1ee4ce90ca5b0f649b2dc00cc361b65d836cde,785,2,4,-6.9238243,0.49026108,1.0335078,2.3363829,2.9247565
791,train_images/18d8fdb140b7.png,d29e3267ff01c3a876c0f867a8af4a2a28f691b2a50ff03c4984cfd706fc6457,791,2,2,-6.2252464,-0.4501152,3.407269,1.4960957,1.6678214
792,train_images/f4c7ae514c54.png,6d08500a467f5222f958efc97d4b6a7c3703f5af339d8f4b9daeeab1c07e8adc,792,0,0,4.629265,0.5191231,-1.5173717,-1.3116913,-2.1813688
800,train_images/a21b37719f9b.png,29bc63b83b77bebf62f7827ace1208b2110eab0860817eb56e315509dfeb3ba8,800,2,4,-4.351404,0.9920244,1.2365744,0.55682945,1.5408779
807,train_images/38055d8b9f08.png,400ac3f73a84c18b7fffb32eedd393b4ff017ebcb7cd96449e9c919e670c65de,807,3,3,-6.439268,-0.52860165,1.433254,3.2768974,2.1248984
809,train_images/ef476be214d4.png,ff78b7e0dc714cd1ff4c0fed88b1ba97e3b65307f94c3233a38ba798d1d13396,809,0,0,5.0517178,0.22761059,-1.3831742,-1.3635654,-2.3903565
814,train_images/fd48cf452e9d.png,b146157bd2ccdcbdb9c425897bdd9e3e207902cb0bf57a0b5be64ae7671705b8,814,2,2,-4.697893,0.15734577,2.7618394,1.5566216,0.21235245
820,train_images/bd34a0639575.png,c2f2ddd59724be80c5801433af2e49fe3b41243f938b76fa1b0d4d1d52e40d95,820,0,0,4.2458878,1.5102606,-0.79953384,-3.0067253,-1.840695
822,train_images/a664d2055886.png,8ac13335e731d99caa67e51219dbe26077e1fcf769dc09a233145243783e9fa5,822,2,3,-6.741928,-0.37037945,2.237183,3.2796478,1.4735957
823,train_images/482088e6be44.png,162f4b803d4e11e69cd83bcf71cd3350b5b29934d264b8dadb3efe77f3927556,823,0,0,4.9916344,0.08130169,-1.5916426,-1.2999086,-2.020132
833,train_images/7cc4b7aabe04.png,3f9f8906fe3ed473a4d6b55b2e2d44331b3c6895de6ca16283aa22acaef73bd8,833,4,4,-5.9711666,0.09146404,0.6181568,1.8594036,3.314063
840,train_images/281d7b7c7676.png,13febff0b05dd0986ac7125bf5da1f1447658f7cb6b42fbf84129db9bc5fcae1,840,4,4,-1.4575672,-0.6720066,1.3766868,-1.243578,2.025133
848,train_images/7ed4128b2a4e.png,2f347bb41dc2815eb939a8d1c63b06334b9b1eaee8841a44b32d1f494f004389,848,0,0,4.0762234,0.6140871,-0.8319478,-2.1311016,-1.6075774
850,train_images/d3e56584a481.png,d44b749174babcad7aeba18bd24531839abd1027749b6e9f2e5824fa57abf2bd,850,0,0,4.636593,0.7493887,-1.0272527,-2.1973686,-2.020052
853,train_images/cc671a73e1cb.png,455ddbb4b5db8821d7b443cd5d0f825ca2ae9acd67f3c010fac86ae0c6e1332a,853,0,0,4.0774593,0.22632313,-0.1800034,-2.661868,-1.3526605
855,train_images/14c3b41d289c.png,dc81e803bf51c8587a50a5c679c981a6b26de4389559c00927c8d4b4dbcdde09,855,0,0,1.0929775,0.959568,0.25968468,-1.4785728,-0.7184769
862,train_images/a44345b27804.png,32ae91ec6e7762bd86c72cc31ecd46ba06f75e21380843736e193abaadf23759,862,0,0,3.9002533,1.631753,-0.3144698,-2.891902,-2.2170243
866,train_images/763ad1236efe.png,2067a6319680fcad5a9c5c4f284bb45f4c3b9c989eec0d03b0ee4d033c366bb8,866,0,0,3.6340237,1.5116644,-0.41205716,-2.682847,-1.946678
875,train_images/0f6e645466a2.png,b7affbf10ef2bbcbd07b607eaf0370c60d8dc967dad855780645bcd648d68c6f,875,0,0,4.9006214,-1.0948324,-1.7801669,-0.89551353,-0.9778098
882,train_images/c31651ea04c6.png,225942938d752cdfb38f552d696d354cae3523ac1b8298ead41905fbc2e846b3,882,3,4,-7.105095,-1.3160391,1.6690557,3.254202,3.4427934
884,train_images/6cee2e148520.png,e6e80a3cd3f760dabdcdcd5b99ead684e309aa0e33499c6b09755c56de327554,884,0,0,3.2505894,0.60194016,0.010017872,-2.149706,-1.5349873
891,train_images/1c5ad36fb799.png,b2365d5007cc9a1e9bbd88cf3658ff34a93ea8448cd2f66dd4216bb0845f2875,891,2,4,-3.6417007,-0.053468704,1.8278062,-0.29209614,2.1462169
893,train_images/d85ea1220a03.png,aa6bcb0a2b27e2cb806eee7a39cd3de3a9af1ab8890b122547f3156fb2885708,271,4,4,-3.1110115,-2.0300865,0.013438702,1.7189693,3.3421078
902,train_images/74898f372d2b.png,0e3e255bed7f56084e6f968ac052e7c4dade2d5af8a8fc6e4752a4a2389df570,902,0,0,3.7416744,1.5764818,0.20355141,-2.7723417,-2.5343156
904,train_images/e31c42a8652b.png,1baaa16aea63aee81a0373c0c0fd80968e5ce8fcfc9be76ab27e0d58136c8171,904,2,4,-2.76622,-0.16790295,1.2233012,0.034194946,1.6486294
907,train_images/784d6d302f98.png,a92e00460532a6f4bdaad6e5d8056ce4e8d90ef5a7b45895ef252f82e6402ba0,907,0,0,4.5301323,0.4181738,-0.98666334,-2.017295,-1.818484
914,train_images/fba493e17448.png,6c5306c1fc901eb4df8f71896be1b7399be43918e6497bdb240c5ae7831ab194,914,2,2,-5.375536,0.5126734,2.298389,2.2005053,0.32293934
922,train_images/a1822dd8d05d.png,fc71ec9902743c9b5a2c69191da456faf595832fcfea9b70ef9e55e6bf3f52ec,922,0,0,3.9594002,0.6913395,-0.29688907,-3.304708,-0.95398176
923,train_images/6f4719c6bb4b.png,49fe227c010210def4729f6c1d67090907d31d2791c3ec3f11196d12d96a9c22,923,4,3,-6.6630917,-4.195528,3.0361288,4.8456783,2.9112055
932,train_images/39f8935185e6.png,6c117b46ca9e5b45c673933e6bf441f756377972d6305b268d269609a261d64a,932,0,0,4.3213005,1.098196,-0.63337874,-2.6904898,-1.9800099
937,train_images/ffcf7b45f213.png,920ce1d77f405cfadb3b51e478a3873a88781cb2ab60b1345b4282179a16a161,937,2,4,-4.857626,-1.2222795,1.6299708,1.8992939,2.492918
944,train_images/a9c7b83caf81.png,12047ffccb33cab5575f07aae615777de5807259d670dd3bae59110bad136f77,944,2,3,-3.4177456,-0.43972683,0.924176,2.0084305,0.9527979
946,train_images/40527a5e95dd.png,4be64b6d8b4bd549f2f1eceaeb88fd478cfbb0bf08985a8202a7f46ef1dfd629,946,2,1,-4.5391045,3.3769274,1.8479022,-0.487998,-0.2538427
951,train_images/13c191b59ed0.png,70503d62023397f251155a10b01b1d333adcd57cc430dda326416b195caf2f51,951,0,0,4.6017456,0.14909744,-1.3802724,-2.4376812,-0.7924224
955,train_images/b22cc1bf0b8a.png,b9425c6c39bbd7bb9b98fe712b0f99eaac3573d05afa8a532202143daf0dd7a8,955,0,0,2.7373066,0.211936,-0.09590113,-1.7562551,-1.0187391
957,train_images/61ac9b0dc6b9.png,a4f5b8e329d87e4f9f7c303a967e63f82cadf4792595dfcbfa6d05e269bad475,957,2,2,-5.085062,1.397685,2.6806989,0.48008537,0.4751436
964,train_images/b7e0f95353f2.png,7b5f10c973b381b40da94ed0d6e1ee9f3e7443d88d8030036a14d2a5be3d9176,964,3,3,-8.489471,-2.3079424,3.7811697,3.967596,2.8664541
968,train_images/5d5b5da5f939.png,69df3426b220ea33d73dcef19c0ddef8873f9a3278f7bb6b920385bbf36ddd5c,968,0,0,3.8795948,0.91324425,-0.21760225,-2.8556538,-1.6166488
970,train_images/36b5b3c9fb32.png,1ff10f5470cce5fd72d2b7191387f2ecf9c579663c759f00ab6e354417cb82fa,970,3,3,-5.940798,-2.3688173,1.4647248,4.547991,2.1946511
981,train_images/d6130f2ec903.png,6a73aee77cb9246529081deda89d2c6cb4b319ae073cfb36322e2b912f38db23,981,0,0,2.9123402,1.243803,-0.77539563,-1.6190767,-1.6011404
984,train_images/0a09aa7356c0.png,0b46b60beded0b299ae951c5db98941b492c10c0e266b12b3a74e289291c82d2,984,2,1,0.03495407,1.1960278,1.1090063,-1.1079197,-1.1183761
991,train_images/f0c0f7b5e820.png,657349946c6ffc80095f800e4ee117d2908d7d882e1101ca4376546d514ec1be,991,2,4,-5.102581,0.79397774,0.61499965,1.5917168,2.0345714
996,train_images/e811f39a1243.png,501faea37ed633ac368ce5d8369c96d6578f9ca62d395364ceabd1b3034d9d07,996,2,3,-2.072029,-0.59504604,0.72135496,1.0709047,0.88318276
997,train_images/e62490b7d0e9.png,abb00a2fa5debb85beda667943c9976edcbecf4c93d864e1f2fca084c8fb1751,997,4,4,-3.7696724,0.0980711,1.104001,0.17820263,2.3729248
1002,train_images/19113e5f45ec.png,af5743ebd0a40f68404b1044ede5e50a3f8506a5f7e81ef07b8e4c7f07fdc037,1002,2,2,-6.0541573,0.922966,2.9688964,0.3324728,1.7511313
1007,train_images/e5f73f2855c0.png,2823ab45ad5a60f0cae87d77c077debb666f7cb653e05a062f0d8b64f7c60060,1007,0,0,3.7115574,0.88497066,0.17653692,-3.546764,-1.1132778
1009,train_images/69f43381317b.png,0db2b7707864dab5c48d10ea44a972cd537ed302054a4a1a5149b2c34182172c,1009,0,0,4.436554,-0.19691849,-0.8165469,-1.254715,-2.0295615
1017,train_images/f09cfc6a4dbd.png,3e0aa40466fdd73ccdbcdbca7c0e968e95fcdd0d6583e09bdbab0553e76731fd,1017,0,0,4.937458,1.332737,-0.5748658,-3.6156812,-1.9528333
1021,train_images/cae33655ca00.png,6290f53db8eebc9346d84fd12cb88491bdd86bcf7dc25f6cc02612c7e429354a,1021,0,0,3.7264633,-0.5707598,0.12102926,-1.8544312,-1.3189739
1029,train_images/cbf0394039f8.png,94b15f875f833ae265d98a15bb7377872b94d889e51335b22c4ff5a1305801c8,1029,2,2,-2.7639656,1.4198704,1.734048,-0.6345043,0.25569618
1035,train_images/6efa36d59ada.png,853f1e9df08f42c27a05a061f7f6d37076661f0bfc9e88fbf8ae79d0b3390de6,1035,3,3,-1.8959408,0.3782816,0.46752524,1.0831223,0.050507426
1038,train_images/ca25745942b0.png,bde489d1aa35a7c439bff6afd4ef5b0fc8cf12a30e576385ac3637ac9fff6d6a,1038,1,1,0.031396866,3.4196787,0.30555785,-2.4762573,-1.2007216
1043,train_images/7435e9a3e36e.png,963fcc3733633b830d761bd45731005369debfb7213a23df2f6d0a60d690dd41,1043,0,0,3.9101162,1.0013981,-0.54218435,-2.1605396,-2.014823
1045,train_images/de778495a1cd.png,85a8ff391e96889511a3613f213ba0813c764a369af8fbdc96caf7176839685e,1045,2,4,-5.855961,-0.50958633,2.5973616,0.92488956,2.7280893
1053,train_images/780be525036d.png,fc67275378c2f8f367cc0e8d4752ab8f5e26af74e1b69e413873473c14cccadf,1053,0,0,3.8002453,0.8579035,-0.5686438,-2.6933546,-1.3077358
1059,train_images/15b21c80cc31.png,dbd56d035c6b4194a036dee565669b27adfc2682d992a622a366f61998bde2f7,1059,0,0,4.116148,1.0614052,-0.6413784,-3.0382986,-1.3873898
1062,train_images/e39b627cf648.png,dc49bd6969229f83c2ed8ea7a395bed030134436b46c508b598717d0f9d113a4,1062,4,2,-5.7530727,-0.8309612,2.9152112,2.3147535,1.2749059
1071,train_images/da2bdf4236ac.png,fca36b38ddc537159f340fba16f1342bd88108f6c2ae1e38c0fd68253c038b1b,1071,0,0,5.669821,-0.2083664,-1.7816739,-2.0589523,-1.4440149
1075,train_images/6324d77cf926.png,797735fe5c7eb86be02887d1fef713d69ea55046845075fa9adb10e42953de5d,1075,0,0,4.4904613,0.81362057,-0.55156493,-2.8048067,-1.8275679
1081,train_images/a95858e052d6.png,a42a7782feb86735d4d8b40c59cb9615d02e90674b08a535603c0fac4e21fcb3,1081,1,2,-0.8022213,1.9222765,2.147827,-2.9647503,-0.24557114
1088,train_images/8660e1864665.png,1d8b250995519e38f09ce6594db3167c03e8b8e4086c61b2f5bc4cf4c48ab6e2,1088,0,0,4.306938,0.7858181,-0.5923834,-2.5756054,-1.8136209
1089,train_images/157d17349cc6.png,6704cda6e14cbef22a24a0690754dece6229b1fae5566b53d9e9981f087de3fb,1089,2,4,-2.056347,-0.48186684,1.2455864,-0.07457352,1.3545845
1097,train_images/0d8f60ed9280.png,33b32d93b6808e1e0bc35c9f6935be574fdf58145a1efe8311c16d78f05a1d81,1097,0,0,4.2069836,-1.3784657,-1.1841788,-0.8980541,-0.6084318
1099,train_images/20688cb25704.png,14722a3d9ee5eedfb330765763b89f7b7a17da174e9d1c30b3d76a82e7feca5c,1099,2,1,-3.3524418,1.8382578,1.4565575,0.18900585,-0.15707028
1112,train_images/e30a890600e1.png,1cef8b154783149300b5f47cbb8b904827cb19f28e85dd5a2b66b461a3eb6397,1112,0,0,2.2253494,1.366579,-0.30402017,-1.895628,-1.2308494
1116,train_images/7d3835e4e63a.png,17d66a04cdbdaf5899b62b584a504a1e106826b011147f185f09528cc5f42a24,1116,3,4,-2.7263699,-0.56148434,1.3365669,0.5494213,1.4088649
1121,train_images/f71333204618.png,0253c68cd5363f38d87246051fc98648a1dfe57f3381ac64412a8277c095ee0c,1121,0,0,3.0549355,1.2801418,-0.39840126,-2.3886452,-1.3462893
1125,train_images/ca7570c5925c.png,5f740a2f8670eaca8e451c6eef63ffb52f934d67dfeb0c7b1f941d85127e64d7,1125,2,4,-5.295952,1.4252405,1.4828743,-0.12166405,2.4260964
1126,train_images/5814cbd2e9bf.png,4aad751040f0fb0ba41b1a9f6c9f854c691c3a9bd6a8264cce41291a712d19f7,1126,0,0,3.3991718,1.083293,-0.14906001,-2.3840036,-1.8566722
1129,train_images/934104859e68.png,fd84690edff99d3ffa204961211339e2fe27367af7c2a63be3e9cc0200d96e02,1129,0,0,4.286846,1.3571434,-0.32216525,-3.418323,-1.7870735
1132,train_images/9a7bd084395e.png,4223c1f164475651bfdd059c4deaee768b2a0c7c38b76a8b73e893bdf91b2817,1132,2,4,-4.9275246,-1.2213297,1.7381588,2.0122004,2.3964696
1142,train_images/52edbe29d655.png,e67ad6ac3cbcc176ce0f823b0876e229f2bf98755116f20891880a332718d7bd,1142,0,0,3.4620476,1.8162165,-0.37942362,-2.856883,-1.9335822
1143,train_images/3cd9713c0ecb.png,f4b65f893ab358583d92f6895cc4a5f3b170cd66740f841bb413988700961996,1143,0,0,4.03199,1.7909155,-0.7863147,-2.8164864,-2.101035
1149,train_images/4b1001050f1d.png,327a90c0c472c07e2a61183f8e5e2fbb46cb6a3e3a6b625c15d80a6a65b9a8ee,1149,2,1,0.28380203,1.706274,1.1132853,-1.6817875,-1.2861131
1154,train_images/387138ddf43d.png,308bf70fcc7bffdf72e8f750711068206021dee128977b050bb01435ea79dad3,1154,0,0,4.556555,1.4256582,-1.0019646,-3.1696424,-1.6034662
1162,train_images/050bb1eafa76.png,76e5b132a3ba2ead489086abb685500def5a3f8dd7594aefb4023089b121e140,1162,0,0,5.31485,0.13242435,-1.5192292,-1.4870892,-2.2700267
1170,train_images/2a2274bcb00a.png,1867bcacd7b061c6b2130bf2df97cac8d8f120a1e6af9fde21f27f94907dae6f,1170,0,0,3.3080463,1.1886206,-0.8384328,-3.2770958,-0.21357429
1171,train_images/c81c6911f5e0.png,377a2582ee392b6e591fe90b7f1881c43cccd6f3a78bde15ce66ab9b3c8f6a34,1171,0,0,3.4394722,-0.3702879,-0.090207934,-2.5000935,-0.39225996
1182,train_images/cb02bb47fdc5.png,03f6211427baa811446e9eb132a3139b5c92e3f100aa566ba126573fe4872e6f,1182,0,1,0.6953621,2.8663263,-0.3044989,-2.4998045,-0.67114604
1186,train_images/7eeb191ad06b.png,26912f4d0bdac71cff1c41120b9b49556b5b987529fbeadc105faf15d6602944,1186,0,0,4.0787697,1.3241415,-0.57840157,-2.985815,-1.7236027
1191,train_images/1e7ccd4a1c87.png,0ce4fc8014f9a3fa43b93511ff6abbd013035dfb1631988967c28b306a3a82d9,1191,0,0,5.5447254,0.33858013,-1.1415653,-3.0649672,-1.4766959
1196,train_images/e1b8acb1cea1.png,87399cf826489a02adad2640196600c7eff766ad6ef830df1586fabede2e9157,1196,0,0,2.216936,0.87386227,-0.57462716,-1.6831684,-0.7743672
1197,train_images/00cb6555d108.png,bde489d1aa35a7c439bff6afd4ef5b0fc8cf12a30e576385ac3637ac9fff6d6a,1038,1,1,0.031396866,3.4196787,0.30555785,-2.4762573,-1.2007216
1201,train_images/6762b2b48ea5.png,f718263a70a66094b0ed325a8f1b8476b45329ce7526091604733bf3f805bbad,1201,1,1,-0.8887863,2.5588408,0.06409514,-2.5419788,0.85343254
1207,train_images/e23add229074.png,5d73284fa5bea7cc255ce741c2fa70673d42f9c5ceae799e532eb62032ad44a2,1207,4,4,-3.3244553,-1.3860636,2.094609,0.47246647,2.102502
1210,train_images/bebb3f167654.png,64271f82046a995665da5edd4f61c8609bb67ce9b6f16109bcb1df8aeb3d14bf,1210,1,1,-1.4849682,2.6317186,0.9601176,-2.3191204,0.23190737
1215,train_images/f7defe70afc3.png,501a5eccb7ddf1954dc6e94aed7c92249ec1d8e234de74dab165d5fd83abb476,1215,0,0,4.5091114,1.1801949,-0.38953376,-3.1343498,-1.963061
1217,train_images/a86128b601a7.png,60af7fef5d0b3bacb78eb816193e706536db9546cd8230f20ea8a8e76f7f7ce0,1217,0,0,4.875923,1.3268871,-0.7729628,-3.0647154,-2.2348385
1223,train_images/1f4bf8e28b41.png,91d4db6991c8c3ed53feabc2175682f7f879883a3ab32929f6dd037a31301d76,1223,2,3,-5.0914593,1.2902308,0.9346097,1.4036779,1.3541934
1228,train_images/12ce6a1a1f31.png,1bccad09b022ef5efed12d892d0e8848a26ae86c1b07e3b34d209d9a8106b17b,1228,1,1,-1.814146,2.2932367,0.30888915,-0.9072952,0.14960647
1236,train_images/7e0598cc88a0.png,518a6d0ea154a12299680d0f424f965fc9c4ace62b2c0e8a5d9ae105e5696c75,1236,4,1,-2.767353,1.7277498,1.0844996,0.08772659,-0.11353147
1243,train_images/596f4fdb0004.png,7e32af3e573074e1b1f4acef72485662c756f35afb405b1fcfc481721d330c20,1243,0,0,3.5495205,1.268899,-0.74403334,-2.4914942,-1.4887253
1246,train_images/3dbfbc11e105.png,966142bf07a9fb21c3860142da63f0748f684d80b107ad4ce253024ec6c27ba7,1246,2,2,-1.9763908,1.1512651,1.42397,-0.5352888,-0.041538596
1254,train_images/ef8109305128.png,02a404c076213c35bb304e7581c70f1b043764d231c6f34dba9ce2211c4041ae,1254,1,1,-3.006544,1.6999893,1.1900223,0.37164688,-0.25177777
1257,train_images/f481f76a6b75.png,bfdcef5b601d6dd66270a9d58e9471c987ee48d40b1e2f56fc21084ee6ea8c7d,1257,1,2,-5.8857784,1.7369919,1.756743,1.1065321,1.2213252
1259,train_images/a8a6588c8eb7.png,3955d3038477fd15c6a22a83340ac0d65a21bac00b1ffefef335bad46f2889b6,1259,0,0,4.7373276,0.24990845,-1.0676055,-1.7425432,-2.0314941
1265,train_images/b9519abce0c1.png,a917f2becbb1966fa965c9ad9a7e4c5d9e02f13eddf1c94e910be9c207e99c97,1265,0,0,4.740507,-0.59234715,-1.3066783,-1.3013248,-1.386582
1270,train_images/18b06f56ab27.png,bf28abf7cf473dfc26553b379cf1acb02460bd21ab6143fa61a003c173967060,1270,1,1,-1.107748,1.3481941,1.16992,-1.6218929,0.24839509
1272,train_images/976082127e2a.png,0f241ee74849cc6a59eaece8e6a4cdd4a05de245e8f65a73d977bc8a25a3cf10,1272,0,0,3.0147839,0.62401676,-0.02984798,-2.4324265,-1.1059278
1278,train_images/eebd1e195952.png,d6077f40196045a4760de907aee8c52a8c05d53e511c68e88bd7735c0424134f,1278,0,0,5.8075676,0.42472744,-1.5319881,-2.2891884,-2.245422
1285,train_images/3fc219927a97.png,3f2937414ddcc927234a0242f8cf55ae9eec1501ffe8ecdcdd933c085cd7b8e8,1285,2,1,-1.9208717,1.1361055,0.49548316,0.023857117,0.30217063
1292,train_images/5fcff7280019.png,c04d015ce6efeffb2ff8bd2a0d6c4e1ca6729f3b50171cb1332562797bc282d0,1292,0,0,2.9197865,1.662796,-0.8113966,-2.7941008,-0.811535
1297,train_images/add1d681d712.png,0d1f33d1df4904120ed8d3d4317635aad010d0b72b743f15a9cacc64e6672717,1297,2,1,-2.0737362,2.7125406,1.925061,-0.8909292,-1.6802446
1302,train_images/f7e9fa75c7c1.png,66b30159144ca3b3db21c286fddd13abe08d2dae4716469c7977f9bdff200107,1302,0,0,4.130005,1.5366697,-0.5881865,-3.1471272,-1.8289255
1304,train_images/959bb2d01091.png,551faa3ce436dce81d5470bff0678f351819f8816f3cd0f3fd8bd7ee20a70ff8,1304,0,0,4.788086,0.5617161,-1.4914374,-1.3986712,-2.3018093
1308,train_images/8564b7aa3c1a.png,3dd241325a0f466e01ed545526d4f6dd7a42092e8dadde51f99a06e70395810c,1308,0,0,3.9621487,1.2243385,-0.36306453,-2.6630945,-2.0479002
1313,train_images/15f440753916.png,0a9af91de49caf372f9905093b6cbba0c3204b3b23a3afe76a09c44bc8c929d1,1313,3,3,-7.9224396,-0.53244114,2.009564,4.570751,1.7364576
1319,train_images/bb733062f494.png,5cf240b383e11285b5377d02896dcd409355693b01403e7e0e349f043247b606,1319,2,2,-3.3966827,0.7674103,2.6019468,-1.0243006,1.0300877
1326,train_images/d16e39b9d6f0.png,1487a147691df11aa38895f6502ccebdd6bead66ae960bc974c4f7157a16d893,1326,0,0,4.860485,0.17590046,-1.7307286,-1.9570293,-1.1846164
1328,train_images/9041eb43456e.png,dc12c710d492b7182b0bcec8fbad931be409e1832a9fecf628cbbd4817a3b75a,1328,2,4,-5.510002,-1.361886,2.1579947,1.6529493,2.9545102
1333,train_images/2d9d97a6e713.png,54be2e850bfdc608bde27eeb6cbbb5a9d4d42796fec6fe1119424af5df26ded7,1333,1,1,-2.1716022,2.0658617,0.8453212,-0.98402977,0.25486982
1342,train_images/3246f07e65b4.png,3c730a19d50a1eb70099eb27636903e434ba1cdc0e2dfa08dc774140006fe43c,1342,2,4,-4.3287067,0.42334843,1.6302615,-0.10512161,2.3307414
1349,train_images/6b91e99c9408.png,d30574bba09ba36ee383af6bc66f433c118b18d38c32c5f101e4e1806e87a53c,1349,0,0,5.182604,-0.8813009,-1.4126868,-1.386137,-1.328842
1352,train_images/3044022c6969.png,c216c357fa59ecd728a5211694af6a5d18f398b4c364a779e3d6ce6f82cfbc0d,595,1,1,-3.0250397,2.840581,1.2819418,-1.5081434,0.4194268
1357,train_images/0fcfc6301f3d.png,132b5f2ec7874469455c5a11b99de14fb6feacdfdca15548067d873dbde6d3ea,1357,2,2,-1.584404,0.9166012,1.839386,-2.2793255,1.1706374
1363,train_images/9e3510963315.png,ef04949aea7f984e2f5c2849e51acef96e231694dff257dbf8c2d5fde4b90d7c,1363,4,2,-6.2816334,-0.9556303,3.0176954,1.6401157,2.4755192
1364,train_images/4a1afe4044f4.png,3bb26b220332f21e9cbe95ccc20fa53a8ad5fcff2d9223a022b0163a87fb2030,1364,0,0,5.06567,0.5445576,-1.2166812,-1.7664251,-2.4649172
1370,train_images/a86c6283fd78.png,729387a1df3424c1c3f910356c4085c448697b72355a9506af74327221e82413,1370,2,1,-4.262047,1.9365034,1.3474913,-0.7595415,1.6736516
1378,train_images/172df1330a60.png,60bfcdb5bdb568c7795e56bbd9ccf9fead27789709b9cdda2c397915e76e8c4a,1378,1,1,-3.9508915,2.8722868,2.1021855,-1.0430145,-0.014117479
1381,train_images/fbcbc81cf9be.png,7688ee8632d0526c8f747222f565280a477f01cc5ba499eee3f19877b23540a3,1381,0,0,3.8670502,1.1103392,-0.35898566,-3.097704,-1.4072121
1388,train_images/f252046c0fe6.png,87ab6942de3bbaf42e7e005ead8ccb1e9aac4d19dd37293bb1533ffcd270a1f8,1388,0,0,3.795248,0.06885433,0.18609667,-3.2772994,-0.6530541
1394,train_images/40c24aded50c.png,f08f2d5af8d3721331728e1a7c8ca54e351723cc9fa8830b7391c70facff99db,1394,0,0,2.6599464,1.1364536,0.30620193,-2.6851892,-1.3441635
1396,train_images/b187b3c93afb.png,ef04949aea7f984e2f5c2849e51acef96e231694dff257dbf8c2d5fde4b90d7c,1363,2,2,-6.2816334,-0.9556303,3.0176954,1.6401157,2.4755192
1403,train_images/b9127e38d9b9.png,dc49bd6969229f83c2ed8ea7a395bed030134436b46c508b598717d0f9d113a4,1062,2,2,-5.7530727,-0.8309612,2.9152112,2.3147535,1.2749059
1404,train_images/3079490a4b9c.png,85a30e4046f71f7d467d74dc407c416f6d3ca7374db3746e1487a446732dca85,1404,0,0,2.1389122,1.709012,0.4302895,-2.9571009,-1.2483863
1409,train_images/71f6a6e4620a.png,c4f545e6cea63bdb0619043f5f5cf614090625a386dc8b9ff66c254ab3b49368,1409,1,3,-4.641653,1.1574926,1.0291561,1.8886099,0.5199258
1413,train_images/21037f5c7790.png,b11dc14e37a6954e65ce480c0ed0c195c86e63a56df703a2bba271cb2c24bb86,1413,0,0,2.7105122,0.39889145,-0.016506076,-2.1511307,-0.8887868
1414,train_images/975252e325e3.png,ab660e95bed1a2876a487de93cf18bbd4e4fae3987b2e2283896d611a3baa4b6,1414,2,1,-0.18314743,1.4272499,0.8774728,-1.5227699,-0.5376569
1425,train_images/e2a47a74e6e1.png,32582e703f20ee084a6741399546c1680be036e0205e54c07671cac5eaece8a0,1425,2,3,-5.876753,-0.45512772,2.2408907,2.2521276,1.7372689
1426,train_images/99e8bf998285.png,f63763bbc0cea0a35bd52a7831ed8df599bf9858c8b857c2948e42e27680fd17,1426,2,2,-3.1564388,2.2489386,2.549769,-2.354642,0.67986494
1432,train_images/c40976189f22.png,af0dd38e519befd8e4c1f26618602575b6c45ae1dfbd1b0d28eae7cb90d74c80,1432,1,1,-1.1509724,3.1336088,0.78920364,-1.372879,-1.3545765
1434,train_images/7ec1ffe8220b.png,f08beb0893678eacdf3179fefb28f8142e93d5b16dcbfbf6e8f6a2fbe3f54cd6,1434,2,3,-5.4141426,-2.2968435,2.4410408,3.504179,1.6892169
1438,train_images/91b6ebaa3678.png,e7dc7d1cb41b01fc6784700a42e961176a2ca8b95d6d011ccc85728232ff0678,1438,3,3,-8.112347,-2.0821238,3.2957234,4.676181,2.050869
1443,train_images/5445255635f0.png,348c1feee603677996c4495fc05b99baffd2b1b4f7ee7bd5da7243f3ec4555b1,1443,0,0,3.5113125,1.1717329,-0.30964684,-3.0303679,-1.1699778
1448,train_images/bd06028eb7dd.png,905bcba9f80e1ece69c0458bb0bdf5893be73971f10fe8517957a1d456390a8c,1448,0,0,3.8287888,1.3719721,-0.4306538,-2.9654179,-1.6969851
1455,train_images/bb9a3d835a94.png,f1f5b7c4d151b82d90a51343d0cb4173704513f6ab8967c314c0709fa7d4db60,1455,1,1,0.5185795,2.8967981,-0.0074174404,-2.462305,-0.8276664
1461,train_images/a963ac561580.png,5844132c51f622b91654a81d83d4b2b156547797c486ef482901bb60084406ea,1461,0,0,3.8176403,1.1544676,-0.7191205,-2.2864752,-1.8481623
1462,train_images/c6f5b5b5be41.png,175532d15bb15445210f049d17e929816cad080bddec6d4590950d717e3fa772,1462,0,0,4.5123253,0.88305664,-0.3712585,-2.9264011,-1.963164
1464,train_images/071435a218ec.png,d58d447fd6f0d1f67837a229d97a25c301d42d8caa2029907fc62572b78541cc,1464,2,2,-4.921322,-0.4033594,3.3222775,1.2102146,0.7281085
1473,train_images/d4be0403e6ab.png,1b955b50c3f040519d74258af8803a2c4e6182a8ee694349684b024d40492cc5,1473,2,0,1.2192631,0.9557047,0.6963016,-1.9520998,-0.87826216
1476,train_images/080f66eedfb9.png,44427ad4368ebe3735fa6f626d739c5da46c9e15198a436cd74f706d0bbea20e,1476,4,1,-1.1460171,2.170474,-0.059728026,-1.189827,0.25799215
1484,train_images/4f6abc40c72d.png,36f6f21821c834eedabf9c7e9c30380ecee208ae1fe98ec40f46ab69511a714d,1484,0,0,3.4417553,1.1605015,-0.2554636,-2.7450428,-1.5175079
1486,train_images/d567a1a22d33.png,433e567384d685044f64956cfe6e0764d6f3e10c62e4beaf613da4c61d01ef73,1486,1,1,-2.3914986,4.3324327,1.2042955,-1.9761629,-1.149207
1495,train_images/ceb601fe8dba.png,1ad63c0642b6d0fc7ff822cdfcc4b67b622993e8831eea416ea12d3972ffebe1,1495,2,2,-3.3552208,0.4388771,2.4036417,0.34532547,0.18317217
1505,train_images/224bb938e2dd.png,52e182abb40db4059cb220b429180d72c0b779979e6c3325c796eeaabc9bce31,1505,2,2,-4.6090393,-0.63427544,2.4023294,0.94125175,1.829663
1506,train_images/02da652c74b8.png,f4e2f9434edd85b4fac2b03bdffdf22dbb36fbc274b4574d35ca0a9d16903dca,1506,0,0,3.8383446,1.3792744,-0.5901456,-2.9684954,-1.5746909
1508,train_images/499c8df39222.png,c142389623aebc08b6f9dd17acdcc10a6b1799dfcab78029b1f25d3135a643e1,1508,4,1,-5.060631,2.0519896,2.0263374,-0.45137882,1.3725052
1518,train_images/541db13517e2.png,ee8b3a785f56acb8cd9bb485252a3a8cde6b8abe1a8f987dfe718d4eab9b4011,1518,2,4,-5.3377934,0.92516613,1.4272623,1.1849241,1.7454953
1520,train_images/12e3f5f2cb17.png,433e567384d685044f64956cfe6e0764d6f3e10c62e4beaf613da4c61d01ef73,1486,1,1,-2.3914986,4.3324327,1.2042955,-1.9761629,-1.149207
1523,train_images/bebfbd907cac.png,40a488e90cc2090618a7d6c54f09d55fe2d461b2af499f9fe657683fcba01d28,1523,0,0,4.082102,1.0954113,-0.44704127,-3.2352142,-1.3845311
1528,train_images/1c4f3aa4df06.png,12daaa224668fd8bc004127e86acab8a131705550a148ef963e60d2d9163ad99,1528,4,2,-2.905779,1.0678701,1.6387217,-1.2284431,1.4247768
1532,train_images/7f2123bc89a3.png,470a0d0fc7eba93472576c7fdd235d997c76dc5425e5c0b685baa887523a3342,1532,0,0,4.4341583,0.30563927,-1.2019048,-1.3833218,-2.0144048
1537,train_images/408ea9d5e082.png,b845c207ca417fd77466fb613bc59595192b085d19788707715d1ac2a99065eb,1537,4,4,-2.812605,-2.105813,0.009973764,1.2544708,3.664586
1541,train_images/2a47e5b21791.png,39a182f087e9e5b2b156539a0f7e131c7910494d8e9ab979628773397990c9a3,1541,2,1,-2.0143414,2.7249098,0.39327383,-2.2755804,1.1763673
1545,train_images/b963a11638f2.png,8ae5f4d82e13fb99eb14e480709ce045481f1752b7fdd546600d7c43462a6fb5,1545,0,0,2.5039635,0.5990696,-0.7870226,-2.3342552,0.1681354
1546,train_images/437900a99871.png,af21c98d24ea8cb472df19d1e03c86a4e3ba4d00394e7dbe5d21f72d4271363d,1546,2,3,-7.512678,-0.5523462,2.2946212,3.2418385,2.4290047
1551,train_images/ca1036496659.png,95c4791242c28145d76d2d17aee6e5860fe7a34981f7371407a4401ff5751f18,1551,1,1,0.27410316,1.3145657,0.59763324,-1.6336517,-0.4509455
1561,train_images/cd314653a4d8.png,e7a52b1f2057abf522697be40bd20e0c2fccd26b73534602f20d9c6572e053c0,1561,0,0,5.281376,-0.12068081,-1.4882543,-1.2852297,-2.2256656
1563,train_images/4242c0d87f57.png,dcd8f9fd671e1db6544b9f1b3b160a8f107098c3cd8b5ba76cc6be63b2b7db64,1563,2,3,-4.5793896,-0.34639835,2.0024762,2.3276339,0.58317846
1565,train_images/5f13e8a07344.png,d5697bd7c455c969725a2fd4cc745f4e3ebbafa59b0b22bef4fd16ec9c5c8de6,1565,3,3,-5.781452,-1.3615131,1.5902297,3.120593,2.3346548
1566,train_images/1faf8664816c.png,8990ce72912acc86a2bef8a22eb1f210040a3e402c1d6ad04423102c717e7793,1566,0,0,3.5850334,0.2068367,0.04145205,-3.2055435,-0.5567759
1578,train_images/d0b132d2c7ec.png,3fdaf93d6c209d5d9ef6705f245ee26a10486b4df0795c7ebd1b71ac10fdc37d,1578,4,2,-3.404646,-1.7779636,1.7964069,1.7955809,1.4958937
1583,train_images/84a72e15b23c.png,e9ea2d89f82562801602e8cb00bd26b071274bb6b0b2dae1d24351eb00c99797,1583,1,2,-5.350073,1.3607721,2.2225606,0.21469307,1.4747057
1588,train_images/358d2224de73.png,9f9410fb15c0f628dc0711278ae9801672ea72cfd596e166c7bbab94dfb8acff,1588,1,2,-2.8890953,0.81226254,1.8883524,0.19317722,-0.008897662
1593,train_images/665ce639a331.png,df55cab58fce1bab36c3eb8bf450dcf625ad74da87d9d2f5787851614c9fdbc0,1593,1,2,-2.937111,0.8184309,1.1843741,0.5262985,0.42225236
1595,train_images/3a122851e526.png,81ff49d7d8109ffa5351473076b38bd5afd80aa15af2e2ea33428c29ca3af456,1595,2,2,-4.5625305,-0.4320259,2.3128877,1.7871075,0.83244514
1604,train_images/807135cbc438.png,13aa7553878cfa532df1c8065fd1b7ff5ed5809e9127ffcd1687daa1de81e170,1604,2,2,-2.863905,-0.7887192,1.5663345,1.1524868,0.9757004
1607,train_images/e42d9a94a66d.png,e5f37761e851627c9aeeef6a37f88f065d996d7a3d0d30466ad3f9694196cfb8,1607,0,0,3.467476,1.4007158,-0.6081097,-2.653059,-1.4106461
1613,train_images/4a4cb731f91a.png,a35c9e4b1fa28381ed7823adaf034266d7d49841dfb99a1a165a1053384546b9,1613,0,0,4.188572,-0.09108448,-1.1997709,-1.2575102,-1.4931244
1619,train_images/276b14f72328.png,efa6a994d02fe8b3d1ca6fe2d45686c2d93062ac81c43472491e6ddc8ebbe746,1619,0,0,4.7563953,-0.20640469,-0.70184994,-3.0455856,-0.6035142
1627,train_images/1ee355480567.png,b28e299a9b5813f50796b02ed4ea9ae6fa40f803b0856eb0c7ae9e94796e8e8c,1627,0,0,4.4315567,0.5171547,-1.7867873,-1.9073286,-1.1197647
1630,train_images/896ad584a841.png,2e46bc34ca3b24498e3c7340b40185f4c8701438529e90fc793d18f93505a937,1630,0,0,5.140295,0.90032196,-0.7404499,-3.2928324,-1.8862814
1638,train_images/96793edb1003.png,d53da2552bce73e3fbca7d54ed1fa8b33bf1d6dec9aaf3b3ab5e93f4fa76a550,1638,0,0,1.9604702,-0.9325752,-0.4205289,-1.1103344,0.62291074
1643,train_images/3de8ad4151e1.png,66cbcf069099a109144784cf52cdbed65c582bd189ed6505bab508f2fc678f40,1643,1,1,-0.094940186,3.148734,-0.045487046,-2.5390787,-0.40105772
1648,train_images/949710bead24.png,fb764902ffd04c80be24a4478cffe22090cb53a75eb392828781e0d916b4890a,1648,0,0,2.853012,0.39810944,-0.2762618,-1.4661646,-1.4228164
1654,train_images/6d6fcf49e515.png,8f34bb18f5311dd613087b43a5d968a511d2349f4e86fc33aa0edc1833e017c7,1654,0,0,3.725811,1.0294199,-0.2536342,-2.5825644,-1.8168567
1660,train_images/799cb4c816ae.png,afaa8ddb09e077f229bd788203d4d10a10439961cdb39d1ef86360b1139515fd,1660,2,1,-4.0506706,2.1597586,1.3737121,-0.84285736,1.2824069
1663,train_images/01d9477b1171.png,e4e7d46440ef452e9853dc86ab56094300c38010383d44252f0c757ed0ce9766,1663,0,0,4.4903316,0.52950096,-1.1572008,-1.5375757,-2.1800036
1664,train_images/fbdc796290d4.png,189a05320fc6161296acc8053e6b023bfe7862a64f5440e525f954ff8a77d484,1664,0,0,4.8295555,1.0890388,-0.43354678,-3.4382572,-1.9187685
1672,train_images/6dcde47060f9.png,1925a6190454a952e98d2991a0d1e8186e02366a3dfd908f9c69a7536ec70b42,1672,2,2,-3.4564533,0.40474796,1.8903147,-0.13843441,1.2806026
1675,train_images/e229aca862c7.png,b4759238e167eff81a2abb051609f15960af5be7365dd91000660d2b0077f91f,1675,2,2,-4.338045,-0.2113018,2.9437804,0.7861328,0.7424766
1686,train_images/8e20b8fac7c3.png,fa14640af3c48936537532a36afa3d972f7f62d0325bb495ed49af476a946b6d,1686,2,2,-2.0502434,1.050868,1.4634929,-1.2474594,0.81049883
1690,train_images/47536db39f00.png,1b38db8ceef6c1a47807335d4e5f269af25e806097a660c961187a5b44b0efa2,1690,0,0,4.4228973,1.021164,0.011439085,-3.6133556,-1.6492344
1696,train_images/81d79d53ed7b.png,51fd089949a2d5fc6838eeebff313231ba8dccb0e1f0555d76f58aba9fddc3b0,1696,0,0,5.0328827,1.0595188,-0.19174123,-3.3648443,-2.313168
1699,train_images/7eee3d1f1268.png,9751c8178b0eeed2c9dd72719a3ccecc47527307d805c3ae0ec3c991b4a5c019,1699,0,0,3.5725174,0.40644836,0.91285664,-2.0975103,-2.5623975
1702,train_images/83d81ba5959c.png,4d2a5b45430d0696ac6751e0127447a70b1e5d7eaf32d087e64945bb5afae1ed,1702,0,0,3.9141598,0.06110096,-1.2523296,-0.8601599,-1.729349
1705,train_images/211518c46162.png,9ce13ebb91b5a1737e9c9a37d21cab8f29eb459a04c85da5f77b097c7b9e57a1,1705,4,4,-5.2766075,-0.37258053,1.2355704,1.816452,2.5156627
1713,train_images/a4d4b69f7404.png,97d749a686d94320e42ff0979558dfe9f22c9654013125cea02458e725163325,1713,3,3,-2.9866734,0.4892311,0.4867202,1.6521606,0.36115706
1718,train_images/750e0168399d.png,70c839726639b98ed74da000659ab0ce6b167ed08d41450d1c212a21013656f5,1718,0,0,3.3312836,-0.079642296,-0.8710947,-0.8057909,-1.461227
1726,train_images/8cb6b0efaaac.png,6e75bc959bdb8b067e277bd45a668401e8b78125e73108c563291119b73939db,1726,2,2,-4.5376816,1.0363617,2.2346723,0.93143845,0.3122608
1728,train_images/6a2642131e4a.png,a26422a9768e2977598d283035cb721d9f20bd26b291adf876369158951f4be8,1728,0,0,4.9956455,1.1295042,-0.93433905,-3.190082,-1.8675653
1732,train_images/991a0b7a8c87.png,3baae8f15493fea65d09d5127fc54cc96f29130639a453216fa4c339e9f6e9d7,1732,0,0,5.162428,0.3917923,-1.5389502,-1.475708,-2.3753214
1733,train_images/76c0c7e1b6cb.png,fc31247f5a56e32012502c4d52e985efa9b9f0128465e3d69b30f8af93355033,1733,2,1,-2.9565716,2.6124372,0.8913938,-0.65252113,0.0809418
1743,train_images/a19507501b40.png,c3724e55e3bded8f0d026bfba59244d1e5adc25d1933ce0662d4dbaa24107a84,1743,2,1,-1.7431202,1.3162613,0.95953155,-0.28995228,-0.17586124
1746,train_images/4d009cebabc9.png,10a2397222e08b4f1dd1c77833394e52300a2e7b904d8b03d7649e68cde50914,1746,2,2,-6.1140347,0.6392784,3.0189688,0.76584053,1.596756
1753,train_images/675de69373f8.png,de3d194672ecda1136bdf8f7f7cce58abf805cbb3f59908cadc5a0a64522c5f9,1753,0,0,4.7320213,0.18101501,-1.4993742,-1.1935549,-2.0739799
1758,train_images/44271f3cb18f.png,589cdb815099923709c97513f085192426bfc6e9d16e0f8e6d89cd069da6783c,1758,0,0,4.5628414,0.60915184,-1.4918575,-2.1426563,-1.4102708
1760,train_images/0dc8d25b3f69.png,3b97dfb453d2daca29b966181c9c8afeb52f273cc7126d69a757195cb988ecf4,1760,3,3,-6.8021336,-0.85326767,1.5549822,3.0248985,2.9539423
1766,train_images/d6803e467592.png,56c4af667f1753c23017985a8e1f14d74c0b1acaf178cf415979c6b2e88fd422,1766,0,0,5.1118374,0.9983072,-0.674052,-3.2136045,-2.088148
1771,train_images/18b99159a14f.png,f67ac0b46bf91b3a7360f00d7fe41064e89969f640be4e963c9360b2342a3dc9,1771,0,0,4.404175,1.3223667,-0.64203286,-2.7017574,-2.2600298
1778,train_images/7102f29e052e.png,7df14517be051cec7651b65ad5b9e759a76207cd0f7a5cdf54d3803478983121,1778,2,4,-4.167635,-0.44262505,1.5025723,1.2762909,1.7897831
1783,train_images/e868c3da340b.png,181b2a618f48aeeddd42ea21713bb92ea2290da627ac3c0b569b4b276d12ff22,1783,2,4,-3.8042545,-0.9503536,1.4445194,-0.28052044,3.5344343
1789,train_images/b0cc9f8d06e4.png,e2d52636cd8bb55707721ee5b9565a04ce2d5c153d6abcfc4ab2059304ca5c81,1789,2,2,-2.427023,1.2577505,1.3739157,-0.8637495,0.6836359
1791,train_images/a3d2a0c4cd17.png,ade62578e8474787bffd44e7e5ef4e4685e4018a171df276ec2701cec044c15c,1791,1,2,-6.3250256,1.2934189,2.2139452,2.0989933,0.59311384
1800,train_images/0d0b8fc9ab5c.png,25b3bb51f7f93d68f635f5c1bf46b7945b8e0ba113a4bf9f1d239938afe20d95,1800,0,0,5.6430798,0.10843086,-1.8262062,-2.1460543,-1.6159261
1807,train_images/42a850acd2ac.png,6e75bc959bdb8b067e277bd45a668401e8b78125e73108c563291119b73939db,1726,2,2,-4.5376816,1.0363617,2.2346723,0.93143845,0.3122608
1812,train_images/8114d6a160df.png,ff13b297e601f227f0c34e4dc85862ddb56b0771e977f227d6a13404fc9a1946,1812,1,2,-3.1308231,0.41437244,1.0399598,0.8384962,0.83080035
1813,train_images/da44f80b422b.png,3a4a2bc05108d12ac4f0af89955c77f4c8ce31c5e8eeb42adac75d06dddda176,1813,2,2,-5.821888,-0.9147444,3.1064243,2.0062199,1.5465267
1817,train_images/9c14ce27cbfc.png,682ab965693e0d508ad9a0d7024cedb5af527ddf12e244feb1fd17851bd12535,1817,0,0,5.1135006,-0.38806248,-1.3492503,-2.1215534,-1.1041447
1821,train_images/523ff163211b.png,827afa17f7f5f67bd8058ee13c4b9f67965efc0fc59508ede5c3d62beee72142,1821,2,3,-3.55229,-0.7196455,1.3965936,1.6097584,1.248424
1828,train_images/0eced86c9db8.png,ee19357d83226dcd3246bb5a6dc8f4f652ed610c1439ab34ba906f331bc1f6f1,1828,0,0,4.938711,0.6908741,-1.2393017,-1.7789135,-2.4501123
1833,train_images/a01024054596.png,18de4ee563e2afcdef73481368e71dddbb0152719edfb26b2c2ef3663941ab54,1833,1,1,1.5385914,2.7926302,-1.0257831,-2.7514124,-0.41863525
1840,train_images/17188c13e635.png,3fbf0480a1f80b05a5a311c6c57363b48cb35c1a4ff58c1bebf762c5895d8cc9,1840,2,2,-6.0004635,0.61552906,2.1305845,2.0015717,1.2061865
1846,train_images/c755a0c4edcc.png,779a5f16180ae04773af2f3b3ccb47675b191fbc348e2e002582a3ec9a253583,1846,0,0,4.3885326,-0.48147488,-1.2913251,-0.6997671,-1.7730063
1849,train_images/38373431d996.png,202f31dad2a9702e11bcad44bc2a963ac2f149ef7d26ca4c6681a4a82f4a9923,1849,0,0,4.3491917,-0.29347038,-0.91333675,-0.98954964,-2.0012999
1856,train_images/17d7d6b092f4.png,f41a32c35ccb5257b0d5ee3d5fbe2f4254dcf46cf69afd7d6debd483e58dc3df,1856,0,0,4.984598,-0.5132599,-1.4316657,-1.5421143,-1.3456222
1859,train_images/98e44127872f.png,5b25a0724ac8f06bc6130031a84d03aed4837ebff32e9088a6da5c8c4a772608,1859,0,0,3.6892452,1.552412,-0.21353626,-2.9017277,-2.0297685
1867,train_images/9904939ab83d.png,e9c54dc9b548bd9eed5cec94cfdc20e4fc774ac44c543389ad823d5c7cc0cef0,1867,2,2,-3.7665653,0.9911938,1.6672776,0.66156673,0.4243666
1868,train_images/8bad12d70368.png,dbcc5e75430a8ade9480fddf097bbbb8980b6210cb20232bb28a4a2cbd758a4d,1868,4,4,-2.1019,0.6052103,0.25606203,0.22848892,1.0456691
1882,train_images/3bf3085ac167.png,69e21837e7817cfb045f20731119d21f69c45422cb9d3a0fcc9d31d110068383,1882,0,0,5.0151253,0.96389675,-0.9066248,-3.1770754,-1.7571381
1883,train_images/49386d603494.png,7d340e1a14754d40ca2fbe3a3448451482115344b732484ba050201d58911863,1883,1,1,0.52729607,3.6090937,0.3900391,-3.1553488,-1.2874285
1884,train_images/8e63fc4ab532.png,9479cf7f20790f64eefa6bf6c5b0d3c137303010d4789dfc382a461c86426020,1884,2,2,-2.6903229,0.81119347,1.5971981,-0.21872234,0.4975468
1886,train_images/5ead17e894ae.png,96b336589affa1ae46960f2d3eae3cde4edd44adb30478a3efff1e43075361f3,1886,0,0,2.1758118,0.6440792,-0.2724936,-1.8951683,-0.49466002
1895,train_images/94ef1d14597f.png,f67eb147373245d2424e616d16ef233255f545d2a8d4282f1d38a78786ed307a,1895,4,2,-5.5740566,-0.8397465,2.963656,2.23168,1.1365708
1898,train_images/61da799bf0aa.png,1e26c0af8d9edfd1e880519fdbcf16d3883d790e126028e0c267112877dfbc90,1898,0,1,1.8739681,2.3315554,0.51412463,-2.2506409,-2.279203
1900,train_images/5a11d21c2828.png,66235b92998f98f70fc55e5f1abb276c85b8c8eb429a7fef32e19f8f402c15db,1900,2,2,-2.8311005,0.9233351,1.8375688,-0.41891003,0.4854424
1911,train_images/cf603a9ef2d5.png,6a1b77857df50d74466b897855294c99b2302f5478020cdcb401bacbd89c14ca,1911,1,1,-2.5259113,1.8163176,1.0186244,-0.1562767,-0.16060483
1915,train_images/7e4019ac7f5a.png,be75897eb2dce12ca4ca4a790b5be65a4b821f261dcb6de464ff01f39fb16538,1915,4,2,-5.357668,-1.2741098,2.9591312,0.9995384,2.5955563
1920,train_images/300305ce82d2.png,47217dc4db58c4cb7b1c1dec3c548ecd7523f7422e39d460cd8b315431cf2a48,1920,2,2,-5.8594856,-0.46986485,3.215695,1.3242569,1.7089367
1927,train_images/542964865b1e.png,72e83653f52966cf9e6f0ff223934de19cb422172542597f43ed569ec4bf3149,1927,0,0,3.6079216,1.8632078,-0.19802213,-3.3567677,-1.8201793
1928,train_images/7e160c8b611e.png,e7dc7d1cb41b01fc6784700a42e961176a2ca8b95d6d011ccc85728232ff0678,1438,3,3,-8.112347,-2.0821238,3.2957234,4.676181,2.050869
1936,train_images/7f6ce40f306b.png,1664dba828f9e28572491df0edd44b6c3a5bebfb44066bfee4afeb45e8fcd5c4,1936,2,2,-3.9651546,-0.16316032,2.6041744,0.82736874,0.66637695
1939,train_images/2994f17f58a5.png,91691eb24c7bdf2a9a84be902b8a6b86880f6d09223554e83ab111eb49e3e725,1939,1,1,-4.55735,1.8105993,1.4043789,0.065992355,1.2204106
1946,train_images/dd3176bacfe2.png,688053938d0719df419942f321e70a43ecc33994e6cb20f8e64187309e8e16a9,1946,0,0,1.7064285,0.12696362,-0.36071968,-1.3211689,0.0012440681
1951,train_images/6e73acb2cf60.png,fc33c7a1b27b45f0e7a045b3ffbfafdb6dd23700553d55b4a3f57c836af003ce,1951,4,1,-3.8185406,1.8755407,1.4758574,-0.2549429,0.7062222
1952,train_images/ffa47f6a7bf4.png,aac6e7298320856fae069699ca9c9359060c1bee32db4c88150d49901ef75c63,1952,2,3,-6.239485,-0.46061516,2.069113,2.6217318,1.903758
1964,train_images/1e4650743fa2.png,2a7ba33bd0ecf3c97e5900b1163306e678d713962dfed19dc17e9345e46cba06,1964,2,2,-3.133829,1.7287941,3.217558,-1.8289251,0.0048390627
1969,train_images/b72f59b85f7c.png,964e8574788535c79dded46f053533e2b196f5cf297859311ad217761ebab736,1969,0,0,4.209404,0.61572266,-0.9797344,-1.8186522,-1.8792428
1971,train_images/9ae54843c69a.png,4973795fd68d0695aa3507eb5d857770ea965d6b99b80b15e972f768b1c39524,1971,0,0,3.774601,1.3039379,0.23683465,-2.1757221,-2.917323
1977,train_images/ed2ef440d22c.png,c32c037e6cba3e1e0fb47bdb60a06be586afeeafcfdf354270c610251ba73c41,1977,0,0,3.2413082,0.9579115,-0.6681297,-2.2245522,-1.1459192
1983,train_images/09662e462531.png,7320d51b3058abc6e92bd4a72b8e4695c7f9dd22a840676ffa7aaf393b495738,1983,0,0,4.3432064,0.77592564,-0.33742094,-3.0085506,-1.5816704
1987,train_images/f35d80bb1a22.png,ee817cab46238f40859ef64dd9e09870c736381bb3a30a7a44e6d11acfb96306,1987,0,0,4.1432896,0.94850826,-0.6301768,-3.1741724,-1.1844825
1994,train_images/e81f4a2fbbdc.png,b2ffb1a1754fc9c032ac8bc2e4d1b44fcd8ccf8a87ea9fcdeb1b8f5483682b22,1994,0,0,3.1428356,1.1472311,-0.0430274,-2.9129896,-1.1723303
2000,train_images/4fd5ec0dca09.png,fcf7f0b60167b2fc4a17cafed5e80fd2923319cc9d6812de79c2ab4ccf0b1381,2000,0,0,4.032711,0.7343855,-0.9977417,-1.730999,-1.8963147
2006,train_images/c4aef0d88d1b.png,531cb495f55913c266566c084fb7ea44ffff50edfcf8fd94f3caea3c48bdcd1b,2006,0,0,3.1580868,1.3055029,-0.85319424,-2.3406868,-1.1844474
2012,train_images/262ad704319c.png,6b35df7daa6f987fb187453331edbf2885ad5f305c8895ea895ea97fb153443f,2012,4,3,-7.7738094,-2.1215086,2.9144113,4.863117,1.9697013
2015,train_images/f5a8c6426a71.png,9b6780a8c350a0a7a9c8363791dcbb5436b54b381ce2f20384f1fe5ff1433c92,2015,3,2,-6.4494324,1.9120474,2.715819,1.484086,0.21823293
2024,train_images/fc1b1841eadf.png,fd4590d14b0c587ee5d2985d4d3788e77fa3c749d1c9a9602245310b744376fe,2024,2,2,-5.144699,-0.46545315,4.049561,0.33904648,1.1495795
2029,train_images/1a7e3356b39c.png,e9f7acbd72c9f1c4027c71181bb9028e472e08d4d07ca8ea4725bcdc08ca31d1,2029,4,4,-2.8591652,-1.839961,0.012430429,1.4527435,3.205182
2032,train_images/10f6ef37fe43.png,6e564dce572adb1864963f712e8ea3724489895b24186c6f66a3df5dc2a47283,2032,0,0,4.1976757,1.7148008,-0.80585694,-3.034377,-1.962948
2034,train_images/a82a12ad3fb1.png,63da1ccb6198973b469af83a9b44c0a4043e05252f696ece24026b8904b171be,2034,0,0,2.1113625,0.5817213,-0.4285109,-1.1301727,-0.9722465
2041,train_images/1df0431bfa73.png,f312b3b124335b0b1cd66889e3cc7d06b3b545e0f3e4d1ead951c9986e2a4984,2041,0,0,4.0808983,0.3334818,-1.1849225,-1.4800081,-1.6045703
2047,train_images/7bf981d9c7fe.png,161dd429014bc71e67ec7e6ac6d80db95d8fdb796ab7e4eef660e64054fee6c6,2047,1,1,-2.1779594,3.5066519,1.0148311,-2.3255558,0.029088855
2048,train_images/026dcd9af143.png,e79e37bd22b14bf7ad3a8887613754c8c1e094a5e12579d7ab294116ab1bec6c,240,2,2,-4.00733,1.1559086,2.0278773,0.046403885,0.7703357
2050,train_images/6d9effbcde78.png,51b080a7ab6850de94af1163fe3774a4cf71e1884fe4e677b0551f3e5d85dc92,2050,0,0,3.701788,0.22723007,-0.70245814,-2.9485092,-0.112535834
2053,train_images/a0267206d51e.png,bb5da3e6a97822b0e320fefdddfa74e0c03e9847e6ea444637cf8dac73623d37,2053,2,2,-4.419525,1.555994,1.7830725,0.86660194,0.14213943
2054,train_images/7335a2d43ada.png,377833ccb88f1c90597a22766da4c8b549a139b2d6c31c1bf999e19c743f0900,2054,1,2,-4.048641,0.27157307,1.9264847,0.73769283,1.0767592
2067,train_images/155e2df6bfcf.png,bb50ade4b2929fc1c1a035535a4902b175bf37bc80f2174538b0c5a068eb2670,2067,0,0,3.9541836,1.5191689,-0.1731832,-3.57193,-1.6141495
2073,train_images/31360e44ac64.png,c9eec40cde86ad5e983ab1d2b343edd8c3cbc90968ddcbd8e8acfa588985066e,2073,0,0,3.2225227,1.5776625,-0.473742,-1.7364244,-2.3976765
2077,train_images/d3d578fe433f.png,9c5b15dfaf4fa8563664bd11aa5af7ece136e052163effd9e96349e984896002,2077,2,2,-0.6525917,0.84047985,1.2504632,-1.7123747,0.3480603
2079,train_images/756b0d6488bb.png,68c7cb277cefda504182173d2841ff9dc3b798914a47e39990a4dd8371bd311d,2079,1,1,-1.956892,2.934968,0.6166215,-1.0321817,-0.5273231
2083,train_images/0519b934f6b1.png,f47fca5f20b0a89f3d3c34c5753399fa1b54d511271bd590f7879de4b2e4b1d3,2083,2,2,-3.0350227,0.61274815,1.7587898,0.70538807,-0.045083046
2084,train_images/f4ea2a2cfbb9.png,e8ece84cb8348682411a71fbfb64d47fd6378094e61c230ac86493dda66a5b63,2084,0,0,4.0348034,1.3302994,-0.5777693,-2.6873608,-1.9737002
2095,train_images/eabc7c716255.png,9e47b9b6d99c49c629c25369f661b33b07d4333c905360452d81b08257ac47bd,2095,0,0,3.2976875,1.3675566,-0.37333107,-3.0749989,-1.0325261
2102,train_images/d264396d8d1a.png,35e12fdd862888f55f6cdfe759bc164dd371ef3bc1842f0a4695ac178287757f,2102,2,3,-5.789175,0.8343134,1.3619522,2.1353788,1.3837044
2108,train_images/5c7ab966a3ee.png,7568c7ab66998711ca84673688ce37a0c57dd83a817fd9a93b0ccc02567c2ba0,2108,4,4,-1.8152351,-1.1350985,-0.17782879,1.3243618,1.8864341
2113,train_images/2bbcfdc477db.png,aa6f30334fda276b8118265f719c32ce45208c11356f5ad2cffe12686a3ac95d,2113,4,4,-4.834049,-1.759059,2.4059954,0.75385,3.3715453
2118,train_images/7f0ffeb0a333.png,376ee248d5def66348f4c31a12730afd0328bea4457836423a7e88a6e9d7bd5d,2118,0,0,4.2357616,-0.19995117,-0.32671452,-2.7227106,-0.81300485
2119,train_images/d1fb4efb117c.png,d57047b60db617c6e40fe729832f4dc388fceaf9abb2be47754c24bb6f54edac,2119,2,4,-6.9587173,1.3006954,1.2630293,1.3032475,2.9497595
2128,train_images/12a82fc7d73e.png,f1cf91fe69a80e85ddd8ff5b618234fb8e312613be4bb905f47b31036462be2e,2128,2,2,-4.2182693,0.8664694,1.6980734,-0.07128143,1.6843232
2133,train_images/5a444c32cd9a.png,379b86fd38e54e73edc320058d2de75028656e51aba2a94d120248b7950a17df,2133,0,0,4.5021763,1.4132414,-0.5491805,-3.448717,-1.7935177
2135,train_images/2a3378bcfbcc.png,a4105fa5521fc23ce58fc3140639299dd5a396e09067b100c431ddf63f210005,2135,2,1,-5.3092995,1.9079294,1.7633718,0.4522295,1.0709043
2139,train_images/5b32ece9c627.png,5d8056f056c18dc0c7aaeb73cfa9e0695cf695d093bf74d7d239f0ae26721976,2139,0,0,3.9496326,1.1347771,-0.53834295,-2.7150621,-1.7272199
2144,train_images/9b57e43b44e7.png,5b58871bd2fb3c35971a3dcfdb1104ef09b216870a613abb11b5aa48acefae6a,2144,0,1,1.5223255,1.5665979,0.35263944,-1.8421221,-1.4509166
2154,train_images/11b5c77fbf79.png,4b16242707b07194bbe49d4a4768ed1fb84c1b9117c5d9377c8961087b79af43,2154,2,2,-1.6269741,0.33989906,2.131601,-1.0759611,0.26856107
2155,train_images/d0079cc188e9.png,966142bf07a9fb21c3860142da63f0748f684d80b107ad4ce253024ec6c27ba7,1246,3,2,-1.9763908,1.1512651,1.42397,-0.5352888,-0.041538596
2158,train_images/b5204c0decc7.png,232cf4295e4e14bb8c205189d5a098ad37f466e888c153917a98209b854b73dc,2158,0,0,4.511879,0.9098139,-0.67220354,-2.5211372,-2.110776
2164,train_images/cf8f1bc7a215.png,57073fb9165c9de9eaa78153a0d4064a3ec475cb1841f8eb71d66def8cacee45,2164,0,0,3.4331512,-0.61514664,-1.3722014,-0.107367516,-1.2323796
2169,train_images/4faf4063db8c.png,146b1eb4afd1594261573095401a4020ae4c30c43e876b770d3b31dac5f4041b,2169,0,0,4.0408993,0.907959,-0.08239436,-3.0624623,-1.687522
2175,train_images/762d6e5d5068.png,f1c1387a29e101f4557f47635e86b7be36877e9bb43be0556f903eecae380191,2175,3,4,-5.237667,1.1428671,1.0706646,0.985528,1.9390174
2177,train_images/52886bed8a07.png,faff544a400a41b36a35e672231605976a592aff18a7ec905b1f64bd023492b5,2177,2,2,-5.969845,0.050741196,3.5054135,0.57893085,1.7311862
2185,train_images/7c3747c0b2c3.png,badb79c0dd7598be0628c9ca6d441d237844d9b9c474ea57c1ddd5a72c044123,2185,0,0,4.5690746,-0.25265026,-1.0883608,-1.242362,-1.8338257
2190,train_images/6b30767595d8.png,913c43d4ec7f9b52e75dc5226d6ddde6851d3a8091655a622c1e23429f797ee5,2190,0,0,3.9379578,-1.1115427,-1.0435088,-0.4021721,-1.2407697
2197,train_images/2e26762daed5.png,77f99849f8144936b3a8a3ee18f9daa9a87d7d653a4ce79eb94eb2da057ac8f4,2197,2,2,-3.3134022,0.8029909,2.4210525,-1.1284628,1.193881
2201,train_images/374535e0adb8.png,c3f1d8393129357b5ba6e72f0166232f7cb8faf5291ba2b2e4b70eb66788db5b,2201,4,4,-1.5786572,-1.0057325,0.7008604,0.8802061,1.0061357
2207,train_images/60eeae3ba23d.png,29ea839a3c1423dc3b42dfb18792264ac6e0bfc5caeef2d2bbbd5af3dde21dcf,2207,2,2,-3.7386417,-0.32520008,2.6937308,0.34517097,0.9945427
2212,train_images/86d6808f0609.png,d6d9dd6a22655cc680a333393de4360f9cf9487f377dac475150744e5e009ad0,2212,3,3,-8.241158,-1.203043,2.8421912,5.0570545,1.3820724
2218,train_images/ca05f7e7801b.png,db54bf2ed324cc8cbb8ea3aed2af4104f8392606b11f71ccbaa5f6e253ebefb5,2218,0,0,4.0079727,0.56849384,-0.58994484,-2.1662388,-1.7105488
2225,train_images/da949aa67a4f.png,2ce4a5765f8d9c6573913b6324e90e0733f43b80bf0bc377e8ca017123e799cd,2225,0,0,2.2931232,0.3547573,-0.24194956,-0.6744671,-1.6395961
2226,train_images/aafb0c944f14.png,2418d26dbc95b17ee87f5bfc0a02c240e80e6555dccae0157aa8bf106cf2140a,2226,0,0,5.0101395,1.5937319,-0.7576983,-3.666452,-2.049828
2236,train_images/aa60813e1a8d.png,9cceaa182a043769af5dc65e971504fb54bfc65db2f187a584f34e06e48297ab,2236,0,0,2.0054703,0.9247589,0.44948673,-1.6422005,-1.5782362
2241,train_images/586f5c56081e.png,da27bbfc1d2bd825267d844d65b2558caa3eccdcfc3e0812024ac02890c30c3e,2241,0,0,3.3337574,0.3149662,-0.14396644,-2.281825,-1.1394132
2244,train_images/0851d6a69589.png,b0a04d01c7bab87782ce46424a1e36380d15e722723e5fb23321c928d5ed33e2,2244,0,0,3.5497265,1.4794741,-0.7016127,-2.5366583,-1.685758
2253,train_images/3730c322d35b.png,310993759afd6ef7f36ee4cfa58dade336bab3199dc430f0fcf56d1c1d61fe94,2253,0,0,4.520216,0.739028,-0.6660435,-3.5974889,-0.87159336
2263,train_images/64a13949e879.png,f4ea5dbaa167548407086c65282a1a17ecd6d7be86ac05450ba89e190d4c53c8,2263,2,2,-3.9801674,0.4620762,1.8922027,0.56152725,1.0197213
2265,train_images/1d2472849dce.png,c72544fc0dab85bc8c6ece16e79f55b006e14cc5f57ce0bcd7bb299759e4b6e5,2265,0,0,4.2380466,1.1762276,-1.1152799,-2.7657986,-1.396957
2273,train_images/810ed108f5b7.png,cacc0fd6009e4329afc9e5e28da1f09bc7cfc426be366dd2bedd16552378692a,2273,0,0,4.1011276,-0.21523666,-1.4481044,-0.89455795,-1.3989712
2277,train_images/46cdc8b685bd.png,68c44265efc31461c963c694f647703ea900ade5eb9adc08fdd138d564486776,2277,4,2,-1.9924335,0.47186375,1.2827203,-0.6918793,0.9574851
2280,train_images/f9e779a13204.png,dcecef2b81468491c71f977ffacd41998578840219ec2835b14cce294a88bdd9,2280,2,1,-4.312317,2.4564848,0.9558532,0.54238224,0.3318541
2285,train_images/8a8a251770cd.png,b9e9b54aee8d8b25dcda4c42c048242f753c13ebcc4f5e2825bc42060eaa42a9,2285,0,0,4.1748714,0.7671442,-0.90734744,-2.5189419,-1.4005395
2289,train_images/c18a006f7f1d.png,95e17036896a1c079ffcd6e3d89f5a4c1a917e708005aac04b34af3a81a74377,2289,0,0,3.8563824,1.154048,-0.10525262,-2.858078,-1.9297794
2293,train_images/5c6194562ed2.png,2067af50829ed9c3adf9ea020318dc7fd250f705e97d70f73eeb2b3e48ee91a1,2293,2,1,-0.6701431,1.8040342,1.4894152,-2.2809114,-0.28709328
2297,train_images/3a1d3ce00f0c.png,c3724e55e3bded8f0d026bfba59244d1e5adc25d1933ce0662d4dbaa24107a84,1743,2,1,-1.7431202,1.3162613,0.95953155,-0.28995228,-0.17586124
2304,train_images/f531232ecb55.png,bd07be80362eb08456b07c25cdd3c1d98cb7952515785a2b1d42a2a5b1fe788c,2304,0,0,3.6919785,1.5823784,-0.4162414,-3.1354294,-1.6074885
2307,train_images/af3b0115aad1.png,81988d96c34e63a9cb1005e968848413b2d30bb69e8cb4184009d0d72c3d9583,2307,3,4,-4.924513,-0.9917612,-0.108326435,1.7390976,4.217698
2309,train_images/aa6673241154.png,94a41a6a1d36b53a3f0df07676a79e3b40ce52365ffd86074b30c84ae94a2de0,2309,4,4,-3.6015778,1.3369322,-0.47161484,-0.17908764,2.8757324
2316,train_images/a2ddabee14e9.png,8c51975103ab5b1150e4100bdf96f870d69f66153c30ecb3ff43f11bd4914ef9,2316,4,2,-3.527525,1.1199608,1.9579862,-0.48915005,0.9116604
2319,train_images/8421107255ae.png,32728c32ecb760b3160f5e31a19ff8ea9712f9498240e0140eb68beb34f76deb,2319,2,2,-3.946104,-0.46762466,2.583249,-0.059541702,1.8376483
2325,train_images/b56340f472d2.png,6a444cd8ecbccc858a69988e6955734d65023d27b0d9a8fcaa2b00384ea84020,2325,1,1,-4.059103,3.0092497,2.99153,-1.6094494,-0.38065457
2326,train_images/b4f41b5bf0ef.png,0459cb5ddf97700352f878428a2db72b8688464997dfbcc50a3c32b717a568c8,2326,1,1,-1.8020725,2.6954813,0.9185431,-1.3999605,-0.36748576
2332,train_images/f5e9a307288c.png,538316ecee876fb092da384110ce74a8314970036ae8b7a43734a04398067806,2332,2,2,-2.3673,1.4595108,1.690274,-1.3608465,0.5866202
2340,train_images/913490237ad4.png,18d2c77ca700ee2e1ba1b5dfe0cb9585b11aea3cf830407c2ba986e9305ab59a,2340,3,4,-2.8209991,-1.4620371,1.1116997,1.5450964,1.6141181
2346,train_images/0bf37ca3156a.png,c21eef04f3a8798afdd178d3c690115bc0e2a3b97ad0f5fcb8080b211cfe3f7c,2346,4,4,-3.084875,-1.8306541,1.1892492,1.8411083,1.9170651
2350,train_images/ad1f7445b1a8.png,fbb0f45012084e9abbaaf2f502a3ee0d84df7f5acd99d87c0505b8eac738cf7e,2350,1,1,-1.5950489,2.2750444,1.1961663,-1.2985067,-0.53734577
2358,train_images/6e68e742f5bc.png,c48386ee75dcbf73d6ed60039a56bb8af3a584f0c20faf3f493f22a3720bb5a4,2358,2,2,-2.0794754,1.5438538,2.0902386,-1.5158186,-0.01985991
2361,train_images/03676c71ed1b.png,634c4ec3d9d4a006756f6cfd33afbddf69b5c148b795ec684b4f43e1dbd307f3,2361,2,0,1.2697144,0.9896021,0.062811375,-1.514781,-0.7496387
2369,train_images/81704925f759.png,63d9cc26aafd41b32729e0a3f89e0fa787aa3c828d0cdfe87572e0f45bb68cec,2369,0,0,4.845476,0.1636219,-1.7258537,-1.5658569,-1.5563229
2373,train_images/c5ba9e455d5e.png,8fb91bc86fe2e2de23e246ef2ac1edaa241111982655b18e750882b54d64d5c3,2373,3,2,-3.980053,0.4484501,1.7978611,0.9775648,0.74131584
2377,train_images/1ca62b3e4fd3.png,2af19cf605b4d542f9c4331a9905480a7ef33a63d6eb671686b944061db08a73,2377,0,0,4.471239,1.5401411,-0.5650761,-3.2779536,-1.9493254
2381,train_images/ae8472f8d310.png,69d301d97ff58ff8ae4a389133bfefa0b8d960d3bbae2e8ab5c51dfda911a14e,2381,1,1,-1.4486923,1.6243725,1.329854,-1.2738094,-0.19056225
2388,train_images/4ed31cc07366.png,2c81f6e500e1b8168456cb6382f67af117e01a6f516c39691e348bc401de4e15,2388,2,2,-3.3631802,1.0524263,2.5972872,-0.5714035,0.24520564
2393,train_images/0097f532ac9f.png,6918fa9978a11f40b6da9c8408f4399447a4a56b116965c2e9e7b791fa357acb,2393,0,0,4.7544804,0.69433594,0.15627944,-3.19279,-2.1984634
2394,train_images/e6a6acf7fca1.png,15333cc512e4e1c699a7db82fb7cd9eab334b31272a66598a542af3c9e09b82b,2394,2,2,-1.6770363,1.3322735,2.2882266,-2.3971844,0.47110176
2407,train_images/ff03f74667df.png,d267753d7778e9c3538030daae900fd1e6ed85acc72e561325b46cddace74c74,2407,0,0,4.710043,-0.7196388,-1.4623344,-0.93969154,-1.4350437
2408,train_images/4826d10030b3.png,0df8038d236338f7d5628448e23b5e775698dedb6209645663adff73dcdb118f,2408,0,0,3.707014,0.37487793,-0.830811,-2.4209251,-0.739807
2414,train_images/51d574513bcb.png,3d7c2f21eff20cfb1e953f3f2a0961c16ee9fb48b462fa935fd9d5e958bff44a,2414,2,2,-3.4926262,-0.30289745,2.1516857,-0.11063194,1.7281631
2416,train_images/29b52f64d2db.png,22337ae0a2939ba679bfdc4a9420b8f99f5e5d2e938404eea490e1c713b03ee3,2416,1,2,0.1016922,0.2996807,0.75856984,-0.2629795,-0.8257054
2425,train_images/b1b3e7d0a5f3.png,4ccc63ef5e14ac2765e1b2c7ac0aad13dc6a2a4d8a69b3e3d707a9233c383da5,2425,4,4,-4.737097,0.71510124,0.81070364,0.21741676,2.9270647
2431,train_images/653534ded339.png,3bc7e2955b28fa2d26602eb409f984b262dbd5c15c52565fbc2c5a5c63679971,2431,2,2,0.103775024,0.5359869,1.140883,-1.8691463,0.105284154
2437,train_images/82bb8a01935f.png,5d34ab55f23297f3b34445efd2902b1e0e145555541b1864900eea9a67c4e108,2437,4,4,-3.630947,0.7258129,1.5227776,-0.39279652,1.7532713
2441,train_images/d0926ed2c8e5.png,5aa45e262458e7e1869c78113a46c8ab8bcafa1524ae4775f82ec3d55e395b00,2441,0,0,4.157982,1.149867,-0.0908401,-2.9771795,-2.1193032
2445,train_images/812d5adafaf2.png,6f71d76463022abe1a9db4db25a4309fb983af293573dcbd62bf8b8062e50c0d,2445,2,1,-4.593649,2.3380346,1.6710229,0.15839863,0.37657893
2450,train_images/58059e73d2d4.png,d20236c14731362d5d478994affd90031b143f6a21b7c28cb320aba887813a61,2450,0,0,5.2577877,0.20087242,-1.6984692,-1.4918394,-2.1048489
2451,train_images/7a238a1d3cf3.png,b38f21e61609c72ede76edcb6717c4df36066b3a27a56b206d8cf51a581033e0,2451,4,1,-1.7634945,2.4118395,0.7519493,-1.9376831,0.58221525
2461,train_images/6d5a8362dd1e.png,4fe42d9da3a2442f498b4c7d9da482ff16a7dce436ca3d5963dd17b62719b172,2461,0,0,3.7600632,1.2719831,0.36525464,-3.4018784,-1.7656745
2465,train_images/ee6e39319b39.png,07e97b12bd2444147f886c7c1d22b761c8003d1e95ee5cdb33224dba9aaee5d5,2465,2,3,-3.3633537,-0.77428913,1.6750731,1.8464193,0.59020704
2474,train_images/000c1434d8d7.png,a88b13fa761c56c874fada6925237fad0595c01380b0c29845f0dec2289bb3ed,2474,2,2,-4.9806576,0.7302923,2.7364657,0.5861931,0.8790963
2477,train_images/b60dbf9f0744.png,bb77791449ecbc32e85d19d1844e07baa11bcbf931cb755d75e958230f0e147b,2477,2,1,-4.2336903,1.5664644,0.8032923,1.4726572,0.33722526
2482,train_images/ef5155990874.png,7b54f6ab71aea3e09a962eb037f175929bc4796e4575b8bffb40b123a1918a9d,2482,0,0,4.2267456,1.2763681,-0.4271431,-3.5373964,-1.4253083
2486,train_images/9ce46d400cd6.png,be953c25e11d4b0c0dcc50cbdbfba1093a67ee74a3e2c22b9f61ec4922500b5a,2486,0,0,3.3608856,0.7787123,0.36333132,-3.0938368,-1.3224696
2488,train_images/a247961a5cd9.png,536e4b24cde8b4f789768111c14e75f0514f6b99c127955990e6994f2794650a,2488,0,0,2.6422787,0.9785824,0.532967,-2.8620176,-1.2138358
2494,train_images/0a61bddab956.png,ecdcc838eff13077fb1b407270ad6f6ee01a004cdc8a6790cc1ef22039509c5d,2494,1,1,-0.9427357,3.0273829,0.62740636,-1.9682026,-0.6963099
2496,train_images/a85cda5f725d.png,4b92637d5c394845d88c5cac0c78176883aeced53ad6fa58913f402630ada352,2496,0,0,3.463274,0.8583069,-0.4190781,-2.362114,-1.4635853
2507,train_images/d160ebef4117.png,d13eabab946318c3bb0ead182c2eed4b1bb8050dc638d6585d3e2b121c71e72f,2507,0,0,2.8739872,0.023568153,-0.493011,-1.5267582,-0.7130376
2513,train_images/cc9270f06b65.png,0abe798d4e33781b19131f744f726edfa62b6820cf645cad3673232d2c6699ae,2513,1,1,-2.4111614,3.025651,1.0541954,-1.1627979,-0.4500605
2518,train_images/3694e8c8e09a.png,40f085cae190a9d6771f1050a82f40e6e0961e423c1096f8c7ed76d4eb9c8a16,2518,0,0,3.506977,1.3288851,-0.44155645,-2.6099873,-1.5847007
2529,train_images/8860c7b11530.png,1a456d67e740a237922b033fbc7c65a69fee983f34be3312ac1809a2eef55a8b,2529,2,2,-3.0862885,2.8310404,2.9526174,-1.8275013,-0.87496877
2531,train_images/2b4c7b5f1f1e.png,5b8e66ede5d4ab0dad33eda6eb60b2a9f58f23d9acbe33906d2cc0e4475490c6,2531,0,0,2.9753418,0.38600063,-0.15441465,-2.5247421,-0.605235
2540,train_images/64b9206afb3f.png,554cd10d8f79dd6aac55927e62085d19ea6ee855ffb2daf79fadee2641afa8da,2540,0,0,3.8584003,1.1764107,-0.23568916,-3.081966,-1.6140417
2544,train_images/f4de9620e3f2.png,374d36e9a14966fe6e1dbc79946bfb0f11cde11ad6ab86373b943c2bab0fb905,2544,0,0,2.8440475,1.1665392,1.2656801,-3.257502,-1.8418444
2545,train_images/5dd2e26fc244.png,c6cea3805d55210517aa6bf8ce190c07398be9428c7203d3774b84706457d24a,2545,4,4,0.74778175,-4.1963425,-1.7081339,0.6715393,4.421839
2554,train_images/f952ad2e4356.png,c18ed220230d668a72fc008b079e713ec8a4348293eeeea6eb9269e31dd82237,2554,0,0,3.9402733,-0.053930283,-0.47090077,-1.7237129,-1.5598239
2555,train_images/65dda202653d.png,253728345a76463870ed77867ddf5625a9eda0b07ba517459032a34816a0b789,2555,0,0,1.6724415,1.0576515,1.4120668,-1.5949364,-2.356586
2561,train_images/ae61e19fb766.png,a82e342cd2245eb229a0cf2bc7a8aaa0c4ef7f368b78774696e26dfb0fc4fbbc,2561,0,0,5.5355263,0.3589449,-1.3638744,-2.5595608,-1.8019391
2563,train_images/0151781fe50b.png,38243b28367c7542152ce418d0ed9dbe282a56a8a1549199c39ffc594e4d63e4,2563,0,0,3.341135,-0.35477543,-0.60167766,-0.9076185,-1.3567811
2564,train_images/02cd34a85b24.png,9ac84b4edf20f6df97804f577d2fbdd1d6f4e0a17cc076be73e1f95ad16b1b5d,2564,0,0,5.1662407,1.4616003,-0.9772527,-3.1908107,-2.3207388
2568,train_images/08c60c647673.png,8e3cd290bbd4a3a1995cf21296dd845fc04f948e308c8640a1f5b9f135bd5bb5,2568,0,1,1.8191776,2.1771708,0.6625422,-3.205751,-1.294979
2580,train_images/10de500cf0c5.png,daeb69e832bac8b081b0fc817fd0b10b8af7eff07883da17180a504f10561346,2580,0,0,5.586115,0.10857773,-1.7624209,-1.7667828,-1.9903086
2583,train_images/12bc439d373a.png,0211955f64a8846c3b316fbab49f25f5cde44c3b627b3dd8cca47a844541bc95,2583,0,0,5.184412,1.1704178,-0.72508335,-3.0910535,-2.4028392
2586,train_images/1608c82a263f.png,f09fd3054fbd413d7b2a94eebf5cfd4c0499c648e577e42410e76f16143be454,2586,0,0,2.4923,0.63986015,0.83694893,-2.1756325,-1.6227597
2594,train_images/1e036f2e7095.png,9a2ff11b2e3236856e387348ab688ca575923f3079a8c6f725d7984c5d554658,2594,0,0,4.395664,1.0781469,-0.59179974,-2.8380175,-1.8510693
2600,train_images/210bfe0127c6.png,3461246332ff70a75eab4284cbeb900d50853954bfa858de39de5405b5913de7,2600,0,0,3.5595493,1.4613094,-0.3756802,-2.750904,-1.7126609
2603,train_images/248dec89b3a2.png,10900754ff5bbe45cf887f41f477de83aec2dacb45a2ab0e69b4252fad94cd7a,2603,0,0,4.945019,-0.28587246,-1.807049,-0.9140692,-1.7933363
2616,train_images/328d141ed3aa.png,6641c5cfc0feb76b205b6786cdd5b8c706980deeffa9e6be369dd9efabfbe422,2616,0,0,4.408825,0.99749565,-0.7545583,-2.8948698,-1.6377722
2620,train_images/3823acc4e464.png,8bf9f1839db274e51cec26e7afd82af43c1b9041a1acabfad0043fe55616c1c4,2620,0,0,4.467657,-0.16951942,-1.2091088,-1.4547997,-1.4697746
2625,train_images/3c42512c81e0.png,459d882e7c8e82bfced3a8e51e9e6b89b7bc8ead9a6e0691e84a86b5c1ae0abf,2625,0,0,4.019121,0.79533863,0.04629934,-3.6779675,-1.0688761
2631,train_images/4350a1b2f3cb.png,2bfa64e14c5d92109fca10fc40632fe044281a8d13fd1ddf88c9bbbe1ed2f1c2,2631,0,0,3.0893307,0.8395586,-0.06618619,-2.5077057,-1.2824429
2637,train_images/461fa5292fda.png,09b2882ce5ce0bbd8642aa1cd6916499196fb963062cec9ab8aab457c4abf5c4,2637,0,0,4.7993946,0.4350214,-0.9262061,-2.6290665,-1.5428447
2638,train_images/462937ece243.png,dc72dfb19202e8e6462a8754e7683a5bbaa2065854b11c5424c2f52a724a7a2c,2638,0,0,2.7833405,0.010556221,0.48820305,-2.8178988,-0.38792026
2643,train_images/4b6895d0cf8d.png,9d305607fc33bab56a1767d972e06a99d3570541d072ddfbc84f347d3e4f9a1b,2643,0,0,2.8007774,0.70827484,-1.0556052,-1.8743134,-0.4189471
2645,train_images/4ccee4db09b6.png,7dadfb3d9f58efa06c5962057cbed034ea569f2e021edd315c314dbc64c109da,2645,0,0,3.7377129,0.3528824,-0.82861567,-1.2385778,-1.884816
2654,train_images/53273d664cd8.png,6557c71525b01f54fb0f194805cebe27889ff6136704517ebceae3f4b2e884f2,2654,0,0,4.664936,1.3514872,-0.79480314,-3.1150832,-1.9849602
2661,train_images/5b1c4cefeb24.png,c6846ffdc5a9b2fb773744e6e8edc815be0031d946f59ebfa3989ee0ff792afd,2661,0,0,3.9618073,0.120381355,-0.8753495,-1.5600157,-1.5175837
2662,train_images/5ba156a35ff2.png,c04adb3eda8ae23fd977e68fab0db3ddb952b6255b1d3638c1db05319c2e0f43,2662,0,0,4.32633,0.9041376,-0.5917995,-2.880723,-1.6346179
2668,train_images/609be3ca5ddf.png,a331d34f69b329fe240b8b7a9356099b2c27639a702985801e58a1f2e963b9b8,2668,0,0,2.9421463,1.6222038,-0.37666655,-2.7863388,-1.2358123
2676,train_images/6a57a3db3eff.png,638fa908e4ba282ccfaca9634ae08aa03978c1f8490a2fa889f037d005b39826,2676,0,0,4.2264442,0.9331236,-0.69223666,-2.4988384,-1.8524197
2678,train_images/6c00dd8bf708.png,a2c19e9093b95c5df9b050b02faab4772b20523cf0a8bba93ee8ab66b87c44a1,2678,0,0,3.8412724,1.0976496,-0.35457706,-2.9670858,-1.4978682
2681,train_images/6d10709053ae.png,32638dc187da50aa9f95f2d6c0109dceeca4500ea6493a5e385f4ac0c83b670f,2681,0,0,3.8291798,1.0819521,-0.84748006,-2.6847343,-1.2602116
2688,train_images/77e15f213b04.png,259eb33ed9b0a1924561c77561f486385ac2ea012a30bb58c25d8023db46d68d,2688,0,0,5.2642403,-0.0115242,-1.3785982,-1.8789005,-1.8345279
2693,train_images/7c6594b50690.png,65681004693a97288acd10c4fa7ad28dc2ec90f36f9c6f69b41a01563b3ced88,2693,0,0,4.7133846,1.0895271,-0.7651651,-3.269062,-1.6485857
2695,train_images/7e5a76c4e103.png,71adb31532d55c0e90209f10cfa6e08eb0d3ae2f2debcca6dd432f1ffc5ba5a3,2695,0,0,5.0234222,0.7850208,-1.1356852,-2.359911,-2.1609821
2703,train_images/83df53d58f28.png,3d73c2e932b7e372b5a5021acec70b5ff9bf5c9ed355dec3668b965b00418afe,2703,0,0,3.6697464,0.5798454,-0.28175855,-2.9016953,-0.9870652
2707,train_images/880edb2cdb69.png,7e0808f273891131e1992c3eb4866f64cc5349f204c93bac53c816baf6af95bd,2707,0,0,4.0932007,0.9028454,-0.56923795,-3.4506683,-0.85721326
2710,train_images/8aa3c4681542.png,110fcfb4056a96ea91fc73cc3c88a3b308184271d99831aab973363b05ba3b08,2710,0,0,3.5776558,1.4609728,-0.42714977,-3.0993943,-1.402702
2717,train_images/912fbe06407e.png,25f9f48a21a584b8d80f14307620e6cdda28deb2987a314bb5eb59fae1852bed,2717,0,0,4.1935787,1.0473137,-0.26869035,-3.1180673,-1.74658
2727,train_images/9f285b3e57ed.png,53448024b4d8bd1f625d22dc80d95e12e1b5a3dd1753bb3d92d18e02622cd3fd,2727,0,0,3.6899471,1.5584211,-1.0304446,-2.5747824,-1.5359834
2728,train_images/a0b7ad98df57.png,e934b49c17c7e82308e5bb66ca9624f30415a9e4594a8ba73e4e8819b7118bf6,2728,0,0,4.1593323,1.4373274,-0.31348896,-3.4061055,-1.7554003
2736,train_images/a61723fc38c2.png,c3f4e2fb56dc1355fc75973b662388c4a88a99ce7ad5da6bb47d9efbbb7a1d06,2736,0,0,4.042469,1.5497408,-0.61710596,-3.072462,-1.7927178
2741,train_images/a88365134c3c.png,e523f6a4ac954dbb490af2a1447d797ac6b4a9448df57e0a09a38c81fcf62d42,2741,0,0,4.795536,0.851038,-0.6231005,-2.9552803,-1.9456457
2746,train_images/ab32db41c409.png,ec3a44db00b5e457579ab77d6567575a1fb191e895e31ad99e1d670f3ec1ff7b,2746,0,0,4.3153896,1.2625685,-0.84387827,-2.9897518,-1.5558094
2752,train_images/b086c7cd3868.png,894d51602674e7012667d0d2b8ea6ddc948b28e42a05553d42ac0d226aeac406,2752,0,0,4.2758923,1.5173092,-0.76186085,-2.7417698,-2.176393
2760,train_images/b9bc81fcb075.png,17501277b038feb10ca285927ffbce786c1bfb9c91f99db8307d6d8ab6c69226,2760,0,0,4.055952,1.6223412,-0.49446678,-3.1635122,-1.9002234
2762,train_images/bc92a61a1f9c.png,9c2b6456bf79d163a859c2d85b393b387cb635ee875194ce93a6d3c8f94770d8,2762,0,0,3.8573608,1.3422632,-0.24051785,-3.01258,-1.8440315
2771,train_images/c373b73a80c8.png,91fea4264699e8075b0be56d15223ac04027d1b8cb9bdf202276821773e02a7a,2771,0,0,5.31126,0.48232937,-1.5110917,-1.6747932,-2.4447856
2773,train_images/c3b15bf9b4bc.png,42d1a892a02970423da1b70f78abb3a58f2610bcb2cac6efdf6cc5d6104e3470,2773,0,0,6.1229477,-0.30916786,-1.702532,-2.1777096,-1.7717997
2775,train_images/c58e5c0c5b33.png,a901710888f7299e64efaeb99c5dfde7c020b5641cbaa6bc194eb7b8ea0339de,2775,0,0,4.616091,1.1108809,-0.7821784,-2.9310617,-1.8983606
2778,train_images/c7c3d363bc86.png,b1a64598ec55d9e0e16280e6c265499b7c3b619b2c5beced2eca34d4ccd7012c,2778,0,0,3.655384,1.6854153,-0.85620403,-3.0678158,-1.2393721
2785,train_images/d30d079e6f9a.png,242524a416186104c913eba1917951e55acb6652d3c1615d4a9dc71ae7055a14,2785,0,0,5.1451645,0.7791071,-0.880177,-3.006546,-1.9066199
2788,train_images/d56d32a1d62d.png,d233e28fbde515f4626f4feef8c067570e29fa6ba20b6ff38ef3ac4f6fcb5a28,2788,0,0,5.41403,-0.2168312,-1.5234411,-2.0670052,-1.4415213
2795,train_images/d9c9b9786da3.png,1d6b24a10bda130624661a065ac237f97d1e1b68fb95bd570a99ff6533950c73,2795,0,0,4.9573383,0.8187599,-1.0027969,-2.952692,-1.6954006
2803,train_images/e26bcae6c67b.png,b564efae07eca5f773d3c5dc8d7c8da8dae109c1c6ab90c7f81bb7bd7cbdedf6,2803,0,0,2.5033417,0.99581623,0.5538572,-1.9593754,-1.8982738
2807,train_images/e632e38fd2d4.png,e110bf9bae7f26d1c99d9827b7bf2e61350b0d3e43c5b7eda08e235e285427f0,2807,0,0,4.0279655,-0.19254208,-0.39658117,-1.7857409,-1.4718765
2815,train_images/eda29a9d78f3.png,233e08243fb20c5ecfef51915acf958772e1a1857b7050355384fec451fcce6f,2815,0,0,4.057762,1.5472279,-0.60569596,-2.9901657,-1.9001755
2816,train_images/ee77763a6afb.png,bbbc15d0fc7f6ca2920fc094c41c7fc16a0fbe0270a4b3e6019fc2c30770e74f,2816,0,0,4.7262096,0.87494373,-1.1381826,-2.2025003,-2.1089716
2818,train_images/f0a2dc580009.png,ba40f94225e7876cf63673be879fea75b41e72f66b72bc15849b64a774fabb80,2818,0,0,4.9374504,0.13110542,-1.7732439,-1.2589903,-1.8838404
2822,train_images/f7508f14dd7b.png,8fe0487af7af43753074c7a8ba413537e029a914b46f64a267a9b1230dc92ad0,2822,0,0,4.6246433,0.9771471,-1.5885627,-2.295888,-1.5676364
2826,train_images/f994a3b07935.png,7290825249ef78aa58f4607346db4a1114169580ffd6adc502afda3a60ea3553,2826,0,0,3.6474915,1.0951405,-0.34554744,-3.1910653,-1.1083807
2832,train_images/0124dffecf29.png,9a26f92bda73ea24a6e64f7389cf956b6ee086b09e6d099739394a00c065e871,2832,1,1,0.9909096,1.9650354,1.1651418,-3.2119217,-0.80743754
2837,train_images/1116271db4ea.png,37a1694d57246c5e9cf938c900ea47587450ddad89c0e68f604fc563f34602e6,2837,1,1,-2.4577885,1.76723,0.9807705,-0.67510796,0.39158422
2846,train_images/2a8a9e957a6c.png,50c540243ddef2895974fbf509ac512c13666b7e90474bfa4502acf56fb6e731,2846,1,1,-2.7601013,3.0392523,2.5054235,-1.9444141,-0.8240652
2856,train_images/582115961a3d.png,3d1a822383e8d0d994d1d666b31f2fe96067a1640feb8631d0f16005ab25db15,2856,1,1,-3.1279678,1.9159956,0.8942313,-0.029138565,0.35108286
2859,train_images/6165081b9021.png,4d811f303a66afd2315e0860722112a13ae69203166d09e45ab2545b32a8bfa3,148,1,1,0.7519188,3.7060938,-0.27037787,-2.9450817,-1.1696056
2864,train_images/7ae69d22075a.png,ba3064c0ffc4a1bdf20e75a5bde843e5517f52e9ab5b48c8bc63587fb3d352ad,2864,1,0,2.9384289,1.0540495,-0.5263417,-2.2632208,-1.1114615
2869,train_images/93be637084a2.png,98189e0ca00e5da5f631a3c8eb21430ed16f3bb870cde25193bc2214bd8f18c4,2869,1,1,-3.4823856,2.491725,1.284188,-0.47684288,0.1357916
2874,train_images/bd269a1f0e4d.png,cb6dc8da2ad50e10ffe27de0e17a1dace50b79693b2b3740cb88f390d757dbf0,2874,1,1,-3.060007,2.2965612,0.21561491,-0.47670746,1.0192666
2876,train_images/ca63fe4f4b52.png,7b8f0a33df981332db20fb5520b1ee2ce177f4a937c7706d76261106d9f1a1dc,2876,1,1,-1.1358261,3.3870707,0.042348385,-2.2139788,-0.049040437
2886,train_images/f55e1d2a19e4.png,68ea5410c5e1db6ef00a686542339af36044c177c86c4f06e696ab45f3b413be,2886,1,2,-5.679878,1.6060429,2.6237755,0.5913124,0.7324539
2889,train_images/04a6fc58dabc.png,ba610ce1a881c1853326316df99bb59249d2bd9fd22e9764c129b78ae05cd5c0,2889,2,2,-5.152298,1.4090691,2.2799253,1.0037842,0.39755106
2898,train_images/1c578b72d7b3.png,4b12ad344f3037785a20eb68a7a906bb17529d08812be49c79c5bf004fcb22bb,2898,2,2,-2.8262272,0.79299355,1.5414441,0.24172878,0.2567225
2902,train_images/20c883d3bd38.png,20ca5d282562ebfe773200ff17c2c93f1b53895cecac94d7f6e9cdfb85e8ef7b,2902,2,3,-6.0737915,-1.596549,1.6942165,3.559884,2.2890143
2904,train_images/2241b7e90782.png,a88cd901e88c592a82864bd9b29981105f7ea16b946b8819b4929b5fc45200c2,2904,2,3,-3.622507,-0.580307,1.5942352,2.1375065,0.44786733
2909,train_images/2735be026d44.png,4041937bc9e90c20123051da99f3317d1f8b70124515f6ca901cfed5d71e29d4,2909,2,2,-4.529747,-0.2788906,2.3869066,0.95191383,1.4099958
2918,train_images/4289af3afbd2.png,65fc38a4a7ca740acf49a3f5a5fb353a21aad45ee78e01c621b17377e1dac2ba,2918,2,2,-3.9299355,-0.39830685,2.1885374,1.3188152,0.7598145
2925,train_images/4ee1ad981a6d.png,b28131cc32cf41b73747a858a558e09f94a0403b32c3a9aa05fac6fdf2460928,2925,2,2,-1.5174961,-0.2087307,1.970416,-0.041599274,-0.15458763
2926,train_images/510aa0a898fa.png,9cbd59698d97d445c27195889990adaab0b54a38dc415f3ebc415d3f50055f3c,2926,2,2,-1.943121,-0.15771198,3.0586228,-1.0074015,0.0900591
2935,train_images/59f3f70abddd.png,841ec574377ec8c07cf186af0b77da97c02d0aea56c71b0e9d86cdec750ad065,2935,2,2,-2.2376556,1.4562511,2.150831,-2.034482,0.67390513
2939,train_images/5f70ad48a525.png,18062b2faa7391dffc21dea5a47ac2b0e4402e301394451f1614ae17b2b00e75,2939,2,3,-4.05805,-1.0381918,1.1732175,2.2852077,1.5929091
2940,train_images/62cc7ddb53b6.png,410a0c0e5d4bea5cdf5f90da15a19a91c5703aaee147478547c8463d9f711453,2940,2,2,-4.358391,-0.6311636,2.2909184,1.1076746,1.5030737
2948,train_images/7455e2b5fc57.png,78da0c300462e3d48de161582971e23cbdfd8a19c3082e6fe32826d438e9356b,2948,2,2,-5.536682,-0.54451275,2.7163887,2.0732336,1.2173918
2959,train_images/81bc03e2ff2b.png,a93304a19c365805f5652a4046079e0828a3c66214203ae91dc572562bada710,2959,2,2,-3.629364,0.5692997,2.7796035,0.5722122,-0.29528058
2963,train_images/876e1dd12d38.png,18cf1c7ef046ff56a2d6bc6dce0cffaee97710af01f24ebf4eb08648393a4ea2,2963,2,2,-2.9878597,0.7247906,2.586895,-0.33276367,-0.03329444
2966,train_images/8a67f1efa315.png,8877ca9c33742a722bdddb253e988d90e62d8e89e4f222d06ce5f5512f268421,2966,2,3,-5.407549,0.15479946,1.5293505,2.0589027,1.574115
2968,train_images/8e3b79e1f1f7.png,40438ed806d487a5ea889cb9161650364f60717b7aac18c3842cf116fdceec94,2968,2,4,-2.974289,0.52748585,0.3381269,0.9711695,1.1889759
2978,train_images/9d74428188bb.png,18e43b40995f8ff0e36bbbe4a3c2a4798e200b3cd4c124b986c40be0d1d40d64,2978,2,2,-2.0877495,1.137188,1.1857687,-0.51984787,0.2917328
2982,train_images/9f5a8665cf2e.png,ed4ce91ad21344ee0441ed7082291b9565648b652967d04e4ff22fa733907bea,2982,2,1,-5.0859566,1.8594065,1.6155043,0.70979595,0.8501388
2983,train_images/a01c590c444f.png,af84addaae7999eb18498f61a6391bf774d6539ae436f197373240c9a1f6526b,2983,2,3,-8.032438,-0.6472359,2.2887146,3.6228485,2.5919483
2994,train_images/aef9016557ca.png,56686e47114fa1bb21b85063c09553f4153c76e766020a6a1e77b83ebb2208aa,2994,2,2,-2.707716,-0.035707474,1.3470813,1.203085,0.19530869
3000,train_images/b91ef82e723a.png,0034a93aead4bd2b86b2db0017afab72c0abc6d0d5338ec2300eee7936b2af75,3000,2,4,-3.5738735,-1.3253317,1.5360723,1.6291876,1.6964762
3001,train_images/bca2bdc15fc5.png,c1643a7b9aa3bf0fadbb86ebdc67f54f001858abe7574e10f19bab51be93727c,3001,2,2,-1.1319351,-0.6959162,2.2305994,-0.57426643,0.28634202
3006,train_images/c48ae5da188e.png,2b6429ede5288b45322479ad1f67bd4839803f6941e78a7bee200b410c87e1da,3006,2,2,-4.6567802,0.28651142,2.5409307,1.0438747,0.723528
3007,train_images/c73c5f6ef664.png,ba51547005a4caf45afaee3d1ca393b199a9918035626de62b94ac915fbd1676,3007,2,2,-5.8973427,-0.30358696,2.9775486,1.1919527,1.9587198
3010,train_images/cf0824f53dd9.png,7267c66ab0a6883d16ff5980ebdd56127730359b282d8b80fd0b1964b3ea3585,3010,2,1,-3.6648273,2.776988,2.7305145,-1.6962757,-0.17248714
3017,train_images/d968a983d4d2.png,92be74b53ac9f57a5c1b0e8f90587dfa6492cce7dc19a032d7618cb97fd2b0b5,3017,2,2,-0.20931625,0.19032669,1.0630462,-1.2129831,0.2665015
3024,train_images/e1418d28d668.png,85f88cec374a8f5c4629aff83407d53c0c64da27120942a98b3157a04583ba15,3024,2,2,-0.24614334,-0.18622398,2.1805813,-1.2903395,-0.33554828
3031,train_images/f80118bbda18.png,41d42f931ec2f9729e8ce481f54fbd252802fdd1de73d3d3a5eb12d8191651a3,3031,2,1,-5.014591,2.6651373,1.7134268,-0.4383812,1.0248573
3038,train_images/0edadb2aa127.png,463631a7c5aeed5d61f2fa8cf01c95aebf1aa14409647fe894171773cc84fbf1,3038,3,3,-7.6201935,-1.8571053,2.5328064,4.053644,2.7621856
3041,train_images/2665f72e2dd3.png,1cffc9349db9f3f49c81adb0802703c7b9010675aba83b140832c565e3963de9,3041,3,4,-2.3954182,-0.50408554,-0.4426074,1.6126165,1.7182072
3044,train_images/4fef9ed8a4c5.png,3f9c10a3b530ee8c8d3c4d10081a57d542e067dec69e901e3fe47838c355be8e,3044,3,3,-5.5713444,-0.76762104,2.0288844,2.491537,1.7478689
3050,train_images/90b8bf342032.png,25e488b9f490c37721be0ca62ec761341aab4c07a7919e555713d38d655ee316,3050,3,3,-8.238501,-1.3381529,2.3262908,4.818261,2.2524216
3058,train_images/b960142a8de7.png,d8c8ebeba594b3b20bc43c46ad9f9fbb64daf7c15f17a2ff8eb9ff6e8c3b2533,3058,3,4,-2.7478218,-1.4976263,-1.0352614,2.3904543,2.876093
3059,train_images/c0a0828e01b4.png,14886d1de5e35e06a7592eba11f4012f352e1939ecfd216b7b6f1e9237688e9b,3059,3,2,-4.9770164,0.04591942,2.2959294,1.339118,1.2285061
3068,train_images/20d5fdd450ae.png,821964656547ebed399ac327e52c76eb13d6ee33f9c9d8682424d8900ed80b50,3068,4,4,-2.8758698,-1.7843113,-0.37529922,0.28888798,4.752206
3075,train_images/3f752fcccec0.png,37aad92bd924416d893758e028eda0ea5fff032e0480ffb7932c1bd745f40d35,3075,4,4,-5.692028,-0.13815117,0.22840858,1.6576462,3.8552103
3080,train_images/7270367410a1.png,809eff6717a0e73248893f96ebcb7d0356a69edccee74b68c913b7be52f5eb1b,3080,4,4,-5.03228,-0.57112217,2.3019285,0.82171345,2.3848948
3088,train_images/a5c9a8c726b2.png,64c3bccd1c3a61d98a60d18c71ddd1202d5057fd7c0efb235594989a8adb0dac,3088,4,2,-2.6699486,-1.1667614,1.6880867,0.662158,1.4313356
3092,train_images/b87f9c59748b.png,8bcc3305ab01ecc6451fa1c1e6612831ea80c7f700d9ec069d8221c15baf10b1,3092,4,4,-1.9454918,-0.16008282,0.42234123,0.35606766,1.3441834
3101,train_images/e7d2c2c3b30f.png,50467c606ddad6ebf70a4933a34fc6be5c74590903fa17e57d39457919453718,3101,4,3,-6.486061,-0.36048794,2.5854905,2.751625,1.3925756
3103,train_images/eb1d37b71fd1.png,cc26231741a282105f304fe506ddf245291b1d3066a49dae17fafa1ab41241d5,3103,4,2,-5.2183743,0.76821995,1.8301439,1.6246433,0.9142454
3109,train_images/014508ccb9cb.png,ebdee3c68b4102f1ccd72d44b6632315b7a7da427d9c5a2d735a2577fc7b1f13,3109,0,0,4.015852,-0.2768488,-1.1511257,-1.582139,-0.81682515
3115,train_images/08ee569d4721.png,de247ce2609e5136e0cdd352f932ba99c26059057a32559d7abf625c6aefcce7,3115,0,0,3.8968983,1.3377733,-0.40651274,-3.0562057,-1.6515664
3116,train_images/0924cec998fa.png,d663cfc746fee6c9bfe68f23febe9b80d55dfce15c7e10f463bae45810e6ee76,3116,0,0,3.845358,-1.0791435,-1.0057325,-0.9673939,-0.675779
3118,train_images/0a85a1e8f9e9.png,9e7d5c6391e40c92330984b307fe1e1b463eee6c4f92e746889c20dd98d5a76a,3118,0,0,2.2162437,0.035564423,0.09971118,-1.5899143,-0.6175343
3129,train_images/165634a6167e.png,8849965b3564832d5b02f5b7253387ba71d1602af20902e91096bf60655a3d9b,3129,0,0,4.1635723,1.8943357,-0.093869686,-2.5029907,-3.2492118
3133,train_images/191cf5668f33.png,6feee5c47d8ad7f5b8d5daecd445b9b48f94604532287c38c9ab271931d0e5b1,3133,0,0,4.9614277,0.4078226,-0.47662616,-2.8214931,-1.9325818
3140,train_images/1eee55494271.png,e35f928d97a1a5584d4377ff55cc685f4e95756222e07dd686dfbf1836e66127,3140,0,0,4.9710903,-0.06192684,-1.1453595,-2.1890898,-1.4340202
3142,train_images/201f882365d3.png,95146b47ace8f5cf70ea52842bed308ecba13dc7a93fbeeeb88c70617f9eea9b,3142,0,0,2.6580753,1.1130285,-0.26225996,-1.9492102,-1.382737
3148,train_images/27933cdbe0cc.png,14f0fb61e3113dfd49b2b9b58f96e7ee1b40c69ae1f28c1feb001d441ea7d507,3148,0,0,4.279516,1.1291771,-0.2856021,-3.373691,-1.6443392
3150,train_images/289a47dcbb82.png,0725efb4cc61c86a179827b6646aac5c3120edbeaa9b3ef895bd620c52d1dcf9,3150,0,0,3.7811508,0.27841282,-0.81674194,-1.3784113,-1.7320479
3154,train_images/30db694bee42.png,05433daf11bbcebaa936603b133ea04d528f8373201ca4cd14cbd20ad27b5c81,3154,0,0,4.7718773,-0.4430561,-1.3057284,-1.2829838,-1.5884582
3156,train_images/32d7d360d891.png,b3b927977bda3fb838b6ca03dc615e8e53b677a207d749f42d321b842081f80c,3156,0,0,3.7269535,1.9938059,-0.79401827,-2.7973213,-2.0227313
3169,train_images/436e7a7af761.png,7f941199e2188c6337acdc2b68c274c8ae334d085d3056d7ee84b82b403429f2,3169,0,0,5.5372906,0.21761894,-1.5260983,-1.9538088,-2.1154947
3172,train_images/441848e0f308.png,ba746fcc8947757f7c54841c2dc3d76c09db31155d8b586f9e753feb5239e6e6,3172,0,0,4.1701374,1.2574911,-1.5498288,-2.970315,-0.7146379
3178,train_images/4860f7813654.png,6dd1746a76454f21acf4bcb8f6a600bf4efc0d0da591b5e661e8446027d46667,3178,0,0,4.133728,1.1830082,0.16075408,-3.1380134,-2.1244612
3181,train_images/49e4b95ee2dc.png,71f4095213dab56a8072631819a93ef5f98617291de72eae7ebd153b0961b7ec,3181,0,2,0.71074295,0.17612457,1.6332877,-1.3863163,-0.9695269
3183,train_images/4c17e85686f0.png,d7c19efe0dabd9a220edad63d73101a653e097f85743b7b6d4368a113cd794b9,3183,0,0,3.8970642,0.9713373,-0.2988515,-3.2990508,-1.1619586
3188,train_images/50f5201fd18a.png,8608032650873a8c6de6a51f25af21925712a1a96ac3733426b869b8f02611fe,3188,0,0,4.181038,0.6801367,-1.0681434,-1.7451153,-1.9127625
3195,train_images/54038e56131d.png,4cec355680dc45fa79a605eb3b26c5e43cacae12ec63aac4b1ecdd8bf8fdc13a,3195,0,0,4.8398457,1.4020586,-0.87207985,-2.7946177,-2.4471073
3196,train_images/54b322c66d01.png,d366fd0bd38fd053300e005628fb25f55fda7f4560848aed926c5e08b788ac4e,3196,0,0,3.7663136,0.113140106,-0.6063874,-1.585248,-1.5500332
3201,train_images/5db2e3a4594a.png,159f83ec4e2b7cfebf0374e2849503faad3fd9515e825c96f0ae38a67353e090,3201,0,0,2.809681,1.0072317,0.33085692,-2.3252335,-1.7506303
3210,train_images/6af071b0ac6e.png,f7b572546c211caec6ba70920b14fbf76380506950e69433d88ec7c08e2c5022,3210,0,0,4.7362404,-0.11719036,-0.65112877,-2.4532928,-1.3163675
3214,train_images/6f0e5848d9ce.png,9b71472287e7c06051197aa63a14684e15ca775fb09928b6dc9da2101e212974,3214,0,0,3.6585045,1.0331373,-0.6431956,-2.3705597,-1.5806998
3220,train_images/7526cf435753.png,64c92dda78b1aa36eabc5b8cecc21bc3ebcf4320c06aac3744f558f694e8279d,3220,0,0,2.678278,1.9805803,-0.888942,-2.7214527,-0.8689773
3221,train_images/7569ac24762e.png,b182748ea56ac1513f7f0e02c11331b01fa4cd8fc5019b9151c45a34e7e15d08,3221,0,0,4.900675,-0.17198658,-1.3146999,-1.7872524,-1.4629847
3229,train_images/80dbeb0fdc75.png,d054c0106e53eda1eb402cdb337363292ddc549e6ca375486f1853f93d8fec9c,3229,0,0,4.6957264,0.7390394,-0.66038346,-3.1603246,-1.4989737
3233,train_images/83fda7c0500b.png,7cd204f578e75c76ecc505a48ca5e3bdf4936e26f2a28ec1a52bf818e24691e8,3233,0,0,4.545618,0.97194386,0.11203408,-3.3230038,-2.0973372
3241,train_images/8be6629a6039.png,140ca16428bbb08128507f699a92036450b8b823b9fc739a76c72c9e09fbc955,3241,0,0,5.714226,-0.048229218,-0.732914,-3.3983665,-1.3328816
3242,train_images/8e2a3978c244.png,b159a4f24f2f9ba313f18c6eae09f39221b9b9f0261ea97deb0490da2a12f831,3242,0,0,4.2158318,1.0869703,-0.4608426,-2.9809837,-1.7436603
3246,train_images/946545473380.png,bc663ec0dafe7c4576bbb10384851d11744e382f434402ba30eca06f3df9cad8,3246,0,0,3.4539719,0.8273859,-0.95420194,-2.08702,-1.1461371
3254,train_images/9e7a63b2fc6a.png,9560d3c11333e881b4c7230972e48a210e4d5b1fb2be4f1a5b442471ff7040ee,3254,0,0,2.9482994,1.3384504,-0.079405665,-2.1888256,-1.8433694
3256,train_images/9fa02dfb5553.png,2c608ba062f6bbcf35ab4cdd90b32ed397fa395f2f88fe2b01be411aed44411f,3256,0,0,4.848192,0.79734135,-0.78131247,-2.6757135,-2.052207
3259,train_images/a08a0133754a.png,c33f13a06023838418b1cb74b6fcff7102a016c1141183ea81e8c65cdc7c8a2b,3259,0,0,3.4896278,1.1324415,-0.21240854,-3.3510427,-0.9580883
3264,train_images/a484bdf85b4c.png,c6c85b3b29783e1c544a9f1b7605f0fd4fface19f3b7e69fc6c2217a7a632496,3264,0,0,3.6934814,1.264288,-0.3256929,-2.9042263,-1.619522
3271,train_images/abe940882578.png,6d75966fb53639a614fb2dc3617190e0e4eb37851e86bcef0cbbf2d2bb6a0e89,3271,0,0,2.488121,0.68741417,0.26990402,-2.8859406,-0.46969402
3277,train_images/ae94ce412de9.png,52094f2da33721c4746082488db10a7f87ca19763bcfefb7158eb15fa45dfa97,3277,0,0,2.8127232,1.4333448,0.24669719,-2.9449463,-1.3905934
3287,train_images/b7983cb3f270.png,ced89e727cac2514a773478f0f0f811ec6d13a580de98e7b92f894185770b480,3287,0,0,3.9684048,1.6761789,-0.7900517,-2.7039986,-2.0421162
3291,train_images/ba0107fb1bfd.png,26d1310ad0d0717f014086942b5845c785298cd4e165dad3cc026b76980689d9,3291,0,0,4.7815,1.3199835,-0.62969255,-2.931301,-2.4171672
3293,train_images/ba4e62c11cc0.png,afb39ecd1a660eba0e19483d99248927c31e95e9deb0d6765531f332eea6bafb,3293,0,0,4.072899,0.743803,-0.37537718,-2.8249245,-1.4951893
3296,train_images/bd375ba756b1.png,e6d3914f52148d09d299f2c6598d6dd4ef7f5c980b6e3ea1c943429af4f6be0c,3296,0,0,4.115425,-0.62997913,-1.3648062,-1.0939779,-0.90154684
3298,train_images/bed8296c8dfe.png,a6231094c2fa446586dd2a09f37cbaba917ad5e8f0db34d590c2123d19ec7472,3298,0,0,3.7196789,-0.37348747,-1.1796343,-0.5477171,-1.4981102
3302,train_images/c3c8fdda50c0.png,31deeac6868a9ea17d50fbb6abb38c21d01c9ec719ac8bacd93e2ed19faf9248,3302,0,0,4.2875156,1.4163256,-0.116811156,-3.2588334,-2.2167678
3308,train_images/c9e697117f3f.png,19aa0e22dee1731c20ddf93d37712213b21666a4486b2adb07d37f0909d9dba7,3308,0,0,4.751421,1.5612354,-1.1197498,-3.1551876,-1.9171275
3314,train_images/d02b79fc3200.png,fc6aa0efd42b27d10d72cc0bb8308479a65e97b31c7239d8c2c89c5915151d9b,3314,0,0,4.3776417,0.964036,-0.34029937,-2.662115,-2.2149553
3319,train_images/d3dfd0a2dee6.png,8f7141d54bca095a7de08d2eae7e10120790adbbb8b2f8ca2aab55d00ea42dde,3319,0,0,4.275261,-1.2013922,-1.175664,-1.1261721,-0.6329242
3323,train_images/d74ccc796517.png,f01581d3843503b9dc7c35bc85eb6282f6689d7cfca676800291903e62ca05bf,3323,0,0,3.1296082,1.052434,0.14813793,-2.5510225,-1.7011238
3329,train_images/db3cd58aa315.png,727db3b6b904f44dc314037a389223ca089c57b0085ebf51f820e4e2a2a29319,3329,0,0,4.3201313,-0.50471306,-1.5233223,-0.8280411,-1.325008
3334,train_images/dec5595e6154.png,3b8404401a40cd20d86610e0ea33f8ed3887d7bceb893de2bd775a6a57542660,3334,0,0,4.2861385,1.3065805,-0.8672168,-2.8000555,-1.8214828
3338,train_images/e06cccc08c59.png,3fee32dbfd05ad2888c2a72fcd1b18e8c4ac8c16562aef9460d490e2e938342e,3338,0,0,3.3972683,0.88255596,-0.37636232,-2.238142,-1.5601994
3341,train_images/e29e54ff921e.png,e9d4f53e2a5d40b1e8ee9e964399e53938348893576b8b56d8293bb42201d505,3341,0,0,3.1066284,0.6835375,0.0568707,-2.354515,-1.4016238
3342,train_images/e322acd46152.png,75b8438fe270a339961b8290bd55a31b7459da2fee924f753b5ad7efaa580e2c,3342,0,0,4.4554863,-0.7425499,-1.3678823,-1.4812956,-0.7078937
3351,train_images/ebf4b22240f4.png,ed858cd57778dcf93f915deb5905222001bb28c6b123266c9659a6131504b511,3351,0,0,4.302616,0.99499035,0.1588155,-3.6183662,-1.7218367
3361,train_images/f58f0b2fd718.png,f2743551b4b5d060b4f6d4ee10342ffe3a3368b363a012867a2b2526c2934921,3361,0,0,4.17264,0.8215437,-0.14167583,-2.9667988,-1.7749995
3365,train_images/f9d52509c571.png,3972c6955315ba4bb3bcc45db04831ee735a255ff92c16912d11f237ced6e5de,3365,0,0,3.7037983,0.9574938,-0.5654044,-2.9718618,-1.016864
3370,train_images/fc8fce67fbf8.png,268ddd86bee16d7ff7bbe4f9be3cf266fd8ab0608b205ccdd2ebee1ee45883ac,3370,0,0,3.3109074,-2.367097,-0.5506325,-0.19754505,-0.08930147
3375,train_images/fe3f62695b2d.png,8acc4c1ed9095469a7e50ea71ac1204ed2b8f07faae07ae5a72545cbabcca6f6,3375,0,0,4.2258606,0.9049635,-0.6384833,-3.30657,-1.0724686
3382,train_images/10f36b0239fb.png,619ea1c71bf48dd0df822144aa5484a0bfffce353e870418c294ae3326abb687,3382,1,2,-1.7542915,1.2670269,1.4189317,-0.30901814,-0.60687697
3386,train_images/30941b65348b.png,559e6f70742d5669ccfd26384a0cc1f2885885d0a1550e3e750250d145ea8798,3386,1,1,-3.0831375,2.8376532,1.045069,-0.6630802,-0.15990806
3389,train_images/36677b70b1ef.png,161dd429014bc71e67ec7e6ac6d80db95d8fdb796ab7e4eef660e64054fee6c6,2047,1,1,-2.1779594,3.5066519,1.0148311,-2.3255558,0.029088855
3397,train_images/4e82c3c8d31f.png,a3d5511c810f9f7ef31216ea01981a88ade01a8e92ec813487cc7dbe78cc1dba,3397,1,1,0.90738297,2.3793325,0.17514503,-2.5020885,-0.87583244
3400,train_images/51131b48f9d4.png,6e75bc959bdb8b067e277bd45a668401e8b78125e73108c563291119b73939db,1726,1,2,-4.5376816,1.0363617,2.2346723,0.93143845,0.3122608
3402,train_images/59e5212f7139.png,9d3654faaced8fcc369e524414fbb0bba3295189c766160ec954b59f95173eec,3402,1,1,-3.4750977,2.6912832,1.2690021,-0.66896534,0.1571812
3403,train_images/5a091e8cd95c.png,13aaec06e94b439be6ca8a3ea07eee3c7c35f3b2e47cb2d5022fc86aef9800ca,3403,1,1,-1.1702538,3.584756,0.74029016,-2.1523104,-0.9649428
3409,train_images/78bcdffb8785.png,dab95930eb28d53570e0181529bc011cc8b0b88e115cf77ce3d37baf3fada314,3409,1,1,-0.31071663,0.9227667,0.85933805,-1.4263926,0.034779668
3414,train_images/94111ed3d276.png,729166d646a820158850225f13c1ea4a1a39da507d06081a98cc4aa0465a280f,3414,1,1,-0.6604767,2.2879992,1.1389832,-2.048952,-0.6794263
3417,train_images/96a9706b8534.png,a89a61346cd279db5674168925b7232db86fe5b08e78c69ccb202232be2948f2,3417,1,2,-2.5206757,0.49314213,1.1467108,0.024733543,0.85224825
3428,train_images/c1ebe785503a.png,8bd8a0b681456b33bdfda828b3af7eb78595e695f01ed004cce4a2fd4e013d9d,3428,1,1,-1.4406986,3.312251,1.9436656,-3.2818518,-0.5334319
3432,train_images/cfd1bd0fcbb4.png,e3b4be1da4f8cffc5a4065404c94dba22d3bb990c63754273c589c01034f8849,3432,1,1,0.21439362,1.2276077,0.46793532,-1.4027205,-0.41167343
3437,train_images/07d8db76b301.png,8ad3b058c90da99902d08673972bfcaf71eb0c10374514b771f56a3621ba5c45,3437,2,2,-2.8105278,1.3887424,3.6414313,-1.7394533,-0.4303038
3442,train_images/0fffa73e2402.png,b43be406157aaf1a730582ee015e2ddb48aae264de4fb98c003358b01c2d6d28,3442,2,1,-2.5160713,1.2202206,0.62094855,-0.109996796,0.79808605
3448,train_images/18f1f979d30d.png,02e70ab6057855b59e47d51611a5a7496c2350b50ce7b1a7867368b3dbc66c05,3448,2,3,-6.2777443,-0.6398268,2.1641035,3.2541552,1.443475
3458,train_images/2532613a584a.png,e547cc39a83768348c6cec348a3019f194620e1c89025a6e7f2cac32a93e3567,3458,2,2,-3.0302963,1.5225878,2.0415173,-0.32548618,-0.2088188
3464,train_images/28824d12d31d.png,8ccc5e4a6e1be3b5f6b4e3861af0f4c463e95a7a0fcc70412aa905acc4aa78ee,3464,2,2,-3.662035,-1.0227022,2.6520326,1.5032063,0.4907111
3470,train_images/34723fae6475.png,16772915110867fba2c220a028245a8336aa6d55688671e924190500f8bbd53f,3470,2,1,-2.671049,1.7187204,1.3769617,-0.28452682,-0.13609135
3471,train_images/388f12e8df0b.png,3ef05c51e3969a01834c63c6e204855abe1e90a2c3414b2b3187ac4e1f4a9915,3471,2,2,-5.4719543,-0.52622795,2.5469456,1.4827929,1.8857784
3479,train_images/42b08dca9b2f.png,38e41ad33c7ed17fca15ce782fb09e9fd934b4523fafa3c15e6a0e2102891195,3479,2,2,-3.776987,1.4172325,2.8335338,-0.4470482,-0.036572337
3480,train_images/43fb6eda9b97.png,db77265cee9f06464bb248697f7b4dc7a66abcca758d48c1c632b39916eda082,278,2,2,-4.1166573,1.2098646,2.378211,0.04284954,0.45576346
3483,train_images/467b7d9d811c.png,12773569ae779abcb67c250af85b9cc987be3c5b4fc605e30756b6aa2b57a46e,3483,2,3,-5.210428,0.94913864,1.2520442,1.6702051,1.2958062
3491,train_images/4e7694eebb91.png,ba46066704c6d1bc6a341948f240c66f15b1d75cc19e4f0bee3f91b2384c223b,3491,2,4,-4.8787384,1.7492428,1.3222536,-0.31509876,2.0574446
3496,train_images/5265dc9acdf8.png,63b59e95e9863ab5d9baf8bdd9c365bbea4fd2ac255cc5874798b4597e356722,3496,2,2,-4.3530426,0.5252161,2.5724084,-0.34616852,1.550555
3505,train_images/6c2555a9cae4.png,50ac87d4c2202a6024c4d8e8af1d8b46e4950ee4f834525f314a8a8f74356f88,3505,2,4,-3.3176594,1.4302158,0.65802574,-0.7178154,1.9480975
3511,train_images/7743f4e04a6d.png,44d00cf28bd0f91b7baad3c33bde57288746c83534299024531e0088141aef2c,3511,2,2,-4.6829205,0.46790218,3.3187416,0.7543812,0.07080722
3512,train_images/77543f66a84a.png,cb01e934274d8dd99dcda6daab41971f40939cee1bc27fb300daa34fa61c9b49,3512,2,2,-4.965414,-0.5628252,2.3129585,2.063158,1.0916594
3515,train_images/80b5a9519aec.png,af7273352117ace4fc4ad5e8b112408c4f6362aaff5cb0fea05bed80e4d3c30b,3515,2,2,-3.617464,-0.2806692,1.4636526,1.1143198,1.3090584
3522,train_images/89d2a7403a06.png,9b58f2686bbe38f99e8f15751b3cd7b72eb0f25b0f3e83636d125a82c425b1dd,3522,2,3,-3.9302063,0.5099726,1.5372498,2.0679283,-0.17531466
3537,train_images/9faad91b6578.png,a1cca9ac174c1ce4549c8dc63edd98430fa0280046b8487f45b4680738f15df4,3537,2,3,-3.1557636,0.38989353,1.442103,1.6343632,-0.315153
3539,train_images/a125377fb985.png,889b21c5a859a542e52e039ae4edfeaacd79bcfb246a1b6ef816b9f7e9444e3b,3539,2,2,-5.635481,-0.8046417,3.7254374,0.9819765,1.6408776
3543,train_images/a4359815f152.png,adac219bdb8f1fa2502b221db0ff24e7df9e7c026a76a52051062ad095c78b23,3543,2,2,-2.83646,-0.22419262,2.0574028,0.6563387,0.3634736
3545,train_images/a64273801bde.png,6040533c19b458a6c1f538d9a9cc64599b2c27b5a7850f4aa08539784c6faf4d,3545,2,4,-4.562145,-0.350873,0.99509513,1.4837856,2.3888822
3555,train_images/c406325360b1.png,81ac9e73ec9bbdb040de4417cf190546f5c04b10c4753de920b97af8d5d8c9f9,3555,2,2,0.19063568,-0.5932665,1.0048878,-0.29645538,-0.29739225
3565,train_images/d91273efb92a.png,0a889e3796719d7e5c5113382f62fc536e6269cd9c60b2d6af11c21c89c4a236,3565,2,2,-4.9163017,-0.17241001,2.9475172,0.3562622,1.7228202
3572,train_images/e03e70bc8bba.png,d45866ba5a30e959f69cbaf41de39a7e8a437df9dc0c45e8a2bc7272a6470e36,3572,2,1,-2.5626087,2.8780947,0.6438956,-1.4302912,0.50010186
3575,train_images/e4151feb8443.png,68c44265efc31461c963c694f647703ea900ade5eb9adc08fdd138d564486776,2277,2,2,-1.9924335,0.47186375,1.2827203,-0.6918793,0.9574851
3577,train_images/e756495c11cb.png,08278559397750db9814c1ed722d99da0f676da8b034941f9afc7e4e99662827,3577,2,1,-2.991623,2.366191,0.65731025,-0.3056078,0.28180254
3580,train_images/ee02294cc3d9.png,58e048bd8fe956db6c1a8700cacb5190c27e149fff4ef7b02a42bf948184646e,3580,2,3,-6.0844345,-1.6335764,2.7091842,2.8394337,2.059661
3583,train_images/f3b6b7ca1eb1.png,514acf126e46e96afb1c5e4c2292a43763def6489d85de90fcf1865790499415,3583,2,2,-5.9356747,1.0416374,1.8551127,1.5914145,1.3617514
3586,train_images/ff52392372d3.png,72cbfc507eb423acbdc97e5622ee600758feabc55cb6a1ed3c432bec9dce9825,113,2,2,-4.9253426,-0.35514832,3.148891,1.0119152,1.0539163
3593,train_images/498f143c0374.png,c5aa0c02441644210f66d0b8fa315eaf3bdf6a4170e20fffbfc28ebd0432d5eb,3593,3,4,-6.9440765,-2.509694,1.2805703,3.7788544,4.252406
3597,train_images/6a244e855d0e.png,c51bce902a5e1936a853796595fd0c6b9f9abaf2eb8af6544e594994f28616da,3597,3,4,-4.8644066,-1.2806063,2.8075047,0.36266232,2.8709943
3604,train_images/a14bbd9a583e.png,9a57603f7e4c81f42e9b7acdd9064ee50e0038aefd0375a2e52fa6423f892b4e,3604,3,4,-3.80575,-0.35705853,0.941023,0.91187286,2.2922091
3611,train_images/dd3dad6ca78f.png,7b41cd7a1309312db3765a88bd81a39ebba83b7f0970d5c77c68af15cac71f0f,3611,3,4,-2.0089474,-0.22070122,0.45192266,0.5584717,1.2489585
3617,train_images/0ceb222f6629.png,e0b4f28d5ac30fd2bbdedb8f8ac3e90825fe01b41370b53a67d5bd3fb34d8164,3617,4,4,-6.5519295,0.16589165,-0.2927611,2.7205029,3.8652897
3622,train_images/2df07eb5779f.png,0034a93aead4bd2b86b2db0017afab72c0abc6d0d5338ec2300eee7936b2af75,3000,4,4,-3.5738735,-1.3253317,1.5360723,1.6291876,1.6964762
3625,train_images/378963f9df22.png,30699355bd8db1414eb04a31aefc2143c0f7a16cfa91a0afb8944b590d02a144,3625,4,2,-5.5045967,0.052110672,3.077046,1.3102322,0.99654603
3629,train_images/61e301bd3c25.png,b77f0cc31545a2cddd400f8400e44b2eb1b5fd7ce94d93450266ead46f743e47,3629,4,2,-3.743023,-0.20740604,2.3438487,0.7673893,0.80253977
3632,train_images/65c958379680.png,e6f9745fc366b3ec1bfef3ede76b78ad12259b256daf7f6f10b8c31d28e6c910,214,4,2,-5.752369,0.12465763,3.497229,0.96982384,1.0667088
3637,train_images/789434d095d1.png,52b4d2ccf45571a62db6e05e2d016ea72bfe50bfcc294f75a7781c32c2e0ab6a,3637,4,4,-3.7277699,-0.34333992,1.1577187,0.15015984,2.7208228
3641,train_images/84c663f39632.png,686174c8d0a59afca5e312a98493ee2a5e17c3d657c0e043bacd9286c5eb218b,3641,4,4,-2.1819286,-0.13676262,0.7403579,-0.34092903,1.9461861
3643,train_images/95e732e043a1.png,fd02d4b68f57de329f2ea34a001647b87d1178630a20d710aa0374cdf0558ac5,3643,4,4,-4.8390465,-1.7335653,2.4978762,1.4519243,2.5033789
3649,train_images/bd9904495ccd.png,569c78dd81b72b3e155e0b5df8bedeee4d120681a1ebe399f55d19e74094cbc1,3649,4,4,-6.2003117,-1.376728,2.4838321,1.5372,3.4417663
3650,train_images/bfefa7344e7d.png,aa6bcb0a2b27e2cb806eee7a39cd3de3a9af1ab8890b122547f3156fb2885708,271,4,4,-3.1110115,-2.0300865,0.013438702,1.7189693,3.3421078
3658,train_images/df84e7113003.png,4160bf4f98820e3c8272e30990c59e6c06944a79069e56e74a529fdeedd7dcbf,3658,4,2,-4.6381073,0.3064003,2.2811906,0.13705349,1.8656609
