pool_index,image,pixel_sha256,sensitivity_group,target,prediction,logit_0,logit_1,logit_2,logit_3,logit_4
3,train_images/6852f4531591.png,8a2befee3bac9304bd95b29d8a8070bfe3974129a20564d6f74184e7598ed07f,3,0,0,3.724181876481411,1.9953833270202281,-0.32538785882279475,-3.2238707856206057,-2.170306559058202
6,train_images/4c9f0fdaaef7.png,76356f34a7575937fcb3ff653e5e5b8555d0f3e869f2f87c0a4431e7cc75d2ea,6,3,3,-7.600301969207047,-1.6694648507249261,3.3859530345612656,4.166468723321255,1.7173450620495174
7,train_images/29192375ab1b.png,93717eeaf5ab296e796b22e4a7893c042cb0b53d1ec4c94219363a23d94842a3,7,0,0,3.6465044830187128,0.6791249128618649,-0.6535941213864358,-3.685275718734191,0.013240444240088245
13,train_images/9f1efb799b7b.png,085e34d28dda6b7a5a465ed95d8ec85304961699b69a4f9a7ed8b92bffda19b5,13,2,2,-7.235971529988462,0.6571804573334183,4.1197769312051875,1.2679998292520225,1.1910143121978884
18,train_images/ae57c8630249.png,9fd4db9044f7eee39e4b84647fded4bcd320c1399f5b2afa655f71aae4853c6e,18,0,0,4.801846352827601,1.3207643694421993,-0.3316519718655593,-5.100694192456432,-0.6902645579477797
26,train_images/b65ff67743b2.png,edcf07d84a6df09f23f5d4a164f53457665ebe5ad56a2bdc9d8d074168bfd73e,26,2,2,-7.224301667726692,-0.45089396685927696,3.2287777597729965,2.586009724887661,1.86040814992535
32,train_images/0a38b552372d.png,8dde2a9d0777b0c171e4ae4aadd653d5860d1bc3cfaaf97e2dc28fca2a44c884,32,0,0,3.8305600809566918,0.7241090513130459,-0.5978881029199932,-3.8554976211393512,-0.10128340821036497
38,train_images/9a159d4674cd.png,2307a0e91b3f5c50ee711a4b3b5a1dbdd4c49aea46e03f0dbe0ba4d5caaeeb49,38,0,0,6.6548572512313235,1.0782272311424117,-1.476186586025128,-1.692350919310371,-4.564546977038197
42,train_images/51cd8d2057fa.png,5fa3fa4aff9551d1b97ba3e0c941cf5ba05d3ecbe8b73eab52179b97ef53e794,42,0,0,5.3561358220841395,0.4321850741800435,-0.7505471475772925,-3.1791017436850906,-1.8586720050017664
50,train_images/50ddd7d976df.png,7d0c82e6ce84804b07c02c6b5826b3cc57773248cdcae56d8ddecb8b5de01eed,50,0,0,4.081227020587315,1.7677707695103688,-0.6527478752491287,-2.9037274061602907,-2.292522508688209
55,train_images/e4d3d437b0a8.png,41c3f3334ef7a846a4ecf662ef40ea5022d0f3d4791931f04484bc25b417dd59,55,0,0,5.53328374134261,2.427901113252986,-0.6734514284451258,-5.126686092216693,-2.1610473339337415
61,train_images/3fd45879afe6.png,30c56449918e62d2064409456b92749f383b21a07dc99cb73eea9287a88dfe01,61,0,0,6.244653736140286,0.9236107363828148,0.8134858052558691,-6.541920647193714,-1.4398296305852143
64,train_images/4c129470cec4.png,d6c5336b8aef49550270655ae4dc960226592c6a726ee42aa75930fad35e21bc,64,1,1,-3.499652144860749,5.2685771725776105,2.553413649578176,-2.5324163240317734,-1.7899223532632025
67,train_images/cd941e5bc659.png,d29bd9c33f30f9cc4f39a73085e020b150cf03410fb5f12d3fd845252fd2ec08,67,0,0,4.936097304716382,1.717216188498823,-0.7676611624647063,-3.0927936101500206,-2.792858720600435
71,train_images/39aa3cd93c50.png,60e6827da68bd46aea03a417cc3f2c688e2cfd5f00bd90aa10877930a436a34d,71,3,3,-12.311380221025868,-1.2311898909056342,3.3579673190240094,7.984018516142874,2.200584276764681
76,train_images/7aabd768abff.png,756c4c355c67be7071b4b6a0c8d8a8d13ea48efeb827014ad6e579e22f7e4600,76,0,0,5.75290228078013,2.4477507103837275,-0.3123145418550144,-5.354178189005426,-2.534160260303385
84,train_images/b43440c6ebe4.png,f49e1c3e10573224f8e98b931fe321414afcf39a4247169c63f649051303aad5,84,0,0,4.309857448179769,2.98406824901075,-1.4438182424333916,-5.009972349917319,-0.8401351048397447
85,train_images/8d13c46e7d75.png,d2f22fbe803ab44dbf5045d73ef7490a43bbeb36723a2dc5ce355819da011949,85,0,0,4.564331163227144,1.7953069595114548,0.12721685798316096,-3.959382053454201,-2.5274729272675227
88,train_images/b3a994760537.png,e57a307e83c22a158cad4b349c0c62fa96566f273aa4ed62f5086261e46e1392,88,0,0,5.9265603981393715,0.6182445516563728,0.152088161050409,-3.590224542559925,-3.106668568286197
96,train_images/b99794a0beed.png,cf393c656e09abfe2f491fb5881e99bd62b19593c160e7c27ec001e31e420f1d,96,2,2,-4.11660836130887,1.9801356156479595,3.484838835250386,-1.6997805730514788,0.35141448346204335
101,train_images/887c26fc0e1f.png,5849ae7f80cb36d4e8866ee6a4dad5fb34d81e5443c4fe8b6e7333c44d2642bb,101,4,3,-5.928396068517231,-1.1682513310389524,2.7786190965000266,2.965920257674072,1.3521080453821301
108,train_images/42b9c1977681.png,85cbc2b295f0793346f7940a853a7a7d41b2f35f989f85eed5ddaa6f9c38910c,108,0,0,6.9372338626592756,1.9635228622050689,-0.9030360718710986,-5.0920243769386975,-2.9056962760545115
109,train_images/82ac8463fadd.png,5cd9c940851950527b873269c74288a453526108bed68a4e83e78d6ee87a2fd4,109,1,0,3.1699910665043998,2.311814624165894,-0.02208162061132435,-2.7473632614694568,-2.7123608085894704
117,train_images/0104b032c141.png,09e726df8a773dd4aa1d075909a49216d3fa656858e06e33d29768ddbe182b2f,117,3,3,-10.449191984204413,0.6445144276440327,2.654262470707161,5.209765402097197,1.9406496837560878
124,train_images/af831c158744.png,db9bea8732101229d29dfbdc467fa4bf344e82321698c726c70246ed0d72badc,124,2,2,-4.38252269931338,-0.63653197372227,2.2588292388015248,1.1746261727663099,1.5855992614678656
125,train_images/e4b0df29b96f.png,59614d448ef7e9f2e7f3d7579a2a9bd90d450d1e73853b6cdafec6fa83a53148,125,0,0,7.267798055760155,1.9392450548628841,-0.8448048491141578,-6.277041298895836,-2.085196962613
132,train_images/7f6690fa390a.png,f9bea23242f11de3bf864c27229ffc5ca4610cb2103c78154b187a76867b1987,132,0,0,5.7687348853873806,1.4347740552494317,-1.8817105259152218,-3.3696979827478932,-1.952100431973646
134,train_images/2cfe8703f265.png,e3ae9eb9ada3183a10d87e312a28658446131f2530987cc87ed5d92a19eacda4,134,0,0,4.575124398144222,2.431287534929239,-0.5464904518383662,-4.542113493574181,-1.9178079876608631
139,train_images/4f5dd7660b17.png,af756e08a814b3068ebeef5bef382b42120464180ba0a2d836c4a87a080c29f6,139,0,0,3.4445623942700982,3.4031070937347168,-0.5969305457165475,-4.292084564908154,-1.958654377380058
145,train_images/1df0a4c23c95.png,2b542f1a8144e904af4249975e3efa5f0181540141c9511d85fd933e2c22b81e,145,0,0,6.465640060911986,0.16781778260073,-1.41697620364609,-1.0360101322822843,-4.180471507584303
151,train_images/90c982cc2d96.png,dde1f101244621e90086afa6870992e37a0927ec3eeff69642fa2bf43fd2f3f6,151,1,1,0.4233101867116156,5.606325998714685,0.4411532311850416,-4.235610629836506,-2.2351787867747626
157,train_images/457c7c927e27.png,db763e5773bcf369f8bb189006908c634bae8221d7623b61be508cd706b78dc7,157,3,3,-9.528137264823323,-3.135898078475881,3.2674847618275615,5.689977522055482,3.7065730594162307
161,train_images/274f4de2a59d.png,3fce8f9f081f1d1d919cb52c361458a7efbab56d2e411408ef8b9aa0f48f0e93,161,0,0,5.354185455234343,2.126389422086997,-1.067432451467755,-4.247500832632796,-2.165641593220755
168,train_images/7663aba8d762.png,0ca22058e1a49d8ff038ecf19f670e16c491195061195200f25c417b515b89db,168,2,2,-6.281759693699017,0.9680109730032203,2.7381509355176936,0.7712435558277682,1.8043542293503805
177,train_images/80964d8e0863.png,b759ee2f2702c2adbb806e8d786d98d681d9baf9e6dbf1c0fd323ace0b109aed,177,4,2,-8.06304388179543,-1.4438430450978728,5.055458832115918,0.6319014695630933,3.8195266252143503
181,train_images/f72ef9ceeaa8.png,75aac496a24a7111f4375d813f2e7ce00403e00e686a23b496505cea129064bc,181,1,1,1.2481715582753783,2.2757173803439095,-0.1128856935967627,-1.9865325082000251,-1.4244707368224472
188,train_images/8ed586c43023.png,7bef89982d5c3a61ae938adc54201c9b84c73ada0de8454aa101abb4ec431acd,188,0,0,5.004946587247865,1.1945083912007626,-0.48125953054675064,-3.856431894948181,-1.8617635529536638
191,train_images/5188a8afa879.png,566708d20a06fea883bbcef9531dad1417b003ff60a8685e4be7a54bdfc17c82,191,2,2,-3.6551551906050594,1.2921892125708667,3.0911070130967087,-1.1063373083040118,0.3781962732415281
193,train_images/e966850247f4.png,58e2a7277a2ac0ac8fa0b7e7dd0390da3ff5df3539255a5b1f84b3ee06706f1e,193,0,0,4.605795919783602,0.6876830657456173,-0.20345042359270038,-3.4526310117932946,-1.6373975501431897
200,train_images/7d37a2939f12.png,be8bece0a0a0f6a9478d04d9e107e0992dbe3d328742093ac290a60b234187a8,200,2,2,-5.8223600541639104,-0.22304291112350538,3.4152565893241364,1.0415747205694317,1.5885716553938858
202,train_images/4f60129e9a5b.png,879b3522b9a7d785cd55326011776c7f46e41d45d371fa997ed1ac186ae31c67,202,2,2,-8.47773828746821,1.0531031095548553,4.430711228599309,0.8292420734522674,2.164681875861824
204,train_images/ab3c505b624f.png,d49b741e3604873f86437bcae43de59e258f405e960b91f3ee86e95a5258aa2d,204,0,0,6.023746919330806,0.06143871256461908,-1.0835404690673092,-1.4942619601702942,-3.507383202657781
215,train_images/30263a7d5609.png,3bd09874612e8a03cef896e287b2dfb67b6a520755c3ad239732d7e676593ce7,215,0,0,8.033842601326365,2.023875955616642,1.2700533779429166,-6.475950670573107,-4.851821264312767
220,train_images/aeed1f251ceb.png,014548e090df9d1d91b4f01d9f9dc41981741dd319047fabcf785f01d71504a1,220,4,3,-9.471955396528072,-2.243730737481167,3.581650432173027,5.096576077211913,3.037459624624354
223,train_images/041f09eec1e8.png,d2cdf8c827419d0f4d89c0731f21c4b15c09f092c00b2b78f88059bc694a9665,223,2,4,-10.894704682877991,-1.854078106127762,3.384801600706737,3.9411994066590674,5.422781781640006
227,train_images/3254e48c8aa0.png,8647b7010f189f92ca3564cd8d0eac55ad1d85173700d35a7d5fbf6f3f5102a3,227,0,0,5.4087442483228765,1.1987848025449668,0.1519916476728621,-4.233616562644207,-2.5259041358964645
233,train_images/e82232a3c28b.png,17470f13751dec4c909dbb3dd55866c6ef0e8878ae4dc9f6d8f5979a54f0bf35,233,0,0,5.664959154391908,1.5270675934187308,-0.7347232613632648,-3.629072467453361,-2.8282310189939683
236,train_images/be21d8b60e2a.png,4a9e2d0090302185388fd3c3ee7611c2d33cc48c96725505b9b10ed84e2eb558,236,2,1,-1.3786122963155456,2.1597876356576555,2.071978377669346,-0.983240036595864,-1.8699136804155527
242,train_images/5b5b80a3edee.png,b0fdbdc76bf34aab2404643b85ff8e1bb19ce19c23bdada87460106db62d88b5,242,4,3,-6.344022754462032,-3.9599199064841413,1.0392795796891936,5.060224154566971,4.204438926690067
245,train_images/69df7ade0575.png,07ae26c14fbbe2bca16f2d41dd9a4310d8f0e0d8ce7b7772fa32a4b93744c98d,245,2,1,-4.432199597198134,2.593784221128949,0.5199979671425173,-0.4227988632264259,1.741216272153142
248,train_images/495106ae3b68.png,8081dd0b483c569bf27fab9a0e802d59c3b93b81f4bf5b21744f018ce94bc17b,248,0,0,4.4524934097753714,0.6377460112367097,-1.1725436894781085,-2.9962872164414494,-0.9214085150924876
253,train_images/0b2ea8f268cf.png,ce4767ae3fca02a98c0349e837fa4247c5c91557a629df368ca00daa99b60baa,253,0,0,6.8019015017303035,1.8427583359480533,-0.16519170053499233,-4.479186228279939,-4.000281908863377
259,train_images/174db0854291.png,3e566ac8c1a916b23606dde41cd07324427c21c3c92c8fda73790c6d0c44f885,259,0,0,5.9061768751767305,0.2909032240337317,0.13722360218216667,-3.5898545862111,-2.744449115181486
264,train_images/599b89048034.png,c76dbb0ccd04410f539581e96211d84ef5219b857e8a3b2486777a3a01c9f222,264,2,2,-4.325089858381662,2.436583837771063,2.6705714784150576,-0.8545786505091364,0.07251319270473305
271,train_images/8688f3d0fcaf.png,732efc7180a6ffbf206b8323fdd2214d874f2f966d80f5636833b1cf2862e35d,271,3,4,-5.920781704030801,-2.7498415626477772,0.5818055338334386,3.128542317173772,4.960275415671411
276,train_images/f7edc074f06b.png,4cef06bd08181d80dd09827729f791f0a6ba5aafb1c962b168325e4747fa9d03,276,2,2,-10.748950941519512,0.4145714323226316,4.843946603331673,3.962444629330995,1.5279882765342727
281,train_images/9e99ae6ee7af.png,bc9d6200949c3434f398e816a1264f70482ac93a3425c354f329f5292fcd0bbb,281,0,0,6.238786651994865,1.6701331669170338,-2.17830116419451,-2.718361941875867,-3.012256712841488
289,train_images/650104ede84c.png,c403c8a411463891151c9dfead0130f604bc13add652efb462670ddae67d10be,289,0,0,7.555359240950779,2.2657565227506877,-0.3640736945189085,-6.467703490174064,-2.989338579008447
292,train_images/2fb3a8606a77.png,59f9ac56fc35d9f3ef7f67f666c1b4914a9a41e8fe426c906ae48255d856ecd1,292,2,3,-5.099804838393819,1.1650905831583394,1.5119701975360405,1.7580147719602455,0.6647292857392446
298,train_images/f762c272c522.png,cf8cb4a50ec059a39995b60f4f70b25be0e5c132ea30f2d6587dbc5e14bc3ef7,298,1,2,-7.560720548869434,2.441637678809635,3.1791793976546696,0.8369133329896992,1.1029901394154749
303,train_images/eadfc8809ec8.png,6b10e78463c16fe9a15f5776a8aed3ef6269d1aedd214dbf32ad5cff8a2d86bf,303,2,2,-6.319899347198389,0.2319635102181784,3.874625963255644,1.9206762889827924,0.29263358474183115
306,train_images/885fa5fc5da8.png,da5e9814074b4611c3918fcdf03c71997fdae71175c7c59c8534f8412908f42a,306,0,0,4.499204080390021,1.0764972606777743,-1.3981069020362182,-2.832836152382615,-1.3447582866489238
307,train_images/8db2ce991101.png,868ab8a0a5d1ff89a0c091bf58e649d351c28fd4d8e9c9247ac45dcb97414488,307,4,2,-6.412976732845272,-0.37410179496085727,2.910433478433305,2.618453301701603,1.2581917476712883
315,train_images/c8d2d32f7f29.png,3f00dbfe3bf9f8c3675c7bb6b95fd76fe6032b82e66884a46447353dbb7d72c5,315,4,3,-9.374617233661574,-1.4760405376826942,2.8677344818077994,4.756145479645867,3.226777809890648
322,train_images/80a02014b418.png,efc69b5d0daceb87210b325d6efab743ed71e3ce763ac86af7cf71b07f6f48af,322,1,1,0.28963964124427305,3.5560167219113685,-0.04278981226971801,-0.6249625412324114,-3.1779040096534668
325,train_images/fc4c2d35c6f8.png,d9d229cca676f93318e30c49b83535498a24296a494defaf23ae093715e33734,325,2,2,-5.06832174741196,2.294749443355492,2.6882625615838798,-0.5977959141528826,0.6831056566255176
332,train_images/c9d42d7534e0.png,f2b671b6b6429d108bbc74ef4477ba02424d13a3f4472ef37802e9aeb71f0d78,332,2,2,-8.298441413652451,1.4680247531256485,4.124908082543037,2.3914961194123068,0.31401245857152843
337,train_images/7ce671f952be.png,b396691302cc190fc5b03b6aa897572bcfa12d1dadcb2d15e1c0ed0434d7ca46,337,0,0,4.836430207892286,1.5041998765940363,-0.45214842620881956,-4.229547672777888,-1.6589339854995762
339,train_images/f09fd9433dff.png,75a4aef18f9cc1dc9d7c0c4e636df6c90da906d564c4b8cbaf5da71e082fd8a3,339,0,0,5.547958065004996,0.6214568901590839,-0.5858018094560304,-3.1415463429195993,-2.4420668027884105
344,train_images/41960d5f58c2.png,374ecffa1c3f69f04b69ff7a632e73a1be5aa292d9fdd5379349e0d73e7495bd,344,0,0,4.936039166549833,0.9582920432525782,-0.6134583978305319,-4.5305156543502045,-0.7503571576216292
350,train_images/d271d3a2b552.png,17498cc8b58e96cd88d60d5d34ce729385267731c5f98c974d0cda2e41467945,350,4,4,-3.6987587119416916,1.3969948164652741,0.2406283073527984,-1.0058959652845891,3.0670315534082464
355,train_images/034cb07a550f.png,3f00dbfe3bf9f8c3675c7bb6b95fd76fe6032b82e66884a46447353dbb7d72c5,315,4,3,-9.374617233661574,-1.4760405376826942,2.8677344818077994,4.756145479645867,3.226777809890648
360,train_images/0da09e3ce8f1.png,bb9b5b99aa1a632ee30600f86928d1dc80644892f4e598808885b4adbc6dc80e,360,2,2,-7.093653469435397,-2.0208757016744148,4.146417502155176,1.3983735258844974,3.569738143070178
361,train_images/87774aafe068.png,75c6d814ee5a8c017cc0da824a260c8ddf6ff5614c8a84f2fef365a7a23e7a38,361,4,4,-9.704755840866017,0.8932981017152803,2.3610002004013726,2.1437502892691516,4.30670724948027
367,train_images/7a12f49e29df.png,adf90917cf599bb619825752611a4a53aaedb7f9774ba55c4186ad9a700d4b29,367,0,0,5.212743806550772,3.0719615640231765,-0.291840097301191,-4.7126210349064825,-3.280244238366231
368,train_images/ab50123abadb.png,b759ee2f2702c2adbb806e8d786d98d681d9baf9e6dbf1c0fd323ace0b109aed,177,2,2,-8.06304388179543,-1.4438430450978728,5.055458832115918,0.6319014695630933,3.8195266252143503
373,train_images/24f271c87e73.png,5db0a7681a997bd81b9cf7b87da9efd32341bb3c1f5d3888a4cc895d832469c4,373,0,0,6.374521501738889,0.6646205453389222,-0.754792943571428,-4.130560249193362,-2.1537888543129644
378,train_images/80c67efc8101.png,e716306a851be6c34252a751cbe2834a10fdb3e797055f1d898b6f7264768d0b,378,0,0,5.888317532787572,2.3217012203207195,-0.856442015415759,-5.333507833340845,-2.020068904351647
382,train_images/dfea19863428.png,af544022ebcb32e36799d211e548bc091a59ab10f9c5e8a8b40b63ebc0325311,382,0,0,4.778904716716478,-0.8877019514010952,-1.021874311540464,-2.0094876948978806,-0.8598407588769899
389,train_images/ce8d2efd9d4f.png,3d95aa8b4c5c29fe8e1c742fe4ea9f94bfa67446e995f60c6b71506dc304c790,389,0,0,6.042812547188855,0.9740735873354541,-0.19352622251818197,-2.9129158316979673,-3.9104440803081117
394,train_images/77acc2cafee1.png,b64e865450fbfe50a8a3511826533cd4043e96a19959d9a6b0b7c4db17f0eb8b,394,0,0,4.643581644571874,2.2102153467287455,-0.8583957814484704,-3.9553438082184984,-2.0400574016336104
402,train_images/2d558de2cabe.png,35de64831b2e68c5ff78979b5fa45579b34599599d1a2e847e94e85f10141702,402,0,0,7.4399374971391845,0.7603298823090365,-1.8161240728083625,-3.429686227604326,-2.954457079035486
407,train_images/52ae917fcea4.png,bb50a3e5f7db9c953aa73a7bf2281a877c03e4e4f64187e7fefcce3b48b20f82,407,1,1,-7.165311438676761,2.8339988708096864,2.085717881779578,1.9718282447430087,0.27376644134454614
411,train_images/2cef97083e6f.png,19ffbd434bda42488fa60ad12f14f8d260f60e37593c306476c4f49a7328790e,411,2,1,-1.3168262277219795,2.9537999816695146,0.8887110003227167,-2.074676515936039,-0.4510082383341652
413,train_images/f64214bed40e.png,d5157d85ff50bee5988cd60c310718f6959d05ebfb4d5332c3a4a9a68bf51e79,413,3,4,-7.633836942609566,-2.3882960172380923,2.883404964255285,2.78258436390354,4.3561436316889
422,train_images/0024cdab0c1e.png,4e7c3ce57563f1405a8820fd0b71343e1b006293109a364ab4e156ffc92622a1,422,1,1,3.3390653046388077,4.939574684055296,-0.23412797036327038,-6.000633221340472,-2.04387879699031
429,train_images/d7ac4a0c9760.png,3d6b9cc13972bb9f4b3b1bfdf20f8962654f71413a3421341b18a78f1d123d3c,429,0,0,5.532162832243833,2.153110864318076,-0.8358436068335144,-4.966232624824211,-1.8831974649041416
433,train_images/435d900fa7b2.png,99eee87519c0e16e6cfecc3f4b7b7f8f18a0cd2cbad97860492f2d35faa9973b,433,2,3,-11.537749287386085,-0.3980254011968579,4.364195896525678,4.5345142716979,3.037064520359423
439,train_images/eba3acc42197.png,f797b7d2bc34ee8f70bf5b4372d32e30d595549bfb964d3af1ffa265f3d27274,439,1,1,-1.8919912901176317,2.0209307022853573,1.3181701456699304,-2.473728709505626,1.026619151668006
444,train_images/7a06ea127e02.png,11794a6ba3057205328abc88cbf078f992d701ea2d1230ffdfdec6f04af72ed0,444,0,0,5.7422002810875075,2.2497872900845075,-0.6947109638042459,-4.738662349385519,-2.558614257982204
445,train_images/72c31aa48e2c.png,b30f04ddb6e3dc3cd356297048203a6edec8273dc5397ec58d6e0e431c37030e,445,0,0,4.883506150679896,1.761171605844352,-0.8242681930341622,-3.8660747629465497,-1.9543348005434995
451,train_images/5f6db235c04d.png,feb4aa5a5dd35f23d1be36886a9831bd71e692bd19c5003f36d229d6b909e9af,451,0,0,5.2429133095974345,0.5262149838140677,-1.2151712719023626,-2.464912484909533,-2.0890445365995673
456,train_images/de57c9e9fa93.png,c2eb6a76ccbdb44b1105d0ae650a6c72a5e7405f53a978e4973516e0f704f870,456,0,0,4.810426171796664,1.3751136373244743,-0.33877048782046626,-3.704735263106447,-2.142034058194197
459,train_images/5b72ff04333d.png,6bba536659676df6742f0295a98687d816d02a7af7a4192ddbc086d74c9a1ec6,459,1,1,-0.5007133584341016,4.367385332081659,-0.004890817502535283,-2.2165265412690394,-1.6452546148759382
464,train_images/83517eaeccb9.png,239164e7c996faff3fd3d6d7b74a5eb85962a4761e7318c1f62a6eb6d08a182f,464,0,0,4.48876605446969,1.9900466833622632,-0.2690150091676664,-3.028948524802648,-3.1808492038615954
472,train_images/5eb8fb1aad41.png,d09ae6cdb4be2b56a94c809df7265ffc5367714e428d2bb584457b03d58447ee,472,0,0,6.48470676311726,2.30634229771824,-0.8205657862821785,-5.056410948208999,-2.9140723263442823
477,train_images/73ba798fee25.png,dd9d5b969ee982779f2b27811ae2a28244345f34cab2cf6d970c506fbf4ea85f,477,0,0,6.067999777430557,1.4175133388450563,-1.139506487035322,-4.263101652738285,-2.0829049765019625
483,train_images/8f2996b8d855.png,a96a664e66700148cb95d3dde854b364c075bf87c357e7a18b8823b1fe592282,483,1,1,0.4041143293790775,3.6243714797283353,-0.04211266444129724,-3.26423150693366,-0.7221416377324062
485,train_images/0e43c8298fc0.png,97b10f83df405f7534906f862ad0f46aada78bf359663a6134a9749a63d6f2cd,485,0,0,6.500488751163091,0.7717609464673577,-1.3152113281752331,-2.382614781748484,-3.574423587706697
494,train_images/1caba2fb38f6.png,21e7412d15b68729cc3c89614811584ba9809e1bca6ef1564054f57a1484f787,494,0,0,6.059192395691268,1.1077921873963918,0.3273707125005779,-4.5156670852535505,-2.978688210334645
501,train_images/0709652336e2.png,8f95d3bb4fbf324e859dcea6e694be177af4530938d424add3d41e77c31f3e6c,501,0,0,6.638780746859932,-0.7318374820378336,-1.4736516824769959,-2.2924216638799084,-2.140869918465151
505,train_images/36ec36c301c1.png,5ae31f1a7a2499890419d0c6e275368f4c36324686c64e58ff2b7b8319c36f75,505,2,2,-5.422680158271977,1.2025277477158665,3.6628115252924838,-0.46248894999973333,1.0198298352634239
510,train_images/8596a24a14bd.png,0f46e66e860b0614e48fdff26733a746c552f5cf399add99dba199855316def3,510,4,3,-11.954831056581684,0.14701069350076923,2.840490276474907,5.4440010566700385,3.5233290299360194
516,train_images/e7a372a1c3a4.png,faae132ac95715ea52797b975b5162bbeb761559ebad52c0da5ecdd96cfd33df,516,2,1,-3.5028376990917325,3.0545970313768547,1.155517917766862,-0.17412551250104524,-0.5331517375508894
521,train_images/369229040a34.png,210bd4bfb3d75e51ed8e384ea48f61c72608ca8396dd948b356c1e12ee0e6e3e,521,0,0,6.117582359418265,2.219329684476308,-1.0362264317101761,-5.171987059143156,-2.128698553041197
528,train_images/51405d042000.png,7bf8384cbbbe7d41590dfc23f6cd6be8cfc8882dfe47f4fb973e9f112305b9a7,528,2,2,-8.001794369304044,-0.68120397030192,3.5649489966876367,1.5995889007501332,3.5184604421682426
529,train_images/ca9c912ebad7.png,1d6f8f0a41531c1b16c2e635cce2dba61a0e458b39033e604fde843026c7ec17,529,2,4,-4.6438411322651385,-0.7268265570919982,1.1768155521988062,1.6999674832265843,2.4938846539317927
530,train_images/0ada12c0e78f.png,7c9f98c629b196ed7d4844ab85ef18728ca8a4b417264b00ac7995f4a0a54b19,530,4,3,-9.570924834118438,-0.8863126482097997,4.142458920900094,4.376853771620205,1.9379247898080139
537,train_images/821789e9053f.png,53bc863622e03afc1091bb2ac9b64ac67a6155da608a3ec6f982e1dc0dece3dc,537,1,1,0.6861238966339114,1.2699851996390956,0.8757728090894381,-1.5759195862591526,-1.2559623191032485
544,train_images/9b32e8ef0ca0.png,57d8daf10020a08edc358bea7606ff87ee9bb161beb608daa81c9060c1f14dc4,544,2,2,-7.327088371144668,2.381749315980868,2.6727439420202197,0.9058989268200099,1.3666961863236247
549,train_images/598b8f5b3822.png,03373e84b614cc4d0c25770fd9e55514102e114bf001515a67e8ba8f5d5c13fb,549,0,0,6.3459488794275645,0.38751162629118896,-1.5072933051994657,-2.2409381631919834,-2.9852290373272665
550,train_images/e0d229db881a.png,5c3eb20544053d532ad1ae8f96107591311dc047d7c1745e3896e9d2e8e5885c,550,0,0,4.264934466003461,1.284107660387432,-0.22879055445285457,-3.9727442300129505,-1.3475073419250425
555,train_images/4cf4d528c08e.png,d48f3f1826635b3d7a43551c276db83377123d74b77e7f5434ff408540a02308,555,0,0,9.084679830355043,0.9009319617733639,-2.4066115908987378,-2.785528381779794,-4.793471819449832
559,train_images/be197b663520.png,ac88a3bf7478b9c02f3330630a706de0b90d6c29e6ff7ed40a3e281c2c291084,559,0,0,5.268566390494576,0.9237725759700368,-0.718973398540474,-2.6597931452780204,-2.813572422646078
564,train_images/c67117c6ab3b.png,f097351f2f4208da04cde240eef2f4ab7c02e1305b5b2668c53ce3c8b3ae1531,564,3,3,-10.170854305796865,-1.3660475517539181,1.1977440305341007,5.730123299023717,4.609034527993021
570,train_images/76be29bb30b2.png,d295e1a477b8e41bd1aeae97c703df87be2c5c00a89ce3a78696713b737fb59f,570,1,1,1.397645938841962,4.086230665938119,-0.6216096365628445,-3.9341711259900833,-0.9280958422271068
571,train_images/415f2d2bd2a1.png,5fb2de5fd32f967cbbc3f1fee3d778c890e49f39c360081ef36b063034905ab3,571,0,0,8.168381798078409,1.5381621657652627,-1.6072098087810158,-4.937186701792943,-3.1621474532696645
575,train_images/66bfec8d6bcd.png,60a81873069f0844a3ec1b8c45fc467c84b27f57390858c4edb868cd6831aa79,575,0,0,4.360746457591929,2.321551556936455,-0.08910901887341605,-4.0893320262022,-2.5038569694527286
582,train_images/d1cf31577a59.png,9ddbe745f2c444308a6cbfe15e5e2340f9b9ddb17e4e311b6aa96cd260367337,582,0,0,6.989804059918378,1.7279625069558158,-0.6766091321625456,-4.875599421674608,-3.16555801303699
588,train_images/1d674e2e32e0.png,4b6ab1840e6ae14e2e426b44119d7d9c5ee9bacdd0af4121786d2e3f7a7ea5dc,588,1,4,-6.107518465946831,1.8656881798563578,0.850743745175027,1.1294804748781566,2.2616060660373476
593,train_images/fb88783de055.png,d1f0274d6d80d5492338e2f47a17fd14e12f857e6e414b03513dca245371bba5,593,0,0,4.46171497221463,1.9813388832544345,-0.743478105591449,-4.574309127456934,-1.1252666224206378
599,train_images/b71428739d4e.png,54a4ed7e269344fbe95aa90acb01a1aab23723eef25abde2ae57df03364990ec,599,1,0,2.1602605639986323,1.968057188343876,1.5371675940653167,-3.5496998678954492,-2.115785478512329
605,train_images/9122b31414d3.png,881ebd6d9f2b265e40a7aa0a27393699764bb82cbccf20e5be85828a8403a0f9,605,0,0,7.095636469943863,0.8918213236606995,-0.6962031843205052,-5.145808415028165,-2.1454461942558476
606,train_images/07a3be30563b.png,a1099e42adba1f11218b977d2dcf40108b8adf157f88b3307151cc5c04ab686f,606,2,2,-12.94229077226457,-1.4581840091987717,5.851656289272623,5.202931228119253,3.345887264071507
612,train_images/936299166bea.png,ebd6570376af00e57efa4d2dfbf0854d06aa875f6bd6edb8549f08dca258c0ec,612,0,0,7.332364446445989,1.2083062495699881,-1.4202315389991036,-2.8689608663191057,-4.251478290697727
620,train_images/28503940d10b.png,969d7a269e24a0a068bce697266283cff35d6cdce637f11a78edb77fe18d4185,620,0,0,6.537089976238071,1.663369186799633,-0.9573497719004571,-5.639586804322017,-1.60352258681519
623,train_images/46923eea9a4e.png,5fc0607e8a2177b14605db192199e764176b0b3ffb8b1d6e61207a0afcc9bbdb,623,2,2,-9.339089765910863,1.3506518241051573,4.2926364622246025,1.7080079900127247,1.9877934895684408
627,train_images/4c6c5a1bf5ab.png,ef1ad2853f317281e7a6c3d760ff5205813249145fbd0a5ab8e81e98df4d08f4,627,0,0,2.465055727143159,1.0277076671095373,0.718123145343109,-1.5021373101466864,-2.7087492294490807
635,train_images/8a234d68b27e.png,2bc3c9ac97e38382a3aa2945931cd8a34364886ba2be2cf6cd2d53251d524060,635,3,3,-10.553460049206453,-1.6813128482005926,2.6635019710814944,5.883802378063852,3.687468548261747
640,train_images/a8854768549f.png,ce9fc59fd2c87524199454dd706d76d213084279bcd4971bec667ed447214372,640,0,0,7.2966222556096545,-0.9842311924922197,-1.5043109046978727,-1.3277354605478175,-3.4803446978716996
645,train_images/42b93b574f23.png,d2bb0c8be20eb93f4c54fe150284d42ccedfee16ccf0d8cd33a4139bf8e1c2cb,645,2,2,-3.4078677691461152,-0.9753802179802026,2.591236420664714,0.06533070712998379,1.72668085933166
647,train_images/d844a7252f4e.png,fdf42226ad7ee86691ab844a7c2f5a7a40cff1259d2824b396e2c125fed7020e,647,0,1,1.5133737404947354,2.581943450969945,2.2778650739422615,-4.36332701955282,-2.009855245854073
652,train_images/bfaa0080ab61.png,1cafb8e70ff9e5b0c1ad5a6499b5f1f02b2699cd17d347d6b8e9c5c301287fb2,652,2,2,-4.37191361075197,1.168819542452289,1.646441534619856,1.5889079794230885,-0.032255445743204936
656,train_images/0c7e82daf5a0.png,fce068e3b2fea80143b55a4f4253b3bb0ee887d1f84ba67ef2abb48420437e99,656,2,2,-6.346223217069127,0.7853572571609422,2.919106392682596,1.3818437353507516,1.259915831874896
660,train_images/3f98be586fe3.png,b39099eaab7b3c23f593b615693f35a5d424979870e863a7dd727e117ebba8c9,660,0,0,5.073549081828518,1.899723506788276,-1.0370743331124355,-3.539508370307842,-2.3966898851964893
665,train_images/958c1fa044ba.png,364661d8d1e62dcb56f53e72db166c25a484a6c3e481dbddafb9b873be93bccf,665,0,0,5.596500304776133,1.680387320967121,0.3650764047075391,-4.842532012775576,-2.7994320176751737
673,train_images/55eb405ec71e.png,6c7e3df2db27274cfc23a443feede171d0fc88a6d1347c3496eb9c61423c8766,673,4,4,-2.6030268093923468,-1.619155502437915,1.1896611672829172,-0.8021991051320998,3.834720249679494
681,train_images/5bda2ed09e62.png,f42fdc28a12c29a9983866a144942db216bdf497899e60c95f208459b98af655,681,4,4,-4.384650174344638,-1.7613435944314948,0.8714206215277213,2.4391771323996485,2.8353960148488158
686,train_images/501c319f7a9f.png,8907f511178c727a626243f864d8aae6db43971c009b41fb1844a931d89ed9e6,686,0,0,5.111590416045165,-0.20002758046709157,-0.5748648990564433,-2.969091096321933,-1.3676068401996673
692,train_images/b11dcdcbc8c8.png,86e235b8649c307ff6f378360ac28dbefe071e2a7956fd19783bd941e06b8a60,692,0,0,5.628870358906204,2.8717414695996024,-0.613901516030438,-4.501275424224595,-3.385434888250729
699,train_images/882a71de424e.png,d28af9aff3530667b2fcd2d53d33a18974e7c946e9bae86d92f3f7d09b378fe0,699,2,2,-3.251327165208684,1.3558908739771383,1.6072202389618906,-0.1449993459733987,0.4332153982431061
704,train_images/77baa08a1345.png,99bbecc2e026ba99886f58e17d9f32d6e1ee086e48f1a26b69fbde727eab4933,704,2,2,-3.7650906133517825,0.3378686521191314,4.128434392673458,-1.0354574565531924,0.3342450251124121
705,train_images/1006345f70b7.png,99eee87519c0e16e6cfecc3f4b7b7f8f18a0cd2cbad97860492f2d35faa9973b,433,2,3,-11.537749287386085,-0.3980254011968579,4.364195896525678,4.5345142716979,3.037064520359423
710,train_images/3b4a5fcbe5e0.png,7d1d879f980010e0b018cd8cce764ff79f54fc54323912de7e5950899e5a6478,710,4,2,-10.277989440124909,-1.0304714119247769,4.16984025729428,3.6356659099884903,3.5029546847669693
715,train_images/d7ab5c040294.png,ba93e215e0cf7327dd406ac4833a371de21aaeb496fd7e6d71abc243a28445ed,715,0,0,6.856331681369813,0.7199473740664302,-2.345557726107158,-1.698704329270572,-3.5320170000584703
721,train_images/42af7282349b.png,4b184e5d3f57a2d7ea421f7994a2eb27ecd94976edbd8157a7e41b77e0a1d6f0,721,0,0,3.21367319446023,1.7758446961698557,2.4419099120951695,-4.544121187702385,-2.8873066150228093
726,train_images/bdf47b9f10c4.png,26bbbebf6f67fefaa7c05f53da0a0581e9c9dad366c1f7b98b87c906c46a06db,726,0,0,3.742846390770856,1.3296098064755841,-0.26151872311023383,-2.8487919333721514,-1.962145540764014
731,train_images/059bc89df7f4.png,554fa5d81a16b1ccf8241041c2e271c93ad7cf70a9127e969a36d55ddb85e8f5,731,1,1,-11.434821844409903,4.647477495197582,1.2118812989911822,1.0156201781308758,4.55984287209034
737,train_images/e387311a840e.png,fa4b7fcc51fcd44d8b9812fe28436289ad72880a758054f80d1e8c12d8942b8d,737,2,1,-1.6320758423444992,3.8195643905741528,0.3085660563733099,-1.4920655690760454,-1.0039890355268601
742,train_images/eadc57064154.png,f5815e88fae63304be0aff0720784cf8a7858b992e4585292e6c00e1e40da6dc,742,4,3,-1.3217885044084743,-2.9381271934294024,-0.2940797384146947,2.6278065749845148,1.9261888612680877
749,train_images/233d948e2544.png,b66d72a14a58fe88106bf2700daea080ea290ddd1b2588edb91a5f980b71b481,749,0,0,4.221419858966181,2.4819869549127342,-0.859045774194356,-2.8434516799789478,-3.0009093597055694
754,train_images/c2a58b2cfd0b.png,37ac35184a9eb2062bc46d2772b5bbd344331235a8fb09b6bd6b7f6e270479f0,754,0,0,4.6890900338170765,1.3487820968365942,-1.3179804327350595,-2.9799152238253734,-1.7399764740931898
756,train_images/06586082a24d.png,40a5e8858e5acdc785e874549ede3b8f7f3bba80a8cfa0eeea60e20ae00b6b80,756,0,0,6.277695732008984,0.7865741423852421,-2.0907129822398725,-1.933237102929772,-3.0403197892245415
758,train_images/175dd560810a.png,7a275ab3a497881a4fa92bef662c22f1acd481139a4d8fca3f5541b84b78fe16,758,2,3,-5.368802331714378,0.37354991257139547,1.6514028714176017,2.380549218021259,0.963300329704164
761,train_images/6c3745a222da.png,f5815e88fae63304be0aff0720784cf8a7858b992e4585292e6c00e1e40da6dc,742,4,3,-1.3217885044084743,-2.9381271934294024,-0.2940797384146947,2.6278065749845148,1.9261888612680877
767,train_images/878e356c8fc9.png,af5cfee1fb6309801f059dcb77139d5b2a2421f648bd5e3144170a37d3134531,767,0,0,5.870261890346451,1.4264444667840797,-0.06349617179716038,-4.144093507347794,-3.0891166779855364
773,train_images/cab3dfa7962d.png,e690939eef66ecdc312f57ef290d84e73947f0806e585a116da1b3cea468cae7,773,1,2,-3.7659705883609846,1.3745040304035139,1.8031612716796837,0.07618768364399653,0.5121176026338441
775,train_images/44a4d04162cc.png,164e92ff3c51c0afaa02c5b75579bf86b15d5590c5809654ab286e39f00907b5,775,0,0,6.258951533097059,1.534725439873326,-0.7559617096156057,-5.4048593707482455,-1.632855892606488
782,train_images/d994203deb64.png,90d799f53575cb8c72f9eacc3f463fed94e0a1d2b7b687ba8a297324854e6f6c,782,2,2,-8.378680896581166,0.1670100707256842,3.9187444617284433,1.5209383067808953,2.771988057346185
788,train_images/025a169a0bb0.png,d8074b52b95ded42d68fae71f524fb25c24d02bf8969a40894db4a9a6262959e,788,2,0,3.0238661356953087,1.817677297750496,0.19892094179871256,-4.3639759464538095,-0.6764884287906678
793,train_images/04579e31e4be.png,4c084c2556ff2575b472b400b54b82c21cf9fbde6568a0d215a7f7cd8d4753a0,793,0,0,5.390027206851612,1.4083703772199256,-0.385337047321088,-3.6769104311915344,-2.7361501055588784
798,train_images/57f933d3d7c7.png,e6944ac4a6b1d6a0d34bbe498ddd0146b5d672b5fffe563081b8adaa1c174eae,798,2,2,-2.179770316621533,0.30780816654350607,2.8819508981241535,-1.6136176432199418,0.6036288951738709
804,train_images/ec6f1797a25a.png,a0178618641fc9ceec78529a603a7527d9a43a6d9350b63da1019df4d8b1cb89,804,0,0,6.481376472188203,1.947474155275208,-1.2171320685996054,-3.868220336950057,-3.343498221913708
806,train_images/d2ffe9287dc7.png,adc6c8d8c1c87a456a5e4407f48cf189ca50d0d55e8b16d32ef544d68a9d3f86,806,3,3,-12.112537294068495,-2.7511951606919784,4.505712769904034,6.430369546252682,3.9276501386038074
813,train_images/cf6551521a35.png,9712c527315f8b295cd66c57a747fc912ebb8c5d5d6a1abce95de81853df2de3,813,0,0,3.9786208433200496,-0.2161123640395325,-0.9429052724202065,-1.6039679276353438,-1.2156352792249256
814,train_images/fd48cf452e9d.png,b146157bd2ccdcbdb9c425897bdd9e3e207902cb0bf57a0b5be64ae7671705b8,814,2,2,-7.9367306771990105,1.0829028089394384,5.1294219850721845,-0.07034006485574928,1.7947459480432029
822,train_images/a664d2055886.png,8ac13335e731d99caa67e51219dbe26077e1fcf769dc09a233145243783e9fa5,822,2,3,-10.289867062610488,-0.015226339438675796,3.867098982893202,4.330762551914275,2.107231867241749
828,train_images/1ca35d483772.png,2e0086fbdda027b3c595f2cfab4f6f457f00c3f1c39b2f61f479b899e5c1da6f,828,0,0,5.034481208461711,0.9671454574978028,-0.8388044615980794,-3.622145241459104,-1.5406769629022907
834,train_images/1c3a6b4449e9.png,e61ca49f98d32f234a000d7654891a521ee2ab11aa9d8b6686ffaf07a1f4a142,834,1,1,0.9697287706118957,3.847722443638246,0.17426993165376503,-5.0480097130233155,0.056288567119456734
837,train_images/99c626e58464.png,59108f324bda498d76f874f279c1736e4d24e0d163f7a482e734d1ee2ddfa369,837,0,0,3.964136335206902,-0.34235918498721973,-0.7393411045979927,-0.6958090929635661,-2.186626952658083
846,train_images/5d74f98d62be.png,18a2b860eab5f34da880313a8d4fea101e332eba2c1a4bf28468c4ab7555388f,846,4,2,-7.293562794121454,-0.27171787458226737,2.749313231160923,2.2481696431853253,2.567797794357529
853,train_images/cc671a73e1cb.png,455ddbb4b5db8821d7b443cd5d0f825ca2ae9acd67f3c010fac86ae0c6e1332a,853,0,0,5.260063113589871,0.13843920322351655,0.2691910266763885,-4.644422803625821,-1.0232705398639164
855,train_images/14c3b41d289c.png,dc81e803bf51c8587a50a5c679c981a6b26de4389559c00927c8d4b4dbcdde09,855,0,0,1.897707644769282,0.9952104551041181,0.6156034873297751,-2.5834805459692287,-0.9250410412338907
864,train_images/43823561c3f0.png,d457d01134f3f4acb1ae2c5acd95b6d6b9e9b148e7abeddee5a5787767edf8de,864,0,0,7.354464293098737,-0.584839125216514,-0.9149231443288797,-2.7457966269862104,-3.108905396567086
868,train_images/6089fa333013.png,9684c16349800d93fdbca1f171a67f8591bbca9be3c19e86a7baa668fc7bb28b,868,3,3,-5.3352564322373945,-1.5417144313278306,2.3820075686369684,2.7656644303640254,1.7292988645642975
873,train_images/3d2ecffe0386.png,50deb86f2a36ca1f1e74c374a804d36f50852cdae4a99b9a88b8efb51ba7671f,873,0,0,5.760159056608791,1.345080706575365,-1.419826396076542,-1.9933637842809442,-3.692049582826625
876,train_images/28f98cfe3858.png,53084a09d38e3c6e7cf21e88dc3b022706e48ab1716627091e8ba135b59a3822,876,1,1,-3.680890424793692,3.38533470998885,3.2101289050328585,-2.575566575424306,-0.33900661480364824
880,train_images/a00b4cb250a7.png,193f5e8368d432737f172de26434a55afaec359542aac924fa7e1e58e30d964d,880,1,1,0.6336384500465907,3.8448954170160072,0.31610245689650013,-3.3203068989106184,-1.4743294250484293
884,train_images/6cee2e148520.png,e6e80a3cd3f760dabdcdcd5b99ead684e309aa0e33499c6b09755c56de327554,884,0,0,5.039180083982932,0.060185252398032074,-0.05869046094316044,-3.6205699563390903,-1.4201049190986534
890,train_images/e5d56f4f359b.png,d2f07717b48a5e6fc51a5793ddaa4c80d6d4c4714e98c8fc8a5b52f94d521a64,890,2,2,-10.871047908274132,-0.2515757675673548,5.139552906423651,2.4568692855113845,3.5262014839065206
891,train_images/1c5ad36fb799.png,b2365d5007cc9a1e9bbd88cf3658ff34a93ea8448cd2f66dd4216bb0845f2875,891,2,4,-4.435767883305836,-0.8990833746376935,2.5665577181219215,-0.7960908009627401,3.5643843407843936
893,train_images/d85ea1220a03.png,aa6bcb0a2b27e2cb806eee7a39cd3de3a9af1ab8890b122547f3156fb2885708,271,4,4,-5.818150072958139,-2.7397790408931577,0.5554688469017516,3.1458348398416502,4.856625427107941
898,train_images/780f9c237c56.png,b742063597a5065537944b0aa5f4a2c1a2bf059af0bfc878d44068bb375fa3b1,898,0,0,5.708976871523269,1.8683413335965207,-1.187591449695374,-4.222092292025741,-2.1676344633986195
903,train_images/437cbec4a3f8.png,bb78ebf0878129250d32f70d2324c25db0afed21cdc7491f6f1f097880031686,903,2,2,-8.556495063469441,2.945667755308817,4.138104817966616,0.4106222818330647,1.0621002083610083
907,train_images/784d6d302f98.png,a92e00460532a6f4bdaad6e5d8056ce4e8d90ef5a7b45895ef252f82e6402ba0,907,0,0,6.145054642807108,0.5890075624561211,-1.6397981248584197,-2.667438369971739,-2.4268257104330253
916,train_images/0cecc2864b7f.png,c8d1b2e3a53f8aeef2687055714c2599c0ab5a46507c4218a2bd485e7f239486,916,0,0,2.6677993831716242,1.0427876315184168,0.9366245742154029,-2.652686870965147,-1.99452471794024
919,train_images/2f143453bb71.png,f036313889b85bd728338e4fdfd4d3ce2314185ddafa5f3bf4a27c181f96d7a4,919,0,0,5.677702581855939,1.594778322383191,-0.9557183229525936,-3.580038301103718,-2.736724280182768
922,train_images/a1822dd8d05d.png,fc71ec9902743c9b5a2c69191da456faf595832fcfea9b70ef9e55e6bf3f52ec,922,0,0,5.835112942455665,1.434071728785176,-1.4041998563241835,-4.486293508101379,-1.3786913068152375
928,train_images/ee74c3b177e0.png,85d6d5ecf4566564bbac89092cd0280a3cd481a6ef32b3237e59c7f44801422a,928,2,3,-8.239586765293947,0.40298345498993926,2.0698719078646883,3.201191288205078,2.565540114234297
933,train_images/6dc07f968794.png,316332d3c4af59367b43de8bbb43ab666d25bbbb55168708e783c251517b7357,933,0,0,4.443547463484146,1.7071194916438222,-0.9365401375393112,-3.125248135896782,-2.0888786816918388
934,train_images/549381330191.png,fdad2ad2867e2a39801872edefb9cd6ccdaa62e673aa24d6373c679d2bd4919c,934,0,0,5.1272529604501225,1.2410218367410688,-0.9101615727602363,-4.242852876673472,-1.2152603477574437
941,train_images/0551676cc2aa.png,2093d82b7df10e69cff908bc84c628ddc1c3db1eee889ff57af0eb89b00c9ecf,941,0,0,6.813895573414896,1.8504279596448114,1.4077690093586457,-6.130257797820465,-3.9418347445978332
948,train_images/7526c59c36d3.png,c4ba84895d8235406e1bad51fe11f90523d492ba9a5e746e9dbd33f4dd20b6c0,948,0,0,5.807204320733575,1.3081684965123446,-0.6848232615104928,-4.572252136146317,-1.8582974195890696
953,train_images/ff631653374e.png,b30741057737bd526d29603e7ec0ba025493411f9dc5fb1d3c97cbd26e871ebd,953,0,0,4.325622272224708,1.810413213731636,0.005136317243713995,-4.024262564913971,-2.1169092382860515
960,train_images/3ca12e02dd4e.png,aaa2b3ca2e809e8bb5b0ce9d652acb896498ad3d52c6d964050b09238f58882b,960,0,0,5.660879094123304,1.3767619645417366,-0.5396176292570893,-4.088935990690276,-2.4090874387176315
962,train_images/a47432cd41e7.png,62472eaa23964a3848246252c4b34601341e28fd16c97a2761c106cf88522a6c,962,1,1,-1.3033863916918795,4.503899274525462,2.023216924765894,-3.6250376965698727,-1.59869211102956
970,train_images/36b5b3c9fb32.png,1ff10f5470cce5fd72d2b7191387f2ecf9c579663c759f00ab6e354417cb82fa,970,3,3,-9.361013529893706,-2.7998458529729215,2.5337321930140213,6.199015613701925,3.4281115761507364
975,train_images/10f10fd30718.png,6a51b57563b31ae4b06a9634d5d8829e8cb1df52dc1a8d3cc67021ff038eb888,975,0,0,6.7292555379891725,0.27370291569222427,0.019816732157978856,-4.348252843945535,-2.6745223418938013
980,train_images/b6bfe9db60e5.png,39526c967e24444086db5e684d94d7ad8015392f4182eecc1d3c0da2a66d274f,980,3,3,-8.40925805695482,-0.6758615306467742,2.0307519464028445,4.97184330357562,2.0825243376231874
987,train_images/fdbc252813b1.png,6dbe62d1ee6a805a54e6e4a84214e22d8730e8596fd8089e9098e3484f0f0250,987,0,0,6.799603693537347,0.4442778579136137,-1.0966366565799772,-2.2435552459327424,-3.9036896489382125
993,train_images/44878f34e31f.png,0fe0be0e0a547efc2ea281bad5740d36a24afc673e24bf103a6fa5619b16a1ea,993,0,0,5.646427982429029,2.0171344823651833,-0.5619331481911383,-4.599172045529295,-2.5024572710737334
996,train_images/e811f39a1243.png,501faea37ed633ac368ce5d8369c96d6578f9ca62d395364ceabd1b3034d9d07,996,2,3,-5.197302284587475,-1.1477182692927164,1.5430222399959765,3.407035435805553,1.3949628780787058
998,train_images/c0e509786f7f.png,014548e090df9d1d91b4f01d9f9dc41981741dd319047fabcf785f01d71504a1,220,4,3,-9.471955396528072,-2.243730737481167,3.581650432173027,5.096576077211913,3.037459624624354
999,train_images/b762c29cf2f3.png,79b7753714597707e033d9245b897ce5d805a3631f590f70421d78d4176c5df1,999,2,1,-4.469120890132486,3.6472536715619173,1.8811992988984054,-1.3769367647333457,0.3176046844055616
1005,train_images/2c77bf969079.png,0f1f28108271c1c78e7ec2af3e1544b5cbf4979b3db1dd93a591872936e67965,1005,0,0,5.965729798341518,0.29633930311741064,0.7885848340090353,-5.869989997308957,-1.1806639381589639
1010,train_images/66375b3c64db.png,245cd1455af67f12b4a95cf10d21dd728b4756466f1caab9edf35cd651aa2c98,1010,4,2,-8.558423567832474,0.7115545683940261,3.409991486945419,3.20593535623607,1.2309421562570073
1015,train_images/6f4e0538d1e4.png,df7f44c4953df8aef9b14414e1398fdf33c49309f20a75c0658d6964a551f36c,1015,2,1,-5.071415634222445,2.809544341625526,2.0727433499392722,-0.6259662100146023,0.8150941526723028
1020,train_images/6cdd0f985270.png,545badcd89dd102ce071f396f91c162a3c0a8feb70a35a6561164a759beeb4d9,1020,1,2,-5.548949463265792,0.8131655070326412,2.463247986235758,1.7954721114674534,0.47706385852998806
1028,train_images/8e6df9eedcd8.png,5248c530abf5af7c2b30bd7e5de4ceda3f6e15fb61f0888db70c0c272d3e9768,1028,0,0,6.679736871755903,-0.5681303224634017,0.028581921296198187,-4.708949023150148,-1.4312394474384948
1035,train_images/6efa36d59ada.png,853f1e9df08f42c27a05a061f7f6d37076661f0bfc9e88fbf8ae79d0b3390de6,1035,3,2,-3.6183041603419306,1.0263988559835975,1.2321889135087498,0.6884730131157857,0.6712433777338493
1038,train_images/ca25745942b0.png,bde489d1aa35a7c439bff6afd4ef5b0fc8cf12a30e576385ac3637ac9fff6d6a,1038,1,1,0.7688835213657264,4.099852419888124,0.1101752858752092,-2.931048652559597,-2.047862574569413
1044,train_images/5cab3ef4b31c.png,cae2f990107df8a8c49b4cdbfc844f45ed270f7846e11113a45f1ab5d52fb750,1044,1,1,-6.093307831409331,2.699915251785794,1.514329470090679,0.820074156089518,1.0589889534433987
1046,train_images/d774692d9919.png,a81b5c079a9d08cdb49be1ce1e962e6c2cd58d732ceb428fdebd689d0584080b,1046,0,0,5.583515621691588,1.054260408940385,-0.7347552670044117,-3.1832355373152152,-2.719785226312316
1049,train_images/bb783d8e496f.png,4b347e5cfdf99888901625ed6bf4b597f68eaa27639c2e7c894a818b372a71d7,1049,1,1,-6.781712302343244,3.3574279452903406,2.5797366327207474,0.4611859511610066,0.3833617731711951
1051,train_images/537e50fdf22e.png,8324720c43eb9608ffb729aabd9d7f85461430ac40d30188e85cadf425299cd5,1051,3,3,-9.939734972291006,-2.847951133543967,2.3708154286880205,7.292878762393056,3.123991914753942
1052,train_images/959dc602febc.png,6a7d1411ca477ae49334f02d59376887d8c55f811463936b63fe2f4816646976,1052,2,4,-9.07523576687774,-1.7302163892191071,3.1394933537242933,3.608412860898584,4.057545941474009
1057,train_images/7a42443ed106.png,8aa1fd9fa55e3074a16afa94889c3b0b3c259496f4250b188009c638ca8482f1,1057,0,0,4.1610724748340955,1.2492524471437607,-0.17290660077411935,-3.7137248102101283,-1.523693510993576
1063,train_images/55fd453001cc.png,b8bc353283ba0387fdb9f80402076e0a25b7c1446f01f5ed7e3678ae10d9ab49,1063,2,1,-3.096193251620708,2.0405606582957727,1.1272145486584844,-1.1236607797648879,1.0520788244313897
1064,train_images/a88f68b0b114.png,27243104b004af81a507cd155b1e1acccc193fc34ffe8e5a3298a7bc1cd3ae51,1064,2,2,-4.630031369743712,-0.2282404476699037,3.1516979365571807,0.6285092036250559,1.0780646772314304
1072,train_images/5b76117c4bcb.png,c87eeeea3392ba1c66ff3df64cce02b2c05616d6591ed179f1ee7fdb362ad6c4,1072,4,4,-7.852085703730396,0.7769055310236593,1.951616905853395,1.2280615208307502,3.8955017460226626
1083,train_images/a14fcf84bfe1.png,8371ca7b678381deaf1ee7eec8542430290e508ba7ff882813198451b06f3759,1083,3,3,-11.101092385478244,-1.9153241252094388,3.953929068509254,4.8084014650241125,4.2540859771543635
1088,train_images/8660e1864665.png,1d8b250995519e38f09ce6594db3167c03e8b8e4086c61b2f5bc4cf4c48ab6e2,1088,0,0,6.214709659505902,1.7497755076426973,-0.847573128563957,-3.6687101682204535,-3.4482018703641533
1094,train_images/252305189b3a.png,04c2d9b6e49414fa3d1ffd1fe9dd6fc91134d4b5c97918baf5bdfc9bfaf76b60,1094,0,0,5.429305112795214,1.936323255576595,-0.7377497815798388,-4.553628587854393,-2.0742499989375367
1098,train_images/acf976efd7ce.png,489a6f2ccf80b64b9a3e2ed417f8026e2ff1c2294ff62a11f8d1c73012df7ca6,1098,0,0,7.712857125027523,1.782643669287281,-1.3961353626412245,-4.918455579947668,-3.1809098517258714
1101,train_images/d4bc001f7224.png,7a8e1b03bdd26567823bb87bed85dc3856de934f3af1ab66e6f6f655a1f0dbd6,1101,0,0,6.39181687311368,0.7941796097484946,-1.903790544257369,-2.3835904194467545,-2.8986155191580125
1109,train_images/b8ebedd382de.png,62472eaa23964a3848246252c4b34601341e28fd16c97a2761c106cf88522a6c,962,1,1,-1.3033863916918795,4.503899274525462,2.023216924765894,-3.6250376965698727,-1.59869211102956
1110,train_images/e38f3a65b02b.png,f4156c29e7a14bb423d692c43d1eb4c45c5116be94668a84d1904da8a6340bab,1110,1,2,-5.340980247499148,0.2530718285814626,2.0499127487246414,1.4036746393391615,1.6343210308539358
1116,train_images/7d3835e4e63a.png,17d66a04cdbdaf5899b62b584a504a1e106826b011147f185f09528cc5f42a24,1116,3,2,-4.2329993053726644,-0.7144781966104591,2.520223177747188,1.1565841945274784,1.2706701297085092
1120,train_images/63c3c571b8ee.png,4e8caed4c5f83d972e8b39a0c1ca8787a49cb1babb3a78e5c4ad07e0ced0a423,1120,2,2,-8.754060307730114,0.18706191369316427,3.844541119427486,2.6964704730832247,2.025986801526295
1126,train_images/5814cbd2e9bf.png,4aad751040f0fb0ba41b1a9f6c9f854c691c3a9bd6a8264cce41291a712d19f7,1126,0,0,5.610035251746368,1.6076207751465739,-0.01365892166945104,-3.9677794491325304,-3.23621765609093
1131,train_images/41ab357d103f.png,5b28cb837b5d3265f18aa9b7305789b6d7815491d894aafc7bd94bb75b464f48,1131,0,0,7.8993915370856564,1.5439538821755607,-2.5236282628095115,-2.9273533705912174,-3.9923637858604417
1135,train_images/00cc2b75cddd.png,5cb035364c1425792280d7cf0a574d45f146933e5206d11a14b9d81866216788,1135,0,0,4.311408671723689,2.371234555710876,-0.4940530856066092,-3.5992373330193983,-2.5893528088085125
1140,train_images/b9fe7da14a32.png,9ca4b9486c1144f34e5eaafb3676d9e70795d4835d65e168888b8f6d1d525843,1140,0,0,5.251519341730526,2.394773464770425,-1.1068228079548177,-3.386485548572418,-3.152984449973665
1145,train_images/3c53198519f7.png,176149b4ad4e93374a8c914895a12aec5180b6e0b58328127a8ae92d22047892,1145,2,2,-5.436229607158627,0.3922303021426111,3.829077861441519,0.002816344089506151,1.2121050994850404
1150,train_images/b1f4122fd36a.png,468a500e40ff12e80e856c6e1b6eb141ac30cedae404eb41c1addb4562bee739,1150,2,4,-4.864444762914347,0.7292385610110709,0.31685492802601123,1.153961324492139,2.6643899493851864
1155,train_images/5a93c0f783c4.png,1a6e353a3acb5ca479b9e83422b4f60b0ea1a71825d86a0e3dc0951048b698e9,1155,0,0,5.00112570035466,0.9197323466309493,-1.565371955127144,-2.4564828697081866,-1.8990032221502227
1159,train_images/b4b04d81acbb.png,f58cbb0fe9d361ffab6a7a34fb9442a813e79dea64a43c54039350faf71ac7f3,1159,0,0,5.266523145204725,2.0824753536881606,-1.0572602839318843,-3.483043345333127,-2.8086948696278395
1166,train_images/e6a58edc5b42.png,a667e48d1a8748ad793b42047c391f03f8ac627609155ab3d25335ebaf5f6def,1166,2,2,-2.1533694027780235,1.7721494556755806,2.2519353008096026,-2.364074278866728,0.4933589251596036
1171,train_images/c81c6911f5e0.png,377a2582ee392b6e591fe90b7f1881c43cccd6f3a78bde15ce66ab9b3c8f6a34,1171,0,0,4.667110621073374,-0.22524656357221928,-0.7575849706315698,-3.2265416477840017,-0.4577374390855434
1178,train_images/9f37c98b8187.png,bcb9941f920ec7d8885f268bc0a90a04c03b89e083ac8eeb973b65be6eb35e41,1178,3,3,-8.374373790995499,-1.3553943773444064,2.1839001057436382,3.854210932391905,3.6916571302044145
1183,train_images/bc8c6a778cde.png,580e9006b762d775219df1002c90d827f0b4d922986b7bd239a585033cf0d1af,1183,0,0,6.143013722840774,0.13636020084006495,-1.443779487475543,-1.5911740009794713,-3.244420435225791
1188,train_images/97bf61736b86.png,7edd37e7da64ff0d9a877a8ebf2495c08bf18b4ad38bc5feec88971d5ec33315,1188,2,2,-5.764664978096149,0.35737195393010757,3.0659618334854715,0.6459510641831663,1.6953801264974455
1189,train_images/906d02fb822d.png,c97335909a9b779764d450b413722ff94edee078b5926fa868a5bd75d866827b,1189,0,1,0.24727533887024977,1.9294177360806009,0.9020615375430509,-1.4323059753490195,-1.6464486371448053
1197,train_images/00cb6555d108.png,bde489d1aa35a7c439bff6afd4ef5b0fc8cf12a30e576385ac3637ac9fff6d6a,1038,1,1,0.7688835213657264,4.099852419888124,0.1101752858752092,-2.931048652559597,-2.047862574569413
1199,train_images/94076a9fb9b5.png,52681463744eabd952e19823c6896028da7dace2dea416fde32f8b81fd0fa54f,1199,0,0,4.609349703442102,2.2753899422102393,0.03978136542011579,-4.420152114941774,-2.5043688961306363
1205,train_images/65cf00be6fb4.png,a7335bfabc9c0f73b0c9ac338d441e43898d45c39b6930c1f5dba8bacea7edf9,1205,0,0,5.928927170193774,0.3255928646857712,-1.9758279961449638,-1.0385959057911198,-3.240096132943423
1208,train_images/9b0eb9f41da4.png,1325ab16a9e88dc788c77552e43931fd36ff0257f8b1be9b7e9af7016cee39f7,1208,2,3,-12.441807233510167,-0.051124677986675415,4.922901110288668,6.499812704412734,1.0702180967955106
1211,train_images/4c5ab774a381.png,03e9962039a8d8c9a1ca20f75eea0042adc31ca19c8d47744e5ce39a052af5b5,1211,0,0,6.976431469819579,0.6798131587553726,-2.096524112509438,-2.7849079277894004,-2.774812588276076
1214,train_images/a87f53bc984a.png,9755f8ca00379f84a6cc66f1e99edb48522395082291019d0e990bd6f26dfffe,1214,2,2,-5.458380597020869,1.1252378192037609,4.649808960202635,-1.546965642668391,1.2302994602829058
1217,train_images/a86128b601a7.png,60af7fef5d0b3bacb78eb816193e706536db9546cd8230f20ea8a8e76f7f7ce0,1217,0,0,7.238717435758705,1.853819273352353,-1.0072513723542171,-4.236326053792129,-3.848959282964673
1223,train_images/1f4bf8e28b41.png,91d4db6991c8c3ed53feabc2175682f7f879883a3ab32929f6dd037a31301d76,1223,2,1,-7.217320787487913,2.167101625424562,1.6694872062353432,1.7090848978513595,1.6716470579766929
1229,train_images/ababe19ed448.png,2bc327e38d950fad243927d304ea62795478d069ead52a11cf5e5c693e42958e,1229,1,1,-5.380089489062834,4.167920320032357,1.323957209587601,-1.604627466400668,1.4928394258435813
1233,train_images/941d874c8afb.png,daac9365906e5786ac51817052625f36d684d0c60edc572d1740a8c78b67ef39,1233,0,0,4.502194385677115,2.0912268215194296,-0.3577911219110068,-5.77222331387483,-0.4634067714106737
1237,train_images/69b3a00927fc.png,ca92f2fa85e475e5f200deba85c875cc93989b2182debe28d7928694b63865dc,1237,0,0,4.958116234508135,2.344215472948166,-0.9149032290183632,-4.654192546011523,-1.7332359324263806
1242,train_images/f0c13be90519.png,f800e705ff8fde6e1fde2c1a60ba4a706b6a6728766db9163c6eb95b0c3ef052,1242,1,1,-3.1981250194499427,4.023425354649355,-0.008285508921646256,-0.6549642558561133,-0.16205057042160417
1250,train_images/a6731dd737af.png,98908df1c636ee9dfb42a624ce43d7cd3dbe52aa1a77c73133039edaae446c6a,1250,0,0,6.130446177398268,1.3855356446117892,-0.9835189035162324,-3.775101262793215,-2.7573616557005707
1254,train_images/ef8109305128.png,02a404c076213c35bb304e7581c70f1b043764d231c6f34dba9ce2211c4041ae,1254,1,1,-4.626307474591505,2.991479319777626,1.7230099179915517,1.1326438206559375,-1.220825583833544
1259,train_images/a8a6588c8eb7.png,3955d3038477fd15c6a22a83340ac0d65a21bac00b1ffefef335bad46f2889b6,1259,0,0,6.8480827141877025,0.5285250735712056,-2.3886137812910846,-1.316191397662636,-3.6718026088051436
1266,train_images/b6d9974443ce.png,1d8eae919d112b0f0960c77a8648e5c9315ca372c5a5ad401cce20a3a25b20b3,1266,0,0,5.1741482726728245,-0.9504156692041966,-1.5808973417183083,-1.0382560868559434,-1.604579174894333
1273,train_images/2ba0b0d9bda2.png,ebe898cb933aa4442640aa161cb00e12006ccddacaeba3074c04e8c2f7ad9d78,1273,2,3,-8.885713408714548,0.5196232853828131,3.926578320701249,3.991996932777586,0.44751486985296424
1274,train_images/070d4ce5fd90.png,a252fc9e5214ce59e337b24a40c2f98d94268668a0d21a0241df03c09d9d0343,1274,0,0,5.691948425698304,1.0895537517596798,-1.354984686790295,-2.4930914510366566,-2.93342603963099
1282,train_images/a790a3b36390.png,29a2d7917706540a7fe71cbf532a3dd87975ff30636616e8414cbae09dcccc81,1282,2,4,-5.956001951061856,1.4996785719641408,2.1588765804020693,-0.7789363173295896,3.0763831160252826
1287,train_images/b50b30aa6e6c.png,5be08103670fffd106198148dec4859bd0747e609afad0da41e858af17732ee7,1287,1,2,-1.44096633624747,1.9276589233724233,2.806966597626716,-4.1717844452041035,0.8781252604524761
1292,train_images/5fcff7280019.png,c04d015ce6efeffb2ff8bd2a0d6c4e1ca6729f3b50171cb1332562797bc282d0,1292,0,0,5.811144977043644,1.7510915705738626,-1.8399527318645081,-3.3173764637553855,-2.4049073519975623
1298,train_images/35beb47fe159.png,8335bc95b108bc9281f34302c34b75895dfab1d5e0e8b6ea0fd10677a90516e0,1298,0,0,5.699205325235982,0.6439164125089919,0.5405694053425216,-4.320591088973489,-2.5631000541139635
1302,train_images/f7e9fa75c7c1.png,66b30159144ca3b3db21c286fddd13abe08d2dae4716469c7977f9bdff200107,1302,0,0,5.955718095002894,2.149856206715685,-0.5329219114123893,-5.288135638860627,-2.284516751445519
1308,train_images/8564b7aa3c1a.png,3dd241325a0f466e01ed545526d4f6dd7a42092e8dadde51f99a06e70395810c,1308,0,0,5.617855763512935,2.20575525267182,-0.8908546459155793,-3.6879268822091174,-3.244829488060012
1310,train_images/43ddd0ab0cc4.png,30cd4c451b5f65d4bac6528a2eaa0bb62bdd34587ddb664171a754a8bbab3bc9,1310,2,2,-6.876486894665917,2.142813127836426,4.029106376028041,1.1062223942169578,-0.401655003415457
1316,train_images/fcc32dffd24d.png,7c560e4352da43edd3700852d8d0f7f3e6753779edbf357a9124b8702ea498cf,1316,0,0,6.923320986404075,0.525934783609638,-1.3753702176299718,-4.484107927556566,-1.58977762482712
1322,train_images/37c4dfe03aba.png,4b978630567ba0a06edf803ab37a5e0ce1da5f275e5e5aef8f026cc110779cc8,1322,4,3,-9.113491164650661,-0.3738402705255103,2.7661136031601203,4.281953885739518,2.4392639462765833
1328,train_images/9041eb43456e.png,dc12c710d492b7182b0bcec8fbad931be409e1832a9fecf628cbbd4817a3b75a,1328,2,4,-9.976387003812428,-2.415393651876099,3.6895591506505525,4.134009707744323,4.568211797293684
1334,train_images/b7bd4a6627b6.png,d113f8cab449b092ed1a47cd832699bf0b64069597cc9c327459e4ede9349a29,1334,0,0,6.267105048883052,2.0146184205164985,-0.027490674902424184,-5.684348053574894,-2.5698847409221894
1339,train_images/4a5a6efc0bef.png,0cc175fc2e69b6781270595f6b0278984ef5085350ad45cabb6e1cc327981270,1339,0,0,4.973046915046317,1.6186816795074996,-0.8088402400392518,-3.3041749775041325,-2.4787133770103855
1345,train_images/65f69234c8a7.png,2006c40a8335345e4f7fd2039175ed6c937652a0de7464643a7fd63fdcec2d08,1345,0,0,5.750723879280119,1.236037098806302,-1.6829357792089656,-2.925999557463644,-2.377825641413774
1349,train_images/6b91e99c9408.png,d30574bba09ba36ee383af6bc66f433c118b18d38c32c5f101e4e1806e87a53c,1349,0,0,8.193396590759026,-0.8890893459063681,-2.939607389467919,-1.3292477859583374,-3.035452069426362
1354,train_images/e2265c383348.png,735270e001a0a27294c2da4d85371a301e41ca5115e13f12f554011ac02a7977,1354,0,0,7.930286262563512,1.4305740693906905,-2.649184505466434,-3.0821665840161687,-3.629509242471567
1359,train_images/b3d12069e1c5.png,7449fb06a76649f9761fad556506c3f45ae9863841d8be6f940e2dcc466b927d,1359,2,2,-5.197326412820375,-0.9717937822427977,3.7914500194534924,1.5045164081701399,0.873153767439599
1367,train_images/bacfb1029f6b.png,49496258c2673cdcb7123f16954ebed4c67f461db2032824e11e8d637a66f73b,1367,1,2,-6.1369737030848555,1.351074400765791,4.148061707981117,1.607785237839238,-0.969947643501224
1368,train_images/aa4407aab872.png,44a2a3b8a90a3585f925f7c090609d34a81c42af4789a7919f042309c7f791e8,1368,0,0,4.5546136402035025,0.8379182870938775,-0.3755805533676366,-2.928947162316896,-2.0880042116128132
1371,train_images/67f5d89da548.png,4b17c2ecfef7cd06a30e0c88ad06290e882b07d0c85c665e6fdbab16ba660d1a,1371,1,2,-3.992908082772392,0.9533601790014263,1.4796025693765582,0.9678659479815173,0.5920793864129479
1381,train_images/fbcbc81cf9be.png,7688ee8632d0526c8f747222f565280a477f01cc5ba499eee3f19877b23540a3,1381,0,0,4.242304215559666,1.0510463558014147,-0.8624584451516166,-3.048810794535086,-1.3820813316743494
1383,train_images/3796af4d987a.png,5fbb8e6c674727705fa804e3b2027b06e716c06e728217b60ff4911c591f7fa0,1383,4,4,-2.2165641758180508,-0.22102624756904354,0.6840393167456639,-0.8848513656738081,2.638402472315285
1388,train_images/f252046c0fe6.png,87ab6942de3bbaf42e7e005ead8ccb1e9aac4d19dd37293bb1533ffcd270a1f8,1388,0,0,3.956012076752006,0.2690361919905242,-0.017054437256772248,-3.5537521077136534,-0.6542417237720779
1392,train_images/d4583e9525dc.png,9913447817d1e6f4d76fbe81fa345e2d46f79a85b3be78ea179f3982aa537d6d,1392,0,0,6.699054927421587,-0.07279576159528,-2.3421189630044053,-3.3098842228224683,-0.9742559799993942
1400,train_images/4f7755e74a9e.png,55604dc3edb5b7e7fafe3cc0ac4ecff2cc85aa858f6336807f4c6ad5fb3226a7,1400,1,1,-5.407157756874,3.4931920057081713,1.783867165456155,-0.9780653001438395,1.1081638858535665
1409,train_images/71f6a6e4620a.png,c4f545e6cea63bdb0619043f5f5cf614090625a386dc8b9ff66c254ab3b49368,1409,1,3,-5.25027271976321,0.9625506482596211,0.6140299684342786,2.993455109930464,0.6802369931389007
1415,train_images/bf7047dc683c.png,26060e0d0d10960b28dabe090b1dc997a1d45bf2c47c64615b2ca30575c2fd43,1415,2,3,-6.672812540422356,1.553662795104921,2.8351271965150104,2.852332757033645,-0.5683102082311606
1420,train_images/242fc19be06f.png,71ab062d375642c8777c4a4f5cc064da7f1233155f2d8aaf1f51261d51387864,1420,0,0,5.577737368163374,1.2716938470940211,-0.5458107516214017,-3.7523626266172663,-2.5512578370186847
1426,train_images/99e8bf998285.png,f63763bbc0cea0a35bd52a7831ed8df599bf9858c8b857c2948e42e27680fd17,1426,2,2,-4.2711081955282735,1.8663075604678458,3.861672595220792,-2.1220420463311815,0.6651700861708751
1435,train_images/b0acd3593310.png,86487ded7c46d829fe000f64fdbc6b1820415deeff1e9dc3f505c8626aabfbc1,1435,0,0,4.376488188231162,1.6167022809724805,-0.29166125204697146,-3.575545897013437,-2.1259833201431775
1438,train_images/91b6ebaa3678.png,e7dc7d1cb41b01fc6784700a42e961176a2ca8b95d6d011ccc85728232ff0678,1438,3,3,-13.066950517540167,-2.5228413219480226,5.660695603046967,6.405827141622132,3.523269094819139
1445,train_images/4246ed634f25.png,27245fc87a66e9a594e5f9a6c1359b12d2c51253353ad08363e9363c8cc797f5,1445,2,1,-6.5409825338606105,3.5778326340623074,2.871172716262657,-0.8735638724024739,0.9655410559381559
1447,train_images/115e42dd6a81.png,20a5f6458317cae1836e7f68c296e1fbbcc4f3c6ea797d3a9a62ca3453756242,1447,2,3,-7.514861564923293,1.3849118290875744,2.9297746661273116,3.039085231586193,0.16108983812226624
1450,train_images/4704dbb59536.png,e69db73b865983d030fce0c5159f56b682663f3aaea10d1f5d4759c20c2acaa1,1450,0,0,6.62796731939589,-1.1290573615140889,-1.4992213064549353,-1.7252693930006886,-2.2744192584261316
1454,train_images/c3aa424eff9a.png,f7a767bab7d582abfea9034c151f25272c5c19e814bae89c79fd0a74e63f17cd,1454,0,0,5.538675590204,-0.022766388794205672,-1.938326354979037,-1.9071056608060983,-1.6704771856246101
1460,train_images/d18f6431ebce.png,d429efd66264b82cb2b51f7b9a272c6fa0631ce346d46cdeb71118be29b94f89,1460,0,0,5.592511483232356,1.555135630648503,-1.4816824685375367,-2.347277188784307,-3.3186874565589743
1468,train_images/a75bab2463d4.png,3bac7a949ac4807094cf5900b2355bb15ffa3c40fa8b97291c271ccf2cc4e383,1468,1,2,-7.368405222989357,0.8764255855711016,4.406932497063003,1.7896590381585755,0.2953881021967473
1474,train_images/cec299c2a2d5.png,2e22803136e84f9a23ab4990081ce552e3fbb73d0289b2375f82d32ccec273c9,1474,0,0,4.917792976684656,0.6267646568672833,-0.03559667678134493,-3.397764927003414,-2.111196029767131
1477,train_images/d94e10f42861.png,2ccfbb701db7bf57882f5e174b464a5aa86dadd2ab8c2159175f06ea36bc37ba,1477,2,3,-10.354146629138908,-2.644726618549238,3.650037307293972,4.856890819354075,4.491945121040142
1483,train_images/cd48cfab4e44.png,bf9457df1acabbf2994ffdcece394a845e26dff04f4278b78e6890d594b275af,1483,0,0,5.8000708564993015,2.659007608869784,-1.125751253353079,-4.120158197677117,-3.2131690143388547
1489,train_images/10eefba568dd.png,9544c1e7dd75d02e8f74963d64844a5397194d250a2d21bb89b7d2f9636fe64c,1489,2,2,-3.9967497062059874,1.9227581784212984,2.7419429640513853,-2.31042806867136,1.6424766324047093
1494,train_images/3232b34cbe99.png,3a0740cff1788e43c7a31925a9544e0986f1062f0141590eadc951f6dd413173,1494,0,0,4.838867526788153,1.4176076626221867,-0.5853539312151912,-4.005905838439694,-1.6652154197554179
1498,train_images/e83d315d8f98.png,1b31ef37d22590a6dcb504a4ffbd879423e96a9383f06c8ed07f85da390ad00e,1498,2,2,-11.206267603137675,-1.4099578840187537,5.609840346442357,5.204510747958642,1.8018743927554963
1504,train_images/afc744fad65e.png,713b4db3f2194196ac92ce35aa370bb6f7556b323bb6c587bda13feddfa7c1a5,1504,0,0,6.850560638773657,2.4702792331625907,-1.225511650599682,-5.134074746373892,-2.961253474962634
1506,train_images/02da652c74b8.png,f4e2f9434edd85b4fac2b03bdffdf22dbb36fbc274b4574d35ca0a9d16903dca,1506,0,0,5.172832036023664,2.571774048972584,-0.9497168009618964,-4.8831175928464425,-1.91177169118787
1514,train_images/03ff7d159f10.png,587d1ac74d21d49aa8ae818c2a86eb4571cbb7708ee7ddfb83cf187dfba077f2,1514,2,2,-6.500493511605067,2.5577335378294825,3.616667585769741,-0.9772495858174861,1.3033419738233838
1519,train_images/fecf4c5ae84b.png,1bdaaf702098d21ab5c631ca727a3888c33f06b9c5c97c9a7f4b20b9179bf2ea,1519,1,1,-5.767063372937511,2.2677599415782215,2.127104830233693,-0.3002433161374809,1.6724419172631269
1527,train_images/ef81cd8854cb.png,271ed0d391756c340a72835af06fd9d63be319164bfaaad42b443d11b462374e,1527,0,0,6.862748697505829,1.2461352814413862,-0.712323452424324,-4.577176731231344,-2.8193837952915084
1532,train_images/7f2123bc89a3.png,470a0d0fc7eba93472576c7fdd235d997c76dc5425e5c0b685baa887523a3342,1532,0,0,6.302447100079731,0.5177709073398191,-1.4600467976579463,-2.123151275476392,-3.237019934285171
1535,train_images/4134b290f5f3.png,e40b592f129db48ec1a70fd8a1171ec595f3ea228d9d081ece24763a9baee694,1535,0,0,8.019162098560027,0.7372216532743808,-0.7004936954703898,-5.852207508408399,-2.203682547955577
1540,train_images/e47770a2e5d1.png,19598e087cd8726ce0ce806d6efb9ca547f8561bff47c71bec51a5193a2770f2,1540,0,0,5.264956219540571,1.1475703272097242,-0.11963687744573204,-3.5293164578937297,-2.7635732114107787
1546,train_images/437900a99871.png,af21c98d24ea8cb472df19d1e03c86a4e3ba4d00394e7dbe5d21f72d4271363d,1546,2,2,-12.37311671869602,-0.1654330839814805,4.499760133425037,4.418380316328102,3.6204093529244368
1552,train_images/77ab222bf85c.png,f25b146402671066b24a5671ae68dec6e0bcc2907297155e72298a50197917cf,1552,0,0,7.248281766856501,1.230950849898688,-2.1784197030057575,-2.3744294821529515,-3.92638343159644
1553,train_images/f361060eda3e.png,83901f796ebeeeb5c39d82f78a3c52c55e49d7b9f5a0d0ffa54c20629816de1e,1553,0,0,5.883042670857969,1.5626993126293391,-0.8750959416574431,-4.457428824009288,-2.113217217820538
1556,train_images/10fca1abf338.png,7062f2b63ac22ad961a3e005dd35d4499dcf182c7e9aecb8e946cd47e1c4710c,1556,4,4,-7.1739175589103015,-0.7367753207726028,1.2968563711991747,2.3481418642829963,4.265694644200793
1558,train_images/eaa0dfbd5024.png,585a5edc6351401a6f240f326077e93521c6a394c7f99f9a24add145d7638fe8,1558,4,1,-1.0433786898385342,3.3064873544815443,1.0967196018439869,-3.191515935101572,-0.16831233138538199
1568,train_images/8dba09a4e5ed.png,a14127138823212b734f721e1370241422986c51861ae4e6649183299353b122,1568,2,2,-5.894911188148851,-0.8635648532447856,3.700073564165967,1.017181374474082,2.041221102753634
1570,train_images/a4012932e18d.png,c97335909a9b779764d450b413722ff94edee078b5926fa868a5bd75d866827b,1189,0,1,0.24727533887024977,1.9294177360806009,0.9020615375430509,-1.4323059753490195,-1.6464486371448053
1575,train_images/58a9e0d7f7af.png,be1c071611604e7164cd8d15c591dec83bba2ab8ad25135e828ac9c99ff28e4c,1575,0,0,5.54723970766676,0.28030949300189933,-0.6044831331753304,-4.364522160025337,-0.8585439074679524
1580,train_images/2a5a8b744f08.png,1e5321f241d734a9b41c743ed5323ee0b1f6066387ed187954cae533a4e2bb7e,1580,2,4,-3.9733758311457255,0.7555598902509743,0.769149026324301,-0.010736129292413965,2.459403043862922
1586,train_images/f02956bd7c50.png,ac501f30168c3179693d53e0e4d43e5178cd546fe8f0d5a7a51941d919dbae61,1586,0,0,7.268907384094477,1.3460085498717391,-2.2162743266210825,-3.4334832183540414,-2.965158388991044
1590,train_images/3c9529918097.png,6d01fe4ee594f8b803fa416739c93e045df9168d906480384f5f41d1e82d8a06,1590,0,0,6.924529916845716,2.1202942422813646,-1.9740153097813493,-5.083404483365051,-1.9874043659806417
1595,train_images/3a122851e526.png,81ff49d7d8109ffa5351473076b38bd5afd80aa15af2e2ea33428c29ca3af456,1595,2,2,-7.03035634663991,-0.03017842815865024,4.221979293936629,1.610862930395556,1.2276925504664273
1602,train_images/52ddde91a349.png,bf3f16a9921c2657a7957728cd19202785e46a1e0d3bae5368ef24816c5cd34f,1602,0,0,5.704820166622391,1.7102421351350952,-0.11970152246389953,-4.460884360281471,-2.8344764190120824
1604,train_images/807135cbc438.png,13aa7553878cfa532df1c8065fd1b7ff5ed5809e9127ffcd1687daa1de81e170,1604,2,2,-5.079139627073899,-0.8197667021009981,3.2427218090467225,1.4706981852680745,1.1854863348601437
1610,train_images/b74de20d73de.png,813f44fab26d3bb8380de6dc2ef7bc9d027c701d37e5309530cf34eb630258a2,1610,0,0,7.69497394347621,1.0983079172162897,-2.231107070669359,-2.712794880137583,-3.8493799098855144
1617,train_images/0423237770a7.png,4bf8c78cca1ced405ec59745e02756bef32bbec3b30002366026bd9c86d794f5,1617,0,0,4.874887003629621,1.6166332476910168,-1.0921911550854453,-3.462286718078543,-1.9370423781566137
1621,train_images/a015ce4f51ad.png,21552bf40ea1a161fd11f3a5f07d09f09f407ecff7fac2e6195859c7c7d59d25,1621,2,3,-7.519901103070722,-2.261846003091643,3.117285024819017,3.7902432014889067,2.874218879854483
1622,train_images/90960ddf4d14.png,220249ab580cb8596a088d9cab9b9958ba22516a5bf86937d2bf8c3bbef0f5d8,1622,0,0,6.976416568195831,-0.18859335649572861,-0.9976975099451948,-3.3814698559163237,-2.408655845838541
1631,train_images/a8eb35b3bcd2.png,e6bcdb8cb578c6ee2ea24bd20bbd06eaa119cbe3cf1a7c1a410424e14e98c20d,1631,2,1,-4.305666600683724,2.754244914982002,2.509922931614824,-0.6866782196686154,-0.27182302624443233
1637,train_images/33b978734eab.png,74e7b2abf290ab2450d620ac6a7ef0223b582fac65d4c8caf74ff74ee30cfba5,1637,0,0,6.813355842330432,0.4499458493034273,-2.1045382194248132,-2.5462063997856017,-2.612557072423403
1643,train_images/3de8ad4151e1.png,66cbcf069099a109144784cf52cdbed65c582bd189ed6505bab508f2fc678f40,1643,1,1,-0.2564871045475931,3.638784696153515,-0.6339473298797977,-3.381866469298007,0.6335162075719434
1646,train_images/5173d54fc214.png,f314bbd9c88a5a6608571821d60bfa2456ab7b7daa67eb88082b890f4254853e,1646,2,2,-8.03816359081574,-0.7264828010456826,3.797099700011482,2.3060821043327637,2.66146458751722
1651,train_images/b376def52ccc.png,395a0ae477f4032e13e82ee1e57700091d95496c233f63601c94c53cf76e4d62,1651,2,2,-5.783358446471785,1.9959624988615117,3.589118041310691,-0.190022986929401,0.38830089322904243
1655,train_images/236f56771ec6.png,cd5d977b48c247551c4d0e9ed4271e86ecec237e8e2e83fbd9216861589f2cb0,1655,2,2,-6.332287286866094,-0.14843792738359995,3.6266923521958585,0.6295543299110677,2.22447853214282
1662,train_images/531b39880c32.png,3594b779d79b6a873bcbb458144c8629daa9fa376f8916566e15d9bcc2fc869b,1662,1,1,-4.233701264721883,3.1791742782515033,1.9733599981805758,-1.406512047075357,0.48767903536521534
1670,train_images/36e4b704b905.png,f2143dc2f371004cf5c573feefe89b87453a8c688f090a26b2400dfcfb621ec1,1670,0,0,2.9966486269766976,1.1331361242187257,-0.2957762128077819,-2.5949164618906844,-1.2390920764969169
1671,train_images/b5a3ca5c0a80.png,a315bdd7bee9d0bbf7bd1da8760b6e4488884d3c0c10111a59fd56a6e4e80c78,1671,0,0,5.152342996821749,2.1601167213180843,-0.6884862037170203,-3.648378967214211,-2.975594547208562
1674,train_images/91e8af9ceee9.png,7a3dc782b94b9a285ec04949d381b6ce0f45b8a5829ba053940f2b9e1b8f7ced,1674,2,2,-8.435726652532509,-0.003232398990887897,4.873343614702286,0.8754757820766941,2.690139654744451
1679,train_images/66cd9c28e636.png,9d01888d6f060eb9283e9de8d8be7927031d65438df4d050e462627909a23939,1679,1,1,-0.587090593809974,3.5687024544873616,0.3834179283206724,-3.2033197031604956,-0.16171008583752494
1686,train_images/8e20b8fac7c3.png,fa14640af3c48936537532a36afa3d972f7f62d0325bb495ed49af476a946b6d,1686,2,4,-3.7190573901394712,1.2605918691209552,1.5625904111736855,-1.1305146841511644,2.026389793996039
1690,train_images/47536db39f00.png,1b38db8ceef6c1a47807335d4e5f269af25e806097a660c961187a5b44b0efa2,1690,0,0,6.8668108892882245,1.9781318082849828,-0.2607227187914367,-6.289136363019231,-2.295083615762483
1695,train_images/052d9a3fe55a.png,b7640819bda6f6c53a35df2f1b9d2cf00ce229f3305085dbc15e1694009f1a49,1695,2,2,-3.4146066541028115,1.456026937777291,3.868614060198043,-0.6399178067611262,-1.2701165371113512
1699,train_images/7eee3d1f1268.png,9751c8178b0eeed2c9dd72719a3ccecc47527307d805c3ae0ec3c991b4a5c019,1699,0,0,7.426456184950301,0.8264672238187759,-0.6710474125406074,-2.965598032337688,-4.616277963890737
1705,train_images/211518c46162.png,9ce13ebb91b5a1737e9c9a37d21cab8f29eb459a04c85da5f77b097c7b9e57a1,1705,4,3,-10.28202200963899,0.5679581664101554,1.9850972446192088,4.149567295276007,3.579399303333677
1712,train_images/9782c0489eca.png,e7a8bab98625c00d1cd6862881761bf050ae20d903186a9d76f00680a07eddd1,1712,1,2,-7.460053759249342,1.9078537874586035,2.3297480382604876,1.9017130725847233,1.32073886094557
1719,train_images/a7b03e58a6e1.png,2f3c05a967de252357cd5e3abf8350415244b6cafcb1f6bfc8d06638bc1be6ed,1719,0,0,7.812537636216627,1.8492044154126985,-1.022485174060663,-5.549865884366029,-3.0893909932025903
1724,train_images/d81338217fc5.png,6eefb8db8ed7fb7871d2f7b6a3c19a4f05512406e02c269852e8f54ddf1e6c93,1724,2,2,-5.350779181153383,0.20991016131934837,3.4705981684222724,0.9396014934276187,0.7306693579841981
1729,train_images/2b074afdf626.png,ab702186321b1ba8f23d3e709ffba8f4bf35f5082274fbe235fd01a93b02b12c,1729,2,1,-0.8845081852896836,4.059866956729086,1.1841748831197312,-3.7094411368380156,-0.6500925177210649
1732,train_images/991a0b7a8c87.png,3baae8f15493fea65d09d5127fc54cc96f29130639a453216fa4c339e9f6e9d7,1732,0,0,7.4957306462569715,0.09740136252551235,-2.2293104942718323,-1.6330349006404448,-3.7307866138701615
1739,train_images/7d1da90d3ca9.png,61d4e111e948bd2e9e4d03a8207e456da860acbda70e9e541dfdfc3948a09204,1739,2,2,-3.6926678580710535,1.2556162048559771,1.5356416508715525,0.6950271357507867,0.20638286659279909
1745,train_images/d2c6b99ef62c.png,43a1ab957af1d234367a44af83321b677f132196ecd710e31c3c998d468ee3a6,1745,2,2,-8.625027923012109,1.4583581112479704,3.827723394669487,2.2504143575789852,1.0885320595157204
1752,train_images/07596907347b.png,ccc663ec7ae53ddd94654bed37bc5ea53511fca773a5223914b003627d7d8283,1752,0,0,4.580197348772824,2.058592082219936,-0.5527733103038355,-3.361515596412957,-2.724500524275921
1755,train_images/96b5474ae604.png,31310b51583f0b8866273531e400a1280b70a4c7116832791f41da242d2c89ef,1755,0,0,5.900632272578413,1.1269815171672963,-1.0317495074235978,-3.8893105935807775,-2.1065536887412977
1758,train_images/44271f3cb18f.png,589cdb815099923709c97513f085192426bfc6e9d16e0f8e6d89cd069da6783c,1758,0,0,6.564583879816422,1.6233063396828769,-2.535859571666924,-2.9975963930762433,-2.654434254756099
1763,train_images/0212dd31f623.png,778b89b62aebc3d06ac48595680749c6150a687a90cfd4b8ede51b41b3733784,1763,0,0,5.8636499906850394,1.7539688565781788,-0.2469441404180801,-4.194557683699929,-3.176117023145163
1771,train_images/18b99159a14f.png,f67ac0b46bf91b3a7360f00d7fe41064e89969f640be4e963c9360b2342a3dc9,1771,0,0,6.237925424940571,2.557552596267677,-0.7879140708054704,-4.332933729047852,-3.674630221354889
1777,train_images/b2748ac28fc1.png,721119ce290ec2c915acf3e04fff211cc08d52e66c33650bf0eb68621970f34f,1777,2,2,-7.12425441391941,0.627184162945466,2.5842928985476927,1.9660030669809603,1.9467742854453398
1780,train_images/df9cb3729eb1.png,ae56e20329211bfb1115ed23aa444b1a67eb896a3e239bc21f776eced8c195b5,1780,0,0,6.190254576698895,1.1004403331248893,-2.5459959594262127,-2.329137899218905,-2.4155610511786314
1788,train_images/87b671c6d4c5.png,82ae90e4785971407f9756c2b74c1b3bbf82493acfe30ff55e65efe1279e6edc,1788,0,0,6.610498202978975,2.303571982842954,-0.13280075493207533,-6.715392832923271,-2.065876597966533
1791,train_images/a3d2a0c4cd17.png,ade62578e8474787bffd44e7e5ef4e4685e4018a171df276ec2701cec044c15c,1791,1,2,-7.053837819194468,2.9123552937920323,3.050408611050048,1.791941184168847,-0.700867269816396
1794,train_images/8010c931321f.png,7945b5fa7e54c0f71f4257377da4028bfb7d6265db758aecdc2bc0fdcc99d5dc,1794,0,0,5.231408067259257,0.9162019932503145,-0.637264298413851,-2.757071802444606,-2.7532739596510716
1798,train_images/da3a2275c850.png,b0f644c31fabcb0924a2be40d129713906df032a65c6079231a8a643d03e0d3c,1798,0,0,6.07738303820194,2.500489226964127,-0.4416801388457803,-6.240800042012968,-1.8953920843072765
1809,train_images/500aad15b7c8.png,b4cab74575f727fb79b2380d58742180a9c3afdf2961dff742956a9b361cb0fa,1809,0,0,5.5545683369208785,0.4742912529957575,-1.0174660671643643,-2.4232491277094157,-2.5881443950428076
1816,train_images/4294a14c656a.png,4a151071e4725d309e44870ae359c01fddc818b434d3de2e70f9369018780d04,1816,3,2,-10.115145243964577,-1.182368301712093,4.497266472253341,3.222320016562027,3.5779270568613386
1823,train_images/2eba4279e503.png,76b8fe1de1f1f093942528418830e766c2cb71e69a5ddf553b05ad561fbacf57,1823,0,0,2.9631609022983505,-0.09166402892588843,-1.2349347035254474,-2.908184793948732,1.2716226241017576
1827,train_images/767d777ee889.png,f4776054dcdd69171fb31625a2134ebaa0d5c178d2df9d99f6c2375286ad93a8,1827,0,0,4.8245380406698235,0.7171877485386395,-0.7352583439742955,-0.8528031089062633,-3.953664336327859
1832,train_images/ac720570dd0f.png,7dfd1bc3b095f8016f23763f78318b46c9f9fd4b565c435ba328668490c4e978,1832,2,2,-1.8849670505058367,0.8548005395777715,2.6691739081934838,-1.1029150683924658,-0.5360923288729105
1837,train_images/a3132c8828e4.png,3d2142f9f3971914f09ff515fe995122c9a825a49462dbdd638bd320bc8d9e5e,1837,0,0,6.976338552673088,1.5228399807941102,-2.379216788928497,-3.0265706138549033,-3.0933911306837483
1842,train_images/9be0683649ff.png,f28b57630fe9c29a29ee6daac9f4196543d459005eec62232f69075bff96e64b,1842,0,0,5.671384746877503,0.2998121347617545,-1.6222762275021447,-1.3169223551218638,-3.0319982990152115
1848,train_images/2682e6da9050.png,fda331cd2248f6ae05a5a6315de6598563c1eb8b23adfc6d7b270cb4018d4770,1848,0,0,10.06551250545632,1.1043412773017096,-0.2016725905967366,-7.466172977353825,-3.5020082148074327
1850,train_images/49c5e7f6b8d2.png,c4c689092c2b105d9d682a8463affad20ca4539120657802de4c6e431be5ebe8,1850,1,1,-3.0313617270765185,4.35466003769787,2.1989679542946057,-2.423459771899778,-1.098806493016133
1852,train_images/78d53c82a23e.png,6ccc106bbd4cc8e25c77ca189ea7646a09cdd17bb5fefdb9171cb2dd894e40a1,1852,2,2,-5.727887257436509,0.7906800628931786,4.975110112196533,0.5117525141199615,-0.5496554317731177
1861,train_images/576e189d23d4.png,8ea059e7be658eea6afce4bb6ebbc84d7ba8d64761d1159014b6e89da855ebb8,1861,4,2,-6.5639562062767425,-1.347676310580697,4.1871823894860425,2.6335816591081906,1.0908684682632617
1870,train_images/b835b6e31a59.png,bb81506a51b2f41f3ce98baddbd82a50ef0f5f8682cc9b68e1d956f9e4895269,1870,0,0,4.7549270405622925,0.5015522299901937,-0.5706333654462579,-3.270805053625879,-1.4150408514803186
1873,train_images/e8d1c6c07cf2.png,a58298c93c8279654eed8f04c88e20e0e0d7f41aa879b4b9955073bea77c5830,1873,3,2,-7.1422913009602285,0.435812842233844,4.342449809612882,1.8870115801854108,0.47701706892813894
1881,train_images/070f67572d03.png,6a239ee0691ffcde548f2f696a531050fb4f3951928f97220c6d7944d77c4303,1881,3,3,-10.03491801168747,-1.0512001862106257,2.1088234102668304,5.7986219087427875,3.1786728788885403
1883,train_images/49386d603494.png,7d340e1a14754d40ca2fbe3a3448451482115344b732484ba050201d58911863,1883,1,1,1.6497398769047127,4.164227727732044,-0.22020279528679065,-4.015967603864168,-1.5777972054857463
1885,train_images/1b862fb6f65d.png,083ddb72c8e7ee68409cc85bafda3974bf4dfb09bd0f3f597e92faf169ea6879,1885,0,0,6.63126475451295,2.1826493374517484,-1.414205526349739,-4.052448656569804,-3.3472599090451105
1892,train_images/1601c939412f.png,337a06126e44eacc3296519cd83f666b6c37adc7ff9a48bd2c5ad1690a5b293e,1892,0,0,5.049383256680474,0.6706931202940538,-0.27629416652720296,-3.8448746971763574,-1.5989075132709198
1896,train_images/f23902998c21.png,a58298c93c8279654eed8f04c88e20e0e0d7f41aa879b4b9955073bea77c5830,1873,2,2,-7.1422913009602285,0.435812842233844,4.342449809612882,1.8870115801854108,0.47701706892813894
1901,train_images/94f9ecf4b8d2.png,562ad627706a962544f5445789ff7d0dd3b568233f9dd3fac32138e58d95e35f,1901,0,0,2.0570600509771153,1.2531853356962046,0.617202540335882,-2.2706938503133944,-1.6567540766957576
1906,train_images/63b71347e95d.png,e9f8894fea119a9a734b0cc3ad49bf5cfe7ff4269b60f4a1728e0f2aee3bcfc0,1906,0,0,5.536310402020166,1.3839205335936438,-1.3187907251305833,-2.804142095517409,-2.7972981149657743
1913,train_images/8ead17dfb6a6.png,dc83e663a4762d1f954c21438180a2563edcc8061585b2c2aa0d617ef0a5e8cd,1913,0,0,6.2367778037603605,0.6236148393061329,-1.9274585290932331,-1.7042408513582676,-3.2286932626149474
1918,train_images/9e2ba2b979f1.png,cd8bafe23175b0f5df809400169000109e98cea55fc3a2a844e72c62ebc29b5e,1918,0,0,8.69810918765005,-0.526409417698673,-2.191065042582963,-2.648617061455778,-3.332017665912593
1922,train_images/a150ff5dfe07.png,41b71180563b272eabe4b46d9e518587e8f8e801a9734627306bb9418dff7d73,1922,2,3,-9.548962621555571,-1.3891343113221168,3.3458412635457773,5.5522835921394575,2.0399720771924965
1926,train_images/58f07741ee3b.png,3c414c082946973412e6e8dde6cac886c9f816c2dbb99ddfa9ba1c744e0c0baa,1926,0,0,6.689466478855157,0.7856903415976392,-2.5682104941952772,-1.2505320518822645,-3.6564142743752126
1928,train_images/7e160c8b611e.png,e7dc7d1cb41b01fc6784700a42e961176a2ca8b95d6d011ccc85728232ff0678,1438,3,3,-13.066950517540167,-2.5228413219480226,5.660695603046967,6.405827141622132,3.523269094819139
1930,train_images/189cbbc9e5e3.png,67e9fc1cc6b21f25f77eb12261b0fa48f5e3a7c9f20f01b8ceb613fe66475ddd,1930,0,0,7.805171714012604,1.2066527503816737,-3.0266135415779205,-2.599845277804163,-3.385365645012164
1937,train_images/fa0c87bd75ce.png,1c6b58ddaf11c59099e449a3814f5a1a190f99443c5b1d5fc45b9580fbd788ee,1937,0,0,5.383987715214212,1.246927613535998,0.9369226236658726,-5.637476719236585,-1.9303612331794384
1943,train_images/ffd97f8cd5aa.png,5fab288211fa5b5b150fd86695ade8dede06d01c608e961e6f1d996c2f1ad9a9,1943,0,0,5.954525965091626,0.8719352296020599,-0.4403346713686438,-3.6979005515257732,-2.6882259717992287
1945,train_images/201f6e10c108.png,1daa6e51571c2f9535584de9ff3d8007d1518db5169caef48f4262e358198178,1945,0,0,5.405138421911087,1.1314572844562436,0.12343336835999352,-4.1262026695473,-2.533826405179987
1952,train_images/ffa47f6a7bf4.png,aac6e7298320856fae069699ca9c9359060c1bee32db4c88150d49901ef75c63,1952,2,3,-9.958412943509872,-0.1463569657689715,3.6087869699049175,3.928820506050239,2.567162433323741
1959,train_images/9a78c6a7b1c2.png,581f45f1a41466790496ec2f30913f81bc87f243ff4ff0975f81262d97508a4e,1959,2,3,-4.893133955775429,1.6319731003898934,1.9309509189133207,2.009016740516282,-0.678806804044001
1964,train_images/1e4650743fa2.png,2a7ba33bd0ecf3c97e5900b1163306e678d713962dfed19dc17e9345e46cba06,1964,2,2,-4.124285193161474,1.836546016578015,3.6662628681458145,-2.4041903467816432,1.025666655219338
1968,train_images/14ee87d6cc42.png,0ece20f58424747e1e779649ddafe146a6d7cd42527e717d92cd21f07a4d30e0,1968,2,1,1.3313001827030284,3.3123756679159992,-0.22199032812189134,-2.922049839366956,-1.499635683130126
1974,train_images/4a0bba3b7d83.png,6d014f94e908f161aa21875d8287d2bff463775990cc4fda290ef7fad7b11a0b,1974,2,2,-7.880625573867066,-0.1786711402741662,3.151230390702069,2.346803995941846,2.5612623274973787
1979,train_images/6cffc6c6851a.png,4015b44830efa83962d6686cb182ef90a98a2bac5b651d7b3bcbb4b1961d39bd,1979,0,0,4.292631330779295,0.1762892020460074,-0.9753752624225709,-1.0412915460299281,-2.4522537243727625
1984,train_images/af6a1508cd95.png,20934d44034f6012a2755775dbecd5945511d1022d056048ce3381277a049101,1984,0,0,3.324464480639049,2.0159268979598193,0.9325235602646651,-4.932598656688928,-1.3403162821745465
1990,train_images/3128eb593012.png,3b4efe4849bd041d34c7cbb3c201e269e9936b0253d17d645d7e4aa173411a53,1990,2,2,-0.038123275352449235,1.8032749814540394,1.9379657877275853,-2.0442538737277585,-1.65886362010138
1991,train_images/e12d41e7b221.png,49496258c2673cdcb7123f16954ebed4c67f461db2032824e11e8d637a66f73b,1367,2,2,-6.1369737030848555,1.351074400765791,4.148061707981117,1.607785237839238,-0.969947643501224
1996,train_images/5288f7441f64.png,7fdf4abba1c333cdda44c06037c9e833dbc9ce838682c033ef301b2f6f3146cb,1996,0,0,8.271058408457755,1.4903790510151913,-2.3882335764466784,-4.425711240319425,-2.947492642706801
2001,train_images/c365c598ad4e.png,b9f65a9b0837db783ef9960418f5025b191300c87f762f09ca5dfe7919ae5132,2001,0,0,7.674299569195713,2.2481850583423286,-1.870866919967818,-4.84486250470687,-3.2067552028633095
2006,train_images/c4aef0d88d1b.png,531cb495f55913c266566c084fb7ea44ffff50edfcf8fd94f3caea3c48bdcd1b,2006,0,0,3.484161739130015,2.609849078862599,-0.9783258838784288,-3.859154830533611,-1.2565301035805256
2007,train_images/a505981d1cab.png,90d799f53575cb8c72f9eacc3f463fed94e0a1d2b7b687ba8a297324854e6f6c,782,2,2,-8.378680896581166,0.1670100707256842,3.9187444617284433,1.5209383067808953,2.771988057346185
2010,train_images/4689b739d240.png,14d7fedf16a210db69a74b2c3cc1419da783d8545dd74fd713479b39fd81447a,2010,4,4,-2.747721644942752,-0.8080464407503735,-0.3557518108289599,0.414078865938343,3.497441030583788
2018,train_images/45e4b7eada54.png,16e8576462425bf84c4487cd4e074c877109c2433d4a989e0dcaefe3fd18b371,2018,1,1,0.2874120360626408,4.444581369110013,-0.6030181637351586,-2.8160800549241753,-1.3128951865132663
2019,train_images/fed5bb685832.png,06fb6f7f002ec60582f3a3fb4dead7c43d0578ed3b4abd48a59b9786acdce01a,2019,0,0,5.771470255436907,1.9984654779417959,-0.9720576118406568,-4.293677428979077,-2.504200692558928
2024,train_images/fc1b1841eadf.png,fd4590d14b0c587ee5d2985d4d3788e77fa3c749d1c9a9602245310b744376fe,2024,2,2,-8.421935103057645,-0.9671336709521149,5.750288915082746,0.6632339840073362,2.9755458749197334
2027,train_images/fd4c946c52bf.png,295f96011c35f19b54a52c6a09f0ba0c1ce66cf6b4dcc941a9e5c3420d9b3fa7,2027,0,0,4.212022942730284,1.4032092893934993,-0.8027272257247642,-2.2304343374349163,-2.5820706689640627
2036,train_images/c3acf47700ea.png,1fa95f744df279c0ecbb926ab92f84673e92847e4ca87e1184da1d2ba2d83856,2036,2,2,-8.144471128943666,-0.317193149198865,4.515026787686953,2.7375200913009747,1.2091173991546649
2041,train_images/1df0431bfa73.png,f312b3b124335b0b1cd66889e3cc7d06b3b545e0f3e4d1ead951c9986e2a4984,2041,0,0,5.652691233975628,1.081584009846566,-2.5264539886912054,-0.3582123289052501,-3.8496089262256996
2044,train_images/bacfa2b8e706.png,3b56a433622ac8c604512b0b6d9238b4d0a9669b1a25f2caf4b2e916b8a822bf,2044,0,0,5.8480668488129615,1.83910835939139,-1.5511896667119107,-4.24583960742693,-1.8901459340654685
2051,train_images/df4aec4a0eaf.png,5ede9972b43b000bdfca21394fe1327efae276c80432d1438eafa7d81f6e2c8f,2051,4,2,-6.441957196607693,0.4464341512047736,2.9489869241650624,0.41648071124140684,2.63005540999651
2053,train_images/a0267206d51e.png,bb5da3e6a97822b0e320fefdddfa74e0c03e9847e6ea444637cf8dac73623d37,2053,2,2,-6.103920770438925,2.2231113971954373,2.76668189348059,1.0087880734282269,0.10533940633472011
2060,train_images/ee2c2a5f7d0e.png,5a379ff8279af2a2c430db3976a33dca04a9c3e9b763cbb5a1350c43c8657449,2060,2,2,-7.799490727215125,0.7032359469365901,2.809243214513087,2.4882729529931007,1.7987386127724032
2064,train_images/09237bf783a4.png,2025ba2bef42c6a795c6fc62e924adce382ce24a5b6cbf94bba317c3d3af6401,2064,0,0,7.425700210030143,2.144936294205899,-1.0603729366080408,-4.94964870612414,-3.5606148615038165
2068,train_images/f3a4751af42e.png,b9833f073ea7b0e036f32497d0117c4deb510f6920791a9182295a8f07b5ec9a,2068,0,0,3.576866306051241,1.7068631151916056,0.35136159272551803,-4.0530134799054505,-1.5820775340628717
2072,train_images/3f73c91b7e32.png,83a68ad4ce8f02e60a27a16943ea5a01700d1f4d8fff2c6881178b964bf5108b,2072,1,1,-1.3940955656964444,3.148031589091697,0.4705614571799853,-2.189908637357673,-0.034588843217513376
2077,train_images/d3d578fe433f.png,9c5b15dfaf4fa8563664bd11aa5af7ece136e052163effd9e96349e984896002,2077,2,2,-1.2157744014509868,-0.16522922350102343,2.1747168303775983,-1.4620952548162973,0.6683820493907484
2085,train_images/95a4cc805c7b.png,88b2d3efe4797c4f63f40c817220bdda8a4d3aac06c7bdfe87e13323ca354ec0,2085,1,2,0.4144610503856112,-0.05110193904976523,1.4241038678028457,-0.8351267496713167,-0.9523362294673179
2089,train_images/064af6592ba6.png,f2cd200eab2a16c2f29bce2824f2a5bd544d0fe00a88f4de088807639d397efb,2089,2,2,-3.389701836907904,2.959744868132816,3.472466418093952,-2.637859813554652,-0.4046496357641504
2095,train_images/eabc7c716255.png,9e47b9b6d99c49c629c25369f661b33b07d4333c905360452d81b08257ac47bd,2095,0,0,3.9897083392472874,1.5874322412584034,0.24285645928907018,-4.16210297756503,-1.6578940622296852
2097,train_images/f431f2e119d7.png,044a2113a70f8edbc7d55bfbe845c4b4b5ad9e7dc926ef9919c83a5486f8b15f,2097,0,0,6.609789998027356,0.9236435219050781,-0.12087551458292245,-3.0305892486506676,-4.3819687566987895
2099,train_images/d865997a6280.png,a19ba80be8f00306144af8d702f222152d74c8b0544f0a9feda78350e0fb04e1,2099,0,0,9.125303473469184,0.11508703513546192,-1.8327213228842567,-3.5133880095073327,-3.894281176213014
2107,train_images/9519a590985d.png,60b208137e97bec7080f99b559f7bffb62501ad7f3a81e5ae44668f73f0b17df,2107,0,0,4.244869169273897,1.876214621983101,-1.377123798058035,-3.6803082314381035,-1.0636517617608225
2113,train_images/2bbcfdc477db.png,aa6f30334fda276b8118265f719c32ce45208c11356f5ad2cffe12686a3ac95d,2113,4,4,-8.376099774765066,-2.438196808640966,3.511579187639155,1.8079554130028066,5.494761982764124
2117,train_images/89ee1fa16f90.png,f63b3b61464ec303e86f35c82760d920fef1dd2f9fcc18cbccb1d55ceb0dc3d8,2117,2,3,-8.291826093689876,1.4048296789266463,2.2724281012409815,3.236247548882358,1.37832076463993
2120,train_images/1e8a1fdee5b9.png,62472eaa23964a3848246252c4b34601341e28fd16c97a2761c106cf88522a6c,962,1,1,-1.3033863916918795,4.503899274525462,2.023216924765894,-3.6250376965698727,-1.59869211102956
2122,train_images/b05922e7abd3.png,4d18d6148992183c4066e289e08e92b01707e4cc26213e824c504f6bcb2d15b2,2122,0,0,6.207029262237616,0.8251876530266096,-1.2464697078379163,-4.8449565301843585,-0.9407906772419101
2129,train_images/e4ae1ee6aada.png,c88b065eeb5179bb35538edb1b7635afce682c4e6c143d2bf1e052ceaab83999,2129,0,0,6.361427159272458,2.2055092188933187,-0.8354096496684489,-5.390463421466183,-2.3410633070311015
2133,train_images/5a444c32cd9a.png,379b86fd38e54e73edc320058d2de75028656e51aba2a94d120248b7950a17df,2133,0,0,5.88909428620655,2.1494346171428242,-0.7484662800108446,-5.273421908756644,-2.0166407145818424
2138,train_images/1ae3c58759fb.png,2c442850d744ba6a478abda5800c51f3c2a4b9506522981d168009a2ecfcb722,2138,0,0,5.982583796429409,1.6502754783979863,0.2599606960981061,-5.05095068563329,-2.841869285292166
2144,train_images/9b57e43b44e7.png,5b58871bd2fb3c35971a3dcfdb1104ef09b216870a613abb11b5aa48acefae6a,2144,0,0,2.520704640904478,1.4551957951866514,0.8552537428733319,-3.074397869550155,-1.7567563094142566
2146,train_images/0304bedad8fe.png,ac9970b1897a92778b55436f90ec3f1767d9efa4f950bbf408960c3d738449f0,2146,0,0,5.175278747167405,2.299206962809362,-0.30294239533244727,-4.67467817057775,-2.496865144066528
2154,train_images/11b5c77fbf79.png,4b16242707b07194bbe49d4a4768ed1fb84c1b9117c5d9377c8961087b79af43,2154,2,2,-3.4989257086080414,2.082095783500916,3.6237943355676148,-1.0563753440858323,-1.1505890663746017
2156,train_images/38487e1a5b1f.png,395a0ae477f4032e13e82ee1e57700091d95496c233f63601c94c53cf76e4d62,1651,2,2,-5.783358446471785,1.9959624988615117,3.589118041310691,-0.190022986929401,0.38830089322904243
2165,train_images/3a1ecf5e2839.png,f7cd389143cbbe1a2c76b41a4dda2b0f973b502afcd646f00732fbb281722b5c,2165,4,4,-5.393296244188887,0.5360222357016309,0.4000317788776738,-0.4982384114363556,4.9554806410459875
2170,train_images/61f403fdb434.png,c446e0f6c6f8fa6bbeaf22297973a23dab3b673e32b44720bbd56eff443ce7ee,2170,4,3,-7.8026755017495235,-2.5987996877516673,2.3257349660580697,5.282170915750052,2.793569307693132
2175,train_images/762d6e5d5068.png,f1c1387a29e101f4557f47635e86b7be36877e9bb43be0556f903eecae380191,2175,3,4,-7.563029448163196,0.8176223667333946,2.0479576547912623,2.334406553730945,2.363042872907654
2183,train_images/349f3c0ac83e.png,e862c1500d0ac66b6fe3423e817b978984b90dedf471855c0f7b667e6fd5710c,2183,2,2,-5.309155816501777,-1.1384354331702706,5.146683979386899,0.15823742692644216,1.1426698433587812
2188,train_images/f4874247ede6.png,35e7e24536ff100df1ab099c327517d0ba2721deaf2c334480683cb751f31396,2188,0,0,7.045077965712665,0.6090850337581173,-1.3873278763772003,-1.7766868720822242,-4.490148251011318
2193,train_images/e47452069ea1.png,aaeba59a47fd5bfe2ea628db51fa64f0463dc010de3f8356b4c153b3d35c33e5,2193,0,0,5.050770456255173,1.3031237078675992,-1.3794646708207614,-2.493831937284713,-2.480597556017256
2199,train_images/9568eb7e9c08.png,d99a21d2b4a565d8f293da1f70223e1f378879d61b591c16e60d9e8914bbb445,2199,2,2,-2.967382123935071,-0.12541547965383926,3.60825668081437,-0.0036710635000842817,-0.5117880137253197
2204,train_images/cf1b9d26d38d.png,a1e0478a9b65d2d91842d1f494a853c0c28f8bc63b52af3c1ed8aa6405746ab9,2204,4,3,-8.57702512286608,-1.4748734203592124,2.0198088286459397,4.57515153690433,3.456938177675063
2211,train_images/85cbb84ac8e0.png,7a654dd56084e359bf818e32b8216bd7a19d396229f80743efa279da5e61b062,2211,4,2,-7.948954354637363,0.8374471538745081,2.551169305088325,2.402063989289588,2.1582739063849976
2214,train_images/8693ab1fd2be.png,c3080a87587559339d8f40801b6031a677b92e929e586b75ae49f3bc3c69876c,2214,0,0,5.05782620703181,1.6366478883423379,-1.2999214543494582,-2.881870065986761,-2.5126825750378754
2221,train_images/f5733f77273d.png,5b362f20b15620e673634afbefec43943796ca88a46517520fa6d4ba9792c147,2221,0,0,5.283292566880898,1.2597967920604733,-1.404384515500156,-3.277194391724069,-1.8615104517171068
2230,train_images/e933923aab15.png,b44d3d1418dfb2a580ae072ab0b4cf5e2df06096a0db64e090f3b0200dcee8de,2230,0,0,5.893416187448934,2.0619322883947855,0.3855912356711776,-5.574592722740556,-2.766346988774305
2233,train_images/ad944bd56bb6.png,08557957e4ddabc887999c937d323505165312b57ed3988475afc58755200264,2233,0,0,4.18461537685196,0.6930717376158367,-1.0784500073009549,-1.2241243731575489,-2.575112734009245
2236,train_images/aa60813e1a8d.png,9cceaa182a043769af5dc65e971504fb54bfc65db2f187a584f34e06e48297ab,2236,0,0,3.7527520503439407,1.0205919300557929,0.0371958814141079,-1.8109324643316946,-2.999607397482087
2243,train_images/901a3552fe26.png,02e82b18cb0e6feadf1d0621559a001213a4b9167942de27e1d23c62a5bbd1f7,2243,0,0,5.476719524283992,2.4970113298897507,-0.5712140895828777,-4.650004533430947,-2.752512231159873
2250,train_images/75238d945315.png,c2b1e3fd648ab57e5acf77eb6104efda35d8f0ee70fb4141087c8cf12c608111,2250,0,0,5.618868857736259,1.624146027742452,-1.377293503832081,-3.704304622005245,-2.1614167596413463
2257,train_images/37de05ef12a5.png,469af910390879acc7a6e62166383fa090bf12ede82207d226e295f09617c9c1,2257,2,3,-12.197722254822699,-1.0917345954419746,4.460004645989548,4.944744592248192,3.884707612026994
2258,train_images/847b04287c9c.png,ea4002811d61ed936552ec2d10e87b3120bf4da7e7d660585fae80ab40beb526,2258,0,0,4.07529623634279,1.9547774263390503,-0.5624562416552448,-4.110745874836283,-1.3568715461902807
2264,train_images/c4e8b1ec8893.png,ce138e931f88d11470a33d3a8c2a54e757a80b96fb9091b8a87decd0d79386fd,2264,2,2,-1.8840013847930202,0.4938878445686198,1.4319284864180504,-0.3938715145046382,0.35205656831102744
2271,train_images/ca2b54b95ade.png,4cf449f9e9f7a238d0ec814efacd2a855b203241da1278b18d2b9adec93c7c22,2271,0,0,4.766409522627768,-0.4776919111581036,0.9423490584711355,-5.7564987607362585,0.5254320907954899
2276,train_images/d807c53c1399.png,9186db7a58feaf83fa89ccd0f7408c71c557fb2097e0e355a02843d8545cc495,2276,0,0,6.078038901824585,1.7658412994623993,-0.37375491517225345,-4.548497534930615,-2.921627751184077
2279,train_images/d99dd99be001.png,44a7812f439c235140a17bc573ba8efd622ab9e5aced5333f9935cfeadb40205,2279,0,0,4.496061544198163,1.4402781886826772,0.2528151533216747,-3.4659616715244974,-2.7231932146779747
2282,train_images/05113073b268.png,a132fb8c543805f3ffcf23a7de4cb621f35707d1462b066075cf8573e50c7c53,2282,0,0,5.5813984016281575,0.1444635699699789,-0.49463268569336805,-3.4625165618212943,-1.7687127240834135
2291,train_images/345b1f0abbba.png,ef9a48cd79f10f4a03d6e139b3cd067ee4a9b13cc17958d3ee932832a03e6d91,2291,0,0,5.673316754674742,0.8000864205133653,-0.6738843371403684,-2.6039624047088052,-3.19555643333888
2292,train_images/c7c0470bcf87.png,c2cce07d109f30041aee8d3c1ad6f44b44ded596146330a019026068373d4e63,2292,2,2,-1.716503770678342,-1.7924200132648833,2.752346432465969,0.5383415575638792,0.21823579391344888
2300,train_images/bffca6eeb2bf.png,60173215d69734bec8059d293f226d1877083c79717182caf0a3a7a25b8c28a4,2300,0,0,6.191459319799508,2.6403930057133276,-2.7266135578249617,-3.085096293698096,-3.0201424739897336
2311,train_images/6d7d26025122.png,0f949e39d1fc7b1bbbb8338173a1031c8b2ac68392c2aecdc3ef3d341d80527b,2311,4,2,-3.717765040201584,1.3207510152891924,2.349321192844042,-1.2625505120347742,1.3102433441031605
2315,train_images/c0a117de7d0a.png,67cc0c4b0f6fb1b6edad6c6ddef8076ed66549c0e15a15aee7ca8fa2419b498d,2315,0,0,8.052677661757905,1.6233060190928783,-1.9364791821099339,-3.622683733561378,-4.1168207651794155
2319,train_images/8421107255ae.png,32728c32ecb760b3160f5e31a19ff8ea9712f9498240e0140eb68beb34f76deb,2319,2,2,-6.8377869398395354,0.08910041913587718,3.4713680077278566,0.37425427899953223,2.90306423397631
2325,train_images/b56340f472d2.png,6a444cd8ecbccc858a69988e6955734d65023d27b0d9a8fcaa2b00384ea84020,2325,1,1,-5.996457530760034,4.5362547631787145,4.305754181594931,-2.526367362329574,-0.31918405168397107
2326,train_images/b4f41b5bf0ef.png,0459cb5ddf97700352f878428a2db72b8688464997dfbcc50a3c32b717a568c8,2326,1,2,-2.925653898540328,2.201541752381853,2.595738831435529,-0.4338077498544517,-1.4378189354225461
2334,train_images/ea68b58a6e8f.png,a7341b26af461018d0205e8f4bf9f09a071eef6e067539f3fabd50cf19007194,2334,0,0,5.7502516064858264,2.303078663520725,-0.7556530269376065,-4.729244517238396,-2.5684327258305117
2335,train_images/3fa4f4d77177.png,f66d6c75a82aa7bd5a3d6bc6e0b7972c6fa49415cfb1e5f5f61f8f95cec0e33d,2335,3,2,-7.207237588294128,0.2352769290962623,2.8677118781199606,2.6791991410933846,1.4250496399845758
2339,train_images/62b826899151.png,543ee349e380b69680a7a2b974c6e34449debf19474b2695e952265f2539e7a5,2339,0,0,5.5472388907082895,1.8277184453994488,-0.509035985427186,-5.072339041384702,-1.793582309295811
2349,train_images/2608e1dac5b1.png,a705de736e6315e47bb3699da3c1af86f32a455182f1fddec856075336d8c319,2349,2,2,-7.9567400467237785,3.242983310763891,4.4531637693924555,0.37772213676403643,-0.11712917019654384
2351,train_images/f583a722434c.png,591b33bdecd929e8b59975ecd783d6fe7e7bcba6e13c2b020594dda58e0973ee,2351,2,1,-0.07619866772629817,2.4097684120559224,2.099629101900824,-1.4696540998315943,-2.963544746398803
2360,train_images/207dd0487264.png,6cf9093708b2e1c345c71c9016487729012a2b6b311e74e604a14c4fa7268fad,2360,0,0,7.023732127299573,2.944361260743604,-1.2522581975356497,-4.867344268959494,-3.8484909215479908
2365,train_images/8af50c9d0a86.png,73b8b517bd77d18f8a40f232d79908875cd93b065e3fe74aab951f9d32a5a4d9,2365,0,0,6.1760979433355745,0.4573657465820462,-1.2126377380413225,-3.3489510911747082,-2.0718748607015383
2369,train_images/81704925f759.png,63d9cc26aafd41b32729e0a3f89e0fa787aa3c828d0cdfe87572e0f45bb68cec,2369,0,0,6.07757235242363,0.7763939383222882,-2.346647359861721,-1.5440385274151311,-2.963280403469028
2372,train_images/2d07162a13b1.png,6f0da9461a06535d2cc39bb7769afe191889c61aae65a632231c0b0c061ab931,2372,0,1,-1.0700458958475718,2.3219547928995348,1.6753883362743234,-1.9839220233146966,-0.9433752100115353
2376,train_images/5889a0c75cac.png,7b6b56a3f4dc17694e2056dbc2e9f414218778d4a18523d3ea7a310ea16a591a,2376,0,0,4.9636626507290025,2.7238355537481596,-0.44623408324138114,-4.1153853924558135,-3.1258787287799237
2383,train_images/3aa2b1ce6700.png,f0b823b2b871bf4e9a7988447015e0ae1757405b9a7abc9407f74809f76675b4,2383,2,2,-5.843432211109805,1.4304740307925299,3.651228279267656,0.23251628275742364,0.5292136182922549
2389,train_images/addf66a50f42.png,41e2f1f869ee32f3df2e340d6fe32b27943e3266ee9c4f6a90bc9d6aff3c23f8,2389,0,0,4.963881881849868,2.546070163553891,-0.5233712981087641,-3.9893559232635907,-2.997224824031373
2391,train_images/4fecf87184e6.png,4cef06bd08181d80dd09827729f791f0a6ba5aafb1c962b168325e4747fa9d03,276,3,2,-10.748950941519512,0.4145714323226316,4.843946603331673,3.962444629330995,1.5279882765342727
2392,train_images/876deb29f000.png,c4e431568b2c274ad598b64989691084ce8057609d1b45a6fe801ae04302919d,2392,0,0,4.750601222864348,0.6237629739654362,-1.3423693912890926,-2.1523524006879553,-1.8796424048527
2402,train_images/8ae049175db6.png,a0327f55ebb7e7792ece4e6971063ffac104f2b3e7b274331e65b00549f29749,2402,4,4,-4.057070669861964,-0.739339248955024,1.4459958693240922,0.8869467655985857,2.463467283894362
2409,train_images/8846b09384a4.png,1931fd942a8006990cb190a6dddaa4bc3adaea6e1911d9ae3f5112943e117c6a,2409,0,0,7.707533714947249,0.9228132959747254,-1.7003039736611367,-4.831660649425502,-2.0983823878352803
2411,train_images/cd5714db652d.png,a2f68e56ae05b2117296a5cc58f9bf612340a565071afc1733597c64c579764c,2411,1,1,-3.9003787417439364,3.516896902969533,1.5926684488397227,-1.4800490786158147,0.27086246855054047
2416,train_images/29b52f64d2db.png,22337ae0a2939ba679bfdc4a9420b8f99f5e5d2e938404eea490e1c713b03ee3,2416,1,1,-1.6972593980506945,1.773473551782602,0.7839878778018519,0.41799986565996794,-1.2782018971936806
2424,train_images/578109578b46.png,6d17ba5b55170075b77ea9f4fd61aa9ccf4e9327f0aab29da0719d8fe64ba8c5,2424,1,1,-0.6181436781122709,2.5256414994226395,0.3850293273725297,-1.3916294787788166,-0.9008976699040372
2428,train_images/d6f36ec5564a.png,1b35acc047ad7ee3123cc57538b7ee8a2db6f322e5c92ef7827f229e240b0568,2428,0,0,5.4565256727744975,1.4921053024397177,-1.4526139481002052,-2.7079046904868314,-2.7881123366271394
2434,train_images/d7bc62d60e8c.png,c065d7afc7a4bffe837d980c1482bb6024188c1358be7bf0f7498b1319bd960e,2434,0,1,1.9543468043826047,3.190883889996724,0.48562215933509056,-3.987433720681995,-1.6434191330323715
2440,train_images/165c548185f8.png,926831dcb8d8ed74b2bac7927616dbcee781514e6b53aa1b39f4f39bef133bb5,2440,0,0,5.050680160270626,1.1444244402325014,-1.0268120374228895,-2.780346507060668,-2.3879460560195365
2442,train_images/789c60cba801.png,8f84819a1521a6264da2cddb81bc2c164547dbe84f4fafdced52c68781e6a133,2442,0,0,6.9439485699457295,1.4348116368052195,-1.5796033185536589,-3.2495374687762055,-3.5496194194210453
2450,train_images/58059e73d2d4.png,d20236c14731362d5d478994affd90031b143f6a21b7c28cb320aba887813a61,2450,0,0,7.380681301594979,0.838968930224369,-2.0994257467218596,-2.410162828075813,-3.710061657021636
2456,train_images/873fe0404d6e.png,aef6df0a2d7715aa75e40365a8dec51f49b6e16f8076d3a101a886fec4b53cce,2456,2,1,-1.963305367555074,2.730717666425524,-0.32097842909228214,-0.4396571944759058,-0.0067766753022170945
2461,train_images/6d5a8362dd1e.png,4fe42d9da3a2442f498b4c7d9da482ff16a7dce436ca3d5963dd17b62719b172,2461,0,0,6.370711725085166,1.8563727862903772,0.5172750645364662,-5.619691828496124,-3.1246677474158275
2471,train_images/5b3d41626ec5.png,9075a3b98e674eb22ba831075f857a465cc65c5512e4ab5b773f1ddd0c74655d,2471,0,0,5.589213933814773,1.12304609742522,-0.4686764844124476,-3.6268175533722475,-2.6167659934552523
2475,train_images/ec363f48867b.png,bc4890b086bf1db9c2730f422f4c2fa91f442882c71acd44eeadbf38accd4ec5,2475,0,0,5.742883384465441,2.9765123778490192,0.5601644160033837,-5.426762597187336,-3.852797581130454
2483,train_images/6bcce181be65.png,5371ce791b90c5760b2e688b5c4affecf3acfc1c7056e643300cd39f2b026cad,2483,0,0,6.755147406147924,0.9540506319921969,-0.25436353852941007,-5.394336607779539,-2.0604978918311225
2484,train_images/535682537302.png,4681f5b794d3e945a408c494d02d26997c5ee7b6d102bd2105520f3e643ec269,2484,0,0,7.43166640720148,1.5559975489463267,-1.1419692166326145,-5.8659836111468575,-1.979711128368292
2485,train_images/19244004583f.png,c78fd3dffbf1676942d2d2f305c1efb0cc84a91d82feafe565a859c26e6fbd9d,2485,3,4,-6.737756689374716,1.7903407937425104,1.8906266525457056,0.7288699265123386,2.3279193165742216
2493,train_images/cfdbaef73a8b.png,561169c9c1b0711a13830aae198a39229f90b416eb65032b9b1ee09d13d91340,2493,0,0,5.871833024013993,1.1488490043731563,-1.3608429698592472,-2.909820728532592,-2.7500183299952585
2499,train_images/a66c3165876f.png,608c8cb71b5ece8479bf7df45ce86a6da4fe00f87543b73d7532af1cf9a1d18d,2499,2,4,-7.555077106825418,-0.2539782494394137,1.7063247650506335,1.7990938121980766,4.303636779016162
2500,train_images/2db0cd3e30da.png,5848e234712eec4228968cb20accff8a27f4ca55757dddb964f4a91b9a59a7c2,2500,0,0,6.822690541672223,0.8446453235914966,0.3408592621666807,-4.4824932159288915,-3.5257019115014563
2506,train_images/e594c19e2e1d.png,6770b444e91a11001be278db875aab7d3dfb9fcaf84f82ad8032d834652f1176,2506,0,0,5.4575936218728724,1.419586887429366,-1.343296019207948,-3.3312466031297543,-2.2026378869644954
2508,train_images/1632c4311fc9.png,3bac7a949ac4807094cf5900b2355bb15ffa3c40fa8b97291c271ccf2cc4e383,1468,2,2,-7.368405222989357,0.8764255855711016,4.406932497063003,1.7896590381585755,0.2953881021967473
2515,train_images/e0863b353093.png,6b4e71c1b56c1afa5e1098ada4c9c80b20a9a504dd2ce7b9f39b3619f256acc8,2515,2,2,-6.589094748244539,0.12407816979045483,3.7397689216346546,0.3992568698022263,2.3259907870172394
2516,train_images/6028a575dc27.png,bf7d1e601f87eaa4271d662d78c18319f8b30b226a304eb71ae9d62b248290b1,2516,1,1,-0.8752582340515539,2.1325546151197985,1.0154052754555725,-2.007344534784055,-0.2653571217397159
2519,train_images/c261b1aaa828.png,66de3f0c097c9795e4a2e32471075889298c569e1648fd3724c647ce3060f7c5,2519,2,1,-5.563662753345232,3.7982759955921748,1.5249880427193507,-0.7866828410064662,1.0270815560402295
2533,train_images/c5b58cc992af.png,bab4631cf67174a86e73b9617f873a6c769efcb0991eb00ca9c281da72e77f9e,2533,0,0,7.121691150618118,1.6317263275484923,-2.3185793961894623,-2.7246255450054395,-3.7102125369716745
2538,train_images/8c0d05233238.png,a582a8c375bbde60029bee0ae6b0511add03997aff334744296bd03d09f554f4,2538,3,4,-7.692068488272944,-1.5022173371144083,3.168359338014888,2.6449959037540465,3.38093058361848
2543,train_images/c013e869acce.png,9c6d3990012804b205d6afa0840342d44a0f650d1bba78209bec57297b06f056,2543,0,0,6.929934142896437,-0.5867142580981534,-1.9069648560084491,-0.8027738648009837,-3.6334811639888125
2548,train_images/9e2058917304.png,4b8a59b71b8d087b0f450613540c8c30504d715c3a78948ad42eeef8eacb4064,2548,0,0,3.7430859983298617,1.4720558165961959,-0.5070536720692596,-3.390004654432511,-1.3180834884242443
2550,train_images/1d74c4713e21.png,cb09ba42819479c358ef89bd8a3b8e37dd43a21d8b847f9840771d57020c1e29,2550,0,0,7.13190402196265,1.2466655563278248,-2.937329310260293,-2.114782782415205,-3.326457485614943
2554,train_images/f952ad2e4356.png,c18ed220230d668a72fc008b079e713ec8a4348293eeeea6eb9269e31dd82237,2554,0,0,5.5371336221568255,0.44388871859101375,-1.0843628668125516,-2.2762073800379685,-2.6204520938972737
2560,train_images/1d11794057ff.png,875b9cc2c34842670cf0fba00fe619af47cb2d04019e4a78249914e47594b6c6,2560,1,0,1.169450452309645,0.7007941642685336,0.6674707278432492,-2.773787589787473,0.2360722453660939
2565,train_images/03b373718013.png,77063493ed4f060decab93ef02d5b3696744a55717b099541e1bc8ba2cde8584,2565,0,0,5.149286509847547,2.7731848517730167,-1.2265426115975153,-4.098349620319053,-2.5975791297039477
2568,train_images/08c60c647673.png,8e3cd290bbd4a3a1995cf21296dd845fc04f948e308c8640a1f5b9f135bd5bb5,2568,0,0,3.724110402441371,2.4753674819708205,0.5806822783426502,-5.581028555046744,-1.199131607708016
2575,train_images/0d744aed4d64.png,4fedeff5c27d080183e6f26c71c10323f1a576cdeddd8f5c65ada2ca6dff51b6,2575,0,0,6.120621862986693,1.4063942341879572,-1.3060736198004455,-4.416356394719076,-1.8045860826551006
2579,train_images/1002b5151b8e.png,dfd92f6d50b81335e9c38377e5fe08d5da7bc1efca9e30e2095f6c5d934776e8,2579,0,0,7.279253218447304,2.06435849872522,-1.553997230312455,-3.4762213044801724,-4.313393182379858
2587,train_images/1633f8291a80.png,5a8c7d296f976e9f53bb045bcd06dd2dbabc22a89597771f8730e119f38fcd0f,2587,0,0,4.9520272176492055,1.8373848169036977,-0.902332447705473,-2.4619226857803644,-3.425156901067022
2590,train_images/186c1835eec5.png,6a89b1b6bf7846e331c42106e418383787b59742192a5a4ea3b9efb927b772db,2590,0,0,7.01282205509995,2.5551763776176064,-2.107658014849938,-4.3448218688853855,-3.1155185489821813
2596,train_images/1ec95179cdfe.png,6756f56eb7e283ac8f88c78f1beb36223f7a232fac4c5cd6b8208aba984c252b,2596,0,0,6.0409467622138555,1.5481287036779214,-1.4314920421590351,-3.332810602824555,-2.8247728209081275
2599,train_images/20f86e068276.png,1c9d3821510aec59a3aee72f7cfa1216b3ae3bf94add4d5a2351e1a4f37b5f0b,2599,0,0,6.926948314373125,-0.797454533668008,-0.7179165297699974,-3.0485571668308022,-2.3630200841042717
2604,train_images/260a455692b5.png,8e484b9bace2c092714ddfb727af9a88146346b93b97bf9a36284671f3cca40d,2604,0,0,5.0085048928207145,-1.2024082801550384,-1.8167701622590855,0.07655611886905267,-2.0658825692756055
2615,train_images/3178559fbf57.png,7eb71f4df84a445098d12840fd16f3990e83ef999cb106458e02b0083cd2748b,2615,0,0,6.308892848717334,1.8733391282403171,-1.3634356800648997,-6.318996827839186,-0.49979946905351325
2619,train_images/351e842842a2.png,f13c99202dba356a0c50344a39b7c0357e98fedf969c3ac5bf55196c9d5e2515,2619,0,0,7.791322990467646,0.667289494474004,-0.2286313202891448,-3.2901763220537115,-4.939804842598741
2624,train_images/3c326543fff6.png,02232c4c8d8edc51aa5d93e5c9fc71bb4f9a75bd9e9f1814e4b90c60bd3da912,2624,0,0,7.416003014927887,0.6394341684578091,-1.695957020450811,-1.4858060832753568,-4.873674079659486
2628,train_images/401fdfd0db07.png,d9284b57929e9b2bad38a3d6b995e04fb6158c008b9b591a1f4fce8090770f84,2628,0,0,4.60170333247183,0.2762903415593908,-0.3049993290802986,-3.64262362703331,-0.9303707179175664
2635,train_images/4403538fb50f.png,cc3cbe43330123a17e5e6af5b4fd3d78fcf9c3798a6c96c76f8d6a8b01d247c1,2635,0,0,5.202152870137787,3.183291884790358,0.24680005756525225,-6.036778878804102,-2.5954659336892503
2639,train_images/48a45619d1a3.png,42cfad4d7e1e2d8657c748ec069ea38208ec1d7dfbef2d1272d57a2ba98d8ed4,2639,0,0,5.923770844242177,1.6219828107700507,-1.3487617924461037,-2.892816104520718,-3.3041757580453663
2642,train_images/4b237b958555.png,a72456e3a6aefe2310e9ca65f7f341b86ea2469194f18d31f466e3079014d742,2642,0,0,3.0369031509887106,2.0562639964513627,0.26807519751307507,-3.7868876720210354,-1.5743546729320719
2649,train_images/4dd7b322f342.png,1cf62edd6f2339556da3f0267399a73de367483bf53b18ee3d83ac6df3392612,2649,0,0,2.607319692383092,-0.7270603938616303,0.23378100266485347,-2.665179108503118,0.5511388073168653
2654,train_images/53273d664cd8.png,6557c71525b01f54fb0f194805cebe27889ff6136704517ebceae3f4b2e884f2,2654,0,0,6.2521765188711695,2.2871238204431057,-0.6893516412618408,-5.10783878892471,-2.742109909127686
2658,train_images/568455854a11.png,285cd4109374d36b0bbfd67d6f8e4384cf50d293a20197e372f5359fc1ffe0d6,2658,0,0,6.255288178102637,0.6095092234777144,-1.574034715632066,-2.58734264493504,-2.7034200410132065
2664,train_images/5c85d22bd0de.png,8b19bf39d57869002a28be21f5e650b7ca3cb6d794eeee7b53c42014fba6b131,2664,0,0,3.2367591472496557,1.2901916751672335,-0.2080867482589681,-2.7721152566023557,-1.5467488175555277
2669,train_images/6110ecb3bb1c.png,e27d28e322749a5e6d6e28d90924933facc153c8bf676d216568df2d44b74e58,2669,0,0,5.400763704904871,1.4783365201298995,-0.1997315276861531,-4.764345570588294,-1.915023126760285
2673,train_images/66460ecab347.png,2ec954da18338c645be85140fe9bdb6284ef08c384c3d41f47ad3dfaff485a16,2673,0,0,6.868826802840494,0.5636229309469953,-2.3058245022563755,-3.6319175278202493,-1.4947077037108312
2675,train_images/691eeb59b4cb.png,e2d5ee6fac6092f1e0b09cebf0ed5d4f660c5d3bad7a5ee1752ee7b2cc18ea4b,2675,0,0,6.885383962038068,2.698644174988358,-1.4375078598988844,-4.768573667525638,-3.377946609601861
2677,train_images/6b664ed2a938.png,b9607aebe4cc3b3c55a7388db466564bd10493353709ec810da9e0e2d5788d4c,2677,0,0,4.96348788512172,-1.4239862357342976,-1.5371132182584584,-0.6738615797534919,-1.328526851375422
2686,train_images/75369248dba0.png,f99412487cab5f0eb56814937f8fc99f171409815fd575965b54c821133b9d3c,2686,0,0,5.29027791812982,1.4541002461851074,0.13519163486716335,-4.913097181516983,-1.9664726176650604
2694,train_images/7ccf9d25dc48.png,aa45289833237a549ca794402632449aa9d12728304369eca3271e2c3cd3038c,2694,0,0,4.468144931134947,0.8142653667606234,-1.108055427503334,-3.1068721808977537,-1.0674826894944498
2697,train_images/7e9081e95bf6.png,65fe78a1cf492becbbba72837ea0af37656044aedc59a39d07b5caf70a213fc2,2697,0,0,4.746870203522258,0.897291249546798,-0.3546518021747924,-4.070053347323458,-1.219456303570773
2699,train_images/80f6b30ece8c.png,fbb85e6cc56570d9ad163d9939f6c0817f400fc8dff9ad910a79e9e0645ae8c3,2699,0,0,6.198424822606323,-2.34839247631865,-2.0001147295581507,-1.7923111730517212,-0.057606443677761354
2705,train_images/8650d32f4a9e.png,52b170a5d199e74d22c4150adeea8b6d0daf29f22422e5c1b7f136b81a4ac879,2705,0,0,6.959362657263491,2.26736754373798,-2.8578039369287502,-2.66728392119938,-3.7016423428732974
2711,train_images/8b079e79035f.png,e3c0cbd569879123d9fc729d9bcadff8438b1ebbe8deaf7222426bafed69caed,2711,0,0,5.230880436385196,1.5872293299003344,-0.633937055702285,-5.015176329186451,-1.1689963813967519
2715,train_images/8f06ca4642bd.png,448668081ac1891cf3c8b5b6a88bae5b37b31d4bd6e36eee36645c8417f67a26,2715,0,0,7.651375387729643,-0.6497633553508241,-1.702756663650349,-2.615355231567202,-2.683500137161225
2721,train_images/97fdee242fea.png,3f5f7d56cf27f15f8862f0529575a5a3a183acf64c37fc32c854c2ae730bcdaa,2721,0,0,1.9961445349727072,-0.36940429292113286,0.5009928260641412,-1.9402266027683772,-0.18750646534728904
2728,train_images/a0b7ad98df57.png,e934b49c17c7e82308e5bb66ca9624f30415a9e4594a8ba73e4e8819b7118bf6,2728,0,0,5.640143846113014,2.3166011985528447,-0.6577265408184718,-5.708249712067927,-1.5907687917794175
2732,train_images/a2811f512c1c.png,c09322233092232430ad300f6e871a46d5ad5f127d2f185b302e315b20c67c2e,2732,0,0,5.092760155488178,0.29615060549148287,-0.7357184429777264,-1.6095940224903058,-3.043598295511594
2735,train_images/a4ee03ecff60.png,012fcab62bd623d6bb0169fa48d5e44c0892b468946fcc9ecdc27218872ca28f,2735,0,0,5.497517404365705,0.004188543661358124,-0.09011535953383598,-5.512275305100785,0.10068471660759043
2742,train_images/a95d9d61ddd4.png,5ce2b9ceff5d7ce64f96710a85e0ac9620d629ddd28a255e071a31569619469f,2742,0,0,5.4048791303845745,1.4648974931435117,-0.34561372018007885,-5.317005740358689,-1.2071571629892812
2745,train_images/ab03d50bba2f.png,6241b255eb820375a035fe6fdca11d2676829dcdb9b51b51df1fd3f756e7fc38,2745,0,0,5.200651659226804,0.035575312588348895,-1.2987214458072127,-2.167510202056899,-1.7699953239510067
2747,train_images/ab686895533e.png,d4f1f2e88157a53f862c6ad26a82fdca0f3772b332a4e63b19ea4e7f87c3b670,2747,0,0,5.112480934610883,-0.09280855328653626,0.0833741704662263,-4.119368404472475,-0.9836781473180591
2756,train_images/b5bf7b84fc66.png,8fd57c7e7884d881f2d01fc6378140d30c1395b9ac0715f9d3b013827e097f64,2756,0,0,4.6725077350880255,2.4067712477149867,-1.5129961111875463,-3.9116775895063265,-1.6546052821090944
2757,train_images/b5e6ae31493c.png,1a36ee2cd30ad881f1e81cb9a964f2024390c736b1f51ae4f42d4ada9db4d54c,2757,0,0,6.249249667809715,0.6092124213079513,-0.5474659772823824,-5.39402692261053,-0.9169691892247107
2758,train_images/b8dab47a260e.png,7684b479770aca495ede95decd33772a4f1fd445124e2e65bcbd24cc00670c9a,2758,0,0,6.168579129583349,2.27757439872247,-0.41706337511210845,-4.882753260372381,-3.1463368928212923
2763,train_images/be521870a0ea.png,f48ed62aa8c0823844139fc769464e9f3f96cb26795d54ef13661e9fa36390fe,2763,0,0,4.092618169883072,0.680585159537154,-1.0651257545191126,-1.5632645018302573,-2.1448130730708033
2770,train_images/c2f3281cf528.png,96c4f8e47c65791447ef6b5f2b96a9906eadcf417c05b3cc53bd94391512bb38,2770,0,0,5.326505917270827,2.2310935599840573,-1.6878826078798241,-4.7383100268398755,-1.1314068425351533
2776,train_images/c5a0e84e955d.png,a113ae233dbc4cf6ee302e00d99e274a1348bed0056cd97e9c3a9678fd48cc5e,2776,0,0,5.93978582231881,-0.6522488453659133,-1.9468232724123464,-1.5117802949209667,-1.8289334096195433
2783,train_images/cd563556cb57.png,d2e9bf7c5e2701313e30a6ff8387c4162e0c07f2a575a0d7cf481d88d0c9d73d,2783,0,0,4.820938841488195,1.0281269058166749,0.4927477016827262,-2.142528388157948,-4.1992850608296
2784,train_images/cfb17a7cc8d4.png,95a445fbd9322138aecf8b72db0a48a37dbdfb3170a1d4a5e4599bd7b85c7fb9,2784,0,0,4.1017266468495786,1.517678806783425,-0.6136929822936845,-1.6562858622304477,-3.349426609108842
2789,train_images/d667af5742f6.png,d67d8c0197ba6ea97d085bf0d3c223398d100fb5c4995ea3a03228d4e28f75c4,2789,0,0,3.9191851671212254,1.595697357302118,-0.022631195695084205,-4.430387667357164,-1.0618636613710588
2792,train_images/d7e5fe5245e0.png,31b08868955755cbae36dc6bc550617e272cbabc444f1fd092799ca3fc3111e3,2792,0,1,-1.66968036741461,4.843276324760041,0.2818717519546078,-3.1180136482334775,-0.33745406106651155
2796,train_images/da9574d35b82.png,a2349806e4ae5ad6e3e62a8ed3f37bbc2ffd50bc7f0c38fb164113b064c964a7,2796,0,0,5.795845615000695,2.312827637478269,-1.3747032464346465,-4.832736413084539,-1.9012335929597242
2798,train_images/de18071c36e6.png,2efff097b267474f93861113d71fd78bc206800ee548024db1d8fee22ce75f5c,2798,0,0,6.239919035665257,0.9684897622333354,-0.7365356099700813,-2.1839069376246676,-4.2879662503038025
2806,train_images/e529c5757d64.png,bb4ae78ae7e054575f67b91e35f3248532dcd6c64337e355ecc1dd8276f2f5f8,2806,0,0,6.665419946279989,1.4654547540006257,-1.877972040905911,-3.6793217378560037,-2.573580921518655
2807,train_images/e632e38fd2d4.png,e110bf9bae7f26d1c99d9827b7bf2e61350b0d3e43c5b7eda08e235e285427f0,2807,0,0,4.852192956299623,-0.5118679537528864,-0.6328447348911497,-3.2551535636622333,-0.4523267039933047
2813,train_images/e9f3c85a2a02.png,c1639eb0deac9fe9732abf1bf5be46826186a81a28c968c2dc139f9c1b48de81,2813,0,0,6.4444991410008585,1.4226437728643553,-1.2670925721097934,-4.022287371128876,-2.5777629706264937
2825,train_images/f8d62557ad0c.png,441d159cbbc931743d3c874e96bf923816808920343dcd33e12dfe7755f885d5,2825,0,0,4.296645106301829,0.33311516114974116,1.151536092072002,-3.959136681549851,-1.822159677973679
2826,train_images/f994a3b07935.png,7290825249ef78aa58f4607346db4a1114169580ffd6adc502afda3a60ea3553,2826,0,0,5.21345354592039,2.3623898553585105,-1.364540217287544,-4.729189724246254,-1.4821134597450676
2834,train_images/086d41d17da8.png,0dbc89c5ac902ea1bb6999cbfe846dac0993e5535dc2ded701674d99f0507fc8,2834,1,1,-0.9071502188706618,3.401318466599999,2.258475755150672,-2.5775975913958433,-2.1750464114841432
2836,train_images/101b9ebfc720.png,9b329ff048205ab48bf0b1c21ab9cd4e245ec75aa33066c8205dece0b2dcccc6,2836,1,1,-0.6192123543866201,4.207009721911902,0.9797247623758547,-3.085976843243821,-1.4815452866572618
2845,train_images/2a08ed6bbcbc.png,37b3448cd6355788fb12cb2c692336777b57d98c7f062aff43ec7ae20d4f248d,2845,1,1,-4.196538995019443,3.7674669423225047,1.650334835211917,-1.9041895799024156,0.6829267973874866
2851,train_images/4da2961e62fe.png,99400ad7d86d70d264537a999a784aa645cdab8005f72ce2a09f5101f8192564,2851,1,1,-1.2051968234969386,4.33533140160377,-0.4470071702991134,-2.750364928777532,0.06723752096984781
2866,train_images/8273fdb4405e.png,82049e057dc9b75004f929fad707f343af97c14e1866008b4e4a7c81120ce090,2866,1,1,-1.578837134305188,4.274728060773405,1.4476188466693012,-2.194429677900116,-1.9490800952373433
2867,train_images/8a25a080f28f.png,814cd160ad8823ee1a18aeb1357db840786f8c310b7f684a695cbeab61c6aa43,2867,1,2,-5.988301572466145,-0.8019455398148282,3.4759110033278793,1.113812962263096,2.2005231466900352
2868,train_images/8dc22e65c06f.png,8431ec7d5e864a6cbc72f080f732fa25cd2d0df4c83378f00fc88c26cd6d513d,2868,1,1,2.9224012032603737,4.325704540882793,0.6315692471897749,-5.442060979757828,-2.4376140115750835
2881,train_images/db4ed1e07aa3.png,fd0a65669f496c50bf9e8f4a05ef85c92a9ba461ff4fdda480b7131edd980916,2881,1,1,-1.3194887555779746,4.148371136277639,-1.1350355997910981,-2.6683362688114887,0.9744894879029671
2886,train_images/f55e1d2a19e4.png,68ea5410c5e1db6ef00a686542339af36044c177c86c4f06e696ab45f3b413be,2886,1,2,-8.131420905167996,2.1029563627570194,4.3372811650112135,0.14556247032007574,1.5456209070797537
2889,train_images/04a6fc58dabc.png,ba610ce1a881c1853326316df99bb59249d2bd9fd22e9764c129b78ae05cd5c0,2889,2,2,-6.959674221844116,1.8044287589786827,3.2446815066563577,1.4556028643893895,0.45496109181974703
2896,train_images/1177d583c807.png,78dd040877aa17a48c28223e33b49846a7ba6b083b0b4551ef96b7dd7dcbcd13,2896,2,2,-6.46359649067317,2.5711593645261845,3.850125311912481,0.6465465808614623,-0.6042347666268978
2897,train_images/1438288bb2e1.png,f99d1f17894f72612279ed568301925506056870f883ea53cbd84ac2b0709792,2897,2,1,-3.3701428568024356,2.502796355908759,1.7821362712057187,-1.1350696140780152,0.22027984376602366
2899,train_images/1c5e6cdc7ee1.png,176149b4ad4e93374a8c914895a12aec5180b6e0b58328127a8ae92d22047892,1145,2,2,-5.436229607158627,0.3922303021426111,3.829077861441519,0.002816344089506151,1.2121050994850404
2904,train_images/2241b7e90782.png,a88cd901e88c592a82864bd9b29981105f7ea16b946b8819b4929b5fc45200c2,2904,2,2,-5.15159513677425,-0.19943626037151574,2.70947852238647,2.023410698828008,0.618142175931355
2910,train_images/28f93cad89c5.png,002a8b30e8313f8742af31ce33425ff6daab9edd31eec49364f91885686459bd,2910,2,2,-7.0676680931817755,0.6525094340158673,3.891409560467607,-0.006396645989870553,2.5301457446882063
2918,train_images/4289af3afbd2.png,65fc38a4a7ca740acf49a3f5a5fb353a21aad45ee78e01c621b17377e1dac2ba,2918,2,2,-6.8995446830929295,-0.6248283180069379,3.6266504993891875,2.9727307871902156,0.9249917145205047
2923,train_images/48afe8c47454.png,3180da9168eceab0070e202792dd82390c90cd1967d3c69bad5b8a9e534594d1,2923,2,2,-9.772147754099207,0.08624177917472631,3.8442227842692205,3.6507403232841407,2.1909428673711537
2927,train_images/5152bf091152.png,fd5484e1653eac1d56a72f79f9248179e60e4c9293b65afedff295b8817222a2,2927,2,2,-3.602279987757423,1.5660685163108452,2.518901458571877,-1.8562971817164253,1.3736071945911763
2928,train_images/51cfeccaf40d.png,1f39a6eb3f252f944cc931c9a1af2341e874107ed270320c097b6d424f04cd7f,2928,2,2,-4.200553209227034,-0.5461824702621051,3.0528982893071204,0.1713122050544882,1.522525185127586
2935,train_images/59f3f70abddd.png,841ec574377ec8c07cf186af0b77da97c02d0aea56c71b0e9d86cdec750ad065,2935,2,2,-1.8917815324728857,1.4283013579554709,2.3573051320212146,-3.244032899542689,1.3502079420389346
2938,train_images/5d024177e214.png,52ba702df1329bd4dc8c0b94c51eb46860a3ac6e7543480d4336f2f61b0d6cff,2938,2,2,-6.251070630307144,2.678976208829371,3.2832430277495233,-1.4638755108793675,1.752726904607667
2944,train_images/663a923d5398.png,f492fee29ea971b219db93dd246b09a80c4c47e61cfaa41a6e5763f7296caa21,2944,2,2,-1.4667675049910291,0.8917026388352003,1.990485962303924,-0.9387980353806882,-0.47662306076734645
2948,train_images/7455e2b5fc57.png,78da0c300462e3d48de161582971e23cbdfd8a19c3082e6fe32826d438e9356b,2948,2,2,-10.46495351406336,0.4865817926282323,4.3985962343486635,3.633371745421133,1.9464037416653825
2951,train_images/7877be80901c.png,5a379ff8279af2a2c430db3976a33dca04a9c3e9b763cbb5a1350c43c8657449,2060,2,2,-7.799490727215125,0.7032359469365901,2.809243214513087,2.4882729529931007,1.7987386127724032
2957,train_images/8000a6b97a84.png,8bb6439d5d50bd1784f891860dac6fc3cbd7bb748c150f8ce98fc26d2c52528b,2957,2,2,-9.07334971767656,-0.400131744098298,4.202985834502183,3.225028345194045,2.045467282078682
2963,train_images/876e1dd12d38.png,18cf1c7ef046ff56a2d6bc6dce0cffaee97710af01f24ebf4eb08648393a4ea2,2963,2,2,-3.628172551792904,1.1692389092770585,4.576036741346212,-1.3258251691983287,-0.7912779296319774
2964,train_images/879744b9dc65.png,30c4f39f607d823f550dcf73503ac615f18daa307f1c0337e8c3319788e31002,2964,2,3,-5.288181602958159,-1.551419136628431,2.4935538049108974,3.7250850930681736,0.6209618416075733
2973,train_images/94a67ec0714f.png,2e25958bcf5a14e210e56ea559363b2b7ae99bd5361be943d9cfa0630306ace3,2973,2,4,-8.557214959305739,0.35960064424459703,1.8252395775217416,3.0675206340905703,3.304854103448876
2979,train_images/9df31421cdd2.png,b17567e40bff754a683787893bc97434da99cd5ffb6e9ada84e62bdcc9be9163,2979,2,2,-5.747713649410644,-1.1952515098703307,4.7469488084505445,1.0135271980765104,1.1824891527539663
2985,train_images/a15652b22ab8.png,57d8daf10020a08edc358bea7606ff87ee9bb161beb608daa81c9060c1f14dc4,544,2,2,-7.327088371144668,2.381749315980868,2.6727439420202197,0.9058989268200099,1.3666961863236247
2987,train_images/a721efb1e049.png,514e2cde8689faa9f686a990f0e6ea92fed28caa5dca391bd893e404d9dc33f3,2987,2,2,-8.002790578305182,-0.48762394016037336,4.6480407474641865,2.9692474562571842,0.8731263147442316
2991,train_images/abf0f56c6f12.png,8262102e824a3276feeeaa269f1a070a39953dd0e498a38e9bd3cc6aedd94a61,2991,2,2,-2.894263699832522,1.498809362107175,2.315503710573692,-1.695689214587912,0.7756398417396118
2994,train_images/aef9016557ca.png,56686e47114fa1bb21b85063c09553f4153c76e766020a6a1e77b83ebb2208aa,2994,2,2,-3.8212491399879114,0.3540343269242352,2.5514492173638006,0.9866693897984133,-0.07090379409850062
3000,train_images/b91ef82e723a.png,0034a93aead4bd2b86b2db0017afab72c0abc6d0d5338ec2300eee7936b2af75,3000,2,3,-6.146405971914204,-1.97779507840103,1.9687966799570131,3.6471686302041206,2.5082357401541393
3002,train_images/bcdc8db5423b.png,ee1c59e42bcdc90a564674b7e00d832125bdd198a90d94dae9bc6c8c108d1b08,3002,2,4,-5.493471219733304,-0.1761451989186701,2.16618352111498,0.18754980670023103,3.3158830908368104
3007,train_images/c73c5f6ef664.png,ba51547005a4caf45afaee3d1ca393b199a9918035626de62b94ac915fbd1676,3007,2,4,-9.128890121698909,-0.2276992559701564,3.635052278940666,1.9962350806750118,3.725302018053437
3010,train_images/cf0824f53dd9.png,7267c66ab0a6883d16ff5980ebdd56127730359b282d8b80fd0b1964b3ea3585,3010,2,2,-4.4190864361211935,3.028446946723518,3.4951259262698287,-2.4050223796169474,0.300535942744852
3015,train_images/d83d0695e215.png,bee8e754dd8ab2aae6f5e91ac55b0f3beb197e90dee9c94b5587b2683281c9e2,3015,2,2,-5.370278039245676,0.9094947083340457,3.0425525453332742,0.2296472836324035,1.1885835019459905
3017,train_images/d968a983d4d2.png,92be74b53ac9f57a5c1b0e8f90587dfa6492cce7dc19a032d7618cb97fd2b0b5,3017,2,2,-1.2300675501209128,0.8119200977304762,1.5240146747299976,-0.534707023853217,-0.5711601984862912
3026,train_images/e2856afe62c5.png,de5d918eaec75d53e0c2ff9c98c2ba10296f121ae516a9b86c5da6b45d096763,3026,2,2,-7.832902223007371,1.2011239067934147,3.144701130033215,1.788090015219679,1.698987170961113
3031,train_images/f80118bbda18.png,41d42f931ec2f9729e8ce481f54fbd252802fdd1de73d3d3a5eb12d8191651a3,3031,2,2,-5.36782888606117,2.8647144934068356,2.960658688288701,-0.4370819949172763,-0.020462300717034865
3033,train_images/f920ccd926db.png,ee1c59e42bcdc90a564674b7e00d832125bdd198a90d94dae9bc6c8c108d1b08,3002,2,4,-5.493471219733304,-0.1761451989186701,2.16618352111498,0.18754980670023103,3.3158830908368104
3038,train_images/0edadb2aa127.png,463631a7c5aeed5d61f2fa8cf01c95aebf1aa14409647fe894171773cc84fbf1,3038,3,3,-11.914598874433356,-2.3657529538781317,4.163258866152946,6.027922666852349,4.089170295306253
3042,train_images/383e72af1955.png,f927361e198284b4d57f9350e2a1b19176719dd12d15c3c357f15bea4dcfcd0a,3042,3,2,-9.95426465751903,0.7504635514284423,3.9573802814801518,3.215852847103106,2.0305679775074017
3050,train_images/90b8bf342032.png,25e488b9f490c37721be0ca62ec761341aab4c07a7919e555713d38d655ee316,3050,3,3,-12.410786492707986,-1.608988801718552,3.846742806065606,5.916119918701855,4.25691256965914
3058,train_images/b960142a8de7.png,d8c8ebeba594b3b20bc43c46ad9f9fbb64daf7c15f17a2ff8eb9ff6e8c3b2533,3058,3,4,-6.1836914501806675,-3.6693751232629284,-0.7886854633485483,4.975559776013728,5.6661922607784465
3060,train_images/c3cd0200df79.png,8adf033b3bc421dc11856ffbd47d04cb2064a43499b24520e15d4a6252d9f70f,3060,3,3,-8.430211403656424,-1.4541335360655276,2.1688751004418787,4.400515112306993,3.314954726973138
3070,train_images/254052cf3e48.png,8e7d973324f9d01fc934f737fde5fb0c696cf54f7c3625750b5c57e6fee892f2,3070,4,4,-0.5074732164381923,1.1181554384735315,-0.19007715457455965,-3.0518111677244204,2.6312061002636895
3074,train_images/3ca637fddd56.png,7d1d879f980010e0b018cd8cce764ff79f54fc54323912de7e5950899e5a6478,710,4,2,-10.277989440124909,-1.0304714119247769,4.16984025729428,3.6356659099884903,3.5029546847669693
3075,train_images/3f752fcccec0.png,37aad92bd924416d893758e028eda0ea5fff032e0480ffb7932c1bd745f40d35,3075,4,4,-8.543037322992575,0.37946122597388443,0.4184370103728072,2.898913667931497,4.846225418714446
3083,train_images/857230f64a2e.png,55201060a6e73e0539cfe704cc0644426ca88195fe3ef7adfd80c95603dd9e50,3083,4,4,-11.179965953295735,-4.588068838541238,3.536229550568489,6.098906018754794,6.132899222513749
3088,train_images/a5c9a8c726b2.png,64c3bccd1c3a61d98a60d18c71ddd1202d5057fd7c0efb235594989a8adb0dac,3088,4,4,-5.465367432800165,-2.190434801019056,2.64698665822063,1.2831046915952922,3.725710884003349
3093,train_images/b96b518596b3.png,dac95f95abf376924c1e19d7937d289d3017f04f90b8f7b2b5c19a4b95655dae,3093,4,2,-10.537564419884522,-0.9072877880376752,3.9650330680205537,3.785279306810078,3.694539833091624
3099,train_images/d659d7fd5ccf.png,86cfde1aaf7d908c9e75621879c164c71f5ed99bce746c852dda04b3dbfb0b55,3099,4,4,-7.815203749367078,-0.5806167451230658,2.5196133813802186,0.43776994391645685,5.438437169193505
3100,train_images/e037643244b7.png,c87eeeea3392ba1c66ff3df64cce02b2c05616d6591ed179f1ee7fdb362ad6c4,1072,4,4,-7.852085703730396,0.7769055310236593,1.951616905853395,1.2280615208307502,3.8955017460226626
3107,train_images/fce93caa4758.png,d9b5662d37b6e11aa4d434f7b86fa320db50d5c6fae12f7e8ad73de1a560e81f,3107,4,1,-4.656287140673144,3.532274136651661,2.2356701884158507,-2.570393015484844,1.4587358310905203
3111,train_images/0232dfea7547.png,4aacfb4939e4c24efc3bd08530d1ec1d17d3c00143e937fc5633eaf2aac2a970,3111,0,0,6.639080655322714,1.5577320834972068,-0.883503032211242,-4.28451562815452,-3.0287940784541147
3115,train_images/08ee569d4721.png,de247ce2609e5136e0cdd352f932ba99c26059057a32559d7abf625c6aefcce7,3115,0,0,4.194825674172865,1.4780812724177834,-0.4679765205588742,-3.0562059895337548,-2.1487244364979903
3120,train_images/0e0003ddd8df.png,7a8b27168271eb202a0f7b7fd9e1195d5b22c95028309ab5455e985be72cc6d1,3120,0,0,5.080366807815996,1.2194991704442013,0.101635626672821,-5.345380783824843,-1.0561208211081363
3122,train_images/11d8e5eaee5b.png,f769b361f87300e0ede321b699e98ea6636d3d04f2f6357f5535b57e53c08858,3122,0,0,4.49369215054343,0.8647767879096881,-0.3314445775753265,-4.002109920336597,-1.0249144405411479
3128,train_images/164cd5a3a6cd.png,8502bb39b1c9ad9f7081d7bb192eb152e995153509e553f1977dbc0e418d5ee9,3128,0,0,9.876091094076708,0.24312874936385775,-0.8887912660208326,-7.086288374613498,-2.144140202806188
3133,train_images/191cf5668f33.png,6feee5c47d8ad7f5b8d5daecd445b9b48f94604532287c38c9ab271931d0e5b1,3133,0,0,7.322718507003457,-0.13531150331251018,-0.833180936097661,-3.590865784185044,-2.7633602834082005
3140,train_images/1eee55494271.png,e35f928d97a1a5584d4377ff55cc685f4e95756222e07dd686dfbf1836e66127,3140,0,0,7.100657913101014,0.5072710202005126,-2.243753691471488,-2.928838429843675,-2.4353368119863195
3146,train_images/240b25a7debe.png,f95e4f9bcfb147e6465a04c7b6981956e771dd43ecfa5a729c74986ec5b6b5fb,3146,0,0,5.352677806818459,2.618493414424221,-1.2311907472372356,-2.997905299406742,-3.742075174598649
3152,train_images/2c8101f14723.png,ed938ca48833d450514b96c10e54be458700e7969cd5886e0847bef9ea4b20f2,3152,0,0,5.972485560615294,0.139052655960897,-1.3814385466601478,-1.4211721665007335,-3.3089275034152736
3154,train_images/30db694bee42.png,05433daf11bbcebaa936603b133ea04d528f8373201ca4cd14cbd20ad27b5c81,3154,0,0,6.720001624734379,0.30662585288174005,-2.1003456092954416,-1.7516949775368795,-3.1745868907837624
3162,train_images/34a7dbd3f05c.png,96d4a6f66db6227cb75d00f00f31cdb68381b1a7a3bc26f4e0329b12eafa35d1,3162,0,0,7.570369177028392,-1.0960130292148262,-0.6315350466144369,-2.6742698283586837,-3.1685512728403955
3166,train_images/3fe282197c1c.png,8f9d3b74b8a40ef957fc2741de75dbf700219ae4ad12321ce3339be7eaeab5ee,3166,0,0,6.560055046586372,-0.5177307209745995,-1.629027783883284,-1.736032255174643,-2.6772642865537937
3168,train_images/4318b6adeb97.png,568f6ad88688bcb79aa5f636139acc2fddf9d2535433ca8474cab89c9183f39d,3168,0,0,4.186743354854739,0.42887665657355045,-1.1095563472829066,-0.39680318175749196,-3.1092604823878434
3173,train_images/44a86263117b.png,3c17ca371313e179bb094234e093b3f7557252cd3854a6f4eda0c61431a54a28,3173,0,0,3.225426473618028,1.454912754932447,-0.45740327633479283,-2.037041133751421,-2.185894818464229
3180,train_images/493d99f030e2.png,48861cdadf31b0bdd5fc6e11ed45c6e30b5d1b123782a243e543aa81e8cda21d,3180,0,0,5.037663990210506,2.55638300106276,-0.9363767236191458,-3.828361921719668,-2.8293083459344093
3184,train_images/4cddfc22b0ad.png,9152f12b9540d88ed2360aa4b53eb853c414d60f5ba6f04e64d00d2401b1ebda,3184,0,0,3.8274099535928667,1.0309307982976081,0.19464120014951247,-3.3111434632458376,-1.7418384887940972
3190,train_images/51a078d6d43a.png,b3e7f8d668e13981ec1762c963f8885511fda223150efa7cf0bc7a0e1a752b7a,3190,0,0,6.440596039877715,1.2970830281348897,-1.1599023282441672,-4.272944334309011,-2.304832405459383
3191,train_images/51aa3361294c.png,12c9b8d32951dc98e6e32a69855b2688a73e354e42040f72d3b83f8f0a9e64ff,3191,0,0,4.525340813198543,1.4437579437358865,-1.3788999407376463,-2.8850821319136974,-1.705116684283039
3195,train_images/54038e56131d.png,4cec355680dc45fa79a605eb3b26c5e43cacae12ec63aac4b1ecdd8bf8fdc13a,3195,0,0,7.2238592924138505,2.4294477640340664,-1.4402050695600004,-4.5383501026282715,-3.6747518842595976
3202,train_images/5f4a8c074bd5.png,4bb284f7858e6ed1f8e4485af8867b9d08203cd38e28ee54c40d7d989daacd2c,3202,0,0,6.473030729210314,1.2908429075315344,-0.4905464499873007,-4.313296010200353,-2.9600311765541556
3203,train_images/60aa4e649abf.png,e39b1a15712bbf4bd50c07c2febf209db8d7d3f12bbb2b078329c523e8afaf6b,3203,0,0,4.539280283763173,1.1759298238779718,-0.4676119941432477,-2.950507170049334,-2.2970909434485116
3212,train_images/6e092caa065f.png,c030066d0fba67eb4bc76efdcf9016b4acc5d00f9ad6f509816db52c03aa07bf,3212,0,0,5.689216639753906,0.813426976954148,-1.1558339970093479,-3.4494057696520626,-1.8974038500466026
3218,train_images/737ef6226677.png,7faab28af108542d2345b7a2fff14614fabec34af74aa3170817ad226fb85531,3218,0,0,7.428581142693186,2.678886582325833,-1.2745875786279124,-6.094143029896427,-2.7387371164946357
3225,train_images/79ade634c633.png,92ec236c8ab9c15fa89b1941c8ce611a1de900e070b6671a592c1e40b4cf567f,3225,0,0,5.7021242812730435,1.8960494961058352,-1.6697073615495663,-3.158230621141534,-2.7702357946877445
3230,train_images/80e6e425f966.png,b4453c61c7d77d176575f6f1f7a317a8f822ace402a1b41d075151d4e2a6deb7,3230,0,0,5.311639234311983,0.9754701188097742,-1.1229179112185408,-2.335840409228612,-2.8283510326745662
3235,train_images/881ec6186e68.png,4087fad1d50187a8fa4b78f62c00a4799f957b11bac9a9baef17b220eefd85ce,3235,0,0,6.746224624799849,2.491422334747894,-0.34564834915168374,-6.110346478289693,-2.781652132106326
3236,train_images/88e4399d207c.png,f1441a207390d3b03e4e7e4539f952c8b84f64db034d4c30eb5e4879d79083f4,3236,0,0,6.469064060175964,2.266504890740326,-0.675432283463008,-5.223066382658744,-2.8370702847944953
3238,train_images/895fe2bfc5b6.png,bb9732522190790e75a4796dfeae8d171342eac56cb2702aef5f30e8d46ff8e4,3238,0,0,5.433486241484718,0.6782204857169701,-1.4415649593714284,-1.0012981895316138,-3.6688435782986044
3242,train_images/8e2a3978c244.png,b159a4f24f2f9ba313f18c6eae09f39221b9b9f0261ea97deb0490da2a12f831,3242,0,0,5.11234178990305,2.6348929246056576,-0.11700696232064989,-4.87846621787319,-2.7517615343148303
3250,train_images/9858cc2ae073.png,9016d00a6b93f942b1e7066856cf4d6932f0cf567ef773d58a980604a09f8b74,3250,0,0,5.507630127496664,-1.3790342999572083,-1.020209021144981,-1.0183010214134065,-2.090085784981025
3258,train_images/a07efb1ecfc0.png,fc90e55b47bd780d8d33d82d17b967f5132d35df3d8057a5d67e7cbb1b5a12a4,3258,0,0,6.847774108741879,0.2696173403444271,-1.429149609246492,-3.4848827636427577,-2.203359076197005
3260,train_images/a0fd94e2ad76.png,d135d6531f4666e13ea320c2c602a6a688ac308f865e63bd3a7531d73d81b06c,3260,0,0,7.277270516610355,1.8989142548758409,-1.3932977402947146,-5.280265295859603,-2.5026217353318385
3265,train_images/a53d6d2472a6.png,1746e701fbb00739668ce642eedb55d9fb4f650598d8904487a860ff4f2e7884,3265,0,0,6.014424954694982,0.42458485985082584,-0.6783866003322006,-3.041820525803307,-2.718802688410262
3266,train_images/a5bb85afc6e8.png,e0fd0dec8c386b5827e49dd7da94984357309c8f38fc5d00c793a92be5caeb06,3266,0,0,5.580794075603646,2.0124992908666033,0.0674359168016434,-4.148014172586716,-3.5127151106851384
3274,train_images/ad1aa75d5630.png,6db5dec4f57a83c0f1830e6f238fa31f17e67894bea7e274932aa313abc5b9f4,3274,0,0,6.779363607485839,0.30817257238005535,-1.057900180738407,-2.822863854436151,-3.206772144691308
3284,train_images/b549af91bd30.png,344f3473386e5bdf27301d3b48bae168fc05bc2fe619ef6c95df292c8173174a,3284,0,0,4.891393083612818,0.2992800486397753,-0.628494699709091,-2.503901720405673,-2.05827671213779
3290,train_images/b92eacd1392a.png,f0e4c65ee574cc3156c9fe4f79dd0f0a52aa410f2e2bbd946bb07a61f9a92160,3290,0,0,6.767608102833472,1.8626902139125923,-1.0121402636955177,-4.8366410768292445,-2.7815169762212646
3292,train_images/ba2ea9182090.png,111c33230b9e7c563e3154d8f44ca5f5fb14faee04eccb365913624ae3afc181,3292,0,0,4.9777160263181175,1.5524837393261905,-0.82987712438306,-3.2254607359326553,-2.4748619053285497
3294,train_images/bab776139279.png,0e1dd6c83281c80d453d0fa9409fd93d31304d50aac3b8bbbcc629512c0177fe,3294,0,0,5.25295790634917,-1.3276338877318974,-1.8186531572511428,-0.7935020525160261,-1.313168808850058
3301,train_images/c38dec54a9f7.png,588383b4d8ce0e473c3f7d4ecc04b20e40d1897f6e8f2d9803c4faf5514f553a,3301,0,0,3.491455929269713,-0.08876224111438391,-0.5161958583756094,-1.9636268665181664,-0.9228709632615202
3308,train_images/c9e697117f3f.png,19aa0e22dee1731c20ddf93d37712213b21666a4486b2adb07d37f0909d9dba7,3308,0,0,6.452707605551802,2.273437463997543,-1.3194876781420988,-4.4336223576719025,-2.973035033735304
3314,train_images/d02b79fc3200.png,fc6aa0efd42b27d10d72cc0bb8308479a65e97b31c7239d8c2c89c5915151d9b,3314,0,0,6.050438289996095,1.3698696256728584,0.31589015184774266,-4.515749213673205,-3.2204488538434513
3317,train_images/d2dc86021c67.png,5bbb3f694016dfea70d5939eee520ab2eeec9b5648c433e7ec6540c8a3039146,3317,0,0,5.02183009454851,2.463709281806557,-0.4441241241523155,-5.963961827082753,-1.07745342511995
3318,train_images/d332d7b8a26e.png,208b86599ebeaa38d9570b667f1eb014f2c05bb0a882b8eb9ec5ed5598f9bc83,3318,0,0,6.153328381872596,2.184143669203725,-0.6276606423404907,-5.879919687697543,-1.8298917210382522
3326,train_images/d93b61dc8f64.png,cdf575451deb62d61bf963083b5b2fa3fa8113e77dfa1360dd5aa5a7b70d7321,3326,0,0,5.408443892664376,-3.37475570815187,0.2395822841814188,-2.1369730565980545,-0.13629741209581364
3334,train_images/dec5595e6154.png,3b8404401a40cd20d86610e0ea33f8ed3887d7bceb893de2bd775a6a57542660,3334,0,0,6.069069526880598,2.2113002145295035,-0.2394078017401169,-5.399533637820779,-2.641428301849158
3336,train_images/df0886f1e76b.png,ab2fea837a1b519345bac844a855175c39eb3fab139b5d1b9e25e3fd9de321d9,3336,0,0,5.785667176204263,0.8554226987927389,-2.167634586402661,-0.8446749213033564,-3.628780367290946
3345,train_images/e68bdd36e589.png,a545eeb4d5d33429aea6e93cf22aa1ba6662d227f4699a504e6a0eb586585ac2,3345,0,0,4.351649913889889,1.308475511067001,-0.30035678864947224,-3.2809580422303144,-2.078810594077049
3350,train_images/eb050765b323.png,c046310cf0bcb8dc32d1ec676e425fa0575fe948c38bc440b7bac718727b3575,3350,0,0,5.782119399630885,1.9608259931460927,-0.6052597296711832,-4.566257712723314,-2.5714279503824424
3355,train_images/ef48780f5d5f.png,643d095ce0fa09e106710bb086e51d9569fda990118f83df841a080f39044649,3355,0,0,7.325344575318345,2.2489392132472625,-1.2480757709334893,-4.075908155829198,-4.250299861802879
3357,train_images/f0860c21533b.png,193bbf14cc87e9dc9f842790efc99539dfcee8c463c2b741301aed5f1de53e22,3357,0,0,4.303442903518996,1.1705955637140186,-0.5780632361027236,-4.735350499256842,-0.160624731873393
3359,train_images/f298b7d05958.png,6f3230dfc5e4cf0b03637af48ed9917498b07527cbc33725a9ec3fd3b47d18a7,3359,0,0,4.5761874265444025,1.3544289527778353,-0.4038645717195928,-3.482148783016843,-2.0446030245857614
3370,train_images/fc8fce67fbf8.png,268ddd86bee16d7ff7bbe4f9be3cf266fd8ab0608b205ccdd2ebee1ee45883ac,3370,0,0,5.312021965138839,-2.531082077899004,-0.4913142305297915,-1.9112583709887772,-0.3783672857212238
3378,train_images/ff4955e76894.png,dced3f7ecda88a835351c70f8fc1d5758ba16aa1207cc436b26f7905bddf39fd,3378,0,0,4.418753885105023,2.7262611285926917,-1.1296859976989493,-4.495806241218642,-1.5195227747800713
3384,train_images/22a6da005395.png,ac39fb94d7b73f6b71dbd5d96865d2181cf653f1abdd0ffaf3534a8d36e00d81,3384,1,1,-1.2022324985103328,2.6213519256587814,0.6015739849087846,-1.0058668083202635,-1.0148266037369216
3388,train_images/35d6c4c50072.png,8502459ce6a945aa2a3b730f909278cef7f553fead150cc5c16f20c1094b5534,3388,1,2,-8.451514012687795,3.4364933901846717,3.7469578542806854,0.28583381452154266,0.9822289537009521
3395,train_images/495255c7492f.png,c3fa54523aa5f52032d6204ba870d397a90077044cb63395aa3ac278eb0b5387,3395,1,1,-2.936554418143408,3.2184276178541635,0.6842420759366794,-1.9399729638786014,0.9738576882312115
3401,train_images/53704c80f0d8.png,97ed0d0b26c66e50fc0bbb5cf1e5c2900f9334d2ef1fdc7eae4e77fdc7c688a3,3401,1,1,-4.24529832074142,3.7469274751165527,2.3916331644354125,-2.204400473292058,0.3111381544815706
3404,train_images/5efa24b03d5e.png,c7a85fb602a0d32269a0f74a2633f63304e7e6bf182eb4bc23290a1d58e8c7c7,3404,1,1,1.6442908792452622,2.3028477018487434,-0.43173317251712784,-1.264836378104826,-2.2505690304720165
3410,train_images/7b20210d9120.png,341e1fc22d108ffd3eafb96daf4adf4bded467286596eec0a2493ecbd042f6bd,3410,1,1,-5.68964506338898,2.7650865099599837,2.1534971884201135,-0.9038171373173354,1.6748785023262651
3412,train_images/89ed6a0dd53f.png,6853c2f45e7a182ece812c2825bea574a19682e8d55f8a0386d0d9625bca26c0,3412,1,2,-5.319095112167613,2.1249800900911784,2.92630665920818,0.9630282048562251,-0.6952198419879194
3419,train_images/a19ecd0a706e.png,284214c0ddcb433755d8402a694d8d8aae33de8a48730cce4663031433903fb6,3419,1,1,-2.7211629789682914,3.2754379862990874,2.6270005320141934,-2.9843025675658423,-0.19697297177911222
3424,train_images/b576c5269ad1.png,9c2108c7528b935e27b10d0cee2c55f2699ba27bac2e6fe131dc0117e0a5fec1,3424,1,1,0.7178451506102211,4.433780187587338,0.8719927475464447,-4.147359443712794,-1.8762586420311498
3434,train_images/e2a233493b90.png,207e58797eaeb9a3f900fcc0f8581a57fe1020fcf1932116672126205fef3eed,3434,1,1,-1.117513545897104,4.9889976208938975,1.810029612487624,-3.790430544042837,-1.8910831434415147
3436,train_images/06024377d573.png,d5ace70ac35bb85d05d04399ea5fb43063eff45e240cd4b2a6ad118a6daf3d88,3436,2,2,-11.542252475863108,-0.04079935851617511,4.9602932923911585,4.0262530254084945,2.59650551657968
3439,train_images/0c2e2369dfff.png,4a79063efcc4b34a10ae728b9b8ed19effc52dd927f9ccb81b5146e9488c3bb5,3439,2,4,0.2941251657559349,1.118930791195775,-0.14856356852771635,-2.559769778768289,1.2952773903443333
3446,train_images/1594ca6c30d3.png,43c17fd725a523e5e3f80d960a3a7bd17d21fe4d39c47cf339b6d15d532c4993,3446,2,4,-11.351985160925969,-1.4616370020763503,4.017139882563827,3.293896513436194,5.502585767002347
3451,train_images/1e4b3b823b95.png,f99c2f7a670b7bdc9c3ee1f20367e220ae217363208e9178291358ba2ab79f76,3451,2,4,-5.604572223216156,-1.8850637677402413,2.268590038618143,1.5083833615546218,3.7126625907836965
3453,train_images/1f0e223b8055.png,a44a59ce6588d043cff0a7216f4003df94d5af769c7505bd0a203724e3601daa,3453,2,2,-10.26847026445103,-0.42512929341114514,4.67494736942607,3.777851399361249,2.2408007890749055
3461,train_images/26e231747848.png,5ae31f1a7a2499890419d0c6e275368f4c36324686c64e58ff2b7b8319c36f75,505,2,2,-5.422680158271977,1.2025277477158665,3.6628115252924838,-0.46248894999973333,1.0198298352634239
3468,train_images/308f7fce6f0d.png,e95dc24eb4f670ff245d76e171870d8bdd5ee76381d0c3786210fb5a914e3830,3468,2,2,-5.885757124242159,0.06654318606127274,4.554065695988629,0.16971689319839167,1.095431348993932
3469,train_images/32a3eb37ff40.png,7e97718fab4e4fdf7f0f38bcdb4745f1a475150c2752afd36e5d124f61d2a531,3469,2,1,-8.43886713990237,2.706119651209605,2.40166940434029,0.9886442420711818,2.3424338422813493
3476,train_images/3e86335bc2fd.png,fce068e3b2fea80143b55a4f4253b3bb0ee887d1f84ba67ef2abb48420437e99,656,2,2,-6.346223217069127,0.7853572571609422,2.919106392682596,1.3818437353507516,1.259915831874896
3478,train_images/42a67337fa8e.png,32c26131fedf06b3c40486c873da1645fce755cea0193afdbcfd6cfb1bd07ed0,3478,2,3,-5.287055830262197,-3.8951935537585367,2.773046811082479,3.263051800296366,3.1461507726419575
3481,train_images/44f4ae58990e.png,22069b995aa283059c35168b159f3f23705dcc26b7a3527936e1bbb8ee15a877,3481,2,2,-7.2318331101945015,2.0909665750349617,3.6471682760523008,0.1393864794636186,1.354311779643677
3492,train_images/4f46d7ee61ed.png,6408248faf92d3d3b50e2c78f437f232b3eb30c849ecd74301b1f36cb08f3036,3492,2,3,-9.711332148741311,-3.524495204493406,3.277004463619271,7.047143890894168,2.9116789987213214
3495,train_images/525acfea47e8.png,289018878ebd4d1c4a65bd3c5a2b113e1539b29cf94c2f0f910f0afdc567dbdf,3495,2,2,-8.6459989296253,1.2384250833007022,3.9014286821567383,1.7989432537593204,1.707201910408588
3496,train_images/5265dc9acdf8.png,63b59e95e9863ab5d9baf8bdd9c365bbea4fd2ac255cc5874798b4597e356722,3496,2,2,-6.42390581322663,1.6520875062402718,2.781182430326379,-0.19703568832766538,2.187671564987695
3505,train_images/6c2555a9cae4.png,50ac87d4c2202a6024c4d8e8af1d8b46e4950ee4f834525f314a8a8f74356f88,3505,2,1,-5.292647614342241,2.354497343353491,1.8516054726943785,0.10864757198968822,0.9778972263047447
3510,train_images/76e6a9238570.png,ea0522d928546f4845be2672d2e5157e17d87740efe0845f8efd55f4610fc036,3510,2,2,-6.164568838270455,-0.6554859918421198,3.1155401221603416,1.5788320707336447,2.125682637218626
3517,train_images/82910bba4753.png,a18b52cf00b4cee57a6406b273b2b7638da665c4129595cee3022189338e4299,3517,2,4,-3.1526717924069874,-3.2642410524271286,0.9971819161828561,1.1906221138303985,4.229108814820932
3525,train_images/917f76f360b6.png,4ade5faf5a8e277c3604f6a9061766097b69a6391297ea00b1016cb4f7675b93,3525,2,2,-8.201085578792808,0.7947194922815408,3.405591385251122,2.0181370871480198,1.9826376141121815
3537,train_images/9faad91b6578.png,a1cca9ac174c1ce4549c8dc63edd98430fa0280046b8487f45b4680738f15df4,3537,2,2,-4.583217728199475,-0.30060790892259204,2.681730344407664,2.1992504602622045,0.002844832452242041
3543,train_images/a4359815f152.png,adac219bdb8f1fa2502b221db0ff24e7df9e7c026a76a52051062ad095c78b23,3543,2,2,-5.491960300127327,0.5211980546197889,3.5609134625097054,0.10052743982832135,1.3093213431695694
3545,train_images/a64273801bde.png,6040533c19b458a6c1f538d9a9cc64599b2c27b5a7850f4aa08539784c6faf4d,3545,2,3,-7.088977644883699,-0.8710419078975459,1.717048682108471,3.3473039640286046,2.895666906644248
3550,train_images/b746a6681ba9.png,aedddc1008d3f821528643cddc9785ae679dcf3ecd2a83ed47c5364b5fbd76ce,3550,2,2,-6.178715663207192,2.0773446973957306,3.4033029340177565,-0.44362016283415606,1.1416881946279118
3556,train_images/c5431b81cbc9.png,b37c827cb787b92215b2a7af1d069c398d3b39938320cb9c5a272361d708bb4a,3556,2,2,-8.395346563220208,-0.3758588406460196,3.754482947861976,3.0999101937204188,1.9168122622838903
3559,train_images/cd4e7f9fa1a9.png,085e34d28dda6b7a5a465ed95d8ec85304961699b69a4f9a7ed8b92bffda19b5,13,2,2,-7.235971529988462,0.6571804573334183,4.1197769312051875,1.2679998292520225,1.1910143121978884
3563,train_images/d6228d951958.png,84b1cafa1c7342bd1613efbf594384f8b12b22888365fdc5b685331046af9f27,3563,2,2,-6.677713481970536,2.427693760447097,3.2591493705235113,0.11750432067203298,0.8733660303279391
3568,train_images/dde43aa22ae6.png,f744ccc0fac79c22b5dc0ccba1cd8ed2a63cceaed4e5bf990304645414b4e3d5,3568,2,4,-8.098207065383207,2.118233641889713,1.9765730658625171,1.435357538841038,2.5680428187899933
3569,train_images/de50dfa745f8.png,b0567de16835105730d68f4405036ece5912cefbd4b1b9ff5810cd3e8feb19b3,3569,2,2,-0.5519573843985177,-0.7888490895837789,2.6880853051168514,-1.1701096127440471,-0.17716921839045913
3577,train_images/e756495c11cb.png,08278559397750db9814c1ed722d99da0f676da8b034941f9afc7e4e99662827,3577,2,1,-5.177544286126914,3.052902116761625,0.17964961321352613,0.7229199679944742,1.2220725881573502
3582,train_images/f2ee81781411.png,6c2d329392faf62708e38fe95831baf27053c35b85659fc7c5bbe3614e519db8,3582,2,2,-4.164270941087279,1.305804219442653,3.793922643605808,-1.6598276297296568,0.7243717077685454
3585,train_images/fcc55ae641ae.png,d045d1281e9db3aa4805c6db7c1f8f78de33b65c25d2d4cc3871e58aebba6e0a,3585,2,2,-7.504912296653983,-0.170200734951227,4.149656130100712,1.3059568062411022,2.219500095263446
3594,train_images/4f0866b90c27.png,e23d6eba5a81e6163e8063c03068b4315fecd7c77967b74a45662d8fd69ee78f,3594,3,3,-5.812168888719586,-0.2119352446317525,1.442831250593637,3.424720958877569,1.1565519238801842
3598,train_images/80ca40196225.png,0ab002060a83d30f8f4ad72c6f59efedcfb244380ef5eea9e067125efe0c1770,3598,3,3,-9.694179845660166,-1.5915683819019684,4.036057007607736,4.905953699328265,2.3437375206261897
3603,train_images/9bf060db8376.png,4cef06bd08181d80dd09827729f791f0a6ba5aafb1c962b168325e4747fa9d03,276,3,2,-10.748950941519512,0.4145714323226316,4.843946603331673,3.962444629330995,1.5279882765342727
3604,train_images/a14bbd9a583e.png,9a57603f7e4c81f42e9b7acdd9064ee50e0038aefd0375a2e52fa6423f892b4e,3604,3,4,-4.529018027721357,-0.12888122945012104,0.5361692984350392,-0.1764730802596921,4.298203038996189
3610,train_images/d16398c971e9.png,935405937e22b80c4b73b95afe6fae79cc8b9dbc86db99547fd9e73502d04b72,3610,3,3,-11.36206033113221,-1.5061019827948305,2.827746619749438,6.741777891817114,3.2986378023605436
3616,train_images/f6f433f3306f.png,7bd68c65ca3e6f435813164e3d3681fa1092ebfdab64e3cdd9d5393c461e9034,3616,3,4,-9.33930045883211,-4.3005703942142866,3.914968417390263,3.606671854548458,6.118230581107734
3619,train_images/1638404f385c.png,8ea059e7be658eea6afce4bb6ebbc84d7ba8d64761d1159014b6e89da855ebb8,1861,4,2,-6.5639562062767425,-1.347676310580697,4.1871823894860425,2.6335816591081906,1.0908684682632617
3622,train_images/2df07eb5779f.png,0034a93aead4bd2b86b2db0017afab72c0abc6d0d5338ec2300eee7936b2af75,3000,4,3,-6.146405971914204,-1.97779507840103,1.9687966799570131,3.6471686302041206,2.5082357401541393
3623,train_images/312694ea8e6a.png,6db66c963e7961f8ffef3d5cd2166beab7851093e4ed6be32fc691e1d7a7cfd7,3623,4,3,-9.228004324213023,-3.437693128950179,0.8051934840121018,6.588048502220832,5.272455466930325
3629,train_images/61e301bd3c25.png,b77f0cc31545a2cddd400f8400e44b2eb1b5fd7ce94d93450266ead46f743e47,3629,4,2,-5.664717516285838,0.5207099308909587,3.818274695271506,0.6130799775818061,0.7126529125416292
3634,train_images/6d259b5b4c76.png,7a7ad0e519092be9a8e873411fffe91c51db98848fe85eb84854d3edb72c947b,3634,4,3,-10.089741691634918,-0.7548903171914015,2.3511043195379235,4.475168325463843,4.018359363824596
3636,train_images/72d98188648f.png,f540fa14be4db251adc657bd903a43b4e8e40d03fbb74c8820191e54d06fef53,3636,4,2,-5.715954684437321,0.8997099198598761,3.7814893675371124,-0.15306525496759926,1.1878206520079881
3640,train_images/7efc91af4ae6.png,41619e836c21a6328675320305e43fa3a57244adcfa80ada49bf92940d06c77a,3640,4,4,0.17272731589759432,-2.5045485963401917,0.46813054191189307,-0.2550528098016809,2.1187435483324633
3645,train_images/9a496b1e20f9.png,09b7ddab180e7cea80331f8c77b454a2846382004c19e94d92323d358bd2d020,3645,4,4,-1.7608184296891594,-1.4408862874710935,0.453931974668245,0.11235576636190792,2.6354169761301582
3650,train_images/bfefa7344e7d.png,aa6bcb0a2b27e2cb806eee7a39cd3de3a9af1ab8890b122547f3156fb2885708,271,4,4,-5.818150072958139,-2.7397790408931577,0.5554688469017516,3.1458348398416502,4.856625427107941
3654,train_images/cb547e723a16.png,db4aa606bc77aad8a05b755c9405a6adae18ed6cf58284dfd471132e00c1bafe,3654,4,4,-4.971811552038697,-3.234683813210812,0.5805872243060145,1.3994392099247028,6.226468931018833
3658,train_images/df84e7113003.png,4160bf4f98820e3c8272e30990c59e6c06944a79069e56e74a529fdeedd7dcbf,3658,4,4,-7.008889816774997,0.5679351960884201,2.5986319776471123,1.1224486322039502,2.7198740108355626
