pool_index,image,pixel_sha256,sensitivity_group,target,prediction,logit_0,logit_1,logit_2,logit_3,logit_4
6,train_images/4c9f0fdaaef7.png,76356f34a7575937fcb3ff653e5e5b8555d0f3e869f2f87c0a4431e7cc75d2ea,6,3,2,-4.1009483,-0.25004292,2.0098011,1.6571808,0.6060643
11,train_images/b0d35981708b.png,ab04f2ee907e649014c52d8fca11cd2536f6d3992dfe0b7ce71d8948f9794c8f,11,2,2,-6.337263,-2.4969788,3.2077832,2.7119074,2.7546625
18,train_images/ae57c8630249.png,9fd4db9044f7eee39e4b84647fded4bcd320c1399f5b2afa655f71aae4853c6e,18,0,0,4.165086,1.045105,-0.3907218,-3.6703603,-1.1895442
23,train_images/38e111cac46f.png,2eda12cea92b43025e3e3da9ac6c7cfb60cf3019fb3e61b16c2de54248205cc4,23,2,2,-4.317423,0.500329,2.8126779,0.1311183,0.7553153
27,train_images/7d261f986bef.png,15cb74dabb417df863cdee4e9db9384b75507e47fa7f89219bde8dd58ba26ed8,27,2,2,-2.2085114,0.7957468,1.3354824,-0.16822577,0.14561892
35,train_images/1002f3fe38f0.png,25347fc0830b432a087a3939738bebace38504a817a1eaa3c61d060318e7239c,35,0,0,4.5051937,1.6913452,-0.7117753,-3.6931777,-1.8348556
40,train_images/22895c89792f.png,58dfbe7cbf3ff3072c0e329a333ebf5074020b8abba2ba00bc2400b90ebec788,40,4,4,-6.124979,-2.1235352,1.8409283,2.5181856,3.7368317
41,train_images/f4df3d86688d.png,034f22bfa60d9e20448471fd112f4557c0a8a16cf0b16b05666ba0cdd6fa689d,41,0,0,4.8802853,1.1232557,-1.2023616,-2.9545984,-1.8852291
49,train_images/5db895d3f1fc.png,51754fdc45faa69c0fc6be0257e63fecf99d719b10231dbfd756b3d0df12dbb7,49,0,0,5.4298115,0.5607939,-1.2947416,-2.886859,-1.8323226
53,train_images/a2163f0c2af5.png,e6f2c6e75d6a6b8b587ad70dfb0f42136e3a9fcd148d0b133784addeb9bd848a,53,0,0,5.2619333,1.5944576,-0.91404533,-3.8732343,-2.1116161
56,train_images/ca360bec5851.png,df684065a48b718cfa6c4d1a92463011a0585469e7baf005f1b86a1c9948e061,56,2,4,-2.1506767,-0.6827545,1.525939,-0.67928696,1.9074321
60,train_images/aafe980edd0c.png,63725bb156ceb903bbd3d7123f1291bc4c76c9482708d500895212a235ce229b,60,0,0,4.932869,1.4606972,-0.9882593,-3.8025029,-1.6365185
65,train_images/aa841de1ee82.png,73e2554ef639c96ed2b79f368f3636bb639e7aacd1733418fcd5069efff71a93,65,2,3,-2.8649597,0.1480217,0.75515056,1.0477004,0.8330889
71,train_images/39aa3cd93c50.png,60e6827da68bd46aea03a417cc3f2c688e2cfd5f00bd90aa10877930a436a34d,71,3,3,-6.8131084,-1.670866,1.9056149,4.4031334,2.0452223
75,train_images/2b3a4a81d748.png,4902bbb301282c6ddd905e9ca3a5ebe2d9ab2ac1eac7af93c93206bb09f846bd,75,0,0,4.6876173,1.0215826,-0.6854782,-4.1219068,-0.94339037
81,train_images/31616ff6b53b.png,5e0e816c047a9ded55bc77449b02b4fa0450f83e5bf01b172cea31f95059e26d,81,3,2,-5.906145,0.60968685,1.9679453,1.9260654,1.2545738
87,train_images/09c8323c612e.png,8b67256efeb38fda7bda02b955ed92c21fdc9d81c4e4e55d1b50ef1545359228,87,0,0,4.8475494,1.2354355,-0.8703213,-3.5034437,-1.7486777
91,train_images/a384e688e228.png,290f6c98a8e1db30d019ee6c806029b5466f6b44a6e7e8d69505bd0d6e3b9f6d,91,0,0,4.103796,1.1721754,-0.9176712,-3.3935192,-1.0119824
95,train_images/f8cf7ed8ef00.png,4ae5c3c232e0fb22b94409146e80925117a6eccc0d3c9eadce2501795fc6021e,95,4,4,-3.5681,1.282939,0.056072712,-0.1513977,2.2673292
100,train_images/d10ef306996b.png,04e63318934dbaf777231dd5edd8c7ba2ad9521d5580ad811775bdcedd743bde,100,4,2,-3.6419868,-0.2965536,2.8244925,-0.88868237,1.8986034
106,train_images/4360a112db10.png,741e0e49d2f9d95edf5fdaa8cfb9ecaf7e7056707f555cfd5757f64cb9cc4e23,106,3,1,-0.29592514,1.1405945,0.41542792,-0.8795452,-0.4540887
114,train_images/c568e5245ea5.png,9fa965ebbe7e24c3ab3d5161cfaa523b86640bf731735216b8b5e8e47b41215f,114,2,4,-5.553032,-0.8756914,1.3449769,2.2854023,2.6600199
115,train_images/1ee1eb7943db.png,b822a3249bf631d8cbbdbcc506f3dad105981b7e1ce72584839d313effa5b87a,115,2,4,-2.3364925,-0.48762894,1.3903842,-0.0966177,1.4366331
120,train_images/3599029efeb3.png,4093878eca58e451f72527fc816faea10782fbdf336f70f758bc95d1408b2785,120,0,0,5.163554,0.931777,-1.2570658,-3.158609,-1.6596727
125,train_images/e4b0df29b96f.png,59614d448ef7e9f2e7f3d7579a2a9bd90d450d1e73853b6cdafec6fa83a53148,125,0,0,5.215308,1.4393892,-1.0897989,-4.0865307,-1.5149493
129,train_images/8c87bd748996.png,d0026028fc8d249fafcefbc861dce892d83a4c37ea66b886291a8fb67f3b7dec,129,2,2,-1.6377735,1.204916,1.3144777,-1.136231,0.162817
137,train_images/c5bec7f1e5f3.png,d95766728c950c05c705ab4c203af557d7084813119e0d49240506c1f503d07a,137,0,0,3.8808594,1.0129375,-0.36068916,-3.1344838,-1.4504023
143,train_images/76516f828d88.png,044cd6e0c992bd15aaab1cb3f5258bc3055d539c810009bc16a7ef5dd4c296e6,143,0,0,3.412897,0.7623863,-1.0186143,-2.4759989,-0.73291445
145,train_images/1df0a4c23c95.png,2b542f1a8144e904af4249975e3efa5f0181540141c9511d85fd933e2c22b81e,145,0,0,4.566967,0.5522318,-0.9100132,-2.5730884,-1.6572309
153,train_images/069f43616fab.png,d1787069e8da415663eee3a04d264958413555a5511dc1cc399b2167def60883,153,3,0,1.0509357,-0.75145245,-0.4053049,-0.9400196,0.9789157
158,train_images/e97ecf4355cb.png,716b03001f77a7b07bdd8a3c8e06ab2e52c855137b5579cc0a4be04a636fa85a,158,0,0,4.479595,0.56605816,-0.6273713,-2.9890118,-1.4560394
165,train_images/c6e1e9fbf39b.png,15a19b5437e7afa3485cf8c99a661922af555e10e26f30738e9641a978af3ec3,165,2,1,-3.514698,1.8568745,1.1189187,-0.13430738,0.56750584
168,train_images/7663aba8d762.png,0ca22058e1a49d8ff038ecf19f670e16c491195061195200f25c417b515b89db,168,2,2,-3.4847126,1.032773,1.4669106,0.028512478,0.8378267
171,train_images/cb75210abebe.png,c071b7c4140e7ff9a5a820fdbcfbdf9c271ad7f35b89626e6c7fd3f89841d730,171,2,2,-1.8250809,0.39356995,1.8050742,-1.5949612,1.1210403
176,train_images/3abac0961bfd.png,a17163a7a831dad1a163d4bee0cb3a27908fc38c3aca2cb20387acbc6043d731,176,0,0,4.8388615,0.9922323,-1.0912151,-3.2072349,-1.5758028
183,train_images/1e1fb019710d.png,15967303b403fdff8d3627192ca31a7f2715b343f08b0befab077780f5a87e8d,183,2,2,-4.64291,1.0936823,1.7581849,0.32288313,1.3572412
188,train_images/8ed586c43023.png,7bef89982d5c3a61ae938adc54201c9b84c73ada0de8454aa101abb4ec431acd,188,0,0,4.4510384,1.2199888,-0.85709953,-3.4412684,-1.4106297
194,train_images/e2c3b037413b.png,48a9d85112a68daf53a05641191f84b6dbd8d03b8dd3f09d8c86a2de6ad451e5,194,0,1,0.70079994,3.4438705,0.14586091,-3.3345292,-1.0084152
201,train_images/a47878630dc2.png,abf414b11ae6f77efff426f5fb260fd0215683d8e2684be3cea0aac18526917e,201,2,2,-0.52541924,-1.3082256,2.4316492,-0.22130966,-0.39935875
206,train_images/23175b7ef453.png,24ad8393b2e32d2b78ca7fd2cd5ca67753c2fab67b4dfa28e3f8cc6ab90aca79,206,2,2,-2.9607162,0.698081,2.7187653,-1.5138774,0.95686865
210,train_images/5e97cb2b0888.png,67e6623619b889b59f808cc7e35f0e62d12adba92165eccdebb27ef2bb548e48,210,0,0,1.9064522,1.89182,-0.06788635,-2.697605,-1.0544419
216,train_images/a1b12fdce6c3.png,bb6d47fe3863ca6bf85bef36528de631c22a926ea3aff21beeb1ea9c41b7aec1,216,2,2,-3.0635643,0.8366604,1.0323884,0.6206145,0.47249603
222,train_images/0fb560f9adb2.png,68a48743524a0b890c93acf162ffeabcce093b66343b06f29799b083e56b10e5,222,2,2,-2.6029663,0.1397438,2.1151948,-0.023479939,0.31227827
228,train_images/0a9ec1e99ce4.png,4578633466c8eda74ff4967d6e4b1c8eb38ca422a479d73fd431d08d3754f44d,228,2,2,-1.2589798,0.4589405,1.2622457,-0.26941395,-0.24944115
233,train_images/e82232a3c28b.png,17470f13751dec4c909dbb3dd55866c6ef0e8878ae4dc9f6d8f5979a54f0bf35,233,0,0,4.702421,1.6483507,-0.8835726,-3.5032854,-1.9992197
236,train_images/be21d8b60e2a.png,4a9e2d0090302185388fd3c3ee7611c2d33cc48c96725505b9b10ed84e2eb558,236,2,1,0.82505417,1.1930237,0.46642065,-1.5670624,-1.0035262
243,train_images/9d1feed37610.png,9256925a7578b49cd2d84603bc684d763d709a84f347cd805ae0cff692a13975,243,0,0,4.7317457,1.6006498,-0.7673149,-3.5198731,-2.0894399
245,train_images/69df7ade0575.png,07ae26c14fbbe2bca16f2d41dd9a4310d8f0e0d8ce7b7772fa32a4b93744c98d,245,2,1,-2.390726,1.8523502,-0.10307169,-0.54083824,1.0993977
252,train_images/4ccfa0b4e96c.png,813abb7c889c6a8cc6abdb00b1c927cf7136d7dffe8233ffeed228a3ed0d6287,252,4,3,-2.5264835,0.5587797,0.36669207,1.1883736,0.32978964
257,train_images/8bed09514c3b.png,66b6fab42318dd070945a9bf9dd36834bb229858f79dfcda1dee05e5ca7727b7,257,4,1,-2.5720768,3.0979147,1.5533111,-1.8280468,-0.34878063
263,train_images/8191ae701985.png,a78aa941512101fe2cb62211b55ceb7244ffaab272be4e184d01143c3c63a85f,263,0,0,2.6765995,1.5305586,0.3096397,-3.1172433,-1.3974552
268,train_images/5e505e25cd3e.png,581bad6a990377e84b7b81c1290e7dae3233db779cbdb61fd2cd649ba629a5c5,268,0,0,4.852068,-0.5912199,-1.3881769,-1.851625,-1.042913
273,train_images/ff4cd992667b.png,dbca0f1d4915149ff76b74cd2418186c4389225bfc2c30b78e68ac7c21f3b8b3,273,0,0,4.386382,1.1860971,-0.7400832,-2.9960861,-1.823678
274,train_images/efff2f1a35f5.png,55069f5fb3b6629d94d10b89deffc1f46797eaaccdc121284f8824a5d1b87ead,274,2,1,-3.389103,1.5983639,1.2797079,-0.9897094,1.381907
285,train_images/58184d6fd087.png,849f0bda05ec621a08a3e5fe873eb2c632b0e2602195c0e64c64108c9d649ac5,285,1,1,-1.7459812,2.5921602,1.2216907,-2.4681032,0.29854488
290,train_images/f3bb996b45ce.png,9ef33aa547cd3276d4b7a47f3d1ddaaadf9aac3d60a3082854592f45fca13c6c,290,0,0,5.231163,1.109869,-1.2034197,-3.7210643,-1.4501452
295,train_images/35df2bc6ae95.png,dcab6a127b5168bb838c11d69dac50d83088417245c4dd04ee83bc9296f6ad24,295,0,0,4.7921343,1.5275211,-1.2888956,-3.3459806,-1.7247429
301,train_images/38c7153457e2.png,6205f038d7098d5e81efdbeca73a62f0a2b2c6d95e0347f9a4939c8d0736b4e5,301,0,0,5.107833,1.134738,-1.0226278,-3.2229154,-2.0257845
302,train_images/e019b3e0f33d.png,e2de04ffb2325d6c7792b16b542ecdba49cdc43536e0756765af8e362b93b8d3,302,4,3,-6.2279778,-2.3976908,1.8911433,3.4399357,3.1459522
307,train_images/8db2ce991101.png,868ab8a0a5d1ff89a0c091bf58e649d351c28fd4d8e9c9247ac45dcb97414488,307,4,2,-3.258276,-0.46067047,1.7124748,1.331233,0.61102676
313,train_images/ee36ca728641.png,a33630d60991deaac7eaa8036e3fa5f051d95fbf8a566e8776a8cc92caa62dfb,313,0,0,4.31654,0.07024765,-1.2653699,-2.3513174,-0.79515743
319,train_images/5511f114e7ee.png,fd5b9187235a64637733db4c7347066043c9e36c05590c8fcc0b8d941c05d0b2,319,0,0,4.99131,0.5016117,-1.2176967,-2.6019773,-1.6960068
322,train_images/80a02014b418.png,efc69b5d0daceb87210b325d6efab743ed71e3ce763ac86af7cf71b07f6f48af,322,1,1,1.15555,1.9770594,0.13759327,-1.7021646,-1.6255207
323,train_images/ff59d44a70a7.png,354e41e97d57137c94ae66d41aca69639d48e7fcb1b200749244f26345a5dd68,323,0,0,4.6777153,0.9889488,-1.1633863,-3.1925585,-1.3478394
334,train_images/be68322c7223.png,55eb17af9decbdcf7494ffd92b4137b1d7067f27bc91e4f6a5b6d218770faca3,334,2,2,-3.9887886,-1.8206291,4.042073,0.0050520897,1.6491594
337,train_images/7ce671f952be.png,b396691302cc190fc5b03b6aa897572bcfa12d1dadcb2d15e1c0ed0434d7ca46,337,0,0,3.9289284,1.1353216,-0.29780054,-3.6278157,-1.1931462
342,train_images/8241e43408a8.png,c08db823910ef9422672350cd698839a469e3fed5758b951f272c16acf1acfbf,342,0,0,3.973277,0.9627247,-0.5068302,-3.4063904,-1.0678635
348,train_images/5671eb95512b.png,64bcb7a926e50038e0df84a4402ecb66724229998667447fcc502788673d2dd6,348,1,1,-0.8205795,1.6132584,-0.13208103,-1.1083846,0.38442707
352,train_images/91e2c2890c9f.png,7421c3ba2f1f8169073c890e4858dd23e4856aaacdc8820a1195033062942985,352,2,2,-3.046526,-1.9771395,2.0313869,1.582336,1.353652
353,train_images/6df8b7b6e837.png,a75f486e6baa198f38ddfbf7b07da6e9e64fbd8ce85c28aeccba3e68a98ab0b5,353,0,1,1.0233479,1.9684458,0.7840483,-3.2076187,-0.60405445
359,train_images/107aea0d9289.png,3b384b5ed27cf7ed7d0a0a2165fa7ce3d849e8015d3bd6476c1b68aff3b0cf1e,359,1,1,-1.5906029,3.4267282,0.7433419,-1.6147509,-1.0405469
362,train_images/4e54ccfd49b2.png,6433c8c7b955f61dc6e248c443472a503d1ea95f4c9aada6e726e89ffb575b3e,362,0,0,4.2059507,1.3585558,-1.0718465,-3.3935452,-1.1507535
367,train_images/7a12f49e29df.png,adf90917cf599bb619825752611a4a53aaedb7f9774ba55c4186ad9a700d4b29,367,0,0,3.4966965,2.2994337,-0.48478508,-3.2655108,-2.041442
375,train_images/55eac26bd383.png,9714add774e393da26d0f1ce9fd2f53ff457e97e14ac3eb5994ed8d421091979,375,1,1,0.413414,4.1149054,0.10433626,-3.7944403,-0.8985629
384,train_images/2776d70724d3.png,42fbf5f9b3bf84c216881f462bf192d2a82c466289df5fc3edc6caa07e5660a1,384,2,1,-1.5181389,1.8033886,1.59201,-2.645551,0.6849084
386,train_images/4ef16a53d899.png,29f589713a5cc80a4161fbb85c572aa642a2409177f994e3d6d5241cb7a47f70,386,0,0,5.4871616,0.68026066,-1.5433116,-3.3384,-1.3032789
389,train_images/ce8d2efd9d4f.png,3d95aa8b4c5c29fe8e1c742fe4ea9f94bfa67446e995f60c6b71506dc304c790,389,0,0,4.813737,1.3039675,-0.73633194,-3.2420273,-2.1693444
394,train_images/77acc2cafee1.png,b64e865450fbfe50a8a3511826533cd4043e96a19959d9a6b0b7c4db17f0eb8b,394,0,0,4.451811,1.5215883,-1.2065916,-3.2757711,-1.5341425
402,train_images/2d558de2cabe.png,35de64831b2e68c5ff78979b5fa45579b34599599d1a2e847e94e85f10141702,402,0,0,5.488038,0.35012722,-1.6693683,-2.9817936,-1.2067542
412,train_images/fe37f4492920.png,c83fed496de3b52aad1469ce13504959b48f1230cd552fbc8be7697318f5bf96,412,2,1,-3.7871914,1.7291975,1.0150304,-0.3700137,1.293591
415,train_images/7005be54cab1.png,a0b4433de9d934db2d4b3e666889cc1b0529cf1a075f3cbc21558ad52342c132,415,1,1,-2.9241943,2.324192,1.0535493,-2.0625682,1.5108004
421,train_images/d51e5d7484ea.png,6aaa5da8eba7214458a13c4952b231aca180aa56982597061694506e5c3f7dd3,421,0,0,4.400012,1.4160862,-0.6767454,-3.4834132,-1.6968703
423,train_images/357f02a779d7.png,ce01df24283db786c10428c6fb53d694ea2f3e2824f11bc1a4c437aa08ec3078,423,0,0,4.4949102,0.9299431,-0.84097815,-3.4727418,-1.1537409
433,train_images/435d900fa7b2.png,99eee87519c0e16e6cfecc3f4b7b7f8f18a0cd2cbad97860492f2d35faa9973b,433,2,3,-7.590042,-1.2605419,2.0040395,3.7742023,2.9082813
439,train_images/eba3acc42197.png,f797b7d2bc34ee8f70bf5b4372d32e30d595549bfb964d3af1ffa265f3d27274,439,1,1,-1.4513435,2.168003,1.9334238,-2.8430116,0.10631561
443,train_images/0f96c358a250.png,457d828f5fa90f8629e70ee6501144653ff081564ff24266fcb89b33d1c3fc06,443,3,3,-5.062542,0.44818497,1.5176108,1.8886585,1.0762696
445,train_images/72c31aa48e2c.png,b30f04ddb6e3dc3cd356297048203a6edec8273dc5397ec58d6e0e431c37030e,445,0,0,4.196245,1.4079361,-0.9157171,-3.215129,-1.5124674
450,train_images/bb7e0a2544cd.png,25ac9acf573c431f146c3f94ec9cdd7548f5ad2d8dcb5b6b6a7113ff6850f723,450,3,3,-5.6365814,-2.2683353,1.2501857,3.2698793,3.2448244
456,train_images/de57c9e9fa93.png,c2eb6a76ccbdb44b1105d0ae650a6c72a5e7405f53a978e4973516e0f704f870,456,0,0,4.084668,1.1774683,-0.42346287,-2.8907444,-1.9412808
461,train_images/fb696a8e055a.png,147e6b60ad67bbbb3a78f508d2591ccf70acac1a393c3efe8b4b7613ec6247f9,461,4,4,-4.702505,-0.27183723,1.3763103,0.9649639,2.49712
466,train_images/f36cb007a1ef.png,0c1b333c9e42819079f4dd3b8fba805519cd05a548d3f8a88e7383909e9fecc6,466,0,0,3.960373,1.262351,-0.7644553,-3.138054,-1.3648696
471,train_images/3ee4841936ef.png,a0b4433de9d934db2d4b3e666889cc1b0529cf1a075f3cbc21558ad52342c132,415,4,1,-2.9241943,2.324192,1.0535493,-2.0625682,1.5108004
475,train_images/58af2c054ced.png,ed41c18f9b07ac41efe3c73e87fac5aa2df2af0f282768e642631744b52cb7df,475,0,0,5.053629,1.2107296,-0.71124077,-3.9300776,-1.6561017
481,train_images/222f3ee3a1e8.png,8036db1c6a0973a7c5a34996b7ea2bca866dfab2dc2914703b520c7f858ec1e2,481,4,4,-3.5007935,0.5767679,0.75264573,-0.57832384,2.6406574
487,train_images/1bf30c84bbad.png,77e039221750789e9c9207c0238e849f47a2cc9075296c124d54fc9664d46fea,487,4,4,-1.7156372,0.44475842,0.74157095,-0.9152169,1.3561659
492,train_images/a8c950a99107.png,ef1b08a01d6f5af47bbd2a6efc14104a45b0b2fd5692980cd68f9e0b0998dc93,492,1,4,-1.9915905,1.3315716,0.10068035,-1.0103788,1.4971509
498,train_images/3a61e690f4bb.png,2135079865f19095bb615f923d11e11fe4a6e2050cd18d11f5cd568ac10f95e7,498,2,2,-3.0377216,0.30541515,2.3305094,-0.26922464,0.5769315
500,train_images/a8c9fcdbc0be.png,8e40ccf77412c9d6f642236d82357028febb448b0c7d7e3cca869b4f067a6829,500,0,0,2.7312317,1.6211977,0.22774959,-2.5244803,-2.0611858
501,train_images/0709652336e2.png,8f95d3bb4fbf324e859dcea6e694be177af4530938d424add3d41e77c31f3e6c,501,0,0,5.081915,-0.61715126,-0.950171,-2.427927,-1.1054239
517,train_images/93802d1e3c41.png,92741ca7715ba58a99e367fa278c4872cdc8127d7244c9d723531740a6455bca,517,0,0,4.3519297,1.1134529,-0.6076307,-3.3391082,-1.5684485
520,train_images/76fe19ff64fb.png,77466ca05fcfe0b76fe3466c08c1dce855064598ce9d42462fca09b4c6ef687b,520,2,2,-1.16963,-0.110816,1.714261,-1.5274515,1.0022349
525,train_images/45c39ab9e797.png,14bac39ba703ba161b343e7d66497a65096d6646c2b705b69d97f99cbd52719b,525,2,2,-3.461752,-1.5762348,2.4436946,2.1794033,0.33921337
527,train_images/f092febbf5c0.png,b2716733d9965b7b3686941a810cab8a68698b4be506e3362b4c8a30a04638bf,527,3,4,-7.6820545,0.18628788,2.067398,1.6927371,3.569829
530,train_images/0ada12c0e78f.png,7c9f98c629b196ed7d4844ab85ef18728ca8a4b417264b00ac7995f4a0a54b19,530,4,2,-5.136833,-1.8700933,2.5976253,2.5964966,1.7087889
540,train_images/aa6242f9e08c.png,fb4572bb10bb1bb17039f7fd7a13c809855ddfccb69201bf70104e1d627330f6,540,0,0,5.111125,-0.22902012,-1.2322803,-2.0599747,-1.6057825
546,train_images/1ca91751be4d.png,8b10f56a06bb6736b5835220587ad434d09ab88caa48fbeb90c352612de44eb2,546,0,0,4.2666636,1.0258131,-0.6219144,-2.9620762,-1.7559814
549,train_images/598b8f5b3822.png,03373e84b614cc4d0c25770fd9e55514102e114bf001515a67e8ba8f5d5c13fb,549,0,0,4.6117764,0.32848358,-0.7438588,-2.976149,-1.2374411
554,train_images/282bc792d23a.png,7cc28937d65daed6fd874c014378d5ee256fd0d8ce1e184d081f88039fdca1e4,554,2,1,0.054561615,1.4453754,1.3992031,-1.9773059,-0.9869375
560,train_images/a07d9a5045cb.png,f2e0ca65530b82e7b10aa52c1be56e740ec1367709da3807dc259b32451cfba7,560,0,0,4.9813766,1.2469034,-1.1787038,-3.3677845,-1.7167125
565,train_images/bf1b7e21e774.png,90dd0c7ae41cefa468a8bc011b3913b92528aa848df3bb5720d2dc72600c5192,565,2,4,-5.056919,0.3585987,2.0576596,-0.04627037,2.5610485
566,train_images/58b866484a05.png,c8eb887e189b419a20be412eb3b2e78e6d1300eaeb47010693cbb191215cd3a9,566,4,4,-3.4416065,-0.50708866,-0.35736036,0.32940245,3.8680582
567,train_images/13d014ccd136.png,e3e6f823e529de22160d9ace88268dfd1aa6cd7aae473db98ed1c3df67a44290,567,0,0,4.855468,1.1666002,-1.1661673,-3.2558808,-1.635766
578,train_images/8d8aca52c07b.png,c9d17e6c5a2ab40444d6ddeb0ee70dd873f56b7b65172d1d468187f436a88108,578,4,4,-3.122919,-2.1350622,-0.23523426,1.3057299,4.090251
582,train_images/d1cf31577a59.png,9ddbe745f2c444308a6cbfe15e5e2340f9b9ddb17e4e311b6aa96cd260367337,582,0,0,4.0897617,2.1234655,-0.33825064,-3.418926,-2.4461293
588,train_images/1d674e2e32e0.png,4b6ab1840e6ae14e2e426b44119d7d9c5ee9bacdd0af4121786d2e3f7a7ea5dc,588,1,4,-2.6324978,0.9043207,0.7251344,-0.36956167,1.2835746
593,train_images/fb88783de055.png,d1f0274d6d80d5492338e2f47a17fd14e12f857e6e414b03513dca245371bba5,593,0,0,3.8756485,1.2328176,-0.60984755,-3.257141,-1.2872963
598,train_images/e50b0174690d.png,13b93ac715b9d4d65e817c59e176ae1035674aa5d1b837675ee4da03577b8d94,598,0,0,3.247282,1.4810686,-0.24098158,-2.8928604,-1.6542201
603,train_images/445a8a6da55c.png,9dc0d17f93ea279d7dbdbbcaed4d72fa63d3e442e6dbc0d334ce32d5ed0f2e06,603,0,0,2.8977451,2.093423,-0.3219471,-2.7404227,-1.9870944
608,train_images/4dd4a4bf2421.png,e475a62b053c477aeb150e03ad12166b5db8e9ada7a52ebe010e43019ea31b23,608,0,0,5.127654,0.9537535,-1.420135,-3.0614114,-1.6381364
614,train_images/d1a60c3b9fe5.png,1d53f79af4601379f05ec24ea525d44e348e4c05bc74bf29f1c2fb9c9d3db5e7,614,0,0,4.854924,1.3355589,-0.81867456,-3.6107461,-1.8018913
620,train_images/28503940d10b.png,969d7a269e24a0a068bce697266283cff35d6cdce637f11a78edb77fe18d4185,620,0,0,4.9186773,1.1279974,-0.5398221,-4.1271734,-1.4242244
625,train_images/b5834ee64541.png,928aa704a477a85369e86420c683b648bd9b292396b677eae12adccc553771eb,625,3,2,-6.842718,1.0182476,2.2254205,1.715209,1.7377801
627,train_images/4c6c5a1bf5ab.png,ef1ad2853f317281e7a6c3d760ff5205813249145fbd0a5ab8e81e98df4d08f4,627,0,0,1.9821682,1.4968348,-0.18618727,-2.03756,-1.2843227
632,train_images/540e4973829e.png,92a55217a9a11d40e70cba435f0695360983ea61a55ac476a8826c5960e2d7a3,632,0,0,5.3859367,0.61171436,-2.0937161,-2.552279,-1.3729472
637,train_images/5cbe88914a72.png,52ddd040ba7aa6e43afba6b0a8e607d12a5086937cdc113fb9118d103567a7e8,637,0,0,3.812975,1.2005987,-0.45862484,-3.2566576,-1.3475013
645,train_images/42b93b574f23.png,d2bb0c8be20eb93f4c54fe150284d42ccedfee16ccf0d8cd33a4139bf8e1c2cb,645,2,2,-0.6280422,-0.358922,1.1644247,-0.7980666,0.5192585
646,train_images/5dc23e440de3.png,3c651d1c245de22593ac7679f7181b1508ef13db701d6ee469d0918a064d3058,646,2,2,-5.392555,-0.5038929,3.0703084,0.7275591,1.9655795
654,train_images/d18aea8238a0.png,70da16d703f16f6e7e22f1f89a8fa7688f9b18b0d94f4aa44b405701f088bca3,654,2,1,-1.7390442,1.6333294,1.1699071,-1.8075418,0.6839781
655,train_images/441affbe99aa.png,0174d0a7f618129d9f7b2dab5dff4d8c5e1568107a521654a2d6d3b325297525,655,2,3,-4.89624,-0.9253435,1.5208411,2.3564444,1.8069582
662,train_images/ab1c20a94f3f.png,76030efceb76de1f1551da5feb68ff38acbf3b37629aa2bcc7f983916cad3751,662,4,4,0.14793396,-2.4794493,-0.9414458,1.1065645,2.0644774
663,train_images/92b0d27fc0ec.png,520883df0f5735ebbf1e21b085ecb6dbe4f8b135511616203183416afef4e49e,663,2,2,-2.435299,-0.21879196,1.8604333,0.1258874,0.58104753
665,train_images/958c1fa044ba.png,364661d8d1e62dcb56f53e72db166c25a484a6c3e481dbddafb9b873be93bccf,665,0,0,4.6065283,1.5569105,-0.6532855,-3.5409026,-2.0084448
672,train_images/b0d6417bad3e.png,ddb204adef505195437e8987b72ea66af01026ce461d1ef198703927b3eb8778,672,2,1,-3.4765015,2.2883825,1.2777829,-0.4228301,0.22923899
677,train_images/1c9c583c10bf.png,7a3b576b588c36cc173989d29f7b96ea54b05a285a74a423193d9efb35ec2815,677,0,1,1.7782593,3.3848238,-0.020754337,-3.603882,-1.5677786
687,train_images/f5650eb52640.png,d3e1225f59f0f576351383894196e13f4adcaf10d88282d640f5ff6f42c3f197,687,1,1,-2.335867,3.8087673,2.0264218,-2.9332652,-0.66342354
688,train_images/c58971bcebb2.png,c9e2f590d7eab17527e9073f889b93993eb133bc576340e8a6814eabfe4a4ae1,688,0,0,3.3965511,0.7517748,-0.41943598,-2.7587614,-0.9506879
696,train_images/dcf109df1a2b.png,c3abf2a137d78531e2916b75ad73fab9600876f605451d2d1beb80f340119721,696,0,0,3.930687,0.2329874,-1.4976907,-1.4261656,-1.2814522
702,train_images/eb32a815f78c.png,cfdf19c15238ebb85fbed778ed480afe531549895d6738adf6c79365f891c02a,702,2,1,-0.7881813,1.2501736,0.8320339,-1.6282616,0.29868412
705,train_images/1006345f70b7.png,99eee87519c0e16e6cfecc3f4b7b7f8f18a0cd2cbad97860492f2d35faa9973b,433,2,3,-7.590042,-1.2605419,2.0040395,3.7742023,2.9082813
710,train_images/3b4a5fcbe5e0.png,7d1d879f980010e0b018cd8cce764ff79f54fc54323912de7e5950899e5a6478,710,4,4,-5.363289,-0.8149948,2.3323727,1.0027256,2.7161636
713,train_images/7347f5133a6a.png,5e65355fd943a67be5890b25317e11a42afa858f5233bc91e0fcbb99a36b2148,713,1,1,-1.5151958,3.5907497,1.5134356,-2.068194,-1.6106486
715,train_images/d7ab5c040294.png,ba93e215e0cf7327dd406ac4833a371de21aaeb496fd7e6d71abc243a28445ed,715,0,0,4.874569,0.47533035,-1.4492035,-2.3655214,-1.5625324
720,train_images/25e9fd872182.png,cdd8ab0aa83af62e1ee49606475bb343d24c677cef70f5c4ce4c70d7ffe263f1,720,1,1,-2.0095272,2.310893,1.1829915,-1.3362789,-0.22100878
725,train_images/b77b88926843.png,fb5b1079be0717d50dc2b268bc7bcbb0cb90b1a9c05623eab8b2516724ecd217,725,0,0,4.9530535,1.3159227,-0.9981656,-3.518075,-1.7867808
731,train_images/059bc89df7f4.png,554fa5d81a16b1ccf8241041c2e271c93ad7cf70a9127e969a36d55ddb85e8f5,731,1,4,-6.641712,1.7547207,1.111434,1.4120598,2.21459
733,train_images/bd5013540a13.png,58dfbe7cbf3ff3072c0e329a333ebf5074020b8abba2ba00bc2400b90ebec788,40,4,4,-6.124979,-2.1235352,1.8409283,2.5181856,3.7368317
740,train_images/b3f31c371e59.png,e3c15b983f218877e0a749dd4cfe98b016a7d0752cf7cd18bd8bf8e74fea98b9,740,0,0,5.205118,0.7212763,-1.1269526,-3.3421588,-1.4884062
747,train_images/e067b06fd655.png,e6125b66b5be0f7a9794a49a8b11b2fe3b1f5be868264b9def7420a5f5521377,747,0,0,4.181077,1.1481409,-0.23485708,-4.2031746,-0.9310732
754,train_images/c2a58b2cfd0b.png,37ac35184a9eb2062bc46d2772b5bbd344331235a8fb09b6bd6b7f6e270479f0,754,0,0,3.9428349,0.882226,-0.8811412,-2.682718,-1.313313
759,train_images/4ab8c0cece7f.png,d5ac6517493915a0d61b47236ef8d2ce967f944b31a1b846de47ad59544e69fe,759,0,0,4.1687746,1.2143078,-1.2308807,-2.7774997,-1.4200563
760,train_images/d7bc00091cfc.png,734c2995af176bcae39f20e0ada1c064d7f8e377f7e6905825a70ce38373d1d3,760,0,0,4.872861,1.0570784,-0.84407187,-3.0908885,-2.0286891
765,train_images/f6f7dba7104d.png,2eb62fb8ea03f4168a058eb727f83132c718e9e27b7f3d72e9f24995f2569869,765,1,2,-5.5971336,0.40623283,2.0393944,1.4431291,1.5790658
772,train_images/9ed666e982cd.png,bfceabd90e91d36db0ad919ec6125c1db0ce1ba2f2db38d26eecc11ba9ccc243,772,1,2,-3.5315018,1.4725008,2.324111,-0.71810055,0.3370514
774,train_images/f00ce9b9d6f4.png,d51e771fbc781397fe32033f7fe32448ec539226e3afa4639fd7d4d25b0c2e3a,774,0,0,4.4166718,0.8107109,-0.5690217,-3.3250782,-1.3843222
781,train_images/89b044cbaf85.png,445945eeca44cd92d58acea44272b06ba5ca2f4ff979331a5f32d7c83840cc2c,781,2,3,-6.1227055,-1.3881311,1.2261212,3.6878624,2.455411
787,train_images/310c27067ac0.png,5cff1cdeaf88dd1aaea1e6211bcf5af0ea786cbb2c44a20ddca7a5c83c687a8d,787,2,0,0.7031021,0.6019535,-0.015007973,-1.433981,0.053987503
793,train_images/04579e31e4be.png,4c084c2556ff2575b472b400b54b82c21cf9fbde6568a0d215a7f7cd8d4753a0,793,0,0,4.709382,1.4165354,-0.71098566,-3.4194155,-2.0326695
797,train_images/5995321563b7.png,27429b72e31105d93af73930769ce0683d7d19d36e4a9bc49a0842c9a359744d,797,0,0,4.9796505,1.2807846,-1.264843,-3.332513,-1.6951575
803,train_images/bf6cbccacf39.png,5c70671d0691317e1cf5dffbbb1a3bfb820de51c464f211298394f5523704d1e,803,0,0,5.4887505,0.30674648,-1.402381,-2.6842191,-1.7213163
808,train_images/a76132e79688.png,aba8f343d9a014049112de0c05db109b6ce5c342d59b52a2a9f90fa747275d3c,808,0,0,4.794774,1.3412724,-0.95421505,-3.5544465,-1.6631885
813,train_images/cf6551521a35.png,9712c527315f8b295cd66c57a747fc912ebb8c5d5d6a1abce95de81853df2de3,813,0,0,2.9106178,-0.30696106,-1.0304847,-1.4793248,-0.14357424
819,train_images/f85c78201a50.png,231d4f33912a2bb543e4bf6f75e204b266e48839aaf42a66d41eb22a642026ba,819,0,0,4.20529,0.99328804,-0.601418,-3.2093105,-1.4341421
825,train_images/5ce5eeaf757a.png,3c09d30b1816f8ff210a66ca5e5354897b9d8eed7dd16d92cd52739f3dd7a155,825,0,0,2.2545586,-0.2558937,-0.43835306,-1.3861499,-0.22882652
826,train_images/18b7e34eab8f.png,30f3115a0817e47cdc22affac8d5dd1deb6bb1609cb31aa7cd6dbcdb455eb60e,826,0,0,4.86043,1.9546585,-0.68604136,-3.8882236,-2.2820165
832,train_images/73881f55a3ec.png,fd9342b6987d2424303b7df50114b124e27e7b3ae53fbde938da31dda3474020,832,1,1,-0.84900856,3.0592184,-0.019152641,-1.4850073,-0.78970575
835,train_images/1b3647865779.png,8af62eea0b67d6af8e8bd28b910424744e91867f974c5b47ee766cbac7f60b58,835,0,0,5.2241354,0.5213833,-1.4402966,-2.7895818,-1.5290823
841,train_images/cc12453ea915.png,91cc2edaac71597595e8608d2dce9cb3d184c82d91db676702be6d437275d64b,841,1,1,0.6816807,2.9622507,-0.0125460625,-2.7779498,-0.9139509
842,train_images/2f4e81787d9b.png,04c943e594d472c5771c87e2a8418e6399d10171def7d7a40be2b1453f85b36f,842,1,1,-0.79034996,1.1367149,1.1351404,-1.6929898,0.1258893
845,train_images/5e7db41b3bee.png,bb6d47fe3863ca6bf85bef36528de631c22a926ea3aff21beeb1ea9c41b7aec1,216,4,2,-3.0635643,0.8366604,1.0323884,0.6206145,0.47249603
856,train_images/90a786abe58e.png,65182a80b31161954527866d5d5ce513c8da11c4c27fe79d732bac895db46162,856,0,0,5.2118635,1.1887989,-1.0077229,-3.370574,-2.054081
861,train_images/f58cdfa968be.png,e5dfb2a0023710dcb0540a9d509196be7c77e3e3c078fa9397c80842921d5af2,861,0,0,4.612911,-0.0782423,-0.7626023,-2.3241413,-1.4684763
865,train_images/1c6d119c3d70.png,7e650f98d225d0d7aba5d8f04ec868f5d805960caa89020b310b4426dde93a1a,865,2,2,-5.713928,-0.76229095,2.8935227,1.9135199,1.5162396
869,train_images/6bf2a81a5d91.png,949a4d3ce3c3e6556f5763895627c429954b3458eb12be70492869dc44c27cc6,869,0,0,4.251917,-0.5728426,-1.2769923,-2.1506128,-0.27762127
870,train_images/5078caaf1f57.png,5eedb33c6c9f7a9d3980c4d2b061365f9b826de27e2f47003293ad608c7a0ffb,870,0,0,2.9235783,1.536869,-0.092981815,-3.4602118,-0.9261999
878,train_images/0da632ca45e0.png,a21ad1bc71df6d3cecc898a30b2790e5712640f8d74ba37b4803476bc90fc455,878,0,0,5.354906,0.7570591,-1.6121173,-2.7483156,-1.7700787
883,train_images/b94c58d063bf.png,33149b9537b983fd019d6440eaebda96be7df339fecd95339659707b9b8805f1,883,1,1,-1.7962303,2.0369778,0.26457953,-0.57200766,-0.0034313202
888,train_images/dc0f6e5b489b.png,733393fc3267c3287fa8df9687be61c84c481ad499a3b354d09f151c5d28c6d0,888,0,0,4.9405565,0.8964796,-1.4230623,-3.2801888,-1.1627021
892,train_images/3ce2f8a77a32.png,470a47406c62b6bca2c97532a24baba8f9e7af8af7266f2d939b7741ac00417b,892,0,0,4.799738,0.6001463,-1.0777769,-3.3955274,-0.95242214
898,train_images/780f9c237c56.png,b742063597a5065537944b0aa5f4a2c1a2bf059af0bfc878d44068bb375fa3b1,898,0,0,4.0292063,0.975441,-0.43345833,-3.0680532,-1.5542135
905,train_images/dbfd238b3468.png,bd1e85c20379be05ff58c4bd2010608e175c9ea39c0de85dc7d99bfeb3de4f1f,905,3,3,-5.1154194,-1.1106157,1.5045619,3.5258598,1.0818391
911,train_images/7179f85bfd6f.png,f07f718ccbb97787135f7d55df5a8d1e4ccddee5e1c353c1d027e42fc4fb9b72,911,0,0,3.307022,1.977746,-0.33576202,-3.224842,-1.7369728
918,train_images/e582e56e7942.png,a0ea824ffe6064331c6ff52e56c3178e55e55cb86ff3f1f09fa469fd98526e89,918,0,0,4.3813934,1.299448,-0.700346,-3.1986337,-1.822948
924,train_images/9fab29e69a6b.png,a5d1a776bdad35dde41ad36c1dfea9ca73a4c20c0aa283b555cc3b92cfa63401,924,4,2,-4.274559,-0.579937,1.666369,1.4445767,1.6239891
928,train_images/ee74c3b177e0.png,85d6d5ecf4566564bbac89092cd0280a3cd481a6ef32b3237e59c7f44801422a,928,2,4,-5.392191,0.5168848,1.4053113,1.5348825,1.8394175
929,train_images/72a867980067.png,35641ad82c7929667e415a42a23588bd1ea3ed8f2ec002ef5f5db6fd14119138,929,0,0,4.2501087,1.7965355,-1.0420899,-3.385172,-1.6208296
935,train_images/eae901557a84.png,16c09aab8836d5001a32cdc81e301b8be3a912e72306ac9173df82b57b3a09f0,935,2,1,-1.4011517,2.2149267,0.31758165,-0.9364977,-0.24673986
938,train_images/dd90c321d7bc.png,866c6c5a5164bd49e4eeea7269edede14f972be4e7a499f69f32d7eed062fdc3,938,0,0,4.4259415,0.62975025,-0.98090506,-2.8158,-1.284833
947,train_images/4029d70e9d8a.png,54d7371f6bcb8b6195da1b1d9f54d4608eb2ddc0d3b5c8a73526645cd2228a23,947,1,1,-1.409523,2.4272451,1.0358417,-1.9003158,-0.2313466
952,train_images/c9c563864ab1.png,0d27bd3036f3228ac8df3d5b89836dc94bbac79e450c2650c15153504b2bf2de,952,0,0,5.570201,-0.01755619,-1.5124326,-2.8160877,-1.2412319
958,train_images/6c315ad3d07f.png,f08b721f80fd1c6e11803a1b21ee074e6a72bc3c06cb9d735de8809a6bc145f9,958,2,3,-4.0976353,-0.734457,1.1118481,2.104375,1.4997497
959,train_images/b351ae99413a.png,f9e639997bc2f9a26a963c67bbe0a866591b22a9f83b39012996de1198715313,959,0,0,4.62543,1.2776976,-1.2399073,-2.7501705,-1.9522319
962,train_images/a47432cd41e7.png,62472eaa23964a3848246252c4b34601341e28fd16c97a2761c106cf88522a6c,962,1,1,-0.8758316,3.9756641,1.4312937,-3.8176675,-0.7936783
975,train_images/10f10fd30718.png,6a51b57563b31ae4b06a9634d5d8829e8cb1df52dc1a8d3cc67021ff038eb888,975,0,0,5.319648,1.1225252,-0.8217797,-3.709217,-1.9418247
976,train_images/a182b5b191de.png,043749d1388f5a90aa3eccc83e3ba0e3509cb6792f0b8a196f10e11a2833d861,976,4,4,-6.350174,-1.4591484,2.6147642,1.866931,3.1705236
978,train_images/07f5d7baf907.png,ec9e0f1dc9a814f4f588a44cd80e9458e360246eb24eb6c7e9ae484696f01293,978,0,0,4.2240324,0.9213829,-0.5124111,-3.4911208,-1.1438789
985,train_images/348598d01e18.png,d34a0993f49c58337353275ca3e2018ed304b2d4d06c071ce70b171291e7dca6,985,0,0,3.9714174,1.4546423,-0.8588834,-2.9290547,-1.6845217
989,train_images/61c2fbd16e38.png,923ac00bf0be41fe4d8e7f04bb80f4916c45d1bf6e0f6edf089b321420e00b1a,989,2,2,-2.216053,-0.28364658,2.1199796,-0.20812368,0.5171318
992,train_images/18323d8f2470.png,283fab3566d50532178133446e3102bc12682a2016f7183444e322aae02adf0d,992,2,2,-5.4824276,-0.3428316,2.8818426,2.0288029,0.7730465
1000,train_images/0369f3efe69b.png,fef8ca97577038b16353a01934498df5cf9f37d36df72b668cab0c6d33e316e8,1000,1,1,-1.3133564,0.859766,0.31466293,-0.27331495,0.34072113
1001,train_images/c8a3eb9a5b52.png,91177d919a179136031a78bf9463581d3388293b8c3092bb3a8e131ffc2d53a4,1001,2,2,-5.1000957,0.48314857,3.9729989,-1.49018,2.018423
1008,train_images/cc3d2e961768.png,47f9dc0e2ae6c260ebb4a796acb11d26f152fd8a81a5d313402918ebb60749e5,1008,4,4,-6.721575,-2.4554434,0.5676658,2.620452,5.84389
1010,train_images/66375b3c64db.png,245cd1455af67f12b4a95cf10d21dd728b4756466f1caab9edf35cd651aa2c98,1010,4,2,-4.1784935,0.08445549,2.344161,0.12999725,1.5017595
1018,train_images/7a9f45fdf29b.png,c0fc4d655e5b159011cdc36895d7f8c8d5a38f36ed6585e72c5893a46dcfe760,1018,0,0,4.906152,1.3351936,-1.0789165,-3.322905,-1.8757765
1019,train_images/5a27b9b2a9c1.png,1b1d76e303d047ab1e7cc3a2ac1b2ec7665179db0f49c3c854f8ee03d7032877,1019,0,0,3.431408,2.4367142,-0.2223072,-3.5068989,-2.1546957
1025,train_images/c6c2bad91f23.png,bc7ffe440fbd0a6691ab2d08e002ceb0a8d9783f4391117784f47b29a6b3a5d8,1025,2,2,-5.0429,-0.9961767,3.4684396,0.33006954,2.1041436
1030,train_images/ae20112e7a1e.png,929f0de355a97e197153f9f737db6b1914c5c76164200f5718367f999cd0e011,1030,0,0,4.4410143,2.1635542,-1.1455235,-3.7527409,-1.7068229
1036,train_images/4210809074c1.png,48bb749057208f15e5d7cba71afb268a8b04f25020c0dde5c0d1ac31f261f9a7,1036,0,0,3.5524368,1.2317305,0.108248234,-3.5064664,-1.4363613
1037,train_images/7e70344b0c25.png,f0060f99accea9b7121df48521021855eec9078285d8ab6ae7dd4df8c24df410,1037,0,0,5.9648113,-0.32404804,-1.8817911,-2.427546,-1.3443742
1042,train_images/5ca779ace6e7.png,ce15d79c6b1a8e41be008d51ab8d560dfe9afa9ab6daada8462922fd9b159897,1042,0,0,4.6977997,1.3312788,-1.0384994,-3.3164735,-1.7160239
1049,train_images/bb783d8e496f.png,4b347e5cfdf99888901625ed6bf4b597f68eaa27639c2e7c894a818b372a71d7,1049,1,2,-3.8767433,1.362422,1.7522781,0.14833641,0.49751902
1054,train_images/bb5083fae98f.png,63261e7f15632b5f6fb667918c2e1865f1dfb36aa77dc5cdd7d21debd43b64ca,1054,3,4,-3.2729397,-0.04315281,-0.25420952,0.6584296,2.8186836
1061,train_images/54cab3596214.png,3686f562c7264f2489ff6bf94259ac24179695d3612517bbc9434dd925d4ea12,1061,2,3,0.11277771,-1.8916407,0.72992396,0.79382515,0.16321945
1065,train_images/e06d3d4733f0.png,938881610b59920587458d92ca2697fa22ecfa4f440bd900604e3423d59104cd,1065,2,2,-4.3580437,-2.3175821,3.1739109,1.2221789,2.1622
1066,train_images/4e8585a96739.png,8a2fb62f8f73cfb9c7a6b73459e4d0719569da0abdb2447580c6d3a76b6f54a6,1066,0,0,3.4670544,1.715621,-0.11964226,-2.9835234,-2.0954053
1076,train_images/b7aca95b97b9.png,53ded39956a68bc6852b29c6552e9bd6714c3494cb5d2df53707ee27010bde12,1076,0,0,3.098774,1.2462025,-0.6988158,-2.1897802,-1.4715891
1082,train_images/093cf723fede.png,654f082e795ebc50e30f90a03c98428aedb36cdb246bcace69474e116e7c69f6,1082,0,0,5.2887363,0.7339668,-1.3163218,-2.8209043,-1.9072618
1090,train_images/7c2e852171c0.png,58277d76416e0a7d0fe70dfbce560774a4193bd1f87c4d1a1a9cef4c9bdc9654,1090,0,0,4.37129,1.455328,-0.95673037,-3.058167,-1.8522754
1091,train_images/1dbdc32c17db.png,51ba53fedc434568eaff7c6195a2cf3ffbf609e2b62573951ad88dd699efae9f,1091,2,2,-2.7435246,0.3507185,2.1803613,0.11875963,-0.010186672
1093,train_images/a07d571bf7ba.png,a8029f9e7c948c2192bde6a2c9e01439562eb8a80517e7f3c4169d1ae3374495,1093,0,0,3.6110172,1.6697035,-0.89632654,-2.6928203,-1.7011089
1094,train_images/252305189b3a.png,04c2d9b6e49414fa3d1ffd1fe9dd6fc91134d4b5c97918baf5bdfc9bfaf76b60,1094,0,0,4.6633644,1.1172256,-0.8226819,-3.2320108,-1.7614651
1101,train_images/d4bc001f7224.png,7a8e1b03bdd26567823bb87bed85dc3856de934f3af1ab66e6f6f655a1f0dbd6,1101,0,0,4.607416,0.49351215,-1.0649323,-2.716569,-1.3417606
1103,train_images/f02057c41256.png,abc0b4ffa486fcd85e33ec42d28927f02642561de6a786752e94d2b03cbd8441,1103,0,0,3.2588997,1.3749495,-0.7975502,-2.5547771,-1.2770138
1105,train_images/0b8bdec9d869.png,11221dc72183f47f4b35f552dcb73acb08a7ea26580f9d6b18ec513041b64d87,1105,0,0,5.075325,-0.51488113,-1.6900492,-1.9274364,-0.956337
1109,train_images/b8ebedd382de.png,62472eaa23964a3848246252c4b34601341e28fd16c97a2761c106cf88522a6c,962,1,1,-0.8758316,3.9756641,1.4312937,-3.8176675,-0.7936783
1117,train_images/dccdf750c962.png,1f5b7367f65450786fde9dc782874466a2a884431f2fd8772bf7ee47e7b9ece9,1117,0,0,4.5942316,1.0594082,-1.3512292,-2.6057763,-1.7396092
1122,train_images/7c2f820a6425.png,7d7c0b44e361bfaba7da283fb6738e19c5b40168fbef8604be448193d6ab4d72,1122,2,1,-2.9749851,1.8142757,1.2771542,-0.200593,-0.0107040405
1130,train_images/5d9c841eb245.png,55890e2a0f10bd5c94c4d0fb3af4c9f48804bab5bad0da48fcd8313124dd6551,1130,0,0,5.600338,-0.99077225,-1.2212257,-2.4007978,-0.99842453
1131,train_images/41ab357d103f.png,5b28cb837b5d3265f18aa9b7305789b6d7815491d894aafc7bd94bb75b464f48,1131,0,0,5.668051,0.5489969,-1.4019613,-2.7326355,-2.0952017
1138,train_images/4c635a01593d.png,c4b2acbc5d5ef430e2c1a53a4eaad65f90876f4c693ab9fd8db73540c74f5eea,1138,0,0,4.5088253,0.5162916,-1.0083079,-2.977098,-1.06954
1145,train_images/3c53198519f7.png,176149b4ad4e93374a8c914895a12aec5180b6e0b58328127a8ae92d22047892,1145,2,2,-3.421917,0.89820004,2.647147,-0.8518677,0.61053944
1150,train_images/b1f4122fd36a.png,468a500e40ff12e80e856c6e1b6eb141ac30cedae404eb41c1addb4562bee739,1150,2,4,-3.2248325,1.2423258,0.6202643,-0.07764578,1.3322487
1156,train_images/55092c0071eb.png,70f95bfc5307e933e2967e8d6e28dbc2e3a7beed67403dd35056bc4a5db04fdd,1156,2,1,-2.166628,3.7313375,1.3804619,-2.3299625,-0.70752573
1161,train_images/8fd7ad26e691.png,d386d6b040f09609640ed91cddab7a784c044e0343256680433d0b9210fddcb8,1161,4,2,-4.4630547,0.97034264,3.209606,-0.60511255,0.77097654
1164,train_images/33778d136069.png,e3425e1ed726ec7e7a84d5abf66e5f9ab599745e709a23d486b67e4aadf947c0,252,3,3,-2.5549679,0.56409264,0.38915658,1.2038317,0.31478357
1166,train_images/e6a58edc5b42.png,a667e48d1a8748ad793b42047c391f03f8ac627609155ab3d25335ebaf5f6def,1166,2,2,-0.6342411,1.439086,1.6086819,-2.6906877,0.19420958
1173,train_images/17eff993386f.png,7f0a2856014f59784c8cc1c750a894052a57e1605f52bc34a9b4eae87925d0ce,1173,1,1,-1.1600456,1.8196135,-0.07307339,-0.34012318,-0.3303156
1177,train_images/837acf120946.png,a056b1ac8ed78ad700c8c7a0d812dafc81226e376a0571085a9f925ca98de584,1177,0,0,1.8117676,0.06599903,-0.7757201,-1.5392666,0.41103697
1180,train_images/82e5bc01f8a4.png,d09f7057f0e50dd7572f797c7204c6afcc9c5fa02fd8864e505a13974701c8b7,1180,0,0,4.7472258,1.1683035,-0.95030165,-3.1391482,-1.863627
1187,train_images/96c699221180.png,353d8a385e90ea4267e594b97a79aeddb93224cb5d5ed840ad1d775b4374d778,1187,0,0,3.7511482,0.8224535,-0.9635086,-2.6782115,-0.97999907
1192,train_images/84b79243e430.png,57318c4b350258740ef0332d5ec353650356867c083c3b8e3ce25b1d66fd9a31,1192,0,0,5.1021643,1.5326242,-0.98888063,-3.7219026,-1.9576659
1193,train_images/4bd5d0b30198.png,e24be7a9a7895321a075af4ed09d77ac1b7ab49f0630025a4590327c0f35d982,1193,0,0,4.245384,1.58922,-1.3549366,-3.3297205,-1.1911707
1200,train_images/d38cf0f4a9af.png,b66898799fa443fdb53c046a5cd2ade6ca7133c7bf89eaadf125cfbefcdad161,1200,0,0,4.1425104,1.4493217,-0.42554712,-3.3178961,-1.8955221
1202,train_images/fe2df69676cf.png,69d96d4682275d275a2f11d0c681bc1372fc00d89468f3481b24e7d809270f82,1202,1,1,-1.5713482,2.2313356,1.2857723,-1.9325771,-0.09377766
1211,train_images/4c5ab774a381.png,03e9962039a8d8c9a1ca20f75eea0042adc31ca19c8d47744e5ce39a052af5b5,1211,0,0,4.6837606,-0.04295063,-1.1082716,-2.7652922,-0.798645
1216,train_images/e499434242cc.png,4c673efd8108793cee71f7a41f82c0f37258e8221f3b911717736c5f754ba15e,1216,2,2,-4.4298897,0.8790035,3.0958128,0.15585852,0.18307924
1224,train_images/18cde9649e90.png,18bfc8cd46eb4f6d333152fe08f5a607a0f2cac951aa5b84c29f3c9353b638c5,1224,0,0,4.696534,0.19490528,-0.67205954,-2.700323,-1.5466585
1229,train_images/ababe19ed448.png,2bc327e38d950fad243927d304ea62795478d069ead52a11cf5e5c693e42958e,1229,1,1,-1.6695976,3.2939253,0.81546164,-1.8233342,-0.69642305
1230,train_images/5c8482926a08.png,af422c17c378f5142846fe7096f042f8ef2d4baa050987e255c2d8233f55d843,1230,2,2,-1.8385506,-0.035108566,2.5798597,-1.0577316,0.27520514
1237,train_images/69b3a00927fc.png,ca92f2fa85e475e5f200deba85c875cc93989b2182debe28d7928694b63865dc,1237,0,0,3.9313526,1.5699015,-0.8000245,-3.478354,-1.2708211
1238,train_images/4a558a1cd243.png,95f588fe7526cca70d68df6a30804bf84021897a9b9a851d6ed070c3e580f36f,1238,2,2,-4.5613365,0.35287476,2.4339745,1.1707911,0.51022863
1247,train_images/9c52b87d01f1.png,07086880d7671ed61012937727224700294593d3a449a03569a63016289afd49,1247,3,2,-4.2733574,-0.46912193,2.2962804,1.3113575,1.0306196
1255,train_images/2221cf5c7935.png,689616c356651247dbbcaea71b7000cb55af3ac0e0ae6d4ab060939bb2d69c9a,1255,0,2,-0.38438606,0.7343035,1.2482278,-1.0289621,-0.60905075
1260,train_images/6f0463c1ff18.png,8cc194498af04e7cbdeb636afe03f0b97abe986010164196672e754cd0f4f6b1,1260,2,2,-0.78777885,0.04824257,2.4134903,-1.9416542,0.20265436
1263,train_images/9274e75dc4d5.png,863717677b6c6910fb7ce5008860de7ca55690864b70ba3f781be513eeaf0b2d,1263,0,0,4.3127136,1.6192398,-0.24325514,-4.0758243,-1.6569638
1267,train_images/633fe9dbaf39.png,f24130ca231c05e0bbd08e61fa5eb55c1dfcc5fb6bd6d407d0630382a56d054f,1267,0,0,3.8746738,1.6514101,-0.093560696,-3.253553,-2.1790242
1271,train_images/26d60db3bbfd.png,2e15ebe49faeec45be4b4b3d8b577495f9848d12f5a087c7874331a9c47be1a1,1271,0,0,3.330822,1.2699747,-0.18318748,-3.1097355,-1.3225031
1276,train_images/1a369baf9ee6.png,9ef1fb0ccdfe829af8380619d2d1ed5b2e81f5a4be3ba6d837cca52d68f0a579,1276,2,2,-0.7255478,-0.4624281,1.3379385,-0.35821152,0.15350342
1283,train_images/099021fac3c9.png,13e80c445cbf374c2c3b53ed5a7c99b0fa1ea43811b1533d84ecd40900632629,1283,0,0,5.2701254,-0.08942509,-1.3914328,-2.8630848,-0.9418011
1289,train_images/8185ce1cdcef.png,1d47cb586d6da3392df3750cc9f8cadef19ab75da5f58831fd750804f2c03485,1289,0,0,5.077921,1.7382994,-0.9534745,-3.4547133,-2.4417012
1293,train_images/9a3109657ac1.png,db56784b762de05ec1ae3f5fd0f471f1462246050a924a40fe1c179bd4c022c1,1293,1,1,-1.3992538,4.489686,1.3533561,-2.961806,-1.5641608
1298,train_images/35beb47fe159.png,8335bc95b108bc9281f34302c34b75895dfab1d5e0e8b6ea0fd10677a90516e0,1298,0,0,4.7726345,0.9670334,-0.877738,-3.2529955,-1.6456838
1303,train_images/e68746d426b2.png,a178ff01ea6f551cf64fb6b3fa6837e652b96a4ea744ad910761fe8aeaac01a3,1303,0,1,1.8228664,1.878293,-0.19565725,-2.633192,-0.9031186
1311,train_images/7ee6de71c140.png,9ad89af8b5fd14207dbf845f1c7ffbd1547c2ebc9b535ddb66172af67f8a2317,1311,0,0,4.632621,0.9659729,-0.543067,-3.8812134,-1.2157359
1312,train_images/27e4c800a449.png,cb8ced1312c53436f404cfb8d56c6c869ed6dc0fab4804d6b9dd0fae58466e5c,1312,1,1,-0.6146736,3.5717907,-0.014736652,-2.6127396,-0.40229368
1314,train_images/bda91b76095b.png,7dba1f5c4e53a30845ca5db492287586166b16d2d0e15bf57c847e78ffc741e9,1314,0,0,2.0708122,0.99888134,0.5683992,-3.2011108,-0.4619589
1320,train_images/785777558f05.png,4f982d65ce5bc1a61fbbfa2784d06f1f82193caa11424d8a70ac972edf5b070c,1320,4,2,-3.1530304,-0.3977108,1.6520932,1.175746,0.64233875
1327,train_images/9a1029536d78.png,9b61929b4aaf07f2eb6273e29a2eaea2b1c4790178ab7dca032ff9a233e3bf25,1327,0,0,4.7158537,1.4191484,-1.2740602,-2.9208627,-1.9743297
1329,train_images/ea15a290eb96.png,7a3b576b588c36cc173989d29f7b96ea54b05a285a74a423193d9efb35ec2815,677,1,1,1.7782593,3.3848238,-0.020754337,-3.603882,-1.5677786
1332,train_images/6061f5b7378d.png,d7e35e66fca58a039554dabf7a2b545a99e22eb079d0b6e23a416710eb7c6309,1332,3,4,-2.9392128,-0.15580273,0.85719705,0.79265404,1.3344884
1338,train_images/9f8112c710be.png,57182496fc76010fbff42b988e079bfbacf5f836c32ad38d0b8de5b722765787,1338,0,0,4.0219154,1.2659664,-1.0576897,-2.9761856,-1.298059
1339,train_images/4a5a6efc0bef.png,0cc175fc2e69b6781270595f6b0278984ef5085350ad45cabb6e1cc327981270,1339,0,0,4.449005,1.185749,-1.1008534,-3.1674123,-1.4051452
1345,train_images/65f69234c8a7.png,2006c40a8335345e4f7fd2039175ed6c937652a0de7464643a7fd63fdcec2d08,1345,0,0,4.609563,1.3491039,-1.0344,-3.1869216,-1.7762947
1354,train_images/e2265c383348.png,735270e001a0a27294c2da4d85371a301e41ca5115e13f12f554011ac02a7977,1354,0,0,5.7860518,0.873044,-1.5204873,-3.1872118,-1.9648547
1359,train_images/b3d12069e1c5.png,7449fb06a76649f9761fad556506c3f45ae9863841d8be6f940e2dcc466b927d,1359,2,2,-2.9484768,-1.0516729,2.69426,1.0796318,0.15771675
1365,train_images/60edda7b4871.png,b57c493e42f062cbb38288863cb75a09d1ffc07810d6ef08cacadf32fc8e772c,1365,0,0,4.769165,-0.17736244,-1.0242901,-2.6385126,-0.9530816
1366,train_images/31452ad8808c.png,ef777924d9fed2f83e71bbdee3889032f1c1d887dc959fc1d041f7ef74157625,1366,2,2,-4.2841167,0.7543144,2.6501846,0.46041775,0.3015194
1371,train_images/67f5d89da548.png,4b17c2ecfef7cd06a30e0c88ad06290e882b07d0c85c665e6fdbab16ba660d1a,1371,1,2,-3.655962,0.9511852,1.1845069,0.31648302,1.1061344
1374,train_images/a0445785e2f7.png,095aa01d00d4439cb28d2577e69850386f4aae68038e027d9670bba0944c3eec,1374,0,0,2.5796413,0.444952,-0.36504078,-1.846355,-0.8620057
1375,train_images/1a1b4b2450ca.png,520883df0f5735ebbf1e21b085ecb6dbe4f8b135511616203183416afef4e49e,663,2,2,-2.435299,-0.21879196,1.8604333,0.1258874,0.58104753
1383,train_images/3796af4d987a.png,5fbb8e6c674727705fa804e3b2027b06e716c06e728217b60ff4911c591f7fa0,1383,4,4,-2.5024529,-0.14711285,1.0184009,-0.3488717,1.9129639
1389,train_images/7e980424868e.png,9c54bfedcfe8400bf7ac65f4ac96581540a4da59dbb9e0c30abcc4ad27fefeea,1389,0,0,3.8945618,1.4819002,-0.74757147,-3.0954804,-1.5836825
1397,train_images/b2aaa81cc8f0.png,f98ff8a883e051a12ee88761de53266fc3a9f0b5aca1d6fc23a79a371a1e90ee,1397,2,2,-3.8436432,1.0502977,2.8789947,-0.0325408,-0.17049217
1405,train_images/7f84284598f5.png,934250102f99a549ab74785d1db28d76d1bbf5e5ba32889484571067aa05088e,1405,2,1,-0.6872616,1.1450377,0.8543515,-1.3284521,-0.021800995
1410,train_images/dce73d90c00c.png,3c85e2348f81adb04696fd1a02f8a2bd72243d9bcee16a8bc25e87891100ad58,1410,0,0,4.175907,1.2227669,-0.76961994,-3.3258715,-1.349061
1415,train_images/bf7047dc683c.png,26060e0d0d10960b28dabe090b1dc997a1d45bf2c47c64615b2ca30575c2fd43,1415,2,2,-4.2304764,1.617383,2.196644,1.0207071,-0.70868635
1416,train_images/e16af45285e5.png,c7961ba86f95d889dd06278e60d1a93e74ad834d8a5aad79b5c8a25c77c87110,1416,0,0,4.461993,1.0657339,-1.0758948,-3.045216,-1.4503231
1427,train_images/4df6a81b476e.png,9e771f5302a2041bba3721ca33e9ce9c2bc97256e809073a4ebc9e3c78f2e8c2,1427,3,2,-3.5193024,-0.20152092,2.117835,1.7383199,-0.21740055
1433,train_images/0af296d2f04a.png,f7bf04521f82e4f75f7d57c45a8c4171cb6e49a397f37421eb4da2d8fa0240f1,1433,2,2,-1.7734203,0.13480186,1.8929698,-0.66822004,0.31192303
1439,train_images/4e231670b48c.png,bb1f48a5adc1dfcc9d16a14fa3d0606f202276e2d0e1ee78f52caa4871681714,1439,0,0,4.629285,1.0768061,-0.928823,-3.1431847,-1.6681867
1445,train_images/4246ed634f25.png,27245fc87a66e9a594e5f9a6c1359b12d2c51253353ad08363e9363c8cc797f5,1445,2,1,-3.5819187,2.8903856,2.3395796,-1.4585032,-0.30660343
1449,train_images/f8372e80f731.png,814e932a010f71171bb08f1d7d54b63e35757d372666ba8ff1333cf474f5ce95,1449,2,2,-3.6546516,-1.1644993,1.999804,0.829474,1.8669801
1453,train_images/4a213b405ee4.png,75ca8a3c3aa0003062d878764c6f01fe454cb199c16ed147fcb57b06a91d3da8,1453,1,2,-1.7853432,1.3872557,1.6084554,-1.9438162,0.64049673
1454,train_images/c3aa424eff9a.png,f7a767bab7d582abfea9034c151f25272c5c19e814bae89c79fd0a74e63f17cd,1454,0,0,4.0178833,-0.7517853,-1.1589046,-1.9836779,-0.16259336
1465,train_images/f9aa35187bf3.png,ba9b8d44a5c4af377e1e38ef57da330f876c7ffa384fcfca372e819dcdcba6de,1465,2,0,2.8970184,1.4845705,-0.46804428,-2.9811754,-0.9964905
1467,train_images/a821b6ecef33.png,234652657b3490b8eeef65a6cb915de3e9399108d5c5e5f34e0cc3a17148702c,1467,0,0,5.7062283,0.64781857,-1.6408744,-2.6285012,-2.0946767
1474,train_images/cec299c2a2d5.png,2e22803136e84f9a23ab4990081ce552e3fbb73d0289b2375f82d32ccec273c9,1474,0,0,3.1578503,0.3610096,0.21134186,-2.9479814,-0.7683377
1479,train_images/1cc58b15f466.png,729780d65c747bb38b41bb839462c2945ef2dcd2c7fd2b32822033147183c298,1479,0,0,3.436512,0.59580517,-0.54592085,-2.5946925,-0.88811827
1485,train_images/ccd6dcb2f568.png,55e01912397e873caccf1f388394c4bae1f610180af1e5584d1aec97faed194f,1485,0,0,5.0191946,0.77736855,-1.6545801,-2.5686157,-1.5973663
1490,train_images/c80b0f27541a.png,5a04cf4119a46f68f15bb94343190c8ae42fe59344180186a38c09faa68e4121,1490,0,0,2.7048435,-0.113848686,0.25370884,-1.8719211,-0.9861989
1492,train_images/eb1ad14dd281.png,a571231d7048b184a560711375e5c2014d032f8258a4b5e84d4dbf61765cea9f,1492,2,2,-2.5075321,1.1647949,1.8461432,-1.0915117,0.4975567
1499,train_images/b468ebf5cb11.png,543e8216a71fcfa648bf1db85050730385f6d913a4c6a13057455e276173ea89,1499,2,2,-5.488718,-0.79412365,2.8438516,0.9837613,2.3191319
1507,train_images/686ed1dbae20.png,a70862cc4ebc808930d355932252cd1751927fadcaed25972f74edadf65d8fb6,1507,2,2,-2.6242561,1.2742863,1.3813751,-0.8112631,0.67951775
1509,train_images/54bbe3da103e.png,f9b264daf4c4dd8f57ded5b9a229c15c7bf3219143fd4f56a183691779a51e4d,1509,2,2,-3.3307552,-0.9002323,2.285658,0.51466656,1.3746252
1515,train_images/1d3e9b939732.png,0e1e538394a90d5959e8a689120da935f5548bc9d9ec4c2801d93fb133c484d4,1515,0,0,5.199543,1.7717943,-1.0172439,-3.965679,-2.0268042
1521,train_images/8f318a978844.png,eb33fb8222f2bcb8631185b8bec8233e6d53daad63fdaa15c02d3b38b06717a4,1521,4,4,-6.7599335,-1.249116,0.95326805,1.9204988,4.999365
1529,train_images/27bab1432f61.png,42e4ff7c9f9c1a8390f9f11323579baf54afa9eea580d470f71395091e098292,1529,2,1,-2.4467793,2.552184,1.0180278,-1.5616994,0.3579507
1531,train_images/705f508d1e42.png,6fe5faa64620d71ad2d597f1bf1069b6562a5681ceeb89c1b7468f2cdeb15cce,1531,0,0,5.387889,0.68516064,-1.1590967,-3.326447,-1.6136894
1538,train_images/8d7bb0649a02.png,c074f9f47cb63bbe2520ddfd2e94faa53c842097e4b8925d20f4f845df76e94b,1538,2,2,-4.864599,-0.56923485,2.3355854,1.3172255,1.6516733
1540,train_images/e47770a2e5d1.png,19598e087cd8726ce0ce806d6efb9ca547f8561bff47c71bec51a5193a2770f2,1540,0,0,3.3620663,1.4622126,-0.135921,-2.7258358,-1.9568381
1547,train_images/684dd88a0d49.png,3f39bfd9c853e35fbbcc2e279ccc41835d9cfb8f47a1ebdb42dd73064fd8df4f,1547,0,0,3.0847607,0.30082226,-0.46135855,-2.32744,-0.59891653
1552,train_images/77ab222bf85c.png,f25b146402671066b24a5671ae68dec6e0bcc2907297155e72298a50197917cf,1552,0,0,4.9342537,0.09062195,-1.5358706,-2.0669746,-1.4509387
1554,train_images/55f7f018c61c.png,cb8b4fa4e1872ec8c3f9f3abfc811af862d73048c1e9872433729907141c8d14,1554,0,0,3.145218,1.3655376,0.031497,-2.662461,-1.8799963
1559,train_images/a8b637abd96b.png,48a9d85112a68daf53a05641191f84b6dbd8d03b8dd3f09d8c86a2de6ad451e5,194,0,1,0.70079994,3.4438705,0.14586091,-3.3345292,-1.0084152
1568,train_images/8dba09a4e5ed.png,a14127138823212b734f721e1370241422986c51861ae4e6649183299353b122,1568,2,2,-3.2991486,-1.5500746,2.1646447,0.7186389,1.8656034
1573,train_images/38e0e28d35d3.png,035fc09853678cbd8c32c94a7cd728f45e033e5c7727a826719ec92e8eab4151,1573,1,0,2.7376442,1.189084,-0.30064678,-3.1705098,-0.5202861
1577,train_images/ccd34029493d.png,55ba47448591c4a598a14543d12e980cf7f3efa8f06a89d2019b31da629b282c,1577,2,2,-4.994295,0.8639374,3.3567855,0.031883717,0.6154237
1579,train_images/1db0393cdbc1.png,973ac8a844b54d3af3fbc53904fa52b32ce03200a86e4113cb6f4ef435daafe5,1579,0,0,5.3001785,0.16067505,-1.416214,-2.6155353,-1.4479661
1584,train_images/d18b1d8ac4de.png,153bf95d2b1533348e3bf0b5e5ad660980dde4643f34647c36a4ac19eee2ec36,1584,2,1,-2.5056877,0.91121864,0.6716685,0.26486826,0.56648445
1587,train_images/9688c6ef5dc5.png,edfd31658a3fb3eaddaf7da5c72f53bd600e4f4bd42bbf6dcef1de6dc39f586e,1587,0,0,4.780821,1.4279919,-0.5690279,-3.4347944,-2.2435753
1594,train_images/b82dfa63a75f.png,8b4bd8eccff36971eea9798924742766140bfe1a18569288710156844d0133ee,1594,0,0,5.0392694,-0.41674995,-1.585846,-2.0188408,-1.0435395
1597,train_images/f3cd489acbee.png,511fabe43b3480ad0d885ebac01d46b2305e5df1f7ef8676b13cd7bc8866567a,1597,2,2,-5.9419956,0.19655228,4.4288416,0.21896935,0.9529295
1606,train_images/1bea04b2bb2d.png,62df3dd5e5482d39d92c714b80ec4053d5abfe878725552480a9c5c76e858dd0,1606,2,2,-5.0271473,0.6587868,3.8768442,-0.42166758,0.78521013
1611,train_images/a02dfd67a925.png,8af5e78e55307b91f8e688ec6da8d92a5f7d98a22b8023923d4b7ef3b02c01a6,1611,0,0,4.189538,1.0910339,-0.9119029,-3.5103974,-0.86042213
1617,train_images/0423237770a7.png,4bf8c78cca1ced405ec59745e02756bef32bbec3b30002366026bd9c86d794f5,1617,0,0,3.8894615,1.3017435,-0.62632656,-3.1250925,-1.4890022
1623,train_images/b66f23ffa730.png,db4c3eac7b65f5ffd1429036e05bc4e3194a76c2c32108730dcf776ee4493e07,1623,0,0,5.0027237,1.0229902,-1.1682911,-3.2188025,-1.6695585
1626,train_images/0318598cfd16.png,0811f5cda7284e76ada4af682a9370130bbcd9d10a55301a708fb9c07380f7f9,1626,4,1,-3.1443043,1.7150517,1.1490874,0.14145947,0.04957056
1631,train_images/a8eb35b3bcd2.png,e6bcdb8cb578c6ee2ea24bd20bbd06eaa119cbe3cf1a7c1a410424e14e98c20d,1631,2,1,-2.7353458,2.585434,1.9487665,-1.5839281,-0.3146844
1634,train_images/1f15ca672675.png,931a3dd2e2d469dd77b3ed7d59b678e09d6a31f0e91c0c15e3a6ae2ea0ed26c1,1634,0,0,4.66842,-0.6461258,-0.6663265,-2.689132,-0.6930933
1639,train_images/1a90fad9ffa2.png,acb159fa538f5a2c5b5d797e1a0ef1387f2bf4f64da287244728563e83382efb,1639,4,4,-3.6807575,0.060969353,1.4950533,-0.2697301,2.2674742
1644,train_images/b927a9238434.png,f9249231081dbd6e593a57573648d1439d6d251d206292f5497638a812ad25ff,1644,2,2,-3.5853195,0.9866905,2.9875455,-1.9570351,1.45403
1650,train_images/2cacdb0dffae.png,fe7c23e123a1095965ad37929d00ae5fc9240d138efb1623a89ddd09b9764467,1650,0,0,5.2809734,1.2464466,-1.3006835,-3.1568332,-2.1000435
1655,train_images/236f56771ec6.png,cd5d977b48c247551c4d0e9ed4271e86ecec237e8e2e83fbd9216861589f2cb0,1655,2,2,-4.3871155,-0.015444756,2.1468832,0.41484642,1.7158575
1657,train_images/8446826853d0.png,2f8071e2a344253ddd9fd784646738464115059910141e14202cd6e1956acd62,1657,2,2,-3.204752,-0.14073849,2.11371,0.20425177,0.93018675
1665,train_images/b842b43cb7fb.png,767fb44e22dd4236644d7f275ceef1a844fd6fde967a0f846d2d5e2d3afadefe,1665,0,0,4.5397806,0.58469677,-1.3023248,-2.1578388,-1.6962194
1673,train_images/ebd96d853918.png,18844e86c52e1df9993743b49fb9e401c9de9f6080fec0ae6f7bea28c7252071,1673,0,0,4.71659,1.8837576,-1.0855069,-3.8891196,-1.6645341
1682,train_images/012a242ac6ff.png,8e03a481f0261723971041df11c093cb920f5dbe2b375844ea42dff83d270ab6,1682,2,2,-2.9748669,1.1288967,1.8269138,-1.3741493,1.2944183
1685,train_images/8b58f9a338e8.png,1e6af919f4b3393a73fd7158b73d19f916f74c9b71720b0431d9dcbdd123cd70,1685,0,0,5.7255726,0.58409405,-2.0693316,-3.0877585,-1.1674972
1691,train_images/c739ff9580d3.png,751c484591ab0248093ec2f6cbec071f7781c6de25f7e4b3cc0b8db47e3ef27e,1691,1,1,-3.5233307,2.5779552,1.6320014,-1.3452396,0.56058836
1695,train_images/052d9a3fe55a.png,b7640819bda6f6c53a35df2f1b9d2cf00ce229f3305085dbc15e1694009f1a49,1695,2,2,-1.7626057,1.5576696,2.0753474,-0.7097039,-1.2126732
1701,train_images/e32dc722eca5.png,b426b772cb49868e0be7f5c143e7dd7f726b1fbdc13fbcf9599878e7aeec3a57,1701,4,4,-2.776825,-1.5659819,1.388488,0.81326056,2.053708
1707,train_images/6531070bf03c.png,0ba13d8e85cb54099698e4e4c0da774809fda511251cbe064617489b0f85e60a,1707,2,4,-4.7782516,-1.1335545,1.8819139,1.6956143,2.1979504
1709,train_images/190a309f2cc5.png,7e4a7486f1547b4512306793a4a9b5af111d3f341ae64678425809b490b32dff,1709,0,0,4.4259815,-0.062417984,-0.76243544,-2.4866729,-1.1416993
1715,train_images/f8f5942b690e.png,b7da8f71b6137c44633815a2601515faf427c380e4f52c834847befbb6352887,1715,0,0,3.4802647,1.1386442,-0.866272,-3.3785195,-0.3819747
1723,train_images/fe0e2dee1834.png,434ecdd9f3c6527a752e8e062602620532d634325f0f85d3261cb4b2a0997a9f,1723,0,0,5.2537317,-0.13778019,-1.2423196,-2.8890219,-0.9984579
1729,train_images/2b074afdf626.png,ab702186321b1ba8f23d3e709ffba8f4bf35f5082274fbe235fd01a93b02b12c,1729,2,1,0.03945732,3.0728188,0.67304206,-2.5223079,-1.3252234
1734,train_images/2f42e20db938.png,66b6d0878d8a3992c210fb27c812f8dac723f26275a875bd89b48b241d754106,1734,3,3,-4.324854,-3.4798346,1.2778249,3.319047,3.1006708
1736,train_images/69591ebb198d.png,5f6dcd992065e5fed1ae13057cb87998922db2f3dc6208869e7e1fa75a740ed9,1736,2,2,-2.2466812,2.1200237,2.188198,-2.2821167,0.121423244
1744,train_images/4c3c1ed09771.png,905cc3253bfb260dc23c2ace8f80a70d41862dcbe93825a6e08d4c3456c629e6,1744,1,2,-2.0698605,1.0804691,1.7325907,-0.71522045,-0.12036896
1749,train_images/d3e884109b45.png,46a8706d80bc8a135ea4c7430d124555ab47bd5f6ea926d74dad2bb2ee0f4557,1749,3,2,-2.8360863,-0.93696976,1.7267492,1.5360899,0.43400812
1756,train_images/0c38940e1f80.png,b2cbb757094a63c1f708bdd2847087f25e77d25c352fdae937eab5917d3c1bbe,1756,0,0,5.202568,0.5315647,-1.4978929,-2.7041342,-1.5562673
1763,train_images/0212dd31f623.png,778b89b62aebc3d06ac48595680749c6150a687a90cfd4b8ede51b41b3733784,1763,0,0,4.970888,1.6487646,-0.93894005,-3.4651241,-2.248675
1768,train_images/1943983492e5.png,4764fda95dd80c6dfeda1e5f9b3ea17492f6150fc9c65f637e5cfee1f1d5b48a,1768,2,2,-4.224764,-0.0062942505,2.7773838,-1.2314296,2.5573359
1770,train_images/fa748b57262b.png,33d75fc8e5d12da8fc72d2a4169735dde2f076d4074bea5fa0dc287f6dc9de05,1770,2,2,-5.1019382,-1.5193281,2.8265662,2.2086897,1.4614615
1774,train_images/3601dac9bed7.png,117aaeed6bc3e70c0865ff60e3a5699a482b23054174368f86c2d6a248f5d76f,1774,0,0,5.005704,-0.33496094,-0.5983548,-3.242226,-0.8147545
1777,train_images/b2748ac28fc1.png,721119ce290ec2c915acf3e04fff211cc08d52e66c33650bf0eb68621970f34f,1777,2,2,-3.3322678,-0.28722382,1.6648576,0.5652056,1.2881823
1779,train_images/a2b995b81692.png,5f96c8778f2b3e454613483e24023072d808a7158672e8fe4abf74cb4945aa61,1779,0,0,3.8323288,1.6273022,-0.59086466,-3.3857746,-1.5379248
1784,train_images/6baafa56895c.png,aac702f9ac4663b9738893992e9451ddf01cf193a862c6bf08359564bf25ade3,1784,3,3,-3.8429966,-2.2895231,1.5730572,2.3696127,2.098916
1785,train_images/4e1e252317b5.png,63352a7042d3c846b16544f01298b91f4d17d9421d495d87cdd7ec4624f53124,1785,0,0,3.281416,0.8985443,-0.22695589,-2.3770776,-1.6297889
1792,train_images/74211a2b6dcf.png,0d34db0625c3940a13ff02eda65c83e5705d8e6f63f163578c0fc5d5e54832ef,1792,0,0,4.0015507,-0.18382645,-1.4736481,-1.4801006,-0.85675716
1802,train_images/15c24478ac72.png,d57f975d94dffec264850d22ce42f65397f0d7dfefc3773be8259a7f1d088392,1802,0,0,3.223524,0.85933495,-0.49716806,-3.0523791,-0.5913453
1814,train_images/ace2281f00c4.png,902f6e28e70591b8051e77d7ba6a193f9475192781e0821255d33aa6f7fa62d9,1814,0,0,4.755456,0.040039062,-0.78095245,-2.2021542,-1.8344731
1820,train_images/09934421c79e.png,7c9cb44dedffa930d0725d603249a5b2169cc09d1b0af9c31dd152eaeb4da9ad,1820,0,0,5.6939735,-0.031726837,-1.4498076,-3.3287904,-0.89212036
1822,train_images/1cb6961d141c.png,0a282f1841f895ce3ff61514bae869d3d84d3156ffcb10d918e115cc0bdbdbb2,1822,0,0,4.3836975,0.9785118,-0.97748184,-2.796986,-1.6257129
1825,train_images/0b3efe669365.png,53fded270c0cf23457be2da38d5181f9d5f273bdba40a175e6e5454fd57a4a89,1825,0,0,4.371072,-0.15121555,-1.3856354,-2.340776,-0.518631
1829,train_images/709784f7fcc2.png,029c23fce34b9216852b2835e96e51fd9da47d9185f4750d7556381f2d401337,1829,2,2,-4.8235264,-0.39094257,2.2071404,0.72407675,2.1514788
1835,train_images/1e8c31e29dd3.png,05c92f4bc96fd65771975f8ca9202b934ca31fc81cd9e2859b9d4b7126ceef02,1835,0,0,4.854932,1.3668327,-0.83917665,-3.4707596,-1.9543705
1841,train_images/fc4d69128e7c.png,72aa70a9294f06deefc5628d048fbffa2d713357d190e28d0780ab8f41035a94,1841,2,2,-3.1180592,-0.97552395,2.1577833,1.2722487,0.58771276
1850,train_images/49c5e7f6b8d2.png,c4c689092c2b105d9d682a8463affad20ca4539120657802de4c6e431be5ebe8,1850,1,1,-1.2972889,4.067733,1.1461034,-2.4519455,-1.5550828
1857,train_images/83d6e40c869f.png,52fffe493b300c59baeba3d2b2c90e533562b58bbf80fc882ef747adb09e903f,1857,2,2,-5.4789906,-0.6899004,2.3626654,1.7104082,1.9629698
1863,train_images/188219f2d9c6.png,68abddbb566eb6a25b1a1dc6b40b25439d982daab6026263d2eaa655c96b2085,1863,0,0,4.634384,-0.5293617,-0.6053748,-2.35541,-1.1623354
1869,train_images/f71bea807c96.png,449698475c4b481a5ebb29338e841d283d959ea6f28b3c613bee594cf7914bb7,1869,0,0,5.2524137,1.8092365,-0.91986704,-3.850705,-2.318027
1870,train_images/b835b6e31a59.png,bb81506a51b2f41f3ce98baddbd82a50ef0f5f8682cc9b68e1d956f9e4895269,1870,0,0,4.1195393,0.96353436,-0.5705519,-3.5037823,-1.052701
1877,train_images/e9f82b5bbaf4.png,e6bb54b34576ed057a308ce8d54db045c2252086acc8efc748c3b2a4cb8fedfb,1877,2,2,-4.102148,0.88272953,1.6560249,0.807045,0.6438389
1879,train_images/555d0bef3c5b.png,a91bc505c18ed7ffad52d3bebcbd5ab67b01605a066d9466724f2d3097655f23,1879,0,0,4.865265,0.8531351,-0.8627839,-3.0762486,-1.8180828
1888,train_images/384db24ebbd7.png,8e6cf02803e7a327aa98f060b7b5e63c9fc9342f8cf50f37d20632258847adf8,1888,0,0,3.926714,0.30719852,-0.36758804,-3.5562372,-0.35919333
1891,train_images/fa59221cf464.png,534967cc24793275d28e02f1cf9dea9f81da2af670883b21a7c149212d1f1d6c,1891,4,4,-2.9949455,-1.0679188,-0.5530567,0.5806999,3.9170313
1899,train_images/c9485c38fdd5.png,8007a8ea036021c27a69160557fa275410169f50be8cf6cb396eeb731fdb667b,1899,1,1,-4.5605984,2.51834,1.5243852,-0.18776655,0.59457445
1904,train_images/002c21358ce6.png,19a35479c6c134c7b930b7830b8fe8ac4ad489e809be322f1e37f2efadde0b57,1904,0,0,4.976037,1.2209463,-0.71547794,-3.374504,-2.1416268
1906,train_images/63b71347e95d.png,e9f8894fea119a9a734b0cc3ad49bf5cfe7ff4269b60f4a1728e0f2aee3bcfc0,1906,0,0,4.591832,1.1887608,-1.0442767,-2.9559836,-1.8240738
1909,train_images/a56230242a95.png,7e650f98d225d0d7aba5d8f04ec868f5d805960caa89020b310b4426dde93a1a,865,2,2,-5.713928,-0.76229095,2.8935227,1.9135199,1.5162396
1912,train_images/c52bb7343387.png,88d20c3e405da074c1f3d2dbcd2066caaa78f1b0dfcbfba2ff301515ef39009d,1912,2,2,-4.4942684,1.3187971,3.0577834,-0.8559003,0.84844446
1917,train_images/c0e15e8e2b46.png,9dccf7d242197e193c01e696ffaa457edf069c4a9e2de76a0964ec4147682310,1917,1,1,0.18780327,2.7139673,1.0323982,-2.3368442,-1.6379967
1921,train_images/84e8c62165b5.png,0ebccb28d7e5ce6b99d1c9e3980ae26993c9d2b7de2ad240b93ed3b13b5cfdf6,1921,2,4,-6.3974323,-0.7838917,2.696557,1.634335,2.7093601
1923,train_images/67ed8cc78b97.png,26fbe7605d68568cd74631642e476b80e2ac5a644d55b711398007c7386aebde,1923,0,0,4.7014284,0.31124592,-1.0222359,-2.4122205,-1.6029639
1931,train_images/246e4506824a.png,6b9762b63ec6a973c73433855642d2c06c7f9603fba7903a665b30107280f49a,1931,2,2,-4.5075912,0.64161015,3.35402,0.012326717,0.3729596
1934,train_images/a2dff8dbc9f8.png,1096c46537ce7158ec326a0b403f3f20159c6d1f8a7ba8c9ca9d8d7d5a04e28f,1934,0,0,3.7317772,0.78557205,-0.62693214,-2.1385279,-1.7877102
1937,train_images/fa0c87bd75ce.png,1c6b58ddaf11c59099e449a3814f5a1a190f99443c5b1d5fc45b9580fbd788ee,1937,0,0,2.993866,0.34371853,0.43299937,-3.179412,-0.58022404
1942,train_images/28dc010a0780.png,fbbe3a196ec19fa9c3806cdd3fff59c456827fd0d3ade97d82e96dd323e52a43,1942,0,0,4.967189,1.4766493,-1.1365538,-3.7031708,-1.6452975
1947,train_images/5293576816aa.png,821ab18fddab2ca0344dfc3b00a91676e73a3d1126c15cb6575a5f98b3a9f9d3,1947,0,0,4.532959,0.9391031,-0.50684404,-3.0385797,-1.9588921
1953,train_images/0a3202889f4d.png,942b52bf398bc82babce8b5c109622f5d7c84796d1f888aec7056221f2b76986,1953,1,1,-0.933815,1.618783,0.23811054,-2.0685868,1.057704
1958,train_images/628b581aa905.png,3e7c520d04e22f1140cfed1923f16359b3d7e0f534533c7722ae32325853e5a8,1958,0,0,3.4333572,0.30077457,-0.7543864,-1.7797709,-1.2438912
1965,train_images/55968f0e63c4.png,56edc198cb385badf486288860a536680d16b6b7007f162f88d3407424ef2dae,1965,0,0,4.484993,0.87952995,-1.1971126,-3.0476663,-1.1617036
1973,train_images/64c6c6ee0d98.png,d51bdd0a5ac09a60c5a33c2abe5b6244ef23bce933c559128d6f8943cf01ce8b,1973,0,0,4.691084,1.2842932,-0.24212503,-3.4984756,-2.2203617
1974,train_images/4a0bba3b7d83.png,6d014f94e908f161aa21875d8287d2bff463775990cc4fda290ef7fad7b11a0b,1974,2,2,-4.8715,1.0045214,2.965897,-0.46415138,1.2404299
1978,train_images/c1819db0aece.png,25b3220e6c6822d97beef3e18d435d0c3c3201a15081303cb030140199a9ee7d,1978,0,0,4.9500227,0.90550137,-1.3004742,-3.030085,-1.5578747
1985,train_images/97a235367f9d.png,6f4afe1c8c5a3ac16070ee1890d0ce40c187dd9c98bf5d4e2d0393b3661ef6f9,1985,0,0,3.6638985,1.1917772,-0.69023514,-3.2354226,-0.9324565
1990,train_images/3128eb593012.png,3b4efe4849bd041d34c7cbb3c201e269e9936b0253d17d645d7e4aa173411a53,1990,2,2,-0.8534565,0.89830494,1.5219836,-1.2307668,-0.35343122
1992,train_images/da8900ac7f29.png,3206f0001f8cf6af9abb679ca60733a20c8754c003b592a9919aa3e07b7a8aa4,1992,2,2,-4.6447334,-1.3274851,2.2550483,2.0158024,1.5695319
2002,train_images/a0e635689259.png,0b25ebb19edd2f4899eef7199e7810b0a790f3185af406852c5fb4ff41f9a31c,2002,0,0,4.54904,1.1351271,-0.86618423,-3.1835175,-1.6671548
2008,train_images/6653ad026901.png,433823672f0eea8f6f9dee8ec8647b4f4cab7ac0ed981cb4cb7d3cc5702083e0,2008,0,0,4.598727,1.4341593,-0.8153534,-3.3693044,-1.8903716
2013,train_images/80d24897669f.png,d65627c6f3f09ba99b4c1a4780bea37c77b628122177db50d39e7b5e110598a0,2013,1,1,0.6637783,4.332,-0.008710384,-3.9799733,-1.0721788
2019,train_images/fed5bb685832.png,06fb6f7f002ec60582f3a3fb4dead7c43d0578ed3b4abd48a59b9786acdce01a,2019,0,0,4.86238,2.0121002,-0.83064127,-3.854364,-2.228257
2025,train_images/fce73678f650.png,afb9e7bd70ae874dc284eaf3a43f03475ebba5aa0d12236a6a304b9fdef398fc,2025,0,0,3.899334,0.83347034,-0.53544044,-3.470625,-0.77511835
2030,train_images/f90f8931a9bc.png,147730d9da53a1c3542fdb2f3b4b70e895e2a7fd5ee588eb2f9fe31455382571,2030,0,0,4.9449177,1.1409883,-0.81695557,-3.423878,-1.8798337
2036,train_images/c3acf47700ea.png,1fa95f744df279c0ecbb926ab92f84673e92847e4ca87e1184da1d2ba2d83856,2036,2,2,-4.994417,-0.7550039,2.6236074,1.6954374,1.3017421
2037,train_images/8dafa62f9322.png,d523ef4b9f0db020dc242336b470cf9e3a5b6437af8503ef0d5379b78670c7ab,2037,0,0,4.6458616,1.0718861,-0.8910279,-3.457006,-1.4137177
2042,train_images/e7291472109b.png,158b5395c1d35c76d2fce8c4fc158c714857963f1adaf4017e91c5ffa8a56874,2042,0,0,4.716034,0.7513752,-0.6841006,-3.1295042,-1.6906409
2049,train_images/f4d3169b468a.png,86b7834f761da63c54234ee6edcdb803abc2bd0f9a27608ef42794cdfea561a3,2049,0,0,4.991234,1.4462862,-1.1269217,-3.291072,-2.0542312
2056,train_images/a9bc2f892cb3.png,f89ab6d52043364d60074f44044f49a61dbe894200ffb2dfc7d9de30ee6f4398,2056,0,0,3.4816437,1.804821,-0.34194183,-3.3122265,-1.643682
2063,train_images/27f82ada84ac.png,1b8084d8f3950d9bdf8372e8d8ea1c5e15587e89843c8f64bfcdc9d910272e98,2063,0,0,3.419283,0.6216459,-0.3293786,-3.3865912,-0.31987906
2065,train_images/66a0bf258013.png,1b239d21e346a3c3320cf43ad32acbaa249a6b0d0dcc44704cd78a611940ad55,2065,4,4,-2.8423843,0.35556507,-0.9411111,-0.4138384,3.7270842
2069,train_images/fa3e544a7401.png,0a0e98e2251f6598c351440e08d6c9c35be30acde64f46a666b958225f442a48,2069,2,2,-0.98980904,0.3633108,1.2325702,-0.45558643,-0.1989541
2075,train_images/354b8911d6ed.png,a9860297702ff909ff7807bc7bbb856b08094d73bbee3e4c8a2960a31eb7f43c,2075,2,2,-2.9194412,1.3837242,2.6255937,-1.8672147,0.6829567
2080,train_images/fe674c2f73f5.png,89546718df8dd28d4e2b0b850c0a582573a05476228a9a13a6e9996464040ca7,2080,1,1,0.7088642,4.2821817,-0.1558814,-3.3974285,-1.4842672
2085,train_images/95a4cc805c7b.png,88b2d3efe4797c4f63f40c817220bdda8a4d3aac06c7bdfe87e13323ca354ec0,2085,1,2,0.32902336,-0.23164749,1.0137959,-0.9363289,-0.21286488
2091,train_images/9ac2e3e9fca5.png,3881011e5e114b7a2deff69022365506dabf4afbe0758fbdefd9a1ab7e9f2689,2091,0,0,4.4974413,1.4722176,-0.84461784,-3.3966084,-1.7730045
2099,train_images/d865997a6280.png,a19ba80be8f00306144af8d702f222152d74c8b0544f0a9feda78350e0fb04e1,2099,0,0,5.931484,0.047483444,-1.0976834,-3.2736177,-1.6217089
2104,train_images/1fb455685328.png,7f8d7cc2a31d2e143e48ee662e2f1b37101b254041cf7ddba3ca12989557ce02,2104,0,0,5.116906,1.3620043,-0.7838087,-3.3871257,-2.3446755
2109,train_images/3b5dffe159b6.png,bb61948f599edcc7b07b71b0c132b844a6349296a1fb64ec56ed4a540581ff3b,2109,0,0,3.5215473,1.3117657,-0.5253458,-3.200673,-1.1585836
2114,train_images/57a710de68a4.png,b3be46189ba69a2c3adb23508a4e0164828138f06f7b4ee4e0db7261669ee895,2114,0,0,4.7161684,1.4660225,-0.6043582,-3.506657,-2.1106308
2120,train_images/1e8a1fdee5b9.png,62472eaa23964a3848246252c4b34601341e28fd16c97a2761c106cf88522a6c,962,1,1,-0.8758316,3.9756641,1.4312937,-3.8176675,-0.7936783
2121,train_images/6666c4f18396.png,b3f9c78e16f9fb1f2367922f1676f1db359378fc0a46206417b8339dfdb1f8e1,2121,2,4,-1.8179626,1.2641916,0.6159184,-1.6145635,1.4598193
2123,train_images/09eeafa9656a.png,b4af797136e47dc2f9ebcf222a5601f46c5eb100658aee7e02ff27325769618e,2123,2,2,-4.8656464,-0.8522091,3.701119,0.08159733,1.8115954
2126,train_images/ed88faaa325a.png,6138c2096b73b3c6069bb3dd4d441568ddafed07c0442ca53a3e71a25c7e78a4,2126,2,2,-1.3972034,1.7496271,2.1796763,-3.2109985,0.60180616
2129,train_images/e4ae1ee6aada.png,c88b065eeb5179bb35538edb1b7635afce682c4e6c143d2bf1e052ceaab83999,2129,0,0,4.968935,1.1203852,-1.0642018,-3.5805287,-1.4825912
2136,train_images/a96ff96bbae5.png,9f27e945649a6a63c5566d08ebe04585bbb899ce30bf8708ad8da375abdc343b,2136,0,0,2.1407318,0.35100365,-0.28599453,-2.394494,0.119884014
2140,train_images/217dad18a5ed.png,50632503d4f27305af8eeba3c477af752d883b649fcd725274b0f7cd8161768f,2140,2,2,-5.5779343,-2.233756,2.8164296,2.5585117,2.3136597
2147,train_images/404ede327e98.png,ae1c07b6a3849d5d8c6aa1d711265b3eaccddccbd246df5c0fd8129498d168d5,2147,0,0,5.303178,-0.100141525,-1.404283,-2.6271396,-1.1938543
2148,train_images/d8da9de62743.png,91d323bb6a3e63020ad5a8701f37dc26227aeeeeb1a02d3cb916d88868c90a47,2148,0,0,4.521476,0.9712038,-0.801147,-3.6656022,-1.0710187
2152,train_images/2f284b6a1940.png,f974c49797a80dbe3b68741fe93f9f18a5d25fc48d985d2aba93dc15a40ffdae,1054,4,4,-3.2888546,-0.008019447,-0.24724436,0.6725588,2.7782564
2159,train_images/6c4ec95dd8ba.png,bd0d4240ee98843f6c602cc50aca27a0495c0aaa8a490f0c0d1c8487dc395c82,2159,0,0,3.7081165,0.47682,-0.58011436,-2.581538,-1.0166936
2160,train_images/55034b1dbff2.png,539778823e44a7948a2b01b83b81b32bdc7fa42eb95c2e59262ef61fe95852cf,2160,2,2,-1.7874756,0.9782629,1.3005531,-0.6552267,0.069704056
2170,train_images/61f403fdb434.png,c446e0f6c6f8fa6bbeaf22297973a23dab3b673e32b44720bbd56eff443ce7ee,2170,4,3,-4.7730293,-0.83923626,1.2024419,2.2858086,2.024126
2174,train_images/f68690db78d3.png,180b866e50010c389993bc6d8ea8190cb540e667bca7e8630968c1d526cbcb8e,2174,0,0,4.160695,0.09708977,-0.4696989,-2.5258904,-1.2950406
2180,train_images/de38adaae009.png,7672edc2c33a98d2c80c66095db6ed20da4d95b0b8d1edd9d7f7c0166266c09e,2180,0,0,5.0697193,0.38949776,-0.25806332,-3.4338992,-1.7390323
2181,train_images/6e92b1c5ac8e.png,07086880d7671ed61012937727224700294593d3a449a03569a63016289afd49,1247,3,2,-4.2733574,-0.46912193,2.2962804,1.3113575,1.0306196
2186,train_images/c96f743915b5.png,a369500c4bd1379fcbe5b577b3764191823e71e0e3f887ef7511e40ae1831108,2186,1,1,-4.086836,2.7307768,1.7635558,-1.0904293,0.5995884
2191,train_images/7828dd083cdc.png,6ec66df140307b49604946796f6be4557b97b955cda74a0baea00061107e0daa,2191,0,0,4.0265846,0.7589731,-0.99850035,-2.5941303,-1.2377
2193,train_images/e47452069ea1.png,aaeba59a47fd5bfe2ea628db51fa64f0463dc010de3f8356b4c153b3d35c33e5,2193,0,0,4.005496,0.5728235,-0.44083357,-2.7271485,-1.4440722
2202,train_images/1b398c0494d1.png,6e14afb6c1f609c78b8030f667d7024279a41536275b4169444342e0891ce65b,2202,0,0,5.006068,1.9990454,-1.0742836,-4.1084905,-1.8629968
2208,train_images/a9e3d186cd1b.png,3128b80a5a7b323fdf2548da2fa2854c74069e725ec142fdf8e222ce8a5d5068,2208,0,0,4.236478,0.52638054,-0.7545066,-2.4410222,-1.5982723
2213,train_images/ba4d2c4b3039.png,8dacb7eb33942908c52e51c935af1a4e2f3ec7477a11e7d008135520b5d5729c,2213,4,4,-3.0147858,-1.183383,0.98731446,0.6007643,2.5006342
2214,train_images/8693ab1fd2be.png,c3080a87587559339d8f40801b6031a677b92e929e586b75ae49f3bc3c69876c,2214,0,0,3.3363,1.7227297,-0.6807637,-2.8855371,-1.5022259
2222,train_images/e4dcca36ceb4.png,094ce83a38d6a515bdbc4af4ace5d50d933ab7a4233b6db8e694ee81dd7cdcea,2222,0,0,4.185773,1.6464376,-0.735322,-3.28656,-1.8579009
2229,train_images/f4d3777f2710.png,3c651d1c245de22593ac7679f7181b1508ef13db701d6ee469d0918a064d3058,646,2,2,-5.392555,-0.5038929,3.0703084,0.7275591,1.9655795
2230,train_images/e933923aab15.png,b44d3d1418dfb2a580ae072ab0b4cf5e2df06096a0db64e090f3b0200dcee8de,2230,0,0,4.670107,1.5663767,-0.6982403,-3.7828135,-1.7946892
2232,train_images/0b00f8a77510.png,ff7d4d3c04c9a8a74cc24618470ec6e35ca27f7aa658d7531f0351498c7bae4b,2232,0,0,3.1732807,0.40116215,-0.17312431,-2.5854876,-0.82186174
2234,train_images/a6c9e96a10d7.png,fa2f8ed1f1c492db8f9e7f6e82c4c07822ca85c2fff73734f9c67630060e42db,2234,2,1,1.1198883,3.4180536,0.5424535,-4.157192,-0.9666033
2243,train_images/901a3552fe26.png,02e82b18cb0e6feadf1d0621559a001213a4b9167942de27e1d23c62a5bbd1f7,2243,0,0,4.8842764,1.5095387,-0.7156544,-3.675272,-2.0389054
2251,train_images/3f3de2a6b0f5.png,755ccaca15c375e02b7b9b2b787c29b21110faffc61bfd562f12d651c92ef85a,2251,2,2,-2.2809963,0.114541054,1.5954919,0.90927505,-0.42059708
2255,train_images/8ef2eb8c51c4.png,2f8071e2a344253ddd9fd784646738464115059910141e14202cd6e1956acd62,1657,1,2,-3.204752,-0.14073849,2.11371,0.20425177,0.93018675
2257,train_images/37de05ef12a5.png,469af910390879acc7a6e62166383fa090bf12ede82207d226e295f09617c9c1,2257,2,2,-7.1679516,-1.495615,3.2311935,2.7375002,2.5403576
2258,train_images/847b04287c9c.png,ea4002811d61ed936552ec2d10e87b3120bf4da7e7d660585fae80ab40beb526,2258,0,0,3.9376316,1.4426336,-0.5576658,-3.4478219,-1.4126148
2268,train_images/c6916bc42016.png,c8b2692db0a292496e952508a6dc416342fb84b9a06c6b5600c53a9b9a77ff14,2268,0,0,5.0334206,1.284193,-0.8202133,-3.4600844,-2.0711522
2272,train_images/9232dc06cfdc.png,70dccf0ddd7ccb37b85d64b30b8237a4b136a1e5a4ccb8db50c9b1cd9b509304,2272,0,0,3.1355915,0.62245846,-0.269392,-2.3984175,-1.1418118
2278,train_images/753b14c27c83.png,ad8a66d9a97f149009644393368b69cb9d39fb7a2b835bed09d624e6c6d4ed28,2278,4,1,-0.9469166,1.4966888,0.33525038,-1.5456033,0.57908297
2284,train_images/76bc31e0d3be.png,b8ef1e53656f549c9bfe938f3fef552109f4d7d66729a8fcdbafc92fd1c9b490,2284,0,0,4.7466135,-0.29256725,-1.4805074,-1.4824543,-1.51896
2290,train_images/a34fc5376669.png,ac49dde41facc5a1cd3474cad1ad97dd61c28d1e4d90c3c9112243a7d579ccf5,2290,0,0,3.6276684,1.26542,-0.2644887,-3.3104496,-1.3769922
2295,train_images/697538183db5.png,e45240fe68a5931744f94d871401991b4cfe5b4e0f243c24461905c489f86068,2295,3,4,-1.857851,-0.84618664,0.33341837,0.4419551,1.837718
2298,train_images/d57d1be1bbd1.png,ba541eb808f6e6a328e887607e9a6e973a103dfb2bf5a7d798e7b04a1f8d90ff,2298,0,0,3.4998302,2.3426323,-0.080444336,-3.7230434,-2.040783
2306,train_images/944a233fbf8e.png,cf4774308a31235337cd0a326dfb694365deaca03fc07fafed86bd352a96e8e1,2306,1,1,-1.9413204,2.710867,0.81394744,-1.8086457,0.14388752
2311,train_images/6d7d26025122.png,0f949e39d1fc7b1bbbb8338173a1031c8b2ac68392c2aecdc3ef3d341d80527b,2311,4,2,-1.8381634,0.34430122,1.5256855,-1.072052,0.93850565
2313,train_images/253e96488cfb.png,8893dc9a7d66cba45d9fb4c7e24edb0b77a97a08a236b600a46962a7b9be6094,2313,0,1,2.2663727,3.8554516,-0.09204912,-3.7490284,-2.2991865
2320,train_images/f69400b316a7.png,61f26b3c42de08c2505052673a68d158e83aa13b76af266a8e62187acadc5265,2320,2,2,-5.5874786,2.44129,3.4278822,-0.25729084,-0.15394211
2322,train_images/4dc2211a1c31.png,5c1c0d4102200c23ba7bd0c8a4abf9890d88cfaa437d184a3fc356b93bf66fd6,2322,4,4,-0.70149803,-0.630332,-1.0046892,-0.35923672,2.6345196
2327,train_images/2a099b247b10.png,1c9c4feb7d81aa1fd39cf6ded9401eba292af4cad28e7e3397cadc72c5bab358,2327,2,2,-2.2479706,-0.94580555,1.9276805,0.52790594,0.61357164
2328,train_images/7da558d92100.png,3e91d1396387fc6daadb26fba6fe1ec3eae55493b9572f61e313f085a737279f,2328,0,0,5.0946894,0.5463877,-1.0315199,-3.1821642,-1.4445724
2335,train_images/3fa4f4d77177.png,f66d6c75a82aa7bd5a3d6bc6e0b7972c6fa49415cfb1e5f5f61f8f95cec0e33d,2335,3,3,-4.1605167,0.90323734,0.94473743,1.3320327,0.85740376
2341,train_images/4393c5bc576a.png,710b254e55d4078ed04a240bcf1be963a428adc546c7f60c1d9b6ecc0caa13fa,2341,1,0,0.7255268,0.23067856,0.36763072,-1.4936256,0.110729694
2347,train_images/57760be09c03.png,d98feb03d0fdb12fefb92d0d3d1a49cacbbe5d950ba594b583ed395f4c27cd7f,2347,2,2,-2.4629784,1.449503,2.0478144,-1.6070862,0.48987293
2351,train_images/f583a722434c.png,591b33bdecd929e8b59975ecd783d6fe7e7bcba6e13c2b020594dda58e0973ee,2351,2,1,0.18330002,2.0886278,1.5807226,-1.9197898,-1.9566247
2359,train_images/45ae04cfde5d.png,969a528cef37327709b36177cea99ce4c31f67a1a3177c8530711502ca3e08dc,2359,2,2,-1.3411579,-0.16837597,1.7885447,-1.0397701,0.6742444
2365,train_images/8af50c9d0a86.png,73b8b517bd77d18f8a40f232d79908875cd93b065e3fe74aab951f9d32a5a4d9,2365,0,0,3.9435215,0.8201752,-0.5142107,-3.4116144,-0.83070326
2371,train_images/94dcb491143f.png,bc776e85c45745ef9814c1e07406213517e7542be7f4e7c68b5b2d8abefc6b6d,2371,2,2,-3.181429,0.5963001,2.5335016,-0.42723608,0.36890554
2375,train_images/9d62478042b6.png,6a41c43974877d5cbe515686e99aea79e7b304a67cc7fec5c4893e28006f3b2b,2375,0,0,2.0993404,1.0383482,0.04488325,-1.8066692,-1.3962612
2378,train_images/2dc647e00ad3.png,25293defec6458c66482eb7ef9330f9be972ad645d394a8ebfe09fba88dc49f9,2378,0,0,5.0999203,0.6263552,-0.40680504,-3.3418722,-1.9423609
2382,train_images/453a1e2754b2.png,1be0fb99b4af6e841695038c90e7f46373c41987437b43ed00f0b2c2e43190c9,2382,2,1,-1.6613922,2.3209982,1.6017733,-2.547522,0.20036411
2390,train_images/180afe1d5ef7.png,512afa4631220ed77cdd509b956df4a22c20d4e35926730c056ca6d2ef96953d,2390,2,1,-2.656227,2.7249088,1.1485329,-1.825347,0.5151682
2398,train_images/6630f8675a97.png,c13c5f799ad94b985a21c31e147e3ad0e80602df2ec5c0cd3ea2e8a459505571,2398,4,4,-5.4668827,-0.3832922,0.16333771,2.6410675,2.929593
2399,train_images/fea14b3d44b0.png,d65627c6f3f09ba99b4c1a4780bea37c77b628122177db50d39e7b5e110598a0,2013,1,1,0.6637783,4.332,-0.008710384,-3.9799733,-1.0721788
2404,train_images/aa9b8f05f4bf.png,3d89109eb8e309696912d7b104cba35af14f1a0a6867ef375841f9cfe9c07365,2404,2,1,-3.0976315,2.4259052,1.6729555,-1.0460901,-0.051753044
2409,train_images/8846b09384a4.png,1931fd942a8006990cb190a6dddaa4bc3adaea6e1911d9ae3f5112943e117c6a,2409,0,0,4.1522636,0.87403584,-0.48962593,-3.5758324,-0.9512963
2415,train_images/c57c164bca05.png,0d43c58bb2e6e42ca01ff361441f27685d48a6f4ecada823bc2cf5abe0b015f0,2415,0,0,4.281992,2.378106,-0.95561934,-4.2891674,-1.4152436
2421,train_images/b98f77098b9d.png,f3603cc91a0407429e13c200a8b053e53e73d353988db47e2a7761df1de0b183,2421,2,2,-3.3983498,1.3431273,2.3353043,-0.79312706,0.4328308
2426,train_images/c6a145742708.png,b09a7072d43734b129210c6dd1ea19255665006295c3bbdbc89e2d88c0194648,2426,4,2,-4.550087,-0.25622177,2.5829353,0.31701946,1.7732325
2432,train_images/436e1793d240.png,b214e876bded9ce0fa212fd6e000a6e7642aec89ee8a0fb8b3b00f3c3bc3ff27,2432,2,1,0.24853706,2.2088633,0.4583552,-1.989974,-0.9578099
2438,train_images/4dbce359d0e1.png,123df5fb3be9f751cacca8013571b8e8f2bd0f453e4d9101ef3c696c7dcc196d,2438,2,2,-3.8110332,0.58962345,2.5838652,-1.1158338,1.6418247
2444,train_images/d66b6f333dc7.png,20de3d136126fe63ed950e3870ea228ca09b41439ab301c81cdd1160e71bdb87,2444,1,1,0.054908752,2.6424656,1.3258345,-3.6459892,-0.44802237
2446,train_images/d2fb715b0c41.png,ebcdc45531f354cccc2b76217ca3b03572fdb56cabc0cd65a6a96904dba56dc4,2446,0,0,4.810295,1.2478333,-1.2274351,-3.26489,-1.6044521
2452,train_images/d1ca85af57c9.png,3e0943eeb0f57ff0d9002bd134f011789a826e306d320e670a81c858a5006ac0,2452,0,0,5.525363,1.2100286,-1.032279,-3.539081,-2.196345
2457,train_images/e265c870f9b3.png,f1654db7aafd8a82b859b0f798e4bff6191ff11d1cb61a7895129e1e4be83cf9,2457,2,2,-2.0206356,-1.5688114,1.873869,0.117088795,1.5140276
2462,train_images/a06e5ac695ce.png,1e5e0c518c16145944c838aafd7609194673726d631f4b29f3b89b65f3da530d,2462,0,0,5.5531178,-0.014505386,-1.8003831,-2.2800355,-1.472249
2470,train_images/d868acdccb5b.png,1435a0b2fa02c68ab1a75a0df609cfc3413de86d39f6e210199f02821e76cc11,2470,3,2,-6.1866226,1.2250729,3.0192273,0.88164616,0.9188533
2476,train_images/e580676516b0.png,a0864f503de991468b53943aa937a6c58521f7bd98862dd9c5d46c31435b2b80,2476,1,2,-1.5220451,0.45292568,1.4239385,-0.33192778,-0.08121967
2480,train_images/0db1d8dcf219.png,0f43fcb8e4865532c692755d19e75ce649cfec1594ddbda009c9ede4720dae43,2480,0,0,2.8792667,0.024386406,-0.4077978,-1.6165104,-0.92311287
2489,train_images/da9262d9f5d9.png,e53e778fa6d0b6cb2d8106c5a8d00e40ee1b7b76a8f02b2e80f638b6f33cae16,2489,0,0,5.1206446,1.487833,-0.78183746,-3.8957994,-1.9649835
2491,train_images/4c53cc97ea13.png,de39dd2fbaa30efe214383eeec5eca24e86653ad302906de083a995a46e90319,2491,0,0,4.025486,-0.60979366,-1.1450624,-2.166071,-0.13179588
2498,train_images/cb0cc98d7e35.png,9e95768d42b3d79a0d6a26fbe00d0835a8d3c568a95d652db9f27d95877e9b6b,2498,0,1,0.5245552,2.1623726,0.32582545,-2.8190904,-0.25774765
2500,train_images/2db0cd3e30da.png,5848e234712eec4228968cb20accff8a27f4ca55757dddb964f4a91b9a59a7c2,2500,0,0,4.5417995,1.4034481,-0.1972704,-3.1611264,-2.5739346
2504,train_images/92fcf50b3562.png,d17906e8a561ea9ddc8d5622f8544307e2ba003a20b0e4341a5f35e5b4f2a14b,2504,0,0,5.5557346,-0.2815523,-1.9497385,-2.1842418,-1.1592722
2511,train_images/084c02cf077f.png,3414f628ffc3365ceef86c89571c551aab9707fdc57038dbecc2f1dac32f4ede,2511,0,0,4.8625937,0.096673965,-1.3883939,-2.5032787,-1.0882907
2519,train_images/c261b1aaa828.png,66de3f0c097c9795e4a2e32471075889298c569e1648fd3724c647ce3060f7c5,2519,2,1,-3.6335545,1.9215984,1.2666845,-0.40865707,0.74449444
2526,train_images/883c6a184f16.png,3e955a2c9b812e3c1b466ec27689679bad92416d6875d6a7df4df87e85a92092,2526,0,0,3.6140022,0.8656292,-0.8268943,-2.645112,-1.0651093
2532,train_images/5e7630f8438e.png,856e6cb1f887ce210b1a1ee606298fb1402ab39c84f10979e9f670273839c13f,2532,2,2,-3.7362633,0.40105057,2.415822,0.03524494,0.7740445
2536,train_images/67d8f94f04e0.png,8ad623f1b8708cbe24b87279ee56c3ce2875273054fc5e406e723ad08fad0457,2536,0,0,5.389781,0.13905048,-1.2574539,-2.698182,-1.5925183
2537,train_images/9a326446c431.png,e8a77d5f3521519170cbaeb003ccc9fbd1795bab603694681ea043b78aa1ad03,2537,0,0,3.051981,2.1617537,-0.35210466,-2.6738117,-2.1926956
2541,train_images/ef99c499d665.png,054be3915a05cffefcb3f9c1ea981f1071001340f537daabaa101c60d634ddb6,2541,0,0,4.5163918,1.5035162,-0.81813955,-2.9155445,-2.3306038
2550,train_images/1d74c4713e21.png,cb09ba42819479c358ef89bd8a3b8e37dd43a21d8b847f9840771d57020c1e29,2550,0,0,5.1898756,0.3813486,-1.2824059,-2.5171728,-1.7872648
2551,train_images/dd110d2b8c21.png,242e16205ef7c4cbccf038ff204242f296772742c44971cad5cd2f07de345646,2551,2,2,-4.551878,-0.7394228,2.3935175,1.2219186,1.5443635
2556,train_images/e96099b961b4.png,1bf0205f7177c66b09904d27285693a666fb687048b974052aff359ba6b6462f,2556,2,1,-1.5608387,2.7920284,0.101741314,-1.7742476,0.35137177
2557,train_images/2700754f71e9.png,05518852f1211add8ce7a6e91fcc42203a843f7080bd946e33926b15f8a8dc20,2557,2,2,-2.8990955,-0.28357124,1.5953572,0.7682061,0.72709894
2562,train_images/00f6c1be5a33.png,0cf6f915f26f896e9c5122328d94839c5af797809bcb252ff6420eb81abd5614,2562,0,0,3.946434,1.2945318,-0.56193733,-2.992454,-1.7334151
2569,train_images/096436d68d06.png,d32fe9f287dbcbc4ffb6ecf4ff6d92fdde7754a90361dd2c92d6fc98103e378d,2569,0,0,5.1301537,1.1454477,-0.967103,-3.5130494,-1.7702689
2573,train_images/0cb6b898389f.png,29c69ab3d90e492d4f3ea917a2d6fedba4dc965f5011a01b7302fa1fd2db9732,2573,0,0,4.6780643,-1.0971451,-1.6196232,-1.7599659,-0.22984695
2575,train_images/0d744aed4d64.png,4fedeff5c27d080183e6f26c71c10323f1a576cdeddd8f5c65ada2ca6dff51b6,2575,0,0,4.975319,1.0501032,-0.7155652,-3.6950557,-1.649651
2584,train_images/13d411c85ffd.png,1aeac068cc13f2fd28aa29cb9d94a5d20ce0994732899dac1c15b728153b2a0a,2584,0,0,3.9671984,1.2949562,-0.7756214,-3.1765847,-1.3597789
2588,train_images/17d997fe1090.png,ee7e1aef952b01552bda1feb2c220aa19bdaf01ea4c16fcdd1f4916b0775310e,2588,0,0,1.8870258,1.6122713,0.36246586,-1.6033735,-2.274811
2592,train_images/1a0dbc6c0cda.png,fef6206e619a8a22618394c7a4a6397092ed878aa82bb06308a492c71a75da81,2592,0,0,4.154294,1.6274338,-0.31771374,-3.8177462,-1.6914864
2598,train_images/1f9ccda4ddf2.png,81197b02854ad5114cd8fcc05ced00d09d9ec3a2c24e2c1653f3ec6beab321ed,2598,0,0,4.540848,0.24469185,-1.0936384,-2.189703,-1.5264425
2602,train_images/218c822a3dd9.png,df2a799654accd65983a0f6f1dc67a6085aa4a0cedc4b90a0087ac8be3f6ad66,2602,0,0,1.4881363,1.3307877,0.4113531,-1.6039433,-1.6563449
2608,train_images/29a13e666266.png,749251b446d388a374c8cc28c3ff5d618500940020a43908d89557bbc6165827,2608,0,0,3.5699596,1.4141846,-0.774889,-3.116182,-1.1436229
2610,train_images/2a4520f1f9a3.png,7abd11aa3292e93b884a63d89a216148e5b2a545c2a648efbb0e940b1c93df98,2610,0,0,5.0935116,1.4147396,-1.0866299,-3.5797038,-1.8789282
2617,train_images/33d72035c27a.png,cbdd5fd488c8974786221459762fd9da1e04c3891771a78f9f5013d2d3cfdd4a,2617,0,0,5.228116,0.024907112,-1.4365869,-2.9479835,-0.8901644
2622,train_images/3a4cfea0a766.png,0b47297e29310f6ad283e91271bbc99ef211b313fe057e41cf56eb7c265fb6ca,2622,0,0,4.5051527,0.94700146,-0.78397226,-3.153029,-1.557673
2628,train_images/401fdfd0db07.png,d9284b57929e9b2bad38a3d6b995e04fb6158c008b9b591a1f4fce8090770f84,2628,0,0,3.793726,0.11372852,-0.95113087,-2.2430158,-0.7611909
2634,train_images/43f22d1be8dd.png,0cbf76c0d3c14ed960f49385b75486c87e6be810d720cf76e4ce9f98313cd098,2634,0,0,4.595545,0.9661627,-1.1083813,-2.9540591,-1.5251365
2640,train_images/4a589edaea60.png,87020c4e71cdbeb734a36dfbae1c403594c4209a89a2a8a0ba52b55a5ad588bf,2640,0,0,3.3637695,0.80649567,-0.25786448,-2.5869524,-1.3810253
2647,train_images/4d3de40ced3a.png,b1ec79d8e4b7798a3fa55895c197bdad1727b5b90362d4b20e2b5c1905fc1237,2647,0,0,5.191349,1.309495,-1.2896891,-3.3561683,-1.8863657
2651,train_images/50d8249f7bc9.png,666f906aeb5b60511d43bc9978badaff259ffe6e00e212843aaf9e7df9a11427,2651,0,0,4.980132,0.02203083,-1.2339025,-2.2222514,-1.5639243
2656,train_images/54bdcdecd8f3.png,18e0b2d88a107b2e1433d1e25208ece7ceabbbfce610b04091be6b29cf111aff,2656,0,0,4.8084908,-0.19284534,-1.7440724,-2.033626,-0.85800314
2658,train_images/568455854a11.png,285cd4109374d36b0bbfd67d6f8e4384cf50d293a20197e372f5359fc1ffe0d6,2658,0,0,4.6748466,0.5087662,-0.92359924,-3.1079245,-1.181787
2663,train_images/5baed382f062.png,2fff17dc3732ffe0a0994026a825d1288217f1cf41a9173212ce758b3f7c9968,2663,0,0,2.9493656,0.10152912,-0.025223255,-2.6248655,-0.44911575
2669,train_images/6110ecb3bb1c.png,e27d28e322749a5e6d6e28d90924933facc153c8bf676d216568df2d44b74e58,2669,0,0,4.5994425,1.4354782,-1.0205483,-3.3070455,-1.7465105
2674,train_images/66b88a4bc474.png,c2adc612e0767ca4de747c8c8acaafb4fd53503942d0a789cf7a68ca817b276d,2674,0,0,5.890773,0.4536829,-1.6346173,-2.950852,-1.7654681
2680,train_images/6c9c902a97de.png,6ef2b1ca3e7f6b6f76f61321a207d74cdd672c42b611b9182fae4302c2f9b045,2680,0,0,4.5238495,2.1115751,-0.440269,-3.9425783,-2.29504
2684,train_images/6fe4751a3b42.png,8626188b81f811e6983d743c89723f92cef8b746676f9ec8125c28f903c7efb8,2684,0,0,4.4850864,1.5767698,-0.9343333,-3.8393297,-1.3219547
2689,train_images/7a46cfa69bae.png,7ee00d48171788ea375deddf1b706f158373c0ab9f6caf061675fb1e3966a0c8,2689,0,0,5.077729,0.8387165,-1.2203188,-3.7679253,-0.963171
2694,train_images/7ccf9d25dc48.png,aa45289833237a549ca794402632449aa9d12728304369eca3271e2c3cd3038c,2694,0,0,4.0766993,0.8036356,-0.7285032,-3.0263348,-1.1736851
2699,train_images/80f6b30ece8c.png,fbb85e6cc56570d9ad163d9939f6c0817f400fc8dff9ad910a79e9e0645ae8c3,2699,0,0,4.300416,-1.2879801,-1.1224313,-1.9792051,0.0653615
2704,train_images/8448af27ba07.png,7e53344a60b33212dae1da424fe4df2ebecd4f211b89842fe7cbd64ef9073c1b,2704,0,0,4.292513,0.7283201,-0.9180951,-3.105421,-1.0377932
2712,train_images/8bf05909e1e1.png,9486dbc61e208c15b7163153f19a888eed27956cb33c0a0771d638b6cfecb272,2712,0,0,5.170512,1.0542536,-1.0307117,-3.0301576,-2.1949213
2715,train_images/8f06ca4642bd.png,448668081ac1891cf3c8b5b6a88bae5b37b31d4bd6e36eee36645c8417f67a26,2715,0,0,5.0679264,-0.50552845,-1.2659779,-2.7225995,-0.59247875
2721,train_images/97fdee242fea.png,3f5f7d56cf27f15f8862f0529575a5a3a183acf64c37fc32c854c2ae730bcdaa,2721,0,0,1.6328278,0.4031868,0.033019066,-1.9097118,-0.1913991
2725,train_images/99c6a123ed6a.png,761661be6de5fa02400c98ebff47e4e7cd43d6a044b1dafa992ff18c1b9f981f,2725,0,0,4.9753075,0.5948744,-1.0255156,-3.227833,-1.3599391
2726,train_images/9c514d2d5b3f.png,7e78bc19fc9a169d34a34d4c5c323a27bde8887534cb63be6d5043af8033868d,2726,0,0,4.9137907,1.8178139,-0.81598425,-4.132674,-1.8221111
2732,train_images/a2811f512c1c.png,c09322233092232430ad300f6e871a46d5ad5f127d2f185b302e315b20c67c2e,2732,0,0,4.4520245,1.0050068,-0.7304373,-3.146926,-1.6155009
2738,train_images/a73d012c4c38.png,5b1d6b3ad48761f4ecae6511c0946f87eeea48609d727f285251b17894eb9ea2,2738,0,0,3.956008,0.47252178,-0.19332361,-3.4315057,-0.84920216
2745,train_images/ab03d50bba2f.png,6241b255eb820375a035fe6fdca11d2676829dcdb9b51b51df1fd3f756e7fc38,2745,0,0,4.0106096,0.3163309,-0.828814,-2.9059796,-0.62192535
2747,train_images/ab686895533e.png,d4f1f2e88157a53f862c6ad26a82fdca0f3772b332a4e63b19ea4e7f87c3b670,2747,0,0,4.357795,0.066111565,-0.91982985,-2.9501472,-0.5974717
2750,train_images/ae58ccb5905e.png,cfdd3bf814f3a7727d113e4ea067194a26f36fa05232611993eab7cd320d1261,2750,0,0,4.401722,1.3129654,-0.927032,-3.1289907,-1.7017369
2756,train_images/b5bf7b84fc66.png,8fd57c7e7884d881f2d01fc6378140d30c1395b9ac0715f9d3b013827e097f64,2756,0,0,4.1334114,1.4661932,-1.0159278,-3.1804338,-1.4498816
2763,train_images/be521870a0ea.png,f48ed62aa8c0823844139fc769464e9f3f96cb26795d54ef13661e9fa36390fe,2763,0,0,3.2197647,1.140029,-1.0505252,-2.4187093,-0.9022479
2767,train_images/bfa30ebf63a8.png,61929d5c5ade358f6022e0f5f6423e1e40f9c35e3f56e218f9c6e3bbd950cff1,2767,0,0,3.822569,1.3980627,-0.5697665,-3.515031,-1.1862087
2772,train_images/c3789c1dab96.png,f705fc3f207e7d35e4ac879e91ebf287e49a04c6e4fd99efba6665849c81ed5d,2772,0,0,4.1643925,0.057002068,-1.0424032,-2.3510084,-0.85366774
2779,train_images/c98f623d08d1.png,d534e4a9f767877cf2c5b7d4f0a4eca34b47909b96acffe7603f640f30660e9c,2779,0,0,4.9043007,1.3280363,-1.0879116,-3.4089417,-1.7756586
2789,train_images/d667af5742f6.png,d67d8c0197ba6ea97d085bf0d3c223398d100fb5c4995ea3a03228d4e28f75c4,2789,0,0,3.9514904,0.7425041,-0.49056244,-3.1840706,-1.0639038
2792,train_images/d7e5fe5245e0.png,31b08868955755cbae36dc6bc550617e272cbabc444f1fd092799ca3fc3111e3,2792,0,1,-0.47135925,4.1248236,0.705271,-3.2640579,-1.1643577
2796,train_images/da9574d35b82.png,a2349806e4ae5ad6e3e62a8ed3f37bbc2ffd50bc7f0c38fb164113b064c964a7,2796,0,0,3.9803286,1.5987282,-0.42325592,-3.520837,-1.6376519
2800,train_images/dee31065f8fe.png,ebc10e0d86549654d8d6453fbcfe520003a028706ad52089f94f3dc7a25e7312,2800,0,0,4.96185,1.1525278,-1.0842519,-3.3058925,-1.7563958
2804,train_images/e2c39ed0c941.png,66ee2d53be1ccfde2d8d6ac7d4b203fcc8578562bf358fa75c691ddde28b2724,2804,0,0,3.7583485,1.1997004,-0.532784,-3.3462248,-1.1273165
2808,train_images/e6a5e4718873.png,6ca11ea2f081cbed5e70e9b9061e98d1c3993d129b5bfbd9bdd4ffbe9f73e952,2808,0,0,3.6623268,0.8785057,-0.7053447,-2.9121919,-0.97122765
2819,train_images/f4e68b61f480.png,19359be5bcb92a5175a588227bb8508c047bd996f3696ec27a59491cedb7a858,2819,0,0,2.5751457,2.1826525,0.049687386,-3.4480162,-1.3701706
2821,train_images/f7116e7b2f4e.png,5fc999f667ed38d952a65dd24558ced1ac27e994046a31cae7108789a2f7c075,2821,0,0,5.23549,1.3490343,-1.3914886,-3.898262,-1.3265886
2830,train_images/fd87b6b2e664.png,65341dcfd272354e7a151585b34c2c8af71262b943a720d381faaac4fe6d42e0,2830,0,0,3.7447586,0.64180946,-0.17393398,-3.097527,-1.163043
2835,train_images/09935d72892b.png,4f42a51b204d3d7f9ce0045b3bb061fa514d2cf6b6ea2fb458d8621ee369a273,2835,1,2,1.0671406,0.7991781,1.5076592,-1.7901487,-1.6017976
2839,train_images/1bb0ddfe753a.png,c0afb81c27e3ff245394d801accd8e1c3073601ef8d3f378712d8347a2d1929d,2839,1,2,-3.7976055,1.1979399,2.2471094,0.25420856,-0.002940178
2843,train_images/248139c423c4.png,a3457807379253e5fdaf16c20aaa21b50fe7e8069c9f2e52140dc7486e506f34,2843,1,1,-2.9612045,2.8345947,1.9410799,-0.89282274,-1.0188346
2850,train_images/3461dc601cc2.png,d5fe567d2266eb1f9bc3b92cc4b564b19458e925bb3335cd5fa472e3bb329fb9,2850,1,2,-3.01713,0.44545078,1.9863551,0.71890783,-0.21526814
2854,train_images/50840c36f0b4.png,d4dd4dedfa9356042c5359b1d4eaa02780481ccf0ae87723a9504bb5c837ec27,2854,1,1,0.69080544,1.6095676,0.14476275,-1.1481171,-1.3353329
2857,train_images/5b068765e846.png,89fe53f94c80ca0deefa016301e9f0053a49f536b87dca80b1e3fde712c6f97c,2857,1,1,0.31881523,2.5143938,0.24720669,-1.4137659,-1.7168627
2860,train_images/65e51e18242b.png,91cc2edaac71597595e8608d2dce9cb3d184c82d91db676702be6d437275d64b,841,1,1,0.6816807,2.9622507,-0.0125460625,-2.7779498,-0.9139509
2867,train_images/8a25a080f28f.png,814cd160ad8823ee1a18aeb1357db840786f8c310b7f684a695cbeab61c6aa43,2867,1,2,-3.4086685,-0.055594444,2.028811,0.11236954,1.2058277
2873,train_images/b17f0b81dab3.png,45a6f156c46aefc53869e35c077244996518d4a310874c39f7c2e373163ed46c,2873,1,1,-1.5654602,3.5239,1.6989834,-2.6121254,-1.1342888
2879,train_images/d4f32b9c07df.png,10f07e48668bcfbdbe1ada981569a4fe2b9e004be907b71d0b87ceb456da098c,2879,1,2,-5.09317,2.214861,3.059127,0.076924324,-0.37987185
2883,train_images/e25ccfe38e44.png,e928b53eeee5064c4b8865ad2685f88948b8c5573d33226f7bba70976d8b699c,2883,1,0,2.8643837,2.2127018,-0.37936783,-3.3875918,-1.322886
2890,train_images/07419eddd6be.png,fbf34c8dbee0f70d71544e2bc877a6302043a7174b8b60fd7d36a3ebad8ca16a,2890,2,2,-3.7277622,1.1467419,2.1696472,-0.20888233,0.5262461
2893,train_images/0afdfe5f422c.png,1541d1688d43f54f687e60abdf057de72fb3cd92eaa950c6b22ca2dddf7b3b27,2893,2,2,-3.5870361,0.9103222,2.6431568,-0.60019016,0.51734686
2899,train_images/1c5e6cdc7ee1.png,176149b4ad4e93374a8c914895a12aec5180b6e0b58328127a8ae92d22047892,1145,2,2,-3.421917,0.89820004,2.647147,-0.8518677,0.61053944
2903,train_images/222d0ac042b4.png,bc824149b3c1556b9a284e4f73acc4ee4669bc4b0deb3acac2f391f878641e20,2903,2,2,-1.4828148,-0.25732613,1.2948112,0.43992805,-0.04468441
2908,train_images/25002fe43f92.png,703c8682e25b8de5e04df76ec29b0ce7fe33c596f58ee8a38c17de5427f74455,2908,2,2,-3.6118698,-0.24737453,2.9764116,0.6640172,0.13313103
2913,train_images/2d870833c0c9.png,e8a63f12df84cd85c26df950f909a30d9d088e81c69930fb4bdb9178fac7a943,2913,2,2,-2.519823,1.9363222,1.995446,-1.5502028,0.042058945
2916,train_images/39134907127a.png,20c231941fcaeaa619dd6e2657fa05840ec4dcf212c14a67161cdb1c5dbd0dd1,2916,2,2,-3.4900112,-0.16255379,2.9561179,0.08081007,0.51383305
2920,train_images/44e0d56e9d42.png,63c54179496bf584617971adb83d6ea2e78a2fabbb8c796cbbff1aee89b1365f,2920,2,2,-2.6083984,1.2205362,2.3682704,-1.4370923,0.36335373
2928,train_images/51cfeccaf40d.png,1f39a6eb3f252f944cc931c9a1af2341e874107ed270320c097b6d424f04cd7f,2928,2,2,-2.6656094,-0.42431355,2.1415129,-0.7132654,1.5713019
2933,train_images/57ce57a8cfb0.png,ae7b1c9e578e469729e81b330a52548dde642bee1a08530ba94e1f6fcfe8cdf6,2933,2,1,-2.6499481,1.7082081,0.97784376,-0.122525215,-0.0063505173
2936,train_images/5a2c27b95c7c.png,7bdd90c5e91f43da283402fd370492b1548b154478ebfe192aa1cdd2ce3b8c39,2936,2,1,-2.3728695,3.2274914,1.6558597,-2.3552747,-0.23156834
2941,train_images/62e6f814c8f5.png,15bb222b1acfd82e3cf510e9a9cd734d2498f9550ae0f8527bc7d5a3e51b8107,2941,2,2,-4.50828,1.5571241,2.5338705,0.057632923,0.24377823
2947,train_images/7247a2c97f71.png,a496ba352f43f543b050f63521e927457bca5756d973e2b31f15ec513a17da5c,2947,2,2,-4.2708874,1.4319124,3.4153814,-0.8547735,0.16250277
2952,train_images/79059d0592c4.png,b829f12b1b458de9e33efa693109059d40e482993551495096d738d060dae4b0,2952,2,2,-3.042759,1.4050665,3.1365166,-1.6020284,0.0015416145
2958,train_images/81b0a2651c45.png,fbf34c8dbee0f70d71544e2bc877a6302043a7174b8b60fd7d36a3ebad8ca16a,2890,2,2,-3.7277622,1.1467419,2.1696472,-0.20888233,0.5262461
2964,train_images/879744b9dc65.png,30c4f39f607d823f550dcf73503ac615f18daa307f1c0337e8c3319788e31002,2964,2,2,-3.0093842,-0.8898859,1.5926962,1.1744695,1.0266838
2967,train_images/8dfa629ca74e.png,a8404400fb186fe9fd32a64ac16dcb0c1e0f84ce1c0ce4dfe19669d43f23b8b3,2967,2,0,1.1437836,0.7344389,0.3713708,-2.181404,-0.14913082
2969,train_images/9033f1493da1.png,6f61d9cb3ebb21c9d12f8e4d5c047685c424bf57482eebd1ff3b527a088a022b,2969,2,2,-3.1660862,1.7731199,3.2517965,-2.3439386,0.37042332
2972,train_images/92d8a7c8e718.png,dd3a99265a895e6c460896c3ac753274b28c86491a4e47d7983985eb2ee8c989,2972,2,2,-4.214222,0.33452606,2.6130338,1.1015835,0.061927795
2979,train_images/9df31421cdd2.png,b17567e40bff754a683787893bc97434da99cd5ffb6e9ada84e62bdcc9be9163,2979,2,2,-3.3911247,-1.2825222,2.5339108,0.6698885,1.3760033
2987,train_images/a721efb1e049.png,514e2cde8689faa9f686a990f0e6ea92fed28caa5dca391bd893e404d9dc33f3,2987,2,2,-4.925373,0.08607197,3.1431048,1.003015,0.5542865
2991,train_images/abf0f56c6f12.png,8262102e824a3276feeeaa269f1a070a39953dd0e498a38e9bd3cc6aedd94a61,2991,2,2,-1.8356113,1.608675,2.4031014,-2.3692822,0.10679245
2995,train_images/b13d72ceea26.png,227bfcc1aadec71c0824ddc524ddc94714359c05a4defa8d704a018e3650dc8a,2995,2,2,-5.7169113,-0.80038357,2.9802763,1.6222739,1.7738323
3003,train_images/bf9cba745efc.png,6aa9f51d31a9a499bb9107336636aaa06fe623b46de063785b5246b24c4e06b9,3003,2,0,2.1778126,1.4515791,0.04719925,-2.529025,-1.2193027
3011,train_images/d10d315f123f.png,e2030693bdbab17efa41394d6e200c7e164f330e2b23b508f9c171a44995d434,3011,2,3,-3.784954,0.7748327,0.67121243,1.3092136,0.9207578
3015,train_images/d83d0695e215.png,bee8e754dd8ab2aae6f5e91ac55b0f3beb197e90dee9c94b5587b2683281c9e2,3015,2,2,-3.5330162,1.2073536,2.648552,-0.8980589,0.45947504
3018,train_images/d990a3f0cbdb.png,525f70bfcfa27f7099cbe6c9424657de4b9873380bf95bfd00c09aa8fbef925a,3018,2,2,-3.472149,1.8141975,1.860287,0.06814575,-0.3688879
3019,train_images/da0a1043abf7.png,227bfcc1aadec71c0824ddc524ddc94714359c05a4defa8d704a018e3650dc8a,2995,2,2,-5.7169113,-0.80038357,2.9802763,1.6222739,1.7738323
3021,train_images/dbee04ae6426.png,ab88503a08708b40420fa5919b363e8d3aa86b4900a1c19a406e2f76bc0da93f,3021,2,2,-2.2153358,-0.4074955,1.9185355,0.5841961,0.053785324
3026,train_images/e2856afe62c5.png,de5d918eaec75d53e0c2ff9c98c2ba10296f121ae516a9b86c5da6b45d096763,3026,2,2,-4.811447,1.2927408,2.2386017,0.41085052,0.7315068
3032,train_images/f8fc411092c7.png,82bf90c76fb08e37b1b1f4091a0698e2a543c06e74b735beac85ba352670ece5,3032,2,2,-3.8510628,0.42185688,2.3206735,0.1894989,0.8094864
3039,train_images/1ab3f1c71a5f.png,4731f0e9dca06e296f33cc3d1388d8310914d60b1b6a8bbfd04ddeef5ff27ff7,3039,3,3,-5.4318523,-2.197523,1.8647068,3.4776344,2.1506443
3046,train_images/71a39c660432.png,95da2854c694e8928a3a97052a8e50b64e2e705a9025f148cc12c7035afd305e,3046,3,2,-6.9891243,-1.5997667,3.15068,2.9277754,2.343873
3051,train_images/916ec976ff30.png,9cca0a041f8ddd9e449c11e8d4e3f37d0bde021fd121efe771dc3e6c2d5749d5,3051,3,2,-3.6769962,0.8532553,1.0315342,0.83350754,0.85759115
3053,train_images/aae8f9f3ef8c.png,bff1c3e6c9ca158ccb37602e3a1effcdbbba86ca53baee0dfa5b64220dce2492,3053,3,2,-5.5785084,-1.2707853,2.7994184,2.0592709,1.8440056
3063,train_images/fe0fc67c7980.png,3a2a797082eeeeb9c9411b934f0c24d23174985b80fb965ed6092f01a9c54b4e,3063,3,2,-4.5215416,-0.20877743,2.253427,0.14161539,2.2201195
3070,train_images/254052cf3e48.png,8e7d973324f9d01fc934f737fde5fb0c696cf54f7c3625750b5c57e6fee892f2,3070,4,1,0.21268845,1.787755,0.28155303,-2.6880674,0.34035826
3074,train_images/3ca637fddd56.png,7d1d879f980010e0b018cd8cce764ff79f54fc54323912de7e5950899e5a6478,710,4,4,-5.363289,-0.8149948,2.3323727,1.0027256,2.7161636
3077,train_images/4dd71fc7f22b.png,3eaefb97d37217b8f49f1c63134c7235018836e44f1519a0c446cdb4a0ccbdb5,3077,4,4,-1.8350582,-0.2933035,-0.88209915,0.9693341,1.9566879
3078,train_images/612f2df37a1d.png,389c0adcd9faee60de01e3f296f299a89ca52990f33230bb8eff913e0c761509,3078,4,4,-3.942749,1.4588671,0.45961857,0.26904583,1.6410742
3082,train_images/7c629b491d1a.png,601003c0f1e3a703709a5f6614646dc010ef36e17049f0f785bac91539e5d3fc,3082,4,4,-2.9551067,-0.53750706,0.8267951,-0.9065032,3.4567823
3091,train_images/b3819a805dca.png,fe9c6d7443f0fd0835fab695cc86cb55e3aac123f16272ee804ba5046f10ff9e,3091,4,2,-2.2088108,0.69740677,1.8245461,-0.67358303,0.2883854
3095,train_images/cbd0870aa933.png,2cb2c999cfd4a9e5bc2b9db9756a365e0b9f8fe4494a6a1efc345810951abf95,3095,4,4,-3.515173,0.32614994,-0.91625166,1.2338376,2.7786617
3096,train_images/cd54d022e37d.png,c1292d42aa0c69b905358bfbaf52bed09362afe84041e3b7c166f2bcf1772162,3096,4,1,-2.0126896,1.8631687,1.5416579,-2.1098952,0.61886406
3106,train_images/f850cb51fdba.png,967d99b3ca0139ef2bdd9de3e4b82596bf1ea24d51450baf9e09e0d25916399f,3106,4,1,-3.2868195,2.9148445,1.4224699,-1.3267431,0.1802125
3112,train_images/04efb1a284cc.png,fad3cb87b5839bc6e75939d18dd423445cfb2e1cc69e702fd5e7825b9d060efa,3112,0,0,4.948531,1.1836681,-1.2598281,-3.049533,-1.8595371
3120,train_images/0e0003ddd8df.png,7a8b27168271eb202a0f7b7fd9e1195d5b22c95028309ab5455e985be72cc6d1,3120,0,0,4.5794477,0.96463585,-0.7911916,-3.480713,-1.3120065
3121,train_images/0e94cd271c00.png,8cb403ae6f10dec8475569fc32b473b81988116f0f9eb7b2c7ef458159b624a6,3121,0,0,4.890991,1.0074568,-1.1785293,-3.2547355,-1.5006118
3124,train_images/12ef75375322.png,834c3e22fab0c7251b2596f98a0e0d1f8475ec6f44ba5eb5123c7b2aba51e819,3124,0,0,4.8276596,0.24883556,-0.90105104,-3.2240708,-0.99267626
3130,train_images/1782142e17d9.png,c99ce3ae4c67d46b4c86ec5462cc3417dd10f1af5a194d512d5ac1fc419398fd,3130,0,0,5.389805,1.5952425,-1.0658436,-3.996751,-1.9525273
3135,train_images/1c7a013eeba7.png,535fcc8e19f825d19ef4532714fa362b765c6e5b6fe003cb4726a7d09dcd022e,3135,0,0,5.5277424,1.8592844,-1.2344594,-4.339007,-1.8480489
3141,train_images/1f3f32efaf20.png,2c15125864db18431fee8eee74758e548f990b393fda445b3a85cce118e9f15a,3141,0,0,4.2730265,1.4104424,-0.6671839,-3.7070727,-1.3555889
3146,train_images/240b25a7debe.png,f95e4f9bcfb147e6465a04c7b6981956e771dd43ecfa5a729c74986ec5b6b5fb,3146,0,0,4.5598507,1.8562813,-1.3923922,-3.3095222,-1.7115898
3152,train_images/2c8101f14723.png,ed938ca48833d450514b96c10e54be458700e7969cd5886e0847bef9ea4b20f2,3152,0,0,4.7458553,-0.11781597,-0.68536997,-2.5055008,-1.4580736
3160,train_images/33e7bf536fc5.png,bfdfa9fed5bc6c18d5ca4d34158778dfb97e3ab1c6c854243e961446483f8e56,3160,0,0,3.447935,0.4234438,-0.08495617,-3.1609263,-0.6239157
3161,train_images/342edf9b889d.png,d0d180b3119d4e919659c8b6b75009cc3a3c2cada78e0f750eae0915f82777bd,3161,0,0,5.819481,0.35613918,-1.7646723,-2.7249198,-1.6953697
3168,train_images/4318b6adeb97.png,568f6ad88688bcb79aa5f636139acc2fddf9d2535433ca8474cab89c9183f39d,3168,0,0,3.676733,0.043314934,-0.7087703,-1.7257099,-1.3178711
3171,train_images/43bc7c066dfb.png,7f336458820dda48d4568b70edd5e80ca4a500f33faec9bc7d7a48c1b15577dd,3171,0,0,4.3510933,0.58806324,-0.48392582,-3.6482172,-0.85008574
3177,train_images/475300735b7f.png,37d1437e6d1eacf21518dbcf21081bbddf6d19c07dcf451b716679b2966fb106,3177,0,0,5.0999784,1.2746754,-1.1412997,-3.495873,-1.7743478
3180,train_images/493d99f030e2.png,48861cdadf31b0bdd5fc6e11ed45c6e30b5d1b123782a243e543aa81e8cda21d,3180,0,0,3.4582615,1.845355,-0.26912498,-2.5600224,-2.479722
3186,train_images/4d1e7def7624.png,ed97fe00e110dea11488e30418ea58d8c9e7078290b0d8024824ad9fc7c296ea,3186,0,0,2.638939,-0.94157505,0.35795093,-1.7038736,-0.34783888
3191,train_images/51aa3361294c.png,12c9b8d32951dc98e6e32a69855b2688a73e354e42040f72d3b83f8f0a9e64ff,3191,0,0,3.0926285,1.7016106,-0.6240797,-3.1423762,-1.0349865
3197,train_images/58eb3809f456.png,b5814a621ff9a51c8999f91705a76504b6a433598274b19fb2c2b83716f3f28c,3197,0,0,5.055956,0.059402466,-1.4084768,-2.6194282,-1.1065683
3203,train_images/60aa4e649abf.png,e39b1a15712bbf4bd50c07c2febf209db8d7d3f12bbb2b078329c523e8afaf6b,3203,0,0,3.4276562,1.0436821,-0.33689213,-2.5600173,-1.5769825
3207,train_images/683023cda6a5.png,71e8d630df3c4385cc6bf1ecc7747a4dfa3c8b669f5f60f220b8afd91927ca9f,3207,0,0,6.7577257,0.461895,-1.8711934,-3.0254035,-2.3321173
3208,train_images/68987fb159ab.png,1e0985550d5b3d4a435470ee3380c79565b402cc355a0817684b1793fba16f8f,3208,0,0,4.404953,1.7573986,-1.3507771,-3.319365,-1.5343051
3215,train_images/6f460f9968c7.png,221d749b2fb921dafff4d9b9b8a3e936fd4f9ea670007b673c7c552f723575d7,3215,0,0,5.013509,1.706871,-0.9497042,-3.8202069,-1.9903469
3223,train_images/75c180e04f65.png,8a07c07be006dbc2abdc0a74af37700b23e1796c8101d80ee9abc23f947f65c6,3223,0,0,4.7129,0.99418354,-0.4445529,-3.762869,-1.5360365
3224,train_images/76b950c6ed5e.png,3ef1cb37c0a524bfec128cdfc363495ba72a9d947edea247d6334840fa61b76c,3224,0,0,5.411767,0.807704,-1.5395765,-3.0979667,-1.5890722
3231,train_images/80ed04a84a16.png,f985b891739e63e938f5c24197c3ec03f17df986e6c304cf25ecb6e7f2dcfc0c,3231,0,0,4.2976055,0.68555164,-0.76792336,-2.4606788,-1.783236
3237,train_images/894a37fc3738.png,e64b682196e9f40d15c0adc496b604bde754541a86acd1445f42c4596b9dcfec,3237,0,0,5.0405045,-0.038848877,-1.2650194,-2.5418591,-1.2119579
3238,train_images/895fe2bfc5b6.png,bb9732522190790e75a4796dfeae8d171342eac56cb2702aef5f30e8d46ff8e4,3238,0,0,4.0397854,0.4822569,-0.95835686,-2.1923828,-1.4013834
3240,train_images/8acdf12f412a.png,21204b59f9742deaafe963e0b4cd9f88482345882534b07d1cfcec6a8b99ba6f,3240,0,0,4.062647,0.69004345,-0.8536973,-2.7583408,-1.1876926
3247,train_images/969f92a390db.png,b98a1c255e72302f63ee876218f1f00c9d94a5422cad33614b021084c476ad20,3247,0,0,4.4707355,1.6960726,-0.745821,-3.56854,-1.897254
3255,train_images/9f1b14dfa14c.png,89a852a0c7e8750adceab9c812019e6b5d43b1ac92e5120a4e37fbb9e104a967,3255,0,0,4.3637533,1.3061323,-0.9282832,-3.274701,-1.5010486
3258,train_images/a07efb1ecfc0.png,fc90e55b47bd780d8d33d82d17b967f5132d35df3d8057a5d67e7cbb1b5a12a4,3258,0,0,5.090748,-0.179142,-1.5880346,-2.5953867,-0.7441683
3262,train_images/a26f50218b84.png,bcaa7778c843972ee1064422967f1be42c1c79e3088202619a9191e47109d6ca,3262,0,0,3.8073044,1.3176022,-1.2092304,-3.0798082,-0.84437084
3269,train_images/a8b3c0961d42.png,eec925cb6f39132bc9aef76845b3bea594f4b6eb87b5ad56ec06a35e057f9ca1,3269,0,0,5.204131,1.7206764,-1.5844984,-3.59953,-1.7361078
3274,train_images/ad1aa75d5630.png,6db5dec4f57a83c0f1830e6f238fa31f17e67894bea7e274932aa313abc5b9f4,3274,0,0,4.826666,0.33024502,-0.6633048,-2.9919088,-1.5281897
3280,train_images/af87d48ffe01.png,b76f61ac1c995b5b4d86af449afa443467af1b3cbf2a6252dafb280815a69d89,3280,0,0,5.046377,0.85062504,-0.9477515,-2.6416245,-2.3269532
3281,train_images/b0619ca93a5f.png,f0bdae86d6e079946fd176307fb4971b995748a7e3aae89b09e41f1b327af972,3281,0,0,3.3732872,0.7263746,-0.5469394,-2.862085,-0.7492876
3294,train_images/bab776139279.png,0e1dd6c83281c80d453d0fa9409fd93d31304d50aac3b8bbbcc629512c0177fe,3294,0,0,3.8756962,-1.0678396,-1.2420259,-1.6614175,0.07229233
3295,train_images/bb08949dd70a.png,6c8a483721786315e6cf0cde1fc88ca63719470dcaadc1418ee3b5da0d5f6127,3295,0,0,4.2140045,2.1406374,-0.99168587,-3.6716077,-1.6883502
3304,train_images/c6a8f8f998a2.png,1429dd0b6e6ce0dcbe1dd8cda779d88f870fea676889bdfa3377f9a924abba39,3304,0,0,4.34546,1.0955095,-0.71013165,-3.2364588,-1.5432677
3309,train_images/cad5b1a82e60.png,a46ce83f8ee0ab0218c3a2b0b98a52c4239a3e919831bf5f1e713f0d7f69bee6,3309,0,0,4.5343533,0.42904472,-0.47692585,-2.9245732,-1.5819225
3311,train_images/ce6f33a81ad5.png,f26cf626408af39f9f1434608db480f3f869337f69d313b0e27a1078e6ef733d,3311,0,0,4.9125185,1.2424402,-0.5077343,-3.9425354,-1.7403688
3312,train_images/ce754234d760.png,1fa852b49a534ecbb003355d96fea0904f19fb44ba40d767da24521bac942f14,3312,0,0,4.050749,0.9011164,-0.698019,-2.9901228,-1.3074389
3320,train_images/d436c06f0490.png,888cc686b05ea24ed7ea6213086a50446efef0feca56ebef1dcd19305cf9f8c6,3320,0,0,3.1444664,1.3535309,-0.51834345,-2.9805555,-1.0504913
3325,train_images/d911dd40c63b.png,4360fda69c86ac8fb9d6a732181489c5b65aee93d24aff6fd21d4da15c3b3333,3325,0,0,4.4873676,0.9484987,-1.0125256,-3.0486727,-1.4147053
3330,train_images/dd02d60bef14.png,b4048f72101bdd8e72fec11321952150e42df9e633752134ee4f38ee7961e118,3330,0,0,4.455743,-0.79729843,-1.6848469,-1.2044868,-0.7954211
3335,train_images/dee1031a76ae.png,88648d2f4b898ee1019f027e3ec9be1364ed996255797a48a7c9fa20d0688953,3335,0,0,3.1672516,1.2848148,-0.9073367,-2.51955,-1.0297327
3345,train_images/e68bdd36e589.png,a545eeb4d5d33429aea6e93cf22aa1ba6662d227f4699a504e6a0eb586585ac2,3345,0,0,3.2673664,0.8285208,-0.32384586,-2.3363767,-1.4427342
3346,train_images/e9faf0296643.png,6cd6b3b61d9f5292e2a8c99db942b0d183ab693f1e8682332d9b09b99b17aa6a,3346,0,0,4.5184507,0.034561157,-0.5968847,-2.4862528,-1.4640489
3355,train_images/ef48780f5d5f.png,643d095ce0fa09e106710bb086e51d9569fda990118f83df841a080f39044649,3355,0,0,5.7219963,1.3842716,-1.5177965,-3.223888,-2.389309
3358,train_images/f233638e0e90.png,9beea89cad715c03ba6d63b5e22a9d5f88af8151a86e9db95c98938f3b125d94,3358,0,0,5.124234,1.2137861,-1.3397317,-3.7118366,-1.2779961
3362,train_images/f66c4ee86629.png,3e1c81b2861e1910288935415d86da7f652eff4b93b61de415f9f5870517c63d,3362,0,0,4.670164,1.0280428,-0.22053814,-3.3501985,-2.0962663
3367,train_images/fb1b8771c70a.png,d3592ee21d0def092c0ee14b3772ddaced248a07b261a775ba782edbb180338c,3367,0,0,4.543621,1.5371037,-0.91471624,-3.478743,-1.7281351
3372,train_images/fd0a70082e7c.png,4b1c883522056b2d4b0c6c26768030a0bfc9a916c573362e95db4fad202418d6,3372,0,0,4.6053886,0.5381088,-0.61643744,-3.4404137,-1.119823
3378,train_images/ff4955e76894.png,dced3f7ecda88a835351c70f8fc1d5758ba16aa1207cc436b26f7905bddf39fd,3378,0,1,2.7014675,2.921546,-0.6061435,-4.0080976,-1.0399752
3383,train_images/1a03a7970337.png,710a5d5154fb8403990f11d2bbb04b9fafb949865e080b93dee3f1483c3d2e9a,3383,1,1,-0.1357975,3.3675451,0.59630036,-3.457021,-0.4482813
3384,train_images/22a6da005395.png,ac39fb94d7b73f6b71dbd5d96865d2181cf653f1abdd0ffaf3534a8d36e00d81,3384,1,1,-1.1426735,2.808546,0.63276315,-1.4646845,-0.91745186
3391,train_images/384631079d1e.png,1845223f13efaf1d706653c1595d5c01ca111f756f22a31fd823117c8f128584,3391,1,1,-1.3386307,1.9631834,1.7590497,-2.709457,0.24785423
3392,train_images/3ee17aa12e46.png,34dfe9417157c0ee2843ff7c02e5f4696eeebb8736b02361778dc14494bf93f9,3392,1,1,-0.879179,3.7025566,1.0201547,-2.6855178,-1.2419319
3404,train_images/5efa24b03d5e.png,c7a85fb602a0d32269a0f74a2633f63304e7e6bf182eb4bc23290a1d58e8c7c7,3404,1,0,2.3225098,1.6297169,-0.6231079,-2.674525,-0.70920324
3405,train_images/6377e23928f6.png,5af37ce5c0de0a95ba6521f53195797d3f324981343b64a7814d247330bf70eb,3405,1,2,-1.6587238,2.2666464,2.4362514,-3.2599072,0.13257122
3407,train_images/6d292ca4c9ad.png,040f54b5799203c71aedc640713df9967c5210b502f87b07df3cab177679bf8f,3407,1,1,-2.1362953,3.6323166,1.4031777,-2.4949658,-0.499372
3418,train_images/9eaf735cf01f.png,1986c7097c634c4401624d464dbe5d2f4ebe575253e4f5bb4b3b14950d1c79df,3418,1,2,-4.2712555,2.2427883,2.9157164,-1.386231,0.38376093
3423,train_images/ad3fc5076852.png,52dd160777bb5158658bddcf86c7b0885a10aa74ccf63ab9504d5d0b285387a4,3423,1,1,-1.1039276,3.1741495,0.56925297,-2.1400023,-0.5711031
3430,train_images/cb2f3c5d71a7.png,6db8c1abb3ad4364330152e2c2e01871e67b3000d0b4f4791f3c7839f32a4737,3430,1,0,2.0965328,1.3027983,0.3945899,-2.3079329,-1.5615711
3438,train_images/08c17a2d95b7.png,1a004a253a616e2904bfbb6001879a384d503b1799db8d69a3d20f226f107d62,3438,2,3,-1.90168,-3.1272116,0.9839487,2.6898212,1.2892394
3443,train_images/1124ffcd76c2.png,a9341152ed81341723f1f585f8715bfcbae8efd3115426e912204e2c5abd4493,3443,2,2,-3.7415009,0.23287868,2.417811,-0.04171896,1.0330968
3449,train_images/1968183f0e61.png,47e1e390b7bbc76508e5223c0b250bb86d22d4744954519c70e2a29313600538,3449,2,2,-4.373293,0.8078337,3.4024904,-0.3560834,0.40177107
3452,train_images/1f07dae3cadb.png,8e03a481f0261723971041df11c093cb920f5dbe2b375844ea42dff83d270ab6,1682,2,2,-2.9748669,1.1288967,1.8269138,-1.3741493,1.2944183
3453,train_images/1f0e223b8055.png,a44a59ce6588d043cff0a7216f4003df94d5af769c7505bd0a203724e3601daa,3453,2,2,-5.456518,-0.70025444,2.947927,1.6870503,1.3842716
3455,train_images/203275daf46d.png,cb80b9583220ebaced2f5e701ddf946a6f1dc82edd839f289857fea10989d347,3455,2,1,-2.3027706,3.2388163,1.4571359,-1.6404433,-0.84992695
3459,train_images/25dc1b41ed9c.png,b32247337f1fe6ef20ab2938fcb589cbcede849fd77ccf4c3a7864db891d8c43,3459,2,0,1.3225002,0.33803368,0.2845893,-2.1012268,0.12873363
3465,train_images/290ecdba359f.png,b69733a030fb9184effe5c058d7d33ccdb3e7a8f399229566a13f1dfc89fac62,3465,2,4,-5.254608,-1.2257433,2.3731198,1.4099517,2.56783
3472,train_images/3cdda8b3df19.png,a23b13507f95ca3d21fa05a842087f3b547ad89abd84993ff62105cd3ade028c,3472,2,1,-3.5272675,3.1225376,1.7680848,-1.0726986,-0.3996024
3473,train_images/3d3e288d490e.png,1edbb25a6505a2c8af007c78b25426b4d0e30cc921065fe17715d840c186f212,3473,2,4,-2.203701,-0.44868374,0.75692916,0.77145004,1.0300608
3484,train_images/4818672273af.png,26014b2b1cb1bdef212b4033489aa681e061c6d51b85a7d4e5f3b16f1537563f,3484,2,4,-2.284399,0.3172493,1.3984852,-0.9419637,1.416203
3492,train_images/4f46d7ee61ed.png,6408248faf92d3d3b50e2c78f437f232b3eb30c849ecd74301b1f36cb08f3036,3492,2,3,-6.7559414,-2.240778,2.3199737,3.8643627,2.6560621
3494,train_images/521d3e264d71.png,3a2a797082eeeeb9c9411b934f0c24d23174985b80fb965ed6092f01a9c54b4e,3063,2,2,-4.5215416,-0.20877743,2.253427,0.14161539,2.2201195
3495,train_images/525acfea47e8.png,289018878ebd4d1c4a65bd3c5a2b113e1539b29cf94c2f0f910f0afdc567dbdf,3495,2,2,-5.3403893,1.6443472,2.9452884,0.049873352,0.5689888
3500,train_images/624fb7317106.png,49a396b62f6fcf24fa2dcfb178afc10fcdeb74dc916bf75dfbe3f18d56632d11,3500,2,3,-6.006525,-0.14740658,2.2856812,2.5433369,1.1898942
3507,train_images/71e4130bf5c8.png,419afe9082d107e71604f25e0600df5b4fa28886c1582a4387c460595a59c05e,3507,2,2,-4.4522896,-1.4372187,2.9549768,1.3768802,1.4405584
3509,train_images/7550966ef777.png,c074f9f47cb63bbe2520ddfd2e94faa53c842097e4b8925d20f4f845df76e94b,1538,2,2,-4.864599,-0.56923485,2.3355854,1.3172255,1.6516733
3517,train_images/82910bba4753.png,a18b52cf00b4cee57a6406b273b2b7638da665c4129595cee3022189338e4299,3517,2,3,-1.7173862,-2.6368008,0.2643447,2.068036,1.9495006
3523,train_images/8cb6b5b2f19c.png,1b99ec60c6461d28a211d71d238a3c73aaff3255fdfb47a39abf8b4fe5b7e9cd,3523,2,2,-2.442194,0.72820663,2.276757,-1.0075083,0.3541274
3524,train_images/8dfff47b06b7.png,f34981c0ea4f9dcfbc7b2c3ef98c4bf124300ebf0113ac9aade421cedcc7b080,3524,2,2,-3.6041641,-0.38155174,2.5169144,-0.37245274,1.7136393
3526,train_images/91cbe1c775ef.png,15cb74dabb417df863cdee4e9db9384b75507e47fa7f89219bde8dd58ba26ed8,27,2,2,-2.2085114,0.7957468,1.3354824,-0.16822577,0.14561892
3527,train_images/932181b93b2f.png,bdcab7b8e917f7082bf02947a871f6ce35ae2b9b1d76863c946dcc8eed5df0a8,3527,2,1,-2.3864822,1.5851192,0.42479563,0.38065243,-0.089372635
3538,train_images/a0d04a19cf40.png,e8200877c23b2a7eadd7db8a3d2718cbb11b3c7816b1cd81175b9ffa6577d050,3538,2,2,-5.0129547,0.08065987,2.9363496,0.79396677,1.0553741
3546,train_images/a7b7dc8788b9.png,0c6f2ec97040d93178e6309babe2b34e1e8fe5cffa1de3b241b54e483c9bc081,3546,2,2,-2.2467098,0.32978916,1.3887951,-0.6498947,1.0775957
3550,train_images/b746a6681ba9.png,aedddc1008d3f821528643cddc9785ae679dcf3ecd2a83ed47c5364b5fbd76ce,3550,2,2,-3.0603447,1.6718807,2.3777559,-1.6130524,0.5208049
3552,train_images/b83a6eca125f.png,96242f78a81448b9066c0ef018d00eadf09479d4e0d58a2383a5341a61abc837,3552,2,2,-5.7494526,-0.5302887,3.0466328,1.6214404,1.4787378
3554,train_images/c2d2b4f536da.png,b822a3249bf631d8cbbdbcc506f3dad105981b7e1ce72584839d313effa5b87a,115,2,4,-2.3364925,-0.48762894,1.3903842,-0.0966177,1.4366331
3558,train_images/c613db1cab27.png,21aa01c9ef4bb8d0e2299be78cf7b986d0b2ef19d7b1a8d4a2d769c681c8b58d,3558,2,2,-5.521904,0.9218178,3.34809,-0.21071148,1.3289623
3566,train_images/d95959798b57.png,454041f3d5fff4ca2a175384664385b7896ce48b9e592a16c9f4f45a83a36c7c,3566,2,2,-4.76709,0.43845558,1.9460275,1.7934237,0.47901058
3573,train_images/e150935f66a6.png,6f808ba4ad272e571741eb1c2ab70bd092cc08df2832372ca2e0fee14f756c28,3573,2,0,2.9852886,1.625454,-0.20609808,-2.7860332,-1.6826572
3581,train_images/f2094a20b275.png,c8fbf181158818d068d783a9253836e49dc2a35500fbc21e1bcf8b71e16bd92e,3581,2,1,1.6548157,2.3962069,0.54742956,-3.6998806,-0.94485044
3582,train_images/f2ee81781411.png,6c2d329392faf62708e38fe95831baf27053c35b85659fc7c5bbe3614e519db8,3582,2,2,-3.4423866,0.9000168,3.1533237,-1.1008334,0.3910923
3588,train_images/1623e8e3adc4.png,bfc06d65b6dd42d5e6ab402677ed20fd207883314128dc87ed3d7faecb80c354,3588,3,2,-2.816349,1.0786972,2.3356557,-1.1281552,0.4292369
3595,train_images/50a2aef380c8.png,5a3e2c7c8f9cd6e493b2f847bbdfaa2272b7f99679f88306402b83c7f6697d5d,3595,3,2,-4.5891094,-0.72882366,2.3790731,0.9622793,1.8583469
3598,train_images/80ca40196225.png,0ab002060a83d30f8f4ad72c6f59efedcfb244380ef5eea9e067125efe0c1770,3598,3,3,-5.302021,-1.3190327,2.2894778,2.2958813,1.9254708
3605,train_images/a80dab8eddf4.png,4e31b9ac3909dfb7b3ab206aca4b6721b92bd3f9b10aa015d945b602e69f96e7,3605,3,3,-7.5334053,-0.9200945,2.808258,2.9680185,2.5004873
3609,train_images/c5a9ebef1517.png,98cae97e3df473aa16ab3253e4fcff64ec5a3d01b9ac4c9753a80b634099a35f,3609,3,3,-4.692459,-2.0210648,1.6621401,2.9367247,2.006187
3614,train_images/e76a9cbb2a8c.png,25ac9acf573c431f146c3f94ec9cdd7548f5ad2d8dcb5b6b6a7113ff6850f723,450,3,3,-5.6365814,-2.2683353,1.2501857,3.2698793,3.2448244
3618,train_images/0e0fc1d9810c.png,1f57759d8a842bab35f5f966b59278bc64554aa5786634449f9716aa113e0012,3618,4,4,-4.6142464,-1.7102785,-0.29688454,0.78185177,5.716052
3623,train_images/312694ea8e6a.png,6db66c963e7961f8ffef3d5cd2166beab7851093e4ed6be32fc691e1d7a7cfd7,3623,4,4,-7.120739,-2.1060133,-0.006881237,3.3810387,5.6887894
3631,train_images/63b4d030b016.png,21293715c26c8a5aa20693966ec0552bdc8bea7114057f6f9924f541f22a33cd,3631,4,1,-3.806179,1.1989584,1.1430466,0.15753365,1.1952791
3633,train_images/69fff98cb32a.png,d655f44778ea5bdfe84d973d7472c840fc85ff84c31d487034125bbd8a9648f3,3633,4,4,-2.6518211,1.0118914,0.03757429,-1.1073408,2.6130066
3640,train_images/7efc91af4ae6.png,41619e836c21a6328675320305e43fa3a57244adcfa80ada49bf92940d06c77a,3640,4,4,0.46388817,-1.5602264,-0.11221933,0.13940382,1.0261879
3645,train_images/9a496b1e20f9.png,09b7ddab180e7cea80331f8c77b454a2846382004c19e94d92323d358bd2d020,3645,4,4,-1.1900005,0.22682667,0.6070101,-1.4488478,1.7603717
3647,train_images/b99afe7137fb.png,522324968781dde01fadda272b8e1aac9e8cae8c018dd804af15802f48ba8178,3647,4,2,-3.2871284,0.23271275,1.6987562,0.049668312,1.2425642
3660,train_images/ef26625121b3.png,2e74a714f119d798221fdd7f62e3189597e727f435ea56755f4e4fc74d851cf7,3660,4,4,-6.5552044,-0.50147724,-0.041523457,1.8829432,5.0655136
