🔬 w10 E1 (탐색적 · 사후) · 프로토콜 docs/date/2026-09-03_12th_meeting/research_note/w10_unconstrained_methods_protocol.md §3
device=cuda · dataset=aptos2019 · folds=[0] · stage=all · epochs=150 · batch=32×1 · prefix=w10_
→ /home/junkim/paper_ajou_dev/PanDerm/output_dir/p6_regime_f/w10_cp_fold_scores_aptos2019.csv

=== aptos2019 · fold 0 (train 2929 / test 733) ===
/home/junkim/miniconda3/envs/paper/lib/python3.11/site-packages/timm/models/layers/__init__.py:49: FutureWarning: Importing from timm.models.layers is deprecated, please import via timm.layers
  warnings.warn(f"Importing from {__name__} is deprecated, please import via timm.layers", FutureWarning)
/home/junkim/miniconda3/envs/paper/lib/python3.11/site-packages/timm/models/registry.py:4: FutureWarning: Importing from timm.models.registry is deprecated, please import via timm.models
  warnings.warn(f"Importing from {__name__} is deprecated, please import via timm.models", FutureWarning)
/home/junkim/miniconda3/envs/paper/lib/python3.11/site-packages/torch/functional.py:534: UserWarning: torch.meshgrid: in an upcoming release, it will be required to pass the indexing argument. (Triggered internally at ../aten/src/ATen/native/TensorShape.cpp:3595.)
  return _VF.meshgrid(tensors, **kwargs)  # type: ignore[attr-defined]
loading model checkpoint
VisionTransformer(
  (patch_embed): PatchEmbed(
    (proj): Conv2d(3, 1024, kernel_size=(16, 16), stride=(16, 16))
  )
  (pos_drop): Dropout(p=0.0, inplace=False)
  (blocks): ModuleList(
    (0): Block(
      (norm1): LayerNorm((1024,), eps=1e-06, elementwise_affine=True)
      (attn): Attention(
        (qkv): Linear(in_features=1024, out_features=3072, bias=False)
        (attn_drop): Dropout(p=0.0, inplace=False)
        (proj): Linear(in_features=1024, out_features=1024, bias=True)
        (proj_drop): Dropout(p=0.0, inplace=False)
      )
      (drop_path): Identity()
      (norm2): LayerNorm((1024,), eps=1e-06, elementwise_affine=True)
      (mlp): Mlp(
        (fc1): Linear(in_features=1024, out_features=4096, bias=True)
        (act): GELU(approximate='none')
        (fc2): Linear(in_features=4096, out_features=1024, bias=True)
        (drop): Dropout(p=0.0, inplace=False)
      )
    )
    (1): Block(
      (norm1): LayerNorm((1024,), eps=1e-06, elementwise_affine=True)
      (attn): Attention(
        (qkv): Linear(in_features=1024, out_features=3072, bias=False)
        (attn_drop): Dropout(p=0.0, inplace=False)
        (proj): Linear(in_features=1024, out_features=1024, bias=True)
        (proj_drop): Dropout(p=0.0, inplace=False)
      )
      (drop_path): DropPath(p=0.004347826354205608)
      (norm2): LayerNorm((1024,), eps=1e-06, elementwise_affine=True)
      (mlp): Mlp(
        (fc1): Linear(in_features=1024, out_features=4096, bias=True)
        (act): GELU(approximate='none')
        (fc2): Linear(in_features=4096, out_features=1024, bias=True)
        (drop): Dropout(p=0.0, inplace=False)
      )
    )
    (2): Block(
      (norm1): LayerNorm((1024,), eps=1e-06, elementwise_affine=True)
      (attn): Attention(
        (qkv): Linear(in_features=1024, out_features=3072, bias=False)
        (attn_drop): Dropout(p=0.0, inplace=False)
        (proj): Linear(in_features=1024, out_features=1024, bias=True)
        (proj_drop): Dropout(p=0.0, inplace=False)
      )
      (drop_path): DropPath(p=0.008695652708411217)
      (norm2): LayerNorm((1024,), eps=1e-06, elementwise_affine=True)
      (mlp): Mlp(
        (fc1): Linear(in_features=1024, out_features=4096, bias=True)
        (act): GELU(approximate='none')
        (fc2): Linear(in_features=4096, out_features=1024, bias=True)
        (drop): Dropout(p=0.0, inplace=False)
      )
    )
    (3): Block(
      (norm1): LayerNorm((1024,), eps=1e-06, elementwise_affine=True)
      (attn): Attention(
        (qkv): Linear(in_features=1024, out_features=3072, bias=False)
        (attn_drop): Dropout(p=0.0, inplace=False)
        (proj): Linear(in_features=1024, out_features=1024, bias=True)
        (proj_drop): Dropout(p=0.0, inplace=False)
      )
      (drop_path): DropPath(p=0.013043479062616825)
      (norm2): LayerNorm((1024,), eps=1e-06, elementwise_affine=True)
      (mlp): Mlp(
        (fc1): Linear(in_features=1024, out_features=4096, bias=True)
        (act): GELU(approximate='none')
        (fc2): Linear(in_features=4096, out_features=1024, bias=True)
        (drop): Dropout(p=0.0, inplace=False)
      )
    )
    (4): Block(
      (norm1): LayerNorm((1024,), eps=1e-06, elementwise_affine=True)
      (attn): Attention(
        (qkv): Linear(in_features=1024, out_features=3072, bias=False)
        (attn_drop): Dropout(p=0.0, inplace=False)
        (proj): Linear(in_features=1024, out_features=1024, bias=True)
        (proj_drop): Dropout(p=0.0, inplace=False)
      )
      (drop_path): DropPath(p=0.017391305416822433)
      (norm2): LayerNorm((1024,), eps=1e-06, elementwise_affine=True)
      (mlp): Mlp(
        (fc1): Linear(in_features=1024, out_features=4096, bias=True)
        (act): GELU(approximate='none')
        (fc2): Linear(in_features=4096, out_features=1024, bias=True)
        (drop): Dropout(p=0.0, inplace=False)
      )
    )
    (5): Block(
      (norm1): LayerNorm((1024,), eps=1e-06, elementwise_affine=True)
      (attn): Attention(
        (qkv): Linear(in_features=1024, out_features=3072, bias=False)
        (attn_drop): Dropout(p=0.0, inplace=False)
        (proj): Linear(in_features=1024, out_features=1024, bias=True)
        (proj_drop): Dropout(p=0.0, inplace=False)
      )
      (drop_path): DropPath(p=0.021739132702350616)
      (norm2): LayerNorm((1024,), eps=1e-06, elementwise_affine=True)
      (mlp): Mlp(
        (fc1): Linear(in_features=1024, out_features=4096, bias=True)
        (act): GELU(approximate='none')
        (fc2): Linear(in_features=4096, out_features=1024, bias=True)
        (drop): Dropout(p=0.0, inplace=False)
      )
    )
    (6): Block(
      (norm1): LayerNorm((1024,), eps=1e-06, elementwise_affine=True)
      (attn): Attention(
        (qkv): Linear(in_features=1024, out_features=3072, bias=False)
        (attn_drop): Dropout(p=0.0, inplace=False)
        (proj): Linear(in_features=1024, out_features=1024, bias=True)
        (proj_drop): Dropout(p=0.0, inplace=False)
      )
      (drop_path): DropPath(p=0.02608695812523365)
      (norm2): LayerNorm((1024,), eps=1e-06, elementwise_affine=True)
      (mlp): Mlp(
        (fc1): Linear(in_features=1024, out_features=4096, bias=True)
        (act): GELU(approximate='none')
        (fc2): Linear(in_features=4096, out_features=1024, bias=True)
        (drop): Dropout(p=0.0, inplace=False)
      )
    )
    (7): Block(
      (norm1): LayerNorm((1024,), eps=1e-06, elementwise_affine=True)
      (attn): Attention(
        (qkv): Linear(in_features=1024, out_features=3072, bias=False)
        (attn_drop): Dropout(p=0.0, inplace=False)
        (proj): Linear(in_features=1024, out_features=1024, bias=True)
        (proj_drop): Dropout(p=0.0, inplace=False)
      )
      (drop_path): DropPath(p=0.030434783548116684)
      (norm2): LayerNorm((1024,), eps=1e-06, elementwise_affine=True)
      (mlp): Mlp(
        (fc1): Linear(in_features=1024, out_features=4096, bias=True)
        (act): GELU(approximate='none')
        (fc2): Linear(in_features=4096, out_features=1024, bias=True)
        (drop): Dropout(p=0.0, inplace=False)
      )
    )
    (8): Block(
      (norm1): LayerNorm((1024,), eps=1e-06, elementwise_affine=True)
      (attn): Attention(
        (qkv): Linear(in_features=1024, out_features=3072, bias=False)
        (attn_drop): Dropout(p=0.0, inplace=False)
        (proj): Linear(in_features=1024, out_features=1024, bias=True)
        (proj_drop): Dropout(p=0.0, inplace=False)
      )
      (drop_path): DropPath(p=0.03478261083364487)
      (norm2): LayerNorm((1024,), eps=1e-06, elementwise_affine=True)
      (mlp): Mlp(
        (fc1): Linear(in_features=1024, out_features=4096, bias=True)
        (act): GELU(approximate='none')
        (fc2): Linear(in_features=4096, out_features=1024, bias=True)
        (drop): Dropout(p=0.0, inplace=False)
      )
    )
    (9): Block(
      (norm1): LayerNorm((1024,), eps=1e-06, elementwise_affine=True)
      (attn): Attention(
        (qkv): Linear(in_features=1024, out_features=3072, bias=False)
        (attn_drop): Dropout(p=0.0, inplace=False)
        (proj): Linear(in_features=1024, out_features=1024, bias=True)
        (proj_drop): Dropout(p=0.0, inplace=False)
      )
      (drop_path): DropPath(p=0.03913043811917305)
      (norm2): LayerNorm((1024,), eps=1e-06, elementwise_affine=True)
      (mlp): Mlp(
        (fc1): Linear(in_features=1024, out_features=4096, bias=True)
        (act): GELU(approximate='none')
        (fc2): Linear(in_features=4096, out_features=1024, bias=True)
        (drop): Dropout(p=0.0, inplace=False)
      )
    )
    (10): Block(
      (norm1): LayerNorm((1024,), eps=1e-06, elementwise_affine=True)
      (attn): Attention(
        (qkv): Linear(in_features=1024, out_features=3072, bias=False)
        (attn_drop): Dropout(p=0.0, inplace=False)
        (proj): Linear(in_features=1024, out_features=1024, bias=True)
        (proj_drop): Dropout(p=0.0, inplace=False)
      )
      (drop_path): DropPath(p=0.04347826540470123)
      (norm2): LayerNorm((1024,), eps=1e-06, elementwise_affine=True)
      (mlp): Mlp(
        (fc1): Linear(in_features=1024, out_features=4096, bias=True)
        (act): GELU(approximate='none')
        (fc2): Linear(in_features=4096, out_features=1024, bias=True)
        (drop): Dropout(p=0.0, inplace=False)
      )
    )
    (11): Block(
      (norm1): LayerNorm((1024,), eps=1e-06, elementwise_affine=True)
      (attn): Attention(
        (qkv): Linear(in_features=1024, out_features=3072, bias=False)
        (attn_drop): Dropout(p=0.0, inplace=False)
        (proj): Linear(in_features=1024, out_features=1024, bias=True)
        (proj_drop): Dropout(p=0.0, inplace=False)
      )
      (drop_path): DropPath(p=0.04782608896493912)
      (norm2): LayerNorm((1024,), eps=1e-06, elementwise_affine=True)
      (mlp): Mlp(
        (fc1): Linear(in_features=1024, out_features=4096, bias=True)
        (act): GELU(approximate='none')
        (fc2): Linear(in_features=4096, out_features=1024, bias=True)
        (drop): Dropout(p=0.0, inplace=False)
      )
    )
    (12): Block(
      (norm1): LayerNorm((1024,), eps=1e-06, elementwise_affine=True)
      (attn): Attention(
        (qkv): Linear(in_features=1024, out_features=3072, bias=False)
        (attn_drop): Dropout(p=0.0, inplace=False)
        (proj): Linear(in_features=1024, out_features=1024, bias=True)
        (proj_drop): Dropout(p=0.0, inplace=False)
      )
      (drop_path): DropPath(p=0.052173912525177)
      (norm2): LayerNorm((1024,), eps=1e-06, elementwise_affine=True)
      (mlp): Mlp(
        (fc1): Linear(in_features=1024, out_features=4096, bias=True)
        (act): GELU(approximate='none')
        (fc2): Linear(in_features=4096, out_features=1024, bias=True)
        (drop): Dropout(p=0.0, inplace=False)
      )
    )
    (13): Block(
      (norm1): LayerNorm((1024,), eps=1e-06, elementwise_affine=True)
      (attn): Attention(
        (qkv): Linear(in_features=1024, out_features=3072, bias=False)
        (attn_drop): Dropout(p=0.0, inplace=False)
        (proj): Linear(in_features=1024, out_features=1024, bias=True)
        (proj_drop): Dropout(p=0.0, inplace=False)
      )
      (drop_path): DropPath(p=0.056521736085414886)
      (norm2): LayerNorm((1024,), eps=1e-06, elementwise_affine=True)
      (mlp): Mlp(
        (fc1): Linear(in_features=1024, out_features=4096, bias=True)
        (act): GELU(approximate='none')
        (fc2): Linear(in_features=4096, out_features=1024, bias=True)
        (drop): Dropout(p=0.0, inplace=False)
      )
    )
    (14): Block(
      (norm1): LayerNorm((1024,), eps=1e-06, elementwise_affine=True)
      (attn): Attention(
        (qkv): Linear(in_features=1024, out_features=3072, bias=False)
        (attn_drop): Dropout(p=0.0, inplace=False)
        (proj): Linear(in_features=1024, out_features=1024, bias=True)
        (proj_drop): Dropout(p=0.0, inplace=False)
      )
      (drop_path): DropPath(p=0.06086956337094307)
      (norm2): LayerNorm((1024,), eps=1e-06, elementwise_affine=True)
      (mlp): Mlp(
        (fc1): Linear(in_features=1024, out_features=4096, bias=True)
        (act): GELU(approximate='none')
        (fc2): Linear(in_features=4096, out_features=1024, bias=True)
        (drop): Dropout(p=0.0, inplace=False)
      )
    )
    (15): Block(
      (norm1): LayerNorm((1024,), eps=1e-06, elementwise_affine=True)
      (attn): Attention(
        (qkv): Linear(in_features=1024, out_features=3072, bias=False)
        (attn_drop): Dropout(p=0.0, inplace=False)
        (proj): Linear(in_features=1024, out_features=1024, bias=True)
        (proj_drop): Dropout(p=0.0, inplace=False)
      )
      (drop_path): DropPath(p=0.06521739065647125)
      (norm2): LayerNorm((1024,), eps=1e-06, elementwise_affine=True)
      (mlp): Mlp(
        (fc1): Linear(in_features=1024, out_features=4096, bias=True)
        (act): GELU(approximate='none')
        (fc2): Linear(in_features=4096, out_features=1024, bias=True)
        (drop): Dropout(p=0.0, inplace=False)
      )
    )
    (16): Block(
      (norm1): LayerNorm((1024,), eps=1e-06, elementwise_affine=True)
      (attn): Attention(
        (qkv): Linear(in_features=1024, out_features=3072, bias=False)
        (attn_drop): Dropout(p=0.0, inplace=False)
        (proj): Linear(in_features=1024, out_features=1024, bias=True)
        (proj_drop): Dropout(p=0.0, inplace=False)
      )
      (drop_path): DropPath(p=0.06956521421670914)
      (norm2): LayerNorm((1024,), eps=1e-06, elementwise_affine=True)
      (mlp): Mlp(
        (fc1): Linear(in_features=1024, out_features=4096, bias=True)
        (act): GELU(approximate='none')
        (fc2): Linear(in_features=4096, out_features=1024, bias=True)
        (drop): Dropout(p=0.0, inplace=False)
      )
    )
    (17): Block(
      (norm1): LayerNorm((1024,), eps=1e-06, elementwise_affine=True)
      (attn): Attention(
        (qkv): Linear(in_features=1024, out_features=3072, bias=False)
        (attn_drop): Dropout(p=0.0, inplace=False)
        (proj): Linear(in_features=1024, out_features=1024, bias=True)
        (proj_drop): Dropout(p=0.0, inplace=False)
      )
      (drop_path): DropPath(p=0.07391304522752762)
      (norm2): LayerNorm((1024,), eps=1e-06, elementwise_affine=True)
      (mlp): Mlp(
        (fc1): Linear(in_features=1024, out_features=4096, bias=True)
        (act): GELU(approximate='none')
        (fc2): Linear(in_features=4096, out_features=1024, bias=True)
        (drop): Dropout(p=0.0, inplace=False)
      )
    )
    (18): Block(
      (norm1): LayerNorm((1024,), eps=1e-06, elementwise_affine=True)
      (attn): Attention(
        (qkv): Linear(in_features=1024, out_features=3072, bias=False)
        (attn_drop): Dropout(p=0.0, inplace=False)
        (proj): Linear(in_features=1024, out_features=1024, bias=True)
        (proj_drop): Dropout(p=0.0, inplace=False)
      )
      (drop_path): DropPath(p=0.0782608687877655)
      (norm2): LayerNorm((1024,), eps=1e-06, elementwise_affine=True)
      (mlp): Mlp(
        (fc1): Linear(in_features=1024, out_features=4096, bias=True)
        (act): GELU(approximate='none')
        (fc2): Linear(in_features=4096, out_features=1024, bias=True)
        (drop): Dropout(p=0.0, inplace=False)
      )
    )
    (19): Block(
      (norm1): LayerNorm((1024,), eps=1e-06, elementwise_affine=True)
      (attn): Attention(
        (qkv): Linear(in_features=1024, out_features=3072, bias=False)
        (attn_drop): Dropout(p=0.0, inplace=False)
        (proj): Linear(in_features=1024, out_features=1024, bias=True)
        (proj_drop): Dropout(p=0.0, inplace=False)
      )
      (drop_path): DropPath(p=0.08260869979858398)
      (norm2): LayerNorm((1024,), eps=1e-06, elementwise_affine=True)
      (mlp): Mlp(
        (fc1): Linear(in_features=1024, out_features=4096, bias=True)
        (act): GELU(approximate='none')
        (fc2): Linear(in_features=4096, out_features=1024, bias=True)
        (drop): Dropout(p=0.0, inplace=False)
      )
    )
    (20): Block(
      (norm1): LayerNorm((1024,), eps=1e-06, elementwise_affine=True)
      (attn): Attention(
        (qkv): Linear(in_features=1024, out_features=3072, bias=False)
        (attn_drop): Dropout(p=0.0, inplace=False)
        (proj): Linear(in_features=1024, out_features=1024, bias=True)
        (proj_drop): Dropout(p=0.0, inplace=False)
      )
      (drop_path): DropPath(p=0.08695652335882187)
      (norm2): LayerNorm((1024,), eps=1e-06, elementwise_affine=True)
      (mlp): Mlp(
        (fc1): Linear(in_features=1024, out_features=4096, bias=True)
        (act): GELU(approximate='none')
        (fc2): Linear(in_features=4096, out_features=1024, bias=True)
        (drop): Dropout(p=0.0, inplace=False)
      )
    )
    (21): Block(
      (norm1): LayerNorm((1024,), eps=1e-06, elementwise_affine=True)
      (attn): Attention(
        (qkv): Linear(in_features=1024, out_features=3072, bias=False)
        (attn_drop): Dropout(p=0.0, inplace=False)
        (proj): Linear(in_features=1024, out_features=1024, bias=True)
        (proj_drop): Dropout(p=0.0, inplace=False)
      )
      (drop_path): DropPath(p=0.09130434691905975)
      (norm2): LayerNorm((1024,), eps=1e-06, elementwise_affine=True)
      (mlp): Mlp(
        (fc1): Linear(in_features=1024, out_features=4096, bias=True)
        (act): GELU(approximate='none')
        (fc2): Linear(in_features=4096, out_features=1024, bias=True)
        (drop): Dropout(p=0.0, inplace=False)
      )
    )
    (22): Block(
      (norm1): LayerNorm((1024,), eps=1e-06, elementwise_affine=True)
      (attn): Attention(
        (qkv): Linear(in_features=1024, out_features=3072, bias=False)
        (attn_drop): Dropout(p=0.0, inplace=False)
        (proj): Linear(in_features=1024, out_features=1024, bias=True)
        (proj_drop): Dropout(p=0.0, inplace=False)
      )
      (drop_path): DropPath(p=0.09565217792987823)
      (norm2): LayerNorm((1024,), eps=1e-06, elementwise_affine=True)
      (mlp): Mlp(
        (fc1): Linear(in_features=1024, out_features=4096, bias=True)
        (act): GELU(approximate='none')
        (fc2): Linear(in_features=4096, out_features=1024, bias=True)
        (drop): Dropout(p=0.0, inplace=False)
      )
    )
    (23): Block(
      (norm1): LayerNorm((1024,), eps=1e-06, elementwise_affine=True)
      (attn): Attention(
        (qkv): Linear(in_features=1024, out_features=3072, bias=False)
        (attn_drop): Dropout(p=0.0, inplace=False)
        (proj): Linear(in_features=1024, out_features=1024, bias=True)
        (proj_drop): Dropout(p=0.0, inplace=False)
      )
      (drop_path): DropPath(p=0.10000000149011612)
      (norm2): LayerNorm((1024,), eps=1e-06, elementwise_affine=True)
      (mlp): Mlp(
        (fc1): Linear(in_features=1024, out_features=4096, bias=True)
        (act): GELU(approximate='none')
        (fc2): Linear(in_features=4096, out_features=1024, bias=True)
        (drop): Dropout(p=0.0, inplace=False)
      )
    )
  )
  (norm): LayerNorm((1024,), eps=1e-06, elementwise_affine=True)
  (head): Linear(in_features=1024, out_features=1000, bias=True)
)
normalization method:  imagenet
  [CP] N_k=2929 · 학습 파라미터 backbone 25.2M (blocks (22, 23) + norm) + head 3.0M · drop_path(22,23)=[0.09565217792987823, 0.10000000149011612] · batch=32×accum=1 · epochs=150
normalization method:  imagenet
  [CP] aptos2019 fold0 ep001/150 loss=8.0919 lr=6.67e-06 (63s) · head-only
  [CP] aptos2019 fold0 ep002/150 loss=8.0711 lr=1.33e-05 (63s) · head-only
  [CP] aptos2019 fold0 ep003/150 loss=8.0654 lr=2.00e-05 (61s) · head-only
  [CP] aptos2019 fold0 ep010/150 loss=7.9736 lr=6.67e-05 (62s)
  [CP] aptos2019 fold0 ep020/150 loss=6.9122 lr=9.98e-05 (62s)
  [CP] aptos2019 fold0 ep030/150 loss=5.6833 lr=9.74e-05 (62s)
  [CP] aptos2019 fold0 ep040/150 loss=4.7208 lr=9.24e-05 (62s)
  [CP] aptos2019 fold0 ep050/150 loss=4.2603 lr=8.51e-05 (63s)
  [CP] aptos2019 fold0 ep060/150 loss=4.0029 lr=7.60e-05 (62s)
  [CP] aptos2019 fold0 ep070/150 loss=3.8413 lr=6.55e-05 (63s)
  [CP] aptos2019 fold0 ep080/150 loss=3.7803 lr=5.41e-05 (63s)
  [CP] aptos2019 fold0 ep090/150 loss=3.7259 lr=4.25e-05 (62s)
  [CP] aptos2019 fold0 ep100/150 loss=3.6717 lr=3.13e-05 (62s)
  [CP] aptos2019 fold0 ep110/150 loss=3.6307 lr=2.11e-05 (63s)
  [CP] aptos2019 fold0 ep120/150 loss=3.6032 lr=1.25e-05 (62s)
  [CP] aptos2019 fold0 ep130/150 loss=3.5730 lr=5.85e-06 (63s)
  [CP] aptos2019 fold0 ep140/150 loss=3.5907 lr=1.63e-06 (61s)
  [CP] aptos2019 fold0 ep150/150 loss=3.5551 lr=1.35e-08 (62s)
  [CP] 완료 150 ep · 62.0s/ep · final_loss=3.5551 · GPU peak 2390 MB
normalization method:  imagenet
normalization method:  imagenet
  [extract] 원본 (3662, 1024) → w10_cp_feats_aptos2019_fold0.npy (91s)
normalization method:  imagenet
  [extract] 증강 copy 0 (92s)
  [extract] 증강 copy 1 (94s)
  [extract] 증강 copy 2 (92s)
  [extract] 증강 copy 3 (94s)
  [extract] 증강 (4, 3662, 1024) → w10_cp_augfeats_aptos2019_fold0.npy · copy0 코사인 0.7703
    B0cp fold0: BACC=0.6188 MAE=0.2824 MAE_true=0.5264
    B1cp fold0: BACC=0.6221 MAE=0.2879 MAE_true=0.5092
    B2cp fold0: BACC=0.6434 MAE=0.2797 MAE_true=0.5184
    B3cp fold0: BACC=0.5624 MAE=0.4379 MAE_true=0.5751
    B4cp fold0: BACC=0.6405 MAE=0.2538 MAE_true=0.4780

==============================================================
arm      n_fold     BACC      MCC      MAE  MAE_true
B0cp          1   0.6188   0.6961   0.2824    0.5264
B1cp          1   0.6221   0.6857   0.2879    0.5092
B2cp          1   0.6434   0.7114   0.2797    0.5184
B3cp          1   0.5624   0.5272   0.4379    0.5751
B4cp          1   0.6405   0.7130   0.2538    0.4780
==============================================================

총 163.0 분 · 저장: /home/junkim/paper_ajou_dev/PanDerm/output_dir/p6_regime_f/w10_cp_fold_scores_aptos2019.csv
🔬 w10 E1 (탐색적 · 사후) · 프로토콜 docs/date/2026-09-03_12th_meeting/research_note/w10_unconstrained_methods_protocol.md §3
device=cuda · dataset=aptos2019 · folds=[1] · stage=all · epochs=150 · batch=32×1 · prefix=w10_
→ /home/junkim/paper_ajou_dev/PanDerm/output_dir/p6_regime_f/w10_cp_fold_scores_aptos2019.csv

=== aptos2019 · fold 1 (train 2929 / test 733) ===
/home/junkim/miniconda3/envs/paper/lib/python3.11/site-packages/timm/models/layers/__init__.py:49: FutureWarning: Importing from timm.models.layers is deprecated, please import via timm.layers
  warnings.warn(f"Importing from {__name__} is deprecated, please import via timm.layers", FutureWarning)
/home/junkim/miniconda3/envs/paper/lib/python3.11/site-packages/timm/models/registry.py:4: FutureWarning: Importing from timm.models.registry is deprecated, please import via timm.models
  warnings.warn(f"Importing from {__name__} is deprecated, please import via timm.models", FutureWarning)
/home/junkim/miniconda3/envs/paper/lib/python3.11/site-packages/torch/functional.py:534: UserWarning: torch.meshgrid: in an upcoming release, it will be required to pass the indexing argument. (Triggered internally at ../aten/src/ATen/native/TensorShape.cpp:3595.)
  return _VF.meshgrid(tensors, **kwargs)  # type: ignore[attr-defined]
loading model checkpoint
VisionTransformer(
  (patch_embed): PatchEmbed(
    (proj): Conv2d(3, 1024, kernel_size=(16, 16), stride=(16, 16))
  )
  (pos_drop): Dropout(p=0.0, inplace=False)
  (blocks): ModuleList(
    (0): Block(
      (norm1): LayerNorm((1024,), eps=1e-06, elementwise_affine=True)
      (attn): Attention(
        (qkv): Linear(in_features=1024, out_features=3072, bias=False)
        (attn_drop): Dropout(p=0.0, inplace=False)
        (proj): Linear(in_features=1024, out_features=1024, bias=True)
        (proj_drop): Dropout(p=0.0, inplace=False)
      )
      (drop_path): Identity()
      (norm2): LayerNorm((1024,), eps=1e-06, elementwise_affine=True)
      (mlp): Mlp(
        (fc1): Linear(in_features=1024, out_features=4096, bias=True)
        (act): GELU(approximate='none')
        (fc2): Linear(in_features=4096, out_features=1024, bias=True)
        (drop): Dropout(p=0.0, inplace=False)
      )
    )
    (1): Block(
      (norm1): LayerNorm((1024,), eps=1e-06, elementwise_affine=True)
      (attn): Attention(
        (qkv): Linear(in_features=1024, out_features=3072, bias=False)
        (attn_drop): Dropout(p=0.0, inplace=False)
        (proj): Linear(in_features=1024, out_features=1024, bias=True)
        (proj_drop): Dropout(p=0.0, inplace=False)
      )
      (drop_path): DropPath(p=0.004347826354205608)
      (norm2): LayerNorm((1024,), eps=1e-06, elementwise_affine=True)
      (mlp): Mlp(
        (fc1): Linear(in_features=1024, out_features=4096, bias=True)
        (act): GELU(approximate='none')
        (fc2): Linear(in_features=4096, out_features=1024, bias=True)
        (drop): Dropout(p=0.0, inplace=False)
      )
    )
    (2): Block(
      (norm1): LayerNorm((1024,), eps=1e-06, elementwise_affine=True)
      (attn): Attention(
        (qkv): Linear(in_features=1024, out_features=3072, bias=False)
        (attn_drop): Dropout(p=0.0, inplace=False)
        (proj): Linear(in_features=1024, out_features=1024, bias=True)
        (proj_drop): Dropout(p=0.0, inplace=False)
      )
      (drop_path): DropPath(p=0.008695652708411217)
      (norm2): LayerNorm((1024,), eps=1e-06, elementwise_affine=True)
      (mlp): Mlp(
        (fc1): Linear(in_features=1024, out_features=4096, bias=True)
        (act): GELU(approximate='none')
        (fc2): Linear(in_features=4096, out_features=1024, bias=True)
        (drop): Dropout(p=0.0, inplace=False)
      )
    )
    (3): Block(
      (norm1): LayerNorm((1024,), eps=1e-06, elementwise_affine=True)
      (attn): Attention(
        (qkv): Linear(in_features=1024, out_features=3072, bias=False)
        (attn_drop): Dropout(p=0.0, inplace=False)
        (proj): Linear(in_features=1024, out_features=1024, bias=True)
        (proj_drop): Dropout(p=0.0, inplace=False)
      )
      (drop_path): DropPath(p=0.013043479062616825)
      (norm2): LayerNorm((1024,), eps=1e-06, elementwise_affine=True)
      (mlp): Mlp(
        (fc1): Linear(in_features=1024, out_features=4096, bias=True)
        (act): GELU(approximate='none')
        (fc2): Linear(in_features=4096, out_features=1024, bias=True)
        (drop): Dropout(p=0.0, inplace=False)
      )
    )
    (4): Block(
      (norm1): LayerNorm((1024,), eps=1e-06, elementwise_affine=True)
      (attn): Attention(
        (qkv): Linear(in_features=1024, out_features=3072, bias=False)
        (attn_drop): Dropout(p=0.0, inplace=False)
        (proj): Linear(in_features=1024, out_features=1024, bias=True)
        (proj_drop): Dropout(p=0.0, inplace=False)
      )
      (drop_path): DropPath(p=0.017391305416822433)
      (norm2): LayerNorm((1024,), eps=1e-06, elementwise_affine=True)
      (mlp): Mlp(
        (fc1): Linear(in_features=1024, out_features=4096, bias=True)
        (act): GELU(approximate='none')
        (fc2): Linear(in_features=4096, out_features=1024, bias=True)
        (drop): Dropout(p=0.0, inplace=False)
      )
    )
    (5): Block(
      (norm1): LayerNorm((1024,), eps=1e-06, elementwise_affine=True)
      (attn): Attention(
        (qkv): Linear(in_features=1024, out_features=3072, bias=False)
        (attn_drop): Dropout(p=0.0, inplace=False)
        (proj): Linear(in_features=1024, out_features=1024, bias=True)
        (proj_drop): Dropout(p=0.0, inplace=False)
      )
      (drop_path): DropPath(p=0.021739132702350616)
      (norm2): LayerNorm((1024,), eps=1e-06, elementwise_affine=True)
      (mlp): Mlp(
        (fc1): Linear(in_features=1024, out_features=4096, bias=True)
        (act): GELU(approximate='none')
        (fc2): Linear(in_features=4096, out_features=1024, bias=True)
        (drop): Dropout(p=0.0, inplace=False)
      )
    )
    (6): Block(
      (norm1): LayerNorm((1024,), eps=1e-06, elementwise_affine=True)
      (attn): Attention(
        (qkv): Linear(in_features=1024, out_features=3072, bias=False)
        (attn_drop): Dropout(p=0.0, inplace=False)
        (proj): Linear(in_features=1024, out_features=1024, bias=True)
        (proj_drop): Dropout(p=0.0, inplace=False)
      )
      (drop_path): DropPath(p=0.02608695812523365)
      (norm2): LayerNorm((1024,), eps=1e-06, elementwise_affine=True)
      (mlp): Mlp(
        (fc1): Linear(in_features=1024, out_features=4096, bias=True)
        (act): GELU(approximate='none')
        (fc2): Linear(in_features=4096, out_features=1024, bias=True)
        (drop): Dropout(p=0.0, inplace=False)
      )
    )
    (7): Block(
      (norm1): LayerNorm((1024,), eps=1e-06, elementwise_affine=True)
      (attn): Attention(
        (qkv): Linear(in_features=1024, out_features=3072, bias=False)
        (attn_drop): Dropout(p=0.0, inplace=False)
        (proj): Linear(in_features=1024, out_features=1024, bias=True)
        (proj_drop): Dropout(p=0.0, inplace=False)
      )
      (drop_path): DropPath(p=0.030434783548116684)
      (norm2): LayerNorm((1024,), eps=1e-06, elementwise_affine=True)
      (mlp): Mlp(
        (fc1): Linear(in_features=1024, out_features=4096, bias=True)
        (act): GELU(approximate='none')
        (fc2): Linear(in_features=4096, out_features=1024, bias=True)
        (drop): Dropout(p=0.0, inplace=False)
      )
    )
    (8): Block(
      (norm1): LayerNorm((1024,), eps=1e-06, elementwise_affine=True)
      (attn): Attention(
        (qkv): Linear(in_features=1024, out_features=3072, bias=False)
        (attn_drop): Dropout(p=0.0, inplace=False)
        (proj): Linear(in_features=1024, out_features=1024, bias=True)
        (proj_drop): Dropout(p=0.0, inplace=False)
      )
      (drop_path): DropPath(p=0.03478261083364487)
      (norm2): LayerNorm((1024,), eps=1e-06, elementwise_affine=True)
      (mlp): Mlp(
        (fc1): Linear(in_features=1024, out_features=4096, bias=True)
        (act): GELU(approximate='none')
        (fc2): Linear(in_features=4096, out_features=1024, bias=True)
        (drop): Dropout(p=0.0, inplace=False)
      )
    )
    (9): Block(
      (norm1): LayerNorm((1024,), eps=1e-06, elementwise_affine=True)
      (attn): Attention(
        (qkv): Linear(in_features=1024, out_features=3072, bias=False)
        (attn_drop): Dropout(p=0.0, inplace=False)
        (proj): Linear(in_features=1024, out_features=1024, bias=True)
        (proj_drop): Dropout(p=0.0, inplace=False)
      )
      (drop_path): DropPath(p=0.03913043811917305)
      (norm2): LayerNorm((1024,), eps=1e-06, elementwise_affine=True)
      (mlp): Mlp(
        (fc1): Linear(in_features=1024, out_features=4096, bias=True)
        (act): GELU(approximate='none')
        (fc2): Linear(in_features=4096, out_features=1024, bias=True)
        (drop): Dropout(p=0.0, inplace=False)
      )
    )
    (10): Block(
      (norm1): LayerNorm((1024,), eps=1e-06, elementwise_affine=True)
      (attn): Attention(
        (qkv): Linear(in_features=1024, out_features=3072, bias=False)
        (attn_drop): Dropout(p=0.0, inplace=False)
        (proj): Linear(in_features=1024, out_features=1024, bias=True)
        (proj_drop): Dropout(p=0.0, inplace=False)
      )
      (drop_path): DropPath(p=0.04347826540470123)
      (norm2): LayerNorm((1024,), eps=1e-06, elementwise_affine=True)
      (mlp): Mlp(
        (fc1): Linear(in_features=1024, out_features=4096, bias=True)
        (act): GELU(approximate='none')
        (fc2): Linear(in_features=4096, out_features=1024, bias=True)
        (drop): Dropout(p=0.0, inplace=False)
      )
    )
    (11): Block(
      (norm1): LayerNorm((1024,), eps=1e-06, elementwise_affine=True)
      (attn): Attention(
        (qkv): Linear(in_features=1024, out_features=3072, bias=False)
        (attn_drop): Dropout(p=0.0, inplace=False)
        (proj): Linear(in_features=1024, out_features=1024, bias=True)
        (proj_drop): Dropout(p=0.0, inplace=False)
      )
      (drop_path): DropPath(p=0.04782608896493912)
      (norm2): LayerNorm((1024,), eps=1e-06, elementwise_affine=True)
      (mlp): Mlp(
        (fc1): Linear(in_features=1024, out_features=4096, bias=True)
        (act): GELU(approximate='none')
        (fc2): Linear(in_features=4096, out_features=1024, bias=True)
        (drop): Dropout(p=0.0, inplace=False)
      )
    )
    (12): Block(
      (norm1): LayerNorm((1024,), eps=1e-06, elementwise_affine=True)
      (attn): Attention(
        (qkv): Linear(in_features=1024, out_features=3072, bias=False)
        (attn_drop): Dropout(p=0.0, inplace=False)
        (proj): Linear(in_features=1024, out_features=1024, bias=True)
        (proj_drop): Dropout(p=0.0, inplace=False)
      )
      (drop_path): DropPath(p=0.052173912525177)
      (norm2): LayerNorm((1024,), eps=1e-06, elementwise_affine=True)
      (mlp): Mlp(
        (fc1): Linear(in_features=1024, out_features=4096, bias=True)
        (act): GELU(approximate='none')
        (fc2): Linear(in_features=4096, out_features=1024, bias=True)
        (drop): Dropout(p=0.0, inplace=False)
      )
    )
    (13): Block(
      (norm1): LayerNorm((1024,), eps=1e-06, elementwise_affine=True)
      (attn): Attention(
        (qkv): Linear(in_features=1024, out_features=3072, bias=False)
        (attn_drop): Dropout(p=0.0, inplace=False)
        (proj): Linear(in_features=1024, out_features=1024, bias=True)
        (proj_drop): Dropout(p=0.0, inplace=False)
      )
      (drop_path): DropPath(p=0.056521736085414886)
      (norm2): LayerNorm((1024,), eps=1e-06, elementwise_affine=True)
      (mlp): Mlp(
        (fc1): Linear(in_features=1024, out_features=4096, bias=True)
        (act): GELU(approximate='none')
        (fc2): Linear(in_features=4096, out_features=1024, bias=True)
        (drop): Dropout(p=0.0, inplace=False)
      )
    )
    (14): Block(
      (norm1): LayerNorm((1024,), eps=1e-06, elementwise_affine=True)
      (attn): Attention(
        (qkv): Linear(in_features=1024, out_features=3072, bias=False)
        (attn_drop): Dropout(p=0.0, inplace=False)
        (proj): Linear(in_features=1024, out_features=1024, bias=True)
        (proj_drop): Dropout(p=0.0, inplace=False)
      )
      (drop_path): DropPath(p=0.06086956337094307)
      (norm2): LayerNorm((1024,), eps=1e-06, elementwise_affine=True)
      (mlp): Mlp(
        (fc1): Linear(in_features=1024, out_features=4096, bias=True)
        (act): GELU(approximate='none')
        (fc2): Linear(in_features=4096, out_features=1024, bias=True)
        (drop): Dropout(p=0.0, inplace=False)
      )
    )
    (15): Block(
      (norm1): LayerNorm((1024,), eps=1e-06, elementwise_affine=True)
      (attn): Attention(
        (qkv): Linear(in_features=1024, out_features=3072, bias=False)
        (attn_drop): Dropout(p=0.0, inplace=False)
        (proj): Linear(in_features=1024, out_features=1024, bias=True)
        (proj_drop): Dropout(p=0.0, inplace=False)
      )
      (drop_path): DropPath(p=0.06521739065647125)
      (norm2): LayerNorm((1024,), eps=1e-06, elementwise_affine=True)
      (mlp): Mlp(
        (fc1): Linear(in_features=1024, out_features=4096, bias=True)
        (act): GELU(approximate='none')
        (fc2): Linear(in_features=4096, out_features=1024, bias=True)
        (drop): Dropout(p=0.0, inplace=False)
      )
    )
    (16): Block(
      (norm1): LayerNorm((1024,), eps=1e-06, elementwise_affine=True)
      (attn): Attention(
        (qkv): Linear(in_features=1024, out_features=3072, bias=False)
        (attn_drop): Dropout(p=0.0, inplace=False)
        (proj): Linear(in_features=1024, out_features=1024, bias=True)
        (proj_drop): Dropout(p=0.0, inplace=False)
      )
      (drop_path): DropPath(p=0.06956521421670914)
      (norm2): LayerNorm((1024,), eps=1e-06, elementwise_affine=True)
      (mlp): Mlp(
        (fc1): Linear(in_features=1024, out_features=4096, bias=True)
        (act): GELU(approximate='none')
        (fc2): Linear(in_features=4096, out_features=1024, bias=True)
        (drop): Dropout(p=0.0, inplace=False)
      )
    )
    (17): Block(
      (norm1): LayerNorm((1024,), eps=1e-06, elementwise_affine=True)
      (attn): Attention(
        (qkv): Linear(in_features=1024, out_features=3072, bias=False)
        (attn_drop): Dropout(p=0.0, inplace=False)
        (proj): Linear(in_features=1024, out_features=1024, bias=True)
        (proj_drop): Dropout(p=0.0, inplace=False)
      )
      (drop_path): DropPath(p=0.07391304522752762)
      (norm2): LayerNorm((1024,), eps=1e-06, elementwise_affine=True)
      (mlp): Mlp(
        (fc1): Linear(in_features=1024, out_features=4096, bias=True)
        (act): GELU(approximate='none')
        (fc2): Linear(in_features=4096, out_features=1024, bias=True)
        (drop): Dropout(p=0.0, inplace=False)
      )
    )
    (18): Block(
      (norm1): LayerNorm((1024,), eps=1e-06, elementwise_affine=True)
      (attn): Attention(
        (qkv): Linear(in_features=1024, out_features=3072, bias=False)
        (attn_drop): Dropout(p=0.0, inplace=False)
        (proj): Linear(in_features=1024, out_features=1024, bias=True)
        (proj_drop): Dropout(p=0.0, inplace=False)
      )
      (drop_path): DropPath(p=0.0782608687877655)
      (norm2): LayerNorm((1024,), eps=1e-06, elementwise_affine=True)
      (mlp): Mlp(
        (fc1): Linear(in_features=1024, out_features=4096, bias=True)
        (act): GELU(approximate='none')
        (fc2): Linear(in_features=4096, out_features=1024, bias=True)
        (drop): Dropout(p=0.0, inplace=False)
      )
    )
    (19): Block(
      (norm1): LayerNorm((1024,), eps=1e-06, elementwise_affine=True)
      (attn): Attention(
        (qkv): Linear(in_features=1024, out_features=3072, bias=False)
        (attn_drop): Dropout(p=0.0, inplace=False)
        (proj): Linear(in_features=1024, out_features=1024, bias=True)
        (proj_drop): Dropout(p=0.0, inplace=False)
      )
      (drop_path): DropPath(p=0.08260869979858398)
      (norm2): LayerNorm((1024,), eps=1e-06, elementwise_affine=True)
      (mlp): Mlp(
        (fc1): Linear(in_features=1024, out_features=4096, bias=True)
        (act): GELU(approximate='none')
        (fc2): Linear(in_features=4096, out_features=1024, bias=True)
        (drop): Dropout(p=0.0, inplace=False)
      )
    )
    (20): Block(
      (norm1): LayerNorm((1024,), eps=1e-06, elementwise_affine=True)
      (attn): Attention(
        (qkv): Linear(in_features=1024, out_features=3072, bias=False)
        (attn_drop): Dropout(p=0.0, inplace=False)
        (proj): Linear(in_features=1024, out_features=1024, bias=True)
        (proj_drop): Dropout(p=0.0, inplace=False)
      )
      (drop_path): DropPath(p=0.08695652335882187)
      (norm2): LayerNorm((1024,), eps=1e-06, elementwise_affine=True)
      (mlp): Mlp(
        (fc1): Linear(in_features=1024, out_features=4096, bias=True)
        (act): GELU(approximate='none')
        (fc2): Linear(in_features=4096, out_features=1024, bias=True)
        (drop): Dropout(p=0.0, inplace=False)
      )
    )
    (21): Block(
      (norm1): LayerNorm((1024,), eps=1e-06, elementwise_affine=True)
      (attn): Attention(
        (qkv): Linear(in_features=1024, out_features=3072, bias=False)
        (attn_drop): Dropout(p=0.0, inplace=False)
        (proj): Linear(in_features=1024, out_features=1024, bias=True)
        (proj_drop): Dropout(p=0.0, inplace=False)
      )
      (drop_path): DropPath(p=0.09130434691905975)
      (norm2): LayerNorm((1024,), eps=1e-06, elementwise_affine=True)
      (mlp): Mlp(
        (fc1): Linear(in_features=1024, out_features=4096, bias=True)
        (act): GELU(approximate='none')
        (fc2): Linear(in_features=4096, out_features=1024, bias=True)
        (drop): Dropout(p=0.0, inplace=False)
      )
    )
    (22): Block(
      (norm1): LayerNorm((1024,), eps=1e-06, elementwise_affine=True)
      (attn): Attention(
        (qkv): Linear(in_features=1024, out_features=3072, bias=False)
        (attn_drop): Dropout(p=0.0, inplace=False)
        (proj): Linear(in_features=1024, out_features=1024, bias=True)
        (proj_drop): Dropout(p=0.0, inplace=False)
      )
      (drop_path): DropPath(p=0.09565217792987823)
      (norm2): LayerNorm((1024,), eps=1e-06, elementwise_affine=True)
      (mlp): Mlp(
        (fc1): Linear(in_features=1024, out_features=4096, bias=True)
        (act): GELU(approximate='none')
        (fc2): Linear(in_features=4096, out_features=1024, bias=True)
        (drop): Dropout(p=0.0, inplace=False)
      )
    )
    (23): Block(
      (norm1): LayerNorm((1024,), eps=1e-06, elementwise_affine=True)
      (attn): Attention(
        (qkv): Linear(in_features=1024, out_features=3072, bias=False)
        (attn_drop): Dropout(p=0.0, inplace=False)
        (proj): Linear(in_features=1024, out_features=1024, bias=True)
        (proj_drop): Dropout(p=0.0, inplace=False)
      )
      (drop_path): DropPath(p=0.10000000149011612)
      (norm2): LayerNorm((1024,), eps=1e-06, elementwise_affine=True)
      (mlp): Mlp(
        (fc1): Linear(in_features=1024, out_features=4096, bias=True)
        (act): GELU(approximate='none')
        (fc2): Linear(in_features=4096, out_features=1024, bias=True)
        (drop): Dropout(p=0.0, inplace=False)
      )
    )
  )
  (norm): LayerNorm((1024,), eps=1e-06, elementwise_affine=True)
  (head): Linear(in_features=1024, out_features=1000, bias=True)
)
normalization method:  imagenet
  [CP] N_k=2929 · 학습 파라미터 backbone 25.2M (blocks (22, 23) + norm) + head 3.0M · drop_path(22,23)=[0.09565217792987823, 0.10000000149011612] · batch=32×accum=1 · epochs=150
normalization method:  imagenet
  [CP] aptos2019 fold1 ep001/150 loss=8.0957 lr=6.67e-06 (62s) · head-only
  [CP] aptos2019 fold1 ep002/150 loss=8.0724 lr=1.33e-05 (62s) · head-only
  [CP] aptos2019 fold1 ep003/150 loss=8.0608 lr=2.00e-05 (62s) · head-only
  [CP] aptos2019 fold1 ep010/150 loss=7.9703 lr=6.67e-05 (62s)
  [CP] aptos2019 fold1 ep020/150 loss=6.9279 lr=9.98e-05 (62s)
  [CP] aptos2019 fold1 ep030/150 loss=5.7118 lr=9.74e-05 (63s)
  [CP] aptos2019 fold1 ep040/150 loss=4.7562 lr=9.24e-05 (62s)
  [CP] aptos2019 fold1 ep050/150 loss=4.2863 lr=8.51e-05 (62s)
  [CP] aptos2019 fold1 ep060/150 loss=4.0295 lr=7.60e-05 (62s)
  [CP] aptos2019 fold1 ep070/150 loss=3.8607 lr=6.55e-05 (62s)
  [CP] aptos2019 fold1 ep080/150 loss=3.7791 lr=5.41e-05 (63s)
  [CP] aptos2019 fold1 ep090/150 loss=3.7191 lr=4.25e-05 (64s)
  [CP] aptos2019 fold1 ep100/150 loss=3.6967 lr=3.13e-05 (63s)
  [CP] aptos2019 fold1 ep110/150 loss=3.6318 lr=2.11e-05 (62s)
  [CP] aptos2019 fold1 ep120/150 loss=3.6187 lr=1.25e-05 (63s)
  [CP] aptos2019 fold1 ep130/150 loss=3.5845 lr=5.85e-06 (65s)
  [CP] aptos2019 fold1 ep140/150 loss=3.5857 lr=1.63e-06 (66s)
  [CP] aptos2019 fold1 ep150/150 loss=3.5611 lr=1.35e-08 (62s)
  [CP] 완료 150 ep · 62.1s/ep · final_loss=3.5611 · GPU peak 2390 MB
normalization method:  imagenet
normalization method:  imagenet
  [extract] 원본 (3662, 1024) → w10_cp_feats_aptos2019_fold1.npy (90s)
normalization method:  imagenet
  [extract] 증강 copy 0 (92s)
  [extract] 증강 copy 1 (92s)
  [extract] 증강 copy 2 (92s)
  [extract] 증강 copy 3 (92s)
  [extract] 증강 (4, 3662, 1024) → w10_cp_augfeats_aptos2019_fold1.npy · copy0 코사인 0.7766
    B0cp fold1: BACC=0.6182 MAE=0.2906 MAE_true=0.5305
    B1cp fold1: BACC=0.6324 MAE=0.2933 MAE_true=0.5123
    B2cp fold1: BACC=0.6350 MAE=0.2647 MAE_true=0.4919
    B3cp fold1: BACC=0.5772 MAE=0.3915 MAE_true=0.5053
    B4cp fold1: BACC=0.6331 MAE=0.2674 MAE_true=0.4838

==============================================================
arm      n_fold     BACC      MCC      MAE  MAE_true
B0cp          2   0.6185   0.6925   0.2865    0.5285
B1cp          2   0.6272   0.6862   0.2906    0.5107
B2cp          2   0.6392   0.7084   0.2722    0.5051
B3cp          2   0.5698   0.5401   0.4147    0.5402
B4cp          2   0.6368   0.7055   0.2606    0.4809
==============================================================

총 163.1 분 · 저장: /home/junkim/paper_ajou_dev/PanDerm/output_dir/p6_regime_f/w10_cp_fold_scores_aptos2019.csv
🔬 w10 E1 (탐색적 · 사후) · 프로토콜 docs/date/2026-09-03_12th_meeting/research_note/w10_unconstrained_methods_protocol.md §3
device=cuda · dataset=aptos2019 · folds=[2] · stage=all · epochs=150 · batch=32×1 · prefix=w10_
→ /home/junkim/paper_ajou_dev/PanDerm/output_dir/p6_regime_f/w10_cp_fold_scores_aptos2019.csv

=== aptos2019 · fold 2 (train 2930 / test 732) ===
/home/junkim/miniconda3/envs/paper/lib/python3.11/site-packages/timm/models/layers/__init__.py:49: FutureWarning: Importing from timm.models.layers is deprecated, please import via timm.layers
  warnings.warn(f"Importing from {__name__} is deprecated, please import via timm.layers", FutureWarning)
/home/junkim/miniconda3/envs/paper/lib/python3.11/site-packages/timm/models/registry.py:4: FutureWarning: Importing from timm.models.registry is deprecated, please import via timm.models
  warnings.warn(f"Importing from {__name__} is deprecated, please import via timm.models", FutureWarning)
/home/junkim/miniconda3/envs/paper/lib/python3.11/site-packages/torch/functional.py:534: UserWarning: torch.meshgrid: in an upcoming release, it will be required to pass the indexing argument. (Triggered internally at ../aten/src/ATen/native/TensorShape.cpp:3595.)
  return _VF.meshgrid(tensors, **kwargs)  # type: ignore[attr-defined]
loading model checkpoint
VisionTransformer(
  (patch_embed): PatchEmbed(
    (proj): Conv2d(3, 1024, kernel_size=(16, 16), stride=(16, 16))
  )
  (pos_drop): Dropout(p=0.0, inplace=False)
  (blocks): ModuleList(
    (0): Block(
      (norm1): LayerNorm((1024,), eps=1e-06, elementwise_affine=True)
      (attn): Attention(
        (qkv): Linear(in_features=1024, out_features=3072, bias=False)
        (attn_drop): Dropout(p=0.0, inplace=False)
        (proj): Linear(in_features=1024, out_features=1024, bias=True)
        (proj_drop): Dropout(p=0.0, inplace=False)
      )
      (drop_path): Identity()
      (norm2): LayerNorm((1024,), eps=1e-06, elementwise_affine=True)
      (mlp): Mlp(
        (fc1): Linear(in_features=1024, out_features=4096, bias=True)
        (act): GELU(approximate='none')
        (fc2): Linear(in_features=4096, out_features=1024, bias=True)
        (drop): Dropout(p=0.0, inplace=False)
      )
    )
    (1): Block(
      (norm1): LayerNorm((1024,), eps=1e-06, elementwise_affine=True)
      (attn): Attention(
        (qkv): Linear(in_features=1024, out_features=3072, bias=False)
        (attn_drop): Dropout(p=0.0, inplace=False)
        (proj): Linear(in_features=1024, out_features=1024, bias=True)
        (proj_drop): Dropout(p=0.0, inplace=False)
      )
      (drop_path): DropPath(p=0.004347826354205608)
      (norm2): LayerNorm((1024,), eps=1e-06, elementwise_affine=True)
      (mlp): Mlp(
        (fc1): Linear(in_features=1024, out_features=4096, bias=True)
        (act): GELU(approximate='none')
        (fc2): Linear(in_features=4096, out_features=1024, bias=True)
        (drop): Dropout(p=0.0, inplace=False)
      )
    )
    (2): Block(
      (norm1): LayerNorm((1024,), eps=1e-06, elementwise_affine=True)
      (attn): Attention(
        (qkv): Linear(in_features=1024, out_features=3072, bias=False)
        (attn_drop): Dropout(p=0.0, inplace=False)
        (proj): Linear(in_features=1024, out_features=1024, bias=True)
        (proj_drop): Dropout(p=0.0, inplace=False)
      )
      (drop_path): DropPath(p=0.008695652708411217)
      (norm2): LayerNorm((1024,), eps=1e-06, elementwise_affine=True)
      (mlp): Mlp(
        (fc1): Linear(in_features=1024, out_features=4096, bias=True)
        (act): GELU(approximate='none')
        (fc2): Linear(in_features=4096, out_features=1024, bias=True)
        (drop): Dropout(p=0.0, inplace=False)
      )
    )
    (3): Block(
      (norm1): LayerNorm((1024,), eps=1e-06, elementwise_affine=True)
      (attn): Attention(
        (qkv): Linear(in_features=1024, out_features=3072, bias=False)
        (attn_drop): Dropout(p=0.0, inplace=False)
        (proj): Linear(in_features=1024, out_features=1024, bias=True)
        (proj_drop): Dropout(p=0.0, inplace=False)
      )
      (drop_path): DropPath(p=0.013043479062616825)
      (norm2): LayerNorm((1024,), eps=1e-06, elementwise_affine=True)
      (mlp): Mlp(
        (fc1): Linear(in_features=1024, out_features=4096, bias=True)
        (act): GELU(approximate='none')
        (fc2): Linear(in_features=4096, out_features=1024, bias=True)
        (drop): Dropout(p=0.0, inplace=False)
      )
    )
    (4): Block(
      (norm1): LayerNorm((1024,), eps=1e-06, elementwise_affine=True)
      (attn): Attention(
        (qkv): Linear(in_features=1024, out_features=3072, bias=False)
        (attn_drop): Dropout(p=0.0, inplace=False)
        (proj): Linear(in_features=1024, out_features=1024, bias=True)
        (proj_drop): Dropout(p=0.0, inplace=False)
      )
      (drop_path): DropPath(p=0.017391305416822433)
      (norm2): LayerNorm((1024,), eps=1e-06, elementwise_affine=True)
      (mlp): Mlp(
        (fc1): Linear(in_features=1024, out_features=4096, bias=True)
        (act): GELU(approximate='none')
        (fc2): Linear(in_features=4096, out_features=1024, bias=True)
        (drop): Dropout(p=0.0, inplace=False)
      )
    )
    (5): Block(
      (norm1): LayerNorm((1024,), eps=1e-06, elementwise_affine=True)
      (attn): Attention(
        (qkv): Linear(in_features=1024, out_features=3072, bias=False)
        (attn_drop): Dropout(p=0.0, inplace=False)
        (proj): Linear(in_features=1024, out_features=1024, bias=True)
        (proj_drop): Dropout(p=0.0, inplace=False)
      )
      (drop_path): DropPath(p=0.021739132702350616)
      (norm2): LayerNorm((1024,), eps=1e-06, elementwise_affine=True)
      (mlp): Mlp(
        (fc1): Linear(in_features=1024, out_features=4096, bias=True)
        (act): GELU(approximate='none')
        (fc2): Linear(in_features=4096, out_features=1024, bias=True)
        (drop): Dropout(p=0.0, inplace=False)
      )
    )
    (6): Block(
      (norm1): LayerNorm((1024,), eps=1e-06, elementwise_affine=True)
      (attn): Attention(
        (qkv): Linear(in_features=1024, out_features=3072, bias=False)
        (attn_drop): Dropout(p=0.0, inplace=False)
        (proj): Linear(in_features=1024, out_features=1024, bias=True)
        (proj_drop): Dropout(p=0.0, inplace=False)
      )
      (drop_path): DropPath(p=0.02608695812523365)
      (norm2): LayerNorm((1024,), eps=1e-06, elementwise_affine=True)
      (mlp): Mlp(
        (fc1): Linear(in_features=1024, out_features=4096, bias=True)
        (act): GELU(approximate='none')
        (fc2): Linear(in_features=4096, out_features=1024, bias=True)
        (drop): Dropout(p=0.0, inplace=False)
      )
    )
    (7): Block(
      (norm1): LayerNorm((1024,), eps=1e-06, elementwise_affine=True)
      (attn): Attention(
        (qkv): Linear(in_features=1024, out_features=3072, bias=False)
        (attn_drop): Dropout(p=0.0, inplace=False)
        (proj): Linear(in_features=1024, out_features=1024, bias=True)
        (proj_drop): Dropout(p=0.0, inplace=False)
      )
      (drop_path): DropPath(p=0.030434783548116684)
      (norm2): LayerNorm((1024,), eps=1e-06, elementwise_affine=True)
      (mlp): Mlp(
        (fc1): Linear(in_features=1024, out_features=4096, bias=True)
        (act): GELU(approximate='none')
        (fc2): Linear(in_features=4096, out_features=1024, bias=True)
        (drop): Dropout(p=0.0, inplace=False)
      )
    )
    (8): Block(
      (norm1): LayerNorm((1024,), eps=1e-06, elementwise_affine=True)
      (attn): Attention(
        (qkv): Linear(in_features=1024, out_features=3072, bias=False)
        (attn_drop): Dropout(p=0.0, inplace=False)
        (proj): Linear(in_features=1024, out_features=1024, bias=True)
        (proj_drop): Dropout(p=0.0, inplace=False)
      )
      (drop_path): DropPath(p=0.03478261083364487)
      (norm2): LayerNorm((1024,), eps=1e-06, elementwise_affine=True)
      (mlp): Mlp(
        (fc1): Linear(in_features=1024, out_features=4096, bias=True)
        (act): GELU(approximate='none')
        (fc2): Linear(in_features=4096, out_features=1024, bias=True)
        (drop): Dropout(p=0.0, inplace=False)
      )
    )
    (9): Block(
      (norm1): LayerNorm((1024,), eps=1e-06, elementwise_affine=True)
      (attn): Attention(
        (qkv): Linear(in_features=1024, out_features=3072, bias=False)
        (attn_drop): Dropout(p=0.0, inplace=False)
        (proj): Linear(in_features=1024, out_features=1024, bias=True)
        (proj_drop): Dropout(p=0.0, inplace=False)
      )
      (drop_path): DropPath(p=0.03913043811917305)
      (norm2): LayerNorm((1024,), eps=1e-06, elementwise_affine=True)
      (mlp): Mlp(
        (fc1): Linear(in_features=1024, out_features=4096, bias=True)
        (act): GELU(approximate='none')
        (fc2): Linear(in_features=4096, out_features=1024, bias=True)
        (drop): Dropout(p=0.0, inplace=False)
      )
    )
    (10): Block(
      (norm1): LayerNorm((1024,), eps=1e-06, elementwise_affine=True)
      (attn): Attention(
        (qkv): Linear(in_features=1024, out_features=3072, bias=False)
        (attn_drop): Dropout(p=0.0, inplace=False)
        (proj): Linear(in_features=1024, out_features=1024, bias=True)
        (proj_drop): Dropout(p=0.0, inplace=False)
      )
      (drop_path): DropPath(p=0.04347826540470123)
      (norm2): LayerNorm((1024,), eps=1e-06, elementwise_affine=True)
      (mlp): Mlp(
        (fc1): Linear(in_features=1024, out_features=4096, bias=True)
        (act): GELU(approximate='none')
        (fc2): Linear(in_features=4096, out_features=1024, bias=True)
        (drop): Dropout(p=0.0, inplace=False)
      )
    )
    (11): Block(
      (norm1): LayerNorm((1024,), eps=1e-06, elementwise_affine=True)
      (attn): Attention(
        (qkv): Linear(in_features=1024, out_features=3072, bias=False)
        (attn_drop): Dropout(p=0.0, inplace=False)
        (proj): Linear(in_features=1024, out_features=1024, bias=True)
        (proj_drop): Dropout(p=0.0, inplace=False)
      )
      (drop_path): DropPath(p=0.04782608896493912)
      (norm2): LayerNorm((1024,), eps=1e-06, elementwise_affine=True)
      (mlp): Mlp(
        (fc1): Linear(in_features=1024, out_features=4096, bias=True)
        (act): GELU(approximate='none')
        (fc2): Linear(in_features=4096, out_features=1024, bias=True)
        (drop): Dropout(p=0.0, inplace=False)
      )
    )
    (12): Block(
      (norm1): LayerNorm((1024,), eps=1e-06, elementwise_affine=True)
      (attn): Attention(
        (qkv): Linear(in_features=1024, out_features=3072, bias=False)
        (attn_drop): Dropout(p=0.0, inplace=False)
        (proj): Linear(in_features=1024, out_features=1024, bias=True)
        (proj_drop): Dropout(p=0.0, inplace=False)
      )
      (drop_path): DropPath(p=0.052173912525177)
      (norm2): LayerNorm((1024,), eps=1e-06, elementwise_affine=True)
      (mlp): Mlp(
        (fc1): Linear(in_features=1024, out_features=4096, bias=True)
        (act): GELU(approximate='none')
        (fc2): Linear(in_features=4096, out_features=1024, bias=True)
        (drop): Dropout(p=0.0, inplace=False)
      )
    )
    (13): Block(
      (norm1): LayerNorm((1024,), eps=1e-06, elementwise_affine=True)
      (attn): Attention(
        (qkv): Linear(in_features=1024, out_features=3072, bias=False)
        (attn_drop): Dropout(p=0.0, inplace=False)
        (proj): Linear(in_features=1024, out_features=1024, bias=True)
        (proj_drop): Dropout(p=0.0, inplace=False)
      )
      (drop_path): DropPath(p=0.056521736085414886)
      (norm2): LayerNorm((1024,), eps=1e-06, elementwise_affine=True)
      (mlp): Mlp(
        (fc1): Linear(in_features=1024, out_features=4096, bias=True)
        (act): GELU(approximate='none')
        (fc2): Linear(in_features=4096, out_features=1024, bias=True)
        (drop): Dropout(p=0.0, inplace=False)
      )
    )
    (14): Block(
      (norm1): LayerNorm((1024,), eps=1e-06, elementwise_affine=True)
      (attn): Attention(
        (qkv): Linear(in_features=1024, out_features=3072, bias=False)
        (attn_drop): Dropout(p=0.0, inplace=False)
        (proj): Linear(in_features=1024, out_features=1024, bias=True)
        (proj_drop): Dropout(p=0.0, inplace=False)
      )
      (drop_path): DropPath(p=0.06086956337094307)
      (norm2): LayerNorm((1024,), eps=1e-06, elementwise_affine=True)
      (mlp): Mlp(
        (fc1): Linear(in_features=1024, out_features=4096, bias=True)
        (act): GELU(approximate='none')
        (fc2): Linear(in_features=4096, out_features=1024, bias=True)
        (drop): Dropout(p=0.0, inplace=False)
      )
    )
    (15): Block(
      (norm1): LayerNorm((1024,), eps=1e-06, elementwise_affine=True)
      (attn): Attention(
        (qkv): Linear(in_features=1024, out_features=3072, bias=False)
        (attn_drop): Dropout(p=0.0, inplace=False)
        (proj): Linear(in_features=1024, out_features=1024, bias=True)
        (proj_drop): Dropout(p=0.0, inplace=False)
      )
      (drop_path): DropPath(p=0.06521739065647125)
      (norm2): LayerNorm((1024,), eps=1e-06, elementwise_affine=True)
      (mlp): Mlp(
        (fc1): Linear(in_features=1024, out_features=4096, bias=True)
        (act): GELU(approximate='none')
        (fc2): Linear(in_features=4096, out_features=1024, bias=True)
        (drop): Dropout(p=0.0, inplace=False)
      )
    )
    (16): Block(
      (norm1): LayerNorm((1024,), eps=1e-06, elementwise_affine=True)
      (attn): Attention(
        (qkv): Linear(in_features=1024, out_features=3072, bias=False)
        (attn_drop): Dropout(p=0.0, inplace=False)
        (proj): Linear(in_features=1024, out_features=1024, bias=True)
        (proj_drop): Dropout(p=0.0, inplace=False)
      )
      (drop_path): DropPath(p=0.06956521421670914)
      (norm2): LayerNorm((1024,), eps=1e-06, elementwise_affine=True)
      (mlp): Mlp(
        (fc1): Linear(in_features=1024, out_features=4096, bias=True)
        (act): GELU(approximate='none')
        (fc2): Linear(in_features=4096, out_features=1024, bias=True)
        (drop): Dropout(p=0.0, inplace=False)
      )
    )
    (17): Block(
      (norm1): LayerNorm((1024,), eps=1e-06, elementwise_affine=True)
      (attn): Attention(
        (qkv): Linear(in_features=1024, out_features=3072, bias=False)
        (attn_drop): Dropout(p=0.0, inplace=False)
        (proj): Linear(in_features=1024, out_features=1024, bias=True)
        (proj_drop): Dropout(p=0.0, inplace=False)
      )
      (drop_path): DropPath(p=0.07391304522752762)
      (norm2): LayerNorm((1024,), eps=1e-06, elementwise_affine=True)
      (mlp): Mlp(
        (fc1): Linear(in_features=1024, out_features=4096, bias=True)
        (act): GELU(approximate='none')
        (fc2): Linear(in_features=4096, out_features=1024, bias=True)
        (drop): Dropout(p=0.0, inplace=False)
      )
    )
    (18): Block(
      (norm1): LayerNorm((1024,), eps=1e-06, elementwise_affine=True)
      (attn): Attention(
        (qkv): Linear(in_features=1024, out_features=3072, bias=False)
        (attn_drop): Dropout(p=0.0, inplace=False)
        (proj): Linear(in_features=1024, out_features=1024, bias=True)
        (proj_drop): Dropout(p=0.0, inplace=False)
      )
      (drop_path): DropPath(p=0.0782608687877655)
      (norm2): LayerNorm((1024,), eps=1e-06, elementwise_affine=True)
      (mlp): Mlp(
        (fc1): Linear(in_features=1024, out_features=4096, bias=True)
        (act): GELU(approximate='none')
        (fc2): Linear(in_features=4096, out_features=1024, bias=True)
        (drop): Dropout(p=0.0, inplace=False)
      )
    )
    (19): Block(
      (norm1): LayerNorm((1024,), eps=1e-06, elementwise_affine=True)
      (attn): Attention(
        (qkv): Linear(in_features=1024, out_features=3072, bias=False)
        (attn_drop): Dropout(p=0.0, inplace=False)
        (proj): Linear(in_features=1024, out_features=1024, bias=True)
        (proj_drop): Dropout(p=0.0, inplace=False)
      )
      (drop_path): DropPath(p=0.08260869979858398)
      (norm2): LayerNorm((1024,), eps=1e-06, elementwise_affine=True)
      (mlp): Mlp(
        (fc1): Linear(in_features=1024, out_features=4096, bias=True)
        (act): GELU(approximate='none')
        (fc2): Linear(in_features=4096, out_features=1024, bias=True)
        (drop): Dropout(p=0.0, inplace=False)
      )
    )
    (20): Block(
      (norm1): LayerNorm((1024,), eps=1e-06, elementwise_affine=True)
      (attn): Attention(
        (qkv): Linear(in_features=1024, out_features=3072, bias=False)
        (attn_drop): Dropout(p=0.0, inplace=False)
        (proj): Linear(in_features=1024, out_features=1024, bias=True)
        (proj_drop): Dropout(p=0.0, inplace=False)
      )
      (drop_path): DropPath(p=0.08695652335882187)
      (norm2): LayerNorm((1024,), eps=1e-06, elementwise_affine=True)
      (mlp): Mlp(
        (fc1): Linear(in_features=1024, out_features=4096, bias=True)
        (act): GELU(approximate='none')
        (fc2): Linear(in_features=4096, out_features=1024, bias=True)
        (drop): Dropout(p=0.0, inplace=False)
      )
    )
    (21): Block(
      (norm1): LayerNorm((1024,), eps=1e-06, elementwise_affine=True)
      (attn): Attention(
        (qkv): Linear(in_features=1024, out_features=3072, bias=False)
        (attn_drop): Dropout(p=0.0, inplace=False)
        (proj): Linear(in_features=1024, out_features=1024, bias=True)
        (proj_drop): Dropout(p=0.0, inplace=False)
      )
      (drop_path): DropPath(p=0.09130434691905975)
      (norm2): LayerNorm((1024,), eps=1e-06, elementwise_affine=True)
      (mlp): Mlp(
        (fc1): Linear(in_features=1024, out_features=4096, bias=True)
        (act): GELU(approximate='none')
        (fc2): Linear(in_features=4096, out_features=1024, bias=True)
        (drop): Dropout(p=0.0, inplace=False)
      )
    )
    (22): Block(
      (norm1): LayerNorm((1024,), eps=1e-06, elementwise_affine=True)
      (attn): Attention(
        (qkv): Linear(in_features=1024, out_features=3072, bias=False)
        (attn_drop): Dropout(p=0.0, inplace=False)
        (proj): Linear(in_features=1024, out_features=1024, bias=True)
        (proj_drop): Dropout(p=0.0, inplace=False)
      )
      (drop_path): DropPath(p=0.09565217792987823)
      (norm2): LayerNorm((1024,), eps=1e-06, elementwise_affine=True)
      (mlp): Mlp(
        (fc1): Linear(in_features=1024, out_features=4096, bias=True)
        (act): GELU(approximate='none')
        (fc2): Linear(in_features=4096, out_features=1024, bias=True)
        (drop): Dropout(p=0.0, inplace=False)
      )
    )
    (23): Block(
      (norm1): LayerNorm((1024,), eps=1e-06, elementwise_affine=True)
      (attn): Attention(
        (qkv): Linear(in_features=1024, out_features=3072, bias=False)
        (attn_drop): Dropout(p=0.0, inplace=False)
        (proj): Linear(in_features=1024, out_features=1024, bias=True)
        (proj_drop): Dropout(p=0.0, inplace=False)
      )
      (drop_path): DropPath(p=0.10000000149011612)
      (norm2): LayerNorm((1024,), eps=1e-06, elementwise_affine=True)
      (mlp): Mlp(
        (fc1): Linear(in_features=1024, out_features=4096, bias=True)
        (act): GELU(approximate='none')
        (fc2): Linear(in_features=4096, out_features=1024, bias=True)
        (drop): Dropout(p=0.0, inplace=False)
      )
    )
  )
  (norm): LayerNorm((1024,), eps=1e-06, elementwise_affine=True)
  (head): Linear(in_features=1024, out_features=1000, bias=True)
)
normalization method:  imagenet
  [CP] N_k=2930 · 학습 파라미터 backbone 25.2M (blocks (22, 23) + norm) + head 3.0M · drop_path(22,23)=[0.09565217792987823, 0.10000000149011612] · batch=32×accum=1 · epochs=150
normalization method:  imagenet
  [CP] aptos2019 fold2 ep001/150 loss=8.0948 lr=6.67e-06 (62s) · head-only
  [CP] aptos2019 fold2 ep002/150 loss=8.0719 lr=1.33e-05 (62s) · head-only
  [CP] aptos2019 fold2 ep003/150 loss=8.0646 lr=2.00e-05 (62s) · head-only
  [CP] aptos2019 fold2 ep010/150 loss=7.9703 lr=6.67e-05 (62s)
  [CP] aptos2019 fold2 ep020/150 loss=6.9324 lr=9.98e-05 (62s)
  [CP] aptos2019 fold2 ep030/150 loss=5.6843 lr=9.74e-05 (63s)
  [CP] aptos2019 fold2 ep040/150 loss=4.7249 lr=9.24e-05 (61s)
  [CP] aptos2019 fold2 ep050/150 loss=4.2269 lr=8.51e-05 (61s)
  [CP] aptos2019 fold2 ep060/150 loss=4.0005 lr=7.60e-05 (63s)
  [CP] aptos2019 fold2 ep070/150 loss=3.8699 lr=6.55e-05 (62s)
  [CP] aptos2019 fold2 ep080/150 loss=3.8161 lr=5.41e-05 (62s)
  [CP] aptos2019 fold2 ep090/150 loss=3.7166 lr=4.25e-05 (61s)
  [CP] aptos2019 fold2 ep100/150 loss=3.6725 lr=3.13e-05 (61s)
  [CP] aptos2019 fold2 ep110/150 loss=3.6107 lr=2.11e-05 (65s)
  [CP] aptos2019 fold2 ep120/150 loss=3.6009 lr=1.25e-05 (62s)
  [CP] aptos2019 fold2 ep130/150 loss=3.5985 lr=5.85e-06 (62s)
  [CP] aptos2019 fold2 ep140/150 loss=3.5878 lr=1.63e-06 (62s)
  [CP] aptos2019 fold2 ep150/150 loss=3.5905 lr=1.35e-08 (61s)
  [CP] 완료 150 ep · 62.4s/ep · final_loss=3.5905 · GPU peak 2392 MB
normalization method:  imagenet
normalization method:  imagenet
  [extract] 원본 (3662, 1024) → w10_cp_feats_aptos2019_fold2.npy (89s)
normalization method:  imagenet
  [extract] 증강 copy 0 (94s)
  [extract] 증강 copy 1 (94s)
  [extract] 증강 copy 2 (94s)
  [extract] 증강 copy 3 (93s)
  [extract] 증강 (4, 3662, 1024) → w10_cp_augfeats_aptos2019_fold2.npy · copy0 코사인 0.7771
    B0cp fold2: BACC=0.6166 MAE=0.2855 MAE_true=0.5182
    B1cp fold2: BACC=0.6109 MAE=0.3033 MAE_true=0.5248
    B2cp fold2: BACC=0.6046 MAE=0.2978 MAE_true=0.5528
    B3cp fold2: BACC=0.5994 MAE=0.4071 MAE_true=0.4965
    B4cp fold2: BACC=0.6383 MAE=0.2787 MAE_true=0.4922

==============================================================
arm      n_fold     BACC      MCC      MAE  MAE_true
B0cp          3   0.6178   0.6910   0.2862    0.5250
B1cp          3   0.6218   0.6817   0.2948    0.5154
B2cp          3   0.6277   0.6989   0.2807    0.5210
B3cp          3   0.5796   0.5419   0.4122    0.5257
B4cp          3   0.6373   0.7021   0.2666    0.4847
==============================================================

총 164.0 분 · 저장: /home/junkim/paper_ajou_dev/PanDerm/output_dir/p6_regime_f/w10_cp_fold_scores_aptos2019.csv
🔬 w10 E1 (탐색적 · 사후) · 프로토콜 docs/date/2026-09-03_12th_meeting/research_note/w10_unconstrained_methods_protocol.md §3
device=cuda · dataset=aptos2019 · folds=[3] · stage=all · epochs=150 · batch=32×1 · prefix=w10_
→ /home/junkim/paper_ajou_dev/PanDerm/output_dir/p6_regime_f/w10_cp_fold_scores_aptos2019.csv

=== aptos2019 · fold 3 (train 2930 / test 732) ===
/home/junkim/miniconda3/envs/paper/lib/python3.11/site-packages/timm/models/layers/__init__.py:49: FutureWarning: Importing from timm.models.layers is deprecated, please import via timm.layers
  warnings.warn(f"Importing from {__name__} is deprecated, please import via timm.layers", FutureWarning)
/home/junkim/miniconda3/envs/paper/lib/python3.11/site-packages/timm/models/registry.py:4: FutureWarning: Importing from timm.models.registry is deprecated, please import via timm.models
  warnings.warn(f"Importing from {__name__} is deprecated, please import via timm.models", FutureWarning)
/home/junkim/miniconda3/envs/paper/lib/python3.11/site-packages/torch/functional.py:534: UserWarning: torch.meshgrid: in an upcoming release, it will be required to pass the indexing argument. (Triggered internally at ../aten/src/ATen/native/TensorShape.cpp:3595.)
  return _VF.meshgrid(tensors, **kwargs)  # type: ignore[attr-defined]
loading model checkpoint
VisionTransformer(
  (patch_embed): PatchEmbed(
    (proj): Conv2d(3, 1024, kernel_size=(16, 16), stride=(16, 16))
  )
  (pos_drop): Dropout(p=0.0, inplace=False)
  (blocks): ModuleList(
    (0): Block(
      (norm1): LayerNorm((1024,), eps=1e-06, elementwise_affine=True)
      (attn): Attention(
        (qkv): Linear(in_features=1024, out_features=3072, bias=False)
        (attn_drop): Dropout(p=0.0, inplace=False)
        (proj): Linear(in_features=1024, out_features=1024, bias=True)
        (proj_drop): Dropout(p=0.0, inplace=False)
      )
      (drop_path): Identity()
      (norm2): LayerNorm((1024,), eps=1e-06, elementwise_affine=True)
      (mlp): Mlp(
        (fc1): Linear(in_features=1024, out_features=4096, bias=True)
        (act): GELU(approximate='none')
        (fc2): Linear(in_features=4096, out_features=1024, bias=True)
        (drop): Dropout(p=0.0, inplace=False)
      )
    )
    (1): Block(
      (norm1): LayerNorm((1024,), eps=1e-06, elementwise_affine=True)
      (attn): Attention(
        (qkv): Linear(in_features=1024, out_features=3072, bias=False)
        (attn_drop): Dropout(p=0.0, inplace=False)
        (proj): Linear(in_features=1024, out_features=1024, bias=True)
        (proj_drop): Dropout(p=0.0, inplace=False)
      )
      (drop_path): DropPath(p=0.004347826354205608)
      (norm2): LayerNorm((1024,), eps=1e-06, elementwise_affine=True)
      (mlp): Mlp(
        (fc1): Linear(in_features=1024, out_features=4096, bias=True)
        (act): GELU(approximate='none')
        (fc2): Linear(in_features=4096, out_features=1024, bias=True)
        (drop): Dropout(p=0.0, inplace=False)
      )
    )
    (2): Block(
      (norm1): LayerNorm((1024,), eps=1e-06, elementwise_affine=True)
      (attn): Attention(
        (qkv): Linear(in_features=1024, out_features=3072, bias=False)
        (attn_drop): Dropout(p=0.0, inplace=False)
        (proj): Linear(in_features=1024, out_features=1024, bias=True)
        (proj_drop): Dropout(p=0.0, inplace=False)
      )
      (drop_path): DropPath(p=0.008695652708411217)
      (norm2): LayerNorm((1024,), eps=1e-06, elementwise_affine=True)
      (mlp): Mlp(
        (fc1): Linear(in_features=1024, out_features=4096, bias=True)
        (act): GELU(approximate='none')
        (fc2): Linear(in_features=4096, out_features=1024, bias=True)
        (drop): Dropout(p=0.0, inplace=False)
      )
    )
    (3): Block(
      (norm1): LayerNorm((1024,), eps=1e-06, elementwise_affine=True)
      (attn): Attention(
        (qkv): Linear(in_features=1024, out_features=3072, bias=False)
        (attn_drop): Dropout(p=0.0, inplace=False)
        (proj): Linear(in_features=1024, out_features=1024, bias=True)
        (proj_drop): Dropout(p=0.0, inplace=False)
      )
      (drop_path): DropPath(p=0.013043479062616825)
      (norm2): LayerNorm((1024,), eps=1e-06, elementwise_affine=True)
      (mlp): Mlp(
        (fc1): Linear(in_features=1024, out_features=4096, bias=True)
        (act): GELU(approximate='none')
        (fc2): Linear(in_features=4096, out_features=1024, bias=True)
        (drop): Dropout(p=0.0, inplace=False)
      )
    )
    (4): Block(
      (norm1): LayerNorm((1024,), eps=1e-06, elementwise_affine=True)
      (attn): Attention(
        (qkv): Linear(in_features=1024, out_features=3072, bias=False)
        (attn_drop): Dropout(p=0.0, inplace=False)
        (proj): Linear(in_features=1024, out_features=1024, bias=True)
        (proj_drop): Dropout(p=0.0, inplace=False)
      )
      (drop_path): DropPath(p=0.017391305416822433)
      (norm2): LayerNorm((1024,), eps=1e-06, elementwise_affine=True)
      (mlp): Mlp(
        (fc1): Linear(in_features=1024, out_features=4096, bias=True)
        (act): GELU(approximate='none')
        (fc2): Linear(in_features=4096, out_features=1024, bias=True)
        (drop): Dropout(p=0.0, inplace=False)
      )
    )
    (5): Block(
      (norm1): LayerNorm((1024,), eps=1e-06, elementwise_affine=True)
      (attn): Attention(
        (qkv): Linear(in_features=1024, out_features=3072, bias=False)
        (attn_drop): Dropout(p=0.0, inplace=False)
        (proj): Linear(in_features=1024, out_features=1024, bias=True)
        (proj_drop): Dropout(p=0.0, inplace=False)
      )
      (drop_path): DropPath(p=0.021739132702350616)
      (norm2): LayerNorm((1024,), eps=1e-06, elementwise_affine=True)
      (mlp): Mlp(
        (fc1): Linear(in_features=1024, out_features=4096, bias=True)
        (act): GELU(approximate='none')
        (fc2): Linear(in_features=4096, out_features=1024, bias=True)
        (drop): Dropout(p=0.0, inplace=False)
      )
    )
    (6): Block(
      (norm1): LayerNorm((1024,), eps=1e-06, elementwise_affine=True)
      (attn): Attention(
        (qkv): Linear(in_features=1024, out_features=3072, bias=False)
        (attn_drop): Dropout(p=0.0, inplace=False)
        (proj): Linear(in_features=1024, out_features=1024, bias=True)
        (proj_drop): Dropout(p=0.0, inplace=False)
      )
      (drop_path): DropPath(p=0.02608695812523365)
      (norm2): LayerNorm((1024,), eps=1e-06, elementwise_affine=True)
      (mlp): Mlp(
        (fc1): Linear(in_features=1024, out_features=4096, bias=True)
        (act): GELU(approximate='none')
        (fc2): Linear(in_features=4096, out_features=1024, bias=True)
        (drop): Dropout(p=0.0, inplace=False)
      )
    )
    (7): Block(
      (norm1): LayerNorm((1024,), eps=1e-06, elementwise_affine=True)
      (attn): Attention(
        (qkv): Linear(in_features=1024, out_features=3072, bias=False)
        (attn_drop): Dropout(p=0.0, inplace=False)
        (proj): Linear(in_features=1024, out_features=1024, bias=True)
        (proj_drop): Dropout(p=0.0, inplace=False)
      )
      (drop_path): DropPath(p=0.030434783548116684)
      (norm2): LayerNorm((1024,), eps=1e-06, elementwise_affine=True)
      (mlp): Mlp(
        (fc1): Linear(in_features=1024, out_features=4096, bias=True)
        (act): GELU(approximate='none')
        (fc2): Linear(in_features=4096, out_features=1024, bias=True)
        (drop): Dropout(p=0.0, inplace=False)
      )
    )
    (8): Block(
      (norm1): LayerNorm((1024,), eps=1e-06, elementwise_affine=True)
      (attn): Attention(
        (qkv): Linear(in_features=1024, out_features=3072, bias=False)
        (attn_drop): Dropout(p=0.0, inplace=False)
        (proj): Linear(in_features=1024, out_features=1024, bias=True)
        (proj_drop): Dropout(p=0.0, inplace=False)
      )
      (drop_path): DropPath(p=0.03478261083364487)
      (norm2): LayerNorm((1024,), eps=1e-06, elementwise_affine=True)
      (mlp): Mlp(
        (fc1): Linear(in_features=1024, out_features=4096, bias=True)
        (act): GELU(approximate='none')
        (fc2): Linear(in_features=4096, out_features=1024, bias=True)
        (drop): Dropout(p=0.0, inplace=False)
      )
    )
    (9): Block(
      (norm1): LayerNorm((1024,), eps=1e-06, elementwise_affine=True)
      (attn): Attention(
        (qkv): Linear(in_features=1024, out_features=3072, bias=False)
        (attn_drop): Dropout(p=0.0, inplace=False)
        (proj): Linear(in_features=1024, out_features=1024, bias=True)
        (proj_drop): Dropout(p=0.0, inplace=False)
      )
      (drop_path): DropPath(p=0.03913043811917305)
      (norm2): LayerNorm((1024,), eps=1e-06, elementwise_affine=True)
      (mlp): Mlp(
        (fc1): Linear(in_features=1024, out_features=4096, bias=True)
        (act): GELU(approximate='none')
        (fc2): Linear(in_features=4096, out_features=1024, bias=True)
        (drop): Dropout(p=0.0, inplace=False)
      )
    )
    (10): Block(
      (norm1): LayerNorm((1024,), eps=1e-06, elementwise_affine=True)
      (attn): Attention(
        (qkv): Linear(in_features=1024, out_features=3072, bias=False)
        (attn_drop): Dropout(p=0.0, inplace=False)
        (proj): Linear(in_features=1024, out_features=1024, bias=True)
        (proj_drop): Dropout(p=0.0, inplace=False)
      )
      (drop_path): DropPath(p=0.04347826540470123)
      (norm2): LayerNorm((1024,), eps=1e-06, elementwise_affine=True)
      (mlp): Mlp(
        (fc1): Linear(in_features=1024, out_features=4096, bias=True)
        (act): GELU(approximate='none')
        (fc2): Linear(in_features=4096, out_features=1024, bias=True)
        (drop): Dropout(p=0.0, inplace=False)
      )
    )
    (11): Block(
      (norm1): LayerNorm((1024,), eps=1e-06, elementwise_affine=True)
      (attn): Attention(
        (qkv): Linear(in_features=1024, out_features=3072, bias=False)
        (attn_drop): Dropout(p=0.0, inplace=False)
        (proj): Linear(in_features=1024, out_features=1024, bias=True)
        (proj_drop): Dropout(p=0.0, inplace=False)
      )
      (drop_path): DropPath(p=0.04782608896493912)
      (norm2): LayerNorm((1024,), eps=1e-06, elementwise_affine=True)
      (mlp): Mlp(
        (fc1): Linear(in_features=1024, out_features=4096, bias=True)
        (act): GELU(approximate='none')
        (fc2): Linear(in_features=4096, out_features=1024, bias=True)
        (drop): Dropout(p=0.0, inplace=False)
      )
    )
    (12): Block(
      (norm1): LayerNorm((1024,), eps=1e-06, elementwise_affine=True)
      (attn): Attention(
        (qkv): Linear(in_features=1024, out_features=3072, bias=False)
        (attn_drop): Dropout(p=0.0, inplace=False)
        (proj): Linear(in_features=1024, out_features=1024, bias=True)
        (proj_drop): Dropout(p=0.0, inplace=False)
      )
      (drop_path): DropPath(p=0.052173912525177)
      (norm2): LayerNorm((1024,), eps=1e-06, elementwise_affine=True)
      (mlp): Mlp(
        (fc1): Linear(in_features=1024, out_features=4096, bias=True)
        (act): GELU(approximate='none')
        (fc2): Linear(in_features=4096, out_features=1024, bias=True)
        (drop): Dropout(p=0.0, inplace=False)
      )
    )
    (13): Block(
      (norm1): LayerNorm((1024,), eps=1e-06, elementwise_affine=True)
      (attn): Attention(
        (qkv): Linear(in_features=1024, out_features=3072, bias=False)
        (attn_drop): Dropout(p=0.0, inplace=False)
        (proj): Linear(in_features=1024, out_features=1024, bias=True)
        (proj_drop): Dropout(p=0.0, inplace=False)
      )
      (drop_path): DropPath(p=0.056521736085414886)
      (norm2): LayerNorm((1024,), eps=1e-06, elementwise_affine=True)
      (mlp): Mlp(
        (fc1): Linear(in_features=1024, out_features=4096, bias=True)
        (act): GELU(approximate='none')
        (fc2): Linear(in_features=4096, out_features=1024, bias=True)
        (drop): Dropout(p=0.0, inplace=False)
      )
    )
    (14): Block(
      (norm1): LayerNorm((1024,), eps=1e-06, elementwise_affine=True)
      (attn): Attention(
        (qkv): Linear(in_features=1024, out_features=3072, bias=False)
        (attn_drop): Dropout(p=0.0, inplace=False)
        (proj): Linear(in_features=1024, out_features=1024, bias=True)
        (proj_drop): Dropout(p=0.0, inplace=False)
      )
      (drop_path): DropPath(p=0.06086956337094307)
      (norm2): LayerNorm((1024,), eps=1e-06, elementwise_affine=True)
      (mlp): Mlp(
        (fc1): Linear(in_features=1024, out_features=4096, bias=True)
        (act): GELU(approximate='none')
        (fc2): Linear(in_features=4096, out_features=1024, bias=True)
        (drop): Dropout(p=0.0, inplace=False)
      )
    )
    (15): Block(
      (norm1): LayerNorm((1024,), eps=1e-06, elementwise_affine=True)
      (attn): Attention(
        (qkv): Linear(in_features=1024, out_features=3072, bias=False)
        (attn_drop): Dropout(p=0.0, inplace=False)
        (proj): Linear(in_features=1024, out_features=1024, bias=True)
        (proj_drop): Dropout(p=0.0, inplace=False)
      )
      (drop_path): DropPath(p=0.06521739065647125)
      (norm2): LayerNorm((1024,), eps=1e-06, elementwise_affine=True)
      (mlp): Mlp(
        (fc1): Linear(in_features=1024, out_features=4096, bias=True)
        (act): GELU(approximate='none')
        (fc2): Linear(in_features=4096, out_features=1024, bias=True)
        (drop): Dropout(p=0.0, inplace=False)
      )
    )
    (16): Block(
      (norm1): LayerNorm((1024,), eps=1e-06, elementwise_affine=True)
      (attn): Attention(
        (qkv): Linear(in_features=1024, out_features=3072, bias=False)
        (attn_drop): Dropout(p=0.0, inplace=False)
        (proj): Linear(in_features=1024, out_features=1024, bias=True)
        (proj_drop): Dropout(p=0.0, inplace=False)
      )
      (drop_path): DropPath(p=0.06956521421670914)
      (norm2): LayerNorm((1024,), eps=1e-06, elementwise_affine=True)
      (mlp): Mlp(
        (fc1): Linear(in_features=1024, out_features=4096, bias=True)
        (act): GELU(approximate='none')
        (fc2): Linear(in_features=4096, out_features=1024, bias=True)
        (drop): Dropout(p=0.0, inplace=False)
      )
    )
    (17): Block(
      (norm1): LayerNorm((1024,), eps=1e-06, elementwise_affine=True)
      (attn): Attention(
        (qkv): Linear(in_features=1024, out_features=3072, bias=False)
        (attn_drop): Dropout(p=0.0, inplace=False)
        (proj): Linear(in_features=1024, out_features=1024, bias=True)
        (proj_drop): Dropout(p=0.0, inplace=False)
      )
      (drop_path): DropPath(p=0.07391304522752762)
      (norm2): LayerNorm((1024,), eps=1e-06, elementwise_affine=True)
      (mlp): Mlp(
        (fc1): Linear(in_features=1024, out_features=4096, bias=True)
        (act): GELU(approximate='none')
        (fc2): Linear(in_features=4096, out_features=1024, bias=True)
        (drop): Dropout(p=0.0, inplace=False)
      )
    )
    (18): Block(
      (norm1): LayerNorm((1024,), eps=1e-06, elementwise_affine=True)
      (attn): Attention(
        (qkv): Linear(in_features=1024, out_features=3072, bias=False)
        (attn_drop): Dropout(p=0.0, inplace=False)
        (proj): Linear(in_features=1024, out_features=1024, bias=True)
        (proj_drop): Dropout(p=0.0, inplace=False)
      )
      (drop_path): DropPath(p=0.0782608687877655)
      (norm2): LayerNorm((1024,), eps=1e-06, elementwise_affine=True)
      (mlp): Mlp(
        (fc1): Linear(in_features=1024, out_features=4096, bias=True)
        (act): GELU(approximate='none')
        (fc2): Linear(in_features=4096, out_features=1024, bias=True)
        (drop): Dropout(p=0.0, inplace=False)
      )
    )
    (19): Block(
      (norm1): LayerNorm((1024,), eps=1e-06, elementwise_affine=True)
      (attn): Attention(
        (qkv): Linear(in_features=1024, out_features=3072, bias=False)
        (attn_drop): Dropout(p=0.0, inplace=False)
        (proj): Linear(in_features=1024, out_features=1024, bias=True)
        (proj_drop): Dropout(p=0.0, inplace=False)
      )
      (drop_path): DropPath(p=0.08260869979858398)
      (norm2): LayerNorm((1024,), eps=1e-06, elementwise_affine=True)
      (mlp): Mlp(
        (fc1): Linear(in_features=1024, out_features=4096, bias=True)
        (act): GELU(approximate='none')
        (fc2): Linear(in_features=4096, out_features=1024, bias=True)
        (drop): Dropout(p=0.0, inplace=False)
      )
    )
    (20): Block(
      (norm1): LayerNorm((1024,), eps=1e-06, elementwise_affine=True)
      (attn): Attention(
        (qkv): Linear(in_features=1024, out_features=3072, bias=False)
        (attn_drop): Dropout(p=0.0, inplace=False)
        (proj): Linear(in_features=1024, out_features=1024, bias=True)
        (proj_drop): Dropout(p=0.0, inplace=False)
      )
      (drop_path): DropPath(p=0.08695652335882187)
      (norm2): LayerNorm((1024,), eps=1e-06, elementwise_affine=True)
      (mlp): Mlp(
        (fc1): Linear(in_features=1024, out_features=4096, bias=True)
        (act): GELU(approximate='none')
        (fc2): Linear(in_features=4096, out_features=1024, bias=True)
        (drop): Dropout(p=0.0, inplace=False)
      )
    )
    (21): Block(
      (norm1): LayerNorm((1024,), eps=1e-06, elementwise_affine=True)
      (attn): Attention(
        (qkv): Linear(in_features=1024, out_features=3072, bias=False)
        (attn_drop): Dropout(p=0.0, inplace=False)
        (proj): Linear(in_features=1024, out_features=1024, bias=True)
        (proj_drop): Dropout(p=0.0, inplace=False)
      )
      (drop_path): DropPath(p=0.09130434691905975)
      (norm2): LayerNorm((1024,), eps=1e-06, elementwise_affine=True)
      (mlp): Mlp(
        (fc1): Linear(in_features=1024, out_features=4096, bias=True)
        (act): GELU(approximate='none')
        (fc2): Linear(in_features=4096, out_features=1024, bias=True)
        (drop): Dropout(p=0.0, inplace=False)
      )
    )
    (22): Block(
      (norm1): LayerNorm((1024,), eps=1e-06, elementwise_affine=True)
      (attn): Attention(
        (qkv): Linear(in_features=1024, out_features=3072, bias=False)
        (attn_drop): Dropout(p=0.0, inplace=False)
        (proj): Linear(in_features=1024, out_features=1024, bias=True)
        (proj_drop): Dropout(p=0.0, inplace=False)
      )
      (drop_path): DropPath(p=0.09565217792987823)
      (norm2): LayerNorm((1024,), eps=1e-06, elementwise_affine=True)
      (mlp): Mlp(
        (fc1): Linear(in_features=1024, out_features=4096, bias=True)
        (act): GELU(approximate='none')
        (fc2): Linear(in_features=4096, out_features=1024, bias=True)
        (drop): Dropout(p=0.0, inplace=False)
      )
    )
    (23): Block(
      (norm1): LayerNorm((1024,), eps=1e-06, elementwise_affine=True)
      (attn): Attention(
        (qkv): Linear(in_features=1024, out_features=3072, bias=False)
        (attn_drop): Dropout(p=0.0, inplace=False)
        (proj): Linear(in_features=1024, out_features=1024, bias=True)
        (proj_drop): Dropout(p=0.0, inplace=False)
      )
      (drop_path): DropPath(p=0.10000000149011612)
      (norm2): LayerNorm((1024,), eps=1e-06, elementwise_affine=True)
      (mlp): Mlp(
        (fc1): Linear(in_features=1024, out_features=4096, bias=True)
        (act): GELU(approximate='none')
        (fc2): Linear(in_features=4096, out_features=1024, bias=True)
        (drop): Dropout(p=0.0, inplace=False)
      )
    )
  )
  (norm): LayerNorm((1024,), eps=1e-06, elementwise_affine=True)
  (head): Linear(in_features=1024, out_features=1000, bias=True)
)
normalization method:  imagenet
  [CP] N_k=2930 · 학습 파라미터 backbone 25.2M (blocks (22, 23) + norm) + head 3.0M · drop_path(22,23)=[0.09565217792987823, 0.10000000149011612] · batch=32×accum=1 · epochs=150
normalization method:  imagenet
  [CP] aptos2019 fold3 ep001/150 loss=8.0965 lr=6.67e-06 (62s) · head-only
  [CP] aptos2019 fold3 ep002/150 loss=8.0728 lr=1.33e-05 (61s) · head-only
  [CP] aptos2019 fold3 ep003/150 loss=8.0636 lr=2.00e-05 (62s) · head-only
  [CP] aptos2019 fold3 ep010/150 loss=7.9743 lr=6.67e-05 (63s)
  [CP] aptos2019 fold3 ep020/150 loss=6.9250 lr=9.98e-05 (62s)
  [CP] aptos2019 fold3 ep030/150 loss=5.6886 lr=9.74e-05 (61s)
  [CP] aptos2019 fold3 ep040/150 loss=4.7426 lr=9.24e-05 (62s)
  [CP] aptos2019 fold3 ep050/150 loss=4.2571 lr=8.51e-05 (64s)
  [CP] aptos2019 fold3 ep060/150 loss=4.0076 lr=7.60e-05 (63s)
  [CP] aptos2019 fold3 ep070/150 loss=3.8586 lr=6.55e-05 (62s)
  [CP] aptos2019 fold3 ep080/150 loss=3.7981 lr=5.41e-05 (63s)
  [CP] aptos2019 fold3 ep090/150 loss=3.7179 lr=4.25e-05 (62s)
  [CP] aptos2019 fold3 ep100/150 loss=3.6754 lr=3.13e-05 (63s)
  [CP] aptos2019 fold3 ep110/150 loss=3.6228 lr=2.11e-05 (64s)
  [CP] aptos2019 fold3 ep120/150 loss=3.6064 lr=1.25e-05 (63s)
  [CP] aptos2019 fold3 ep130/150 loss=3.6071 lr=5.85e-06 (63s)
  [CP] aptos2019 fold3 ep140/150 loss=3.5932 lr=1.63e-06 (61s)
  [CP] aptos2019 fold3 ep150/150 loss=3.5709 lr=1.35e-08 (61s)
  [CP] 완료 150 ep · 61.9s/ep · final_loss=3.5709 · GPU peak 2392 MB
normalization method:  imagenet
normalization method:  imagenet
  [extract] 원본 (3662, 1024) → w10_cp_feats_aptos2019_fold3.npy (88s)
normalization method:  imagenet
  [extract] 증강 copy 0 (93s)
  [extract] 증강 copy 1 (92s)
  [extract] 증강 copy 2 (92s)
  [extract] 증강 copy 3 (92s)
  [extract] 증강 (4, 3662, 1024) → w10_cp_augfeats_aptos2019_fold3.npy · copy0 코사인 0.7694
    B0cp fold3: BACC=0.6483 MAE=0.2923 MAE_true=0.4951
    B1cp fold3: BACC=0.6321 MAE=0.2992 MAE_true=0.5095
    B2cp fold3: BACC=0.6172 MAE=0.2923 MAE_true=0.5243
    B3cp fold3: BACC=0.6101 MAE=0.4208 MAE_true=0.4958
    B4cp fold3: BACC=0.6359 MAE=0.2787 MAE_true=0.4766

==============================================================
arm      n_fold     BACC      MCC      MAE  MAE_true
B0cp          4   0.6255   0.6947   0.2877    0.5176
B1cp          4   0.6244   0.6833   0.2959    0.5139
B2cp          4   0.6251   0.6951   0.2836    0.5218
B3cp          4   0.5873   0.5423   0.4143    0.5182
B4cp          4   0.6370   0.6993   0.2696    0.4827
==============================================================

총 162.6 분 · 저장: /home/junkim/paper_ajou_dev/PanDerm/output_dir/p6_regime_f/w10_cp_fold_scores_aptos2019.csv
🔬 w10 E1 (탐색적 · 사후) · 프로토콜 docs/date/2026-09-03_12th_meeting/research_note/w10_unconstrained_methods_protocol.md §3
device=cuda · dataset=aptos2019 · folds=[4] · stage=all · epochs=150 · batch=32×1 · prefix=w10_
→ /home/junkim/paper_ajou_dev/PanDerm/output_dir/p6_regime_f/w10_cp_fold_scores_aptos2019.csv

=== aptos2019 · fold 4 (train 2930 / test 732) ===
/home/junkim/miniconda3/envs/paper/lib/python3.11/site-packages/timm/models/layers/__init__.py:49: FutureWarning: Importing from timm.models.layers is deprecated, please import via timm.layers
  warnings.warn(f"Importing from {__name__} is deprecated, please import via timm.layers", FutureWarning)
/home/junkim/miniconda3/envs/paper/lib/python3.11/site-packages/timm/models/registry.py:4: FutureWarning: Importing from timm.models.registry is deprecated, please import via timm.models
  warnings.warn(f"Importing from {__name__} is deprecated, please import via timm.models", FutureWarning)
/home/junkim/miniconda3/envs/paper/lib/python3.11/site-packages/torch/functional.py:534: UserWarning: torch.meshgrid: in an upcoming release, it will be required to pass the indexing argument. (Triggered internally at ../aten/src/ATen/native/TensorShape.cpp:3595.)
  return _VF.meshgrid(tensors, **kwargs)  # type: ignore[attr-defined]
loading model checkpoint
VisionTransformer(
  (patch_embed): PatchEmbed(
    (proj): Conv2d(3, 1024, kernel_size=(16, 16), stride=(16, 16))
  )
  (pos_drop): Dropout(p=0.0, inplace=False)
  (blocks): ModuleList(
    (0): Block(
      (norm1): LayerNorm((1024,), eps=1e-06, elementwise_affine=True)
      (attn): Attention(
        (qkv): Linear(in_features=1024, out_features=3072, bias=False)
        (attn_drop): Dropout(p=0.0, inplace=False)
        (proj): Linear(in_features=1024, out_features=1024, bias=True)
        (proj_drop): Dropout(p=0.0, inplace=False)
      )
      (drop_path): Identity()
      (norm2): LayerNorm((1024,), eps=1e-06, elementwise_affine=True)
      (mlp): Mlp(
        (fc1): Linear(in_features=1024, out_features=4096, bias=True)
        (act): GELU(approximate='none')
        (fc2): Linear(in_features=4096, out_features=1024, bias=True)
        (drop): Dropout(p=0.0, inplace=False)
      )
    )
    (1): Block(
      (norm1): LayerNorm((1024,), eps=1e-06, elementwise_affine=True)
      (attn): Attention(
        (qkv): Linear(in_features=1024, out_features=3072, bias=False)
        (attn_drop): Dropout(p=0.0, inplace=False)
        (proj): Linear(in_features=1024, out_features=1024, bias=True)
        (proj_drop): Dropout(p=0.0, inplace=False)
      )
      (drop_path): DropPath(p=0.004347826354205608)
      (norm2): LayerNorm((1024,), eps=1e-06, elementwise_affine=True)
      (mlp): Mlp(
        (fc1): Linear(in_features=1024, out_features=4096, bias=True)
        (act): GELU(approximate='none')
        (fc2): Linear(in_features=4096, out_features=1024, bias=True)
        (drop): Dropout(p=0.0, inplace=False)
      )
    )
    (2): Block(
      (norm1): LayerNorm((1024,), eps=1e-06, elementwise_affine=True)
      (attn): Attention(
        (qkv): Linear(in_features=1024, out_features=3072, bias=False)
        (attn_drop): Dropout(p=0.0, inplace=False)
        (proj): Linear(in_features=1024, out_features=1024, bias=True)
        (proj_drop): Dropout(p=0.0, inplace=False)
      )
      (drop_path): DropPath(p=0.008695652708411217)
      (norm2): LayerNorm((1024,), eps=1e-06, elementwise_affine=True)
      (mlp): Mlp(
        (fc1): Linear(in_features=1024, out_features=4096, bias=True)
        (act): GELU(approximate='none')
        (fc2): Linear(in_features=4096, out_features=1024, bias=True)
        (drop): Dropout(p=0.0, inplace=False)
      )
    )
    (3): Block(
      (norm1): LayerNorm((1024,), eps=1e-06, elementwise_affine=True)
      (attn): Attention(
        (qkv): Linear(in_features=1024, out_features=3072, bias=False)
        (attn_drop): Dropout(p=0.0, inplace=False)
        (proj): Linear(in_features=1024, out_features=1024, bias=True)
        (proj_drop): Dropout(p=0.0, inplace=False)
      )
      (drop_path): DropPath(p=0.013043479062616825)
      (norm2): LayerNorm((1024,), eps=1e-06, elementwise_affine=True)
      (mlp): Mlp(
        (fc1): Linear(in_features=1024, out_features=4096, bias=True)
        (act): GELU(approximate='none')
        (fc2): Linear(in_features=4096, out_features=1024, bias=True)
        (drop): Dropout(p=0.0, inplace=False)
      )
    )
    (4): Block(
      (norm1): LayerNorm((1024,), eps=1e-06, elementwise_affine=True)
      (attn): Attention(
        (qkv): Linear(in_features=1024, out_features=3072, bias=False)
        (attn_drop): Dropout(p=0.0, inplace=False)
        (proj): Linear(in_features=1024, out_features=1024, bias=True)
        (proj_drop): Dropout(p=0.0, inplace=False)
      )
      (drop_path): DropPath(p=0.017391305416822433)
      (norm2): LayerNorm((1024,), eps=1e-06, elementwise_affine=True)
      (mlp): Mlp(
        (fc1): Linear(in_features=1024, out_features=4096, bias=True)
        (act): GELU(approximate='none')
        (fc2): Linear(in_features=4096, out_features=1024, bias=True)
        (drop): Dropout(p=0.0, inplace=False)
      )
    )
    (5): Block(
      (norm1): LayerNorm((1024,), eps=1e-06, elementwise_affine=True)
      (attn): Attention(
        (qkv): Linear(in_features=1024, out_features=3072, bias=False)
        (attn_drop): Dropout(p=0.0, inplace=False)
        (proj): Linear(in_features=1024, out_features=1024, bias=True)
        (proj_drop): Dropout(p=0.0, inplace=False)
      )
      (drop_path): DropPath(p=0.021739132702350616)
      (norm2): LayerNorm((1024,), eps=1e-06, elementwise_affine=True)
      (mlp): Mlp(
        (fc1): Linear(in_features=1024, out_features=4096, bias=True)
        (act): GELU(approximate='none')
        (fc2): Linear(in_features=4096, out_features=1024, bias=True)
        (drop): Dropout(p=0.0, inplace=False)
      )
    )
    (6): Block(
      (norm1): LayerNorm((1024,), eps=1e-06, elementwise_affine=True)
      (attn): Attention(
        (qkv): Linear(in_features=1024, out_features=3072, bias=False)
        (attn_drop): Dropout(p=0.0, inplace=False)
        (proj): Linear(in_features=1024, out_features=1024, bias=True)
        (proj_drop): Dropout(p=0.0, inplace=False)
      )
      (drop_path): DropPath(p=0.02608695812523365)
      (norm2): LayerNorm((1024,), eps=1e-06, elementwise_affine=True)
      (mlp): Mlp(
        (fc1): Linear(in_features=1024, out_features=4096, bias=True)
        (act): GELU(approximate='none')
        (fc2): Linear(in_features=4096, out_features=1024, bias=True)
        (drop): Dropout(p=0.0, inplace=False)
      )
    )
    (7): Block(
      (norm1): LayerNorm((1024,), eps=1e-06, elementwise_affine=True)
      (attn): Attention(
        (qkv): Linear(in_features=1024, out_features=3072, bias=False)
        (attn_drop): Dropout(p=0.0, inplace=False)
        (proj): Linear(in_features=1024, out_features=1024, bias=True)
        (proj_drop): Dropout(p=0.0, inplace=False)
      )
      (drop_path): DropPath(p=0.030434783548116684)
      (norm2): LayerNorm((1024,), eps=1e-06, elementwise_affine=True)
      (mlp): Mlp(
        (fc1): Linear(in_features=1024, out_features=4096, bias=True)
        (act): GELU(approximate='none')
        (fc2): Linear(in_features=4096, out_features=1024, bias=True)
        (drop): Dropout(p=0.0, inplace=False)
      )
    )
    (8): Block(
      (norm1): LayerNorm((1024,), eps=1e-06, elementwise_affine=True)
      (attn): Attention(
        (qkv): Linear(in_features=1024, out_features=3072, bias=False)
        (attn_drop): Dropout(p=0.0, inplace=False)
        (proj): Linear(in_features=1024, out_features=1024, bias=True)
        (proj_drop): Dropout(p=0.0, inplace=False)
      )
      (drop_path): DropPath(p=0.03478261083364487)
      (norm2): LayerNorm((1024,), eps=1e-06, elementwise_affine=True)
      (mlp): Mlp(
        (fc1): Linear(in_features=1024, out_features=4096, bias=True)
        (act): GELU(approximate='none')
        (fc2): Linear(in_features=4096, out_features=1024, bias=True)
        (drop): Dropout(p=0.0, inplace=False)
      )
    )
    (9): Block(
      (norm1): LayerNorm((1024,), eps=1e-06, elementwise_affine=True)
      (attn): Attention(
        (qkv): Linear(in_features=1024, out_features=3072, bias=False)
        (attn_drop): Dropout(p=0.0, inplace=False)
        (proj): Linear(in_features=1024, out_features=1024, bias=True)
        (proj_drop): Dropout(p=0.0, inplace=False)
      )
      (drop_path): DropPath(p=0.03913043811917305)
      (norm2): LayerNorm((1024,), eps=1e-06, elementwise_affine=True)
      (mlp): Mlp(
        (fc1): Linear(in_features=1024, out_features=4096, bias=True)
        (act): GELU(approximate='none')
        (fc2): Linear(in_features=4096, out_features=1024, bias=True)
        (drop): Dropout(p=0.0, inplace=False)
      )
    )
    (10): Block(
      (norm1): LayerNorm((1024,), eps=1e-06, elementwise_affine=True)
      (attn): Attention(
        (qkv): Linear(in_features=1024, out_features=3072, bias=False)
        (attn_drop): Dropout(p=0.0, inplace=False)
        (proj): Linear(in_features=1024, out_features=1024, bias=True)
        (proj_drop): Dropout(p=0.0, inplace=False)
      )
      (drop_path): DropPath(p=0.04347826540470123)
      (norm2): LayerNorm((1024,), eps=1e-06, elementwise_affine=True)
      (mlp): Mlp(
        (fc1): Linear(in_features=1024, out_features=4096, bias=True)
        (act): GELU(approximate='none')
        (fc2): Linear(in_features=4096, out_features=1024, bias=True)
        (drop): Dropout(p=0.0, inplace=False)
      )
    )
    (11): Block(
      (norm1): LayerNorm((1024,), eps=1e-06, elementwise_affine=True)
      (attn): Attention(
        (qkv): Linear(in_features=1024, out_features=3072, bias=False)
        (attn_drop): Dropout(p=0.0, inplace=False)
        (proj): Linear(in_features=1024, out_features=1024, bias=True)
        (proj_drop): Dropout(p=0.0, inplace=False)
      )
      (drop_path): DropPath(p=0.04782608896493912)
      (norm2): LayerNorm((1024,), eps=1e-06, elementwise_affine=True)
      (mlp): Mlp(
        (fc1): Linear(in_features=1024, out_features=4096, bias=True)
        (act): GELU(approximate='none')
        (fc2): Linear(in_features=4096, out_features=1024, bias=True)
        (drop): Dropout(p=0.0, inplace=False)
      )
    )
    (12): Block(
      (norm1): LayerNorm((1024,), eps=1e-06, elementwise_affine=True)
      (attn): Attention(
        (qkv): Linear(in_features=1024, out_features=3072, bias=False)
        (attn_drop): Dropout(p=0.0, inplace=False)
        (proj): Linear(in_features=1024, out_features=1024, bias=True)
        (proj_drop): Dropout(p=0.0, inplace=False)
      )
      (drop_path): DropPath(p=0.052173912525177)
      (norm2): LayerNorm((1024,), eps=1e-06, elementwise_affine=True)
      (mlp): Mlp(
        (fc1): Linear(in_features=1024, out_features=4096, bias=True)
        (act): GELU(approximate='none')
        (fc2): Linear(in_features=4096, out_features=1024, bias=True)
        (drop): Dropout(p=0.0, inplace=False)
      )
    )
    (13): Block(
      (norm1): LayerNorm((1024,), eps=1e-06, elementwise_affine=True)
      (attn): Attention(
        (qkv): Linear(in_features=1024, out_features=3072, bias=False)
        (attn_drop): Dropout(p=0.0, inplace=False)
        (proj): Linear(in_features=1024, out_features=1024, bias=True)
        (proj_drop): Dropout(p=0.0, inplace=False)
      )
      (drop_path): DropPath(p=0.056521736085414886)
      (norm2): LayerNorm((1024,), eps=1e-06, elementwise_affine=True)
      (mlp): Mlp(
        (fc1): Linear(in_features=1024, out_features=4096, bias=True)
        (act): GELU(approximate='none')
        (fc2): Linear(in_features=4096, out_features=1024, bias=True)
        (drop): Dropout(p=0.0, inplace=False)
      )
    )
    (14): Block(
      (norm1): LayerNorm((1024,), eps=1e-06, elementwise_affine=True)
      (attn): Attention(
        (qkv): Linear(in_features=1024, out_features=3072, bias=False)
        (attn_drop): Dropout(p=0.0, inplace=False)
        (proj): Linear(in_features=1024, out_features=1024, bias=True)
        (proj_drop): Dropout(p=0.0, inplace=False)
      )
      (drop_path): DropPath(p=0.06086956337094307)
      (norm2): LayerNorm((1024,), eps=1e-06, elementwise_affine=True)
      (mlp): Mlp(
        (fc1): Linear(in_features=1024, out_features=4096, bias=True)
        (act): GELU(approximate='none')
        (fc2): Linear(in_features=4096, out_features=1024, bias=True)
        (drop): Dropout(p=0.0, inplace=False)
      )
    )
    (15): Block(
      (norm1): LayerNorm((1024,), eps=1e-06, elementwise_affine=True)
      (attn): Attention(
        (qkv): Linear(in_features=1024, out_features=3072, bias=False)
        (attn_drop): Dropout(p=0.0, inplace=False)
        (proj): Linear(in_features=1024, out_features=1024, bias=True)
        (proj_drop): Dropout(p=0.0, inplace=False)
      )
      (drop_path): DropPath(p=0.06521739065647125)
      (norm2): LayerNorm((1024,), eps=1e-06, elementwise_affine=True)
      (mlp): Mlp(
        (fc1): Linear(in_features=1024, out_features=4096, bias=True)
        (act): GELU(approximate='none')
        (fc2): Linear(in_features=4096, out_features=1024, bias=True)
        (drop): Dropout(p=0.0, inplace=False)
      )
    )
    (16): Block(
      (norm1): LayerNorm((1024,), eps=1e-06, elementwise_affine=True)
      (attn): Attention(
        (qkv): Linear(in_features=1024, out_features=3072, bias=False)
        (attn_drop): Dropout(p=0.0, inplace=False)
        (proj): Linear(in_features=1024, out_features=1024, bias=True)
        (proj_drop): Dropout(p=0.0, inplace=False)
      )
      (drop_path): DropPath(p=0.06956521421670914)
      (norm2): LayerNorm((1024,), eps=1e-06, elementwise_affine=True)
      (mlp): Mlp(
        (fc1): Linear(in_features=1024, out_features=4096, bias=True)
        (act): GELU(approximate='none')
        (fc2): Linear(in_features=4096, out_features=1024, bias=True)
        (drop): Dropout(p=0.0, inplace=False)
      )
    )
    (17): Block(
      (norm1): LayerNorm((1024,), eps=1e-06, elementwise_affine=True)
      (attn): Attention(
        (qkv): Linear(in_features=1024, out_features=3072, bias=False)
        (attn_drop): Dropout(p=0.0, inplace=False)
        (proj): Linear(in_features=1024, out_features=1024, bias=True)
        (proj_drop): Dropout(p=0.0, inplace=False)
      )
      (drop_path): DropPath(p=0.07391304522752762)
      (norm2): LayerNorm((1024,), eps=1e-06, elementwise_affine=True)
      (mlp): Mlp(
        (fc1): Linear(in_features=1024, out_features=4096, bias=True)
        (act): GELU(approximate='none')
        (fc2): Linear(in_features=4096, out_features=1024, bias=True)
        (drop): Dropout(p=0.0, inplace=False)
      )
    )
    (18): Block(
      (norm1): LayerNorm((1024,), eps=1e-06, elementwise_affine=True)
      (attn): Attention(
        (qkv): Linear(in_features=1024, out_features=3072, bias=False)
        (attn_drop): Dropout(p=0.0, inplace=False)
        (proj): Linear(in_features=1024, out_features=1024, bias=True)
        (proj_drop): Dropout(p=0.0, inplace=False)
      )
      (drop_path): DropPath(p=0.0782608687877655)
      (norm2): LayerNorm((1024,), eps=1e-06, elementwise_affine=True)
      (mlp): Mlp(
        (fc1): Linear(in_features=1024, out_features=4096, bias=True)
        (act): GELU(approximate='none')
        (fc2): Linear(in_features=4096, out_features=1024, bias=True)
        (drop): Dropout(p=0.0, inplace=False)
      )
    )
    (19): Block(
      (norm1): LayerNorm((1024,), eps=1e-06, elementwise_affine=True)
      (attn): Attention(
        (qkv): Linear(in_features=1024, out_features=3072, bias=False)
        (attn_drop): Dropout(p=0.0, inplace=False)
        (proj): Linear(in_features=1024, out_features=1024, bias=True)
        (proj_drop): Dropout(p=0.0, inplace=False)
      )
      (drop_path): DropPath(p=0.08260869979858398)
      (norm2): LayerNorm((1024,), eps=1e-06, elementwise_affine=True)
      (mlp): Mlp(
        (fc1): Linear(in_features=1024, out_features=4096, bias=True)
        (act): GELU(approximate='none')
        (fc2): Linear(in_features=4096, out_features=1024, bias=True)
        (drop): Dropout(p=0.0, inplace=False)
      )
    )
    (20): Block(
      (norm1): LayerNorm((1024,), eps=1e-06, elementwise_affine=True)
      (attn): Attention(
        (qkv): Linear(in_features=1024, out_features=3072, bias=False)
        (attn_drop): Dropout(p=0.0, inplace=False)
        (proj): Linear(in_features=1024, out_features=1024, bias=True)
        (proj_drop): Dropout(p=0.0, inplace=False)
      )
      (drop_path): DropPath(p=0.08695652335882187)
      (norm2): LayerNorm((1024,), eps=1e-06, elementwise_affine=True)
      (mlp): Mlp(
        (fc1): Linear(in_features=1024, out_features=4096, bias=True)
        (act): GELU(approximate='none')
        (fc2): Linear(in_features=4096, out_features=1024, bias=True)
        (drop): Dropout(p=0.0, inplace=False)
      )
    )
    (21): Block(
      (norm1): LayerNorm((1024,), eps=1e-06, elementwise_affine=True)
      (attn): Attention(
        (qkv): Linear(in_features=1024, out_features=3072, bias=False)
        (attn_drop): Dropout(p=0.0, inplace=False)
        (proj): Linear(in_features=1024, out_features=1024, bias=True)
        (proj_drop): Dropout(p=0.0, inplace=False)
      )
      (drop_path): DropPath(p=0.09130434691905975)
      (norm2): LayerNorm((1024,), eps=1e-06, elementwise_affine=True)
      (mlp): Mlp(
        (fc1): Linear(in_features=1024, out_features=4096, bias=True)
        (act): GELU(approximate='none')
        (fc2): Linear(in_features=4096, out_features=1024, bias=True)
        (drop): Dropout(p=0.0, inplace=False)
      )
    )
    (22): Block(
      (norm1): LayerNorm((1024,), eps=1e-06, elementwise_affine=True)
      (attn): Attention(
        (qkv): Linear(in_features=1024, out_features=3072, bias=False)
        (attn_drop): Dropout(p=0.0, inplace=False)
        (proj): Linear(in_features=1024, out_features=1024, bias=True)
        (proj_drop): Dropout(p=0.0, inplace=False)
      )
      (drop_path): DropPath(p=0.09565217792987823)
      (norm2): LayerNorm((1024,), eps=1e-06, elementwise_affine=True)
      (mlp): Mlp(
        (fc1): Linear(in_features=1024, out_features=4096, bias=True)
        (act): GELU(approximate='none')
        (fc2): Linear(in_features=4096, out_features=1024, bias=True)
        (drop): Dropout(p=0.0, inplace=False)
      )
    )
    (23): Block(
      (norm1): LayerNorm((1024,), eps=1e-06, elementwise_affine=True)
      (attn): Attention(
        (qkv): Linear(in_features=1024, out_features=3072, bias=False)
        (attn_drop): Dropout(p=0.0, inplace=False)
        (proj): Linear(in_features=1024, out_features=1024, bias=True)
        (proj_drop): Dropout(p=0.0, inplace=False)
      )
      (drop_path): DropPath(p=0.10000000149011612)
      (norm2): LayerNorm((1024,), eps=1e-06, elementwise_affine=True)
      (mlp): Mlp(
        (fc1): Linear(in_features=1024, out_features=4096, bias=True)
        (act): GELU(approximate='none')
        (fc2): Linear(in_features=4096, out_features=1024, bias=True)
        (drop): Dropout(p=0.0, inplace=False)
      )
    )
  )
  (norm): LayerNorm((1024,), eps=1e-06, elementwise_affine=True)
  (head): Linear(in_features=1024, out_features=1000, bias=True)
)
normalization method:  imagenet
  [CP] N_k=2930 · 학습 파라미터 backbone 25.2M (blocks (22, 23) + norm) + head 3.0M · drop_path(22,23)=[0.09565217792987823, 0.10000000149011612] · batch=32×accum=1 · epochs=150
normalization method:  imagenet
  [CP] aptos2019 fold4 ep001/150 loss=8.0936 lr=6.67e-06 (62s) · head-only
  [CP] aptos2019 fold4 ep002/150 loss=8.0710 lr=1.33e-05 (62s) · head-only
  [CP] aptos2019 fold4 ep003/150 loss=8.0603 lr=2.00e-05 (61s) · head-only
  [CP] aptos2019 fold4 ep010/150 loss=7.9667 lr=6.67e-05 (62s)
  [CP] aptos2019 fold4 ep020/150 loss=6.9590 lr=9.98e-05 (62s)
  [CP] aptos2019 fold4 ep030/150 loss=5.7389 lr=9.74e-05 (62s)
  [CP] aptos2019 fold4 ep040/150 loss=4.7881 lr=9.24e-05 (61s)
  [CP] aptos2019 fold4 ep050/150 loss=4.2540 lr=8.51e-05 (63s)
  [CP] aptos2019 fold4 ep060/150 loss=3.9962 lr=7.60e-05 (61s)
  [CP] aptos2019 fold4 ep070/150 loss=3.8704 lr=6.55e-05 (62s)
  [CP] aptos2019 fold4 ep080/150 loss=3.7892 lr=5.41e-05 (62s)
  [CP] aptos2019 fold4 ep090/150 loss=3.7157 lr=4.25e-05 (61s)
  [CP] aptos2019 fold4 ep100/150 loss=3.6741 lr=3.13e-05 (62s)
  [CP] aptos2019 fold4 ep110/150 loss=3.6367 lr=2.11e-05 (62s)
  [CP] aptos2019 fold4 ep120/150 loss=3.6164 lr=1.25e-05 (62s)
  [CP] aptos2019 fold4 ep130/150 loss=3.5885 lr=5.85e-06 (62s)
  [CP] aptos2019 fold4 ep140/150 loss=3.5799 lr=1.63e-06 (62s)
  [CP] aptos2019 fold4 ep150/150 loss=3.5694 lr=1.35e-08 (62s)
  [CP] 완료 150 ep · 61.7s/ep · final_loss=3.5694 · GPU peak 2392 MB
normalization method:  imagenet
normalization method:  imagenet
  [extract] 원본 (3662, 1024) → w10_cp_feats_aptos2019_fold4.npy (88s)
normalization method:  imagenet
  [extract] 증강 copy 0 (93s)
  [extract] 증강 copy 1 (93s)
  [extract] 증강 copy 2 (93s)
  [extract] 증강 copy 3 (93s)
  [extract] 증강 (4, 3662, 1024) → w10_cp_augfeats_aptos2019_fold4.npy · copy0 코사인 0.7630
    B0cp fold4: BACC=0.5961 MAE=0.2978 MAE_true=0.5420
    B1cp fold4: BACC=0.6159 MAE=0.2978 MAE_true=0.5084
    B2cp fold4: BACC=0.5959 MAE=0.2992 MAE_true=0.5536
    B3cp fold4: BACC=0.5631 MAE=0.4536 MAE_true=0.5708
    B4cp fold4: BACC=0.6013 MAE=0.3005 MAE_true=0.5505

==============================================================
arm      n_fold     BACC      MCC      MAE  MAE_true
B0cp          5   0.6196   0.6915   0.2897    0.5224
B1cp          5   0.6227   0.6837   0.2963    0.5128
B2cp          5   0.6192   0.6932   0.2867    0.5282
B3cp          5   0.5824   0.5373   0.4222    0.5287
B4cp          5   0.6298   0.6949   0.2758    0.4962
==============================================================

총 162.1 분 · 저장: /home/junkim/paper_ajou_dev/PanDerm/output_dir/p6_regime_f/w10_cp_fold_scores_aptos2019.csv
