🔬 w10 E1 (탐색적 · 사후) · 프로토콜 docs/date/2026-09-03_12th_meeting/research_note/w10_unconstrained_methods_protocol.md §3
device=cuda · dataset=oral_diseases · folds=[0] · stage=all · epochs=150 · batch=32×1 · prefix=w10_
→ /home/junkim/paper_ajou_dev/PanDerm/output_dir/p6_regime_f/w10_cp_fold_scores_oral_diseases.csv

=== oral_diseases · fold 0 (train 412 / test 104) ===
/home/junkim/miniconda3/envs/paper/lib/python3.11/site-packages/timm/models/layers/__init__.py:49: FutureWarning: Importing from timm.models.layers is deprecated, please import via timm.layers
  warnings.warn(f"Importing from {__name__} is deprecated, please import via timm.layers", FutureWarning)
/home/junkim/miniconda3/envs/paper/lib/python3.11/site-packages/timm/models/registry.py:4: FutureWarning: Importing from timm.models.registry is deprecated, please import via timm.models
  warnings.warn(f"Importing from {__name__} is deprecated, please import via timm.models", FutureWarning)
/home/junkim/miniconda3/envs/paper/lib/python3.11/site-packages/torch/functional.py:534: UserWarning: torch.meshgrid: in an upcoming release, it will be required to pass the indexing argument. (Triggered internally at ../aten/src/ATen/native/TensorShape.cpp:3595.)
  return _VF.meshgrid(tensors, **kwargs)  # type: ignore[attr-defined]
loading model checkpoint
VisionTransformer(
  (patch_embed): PatchEmbed(
    (proj): Conv2d(3, 1024, kernel_size=(16, 16), stride=(16, 16))
  )
  (pos_drop): Dropout(p=0.0, inplace=False)
  (blocks): ModuleList(
    (0): Block(
      (norm1): LayerNorm((1024,), eps=1e-06, elementwise_affine=True)
      (attn): Attention(
        (qkv): Linear(in_features=1024, out_features=3072, bias=False)
        (attn_drop): Dropout(p=0.0, inplace=False)
        (proj): Linear(in_features=1024, out_features=1024, bias=True)
        (proj_drop): Dropout(p=0.0, inplace=False)
      )
      (drop_path): Identity()
      (norm2): LayerNorm((1024,), eps=1e-06, elementwise_affine=True)
      (mlp): Mlp(
        (fc1): Linear(in_features=1024, out_features=4096, bias=True)
        (act): GELU(approximate='none')
        (fc2): Linear(in_features=4096, out_features=1024, bias=True)
        (drop): Dropout(p=0.0, inplace=False)
      )
    )
    (1): Block(
      (norm1): LayerNorm((1024,), eps=1e-06, elementwise_affine=True)
      (attn): Attention(
        (qkv): Linear(in_features=1024, out_features=3072, bias=False)
        (attn_drop): Dropout(p=0.0, inplace=False)
        (proj): Linear(in_features=1024, out_features=1024, bias=True)
        (proj_drop): Dropout(p=0.0, inplace=False)
      )
      (drop_path): DropPath(p=0.004347826354205608)
      (norm2): LayerNorm((1024,), eps=1e-06, elementwise_affine=True)
      (mlp): Mlp(
        (fc1): Linear(in_features=1024, out_features=4096, bias=True)
        (act): GELU(approximate='none')
        (fc2): Linear(in_features=4096, out_features=1024, bias=True)
        (drop): Dropout(p=0.0, inplace=False)
      )
    )
    (2): Block(
      (norm1): LayerNorm((1024,), eps=1e-06, elementwise_affine=True)
      (attn): Attention(
        (qkv): Linear(in_features=1024, out_features=3072, bias=False)
        (attn_drop): Dropout(p=0.0, inplace=False)
        (proj): Linear(in_features=1024, out_features=1024, bias=True)
        (proj_drop): Dropout(p=0.0, inplace=False)
      )
      (drop_path): DropPath(p=0.008695652708411217)
      (norm2): LayerNorm((1024,), eps=1e-06, elementwise_affine=True)
      (mlp): Mlp(
        (fc1): Linear(in_features=1024, out_features=4096, bias=True)
        (act): GELU(approximate='none')
        (fc2): Linear(in_features=4096, out_features=1024, bias=True)
        (drop): Dropout(p=0.0, inplace=False)
      )
    )
    (3): Block(
      (norm1): LayerNorm((1024,), eps=1e-06, elementwise_affine=True)
      (attn): Attention(
        (qkv): Linear(in_features=1024, out_features=3072, bias=False)
        (attn_drop): Dropout(p=0.0, inplace=False)
        (proj): Linear(in_features=1024, out_features=1024, bias=True)
        (proj_drop): Dropout(p=0.0, inplace=False)
      )
      (drop_path): DropPath(p=0.013043479062616825)
      (norm2): LayerNorm((1024,), eps=1e-06, elementwise_affine=True)
      (mlp): Mlp(
        (fc1): Linear(in_features=1024, out_features=4096, bias=True)
        (act): GELU(approximate='none')
        (fc2): Linear(in_features=4096, out_features=1024, bias=True)
        (drop): Dropout(p=0.0, inplace=False)
      )
    )
    (4): Block(
      (norm1): LayerNorm((1024,), eps=1e-06, elementwise_affine=True)
      (attn): Attention(
        (qkv): Linear(in_features=1024, out_features=3072, bias=False)
        (attn_drop): Dropout(p=0.0, inplace=False)
        (proj): Linear(in_features=1024, out_features=1024, bias=True)
        (proj_drop): Dropout(p=0.0, inplace=False)
      )
      (drop_path): DropPath(p=0.017391305416822433)
      (norm2): LayerNorm((1024,), eps=1e-06, elementwise_affine=True)
      (mlp): Mlp(
        (fc1): Linear(in_features=1024, out_features=4096, bias=True)
        (act): GELU(approximate='none')
        (fc2): Linear(in_features=4096, out_features=1024, bias=True)
        (drop): Dropout(p=0.0, inplace=False)
      )
    )
    (5): Block(
      (norm1): LayerNorm((1024,), eps=1e-06, elementwise_affine=True)
      (attn): Attention(
        (qkv): Linear(in_features=1024, out_features=3072, bias=False)
        (attn_drop): Dropout(p=0.0, inplace=False)
        (proj): Linear(in_features=1024, out_features=1024, bias=True)
        (proj_drop): Dropout(p=0.0, inplace=False)
      )
      (drop_path): DropPath(p=0.021739132702350616)
      (norm2): LayerNorm((1024,), eps=1e-06, elementwise_affine=True)
      (mlp): Mlp(
        (fc1): Linear(in_features=1024, out_features=4096, bias=True)
        (act): GELU(approximate='none')
        (fc2): Linear(in_features=4096, out_features=1024, bias=True)
        (drop): Dropout(p=0.0, inplace=False)
      )
    )
    (6): Block(
      (norm1): LayerNorm((1024,), eps=1e-06, elementwise_affine=True)
      (attn): Attention(
        (qkv): Linear(in_features=1024, out_features=3072, bias=False)
        (attn_drop): Dropout(p=0.0, inplace=False)
        (proj): Linear(in_features=1024, out_features=1024, bias=True)
        (proj_drop): Dropout(p=0.0, inplace=False)
      )
      (drop_path): DropPath(p=0.02608695812523365)
      (norm2): LayerNorm((1024,), eps=1e-06, elementwise_affine=True)
      (mlp): Mlp(
        (fc1): Linear(in_features=1024, out_features=4096, bias=True)
        (act): GELU(approximate='none')
        (fc2): Linear(in_features=4096, out_features=1024, bias=True)
        (drop): Dropout(p=0.0, inplace=False)
      )
    )
    (7): Block(
      (norm1): LayerNorm((1024,), eps=1e-06, elementwise_affine=True)
      (attn): Attention(
        (qkv): Linear(in_features=1024, out_features=3072, bias=False)
        (attn_drop): Dropout(p=0.0, inplace=False)
        (proj): Linear(in_features=1024, out_features=1024, bias=True)
        (proj_drop): Dropout(p=0.0, inplace=False)
      )
      (drop_path): DropPath(p=0.030434783548116684)
      (norm2): LayerNorm((1024,), eps=1e-06, elementwise_affine=True)
      (mlp): Mlp(
        (fc1): Linear(in_features=1024, out_features=4096, bias=True)
        (act): GELU(approximate='none')
        (fc2): Linear(in_features=4096, out_features=1024, bias=True)
        (drop): Dropout(p=0.0, inplace=False)
      )
    )
    (8): Block(
      (norm1): LayerNorm((1024,), eps=1e-06, elementwise_affine=True)
      (attn): Attention(
        (qkv): Linear(in_features=1024, out_features=3072, bias=False)
        (attn_drop): Dropout(p=0.0, inplace=False)
        (proj): Linear(in_features=1024, out_features=1024, bias=True)
        (proj_drop): Dropout(p=0.0, inplace=False)
      )
      (drop_path): DropPath(p=0.03478261083364487)
      (norm2): LayerNorm((1024,), eps=1e-06, elementwise_affine=True)
      (mlp): Mlp(
        (fc1): Linear(in_features=1024, out_features=4096, bias=True)
        (act): GELU(approximate='none')
        (fc2): Linear(in_features=4096, out_features=1024, bias=True)
        (drop): Dropout(p=0.0, inplace=False)
      )
    )
    (9): Block(
      (norm1): LayerNorm((1024,), eps=1e-06, elementwise_affine=True)
      (attn): Attention(
        (qkv): Linear(in_features=1024, out_features=3072, bias=False)
        (attn_drop): Dropout(p=0.0, inplace=False)
        (proj): Linear(in_features=1024, out_features=1024, bias=True)
        (proj_drop): Dropout(p=0.0, inplace=False)
      )
      (drop_path): DropPath(p=0.03913043811917305)
      (norm2): LayerNorm((1024,), eps=1e-06, elementwise_affine=True)
      (mlp): Mlp(
        (fc1): Linear(in_features=1024, out_features=4096, bias=True)
        (act): GELU(approximate='none')
        (fc2): Linear(in_features=4096, out_features=1024, bias=True)
        (drop): Dropout(p=0.0, inplace=False)
      )
    )
    (10): Block(
      (norm1): LayerNorm((1024,), eps=1e-06, elementwise_affine=True)
      (attn): Attention(
        (qkv): Linear(in_features=1024, out_features=3072, bias=False)
        (attn_drop): Dropout(p=0.0, inplace=False)
        (proj): Linear(in_features=1024, out_features=1024, bias=True)
        (proj_drop): Dropout(p=0.0, inplace=False)
      )
      (drop_path): DropPath(p=0.04347826540470123)
      (norm2): LayerNorm((1024,), eps=1e-06, elementwise_affine=True)
      (mlp): Mlp(
        (fc1): Linear(in_features=1024, out_features=4096, bias=True)
        (act): GELU(approximate='none')
        (fc2): Linear(in_features=4096, out_features=1024, bias=True)
        (drop): Dropout(p=0.0, inplace=False)
      )
    )
    (11): Block(
      (norm1): LayerNorm((1024,), eps=1e-06, elementwise_affine=True)
      (attn): Attention(
        (qkv): Linear(in_features=1024, out_features=3072, bias=False)
        (attn_drop): Dropout(p=0.0, inplace=False)
        (proj): Linear(in_features=1024, out_features=1024, bias=True)
        (proj_drop): Dropout(p=0.0, inplace=False)
      )
      (drop_path): DropPath(p=0.04782608896493912)
      (norm2): LayerNorm((1024,), eps=1e-06, elementwise_affine=True)
      (mlp): Mlp(
        (fc1): Linear(in_features=1024, out_features=4096, bias=True)
        (act): GELU(approximate='none')
        (fc2): Linear(in_features=4096, out_features=1024, bias=True)
        (drop): Dropout(p=0.0, inplace=False)
      )
    )
    (12): Block(
      (norm1): LayerNorm((1024,), eps=1e-06, elementwise_affine=True)
      (attn): Attention(
        (qkv): Linear(in_features=1024, out_features=3072, bias=False)
        (attn_drop): Dropout(p=0.0, inplace=False)
        (proj): Linear(in_features=1024, out_features=1024, bias=True)
        (proj_drop): Dropout(p=0.0, inplace=False)
      )
      (drop_path): DropPath(p=0.052173912525177)
      (norm2): LayerNorm((1024,), eps=1e-06, elementwise_affine=True)
      (mlp): Mlp(
        (fc1): Linear(in_features=1024, out_features=4096, bias=True)
        (act): GELU(approximate='none')
        (fc2): Linear(in_features=4096, out_features=1024, bias=True)
        (drop): Dropout(p=0.0, inplace=False)
      )
    )
    (13): Block(
      (norm1): LayerNorm((1024,), eps=1e-06, elementwise_affine=True)
      (attn): Attention(
        (qkv): Linear(in_features=1024, out_features=3072, bias=False)
        (attn_drop): Dropout(p=0.0, inplace=False)
        (proj): Linear(in_features=1024, out_features=1024, bias=True)
        (proj_drop): Dropout(p=0.0, inplace=False)
      )
      (drop_path): DropPath(p=0.056521736085414886)
      (norm2): LayerNorm((1024,), eps=1e-06, elementwise_affine=True)
      (mlp): Mlp(
        (fc1): Linear(in_features=1024, out_features=4096, bias=True)
        (act): GELU(approximate='none')
        (fc2): Linear(in_features=4096, out_features=1024, bias=True)
        (drop): Dropout(p=0.0, inplace=False)
      )
    )
    (14): Block(
      (norm1): LayerNorm((1024,), eps=1e-06, elementwise_affine=True)
      (attn): Attention(
        (qkv): Linear(in_features=1024, out_features=3072, bias=False)
        (attn_drop): Dropout(p=0.0, inplace=False)
        (proj): Linear(in_features=1024, out_features=1024, bias=True)
        (proj_drop): Dropout(p=0.0, inplace=False)
      )
      (drop_path): DropPath(p=0.06086956337094307)
      (norm2): LayerNorm((1024,), eps=1e-06, elementwise_affine=True)
      (mlp): Mlp(
        (fc1): Linear(in_features=1024, out_features=4096, bias=True)
        (act): GELU(approximate='none')
        (fc2): Linear(in_features=4096, out_features=1024, bias=True)
        (drop): Dropout(p=0.0, inplace=False)
      )
    )
    (15): Block(
      (norm1): LayerNorm((1024,), eps=1e-06, elementwise_affine=True)
      (attn): Attention(
        (qkv): Linear(in_features=1024, out_features=3072, bias=False)
        (attn_drop): Dropout(p=0.0, inplace=False)
        (proj): Linear(in_features=1024, out_features=1024, bias=True)
        (proj_drop): Dropout(p=0.0, inplace=False)
      )
      (drop_path): DropPath(p=0.06521739065647125)
      (norm2): LayerNorm((1024,), eps=1e-06, elementwise_affine=True)
      (mlp): Mlp(
        (fc1): Linear(in_features=1024, out_features=4096, bias=True)
        (act): GELU(approximate='none')
        (fc2): Linear(in_features=4096, out_features=1024, bias=True)
        (drop): Dropout(p=0.0, inplace=False)
      )
    )
    (16): Block(
      (norm1): LayerNorm((1024,), eps=1e-06, elementwise_affine=True)
      (attn): Attention(
        (qkv): Linear(in_features=1024, out_features=3072, bias=False)
        (attn_drop): Dropout(p=0.0, inplace=False)
        (proj): Linear(in_features=1024, out_features=1024, bias=True)
        (proj_drop): Dropout(p=0.0, inplace=False)
      )
      (drop_path): DropPath(p=0.06956521421670914)
      (norm2): LayerNorm((1024,), eps=1e-06, elementwise_affine=True)
      (mlp): Mlp(
        (fc1): Linear(in_features=1024, out_features=4096, bias=True)
        (act): GELU(approximate='none')
        (fc2): Linear(in_features=4096, out_features=1024, bias=True)
        (drop): Dropout(p=0.0, inplace=False)
      )
    )
    (17): Block(
      (norm1): LayerNorm((1024,), eps=1e-06, elementwise_affine=True)
      (attn): Attention(
        (qkv): Linear(in_features=1024, out_features=3072, bias=False)
        (attn_drop): Dropout(p=0.0, inplace=False)
        (proj): Linear(in_features=1024, out_features=1024, bias=True)
        (proj_drop): Dropout(p=0.0, inplace=False)
      )
      (drop_path): DropPath(p=0.07391304522752762)
      (norm2): LayerNorm((1024,), eps=1e-06, elementwise_affine=True)
      (mlp): Mlp(
        (fc1): Linear(in_features=1024, out_features=4096, bias=True)
        (act): GELU(approximate='none')
        (fc2): Linear(in_features=4096, out_features=1024, bias=True)
        (drop): Dropout(p=0.0, inplace=False)
      )
    )
    (18): Block(
      (norm1): LayerNorm((1024,), eps=1e-06, elementwise_affine=True)
      (attn): Attention(
        (qkv): Linear(in_features=1024, out_features=3072, bias=False)
        (attn_drop): Dropout(p=0.0, inplace=False)
        (proj): Linear(in_features=1024, out_features=1024, bias=True)
        (proj_drop): Dropout(p=0.0, inplace=False)
      )
      (drop_path): DropPath(p=0.0782608687877655)
      (norm2): LayerNorm((1024,), eps=1e-06, elementwise_affine=True)
      (mlp): Mlp(
        (fc1): Linear(in_features=1024, out_features=4096, bias=True)
        (act): GELU(approximate='none')
        (fc2): Linear(in_features=4096, out_features=1024, bias=True)
        (drop): Dropout(p=0.0, inplace=False)
      )
    )
    (19): Block(
      (norm1): LayerNorm((1024,), eps=1e-06, elementwise_affine=True)
      (attn): Attention(
        (qkv): Linear(in_features=1024, out_features=3072, bias=False)
        (attn_drop): Dropout(p=0.0, inplace=False)
        (proj): Linear(in_features=1024, out_features=1024, bias=True)
        (proj_drop): Dropout(p=0.0, inplace=False)
      )
      (drop_path): DropPath(p=0.08260869979858398)
      (norm2): LayerNorm((1024,), eps=1e-06, elementwise_affine=True)
      (mlp): Mlp(
        (fc1): Linear(in_features=1024, out_features=4096, bias=True)
        (act): GELU(approximate='none')
        (fc2): Linear(in_features=4096, out_features=1024, bias=True)
        (drop): Dropout(p=0.0, inplace=False)
      )
    )
    (20): Block(
      (norm1): LayerNorm((1024,), eps=1e-06, elementwise_affine=True)
      (attn): Attention(
        (qkv): Linear(in_features=1024, out_features=3072, bias=False)
        (attn_drop): Dropout(p=0.0, inplace=False)
        (proj): Linear(in_features=1024, out_features=1024, bias=True)
        (proj_drop): Dropout(p=0.0, inplace=False)
      )
      (drop_path): DropPath(p=0.08695652335882187)
      (norm2): LayerNorm((1024,), eps=1e-06, elementwise_affine=True)
      (mlp): Mlp(
        (fc1): Linear(in_features=1024, out_features=4096, bias=True)
        (act): GELU(approximate='none')
        (fc2): Linear(in_features=4096, out_features=1024, bias=True)
        (drop): Dropout(p=0.0, inplace=False)
      )
    )
    (21): Block(
      (norm1): LayerNorm((1024,), eps=1e-06, elementwise_affine=True)
      (attn): Attention(
        (qkv): Linear(in_features=1024, out_features=3072, bias=False)
        (attn_drop): Dropout(p=0.0, inplace=False)
        (proj): Linear(in_features=1024, out_features=1024, bias=True)
        (proj_drop): Dropout(p=0.0, inplace=False)
      )
      (drop_path): DropPath(p=0.09130434691905975)
      (norm2): LayerNorm((1024,), eps=1e-06, elementwise_affine=True)
      (mlp): Mlp(
        (fc1): Linear(in_features=1024, out_features=4096, bias=True)
        (act): GELU(approximate='none')
        (fc2): Linear(in_features=4096, out_features=1024, bias=True)
        (drop): Dropout(p=0.0, inplace=False)
      )
    )
    (22): Block(
      (norm1): LayerNorm((1024,), eps=1e-06, elementwise_affine=True)
      (attn): Attention(
        (qkv): Linear(in_features=1024, out_features=3072, bias=False)
        (attn_drop): Dropout(p=0.0, inplace=False)
        (proj): Linear(in_features=1024, out_features=1024, bias=True)
        (proj_drop): Dropout(p=0.0, inplace=False)
      )
      (drop_path): DropPath(p=0.09565217792987823)
      (norm2): LayerNorm((1024,), eps=1e-06, elementwise_affine=True)
      (mlp): Mlp(
        (fc1): Linear(in_features=1024, out_features=4096, bias=True)
        (act): GELU(approximate='none')
        (fc2): Linear(in_features=4096, out_features=1024, bias=True)
        (drop): Dropout(p=0.0, inplace=False)
      )
    )
    (23): Block(
      (norm1): LayerNorm((1024,), eps=1e-06, elementwise_affine=True)
      (attn): Attention(
        (qkv): Linear(in_features=1024, out_features=3072, bias=False)
        (attn_drop): Dropout(p=0.0, inplace=False)
        (proj): Linear(in_features=1024, out_features=1024, bias=True)
        (proj_drop): Dropout(p=0.0, inplace=False)
      )
      (drop_path): DropPath(p=0.10000000149011612)
      (norm2): LayerNorm((1024,), eps=1e-06, elementwise_affine=True)
      (mlp): Mlp(
        (fc1): Linear(in_features=1024, out_features=4096, bias=True)
        (act): GELU(approximate='none')
        (fc2): Linear(in_features=4096, out_features=1024, bias=True)
        (drop): Dropout(p=0.0, inplace=False)
      )
    )
  )
  (norm): LayerNorm((1024,), eps=1e-06, elementwise_affine=True)
  (head): Linear(in_features=1024, out_features=1000, bias=True)
)
normalization method:  imagenet
  [CP] N_k=412 · 학습 파라미터 backbone 25.2M (blocks (22, 23) + norm) + head 0.4M · drop_path(22,23)=[0.09565217792987823, 0.10000000149011612] · batch=32×accum=1 · epochs=150
normalization method:  imagenet
  [CP] oral_diseases fold0 ep001/150 loss=6.1293 lr=6.67e-06 (3s) · head-only
  [CP] oral_diseases fold0 ep002/150 loss=6.1184 lr=1.33e-05 (2s) · head-only
  [CP] oral_diseases fold0 ep003/150 loss=6.1107 lr=2.00e-05 (2s) · head-only
  [CP] oral_diseases fold0 ep010/150 loss=5.9741 lr=6.67e-05 (3s)
  [CP] oral_diseases fold0 ep020/150 loss=4.6822 lr=9.98e-05 (3s)
  [CP] oral_diseases fold0 ep030/150 loss=3.7874 lr=9.74e-05 (3s)
  [CP] oral_diseases fold0 ep040/150 loss=3.2916 lr=9.24e-05 (3s)
  [CP] oral_diseases fold0 ep050/150 loss=3.0958 lr=8.51e-05 (3s)
  [CP] oral_diseases fold0 ep060/150 loss=2.9716 lr=7.60e-05 (3s)
  [CP] oral_diseases fold0 ep070/150 loss=2.9276 lr=6.55e-05 (3s)
  [CP] oral_diseases fold0 ep080/150 loss=2.8803 lr=5.41e-05 (3s)
  [CP] oral_diseases fold0 ep090/150 loss=2.8773 lr=4.25e-05 (3s)
  [CP] oral_diseases fold0 ep100/150 loss=2.8089 lr=3.13e-05 (3s)
  [CP] oral_diseases fold0 ep110/150 loss=2.8177 lr=2.11e-05 (3s)
  [CP] oral_diseases fold0 ep120/150 loss=2.7724 lr=1.25e-05 (3s)
  [CP] oral_diseases fold0 ep130/150 loss=2.7435 lr=5.85e-06 (3s)
  [CP] oral_diseases fold0 ep140/150 loss=2.7777 lr=1.63e-06 (3s)
  [CP] oral_diseases fold0 ep150/150 loss=2.8123 lr=1.35e-08 (3s)
  [CP] 완료 150 ep · 2.9s/ep · final_loss=2.8123 · GPU peak 2351 MB
normalization method:  imagenet
normalization method:  imagenet
  [extract] 원본 (516, 1024) → w10_cp_feats_oral_diseases_fold0.npy (7s)
normalization method:  imagenet
  [extract] 증강 copy 0 (7s)
  [extract] 증강 copy 1 (7s)
  [extract] 증강 copy 2 (7s)
  [extract] 증강 copy 3 (7s)
  [extract] 증강 (4, 516, 1024) → w10_cp_augfeats_oral_diseases_fold0.npy · copy0 코사인 0.8468
    A0cp fold0: BACC=0.7121 MAE=0.4519 MAE_true=0.4904
    A1cp fold0: BACC=0.6922 MAE=0.5192 MAE_true=0.5642
    A2cp fold0: BACC=0.7201 MAE=0.4423 MAE_true=0.4825
    A3cp fold0: BACC=0.6669 MAE=0.5769 MAE_true=0.5985
    A4cp fold0: BACC=0.7032 MAE=0.5192 MAE_true=0.5611

==============================================================
arm      n_fold     BACC      MCC      MAE  MAE_true
A0cp          1   0.7121   0.6997   0.4519    0.4904
A1cp          1   0.6922   0.6759   0.5192    0.5642
A2cp          1   0.7201   0.7103   0.4423    0.4825
A3cp          1   0.6669   0.6287   0.5769    0.5985
A4cp          1   0.7032   0.6859   0.5192    0.5611
==============================================================

총 8.1 분 · 저장: /home/junkim/paper_ajou_dev/PanDerm/output_dir/p6_regime_f/w10_cp_fold_scores_oral_diseases.csv
🔬 w10 E1 (탐색적 · 사후) · 프로토콜 docs/date/2026-09-03_12th_meeting/research_note/w10_unconstrained_methods_protocol.md §3
device=cuda · dataset=oral_diseases · folds=[1] · stage=all · epochs=150 · batch=32×1 · prefix=w10_
→ /home/junkim/paper_ajou_dev/PanDerm/output_dir/p6_regime_f/w10_cp_fold_scores_oral_diseases.csv

=== oral_diseases · fold 1 (train 413 / test 103) ===
/home/junkim/miniconda3/envs/paper/lib/python3.11/site-packages/timm/models/layers/__init__.py:49: FutureWarning: Importing from timm.models.layers is deprecated, please import via timm.layers
  warnings.warn(f"Importing from {__name__} is deprecated, please import via timm.layers", FutureWarning)
/home/junkim/miniconda3/envs/paper/lib/python3.11/site-packages/timm/models/registry.py:4: FutureWarning: Importing from timm.models.registry is deprecated, please import via timm.models
  warnings.warn(f"Importing from {__name__} is deprecated, please import via timm.models", FutureWarning)
/home/junkim/miniconda3/envs/paper/lib/python3.11/site-packages/torch/functional.py:534: UserWarning: torch.meshgrid: in an upcoming release, it will be required to pass the indexing argument. (Triggered internally at ../aten/src/ATen/native/TensorShape.cpp:3595.)
  return _VF.meshgrid(tensors, **kwargs)  # type: ignore[attr-defined]
loading model checkpoint
VisionTransformer(
  (patch_embed): PatchEmbed(
    (proj): Conv2d(3, 1024, kernel_size=(16, 16), stride=(16, 16))
  )
  (pos_drop): Dropout(p=0.0, inplace=False)
  (blocks): ModuleList(
    (0): Block(
      (norm1): LayerNorm((1024,), eps=1e-06, elementwise_affine=True)
      (attn): Attention(
        (qkv): Linear(in_features=1024, out_features=3072, bias=False)
        (attn_drop): Dropout(p=0.0, inplace=False)
        (proj): Linear(in_features=1024, out_features=1024, bias=True)
        (proj_drop): Dropout(p=0.0, inplace=False)
      )
      (drop_path): Identity()
      (norm2): LayerNorm((1024,), eps=1e-06, elementwise_affine=True)
      (mlp): Mlp(
        (fc1): Linear(in_features=1024, out_features=4096, bias=True)
        (act): GELU(approximate='none')
        (fc2): Linear(in_features=4096, out_features=1024, bias=True)
        (drop): Dropout(p=0.0, inplace=False)
      )
    )
    (1): Block(
      (norm1): LayerNorm((1024,), eps=1e-06, elementwise_affine=True)
      (attn): Attention(
        (qkv): Linear(in_features=1024, out_features=3072, bias=False)
        (attn_drop): Dropout(p=0.0, inplace=False)
        (proj): Linear(in_features=1024, out_features=1024, bias=True)
        (proj_drop): Dropout(p=0.0, inplace=False)
      )
      (drop_path): DropPath(p=0.004347826354205608)
      (norm2): LayerNorm((1024,), eps=1e-06, elementwise_affine=True)
      (mlp): Mlp(
        (fc1): Linear(in_features=1024, out_features=4096, bias=True)
        (act): GELU(approximate='none')
        (fc2): Linear(in_features=4096, out_features=1024, bias=True)
        (drop): Dropout(p=0.0, inplace=False)
      )
    )
    (2): Block(
      (norm1): LayerNorm((1024,), eps=1e-06, elementwise_affine=True)
      (attn): Attention(
        (qkv): Linear(in_features=1024, out_features=3072, bias=False)
        (attn_drop): Dropout(p=0.0, inplace=False)
        (proj): Linear(in_features=1024, out_features=1024, bias=True)
        (proj_drop): Dropout(p=0.0, inplace=False)
      )
      (drop_path): DropPath(p=0.008695652708411217)
      (norm2): LayerNorm((1024,), eps=1e-06, elementwise_affine=True)
      (mlp): Mlp(
        (fc1): Linear(in_features=1024, out_features=4096, bias=True)
        (act): GELU(approximate='none')
        (fc2): Linear(in_features=4096, out_features=1024, bias=True)
        (drop): Dropout(p=0.0, inplace=False)
      )
    )
    (3): Block(
      (norm1): LayerNorm((1024,), eps=1e-06, elementwise_affine=True)
      (attn): Attention(
        (qkv): Linear(in_features=1024, out_features=3072, bias=False)
        (attn_drop): Dropout(p=0.0, inplace=False)
        (proj): Linear(in_features=1024, out_features=1024, bias=True)
        (proj_drop): Dropout(p=0.0, inplace=False)
      )
      (drop_path): DropPath(p=0.013043479062616825)
      (norm2): LayerNorm((1024,), eps=1e-06, elementwise_affine=True)
      (mlp): Mlp(
        (fc1): Linear(in_features=1024, out_features=4096, bias=True)
        (act): GELU(approximate='none')
        (fc2): Linear(in_features=4096, out_features=1024, bias=True)
        (drop): Dropout(p=0.0, inplace=False)
      )
    )
    (4): Block(
      (norm1): LayerNorm((1024,), eps=1e-06, elementwise_affine=True)
      (attn): Attention(
        (qkv): Linear(in_features=1024, out_features=3072, bias=False)
        (attn_drop): Dropout(p=0.0, inplace=False)
        (proj): Linear(in_features=1024, out_features=1024, bias=True)
        (proj_drop): Dropout(p=0.0, inplace=False)
      )
      (drop_path): DropPath(p=0.017391305416822433)
      (norm2): LayerNorm((1024,), eps=1e-06, elementwise_affine=True)
      (mlp): Mlp(
        (fc1): Linear(in_features=1024, out_features=4096, bias=True)
        (act): GELU(approximate='none')
        (fc2): Linear(in_features=4096, out_features=1024, bias=True)
        (drop): Dropout(p=0.0, inplace=False)
      )
    )
    (5): Block(
      (norm1): LayerNorm((1024,), eps=1e-06, elementwise_affine=True)
      (attn): Attention(
        (qkv): Linear(in_features=1024, out_features=3072, bias=False)
        (attn_drop): Dropout(p=0.0, inplace=False)
        (proj): Linear(in_features=1024, out_features=1024, bias=True)
        (proj_drop): Dropout(p=0.0, inplace=False)
      )
      (drop_path): DropPath(p=0.021739132702350616)
      (norm2): LayerNorm((1024,), eps=1e-06, elementwise_affine=True)
      (mlp): Mlp(
        (fc1): Linear(in_features=1024, out_features=4096, bias=True)
        (act): GELU(approximate='none')
        (fc2): Linear(in_features=4096, out_features=1024, bias=True)
        (drop): Dropout(p=0.0, inplace=False)
      )
    )
    (6): Block(
      (norm1): LayerNorm((1024,), eps=1e-06, elementwise_affine=True)
      (attn): Attention(
        (qkv): Linear(in_features=1024, out_features=3072, bias=False)
        (attn_drop): Dropout(p=0.0, inplace=False)
        (proj): Linear(in_features=1024, out_features=1024, bias=True)
        (proj_drop): Dropout(p=0.0, inplace=False)
      )
      (drop_path): DropPath(p=0.02608695812523365)
      (norm2): LayerNorm((1024,), eps=1e-06, elementwise_affine=True)
      (mlp): Mlp(
        (fc1): Linear(in_features=1024, out_features=4096, bias=True)
        (act): GELU(approximate='none')
        (fc2): Linear(in_features=4096, out_features=1024, bias=True)
        (drop): Dropout(p=0.0, inplace=False)
      )
    )
    (7): Block(
      (norm1): LayerNorm((1024,), eps=1e-06, elementwise_affine=True)
      (attn): Attention(
        (qkv): Linear(in_features=1024, out_features=3072, bias=False)
        (attn_drop): Dropout(p=0.0, inplace=False)
        (proj): Linear(in_features=1024, out_features=1024, bias=True)
        (proj_drop): Dropout(p=0.0, inplace=False)
      )
      (drop_path): DropPath(p=0.030434783548116684)
      (norm2): LayerNorm((1024,), eps=1e-06, elementwise_affine=True)
      (mlp): Mlp(
        (fc1): Linear(in_features=1024, out_features=4096, bias=True)
        (act): GELU(approximate='none')
        (fc2): Linear(in_features=4096, out_features=1024, bias=True)
        (drop): Dropout(p=0.0, inplace=False)
      )
    )
    (8): Block(
      (norm1): LayerNorm((1024,), eps=1e-06, elementwise_affine=True)
      (attn): Attention(
        (qkv): Linear(in_features=1024, out_features=3072, bias=False)
        (attn_drop): Dropout(p=0.0, inplace=False)
        (proj): Linear(in_features=1024, out_features=1024, bias=True)
        (proj_drop): Dropout(p=0.0, inplace=False)
      )
      (drop_path): DropPath(p=0.03478261083364487)
      (norm2): LayerNorm((1024,), eps=1e-06, elementwise_affine=True)
      (mlp): Mlp(
        (fc1): Linear(in_features=1024, out_features=4096, bias=True)
        (act): GELU(approximate='none')
        (fc2): Linear(in_features=4096, out_features=1024, bias=True)
        (drop): Dropout(p=0.0, inplace=False)
      )
    )
    (9): Block(
      (norm1): LayerNorm((1024,), eps=1e-06, elementwise_affine=True)
      (attn): Attention(
        (qkv): Linear(in_features=1024, out_features=3072, bias=False)
        (attn_drop): Dropout(p=0.0, inplace=False)
        (proj): Linear(in_features=1024, out_features=1024, bias=True)
        (proj_drop): Dropout(p=0.0, inplace=False)
      )
      (drop_path): DropPath(p=0.03913043811917305)
      (norm2): LayerNorm((1024,), eps=1e-06, elementwise_affine=True)
      (mlp): Mlp(
        (fc1): Linear(in_features=1024, out_features=4096, bias=True)
        (act): GELU(approximate='none')
        (fc2): Linear(in_features=4096, out_features=1024, bias=True)
        (drop): Dropout(p=0.0, inplace=False)
      )
    )
    (10): Block(
      (norm1): LayerNorm((1024,), eps=1e-06, elementwise_affine=True)
      (attn): Attention(
        (qkv): Linear(in_features=1024, out_features=3072, bias=False)
        (attn_drop): Dropout(p=0.0, inplace=False)
        (proj): Linear(in_features=1024, out_features=1024, bias=True)
        (proj_drop): Dropout(p=0.0, inplace=False)
      )
      (drop_path): DropPath(p=0.04347826540470123)
      (norm2): LayerNorm((1024,), eps=1e-06, elementwise_affine=True)
      (mlp): Mlp(
        (fc1): Linear(in_features=1024, out_features=4096, bias=True)
        (act): GELU(approximate='none')
        (fc2): Linear(in_features=4096, out_features=1024, bias=True)
        (drop): Dropout(p=0.0, inplace=False)
      )
    )
    (11): Block(
      (norm1): LayerNorm((1024,), eps=1e-06, elementwise_affine=True)
      (attn): Attention(
        (qkv): Linear(in_features=1024, out_features=3072, bias=False)
        (attn_drop): Dropout(p=0.0, inplace=False)
        (proj): Linear(in_features=1024, out_features=1024, bias=True)
        (proj_drop): Dropout(p=0.0, inplace=False)
      )
      (drop_path): DropPath(p=0.04782608896493912)
      (norm2): LayerNorm((1024,), eps=1e-06, elementwise_affine=True)
      (mlp): Mlp(
        (fc1): Linear(in_features=1024, out_features=4096, bias=True)
        (act): GELU(approximate='none')
        (fc2): Linear(in_features=4096, out_features=1024, bias=True)
        (drop): Dropout(p=0.0, inplace=False)
      )
    )
    (12): Block(
      (norm1): LayerNorm((1024,), eps=1e-06, elementwise_affine=True)
      (attn): Attention(
        (qkv): Linear(in_features=1024, out_features=3072, bias=False)
        (attn_drop): Dropout(p=0.0, inplace=False)
        (proj): Linear(in_features=1024, out_features=1024, bias=True)
        (proj_drop): Dropout(p=0.0, inplace=False)
      )
      (drop_path): DropPath(p=0.052173912525177)
      (norm2): LayerNorm((1024,), eps=1e-06, elementwise_affine=True)
      (mlp): Mlp(
        (fc1): Linear(in_features=1024, out_features=4096, bias=True)
        (act): GELU(approximate='none')
        (fc2): Linear(in_features=4096, out_features=1024, bias=True)
        (drop): Dropout(p=0.0, inplace=False)
      )
    )
    (13): Block(
      (norm1): LayerNorm((1024,), eps=1e-06, elementwise_affine=True)
      (attn): Attention(
        (qkv): Linear(in_features=1024, out_features=3072, bias=False)
        (attn_drop): Dropout(p=0.0, inplace=False)
        (proj): Linear(in_features=1024, out_features=1024, bias=True)
        (proj_drop): Dropout(p=0.0, inplace=False)
      )
      (drop_path): DropPath(p=0.056521736085414886)
      (norm2): LayerNorm((1024,), eps=1e-06, elementwise_affine=True)
      (mlp): Mlp(
        (fc1): Linear(in_features=1024, out_features=4096, bias=True)
        (act): GELU(approximate='none')
        (fc2): Linear(in_features=4096, out_features=1024, bias=True)
        (drop): Dropout(p=0.0, inplace=False)
      )
    )
    (14): Block(
      (norm1): LayerNorm((1024,), eps=1e-06, elementwise_affine=True)
      (attn): Attention(
        (qkv): Linear(in_features=1024, out_features=3072, bias=False)
        (attn_drop): Dropout(p=0.0, inplace=False)
        (proj): Linear(in_features=1024, out_features=1024, bias=True)
        (proj_drop): Dropout(p=0.0, inplace=False)
      )
      (drop_path): DropPath(p=0.06086956337094307)
      (norm2): LayerNorm((1024,), eps=1e-06, elementwise_affine=True)
      (mlp): Mlp(
        (fc1): Linear(in_features=1024, out_features=4096, bias=True)
        (act): GELU(approximate='none')
        (fc2): Linear(in_features=4096, out_features=1024, bias=True)
        (drop): Dropout(p=0.0, inplace=False)
      )
    )
    (15): Block(
      (norm1): LayerNorm((1024,), eps=1e-06, elementwise_affine=True)
      (attn): Attention(
        (qkv): Linear(in_features=1024, out_features=3072, bias=False)
        (attn_drop): Dropout(p=0.0, inplace=False)
        (proj): Linear(in_features=1024, out_features=1024, bias=True)
        (proj_drop): Dropout(p=0.0, inplace=False)
      )
      (drop_path): DropPath(p=0.06521739065647125)
      (norm2): LayerNorm((1024,), eps=1e-06, elementwise_affine=True)
      (mlp): Mlp(
        (fc1): Linear(in_features=1024, out_features=4096, bias=True)
        (act): GELU(approximate='none')
        (fc2): Linear(in_features=4096, out_features=1024, bias=True)
        (drop): Dropout(p=0.0, inplace=False)
      )
    )
    (16): Block(
      (norm1): LayerNorm((1024,), eps=1e-06, elementwise_affine=True)
      (attn): Attention(
        (qkv): Linear(in_features=1024, out_features=3072, bias=False)
        (attn_drop): Dropout(p=0.0, inplace=False)
        (proj): Linear(in_features=1024, out_features=1024, bias=True)
        (proj_drop): Dropout(p=0.0, inplace=False)
      )
      (drop_path): DropPath(p=0.06956521421670914)
      (norm2): LayerNorm((1024,), eps=1e-06, elementwise_affine=True)
      (mlp): Mlp(
        (fc1): Linear(in_features=1024, out_features=4096, bias=True)
        (act): GELU(approximate='none')
        (fc2): Linear(in_features=4096, out_features=1024, bias=True)
        (drop): Dropout(p=0.0, inplace=False)
      )
    )
    (17): Block(
      (norm1): LayerNorm((1024,), eps=1e-06, elementwise_affine=True)
      (attn): Attention(
        (qkv): Linear(in_features=1024, out_features=3072, bias=False)
        (attn_drop): Dropout(p=0.0, inplace=False)
        (proj): Linear(in_features=1024, out_features=1024, bias=True)
        (proj_drop): Dropout(p=0.0, inplace=False)
      )
      (drop_path): DropPath(p=0.07391304522752762)
      (norm2): LayerNorm((1024,), eps=1e-06, elementwise_affine=True)
      (mlp): Mlp(
        (fc1): Linear(in_features=1024, out_features=4096, bias=True)
        (act): GELU(approximate='none')
        (fc2): Linear(in_features=4096, out_features=1024, bias=True)
        (drop): Dropout(p=0.0, inplace=False)
      )
    )
    (18): Block(
      (norm1): LayerNorm((1024,), eps=1e-06, elementwise_affine=True)
      (attn): Attention(
        (qkv): Linear(in_features=1024, out_features=3072, bias=False)
        (attn_drop): Dropout(p=0.0, inplace=False)
        (proj): Linear(in_features=1024, out_features=1024, bias=True)
        (proj_drop): Dropout(p=0.0, inplace=False)
      )
      (drop_path): DropPath(p=0.0782608687877655)
      (norm2): LayerNorm((1024,), eps=1e-06, elementwise_affine=True)
      (mlp): Mlp(
        (fc1): Linear(in_features=1024, out_features=4096, bias=True)
        (act): GELU(approximate='none')
        (fc2): Linear(in_features=4096, out_features=1024, bias=True)
        (drop): Dropout(p=0.0, inplace=False)
      )
    )
    (19): Block(
      (norm1): LayerNorm((1024,), eps=1e-06, elementwise_affine=True)
      (attn): Attention(
        (qkv): Linear(in_features=1024, out_features=3072, bias=False)
        (attn_drop): Dropout(p=0.0, inplace=False)
        (proj): Linear(in_features=1024, out_features=1024, bias=True)
        (proj_drop): Dropout(p=0.0, inplace=False)
      )
      (drop_path): DropPath(p=0.08260869979858398)
      (norm2): LayerNorm((1024,), eps=1e-06, elementwise_affine=True)
      (mlp): Mlp(
        (fc1): Linear(in_features=1024, out_features=4096, bias=True)
        (act): GELU(approximate='none')
        (fc2): Linear(in_features=4096, out_features=1024, bias=True)
        (drop): Dropout(p=0.0, inplace=False)
      )
    )
    (20): Block(
      (norm1): LayerNorm((1024,), eps=1e-06, elementwise_affine=True)
      (attn): Attention(
        (qkv): Linear(in_features=1024, out_features=3072, bias=False)
        (attn_drop): Dropout(p=0.0, inplace=False)
        (proj): Linear(in_features=1024, out_features=1024, bias=True)
        (proj_drop): Dropout(p=0.0, inplace=False)
      )
      (drop_path): DropPath(p=0.08695652335882187)
      (norm2): LayerNorm((1024,), eps=1e-06, elementwise_affine=True)
      (mlp): Mlp(
        (fc1): Linear(in_features=1024, out_features=4096, bias=True)
        (act): GELU(approximate='none')
        (fc2): Linear(in_features=4096, out_features=1024, bias=True)
        (drop): Dropout(p=0.0, inplace=False)
      )
    )
    (21): Block(
      (norm1): LayerNorm((1024,), eps=1e-06, elementwise_affine=True)
      (attn): Attention(
        (qkv): Linear(in_features=1024, out_features=3072, bias=False)
        (attn_drop): Dropout(p=0.0, inplace=False)
        (proj): Linear(in_features=1024, out_features=1024, bias=True)
        (proj_drop): Dropout(p=0.0, inplace=False)
      )
      (drop_path): DropPath(p=0.09130434691905975)
      (norm2): LayerNorm((1024,), eps=1e-06, elementwise_affine=True)
      (mlp): Mlp(
        (fc1): Linear(in_features=1024, out_features=4096, bias=True)
        (act): GELU(approximate='none')
        (fc2): Linear(in_features=4096, out_features=1024, bias=True)
        (drop): Dropout(p=0.0, inplace=False)
      )
    )
    (22): Block(
      (norm1): LayerNorm((1024,), eps=1e-06, elementwise_affine=True)
      (attn): Attention(
        (qkv): Linear(in_features=1024, out_features=3072, bias=False)
        (attn_drop): Dropout(p=0.0, inplace=False)
        (proj): Linear(in_features=1024, out_features=1024, bias=True)
        (proj_drop): Dropout(p=0.0, inplace=False)
      )
      (drop_path): DropPath(p=0.09565217792987823)
      (norm2): LayerNorm((1024,), eps=1e-06, elementwise_affine=True)
      (mlp): Mlp(
        (fc1): Linear(in_features=1024, out_features=4096, bias=True)
        (act): GELU(approximate='none')
        (fc2): Linear(in_features=4096, out_features=1024, bias=True)
        (drop): Dropout(p=0.0, inplace=False)
      )
    )
    (23): Block(
      (norm1): LayerNorm((1024,), eps=1e-06, elementwise_affine=True)
      (attn): Attention(
        (qkv): Linear(in_features=1024, out_features=3072, bias=False)
        (attn_drop): Dropout(p=0.0, inplace=False)
        (proj): Linear(in_features=1024, out_features=1024, bias=True)
        (proj_drop): Dropout(p=0.0, inplace=False)
      )
      (drop_path): DropPath(p=0.10000000149011612)
      (norm2): LayerNorm((1024,), eps=1e-06, elementwise_affine=True)
      (mlp): Mlp(
        (fc1): Linear(in_features=1024, out_features=4096, bias=True)
        (act): GELU(approximate='none')
        (fc2): Linear(in_features=4096, out_features=1024, bias=True)
        (drop): Dropout(p=0.0, inplace=False)
      )
    )
  )
  (norm): LayerNorm((1024,), eps=1e-06, elementwise_affine=True)
  (head): Linear(in_features=1024, out_features=1000, bias=True)
)
normalization method:  imagenet
  [CP] N_k=413 · 학습 파라미터 backbone 25.2M (blocks (22, 23) + norm) + head 0.4M · drop_path(22,23)=[0.09565217792987823, 0.10000000149011612] · batch=32×accum=1 · epochs=150
normalization method:  imagenet
  [CP] oral_diseases fold1 ep001/150 loss=6.1208 lr=6.67e-06 (3s) · head-only
  [CP] oral_diseases fold1 ep002/150 loss=6.1101 lr=1.33e-05 (2s) · head-only
  [CP] oral_diseases fold1 ep003/150 loss=6.1066 lr=2.00e-05 (2s) · head-only
  [CP] oral_diseases fold1 ep010/150 loss=5.9578 lr=6.67e-05 (3s)
  [CP] oral_diseases fold1 ep020/150 loss=4.6720 lr=9.98e-05 (3s)
  [CP] oral_diseases fold1 ep030/150 loss=3.6904 lr=9.74e-05 (3s)
  [CP] oral_diseases fold1 ep040/150 loss=3.2885 lr=9.24e-05 (3s)
  [CP] oral_diseases fold1 ep050/150 loss=3.1024 lr=8.51e-05 (3s)
  [CP] oral_diseases fold1 ep060/150 loss=2.9933 lr=7.60e-05 (3s)
  [CP] oral_diseases fold1 ep070/150 loss=2.8898 lr=6.55e-05 (3s)
  [CP] oral_diseases fold1 ep080/150 loss=2.8603 lr=5.41e-05 (3s)
  [CP] oral_diseases fold1 ep090/150 loss=2.7964 lr=4.25e-05 (3s)
  [CP] oral_diseases fold1 ep100/150 loss=2.8061 lr=3.13e-05 (3s)
  [CP] oral_diseases fold1 ep110/150 loss=2.7508 lr=2.11e-05 (3s)
  [CP] oral_diseases fold1 ep120/150 loss=2.7334 lr=1.25e-05 (3s)
  [CP] oral_diseases fold1 ep130/150 loss=2.7801 lr=5.85e-06 (3s)
  [CP] oral_diseases fold1 ep140/150 loss=2.7683 lr=1.63e-06 (3s)
  [CP] oral_diseases fold1 ep150/150 loss=2.8144 lr=1.35e-08 (3s)
  [CP] 완료 150 ep · 3.0s/ep · final_loss=2.8144 · GPU peak 2351 MB
normalization method:  imagenet
normalization method:  imagenet
  [extract] 원본 (516, 1024) → w10_cp_feats_oral_diseases_fold1.npy (7s)
normalization method:  imagenet
  [extract] 증강 copy 0 (7s)
  [extract] 증강 copy 1 (7s)
  [extract] 증강 copy 2 (7s)
  [extract] 증강 copy 3 (7s)
  [extract] 증강 (4, 516, 1024) → w10_cp_augfeats_oral_diseases_fold1.npy · copy0 코사인 0.8401
    A0cp fold1: BACC=0.7357 MAE=0.4466 MAE_true=0.4275
    A1cp fold1: BACC=0.7674 MAE=0.4466 MAE_true=0.4229
    A2cp fold1: BACC=0.7357 MAE=0.4466 MAE_true=0.4275
    A3cp fold1: BACC=0.7545 MAE=0.4563 MAE_true=0.4393
    A4cp fold1: BACC=0.7594 MAE=0.4660 MAE_true=0.4387

==============================================================
arm      n_fold     BACC      MCC      MAE  MAE_true
A0cp          2   0.7239   0.6967   0.4493    0.4589
A1cp          2   0.7298   0.6970   0.4829    0.4935
A2cp          2   0.7279   0.7020   0.4445    0.4550
A3cp          2   0.7107   0.6676   0.5166    0.5189
A4cp          2   0.7313   0.6966   0.4926    0.4999
==============================================================

총 8.1 분 · 저장: /home/junkim/paper_ajou_dev/PanDerm/output_dir/p6_regime_f/w10_cp_fold_scores_oral_diseases.csv
🔬 w10 E1 (탐색적 · 사후) · 프로토콜 docs/date/2026-09-03_12th_meeting/research_note/w10_unconstrained_methods_protocol.md §3
device=cuda · dataset=oral_diseases · folds=[2] · stage=all · epochs=150 · batch=32×1 · prefix=w10_
→ /home/junkim/paper_ajou_dev/PanDerm/output_dir/p6_regime_f/w10_cp_fold_scores_oral_diseases.csv

=== oral_diseases · fold 2 (train 413 / test 103) ===
/home/junkim/miniconda3/envs/paper/lib/python3.11/site-packages/timm/models/layers/__init__.py:49: FutureWarning: Importing from timm.models.layers is deprecated, please import via timm.layers
  warnings.warn(f"Importing from {__name__} is deprecated, please import via timm.layers", FutureWarning)
/home/junkim/miniconda3/envs/paper/lib/python3.11/site-packages/timm/models/registry.py:4: FutureWarning: Importing from timm.models.registry is deprecated, please import via timm.models
  warnings.warn(f"Importing from {__name__} is deprecated, please import via timm.models", FutureWarning)
/home/junkim/miniconda3/envs/paper/lib/python3.11/site-packages/torch/functional.py:534: UserWarning: torch.meshgrid: in an upcoming release, it will be required to pass the indexing argument. (Triggered internally at ../aten/src/ATen/native/TensorShape.cpp:3595.)
  return _VF.meshgrid(tensors, **kwargs)  # type: ignore[attr-defined]
loading model checkpoint
VisionTransformer(
  (patch_embed): PatchEmbed(
    (proj): Conv2d(3, 1024, kernel_size=(16, 16), stride=(16, 16))
  )
  (pos_drop): Dropout(p=0.0, inplace=False)
  (blocks): ModuleList(
    (0): Block(
      (norm1): LayerNorm((1024,), eps=1e-06, elementwise_affine=True)
      (attn): Attention(
        (qkv): Linear(in_features=1024, out_features=3072, bias=False)
        (attn_drop): Dropout(p=0.0, inplace=False)
        (proj): Linear(in_features=1024, out_features=1024, bias=True)
        (proj_drop): Dropout(p=0.0, inplace=False)
      )
      (drop_path): Identity()
      (norm2): LayerNorm((1024,), eps=1e-06, elementwise_affine=True)
      (mlp): Mlp(
        (fc1): Linear(in_features=1024, out_features=4096, bias=True)
        (act): GELU(approximate='none')
        (fc2): Linear(in_features=4096, out_features=1024, bias=True)
        (drop): Dropout(p=0.0, inplace=False)
      )
    )
    (1): Block(
      (norm1): LayerNorm((1024,), eps=1e-06, elementwise_affine=True)
      (attn): Attention(
        (qkv): Linear(in_features=1024, out_features=3072, bias=False)
        (attn_drop): Dropout(p=0.0, inplace=False)
        (proj): Linear(in_features=1024, out_features=1024, bias=True)
        (proj_drop): Dropout(p=0.0, inplace=False)
      )
      (drop_path): DropPath(p=0.004347826354205608)
      (norm2): LayerNorm((1024,), eps=1e-06, elementwise_affine=True)
      (mlp): Mlp(
        (fc1): Linear(in_features=1024, out_features=4096, bias=True)
        (act): GELU(approximate='none')
        (fc2): Linear(in_features=4096, out_features=1024, bias=True)
        (drop): Dropout(p=0.0, inplace=False)
      )
    )
    (2): Block(
      (norm1): LayerNorm((1024,), eps=1e-06, elementwise_affine=True)
      (attn): Attention(
        (qkv): Linear(in_features=1024, out_features=3072, bias=False)
        (attn_drop): Dropout(p=0.0, inplace=False)
        (proj): Linear(in_features=1024, out_features=1024, bias=True)
        (proj_drop): Dropout(p=0.0, inplace=False)
      )
      (drop_path): DropPath(p=0.008695652708411217)
      (norm2): LayerNorm((1024,), eps=1e-06, elementwise_affine=True)
      (mlp): Mlp(
        (fc1): Linear(in_features=1024, out_features=4096, bias=True)
        (act): GELU(approximate='none')
        (fc2): Linear(in_features=4096, out_features=1024, bias=True)
        (drop): Dropout(p=0.0, inplace=False)
      )
    )
    (3): Block(
      (norm1): LayerNorm((1024,), eps=1e-06, elementwise_affine=True)
      (attn): Attention(
        (qkv): Linear(in_features=1024, out_features=3072, bias=False)
        (attn_drop): Dropout(p=0.0, inplace=False)
        (proj): Linear(in_features=1024, out_features=1024, bias=True)
        (proj_drop): Dropout(p=0.0, inplace=False)
      )
      (drop_path): DropPath(p=0.013043479062616825)
      (norm2): LayerNorm((1024,), eps=1e-06, elementwise_affine=True)
      (mlp): Mlp(
        (fc1): Linear(in_features=1024, out_features=4096, bias=True)
        (act): GELU(approximate='none')
        (fc2): Linear(in_features=4096, out_features=1024, bias=True)
        (drop): Dropout(p=0.0, inplace=False)
      )
    )
    (4): Block(
      (norm1): LayerNorm((1024,), eps=1e-06, elementwise_affine=True)
      (attn): Attention(
        (qkv): Linear(in_features=1024, out_features=3072, bias=False)
        (attn_drop): Dropout(p=0.0, inplace=False)
        (proj): Linear(in_features=1024, out_features=1024, bias=True)
        (proj_drop): Dropout(p=0.0, inplace=False)
      )
      (drop_path): DropPath(p=0.017391305416822433)
      (norm2): LayerNorm((1024,), eps=1e-06, elementwise_affine=True)
      (mlp): Mlp(
        (fc1): Linear(in_features=1024, out_features=4096, bias=True)
        (act): GELU(approximate='none')
        (fc2): Linear(in_features=4096, out_features=1024, bias=True)
        (drop): Dropout(p=0.0, inplace=False)
      )
    )
    (5): Block(
      (norm1): LayerNorm((1024,), eps=1e-06, elementwise_affine=True)
      (attn): Attention(
        (qkv): Linear(in_features=1024, out_features=3072, bias=False)
        (attn_drop): Dropout(p=0.0, inplace=False)
        (proj): Linear(in_features=1024, out_features=1024, bias=True)
        (proj_drop): Dropout(p=0.0, inplace=False)
      )
      (drop_path): DropPath(p=0.021739132702350616)
      (norm2): LayerNorm((1024,), eps=1e-06, elementwise_affine=True)
      (mlp): Mlp(
        (fc1): Linear(in_features=1024, out_features=4096, bias=True)
        (act): GELU(approximate='none')
        (fc2): Linear(in_features=4096, out_features=1024, bias=True)
        (drop): Dropout(p=0.0, inplace=False)
      )
    )
    (6): Block(
      (norm1): LayerNorm((1024,), eps=1e-06, elementwise_affine=True)
      (attn): Attention(
        (qkv): Linear(in_features=1024, out_features=3072, bias=False)
        (attn_drop): Dropout(p=0.0, inplace=False)
        (proj): Linear(in_features=1024, out_features=1024, bias=True)
        (proj_drop): Dropout(p=0.0, inplace=False)
      )
      (drop_path): DropPath(p=0.02608695812523365)
      (norm2): LayerNorm((1024,), eps=1e-06, elementwise_affine=True)
      (mlp): Mlp(
        (fc1): Linear(in_features=1024, out_features=4096, bias=True)
        (act): GELU(approximate='none')
        (fc2): Linear(in_features=4096, out_features=1024, bias=True)
        (drop): Dropout(p=0.0, inplace=False)
      )
    )
    (7): Block(
      (norm1): LayerNorm((1024,), eps=1e-06, elementwise_affine=True)
      (attn): Attention(
        (qkv): Linear(in_features=1024, out_features=3072, bias=False)
        (attn_drop): Dropout(p=0.0, inplace=False)
        (proj): Linear(in_features=1024, out_features=1024, bias=True)
        (proj_drop): Dropout(p=0.0, inplace=False)
      )
      (drop_path): DropPath(p=0.030434783548116684)
      (norm2): LayerNorm((1024,), eps=1e-06, elementwise_affine=True)
      (mlp): Mlp(
        (fc1): Linear(in_features=1024, out_features=4096, bias=True)
        (act): GELU(approximate='none')
        (fc2): Linear(in_features=4096, out_features=1024, bias=True)
        (drop): Dropout(p=0.0, inplace=False)
      )
    )
    (8): Block(
      (norm1): LayerNorm((1024,), eps=1e-06, elementwise_affine=True)
      (attn): Attention(
        (qkv): Linear(in_features=1024, out_features=3072, bias=False)
        (attn_drop): Dropout(p=0.0, inplace=False)
        (proj): Linear(in_features=1024, out_features=1024, bias=True)
        (proj_drop): Dropout(p=0.0, inplace=False)
      )
      (drop_path): DropPath(p=0.03478261083364487)
      (norm2): LayerNorm((1024,), eps=1e-06, elementwise_affine=True)
      (mlp): Mlp(
        (fc1): Linear(in_features=1024, out_features=4096, bias=True)
        (act): GELU(approximate='none')
        (fc2): Linear(in_features=4096, out_features=1024, bias=True)
        (drop): Dropout(p=0.0, inplace=False)
      )
    )
    (9): Block(
      (norm1): LayerNorm((1024,), eps=1e-06, elementwise_affine=True)
      (attn): Attention(
        (qkv): Linear(in_features=1024, out_features=3072, bias=False)
        (attn_drop): Dropout(p=0.0, inplace=False)
        (proj): Linear(in_features=1024, out_features=1024, bias=True)
        (proj_drop): Dropout(p=0.0, inplace=False)
      )
      (drop_path): DropPath(p=0.03913043811917305)
      (norm2): LayerNorm((1024,), eps=1e-06, elementwise_affine=True)
      (mlp): Mlp(
        (fc1): Linear(in_features=1024, out_features=4096, bias=True)
        (act): GELU(approximate='none')
        (fc2): Linear(in_features=4096, out_features=1024, bias=True)
        (drop): Dropout(p=0.0, inplace=False)
      )
    )
    (10): Block(
      (norm1): LayerNorm((1024,), eps=1e-06, elementwise_affine=True)
      (attn): Attention(
        (qkv): Linear(in_features=1024, out_features=3072, bias=False)
        (attn_drop): Dropout(p=0.0, inplace=False)
        (proj): Linear(in_features=1024, out_features=1024, bias=True)
        (proj_drop): Dropout(p=0.0, inplace=False)
      )
      (drop_path): DropPath(p=0.04347826540470123)
      (norm2): LayerNorm((1024,), eps=1e-06, elementwise_affine=True)
      (mlp): Mlp(
        (fc1): Linear(in_features=1024, out_features=4096, bias=True)
        (act): GELU(approximate='none')
        (fc2): Linear(in_features=4096, out_features=1024, bias=True)
        (drop): Dropout(p=0.0, inplace=False)
      )
    )
    (11): Block(
      (norm1): LayerNorm((1024,), eps=1e-06, elementwise_affine=True)
      (attn): Attention(
        (qkv): Linear(in_features=1024, out_features=3072, bias=False)
        (attn_drop): Dropout(p=0.0, inplace=False)
        (proj): Linear(in_features=1024, out_features=1024, bias=True)
        (proj_drop): Dropout(p=0.0, inplace=False)
      )
      (drop_path): DropPath(p=0.04782608896493912)
      (norm2): LayerNorm((1024,), eps=1e-06, elementwise_affine=True)
      (mlp): Mlp(
        (fc1): Linear(in_features=1024, out_features=4096, bias=True)
        (act): GELU(approximate='none')
        (fc2): Linear(in_features=4096, out_features=1024, bias=True)
        (drop): Dropout(p=0.0, inplace=False)
      )
    )
    (12): Block(
      (norm1): LayerNorm((1024,), eps=1e-06, elementwise_affine=True)
      (attn): Attention(
        (qkv): Linear(in_features=1024, out_features=3072, bias=False)
        (attn_drop): Dropout(p=0.0, inplace=False)
        (proj): Linear(in_features=1024, out_features=1024, bias=True)
        (proj_drop): Dropout(p=0.0, inplace=False)
      )
      (drop_path): DropPath(p=0.052173912525177)
      (norm2): LayerNorm((1024,), eps=1e-06, elementwise_affine=True)
      (mlp): Mlp(
        (fc1): Linear(in_features=1024, out_features=4096, bias=True)
        (act): GELU(approximate='none')
        (fc2): Linear(in_features=4096, out_features=1024, bias=True)
        (drop): Dropout(p=0.0, inplace=False)
      )
    )
    (13): Block(
      (norm1): LayerNorm((1024,), eps=1e-06, elementwise_affine=True)
      (attn): Attention(
        (qkv): Linear(in_features=1024, out_features=3072, bias=False)
        (attn_drop): Dropout(p=0.0, inplace=False)
        (proj): Linear(in_features=1024, out_features=1024, bias=True)
        (proj_drop): Dropout(p=0.0, inplace=False)
      )
      (drop_path): DropPath(p=0.056521736085414886)
      (norm2): LayerNorm((1024,), eps=1e-06, elementwise_affine=True)
      (mlp): Mlp(
        (fc1): Linear(in_features=1024, out_features=4096, bias=True)
        (act): GELU(approximate='none')
        (fc2): Linear(in_features=4096, out_features=1024, bias=True)
        (drop): Dropout(p=0.0, inplace=False)
      )
    )
    (14): Block(
      (norm1): LayerNorm((1024,), eps=1e-06, elementwise_affine=True)
      (attn): Attention(
        (qkv): Linear(in_features=1024, out_features=3072, bias=False)
        (attn_drop): Dropout(p=0.0, inplace=False)
        (proj): Linear(in_features=1024, out_features=1024, bias=True)
        (proj_drop): Dropout(p=0.0, inplace=False)
      )
      (drop_path): DropPath(p=0.06086956337094307)
      (norm2): LayerNorm((1024,), eps=1e-06, elementwise_affine=True)
      (mlp): Mlp(
        (fc1): Linear(in_features=1024, out_features=4096, bias=True)
        (act): GELU(approximate='none')
        (fc2): Linear(in_features=4096, out_features=1024, bias=True)
        (drop): Dropout(p=0.0, inplace=False)
      )
    )
    (15): Block(
      (norm1): LayerNorm((1024,), eps=1e-06, elementwise_affine=True)
      (attn): Attention(
        (qkv): Linear(in_features=1024, out_features=3072, bias=False)
        (attn_drop): Dropout(p=0.0, inplace=False)
        (proj): Linear(in_features=1024, out_features=1024, bias=True)
        (proj_drop): Dropout(p=0.0, inplace=False)
      )
      (drop_path): DropPath(p=0.06521739065647125)
      (norm2): LayerNorm((1024,), eps=1e-06, elementwise_affine=True)
      (mlp): Mlp(
        (fc1): Linear(in_features=1024, out_features=4096, bias=True)
        (act): GELU(approximate='none')
        (fc2): Linear(in_features=4096, out_features=1024, bias=True)
        (drop): Dropout(p=0.0, inplace=False)
      )
    )
    (16): Block(
      (norm1): LayerNorm((1024,), eps=1e-06, elementwise_affine=True)
      (attn): Attention(
        (qkv): Linear(in_features=1024, out_features=3072, bias=False)
        (attn_drop): Dropout(p=0.0, inplace=False)
        (proj): Linear(in_features=1024, out_features=1024, bias=True)
        (proj_drop): Dropout(p=0.0, inplace=False)
      )
      (drop_path): DropPath(p=0.06956521421670914)
      (norm2): LayerNorm((1024,), eps=1e-06, elementwise_affine=True)
      (mlp): Mlp(
        (fc1): Linear(in_features=1024, out_features=4096, bias=True)
        (act): GELU(approximate='none')
        (fc2): Linear(in_features=4096, out_features=1024, bias=True)
        (drop): Dropout(p=0.0, inplace=False)
      )
    )
    (17): Block(
      (norm1): LayerNorm((1024,), eps=1e-06, elementwise_affine=True)
      (attn): Attention(
        (qkv): Linear(in_features=1024, out_features=3072, bias=False)
        (attn_drop): Dropout(p=0.0, inplace=False)
        (proj): Linear(in_features=1024, out_features=1024, bias=True)
        (proj_drop): Dropout(p=0.0, inplace=False)
      )
      (drop_path): DropPath(p=0.07391304522752762)
      (norm2): LayerNorm((1024,), eps=1e-06, elementwise_affine=True)
      (mlp): Mlp(
        (fc1): Linear(in_features=1024, out_features=4096, bias=True)
        (act): GELU(approximate='none')
        (fc2): Linear(in_features=4096, out_features=1024, bias=True)
        (drop): Dropout(p=0.0, inplace=False)
      )
    )
    (18): Block(
      (norm1): LayerNorm((1024,), eps=1e-06, elementwise_affine=True)
      (attn): Attention(
        (qkv): Linear(in_features=1024, out_features=3072, bias=False)
        (attn_drop): Dropout(p=0.0, inplace=False)
        (proj): Linear(in_features=1024, out_features=1024, bias=True)
        (proj_drop): Dropout(p=0.0, inplace=False)
      )
      (drop_path): DropPath(p=0.0782608687877655)
      (norm2): LayerNorm((1024,), eps=1e-06, elementwise_affine=True)
      (mlp): Mlp(
        (fc1): Linear(in_features=1024, out_features=4096, bias=True)
        (act): GELU(approximate='none')
        (fc2): Linear(in_features=4096, out_features=1024, bias=True)
        (drop): Dropout(p=0.0, inplace=False)
      )
    )
    (19): Block(
      (norm1): LayerNorm((1024,), eps=1e-06, elementwise_affine=True)
      (attn): Attention(
        (qkv): Linear(in_features=1024, out_features=3072, bias=False)
        (attn_drop): Dropout(p=0.0, inplace=False)
        (proj): Linear(in_features=1024, out_features=1024, bias=True)
        (proj_drop): Dropout(p=0.0, inplace=False)
      )
      (drop_path): DropPath(p=0.08260869979858398)
      (norm2): LayerNorm((1024,), eps=1e-06, elementwise_affine=True)
      (mlp): Mlp(
        (fc1): Linear(in_features=1024, out_features=4096, bias=True)
        (act): GELU(approximate='none')
        (fc2): Linear(in_features=4096, out_features=1024, bias=True)
        (drop): Dropout(p=0.0, inplace=False)
      )
    )
    (20): Block(
      (norm1): LayerNorm((1024,), eps=1e-06, elementwise_affine=True)
      (attn): Attention(
        (qkv): Linear(in_features=1024, out_features=3072, bias=False)
        (attn_drop): Dropout(p=0.0, inplace=False)
        (proj): Linear(in_features=1024, out_features=1024, bias=True)
        (proj_drop): Dropout(p=0.0, inplace=False)
      )
      (drop_path): DropPath(p=0.08695652335882187)
      (norm2): LayerNorm((1024,), eps=1e-06, elementwise_affine=True)
      (mlp): Mlp(
        (fc1): Linear(in_features=1024, out_features=4096, bias=True)
        (act): GELU(approximate='none')
        (fc2): Linear(in_features=4096, out_features=1024, bias=True)
        (drop): Dropout(p=0.0, inplace=False)
      )
    )
    (21): Block(
      (norm1): LayerNorm((1024,), eps=1e-06, elementwise_affine=True)
      (attn): Attention(
        (qkv): Linear(in_features=1024, out_features=3072, bias=False)
        (attn_drop): Dropout(p=0.0, inplace=False)
        (proj): Linear(in_features=1024, out_features=1024, bias=True)
        (proj_drop): Dropout(p=0.0, inplace=False)
      )
      (drop_path): DropPath(p=0.09130434691905975)
      (norm2): LayerNorm((1024,), eps=1e-06, elementwise_affine=True)
      (mlp): Mlp(
        (fc1): Linear(in_features=1024, out_features=4096, bias=True)
        (act): GELU(approximate='none')
        (fc2): Linear(in_features=4096, out_features=1024, bias=True)
        (drop): Dropout(p=0.0, inplace=False)
      )
    )
    (22): Block(
      (norm1): LayerNorm((1024,), eps=1e-06, elementwise_affine=True)
      (attn): Attention(
        (qkv): Linear(in_features=1024, out_features=3072, bias=False)
        (attn_drop): Dropout(p=0.0, inplace=False)
        (proj): Linear(in_features=1024, out_features=1024, bias=True)
        (proj_drop): Dropout(p=0.0, inplace=False)
      )
      (drop_path): DropPath(p=0.09565217792987823)
      (norm2): LayerNorm((1024,), eps=1e-06, elementwise_affine=True)
      (mlp): Mlp(
        (fc1): Linear(in_features=1024, out_features=4096, bias=True)
        (act): GELU(approximate='none')
        (fc2): Linear(in_features=4096, out_features=1024, bias=True)
        (drop): Dropout(p=0.0, inplace=False)
      )
    )
    (23): Block(
      (norm1): LayerNorm((1024,), eps=1e-06, elementwise_affine=True)
      (attn): Attention(
        (qkv): Linear(in_features=1024, out_features=3072, bias=False)
        (attn_drop): Dropout(p=0.0, inplace=False)
        (proj): Linear(in_features=1024, out_features=1024, bias=True)
        (proj_drop): Dropout(p=0.0, inplace=False)
      )
      (drop_path): DropPath(p=0.10000000149011612)
      (norm2): LayerNorm((1024,), eps=1e-06, elementwise_affine=True)
      (mlp): Mlp(
        (fc1): Linear(in_features=1024, out_features=4096, bias=True)
        (act): GELU(approximate='none')
        (fc2): Linear(in_features=4096, out_features=1024, bias=True)
        (drop): Dropout(p=0.0, inplace=False)
      )
    )
  )
  (norm): LayerNorm((1024,), eps=1e-06, elementwise_affine=True)
  (head): Linear(in_features=1024, out_features=1000, bias=True)
)
normalization method:  imagenet
  [CP] N_k=413 · 학습 파라미터 backbone 25.2M (blocks (22, 23) + norm) + head 0.4M · drop_path(22,23)=[0.09565217792987823, 0.10000000149011612] · batch=32×accum=1 · epochs=150
normalization method:  imagenet
  [CP] oral_diseases fold2 ep001/150 loss=6.1204 lr=6.67e-06 (3s) · head-only
  [CP] oral_diseases fold2 ep002/150 loss=6.1159 lr=1.33e-05 (2s) · head-only
  [CP] oral_diseases fold2 ep003/150 loss=6.1125 lr=2.00e-05 (2s) · head-only
  [CP] oral_diseases fold2 ep010/150 loss=5.9569 lr=6.67e-05 (3s)
  [CP] oral_diseases fold2 ep020/150 loss=4.6716 lr=9.98e-05 (3s)
  [CP] oral_diseases fold2 ep030/150 loss=3.7027 lr=9.74e-05 (3s)
  [CP] oral_diseases fold2 ep040/150 loss=3.2833 lr=9.24e-05 (3s)
  [CP] oral_diseases fold2 ep050/150 loss=3.0667 lr=8.51e-05 (3s)
  [CP] oral_diseases fold2 ep060/150 loss=2.9575 lr=7.60e-05 (3s)
  [CP] oral_diseases fold2 ep070/150 loss=2.8734 lr=6.55e-05 (3s)
  [CP] oral_diseases fold2 ep080/150 loss=2.8763 lr=5.41e-05 (3s)
  [CP] oral_diseases fold2 ep090/150 loss=2.8002 lr=4.25e-05 (3s)
  [CP] oral_diseases fold2 ep100/150 loss=2.7882 lr=3.13e-05 (3s)
  [CP] oral_diseases fold2 ep110/150 loss=2.7612 lr=2.11e-05 (3s)
  [CP] oral_diseases fold2 ep120/150 loss=2.7432 lr=1.25e-05 (3s)
  [CP] oral_diseases fold2 ep130/150 loss=2.7913 lr=5.85e-06 (3s)
  [CP] oral_diseases fold2 ep140/150 loss=2.7524 lr=1.63e-06 (3s)
  [CP] oral_diseases fold2 ep150/150 loss=2.8330 lr=1.35e-08 (3s)
  [CP] 완료 150 ep · 3.0s/ep · final_loss=2.8330 · GPU peak 2351 MB
normalization method:  imagenet
normalization method:  imagenet
  [extract] 원본 (516, 1024) → w10_cp_feats_oral_diseases_fold2.npy (7s)
normalization method:  imagenet
  [extract] 증강 copy 0 (7s)
  [extract] 증강 copy 1 (7s)
  [extract] 증강 copy 2 (7s)
  [extract] 증강 copy 3 (7s)
  [extract] 증강 (4, 516, 1024) → w10_cp_augfeats_oral_diseases_fold2.npy · copy0 코사인 0.8362
    A0cp fold2: BACC=0.8088 MAE=0.3592 MAE_true=0.3792
    A1cp fold2: BACC=0.7401 MAE=0.5340 MAE_true=0.5556
    A2cp fold2: BACC=0.8112 MAE=0.3495 MAE_true=0.3649
    A3cp fold2: BACC=0.7105 MAE=0.5922 MAE_true=0.6328
    A4cp fold2: BACC=0.7520 MAE=0.5340 MAE_true=0.5567

==============================================================
arm      n_fold     BACC      MCC      MAE  MAE_true
A0cp          3   0.7522   0.7260   0.4192    0.4324
A1cp          3   0.7332   0.6994   0.4999    0.5142
A2cp          3   0.7556   0.7295   0.4128    0.4249
A3cp          3   0.7106   0.6723   0.5418    0.5569
A4cp          3   0.7382   0.7030   0.5064    0.5189
==============================================================

총 8.1 분 · 저장: /home/junkim/paper_ajou_dev/PanDerm/output_dir/p6_regime_f/w10_cp_fold_scores_oral_diseases.csv
🔬 w10 E1 (탐색적 · 사후) · 프로토콜 docs/date/2026-09-03_12th_meeting/research_note/w10_unconstrained_methods_protocol.md §3
device=cuda · dataset=oral_diseases · folds=[3] · stage=all · epochs=150 · batch=32×1 · prefix=w10_
→ /home/junkim/paper_ajou_dev/PanDerm/output_dir/p6_regime_f/w10_cp_fold_scores_oral_diseases.csv

=== oral_diseases · fold 3 (train 413 / test 103) ===
/home/junkim/miniconda3/envs/paper/lib/python3.11/site-packages/timm/models/layers/__init__.py:49: FutureWarning: Importing from timm.models.layers is deprecated, please import via timm.layers
  warnings.warn(f"Importing from {__name__} is deprecated, please import via timm.layers", FutureWarning)
/home/junkim/miniconda3/envs/paper/lib/python3.11/site-packages/timm/models/registry.py:4: FutureWarning: Importing from timm.models.registry is deprecated, please import via timm.models
  warnings.warn(f"Importing from {__name__} is deprecated, please import via timm.models", FutureWarning)
/home/junkim/miniconda3/envs/paper/lib/python3.11/site-packages/torch/functional.py:534: UserWarning: torch.meshgrid: in an upcoming release, it will be required to pass the indexing argument. (Triggered internally at ../aten/src/ATen/native/TensorShape.cpp:3595.)
  return _VF.meshgrid(tensors, **kwargs)  # type: ignore[attr-defined]
loading model checkpoint
VisionTransformer(
  (patch_embed): PatchEmbed(
    (proj): Conv2d(3, 1024, kernel_size=(16, 16), stride=(16, 16))
  )
  (pos_drop): Dropout(p=0.0, inplace=False)
  (blocks): ModuleList(
    (0): Block(
      (norm1): LayerNorm((1024,), eps=1e-06, elementwise_affine=True)
      (attn): Attention(
        (qkv): Linear(in_features=1024, out_features=3072, bias=False)
        (attn_drop): Dropout(p=0.0, inplace=False)
        (proj): Linear(in_features=1024, out_features=1024, bias=True)
        (proj_drop): Dropout(p=0.0, inplace=False)
      )
      (drop_path): Identity()
      (norm2): LayerNorm((1024,), eps=1e-06, elementwise_affine=True)
      (mlp): Mlp(
        (fc1): Linear(in_features=1024, out_features=4096, bias=True)
        (act): GELU(approximate='none')
        (fc2): Linear(in_features=4096, out_features=1024, bias=True)
        (drop): Dropout(p=0.0, inplace=False)
      )
    )
    (1): Block(
      (norm1): LayerNorm((1024,), eps=1e-06, elementwise_affine=True)
      (attn): Attention(
        (qkv): Linear(in_features=1024, out_features=3072, bias=False)
        (attn_drop): Dropout(p=0.0, inplace=False)
        (proj): Linear(in_features=1024, out_features=1024, bias=True)
        (proj_drop): Dropout(p=0.0, inplace=False)
      )
      (drop_path): DropPath(p=0.004347826354205608)
      (norm2): LayerNorm((1024,), eps=1e-06, elementwise_affine=True)
      (mlp): Mlp(
        (fc1): Linear(in_features=1024, out_features=4096, bias=True)
        (act): GELU(approximate='none')
        (fc2): Linear(in_features=4096, out_features=1024, bias=True)
        (drop): Dropout(p=0.0, inplace=False)
      )
    )
    (2): Block(
      (norm1): LayerNorm((1024,), eps=1e-06, elementwise_affine=True)
      (attn): Attention(
        (qkv): Linear(in_features=1024, out_features=3072, bias=False)
        (attn_drop): Dropout(p=0.0, inplace=False)
        (proj): Linear(in_features=1024, out_features=1024, bias=True)
        (proj_drop): Dropout(p=0.0, inplace=False)
      )
      (drop_path): DropPath(p=0.008695652708411217)
      (norm2): LayerNorm((1024,), eps=1e-06, elementwise_affine=True)
      (mlp): Mlp(
        (fc1): Linear(in_features=1024, out_features=4096, bias=True)
        (act): GELU(approximate='none')
        (fc2): Linear(in_features=4096, out_features=1024, bias=True)
        (drop): Dropout(p=0.0, inplace=False)
      )
    )
    (3): Block(
      (norm1): LayerNorm((1024,), eps=1e-06, elementwise_affine=True)
      (attn): Attention(
        (qkv): Linear(in_features=1024, out_features=3072, bias=False)
        (attn_drop): Dropout(p=0.0, inplace=False)
        (proj): Linear(in_features=1024, out_features=1024, bias=True)
        (proj_drop): Dropout(p=0.0, inplace=False)
      )
      (drop_path): DropPath(p=0.013043479062616825)
      (norm2): LayerNorm((1024,), eps=1e-06, elementwise_affine=True)
      (mlp): Mlp(
        (fc1): Linear(in_features=1024, out_features=4096, bias=True)
        (act): GELU(approximate='none')
        (fc2): Linear(in_features=4096, out_features=1024, bias=True)
        (drop): Dropout(p=0.0, inplace=False)
      )
    )
    (4): Block(
      (norm1): LayerNorm((1024,), eps=1e-06, elementwise_affine=True)
      (attn): Attention(
        (qkv): Linear(in_features=1024, out_features=3072, bias=False)
        (attn_drop): Dropout(p=0.0, inplace=False)
        (proj): Linear(in_features=1024, out_features=1024, bias=True)
        (proj_drop): Dropout(p=0.0, inplace=False)
      )
      (drop_path): DropPath(p=0.017391305416822433)
      (norm2): LayerNorm((1024,), eps=1e-06, elementwise_affine=True)
      (mlp): Mlp(
        (fc1): Linear(in_features=1024, out_features=4096, bias=True)
        (act): GELU(approximate='none')
        (fc2): Linear(in_features=4096, out_features=1024, bias=True)
        (drop): Dropout(p=0.0, inplace=False)
      )
    )
    (5): Block(
      (norm1): LayerNorm((1024,), eps=1e-06, elementwise_affine=True)
      (attn): Attention(
        (qkv): Linear(in_features=1024, out_features=3072, bias=False)
        (attn_drop): Dropout(p=0.0, inplace=False)
        (proj): Linear(in_features=1024, out_features=1024, bias=True)
        (proj_drop): Dropout(p=0.0, inplace=False)
      )
      (drop_path): DropPath(p=0.021739132702350616)
      (norm2): LayerNorm((1024,), eps=1e-06, elementwise_affine=True)
      (mlp): Mlp(
        (fc1): Linear(in_features=1024, out_features=4096, bias=True)
        (act): GELU(approximate='none')
        (fc2): Linear(in_features=4096, out_features=1024, bias=True)
        (drop): Dropout(p=0.0, inplace=False)
      )
    )
    (6): Block(
      (norm1): LayerNorm((1024,), eps=1e-06, elementwise_affine=True)
      (attn): Attention(
        (qkv): Linear(in_features=1024, out_features=3072, bias=False)
        (attn_drop): Dropout(p=0.0, inplace=False)
        (proj): Linear(in_features=1024, out_features=1024, bias=True)
        (proj_drop): Dropout(p=0.0, inplace=False)
      )
      (drop_path): DropPath(p=0.02608695812523365)
      (norm2): LayerNorm((1024,), eps=1e-06, elementwise_affine=True)
      (mlp): Mlp(
        (fc1): Linear(in_features=1024, out_features=4096, bias=True)
        (act): GELU(approximate='none')
        (fc2): Linear(in_features=4096, out_features=1024, bias=True)
        (drop): Dropout(p=0.0, inplace=False)
      )
    )
    (7): Block(
      (norm1): LayerNorm((1024,), eps=1e-06, elementwise_affine=True)
      (attn): Attention(
        (qkv): Linear(in_features=1024, out_features=3072, bias=False)
        (attn_drop): Dropout(p=0.0, inplace=False)
        (proj): Linear(in_features=1024, out_features=1024, bias=True)
        (proj_drop): Dropout(p=0.0, inplace=False)
      )
      (drop_path): DropPath(p=0.030434783548116684)
      (norm2): LayerNorm((1024,), eps=1e-06, elementwise_affine=True)
      (mlp): Mlp(
        (fc1): Linear(in_features=1024, out_features=4096, bias=True)
        (act): GELU(approximate='none')
        (fc2): Linear(in_features=4096, out_features=1024, bias=True)
        (drop): Dropout(p=0.0, inplace=False)
      )
    )
    (8): Block(
      (norm1): LayerNorm((1024,), eps=1e-06, elementwise_affine=True)
      (attn): Attention(
        (qkv): Linear(in_features=1024, out_features=3072, bias=False)
        (attn_drop): Dropout(p=0.0, inplace=False)
        (proj): Linear(in_features=1024, out_features=1024, bias=True)
        (proj_drop): Dropout(p=0.0, inplace=False)
      )
      (drop_path): DropPath(p=0.03478261083364487)
      (norm2): LayerNorm((1024,), eps=1e-06, elementwise_affine=True)
      (mlp): Mlp(
        (fc1): Linear(in_features=1024, out_features=4096, bias=True)
        (act): GELU(approximate='none')
        (fc2): Linear(in_features=4096, out_features=1024, bias=True)
        (drop): Dropout(p=0.0, inplace=False)
      )
    )
    (9): Block(
      (norm1): LayerNorm((1024,), eps=1e-06, elementwise_affine=True)
      (attn): Attention(
        (qkv): Linear(in_features=1024, out_features=3072, bias=False)
        (attn_drop): Dropout(p=0.0, inplace=False)
        (proj): Linear(in_features=1024, out_features=1024, bias=True)
        (proj_drop): Dropout(p=0.0, inplace=False)
      )
      (drop_path): DropPath(p=0.03913043811917305)
      (norm2): LayerNorm((1024,), eps=1e-06, elementwise_affine=True)
      (mlp): Mlp(
        (fc1): Linear(in_features=1024, out_features=4096, bias=True)
        (act): GELU(approximate='none')
        (fc2): Linear(in_features=4096, out_features=1024, bias=True)
        (drop): Dropout(p=0.0, inplace=False)
      )
    )
    (10): Block(
      (norm1): LayerNorm((1024,), eps=1e-06, elementwise_affine=True)
      (attn): Attention(
        (qkv): Linear(in_features=1024, out_features=3072, bias=False)
        (attn_drop): Dropout(p=0.0, inplace=False)
        (proj): Linear(in_features=1024, out_features=1024, bias=True)
        (proj_drop): Dropout(p=0.0, inplace=False)
      )
      (drop_path): DropPath(p=0.04347826540470123)
      (norm2): LayerNorm((1024,), eps=1e-06, elementwise_affine=True)
      (mlp): Mlp(
        (fc1): Linear(in_features=1024, out_features=4096, bias=True)
        (act): GELU(approximate='none')
        (fc2): Linear(in_features=4096, out_features=1024, bias=True)
        (drop): Dropout(p=0.0, inplace=False)
      )
    )
    (11): Block(
      (norm1): LayerNorm((1024,), eps=1e-06, elementwise_affine=True)
      (attn): Attention(
        (qkv): Linear(in_features=1024, out_features=3072, bias=False)
        (attn_drop): Dropout(p=0.0, inplace=False)
        (proj): Linear(in_features=1024, out_features=1024, bias=True)
        (proj_drop): Dropout(p=0.0, inplace=False)
      )
      (drop_path): DropPath(p=0.04782608896493912)
      (norm2): LayerNorm((1024,), eps=1e-06, elementwise_affine=True)
      (mlp): Mlp(
        (fc1): Linear(in_features=1024, out_features=4096, bias=True)
        (act): GELU(approximate='none')
        (fc2): Linear(in_features=4096, out_features=1024, bias=True)
        (drop): Dropout(p=0.0, inplace=False)
      )
    )
    (12): Block(
      (norm1): LayerNorm((1024,), eps=1e-06, elementwise_affine=True)
      (attn): Attention(
        (qkv): Linear(in_features=1024, out_features=3072, bias=False)
        (attn_drop): Dropout(p=0.0, inplace=False)
        (proj): Linear(in_features=1024, out_features=1024, bias=True)
        (proj_drop): Dropout(p=0.0, inplace=False)
      )
      (drop_path): DropPath(p=0.052173912525177)
      (norm2): LayerNorm((1024,), eps=1e-06, elementwise_affine=True)
      (mlp): Mlp(
        (fc1): Linear(in_features=1024, out_features=4096, bias=True)
        (act): GELU(approximate='none')
        (fc2): Linear(in_features=4096, out_features=1024, bias=True)
        (drop): Dropout(p=0.0, inplace=False)
      )
    )
    (13): Block(
      (norm1): LayerNorm((1024,), eps=1e-06, elementwise_affine=True)
      (attn): Attention(
        (qkv): Linear(in_features=1024, out_features=3072, bias=False)
        (attn_drop): Dropout(p=0.0, inplace=False)
        (proj): Linear(in_features=1024, out_features=1024, bias=True)
        (proj_drop): Dropout(p=0.0, inplace=False)
      )
      (drop_path): DropPath(p=0.056521736085414886)
      (norm2): LayerNorm((1024,), eps=1e-06, elementwise_affine=True)
      (mlp): Mlp(
        (fc1): Linear(in_features=1024, out_features=4096, bias=True)
        (act): GELU(approximate='none')
        (fc2): Linear(in_features=4096, out_features=1024, bias=True)
        (drop): Dropout(p=0.0, inplace=False)
      )
    )
    (14): Block(
      (norm1): LayerNorm((1024,), eps=1e-06, elementwise_affine=True)
      (attn): Attention(
        (qkv): Linear(in_features=1024, out_features=3072, bias=False)
        (attn_drop): Dropout(p=0.0, inplace=False)
        (proj): Linear(in_features=1024, out_features=1024, bias=True)
        (proj_drop): Dropout(p=0.0, inplace=False)
      )
      (drop_path): DropPath(p=0.06086956337094307)
      (norm2): LayerNorm((1024,), eps=1e-06, elementwise_affine=True)
      (mlp): Mlp(
        (fc1): Linear(in_features=1024, out_features=4096, bias=True)
        (act): GELU(approximate='none')
        (fc2): Linear(in_features=4096, out_features=1024, bias=True)
        (drop): Dropout(p=0.0, inplace=False)
      )
    )
    (15): Block(
      (norm1): LayerNorm((1024,), eps=1e-06, elementwise_affine=True)
      (attn): Attention(
        (qkv): Linear(in_features=1024, out_features=3072, bias=False)
        (attn_drop): Dropout(p=0.0, inplace=False)
        (proj): Linear(in_features=1024, out_features=1024, bias=True)
        (proj_drop): Dropout(p=0.0, inplace=False)
      )
      (drop_path): DropPath(p=0.06521739065647125)
      (norm2): LayerNorm((1024,), eps=1e-06, elementwise_affine=True)
      (mlp): Mlp(
        (fc1): Linear(in_features=1024, out_features=4096, bias=True)
        (act): GELU(approximate='none')
        (fc2): Linear(in_features=4096, out_features=1024, bias=True)
        (drop): Dropout(p=0.0, inplace=False)
      )
    )
    (16): Block(
      (norm1): LayerNorm((1024,), eps=1e-06, elementwise_affine=True)
      (attn): Attention(
        (qkv): Linear(in_features=1024, out_features=3072, bias=False)
        (attn_drop): Dropout(p=0.0, inplace=False)
        (proj): Linear(in_features=1024, out_features=1024, bias=True)
        (proj_drop): Dropout(p=0.0, inplace=False)
      )
      (drop_path): DropPath(p=0.06956521421670914)
      (norm2): LayerNorm((1024,), eps=1e-06, elementwise_affine=True)
      (mlp): Mlp(
        (fc1): Linear(in_features=1024, out_features=4096, bias=True)
        (act): GELU(approximate='none')
        (fc2): Linear(in_features=4096, out_features=1024, bias=True)
        (drop): Dropout(p=0.0, inplace=False)
      )
    )
    (17): Block(
      (norm1): LayerNorm((1024,), eps=1e-06, elementwise_affine=True)
      (attn): Attention(
        (qkv): Linear(in_features=1024, out_features=3072, bias=False)
        (attn_drop): Dropout(p=0.0, inplace=False)
        (proj): Linear(in_features=1024, out_features=1024, bias=True)
        (proj_drop): Dropout(p=0.0, inplace=False)
      )
      (drop_path): DropPath(p=0.07391304522752762)
      (norm2): LayerNorm((1024,), eps=1e-06, elementwise_affine=True)
      (mlp): Mlp(
        (fc1): Linear(in_features=1024, out_features=4096, bias=True)
        (act): GELU(approximate='none')
        (fc2): Linear(in_features=4096, out_features=1024, bias=True)
        (drop): Dropout(p=0.0, inplace=False)
      )
    )
    (18): Block(
      (norm1): LayerNorm((1024,), eps=1e-06, elementwise_affine=True)
      (attn): Attention(
        (qkv): Linear(in_features=1024, out_features=3072, bias=False)
        (attn_drop): Dropout(p=0.0, inplace=False)
        (proj): Linear(in_features=1024, out_features=1024, bias=True)
        (proj_drop): Dropout(p=0.0, inplace=False)
      )
      (drop_path): DropPath(p=0.0782608687877655)
      (norm2): LayerNorm((1024,), eps=1e-06, elementwise_affine=True)
      (mlp): Mlp(
        (fc1): Linear(in_features=1024, out_features=4096, bias=True)
        (act): GELU(approximate='none')
        (fc2): Linear(in_features=4096, out_features=1024, bias=True)
        (drop): Dropout(p=0.0, inplace=False)
      )
    )
    (19): Block(
      (norm1): LayerNorm((1024,), eps=1e-06, elementwise_affine=True)
      (attn): Attention(
        (qkv): Linear(in_features=1024, out_features=3072, bias=False)
        (attn_drop): Dropout(p=0.0, inplace=False)
        (proj): Linear(in_features=1024, out_features=1024, bias=True)
        (proj_drop): Dropout(p=0.0, inplace=False)
      )
      (drop_path): DropPath(p=0.08260869979858398)
      (norm2): LayerNorm((1024,), eps=1e-06, elementwise_affine=True)
      (mlp): Mlp(
        (fc1): Linear(in_features=1024, out_features=4096, bias=True)
        (act): GELU(approximate='none')
        (fc2): Linear(in_features=4096, out_features=1024, bias=True)
        (drop): Dropout(p=0.0, inplace=False)
      )
    )
    (20): Block(
      (norm1): LayerNorm((1024,), eps=1e-06, elementwise_affine=True)
      (attn): Attention(
        (qkv): Linear(in_features=1024, out_features=3072, bias=False)
        (attn_drop): Dropout(p=0.0, inplace=False)
        (proj): Linear(in_features=1024, out_features=1024, bias=True)
        (proj_drop): Dropout(p=0.0, inplace=False)
      )
      (drop_path): DropPath(p=0.08695652335882187)
      (norm2): LayerNorm((1024,), eps=1e-06, elementwise_affine=True)
      (mlp): Mlp(
        (fc1): Linear(in_features=1024, out_features=4096, bias=True)
        (act): GELU(approximate='none')
        (fc2): Linear(in_features=4096, out_features=1024, bias=True)
        (drop): Dropout(p=0.0, inplace=False)
      )
    )
    (21): Block(
      (norm1): LayerNorm((1024,), eps=1e-06, elementwise_affine=True)
      (attn): Attention(
        (qkv): Linear(in_features=1024, out_features=3072, bias=False)
        (attn_drop): Dropout(p=0.0, inplace=False)
        (proj): Linear(in_features=1024, out_features=1024, bias=True)
        (proj_drop): Dropout(p=0.0, inplace=False)
      )
      (drop_path): DropPath(p=0.09130434691905975)
      (norm2): LayerNorm((1024,), eps=1e-06, elementwise_affine=True)
      (mlp): Mlp(
        (fc1): Linear(in_features=1024, out_features=4096, bias=True)
        (act): GELU(approximate='none')
        (fc2): Linear(in_features=4096, out_features=1024, bias=True)
        (drop): Dropout(p=0.0, inplace=False)
      )
    )
    (22): Block(
      (norm1): LayerNorm((1024,), eps=1e-06, elementwise_affine=True)
      (attn): Attention(
        (qkv): Linear(in_features=1024, out_features=3072, bias=False)
        (attn_drop): Dropout(p=0.0, inplace=False)
        (proj): Linear(in_features=1024, out_features=1024, bias=True)
        (proj_drop): Dropout(p=0.0, inplace=False)
      )
      (drop_path): DropPath(p=0.09565217792987823)
      (norm2): LayerNorm((1024,), eps=1e-06, elementwise_affine=True)
      (mlp): Mlp(
        (fc1): Linear(in_features=1024, out_features=4096, bias=True)
        (act): GELU(approximate='none')
        (fc2): Linear(in_features=4096, out_features=1024, bias=True)
        (drop): Dropout(p=0.0, inplace=False)
      )
    )
    (23): Block(
      (norm1): LayerNorm((1024,), eps=1e-06, elementwise_affine=True)
      (attn): Attention(
        (qkv): Linear(in_features=1024, out_features=3072, bias=False)
        (attn_drop): Dropout(p=0.0, inplace=False)
        (proj): Linear(in_features=1024, out_features=1024, bias=True)
        (proj_drop): Dropout(p=0.0, inplace=False)
      )
      (drop_path): DropPath(p=0.10000000149011612)
      (norm2): LayerNorm((1024,), eps=1e-06, elementwise_affine=True)
      (mlp): Mlp(
        (fc1): Linear(in_features=1024, out_features=4096, bias=True)
        (act): GELU(approximate='none')
        (fc2): Linear(in_features=4096, out_features=1024, bias=True)
        (drop): Dropout(p=0.0, inplace=False)
      )
    )
  )
  (norm): LayerNorm((1024,), eps=1e-06, elementwise_affine=True)
  (head): Linear(in_features=1024, out_features=1000, bias=True)
)
normalization method:  imagenet
  [CP] N_k=413 · 학습 파라미터 backbone 25.2M (blocks (22, 23) + norm) + head 0.4M · drop_path(22,23)=[0.09565217792987823, 0.10000000149011612] · batch=32×accum=1 · epochs=150
normalization method:  imagenet
  [CP] oral_diseases fold3 ep001/150 loss=6.1225 lr=6.67e-06 (3s) · head-only
  [CP] oral_diseases fold3 ep002/150 loss=6.1115 lr=1.33e-05 (2s) · head-only
  [CP] oral_diseases fold3 ep003/150 loss=6.1081 lr=2.00e-05 (2s) · head-only
  [CP] oral_diseases fold3 ep010/150 loss=5.9632 lr=6.67e-05 (3s)
  [CP] oral_diseases fold3 ep020/150 loss=4.6850 lr=9.98e-05 (3s)
  [CP] oral_diseases fold3 ep030/150 loss=3.6898 lr=9.74e-05 (3s)
  [CP] oral_diseases fold3 ep040/150 loss=3.2728 lr=9.24e-05 (3s)
  [CP] oral_diseases fold3 ep050/150 loss=3.1233 lr=8.51e-05 (3s)
  [CP] oral_diseases fold3 ep060/150 loss=2.9998 lr=7.60e-05 (3s)
  [CP] oral_diseases fold3 ep070/150 loss=2.9137 lr=6.55e-05 (3s)
  [CP] oral_diseases fold3 ep080/150 loss=2.9033 lr=5.41e-05 (3s)
  [CP] oral_diseases fold3 ep090/150 loss=2.8377 lr=4.25e-05 (3s)
  [CP] oral_diseases fold3 ep100/150 loss=2.8161 lr=3.13e-05 (3s)
  [CP] oral_diseases fold3 ep110/150 loss=2.7417 lr=2.11e-05 (3s)
  [CP] oral_diseases fold3 ep120/150 loss=2.7659 lr=1.25e-05 (3s)
  [CP] oral_diseases fold3 ep130/150 loss=2.8148 lr=5.85e-06 (3s)
  [CP] oral_diseases fold3 ep140/150 loss=2.7538 lr=1.63e-06 (3s)
  [CP] oral_diseases fold3 ep150/150 loss=2.8399 lr=1.35e-08 (3s)
  [CP] 완료 150 ep · 3.0s/ep · final_loss=2.8399 · GPU peak 2351 MB
normalization method:  imagenet
normalization method:  imagenet
  [extract] 원본 (516, 1024) → w10_cp_feats_oral_diseases_fold3.npy (7s)
normalization method:  imagenet
  [extract] 증강 copy 0 (7s)
  [extract] 증강 copy 1 (7s)
  [extract] 증강 copy 2 (7s)
  [extract] 증강 copy 3 (7s)
  [extract] 증강 (4, 516, 1024) → w10_cp_augfeats_oral_diseases_fold3.npy · copy0 코사인 0.8300
    A0cp fold3: BACC=0.6923 MAE=0.4563 MAE_true=0.4642
    A1cp fold3: BACC=0.6923 MAE=0.4369 MAE_true=0.4483
    A2cp fold3: BACC=0.6923 MAE=0.4563 MAE_true=0.4642
    A3cp fold3: BACC=0.6429 MAE=0.5340 MAE_true=0.5435
    A4cp fold3: BACC=0.6923 MAE=0.4272 MAE_true=0.4404

==============================================================
arm      n_fold     BACC      MCC      MAE  MAE_true
A0cp          4   0.7372   0.7097   0.4285    0.4403
A1cp          4   0.7230   0.6894   0.4842    0.4978
A2cp          4   0.7398   0.7123   0.4237    0.4348
A3cp          4   0.6937   0.6548   0.5399    0.5535
A4cp          4   0.7267   0.6920   0.4866    0.4992
==============================================================

총 8.1 분 · 저장: /home/junkim/paper_ajou_dev/PanDerm/output_dir/p6_regime_f/w10_cp_fold_scores_oral_diseases.csv
🔬 w10 E1 (탐색적 · 사후) · 프로토콜 docs/date/2026-09-03_12th_meeting/research_note/w10_unconstrained_methods_protocol.md §3
device=cuda · dataset=oral_diseases · folds=[4] · stage=all · epochs=150 · batch=32×1 · prefix=w10_
→ /home/junkim/paper_ajou_dev/PanDerm/output_dir/p6_regime_f/w10_cp_fold_scores_oral_diseases.csv

=== oral_diseases · fold 4 (train 413 / test 103) ===
/home/junkim/miniconda3/envs/paper/lib/python3.11/site-packages/timm/models/layers/__init__.py:49: FutureWarning: Importing from timm.models.layers is deprecated, please import via timm.layers
  warnings.warn(f"Importing from {__name__} is deprecated, please import via timm.layers", FutureWarning)
/home/junkim/miniconda3/envs/paper/lib/python3.11/site-packages/timm/models/registry.py:4: FutureWarning: Importing from timm.models.registry is deprecated, please import via timm.models
  warnings.warn(f"Importing from {__name__} is deprecated, please import via timm.models", FutureWarning)
/home/junkim/miniconda3/envs/paper/lib/python3.11/site-packages/torch/functional.py:534: UserWarning: torch.meshgrid: in an upcoming release, it will be required to pass the indexing argument. (Triggered internally at ../aten/src/ATen/native/TensorShape.cpp:3595.)
  return _VF.meshgrid(tensors, **kwargs)  # type: ignore[attr-defined]
loading model checkpoint
VisionTransformer(
  (patch_embed): PatchEmbed(
    (proj): Conv2d(3, 1024, kernel_size=(16, 16), stride=(16, 16))
  )
  (pos_drop): Dropout(p=0.0, inplace=False)
  (blocks): ModuleList(
    (0): Block(
      (norm1): LayerNorm((1024,), eps=1e-06, elementwise_affine=True)
      (attn): Attention(
        (qkv): Linear(in_features=1024, out_features=3072, bias=False)
        (attn_drop): Dropout(p=0.0, inplace=False)
        (proj): Linear(in_features=1024, out_features=1024, bias=True)
        (proj_drop): Dropout(p=0.0, inplace=False)
      )
      (drop_path): Identity()
      (norm2): LayerNorm((1024,), eps=1e-06, elementwise_affine=True)
      (mlp): Mlp(
        (fc1): Linear(in_features=1024, out_features=4096, bias=True)
        (act): GELU(approximate='none')
        (fc2): Linear(in_features=4096, out_features=1024, bias=True)
        (drop): Dropout(p=0.0, inplace=False)
      )
    )
    (1): Block(
      (norm1): LayerNorm((1024,), eps=1e-06, elementwise_affine=True)
      (attn): Attention(
        (qkv): Linear(in_features=1024, out_features=3072, bias=False)
        (attn_drop): Dropout(p=0.0, inplace=False)
        (proj): Linear(in_features=1024, out_features=1024, bias=True)
        (proj_drop): Dropout(p=0.0, inplace=False)
      )
      (drop_path): DropPath(p=0.004347826354205608)
      (norm2): LayerNorm((1024,), eps=1e-06, elementwise_affine=True)
      (mlp): Mlp(
        (fc1): Linear(in_features=1024, out_features=4096, bias=True)
        (act): GELU(approximate='none')
        (fc2): Linear(in_features=4096, out_features=1024, bias=True)
        (drop): Dropout(p=0.0, inplace=False)
      )
    )
    (2): Block(
      (norm1): LayerNorm((1024,), eps=1e-06, elementwise_affine=True)
      (attn): Attention(
        (qkv): Linear(in_features=1024, out_features=3072, bias=False)
        (attn_drop): Dropout(p=0.0, inplace=False)
        (proj): Linear(in_features=1024, out_features=1024, bias=True)
        (proj_drop): Dropout(p=0.0, inplace=False)
      )
      (drop_path): DropPath(p=0.008695652708411217)
      (norm2): LayerNorm((1024,), eps=1e-06, elementwise_affine=True)
      (mlp): Mlp(
        (fc1): Linear(in_features=1024, out_features=4096, bias=True)
        (act): GELU(approximate='none')
        (fc2): Linear(in_features=4096, out_features=1024, bias=True)
        (drop): Dropout(p=0.0, inplace=False)
      )
    )
    (3): Block(
      (norm1): LayerNorm((1024,), eps=1e-06, elementwise_affine=True)
      (attn): Attention(
        (qkv): Linear(in_features=1024, out_features=3072, bias=False)
        (attn_drop): Dropout(p=0.0, inplace=False)
        (proj): Linear(in_features=1024, out_features=1024, bias=True)
        (proj_drop): Dropout(p=0.0, inplace=False)
      )
      (drop_path): DropPath(p=0.013043479062616825)
      (norm2): LayerNorm((1024,), eps=1e-06, elementwise_affine=True)
      (mlp): Mlp(
        (fc1): Linear(in_features=1024, out_features=4096, bias=True)
        (act): GELU(approximate='none')
        (fc2): Linear(in_features=4096, out_features=1024, bias=True)
        (drop): Dropout(p=0.0, inplace=False)
      )
    )
    (4): Block(
      (norm1): LayerNorm((1024,), eps=1e-06, elementwise_affine=True)
      (attn): Attention(
        (qkv): Linear(in_features=1024, out_features=3072, bias=False)
        (attn_drop): Dropout(p=0.0, inplace=False)
        (proj): Linear(in_features=1024, out_features=1024, bias=True)
        (proj_drop): Dropout(p=0.0, inplace=False)
      )
      (drop_path): DropPath(p=0.017391305416822433)
      (norm2): LayerNorm((1024,), eps=1e-06, elementwise_affine=True)
      (mlp): Mlp(
        (fc1): Linear(in_features=1024, out_features=4096, bias=True)
        (act): GELU(approximate='none')
        (fc2): Linear(in_features=4096, out_features=1024, bias=True)
        (drop): Dropout(p=0.0, inplace=False)
      )
    )
    (5): Block(
      (norm1): LayerNorm((1024,), eps=1e-06, elementwise_affine=True)
      (attn): Attention(
        (qkv): Linear(in_features=1024, out_features=3072, bias=False)
        (attn_drop): Dropout(p=0.0, inplace=False)
        (proj): Linear(in_features=1024, out_features=1024, bias=True)
        (proj_drop): Dropout(p=0.0, inplace=False)
      )
      (drop_path): DropPath(p=0.021739132702350616)
      (norm2): LayerNorm((1024,), eps=1e-06, elementwise_affine=True)
      (mlp): Mlp(
        (fc1): Linear(in_features=1024, out_features=4096, bias=True)
        (act): GELU(approximate='none')
        (fc2): Linear(in_features=4096, out_features=1024, bias=True)
        (drop): Dropout(p=0.0, inplace=False)
      )
    )
    (6): Block(
      (norm1): LayerNorm((1024,), eps=1e-06, elementwise_affine=True)
      (attn): Attention(
        (qkv): Linear(in_features=1024, out_features=3072, bias=False)
        (attn_drop): Dropout(p=0.0, inplace=False)
        (proj): Linear(in_features=1024, out_features=1024, bias=True)
        (proj_drop): Dropout(p=0.0, inplace=False)
      )
      (drop_path): DropPath(p=0.02608695812523365)
      (norm2): LayerNorm((1024,), eps=1e-06, elementwise_affine=True)
      (mlp): Mlp(
        (fc1): Linear(in_features=1024, out_features=4096, bias=True)
        (act): GELU(approximate='none')
        (fc2): Linear(in_features=4096, out_features=1024, bias=True)
        (drop): Dropout(p=0.0, inplace=False)
      )
    )
    (7): Block(
      (norm1): LayerNorm((1024,), eps=1e-06, elementwise_affine=True)
      (attn): Attention(
        (qkv): Linear(in_features=1024, out_features=3072, bias=False)
        (attn_drop): Dropout(p=0.0, inplace=False)
        (proj): Linear(in_features=1024, out_features=1024, bias=True)
        (proj_drop): Dropout(p=0.0, inplace=False)
      )
      (drop_path): DropPath(p=0.030434783548116684)
      (norm2): LayerNorm((1024,), eps=1e-06, elementwise_affine=True)
      (mlp): Mlp(
        (fc1): Linear(in_features=1024, out_features=4096, bias=True)
        (act): GELU(approximate='none')
        (fc2): Linear(in_features=4096, out_features=1024, bias=True)
        (drop): Dropout(p=0.0, inplace=False)
      )
    )
    (8): Block(
      (norm1): LayerNorm((1024,), eps=1e-06, elementwise_affine=True)
      (attn): Attention(
        (qkv): Linear(in_features=1024, out_features=3072, bias=False)
        (attn_drop): Dropout(p=0.0, inplace=False)
        (proj): Linear(in_features=1024, out_features=1024, bias=True)
        (proj_drop): Dropout(p=0.0, inplace=False)
      )
      (drop_path): DropPath(p=0.03478261083364487)
      (norm2): LayerNorm((1024,), eps=1e-06, elementwise_affine=True)
      (mlp): Mlp(
        (fc1): Linear(in_features=1024, out_features=4096, bias=True)
        (act): GELU(approximate='none')
        (fc2): Linear(in_features=4096, out_features=1024, bias=True)
        (drop): Dropout(p=0.0, inplace=False)
      )
    )
    (9): Block(
      (norm1): LayerNorm((1024,), eps=1e-06, elementwise_affine=True)
      (attn): Attention(
        (qkv): Linear(in_features=1024, out_features=3072, bias=False)
        (attn_drop): Dropout(p=0.0, inplace=False)
        (proj): Linear(in_features=1024, out_features=1024, bias=True)
        (proj_drop): Dropout(p=0.0, inplace=False)
      )
      (drop_path): DropPath(p=0.03913043811917305)
      (norm2): LayerNorm((1024,), eps=1e-06, elementwise_affine=True)
      (mlp): Mlp(
        (fc1): Linear(in_features=1024, out_features=4096, bias=True)
        (act): GELU(approximate='none')
        (fc2): Linear(in_features=4096, out_features=1024, bias=True)
        (drop): Dropout(p=0.0, inplace=False)
      )
    )
    (10): Block(
      (norm1): LayerNorm((1024,), eps=1e-06, elementwise_affine=True)
      (attn): Attention(
        (qkv): Linear(in_features=1024, out_features=3072, bias=False)
        (attn_drop): Dropout(p=0.0, inplace=False)
        (proj): Linear(in_features=1024, out_features=1024, bias=True)
        (proj_drop): Dropout(p=0.0, inplace=False)
      )
      (drop_path): DropPath(p=0.04347826540470123)
      (norm2): LayerNorm((1024,), eps=1e-06, elementwise_affine=True)
      (mlp): Mlp(
        (fc1): Linear(in_features=1024, out_features=4096, bias=True)
        (act): GELU(approximate='none')
        (fc2): Linear(in_features=4096, out_features=1024, bias=True)
        (drop): Dropout(p=0.0, inplace=False)
      )
    )
    (11): Block(
      (norm1): LayerNorm((1024,), eps=1e-06, elementwise_affine=True)
      (attn): Attention(
        (qkv): Linear(in_features=1024, out_features=3072, bias=False)
        (attn_drop): Dropout(p=0.0, inplace=False)
        (proj): Linear(in_features=1024, out_features=1024, bias=True)
        (proj_drop): Dropout(p=0.0, inplace=False)
      )
      (drop_path): DropPath(p=0.04782608896493912)
      (norm2): LayerNorm((1024,), eps=1e-06, elementwise_affine=True)
      (mlp): Mlp(
        (fc1): Linear(in_features=1024, out_features=4096, bias=True)
        (act): GELU(approximate='none')
        (fc2): Linear(in_features=4096, out_features=1024, bias=True)
        (drop): Dropout(p=0.0, inplace=False)
      )
    )
    (12): Block(
      (norm1): LayerNorm((1024,), eps=1e-06, elementwise_affine=True)
      (attn): Attention(
        (qkv): Linear(in_features=1024, out_features=3072, bias=False)
        (attn_drop): Dropout(p=0.0, inplace=False)
        (proj): Linear(in_features=1024, out_features=1024, bias=True)
        (proj_drop): Dropout(p=0.0, inplace=False)
      )
      (drop_path): DropPath(p=0.052173912525177)
      (norm2): LayerNorm((1024,), eps=1e-06, elementwise_affine=True)
      (mlp): Mlp(
        (fc1): Linear(in_features=1024, out_features=4096, bias=True)
        (act): GELU(approximate='none')
        (fc2): Linear(in_features=4096, out_features=1024, bias=True)
        (drop): Dropout(p=0.0, inplace=False)
      )
    )
    (13): Block(
      (norm1): LayerNorm((1024,), eps=1e-06, elementwise_affine=True)
      (attn): Attention(
        (qkv): Linear(in_features=1024, out_features=3072, bias=False)
        (attn_drop): Dropout(p=0.0, inplace=False)
        (proj): Linear(in_features=1024, out_features=1024, bias=True)
        (proj_drop): Dropout(p=0.0, inplace=False)
      )
      (drop_path): DropPath(p=0.056521736085414886)
      (norm2): LayerNorm((1024,), eps=1e-06, elementwise_affine=True)
      (mlp): Mlp(
        (fc1): Linear(in_features=1024, out_features=4096, bias=True)
        (act): GELU(approximate='none')
        (fc2): Linear(in_features=4096, out_features=1024, bias=True)
        (drop): Dropout(p=0.0, inplace=False)
      )
    )
    (14): Block(
      (norm1): LayerNorm((1024,), eps=1e-06, elementwise_affine=True)
      (attn): Attention(
        (qkv): Linear(in_features=1024, out_features=3072, bias=False)
        (attn_drop): Dropout(p=0.0, inplace=False)
        (proj): Linear(in_features=1024, out_features=1024, bias=True)
        (proj_drop): Dropout(p=0.0, inplace=False)
      )
      (drop_path): DropPath(p=0.06086956337094307)
      (norm2): LayerNorm((1024,), eps=1e-06, elementwise_affine=True)
      (mlp): Mlp(
        (fc1): Linear(in_features=1024, out_features=4096, bias=True)
        (act): GELU(approximate='none')
        (fc2): Linear(in_features=4096, out_features=1024, bias=True)
        (drop): Dropout(p=0.0, inplace=False)
      )
    )
    (15): Block(
      (norm1): LayerNorm((1024,), eps=1e-06, elementwise_affine=True)
      (attn): Attention(
        (qkv): Linear(in_features=1024, out_features=3072, bias=False)
        (attn_drop): Dropout(p=0.0, inplace=False)
        (proj): Linear(in_features=1024, out_features=1024, bias=True)
        (proj_drop): Dropout(p=0.0, inplace=False)
      )
      (drop_path): DropPath(p=0.06521739065647125)
      (norm2): LayerNorm((1024,), eps=1e-06, elementwise_affine=True)
      (mlp): Mlp(
        (fc1): Linear(in_features=1024, out_features=4096, bias=True)
        (act): GELU(approximate='none')
        (fc2): Linear(in_features=4096, out_features=1024, bias=True)
        (drop): Dropout(p=0.0, inplace=False)
      )
    )
    (16): Block(
      (norm1): LayerNorm((1024,), eps=1e-06, elementwise_affine=True)
      (attn): Attention(
        (qkv): Linear(in_features=1024, out_features=3072, bias=False)
        (attn_drop): Dropout(p=0.0, inplace=False)
        (proj): Linear(in_features=1024, out_features=1024, bias=True)
        (proj_drop): Dropout(p=0.0, inplace=False)
      )
      (drop_path): DropPath(p=0.06956521421670914)
      (norm2): LayerNorm((1024,), eps=1e-06, elementwise_affine=True)
      (mlp): Mlp(
        (fc1): Linear(in_features=1024, out_features=4096, bias=True)
        (act): GELU(approximate='none')
        (fc2): Linear(in_features=4096, out_features=1024, bias=True)
        (drop): Dropout(p=0.0, inplace=False)
      )
    )
    (17): Block(
      (norm1): LayerNorm((1024,), eps=1e-06, elementwise_affine=True)
      (attn): Attention(
        (qkv): Linear(in_features=1024, out_features=3072, bias=False)
        (attn_drop): Dropout(p=0.0, inplace=False)
        (proj): Linear(in_features=1024, out_features=1024, bias=True)
        (proj_drop): Dropout(p=0.0, inplace=False)
      )
      (drop_path): DropPath(p=0.07391304522752762)
      (norm2): LayerNorm((1024,), eps=1e-06, elementwise_affine=True)
      (mlp): Mlp(
        (fc1): Linear(in_features=1024, out_features=4096, bias=True)
        (act): GELU(approximate='none')
        (fc2): Linear(in_features=4096, out_features=1024, bias=True)
        (drop): Dropout(p=0.0, inplace=False)
      )
    )
    (18): Block(
      (norm1): LayerNorm((1024,), eps=1e-06, elementwise_affine=True)
      (attn): Attention(
        (qkv): Linear(in_features=1024, out_features=3072, bias=False)
        (attn_drop): Dropout(p=0.0, inplace=False)
        (proj): Linear(in_features=1024, out_features=1024, bias=True)
        (proj_drop): Dropout(p=0.0, inplace=False)
      )
      (drop_path): DropPath(p=0.0782608687877655)
      (norm2): LayerNorm((1024,), eps=1e-06, elementwise_affine=True)
      (mlp): Mlp(
        (fc1): Linear(in_features=1024, out_features=4096, bias=True)
        (act): GELU(approximate='none')
        (fc2): Linear(in_features=4096, out_features=1024, bias=True)
        (drop): Dropout(p=0.0, inplace=False)
      )
    )
    (19): Block(
      (norm1): LayerNorm((1024,), eps=1e-06, elementwise_affine=True)
      (attn): Attention(
        (qkv): Linear(in_features=1024, out_features=3072, bias=False)
        (attn_drop): Dropout(p=0.0, inplace=False)
        (proj): Linear(in_features=1024, out_features=1024, bias=True)
        (proj_drop): Dropout(p=0.0, inplace=False)
      )
      (drop_path): DropPath(p=0.08260869979858398)
      (norm2): LayerNorm((1024,), eps=1e-06, elementwise_affine=True)
      (mlp): Mlp(
        (fc1): Linear(in_features=1024, out_features=4096, bias=True)
        (act): GELU(approximate='none')
        (fc2): Linear(in_features=4096, out_features=1024, bias=True)
        (drop): Dropout(p=0.0, inplace=False)
      )
    )
    (20): Block(
      (norm1): LayerNorm((1024,), eps=1e-06, elementwise_affine=True)
      (attn): Attention(
        (qkv): Linear(in_features=1024, out_features=3072, bias=False)
        (attn_drop): Dropout(p=0.0, inplace=False)
        (proj): Linear(in_features=1024, out_features=1024, bias=True)
        (proj_drop): Dropout(p=0.0, inplace=False)
      )
      (drop_path): DropPath(p=0.08695652335882187)
      (norm2): LayerNorm((1024,), eps=1e-06, elementwise_affine=True)
      (mlp): Mlp(
        (fc1): Linear(in_features=1024, out_features=4096, bias=True)
        (act): GELU(approximate='none')
        (fc2): Linear(in_features=4096, out_features=1024, bias=True)
        (drop): Dropout(p=0.0, inplace=False)
      )
    )
    (21): Block(
      (norm1): LayerNorm((1024,), eps=1e-06, elementwise_affine=True)
      (attn): Attention(
        (qkv): Linear(in_features=1024, out_features=3072, bias=False)
        (attn_drop): Dropout(p=0.0, inplace=False)
        (proj): Linear(in_features=1024, out_features=1024, bias=True)
        (proj_drop): Dropout(p=0.0, inplace=False)
      )
      (drop_path): DropPath(p=0.09130434691905975)
      (norm2): LayerNorm((1024,), eps=1e-06, elementwise_affine=True)
      (mlp): Mlp(
        (fc1): Linear(in_features=1024, out_features=4096, bias=True)
        (act): GELU(approximate='none')
        (fc2): Linear(in_features=4096, out_features=1024, bias=True)
        (drop): Dropout(p=0.0, inplace=False)
      )
    )
    (22): Block(
      (norm1): LayerNorm((1024,), eps=1e-06, elementwise_affine=True)
      (attn): Attention(
        (qkv): Linear(in_features=1024, out_features=3072, bias=False)
        (attn_drop): Dropout(p=0.0, inplace=False)
        (proj): Linear(in_features=1024, out_features=1024, bias=True)
        (proj_drop): Dropout(p=0.0, inplace=False)
      )
      (drop_path): DropPath(p=0.09565217792987823)
      (norm2): LayerNorm((1024,), eps=1e-06, elementwise_affine=True)
      (mlp): Mlp(
        (fc1): Linear(in_features=1024, out_features=4096, bias=True)
        (act): GELU(approximate='none')
        (fc2): Linear(in_features=4096, out_features=1024, bias=True)
        (drop): Dropout(p=0.0, inplace=False)
      )
    )
    (23): Block(
      (norm1): LayerNorm((1024,), eps=1e-06, elementwise_affine=True)
      (attn): Attention(
        (qkv): Linear(in_features=1024, out_features=3072, bias=False)
        (attn_drop): Dropout(p=0.0, inplace=False)
        (proj): Linear(in_features=1024, out_features=1024, bias=True)
        (proj_drop): Dropout(p=0.0, inplace=False)
      )
      (drop_path): DropPath(p=0.10000000149011612)
      (norm2): LayerNorm((1024,), eps=1e-06, elementwise_affine=True)
      (mlp): Mlp(
        (fc1): Linear(in_features=1024, out_features=4096, bias=True)
        (act): GELU(approximate='none')
        (fc2): Linear(in_features=4096, out_features=1024, bias=True)
        (drop): Dropout(p=0.0, inplace=False)
      )
    )
  )
  (norm): LayerNorm((1024,), eps=1e-06, elementwise_affine=True)
  (head): Linear(in_features=1024, out_features=1000, bias=True)
)
normalization method:  imagenet
  [CP] N_k=413 · 학습 파라미터 backbone 25.2M (blocks (22, 23) + norm) + head 0.4M · drop_path(22,23)=[0.09565217792987823, 0.10000000149011612] · batch=32×accum=1 · epochs=150
normalization method:  imagenet
  [CP] oral_diseases fold4 ep001/150 loss=6.1280 lr=6.67e-06 (3s) · head-only
  [CP] oral_diseases fold4 ep002/150 loss=6.1266 lr=1.33e-05 (2s) · head-only
  [CP] oral_diseases fold4 ep003/150 loss=6.1101 lr=2.00e-05 (3s) · head-only
  [CP] oral_diseases fold4 ep010/150 loss=5.9642 lr=6.67e-05 (3s)
  [CP] oral_diseases fold4 ep020/150 loss=4.6689 lr=9.98e-05 (3s)
  [CP] oral_diseases fold4 ep030/150 loss=3.6405 lr=9.74e-05 (3s)
  [CP] oral_diseases fold4 ep040/150 loss=3.2676 lr=9.24e-05 (3s)
  [CP] oral_diseases fold4 ep050/150 loss=3.0833 lr=8.51e-05 (3s)
  [CP] oral_diseases fold4 ep060/150 loss=2.9552 lr=7.60e-05 (3s)
  [CP] oral_diseases fold4 ep070/150 loss=2.9084 lr=6.55e-05 (3s)
  [CP] oral_diseases fold4 ep080/150 loss=2.9140 lr=5.41e-05 (3s)
  [CP] oral_diseases fold4 ep090/150 loss=2.8076 lr=4.25e-05 (3s)
  [CP] oral_diseases fold4 ep100/150 loss=2.7843 lr=3.13e-05 (3s)
  [CP] oral_diseases fold4 ep110/150 loss=2.7499 lr=2.11e-05 (3s)
  [CP] oral_diseases fold4 ep120/150 loss=2.7646 lr=1.25e-05 (3s)
  [CP] oral_diseases fold4 ep130/150 loss=2.7786 lr=5.85e-06 (3s)
  [CP] oral_diseases fold4 ep140/150 loss=2.7690 lr=1.63e-06 (3s)
  [CP] oral_diseases fold4 ep150/150 loss=2.8331 lr=1.35e-08 (3s)
  [CP] 완료 150 ep · 3.0s/ep · final_loss=2.8331 · GPU peak 2351 MB
normalization method:  imagenet
normalization method:  imagenet
  [extract] 원본 (516, 1024) → w10_cp_feats_oral_diseases_fold4.npy (7s)
normalization method:  imagenet
  [extract] 증강 copy 0 (7s)
  [extract] 증강 copy 1 (7s)
  [extract] 증강 copy 2 (7s)
  [extract] 증강 copy 3 (7s)
  [extract] 증강 (4, 516, 1024) → w10_cp_augfeats_oral_diseases_fold4.npy · copy0 코사인 0.8286
    A0cp fold4: BACC=0.7721 MAE=0.4951 MAE_true=0.4979
    A1cp fold4: BACC=0.8004 MAE=0.3883 MAE_true=0.4086
    A2cp fold4: BACC=0.7691 MAE=0.4757 MAE_true=0.4920
    A3cp fold4: BACC=0.7665 MAE=0.4757 MAE_true=0.4990
    A4cp fold4: BACC=0.8004 MAE=0.3981 MAE_true=0.4205

==============================================================
arm      n_fold     BACC      MCC      MAE  MAE_true
A0cp          5   0.7442   0.7137   0.4418    0.4518
A1cp          5   0.7385   0.7061   0.4650    0.4799
A2cp          5   0.7457   0.7157   0.4341    0.4462
A3cp          5   0.7083   0.6699   0.5270    0.5426
A4cp          5   0.7415   0.7084   0.4689    0.4835
==============================================================

총 8.1 분 · 저장: /home/junkim/paper_ajou_dev/PanDerm/output_dir/p6_regime_f/w10_cp_fold_scores_oral_diseases.csv
🔬 w10 E1 (탐색적 · 사후) · 프로토콜 docs/date/2026-09-03_12th_meeting/research_note/w10_unconstrained_methods_protocol.md §3
device=cuda · dataset=oral_diseases · folds=[5] · stage=all · epochs=150 · batch=32×1 · prefix=w10_
→ /home/junkim/paper_ajou_dev/PanDerm/output_dir/p6_regime_f/w10_cp_fold_scores_oral_diseases.csv

=== oral_diseases · fold 5 (train 412 / test 104) ===
/home/junkim/miniconda3/envs/paper/lib/python3.11/site-packages/timm/models/layers/__init__.py:49: FutureWarning: Importing from timm.models.layers is deprecated, please import via timm.layers
  warnings.warn(f"Importing from {__name__} is deprecated, please import via timm.layers", FutureWarning)
/home/junkim/miniconda3/envs/paper/lib/python3.11/site-packages/timm/models/registry.py:4: FutureWarning: Importing from timm.models.registry is deprecated, please import via timm.models
  warnings.warn(f"Importing from {__name__} is deprecated, please import via timm.models", FutureWarning)
/home/junkim/miniconda3/envs/paper/lib/python3.11/site-packages/torch/functional.py:534: UserWarning: torch.meshgrid: in an upcoming release, it will be required to pass the indexing argument. (Triggered internally at ../aten/src/ATen/native/TensorShape.cpp:3595.)
  return _VF.meshgrid(tensors, **kwargs)  # type: ignore[attr-defined]
loading model checkpoint
VisionTransformer(
  (patch_embed): PatchEmbed(
    (proj): Conv2d(3, 1024, kernel_size=(16, 16), stride=(16, 16))
  )
  (pos_drop): Dropout(p=0.0, inplace=False)
  (blocks): ModuleList(
    (0): Block(
      (norm1): LayerNorm((1024,), eps=1e-06, elementwise_affine=True)
      (attn): Attention(
        (qkv): Linear(in_features=1024, out_features=3072, bias=False)
        (attn_drop): Dropout(p=0.0, inplace=False)
        (proj): Linear(in_features=1024, out_features=1024, bias=True)
        (proj_drop): Dropout(p=0.0, inplace=False)
      )
      (drop_path): Identity()
      (norm2): LayerNorm((1024,), eps=1e-06, elementwise_affine=True)
      (mlp): Mlp(
        (fc1): Linear(in_features=1024, out_features=4096, bias=True)
        (act): GELU(approximate='none')
        (fc2): Linear(in_features=4096, out_features=1024, bias=True)
        (drop): Dropout(p=0.0, inplace=False)
      )
    )
    (1): Block(
      (norm1): LayerNorm((1024,), eps=1e-06, elementwise_affine=True)
      (attn): Attention(
        (qkv): Linear(in_features=1024, out_features=3072, bias=False)
        (attn_drop): Dropout(p=0.0, inplace=False)
        (proj): Linear(in_features=1024, out_features=1024, bias=True)
        (proj_drop): Dropout(p=0.0, inplace=False)
      )
      (drop_path): DropPath(p=0.004347826354205608)
      (norm2): LayerNorm((1024,), eps=1e-06, elementwise_affine=True)
      (mlp): Mlp(
        (fc1): Linear(in_features=1024, out_features=4096, bias=True)
        (act): GELU(approximate='none')
        (fc2): Linear(in_features=4096, out_features=1024, bias=True)
        (drop): Dropout(p=0.0, inplace=False)
      )
    )
    (2): Block(
      (norm1): LayerNorm((1024,), eps=1e-06, elementwise_affine=True)
      (attn): Attention(
        (qkv): Linear(in_features=1024, out_features=3072, bias=False)
        (attn_drop): Dropout(p=0.0, inplace=False)
        (proj): Linear(in_features=1024, out_features=1024, bias=True)
        (proj_drop): Dropout(p=0.0, inplace=False)
      )
      (drop_path): DropPath(p=0.008695652708411217)
      (norm2): LayerNorm((1024,), eps=1e-06, elementwise_affine=True)
      (mlp): Mlp(
        (fc1): Linear(in_features=1024, out_features=4096, bias=True)
        (act): GELU(approximate='none')
        (fc2): Linear(in_features=4096, out_features=1024, bias=True)
        (drop): Dropout(p=0.0, inplace=False)
      )
    )
    (3): Block(
      (norm1): LayerNorm((1024,), eps=1e-06, elementwise_affine=True)
      (attn): Attention(
        (qkv): Linear(in_features=1024, out_features=3072, bias=False)
        (attn_drop): Dropout(p=0.0, inplace=False)
        (proj): Linear(in_features=1024, out_features=1024, bias=True)
        (proj_drop): Dropout(p=0.0, inplace=False)
      )
      (drop_path): DropPath(p=0.013043479062616825)
      (norm2): LayerNorm((1024,), eps=1e-06, elementwise_affine=True)
      (mlp): Mlp(
        (fc1): Linear(in_features=1024, out_features=4096, bias=True)
        (act): GELU(approximate='none')
        (fc2): Linear(in_features=4096, out_features=1024, bias=True)
        (drop): Dropout(p=0.0, inplace=False)
      )
    )
    (4): Block(
      (norm1): LayerNorm((1024,), eps=1e-06, elementwise_affine=True)
      (attn): Attention(
        (qkv): Linear(in_features=1024, out_features=3072, bias=False)
        (attn_drop): Dropout(p=0.0, inplace=False)
        (proj): Linear(in_features=1024, out_features=1024, bias=True)
        (proj_drop): Dropout(p=0.0, inplace=False)
      )
      (drop_path): DropPath(p=0.017391305416822433)
      (norm2): LayerNorm((1024,), eps=1e-06, elementwise_affine=True)
      (mlp): Mlp(
        (fc1): Linear(in_features=1024, out_features=4096, bias=True)
        (act): GELU(approximate='none')
        (fc2): Linear(in_features=4096, out_features=1024, bias=True)
        (drop): Dropout(p=0.0, inplace=False)
      )
    )
    (5): Block(
      (norm1): LayerNorm((1024,), eps=1e-06, elementwise_affine=True)
      (attn): Attention(
        (qkv): Linear(in_features=1024, out_features=3072, bias=False)
        (attn_drop): Dropout(p=0.0, inplace=False)
        (proj): Linear(in_features=1024, out_features=1024, bias=True)
        (proj_drop): Dropout(p=0.0, inplace=False)
      )
      (drop_path): DropPath(p=0.021739132702350616)
      (norm2): LayerNorm((1024,), eps=1e-06, elementwise_affine=True)
      (mlp): Mlp(
        (fc1): Linear(in_features=1024, out_features=4096, bias=True)
        (act): GELU(approximate='none')
        (fc2): Linear(in_features=4096, out_features=1024, bias=True)
        (drop): Dropout(p=0.0, inplace=False)
      )
    )
    (6): Block(
      (norm1): LayerNorm((1024,), eps=1e-06, elementwise_affine=True)
      (attn): Attention(
        (qkv): Linear(in_features=1024, out_features=3072, bias=False)
        (attn_drop): Dropout(p=0.0, inplace=False)
        (proj): Linear(in_features=1024, out_features=1024, bias=True)
        (proj_drop): Dropout(p=0.0, inplace=False)
      )
      (drop_path): DropPath(p=0.02608695812523365)
      (norm2): LayerNorm((1024,), eps=1e-06, elementwise_affine=True)
      (mlp): Mlp(
        (fc1): Linear(in_features=1024, out_features=4096, bias=True)
        (act): GELU(approximate='none')
        (fc2): Linear(in_features=4096, out_features=1024, bias=True)
        (drop): Dropout(p=0.0, inplace=False)
      )
    )
    (7): Block(
      (norm1): LayerNorm((1024,), eps=1e-06, elementwise_affine=True)
      (attn): Attention(
        (qkv): Linear(in_features=1024, out_features=3072, bias=False)
        (attn_drop): Dropout(p=0.0, inplace=False)
        (proj): Linear(in_features=1024, out_features=1024, bias=True)
        (proj_drop): Dropout(p=0.0, inplace=False)
      )
      (drop_path): DropPath(p=0.030434783548116684)
      (norm2): LayerNorm((1024,), eps=1e-06, elementwise_affine=True)
      (mlp): Mlp(
        (fc1): Linear(in_features=1024, out_features=4096, bias=True)
        (act): GELU(approximate='none')
        (fc2): Linear(in_features=4096, out_features=1024, bias=True)
        (drop): Dropout(p=0.0, inplace=False)
      )
    )
    (8): Block(
      (norm1): LayerNorm((1024,), eps=1e-06, elementwise_affine=True)
      (attn): Attention(
        (qkv): Linear(in_features=1024, out_features=3072, bias=False)
        (attn_drop): Dropout(p=0.0, inplace=False)
        (proj): Linear(in_features=1024, out_features=1024, bias=True)
        (proj_drop): Dropout(p=0.0, inplace=False)
      )
      (drop_path): DropPath(p=0.03478261083364487)
      (norm2): LayerNorm((1024,), eps=1e-06, elementwise_affine=True)
      (mlp): Mlp(
        (fc1): Linear(in_features=1024, out_features=4096, bias=True)
        (act): GELU(approximate='none')
        (fc2): Linear(in_features=4096, out_features=1024, bias=True)
        (drop): Dropout(p=0.0, inplace=False)
      )
    )
    (9): Block(
      (norm1): LayerNorm((1024,), eps=1e-06, elementwise_affine=True)
      (attn): Attention(
        (qkv): Linear(in_features=1024, out_features=3072, bias=False)
        (attn_drop): Dropout(p=0.0, inplace=False)
        (proj): Linear(in_features=1024, out_features=1024, bias=True)
        (proj_drop): Dropout(p=0.0, inplace=False)
      )
      (drop_path): DropPath(p=0.03913043811917305)
      (norm2): LayerNorm((1024,), eps=1e-06, elementwise_affine=True)
      (mlp): Mlp(
        (fc1): Linear(in_features=1024, out_features=4096, bias=True)
        (act): GELU(approximate='none')
        (fc2): Linear(in_features=4096, out_features=1024, bias=True)
        (drop): Dropout(p=0.0, inplace=False)
      )
    )
    (10): Block(
      (norm1): LayerNorm((1024,), eps=1e-06, elementwise_affine=True)
      (attn): Attention(
        (qkv): Linear(in_features=1024, out_features=3072, bias=False)
        (attn_drop): Dropout(p=0.0, inplace=False)
        (proj): Linear(in_features=1024, out_features=1024, bias=True)
        (proj_drop): Dropout(p=0.0, inplace=False)
      )
      (drop_path): DropPath(p=0.04347826540470123)
      (norm2): LayerNorm((1024,), eps=1e-06, elementwise_affine=True)
      (mlp): Mlp(
        (fc1): Linear(in_features=1024, out_features=4096, bias=True)
        (act): GELU(approximate='none')
        (fc2): Linear(in_features=4096, out_features=1024, bias=True)
        (drop): Dropout(p=0.0, inplace=False)
      )
    )
    (11): Block(
      (norm1): LayerNorm((1024,), eps=1e-06, elementwise_affine=True)
      (attn): Attention(
        (qkv): Linear(in_features=1024, out_features=3072, bias=False)
        (attn_drop): Dropout(p=0.0, inplace=False)
        (proj): Linear(in_features=1024, out_features=1024, bias=True)
        (proj_drop): Dropout(p=0.0, inplace=False)
      )
      (drop_path): DropPath(p=0.04782608896493912)
      (norm2): LayerNorm((1024,), eps=1e-06, elementwise_affine=True)
      (mlp): Mlp(
        (fc1): Linear(in_features=1024, out_features=4096, bias=True)
        (act): GELU(approximate='none')
        (fc2): Linear(in_features=4096, out_features=1024, bias=True)
        (drop): Dropout(p=0.0, inplace=False)
      )
    )
    (12): Block(
      (norm1): LayerNorm((1024,), eps=1e-06, elementwise_affine=True)
      (attn): Attention(
        (qkv): Linear(in_features=1024, out_features=3072, bias=False)
        (attn_drop): Dropout(p=0.0, inplace=False)
        (proj): Linear(in_features=1024, out_features=1024, bias=True)
        (proj_drop): Dropout(p=0.0, inplace=False)
      )
      (drop_path): DropPath(p=0.052173912525177)
      (norm2): LayerNorm((1024,), eps=1e-06, elementwise_affine=True)
      (mlp): Mlp(
        (fc1): Linear(in_features=1024, out_features=4096, bias=True)
        (act): GELU(approximate='none')
        (fc2): Linear(in_features=4096, out_features=1024, bias=True)
        (drop): Dropout(p=0.0, inplace=False)
      )
    )
    (13): Block(
      (norm1): LayerNorm((1024,), eps=1e-06, elementwise_affine=True)
      (attn): Attention(
        (qkv): Linear(in_features=1024, out_features=3072, bias=False)
        (attn_drop): Dropout(p=0.0, inplace=False)
        (proj): Linear(in_features=1024, out_features=1024, bias=True)
        (proj_drop): Dropout(p=0.0, inplace=False)
      )
      (drop_path): DropPath(p=0.056521736085414886)
      (norm2): LayerNorm((1024,), eps=1e-06, elementwise_affine=True)
      (mlp): Mlp(
        (fc1): Linear(in_features=1024, out_features=4096, bias=True)
        (act): GELU(approximate='none')
        (fc2): Linear(in_features=4096, out_features=1024, bias=True)
        (drop): Dropout(p=0.0, inplace=False)
      )
    )
    (14): Block(
      (norm1): LayerNorm((1024,), eps=1e-06, elementwise_affine=True)
      (attn): Attention(
        (qkv): Linear(in_features=1024, out_features=3072, bias=False)
        (attn_drop): Dropout(p=0.0, inplace=False)
        (proj): Linear(in_features=1024, out_features=1024, bias=True)
        (proj_drop): Dropout(p=0.0, inplace=False)
      )
      (drop_path): DropPath(p=0.06086956337094307)
      (norm2): LayerNorm((1024,), eps=1e-06, elementwise_affine=True)
      (mlp): Mlp(
        (fc1): Linear(in_features=1024, out_features=4096, bias=True)
        (act): GELU(approximate='none')
        (fc2): Linear(in_features=4096, out_features=1024, bias=True)
        (drop): Dropout(p=0.0, inplace=False)
      )
    )
    (15): Block(
      (norm1): LayerNorm((1024,), eps=1e-06, elementwise_affine=True)
      (attn): Attention(
        (qkv): Linear(in_features=1024, out_features=3072, bias=False)
        (attn_drop): Dropout(p=0.0, inplace=False)
        (proj): Linear(in_features=1024, out_features=1024, bias=True)
        (proj_drop): Dropout(p=0.0, inplace=False)
      )
      (drop_path): DropPath(p=0.06521739065647125)
      (norm2): LayerNorm((1024,), eps=1e-06, elementwise_affine=True)
      (mlp): Mlp(
        (fc1): Linear(in_features=1024, out_features=4096, bias=True)
        (act): GELU(approximate='none')
        (fc2): Linear(in_features=4096, out_features=1024, bias=True)
        (drop): Dropout(p=0.0, inplace=False)
      )
    )
    (16): Block(
      (norm1): LayerNorm((1024,), eps=1e-06, elementwise_affine=True)
      (attn): Attention(
        (qkv): Linear(in_features=1024, out_features=3072, bias=False)
        (attn_drop): Dropout(p=0.0, inplace=False)
        (proj): Linear(in_features=1024, out_features=1024, bias=True)
        (proj_drop): Dropout(p=0.0, inplace=False)
      )
      (drop_path): DropPath(p=0.06956521421670914)
      (norm2): LayerNorm((1024,), eps=1e-06, elementwise_affine=True)
      (mlp): Mlp(
        (fc1): Linear(in_features=1024, out_features=4096, bias=True)
        (act): GELU(approximate='none')
        (fc2): Linear(in_features=4096, out_features=1024, bias=True)
        (drop): Dropout(p=0.0, inplace=False)
      )
    )
    (17): Block(
      (norm1): LayerNorm((1024,), eps=1e-06, elementwise_affine=True)
      (attn): Attention(
        (qkv): Linear(in_features=1024, out_features=3072, bias=False)
        (attn_drop): Dropout(p=0.0, inplace=False)
        (proj): Linear(in_features=1024, out_features=1024, bias=True)
        (proj_drop): Dropout(p=0.0, inplace=False)
      )
      (drop_path): DropPath(p=0.07391304522752762)
      (norm2): LayerNorm((1024,), eps=1e-06, elementwise_affine=True)
      (mlp): Mlp(
        (fc1): Linear(in_features=1024, out_features=4096, bias=True)
        (act): GELU(approximate='none')
        (fc2): Linear(in_features=4096, out_features=1024, bias=True)
        (drop): Dropout(p=0.0, inplace=False)
      )
    )
    (18): Block(
      (norm1): LayerNorm((1024,), eps=1e-06, elementwise_affine=True)
      (attn): Attention(
        (qkv): Linear(in_features=1024, out_features=3072, bias=False)
        (attn_drop): Dropout(p=0.0, inplace=False)
        (proj): Linear(in_features=1024, out_features=1024, bias=True)
        (proj_drop): Dropout(p=0.0, inplace=False)
      )
      (drop_path): DropPath(p=0.0782608687877655)
      (norm2): LayerNorm((1024,), eps=1e-06, elementwise_affine=True)
      (mlp): Mlp(
        (fc1): Linear(in_features=1024, out_features=4096, bias=True)
        (act): GELU(approximate='none')
        (fc2): Linear(in_features=4096, out_features=1024, bias=True)
        (drop): Dropout(p=0.0, inplace=False)
      )
    )
    (19): Block(
      (norm1): LayerNorm((1024,), eps=1e-06, elementwise_affine=True)
      (attn): Attention(
        (qkv): Linear(in_features=1024, out_features=3072, bias=False)
        (attn_drop): Dropout(p=0.0, inplace=False)
        (proj): Linear(in_features=1024, out_features=1024, bias=True)
        (proj_drop): Dropout(p=0.0, inplace=False)
      )
      (drop_path): DropPath(p=0.08260869979858398)
      (norm2): LayerNorm((1024,), eps=1e-06, elementwise_affine=True)
      (mlp): Mlp(
        (fc1): Linear(in_features=1024, out_features=4096, bias=True)
        (act): GELU(approximate='none')
        (fc2): Linear(in_features=4096, out_features=1024, bias=True)
        (drop): Dropout(p=0.0, inplace=False)
      )
    )
    (20): Block(
      (norm1): LayerNorm((1024,), eps=1e-06, elementwise_affine=True)
      (attn): Attention(
        (qkv): Linear(in_features=1024, out_features=3072, bias=False)
        (attn_drop): Dropout(p=0.0, inplace=False)
        (proj): Linear(in_features=1024, out_features=1024, bias=True)
        (proj_drop): Dropout(p=0.0, inplace=False)
      )
      (drop_path): DropPath(p=0.08695652335882187)
      (norm2): LayerNorm((1024,), eps=1e-06, elementwise_affine=True)
      (mlp): Mlp(
        (fc1): Linear(in_features=1024, out_features=4096, bias=True)
        (act): GELU(approximate='none')
        (fc2): Linear(in_features=4096, out_features=1024, bias=True)
        (drop): Dropout(p=0.0, inplace=False)
      )
    )
    (21): Block(
      (norm1): LayerNorm((1024,), eps=1e-06, elementwise_affine=True)
      (attn): Attention(
        (qkv): Linear(in_features=1024, out_features=3072, bias=False)
        (attn_drop): Dropout(p=0.0, inplace=False)
        (proj): Linear(in_features=1024, out_features=1024, bias=True)
        (proj_drop): Dropout(p=0.0, inplace=False)
      )
      (drop_path): DropPath(p=0.09130434691905975)
      (norm2): LayerNorm((1024,), eps=1e-06, elementwise_affine=True)
      (mlp): Mlp(
        (fc1): Linear(in_features=1024, out_features=4096, bias=True)
        (act): GELU(approximate='none')
        (fc2): Linear(in_features=4096, out_features=1024, bias=True)
        (drop): Dropout(p=0.0, inplace=False)
      )
    )
    (22): Block(
      (norm1): LayerNorm((1024,), eps=1e-06, elementwise_affine=True)
      (attn): Attention(
        (qkv): Linear(in_features=1024, out_features=3072, bias=False)
        (attn_drop): Dropout(p=0.0, inplace=False)
        (proj): Linear(in_features=1024, out_features=1024, bias=True)
        (proj_drop): Dropout(p=0.0, inplace=False)
      )
      (drop_path): DropPath(p=0.09565217792987823)
      (norm2): LayerNorm((1024,), eps=1e-06, elementwise_affine=True)
      (mlp): Mlp(
        (fc1): Linear(in_features=1024, out_features=4096, bias=True)
        (act): GELU(approximate='none')
        (fc2): Linear(in_features=4096, out_features=1024, bias=True)
        (drop): Dropout(p=0.0, inplace=False)
      )
    )
    (23): Block(
      (norm1): LayerNorm((1024,), eps=1e-06, elementwise_affine=True)
      (attn): Attention(
        (qkv): Linear(in_features=1024, out_features=3072, bias=False)
        (attn_drop): Dropout(p=0.0, inplace=False)
        (proj): Linear(in_features=1024, out_features=1024, bias=True)
        (proj_drop): Dropout(p=0.0, inplace=False)
      )
      (drop_path): DropPath(p=0.10000000149011612)
      (norm2): LayerNorm((1024,), eps=1e-06, elementwise_affine=True)
      (mlp): Mlp(
        (fc1): Linear(in_features=1024, out_features=4096, bias=True)
        (act): GELU(approximate='none')
        (fc2): Linear(in_features=4096, out_features=1024, bias=True)
        (drop): Dropout(p=0.0, inplace=False)
      )
    )
  )
  (norm): LayerNorm((1024,), eps=1e-06, elementwise_affine=True)
  (head): Linear(in_features=1024, out_features=1000, bias=True)
)
normalization method:  imagenet
  [CP] N_k=412 · 학습 파라미터 backbone 25.2M (blocks (22, 23) + norm) + head 0.4M · drop_path(22,23)=[0.09565217792987823, 0.10000000149011612] · batch=32×accum=1 · epochs=150
normalization method:  imagenet
  [CP] oral_diseases fold5 ep001/150 loss=6.1314 lr=6.67e-06 (3s) · head-only
  [CP] oral_diseases fold5 ep002/150 loss=6.1151 lr=1.33e-05 (3s) · head-only
  [CP] oral_diseases fold5 ep003/150 loss=6.1108 lr=2.00e-05 (2s) · head-only
  [CP] oral_diseases fold5 ep010/150 loss=5.9670 lr=6.67e-05 (3s)
  [CP] oral_diseases fold5 ep020/150 loss=4.6781 lr=9.98e-05 (3s)
  [CP] oral_diseases fold5 ep030/150 loss=3.7265 lr=9.74e-05 (3s)
  [CP] oral_diseases fold5 ep040/150 loss=3.2822 lr=9.24e-05 (3s)
  [CP] oral_diseases fold5 ep050/150 loss=3.0649 lr=8.51e-05 (3s)
  [CP] oral_diseases fold5 ep060/150 loss=2.9840 lr=7.60e-05 (3s)
  [CP] oral_diseases fold5 ep070/150 loss=2.9359 lr=6.55e-05 (3s)
  [CP] oral_diseases fold5 ep080/150 loss=2.8801 lr=5.41e-05 (3s)
  [CP] oral_diseases fold5 ep090/150 loss=2.8665 lr=4.25e-05 (3s)
  [CP] oral_diseases fold5 ep100/150 loss=2.7956 lr=3.13e-05 (3s)
  [CP] oral_diseases fold5 ep110/150 loss=2.7903 lr=2.11e-05 (3s)
  [CP] oral_diseases fold5 ep120/150 loss=2.7767 lr=1.25e-05 (3s)
  [CP] oral_diseases fold5 ep130/150 loss=2.7437 lr=5.85e-06 (3s)
  [CP] oral_diseases fold5 ep140/150 loss=2.7792 lr=1.63e-06 (3s)
  [CP] oral_diseases fold5 ep150/150 loss=2.7993 lr=1.35e-08 (3s)
  [CP] 완료 150 ep · 3.0s/ep · final_loss=2.7993 · GPU peak 2351 MB
normalization method:  imagenet
normalization method:  imagenet
  [extract] 원본 (516, 1024) → w10_cp_feats_oral_diseases_fold5.npy (7s)
normalization method:  imagenet
  [extract] 증강 copy 0 (7s)
  [extract] 증강 copy 1 (7s)
  [extract] 증강 copy 2 (7s)
  [extract] 증강 copy 3 (7s)
  [extract] 증강 (4, 516, 1024) → w10_cp_augfeats_oral_diseases_fold5.npy · copy0 코사인 0.8164
    A0cp fold5: BACC=0.7660 MAE=0.3462 MAE_true=0.3482
    A1cp fold5: BACC=0.7770 MAE=0.3846 MAE_true=0.3878
    A2cp fold5: BACC=0.7899 MAE=0.3269 MAE_true=0.3242
    A3cp fold5: BACC=0.7251 MAE=0.5288 MAE_true=0.5283
    A4cp fold5: BACC=0.7602 MAE=0.4231 MAE_true=0.4195

==============================================================
arm      n_fold     BACC      MCC      MAE  MAE_true
A0cp          6   0.7478   0.7165   0.4259    0.4346
A1cp          6   0.7449   0.7121   0.4516    0.4646
A2cp          6   0.7530   0.7221   0.4162    0.4259
A3cp          6   0.7111   0.6723   0.5273    0.5402
A4cp          6   0.7446   0.7105   0.4613    0.4728
==============================================================

총 8.1 분 · 저장: /home/junkim/paper_ajou_dev/PanDerm/output_dir/p6_regime_f/w10_cp_fold_scores_oral_diseases.csv
🔬 w10 E1 (탐색적 · 사후) · 프로토콜 docs/date/2026-09-03_12th_meeting/research_note/w10_unconstrained_methods_protocol.md §3
device=cuda · dataset=oral_diseases · folds=[6] · stage=all · epochs=150 · batch=32×1 · prefix=w10_
→ /home/junkim/paper_ajou_dev/PanDerm/output_dir/p6_regime_f/w10_cp_fold_scores_oral_diseases.csv

=== oral_diseases · fold 6 (train 413 / test 103) ===
/home/junkim/miniconda3/envs/paper/lib/python3.11/site-packages/timm/models/layers/__init__.py:49: FutureWarning: Importing from timm.models.layers is deprecated, please import via timm.layers
  warnings.warn(f"Importing from {__name__} is deprecated, please import via timm.layers", FutureWarning)
/home/junkim/miniconda3/envs/paper/lib/python3.11/site-packages/timm/models/registry.py:4: FutureWarning: Importing from timm.models.registry is deprecated, please import via timm.models
  warnings.warn(f"Importing from {__name__} is deprecated, please import via timm.models", FutureWarning)
/home/junkim/miniconda3/envs/paper/lib/python3.11/site-packages/torch/functional.py:534: UserWarning: torch.meshgrid: in an upcoming release, it will be required to pass the indexing argument. (Triggered internally at ../aten/src/ATen/native/TensorShape.cpp:3595.)
  return _VF.meshgrid(tensors, **kwargs)  # type: ignore[attr-defined]
loading model checkpoint
VisionTransformer(
  (patch_embed): PatchEmbed(
    (proj): Conv2d(3, 1024, kernel_size=(16, 16), stride=(16, 16))
  )
  (pos_drop): Dropout(p=0.0, inplace=False)
  (blocks): ModuleList(
    (0): Block(
      (norm1): LayerNorm((1024,), eps=1e-06, elementwise_affine=True)
      (attn): Attention(
        (qkv): Linear(in_features=1024, out_features=3072, bias=False)
        (attn_drop): Dropout(p=0.0, inplace=False)
        (proj): Linear(in_features=1024, out_features=1024, bias=True)
        (proj_drop): Dropout(p=0.0, inplace=False)
      )
      (drop_path): Identity()
      (norm2): LayerNorm((1024,), eps=1e-06, elementwise_affine=True)
      (mlp): Mlp(
        (fc1): Linear(in_features=1024, out_features=4096, bias=True)
        (act): GELU(approximate='none')
        (fc2): Linear(in_features=4096, out_features=1024, bias=True)
        (drop): Dropout(p=0.0, inplace=False)
      )
    )
    (1): Block(
      (norm1): LayerNorm((1024,), eps=1e-06, elementwise_affine=True)
      (attn): Attention(
        (qkv): Linear(in_features=1024, out_features=3072, bias=False)
        (attn_drop): Dropout(p=0.0, inplace=False)
        (proj): Linear(in_features=1024, out_features=1024, bias=True)
        (proj_drop): Dropout(p=0.0, inplace=False)
      )
      (drop_path): DropPath(p=0.004347826354205608)
      (norm2): LayerNorm((1024,), eps=1e-06, elementwise_affine=True)
      (mlp): Mlp(
        (fc1): Linear(in_features=1024, out_features=4096, bias=True)
        (act): GELU(approximate='none')
        (fc2): Linear(in_features=4096, out_features=1024, bias=True)
        (drop): Dropout(p=0.0, inplace=False)
      )
    )
    (2): Block(
      (norm1): LayerNorm((1024,), eps=1e-06, elementwise_affine=True)
      (attn): Attention(
        (qkv): Linear(in_features=1024, out_features=3072, bias=False)
        (attn_drop): Dropout(p=0.0, inplace=False)
        (proj): Linear(in_features=1024, out_features=1024, bias=True)
        (proj_drop): Dropout(p=0.0, inplace=False)
      )
      (drop_path): DropPath(p=0.008695652708411217)
      (norm2): LayerNorm((1024,), eps=1e-06, elementwise_affine=True)
      (mlp): Mlp(
        (fc1): Linear(in_features=1024, out_features=4096, bias=True)
        (act): GELU(approximate='none')
        (fc2): Linear(in_features=4096, out_features=1024, bias=True)
        (drop): Dropout(p=0.0, inplace=False)
      )
    )
    (3): Block(
      (norm1): LayerNorm((1024,), eps=1e-06, elementwise_affine=True)
      (attn): Attention(
        (qkv): Linear(in_features=1024, out_features=3072, bias=False)
        (attn_drop): Dropout(p=0.0, inplace=False)
        (proj): Linear(in_features=1024, out_features=1024, bias=True)
        (proj_drop): Dropout(p=0.0, inplace=False)
      )
      (drop_path): DropPath(p=0.013043479062616825)
      (norm2): LayerNorm((1024,), eps=1e-06, elementwise_affine=True)
      (mlp): Mlp(
        (fc1): Linear(in_features=1024, out_features=4096, bias=True)
        (act): GELU(approximate='none')
        (fc2): Linear(in_features=4096, out_features=1024, bias=True)
        (drop): Dropout(p=0.0, inplace=False)
      )
    )
    (4): Block(
      (norm1): LayerNorm((1024,), eps=1e-06, elementwise_affine=True)
      (attn): Attention(
        (qkv): Linear(in_features=1024, out_features=3072, bias=False)
        (attn_drop): Dropout(p=0.0, inplace=False)
        (proj): Linear(in_features=1024, out_features=1024, bias=True)
        (proj_drop): Dropout(p=0.0, inplace=False)
      )
      (drop_path): DropPath(p=0.017391305416822433)
      (norm2): LayerNorm((1024,), eps=1e-06, elementwise_affine=True)
      (mlp): Mlp(
        (fc1): Linear(in_features=1024, out_features=4096, bias=True)
        (act): GELU(approximate='none')
        (fc2): Linear(in_features=4096, out_features=1024, bias=True)
        (drop): Dropout(p=0.0, inplace=False)
      )
    )
    (5): Block(
      (norm1): LayerNorm((1024,), eps=1e-06, elementwise_affine=True)
      (attn): Attention(
        (qkv): Linear(in_features=1024, out_features=3072, bias=False)
        (attn_drop): Dropout(p=0.0, inplace=False)
        (proj): Linear(in_features=1024, out_features=1024, bias=True)
        (proj_drop): Dropout(p=0.0, inplace=False)
      )
      (drop_path): DropPath(p=0.021739132702350616)
      (norm2): LayerNorm((1024,), eps=1e-06, elementwise_affine=True)
      (mlp): Mlp(
        (fc1): Linear(in_features=1024, out_features=4096, bias=True)
        (act): GELU(approximate='none')
        (fc2): Linear(in_features=4096, out_features=1024, bias=True)
        (drop): Dropout(p=0.0, inplace=False)
      )
    )
    (6): Block(
      (norm1): LayerNorm((1024,), eps=1e-06, elementwise_affine=True)
      (attn): Attention(
        (qkv): Linear(in_features=1024, out_features=3072, bias=False)
        (attn_drop): Dropout(p=0.0, inplace=False)
        (proj): Linear(in_features=1024, out_features=1024, bias=True)
        (proj_drop): Dropout(p=0.0, inplace=False)
      )
      (drop_path): DropPath(p=0.02608695812523365)
      (norm2): LayerNorm((1024,), eps=1e-06, elementwise_affine=True)
      (mlp): Mlp(
        (fc1): Linear(in_features=1024, out_features=4096, bias=True)
        (act): GELU(approximate='none')
        (fc2): Linear(in_features=4096, out_features=1024, bias=True)
        (drop): Dropout(p=0.0, inplace=False)
      )
    )
    (7): Block(
      (norm1): LayerNorm((1024,), eps=1e-06, elementwise_affine=True)
      (attn): Attention(
        (qkv): Linear(in_features=1024, out_features=3072, bias=False)
        (attn_drop): Dropout(p=0.0, inplace=False)
        (proj): Linear(in_features=1024, out_features=1024, bias=True)
        (proj_drop): Dropout(p=0.0, inplace=False)
      )
      (drop_path): DropPath(p=0.030434783548116684)
      (norm2): LayerNorm((1024,), eps=1e-06, elementwise_affine=True)
      (mlp): Mlp(
        (fc1): Linear(in_features=1024, out_features=4096, bias=True)
        (act): GELU(approximate='none')
        (fc2): Linear(in_features=4096, out_features=1024, bias=True)
        (drop): Dropout(p=0.0, inplace=False)
      )
    )
    (8): Block(
      (norm1): LayerNorm((1024,), eps=1e-06, elementwise_affine=True)
      (attn): Attention(
        (qkv): Linear(in_features=1024, out_features=3072, bias=False)
        (attn_drop): Dropout(p=0.0, inplace=False)
        (proj): Linear(in_features=1024, out_features=1024, bias=True)
        (proj_drop): Dropout(p=0.0, inplace=False)
      )
      (drop_path): DropPath(p=0.03478261083364487)
      (norm2): LayerNorm((1024,), eps=1e-06, elementwise_affine=True)
      (mlp): Mlp(
        (fc1): Linear(in_features=1024, out_features=4096, bias=True)
        (act): GELU(approximate='none')
        (fc2): Linear(in_features=4096, out_features=1024, bias=True)
        (drop): Dropout(p=0.0, inplace=False)
      )
    )
    (9): Block(
      (norm1): LayerNorm((1024,), eps=1e-06, elementwise_affine=True)
      (attn): Attention(
        (qkv): Linear(in_features=1024, out_features=3072, bias=False)
        (attn_drop): Dropout(p=0.0, inplace=False)
        (proj): Linear(in_features=1024, out_features=1024, bias=True)
        (proj_drop): Dropout(p=0.0, inplace=False)
      )
      (drop_path): DropPath(p=0.03913043811917305)
      (norm2): LayerNorm((1024,), eps=1e-06, elementwise_affine=True)
      (mlp): Mlp(
        (fc1): Linear(in_features=1024, out_features=4096, bias=True)
        (act): GELU(approximate='none')
        (fc2): Linear(in_features=4096, out_features=1024, bias=True)
        (drop): Dropout(p=0.0, inplace=False)
      )
    )
    (10): Block(
      (norm1): LayerNorm((1024,), eps=1e-06, elementwise_affine=True)
      (attn): Attention(
        (qkv): Linear(in_features=1024, out_features=3072, bias=False)
        (attn_drop): Dropout(p=0.0, inplace=False)
        (proj): Linear(in_features=1024, out_features=1024, bias=True)
        (proj_drop): Dropout(p=0.0, inplace=False)
      )
      (drop_path): DropPath(p=0.04347826540470123)
      (norm2): LayerNorm((1024,), eps=1e-06, elementwise_affine=True)
      (mlp): Mlp(
        (fc1): Linear(in_features=1024, out_features=4096, bias=True)
        (act): GELU(approximate='none')
        (fc2): Linear(in_features=4096, out_features=1024, bias=True)
        (drop): Dropout(p=0.0, inplace=False)
      )
    )
    (11): Block(
      (norm1): LayerNorm((1024,), eps=1e-06, elementwise_affine=True)
      (attn): Attention(
        (qkv): Linear(in_features=1024, out_features=3072, bias=False)
        (attn_drop): Dropout(p=0.0, inplace=False)
        (proj): Linear(in_features=1024, out_features=1024, bias=True)
        (proj_drop): Dropout(p=0.0, inplace=False)
      )
      (drop_path): DropPath(p=0.04782608896493912)
      (norm2): LayerNorm((1024,), eps=1e-06, elementwise_affine=True)
      (mlp): Mlp(
        (fc1): Linear(in_features=1024, out_features=4096, bias=True)
        (act): GELU(approximate='none')
        (fc2): Linear(in_features=4096, out_features=1024, bias=True)
        (drop): Dropout(p=0.0, inplace=False)
      )
    )
    (12): Block(
      (norm1): LayerNorm((1024,), eps=1e-06, elementwise_affine=True)
      (attn): Attention(
        (qkv): Linear(in_features=1024, out_features=3072, bias=False)
        (attn_drop): Dropout(p=0.0, inplace=False)
        (proj): Linear(in_features=1024, out_features=1024, bias=True)
        (proj_drop): Dropout(p=0.0, inplace=False)
      )
      (drop_path): DropPath(p=0.052173912525177)
      (norm2): LayerNorm((1024,), eps=1e-06, elementwise_affine=True)
      (mlp): Mlp(
        (fc1): Linear(in_features=1024, out_features=4096, bias=True)
        (act): GELU(approximate='none')
        (fc2): Linear(in_features=4096, out_features=1024, bias=True)
        (drop): Dropout(p=0.0, inplace=False)
      )
    )
    (13): Block(
      (norm1): LayerNorm((1024,), eps=1e-06, elementwise_affine=True)
      (attn): Attention(
        (qkv): Linear(in_features=1024, out_features=3072, bias=False)
        (attn_drop): Dropout(p=0.0, inplace=False)
        (proj): Linear(in_features=1024, out_features=1024, bias=True)
        (proj_drop): Dropout(p=0.0, inplace=False)
      )
      (drop_path): DropPath(p=0.056521736085414886)
      (norm2): LayerNorm((1024,), eps=1e-06, elementwise_affine=True)
      (mlp): Mlp(
        (fc1): Linear(in_features=1024, out_features=4096, bias=True)
        (act): GELU(approximate='none')
        (fc2): Linear(in_features=4096, out_features=1024, bias=True)
        (drop): Dropout(p=0.0, inplace=False)
      )
    )
    (14): Block(
      (norm1): LayerNorm((1024,), eps=1e-06, elementwise_affine=True)
      (attn): Attention(
        (qkv): Linear(in_features=1024, out_features=3072, bias=False)
        (attn_drop): Dropout(p=0.0, inplace=False)
        (proj): Linear(in_features=1024, out_features=1024, bias=True)
        (proj_drop): Dropout(p=0.0, inplace=False)
      )
      (drop_path): DropPath(p=0.06086956337094307)
      (norm2): LayerNorm((1024,), eps=1e-06, elementwise_affine=True)
      (mlp): Mlp(
        (fc1): Linear(in_features=1024, out_features=4096, bias=True)
        (act): GELU(approximate='none')
        (fc2): Linear(in_features=4096, out_features=1024, bias=True)
        (drop): Dropout(p=0.0, inplace=False)
      )
    )
    (15): Block(
      (norm1): LayerNorm((1024,), eps=1e-06, elementwise_affine=True)
      (attn): Attention(
        (qkv): Linear(in_features=1024, out_features=3072, bias=False)
        (attn_drop): Dropout(p=0.0, inplace=False)
        (proj): Linear(in_features=1024, out_features=1024, bias=True)
        (proj_drop): Dropout(p=0.0, inplace=False)
      )
      (drop_path): DropPath(p=0.06521739065647125)
      (norm2): LayerNorm((1024,), eps=1e-06, elementwise_affine=True)
      (mlp): Mlp(
        (fc1): Linear(in_features=1024, out_features=4096, bias=True)
        (act): GELU(approximate='none')
        (fc2): Linear(in_features=4096, out_features=1024, bias=True)
        (drop): Dropout(p=0.0, inplace=False)
      )
    )
    (16): Block(
      (norm1): LayerNorm((1024,), eps=1e-06, elementwise_affine=True)
      (attn): Attention(
        (qkv): Linear(in_features=1024, out_features=3072, bias=False)
        (attn_drop): Dropout(p=0.0, inplace=False)
        (proj): Linear(in_features=1024, out_features=1024, bias=True)
        (proj_drop): Dropout(p=0.0, inplace=False)
      )
      (drop_path): DropPath(p=0.06956521421670914)
      (norm2): LayerNorm((1024,), eps=1e-06, elementwise_affine=True)
      (mlp): Mlp(
        (fc1): Linear(in_features=1024, out_features=4096, bias=True)
        (act): GELU(approximate='none')
        (fc2): Linear(in_features=4096, out_features=1024, bias=True)
        (drop): Dropout(p=0.0, inplace=False)
      )
    )
    (17): Block(
      (norm1): LayerNorm((1024,), eps=1e-06, elementwise_affine=True)
      (attn): Attention(
        (qkv): Linear(in_features=1024, out_features=3072, bias=False)
        (attn_drop): Dropout(p=0.0, inplace=False)
        (proj): Linear(in_features=1024, out_features=1024, bias=True)
        (proj_drop): Dropout(p=0.0, inplace=False)
      )
      (drop_path): DropPath(p=0.07391304522752762)
      (norm2): LayerNorm((1024,), eps=1e-06, elementwise_affine=True)
      (mlp): Mlp(
        (fc1): Linear(in_features=1024, out_features=4096, bias=True)
        (act): GELU(approximate='none')
        (fc2): Linear(in_features=4096, out_features=1024, bias=True)
        (drop): Dropout(p=0.0, inplace=False)
      )
    )
    (18): Block(
      (norm1): LayerNorm((1024,), eps=1e-06, elementwise_affine=True)
      (attn): Attention(
        (qkv): Linear(in_features=1024, out_features=3072, bias=False)
        (attn_drop): Dropout(p=0.0, inplace=False)
        (proj): Linear(in_features=1024, out_features=1024, bias=True)
        (proj_drop): Dropout(p=0.0, inplace=False)
      )
      (drop_path): DropPath(p=0.0782608687877655)
      (norm2): LayerNorm((1024,), eps=1e-06, elementwise_affine=True)
      (mlp): Mlp(
        (fc1): Linear(in_features=1024, out_features=4096, bias=True)
        (act): GELU(approximate='none')
        (fc2): Linear(in_features=4096, out_features=1024, bias=True)
        (drop): Dropout(p=0.0, inplace=False)
      )
    )
    (19): Block(
      (norm1): LayerNorm((1024,), eps=1e-06, elementwise_affine=True)
      (attn): Attention(
        (qkv): Linear(in_features=1024, out_features=3072, bias=False)
        (attn_drop): Dropout(p=0.0, inplace=False)
        (proj): Linear(in_features=1024, out_features=1024, bias=True)
        (proj_drop): Dropout(p=0.0, inplace=False)
      )
      (drop_path): DropPath(p=0.08260869979858398)
      (norm2): LayerNorm((1024,), eps=1e-06, elementwise_affine=True)
      (mlp): Mlp(
        (fc1): Linear(in_features=1024, out_features=4096, bias=True)
        (act): GELU(approximate='none')
        (fc2): Linear(in_features=4096, out_features=1024, bias=True)
        (drop): Dropout(p=0.0, inplace=False)
      )
    )
    (20): Block(
      (norm1): LayerNorm((1024,), eps=1e-06, elementwise_affine=True)
      (attn): Attention(
        (qkv): Linear(in_features=1024, out_features=3072, bias=False)
        (attn_drop): Dropout(p=0.0, inplace=False)
        (proj): Linear(in_features=1024, out_features=1024, bias=True)
        (proj_drop): Dropout(p=0.0, inplace=False)
      )
      (drop_path): DropPath(p=0.08695652335882187)
      (norm2): LayerNorm((1024,), eps=1e-06, elementwise_affine=True)
      (mlp): Mlp(
        (fc1): Linear(in_features=1024, out_features=4096, bias=True)
        (act): GELU(approximate='none')
        (fc2): Linear(in_features=4096, out_features=1024, bias=True)
        (drop): Dropout(p=0.0, inplace=False)
      )
    )
    (21): Block(
      (norm1): LayerNorm((1024,), eps=1e-06, elementwise_affine=True)
      (attn): Attention(
        (qkv): Linear(in_features=1024, out_features=3072, bias=False)
        (attn_drop): Dropout(p=0.0, inplace=False)
        (proj): Linear(in_features=1024, out_features=1024, bias=True)
        (proj_drop): Dropout(p=0.0, inplace=False)
      )
      (drop_path): DropPath(p=0.09130434691905975)
      (norm2): LayerNorm((1024,), eps=1e-06, elementwise_affine=True)
      (mlp): Mlp(
        (fc1): Linear(in_features=1024, out_features=4096, bias=True)
        (act): GELU(approximate='none')
        (fc2): Linear(in_features=4096, out_features=1024, bias=True)
        (drop): Dropout(p=0.0, inplace=False)
      )
    )
    (22): Block(
      (norm1): LayerNorm((1024,), eps=1e-06, elementwise_affine=True)
      (attn): Attention(
        (qkv): Linear(in_features=1024, out_features=3072, bias=False)
        (attn_drop): Dropout(p=0.0, inplace=False)
        (proj): Linear(in_features=1024, out_features=1024, bias=True)
        (proj_drop): Dropout(p=0.0, inplace=False)
      )
      (drop_path): DropPath(p=0.09565217792987823)
      (norm2): LayerNorm((1024,), eps=1e-06, elementwise_affine=True)
      (mlp): Mlp(
        (fc1): Linear(in_features=1024, out_features=4096, bias=True)
        (act): GELU(approximate='none')
        (fc2): Linear(in_features=4096, out_features=1024, bias=True)
        (drop): Dropout(p=0.0, inplace=False)
      )
    )
    (23): Block(
      (norm1): LayerNorm((1024,), eps=1e-06, elementwise_affine=True)
      (attn): Attention(
        (qkv): Linear(in_features=1024, out_features=3072, bias=False)
        (attn_drop): Dropout(p=0.0, inplace=False)
        (proj): Linear(in_features=1024, out_features=1024, bias=True)
        (proj_drop): Dropout(p=0.0, inplace=False)
      )
      (drop_path): DropPath(p=0.10000000149011612)
      (norm2): LayerNorm((1024,), eps=1e-06, elementwise_affine=True)
      (mlp): Mlp(
        (fc1): Linear(in_features=1024, out_features=4096, bias=True)
        (act): GELU(approximate='none')
        (fc2): Linear(in_features=4096, out_features=1024, bias=True)
        (drop): Dropout(p=0.0, inplace=False)
      )
    )
  )
  (norm): LayerNorm((1024,), eps=1e-06, elementwise_affine=True)
  (head): Linear(in_features=1024, out_features=1000, bias=True)
)
normalization method:  imagenet
  [CP] N_k=413 · 학습 파라미터 backbone 25.2M (blocks (22, 23) + norm) + head 0.4M · drop_path(22,23)=[0.09565217792987823, 0.10000000149011612] · batch=32×accum=1 · epochs=150
normalization method:  imagenet
  [CP] oral_diseases fold6 ep001/150 loss=6.1252 lr=6.67e-06 (3s) · head-only
  [CP] oral_diseases fold6 ep002/150 loss=6.1229 lr=1.33e-05 (2s) · head-only
  [CP] oral_diseases fold6 ep003/150 loss=6.1149 lr=2.00e-05 (2s) · head-only
  [CP] oral_diseases fold6 ep010/150 loss=5.9570 lr=6.67e-05 (3s)
  [CP] oral_diseases fold6 ep020/150 loss=4.6666 lr=9.98e-05 (3s)
  [CP] oral_diseases fold6 ep030/150 loss=3.7024 lr=9.74e-05 (3s)
  [CP] oral_diseases fold6 ep040/150 loss=3.2975 lr=9.24e-05 (3s)
  [CP] oral_diseases fold6 ep050/150 loss=3.1448 lr=8.51e-05 (3s)
  [CP] oral_diseases fold6 ep060/150 loss=2.9781 lr=7.60e-05 (3s)
  [CP] oral_diseases fold6 ep070/150 loss=2.8856 lr=6.55e-05 (3s)
  [CP] oral_diseases fold6 ep080/150 loss=2.8847 lr=5.41e-05 (3s)
  [CP] oral_diseases fold6 ep090/150 loss=2.8222 lr=4.25e-05 (3s)
  [CP] oral_diseases fold6 ep100/150 loss=2.7926 lr=3.13e-05 (3s)
  [CP] oral_diseases fold6 ep110/150 loss=2.7456 lr=2.11e-05 (3s)
  [CP] oral_diseases fold6 ep120/150 loss=2.7709 lr=1.25e-05 (3s)
  [CP] oral_diseases fold6 ep130/150 loss=2.7997 lr=5.85e-06 (3s)
  [CP] oral_diseases fold6 ep140/150 loss=2.7600 lr=1.63e-06 (3s)
  [CP] oral_diseases fold6 ep150/150 loss=2.8197 lr=1.35e-08 (3s)
  [CP] 완료 150 ep · 3.0s/ep · final_loss=2.8197 · GPU peak 2351 MB
normalization method:  imagenet
normalization method:  imagenet
  [extract] 원본 (516, 1024) → w10_cp_feats_oral_diseases_fold6.npy (7s)
normalization method:  imagenet
  [extract] 증강 copy 0 (7s)
  [extract] 증강 copy 1 (7s)
  [extract] 증강 copy 2 (7s)
  [extract] 증강 copy 3 (7s)
  [extract] 증강 (4, 516, 1024) → w10_cp_augfeats_oral_diseases_fold6.npy · copy0 코사인 0.8539
    A0cp fold6: BACC=0.7527 MAE=0.4175 MAE_true=0.4197
    A1cp fold6: BACC=0.7675 MAE=0.3689 MAE_true=0.3817
    A2cp fold6: BACC=0.7527 MAE=0.4175 MAE_true=0.4197
    A3cp fold6: BACC=0.7378 MAE=0.4078 MAE_true=0.4251
    A4cp fold6: BACC=0.7795 MAE=0.3398 MAE_true=0.3539

==============================================================
arm      n_fold     BACC      MCC      MAE  MAE_true
A0cp          7   0.7485   0.7179   0.4247    0.4324
A1cp          7   0.7481   0.7175   0.4398    0.4527
A2cp          7   0.7530   0.7227   0.4164    0.4250
A3cp          7   0.7149   0.6785   0.5103    0.5238
A4cp          7   0.7496   0.7178   0.4439    0.4558
==============================================================

총 8.1 분 · 저장: /home/junkim/paper_ajou_dev/PanDerm/output_dir/p6_regime_f/w10_cp_fold_scores_oral_diseases.csv
🔬 w10 E1 (탐색적 · 사후) · 프로토콜 docs/date/2026-09-03_12th_meeting/research_note/w10_unconstrained_methods_protocol.md §3
device=cuda · dataset=oral_diseases · folds=[7] · stage=all · epochs=150 · batch=32×1 · prefix=w10_
→ /home/junkim/paper_ajou_dev/PanDerm/output_dir/p6_regime_f/w10_cp_fold_scores_oral_diseases.csv

=== oral_diseases · fold 7 (train 413 / test 103) ===
/home/junkim/miniconda3/envs/paper/lib/python3.11/site-packages/timm/models/layers/__init__.py:49: FutureWarning: Importing from timm.models.layers is deprecated, please import via timm.layers
  warnings.warn(f"Importing from {__name__} is deprecated, please import via timm.layers", FutureWarning)
/home/junkim/miniconda3/envs/paper/lib/python3.11/site-packages/timm/models/registry.py:4: FutureWarning: Importing from timm.models.registry is deprecated, please import via timm.models
  warnings.warn(f"Importing from {__name__} is deprecated, please import via timm.models", FutureWarning)
/home/junkim/miniconda3/envs/paper/lib/python3.11/site-packages/torch/functional.py:534: UserWarning: torch.meshgrid: in an upcoming release, it will be required to pass the indexing argument. (Triggered internally at ../aten/src/ATen/native/TensorShape.cpp:3595.)
  return _VF.meshgrid(tensors, **kwargs)  # type: ignore[attr-defined]
loading model checkpoint
VisionTransformer(
  (patch_embed): PatchEmbed(
    (proj): Conv2d(3, 1024, kernel_size=(16, 16), stride=(16, 16))
  )
  (pos_drop): Dropout(p=0.0, inplace=False)
  (blocks): ModuleList(
    (0): Block(
      (norm1): LayerNorm((1024,), eps=1e-06, elementwise_affine=True)
      (attn): Attention(
        (qkv): Linear(in_features=1024, out_features=3072, bias=False)
        (attn_drop): Dropout(p=0.0, inplace=False)
        (proj): Linear(in_features=1024, out_features=1024, bias=True)
        (proj_drop): Dropout(p=0.0, inplace=False)
      )
      (drop_path): Identity()
      (norm2): LayerNorm((1024,), eps=1e-06, elementwise_affine=True)
      (mlp): Mlp(
        (fc1): Linear(in_features=1024, out_features=4096, bias=True)
        (act): GELU(approximate='none')
        (fc2): Linear(in_features=4096, out_features=1024, bias=True)
        (drop): Dropout(p=0.0, inplace=False)
      )
    )
    (1): Block(
      (norm1): LayerNorm((1024,), eps=1e-06, elementwise_affine=True)
      (attn): Attention(
        (qkv): Linear(in_features=1024, out_features=3072, bias=False)
        (attn_drop): Dropout(p=0.0, inplace=False)
        (proj): Linear(in_features=1024, out_features=1024, bias=True)
        (proj_drop): Dropout(p=0.0, inplace=False)
      )
      (drop_path): DropPath(p=0.004347826354205608)
      (norm2): LayerNorm((1024,), eps=1e-06, elementwise_affine=True)
      (mlp): Mlp(
        (fc1): Linear(in_features=1024, out_features=4096, bias=True)
        (act): GELU(approximate='none')
        (fc2): Linear(in_features=4096, out_features=1024, bias=True)
        (drop): Dropout(p=0.0, inplace=False)
      )
    )
    (2): Block(
      (norm1): LayerNorm((1024,), eps=1e-06, elementwise_affine=True)
      (attn): Attention(
        (qkv): Linear(in_features=1024, out_features=3072, bias=False)
        (attn_drop): Dropout(p=0.0, inplace=False)
        (proj): Linear(in_features=1024, out_features=1024, bias=True)
        (proj_drop): Dropout(p=0.0, inplace=False)
      )
      (drop_path): DropPath(p=0.008695652708411217)
      (norm2): LayerNorm((1024,), eps=1e-06, elementwise_affine=True)
      (mlp): Mlp(
        (fc1): Linear(in_features=1024, out_features=4096, bias=True)
        (act): GELU(approximate='none')
        (fc2): Linear(in_features=4096, out_features=1024, bias=True)
        (drop): Dropout(p=0.0, inplace=False)
      )
    )
    (3): Block(
      (norm1): LayerNorm((1024,), eps=1e-06, elementwise_affine=True)
      (attn): Attention(
        (qkv): Linear(in_features=1024, out_features=3072, bias=False)
        (attn_drop): Dropout(p=0.0, inplace=False)
        (proj): Linear(in_features=1024, out_features=1024, bias=True)
        (proj_drop): Dropout(p=0.0, inplace=False)
      )
      (drop_path): DropPath(p=0.013043479062616825)
      (norm2): LayerNorm((1024,), eps=1e-06, elementwise_affine=True)
      (mlp): Mlp(
        (fc1): Linear(in_features=1024, out_features=4096, bias=True)
        (act): GELU(approximate='none')
        (fc2): Linear(in_features=4096, out_features=1024, bias=True)
        (drop): Dropout(p=0.0, inplace=False)
      )
    )
    (4): Block(
      (norm1): LayerNorm((1024,), eps=1e-06, elementwise_affine=True)
      (attn): Attention(
        (qkv): Linear(in_features=1024, out_features=3072, bias=False)
        (attn_drop): Dropout(p=0.0, inplace=False)
        (proj): Linear(in_features=1024, out_features=1024, bias=True)
        (proj_drop): Dropout(p=0.0, inplace=False)
      )
      (drop_path): DropPath(p=0.017391305416822433)
      (norm2): LayerNorm((1024,), eps=1e-06, elementwise_affine=True)
      (mlp): Mlp(
        (fc1): Linear(in_features=1024, out_features=4096, bias=True)
        (act): GELU(approximate='none')
        (fc2): Linear(in_features=4096, out_features=1024, bias=True)
        (drop): Dropout(p=0.0, inplace=False)
      )
    )
    (5): Block(
      (norm1): LayerNorm((1024,), eps=1e-06, elementwise_affine=True)
      (attn): Attention(
        (qkv): Linear(in_features=1024, out_features=3072, bias=False)
        (attn_drop): Dropout(p=0.0, inplace=False)
        (proj): Linear(in_features=1024, out_features=1024, bias=True)
        (proj_drop): Dropout(p=0.0, inplace=False)
      )
      (drop_path): DropPath(p=0.021739132702350616)
      (norm2): LayerNorm((1024,), eps=1e-06, elementwise_affine=True)
      (mlp): Mlp(
        (fc1): Linear(in_features=1024, out_features=4096, bias=True)
        (act): GELU(approximate='none')
        (fc2): Linear(in_features=4096, out_features=1024, bias=True)
        (drop): Dropout(p=0.0, inplace=False)
      )
    )
    (6): Block(
      (norm1): LayerNorm((1024,), eps=1e-06, elementwise_affine=True)
      (attn): Attention(
        (qkv): Linear(in_features=1024, out_features=3072, bias=False)
        (attn_drop): Dropout(p=0.0, inplace=False)
        (proj): Linear(in_features=1024, out_features=1024, bias=True)
        (proj_drop): Dropout(p=0.0, inplace=False)
      )
      (drop_path): DropPath(p=0.02608695812523365)
      (norm2): LayerNorm((1024,), eps=1e-06, elementwise_affine=True)
      (mlp): Mlp(
        (fc1): Linear(in_features=1024, out_features=4096, bias=True)
        (act): GELU(approximate='none')
        (fc2): Linear(in_features=4096, out_features=1024, bias=True)
        (drop): Dropout(p=0.0, inplace=False)
      )
    )
    (7): Block(
      (norm1): LayerNorm((1024,), eps=1e-06, elementwise_affine=True)
      (attn): Attention(
        (qkv): Linear(in_features=1024, out_features=3072, bias=False)
        (attn_drop): Dropout(p=0.0, inplace=False)
        (proj): Linear(in_features=1024, out_features=1024, bias=True)
        (proj_drop): Dropout(p=0.0, inplace=False)
      )
      (drop_path): DropPath(p=0.030434783548116684)
      (norm2): LayerNorm((1024,), eps=1e-06, elementwise_affine=True)
      (mlp): Mlp(
        (fc1): Linear(in_features=1024, out_features=4096, bias=True)
        (act): GELU(approximate='none')
        (fc2): Linear(in_features=4096, out_features=1024, bias=True)
        (drop): Dropout(p=0.0, inplace=False)
      )
    )
    (8): Block(
      (norm1): LayerNorm((1024,), eps=1e-06, elementwise_affine=True)
      (attn): Attention(
        (qkv): Linear(in_features=1024, out_features=3072, bias=False)
        (attn_drop): Dropout(p=0.0, inplace=False)
        (proj): Linear(in_features=1024, out_features=1024, bias=True)
        (proj_drop): Dropout(p=0.0, inplace=False)
      )
      (drop_path): DropPath(p=0.03478261083364487)
      (norm2): LayerNorm((1024,), eps=1e-06, elementwise_affine=True)
      (mlp): Mlp(
        (fc1): Linear(in_features=1024, out_features=4096, bias=True)
        (act): GELU(approximate='none')
        (fc2): Linear(in_features=4096, out_features=1024, bias=True)
        (drop): Dropout(p=0.0, inplace=False)
      )
    )
    (9): Block(
      (norm1): LayerNorm((1024,), eps=1e-06, elementwise_affine=True)
      (attn): Attention(
        (qkv): Linear(in_features=1024, out_features=3072, bias=False)
        (attn_drop): Dropout(p=0.0, inplace=False)
        (proj): Linear(in_features=1024, out_features=1024, bias=True)
        (proj_drop): Dropout(p=0.0, inplace=False)
      )
      (drop_path): DropPath(p=0.03913043811917305)
      (norm2): LayerNorm((1024,), eps=1e-06, elementwise_affine=True)
      (mlp): Mlp(
        (fc1): Linear(in_features=1024, out_features=4096, bias=True)
        (act): GELU(approximate='none')
        (fc2): Linear(in_features=4096, out_features=1024, bias=True)
        (drop): Dropout(p=0.0, inplace=False)
      )
    )
    (10): Block(
      (norm1): LayerNorm((1024,), eps=1e-06, elementwise_affine=True)
      (attn): Attention(
        (qkv): Linear(in_features=1024, out_features=3072, bias=False)
        (attn_drop): Dropout(p=0.0, inplace=False)
        (proj): Linear(in_features=1024, out_features=1024, bias=True)
        (proj_drop): Dropout(p=0.0, inplace=False)
      )
      (drop_path): DropPath(p=0.04347826540470123)
      (norm2): LayerNorm((1024,), eps=1e-06, elementwise_affine=True)
      (mlp): Mlp(
        (fc1): Linear(in_features=1024, out_features=4096, bias=True)
        (act): GELU(approximate='none')
        (fc2): Linear(in_features=4096, out_features=1024, bias=True)
        (drop): Dropout(p=0.0, inplace=False)
      )
    )
    (11): Block(
      (norm1): LayerNorm((1024,), eps=1e-06, elementwise_affine=True)
      (attn): Attention(
        (qkv): Linear(in_features=1024, out_features=3072, bias=False)
        (attn_drop): Dropout(p=0.0, inplace=False)
        (proj): Linear(in_features=1024, out_features=1024, bias=True)
        (proj_drop): Dropout(p=0.0, inplace=False)
      )
      (drop_path): DropPath(p=0.04782608896493912)
      (norm2): LayerNorm((1024,), eps=1e-06, elementwise_affine=True)
      (mlp): Mlp(
        (fc1): Linear(in_features=1024, out_features=4096, bias=True)
        (act): GELU(approximate='none')
        (fc2): Linear(in_features=4096, out_features=1024, bias=True)
        (drop): Dropout(p=0.0, inplace=False)
      )
    )
    (12): Block(
      (norm1): LayerNorm((1024,), eps=1e-06, elementwise_affine=True)
      (attn): Attention(
        (qkv): Linear(in_features=1024, out_features=3072, bias=False)
        (attn_drop): Dropout(p=0.0, inplace=False)
        (proj): Linear(in_features=1024, out_features=1024, bias=True)
        (proj_drop): Dropout(p=0.0, inplace=False)
      )
      (drop_path): DropPath(p=0.052173912525177)
      (norm2): LayerNorm((1024,), eps=1e-06, elementwise_affine=True)
      (mlp): Mlp(
        (fc1): Linear(in_features=1024, out_features=4096, bias=True)
        (act): GELU(approximate='none')
        (fc2): Linear(in_features=4096, out_features=1024, bias=True)
        (drop): Dropout(p=0.0, inplace=False)
      )
    )
    (13): Block(
      (norm1): LayerNorm((1024,), eps=1e-06, elementwise_affine=True)
      (attn): Attention(
        (qkv): Linear(in_features=1024, out_features=3072, bias=False)
        (attn_drop): Dropout(p=0.0, inplace=False)
        (proj): Linear(in_features=1024, out_features=1024, bias=True)
        (proj_drop): Dropout(p=0.0, inplace=False)
      )
      (drop_path): DropPath(p=0.056521736085414886)
      (norm2): LayerNorm((1024,), eps=1e-06, elementwise_affine=True)
      (mlp): Mlp(
        (fc1): Linear(in_features=1024, out_features=4096, bias=True)
        (act): GELU(approximate='none')
        (fc2): Linear(in_features=4096, out_features=1024, bias=True)
        (drop): Dropout(p=0.0, inplace=False)
      )
    )
    (14): Block(
      (norm1): LayerNorm((1024,), eps=1e-06, elementwise_affine=True)
      (attn): Attention(
        (qkv): Linear(in_features=1024, out_features=3072, bias=False)
        (attn_drop): Dropout(p=0.0, inplace=False)
        (proj): Linear(in_features=1024, out_features=1024, bias=True)
        (proj_drop): Dropout(p=0.0, inplace=False)
      )
      (drop_path): DropPath(p=0.06086956337094307)
      (norm2): LayerNorm((1024,), eps=1e-06, elementwise_affine=True)
      (mlp): Mlp(
        (fc1): Linear(in_features=1024, out_features=4096, bias=True)
        (act): GELU(approximate='none')
        (fc2): Linear(in_features=4096, out_features=1024, bias=True)
        (drop): Dropout(p=0.0, inplace=False)
      )
    )
    (15): Block(
      (norm1): LayerNorm((1024,), eps=1e-06, elementwise_affine=True)
      (attn): Attention(
        (qkv): Linear(in_features=1024, out_features=3072, bias=False)
        (attn_drop): Dropout(p=0.0, inplace=False)
        (proj): Linear(in_features=1024, out_features=1024, bias=True)
        (proj_drop): Dropout(p=0.0, inplace=False)
      )
      (drop_path): DropPath(p=0.06521739065647125)
      (norm2): LayerNorm((1024,), eps=1e-06, elementwise_affine=True)
      (mlp): Mlp(
        (fc1): Linear(in_features=1024, out_features=4096, bias=True)
        (act): GELU(approximate='none')
        (fc2): Linear(in_features=4096, out_features=1024, bias=True)
        (drop): Dropout(p=0.0, inplace=False)
      )
    )
    (16): Block(
      (norm1): LayerNorm((1024,), eps=1e-06, elementwise_affine=True)
      (attn): Attention(
        (qkv): Linear(in_features=1024, out_features=3072, bias=False)
        (attn_drop): Dropout(p=0.0, inplace=False)
        (proj): Linear(in_features=1024, out_features=1024, bias=True)
        (proj_drop): Dropout(p=0.0, inplace=False)
      )
      (drop_path): DropPath(p=0.06956521421670914)
      (norm2): LayerNorm((1024,), eps=1e-06, elementwise_affine=True)
      (mlp): Mlp(
        (fc1): Linear(in_features=1024, out_features=4096, bias=True)
        (act): GELU(approximate='none')
        (fc2): Linear(in_features=4096, out_features=1024, bias=True)
        (drop): Dropout(p=0.0, inplace=False)
      )
    )
    (17): Block(
      (norm1): LayerNorm((1024,), eps=1e-06, elementwise_affine=True)
      (attn): Attention(
        (qkv): Linear(in_features=1024, out_features=3072, bias=False)
        (attn_drop): Dropout(p=0.0, inplace=False)
        (proj): Linear(in_features=1024, out_features=1024, bias=True)
        (proj_drop): Dropout(p=0.0, inplace=False)
      )
      (drop_path): DropPath(p=0.07391304522752762)
      (norm2): LayerNorm((1024,), eps=1e-06, elementwise_affine=True)
      (mlp): Mlp(
        (fc1): Linear(in_features=1024, out_features=4096, bias=True)
        (act): GELU(approximate='none')
        (fc2): Linear(in_features=4096, out_features=1024, bias=True)
        (drop): Dropout(p=0.0, inplace=False)
      )
    )
    (18): Block(
      (norm1): LayerNorm((1024,), eps=1e-06, elementwise_affine=True)
      (attn): Attention(
        (qkv): Linear(in_features=1024, out_features=3072, bias=False)
        (attn_drop): Dropout(p=0.0, inplace=False)
        (proj): Linear(in_features=1024, out_features=1024, bias=True)
        (proj_drop): Dropout(p=0.0, inplace=False)
      )
      (drop_path): DropPath(p=0.0782608687877655)
      (norm2): LayerNorm((1024,), eps=1e-06, elementwise_affine=True)
      (mlp): Mlp(
        (fc1): Linear(in_features=1024, out_features=4096, bias=True)
        (act): GELU(approximate='none')
        (fc2): Linear(in_features=4096, out_features=1024, bias=True)
        (drop): Dropout(p=0.0, inplace=False)
      )
    )
    (19): Block(
      (norm1): LayerNorm((1024,), eps=1e-06, elementwise_affine=True)
      (attn): Attention(
        (qkv): Linear(in_features=1024, out_features=3072, bias=False)
        (attn_drop): Dropout(p=0.0, inplace=False)
        (proj): Linear(in_features=1024, out_features=1024, bias=True)
        (proj_drop): Dropout(p=0.0, inplace=False)
      )
      (drop_path): DropPath(p=0.08260869979858398)
      (norm2): LayerNorm((1024,), eps=1e-06, elementwise_affine=True)
      (mlp): Mlp(
        (fc1): Linear(in_features=1024, out_features=4096, bias=True)
        (act): GELU(approximate='none')
        (fc2): Linear(in_features=4096, out_features=1024, bias=True)
        (drop): Dropout(p=0.0, inplace=False)
      )
    )
    (20): Block(
      (norm1): LayerNorm((1024,), eps=1e-06, elementwise_affine=True)
      (attn): Attention(
        (qkv): Linear(in_features=1024, out_features=3072, bias=False)
        (attn_drop): Dropout(p=0.0, inplace=False)
        (proj): Linear(in_features=1024, out_features=1024, bias=True)
        (proj_drop): Dropout(p=0.0, inplace=False)
      )
      (drop_path): DropPath(p=0.08695652335882187)
      (norm2): LayerNorm((1024,), eps=1e-06, elementwise_affine=True)
      (mlp): Mlp(
        (fc1): Linear(in_features=1024, out_features=4096, bias=True)
        (act): GELU(approximate='none')
        (fc2): Linear(in_features=4096, out_features=1024, bias=True)
        (drop): Dropout(p=0.0, inplace=False)
      )
    )
    (21): Block(
      (norm1): LayerNorm((1024,), eps=1e-06, elementwise_affine=True)
      (attn): Attention(
        (qkv): Linear(in_features=1024, out_features=3072, bias=False)
        (attn_drop): Dropout(p=0.0, inplace=False)
        (proj): Linear(in_features=1024, out_features=1024, bias=True)
        (proj_drop): Dropout(p=0.0, inplace=False)
      )
      (drop_path): DropPath(p=0.09130434691905975)
      (norm2): LayerNorm((1024,), eps=1e-06, elementwise_affine=True)
      (mlp): Mlp(
        (fc1): Linear(in_features=1024, out_features=4096, bias=True)
        (act): GELU(approximate='none')
        (fc2): Linear(in_features=4096, out_features=1024, bias=True)
        (drop): Dropout(p=0.0, inplace=False)
      )
    )
    (22): Block(
      (norm1): LayerNorm((1024,), eps=1e-06, elementwise_affine=True)
      (attn): Attention(
        (qkv): Linear(in_features=1024, out_features=3072, bias=False)
        (attn_drop): Dropout(p=0.0, inplace=False)
        (proj): Linear(in_features=1024, out_features=1024, bias=True)
        (proj_drop): Dropout(p=0.0, inplace=False)
      )
      (drop_path): DropPath(p=0.09565217792987823)
      (norm2): LayerNorm((1024,), eps=1e-06, elementwise_affine=True)
      (mlp): Mlp(
        (fc1): Linear(in_features=1024, out_features=4096, bias=True)
        (act): GELU(approximate='none')
        (fc2): Linear(in_features=4096, out_features=1024, bias=True)
        (drop): Dropout(p=0.0, inplace=False)
      )
    )
    (23): Block(
      (norm1): LayerNorm((1024,), eps=1e-06, elementwise_affine=True)
      (attn): Attention(
        (qkv): Linear(in_features=1024, out_features=3072, bias=False)
        (attn_drop): Dropout(p=0.0, inplace=False)
        (proj): Linear(in_features=1024, out_features=1024, bias=True)
        (proj_drop): Dropout(p=0.0, inplace=False)
      )
      (drop_path): DropPath(p=0.10000000149011612)
      (norm2): LayerNorm((1024,), eps=1e-06, elementwise_affine=True)
      (mlp): Mlp(
        (fc1): Linear(in_features=1024, out_features=4096, bias=True)
        (act): GELU(approximate='none')
        (fc2): Linear(in_features=4096, out_features=1024, bias=True)
        (drop): Dropout(p=0.0, inplace=False)
      )
    )
  )
  (norm): LayerNorm((1024,), eps=1e-06, elementwise_affine=True)
  (head): Linear(in_features=1024, out_features=1000, bias=True)
)
normalization method:  imagenet
  [CP] N_k=413 · 학습 파라미터 backbone 25.2M (blocks (22, 23) + norm) + head 0.4M · drop_path(22,23)=[0.09565217792987823, 0.10000000149011612] · batch=32×accum=1 · epochs=150
normalization method:  imagenet
  [CP] oral_diseases fold7 ep001/150 loss=6.1146 lr=6.67e-06 (3s) · head-only
  [CP] oral_diseases fold7 ep002/150 loss=6.1091 lr=1.33e-05 (3s) · head-only
  [CP] oral_diseases fold7 ep003/150 loss=6.1052 lr=2.00e-05 (3s) · head-only
  [CP] oral_diseases fold7 ep010/150 loss=5.9648 lr=6.67e-05 (3s)
  [CP] oral_diseases fold7 ep020/150 loss=4.6787 lr=9.98e-05 (3s)
  [CP] oral_diseases fold7 ep030/150 loss=3.6920 lr=9.74e-05 (3s)
  [CP] oral_diseases fold7 ep040/150 loss=3.3126 lr=9.24e-05 (3s)
  [CP] oral_diseases fold7 ep050/150 loss=3.1090 lr=8.51e-05 (3s)
  [CP] oral_diseases fold7 ep060/150 loss=2.9967 lr=7.60e-05 (3s)
  [CP] oral_diseases fold7 ep070/150 loss=2.8689 lr=6.55e-05 (3s)
  [CP] oral_diseases fold7 ep080/150 loss=2.8983 lr=5.41e-05 (3s)
  [CP] oral_diseases fold7 ep090/150 loss=2.7900 lr=4.25e-05 (3s)
  [CP] oral_diseases fold7 ep100/150 loss=2.8138 lr=3.13e-05 (3s)
  [CP] oral_diseases fold7 ep110/150 loss=2.7428 lr=2.11e-05 (3s)
  [CP] oral_diseases fold7 ep120/150 loss=2.7530 lr=1.25e-05 (3s)
  [CP] oral_diseases fold7 ep130/150 loss=2.7976 lr=5.85e-06 (3s)
  [CP] oral_diseases fold7 ep140/150 loss=2.7535 lr=1.63e-06 (3s)
  [CP] oral_diseases fold7 ep150/150 loss=2.8317 lr=1.35e-08 (3s)
  [CP] 완료 150 ep · 3.0s/ep · final_loss=2.8317 · GPU peak 2351 MB
normalization method:  imagenet
normalization method:  imagenet
  [extract] 원본 (516, 1024) → w10_cp_feats_oral_diseases_fold7.npy (8s)
normalization method:  imagenet
  [extract] 증강 copy 0 (7s)
  [extract] 증강 copy 1 (7s)
  [extract] 증강 copy 2 (7s)
  [extract] 증강 copy 3 (7s)
  [extract] 증강 (4, 516, 1024) → w10_cp_augfeats_oral_diseases_fold7.npy · copy0 코사인 0.8329
    A0cp fold7: BACC=0.7249 MAE=0.3883 MAE_true=0.3858
    A1cp fold7: BACC=0.7340 MAE=0.5146 MAE_true=0.5039
    A2cp fold7: BACC=0.7379 MAE=0.3786 MAE_true=0.3728
    A3cp fold7: BACC=0.7154 MAE=0.5049 MAE_true=0.4844
    A4cp fold7: BACC=0.7459 MAE=0.4951 MAE_true=0.4801

==============================================================
arm      n_fold     BACC      MCC      MAE  MAE_true
A0cp          8   0.7456   0.7134   0.4201    0.4266
A1cp          8   0.7464   0.7144   0.4491    0.4591
A2cp          8   0.7511   0.7190   0.4117    0.4185
A3cp          8   0.7150   0.6774   0.5096    0.5189
A4cp          8   0.7491   0.7161   0.4503    0.4589
==============================================================

총 8.3 분 · 저장: /home/junkim/paper_ajou_dev/PanDerm/output_dir/p6_regime_f/w10_cp_fold_scores_oral_diseases.csv
🔬 w10 E1 (탐색적 · 사후) · 프로토콜 docs/date/2026-09-03_12th_meeting/research_note/w10_unconstrained_methods_protocol.md §3
device=cuda · dataset=oral_diseases · folds=[8] · stage=all · epochs=150 · batch=32×1 · prefix=w10_
→ /home/junkim/paper_ajou_dev/PanDerm/output_dir/p6_regime_f/w10_cp_fold_scores_oral_diseases.csv

=== oral_diseases · fold 8 (train 413 / test 103) ===
/home/junkim/miniconda3/envs/paper/lib/python3.11/site-packages/timm/models/layers/__init__.py:49: FutureWarning: Importing from timm.models.layers is deprecated, please import via timm.layers
  warnings.warn(f"Importing from {__name__} is deprecated, please import via timm.layers", FutureWarning)
/home/junkim/miniconda3/envs/paper/lib/python3.11/site-packages/timm/models/registry.py:4: FutureWarning: Importing from timm.models.registry is deprecated, please import via timm.models
  warnings.warn(f"Importing from {__name__} is deprecated, please import via timm.models", FutureWarning)
/home/junkim/miniconda3/envs/paper/lib/python3.11/site-packages/torch/functional.py:534: UserWarning: torch.meshgrid: in an upcoming release, it will be required to pass the indexing argument. (Triggered internally at ../aten/src/ATen/native/TensorShape.cpp:3595.)
  return _VF.meshgrid(tensors, **kwargs)  # type: ignore[attr-defined]
loading model checkpoint
VisionTransformer(
  (patch_embed): PatchEmbed(
    (proj): Conv2d(3, 1024, kernel_size=(16, 16), stride=(16, 16))
  )
  (pos_drop): Dropout(p=0.0, inplace=False)
  (blocks): ModuleList(
    (0): Block(
      (norm1): LayerNorm((1024,), eps=1e-06, elementwise_affine=True)
      (attn): Attention(
        (qkv): Linear(in_features=1024, out_features=3072, bias=False)
        (attn_drop): Dropout(p=0.0, inplace=False)
        (proj): Linear(in_features=1024, out_features=1024, bias=True)
        (proj_drop): Dropout(p=0.0, inplace=False)
      )
      (drop_path): Identity()
      (norm2): LayerNorm((1024,), eps=1e-06, elementwise_affine=True)
      (mlp): Mlp(
        (fc1): Linear(in_features=1024, out_features=4096, bias=True)
        (act): GELU(approximate='none')
        (fc2): Linear(in_features=4096, out_features=1024, bias=True)
        (drop): Dropout(p=0.0, inplace=False)
      )
    )
    (1): Block(
      (norm1): LayerNorm((1024,), eps=1e-06, elementwise_affine=True)
      (attn): Attention(
        (qkv): Linear(in_features=1024, out_features=3072, bias=False)
        (attn_drop): Dropout(p=0.0, inplace=False)
        (proj): Linear(in_features=1024, out_features=1024, bias=True)
        (proj_drop): Dropout(p=0.0, inplace=False)
      )
      (drop_path): DropPath(p=0.004347826354205608)
      (norm2): LayerNorm((1024,), eps=1e-06, elementwise_affine=True)
      (mlp): Mlp(
        (fc1): Linear(in_features=1024, out_features=4096, bias=True)
        (act): GELU(approximate='none')
        (fc2): Linear(in_features=4096, out_features=1024, bias=True)
        (drop): Dropout(p=0.0, inplace=False)
      )
    )
    (2): Block(
      (norm1): LayerNorm((1024,), eps=1e-06, elementwise_affine=True)
      (attn): Attention(
        (qkv): Linear(in_features=1024, out_features=3072, bias=False)
        (attn_drop): Dropout(p=0.0, inplace=False)
        (proj): Linear(in_features=1024, out_features=1024, bias=True)
        (proj_drop): Dropout(p=0.0, inplace=False)
      )
      (drop_path): DropPath(p=0.008695652708411217)
      (norm2): LayerNorm((1024,), eps=1e-06, elementwise_affine=True)
      (mlp): Mlp(
        (fc1): Linear(in_features=1024, out_features=4096, bias=True)
        (act): GELU(approximate='none')
        (fc2): Linear(in_features=4096, out_features=1024, bias=True)
        (drop): Dropout(p=0.0, inplace=False)
      )
    )
    (3): Block(
      (norm1): LayerNorm((1024,), eps=1e-06, elementwise_affine=True)
      (attn): Attention(
        (qkv): Linear(in_features=1024, out_features=3072, bias=False)
        (attn_drop): Dropout(p=0.0, inplace=False)
        (proj): Linear(in_features=1024, out_features=1024, bias=True)
        (proj_drop): Dropout(p=0.0, inplace=False)
      )
      (drop_path): DropPath(p=0.013043479062616825)
      (norm2): LayerNorm((1024,), eps=1e-06, elementwise_affine=True)
      (mlp): Mlp(
        (fc1): Linear(in_features=1024, out_features=4096, bias=True)
        (act): GELU(approximate='none')
        (fc2): Linear(in_features=4096, out_features=1024, bias=True)
        (drop): Dropout(p=0.0, inplace=False)
      )
    )
    (4): Block(
      (norm1): LayerNorm((1024,), eps=1e-06, elementwise_affine=True)
      (attn): Attention(
        (qkv): Linear(in_features=1024, out_features=3072, bias=False)
        (attn_drop): Dropout(p=0.0, inplace=False)
        (proj): Linear(in_features=1024, out_features=1024, bias=True)
        (proj_drop): Dropout(p=0.0, inplace=False)
      )
      (drop_path): DropPath(p=0.017391305416822433)
      (norm2): LayerNorm((1024,), eps=1e-06, elementwise_affine=True)
      (mlp): Mlp(
        (fc1): Linear(in_features=1024, out_features=4096, bias=True)
        (act): GELU(approximate='none')
        (fc2): Linear(in_features=4096, out_features=1024, bias=True)
        (drop): Dropout(p=0.0, inplace=False)
      )
    )
    (5): Block(
      (norm1): LayerNorm((1024,), eps=1e-06, elementwise_affine=True)
      (attn): Attention(
        (qkv): Linear(in_features=1024, out_features=3072, bias=False)
        (attn_drop): Dropout(p=0.0, inplace=False)
        (proj): Linear(in_features=1024, out_features=1024, bias=True)
        (proj_drop): Dropout(p=0.0, inplace=False)
      )
      (drop_path): DropPath(p=0.021739132702350616)
      (norm2): LayerNorm((1024,), eps=1e-06, elementwise_affine=True)
      (mlp): Mlp(
        (fc1): Linear(in_features=1024, out_features=4096, bias=True)
        (act): GELU(approximate='none')
        (fc2): Linear(in_features=4096, out_features=1024, bias=True)
        (drop): Dropout(p=0.0, inplace=False)
      )
    )
    (6): Block(
      (norm1): LayerNorm((1024,), eps=1e-06, elementwise_affine=True)
      (attn): Attention(
        (qkv): Linear(in_features=1024, out_features=3072, bias=False)
        (attn_drop): Dropout(p=0.0, inplace=False)
        (proj): Linear(in_features=1024, out_features=1024, bias=True)
        (proj_drop): Dropout(p=0.0, inplace=False)
      )
      (drop_path): DropPath(p=0.02608695812523365)
      (norm2): LayerNorm((1024,), eps=1e-06, elementwise_affine=True)
      (mlp): Mlp(
        (fc1): Linear(in_features=1024, out_features=4096, bias=True)
        (act): GELU(approximate='none')
        (fc2): Linear(in_features=4096, out_features=1024, bias=True)
        (drop): Dropout(p=0.0, inplace=False)
      )
    )
    (7): Block(
      (norm1): LayerNorm((1024,), eps=1e-06, elementwise_affine=True)
      (attn): Attention(
        (qkv): Linear(in_features=1024, out_features=3072, bias=False)
        (attn_drop): Dropout(p=0.0, inplace=False)
        (proj): Linear(in_features=1024, out_features=1024, bias=True)
        (proj_drop): Dropout(p=0.0, inplace=False)
      )
      (drop_path): DropPath(p=0.030434783548116684)
      (norm2): LayerNorm((1024,), eps=1e-06, elementwise_affine=True)
      (mlp): Mlp(
        (fc1): Linear(in_features=1024, out_features=4096, bias=True)
        (act): GELU(approximate='none')
        (fc2): Linear(in_features=4096, out_features=1024, bias=True)
        (drop): Dropout(p=0.0, inplace=False)
      )
    )
    (8): Block(
      (norm1): LayerNorm((1024,), eps=1e-06, elementwise_affine=True)
      (attn): Attention(
        (qkv): Linear(in_features=1024, out_features=3072, bias=False)
        (attn_drop): Dropout(p=0.0, inplace=False)
        (proj): Linear(in_features=1024, out_features=1024, bias=True)
        (proj_drop): Dropout(p=0.0, inplace=False)
      )
      (drop_path): DropPath(p=0.03478261083364487)
      (norm2): LayerNorm((1024,), eps=1e-06, elementwise_affine=True)
      (mlp): Mlp(
        (fc1): Linear(in_features=1024, out_features=4096, bias=True)
        (act): GELU(approximate='none')
        (fc2): Linear(in_features=4096, out_features=1024, bias=True)
        (drop): Dropout(p=0.0, inplace=False)
      )
    )
    (9): Block(
      (norm1): LayerNorm((1024,), eps=1e-06, elementwise_affine=True)
      (attn): Attention(
        (qkv): Linear(in_features=1024, out_features=3072, bias=False)
        (attn_drop): Dropout(p=0.0, inplace=False)
        (proj): Linear(in_features=1024, out_features=1024, bias=True)
        (proj_drop): Dropout(p=0.0, inplace=False)
      )
      (drop_path): DropPath(p=0.03913043811917305)
      (norm2): LayerNorm((1024,), eps=1e-06, elementwise_affine=True)
      (mlp): Mlp(
        (fc1): Linear(in_features=1024, out_features=4096, bias=True)
        (act): GELU(approximate='none')
        (fc2): Linear(in_features=4096, out_features=1024, bias=True)
        (drop): Dropout(p=0.0, inplace=False)
      )
    )
    (10): Block(
      (norm1): LayerNorm((1024,), eps=1e-06, elementwise_affine=True)
      (attn): Attention(
        (qkv): Linear(in_features=1024, out_features=3072, bias=False)
        (attn_drop): Dropout(p=0.0, inplace=False)
        (proj): Linear(in_features=1024, out_features=1024, bias=True)
        (proj_drop): Dropout(p=0.0, inplace=False)
      )
      (drop_path): DropPath(p=0.04347826540470123)
      (norm2): LayerNorm((1024,), eps=1e-06, elementwise_affine=True)
      (mlp): Mlp(
        (fc1): Linear(in_features=1024, out_features=4096, bias=True)
        (act): GELU(approximate='none')
        (fc2): Linear(in_features=4096, out_features=1024, bias=True)
        (drop): Dropout(p=0.0, inplace=False)
      )
    )
    (11): Block(
      (norm1): LayerNorm((1024,), eps=1e-06, elementwise_affine=True)
      (attn): Attention(
        (qkv): Linear(in_features=1024, out_features=3072, bias=False)
        (attn_drop): Dropout(p=0.0, inplace=False)
        (proj): Linear(in_features=1024, out_features=1024, bias=True)
        (proj_drop): Dropout(p=0.0, inplace=False)
      )
      (drop_path): DropPath(p=0.04782608896493912)
      (norm2): LayerNorm((1024,), eps=1e-06, elementwise_affine=True)
      (mlp): Mlp(
        (fc1): Linear(in_features=1024, out_features=4096, bias=True)
        (act): GELU(approximate='none')
        (fc2): Linear(in_features=4096, out_features=1024, bias=True)
        (drop): Dropout(p=0.0, inplace=False)
      )
    )
    (12): Block(
      (norm1): LayerNorm((1024,), eps=1e-06, elementwise_affine=True)
      (attn): Attention(
        (qkv): Linear(in_features=1024, out_features=3072, bias=False)
        (attn_drop): Dropout(p=0.0, inplace=False)
        (proj): Linear(in_features=1024, out_features=1024, bias=True)
        (proj_drop): Dropout(p=0.0, inplace=False)
      )
      (drop_path): DropPath(p=0.052173912525177)
      (norm2): LayerNorm((1024,), eps=1e-06, elementwise_affine=True)
      (mlp): Mlp(
        (fc1): Linear(in_features=1024, out_features=4096, bias=True)
        (act): GELU(approximate='none')
        (fc2): Linear(in_features=4096, out_features=1024, bias=True)
        (drop): Dropout(p=0.0, inplace=False)
      )
    )
    (13): Block(
      (norm1): LayerNorm((1024,), eps=1e-06, elementwise_affine=True)
      (attn): Attention(
        (qkv): Linear(in_features=1024, out_features=3072, bias=False)
        (attn_drop): Dropout(p=0.0, inplace=False)
        (proj): Linear(in_features=1024, out_features=1024, bias=True)
        (proj_drop): Dropout(p=0.0, inplace=False)
      )
      (drop_path): DropPath(p=0.056521736085414886)
      (norm2): LayerNorm((1024,), eps=1e-06, elementwise_affine=True)
      (mlp): Mlp(
        (fc1): Linear(in_features=1024, out_features=4096, bias=True)
        (act): GELU(approximate='none')
        (fc2): Linear(in_features=4096, out_features=1024, bias=True)
        (drop): Dropout(p=0.0, inplace=False)
      )
    )
    (14): Block(
      (norm1): LayerNorm((1024,), eps=1e-06, elementwise_affine=True)
      (attn): Attention(
        (qkv): Linear(in_features=1024, out_features=3072, bias=False)
        (attn_drop): Dropout(p=0.0, inplace=False)
        (proj): Linear(in_features=1024, out_features=1024, bias=True)
        (proj_drop): Dropout(p=0.0, inplace=False)
      )
      (drop_path): DropPath(p=0.06086956337094307)
      (norm2): LayerNorm((1024,), eps=1e-06, elementwise_affine=True)
      (mlp): Mlp(
        (fc1): Linear(in_features=1024, out_features=4096, bias=True)
        (act): GELU(approximate='none')
        (fc2): Linear(in_features=4096, out_features=1024, bias=True)
        (drop): Dropout(p=0.0, inplace=False)
      )
    )
    (15): Block(
      (norm1): LayerNorm((1024,), eps=1e-06, elementwise_affine=True)
      (attn): Attention(
        (qkv): Linear(in_features=1024, out_features=3072, bias=False)
        (attn_drop): Dropout(p=0.0, inplace=False)
        (proj): Linear(in_features=1024, out_features=1024, bias=True)
        (proj_drop): Dropout(p=0.0, inplace=False)
      )
      (drop_path): DropPath(p=0.06521739065647125)
      (norm2): LayerNorm((1024,), eps=1e-06, elementwise_affine=True)
      (mlp): Mlp(
        (fc1): Linear(in_features=1024, out_features=4096, bias=True)
        (act): GELU(approximate='none')
        (fc2): Linear(in_features=4096, out_features=1024, bias=True)
        (drop): Dropout(p=0.0, inplace=False)
      )
    )
    (16): Block(
      (norm1): LayerNorm((1024,), eps=1e-06, elementwise_affine=True)
      (attn): Attention(
        (qkv): Linear(in_features=1024, out_features=3072, bias=False)
        (attn_drop): Dropout(p=0.0, inplace=False)
        (proj): Linear(in_features=1024, out_features=1024, bias=True)
        (proj_drop): Dropout(p=0.0, inplace=False)
      )
      (drop_path): DropPath(p=0.06956521421670914)
      (norm2): LayerNorm((1024,), eps=1e-06, elementwise_affine=True)
      (mlp): Mlp(
        (fc1): Linear(in_features=1024, out_features=4096, bias=True)
        (act): GELU(approximate='none')
        (fc2): Linear(in_features=4096, out_features=1024, bias=True)
        (drop): Dropout(p=0.0, inplace=False)
      )
    )
    (17): Block(
      (norm1): LayerNorm((1024,), eps=1e-06, elementwise_affine=True)
      (attn): Attention(
        (qkv): Linear(in_features=1024, out_features=3072, bias=False)
        (attn_drop): Dropout(p=0.0, inplace=False)
        (proj): Linear(in_features=1024, out_features=1024, bias=True)
        (proj_drop): Dropout(p=0.0, inplace=False)
      )
      (drop_path): DropPath(p=0.07391304522752762)
      (norm2): LayerNorm((1024,), eps=1e-06, elementwise_affine=True)
      (mlp): Mlp(
        (fc1): Linear(in_features=1024, out_features=4096, bias=True)
        (act): GELU(approximate='none')
        (fc2): Linear(in_features=4096, out_features=1024, bias=True)
        (drop): Dropout(p=0.0, inplace=False)
      )
    )
    (18): Block(
      (norm1): LayerNorm((1024,), eps=1e-06, elementwise_affine=True)
      (attn): Attention(
        (qkv): Linear(in_features=1024, out_features=3072, bias=False)
        (attn_drop): Dropout(p=0.0, inplace=False)
        (proj): Linear(in_features=1024, out_features=1024, bias=True)
        (proj_drop): Dropout(p=0.0, inplace=False)
      )
      (drop_path): DropPath(p=0.0782608687877655)
      (norm2): LayerNorm((1024,), eps=1e-06, elementwise_affine=True)
      (mlp): Mlp(
        (fc1): Linear(in_features=1024, out_features=4096, bias=True)
        (act): GELU(approximate='none')
        (fc2): Linear(in_features=4096, out_features=1024, bias=True)
        (drop): Dropout(p=0.0, inplace=False)
      )
    )
    (19): Block(
      (norm1): LayerNorm((1024,), eps=1e-06, elementwise_affine=True)
      (attn): Attention(
        (qkv): Linear(in_features=1024, out_features=3072, bias=False)
        (attn_drop): Dropout(p=0.0, inplace=False)
        (proj): Linear(in_features=1024, out_features=1024, bias=True)
        (proj_drop): Dropout(p=0.0, inplace=False)
      )
      (drop_path): DropPath(p=0.08260869979858398)
      (norm2): LayerNorm((1024,), eps=1e-06, elementwise_affine=True)
      (mlp): Mlp(
        (fc1): Linear(in_features=1024, out_features=4096, bias=True)
        (act): GELU(approximate='none')
        (fc2): Linear(in_features=4096, out_features=1024, bias=True)
        (drop): Dropout(p=0.0, inplace=False)
      )
    )
    (20): Block(
      (norm1): LayerNorm((1024,), eps=1e-06, elementwise_affine=True)
      (attn): Attention(
        (qkv): Linear(in_features=1024, out_features=3072, bias=False)
        (attn_drop): Dropout(p=0.0, inplace=False)
        (proj): Linear(in_features=1024, out_features=1024, bias=True)
        (proj_drop): Dropout(p=0.0, inplace=False)
      )
      (drop_path): DropPath(p=0.08695652335882187)
      (norm2): LayerNorm((1024,), eps=1e-06, elementwise_affine=True)
      (mlp): Mlp(
        (fc1): Linear(in_features=1024, out_features=4096, bias=True)
        (act): GELU(approximate='none')
        (fc2): Linear(in_features=4096, out_features=1024, bias=True)
        (drop): Dropout(p=0.0, inplace=False)
      )
    )
    (21): Block(
      (norm1): LayerNorm((1024,), eps=1e-06, elementwise_affine=True)
      (attn): Attention(
        (qkv): Linear(in_features=1024, out_features=3072, bias=False)
        (attn_drop): Dropout(p=0.0, inplace=False)
        (proj): Linear(in_features=1024, out_features=1024, bias=True)
        (proj_drop): Dropout(p=0.0, inplace=False)
      )
      (drop_path): DropPath(p=0.09130434691905975)
      (norm2): LayerNorm((1024,), eps=1e-06, elementwise_affine=True)
      (mlp): Mlp(
        (fc1): Linear(in_features=1024, out_features=4096, bias=True)
        (act): GELU(approximate='none')
        (fc2): Linear(in_features=4096, out_features=1024, bias=True)
        (drop): Dropout(p=0.0, inplace=False)
      )
    )
    (22): Block(
      (norm1): LayerNorm((1024,), eps=1e-06, elementwise_affine=True)
      (attn): Attention(
        (qkv): Linear(in_features=1024, out_features=3072, bias=False)
        (attn_drop): Dropout(p=0.0, inplace=False)
        (proj): Linear(in_features=1024, out_features=1024, bias=True)
        (proj_drop): Dropout(p=0.0, inplace=False)
      )
      (drop_path): DropPath(p=0.09565217792987823)
      (norm2): LayerNorm((1024,), eps=1e-06, elementwise_affine=True)
      (mlp): Mlp(
        (fc1): Linear(in_features=1024, out_features=4096, bias=True)
        (act): GELU(approximate='none')
        (fc2): Linear(in_features=4096, out_features=1024, bias=True)
        (drop): Dropout(p=0.0, inplace=False)
      )
    )
    (23): Block(
      (norm1): LayerNorm((1024,), eps=1e-06, elementwise_affine=True)
      (attn): Attention(
        (qkv): Linear(in_features=1024, out_features=3072, bias=False)
        (attn_drop): Dropout(p=0.0, inplace=False)
        (proj): Linear(in_features=1024, out_features=1024, bias=True)
        (proj_drop): Dropout(p=0.0, inplace=False)
      )
      (drop_path): DropPath(p=0.10000000149011612)
      (norm2): LayerNorm((1024,), eps=1e-06, elementwise_affine=True)
      (mlp): Mlp(
        (fc1): Linear(in_features=1024, out_features=4096, bias=True)
        (act): GELU(approximate='none')
        (fc2): Linear(in_features=4096, out_features=1024, bias=True)
        (drop): Dropout(p=0.0, inplace=False)
      )
    )
  )
  (norm): LayerNorm((1024,), eps=1e-06, elementwise_affine=True)
  (head): Linear(in_features=1024, out_features=1000, bias=True)
)
normalization method:  imagenet
  [CP] N_k=413 · 학습 파라미터 backbone 25.2M (blocks (22, 23) + norm) + head 0.4M · drop_path(22,23)=[0.09565217792987823, 0.10000000149011612] · batch=32×accum=1 · epochs=150
normalization method:  imagenet
  [CP] oral_diseases fold8 ep001/150 loss=6.1238 lr=6.67e-06 (3s) · head-only
  [CP] oral_diseases fold8 ep002/150 loss=6.1121 lr=1.33e-05 (3s) · head-only
  [CP] oral_diseases fold8 ep003/150 loss=6.1032 lr=2.00e-05 (3s) · head-only
  [CP] oral_diseases fold8 ep010/150 loss=5.9548 lr=6.67e-05 (3s)
  [CP] oral_diseases fold8 ep020/150 loss=4.6811 lr=9.98e-05 (3s)
  [CP] oral_diseases fold8 ep030/150 loss=3.6617 lr=9.74e-05 (3s)
  [CP] oral_diseases fold8 ep040/150 loss=3.2984 lr=9.24e-05 (3s)
  [CP] oral_diseases fold8 ep050/150 loss=3.1084 lr=8.51e-05 (3s)
  [CP] oral_diseases fold8 ep060/150 loss=2.9997 lr=7.60e-05 (3s)
  [CP] oral_diseases fold8 ep070/150 loss=2.8846 lr=6.55e-05 (3s)
  [CP] oral_diseases fold8 ep080/150 loss=2.8559 lr=5.41e-05 (3s)
  [CP] oral_diseases fold8 ep090/150 loss=2.7926 lr=4.25e-05 (3s)
  [CP] oral_diseases fold8 ep100/150 loss=2.7836 lr=3.13e-05 (3s)
  [CP] oral_diseases fold8 ep110/150 loss=2.7446 lr=2.11e-05 (3s)
  [CP] oral_diseases fold8 ep120/150 loss=2.7485 lr=1.25e-05 (3s)
  [CP] oral_diseases fold8 ep130/150 loss=2.7768 lr=5.85e-06 (3s)
  [CP] oral_diseases fold8 ep140/150 loss=2.7552 lr=1.63e-06 (3s)
  [CP] oral_diseases fold8 ep150/150 loss=2.8030 lr=1.35e-08 (3s)
  [CP] 완료 150 ep · 3.0s/ep · final_loss=2.8030 · GPU peak 2351 MB
normalization method:  imagenet
normalization method:  imagenet
  [extract] 원본 (516, 1024) → w10_cp_feats_oral_diseases_fold8.npy (8s)
normalization method:  imagenet
  [extract] 증강 copy 0 (7s)
  [extract] 증강 copy 1 (7s)
  [extract] 증강 copy 2 (7s)
  [extract] 증강 copy 3 (7s)
  [extract] 증강 (4, 516, 1024) → w10_cp_augfeats_oral_diseases_fold8.npy · copy0 코사인 0.8471
    A0cp fold8: BACC=0.7680 MAE=0.4660 MAE_true=0.4592
    A1cp fold8: BACC=0.7779 MAE=0.4466 MAE_true=0.4504
    A2cp fold8: BACC=0.7680 MAE=0.4660 MAE_true=0.4592
    A3cp fold8: BACC=0.7599 MAE=0.4660 MAE_true=0.4628
    A4cp fold8: BACC=0.7604 MAE=0.5340 MAE_true=0.5314

==============================================================
arm      n_fold     BACC      MCC      MAE  MAE_true
A0cp          9   0.7481   0.7150   0.4252    0.4302
A1cp          9   0.7499   0.7172   0.4489    0.4582
A2cp          9   0.7530   0.7200   0.4177    0.4230
A3cp          9   0.7199   0.6818   0.5047    0.5126
A4cp          9   0.7504   0.7162   0.4596    0.4669
==============================================================

총 8.4 분 · 저장: /home/junkim/paper_ajou_dev/PanDerm/output_dir/p6_regime_f/w10_cp_fold_scores_oral_diseases.csv
🔬 w10 E1 (탐색적 · 사후) · 프로토콜 docs/date/2026-09-03_12th_meeting/research_note/w10_unconstrained_methods_protocol.md §3
device=cuda · dataset=oral_diseases · folds=[9] · stage=all · epochs=150 · batch=32×1 · prefix=w10_
→ /home/junkim/paper_ajou_dev/PanDerm/output_dir/p6_regime_f/w10_cp_fold_scores_oral_diseases.csv

=== oral_diseases · fold 9 (train 413 / test 103) ===
/home/junkim/miniconda3/envs/paper/lib/python3.11/site-packages/timm/models/layers/__init__.py:49: FutureWarning: Importing from timm.models.layers is deprecated, please import via timm.layers
  warnings.warn(f"Importing from {__name__} is deprecated, please import via timm.layers", FutureWarning)
/home/junkim/miniconda3/envs/paper/lib/python3.11/site-packages/timm/models/registry.py:4: FutureWarning: Importing from timm.models.registry is deprecated, please import via timm.models
  warnings.warn(f"Importing from {__name__} is deprecated, please import via timm.models", FutureWarning)
/home/junkim/miniconda3/envs/paper/lib/python3.11/site-packages/torch/functional.py:534: UserWarning: torch.meshgrid: in an upcoming release, it will be required to pass the indexing argument. (Triggered internally at ../aten/src/ATen/native/TensorShape.cpp:3595.)
  return _VF.meshgrid(tensors, **kwargs)  # type: ignore[attr-defined]
loading model checkpoint
VisionTransformer(
  (patch_embed): PatchEmbed(
    (proj): Conv2d(3, 1024, kernel_size=(16, 16), stride=(16, 16))
  )
  (pos_drop): Dropout(p=0.0, inplace=False)
  (blocks): ModuleList(
    (0): Block(
      (norm1): LayerNorm((1024,), eps=1e-06, elementwise_affine=True)
      (attn): Attention(
        (qkv): Linear(in_features=1024, out_features=3072, bias=False)
        (attn_drop): Dropout(p=0.0, inplace=False)
        (proj): Linear(in_features=1024, out_features=1024, bias=True)
        (proj_drop): Dropout(p=0.0, inplace=False)
      )
      (drop_path): Identity()
      (norm2): LayerNorm((1024,), eps=1e-06, elementwise_affine=True)
      (mlp): Mlp(
        (fc1): Linear(in_features=1024, out_features=4096, bias=True)
        (act): GELU(approximate='none')
        (fc2): Linear(in_features=4096, out_features=1024, bias=True)
        (drop): Dropout(p=0.0, inplace=False)
      )
    )
    (1): Block(
      (norm1): LayerNorm((1024,), eps=1e-06, elementwise_affine=True)
      (attn): Attention(
        (qkv): Linear(in_features=1024, out_features=3072, bias=False)
        (attn_drop): Dropout(p=0.0, inplace=False)
        (proj): Linear(in_features=1024, out_features=1024, bias=True)
        (proj_drop): Dropout(p=0.0, inplace=False)
      )
      (drop_path): DropPath(p=0.004347826354205608)
      (norm2): LayerNorm((1024,), eps=1e-06, elementwise_affine=True)
      (mlp): Mlp(
        (fc1): Linear(in_features=1024, out_features=4096, bias=True)
        (act): GELU(approximate='none')
        (fc2): Linear(in_features=4096, out_features=1024, bias=True)
        (drop): Dropout(p=0.0, inplace=False)
      )
    )
    (2): Block(
      (norm1): LayerNorm((1024,), eps=1e-06, elementwise_affine=True)
      (attn): Attention(
        (qkv): Linear(in_features=1024, out_features=3072, bias=False)
        (attn_drop): Dropout(p=0.0, inplace=False)
        (proj): Linear(in_features=1024, out_features=1024, bias=True)
        (proj_drop): Dropout(p=0.0, inplace=False)
      )
      (drop_path): DropPath(p=0.008695652708411217)
      (norm2): LayerNorm((1024,), eps=1e-06, elementwise_affine=True)
      (mlp): Mlp(
        (fc1): Linear(in_features=1024, out_features=4096, bias=True)
        (act): GELU(approximate='none')
        (fc2): Linear(in_features=4096, out_features=1024, bias=True)
        (drop): Dropout(p=0.0, inplace=False)
      )
    )
    (3): Block(
      (norm1): LayerNorm((1024,), eps=1e-06, elementwise_affine=True)
      (attn): Attention(
        (qkv): Linear(in_features=1024, out_features=3072, bias=False)
        (attn_drop): Dropout(p=0.0, inplace=False)
        (proj): Linear(in_features=1024, out_features=1024, bias=True)
        (proj_drop): Dropout(p=0.0, inplace=False)
      )
      (drop_path): DropPath(p=0.013043479062616825)
      (norm2): LayerNorm((1024,), eps=1e-06, elementwise_affine=True)
      (mlp): Mlp(
        (fc1): Linear(in_features=1024, out_features=4096, bias=True)
        (act): GELU(approximate='none')
        (fc2): Linear(in_features=4096, out_features=1024, bias=True)
        (drop): Dropout(p=0.0, inplace=False)
      )
    )
    (4): Block(
      (norm1): LayerNorm((1024,), eps=1e-06, elementwise_affine=True)
      (attn): Attention(
        (qkv): Linear(in_features=1024, out_features=3072, bias=False)
        (attn_drop): Dropout(p=0.0, inplace=False)
        (proj): Linear(in_features=1024, out_features=1024, bias=True)
        (proj_drop): Dropout(p=0.0, inplace=False)
      )
      (drop_path): DropPath(p=0.017391305416822433)
      (norm2): LayerNorm((1024,), eps=1e-06, elementwise_affine=True)
      (mlp): Mlp(
        (fc1): Linear(in_features=1024, out_features=4096, bias=True)
        (act): GELU(approximate='none')
        (fc2): Linear(in_features=4096, out_features=1024, bias=True)
        (drop): Dropout(p=0.0, inplace=False)
      )
    )
    (5): Block(
      (norm1): LayerNorm((1024,), eps=1e-06, elementwise_affine=True)
      (attn): Attention(
        (qkv): Linear(in_features=1024, out_features=3072, bias=False)
        (attn_drop): Dropout(p=0.0, inplace=False)
        (proj): Linear(in_features=1024, out_features=1024, bias=True)
        (proj_drop): Dropout(p=0.0, inplace=False)
      )
      (drop_path): DropPath(p=0.021739132702350616)
      (norm2): LayerNorm((1024,), eps=1e-06, elementwise_affine=True)
      (mlp): Mlp(
        (fc1): Linear(in_features=1024, out_features=4096, bias=True)
        (act): GELU(approximate='none')
        (fc2): Linear(in_features=4096, out_features=1024, bias=True)
        (drop): Dropout(p=0.0, inplace=False)
      )
    )
    (6): Block(
      (norm1): LayerNorm((1024,), eps=1e-06, elementwise_affine=True)
      (attn): Attention(
        (qkv): Linear(in_features=1024, out_features=3072, bias=False)
        (attn_drop): Dropout(p=0.0, inplace=False)
        (proj): Linear(in_features=1024, out_features=1024, bias=True)
        (proj_drop): Dropout(p=0.0, inplace=False)
      )
      (drop_path): DropPath(p=0.02608695812523365)
      (norm2): LayerNorm((1024,), eps=1e-06, elementwise_affine=True)
      (mlp): Mlp(
        (fc1): Linear(in_features=1024, out_features=4096, bias=True)
        (act): GELU(approximate='none')
        (fc2): Linear(in_features=4096, out_features=1024, bias=True)
        (drop): Dropout(p=0.0, inplace=False)
      )
    )
    (7): Block(
      (norm1): LayerNorm((1024,), eps=1e-06, elementwise_affine=True)
      (attn): Attention(
        (qkv): Linear(in_features=1024, out_features=3072, bias=False)
        (attn_drop): Dropout(p=0.0, inplace=False)
        (proj): Linear(in_features=1024, out_features=1024, bias=True)
        (proj_drop): Dropout(p=0.0, inplace=False)
      )
      (drop_path): DropPath(p=0.030434783548116684)
      (norm2): LayerNorm((1024,), eps=1e-06, elementwise_affine=True)
      (mlp): Mlp(
        (fc1): Linear(in_features=1024, out_features=4096, bias=True)
        (act): GELU(approximate='none')
        (fc2): Linear(in_features=4096, out_features=1024, bias=True)
        (drop): Dropout(p=0.0, inplace=False)
      )
    )
    (8): Block(
      (norm1): LayerNorm((1024,), eps=1e-06, elementwise_affine=True)
      (attn): Attention(
        (qkv): Linear(in_features=1024, out_features=3072, bias=False)
        (attn_drop): Dropout(p=0.0, inplace=False)
        (proj): Linear(in_features=1024, out_features=1024, bias=True)
        (proj_drop): Dropout(p=0.0, inplace=False)
      )
      (drop_path): DropPath(p=0.03478261083364487)
      (norm2): LayerNorm((1024,), eps=1e-06, elementwise_affine=True)
      (mlp): Mlp(
        (fc1): Linear(in_features=1024, out_features=4096, bias=True)
        (act): GELU(approximate='none')
        (fc2): Linear(in_features=4096, out_features=1024, bias=True)
        (drop): Dropout(p=0.0, inplace=False)
      )
    )
    (9): Block(
      (norm1): LayerNorm((1024,), eps=1e-06, elementwise_affine=True)
      (attn): Attention(
        (qkv): Linear(in_features=1024, out_features=3072, bias=False)
        (attn_drop): Dropout(p=0.0, inplace=False)
        (proj): Linear(in_features=1024, out_features=1024, bias=True)
        (proj_drop): Dropout(p=0.0, inplace=False)
      )
      (drop_path): DropPath(p=0.03913043811917305)
      (norm2): LayerNorm((1024,), eps=1e-06, elementwise_affine=True)
      (mlp): Mlp(
        (fc1): Linear(in_features=1024, out_features=4096, bias=True)
        (act): GELU(approximate='none')
        (fc2): Linear(in_features=4096, out_features=1024, bias=True)
        (drop): Dropout(p=0.0, inplace=False)
      )
    )
    (10): Block(
      (norm1): LayerNorm((1024,), eps=1e-06, elementwise_affine=True)
      (attn): Attention(
        (qkv): Linear(in_features=1024, out_features=3072, bias=False)
        (attn_drop): Dropout(p=0.0, inplace=False)
        (proj): Linear(in_features=1024, out_features=1024, bias=True)
        (proj_drop): Dropout(p=0.0, inplace=False)
      )
      (drop_path): DropPath(p=0.04347826540470123)
      (norm2): LayerNorm((1024,), eps=1e-06, elementwise_affine=True)
      (mlp): Mlp(
        (fc1): Linear(in_features=1024, out_features=4096, bias=True)
        (act): GELU(approximate='none')
        (fc2): Linear(in_features=4096, out_features=1024, bias=True)
        (drop): Dropout(p=0.0, inplace=False)
      )
    )
    (11): Block(
      (norm1): LayerNorm((1024,), eps=1e-06, elementwise_affine=True)
      (attn): Attention(
        (qkv): Linear(in_features=1024, out_features=3072, bias=False)
        (attn_drop): Dropout(p=0.0, inplace=False)
        (proj): Linear(in_features=1024, out_features=1024, bias=True)
        (proj_drop): Dropout(p=0.0, inplace=False)
      )
      (drop_path): DropPath(p=0.04782608896493912)
      (norm2): LayerNorm((1024,), eps=1e-06, elementwise_affine=True)
      (mlp): Mlp(
        (fc1): Linear(in_features=1024, out_features=4096, bias=True)
        (act): GELU(approximate='none')
        (fc2): Linear(in_features=4096, out_features=1024, bias=True)
        (drop): Dropout(p=0.0, inplace=False)
      )
    )
    (12): Block(
      (norm1): LayerNorm((1024,), eps=1e-06, elementwise_affine=True)
      (attn): Attention(
        (qkv): Linear(in_features=1024, out_features=3072, bias=False)
        (attn_drop): Dropout(p=0.0, inplace=False)
        (proj): Linear(in_features=1024, out_features=1024, bias=True)
        (proj_drop): Dropout(p=0.0, inplace=False)
      )
      (drop_path): DropPath(p=0.052173912525177)
      (norm2): LayerNorm((1024,), eps=1e-06, elementwise_affine=True)
      (mlp): Mlp(
        (fc1): Linear(in_features=1024, out_features=4096, bias=True)
        (act): GELU(approximate='none')
        (fc2): Linear(in_features=4096, out_features=1024, bias=True)
        (drop): Dropout(p=0.0, inplace=False)
      )
    )
    (13): Block(
      (norm1): LayerNorm((1024,), eps=1e-06, elementwise_affine=True)
      (attn): Attention(
        (qkv): Linear(in_features=1024, out_features=3072, bias=False)
        (attn_drop): Dropout(p=0.0, inplace=False)
        (proj): Linear(in_features=1024, out_features=1024, bias=True)
        (proj_drop): Dropout(p=0.0, inplace=False)
      )
      (drop_path): DropPath(p=0.056521736085414886)
      (norm2): LayerNorm((1024,), eps=1e-06, elementwise_affine=True)
      (mlp): Mlp(
        (fc1): Linear(in_features=1024, out_features=4096, bias=True)
        (act): GELU(approximate='none')
        (fc2): Linear(in_features=4096, out_features=1024, bias=True)
        (drop): Dropout(p=0.0, inplace=False)
      )
    )
    (14): Block(
      (norm1): LayerNorm((1024,), eps=1e-06, elementwise_affine=True)
      (attn): Attention(
        (qkv): Linear(in_features=1024, out_features=3072, bias=False)
        (attn_drop): Dropout(p=0.0, inplace=False)
        (proj): Linear(in_features=1024, out_features=1024, bias=True)
        (proj_drop): Dropout(p=0.0, inplace=False)
      )
      (drop_path): DropPath(p=0.06086956337094307)
      (norm2): LayerNorm((1024,), eps=1e-06, elementwise_affine=True)
      (mlp): Mlp(
        (fc1): Linear(in_features=1024, out_features=4096, bias=True)
        (act): GELU(approximate='none')
        (fc2): Linear(in_features=4096, out_features=1024, bias=True)
        (drop): Dropout(p=0.0, inplace=False)
      )
    )
    (15): Block(
      (norm1): LayerNorm((1024,), eps=1e-06, elementwise_affine=True)
      (attn): Attention(
        (qkv): Linear(in_features=1024, out_features=3072, bias=False)
        (attn_drop): Dropout(p=0.0, inplace=False)
        (proj): Linear(in_features=1024, out_features=1024, bias=True)
        (proj_drop): Dropout(p=0.0, inplace=False)
      )
      (drop_path): DropPath(p=0.06521739065647125)
      (norm2): LayerNorm((1024,), eps=1e-06, elementwise_affine=True)
      (mlp): Mlp(
        (fc1): Linear(in_features=1024, out_features=4096, bias=True)
        (act): GELU(approximate='none')
        (fc2): Linear(in_features=4096, out_features=1024, bias=True)
        (drop): Dropout(p=0.0, inplace=False)
      )
    )
    (16): Block(
      (norm1): LayerNorm((1024,), eps=1e-06, elementwise_affine=True)
      (attn): Attention(
        (qkv): Linear(in_features=1024, out_features=3072, bias=False)
        (attn_drop): Dropout(p=0.0, inplace=False)
        (proj): Linear(in_features=1024, out_features=1024, bias=True)
        (proj_drop): Dropout(p=0.0, inplace=False)
      )
      (drop_path): DropPath(p=0.06956521421670914)
      (norm2): LayerNorm((1024,), eps=1e-06, elementwise_affine=True)
      (mlp): Mlp(
        (fc1): Linear(in_features=1024, out_features=4096, bias=True)
        (act): GELU(approximate='none')
        (fc2): Linear(in_features=4096, out_features=1024, bias=True)
        (drop): Dropout(p=0.0, inplace=False)
      )
    )
    (17): Block(
      (norm1): LayerNorm((1024,), eps=1e-06, elementwise_affine=True)
      (attn): Attention(
        (qkv): Linear(in_features=1024, out_features=3072, bias=False)
        (attn_drop): Dropout(p=0.0, inplace=False)
        (proj): Linear(in_features=1024, out_features=1024, bias=True)
        (proj_drop): Dropout(p=0.0, inplace=False)
      )
      (drop_path): DropPath(p=0.07391304522752762)
      (norm2): LayerNorm((1024,), eps=1e-06, elementwise_affine=True)
      (mlp): Mlp(
        (fc1): Linear(in_features=1024, out_features=4096, bias=True)
        (act): GELU(approximate='none')
        (fc2): Linear(in_features=4096, out_features=1024, bias=True)
        (drop): Dropout(p=0.0, inplace=False)
      )
    )
    (18): Block(
      (norm1): LayerNorm((1024,), eps=1e-06, elementwise_affine=True)
      (attn): Attention(
        (qkv): Linear(in_features=1024, out_features=3072, bias=False)
        (attn_drop): Dropout(p=0.0, inplace=False)
        (proj): Linear(in_features=1024, out_features=1024, bias=True)
        (proj_drop): Dropout(p=0.0, inplace=False)
      )
      (drop_path): DropPath(p=0.0782608687877655)
      (norm2): LayerNorm((1024,), eps=1e-06, elementwise_affine=True)
      (mlp): Mlp(
        (fc1): Linear(in_features=1024, out_features=4096, bias=True)
        (act): GELU(approximate='none')
        (fc2): Linear(in_features=4096, out_features=1024, bias=True)
        (drop): Dropout(p=0.0, inplace=False)
      )
    )
    (19): Block(
      (norm1): LayerNorm((1024,), eps=1e-06, elementwise_affine=True)
      (attn): Attention(
        (qkv): Linear(in_features=1024, out_features=3072, bias=False)
        (attn_drop): Dropout(p=0.0, inplace=False)
        (proj): Linear(in_features=1024, out_features=1024, bias=True)
        (proj_drop): Dropout(p=0.0, inplace=False)
      )
      (drop_path): DropPath(p=0.08260869979858398)
      (norm2): LayerNorm((1024,), eps=1e-06, elementwise_affine=True)
      (mlp): Mlp(
        (fc1): Linear(in_features=1024, out_features=4096, bias=True)
        (act): GELU(approximate='none')
        (fc2): Linear(in_features=4096, out_features=1024, bias=True)
        (drop): Dropout(p=0.0, inplace=False)
      )
    )
    (20): Block(
      (norm1): LayerNorm((1024,), eps=1e-06, elementwise_affine=True)
      (attn): Attention(
        (qkv): Linear(in_features=1024, out_features=3072, bias=False)
        (attn_drop): Dropout(p=0.0, inplace=False)
        (proj): Linear(in_features=1024, out_features=1024, bias=True)
        (proj_drop): Dropout(p=0.0, inplace=False)
      )
      (drop_path): DropPath(p=0.08695652335882187)
      (norm2): LayerNorm((1024,), eps=1e-06, elementwise_affine=True)
      (mlp): Mlp(
        (fc1): Linear(in_features=1024, out_features=4096, bias=True)
        (act): GELU(approximate='none')
        (fc2): Linear(in_features=4096, out_features=1024, bias=True)
        (drop): Dropout(p=0.0, inplace=False)
      )
    )
    (21): Block(
      (norm1): LayerNorm((1024,), eps=1e-06, elementwise_affine=True)
      (attn): Attention(
        (qkv): Linear(in_features=1024, out_features=3072, bias=False)
        (attn_drop): Dropout(p=0.0, inplace=False)
        (proj): Linear(in_features=1024, out_features=1024, bias=True)
        (proj_drop): Dropout(p=0.0, inplace=False)
      )
      (drop_path): DropPath(p=0.09130434691905975)
      (norm2): LayerNorm((1024,), eps=1e-06, elementwise_affine=True)
      (mlp): Mlp(
        (fc1): Linear(in_features=1024, out_features=4096, bias=True)
        (act): GELU(approximate='none')
        (fc2): Linear(in_features=4096, out_features=1024, bias=True)
        (drop): Dropout(p=0.0, inplace=False)
      )
    )
    (22): Block(
      (norm1): LayerNorm((1024,), eps=1e-06, elementwise_affine=True)
      (attn): Attention(
        (qkv): Linear(in_features=1024, out_features=3072, bias=False)
        (attn_drop): Dropout(p=0.0, inplace=False)
        (proj): Linear(in_features=1024, out_features=1024, bias=True)
        (proj_drop): Dropout(p=0.0, inplace=False)
      )
      (drop_path): DropPath(p=0.09565217792987823)
      (norm2): LayerNorm((1024,), eps=1e-06, elementwise_affine=True)
      (mlp): Mlp(
        (fc1): Linear(in_features=1024, out_features=4096, bias=True)
        (act): GELU(approximate='none')
        (fc2): Linear(in_features=4096, out_features=1024, bias=True)
        (drop): Dropout(p=0.0, inplace=False)
      )
    )
    (23): Block(
      (norm1): LayerNorm((1024,), eps=1e-06, elementwise_affine=True)
      (attn): Attention(
        (qkv): Linear(in_features=1024, out_features=3072, bias=False)
        (attn_drop): Dropout(p=0.0, inplace=False)
        (proj): Linear(in_features=1024, out_features=1024, bias=True)
        (proj_drop): Dropout(p=0.0, inplace=False)
      )
      (drop_path): DropPath(p=0.10000000149011612)
      (norm2): LayerNorm((1024,), eps=1e-06, elementwise_affine=True)
      (mlp): Mlp(
        (fc1): Linear(in_features=1024, out_features=4096, bias=True)
        (act): GELU(approximate='none')
        (fc2): Linear(in_features=4096, out_features=1024, bias=True)
        (drop): Dropout(p=0.0, inplace=False)
      )
    )
  )
  (norm): LayerNorm((1024,), eps=1e-06, elementwise_affine=True)
  (head): Linear(in_features=1024, out_features=1000, bias=True)
)
normalization method:  imagenet
  [CP] N_k=413 · 학습 파라미터 backbone 25.2M (blocks (22, 23) + norm) + head 0.4M · drop_path(22,23)=[0.09565217792987823, 0.10000000149011612] · batch=32×accum=1 · epochs=150
normalization method:  imagenet
  [CP] oral_diseases fold9 ep001/150 loss=6.1314 lr=6.67e-06 (3s) · head-only
  [CP] oral_diseases fold9 ep002/150 loss=6.1242 lr=1.33e-05 (3s) · head-only
  [CP] oral_diseases fold9 ep003/150 loss=6.1116 lr=2.00e-05 (3s) · head-only
  [CP] oral_diseases fold9 ep010/150 loss=5.9649 lr=6.67e-05 (3s)
  [CP] oral_diseases fold9 ep020/150 loss=4.6717 lr=9.98e-05 (3s)
  [CP] oral_diseases fold9 ep030/150 loss=3.6676 lr=9.74e-05 (3s)
  [CP] oral_diseases fold9 ep040/150 loss=3.3002 lr=9.24e-05 (3s)
  [CP] oral_diseases fold9 ep050/150 loss=3.1145 lr=8.51e-05 (3s)
  [CP] oral_diseases fold9 ep060/150 loss=3.0103 lr=7.60e-05 (3s)
  [CP] oral_diseases fold9 ep070/150 loss=2.9114 lr=6.55e-05 (3s)
  [CP] oral_diseases fold9 ep080/150 loss=2.8916 lr=5.41e-05 (3s)
  [CP] oral_diseases fold9 ep090/150 loss=2.8307 lr=4.25e-05 (3s)
  [CP] oral_diseases fold9 ep100/150 loss=2.7953 lr=3.13e-05 (3s)
  [CP] oral_diseases fold9 ep110/150 loss=2.7566 lr=2.11e-05 (3s)
  [CP] oral_diseases fold9 ep120/150 loss=2.7729 lr=1.25e-05 (3s)
  [CP] oral_diseases fold9 ep130/150 loss=2.7999 lr=5.85e-06 (3s)
  [CP] oral_diseases fold9 ep140/150 loss=2.7537 lr=1.63e-06 (3s)
  [CP] oral_diseases fold9 ep150/150 loss=2.8585 lr=1.35e-08 (3s)
  [CP] 완료 150 ep · 3.0s/ep · final_loss=2.8585 · GPU peak 2351 MB
normalization method:  imagenet
normalization method:  imagenet
  [extract] 원본 (516, 1024) → w10_cp_feats_oral_diseases_fold9.npy (7s)
normalization method:  imagenet
  [extract] 증강 copy 0 (7s)
  [extract] 증강 copy 1 (7s)
  [extract] 증강 copy 2 (7s)
  [extract] 증강 copy 3 (7s)
  [extract] 증강 (4, 516, 1024) → w10_cp_augfeats_oral_diseases_fold9.npy · copy0 코사인 0.8435
    A0cp fold9: BACC=0.7886 MAE=0.3981 MAE_true=0.3786
    A1cp fold9: BACC=0.7720 MAE=0.3689 MAE_true=0.3553
    A2cp fold9: BACC=0.7806 MAE=0.3883 MAE_true=0.3645
    A3cp fold9: BACC=0.7592 MAE=0.5728 MAE_true=0.5460
    A4cp fold9: BACC=0.7720 MAE=0.3689 MAE_true=0.3553

==============================================================
arm      n_fold     BACC      MCC      MAE  MAE_true
A0cp         10   0.7521   0.7173   0.4225    0.4251
A1cp         10   0.7521   0.7182   0.4409    0.4479
A2cp         10   0.7557   0.7208   0.4148    0.4171
A3cp         10   0.7239   0.6841   0.5115    0.5160
A4cp         10   0.7525   0.7174   0.4505    0.4558
==============================================================

총 8.4 분 · 저장: /home/junkim/paper_ajou_dev/PanDerm/output_dir/p6_regime_f/w10_cp_fold_scores_oral_diseases.csv
🔬 w10 E1 (탐색적 · 사후) · 프로토콜 docs/date/2026-09-03_12th_meeting/research_note/w10_unconstrained_methods_protocol.md §3
device=cuda · dataset=oral_diseases · folds=[10] · stage=all · epochs=150 · batch=32×1 · prefix=w10_
→ /home/junkim/paper_ajou_dev/PanDerm/output_dir/p6_regime_f/w10_cp_fold_scores_oral_diseases.csv

=== oral_diseases · fold 10 (train 412 / test 104) ===
/home/junkim/miniconda3/envs/paper/lib/python3.11/site-packages/timm/models/layers/__init__.py:49: FutureWarning: Importing from timm.models.layers is deprecated, please import via timm.layers
  warnings.warn(f"Importing from {__name__} is deprecated, please import via timm.layers", FutureWarning)
/home/junkim/miniconda3/envs/paper/lib/python3.11/site-packages/timm/models/registry.py:4: FutureWarning: Importing from timm.models.registry is deprecated, please import via timm.models
  warnings.warn(f"Importing from {__name__} is deprecated, please import via timm.models", FutureWarning)
/home/junkim/miniconda3/envs/paper/lib/python3.11/site-packages/torch/functional.py:534: UserWarning: torch.meshgrid: in an upcoming release, it will be required to pass the indexing argument. (Triggered internally at ../aten/src/ATen/native/TensorShape.cpp:3595.)
  return _VF.meshgrid(tensors, **kwargs)  # type: ignore[attr-defined]
loading model checkpoint
VisionTransformer(
  (patch_embed): PatchEmbed(
    (proj): Conv2d(3, 1024, kernel_size=(16, 16), stride=(16, 16))
  )
  (pos_drop): Dropout(p=0.0, inplace=False)
  (blocks): ModuleList(
    (0): Block(
      (norm1): LayerNorm((1024,), eps=1e-06, elementwise_affine=True)
      (attn): Attention(
        (qkv): Linear(in_features=1024, out_features=3072, bias=False)
        (attn_drop): Dropout(p=0.0, inplace=False)
        (proj): Linear(in_features=1024, out_features=1024, bias=True)
        (proj_drop): Dropout(p=0.0, inplace=False)
      )
      (drop_path): Identity()
      (norm2): LayerNorm((1024,), eps=1e-06, elementwise_affine=True)
      (mlp): Mlp(
        (fc1): Linear(in_features=1024, out_features=4096, bias=True)
        (act): GELU(approximate='none')
        (fc2): Linear(in_features=4096, out_features=1024, bias=True)
        (drop): Dropout(p=0.0, inplace=False)
      )
    )
    (1): Block(
      (norm1): LayerNorm((1024,), eps=1e-06, elementwise_affine=True)
      (attn): Attention(
        (qkv): Linear(in_features=1024, out_features=3072, bias=False)
        (attn_drop): Dropout(p=0.0, inplace=False)
        (proj): Linear(in_features=1024, out_features=1024, bias=True)
        (proj_drop): Dropout(p=0.0, inplace=False)
      )
      (drop_path): DropPath(p=0.004347826354205608)
      (norm2): LayerNorm((1024,), eps=1e-06, elementwise_affine=True)
      (mlp): Mlp(
        (fc1): Linear(in_features=1024, out_features=4096, bias=True)
        (act): GELU(approximate='none')
        (fc2): Linear(in_features=4096, out_features=1024, bias=True)
        (drop): Dropout(p=0.0, inplace=False)
      )
    )
    (2): Block(
      (norm1): LayerNorm((1024,), eps=1e-06, elementwise_affine=True)
      (attn): Attention(
        (qkv): Linear(in_features=1024, out_features=3072, bias=False)
        (attn_drop): Dropout(p=0.0, inplace=False)
        (proj): Linear(in_features=1024, out_features=1024, bias=True)
        (proj_drop): Dropout(p=0.0, inplace=False)
      )
      (drop_path): DropPath(p=0.008695652708411217)
      (norm2): LayerNorm((1024,), eps=1e-06, elementwise_affine=True)
      (mlp): Mlp(
        (fc1): Linear(in_features=1024, out_features=4096, bias=True)
        (act): GELU(approximate='none')
        (fc2): Linear(in_features=4096, out_features=1024, bias=True)
        (drop): Dropout(p=0.0, inplace=False)
      )
    )
    (3): Block(
      (norm1): LayerNorm((1024,), eps=1e-06, elementwise_affine=True)
      (attn): Attention(
        (qkv): Linear(in_features=1024, out_features=3072, bias=False)
        (attn_drop): Dropout(p=0.0, inplace=False)
        (proj): Linear(in_features=1024, out_features=1024, bias=True)
        (proj_drop): Dropout(p=0.0, inplace=False)
      )
      (drop_path): DropPath(p=0.013043479062616825)
      (norm2): LayerNorm((1024,), eps=1e-06, elementwise_affine=True)
      (mlp): Mlp(
        (fc1): Linear(in_features=1024, out_features=4096, bias=True)
        (act): GELU(approximate='none')
        (fc2): Linear(in_features=4096, out_features=1024, bias=True)
        (drop): Dropout(p=0.0, inplace=False)
      )
    )
    (4): Block(
      (norm1): LayerNorm((1024,), eps=1e-06, elementwise_affine=True)
      (attn): Attention(
        (qkv): Linear(in_features=1024, out_features=3072, bias=False)
        (attn_drop): Dropout(p=0.0, inplace=False)
        (proj): Linear(in_features=1024, out_features=1024, bias=True)
        (proj_drop): Dropout(p=0.0, inplace=False)
      )
      (drop_path): DropPath(p=0.017391305416822433)
      (norm2): LayerNorm((1024,), eps=1e-06, elementwise_affine=True)
      (mlp): Mlp(
        (fc1): Linear(in_features=1024, out_features=4096, bias=True)
        (act): GELU(approximate='none')
        (fc2): Linear(in_features=4096, out_features=1024, bias=True)
        (drop): Dropout(p=0.0, inplace=False)
      )
    )
    (5): Block(
      (norm1): LayerNorm((1024,), eps=1e-06, elementwise_affine=True)
      (attn): Attention(
        (qkv): Linear(in_features=1024, out_features=3072, bias=False)
        (attn_drop): Dropout(p=0.0, inplace=False)
        (proj): Linear(in_features=1024, out_features=1024, bias=True)
        (proj_drop): Dropout(p=0.0, inplace=False)
      )
      (drop_path): DropPath(p=0.021739132702350616)
      (norm2): LayerNorm((1024,), eps=1e-06, elementwise_affine=True)
      (mlp): Mlp(
        (fc1): Linear(in_features=1024, out_features=4096, bias=True)
        (act): GELU(approximate='none')
        (fc2): Linear(in_features=4096, out_features=1024, bias=True)
        (drop): Dropout(p=0.0, inplace=False)
      )
    )
    (6): Block(
      (norm1): LayerNorm((1024,), eps=1e-06, elementwise_affine=True)
      (attn): Attention(
        (qkv): Linear(in_features=1024, out_features=3072, bias=False)
        (attn_drop): Dropout(p=0.0, inplace=False)
        (proj): Linear(in_features=1024, out_features=1024, bias=True)
        (proj_drop): Dropout(p=0.0, inplace=False)
      )
      (drop_path): DropPath(p=0.02608695812523365)
      (norm2): LayerNorm((1024,), eps=1e-06, elementwise_affine=True)
      (mlp): Mlp(
        (fc1): Linear(in_features=1024, out_features=4096, bias=True)
        (act): GELU(approximate='none')
        (fc2): Linear(in_features=4096, out_features=1024, bias=True)
        (drop): Dropout(p=0.0, inplace=False)
      )
    )
    (7): Block(
      (norm1): LayerNorm((1024,), eps=1e-06, elementwise_affine=True)
      (attn): Attention(
        (qkv): Linear(in_features=1024, out_features=3072, bias=False)
        (attn_drop): Dropout(p=0.0, inplace=False)
        (proj): Linear(in_features=1024, out_features=1024, bias=True)
        (proj_drop): Dropout(p=0.0, inplace=False)
      )
      (drop_path): DropPath(p=0.030434783548116684)
      (norm2): LayerNorm((1024,), eps=1e-06, elementwise_affine=True)
      (mlp): Mlp(
        (fc1): Linear(in_features=1024, out_features=4096, bias=True)
        (act): GELU(approximate='none')
        (fc2): Linear(in_features=4096, out_features=1024, bias=True)
        (drop): Dropout(p=0.0, inplace=False)
      )
    )
    (8): Block(
      (norm1): LayerNorm((1024,), eps=1e-06, elementwise_affine=True)
      (attn): Attention(
        (qkv): Linear(in_features=1024, out_features=3072, bias=False)
        (attn_drop): Dropout(p=0.0, inplace=False)
        (proj): Linear(in_features=1024, out_features=1024, bias=True)
        (proj_drop): Dropout(p=0.0, inplace=False)
      )
      (drop_path): DropPath(p=0.03478261083364487)
      (norm2): LayerNorm((1024,), eps=1e-06, elementwise_affine=True)
      (mlp): Mlp(
        (fc1): Linear(in_features=1024, out_features=4096, bias=True)
        (act): GELU(approximate='none')
        (fc2): Linear(in_features=4096, out_features=1024, bias=True)
        (drop): Dropout(p=0.0, inplace=False)
      )
    )
    (9): Block(
      (norm1): LayerNorm((1024,), eps=1e-06, elementwise_affine=True)
      (attn): Attention(
        (qkv): Linear(in_features=1024, out_features=3072, bias=False)
        (attn_drop): Dropout(p=0.0, inplace=False)
        (proj): Linear(in_features=1024, out_features=1024, bias=True)
        (proj_drop): Dropout(p=0.0, inplace=False)
      )
      (drop_path): DropPath(p=0.03913043811917305)
      (norm2): LayerNorm((1024,), eps=1e-06, elementwise_affine=True)
      (mlp): Mlp(
        (fc1): Linear(in_features=1024, out_features=4096, bias=True)
        (act): GELU(approximate='none')
        (fc2): Linear(in_features=4096, out_features=1024, bias=True)
        (drop): Dropout(p=0.0, inplace=False)
      )
    )
    (10): Block(
      (norm1): LayerNorm((1024,), eps=1e-06, elementwise_affine=True)
      (attn): Attention(
        (qkv): Linear(in_features=1024, out_features=3072, bias=False)
        (attn_drop): Dropout(p=0.0, inplace=False)
        (proj): Linear(in_features=1024, out_features=1024, bias=True)
        (proj_drop): Dropout(p=0.0, inplace=False)
      )
      (drop_path): DropPath(p=0.04347826540470123)
      (norm2): LayerNorm((1024,), eps=1e-06, elementwise_affine=True)
      (mlp): Mlp(
        (fc1): Linear(in_features=1024, out_features=4096, bias=True)
        (act): GELU(approximate='none')
        (fc2): Linear(in_features=4096, out_features=1024, bias=True)
        (drop): Dropout(p=0.0, inplace=False)
      )
    )
    (11): Block(
      (norm1): LayerNorm((1024,), eps=1e-06, elementwise_affine=True)
      (attn): Attention(
        (qkv): Linear(in_features=1024, out_features=3072, bias=False)
        (attn_drop): Dropout(p=0.0, inplace=False)
        (proj): Linear(in_features=1024, out_features=1024, bias=True)
        (proj_drop): Dropout(p=0.0, inplace=False)
      )
      (drop_path): DropPath(p=0.04782608896493912)
      (norm2): LayerNorm((1024,), eps=1e-06, elementwise_affine=True)
      (mlp): Mlp(
        (fc1): Linear(in_features=1024, out_features=4096, bias=True)
        (act): GELU(approximate='none')
        (fc2): Linear(in_features=4096, out_features=1024, bias=True)
        (drop): Dropout(p=0.0, inplace=False)
      )
    )
    (12): Block(
      (norm1): LayerNorm((1024,), eps=1e-06, elementwise_affine=True)
      (attn): Attention(
        (qkv): Linear(in_features=1024, out_features=3072, bias=False)
        (attn_drop): Dropout(p=0.0, inplace=False)
        (proj): Linear(in_features=1024, out_features=1024, bias=True)
        (proj_drop): Dropout(p=0.0, inplace=False)
      )
      (drop_path): DropPath(p=0.052173912525177)
      (norm2): LayerNorm((1024,), eps=1e-06, elementwise_affine=True)
      (mlp): Mlp(
        (fc1): Linear(in_features=1024, out_features=4096, bias=True)
        (act): GELU(approximate='none')
        (fc2): Linear(in_features=4096, out_features=1024, bias=True)
        (drop): Dropout(p=0.0, inplace=False)
      )
    )
    (13): Block(
      (norm1): LayerNorm((1024,), eps=1e-06, elementwise_affine=True)
      (attn): Attention(
        (qkv): Linear(in_features=1024, out_features=3072, bias=False)
        (attn_drop): Dropout(p=0.0, inplace=False)
        (proj): Linear(in_features=1024, out_features=1024, bias=True)
        (proj_drop): Dropout(p=0.0, inplace=False)
      )
      (drop_path): DropPath(p=0.056521736085414886)
      (norm2): LayerNorm((1024,), eps=1e-06, elementwise_affine=True)
      (mlp): Mlp(
        (fc1): Linear(in_features=1024, out_features=4096, bias=True)
        (act): GELU(approximate='none')
        (fc2): Linear(in_features=4096, out_features=1024, bias=True)
        (drop): Dropout(p=0.0, inplace=False)
      )
    )
    (14): Block(
      (norm1): LayerNorm((1024,), eps=1e-06, elementwise_affine=True)
      (attn): Attention(
        (qkv): Linear(in_features=1024, out_features=3072, bias=False)
        (attn_drop): Dropout(p=0.0, inplace=False)
        (proj): Linear(in_features=1024, out_features=1024, bias=True)
        (proj_drop): Dropout(p=0.0, inplace=False)
      )
      (drop_path): DropPath(p=0.06086956337094307)
      (norm2): LayerNorm((1024,), eps=1e-06, elementwise_affine=True)
      (mlp): Mlp(
        (fc1): Linear(in_features=1024, out_features=4096, bias=True)
        (act): GELU(approximate='none')
        (fc2): Linear(in_features=4096, out_features=1024, bias=True)
        (drop): Dropout(p=0.0, inplace=False)
      )
    )
    (15): Block(
      (norm1): LayerNorm((1024,), eps=1e-06, elementwise_affine=True)
      (attn): Attention(
        (qkv): Linear(in_features=1024, out_features=3072, bias=False)
        (attn_drop): Dropout(p=0.0, inplace=False)
        (proj): Linear(in_features=1024, out_features=1024, bias=True)
        (proj_drop): Dropout(p=0.0, inplace=False)
      )
      (drop_path): DropPath(p=0.06521739065647125)
      (norm2): LayerNorm((1024,), eps=1e-06, elementwise_affine=True)
      (mlp): Mlp(
        (fc1): Linear(in_features=1024, out_features=4096, bias=True)
        (act): GELU(approximate='none')
        (fc2): Linear(in_features=4096, out_features=1024, bias=True)
        (drop): Dropout(p=0.0, inplace=False)
      )
    )
    (16): Block(
      (norm1): LayerNorm((1024,), eps=1e-06, elementwise_affine=True)
      (attn): Attention(
        (qkv): Linear(in_features=1024, out_features=3072, bias=False)
        (attn_drop): Dropout(p=0.0, inplace=False)
        (proj): Linear(in_features=1024, out_features=1024, bias=True)
        (proj_drop): Dropout(p=0.0, inplace=False)
      )
      (drop_path): DropPath(p=0.06956521421670914)
      (norm2): LayerNorm((1024,), eps=1e-06, elementwise_affine=True)
      (mlp): Mlp(
        (fc1): Linear(in_features=1024, out_features=4096, bias=True)
        (act): GELU(approximate='none')
        (fc2): Linear(in_features=4096, out_features=1024, bias=True)
        (drop): Dropout(p=0.0, inplace=False)
      )
    )
    (17): Block(
      (norm1): LayerNorm((1024,), eps=1e-06, elementwise_affine=True)
      (attn): Attention(
        (qkv): Linear(in_features=1024, out_features=3072, bias=False)
        (attn_drop): Dropout(p=0.0, inplace=False)
        (proj): Linear(in_features=1024, out_features=1024, bias=True)
        (proj_drop): Dropout(p=0.0, inplace=False)
      )
      (drop_path): DropPath(p=0.07391304522752762)
      (norm2): LayerNorm((1024,), eps=1e-06, elementwise_affine=True)
      (mlp): Mlp(
        (fc1): Linear(in_features=1024, out_features=4096, bias=True)
        (act): GELU(approximate='none')
        (fc2): Linear(in_features=4096, out_features=1024, bias=True)
        (drop): Dropout(p=0.0, inplace=False)
      )
    )
    (18): Block(
      (norm1): LayerNorm((1024,), eps=1e-06, elementwise_affine=True)
      (attn): Attention(
        (qkv): Linear(in_features=1024, out_features=3072, bias=False)
        (attn_drop): Dropout(p=0.0, inplace=False)
        (proj): Linear(in_features=1024, out_features=1024, bias=True)
        (proj_drop): Dropout(p=0.0, inplace=False)
      )
      (drop_path): DropPath(p=0.0782608687877655)
      (norm2): LayerNorm((1024,), eps=1e-06, elementwise_affine=True)
      (mlp): Mlp(
        (fc1): Linear(in_features=1024, out_features=4096, bias=True)
        (act): GELU(approximate='none')
        (fc2): Linear(in_features=4096, out_features=1024, bias=True)
        (drop): Dropout(p=0.0, inplace=False)
      )
    )
    (19): Block(
      (norm1): LayerNorm((1024,), eps=1e-06, elementwise_affine=True)
      (attn): Attention(
        (qkv): Linear(in_features=1024, out_features=3072, bias=False)
        (attn_drop): Dropout(p=0.0, inplace=False)
        (proj): Linear(in_features=1024, out_features=1024, bias=True)
        (proj_drop): Dropout(p=0.0, inplace=False)
      )
      (drop_path): DropPath(p=0.08260869979858398)
      (norm2): LayerNorm((1024,), eps=1e-06, elementwise_affine=True)
      (mlp): Mlp(
        (fc1): Linear(in_features=1024, out_features=4096, bias=True)
        (act): GELU(approximate='none')
        (fc2): Linear(in_features=4096, out_features=1024, bias=True)
        (drop): Dropout(p=0.0, inplace=False)
      )
    )
    (20): Block(
      (norm1): LayerNorm((1024,), eps=1e-06, elementwise_affine=True)
      (attn): Attention(
        (qkv): Linear(in_features=1024, out_features=3072, bias=False)
        (attn_drop): Dropout(p=0.0, inplace=False)
        (proj): Linear(in_features=1024, out_features=1024, bias=True)
        (proj_drop): Dropout(p=0.0, inplace=False)
      )
      (drop_path): DropPath(p=0.08695652335882187)
      (norm2): LayerNorm((1024,), eps=1e-06, elementwise_affine=True)
      (mlp): Mlp(
        (fc1): Linear(in_features=1024, out_features=4096, bias=True)
        (act): GELU(approximate='none')
        (fc2): Linear(in_features=4096, out_features=1024, bias=True)
        (drop): Dropout(p=0.0, inplace=False)
      )
    )
    (21): Block(
      (norm1): LayerNorm((1024,), eps=1e-06, elementwise_affine=True)
      (attn): Attention(
        (qkv): Linear(in_features=1024, out_features=3072, bias=False)
        (attn_drop): Dropout(p=0.0, inplace=False)
        (proj): Linear(in_features=1024, out_features=1024, bias=True)
        (proj_drop): Dropout(p=0.0, inplace=False)
      )
      (drop_path): DropPath(p=0.09130434691905975)
      (norm2): LayerNorm((1024,), eps=1e-06, elementwise_affine=True)
      (mlp): Mlp(
        (fc1): Linear(in_features=1024, out_features=4096, bias=True)
        (act): GELU(approximate='none')
        (fc2): Linear(in_features=4096, out_features=1024, bias=True)
        (drop): Dropout(p=0.0, inplace=False)
      )
    )
    (22): Block(
      (norm1): LayerNorm((1024,), eps=1e-06, elementwise_affine=True)
      (attn): Attention(
        (qkv): Linear(in_features=1024, out_features=3072, bias=False)
        (attn_drop): Dropout(p=0.0, inplace=False)
        (proj): Linear(in_features=1024, out_features=1024, bias=True)
        (proj_drop): Dropout(p=0.0, inplace=False)
      )
      (drop_path): DropPath(p=0.09565217792987823)
      (norm2): LayerNorm((1024,), eps=1e-06, elementwise_affine=True)
      (mlp): Mlp(
        (fc1): Linear(in_features=1024, out_features=4096, bias=True)
        (act): GELU(approximate='none')
        (fc2): Linear(in_features=4096, out_features=1024, bias=True)
        (drop): Dropout(p=0.0, inplace=False)
      )
    )
    (23): Block(
      (norm1): LayerNorm((1024,), eps=1e-06, elementwise_affine=True)
      (attn): Attention(
        (qkv): Linear(in_features=1024, out_features=3072, bias=False)
        (attn_drop): Dropout(p=0.0, inplace=False)
        (proj): Linear(in_features=1024, out_features=1024, bias=True)
        (proj_drop): Dropout(p=0.0, inplace=False)
      )
      (drop_path): DropPath(p=0.10000000149011612)
      (norm2): LayerNorm((1024,), eps=1e-06, elementwise_affine=True)
      (mlp): Mlp(
        (fc1): Linear(in_features=1024, out_features=4096, bias=True)
        (act): GELU(approximate='none')
        (fc2): Linear(in_features=4096, out_features=1024, bias=True)
        (drop): Dropout(p=0.0, inplace=False)
      )
    )
  )
  (norm): LayerNorm((1024,), eps=1e-06, elementwise_affine=True)
  (head): Linear(in_features=1024, out_features=1000, bias=True)
)
normalization method:  imagenet
  [CP] N_k=412 · 학습 파라미터 backbone 25.2M (blocks (22, 23) + norm) + head 0.4M · drop_path(22,23)=[0.09565217792987823, 0.10000000149011612] · batch=32×accum=1 · epochs=150
normalization method:  imagenet
  [CP] oral_diseases fold10 ep001/150 loss=6.1258 lr=6.67e-06 (3s) · head-only
  [CP] oral_diseases fold10 ep002/150 loss=6.1038 lr=1.33e-05 (3s) · head-only
  [CP] oral_diseases fold10 ep003/150 loss=6.1009 lr=2.00e-05 (3s) · head-only
  [CP] oral_diseases fold10 ep010/150 loss=5.9653 lr=6.67e-05 (3s)
  [CP] oral_diseases fold10 ep020/150 loss=4.6672 lr=9.98e-05 (3s)
  [CP] oral_diseases fold10 ep030/150 loss=3.7518 lr=9.74e-05 (3s)
  [CP] oral_diseases fold10 ep040/150 loss=3.2883 lr=9.24e-05 (3s)
  [CP] oral_diseases fold10 ep050/150 loss=3.0764 lr=8.51e-05 (3s)
  [CP] oral_diseases fold10 ep060/150 loss=2.9891 lr=7.60e-05 (3s)
  [CP] oral_diseases fold10 ep070/150 loss=2.9330 lr=6.55e-05 (3s)
  [CP] oral_diseases fold10 ep080/150 loss=2.8987 lr=5.41e-05 (3s)
  [CP] oral_diseases fold10 ep090/150 loss=2.8846 lr=4.25e-05 (3s)
  [CP] oral_diseases fold10 ep100/150 loss=2.8151 lr=3.13e-05 (3s)
  [CP] oral_diseases fold10 ep110/150 loss=2.8089 lr=2.11e-05 (3s)
  [CP] oral_diseases fold10 ep120/150 loss=2.7752 lr=1.25e-05 (3s)
  [CP] oral_diseases fold10 ep130/150 loss=2.7451 lr=5.85e-06 (3s)
  [CP] oral_diseases fold10 ep140/150 loss=2.7481 lr=1.63e-06 (3s)
  [CP] oral_diseases fold10 ep150/150 loss=2.7905 lr=1.35e-08 (3s)
  [CP] 완료 150 ep · 3.0s/ep · final_loss=2.7905 · GPU peak 2351 MB
normalization method:  imagenet
normalization method:  imagenet
  [extract] 원본 (516, 1024) → w10_cp_feats_oral_diseases_fold10.npy (8s)
normalization method:  imagenet
  [extract] 증강 copy 0 (7s)
  [extract] 증강 copy 1 (7s)
  [extract] 증강 copy 2 (7s)
  [extract] 증강 copy 3 (7s)
  [extract] 증강 (4, 516, 1024) → w10_cp_augfeats_oral_diseases_fold10.npy · copy0 코사인 0.8418
    A0cp fold10: BACC=0.7701 MAE=0.3846 MAE_true=0.3849
    A1cp fold10: BACC=0.7796 MAE=0.4135 MAE_true=0.4228
    A2cp fold10: BACC=0.7701 MAE=0.3846 MAE_true=0.3849
    A3cp fold10: BACC=0.8153 MAE=0.3558 MAE_true=0.3712
    A4cp fold10: BACC=0.7721 MAE=0.4231 MAE_true=0.4303

==============================================================
arm      n_fold     BACC      MCC      MAE  MAE_true
A0cp         11   0.7537   0.7186   0.4191    0.4214
A1cp         11   0.7546   0.7207   0.4384    0.4456
A2cp         11   0.7571   0.7218   0.4120    0.4142
A3cp         11   0.7322   0.6936   0.4974    0.5028
A4cp         11   0.7543   0.7189   0.4480    0.4535
==============================================================

총 8.3 분 · 저장: /home/junkim/paper_ajou_dev/PanDerm/output_dir/p6_regime_f/w10_cp_fold_scores_oral_diseases.csv
🔬 w10 E1 (탐색적 · 사후) · 프로토콜 docs/date/2026-09-03_12th_meeting/research_note/w10_unconstrained_methods_protocol.md §3
device=cuda · dataset=oral_diseases · folds=[11] · stage=all · epochs=150 · batch=32×1 · prefix=w10_
→ /home/junkim/paper_ajou_dev/PanDerm/output_dir/p6_regime_f/w10_cp_fold_scores_oral_diseases.csv

=== oral_diseases · fold 11 (train 413 / test 103) ===
/home/junkim/miniconda3/envs/paper/lib/python3.11/site-packages/timm/models/layers/__init__.py:49: FutureWarning: Importing from timm.models.layers is deprecated, please import via timm.layers
  warnings.warn(f"Importing from {__name__} is deprecated, please import via timm.layers", FutureWarning)
/home/junkim/miniconda3/envs/paper/lib/python3.11/site-packages/timm/models/registry.py:4: FutureWarning: Importing from timm.models.registry is deprecated, please import via timm.models
  warnings.warn(f"Importing from {__name__} is deprecated, please import via timm.models", FutureWarning)
/home/junkim/miniconda3/envs/paper/lib/python3.11/site-packages/torch/functional.py:534: UserWarning: torch.meshgrid: in an upcoming release, it will be required to pass the indexing argument. (Triggered internally at ../aten/src/ATen/native/TensorShape.cpp:3595.)
  return _VF.meshgrid(tensors, **kwargs)  # type: ignore[attr-defined]
loading model checkpoint
VisionTransformer(
  (patch_embed): PatchEmbed(
    (proj): Conv2d(3, 1024, kernel_size=(16, 16), stride=(16, 16))
  )
  (pos_drop): Dropout(p=0.0, inplace=False)
  (blocks): ModuleList(
    (0): Block(
      (norm1): LayerNorm((1024,), eps=1e-06, elementwise_affine=True)
      (attn): Attention(
        (qkv): Linear(in_features=1024, out_features=3072, bias=False)
        (attn_drop): Dropout(p=0.0, inplace=False)
        (proj): Linear(in_features=1024, out_features=1024, bias=True)
        (proj_drop): Dropout(p=0.0, inplace=False)
      )
      (drop_path): Identity()
      (norm2): LayerNorm((1024,), eps=1e-06, elementwise_affine=True)
      (mlp): Mlp(
        (fc1): Linear(in_features=1024, out_features=4096, bias=True)
        (act): GELU(approximate='none')
        (fc2): Linear(in_features=4096, out_features=1024, bias=True)
        (drop): Dropout(p=0.0, inplace=False)
      )
    )
    (1): Block(
      (norm1): LayerNorm((1024,), eps=1e-06, elementwise_affine=True)
      (attn): Attention(
        (qkv): Linear(in_features=1024, out_features=3072, bias=False)
        (attn_drop): Dropout(p=0.0, inplace=False)
        (proj): Linear(in_features=1024, out_features=1024, bias=True)
        (proj_drop): Dropout(p=0.0, inplace=False)
      )
      (drop_path): DropPath(p=0.004347826354205608)
      (norm2): LayerNorm((1024,), eps=1e-06, elementwise_affine=True)
      (mlp): Mlp(
        (fc1): Linear(in_features=1024, out_features=4096, bias=True)
        (act): GELU(approximate='none')
        (fc2): Linear(in_features=4096, out_features=1024, bias=True)
        (drop): Dropout(p=0.0, inplace=False)
      )
    )
    (2): Block(
      (norm1): LayerNorm((1024,), eps=1e-06, elementwise_affine=True)
      (attn): Attention(
        (qkv): Linear(in_features=1024, out_features=3072, bias=False)
        (attn_drop): Dropout(p=0.0, inplace=False)
        (proj): Linear(in_features=1024, out_features=1024, bias=True)
        (proj_drop): Dropout(p=0.0, inplace=False)
      )
      (drop_path): DropPath(p=0.008695652708411217)
      (norm2): LayerNorm((1024,), eps=1e-06, elementwise_affine=True)
      (mlp): Mlp(
        (fc1): Linear(in_features=1024, out_features=4096, bias=True)
        (act): GELU(approximate='none')
        (fc2): Linear(in_features=4096, out_features=1024, bias=True)
        (drop): Dropout(p=0.0, inplace=False)
      )
    )
    (3): Block(
      (norm1): LayerNorm((1024,), eps=1e-06, elementwise_affine=True)
      (attn): Attention(
        (qkv): Linear(in_features=1024, out_features=3072, bias=False)
        (attn_drop): Dropout(p=0.0, inplace=False)
        (proj): Linear(in_features=1024, out_features=1024, bias=True)
        (proj_drop): Dropout(p=0.0, inplace=False)
      )
      (drop_path): DropPath(p=0.013043479062616825)
      (norm2): LayerNorm((1024,), eps=1e-06, elementwise_affine=True)
      (mlp): Mlp(
        (fc1): Linear(in_features=1024, out_features=4096, bias=True)
        (act): GELU(approximate='none')
        (fc2): Linear(in_features=4096, out_features=1024, bias=True)
        (drop): Dropout(p=0.0, inplace=False)
      )
    )
    (4): Block(
      (norm1): LayerNorm((1024,), eps=1e-06, elementwise_affine=True)
      (attn): Attention(
        (qkv): Linear(in_features=1024, out_features=3072, bias=False)
        (attn_drop): Dropout(p=0.0, inplace=False)
        (proj): Linear(in_features=1024, out_features=1024, bias=True)
        (proj_drop): Dropout(p=0.0, inplace=False)
      )
      (drop_path): DropPath(p=0.017391305416822433)
      (norm2): LayerNorm((1024,), eps=1e-06, elementwise_affine=True)
      (mlp): Mlp(
        (fc1): Linear(in_features=1024, out_features=4096, bias=True)
        (act): GELU(approximate='none')
        (fc2): Linear(in_features=4096, out_features=1024, bias=True)
        (drop): Dropout(p=0.0, inplace=False)
      )
    )
    (5): Block(
      (norm1): LayerNorm((1024,), eps=1e-06, elementwise_affine=True)
      (attn): Attention(
        (qkv): Linear(in_features=1024, out_features=3072, bias=False)
        (attn_drop): Dropout(p=0.0, inplace=False)
        (proj): Linear(in_features=1024, out_features=1024, bias=True)
        (proj_drop): Dropout(p=0.0, inplace=False)
      )
      (drop_path): DropPath(p=0.021739132702350616)
      (norm2): LayerNorm((1024,), eps=1e-06, elementwise_affine=True)
      (mlp): Mlp(
        (fc1): Linear(in_features=1024, out_features=4096, bias=True)
        (act): GELU(approximate='none')
        (fc2): Linear(in_features=4096, out_features=1024, bias=True)
        (drop): Dropout(p=0.0, inplace=False)
      )
    )
    (6): Block(
      (norm1): LayerNorm((1024,), eps=1e-06, elementwise_affine=True)
      (attn): Attention(
        (qkv): Linear(in_features=1024, out_features=3072, bias=False)
        (attn_drop): Dropout(p=0.0, inplace=False)
        (proj): Linear(in_features=1024, out_features=1024, bias=True)
        (proj_drop): Dropout(p=0.0, inplace=False)
      )
      (drop_path): DropPath(p=0.02608695812523365)
      (norm2): LayerNorm((1024,), eps=1e-06, elementwise_affine=True)
      (mlp): Mlp(
        (fc1): Linear(in_features=1024, out_features=4096, bias=True)
        (act): GELU(approximate='none')
        (fc2): Linear(in_features=4096, out_features=1024, bias=True)
        (drop): Dropout(p=0.0, inplace=False)
      )
    )
    (7): Block(
      (norm1): LayerNorm((1024,), eps=1e-06, elementwise_affine=True)
      (attn): Attention(
        (qkv): Linear(in_features=1024, out_features=3072, bias=False)
        (attn_drop): Dropout(p=0.0, inplace=False)
        (proj): Linear(in_features=1024, out_features=1024, bias=True)
        (proj_drop): Dropout(p=0.0, inplace=False)
      )
      (drop_path): DropPath(p=0.030434783548116684)
      (norm2): LayerNorm((1024,), eps=1e-06, elementwise_affine=True)
      (mlp): Mlp(
        (fc1): Linear(in_features=1024, out_features=4096, bias=True)
        (act): GELU(approximate='none')
        (fc2): Linear(in_features=4096, out_features=1024, bias=True)
        (drop): Dropout(p=0.0, inplace=False)
      )
    )
    (8): Block(
      (norm1): LayerNorm((1024,), eps=1e-06, elementwise_affine=True)
      (attn): Attention(
        (qkv): Linear(in_features=1024, out_features=3072, bias=False)
        (attn_drop): Dropout(p=0.0, inplace=False)
        (proj): Linear(in_features=1024, out_features=1024, bias=True)
        (proj_drop): Dropout(p=0.0, inplace=False)
      )
      (drop_path): DropPath(p=0.03478261083364487)
      (norm2): LayerNorm((1024,), eps=1e-06, elementwise_affine=True)
      (mlp): Mlp(
        (fc1): Linear(in_features=1024, out_features=4096, bias=True)
        (act): GELU(approximate='none')
        (fc2): Linear(in_features=4096, out_features=1024, bias=True)
        (drop): Dropout(p=0.0, inplace=False)
      )
    )
    (9): Block(
      (norm1): LayerNorm((1024,), eps=1e-06, elementwise_affine=True)
      (attn): Attention(
        (qkv): Linear(in_features=1024, out_features=3072, bias=False)
        (attn_drop): Dropout(p=0.0, inplace=False)
        (proj): Linear(in_features=1024, out_features=1024, bias=True)
        (proj_drop): Dropout(p=0.0, inplace=False)
      )
      (drop_path): DropPath(p=0.03913043811917305)
      (norm2): LayerNorm((1024,), eps=1e-06, elementwise_affine=True)
      (mlp): Mlp(
        (fc1): Linear(in_features=1024, out_features=4096, bias=True)
        (act): GELU(approximate='none')
        (fc2): Linear(in_features=4096, out_features=1024, bias=True)
        (drop): Dropout(p=0.0, inplace=False)
      )
    )
    (10): Block(
      (norm1): LayerNorm((1024,), eps=1e-06, elementwise_affine=True)
      (attn): Attention(
        (qkv): Linear(in_features=1024, out_features=3072, bias=False)
        (attn_drop): Dropout(p=0.0, inplace=False)
        (proj): Linear(in_features=1024, out_features=1024, bias=True)
        (proj_drop): Dropout(p=0.0, inplace=False)
      )
      (drop_path): DropPath(p=0.04347826540470123)
      (norm2): LayerNorm((1024,), eps=1e-06, elementwise_affine=True)
      (mlp): Mlp(
        (fc1): Linear(in_features=1024, out_features=4096, bias=True)
        (act): GELU(approximate='none')
        (fc2): Linear(in_features=4096, out_features=1024, bias=True)
        (drop): Dropout(p=0.0, inplace=False)
      )
    )
    (11): Block(
      (norm1): LayerNorm((1024,), eps=1e-06, elementwise_affine=True)
      (attn): Attention(
        (qkv): Linear(in_features=1024, out_features=3072, bias=False)
        (attn_drop): Dropout(p=0.0, inplace=False)
        (proj): Linear(in_features=1024, out_features=1024, bias=True)
        (proj_drop): Dropout(p=0.0, inplace=False)
      )
      (drop_path): DropPath(p=0.04782608896493912)
      (norm2): LayerNorm((1024,), eps=1e-06, elementwise_affine=True)
      (mlp): Mlp(
        (fc1): Linear(in_features=1024, out_features=4096, bias=True)
        (act): GELU(approximate='none')
        (fc2): Linear(in_features=4096, out_features=1024, bias=True)
        (drop): Dropout(p=0.0, inplace=False)
      )
    )
    (12): Block(
      (norm1): LayerNorm((1024,), eps=1e-06, elementwise_affine=True)
      (attn): Attention(
        (qkv): Linear(in_features=1024, out_features=3072, bias=False)
        (attn_drop): Dropout(p=0.0, inplace=False)
        (proj): Linear(in_features=1024, out_features=1024, bias=True)
        (proj_drop): Dropout(p=0.0, inplace=False)
      )
      (drop_path): DropPath(p=0.052173912525177)
      (norm2): LayerNorm((1024,), eps=1e-06, elementwise_affine=True)
      (mlp): Mlp(
        (fc1): Linear(in_features=1024, out_features=4096, bias=True)
        (act): GELU(approximate='none')
        (fc2): Linear(in_features=4096, out_features=1024, bias=True)
        (drop): Dropout(p=0.0, inplace=False)
      )
    )
    (13): Block(
      (norm1): LayerNorm((1024,), eps=1e-06, elementwise_affine=True)
      (attn): Attention(
        (qkv): Linear(in_features=1024, out_features=3072, bias=False)
        (attn_drop): Dropout(p=0.0, inplace=False)
        (proj): Linear(in_features=1024, out_features=1024, bias=True)
        (proj_drop): Dropout(p=0.0, inplace=False)
      )
      (drop_path): DropPath(p=0.056521736085414886)
      (norm2): LayerNorm((1024,), eps=1e-06, elementwise_affine=True)
      (mlp): Mlp(
        (fc1): Linear(in_features=1024, out_features=4096, bias=True)
        (act): GELU(approximate='none')
        (fc2): Linear(in_features=4096, out_features=1024, bias=True)
        (drop): Dropout(p=0.0, inplace=False)
      )
    )
    (14): Block(
      (norm1): LayerNorm((1024,), eps=1e-06, elementwise_affine=True)
      (attn): Attention(
        (qkv): Linear(in_features=1024, out_features=3072, bias=False)
        (attn_drop): Dropout(p=0.0, inplace=False)
        (proj): Linear(in_features=1024, out_features=1024, bias=True)
        (proj_drop): Dropout(p=0.0, inplace=False)
      )
      (drop_path): DropPath(p=0.06086956337094307)
      (norm2): LayerNorm((1024,), eps=1e-06, elementwise_affine=True)
      (mlp): Mlp(
        (fc1): Linear(in_features=1024, out_features=4096, bias=True)
        (act): GELU(approximate='none')
        (fc2): Linear(in_features=4096, out_features=1024, bias=True)
        (drop): Dropout(p=0.0, inplace=False)
      )
    )
    (15): Block(
      (norm1): LayerNorm((1024,), eps=1e-06, elementwise_affine=True)
      (attn): Attention(
        (qkv): Linear(in_features=1024, out_features=3072, bias=False)
        (attn_drop): Dropout(p=0.0, inplace=False)
        (proj): Linear(in_features=1024, out_features=1024, bias=True)
        (proj_drop): Dropout(p=0.0, inplace=False)
      )
      (drop_path): DropPath(p=0.06521739065647125)
      (norm2): LayerNorm((1024,), eps=1e-06, elementwise_affine=True)
      (mlp): Mlp(
        (fc1): Linear(in_features=1024, out_features=4096, bias=True)
        (act): GELU(approximate='none')
        (fc2): Linear(in_features=4096, out_features=1024, bias=True)
        (drop): Dropout(p=0.0, inplace=False)
      )
    )
    (16): Block(
      (norm1): LayerNorm((1024,), eps=1e-06, elementwise_affine=True)
      (attn): Attention(
        (qkv): Linear(in_features=1024, out_features=3072, bias=False)
        (attn_drop): Dropout(p=0.0, inplace=False)
        (proj): Linear(in_features=1024, out_features=1024, bias=True)
        (proj_drop): Dropout(p=0.0, inplace=False)
      )
      (drop_path): DropPath(p=0.06956521421670914)
      (norm2): LayerNorm((1024,), eps=1e-06, elementwise_affine=True)
      (mlp): Mlp(
        (fc1): Linear(in_features=1024, out_features=4096, bias=True)
        (act): GELU(approximate='none')
        (fc2): Linear(in_features=4096, out_features=1024, bias=True)
        (drop): Dropout(p=0.0, inplace=False)
      )
    )
    (17): Block(
      (norm1): LayerNorm((1024,), eps=1e-06, elementwise_affine=True)
      (attn): Attention(
        (qkv): Linear(in_features=1024, out_features=3072, bias=False)
        (attn_drop): Dropout(p=0.0, inplace=False)
        (proj): Linear(in_features=1024, out_features=1024, bias=True)
        (proj_drop): Dropout(p=0.0, inplace=False)
      )
      (drop_path): DropPath(p=0.07391304522752762)
      (norm2): LayerNorm((1024,), eps=1e-06, elementwise_affine=True)
      (mlp): Mlp(
        (fc1): Linear(in_features=1024, out_features=4096, bias=True)
        (act): GELU(approximate='none')
        (fc2): Linear(in_features=4096, out_features=1024, bias=True)
        (drop): Dropout(p=0.0, inplace=False)
      )
    )
    (18): Block(
      (norm1): LayerNorm((1024,), eps=1e-06, elementwise_affine=True)
      (attn): Attention(
        (qkv): Linear(in_features=1024, out_features=3072, bias=False)
        (attn_drop): Dropout(p=0.0, inplace=False)
        (proj): Linear(in_features=1024, out_features=1024, bias=True)
        (proj_drop): Dropout(p=0.0, inplace=False)
      )
      (drop_path): DropPath(p=0.0782608687877655)
      (norm2): LayerNorm((1024,), eps=1e-06, elementwise_affine=True)
      (mlp): Mlp(
        (fc1): Linear(in_features=1024, out_features=4096, bias=True)
        (act): GELU(approximate='none')
        (fc2): Linear(in_features=4096, out_features=1024, bias=True)
        (drop): Dropout(p=0.0, inplace=False)
      )
    )
    (19): Block(
      (norm1): LayerNorm((1024,), eps=1e-06, elementwise_affine=True)
      (attn): Attention(
        (qkv): Linear(in_features=1024, out_features=3072, bias=False)
        (attn_drop): Dropout(p=0.0, inplace=False)
        (proj): Linear(in_features=1024, out_features=1024, bias=True)
        (proj_drop): Dropout(p=0.0, inplace=False)
      )
      (drop_path): DropPath(p=0.08260869979858398)
      (norm2): LayerNorm((1024,), eps=1e-06, elementwise_affine=True)
      (mlp): Mlp(
        (fc1): Linear(in_features=1024, out_features=4096, bias=True)
        (act): GELU(approximate='none')
        (fc2): Linear(in_features=4096, out_features=1024, bias=True)
        (drop): Dropout(p=0.0, inplace=False)
      )
    )
    (20): Block(
      (norm1): LayerNorm((1024,), eps=1e-06, elementwise_affine=True)
      (attn): Attention(
        (qkv): Linear(in_features=1024, out_features=3072, bias=False)
        (attn_drop): Dropout(p=0.0, inplace=False)
        (proj): Linear(in_features=1024, out_features=1024, bias=True)
        (proj_drop): Dropout(p=0.0, inplace=False)
      )
      (drop_path): DropPath(p=0.08695652335882187)
      (norm2): LayerNorm((1024,), eps=1e-06, elementwise_affine=True)
      (mlp): Mlp(
        (fc1): Linear(in_features=1024, out_features=4096, bias=True)
        (act): GELU(approximate='none')
        (fc2): Linear(in_features=4096, out_features=1024, bias=True)
        (drop): Dropout(p=0.0, inplace=False)
      )
    )
    (21): Block(
      (norm1): LayerNorm((1024,), eps=1e-06, elementwise_affine=True)
      (attn): Attention(
        (qkv): Linear(in_features=1024, out_features=3072, bias=False)
        (attn_drop): Dropout(p=0.0, inplace=False)
        (proj): Linear(in_features=1024, out_features=1024, bias=True)
        (proj_drop): Dropout(p=0.0, inplace=False)
      )
      (drop_path): DropPath(p=0.09130434691905975)
      (norm2): LayerNorm((1024,), eps=1e-06, elementwise_affine=True)
      (mlp): Mlp(
        (fc1): Linear(in_features=1024, out_features=4096, bias=True)
        (act): GELU(approximate='none')
        (fc2): Linear(in_features=4096, out_features=1024, bias=True)
        (drop): Dropout(p=0.0, inplace=False)
      )
    )
    (22): Block(
      (norm1): LayerNorm((1024,), eps=1e-06, elementwise_affine=True)
      (attn): Attention(
        (qkv): Linear(in_features=1024, out_features=3072, bias=False)
        (attn_drop): Dropout(p=0.0, inplace=False)
        (proj): Linear(in_features=1024, out_features=1024, bias=True)
        (proj_drop): Dropout(p=0.0, inplace=False)
      )
      (drop_path): DropPath(p=0.09565217792987823)
      (norm2): LayerNorm((1024,), eps=1e-06, elementwise_affine=True)
      (mlp): Mlp(
        (fc1): Linear(in_features=1024, out_features=4096, bias=True)
        (act): GELU(approximate='none')
        (fc2): Linear(in_features=4096, out_features=1024, bias=True)
        (drop): Dropout(p=0.0, inplace=False)
      )
    )
    (23): Block(
      (norm1): LayerNorm((1024,), eps=1e-06, elementwise_affine=True)
      (attn): Attention(
        (qkv): Linear(in_features=1024, out_features=3072, bias=False)
        (attn_drop): Dropout(p=0.0, inplace=False)
        (proj): Linear(in_features=1024, out_features=1024, bias=True)
        (proj_drop): Dropout(p=0.0, inplace=False)
      )
      (drop_path): DropPath(p=0.10000000149011612)
      (norm2): LayerNorm((1024,), eps=1e-06, elementwise_affine=True)
      (mlp): Mlp(
        (fc1): Linear(in_features=1024, out_features=4096, bias=True)
        (act): GELU(approximate='none')
        (fc2): Linear(in_features=4096, out_features=1024, bias=True)
        (drop): Dropout(p=0.0, inplace=False)
      )
    )
  )
  (norm): LayerNorm((1024,), eps=1e-06, elementwise_affine=True)
  (head): Linear(in_features=1024, out_features=1000, bias=True)
)
normalization method:  imagenet
  [CP] N_k=413 · 학습 파라미터 backbone 25.2M (blocks (22, 23) + norm) + head 0.4M · drop_path(22,23)=[0.09565217792987823, 0.10000000149011612] · batch=32×accum=1 · epochs=150
normalization method:  imagenet
  [CP] oral_diseases fold11 ep001/150 loss=6.1166 lr=6.67e-06 (3s) · head-only
  [CP] oral_diseases fold11 ep002/150 loss=6.1058 lr=1.33e-05 (3s) · head-only
  [CP] oral_diseases fold11 ep003/150 loss=6.1041 lr=2.00e-05 (3s) · head-only
  [CP] oral_diseases fold11 ep010/150 loss=5.9563 lr=6.67e-05 (3s)
  [CP] oral_diseases fold11 ep020/150 loss=4.6637 lr=9.98e-05 (3s)
  [CP] oral_diseases fold11 ep030/150 loss=3.6559 lr=9.74e-05 (3s)
  [CP] oral_diseases fold11 ep040/150 loss=3.3018 lr=9.24e-05 (3s)
  [CP] oral_diseases fold11 ep050/150 loss=3.0977 lr=8.51e-05 (3s)
  [CP] oral_diseases fold11 ep060/150 loss=2.9792 lr=7.60e-05 (3s)
  [CP] oral_diseases fold11 ep070/150 loss=2.8764 lr=6.55e-05 (3s)
  [CP] oral_diseases fold11 ep080/150 loss=2.8774 lr=5.41e-05 (3s)
  [CP] oral_diseases fold11 ep090/150 loss=2.8038 lr=4.25e-05 (3s)
  [CP] oral_diseases fold11 ep100/150 loss=2.7942 lr=3.13e-05 (3s)
  [CP] oral_diseases fold11 ep110/150 loss=2.7525 lr=2.11e-05 (3s)
  [CP] oral_diseases fold11 ep120/150 loss=2.7471 lr=1.25e-05 (3s)
  [CP] oral_diseases fold11 ep130/150 loss=2.7633 lr=5.85e-06 (3s)
  [CP] oral_diseases fold11 ep140/150 loss=2.7710 lr=1.63e-06 (3s)
  [CP] oral_diseases fold11 ep150/150 loss=2.8397 lr=1.35e-08 (3s)
  [CP] 완료 150 ep · 3.0s/ep · final_loss=2.8397 · GPU peak 2351 MB
normalization method:  imagenet
normalization method:  imagenet
  [extract] 원본 (516, 1024) → w10_cp_feats_oral_diseases_fold11.npy (7s)
normalization method:  imagenet
  [extract] 증강 copy 0 (7s)
  [extract] 증강 copy 1 (7s)
  [extract] 증강 copy 2 (7s)
  [extract] 증강 copy 3 (7s)
  [extract] 증강 (4, 516, 1024) → w10_cp_augfeats_oral_diseases_fold11.npy · copy0 코사인 0.8498
    A0cp fold11: BACC=0.6963 MAE=0.6893 MAE_true=0.6952
    A1cp fold11: BACC=0.6725 MAE=0.6796 MAE_true=0.7096
    A2cp fold11: BACC=0.6888 MAE=0.6990 MAE_true=0.7027
    A3cp fold11: BACC=0.6616 MAE=0.6311 MAE_true=0.6620
    A4cp fold11: BACC=0.6844 MAE=0.6699 MAE_true=0.6977

==============================================================
arm      n_fold     BACC      MCC      MAE  MAE_true
A0cp         12   0.7490   0.7128   0.4416    0.4442
A1cp         12   0.7477   0.7128   0.4585    0.4676
A2cp         12   0.7514   0.7147   0.4360    0.4382
A3cp         12   0.7263   0.6870   0.5085    0.5161
A4cp         12   0.7485   0.7121   0.4665    0.4738
==============================================================

총 8.2 분 · 저장: /home/junkim/paper_ajou_dev/PanDerm/output_dir/p6_regime_f/w10_cp_fold_scores_oral_diseases.csv
🔬 w10 E1 (탐색적 · 사후) · 프로토콜 docs/date/2026-09-03_12th_meeting/research_note/w10_unconstrained_methods_protocol.md §3
device=cuda · dataset=oral_diseases · folds=[12] · stage=all · epochs=150 · batch=32×1 · prefix=w10_
→ /home/junkim/paper_ajou_dev/PanDerm/output_dir/p6_regime_f/w10_cp_fold_scores_oral_diseases.csv

=== oral_diseases · fold 12 (train 413 / test 103) ===
/home/junkim/miniconda3/envs/paper/lib/python3.11/site-packages/timm/models/layers/__init__.py:49: FutureWarning: Importing from timm.models.layers is deprecated, please import via timm.layers
  warnings.warn(f"Importing from {__name__} is deprecated, please import via timm.layers", FutureWarning)
/home/junkim/miniconda3/envs/paper/lib/python3.11/site-packages/timm/models/registry.py:4: FutureWarning: Importing from timm.models.registry is deprecated, please import via timm.models
  warnings.warn(f"Importing from {__name__} is deprecated, please import via timm.models", FutureWarning)
/home/junkim/miniconda3/envs/paper/lib/python3.11/site-packages/torch/functional.py:534: UserWarning: torch.meshgrid: in an upcoming release, it will be required to pass the indexing argument. (Triggered internally at ../aten/src/ATen/native/TensorShape.cpp:3595.)
  return _VF.meshgrid(tensors, **kwargs)  # type: ignore[attr-defined]
loading model checkpoint
VisionTransformer(
  (patch_embed): PatchEmbed(
    (proj): Conv2d(3, 1024, kernel_size=(16, 16), stride=(16, 16))
  )
  (pos_drop): Dropout(p=0.0, inplace=False)
  (blocks): ModuleList(
    (0): Block(
      (norm1): LayerNorm((1024,), eps=1e-06, elementwise_affine=True)
      (attn): Attention(
        (qkv): Linear(in_features=1024, out_features=3072, bias=False)
        (attn_drop): Dropout(p=0.0, inplace=False)
        (proj): Linear(in_features=1024, out_features=1024, bias=True)
        (proj_drop): Dropout(p=0.0, inplace=False)
      )
      (drop_path): Identity()
      (norm2): LayerNorm((1024,), eps=1e-06, elementwise_affine=True)
      (mlp): Mlp(
        (fc1): Linear(in_features=1024, out_features=4096, bias=True)
        (act): GELU(approximate='none')
        (fc2): Linear(in_features=4096, out_features=1024, bias=True)
        (drop): Dropout(p=0.0, inplace=False)
      )
    )
    (1): Block(
      (norm1): LayerNorm((1024,), eps=1e-06, elementwise_affine=True)
      (attn): Attention(
        (qkv): Linear(in_features=1024, out_features=3072, bias=False)
        (attn_drop): Dropout(p=0.0, inplace=False)
        (proj): Linear(in_features=1024, out_features=1024, bias=True)
        (proj_drop): Dropout(p=0.0, inplace=False)
      )
      (drop_path): DropPath(p=0.004347826354205608)
      (norm2): LayerNorm((1024,), eps=1e-06, elementwise_affine=True)
      (mlp): Mlp(
        (fc1): Linear(in_features=1024, out_features=4096, bias=True)
        (act): GELU(approximate='none')
        (fc2): Linear(in_features=4096, out_features=1024, bias=True)
        (drop): Dropout(p=0.0, inplace=False)
      )
    )
    (2): Block(
      (norm1): LayerNorm((1024,), eps=1e-06, elementwise_affine=True)
      (attn): Attention(
        (qkv): Linear(in_features=1024, out_features=3072, bias=False)
        (attn_drop): Dropout(p=0.0, inplace=False)
        (proj): Linear(in_features=1024, out_features=1024, bias=True)
        (proj_drop): Dropout(p=0.0, inplace=False)
      )
      (drop_path): DropPath(p=0.008695652708411217)
      (norm2): LayerNorm((1024,), eps=1e-06, elementwise_affine=True)
      (mlp): Mlp(
        (fc1): Linear(in_features=1024, out_features=4096, bias=True)
        (act): GELU(approximate='none')
        (fc2): Linear(in_features=4096, out_features=1024, bias=True)
        (drop): Dropout(p=0.0, inplace=False)
      )
    )
    (3): Block(
      (norm1): LayerNorm((1024,), eps=1e-06, elementwise_affine=True)
      (attn): Attention(
        (qkv): Linear(in_features=1024, out_features=3072, bias=False)
        (attn_drop): Dropout(p=0.0, inplace=False)
        (proj): Linear(in_features=1024, out_features=1024, bias=True)
        (proj_drop): Dropout(p=0.0, inplace=False)
      )
      (drop_path): DropPath(p=0.013043479062616825)
      (norm2): LayerNorm((1024,), eps=1e-06, elementwise_affine=True)
      (mlp): Mlp(
        (fc1): Linear(in_features=1024, out_features=4096, bias=True)
        (act): GELU(approximate='none')
        (fc2): Linear(in_features=4096, out_features=1024, bias=True)
        (drop): Dropout(p=0.0, inplace=False)
      )
    )
    (4): Block(
      (norm1): LayerNorm((1024,), eps=1e-06, elementwise_affine=True)
      (attn): Attention(
        (qkv): Linear(in_features=1024, out_features=3072, bias=False)
        (attn_drop): Dropout(p=0.0, inplace=False)
        (proj): Linear(in_features=1024, out_features=1024, bias=True)
        (proj_drop): Dropout(p=0.0, inplace=False)
      )
      (drop_path): DropPath(p=0.017391305416822433)
      (norm2): LayerNorm((1024,), eps=1e-06, elementwise_affine=True)
      (mlp): Mlp(
        (fc1): Linear(in_features=1024, out_features=4096, bias=True)
        (act): GELU(approximate='none')
        (fc2): Linear(in_features=4096, out_features=1024, bias=True)
        (drop): Dropout(p=0.0, inplace=False)
      )
    )
    (5): Block(
      (norm1): LayerNorm((1024,), eps=1e-06, elementwise_affine=True)
      (attn): Attention(
        (qkv): Linear(in_features=1024, out_features=3072, bias=False)
        (attn_drop): Dropout(p=0.0, inplace=False)
        (proj): Linear(in_features=1024, out_features=1024, bias=True)
        (proj_drop): Dropout(p=0.0, inplace=False)
      )
      (drop_path): DropPath(p=0.021739132702350616)
      (norm2): LayerNorm((1024,), eps=1e-06, elementwise_affine=True)
      (mlp): Mlp(
        (fc1): Linear(in_features=1024, out_features=4096, bias=True)
        (act): GELU(approximate='none')
        (fc2): Linear(in_features=4096, out_features=1024, bias=True)
        (drop): Dropout(p=0.0, inplace=False)
      )
    )
    (6): Block(
      (norm1): LayerNorm((1024,), eps=1e-06, elementwise_affine=True)
      (attn): Attention(
        (qkv): Linear(in_features=1024, out_features=3072, bias=False)
        (attn_drop): Dropout(p=0.0, inplace=False)
        (proj): Linear(in_features=1024, out_features=1024, bias=True)
        (proj_drop): Dropout(p=0.0, inplace=False)
      )
      (drop_path): DropPath(p=0.02608695812523365)
      (norm2): LayerNorm((1024,), eps=1e-06, elementwise_affine=True)
      (mlp): Mlp(
        (fc1): Linear(in_features=1024, out_features=4096, bias=True)
        (act): GELU(approximate='none')
        (fc2): Linear(in_features=4096, out_features=1024, bias=True)
        (drop): Dropout(p=0.0, inplace=False)
      )
    )
    (7): Block(
      (norm1): LayerNorm((1024,), eps=1e-06, elementwise_affine=True)
      (attn): Attention(
        (qkv): Linear(in_features=1024, out_features=3072, bias=False)
        (attn_drop): Dropout(p=0.0, inplace=False)
        (proj): Linear(in_features=1024, out_features=1024, bias=True)
        (proj_drop): Dropout(p=0.0, inplace=False)
      )
      (drop_path): DropPath(p=0.030434783548116684)
      (norm2): LayerNorm((1024,), eps=1e-06, elementwise_affine=True)
      (mlp): Mlp(
        (fc1): Linear(in_features=1024, out_features=4096, bias=True)
        (act): GELU(approximate='none')
        (fc2): Linear(in_features=4096, out_features=1024, bias=True)
        (drop): Dropout(p=0.0, inplace=False)
      )
    )
    (8): Block(
      (norm1): LayerNorm((1024,), eps=1e-06, elementwise_affine=True)
      (attn): Attention(
        (qkv): Linear(in_features=1024, out_features=3072, bias=False)
        (attn_drop): Dropout(p=0.0, inplace=False)
        (proj): Linear(in_features=1024, out_features=1024, bias=True)
        (proj_drop): Dropout(p=0.0, inplace=False)
      )
      (drop_path): DropPath(p=0.03478261083364487)
      (norm2): LayerNorm((1024,), eps=1e-06, elementwise_affine=True)
      (mlp): Mlp(
        (fc1): Linear(in_features=1024, out_features=4096, bias=True)
        (act): GELU(approximate='none')
        (fc2): Linear(in_features=4096, out_features=1024, bias=True)
        (drop): Dropout(p=0.0, inplace=False)
      )
    )
    (9): Block(
      (norm1): LayerNorm((1024,), eps=1e-06, elementwise_affine=True)
      (attn): Attention(
        (qkv): Linear(in_features=1024, out_features=3072, bias=False)
        (attn_drop): Dropout(p=0.0, inplace=False)
        (proj): Linear(in_features=1024, out_features=1024, bias=True)
        (proj_drop): Dropout(p=0.0, inplace=False)
      )
      (drop_path): DropPath(p=0.03913043811917305)
      (norm2): LayerNorm((1024,), eps=1e-06, elementwise_affine=True)
      (mlp): Mlp(
        (fc1): Linear(in_features=1024, out_features=4096, bias=True)
        (act): GELU(approximate='none')
        (fc2): Linear(in_features=4096, out_features=1024, bias=True)
        (drop): Dropout(p=0.0, inplace=False)
      )
    )
    (10): Block(
      (norm1): LayerNorm((1024,), eps=1e-06, elementwise_affine=True)
      (attn): Attention(
        (qkv): Linear(in_features=1024, out_features=3072, bias=False)
        (attn_drop): Dropout(p=0.0, inplace=False)
        (proj): Linear(in_features=1024, out_features=1024, bias=True)
        (proj_drop): Dropout(p=0.0, inplace=False)
      )
      (drop_path): DropPath(p=0.04347826540470123)
      (norm2): LayerNorm((1024,), eps=1e-06, elementwise_affine=True)
      (mlp): Mlp(
        (fc1): Linear(in_features=1024, out_features=4096, bias=True)
        (act): GELU(approximate='none')
        (fc2): Linear(in_features=4096, out_features=1024, bias=True)
        (drop): Dropout(p=0.0, inplace=False)
      )
    )
    (11): Block(
      (norm1): LayerNorm((1024,), eps=1e-06, elementwise_affine=True)
      (attn): Attention(
        (qkv): Linear(in_features=1024, out_features=3072, bias=False)
        (attn_drop): Dropout(p=0.0, inplace=False)
        (proj): Linear(in_features=1024, out_features=1024, bias=True)
        (proj_drop): Dropout(p=0.0, inplace=False)
      )
      (drop_path): DropPath(p=0.04782608896493912)
      (norm2): LayerNorm((1024,), eps=1e-06, elementwise_affine=True)
      (mlp): Mlp(
        (fc1): Linear(in_features=1024, out_features=4096, bias=True)
        (act): GELU(approximate='none')
        (fc2): Linear(in_features=4096, out_features=1024, bias=True)
        (drop): Dropout(p=0.0, inplace=False)
      )
    )
    (12): Block(
      (norm1): LayerNorm((1024,), eps=1e-06, elementwise_affine=True)
      (attn): Attention(
        (qkv): Linear(in_features=1024, out_features=3072, bias=False)
        (attn_drop): Dropout(p=0.0, inplace=False)
        (proj): Linear(in_features=1024, out_features=1024, bias=True)
        (proj_drop): Dropout(p=0.0, inplace=False)
      )
      (drop_path): DropPath(p=0.052173912525177)
      (norm2): LayerNorm((1024,), eps=1e-06, elementwise_affine=True)
      (mlp): Mlp(
        (fc1): Linear(in_features=1024, out_features=4096, bias=True)
        (act): GELU(approximate='none')
        (fc2): Linear(in_features=4096, out_features=1024, bias=True)
        (drop): Dropout(p=0.0, inplace=False)
      )
    )
    (13): Block(
      (norm1): LayerNorm((1024,), eps=1e-06, elementwise_affine=True)
      (attn): Attention(
        (qkv): Linear(in_features=1024, out_features=3072, bias=False)
        (attn_drop): Dropout(p=0.0, inplace=False)
        (proj): Linear(in_features=1024, out_features=1024, bias=True)
        (proj_drop): Dropout(p=0.0, inplace=False)
      )
      (drop_path): DropPath(p=0.056521736085414886)
      (norm2): LayerNorm((1024,), eps=1e-06, elementwise_affine=True)
      (mlp): Mlp(
        (fc1): Linear(in_features=1024, out_features=4096, bias=True)
        (act): GELU(approximate='none')
        (fc2): Linear(in_features=4096, out_features=1024, bias=True)
        (drop): Dropout(p=0.0, inplace=False)
      )
    )
    (14): Block(
      (norm1): LayerNorm((1024,), eps=1e-06, elementwise_affine=True)
      (attn): Attention(
        (qkv): Linear(in_features=1024, out_features=3072, bias=False)
        (attn_drop): Dropout(p=0.0, inplace=False)
        (proj): Linear(in_features=1024, out_features=1024, bias=True)
        (proj_drop): Dropout(p=0.0, inplace=False)
      )
      (drop_path): DropPath(p=0.06086956337094307)
      (norm2): LayerNorm((1024,), eps=1e-06, elementwise_affine=True)
      (mlp): Mlp(
        (fc1): Linear(in_features=1024, out_features=4096, bias=True)
        (act): GELU(approximate='none')
        (fc2): Linear(in_features=4096, out_features=1024, bias=True)
        (drop): Dropout(p=0.0, inplace=False)
      )
    )
    (15): Block(
      (norm1): LayerNorm((1024,), eps=1e-06, elementwise_affine=True)
      (attn): Attention(
        (qkv): Linear(in_features=1024, out_features=3072, bias=False)
        (attn_drop): Dropout(p=0.0, inplace=False)
        (proj): Linear(in_features=1024, out_features=1024, bias=True)
        (proj_drop): Dropout(p=0.0, inplace=False)
      )
      (drop_path): DropPath(p=0.06521739065647125)
      (norm2): LayerNorm((1024,), eps=1e-06, elementwise_affine=True)
      (mlp): Mlp(
        (fc1): Linear(in_features=1024, out_features=4096, bias=True)
        (act): GELU(approximate='none')
        (fc2): Linear(in_features=4096, out_features=1024, bias=True)
        (drop): Dropout(p=0.0, inplace=False)
      )
    )
    (16): Block(
      (norm1): LayerNorm((1024,), eps=1e-06, elementwise_affine=True)
      (attn): Attention(
        (qkv): Linear(in_features=1024, out_features=3072, bias=False)
        (attn_drop): Dropout(p=0.0, inplace=False)
        (proj): Linear(in_features=1024, out_features=1024, bias=True)
        (proj_drop): Dropout(p=0.0, inplace=False)
      )
      (drop_path): DropPath(p=0.06956521421670914)
      (norm2): LayerNorm((1024,), eps=1e-06, elementwise_affine=True)
      (mlp): Mlp(
        (fc1): Linear(in_features=1024, out_features=4096, bias=True)
        (act): GELU(approximate='none')
        (fc2): Linear(in_features=4096, out_features=1024, bias=True)
        (drop): Dropout(p=0.0, inplace=False)
      )
    )
    (17): Block(
      (norm1): LayerNorm((1024,), eps=1e-06, elementwise_affine=True)
      (attn): Attention(
        (qkv): Linear(in_features=1024, out_features=3072, bias=False)
        (attn_drop): Dropout(p=0.0, inplace=False)
        (proj): Linear(in_features=1024, out_features=1024, bias=True)
        (proj_drop): Dropout(p=0.0, inplace=False)
      )
      (drop_path): DropPath(p=0.07391304522752762)
      (norm2): LayerNorm((1024,), eps=1e-06, elementwise_affine=True)
      (mlp): Mlp(
        (fc1): Linear(in_features=1024, out_features=4096, bias=True)
        (act): GELU(approximate='none')
        (fc2): Linear(in_features=4096, out_features=1024, bias=True)
        (drop): Dropout(p=0.0, inplace=False)
      )
    )
    (18): Block(
      (norm1): LayerNorm((1024,), eps=1e-06, elementwise_affine=True)
      (attn): Attention(
        (qkv): Linear(in_features=1024, out_features=3072, bias=False)
        (attn_drop): Dropout(p=0.0, inplace=False)
        (proj): Linear(in_features=1024, out_features=1024, bias=True)
        (proj_drop): Dropout(p=0.0, inplace=False)
      )
      (drop_path): DropPath(p=0.0782608687877655)
      (norm2): LayerNorm((1024,), eps=1e-06, elementwise_affine=True)
      (mlp): Mlp(
        (fc1): Linear(in_features=1024, out_features=4096, bias=True)
        (act): GELU(approximate='none')
        (fc2): Linear(in_features=4096, out_features=1024, bias=True)
        (drop): Dropout(p=0.0, inplace=False)
      )
    )
    (19): Block(
      (norm1): LayerNorm((1024,), eps=1e-06, elementwise_affine=True)
      (attn): Attention(
        (qkv): Linear(in_features=1024, out_features=3072, bias=False)
        (attn_drop): Dropout(p=0.0, inplace=False)
        (proj): Linear(in_features=1024, out_features=1024, bias=True)
        (proj_drop): Dropout(p=0.0, inplace=False)
      )
      (drop_path): DropPath(p=0.08260869979858398)
      (norm2): LayerNorm((1024,), eps=1e-06, elementwise_affine=True)
      (mlp): Mlp(
        (fc1): Linear(in_features=1024, out_features=4096, bias=True)
        (act): GELU(approximate='none')
        (fc2): Linear(in_features=4096, out_features=1024, bias=True)
        (drop): Dropout(p=0.0, inplace=False)
      )
    )
    (20): Block(
      (norm1): LayerNorm((1024,), eps=1e-06, elementwise_affine=True)
      (attn): Attention(
        (qkv): Linear(in_features=1024, out_features=3072, bias=False)
        (attn_drop): Dropout(p=0.0, inplace=False)
        (proj): Linear(in_features=1024, out_features=1024, bias=True)
        (proj_drop): Dropout(p=0.0, inplace=False)
      )
      (drop_path): DropPath(p=0.08695652335882187)
      (norm2): LayerNorm((1024,), eps=1e-06, elementwise_affine=True)
      (mlp): Mlp(
        (fc1): Linear(in_features=1024, out_features=4096, bias=True)
        (act): GELU(approximate='none')
        (fc2): Linear(in_features=4096, out_features=1024, bias=True)
        (drop): Dropout(p=0.0, inplace=False)
      )
    )
    (21): Block(
      (norm1): LayerNorm((1024,), eps=1e-06, elementwise_affine=True)
      (attn): Attention(
        (qkv): Linear(in_features=1024, out_features=3072, bias=False)
        (attn_drop): Dropout(p=0.0, inplace=False)
        (proj): Linear(in_features=1024, out_features=1024, bias=True)
        (proj_drop): Dropout(p=0.0, inplace=False)
      )
      (drop_path): DropPath(p=0.09130434691905975)
      (norm2): LayerNorm((1024,), eps=1e-06, elementwise_affine=True)
      (mlp): Mlp(
        (fc1): Linear(in_features=1024, out_features=4096, bias=True)
        (act): GELU(approximate='none')
        (fc2): Linear(in_features=4096, out_features=1024, bias=True)
        (drop): Dropout(p=0.0, inplace=False)
      )
    )
    (22): Block(
      (norm1): LayerNorm((1024,), eps=1e-06, elementwise_affine=True)
      (attn): Attention(
        (qkv): Linear(in_features=1024, out_features=3072, bias=False)
        (attn_drop): Dropout(p=0.0, inplace=False)
        (proj): Linear(in_features=1024, out_features=1024, bias=True)
        (proj_drop): Dropout(p=0.0, inplace=False)
      )
      (drop_path): DropPath(p=0.09565217792987823)
      (norm2): LayerNorm((1024,), eps=1e-06, elementwise_affine=True)
      (mlp): Mlp(
        (fc1): Linear(in_features=1024, out_features=4096, bias=True)
        (act): GELU(approximate='none')
        (fc2): Linear(in_features=4096, out_features=1024, bias=True)
        (drop): Dropout(p=0.0, inplace=False)
      )
    )
    (23): Block(
      (norm1): LayerNorm((1024,), eps=1e-06, elementwise_affine=True)
      (attn): Attention(
        (qkv): Linear(in_features=1024, out_features=3072, bias=False)
        (attn_drop): Dropout(p=0.0, inplace=False)
        (proj): Linear(in_features=1024, out_features=1024, bias=True)
        (proj_drop): Dropout(p=0.0, inplace=False)
      )
      (drop_path): DropPath(p=0.10000000149011612)
      (norm2): LayerNorm((1024,), eps=1e-06, elementwise_affine=True)
      (mlp): Mlp(
        (fc1): Linear(in_features=1024, out_features=4096, bias=True)
        (act): GELU(approximate='none')
        (fc2): Linear(in_features=4096, out_features=1024, bias=True)
        (drop): Dropout(p=0.0, inplace=False)
      )
    )
  )
  (norm): LayerNorm((1024,), eps=1e-06, elementwise_affine=True)
  (head): Linear(in_features=1024, out_features=1000, bias=True)
)
normalization method:  imagenet
  [CP] N_k=413 · 학습 파라미터 backbone 25.2M (blocks (22, 23) + norm) + head 0.4M · drop_path(22,23)=[0.09565217792987823, 0.10000000149011612] · batch=32×accum=1 · epochs=150
normalization method:  imagenet
  [CP] oral_diseases fold12 ep001/150 loss=6.1202 lr=6.67e-06 (3s) · head-only
  [CP] oral_diseases fold12 ep002/150 loss=6.1153 lr=1.33e-05 (2s) · head-only
  [CP] oral_diseases fold12 ep003/150 loss=6.1068 lr=2.00e-05 (2s) · head-only
  [CP] oral_diseases fold12 ep010/150 loss=5.9549 lr=6.67e-05 (3s)
  [CP] oral_diseases fold12 ep020/150 loss=4.6588 lr=9.98e-05 (3s)
  [CP] oral_diseases fold12 ep030/150 loss=3.6940 lr=9.74e-05 (3s)
  [CP] oral_diseases fold12 ep040/150 loss=3.2763 lr=9.24e-05 (3s)
  [CP] oral_diseases fold12 ep050/150 loss=3.1150 lr=8.51e-05 (3s)
  [CP] oral_diseases fold12 ep060/150 loss=3.0007 lr=7.60e-05 (3s)
  [CP] oral_diseases fold12 ep070/150 loss=2.9327 lr=6.55e-05 (3s)
  [CP] oral_diseases fold12 ep080/150 loss=2.9216 lr=5.41e-05 (3s)
  [CP] oral_diseases fold12 ep090/150 loss=2.8222 lr=4.25e-05 (3s)
  [CP] oral_diseases fold12 ep100/150 loss=2.7985 lr=3.13e-05 (3s)
  [CP] oral_diseases fold12 ep110/150 loss=2.7801 lr=2.11e-05 (3s)
  [CP] oral_diseases fold12 ep120/150 loss=2.7622 lr=1.25e-05 (3s)
  [CP] oral_diseases fold12 ep130/150 loss=2.7767 lr=5.85e-06 (3s)
  [CP] oral_diseases fold12 ep140/150 loss=2.7700 lr=1.63e-06 (3s)
  [CP] oral_diseases fold12 ep150/150 loss=2.8361 lr=1.35e-08 (3s)
  [CP] 완료 150 ep · 3.0s/ep · final_loss=2.8361 · GPU peak 2351 MB
normalization method:  imagenet
normalization method:  imagenet
  [extract] 원본 (516, 1024) → w10_cp_feats_oral_diseases_fold12.npy (7s)
normalization method:  imagenet
  [extract] 증강 copy 0 (7s)
  [extract] 증강 copy 1 (7s)
  [extract] 증강 copy 2 (7s)
  [extract] 증강 copy 3 (7s)
  [extract] 증강 (4, 516, 1024) → w10_cp_augfeats_oral_diseases_fold12.npy · copy0 코사인 0.8394
    A0cp fold12: BACC=0.8229 MAE=0.3010 MAE_true=0.3082
    A1cp fold12: BACC=0.7568 MAE=0.4757 MAE_true=0.4550
    A2cp fold12: BACC=0.8229 MAE=0.3010 MAE_true=0.3082
    A3cp fold12: BACC=0.6936 MAE=0.5728 MAE_true=0.5911
    A4cp fold12: BACC=0.7413 MAE=0.4951 MAE_true=0.4705

==============================================================
arm      n_fold     BACC      MCC      MAE  MAE_true
A0cp         13   0.7547   0.7191   0.4308    0.4338
A1cp         13   0.7484   0.7123   0.4598    0.4666
A2cp         13   0.7569   0.7210   0.4256    0.4282
A3cp         13   0.7238   0.6841   0.5135    0.5219
A4cp         13   0.7479   0.7100   0.4687    0.4736
==============================================================

총 8.1 분 · 저장: /home/junkim/paper_ajou_dev/PanDerm/output_dir/p6_regime_f/w10_cp_fold_scores_oral_diseases.csv
🔬 w10 E1 (탐색적 · 사후) · 프로토콜 docs/date/2026-09-03_12th_meeting/research_note/w10_unconstrained_methods_protocol.md §3
device=cuda · dataset=oral_diseases · folds=[13] · stage=all · epochs=150 · batch=32×1 · prefix=w10_
→ /home/junkim/paper_ajou_dev/PanDerm/output_dir/p6_regime_f/w10_cp_fold_scores_oral_diseases.csv

=== oral_diseases · fold 13 (train 413 / test 103) ===
/home/junkim/miniconda3/envs/paper/lib/python3.11/site-packages/timm/models/layers/__init__.py:49: FutureWarning: Importing from timm.models.layers is deprecated, please import via timm.layers
  warnings.warn(f"Importing from {__name__} is deprecated, please import via timm.layers", FutureWarning)
/home/junkim/miniconda3/envs/paper/lib/python3.11/site-packages/timm/models/registry.py:4: FutureWarning: Importing from timm.models.registry is deprecated, please import via timm.models
  warnings.warn(f"Importing from {__name__} is deprecated, please import via timm.models", FutureWarning)
/home/junkim/miniconda3/envs/paper/lib/python3.11/site-packages/torch/functional.py:534: UserWarning: torch.meshgrid: in an upcoming release, it will be required to pass the indexing argument. (Triggered internally at ../aten/src/ATen/native/TensorShape.cpp:3595.)
  return _VF.meshgrid(tensors, **kwargs)  # type: ignore[attr-defined]
loading model checkpoint
VisionTransformer(
  (patch_embed): PatchEmbed(
    (proj): Conv2d(3, 1024, kernel_size=(16, 16), stride=(16, 16))
  )
  (pos_drop): Dropout(p=0.0, inplace=False)
  (blocks): ModuleList(
    (0): Block(
      (norm1): LayerNorm((1024,), eps=1e-06, elementwise_affine=True)
      (attn): Attention(
        (qkv): Linear(in_features=1024, out_features=3072, bias=False)
        (attn_drop): Dropout(p=0.0, inplace=False)
        (proj): Linear(in_features=1024, out_features=1024, bias=True)
        (proj_drop): Dropout(p=0.0, inplace=False)
      )
      (drop_path): Identity()
      (norm2): LayerNorm((1024,), eps=1e-06, elementwise_affine=True)
      (mlp): Mlp(
        (fc1): Linear(in_features=1024, out_features=4096, bias=True)
        (act): GELU(approximate='none')
        (fc2): Linear(in_features=4096, out_features=1024, bias=True)
        (drop): Dropout(p=0.0, inplace=False)
      )
    )
    (1): Block(
      (norm1): LayerNorm((1024,), eps=1e-06, elementwise_affine=True)
      (attn): Attention(
        (qkv): Linear(in_features=1024, out_features=3072, bias=False)
        (attn_drop): Dropout(p=0.0, inplace=False)
        (proj): Linear(in_features=1024, out_features=1024, bias=True)
        (proj_drop): Dropout(p=0.0, inplace=False)
      )
      (drop_path): DropPath(p=0.004347826354205608)
      (norm2): LayerNorm((1024,), eps=1e-06, elementwise_affine=True)
      (mlp): Mlp(
        (fc1): Linear(in_features=1024, out_features=4096, bias=True)
        (act): GELU(approximate='none')
        (fc2): Linear(in_features=4096, out_features=1024, bias=True)
        (drop): Dropout(p=0.0, inplace=False)
      )
    )
    (2): Block(
      (norm1): LayerNorm((1024,), eps=1e-06, elementwise_affine=True)
      (attn): Attention(
        (qkv): Linear(in_features=1024, out_features=3072, bias=False)
        (attn_drop): Dropout(p=0.0, inplace=False)
        (proj): Linear(in_features=1024, out_features=1024, bias=True)
        (proj_drop): Dropout(p=0.0, inplace=False)
      )
      (drop_path): DropPath(p=0.008695652708411217)
      (norm2): LayerNorm((1024,), eps=1e-06, elementwise_affine=True)
      (mlp): Mlp(
        (fc1): Linear(in_features=1024, out_features=4096, bias=True)
        (act): GELU(approximate='none')
        (fc2): Linear(in_features=4096, out_features=1024, bias=True)
        (drop): Dropout(p=0.0, inplace=False)
      )
    )
    (3): Block(
      (norm1): LayerNorm((1024,), eps=1e-06, elementwise_affine=True)
      (attn): Attention(
        (qkv): Linear(in_features=1024, out_features=3072, bias=False)
        (attn_drop): Dropout(p=0.0, inplace=False)
        (proj): Linear(in_features=1024, out_features=1024, bias=True)
        (proj_drop): Dropout(p=0.0, inplace=False)
      )
      (drop_path): DropPath(p=0.013043479062616825)
      (norm2): LayerNorm((1024,), eps=1e-06, elementwise_affine=True)
      (mlp): Mlp(
        (fc1): Linear(in_features=1024, out_features=4096, bias=True)
        (act): GELU(approximate='none')
        (fc2): Linear(in_features=4096, out_features=1024, bias=True)
        (drop): Dropout(p=0.0, inplace=False)
      )
    )
    (4): Block(
      (norm1): LayerNorm((1024,), eps=1e-06, elementwise_affine=True)
      (attn): Attention(
        (qkv): Linear(in_features=1024, out_features=3072, bias=False)
        (attn_drop): Dropout(p=0.0, inplace=False)
        (proj): Linear(in_features=1024, out_features=1024, bias=True)
        (proj_drop): Dropout(p=0.0, inplace=False)
      )
      (drop_path): DropPath(p=0.017391305416822433)
      (norm2): LayerNorm((1024,), eps=1e-06, elementwise_affine=True)
      (mlp): Mlp(
        (fc1): Linear(in_features=1024, out_features=4096, bias=True)
        (act): GELU(approximate='none')
        (fc2): Linear(in_features=4096, out_features=1024, bias=True)
        (drop): Dropout(p=0.0, inplace=False)
      )
    )
    (5): Block(
      (norm1): LayerNorm((1024,), eps=1e-06, elementwise_affine=True)
      (attn): Attention(
        (qkv): Linear(in_features=1024, out_features=3072, bias=False)
        (attn_drop): Dropout(p=0.0, inplace=False)
        (proj): Linear(in_features=1024, out_features=1024, bias=True)
        (proj_drop): Dropout(p=0.0, inplace=False)
      )
      (drop_path): DropPath(p=0.021739132702350616)
      (norm2): LayerNorm((1024,), eps=1e-06, elementwise_affine=True)
      (mlp): Mlp(
        (fc1): Linear(in_features=1024, out_features=4096, bias=True)
        (act): GELU(approximate='none')
        (fc2): Linear(in_features=4096, out_features=1024, bias=True)
        (drop): Dropout(p=0.0, inplace=False)
      )
    )
    (6): Block(
      (norm1): LayerNorm((1024,), eps=1e-06, elementwise_affine=True)
      (attn): Attention(
        (qkv): Linear(in_features=1024, out_features=3072, bias=False)
        (attn_drop): Dropout(p=0.0, inplace=False)
        (proj): Linear(in_features=1024, out_features=1024, bias=True)
        (proj_drop): Dropout(p=0.0, inplace=False)
      )
      (drop_path): DropPath(p=0.02608695812523365)
      (norm2): LayerNorm((1024,), eps=1e-06, elementwise_affine=True)
      (mlp): Mlp(
        (fc1): Linear(in_features=1024, out_features=4096, bias=True)
        (act): GELU(approximate='none')
        (fc2): Linear(in_features=4096, out_features=1024, bias=True)
        (drop): Dropout(p=0.0, inplace=False)
      )
    )
    (7): Block(
      (norm1): LayerNorm((1024,), eps=1e-06, elementwise_affine=True)
      (attn): Attention(
        (qkv): Linear(in_features=1024, out_features=3072, bias=False)
        (attn_drop): Dropout(p=0.0, inplace=False)
        (proj): Linear(in_features=1024, out_features=1024, bias=True)
        (proj_drop): Dropout(p=0.0, inplace=False)
      )
      (drop_path): DropPath(p=0.030434783548116684)
      (norm2): LayerNorm((1024,), eps=1e-06, elementwise_affine=True)
      (mlp): Mlp(
        (fc1): Linear(in_features=1024, out_features=4096, bias=True)
        (act): GELU(approximate='none')
        (fc2): Linear(in_features=4096, out_features=1024, bias=True)
        (drop): Dropout(p=0.0, inplace=False)
      )
    )
    (8): Block(
      (norm1): LayerNorm((1024,), eps=1e-06, elementwise_affine=True)
      (attn): Attention(
        (qkv): Linear(in_features=1024, out_features=3072, bias=False)
        (attn_drop): Dropout(p=0.0, inplace=False)
        (proj): Linear(in_features=1024, out_features=1024, bias=True)
        (proj_drop): Dropout(p=0.0, inplace=False)
      )
      (drop_path): DropPath(p=0.03478261083364487)
      (norm2): LayerNorm((1024,), eps=1e-06, elementwise_affine=True)
      (mlp): Mlp(
        (fc1): Linear(in_features=1024, out_features=4096, bias=True)
        (act): GELU(approximate='none')
        (fc2): Linear(in_features=4096, out_features=1024, bias=True)
        (drop): Dropout(p=0.0, inplace=False)
      )
    )
    (9): Block(
      (norm1): LayerNorm((1024,), eps=1e-06, elementwise_affine=True)
      (attn): Attention(
        (qkv): Linear(in_features=1024, out_features=3072, bias=False)
        (attn_drop): Dropout(p=0.0, inplace=False)
        (proj): Linear(in_features=1024, out_features=1024, bias=True)
        (proj_drop): Dropout(p=0.0, inplace=False)
      )
      (drop_path): DropPath(p=0.03913043811917305)
      (norm2): LayerNorm((1024,), eps=1e-06, elementwise_affine=True)
      (mlp): Mlp(
        (fc1): Linear(in_features=1024, out_features=4096, bias=True)
        (act): GELU(approximate='none')
        (fc2): Linear(in_features=4096, out_features=1024, bias=True)
        (drop): Dropout(p=0.0, inplace=False)
      )
    )
    (10): Block(
      (norm1): LayerNorm((1024,), eps=1e-06, elementwise_affine=True)
      (attn): Attention(
        (qkv): Linear(in_features=1024, out_features=3072, bias=False)
        (attn_drop): Dropout(p=0.0, inplace=False)
        (proj): Linear(in_features=1024, out_features=1024, bias=True)
        (proj_drop): Dropout(p=0.0, inplace=False)
      )
      (drop_path): DropPath(p=0.04347826540470123)
      (norm2): LayerNorm((1024,), eps=1e-06, elementwise_affine=True)
      (mlp): Mlp(
        (fc1): Linear(in_features=1024, out_features=4096, bias=True)
        (act): GELU(approximate='none')
        (fc2): Linear(in_features=4096, out_features=1024, bias=True)
        (drop): Dropout(p=0.0, inplace=False)
      )
    )
    (11): Block(
      (norm1): LayerNorm((1024,), eps=1e-06, elementwise_affine=True)
      (attn): Attention(
        (qkv): Linear(in_features=1024, out_features=3072, bias=False)
        (attn_drop): Dropout(p=0.0, inplace=False)
        (proj): Linear(in_features=1024, out_features=1024, bias=True)
        (proj_drop): Dropout(p=0.0, inplace=False)
      )
      (drop_path): DropPath(p=0.04782608896493912)
      (norm2): LayerNorm((1024,), eps=1e-06, elementwise_affine=True)
      (mlp): Mlp(
        (fc1): Linear(in_features=1024, out_features=4096, bias=True)
        (act): GELU(approximate='none')
        (fc2): Linear(in_features=4096, out_features=1024, bias=True)
        (drop): Dropout(p=0.0, inplace=False)
      )
    )
    (12): Block(
      (norm1): LayerNorm((1024,), eps=1e-06, elementwise_affine=True)
      (attn): Attention(
        (qkv): Linear(in_features=1024, out_features=3072, bias=False)
        (attn_drop): Dropout(p=0.0, inplace=False)
        (proj): Linear(in_features=1024, out_features=1024, bias=True)
        (proj_drop): Dropout(p=0.0, inplace=False)
      )
      (drop_path): DropPath(p=0.052173912525177)
      (norm2): LayerNorm((1024,), eps=1e-06, elementwise_affine=True)
      (mlp): Mlp(
        (fc1): Linear(in_features=1024, out_features=4096, bias=True)
        (act): GELU(approximate='none')
        (fc2): Linear(in_features=4096, out_features=1024, bias=True)
        (drop): Dropout(p=0.0, inplace=False)
      )
    )
    (13): Block(
      (norm1): LayerNorm((1024,), eps=1e-06, elementwise_affine=True)
      (attn): Attention(
        (qkv): Linear(in_features=1024, out_features=3072, bias=False)
        (attn_drop): Dropout(p=0.0, inplace=False)
        (proj): Linear(in_features=1024, out_features=1024, bias=True)
        (proj_drop): Dropout(p=0.0, inplace=False)
      )
      (drop_path): DropPath(p=0.056521736085414886)
      (norm2): LayerNorm((1024,), eps=1e-06, elementwise_affine=True)
      (mlp): Mlp(
        (fc1): Linear(in_features=1024, out_features=4096, bias=True)
        (act): GELU(approximate='none')
        (fc2): Linear(in_features=4096, out_features=1024, bias=True)
        (drop): Dropout(p=0.0, inplace=False)
      )
    )
    (14): Block(
      (norm1): LayerNorm((1024,), eps=1e-06, elementwise_affine=True)
      (attn): Attention(
        (qkv): Linear(in_features=1024, out_features=3072, bias=False)
        (attn_drop): Dropout(p=0.0, inplace=False)
        (proj): Linear(in_features=1024, out_features=1024, bias=True)
        (proj_drop): Dropout(p=0.0, inplace=False)
      )
      (drop_path): DropPath(p=0.06086956337094307)
      (norm2): LayerNorm((1024,), eps=1e-06, elementwise_affine=True)
      (mlp): Mlp(
        (fc1): Linear(in_features=1024, out_features=4096, bias=True)
        (act): GELU(approximate='none')
        (fc2): Linear(in_features=4096, out_features=1024, bias=True)
        (drop): Dropout(p=0.0, inplace=False)
      )
    )
    (15): Block(
      (norm1): LayerNorm((1024,), eps=1e-06, elementwise_affine=True)
      (attn): Attention(
        (qkv): Linear(in_features=1024, out_features=3072, bias=False)
        (attn_drop): Dropout(p=0.0, inplace=False)
        (proj): Linear(in_features=1024, out_features=1024, bias=True)
        (proj_drop): Dropout(p=0.0, inplace=False)
      )
      (drop_path): DropPath(p=0.06521739065647125)
      (norm2): LayerNorm((1024,), eps=1e-06, elementwise_affine=True)
      (mlp): Mlp(
        (fc1): Linear(in_features=1024, out_features=4096, bias=True)
        (act): GELU(approximate='none')
        (fc2): Linear(in_features=4096, out_features=1024, bias=True)
        (drop): Dropout(p=0.0, inplace=False)
      )
    )
    (16): Block(
      (norm1): LayerNorm((1024,), eps=1e-06, elementwise_affine=True)
      (attn): Attention(
        (qkv): Linear(in_features=1024, out_features=3072, bias=False)
        (attn_drop): Dropout(p=0.0, inplace=False)
        (proj): Linear(in_features=1024, out_features=1024, bias=True)
        (proj_drop): Dropout(p=0.0, inplace=False)
      )
      (drop_path): DropPath(p=0.06956521421670914)
      (norm2): LayerNorm((1024,), eps=1e-06, elementwise_affine=True)
      (mlp): Mlp(
        (fc1): Linear(in_features=1024, out_features=4096, bias=True)
        (act): GELU(approximate='none')
        (fc2): Linear(in_features=4096, out_features=1024, bias=True)
        (drop): Dropout(p=0.0, inplace=False)
      )
    )
    (17): Block(
      (norm1): LayerNorm((1024,), eps=1e-06, elementwise_affine=True)
      (attn): Attention(
        (qkv): Linear(in_features=1024, out_features=3072, bias=False)
        (attn_drop): Dropout(p=0.0, inplace=False)
        (proj): Linear(in_features=1024, out_features=1024, bias=True)
        (proj_drop): Dropout(p=0.0, inplace=False)
      )
      (drop_path): DropPath(p=0.07391304522752762)
      (norm2): LayerNorm((1024,), eps=1e-06, elementwise_affine=True)
      (mlp): Mlp(
        (fc1): Linear(in_features=1024, out_features=4096, bias=True)
        (act): GELU(approximate='none')
        (fc2): Linear(in_features=4096, out_features=1024, bias=True)
        (drop): Dropout(p=0.0, inplace=False)
      )
    )
    (18): Block(
      (norm1): LayerNorm((1024,), eps=1e-06, elementwise_affine=True)
      (attn): Attention(
        (qkv): Linear(in_features=1024, out_features=3072, bias=False)
        (attn_drop): Dropout(p=0.0, inplace=False)
        (proj): Linear(in_features=1024, out_features=1024, bias=True)
        (proj_drop): Dropout(p=0.0, inplace=False)
      )
      (drop_path): DropPath(p=0.0782608687877655)
      (norm2): LayerNorm((1024,), eps=1e-06, elementwise_affine=True)
      (mlp): Mlp(
        (fc1): Linear(in_features=1024, out_features=4096, bias=True)
        (act): GELU(approximate='none')
        (fc2): Linear(in_features=4096, out_features=1024, bias=True)
        (drop): Dropout(p=0.0, inplace=False)
      )
    )
    (19): Block(
      (norm1): LayerNorm((1024,), eps=1e-06, elementwise_affine=True)
      (attn): Attention(
        (qkv): Linear(in_features=1024, out_features=3072, bias=False)
        (attn_drop): Dropout(p=0.0, inplace=False)
        (proj): Linear(in_features=1024, out_features=1024, bias=True)
        (proj_drop): Dropout(p=0.0, inplace=False)
      )
      (drop_path): DropPath(p=0.08260869979858398)
      (norm2): LayerNorm((1024,), eps=1e-06, elementwise_affine=True)
      (mlp): Mlp(
        (fc1): Linear(in_features=1024, out_features=4096, bias=True)
        (act): GELU(approximate='none')
        (fc2): Linear(in_features=4096, out_features=1024, bias=True)
        (drop): Dropout(p=0.0, inplace=False)
      )
    )
    (20): Block(
      (norm1): LayerNorm((1024,), eps=1e-06, elementwise_affine=True)
      (attn): Attention(
        (qkv): Linear(in_features=1024, out_features=3072, bias=False)
        (attn_drop): Dropout(p=0.0, inplace=False)
        (proj): Linear(in_features=1024, out_features=1024, bias=True)
        (proj_drop): Dropout(p=0.0, inplace=False)
      )
      (drop_path): DropPath(p=0.08695652335882187)
      (norm2): LayerNorm((1024,), eps=1e-06, elementwise_affine=True)
      (mlp): Mlp(
        (fc1): Linear(in_features=1024, out_features=4096, bias=True)
        (act): GELU(approximate='none')
        (fc2): Linear(in_features=4096, out_features=1024, bias=True)
        (drop): Dropout(p=0.0, inplace=False)
      )
    )
    (21): Block(
      (norm1): LayerNorm((1024,), eps=1e-06, elementwise_affine=True)
      (attn): Attention(
        (qkv): Linear(in_features=1024, out_features=3072, bias=False)
        (attn_drop): Dropout(p=0.0, inplace=False)
        (proj): Linear(in_features=1024, out_features=1024, bias=True)
        (proj_drop): Dropout(p=0.0, inplace=False)
      )
      (drop_path): DropPath(p=0.09130434691905975)
      (norm2): LayerNorm((1024,), eps=1e-06, elementwise_affine=True)
      (mlp): Mlp(
        (fc1): Linear(in_features=1024, out_features=4096, bias=True)
        (act): GELU(approximate='none')
        (fc2): Linear(in_features=4096, out_features=1024, bias=True)
        (drop): Dropout(p=0.0, inplace=False)
      )
    )
    (22): Block(
      (norm1): LayerNorm((1024,), eps=1e-06, elementwise_affine=True)
      (attn): Attention(
        (qkv): Linear(in_features=1024, out_features=3072, bias=False)
        (attn_drop): Dropout(p=0.0, inplace=False)
        (proj): Linear(in_features=1024, out_features=1024, bias=True)
        (proj_drop): Dropout(p=0.0, inplace=False)
      )
      (drop_path): DropPath(p=0.09565217792987823)
      (norm2): LayerNorm((1024,), eps=1e-06, elementwise_affine=True)
      (mlp): Mlp(
        (fc1): Linear(in_features=1024, out_features=4096, bias=True)
        (act): GELU(approximate='none')
        (fc2): Linear(in_features=4096, out_features=1024, bias=True)
        (drop): Dropout(p=0.0, inplace=False)
      )
    )
    (23): Block(
      (norm1): LayerNorm((1024,), eps=1e-06, elementwise_affine=True)
      (attn): Attention(
        (qkv): Linear(in_features=1024, out_features=3072, bias=False)
        (attn_drop): Dropout(p=0.0, inplace=False)
        (proj): Linear(in_features=1024, out_features=1024, bias=True)
        (proj_drop): Dropout(p=0.0, inplace=False)
      )
      (drop_path): DropPath(p=0.10000000149011612)
      (norm2): LayerNorm((1024,), eps=1e-06, elementwise_affine=True)
      (mlp): Mlp(
        (fc1): Linear(in_features=1024, out_features=4096, bias=True)
        (act): GELU(approximate='none')
        (fc2): Linear(in_features=4096, out_features=1024, bias=True)
        (drop): Dropout(p=0.0, inplace=False)
      )
    )
  )
  (norm): LayerNorm((1024,), eps=1e-06, elementwise_affine=True)
  (head): Linear(in_features=1024, out_features=1000, bias=True)
)
normalization method:  imagenet
  [CP] N_k=413 · 학습 파라미터 backbone 25.2M (blocks (22, 23) + norm) + head 0.4M · drop_path(22,23)=[0.09565217792987823, 0.10000000149011612] · batch=32×accum=1 · epochs=150
normalization method:  imagenet
  [CP] oral_diseases fold13 ep001/150 loss=6.1281 lr=6.67e-06 (3s) · head-only
  [CP] oral_diseases fold13 ep002/150 loss=6.1192 lr=1.33e-05 (2s) · head-only
  [CP] oral_diseases fold13 ep003/150 loss=6.1063 lr=2.00e-05 (3s) · head-only
  [CP] oral_diseases fold13 ep010/150 loss=5.9558 lr=6.67e-05 (3s)
  [CP] oral_diseases fold13 ep020/150 loss=4.6609 lr=9.98e-05 (3s)
  [CP] oral_diseases fold13 ep030/150 loss=3.6746 lr=9.74e-05 (3s)
  [CP] oral_diseases fold13 ep040/150 loss=3.2877 lr=9.24e-05 (3s)
  [CP] oral_diseases fold13 ep050/150 loss=3.0993 lr=8.51e-05 (3s)
  [CP] oral_diseases fold13 ep060/150 loss=3.0038 lr=7.60e-05 (3s)
  [CP] oral_diseases fold13 ep070/150 loss=2.9083 lr=6.55e-05 (3s)
  [CP] oral_diseases fold13 ep080/150 loss=2.8844 lr=5.41e-05 (3s)
  [CP] oral_diseases fold13 ep090/150 loss=2.8168 lr=4.25e-05 (3s)
  [CP] oral_diseases fold13 ep100/150 loss=2.7941 lr=3.13e-05 (3s)
  [CP] oral_diseases fold13 ep110/150 loss=2.7737 lr=2.11e-05 (3s)
  [CP] oral_diseases fold13 ep120/150 loss=2.7584 lr=1.25e-05 (3s)
  [CP] oral_diseases fold13 ep130/150 loss=2.7886 lr=5.85e-06 (3s)
  [CP] oral_diseases fold13 ep140/150 loss=2.7752 lr=1.63e-06 (3s)
  [CP] oral_diseases fold13 ep150/150 loss=2.8442 lr=1.35e-08 (3s)
  [CP] 완료 150 ep · 3.1s/ep · final_loss=2.8442 · GPU peak 2351 MB
normalization method:  imagenet
normalization method:  imagenet
  [extract] 원본 (516, 1024) → w10_cp_feats_oral_diseases_fold13.npy (7s)
normalization method:  imagenet
  [extract] 증강 copy 0 (7s)
  [extract] 증강 copy 1 (7s)
  [extract] 증강 copy 2 (7s)
  [extract] 증강 copy 3 (7s)
  [extract] 증강 (4, 516, 1024) → w10_cp_augfeats_oral_diseases_fold13.npy · copy0 코사인 0.8427
    A0cp fold13: BACC=0.7581 MAE=0.4466 MAE_true=0.4572
    A1cp fold13: BACC=0.7855 MAE=0.4078 MAE_true=0.4257
    A2cp fold13: BACC=0.7581 MAE=0.4466 MAE_true=0.4572
    A3cp fold13: BACC=0.7506 MAE=0.5146 MAE_true=0.5301
    A4cp fold13: BACC=0.7776 MAE=0.4175 MAE_true=0.4336

==============================================================
arm      n_fold     BACC      MCC      MAE  MAE_true
A0cp         14   0.7549   0.7198   0.4319    0.4354
A1cp         14   0.7511   0.7160   0.4561    0.4637
A2cp         14   0.7570   0.7215   0.4271    0.4303
A3cp         14   0.7257   0.6865   0.5135    0.5224
A4cp         14   0.7501   0.7129   0.4651    0.4707
==============================================================

총 8.4 분 · 저장: /home/junkim/paper_ajou_dev/PanDerm/output_dir/p6_regime_f/w10_cp_fold_scores_oral_diseases.csv
🔬 w10 E1 (탐색적 · 사후) · 프로토콜 docs/date/2026-09-03_12th_meeting/research_note/w10_unconstrained_methods_protocol.md §3
device=cuda · dataset=oral_diseases · folds=[14] · stage=all · epochs=150 · batch=32×1 · prefix=w10_
→ /home/junkim/paper_ajou_dev/PanDerm/output_dir/p6_regime_f/w10_cp_fold_scores_oral_diseases.csv

=== oral_diseases · fold 14 (train 413 / test 103) ===
/home/junkim/miniconda3/envs/paper/lib/python3.11/site-packages/timm/models/layers/__init__.py:49: FutureWarning: Importing from timm.models.layers is deprecated, please import via timm.layers
  warnings.warn(f"Importing from {__name__} is deprecated, please import via timm.layers", FutureWarning)
/home/junkim/miniconda3/envs/paper/lib/python3.11/site-packages/timm/models/registry.py:4: FutureWarning: Importing from timm.models.registry is deprecated, please import via timm.models
  warnings.warn(f"Importing from {__name__} is deprecated, please import via timm.models", FutureWarning)
/home/junkim/miniconda3/envs/paper/lib/python3.11/site-packages/torch/functional.py:534: UserWarning: torch.meshgrid: in an upcoming release, it will be required to pass the indexing argument. (Triggered internally at ../aten/src/ATen/native/TensorShape.cpp:3595.)
  return _VF.meshgrid(tensors, **kwargs)  # type: ignore[attr-defined]
loading model checkpoint
VisionTransformer(
  (patch_embed): PatchEmbed(
    (proj): Conv2d(3, 1024, kernel_size=(16, 16), stride=(16, 16))
  )
  (pos_drop): Dropout(p=0.0, inplace=False)
  (blocks): ModuleList(
    (0): Block(
      (norm1): LayerNorm((1024,), eps=1e-06, elementwise_affine=True)
      (attn): Attention(
        (qkv): Linear(in_features=1024, out_features=3072, bias=False)
        (attn_drop): Dropout(p=0.0, inplace=False)
        (proj): Linear(in_features=1024, out_features=1024, bias=True)
        (proj_drop): Dropout(p=0.0, inplace=False)
      )
      (drop_path): Identity()
      (norm2): LayerNorm((1024,), eps=1e-06, elementwise_affine=True)
      (mlp): Mlp(
        (fc1): Linear(in_features=1024, out_features=4096, bias=True)
        (act): GELU(approximate='none')
        (fc2): Linear(in_features=4096, out_features=1024, bias=True)
        (drop): Dropout(p=0.0, inplace=False)
      )
    )
    (1): Block(
      (norm1): LayerNorm((1024,), eps=1e-06, elementwise_affine=True)
      (attn): Attention(
        (qkv): Linear(in_features=1024, out_features=3072, bias=False)
        (attn_drop): Dropout(p=0.0, inplace=False)
        (proj): Linear(in_features=1024, out_features=1024, bias=True)
        (proj_drop): Dropout(p=0.0, inplace=False)
      )
      (drop_path): DropPath(p=0.004347826354205608)
      (norm2): LayerNorm((1024,), eps=1e-06, elementwise_affine=True)
      (mlp): Mlp(
        (fc1): Linear(in_features=1024, out_features=4096, bias=True)
        (act): GELU(approximate='none')
        (fc2): Linear(in_features=4096, out_features=1024, bias=True)
        (drop): Dropout(p=0.0, inplace=False)
      )
    )
    (2): Block(
      (norm1): LayerNorm((1024,), eps=1e-06, elementwise_affine=True)
      (attn): Attention(
        (qkv): Linear(in_features=1024, out_features=3072, bias=False)
        (attn_drop): Dropout(p=0.0, inplace=False)
        (proj): Linear(in_features=1024, out_features=1024, bias=True)
        (proj_drop): Dropout(p=0.0, inplace=False)
      )
      (drop_path): DropPath(p=0.008695652708411217)
      (norm2): LayerNorm((1024,), eps=1e-06, elementwise_affine=True)
      (mlp): Mlp(
        (fc1): Linear(in_features=1024, out_features=4096, bias=True)
        (act): GELU(approximate='none')
        (fc2): Linear(in_features=4096, out_features=1024, bias=True)
        (drop): Dropout(p=0.0, inplace=False)
      )
    )
    (3): Block(
      (norm1): LayerNorm((1024,), eps=1e-06, elementwise_affine=True)
      (attn): Attention(
        (qkv): Linear(in_features=1024, out_features=3072, bias=False)
        (attn_drop): Dropout(p=0.0, inplace=False)
        (proj): Linear(in_features=1024, out_features=1024, bias=True)
        (proj_drop): Dropout(p=0.0, inplace=False)
      )
      (drop_path): DropPath(p=0.013043479062616825)
      (norm2): LayerNorm((1024,), eps=1e-06, elementwise_affine=True)
      (mlp): Mlp(
        (fc1): Linear(in_features=1024, out_features=4096, bias=True)
        (act): GELU(approximate='none')
        (fc2): Linear(in_features=4096, out_features=1024, bias=True)
        (drop): Dropout(p=0.0, inplace=False)
      )
    )
    (4): Block(
      (norm1): LayerNorm((1024,), eps=1e-06, elementwise_affine=True)
      (attn): Attention(
        (qkv): Linear(in_features=1024, out_features=3072, bias=False)
        (attn_drop): Dropout(p=0.0, inplace=False)
        (proj): Linear(in_features=1024, out_features=1024, bias=True)
        (proj_drop): Dropout(p=0.0, inplace=False)
      )
      (drop_path): DropPath(p=0.017391305416822433)
      (norm2): LayerNorm((1024,), eps=1e-06, elementwise_affine=True)
      (mlp): Mlp(
        (fc1): Linear(in_features=1024, out_features=4096, bias=True)
        (act): GELU(approximate='none')
        (fc2): Linear(in_features=4096, out_features=1024, bias=True)
        (drop): Dropout(p=0.0, inplace=False)
      )
    )
    (5): Block(
      (norm1): LayerNorm((1024,), eps=1e-06, elementwise_affine=True)
      (attn): Attention(
        (qkv): Linear(in_features=1024, out_features=3072, bias=False)
        (attn_drop): Dropout(p=0.0, inplace=False)
        (proj): Linear(in_features=1024, out_features=1024, bias=True)
        (proj_drop): Dropout(p=0.0, inplace=False)
      )
      (drop_path): DropPath(p=0.021739132702350616)
      (norm2): LayerNorm((1024,), eps=1e-06, elementwise_affine=True)
      (mlp): Mlp(
        (fc1): Linear(in_features=1024, out_features=4096, bias=True)
        (act): GELU(approximate='none')
        (fc2): Linear(in_features=4096, out_features=1024, bias=True)
        (drop): Dropout(p=0.0, inplace=False)
      )
    )
    (6): Block(
      (norm1): LayerNorm((1024,), eps=1e-06, elementwise_affine=True)
      (attn): Attention(
        (qkv): Linear(in_features=1024, out_features=3072, bias=False)
        (attn_drop): Dropout(p=0.0, inplace=False)
        (proj): Linear(in_features=1024, out_features=1024, bias=True)
        (proj_drop): Dropout(p=0.0, inplace=False)
      )
      (drop_path): DropPath(p=0.02608695812523365)
      (norm2): LayerNorm((1024,), eps=1e-06, elementwise_affine=True)
      (mlp): Mlp(
        (fc1): Linear(in_features=1024, out_features=4096, bias=True)
        (act): GELU(approximate='none')
        (fc2): Linear(in_features=4096, out_features=1024, bias=True)
        (drop): Dropout(p=0.0, inplace=False)
      )
    )
    (7): Block(
      (norm1): LayerNorm((1024,), eps=1e-06, elementwise_affine=True)
      (attn): Attention(
        (qkv): Linear(in_features=1024, out_features=3072, bias=False)
        (attn_drop): Dropout(p=0.0, inplace=False)
        (proj): Linear(in_features=1024, out_features=1024, bias=True)
        (proj_drop): Dropout(p=0.0, inplace=False)
      )
      (drop_path): DropPath(p=0.030434783548116684)
      (norm2): LayerNorm((1024,), eps=1e-06, elementwise_affine=True)
      (mlp): Mlp(
        (fc1): Linear(in_features=1024, out_features=4096, bias=True)
        (act): GELU(approximate='none')
        (fc2): Linear(in_features=4096, out_features=1024, bias=True)
        (drop): Dropout(p=0.0, inplace=False)
      )
    )
    (8): Block(
      (norm1): LayerNorm((1024,), eps=1e-06, elementwise_affine=True)
      (attn): Attention(
        (qkv): Linear(in_features=1024, out_features=3072, bias=False)
        (attn_drop): Dropout(p=0.0, inplace=False)
        (proj): Linear(in_features=1024, out_features=1024, bias=True)
        (proj_drop): Dropout(p=0.0, inplace=False)
      )
      (drop_path): DropPath(p=0.03478261083364487)
      (norm2): LayerNorm((1024,), eps=1e-06, elementwise_affine=True)
      (mlp): Mlp(
        (fc1): Linear(in_features=1024, out_features=4096, bias=True)
        (act): GELU(approximate='none')
        (fc2): Linear(in_features=4096, out_features=1024, bias=True)
        (drop): Dropout(p=0.0, inplace=False)
      )
    )
    (9): Block(
      (norm1): LayerNorm((1024,), eps=1e-06, elementwise_affine=True)
      (attn): Attention(
        (qkv): Linear(in_features=1024, out_features=3072, bias=False)
        (attn_drop): Dropout(p=0.0, inplace=False)
        (proj): Linear(in_features=1024, out_features=1024, bias=True)
        (proj_drop): Dropout(p=0.0, inplace=False)
      )
      (drop_path): DropPath(p=0.03913043811917305)
      (norm2): LayerNorm((1024,), eps=1e-06, elementwise_affine=True)
      (mlp): Mlp(
        (fc1): Linear(in_features=1024, out_features=4096, bias=True)
        (act): GELU(approximate='none')
        (fc2): Linear(in_features=4096, out_features=1024, bias=True)
        (drop): Dropout(p=0.0, inplace=False)
      )
    )
    (10): Block(
      (norm1): LayerNorm((1024,), eps=1e-06, elementwise_affine=True)
      (attn): Attention(
        (qkv): Linear(in_features=1024, out_features=3072, bias=False)
        (attn_drop): Dropout(p=0.0, inplace=False)
        (proj): Linear(in_features=1024, out_features=1024, bias=True)
        (proj_drop): Dropout(p=0.0, inplace=False)
      )
      (drop_path): DropPath(p=0.04347826540470123)
      (norm2): LayerNorm((1024,), eps=1e-06, elementwise_affine=True)
      (mlp): Mlp(
        (fc1): Linear(in_features=1024, out_features=4096, bias=True)
        (act): GELU(approximate='none')
        (fc2): Linear(in_features=4096, out_features=1024, bias=True)
        (drop): Dropout(p=0.0, inplace=False)
      )
    )
    (11): Block(
      (norm1): LayerNorm((1024,), eps=1e-06, elementwise_affine=True)
      (attn): Attention(
        (qkv): Linear(in_features=1024, out_features=3072, bias=False)
        (attn_drop): Dropout(p=0.0, inplace=False)
        (proj): Linear(in_features=1024, out_features=1024, bias=True)
        (proj_drop): Dropout(p=0.0, inplace=False)
      )
      (drop_path): DropPath(p=0.04782608896493912)
      (norm2): LayerNorm((1024,), eps=1e-06, elementwise_affine=True)
      (mlp): Mlp(
        (fc1): Linear(in_features=1024, out_features=4096, bias=True)
        (act): GELU(approximate='none')
        (fc2): Linear(in_features=4096, out_features=1024, bias=True)
        (drop): Dropout(p=0.0, inplace=False)
      )
    )
    (12): Block(
      (norm1): LayerNorm((1024,), eps=1e-06, elementwise_affine=True)
      (attn): Attention(
        (qkv): Linear(in_features=1024, out_features=3072, bias=False)
        (attn_drop): Dropout(p=0.0, inplace=False)
        (proj): Linear(in_features=1024, out_features=1024, bias=True)
        (proj_drop): Dropout(p=0.0, inplace=False)
      )
      (drop_path): DropPath(p=0.052173912525177)
      (norm2): LayerNorm((1024,), eps=1e-06, elementwise_affine=True)
      (mlp): Mlp(
        (fc1): Linear(in_features=1024, out_features=4096, bias=True)
        (act): GELU(approximate='none')
        (fc2): Linear(in_features=4096, out_features=1024, bias=True)
        (drop): Dropout(p=0.0, inplace=False)
      )
    )
    (13): Block(
      (norm1): LayerNorm((1024,), eps=1e-06, elementwise_affine=True)
      (attn): Attention(
        (qkv): Linear(in_features=1024, out_features=3072, bias=False)
        (attn_drop): Dropout(p=0.0, inplace=False)
        (proj): Linear(in_features=1024, out_features=1024, bias=True)
        (proj_drop): Dropout(p=0.0, inplace=False)
      )
      (drop_path): DropPath(p=0.056521736085414886)
      (norm2): LayerNorm((1024,), eps=1e-06, elementwise_affine=True)
      (mlp): Mlp(
        (fc1): Linear(in_features=1024, out_features=4096, bias=True)
        (act): GELU(approximate='none')
        (fc2): Linear(in_features=4096, out_features=1024, bias=True)
        (drop): Dropout(p=0.0, inplace=False)
      )
    )
    (14): Block(
      (norm1): LayerNorm((1024,), eps=1e-06, elementwise_affine=True)
      (attn): Attention(
        (qkv): Linear(in_features=1024, out_features=3072, bias=False)
        (attn_drop): Dropout(p=0.0, inplace=False)
        (proj): Linear(in_features=1024, out_features=1024, bias=True)
        (proj_drop): Dropout(p=0.0, inplace=False)
      )
      (drop_path): DropPath(p=0.06086956337094307)
      (norm2): LayerNorm((1024,), eps=1e-06, elementwise_affine=True)
      (mlp): Mlp(
        (fc1): Linear(in_features=1024, out_features=4096, bias=True)
        (act): GELU(approximate='none')
        (fc2): Linear(in_features=4096, out_features=1024, bias=True)
        (drop): Dropout(p=0.0, inplace=False)
      )
    )
    (15): Block(
      (norm1): LayerNorm((1024,), eps=1e-06, elementwise_affine=True)
      (attn): Attention(
        (qkv): Linear(in_features=1024, out_features=3072, bias=False)
        (attn_drop): Dropout(p=0.0, inplace=False)
        (proj): Linear(in_features=1024, out_features=1024, bias=True)
        (proj_drop): Dropout(p=0.0, inplace=False)
      )
      (drop_path): DropPath(p=0.06521739065647125)
      (norm2): LayerNorm((1024,), eps=1e-06, elementwise_affine=True)
      (mlp): Mlp(
        (fc1): Linear(in_features=1024, out_features=4096, bias=True)
        (act): GELU(approximate='none')
        (fc2): Linear(in_features=4096, out_features=1024, bias=True)
        (drop): Dropout(p=0.0, inplace=False)
      )
    )
    (16): Block(
      (norm1): LayerNorm((1024,), eps=1e-06, elementwise_affine=True)
      (attn): Attention(
        (qkv): Linear(in_features=1024, out_features=3072, bias=False)
        (attn_drop): Dropout(p=0.0, inplace=False)
        (proj): Linear(in_features=1024, out_features=1024, bias=True)
        (proj_drop): Dropout(p=0.0, inplace=False)
      )
      (drop_path): DropPath(p=0.06956521421670914)
      (norm2): LayerNorm((1024,), eps=1e-06, elementwise_affine=True)
      (mlp): Mlp(
        (fc1): Linear(in_features=1024, out_features=4096, bias=True)
        (act): GELU(approximate='none')
        (fc2): Linear(in_features=4096, out_features=1024, bias=True)
        (drop): Dropout(p=0.0, inplace=False)
      )
    )
    (17): Block(
      (norm1): LayerNorm((1024,), eps=1e-06, elementwise_affine=True)
      (attn): Attention(
        (qkv): Linear(in_features=1024, out_features=3072, bias=False)
        (attn_drop): Dropout(p=0.0, inplace=False)
        (proj): Linear(in_features=1024, out_features=1024, bias=True)
        (proj_drop): Dropout(p=0.0, inplace=False)
      )
      (drop_path): DropPath(p=0.07391304522752762)
      (norm2): LayerNorm((1024,), eps=1e-06, elementwise_affine=True)
      (mlp): Mlp(
        (fc1): Linear(in_features=1024, out_features=4096, bias=True)
        (act): GELU(approximate='none')
        (fc2): Linear(in_features=4096, out_features=1024, bias=True)
        (drop): Dropout(p=0.0, inplace=False)
      )
    )
    (18): Block(
      (norm1): LayerNorm((1024,), eps=1e-06, elementwise_affine=True)
      (attn): Attention(
        (qkv): Linear(in_features=1024, out_features=3072, bias=False)
        (attn_drop): Dropout(p=0.0, inplace=False)
        (proj): Linear(in_features=1024, out_features=1024, bias=True)
        (proj_drop): Dropout(p=0.0, inplace=False)
      )
      (drop_path): DropPath(p=0.0782608687877655)
      (norm2): LayerNorm((1024,), eps=1e-06, elementwise_affine=True)
      (mlp): Mlp(
        (fc1): Linear(in_features=1024, out_features=4096, bias=True)
        (act): GELU(approximate='none')
        (fc2): Linear(in_features=4096, out_features=1024, bias=True)
        (drop): Dropout(p=0.0, inplace=False)
      )
    )
    (19): Block(
      (norm1): LayerNorm((1024,), eps=1e-06, elementwise_affine=True)
      (attn): Attention(
        (qkv): Linear(in_features=1024, out_features=3072, bias=False)
        (attn_drop): Dropout(p=0.0, inplace=False)
        (proj): Linear(in_features=1024, out_features=1024, bias=True)
        (proj_drop): Dropout(p=0.0, inplace=False)
      )
      (drop_path): DropPath(p=0.08260869979858398)
      (norm2): LayerNorm((1024,), eps=1e-06, elementwise_affine=True)
      (mlp): Mlp(
        (fc1): Linear(in_features=1024, out_features=4096, bias=True)
        (act): GELU(approximate='none')
        (fc2): Linear(in_features=4096, out_features=1024, bias=True)
        (drop): Dropout(p=0.0, inplace=False)
      )
    )
    (20): Block(
      (norm1): LayerNorm((1024,), eps=1e-06, elementwise_affine=True)
      (attn): Attention(
        (qkv): Linear(in_features=1024, out_features=3072, bias=False)
        (attn_drop): Dropout(p=0.0, inplace=False)
        (proj): Linear(in_features=1024, out_features=1024, bias=True)
        (proj_drop): Dropout(p=0.0, inplace=False)
      )
      (drop_path): DropPath(p=0.08695652335882187)
      (norm2): LayerNorm((1024,), eps=1e-06, elementwise_affine=True)
      (mlp): Mlp(
        (fc1): Linear(in_features=1024, out_features=4096, bias=True)
        (act): GELU(approximate='none')
        (fc2): Linear(in_features=4096, out_features=1024, bias=True)
        (drop): Dropout(p=0.0, inplace=False)
      )
    )
    (21): Block(
      (norm1): LayerNorm((1024,), eps=1e-06, elementwise_affine=True)
      (attn): Attention(
        (qkv): Linear(in_features=1024, out_features=3072, bias=False)
        (attn_drop): Dropout(p=0.0, inplace=False)
        (proj): Linear(in_features=1024, out_features=1024, bias=True)
        (proj_drop): Dropout(p=0.0, inplace=False)
      )
      (drop_path): DropPath(p=0.09130434691905975)
      (norm2): LayerNorm((1024,), eps=1e-06, elementwise_affine=True)
      (mlp): Mlp(
        (fc1): Linear(in_features=1024, out_features=4096, bias=True)
        (act): GELU(approximate='none')
        (fc2): Linear(in_features=4096, out_features=1024, bias=True)
        (drop): Dropout(p=0.0, inplace=False)
      )
    )
    (22): Block(
      (norm1): LayerNorm((1024,), eps=1e-06, elementwise_affine=True)
      (attn): Attention(
        (qkv): Linear(in_features=1024, out_features=3072, bias=False)
        (attn_drop): Dropout(p=0.0, inplace=False)
        (proj): Linear(in_features=1024, out_features=1024, bias=True)
        (proj_drop): Dropout(p=0.0, inplace=False)
      )
      (drop_path): DropPath(p=0.09565217792987823)
      (norm2): LayerNorm((1024,), eps=1e-06, elementwise_affine=True)
      (mlp): Mlp(
        (fc1): Linear(in_features=1024, out_features=4096, bias=True)
        (act): GELU(approximate='none')
        (fc2): Linear(in_features=4096, out_features=1024, bias=True)
        (drop): Dropout(p=0.0, inplace=False)
      )
    )
    (23): Block(
      (norm1): LayerNorm((1024,), eps=1e-06, elementwise_affine=True)
      (attn): Attention(
        (qkv): Linear(in_features=1024, out_features=3072, bias=False)
        (attn_drop): Dropout(p=0.0, inplace=False)
        (proj): Linear(in_features=1024, out_features=1024, bias=True)
        (proj_drop): Dropout(p=0.0, inplace=False)
      )
      (drop_path): DropPath(p=0.10000000149011612)
      (norm2): LayerNorm((1024,), eps=1e-06, elementwise_affine=True)
      (mlp): Mlp(
        (fc1): Linear(in_features=1024, out_features=4096, bias=True)
        (act): GELU(approximate='none')
        (fc2): Linear(in_features=4096, out_features=1024, bias=True)
        (drop): Dropout(p=0.0, inplace=False)
      )
    )
  )
  (norm): LayerNorm((1024,), eps=1e-06, elementwise_affine=True)
  (head): Linear(in_features=1024, out_features=1000, bias=True)
)
normalization method:  imagenet
  [CP] N_k=413 · 학습 파라미터 backbone 25.2M (blocks (22, 23) + norm) + head 0.4M · drop_path(22,23)=[0.09565217792987823, 0.10000000149011612] · batch=32×accum=1 · epochs=150
normalization method:  imagenet
  [CP] oral_diseases fold14 ep001/150 loss=6.1259 lr=6.67e-06 (3s) · head-only
  [CP] oral_diseases fold14 ep002/150 loss=6.1156 lr=1.33e-05 (3s) · head-only
  [CP] oral_diseases fold14 ep003/150 loss=6.1111 lr=2.00e-05 (3s) · head-only
  [CP] oral_diseases fold14 ep010/150 loss=5.9602 lr=6.67e-05 (3s)
  [CP] oral_diseases fold14 ep020/150 loss=4.6549 lr=9.98e-05 (3s)
  [CP] oral_diseases fold14 ep030/150 loss=3.6519 lr=9.74e-05 (3s)
  [CP] oral_diseases fold14 ep040/150 loss=3.2693 lr=9.24e-05 (3s)
  [CP] oral_diseases fold14 ep050/150 loss=3.0834 lr=8.51e-05 (3s)
  [CP] oral_diseases fold14 ep060/150 loss=2.9861 lr=7.60e-05 (3s)
  [CP] oral_diseases fold14 ep070/150 loss=2.8827 lr=6.55e-05 (3s)
  [CP] oral_diseases fold14 ep080/150 loss=2.8808 lr=5.41e-05 (3s)
  [CP] oral_diseases fold14 ep090/150 loss=2.8193 lr=4.25e-05 (3s)
  [CP] oral_diseases fold14 ep100/150 loss=2.7884 lr=3.13e-05 (3s)
  [CP] oral_diseases fold14 ep110/150 loss=2.7698 lr=2.11e-05 (3s)
  [CP] oral_diseases fold14 ep120/150 loss=2.7514 lr=1.25e-05 (3s)
  [CP] oral_diseases fold14 ep130/150 loss=2.7966 lr=5.85e-06 (3s)
  [CP] oral_diseases fold14 ep140/150 loss=2.7552 lr=1.63e-06 (3s)
  [CP] oral_diseases fold14 ep150/150 loss=2.8361 lr=1.35e-08 (3s)
  [CP] 완료 150 ep · 3.0s/ep · final_loss=2.8361 · GPU peak 2351 MB
normalization method:  imagenet
normalization method:  imagenet
  [extract] 원본 (516, 1024) → w10_cp_feats_oral_diseases_fold14.npy (7s)
normalization method:  imagenet
  [extract] 증강 copy 0 (7s)
  [extract] 증강 copy 1 (7s)
  [extract] 증강 copy 2 (7s)
  [extract] 증강 copy 3 (7s)
  [extract] 증강 (4, 516, 1024) → w10_cp_augfeats_oral_diseases_fold14.npy · copy0 코사인 0.8370
    A0cp fold14: BACC=0.7795 MAE=0.4757 MAE_true=0.4412
    A1cp fold14: BACC=0.8103 MAE=0.4175 MAE_true=0.3856
    A2cp fold14: BACC=0.7980 MAE=0.4466 MAE_true=0.4152
    A3cp fold14: BACC=0.7867 MAE=0.4466 MAE_true=0.4350
    A4cp fold14: BACC=0.8103 MAE=0.4175 MAE_true=0.3856

==============================================================
arm      n_fold     BACC      MCC      MAE  MAE_true
A0cp         15   0.7565   0.7203   0.4348    0.4358
A1cp         15   0.7550   0.7190   0.4535    0.4585
A2cp         15   0.7597   0.7234   0.4284    0.4293
A3cp         15   0.7298   0.6907   0.5091    0.5166
A4cp         15   0.7541   0.7162   0.4619    0.4650
==============================================================

총 8.4 분 · 저장: /home/junkim/paper_ajou_dev/PanDerm/output_dir/p6_regime_f/w10_cp_fold_scores_oral_diseases.csv
