🔬 w10 E2 (탐색적 · 사후) · 프로토콜 docs/date/2026-09-03_12th_meeting/research_note/w10_unconstrained_methods_protocol.md §4
device=cuda · arms=['S1_ce'] · folds=[0] · stage=all · epochs=40 · patience=10 · prefix=w10_
→ /home/junkim/paper_ajou_dev/PanDerm/output_dir/p6_regime_f/w10_decouple_fold_scores.csv

=== S1_ce · fold 0 (train 2929 / test 733) ===
/home/junkim/miniconda3/envs/paper/lib/python3.11/site-packages/timm/models/layers/__init__.py:49: FutureWarning: Importing from timm.models.layers is deprecated, please import via timm.layers
  warnings.warn(f"Importing from {__name__} is deprecated, please import via timm.layers", FutureWarning)
/home/junkim/miniconda3/envs/paper/lib/python3.11/site-packages/timm/models/registry.py:4: FutureWarning: Importing from timm.models.registry is deprecated, please import via timm.models
  warnings.warn(f"Importing from {__name__} is deprecated, please import via timm.models", FutureWarning)
/home/junkim/miniconda3/envs/paper/lib/python3.11/site-packages/torch/functional.py:534: UserWarning: torch.meshgrid: in an upcoming release, it will be required to pass the indexing argument. (Triggered internally at ../aten/src/ATen/native/TensorShape.cpp:3595.)
  return _VF.meshgrid(tensors, **kwargs)  # type: ignore[attr-defined]
normalization method:  imagenet
normalization method:  imagenet
loading model checkpoint
VisionTransformer(
  (patch_embed): PatchEmbed(
    (proj): Conv2d(3, 1024, kernel_size=(16, 16), stride=(16, 16))
  )
  (pos_drop): Dropout(p=0.0, inplace=False)
  (blocks): ModuleList(
    (0): Block(
      (norm1): LayerNorm((1024,), eps=1e-06, elementwise_affine=True)
      (attn): Attention(
        (qkv): Linear(in_features=1024, out_features=3072, bias=False)
        (attn_drop): Dropout(p=0.0, inplace=False)
        (proj): Linear(in_features=1024, out_features=1024, bias=True)
        (proj_drop): Dropout(p=0.0, inplace=False)
      )
      (drop_path): Identity()
      (norm2): LayerNorm((1024,), eps=1e-06, elementwise_affine=True)
      (mlp): Mlp(
        (fc1): Linear(in_features=1024, out_features=4096, bias=True)
        (act): GELU(approximate='none')
        (fc2): Linear(in_features=4096, out_features=1024, bias=True)
        (drop): Dropout(p=0.0, inplace=False)
      )
    )
    (1): Block(
      (norm1): LayerNorm((1024,), eps=1e-06, elementwise_affine=True)
      (attn): Attention(
        (qkv): Linear(in_features=1024, out_features=3072, bias=False)
        (attn_drop): Dropout(p=0.0, inplace=False)
        (proj): Linear(in_features=1024, out_features=1024, bias=True)
        (proj_drop): Dropout(p=0.0, inplace=False)
      )
      (drop_path): DropPath(p=0.004347826354205608)
      (norm2): LayerNorm((1024,), eps=1e-06, elementwise_affine=True)
      (mlp): Mlp(
        (fc1): Linear(in_features=1024, out_features=4096, bias=True)
        (act): GELU(approximate='none')
        (fc2): Linear(in_features=4096, out_features=1024, bias=True)
        (drop): Dropout(p=0.0, inplace=False)
      )
    )
    (2): Block(
      (norm1): LayerNorm((1024,), eps=1e-06, elementwise_affine=True)
      (attn): Attention(
        (qkv): Linear(in_features=1024, out_features=3072, bias=False)
        (attn_drop): Dropout(p=0.0, inplace=False)
        (proj): Linear(in_features=1024, out_features=1024, bias=True)
        (proj_drop): Dropout(p=0.0, inplace=False)
      )
      (drop_path): DropPath(p=0.008695652708411217)
      (norm2): LayerNorm((1024,), eps=1e-06, elementwise_affine=True)
      (mlp): Mlp(
        (fc1): Linear(in_features=1024, out_features=4096, bias=True)
        (act): GELU(approximate='none')
        (fc2): Linear(in_features=4096, out_features=1024, bias=True)
        (drop): Dropout(p=0.0, inplace=False)
      )
    )
    (3): Block(
      (norm1): LayerNorm((1024,), eps=1e-06, elementwise_affine=True)
      (attn): Attention(
        (qkv): Linear(in_features=1024, out_features=3072, bias=False)
        (attn_drop): Dropout(p=0.0, inplace=False)
        (proj): Linear(in_features=1024, out_features=1024, bias=True)
        (proj_drop): Dropout(p=0.0, inplace=False)
      )
      (drop_path): DropPath(p=0.013043479062616825)
      (norm2): LayerNorm((1024,), eps=1e-06, elementwise_affine=True)
      (mlp): Mlp(
        (fc1): Linear(in_features=1024, out_features=4096, bias=True)
        (act): GELU(approximate='none')
        (fc2): Linear(in_features=4096, out_features=1024, bias=True)
        (drop): Dropout(p=0.0, inplace=False)
      )
    )
    (4): Block(
      (norm1): LayerNorm((1024,), eps=1e-06, elementwise_affine=True)
      (attn): Attention(
        (qkv): Linear(in_features=1024, out_features=3072, bias=False)
        (attn_drop): Dropout(p=0.0, inplace=False)
        (proj): Linear(in_features=1024, out_features=1024, bias=True)
        (proj_drop): Dropout(p=0.0, inplace=False)
      )
      (drop_path): DropPath(p=0.017391305416822433)
      (norm2): LayerNorm((1024,), eps=1e-06, elementwise_affine=True)
      (mlp): Mlp(
        (fc1): Linear(in_features=1024, out_features=4096, bias=True)
        (act): GELU(approximate='none')
        (fc2): Linear(in_features=4096, out_features=1024, bias=True)
        (drop): Dropout(p=0.0, inplace=False)
      )
    )
    (5): Block(
      (norm1): LayerNorm((1024,), eps=1e-06, elementwise_affine=True)
      (attn): Attention(
        (qkv): Linear(in_features=1024, out_features=3072, bias=False)
        (attn_drop): Dropout(p=0.0, inplace=False)
        (proj): Linear(in_features=1024, out_features=1024, bias=True)
        (proj_drop): Dropout(p=0.0, inplace=False)
      )
      (drop_path): DropPath(p=0.021739132702350616)
      (norm2): LayerNorm((1024,), eps=1e-06, elementwise_affine=True)
      (mlp): Mlp(
        (fc1): Linear(in_features=1024, out_features=4096, bias=True)
        (act): GELU(approximate='none')
        (fc2): Linear(in_features=4096, out_features=1024, bias=True)
        (drop): Dropout(p=0.0, inplace=False)
      )
    )
    (6): Block(
      (norm1): LayerNorm((1024,), eps=1e-06, elementwise_affine=True)
      (attn): Attention(
        (qkv): Linear(in_features=1024, out_features=3072, bias=False)
        (attn_drop): Dropout(p=0.0, inplace=False)
        (proj): Linear(in_features=1024, out_features=1024, bias=True)
        (proj_drop): Dropout(p=0.0, inplace=False)
      )
      (drop_path): DropPath(p=0.02608695812523365)
      (norm2): LayerNorm((1024,), eps=1e-06, elementwise_affine=True)
      (mlp): Mlp(
        (fc1): Linear(in_features=1024, out_features=4096, bias=True)
        (act): GELU(approximate='none')
        (fc2): Linear(in_features=4096, out_features=1024, bias=True)
        (drop): Dropout(p=0.0, inplace=False)
      )
    )
    (7): Block(
      (norm1): LayerNorm((1024,), eps=1e-06, elementwise_affine=True)
      (attn): Attention(
        (qkv): Linear(in_features=1024, out_features=3072, bias=False)
        (attn_drop): Dropout(p=0.0, inplace=False)
        (proj): Linear(in_features=1024, out_features=1024, bias=True)
        (proj_drop): Dropout(p=0.0, inplace=False)
      )
      (drop_path): DropPath(p=0.030434783548116684)
      (norm2): LayerNorm((1024,), eps=1e-06, elementwise_affine=True)
      (mlp): Mlp(
        (fc1): Linear(in_features=1024, out_features=4096, bias=True)
        (act): GELU(approximate='none')
        (fc2): Linear(in_features=4096, out_features=1024, bias=True)
        (drop): Dropout(p=0.0, inplace=False)
      )
    )
    (8): Block(
      (norm1): LayerNorm((1024,), eps=1e-06, elementwise_affine=True)
      (attn): Attention(
        (qkv): Linear(in_features=1024, out_features=3072, bias=False)
        (attn_drop): Dropout(p=0.0, inplace=False)
        (proj): Linear(in_features=1024, out_features=1024, bias=True)
        (proj_drop): Dropout(p=0.0, inplace=False)
      )
      (drop_path): DropPath(p=0.03478261083364487)
      (norm2): LayerNorm((1024,), eps=1e-06, elementwise_affine=True)
      (mlp): Mlp(
        (fc1): Linear(in_features=1024, out_features=4096, bias=True)
        (act): GELU(approximate='none')
        (fc2): Linear(in_features=4096, out_features=1024, bias=True)
        (drop): Dropout(p=0.0, inplace=False)
      )
    )
    (9): Block(
      (norm1): LayerNorm((1024,), eps=1e-06, elementwise_affine=True)
      (attn): Attention(
        (qkv): Linear(in_features=1024, out_features=3072, bias=False)
        (attn_drop): Dropout(p=0.0, inplace=False)
        (proj): Linear(in_features=1024, out_features=1024, bias=True)
        (proj_drop): Dropout(p=0.0, inplace=False)
      )
      (drop_path): DropPath(p=0.03913043811917305)
      (norm2): LayerNorm((1024,), eps=1e-06, elementwise_affine=True)
      (mlp): Mlp(
        (fc1): Linear(in_features=1024, out_features=4096, bias=True)
        (act): GELU(approximate='none')
        (fc2): Linear(in_features=4096, out_features=1024, bias=True)
        (drop): Dropout(p=0.0, inplace=False)
      )
    )
    (10): Block(
      (norm1): LayerNorm((1024,), eps=1e-06, elementwise_affine=True)
      (attn): Attention(
        (qkv): Linear(in_features=1024, out_features=3072, bias=False)
        (attn_drop): Dropout(p=0.0, inplace=False)
        (proj): Linear(in_features=1024, out_features=1024, bias=True)
        (proj_drop): Dropout(p=0.0, inplace=False)
      )
      (drop_path): DropPath(p=0.04347826540470123)
      (norm2): LayerNorm((1024,), eps=1e-06, elementwise_affine=True)
      (mlp): Mlp(
        (fc1): Linear(in_features=1024, out_features=4096, bias=True)
        (act): GELU(approximate='none')
        (fc2): Linear(in_features=4096, out_features=1024, bias=True)
        (drop): Dropout(p=0.0, inplace=False)
      )
    )
    (11): Block(
      (norm1): LayerNorm((1024,), eps=1e-06, elementwise_affine=True)
      (attn): Attention(
        (qkv): Linear(in_features=1024, out_features=3072, bias=False)
        (attn_drop): Dropout(p=0.0, inplace=False)
        (proj): Linear(in_features=1024, out_features=1024, bias=True)
        (proj_drop): Dropout(p=0.0, inplace=False)
      )
      (drop_path): DropPath(p=0.04782608896493912)
      (norm2): LayerNorm((1024,), eps=1e-06, elementwise_affine=True)
      (mlp): Mlp(
        (fc1): Linear(in_features=1024, out_features=4096, bias=True)
        (act): GELU(approximate='none')
        (fc2): Linear(in_features=4096, out_features=1024, bias=True)
        (drop): Dropout(p=0.0, inplace=False)
      )
    )
    (12): Block(
      (norm1): LayerNorm((1024,), eps=1e-06, elementwise_affine=True)
      (attn): Attention(
        (qkv): Linear(in_features=1024, out_features=3072, bias=False)
        (attn_drop): Dropout(p=0.0, inplace=False)
        (proj): Linear(in_features=1024, out_features=1024, bias=True)
        (proj_drop): Dropout(p=0.0, inplace=False)
      )
      (drop_path): DropPath(p=0.052173912525177)
      (norm2): LayerNorm((1024,), eps=1e-06, elementwise_affine=True)
      (mlp): Mlp(
        (fc1): Linear(in_features=1024, out_features=4096, bias=True)
        (act): GELU(approximate='none')
        (fc2): Linear(in_features=4096, out_features=1024, bias=True)
        (drop): Dropout(p=0.0, inplace=False)
      )
    )
    (13): Block(
      (norm1): LayerNorm((1024,), eps=1e-06, elementwise_affine=True)
      (attn): Attention(
        (qkv): Linear(in_features=1024, out_features=3072, bias=False)
        (attn_drop): Dropout(p=0.0, inplace=False)
        (proj): Linear(in_features=1024, out_features=1024, bias=True)
        (proj_drop): Dropout(p=0.0, inplace=False)
      )
      (drop_path): DropPath(p=0.056521736085414886)
      (norm2): LayerNorm((1024,), eps=1e-06, elementwise_affine=True)
      (mlp): Mlp(
        (fc1): Linear(in_features=1024, out_features=4096, bias=True)
        (act): GELU(approximate='none')
        (fc2): Linear(in_features=4096, out_features=1024, bias=True)
        (drop): Dropout(p=0.0, inplace=False)
      )
    )
    (14): Block(
      (norm1): LayerNorm((1024,), eps=1e-06, elementwise_affine=True)
      (attn): Attention(
        (qkv): Linear(in_features=1024, out_features=3072, bias=False)
        (attn_drop): Dropout(p=0.0, inplace=False)
        (proj): Linear(in_features=1024, out_features=1024, bias=True)
        (proj_drop): Dropout(p=0.0, inplace=False)
      )
      (drop_path): DropPath(p=0.06086956337094307)
      (norm2): LayerNorm((1024,), eps=1e-06, elementwise_affine=True)
      (mlp): Mlp(
        (fc1): Linear(in_features=1024, out_features=4096, bias=True)
        (act): GELU(approximate='none')
        (fc2): Linear(in_features=4096, out_features=1024, bias=True)
        (drop): Dropout(p=0.0, inplace=False)
      )
    )
    (15): Block(
      (norm1): LayerNorm((1024,), eps=1e-06, elementwise_affine=True)
      (attn): Attention(
        (qkv): Linear(in_features=1024, out_features=3072, bias=False)
        (attn_drop): Dropout(p=0.0, inplace=False)
        (proj): Linear(in_features=1024, out_features=1024, bias=True)
        (proj_drop): Dropout(p=0.0, inplace=False)
      )
      (drop_path): DropPath(p=0.06521739065647125)
      (norm2): LayerNorm((1024,), eps=1e-06, elementwise_affine=True)
      (mlp): Mlp(
        (fc1): Linear(in_features=1024, out_features=4096, bias=True)
        (act): GELU(approximate='none')
        (fc2): Linear(in_features=4096, out_features=1024, bias=True)
        (drop): Dropout(p=0.0, inplace=False)
      )
    )
    (16): Block(
      (norm1): LayerNorm((1024,), eps=1e-06, elementwise_affine=True)
      (attn): Attention(
        (qkv): Linear(in_features=1024, out_features=3072, bias=False)
        (attn_drop): Dropout(p=0.0, inplace=False)
        (proj): Linear(in_features=1024, out_features=1024, bias=True)
        (proj_drop): Dropout(p=0.0, inplace=False)
      )
      (drop_path): DropPath(p=0.06956521421670914)
      (norm2): LayerNorm((1024,), eps=1e-06, elementwise_affine=True)
      (mlp): Mlp(
        (fc1): Linear(in_features=1024, out_features=4096, bias=True)
        (act): GELU(approximate='none')
        (fc2): Linear(in_features=4096, out_features=1024, bias=True)
        (drop): Dropout(p=0.0, inplace=False)
      )
    )
    (17): Block(
      (norm1): LayerNorm((1024,), eps=1e-06, elementwise_affine=True)
      (attn): Attention(
        (qkv): Linear(in_features=1024, out_features=3072, bias=False)
        (attn_drop): Dropout(p=0.0, inplace=False)
        (proj): Linear(in_features=1024, out_features=1024, bias=True)
        (proj_drop): Dropout(p=0.0, inplace=False)
      )
      (drop_path): DropPath(p=0.07391304522752762)
      (norm2): LayerNorm((1024,), eps=1e-06, elementwise_affine=True)
      (mlp): Mlp(
        (fc1): Linear(in_features=1024, out_features=4096, bias=True)
        (act): GELU(approximate='none')
        (fc2): Linear(in_features=4096, out_features=1024, bias=True)
        (drop): Dropout(p=0.0, inplace=False)
      )
    )
    (18): Block(
      (norm1): LayerNorm((1024,), eps=1e-06, elementwise_affine=True)
      (attn): Attention(
        (qkv): Linear(in_features=1024, out_features=3072, bias=False)
        (attn_drop): Dropout(p=0.0, inplace=False)
        (proj): Linear(in_features=1024, out_features=1024, bias=True)
        (proj_drop): Dropout(p=0.0, inplace=False)
      )
      (drop_path): DropPath(p=0.0782608687877655)
      (norm2): LayerNorm((1024,), eps=1e-06, elementwise_affine=True)
      (mlp): Mlp(
        (fc1): Linear(in_features=1024, out_features=4096, bias=True)
        (act): GELU(approximate='none')
        (fc2): Linear(in_features=4096, out_features=1024, bias=True)
        (drop): Dropout(p=0.0, inplace=False)
      )
    )
    (19): Block(
      (norm1): LayerNorm((1024,), eps=1e-06, elementwise_affine=True)
      (attn): Attention(
        (qkv): Linear(in_features=1024, out_features=3072, bias=False)
        (attn_drop): Dropout(p=0.0, inplace=False)
        (proj): Linear(in_features=1024, out_features=1024, bias=True)
        (proj_drop): Dropout(p=0.0, inplace=False)
      )
      (drop_path): DropPath(p=0.08260869979858398)
      (norm2): LayerNorm((1024,), eps=1e-06, elementwise_affine=True)
      (mlp): Mlp(
        (fc1): Linear(in_features=1024, out_features=4096, bias=True)
        (act): GELU(approximate='none')
        (fc2): Linear(in_features=4096, out_features=1024, bias=True)
        (drop): Dropout(p=0.0, inplace=False)
      )
    )
    (20): Block(
      (norm1): LayerNorm((1024,), eps=1e-06, elementwise_affine=True)
      (attn): Attention(
        (qkv): Linear(in_features=1024, out_features=3072, bias=False)
        (attn_drop): Dropout(p=0.0, inplace=False)
        (proj): Linear(in_features=1024, out_features=1024, bias=True)
        (proj_drop): Dropout(p=0.0, inplace=False)
      )
      (drop_path): DropPath(p=0.08695652335882187)
      (norm2): LayerNorm((1024,), eps=1e-06, elementwise_affine=True)
      (mlp): Mlp(
        (fc1): Linear(in_features=1024, out_features=4096, bias=True)
        (act): GELU(approximate='none')
        (fc2): Linear(in_features=4096, out_features=1024, bias=True)
        (drop): Dropout(p=0.0, inplace=False)
      )
    )
    (21): Block(
      (norm1): LayerNorm((1024,), eps=1e-06, elementwise_affine=True)
      (attn): Attention(
        (qkv): Linear(in_features=1024, out_features=3072, bias=False)
        (attn_drop): Dropout(p=0.0, inplace=False)
        (proj): Linear(in_features=1024, out_features=1024, bias=True)
        (proj_drop): Dropout(p=0.0, inplace=False)
      )
      (drop_path): DropPath(p=0.09130434691905975)
      (norm2): LayerNorm((1024,), eps=1e-06, elementwise_affine=True)
      (mlp): Mlp(
        (fc1): Linear(in_features=1024, out_features=4096, bias=True)
        (act): GELU(approximate='none')
        (fc2): Linear(in_features=4096, out_features=1024, bias=True)
        (drop): Dropout(p=0.0, inplace=False)
      )
    )
    (22): Block(
      (norm1): LayerNorm((1024,), eps=1e-06, elementwise_affine=True)
      (attn): Attention(
        (qkv): Linear(in_features=1024, out_features=3072, bias=False)
        (attn_drop): Dropout(p=0.0, inplace=False)
        (proj): Linear(in_features=1024, out_features=1024, bias=True)
        (proj_drop): Dropout(p=0.0, inplace=False)
      )
      (drop_path): DropPath(p=0.09565217792987823)
      (norm2): LayerNorm((1024,), eps=1e-06, elementwise_affine=True)
      (mlp): Mlp(
        (fc1): Linear(in_features=1024, out_features=4096, bias=True)
        (act): GELU(approximate='none')
        (fc2): Linear(in_features=4096, out_features=1024, bias=True)
        (drop): Dropout(p=0.0, inplace=False)
      )
    )
    (23): Block(
      (norm1): LayerNorm((1024,), eps=1e-06, elementwise_affine=True)
      (attn): Attention(
        (qkv): Linear(in_features=1024, out_features=3072, bias=False)
        (attn_drop): Dropout(p=0.0, inplace=False)
        (proj): Linear(in_features=1024, out_features=1024, bias=True)
        (proj_drop): Dropout(p=0.0, inplace=False)
      )
      (drop_path): DropPath(p=0.10000000149011612)
      (norm2): LayerNorm((1024,), eps=1e-06, elementwise_affine=True)
      (mlp): Mlp(
        (fc1): Linear(in_features=1024, out_features=4096, bias=True)
        (act): GELU(approximate='none')
        (fc2): Linear(in_features=4096, out_features=1024, bias=True)
        (drop): Dropout(p=0.0, inplace=False)
      )
    )
  )
  (norm): LayerNorm((1024,), eps=1e-06, elementwise_affine=True)
  (head): Linear(in_features=1024, out_features=1000, bias=True)
)
normalization method:  imagenet
  S1_ce fold0 ep01/40 loss=1.0061 val_bacc=0.4492 (80s)
  S1_ce fold0 ep02/40 loss=0.5362 val_bacc=0.6217 (79s)
  S1_ce fold0 ep03/40 loss=0.4908 val_bacc=0.6750 (78s)
  S1_ce fold0 ep04/40 loss=0.4444 val_bacc=0.5700 (78s)
  S1_ce fold0 ep05/40 loss=0.4219 val_bacc=0.7186 (78s)
  S1_ce fold0 ep06/40 loss=0.4419 val_bacc=0.6308 (78s)
  S1_ce fold0 ep07/40 loss=0.3826 val_bacc=0.6308 (79s)
  S1_ce fold0 ep08/40 loss=0.3797 val_bacc=0.6525 (78s)
  S1_ce fold0 ep09/40 loss=0.3554 val_bacc=0.6322 (79s)
  S1_ce fold0 ep10/40 loss=0.3381 val_bacc=0.6811 (78s)
  S1_ce fold0 ep11/40 loss=0.3196 val_bacc=0.6086 (78s)
  S1_ce fold0 ep12/40 loss=0.3182 val_bacc=0.6050 (79s)
  S1_ce fold0 ep13/40 loss=0.3112 val_bacc=0.6553 (78s)
  S1_ce fold0 ep14/40 loss=0.2704 val_bacc=0.6892 (79s)
  S1_ce fold0 ep15/40 loss=0.2588 val_bacc=0.6394 (78s)
  [early stop] ep15 best_val=0.7186
  → S1_ce_e2e fold0: test BACC=0.6884 severe_recall=0.6410 MAE=0.2074 MAE_true=0.3926 · 15 ep · 78s/ep · GPU peak 1465 MB
normalization method:  imagenet
normalization method:  imagenet
  feats (3662, 1024) → w10_lora_feats_S1_ce_fold0.npy (85s · 43.1 img/s)
    S1_ce__B0   fold0: BACC=0.6852 severe_recall=0.4103 MAE=0.2074 MAE_true=0.4035
    S1_ce__B1   fold0: BACC=0.6930 severe_recall=0.4872 MAE=0.2196 MAE_true=0.3941
    S1_ce__B3   fold0: BACC=0.7067 severe_recall=0.6667 MAE=0.2374 MAE_true=0.3639
    S1_ce__B4   fold0: BACC=0.6945 severe_recall=0.5128 MAE=0.2237 MAE_true=0.3949
    S1_ce__ldam fold0: BACC=0.6854 severe_recall=0.5641 MAE=0.2347 MAE_true=0.4159
    S1_ce__la   fold0: BACC=0.6953 severe_recall=0.5385 MAE=0.2442 MAE_true=0.4028

======================================================================
arm            n_fold     BACC      MCC      MAE  MAE_true
S1_ce_e2e           1   0.6884   0.7416   0.2074    0.3926
S1_ce__B0           1   0.6852   0.7602   0.2074    0.4035
S1_ce__B1           1   0.6930   0.7454   0.2196    0.3941
S1_ce__B3           1   0.7067   0.7135   0.2374    0.3639
S1_ce__B4           1   0.6945   0.7389   0.2237    0.3949
S1_ce__ldam         1   0.6854   0.7368   0.2347    0.4159
S1_ce__la           1   0.6953   0.7293   0.2442    0.4028
======================================================================

총 21.7 분 · 저장: /home/junkim/paper_ajou_dev/PanDerm/output_dir/p6_regime_f/w10_decouple_fold_scores.csv
🔬 w10 E2 (탐색적 · 사후) · 프로토콜 docs/date/2026-09-03_12th_meeting/research_note/w10_unconstrained_methods_protocol.md §4
device=cuda · arms=['S1_ce'] · folds=[1] · stage=all · epochs=40 · patience=10 · prefix=w10_
→ /home/junkim/paper_ajou_dev/PanDerm/output_dir/p6_regime_f/w10_decouple_fold_scores.csv

=== S1_ce · fold 1 (train 2929 / test 733) ===
/home/junkim/miniconda3/envs/paper/lib/python3.11/site-packages/timm/models/layers/__init__.py:49: FutureWarning: Importing from timm.models.layers is deprecated, please import via timm.layers
  warnings.warn(f"Importing from {__name__} is deprecated, please import via timm.layers", FutureWarning)
/home/junkim/miniconda3/envs/paper/lib/python3.11/site-packages/timm/models/registry.py:4: FutureWarning: Importing from timm.models.registry is deprecated, please import via timm.models
  warnings.warn(f"Importing from {__name__} is deprecated, please import via timm.models", FutureWarning)
/home/junkim/miniconda3/envs/paper/lib/python3.11/site-packages/torch/functional.py:534: UserWarning: torch.meshgrid: in an upcoming release, it will be required to pass the indexing argument. (Triggered internally at ../aten/src/ATen/native/TensorShape.cpp:3595.)
  return _VF.meshgrid(tensors, **kwargs)  # type: ignore[attr-defined]
normalization method:  imagenet
normalization method:  imagenet
loading model checkpoint
VisionTransformer(
  (patch_embed): PatchEmbed(
    (proj): Conv2d(3, 1024, kernel_size=(16, 16), stride=(16, 16))
  )
  (pos_drop): Dropout(p=0.0, inplace=False)
  (blocks): ModuleList(
    (0): Block(
      (norm1): LayerNorm((1024,), eps=1e-06, elementwise_affine=True)
      (attn): Attention(
        (qkv): Linear(in_features=1024, out_features=3072, bias=False)
        (attn_drop): Dropout(p=0.0, inplace=False)
        (proj): Linear(in_features=1024, out_features=1024, bias=True)
        (proj_drop): Dropout(p=0.0, inplace=False)
      )
      (drop_path): Identity()
      (norm2): LayerNorm((1024,), eps=1e-06, elementwise_affine=True)
      (mlp): Mlp(
        (fc1): Linear(in_features=1024, out_features=4096, bias=True)
        (act): GELU(approximate='none')
        (fc2): Linear(in_features=4096, out_features=1024, bias=True)
        (drop): Dropout(p=0.0, inplace=False)
      )
    )
    (1): Block(
      (norm1): LayerNorm((1024,), eps=1e-06, elementwise_affine=True)
      (attn): Attention(
        (qkv): Linear(in_features=1024, out_features=3072, bias=False)
        (attn_drop): Dropout(p=0.0, inplace=False)
        (proj): Linear(in_features=1024, out_features=1024, bias=True)
        (proj_drop): Dropout(p=0.0, inplace=False)
      )
      (drop_path): DropPath(p=0.004347826354205608)
      (norm2): LayerNorm((1024,), eps=1e-06, elementwise_affine=True)
      (mlp): Mlp(
        (fc1): Linear(in_features=1024, out_features=4096, bias=True)
        (act): GELU(approximate='none')
        (fc2): Linear(in_features=4096, out_features=1024, bias=True)
        (drop): Dropout(p=0.0, inplace=False)
      )
    )
    (2): Block(
      (norm1): LayerNorm((1024,), eps=1e-06, elementwise_affine=True)
      (attn): Attention(
        (qkv): Linear(in_features=1024, out_features=3072, bias=False)
        (attn_drop): Dropout(p=0.0, inplace=False)
        (proj): Linear(in_features=1024, out_features=1024, bias=True)
        (proj_drop): Dropout(p=0.0, inplace=False)
      )
      (drop_path): DropPath(p=0.008695652708411217)
      (norm2): LayerNorm((1024,), eps=1e-06, elementwise_affine=True)
      (mlp): Mlp(
        (fc1): Linear(in_features=1024, out_features=4096, bias=True)
        (act): GELU(approximate='none')
        (fc2): Linear(in_features=4096, out_features=1024, bias=True)
        (drop): Dropout(p=0.0, inplace=False)
      )
    )
    (3): Block(
      (norm1): LayerNorm((1024,), eps=1e-06, elementwise_affine=True)
      (attn): Attention(
        (qkv): Linear(in_features=1024, out_features=3072, bias=False)
        (attn_drop): Dropout(p=0.0, inplace=False)
        (proj): Linear(in_features=1024, out_features=1024, bias=True)
        (proj_drop): Dropout(p=0.0, inplace=False)
      )
      (drop_path): DropPath(p=0.013043479062616825)
      (norm2): LayerNorm((1024,), eps=1e-06, elementwise_affine=True)
      (mlp): Mlp(
        (fc1): Linear(in_features=1024, out_features=4096, bias=True)
        (act): GELU(approximate='none')
        (fc2): Linear(in_features=4096, out_features=1024, bias=True)
        (drop): Dropout(p=0.0, inplace=False)
      )
    )
    (4): Block(
      (norm1): LayerNorm((1024,), eps=1e-06, elementwise_affine=True)
      (attn): Attention(
        (qkv): Linear(in_features=1024, out_features=3072, bias=False)
        (attn_drop): Dropout(p=0.0, inplace=False)
        (proj): Linear(in_features=1024, out_features=1024, bias=True)
        (proj_drop): Dropout(p=0.0, inplace=False)
      )
      (drop_path): DropPath(p=0.017391305416822433)
      (norm2): LayerNorm((1024,), eps=1e-06, elementwise_affine=True)
      (mlp): Mlp(
        (fc1): Linear(in_features=1024, out_features=4096, bias=True)
        (act): GELU(approximate='none')
        (fc2): Linear(in_features=4096, out_features=1024, bias=True)
        (drop): Dropout(p=0.0, inplace=False)
      )
    )
    (5): Block(
      (norm1): LayerNorm((1024,), eps=1e-06, elementwise_affine=True)
      (attn): Attention(
        (qkv): Linear(in_features=1024, out_features=3072, bias=False)
        (attn_drop): Dropout(p=0.0, inplace=False)
        (proj): Linear(in_features=1024, out_features=1024, bias=True)
        (proj_drop): Dropout(p=0.0, inplace=False)
      )
      (drop_path): DropPath(p=0.021739132702350616)
      (norm2): LayerNorm((1024,), eps=1e-06, elementwise_affine=True)
      (mlp): Mlp(
        (fc1): Linear(in_features=1024, out_features=4096, bias=True)
        (act): GELU(approximate='none')
        (fc2): Linear(in_features=4096, out_features=1024, bias=True)
        (drop): Dropout(p=0.0, inplace=False)
      )
    )
    (6): Block(
      (norm1): LayerNorm((1024,), eps=1e-06, elementwise_affine=True)
      (attn): Attention(
        (qkv): Linear(in_features=1024, out_features=3072, bias=False)
        (attn_drop): Dropout(p=0.0, inplace=False)
        (proj): Linear(in_features=1024, out_features=1024, bias=True)
        (proj_drop): Dropout(p=0.0, inplace=False)
      )
      (drop_path): DropPath(p=0.02608695812523365)
      (norm2): LayerNorm((1024,), eps=1e-06, elementwise_affine=True)
      (mlp): Mlp(
        (fc1): Linear(in_features=1024, out_features=4096, bias=True)
        (act): GELU(approximate='none')
        (fc2): Linear(in_features=4096, out_features=1024, bias=True)
        (drop): Dropout(p=0.0, inplace=False)
      )
    )
    (7): Block(
      (norm1): LayerNorm((1024,), eps=1e-06, elementwise_affine=True)
      (attn): Attention(
        (qkv): Linear(in_features=1024, out_features=3072, bias=False)
        (attn_drop): Dropout(p=0.0, inplace=False)
        (proj): Linear(in_features=1024, out_features=1024, bias=True)
        (proj_drop): Dropout(p=0.0, inplace=False)
      )
      (drop_path): DropPath(p=0.030434783548116684)
      (norm2): LayerNorm((1024,), eps=1e-06, elementwise_affine=True)
      (mlp): Mlp(
        (fc1): Linear(in_features=1024, out_features=4096, bias=True)
        (act): GELU(approximate='none')
        (fc2): Linear(in_features=4096, out_features=1024, bias=True)
        (drop): Dropout(p=0.0, inplace=False)
      )
    )
    (8): Block(
      (norm1): LayerNorm((1024,), eps=1e-06, elementwise_affine=True)
      (attn): Attention(
        (qkv): Linear(in_features=1024, out_features=3072, bias=False)
        (attn_drop): Dropout(p=0.0, inplace=False)
        (proj): Linear(in_features=1024, out_features=1024, bias=True)
        (proj_drop): Dropout(p=0.0, inplace=False)
      )
      (drop_path): DropPath(p=0.03478261083364487)
      (norm2): LayerNorm((1024,), eps=1e-06, elementwise_affine=True)
      (mlp): Mlp(
        (fc1): Linear(in_features=1024, out_features=4096, bias=True)
        (act): GELU(approximate='none')
        (fc2): Linear(in_features=4096, out_features=1024, bias=True)
        (drop): Dropout(p=0.0, inplace=False)
      )
    )
    (9): Block(
      (norm1): LayerNorm((1024,), eps=1e-06, elementwise_affine=True)
      (attn): Attention(
        (qkv): Linear(in_features=1024, out_features=3072, bias=False)
        (attn_drop): Dropout(p=0.0, inplace=False)
        (proj): Linear(in_features=1024, out_features=1024, bias=True)
        (proj_drop): Dropout(p=0.0, inplace=False)
      )
      (drop_path): DropPath(p=0.03913043811917305)
      (norm2): LayerNorm((1024,), eps=1e-06, elementwise_affine=True)
      (mlp): Mlp(
        (fc1): Linear(in_features=1024, out_features=4096, bias=True)
        (act): GELU(approximate='none')
        (fc2): Linear(in_features=4096, out_features=1024, bias=True)
        (drop): Dropout(p=0.0, inplace=False)
      )
    )
    (10): Block(
      (norm1): LayerNorm((1024,), eps=1e-06, elementwise_affine=True)
      (attn): Attention(
        (qkv): Linear(in_features=1024, out_features=3072, bias=False)
        (attn_drop): Dropout(p=0.0, inplace=False)
        (proj): Linear(in_features=1024, out_features=1024, bias=True)
        (proj_drop): Dropout(p=0.0, inplace=False)
      )
      (drop_path): DropPath(p=0.04347826540470123)
      (norm2): LayerNorm((1024,), eps=1e-06, elementwise_affine=True)
      (mlp): Mlp(
        (fc1): Linear(in_features=1024, out_features=4096, bias=True)
        (act): GELU(approximate='none')
        (fc2): Linear(in_features=4096, out_features=1024, bias=True)
        (drop): Dropout(p=0.0, inplace=False)
      )
    )
    (11): Block(
      (norm1): LayerNorm((1024,), eps=1e-06, elementwise_affine=True)
      (attn): Attention(
        (qkv): Linear(in_features=1024, out_features=3072, bias=False)
        (attn_drop): Dropout(p=0.0, inplace=False)
        (proj): Linear(in_features=1024, out_features=1024, bias=True)
        (proj_drop): Dropout(p=0.0, inplace=False)
      )
      (drop_path): DropPath(p=0.04782608896493912)
      (norm2): LayerNorm((1024,), eps=1e-06, elementwise_affine=True)
      (mlp): Mlp(
        (fc1): Linear(in_features=1024, out_features=4096, bias=True)
        (act): GELU(approximate='none')
        (fc2): Linear(in_features=4096, out_features=1024, bias=True)
        (drop): Dropout(p=0.0, inplace=False)
      )
    )
    (12): Block(
      (norm1): LayerNorm((1024,), eps=1e-06, elementwise_affine=True)
      (attn): Attention(
        (qkv): Linear(in_features=1024, out_features=3072, bias=False)
        (attn_drop): Dropout(p=0.0, inplace=False)
        (proj): Linear(in_features=1024, out_features=1024, bias=True)
        (proj_drop): Dropout(p=0.0, inplace=False)
      )
      (drop_path): DropPath(p=0.052173912525177)
      (norm2): LayerNorm((1024,), eps=1e-06, elementwise_affine=True)
      (mlp): Mlp(
        (fc1): Linear(in_features=1024, out_features=4096, bias=True)
        (act): GELU(approximate='none')
        (fc2): Linear(in_features=4096, out_features=1024, bias=True)
        (drop): Dropout(p=0.0, inplace=False)
      )
    )
    (13): Block(
      (norm1): LayerNorm((1024,), eps=1e-06, elementwise_affine=True)
      (attn): Attention(
        (qkv): Linear(in_features=1024, out_features=3072, bias=False)
        (attn_drop): Dropout(p=0.0, inplace=False)
        (proj): Linear(in_features=1024, out_features=1024, bias=True)
        (proj_drop): Dropout(p=0.0, inplace=False)
      )
      (drop_path): DropPath(p=0.056521736085414886)
      (norm2): LayerNorm((1024,), eps=1e-06, elementwise_affine=True)
      (mlp): Mlp(
        (fc1): Linear(in_features=1024, out_features=4096, bias=True)
        (act): GELU(approximate='none')
        (fc2): Linear(in_features=4096, out_features=1024, bias=True)
        (drop): Dropout(p=0.0, inplace=False)
      )
    )
    (14): Block(
      (norm1): LayerNorm((1024,), eps=1e-06, elementwise_affine=True)
      (attn): Attention(
        (qkv): Linear(in_features=1024, out_features=3072, bias=False)
        (attn_drop): Dropout(p=0.0, inplace=False)
        (proj): Linear(in_features=1024, out_features=1024, bias=True)
        (proj_drop): Dropout(p=0.0, inplace=False)
      )
      (drop_path): DropPath(p=0.06086956337094307)
      (norm2): LayerNorm((1024,), eps=1e-06, elementwise_affine=True)
      (mlp): Mlp(
        (fc1): Linear(in_features=1024, out_features=4096, bias=True)
        (act): GELU(approximate='none')
        (fc2): Linear(in_features=4096, out_features=1024, bias=True)
        (drop): Dropout(p=0.0, inplace=False)
      )
    )
    (15): Block(
      (norm1): LayerNorm((1024,), eps=1e-06, elementwise_affine=True)
      (attn): Attention(
        (qkv): Linear(in_features=1024, out_features=3072, bias=False)
        (attn_drop): Dropout(p=0.0, inplace=False)
        (proj): Linear(in_features=1024, out_features=1024, bias=True)
        (proj_drop): Dropout(p=0.0, inplace=False)
      )
      (drop_path): DropPath(p=0.06521739065647125)
      (norm2): LayerNorm((1024,), eps=1e-06, elementwise_affine=True)
      (mlp): Mlp(
        (fc1): Linear(in_features=1024, out_features=4096, bias=True)
        (act): GELU(approximate='none')
        (fc2): Linear(in_features=4096, out_features=1024, bias=True)
        (drop): Dropout(p=0.0, inplace=False)
      )
    )
    (16): Block(
      (norm1): LayerNorm((1024,), eps=1e-06, elementwise_affine=True)
      (attn): Attention(
        (qkv): Linear(in_features=1024, out_features=3072, bias=False)
        (attn_drop): Dropout(p=0.0, inplace=False)
        (proj): Linear(in_features=1024, out_features=1024, bias=True)
        (proj_drop): Dropout(p=0.0, inplace=False)
      )
      (drop_path): DropPath(p=0.06956521421670914)
      (norm2): LayerNorm((1024,), eps=1e-06, elementwise_affine=True)
      (mlp): Mlp(
        (fc1): Linear(in_features=1024, out_features=4096, bias=True)
        (act): GELU(approximate='none')
        (fc2): Linear(in_features=4096, out_features=1024, bias=True)
        (drop): Dropout(p=0.0, inplace=False)
      )
    )
    (17): Block(
      (norm1): LayerNorm((1024,), eps=1e-06, elementwise_affine=True)
      (attn): Attention(
        (qkv): Linear(in_features=1024, out_features=3072, bias=False)
        (attn_drop): Dropout(p=0.0, inplace=False)
        (proj): Linear(in_features=1024, out_features=1024, bias=True)
        (proj_drop): Dropout(p=0.0, inplace=False)
      )
      (drop_path): DropPath(p=0.07391304522752762)
      (norm2): LayerNorm((1024,), eps=1e-06, elementwise_affine=True)
      (mlp): Mlp(
        (fc1): Linear(in_features=1024, out_features=4096, bias=True)
        (act): GELU(approximate='none')
        (fc2): Linear(in_features=4096, out_features=1024, bias=True)
        (drop): Dropout(p=0.0, inplace=False)
      )
    )
    (18): Block(
      (norm1): LayerNorm((1024,), eps=1e-06, elementwise_affine=True)
      (attn): Attention(
        (qkv): Linear(in_features=1024, out_features=3072, bias=False)
        (attn_drop): Dropout(p=0.0, inplace=False)
        (proj): Linear(in_features=1024, out_features=1024, bias=True)
        (proj_drop): Dropout(p=0.0, inplace=False)
      )
      (drop_path): DropPath(p=0.0782608687877655)
      (norm2): LayerNorm((1024,), eps=1e-06, elementwise_affine=True)
      (mlp): Mlp(
        (fc1): Linear(in_features=1024, out_features=4096, bias=True)
        (act): GELU(approximate='none')
        (fc2): Linear(in_features=4096, out_features=1024, bias=True)
        (drop): Dropout(p=0.0, inplace=False)
      )
    )
    (19): Block(
      (norm1): LayerNorm((1024,), eps=1e-06, elementwise_affine=True)
      (attn): Attention(
        (qkv): Linear(in_features=1024, out_features=3072, bias=False)
        (attn_drop): Dropout(p=0.0, inplace=False)
        (proj): Linear(in_features=1024, out_features=1024, bias=True)
        (proj_drop): Dropout(p=0.0, inplace=False)
      )
      (drop_path): DropPath(p=0.08260869979858398)
      (norm2): LayerNorm((1024,), eps=1e-06, elementwise_affine=True)
      (mlp): Mlp(
        (fc1): Linear(in_features=1024, out_features=4096, bias=True)
        (act): GELU(approximate='none')
        (fc2): Linear(in_features=4096, out_features=1024, bias=True)
        (drop): Dropout(p=0.0, inplace=False)
      )
    )
    (20): Block(
      (norm1): LayerNorm((1024,), eps=1e-06, elementwise_affine=True)
      (attn): Attention(
        (qkv): Linear(in_features=1024, out_features=3072, bias=False)
        (attn_drop): Dropout(p=0.0, inplace=False)
        (proj): Linear(in_features=1024, out_features=1024, bias=True)
        (proj_drop): Dropout(p=0.0, inplace=False)
      )
      (drop_path): DropPath(p=0.08695652335882187)
      (norm2): LayerNorm((1024,), eps=1e-06, elementwise_affine=True)
      (mlp): Mlp(
        (fc1): Linear(in_features=1024, out_features=4096, bias=True)
        (act): GELU(approximate='none')
        (fc2): Linear(in_features=4096, out_features=1024, bias=True)
        (drop): Dropout(p=0.0, inplace=False)
      )
    )
    (21): Block(
      (norm1): LayerNorm((1024,), eps=1e-06, elementwise_affine=True)
      (attn): Attention(
        (qkv): Linear(in_features=1024, out_features=3072, bias=False)
        (attn_drop): Dropout(p=0.0, inplace=False)
        (proj): Linear(in_features=1024, out_features=1024, bias=True)
        (proj_drop): Dropout(p=0.0, inplace=False)
      )
      (drop_path): DropPath(p=0.09130434691905975)
      (norm2): LayerNorm((1024,), eps=1e-06, elementwise_affine=True)
      (mlp): Mlp(
        (fc1): Linear(in_features=1024, out_features=4096, bias=True)
        (act): GELU(approximate='none')
        (fc2): Linear(in_features=4096, out_features=1024, bias=True)
        (drop): Dropout(p=0.0, inplace=False)
      )
    )
    (22): Block(
      (norm1): LayerNorm((1024,), eps=1e-06, elementwise_affine=True)
      (attn): Attention(
        (qkv): Linear(in_features=1024, out_features=3072, bias=False)
        (attn_drop): Dropout(p=0.0, inplace=False)
        (proj): Linear(in_features=1024, out_features=1024, bias=True)
        (proj_drop): Dropout(p=0.0, inplace=False)
      )
      (drop_path): DropPath(p=0.09565217792987823)
      (norm2): LayerNorm((1024,), eps=1e-06, elementwise_affine=True)
      (mlp): Mlp(
        (fc1): Linear(in_features=1024, out_features=4096, bias=True)
        (act): GELU(approximate='none')
        (fc2): Linear(in_features=4096, out_features=1024, bias=True)
        (drop): Dropout(p=0.0, inplace=False)
      )
    )
    (23): Block(
      (norm1): LayerNorm((1024,), eps=1e-06, elementwise_affine=True)
      (attn): Attention(
        (qkv): Linear(in_features=1024, out_features=3072, bias=False)
        (attn_drop): Dropout(p=0.0, inplace=False)
        (proj): Linear(in_features=1024, out_features=1024, bias=True)
        (proj_drop): Dropout(p=0.0, inplace=False)
      )
      (drop_path): DropPath(p=0.10000000149011612)
      (norm2): LayerNorm((1024,), eps=1e-06, elementwise_affine=True)
      (mlp): Mlp(
        (fc1): Linear(in_features=1024, out_features=4096, bias=True)
        (act): GELU(approximate='none')
        (fc2): Linear(in_features=4096, out_features=1024, bias=True)
        (drop): Dropout(p=0.0, inplace=False)
      )
    )
  )
  (norm): LayerNorm((1024,), eps=1e-06, elementwise_affine=True)
  (head): Linear(in_features=1024, out_features=1000, bias=True)
)
normalization method:  imagenet
  S1_ce fold1 ep01/40 loss=1.0065 val_bacc=0.4508 (80s)
  S1_ce fold1 ep02/40 loss=0.5305 val_bacc=0.5992 (78s)
  S1_ce fold1 ep03/40 loss=0.4715 val_bacc=0.6292 (78s)
  S1_ce fold1 ep04/40 loss=0.4326 val_bacc=0.5717 (79s)
  S1_ce fold1 ep05/40 loss=0.3985 val_bacc=0.6875 (79s)
  S1_ce fold1 ep06/40 loss=0.4055 val_bacc=0.6017 (78s)
  S1_ce fold1 ep07/40 loss=0.3623 val_bacc=0.6258 (79s)
  S1_ce fold1 ep08/40 loss=0.3497 val_bacc=0.6633 (77s)
  S1_ce fold1 ep09/40 loss=0.3416 val_bacc=0.6567 (78s)
  S1_ce fold1 ep10/40 loss=0.3171 val_bacc=0.6947 (78s)
  S1_ce fold1 ep11/40 loss=0.3081 val_bacc=0.6142 (78s)
  S1_ce fold1 ep12/40 loss=0.2874 val_bacc=0.5964 (79s)
  S1_ce fold1 ep13/40 loss=0.2569 val_bacc=0.6450 (79s)
  S1_ce fold1 ep14/40 loss=0.2502 val_bacc=0.6092 (78s)
  S1_ce fold1 ep15/40 loss=0.2358 val_bacc=0.6550 (79s)
  S1_ce fold1 ep16/40 loss=0.2266 val_bacc=0.6708 (78s)
  S1_ce fold1 ep17/40 loss=0.2189 val_bacc=0.6992 (79s)
  S1_ce fold1 ep18/40 loss=0.1960 val_bacc=0.6542 (78s)
  S1_ce fold1 ep19/40 loss=0.1951 val_bacc=0.6967 (79s)
  S1_ce fold1 ep20/40 loss=0.1494 val_bacc=0.7108 (77s)
  S1_ce fold1 ep21/40 loss=0.1540 val_bacc=0.6917 (78s)
  S1_ce fold1 ep22/40 loss=0.1467 val_bacc=0.6992 (78s)
  S1_ce fold1 ep23/40 loss=0.1410 val_bacc=0.6833 (78s)
  S1_ce fold1 ep24/40 loss=0.1250 val_bacc=0.6808 (78s)
  S1_ce fold1 ep25/40 loss=0.1227 val_bacc=0.6683 (78s)
  S1_ce fold1 ep26/40 loss=0.1052 val_bacc=0.6750 (79s)
  S1_ce fold1 ep27/40 loss=0.0878 val_bacc=0.7008 (80s)
  S1_ce fold1 ep28/40 loss=0.0949 val_bacc=0.6617 (78s)
  S1_ce fold1 ep29/40 loss=0.0852 val_bacc=0.6542 (78s)
  S1_ce fold1 ep30/40 loss=0.0823 val_bacc=0.6558 (77s)
  [early stop] ep30 best_val=0.7108
  → S1_ce_e2e fold1: test BACC=0.6734 severe_recall=0.3590 MAE=0.2292 MAE_true=0.4332 · 30 ep · 78s/ep · GPU peak 1465 MB
normalization method:  imagenet
normalization method:  imagenet
  feats (3662, 1024) → w10_lora_feats_S1_ce_fold1.npy (84s · 43.6 img/s)
    S1_ce__B0   fold1: BACC=0.6698 severe_recall=0.3590 MAE=0.2196 MAE_true=0.4271
    S1_ce__B1   fold1: BACC=0.6880 severe_recall=0.4615 MAE=0.2183 MAE_true=0.4055
    S1_ce__B3   fold1: BACC=0.6773 severe_recall=0.4359 MAE=0.2565 MAE_true=0.4107
    S1_ce__B4   fold1: BACC=0.6855 severe_recall=0.4103 MAE=0.2224 MAE_true=0.4047
    S1_ce__ldam fold1: BACC=0.6627 severe_recall=0.3846 MAE=0.2251 MAE_true=0.4279
    S1_ce__la   fold1: BACC=0.6939 severe_recall=0.4615 MAE=0.2210 MAE_true=0.3959

======================================================================
arm            n_fold     BACC      MCC      MAE  MAE_true
S1_ce_e2e           2   0.6809   0.7355   0.2183    0.4129
S1_ce__B0           2   0.6775   0.7535   0.2135    0.4153
S1_ce__B1           2   0.6905   0.7466   0.2190    0.3998
S1_ce__B3           2   0.6920   0.7065   0.2469    0.3873
S1_ce__B4           2   0.6900   0.7396   0.2231    0.3998
S1_ce__ldam         2   0.6741   0.7360   0.2299    0.4219
S1_ce__la           2   0.6946   0.7381   0.2326    0.3993
======================================================================

총 41.3 분 · 저장: /home/junkim/paper_ajou_dev/PanDerm/output_dir/p6_regime_f/w10_decouple_fold_scores.csv
🔬 w10 E2 (탐색적 · 사후) · 프로토콜 docs/date/2026-09-03_12th_meeting/research_note/w10_unconstrained_methods_protocol.md §4
device=cuda · arms=['S1_ce'] · folds=[2] · stage=all · epochs=40 · patience=10 · prefix=w10_
→ /home/junkim/paper_ajou_dev/PanDerm/output_dir/p6_regime_f/w10_decouple_fold_scores.csv

=== S1_ce · fold 2 (train 2930 / test 732) ===
/home/junkim/miniconda3/envs/paper/lib/python3.11/site-packages/timm/models/layers/__init__.py:49: FutureWarning: Importing from timm.models.layers is deprecated, please import via timm.layers
  warnings.warn(f"Importing from {__name__} is deprecated, please import via timm.layers", FutureWarning)
/home/junkim/miniconda3/envs/paper/lib/python3.11/site-packages/timm/models/registry.py:4: FutureWarning: Importing from timm.models.registry is deprecated, please import via timm.models
  warnings.warn(f"Importing from {__name__} is deprecated, please import via timm.models", FutureWarning)
/home/junkim/miniconda3/envs/paper/lib/python3.11/site-packages/torch/functional.py:534: UserWarning: torch.meshgrid: in an upcoming release, it will be required to pass the indexing argument. (Triggered internally at ../aten/src/ATen/native/TensorShape.cpp:3595.)
  return _VF.meshgrid(tensors, **kwargs)  # type: ignore[attr-defined]
normalization method:  imagenet
normalization method:  imagenet
loading model checkpoint
VisionTransformer(
  (patch_embed): PatchEmbed(
    (proj): Conv2d(3, 1024, kernel_size=(16, 16), stride=(16, 16))
  )
  (pos_drop): Dropout(p=0.0, inplace=False)
  (blocks): ModuleList(
    (0): Block(
      (norm1): LayerNorm((1024,), eps=1e-06, elementwise_affine=True)
      (attn): Attention(
        (qkv): Linear(in_features=1024, out_features=3072, bias=False)
        (attn_drop): Dropout(p=0.0, inplace=False)
        (proj): Linear(in_features=1024, out_features=1024, bias=True)
        (proj_drop): Dropout(p=0.0, inplace=False)
      )
      (drop_path): Identity()
      (norm2): LayerNorm((1024,), eps=1e-06, elementwise_affine=True)
      (mlp): Mlp(
        (fc1): Linear(in_features=1024, out_features=4096, bias=True)
        (act): GELU(approximate='none')
        (fc2): Linear(in_features=4096, out_features=1024, bias=True)
        (drop): Dropout(p=0.0, inplace=False)
      )
    )
    (1): Block(
      (norm1): LayerNorm((1024,), eps=1e-06, elementwise_affine=True)
      (attn): Attention(
        (qkv): Linear(in_features=1024, out_features=3072, bias=False)
        (attn_drop): Dropout(p=0.0, inplace=False)
        (proj): Linear(in_features=1024, out_features=1024, bias=True)
        (proj_drop): Dropout(p=0.0, inplace=False)
      )
      (drop_path): DropPath(p=0.004347826354205608)
      (norm2): LayerNorm((1024,), eps=1e-06, elementwise_affine=True)
      (mlp): Mlp(
        (fc1): Linear(in_features=1024, out_features=4096, bias=True)
        (act): GELU(approximate='none')
        (fc2): Linear(in_features=4096, out_features=1024, bias=True)
        (drop): Dropout(p=0.0, inplace=False)
      )
    )
    (2): Block(
      (norm1): LayerNorm((1024,), eps=1e-06, elementwise_affine=True)
      (attn): Attention(
        (qkv): Linear(in_features=1024, out_features=3072, bias=False)
        (attn_drop): Dropout(p=0.0, inplace=False)
        (proj): Linear(in_features=1024, out_features=1024, bias=True)
        (proj_drop): Dropout(p=0.0, inplace=False)
      )
      (drop_path): DropPath(p=0.008695652708411217)
      (norm2): LayerNorm((1024,), eps=1e-06, elementwise_affine=True)
      (mlp): Mlp(
        (fc1): Linear(in_features=1024, out_features=4096, bias=True)
        (act): GELU(approximate='none')
        (fc2): Linear(in_features=4096, out_features=1024, bias=True)
        (drop): Dropout(p=0.0, inplace=False)
      )
    )
    (3): Block(
      (norm1): LayerNorm((1024,), eps=1e-06, elementwise_affine=True)
      (attn): Attention(
        (qkv): Linear(in_features=1024, out_features=3072, bias=False)
        (attn_drop): Dropout(p=0.0, inplace=False)
        (proj): Linear(in_features=1024, out_features=1024, bias=True)
        (proj_drop): Dropout(p=0.0, inplace=False)
      )
      (drop_path): DropPath(p=0.013043479062616825)
      (norm2): LayerNorm((1024,), eps=1e-06, elementwise_affine=True)
      (mlp): Mlp(
        (fc1): Linear(in_features=1024, out_features=4096, bias=True)
        (act): GELU(approximate='none')
        (fc2): Linear(in_features=4096, out_features=1024, bias=True)
        (drop): Dropout(p=0.0, inplace=False)
      )
    )
    (4): Block(
      (norm1): LayerNorm((1024,), eps=1e-06, elementwise_affine=True)
      (attn): Attention(
        (qkv): Linear(in_features=1024, out_features=3072, bias=False)
        (attn_drop): Dropout(p=0.0, inplace=False)
        (proj): Linear(in_features=1024, out_features=1024, bias=True)
        (proj_drop): Dropout(p=0.0, inplace=False)
      )
      (drop_path): DropPath(p=0.017391305416822433)
      (norm2): LayerNorm((1024,), eps=1e-06, elementwise_affine=True)
      (mlp): Mlp(
        (fc1): Linear(in_features=1024, out_features=4096, bias=True)
        (act): GELU(approximate='none')
        (fc2): Linear(in_features=4096, out_features=1024, bias=True)
        (drop): Dropout(p=0.0, inplace=False)
      )
    )
    (5): Block(
      (norm1): LayerNorm((1024,), eps=1e-06, elementwise_affine=True)
      (attn): Attention(
        (qkv): Linear(in_features=1024, out_features=3072, bias=False)
        (attn_drop): Dropout(p=0.0, inplace=False)
        (proj): Linear(in_features=1024, out_features=1024, bias=True)
        (proj_drop): Dropout(p=0.0, inplace=False)
      )
      (drop_path): DropPath(p=0.021739132702350616)
      (norm2): LayerNorm((1024,), eps=1e-06, elementwise_affine=True)
      (mlp): Mlp(
        (fc1): Linear(in_features=1024, out_features=4096, bias=True)
        (act): GELU(approximate='none')
        (fc2): Linear(in_features=4096, out_features=1024, bias=True)
        (drop): Dropout(p=0.0, inplace=False)
      )
    )
    (6): Block(
      (norm1): LayerNorm((1024,), eps=1e-06, elementwise_affine=True)
      (attn): Attention(
        (qkv): Linear(in_features=1024, out_features=3072, bias=False)
        (attn_drop): Dropout(p=0.0, inplace=False)
        (proj): Linear(in_features=1024, out_features=1024, bias=True)
        (proj_drop): Dropout(p=0.0, inplace=False)
      )
      (drop_path): DropPath(p=0.02608695812523365)
      (norm2): LayerNorm((1024,), eps=1e-06, elementwise_affine=True)
      (mlp): Mlp(
        (fc1): Linear(in_features=1024, out_features=4096, bias=True)
        (act): GELU(approximate='none')
        (fc2): Linear(in_features=4096, out_features=1024, bias=True)
        (drop): Dropout(p=0.0, inplace=False)
      )
    )
    (7): Block(
      (norm1): LayerNorm((1024,), eps=1e-06, elementwise_affine=True)
      (attn): Attention(
        (qkv): Linear(in_features=1024, out_features=3072, bias=False)
        (attn_drop): Dropout(p=0.0, inplace=False)
        (proj): Linear(in_features=1024, out_features=1024, bias=True)
        (proj_drop): Dropout(p=0.0, inplace=False)
      )
      (drop_path): DropPath(p=0.030434783548116684)
      (norm2): LayerNorm((1024,), eps=1e-06, elementwise_affine=True)
      (mlp): Mlp(
        (fc1): Linear(in_features=1024, out_features=4096, bias=True)
        (act): GELU(approximate='none')
        (fc2): Linear(in_features=4096, out_features=1024, bias=True)
        (drop): Dropout(p=0.0, inplace=False)
      )
    )
    (8): Block(
      (norm1): LayerNorm((1024,), eps=1e-06, elementwise_affine=True)
      (attn): Attention(
        (qkv): Linear(in_features=1024, out_features=3072, bias=False)
        (attn_drop): Dropout(p=0.0, inplace=False)
        (proj): Linear(in_features=1024, out_features=1024, bias=True)
        (proj_drop): Dropout(p=0.0, inplace=False)
      )
      (drop_path): DropPath(p=0.03478261083364487)
      (norm2): LayerNorm((1024,), eps=1e-06, elementwise_affine=True)
      (mlp): Mlp(
        (fc1): Linear(in_features=1024, out_features=4096, bias=True)
        (act): GELU(approximate='none')
        (fc2): Linear(in_features=4096, out_features=1024, bias=True)
        (drop): Dropout(p=0.0, inplace=False)
      )
    )
    (9): Block(
      (norm1): LayerNorm((1024,), eps=1e-06, elementwise_affine=True)
      (attn): Attention(
        (qkv): Linear(in_features=1024, out_features=3072, bias=False)
        (attn_drop): Dropout(p=0.0, inplace=False)
        (proj): Linear(in_features=1024, out_features=1024, bias=True)
        (proj_drop): Dropout(p=0.0, inplace=False)
      )
      (drop_path): DropPath(p=0.03913043811917305)
      (norm2): LayerNorm((1024,), eps=1e-06, elementwise_affine=True)
      (mlp): Mlp(
        (fc1): Linear(in_features=1024, out_features=4096, bias=True)
        (act): GELU(approximate='none')
        (fc2): Linear(in_features=4096, out_features=1024, bias=True)
        (drop): Dropout(p=0.0, inplace=False)
      )
    )
    (10): Block(
      (norm1): LayerNorm((1024,), eps=1e-06, elementwise_affine=True)
      (attn): Attention(
        (qkv): Linear(in_features=1024, out_features=3072, bias=False)
        (attn_drop): Dropout(p=0.0, inplace=False)
        (proj): Linear(in_features=1024, out_features=1024, bias=True)
        (proj_drop): Dropout(p=0.0, inplace=False)
      )
      (drop_path): DropPath(p=0.04347826540470123)
      (norm2): LayerNorm((1024,), eps=1e-06, elementwise_affine=True)
      (mlp): Mlp(
        (fc1): Linear(in_features=1024, out_features=4096, bias=True)
        (act): GELU(approximate='none')
        (fc2): Linear(in_features=4096, out_features=1024, bias=True)
        (drop): Dropout(p=0.0, inplace=False)
      )
    )
    (11): Block(
      (norm1): LayerNorm((1024,), eps=1e-06, elementwise_affine=True)
      (attn): Attention(
        (qkv): Linear(in_features=1024, out_features=3072, bias=False)
        (attn_drop): Dropout(p=0.0, inplace=False)
        (proj): Linear(in_features=1024, out_features=1024, bias=True)
        (proj_drop): Dropout(p=0.0, inplace=False)
      )
      (drop_path): DropPath(p=0.04782608896493912)
      (norm2): LayerNorm((1024,), eps=1e-06, elementwise_affine=True)
      (mlp): Mlp(
        (fc1): Linear(in_features=1024, out_features=4096, bias=True)
        (act): GELU(approximate='none')
        (fc2): Linear(in_features=4096, out_features=1024, bias=True)
        (drop): Dropout(p=0.0, inplace=False)
      )
    )
    (12): Block(
      (norm1): LayerNorm((1024,), eps=1e-06, elementwise_affine=True)
      (attn): Attention(
        (qkv): Linear(in_features=1024, out_features=3072, bias=False)
        (attn_drop): Dropout(p=0.0, inplace=False)
        (proj): Linear(in_features=1024, out_features=1024, bias=True)
        (proj_drop): Dropout(p=0.0, inplace=False)
      )
      (drop_path): DropPath(p=0.052173912525177)
      (norm2): LayerNorm((1024,), eps=1e-06, elementwise_affine=True)
      (mlp): Mlp(
        (fc1): Linear(in_features=1024, out_features=4096, bias=True)
        (act): GELU(approximate='none')
        (fc2): Linear(in_features=4096, out_features=1024, bias=True)
        (drop): Dropout(p=0.0, inplace=False)
      )
    )
    (13): Block(
      (norm1): LayerNorm((1024,), eps=1e-06, elementwise_affine=True)
      (attn): Attention(
        (qkv): Linear(in_features=1024, out_features=3072, bias=False)
        (attn_drop): Dropout(p=0.0, inplace=False)
        (proj): Linear(in_features=1024, out_features=1024, bias=True)
        (proj_drop): Dropout(p=0.0, inplace=False)
      )
      (drop_path): DropPath(p=0.056521736085414886)
      (norm2): LayerNorm((1024,), eps=1e-06, elementwise_affine=True)
      (mlp): Mlp(
        (fc1): Linear(in_features=1024, out_features=4096, bias=True)
        (act): GELU(approximate='none')
        (fc2): Linear(in_features=4096, out_features=1024, bias=True)
        (drop): Dropout(p=0.0, inplace=False)
      )
    )
    (14): Block(
      (norm1): LayerNorm((1024,), eps=1e-06, elementwise_affine=True)
      (attn): Attention(
        (qkv): Linear(in_features=1024, out_features=3072, bias=False)
        (attn_drop): Dropout(p=0.0, inplace=False)
        (proj): Linear(in_features=1024, out_features=1024, bias=True)
        (proj_drop): Dropout(p=0.0, inplace=False)
      )
      (drop_path): DropPath(p=0.06086956337094307)
      (norm2): LayerNorm((1024,), eps=1e-06, elementwise_affine=True)
      (mlp): Mlp(
        (fc1): Linear(in_features=1024, out_features=4096, bias=True)
        (act): GELU(approximate='none')
        (fc2): Linear(in_features=4096, out_features=1024, bias=True)
        (drop): Dropout(p=0.0, inplace=False)
      )
    )
    (15): Block(
      (norm1): LayerNorm((1024,), eps=1e-06, elementwise_affine=True)
      (attn): Attention(
        (qkv): Linear(in_features=1024, out_features=3072, bias=False)
        (attn_drop): Dropout(p=0.0, inplace=False)
        (proj): Linear(in_features=1024, out_features=1024, bias=True)
        (proj_drop): Dropout(p=0.0, inplace=False)
      )
      (drop_path): DropPath(p=0.06521739065647125)
      (norm2): LayerNorm((1024,), eps=1e-06, elementwise_affine=True)
      (mlp): Mlp(
        (fc1): Linear(in_features=1024, out_features=4096, bias=True)
        (act): GELU(approximate='none')
        (fc2): Linear(in_features=4096, out_features=1024, bias=True)
        (drop): Dropout(p=0.0, inplace=False)
      )
    )
    (16): Block(
      (norm1): LayerNorm((1024,), eps=1e-06, elementwise_affine=True)
      (attn): Attention(
        (qkv): Linear(in_features=1024, out_features=3072, bias=False)
        (attn_drop): Dropout(p=0.0, inplace=False)
        (proj): Linear(in_features=1024, out_features=1024, bias=True)
        (proj_drop): Dropout(p=0.0, inplace=False)
      )
      (drop_path): DropPath(p=0.06956521421670914)
      (norm2): LayerNorm((1024,), eps=1e-06, elementwise_affine=True)
      (mlp): Mlp(
        (fc1): Linear(in_features=1024, out_features=4096, bias=True)
        (act): GELU(approximate='none')
        (fc2): Linear(in_features=4096, out_features=1024, bias=True)
        (drop): Dropout(p=0.0, inplace=False)
      )
    )
    (17): Block(
      (norm1): LayerNorm((1024,), eps=1e-06, elementwise_affine=True)
      (attn): Attention(
        (qkv): Linear(in_features=1024, out_features=3072, bias=False)
        (attn_drop): Dropout(p=0.0, inplace=False)
        (proj): Linear(in_features=1024, out_features=1024, bias=True)
        (proj_drop): Dropout(p=0.0, inplace=False)
      )
      (drop_path): DropPath(p=0.07391304522752762)
      (norm2): LayerNorm((1024,), eps=1e-06, elementwise_affine=True)
      (mlp): Mlp(
        (fc1): Linear(in_features=1024, out_features=4096, bias=True)
        (act): GELU(approximate='none')
        (fc2): Linear(in_features=4096, out_features=1024, bias=True)
        (drop): Dropout(p=0.0, inplace=False)
      )
    )
    (18): Block(
      (norm1): LayerNorm((1024,), eps=1e-06, elementwise_affine=True)
      (attn): Attention(
        (qkv): Linear(in_features=1024, out_features=3072, bias=False)
        (attn_drop): Dropout(p=0.0, inplace=False)
        (proj): Linear(in_features=1024, out_features=1024, bias=True)
        (proj_drop): Dropout(p=0.0, inplace=False)
      )
      (drop_path): DropPath(p=0.0782608687877655)
      (norm2): LayerNorm((1024,), eps=1e-06, elementwise_affine=True)
      (mlp): Mlp(
        (fc1): Linear(in_features=1024, out_features=4096, bias=True)
        (act): GELU(approximate='none')
        (fc2): Linear(in_features=4096, out_features=1024, bias=True)
        (drop): Dropout(p=0.0, inplace=False)
      )
    )
    (19): Block(
      (norm1): LayerNorm((1024,), eps=1e-06, elementwise_affine=True)
      (attn): Attention(
        (qkv): Linear(in_features=1024, out_features=3072, bias=False)
        (attn_drop): Dropout(p=0.0, inplace=False)
        (proj): Linear(in_features=1024, out_features=1024, bias=True)
        (proj_drop): Dropout(p=0.0, inplace=False)
      )
      (drop_path): DropPath(p=0.08260869979858398)
      (norm2): LayerNorm((1024,), eps=1e-06, elementwise_affine=True)
      (mlp): Mlp(
        (fc1): Linear(in_features=1024, out_features=4096, bias=True)
        (act): GELU(approximate='none')
        (fc2): Linear(in_features=4096, out_features=1024, bias=True)
        (drop): Dropout(p=0.0, inplace=False)
      )
    )
    (20): Block(
      (norm1): LayerNorm((1024,), eps=1e-06, elementwise_affine=True)
      (attn): Attention(
        (qkv): Linear(in_features=1024, out_features=3072, bias=False)
        (attn_drop): Dropout(p=0.0, inplace=False)
        (proj): Linear(in_features=1024, out_features=1024, bias=True)
        (proj_drop): Dropout(p=0.0, inplace=False)
      )
      (drop_path): DropPath(p=0.08695652335882187)
      (norm2): LayerNorm((1024,), eps=1e-06, elementwise_affine=True)
      (mlp): Mlp(
        (fc1): Linear(in_features=1024, out_features=4096, bias=True)
        (act): GELU(approximate='none')
        (fc2): Linear(in_features=4096, out_features=1024, bias=True)
        (drop): Dropout(p=0.0, inplace=False)
      )
    )
    (21): Block(
      (norm1): LayerNorm((1024,), eps=1e-06, elementwise_affine=True)
      (attn): Attention(
        (qkv): Linear(in_features=1024, out_features=3072, bias=False)
        (attn_drop): Dropout(p=0.0, inplace=False)
        (proj): Linear(in_features=1024, out_features=1024, bias=True)
        (proj_drop): Dropout(p=0.0, inplace=False)
      )
      (drop_path): DropPath(p=0.09130434691905975)
      (norm2): LayerNorm((1024,), eps=1e-06, elementwise_affine=True)
      (mlp): Mlp(
        (fc1): Linear(in_features=1024, out_features=4096, bias=True)
        (act): GELU(approximate='none')
        (fc2): Linear(in_features=4096, out_features=1024, bias=True)
        (drop): Dropout(p=0.0, inplace=False)
      )
    )
    (22): Block(
      (norm1): LayerNorm((1024,), eps=1e-06, elementwise_affine=True)
      (attn): Attention(
        (qkv): Linear(in_features=1024, out_features=3072, bias=False)
        (attn_drop): Dropout(p=0.0, inplace=False)
        (proj): Linear(in_features=1024, out_features=1024, bias=True)
        (proj_drop): Dropout(p=0.0, inplace=False)
      )
      (drop_path): DropPath(p=0.09565217792987823)
      (norm2): LayerNorm((1024,), eps=1e-06, elementwise_affine=True)
      (mlp): Mlp(
        (fc1): Linear(in_features=1024, out_features=4096, bias=True)
        (act): GELU(approximate='none')
        (fc2): Linear(in_features=4096, out_features=1024, bias=True)
        (drop): Dropout(p=0.0, inplace=False)
      )
    )
    (23): Block(
      (norm1): LayerNorm((1024,), eps=1e-06, elementwise_affine=True)
      (attn): Attention(
        (qkv): Linear(in_features=1024, out_features=3072, bias=False)
        (attn_drop): Dropout(p=0.0, inplace=False)
        (proj): Linear(in_features=1024, out_features=1024, bias=True)
        (proj_drop): Dropout(p=0.0, inplace=False)
      )
      (drop_path): DropPath(p=0.10000000149011612)
      (norm2): LayerNorm((1024,), eps=1e-06, elementwise_affine=True)
      (mlp): Mlp(
        (fc1): Linear(in_features=1024, out_features=4096, bias=True)
        (act): GELU(approximate='none')
        (fc2): Linear(in_features=4096, out_features=1024, bias=True)
        (drop): Dropout(p=0.0, inplace=False)
      )
    )
  )
  (norm): LayerNorm((1024,), eps=1e-06, elementwise_affine=True)
  (head): Linear(in_features=1024, out_features=1000, bias=True)
)
normalization method:  imagenet
  S1_ce fold2 ep01/40 loss=1.0065 val_bacc=0.4678 (79s)
  S1_ce fold2 ep02/40 loss=0.5620 val_bacc=0.4867 (77s)
  S1_ce fold2 ep03/40 loss=0.4832 val_bacc=0.5669 (78s)
  S1_ce fold2 ep04/40 loss=0.4412 val_bacc=0.6167 (78s)
  S1_ce fold2 ep05/40 loss=0.4212 val_bacc=0.5825 (80s)
  S1_ce fold2 ep06/40 loss=0.3953 val_bacc=0.6269 (78s)
  S1_ce fold2 ep07/40 loss=0.3814 val_bacc=0.6000 (78s)
  S1_ce fold2 ep08/40 loss=0.3589 val_bacc=0.6203 (79s)
  S1_ce fold2 ep09/40 loss=0.3329 val_bacc=0.6344 (78s)
  S1_ce fold2 ep10/40 loss=0.3374 val_bacc=0.6183 (77s)
  S1_ce fold2 ep11/40 loss=0.3185 val_bacc=0.6350 (78s)
  S1_ce fold2 ep12/40 loss=0.2881 val_bacc=0.6389 (79s)
  S1_ce fold2 ep13/40 loss=0.2749 val_bacc=0.7011 (80s)
  S1_ce fold2 ep14/40 loss=0.2664 val_bacc=0.6458 (78s)
  S1_ce fold2 ep15/40 loss=0.2430 val_bacc=0.7069 (78s)
  S1_ce fold2 ep16/40 loss=0.2371 val_bacc=0.6108 (80s)
  S1_ce fold2 ep17/40 loss=0.2079 val_bacc=0.6514 (78s)
  S1_ce fold2 ep18/40 loss=0.1757 val_bacc=0.6511 (78s)
  S1_ce fold2 ep19/40 loss=0.2041 val_bacc=0.5881 (78s)
  S1_ce fold2 ep20/40 loss=0.1716 val_bacc=0.6361 (78s)
  S1_ce fold2 ep21/40 loss=0.1671 val_bacc=0.6436 (79s)
  S1_ce fold2 ep22/40 loss=0.1297 val_bacc=0.6650 (79s)
  S1_ce fold2 ep23/40 loss=0.1432 val_bacc=0.6431 (80s)
  S1_ce fold2 ep24/40 loss=0.1123 val_bacc=0.6303 (78s)
  S1_ce fold2 ep25/40 loss=0.1142 val_bacc=0.6694 (80s)
  [early stop] ep25 best_val=0.7069
  → S1_ce_e2e fold2: test BACC=0.6965 severe_recall=0.5263 MAE=0.2295 MAE_true=0.4014 · 25 ep · 78s/ep · GPU peak 1465 MB
normalization method:  imagenet
normalization method:  imagenet
  feats (3662, 1024) → w10_lora_feats_S1_ce_fold2.npy (86s · 42.7 img/s)
    S1_ce__B0   fold2: BACC=0.6657 severe_recall=0.3947 MAE=0.2268 MAE_true=0.4319
    S1_ce__B1   fold2: BACC=0.6870 severe_recall=0.5000 MAE=0.2268 MAE_true=0.4145
    S1_ce__B3   fold2: BACC=0.6883 severe_recall=0.5526 MAE=0.2459 MAE_true=0.3728
    S1_ce__B4   fold2: BACC=0.7126 severe_recall=0.5789 MAE=0.2145 MAE_true=0.3743
    S1_ce__ldam fold2: BACC=0.6719 severe_recall=0.3947 MAE=0.2268 MAE_true=0.4200
    S1_ce__la   fold2: BACC=0.7082 severe_recall=0.5789 MAE=0.2213 MAE_true=0.3813

======================================================================
arm            n_fold     BACC      MCC      MAE  MAE_true
S1_ce_e2e           3   0.6861   0.7342   0.2220    0.4091
S1_ce__B0           3   0.6736   0.7488   0.2179    0.4209
S1_ce__B1           3   0.6894   0.7454   0.2216    0.4047
S1_ce__B3           3   0.6908   0.7041   0.2466    0.3825
S1_ce__B4           3   0.6975   0.7440   0.2202    0.3913
S1_ce__ldam         3   0.6733   0.7363   0.2288    0.4212
S1_ce__la           3   0.6991   0.7417   0.2288    0.3933
======================================================================

총 34.9 분 · 저장: /home/junkim/paper_ajou_dev/PanDerm/output_dir/p6_regime_f/w10_decouple_fold_scores.csv
🔬 w10 E2 (탐색적 · 사후) · 프로토콜 docs/date/2026-09-03_12th_meeting/research_note/w10_unconstrained_methods_protocol.md §4
device=cuda · arms=['S1_ce'] · folds=[3] · stage=all · epochs=40 · patience=10 · prefix=w10_
→ /home/junkim/paper_ajou_dev/PanDerm/output_dir/p6_regime_f/w10_decouple_fold_scores.csv

=== S1_ce · fold 3 (train 2930 / test 732) ===
/home/junkim/miniconda3/envs/paper/lib/python3.11/site-packages/timm/models/layers/__init__.py:49: FutureWarning: Importing from timm.models.layers is deprecated, please import via timm.layers
  warnings.warn(f"Importing from {__name__} is deprecated, please import via timm.layers", FutureWarning)
/home/junkim/miniconda3/envs/paper/lib/python3.11/site-packages/timm/models/registry.py:4: FutureWarning: Importing from timm.models.registry is deprecated, please import via timm.models
  warnings.warn(f"Importing from {__name__} is deprecated, please import via timm.models", FutureWarning)
/home/junkim/miniconda3/envs/paper/lib/python3.11/site-packages/torch/functional.py:534: UserWarning: torch.meshgrid: in an upcoming release, it will be required to pass the indexing argument. (Triggered internally at ../aten/src/ATen/native/TensorShape.cpp:3595.)
  return _VF.meshgrid(tensors, **kwargs)  # type: ignore[attr-defined]
normalization method:  imagenet
normalization method:  imagenet
loading model checkpoint
VisionTransformer(
  (patch_embed): PatchEmbed(
    (proj): Conv2d(3, 1024, kernel_size=(16, 16), stride=(16, 16))
  )
  (pos_drop): Dropout(p=0.0, inplace=False)
  (blocks): ModuleList(
    (0): Block(
      (norm1): LayerNorm((1024,), eps=1e-06, elementwise_affine=True)
      (attn): Attention(
        (qkv): Linear(in_features=1024, out_features=3072, bias=False)
        (attn_drop): Dropout(p=0.0, inplace=False)
        (proj): Linear(in_features=1024, out_features=1024, bias=True)
        (proj_drop): Dropout(p=0.0, inplace=False)
      )
      (drop_path): Identity()
      (norm2): LayerNorm((1024,), eps=1e-06, elementwise_affine=True)
      (mlp): Mlp(
        (fc1): Linear(in_features=1024, out_features=4096, bias=True)
        (act): GELU(approximate='none')
        (fc2): Linear(in_features=4096, out_features=1024, bias=True)
        (drop): Dropout(p=0.0, inplace=False)
      )
    )
    (1): Block(
      (norm1): LayerNorm((1024,), eps=1e-06, elementwise_affine=True)
      (attn): Attention(
        (qkv): Linear(in_features=1024, out_features=3072, bias=False)
        (attn_drop): Dropout(p=0.0, inplace=False)
        (proj): Linear(in_features=1024, out_features=1024, bias=True)
        (proj_drop): Dropout(p=0.0, inplace=False)
      )
      (drop_path): DropPath(p=0.004347826354205608)
      (norm2): LayerNorm((1024,), eps=1e-06, elementwise_affine=True)
      (mlp): Mlp(
        (fc1): Linear(in_features=1024, out_features=4096, bias=True)
        (act): GELU(approximate='none')
        (fc2): Linear(in_features=4096, out_features=1024, bias=True)
        (drop): Dropout(p=0.0, inplace=False)
      )
    )
    (2): Block(
      (norm1): LayerNorm((1024,), eps=1e-06, elementwise_affine=True)
      (attn): Attention(
        (qkv): Linear(in_features=1024, out_features=3072, bias=False)
        (attn_drop): Dropout(p=0.0, inplace=False)
        (proj): Linear(in_features=1024, out_features=1024, bias=True)
        (proj_drop): Dropout(p=0.0, inplace=False)
      )
      (drop_path): DropPath(p=0.008695652708411217)
      (norm2): LayerNorm((1024,), eps=1e-06, elementwise_affine=True)
      (mlp): Mlp(
        (fc1): Linear(in_features=1024, out_features=4096, bias=True)
        (act): GELU(approximate='none')
        (fc2): Linear(in_features=4096, out_features=1024, bias=True)
        (drop): Dropout(p=0.0, inplace=False)
      )
    )
    (3): Block(
      (norm1): LayerNorm((1024,), eps=1e-06, elementwise_affine=True)
      (attn): Attention(
        (qkv): Linear(in_features=1024, out_features=3072, bias=False)
        (attn_drop): Dropout(p=0.0, inplace=False)
        (proj): Linear(in_features=1024, out_features=1024, bias=True)
        (proj_drop): Dropout(p=0.0, inplace=False)
      )
      (drop_path): DropPath(p=0.013043479062616825)
      (norm2): LayerNorm((1024,), eps=1e-06, elementwise_affine=True)
      (mlp): Mlp(
        (fc1): Linear(in_features=1024, out_features=4096, bias=True)
        (act): GELU(approximate='none')
        (fc2): Linear(in_features=4096, out_features=1024, bias=True)
        (drop): Dropout(p=0.0, inplace=False)
      )
    )
    (4): Block(
      (norm1): LayerNorm((1024,), eps=1e-06, elementwise_affine=True)
      (attn): Attention(
        (qkv): Linear(in_features=1024, out_features=3072, bias=False)
        (attn_drop): Dropout(p=0.0, inplace=False)
        (proj): Linear(in_features=1024, out_features=1024, bias=True)
        (proj_drop): Dropout(p=0.0, inplace=False)
      )
      (drop_path): DropPath(p=0.017391305416822433)
      (norm2): LayerNorm((1024,), eps=1e-06, elementwise_affine=True)
      (mlp): Mlp(
        (fc1): Linear(in_features=1024, out_features=4096, bias=True)
        (act): GELU(approximate='none')
        (fc2): Linear(in_features=4096, out_features=1024, bias=True)
        (drop): Dropout(p=0.0, inplace=False)
      )
    )
    (5): Block(
      (norm1): LayerNorm((1024,), eps=1e-06, elementwise_affine=True)
      (attn): Attention(
        (qkv): Linear(in_features=1024, out_features=3072, bias=False)
        (attn_drop): Dropout(p=0.0, inplace=False)
        (proj): Linear(in_features=1024, out_features=1024, bias=True)
        (proj_drop): Dropout(p=0.0, inplace=False)
      )
      (drop_path): DropPath(p=0.021739132702350616)
      (norm2): LayerNorm((1024,), eps=1e-06, elementwise_affine=True)
      (mlp): Mlp(
        (fc1): Linear(in_features=1024, out_features=4096, bias=True)
        (act): GELU(approximate='none')
        (fc2): Linear(in_features=4096, out_features=1024, bias=True)
        (drop): Dropout(p=0.0, inplace=False)
      )
    )
    (6): Block(
      (norm1): LayerNorm((1024,), eps=1e-06, elementwise_affine=True)
      (attn): Attention(
        (qkv): Linear(in_features=1024, out_features=3072, bias=False)
        (attn_drop): Dropout(p=0.0, inplace=False)
        (proj): Linear(in_features=1024, out_features=1024, bias=True)
        (proj_drop): Dropout(p=0.0, inplace=False)
      )
      (drop_path): DropPath(p=0.02608695812523365)
      (norm2): LayerNorm((1024,), eps=1e-06, elementwise_affine=True)
      (mlp): Mlp(
        (fc1): Linear(in_features=1024, out_features=4096, bias=True)
        (act): GELU(approximate='none')
        (fc2): Linear(in_features=4096, out_features=1024, bias=True)
        (drop): Dropout(p=0.0, inplace=False)
      )
    )
    (7): Block(
      (norm1): LayerNorm((1024,), eps=1e-06, elementwise_affine=True)
      (attn): Attention(
        (qkv): Linear(in_features=1024, out_features=3072, bias=False)
        (attn_drop): Dropout(p=0.0, inplace=False)
        (proj): Linear(in_features=1024, out_features=1024, bias=True)
        (proj_drop): Dropout(p=0.0, inplace=False)
      )
      (drop_path): DropPath(p=0.030434783548116684)
      (norm2): LayerNorm((1024,), eps=1e-06, elementwise_affine=True)
      (mlp): Mlp(
        (fc1): Linear(in_features=1024, out_features=4096, bias=True)
        (act): GELU(approximate='none')
        (fc2): Linear(in_features=4096, out_features=1024, bias=True)
        (drop): Dropout(p=0.0, inplace=False)
      )
    )
    (8): Block(
      (norm1): LayerNorm((1024,), eps=1e-06, elementwise_affine=True)
      (attn): Attention(
        (qkv): Linear(in_features=1024, out_features=3072, bias=False)
        (attn_drop): Dropout(p=0.0, inplace=False)
        (proj): Linear(in_features=1024, out_features=1024, bias=True)
        (proj_drop): Dropout(p=0.0, inplace=False)
      )
      (drop_path): DropPath(p=0.03478261083364487)
      (norm2): LayerNorm((1024,), eps=1e-06, elementwise_affine=True)
      (mlp): Mlp(
        (fc1): Linear(in_features=1024, out_features=4096, bias=True)
        (act): GELU(approximate='none')
        (fc2): Linear(in_features=4096, out_features=1024, bias=True)
        (drop): Dropout(p=0.0, inplace=False)
      )
    )
    (9): Block(
      (norm1): LayerNorm((1024,), eps=1e-06, elementwise_affine=True)
      (attn): Attention(
        (qkv): Linear(in_features=1024, out_features=3072, bias=False)
        (attn_drop): Dropout(p=0.0, inplace=False)
        (proj): Linear(in_features=1024, out_features=1024, bias=True)
        (proj_drop): Dropout(p=0.0, inplace=False)
      )
      (drop_path): DropPath(p=0.03913043811917305)
      (norm2): LayerNorm((1024,), eps=1e-06, elementwise_affine=True)
      (mlp): Mlp(
        (fc1): Linear(in_features=1024, out_features=4096, bias=True)
        (act): GELU(approximate='none')
        (fc2): Linear(in_features=4096, out_features=1024, bias=True)
        (drop): Dropout(p=0.0, inplace=False)
      )
    )
    (10): Block(
      (norm1): LayerNorm((1024,), eps=1e-06, elementwise_affine=True)
      (attn): Attention(
        (qkv): Linear(in_features=1024, out_features=3072, bias=False)
        (attn_drop): Dropout(p=0.0, inplace=False)
        (proj): Linear(in_features=1024, out_features=1024, bias=True)
        (proj_drop): Dropout(p=0.0, inplace=False)
      )
      (drop_path): DropPath(p=0.04347826540470123)
      (norm2): LayerNorm((1024,), eps=1e-06, elementwise_affine=True)
      (mlp): Mlp(
        (fc1): Linear(in_features=1024, out_features=4096, bias=True)
        (act): GELU(approximate='none')
        (fc2): Linear(in_features=4096, out_features=1024, bias=True)
        (drop): Dropout(p=0.0, inplace=False)
      )
    )
    (11): Block(
      (norm1): LayerNorm((1024,), eps=1e-06, elementwise_affine=True)
      (attn): Attention(
        (qkv): Linear(in_features=1024, out_features=3072, bias=False)
        (attn_drop): Dropout(p=0.0, inplace=False)
        (proj): Linear(in_features=1024, out_features=1024, bias=True)
        (proj_drop): Dropout(p=0.0, inplace=False)
      )
      (drop_path): DropPath(p=0.04782608896493912)
      (norm2): LayerNorm((1024,), eps=1e-06, elementwise_affine=True)
      (mlp): Mlp(
        (fc1): Linear(in_features=1024, out_features=4096, bias=True)
        (act): GELU(approximate='none')
        (fc2): Linear(in_features=4096, out_features=1024, bias=True)
        (drop): Dropout(p=0.0, inplace=False)
      )
    )
    (12): Block(
      (norm1): LayerNorm((1024,), eps=1e-06, elementwise_affine=True)
      (attn): Attention(
        (qkv): Linear(in_features=1024, out_features=3072, bias=False)
        (attn_drop): Dropout(p=0.0, inplace=False)
        (proj): Linear(in_features=1024, out_features=1024, bias=True)
        (proj_drop): Dropout(p=0.0, inplace=False)
      )
      (drop_path): DropPath(p=0.052173912525177)
      (norm2): LayerNorm((1024,), eps=1e-06, elementwise_affine=True)
      (mlp): Mlp(
        (fc1): Linear(in_features=1024, out_features=4096, bias=True)
        (act): GELU(approximate='none')
        (fc2): Linear(in_features=4096, out_features=1024, bias=True)
        (drop): Dropout(p=0.0, inplace=False)
      )
    )
    (13): Block(
      (norm1): LayerNorm((1024,), eps=1e-06, elementwise_affine=True)
      (attn): Attention(
        (qkv): Linear(in_features=1024, out_features=3072, bias=False)
        (attn_drop): Dropout(p=0.0, inplace=False)
        (proj): Linear(in_features=1024, out_features=1024, bias=True)
        (proj_drop): Dropout(p=0.0, inplace=False)
      )
      (drop_path): DropPath(p=0.056521736085414886)
      (norm2): LayerNorm((1024,), eps=1e-06, elementwise_affine=True)
      (mlp): Mlp(
        (fc1): Linear(in_features=1024, out_features=4096, bias=True)
        (act): GELU(approximate='none')
        (fc2): Linear(in_features=4096, out_features=1024, bias=True)
        (drop): Dropout(p=0.0, inplace=False)
      )
    )
    (14): Block(
      (norm1): LayerNorm((1024,), eps=1e-06, elementwise_affine=True)
      (attn): Attention(
        (qkv): Linear(in_features=1024, out_features=3072, bias=False)
        (attn_drop): Dropout(p=0.0, inplace=False)
        (proj): Linear(in_features=1024, out_features=1024, bias=True)
        (proj_drop): Dropout(p=0.0, inplace=False)
      )
      (drop_path): DropPath(p=0.06086956337094307)
      (norm2): LayerNorm((1024,), eps=1e-06, elementwise_affine=True)
      (mlp): Mlp(
        (fc1): Linear(in_features=1024, out_features=4096, bias=True)
        (act): GELU(approximate='none')
        (fc2): Linear(in_features=4096, out_features=1024, bias=True)
        (drop): Dropout(p=0.0, inplace=False)
      )
    )
    (15): Block(
      (norm1): LayerNorm((1024,), eps=1e-06, elementwise_affine=True)
      (attn): Attention(
        (qkv): Linear(in_features=1024, out_features=3072, bias=False)
        (attn_drop): Dropout(p=0.0, inplace=False)
        (proj): Linear(in_features=1024, out_features=1024, bias=True)
        (proj_drop): Dropout(p=0.0, inplace=False)
      )
      (drop_path): DropPath(p=0.06521739065647125)
      (norm2): LayerNorm((1024,), eps=1e-06, elementwise_affine=True)
      (mlp): Mlp(
        (fc1): Linear(in_features=1024, out_features=4096, bias=True)
        (act): GELU(approximate='none')
        (fc2): Linear(in_features=4096, out_features=1024, bias=True)
        (drop): Dropout(p=0.0, inplace=False)
      )
    )
    (16): Block(
      (norm1): LayerNorm((1024,), eps=1e-06, elementwise_affine=True)
      (attn): Attention(
        (qkv): Linear(in_features=1024, out_features=3072, bias=False)
        (attn_drop): Dropout(p=0.0, inplace=False)
        (proj): Linear(in_features=1024, out_features=1024, bias=True)
        (proj_drop): Dropout(p=0.0, inplace=False)
      )
      (drop_path): DropPath(p=0.06956521421670914)
      (norm2): LayerNorm((1024,), eps=1e-06, elementwise_affine=True)
      (mlp): Mlp(
        (fc1): Linear(in_features=1024, out_features=4096, bias=True)
        (act): GELU(approximate='none')
        (fc2): Linear(in_features=4096, out_features=1024, bias=True)
        (drop): Dropout(p=0.0, inplace=False)
      )
    )
    (17): Block(
      (norm1): LayerNorm((1024,), eps=1e-06, elementwise_affine=True)
      (attn): Attention(
        (qkv): Linear(in_features=1024, out_features=3072, bias=False)
        (attn_drop): Dropout(p=0.0, inplace=False)
        (proj): Linear(in_features=1024, out_features=1024, bias=True)
        (proj_drop): Dropout(p=0.0, inplace=False)
      )
      (drop_path): DropPath(p=0.07391304522752762)
      (norm2): LayerNorm((1024,), eps=1e-06, elementwise_affine=True)
      (mlp): Mlp(
        (fc1): Linear(in_features=1024, out_features=4096, bias=True)
        (act): GELU(approximate='none')
        (fc2): Linear(in_features=4096, out_features=1024, bias=True)
        (drop): Dropout(p=0.0, inplace=False)
      )
    )
    (18): Block(
      (norm1): LayerNorm((1024,), eps=1e-06, elementwise_affine=True)
      (attn): Attention(
        (qkv): Linear(in_features=1024, out_features=3072, bias=False)
        (attn_drop): Dropout(p=0.0, inplace=False)
        (proj): Linear(in_features=1024, out_features=1024, bias=True)
        (proj_drop): Dropout(p=0.0, inplace=False)
      )
      (drop_path): DropPath(p=0.0782608687877655)
      (norm2): LayerNorm((1024,), eps=1e-06, elementwise_affine=True)
      (mlp): Mlp(
        (fc1): Linear(in_features=1024, out_features=4096, bias=True)
        (act): GELU(approximate='none')
        (fc2): Linear(in_features=4096, out_features=1024, bias=True)
        (drop): Dropout(p=0.0, inplace=False)
      )
    )
    (19): Block(
      (norm1): LayerNorm((1024,), eps=1e-06, elementwise_affine=True)
      (attn): Attention(
        (qkv): Linear(in_features=1024, out_features=3072, bias=False)
        (attn_drop): Dropout(p=0.0, inplace=False)
        (proj): Linear(in_features=1024, out_features=1024, bias=True)
        (proj_drop): Dropout(p=0.0, inplace=False)
      )
      (drop_path): DropPath(p=0.08260869979858398)
      (norm2): LayerNorm((1024,), eps=1e-06, elementwise_affine=True)
      (mlp): Mlp(
        (fc1): Linear(in_features=1024, out_features=4096, bias=True)
        (act): GELU(approximate='none')
        (fc2): Linear(in_features=4096, out_features=1024, bias=True)
        (drop): Dropout(p=0.0, inplace=False)
      )
    )
    (20): Block(
      (norm1): LayerNorm((1024,), eps=1e-06, elementwise_affine=True)
      (attn): Attention(
        (qkv): Linear(in_features=1024, out_features=3072, bias=False)
        (attn_drop): Dropout(p=0.0, inplace=False)
        (proj): Linear(in_features=1024, out_features=1024, bias=True)
        (proj_drop): Dropout(p=0.0, inplace=False)
      )
      (drop_path): DropPath(p=0.08695652335882187)
      (norm2): LayerNorm((1024,), eps=1e-06, elementwise_affine=True)
      (mlp): Mlp(
        (fc1): Linear(in_features=1024, out_features=4096, bias=True)
        (act): GELU(approximate='none')
        (fc2): Linear(in_features=4096, out_features=1024, bias=True)
        (drop): Dropout(p=0.0, inplace=False)
      )
    )
    (21): Block(
      (norm1): LayerNorm((1024,), eps=1e-06, elementwise_affine=True)
      (attn): Attention(
        (qkv): Linear(in_features=1024, out_features=3072, bias=False)
        (attn_drop): Dropout(p=0.0, inplace=False)
        (proj): Linear(in_features=1024, out_features=1024, bias=True)
        (proj_drop): Dropout(p=0.0, inplace=False)
      )
      (drop_path): DropPath(p=0.09130434691905975)
      (norm2): LayerNorm((1024,), eps=1e-06, elementwise_affine=True)
      (mlp): Mlp(
        (fc1): Linear(in_features=1024, out_features=4096, bias=True)
        (act): GELU(approximate='none')
        (fc2): Linear(in_features=4096, out_features=1024, bias=True)
        (drop): Dropout(p=0.0, inplace=False)
      )
    )
    (22): Block(
      (norm1): LayerNorm((1024,), eps=1e-06, elementwise_affine=True)
      (attn): Attention(
        (qkv): Linear(in_features=1024, out_features=3072, bias=False)
        (attn_drop): Dropout(p=0.0, inplace=False)
        (proj): Linear(in_features=1024, out_features=1024, bias=True)
        (proj_drop): Dropout(p=0.0, inplace=False)
      )
      (drop_path): DropPath(p=0.09565217792987823)
      (norm2): LayerNorm((1024,), eps=1e-06, elementwise_affine=True)
      (mlp): Mlp(
        (fc1): Linear(in_features=1024, out_features=4096, bias=True)
        (act): GELU(approximate='none')
        (fc2): Linear(in_features=4096, out_features=1024, bias=True)
        (drop): Dropout(p=0.0, inplace=False)
      )
    )
    (23): Block(
      (norm1): LayerNorm((1024,), eps=1e-06, elementwise_affine=True)
      (attn): Attention(
        (qkv): Linear(in_features=1024, out_features=3072, bias=False)
        (attn_drop): Dropout(p=0.0, inplace=False)
        (proj): Linear(in_features=1024, out_features=1024, bias=True)
        (proj_drop): Dropout(p=0.0, inplace=False)
      )
      (drop_path): DropPath(p=0.10000000149011612)
      (norm2): LayerNorm((1024,), eps=1e-06, elementwise_affine=True)
      (mlp): Mlp(
        (fc1): Linear(in_features=1024, out_features=4096, bias=True)
        (act): GELU(approximate='none')
        (fc2): Linear(in_features=4096, out_features=1024, bias=True)
        (drop): Dropout(p=0.0, inplace=False)
      )
    )
  )
  (norm): LayerNorm((1024,), eps=1e-06, elementwise_affine=True)
  (head): Linear(in_features=1024, out_features=1000, bias=True)
)
normalization method:  imagenet
  S1_ce fold3 ep01/40 loss=1.0078 val_bacc=0.4717 (80s)
  S1_ce fold3 ep02/40 loss=0.5315 val_bacc=0.4997 (80s)
  S1_ce fold3 ep03/40 loss=0.4846 val_bacc=0.4956 (80s)
  S1_ce fold3 ep04/40 loss=0.4330 val_bacc=0.6022 (81s)
  S1_ce fold3 ep05/40 loss=0.4208 val_bacc=0.5797 (81s)
  S1_ce fold3 ep06/40 loss=0.3859 val_bacc=0.6364 (81s)
  S1_ce fold3 ep07/40 loss=0.3675 val_bacc=0.6308 (80s)
  S1_ce fold3 ep08/40 loss=0.3498 val_bacc=0.5972 (81s)
  S1_ce fold3 ep09/40 loss=0.3298 val_bacc=0.6022 (81s)
  S1_ce fold3 ep10/40 loss=0.3276 val_bacc=0.6939 (79s)
  S1_ce fold3 ep11/40 loss=0.2965 val_bacc=0.6078 (80s)
  S1_ce fold3 ep12/40 loss=0.2797 val_bacc=0.6222 (80s)
  S1_ce fold3 ep13/40 loss=0.2721 val_bacc=0.6908 (80s)
  S1_ce fold3 ep14/40 loss=0.2522 val_bacc=0.6975 (80s)
  S1_ce fold3 ep15/40 loss=0.2301 val_bacc=0.7217 (81s)
  S1_ce fold3 ep16/40 loss=0.2278 val_bacc=0.6806 (80s)
  S1_ce fold3 ep17/40 loss=0.2221 val_bacc=0.6792 (81s)
  S1_ce fold3 ep18/40 loss=0.2037 val_bacc=0.6950 (79s)
  S1_ce fold3 ep19/40 loss=0.2004 val_bacc=0.6431 (79s)
  S1_ce fold3 ep20/40 loss=0.1645 val_bacc=0.6619 (79s)
  S1_ce fold3 ep21/40 loss=0.1607 val_bacc=0.6278 (79s)
  S1_ce fold3 ep22/40 loss=0.1326 val_bacc=0.7025 (80s)
  S1_ce fold3 ep23/40 loss=0.1401 val_bacc=0.6622 (78s)
  S1_ce fold3 ep24/40 loss=0.1331 val_bacc=0.6383 (79s)
  S1_ce fold3 ep25/40 loss=0.1196 val_bacc=0.6044 (80s)
  [early stop] ep25 best_val=0.7217
  → S1_ce_e2e fold3: test BACC=0.6767 severe_recall=0.3684 MAE=0.2199 MAE_true=0.4022 · 25 ep · 80s/ep · GPU peak 1465 MB
normalization method:  imagenet
normalization method:  imagenet
  feats (3662, 1024) → w10_lora_feats_S1_ce_fold3.npy (84s · 43.6 img/s)
    S1_ce__B0   fold3: BACC=0.7173 severe_recall=0.4474 MAE=0.2049 MAE_true=0.3687
    S1_ce__B1   fold3: BACC=0.7095 severe_recall=0.5000 MAE=0.2213 MAE_true=0.3799
    S1_ce__B3   fold3: BACC=0.7104 severe_recall=0.6316 MAE=0.2486 MAE_true=0.3706
    S1_ce__B4   fold3: BACC=0.7221 severe_recall=0.5789 MAE=0.2240 MAE_true=0.3569
    S1_ce__ldam fold3: BACC=0.6913 severe_recall=0.3947 MAE=0.2213 MAE_true=0.3981
    S1_ce__la   fold3: BACC=0.7089 severe_recall=0.5000 MAE=0.2295 MAE_true=0.3777

======================================================================
arm            n_fold     BACC      MCC      MAE  MAE_true
S1_ce_e2e           4   0.6837   0.7349   0.2215    0.4073
S1_ce__B0           4   0.6845   0.7553   0.2147    0.4078
S1_ce__B1           4   0.6944   0.7474   0.2215    0.3985
S1_ce__B3           4   0.6957   0.7075   0.2471    0.3795
S1_ce__B4           4   0.7037   0.7445   0.2212    0.3827
S1_ce__ldam         4   0.6778   0.7404   0.2270    0.4155
S1_ce__la           4   0.7016   0.7430   0.2290    0.3894
======================================================================

총 35.4 분 · 저장: /home/junkim/paper_ajou_dev/PanDerm/output_dir/p6_regime_f/w10_decouple_fold_scores.csv
🔬 w10 E2 (탐색적 · 사후) · 프로토콜 docs/date/2026-09-03_12th_meeting/research_note/w10_unconstrained_methods_protocol.md §4
device=cuda · arms=['S1_ce'] · folds=[4] · stage=all · epochs=40 · patience=10 · prefix=w10_
→ /home/junkim/paper_ajou_dev/PanDerm/output_dir/p6_regime_f/w10_decouple_fold_scores.csv

=== S1_ce · fold 4 (train 2930 / test 732) ===
/home/junkim/miniconda3/envs/paper/lib/python3.11/site-packages/timm/models/layers/__init__.py:49: FutureWarning: Importing from timm.models.layers is deprecated, please import via timm.layers
  warnings.warn(f"Importing from {__name__} is deprecated, please import via timm.layers", FutureWarning)
/home/junkim/miniconda3/envs/paper/lib/python3.11/site-packages/timm/models/registry.py:4: FutureWarning: Importing from timm.models.registry is deprecated, please import via timm.models
  warnings.warn(f"Importing from {__name__} is deprecated, please import via timm.models", FutureWarning)
/home/junkim/miniconda3/envs/paper/lib/python3.11/site-packages/torch/functional.py:534: UserWarning: torch.meshgrid: in an upcoming release, it will be required to pass the indexing argument. (Triggered internally at ../aten/src/ATen/native/TensorShape.cpp:3595.)
  return _VF.meshgrid(tensors, **kwargs)  # type: ignore[attr-defined]
normalization method:  imagenet
normalization method:  imagenet
loading model checkpoint
VisionTransformer(
  (patch_embed): PatchEmbed(
    (proj): Conv2d(3, 1024, kernel_size=(16, 16), stride=(16, 16))
  )
  (pos_drop): Dropout(p=0.0, inplace=False)
  (blocks): ModuleList(
    (0): Block(
      (norm1): LayerNorm((1024,), eps=1e-06, elementwise_affine=True)
      (attn): Attention(
        (qkv): Linear(in_features=1024, out_features=3072, bias=False)
        (attn_drop): Dropout(p=0.0, inplace=False)
        (proj): Linear(in_features=1024, out_features=1024, bias=True)
        (proj_drop): Dropout(p=0.0, inplace=False)
      )
      (drop_path): Identity()
      (norm2): LayerNorm((1024,), eps=1e-06, elementwise_affine=True)
      (mlp): Mlp(
        (fc1): Linear(in_features=1024, out_features=4096, bias=True)
        (act): GELU(approximate='none')
        (fc2): Linear(in_features=4096, out_features=1024, bias=True)
        (drop): Dropout(p=0.0, inplace=False)
      )
    )
    (1): Block(
      (norm1): LayerNorm((1024,), eps=1e-06, elementwise_affine=True)
      (attn): Attention(
        (qkv): Linear(in_features=1024, out_features=3072, bias=False)
        (attn_drop): Dropout(p=0.0, inplace=False)
        (proj): Linear(in_features=1024, out_features=1024, bias=True)
        (proj_drop): Dropout(p=0.0, inplace=False)
      )
      (drop_path): DropPath(p=0.004347826354205608)
      (norm2): LayerNorm((1024,), eps=1e-06, elementwise_affine=True)
      (mlp): Mlp(
        (fc1): Linear(in_features=1024, out_features=4096, bias=True)
        (act): GELU(approximate='none')
        (fc2): Linear(in_features=4096, out_features=1024, bias=True)
        (drop): Dropout(p=0.0, inplace=False)
      )
    )
    (2): Block(
      (norm1): LayerNorm((1024,), eps=1e-06, elementwise_affine=True)
      (attn): Attention(
        (qkv): Linear(in_features=1024, out_features=3072, bias=False)
        (attn_drop): Dropout(p=0.0, inplace=False)
        (proj): Linear(in_features=1024, out_features=1024, bias=True)
        (proj_drop): Dropout(p=0.0, inplace=False)
      )
      (drop_path): DropPath(p=0.008695652708411217)
      (norm2): LayerNorm((1024,), eps=1e-06, elementwise_affine=True)
      (mlp): Mlp(
        (fc1): Linear(in_features=1024, out_features=4096, bias=True)
        (act): GELU(approximate='none')
        (fc2): Linear(in_features=4096, out_features=1024, bias=True)
        (drop): Dropout(p=0.0, inplace=False)
      )
    )
    (3): Block(
      (norm1): LayerNorm((1024,), eps=1e-06, elementwise_affine=True)
      (attn): Attention(
        (qkv): Linear(in_features=1024, out_features=3072, bias=False)
        (attn_drop): Dropout(p=0.0, inplace=False)
        (proj): Linear(in_features=1024, out_features=1024, bias=True)
        (proj_drop): Dropout(p=0.0, inplace=False)
      )
      (drop_path): DropPath(p=0.013043479062616825)
      (norm2): LayerNorm((1024,), eps=1e-06, elementwise_affine=True)
      (mlp): Mlp(
        (fc1): Linear(in_features=1024, out_features=4096, bias=True)
        (act): GELU(approximate='none')
        (fc2): Linear(in_features=4096, out_features=1024, bias=True)
        (drop): Dropout(p=0.0, inplace=False)
      )
    )
    (4): Block(
      (norm1): LayerNorm((1024,), eps=1e-06, elementwise_affine=True)
      (attn): Attention(
        (qkv): Linear(in_features=1024, out_features=3072, bias=False)
        (attn_drop): Dropout(p=0.0, inplace=False)
        (proj): Linear(in_features=1024, out_features=1024, bias=True)
        (proj_drop): Dropout(p=0.0, inplace=False)
      )
      (drop_path): DropPath(p=0.017391305416822433)
      (norm2): LayerNorm((1024,), eps=1e-06, elementwise_affine=True)
      (mlp): Mlp(
        (fc1): Linear(in_features=1024, out_features=4096, bias=True)
        (act): GELU(approximate='none')
        (fc2): Linear(in_features=4096, out_features=1024, bias=True)
        (drop): Dropout(p=0.0, inplace=False)
      )
    )
    (5): Block(
      (norm1): LayerNorm((1024,), eps=1e-06, elementwise_affine=True)
      (attn): Attention(
        (qkv): Linear(in_features=1024, out_features=3072, bias=False)
        (attn_drop): Dropout(p=0.0, inplace=False)
        (proj): Linear(in_features=1024, out_features=1024, bias=True)
        (proj_drop): Dropout(p=0.0, inplace=False)
      )
      (drop_path): DropPath(p=0.021739132702350616)
      (norm2): LayerNorm((1024,), eps=1e-06, elementwise_affine=True)
      (mlp): Mlp(
        (fc1): Linear(in_features=1024, out_features=4096, bias=True)
        (act): GELU(approximate='none')
        (fc2): Linear(in_features=4096, out_features=1024, bias=True)
        (drop): Dropout(p=0.0, inplace=False)
      )
    )
    (6): Block(
      (norm1): LayerNorm((1024,), eps=1e-06, elementwise_affine=True)
      (attn): Attention(
        (qkv): Linear(in_features=1024, out_features=3072, bias=False)
        (attn_drop): Dropout(p=0.0, inplace=False)
        (proj): Linear(in_features=1024, out_features=1024, bias=True)
        (proj_drop): Dropout(p=0.0, inplace=False)
      )
      (drop_path): DropPath(p=0.02608695812523365)
      (norm2): LayerNorm((1024,), eps=1e-06, elementwise_affine=True)
      (mlp): Mlp(
        (fc1): Linear(in_features=1024, out_features=4096, bias=True)
        (act): GELU(approximate='none')
        (fc2): Linear(in_features=4096, out_features=1024, bias=True)
        (drop): Dropout(p=0.0, inplace=False)
      )
    )
    (7): Block(
      (norm1): LayerNorm((1024,), eps=1e-06, elementwise_affine=True)
      (attn): Attention(
        (qkv): Linear(in_features=1024, out_features=3072, bias=False)
        (attn_drop): Dropout(p=0.0, inplace=False)
        (proj): Linear(in_features=1024, out_features=1024, bias=True)
        (proj_drop): Dropout(p=0.0, inplace=False)
      )
      (drop_path): DropPath(p=0.030434783548116684)
      (norm2): LayerNorm((1024,), eps=1e-06, elementwise_affine=True)
      (mlp): Mlp(
        (fc1): Linear(in_features=1024, out_features=4096, bias=True)
        (act): GELU(approximate='none')
        (fc2): Linear(in_features=4096, out_features=1024, bias=True)
        (drop): Dropout(p=0.0, inplace=False)
      )
    )
    (8): Block(
      (norm1): LayerNorm((1024,), eps=1e-06, elementwise_affine=True)
      (attn): Attention(
        (qkv): Linear(in_features=1024, out_features=3072, bias=False)
        (attn_drop): Dropout(p=0.0, inplace=False)
        (proj): Linear(in_features=1024, out_features=1024, bias=True)
        (proj_drop): Dropout(p=0.0, inplace=False)
      )
      (drop_path): DropPath(p=0.03478261083364487)
      (norm2): LayerNorm((1024,), eps=1e-06, elementwise_affine=True)
      (mlp): Mlp(
        (fc1): Linear(in_features=1024, out_features=4096, bias=True)
        (act): GELU(approximate='none')
        (fc2): Linear(in_features=4096, out_features=1024, bias=True)
        (drop): Dropout(p=0.0, inplace=False)
      )
    )
    (9): Block(
      (norm1): LayerNorm((1024,), eps=1e-06, elementwise_affine=True)
      (attn): Attention(
        (qkv): Linear(in_features=1024, out_features=3072, bias=False)
        (attn_drop): Dropout(p=0.0, inplace=False)
        (proj): Linear(in_features=1024, out_features=1024, bias=True)
        (proj_drop): Dropout(p=0.0, inplace=False)
      )
      (drop_path): DropPath(p=0.03913043811917305)
      (norm2): LayerNorm((1024,), eps=1e-06, elementwise_affine=True)
      (mlp): Mlp(
        (fc1): Linear(in_features=1024, out_features=4096, bias=True)
        (act): GELU(approximate='none')
        (fc2): Linear(in_features=4096, out_features=1024, bias=True)
        (drop): Dropout(p=0.0, inplace=False)
      )
    )
    (10): Block(
      (norm1): LayerNorm((1024,), eps=1e-06, elementwise_affine=True)
      (attn): Attention(
        (qkv): Linear(in_features=1024, out_features=3072, bias=False)
        (attn_drop): Dropout(p=0.0, inplace=False)
        (proj): Linear(in_features=1024, out_features=1024, bias=True)
        (proj_drop): Dropout(p=0.0, inplace=False)
      )
      (drop_path): DropPath(p=0.04347826540470123)
      (norm2): LayerNorm((1024,), eps=1e-06, elementwise_affine=True)
      (mlp): Mlp(
        (fc1): Linear(in_features=1024, out_features=4096, bias=True)
        (act): GELU(approximate='none')
        (fc2): Linear(in_features=4096, out_features=1024, bias=True)
        (drop): Dropout(p=0.0, inplace=False)
      )
    )
    (11): Block(
      (norm1): LayerNorm((1024,), eps=1e-06, elementwise_affine=True)
      (attn): Attention(
        (qkv): Linear(in_features=1024, out_features=3072, bias=False)
        (attn_drop): Dropout(p=0.0, inplace=False)
        (proj): Linear(in_features=1024, out_features=1024, bias=True)
        (proj_drop): Dropout(p=0.0, inplace=False)
      )
      (drop_path): DropPath(p=0.04782608896493912)
      (norm2): LayerNorm((1024,), eps=1e-06, elementwise_affine=True)
      (mlp): Mlp(
        (fc1): Linear(in_features=1024, out_features=4096, bias=True)
        (act): GELU(approximate='none')
        (fc2): Linear(in_features=4096, out_features=1024, bias=True)
        (drop): Dropout(p=0.0, inplace=False)
      )
    )
    (12): Block(
      (norm1): LayerNorm((1024,), eps=1e-06, elementwise_affine=True)
      (attn): Attention(
        (qkv): Linear(in_features=1024, out_features=3072, bias=False)
        (attn_drop): Dropout(p=0.0, inplace=False)
        (proj): Linear(in_features=1024, out_features=1024, bias=True)
        (proj_drop): Dropout(p=0.0, inplace=False)
      )
      (drop_path): DropPath(p=0.052173912525177)
      (norm2): LayerNorm((1024,), eps=1e-06, elementwise_affine=True)
      (mlp): Mlp(
        (fc1): Linear(in_features=1024, out_features=4096, bias=True)
        (act): GELU(approximate='none')
        (fc2): Linear(in_features=4096, out_features=1024, bias=True)
        (drop): Dropout(p=0.0, inplace=False)
      )
    )
    (13): Block(
      (norm1): LayerNorm((1024,), eps=1e-06, elementwise_affine=True)
      (attn): Attention(
        (qkv): Linear(in_features=1024, out_features=3072, bias=False)
        (attn_drop): Dropout(p=0.0, inplace=False)
        (proj): Linear(in_features=1024, out_features=1024, bias=True)
        (proj_drop): Dropout(p=0.0, inplace=False)
      )
      (drop_path): DropPath(p=0.056521736085414886)
      (norm2): LayerNorm((1024,), eps=1e-06, elementwise_affine=True)
      (mlp): Mlp(
        (fc1): Linear(in_features=1024, out_features=4096, bias=True)
        (act): GELU(approximate='none')
        (fc2): Linear(in_features=4096, out_features=1024, bias=True)
        (drop): Dropout(p=0.0, inplace=False)
      )
    )
    (14): Block(
      (norm1): LayerNorm((1024,), eps=1e-06, elementwise_affine=True)
      (attn): Attention(
        (qkv): Linear(in_features=1024, out_features=3072, bias=False)
        (attn_drop): Dropout(p=0.0, inplace=False)
        (proj): Linear(in_features=1024, out_features=1024, bias=True)
        (proj_drop): Dropout(p=0.0, inplace=False)
      )
      (drop_path): DropPath(p=0.06086956337094307)
      (norm2): LayerNorm((1024,), eps=1e-06, elementwise_affine=True)
      (mlp): Mlp(
        (fc1): Linear(in_features=1024, out_features=4096, bias=True)
        (act): GELU(approximate='none')
        (fc2): Linear(in_features=4096, out_features=1024, bias=True)
        (drop): Dropout(p=0.0, inplace=False)
      )
    )
    (15): Block(
      (norm1): LayerNorm((1024,), eps=1e-06, elementwise_affine=True)
      (attn): Attention(
        (qkv): Linear(in_features=1024, out_features=3072, bias=False)
        (attn_drop): Dropout(p=0.0, inplace=False)
        (proj): Linear(in_features=1024, out_features=1024, bias=True)
        (proj_drop): Dropout(p=0.0, inplace=False)
      )
      (drop_path): DropPath(p=0.06521739065647125)
      (norm2): LayerNorm((1024,), eps=1e-06, elementwise_affine=True)
      (mlp): Mlp(
        (fc1): Linear(in_features=1024, out_features=4096, bias=True)
        (act): GELU(approximate='none')
        (fc2): Linear(in_features=4096, out_features=1024, bias=True)
        (drop): Dropout(p=0.0, inplace=False)
      )
    )
    (16): Block(
      (norm1): LayerNorm((1024,), eps=1e-06, elementwise_affine=True)
      (attn): Attention(
        (qkv): Linear(in_features=1024, out_features=3072, bias=False)
        (attn_drop): Dropout(p=0.0, inplace=False)
        (proj): Linear(in_features=1024, out_features=1024, bias=True)
        (proj_drop): Dropout(p=0.0, inplace=False)
      )
      (drop_path): DropPath(p=0.06956521421670914)
      (norm2): LayerNorm((1024,), eps=1e-06, elementwise_affine=True)
      (mlp): Mlp(
        (fc1): Linear(in_features=1024, out_features=4096, bias=True)
        (act): GELU(approximate='none')
        (fc2): Linear(in_features=4096, out_features=1024, bias=True)
        (drop): Dropout(p=0.0, inplace=False)
      )
    )
    (17): Block(
      (norm1): LayerNorm((1024,), eps=1e-06, elementwise_affine=True)
      (attn): Attention(
        (qkv): Linear(in_features=1024, out_features=3072, bias=False)
        (attn_drop): Dropout(p=0.0, inplace=False)
        (proj): Linear(in_features=1024, out_features=1024, bias=True)
        (proj_drop): Dropout(p=0.0, inplace=False)
      )
      (drop_path): DropPath(p=0.07391304522752762)
      (norm2): LayerNorm((1024,), eps=1e-06, elementwise_affine=True)
      (mlp): Mlp(
        (fc1): Linear(in_features=1024, out_features=4096, bias=True)
        (act): GELU(approximate='none')
        (fc2): Linear(in_features=4096, out_features=1024, bias=True)
        (drop): Dropout(p=0.0, inplace=False)
      )
    )
    (18): Block(
      (norm1): LayerNorm((1024,), eps=1e-06, elementwise_affine=True)
      (attn): Attention(
        (qkv): Linear(in_features=1024, out_features=3072, bias=False)
        (attn_drop): Dropout(p=0.0, inplace=False)
        (proj): Linear(in_features=1024, out_features=1024, bias=True)
        (proj_drop): Dropout(p=0.0, inplace=False)
      )
      (drop_path): DropPath(p=0.0782608687877655)
      (norm2): LayerNorm((1024,), eps=1e-06, elementwise_affine=True)
      (mlp): Mlp(
        (fc1): Linear(in_features=1024, out_features=4096, bias=True)
        (act): GELU(approximate='none')
        (fc2): Linear(in_features=4096, out_features=1024, bias=True)
        (drop): Dropout(p=0.0, inplace=False)
      )
    )
    (19): Block(
      (norm1): LayerNorm((1024,), eps=1e-06, elementwise_affine=True)
      (attn): Attention(
        (qkv): Linear(in_features=1024, out_features=3072, bias=False)
        (attn_drop): Dropout(p=0.0, inplace=False)
        (proj): Linear(in_features=1024, out_features=1024, bias=True)
        (proj_drop): Dropout(p=0.0, inplace=False)
      )
      (drop_path): DropPath(p=0.08260869979858398)
      (norm2): LayerNorm((1024,), eps=1e-06, elementwise_affine=True)
      (mlp): Mlp(
        (fc1): Linear(in_features=1024, out_features=4096, bias=True)
        (act): GELU(approximate='none')
        (fc2): Linear(in_features=4096, out_features=1024, bias=True)
        (drop): Dropout(p=0.0, inplace=False)
      )
    )
    (20): Block(
      (norm1): LayerNorm((1024,), eps=1e-06, elementwise_affine=True)
      (attn): Attention(
        (qkv): Linear(in_features=1024, out_features=3072, bias=False)
        (attn_drop): Dropout(p=0.0, inplace=False)
        (proj): Linear(in_features=1024, out_features=1024, bias=True)
        (proj_drop): Dropout(p=0.0, inplace=False)
      )
      (drop_path): DropPath(p=0.08695652335882187)
      (norm2): LayerNorm((1024,), eps=1e-06, elementwise_affine=True)
      (mlp): Mlp(
        (fc1): Linear(in_features=1024, out_features=4096, bias=True)
        (act): GELU(approximate='none')
        (fc2): Linear(in_features=4096, out_features=1024, bias=True)
        (drop): Dropout(p=0.0, inplace=False)
      )
    )
    (21): Block(
      (norm1): LayerNorm((1024,), eps=1e-06, elementwise_affine=True)
      (attn): Attention(
        (qkv): Linear(in_features=1024, out_features=3072, bias=False)
        (attn_drop): Dropout(p=0.0, inplace=False)
        (proj): Linear(in_features=1024, out_features=1024, bias=True)
        (proj_drop): Dropout(p=0.0, inplace=False)
      )
      (drop_path): DropPath(p=0.09130434691905975)
      (norm2): LayerNorm((1024,), eps=1e-06, elementwise_affine=True)
      (mlp): Mlp(
        (fc1): Linear(in_features=1024, out_features=4096, bias=True)
        (act): GELU(approximate='none')
        (fc2): Linear(in_features=4096, out_features=1024, bias=True)
        (drop): Dropout(p=0.0, inplace=False)
      )
    )
    (22): Block(
      (norm1): LayerNorm((1024,), eps=1e-06, elementwise_affine=True)
      (attn): Attention(
        (qkv): Linear(in_features=1024, out_features=3072, bias=False)
        (attn_drop): Dropout(p=0.0, inplace=False)
        (proj): Linear(in_features=1024, out_features=1024, bias=True)
        (proj_drop): Dropout(p=0.0, inplace=False)
      )
      (drop_path): DropPath(p=0.09565217792987823)
      (norm2): LayerNorm((1024,), eps=1e-06, elementwise_affine=True)
      (mlp): Mlp(
        (fc1): Linear(in_features=1024, out_features=4096, bias=True)
        (act): GELU(approximate='none')
        (fc2): Linear(in_features=4096, out_features=1024, bias=True)
        (drop): Dropout(p=0.0, inplace=False)
      )
    )
    (23): Block(
      (norm1): LayerNorm((1024,), eps=1e-06, elementwise_affine=True)
      (attn): Attention(
        (qkv): Linear(in_features=1024, out_features=3072, bias=False)
        (attn_drop): Dropout(p=0.0, inplace=False)
        (proj): Linear(in_features=1024, out_features=1024, bias=True)
        (proj_drop): Dropout(p=0.0, inplace=False)
      )
      (drop_path): DropPath(p=0.10000000149011612)
      (norm2): LayerNorm((1024,), eps=1e-06, elementwise_affine=True)
      (mlp): Mlp(
        (fc1): Linear(in_features=1024, out_features=4096, bias=True)
        (act): GELU(approximate='none')
        (fc2): Linear(in_features=4096, out_features=1024, bias=True)
        (drop): Dropout(p=0.0, inplace=False)
      )
    )
  )
  (norm): LayerNorm((1024,), eps=1e-06, elementwise_affine=True)
  (head): Linear(in_features=1024, out_features=1000, bias=True)
)
normalization method:  imagenet
  S1_ce fold4 ep01/40 loss=1.0115 val_bacc=0.4967 (81s)
  S1_ce fold4 ep02/40 loss=0.5435 val_bacc=0.5378 (77s)
  S1_ce fold4 ep03/40 loss=0.4534 val_bacc=0.5581 (79s)
  S1_ce fold4 ep04/40 loss=0.4255 val_bacc=0.6500 (77s)
  S1_ce fold4 ep05/40 loss=0.3899 val_bacc=0.6164 (78s)
  S1_ce fold4 ep06/40 loss=0.3874 val_bacc=0.6197 (77s)
  S1_ce fold4 ep07/40 loss=0.3610 val_bacc=0.6117 (79s)
  S1_ce fold4 ep08/40 loss=0.3479 val_bacc=0.5872 (78s)
  S1_ce fold4 ep09/40 loss=0.3290 val_bacc=0.6164 (77s)
  S1_ce fold4 ep10/40 loss=0.3084 val_bacc=0.6844 (77s)
  S1_ce fold4 ep11/40 loss=0.2916 val_bacc=0.6181 (78s)
  S1_ce fold4 ep12/40 loss=0.2817 val_bacc=0.6006 (78s)
  S1_ce fold4 ep13/40 loss=0.2777 val_bacc=0.6686 (79s)
  S1_ce fold4 ep14/40 loss=0.2492 val_bacc=0.6267 (78s)
  S1_ce fold4 ep15/40 loss=0.2370 val_bacc=0.6556 (78s)
  S1_ce fold4 ep16/40 loss=0.2352 val_bacc=0.6378 (79s)
  S1_ce fold4 ep17/40 loss=0.2085 val_bacc=0.6433 (79s)
  S1_ce fold4 ep18/40 loss=0.1771 val_bacc=0.6719 (78s)
  S1_ce fold4 ep19/40 loss=0.2004 val_bacc=0.6542 (79s)
  S1_ce fold4 ep20/40 loss=0.1773 val_bacc=0.6628 (77s)
  [early stop] ep20 best_val=0.6844
  → S1_ce_e2e fold4: test BACC=0.6059 severe_recall=0.2821 MAE=0.2637 MAE_true=0.5199 · 20 ep · 78s/ep · GPU peak 1465 MB
normalization method:  imagenet
normalization method:  imagenet
  feats (3662, 1024) → w10_lora_feats_S1_ce_fold4.npy (85s · 43.3 img/s)
    S1_ce__B0   fold4: BACC=0.6600 severe_recall=0.4359 MAE=0.2500 MAE_true=0.4600
    S1_ce__B1   fold4: BACC=0.6538 severe_recall=0.4359 MAE=0.2760 MAE_true=0.4763
    S1_ce__B3   fold4: BACC=0.6482 severe_recall=0.5128 MAE=0.2842 MAE_true=0.4535
    S1_ce__B4   fold4: BACC=0.6468 severe_recall=0.5128 MAE=0.2883 MAE_true=0.4899
    S1_ce__ldam fold4: BACC=0.6532 severe_recall=0.3846 MAE=0.2978 MAE_true=0.4787
    S1_ce__la   fold4: BACC=0.6599 severe_recall=0.4615 MAE=0.2842 MAE_true=0.4735

======================================================================
arm            n_fold     BACC      MCC      MAE  MAE_true
S1_ce_e2e           5   0.6682   0.7247   0.2299    0.4299
S1_ce__B0           5   0.6796   0.7480   0.2217    0.4182
S1_ce__B1           5   0.6863   0.7378   0.2324    0.4141
S1_ce__B3           5   0.6862   0.7004   0.2545    0.3943
S1_ce__B4           5   0.6923   0.7328   0.2346    0.4041
S1_ce__ldam         5   0.6729   0.7303   0.2411    0.4281
S1_ce__la           5   0.6933   0.7331   0.2400    0.4062
======================================================================

총 28.2 분 · 저장: /home/junkim/paper_ajou_dev/PanDerm/output_dir/p6_regime_f/w10_decouple_fold_scores.csv
🔬 w10 E2 (탐색적 · 사후) · 프로토콜 docs/date/2026-09-03_12th_meeting/research_note/w10_unconstrained_methods_protocol.md §4
device=cuda · arms=['S1_la'] · folds=[0] · stage=all · epochs=40 · patience=10 · prefix=w10_
→ /home/junkim/paper_ajou_dev/PanDerm/output_dir/p6_regime_f/w10_decouple_fold_scores.csv

=== S1_la · fold 0 (train 2929 / test 733) ===
/home/junkim/miniconda3/envs/paper/lib/python3.11/site-packages/timm/models/layers/__init__.py:49: FutureWarning: Importing from timm.models.layers is deprecated, please import via timm.layers
  warnings.warn(f"Importing from {__name__} is deprecated, please import via timm.layers", FutureWarning)
/home/junkim/miniconda3/envs/paper/lib/python3.11/site-packages/timm/models/registry.py:4: FutureWarning: Importing from timm.models.registry is deprecated, please import via timm.models
  warnings.warn(f"Importing from {__name__} is deprecated, please import via timm.models", FutureWarning)
/home/junkim/miniconda3/envs/paper/lib/python3.11/site-packages/torch/functional.py:534: UserWarning: torch.meshgrid: in an upcoming release, it will be required to pass the indexing argument. (Triggered internally at ../aten/src/ATen/native/TensorShape.cpp:3595.)
  return _VF.meshgrid(tensors, **kwargs)  # type: ignore[attr-defined]
normalization method:  imagenet
normalization method:  imagenet
loading model checkpoint
VisionTransformer(
  (patch_embed): PatchEmbed(
    (proj): Conv2d(3, 1024, kernel_size=(16, 16), stride=(16, 16))
  )
  (pos_drop): Dropout(p=0.0, inplace=False)
  (blocks): ModuleList(
    (0): Block(
      (norm1): LayerNorm((1024,), eps=1e-06, elementwise_affine=True)
      (attn): Attention(
        (qkv): Linear(in_features=1024, out_features=3072, bias=False)
        (attn_drop): Dropout(p=0.0, inplace=False)
        (proj): Linear(in_features=1024, out_features=1024, bias=True)
        (proj_drop): Dropout(p=0.0, inplace=False)
      )
      (drop_path): Identity()
      (norm2): LayerNorm((1024,), eps=1e-06, elementwise_affine=True)
      (mlp): Mlp(
        (fc1): Linear(in_features=1024, out_features=4096, bias=True)
        (act): GELU(approximate='none')
        (fc2): Linear(in_features=4096, out_features=1024, bias=True)
        (drop): Dropout(p=0.0, inplace=False)
      )
    )
    (1): Block(
      (norm1): LayerNorm((1024,), eps=1e-06, elementwise_affine=True)
      (attn): Attention(
        (qkv): Linear(in_features=1024, out_features=3072, bias=False)
        (attn_drop): Dropout(p=0.0, inplace=False)
        (proj): Linear(in_features=1024, out_features=1024, bias=True)
        (proj_drop): Dropout(p=0.0, inplace=False)
      )
      (drop_path): DropPath(p=0.004347826354205608)
      (norm2): LayerNorm((1024,), eps=1e-06, elementwise_affine=True)
      (mlp): Mlp(
        (fc1): Linear(in_features=1024, out_features=4096, bias=True)
        (act): GELU(approximate='none')
        (fc2): Linear(in_features=4096, out_features=1024, bias=True)
        (drop): Dropout(p=0.0, inplace=False)
      )
    )
    (2): Block(
      (norm1): LayerNorm((1024,), eps=1e-06, elementwise_affine=True)
      (attn): Attention(
        (qkv): Linear(in_features=1024, out_features=3072, bias=False)
        (attn_drop): Dropout(p=0.0, inplace=False)
        (proj): Linear(in_features=1024, out_features=1024, bias=True)
        (proj_drop): Dropout(p=0.0, inplace=False)
      )
      (drop_path): DropPath(p=0.008695652708411217)
      (norm2): LayerNorm((1024,), eps=1e-06, elementwise_affine=True)
      (mlp): Mlp(
        (fc1): Linear(in_features=1024, out_features=4096, bias=True)
        (act): GELU(approximate='none')
        (fc2): Linear(in_features=4096, out_features=1024, bias=True)
        (drop): Dropout(p=0.0, inplace=False)
      )
    )
    (3): Block(
      (norm1): LayerNorm((1024,), eps=1e-06, elementwise_affine=True)
      (attn): Attention(
        (qkv): Linear(in_features=1024, out_features=3072, bias=False)
        (attn_drop): Dropout(p=0.0, inplace=False)
        (proj): Linear(in_features=1024, out_features=1024, bias=True)
        (proj_drop): Dropout(p=0.0, inplace=False)
      )
      (drop_path): DropPath(p=0.013043479062616825)
      (norm2): LayerNorm((1024,), eps=1e-06, elementwise_affine=True)
      (mlp): Mlp(
        (fc1): Linear(in_features=1024, out_features=4096, bias=True)
        (act): GELU(approximate='none')
        (fc2): Linear(in_features=4096, out_features=1024, bias=True)
        (drop): Dropout(p=0.0, inplace=False)
      )
    )
    (4): Block(
      (norm1): LayerNorm((1024,), eps=1e-06, elementwise_affine=True)
      (attn): Attention(
        (qkv): Linear(in_features=1024, out_features=3072, bias=False)
        (attn_drop): Dropout(p=0.0, inplace=False)
        (proj): Linear(in_features=1024, out_features=1024, bias=True)
        (proj_drop): Dropout(p=0.0, inplace=False)
      )
      (drop_path): DropPath(p=0.017391305416822433)
      (norm2): LayerNorm((1024,), eps=1e-06, elementwise_affine=True)
      (mlp): Mlp(
        (fc1): Linear(in_features=1024, out_features=4096, bias=True)
        (act): GELU(approximate='none')
        (fc2): Linear(in_features=4096, out_features=1024, bias=True)
        (drop): Dropout(p=0.0, inplace=False)
      )
    )
    (5): Block(
      (norm1): LayerNorm((1024,), eps=1e-06, elementwise_affine=True)
      (attn): Attention(
        (qkv): Linear(in_features=1024, out_features=3072, bias=False)
        (attn_drop): Dropout(p=0.0, inplace=False)
        (proj): Linear(in_features=1024, out_features=1024, bias=True)
        (proj_drop): Dropout(p=0.0, inplace=False)
      )
      (drop_path): DropPath(p=0.021739132702350616)
      (norm2): LayerNorm((1024,), eps=1e-06, elementwise_affine=True)
      (mlp): Mlp(
        (fc1): Linear(in_features=1024, out_features=4096, bias=True)
        (act): GELU(approximate='none')
        (fc2): Linear(in_features=4096, out_features=1024, bias=True)
        (drop): Dropout(p=0.0, inplace=False)
      )
    )
    (6): Block(
      (norm1): LayerNorm((1024,), eps=1e-06, elementwise_affine=True)
      (attn): Attention(
        (qkv): Linear(in_features=1024, out_features=3072, bias=False)
        (attn_drop): Dropout(p=0.0, inplace=False)
        (proj): Linear(in_features=1024, out_features=1024, bias=True)
        (proj_drop): Dropout(p=0.0, inplace=False)
      )
      (drop_path): DropPath(p=0.02608695812523365)
      (norm2): LayerNorm((1024,), eps=1e-06, elementwise_affine=True)
      (mlp): Mlp(
        (fc1): Linear(in_features=1024, out_features=4096, bias=True)
        (act): GELU(approximate='none')
        (fc2): Linear(in_features=4096, out_features=1024, bias=True)
        (drop): Dropout(p=0.0, inplace=False)
      )
    )
    (7): Block(
      (norm1): LayerNorm((1024,), eps=1e-06, elementwise_affine=True)
      (attn): Attention(
        (qkv): Linear(in_features=1024, out_features=3072, bias=False)
        (attn_drop): Dropout(p=0.0, inplace=False)
        (proj): Linear(in_features=1024, out_features=1024, bias=True)
        (proj_drop): Dropout(p=0.0, inplace=False)
      )
      (drop_path): DropPath(p=0.030434783548116684)
      (norm2): LayerNorm((1024,), eps=1e-06, elementwise_affine=True)
      (mlp): Mlp(
        (fc1): Linear(in_features=1024, out_features=4096, bias=True)
        (act): GELU(approximate='none')
        (fc2): Linear(in_features=4096, out_features=1024, bias=True)
        (drop): Dropout(p=0.0, inplace=False)
      )
    )
    (8): Block(
      (norm1): LayerNorm((1024,), eps=1e-06, elementwise_affine=True)
      (attn): Attention(
        (qkv): Linear(in_features=1024, out_features=3072, bias=False)
        (attn_drop): Dropout(p=0.0, inplace=False)
        (proj): Linear(in_features=1024, out_features=1024, bias=True)
        (proj_drop): Dropout(p=0.0, inplace=False)
      )
      (drop_path): DropPath(p=0.03478261083364487)
      (norm2): LayerNorm((1024,), eps=1e-06, elementwise_affine=True)
      (mlp): Mlp(
        (fc1): Linear(in_features=1024, out_features=4096, bias=True)
        (act): GELU(approximate='none')
        (fc2): Linear(in_features=4096, out_features=1024, bias=True)
        (drop): Dropout(p=0.0, inplace=False)
      )
    )
    (9): Block(
      (norm1): LayerNorm((1024,), eps=1e-06, elementwise_affine=True)
      (attn): Attention(
        (qkv): Linear(in_features=1024, out_features=3072, bias=False)
        (attn_drop): Dropout(p=0.0, inplace=False)
        (proj): Linear(in_features=1024, out_features=1024, bias=True)
        (proj_drop): Dropout(p=0.0, inplace=False)
      )
      (drop_path): DropPath(p=0.03913043811917305)
      (norm2): LayerNorm((1024,), eps=1e-06, elementwise_affine=True)
      (mlp): Mlp(
        (fc1): Linear(in_features=1024, out_features=4096, bias=True)
        (act): GELU(approximate='none')
        (fc2): Linear(in_features=4096, out_features=1024, bias=True)
        (drop): Dropout(p=0.0, inplace=False)
      )
    )
    (10): Block(
      (norm1): LayerNorm((1024,), eps=1e-06, elementwise_affine=True)
      (attn): Attention(
        (qkv): Linear(in_features=1024, out_features=3072, bias=False)
        (attn_drop): Dropout(p=0.0, inplace=False)
        (proj): Linear(in_features=1024, out_features=1024, bias=True)
        (proj_drop): Dropout(p=0.0, inplace=False)
      )
      (drop_path): DropPath(p=0.04347826540470123)
      (norm2): LayerNorm((1024,), eps=1e-06, elementwise_affine=True)
      (mlp): Mlp(
        (fc1): Linear(in_features=1024, out_features=4096, bias=True)
        (act): GELU(approximate='none')
        (fc2): Linear(in_features=4096, out_features=1024, bias=True)
        (drop): Dropout(p=0.0, inplace=False)
      )
    )
    (11): Block(
      (norm1): LayerNorm((1024,), eps=1e-06, elementwise_affine=True)
      (attn): Attention(
        (qkv): Linear(in_features=1024, out_features=3072, bias=False)
        (attn_drop): Dropout(p=0.0, inplace=False)
        (proj): Linear(in_features=1024, out_features=1024, bias=True)
        (proj_drop): Dropout(p=0.0, inplace=False)
      )
      (drop_path): DropPath(p=0.04782608896493912)
      (norm2): LayerNorm((1024,), eps=1e-06, elementwise_affine=True)
      (mlp): Mlp(
        (fc1): Linear(in_features=1024, out_features=4096, bias=True)
        (act): GELU(approximate='none')
        (fc2): Linear(in_features=4096, out_features=1024, bias=True)
        (drop): Dropout(p=0.0, inplace=False)
      )
    )
    (12): Block(
      (norm1): LayerNorm((1024,), eps=1e-06, elementwise_affine=True)
      (attn): Attention(
        (qkv): Linear(in_features=1024, out_features=3072, bias=False)
        (attn_drop): Dropout(p=0.0, inplace=False)
        (proj): Linear(in_features=1024, out_features=1024, bias=True)
        (proj_drop): Dropout(p=0.0, inplace=False)
      )
      (drop_path): DropPath(p=0.052173912525177)
      (norm2): LayerNorm((1024,), eps=1e-06, elementwise_affine=True)
      (mlp): Mlp(
        (fc1): Linear(in_features=1024, out_features=4096, bias=True)
        (act): GELU(approximate='none')
        (fc2): Linear(in_features=4096, out_features=1024, bias=True)
        (drop): Dropout(p=0.0, inplace=False)
      )
    )
    (13): Block(
      (norm1): LayerNorm((1024,), eps=1e-06, elementwise_affine=True)
      (attn): Attention(
        (qkv): Linear(in_features=1024, out_features=3072, bias=False)
        (attn_drop): Dropout(p=0.0, inplace=False)
        (proj): Linear(in_features=1024, out_features=1024, bias=True)
        (proj_drop): Dropout(p=0.0, inplace=False)
      )
      (drop_path): DropPath(p=0.056521736085414886)
      (norm2): LayerNorm((1024,), eps=1e-06, elementwise_affine=True)
      (mlp): Mlp(
        (fc1): Linear(in_features=1024, out_features=4096, bias=True)
        (act): GELU(approximate='none')
        (fc2): Linear(in_features=4096, out_features=1024, bias=True)
        (drop): Dropout(p=0.0, inplace=False)
      )
    )
    (14): Block(
      (norm1): LayerNorm((1024,), eps=1e-06, elementwise_affine=True)
      (attn): Attention(
        (qkv): Linear(in_features=1024, out_features=3072, bias=False)
        (attn_drop): Dropout(p=0.0, inplace=False)
        (proj): Linear(in_features=1024, out_features=1024, bias=True)
        (proj_drop): Dropout(p=0.0, inplace=False)
      )
      (drop_path): DropPath(p=0.06086956337094307)
      (norm2): LayerNorm((1024,), eps=1e-06, elementwise_affine=True)
      (mlp): Mlp(
        (fc1): Linear(in_features=1024, out_features=4096, bias=True)
        (act): GELU(approximate='none')
        (fc2): Linear(in_features=4096, out_features=1024, bias=True)
        (drop): Dropout(p=0.0, inplace=False)
      )
    )
    (15): Block(
      (norm1): LayerNorm((1024,), eps=1e-06, elementwise_affine=True)
      (attn): Attention(
        (qkv): Linear(in_features=1024, out_features=3072, bias=False)
        (attn_drop): Dropout(p=0.0, inplace=False)
        (proj): Linear(in_features=1024, out_features=1024, bias=True)
        (proj_drop): Dropout(p=0.0, inplace=False)
      )
      (drop_path): DropPath(p=0.06521739065647125)
      (norm2): LayerNorm((1024,), eps=1e-06, elementwise_affine=True)
      (mlp): Mlp(
        (fc1): Linear(in_features=1024, out_features=4096, bias=True)
        (act): GELU(approximate='none')
        (fc2): Linear(in_features=4096, out_features=1024, bias=True)
        (drop): Dropout(p=0.0, inplace=False)
      )
    )
    (16): Block(
      (norm1): LayerNorm((1024,), eps=1e-06, elementwise_affine=True)
      (attn): Attention(
        (qkv): Linear(in_features=1024, out_features=3072, bias=False)
        (attn_drop): Dropout(p=0.0, inplace=False)
        (proj): Linear(in_features=1024, out_features=1024, bias=True)
        (proj_drop): Dropout(p=0.0, inplace=False)
      )
      (drop_path): DropPath(p=0.06956521421670914)
      (norm2): LayerNorm((1024,), eps=1e-06, elementwise_affine=True)
      (mlp): Mlp(
        (fc1): Linear(in_features=1024, out_features=4096, bias=True)
        (act): GELU(approximate='none')
        (fc2): Linear(in_features=4096, out_features=1024, bias=True)
        (drop): Dropout(p=0.0, inplace=False)
      )
    )
    (17): Block(
      (norm1): LayerNorm((1024,), eps=1e-06, elementwise_affine=True)
      (attn): Attention(
        (qkv): Linear(in_features=1024, out_features=3072, bias=False)
        (attn_drop): Dropout(p=0.0, inplace=False)
        (proj): Linear(in_features=1024, out_features=1024, bias=True)
        (proj_drop): Dropout(p=0.0, inplace=False)
      )
      (drop_path): DropPath(p=0.07391304522752762)
      (norm2): LayerNorm((1024,), eps=1e-06, elementwise_affine=True)
      (mlp): Mlp(
        (fc1): Linear(in_features=1024, out_features=4096, bias=True)
        (act): GELU(approximate='none')
        (fc2): Linear(in_features=4096, out_features=1024, bias=True)
        (drop): Dropout(p=0.0, inplace=False)
      )
    )
    (18): Block(
      (norm1): LayerNorm((1024,), eps=1e-06, elementwise_affine=True)
      (attn): Attention(
        (qkv): Linear(in_features=1024, out_features=3072, bias=False)
        (attn_drop): Dropout(p=0.0, inplace=False)
        (proj): Linear(in_features=1024, out_features=1024, bias=True)
        (proj_drop): Dropout(p=0.0, inplace=False)
      )
      (drop_path): DropPath(p=0.0782608687877655)
      (norm2): LayerNorm((1024,), eps=1e-06, elementwise_affine=True)
      (mlp): Mlp(
        (fc1): Linear(in_features=1024, out_features=4096, bias=True)
        (act): GELU(approximate='none')
        (fc2): Linear(in_features=4096, out_features=1024, bias=True)
        (drop): Dropout(p=0.0, inplace=False)
      )
    )
    (19): Block(
      (norm1): LayerNorm((1024,), eps=1e-06, elementwise_affine=True)
      (attn): Attention(
        (qkv): Linear(in_features=1024, out_features=3072, bias=False)
        (attn_drop): Dropout(p=0.0, inplace=False)
        (proj): Linear(in_features=1024, out_features=1024, bias=True)
        (proj_drop): Dropout(p=0.0, inplace=False)
      )
      (drop_path): DropPath(p=0.08260869979858398)
      (norm2): LayerNorm((1024,), eps=1e-06, elementwise_affine=True)
      (mlp): Mlp(
        (fc1): Linear(in_features=1024, out_features=4096, bias=True)
        (act): GELU(approximate='none')
        (fc2): Linear(in_features=4096, out_features=1024, bias=True)
        (drop): Dropout(p=0.0, inplace=False)
      )
    )
    (20): Block(
      (norm1): LayerNorm((1024,), eps=1e-06, elementwise_affine=True)
      (attn): Attention(
        (qkv): Linear(in_features=1024, out_features=3072, bias=False)
        (attn_drop): Dropout(p=0.0, inplace=False)
        (proj): Linear(in_features=1024, out_features=1024, bias=True)
        (proj_drop): Dropout(p=0.0, inplace=False)
      )
      (drop_path): DropPath(p=0.08695652335882187)
      (norm2): LayerNorm((1024,), eps=1e-06, elementwise_affine=True)
      (mlp): Mlp(
        (fc1): Linear(in_features=1024, out_features=4096, bias=True)
        (act): GELU(approximate='none')
        (fc2): Linear(in_features=4096, out_features=1024, bias=True)
        (drop): Dropout(p=0.0, inplace=False)
      )
    )
    (21): Block(
      (norm1): LayerNorm((1024,), eps=1e-06, elementwise_affine=True)
      (attn): Attention(
        (qkv): Linear(in_features=1024, out_features=3072, bias=False)
        (attn_drop): Dropout(p=0.0, inplace=False)
        (proj): Linear(in_features=1024, out_features=1024, bias=True)
        (proj_drop): Dropout(p=0.0, inplace=False)
      )
      (drop_path): DropPath(p=0.09130434691905975)
      (norm2): LayerNorm((1024,), eps=1e-06, elementwise_affine=True)
      (mlp): Mlp(
        (fc1): Linear(in_features=1024, out_features=4096, bias=True)
        (act): GELU(approximate='none')
        (fc2): Linear(in_features=4096, out_features=1024, bias=True)
        (drop): Dropout(p=0.0, inplace=False)
      )
    )
    (22): Block(
      (norm1): LayerNorm((1024,), eps=1e-06, elementwise_affine=True)
      (attn): Attention(
        (qkv): Linear(in_features=1024, out_features=3072, bias=False)
        (attn_drop): Dropout(p=0.0, inplace=False)
        (proj): Linear(in_features=1024, out_features=1024, bias=True)
        (proj_drop): Dropout(p=0.0, inplace=False)
      )
      (drop_path): DropPath(p=0.09565217792987823)
      (norm2): LayerNorm((1024,), eps=1e-06, elementwise_affine=True)
      (mlp): Mlp(
        (fc1): Linear(in_features=1024, out_features=4096, bias=True)
        (act): GELU(approximate='none')
        (fc2): Linear(in_features=4096, out_features=1024, bias=True)
        (drop): Dropout(p=0.0, inplace=False)
      )
    )
    (23): Block(
      (norm1): LayerNorm((1024,), eps=1e-06, elementwise_affine=True)
      (attn): Attention(
        (qkv): Linear(in_features=1024, out_features=3072, bias=False)
        (attn_drop): Dropout(p=0.0, inplace=False)
        (proj): Linear(in_features=1024, out_features=1024, bias=True)
        (proj_drop): Dropout(p=0.0, inplace=False)
      )
      (drop_path): DropPath(p=0.10000000149011612)
      (norm2): LayerNorm((1024,), eps=1e-06, elementwise_affine=True)
      (mlp): Mlp(
        (fc1): Linear(in_features=1024, out_features=4096, bias=True)
        (act): GELU(approximate='none')
        (fc2): Linear(in_features=4096, out_features=1024, bias=True)
        (drop): Dropout(p=0.0, inplace=False)
      )
    )
  )
  (norm): LayerNorm((1024,), eps=1e-06, elementwise_affine=True)
  (head): Linear(in_features=1024, out_features=1000, bias=True)
)
normalization method:  imagenet
  S1_la fold0 ep01/40 loss=0.9072 val_bacc=0.5872 (81s)
  S1_la fold0 ep02/40 loss=0.5307 val_bacc=0.6086 (78s)
  S1_la fold0 ep03/40 loss=0.4913 val_bacc=0.6353 (78s)
  S1_la fold0 ep04/40 loss=0.4463 val_bacc=0.6603 (78s)
  S1_la fold0 ep05/40 loss=0.4229 val_bacc=0.6483 (77s)
  S1_la fold0 ep06/40 loss=0.4424 val_bacc=0.7292 (77s)
  S1_la fold0 ep07/40 loss=0.3842 val_bacc=0.6919 (79s)
  S1_la fold0 ep08/40 loss=0.3805 val_bacc=0.7219 (79s)
  S1_la fold0 ep09/40 loss=0.3548 val_bacc=0.7286 (78s)
  S1_la fold0 ep10/40 loss=0.3375 val_bacc=0.7164 (77s)
  S1_la fold0 ep11/40 loss=0.3213 val_bacc=0.6728 (79s)
  S1_la fold0 ep12/40 loss=0.3198 val_bacc=0.6506 (79s)
  S1_la fold0 ep13/40 loss=0.3143 val_bacc=0.7219 (78s)
  S1_la fold0 ep14/40 loss=0.2731 val_bacc=0.7325 (79s)
  S1_la fold0 ep15/40 loss=0.2613 val_bacc=0.7039 (77s)
  S1_la fold0 ep16/40 loss=0.2706 val_bacc=0.7128 (78s)
  S1_la fold0 ep17/40 loss=0.2318 val_bacc=0.7294 (78s)
  S1_la fold0 ep18/40 loss=0.2205 val_bacc=0.7303 (79s)
  S1_la fold0 ep19/40 loss=0.2036 val_bacc=0.6853 (78s)
  S1_la fold0 ep20/40 loss=0.1849 val_bacc=0.7269 (77s)
  S1_la fold0 ep21/40 loss=0.1794 val_bacc=0.7142 (78s)
  S1_la fold0 ep22/40 loss=0.1386 val_bacc=0.6819 (78s)
  S1_la fold0 ep23/40 loss=0.1656 val_bacc=0.7425 (78s)
  S1_la fold0 ep24/40 loss=0.1402 val_bacc=0.6689 (78s)
  S1_la fold0 ep25/40 loss=0.1302 val_bacc=0.6894 (78s)
  S1_la fold0 ep26/40 loss=0.1086 val_bacc=0.7119 (78s)
  S1_la fold0 ep27/40 loss=0.1107 val_bacc=0.7328 (79s)
  S1_la fold0 ep28/40 loss=0.1062 val_bacc=0.6986 (79s)
  S1_la fold0 ep29/40 loss=0.0995 val_bacc=0.7033 (79s)
  S1_la fold0 ep30/40 loss=0.0776 val_bacc=0.6978 (79s)
  S1_la fold0 ep31/40 loss=0.0961 val_bacc=0.7183 (79s)
  S1_la fold0 ep32/40 loss=0.0904 val_bacc=0.6747 (80s)
  S1_la fold0 ep33/40 loss=0.0731 val_bacc=0.7136 (77s)
  [early stop] ep33 best_val=0.7425
  → S1_la_e2e fold0: test BACC=0.6794 severe_recall=0.5385 MAE=0.2769 MAE_true=0.4373 · 33 ep · 78s/ep · GPU peak 1465 MB
normalization method:  imagenet
normalization method:  imagenet
  feats (3662, 1024) → w10_lora_feats_S1_la_fold0.npy (84s · 43.3 img/s)
    S1_la__B0   fold0: BACC=0.7007 severe_recall=0.4359 MAE=0.1965 MAE_true=0.3857
    S1_la__B1   fold0: BACC=0.6937 severe_recall=0.4359 MAE=0.2128 MAE_true=0.3918
    S1_la__B3   fold0: BACC=0.6827 severe_recall=0.5897 MAE=0.2538 MAE_true=0.3939
    S1_la__B4   fold0: BACC=0.7055 severe_recall=0.5385 MAE=0.2169 MAE_true=0.3707
    S1_la__ldam fold0: BACC=0.6595 severe_recall=0.4103 MAE=0.2347 MAE_true=0.4417
    S1_la__la   fold0: BACC=0.6978 severe_recall=0.4872 MAE=0.2169 MAE_true=0.3853

======================================================================
arm            n_fold     BACC      MCC      MAE  MAE_true
S1_ce_e2e           5   0.6682   0.7247   0.2299    0.4299
S1_ce__B0           5   0.6796   0.7480   0.2217    0.4182
S1_ce__B1           5   0.6863   0.7378   0.2324    0.4141
S1_ce__B3           5   0.6862   0.7004   0.2545    0.3943
S1_ce__B4           5   0.6923   0.7328   0.2346    0.4041
S1_ce__ldam         5   0.6729   0.7303   0.2411    0.4281
S1_ce__la           5   0.6933   0.7331   0.2400    0.4062
S1_la_e2e           1   0.6794   0.6960   0.2769    0.4373
S1_la__B0           1   0.7007   0.7731   0.1965    0.3857
S1_la__B1           1   0.6937   0.7541   0.2128    0.3918
S1_la__B3           1   0.6827   0.7016   0.2538    0.3939
S1_la__B4           1   0.7055   0.7504   0.2169    0.3707
S1_la__ldam         1   0.6595   0.7331   0.2347    0.4417
S1_la__la           1   0.6978   0.7491   0.2169    0.3853
======================================================================

총 45.2 분 · 저장: /home/junkim/paper_ajou_dev/PanDerm/output_dir/p6_regime_f/w10_decouple_fold_scores.csv
🔬 w10 E2 (탐색적 · 사후) · 프로토콜 docs/date/2026-09-03_12th_meeting/research_note/w10_unconstrained_methods_protocol.md §4
device=cuda · arms=['S1_la'] · folds=[1] · stage=all · epochs=40 · patience=10 · prefix=w10_
→ /home/junkim/paper_ajou_dev/PanDerm/output_dir/p6_regime_f/w10_decouple_fold_scores.csv

=== S1_la · fold 1 (train 2929 / test 733) ===
/home/junkim/miniconda3/envs/paper/lib/python3.11/site-packages/timm/models/layers/__init__.py:49: FutureWarning: Importing from timm.models.layers is deprecated, please import via timm.layers
  warnings.warn(f"Importing from {__name__} is deprecated, please import via timm.layers", FutureWarning)
/home/junkim/miniconda3/envs/paper/lib/python3.11/site-packages/timm/models/registry.py:4: FutureWarning: Importing from timm.models.registry is deprecated, please import via timm.models
  warnings.warn(f"Importing from {__name__} is deprecated, please import via timm.models", FutureWarning)
/home/junkim/miniconda3/envs/paper/lib/python3.11/site-packages/torch/functional.py:534: UserWarning: torch.meshgrid: in an upcoming release, it will be required to pass the indexing argument. (Triggered internally at ../aten/src/ATen/native/TensorShape.cpp:3595.)
  return _VF.meshgrid(tensors, **kwargs)  # type: ignore[attr-defined]
normalization method:  imagenet
normalization method:  imagenet
loading model checkpoint
VisionTransformer(
  (patch_embed): PatchEmbed(
    (proj): Conv2d(3, 1024, kernel_size=(16, 16), stride=(16, 16))
  )
  (pos_drop): Dropout(p=0.0, inplace=False)
  (blocks): ModuleList(
    (0): Block(
      (norm1): LayerNorm((1024,), eps=1e-06, elementwise_affine=True)
      (attn): Attention(
        (qkv): Linear(in_features=1024, out_features=3072, bias=False)
        (attn_drop): Dropout(p=0.0, inplace=False)
        (proj): Linear(in_features=1024, out_features=1024, bias=True)
        (proj_drop): Dropout(p=0.0, inplace=False)
      )
      (drop_path): Identity()
      (norm2): LayerNorm((1024,), eps=1e-06, elementwise_affine=True)
      (mlp): Mlp(
        (fc1): Linear(in_features=1024, out_features=4096, bias=True)
        (act): GELU(approximate='none')
        (fc2): Linear(in_features=4096, out_features=1024, bias=True)
        (drop): Dropout(p=0.0, inplace=False)
      )
    )
    (1): Block(
      (norm1): LayerNorm((1024,), eps=1e-06, elementwise_affine=True)
      (attn): Attention(
        (qkv): Linear(in_features=1024, out_features=3072, bias=False)
        (attn_drop): Dropout(p=0.0, inplace=False)
        (proj): Linear(in_features=1024, out_features=1024, bias=True)
        (proj_drop): Dropout(p=0.0, inplace=False)
      )
      (drop_path): DropPath(p=0.004347826354205608)
      (norm2): LayerNorm((1024,), eps=1e-06, elementwise_affine=True)
      (mlp): Mlp(
        (fc1): Linear(in_features=1024, out_features=4096, bias=True)
        (act): GELU(approximate='none')
        (fc2): Linear(in_features=4096, out_features=1024, bias=True)
        (drop): Dropout(p=0.0, inplace=False)
      )
    )
    (2): Block(
      (norm1): LayerNorm((1024,), eps=1e-06, elementwise_affine=True)
      (attn): Attention(
        (qkv): Linear(in_features=1024, out_features=3072, bias=False)
        (attn_drop): Dropout(p=0.0, inplace=False)
        (proj): Linear(in_features=1024, out_features=1024, bias=True)
        (proj_drop): Dropout(p=0.0, inplace=False)
      )
      (drop_path): DropPath(p=0.008695652708411217)
      (norm2): LayerNorm((1024,), eps=1e-06, elementwise_affine=True)
      (mlp): Mlp(
        (fc1): Linear(in_features=1024, out_features=4096, bias=True)
        (act): GELU(approximate='none')
        (fc2): Linear(in_features=4096, out_features=1024, bias=True)
        (drop): Dropout(p=0.0, inplace=False)
      )
    )
    (3): Block(
      (norm1): LayerNorm((1024,), eps=1e-06, elementwise_affine=True)
      (attn): Attention(
        (qkv): Linear(in_features=1024, out_features=3072, bias=False)
        (attn_drop): Dropout(p=0.0, inplace=False)
        (proj): Linear(in_features=1024, out_features=1024, bias=True)
        (proj_drop): Dropout(p=0.0, inplace=False)
      )
      (drop_path): DropPath(p=0.013043479062616825)
      (norm2): LayerNorm((1024,), eps=1e-06, elementwise_affine=True)
      (mlp): Mlp(
        (fc1): Linear(in_features=1024, out_features=4096, bias=True)
        (act): GELU(approximate='none')
        (fc2): Linear(in_features=4096, out_features=1024, bias=True)
        (drop): Dropout(p=0.0, inplace=False)
      )
    )
    (4): Block(
      (norm1): LayerNorm((1024,), eps=1e-06, elementwise_affine=True)
      (attn): Attention(
        (qkv): Linear(in_features=1024, out_features=3072, bias=False)
        (attn_drop): Dropout(p=0.0, inplace=False)
        (proj): Linear(in_features=1024, out_features=1024, bias=True)
        (proj_drop): Dropout(p=0.0, inplace=False)
      )
      (drop_path): DropPath(p=0.017391305416822433)
      (norm2): LayerNorm((1024,), eps=1e-06, elementwise_affine=True)
      (mlp): Mlp(
        (fc1): Linear(in_features=1024, out_features=4096, bias=True)
        (act): GELU(approximate='none')
        (fc2): Linear(in_features=4096, out_features=1024, bias=True)
        (drop): Dropout(p=0.0, inplace=False)
      )
    )
    (5): Block(
      (norm1): LayerNorm((1024,), eps=1e-06, elementwise_affine=True)
      (attn): Attention(
        (qkv): Linear(in_features=1024, out_features=3072, bias=False)
        (attn_drop): Dropout(p=0.0, inplace=False)
        (proj): Linear(in_features=1024, out_features=1024, bias=True)
        (proj_drop): Dropout(p=0.0, inplace=False)
      )
      (drop_path): DropPath(p=0.021739132702350616)
      (norm2): LayerNorm((1024,), eps=1e-06, elementwise_affine=True)
      (mlp): Mlp(
        (fc1): Linear(in_features=1024, out_features=4096, bias=True)
        (act): GELU(approximate='none')
        (fc2): Linear(in_features=4096, out_features=1024, bias=True)
        (drop): Dropout(p=0.0, inplace=False)
      )
    )
    (6): Block(
      (norm1): LayerNorm((1024,), eps=1e-06, elementwise_affine=True)
      (attn): Attention(
        (qkv): Linear(in_features=1024, out_features=3072, bias=False)
        (attn_drop): Dropout(p=0.0, inplace=False)
        (proj): Linear(in_features=1024, out_features=1024, bias=True)
        (proj_drop): Dropout(p=0.0, inplace=False)
      )
      (drop_path): DropPath(p=0.02608695812523365)
      (norm2): LayerNorm((1024,), eps=1e-06, elementwise_affine=True)
      (mlp): Mlp(
        (fc1): Linear(in_features=1024, out_features=4096, bias=True)
        (act): GELU(approximate='none')
        (fc2): Linear(in_features=4096, out_features=1024, bias=True)
        (drop): Dropout(p=0.0, inplace=False)
      )
    )
    (7): Block(
      (norm1): LayerNorm((1024,), eps=1e-06, elementwise_affine=True)
      (attn): Attention(
        (qkv): Linear(in_features=1024, out_features=3072, bias=False)
        (attn_drop): Dropout(p=0.0, inplace=False)
        (proj): Linear(in_features=1024, out_features=1024, bias=True)
        (proj_drop): Dropout(p=0.0, inplace=False)
      )
      (drop_path): DropPath(p=0.030434783548116684)
      (norm2): LayerNorm((1024,), eps=1e-06, elementwise_affine=True)
      (mlp): Mlp(
        (fc1): Linear(in_features=1024, out_features=4096, bias=True)
        (act): GELU(approximate='none')
        (fc2): Linear(in_features=4096, out_features=1024, bias=True)
        (drop): Dropout(p=0.0, inplace=False)
      )
    )
    (8): Block(
      (norm1): LayerNorm((1024,), eps=1e-06, elementwise_affine=True)
      (attn): Attention(
        (qkv): Linear(in_features=1024, out_features=3072, bias=False)
        (attn_drop): Dropout(p=0.0, inplace=False)
        (proj): Linear(in_features=1024, out_features=1024, bias=True)
        (proj_drop): Dropout(p=0.0, inplace=False)
      )
      (drop_path): DropPath(p=0.03478261083364487)
      (norm2): LayerNorm((1024,), eps=1e-06, elementwise_affine=True)
      (mlp): Mlp(
        (fc1): Linear(in_features=1024, out_features=4096, bias=True)
        (act): GELU(approximate='none')
        (fc2): Linear(in_features=4096, out_features=1024, bias=True)
        (drop): Dropout(p=0.0, inplace=False)
      )
    )
    (9): Block(
      (norm1): LayerNorm((1024,), eps=1e-06, elementwise_affine=True)
      (attn): Attention(
        (qkv): Linear(in_features=1024, out_features=3072, bias=False)
        (attn_drop): Dropout(p=0.0, inplace=False)
        (proj): Linear(in_features=1024, out_features=1024, bias=True)
        (proj_drop): Dropout(p=0.0, inplace=False)
      )
      (drop_path): DropPath(p=0.03913043811917305)
      (norm2): LayerNorm((1024,), eps=1e-06, elementwise_affine=True)
      (mlp): Mlp(
        (fc1): Linear(in_features=1024, out_features=4096, bias=True)
        (act): GELU(approximate='none')
        (fc2): Linear(in_features=4096, out_features=1024, bias=True)
        (drop): Dropout(p=0.0, inplace=False)
      )
    )
    (10): Block(
      (norm1): LayerNorm((1024,), eps=1e-06, elementwise_affine=True)
      (attn): Attention(
        (qkv): Linear(in_features=1024, out_features=3072, bias=False)
        (attn_drop): Dropout(p=0.0, inplace=False)
        (proj): Linear(in_features=1024, out_features=1024, bias=True)
        (proj_drop): Dropout(p=0.0, inplace=False)
      )
      (drop_path): DropPath(p=0.04347826540470123)
      (norm2): LayerNorm((1024,), eps=1e-06, elementwise_affine=True)
      (mlp): Mlp(
        (fc1): Linear(in_features=1024, out_features=4096, bias=True)
        (act): GELU(approximate='none')
        (fc2): Linear(in_features=4096, out_features=1024, bias=True)
        (drop): Dropout(p=0.0, inplace=False)
      )
    )
    (11): Block(
      (norm1): LayerNorm((1024,), eps=1e-06, elementwise_affine=True)
      (attn): Attention(
        (qkv): Linear(in_features=1024, out_features=3072, bias=False)
        (attn_drop): Dropout(p=0.0, inplace=False)
        (proj): Linear(in_features=1024, out_features=1024, bias=True)
        (proj_drop): Dropout(p=0.0, inplace=False)
      )
      (drop_path): DropPath(p=0.04782608896493912)
      (norm2): LayerNorm((1024,), eps=1e-06, elementwise_affine=True)
      (mlp): Mlp(
        (fc1): Linear(in_features=1024, out_features=4096, bias=True)
        (act): GELU(approximate='none')
        (fc2): Linear(in_features=4096, out_features=1024, bias=True)
        (drop): Dropout(p=0.0, inplace=False)
      )
    )
    (12): Block(
      (norm1): LayerNorm((1024,), eps=1e-06, elementwise_affine=True)
      (attn): Attention(
        (qkv): Linear(in_features=1024, out_features=3072, bias=False)
        (attn_drop): Dropout(p=0.0, inplace=False)
        (proj): Linear(in_features=1024, out_features=1024, bias=True)
        (proj_drop): Dropout(p=0.0, inplace=False)
      )
      (drop_path): DropPath(p=0.052173912525177)
      (norm2): LayerNorm((1024,), eps=1e-06, elementwise_affine=True)
      (mlp): Mlp(
        (fc1): Linear(in_features=1024, out_features=4096, bias=True)
        (act): GELU(approximate='none')
        (fc2): Linear(in_features=4096, out_features=1024, bias=True)
        (drop): Dropout(p=0.0, inplace=False)
      )
    )
    (13): Block(
      (norm1): LayerNorm((1024,), eps=1e-06, elementwise_affine=True)
      (attn): Attention(
        (qkv): Linear(in_features=1024, out_features=3072, bias=False)
        (attn_drop): Dropout(p=0.0, inplace=False)
        (proj): Linear(in_features=1024, out_features=1024, bias=True)
        (proj_drop): Dropout(p=0.0, inplace=False)
      )
      (drop_path): DropPath(p=0.056521736085414886)
      (norm2): LayerNorm((1024,), eps=1e-06, elementwise_affine=True)
      (mlp): Mlp(
        (fc1): Linear(in_features=1024, out_features=4096, bias=True)
        (act): GELU(approximate='none')
        (fc2): Linear(in_features=4096, out_features=1024, bias=True)
        (drop): Dropout(p=0.0, inplace=False)
      )
    )
    (14): Block(
      (norm1): LayerNorm((1024,), eps=1e-06, elementwise_affine=True)
      (attn): Attention(
        (qkv): Linear(in_features=1024, out_features=3072, bias=False)
        (attn_drop): Dropout(p=0.0, inplace=False)
        (proj): Linear(in_features=1024, out_features=1024, bias=True)
        (proj_drop): Dropout(p=0.0, inplace=False)
      )
      (drop_path): DropPath(p=0.06086956337094307)
      (norm2): LayerNorm((1024,), eps=1e-06, elementwise_affine=True)
      (mlp): Mlp(
        (fc1): Linear(in_features=1024, out_features=4096, bias=True)
        (act): GELU(approximate='none')
        (fc2): Linear(in_features=4096, out_features=1024, bias=True)
        (drop): Dropout(p=0.0, inplace=False)
      )
    )
    (15): Block(
      (norm1): LayerNorm((1024,), eps=1e-06, elementwise_affine=True)
      (attn): Attention(
        (qkv): Linear(in_features=1024, out_features=3072, bias=False)
        (attn_drop): Dropout(p=0.0, inplace=False)
        (proj): Linear(in_features=1024, out_features=1024, bias=True)
        (proj_drop): Dropout(p=0.0, inplace=False)
      )
      (drop_path): DropPath(p=0.06521739065647125)
      (norm2): LayerNorm((1024,), eps=1e-06, elementwise_affine=True)
      (mlp): Mlp(
        (fc1): Linear(in_features=1024, out_features=4096, bias=True)
        (act): GELU(approximate='none')
        (fc2): Linear(in_features=4096, out_features=1024, bias=True)
        (drop): Dropout(p=0.0, inplace=False)
      )
    )
    (16): Block(
      (norm1): LayerNorm((1024,), eps=1e-06, elementwise_affine=True)
      (attn): Attention(
        (qkv): Linear(in_features=1024, out_features=3072, bias=False)
        (attn_drop): Dropout(p=0.0, inplace=False)
        (proj): Linear(in_features=1024, out_features=1024, bias=True)
        (proj_drop): Dropout(p=0.0, inplace=False)
      )
      (drop_path): DropPath(p=0.06956521421670914)
      (norm2): LayerNorm((1024,), eps=1e-06, elementwise_affine=True)
      (mlp): Mlp(
        (fc1): Linear(in_features=1024, out_features=4096, bias=True)
        (act): GELU(approximate='none')
        (fc2): Linear(in_features=4096, out_features=1024, bias=True)
        (drop): Dropout(p=0.0, inplace=False)
      )
    )
    (17): Block(
      (norm1): LayerNorm((1024,), eps=1e-06, elementwise_affine=True)
      (attn): Attention(
        (qkv): Linear(in_features=1024, out_features=3072, bias=False)
        (attn_drop): Dropout(p=0.0, inplace=False)
        (proj): Linear(in_features=1024, out_features=1024, bias=True)
        (proj_drop): Dropout(p=0.0, inplace=False)
      )
      (drop_path): DropPath(p=0.07391304522752762)
      (norm2): LayerNorm((1024,), eps=1e-06, elementwise_affine=True)
      (mlp): Mlp(
        (fc1): Linear(in_features=1024, out_features=4096, bias=True)
        (act): GELU(approximate='none')
        (fc2): Linear(in_features=4096, out_features=1024, bias=True)
        (drop): Dropout(p=0.0, inplace=False)
      )
    )
    (18): Block(
      (norm1): LayerNorm((1024,), eps=1e-06, elementwise_affine=True)
      (attn): Attention(
        (qkv): Linear(in_features=1024, out_features=3072, bias=False)
        (attn_drop): Dropout(p=0.0, inplace=False)
        (proj): Linear(in_features=1024, out_features=1024, bias=True)
        (proj_drop): Dropout(p=0.0, inplace=False)
      )
      (drop_path): DropPath(p=0.0782608687877655)
      (norm2): LayerNorm((1024,), eps=1e-06, elementwise_affine=True)
      (mlp): Mlp(
        (fc1): Linear(in_features=1024, out_features=4096, bias=True)
        (act): GELU(approximate='none')
        (fc2): Linear(in_features=4096, out_features=1024, bias=True)
        (drop): Dropout(p=0.0, inplace=False)
      )
    )
    (19): Block(
      (norm1): LayerNorm((1024,), eps=1e-06, elementwise_affine=True)
      (attn): Attention(
        (qkv): Linear(in_features=1024, out_features=3072, bias=False)
        (attn_drop): Dropout(p=0.0, inplace=False)
        (proj): Linear(in_features=1024, out_features=1024, bias=True)
        (proj_drop): Dropout(p=0.0, inplace=False)
      )
      (drop_path): DropPath(p=0.08260869979858398)
      (norm2): LayerNorm((1024,), eps=1e-06, elementwise_affine=True)
      (mlp): Mlp(
        (fc1): Linear(in_features=1024, out_features=4096, bias=True)
        (act): GELU(approximate='none')
        (fc2): Linear(in_features=4096, out_features=1024, bias=True)
        (drop): Dropout(p=0.0, inplace=False)
      )
    )
    (20): Block(
      (norm1): LayerNorm((1024,), eps=1e-06, elementwise_affine=True)
      (attn): Attention(
        (qkv): Linear(in_features=1024, out_features=3072, bias=False)
        (attn_drop): Dropout(p=0.0, inplace=False)
        (proj): Linear(in_features=1024, out_features=1024, bias=True)
        (proj_drop): Dropout(p=0.0, inplace=False)
      )
      (drop_path): DropPath(p=0.08695652335882187)
      (norm2): LayerNorm((1024,), eps=1e-06, elementwise_affine=True)
      (mlp): Mlp(
        (fc1): Linear(in_features=1024, out_features=4096, bias=True)
        (act): GELU(approximate='none')
        (fc2): Linear(in_features=4096, out_features=1024, bias=True)
        (drop): Dropout(p=0.0, inplace=False)
      )
    )
    (21): Block(
      (norm1): LayerNorm((1024,), eps=1e-06, elementwise_affine=True)
      (attn): Attention(
        (qkv): Linear(in_features=1024, out_features=3072, bias=False)
        (attn_drop): Dropout(p=0.0, inplace=False)
        (proj): Linear(in_features=1024, out_features=1024, bias=True)
        (proj_drop): Dropout(p=0.0, inplace=False)
      )
      (drop_path): DropPath(p=0.09130434691905975)
      (norm2): LayerNorm((1024,), eps=1e-06, elementwise_affine=True)
      (mlp): Mlp(
        (fc1): Linear(in_features=1024, out_features=4096, bias=True)
        (act): GELU(approximate='none')
        (fc2): Linear(in_features=4096, out_features=1024, bias=True)
        (drop): Dropout(p=0.0, inplace=False)
      )
    )
    (22): Block(
      (norm1): LayerNorm((1024,), eps=1e-06, elementwise_affine=True)
      (attn): Attention(
        (qkv): Linear(in_features=1024, out_features=3072, bias=False)
        (attn_drop): Dropout(p=0.0, inplace=False)
        (proj): Linear(in_features=1024, out_features=1024, bias=True)
        (proj_drop): Dropout(p=0.0, inplace=False)
      )
      (drop_path): DropPath(p=0.09565217792987823)
      (norm2): LayerNorm((1024,), eps=1e-06, elementwise_affine=True)
      (mlp): Mlp(
        (fc1): Linear(in_features=1024, out_features=4096, bias=True)
        (act): GELU(approximate='none')
        (fc2): Linear(in_features=4096, out_features=1024, bias=True)
        (drop): Dropout(p=0.0, inplace=False)
      )
    )
    (23): Block(
      (norm1): LayerNorm((1024,), eps=1e-06, elementwise_affine=True)
      (attn): Attention(
        (qkv): Linear(in_features=1024, out_features=3072, bias=False)
        (attn_drop): Dropout(p=0.0, inplace=False)
        (proj): Linear(in_features=1024, out_features=1024, bias=True)
        (proj_drop): Dropout(p=0.0, inplace=False)
      )
      (drop_path): DropPath(p=0.10000000149011612)
      (norm2): LayerNorm((1024,), eps=1e-06, elementwise_affine=True)
      (mlp): Mlp(
        (fc1): Linear(in_features=1024, out_features=4096, bias=True)
        (act): GELU(approximate='none')
        (fc2): Linear(in_features=4096, out_features=1024, bias=True)
        (drop): Dropout(p=0.0, inplace=False)
      )
    )
  )
  (norm): LayerNorm((1024,), eps=1e-06, elementwise_affine=True)
  (head): Linear(in_features=1024, out_features=1000, bias=True)
)
normalization method:  imagenet
  S1_la fold1 ep01/40 loss=0.9061 val_bacc=0.6364 (79s)
  S1_la fold1 ep02/40 loss=0.5271 val_bacc=0.6533 (78s)
  S1_la fold1 ep03/40 loss=0.4698 val_bacc=0.6897 (79s)
  S1_la fold1 ep04/40 loss=0.4338 val_bacc=0.6858 (78s)
  S1_la fold1 ep05/40 loss=0.4007 val_bacc=0.6931 (79s)
  S1_la fold1 ep06/40 loss=0.4049 val_bacc=0.7233 (80s)
  S1_la fold1 ep07/40 loss=0.3633 val_bacc=0.6908 (81s)
  S1_la fold1 ep08/40 loss=0.3505 val_bacc=0.7025 (79s)
  S1_la fold1 ep09/40 loss=0.3436 val_bacc=0.7106 (79s)
  S1_la fold1 ep10/40 loss=0.3153 val_bacc=0.7481 (79s)
  S1_la fold1 ep11/40 loss=0.3078 val_bacc=0.6608 (79s)
  S1_la fold1 ep12/40 loss=0.2868 val_bacc=0.6639 (80s)
  S1_la fold1 ep13/40 loss=0.2584 val_bacc=0.7308 (81s)
  S1_la fold1 ep14/40 loss=0.2477 val_bacc=0.7042 (78s)
  S1_la fold1 ep15/40 loss=0.2366 val_bacc=0.7008 (79s)
  S1_la fold1 ep16/40 loss=0.2254 val_bacc=0.7183 (78s)
  S1_la fold1 ep17/40 loss=0.2179 val_bacc=0.7267 (80s)
  S1_la fold1 ep18/40 loss=0.1934 val_bacc=0.6858 (79s)
  S1_la fold1 ep19/40 loss=0.2004 val_bacc=0.7258 (80s)
  S1_la fold1 ep20/40 loss=0.1485 val_bacc=0.7253 (78s)
  [early stop] ep20 best_val=0.7481
  → S1_la_e2e fold1: test BACC=0.6822 severe_recall=0.3590 MAE=0.2619 MAE_true=0.4245 · 20 ep · 79s/ep · GPU peak 1465 MB
normalization method:  imagenet
normalization method:  imagenet
  feats (3662, 1024) → w10_lora_feats_S1_la_fold1.npy (86s · 42.6 img/s)
    S1_la__B0   fold1: BACC=0.6581 severe_recall=0.3333 MAE=0.2428 MAE_true=0.4531
    S1_la__B1   fold1: BACC=0.6665 severe_recall=0.4103 MAE=0.2538 MAE_true=0.4330
    S1_la__B3   fold1: BACC=0.6777 severe_recall=0.4872 MAE=0.2606 MAE_true=0.4131
    S1_la__B4   fold1: BACC=0.7051 severe_recall=0.5128 MAE=0.2428 MAE_true=0.3910
    S1_la__ldam fold1: BACC=0.6263 severe_recall=0.2308 MAE=0.2347 MAE_true=0.4949
    S1_la__la   fold1: BACC=0.6792 severe_recall=0.4615 MAE=0.2619 MAE_true=0.4246

======================================================================
arm            n_fold     BACC      MCC      MAE  MAE_true
S1_ce_e2e           5   0.6682   0.7247   0.2299    0.4299
S1_ce__B0           5   0.6796   0.7480   0.2217    0.4182
S1_ce__B1           5   0.6863   0.7378   0.2324    0.4141
S1_ce__B3           5   0.6862   0.7004   0.2545    0.3943
S1_ce__B4           5   0.6923   0.7328   0.2346    0.4041
S1_ce__ldam         5   0.6729   0.7303   0.2411    0.4281
S1_ce__la           5   0.6933   0.7331   0.2400    0.4062
S1_la_e2e           2   0.6808   0.6974   0.2694    0.4309
S1_la__B0           2   0.6794   0.7521   0.2196    0.4194
S1_la__B1           2   0.6801   0.7331   0.2333    0.4124
S1_la__B3           2   0.6802   0.6996   0.2572    0.4035
S1_la__B4           2   0.7053   0.7381   0.2299    0.3808
S1_la__ldam         2   0.6429   0.7353   0.2347    0.4683
S1_la__la           2   0.6885   0.7297   0.2394    0.4049
======================================================================

총 28.6 분 · 저장: /home/junkim/paper_ajou_dev/PanDerm/output_dir/p6_regime_f/w10_decouple_fold_scores.csv
🔬 w10 E2 (탐색적 · 사후) · 프로토콜 docs/date/2026-09-03_12th_meeting/research_note/w10_unconstrained_methods_protocol.md §4
device=cuda · arms=['S1_la'] · folds=[2] · stage=all · epochs=40 · patience=10 · prefix=w10_
→ /home/junkim/paper_ajou_dev/PanDerm/output_dir/p6_regime_f/w10_decouple_fold_scores.csv

=== S1_la · fold 2 (train 2930 / test 732) ===
/home/junkim/miniconda3/envs/paper/lib/python3.11/site-packages/timm/models/layers/__init__.py:49: FutureWarning: Importing from timm.models.layers is deprecated, please import via timm.layers
  warnings.warn(f"Importing from {__name__} is deprecated, please import via timm.layers", FutureWarning)
/home/junkim/miniconda3/envs/paper/lib/python3.11/site-packages/timm/models/registry.py:4: FutureWarning: Importing from timm.models.registry is deprecated, please import via timm.models
  warnings.warn(f"Importing from {__name__} is deprecated, please import via timm.models", FutureWarning)
/home/junkim/miniconda3/envs/paper/lib/python3.11/site-packages/torch/functional.py:534: UserWarning: torch.meshgrid: in an upcoming release, it will be required to pass the indexing argument. (Triggered internally at ../aten/src/ATen/native/TensorShape.cpp:3595.)
  return _VF.meshgrid(tensors, **kwargs)  # type: ignore[attr-defined]
normalization method:  imagenet
normalization method:  imagenet
loading model checkpoint
VisionTransformer(
  (patch_embed): PatchEmbed(
    (proj): Conv2d(3, 1024, kernel_size=(16, 16), stride=(16, 16))
  )
  (pos_drop): Dropout(p=0.0, inplace=False)
  (blocks): ModuleList(
    (0): Block(
      (norm1): LayerNorm((1024,), eps=1e-06, elementwise_affine=True)
      (attn): Attention(
        (qkv): Linear(in_features=1024, out_features=3072, bias=False)
        (attn_drop): Dropout(p=0.0, inplace=False)
        (proj): Linear(in_features=1024, out_features=1024, bias=True)
        (proj_drop): Dropout(p=0.0, inplace=False)
      )
      (drop_path): Identity()
      (norm2): LayerNorm((1024,), eps=1e-06, elementwise_affine=True)
      (mlp): Mlp(
        (fc1): Linear(in_features=1024, out_features=4096, bias=True)
        (act): GELU(approximate='none')
        (fc2): Linear(in_features=4096, out_features=1024, bias=True)
        (drop): Dropout(p=0.0, inplace=False)
      )
    )
    (1): Block(
      (norm1): LayerNorm((1024,), eps=1e-06, elementwise_affine=True)
      (attn): Attention(
        (qkv): Linear(in_features=1024, out_features=3072, bias=False)
        (attn_drop): Dropout(p=0.0, inplace=False)
        (proj): Linear(in_features=1024, out_features=1024, bias=True)
        (proj_drop): Dropout(p=0.0, inplace=False)
      )
      (drop_path): DropPath(p=0.004347826354205608)
      (norm2): LayerNorm((1024,), eps=1e-06, elementwise_affine=True)
      (mlp): Mlp(
        (fc1): Linear(in_features=1024, out_features=4096, bias=True)
        (act): GELU(approximate='none')
        (fc2): Linear(in_features=4096, out_features=1024, bias=True)
        (drop): Dropout(p=0.0, inplace=False)
      )
    )
    (2): Block(
      (norm1): LayerNorm((1024,), eps=1e-06, elementwise_affine=True)
      (attn): Attention(
        (qkv): Linear(in_features=1024, out_features=3072, bias=False)
        (attn_drop): Dropout(p=0.0, inplace=False)
        (proj): Linear(in_features=1024, out_features=1024, bias=True)
        (proj_drop): Dropout(p=0.0, inplace=False)
      )
      (drop_path): DropPath(p=0.008695652708411217)
      (norm2): LayerNorm((1024,), eps=1e-06, elementwise_affine=True)
      (mlp): Mlp(
        (fc1): Linear(in_features=1024, out_features=4096, bias=True)
        (act): GELU(approximate='none')
        (fc2): Linear(in_features=4096, out_features=1024, bias=True)
        (drop): Dropout(p=0.0, inplace=False)
      )
    )
    (3): Block(
      (norm1): LayerNorm((1024,), eps=1e-06, elementwise_affine=True)
      (attn): Attention(
        (qkv): Linear(in_features=1024, out_features=3072, bias=False)
        (attn_drop): Dropout(p=0.0, inplace=False)
        (proj): Linear(in_features=1024, out_features=1024, bias=True)
        (proj_drop): Dropout(p=0.0, inplace=False)
      )
      (drop_path): DropPath(p=0.013043479062616825)
      (norm2): LayerNorm((1024,), eps=1e-06, elementwise_affine=True)
      (mlp): Mlp(
        (fc1): Linear(in_features=1024, out_features=4096, bias=True)
        (act): GELU(approximate='none')
        (fc2): Linear(in_features=4096, out_features=1024, bias=True)
        (drop): Dropout(p=0.0, inplace=False)
      )
    )
    (4): Block(
      (norm1): LayerNorm((1024,), eps=1e-06, elementwise_affine=True)
      (attn): Attention(
        (qkv): Linear(in_features=1024, out_features=3072, bias=False)
        (attn_drop): Dropout(p=0.0, inplace=False)
        (proj): Linear(in_features=1024, out_features=1024, bias=True)
        (proj_drop): Dropout(p=0.0, inplace=False)
      )
      (drop_path): DropPath(p=0.017391305416822433)
      (norm2): LayerNorm((1024,), eps=1e-06, elementwise_affine=True)
      (mlp): Mlp(
        (fc1): Linear(in_features=1024, out_features=4096, bias=True)
        (act): GELU(approximate='none')
        (fc2): Linear(in_features=4096, out_features=1024, bias=True)
        (drop): Dropout(p=0.0, inplace=False)
      )
    )
    (5): Block(
      (norm1): LayerNorm((1024,), eps=1e-06, elementwise_affine=True)
      (attn): Attention(
        (qkv): Linear(in_features=1024, out_features=3072, bias=False)
        (attn_drop): Dropout(p=0.0, inplace=False)
        (proj): Linear(in_features=1024, out_features=1024, bias=True)
        (proj_drop): Dropout(p=0.0, inplace=False)
      )
      (drop_path): DropPath(p=0.021739132702350616)
      (norm2): LayerNorm((1024,), eps=1e-06, elementwise_affine=True)
      (mlp): Mlp(
        (fc1): Linear(in_features=1024, out_features=4096, bias=True)
        (act): GELU(approximate='none')
        (fc2): Linear(in_features=4096, out_features=1024, bias=True)
        (drop): Dropout(p=0.0, inplace=False)
      )
    )
    (6): Block(
      (norm1): LayerNorm((1024,), eps=1e-06, elementwise_affine=True)
      (attn): Attention(
        (qkv): Linear(in_features=1024, out_features=3072, bias=False)
        (attn_drop): Dropout(p=0.0, inplace=False)
        (proj): Linear(in_features=1024, out_features=1024, bias=True)
        (proj_drop): Dropout(p=0.0, inplace=False)
      )
      (drop_path): DropPath(p=0.02608695812523365)
      (norm2): LayerNorm((1024,), eps=1e-06, elementwise_affine=True)
      (mlp): Mlp(
        (fc1): Linear(in_features=1024, out_features=4096, bias=True)
        (act): GELU(approximate='none')
        (fc2): Linear(in_features=4096, out_features=1024, bias=True)
        (drop): Dropout(p=0.0, inplace=False)
      )
    )
    (7): Block(
      (norm1): LayerNorm((1024,), eps=1e-06, elementwise_affine=True)
      (attn): Attention(
        (qkv): Linear(in_features=1024, out_features=3072, bias=False)
        (attn_drop): Dropout(p=0.0, inplace=False)
        (proj): Linear(in_features=1024, out_features=1024, bias=True)
        (proj_drop): Dropout(p=0.0, inplace=False)
      )
      (drop_path): DropPath(p=0.030434783548116684)
      (norm2): LayerNorm((1024,), eps=1e-06, elementwise_affine=True)
      (mlp): Mlp(
        (fc1): Linear(in_features=1024, out_features=4096, bias=True)
        (act): GELU(approximate='none')
        (fc2): Linear(in_features=4096, out_features=1024, bias=True)
        (drop): Dropout(p=0.0, inplace=False)
      )
    )
    (8): Block(
      (norm1): LayerNorm((1024,), eps=1e-06, elementwise_affine=True)
      (attn): Attention(
        (qkv): Linear(in_features=1024, out_features=3072, bias=False)
        (attn_drop): Dropout(p=0.0, inplace=False)
        (proj): Linear(in_features=1024, out_features=1024, bias=True)
        (proj_drop): Dropout(p=0.0, inplace=False)
      )
      (drop_path): DropPath(p=0.03478261083364487)
      (norm2): LayerNorm((1024,), eps=1e-06, elementwise_affine=True)
      (mlp): Mlp(
        (fc1): Linear(in_features=1024, out_features=4096, bias=True)
        (act): GELU(approximate='none')
        (fc2): Linear(in_features=4096, out_features=1024, bias=True)
        (drop): Dropout(p=0.0, inplace=False)
      )
    )
    (9): Block(
      (norm1): LayerNorm((1024,), eps=1e-06, elementwise_affine=True)
      (attn): Attention(
        (qkv): Linear(in_features=1024, out_features=3072, bias=False)
        (attn_drop): Dropout(p=0.0, inplace=False)
        (proj): Linear(in_features=1024, out_features=1024, bias=True)
        (proj_drop): Dropout(p=0.0, inplace=False)
      )
      (drop_path): DropPath(p=0.03913043811917305)
      (norm2): LayerNorm((1024,), eps=1e-06, elementwise_affine=True)
      (mlp): Mlp(
        (fc1): Linear(in_features=1024, out_features=4096, bias=True)
        (act): GELU(approximate='none')
        (fc2): Linear(in_features=4096, out_features=1024, bias=True)
        (drop): Dropout(p=0.0, inplace=False)
      )
    )
    (10): Block(
      (norm1): LayerNorm((1024,), eps=1e-06, elementwise_affine=True)
      (attn): Attention(
        (qkv): Linear(in_features=1024, out_features=3072, bias=False)
        (attn_drop): Dropout(p=0.0, inplace=False)
        (proj): Linear(in_features=1024, out_features=1024, bias=True)
        (proj_drop): Dropout(p=0.0, inplace=False)
      )
      (drop_path): DropPath(p=0.04347826540470123)
      (norm2): LayerNorm((1024,), eps=1e-06, elementwise_affine=True)
      (mlp): Mlp(
        (fc1): Linear(in_features=1024, out_features=4096, bias=True)
        (act): GELU(approximate='none')
        (fc2): Linear(in_features=4096, out_features=1024, bias=True)
        (drop): Dropout(p=0.0, inplace=False)
      )
    )
    (11): Block(
      (norm1): LayerNorm((1024,), eps=1e-06, elementwise_affine=True)
      (attn): Attention(
        (qkv): Linear(in_features=1024, out_features=3072, bias=False)
        (attn_drop): Dropout(p=0.0, inplace=False)
        (proj): Linear(in_features=1024, out_features=1024, bias=True)
        (proj_drop): Dropout(p=0.0, inplace=False)
      )
      (drop_path): DropPath(p=0.04782608896493912)
      (norm2): LayerNorm((1024,), eps=1e-06, elementwise_affine=True)
      (mlp): Mlp(
        (fc1): Linear(in_features=1024, out_features=4096, bias=True)
        (act): GELU(approximate='none')
        (fc2): Linear(in_features=4096, out_features=1024, bias=True)
        (drop): Dropout(p=0.0, inplace=False)
      )
    )
    (12): Block(
      (norm1): LayerNorm((1024,), eps=1e-06, elementwise_affine=True)
      (attn): Attention(
        (qkv): Linear(in_features=1024, out_features=3072, bias=False)
        (attn_drop): Dropout(p=0.0, inplace=False)
        (proj): Linear(in_features=1024, out_features=1024, bias=True)
        (proj_drop): Dropout(p=0.0, inplace=False)
      )
      (drop_path): DropPath(p=0.052173912525177)
      (norm2): LayerNorm((1024,), eps=1e-06, elementwise_affine=True)
      (mlp): Mlp(
        (fc1): Linear(in_features=1024, out_features=4096, bias=True)
        (act): GELU(approximate='none')
        (fc2): Linear(in_features=4096, out_features=1024, bias=True)
        (drop): Dropout(p=0.0, inplace=False)
      )
    )
    (13): Block(
      (norm1): LayerNorm((1024,), eps=1e-06, elementwise_affine=True)
      (attn): Attention(
        (qkv): Linear(in_features=1024, out_features=3072, bias=False)
        (attn_drop): Dropout(p=0.0, inplace=False)
        (proj): Linear(in_features=1024, out_features=1024, bias=True)
        (proj_drop): Dropout(p=0.0, inplace=False)
      )
      (drop_path): DropPath(p=0.056521736085414886)
      (norm2): LayerNorm((1024,), eps=1e-06, elementwise_affine=True)
      (mlp): Mlp(
        (fc1): Linear(in_features=1024, out_features=4096, bias=True)
        (act): GELU(approximate='none')
        (fc2): Linear(in_features=4096, out_features=1024, bias=True)
        (drop): Dropout(p=0.0, inplace=False)
      )
    )
    (14): Block(
      (norm1): LayerNorm((1024,), eps=1e-06, elementwise_affine=True)
      (attn): Attention(
        (qkv): Linear(in_features=1024, out_features=3072, bias=False)
        (attn_drop): Dropout(p=0.0, inplace=False)
        (proj): Linear(in_features=1024, out_features=1024, bias=True)
        (proj_drop): Dropout(p=0.0, inplace=False)
      )
      (drop_path): DropPath(p=0.06086956337094307)
      (norm2): LayerNorm((1024,), eps=1e-06, elementwise_affine=True)
      (mlp): Mlp(
        (fc1): Linear(in_features=1024, out_features=4096, bias=True)
        (act): GELU(approximate='none')
        (fc2): Linear(in_features=4096, out_features=1024, bias=True)
        (drop): Dropout(p=0.0, inplace=False)
      )
    )
    (15): Block(
      (norm1): LayerNorm((1024,), eps=1e-06, elementwise_affine=True)
      (attn): Attention(
        (qkv): Linear(in_features=1024, out_features=3072, bias=False)
        (attn_drop): Dropout(p=0.0, inplace=False)
        (proj): Linear(in_features=1024, out_features=1024, bias=True)
        (proj_drop): Dropout(p=0.0, inplace=False)
      )
      (drop_path): DropPath(p=0.06521739065647125)
      (norm2): LayerNorm((1024,), eps=1e-06, elementwise_affine=True)
      (mlp): Mlp(
        (fc1): Linear(in_features=1024, out_features=4096, bias=True)
        (act): GELU(approximate='none')
        (fc2): Linear(in_features=4096, out_features=1024, bias=True)
        (drop): Dropout(p=0.0, inplace=False)
      )
    )
    (16): Block(
      (norm1): LayerNorm((1024,), eps=1e-06, elementwise_affine=True)
      (attn): Attention(
        (qkv): Linear(in_features=1024, out_features=3072, bias=False)
        (attn_drop): Dropout(p=0.0, inplace=False)
        (proj): Linear(in_features=1024, out_features=1024, bias=True)
        (proj_drop): Dropout(p=0.0, inplace=False)
      )
      (drop_path): DropPath(p=0.06956521421670914)
      (norm2): LayerNorm((1024,), eps=1e-06, elementwise_affine=True)
      (mlp): Mlp(
        (fc1): Linear(in_features=1024, out_features=4096, bias=True)
        (act): GELU(approximate='none')
        (fc2): Linear(in_features=4096, out_features=1024, bias=True)
        (drop): Dropout(p=0.0, inplace=False)
      )
    )
    (17): Block(
      (norm1): LayerNorm((1024,), eps=1e-06, elementwise_affine=True)
      (attn): Attention(
        (qkv): Linear(in_features=1024, out_features=3072, bias=False)
        (attn_drop): Dropout(p=0.0, inplace=False)
        (proj): Linear(in_features=1024, out_features=1024, bias=True)
        (proj_drop): Dropout(p=0.0, inplace=False)
      )
      (drop_path): DropPath(p=0.07391304522752762)
      (norm2): LayerNorm((1024,), eps=1e-06, elementwise_affine=True)
      (mlp): Mlp(
        (fc1): Linear(in_features=1024, out_features=4096, bias=True)
        (act): GELU(approximate='none')
        (fc2): Linear(in_features=4096, out_features=1024, bias=True)
        (drop): Dropout(p=0.0, inplace=False)
      )
    )
    (18): Block(
      (norm1): LayerNorm((1024,), eps=1e-06, elementwise_affine=True)
      (attn): Attention(
        (qkv): Linear(in_features=1024, out_features=3072, bias=False)
        (attn_drop): Dropout(p=0.0, inplace=False)
        (proj): Linear(in_features=1024, out_features=1024, bias=True)
        (proj_drop): Dropout(p=0.0, inplace=False)
      )
      (drop_path): DropPath(p=0.0782608687877655)
      (norm2): LayerNorm((1024,), eps=1e-06, elementwise_affine=True)
      (mlp): Mlp(
        (fc1): Linear(in_features=1024, out_features=4096, bias=True)
        (act): GELU(approximate='none')
        (fc2): Linear(in_features=4096, out_features=1024, bias=True)
        (drop): Dropout(p=0.0, inplace=False)
      )
    )
    (19): Block(
      (norm1): LayerNorm((1024,), eps=1e-06, elementwise_affine=True)
      (attn): Attention(
        (qkv): Linear(in_features=1024, out_features=3072, bias=False)
        (attn_drop): Dropout(p=0.0, inplace=False)
        (proj): Linear(in_features=1024, out_features=1024, bias=True)
        (proj_drop): Dropout(p=0.0, inplace=False)
      )
      (drop_path): DropPath(p=0.08260869979858398)
      (norm2): LayerNorm((1024,), eps=1e-06, elementwise_affine=True)
      (mlp): Mlp(
        (fc1): Linear(in_features=1024, out_features=4096, bias=True)
        (act): GELU(approximate='none')
        (fc2): Linear(in_features=4096, out_features=1024, bias=True)
        (drop): Dropout(p=0.0, inplace=False)
      )
    )
    (20): Block(
      (norm1): LayerNorm((1024,), eps=1e-06, elementwise_affine=True)
      (attn): Attention(
        (qkv): Linear(in_features=1024, out_features=3072, bias=False)
        (attn_drop): Dropout(p=0.0, inplace=False)
        (proj): Linear(in_features=1024, out_features=1024, bias=True)
        (proj_drop): Dropout(p=0.0, inplace=False)
      )
      (drop_path): DropPath(p=0.08695652335882187)
      (norm2): LayerNorm((1024,), eps=1e-06, elementwise_affine=True)
      (mlp): Mlp(
        (fc1): Linear(in_features=1024, out_features=4096, bias=True)
        (act): GELU(approximate='none')
        (fc2): Linear(in_features=4096, out_features=1024, bias=True)
        (drop): Dropout(p=0.0, inplace=False)
      )
    )
    (21): Block(
      (norm1): LayerNorm((1024,), eps=1e-06, elementwise_affine=True)
      (attn): Attention(
        (qkv): Linear(in_features=1024, out_features=3072, bias=False)
        (attn_drop): Dropout(p=0.0, inplace=False)
        (proj): Linear(in_features=1024, out_features=1024, bias=True)
        (proj_drop): Dropout(p=0.0, inplace=False)
      )
      (drop_path): DropPath(p=0.09130434691905975)
      (norm2): LayerNorm((1024,), eps=1e-06, elementwise_affine=True)
      (mlp): Mlp(
        (fc1): Linear(in_features=1024, out_features=4096, bias=True)
        (act): GELU(approximate='none')
        (fc2): Linear(in_features=4096, out_features=1024, bias=True)
        (drop): Dropout(p=0.0, inplace=False)
      )
    )
    (22): Block(
      (norm1): LayerNorm((1024,), eps=1e-06, elementwise_affine=True)
      (attn): Attention(
        (qkv): Linear(in_features=1024, out_features=3072, bias=False)
        (attn_drop): Dropout(p=0.0, inplace=False)
        (proj): Linear(in_features=1024, out_features=1024, bias=True)
        (proj_drop): Dropout(p=0.0, inplace=False)
      )
      (drop_path): DropPath(p=0.09565217792987823)
      (norm2): LayerNorm((1024,), eps=1e-06, elementwise_affine=True)
      (mlp): Mlp(
        (fc1): Linear(in_features=1024, out_features=4096, bias=True)
        (act): GELU(approximate='none')
        (fc2): Linear(in_features=4096, out_features=1024, bias=True)
        (drop): Dropout(p=0.0, inplace=False)
      )
    )
    (23): Block(
      (norm1): LayerNorm((1024,), eps=1e-06, elementwise_affine=True)
      (attn): Attention(
        (qkv): Linear(in_features=1024, out_features=3072, bias=False)
        (attn_drop): Dropout(p=0.0, inplace=False)
        (proj): Linear(in_features=1024, out_features=1024, bias=True)
        (proj_drop): Dropout(p=0.0, inplace=False)
      )
      (drop_path): DropPath(p=0.10000000149011612)
      (norm2): LayerNorm((1024,), eps=1e-06, elementwise_affine=True)
      (mlp): Mlp(
        (fc1): Linear(in_features=1024, out_features=4096, bias=True)
        (act): GELU(approximate='none')
        (fc2): Linear(in_features=4096, out_features=1024, bias=True)
        (drop): Dropout(p=0.0, inplace=False)
      )
    )
  )
  (norm): LayerNorm((1024,), eps=1e-06, elementwise_affine=True)
  (head): Linear(in_features=1024, out_features=1000, bias=True)
)
normalization method:  imagenet
  S1_la fold2 ep01/40 loss=0.8958 val_bacc=0.5917 (81s)
  S1_la fold2 ep02/40 loss=0.5583 val_bacc=0.5994 (78s)
  S1_la fold2 ep03/40 loss=0.4834 val_bacc=0.6467 (80s)
  S1_la fold2 ep04/40 loss=0.4406 val_bacc=0.6261 (79s)
  S1_la fold2 ep05/40 loss=0.4214 val_bacc=0.6303 (79s)
  S1_la fold2 ep06/40 loss=0.3964 val_bacc=0.6683 (78s)
  S1_la fold2 ep07/40 loss=0.3843 val_bacc=0.7019 (78s)
  S1_la fold2 ep08/40 loss=0.3611 val_bacc=0.7056 (79s)
  S1_la fold2 ep09/40 loss=0.3324 val_bacc=0.6722 (78s)
  S1_la fold2 ep10/40 loss=0.3381 val_bacc=0.6678 (79s)
  S1_la fold2 ep11/40 loss=0.3220 val_bacc=0.6847 (83s)
  S1_la fold2 ep12/40 loss=0.2904 val_bacc=0.6658 (82s)
  S1_la fold2 ep13/40 loss=0.2777 val_bacc=0.6986 (79s)
  S1_la fold2 ep14/40 loss=0.2692 val_bacc=0.6903 (77s)
  S1_la fold2 ep15/40 loss=0.2451 val_bacc=0.6550 (79s)
  S1_la fold2 ep16/40 loss=0.2377 val_bacc=0.6703 (78s)
  S1_la fold2 ep17/40 loss=0.2055 val_bacc=0.6719 (78s)
  S1_la fold2 ep18/40 loss=0.1809 val_bacc=0.7106 (78s)
  S1_la fold2 ep19/40 loss=0.2011 val_bacc=0.6472 (89s)
  S1_la fold2 ep20/40 loss=0.1703 val_bacc=0.6856 (79s)
  S1_la fold2 ep21/40 loss=0.1690 val_bacc=0.6617 (78s)
  S1_la fold2 ep22/40 loss=0.1316 val_bacc=0.6897 (79s)
  S1_la fold2 ep23/40 loss=0.1388 val_bacc=0.6911 (79s)
  S1_la fold2 ep24/40 loss=0.1132 val_bacc=0.6603 (77s)
  S1_la fold2 ep25/40 loss=0.1125 val_bacc=0.6933 (77s)
  S1_la fold2 ep26/40 loss=0.1069 val_bacc=0.6819 (79s)
  S1_la fold2 ep27/40 loss=0.0802 val_bacc=0.6836 (80s)
  S1_la fold2 ep28/40 loss=0.0836 val_bacc=0.6481 (78s)
  [early stop] ep28 best_val=0.7106
  → S1_la_e2e fold2: test BACC=0.6801 severe_recall=0.4474 MAE=0.2473 MAE_true=0.4200 · 28 ep · 79s/ep · GPU peak 1465 MB
normalization method:  imagenet
normalization method:  imagenet
  feats (3662, 1024) → w10_lora_feats_S1_la_fold2.npy (85s · 43.2 img/s)
    S1_la__B0   fold2: BACC=0.6774 severe_recall=0.4211 MAE=0.2158 MAE_true=0.4216
    S1_la__B1   fold2: BACC=0.6825 severe_recall=0.4737 MAE=0.2186 MAE_true=0.4068
    S1_la__B3   fold2: BACC=0.6798 severe_recall=0.5526 MAE=0.2418 MAE_true=0.3777
    S1_la__B4   fold2: BACC=0.6937 severe_recall=0.5000 MAE=0.2199 MAE_true=0.3984
    S1_la__ldam fold2: BACC=0.6843 severe_recall=0.4474 MAE=0.2172 MAE_true=0.4104
    S1_la__la   fold2: BACC=0.6886 severe_recall=0.5263 MAE=0.2213 MAE_true=0.3992

======================================================================
arm            n_fold     BACC      MCC      MAE  MAE_true
S1_ce_e2e           5   0.6682   0.7247   0.2299    0.4299
S1_ce__B0           5   0.6796   0.7480   0.2217    0.4182
S1_ce__B1           5   0.6863   0.7378   0.2324    0.4141
S1_ce__B3           5   0.6862   0.7004   0.2545    0.3943
S1_ce__B4           5   0.6923   0.7328   0.2346    0.4041
S1_ce__ldam         5   0.6729   0.7303   0.2411    0.4281
S1_ce__la           5   0.6933   0.7331   0.2400    0.4062
S1_la_e2e           3   0.6806   0.7045   0.2620    0.4272
S1_la__B0           3   0.6788   0.7528   0.2184    0.4201
S1_la__B1           3   0.6809   0.7369   0.2284    0.4105
S1_la__B3           3   0.6800   0.6986   0.2520    0.3949
S1_la__B4           3   0.7014   0.7407   0.2266    0.3867
S1_la__ldam         3   0.6567   0.7400   0.2288    0.4490
S1_la__la           3   0.6886   0.7330   0.2334    0.4030
======================================================================

총 39.1 분 · 저장: /home/junkim/paper_ajou_dev/PanDerm/output_dir/p6_regime_f/w10_decouple_fold_scores.csv
🔬 w10 E2 (탐색적 · 사후) · 프로토콜 docs/date/2026-09-03_12th_meeting/research_note/w10_unconstrained_methods_protocol.md §4
device=cuda · arms=['S1_la'] · folds=[3] · stage=all · epochs=40 · patience=10 · prefix=w10_
→ /home/junkim/paper_ajou_dev/PanDerm/output_dir/p6_regime_f/w10_decouple_fold_scores.csv

=== S1_la · fold 3 (train 2930 / test 732) ===
/home/junkim/miniconda3/envs/paper/lib/python3.11/site-packages/timm/models/layers/__init__.py:49: FutureWarning: Importing from timm.models.layers is deprecated, please import via timm.layers
  warnings.warn(f"Importing from {__name__} is deprecated, please import via timm.layers", FutureWarning)
/home/junkim/miniconda3/envs/paper/lib/python3.11/site-packages/timm/models/registry.py:4: FutureWarning: Importing from timm.models.registry is deprecated, please import via timm.models
  warnings.warn(f"Importing from {__name__} is deprecated, please import via timm.models", FutureWarning)
/home/junkim/miniconda3/envs/paper/lib/python3.11/site-packages/torch/functional.py:534: UserWarning: torch.meshgrid: in an upcoming release, it will be required to pass the indexing argument. (Triggered internally at ../aten/src/ATen/native/TensorShape.cpp:3595.)
  return _VF.meshgrid(tensors, **kwargs)  # type: ignore[attr-defined]
normalization method:  imagenet
normalization method:  imagenet
loading model checkpoint
VisionTransformer(
  (patch_embed): PatchEmbed(
    (proj): Conv2d(3, 1024, kernel_size=(16, 16), stride=(16, 16))
  )
  (pos_drop): Dropout(p=0.0, inplace=False)
  (blocks): ModuleList(
    (0): Block(
      (norm1): LayerNorm((1024,), eps=1e-06, elementwise_affine=True)
      (attn): Attention(
        (qkv): Linear(in_features=1024, out_features=3072, bias=False)
        (attn_drop): Dropout(p=0.0, inplace=False)
        (proj): Linear(in_features=1024, out_features=1024, bias=True)
        (proj_drop): Dropout(p=0.0, inplace=False)
      )
      (drop_path): Identity()
      (norm2): LayerNorm((1024,), eps=1e-06, elementwise_affine=True)
      (mlp): Mlp(
        (fc1): Linear(in_features=1024, out_features=4096, bias=True)
        (act): GELU(approximate='none')
        (fc2): Linear(in_features=4096, out_features=1024, bias=True)
        (drop): Dropout(p=0.0, inplace=False)
      )
    )
    (1): Block(
      (norm1): LayerNorm((1024,), eps=1e-06, elementwise_affine=True)
      (attn): Attention(
        (qkv): Linear(in_features=1024, out_features=3072, bias=False)
        (attn_drop): Dropout(p=0.0, inplace=False)
        (proj): Linear(in_features=1024, out_features=1024, bias=True)
        (proj_drop): Dropout(p=0.0, inplace=False)
      )
      (drop_path): DropPath(p=0.004347826354205608)
      (norm2): LayerNorm((1024,), eps=1e-06, elementwise_affine=True)
      (mlp): Mlp(
        (fc1): Linear(in_features=1024, out_features=4096, bias=True)
        (act): GELU(approximate='none')
        (fc2): Linear(in_features=4096, out_features=1024, bias=True)
        (drop): Dropout(p=0.0, inplace=False)
      )
    )
    (2): Block(
      (norm1): LayerNorm((1024,), eps=1e-06, elementwise_affine=True)
      (attn): Attention(
        (qkv): Linear(in_features=1024, out_features=3072, bias=False)
        (attn_drop): Dropout(p=0.0, inplace=False)
        (proj): Linear(in_features=1024, out_features=1024, bias=True)
        (proj_drop): Dropout(p=0.0, inplace=False)
      )
      (drop_path): DropPath(p=0.008695652708411217)
      (norm2): LayerNorm((1024,), eps=1e-06, elementwise_affine=True)
      (mlp): Mlp(
        (fc1): Linear(in_features=1024, out_features=4096, bias=True)
        (act): GELU(approximate='none')
        (fc2): Linear(in_features=4096, out_features=1024, bias=True)
        (drop): Dropout(p=0.0, inplace=False)
      )
    )
    (3): Block(
      (norm1): LayerNorm((1024,), eps=1e-06, elementwise_affine=True)
      (attn): Attention(
        (qkv): Linear(in_features=1024, out_features=3072, bias=False)
        (attn_drop): Dropout(p=0.0, inplace=False)
        (proj): Linear(in_features=1024, out_features=1024, bias=True)
        (proj_drop): Dropout(p=0.0, inplace=False)
      )
      (drop_path): DropPath(p=0.013043479062616825)
      (norm2): LayerNorm((1024,), eps=1e-06, elementwise_affine=True)
      (mlp): Mlp(
        (fc1): Linear(in_features=1024, out_features=4096, bias=True)
        (act): GELU(approximate='none')
        (fc2): Linear(in_features=4096, out_features=1024, bias=True)
        (drop): Dropout(p=0.0, inplace=False)
      )
    )
    (4): Block(
      (norm1): LayerNorm((1024,), eps=1e-06, elementwise_affine=True)
      (attn): Attention(
        (qkv): Linear(in_features=1024, out_features=3072, bias=False)
        (attn_drop): Dropout(p=0.0, inplace=False)
        (proj): Linear(in_features=1024, out_features=1024, bias=True)
        (proj_drop): Dropout(p=0.0, inplace=False)
      )
      (drop_path): DropPath(p=0.017391305416822433)
      (norm2): LayerNorm((1024,), eps=1e-06, elementwise_affine=True)
      (mlp): Mlp(
        (fc1): Linear(in_features=1024, out_features=4096, bias=True)
        (act): GELU(approximate='none')
        (fc2): Linear(in_features=4096, out_features=1024, bias=True)
        (drop): Dropout(p=0.0, inplace=False)
      )
    )
    (5): Block(
      (norm1): LayerNorm((1024,), eps=1e-06, elementwise_affine=True)
      (attn): Attention(
        (qkv): Linear(in_features=1024, out_features=3072, bias=False)
        (attn_drop): Dropout(p=0.0, inplace=False)
        (proj): Linear(in_features=1024, out_features=1024, bias=True)
        (proj_drop): Dropout(p=0.0, inplace=False)
      )
      (drop_path): DropPath(p=0.021739132702350616)
      (norm2): LayerNorm((1024,), eps=1e-06, elementwise_affine=True)
      (mlp): Mlp(
        (fc1): Linear(in_features=1024, out_features=4096, bias=True)
        (act): GELU(approximate='none')
        (fc2): Linear(in_features=4096, out_features=1024, bias=True)
        (drop): Dropout(p=0.0, inplace=False)
      )
    )
    (6): Block(
      (norm1): LayerNorm((1024,), eps=1e-06, elementwise_affine=True)
      (attn): Attention(
        (qkv): Linear(in_features=1024, out_features=3072, bias=False)
        (attn_drop): Dropout(p=0.0, inplace=False)
        (proj): Linear(in_features=1024, out_features=1024, bias=True)
        (proj_drop): Dropout(p=0.0, inplace=False)
      )
      (drop_path): DropPath(p=0.02608695812523365)
      (norm2): LayerNorm((1024,), eps=1e-06, elementwise_affine=True)
      (mlp): Mlp(
        (fc1): Linear(in_features=1024, out_features=4096, bias=True)
        (act): GELU(approximate='none')
        (fc2): Linear(in_features=4096, out_features=1024, bias=True)
        (drop): Dropout(p=0.0, inplace=False)
      )
    )
    (7): Block(
      (norm1): LayerNorm((1024,), eps=1e-06, elementwise_affine=True)
      (attn): Attention(
        (qkv): Linear(in_features=1024, out_features=3072, bias=False)
        (attn_drop): Dropout(p=0.0, inplace=False)
        (proj): Linear(in_features=1024, out_features=1024, bias=True)
        (proj_drop): Dropout(p=0.0, inplace=False)
      )
      (drop_path): DropPath(p=0.030434783548116684)
      (norm2): LayerNorm((1024,), eps=1e-06, elementwise_affine=True)
      (mlp): Mlp(
        (fc1): Linear(in_features=1024, out_features=4096, bias=True)
        (act): GELU(approximate='none')
        (fc2): Linear(in_features=4096, out_features=1024, bias=True)
        (drop): Dropout(p=0.0, inplace=False)
      )
    )
    (8): Block(
      (norm1): LayerNorm((1024,), eps=1e-06, elementwise_affine=True)
      (attn): Attention(
        (qkv): Linear(in_features=1024, out_features=3072, bias=False)
        (attn_drop): Dropout(p=0.0, inplace=False)
        (proj): Linear(in_features=1024, out_features=1024, bias=True)
        (proj_drop): Dropout(p=0.0, inplace=False)
      )
      (drop_path): DropPath(p=0.03478261083364487)
      (norm2): LayerNorm((1024,), eps=1e-06, elementwise_affine=True)
      (mlp): Mlp(
        (fc1): Linear(in_features=1024, out_features=4096, bias=True)
        (act): GELU(approximate='none')
        (fc2): Linear(in_features=4096, out_features=1024, bias=True)
        (drop): Dropout(p=0.0, inplace=False)
      )
    )
    (9): Block(
      (norm1): LayerNorm((1024,), eps=1e-06, elementwise_affine=True)
      (attn): Attention(
        (qkv): Linear(in_features=1024, out_features=3072, bias=False)
        (attn_drop): Dropout(p=0.0, inplace=False)
        (proj): Linear(in_features=1024, out_features=1024, bias=True)
        (proj_drop): Dropout(p=0.0, inplace=False)
      )
      (drop_path): DropPath(p=0.03913043811917305)
      (norm2): LayerNorm((1024,), eps=1e-06, elementwise_affine=True)
      (mlp): Mlp(
        (fc1): Linear(in_features=1024, out_features=4096, bias=True)
        (act): GELU(approximate='none')
        (fc2): Linear(in_features=4096, out_features=1024, bias=True)
        (drop): Dropout(p=0.0, inplace=False)
      )
    )
    (10): Block(
      (norm1): LayerNorm((1024,), eps=1e-06, elementwise_affine=True)
      (attn): Attention(
        (qkv): Linear(in_features=1024, out_features=3072, bias=False)
        (attn_drop): Dropout(p=0.0, inplace=False)
        (proj): Linear(in_features=1024, out_features=1024, bias=True)
        (proj_drop): Dropout(p=0.0, inplace=False)
      )
      (drop_path): DropPath(p=0.04347826540470123)
      (norm2): LayerNorm((1024,), eps=1e-06, elementwise_affine=True)
      (mlp): Mlp(
        (fc1): Linear(in_features=1024, out_features=4096, bias=True)
        (act): GELU(approximate='none')
        (fc2): Linear(in_features=4096, out_features=1024, bias=True)
        (drop): Dropout(p=0.0, inplace=False)
      )
    )
    (11): Block(
      (norm1): LayerNorm((1024,), eps=1e-06, elementwise_affine=True)
      (attn): Attention(
        (qkv): Linear(in_features=1024, out_features=3072, bias=False)
        (attn_drop): Dropout(p=0.0, inplace=False)
        (proj): Linear(in_features=1024, out_features=1024, bias=True)
        (proj_drop): Dropout(p=0.0, inplace=False)
      )
      (drop_path): DropPath(p=0.04782608896493912)
      (norm2): LayerNorm((1024,), eps=1e-06, elementwise_affine=True)
      (mlp): Mlp(
        (fc1): Linear(in_features=1024, out_features=4096, bias=True)
        (act): GELU(approximate='none')
        (fc2): Linear(in_features=4096, out_features=1024, bias=True)
        (drop): Dropout(p=0.0, inplace=False)
      )
    )
    (12): Block(
      (norm1): LayerNorm((1024,), eps=1e-06, elementwise_affine=True)
      (attn): Attention(
        (qkv): Linear(in_features=1024, out_features=3072, bias=False)
        (attn_drop): Dropout(p=0.0, inplace=False)
        (proj): Linear(in_features=1024, out_features=1024, bias=True)
        (proj_drop): Dropout(p=0.0, inplace=False)
      )
      (drop_path): DropPath(p=0.052173912525177)
      (norm2): LayerNorm((1024,), eps=1e-06, elementwise_affine=True)
      (mlp): Mlp(
        (fc1): Linear(in_features=1024, out_features=4096, bias=True)
        (act): GELU(approximate='none')
        (fc2): Linear(in_features=4096, out_features=1024, bias=True)
        (drop): Dropout(p=0.0, inplace=False)
      )
    )
    (13): Block(
      (norm1): LayerNorm((1024,), eps=1e-06, elementwise_affine=True)
      (attn): Attention(
        (qkv): Linear(in_features=1024, out_features=3072, bias=False)
        (attn_drop): Dropout(p=0.0, inplace=False)
        (proj): Linear(in_features=1024, out_features=1024, bias=True)
        (proj_drop): Dropout(p=0.0, inplace=False)
      )
      (drop_path): DropPath(p=0.056521736085414886)
      (norm2): LayerNorm((1024,), eps=1e-06, elementwise_affine=True)
      (mlp): Mlp(
        (fc1): Linear(in_features=1024, out_features=4096, bias=True)
        (act): GELU(approximate='none')
        (fc2): Linear(in_features=4096, out_features=1024, bias=True)
        (drop): Dropout(p=0.0, inplace=False)
      )
    )
    (14): Block(
      (norm1): LayerNorm((1024,), eps=1e-06, elementwise_affine=True)
      (attn): Attention(
        (qkv): Linear(in_features=1024, out_features=3072, bias=False)
        (attn_drop): Dropout(p=0.0, inplace=False)
        (proj): Linear(in_features=1024, out_features=1024, bias=True)
        (proj_drop): Dropout(p=0.0, inplace=False)
      )
      (drop_path): DropPath(p=0.06086956337094307)
      (norm2): LayerNorm((1024,), eps=1e-06, elementwise_affine=True)
      (mlp): Mlp(
        (fc1): Linear(in_features=1024, out_features=4096, bias=True)
        (act): GELU(approximate='none')
        (fc2): Linear(in_features=4096, out_features=1024, bias=True)
        (drop): Dropout(p=0.0, inplace=False)
      )
    )
    (15): Block(
      (norm1): LayerNorm((1024,), eps=1e-06, elementwise_affine=True)
      (attn): Attention(
        (qkv): Linear(in_features=1024, out_features=3072, bias=False)
        (attn_drop): Dropout(p=0.0, inplace=False)
        (proj): Linear(in_features=1024, out_features=1024, bias=True)
        (proj_drop): Dropout(p=0.0, inplace=False)
      )
      (drop_path): DropPath(p=0.06521739065647125)
      (norm2): LayerNorm((1024,), eps=1e-06, elementwise_affine=True)
      (mlp): Mlp(
        (fc1): Linear(in_features=1024, out_features=4096, bias=True)
        (act): GELU(approximate='none')
        (fc2): Linear(in_features=4096, out_features=1024, bias=True)
        (drop): Dropout(p=0.0, inplace=False)
      )
    )
    (16): Block(
      (norm1): LayerNorm((1024,), eps=1e-06, elementwise_affine=True)
      (attn): Attention(
        (qkv): Linear(in_features=1024, out_features=3072, bias=False)
        (attn_drop): Dropout(p=0.0, inplace=False)
        (proj): Linear(in_features=1024, out_features=1024, bias=True)
        (proj_drop): Dropout(p=0.0, inplace=False)
      )
      (drop_path): DropPath(p=0.06956521421670914)
      (norm2): LayerNorm((1024,), eps=1e-06, elementwise_affine=True)
      (mlp): Mlp(
        (fc1): Linear(in_features=1024, out_features=4096, bias=True)
        (act): GELU(approximate='none')
        (fc2): Linear(in_features=4096, out_features=1024, bias=True)
        (drop): Dropout(p=0.0, inplace=False)
      )
    )
    (17): Block(
      (norm1): LayerNorm((1024,), eps=1e-06, elementwise_affine=True)
      (attn): Attention(
        (qkv): Linear(in_features=1024, out_features=3072, bias=False)
        (attn_drop): Dropout(p=0.0, inplace=False)
        (proj): Linear(in_features=1024, out_features=1024, bias=True)
        (proj_drop): Dropout(p=0.0, inplace=False)
      )
      (drop_path): DropPath(p=0.07391304522752762)
      (norm2): LayerNorm((1024,), eps=1e-06, elementwise_affine=True)
      (mlp): Mlp(
        (fc1): Linear(in_features=1024, out_features=4096, bias=True)
        (act): GELU(approximate='none')
        (fc2): Linear(in_features=4096, out_features=1024, bias=True)
        (drop): Dropout(p=0.0, inplace=False)
      )
    )
    (18): Block(
      (norm1): LayerNorm((1024,), eps=1e-06, elementwise_affine=True)
      (attn): Attention(
        (qkv): Linear(in_features=1024, out_features=3072, bias=False)
        (attn_drop): Dropout(p=0.0, inplace=False)
        (proj): Linear(in_features=1024, out_features=1024, bias=True)
        (proj_drop): Dropout(p=0.0, inplace=False)
      )
      (drop_path): DropPath(p=0.0782608687877655)
      (norm2): LayerNorm((1024,), eps=1e-06, elementwise_affine=True)
      (mlp): Mlp(
        (fc1): Linear(in_features=1024, out_features=4096, bias=True)
        (act): GELU(approximate='none')
        (fc2): Linear(in_features=4096, out_features=1024, bias=True)
        (drop): Dropout(p=0.0, inplace=False)
      )
    )
    (19): Block(
      (norm1): LayerNorm((1024,), eps=1e-06, elementwise_affine=True)
      (attn): Attention(
        (qkv): Linear(in_features=1024, out_features=3072, bias=False)
        (attn_drop): Dropout(p=0.0, inplace=False)
        (proj): Linear(in_features=1024, out_features=1024, bias=True)
        (proj_drop): Dropout(p=0.0, inplace=False)
      )
      (drop_path): DropPath(p=0.08260869979858398)
      (norm2): LayerNorm((1024,), eps=1e-06, elementwise_affine=True)
      (mlp): Mlp(
        (fc1): Linear(in_features=1024, out_features=4096, bias=True)
        (act): GELU(approximate='none')
        (fc2): Linear(in_features=4096, out_features=1024, bias=True)
        (drop): Dropout(p=0.0, inplace=False)
      )
    )
    (20): Block(
      (norm1): LayerNorm((1024,), eps=1e-06, elementwise_affine=True)
      (attn): Attention(
        (qkv): Linear(in_features=1024, out_features=3072, bias=False)
        (attn_drop): Dropout(p=0.0, inplace=False)
        (proj): Linear(in_features=1024, out_features=1024, bias=True)
        (proj_drop): Dropout(p=0.0, inplace=False)
      )
      (drop_path): DropPath(p=0.08695652335882187)
      (norm2): LayerNorm((1024,), eps=1e-06, elementwise_affine=True)
      (mlp): Mlp(
        (fc1): Linear(in_features=1024, out_features=4096, bias=True)
        (act): GELU(approximate='none')
        (fc2): Linear(in_features=4096, out_features=1024, bias=True)
        (drop): Dropout(p=0.0, inplace=False)
      )
    )
    (21): Block(
      (norm1): LayerNorm((1024,), eps=1e-06, elementwise_affine=True)
      (attn): Attention(
        (qkv): Linear(in_features=1024, out_features=3072, bias=False)
        (attn_drop): Dropout(p=0.0, inplace=False)
        (proj): Linear(in_features=1024, out_features=1024, bias=True)
        (proj_drop): Dropout(p=0.0, inplace=False)
      )
      (drop_path): DropPath(p=0.09130434691905975)
      (norm2): LayerNorm((1024,), eps=1e-06, elementwise_affine=True)
      (mlp): Mlp(
        (fc1): Linear(in_features=1024, out_features=4096, bias=True)
        (act): GELU(approximate='none')
        (fc2): Linear(in_features=4096, out_features=1024, bias=True)
        (drop): Dropout(p=0.0, inplace=False)
      )
    )
    (22): Block(
      (norm1): LayerNorm((1024,), eps=1e-06, elementwise_affine=True)
      (attn): Attention(
        (qkv): Linear(in_features=1024, out_features=3072, bias=False)
        (attn_drop): Dropout(p=0.0, inplace=False)
        (proj): Linear(in_features=1024, out_features=1024, bias=True)
        (proj_drop): Dropout(p=0.0, inplace=False)
      )
      (drop_path): DropPath(p=0.09565217792987823)
      (norm2): LayerNorm((1024,), eps=1e-06, elementwise_affine=True)
      (mlp): Mlp(
        (fc1): Linear(in_features=1024, out_features=4096, bias=True)
        (act): GELU(approximate='none')
        (fc2): Linear(in_features=4096, out_features=1024, bias=True)
        (drop): Dropout(p=0.0, inplace=False)
      )
    )
    (23): Block(
      (norm1): LayerNorm((1024,), eps=1e-06, elementwise_affine=True)
      (attn): Attention(
        (qkv): Linear(in_features=1024, out_features=3072, bias=False)
        (attn_drop): Dropout(p=0.0, inplace=False)
        (proj): Linear(in_features=1024, out_features=1024, bias=True)
        (proj_drop): Dropout(p=0.0, inplace=False)
      )
      (drop_path): DropPath(p=0.10000000149011612)
      (norm2): LayerNorm((1024,), eps=1e-06, elementwise_affine=True)
      (mlp): Mlp(
        (fc1): Linear(in_features=1024, out_features=4096, bias=True)
        (act): GELU(approximate='none')
        (fc2): Linear(in_features=4096, out_features=1024, bias=True)
        (drop): Dropout(p=0.0, inplace=False)
      )
    )
  )
  (norm): LayerNorm((1024,), eps=1e-06, elementwise_affine=True)
  (head): Linear(in_features=1024, out_features=1000, bias=True)
)
normalization method:  imagenet
  S1_la fold3 ep01/40 loss=0.8924 val_bacc=0.5536 (80s)
  S1_la fold3 ep02/40 loss=0.5236 val_bacc=0.6819 (79s)
  S1_la fold3 ep03/40 loss=0.4832 val_bacc=0.6611 (80s)
  S1_la fold3 ep04/40 loss=0.4341 val_bacc=0.7014 (79s)
  S1_la fold3 ep05/40 loss=0.4191 val_bacc=0.7106 (80s)
  S1_la fold3 ep06/40 loss=0.3863 val_bacc=0.7042 (80s)
  S1_la fold3 ep07/40 loss=0.3683 val_bacc=0.6961 (79s)
  S1_la fold3 ep08/40 loss=0.3491 val_bacc=0.6956 (80s)
  S1_la fold3 ep09/40 loss=0.3292 val_bacc=0.7056 (78s)
  S1_la fold3 ep10/40 loss=0.3282 val_bacc=0.6742 (78s)
  S1_la fold3 ep11/40 loss=0.2973 val_bacc=0.6950 (79s)
  S1_la fold3 ep12/40 loss=0.2797 val_bacc=0.6894 (80s)
  S1_la fold3 ep13/40 loss=0.2711 val_bacc=0.6717 (80s)
  S1_la fold3 ep14/40 loss=0.2518 val_bacc=0.7486 (79s)
  S1_la fold3 ep15/40 loss=0.2271 val_bacc=0.7317 (81s)
  S1_la fold3 ep16/40 loss=0.2272 val_bacc=0.7181 (79s)
  S1_la fold3 ep17/40 loss=0.2208 val_bacc=0.7119 (81s)
  S1_la fold3 ep18/40 loss=0.2036 val_bacc=0.7017 (78s)
  S1_la fold3 ep19/40 loss=0.1978 val_bacc=0.6964 (79s)
  S1_la fold3 ep20/40 loss=0.1683 val_bacc=0.7028 (79s)
  S1_la fold3 ep21/40 loss=0.1580 val_bacc=0.6794 (80s)
  S1_la fold3 ep22/40 loss=0.1337 val_bacc=0.6883 (79s)
  S1_la fold3 ep23/40 loss=0.1417 val_bacc=0.6967 (78s)
  S1_la fold3 ep24/40 loss=0.1328 val_bacc=0.6850 (78s)
  [early stop] ep24 best_val=0.7486
  → S1_la_e2e fold3: test BACC=0.6763 severe_recall=0.4737 MAE=0.2746 MAE_true=0.4242 · 24 ep · 79s/ep · GPU peak 1465 MB
normalization method:  imagenet
normalization method:  imagenet
  feats (3662, 1024) → w10_lora_feats_S1_la_fold3.npy (84s · 43.5 img/s)
    S1_la__B0   fold3: BACC=0.6918 severe_recall=0.4211 MAE=0.2227 MAE_true=0.4098
    S1_la__B1   fold3: BACC=0.7075 severe_recall=0.5000 MAE=0.2240 MAE_true=0.3873
    S1_la__B3   fold3: BACC=0.7164 severe_recall=0.6579 MAE=0.2377 MAE_true=0.3467
    S1_la__B4   fold3: BACC=0.7425 severe_recall=0.6316 MAE=0.2077 MAE_true=0.3295
    S1_la__ldam fold3: BACC=0.6759 severe_recall=0.4211 MAE=0.2199 MAE_true=0.4081
    S1_la__la   fold3: BACC=0.7071 severe_recall=0.5526 MAE=0.2391 MAE_true=0.3859

======================================================================
arm            n_fold     BACC      MCC      MAE  MAE_true
S1_ce_e2e           5   0.6682   0.7247   0.2299    0.4299
S1_ce__B0           5   0.6796   0.7480   0.2217    0.4182
S1_ce__B1           5   0.6863   0.7378   0.2324    0.4141
S1_ce__B3           5   0.6862   0.7004   0.2545    0.3943
S1_ce__B4           5   0.6923   0.7328   0.2346    0.4041
S1_ce__ldam         5   0.6729   0.7303   0.2411    0.4281
S1_ce__la           5   0.6933   0.7331   0.2400    0.4062
S1_la_e2e           4   0.6795   0.7002   0.2652    0.4265
S1_la__B0           4   0.6820   0.7539   0.2195    0.4176
S1_la__B1           4   0.6875   0.7411   0.2273    0.4047
S1_la__B3           4   0.6891   0.7049   0.2485    0.3828
S1_la__B4           4   0.7117   0.7464   0.2218    0.3724
S1_la__ldam         4   0.6615   0.7419   0.2266    0.4388
S1_la__la           4   0.6932   0.7348   0.2348    0.3987
======================================================================

총 33.8 분 · 저장: /home/junkim/paper_ajou_dev/PanDerm/output_dir/p6_regime_f/w10_decouple_fold_scores.csv
🔬 w10 E2 (탐색적 · 사후) · 프로토콜 docs/date/2026-09-03_12th_meeting/research_note/w10_unconstrained_methods_protocol.md §4
device=cuda · arms=['S1_la'] · folds=[4] · stage=all · epochs=40 · patience=10 · prefix=w10_
→ /home/junkim/paper_ajou_dev/PanDerm/output_dir/p6_regime_f/w10_decouple_fold_scores.csv

=== S1_la · fold 4 (train 2930 / test 732) ===
/home/junkim/miniconda3/envs/paper/lib/python3.11/site-packages/timm/models/layers/__init__.py:49: FutureWarning: Importing from timm.models.layers is deprecated, please import via timm.layers
  warnings.warn(f"Importing from {__name__} is deprecated, please import via timm.layers", FutureWarning)
/home/junkim/miniconda3/envs/paper/lib/python3.11/site-packages/timm/models/registry.py:4: FutureWarning: Importing from timm.models.registry is deprecated, please import via timm.models
  warnings.warn(f"Importing from {__name__} is deprecated, please import via timm.models", FutureWarning)
/home/junkim/miniconda3/envs/paper/lib/python3.11/site-packages/torch/functional.py:534: UserWarning: torch.meshgrid: in an upcoming release, it will be required to pass the indexing argument. (Triggered internally at ../aten/src/ATen/native/TensorShape.cpp:3595.)
  return _VF.meshgrid(tensors, **kwargs)  # type: ignore[attr-defined]
normalization method:  imagenet
normalization method:  imagenet
loading model checkpoint
VisionTransformer(
  (patch_embed): PatchEmbed(
    (proj): Conv2d(3, 1024, kernel_size=(16, 16), stride=(16, 16))
  )
  (pos_drop): Dropout(p=0.0, inplace=False)
  (blocks): ModuleList(
    (0): Block(
      (norm1): LayerNorm((1024,), eps=1e-06, elementwise_affine=True)
      (attn): Attention(
        (qkv): Linear(in_features=1024, out_features=3072, bias=False)
        (attn_drop): Dropout(p=0.0, inplace=False)
        (proj): Linear(in_features=1024, out_features=1024, bias=True)
        (proj_drop): Dropout(p=0.0, inplace=False)
      )
      (drop_path): Identity()
      (norm2): LayerNorm((1024,), eps=1e-06, elementwise_affine=True)
      (mlp): Mlp(
        (fc1): Linear(in_features=1024, out_features=4096, bias=True)
        (act): GELU(approximate='none')
        (fc2): Linear(in_features=4096, out_features=1024, bias=True)
        (drop): Dropout(p=0.0, inplace=False)
      )
    )
    (1): Block(
      (norm1): LayerNorm((1024,), eps=1e-06, elementwise_affine=True)
      (attn): Attention(
        (qkv): Linear(in_features=1024, out_features=3072, bias=False)
        (attn_drop): Dropout(p=0.0, inplace=False)
        (proj): Linear(in_features=1024, out_features=1024, bias=True)
        (proj_drop): Dropout(p=0.0, inplace=False)
      )
      (drop_path): DropPath(p=0.004347826354205608)
      (norm2): LayerNorm((1024,), eps=1e-06, elementwise_affine=True)
      (mlp): Mlp(
        (fc1): Linear(in_features=1024, out_features=4096, bias=True)
        (act): GELU(approximate='none')
        (fc2): Linear(in_features=4096, out_features=1024, bias=True)
        (drop): Dropout(p=0.0, inplace=False)
      )
    )
    (2): Block(
      (norm1): LayerNorm((1024,), eps=1e-06, elementwise_affine=True)
      (attn): Attention(
        (qkv): Linear(in_features=1024, out_features=3072, bias=False)
        (attn_drop): Dropout(p=0.0, inplace=False)
        (proj): Linear(in_features=1024, out_features=1024, bias=True)
        (proj_drop): Dropout(p=0.0, inplace=False)
      )
      (drop_path): DropPath(p=0.008695652708411217)
      (norm2): LayerNorm((1024,), eps=1e-06, elementwise_affine=True)
      (mlp): Mlp(
        (fc1): Linear(in_features=1024, out_features=4096, bias=True)
        (act): GELU(approximate='none')
        (fc2): Linear(in_features=4096, out_features=1024, bias=True)
        (drop): Dropout(p=0.0, inplace=False)
      )
    )
    (3): Block(
      (norm1): LayerNorm((1024,), eps=1e-06, elementwise_affine=True)
      (attn): Attention(
        (qkv): Linear(in_features=1024, out_features=3072, bias=False)
        (attn_drop): Dropout(p=0.0, inplace=False)
        (proj): Linear(in_features=1024, out_features=1024, bias=True)
        (proj_drop): Dropout(p=0.0, inplace=False)
      )
      (drop_path): DropPath(p=0.013043479062616825)
      (norm2): LayerNorm((1024,), eps=1e-06, elementwise_affine=True)
      (mlp): Mlp(
        (fc1): Linear(in_features=1024, out_features=4096, bias=True)
        (act): GELU(approximate='none')
        (fc2): Linear(in_features=4096, out_features=1024, bias=True)
        (drop): Dropout(p=0.0, inplace=False)
      )
    )
    (4): Block(
      (norm1): LayerNorm((1024,), eps=1e-06, elementwise_affine=True)
      (attn): Attention(
        (qkv): Linear(in_features=1024, out_features=3072, bias=False)
        (attn_drop): Dropout(p=0.0, inplace=False)
        (proj): Linear(in_features=1024, out_features=1024, bias=True)
        (proj_drop): Dropout(p=0.0, inplace=False)
      )
      (drop_path): DropPath(p=0.017391305416822433)
      (norm2): LayerNorm((1024,), eps=1e-06, elementwise_affine=True)
      (mlp): Mlp(
        (fc1): Linear(in_features=1024, out_features=4096, bias=True)
        (act): GELU(approximate='none')
        (fc2): Linear(in_features=4096, out_features=1024, bias=True)
        (drop): Dropout(p=0.0, inplace=False)
      )
    )
    (5): Block(
      (norm1): LayerNorm((1024,), eps=1e-06, elementwise_affine=True)
      (attn): Attention(
        (qkv): Linear(in_features=1024, out_features=3072, bias=False)
        (attn_drop): Dropout(p=0.0, inplace=False)
        (proj): Linear(in_features=1024, out_features=1024, bias=True)
        (proj_drop): Dropout(p=0.0, inplace=False)
      )
      (drop_path): DropPath(p=0.021739132702350616)
      (norm2): LayerNorm((1024,), eps=1e-06, elementwise_affine=True)
      (mlp): Mlp(
        (fc1): Linear(in_features=1024, out_features=4096, bias=True)
        (act): GELU(approximate='none')
        (fc2): Linear(in_features=4096, out_features=1024, bias=True)
        (drop): Dropout(p=0.0, inplace=False)
      )
    )
    (6): Block(
      (norm1): LayerNorm((1024,), eps=1e-06, elementwise_affine=True)
      (attn): Attention(
        (qkv): Linear(in_features=1024, out_features=3072, bias=False)
        (attn_drop): Dropout(p=0.0, inplace=False)
        (proj): Linear(in_features=1024, out_features=1024, bias=True)
        (proj_drop): Dropout(p=0.0, inplace=False)
      )
      (drop_path): DropPath(p=0.02608695812523365)
      (norm2): LayerNorm((1024,), eps=1e-06, elementwise_affine=True)
      (mlp): Mlp(
        (fc1): Linear(in_features=1024, out_features=4096, bias=True)
        (act): GELU(approximate='none')
        (fc2): Linear(in_features=4096, out_features=1024, bias=True)
        (drop): Dropout(p=0.0, inplace=False)
      )
    )
    (7): Block(
      (norm1): LayerNorm((1024,), eps=1e-06, elementwise_affine=True)
      (attn): Attention(
        (qkv): Linear(in_features=1024, out_features=3072, bias=False)
        (attn_drop): Dropout(p=0.0, inplace=False)
        (proj): Linear(in_features=1024, out_features=1024, bias=True)
        (proj_drop): Dropout(p=0.0, inplace=False)
      )
      (drop_path): DropPath(p=0.030434783548116684)
      (norm2): LayerNorm((1024,), eps=1e-06, elementwise_affine=True)
      (mlp): Mlp(
        (fc1): Linear(in_features=1024, out_features=4096, bias=True)
        (act): GELU(approximate='none')
        (fc2): Linear(in_features=4096, out_features=1024, bias=True)
        (drop): Dropout(p=0.0, inplace=False)
      )
    )
    (8): Block(
      (norm1): LayerNorm((1024,), eps=1e-06, elementwise_affine=True)
      (attn): Attention(
        (qkv): Linear(in_features=1024, out_features=3072, bias=False)
        (attn_drop): Dropout(p=0.0, inplace=False)
        (proj): Linear(in_features=1024, out_features=1024, bias=True)
        (proj_drop): Dropout(p=0.0, inplace=False)
      )
      (drop_path): DropPath(p=0.03478261083364487)
      (norm2): LayerNorm((1024,), eps=1e-06, elementwise_affine=True)
      (mlp): Mlp(
        (fc1): Linear(in_features=1024, out_features=4096, bias=True)
        (act): GELU(approximate='none')
        (fc2): Linear(in_features=4096, out_features=1024, bias=True)
        (drop): Dropout(p=0.0, inplace=False)
      )
    )
    (9): Block(
      (norm1): LayerNorm((1024,), eps=1e-06, elementwise_affine=True)
      (attn): Attention(
        (qkv): Linear(in_features=1024, out_features=3072, bias=False)
        (attn_drop): Dropout(p=0.0, inplace=False)
        (proj): Linear(in_features=1024, out_features=1024, bias=True)
        (proj_drop): Dropout(p=0.0, inplace=False)
      )
      (drop_path): DropPath(p=0.03913043811917305)
      (norm2): LayerNorm((1024,), eps=1e-06, elementwise_affine=True)
      (mlp): Mlp(
        (fc1): Linear(in_features=1024, out_features=4096, bias=True)
        (act): GELU(approximate='none')
        (fc2): Linear(in_features=4096, out_features=1024, bias=True)
        (drop): Dropout(p=0.0, inplace=False)
      )
    )
    (10): Block(
      (norm1): LayerNorm((1024,), eps=1e-06, elementwise_affine=True)
      (attn): Attention(
        (qkv): Linear(in_features=1024, out_features=3072, bias=False)
        (attn_drop): Dropout(p=0.0, inplace=False)
        (proj): Linear(in_features=1024, out_features=1024, bias=True)
        (proj_drop): Dropout(p=0.0, inplace=False)
      )
      (drop_path): DropPath(p=0.04347826540470123)
      (norm2): LayerNorm((1024,), eps=1e-06, elementwise_affine=True)
      (mlp): Mlp(
        (fc1): Linear(in_features=1024, out_features=4096, bias=True)
        (act): GELU(approximate='none')
        (fc2): Linear(in_features=4096, out_features=1024, bias=True)
        (drop): Dropout(p=0.0, inplace=False)
      )
    )
    (11): Block(
      (norm1): LayerNorm((1024,), eps=1e-06, elementwise_affine=True)
      (attn): Attention(
        (qkv): Linear(in_features=1024, out_features=3072, bias=False)
        (attn_drop): Dropout(p=0.0, inplace=False)
        (proj): Linear(in_features=1024, out_features=1024, bias=True)
        (proj_drop): Dropout(p=0.0, inplace=False)
      )
      (drop_path): DropPath(p=0.04782608896493912)
      (norm2): LayerNorm((1024,), eps=1e-06, elementwise_affine=True)
      (mlp): Mlp(
        (fc1): Linear(in_features=1024, out_features=4096, bias=True)
        (act): GELU(approximate='none')
        (fc2): Linear(in_features=4096, out_features=1024, bias=True)
        (drop): Dropout(p=0.0, inplace=False)
      )
    )
    (12): Block(
      (norm1): LayerNorm((1024,), eps=1e-06, elementwise_affine=True)
      (attn): Attention(
        (qkv): Linear(in_features=1024, out_features=3072, bias=False)
        (attn_drop): Dropout(p=0.0, inplace=False)
        (proj): Linear(in_features=1024, out_features=1024, bias=True)
        (proj_drop): Dropout(p=0.0, inplace=False)
      )
      (drop_path): DropPath(p=0.052173912525177)
      (norm2): LayerNorm((1024,), eps=1e-06, elementwise_affine=True)
      (mlp): Mlp(
        (fc1): Linear(in_features=1024, out_features=4096, bias=True)
        (act): GELU(approximate='none')
        (fc2): Linear(in_features=4096, out_features=1024, bias=True)
        (drop): Dropout(p=0.0, inplace=False)
      )
    )
    (13): Block(
      (norm1): LayerNorm((1024,), eps=1e-06, elementwise_affine=True)
      (attn): Attention(
        (qkv): Linear(in_features=1024, out_features=3072, bias=False)
        (attn_drop): Dropout(p=0.0, inplace=False)
        (proj): Linear(in_features=1024, out_features=1024, bias=True)
        (proj_drop): Dropout(p=0.0, inplace=False)
      )
      (drop_path): DropPath(p=0.056521736085414886)
      (norm2): LayerNorm((1024,), eps=1e-06, elementwise_affine=True)
      (mlp): Mlp(
        (fc1): Linear(in_features=1024, out_features=4096, bias=True)
        (act): GELU(approximate='none')
        (fc2): Linear(in_features=4096, out_features=1024, bias=True)
        (drop): Dropout(p=0.0, inplace=False)
      )
    )
    (14): Block(
      (norm1): LayerNorm((1024,), eps=1e-06, elementwise_affine=True)
      (attn): Attention(
        (qkv): Linear(in_features=1024, out_features=3072, bias=False)
        (attn_drop): Dropout(p=0.0, inplace=False)
        (proj): Linear(in_features=1024, out_features=1024, bias=True)
        (proj_drop): Dropout(p=0.0, inplace=False)
      )
      (drop_path): DropPath(p=0.06086956337094307)
      (norm2): LayerNorm((1024,), eps=1e-06, elementwise_affine=True)
      (mlp): Mlp(
        (fc1): Linear(in_features=1024, out_features=4096, bias=True)
        (act): GELU(approximate='none')
        (fc2): Linear(in_features=4096, out_features=1024, bias=True)
        (drop): Dropout(p=0.0, inplace=False)
      )
    )
    (15): Block(
      (norm1): LayerNorm((1024,), eps=1e-06, elementwise_affine=True)
      (attn): Attention(
        (qkv): Linear(in_features=1024, out_features=3072, bias=False)
        (attn_drop): Dropout(p=0.0, inplace=False)
        (proj): Linear(in_features=1024, out_features=1024, bias=True)
        (proj_drop): Dropout(p=0.0, inplace=False)
      )
      (drop_path): DropPath(p=0.06521739065647125)
      (norm2): LayerNorm((1024,), eps=1e-06, elementwise_affine=True)
      (mlp): Mlp(
        (fc1): Linear(in_features=1024, out_features=4096, bias=True)
        (act): GELU(approximate='none')
        (fc2): Linear(in_features=4096, out_features=1024, bias=True)
        (drop): Dropout(p=0.0, inplace=False)
      )
    )
    (16): Block(
      (norm1): LayerNorm((1024,), eps=1e-06, elementwise_affine=True)
      (attn): Attention(
        (qkv): Linear(in_features=1024, out_features=3072, bias=False)
        (attn_drop): Dropout(p=0.0, inplace=False)
        (proj): Linear(in_features=1024, out_features=1024, bias=True)
        (proj_drop): Dropout(p=0.0, inplace=False)
      )
      (drop_path): DropPath(p=0.06956521421670914)
      (norm2): LayerNorm((1024,), eps=1e-06, elementwise_affine=True)
      (mlp): Mlp(
        (fc1): Linear(in_features=1024, out_features=4096, bias=True)
        (act): GELU(approximate='none')
        (fc2): Linear(in_features=4096, out_features=1024, bias=True)
        (drop): Dropout(p=0.0, inplace=False)
      )
    )
    (17): Block(
      (norm1): LayerNorm((1024,), eps=1e-06, elementwise_affine=True)
      (attn): Attention(
        (qkv): Linear(in_features=1024, out_features=3072, bias=False)
        (attn_drop): Dropout(p=0.0, inplace=False)
        (proj): Linear(in_features=1024, out_features=1024, bias=True)
        (proj_drop): Dropout(p=0.0, inplace=False)
      )
      (drop_path): DropPath(p=0.07391304522752762)
      (norm2): LayerNorm((1024,), eps=1e-06, elementwise_affine=True)
      (mlp): Mlp(
        (fc1): Linear(in_features=1024, out_features=4096, bias=True)
        (act): GELU(approximate='none')
        (fc2): Linear(in_features=4096, out_features=1024, bias=True)
        (drop): Dropout(p=0.0, inplace=False)
      )
    )
    (18): Block(
      (norm1): LayerNorm((1024,), eps=1e-06, elementwise_affine=True)
      (attn): Attention(
        (qkv): Linear(in_features=1024, out_features=3072, bias=False)
        (attn_drop): Dropout(p=0.0, inplace=False)
        (proj): Linear(in_features=1024, out_features=1024, bias=True)
        (proj_drop): Dropout(p=0.0, inplace=False)
      )
      (drop_path): DropPath(p=0.0782608687877655)
      (norm2): LayerNorm((1024,), eps=1e-06, elementwise_affine=True)
      (mlp): Mlp(
        (fc1): Linear(in_features=1024, out_features=4096, bias=True)
        (act): GELU(approximate='none')
        (fc2): Linear(in_features=4096, out_features=1024, bias=True)
        (drop): Dropout(p=0.0, inplace=False)
      )
    )
    (19): Block(
      (norm1): LayerNorm((1024,), eps=1e-06, elementwise_affine=True)
      (attn): Attention(
        (qkv): Linear(in_features=1024, out_features=3072, bias=False)
        (attn_drop): Dropout(p=0.0, inplace=False)
        (proj): Linear(in_features=1024, out_features=1024, bias=True)
        (proj_drop): Dropout(p=0.0, inplace=False)
      )
      (drop_path): DropPath(p=0.08260869979858398)
      (norm2): LayerNorm((1024,), eps=1e-06, elementwise_affine=True)
      (mlp): Mlp(
        (fc1): Linear(in_features=1024, out_features=4096, bias=True)
        (act): GELU(approximate='none')
        (fc2): Linear(in_features=4096, out_features=1024, bias=True)
        (drop): Dropout(p=0.0, inplace=False)
      )
    )
    (20): Block(
      (norm1): LayerNorm((1024,), eps=1e-06, elementwise_affine=True)
      (attn): Attention(
        (qkv): Linear(in_features=1024, out_features=3072, bias=False)
        (attn_drop): Dropout(p=0.0, inplace=False)
        (proj): Linear(in_features=1024, out_features=1024, bias=True)
        (proj_drop): Dropout(p=0.0, inplace=False)
      )
      (drop_path): DropPath(p=0.08695652335882187)
      (norm2): LayerNorm((1024,), eps=1e-06, elementwise_affine=True)
      (mlp): Mlp(
        (fc1): Linear(in_features=1024, out_features=4096, bias=True)
        (act): GELU(approximate='none')
        (fc2): Linear(in_features=4096, out_features=1024, bias=True)
        (drop): Dropout(p=0.0, inplace=False)
      )
    )
    (21): Block(
      (norm1): LayerNorm((1024,), eps=1e-06, elementwise_affine=True)
      (attn): Attention(
        (qkv): Linear(in_features=1024, out_features=3072, bias=False)
        (attn_drop): Dropout(p=0.0, inplace=False)
        (proj): Linear(in_features=1024, out_features=1024, bias=True)
        (proj_drop): Dropout(p=0.0, inplace=False)
      )
      (drop_path): DropPath(p=0.09130434691905975)
      (norm2): LayerNorm((1024,), eps=1e-06, elementwise_affine=True)
      (mlp): Mlp(
        (fc1): Linear(in_features=1024, out_features=4096, bias=True)
        (act): GELU(approximate='none')
        (fc2): Linear(in_features=4096, out_features=1024, bias=True)
        (drop): Dropout(p=0.0, inplace=False)
      )
    )
    (22): Block(
      (norm1): LayerNorm((1024,), eps=1e-06, elementwise_affine=True)
      (attn): Attention(
        (qkv): Linear(in_features=1024, out_features=3072, bias=False)
        (attn_drop): Dropout(p=0.0, inplace=False)
        (proj): Linear(in_features=1024, out_features=1024, bias=True)
        (proj_drop): Dropout(p=0.0, inplace=False)
      )
      (drop_path): DropPath(p=0.09565217792987823)
      (norm2): LayerNorm((1024,), eps=1e-06, elementwise_affine=True)
      (mlp): Mlp(
        (fc1): Linear(in_features=1024, out_features=4096, bias=True)
        (act): GELU(approximate='none')
        (fc2): Linear(in_features=4096, out_features=1024, bias=True)
        (drop): Dropout(p=0.0, inplace=False)
      )
    )
    (23): Block(
      (norm1): LayerNorm((1024,), eps=1e-06, elementwise_affine=True)
      (attn): Attention(
        (qkv): Linear(in_features=1024, out_features=3072, bias=False)
        (attn_drop): Dropout(p=0.0, inplace=False)
        (proj): Linear(in_features=1024, out_features=1024, bias=True)
        (proj_drop): Dropout(p=0.0, inplace=False)
      )
      (drop_path): DropPath(p=0.10000000149011612)
      (norm2): LayerNorm((1024,), eps=1e-06, elementwise_affine=True)
      (mlp): Mlp(
        (fc1): Linear(in_features=1024, out_features=4096, bias=True)
        (act): GELU(approximate='none')
        (fc2): Linear(in_features=4096, out_features=1024, bias=True)
        (drop): Dropout(p=0.0, inplace=False)
      )
    )
  )
  (norm): LayerNorm((1024,), eps=1e-06, elementwise_affine=True)
  (head): Linear(in_features=1024, out_features=1000, bias=True)
)
normalization method:  imagenet
  S1_la fold4 ep01/40 loss=0.8957 val_bacc=0.5786 (79s)
  S1_la fold4 ep02/40 loss=0.5418 val_bacc=0.6756 (78s)
  S1_la fold4 ep03/40 loss=0.4533 val_bacc=0.6611 (79s)
  S1_la fold4 ep04/40 loss=0.4242 val_bacc=0.6819 (78s)
  S1_la fold4 ep05/40 loss=0.3886 val_bacc=0.7008 (78s)
  S1_la fold4 ep06/40 loss=0.3889 val_bacc=0.7158 (78s)
  S1_la fold4 ep07/40 loss=0.3619 val_bacc=0.6731 (81s)
  S1_la fold4 ep08/40 loss=0.3488 val_bacc=0.6789 (78s)
  S1_la fold4 ep09/40 loss=0.3299 val_bacc=0.7106 (77s)
  S1_la fold4 ep10/40 loss=0.3092 val_bacc=0.6936 (78s)
  S1_la fold4 ep11/40 loss=0.2914 val_bacc=0.6742 (78s)
  S1_la fold4 ep12/40 loss=0.2841 val_bacc=0.6772 (78s)
  S1_la fold4 ep13/40 loss=0.2860 val_bacc=0.7361 (80s)
  S1_la fold4 ep14/40 loss=0.2511 val_bacc=0.6728 (77s)
  S1_la fold4 ep15/40 loss=0.2406 val_bacc=0.6961 (78s)
  S1_la fold4 ep16/40 loss=0.2374 val_bacc=0.6836 (78s)
  S1_la fold4 ep17/40 loss=0.2096 val_bacc=0.6753 (79s)
  S1_la fold4 ep18/40 loss=0.1810 val_bacc=0.7206 (78s)
  S1_la fold4 ep19/40 loss=0.2014 val_bacc=0.7161 (77s)
  S1_la fold4 ep20/40 loss=0.1830 val_bacc=0.6792 (78s)
  S1_la fold4 ep21/40 loss=0.1697 val_bacc=0.6764 (77s)
  S1_la fold4 ep22/40 loss=0.1544 val_bacc=0.7269 (78s)
  S1_la fold4 ep23/40 loss=0.1486 val_bacc=0.6689 (78s)
  [early stop] ep23 best_val=0.7361
  → S1_la_e2e fold4: test BACC=0.6510 severe_recall=0.4872 MAE=0.2842 MAE_true=0.4518 · 23 ep · 78s/ep · GPU peak 1465 MB
normalization method:  imagenet
normalization method:  imagenet
  feats (3662, 1024) → w10_lora_feats_S1_la_fold4.npy (84s · 43.7 img/s)
    S1_la__B0   fold4: BACC=0.6652 severe_recall=0.4615 MAE=0.2486 MAE_true=0.4569
    S1_la__B1   fold4: BACC=0.6527 severe_recall=0.4359 MAE=0.2678 MAE_true=0.4712
    S1_la__B3   fold4: BACC=0.6341 severe_recall=0.4615 MAE=0.2801 MAE_true=0.4578
    S1_la__B4   fold4: BACC=0.6384 severe_recall=0.4359 MAE=0.2801 MAE_true=0.4817
    S1_la__ldam fold4: BACC=0.6725 severe_recall=0.4359 MAE=0.2527 MAE_true=0.4395
    S1_la__la   fold4: BACC=0.6678 severe_recall=0.4615 MAE=0.2678 MAE_true=0.4499

======================================================================
arm            n_fold     BACC      MCC      MAE  MAE_true
S1_ce_e2e           5   0.6682   0.7247   0.2299    0.4299
S1_ce__B0           5   0.6796   0.7480   0.2217    0.4182
S1_ce__B1           5   0.6863   0.7378   0.2324    0.4141
S1_ce__B3           5   0.6862   0.7004   0.2545    0.3943
S1_ce__B4           5   0.6923   0.7328   0.2346    0.4041
S1_ce__ldam         5   0.6729   0.7303   0.2411    0.4281
S1_ce__la           5   0.6933   0.7331   0.2400    0.4062
S1_la_e2e           5   0.6738   0.6955   0.2690    0.4315
S1_la__B0           5   0.6787   0.7476   0.2253    0.4254
S1_la__B1           5   0.6806   0.7330   0.2354    0.4180
S1_la__B3           5   0.6781   0.6975   0.2548    0.3978
S1_la__B4           5   0.6970   0.7342   0.2335    0.3942
S1_la__ldam         5   0.6637   0.7368   0.2318    0.4389
S1_la__la           5   0.6881   0.7280   0.2414    0.4090
======================================================================

총 32.1 분 · 저장: /home/junkim/paper_ajou_dev/PanDerm/output_dir/p6_regime_f/w10_decouple_fold_scores.csv
