dataset,rep,space,fold,i,j,i_name,j_name,cdnv,exploratory
aptos2019,frozen,train_std,0,0,1,no_dr,mild,1.2870606812607097,탐색적/exploratory
aptos2019,frozen,train_std,0,0,2,no_dr,moderate,1.3229547433675457,탐색적/exploratory
aptos2019,frozen,train_std,0,0,3,no_dr,severe,0.9393252392498339,탐색적/exploratory
aptos2019,frozen,train_std,0,0,4,no_dr,proliferative,1.1684306350696836,탐색적/exploratory
aptos2019,frozen,train_std,0,1,2,mild,moderate,4.873495620572493,탐색적/exploratory
aptos2019,frozen,train_std,0,1,3,mild,severe,2.329610652477117,탐색적/exploratory
aptos2019,frozen,train_std,0,1,4,mild,proliferative,4.327485395724387,탐색적/exploratory
aptos2019,frozen,train_std,0,2,3,moderate,severe,11.727775002824654,탐색적/exploratory
aptos2019,frozen,train_std,0,2,4,moderate,proliferative,17.880529256084408,탐색적/exploratory
aptos2019,frozen,train_std,0,3,4,severe,proliferative,13.32320137914589,탐색적/exploratory
aptos2019,frozen,raw,0,0,1,no_dr,mild,1.0034088486736052,탐색적/exploratory
aptos2019,frozen,raw,0,0,2,no_dr,moderate,1.045343920874163,탐색적/exploratory
aptos2019,frozen,raw,0,0,3,no_dr,severe,0.7416740440455651,탐색적/exploratory
aptos2019,frozen,raw,0,0,4,no_dr,proliferative,0.9283378618193456,탐색적/exploratory
aptos2019,frozen,raw,0,1,2,mild,moderate,4.969769061099592,탐색적/exploratory
aptos2019,frozen,raw,0,1,3,mild,severe,2.31807425925559,탐색적/exploratory
aptos2019,frozen,raw,0,1,4,mild,proliferative,4.523899309833331,탐색적/exploratory
aptos2019,frozen,raw,0,2,3,moderate,severe,11.591593362803614,탐색적/exploratory
aptos2019,frozen,raw,0,2,4,moderate,proliferative,19.799607984947905,탐색적/exploratory
aptos2019,frozen,raw,0,3,4,severe,proliferative,13.166268309423048,탐색적/exploratory
aptos2019,frozen,train_std,1,0,1,no_dr,mild,1.208987831364898,탐색적/exploratory
aptos2019,frozen,train_std,1,0,2,no_dr,moderate,1.3872668069891134,탐색적/exploratory
aptos2019,frozen,train_std,1,0,3,no_dr,severe,1.033105650114428,탐색적/exploratory
aptos2019,frozen,train_std,1,0,4,no_dr,proliferative,1.3960474870005144,탐색적/exploratory
aptos2019,frozen,train_std,1,1,2,mild,moderate,6.035979013942089,탐색적/exploratory
aptos2019,frozen,train_std,1,1,3,mild,severe,3.1754827142964692,탐색적/exploratory
aptos2019,frozen,train_std,1,1,4,mild,proliferative,4.0113303437496795,탐색적/exploratory
aptos2019,frozen,train_std,1,2,3,moderate,severe,10.33514930491793,탐색적/exploratory
aptos2019,frozen,train_std,1,2,4,moderate,proliferative,13.661208905815421,탐색적/exploratory
aptos2019,frozen,train_std,1,3,4,severe,proliferative,15.150800726788127,탐색적/exploratory
aptos2019,frozen,raw,1,0,1,no_dr,mild,0.9509577915898523,탐색적/exploratory
aptos2019,frozen,raw,1,0,2,no_dr,moderate,1.0819707695187277,탐색적/exploratory
aptos2019,frozen,raw,1,0,3,no_dr,severe,0.8144087848553042,탐색적/exploratory
aptos2019,frozen,raw,1,0,4,no_dr,proliferative,1.1027179118828987,탐색적/exploratory
aptos2019,frozen,raw,1,1,2,mild,moderate,6.006478713405709,탐색적/exploratory
aptos2019,frozen,raw,1,1,3,mild,severe,3.1469792155309753,탐색적/exploratory
aptos2019,frozen,raw,1,1,4,mild,proliferative,3.8760074758932848,탐색적/exploratory
aptos2019,frozen,raw,1,2,3,moderate,severe,10.54143261001705,탐색적/exploratory
aptos2019,frozen,raw,1,2,4,moderate,proliferative,14.180126789401578,탐색적/exploratory
aptos2019,frozen,raw,1,3,4,severe,proliferative,16.91353661994524,탐색적/exploratory
aptos2019,frozen,train_std,2,0,1,no_dr,mild,1.3163659443191058,탐색적/exploratory
aptos2019,frozen,train_std,2,0,2,no_dr,moderate,1.6205877878413162,탐색적/exploratory
aptos2019,frozen,train_std,2,0,3,no_dr,severe,1.0542135110116029,탐색적/exploratory
aptos2019,frozen,train_std,2,0,4,no_dr,proliferative,1.292320585339489,탐색적/exploratory
aptos2019,frozen,train_std,2,1,2,mild,moderate,4.7150487534894285,탐색적/exploratory
aptos2019,frozen,train_std,2,1,3,mild,severe,2.356611383910897,탐색적/exploratory
aptos2019,frozen,train_std,2,1,4,mild,proliferative,4.058668536346854,탐색적/exploratory
aptos2019,frozen,train_std,2,2,3,moderate,severe,7.7967287452245655,탐색적/exploratory
aptos2019,frozen,train_std,2,2,4,moderate,proliferative,9.491938227278348,탐색적/exploratory
aptos2019,frozen,train_std,2,3,4,severe,proliferative,9.876031128124474,탐색적/exploratory
aptos2019,frozen,raw,2,0,1,no_dr,mild,1.0430577063867486,탐색적/exploratory
aptos2019,frozen,raw,2,0,2,no_dr,moderate,1.314942362151856,탐색적/exploratory
aptos2019,frozen,raw,2,0,3,no_dr,severe,0.8271681639122948,탐색적/exploratory
aptos2019,frozen,raw,2,0,4,no_dr,proliferative,0.9865463284546286,탐색적/exploratory
aptos2019,frozen,raw,2,1,2,mild,moderate,4.566297097187597,탐색적/exploratory
aptos2019,frozen,raw,2,1,3,mild,severe,2.2619056995499283,탐색적/exploratory
aptos2019,frozen,raw,2,1,4,mild,proliferative,3.7342339361563472,탐색적/exploratory
aptos2019,frozen,raw,2,2,3,moderate,severe,7.139029676520814,탐색적/exploratory
aptos2019,frozen,raw,2,2,4,moderate,proliferative,8.29443257144224,탐색적/exploratory
aptos2019,frozen,raw,2,3,4,severe,proliferative,11.128681724893738,탐색적/exploratory
aptos2019,frozen,train_std,3,0,1,no_dr,mild,1.2433505885495115,탐색적/exploratory
aptos2019,frozen,train_std,3,0,2,no_dr,moderate,1.4715922436850881,탐색적/exploratory
aptos2019,frozen,train_std,3,0,3,no_dr,severe,0.9627238306787451,탐색적/exploratory
aptos2019,frozen,train_std,3,0,4,no_dr,proliferative,1.1708820586242534,탐색적/exploratory
aptos2019,frozen,train_std,3,1,2,mild,moderate,5.719843936953841,탐색적/exploratory
aptos2019,frozen,train_std,3,1,3,mild,severe,2.883198163571349,탐색적/exploratory
aptos2019,frozen,train_std,3,1,4,mild,proliferative,3.657004417140049,탐색적/exploratory
aptos2019,frozen,train_std,3,2,3,moderate,severe,11.240244114264952,탐색적/exploratory
aptos2019,frozen,train_std,3,2,4,moderate,proliferative,14.813870484918024,탐색적/exploratory
aptos2019,frozen,train_std,3,3,4,severe,proliferative,13.274861168814994,탐색적/exploratory
aptos2019,frozen,raw,3,0,1,no_dr,mild,0.9827826092526416,탐색적/exploratory
aptos2019,frozen,raw,3,0,2,no_dr,moderate,1.1540747590276894,탐색적/exploratory
aptos2019,frozen,raw,3,0,3,no_dr,severe,0.7423521342965597,탐색적/exploratory
aptos2019,frozen,raw,3,0,4,no_dr,proliferative,0.918266778170039,탐색적/exploratory
aptos2019,frozen,raw,3,1,2,mild,moderate,5.654253248938599,탐색적/exploratory
aptos2019,frozen,raw,3,1,3,mild,severe,2.78436806166089,탐색적/exploratory
aptos2019,frozen,raw,3,1,4,mild,proliferative,3.57090021863662,탐색적/exploratory
aptos2019,frozen,raw,3,2,3,moderate,severe,10.7537672620052,탐색적/exploratory
aptos2019,frozen,raw,3,2,4,moderate,proliferative,15.095371301534385,탐색적/exploratory
aptos2019,frozen,raw,3,3,4,severe,proliferative,14.668031114048146,탐색적/exploratory
aptos2019,frozen,train_std,4,0,1,no_dr,mild,1.4825082373389145,탐색적/exploratory
aptos2019,frozen,train_std,4,0,2,no_dr,moderate,1.412614089376705,탐색적/exploratory
aptos2019,frozen,train_std,4,0,3,no_dr,severe,1.148826485796643,탐색적/exploratory
aptos2019,frozen,train_std,4,0,4,no_dr,proliferative,1.1616739197310655,탐색적/exploratory
aptos2019,frozen,train_std,4,1,2,mild,moderate,9.292209484881138,탐색적/exploratory
aptos2019,frozen,train_std,4,1,3,mild,severe,3.54303520840816,탐색적/exploratory
aptos2019,frozen,train_std,4,1,4,mild,proliferative,4.255678520784449,탐색적/exploratory
aptos2019,frozen,train_std,4,2,3,moderate,severe,9.710497970503813,탐색적/exploratory
aptos2019,frozen,train_std,4,2,4,moderate,proliferative,11.068694217594595,탐색적/exploratory
aptos2019,frozen,train_std,4,3,4,severe,proliferative,18.65438225261529,탐색적/exploratory
aptos2019,frozen,raw,4,0,1,no_dr,mild,1.1503983333893835,탐색적/exploratory
aptos2019,frozen,raw,4,0,2,no_dr,moderate,1.1140396307727725,탐색적/exploratory
aptos2019,frozen,raw,4,0,3,no_dr,severe,0.9085036942036118,탐색적/exploratory
aptos2019,frozen,raw,4,0,4,no_dr,proliferative,0.8968486741426622,탐색적/exploratory
aptos2019,frozen,raw,4,1,2,mild,moderate,9.242728491222683,탐색적/exploratory
aptos2019,frozen,raw,4,1,3,mild,severe,3.5190915172759007,탐색적/exploratory
aptos2019,frozen,raw,4,1,4,mild,proliferative,3.9908875745900243,탐색적/exploratory
aptos2019,frozen,raw,4,2,3,moderate,severe,9.719057676229435,탐색적/exploratory
aptos2019,frozen,raw,4,2,4,moderate,proliferative,10.367844624737671,탐색적/exploratory
aptos2019,frozen,raw,4,3,4,severe,proliferative,23.098293059182154,탐색적/exploratory
aptos2019,frozen,train_std,5,0,1,no_dr,mild,1.310165418736553,탐색적/exploratory
aptos2019,frozen,train_std,5,0,2,no_dr,moderate,1.4625269657394242,탐색적/exploratory
aptos2019,frozen,train_std,5,0,3,no_dr,severe,0.9182347697667701,탐색적/exploratory
aptos2019,frozen,train_std,5,0,4,no_dr,proliferative,1.0633550291793148,탐색적/exploratory
aptos2019,frozen,train_std,5,1,2,mild,moderate,5.471732965751783,탐색적/exploratory
aptos2019,frozen,train_std,5,1,3,mild,severe,2.367380364527842,탐색적/exploratory
aptos2019,frozen,train_std,5,1,4,mild,proliferative,3.52455135478408,탐색적/exploratory
aptos2019,frozen,train_std,5,2,3,moderate,severe,9.71070313451869,탐색적/exploratory
aptos2019,frozen,train_std,5,2,4,moderate,proliferative,12.729102734455584,탐색적/exploratory
aptos2019,frozen,train_std,5,3,4,severe,proliferative,11.930597889290155,탐색적/exploratory
aptos2019,frozen,raw,5,0,1,no_dr,mild,1.0341139804412869,탐색적/exploratory
aptos2019,frozen,raw,5,0,2,no_dr,moderate,1.1580850575761363,탐색적/exploratory
aptos2019,frozen,raw,5,0,3,no_dr,severe,0.7172523439277766,탐색적/exploratory
aptos2019,frozen,raw,5,0,4,no_dr,proliferative,0.818623533618723,탐색적/exploratory
aptos2019,frozen,raw,5,1,2,mild,moderate,5.586394018853536,탐색적/exploratory
aptos2019,frozen,raw,5,1,3,mild,severe,2.320529099337174,탐색적/exploratory
aptos2019,frozen,raw,5,1,4,mild,proliferative,3.3383820088332863,탐색적/exploratory
aptos2019,frozen,raw,5,2,3,moderate,severe,9.145697397112954,탐색적/exploratory
aptos2019,frozen,raw,5,2,4,moderate,proliferative,11.633926844804906,탐색적/exploratory
aptos2019,frozen,raw,5,3,4,severe,proliferative,13.672634536759245,탐색적/exploratory
aptos2019,frozen,train_std,6,0,1,no_dr,mild,1.424482609574929,탐색적/exploratory
aptos2019,frozen,train_std,6,0,2,no_dr,moderate,1.485053318358974,탐색적/exploratory
aptos2019,frozen,train_std,6,0,3,no_dr,severe,0.9114565443088943,탐색적/exploratory
aptos2019,frozen,train_std,6,0,4,no_dr,proliferative,1.2643038369894208,탐색적/exploratory
aptos2019,frozen,train_std,6,1,2,mild,moderate,7.406019695755503,탐색적/exploratory
aptos2019,frozen,train_std,6,1,3,mild,severe,2.9059610383363728,탐색적/exploratory
aptos2019,frozen,train_std,6,1,4,mild,proliferative,3.419516402176444,탐색적/exploratory
aptos2019,frozen,train_std,6,2,3,moderate,severe,6.843724164146385,탐색적/exploratory
aptos2019,frozen,train_std,6,2,4,moderate,proliferative,10.440288110562891,탐색적/exploratory
aptos2019,frozen,train_std,6,3,4,severe,proliferative,10.975627099100983,탐색적/exploratory
aptos2019,frozen,raw,6,0,1,no_dr,mild,1.130766150773872,탐색적/exploratory
aptos2019,frozen,raw,6,0,2,no_dr,moderate,1.1624065768517686,탐색적/exploratory
aptos2019,frozen,raw,6,0,3,no_dr,severe,0.7056889036999058,탐색적/exploratory
aptos2019,frozen,raw,6,0,4,no_dr,proliferative,1.0028537220897358,탐색적/exploratory
aptos2019,frozen,raw,6,1,2,mild,moderate,7.270142320389925,탐색적/exploratory
aptos2019,frozen,raw,6,1,3,mild,severe,2.688150713274964,탐색적/exploratory
aptos2019,frozen,raw,6,1,4,mild,proliferative,3.2519406203099774,탐색적/exploratory
aptos2019,frozen,raw,6,2,3,moderate,severe,6.545279443519814,탐색적/exploratory
aptos2019,frozen,raw,6,2,4,moderate,proliferative,10.364392205726151,탐색적/exploratory
aptos2019,frozen,raw,6,3,4,severe,proliferative,11.53677830579712,탐색적/exploratory
aptos2019,frozen,train_std,7,0,1,no_dr,mild,1.172118830768634,탐색적/exploratory
aptos2019,frozen,train_std,7,0,2,no_dr,moderate,1.2818869100349177,탐색적/exploratory
aptos2019,frozen,train_std,7,0,3,no_dr,severe,1.1116834883171907,탐색적/exploratory
aptos2019,frozen,train_std,7,0,4,no_dr,proliferative,1.104818420444085,탐색적/exploratory
aptos2019,frozen,train_std,7,1,2,mild,moderate,6.111365609720601,탐색적/exploratory
aptos2019,frozen,train_std,7,1,3,mild,severe,2.919340611573378,탐색적/exploratory
aptos2019,frozen,train_std,7,1,4,mild,proliferative,4.685943009543985,탐색적/exploratory
aptos2019,frozen,train_std,7,2,3,moderate,severe,12.23034465442873,탐색적/exploratory
aptos2019,frozen,train_std,7,2,4,moderate,proliferative,18.17716371228446,탐색적/exploratory
aptos2019,frozen,train_std,7,3,4,severe,proliferative,15.990781779487218,탐색적/exploratory
aptos2019,frozen,raw,7,0,1,no_dr,mild,0.9218325705694183,탐색적/exploratory
aptos2019,frozen,raw,7,0,2,no_dr,moderate,1.0160586519025459,탐색적/exploratory
aptos2019,frozen,raw,7,0,3,no_dr,severe,0.8984545084432635,탐색적/exploratory
aptos2019,frozen,raw,7,0,4,no_dr,proliferative,0.8690557808254642,탐색적/exploratory
aptos2019,frozen,raw,7,1,2,mild,moderate,6.120072690496869,탐색적/exploratory
aptos2019,frozen,raw,7,1,3,mild,severe,2.9837684885277063,탐색적/exploratory
aptos2019,frozen,raw,7,1,4,mild,proliferative,4.73267829135004,탐색적/exploratory
aptos2019,frozen,raw,7,2,3,moderate,severe,12.638113952765389,탐색적/exploratory
aptos2019,frozen,raw,7,2,4,moderate,proliferative,18.2114389023024,탐색적/exploratory
aptos2019,frozen,raw,7,3,4,severe,proliferative,17.59303631182601,탐색적/exploratory
aptos2019,frozen,train_std,8,0,1,no_dr,mild,1.4437139284754268,탐색적/exploratory
aptos2019,frozen,train_std,8,0,2,no_dr,moderate,1.5639557387441207,탐색적/exploratory
aptos2019,frozen,train_std,8,0,3,no_dr,severe,1.0205015392003467,탐색적/exploratory
aptos2019,frozen,train_std,8,0,4,no_dr,proliferative,1.430985476665289,탐색적/exploratory
aptos2019,frozen,train_std,8,1,2,mild,moderate,6.598936684501619,탐색적/exploratory
aptos2019,frozen,train_std,8,1,3,mild,severe,2.6049185504775787,탐색적/exploratory
aptos2019,frozen,train_std,8,1,4,mild,proliferative,4.121015144550117,탐색적/exploratory
aptos2019,frozen,train_std,8,2,3,moderate,severe,6.973140012941859,탐색적/exploratory
aptos2019,frozen,train_std,8,2,4,moderate,proliferative,11.891840096698068,탐색적/exploratory
aptos2019,frozen,train_std,8,3,4,severe,proliferative,11.770947140483614,탐색적/exploratory
aptos2019,frozen,raw,8,0,1,no_dr,mild,1.1237544368014958,탐색적/exploratory
aptos2019,frozen,raw,8,0,2,no_dr,moderate,1.250030124145673,탐색적/exploratory
aptos2019,frozen,raw,8,0,3,no_dr,severe,0.7787990241511212,탐색적/exploratory
aptos2019,frozen,raw,8,0,4,no_dr,proliferative,1.1241393156823016,탐색적/exploratory
aptos2019,frozen,raw,8,1,2,mild,moderate,6.6496294523571855,탐색적/exploratory
aptos2019,frozen,raw,8,1,3,mild,severe,2.4581346540368227,탐색적/exploratory
aptos2019,frozen,raw,8,1,4,mild,proliferative,4.060657609678786,탐색적/exploratory
aptos2019,frozen,raw,8,2,3,moderate,severe,6.261554185392427,탐색적/exploratory
aptos2019,frozen,raw,8,2,4,moderate,proliferative,12.124624105483857,탐색적/exploratory
aptos2019,frozen,raw,8,3,4,severe,proliferative,11.559807880912848,탐색적/exploratory
aptos2019,frozen,train_std,9,0,1,no_dr,mild,1.1978567679376109,탐색적/exploratory
aptos2019,frozen,train_std,9,0,2,no_dr,moderate,1.40649018731027,탐색적/exploratory
aptos2019,frozen,train_std,9,0,3,no_dr,severe,1.1724446026022235,탐색적/exploratory
aptos2019,frozen,train_std,9,0,4,no_dr,proliferative,1.3175934664846223,탐색적/exploratory
aptos2019,frozen,train_std,9,1,2,mild,moderate,3.911567898196523,탐색적/exploratory
aptos2019,frozen,train_std,9,1,3,mild,severe,2.8826193155713224,탐색적/exploratory
aptos2019,frozen,train_std,9,1,4,mild,proliferative,4.519506757002413,탐색적/exploratory
aptos2019,frozen,train_std,9,2,3,moderate,severe,12.103332728443485,탐색적/exploratory
aptos2019,frozen,train_std,9,2,4,moderate,proliferative,11.652653864734395,탐색적/exploratory
aptos2019,frozen,train_std,9,3,4,severe,proliferative,13.417333407996319,탐색적/exploratory
aptos2019,frozen,raw,9,0,1,no_dr,mild,0.9322571577256928,탐색적/exploratory
aptos2019,frozen,raw,9,0,2,no_dr,moderate,1.1075847514467674,탐색적/exploratory
aptos2019,frozen,raw,9,0,3,no_dr,severe,0.9415580833164474,탐색적/exploratory
aptos2019,frozen,raw,9,0,4,no_dr,proliferative,1.0198821287453699,탐색적/exploratory
aptos2019,frozen,raw,9,1,2,mild,moderate,3.7234250565142846,탐색적/exploratory
aptos2019,frozen,raw,9,1,3,mild,severe,2.91484359828538,탐색적/exploratory
aptos2019,frozen,raw,9,1,4,mild,proliferative,4.3747719736785085,탐색적/exploratory
aptos2019,frozen,raw,9,2,3,moderate,severe,13.366044203699774,탐색적/exploratory
aptos2019,frozen,raw,9,2,4,moderate,proliferative,11.629141770165775,탐색적/exploratory
aptos2019,frozen,raw,9,3,4,severe,proliferative,15.708534583783305,탐색적/exploratory
aptos2019,frozen,train_std,10,0,1,no_dr,mild,1.2133516385584122,탐색적/exploratory
aptos2019,frozen,train_std,10,0,2,no_dr,moderate,1.427132021636325,탐색적/exploratory
aptos2019,frozen,train_std,10,0,3,no_dr,severe,1.0640582434058525,탐색적/exploratory
aptos2019,frozen,train_std,10,0,4,no_dr,proliferative,1.2259982664108184,탐색적/exploratory
aptos2019,frozen,train_std,10,1,2,mild,moderate,5.6693058456919525,탐색적/exploratory
aptos2019,frozen,train_std,10,1,3,mild,severe,2.651631946088551,탐색적/exploratory
aptos2019,frozen,train_std,10,1,4,mild,proliferative,5.16182808863421,탐색적/exploratory
aptos2019,frozen,train_std,10,2,3,moderate,severe,9.983748460200879,탐색적/exploratory
aptos2019,frozen,train_std,10,2,4,moderate,proliferative,15.392082516117936,탐색적/exploratory
aptos2019,frozen,train_std,10,3,4,severe,proliferative,12.14863500890717,탐색적/exploratory
aptos2019,frozen,raw,10,0,1,no_dr,mild,0.9533755593166156,탐색적/exploratory
aptos2019,frozen,raw,10,0,2,no_dr,moderate,1.1378604713453857,탐색적/exploratory
aptos2019,frozen,raw,10,0,3,no_dr,severe,0.8362280395116458,탐색적/exploratory
aptos2019,frozen,raw,10,0,4,no_dr,proliferative,0.9578131868152141,탐색적/exploratory
aptos2019,frozen,raw,10,1,2,mild,moderate,5.600220149686311,탐색적/exploratory
aptos2019,frozen,raw,10,1,3,mild,severe,2.5771537236587942,탐색적/exploratory
aptos2019,frozen,raw,10,1,4,mild,proliferative,5.145042109360013,탐색적/exploratory
aptos2019,frozen,raw,10,2,3,moderate,severe,9.363638000848262,탐색적/exploratory
aptos2019,frozen,raw,10,2,4,moderate,proliferative,15.522179095205674,탐색적/exploratory
aptos2019,frozen,raw,10,3,4,severe,proliferative,12.528178695430407,탐색적/exploratory
aptos2019,frozen,train_std,11,0,1,no_dr,mild,1.459947466158843,탐색적/exploratory
aptos2019,frozen,train_std,11,0,2,no_dr,moderate,1.3348474006963438,탐색적/exploratory
aptos2019,frozen,train_std,11,0,3,no_dr,severe,0.9791914566689959,탐색적/exploratory
aptos2019,frozen,train_std,11,0,4,no_dr,proliferative,1.3100933021851184,탐색적/exploratory
aptos2019,frozen,train_std,11,1,2,mild,moderate,7.566991354926016,탐색적/exploratory
aptos2019,frozen,train_std,11,1,3,mild,severe,2.827299897867879,탐색적/exploratory
aptos2019,frozen,train_std,11,1,4,mild,proliferative,5.145570566599304,탐색적/exploratory
aptos2019,frozen,train_std,11,2,3,moderate,severe,7.948906613670423,탐색적/exploratory
aptos2019,frozen,train_std,11,2,4,moderate,proliferative,13.470568720845524,탐색적/exploratory
aptos2019,frozen,train_std,11,3,4,severe,proliferative,10.351397605719475,탐색적/exploratory
aptos2019,frozen,raw,11,0,1,no_dr,mild,1.1590463524803305,탐색적/exploratory
aptos2019,frozen,raw,11,0,2,no_dr,moderate,1.0415183597042978,탐색적/exploratory
aptos2019,frozen,raw,11,0,3,no_dr,severe,0.763727532542748,탐색적/exploratory
aptos2019,frozen,raw,11,0,4,no_dr,proliferative,1.0364009722474665,탐색적/exploratory
aptos2019,frozen,raw,11,1,2,mild,moderate,7.517874140322053,탐색적/exploratory
aptos2019,frozen,raw,11,1,3,mild,severe,2.741793853478999,탐색적/exploratory
aptos2019,frozen,raw,11,1,4,mild,proliferative,5.067134835414273,탐색적/exploratory
aptos2019,frozen,raw,11,2,3,moderate,severe,7.646433782215028,탐색적/exploratory
aptos2019,frozen,raw,11,2,4,moderate,proliferative,14.12896328963143,탐색적/exploratory
aptos2019,frozen,raw,11,3,4,severe,proliferative,11.128287732826939,탐색적/exploratory
aptos2019,frozen,train_std,12,0,1,no_dr,mild,1.2520983759104105,탐색적/exploratory
aptos2019,frozen,train_std,12,0,2,no_dr,moderate,1.4803854980761748,탐색적/exploratory
aptos2019,frozen,train_std,12,0,3,no_dr,severe,1.0887078136490744,탐색적/exploratory
aptos2019,frozen,train_std,12,0,4,no_dr,proliferative,1.1797918821714486,탐색적/exploratory
aptos2019,frozen,train_std,12,1,2,mild,moderate,4.948095620970805,탐색적/exploratory
aptos2019,frozen,train_std,12,1,3,mild,severe,2.342867424445239,탐색적/exploratory
aptos2019,frozen,train_std,12,1,4,mild,proliferative,2.6249364093057714,탐색적/exploratory
aptos2019,frozen,train_std,12,2,3,moderate,severe,11.307985155967845,탐색적/exploratory
aptos2019,frozen,train_std,12,2,4,moderate,proliferative,11.151014082548551,탐색적/exploratory
aptos2019,frozen,train_std,12,3,4,severe,proliferative,13.335885484472193,탐색적/exploratory
aptos2019,frozen,raw,12,0,1,no_dr,mild,0.9958333283892865,탐색적/exploratory
aptos2019,frozen,raw,12,0,2,no_dr,moderate,1.1684559791909719,탐색적/exploratory
aptos2019,frozen,raw,12,0,3,no_dr,severe,0.8687842950842622,탐색적/exploratory
aptos2019,frozen,raw,12,0,4,no_dr,proliferative,0.9018752617355915,탐색적/exploratory
aptos2019,frozen,raw,12,1,2,mild,moderate,4.843332134978093,탐색적/exploratory
aptos2019,frozen,raw,12,1,3,mild,severe,2.3386299705870637,탐색적/exploratory
aptos2019,frozen,raw,12,1,4,mild,proliferative,2.3895134557380775,탐색적/exploratory
aptos2019,frozen,raw,12,2,3,moderate,severe,12.283056389186203,탐색적/exploratory
aptos2019,frozen,raw,12,2,4,moderate,proliferative,9.583118052730207,탐색적/exploratory
aptos2019,frozen,raw,12,3,4,severe,proliferative,13.504338983134302,탐색적/exploratory
aptos2019,frozen,train_std,13,0,1,no_dr,mild,1.308205950404681,탐색적/exploratory
aptos2019,frozen,train_std,13,0,2,no_dr,moderate,1.469813317438353,탐색적/exploratory
aptos2019,frozen,train_std,13,0,3,no_dr,severe,1.0391083429141044,탐색적/exploratory
aptos2019,frozen,train_std,13,0,4,no_dr,proliferative,1.209531573312694,탐색적/exploratory
aptos2019,frozen,train_std,13,1,2,mild,moderate,5.623781785163898,탐색적/exploratory
aptos2019,frozen,train_std,13,1,3,mild,severe,3.5066212049641554,탐색적/exploratory
aptos2019,frozen,train_std,13,1,4,mild,proliferative,3.683095421749902,탐색적/exploratory
aptos2019,frozen,train_std,13,2,3,moderate,severe,10.279413314757237,탐색적/exploratory
aptos2019,frozen,train_std,13,2,4,moderate,proliferative,11.381638152538768,탐색적/exploratory
aptos2019,frozen,train_std,13,3,4,severe,proliferative,14.951260690605618,탐색적/exploratory
aptos2019,frozen,raw,13,0,1,no_dr,mild,1.0164903512949524,탐색적/exploratory
aptos2019,frozen,raw,13,0,2,no_dr,moderate,1.1647707461004018,탐색적/exploratory
aptos2019,frozen,raw,13,0,3,no_dr,severe,0.8153299268799183,탐색적/exploratory
aptos2019,frozen,raw,13,0,4,no_dr,proliferative,0.9335203150826806,탐색적/exploratory
aptos2019,frozen,raw,13,1,2,mild,moderate,5.646881505354147,탐색적/exploratory
aptos2019,frozen,raw,13,1,3,mild,severe,3.4798780415961494,탐색적/exploratory
aptos2019,frozen,raw,13,1,4,mild,proliferative,3.471226526982106,탐색적/exploratory
aptos2019,frozen,raw,13,2,3,moderate,severe,10.519030852251785,탐색적/exploratory
aptos2019,frozen,raw,13,2,4,moderate,proliferative,10.844519701864453,탐색적/exploratory
aptos2019,frozen,raw,13,3,4,severe,proliferative,16.692162915083095,탐색적/exploratory
aptos2019,frozen,train_std,14,0,1,no_dr,mild,1.282622789048374,탐색적/exploratory
aptos2019,frozen,train_std,14,0,2,no_dr,moderate,1.491218354946966,탐색적/exploratory
aptos2019,frozen,train_std,14,0,3,no_dr,severe,0.9045639405453464,탐색적/exploratory
aptos2019,frozen,train_std,14,0,4,no_dr,proliferative,1.199902059036242,탐색적/exploratory
aptos2019,frozen,train_std,14,1,2,mild,moderate,5.522704482388996,탐색적/exploratory
aptos2019,frozen,train_std,14,1,3,mild,severe,2.3530553119243858,탐색적/exploratory
aptos2019,frozen,train_std,14,1,4,mild,proliferative,4.439229695087703,탐색적/exploratory
aptos2019,frozen,train_std,14,2,3,moderate,severe,6.945511479208329,탐색적/exploratory
aptos2019,frozen,train_std,14,2,4,moderate,proliferative,14.394505874353007,탐색적/exploratory
aptos2019,frozen,train_std,14,3,4,severe,proliferative,7.069455939175407,탐색적/exploratory
aptos2019,frozen,raw,14,0,1,no_dr,mild,0.9968024860733351,탐색적/exploratory
aptos2019,frozen,raw,14,0,2,no_dr,moderate,1.1844064835618866,탐색적/exploratory
aptos2019,frozen,raw,14,0,3,no_dr,severe,0.7072081455209468,탐색적/exploratory
aptos2019,frozen,raw,14,0,4,no_dr,proliferative,0.9568329676651662,탐색적/exploratory
aptos2019,frozen,raw,14,1,2,mild,moderate,5.458896201410534,탐색적/exploratory
aptos2019,frozen,raw,14,1,3,mild,severe,2.30239796063681,탐색적/exploratory
aptos2019,frozen,raw,14,1,4,mild,proliferative,4.537701302026728,탐색적/exploratory
aptos2019,frozen,raw,14,2,3,moderate,severe,6.3750725132190285,탐색적/exploratory
aptos2019,frozen,raw,14,2,4,moderate,proliferative,15.40940548708431,탐색적/exploratory
aptos2019,frozen,raw,14,3,4,severe,proliferative,7.111583049617758,탐색적/exploratory
aptos2019,cp,train_std,0,0,1,no_dr,mild,8.992564483139002,탐색적/exploratory
aptos2019,cp,train_std,0,0,2,no_dr,moderate,11.072494132538962,탐색적/exploratory
aptos2019,cp,train_std,0,0,3,no_dr,severe,6.70514089782049,탐색적/exploratory
aptos2019,cp,train_std,0,0,4,no_dr,proliferative,7.215867107731633,탐색적/exploratory
aptos2019,cp,train_std,0,1,2,mild,moderate,12.355312867818595,탐색적/exploratory
aptos2019,cp,train_std,0,1,3,mild,severe,5.900238416841045,탐색적/exploratory
aptos2019,cp,train_std,0,1,4,mild,proliferative,7.922933199229201,탐색적/exploratory
aptos2019,cp,train_std,0,2,3,moderate,severe,15.593264820721716,탐색적/exploratory
aptos2019,cp,train_std,0,2,4,moderate,proliferative,16.082163250295544,탐색적/exploratory
aptos2019,cp,train_std,0,3,4,severe,proliferative,12.399553107166334,탐색적/exploratory
aptos2019,cp,raw,0,0,1,no_dr,mild,9.451428397728229,탐색적/exploratory
aptos2019,cp,raw,0,0,2,no_dr,moderate,10.870847312711449,탐색적/exploratory
aptos2019,cp,raw,0,0,3,no_dr,severe,7.164642030455722,탐색적/exploratory
aptos2019,cp,raw,0,0,4,no_dr,proliferative,7.369037817093569,탐색적/exploratory
aptos2019,cp,raw,0,1,2,mild,moderate,15.639168255607816,탐색적/exploratory
aptos2019,cp,raw,0,1,3,mild,severe,7.487270122050329,탐색적/exploratory
aptos2019,cp,raw,0,1,4,mild,proliferative,9.627204544043583,탐색적/exploratory
aptos2019,cp,raw,0,2,3,moderate,severe,17.889653277428295,탐색적/exploratory
aptos2019,cp,raw,0,2,4,moderate,proliferative,17.749298044513733,탐색적/exploratory
aptos2019,cp,raw,0,3,4,severe,proliferative,12.70873773261353,탐색적/exploratory
aptos2019,cp,train_std,1,0,1,no_dr,mild,8.050848186458907,탐색적/exploratory
aptos2019,cp,train_std,1,0,2,no_dr,moderate,10.866382393355314,탐색적/exploratory
aptos2019,cp,train_std,1,0,3,no_dr,severe,6.036350956252501,탐색적/exploratory
aptos2019,cp,train_std,1,0,4,no_dr,proliferative,7.010484638978696,탐색적/exploratory
aptos2019,cp,train_std,1,1,2,mild,moderate,16.70893242952404,탐색적/exploratory
aptos2019,cp,train_std,1,1,3,mild,severe,6.259477901055823,탐색적/exploratory
aptos2019,cp,train_std,1,1,4,mild,proliferative,8.288965559049036,탐색적/exploratory
aptos2019,cp,train_std,1,2,3,moderate,severe,12.713027733256087,탐색적/exploratory
aptos2019,cp,train_std,1,2,4,moderate,proliferative,14.461656241574143,탐색적/exploratory
aptos2019,cp,train_std,1,3,4,severe,proliferative,14.578978560560909,탐색적/exploratory
aptos2019,cp,raw,1,0,1,no_dr,mild,8.80650130340811,탐색적/exploratory
aptos2019,cp,raw,1,0,2,no_dr,moderate,10.336537478212689,탐색적/exploratory
aptos2019,cp,raw,1,0,3,no_dr,severe,6.781032768730538,탐색적/exploratory
aptos2019,cp,raw,1,0,4,no_dr,proliferative,6.928853354042996,탐색적/exploratory
aptos2019,cp,raw,1,1,2,mild,moderate,19.529342944408075,탐색적/exploratory
aptos2019,cp,raw,1,1,3,mild,severe,8.169457225464459,탐색적/exploratory
aptos2019,cp,raw,1,1,4,mild,proliferative,9.335524856482678,탐색적/exploratory
aptos2019,cp,raw,1,2,3,moderate,severe,15.621266345519267,탐색적/exploratory
aptos2019,cp,raw,1,2,4,moderate,proliferative,15.68959359363626,탐색적/exploratory
aptos2019,cp,raw,1,3,4,severe,proliferative,15.974646204794894,탐색적/exploratory
aptos2019,cp,train_std,2,0,1,no_dr,mild,9.573641478830456,탐색적/exploratory
aptos2019,cp,train_std,2,0,2,no_dr,moderate,11.26067848826008,탐색적/exploratory
aptos2019,cp,train_std,2,0,3,no_dr,severe,6.022957187231016,탐색적/exploratory
aptos2019,cp,train_std,2,0,4,no_dr,proliferative,7.294740159450556,탐색적/exploratory
aptos2019,cp,train_std,2,1,2,mild,moderate,15.11716797950263,탐색적/exploratory
aptos2019,cp,train_std,2,1,3,mild,severe,5.990853787962852,탐색적/exploratory
aptos2019,cp,train_std,2,1,4,mild,proliferative,9.350294854851606,탐색적/exploratory
aptos2019,cp,train_std,2,2,3,moderate,severe,13.30746517831752,탐색적/exploratory
aptos2019,cp,train_std,2,2,4,moderate,proliferative,15.902796446802766,탐색적/exploratory
aptos2019,cp,train_std,2,3,4,severe,proliferative,10.517106167145638,탐색적/exploratory
aptos2019,cp,raw,2,0,1,no_dr,mild,10.866522492859236,탐색적/exploratory
aptos2019,cp,raw,2,0,2,no_dr,moderate,10.597776823139988,탐색적/exploratory
aptos2019,cp,raw,2,0,3,no_dr,severe,6.206066211518581,탐색적/exploratory
aptos2019,cp,raw,2,0,4,no_dr,proliferative,7.076120404088184,탐색적/exploratory
aptos2019,cp,raw,2,1,2,mild,moderate,18.649003626836556,탐색적/exploratory
aptos2019,cp,raw,2,1,3,mild,severe,8.01951631628092,탐색적/exploratory
aptos2019,cp,raw,2,1,4,mild,proliferative,11.721995046471145,탐색적/exploratory
aptos2019,cp,raw,2,2,3,moderate,severe,15.555319977146175,탐색적/exploratory
aptos2019,cp,raw,2,2,4,moderate,proliferative,16.558053568154904,탐색적/exploratory
aptos2019,cp,raw,2,3,4,severe,proliferative,11.123733179083096,탐색적/exploratory
aptos2019,cp,train_std,3,0,1,no_dr,mild,8.983958418131975,탐색적/exploratory
aptos2019,cp,train_std,3,0,2,no_dr,moderate,11.312026579733853,탐색적/exploratory
aptos2019,cp,train_std,3,0,3,no_dr,severe,6.598620213025111,탐색적/exploratory
aptos2019,cp,train_std,3,0,4,no_dr,proliferative,7.620919109985537,탐색적/exploratory
aptos2019,cp,train_std,3,1,2,mild,moderate,17.05590929935528,탐색적/exploratory
aptos2019,cp,train_std,3,1,3,mild,severe,7.012284740127652,탐색적/exploratory
aptos2019,cp,train_std,3,1,4,mild,proliferative,9.812931426112147,탐색적/exploratory
aptos2019,cp,train_std,3,2,3,moderate,severe,16.48871506909024,탐색적/exploratory
aptos2019,cp,train_std,3,2,4,moderate,proliferative,20.77318711724847,탐색적/exploratory
aptos2019,cp,train_std,3,3,4,severe,proliferative,14.47422305814752,탐색적/exploratory
aptos2019,cp,raw,3,0,1,no_dr,mild,9.675056351125326,탐색적/exploratory
aptos2019,cp,raw,3,0,2,no_dr,moderate,11.450365430804398,탐색적/exploratory
aptos2019,cp,raw,3,0,3,no_dr,severe,7.683325563500142,탐색적/exploratory
aptos2019,cp,raw,3,0,4,no_dr,proliferative,7.8549030523750645,탐색적/exploratory
aptos2019,cp,raw,3,1,2,mild,moderate,21.032638465324638,탐색적/exploratory
aptos2019,cp,raw,3,1,3,mild,severe,9.416367667159083,탐색적/exploratory
aptos2019,cp,raw,3,1,4,mild,proliferative,11.800850100830019,탐색적/exploratory
aptos2019,cp,raw,3,2,3,moderate,severe,19.760422143385465,탐색적/exploratory
aptos2019,cp,raw,3,2,4,moderate,proliferative,21.80069486204784,탐색적/exploratory
aptos2019,cp,raw,3,3,4,severe,proliferative,15.211739258121709,탐색적/exploratory
aptos2019,cp,train_std,4,0,1,no_dr,mild,10.932288920186377,탐색적/exploratory
aptos2019,cp,train_std,4,0,2,no_dr,moderate,11.913991841227347,탐색적/exploratory
aptos2019,cp,train_std,4,0,3,no_dr,severe,7.322420347943008,탐색적/exploratory
aptos2019,cp,train_std,4,0,4,no_dr,proliferative,7.231541987668146,탐색적/exploratory
aptos2019,cp,train_std,4,1,2,mild,moderate,24.107002460214094,탐색적/exploratory
aptos2019,cp,train_std,4,1,3,mild,severe,8.767084504138934,탐색적/exploratory
aptos2019,cp,train_std,4,1,4,mild,proliferative,9.58240604751238,탐색적/exploratory
aptos2019,cp,train_std,4,2,3,moderate,severe,15.58665792679561,탐색적/exploratory
aptos2019,cp,train_std,4,2,4,moderate,proliferative,15.908440146032197,탐색적/exploratory
aptos2019,cp,train_std,4,3,4,severe,proliferative,16.214890233839764,탐색적/exploratory
aptos2019,cp,raw,4,0,1,no_dr,mild,11.649015327412686,탐색적/exploratory
aptos2019,cp,raw,4,0,2,no_dr,moderate,11.997054084730866,탐색적/exploratory
aptos2019,cp,raw,4,0,3,no_dr,severe,7.438537202101217,탐색적/exploratory
aptos2019,cp,raw,4,0,4,no_dr,proliferative,7.60023603262487,탐색적/exploratory
aptos2019,cp,raw,4,1,2,mild,moderate,26.990543370840133,탐색적/exploratory
aptos2019,cp,raw,4,1,3,mild,severe,10.751984319130518,탐색적/exploratory
aptos2019,cp,raw,4,1,4,mild,proliferative,11.488469570817548,탐색적/exploratory
aptos2019,cp,raw,4,2,3,moderate,severe,17.614605253965312,탐색적/exploratory
aptos2019,cp,raw,4,2,4,moderate,proliferative,17.433827752300637,탐색적/exploratory
aptos2019,cp,raw,4,3,4,severe,proliferative,16.635285256469906,탐색적/exploratory
aptos2019,lora_s1ce,train_std,0,0,1,no_dr,mild,0.6023276617522378,탐색적/exploratory
aptos2019,lora_s1ce,train_std,0,0,2,no_dr,moderate,0.35961829683278074,탐색적/exploratory
aptos2019,lora_s1ce,train_std,0,0,3,no_dr,severe,0.25682751440991675,탐색적/exploratory
aptos2019,lora_s1ce,train_std,0,0,4,no_dr,proliferative,0.3202204554564958,탐색적/exploratory
aptos2019,lora_s1ce,train_std,0,1,2,mild,moderate,1.9788629936075137,탐색적/exploratory
aptos2019,lora_s1ce,train_std,0,1,3,mild,severe,0.8542891421166368,탐색적/exploratory
aptos2019,lora_s1ce,train_std,0,1,4,mild,proliferative,1.1416727541637464,탐색적/exploratory
aptos2019,lora_s1ce,train_std,0,2,3,moderate,severe,4.505056688401353,탐색적/exploratory
aptos2019,lora_s1ce,train_std,0,2,4,moderate,proliferative,4.262888478327801,탐색적/exploratory
aptos2019,lora_s1ce,train_std,0,3,4,severe,proliferative,7.028678389456024,탐색적/exploratory
aptos2019,lora_s1ce,raw,0,0,1,no_dr,mild,0.27606871885797307,탐색적/exploratory
aptos2019,lora_s1ce,raw,0,0,2,no_dr,moderate,0.14557189054253172,탐색적/exploratory
aptos2019,lora_s1ce,raw,0,0,3,no_dr,severe,0.10452035672257243,탐색적/exploratory
aptos2019,lora_s1ce,raw,0,0,4,no_dr,proliferative,0.13008798424203702,탐색적/exploratory
aptos2019,lora_s1ce,raw,0,1,2,mild,moderate,1.3853665874127215,탐색적/exploratory
aptos2019,lora_s1ce,raw,0,1,3,mild,severe,0.5905352434087502,탐색적/exploratory
aptos2019,lora_s1ce,raw,0,1,4,mild,proliferative,0.7818472550906471,탐색적/exploratory
aptos2019,lora_s1ce,raw,0,2,3,moderate,severe,3.490573358612574,탐색적/exploratory
aptos2019,lora_s1ce,raw,0,2,4,moderate,proliferative,3.6653868100125044,탐색적/exploratory
aptos2019,lora_s1ce,raw,0,3,4,severe,proliferative,6.75078411250548,탐색적/exploratory
aptos2019,lora_s1ce,train_std,1,0,1,no_dr,mild,0.6513452076427227,탐색적/exploratory
aptos2019,lora_s1ce,train_std,1,0,2,no_dr,moderate,0.525697447951386,탐색적/exploratory
aptos2019,lora_s1ce,train_std,1,0,3,no_dr,severe,0.4412569332834479,탐색적/exploratory
aptos2019,lora_s1ce,train_std,1,0,4,no_dr,proliferative,0.5402140219593923,탐색적/exploratory
aptos2019,lora_s1ce,train_std,1,1,2,mild,moderate,3.699819924067526,탐색적/exploratory
aptos2019,lora_s1ce,train_std,1,1,3,mild,severe,1.3309092451686961,탐색적/exploratory
aptos2019,lora_s1ce,train_std,1,1,4,mild,proliferative,1.528161541657134,탐색적/exploratory
aptos2019,lora_s1ce,train_std,1,2,3,moderate,severe,3.82721514776826,탐색적/exploratory
aptos2019,lora_s1ce,train_std,1,2,4,moderate,proliferative,2.990392840254939,탐색적/exploratory
aptos2019,lora_s1ce,train_std,1,3,4,severe,proliferative,8.389620819296397,탐색적/exploratory
aptos2019,lora_s1ce,raw,1,0,1,no_dr,mild,0.3237879670964556,탐색적/exploratory
aptos2019,lora_s1ce,raw,1,0,2,no_dr,moderate,0.24206227330840355,탐색적/exploratory
aptos2019,lora_s1ce,raw,1,0,3,no_dr,severe,0.2214443697579775,탐색적/exploratory
aptos2019,lora_s1ce,raw,1,0,4,no_dr,proliferative,0.27381715905757176,탐색적/exploratory
aptos2019,lora_s1ce,raw,1,1,2,mild,moderate,3.017335538507334,탐색적/exploratory
aptos2019,lora_s1ce,raw,1,1,3,mild,severe,1.1468660071278467,탐색적/exploratory
aptos2019,lora_s1ce,raw,1,1,4,mild,proliferative,1.3086849943230594,탐색적/exploratory
aptos2019,lora_s1ce,raw,1,2,3,moderate,severe,3.458044777978665,탐색적/exploratory
aptos2019,lora_s1ce,raw,1,2,4,moderate,proliferative,2.63956632483707,탐색적/exploratory
aptos2019,lora_s1ce,raw,1,3,4,severe,proliferative,8.159986017773399,탐색적/exploratory
aptos2019,lora_s1ce,train_std,2,0,1,no_dr,mild,0.6390913958962857,탐색적/exploratory
aptos2019,lora_s1ce,train_std,2,0,2,no_dr,moderate,0.4851206778343065,탐색적/exploratory
aptos2019,lora_s1ce,train_std,2,0,3,no_dr,severe,0.3683408283419968,탐색적/exploratory
aptos2019,lora_s1ce,train_std,2,0,4,no_dr,proliferative,0.46783278444749893,탐색적/exploratory
aptos2019,lora_s1ce,train_std,2,1,2,mild,moderate,2.961736631359962,탐색적/exploratory
aptos2019,lora_s1ce,train_std,2,1,3,mild,severe,1.0227893707384488,탐색적/exploratory
aptos2019,lora_s1ce,train_std,2,1,4,mild,proliferative,1.4009360347367767,탐색적/exploratory
aptos2019,lora_s1ce,train_std,2,2,3,moderate,severe,3.6843126115523344,탐색적/exploratory
aptos2019,lora_s1ce,train_std,2,2,4,moderate,proliferative,3.283472962942817,탐색적/exploratory
aptos2019,lora_s1ce,train_std,2,3,4,severe,proliferative,4.51623155294206,탐색적/exploratory
aptos2019,lora_s1ce,raw,2,0,1,no_dr,mild,0.2969233609824941,탐색적/exploratory
aptos2019,lora_s1ce,raw,2,0,2,no_dr,moderate,0.20912450167213967,탐색적/exploratory
aptos2019,lora_s1ce,raw,2,0,3,no_dr,severe,0.17140524384616249,탐색적/exploratory
aptos2019,lora_s1ce,raw,2,0,4,no_dr,proliferative,0.21286133822577935,탐색적/exploratory
aptos2019,lora_s1ce,raw,2,1,2,mild,moderate,2.360858988464743,탐색적/exploratory
aptos2019,lora_s1ce,raw,2,1,3,mild,severe,0.8423550263320485,탐색적/exploratory
aptos2019,lora_s1ce,raw,2,1,4,mild,proliferative,1.137777159022939,탐색적/exploratory
aptos2019,lora_s1ce,raw,2,2,3,moderate,severe,3.177433275577014,탐색적/exploratory
aptos2019,lora_s1ce,raw,2,2,4,moderate,proliferative,2.8788228048071143,탐색적/exploratory
aptos2019,lora_s1ce,raw,2,3,4,severe,proliferative,4.309508188467869,탐색적/exploratory
aptos2019,lora_s1ce,train_std,3,0,1,no_dr,mild,0.5513024911179776,탐색적/exploratory
aptos2019,lora_s1ce,train_std,3,0,2,no_dr,moderate,0.4438810789418222,탐색적/exploratory
aptos2019,lora_s1ce,train_std,3,0,3,no_dr,severe,0.3542214668594439,탐색적/exploratory
aptos2019,lora_s1ce,train_std,3,0,4,no_dr,proliferative,0.4358115449154321,탐색적/exploratory
aptos2019,lora_s1ce,train_std,3,1,2,mild,moderate,3.038993666157707,탐색적/exploratory
aptos2019,lora_s1ce,train_std,3,1,3,mild,severe,1.2112967785109268,탐색적/exploratory
aptos2019,lora_s1ce,train_std,3,1,4,mild,proliferative,1.3212858140912167,탐색적/exploratory
aptos2019,lora_s1ce,train_std,3,2,3,moderate,severe,5.110225202106101,탐색적/exploratory
aptos2019,lora_s1ce,train_std,3,2,4,moderate,proliferative,3.3180540240541534,탐색적/exploratory
aptos2019,lora_s1ce,train_std,3,3,4,severe,proliferative,5.746431590149738,탐색적/exploratory
aptos2019,lora_s1ce,raw,3,0,1,no_dr,mild,0.2819737496540823,탐색적/exploratory
aptos2019,lora_s1ce,raw,3,0,2,no_dr,moderate,0.2074210743878501,탐색적/exploratory
aptos2019,lora_s1ce,raw,3,0,3,no_dr,severe,0.17261045853700904,탐색적/exploratory
aptos2019,lora_s1ce,raw,3,0,4,no_dr,proliferative,0.219033701189613,탐색적/exploratory
aptos2019,lora_s1ce,raw,3,1,2,mild,moderate,2.349674069095017,탐색적/exploratory
aptos2019,lora_s1ce,raw,3,1,3,mild,severe,0.9405834867400416,탐색적/exploratory
aptos2019,lora_s1ce,raw,3,1,4,mild,proliferative,1.0717569169930972,탐색적/exploratory
aptos2019,lora_s1ce,raw,3,2,3,moderate,severe,4.266343373536501,탐색적/exploratory
aptos2019,lora_s1ce,raw,3,2,4,moderate,proliferative,2.880713016021612,탐색적/exploratory
aptos2019,lora_s1ce,raw,3,3,4,severe,proliferative,5.2955708440047236,탐색적/exploratory
aptos2019,lora_s1ce,train_std,4,0,1,no_dr,mild,0.6450282452707559,탐색적/exploratory
aptos2019,lora_s1ce,train_std,4,0,2,no_dr,moderate,0.45383484763165527,탐색적/exploratory
aptos2019,lora_s1ce,train_std,4,0,3,no_dr,severe,0.395664833409189,탐색적/exploratory
aptos2019,lora_s1ce,train_std,4,0,4,no_dr,proliferative,0.41137108944620926,탐색적/exploratory
aptos2019,lora_s1ce,train_std,4,1,2,mild,moderate,4.566128884246758,탐색적/exploratory
aptos2019,lora_s1ce,train_std,4,1,3,mild,severe,1.457446529247004,탐색적/exploratory
aptos2019,lora_s1ce,train_std,4,1,4,mild,proliferative,1.5259784191195804,탐색적/exploratory
aptos2019,lora_s1ce,train_std,4,2,3,moderate,severe,3.453899482657053,탐색적/exploratory
aptos2019,lora_s1ce,train_std,4,2,4,moderate,proliferative,3.06426055572352,탐색적/exploratory
aptos2019,lora_s1ce,train_std,4,3,4,severe,proliferative,12.57039166823068,탐색적/exploratory
aptos2019,lora_s1ce,raw,4,0,1,no_dr,mild,0.3258947156642733,탐색적/exploratory
aptos2019,lora_s1ce,raw,4,0,2,no_dr,moderate,0.20884675646126996,탐색적/exploratory
aptos2019,lora_s1ce,raw,4,0,3,no_dr,severe,0.1866480191195732,탐색적/exploratory
aptos2019,lora_s1ce,raw,4,0,4,no_dr,proliferative,0.1943232102082765,탐색적/exploratory
aptos2019,lora_s1ce,raw,4,1,2,mild,moderate,3.300220569257251,탐색적/exploratory
aptos2019,lora_s1ce,raw,4,1,3,mild,severe,1.1132452541737252,탐색적/exploratory
aptos2019,lora_s1ce,raw,4,1,4,mild,proliferative,1.1619891827547555,탐색적/exploratory
aptos2019,lora_s1ce,raw,4,2,3,moderate,severe,2.9338597480632482,탐색적/exploratory
aptos2019,lora_s1ce,raw,4,2,4,moderate,proliferative,2.6462128367881474,탐색적/exploratory
aptos2019,lora_s1ce,raw,4,3,4,severe,proliferative,13.15137874937126,탐색적/exploratory
oral_diseases,frozen,train_std,0,0,1,CaS,CoS,1.572346854971219,탐색적/exploratory
oral_diseases,frozen,train_std,0,0,2,CaS,Gum,1.4877425136253188,탐색적/exploratory
oral_diseases,frozen,train_std,0,0,3,CaS,MC,1.1149394967289428,탐색적/exploratory
oral_diseases,frozen,train_std,0,0,4,CaS,OC,1.0431633700971357,탐색적/exploratory
oral_diseases,frozen,train_std,0,0,5,CaS,OLP,1.2298428457558086,탐색적/exploratory
oral_diseases,frozen,train_std,0,0,6,CaS,OT,2.204165985895327,탐색적/exploratory
oral_diseases,frozen,train_std,0,1,2,CoS,Gum,0.6684585263801078,탐색적/exploratory
oral_diseases,frozen,train_std,0,1,3,CoS,MC,0.6008184582823138,탐색적/exploratory
oral_diseases,frozen,train_std,0,1,4,CoS,OC,0.555187658542321,탐색적/exploratory
oral_diseases,frozen,train_std,0,1,5,CoS,OLP,0.5607847870115744,탐색적/exploratory
oral_diseases,frozen,train_std,0,1,6,CoS,OT,0.8906788227102472,탐색적/exploratory
oral_diseases,frozen,train_std,0,2,3,Gum,MC,2.2777848766519084,탐색적/exploratory
oral_diseases,frozen,train_std,0,2,4,Gum,OC,1.5646400303760195,탐색적/exploratory
oral_diseases,frozen,train_std,0,2,5,Gum,OLP,1.6566684412204147,탐색적/exploratory
oral_diseases,frozen,train_std,0,2,6,Gum,OT,2.389535681474021,탐색적/exploratory
oral_diseases,frozen,train_std,0,3,4,MC,OC,3.9675054487130472,탐색적/exploratory
oral_diseases,frozen,train_std,0,3,5,MC,OLP,3.262219072947974,탐색적/exploratory
oral_diseases,frozen,train_std,0,3,6,MC,OT,2.3032664652782615,탐색적/exploratory
oral_diseases,frozen,train_std,0,4,5,OC,OLP,2.7414327035243744,탐색적/exploratory
oral_diseases,frozen,train_std,0,4,6,OC,OT,2.5177413428782573,탐색적/exploratory
oral_diseases,frozen,train_std,0,5,6,OLP,OT,3.190218383698757,탐색적/exploratory
oral_diseases,frozen,raw,0,0,1,CaS,CoS,1.414659146880634,탐색적/exploratory
oral_diseases,frozen,raw,0,0,2,CaS,Gum,1.221528128142777,탐색적/exploratory
oral_diseases,frozen,raw,0,0,3,CaS,MC,0.9192522172337068,탐색적/exploratory
oral_diseases,frozen,raw,0,0,4,CaS,OC,0.9346895374843921,탐색적/exploratory
oral_diseases,frozen,raw,0,0,5,CaS,OLP,1.0357202218849921,탐색적/exploratory
oral_diseases,frozen,raw,0,0,6,CaS,OT,1.9907644432416705,탐색적/exploratory
oral_diseases,frozen,raw,0,1,2,CoS,Gum,0.5246113183060774,탐색적/exploratory
oral_diseases,frozen,raw,0,1,3,CoS,MC,0.4543702966659259,탐색적/exploratory
oral_diseases,frozen,raw,0,1,4,CoS,OC,0.4392256760606563,탐색적/exploratory
oral_diseases,frozen,raw,0,1,5,CoS,OLP,0.43255904047486443,탐색적/exploratory
oral_diseases,frozen,raw,0,1,6,CoS,OT,0.7245712153190748,탐색적/exploratory
oral_diseases,frozen,raw,0,2,3,Gum,MC,2.197663784339373,탐색적/exploratory
oral_diseases,frozen,raw,0,2,4,Gum,OC,1.4716016856825016,탐색적/exploratory
oral_diseases,frozen,raw,0,2,5,Gum,OLP,1.545162419507259,탐색적/exploratory
oral_diseases,frozen,raw,0,2,6,Gum,OT,2.1768610454457256,탐색적/exploratory
oral_diseases,frozen,raw,0,3,4,MC,OC,3.657818774547147,탐색적/exploratory
oral_diseases,frozen,raw,0,3,5,MC,OLP,3.256547617435481,탐색적/exploratory
oral_diseases,frozen,raw,0,3,6,MC,OT,2.027557400526944,탐색적/exploratory
oral_diseases,frozen,raw,0,4,5,OC,OLP,2.9156541473532083,탐색적/exploratory
oral_diseases,frozen,raw,0,4,6,OC,OT,2.509605455725296,탐색적/exploratory
oral_diseases,frozen,raw,0,5,6,OLP,OT,3.1627603238295703,탐색적/exploratory
oral_diseases,frozen,train_std,1,0,1,CaS,CoS,1.717890642772356,탐색적/exploratory
oral_diseases,frozen,train_std,1,0,2,CaS,Gum,0.9572462690599851,탐색적/exploratory
oral_diseases,frozen,train_std,1,0,3,CaS,MC,1.1862421795289502,탐색적/exploratory
oral_diseases,frozen,train_std,1,0,4,CaS,OC,1.0348614884148255,탐색적/exploratory
oral_diseases,frozen,train_std,1,0,5,CaS,OLP,1.084074440871958,탐색적/exploratory
oral_diseases,frozen,train_std,1,0,6,CaS,OT,1.315840858552932,탐색적/exploratory
oral_diseases,frozen,train_std,1,1,2,CoS,Gum,0.7416060527018924,탐색적/exploratory
oral_diseases,frozen,train_std,1,1,3,CoS,MC,0.8468547014928608,탐색적/exploratory
oral_diseases,frozen,train_std,1,1,4,CoS,OC,0.660163923535847,탐색적/exploratory
oral_diseases,frozen,train_std,1,1,5,CoS,OLP,0.693836640121845,탐색적/exploratory
oral_diseases,frozen,train_std,1,1,6,CoS,OT,0.9340158451480236,탐색적/exploratory
oral_diseases,frozen,train_std,1,2,3,Gum,MC,1.9355005672857535,탐색적/exploratory
oral_diseases,frozen,train_std,1,2,4,Gum,OC,1.0712996788958962,탐색적/exploratory
oral_diseases,frozen,train_std,1,2,5,Gum,OLP,1.7788896323481398,탐색적/exploratory
oral_diseases,frozen,train_std,1,2,6,Gum,OT,1.0596540241554773,탐색적/exploratory
oral_diseases,frozen,train_std,1,3,4,MC,OC,3.8653874124770065,탐색적/exploratory
oral_diseases,frozen,train_std,1,3,5,MC,OLP,4.21859506658398,탐색적/exploratory
oral_diseases,frozen,train_std,1,3,6,MC,OT,1.6713452384035385,탐색적/exploratory
oral_diseases,frozen,train_std,1,4,5,OC,OLP,2.700508316981735,탐색적/exploratory
oral_diseases,frozen,train_std,1,4,6,OC,OT,1.8739182358371491,탐색적/exploratory
oral_diseases,frozen,train_std,1,5,6,OLP,OT,2.2240107081764244,탐색적/exploratory
oral_diseases,frozen,raw,1,0,1,CaS,CoS,1.5524903678437363,탐색적/exploratory
oral_diseases,frozen,raw,1,0,2,CaS,Gum,0.778032090767674,탐색적/exploratory
oral_diseases,frozen,raw,1,0,3,CaS,MC,1.0522376683914032,탐색적/exploratory
oral_diseases,frozen,raw,1,0,4,CaS,OC,0.9384172597176114,탐색적/exploratory
oral_diseases,frozen,raw,1,0,5,CaS,OLP,0.9365197407652733,탐색적/exploratory
oral_diseases,frozen,raw,1,0,6,CaS,OT,1.2283090756958486,탐색적/exploratory
oral_diseases,frozen,raw,1,1,2,CoS,Gum,0.5809869848090192,탐색적/exploratory
oral_diseases,frozen,raw,1,1,3,CoS,MC,0.6546286131310523,탐색적/exploratory
oral_diseases,frozen,raw,1,1,4,CoS,OC,0.5246609494177161,탐색적/exploratory
oral_diseases,frozen,raw,1,1,5,CoS,OLP,0.5475165715954836,탐색적/exploratory
oral_diseases,frozen,raw,1,1,6,CoS,OT,0.7687034663811962,탐색적/exploratory
oral_diseases,frozen,raw,1,2,3,Gum,MC,1.720350094043023,탐색적/exploratory
oral_diseases,frozen,raw,1,2,4,Gum,OC,0.9022983250447391,탐색적/exploratory
oral_diseases,frozen,raw,1,2,5,Gum,OLP,1.5348614195553403,탐색적/exploratory
oral_diseases,frozen,raw,1,2,6,Gum,OT,0.8785854564905312,탐색적/exploratory
oral_diseases,frozen,raw,1,3,4,MC,OC,3.786943772893365,탐색적/exploratory
oral_diseases,frozen,raw,1,3,5,MC,OLP,4.543158494684241,탐색적/exploratory
oral_diseases,frozen,raw,1,3,6,MC,OT,1.4878144817649344,탐색적/exploratory
oral_diseases,frozen,raw,1,4,5,OC,OLP,2.7269486753587744,탐색적/exploratory
oral_diseases,frozen,raw,1,4,6,OC,OT,1.733342692000126,탐색적/exploratory
oral_diseases,frozen,raw,1,5,6,OLP,OT,1.9682321052825618,탐색적/exploratory
oral_diseases,frozen,train_std,2,0,1,CaS,CoS,1.4911795980545017,탐색적/exploratory
oral_diseases,frozen,train_std,2,0,2,CaS,Gum,0.9725722085822892,탐색적/exploratory
oral_diseases,frozen,train_std,2,0,3,CaS,MC,1.2161228284491115,탐색적/exploratory
oral_diseases,frozen,train_std,2,0,4,CaS,OC,1.1167950404087341,탐색적/exploratory
oral_diseases,frozen,train_std,2,0,5,CaS,OLP,1.4855557225748044,탐색적/exploratory
oral_diseases,frozen,train_std,2,0,6,CaS,OT,1.8374863889194961,탐색적/exploratory
oral_diseases,frozen,train_std,2,1,2,CoS,Gum,0.668681073593097,탐색적/exploratory
oral_diseases,frozen,train_std,2,1,3,CoS,MC,0.7431080380214947,탐색적/exploratory
oral_diseases,frozen,train_std,2,1,4,CoS,OC,0.6419121448276223,탐색적/exploratory
oral_diseases,frozen,train_std,2,1,5,CoS,OLP,0.7838526301542507,탐색적/exploratory
oral_diseases,frozen,train_std,2,1,6,CoS,OT,0.856242112997325,탐색적/exploratory
oral_diseases,frozen,train_std,2,2,3,Gum,MC,1.4048459497797792,탐색적/exploratory
oral_diseases,frozen,train_std,2,2,4,Gum,OC,0.9858372326562698,탐색적/exploratory
oral_diseases,frozen,train_std,2,2,5,Gum,OLP,1.2196242130567814,탐색적/exploratory
oral_diseases,frozen,train_std,2,2,6,Gum,OT,1.1525270974816382,탐색적/exploratory
oral_diseases,frozen,train_std,2,3,4,MC,OC,3.1859222123233657,탐색적/exploratory
oral_diseases,frozen,train_std,2,3,5,MC,OLP,3.5704173739042884,탐색적/exploratory
oral_diseases,frozen,train_std,2,3,6,MC,OT,1.4070334398951523,탐색적/exploratory
oral_diseases,frozen,train_std,2,4,5,OC,OLP,2.9663501712224964,탐색적/exploratory
oral_diseases,frozen,train_std,2,4,6,OC,OT,2.0609408561450464,탐색적/exploratory
oral_diseases,frozen,train_std,2,5,6,OLP,OT,2.631607683770135,탐색적/exploratory
oral_diseases,frozen,raw,2,0,1,CaS,CoS,1.3738403594102315,탐색적/exploratory
oral_diseases,frozen,raw,2,0,2,CaS,Gum,0.841188714046799,탐색적/exploratory
oral_diseases,frozen,raw,2,0,3,CaS,MC,1.036256077570119,탐색적/exploratory
oral_diseases,frozen,raw,2,0,4,CaS,OC,0.9979190658892659,탐색적/exploratory
oral_diseases,frozen,raw,2,0,5,CaS,OLP,1.3465534711436569,탐색적/exploratory
oral_diseases,frozen,raw,2,0,6,CaS,OT,1.7303522659278665,탐색적/exploratory
oral_diseases,frozen,raw,2,1,2,CoS,Gum,0.5372974676893201,탐색적/exploratory
oral_diseases,frozen,raw,2,1,3,CoS,MC,0.5571578902675388,탐색적/exploratory
oral_diseases,frozen,raw,2,1,4,CoS,OC,0.5044819796488909,탐색적/exploratory
oral_diseases,frozen,raw,2,1,5,CoS,OLP,0.6178861664100946,탐색적/exploratory
oral_diseases,frozen,raw,2,1,6,CoS,OT,0.7241364001273801,탐색적/exploratory
oral_diseases,frozen,raw,2,2,3,Gum,MC,1.2982877566130258,탐색적/exploratory
oral_diseases,frozen,raw,2,2,4,Gum,OC,0.8913888202070496,탐색적/exploratory
oral_diseases,frozen,raw,2,2,5,Gum,OLP,1.064295556748386,탐색적/exploratory
oral_diseases,frozen,raw,2,2,6,Gum,OT,1.0143830862369407,탐색적/exploratory
oral_diseases,frozen,raw,2,3,4,MC,OC,3.142414058945522,탐색적/exploratory
oral_diseases,frozen,raw,2,3,5,MC,OLP,3.2295650804136606,탐색적/exploratory
oral_diseases,frozen,raw,2,3,6,MC,OT,1.247903818928952,탐색적/exploratory
oral_diseases,frozen,raw,2,4,5,OC,OLP,3.106008673367713,탐색적/exploratory
oral_diseases,frozen,raw,2,4,6,OC,OT,1.9209820082939242,탐색적/exploratory
oral_diseases,frozen,raw,2,5,6,OLP,OT,2.539108910242336,탐색적/exploratory
oral_diseases,frozen,train_std,3,0,1,CaS,CoS,1.260746127849031,탐색적/exploratory
oral_diseases,frozen,train_std,3,0,2,CaS,Gum,1.537618838020437,탐색적/exploratory
oral_diseases,frozen,train_std,3,0,3,CaS,MC,1.4090548040339648,탐색적/exploratory
oral_diseases,frozen,train_std,3,0,4,CaS,OC,1.060651686439799,탐색적/exploratory
oral_diseases,frozen,train_std,3,0,5,CaS,OLP,1.433881182164691,탐색적/exploratory
oral_diseases,frozen,train_std,3,0,6,CaS,OT,1.2395065539972525,탐색적/exploratory
oral_diseases,frozen,train_std,3,1,2,CoS,Gum,1.0173703465877015,탐색적/exploratory
oral_diseases,frozen,train_std,3,1,3,CoS,MC,0.8346381291672353,탐색적/exploratory
oral_diseases,frozen,train_std,3,1,4,CoS,OC,0.6125394068598511,탐색적/exploratory
oral_diseases,frozen,train_std,3,1,5,CoS,OLP,0.7475404145636232,탐색적/exploratory
oral_diseases,frozen,train_std,3,1,6,CoS,OT,0.8054648280585821,탐색적/exploratory
oral_diseases,frozen,train_std,3,2,3,Gum,MC,2.645304507041724,탐색적/exploratory
oral_diseases,frozen,train_std,3,2,4,Gum,OC,1.2519645542846463,탐색적/exploratory
oral_diseases,frozen,train_std,3,2,5,Gum,OLP,1.4615819640973933,탐색적/exploratory
oral_diseases,frozen,train_std,3,2,6,Gum,OT,1.16751525404434,탐색적/exploratory
oral_diseases,frozen,train_std,3,3,4,MC,OC,4.04937216128929,탐색적/exploratory
oral_diseases,frozen,train_std,3,3,5,MC,OLP,2.5342522001258714,탐색적/exploratory
oral_diseases,frozen,train_std,3,3,6,MC,OT,1.188564343808246,탐색적/exploratory
oral_diseases,frozen,train_std,3,4,5,OC,OLP,2.7115673407894234,탐색적/exploratory
oral_diseases,frozen,train_std,3,4,6,OC,OT,1.247815391903754,탐색적/exploratory
oral_diseases,frozen,train_std,3,5,6,OLP,OT,3.047583247161157,탐색적/exploratory
oral_diseases,frozen,raw,3,0,1,CaS,CoS,1.1170168281493054,탐색적/exploratory
oral_diseases,frozen,raw,3,0,2,CaS,Gum,1.3636045230728204,탐색적/exploratory
oral_diseases,frozen,raw,3,0,3,CaS,MC,1.2574372701357392,탐색적/exploratory
oral_diseases,frozen,raw,3,0,4,CaS,OC,0.9722982707123689,탐색적/exploratory
oral_diseases,frozen,raw,3,0,5,CaS,OLP,1.3313970498878924,탐색적/exploratory
oral_diseases,frozen,raw,3,0,6,CaS,OT,1.1643271551938468,탐색적/exploratory
oral_diseases,frozen,raw,3,1,2,CoS,Gum,0.8265061908965521,탐색적/exploratory
oral_diseases,frozen,raw,3,1,3,CoS,MC,0.6259036075995754,탐색적/exploratory
oral_diseases,frozen,raw,3,1,4,CoS,OC,0.4753834783184033,탐색적/exploratory
oral_diseases,frozen,raw,3,1,5,CoS,OLP,0.5857720141681992,탐색적/exploratory
oral_diseases,frozen,raw,3,1,6,CoS,OT,0.6675401795558592,탐색적/exploratory
oral_diseases,frozen,raw,3,2,3,Gum,MC,2.483464905673341,탐색적/exploratory
oral_diseases,frozen,raw,3,2,4,Gum,OC,1.1277279510548488,탐색적/exploratory
oral_diseases,frozen,raw,3,2,5,Gum,OLP,1.2920162248843612,탐색적/exploratory
oral_diseases,frozen,raw,3,2,6,Gum,OT,1.035569204766995,탐색적/exploratory
oral_diseases,frozen,raw,3,3,4,MC,OC,3.962684266600227,탐색적/exploratory
oral_diseases,frozen,raw,3,3,5,MC,OLP,2.2497217752562246,탐색적/exploratory
oral_diseases,frozen,raw,3,3,6,MC,OT,1.0691426223360037,탐색적/exploratory
oral_diseases,frozen,raw,3,4,5,OC,OLP,2.6590839650600615,탐색적/exploratory
oral_diseases,frozen,raw,3,4,6,OC,OT,1.1592315538436022,탐색적/exploratory
oral_diseases,frozen,raw,3,5,6,OLP,OT,2.9758656287582936,탐색적/exploratory
oral_diseases,frozen,train_std,4,0,1,CaS,CoS,1.4781473014977253,탐색적/exploratory
oral_diseases,frozen,train_std,4,0,2,CaS,Gum,1.4107219789388068,탐색적/exploratory
oral_diseases,frozen,train_std,4,0,3,CaS,MC,1.7779021805389565,탐색적/exploratory
oral_diseases,frozen,train_std,4,0,4,CaS,OC,2.360166592014234,탐색적/exploratory
oral_diseases,frozen,train_std,4,0,5,CaS,OLP,2.711811413269659,탐색적/exploratory
oral_diseases,frozen,train_std,4,0,6,CaS,OT,2.3641896603329235,탐색적/exploratory
oral_diseases,frozen,train_std,4,1,2,CoS,Gum,0.7760998882118392,탐색적/exploratory
oral_diseases,frozen,train_std,4,1,3,CoS,MC,0.8255468795866227,탐색적/exploratory
oral_diseases,frozen,train_std,4,1,4,CoS,OC,0.9548705340287669,탐색적/exploratory
oral_diseases,frozen,train_std,4,1,5,CoS,OLP,0.7815848187968542,탐색적/exploratory
oral_diseases,frozen,train_std,4,1,6,CoS,OT,0.8486273513875506,탐색적/exploratory
oral_diseases,frozen,train_std,4,2,3,Gum,MC,3.1126012150220643,탐색적/exploratory
oral_diseases,frozen,train_std,4,2,4,Gum,OC,1.2530845957063936,탐색적/exploratory
oral_diseases,frozen,train_std,4,2,5,Gum,OLP,1.2466340476355326,탐색적/exploratory
oral_diseases,frozen,train_std,4,2,6,Gum,OT,1.2391800967992008,탐색적/exploratory
oral_diseases,frozen,train_std,4,3,4,MC,OC,1.7943441861976654,탐색적/exploratory
oral_diseases,frozen,train_std,4,3,5,MC,OLP,2.588364650930523,탐색적/exploratory
oral_diseases,frozen,train_std,4,3,6,MC,OT,1.6900034169012197,탐색적/exploratory
oral_diseases,frozen,train_std,4,4,5,OC,OLP,2.9936955329294195,탐색적/exploratory
oral_diseases,frozen,train_std,4,4,6,OC,OT,3.175069275567318,탐색적/exploratory
oral_diseases,frozen,train_std,4,5,6,OLP,OT,3.8961146053783953,탐색적/exploratory
oral_diseases,frozen,raw,4,0,1,CaS,CoS,1.260926438282378,탐색적/exploratory
oral_diseases,frozen,raw,4,0,2,CaS,Gum,1.2280058411778212,탐색적/exploratory
oral_diseases,frozen,raw,4,0,3,CaS,MC,1.4839779403880622,탐색적/exploratory
oral_diseases,frozen,raw,4,0,4,CaS,OC,2.379769237042497,탐색적/exploratory
oral_diseases,frozen,raw,4,0,5,CaS,OLP,2.429850277943712,탐색적/exploratory
oral_diseases,frozen,raw,4,0,6,CaS,OT,2.323763623601051,탐색적/exploratory
oral_diseases,frozen,raw,4,1,2,CoS,Gum,0.6093232945167563,탐색적/exploratory
oral_diseases,frozen,raw,4,1,3,CoS,MC,0.610657912336121,탐색적/exploratory
oral_diseases,frozen,raw,4,1,4,CoS,OC,0.7770056691701267,탐색적/exploratory
oral_diseases,frozen,raw,4,1,5,CoS,OLP,0.5935834373398807,탐색적/exploratory
oral_diseases,frozen,raw,4,1,6,CoS,OT,0.706426883686868,탐색적/exploratory
oral_diseases,frozen,raw,4,2,3,Gum,MC,3.006719788155128,탐색적/exploratory
oral_diseases,frozen,raw,4,2,4,Gum,OC,1.0866399756465488,탐색적/exploratory
oral_diseases,frozen,raw,4,2,5,Gum,OLP,1.0842260715077154,탐색적/exploratory
oral_diseases,frozen,raw,4,2,6,Gum,OT,1.0988512147722964,탐색적/exploratory
oral_diseases,frozen,raw,4,3,4,MC,OC,1.495299324028874,탐색적/exploratory
oral_diseases,frozen,raw,4,3,5,MC,OLP,2.112568041588377,탐색적/exploratory
oral_diseases,frozen,raw,4,3,6,MC,OT,1.4477796514555565,탐색적/exploratory
oral_diseases,frozen,raw,4,4,5,OC,OLP,2.8888270876070683,탐색적/exploratory
oral_diseases,frozen,raw,4,4,6,OC,OT,3.3181889285577397,탐색적/exploratory
oral_diseases,frozen,raw,4,5,6,OLP,OT,4.071471935318061,탐색적/exploratory
oral_diseases,frozen,train_std,5,0,1,CaS,CoS,2.0610349972942235,탐색적/exploratory
oral_diseases,frozen,train_std,5,0,2,CaS,Gum,1.119590703169086,탐색적/exploratory
oral_diseases,frozen,train_std,5,0,3,CaS,MC,1.2205199073564905,탐색적/exploratory
oral_diseases,frozen,train_std,5,0,4,CaS,OC,1.0553010557125497,탐색적/exploratory
oral_diseases,frozen,train_std,5,0,5,CaS,OLP,1.033532227360676,탐색적/exploratory
oral_diseases,frozen,train_std,5,0,6,CaS,OT,1.7452403999612003,탐색적/exploratory
oral_diseases,frozen,train_std,5,1,2,CoS,Gum,0.8370008207358983,탐색적/exploratory
oral_diseases,frozen,train_std,5,1,3,CoS,MC,0.8127419728210291,탐색적/exploratory
oral_diseases,frozen,train_std,5,1,4,CoS,OC,0.6346701355801306,탐색적/exploratory
oral_diseases,frozen,train_std,5,1,5,CoS,OLP,0.6172100641786225,탐색적/exploratory
oral_diseases,frozen,train_std,5,1,6,CoS,OT,0.9538150699551081,탐색적/exploratory
oral_diseases,frozen,train_std,5,2,3,Gum,MC,1.8092255316074464,탐색적/exploratory
oral_diseases,frozen,train_std,5,2,4,Gum,OC,0.844728230136082,탐색적/exploratory
oral_diseases,frozen,train_std,5,2,5,Gum,OLP,1.0074783494256847,탐색적/exploratory
oral_diseases,frozen,train_std,5,2,6,Gum,OT,1.038299726386651,탐색적/exploratory
oral_diseases,frozen,train_std,5,3,4,MC,OC,2.847592555830672,탐색적/exploratory
oral_diseases,frozen,train_std,5,3,5,MC,OLP,3.31983698116822,탐색적/exploratory
oral_diseases,frozen,train_std,5,3,6,MC,OT,1.4418996689661647,탐색적/exploratory
oral_diseases,frozen,train_std,5,4,5,OC,OLP,1.747949320123238,탐색적/exploratory
oral_diseases,frozen,train_std,5,4,6,OC,OT,1.489943941463557,탐색적/exploratory
oral_diseases,frozen,train_std,5,5,6,OLP,OT,1.7238066050033136,탐색적/exploratory
oral_diseases,frozen,raw,5,0,1,CaS,CoS,1.81069577028745,탐색적/exploratory
oral_diseases,frozen,raw,5,0,2,CaS,Gum,0.9459407752706537,탐색적/exploratory
oral_diseases,frozen,raw,5,0,3,CaS,MC,1.0238829117171493,탐색적/exploratory
oral_diseases,frozen,raw,5,0,4,CaS,OC,0.9078825212070945,탐색적/exploratory
oral_diseases,frozen,raw,5,0,5,CaS,OLP,0.8727039646568177,탐색적/exploratory
oral_diseases,frozen,raw,5,0,6,CaS,OT,1.6119168952080674,탐색적/exploratory
oral_diseases,frozen,raw,5,1,2,CoS,Gum,0.651686616240961,탐색적/exploratory
oral_diseases,frozen,raw,5,1,3,CoS,MC,0.6027218608734899,탐색적/exploratory
oral_diseases,frozen,raw,5,1,4,CoS,OC,0.4768558936136933,탐색적/exploratory
oral_diseases,frozen,raw,5,1,5,CoS,OLP,0.46631440247272965,탐색적/exploratory
oral_diseases,frozen,raw,5,1,6,CoS,OT,0.7801853417770586,탐색적/exploratory
oral_diseases,frozen,raw,5,2,3,Gum,MC,1.6272361194679745,탐색적/exploratory
oral_diseases,frozen,raw,5,2,4,Gum,OC,0.7129621922384773,탐색적/exploratory
oral_diseases,frozen,raw,5,2,5,Gum,OLP,0.8863997767951914,탐색적/exploratory
oral_diseases,frozen,raw,5,2,6,Gum,OT,0.8876253659438164,탐색적/exploratory
oral_diseases,frozen,raw,5,3,4,MC,OC,2.6835577228359018,탐색적/exploratory
oral_diseases,frozen,raw,5,3,5,MC,OLP,3.260367932129461,탐색적/exploratory
oral_diseases,frozen,raw,5,3,6,MC,OT,1.2509579907349708,탐색적/exploratory
oral_diseases,frozen,raw,5,4,5,OC,OLP,1.7462055818748683,탐색적/exploratory
oral_diseases,frozen,raw,5,4,6,OC,OT,1.3472465609056838,탐색적/exploratory
oral_diseases,frozen,raw,5,5,6,OLP,OT,1.535524014448871,탐색적/exploratory
oral_diseases,frozen,train_std,6,0,1,CaS,CoS,1.4096247872106593,탐색적/exploratory
oral_diseases,frozen,train_std,6,0,2,CaS,Gum,0.9503627674685863,탐색적/exploratory
oral_diseases,frozen,train_std,6,0,3,CaS,MC,1.069261293968293,탐색적/exploratory
oral_diseases,frozen,train_std,6,0,4,CaS,OC,0.9855097862034999,탐색적/exploratory
oral_diseases,frozen,train_std,6,0,5,CaS,OLP,1.2846838305629793,탐색적/exploratory
oral_diseases,frozen,train_std,6,0,6,CaS,OT,1.7141824745214458,탐색적/exploratory
oral_diseases,frozen,train_std,6,1,2,CoS,Gum,0.7429330531957603,탐색적/exploratory
oral_diseases,frozen,train_std,6,1,3,CoS,MC,0.8129999258100166,탐색적/exploratory
oral_diseases,frozen,train_std,6,1,4,CoS,OC,0.6798614743446862,탐색적/exploratory
oral_diseases,frozen,train_std,6,1,5,CoS,OLP,0.7045209886730489,탐색적/exploratory
oral_diseases,frozen,train_std,6,1,6,CoS,OT,0.9577686568964042,탐색적/exploratory
oral_diseases,frozen,train_std,6,2,3,Gum,MC,2.0677083264746523,탐색적/exploratory
oral_diseases,frozen,train_std,6,2,4,Gum,OC,1.402883961004919,탐색적/exploratory
oral_diseases,frozen,train_std,6,2,5,Gum,OLP,1.5989325300365342,탐색적/exploratory
oral_diseases,frozen,train_std,6,2,6,Gum,OT,1.338984506041098,탐색적/exploratory
oral_diseases,frozen,train_std,6,3,4,MC,OC,3.920781550980362,탐색적/exploratory
oral_diseases,frozen,train_std,6,3,5,MC,OLP,3.6822732155309414,탐색적/exploratory
oral_diseases,frozen,train_std,6,3,6,MC,OT,1.479783818099691,탐색적/exploratory
oral_diseases,frozen,train_std,6,4,5,OC,OLP,3.3123172213389753,탐색적/exploratory
oral_diseases,frozen,train_std,6,4,6,OC,OT,1.9931362970615354,탐색적/exploratory
oral_diseases,frozen,train_std,6,5,6,OLP,OT,2.5120933794440705,탐색적/exploratory
oral_diseases,frozen,raw,6,0,1,CaS,CoS,1.2730881810766457,탐색적/exploratory
oral_diseases,frozen,raw,6,0,2,CaS,Gum,0.7999802615570011,탐색적/exploratory
oral_diseases,frozen,raw,6,0,3,CaS,MC,0.9202574410964527,탐색적/exploratory
oral_diseases,frozen,raw,6,0,4,CaS,OC,0.898191787839215,탐색적/exploratory
oral_diseases,frozen,raw,6,0,5,CaS,OLP,1.1207422769723778,탐색적/exploratory
oral_diseases,frozen,raw,6,0,6,CaS,OT,1.6399353012077826,탐색적/exploratory
oral_diseases,frozen,raw,6,1,2,CoS,Gum,0.5922096057435055,탐색적/exploratory
oral_diseases,frozen,raw,6,1,3,CoS,MC,0.617506769151374,탐색적/exploratory
oral_diseases,frozen,raw,6,1,4,CoS,OC,0.5426333976125381,탐색적/exploratory
oral_diseases,frozen,raw,6,1,5,CoS,OLP,0.5486623363458843,탐색적/exploratory
oral_diseases,frozen,raw,6,1,6,CoS,OT,0.811461705992506,탐색적/exploratory
oral_diseases,frozen,raw,6,2,3,Gum,MC,1.9266318567872198,탐색적/exploratory
oral_diseases,frozen,raw,6,2,4,Gum,OC,1.303622819114965,탐색적/exploratory
oral_diseases,frozen,raw,6,2,5,Gum,OLP,1.3939208232232596,탐색적/exploratory
oral_diseases,frozen,raw,6,2,6,Gum,OT,1.1640042999366578,탐색적/exploratory
oral_diseases,frozen,raw,6,3,4,MC,OC,3.8583218988147676,탐색적/exploratory
oral_diseases,frozen,raw,6,3,5,MC,OLP,3.3939781813068652,탐색적/exploratory
oral_diseases,frozen,raw,6,3,6,MC,OT,1.2962671987747933,탐색적/exploratory
oral_diseases,frozen,raw,6,4,5,OC,OLP,3.4484340610434967,탐색적/exploratory
oral_diseases,frozen,raw,6,4,6,OC,OT,1.8778407127420718,탐색적/exploratory
oral_diseases,frozen,raw,6,5,6,OLP,OT,2.3143149851929876,탐색적/exploratory
oral_diseases,frozen,train_std,7,0,1,CaS,CoS,1.324506575536632,탐색적/exploratory
oral_diseases,frozen,train_std,7,0,2,CaS,Gum,1.678445422752506,탐색적/exploratory
oral_diseases,frozen,train_std,7,0,3,CaS,MC,1.0886363792995883,탐색적/exploratory
oral_diseases,frozen,train_std,7,0,4,CaS,OC,1.671470218547171,탐색적/exploratory
oral_diseases,frozen,train_std,7,0,5,CaS,OLP,1.7441753815533887,탐색적/exploratory
oral_diseases,frozen,train_std,7,0,6,CaS,OT,2.0028344206061175,탐색적/exploratory
oral_diseases,frozen,train_std,7,1,2,CoS,Gum,0.9095033286437387,탐색적/exploratory
oral_diseases,frozen,train_std,7,1,3,CoS,MC,0.5917033767187959,탐색적/exploratory
oral_diseases,frozen,train_std,7,1,4,CoS,OC,0.7498323918908675,탐색적/exploratory
oral_diseases,frozen,train_std,7,1,5,CoS,OLP,0.7141761204322369,탐색적/exploratory
oral_diseases,frozen,train_std,7,1,6,CoS,OT,0.8578550634337087,탐색적/exploratory
oral_diseases,frozen,train_std,7,2,3,Gum,MC,2.089804862737996,탐색적/exploratory
oral_diseases,frozen,train_std,7,2,4,Gum,OC,1.7723185906120948,탐색적/exploratory
oral_diseases,frozen,train_std,7,2,5,Gum,OLP,1.774868064609401,탐색적/exploratory
oral_diseases,frozen,train_std,7,2,6,Gum,OT,1.6748998125770067,탐색적/exploratory
oral_diseases,frozen,train_std,7,3,4,MC,OC,2.169916591107607,탐색적/exploratory
oral_diseases,frozen,train_std,7,3,5,MC,OLP,2.3945856139540473,탐색적/exploratory
oral_diseases,frozen,train_std,7,3,6,MC,OT,1.2303455831495236,탐색적/exploratory
oral_diseases,frozen,train_std,7,4,5,OC,OLP,4.355710322529681,탐색적/exploratory
oral_diseases,frozen,train_std,7,4,6,OC,OT,2.669372474598965,탐색적/exploratory
oral_diseases,frozen,train_std,7,5,6,OLP,OT,3.4451783670890648,탐색적/exploratory
oral_diseases,frozen,raw,7,0,1,CaS,CoS,1.1797643118136305,탐색적/exploratory
oral_diseases,frozen,raw,7,0,2,CaS,Gum,1.4632014724733773,탐색적/exploratory
oral_diseases,frozen,raw,7,0,3,CaS,MC,0.8915504607416531,탐색적/exploratory
oral_diseases,frozen,raw,7,0,4,CaS,OC,1.5424539597419198,탐색적/exploratory
oral_diseases,frozen,raw,7,0,5,CaS,OLP,1.488312498422097,탐색적/exploratory
oral_diseases,frozen,raw,7,0,6,CaS,OT,1.8864859346528455,탐색적/exploratory
oral_diseases,frozen,raw,7,1,2,CoS,Gum,0.7332343358961303,탐색적/exploratory
oral_diseases,frozen,raw,7,1,3,CoS,MC,0.4367360926305946,탐색적/exploratory
oral_diseases,frozen,raw,7,1,4,CoS,OC,0.5893699363109797,탐색적/exploratory
oral_diseases,frozen,raw,7,1,5,CoS,OLP,0.5426406105819073,탐색적/exploratory
oral_diseases,frozen,raw,7,1,6,CoS,OT,0.7201877416195311,탐색적/exploratory
oral_diseases,frozen,raw,7,2,3,Gum,MC,1.8548059518495643,탐색적/exploratory
oral_diseases,frozen,raw,7,2,4,Gum,OC,1.591582348322522,탐색적/exploratory
oral_diseases,frozen,raw,7,2,5,Gum,OLP,1.5833648111228578,탐색적/exploratory
oral_diseases,frozen,raw,7,2,6,Gum,OT,1.5455865142447849,탐색적/exploratory
oral_diseases,frozen,raw,7,3,4,MC,OC,1.8210662348152284,탐색적/exploratory
oral_diseases,frozen,raw,7,3,5,MC,OLP,2.035056161374329,탐색적/exploratory
oral_diseases,frozen,raw,7,3,6,MC,OT,1.063936561222519,탐색적/exploratory
oral_diseases,frozen,raw,7,4,5,OC,OLP,4.419261291361298,탐색적/exploratory
oral_diseases,frozen,raw,7,4,6,OC,OT,2.6934571295541816,탐색적/exploratory
oral_diseases,frozen,raw,7,5,6,OLP,OT,3.2245757601726743,탐색적/exploratory
oral_diseases,frozen,train_std,8,0,1,CaS,CoS,1.2574825145167303,탐색적/exploratory
oral_diseases,frozen,train_std,8,0,2,CaS,Gum,2.0041429507145474,탐색적/exploratory
oral_diseases,frozen,train_std,8,0,3,CaS,MC,1.8239070578101975,탐색적/exploratory
oral_diseases,frozen,train_std,8,0,4,CaS,OC,1.586602365467303,탐색적/exploratory
oral_diseases,frozen,train_std,8,0,5,CaS,OLP,2.172033599508649,탐색적/exploratory
oral_diseases,frozen,train_std,8,0,6,CaS,OT,1.7063052396390006,탐색적/exploratory
oral_diseases,frozen,train_std,8,1,2,CoS,Gum,0.684926847815849,탐색적/exploratory
oral_diseases,frozen,train_std,8,1,3,CoS,MC,0.6618318404960374,탐색적/exploratory
oral_diseases,frozen,train_std,8,1,4,CoS,OC,0.67311647101717,탐색적/exploratory
oral_diseases,frozen,train_std,8,1,5,CoS,OLP,0.7476492961290049,탐색적/exploratory
oral_diseases,frozen,train_std,8,1,6,CoS,OT,0.7878568863393267,탐색적/exploratory
oral_diseases,frozen,train_std,8,2,3,Gum,MC,3.261962235104981,탐색적/exploratory
oral_diseases,frozen,train_std,8,2,4,Gum,OC,1.447621741444841,탐색적/exploratory
oral_diseases,frozen,train_std,8,2,5,Gum,OLP,1.7105413110198533,탐색적/exploratory
oral_diseases,frozen,train_std,8,2,6,Gum,OT,1.566913529125708,탐색적/exploratory
oral_diseases,frozen,train_std,8,3,4,MC,OC,3.269860922301926,탐색적/exploratory
oral_diseases,frozen,train_std,8,3,5,MC,OLP,2.6781193410924184,탐색적/exploratory
oral_diseases,frozen,train_std,8,3,6,MC,OT,1.777748175245671,탐색적/exploratory
oral_diseases,frozen,train_std,8,4,5,OC,OLP,4.690568747771666,탐색적/exploratory
oral_diseases,frozen,train_std,8,4,6,OC,OT,2.196188561163262,탐색적/exploratory
oral_diseases,frozen,train_std,8,5,6,OLP,OT,3.8887027155761187,탐색적/exploratory
oral_diseases,frozen,raw,8,0,1,CaS,CoS,1.0753312712820986,탐색적/exploratory
oral_diseases,frozen,raw,8,0,2,CaS,Gum,1.76926113649243,탐색적/exploratory
oral_diseases,frozen,raw,8,0,3,CaS,MC,1.6989427868968445,탐색적/exploratory
oral_diseases,frozen,raw,8,0,4,CaS,OC,1.552263743941923,탐색적/exploratory
oral_diseases,frozen,raw,8,0,5,CaS,OLP,2.047443046028033,탐색적/exploratory
oral_diseases,frozen,raw,8,0,6,CaS,OT,1.6114403757213542,탐색적/exploratory
oral_diseases,frozen,raw,8,1,2,CoS,Gum,0.5268157977258509,탐색적/exploratory
oral_diseases,frozen,raw,8,1,3,CoS,MC,0.5011390025617087,탐색적/exploratory
oral_diseases,frozen,raw,8,1,4,CoS,OC,0.536718531645769,탐색적/exploratory
oral_diseases,frozen,raw,8,1,5,CoS,OLP,0.5866775914768679,탐색적/exploratory
oral_diseases,frozen,raw,8,1,6,CoS,OT,0.6352328526757582,탐색적/exploratory
oral_diseases,frozen,raw,8,2,3,Gum,MC,3.183396354834942,탐색적/exploratory
oral_diseases,frozen,raw,8,2,4,Gum,OC,1.318442453054628,탐색적/exploratory
oral_diseases,frozen,raw,8,2,5,Gum,OLP,1.466255039955625,탐색적/exploratory
oral_diseases,frozen,raw,8,2,6,Gum,OT,1.39408193433115,탐색적/exploratory
oral_diseases,frozen,raw,8,3,4,MC,OC,3.1596574861741504,탐색적/exploratory
oral_diseases,frozen,raw,8,3,5,MC,OLP,2.401143302079863,탐색적/exploratory
oral_diseases,frozen,raw,8,3,6,MC,OT,1.6727661809329726,탐색적/exploratory
oral_diseases,frozen,raw,8,4,5,OC,OLP,4.871958065379291,탐색적/exploratory
oral_diseases,frozen,raw,8,4,6,OC,OT,2.1698464666773174,탐색적/exploratory
oral_diseases,frozen,raw,8,5,6,OLP,OT,3.887590841251387,탐색적/exploratory
oral_diseases,frozen,train_std,9,0,1,CaS,CoS,1.7824825227873793,탐색적/exploratory
oral_diseases,frozen,train_std,9,0,2,CaS,Gum,1.1840271177966089,탐색적/exploratory
oral_diseases,frozen,train_std,9,0,3,CaS,MC,1.567627658593906,탐색적/exploratory
oral_diseases,frozen,train_std,9,0,4,CaS,OC,1.272294208463562,탐색적/exploratory
oral_diseases,frozen,train_std,9,0,5,CaS,OLP,1.4506730213474557,탐색적/exploratory
oral_diseases,frozen,train_std,9,0,6,CaS,OT,1.6581945042994892,탐색적/exploratory
oral_diseases,frozen,train_std,9,1,2,CoS,Gum,0.8156449766765744,탐색적/exploratory
oral_diseases,frozen,train_std,9,1,3,CoS,MC,1.036828925886505,탐색적/exploratory
oral_diseases,frozen,train_std,9,1,4,CoS,OC,0.7741741760767329,탐색적/exploratory
oral_diseases,frozen,train_std,9,1,5,CoS,OLP,0.86387621201333,탐색적/exploratory
oral_diseases,frozen,train_std,9,1,6,CoS,OT,0.9104774374902008,탐색적/exploratory
oral_diseases,frozen,train_std,9,2,3,Gum,MC,2.0981925654923437,탐색적/exploratory
oral_diseases,frozen,train_std,9,2,4,Gum,OC,1.1508731049588097,탐색적/exploratory
oral_diseases,frozen,train_std,9,2,5,Gum,OLP,1.5756055165053582,탐색적/exploratory
oral_diseases,frozen,train_std,9,2,6,Gum,OT,1.1566962120406237,탐색적/exploratory
oral_diseases,frozen,train_std,9,3,4,MC,OC,4.43848383308908,탐색적/exploratory
oral_diseases,frozen,train_std,9,3,5,MC,OLP,4.142476107196596,탐색적/exploratory
oral_diseases,frozen,train_std,9,3,6,MC,OT,2.170611895859888,탐색적/exploratory
oral_diseases,frozen,train_std,9,4,5,OC,OLP,4.5313249793414325,탐색적/exploratory
oral_diseases,frozen,train_std,9,4,6,OC,OT,3.126194197025654,탐색적/exploratory
oral_diseases,frozen,train_std,9,5,6,OLP,OT,4.728035187609355,탐색적/exploratory
oral_diseases,frozen,raw,9,0,1,CaS,CoS,1.6201966781126271,탐색적/exploratory
oral_diseases,frozen,raw,9,0,2,CaS,Gum,0.9742843429587797,탐색적/exploratory
oral_diseases,frozen,raw,9,0,3,CaS,MC,1.3540401024684143,탐색적/exploratory
oral_diseases,frozen,raw,9,0,4,CaS,OC,1.1621932303546074,탐색적/exploratory
oral_diseases,frozen,raw,9,0,5,CaS,OLP,1.3003859829050606,탐색적/exploratory
oral_diseases,frozen,raw,9,0,6,CaS,OT,1.5256467778806713,탐색적/exploratory
oral_diseases,frozen,raw,9,1,2,CoS,Gum,0.6577430603798542,탐색적/exploratory
oral_diseases,frozen,raw,9,1,3,CoS,MC,0.8007391786439462,탐색적/exploratory
oral_diseases,frozen,raw,9,1,4,CoS,OC,0.619437423434746,탐색적/exploratory
oral_diseases,frozen,raw,9,1,5,CoS,OLP,0.6914284683820056,탐색적/exploratory
oral_diseases,frozen,raw,9,1,6,CoS,OT,0.7412697681170354,탐색적/exploratory
oral_diseases,frozen,raw,9,2,3,Gum,MC,2.0355303871682686,탐색적/exploratory
oral_diseases,frozen,raw,9,2,4,Gum,OC,1.053875464422057,탐색적/exploratory
oral_diseases,frozen,raw,9,2,5,Gum,OLP,1.3796152882703276,탐색적/exploratory
oral_diseases,frozen,raw,9,2,6,Gum,OT,0.982783152377769,탐색적/exploratory
oral_diseases,frozen,raw,9,3,4,MC,OC,4.282184291643129,탐색적/exploratory
oral_diseases,frozen,raw,9,3,5,MC,OLP,3.876575237254927,탐색적/exploratory
oral_diseases,frozen,raw,9,3,6,MC,OT,1.8907651846766143,탐색적/exploratory
oral_diseases,frozen,raw,9,4,5,OC,OLP,5.056682879362414,탐색적/exploratory
oral_diseases,frozen,raw,9,4,6,OC,OT,2.9894593675541463,탐색적/exploratory
oral_diseases,frozen,raw,9,5,6,OLP,OT,4.763788063367572,탐색적/exploratory
oral_diseases,frozen,train_std,10,0,1,CaS,CoS,1.574472208376219,탐색적/exploratory
oral_diseases,frozen,train_std,10,0,2,CaS,Gum,1.1967325958562323,탐색적/exploratory
oral_diseases,frozen,train_std,10,0,3,CaS,MC,1.4841485530411278,탐색적/exploratory
oral_diseases,frozen,train_std,10,0,4,CaS,OC,1.2096952549299618,탐색적/exploratory
oral_diseases,frozen,train_std,10,0,5,CaS,OLP,1.534388703278487,탐색적/exploratory
oral_diseases,frozen,train_std,10,0,6,CaS,OT,1.574397277990023,탐색적/exploratory
oral_diseases,frozen,train_std,10,1,2,CoS,Gum,0.709913070526754,탐색적/exploratory
oral_diseases,frozen,train_std,10,1,3,CoS,MC,0.8399504613943467,탐색적/exploratory
oral_diseases,frozen,train_std,10,1,4,CoS,OC,0.6183858460722949,탐색적/exploratory
oral_diseases,frozen,train_std,10,1,5,CoS,OLP,0.7608393935629061,탐색적/exploratory
oral_diseases,frozen,train_std,10,1,6,CoS,OT,0.825622334931004,탐색적/exploratory
oral_diseases,frozen,train_std,10,2,3,Gum,MC,2.3115368361653026,탐색적/exploratory
oral_diseases,frozen,train_std,10,2,4,Gum,OC,1.178553201051683,탐색적/exploratory
oral_diseases,frozen,train_std,10,2,5,Gum,OLP,1.3340967672074306,탐색적/exploratory
oral_diseases,frozen,train_std,10,2,6,Gum,OT,1.487144521904108,탐색적/exploratory
oral_diseases,frozen,train_std,10,3,4,MC,OC,5.239415640649846,탐색적/exploratory
oral_diseases,frozen,train_std,10,3,5,MC,OLP,3.720187017158645,탐색적/exploratory
oral_diseases,frozen,train_std,10,3,6,MC,OT,2.1760032726256218,탐색적/exploratory
oral_diseases,frozen,train_std,10,4,5,OC,OLP,4.057546338287464,탐색적/exploratory
oral_diseases,frozen,train_std,10,4,6,OC,OT,2.524843579523277,탐색적/exploratory
oral_diseases,frozen,train_std,10,5,6,OLP,OT,3.7450516766986466,탐색적/exploratory
oral_diseases,frozen,raw,10,0,1,CaS,CoS,1.3933183065909664,탐색적/exploratory
oral_diseases,frozen,raw,10,0,2,CaS,Gum,0.9834983137909309,탐색적/exploratory
oral_diseases,frozen,raw,10,0,3,CaS,MC,1.2981962604670287,탐색적/exploratory
oral_diseases,frozen,raw,10,0,4,CaS,OC,1.094758912306597,탐색적/exploratory
oral_diseases,frozen,raw,10,0,5,CaS,OLP,1.3564003037531573,탐색적/exploratory
oral_diseases,frozen,raw,10,0,6,CaS,OT,1.4280050363353043,탐색적/exploratory
oral_diseases,frozen,raw,10,1,2,CoS,Gum,0.5353611457670686,탐색적/exploratory
oral_diseases,frozen,raw,10,1,3,CoS,MC,0.6292731866603737,탐색적/exploratory
oral_diseases,frozen,raw,10,1,4,CoS,OC,0.4807658060880428,탐색적/exploratory
oral_diseases,frozen,raw,10,1,5,CoS,OLP,0.5841833910388577,탐색적/exploratory
oral_diseases,frozen,raw,10,1,6,CoS,OT,0.6642060087816009,탐색적/exploratory
oral_diseases,frozen,raw,10,2,3,Gum,MC,2.137891714782402,탐색적/exploratory
oral_diseases,frozen,raw,10,2,4,Gum,OC,1.0396344354608795,탐색적/exploratory
oral_diseases,frozen,raw,10,2,5,Gum,OLP,1.1423277963873923,탐색적/exploratory
oral_diseases,frozen,raw,10,2,6,Gum,OT,1.2903824193623499,탐색적/exploratory
oral_diseases,frozen,raw,10,3,4,MC,OC,4.883714661915502,탐색적/exploratory
oral_diseases,frozen,raw,10,3,5,MC,OLP,3.414084197360918,탐색적/exploratory
oral_diseases,frozen,raw,10,3,6,MC,OT,1.9929001272278521,탐색적/exploratory
oral_diseases,frozen,raw,10,4,5,OC,OLP,4.151937694318366,탐색적/exploratory
oral_diseases,frozen,raw,10,4,6,OC,OT,2.4167706262856976,탐색적/exploratory
oral_diseases,frozen,raw,10,5,6,OLP,OT,3.606811408155373,탐색적/exploratory
oral_diseases,frozen,train_std,11,0,1,CaS,CoS,1.3426119778246557,탐색적/exploratory
oral_diseases,frozen,train_std,11,0,2,CaS,Gum,1.4793480818802485,탐색적/exploratory
oral_diseases,frozen,train_std,11,0,3,CaS,MC,1.3761457604072616,탐색적/exploratory
oral_diseases,frozen,train_std,11,0,4,CaS,OC,1.6674531564740387,탐색적/exploratory
oral_diseases,frozen,train_std,11,0,5,CaS,OLP,2.0840870119306674,탐색적/exploratory
oral_diseases,frozen,train_std,11,0,6,CaS,OT,2.6516765417037993,탐색적/exploratory
oral_diseases,frozen,train_std,11,1,2,CoS,Gum,0.7886030520330759,탐색적/exploratory
oral_diseases,frozen,train_std,11,1,3,CoS,MC,0.6014596710188881,탐색적/exploratory
oral_diseases,frozen,train_std,11,1,4,CoS,OC,0.6924016457732327,탐색적/exploratory
oral_diseases,frozen,train_std,11,1,5,CoS,OLP,0.7145346880906961,탐색적/exploratory
oral_diseases,frozen,train_std,11,1,6,CoS,OT,0.9355061980650581,탐색적/exploratory
oral_diseases,frozen,train_std,11,2,3,Gum,MC,2.421683073633607,탐색적/exploratory
oral_diseases,frozen,train_std,11,2,4,Gum,OC,1.7251449077899066,탐색적/exploratory
oral_diseases,frozen,train_std,11,2,5,Gum,OLP,1.8593876370341929,탐색적/exploratory
oral_diseases,frozen,train_std,11,2,6,Gum,OT,1.9763809394636527,탐색적/exploratory
oral_diseases,frozen,train_std,11,3,4,MC,OC,3.1245301716255596,탐색적/exploratory
oral_diseases,frozen,train_std,11,3,5,MC,OLP,3.374907199857569,탐색적/exploratory
oral_diseases,frozen,train_std,11,3,6,MC,OT,2.45837950143374,탐색적/exploratory
oral_diseases,frozen,train_std,11,4,5,OC,OLP,4.930278332902331,탐색적/exploratory
oral_diseases,frozen,train_std,11,4,6,OC,OT,3.2470481469293824,탐색적/exploratory
oral_diseases,frozen,train_std,11,5,6,OLP,OT,5.230992616583067,탐색적/exploratory
oral_diseases,frozen,raw,11,0,1,CaS,CoS,1.1553812320142505,탐색적/exploratory
oral_diseases,frozen,raw,11,0,2,CaS,Gum,1.2628842204630577,탐색적/exploratory
oral_diseases,frozen,raw,11,0,3,CaS,MC,1.1357983571867805,탐색적/exploratory
oral_diseases,frozen,raw,11,0,4,CaS,OC,1.5839747251538627,탐색적/exploratory
oral_diseases,frozen,raw,11,0,5,CaS,OLP,1.90962180030142,탐색적/exploratory
oral_diseases,frozen,raw,11,0,6,CaS,OT,2.508801087375421,탐색적/exploratory
oral_diseases,frozen,raw,11,1,2,CoS,Gum,0.6334689672957147,탐색적/exploratory
oral_diseases,frozen,raw,11,1,3,CoS,MC,0.4570324327790932,탐색적/exploratory
oral_diseases,frozen,raw,11,1,4,CoS,OC,0.5569247844407177,탐색적/exploratory
oral_diseases,frozen,raw,11,1,5,CoS,OLP,0.5703430959082003,탐색적/exploratory
oral_diseases,frozen,raw,11,1,6,CoS,OT,0.7755837440975253,탐색적/exploratory
oral_diseases,frozen,raw,11,2,3,Gum,MC,2.1578987999862442,탐색적/exploratory
oral_diseases,frozen,raw,11,2,4,Gum,OC,1.5440845656367916,탐색적/exploratory
oral_diseases,frozen,raw,11,2,5,Gum,OLP,1.6049371390118596,탐색적/exploratory
oral_diseases,frozen,raw,11,2,6,Gum,OT,1.820204533384713,탐색적/exploratory
oral_diseases,frozen,raw,11,3,4,MC,OC,2.9074867191376144,탐색적/exploratory
oral_diseases,frozen,raw,11,3,5,MC,OLP,2.8430862726922808,탐색적/exploratory
oral_diseases,frozen,raw,11,3,6,MC,OT,2.1822056297538106,탐색적/exploratory
oral_diseases,frozen,raw,11,4,5,OC,OLP,5.23948220051299,탐색적/exploratory
oral_diseases,frozen,raw,11,4,6,OC,OT,3.3419215404490523,탐색적/exploratory
oral_diseases,frozen,raw,11,5,6,OLP,OT,5.51949392403196,탐색적/exploratory
oral_diseases,frozen,train_std,12,0,1,CaS,CoS,2.0001604501308234,탐색적/exploratory
oral_diseases,frozen,train_std,12,0,2,CaS,Gum,1.9780265343502075,탐색적/exploratory
oral_diseases,frozen,train_std,12,0,3,CaS,MC,1.5374514453477894,탐색적/exploratory
oral_diseases,frozen,train_std,12,0,4,CaS,OC,1.2150767140797543,탐색적/exploratory
oral_diseases,frozen,train_std,12,0,5,CaS,OLP,1.4509599187425237,탐색적/exploratory
oral_diseases,frozen,train_std,12,0,6,CaS,OT,1.5794785688816233,탐색적/exploratory
oral_diseases,frozen,train_std,12,1,2,CoS,Gum,1.0529892111804786,탐색적/exploratory
oral_diseases,frozen,train_std,12,1,3,CoS,MC,1.1040100872617593,탐색적/exploratory
oral_diseases,frozen,train_std,12,1,4,CoS,OC,0.7954752470515034,탐색적/exploratory
oral_diseases,frozen,train_std,12,1,5,CoS,OLP,0.7556947697596916,탐색적/exploratory
oral_diseases,frozen,train_std,12,1,6,CoS,OT,0.9365651926503359,탐색적/exploratory
oral_diseases,frozen,train_std,12,2,3,Gum,MC,2.683707686641982,탐색적/exploratory
oral_diseases,frozen,train_std,12,2,4,Gum,OC,1.4107000401063823,탐색적/exploratory
oral_diseases,frozen,train_std,12,2,5,Gum,OLP,2.568531602318046,탐색적/exploratory
oral_diseases,frozen,train_std,12,2,6,Gum,OT,2.1072396904125528,탐색적/exploratory
oral_diseases,frozen,train_std,12,3,4,MC,OC,2.3772751557861698,탐색적/exploratory
oral_diseases,frozen,train_std,12,3,5,MC,OLP,2.25057373501418,탐색적/exploratory
oral_diseases,frozen,train_std,12,3,6,MC,OT,1.6877175898928942,탐색적/exploratory
oral_diseases,frozen,train_std,12,4,5,OC,OLP,2.4497008191730476,탐색적/exploratory
oral_diseases,frozen,train_std,12,4,6,OC,OT,2.5459063730467117,탐색적/exploratory
oral_diseases,frozen,train_std,12,5,6,OLP,OT,4.228786013870832,탐색적/exploratory
oral_diseases,frozen,raw,12,0,1,CaS,CoS,1.7865956497925048,탐색적/exploratory
oral_diseases,frozen,raw,12,0,2,CaS,Gum,1.6785284534492946,탐색적/exploratory
oral_diseases,frozen,raw,12,0,3,CaS,MC,1.4917141769555722,탐색적/exploratory
oral_diseases,frozen,raw,12,0,4,CaS,OC,1.1554003357255431,탐색적/exploratory
oral_diseases,frozen,raw,12,0,5,CaS,OLP,1.2913492758797973,탐색적/exploratory
oral_diseases,frozen,raw,12,0,6,CaS,OT,1.528966979034937,탐색적/exploratory
oral_diseases,frozen,raw,12,1,2,CoS,Gum,0.8030678914612838,탐색적/exploratory
oral_diseases,frozen,raw,12,1,3,CoS,MC,0.8677045022141152,탐색적/exploratory
oral_diseases,frozen,raw,12,1,4,CoS,OC,0.6205929419140919,탐색적/exploratory
oral_diseases,frozen,raw,12,1,5,CoS,OLP,0.5749449270803907,탐색적/exploratory
oral_diseases,frozen,raw,12,1,6,CoS,OT,0.7681258336485364,탐색적/exploratory
oral_diseases,frozen,raw,12,2,3,Gum,MC,2.749030427823553,탐색적/exploratory
oral_diseases,frozen,raw,12,2,4,Gum,OC,1.2003415028847713,탐색적/exploratory
oral_diseases,frozen,raw,12,2,5,Gum,OLP,2.250288451302359,탐색적/exploratory
oral_diseases,frozen,raw,12,2,6,Gum,OT,1.8881311329257826,탐색적/exploratory
oral_diseases,frozen,raw,12,3,4,MC,OC,2.160798409174726,탐색적/exploratory
oral_diseases,frozen,raw,12,3,5,MC,OLP,2.235025208079809,탐색적/exploratory
oral_diseases,frozen,raw,12,3,6,MC,OT,1.6552197132183277,탐색적/exploratory
oral_diseases,frozen,raw,12,4,5,OC,OLP,2.4168342325285743,탐색적/exploratory
oral_diseases,frozen,raw,12,4,6,OC,OT,2.6831583451903156,탐색적/exploratory
oral_diseases,frozen,raw,12,5,6,OLP,OT,4.132716053883105,탐색적/exploratory
oral_diseases,frozen,train_std,13,0,1,CaS,CoS,1.2488155730729988,탐색적/exploratory
oral_diseases,frozen,train_std,13,0,2,CaS,Gum,0.9794976671811577,탐색적/exploratory
oral_diseases,frozen,train_std,13,0,3,CaS,MC,0.6866439048638775,탐색적/exploratory
oral_diseases,frozen,train_std,13,0,4,CaS,OC,0.9453117822802783,탐색적/exploratory
oral_diseases,frozen,train_std,13,0,5,CaS,OLP,1.2059068776278108,탐색적/exploratory
oral_diseases,frozen,train_std,13,0,6,CaS,OT,1.3801650422662262,탐색적/exploratory
oral_diseases,frozen,train_std,13,1,2,CoS,Gum,0.7740910400952956,탐색적/exploratory
oral_diseases,frozen,train_std,13,1,3,CoS,MC,0.575474080233116,탐색적/exploratory
oral_diseases,frozen,train_std,13,1,4,CoS,OC,0.7059055896738082,탐색적/exploratory
oral_diseases,frozen,train_std,13,1,5,CoS,OLP,0.7412756640859365,탐색적/exploratory
oral_diseases,frozen,train_std,13,1,6,CoS,OT,0.746646485085406,탐색적/exploratory
oral_diseases,frozen,train_std,13,2,3,Gum,MC,1.420862317856694,탐색적/exploratory
oral_diseases,frozen,train_std,13,2,4,Gum,OC,1.2080236492011949,탐색적/exploratory
oral_diseases,frozen,train_std,13,2,5,Gum,OLP,1.204714696625149,탐색적/exploratory
oral_diseases,frozen,train_std,13,2,6,Gum,OT,1.0197754485281625,탐색적/exploratory
oral_diseases,frozen,train_std,13,3,4,MC,OC,3.374057808063075,탐색적/exploratory
oral_diseases,frozen,train_std,13,3,5,MC,OLP,2.254012257457101,탐색적/exploratory
oral_diseases,frozen,train_std,13,3,6,MC,OT,0.9659853968584261,탐색적/exploratory
oral_diseases,frozen,train_std,13,4,5,OC,OLP,3.558543646363276,탐색적/exploratory
oral_diseases,frozen,train_std,13,4,6,OC,OT,1.6473250098835386,탐색적/exploratory
oral_diseases,frozen,train_std,13,5,6,OLP,OT,2.2525246692932686,탐색적/exploratory
oral_diseases,frozen,raw,13,0,1,CaS,CoS,1.1779986195527519,탐색적/exploratory
oral_diseases,frozen,raw,13,0,2,CaS,Gum,0.8317201842563123,탐색적/exploratory
oral_diseases,frozen,raw,13,0,3,CaS,MC,0.5447306329075717,탐색적/exploratory
oral_diseases,frozen,raw,13,0,4,CaS,OC,0.7966568088526645,탐색적/exploratory
oral_diseases,frozen,raw,13,0,5,CaS,OLP,0.9995836408271274,탐색적/exploratory
oral_diseases,frozen,raw,13,0,6,CaS,OT,1.2927439203005773,탐색적/exploratory
oral_diseases,frozen,raw,13,1,2,CoS,Gum,0.6402920504183894,탐색적/exploratory
oral_diseases,frozen,raw,13,1,3,CoS,MC,0.4234440477028061,탐색적/exploratory
oral_diseases,frozen,raw,13,1,4,CoS,OC,0.5480496017415647,탐색적/exploratory
oral_diseases,frozen,raw,13,1,5,CoS,OLP,0.5747149020322307,탐색적/exploratory
oral_diseases,frozen,raw,13,1,6,CoS,OT,0.6324761983632428,탐색적/exploratory
oral_diseases,frozen,raw,13,2,3,Gum,MC,1.3081382950244114,탐색적/exploratory
oral_diseases,frozen,raw,13,2,4,Gum,OC,1.1109899568314041,탐색적/exploratory
oral_diseases,frozen,raw,13,2,5,Gum,OLP,1.0914890782065443,탐색적/exploratory
oral_diseases,frozen,raw,13,2,6,Gum,OT,0.9073820765869912,탐색적/exploratory
oral_diseases,frozen,raw,13,3,4,MC,OC,3.315058763825511,탐색적/exploratory
oral_diseases,frozen,raw,13,3,5,MC,OLP,2.0188629825705067,탐색적/exploratory
oral_diseases,frozen,raw,13,3,6,MC,OT,0.8371192889017932,탐색적/exploratory
oral_diseases,frozen,raw,13,4,5,OC,OLP,3.6797756382179294,탐색적/exploratory
oral_diseases,frozen,raw,13,4,6,OC,OT,1.518832625132635,탐색적/exploratory
oral_diseases,frozen,raw,13,5,6,OLP,OT,2.1803123526720323,탐색적/exploratory
oral_diseases,frozen,train_std,14,0,1,CaS,CoS,1.6213429290902621,탐색적/exploratory
oral_diseases,frozen,train_std,14,0,2,CaS,Gum,1.2204389632337245,탐색적/exploratory
oral_diseases,frozen,train_std,14,0,3,CaS,MC,1.504995463363269,탐색적/exploratory
oral_diseases,frozen,train_std,14,0,4,CaS,OC,1.4787126984457903,탐색적/exploratory
oral_diseases,frozen,train_std,14,0,5,CaS,OLP,1.546889056116132,탐색적/exploratory
oral_diseases,frozen,train_std,14,0,6,CaS,OT,1.1921677424280173,탐색적/exploratory
oral_diseases,frozen,train_std,14,1,2,CoS,Gum,0.7656185766177983,탐색적/exploratory
oral_diseases,frozen,train_std,14,1,3,CoS,MC,0.7484284994590288,탐색적/exploratory
oral_diseases,frozen,train_std,14,1,4,CoS,OC,0.7334914056516848,탐색적/exploratory
oral_diseases,frozen,train_std,14,1,5,CoS,OLP,0.7288874720825832,탐색적/exploratory
oral_diseases,frozen,train_std,14,1,6,CoS,OT,0.8693335127000301,탐색적/exploratory
oral_diseases,frozen,train_std,14,2,3,Gum,MC,1.96675392198252,탐색적/exploratory
oral_diseases,frozen,train_std,14,2,4,Gum,OC,1.1644927568311134,탐색적/exploratory
oral_diseases,frozen,train_std,14,2,5,Gum,OLP,1.5233630284220314,탐색적/exploratory
oral_diseases,frozen,train_std,14,2,6,Gum,OT,0.8220492755119384,탐색적/exploratory
oral_diseases,frozen,train_std,14,3,4,MC,OC,3.8864534619913256,탐색적/exploratory
oral_diseases,frozen,train_std,14,3,5,MC,OLP,3.9988976582206286,탐색적/exploratory
oral_diseases,frozen,train_std,14,3,6,MC,OT,0.8220935042712076,탐색적/exploratory
oral_diseases,frozen,train_std,14,4,5,OC,OLP,3.7830589888777646,탐색적/exploratory
oral_diseases,frozen,train_std,14,4,6,OC,OT,1.2508455122735562,탐색적/exploratory
oral_diseases,frozen,train_std,14,5,6,OLP,OT,1.4129001635332403,탐색적/exploratory
oral_diseases,frozen,raw,14,0,1,CaS,CoS,1.4240164888004216,탐색적/exploratory
oral_diseases,frozen,raw,14,0,2,CaS,Gum,1.0531196276842496,탐색적/exploratory
oral_diseases,frozen,raw,14,0,3,CaS,MC,1.3050122621367455,탐색적/exploratory
oral_diseases,frozen,raw,14,0,4,CaS,OC,1.373974155632872,탐색적/exploratory
oral_diseases,frozen,raw,14,0,5,CaS,OLP,1.3612253597571455,탐색적/exploratory
oral_diseases,frozen,raw,14,0,6,CaS,OT,1.0846681746897957,탐색적/exploratory
oral_diseases,frozen,raw,14,1,2,CoS,Gum,0.6098304205355987,탐색적/exploratory
oral_diseases,frozen,raw,14,1,3,CoS,MC,0.5693059691679909,탐색적/exploratory
oral_diseases,frozen,raw,14,1,4,CoS,OC,0.5767904258765392,탐색적/exploratory
oral_diseases,frozen,raw,14,1,5,CoS,OLP,0.5544004057949417,탐색적/exploratory
oral_diseases,frozen,raw,14,1,6,CoS,OT,0.7177992105624945,탐색적/exploratory
oral_diseases,frozen,raw,14,2,3,Gum,MC,1.7969783077359271,탐색적/exploratory
oral_diseases,frozen,raw,14,2,4,Gum,OC,1.0343343115272683,탐색적/exploratory
oral_diseases,frozen,raw,14,2,5,Gum,OLP,1.3322460293999134,탐색적/exploratory
oral_diseases,frozen,raw,14,2,6,Gum,OT,0.6758145611833455,탐색적/exploratory
oral_diseases,frozen,raw,14,3,4,MC,OC,3.5346303991168306,탐색적/exploratory
oral_diseases,frozen,raw,14,3,5,MC,OLP,3.6582069172965714,탐색적/exploratory
oral_diseases,frozen,raw,14,3,6,MC,OT,0.6802863444457268,탐색적/exploratory
oral_diseases,frozen,raw,14,4,5,OC,OLP,3.8892195194534662,탐색적/exploratory
oral_diseases,frozen,raw,14,4,6,OC,OT,1.0711298240917724,탐색적/exploratory
oral_diseases,frozen,raw,14,5,6,OLP,OT,1.1746394952313457,탐색적/exploratory
oral_diseases,cp,train_std,0,0,1,CaS,CoS,3.2952048851653983,탐색적/exploratory
oral_diseases,cp,train_std,0,0,2,CaS,Gum,2.673932265755473,탐색적/exploratory
oral_diseases,cp,train_std,0,0,3,CaS,MC,3.1994404250122908,탐색적/exploratory
oral_diseases,cp,train_std,0,0,4,CaS,OC,2.4776723879203315,탐색적/exploratory
oral_diseases,cp,train_std,0,0,5,CaS,OLP,2.4772963898727633,탐색적/exploratory
oral_diseases,cp,train_std,0,0,6,CaS,OT,3.61357648065212,탐색적/exploratory
oral_diseases,cp,train_std,0,1,2,CoS,Gum,1.8940124701492511,탐색적/exploratory
oral_diseases,cp,train_std,0,1,3,CoS,MC,2.1418548340593464,탐색적/exploratory
oral_diseases,cp,train_std,0,1,4,CoS,OC,1.8522103508847096,탐색적/exploratory
oral_diseases,cp,train_std,0,1,5,CoS,OLP,1.7088066313898593,탐색적/exploratory
oral_diseases,cp,train_std,0,1,6,CoS,OT,2.485502933843283,탐색적/exploratory
oral_diseases,cp,train_std,0,2,3,Gum,MC,3.0805442679338606,탐색적/exploratory
oral_diseases,cp,train_std,0,2,4,Gum,OC,2.4669976873603483,탐색적/exploratory
oral_diseases,cp,train_std,0,2,5,Gum,OLP,1.9886732076420686,탐색적/exploratory
oral_diseases,cp,train_std,0,2,6,Gum,OT,3.499216672083571,탐색적/exploratory
oral_diseases,cp,train_std,0,3,4,MC,OC,4.890145796932759,탐색적/exploratory
oral_diseases,cp,train_std,0,3,5,MC,OLP,3.107275388808412,탐색적/exploratory
oral_diseases,cp,train_std,0,3,6,MC,OT,4.004395334990997,탐색적/exploratory
oral_diseases,cp,train_std,0,4,5,OC,OLP,2.7221480892325762,탐색적/exploratory
oral_diseases,cp,train_std,0,4,6,OC,OT,3.177005632478908,탐색적/exploratory
oral_diseases,cp,train_std,0,5,6,OLP,OT,3.1856663171395727,탐색적/exploratory
oral_diseases,cp,raw,0,0,1,CaS,CoS,3.769399543460285,탐색적/exploratory
oral_diseases,cp,raw,0,0,2,CaS,Gum,3.082812296325331,탐색적/exploratory
oral_diseases,cp,raw,0,0,3,CaS,MC,4.033136139539372,탐색적/exploratory
oral_diseases,cp,raw,0,0,4,CaS,OC,3.336044311672766,탐색적/exploratory
oral_diseases,cp,raw,0,0,5,CaS,OLP,3.03346242606992,탐색적/exploratory
oral_diseases,cp,raw,0,0,6,CaS,OT,4.109180111047294,탐색적/exploratory
oral_diseases,cp,raw,0,1,2,CoS,Gum,2.3030503824100577,탐색적/exploratory
oral_diseases,cp,raw,0,1,3,CoS,MC,2.688069069324101,탐색적/exploratory
oral_diseases,cp,raw,0,1,4,CoS,OC,2.424101131415649,탐색적/exploratory
oral_diseases,cp,raw,0,1,5,CoS,OLP,2.244690231628122,탐색적/exploratory
oral_diseases,cp,raw,0,1,6,CoS,OT,3.0124566604627567,탐색적/exploratory
oral_diseases,cp,raw,0,2,3,Gum,MC,3.310946375976291,탐색적/exploratory
oral_diseases,cp,raw,0,2,4,Gum,OC,2.907401469726286,탐색적/exploratory
oral_diseases,cp,raw,0,2,5,Gum,OLP,2.2063655454189584,탐색적/exploratory
oral_diseases,cp,raw,0,2,6,Gum,OT,3.65120989245126,탐색적/exploratory
oral_diseases,cp,raw,0,3,4,MC,OC,5.155150411868264,탐색적/exploratory
oral_diseases,cp,raw,0,3,5,MC,OLP,3.343967727842001,탐색적/exploratory
oral_diseases,cp,raw,0,3,6,MC,OT,4.25356287630781,탐색적/exploratory
oral_diseases,cp,raw,0,4,5,OC,OLP,3.0800932906240077,탐색적/exploratory
oral_diseases,cp,raw,0,4,6,OC,OT,3.5355288766946735,탐색적/exploratory
oral_diseases,cp,raw,0,5,6,OLP,OT,3.528701427319916,탐색적/exploratory
oral_diseases,cp,train_std,1,0,1,CaS,CoS,3.1376982741395754,탐색적/exploratory
oral_diseases,cp,train_std,1,0,2,CaS,Gum,2.697816986165534,탐색적/exploratory
oral_diseases,cp,train_std,1,0,3,CaS,MC,2.5661283470094367,탐색적/exploratory
oral_diseases,cp,train_std,1,0,4,CaS,OC,1.833734633612941,탐색적/exploratory
oral_diseases,cp,train_std,1,0,5,CaS,OLP,2.2124961268644587,탐색적/exploratory
oral_diseases,cp,train_std,1,0,6,CaS,OT,2.242948277072421,탐색적/exploratory
oral_diseases,cp,train_std,1,1,2,CoS,Gum,2.6969547089507233,탐색적/exploratory
oral_diseases,cp,train_std,1,1,3,CoS,MC,2.754883110659382,탐색적/exploratory
oral_diseases,cp,train_std,1,1,4,CoS,OC,1.890322741611399,탐색적/exploratory
oral_diseases,cp,train_std,1,1,5,CoS,OLP,2.2841295891616413,탐색적/exploratory
oral_diseases,cp,train_std,1,1,6,CoS,OT,2.49914047536924,탐색적/exploratory
oral_diseases,cp,train_std,1,2,3,Gum,MC,4.3989851516529335,탐색적/exploratory
oral_diseases,cp,train_std,1,2,4,Gum,OC,2.444620890027053,탐색적/exploratory
oral_diseases,cp,train_std,1,2,5,Gum,OLP,3.621224462101166,탐색적/exploratory
oral_diseases,cp,train_std,1,2,6,Gum,OT,2.517828100437616,탐색적/exploratory
oral_diseases,cp,train_std,1,3,4,MC,OC,4.10691442298992,탐색적/exploratory
oral_diseases,cp,train_std,1,3,5,MC,OLP,5.027475349523117,탐색적/exploratory
oral_diseases,cp,train_std,1,3,6,MC,OT,3.3724688948049617,탐색적/exploratory
oral_diseases,cp,train_std,1,4,5,OC,OLP,3.2231309650426514,탐색적/exploratory
oral_diseases,cp,train_std,1,4,6,OC,OT,2.4680313770455227,탐색적/exploratory
oral_diseases,cp,train_std,1,5,6,OLP,OT,3.446471721880399,탐색적/exploratory
oral_diseases,cp,raw,1,0,1,CaS,CoS,3.6697748473099647,탐색적/exploratory
oral_diseases,cp,raw,1,0,2,CaS,Gum,3.2858635103684404,탐색적/exploratory
oral_diseases,cp,raw,1,0,3,CaS,MC,3.328815363681595,탐색적/exploratory
oral_diseases,cp,raw,1,0,4,CaS,OC,2.098285970668323,탐색적/exploratory
oral_diseases,cp,raw,1,0,5,CaS,OLP,2.7471120406007605,탐색적/exploratory
oral_diseases,cp,raw,1,0,6,CaS,OT,2.381724154512533,탐색적/exploratory
oral_diseases,cp,raw,1,1,2,CoS,Gum,3.546861169489961,탐색적/exploratory
oral_diseases,cp,raw,1,1,3,CoS,MC,3.5915426600101577,탐색적/exploratory
oral_diseases,cp,raw,1,1,4,CoS,OC,2.102689123059091,탐색적/exploratory
oral_diseases,cp,raw,1,1,5,CoS,OLP,3.136614089071593,탐색적/exploratory
oral_diseases,cp,raw,1,1,6,CoS,OT,2.6463503317141126,탐색적/exploratory
oral_diseases,cp,raw,1,2,3,Gum,MC,5.329349950191984,탐색적/exploratory
oral_diseases,cp,raw,1,2,4,Gum,OC,2.5601233823357936,탐색적/exploratory
oral_diseases,cp,raw,1,2,5,Gum,OLP,4.433285991849043,탐색적/exploratory
oral_diseases,cp,raw,1,2,6,Gum,OT,2.8280480782508324,탐색적/exploratory
oral_diseases,cp,raw,1,3,4,MC,OC,3.8061697826458234,탐색적/exploratory
oral_diseases,cp,raw,1,3,5,MC,OLP,5.367402741742181,탐색적/exploratory
oral_diseases,cp,raw,1,3,6,MC,OT,3.829789618352156,탐색적/exploratory
oral_diseases,cp,raw,1,4,5,OC,OLP,3.2544609031371494,탐색적/exploratory
oral_diseases,cp,raw,1,4,6,OC,OT,2.658607808368988,탐색적/exploratory
oral_diseases,cp,raw,1,5,6,OLP,OT,3.9055032121974693,탐색적/exploratory
oral_diseases,cp,train_std,2,0,1,CaS,CoS,2.641730647008068,탐색적/exploratory
oral_diseases,cp,train_std,2,0,2,CaS,Gum,2.4341233804450937,탐색적/exploratory
oral_diseases,cp,train_std,2,0,3,CaS,MC,3.175342610596798,탐색적/exploratory
oral_diseases,cp,train_std,2,0,4,CaS,OC,2.1643618679168632,탐색적/exploratory
oral_diseases,cp,train_std,2,0,5,CaS,OLP,2.7887422465190275,탐색적/exploratory
oral_diseases,cp,train_std,2,0,6,CaS,OT,3.4424359483014473,탐색적/exploratory
oral_diseases,cp,train_std,2,1,2,CoS,Gum,1.9203755038593973,탐색적/exploratory
oral_diseases,cp,train_std,2,1,3,CoS,MC,2.61428429388773,탐색적/exploratory
oral_diseases,cp,train_std,2,1,4,CoS,OC,1.7175902706556514,탐색적/exploratory
oral_diseases,cp,train_std,2,1,5,CoS,OLP,2.1291537863908805,탐색적/exploratory
oral_diseases,cp,train_std,2,1,6,CoS,OT,2.534972693811704,탐색적/exploratory
oral_diseases,cp,train_std,2,2,3,Gum,MC,3.1728353004676553,탐색적/exploratory
oral_diseases,cp,train_std,2,2,4,Gum,OC,2.0467331763315304,탐색적/exploratory
oral_diseases,cp,train_std,2,2,5,Gum,OLP,3.057624020598711,탐색적/exploratory
oral_diseases,cp,train_std,2,2,6,Gum,OT,3.048206262102363,탐색적/exploratory
oral_diseases,cp,train_std,2,3,4,MC,OC,4.5889650462173215,탐색적/exploratory
oral_diseases,cp,train_std,2,3,5,MC,OLP,4.9195612466136724,탐색적/exploratory
oral_diseases,cp,train_std,2,3,6,MC,OT,3.4212757427175453,탐색적/exploratory
oral_diseases,cp,train_std,2,4,5,OC,OLP,3.2906339861533205,탐색적/exploratory
oral_diseases,cp,train_std,2,4,6,OC,OT,2.660708792047778,탐색적/exploratory
oral_diseases,cp,train_std,2,5,6,OLP,OT,3.6418468158279307,탐색적/exploratory
oral_diseases,cp,raw,2,0,1,CaS,CoS,2.964242682391531,탐색적/exploratory
oral_diseases,cp,raw,2,0,2,CaS,Gum,2.870230092581395,탐색적/exploratory
oral_diseases,cp,raw,2,0,3,CaS,MC,3.858360863897965,탐색적/exploratory
oral_diseases,cp,raw,2,0,4,CaS,OC,2.575548106864029,탐색적/exploratory
oral_diseases,cp,raw,2,0,5,CaS,OLP,3.490228287128544,탐색적/exploratory
oral_diseases,cp,raw,2,0,6,CaS,OT,3.758945435563475,탐색적/exploratory
oral_diseases,cp,raw,2,1,2,CoS,Gum,2.52340444888582,탐색적/exploratory
oral_diseases,cp,raw,2,1,3,CoS,MC,3.27732219446009,탐색적/exploratory
oral_diseases,cp,raw,2,1,4,CoS,OC,2.01408065337877,탐색적/exploratory
oral_diseases,cp,raw,2,1,5,CoS,OLP,2.782344829050109,탐색적/exploratory
oral_diseases,cp,raw,2,1,6,CoS,OT,3.0025428297417744,탐색적/exploratory
oral_diseases,cp,raw,2,2,3,Gum,MC,3.6427477995266444,탐색적/exploratory
oral_diseases,cp,raw,2,2,4,Gum,OC,2.2943158207612635,탐색적/exploratory
oral_diseases,cp,raw,2,2,5,Gum,OLP,3.6949237890422477,탐색적/exploratory
oral_diseases,cp,raw,2,2,6,Gum,OT,3.271665687740131,탐색적/exploratory
oral_diseases,cp,raw,2,3,4,MC,OC,4.650252132619254,탐색적/exploratory
oral_diseases,cp,raw,2,3,5,MC,OLP,5.2584385090598005,탐색적/exploratory
oral_diseases,cp,raw,2,3,6,MC,OT,3.5832315610297787,탐색적/exploratory
oral_diseases,cp,raw,2,4,5,OC,OLP,3.3693694020874223,탐색적/exploratory
oral_diseases,cp,raw,2,4,6,OC,OT,2.7887030827555632,탐색적/exploratory
oral_diseases,cp,raw,2,5,6,OLP,OT,3.7559924549108765,탐색적/exploratory
oral_diseases,cp,train_std,3,0,1,CaS,CoS,2.6590753904756514,탐색적/exploratory
oral_diseases,cp,train_std,3,0,2,CaS,Gum,3.7404681653099825,탐색적/exploratory
oral_diseases,cp,train_std,3,0,3,CaS,MC,3.474319243357194,탐색적/exploratory
oral_diseases,cp,train_std,3,0,4,CaS,OC,2.162079722272334,탐색적/exploratory
oral_diseases,cp,train_std,3,0,5,CaS,OLP,2.9252441093870654,탐색적/exploratory
oral_diseases,cp,train_std,3,0,6,CaS,OT,2.342761462126463,탐색적/exploratory
oral_diseases,cp,train_std,3,1,2,CoS,Gum,2.265139379961242,탐색적/exploratory
oral_diseases,cp,train_std,3,1,3,CoS,MC,2.6232928106740916,탐색적/exploratory
oral_diseases,cp,train_std,3,1,4,CoS,OC,1.5515121390556,탐색적/exploratory
oral_diseases,cp,train_std,3,1,5,CoS,OLP,2.131518317888596,탐색적/exploratory
oral_diseases,cp,train_std,3,1,6,CoS,OT,2.01909343460976,탐색적/exploratory
oral_diseases,cp,train_std,3,2,3,Gum,MC,4.370012694018458,탐색적/exploratory
oral_diseases,cp,train_std,3,2,4,Gum,OC,2.1993208490156406,탐색적/exploratory
oral_diseases,cp,train_std,3,2,5,Gum,OLP,2.9172930504535994,탐색적/exploratory
oral_diseases,cp,train_std,3,2,6,Gum,OT,2.38348593553169,탐색적/exploratory
oral_diseases,cp,train_std,3,3,4,MC,OC,3.790421895485919,탐색적/exploratory
oral_diseases,cp,train_std,3,3,5,MC,OLP,4.616549182481543,탐색적/exploratory
oral_diseases,cp,train_std,3,3,6,MC,OT,2.9681339999312533,탐색적/exploratory
oral_diseases,cp,train_std,3,4,5,OC,OLP,2.9632104646960764,탐색적/exploratory
oral_diseases,cp,train_std,3,4,6,OC,OT,1.7389312986036145,탐색적/exploratory
oral_diseases,cp,train_std,3,5,6,OLP,OT,3.4531727436661486,탐색적/exploratory
oral_diseases,cp,raw,3,0,1,CaS,CoS,2.86022927781612,탐색적/exploratory
oral_diseases,cp,raw,3,0,2,CaS,Gum,4.07735037414443,탐색적/exploratory
oral_diseases,cp,raw,3,0,3,CaS,MC,4.1355840123419885,탐색적/exploratory
oral_diseases,cp,raw,3,0,4,CaS,OC,2.6331422516723864,탐색적/exploratory
oral_diseases,cp,raw,3,0,5,CaS,OLP,3.9316165870735187,탐색적/exploratory
oral_diseases,cp,raw,3,0,6,CaS,OT,2.4483538104247216,탐색적/exploratory
oral_diseases,cp,raw,3,1,2,CoS,Gum,2.4626253451070887,탐색적/exploratory
oral_diseases,cp,raw,3,1,3,CoS,MC,3.0935260823545954,탐색적/exploratory
oral_diseases,cp,raw,3,1,4,CoS,OC,1.8665630506226938,탐색적/exploratory
oral_diseases,cp,raw,3,1,5,CoS,OLP,2.9123084835515476,탐색적/exploratory
oral_diseases,cp,raw,3,1,6,CoS,OT,2.259719539079241,탐색적/exploratory
oral_diseases,cp,raw,3,2,3,Gum,MC,4.491432498629134,탐색적/exploratory
oral_diseases,cp,raw,3,2,4,Gum,OC,2.4637129462290916,탐색적/exploratory
oral_diseases,cp,raw,3,2,5,Gum,OLP,3.4376525496690573,탐색적/exploratory
oral_diseases,cp,raw,3,2,6,Gum,OT,2.3729532086980245,탐색적/exploratory
oral_diseases,cp,raw,3,3,4,MC,OC,4.001111337852467,탐색적/exploratory
oral_diseases,cp,raw,3,3,5,MC,OLP,5.015896654448074,탐색적/exploratory
oral_diseases,cp,raw,3,3,6,MC,OT,3.0913258268422528,탐색적/exploratory
oral_diseases,cp,raw,3,4,5,OC,OLP,3.288341352037555,탐색적/exploratory
oral_diseases,cp,raw,3,4,6,OC,OT,1.890341190127684,탐색적/exploratory
oral_diseases,cp,raw,3,5,6,OLP,OT,3.6814119086648307,탐색적/exploratory
oral_diseases,cp,train_std,4,0,1,CaS,CoS,3.308206260881837,탐색적/exploratory
oral_diseases,cp,train_std,4,0,2,CaS,Gum,2.6584560012869267,탐색적/exploratory
oral_diseases,cp,train_std,4,0,3,CaS,MC,3.374369423565243,탐색적/exploratory
oral_diseases,cp,train_std,4,0,4,CaS,OC,2.161752219691762,탐색적/exploratory
oral_diseases,cp,train_std,4,0,5,CaS,OLP,3.435570432254969,탐색적/exploratory
oral_diseases,cp,train_std,4,0,6,CaS,OT,3.118361417930047,탐색적/exploratory
oral_diseases,cp,train_std,4,1,2,CoS,Gum,2.476401776647044,탐색적/exploratory
oral_diseases,cp,train_std,4,1,3,CoS,MC,3.1197799693798403,탐색적/exploratory
oral_diseases,cp,train_std,4,1,4,CoS,OC,2.2263844165706907,탐색적/exploratory
oral_diseases,cp,train_std,4,1,5,CoS,OLP,2.7685025478801415,탐색적/exploratory
oral_diseases,cp,train_std,4,1,6,CoS,OT,2.8088351248158485,탐색적/exploratory
oral_diseases,cp,train_std,4,2,3,Gum,MC,4.2260405682178925,탐색적/exploratory
oral_diseases,cp,train_std,4,2,4,Gum,OC,2.4072768258263784,탐색적/exploratory
oral_diseases,cp,train_std,4,2,5,Gum,OLP,3.1373562919807556,탐색적/exploratory
oral_diseases,cp,train_std,4,2,6,Gum,OT,3.043303245433161,탐색적/exploratory
oral_diseases,cp,train_std,4,3,4,MC,OC,3.1161998788149785,탐색적/exploratory
oral_diseases,cp,train_std,4,3,5,MC,OLP,4.923668573286971,탐색적/exploratory
oral_diseases,cp,train_std,4,3,6,MC,OT,3.7683110072266346,탐색적/exploratory
oral_diseases,cp,train_std,4,4,5,OC,OLP,3.3192794377571953,탐색적/exploratory
oral_diseases,cp,train_std,4,4,6,OC,OT,2.9539206214995195,탐색적/exploratory
oral_diseases,cp,train_std,4,5,6,OLP,OT,4.389960136916126,탐색적/exploratory
oral_diseases,cp,raw,4,0,1,CaS,CoS,3.9614730042743065,탐색적/exploratory
oral_diseases,cp,raw,4,0,2,CaS,Gum,2.922050394412079,탐색적/exploratory
oral_diseases,cp,raw,4,0,3,CaS,MC,3.6388532004233194,탐색적/exploratory
oral_diseases,cp,raw,4,0,4,CaS,OC,2.098727495191814,탐색적/exploratory
oral_diseases,cp,raw,4,0,5,CaS,OLP,3.8387664568384112,탐색적/exploratory
oral_diseases,cp,raw,4,0,6,CaS,OT,3.2839670027990326,탐색적/exploratory
oral_diseases,cp,raw,4,1,2,CoS,Gum,3.146816111802079,탐색적/exploratory
oral_diseases,cp,raw,4,1,3,CoS,MC,4.175332372180137,탐색적/exploratory
oral_diseases,cp,raw,4,1,4,CoS,OC,2.279216564303039,탐색적/exploratory
oral_diseases,cp,raw,4,1,5,CoS,OLP,3.9016554792315223,탐색적/exploratory
oral_diseases,cp,raw,4,1,6,CoS,OT,3.199637729791048,탐색적/exploratory
oral_diseases,cp,raw,4,2,3,Gum,MC,4.647964072905511,탐색적/exploratory
oral_diseases,cp,raw,4,2,4,Gum,OC,2.4955709748779404,탐색적/exploratory
oral_diseases,cp,raw,4,2,5,Gum,OLP,3.7512722720861076,탐색적/exploratory
oral_diseases,cp,raw,4,2,6,Gum,OT,3.1765231539362846,탐색적/exploratory
oral_diseases,cp,raw,4,3,4,MC,OC,3.148750150353014,탐색적/exploratory
oral_diseases,cp,raw,4,3,5,MC,OLP,5.455077137494872,탐색적/exploratory
oral_diseases,cp,raw,4,3,6,MC,OT,3.955739133036938,탐색적/exploratory
oral_diseases,cp,raw,4,4,5,OC,OLP,3.244046411651523,탐색적/exploratory
oral_diseases,cp,raw,4,4,6,OC,OT,2.991560038527241,탐색적/exploratory
oral_diseases,cp,raw,4,5,6,OLP,OT,4.602217142435044,탐색적/exploratory
oral_diseases,cp,train_std,5,0,1,CaS,CoS,3.5901534071695265,탐색적/exploratory
oral_diseases,cp,train_std,5,0,2,CaS,Gum,2.732614081906765,탐색적/exploratory
oral_diseases,cp,train_std,5,0,3,CaS,MC,3.523454226524131,탐색적/exploratory
oral_diseases,cp,train_std,5,0,4,CaS,OC,2.3335579907052,탐색적/exploratory
oral_diseases,cp,train_std,5,0,5,CaS,OLP,2.485156149865426,탐색적/exploratory
oral_diseases,cp,train_std,5,0,6,CaS,OT,3.132516853594802,탐색적/exploratory
oral_diseases,cp,train_std,5,1,2,CoS,Gum,2.2418095280393584,탐색적/exploratory
oral_diseases,cp,train_std,5,1,3,CoS,MC,2.8129444970376345,탐색적/exploratory
oral_diseases,cp,train_std,5,1,4,CoS,OC,1.930316599843413,탐색적/exploratory
oral_diseases,cp,train_std,5,1,5,CoS,OLP,1.986477037344872,탐색적/exploratory
oral_diseases,cp,train_std,5,1,6,CoS,OT,2.542460643691578,탐색적/exploratory
oral_diseases,cp,train_std,5,2,3,Gum,MC,3.8861106687147378,탐색적/exploratory
oral_diseases,cp,train_std,5,2,4,Gum,OC,2.1120560872790772,탐색적/exploratory
oral_diseases,cp,train_std,5,2,5,Gum,OLP,2.2609281498927376,탐색적/exploratory
oral_diseases,cp,train_std,5,2,6,Gum,OT,2.7890581373832863,탐색적/exploratory
oral_diseases,cp,train_std,5,3,4,MC,OC,4.1187065170877215,탐색적/exploratory
oral_diseases,cp,train_std,5,3,5,MC,OLP,4.293815867723331,탐색적/exploratory
oral_diseases,cp,train_std,5,3,6,MC,OT,3.7047241825855672,탐색적/exploratory
oral_diseases,cp,train_std,5,4,5,OC,OLP,2.36306731169022,탐색적/exploratory
oral_diseases,cp,train_std,5,4,6,OC,OT,2.5154124328034957,탐색적/exploratory
oral_diseases,cp,train_std,5,5,6,OLP,OT,2.8523341131709503,탐색적/exploratory
oral_diseases,cp,raw,5,0,1,CaS,CoS,3.7190735585116683,탐색적/exploratory
oral_diseases,cp,raw,5,0,2,CaS,Gum,3.2042206676466116,탐색적/exploratory
oral_diseases,cp,raw,5,0,3,CaS,MC,4.8137171683611335,탐색적/exploratory
oral_diseases,cp,raw,5,0,4,CaS,OC,3.0630066219619816,탐색적/exploratory
oral_diseases,cp,raw,5,0,5,CaS,OLP,3.1883810380567343,탐색적/exploratory
oral_diseases,cp,raw,5,0,6,CaS,OT,3.4757287556127783,탐색적/exploratory
oral_diseases,cp,raw,5,1,2,CoS,Gum,2.6134439886780862,탐색적/exploratory
oral_diseases,cp,raw,5,1,3,CoS,MC,3.6534167341972084,탐색적/exploratory
oral_diseases,cp,raw,5,1,4,CoS,OC,2.259744903682158,탐색적/exploratory
oral_diseases,cp,raw,5,1,5,CoS,OLP,2.603037264540941,탐색적/exploratory
oral_diseases,cp,raw,5,1,6,CoS,OT,2.687285058159016,탐색적/exploratory
oral_diseases,cp,raw,5,2,3,Gum,MC,4.907045476995057,탐색적/exploratory
oral_diseases,cp,raw,5,2,4,Gum,OC,2.406773143991075,탐색적/exploratory
oral_diseases,cp,raw,5,2,5,Gum,OLP,2.963911141361524,탐색적/exploratory
oral_diseases,cp,raw,5,2,6,Gum,OT,3.0699549710625798,탐색적/exploratory
oral_diseases,cp,raw,5,3,4,MC,OC,4.167971544918607,탐색적/exploratory
oral_diseases,cp,raw,5,3,5,MC,OLP,4.812063640137796,탐색적/exploratory
oral_diseases,cp,raw,5,3,6,MC,OT,4.232226761651924,탐색적/exploratory
oral_diseases,cp,raw,5,4,5,OC,OLP,2.716626501366609,탐색적/exploratory
oral_diseases,cp,raw,5,4,6,OC,OT,2.859382916372499,탐색적/exploratory
oral_diseases,cp,raw,5,5,6,OLP,OT,3.135216758542032,탐색적/exploratory
oral_diseases,cp,train_std,6,0,1,CaS,CoS,2.8099834807331336,탐색적/exploratory
oral_diseases,cp,train_std,6,0,2,CaS,Gum,2.1536009042602897,탐색적/exploratory
oral_diseases,cp,train_std,6,0,3,CaS,MC,2.9781534383795356,탐색적/exploratory
oral_diseases,cp,train_std,6,0,4,CaS,OC,1.9539978331536323,탐색적/exploratory
oral_diseases,cp,train_std,6,0,5,CaS,OLP,2.8346027470225694,탐색적/exploratory
oral_diseases,cp,train_std,6,0,6,CaS,OT,2.549642545215172,탐색적/exploratory
oral_diseases,cp,train_std,6,1,2,CoS,Gum,2.1998775651061533,탐색적/exploratory
oral_diseases,cp,train_std,6,1,3,CoS,MC,2.759403168651534,탐색적/exploratory
oral_diseases,cp,train_std,6,1,4,CoS,OC,1.884091837192567,탐색적/exploratory
oral_diseases,cp,train_std,6,1,5,CoS,OLP,2.1509059795059438,탐색적/exploratory
oral_diseases,cp,train_std,6,1,6,CoS,OT,2.6742501585518417,탐색적/exploratory
oral_diseases,cp,train_std,6,2,3,Gum,MC,3.8337543602247277,탐색적/exploratory
oral_diseases,cp,train_std,6,2,4,Gum,OC,2.472102163889614,탐색적/exploratory
oral_diseases,cp,train_std,6,2,5,Gum,OLP,2.706748603654464,탐색적/exploratory
oral_diseases,cp,train_std,6,2,6,Gum,OT,2.6301878406539405,탐색적/exploratory
oral_diseases,cp,train_std,6,3,4,MC,OC,4.165394890059938,탐색적/exploratory
oral_diseases,cp,train_std,6,3,5,MC,OLP,4.424319656878271,탐색적/exploratory
oral_diseases,cp,train_std,6,3,6,MC,OT,3.6579964778206464,탐색적/exploratory
oral_diseases,cp,train_std,6,4,5,OC,OLP,3.154676238037741,탐색적/exploratory
oral_diseases,cp,train_std,6,4,6,OC,OT,2.798285808726947,탐색적/exploratory
oral_diseases,cp,train_std,6,5,6,OLP,OT,3.6119966384844595,탐색적/exploratory
oral_diseases,cp,raw,6,0,1,CaS,CoS,2.9963881915299106,탐색적/exploratory
oral_diseases,cp,raw,6,0,2,CaS,Gum,2.428755416513801,탐색적/exploratory
oral_diseases,cp,raw,6,0,3,CaS,MC,3.514671656338618,탐색적/exploratory
oral_diseases,cp,raw,6,0,4,CaS,OC,2.4653439177400402,탐색적/exploratory
oral_diseases,cp,raw,6,0,5,CaS,OLP,3.325217220363459,탐색적/exploratory
oral_diseases,cp,raw,6,0,6,CaS,OT,2.570713526861845,탐색적/exploratory
oral_diseases,cp,raw,6,1,2,CoS,Gum,2.6285137193272896,탐색적/exploratory
oral_diseases,cp,raw,6,1,3,CoS,MC,3.4043300503444835,탐색적/exploratory
oral_diseases,cp,raw,6,1,4,CoS,OC,2.380784178208307,탐색적/exploratory
oral_diseases,cp,raw,6,1,5,CoS,OLP,2.6605473163642044,탐색적/exploratory
oral_diseases,cp,raw,6,1,6,CoS,OT,2.9220637409038166,탐색적/exploratory
oral_diseases,cp,raw,6,2,3,Gum,MC,4.078138981060058,탐색적/exploratory
oral_diseases,cp,raw,6,2,4,Gum,OC,2.998009349884729,탐색적/exploratory
oral_diseases,cp,raw,6,2,5,Gum,OLP,3.1643422544570363,탐색적/exploratory
oral_diseases,cp,raw,6,2,6,Gum,OT,2.7953889756059054,탐색적/exploratory
oral_diseases,cp,raw,6,3,4,MC,OC,4.417123622350884,탐색적/exploratory
oral_diseases,cp,raw,6,3,5,MC,OLP,4.614486700266396,탐색적/exploratory
oral_diseases,cp,raw,6,3,6,MC,OT,4.066832861614811,탐색적/exploratory
oral_diseases,cp,raw,6,4,5,OC,OLP,3.5833380744930885,탐색적/exploratory
oral_diseases,cp,raw,6,4,6,OC,OT,3.3723601706838595,탐색적/exploratory
oral_diseases,cp,raw,6,5,6,OLP,OT,3.9445835821062896,탐색적/exploratory
oral_diseases,cp,train_std,7,0,1,CaS,CoS,2.7497970614578855,탐색적/exploratory
oral_diseases,cp,train_std,7,0,2,CaS,Gum,3.4343999549746558,탐색적/exploratory
oral_diseases,cp,train_std,7,0,3,CaS,MC,3.1946972996098753,탐색적/exploratory
oral_diseases,cp,train_std,7,0,4,CaS,OC,2.773566395763489,탐색적/exploratory
oral_diseases,cp,train_std,7,0,5,CaS,OLP,3.5094566077101095,탐색적/exploratory
oral_diseases,cp,train_std,7,0,6,CaS,OT,3.5115649748168956,탐색적/exploratory
oral_diseases,cp,train_std,7,1,2,CoS,Gum,2.353640847119619,탐색적/exploratory
oral_diseases,cp,train_std,7,1,3,CoS,MC,2.227076151833282,탐색적/exploratory
oral_diseases,cp,train_std,7,1,4,CoS,OC,2.090951132444933,탐색적/exploratory
oral_diseases,cp,train_std,7,1,5,CoS,OLP,2.3258644434954663,탐색적/exploratory
oral_diseases,cp,train_std,7,1,6,CoS,OT,2.3373985569877562,탐색적/exploratory
oral_diseases,cp,train_std,7,2,3,Gum,MC,3.4783982258826485,탐색적/exploratory
oral_diseases,cp,train_std,7,2,4,Gum,OC,2.9382178311987923,탐색적/exploratory
oral_diseases,cp,train_std,7,2,5,Gum,OLP,3.2688969833353987,탐색적/exploratory
oral_diseases,cp,train_std,7,2,6,Gum,OT,3.347993431889493,탐색적/exploratory
oral_diseases,cp,train_std,7,3,4,MC,OC,3.962781067911676,탐색적/exploratory
oral_diseases,cp,train_std,7,3,5,MC,OLP,4.289218734291979,탐색적/exploratory
oral_diseases,cp,train_std,7,3,6,MC,OT,3.044887636578272,탐색적/exploratory
oral_diseases,cp,train_std,7,4,5,OC,OLP,4.775244176623652,탐색적/exploratory
oral_diseases,cp,train_std,7,4,6,OC,OT,2.982938629432705,탐색적/exploratory
oral_diseases,cp,train_std,7,5,6,OLP,OT,4.563482057399481,탐색적/exploratory
oral_diseases,cp,raw,7,0,1,CaS,CoS,3.1224011460235728,탐색적/exploratory
oral_diseases,cp,raw,7,0,2,CaS,Gum,3.6610329065366756,탐색적/exploratory
oral_diseases,cp,raw,7,0,3,CaS,MC,3.5637575771418937,탐색적/exploratory
oral_diseases,cp,raw,7,0,4,CaS,OC,2.841485141315301,탐색적/exploratory
oral_diseases,cp,raw,7,0,5,CaS,OLP,3.8644577683317034,탐색적/exploratory
oral_diseases,cp,raw,7,0,6,CaS,OT,3.7361323790919885,탐색적/exploratory
oral_diseases,cp,raw,7,1,2,CoS,Gum,2.8214930438107935,탐색적/exploratory
oral_diseases,cp,raw,7,1,3,CoS,MC,2.8440242216597778,탐색적/exploratory
oral_diseases,cp,raw,7,1,4,CoS,OC,2.4346138893625686,탐색적/exploratory
oral_diseases,cp,raw,7,1,5,CoS,OLP,2.9747595406085057,탐색적/exploratory
oral_diseases,cp,raw,7,1,6,CoS,OT,2.8692632731476775,탐색적/exploratory
oral_diseases,cp,raw,7,2,3,Gum,MC,3.72757489341882,탐색적/exploratory
oral_diseases,cp,raw,7,2,4,Gum,OC,3.1365432003882074,탐색적/exploratory
oral_diseases,cp,raw,7,2,5,Gum,OLP,3.792110073434106,탐색적/exploratory
oral_diseases,cp,raw,7,2,6,Gum,OT,3.708750206557921,탐색적/exploratory
oral_diseases,cp,raw,7,3,4,MC,OC,3.9780621413993194,탐색적/exploratory
oral_diseases,cp,raw,7,3,5,MC,OLP,4.463028484326527,탐색적/exploratory
oral_diseases,cp,raw,7,3,6,MC,OT,3.209712366751898,탐색적/exploratory
oral_diseases,cp,raw,7,4,5,OC,OLP,4.74416930211758,탐색적/exploratory
oral_diseases,cp,raw,7,4,6,OC,OT,3.036734503762915,탐색적/exploratory
oral_diseases,cp,raw,7,5,6,OLP,OT,4.415044696823161,탐색적/exploratory
oral_diseases,cp,train_std,8,0,1,CaS,CoS,2.77193677586471,탐색적/exploratory
oral_diseases,cp,train_std,8,0,2,CaS,Gum,3.234914431264587,탐색적/exploratory
oral_diseases,cp,train_std,8,0,3,CaS,MC,2.9508528419291467,탐색적/exploratory
oral_diseases,cp,train_std,8,0,4,CaS,OC,2.5033826181461825,탐색적/exploratory
oral_diseases,cp,train_std,8,0,5,CaS,OLP,3.1932935385826626,탐색적/exploratory
oral_diseases,cp,train_std,8,0,6,CaS,OT,2.7078704138777026,탐색적/exploratory
oral_diseases,cp,train_std,8,1,2,CoS,Gum,2.3838633414508927,탐색적/exploratory
oral_diseases,cp,train_std,8,1,3,CoS,MC,2.5762789285759693,탐색적/exploratory
oral_diseases,cp,train_std,8,1,4,CoS,OC,2.1304801161020257,탐색적/exploratory
oral_diseases,cp,train_std,8,1,5,CoS,OLP,2.4488157818374643,탐색적/exploratory
oral_diseases,cp,train_std,8,1,6,CoS,OT,2.3645779303336396,탐색적/exploratory
oral_diseases,cp,train_std,8,2,3,Gum,MC,4.467006519270329,탐색적/exploratory
oral_diseases,cp,train_std,8,2,4,Gum,OC,2.736591493514343,탐색적/exploratory
oral_diseases,cp,train_std,8,2,5,Gum,OLP,3.6748867701806396,탐색적/exploratory
oral_diseases,cp,train_std,8,2,6,Gum,OT,3.6671087091744665,탐색적/exploratory
oral_diseases,cp,train_std,8,3,4,MC,OC,4.561095902905076,탐색적/exploratory
oral_diseases,cp,train_std,8,3,5,MC,OLP,4.577323956287695,탐색적/exploratory
oral_diseases,cp,train_std,8,3,6,MC,OT,3.4558747368214515,탐색적/exploratory
oral_diseases,cp,train_std,8,4,5,OC,OLP,5.2538951523613076,탐색적/exploratory
oral_diseases,cp,train_std,8,4,6,OC,OT,2.803633126109973,탐색적/exploratory
oral_diseases,cp,train_std,8,5,6,OLP,OT,4.224482649952719,탐색적/exploratory
oral_diseases,cp,raw,8,0,1,CaS,CoS,3.315467834885136,탐색적/exploratory
oral_diseases,cp,raw,8,0,2,CaS,Gum,3.651991121019516,탐색적/exploratory
oral_diseases,cp,raw,8,0,3,CaS,MC,3.6469658245168852,탐색적/exploratory
oral_diseases,cp,raw,8,0,4,CaS,OC,2.8071591128202784,탐색적/exploratory
oral_diseases,cp,raw,8,0,5,CaS,OLP,3.958389450103715,탐색적/exploratory
oral_diseases,cp,raw,8,0,6,CaS,OT,2.9641663033458046,탐색적/exploratory
oral_diseases,cp,raw,8,1,2,CoS,Gum,3.0680577944362426,탐색적/exploratory
oral_diseases,cp,raw,8,1,3,CoS,MC,3.6290096707239767,탐색적/exploratory
oral_diseases,cp,raw,8,1,4,CoS,OC,2.6449229032554693,탐색적/exploratory
oral_diseases,cp,raw,8,1,5,CoS,OLP,3.4399730869508462,탐색적/exploratory
oral_diseases,cp,raw,8,1,6,CoS,OT,2.931431087761993,탐색적/exploratory
oral_diseases,cp,raw,8,2,3,Gum,MC,4.876678568986572,탐색적/exploratory
oral_diseases,cp,raw,8,2,4,Gum,OC,2.9066417376137386,탐색적/exploratory
oral_diseases,cp,raw,8,2,5,Gum,OLP,4.199934758939113,탐색적/exploratory
oral_diseases,cp,raw,8,2,6,Gum,OT,3.9649189082683822,탐색적/exploratory
oral_diseases,cp,raw,8,3,4,MC,OC,4.562786255083741,탐색적/exploratory
oral_diseases,cp,raw,8,3,5,MC,OLP,4.9137343001273255,탐색적/exploratory
oral_diseases,cp,raw,8,3,6,MC,OT,3.640009438908507,탐색적/exploratory
oral_diseases,cp,raw,8,4,5,OC,OLP,5.278386783767844,탐색적/exploratory
oral_diseases,cp,raw,8,4,6,OC,OT,2.86527804744418,탐색적/exploratory
oral_diseases,cp,raw,8,5,6,OLP,OT,4.19133666205404,탐색적/exploratory
oral_diseases,cp,train_std,9,0,1,CaS,CoS,2.9959973006133236,탐색적/exploratory
oral_diseases,cp,train_std,9,0,2,CaS,Gum,3.553472323593559,탐색적/exploratory
oral_diseases,cp,train_std,9,0,3,CaS,MC,3.4317793087954565,탐색적/exploratory
oral_diseases,cp,train_std,9,0,4,CaS,OC,2.4384421137491286,탐색적/exploratory
oral_diseases,cp,train_std,9,0,5,CaS,OLP,2.5751559638870822,탐색적/exploratory
oral_diseases,cp,train_std,9,0,6,CaS,OT,2.6824109116987764,탐색적/exploratory
oral_diseases,cp,train_std,9,1,2,CoS,Gum,2.6693780287657054,탐색적/exploratory
oral_diseases,cp,train_std,9,1,3,CoS,MC,3.0428065463371343,탐색적/exploratory
oral_diseases,cp,train_std,9,1,4,CoS,OC,2.166185757695385,탐색적/exploratory
oral_diseases,cp,train_std,9,1,5,CoS,OLP,2.1084653601672216,탐색적/exploratory
oral_diseases,cp,train_std,9,1,6,CoS,OT,2.4292819485397814,탐색적/exploratory
oral_diseases,cp,train_std,9,2,3,Gum,MC,4.676335355492888,탐색적/exploratory
oral_diseases,cp,train_std,9,2,4,Gum,OC,2.651147395556042,탐색적/exploratory
oral_diseases,cp,train_std,9,2,5,Gum,OLP,3.3871984229826855,탐색적/exploratory
oral_diseases,cp,train_std,9,2,6,Gum,OT,3.1064934120583603,탐색적/exploratory
oral_diseases,cp,train_std,9,3,4,MC,OC,4.6690464579457025,탐색적/exploratory
oral_diseases,cp,train_std,9,3,5,MC,OLP,4.280296763012006,탐색적/exploratory
oral_diseases,cp,train_std,9,3,6,MC,OT,3.722881927740419,탐색적/exploratory
oral_diseases,cp,train_std,9,4,5,OC,OLP,3.265980500330796,탐색적/exploratory
oral_diseases,cp,train_std,9,4,6,OC,OT,3.222422289161334,탐색적/exploratory
oral_diseases,cp,train_std,9,5,6,OLP,OT,5.198102488563977,탐색적/exploratory
oral_diseases,cp,raw,9,0,1,CaS,CoS,3.458196097872739,탐색적/exploratory
oral_diseases,cp,raw,9,0,2,CaS,Gum,4.1634838295635275,탐색적/exploratory
oral_diseases,cp,raw,9,0,3,CaS,MC,4.257746737160298,탐색적/exploratory
oral_diseases,cp,raw,9,0,4,CaS,OC,2.8843783324176373,탐색적/exploratory
oral_diseases,cp,raw,9,0,5,CaS,OLP,3.4521145065464767,탐색적/exploratory
oral_diseases,cp,raw,9,0,6,CaS,OT,3.099058746202556,탐색적/exploratory
oral_diseases,cp,raw,9,1,2,CoS,Gum,3.343945952955576,탐색적/exploratory
oral_diseases,cp,raw,9,1,3,CoS,MC,3.8317611777083127,탐색적/exploratory
oral_diseases,cp,raw,9,1,4,CoS,OC,2.556187199930722,탐색적/exploratory
oral_diseases,cp,raw,9,1,5,CoS,OLP,2.844993458295024,탐색적/exploratory
oral_diseases,cp,raw,9,1,6,CoS,OT,2.858349739499916,탐색적/exploratory
oral_diseases,cp,raw,9,2,3,Gum,MC,4.915605118950028,탐색적/exploratory
oral_diseases,cp,raw,9,2,4,Gum,OC,2.7632346765993505,탐색적/exploratory
oral_diseases,cp,raw,9,2,5,Gum,OLP,4.212956719257476,탐색적/exploratory
oral_diseases,cp,raw,9,2,6,Gum,OT,3.403199715475628,탐색적/exploratory
oral_diseases,cp,raw,9,3,4,MC,OC,4.628037778498653,탐색적/exploratory
oral_diseases,cp,raw,9,3,5,MC,OLP,4.811635739931629,탐색적/exploratory
oral_diseases,cp,raw,9,3,6,MC,OT,3.941428624128133,탐색적/exploratory
oral_diseases,cp,raw,9,4,5,OC,OLP,3.3900654367136838,탐색적/exploratory
oral_diseases,cp,raw,9,4,6,OC,OT,3.305426891617355,탐색적/exploratory
oral_diseases,cp,raw,9,5,6,OLP,OT,5.405990913721345,탐색적/exploratory
oral_diseases,cp,train_std,10,0,1,CaS,CoS,3.054384947512012,탐색적/exploratory
oral_diseases,cp,train_std,10,0,2,CaS,Gum,2.974001868095363,탐색적/exploratory
oral_diseases,cp,train_std,10,0,3,CaS,MC,3.2878675022261694,탐색적/exploratory
oral_diseases,cp,train_std,10,0,4,CaS,OC,2.363641394196782,탐색적/exploratory
oral_diseases,cp,train_std,10,0,5,CaS,OLP,2.70504800253638,탐색적/exploratory
oral_diseases,cp,train_std,10,0,6,CaS,OT,2.7384499579231862,탐색적/exploratory
oral_diseases,cp,train_std,10,1,2,CoS,Gum,2.4064405123472854,탐색적/exploratory
oral_diseases,cp,train_std,10,1,3,CoS,MC,2.7842814184641984,탐색적/exploratory
oral_diseases,cp,train_std,10,1,4,CoS,OC,1.9567164225281553,탐색적/exploratory
oral_diseases,cp,train_std,10,1,5,CoS,OLP,2.34717050992429,탐색적/exploratory
oral_diseases,cp,train_std,10,1,6,CoS,OT,2.2597171425265503,탐색적/exploratory
oral_diseases,cp,train_std,10,2,3,Gum,MC,4.256419690047675,탐색적/exploratory
oral_diseases,cp,train_std,10,2,4,Gum,OC,2.5371376696966883,탐색적/exploratory
oral_diseases,cp,train_std,10,2,5,Gum,OLP,2.873975220361183,탐색적/exploratory
oral_diseases,cp,train_std,10,2,6,Gum,OT,3.336433742653053,탐색적/exploratory
oral_diseases,cp,train_std,10,3,4,MC,OC,6.406502852842642,탐색적/exploratory
oral_diseases,cp,train_std,10,3,5,MC,OLP,5.417654487834185,탐색적/exploratory
oral_diseases,cp,train_std,10,3,6,MC,OT,3.977028878148907,탐색적/exploratory
oral_diseases,cp,train_std,10,4,5,OC,OLP,3.9072560786560997,탐색적/exploratory
oral_diseases,cp,train_std,10,4,6,OC,OT,2.853552511905024,탐색적/exploratory
oral_diseases,cp,train_std,10,5,6,OLP,OT,3.8221832128013915,탐색적/exploratory
oral_diseases,cp,raw,10,0,1,CaS,CoS,3.31380903997224,탐색적/exploratory
oral_diseases,cp,raw,10,0,2,CaS,Gum,3.6361671921916665,탐색적/exploratory
oral_diseases,cp,raw,10,0,3,CaS,MC,4.272622562971355,탐색적/exploratory
oral_diseases,cp,raw,10,0,4,CaS,OC,3.1921207991340785,탐색적/exploratory
oral_diseases,cp,raw,10,0,5,CaS,OLP,3.3868823934427716,탐색적/exploratory
oral_diseases,cp,raw,10,0,6,CaS,OT,3.168837059071983,탐색적/exploratory
oral_diseases,cp,raw,10,1,2,CoS,Gum,3.1119115887977773,탐색적/exploratory
oral_diseases,cp,raw,10,1,3,CoS,MC,3.495985194195866,탐색적/exploratory
oral_diseases,cp,raw,10,1,4,CoS,OC,2.517085668235328,탐색적/exploratory
oral_diseases,cp,raw,10,1,5,CoS,OLP,3.1108682391158275,탐색적/exploratory
oral_diseases,cp,raw,10,1,6,CoS,OT,2.6591409272348328,탐색적/exploratory
oral_diseases,cp,raw,10,2,3,Gum,MC,4.745289927498151,탐색적/exploratory
oral_diseases,cp,raw,10,2,4,Gum,OC,2.973409071823344,탐색적/exploratory
oral_diseases,cp,raw,10,2,5,Gum,OLP,3.5042423845339554,탐색적/exploratory
oral_diseases,cp,raw,10,2,6,Gum,OT,3.716438332420593,탐색적/exploratory
oral_diseases,cp,raw,10,3,4,MC,OC,6.419944412317758,탐색적/exploratory
oral_diseases,cp,raw,10,3,5,MC,OLP,5.886843479763532,탐색적/exploratory
oral_diseases,cp,raw,10,3,6,MC,OT,4.14762734388434,탐색적/exploratory
oral_diseases,cp,raw,10,4,5,OC,OLP,4.13055360980911,탐색적/exploratory
oral_diseases,cp,raw,10,4,6,OC,OT,2.9826105868172736,탐색적/exploratory
oral_diseases,cp,raw,10,5,6,OLP,OT,3.9991779311734907,탐색적/exploratory
oral_diseases,cp,train_std,11,0,1,CaS,CoS,2.9158041774787913,탐색적/exploratory
oral_diseases,cp,train_std,11,0,2,CaS,Gum,3.4416380389734966,탐색적/exploratory
oral_diseases,cp,train_std,11,0,3,CaS,MC,3.2369648308449013,탐색적/exploratory
oral_diseases,cp,train_std,11,0,4,CaS,OC,2.2916591004750133,탐색적/exploratory
oral_diseases,cp,train_std,11,0,5,CaS,OLP,3.3243657511950873,탐색적/exploratory
oral_diseases,cp,train_std,11,0,6,CaS,OT,3.9243161168092997,탐색적/exploratory
oral_diseases,cp,train_std,11,1,2,CoS,Gum,2.528651849075183,탐색적/exploratory
oral_diseases,cp,train_std,11,1,3,CoS,MC,2.272174302553413,탐색적/exploratory
oral_diseases,cp,train_std,11,1,4,CoS,OC,1.7043642412468858,탐색적/exploratory
oral_diseases,cp,train_std,11,1,5,CoS,OLP,2.3016397827003514,탐색적/exploratory
oral_diseases,cp,train_std,11,1,6,CoS,OT,2.7247210427336452,탐색적/exploratory
oral_diseases,cp,train_std,11,2,3,Gum,MC,4.208447162208897,탐색적/exploratory
oral_diseases,cp,train_std,11,2,4,Gum,OC,2.7758386422275287,탐색적/exploratory
oral_diseases,cp,train_std,11,2,5,Gum,OLP,3.815999629566451,탐색적/exploratory
oral_diseases,cp,train_std,11,2,6,Gum,OT,3.4251632658583424,탐색적/exploratory
oral_diseases,cp,train_std,11,3,4,MC,OC,3.3726805899021026,탐색적/exploratory
oral_diseases,cp,train_std,11,3,5,MC,OLP,5.044541501465627,탐색적/exploratory
oral_diseases,cp,train_std,11,3,6,MC,OT,4.289634233747095,탐색적/exploratory
oral_diseases,cp,train_std,11,4,5,OC,OLP,3.9922574515181397,탐색적/exploratory
oral_diseases,cp,train_std,11,4,6,OC,OT,3.1537776722839332,탐색적/exploratory
oral_diseases,cp,train_std,11,5,6,OLP,OT,5.023045767869579,탐색적/exploratory
oral_diseases,cp,raw,11,0,1,CaS,CoS,3.279957876117665,탐색적/exploratory
oral_diseases,cp,raw,11,0,2,CaS,Gum,3.9033069391513173,탐색적/exploratory
oral_diseases,cp,raw,11,0,3,CaS,MC,3.914351647845073,탐색적/exploratory
oral_diseases,cp,raw,11,0,4,CaS,OC,2.71374331823341,탐색적/exploratory
oral_diseases,cp,raw,11,0,5,CaS,OLP,4.015254510140265,탐색적/exploratory
oral_diseases,cp,raw,11,0,6,CaS,OT,4.209670852269996,탐색적/exploratory
oral_diseases,cp,raw,11,1,2,CoS,Gum,3.118839167103653,탐색적/exploratory
oral_diseases,cp,raw,11,1,3,CoS,MC,3.0956061771349797,탐색적/exploratory
oral_diseases,cp,raw,11,1,4,CoS,OC,2.14796236906194,탐색적/exploratory
oral_diseases,cp,raw,11,1,5,CoS,OLP,3.195354586829015,탐색적/exploratory
oral_diseases,cp,raw,11,1,6,CoS,OT,3.374200142876242,탐색적/exploratory
oral_diseases,cp,raw,11,2,3,Gum,MC,4.61057255190665,탐색적/exploratory
oral_diseases,cp,raw,11,2,4,Gum,OC,3.001797707590188,탐색적/exploratory
oral_diseases,cp,raw,11,2,5,Gum,OLP,4.574655193304589,탐색적/exploratory
oral_diseases,cp,raw,11,2,6,Gum,OT,3.5858043806812194,탐색적/exploratory
oral_diseases,cp,raw,11,3,4,MC,OC,3.429135292845616,탐색적/exploratory
oral_diseases,cp,raw,11,3,5,MC,OLP,5.258418908280776,탐색적/exploratory
oral_diseases,cp,raw,11,3,6,MC,OT,4.589371976960862,탐색적/exploratory
oral_diseases,cp,raw,11,4,5,OC,OLP,3.9311221995898267,탐색적/exploratory
oral_diseases,cp,raw,11,4,6,OC,OT,3.3492381874142567,탐색적/exploratory
oral_diseases,cp,raw,11,5,6,OLP,OT,5.043635255262373,탐색적/exploratory
oral_diseases,cp,train_std,12,0,1,CaS,CoS,4.036481095514239,탐색적/exploratory
oral_diseases,cp,train_std,12,0,2,CaS,Gum,3.6803114776679453,탐색적/exploratory
oral_diseases,cp,train_std,12,0,3,CaS,MC,2.760208257699748,탐색적/exploratory
oral_diseases,cp,train_std,12,0,4,CaS,OC,2.3053298367178874,탐색적/exploratory
oral_diseases,cp,train_std,12,0,5,CaS,OLP,3.0981794273182617,탐색적/exploratory
oral_diseases,cp,train_std,12,0,6,CaS,OT,2.7342503264661744,탐색적/exploratory
oral_diseases,cp,train_std,12,1,2,CoS,Gum,2.76086585118526,탐색적/exploratory
oral_diseases,cp,train_std,12,1,3,CoS,MC,2.6850890110611356,탐색적/exploratory
oral_diseases,cp,train_std,12,1,4,CoS,OC,2.252351865960635,탐색적/exploratory
oral_diseases,cp,train_std,12,1,5,CoS,OLP,2.4926809568122668,탐색적/exploratory
oral_diseases,cp,train_std,12,1,6,CoS,OT,2.4949465971621256,탐색적/exploratory
oral_diseases,cp,train_std,12,2,3,Gum,MC,3.8861381438477673,탐색적/exploratory
oral_diseases,cp,train_std,12,2,4,Gum,OC,2.324802558711372,탐색적/exploratory
oral_diseases,cp,train_std,12,2,5,Gum,OLP,3.628470567097826,탐색적/exploratory
oral_diseases,cp,train_std,12,2,6,Gum,OT,3.520960182774347,탐색적/exploratory
oral_diseases,cp,train_std,12,3,4,MC,OC,3.2804639022662876,탐색적/exploratory
oral_diseases,cp,train_std,12,3,5,MC,OLP,3.1741578295237916,탐색적/exploratory
oral_diseases,cp,train_std,12,3,6,MC,OT,2.642894122558991,탐색적/exploratory
oral_diseases,cp,train_std,12,4,5,OC,OLP,3.0937086618349294,탐색적/exploratory
oral_diseases,cp,train_std,12,4,6,OC,OT,2.2252677696036014,탐색적/exploratory
oral_diseases,cp,train_std,12,5,6,OLP,OT,4.253473024361428,탐색적/exploratory
oral_diseases,cp,raw,12,0,1,CaS,CoS,4.651731162088799,탐색적/exploratory
oral_diseases,cp,raw,12,0,2,CaS,Gum,4.204856085985218,탐색적/exploratory
oral_diseases,cp,raw,12,0,3,CaS,MC,3.5379733210887268,탐색적/exploratory
oral_diseases,cp,raw,12,0,4,CaS,OC,2.9668247112718418,탐색적/exploratory
oral_diseases,cp,raw,12,0,5,CaS,OLP,4.0221864624132,탐색적/exploratory
oral_diseases,cp,raw,12,0,6,CaS,OT,3.1497071816053817,탐색적/exploratory
oral_diseases,cp,raw,12,1,2,CoS,Gum,3.3190273824263827,탐색적/exploratory
oral_diseases,cp,raw,12,1,3,CoS,MC,3.2880228922108414,탐색적/exploratory
oral_diseases,cp,raw,12,1,4,CoS,OC,2.7169319540033507,탐색적/exploratory
oral_diseases,cp,raw,12,1,5,CoS,OLP,3.3955339509357674,탐색적/exploratory
oral_diseases,cp,raw,12,1,6,CoS,OT,3.0706200897597142,탐색적/exploratory
oral_diseases,cp,raw,12,2,3,Gum,MC,4.29479100417785,탐색적/exploratory
oral_diseases,cp,raw,12,2,4,Gum,OC,2.646404577734853,탐색적/exploratory
oral_diseases,cp,raw,12,2,5,Gum,OLP,4.407231660036478,탐색적/exploratory
oral_diseases,cp,raw,12,2,6,Gum,OT,3.778956889368046,탐색적/exploratory
oral_diseases,cp,raw,12,3,4,MC,OC,3.5316874375973857,탐색적/exploratory
oral_diseases,cp,raw,12,3,5,MC,OLP,3.6922695068971954,탐색적/exploratory
oral_diseases,cp,raw,12,3,6,MC,OT,2.885709064041747,탐색적/exploratory
oral_diseases,cp,raw,12,4,5,OC,OLP,3.5007443126461806,탐색적/exploratory
oral_diseases,cp,raw,12,4,6,OC,OT,2.3520895216458086,탐색적/exploratory
oral_diseases,cp,raw,12,5,6,OLP,OT,4.474324416999235,탐색적/exploratory
oral_diseases,cp,train_std,13,0,1,CaS,CoS,2.145618610767413,탐색적/exploratory
oral_diseases,cp,train_std,13,0,2,CaS,Gum,2.1714759520067664,탐색적/exploratory
oral_diseases,cp,train_std,13,0,3,CaS,MC,2.087043478973069,탐색적/exploratory
oral_diseases,cp,train_std,13,0,4,CaS,OC,2.0547320842625636,탐색적/exploratory
oral_diseases,cp,train_std,13,0,5,CaS,OLP,2.315074354162728,탐색적/exploratory
oral_diseases,cp,train_std,13,0,6,CaS,OT,2.2295167127841373,탐색적/exploratory
oral_diseases,cp,train_std,13,1,2,CoS,Gum,2.283031499529479,탐색적/exploratory
oral_diseases,cp,train_std,13,1,3,CoS,MC,2.183993453593451,탐색적/exploratory
oral_diseases,cp,train_std,13,1,4,CoS,OC,2.0023778152504277,탐색적/exploratory
oral_diseases,cp,train_std,13,1,5,CoS,OLP,2.1995107488219277,탐색적/exploratory
oral_diseases,cp,train_std,13,1,6,CoS,OT,2.2076828725267323,탐색적/exploratory
oral_diseases,cp,train_std,13,2,3,Gum,MC,2.7677832960925546,탐색적/exploratory
oral_diseases,cp,train_std,13,2,4,Gum,OC,2.5731219971535912,탐색적/exploratory
oral_diseases,cp,train_std,13,2,5,Gum,OLP,2.8838804797100095,탐색적/exploratory
oral_diseases,cp,train_std,13,2,6,Gum,OT,2.8392351376227745,탐색적/exploratory
oral_diseases,cp,train_std,13,3,4,MC,OC,4.089835206008685,탐색적/exploratory
oral_diseases,cp,train_std,13,3,5,MC,OLP,3.728112928785157,탐색적/exploratory
oral_diseases,cp,train_std,13,3,6,MC,OT,2.6143309066750224,탐색적/exploratory
oral_diseases,cp,train_std,13,4,5,OC,OLP,4.145593228391533,탐색적/exploratory
oral_diseases,cp,train_std,13,4,6,OC,OT,2.580078899150998,탐색적/exploratory
oral_diseases,cp,train_std,13,5,6,OLP,OT,3.7582793223764894,탐색적/exploratory
oral_diseases,cp,raw,13,0,1,CaS,CoS,2.509045229972219,탐색적/exploratory
oral_diseases,cp,raw,13,0,2,CaS,Gum,2.545773627785409,탐색적/exploratory
oral_diseases,cp,raw,13,0,3,CaS,MC,2.817210700411606,탐색적/exploratory
oral_diseases,cp,raw,13,0,4,CaS,OC,2.6633939870426038,탐색적/exploratory
oral_diseases,cp,raw,13,0,5,CaS,OLP,3.234744401867121,탐색적/exploratory
oral_diseases,cp,raw,13,0,6,CaS,OT,2.575559852159953,탐색적/exploratory
oral_diseases,cp,raw,13,1,2,CoS,Gum,2.850038742322891,탐색적/exploratory
oral_diseases,cp,raw,13,1,3,CoS,MC,3.062007745463555,탐색적/exploratory
oral_diseases,cp,raw,13,1,4,CoS,OC,2.394555550734849,탐색적/exploratory
oral_diseases,cp,raw,13,1,5,CoS,OLP,3.0225516139790516,탐색적/exploratory
oral_diseases,cp,raw,13,1,6,CoS,OT,2.5091064981460467,탐색적/exploratory
oral_diseases,cp,raw,13,2,3,Gum,MC,3.13606878653042,탐색적/exploratory
oral_diseases,cp,raw,13,2,4,Gum,OC,2.902784869385031,탐색적/exploratory
oral_diseases,cp,raw,13,2,5,Gum,OLP,3.656069003243533,탐색적/exploratory
oral_diseases,cp,raw,13,2,6,Gum,OT,3.30308767728827,탐색적/exploratory
oral_diseases,cp,raw,13,3,4,MC,OC,3.9670838016866186,탐색적/exploratory
oral_diseases,cp,raw,13,3,5,MC,OLP,4.12187679751594,탐색적/exploratory
oral_diseases,cp,raw,13,3,6,MC,OT,3.0733741280038696,탐색적/exploratory
oral_diseases,cp,raw,13,4,5,OC,OLP,4.646872491914558,탐색적/exploratory
oral_diseases,cp,raw,13,4,6,OC,OT,2.8539305717755146,탐색적/exploratory
oral_diseases,cp,raw,13,5,6,OLP,OT,3.9990715145382185,탐색적/exploratory
oral_diseases,cp,train_std,14,0,1,CaS,CoS,3.31657776598535,탐색적/exploratory
oral_diseases,cp,train_std,14,0,2,CaS,Gum,3.007056674533195,탐색적/exploratory
oral_diseases,cp,train_std,14,0,3,CaS,MC,3.555723658276904,탐색적/exploratory
oral_diseases,cp,train_std,14,0,4,CaS,OC,2.399966087480226,탐색적/exploratory
oral_diseases,cp,train_std,14,0,5,CaS,OLP,2.859992481486271,탐색적/exploratory
oral_diseases,cp,train_std,14,0,6,CaS,OT,2.710079364193338,탐색적/exploratory
oral_diseases,cp,train_std,14,1,2,CoS,Gum,2.4606580695200004,탐색적/exploratory
oral_diseases,cp,train_std,14,1,3,CoS,MC,2.7109202206720098,탐색적/exploratory
oral_diseases,cp,train_std,14,1,4,CoS,OC,2.1203551380525663,탐색적/exploratory
oral_diseases,cp,train_std,14,1,5,CoS,OLP,2.3836896115742854,탐색적/exploratory
oral_diseases,cp,train_std,14,1,6,CoS,OT,2.5709626449843133,탐색적/exploratory
oral_diseases,cp,train_std,14,2,3,Gum,MC,4.003580719884045,탐색적/exploratory
oral_diseases,cp,train_std,14,2,4,Gum,OC,2.537375666917422,탐색적/exploratory
oral_diseases,cp,train_std,14,2,5,Gum,OLP,2.776742813512128,탐색적/exploratory
oral_diseases,cp,train_std,14,2,6,Gum,OT,2.445471127062667,탐색적/exploratory
oral_diseases,cp,train_std,14,3,4,MC,OC,4.628029718878127,탐색적/exploratory
oral_diseases,cp,train_std,14,3,5,MC,OLP,4.240509677380922,탐색적/exploratory
oral_diseases,cp,train_std,14,3,6,MC,OT,2.678161430223982,탐색적/exploratory
oral_diseases,cp,train_std,14,4,5,OC,OLP,2.9597823751637775,탐색적/exploratory
oral_diseases,cp,train_std,14,4,6,OC,OT,2.221956455681912,탐색적/exploratory
oral_diseases,cp,train_std,14,5,6,OLP,OT,3.3364207894189986,탐색적/exploratory
oral_diseases,cp,raw,14,0,1,CaS,CoS,3.737282294137577,탐색적/exploratory
oral_diseases,cp,raw,14,0,2,CaS,Gum,3.552024525321906,탐색적/exploratory
oral_diseases,cp,raw,14,0,3,CaS,MC,4.338086781123539,탐색적/exploratory
oral_diseases,cp,raw,14,0,4,CaS,OC,2.6983238755543466,탐색적/exploratory
oral_diseases,cp,raw,14,0,5,CaS,OLP,3.2512301792902103,탐색적/exploratory
oral_diseases,cp,raw,14,0,6,CaS,OT,3.1177689467802012,탐색적/exploratory
oral_diseases,cp,raw,14,1,2,CoS,Gum,3.1942470164873322,탐색적/exploratory
oral_diseases,cp,raw,14,1,3,CoS,MC,3.738788411732093,탐색적/exploratory
oral_diseases,cp,raw,14,1,4,CoS,OC,2.689655596736476,탐색적/exploratory
oral_diseases,cp,raw,14,1,5,CoS,OLP,3.1513038800877196,탐색적/exploratory
oral_diseases,cp,raw,14,1,6,CoS,OT,3.1080082711465593,탐색적/exploratory
oral_diseases,cp,raw,14,2,3,Gum,MC,4.188312633366201,탐색적/exploratory
oral_diseases,cp,raw,14,2,4,Gum,OC,2.783937488541458,탐색적/exploratory
oral_diseases,cp,raw,14,2,5,Gum,OLP,3.1046029536311774,탐색적/exploratory
oral_diseases,cp,raw,14,2,6,Gum,OT,2.793559066561659,탐색적/exploratory
oral_diseases,cp,raw,14,3,4,MC,OC,4.541649813596309,탐색적/exploratory
oral_diseases,cp,raw,14,3,5,MC,OLP,4.543547108906307,탐색적/exploratory
oral_diseases,cp,raw,14,3,6,MC,OT,3.218882581431821,탐색적/exploratory
oral_diseases,cp,raw,14,4,5,OC,OLP,3.0787886370898443,탐색적/exploratory
oral_diseases,cp,raw,14,4,6,OC,OT,2.4923508848970375,탐색적/exploratory
oral_diseases,cp,raw,14,5,6,OLP,OT,3.7734954098192475,탐색적/exploratory
