device=cuda · arms=['B0P_plain'] · folds=5 · epochs=40

=== B0P_plain · fold 0 (train 2929 / test 733) ===
/home/junkim/miniconda3/envs/paper/lib/python3.11/site-packages/timm/models/layers/__init__.py:49: FutureWarning: Importing from timm.models.layers is deprecated, please import via timm.layers
  warnings.warn(f"Importing from {__name__} is deprecated, please import via timm.layers", FutureWarning)
/home/junkim/miniconda3/envs/paper/lib/python3.11/site-packages/timm/models/registry.py:4: FutureWarning: Importing from timm.models.registry is deprecated, please import via timm.models
  warnings.warn(f"Importing from {__name__} is deprecated, please import via timm.models", FutureWarning)
/home/junkim/miniconda3/envs/paper/lib/python3.11/site-packages/torch/functional.py:534: UserWarning: torch.meshgrid: in an upcoming release, it will be required to pass the indexing argument. (Triggered internally at ../aten/src/ATen/native/TensorShape.cpp:3595.)
  return _VF.meshgrid(tensors, **kwargs)  # type: ignore[attr-defined]
normalization method:  imagenet
normalization method:  imagenet
loading model checkpoint
VisionTransformer(
  (patch_embed): PatchEmbed(
    (proj): Conv2d(3, 1024, kernel_size=(16, 16), stride=(16, 16))
  )
  (pos_drop): Dropout(p=0.0, inplace=False)
  (blocks): ModuleList(
    (0): Block(
      (norm1): LayerNorm((1024,), eps=1e-06, elementwise_affine=True)
      (attn): Attention(
        (qkv): Linear(in_features=1024, out_features=3072, bias=False)
        (attn_drop): Dropout(p=0.0, inplace=False)
        (proj): Linear(in_features=1024, out_features=1024, bias=True)
        (proj_drop): Dropout(p=0.0, inplace=False)
      )
      (drop_path): Identity()
      (norm2): LayerNorm((1024,), eps=1e-06, elementwise_affine=True)
      (mlp): Mlp(
        (fc1): Linear(in_features=1024, out_features=4096, bias=True)
        (act): GELU(approximate='none')
        (fc2): Linear(in_features=4096, out_features=1024, bias=True)
        (drop): Dropout(p=0.0, inplace=False)
      )
    )
    (1): Block(
      (norm1): LayerNorm((1024,), eps=1e-06, elementwise_affine=True)
      (attn): Attention(
        (qkv): Linear(in_features=1024, out_features=3072, bias=False)
        (attn_drop): Dropout(p=0.0, inplace=False)
        (proj): Linear(in_features=1024, out_features=1024, bias=True)
        (proj_drop): Dropout(p=0.0, inplace=False)
      )
      (drop_path): DropPath(p=0.004347826354205608)
      (norm2): LayerNorm((1024,), eps=1e-06, elementwise_affine=True)
      (mlp): Mlp(
        (fc1): Linear(in_features=1024, out_features=4096, bias=True)
        (act): GELU(approximate='none')
        (fc2): Linear(in_features=4096, out_features=1024, bias=True)
        (drop): Dropout(p=0.0, inplace=False)
      )
    )
    (2): Block(
      (norm1): LayerNorm((1024,), eps=1e-06, elementwise_affine=True)
      (attn): Attention(
        (qkv): Linear(in_features=1024, out_features=3072, bias=False)
        (attn_drop): Dropout(p=0.0, inplace=False)
        (proj): Linear(in_features=1024, out_features=1024, bias=True)
        (proj_drop): Dropout(p=0.0, inplace=False)
      )
      (drop_path): DropPath(p=0.008695652708411217)
      (norm2): LayerNorm((1024,), eps=1e-06, elementwise_affine=True)
      (mlp): Mlp(
        (fc1): Linear(in_features=1024, out_features=4096, bias=True)
        (act): GELU(approximate='none')
        (fc2): Linear(in_features=4096, out_features=1024, bias=True)
        (drop): Dropout(p=0.0, inplace=False)
      )
    )
    (3): Block(
      (norm1): LayerNorm((1024,), eps=1e-06, elementwise_affine=True)
      (attn): Attention(
        (qkv): Linear(in_features=1024, out_features=3072, bias=False)
        (attn_drop): Dropout(p=0.0, inplace=False)
        (proj): Linear(in_features=1024, out_features=1024, bias=True)
        (proj_drop): Dropout(p=0.0, inplace=False)
      )
      (drop_path): DropPath(p=0.013043479062616825)
      (norm2): LayerNorm((1024,), eps=1e-06, elementwise_affine=True)
      (mlp): Mlp(
        (fc1): Linear(in_features=1024, out_features=4096, bias=True)
        (act): GELU(approximate='none')
        (fc2): Linear(in_features=4096, out_features=1024, bias=True)
        (drop): Dropout(p=0.0, inplace=False)
      )
    )
    (4): Block(
      (norm1): LayerNorm((1024,), eps=1e-06, elementwise_affine=True)
      (attn): Attention(
        (qkv): Linear(in_features=1024, out_features=3072, bias=False)
        (attn_drop): Dropout(p=0.0, inplace=False)
        (proj): Linear(in_features=1024, out_features=1024, bias=True)
        (proj_drop): Dropout(p=0.0, inplace=False)
      )
      (drop_path): DropPath(p=0.017391305416822433)
      (norm2): LayerNorm((1024,), eps=1e-06, elementwise_affine=True)
      (mlp): Mlp(
        (fc1): Linear(in_features=1024, out_features=4096, bias=True)
        (act): GELU(approximate='none')
        (fc2): Linear(in_features=4096, out_features=1024, bias=True)
        (drop): Dropout(p=0.0, inplace=False)
      )
    )
    (5): Block(
      (norm1): LayerNorm((1024,), eps=1e-06, elementwise_affine=True)
      (attn): Attention(
        (qkv): Linear(in_features=1024, out_features=3072, bias=False)
        (attn_drop): Dropout(p=0.0, inplace=False)
        (proj): Linear(in_features=1024, out_features=1024, bias=True)
        (proj_drop): Dropout(p=0.0, inplace=False)
      )
      (drop_path): DropPath(p=0.021739132702350616)
      (norm2): LayerNorm((1024,), eps=1e-06, elementwise_affine=True)
      (mlp): Mlp(
        (fc1): Linear(in_features=1024, out_features=4096, bias=True)
        (act): GELU(approximate='none')
        (fc2): Linear(in_features=4096, out_features=1024, bias=True)
        (drop): Dropout(p=0.0, inplace=False)
      )
    )
    (6): Block(
      (norm1): LayerNorm((1024,), eps=1e-06, elementwise_affine=True)
      (attn): Attention(
        (qkv): Linear(in_features=1024, out_features=3072, bias=False)
        (attn_drop): Dropout(p=0.0, inplace=False)
        (proj): Linear(in_features=1024, out_features=1024, bias=True)
        (proj_drop): Dropout(p=0.0, inplace=False)
      )
      (drop_path): DropPath(p=0.02608695812523365)
      (norm2): LayerNorm((1024,), eps=1e-06, elementwise_affine=True)
      (mlp): Mlp(
        (fc1): Linear(in_features=1024, out_features=4096, bias=True)
        (act): GELU(approximate='none')
        (fc2): Linear(in_features=4096, out_features=1024, bias=True)
        (drop): Dropout(p=0.0, inplace=False)
      )
    )
    (7): Block(
      (norm1): LayerNorm((1024,), eps=1e-06, elementwise_affine=True)
      (attn): Attention(
        (qkv): Linear(in_features=1024, out_features=3072, bias=False)
        (attn_drop): Dropout(p=0.0, inplace=False)
        (proj): Linear(in_features=1024, out_features=1024, bias=True)
        (proj_drop): Dropout(p=0.0, inplace=False)
      )
      (drop_path): DropPath(p=0.030434783548116684)
      (norm2): LayerNorm((1024,), eps=1e-06, elementwise_affine=True)
      (mlp): Mlp(
        (fc1): Linear(in_features=1024, out_features=4096, bias=True)
        (act): GELU(approximate='none')
        (fc2): Linear(in_features=4096, out_features=1024, bias=True)
        (drop): Dropout(p=0.0, inplace=False)
      )
    )
    (8): Block(
      (norm1): LayerNorm((1024,), eps=1e-06, elementwise_affine=True)
      (attn): Attention(
        (qkv): Linear(in_features=1024, out_features=3072, bias=False)
        (attn_drop): Dropout(p=0.0, inplace=False)
        (proj): Linear(in_features=1024, out_features=1024, bias=True)
        (proj_drop): Dropout(p=0.0, inplace=False)
      )
      (drop_path): DropPath(p=0.03478261083364487)
      (norm2): LayerNorm((1024,), eps=1e-06, elementwise_affine=True)
      (mlp): Mlp(
        (fc1): Linear(in_features=1024, out_features=4096, bias=True)
        (act): GELU(approximate='none')
        (fc2): Linear(in_features=4096, out_features=1024, bias=True)
        (drop): Dropout(p=0.0, inplace=False)
      )
    )
    (9): Block(
      (norm1): LayerNorm((1024,), eps=1e-06, elementwise_affine=True)
      (attn): Attention(
        (qkv): Linear(in_features=1024, out_features=3072, bias=False)
        (attn_drop): Dropout(p=0.0, inplace=False)
        (proj): Linear(in_features=1024, out_features=1024, bias=True)
        (proj_drop): Dropout(p=0.0, inplace=False)
      )
      (drop_path): DropPath(p=0.03913043811917305)
      (norm2): LayerNorm((1024,), eps=1e-06, elementwise_affine=True)
      (mlp): Mlp(
        (fc1): Linear(in_features=1024, out_features=4096, bias=True)
        (act): GELU(approximate='none')
        (fc2): Linear(in_features=4096, out_features=1024, bias=True)
        (drop): Dropout(p=0.0, inplace=False)
      )
    )
    (10): Block(
      (norm1): LayerNorm((1024,), eps=1e-06, elementwise_affine=True)
      (attn): Attention(
        (qkv): Linear(in_features=1024, out_features=3072, bias=False)
        (attn_drop): Dropout(p=0.0, inplace=False)
        (proj): Linear(in_features=1024, out_features=1024, bias=True)
        (proj_drop): Dropout(p=0.0, inplace=False)
      )
      (drop_path): DropPath(p=0.04347826540470123)
      (norm2): LayerNorm((1024,), eps=1e-06, elementwise_affine=True)
      (mlp): Mlp(
        (fc1): Linear(in_features=1024, out_features=4096, bias=True)
        (act): GELU(approximate='none')
        (fc2): Linear(in_features=4096, out_features=1024, bias=True)
        (drop): Dropout(p=0.0, inplace=False)
      )
    )
    (11): Block(
      (norm1): LayerNorm((1024,), eps=1e-06, elementwise_affine=True)
      (attn): Attention(
        (qkv): Linear(in_features=1024, out_features=3072, bias=False)
        (attn_drop): Dropout(p=0.0, inplace=False)
        (proj): Linear(in_features=1024, out_features=1024, bias=True)
        (proj_drop): Dropout(p=0.0, inplace=False)
      )
      (drop_path): DropPath(p=0.04782608896493912)
      (norm2): LayerNorm((1024,), eps=1e-06, elementwise_affine=True)
      (mlp): Mlp(
        (fc1): Linear(in_features=1024, out_features=4096, bias=True)
        (act): GELU(approximate='none')
        (fc2): Linear(in_features=4096, out_features=1024, bias=True)
        (drop): Dropout(p=0.0, inplace=False)
      )
    )
    (12): Block(
      (norm1): LayerNorm((1024,), eps=1e-06, elementwise_affine=True)
      (attn): Attention(
        (qkv): Linear(in_features=1024, out_features=3072, bias=False)
        (attn_drop): Dropout(p=0.0, inplace=False)
        (proj): Linear(in_features=1024, out_features=1024, bias=True)
        (proj_drop): Dropout(p=0.0, inplace=False)
      )
      (drop_path): DropPath(p=0.052173912525177)
      (norm2): LayerNorm((1024,), eps=1e-06, elementwise_affine=True)
      (mlp): Mlp(
        (fc1): Linear(in_features=1024, out_features=4096, bias=True)
        (act): GELU(approximate='none')
        (fc2): Linear(in_features=4096, out_features=1024, bias=True)
        (drop): Dropout(p=0.0, inplace=False)
      )
    )
    (13): Block(
      (norm1): LayerNorm((1024,), eps=1e-06, elementwise_affine=True)
      (attn): Attention(
        (qkv): Linear(in_features=1024, out_features=3072, bias=False)
        (attn_drop): Dropout(p=0.0, inplace=False)
        (proj): Linear(in_features=1024, out_features=1024, bias=True)
        (proj_drop): Dropout(p=0.0, inplace=False)
      )
      (drop_path): DropPath(p=0.056521736085414886)
      (norm2): LayerNorm((1024,), eps=1e-06, elementwise_affine=True)
      (mlp): Mlp(
        (fc1): Linear(in_features=1024, out_features=4096, bias=True)
        (act): GELU(approximate='none')
        (fc2): Linear(in_features=4096, out_features=1024, bias=True)
        (drop): Dropout(p=0.0, inplace=False)
      )
    )
    (14): Block(
      (norm1): LayerNorm((1024,), eps=1e-06, elementwise_affine=True)
      (attn): Attention(
        (qkv): Linear(in_features=1024, out_features=3072, bias=False)
        (attn_drop): Dropout(p=0.0, inplace=False)
        (proj): Linear(in_features=1024, out_features=1024, bias=True)
        (proj_drop): Dropout(p=0.0, inplace=False)
      )
      (drop_path): DropPath(p=0.06086956337094307)
      (norm2): LayerNorm((1024,), eps=1e-06, elementwise_affine=True)
      (mlp): Mlp(
        (fc1): Linear(in_features=1024, out_features=4096, bias=True)
        (act): GELU(approximate='none')
        (fc2): Linear(in_features=4096, out_features=1024, bias=True)
        (drop): Dropout(p=0.0, inplace=False)
      )
    )
    (15): Block(
      (norm1): LayerNorm((1024,), eps=1e-06, elementwise_affine=True)
      (attn): Attention(
        (qkv): Linear(in_features=1024, out_features=3072, bias=False)
        (attn_drop): Dropout(p=0.0, inplace=False)
        (proj): Linear(in_features=1024, out_features=1024, bias=True)
        (proj_drop): Dropout(p=0.0, inplace=False)
      )
      (drop_path): DropPath(p=0.06521739065647125)
      (norm2): LayerNorm((1024,), eps=1e-06, elementwise_affine=True)
      (mlp): Mlp(
        (fc1): Linear(in_features=1024, out_features=4096, bias=True)
        (act): GELU(approximate='none')
        (fc2): Linear(in_features=4096, out_features=1024, bias=True)
        (drop): Dropout(p=0.0, inplace=False)
      )
    )
    (16): Block(
      (norm1): LayerNorm((1024,), eps=1e-06, elementwise_affine=True)
      (attn): Attention(
        (qkv): Linear(in_features=1024, out_features=3072, bias=False)
        (attn_drop): Dropout(p=0.0, inplace=False)
        (proj): Linear(in_features=1024, out_features=1024, bias=True)
        (proj_drop): Dropout(p=0.0, inplace=False)
      )
      (drop_path): DropPath(p=0.06956521421670914)
      (norm2): LayerNorm((1024,), eps=1e-06, elementwise_affine=True)
      (mlp): Mlp(
        (fc1): Linear(in_features=1024, out_features=4096, bias=True)
        (act): GELU(approximate='none')
        (fc2): Linear(in_features=4096, out_features=1024, bias=True)
        (drop): Dropout(p=0.0, inplace=False)
      )
    )
    (17): Block(
      (norm1): LayerNorm((1024,), eps=1e-06, elementwise_affine=True)
      (attn): Attention(
        (qkv): Linear(in_features=1024, out_features=3072, bias=False)
        (attn_drop): Dropout(p=0.0, inplace=False)
        (proj): Linear(in_features=1024, out_features=1024, bias=True)
        (proj_drop): Dropout(p=0.0, inplace=False)
      )
      (drop_path): DropPath(p=0.07391304522752762)
      (norm2): LayerNorm((1024,), eps=1e-06, elementwise_affine=True)
      (mlp): Mlp(
        (fc1): Linear(in_features=1024, out_features=4096, bias=True)
        (act): GELU(approximate='none')
        (fc2): Linear(in_features=4096, out_features=1024, bias=True)
        (drop): Dropout(p=0.0, inplace=False)
      )
    )
    (18): Block(
      (norm1): LayerNorm((1024,), eps=1e-06, elementwise_affine=True)
      (attn): Attention(
        (qkv): Linear(in_features=1024, out_features=3072, bias=False)
        (attn_drop): Dropout(p=0.0, inplace=False)
        (proj): Linear(in_features=1024, out_features=1024, bias=True)
        (proj_drop): Dropout(p=0.0, inplace=False)
      )
      (drop_path): DropPath(p=0.0782608687877655)
      (norm2): LayerNorm((1024,), eps=1e-06, elementwise_affine=True)
      (mlp): Mlp(
        (fc1): Linear(in_features=1024, out_features=4096, bias=True)
        (act): GELU(approximate='none')
        (fc2): Linear(in_features=4096, out_features=1024, bias=True)
        (drop): Dropout(p=0.0, inplace=False)
      )
    )
    (19): Block(
      (norm1): LayerNorm((1024,), eps=1e-06, elementwise_affine=True)
      (attn): Attention(
        (qkv): Linear(in_features=1024, out_features=3072, bias=False)
        (attn_drop): Dropout(p=0.0, inplace=False)
        (proj): Linear(in_features=1024, out_features=1024, bias=True)
        (proj_drop): Dropout(p=0.0, inplace=False)
      )
      (drop_path): DropPath(p=0.08260869979858398)
      (norm2): LayerNorm((1024,), eps=1e-06, elementwise_affine=True)
      (mlp): Mlp(
        (fc1): Linear(in_features=1024, out_features=4096, bias=True)
        (act): GELU(approximate='none')
        (fc2): Linear(in_features=4096, out_features=1024, bias=True)
        (drop): Dropout(p=0.0, inplace=False)
      )
    )
    (20): Block(
      (norm1): LayerNorm((1024,), eps=1e-06, elementwise_affine=True)
      (attn): Attention(
        (qkv): Linear(in_features=1024, out_features=3072, bias=False)
        (attn_drop): Dropout(p=0.0, inplace=False)
        (proj): Linear(in_features=1024, out_features=1024, bias=True)
        (proj_drop): Dropout(p=0.0, inplace=False)
      )
      (drop_path): DropPath(p=0.08695652335882187)
      (norm2): LayerNorm((1024,), eps=1e-06, elementwise_affine=True)
      (mlp): Mlp(
        (fc1): Linear(in_features=1024, out_features=4096, bias=True)
        (act): GELU(approximate='none')
        (fc2): Linear(in_features=4096, out_features=1024, bias=True)
        (drop): Dropout(p=0.0, inplace=False)
      )
    )
    (21): Block(
      (norm1): LayerNorm((1024,), eps=1e-06, elementwise_affine=True)
      (attn): Attention(
        (qkv): Linear(in_features=1024, out_features=3072, bias=False)
        (attn_drop): Dropout(p=0.0, inplace=False)
        (proj): Linear(in_features=1024, out_features=1024, bias=True)
        (proj_drop): Dropout(p=0.0, inplace=False)
      )
      (drop_path): DropPath(p=0.09130434691905975)
      (norm2): LayerNorm((1024,), eps=1e-06, elementwise_affine=True)
      (mlp): Mlp(
        (fc1): Linear(in_features=1024, out_features=4096, bias=True)
        (act): GELU(approximate='none')
        (fc2): Linear(in_features=4096, out_features=1024, bias=True)
        (drop): Dropout(p=0.0, inplace=False)
      )
    )
    (22): Block(
      (norm1): LayerNorm((1024,), eps=1e-06, elementwise_affine=True)
      (attn): Attention(
        (qkv): Linear(in_features=1024, out_features=3072, bias=False)
        (attn_drop): Dropout(p=0.0, inplace=False)
        (proj): Linear(in_features=1024, out_features=1024, bias=True)
        (proj_drop): Dropout(p=0.0, inplace=False)
      )
      (drop_path): DropPath(p=0.09565217792987823)
      (norm2): LayerNorm((1024,), eps=1e-06, elementwise_affine=True)
      (mlp): Mlp(
        (fc1): Linear(in_features=1024, out_features=4096, bias=True)
        (act): GELU(approximate='none')
        (fc2): Linear(in_features=4096, out_features=1024, bias=True)
        (drop): Dropout(p=0.0, inplace=False)
      )
    )
    (23): Block(
      (norm1): LayerNorm((1024,), eps=1e-06, elementwise_affine=True)
      (attn): Attention(
        (qkv): Linear(in_features=1024, out_features=3072, bias=False)
        (attn_drop): Dropout(p=0.0, inplace=False)
        (proj): Linear(in_features=1024, out_features=1024, bias=True)
        (proj_drop): Dropout(p=0.0, inplace=False)
      )
      (drop_path): DropPath(p=0.10000000149011612)
      (norm2): LayerNorm((1024,), eps=1e-06, elementwise_affine=True)
      (mlp): Mlp(
        (fc1): Linear(in_features=1024, out_features=4096, bias=True)
        (act): GELU(approximate='none')
        (fc2): Linear(in_features=4096, out_features=1024, bias=True)
        (drop): Dropout(p=0.0, inplace=False)
      )
    )
  )
  (norm): LayerNorm((1024,), eps=1e-06, elementwise_affine=True)
  (head): Linear(in_features=1024, out_features=1000, bias=True)
)
normalization method:  imagenet
  B0P_plain fold0 ep01/40 loss=1.0061 val_bacc=0.4492 (79s)
  B0P_plain fold0 ep02/40 loss=0.5362 val_bacc=0.6217 (78s)
  B0P_plain fold0 ep03/40 loss=0.4908 val_bacc=0.6750 (79s)
  B0P_plain fold0 ep04/40 loss=0.4444 val_bacc=0.5700 (78s)
  B0P_plain fold0 ep05/40 loss=0.4219 val_bacc=0.7186 (78s)
  B0P_plain fold0 ep06/40 loss=0.4419 val_bacc=0.6308 (79s)
  B0P_plain fold0 ep07/40 loss=0.3826 val_bacc=0.6308 (80s)
  B0P_plain fold0 ep08/40 loss=0.3797 val_bacc=0.6525 (79s)
  B0P_plain fold0 ep09/40 loss=0.3554 val_bacc=0.6322 (79s)
  B0P_plain fold0 ep10/40 loss=0.3381 val_bacc=0.6811 (78s)
  B0P_plain fold0 ep11/40 loss=0.3196 val_bacc=0.6086 (80s)
  B0P_plain fold0 ep12/40 loss=0.3182 val_bacc=0.6050 (80s)
  B0P_plain fold0 ep13/40 loss=0.3112 val_bacc=0.6553 (79s)
  B0P_plain fold0 ep14/40 loss=0.2704 val_bacc=0.6892 (80s)
  B0P_plain fold0 ep15/40 loss=0.2588 val_bacc=0.6394 (79s)
  [early stop] ep15 best_val=0.7186
  → B0P_plain fold0: test BACC=0.6884 severe_recall=0.6410 MAE=0.2074

=== B0P_plain · fold 1 (train 2929 / test 733) ===
normalization method:  imagenet
normalization method:  imagenet
loading model checkpoint
VisionTransformer(
  (patch_embed): PatchEmbed(
    (proj): Conv2d(3, 1024, kernel_size=(16, 16), stride=(16, 16))
  )
  (pos_drop): Dropout(p=0.0, inplace=False)
  (blocks): ModuleList(
    (0): Block(
      (norm1): LayerNorm((1024,), eps=1e-06, elementwise_affine=True)
      (attn): Attention(
        (qkv): Linear(in_features=1024, out_features=3072, bias=False)
        (attn_drop): Dropout(p=0.0, inplace=False)
        (proj): Linear(in_features=1024, out_features=1024, bias=True)
        (proj_drop): Dropout(p=0.0, inplace=False)
      )
      (drop_path): Identity()
      (norm2): LayerNorm((1024,), eps=1e-06, elementwise_affine=True)
      (mlp): Mlp(
        (fc1): Linear(in_features=1024, out_features=4096, bias=True)
        (act): GELU(approximate='none')
        (fc2): Linear(in_features=4096, out_features=1024, bias=True)
        (drop): Dropout(p=0.0, inplace=False)
      )
    )
    (1): Block(
      (norm1): LayerNorm((1024,), eps=1e-06, elementwise_affine=True)
      (attn): Attention(
        (qkv): Linear(in_features=1024, out_features=3072, bias=False)
        (attn_drop): Dropout(p=0.0, inplace=False)
        (proj): Linear(in_features=1024, out_features=1024, bias=True)
        (proj_drop): Dropout(p=0.0, inplace=False)
      )
      (drop_path): DropPath(p=0.004347826354205608)
      (norm2): LayerNorm((1024,), eps=1e-06, elementwise_affine=True)
      (mlp): Mlp(
        (fc1): Linear(in_features=1024, out_features=4096, bias=True)
        (act): GELU(approximate='none')
        (fc2): Linear(in_features=4096, out_features=1024, bias=True)
        (drop): Dropout(p=0.0, inplace=False)
      )
    )
    (2): Block(
      (norm1): LayerNorm((1024,), eps=1e-06, elementwise_affine=True)
      (attn): Attention(
        (qkv): Linear(in_features=1024, out_features=3072, bias=False)
        (attn_drop): Dropout(p=0.0, inplace=False)
        (proj): Linear(in_features=1024, out_features=1024, bias=True)
        (proj_drop): Dropout(p=0.0, inplace=False)
      )
      (drop_path): DropPath(p=0.008695652708411217)
      (norm2): LayerNorm((1024,), eps=1e-06, elementwise_affine=True)
      (mlp): Mlp(
        (fc1): Linear(in_features=1024, out_features=4096, bias=True)
        (act): GELU(approximate='none')
        (fc2): Linear(in_features=4096, out_features=1024, bias=True)
        (drop): Dropout(p=0.0, inplace=False)
      )
    )
    (3): Block(
      (norm1): LayerNorm((1024,), eps=1e-06, elementwise_affine=True)
      (attn): Attention(
        (qkv): Linear(in_features=1024, out_features=3072, bias=False)
        (attn_drop): Dropout(p=0.0, inplace=False)
        (proj): Linear(in_features=1024, out_features=1024, bias=True)
        (proj_drop): Dropout(p=0.0, inplace=False)
      )
      (drop_path): DropPath(p=0.013043479062616825)
      (norm2): LayerNorm((1024,), eps=1e-06, elementwise_affine=True)
      (mlp): Mlp(
        (fc1): Linear(in_features=1024, out_features=4096, bias=True)
        (act): GELU(approximate='none')
        (fc2): Linear(in_features=4096, out_features=1024, bias=True)
        (drop): Dropout(p=0.0, inplace=False)
      )
    )
    (4): Block(
      (norm1): LayerNorm((1024,), eps=1e-06, elementwise_affine=True)
      (attn): Attention(
        (qkv): Linear(in_features=1024, out_features=3072, bias=False)
        (attn_drop): Dropout(p=0.0, inplace=False)
        (proj): Linear(in_features=1024, out_features=1024, bias=True)
        (proj_drop): Dropout(p=0.0, inplace=False)
      )
      (drop_path): DropPath(p=0.017391305416822433)
      (norm2): LayerNorm((1024,), eps=1e-06, elementwise_affine=True)
      (mlp): Mlp(
        (fc1): Linear(in_features=1024, out_features=4096, bias=True)
        (act): GELU(approximate='none')
        (fc2): Linear(in_features=4096, out_features=1024, bias=True)
        (drop): Dropout(p=0.0, inplace=False)
      )
    )
    (5): Block(
      (norm1): LayerNorm((1024,), eps=1e-06, elementwise_affine=True)
      (attn): Attention(
        (qkv): Linear(in_features=1024, out_features=3072, bias=False)
        (attn_drop): Dropout(p=0.0, inplace=False)
        (proj): Linear(in_features=1024, out_features=1024, bias=True)
        (proj_drop): Dropout(p=0.0, inplace=False)
      )
      (drop_path): DropPath(p=0.021739132702350616)
      (norm2): LayerNorm((1024,), eps=1e-06, elementwise_affine=True)
      (mlp): Mlp(
        (fc1): Linear(in_features=1024, out_features=4096, bias=True)
        (act): GELU(approximate='none')
        (fc2): Linear(in_features=4096, out_features=1024, bias=True)
        (drop): Dropout(p=0.0, inplace=False)
      )
    )
    (6): Block(
      (norm1): LayerNorm((1024,), eps=1e-06, elementwise_affine=True)
      (attn): Attention(
        (qkv): Linear(in_features=1024, out_features=3072, bias=False)
        (attn_drop): Dropout(p=0.0, inplace=False)
        (proj): Linear(in_features=1024, out_features=1024, bias=True)
        (proj_drop): Dropout(p=0.0, inplace=False)
      )
      (drop_path): DropPath(p=0.02608695812523365)
      (norm2): LayerNorm((1024,), eps=1e-06, elementwise_affine=True)
      (mlp): Mlp(
        (fc1): Linear(in_features=1024, out_features=4096, bias=True)
        (act): GELU(approximate='none')
        (fc2): Linear(in_features=4096, out_features=1024, bias=True)
        (drop): Dropout(p=0.0, inplace=False)
      )
    )
    (7): Block(
      (norm1): LayerNorm((1024,), eps=1e-06, elementwise_affine=True)
      (attn): Attention(
        (qkv): Linear(in_features=1024, out_features=3072, bias=False)
        (attn_drop): Dropout(p=0.0, inplace=False)
        (proj): Linear(in_features=1024, out_features=1024, bias=True)
        (proj_drop): Dropout(p=0.0, inplace=False)
      )
      (drop_path): DropPath(p=0.030434783548116684)
      (norm2): LayerNorm((1024,), eps=1e-06, elementwise_affine=True)
      (mlp): Mlp(
        (fc1): Linear(in_features=1024, out_features=4096, bias=True)
        (act): GELU(approximate='none')
        (fc2): Linear(in_features=4096, out_features=1024, bias=True)
        (drop): Dropout(p=0.0, inplace=False)
      )
    )
    (8): Block(
      (norm1): LayerNorm((1024,), eps=1e-06, elementwise_affine=True)
      (attn): Attention(
        (qkv): Linear(in_features=1024, out_features=3072, bias=False)
        (attn_drop): Dropout(p=0.0, inplace=False)
        (proj): Linear(in_features=1024, out_features=1024, bias=True)
        (proj_drop): Dropout(p=0.0, inplace=False)
      )
      (drop_path): DropPath(p=0.03478261083364487)
      (norm2): LayerNorm((1024,), eps=1e-06, elementwise_affine=True)
      (mlp): Mlp(
        (fc1): Linear(in_features=1024, out_features=4096, bias=True)
        (act): GELU(approximate='none')
        (fc2): Linear(in_features=4096, out_features=1024, bias=True)
        (drop): Dropout(p=0.0, inplace=False)
      )
    )
    (9): Block(
      (norm1): LayerNorm((1024,), eps=1e-06, elementwise_affine=True)
      (attn): Attention(
        (qkv): Linear(in_features=1024, out_features=3072, bias=False)
        (attn_drop): Dropout(p=0.0, inplace=False)
        (proj): Linear(in_features=1024, out_features=1024, bias=True)
        (proj_drop): Dropout(p=0.0, inplace=False)
      )
      (drop_path): DropPath(p=0.03913043811917305)
      (norm2): LayerNorm((1024,), eps=1e-06, elementwise_affine=True)
      (mlp): Mlp(
        (fc1): Linear(in_features=1024, out_features=4096, bias=True)
        (act): GELU(approximate='none')
        (fc2): Linear(in_features=4096, out_features=1024, bias=True)
        (drop): Dropout(p=0.0, inplace=False)
      )
    )
    (10): Block(
      (norm1): LayerNorm((1024,), eps=1e-06, elementwise_affine=True)
      (attn): Attention(
        (qkv): Linear(in_features=1024, out_features=3072, bias=False)
        (attn_drop): Dropout(p=0.0, inplace=False)
        (proj): Linear(in_features=1024, out_features=1024, bias=True)
        (proj_drop): Dropout(p=0.0, inplace=False)
      )
      (drop_path): DropPath(p=0.04347826540470123)
      (norm2): LayerNorm((1024,), eps=1e-06, elementwise_affine=True)
      (mlp): Mlp(
        (fc1): Linear(in_features=1024, out_features=4096, bias=True)
        (act): GELU(approximate='none')
        (fc2): Linear(in_features=4096, out_features=1024, bias=True)
        (drop): Dropout(p=0.0, inplace=False)
      )
    )
    (11): Block(
      (norm1): LayerNorm((1024,), eps=1e-06, elementwise_affine=True)
      (attn): Attention(
        (qkv): Linear(in_features=1024, out_features=3072, bias=False)
        (attn_drop): Dropout(p=0.0, inplace=False)
        (proj): Linear(in_features=1024, out_features=1024, bias=True)
        (proj_drop): Dropout(p=0.0, inplace=False)
      )
      (drop_path): DropPath(p=0.04782608896493912)
      (norm2): LayerNorm((1024,), eps=1e-06, elementwise_affine=True)
      (mlp): Mlp(
        (fc1): Linear(in_features=1024, out_features=4096, bias=True)
        (act): GELU(approximate='none')
        (fc2): Linear(in_features=4096, out_features=1024, bias=True)
        (drop): Dropout(p=0.0, inplace=False)
      )
    )
    (12): Block(
      (norm1): LayerNorm((1024,), eps=1e-06, elementwise_affine=True)
      (attn): Attention(
        (qkv): Linear(in_features=1024, out_features=3072, bias=False)
        (attn_drop): Dropout(p=0.0, inplace=False)
        (proj): Linear(in_features=1024, out_features=1024, bias=True)
        (proj_drop): Dropout(p=0.0, inplace=False)
      )
      (drop_path): DropPath(p=0.052173912525177)
      (norm2): LayerNorm((1024,), eps=1e-06, elementwise_affine=True)
      (mlp): Mlp(
        (fc1): Linear(in_features=1024, out_features=4096, bias=True)
        (act): GELU(approximate='none')
        (fc2): Linear(in_features=4096, out_features=1024, bias=True)
        (drop): Dropout(p=0.0, inplace=False)
      )
    )
    (13): Block(
      (norm1): LayerNorm((1024,), eps=1e-06, elementwise_affine=True)
      (attn): Attention(
        (qkv): Linear(in_features=1024, out_features=3072, bias=False)
        (attn_drop): Dropout(p=0.0, inplace=False)
        (proj): Linear(in_features=1024, out_features=1024, bias=True)
        (proj_drop): Dropout(p=0.0, inplace=False)
      )
      (drop_path): DropPath(p=0.056521736085414886)
      (norm2): LayerNorm((1024,), eps=1e-06, elementwise_affine=True)
      (mlp): Mlp(
        (fc1): Linear(in_features=1024, out_features=4096, bias=True)
        (act): GELU(approximate='none')
        (fc2): Linear(in_features=4096, out_features=1024, bias=True)
        (drop): Dropout(p=0.0, inplace=False)
      )
    )
    (14): Block(
      (norm1): LayerNorm((1024,), eps=1e-06, elementwise_affine=True)
      (attn): Attention(
        (qkv): Linear(in_features=1024, out_features=3072, bias=False)
        (attn_drop): Dropout(p=0.0, inplace=False)
        (proj): Linear(in_features=1024, out_features=1024, bias=True)
        (proj_drop): Dropout(p=0.0, inplace=False)
      )
      (drop_path): DropPath(p=0.06086956337094307)
      (norm2): LayerNorm((1024,), eps=1e-06, elementwise_affine=True)
      (mlp): Mlp(
        (fc1): Linear(in_features=1024, out_features=4096, bias=True)
        (act): GELU(approximate='none')
        (fc2): Linear(in_features=4096, out_features=1024, bias=True)
        (drop): Dropout(p=0.0, inplace=False)
      )
    )
    (15): Block(
      (norm1): LayerNorm((1024,), eps=1e-06, elementwise_affine=True)
      (attn): Attention(
        (qkv): Linear(in_features=1024, out_features=3072, bias=False)
        (attn_drop): Dropout(p=0.0, inplace=False)
        (proj): Linear(in_features=1024, out_features=1024, bias=True)
        (proj_drop): Dropout(p=0.0, inplace=False)
      )
      (drop_path): DropPath(p=0.06521739065647125)
      (norm2): LayerNorm((1024,), eps=1e-06, elementwise_affine=True)
      (mlp): Mlp(
        (fc1): Linear(in_features=1024, out_features=4096, bias=True)
        (act): GELU(approximate='none')
        (fc2): Linear(in_features=4096, out_features=1024, bias=True)
        (drop): Dropout(p=0.0, inplace=False)
      )
    )
    (16): Block(
      (norm1): LayerNorm((1024,), eps=1e-06, elementwise_affine=True)
      (attn): Attention(
        (qkv): Linear(in_features=1024, out_features=3072, bias=False)
        (attn_drop): Dropout(p=0.0, inplace=False)
        (proj): Linear(in_features=1024, out_features=1024, bias=True)
        (proj_drop): Dropout(p=0.0, inplace=False)
      )
      (drop_path): DropPath(p=0.06956521421670914)
      (norm2): LayerNorm((1024,), eps=1e-06, elementwise_affine=True)
      (mlp): Mlp(
        (fc1): Linear(in_features=1024, out_features=4096, bias=True)
        (act): GELU(approximate='none')
        (fc2): Linear(in_features=4096, out_features=1024, bias=True)
        (drop): Dropout(p=0.0, inplace=False)
      )
    )
    (17): Block(
      (norm1): LayerNorm((1024,), eps=1e-06, elementwise_affine=True)
      (attn): Attention(
        (qkv): Linear(in_features=1024, out_features=3072, bias=False)
        (attn_drop): Dropout(p=0.0, inplace=False)
        (proj): Linear(in_features=1024, out_features=1024, bias=True)
        (proj_drop): Dropout(p=0.0, inplace=False)
      )
      (drop_path): DropPath(p=0.07391304522752762)
      (norm2): LayerNorm((1024,), eps=1e-06, elementwise_affine=True)
      (mlp): Mlp(
        (fc1): Linear(in_features=1024, out_features=4096, bias=True)
        (act): GELU(approximate='none')
        (fc2): Linear(in_features=4096, out_features=1024, bias=True)
        (drop): Dropout(p=0.0, inplace=False)
      )
    )
    (18): Block(
      (norm1): LayerNorm((1024,), eps=1e-06, elementwise_affine=True)
      (attn): Attention(
        (qkv): Linear(in_features=1024, out_features=3072, bias=False)
        (attn_drop): Dropout(p=0.0, inplace=False)
        (proj): Linear(in_features=1024, out_features=1024, bias=True)
        (proj_drop): Dropout(p=0.0, inplace=False)
      )
      (drop_path): DropPath(p=0.0782608687877655)
      (norm2): LayerNorm((1024,), eps=1e-06, elementwise_affine=True)
      (mlp): Mlp(
        (fc1): Linear(in_features=1024, out_features=4096, bias=True)
        (act): GELU(approximate='none')
        (fc2): Linear(in_features=4096, out_features=1024, bias=True)
        (drop): Dropout(p=0.0, inplace=False)
      )
    )
    (19): Block(
      (norm1): LayerNorm((1024,), eps=1e-06, elementwise_affine=True)
      (attn): Attention(
        (qkv): Linear(in_features=1024, out_features=3072, bias=False)
        (attn_drop): Dropout(p=0.0, inplace=False)
        (proj): Linear(in_features=1024, out_features=1024, bias=True)
        (proj_drop): Dropout(p=0.0, inplace=False)
      )
      (drop_path): DropPath(p=0.08260869979858398)
      (norm2): LayerNorm((1024,), eps=1e-06, elementwise_affine=True)
      (mlp): Mlp(
        (fc1): Linear(in_features=1024, out_features=4096, bias=True)
        (act): GELU(approximate='none')
        (fc2): Linear(in_features=4096, out_features=1024, bias=True)
        (drop): Dropout(p=0.0, inplace=False)
      )
    )
    (20): Block(
      (norm1): LayerNorm((1024,), eps=1e-06, elementwise_affine=True)
      (attn): Attention(
        (qkv): Linear(in_features=1024, out_features=3072, bias=False)
        (attn_drop): Dropout(p=0.0, inplace=False)
        (proj): Linear(in_features=1024, out_features=1024, bias=True)
        (proj_drop): Dropout(p=0.0, inplace=False)
      )
      (drop_path): DropPath(p=0.08695652335882187)
      (norm2): LayerNorm((1024,), eps=1e-06, elementwise_affine=True)
      (mlp): Mlp(
        (fc1): Linear(in_features=1024, out_features=4096, bias=True)
        (act): GELU(approximate='none')
        (fc2): Linear(in_features=4096, out_features=1024, bias=True)
        (drop): Dropout(p=0.0, inplace=False)
      )
    )
    (21): Block(
      (norm1): LayerNorm((1024,), eps=1e-06, elementwise_affine=True)
      (attn): Attention(
        (qkv): Linear(in_features=1024, out_features=3072, bias=False)
        (attn_drop): Dropout(p=0.0, inplace=False)
        (proj): Linear(in_features=1024, out_features=1024, bias=True)
        (proj_drop): Dropout(p=0.0, inplace=False)
      )
      (drop_path): DropPath(p=0.09130434691905975)
      (norm2): LayerNorm((1024,), eps=1e-06, elementwise_affine=True)
      (mlp): Mlp(
        (fc1): Linear(in_features=1024, out_features=4096, bias=True)
        (act): GELU(approximate='none')
        (fc2): Linear(in_features=4096, out_features=1024, bias=True)
        (drop): Dropout(p=0.0, inplace=False)
      )
    )
    (22): Block(
      (norm1): LayerNorm((1024,), eps=1e-06, elementwise_affine=True)
      (attn): Attention(
        (qkv): Linear(in_features=1024, out_features=3072, bias=False)
        (attn_drop): Dropout(p=0.0, inplace=False)
        (proj): Linear(in_features=1024, out_features=1024, bias=True)
        (proj_drop): Dropout(p=0.0, inplace=False)
      )
      (drop_path): DropPath(p=0.09565217792987823)
      (norm2): LayerNorm((1024,), eps=1e-06, elementwise_affine=True)
      (mlp): Mlp(
        (fc1): Linear(in_features=1024, out_features=4096, bias=True)
        (act): GELU(approximate='none')
        (fc2): Linear(in_features=4096, out_features=1024, bias=True)
        (drop): Dropout(p=0.0, inplace=False)
      )
    )
    (23): Block(
      (norm1): LayerNorm((1024,), eps=1e-06, elementwise_affine=True)
      (attn): Attention(
        (qkv): Linear(in_features=1024, out_features=3072, bias=False)
        (attn_drop): Dropout(p=0.0, inplace=False)
        (proj): Linear(in_features=1024, out_features=1024, bias=True)
        (proj_drop): Dropout(p=0.0, inplace=False)
      )
      (drop_path): DropPath(p=0.10000000149011612)
      (norm2): LayerNorm((1024,), eps=1e-06, elementwise_affine=True)
      (mlp): Mlp(
        (fc1): Linear(in_features=1024, out_features=4096, bias=True)
        (act): GELU(approximate='none')
        (fc2): Linear(in_features=4096, out_features=1024, bias=True)
        (drop): Dropout(p=0.0, inplace=False)
      )
    )
  )
  (norm): LayerNorm((1024,), eps=1e-06, elementwise_affine=True)
  (head): Linear(in_features=1024, out_features=1000, bias=True)
)
normalization method:  imagenet
  B0P_plain fold1 ep01/40 loss=1.0065 val_bacc=0.4508 (80s)
  B0P_plain fold1 ep02/40 loss=0.5305 val_bacc=0.5992 (80s)
  B0P_plain fold1 ep03/40 loss=0.4715 val_bacc=0.6292 (80s)
  B0P_plain fold1 ep04/40 loss=0.4326 val_bacc=0.5717 (80s)
  B0P_plain fold1 ep05/40 loss=0.3985 val_bacc=0.6875 (79s)
  B0P_plain fold1 ep06/40 loss=0.4055 val_bacc=0.6017 (79s)
  B0P_plain fold1 ep07/40 loss=0.3623 val_bacc=0.6258 (80s)
  B0P_plain fold1 ep08/40 loss=0.3497 val_bacc=0.6633 (79s)
  B0P_plain fold1 ep09/40 loss=0.3416 val_bacc=0.6567 (80s)
  B0P_plain fold1 ep10/40 loss=0.3171 val_bacc=0.6947 (79s)
  B0P_plain fold1 ep11/40 loss=0.3081 val_bacc=0.6142 (80s)
  B0P_plain fold1 ep12/40 loss=0.2874 val_bacc=0.5964 (80s)
  B0P_plain fold1 ep13/40 loss=0.2569 val_bacc=0.6450 (80s)
  B0P_plain fold1 ep14/40 loss=0.2502 val_bacc=0.6092 (79s)
  B0P_plain fold1 ep15/40 loss=0.2358 val_bacc=0.6550 (80s)
  B0P_plain fold1 ep16/40 loss=0.2266 val_bacc=0.6708 (79s)
  B0P_plain fold1 ep17/40 loss=0.2189 val_bacc=0.6992 (80s)
  B0P_plain fold1 ep18/40 loss=0.1960 val_bacc=0.6542 (79s)
  B0P_plain fold1 ep19/40 loss=0.1951 val_bacc=0.6967 (80s)
  B0P_plain fold1 ep20/40 loss=0.1494 val_bacc=0.7108 (79s)
  B0P_plain fold1 ep21/40 loss=0.1540 val_bacc=0.6917 (80s)
  B0P_plain fold1 ep22/40 loss=0.1467 val_bacc=0.6992 (79s)
  B0P_plain fold1 ep23/40 loss=0.1410 val_bacc=0.6833 (79s)
  B0P_plain fold1 ep24/40 loss=0.1250 val_bacc=0.6808 (79s)
  B0P_plain fold1 ep25/40 loss=0.1227 val_bacc=0.6683 (78s)
  B0P_plain fold1 ep26/40 loss=0.1052 val_bacc=0.6750 (80s)
  B0P_plain fold1 ep27/40 loss=0.0878 val_bacc=0.7008 (81s)
  B0P_plain fold1 ep28/40 loss=0.0949 val_bacc=0.6617 (80s)
  B0P_plain fold1 ep29/40 loss=0.0852 val_bacc=0.6542 (79s)
  B0P_plain fold1 ep30/40 loss=0.0823 val_bacc=0.6558 (79s)
  [early stop] ep30 best_val=0.7108
  → B0P_plain fold1: test BACC=0.6734 severe_recall=0.3590 MAE=0.2292

=== B0P_plain · fold 2 (train 2930 / test 732) ===
normalization method:  imagenet
normalization method:  imagenet
loading model checkpoint
VisionTransformer(
  (patch_embed): PatchEmbed(
    (proj): Conv2d(3, 1024, kernel_size=(16, 16), stride=(16, 16))
  )
  (pos_drop): Dropout(p=0.0, inplace=False)
  (blocks): ModuleList(
    (0): Block(
      (norm1): LayerNorm((1024,), eps=1e-06, elementwise_affine=True)
      (attn): Attention(
        (qkv): Linear(in_features=1024, out_features=3072, bias=False)
        (attn_drop): Dropout(p=0.0, inplace=False)
        (proj): Linear(in_features=1024, out_features=1024, bias=True)
        (proj_drop): Dropout(p=0.0, inplace=False)
      )
      (drop_path): Identity()
      (norm2): LayerNorm((1024,), eps=1e-06, elementwise_affine=True)
      (mlp): Mlp(
        (fc1): Linear(in_features=1024, out_features=4096, bias=True)
        (act): GELU(approximate='none')
        (fc2): Linear(in_features=4096, out_features=1024, bias=True)
        (drop): Dropout(p=0.0, inplace=False)
      )
    )
    (1): Block(
      (norm1): LayerNorm((1024,), eps=1e-06, elementwise_affine=True)
      (attn): Attention(
        (qkv): Linear(in_features=1024, out_features=3072, bias=False)
        (attn_drop): Dropout(p=0.0, inplace=False)
        (proj): Linear(in_features=1024, out_features=1024, bias=True)
        (proj_drop): Dropout(p=0.0, inplace=False)
      )
      (drop_path): DropPath(p=0.004347826354205608)
      (norm2): LayerNorm((1024,), eps=1e-06, elementwise_affine=True)
      (mlp): Mlp(
        (fc1): Linear(in_features=1024, out_features=4096, bias=True)
        (act): GELU(approximate='none')
        (fc2): Linear(in_features=4096, out_features=1024, bias=True)
        (drop): Dropout(p=0.0, inplace=False)
      )
    )
    (2): Block(
      (norm1): LayerNorm((1024,), eps=1e-06, elementwise_affine=True)
      (attn): Attention(
        (qkv): Linear(in_features=1024, out_features=3072, bias=False)
        (attn_drop): Dropout(p=0.0, inplace=False)
        (proj): Linear(in_features=1024, out_features=1024, bias=True)
        (proj_drop): Dropout(p=0.0, inplace=False)
      )
      (drop_path): DropPath(p=0.008695652708411217)
      (norm2): LayerNorm((1024,), eps=1e-06, elementwise_affine=True)
      (mlp): Mlp(
        (fc1): Linear(in_features=1024, out_features=4096, bias=True)
        (act): GELU(approximate='none')
        (fc2): Linear(in_features=4096, out_features=1024, bias=True)
        (drop): Dropout(p=0.0, inplace=False)
      )
    )
    (3): Block(
      (norm1): LayerNorm((1024,), eps=1e-06, elementwise_affine=True)
      (attn): Attention(
        (qkv): Linear(in_features=1024, out_features=3072, bias=False)
        (attn_drop): Dropout(p=0.0, inplace=False)
        (proj): Linear(in_features=1024, out_features=1024, bias=True)
        (proj_drop): Dropout(p=0.0, inplace=False)
      )
      (drop_path): DropPath(p=0.013043479062616825)
      (norm2): LayerNorm((1024,), eps=1e-06, elementwise_affine=True)
      (mlp): Mlp(
        (fc1): Linear(in_features=1024, out_features=4096, bias=True)
        (act): GELU(approximate='none')
        (fc2): Linear(in_features=4096, out_features=1024, bias=True)
        (drop): Dropout(p=0.0, inplace=False)
      )
    )
    (4): Block(
      (norm1): LayerNorm((1024,), eps=1e-06, elementwise_affine=True)
      (attn): Attention(
        (qkv): Linear(in_features=1024, out_features=3072, bias=False)
        (attn_drop): Dropout(p=0.0, inplace=False)
        (proj): Linear(in_features=1024, out_features=1024, bias=True)
        (proj_drop): Dropout(p=0.0, inplace=False)
      )
      (drop_path): DropPath(p=0.017391305416822433)
      (norm2): LayerNorm((1024,), eps=1e-06, elementwise_affine=True)
      (mlp): Mlp(
        (fc1): Linear(in_features=1024, out_features=4096, bias=True)
        (act): GELU(approximate='none')
        (fc2): Linear(in_features=4096, out_features=1024, bias=True)
        (drop): Dropout(p=0.0, inplace=False)
      )
    )
    (5): Block(
      (norm1): LayerNorm((1024,), eps=1e-06, elementwise_affine=True)
      (attn): Attention(
        (qkv): Linear(in_features=1024, out_features=3072, bias=False)
        (attn_drop): Dropout(p=0.0, inplace=False)
        (proj): Linear(in_features=1024, out_features=1024, bias=True)
        (proj_drop): Dropout(p=0.0, inplace=False)
      )
      (drop_path): DropPath(p=0.021739132702350616)
      (norm2): LayerNorm((1024,), eps=1e-06, elementwise_affine=True)
      (mlp): Mlp(
        (fc1): Linear(in_features=1024, out_features=4096, bias=True)
        (act): GELU(approximate='none')
        (fc2): Linear(in_features=4096, out_features=1024, bias=True)
        (drop): Dropout(p=0.0, inplace=False)
      )
    )
    (6): Block(
      (norm1): LayerNorm((1024,), eps=1e-06, elementwise_affine=True)
      (attn): Attention(
        (qkv): Linear(in_features=1024, out_features=3072, bias=False)
        (attn_drop): Dropout(p=0.0, inplace=False)
        (proj): Linear(in_features=1024, out_features=1024, bias=True)
        (proj_drop): Dropout(p=0.0, inplace=False)
      )
      (drop_path): DropPath(p=0.02608695812523365)
      (norm2): LayerNorm((1024,), eps=1e-06, elementwise_affine=True)
      (mlp): Mlp(
        (fc1): Linear(in_features=1024, out_features=4096, bias=True)
        (act): GELU(approximate='none')
        (fc2): Linear(in_features=4096, out_features=1024, bias=True)
        (drop): Dropout(p=0.0, inplace=False)
      )
    )
    (7): Block(
      (norm1): LayerNorm((1024,), eps=1e-06, elementwise_affine=True)
      (attn): Attention(
        (qkv): Linear(in_features=1024, out_features=3072, bias=False)
        (attn_drop): Dropout(p=0.0, inplace=False)
        (proj): Linear(in_features=1024, out_features=1024, bias=True)
        (proj_drop): Dropout(p=0.0, inplace=False)
      )
      (drop_path): DropPath(p=0.030434783548116684)
      (norm2): LayerNorm((1024,), eps=1e-06, elementwise_affine=True)
      (mlp): Mlp(
        (fc1): Linear(in_features=1024, out_features=4096, bias=True)
        (act): GELU(approximate='none')
        (fc2): Linear(in_features=4096, out_features=1024, bias=True)
        (drop): Dropout(p=0.0, inplace=False)
      )
    )
    (8): Block(
      (norm1): LayerNorm((1024,), eps=1e-06, elementwise_affine=True)
      (attn): Attention(
        (qkv): Linear(in_features=1024, out_features=3072, bias=False)
        (attn_drop): Dropout(p=0.0, inplace=False)
        (proj): Linear(in_features=1024, out_features=1024, bias=True)
        (proj_drop): Dropout(p=0.0, inplace=False)
      )
      (drop_path): DropPath(p=0.03478261083364487)
      (norm2): LayerNorm((1024,), eps=1e-06, elementwise_affine=True)
      (mlp): Mlp(
        (fc1): Linear(in_features=1024, out_features=4096, bias=True)
        (act): GELU(approximate='none')
        (fc2): Linear(in_features=4096, out_features=1024, bias=True)
        (drop): Dropout(p=0.0, inplace=False)
      )
    )
    (9): Block(
      (norm1): LayerNorm((1024,), eps=1e-06, elementwise_affine=True)
      (attn): Attention(
        (qkv): Linear(in_features=1024, out_features=3072, bias=False)
        (attn_drop): Dropout(p=0.0, inplace=False)
        (proj): Linear(in_features=1024, out_features=1024, bias=True)
        (proj_drop): Dropout(p=0.0, inplace=False)
      )
      (drop_path): DropPath(p=0.03913043811917305)
      (norm2): LayerNorm((1024,), eps=1e-06, elementwise_affine=True)
      (mlp): Mlp(
        (fc1): Linear(in_features=1024, out_features=4096, bias=True)
        (act): GELU(approximate='none')
        (fc2): Linear(in_features=4096, out_features=1024, bias=True)
        (drop): Dropout(p=0.0, inplace=False)
      )
    )
    (10): Block(
      (norm1): LayerNorm((1024,), eps=1e-06, elementwise_affine=True)
      (attn): Attention(
        (qkv): Linear(in_features=1024, out_features=3072, bias=False)
        (attn_drop): Dropout(p=0.0, inplace=False)
        (proj): Linear(in_features=1024, out_features=1024, bias=True)
        (proj_drop): Dropout(p=0.0, inplace=False)
      )
      (drop_path): DropPath(p=0.04347826540470123)
      (norm2): LayerNorm((1024,), eps=1e-06, elementwise_affine=True)
      (mlp): Mlp(
        (fc1): Linear(in_features=1024, out_features=4096, bias=True)
        (act): GELU(approximate='none')
        (fc2): Linear(in_features=4096, out_features=1024, bias=True)
        (drop): Dropout(p=0.0, inplace=False)
      )
    )
    (11): Block(
      (norm1): LayerNorm((1024,), eps=1e-06, elementwise_affine=True)
      (attn): Attention(
        (qkv): Linear(in_features=1024, out_features=3072, bias=False)
        (attn_drop): Dropout(p=0.0, inplace=False)
        (proj): Linear(in_features=1024, out_features=1024, bias=True)
        (proj_drop): Dropout(p=0.0, inplace=False)
      )
      (drop_path): DropPath(p=0.04782608896493912)
      (norm2): LayerNorm((1024,), eps=1e-06, elementwise_affine=True)
      (mlp): Mlp(
        (fc1): Linear(in_features=1024, out_features=4096, bias=True)
        (act): GELU(approximate='none')
        (fc2): Linear(in_features=4096, out_features=1024, bias=True)
        (drop): Dropout(p=0.0, inplace=False)
      )
    )
    (12): Block(
      (norm1): LayerNorm((1024,), eps=1e-06, elementwise_affine=True)
      (attn): Attention(
        (qkv): Linear(in_features=1024, out_features=3072, bias=False)
        (attn_drop): Dropout(p=0.0, inplace=False)
        (proj): Linear(in_features=1024, out_features=1024, bias=True)
        (proj_drop): Dropout(p=0.0, inplace=False)
      )
      (drop_path): DropPath(p=0.052173912525177)
      (norm2): LayerNorm((1024,), eps=1e-06, elementwise_affine=True)
      (mlp): Mlp(
        (fc1): Linear(in_features=1024, out_features=4096, bias=True)
        (act): GELU(approximate='none')
        (fc2): Linear(in_features=4096, out_features=1024, bias=True)
        (drop): Dropout(p=0.0, inplace=False)
      )
    )
    (13): Block(
      (norm1): LayerNorm((1024,), eps=1e-06, elementwise_affine=True)
      (attn): Attention(
        (qkv): Linear(in_features=1024, out_features=3072, bias=False)
        (attn_drop): Dropout(p=0.0, inplace=False)
        (proj): Linear(in_features=1024, out_features=1024, bias=True)
        (proj_drop): Dropout(p=0.0, inplace=False)
      )
      (drop_path): DropPath(p=0.056521736085414886)
      (norm2): LayerNorm((1024,), eps=1e-06, elementwise_affine=True)
      (mlp): Mlp(
        (fc1): Linear(in_features=1024, out_features=4096, bias=True)
        (act): GELU(approximate='none')
        (fc2): Linear(in_features=4096, out_features=1024, bias=True)
        (drop): Dropout(p=0.0, inplace=False)
      )
    )
    (14): Block(
      (norm1): LayerNorm((1024,), eps=1e-06, elementwise_affine=True)
      (attn): Attention(
        (qkv): Linear(in_features=1024, out_features=3072, bias=False)
        (attn_drop): Dropout(p=0.0, inplace=False)
        (proj): Linear(in_features=1024, out_features=1024, bias=True)
        (proj_drop): Dropout(p=0.0, inplace=False)
      )
      (drop_path): DropPath(p=0.06086956337094307)
      (norm2): LayerNorm((1024,), eps=1e-06, elementwise_affine=True)
      (mlp): Mlp(
        (fc1): Linear(in_features=1024, out_features=4096, bias=True)
        (act): GELU(approximate='none')
        (fc2): Linear(in_features=4096, out_features=1024, bias=True)
        (drop): Dropout(p=0.0, inplace=False)
      )
    )
    (15): Block(
      (norm1): LayerNorm((1024,), eps=1e-06, elementwise_affine=True)
      (attn): Attention(
        (qkv): Linear(in_features=1024, out_features=3072, bias=False)
        (attn_drop): Dropout(p=0.0, inplace=False)
        (proj): Linear(in_features=1024, out_features=1024, bias=True)
        (proj_drop): Dropout(p=0.0, inplace=False)
      )
      (drop_path): DropPath(p=0.06521739065647125)
      (norm2): LayerNorm((1024,), eps=1e-06, elementwise_affine=True)
      (mlp): Mlp(
        (fc1): Linear(in_features=1024, out_features=4096, bias=True)
        (act): GELU(approximate='none')
        (fc2): Linear(in_features=4096, out_features=1024, bias=True)
        (drop): Dropout(p=0.0, inplace=False)
      )
    )
    (16): Block(
      (norm1): LayerNorm((1024,), eps=1e-06, elementwise_affine=True)
      (attn): Attention(
        (qkv): Linear(in_features=1024, out_features=3072, bias=False)
        (attn_drop): Dropout(p=0.0, inplace=False)
        (proj): Linear(in_features=1024, out_features=1024, bias=True)
        (proj_drop): Dropout(p=0.0, inplace=False)
      )
      (drop_path): DropPath(p=0.06956521421670914)
      (norm2): LayerNorm((1024,), eps=1e-06, elementwise_affine=True)
      (mlp): Mlp(
        (fc1): Linear(in_features=1024, out_features=4096, bias=True)
        (act): GELU(approximate='none')
        (fc2): Linear(in_features=4096, out_features=1024, bias=True)
        (drop): Dropout(p=0.0, inplace=False)
      )
    )
    (17): Block(
      (norm1): LayerNorm((1024,), eps=1e-06, elementwise_affine=True)
      (attn): Attention(
        (qkv): Linear(in_features=1024, out_features=3072, bias=False)
        (attn_drop): Dropout(p=0.0, inplace=False)
        (proj): Linear(in_features=1024, out_features=1024, bias=True)
        (proj_drop): Dropout(p=0.0, inplace=False)
      )
      (drop_path): DropPath(p=0.07391304522752762)
      (norm2): LayerNorm((1024,), eps=1e-06, elementwise_affine=True)
      (mlp): Mlp(
        (fc1): Linear(in_features=1024, out_features=4096, bias=True)
        (act): GELU(approximate='none')
        (fc2): Linear(in_features=4096, out_features=1024, bias=True)
        (drop): Dropout(p=0.0, inplace=False)
      )
    )
    (18): Block(
      (norm1): LayerNorm((1024,), eps=1e-06, elementwise_affine=True)
      (attn): Attention(
        (qkv): Linear(in_features=1024, out_features=3072, bias=False)
        (attn_drop): Dropout(p=0.0, inplace=False)
        (proj): Linear(in_features=1024, out_features=1024, bias=True)
        (proj_drop): Dropout(p=0.0, inplace=False)
      )
      (drop_path): DropPath(p=0.0782608687877655)
      (norm2): LayerNorm((1024,), eps=1e-06, elementwise_affine=True)
      (mlp): Mlp(
        (fc1): Linear(in_features=1024, out_features=4096, bias=True)
        (act): GELU(approximate='none')
        (fc2): Linear(in_features=4096, out_features=1024, bias=True)
        (drop): Dropout(p=0.0, inplace=False)
      )
    )
    (19): Block(
      (norm1): LayerNorm((1024,), eps=1e-06, elementwise_affine=True)
      (attn): Attention(
        (qkv): Linear(in_features=1024, out_features=3072, bias=False)
        (attn_drop): Dropout(p=0.0, inplace=False)
        (proj): Linear(in_features=1024, out_features=1024, bias=True)
        (proj_drop): Dropout(p=0.0, inplace=False)
      )
      (drop_path): DropPath(p=0.08260869979858398)
      (norm2): LayerNorm((1024,), eps=1e-06, elementwise_affine=True)
      (mlp): Mlp(
        (fc1): Linear(in_features=1024, out_features=4096, bias=True)
        (act): GELU(approximate='none')
        (fc2): Linear(in_features=4096, out_features=1024, bias=True)
        (drop): Dropout(p=0.0, inplace=False)
      )
    )
    (20): Block(
      (norm1): LayerNorm((1024,), eps=1e-06, elementwise_affine=True)
      (attn): Attention(
        (qkv): Linear(in_features=1024, out_features=3072, bias=False)
        (attn_drop): Dropout(p=0.0, inplace=False)
        (proj): Linear(in_features=1024, out_features=1024, bias=True)
        (proj_drop): Dropout(p=0.0, inplace=False)
      )
      (drop_path): DropPath(p=0.08695652335882187)
      (norm2): LayerNorm((1024,), eps=1e-06, elementwise_affine=True)
      (mlp): Mlp(
        (fc1): Linear(in_features=1024, out_features=4096, bias=True)
        (act): GELU(approximate='none')
        (fc2): Linear(in_features=4096, out_features=1024, bias=True)
        (drop): Dropout(p=0.0, inplace=False)
      )
    )
    (21): Block(
      (norm1): LayerNorm((1024,), eps=1e-06, elementwise_affine=True)
      (attn): Attention(
        (qkv): Linear(in_features=1024, out_features=3072, bias=False)
        (attn_drop): Dropout(p=0.0, inplace=False)
        (proj): Linear(in_features=1024, out_features=1024, bias=True)
        (proj_drop): Dropout(p=0.0, inplace=False)
      )
      (drop_path): DropPath(p=0.09130434691905975)
      (norm2): LayerNorm((1024,), eps=1e-06, elementwise_affine=True)
      (mlp): Mlp(
        (fc1): Linear(in_features=1024, out_features=4096, bias=True)
        (act): GELU(approximate='none')
        (fc2): Linear(in_features=4096, out_features=1024, bias=True)
        (drop): Dropout(p=0.0, inplace=False)
      )
    )
    (22): Block(
      (norm1): LayerNorm((1024,), eps=1e-06, elementwise_affine=True)
      (attn): Attention(
        (qkv): Linear(in_features=1024, out_features=3072, bias=False)
        (attn_drop): Dropout(p=0.0, inplace=False)
        (proj): Linear(in_features=1024, out_features=1024, bias=True)
        (proj_drop): Dropout(p=0.0, inplace=False)
      )
      (drop_path): DropPath(p=0.09565217792987823)
      (norm2): LayerNorm((1024,), eps=1e-06, elementwise_affine=True)
      (mlp): Mlp(
        (fc1): Linear(in_features=1024, out_features=4096, bias=True)
        (act): GELU(approximate='none')
        (fc2): Linear(in_features=4096, out_features=1024, bias=True)
        (drop): Dropout(p=0.0, inplace=False)
      )
    )
    (23): Block(
      (norm1): LayerNorm((1024,), eps=1e-06, elementwise_affine=True)
      (attn): Attention(
        (qkv): Linear(in_features=1024, out_features=3072, bias=False)
        (attn_drop): Dropout(p=0.0, inplace=False)
        (proj): Linear(in_features=1024, out_features=1024, bias=True)
        (proj_drop): Dropout(p=0.0, inplace=False)
      )
      (drop_path): DropPath(p=0.10000000149011612)
      (norm2): LayerNorm((1024,), eps=1e-06, elementwise_affine=True)
      (mlp): Mlp(
        (fc1): Linear(in_features=1024, out_features=4096, bias=True)
        (act): GELU(approximate='none')
        (fc2): Linear(in_features=4096, out_features=1024, bias=True)
        (drop): Dropout(p=0.0, inplace=False)
      )
    )
  )
  (norm): LayerNorm((1024,), eps=1e-06, elementwise_affine=True)
  (head): Linear(in_features=1024, out_features=1000, bias=True)
)
normalization method:  imagenet
  B0P_plain fold2 ep01/40 loss=1.0065 val_bacc=0.4678 (79s)
  B0P_plain fold2 ep02/40 loss=0.5620 val_bacc=0.4867 (78s)
  B0P_plain fold2 ep03/40 loss=0.4832 val_bacc=0.5669 (79s)
  B0P_plain fold2 ep04/40 loss=0.4412 val_bacc=0.6167 (79s)
  B0P_plain fold2 ep05/40 loss=0.4212 val_bacc=0.5825 (79s)
  B0P_plain fold2 ep06/40 loss=0.3953 val_bacc=0.6269 (79s)
  B0P_plain fold2 ep07/40 loss=0.3814 val_bacc=0.6000 (79s)
  B0P_plain fold2 ep08/40 loss=0.3589 val_bacc=0.6203 (80s)
  B0P_plain fold2 ep09/40 loss=0.3329 val_bacc=0.6344 (78s)
  B0P_plain fold2 ep10/40 loss=0.3374 val_bacc=0.6183 (78s)
  B0P_plain fold2 ep11/40 loss=0.3185 val_bacc=0.6350 (79s)
  B0P_plain fold2 ep12/40 loss=0.2881 val_bacc=0.6389 (80s)
  B0P_plain fold2 ep13/40 loss=0.2749 val_bacc=0.7011 (80s)
  B0P_plain fold2 ep14/40 loss=0.2664 val_bacc=0.6458 (78s)
  B0P_plain fold2 ep15/40 loss=0.2430 val_bacc=0.7069 (79s)
  B0P_plain fold2 ep16/40 loss=0.2371 val_bacc=0.6108 (79s)
  B0P_plain fold2 ep17/40 loss=0.2079 val_bacc=0.6514 (79s)
  B0P_plain fold2 ep18/40 loss=0.1757 val_bacc=0.6511 (78s)
  B0P_plain fold2 ep19/40 loss=0.2041 val_bacc=0.5881 (78s)
  B0P_plain fold2 ep20/40 loss=0.1716 val_bacc=0.6361 (78s)
  B0P_plain fold2 ep21/40 loss=0.1671 val_bacc=0.6436 (79s)
  B0P_plain fold2 ep22/40 loss=0.1297 val_bacc=0.6650 (79s)
  B0P_plain fold2 ep23/40 loss=0.1432 val_bacc=0.6431 (81s)
  B0P_plain fold2 ep24/40 loss=0.1123 val_bacc=0.6303 (79s)
  B0P_plain fold2 ep25/40 loss=0.1142 val_bacc=0.6694 (78s)
  [early stop] ep25 best_val=0.7069
  → B0P_plain fold2: test BACC=0.6965 severe_recall=0.5263 MAE=0.2295

=== B0P_plain · fold 3 (train 2930 / test 732) ===
normalization method:  imagenet
normalization method:  imagenet
loading model checkpoint
VisionTransformer(
  (patch_embed): PatchEmbed(
    (proj): Conv2d(3, 1024, kernel_size=(16, 16), stride=(16, 16))
  )
  (pos_drop): Dropout(p=0.0, inplace=False)
  (blocks): ModuleList(
    (0): Block(
      (norm1): LayerNorm((1024,), eps=1e-06, elementwise_affine=True)
      (attn): Attention(
        (qkv): Linear(in_features=1024, out_features=3072, bias=False)
        (attn_drop): Dropout(p=0.0, inplace=False)
        (proj): Linear(in_features=1024, out_features=1024, bias=True)
        (proj_drop): Dropout(p=0.0, inplace=False)
      )
      (drop_path): Identity()
      (norm2): LayerNorm((1024,), eps=1e-06, elementwise_affine=True)
      (mlp): Mlp(
        (fc1): Linear(in_features=1024, out_features=4096, bias=True)
        (act): GELU(approximate='none')
        (fc2): Linear(in_features=4096, out_features=1024, bias=True)
        (drop): Dropout(p=0.0, inplace=False)
      )
    )
    (1): Block(
      (norm1): LayerNorm((1024,), eps=1e-06, elementwise_affine=True)
      (attn): Attention(
        (qkv): Linear(in_features=1024, out_features=3072, bias=False)
        (attn_drop): Dropout(p=0.0, inplace=False)
        (proj): Linear(in_features=1024, out_features=1024, bias=True)
        (proj_drop): Dropout(p=0.0, inplace=False)
      )
      (drop_path): DropPath(p=0.004347826354205608)
      (norm2): LayerNorm((1024,), eps=1e-06, elementwise_affine=True)
      (mlp): Mlp(
        (fc1): Linear(in_features=1024, out_features=4096, bias=True)
        (act): GELU(approximate='none')
        (fc2): Linear(in_features=4096, out_features=1024, bias=True)
        (drop): Dropout(p=0.0, inplace=False)
      )
    )
    (2): Block(
      (norm1): LayerNorm((1024,), eps=1e-06, elementwise_affine=True)
      (attn): Attention(
        (qkv): Linear(in_features=1024, out_features=3072, bias=False)
        (attn_drop): Dropout(p=0.0, inplace=False)
        (proj): Linear(in_features=1024, out_features=1024, bias=True)
        (proj_drop): Dropout(p=0.0, inplace=False)
      )
      (drop_path): DropPath(p=0.008695652708411217)
      (norm2): LayerNorm((1024,), eps=1e-06, elementwise_affine=True)
      (mlp): Mlp(
        (fc1): Linear(in_features=1024, out_features=4096, bias=True)
        (act): GELU(approximate='none')
        (fc2): Linear(in_features=4096, out_features=1024, bias=True)
        (drop): Dropout(p=0.0, inplace=False)
      )
    )
    (3): Block(
      (norm1): LayerNorm((1024,), eps=1e-06, elementwise_affine=True)
      (attn): Attention(
        (qkv): Linear(in_features=1024, out_features=3072, bias=False)
        (attn_drop): Dropout(p=0.0, inplace=False)
        (proj): Linear(in_features=1024, out_features=1024, bias=True)
        (proj_drop): Dropout(p=0.0, inplace=False)
      )
      (drop_path): DropPath(p=0.013043479062616825)
      (norm2): LayerNorm((1024,), eps=1e-06, elementwise_affine=True)
      (mlp): Mlp(
        (fc1): Linear(in_features=1024, out_features=4096, bias=True)
        (act): GELU(approximate='none')
        (fc2): Linear(in_features=4096, out_features=1024, bias=True)
        (drop): Dropout(p=0.0, inplace=False)
      )
    )
    (4): Block(
      (norm1): LayerNorm((1024,), eps=1e-06, elementwise_affine=True)
      (attn): Attention(
        (qkv): Linear(in_features=1024, out_features=3072, bias=False)
        (attn_drop): Dropout(p=0.0, inplace=False)
        (proj): Linear(in_features=1024, out_features=1024, bias=True)
        (proj_drop): Dropout(p=0.0, inplace=False)
      )
      (drop_path): DropPath(p=0.017391305416822433)
      (norm2): LayerNorm((1024,), eps=1e-06, elementwise_affine=True)
      (mlp): Mlp(
        (fc1): Linear(in_features=1024, out_features=4096, bias=True)
        (act): GELU(approximate='none')
        (fc2): Linear(in_features=4096, out_features=1024, bias=True)
        (drop): Dropout(p=0.0, inplace=False)
      )
    )
    (5): Block(
      (norm1): LayerNorm((1024,), eps=1e-06, elementwise_affine=True)
      (attn): Attention(
        (qkv): Linear(in_features=1024, out_features=3072, bias=False)
        (attn_drop): Dropout(p=0.0, inplace=False)
        (proj): Linear(in_features=1024, out_features=1024, bias=True)
        (proj_drop): Dropout(p=0.0, inplace=False)
      )
      (drop_path): DropPath(p=0.021739132702350616)
      (norm2): LayerNorm((1024,), eps=1e-06, elementwise_affine=True)
      (mlp): Mlp(
        (fc1): Linear(in_features=1024, out_features=4096, bias=True)
        (act): GELU(approximate='none')
        (fc2): Linear(in_features=4096, out_features=1024, bias=True)
        (drop): Dropout(p=0.0, inplace=False)
      )
    )
    (6): Block(
      (norm1): LayerNorm((1024,), eps=1e-06, elementwise_affine=True)
      (attn): Attention(
        (qkv): Linear(in_features=1024, out_features=3072, bias=False)
        (attn_drop): Dropout(p=0.0, inplace=False)
        (proj): Linear(in_features=1024, out_features=1024, bias=True)
        (proj_drop): Dropout(p=0.0, inplace=False)
      )
      (drop_path): DropPath(p=0.02608695812523365)
      (norm2): LayerNorm((1024,), eps=1e-06, elementwise_affine=True)
      (mlp): Mlp(
        (fc1): Linear(in_features=1024, out_features=4096, bias=True)
        (act): GELU(approximate='none')
        (fc2): Linear(in_features=4096, out_features=1024, bias=True)
        (drop): Dropout(p=0.0, inplace=False)
      )
    )
    (7): Block(
      (norm1): LayerNorm((1024,), eps=1e-06, elementwise_affine=True)
      (attn): Attention(
        (qkv): Linear(in_features=1024, out_features=3072, bias=False)
        (attn_drop): Dropout(p=0.0, inplace=False)
        (proj): Linear(in_features=1024, out_features=1024, bias=True)
        (proj_drop): Dropout(p=0.0, inplace=False)
      )
      (drop_path): DropPath(p=0.030434783548116684)
      (norm2): LayerNorm((1024,), eps=1e-06, elementwise_affine=True)
      (mlp): Mlp(
        (fc1): Linear(in_features=1024, out_features=4096, bias=True)
        (act): GELU(approximate='none')
        (fc2): Linear(in_features=4096, out_features=1024, bias=True)
        (drop): Dropout(p=0.0, inplace=False)
      )
    )
    (8): Block(
      (norm1): LayerNorm((1024,), eps=1e-06, elementwise_affine=True)
      (attn): Attention(
        (qkv): Linear(in_features=1024, out_features=3072, bias=False)
        (attn_drop): Dropout(p=0.0, inplace=False)
        (proj): Linear(in_features=1024, out_features=1024, bias=True)
        (proj_drop): Dropout(p=0.0, inplace=False)
      )
      (drop_path): DropPath(p=0.03478261083364487)
      (norm2): LayerNorm((1024,), eps=1e-06, elementwise_affine=True)
      (mlp): Mlp(
        (fc1): Linear(in_features=1024, out_features=4096, bias=True)
        (act): GELU(approximate='none')
        (fc2): Linear(in_features=4096, out_features=1024, bias=True)
        (drop): Dropout(p=0.0, inplace=False)
      )
    )
    (9): Block(
      (norm1): LayerNorm((1024,), eps=1e-06, elementwise_affine=True)
      (attn): Attention(
        (qkv): Linear(in_features=1024, out_features=3072, bias=False)
        (attn_drop): Dropout(p=0.0, inplace=False)
        (proj): Linear(in_features=1024, out_features=1024, bias=True)
        (proj_drop): Dropout(p=0.0, inplace=False)
      )
      (drop_path): DropPath(p=0.03913043811917305)
      (norm2): LayerNorm((1024,), eps=1e-06, elementwise_affine=True)
      (mlp): Mlp(
        (fc1): Linear(in_features=1024, out_features=4096, bias=True)
        (act): GELU(approximate='none')
        (fc2): Linear(in_features=4096, out_features=1024, bias=True)
        (drop): Dropout(p=0.0, inplace=False)
      )
    )
    (10): Block(
      (norm1): LayerNorm((1024,), eps=1e-06, elementwise_affine=True)
      (attn): Attention(
        (qkv): Linear(in_features=1024, out_features=3072, bias=False)
        (attn_drop): Dropout(p=0.0, inplace=False)
        (proj): Linear(in_features=1024, out_features=1024, bias=True)
        (proj_drop): Dropout(p=0.0, inplace=False)
      )
      (drop_path): DropPath(p=0.04347826540470123)
      (norm2): LayerNorm((1024,), eps=1e-06, elementwise_affine=True)
      (mlp): Mlp(
        (fc1): Linear(in_features=1024, out_features=4096, bias=True)
        (act): GELU(approximate='none')
        (fc2): Linear(in_features=4096, out_features=1024, bias=True)
        (drop): Dropout(p=0.0, inplace=False)
      )
    )
    (11): Block(
      (norm1): LayerNorm((1024,), eps=1e-06, elementwise_affine=True)
      (attn): Attention(
        (qkv): Linear(in_features=1024, out_features=3072, bias=False)
        (attn_drop): Dropout(p=0.0, inplace=False)
        (proj): Linear(in_features=1024, out_features=1024, bias=True)
        (proj_drop): Dropout(p=0.0, inplace=False)
      )
      (drop_path): DropPath(p=0.04782608896493912)
      (norm2): LayerNorm((1024,), eps=1e-06, elementwise_affine=True)
      (mlp): Mlp(
        (fc1): Linear(in_features=1024, out_features=4096, bias=True)
        (act): GELU(approximate='none')
        (fc2): Linear(in_features=4096, out_features=1024, bias=True)
        (drop): Dropout(p=0.0, inplace=False)
      )
    )
    (12): Block(
      (norm1): LayerNorm((1024,), eps=1e-06, elementwise_affine=True)
      (attn): Attention(
        (qkv): Linear(in_features=1024, out_features=3072, bias=False)
        (attn_drop): Dropout(p=0.0, inplace=False)
        (proj): Linear(in_features=1024, out_features=1024, bias=True)
        (proj_drop): Dropout(p=0.0, inplace=False)
      )
      (drop_path): DropPath(p=0.052173912525177)
      (norm2): LayerNorm((1024,), eps=1e-06, elementwise_affine=True)
      (mlp): Mlp(
        (fc1): Linear(in_features=1024, out_features=4096, bias=True)
        (act): GELU(approximate='none')
        (fc2): Linear(in_features=4096, out_features=1024, bias=True)
        (drop): Dropout(p=0.0, inplace=False)
      )
    )
    (13): Block(
      (norm1): LayerNorm((1024,), eps=1e-06, elementwise_affine=True)
      (attn): Attention(
        (qkv): Linear(in_features=1024, out_features=3072, bias=False)
        (attn_drop): Dropout(p=0.0, inplace=False)
        (proj): Linear(in_features=1024, out_features=1024, bias=True)
        (proj_drop): Dropout(p=0.0, inplace=False)
      )
      (drop_path): DropPath(p=0.056521736085414886)
      (norm2): LayerNorm((1024,), eps=1e-06, elementwise_affine=True)
      (mlp): Mlp(
        (fc1): Linear(in_features=1024, out_features=4096, bias=True)
        (act): GELU(approximate='none')
        (fc2): Linear(in_features=4096, out_features=1024, bias=True)
        (drop): Dropout(p=0.0, inplace=False)
      )
    )
    (14): Block(
      (norm1): LayerNorm((1024,), eps=1e-06, elementwise_affine=True)
      (attn): Attention(
        (qkv): Linear(in_features=1024, out_features=3072, bias=False)
        (attn_drop): Dropout(p=0.0, inplace=False)
        (proj): Linear(in_features=1024, out_features=1024, bias=True)
        (proj_drop): Dropout(p=0.0, inplace=False)
      )
      (drop_path): DropPath(p=0.06086956337094307)
      (norm2): LayerNorm((1024,), eps=1e-06, elementwise_affine=True)
      (mlp): Mlp(
        (fc1): Linear(in_features=1024, out_features=4096, bias=True)
        (act): GELU(approximate='none')
        (fc2): Linear(in_features=4096, out_features=1024, bias=True)
        (drop): Dropout(p=0.0, inplace=False)
      )
    )
    (15): Block(
      (norm1): LayerNorm((1024,), eps=1e-06, elementwise_affine=True)
      (attn): Attention(
        (qkv): Linear(in_features=1024, out_features=3072, bias=False)
        (attn_drop): Dropout(p=0.0, inplace=False)
        (proj): Linear(in_features=1024, out_features=1024, bias=True)
        (proj_drop): Dropout(p=0.0, inplace=False)
      )
      (drop_path): DropPath(p=0.06521739065647125)
      (norm2): LayerNorm((1024,), eps=1e-06, elementwise_affine=True)
      (mlp): Mlp(
        (fc1): Linear(in_features=1024, out_features=4096, bias=True)
        (act): GELU(approximate='none')
        (fc2): Linear(in_features=4096, out_features=1024, bias=True)
        (drop): Dropout(p=0.0, inplace=False)
      )
    )
    (16): Block(
      (norm1): LayerNorm((1024,), eps=1e-06, elementwise_affine=True)
      (attn): Attention(
        (qkv): Linear(in_features=1024, out_features=3072, bias=False)
        (attn_drop): Dropout(p=0.0, inplace=False)
        (proj): Linear(in_features=1024, out_features=1024, bias=True)
        (proj_drop): Dropout(p=0.0, inplace=False)
      )
      (drop_path): DropPath(p=0.06956521421670914)
      (norm2): LayerNorm((1024,), eps=1e-06, elementwise_affine=True)
      (mlp): Mlp(
        (fc1): Linear(in_features=1024, out_features=4096, bias=True)
        (act): GELU(approximate='none')
        (fc2): Linear(in_features=4096, out_features=1024, bias=True)
        (drop): Dropout(p=0.0, inplace=False)
      )
    )
    (17): Block(
      (norm1): LayerNorm((1024,), eps=1e-06, elementwise_affine=True)
      (attn): Attention(
        (qkv): Linear(in_features=1024, out_features=3072, bias=False)
        (attn_drop): Dropout(p=0.0, inplace=False)
        (proj): Linear(in_features=1024, out_features=1024, bias=True)
        (proj_drop): Dropout(p=0.0, inplace=False)
      )
      (drop_path): DropPath(p=0.07391304522752762)
      (norm2): LayerNorm((1024,), eps=1e-06, elementwise_affine=True)
      (mlp): Mlp(
        (fc1): Linear(in_features=1024, out_features=4096, bias=True)
        (act): GELU(approximate='none')
        (fc2): Linear(in_features=4096, out_features=1024, bias=True)
        (drop): Dropout(p=0.0, inplace=False)
      )
    )
    (18): Block(
      (norm1): LayerNorm((1024,), eps=1e-06, elementwise_affine=True)
      (attn): Attention(
        (qkv): Linear(in_features=1024, out_features=3072, bias=False)
        (attn_drop): Dropout(p=0.0, inplace=False)
        (proj): Linear(in_features=1024, out_features=1024, bias=True)
        (proj_drop): Dropout(p=0.0, inplace=False)
      )
      (drop_path): DropPath(p=0.0782608687877655)
      (norm2): LayerNorm((1024,), eps=1e-06, elementwise_affine=True)
      (mlp): Mlp(
        (fc1): Linear(in_features=1024, out_features=4096, bias=True)
        (act): GELU(approximate='none')
        (fc2): Linear(in_features=4096, out_features=1024, bias=True)
        (drop): Dropout(p=0.0, inplace=False)
      )
    )
    (19): Block(
      (norm1): LayerNorm((1024,), eps=1e-06, elementwise_affine=True)
      (attn): Attention(
        (qkv): Linear(in_features=1024, out_features=3072, bias=False)
        (attn_drop): Dropout(p=0.0, inplace=False)
        (proj): Linear(in_features=1024, out_features=1024, bias=True)
        (proj_drop): Dropout(p=0.0, inplace=False)
      )
      (drop_path): DropPath(p=0.08260869979858398)
      (norm2): LayerNorm((1024,), eps=1e-06, elementwise_affine=True)
      (mlp): Mlp(
        (fc1): Linear(in_features=1024, out_features=4096, bias=True)
        (act): GELU(approximate='none')
        (fc2): Linear(in_features=4096, out_features=1024, bias=True)
        (drop): Dropout(p=0.0, inplace=False)
      )
    )
    (20): Block(
      (norm1): LayerNorm((1024,), eps=1e-06, elementwise_affine=True)
      (attn): Attention(
        (qkv): Linear(in_features=1024, out_features=3072, bias=False)
        (attn_drop): Dropout(p=0.0, inplace=False)
        (proj): Linear(in_features=1024, out_features=1024, bias=True)
        (proj_drop): Dropout(p=0.0, inplace=False)
      )
      (drop_path): DropPath(p=0.08695652335882187)
      (norm2): LayerNorm((1024,), eps=1e-06, elementwise_affine=True)
      (mlp): Mlp(
        (fc1): Linear(in_features=1024, out_features=4096, bias=True)
        (act): GELU(approximate='none')
        (fc2): Linear(in_features=4096, out_features=1024, bias=True)
        (drop): Dropout(p=0.0, inplace=False)
      )
    )
    (21): Block(
      (norm1): LayerNorm((1024,), eps=1e-06, elementwise_affine=True)
      (attn): Attention(
        (qkv): Linear(in_features=1024, out_features=3072, bias=False)
        (attn_drop): Dropout(p=0.0, inplace=False)
        (proj): Linear(in_features=1024, out_features=1024, bias=True)
        (proj_drop): Dropout(p=0.0, inplace=False)
      )
      (drop_path): DropPath(p=0.09130434691905975)
      (norm2): LayerNorm((1024,), eps=1e-06, elementwise_affine=True)
      (mlp): Mlp(
        (fc1): Linear(in_features=1024, out_features=4096, bias=True)
        (act): GELU(approximate='none')
        (fc2): Linear(in_features=4096, out_features=1024, bias=True)
        (drop): Dropout(p=0.0, inplace=False)
      )
    )
    (22): Block(
      (norm1): LayerNorm((1024,), eps=1e-06, elementwise_affine=True)
      (attn): Attention(
        (qkv): Linear(in_features=1024, out_features=3072, bias=False)
        (attn_drop): Dropout(p=0.0, inplace=False)
        (proj): Linear(in_features=1024, out_features=1024, bias=True)
        (proj_drop): Dropout(p=0.0, inplace=False)
      )
      (drop_path): DropPath(p=0.09565217792987823)
      (norm2): LayerNorm((1024,), eps=1e-06, elementwise_affine=True)
      (mlp): Mlp(
        (fc1): Linear(in_features=1024, out_features=4096, bias=True)
        (act): GELU(approximate='none')
        (fc2): Linear(in_features=4096, out_features=1024, bias=True)
        (drop): Dropout(p=0.0, inplace=False)
      )
    )
    (23): Block(
      (norm1): LayerNorm((1024,), eps=1e-06, elementwise_affine=True)
      (attn): Attention(
        (qkv): Linear(in_features=1024, out_features=3072, bias=False)
        (attn_drop): Dropout(p=0.0, inplace=False)
        (proj): Linear(in_features=1024, out_features=1024, bias=True)
        (proj_drop): Dropout(p=0.0, inplace=False)
      )
      (drop_path): DropPath(p=0.10000000149011612)
      (norm2): LayerNorm((1024,), eps=1e-06, elementwise_affine=True)
      (mlp): Mlp(
        (fc1): Linear(in_features=1024, out_features=4096, bias=True)
        (act): GELU(approximate='none')
        (fc2): Linear(in_features=4096, out_features=1024, bias=True)
        (drop): Dropout(p=0.0, inplace=False)
      )
    )
  )
  (norm): LayerNorm((1024,), eps=1e-06, elementwise_affine=True)
  (head): Linear(in_features=1024, out_features=1000, bias=True)
)
normalization method:  imagenet
  B0P_plain fold3 ep01/40 loss=1.0078 val_bacc=0.4717 (79s)
  B0P_plain fold3 ep02/40 loss=0.5315 val_bacc=0.4997 (79s)
  B0P_plain fold3 ep03/40 loss=0.4846 val_bacc=0.4956 (81s)
  B0P_plain fold3 ep04/40 loss=0.4330 val_bacc=0.6022 (79s)
  B0P_plain fold3 ep05/40 loss=0.4208 val_bacc=0.5797 (79s)
  B0P_plain fold3 ep06/40 loss=0.3859 val_bacc=0.6364 (79s)
  B0P_plain fold3 ep07/40 loss=0.3675 val_bacc=0.6308 (80s)
  B0P_plain fold3 ep08/40 loss=0.3498 val_bacc=0.5972 (81s)
  B0P_plain fold3 ep09/40 loss=0.3298 val_bacc=0.6022 (80s)
  B0P_plain fold3 ep10/40 loss=0.3276 val_bacc=0.6939 (80s)
  B0P_plain fold3 ep11/40 loss=0.2965 val_bacc=0.6078 (80s)
  B0P_plain fold3 ep12/40 loss=0.2797 val_bacc=0.6222 (80s)
  B0P_plain fold3 ep13/40 loss=0.2721 val_bacc=0.6908 (81s)
  B0P_plain fold3 ep14/40 loss=0.2522 val_bacc=0.6975 (80s)
  B0P_plain fold3 ep15/40 loss=0.2301 val_bacc=0.7217 (82s)
  B0P_plain fold3 ep16/40 loss=0.2278 val_bacc=0.6806 (81s)
  B0P_plain fold3 ep17/40 loss=0.2221 val_bacc=0.6792 (81s)
  B0P_plain fold3 ep18/40 loss=0.2037 val_bacc=0.6950 (80s)
  B0P_plain fold3 ep19/40 loss=0.2004 val_bacc=0.6431 (80s)
  B0P_plain fold3 ep20/40 loss=0.1645 val_bacc=0.6619 (80s)
  B0P_plain fold3 ep21/40 loss=0.1607 val_bacc=0.6278 (81s)
  B0P_plain fold3 ep22/40 loss=0.1326 val_bacc=0.7025 (79s)
  B0P_plain fold3 ep23/40 loss=0.1401 val_bacc=0.6622 (80s)
  B0P_plain fold3 ep24/40 loss=0.1331 val_bacc=0.6383 (79s)
  B0P_plain fold3 ep25/40 loss=0.1196 val_bacc=0.6044 (80s)
  [early stop] ep25 best_val=0.7217
  → B0P_plain fold3: test BACC=0.6767 severe_recall=0.3684 MAE=0.2199

=== B0P_plain · fold 4 (train 2930 / test 732) ===
normalization method:  imagenet
normalization method:  imagenet
loading model checkpoint
VisionTransformer(
  (patch_embed): PatchEmbed(
    (proj): Conv2d(3, 1024, kernel_size=(16, 16), stride=(16, 16))
  )
  (pos_drop): Dropout(p=0.0, inplace=False)
  (blocks): ModuleList(
    (0): Block(
      (norm1): LayerNorm((1024,), eps=1e-06, elementwise_affine=True)
      (attn): Attention(
        (qkv): Linear(in_features=1024, out_features=3072, bias=False)
        (attn_drop): Dropout(p=0.0, inplace=False)
        (proj): Linear(in_features=1024, out_features=1024, bias=True)
        (proj_drop): Dropout(p=0.0, inplace=False)
      )
      (drop_path): Identity()
      (norm2): LayerNorm((1024,), eps=1e-06, elementwise_affine=True)
      (mlp): Mlp(
        (fc1): Linear(in_features=1024, out_features=4096, bias=True)
        (act): GELU(approximate='none')
        (fc2): Linear(in_features=4096, out_features=1024, bias=True)
        (drop): Dropout(p=0.0, inplace=False)
      )
    )
    (1): Block(
      (norm1): LayerNorm((1024,), eps=1e-06, elementwise_affine=True)
      (attn): Attention(
        (qkv): Linear(in_features=1024, out_features=3072, bias=False)
        (attn_drop): Dropout(p=0.0, inplace=False)
        (proj): Linear(in_features=1024, out_features=1024, bias=True)
        (proj_drop): Dropout(p=0.0, inplace=False)
      )
      (drop_path): DropPath(p=0.004347826354205608)
      (norm2): LayerNorm((1024,), eps=1e-06, elementwise_affine=True)
      (mlp): Mlp(
        (fc1): Linear(in_features=1024, out_features=4096, bias=True)
        (act): GELU(approximate='none')
        (fc2): Linear(in_features=4096, out_features=1024, bias=True)
        (drop): Dropout(p=0.0, inplace=False)
      )
    )
    (2): Block(
      (norm1): LayerNorm((1024,), eps=1e-06, elementwise_affine=True)
      (attn): Attention(
        (qkv): Linear(in_features=1024, out_features=3072, bias=False)
        (attn_drop): Dropout(p=0.0, inplace=False)
        (proj): Linear(in_features=1024, out_features=1024, bias=True)
        (proj_drop): Dropout(p=0.0, inplace=False)
      )
      (drop_path): DropPath(p=0.008695652708411217)
      (norm2): LayerNorm((1024,), eps=1e-06, elementwise_affine=True)
      (mlp): Mlp(
        (fc1): Linear(in_features=1024, out_features=4096, bias=True)
        (act): GELU(approximate='none')
        (fc2): Linear(in_features=4096, out_features=1024, bias=True)
        (drop): Dropout(p=0.0, inplace=False)
      )
    )
    (3): Block(
      (norm1): LayerNorm((1024,), eps=1e-06, elementwise_affine=True)
      (attn): Attention(
        (qkv): Linear(in_features=1024, out_features=3072, bias=False)
        (attn_drop): Dropout(p=0.0, inplace=False)
        (proj): Linear(in_features=1024, out_features=1024, bias=True)
        (proj_drop): Dropout(p=0.0, inplace=False)
      )
      (drop_path): DropPath(p=0.013043479062616825)
      (norm2): LayerNorm((1024,), eps=1e-06, elementwise_affine=True)
      (mlp): Mlp(
        (fc1): Linear(in_features=1024, out_features=4096, bias=True)
        (act): GELU(approximate='none')
        (fc2): Linear(in_features=4096, out_features=1024, bias=True)
        (drop): Dropout(p=0.0, inplace=False)
      )
    )
    (4): Block(
      (norm1): LayerNorm((1024,), eps=1e-06, elementwise_affine=True)
      (attn): Attention(
        (qkv): Linear(in_features=1024, out_features=3072, bias=False)
        (attn_drop): Dropout(p=0.0, inplace=False)
        (proj): Linear(in_features=1024, out_features=1024, bias=True)
        (proj_drop): Dropout(p=0.0, inplace=False)
      )
      (drop_path): DropPath(p=0.017391305416822433)
      (norm2): LayerNorm((1024,), eps=1e-06, elementwise_affine=True)
      (mlp): Mlp(
        (fc1): Linear(in_features=1024, out_features=4096, bias=True)
        (act): GELU(approximate='none')
        (fc2): Linear(in_features=4096, out_features=1024, bias=True)
        (drop): Dropout(p=0.0, inplace=False)
      )
    )
    (5): Block(
      (norm1): LayerNorm((1024,), eps=1e-06, elementwise_affine=True)
      (attn): Attention(
        (qkv): Linear(in_features=1024, out_features=3072, bias=False)
        (attn_drop): Dropout(p=0.0, inplace=False)
        (proj): Linear(in_features=1024, out_features=1024, bias=True)
        (proj_drop): Dropout(p=0.0, inplace=False)
      )
      (drop_path): DropPath(p=0.021739132702350616)
      (norm2): LayerNorm((1024,), eps=1e-06, elementwise_affine=True)
      (mlp): Mlp(
        (fc1): Linear(in_features=1024, out_features=4096, bias=True)
        (act): GELU(approximate='none')
        (fc2): Linear(in_features=4096, out_features=1024, bias=True)
        (drop): Dropout(p=0.0, inplace=False)
      )
    )
    (6): Block(
      (norm1): LayerNorm((1024,), eps=1e-06, elementwise_affine=True)
      (attn): Attention(
        (qkv): Linear(in_features=1024, out_features=3072, bias=False)
        (attn_drop): Dropout(p=0.0, inplace=False)
        (proj): Linear(in_features=1024, out_features=1024, bias=True)
        (proj_drop): Dropout(p=0.0, inplace=False)
      )
      (drop_path): DropPath(p=0.02608695812523365)
      (norm2): LayerNorm((1024,), eps=1e-06, elementwise_affine=True)
      (mlp): Mlp(
        (fc1): Linear(in_features=1024, out_features=4096, bias=True)
        (act): GELU(approximate='none')
        (fc2): Linear(in_features=4096, out_features=1024, bias=True)
        (drop): Dropout(p=0.0, inplace=False)
      )
    )
    (7): Block(
      (norm1): LayerNorm((1024,), eps=1e-06, elementwise_affine=True)
      (attn): Attention(
        (qkv): Linear(in_features=1024, out_features=3072, bias=False)
        (attn_drop): Dropout(p=0.0, inplace=False)
        (proj): Linear(in_features=1024, out_features=1024, bias=True)
        (proj_drop): Dropout(p=0.0, inplace=False)
      )
      (drop_path): DropPath(p=0.030434783548116684)
      (norm2): LayerNorm((1024,), eps=1e-06, elementwise_affine=True)
      (mlp): Mlp(
        (fc1): Linear(in_features=1024, out_features=4096, bias=True)
        (act): GELU(approximate='none')
        (fc2): Linear(in_features=4096, out_features=1024, bias=True)
        (drop): Dropout(p=0.0, inplace=False)
      )
    )
    (8): Block(
      (norm1): LayerNorm((1024,), eps=1e-06, elementwise_affine=True)
      (attn): Attention(
        (qkv): Linear(in_features=1024, out_features=3072, bias=False)
        (attn_drop): Dropout(p=0.0, inplace=False)
        (proj): Linear(in_features=1024, out_features=1024, bias=True)
        (proj_drop): Dropout(p=0.0, inplace=False)
      )
      (drop_path): DropPath(p=0.03478261083364487)
      (norm2): LayerNorm((1024,), eps=1e-06, elementwise_affine=True)
      (mlp): Mlp(
        (fc1): Linear(in_features=1024, out_features=4096, bias=True)
        (act): GELU(approximate='none')
        (fc2): Linear(in_features=4096, out_features=1024, bias=True)
        (drop): Dropout(p=0.0, inplace=False)
      )
    )
    (9): Block(
      (norm1): LayerNorm((1024,), eps=1e-06, elementwise_affine=True)
      (attn): Attention(
        (qkv): Linear(in_features=1024, out_features=3072, bias=False)
        (attn_drop): Dropout(p=0.0, inplace=False)
        (proj): Linear(in_features=1024, out_features=1024, bias=True)
        (proj_drop): Dropout(p=0.0, inplace=False)
      )
      (drop_path): DropPath(p=0.03913043811917305)
      (norm2): LayerNorm((1024,), eps=1e-06, elementwise_affine=True)
      (mlp): Mlp(
        (fc1): Linear(in_features=1024, out_features=4096, bias=True)
        (act): GELU(approximate='none')
        (fc2): Linear(in_features=4096, out_features=1024, bias=True)
        (drop): Dropout(p=0.0, inplace=False)
      )
    )
    (10): Block(
      (norm1): LayerNorm((1024,), eps=1e-06, elementwise_affine=True)
      (attn): Attention(
        (qkv): Linear(in_features=1024, out_features=3072, bias=False)
        (attn_drop): Dropout(p=0.0, inplace=False)
        (proj): Linear(in_features=1024, out_features=1024, bias=True)
        (proj_drop): Dropout(p=0.0, inplace=False)
      )
      (drop_path): DropPath(p=0.04347826540470123)
      (norm2): LayerNorm((1024,), eps=1e-06, elementwise_affine=True)
      (mlp): Mlp(
        (fc1): Linear(in_features=1024, out_features=4096, bias=True)
        (act): GELU(approximate='none')
        (fc2): Linear(in_features=4096, out_features=1024, bias=True)
        (drop): Dropout(p=0.0, inplace=False)
      )
    )
    (11): Block(
      (norm1): LayerNorm((1024,), eps=1e-06, elementwise_affine=True)
      (attn): Attention(
        (qkv): Linear(in_features=1024, out_features=3072, bias=False)
        (attn_drop): Dropout(p=0.0, inplace=False)
        (proj): Linear(in_features=1024, out_features=1024, bias=True)
        (proj_drop): Dropout(p=0.0, inplace=False)
      )
      (drop_path): DropPath(p=0.04782608896493912)
      (norm2): LayerNorm((1024,), eps=1e-06, elementwise_affine=True)
      (mlp): Mlp(
        (fc1): Linear(in_features=1024, out_features=4096, bias=True)
        (act): GELU(approximate='none')
        (fc2): Linear(in_features=4096, out_features=1024, bias=True)
        (drop): Dropout(p=0.0, inplace=False)
      )
    )
    (12): Block(
      (norm1): LayerNorm((1024,), eps=1e-06, elementwise_affine=True)
      (attn): Attention(
        (qkv): Linear(in_features=1024, out_features=3072, bias=False)
        (attn_drop): Dropout(p=0.0, inplace=False)
        (proj): Linear(in_features=1024, out_features=1024, bias=True)
        (proj_drop): Dropout(p=0.0, inplace=False)
      )
      (drop_path): DropPath(p=0.052173912525177)
      (norm2): LayerNorm((1024,), eps=1e-06, elementwise_affine=True)
      (mlp): Mlp(
        (fc1): Linear(in_features=1024, out_features=4096, bias=True)
        (act): GELU(approximate='none')
        (fc2): Linear(in_features=4096, out_features=1024, bias=True)
        (drop): Dropout(p=0.0, inplace=False)
      )
    )
    (13): Block(
      (norm1): LayerNorm((1024,), eps=1e-06, elementwise_affine=True)
      (attn): Attention(
        (qkv): Linear(in_features=1024, out_features=3072, bias=False)
        (attn_drop): Dropout(p=0.0, inplace=False)
        (proj): Linear(in_features=1024, out_features=1024, bias=True)
        (proj_drop): Dropout(p=0.0, inplace=False)
      )
      (drop_path): DropPath(p=0.056521736085414886)
      (norm2): LayerNorm((1024,), eps=1e-06, elementwise_affine=True)
      (mlp): Mlp(
        (fc1): Linear(in_features=1024, out_features=4096, bias=True)
        (act): GELU(approximate='none')
        (fc2): Linear(in_features=4096, out_features=1024, bias=True)
        (drop): Dropout(p=0.0, inplace=False)
      )
    )
    (14): Block(
      (norm1): LayerNorm((1024,), eps=1e-06, elementwise_affine=True)
      (attn): Attention(
        (qkv): Linear(in_features=1024, out_features=3072, bias=False)
        (attn_drop): Dropout(p=0.0, inplace=False)
        (proj): Linear(in_features=1024, out_features=1024, bias=True)
        (proj_drop): Dropout(p=0.0, inplace=False)
      )
      (drop_path): DropPath(p=0.06086956337094307)
      (norm2): LayerNorm((1024,), eps=1e-06, elementwise_affine=True)
      (mlp): Mlp(
        (fc1): Linear(in_features=1024, out_features=4096, bias=True)
        (act): GELU(approximate='none')
        (fc2): Linear(in_features=4096, out_features=1024, bias=True)
        (drop): Dropout(p=0.0, inplace=False)
      )
    )
    (15): Block(
      (norm1): LayerNorm((1024,), eps=1e-06, elementwise_affine=True)
      (attn): Attention(
        (qkv): Linear(in_features=1024, out_features=3072, bias=False)
        (attn_drop): Dropout(p=0.0, inplace=False)
        (proj): Linear(in_features=1024, out_features=1024, bias=True)
        (proj_drop): Dropout(p=0.0, inplace=False)
      )
      (drop_path): DropPath(p=0.06521739065647125)
      (norm2): LayerNorm((1024,), eps=1e-06, elementwise_affine=True)
      (mlp): Mlp(
        (fc1): Linear(in_features=1024, out_features=4096, bias=True)
        (act): GELU(approximate='none')
        (fc2): Linear(in_features=4096, out_features=1024, bias=True)
        (drop): Dropout(p=0.0, inplace=False)
      )
    )
    (16): Block(
      (norm1): LayerNorm((1024,), eps=1e-06, elementwise_affine=True)
      (attn): Attention(
        (qkv): Linear(in_features=1024, out_features=3072, bias=False)
        (attn_drop): Dropout(p=0.0, inplace=False)
        (proj): Linear(in_features=1024, out_features=1024, bias=True)
        (proj_drop): Dropout(p=0.0, inplace=False)
      )
      (drop_path): DropPath(p=0.06956521421670914)
      (norm2): LayerNorm((1024,), eps=1e-06, elementwise_affine=True)
      (mlp): Mlp(
        (fc1): Linear(in_features=1024, out_features=4096, bias=True)
        (act): GELU(approximate='none')
        (fc2): Linear(in_features=4096, out_features=1024, bias=True)
        (drop): Dropout(p=0.0, inplace=False)
      )
    )
    (17): Block(
      (norm1): LayerNorm((1024,), eps=1e-06, elementwise_affine=True)
      (attn): Attention(
        (qkv): Linear(in_features=1024, out_features=3072, bias=False)
        (attn_drop): Dropout(p=0.0, inplace=False)
        (proj): Linear(in_features=1024, out_features=1024, bias=True)
        (proj_drop): Dropout(p=0.0, inplace=False)
      )
      (drop_path): DropPath(p=0.07391304522752762)
      (norm2): LayerNorm((1024,), eps=1e-06, elementwise_affine=True)
      (mlp): Mlp(
        (fc1): Linear(in_features=1024, out_features=4096, bias=True)
        (act): GELU(approximate='none')
        (fc2): Linear(in_features=4096, out_features=1024, bias=True)
        (drop): Dropout(p=0.0, inplace=False)
      )
    )
    (18): Block(
      (norm1): LayerNorm((1024,), eps=1e-06, elementwise_affine=True)
      (attn): Attention(
        (qkv): Linear(in_features=1024, out_features=3072, bias=False)
        (attn_drop): Dropout(p=0.0, inplace=False)
        (proj): Linear(in_features=1024, out_features=1024, bias=True)
        (proj_drop): Dropout(p=0.0, inplace=False)
      )
      (drop_path): DropPath(p=0.0782608687877655)
      (norm2): LayerNorm((1024,), eps=1e-06, elementwise_affine=True)
      (mlp): Mlp(
        (fc1): Linear(in_features=1024, out_features=4096, bias=True)
        (act): GELU(approximate='none')
        (fc2): Linear(in_features=4096, out_features=1024, bias=True)
        (drop): Dropout(p=0.0, inplace=False)
      )
    )
    (19): Block(
      (norm1): LayerNorm((1024,), eps=1e-06, elementwise_affine=True)
      (attn): Attention(
        (qkv): Linear(in_features=1024, out_features=3072, bias=False)
        (attn_drop): Dropout(p=0.0, inplace=False)
        (proj): Linear(in_features=1024, out_features=1024, bias=True)
        (proj_drop): Dropout(p=0.0, inplace=False)
      )
      (drop_path): DropPath(p=0.08260869979858398)
      (norm2): LayerNorm((1024,), eps=1e-06, elementwise_affine=True)
      (mlp): Mlp(
        (fc1): Linear(in_features=1024, out_features=4096, bias=True)
        (act): GELU(approximate='none')
        (fc2): Linear(in_features=4096, out_features=1024, bias=True)
        (drop): Dropout(p=0.0, inplace=False)
      )
    )
    (20): Block(
      (norm1): LayerNorm((1024,), eps=1e-06, elementwise_affine=True)
      (attn): Attention(
        (qkv): Linear(in_features=1024, out_features=3072, bias=False)
        (attn_drop): Dropout(p=0.0, inplace=False)
        (proj): Linear(in_features=1024, out_features=1024, bias=True)
        (proj_drop): Dropout(p=0.0, inplace=False)
      )
      (drop_path): DropPath(p=0.08695652335882187)
      (norm2): LayerNorm((1024,), eps=1e-06, elementwise_affine=True)
      (mlp): Mlp(
        (fc1): Linear(in_features=1024, out_features=4096, bias=True)
        (act): GELU(approximate='none')
        (fc2): Linear(in_features=4096, out_features=1024, bias=True)
        (drop): Dropout(p=0.0, inplace=False)
      )
    )
    (21): Block(
      (norm1): LayerNorm((1024,), eps=1e-06, elementwise_affine=True)
      (attn): Attention(
        (qkv): Linear(in_features=1024, out_features=3072, bias=False)
        (attn_drop): Dropout(p=0.0, inplace=False)
        (proj): Linear(in_features=1024, out_features=1024, bias=True)
        (proj_drop): Dropout(p=0.0, inplace=False)
      )
      (drop_path): DropPath(p=0.09130434691905975)
      (norm2): LayerNorm((1024,), eps=1e-06, elementwise_affine=True)
      (mlp): Mlp(
        (fc1): Linear(in_features=1024, out_features=4096, bias=True)
        (act): GELU(approximate='none')
        (fc2): Linear(in_features=4096, out_features=1024, bias=True)
        (drop): Dropout(p=0.0, inplace=False)
      )
    )
    (22): Block(
      (norm1): LayerNorm((1024,), eps=1e-06, elementwise_affine=True)
      (attn): Attention(
        (qkv): Linear(in_features=1024, out_features=3072, bias=False)
        (attn_drop): Dropout(p=0.0, inplace=False)
        (proj): Linear(in_features=1024, out_features=1024, bias=True)
        (proj_drop): Dropout(p=0.0, inplace=False)
      )
      (drop_path): DropPath(p=0.09565217792987823)
      (norm2): LayerNorm((1024,), eps=1e-06, elementwise_affine=True)
      (mlp): Mlp(
        (fc1): Linear(in_features=1024, out_features=4096, bias=True)
        (act): GELU(approximate='none')
        (fc2): Linear(in_features=4096, out_features=1024, bias=True)
        (drop): Dropout(p=0.0, inplace=False)
      )
    )
    (23): Block(
      (norm1): LayerNorm((1024,), eps=1e-06, elementwise_affine=True)
      (attn): Attention(
        (qkv): Linear(in_features=1024, out_features=3072, bias=False)
        (attn_drop): Dropout(p=0.0, inplace=False)
        (proj): Linear(in_features=1024, out_features=1024, bias=True)
        (proj_drop): Dropout(p=0.0, inplace=False)
      )
      (drop_path): DropPath(p=0.10000000149011612)
      (norm2): LayerNorm((1024,), eps=1e-06, elementwise_affine=True)
      (mlp): Mlp(
        (fc1): Linear(in_features=1024, out_features=4096, bias=True)
        (act): GELU(approximate='none')
        (fc2): Linear(in_features=4096, out_features=1024, bias=True)
        (drop): Dropout(p=0.0, inplace=False)
      )
    )
  )
  (norm): LayerNorm((1024,), eps=1e-06, elementwise_affine=True)
  (head): Linear(in_features=1024, out_features=1000, bias=True)
)
normalization method:  imagenet
  B0P_plain fold4 ep01/40 loss=1.0115 val_bacc=0.4967 (80s)
  B0P_plain fold4 ep02/40 loss=0.5435 val_bacc=0.5378 (79s)
  B0P_plain fold4 ep03/40 loss=0.4534 val_bacc=0.5581 (80s)
  B0P_plain fold4 ep04/40 loss=0.4255 val_bacc=0.6500 (78s)
  B0P_plain fold4 ep05/40 loss=0.3899 val_bacc=0.6164 (79s)
  B0P_plain fold4 ep06/40 loss=0.3874 val_bacc=0.6197 (78s)
  B0P_plain fold4 ep07/40 loss=0.3610 val_bacc=0.6117 (80s)
  B0P_plain fold4 ep08/40 loss=0.3479 val_bacc=0.5872 (79s)
  B0P_plain fold4 ep09/40 loss=0.3290 val_bacc=0.6164 (79s)
  B0P_plain fold4 ep10/40 loss=0.3084 val_bacc=0.6844 (78s)
  B0P_plain fold4 ep11/40 loss=0.2916 val_bacc=0.6181 (80s)
  B0P_plain fold4 ep12/40 loss=0.2817 val_bacc=0.6006 (79s)
  B0P_plain fold4 ep13/40 loss=0.2777 val_bacc=0.6686 (80s)
  B0P_plain fold4 ep14/40 loss=0.2492 val_bacc=0.6267 (79s)
  B0P_plain fold4 ep15/40 loss=0.2370 val_bacc=0.6556 (80s)
  B0P_plain fold4 ep16/40 loss=0.2352 val_bacc=0.6378 (79s)
  B0P_plain fold4 ep17/40 loss=0.2085 val_bacc=0.6433 (79s)
  B0P_plain fold4 ep18/40 loss=0.1771 val_bacc=0.6719 (79s)
  B0P_plain fold4 ep19/40 loss=0.2004 val_bacc=0.6542 (78s)
  B0P_plain fold4 ep20/40 loss=0.1773 val_bacc=0.6628 (78s)
  [early stop] ep20 best_val=0.6844
  → B0P_plain fold4: test BACC=0.6059 severe_recall=0.2821 MAE=0.2637

저장: /home/junkim/paper_ajou_dev/PanDerm/output_dir/p6_regime_f/w6b_regimeP_plain_fold_scores.csv
EXIT=0
