device=cuda · K=5 · inner=4 · HEAD={'epochs': 200, 'lr': 0.01, 'weight_decay': 0.0001, 'batch': None} · CSV=/home/junkim/paper_ajou_dev/PanDerm/output_dir/p6_regime_f/w9_ncv_se.csv

=== A1 vs A0 ({'ds': 'oral_diseases', 'kind': 'rf', 'lever': 'aug', 'loss': 'ce'}) · R=100 ===
  A1-A0 r=  0: Δ(1−BACC)_cv=+0.0139  Δ_in=+0.0031  [25 fits · 0.204 s/fit]
  A1-A0 r=  1: Δ(1−BACC)_cv=+0.0228  Δ_in=+0.0051  [50 fits · 0.186 s/fit]
  A1-A0 r=  2: Δ(1−BACC)_cv=+0.0114  Δ_in=+0.0133  [75 fits · 0.183 s/fit]
  A1-A0 r=  3: Δ(1−BACC)_cv=+0.0193  Δ_in=+0.0139  [100 fits · 0.185 s/fit]
  A1-A0 r=  4: Δ(1−BACC)_cv=+0.0091  Δ_in=+0.0038  [125 fits · 0.186 s/fit]
  A1-A0 r=  5: Δ(1−BACC)_cv=+0.0068  Δ_in=-0.0050  [150 fits · 0.182 s/fit]
  A1-A0 r=  6: Δ(1−BACC)_cv=+0.0057  Δ_in=-0.0000  [175 fits · 0.181 s/fit]
  A1-A0 r=  7: Δ(1−BACC)_cv=+0.0073  Δ_in=+0.0044  [200 fits · 0.181 s/fit]
  A1-A0 r=  8: Δ(1−BACC)_cv=-0.0147  Δ_in=-0.0010  [225 fits · 0.181 s/fit]
  A1-A0 r=  9: Δ(1−BACC)_cv=+0.0010  Δ_in=+0.0050  [250 fits · 0.181 s/fit]
  A1-A0 r= 10: Δ(1−BACC)_cv=+0.0049  Δ_in=-0.0032  [300 fits · 0.182 s/fit]
  A1-A0 r= 11: Δ(1−BACC)_cv=+0.0001  Δ_in=+0.0018  [350 fits · 0.180 s/fit]
  A1-A0 r= 12: Δ(1−BACC)_cv=+0.0050  Δ_in=+0.0072  [400 fits · 0.179 s/fit]
  A1-A0 r= 13: Δ(1−BACC)_cv=-0.0236  Δ_in=+0.0098  [450 fits · 0.178 s/fit]
  A1-A0 r= 14: Δ(1−BACC)_cv=+0.0042  Δ_in=+0.0020  [500 fits · 0.178 s/fit]
  A1-A0 r= 15: Δ(1−BACC)_cv=+0.0064  Δ_in=-0.0005  [550 fits · 0.176 s/fit]
  A1-A0 r= 16: Δ(1−BACC)_cv=+0.0060  Δ_in=+0.0135  [600 fits · 0.175 s/fit]
  A1-A0 r= 17: Δ(1−BACC)_cv=+0.0002  Δ_in=+0.0091  [650 fits · 0.175 s/fit]
  A1-A0 r= 18: Δ(1−BACC)_cv=+0.0038  Δ_in=+0.0148  [700 fits · 0.174 s/fit]
  A1-A0 r= 19: Δ(1−BACC)_cv=-0.0037  Δ_in=+0.0030  [750 fits · 0.173 s/fit]
  A1-A0 r= 20: Δ(1−BACC)_cv=-0.0058  Δ_in=+0.0113  [800 fits · 0.173 s/fit]
  A1-A0 r= 21: Δ(1−BACC)_cv=-0.0169  Δ_in=+0.0051  [850 fits · 0.173 s/fit]
  A1-A0 r= 22: Δ(1−BACC)_cv=-0.0057  Δ_in=-0.0000  [900 fits · 0.173 s/fit]
  A1-A0 r= 23: Δ(1−BACC)_cv=-0.0172  Δ_in=+0.0025  [950 fits · 0.172 s/fit]
  A1-A0 r= 24: Δ(1−BACC)_cv=+0.0120  Δ_in=+0.0066  [1000 fits · 0.172 s/fit]
  A1-A0 r= 25: Δ(1−BACC)_cv=-0.0106  Δ_in=-0.0111  [1050 fits · 0.172 s/fit]
  A1-A0 r= 26: Δ(1−BACC)_cv=+0.0116  Δ_in=-0.0075  [1100 fits · 0.172 s/fit]
  A1-A0 r= 27: Δ(1−BACC)_cv=+0.0104  Δ_in=+0.0039  [1150 fits · 0.171 s/fit]
  A1-A0 r= 28: Δ(1−BACC)_cv=+0.0263  Δ_in=+0.0064  [1200 fits · 0.171 s/fit]
  A1-A0 r= 29: Δ(1−BACC)_cv=-0.0012  Δ_in=+0.0084  [1250 fits · 0.171 s/fit]
  A1-A0 r= 30: Δ(1−BACC)_cv=-0.0085  Δ_in=+0.0102  [1300 fits · 0.171 s/fit]
  A1-A0 r= 31: Δ(1−BACC)_cv=+0.0151  Δ_in=+0.0034  [1350 fits · 0.171 s/fit]
  A1-A0 r= 32: Δ(1−BACC)_cv=+0.0050  Δ_in=+0.0006  [1400 fits · 0.171 s/fit]
  A1-A0 r= 33: Δ(1−BACC)_cv=+0.0211  Δ_in=-0.0103  [1450 fits · 0.172 s/fit]
  A1-A0 r= 34: Δ(1−BACC)_cv=+0.0116  Δ_in=+0.0019  [1500 fits · 0.172 s/fit]
  A1-A0 r= 35: Δ(1−BACC)_cv=+0.0162  Δ_in=+0.0088  [1550 fits · 0.172 s/fit]
  A1-A0 r= 36: Δ(1−BACC)_cv=+0.0029  Δ_in=+0.0039  [1600 fits · 0.172 s/fit]
  A1-A0 r= 37: Δ(1−BACC)_cv=+0.0169  Δ_in=+0.0035  [1650 fits · 0.172 s/fit]
  A1-A0 r= 38: Δ(1−BACC)_cv=+0.0068  Δ_in=-0.0081  [1700 fits · 0.172 s/fit]
  A1-A0 r= 39: Δ(1−BACC)_cv=-0.0168  Δ_in=+0.0141  [1750 fits · 0.172 s/fit]
  A1-A0 r= 40: Δ(1−BACC)_cv=+0.0106  Δ_in=-0.0017  [1800 fits · 0.172 s/fit]
  A1-A0 r= 41: Δ(1−BACC)_cv=+0.0236  Δ_in=+0.0152  [1850 fits · 0.172 s/fit]
  A1-A0 r= 42: Δ(1−BACC)_cv=+0.0024  Δ_in=-0.0011  [1900 fits · 0.172 s/fit]
  A1-A0 r= 43: Δ(1−BACC)_cv=+0.0370  Δ_in=+0.0074  [1950 fits · 0.172 s/fit]
  A1-A0 r= 44: Δ(1−BACC)_cv=+0.0035  Δ_in=-0.0019  [2000 fits · 0.172 s/fit]
  A1-A0 r= 45: Δ(1−BACC)_cv=-0.0088  Δ_in=-0.0092  [2050 fits · 0.172 s/fit]
  A1-A0 r= 46: Δ(1−BACC)_cv=+0.0023  Δ_in=-0.0018  [2100 fits · 0.172 s/fit]
  A1-A0 r= 47: Δ(1−BACC)_cv=+0.0311  Δ_in=-0.0055  [2150 fits · 0.172 s/fit]
  A1-A0 r= 48: Δ(1−BACC)_cv=+0.0074  Δ_in=+0.0109  [2200 fits · 0.172 s/fit]
  A1-A0 r= 49: Δ(1−BACC)_cv=-0.0002  Δ_in=+0.0067  [2250 fits · 0.172 s/fit]
  A1-A0 r= 50: Δ(1−BACC)_cv=-0.0002  Δ_in=+0.0030  [2300 fits · 0.172 s/fit]
  A1-A0 r= 51: Δ(1−BACC)_cv=-0.0062  Δ_in=+0.0018  [2350 fits · 0.172 s/fit]
  A1-A0 r= 52: Δ(1−BACC)_cv=+0.0225  Δ_in=+0.0122  [2400 fits · 0.172 s/fit]
  A1-A0 r= 53: Δ(1−BACC)_cv=+0.0221  Δ_in=+0.0032  [2450 fits · 0.172 s/fit]
  A1-A0 r= 54: Δ(1−BACC)_cv=+0.0068  Δ_in=+0.0152  [2500 fits · 0.172 s/fit]
  A1-A0 r= 55: Δ(1−BACC)_cv=-0.0053  Δ_in=+0.0016  [2550 fits · 0.172 s/fit]
  A1-A0 r= 56: Δ(1−BACC)_cv=+0.0169  Δ_in=+0.0087  [2600 fits · 0.172 s/fit]
  A1-A0 r= 57: Δ(1−BACC)_cv=+0.0069  Δ_in=+0.0069  [2650 fits · 0.172 s/fit]
  A1-A0 r= 58: Δ(1−BACC)_cv=+0.0118  Δ_in=+0.0111  [2700 fits · 0.172 s/fit]
  A1-A0 r= 59: Δ(1−BACC)_cv=+0.0182  Δ_in=+0.0004  [2750 fits · 0.172 s/fit]
  A1-A0 r= 60: Δ(1−BACC)_cv=-0.0118  Δ_in=+0.0118  [2800 fits · 0.172 s/fit]
  A1-A0 r= 61: Δ(1−BACC)_cv=-0.0127  Δ_in=-0.0050  [2850 fits · 0.172 s/fit]
  A1-A0 r= 62: Δ(1−BACC)_cv=+0.0166  Δ_in=+0.0048  [2900 fits · 0.172 s/fit]
  A1-A0 r= 63: Δ(1−BACC)_cv=+0.0095  Δ_in=-0.0000  [2950 fits · 0.172 s/fit]
  A1-A0 r= 64: Δ(1−BACC)_cv=-0.0260  Δ_in=+0.0070  [3000 fits · 0.172 s/fit]
  A1-A0 r= 65: Δ(1−BACC)_cv=-0.0045  Δ_in=+0.0097  [3050 fits · 0.172 s/fit]
  A1-A0 r= 66: Δ(1−BACC)_cv=-0.0041  Δ_in=+0.0042  [3100 fits · 0.172 s/fit]
  A1-A0 r= 67: Δ(1−BACC)_cv=+0.0081  Δ_in=+0.0147  [3150 fits · 0.173 s/fit]
  A1-A0 r= 68: Δ(1−BACC)_cv=+0.0016  Δ_in=+0.0097  [3200 fits · 0.172 s/fit]
  A1-A0 r= 69: Δ(1−BACC)_cv=+0.0139  Δ_in=+0.0011  [3250 fits · 0.172 s/fit]
  A1-A0 r= 70: Δ(1−BACC)_cv=+0.0126  Δ_in=-0.0005  [3300 fits · 0.172 s/fit]
  A1-A0 r= 71: Δ(1−BACC)_cv=-0.0085  Δ_in=+0.0127  [3350 fits · 0.172 s/fit]
  A1-A0 r= 72: Δ(1−BACC)_cv=-0.0189  Δ_in=+0.0004  [3400 fits · 0.173 s/fit]
  A1-A0 r= 73: Δ(1−BACC)_cv=-0.0015  Δ_in=+0.0152  [3450 fits · 0.172 s/fit]
  A1-A0 r= 74: Δ(1−BACC)_cv=+0.0109  Δ_in=+0.0125  [3500 fits · 0.172 s/fit]
  A1-A0 r= 75: Δ(1−BACC)_cv=-0.0173  Δ_in=+0.0116  [3550 fits · 0.172 s/fit]
  A1-A0 r= 76: Δ(1−BACC)_cv=+0.0003  Δ_in=+0.0020  [3600 fits · 0.172 s/fit]
  A1-A0 r= 77: Δ(1−BACC)_cv=-0.0114  Δ_in=+0.0078  [3650 fits · 0.172 s/fit]
  A1-A0 r= 78: Δ(1−BACC)_cv=+0.0141  Δ_in=+0.0096  [3700 fits · 0.172 s/fit]
  A1-A0 r= 79: Δ(1−BACC)_cv=+0.0264  Δ_in=+0.0020  [3750 fits · 0.172 s/fit]
  A1-A0 r= 80: Δ(1−BACC)_cv=+0.0274  Δ_in=-0.0006  [3800 fits · 0.172 s/fit]
  A1-A0 r= 81: Δ(1−BACC)_cv=+0.0127  Δ_in=+0.0057  [3850 fits · 0.172 s/fit]
  A1-A0 r= 82: Δ(1−BACC)_cv=-0.0055  Δ_in=+0.0028  [3900 fits · 0.172 s/fit]
  A1-A0 r= 83: Δ(1−BACC)_cv=+0.0040  Δ_in=-0.0069  [3950 fits · 0.172 s/fit]
  A1-A0 r= 84: Δ(1−BACC)_cv=-0.0111  Δ_in=+0.0077  [4000 fits · 0.172 s/fit]
  A1-A0 r= 85: Δ(1−BACC)_cv=-0.0155  Δ_in=+0.0073  [4050 fits · 0.172 s/fit]
  A1-A0 r= 86: Δ(1−BACC)_cv=+0.0117  Δ_in=-0.0001  [4100 fits · 0.172 s/fit]
  A1-A0 r= 87: Δ(1−BACC)_cv=+0.0011  Δ_in=+0.0138  [4150 fits · 0.172 s/fit]
  A1-A0 r= 88: Δ(1−BACC)_cv=+0.0096  Δ_in=+0.0139  [4200 fits · 0.172 s/fit]
  A1-A0 r= 89: Δ(1−BACC)_cv=-0.0005  Δ_in=+0.0077  [4250 fits · 0.172 s/fit]
  A1-A0 r= 90: Δ(1−BACC)_cv=+0.0019  Δ_in=-0.0009  [4300 fits · 0.172 s/fit]
  A1-A0 r= 91: Δ(1−BACC)_cv=+0.0095  Δ_in=+0.0024  [4350 fits · 0.172 s/fit]
  A1-A0 r= 92: Δ(1−BACC)_cv=-0.0197  Δ_in=+0.0052  [4400 fits · 0.172 s/fit]
  A1-A0 r= 93: Δ(1−BACC)_cv=-0.0003  Δ_in=+0.0052  [4450 fits · 0.172 s/fit]
  A1-A0 r= 94: Δ(1−BACC)_cv=+0.0263  Δ_in=+0.0135  [4500 fits · 0.172 s/fit]
  A1-A0 r= 95: Δ(1−BACC)_cv=+0.0095  Δ_in=+0.0051  [4550 fits · 0.172 s/fit]
  A1-A0 r= 96: Δ(1−BACC)_cv=-0.0114  Δ_in=-0.0017  [4600 fits · 0.172 s/fit]
  A1-A0 r= 97: Δ(1−BACC)_cv=-0.0169  Δ_in=-0.0015  [4650 fits · 0.172 s/fit]
  A1-A0 r= 98: Δ(1−BACC)_cv=+0.0008  Δ_in=+0.0022  [4700 fits · 0.172 s/fit]
  A1-A0 r= 99: Δ(1−BACC)_cv=+0.0042  Δ_in=+0.0035  [4750 fits · 0.172 s/fit]
  → A1: Δ(1−BACC)_cv=+0.0040 (frozen −mean_diff=+0.0040)  ncv_se=0.0147 (unclipped 0.0147; naive_sample 0.0131, naive_fold 0.0131)  nb_se=0.0168  ratio=0.87  MDE80_ncv=0.0412  0.172 s/fit · 13.7 min

=== A2 vs A0 ({'ds': 'oral_diseases', 'kind': 'rf', 'lever': 'rebalance', 'loss': 'ce'}) · R=100 ===
  A2-A0 r=  0: Δ(1−BACC)_cv=+0.0001  Δ_in=-0.0050  [25 fits · 0.154 s/fit]
  A2-A0 r=  1: Δ(1−BACC)_cv=+0.0032  Δ_in=-0.0036  [50 fits · 0.160 s/fit]
  A2-A0 r=  2: Δ(1−BACC)_cv=-0.0100  Δ_in=-0.0027  [75 fits · 0.161 s/fit]
  A2-A0 r=  3: Δ(1−BACC)_cv=-0.0034  Δ_in=-0.0015  [100 fits · 0.162 s/fit]
  A2-A0 r=  4: Δ(1−BACC)_cv=-0.0026  Δ_in=+0.0018  [125 fits · 0.162 s/fit]
  A2-A0 r=  5: Δ(1−BACC)_cv=+0.0004  Δ_in=-0.0014  [150 fits · 0.162 s/fit]
  A2-A0 r=  6: Δ(1−BACC)_cv=+0.0031  Δ_in=-0.0032  [175 fits · 0.162 s/fit]
  A2-A0 r=  7: Δ(1−BACC)_cv=-0.0046  Δ_in=+0.0005  [200 fits · 0.162 s/fit]
  A2-A0 r=  8: Δ(1−BACC)_cv=+0.0016  Δ_in=-0.0012  [225 fits · 0.162 s/fit]
  A2-A0 r=  9: Δ(1−BACC)_cv=+0.0008  Δ_in=-0.0034  [250 fits · 0.164 s/fit]
  A2-A0 r= 10: Δ(1−BACC)_cv=-0.0052  Δ_in=-0.0065  [275 fits · 0.165 s/fit]
  A2-A0 r= 11: Δ(1−BACC)_cv=+0.0022  Δ_in=-0.0012  [300 fits · 0.166 s/fit]
  A2-A0 r= 12: Δ(1−BACC)_cv=-0.0005  Δ_in=-0.0019  [325 fits · 0.168 s/fit]
  A2-A0 r= 13: Δ(1−BACC)_cv=-0.0096  Δ_in=-0.0006  [350 fits · 0.169 s/fit]
  A2-A0 r= 14: Δ(1−BACC)_cv=-0.0074  Δ_in=-0.0008  [375 fits · 0.169 s/fit]
  A2-A0 r= 15: Δ(1−BACC)_cv=-0.0011  Δ_in=-0.0037  [400 fits · 0.169 s/fit]
  A2-A0 r= 16: Δ(1−BACC)_cv=-0.0003  Δ_in=+0.0007  [425 fits · 0.168 s/fit]
  A2-A0 r= 17: Δ(1−BACC)_cv=-0.0059  Δ_in=-0.0002  [450 fits · 0.167 s/fit]
  A2-A0 r= 18: Δ(1−BACC)_cv=-0.0008  Δ_in=-0.0009  [475 fits · 0.166 s/fit]
  A2-A0 r= 19: Δ(1−BACC)_cv=+0.0025  Δ_in=-0.0038  [500 fits · 0.166 s/fit]
  A2-A0 r= 20: Δ(1−BACC)_cv=-0.0040  Δ_in=-0.0047  [525 fits · 0.165 s/fit]
  A2-A0 r= 21: Δ(1−BACC)_cv=-0.0096  Δ_in=-0.0054  [550 fits · 0.164 s/fit]
  A2-A0 r= 22: Δ(1−BACC)_cv=-0.0052  Δ_in=-0.0018  [575 fits · 0.164 s/fit]
  A2-A0 r= 23: Δ(1−BACC)_cv=-0.0049  Δ_in=-0.0072  [600 fits · 0.166 s/fit]
  A2-A0 r= 24: Δ(1−BACC)_cv=+0.0000  Δ_in=+0.0003  [625 fits · 0.166 s/fit]
  A2-A0 r= 25: Δ(1−BACC)_cv=-0.0130  Δ_in=+0.0003  [650 fits · 0.167 s/fit]
  A2-A0 r= 26: Δ(1−BACC)_cv=-0.0032  Δ_in=-0.0012  [675 fits · 0.167 s/fit]
  A2-A0 r= 27: Δ(1−BACC)_cv=-0.0116  Δ_in=+0.0013  [700 fits · 0.168 s/fit]
  A2-A0 r= 28: Δ(1−BACC)_cv=+0.0042  Δ_in=-0.0017  [725 fits · 0.168 s/fit]
  A2-A0 r= 29: Δ(1−BACC)_cv=-0.0026  Δ_in=-0.0007  [750 fits · 0.167 s/fit]
  A2-A0 r= 30: Δ(1−BACC)_cv=-0.0084  Δ_in=-0.0024  [775 fits · 0.167 s/fit]
  A2-A0 r= 31: Δ(1−BACC)_cv=+0.0002  Δ_in=+0.0005  [800 fits · 0.167 s/fit]
  A2-A0 r= 32: Δ(1−BACC)_cv=-0.0018  Δ_in=-0.0005  [825 fits · 0.167 s/fit]
  A2-A0 r= 33: Δ(1−BACC)_cv=-0.0045  Δ_in=-0.0009  [850 fits · 0.167 s/fit]
  A2-A0 r= 34: Δ(1−BACC)_cv=+0.0013  Δ_in=-0.0056  [875 fits · 0.166 s/fit]
  A2-A0 r= 35: Δ(1−BACC)_cv=+0.0010  Δ_in=-0.0024  [900 fits · 0.166 s/fit]
  A2-A0 r= 36: Δ(1−BACC)_cv=-0.0012  Δ_in=-0.0012  [925 fits · 0.166 s/fit]
  A2-A0 r= 37: Δ(1−BACC)_cv=-0.0068  Δ_in=-0.0024  [950 fits · 0.166 s/fit]
  A2-A0 r= 38: Δ(1−BACC)_cv=-0.0045  Δ_in=-0.0018  [975 fits · 0.167 s/fit]
  A2-A0 r= 39: Δ(1−BACC)_cv=+0.0005  Δ_in=-0.0013  [1000 fits · 0.167 s/fit]
  A2-A0 r= 40: Δ(1−BACC)_cv=+0.0048  Δ_in=-0.0049  [1025 fits · 0.168 s/fit]
  A2-A0 r= 41: Δ(1−BACC)_cv=+0.0039  Δ_in=-0.0010  [1050 fits · 0.168 s/fit]
  A2-A0 r= 42: Δ(1−BACC)_cv=-0.0055  Δ_in=-0.0009  [1075 fits · 0.168 s/fit]
  A2-A0 r= 43: Δ(1−BACC)_cv=+0.0052  Δ_in=+0.0003  [1100 fits · 0.169 s/fit]
  A2-A0 r= 44: Δ(1−BACC)_cv=-0.0037  Δ_in=-0.0023  [1125 fits · 0.169 s/fit]
  A2-A0 r= 45: Δ(1−BACC)_cv=-0.0021  Δ_in=-0.0015  [1150 fits · 0.169 s/fit]
  A2-A0 r= 46: Δ(1−BACC)_cv=-0.0079  Δ_in=-0.0001  [1175 fits · 0.170 s/fit]
  A2-A0 r= 47: Δ(1−BACC)_cv=+0.0048  Δ_in=+0.0015  [1200 fits · 0.170 s/fit]
  A2-A0 r= 48: Δ(1−BACC)_cv=+0.0018  Δ_in=-0.0005  [1225 fits · 0.170 s/fit]
  A2-A0 r= 49: Δ(1−BACC)_cv=-0.0073  Δ_in=-0.0027  [1250 fits · 0.170 s/fit]
  A2-A0 r= 50: Δ(1−BACC)_cv=+0.0063  Δ_in=+0.0014  [1275 fits · 0.170 s/fit]
  A2-A0 r= 51: Δ(1−BACC)_cv=+0.0010  Δ_in=-0.0035  [1300 fits · 0.170 s/fit]
  A2-A0 r= 52: Δ(1−BACC)_cv=-0.0026  Δ_in=-0.0028  [1325 fits · 0.171 s/fit]
  A2-A0 r= 53: Δ(1−BACC)_cv=+0.0068  Δ_in=-0.0014  [1350 fits · 0.170 s/fit]
  A2-A0 r= 54: Δ(1−BACC)_cv=-0.0012  Δ_in=-0.0020  [1375 fits · 0.170 s/fit]
  A2-A0 r= 55: Δ(1−BACC)_cv=-0.0141  Δ_in=-0.0051  [1400 fits · 0.170 s/fit]
  A2-A0 r= 56: Δ(1−BACC)_cv=-0.0018  Δ_in=-0.0039  [1425 fits · 0.169 s/fit]
  A2-A0 r= 57: Δ(1−BACC)_cv=-0.0045  Δ_in=-0.0055  [1450 fits · 0.169 s/fit]
  A2-A0 r= 58: Δ(1−BACC)_cv=-0.0065  Δ_in=-0.0006  [1475 fits · 0.169 s/fit]
  A2-A0 r= 59: Δ(1−BACC)_cv=-0.0037  Δ_in=-0.0035  [1500 fits · 0.169 s/fit]
  A2-A0 r= 60: Δ(1−BACC)_cv=+0.0040  Δ_in=-0.0012  [1525 fits · 0.169 s/fit]
  A2-A0 r= 61: Δ(1−BACC)_cv=-0.0002  Δ_in=-0.0032  [1550 fits · 0.169 s/fit]
  A2-A0 r= 62: Δ(1−BACC)_cv=+0.0010  Δ_in=-0.0014  [1575 fits · 0.168 s/fit]
  A2-A0 r= 63: Δ(1−BACC)_cv=-0.0078  Δ_in=-0.0069  [1600 fits · 0.168 s/fit]
  A2-A0 r= 64: Δ(1−BACC)_cv=-0.0029  Δ_in=+0.0019  [1625 fits · 0.168 s/fit]
  A2-A0 r= 65: Δ(1−BACC)_cv=-0.0027  Δ_in=-0.0042  [1650 fits · 0.168 s/fit]
  A2-A0 r= 66: Δ(1−BACC)_cv=-0.0024  Δ_in=-0.0018  [1675 fits · 0.168 s/fit]
  A2-A0 r= 67: Δ(1−BACC)_cv=-0.0004  Δ_in=-0.0034  [1700 fits · 0.168 s/fit]
  A2-A0 r= 68: Δ(1−BACC)_cv=-0.0048  Δ_in=-0.0043  [1725 fits · 0.168 s/fit]
  A2-A0 r= 69: Δ(1−BACC)_cv=+0.0006  Δ_in=-0.0039  [1750 fits · 0.168 s/fit]
  A2-A0 r= 70: Δ(1−BACC)_cv=+0.0006  Δ_in=-0.0009  [1775 fits · 0.168 s/fit]
  A2-A0 r= 71: Δ(1−BACC)_cv=-0.0099  Δ_in=-0.0042  [1800 fits · 0.168 s/fit]
  A2-A0 r= 72: Δ(1−BACC)_cv=-0.0047  Δ_in=-0.0021  [1825 fits · 0.168 s/fit]
  A2-A0 r= 73: Δ(1−BACC)_cv=-0.0018  Δ_in=-0.0019  [1850 fits · 0.167 s/fit]
  A2-A0 r= 74: Δ(1−BACC)_cv=-0.0106  Δ_in=-0.0002  [1875 fits · 0.167 s/fit]
  A2-A0 r= 75: Δ(1−BACC)_cv=-0.0070  Δ_in=-0.0018  [1900 fits · 0.167 s/fit]
  A2-A0 r= 76: Δ(1−BACC)_cv=-0.0009  Δ_in=-0.0016  [1925 fits · 0.167 s/fit]
  A2-A0 r= 77: Δ(1−BACC)_cv=-0.0055  Δ_in=-0.0057  [1950 fits · 0.167 s/fit]
  A2-A0 r= 78: Δ(1−BACC)_cv=-0.0048  Δ_in=-0.0001  [1975 fits · 0.167 s/fit]
  A2-A0 r= 79: Δ(1−BACC)_cv=-0.0014  Δ_in=-0.0055  [2000 fits · 0.167 s/fit]
  A2-A0 r= 80: Δ(1−BACC)_cv=-0.0028  Δ_in=+0.0001  [2025 fits · 0.167 s/fit]
  A2-A0 r= 81: Δ(1−BACC)_cv=-0.0060  Δ_in=+0.0010  [2050 fits · 0.167 s/fit]
  A2-A0 r= 82: Δ(1−BACC)_cv=+0.0041  Δ_in=-0.0055  [2075 fits · 0.167 s/fit]
  A2-A0 r= 83: Δ(1−BACC)_cv=-0.0071  Δ_in=-0.0012  [2100 fits · 0.167 s/fit]
  A2-A0 r= 84: Δ(1−BACC)_cv=-0.0051  Δ_in=+0.0014  [2125 fits · 0.167 s/fit]
  A2-A0 r= 85: Δ(1−BACC)_cv=-0.0052  Δ_in=-0.0003  [2150 fits · 0.167 s/fit]
  A2-A0 r= 86: Δ(1−BACC)_cv=-0.0010  Δ_in=-0.0043  [2175 fits · 0.167 s/fit]
  A2-A0 r= 87: Δ(1−BACC)_cv=+0.0015  Δ_in=-0.0015  [2200 fits · 0.167 s/fit]
  A2-A0 r= 88: Δ(1−BACC)_cv=+0.0009  Δ_in=-0.0027  [2225 fits · 0.166 s/fit]
  A2-A0 r= 89: Δ(1−BACC)_cv=-0.0055  Δ_in=+0.0030  [2250 fits · 0.166 s/fit]
  A2-A0 r= 90: Δ(1−BACC)_cv=+0.0089  Δ_in=+0.0018  [2275 fits · 0.166 s/fit]
  A2-A0 r= 91: Δ(1−BACC)_cv=+0.0032  Δ_in=-0.0038  [2300 fits · 0.166 s/fit]
  A2-A0 r= 92: Δ(1−BACC)_cv=-0.0136  Δ_in=-0.0037  [2325 fits · 0.166 s/fit]
  A2-A0 r= 93: Δ(1−BACC)_cv=+0.0011  Δ_in=-0.0063  [2350 fits · 0.166 s/fit]
  A2-A0 r= 94: Δ(1−BACC)_cv=-0.0011  Δ_in=-0.0017  [2375 fits · 0.166 s/fit]
  A2-A0 r= 95: Δ(1−BACC)_cv=+0.0000  Δ_in=-0.0035  [2400 fits · 0.166 s/fit]
  A2-A0 r= 96: Δ(1−BACC)_cv=-0.0135  Δ_in=-0.0053  [2425 fits · 0.166 s/fit]
  A2-A0 r= 97: Δ(1−BACC)_cv=+0.0028  Δ_in=+0.0043  [2450 fits · 0.166 s/fit]
  A2-A0 r= 98: Δ(1−BACC)_cv=-0.0068  Δ_in=-0.0013  [2475 fits · 0.167 s/fit]
  A2-A0 r= 99: Δ(1−BACC)_cv=-0.0022  Δ_in=-0.0054  [2500 fits · 0.167 s/fit]
  → A2: Δ(1−BACC)_cv=-0.0025 (frozen −mean_diff=-0.0031)  ncv_se=0.0045 (unclipped 0.0039; naive_sample 0.0045, naive_fold 0.0043)  nb_se=0.0073  ratio=0.61  MDE80_ncv=0.0125  0.167 s/fit · 7.0 min

=== A3 vs A0 ({'ds': 'oral_diseases', 'kind': 'rf', 'lever': 'aug', 'loss': 'ldam'}) · R=100 ===
  A3-A0 r=  0: Δ(1−BACC)_cv=+0.0222  Δ_in=+0.0205  [25 fits · 0.254 s/fit]
  A3-A0 r=  1: Δ(1−BACC)_cv=+0.0258  Δ_in=+0.0140  [50 fits · 0.255 s/fit]
  A3-A0 r=  2: Δ(1−BACC)_cv=+0.0082  Δ_in=+0.0205  [75 fits · 0.255 s/fit]
  A3-A0 r=  3: Δ(1−BACC)_cv=+0.0302  Δ_in=+0.0231  [100 fits · 0.251 s/fit]
  A3-A0 r=  4: Δ(1−BACC)_cv=+0.0488  Δ_in=+0.0190  [125 fits · 0.249 s/fit]
  A3-A0 r=  5: Δ(1−BACC)_cv=+0.0052  Δ_in=+0.0031  [150 fits · 0.248 s/fit]
  A3-A0 r=  6: Δ(1−BACC)_cv=+0.0105  Δ_in=+0.0170  [175 fits · 0.245 s/fit]
  A3-A0 r=  7: Δ(1−BACC)_cv=+0.0162  Δ_in=+0.0094  [200 fits · 0.241 s/fit]
  A3-A0 r=  8: Δ(1−BACC)_cv=-0.0008  Δ_in=+0.0195  [225 fits · 0.240 s/fit]
  A3-A0 r=  9: Δ(1−BACC)_cv=+0.0120  Δ_in=+0.0198  [250 fits · 0.240 s/fit]
  A3-A0 r= 10: Δ(1−BACC)_cv=+0.0018  Δ_in=+0.0079  [275 fits · 0.241 s/fit]
  A3-A0 r= 11: Δ(1−BACC)_cv=+0.0092  Δ_in=+0.0123  [300 fits · 0.243 s/fit]
  A3-A0 r= 12: Δ(1−BACC)_cv=+0.0001  Δ_in=+0.0106  [325 fits · 0.243 s/fit]
  A3-A0 r= 13: Δ(1−BACC)_cv=+0.0064  Δ_in=+0.0196  [350 fits · 0.243 s/fit]
  A3-A0 r= 14: Δ(1−BACC)_cv=+0.0078  Δ_in=+0.0269  [375 fits · 0.243 s/fit]
  A3-A0 r= 15: Δ(1−BACC)_cv=+0.0194  Δ_in=+0.0084  [400 fits · 0.243 s/fit]
  A3-A0 r= 16: Δ(1−BACC)_cv=+0.0144  Δ_in=+0.0234  [425 fits · 0.244 s/fit]
  A3-A0 r= 17: Δ(1−BACC)_cv=-0.0050  Δ_in=+0.0197  [450 fits · 0.244 s/fit]
  A3-A0 r= 18: Δ(1−BACC)_cv=+0.0252  Δ_in=+0.0210  [475 fits · 0.244 s/fit]
  A3-A0 r= 19: Δ(1−BACC)_cv=+0.0118  Δ_in=+0.0256  [500 fits · 0.244 s/fit]
  A3-A0 r= 20: Δ(1−BACC)_cv=+0.0215  Δ_in=+0.0161  [525 fits · 0.245 s/fit]
  A3-A0 r= 21: Δ(1−BACC)_cv=+0.0030  Δ_in=+0.0213  [550 fits · 0.245 s/fit]
  A3-A0 r= 22: Δ(1−BACC)_cv=+0.0123  Δ_in=+0.0163  [575 fits · 0.245 s/fit]
  A3-A0 r= 23: Δ(1−BACC)_cv=-0.0108  Δ_in=+0.0070  [600 fits · 0.246 s/fit]
  A3-A0 r= 24: Δ(1−BACC)_cv=+0.0283  Δ_in=+0.0149  [625 fits · 0.247 s/fit]
  A3-A0 r= 25: Δ(1−BACC)_cv=+0.0146  Δ_in=+0.0095  [650 fits · 0.246 s/fit]
  A3-A0 r= 26: Δ(1−BACC)_cv=+0.0343  Δ_in=+0.0063  [675 fits · 0.245 s/fit]
  A3-A0 r= 27: Δ(1−BACC)_cv=+0.0059  Δ_in=+0.0074  [700 fits · 0.244 s/fit]
  A3-A0 r= 28: Δ(1−BACC)_cv=+0.0239  Δ_in=+0.0158  [725 fits · 0.244 s/fit]
  A3-A0 r= 29: Δ(1−BACC)_cv=+0.0100  Δ_in=+0.0079  [750 fits · 0.244 s/fit]
  A3-A0 r= 30: Δ(1−BACC)_cv=+0.0115  Δ_in=+0.0191  [775 fits · 0.244 s/fit]
  A3-A0 r= 31: Δ(1−BACC)_cv=+0.0431  Δ_in=+0.0131  [800 fits · 0.244 s/fit]
  A3-A0 r= 32: Δ(1−BACC)_cv=+0.0381  Δ_in=+0.0127  [825 fits · 0.244 s/fit]
  A3-A0 r= 33: Δ(1−BACC)_cv=+0.0494  Δ_in=+0.0017  [850 fits · 0.243 s/fit]
  A3-A0 r= 34: Δ(1−BACC)_cv=+0.0156  Δ_in=+0.0121  [875 fits · 0.243 s/fit]
  A3-A0 r= 35: Δ(1−BACC)_cv=+0.0145  Δ_in=+0.0162  [900 fits · 0.243 s/fit]
  A3-A0 r= 36: Δ(1−BACC)_cv=+0.0176  Δ_in=+0.0076  [925 fits · 0.243 s/fit]
  A3-A0 r= 37: Δ(1−BACC)_cv=+0.0164  Δ_in=+0.0198  [950 fits · 0.243 s/fit]
  A3-A0 r= 38: Δ(1−BACC)_cv=+0.0262  Δ_in=+0.0074  [975 fits · 0.243 s/fit]
  A3-A0 r= 39: Δ(1−BACC)_cv=+0.0092  Δ_in=+0.0259  [1000 fits · 0.242 s/fit]
  A3-A0 r= 40: Δ(1−BACC)_cv=+0.0173  Δ_in=+0.0087  [1025 fits · 0.243 s/fit]
  A3-A0 r= 41: Δ(1−BACC)_cv=+0.0294  Δ_in=+0.0150  [1050 fits · 0.243 s/fit]
  A3-A0 r= 42: Δ(1−BACC)_cv=+0.0221  Δ_in=+0.0180  [1075 fits · 0.243 s/fit]
  A3-A0 r= 43: Δ(1−BACC)_cv=+0.0299  Δ_in=+0.0277  [1100 fits · 0.243 s/fit]
  A3-A0 r= 44: Δ(1−BACC)_cv=+0.0126  Δ_in=+0.0054  [1125 fits · 0.243 s/fit]
  A3-A0 r= 45: Δ(1−BACC)_cv=+0.0002  Δ_in=+0.0101  [1150 fits · 0.244 s/fit]
  A3-A0 r= 46: Δ(1−BACC)_cv=+0.0147  Δ_in=+0.0268  [1175 fits · 0.244 s/fit]
  A3-A0 r= 47: Δ(1−BACC)_cv=+0.0152  Δ_in=+0.0128  [1200 fits · 0.245 s/fit]
  A3-A0 r= 48: Δ(1−BACC)_cv=+0.0107  Δ_in=+0.0270  [1225 fits · 0.244 s/fit]
  A3-A0 r= 49: Δ(1−BACC)_cv=-0.0022  Δ_in=+0.0132  [1250 fits · 0.244 s/fit]
  A3-A0 r= 50: Δ(1−BACC)_cv=+0.0376  Δ_in=+0.0031  [1275 fits · 0.243 s/fit]
  A3-A0 r= 51: Δ(1−BACC)_cv=+0.0192  Δ_in=+0.0153  [1300 fits · 0.243 s/fit]
  A3-A0 r= 52: Δ(1−BACC)_cv=+0.0237  Δ_in=+0.0229  [1325 fits · 0.243 s/fit]
  A3-A0 r= 53: Δ(1−BACC)_cv=+0.0394  Δ_in=+0.0136  [1350 fits · 0.242 s/fit]
  A3-A0 r= 54: Δ(1−BACC)_cv=-0.0020  Δ_in=+0.0175  [1375 fits · 0.242 s/fit]
  A3-A0 r= 55: Δ(1−BACC)_cv=+0.0225  Δ_in=+0.0065  [1400 fits · 0.242 s/fit]
  A3-A0 r= 56: Δ(1−BACC)_cv=+0.0223  Δ_in=+0.0156  [1425 fits · 0.242 s/fit]
  A3-A0 r= 57: Δ(1−BACC)_cv=+0.0053  Δ_in=+0.0253  [1450 fits · 0.242 s/fit]
  A3-A0 r= 58: Δ(1−BACC)_cv=+0.0307  Δ_in=+0.0267  [1475 fits · 0.241 s/fit]
  A3-A0 r= 59: Δ(1−BACC)_cv=+0.0348  Δ_in=+0.0250  [1500 fits · 0.241 s/fit]
  A3-A0 r= 60: Δ(1−BACC)_cv=+0.0140  Δ_in=+0.0245  [1525 fits · 0.241 s/fit]
  A3-A0 r= 61: Δ(1−BACC)_cv=-0.0181  Δ_in=+0.0191  [1550 fits · 0.241 s/fit]
  A3-A0 r= 62: Δ(1−BACC)_cv=+0.0251  Δ_in=+0.0179  [1575 fits · 0.241 s/fit]
  A3-A0 r= 63: Δ(1−BACC)_cv=+0.0239  Δ_in=+0.0143  [1600 fits · 0.241 s/fit]
  A3-A0 r= 64: Δ(1−BACC)_cv=-0.0076  Δ_in=+0.0217  [1625 fits · 0.241 s/fit]
  A3-A0 r= 65: Δ(1−BACC)_cv=+0.0145  Δ_in=+0.0228  [1650 fits · 0.241 s/fit]
  A3-A0 r= 66: Δ(1−BACC)_cv=+0.0151  Δ_in=+0.0192  [1675 fits · 0.240 s/fit]
  A3-A0 r= 67: Δ(1−BACC)_cv=+0.0267  Δ_in=+0.0127  [1700 fits · 0.240 s/fit]
  A3-A0 r= 68: Δ(1−BACC)_cv=+0.0216  Δ_in=+0.0221  [1725 fits · 0.240 s/fit]
  A3-A0 r= 69: Δ(1−BACC)_cv=+0.0076  Δ_in=+0.0170  [1750 fits · 0.240 s/fit]
  A3-A0 r= 70: Δ(1−BACC)_cv=+0.0180  Δ_in=+0.0175  [1775 fits · 0.240 s/fit]
  A3-A0 r= 71: Δ(1−BACC)_cv=-0.0003  Δ_in=+0.0151  [1800 fits · 0.240 s/fit]
  A3-A0 r= 72: Δ(1−BACC)_cv=-0.0082  Δ_in=+0.0073  [1825 fits · 0.240 s/fit]
  A3-A0 r= 73: Δ(1−BACC)_cv=+0.0256  Δ_in=+0.0225  [1850 fits · 0.240 s/fit]
  A3-A0 r= 74: Δ(1−BACC)_cv=+0.0482  Δ_in=+0.0267  [1875 fits · 0.240 s/fit]
  A3-A0 r= 75: Δ(1−BACC)_cv=+0.0154  Δ_in=+0.0142  [1900 fits · 0.241 s/fit]
  A3-A0 r= 76: Δ(1−BACC)_cv=+0.0053  Δ_in=+0.0138  [1925 fits · 0.241 s/fit]
  A3-A0 r= 77: Δ(1−BACC)_cv=+0.0040  Δ_in=+0.0200  [1950 fits · 0.241 s/fit]
  A3-A0 r= 78: Δ(1−BACC)_cv=+0.0088  Δ_in=+0.0184  [1975 fits · 0.241 s/fit]
  A3-A0 r= 79: Δ(1−BACC)_cv=+0.0232  Δ_in=+0.0060  [2000 fits · 0.241 s/fit]
  A3-A0 r= 80: Δ(1−BACC)_cv=+0.0290  Δ_in=+0.0153  [2025 fits · 0.242 s/fit]
  A3-A0 r= 81: Δ(1−BACC)_cv=+0.0145  Δ_in=+0.0165  [2050 fits · 0.242 s/fit]
  A3-A0 r= 82: Δ(1−BACC)_cv=+0.0184  Δ_in=+0.0081  [2075 fits · 0.242 s/fit]
  A3-A0 r= 83: Δ(1−BACC)_cv=+0.0019  Δ_in=+0.0096  [2100 fits · 0.242 s/fit]
  A3-A0 r= 84: Δ(1−BACC)_cv=+0.0108  Δ_in=+0.0143  [2125 fits · 0.242 s/fit]
  A3-A0 r= 85: Δ(1−BACC)_cv=+0.0077  Δ_in=+0.0294  [2150 fits · 0.242 s/fit]
  A3-A0 r= 86: Δ(1−BACC)_cv=+0.0364  Δ_in=+0.0179  [2175 fits · 0.242 s/fit]
  A3-A0 r= 87: Δ(1−BACC)_cv=+0.0170  Δ_in=+0.0206  [2200 fits · 0.241 s/fit]
  A3-A0 r= 88: Δ(1−BACC)_cv=+0.0253  Δ_in=+0.0276  [2225 fits · 0.242 s/fit]
  A3-A0 r= 89: Δ(1−BACC)_cv=+0.0108  Δ_in=+0.0304  [2250 fits · 0.242 s/fit]
  A3-A0 r= 90: Δ(1−BACC)_cv=+0.0169  Δ_in=+0.0098  [2275 fits · 0.241 s/fit]
  A3-A0 r= 91: Δ(1−BACC)_cv=+0.0149  Δ_in=+0.0162  [2300 fits · 0.241 s/fit]
  A3-A0 r= 92: Δ(1−BACC)_cv=+0.0087  Δ_in=+0.0034  [2325 fits · 0.241 s/fit]
  A3-A0 r= 93: Δ(1−BACC)_cv=+0.0206  Δ_in=+0.0093  [2350 fits · 0.241 s/fit]
  A3-A0 r= 94: Δ(1−BACC)_cv=+0.0361  Δ_in=+0.0180  [2375 fits · 0.242 s/fit]
  A3-A0 r= 95: Δ(1−BACC)_cv=+0.0218  Δ_in=+0.0105  [2400 fits · 0.242 s/fit]
  A3-A0 r= 96: Δ(1−BACC)_cv=+0.0158  Δ_in=+0.0078  [2425 fits · 0.242 s/fit]
  A3-A0 r= 97: Δ(1−BACC)_cv=-0.0170  Δ_in=+0.0160  [2450 fits · 0.242 s/fit]
  A3-A0 r= 98: Δ(1−BACC)_cv=+0.0140  Δ_in=+0.0154  [2475 fits · 0.242 s/fit]
  A3-A0 r= 99: Δ(1−BACC)_cv=+0.0243  Δ_in=+0.0161  [2500 fits · 0.242 s/fit]
  → A3: Δ(1−BACC)_cv=+0.0163 (frozen −mean_diff=+0.0106)  ncv_se=0.0173 (unclipped 0.0173; naive_sample 0.0142, naive_fold 0.0146)  nb_se=0.0183  ratio=0.94  MDE80_ncv=0.0484  0.242 s/fit · 10.2 min

=== A4 vs A0 ({'ds': 'oral_diseases', 'kind': 'rf', 'lever': 'aug', 'loss': 'logitadj'}) · R=100 ===
  A4-A0 r=  0: Δ(1−BACC)_cv=+0.0145  Δ_in=+0.0004  [25 fits · 0.179 s/fit]
  A4-A0 r=  1: Δ(1−BACC)_cv=+0.0177  Δ_in=+0.0042  [50 fits · 0.182 s/fit]
  A4-A0 r=  2: Δ(1−BACC)_cv=+0.0161  Δ_in=+0.0098  [75 fits · 0.189 s/fit]
  A4-A0 r=  3: Δ(1−BACC)_cv=+0.0109  Δ_in=+0.0128  [100 fits · 0.194 s/fit]
  A4-A0 r=  4: Δ(1−BACC)_cv=+0.0075  Δ_in=-0.0027  [125 fits · 0.192 s/fit]
  A4-A0 r=  5: Δ(1−BACC)_cv=+0.0039  Δ_in=-0.0064  [150 fits · 0.193 s/fit]
  A4-A0 r=  6: Δ(1−BACC)_cv=-0.0061  Δ_in=-0.0021  [175 fits · 0.192 s/fit]
  A4-A0 r=  7: Δ(1−BACC)_cv=+0.0082  Δ_in=+0.0027  [200 fits · 0.192 s/fit]
  A4-A0 r=  8: Δ(1−BACC)_cv=-0.0167  Δ_in=-0.0010  [225 fits · 0.193 s/fit]
  A4-A0 r=  9: Δ(1−BACC)_cv=+0.0027  Δ_in=-0.0020  [250 fits · 0.194 s/fit]
  A4-A0 r= 10: Δ(1−BACC)_cv=-0.0012  Δ_in=-0.0030  [275 fits · 0.194 s/fit]
  A4-A0 r= 11: Δ(1−BACC)_cv=+0.0047  Δ_in=+0.0023  [300 fits · 0.194 s/fit]
  A4-A0 r= 12: Δ(1−BACC)_cv=-0.0011  Δ_in=+0.0037  [325 fits · 0.194 s/fit]
  A4-A0 r= 13: Δ(1−BACC)_cv=-0.0255  Δ_in=+0.0083  [350 fits · 0.195 s/fit]
  A4-A0 r= 14: Δ(1−BACC)_cv=-0.0042  Δ_in=+0.0003  [375 fits · 0.196 s/fit]
  A4-A0 r= 15: Δ(1−BACC)_cv=+0.0047  Δ_in=-0.0049  [400 fits · 0.197 s/fit]
  A4-A0 r= 16: Δ(1−BACC)_cv=+0.0006  Δ_in=+0.0095  [425 fits · 0.196 s/fit]
  A4-A0 r= 17: Δ(1−BACC)_cv=+0.0047  Δ_in=+0.0019  [450 fits · 0.196 s/fit]
  A4-A0 r= 18: Δ(1−BACC)_cv=+0.0115  Δ_in=+0.0101  [475 fits · 0.196 s/fit]
  A4-A0 r= 19: Δ(1−BACC)_cv=-0.0170  Δ_in=+0.0027  [500 fits · 0.197 s/fit]
  A4-A0 r= 20: Δ(1−BACC)_cv=-0.0102  Δ_in=+0.0068  [525 fits · 0.198 s/fit]
  A4-A0 r= 21: Δ(1−BACC)_cv=-0.0269  Δ_in=+0.0070  [550 fits · 0.198 s/fit]
  A4-A0 r= 22: Δ(1−BACC)_cv=-0.0125  Δ_in=-0.0025  [575 fits · 0.198 s/fit]
  A4-A0 r= 23: Δ(1−BACC)_cv=-0.0238  Δ_in=-0.0032  [600 fits · 0.199 s/fit]
  A4-A0 r= 24: Δ(1−BACC)_cv=+0.0094  Δ_in=+0.0038  [625 fits · 0.199 s/fit]
  A4-A0 r= 25: Δ(1−BACC)_cv=-0.0088  Δ_in=-0.0108  [650 fits · 0.198 s/fit]
  A4-A0 r= 26: Δ(1−BACC)_cv=+0.0095  Δ_in=-0.0122  [675 fits · 0.197 s/fit]
  A4-A0 r= 27: Δ(1−BACC)_cv=+0.0086  Δ_in=+0.0011  [700 fits · 0.197 s/fit]
  A4-A0 r= 28: Δ(1−BACC)_cv=+0.0042  Δ_in=+0.0041  [725 fits · 0.196 s/fit]
  A4-A0 r= 29: Δ(1−BACC)_cv=-0.0022  Δ_in=+0.0005  [750 fits · 0.196 s/fit]
  A4-A0 r= 30: Δ(1−BACC)_cv=-0.0152  Δ_in=+0.0052  [775 fits · 0.196 s/fit]
  A4-A0 r= 31: Δ(1−BACC)_cv=+0.0116  Δ_in=+0.0026  [800 fits · 0.195 s/fit]
  A4-A0 r= 32: Δ(1−BACC)_cv=+0.0044  Δ_in=-0.0005  [825 fits · 0.195 s/fit]
  A4-A0 r= 33: Δ(1−BACC)_cv=+0.0161  Δ_in=-0.0160  [850 fits · 0.194 s/fit]
  A4-A0 r= 34: Δ(1−BACC)_cv=+0.0068  Δ_in=-0.0014  [875 fits · 0.194 s/fit]
  A4-A0 r= 35: Δ(1−BACC)_cv=+0.0092  Δ_in=+0.0073  [900 fits · 0.193 s/fit]
  A4-A0 r= 36: Δ(1−BACC)_cv=+0.0014  Δ_in=+0.0019  [925 fits · 0.193 s/fit]
  A4-A0 r= 37: Δ(1−BACC)_cv=+0.0016  Δ_in=+0.0015  [950 fits · 0.193 s/fit]
  A4-A0 r= 38: Δ(1−BACC)_cv=+0.0075  Δ_in=-0.0092  [975 fits · 0.192 s/fit]
  A4-A0 r= 39: Δ(1−BACC)_cv=-0.0218  Δ_in=+0.0110  [1000 fits · 0.192 s/fit]
  A4-A0 r= 40: Δ(1−BACC)_cv=+0.0142  Δ_in=-0.0033  [1025 fits · 0.191 s/fit]
  A4-A0 r= 41: Δ(1−BACC)_cv=+0.0200  Δ_in=+0.0113  [1050 fits · 0.191 s/fit]
  A4-A0 r= 42: Δ(1−BACC)_cv=-0.0002  Δ_in=-0.0019  [1075 fits · 0.191 s/fit]
  A4-A0 r= 43: Δ(1−BACC)_cv=+0.0253  Δ_in=+0.0030  [1100 fits · 0.190 s/fit]
  A4-A0 r= 44: Δ(1−BACC)_cv=-0.0077  Δ_in=-0.0058  [1125 fits · 0.191 s/fit]
  A4-A0 r= 45: Δ(1−BACC)_cv=-0.0090  Δ_in=-0.0082  [1150 fits · 0.190 s/fit]
  A4-A0 r= 46: Δ(1−BACC)_cv=-0.0020  Δ_in=-0.0052  [1175 fits · 0.191 s/fit]
  A4-A0 r= 47: Δ(1−BACC)_cv=+0.0269  Δ_in=-0.0094  [1200 fits · 0.191 s/fit]
  A4-A0 r= 48: Δ(1−BACC)_cv=+0.0026  Δ_in=+0.0089  [1225 fits · 0.192 s/fit]
  A4-A0 r= 49: Δ(1−BACC)_cv=-0.0035  Δ_in=-0.0000  [1250 fits · 0.192 s/fit]
  A4-A0 r= 50: Δ(1−BACC)_cv=-0.0021  Δ_in=-0.0022  [1275 fits · 0.192 s/fit]
  A4-A0 r= 51: Δ(1−BACC)_cv=-0.0196  Δ_in=-0.0027  [1300 fits · 0.192 s/fit]
  A4-A0 r= 52: Δ(1−BACC)_cv=+0.0171  Δ_in=+0.0125  [1325 fits · 0.193 s/fit]
  A4-A0 r= 53: Δ(1−BACC)_cv=+0.0197  Δ_in=+0.0022  [1350 fits · 0.193 s/fit]
  A4-A0 r= 54: Δ(1−BACC)_cv=+0.0002  Δ_in=+0.0142  [1375 fits · 0.193 s/fit]
  A4-A0 r= 55: Δ(1−BACC)_cv=-0.0124  Δ_in=-0.0043  [1400 fits · 0.194 s/fit]
  A4-A0 r= 56: Δ(1−BACC)_cv=+0.0063  Δ_in=+0.0102  [1425 fits · 0.194 s/fit]
  A4-A0 r= 57: Δ(1−BACC)_cv=+0.0021  Δ_in=+0.0001  [1450 fits · 0.195 s/fit]
  A4-A0 r= 58: Δ(1−BACC)_cv=+0.0022  Δ_in=+0.0054  [1475 fits · 0.195 s/fit]
  A4-A0 r= 59: Δ(1−BACC)_cv=+0.0122  Δ_in=-0.0040  [1500 fits · 0.195 s/fit]
  A4-A0 r= 60: Δ(1−BACC)_cv=-0.0131  Δ_in=+0.0071  [1525 fits · 0.195 s/fit]
  A4-A0 r= 61: Δ(1−BACC)_cv=-0.0150  Δ_in=-0.0033  [1550 fits · 0.195 s/fit]
  A4-A0 r= 62: Δ(1−BACC)_cv=+0.0190  Δ_in=+0.0032  [1575 fits · 0.195 s/fit]
  A4-A0 r= 63: Δ(1−BACC)_cv=+0.0065  Δ_in=-0.0033  [1600 fits · 0.195 s/fit]
  A4-A0 r= 64: Δ(1−BACC)_cv=-0.0342  Δ_in=+0.0069  [1625 fits · 0.195 s/fit]
  A4-A0 r= 65: Δ(1−BACC)_cv=-0.0089  Δ_in=+0.0037  [1650 fits · 0.195 s/fit]
  A4-A0 r= 66: Δ(1−BACC)_cv=-0.0023  Δ_in=+0.0017  [1675 fits · 0.195 s/fit]
  A4-A0 r= 67: Δ(1−BACC)_cv=+0.0060  Δ_in=+0.0058  [1700 fits · 0.195 s/fit]
  A4-A0 r= 68: Δ(1−BACC)_cv=-0.0038  Δ_in=+0.0086  [1725 fits · 0.195 s/fit]
  A4-A0 r= 69: Δ(1−BACC)_cv=+0.0024  Δ_in=-0.0035  [1750 fits · 0.195 s/fit]
  A4-A0 r= 70: Δ(1−BACC)_cv=+0.0143  Δ_in=-0.0013  [1775 fits · 0.195 s/fit]
  A4-A0 r= 71: Δ(1−BACC)_cv=-0.0106  Δ_in=+0.0052  [1800 fits · 0.195 s/fit]
  A4-A0 r= 72: Δ(1−BACC)_cv=-0.0148  Δ_in=-0.0035  [1825 fits · 0.195 s/fit]
  A4-A0 r= 73: Δ(1−BACC)_cv=-0.0030  Δ_in=+0.0136  [1850 fits · 0.194 s/fit]
  A4-A0 r= 74: Δ(1−BACC)_cv=+0.0157  Δ_in=+0.0059  [1875 fits · 0.194 s/fit]
  A4-A0 r= 75: Δ(1−BACC)_cv=-0.0173  Δ_in=+0.0056  [1900 fits · 0.194 s/fit]
  A4-A0 r= 76: Δ(1−BACC)_cv=-0.0048  Δ_in=-0.0030  [1925 fits · 0.194 s/fit]
  A4-A0 r= 77: Δ(1−BACC)_cv=-0.0157  Δ_in=+0.0044  [1950 fits · 0.194 s/fit]
  A4-A0 r= 78: Δ(1−BACC)_cv=+0.0027  Δ_in=+0.0069  [1975 fits · 0.194 s/fit]
  A4-A0 r= 79: Δ(1−BACC)_cv=+0.0205  Δ_in=+0.0006  [2000 fits · 0.194 s/fit]
  A4-A0 r= 80: Δ(1−BACC)_cv=+0.0253  Δ_in=-0.0006  [2025 fits · 0.194 s/fit]
  A4-A0 r= 81: Δ(1−BACC)_cv=+0.0062  Δ_in=+0.0066  [2050 fits · 0.194 s/fit]
  A4-A0 r= 82: Δ(1−BACC)_cv=-0.0075  Δ_in=+0.0023  [2075 fits · 0.194 s/fit]
  A4-A0 r= 83: Δ(1−BACC)_cv=-0.0063  Δ_in=-0.0089  [2100 fits · 0.194 s/fit]
  A4-A0 r= 84: Δ(1−BACC)_cv=-0.0172  Δ_in=+0.0015  [2125 fits · 0.194 s/fit]
  A4-A0 r= 85: Δ(1−BACC)_cv=-0.0159  Δ_in=+0.0043  [2150 fits · 0.194 s/fit]
  A4-A0 r= 86: Δ(1−BACC)_cv=+0.0150  Δ_in=-0.0055  [2175 fits · 0.193 s/fit]
  A4-A0 r= 87: Δ(1−BACC)_cv=-0.0066  Δ_in=+0.0105  [2200 fits · 0.193 s/fit]
  A4-A0 r= 88: Δ(1−BACC)_cv=+0.0071  Δ_in=+0.0038  [2225 fits · 0.193 s/fit]
  A4-A0 r= 89: Δ(1−BACC)_cv=-0.0038  Δ_in=-0.0007  [2250 fits · 0.193 s/fit]
  A4-A0 r= 90: Δ(1−BACC)_cv=-0.0036  Δ_in=-0.0060  [2275 fits · 0.193 s/fit]
  A4-A0 r= 91: Δ(1−BACC)_cv=+0.0050  Δ_in=-0.0006  [2300 fits · 0.193 s/fit]
  A4-A0 r= 92: Δ(1−BACC)_cv=-0.0151  Δ_in=+0.0024  [2325 fits · 0.193 s/fit]
  A4-A0 r= 93: Δ(1−BACC)_cv=-0.0075  Δ_in=+0.0060  [2350 fits · 0.193 s/fit]
  A4-A0 r= 94: Δ(1−BACC)_cv=+0.0102  Δ_in=+0.0099  [2375 fits · 0.193 s/fit]
  A4-A0 r= 95: Δ(1−BACC)_cv=+0.0095  Δ_in=+0.0039  [2400 fits · 0.192 s/fit]
  A4-A0 r= 96: Δ(1−BACC)_cv=-0.0250  Δ_in=-0.0074  [2425 fits · 0.192 s/fit]
  A4-A0 r= 97: Δ(1−BACC)_cv=-0.0159  Δ_in=-0.0028  [2450 fits · 0.192 s/fit]
  A4-A0 r= 98: Δ(1−BACC)_cv=+0.0003  Δ_in=-0.0030  [2475 fits · 0.192 s/fit]
  A4-A0 r= 99: Δ(1−BACC)_cv=-0.0038  Δ_in=+0.0027  [2500 fits · 0.192 s/fit]
  → A4: Δ(1−BACC)_cv=-0.0001 (frozen −mean_diff=+0.0094)  ncv_se=0.0157 (unclipped 0.0157; naive_sample 0.0130, naive_fold 0.0132)  nb_se=0.0164  ratio=0.95  MDE80_ncv=0.0439  0.192 s/fit · 8.1 min

=== B1 vs B0 ({'ds': 'aptos2019', 'kind': 'rf', 'lever': 'rebalance', 'loss': 'ce'}) · R=100 ===
  B1-B0 r=  0: Δ(1−BACC)_cv=-0.0080  Δ_in=-0.0127  [25 fits · 0.204 s/fit]
  B1-B0 r=  1: Δ(1−BACC)_cv=-0.0188  Δ_in=-0.0098  [50 fits · 0.207 s/fit]
  B1-B0 r=  2: Δ(1−BACC)_cv=-0.0205  Δ_in=-0.0105  [75 fits · 0.207 s/fit]
  B1-B0 r=  3: Δ(1−BACC)_cv=-0.0218  Δ_in=-0.0088  [100 fits · 0.204 s/fit]
  B1-B0 r=  4: Δ(1−BACC)_cv=-0.0125  Δ_in=-0.0087  [125 fits · 0.200 s/fit]
  B1-B0 r=  5: Δ(1−BACC)_cv=-0.0225  Δ_in=-0.0177  [150 fits · 0.198 s/fit]
  B1-B0 r=  6: Δ(1−BACC)_cv=-0.0108  Δ_in=-0.0081  [175 fits · 0.196 s/fit]
  B1-B0 r=  7: Δ(1−BACC)_cv=-0.0157  Δ_in=-0.0094  [200 fits · 0.194 s/fit]
  B1-B0 r=  8: Δ(1−BACC)_cv=-0.0207  Δ_in=-0.0115  [225 fits · 0.193 s/fit]
  B1-B0 r=  9: Δ(1−BACC)_cv=-0.0064  Δ_in=-0.0147  [250 fits · 0.192 s/fit]
  B1-B0 r= 10: Δ(1−BACC)_cv=-0.0155  Δ_in=-0.0110  [300 fits · 0.191 s/fit]
  B1-B0 r= 11: Δ(1−BACC)_cv=-0.0286  Δ_in=-0.0084  [350 fits · 0.190 s/fit]
  B1-B0 r= 12: Δ(1−BACC)_cv=-0.0141  Δ_in=-0.0096  [400 fits · 0.189 s/fit]
  B1-B0 r= 13: Δ(1−BACC)_cv=-0.0243  Δ_in=-0.0044  [450 fits · 0.190 s/fit]
  B1-B0 r= 14: Δ(1−BACC)_cv=-0.0099  Δ_in=-0.0123  [500 fits · 0.192 s/fit]
  B1-B0 r= 15: Δ(1−BACC)_cv=-0.0102  Δ_in=-0.0123  [550 fits · 0.192 s/fit]
  B1-B0 r= 16: Δ(1−BACC)_cv=-0.0142  Δ_in=-0.0118  [600 fits · 0.193 s/fit]
  B1-B0 r= 17: Δ(1−BACC)_cv=-0.0133  Δ_in=-0.0133  [650 fits · 0.194 s/fit]
  B1-B0 r= 18: Δ(1−BACC)_cv=-0.0158  Δ_in=-0.0125  [700 fits · 0.194 s/fit]
  B1-B0 r= 19: Δ(1−BACC)_cv=-0.0152  Δ_in=-0.0141  [750 fits · 0.194 s/fit]
  B1-B0 r= 20: Δ(1−BACC)_cv=-0.0053  Δ_in=-0.0093  [800 fits · 0.194 s/fit]
  B1-B0 r= 21: Δ(1−BACC)_cv=-0.0166  Δ_in=-0.0089  [850 fits · 0.194 s/fit]
  B1-B0 r= 22: Δ(1−BACC)_cv=-0.0189  Δ_in=-0.0114  [900 fits · 0.193 s/fit]
  B1-B0 r= 23: Δ(1−BACC)_cv=-0.0157  Δ_in=-0.0107  [950 fits · 0.192 s/fit]
  B1-B0 r= 24: Δ(1−BACC)_cv=-0.0138  Δ_in=-0.0123  [1000 fits · 0.191 s/fit]
  B1-B0 r= 25: Δ(1−BACC)_cv=-0.0112  Δ_in=-0.0123  [1050 fits · 0.190 s/fit]
  B1-B0 r= 26: Δ(1−BACC)_cv=-0.0084  Δ_in=-0.0086  [1100 fits · 0.189 s/fit]
  B1-B0 r= 27: Δ(1−BACC)_cv=-0.0218  Δ_in=-0.0094  [1150 fits · 0.189 s/fit]
  B1-B0 r= 28: Δ(1−BACC)_cv=-0.0121  Δ_in=-0.0155  [1200 fits · 0.188 s/fit]
  B1-B0 r= 29: Δ(1−BACC)_cv=-0.0034  Δ_in=-0.0102  [1250 fits · 0.189 s/fit]
  B1-B0 r= 30: Δ(1−BACC)_cv=-0.0222  Δ_in=-0.0102  [1300 fits · 0.188 s/fit]
  B1-B0 r= 31: Δ(1−BACC)_cv=-0.0093  Δ_in=-0.0119  [1350 fits · 0.189 s/fit]
  B1-B0 r= 32: Δ(1−BACC)_cv=-0.0138  Δ_in=-0.0079  [1400 fits · 0.188 s/fit]
  B1-B0 r= 33: Δ(1−BACC)_cv=-0.0136  Δ_in=-0.0174  [1450 fits · 0.189 s/fit]
  B1-B0 r= 34: Δ(1−BACC)_cv=-0.0086  Δ_in=-0.0098  [1500 fits · 0.189 s/fit]
  B1-B0 r= 35: Δ(1−BACC)_cv=-0.0158  Δ_in=-0.0155  [1550 fits · 0.189 s/fit]
  B1-B0 r= 36: Δ(1−BACC)_cv=-0.0132  Δ_in=-0.0101  [1600 fits · 0.189 s/fit]
  B1-B0 r= 37: Δ(1−BACC)_cv=-0.0081  Δ_in=-0.0166  [1650 fits · 0.188 s/fit]
  B1-B0 r= 38: Δ(1−BACC)_cv=-0.0147  Δ_in=-0.0115  [1700 fits · 0.188 s/fit]
  B1-B0 r= 39: Δ(1−BACC)_cv=-0.0099  Δ_in=-0.0032  [1750 fits · 0.188 s/fit]
  B1-B0 r= 40: Δ(1−BACC)_cv=-0.0157  Δ_in=-0.0091  [1800 fits · 0.188 s/fit]
  B1-B0 r= 41: Δ(1−BACC)_cv=-0.0071  Δ_in=-0.0066  [1850 fits · 0.188 s/fit]
  B1-B0 r= 42: Δ(1−BACC)_cv=-0.0192  Δ_in=-0.0081  [1900 fits · 0.187 s/fit]
  B1-B0 r= 43: Δ(1−BACC)_cv=-0.0139  Δ_in=-0.0134  [1950 fits · 0.187 s/fit]
  B1-B0 r= 44: Δ(1−BACC)_cv=-0.0216  Δ_in=-0.0095  [2000 fits · 0.187 s/fit]
  B1-B0 r= 45: Δ(1−BACC)_cv=-0.0215  Δ_in=-0.0114  [2050 fits · 0.187 s/fit]
  B1-B0 r= 46: Δ(1−BACC)_cv=-0.0117  Δ_in=-0.0106  [2100 fits · 0.187 s/fit]
  B1-B0 r= 47: Δ(1−BACC)_cv=-0.0124  Δ_in=-0.0138  [2150 fits · 0.188 s/fit]
  B1-B0 r= 48: Δ(1−BACC)_cv=-0.0117  Δ_in=-0.0067  [2200 fits · 0.188 s/fit]
  B1-B0 r= 49: Δ(1−BACC)_cv=-0.0117  Δ_in=-0.0112  [2250 fits · 0.187 s/fit]
  B1-B0 r= 50: Δ(1−BACC)_cv=-0.0132  Δ_in=-0.0123  [2300 fits · 0.188 s/fit]
  B1-B0 r= 51: Δ(1−BACC)_cv=-0.0107  Δ_in=-0.0094  [2350 fits · 0.188 s/fit]
  B1-B0 r= 52: Δ(1−BACC)_cv=-0.0152  Δ_in=-0.0169  [2400 fits · 0.188 s/fit]
  B1-B0 r= 53: Δ(1−BACC)_cv=-0.0163  Δ_in=-0.0116  [2450 fits · 0.188 s/fit]
  B1-B0 r= 54: Δ(1−BACC)_cv=-0.0126  Δ_in=-0.0084  [2500 fits · 0.187 s/fit]
  B1-B0 r= 55: Δ(1−BACC)_cv=-0.0094  Δ_in=-0.0113  [2550 fits · 0.187 s/fit]
  B1-B0 r= 56: Δ(1−BACC)_cv=-0.0232  Δ_in=-0.0138  [2600 fits · 0.187 s/fit]
  B1-B0 r= 57: Δ(1−BACC)_cv=-0.0054  Δ_in=-0.0108  [2650 fits · 0.187 s/fit]
  B1-B0 r= 58: Δ(1−BACC)_cv=-0.0111  Δ_in=-0.0208  [2700 fits · 0.186 s/fit]
  B1-B0 r= 59: Δ(1−BACC)_cv=-0.0205  Δ_in=-0.0083  [2750 fits · 0.187 s/fit]
  B1-B0 r= 60: Δ(1−BACC)_cv=-0.0156  Δ_in=-0.0073  [2800 fits · 0.186 s/fit]
  B1-B0 r= 61: Δ(1−BACC)_cv=-0.0117  Δ_in=-0.0073  [2850 fits · 0.187 s/fit]
  B1-B0 r= 62: Δ(1−BACC)_cv=-0.0082  Δ_in=-0.0113  [2900 fits · 0.187 s/fit]
  B1-B0 r= 63: Δ(1−BACC)_cv=-0.0228  Δ_in=-0.0090  [2950 fits · 0.187 s/fit]
  B1-B0 r= 64: Δ(1−BACC)_cv=-0.0133  Δ_in=-0.0077  [3000 fits · 0.187 s/fit]
  B1-B0 r= 65: Δ(1−BACC)_cv=-0.0053  Δ_in=-0.0096  [3050 fits · 0.187 s/fit]
  B1-B0 r= 66: Δ(1−BACC)_cv=-0.0265  Δ_in=-0.0099  [3100 fits · 0.186 s/fit]
  B1-B0 r= 67: Δ(1−BACC)_cv=-0.0135  Δ_in=-0.0111  [3150 fits · 0.186 s/fit]
  B1-B0 r= 68: Δ(1−BACC)_cv=-0.0089  Δ_in=-0.0103  [3200 fits · 0.186 s/fit]
  B1-B0 r= 69: Δ(1−BACC)_cv=-0.0173  Δ_in=-0.0094  [3250 fits · 0.187 s/fit]
  B1-B0 r= 70: Δ(1−BACC)_cv=-0.0140  Δ_in=-0.0143  [3300 fits · 0.187 s/fit]
  B1-B0 r= 71: Δ(1−BACC)_cv=-0.0062  Δ_in=-0.0104  [3350 fits · 0.187 s/fit]
  B1-B0 r= 72: Δ(1−BACC)_cv=-0.0073  Δ_in=-0.0101  [3400 fits · 0.187 s/fit]
  B1-B0 r= 73: Δ(1−BACC)_cv=-0.0213  Δ_in=-0.0128  [3450 fits · 0.187 s/fit]
  B1-B0 r= 74: Δ(1−BACC)_cv=-0.0059  Δ_in=-0.0107  [3500 fits · 0.187 s/fit]
  B1-B0 r= 75: Δ(1−BACC)_cv=-0.0178  Δ_in=-0.0134  [3550 fits · 0.187 s/fit]
  B1-B0 r= 76: Δ(1−BACC)_cv=-0.0116  Δ_in=-0.0114  [3600 fits · 0.187 s/fit]
  B1-B0 r= 77: Δ(1−BACC)_cv=-0.0087  Δ_in=-0.0119  [3650 fits · 0.187 s/fit]
  B1-B0 r= 78: Δ(1−BACC)_cv=-0.0180  Δ_in=-0.0121  [3700 fits · 0.187 s/fit]
  B1-B0 r= 79: Δ(1−BACC)_cv=-0.0184  Δ_in=-0.0098  [3750 fits · 0.187 s/fit]
  B1-B0 r= 80: Δ(1−BACC)_cv=-0.0128  Δ_in=-0.0118  [3800 fits · 0.187 s/fit]
  B1-B0 r= 81: Δ(1−BACC)_cv=-0.0107  Δ_in=-0.0074  [3850 fits · 0.187 s/fit]
  B1-B0 r= 82: Δ(1−BACC)_cv=-0.0204  Δ_in=-0.0142  [3900 fits · 0.186 s/fit]
  B1-B0 r= 83: Δ(1−BACC)_cv=-0.0268  Δ_in=-0.0108  [3950 fits · 0.186 s/fit]
  B1-B0 r= 84: Δ(1−BACC)_cv=-0.0177  Δ_in=-0.0076  [4000 fits · 0.186 s/fit]
  B1-B0 r= 85: Δ(1−BACC)_cv=-0.0203  Δ_in=-0.0114  [4050 fits · 0.186 s/fit]
  B1-B0 r= 86: Δ(1−BACC)_cv=-0.0145  Δ_in=-0.0133  [4100 fits · 0.186 s/fit]
  B1-B0 r= 87: Δ(1−BACC)_cv=-0.0132  Δ_in=-0.0132  [4150 fits · 0.185 s/fit]
  B1-B0 r= 88: Δ(1−BACC)_cv=-0.0168  Δ_in=-0.0186  [4200 fits · 0.185 s/fit]
  B1-B0 r= 89: Δ(1−BACC)_cv=-0.0121  Δ_in=-0.0117  [4250 fits · 0.185 s/fit]
  B1-B0 r= 90: Δ(1−BACC)_cv=-0.0222  Δ_in=-0.0103  [4300 fits · 0.185 s/fit]
  B1-B0 r= 91: Δ(1−BACC)_cv=-0.0151  Δ_in=-0.0068  [4350 fits · 0.185 s/fit]
  B1-B0 r= 92: Δ(1−BACC)_cv=-0.0150  Δ_in=-0.0092  [4400 fits · 0.185 s/fit]
  B1-B0 r= 93: Δ(1−BACC)_cv=-0.0144  Δ_in=-0.0124  [4450 fits · 0.185 s/fit]
  B1-B0 r= 94: Δ(1−BACC)_cv=-0.0278  Δ_in=-0.0091  [4500 fits · 0.185 s/fit]
  B1-B0 r= 95: Δ(1−BACC)_cv=-0.0157  Δ_in=-0.0125  [4550 fits · 0.185 s/fit]
  B1-B0 r= 96: Δ(1−BACC)_cv=-0.0138  Δ_in=-0.0135  [4600 fits · 0.185 s/fit]
  B1-B0 r= 97: Δ(1−BACC)_cv=-0.0246  Δ_in=-0.0122  [4650 fits · 0.185 s/fit]
  B1-B0 r= 98: Δ(1−BACC)_cv=-0.0273  Δ_in=-0.0116  [4700 fits · 0.185 s/fit]
  B1-B0 r= 99: Δ(1−BACC)_cv=-0.0038  Δ_in=-0.0128  [4750 fits · 0.185 s/fit]
  → B1: Δ(1−BACC)_cv=-0.0148 (frozen −mean_diff=-0.0098)  ncv_se=0.0077 (unclipped 0.0077; naive_sample 0.0064, naive_fold 0.0067)  nb_se=0.0076  ratio=1.02  MDE80_ncv=0.0216  0.185 s/fit · 14.8 min

=== B2 vs B0 ({'ds': 'aptos2019', 'kind': 'rf', 'lever': 'aug', 'loss': 'ce'}) · R=100 ===
  B2-B0 r=  0: Δ(1−BACC)_cv=+0.0072  Δ_in=-0.0058  [25 fits · 0.262 s/fit]
  B2-B0 r=  1: Δ(1−BACC)_cv=-0.0068  Δ_in=+0.0028  [50 fits · 0.264 s/fit]
  B2-B0 r=  2: Δ(1−BACC)_cv=+0.0110  Δ_in=-0.0045  [75 fits · 0.265 s/fit]
  B2-B0 r=  3: Δ(1−BACC)_cv=-0.0113  Δ_in=-0.0022  [100 fits · 0.263 s/fit]
  B2-B0 r=  4: Δ(1−BACC)_cv=-0.0017  Δ_in=+0.0047  [125 fits · 0.263 s/fit]
  B2-B0 r=  5: Δ(1−BACC)_cv=-0.0025  Δ_in=-0.0030  [150 fits · 0.264 s/fit]
  B2-B0 r=  6: Δ(1−BACC)_cv=+0.0067  Δ_in=+0.0000  [175 fits · 0.264 s/fit]
  B2-B0 r=  7: Δ(1−BACC)_cv=-0.0011  Δ_in=-0.0084  [200 fits · 0.266 s/fit]
  B2-B0 r=  8: Δ(1−BACC)_cv=-0.0163  Δ_in=-0.0031  [225 fits · 0.266 s/fit]
  B2-B0 r=  9: Δ(1−BACC)_cv=+0.0057  Δ_in=-0.0035  [250 fits · 0.266 s/fit]
  B2-B0 r= 10: Δ(1−BACC)_cv=-0.0003  Δ_in=+0.0011  [275 fits · 0.266 s/fit]
  B2-B0 r= 11: Δ(1−BACC)_cv=-0.0147  Δ_in=-0.0021  [300 fits · 0.265 s/fit]
  B2-B0 r= 12: Δ(1−BACC)_cv=+0.0065  Δ_in=-0.0002  [325 fits · 0.265 s/fit]
  B2-B0 r= 13: Δ(1−BACC)_cv=-0.0061  Δ_in=+0.0013  [350 fits · 0.265 s/fit]
  B2-B0 r= 14: Δ(1−BACC)_cv=+0.0086  Δ_in=+0.0065  [375 fits · 0.265 s/fit]
  B2-B0 r= 15: Δ(1−BACC)_cv=-0.0038  Δ_in=+0.0032  [400 fits · 0.266 s/fit]
  B2-B0 r= 16: Δ(1−BACC)_cv=-0.0014  Δ_in=-0.0016  [425 fits · 0.266 s/fit]
  B2-B0 r= 17: Δ(1−BACC)_cv=-0.0095  Δ_in=+0.0005  [450 fits · 0.267 s/fit]
  B2-B0 r= 18: Δ(1−BACC)_cv=-0.0147  Δ_in=-0.0007  [475 fits · 0.267 s/fit]
  B2-B0 r= 19: Δ(1−BACC)_cv=-0.0072  Δ_in=+0.0034  [500 fits · 0.268 s/fit]
  B2-B0 r= 20: Δ(1−BACC)_cv=-0.0021  Δ_in=+0.0028  [525 fits · 0.268 s/fit]
  B2-B0 r= 21: Δ(1−BACC)_cv=-0.0026  Δ_in=+0.0032  [550 fits · 0.268 s/fit]
  B2-B0 r= 22: Δ(1−BACC)_cv=+0.0048  Δ_in=-0.0032  [575 fits · 0.268 s/fit]
  B2-B0 r= 23: Δ(1−BACC)_cv=-0.0046  Δ_in=-0.0028  [600 fits · 0.268 s/fit]
  B2-B0 r= 24: Δ(1−BACC)_cv=-0.0064  Δ_in=+0.0002  [625 fits · 0.268 s/fit]
  B2-B0 r= 25: Δ(1−BACC)_cv=+0.0134  Δ_in=-0.0009  [650 fits · 0.269 s/fit]
  B2-B0 r= 26: Δ(1−BACC)_cv=+0.0001  Δ_in=+0.0009  [675 fits · 0.269 s/fit]
  B2-B0 r= 27: Δ(1−BACC)_cv=-0.0091  Δ_in=+0.0038  [700 fits · 0.269 s/fit]
  B2-B0 r= 28: Δ(1−BACC)_cv=-0.0013  Δ_in=-0.0077  [725 fits · 0.269 s/fit]
  B2-B0 r= 29: Δ(1−BACC)_cv=+0.0078  Δ_in=+0.0005  [750 fits · 0.269 s/fit]
  B2-B0 r= 30: Δ(1−BACC)_cv=+0.0009  Δ_in=-0.0012  [775 fits · 0.269 s/fit]
  B2-B0 r= 31: Δ(1−BACC)_cv=+0.0030  Δ_in=+0.0030  [800 fits · 0.269 s/fit]
  B2-B0 r= 32: Δ(1−BACC)_cv=-0.0120  Δ_in=+0.0064  [825 fits · 0.269 s/fit]
  B2-B0 r= 33: Δ(1−BACC)_cv=-0.0014  Δ_in=-0.0021  [850 fits · 0.269 s/fit]
  B2-B0 r= 34: Δ(1−BACC)_cv=+0.0063  Δ_in=+0.0002  [875 fits · 0.268 s/fit]
  B2-B0 r= 35: Δ(1−BACC)_cv=-0.0031  Δ_in=+0.0008  [900 fits · 0.269 s/fit]
  B2-B0 r= 36: Δ(1−BACC)_cv=+0.0122  Δ_in=+0.0028  [925 fits · 0.269 s/fit]
  B2-B0 r= 37: Δ(1−BACC)_cv=+0.0049  Δ_in=+0.0034  [950 fits · 0.268 s/fit]
  B2-B0 r= 38: Δ(1−BACC)_cv=-0.0106  Δ_in=+0.0033  [975 fits · 0.268 s/fit]
  B2-B0 r= 39: Δ(1−BACC)_cv=-0.0064  Δ_in=+0.0025  [1000 fits · 0.268 s/fit]
  B2-B0 r= 40: Δ(1−BACC)_cv=+0.0066  Δ_in=+0.0065  [1025 fits · 0.268 s/fit]
  B2-B0 r= 41: Δ(1−BACC)_cv=-0.0027  Δ_in=+0.0048  [1050 fits · 0.268 s/fit]
  B2-B0 r= 42: Δ(1−BACC)_cv=+0.0059  Δ_in=+0.0053  [1075 fits · 0.268 s/fit]
  B2-B0 r= 43: Δ(1−BACC)_cv=+0.0031  Δ_in=-0.0049  [1100 fits · 0.269 s/fit]
  B2-B0 r= 44: Δ(1−BACC)_cv=-0.0061  Δ_in=-0.0013  [1125 fits · 0.269 s/fit]
  B2-B0 r= 45: Δ(1−BACC)_cv=-0.0044  Δ_in=-0.0030  [1150 fits · 0.269 s/fit]
  B2-B0 r= 46: Δ(1−BACC)_cv=+0.0015  Δ_in=+0.0079  [1175 fits · 0.268 s/fit]
  B2-B0 r= 47: Δ(1−BACC)_cv=+0.0055  Δ_in=-0.0050  [1200 fits · 0.268 s/fit]
  B2-B0 r= 48: Δ(1−BACC)_cv=-0.0019  Δ_in=+0.0013  [1225 fits · 0.268 s/fit]
  B2-B0 r= 49: Δ(1−BACC)_cv=+0.0007  Δ_in=+0.0044  [1250 fits · 0.268 s/fit]
  B2-B0 r= 50: Δ(1−BACC)_cv=-0.0015  Δ_in=-0.0063  [1275 fits · 0.268 s/fit]
  B2-B0 r= 51: Δ(1−BACC)_cv=+0.0031  Δ_in=+0.0007  [1300 fits · 0.268 s/fit]
  B2-B0 r= 52: Δ(1−BACC)_cv=+0.0035  Δ_in=-0.0041  [1325 fits · 0.268 s/fit]
  B2-B0 r= 53: Δ(1−BACC)_cv=-0.0100  Δ_in=-0.0015  [1350 fits · 0.268 s/fit]
  B2-B0 r= 54: Δ(1−BACC)_cv=-0.0018  Δ_in=+0.0033  [1375 fits · 0.268 s/fit]
  B2-B0 r= 55: Δ(1−BACC)_cv=+0.0039  Δ_in=+0.0013  [1400 fits · 0.268 s/fit]
  B2-B0 r= 56: Δ(1−BACC)_cv=-0.0058  Δ_in=-0.0047  [1425 fits · 0.268 s/fit]
  B2-B0 r= 57: Δ(1−BACC)_cv=-0.0060  Δ_in=+0.0002  [1450 fits · 0.268 s/fit]
  B2-B0 r= 58: Δ(1−BACC)_cv=+0.0142  Δ_in=-0.0025  [1475 fits · 0.268 s/fit]
  B2-B0 r= 59: Δ(1−BACC)_cv=-0.0116  Δ_in=-0.0017  [1500 fits · 0.268 s/fit]
  B2-B0 r= 60: Δ(1−BACC)_cv=-0.0006  Δ_in=+0.0071  [1525 fits · 0.268 s/fit]
  B2-B0 r= 61: Δ(1−BACC)_cv=+0.0098  Δ_in=-0.0030  [1550 fits · 0.268 s/fit]
  B2-B0 r= 62: Δ(1−BACC)_cv=+0.0056  Δ_in=-0.0005  [1575 fits · 0.268 s/fit]
  B2-B0 r= 63: Δ(1−BACC)_cv=-0.0002  Δ_in=-0.0050  [1600 fits · 0.268 s/fit]
  B2-B0 r= 64: Δ(1−BACC)_cv=+0.0026  Δ_in=+0.0053  [1625 fits · 0.268 s/fit]
  B2-B0 r= 65: Δ(1−BACC)_cv=+0.0048  Δ_in=+0.0001  [1650 fits · 0.268 s/fit]
  B2-B0 r= 66: Δ(1−BACC)_cv=-0.0048  Δ_in=+0.0030  [1675 fits · 0.268 s/fit]
  B2-B0 r= 67: Δ(1−BACC)_cv=-0.0034  Δ_in=+0.0047  [1700 fits · 0.268 s/fit]
  B2-B0 r= 68: Δ(1−BACC)_cv=-0.0039  Δ_in=+0.0084  [1725 fits · 0.269 s/fit]
  B2-B0 r= 69: Δ(1−BACC)_cv=-0.0051  Δ_in=-0.0091  [1750 fits · 0.269 s/fit]
  B2-B0 r= 70: Δ(1−BACC)_cv=+0.0006  Δ_in=-0.0014  [1775 fits · 0.269 s/fit]
  B2-B0 r= 71: Δ(1−BACC)_cv=+0.0122  Δ_in=+0.0057  [1800 fits · 0.269 s/fit]
  B2-B0 r= 72: Δ(1−BACC)_cv=-0.0007  Δ_in=-0.0010  [1825 fits · 0.269 s/fit]
  B2-B0 r= 73: Δ(1−BACC)_cv=-0.0009  Δ_in=+0.0022  [1850 fits · 0.269 s/fit]
  B2-B0 r= 74: Δ(1−BACC)_cv=-0.0012  Δ_in=+0.0025  [1875 fits · 0.269 s/fit]
  B2-B0 r= 75: Δ(1−BACC)_cv=+0.0027  Δ_in=+0.0095  [1900 fits · 0.269 s/fit]
  B2-B0 r= 76: Δ(1−BACC)_cv=-0.0061  Δ_in=+0.0015  [1925 fits · 0.269 s/fit]
  B2-B0 r= 77: Δ(1−BACC)_cv=-0.0036  Δ_in=+0.0033  [1950 fits · 0.269 s/fit]
  B2-B0 r= 78: Δ(1−BACC)_cv=+0.0100  Δ_in=+0.0014  [1975 fits · 0.269 s/fit]
  B2-B0 r= 79: Δ(1−BACC)_cv=+0.0013  Δ_in=+0.0027  [2000 fits · 0.269 s/fit]
  B2-B0 r= 80: Δ(1−BACC)_cv=+0.0075  Δ_in=-0.0015  [2025 fits · 0.269 s/fit]
  B2-B0 r= 81: Δ(1−BACC)_cv=-0.0061  Δ_in=-0.0036  [2050 fits · 0.269 s/fit]
  B2-B0 r= 82: Δ(1−BACC)_cv=-0.0001  Δ_in=+0.0048  [2075 fits · 0.269 s/fit]
  B2-B0 r= 83: Δ(1−BACC)_cv=-0.0128  Δ_in=+0.0084  [2100 fits · 0.269 s/fit]
  B2-B0 r= 84: Δ(1−BACC)_cv=-0.0016  Δ_in=-0.0048  [2125 fits · 0.269 s/fit]
  B2-B0 r= 85: Δ(1−BACC)_cv=-0.0040  Δ_in=-0.0006  [2150 fits · 0.269 s/fit]
  B2-B0 r= 86: Δ(1−BACC)_cv=+0.0058  Δ_in=+0.0018  [2175 fits · 0.269 s/fit]
  B2-B0 r= 87: Δ(1−BACC)_cv=-0.0067  Δ_in=+0.0002  [2200 fits · 0.268 s/fit]
  B2-B0 r= 88: Δ(1−BACC)_cv=-0.0116  Δ_in=-0.0006  [2225 fits · 0.268 s/fit]
  B2-B0 r= 89: Δ(1−BACC)_cv=-0.0030  Δ_in=-0.0028  [2250 fits · 0.268 s/fit]
  B2-B0 r= 90: Δ(1−BACC)_cv=-0.0022  Δ_in=-0.0015  [2275 fits · 0.268 s/fit]
  B2-B0 r= 91: Δ(1−BACC)_cv=+0.0103  Δ_in=+0.0031  [2300 fits · 0.268 s/fit]
  B2-B0 r= 92: Δ(1−BACC)_cv=+0.0011  Δ_in=+0.0054  [2325 fits · 0.268 s/fit]
  B2-B0 r= 93: Δ(1−BACC)_cv=-0.0012  Δ_in=-0.0027  [2350 fits · 0.268 s/fit]
  B2-B0 r= 94: Δ(1−BACC)_cv=-0.0138  Δ_in=+0.0035  [2375 fits · 0.268 s/fit]
  B2-B0 r= 95: Δ(1−BACC)_cv=-0.0070  Δ_in=+0.0023  [2400 fits · 0.268 s/fit]
  B2-B0 r= 96: Δ(1−BACC)_cv=-0.0134  Δ_in=-0.0009  [2425 fits · 0.268 s/fit]
  B2-B0 r= 97: Δ(1−BACC)_cv=+0.0055  Δ_in=+0.0022  [2450 fits · 0.268 s/fit]
  B2-B0 r= 98: Δ(1−BACC)_cv=-0.0127  Δ_in=+0.0053  [2475 fits · 0.268 s/fit]
  B2-B0 r= 99: Δ(1−BACC)_cv=+0.0007  Δ_in=+0.0035  [2500 fits · 0.268 s/fit]
  → B2: Δ(1−BACC)_cv=-0.0011 (frozen −mean_diff=-0.0004)  ncv_se=0.0099 (unclipped 0.0099; naive_sample 0.0085, naive_fold 0.0089)  nb_se=0.0110  ratio=0.90  MDE80_ncv=0.0277  0.268 s/fit · 11.9 min

=== B3 vs B0 ({'ds': 'aptos2019', 'kind': 'rf', 'lever': 'rebalance', 'loss': 'coral'}) · R=100 ===
  B3-B0 r=  0: Δ(1−BACC)_cv=-0.0164  Δ_in=-0.0229  [25 fits · 0.277 s/fit]
  B3-B0 r=  1: Δ(1−BACC)_cv=-0.0179  Δ_in=-0.0140  [50 fits · 0.271 s/fit]
  B3-B0 r=  2: Δ(1−BACC)_cv=-0.0162  Δ_in=-0.0190  [75 fits · 0.277 s/fit]
  B3-B0 r=  3: Δ(1−BACC)_cv=-0.0222  Δ_in=-0.0151  [100 fits · 0.275 s/fit]
  B3-B0 r=  4: Δ(1−BACC)_cv=-0.0242  Δ_in=-0.0144  [125 fits · 0.272 s/fit]
  B3-B0 r=  5: Δ(1−BACC)_cv=-0.0354  Δ_in=-0.0238  [150 fits · 0.279 s/fit]
  B3-B0 r=  6: Δ(1−BACC)_cv=-0.0129  Δ_in=-0.0140  [175 fits · 0.281 s/fit]
  B3-B0 r=  7: Δ(1−BACC)_cv=-0.0169  Δ_in=-0.0166  [200 fits · 0.282 s/fit]
  B3-B0 r=  8: Δ(1−BACC)_cv=-0.0296  Δ_in=-0.0202  [225 fits · 0.283 s/fit]
  B3-B0 r=  9: Δ(1−BACC)_cv=-0.0212  Δ_in=-0.0220  [250 fits · 0.284 s/fit]
  B3-B0 r= 10: Δ(1−BACC)_cv=-0.0229  Δ_in=-0.0123  [275 fits · 0.287 s/fit]
  B3-B0 r= 11: Δ(1−BACC)_cv=-0.0252  Δ_in=-0.0134  [300 fits · 0.288 s/fit]
  B3-B0 r= 12: Δ(1−BACC)_cv=-0.0250  Δ_in=-0.0102  [325 fits · 0.288 s/fit]
  B3-B0 r= 13: Δ(1−BACC)_cv=-0.0316  Δ_in=-0.0121  [350 fits · 0.288 s/fit]
  B3-B0 r= 14: Δ(1−BACC)_cv=-0.0162  Δ_in=-0.0110  [375 fits · 0.287 s/fit]
  B3-B0 r= 15: Δ(1−BACC)_cv=-0.0351  Δ_in=-0.0185  [400 fits · 0.286 s/fit]
  B3-B0 r= 16: Δ(1−BACC)_cv=-0.0301  Δ_in=-0.0164  [425 fits · 0.285 s/fit]
  B3-B0 r= 17: Δ(1−BACC)_cv=-0.0322  Δ_in=-0.0190  [450 fits · 0.286 s/fit]
  B3-B0 r= 18: Δ(1−BACC)_cv=-0.0262  Δ_in=-0.0193  [475 fits · 0.285 s/fit]
  B3-B0 r= 19: Δ(1−BACC)_cv=-0.0222  Δ_in=-0.0209  [500 fits · 0.287 s/fit]
  B3-B0 r= 20: Δ(1−BACC)_cv=-0.0209  Δ_in=-0.0163  [525 fits · 0.286 s/fit]
  B3-B0 r= 21: Δ(1−BACC)_cv=-0.0259  Δ_in=-0.0138  [550 fits · 0.287 s/fit]
  B3-B0 r= 22: Δ(1−BACC)_cv=-0.0185  Δ_in=-0.0198  [575 fits · 0.288 s/fit]
  B3-B0 r= 23: Δ(1−BACC)_cv=-0.0117  Δ_in=-0.0250  [600 fits · 0.290 s/fit]
  B3-B0 r= 24: Δ(1−BACC)_cv=-0.0245  Δ_in=-0.0121  [625 fits · 0.291 s/fit]
  B3-B0 r= 25: Δ(1−BACC)_cv=-0.0152  Δ_in=-0.0182  [650 fits · 0.292 s/fit]
  B3-B0 r= 26: Δ(1−BACC)_cv=-0.0210  Δ_in=-0.0153  [675 fits · 0.292 s/fit]
  B3-B0 r= 27: Δ(1−BACC)_cv=-0.0255  Δ_in=-0.0076  [700 fits · 0.291 s/fit]
  B3-B0 r= 28: Δ(1−BACC)_cv=-0.0066  Δ_in=-0.0160  [725 fits · 0.291 s/fit]
  B3-B0 r= 29: Δ(1−BACC)_cv=-0.0136  Δ_in=-0.0147  [750 fits · 0.290 s/fit]
  B3-B0 r= 30: Δ(1−BACC)_cv=-0.0266  Δ_in=-0.0176  [775 fits · 0.290 s/fit]
  B3-B0 r= 31: Δ(1−BACC)_cv=-0.0168  Δ_in=-0.0189  [800 fits · 0.292 s/fit]
  B3-B0 r= 32: Δ(1−BACC)_cv=-0.0180  Δ_in=-0.0205  [825 fits · 0.292 s/fit]
  B3-B0 r= 33: Δ(1−BACC)_cv=-0.0159  Δ_in=-0.0161  [850 fits · 0.292 s/fit]
  B3-B0 r= 34: Δ(1−BACC)_cv=-0.0142  Δ_in=-0.0224  [875 fits · 0.294 s/fit]
  B3-B0 r= 35: Δ(1−BACC)_cv=-0.0164  Δ_in=-0.0186  [900 fits · 0.294 s/fit]
  B3-B0 r= 36: Δ(1−BACC)_cv=-0.0183  Δ_in=-0.0182  [925 fits · 0.293 s/fit]
  B3-B0 r= 37: Δ(1−BACC)_cv=-0.0231  Δ_in=-0.0195  [950 fits · 0.293 s/fit]
  B3-B0 r= 38: Δ(1−BACC)_cv=-0.0330  Δ_in=-0.0185  [975 fits · 0.293 s/fit]
  B3-B0 r= 39: Δ(1−BACC)_cv=-0.0293  Δ_in=-0.0183  [1000 fits · 0.292 s/fit]
  B3-B0 r= 40: Δ(1−BACC)_cv=-0.0262  Δ_in=-0.0109  [1025 fits · 0.291 s/fit]
  B3-B0 r= 41: Δ(1−BACC)_cv=-0.0287  Δ_in=-0.0137  [1050 fits · 0.291 s/fit]
  B3-B0 r= 42: Δ(1−BACC)_cv=-0.0172  Δ_in=-0.0133  [1075 fits · 0.291 s/fit]
  B3-B0 r= 43: Δ(1−BACC)_cv=-0.0166  Δ_in=-0.0206  [1100 fits · 0.291 s/fit]
  B3-B0 r= 44: Δ(1−BACC)_cv=-0.0274  Δ_in=-0.0192  [1125 fits · 0.290 s/fit]
  B3-B0 r= 45: Δ(1−BACC)_cv=-0.0140  Δ_in=-0.0155  [1150 fits · 0.290 s/fit]
  B3-B0 r= 46: Δ(1−BACC)_cv=-0.0297  Δ_in=-0.0117  [1175 fits · 0.290 s/fit]
  B3-B0 r= 47: Δ(1−BACC)_cv=-0.0205  Δ_in=-0.0129  [1200 fits · 0.290 s/fit]
  B3-B0 r= 48: Δ(1−BACC)_cv=-0.0241  Δ_in=-0.0200  [1225 fits · 0.290 s/fit]
  B3-B0 r= 49: Δ(1−BACC)_cv=-0.0131  Δ_in=-0.0127  [1250 fits · 0.289 s/fit]
  B3-B0 r= 50: Δ(1−BACC)_cv=-0.0327  Δ_in=-0.0159  [1275 fits · 0.289 s/fit]
  B3-B0 r= 51: Δ(1−BACC)_cv=-0.0217  Δ_in=-0.0124  [1300 fits · 0.289 s/fit]
  B3-B0 r= 52: Δ(1−BACC)_cv=-0.0122  Δ_in=-0.0223  [1325 fits · 0.290 s/fit]
  B3-B0 r= 53: Δ(1−BACC)_cv=-0.0362  Δ_in=-0.0133  [1350 fits · 0.290 s/fit]
  B3-B0 r= 54: Δ(1−BACC)_cv=-0.0322  Δ_in=-0.0094  [1375 fits · 0.289 s/fit]
  B3-B0 r= 55: Δ(1−BACC)_cv=-0.0228  Δ_in=-0.0161  [1400 fits · 0.289 s/fit]
  B3-B0 r= 56: Δ(1−BACC)_cv=-0.0324  Δ_in=-0.0216  [1425 fits · 0.289 s/fit]
  B3-B0 r= 57: Δ(1−BACC)_cv=-0.0307  Δ_in=-0.0104  [1450 fits · 0.289 s/fit]
  B3-B0 r= 58: Δ(1−BACC)_cv=-0.0092  Δ_in=-0.0287  [1475 fits · 0.289 s/fit]
  B3-B0 r= 59: Δ(1−BACC)_cv=-0.0316  Δ_in=-0.0140  [1500 fits · 0.289 s/fit]
  B3-B0 r= 60: Δ(1−BACC)_cv=-0.0246  Δ_in=-0.0165  [1525 fits · 0.289 s/fit]
  B3-B0 r= 61: Δ(1−BACC)_cv=-0.0168  Δ_in=-0.0218  [1550 fits · 0.289 s/fit]
  B3-B0 r= 62: Δ(1−BACC)_cv=-0.0181  Δ_in=-0.0154  [1575 fits · 0.289 s/fit]
  B3-B0 r= 63: Δ(1−BACC)_cv=-0.0255  Δ_in=-0.0214  [1600 fits · 0.289 s/fit]
  B3-B0 r= 64: Δ(1−BACC)_cv=-0.0297  Δ_in=-0.0142  [1625 fits · 0.290 s/fit]
  B3-B0 r= 65: Δ(1−BACC)_cv=-0.0132  Δ_in=-0.0191  [1650 fits · 0.291 s/fit]
  B3-B0 r= 66: Δ(1−BACC)_cv=-0.0348  Δ_in=-0.0179  [1675 fits · 0.292 s/fit]
  B3-B0 r= 67: Δ(1−BACC)_cv=-0.0246  Δ_in=-0.0138  [1700 fits · 0.292 s/fit]
  B3-B0 r= 68: Δ(1−BACC)_cv=-0.0221  Δ_in=-0.0223  [1725 fits · 0.292 s/fit]
  B3-B0 r= 69: Δ(1−BACC)_cv=-0.0207  Δ_in=-0.0236  [1750 fits · 0.292 s/fit]
  B3-B0 r= 70: Δ(1−BACC)_cv=-0.0165  Δ_in=-0.0217  [1775 fits · 0.292 s/fit]
  B3-B0 r= 71: Δ(1−BACC)_cv=-0.0205  Δ_in=-0.0134  [1800 fits · 0.292 s/fit]
  B3-B0 r= 72: Δ(1−BACC)_cv=-0.0246  Δ_in=-0.0137  [1825 fits · 0.292 s/fit]
  B3-B0 r= 73: Δ(1−BACC)_cv=-0.0248  Δ_in=-0.0197  [1850 fits · 0.292 s/fit]
  B3-B0 r= 74: Δ(1−BACC)_cv=-0.0226  Δ_in=-0.0124  [1875 fits · 0.291 s/fit]
  B3-B0 r= 75: Δ(1−BACC)_cv=-0.0253  Δ_in=-0.0199  [1900 fits · 0.291 s/fit]
  B3-B0 r= 76: Δ(1−BACC)_cv=-0.0203  Δ_in=-0.0142  [1925 fits · 0.291 s/fit]
  B3-B0 r= 77: Δ(1−BACC)_cv=-0.0237  Δ_in=-0.0152  [1950 fits · 0.291 s/fit]
  B3-B0 r= 78: Δ(1−BACC)_cv=-0.0284  Δ_in=-0.0093  [1975 fits · 0.291 s/fit]
  B3-B0 r= 79: Δ(1−BACC)_cv=-0.0329  Δ_in=-0.0141  [2000 fits · 0.290 s/fit]
  B3-B0 r= 80: Δ(1−BACC)_cv=-0.0184  Δ_in=-0.0175  [2025 fits · 0.291 s/fit]
  B3-B0 r= 81: Δ(1−BACC)_cv=-0.0197  Δ_in=-0.0191  [2050 fits · 0.291 s/fit]
  B3-B0 r= 82: Δ(1−BACC)_cv=-0.0242  Δ_in=-0.0135  [2075 fits · 0.291 s/fit]
  B3-B0 r= 83: Δ(1−BACC)_cv=-0.0346  Δ_in=-0.0104  [2100 fits · 0.292 s/fit]
  B3-B0 r= 84: Δ(1−BACC)_cv=-0.0221  Δ_in=-0.0185  [2125 fits · 0.292 s/fit]
  B3-B0 r= 85: Δ(1−BACC)_cv=-0.0216  Δ_in=-0.0162  [2150 fits · 0.292 s/fit]
  B3-B0 r= 86: Δ(1−BACC)_cv=-0.0275  Δ_in=-0.0137  [2175 fits · 0.292 s/fit]
  B3-B0 r= 87: Δ(1−BACC)_cv=-0.0331  Δ_in=-0.0204  [2200 fits · 0.292 s/fit]
  B3-B0 r= 88: Δ(1−BACC)_cv=-0.0238  Δ_in=-0.0194  [2225 fits · 0.292 s/fit]
  B3-B0 r= 89: Δ(1−BACC)_cv=-0.0251  Δ_in=-0.0142  [2250 fits · 0.292 s/fit]
  B3-B0 r= 90: Δ(1−BACC)_cv=-0.0261  Δ_in=-0.0174  [2275 fits · 0.292 s/fit]
  B3-B0 r= 91: Δ(1−BACC)_cv=-0.0166  Δ_in=-0.0143  [2300 fits · 0.291 s/fit]
  B3-B0 r= 92: Δ(1−BACC)_cv=-0.0261  Δ_in=-0.0160  [2325 fits · 0.291 s/fit]
  B3-B0 r= 93: Δ(1−BACC)_cv=-0.0147  Δ_in=-0.0082  [2350 fits · 0.291 s/fit]
  B3-B0 r= 94: Δ(1−BACC)_cv=-0.0423  Δ_in=-0.0106  [2375 fits · 0.292 s/fit]
  B3-B0 r= 95: Δ(1−BACC)_cv=-0.0194  Δ_in=-0.0190  [2400 fits · 0.292 s/fit]
  B3-B0 r= 96: Δ(1−BACC)_cv=-0.0219  Δ_in=-0.0154  [2425 fits · 0.292 s/fit]
  B3-B0 r= 97: Δ(1−BACC)_cv=-0.0333  Δ_in=-0.0187  [2450 fits · 0.292 s/fit]
  B3-B0 r= 98: Δ(1−BACC)_cv=-0.0251  Δ_in=-0.0177  [2475 fits · 0.292 s/fit]
  B3-B0 r= 99: Δ(1−BACC)_cv=-0.0207  Δ_in=-0.0164  [2500 fits · 0.292 s/fit]
  → B3: Δ(1−BACC)_cv=-0.0232 (frozen −mean_diff=-0.0180)  ncv_se=0.0109 (unclipped 0.0109; naive_sample 0.0104, naive_fold 0.0103)  nb_se=0.0068  ratio=1.61  MDE80_ncv=0.0306  0.292 s/fit · 12.3 min

=== B4 vs B0 ({'ds': 'aptos2019', 'kind': 'rf', 'lever': 'rebalance', 'loss': 'corn'}) · R=100 ===
  B4-B0 r=  0: Δ(1−BACC)_cv=-0.0150  Δ_in=-0.0170  [25 fits · 1.556 s/fit]
  B4-B0 r=  1: Δ(1−BACC)_cv=-0.0208  Δ_in=-0.0142  [50 fits · 1.545 s/fit]
  B4-B0 r=  2: Δ(1−BACC)_cv=-0.0208  Δ_in=-0.0148  [75 fits · 1.531 s/fit]
  B4-B0 r=  3: Δ(1−BACC)_cv=-0.0145  Δ_in=-0.0137  [100 fits · 1.538 s/fit]
  B4-B0 r=  4: Δ(1−BACC)_cv=-0.0284  Δ_in=-0.0153  [125 fits · 1.541 s/fit]
  B4-B0 r=  5: Δ(1−BACC)_cv=-0.0248  Δ_in=-0.0136  [150 fits · 1.556 s/fit]
  B4-B0 r=  6: Δ(1−BACC)_cv=-0.0120  Δ_in=-0.0114  [175 fits · 1.569 s/fit]
  B4-B0 r=  7: Δ(1−BACC)_cv=-0.0234  Δ_in=-0.0162  [200 fits · 1.568 s/fit]
  B4-B0 r=  8: Δ(1−BACC)_cv=-0.0255  Δ_in=-0.0198  [225 fits · 1.564 s/fit]
  B4-B0 r=  9: Δ(1−BACC)_cv=-0.0133  Δ_in=-0.0178  [250 fits · 1.570 s/fit]
  B4-B0 r= 10: Δ(1−BACC)_cv=-0.0335  Δ_in=-0.0093  [275 fits · 1.567 s/fit]
  B4-B0 r= 11: Δ(1−BACC)_cv=-0.0400  Δ_in=-0.0111  [300 fits · 1.573 s/fit]
  B4-B0 r= 12: Δ(1−BACC)_cv=-0.0219  Δ_in=-0.0137  [325 fits · 1.561 s/fit]
  B4-B0 r= 13: Δ(1−BACC)_cv=-0.0268  Δ_in=-0.0093  [350 fits · 1.550 s/fit]
  B4-B0 r= 14: Δ(1−BACC)_cv=-0.0106  Δ_in=-0.0127  [375 fits · 1.537 s/fit]
  B4-B0 r= 15: Δ(1−BACC)_cv=-0.0240  Δ_in=-0.0220  [400 fits · 1.538 s/fit]
  B4-B0 r= 16: Δ(1−BACC)_cv=-0.0147  Δ_in=-0.0100  [425 fits · 1.539 s/fit]
  B4-B0 r= 17: Δ(1−BACC)_cv=-0.0238  Δ_in=-0.0168  [450 fits · 1.532 s/fit]
  B4-B0 r= 18: Δ(1−BACC)_cv=-0.0256  Δ_in=-0.0194  [475 fits · 1.532 s/fit]
  B4-B0 r= 19: Δ(1−BACC)_cv=-0.0202  Δ_in=-0.0162  [500 fits · 1.535 s/fit]
  B4-B0 r= 20: Δ(1−BACC)_cv=-0.0106  Δ_in=-0.0144  [525 fits · 1.537 s/fit]
  B4-B0 r= 21: Δ(1−BACC)_cv=-0.0280  Δ_in=-0.0133  [550 fits · 1.538 s/fit]
  B4-B0 r= 22: Δ(1−BACC)_cv=-0.0336  Δ_in=-0.0171  [575 fits · 1.536 s/fit]
  B4-B0 r= 23: Δ(1−BACC)_cv=-0.0142  Δ_in=-0.0172  [600 fits · 1.536 s/fit]
  B4-B0 r= 24: Δ(1−BACC)_cv=-0.0112  Δ_in=-0.0158  [625 fits · 1.543 s/fit]
  B4-B0 r= 25: Δ(1−BACC)_cv=-0.0076  Δ_in=-0.0135  [650 fits · 1.543 s/fit]
  B4-B0 r= 26: Δ(1−BACC)_cv=-0.0124  Δ_in=-0.0129  [675 fits · 1.541 s/fit]
  B4-B0 r= 27: Δ(1−BACC)_cv=-0.0228  Δ_in=-0.0090  [700 fits · 1.533 s/fit]
  B4-B0 r= 28: Δ(1−BACC)_cv=-0.0187  Δ_in=-0.0178  [725 fits · 1.538 s/fit]
  B4-B0 r= 29: Δ(1−BACC)_cv=-0.0052  Δ_in=-0.0108  [750 fits · 1.539 s/fit]
  B4-B0 r= 30: Δ(1−BACC)_cv=-0.0210  Δ_in=-0.0202  [775 fits · 1.539 s/fit]
  B4-B0 r= 31: Δ(1−BACC)_cv=-0.0097  Δ_in=-0.0125  [800 fits · 1.542 s/fit]
  B4-B0 r= 32: Δ(1−BACC)_cv=-0.0246  Δ_in=-0.0141  [825 fits · 1.542 s/fit]
  B4-B0 r= 33: Δ(1−BACC)_cv=-0.0192  Δ_in=-0.0187  [850 fits · 1.540 s/fit]
  B4-B0 r= 34: Δ(1−BACC)_cv=-0.0164  Δ_in=-0.0171  [875 fits · 1.544 s/fit]
  B4-B0 r= 35: Δ(1−BACC)_cv=-0.0230  Δ_in=-0.0187  [900 fits · 1.547 s/fit]
  B4-B0 r= 36: Δ(1−BACC)_cv=-0.0297  Δ_in=-0.0161  [925 fits · 1.549 s/fit]
  B4-B0 r= 37: Δ(1−BACC)_cv=-0.0066  Δ_in=-0.0188  [950 fits · 1.549 s/fit]
  B4-B0 r= 38: Δ(1−BACC)_cv=-0.0331  Δ_in=-0.0162  [975 fits · 1.550 s/fit]
  B4-B0 r= 39: Δ(1−BACC)_cv=-0.0133  Δ_in=-0.0121  [1000 fits · 1.550 s/fit]
  B4-B0 r= 40: Δ(1−BACC)_cv=-0.0159  Δ_in=-0.0113  [1025 fits · 1.548 s/fit]
  B4-B0 r= 41: Δ(1−BACC)_cv=-0.0120  Δ_in=-0.0135  [1050 fits · 1.548 s/fit]
  B4-B0 r= 42: Δ(1−BACC)_cv=-0.0178  Δ_in=-0.0067  [1075 fits · 1.550 s/fit]
  B4-B0 r= 43: Δ(1−BACC)_cv=-0.0137  Δ_in=-0.0147  [1100 fits · 1.553 s/fit]
  B4-B0 r= 44: Δ(1−BACC)_cv=-0.0278  Δ_in=-0.0131  [1125 fits · 1.557 s/fit]
  B4-B0 r= 45: Δ(1−BACC)_cv=-0.0122  Δ_in=-0.0142  [1150 fits · 1.561 s/fit]
  B4-B0 r= 46: Δ(1−BACC)_cv=-0.0204  Δ_in=-0.0134  [1175 fits · 1.563 s/fit]
  B4-B0 r= 47: Δ(1−BACC)_cv=-0.0167  Δ_in=-0.0147  [1200 fits · 1.562 s/fit]
  B4-B0 r= 48: Δ(1−BACC)_cv=-0.0200  Δ_in=-0.0180  [1225 fits · 1.561 s/fit]
  B4-B0 r= 49: Δ(1−BACC)_cv=-0.0082  Δ_in=-0.0160  [1250 fits · 1.559 s/fit]
  B4-B0 r= 50: Δ(1−BACC)_cv=-0.0289  Δ_in=-0.0123  [1275 fits · 1.566 s/fit]
  B4-B0 r= 51: Δ(1−BACC)_cv=-0.0244  Δ_in=-0.0153  [1300 fits · 1.567 s/fit]
  B4-B0 r= 52: Δ(1−BACC)_cv=-0.0133  Δ_in=-0.0186  [1325 fits · 1.571 s/fit]
  B4-B0 r= 53: Δ(1−BACC)_cv=-0.0171  Δ_in=-0.0129  [1350 fits · 1.572 s/fit]
  B4-B0 r= 54: Δ(1−BACC)_cv=-0.0189  Δ_in=-0.0083  [1375 fits · 1.573 s/fit]
  B4-B0 r= 55: Δ(1−BACC)_cv=-0.0071  Δ_in=-0.0105  [1400 fits · 1.576 s/fit]
  B4-B0 r= 56: Δ(1−BACC)_cv=-0.0272  Δ_in=-0.0203  [1425 fits · 1.579 s/fit]
  B4-B0 r= 57: Δ(1−BACC)_cv=-0.0242  Δ_in=-0.0146  [1450 fits · 1.578 s/fit]
  B4-B0 r= 58: Δ(1−BACC)_cv=-0.0078  Δ_in=-0.0258  [1475 fits · 1.578 s/fit]
  B4-B0 r= 59: Δ(1−BACC)_cv=-0.0263  Δ_in=-0.0106  [1500 fits · 1.578 s/fit]
  B4-B0 r= 60: Δ(1−BACC)_cv=-0.0116  Δ_in=-0.0141  [1525 fits · 1.579 s/fit]
  B4-B0 r= 61: Δ(1−BACC)_cv=-0.0028  Δ_in=-0.0147  [1550 fits · 1.581 s/fit]
  B4-B0 r= 62: Δ(1−BACC)_cv=-0.0236  Δ_in=-0.0126  [1575 fits · 1.583 s/fit]
  B4-B0 r= 63: Δ(1−BACC)_cv=-0.0299  Δ_in=-0.0149  [1600 fits · 1.584 s/fit]
  B4-B0 r= 64: Δ(1−BACC)_cv=-0.0227  Δ_in=-0.0067  [1625 fits · 1.585 s/fit]
  B4-B0 r= 65: Δ(1−BACC)_cv=-0.0049  Δ_in=-0.0188  [1650 fits · 1.585 s/fit]
  B4-B0 r= 66: Δ(1−BACC)_cv=-0.0333  Δ_in=-0.0149  [1675 fits · 1.585 s/fit]
  B4-B0 r= 67: Δ(1−BACC)_cv=-0.0101  Δ_in=-0.0130  [1700 fits · 1.586 s/fit]
  B4-B0 r= 68: Δ(1−BACC)_cv=-0.0199  Δ_in=-0.0160  [1725 fits · 1.587 s/fit]
  B4-B0 r= 69: Δ(1−BACC)_cv=-0.0101  Δ_in=-0.0174  [1750 fits · 1.587 s/fit]
  B4-B0 r= 70: Δ(1−BACC)_cv=-0.0190  Δ_in=-0.0150  [1775 fits · 1.588 s/fit]
  B4-B0 r= 71: Δ(1−BACC)_cv=-0.0138  Δ_in=-0.0049  [1800 fits · 1.589 s/fit]
  B4-B0 r= 72: Δ(1−BACC)_cv=-0.0228  Δ_in=-0.0144  [1825 fits · 1.590 s/fit]
  B4-B0 r= 73: Δ(1−BACC)_cv=-0.0267  Δ_in=-0.0125  [1850 fits · 1.591 s/fit]
  B4-B0 r= 74: Δ(1−BACC)_cv=-0.0212  Δ_in=-0.0170  [1875 fits · 1.591 s/fit]
  B4-B0 r= 75: Δ(1−BACC)_cv=-0.0146  Δ_in=-0.0138  [1900 fits · 1.589 s/fit]
  B4-B0 r= 76: Δ(1−BACC)_cv=-0.0172  Δ_in=-0.0168  [1925 fits · 1.588 s/fit]
  B4-B0 r= 77: Δ(1−BACC)_cv=-0.0086  Δ_in=-0.0079  [1950 fits · 1.586 s/fit]
  B4-B0 r= 78: Δ(1−BACC)_cv=-0.0280  Δ_in=-0.0057  [1975 fits · 1.589 s/fit]
  B4-B0 r= 79: Δ(1−BACC)_cv=-0.0207  Δ_in=-0.0142  [2000 fits · 1.591 s/fit]
  B4-B0 r= 80: Δ(1−BACC)_cv=-0.0204  Δ_in=-0.0182  [2025 fits · 1.589 s/fit]
  B4-B0 r= 81: Δ(1−BACC)_cv=-0.0136  Δ_in=-0.0210  [2050 fits · 1.588 s/fit]
  B4-B0 r= 82: Δ(1−BACC)_cv=-0.0257  Δ_in=-0.0097  [2075 fits · 1.587 s/fit]
  B4-B0 r= 83: Δ(1−BACC)_cv=-0.0280  Δ_in=-0.0142  [2100 fits · 1.587 s/fit]
  B4-B0 r= 84: Δ(1−BACC)_cv=-0.0120  Δ_in=-0.0168  [2125 fits · 1.586 s/fit]
  B4-B0 r= 85: Δ(1−BACC)_cv=-0.0276  Δ_in=-0.0123  [2150 fits · 1.589 s/fit]
  B4-B0 r= 86: Δ(1−BACC)_cv=-0.0206  Δ_in=-0.0090  [2175 fits · 1.590 s/fit]
  B4-B0 r= 87: Δ(1−BACC)_cv=-0.0299  Δ_in=-0.0174  [2200 fits · 1.592 s/fit]
  B4-B0 r= 88: Δ(1−BACC)_cv=-0.0183  Δ_in=-0.0223  [2225 fits · 1.594 s/fit]
  B4-B0 r= 89: Δ(1−BACC)_cv=-0.0086  Δ_in=-0.0149  [2250 fits · 1.595 s/fit]
  B4-B0 r= 90: Δ(1−BACC)_cv=-0.0180  Δ_in=-0.0108  [2275 fits · 1.596 s/fit]
  B4-B0 r= 91: Δ(1−BACC)_cv=-0.0179  Δ_in=-0.0148  [2300 fits · 1.600 s/fit]
  B4-B0 r= 92: Δ(1−BACC)_cv=-0.0269  Δ_in=-0.0094  [2325 fits · 1.601 s/fit]
  B4-B0 r= 93: Δ(1−BACC)_cv=-0.0072  Δ_in=-0.0106  [2350 fits · 1.602 s/fit]
  B4-B0 r= 94: Δ(1−BACC)_cv=-0.0318  Δ_in=-0.0109  [2375 fits · 1.601 s/fit]
  B4-B0 r= 95: Δ(1−BACC)_cv=-0.0151  Δ_in=-0.0167  [2400 fits · 1.600 s/fit]
  B4-B0 r= 96: Δ(1−BACC)_cv=-0.0194  Δ_in=-0.0139  [2425 fits · 1.600 s/fit]
  B4-B0 r= 97: Δ(1−BACC)_cv=-0.0267  Δ_in=-0.0125  [2450 fits · 1.600 s/fit]
  B4-B0 r= 98: Δ(1−BACC)_cv=-0.0283  Δ_in=-0.0131  [2475 fits · 1.598 s/fit]
  B4-B0 r= 99: Δ(1−BACC)_cv=-0.0134  Δ_in=-0.0117  [2500 fits · 1.598 s/fit]
  → B4: Δ(1−BACC)_cv=-0.0193 (frozen −mean_diff=-0.0193)  ncv_se=0.0110 (unclipped 0.0110; naive_sample 0.0089, naive_fold 0.0088)  nb_se=0.0118  ratio=0.93  MDE80_ncv=0.0310  1.598 s/fit · 66.7 min

=== A5 vs A0 ({'ds': 'oral_diseases', 'kind': 'mixup', 'alpha': 0.2}) · R=100 ===
  A5-A0 r=  0: Δ(1−BACC)_cv=+0.0635  Δ_in=+0.0065  [25 fits · 0.373 s/fit]
  A5-A0 r=  1: Δ(1−BACC)_cv=+0.0334  Δ_in=+0.0363  [50 fits · 0.373 s/fit]
  A5-A0 r=  2: Δ(1−BACC)_cv=+0.0206  Δ_in=+0.0307  [75 fits · 0.371 s/fit]
  A5-A0 r=  3: Δ(1−BACC)_cv=+0.0259  Δ_in=+0.0351  [100 fits · 0.371 s/fit]
  A5-A0 r=  4: Δ(1−BACC)_cv=+0.0403  Δ_in=+0.0286  [125 fits · 0.368 s/fit]
  A5-A0 r=  5: Δ(1−BACC)_cv=+0.0611  Δ_in=+0.0160  [150 fits · 0.366 s/fit]
  A5-A0 r=  6: Δ(1−BACC)_cv=+0.0476  Δ_in=+0.0451  [175 fits · 0.365 s/fit]
  A5-A0 r=  7: Δ(1−BACC)_cv=+0.0382  Δ_in=+0.0204  [200 fits · 0.361 s/fit]
  A5-A0 r=  8: Δ(1−BACC)_cv=+0.0372  Δ_in=+0.0202  [225 fits · 0.361 s/fit]
  A5-A0 r=  9: Δ(1−BACC)_cv=+0.0372  Δ_in=+0.0249  [250 fits · 0.363 s/fit]
  A5-A0 r= 10: Δ(1−BACC)_cv=+0.0380  Δ_in=+0.0229  [275 fits · 0.363 s/fit]
  A5-A0 r= 11: Δ(1−BACC)_cv=+0.0319  Δ_in=+0.0355  [300 fits · 0.365 s/fit]
  A5-A0 r= 12: Δ(1−BACC)_cv=+0.0168  Δ_in=+0.0242  [325 fits · 0.372 s/fit]
  A5-A0 r= 13: Δ(1−BACC)_cv=+0.0206  Δ_in=+0.0433  [350 fits · 0.373 s/fit]
  A5-A0 r= 14: Δ(1−BACC)_cv=+0.0611  Δ_in=+0.0223  [375 fits · 0.370 s/fit]
  A5-A0 r= 15: Δ(1−BACC)_cv=+0.0259  Δ_in=+0.0426  [400 fits · 0.367 s/fit]
  A5-A0 r= 16: Δ(1−BACC)_cv=+0.0416  Δ_in=+0.0442  [425 fits · 0.365 s/fit]
  A5-A0 r= 17: Δ(1−BACC)_cv=+0.0145  Δ_in=+0.0327  [450 fits · 0.363 s/fit]
  A5-A0 r= 18: Δ(1−BACC)_cv=+0.0172  Δ_in=+0.0352  [475 fits · 0.361 s/fit]
  A5-A0 r= 19: Δ(1−BACC)_cv=+0.0060  Δ_in=+0.0311  [500 fits · 0.360 s/fit]
  A5-A0 r= 20: Δ(1−BACC)_cv=+0.0402  Δ_in=+0.0455  [525 fits · 0.359 s/fit]
  A5-A0 r= 21: Δ(1−BACC)_cv=+0.0137  Δ_in=+0.0270  [550 fits · 0.359 s/fit]
  A5-A0 r= 22: Δ(1−BACC)_cv=+0.0338  Δ_in=+0.0239  [575 fits · 0.359 s/fit]
  A5-A0 r= 23: Δ(1−BACC)_cv=+0.0312  Δ_in=+0.0353  [600 fits · 0.358 s/fit]
  A5-A0 r= 24: Δ(1−BACC)_cv=+0.0483  Δ_in=+0.0433  [625 fits · 0.361 s/fit]
  A5-A0 r= 25: Δ(1−BACC)_cv=+0.0518  Δ_in=+0.0144  [650 fits · 0.362 s/fit]
  A5-A0 r= 26: Δ(1−BACC)_cv=+0.0355  Δ_in=+0.0222  [675 fits · 0.364 s/fit]
  A5-A0 r= 27: Δ(1−BACC)_cv=+0.0124  Δ_in=+0.0176  [700 fits · 0.367 s/fit]
  A5-A0 r= 28: Δ(1−BACC)_cv=+0.0420  Δ_in=+0.0304  [725 fits · 0.370 s/fit]
  A5-A0 r= 29: Δ(1−BACC)_cv=-0.0045  Δ_in=+0.0263  [750 fits · 0.371 s/fit]
  A5-A0 r= 30: Δ(1−BACC)_cv=+0.0394  Δ_in=+0.0311  [775 fits · 0.370 s/fit]
  A5-A0 r= 31: Δ(1−BACC)_cv=+0.0442  Δ_in=+0.0389  [800 fits · 0.370 s/fit]
  A5-A0 r= 32: Δ(1−BACC)_cv=+0.0532  Δ_in=+0.0290  [825 fits · 0.369 s/fit]
  A5-A0 r= 33: Δ(1−BACC)_cv=+0.0379  Δ_in=+0.0193  [850 fits · 0.367 s/fit]
  A5-A0 r= 34: Δ(1−BACC)_cv=+0.0377  Δ_in=+0.0442  [875 fits · 0.368 s/fit]
  A5-A0 r= 35: Δ(1−BACC)_cv=+0.0200  Δ_in=+0.0450  [900 fits · 0.368 s/fit]
  A5-A0 r= 36: Δ(1−BACC)_cv=+0.0258  Δ_in=+0.0259  [925 fits · 0.368 s/fit]
  A5-A0 r= 37: Δ(1−BACC)_cv=+0.0298  Δ_in=+0.0179  [950 fits · 0.368 s/fit]
  A5-A0 r= 38: Δ(1−BACC)_cv=+0.0348  Δ_in=+0.0129  [975 fits · 0.367 s/fit]
  A5-A0 r= 39: Δ(1−BACC)_cv=+0.0179  Δ_in=+0.0210  [1000 fits · 0.366 s/fit]
  A5-A0 r= 40: Δ(1−BACC)_cv=+0.0336  Δ_in=+0.0268  [1025 fits · 0.366 s/fit]
  A5-A0 r= 41: Δ(1−BACC)_cv=+0.0383  Δ_in=+0.0418  [1050 fits · 0.365 s/fit]
  A5-A0 r= 42: Δ(1−BACC)_cv=+0.0449  Δ_in=+0.0320  [1075 fits · 0.365 s/fit]
  A5-A0 r= 43: Δ(1−BACC)_cv=+0.0308  Δ_in=+0.0353  [1100 fits · 0.365 s/fit]
  A5-A0 r= 44: Δ(1−BACC)_cv=+0.0133  Δ_in=+0.0353  [1125 fits · 0.366 s/fit]
  A5-A0 r= 45: Δ(1−BACC)_cv=+0.0063  Δ_in=+0.0240  [1150 fits · 0.365 s/fit]
  A5-A0 r= 46: Δ(1−BACC)_cv=+0.0411  Δ_in=+0.0305  [1175 fits · 0.365 s/fit]
  A5-A0 r= 47: Δ(1−BACC)_cv=+0.0464  Δ_in=+0.0330  [1200 fits · 0.364 s/fit]
  A5-A0 r= 48: Δ(1−BACC)_cv=+0.0469  Δ_in=+0.0300  [1225 fits · 0.363 s/fit]
  A5-A0 r= 49: Δ(1−BACC)_cv=+0.0189  Δ_in=+0.0269  [1250 fits · 0.363 s/fit]
  A5-A0 r= 50: Δ(1−BACC)_cv=-0.0015  Δ_in=+0.0238  [1275 fits · 0.362 s/fit]
  A5-A0 r= 51: Δ(1−BACC)_cv=+0.0183  Δ_in=+0.0414  [1300 fits · 0.362 s/fit]
  A5-A0 r= 52: Δ(1−BACC)_cv=+0.0528  Δ_in=+0.0247  [1325 fits · 0.363 s/fit]
  A5-A0 r= 53: Δ(1−BACC)_cv=+0.0505  Δ_in=+0.0233  [1350 fits · 0.363 s/fit]
  A5-A0 r= 54: Δ(1−BACC)_cv=+0.0194  Δ_in=+0.0354  [1375 fits · 0.363 s/fit]
  A5-A0 r= 55: Δ(1−BACC)_cv=+0.0023  Δ_in=+0.0343  [1400 fits · 0.364 s/fit]
  A5-A0 r= 56: Δ(1−BACC)_cv=+0.0602  Δ_in=+0.0320  [1425 fits · 0.364 s/fit]
  A5-A0 r= 57: Δ(1−BACC)_cv=+0.0214  Δ_in=+0.0355  [1450 fits · 0.363 s/fit]
  A5-A0 r= 58: Δ(1−BACC)_cv=+0.0362  Δ_in=+0.0404  [1475 fits · 0.363 s/fit]
  A5-A0 r= 59: Δ(1−BACC)_cv=+0.0290  Δ_in=+0.0268  [1500 fits · 0.363 s/fit]
  A5-A0 r= 60: Δ(1−BACC)_cv=+0.0261  Δ_in=+0.0225  [1525 fits · 0.363 s/fit]
  A5-A0 r= 61: Δ(1−BACC)_cv=-0.0117  Δ_in=+0.0239  [1550 fits · 0.362 s/fit]
  A5-A0 r= 62: Δ(1−BACC)_cv=+0.0629  Δ_in=+0.0368  [1575 fits · 0.362 s/fit]
  A5-A0 r= 63: Δ(1−BACC)_cv=+0.0250  Δ_in=+0.0317  [1600 fits · 0.361 s/fit]
  A5-A0 r= 64: Δ(1−BACC)_cv=-0.0054  Δ_in=+0.0283  [1625 fits · 0.361 s/fit]
  A5-A0 r= 65: Δ(1−BACC)_cv=+0.0103  Δ_in=+0.0309  [1650 fits · 0.360 s/fit]
  A5-A0 r= 66: Δ(1−BACC)_cv=+0.0082  Δ_in=+0.0301  [1675 fits · 0.360 s/fit]
  A5-A0 r= 67: Δ(1−BACC)_cv=+0.0599  Δ_in=+0.0276  [1700 fits · 0.359 s/fit]
  A5-A0 r= 68: Δ(1−BACC)_cv=+0.0496  Δ_in=+0.0279  [1725 fits · 0.359 s/fit]
  A5-A0 r= 69: Δ(1−BACC)_cv=+0.0194  Δ_in=+0.0342  [1750 fits · 0.359 s/fit]
  A5-A0 r= 70: Δ(1−BACC)_cv=+0.0316  Δ_in=+0.0374  [1775 fits · 0.358 s/fit]
  A5-A0 r= 71: Δ(1−BACC)_cv=+0.0268  Δ_in=+0.0367  [1800 fits · 0.359 s/fit]
  A5-A0 r= 72: Δ(1−BACC)_cv=+0.0238  Δ_in=+0.0169  [1825 fits · 0.358 s/fit]
  A5-A0 r= 73: Δ(1−BACC)_cv=+0.0365  Δ_in=+0.0204  [1850 fits · 0.359 s/fit]
  A5-A0 r= 74: Δ(1−BACC)_cv=+0.0470  Δ_in=+0.0272  [1875 fits · 0.359 s/fit]
  A5-A0 r= 75: Δ(1−BACC)_cv=+0.0108  Δ_in=+0.0213  [1900 fits · 0.358 s/fit]
  A5-A0 r= 76: Δ(1−BACC)_cv=+0.0260  Δ_in=+0.0324  [1925 fits · 0.358 s/fit]
  A5-A0 r= 77: Δ(1−BACC)_cv=+0.0291  Δ_in=+0.0293  [1950 fits · 0.358 s/fit]
  A5-A0 r= 78: Δ(1−BACC)_cv=+0.0210  Δ_in=+0.0393  [1975 fits · 0.358 s/fit]
  A5-A0 r= 79: Δ(1−BACC)_cv=+0.0418  Δ_in=+0.0213  [2000 fits · 0.358 s/fit]
  A5-A0 r= 80: Δ(1−BACC)_cv=+0.0185  Δ_in=+0.0224  [2025 fits · 0.359 s/fit]
  A5-A0 r= 81: Δ(1−BACC)_cv=+0.0504  Δ_in=+0.0160  [2050 fits · 0.359 s/fit]
  A5-A0 r= 82: Δ(1−BACC)_cv=+0.0245  Δ_in=+0.0303  [2075 fits · 0.359 s/fit]
  A5-A0 r= 83: Δ(1−BACC)_cv=+0.0291  Δ_in=+0.0378  [2100 fits · 0.359 s/fit]
  A5-A0 r= 84: Δ(1−BACC)_cv=+0.0431  Δ_in=+0.0276  [2125 fits · 0.358 s/fit]
  A5-A0 r= 85: Δ(1−BACC)_cv=+0.0393  Δ_in=+0.0166  [2150 fits · 0.359 s/fit]
  A5-A0 r= 86: Δ(1−BACC)_cv=+0.0433  Δ_in=+0.0232  [2175 fits · 0.359 s/fit]
  A5-A0 r= 87: Δ(1−BACC)_cv=+0.0452  Δ_in=+0.0299  [2200 fits · 0.359 s/fit]
  A5-A0 r= 88: Δ(1−BACC)_cv=+0.0606  Δ_in=+0.0429  [2225 fits · 0.359 s/fit]
  A5-A0 r= 89: Δ(1−BACC)_cv=+0.0233  Δ_in=+0.0398  [2250 fits · 0.359 s/fit]
  A5-A0 r= 90: Δ(1−BACC)_cv=+0.0381  Δ_in=+0.0247  [2275 fits · 0.358 s/fit]
  A5-A0 r= 91: Δ(1−BACC)_cv=+0.0417  Δ_in=+0.0343  [2300 fits · 0.358 s/fit]
  A5-A0 r= 92: Δ(1−BACC)_cv=+0.0290  Δ_in=+0.0103  [2325 fits · 0.358 s/fit]
  A5-A0 r= 93: Δ(1−BACC)_cv=+0.0330  Δ_in=+0.0385  [2350 fits · 0.358 s/fit]
  A5-A0 r= 94: Δ(1−BACC)_cv=+0.0364  Δ_in=+0.0420  [2375 fits · 0.358 s/fit]
  A5-A0 r= 95: Δ(1−BACC)_cv=+0.0507  Δ_in=+0.0294  [2400 fits · 0.358 s/fit]
  A5-A0 r= 96: Δ(1−BACC)_cv=+0.0326  Δ_in=+0.0327  [2425 fits · 0.359 s/fit]
  A5-A0 r= 97: Δ(1−BACC)_cv=+0.0160  Δ_in=+0.0348  [2450 fits · 0.359 s/fit]
  A5-A0 r= 98: Δ(1−BACC)_cv=+0.0332  Δ_in=+0.0268  [2475 fits · 0.359 s/fit]
  A5-A0 r= 99: Δ(1−BACC)_cv=+0.0073  Δ_in=+0.0284  [2500 fits · 0.358 s/fit]
  → A5: Δ(1−BACC)_cv=+0.0317 (frozen −mean_diff=+0.0368)  ncv_se=0.0230 (unclipped 0.0230; naive_sample 0.0167, naive_fold 0.0184)  nb_se=0.0225  ratio=1.02  MDE80_ncv=0.0643  0.358 s/fit · 15.0 min

=== A5s vs A0 ({'ds': 'oral_diseases', 'kind': 'mixup', 'alpha': 0.1}) · R=100 ===
  A5s-A0 r=  0: Δ(1−BACC)_cv=+0.0232  Δ_in=+0.0215  [25 fits · 0.399 s/fit]
  A5s-A0 r=  1: Δ(1−BACC)_cv=+0.0143  Δ_in=+0.0324  [50 fits · 0.405 s/fit]
  A5s-A0 r=  2: Δ(1−BACC)_cv=+0.0011  Δ_in=+0.0321  [75 fits · 0.390 s/fit]
  A5s-A0 r=  3: Δ(1−BACC)_cv=+0.0089  Δ_in=+0.0393  [100 fits · 0.389 s/fit]
  A5s-A0 r=  4: Δ(1−BACC)_cv=+0.0222  Δ_in=+0.0290  [125 fits · 0.396 s/fit]
  A5s-A0 r=  5: Δ(1−BACC)_cv=+0.0158  Δ_in=+0.0178  [150 fits · 0.392 s/fit]
  A5s-A0 r=  6: Δ(1−BACC)_cv=+0.0193  Δ_in=+0.0259  [175 fits · 0.394 s/fit]
  A5s-A0 r=  7: Δ(1−BACC)_cv=+0.0112  Δ_in=+0.0290  [200 fits · 0.391 s/fit]
  A5s-A0 r=  8: Δ(1−BACC)_cv=+0.0003  Δ_in=+0.0188  [225 fits · 0.393 s/fit]
  A5s-A0 r=  9: Δ(1−BACC)_cv=-0.0066  Δ_in=+0.0227  [250 fits · 0.398 s/fit]
  A5s-A0 r= 10: Δ(1−BACC)_cv=-0.0037  Δ_in=+0.0247  [275 fits · 0.397 s/fit]
  A5s-A0 r= 11: Δ(1−BACC)_cv=-0.0021  Δ_in=+0.0263  [300 fits · 0.394 s/fit]
  A5s-A0 r= 12: Δ(1−BACC)_cv=-0.0054  Δ_in=+0.0203  [325 fits · 0.393 s/fit]
  A5s-A0 r= 13: Δ(1−BACC)_cv=-0.0130  Δ_in=+0.0345  [350 fits · 0.391 s/fit]
  A5s-A0 r= 14: Δ(1−BACC)_cv=-0.0014  Δ_in=+0.0321  [375 fits · 0.386 s/fit]
  A5s-A0 r= 15: Δ(1−BACC)_cv=-0.0125  Δ_in=+0.0381  [400 fits · 0.382 s/fit]
  A5s-A0 r= 16: Δ(1−BACC)_cv=-0.0136  Δ_in=+0.0373  [425 fits · 0.380 s/fit]
  A5s-A0 r= 17: Δ(1−BACC)_cv=-0.0002  Δ_in=+0.0241  [450 fits · 0.381 s/fit]
  A5s-A0 r= 18: Δ(1−BACC)_cv=+0.0057  Δ_in=+0.0327  [475 fits · 0.379 s/fit]
  A5s-A0 r= 19: Δ(1−BACC)_cv=-0.0164  Δ_in=+0.0332  [500 fits · 0.376 s/fit]
  A5s-A0 r= 20: Δ(1−BACC)_cv=+0.0103  Δ_in=+0.0435  [525 fits · 0.374 s/fit]
  A5s-A0 r= 21: Δ(1−BACC)_cv=-0.0291  Δ_in=+0.0394  [550 fits · 0.373 s/fit]
  A5s-A0 r= 22: Δ(1−BACC)_cv=-0.0058  Δ_in=+0.0230  [575 fits · 0.372 s/fit]
  A5s-A0 r= 23: Δ(1−BACC)_cv=-0.0028  Δ_in=+0.0197  [600 fits · 0.371 s/fit]
  A5s-A0 r= 24: Δ(1−BACC)_cv=+0.0158  Δ_in=+0.0284  [625 fits · 0.370 s/fit]
  A5s-A0 r= 25: Δ(1−BACC)_cv=+0.0005  Δ_in=+0.0112  [650 fits · 0.371 s/fit]
  A5s-A0 r= 26: Δ(1−BACC)_cv=+0.0257  Δ_in=+0.0175  [675 fits · 0.373 s/fit]
  A5s-A0 r= 27: Δ(1−BACC)_cv=-0.0229  Δ_in=+0.0158  [700 fits · 0.375 s/fit]
  A5s-A0 r= 28: Δ(1−BACC)_cv=+0.0157  Δ_in=+0.0334  [725 fits · 0.375 s/fit]
  A5s-A0 r= 29: Δ(1−BACC)_cv=-0.0053  Δ_in=+0.0311  [750 fits · 0.374 s/fit]
  A5s-A0 r= 30: Δ(1−BACC)_cv=-0.0024  Δ_in=+0.0348  [775 fits · 0.374 s/fit]
  A5s-A0 r= 31: Δ(1−BACC)_cv=+0.0146  Δ_in=+0.0344  [800 fits · 0.373 s/fit]
  A5s-A0 r= 32: Δ(1−BACC)_cv=+0.0017  Δ_in=+0.0296  [825 fits · 0.372 s/fit]
  A5s-A0 r= 33: Δ(1−BACC)_cv=+0.0115  Δ_in=+0.0208  [850 fits · 0.372 s/fit]
  A5s-A0 r= 34: Δ(1−BACC)_cv=-0.0142  Δ_in=+0.0294  [875 fits · 0.371 s/fit]
  A5s-A0 r= 35: Δ(1−BACC)_cv=-0.0039  Δ_in=+0.0368  [900 fits · 0.372 s/fit]
  A5s-A0 r= 36: Δ(1−BACC)_cv=+0.0148  Δ_in=+0.0267  [925 fits · 0.372 s/fit]
  A5s-A0 r= 37: Δ(1−BACC)_cv=+0.0029  Δ_in=+0.0142  [950 fits · 0.371 s/fit]
  A5s-A0 r= 38: Δ(1−BACC)_cv=-0.0042  Δ_in=+0.0157  [975 fits · 0.371 s/fit]
  A5s-A0 r= 39: Δ(1−BACC)_cv=-0.0304  Δ_in=+0.0288  [1000 fits · 0.372 s/fit]
  A5s-A0 r= 40: Δ(1−BACC)_cv=-0.0015  Δ_in=+0.0204  [1025 fits · 0.372 s/fit]
  A5s-A0 r= 41: Δ(1−BACC)_cv=+0.0182  Δ_in=+0.0318  [1050 fits · 0.372 s/fit]
  A5s-A0 r= 42: Δ(1−BACC)_cv=+0.0306  Δ_in=+0.0294  [1075 fits · 0.371 s/fit]
  A5s-A0 r= 43: Δ(1−BACC)_cv=+0.0314  Δ_in=+0.0363  [1100 fits · 0.371 s/fit]
  A5s-A0 r= 44: Δ(1−BACC)_cv=+0.0034  Δ_in=+0.0214  [1125 fits · 0.373 s/fit]
  A5s-A0 r= 45: Δ(1−BACC)_cv=+0.0068  Δ_in=+0.0183  [1150 fits · 0.374 s/fit]
  A5s-A0 r= 46: Δ(1−BACC)_cv=-0.0027  Δ_in=+0.0260  [1175 fits · 0.375 s/fit]
  A5s-A0 r= 47: Δ(1−BACC)_cv=+0.0222  Δ_in=+0.0212  [1200 fits · 0.374 s/fit]
  A5s-A0 r= 48: Δ(1−BACC)_cv=+0.0028  Δ_in=+0.0264  [1225 fits · 0.373 s/fit]
  A5s-A0 r= 49: Δ(1−BACC)_cv=-0.0111  Δ_in=+0.0281  [1250 fits · 0.373 s/fit]
  A5s-A0 r= 50: Δ(1−BACC)_cv=+0.0082  Δ_in=+0.0277  [1275 fits · 0.373 s/fit]
  A5s-A0 r= 51: Δ(1−BACC)_cv=-0.0183  Δ_in=+0.0346  [1300 fits · 0.373 s/fit]
  A5s-A0 r= 52: Δ(1−BACC)_cv=+0.0142  Δ_in=+0.0355  [1325 fits · 0.372 s/fit]
  A5s-A0 r= 53: Δ(1−BACC)_cv=+0.0287  Δ_in=+0.0260  [1350 fits · 0.372 s/fit]
  A5s-A0 r= 54: Δ(1−BACC)_cv=+0.0181  Δ_in=+0.0425  [1375 fits · 0.372 s/fit]
  A5s-A0 r= 55: Δ(1−BACC)_cv=-0.0181  Δ_in=+0.0259  [1400 fits · 0.372 s/fit]
  A5s-A0 r= 56: Δ(1−BACC)_cv=+0.0233  Δ_in=+0.0274  [1425 fits · 0.372 s/fit]
  A5s-A0 r= 57: Δ(1−BACC)_cv=+0.0290  Δ_in=+0.0321  [1450 fits · 0.372 s/fit]
  A5s-A0 r= 58: Δ(1−BACC)_cv=+0.0249  Δ_in=+0.0371  [1475 fits · 0.372 s/fit]
  A5s-A0 r= 59: Δ(1−BACC)_cv=-0.0078  Δ_in=+0.0208  [1500 fits · 0.371 s/fit]
  A5s-A0 r= 60: Δ(1−BACC)_cv=+0.0075  Δ_in=+0.0213  [1525 fits · 0.371 s/fit]
  A5s-A0 r= 61: Δ(1−BACC)_cv=-0.0295  Δ_in=+0.0243  [1550 fits · 0.371 s/fit]
  A5s-A0 r= 62: Δ(1−BACC)_cv=+0.0345  Δ_in=+0.0278  [1575 fits · 0.370 s/fit]
  A5s-A0 r= 63: Δ(1−BACC)_cv=+0.0051  Δ_in=+0.0208  [1600 fits · 0.370 s/fit]
  A5s-A0 r= 64: Δ(1−BACC)_cv=-0.0386  Δ_in=+0.0156  [1625 fits · 0.369 s/fit]
  A5s-A0 r= 65: Δ(1−BACC)_cv=-0.0086  Δ_in=+0.0276  [1650 fits · 0.369 s/fit]
  A5s-A0 r= 66: Δ(1−BACC)_cv=-0.0139  Δ_in=+0.0256  [1675 fits · 0.368 s/fit]
  A5s-A0 r= 67: Δ(1−BACC)_cv=+0.0245  Δ_in=+0.0438  [1700 fits · 0.369 s/fit]
  A5s-A0 r= 68: Δ(1−BACC)_cv=+0.0048  Δ_in=+0.0381  [1725 fits · 0.370 s/fit]
  A5s-A0 r= 69: Δ(1−BACC)_cv=-0.0163  Δ_in=+0.0248  [1750 fits · 0.370 s/fit]
  A5s-A0 r= 70: Δ(1−BACC)_cv=+0.0109  Δ_in=+0.0357  [1775 fits · 0.370 s/fit]
  A5s-A0 r= 71: Δ(1−BACC)_cv=-0.0033  Δ_in=+0.0222  [1800 fits · 0.371 s/fit]
  A5s-A0 r= 72: Δ(1−BACC)_cv=-0.0091  Δ_in=+0.0248  [1825 fits · 0.371 s/fit]
  A5s-A0 r= 73: Δ(1−BACC)_cv=+0.0214  Δ_in=+0.0142  [1850 fits · 0.371 s/fit]
  A5s-A0 r= 74: Δ(1−BACC)_cv=+0.0206  Δ_in=+0.0324  [1875 fits · 0.372 s/fit]
  A5s-A0 r= 75: Δ(1−BACC)_cv=-0.0111  Δ_in=+0.0362  [1900 fits · 0.373 s/fit]
  A5s-A0 r= 76: Δ(1−BACC)_cv=+0.0107  Δ_in=+0.0265  [1925 fits · 0.374 s/fit]
  A5s-A0 r= 77: Δ(1−BACC)_cv=+0.0036  Δ_in=+0.0193  [1950 fits · 0.374 s/fit]
  A5s-A0 r= 78: Δ(1−BACC)_cv=-0.0075  Δ_in=+0.0384  [1975 fits · 0.374 s/fit]
  A5s-A0 r= 79: Δ(1−BACC)_cv=+0.0111  Δ_in=+0.0250  [2000 fits · 0.373 s/fit]
  A5s-A0 r= 80: Δ(1−BACC)_cv=+0.0022  Δ_in=+0.0066  [2025 fits · 0.373 s/fit]
  A5s-A0 r= 81: Δ(1−BACC)_cv=+0.0292  Δ_in=+0.0148  [2050 fits · 0.372 s/fit]
  A5s-A0 r= 82: Δ(1−BACC)_cv=-0.0027  Δ_in=+0.0196  [2075 fits · 0.372 s/fit]
  A5s-A0 r= 83: Δ(1−BACC)_cv=-0.0218  Δ_in=+0.0257  [2100 fits · 0.372 s/fit]
  A5s-A0 r= 84: Δ(1−BACC)_cv=+0.0176  Δ_in=+0.0194  [2125 fits · 0.372 s/fit]
  A5s-A0 r= 85: Δ(1−BACC)_cv=+0.0121  Δ_in=+0.0103  [2150 fits · 0.372 s/fit]
  A5s-A0 r= 86: Δ(1−BACC)_cv=+0.0144  Δ_in=+0.0223  [2175 fits · 0.371 s/fit]
  A5s-A0 r= 87: Δ(1−BACC)_cv=+0.0175  Δ_in=+0.0256  [2200 fits · 0.371 s/fit]
  A5s-A0 r= 88: Δ(1−BACC)_cv=+0.0102  Δ_in=+0.0477  [2225 fits · 0.371 s/fit]
  A5s-A0 r= 89: Δ(1−BACC)_cv=-0.0152  Δ_in=+0.0408  [2250 fits · 0.371 s/fit]
  A5s-A0 r= 90: Δ(1−BACC)_cv=+0.0242  Δ_in=+0.0234  [2275 fits · 0.371 s/fit]
  A5s-A0 r= 91: Δ(1−BACC)_cv=+0.0054  Δ_in=+0.0437  [2300 fits · 0.371 s/fit]
  A5s-A0 r= 92: Δ(1−BACC)_cv=+0.0076  Δ_in=+0.0158  [2325 fits · 0.372 s/fit]
  A5s-A0 r= 93: Δ(1−BACC)_cv=+0.0046  Δ_in=+0.0252  [2350 fits · 0.371 s/fit]
  A5s-A0 r= 94: Δ(1−BACC)_cv=+0.0142  Δ_in=+0.0456  [2375 fits · 0.371 s/fit]
  A5s-A0 r= 95: Δ(1−BACC)_cv=+0.0258  Δ_in=+0.0330  [2400 fits · 0.371 s/fit]
  A5s-A0 r= 96: Δ(1−BACC)_cv=+0.0059  Δ_in=+0.0210  [2425 fits · 0.371 s/fit]
  A5s-A0 r= 97: Δ(1−BACC)_cv=-0.0029  Δ_in=+0.0389  [2450 fits · 0.371 s/fit]
  A5s-A0 r= 98: Δ(1−BACC)_cv=+0.0148  Δ_in=+0.0235  [2475 fits · 0.371 s/fit]
  A5s-A0 r= 99: Δ(1−BACC)_cv=-0.0090  Δ_in=+0.0360  [2500 fits · 0.370 s/fit]
  → A5s: Δ(1−BACC)_cv=+0.0041 (frozen −mean_diff=+0.0056)  ncv_se=0.0309 (unclipped 0.0309; naive_sample 0.0149, naive_fold 0.0154)  nb_se=0.0189  ratio=1.63  MDE80_ncv=0.0866  0.370 s/fit · 15.5 min

=== B5 vs B0 ({'ds': 'aptos2019', 'kind': 'mixup', 'alpha': 0.2}) · R=100 ===
  B5-B0 r=  0: Δ(1−BACC)_cv=+0.0080  Δ_in=-0.0044  [25 fits · 0.367 s/fit]
  B5-B0 r=  1: Δ(1−BACC)_cv=+0.0046  Δ_in=-0.0042  [50 fits · 0.369 s/fit]
  B5-B0 r=  2: Δ(1−BACC)_cv=+0.0092  Δ_in=-0.0098  [75 fits · 0.368 s/fit]
  B5-B0 r=  3: Δ(1−BACC)_cv=+0.0033  Δ_in=-0.0093  [100 fits · 0.380 s/fit]
  B5-B0 r=  4: Δ(1−BACC)_cv=-0.0023  Δ_in=-0.0031  [125 fits · 0.389 s/fit]
  B5-B0 r=  5: Δ(1−BACC)_cv=+0.0082  Δ_in=-0.0076  [150 fits · 0.390 s/fit]
  B5-B0 r=  6: Δ(1−BACC)_cv=+0.0087  Δ_in=-0.0024  [175 fits · 0.386 s/fit]
  B5-B0 r=  7: Δ(1−BACC)_cv=+0.0123  Δ_in=-0.0091  [200 fits · 0.384 s/fit]
  B5-B0 r=  8: Δ(1−BACC)_cv=-0.0036  Δ_in=-0.0056  [225 fits · 0.381 s/fit]
  B5-B0 r=  9: Δ(1−BACC)_cv=+0.0128  Δ_in=-0.0085  [250 fits · 0.379 s/fit]
  B5-B0 r= 10: Δ(1−BACC)_cv=+0.0004  Δ_in=-0.0048  [275 fits · 0.377 s/fit]
  B5-B0 r= 11: Δ(1−BACC)_cv=-0.0135  Δ_in=-0.0082  [300 fits · 0.375 s/fit]
  B5-B0 r= 12: Δ(1−BACC)_cv=+0.0063  Δ_in=-0.0064  [325 fits · 0.374 s/fit]
  B5-B0 r= 13: Δ(1−BACC)_cv=+0.0004  Δ_in=-0.0044  [350 fits · 0.373 s/fit]
  B5-B0 r= 14: Δ(1−BACC)_cv=+0.0118  Δ_in=-0.0009  [375 fits · 0.373 s/fit]
  B5-B0 r= 15: Δ(1−BACC)_cv=+0.0003  Δ_in=-0.0071  [400 fits · 0.376 s/fit]
  B5-B0 r= 16: Δ(1−BACC)_cv=+0.0099  Δ_in=-0.0070  [425 fits · 0.380 s/fit]
  B5-B0 r= 17: Δ(1−BACC)_cv=+0.0089  Δ_in=-0.0056  [450 fits · 0.381 s/fit]
  B5-B0 r= 18: Δ(1−BACC)_cv=+0.0048  Δ_in=-0.0105  [475 fits · 0.380 s/fit]
  B5-B0 r= 19: Δ(1−BACC)_cv=+0.0089  Δ_in=-0.0021  [500 fits · 0.378 s/fit]
  B5-B0 r= 20: Δ(1−BACC)_cv=+0.0041  Δ_in=-0.0048  [525 fits · 0.378 s/fit]
  B5-B0 r= 21: Δ(1−BACC)_cv=-0.0030  Δ_in=-0.0030  [550 fits · 0.378 s/fit]
  B5-B0 r= 22: Δ(1−BACC)_cv=+0.0076  Δ_in=-0.0068  [575 fits · 0.377 s/fit]
  B5-B0 r= 23: Δ(1−BACC)_cv=-0.0033  Δ_in=-0.0090  [600 fits · 0.376 s/fit]
  B5-B0 r= 24: Δ(1−BACC)_cv=+0.0084  Δ_in=-0.0045  [625 fits · 0.376 s/fit]
  B5-B0 r= 25: Δ(1−BACC)_cv=+0.0009  Δ_in=-0.0063  [650 fits · 0.375 s/fit]
  B5-B0 r= 26: Δ(1−BACC)_cv=+0.0108  Δ_in=-0.0022  [675 fits · 0.375 s/fit]
  B5-B0 r= 27: Δ(1−BACC)_cv=-0.0005  Δ_in=-0.0019  [700 fits · 0.374 s/fit]
  B5-B0 r= 28: Δ(1−BACC)_cv=+0.0033  Δ_in=-0.0083  [725 fits · 0.374 s/fit]
  B5-B0 r= 29: Δ(1−BACC)_cv=+0.0120  Δ_in=-0.0038  [750 fits · 0.374 s/fit]
  B5-B0 r= 30: Δ(1−BACC)_cv=-0.0023  Δ_in=-0.0000  [775 fits · 0.374 s/fit]
  B5-B0 r= 31: Δ(1−BACC)_cv=+0.0007  Δ_in=-0.0030  [800 fits · 0.374 s/fit]
  B5-B0 r= 32: Δ(1−BACC)_cv=-0.0037  Δ_in=-0.0014  [825 fits · 0.376 s/fit]
  B5-B0 r= 33: Δ(1−BACC)_cv=+0.0003  Δ_in=-0.0058  [850 fits · 0.375 s/fit]
  B5-B0 r= 34: Δ(1−BACC)_cv=+0.0088  Δ_in=+0.0017  [875 fits · 0.377 s/fit]
  B5-B0 r= 35: Δ(1−BACC)_cv=+0.0011  Δ_in=-0.0033  [900 fits · 0.378 s/fit]
  B5-B0 r= 36: Δ(1−BACC)_cv=+0.0021  Δ_in=-0.0002  [925 fits · 0.380 s/fit]
  B5-B0 r= 37: Δ(1−BACC)_cv=+0.0034  Δ_in=-0.0049  [950 fits · 0.382 s/fit]
  B5-B0 r= 38: Δ(1−BACC)_cv=-0.0044  Δ_in=-0.0071  [975 fits · 0.382 s/fit]
  B5-B0 r= 39: Δ(1−BACC)_cv=+0.0163  Δ_in=-0.0020  [1000 fits · 0.381 s/fit]
  B5-B0 r= 40: Δ(1−BACC)_cv=-0.0009  Δ_in=-0.0069  [1025 fits · 0.381 s/fit]
  B5-B0 r= 41: Δ(1−BACC)_cv=+0.0097  Δ_in=+0.0022  [1050 fits · 0.380 s/fit]
  B5-B0 r= 42: Δ(1−BACC)_cv=+0.0001  Δ_in=-0.0063  [1075 fits · 0.381 s/fit]
  B5-B0 r= 43: Δ(1−BACC)_cv=+0.0045  Δ_in=-0.0041  [1100 fits · 0.380 s/fit]
  B5-B0 r= 44: Δ(1−BACC)_cv=+0.0053  Δ_in=-0.0061  [1125 fits · 0.379 s/fit]
  B5-B0 r= 45: Δ(1−BACC)_cv=-0.0051  Δ_in=-0.0033  [1150 fits · 0.379 s/fit]
  B5-B0 r= 46: Δ(1−BACC)_cv=+0.0024  Δ_in=-0.0054  [1175 fits · 0.379 s/fit]
  B5-B0 r= 47: Δ(1−BACC)_cv=+0.0096  Δ_in=-0.0036  [1200 fits · 0.380 s/fit]
  B5-B0 r= 48: Δ(1−BACC)_cv=+0.0026  Δ_in=-0.0010  [1225 fits · 0.381 s/fit]
  B5-B0 r= 49: Δ(1−BACC)_cv=+0.0105  Δ_in=-0.0046  [1250 fits · 0.381 s/fit]
  B5-B0 r= 50: Δ(1−BACC)_cv=+0.0043  Δ_in=-0.0066  [1275 fits · 0.381 s/fit]
  B5-B0 r= 51: Δ(1−BACC)_cv=-0.0069  Δ_in=-0.0029  [1300 fits · 0.380 s/fit]
  B5-B0 r= 52: Δ(1−BACC)_cv=+0.0049  Δ_in=-0.0086  [1325 fits · 0.380 s/fit]
  B5-B0 r= 53: Δ(1−BACC)_cv=+0.0032  Δ_in=-0.0021  [1350 fits · 0.379 s/fit]
  B5-B0 r= 54: Δ(1−BACC)_cv=+0.0047  Δ_in=-0.0024  [1375 fits · 0.379 s/fit]
  B5-B0 r= 55: Δ(1−BACC)_cv=+0.0071  Δ_in=-0.0037  [1400 fits · 0.379 s/fit]
  B5-B0 r= 56: Δ(1−BACC)_cv=+0.0039  Δ_in=-0.0087  [1425 fits · 0.379 s/fit]
  B5-B0 r= 57: Δ(1−BACC)_cv=+0.0088  Δ_in=-0.0056  [1450 fits · 0.381 s/fit]
  B5-B0 r= 58: Δ(1−BACC)_cv=+0.0109  Δ_in=-0.0153  [1475 fits · 0.382 s/fit]
  B5-B0 r= 59: Δ(1−BACC)_cv=-0.0129  Δ_in=-0.0049  [1500 fits · 0.384 s/fit]
  B5-B0 r= 60: Δ(1−BACC)_cv=+0.0086  Δ_in=-0.0034  [1525 fits · 0.385 s/fit]
  B5-B0 r= 61: Δ(1−BACC)_cv=+0.0123  Δ_in=-0.0116  [1550 fits · 0.387 s/fit]
  B5-B0 r= 62: Δ(1−BACC)_cv=+0.0080  Δ_in=-0.0030  [1575 fits · 0.388 s/fit]
  B5-B0 r= 63: Δ(1−BACC)_cv=-0.0036  Δ_in=-0.0070  [1600 fits · 0.389 s/fit]
  B5-B0 r= 64: Δ(1−BACC)_cv=-0.0005  Δ_in=-0.0022  [1625 fits · 0.389 s/fit]
  B5-B0 r= 65: Δ(1−BACC)_cv=+0.0055  Δ_in=-0.0028  [1650 fits · 0.389 s/fit]
  B5-B0 r= 66: Δ(1−BACC)_cv=-0.0173  Δ_in=+0.0002  [1675 fits · 0.389 s/fit]
  B5-B0 r= 67: Δ(1−BACC)_cv=+0.0056  Δ_in=-0.0064  [1700 fits · 0.388 s/fit]
  B5-B0 r= 68: Δ(1−BACC)_cv=+0.0013  Δ_in=-0.0075  [1725 fits · 0.388 s/fit]
  B5-B0 r= 69: Δ(1−BACC)_cv=+0.0051  Δ_in=-0.0097  [1750 fits · 0.389 s/fit]
  B5-B0 r= 70: Δ(1−BACC)_cv=+0.0113  Δ_in=-0.0075  [1775 fits · 0.390 s/fit]
  B5-B0 r= 71: Δ(1−BACC)_cv=+0.0119  Δ_in=-0.0070  [1800 fits · 0.390 s/fit]
  B5-B0 r= 72: Δ(1−BACC)_cv=+0.0071  Δ_in=-0.0038  [1825 fits · 0.390 s/fit]
  B5-B0 r= 73: Δ(1−BACC)_cv=+0.0024  Δ_in=-0.0010  [1850 fits · 0.391 s/fit]
  B5-B0 r= 74: Δ(1−BACC)_cv=+0.0081  Δ_in=-0.0025  [1875 fits · 0.392 s/fit]
  B5-B0 r= 75: Δ(1−BACC)_cv=-0.0024  Δ_in=-0.0067  [1900 fits · 0.393 s/fit]
  B5-B0 r= 76: Δ(1−BACC)_cv=-0.0076  Δ_in=-0.0063  [1925 fits · 0.394 s/fit]
  B5-B0 r= 77: Δ(1−BACC)_cv=+0.0095  Δ_in=-0.0049  [1950 fits · 0.394 s/fit]
  B5-B0 r= 78: Δ(1−BACC)_cv=+0.0046  Δ_in=-0.0018  [1975 fits · 0.394 s/fit]
  B5-B0 r= 79: Δ(1−BACC)_cv=-0.0025  Δ_in=-0.0059  [2000 fits · 0.393 s/fit]
  B5-B0 r= 80: Δ(1−BACC)_cv=-0.0063  Δ_in=-0.0011  [2025 fits · 0.393 s/fit]
  B5-B0 r= 81: Δ(1−BACC)_cv=+0.0105  Δ_in=-0.0068  [2050 fits · 0.393 s/fit]
  B5-B0 r= 82: Δ(1−BACC)_cv=+0.0044  Δ_in=-0.0044  [2075 fits · 0.393 s/fit]
  B5-B0 r= 83: Δ(1−BACC)_cv=-0.0059  Δ_in=-0.0010  [2100 fits · 0.394 s/fit]
  B5-B0 r= 84: Δ(1−BACC)_cv=+0.0061  Δ_in=-0.0055  [2125 fits · 0.395 s/fit]
  B5-B0 r= 85: Δ(1−BACC)_cv=+0.0072  Δ_in=-0.0043  [2150 fits · 0.395 s/fit]
  B5-B0 r= 86: Δ(1−BACC)_cv=+0.0002  Δ_in=-0.0003  [2175 fits · 0.394 s/fit]
  B5-B0 r= 87: Δ(1−BACC)_cv=-0.0098  Δ_in=-0.0041  [2200 fits · 0.394 s/fit]
  B5-B0 r= 88: Δ(1−BACC)_cv=+0.0072  Δ_in=-0.0133  [2225 fits · 0.394 s/fit]
  B5-B0 r= 89: Δ(1−BACC)_cv=+0.0145  Δ_in=-0.0018  [2250 fits · 0.393 s/fit]
  B5-B0 r= 90: Δ(1−BACC)_cv=+0.0008  Δ_in=-0.0042  [2275 fits · 0.394 s/fit]
  B5-B0 r= 91: Δ(1−BACC)_cv=+0.0056  Δ_in=-0.0065  [2300 fits · 0.394 s/fit]
  B5-B0 r= 92: Δ(1−BACC)_cv=+0.0065  Δ_in=-0.0046  [2325 fits · 0.394 s/fit]
  B5-B0 r= 93: Δ(1−BACC)_cv=+0.0106  Δ_in=-0.0023  [2350 fits · 0.393 s/fit]
  B5-B0 r= 94: Δ(1−BACC)_cv=+0.0021  Δ_in=-0.0038  [2375 fits · 0.393 s/fit]
  B5-B0 r= 95: Δ(1−BACC)_cv=+0.0003  Δ_in=+0.0010  [2400 fits · 0.393 s/fit]
  B5-B0 r= 96: Δ(1−BACC)_cv=-0.0026  Δ_in=-0.0088  [2425 fits · 0.393 s/fit]
  B5-B0 r= 97: Δ(1−BACC)_cv=+0.0034  Δ_in=-0.0042  [2450 fits · 0.392 s/fit]
  B5-B0 r= 98: Δ(1−BACC)_cv=-0.0033  Δ_in=-0.0066  [2475 fits · 0.393 s/fit]
  B5-B0 r= 99: Δ(1−BACC)_cv=+0.0082  Δ_in=-0.0047  [2500 fits · 0.393 s/fit]
  → B5: Δ(1−BACC)_cv=+0.0036 (frozen −mean_diff=+0.0017)  ncv_se=0.0165 (unclipped 0.0172; naive_sample 0.0074, naive_fold 0.0098)  nb_se=0.0112  ratio=1.47  MDE80_ncv=0.0463  0.393 s/fit · 16.5 min

=== B5s vs B0 ({'ds': 'aptos2019', 'kind': 'mixup', 'alpha': 0.1}) · R=100 ===
  B5s-B0 r=  0: Δ(1−BACC)_cv=+0.0041  Δ_in=-0.0012  [25 fits · 0.374 s/fit]
  B5s-B0 r=  1: Δ(1−BACC)_cv=+0.0022  Δ_in=+0.0010  [50 fits · 0.364 s/fit]
  B5s-B0 r=  2: Δ(1−BACC)_cv=-0.0026  Δ_in=+0.0022  [75 fits · 0.361 s/fit]
  B5s-B0 r=  3: Δ(1−BACC)_cv=-0.0009  Δ_in=-0.0029  [100 fits · 0.370 s/fit]
  B5s-B0 r=  4: Δ(1−BACC)_cv=-0.0087  Δ_in=+0.0025  [125 fits · 0.376 s/fit]
  B5s-B0 r=  5: Δ(1−BACC)_cv=-0.0100  Δ_in=-0.0011  [150 fits · 0.369 s/fit]
  B5s-B0 r=  6: Δ(1−BACC)_cv=-0.0015  Δ_in=+0.0002  [175 fits · 0.368 s/fit]
  B5s-B0 r=  7: Δ(1−BACC)_cv=-0.0011  Δ_in=-0.0008  [200 fits · 0.366 s/fit]
  B5s-B0 r=  8: Δ(1−BACC)_cv=-0.0065  Δ_in=-0.0027  [225 fits · 0.366 s/fit]
  B5s-B0 r=  9: Δ(1−BACC)_cv=+0.0010  Δ_in=-0.0015  [250 fits · 0.365 s/fit]
  B5s-B0 r= 10: Δ(1−BACC)_cv=+0.0018  Δ_in=+0.0031  [275 fits · 0.366 s/fit]
  B5s-B0 r= 11: Δ(1−BACC)_cv=-0.0126  Δ_in=+0.0026  [300 fits · 0.367 s/fit]
  B5s-B0 r= 12: Δ(1−BACC)_cv=-0.0003  Δ_in=+0.0037  [325 fits · 0.366 s/fit]
  B5s-B0 r= 13: Δ(1−BACC)_cv=-0.0045  Δ_in=+0.0043  [350 fits · 0.366 s/fit]
  B5s-B0 r= 14: Δ(1−BACC)_cv=+0.0036  Δ_in=+0.0034  [375 fits · 0.366 s/fit]
  B5s-B0 r= 15: Δ(1−BACC)_cv=+0.0022  Δ_in=+0.0013  [400 fits · 0.365 s/fit]
  B5s-B0 r= 16: Δ(1−BACC)_cv=+0.0045  Δ_in=+0.0020  [425 fits · 0.365 s/fit]
  B5s-B0 r= 17: Δ(1−BACC)_cv=-0.0073  Δ_in=+0.0059  [450 fits · 0.365 s/fit]
  B5s-B0 r= 18: Δ(1−BACC)_cv=+0.0014  Δ_in=-0.0007  [475 fits · 0.364 s/fit]
  B5s-B0 r= 19: Δ(1−BACC)_cv=-0.0023  Δ_in=+0.0045  [500 fits · 0.363 s/fit]
  B5s-B0 r= 20: Δ(1−BACC)_cv=+0.0048  Δ_in=+0.0013  [525 fits · 0.364 s/fit]
  B5s-B0 r= 21: Δ(1−BACC)_cv=+0.0010  Δ_in=+0.0021  [550 fits · 0.364 s/fit]
  B5s-B0 r= 22: Δ(1−BACC)_cv=-0.0005  Δ_in=-0.0033  [575 fits · 0.365 s/fit]
  B5s-B0 r= 23: Δ(1−BACC)_cv=-0.0048  Δ_in=-0.0014  [600 fits · 0.366 s/fit]
  B5s-B0 r= 24: Δ(1−BACC)_cv=+0.0042  Δ_in=+0.0058  [625 fits · 0.368 s/fit]
  B5s-B0 r= 25: Δ(1−BACC)_cv=+0.0059  Δ_in=+0.0006  [650 fits · 0.371 s/fit]
  B5s-B0 r= 26: Δ(1−BACC)_cv=+0.0011  Δ_in=+0.0001  [675 fits · 0.372 s/fit]
  B5s-B0 r= 27: Δ(1−BACC)_cv=-0.0074  Δ_in=+0.0057  [700 fits · 0.375 s/fit]
  B5s-B0 r= 28: Δ(1−BACC)_cv=-0.0083  Δ_in=-0.0013  [725 fits · 0.377 s/fit]
  B5s-B0 r= 29: Δ(1−BACC)_cv=+0.0080  Δ_in=+0.0045  [750 fits · 0.379 s/fit]
  B5s-B0 r= 30: Δ(1−BACC)_cv=-0.0055  Δ_in=+0.0010  [775 fits · 0.380 s/fit]
  B5s-B0 r= 31: Δ(1−BACC)_cv=+0.0053  Δ_in=-0.0004  [800 fits · 0.382 s/fit]
  B5s-B0 r= 32: Δ(1−BACC)_cv=-0.0042  Δ_in=-0.0007  [825 fits · 0.383 s/fit]
  B5s-B0 r= 33: Δ(1−BACC)_cv=-0.0006  Δ_in=+0.0013  [850 fits · 0.385 s/fit]
  B5s-B0 r= 34: Δ(1−BACC)_cv=+0.0063  Δ_in=-0.0001  [875 fits · 0.387 s/fit]
  B5s-B0 r= 35: Δ(1−BACC)_cv=-0.0120  Δ_in=+0.0002  [900 fits · 0.388 s/fit]
  B5s-B0 r= 36: Δ(1−BACC)_cv=+0.0058  Δ_in=-0.0036  [925 fits · 0.388 s/fit]
  B5s-B0 r= 37: Δ(1−BACC)_cv=+0.0040  Δ_in=+0.0032  [950 fits · 0.388 s/fit]
  B5s-B0 r= 38: Δ(1−BACC)_cv=-0.0086  Δ_in=-0.0060  [975 fits · 0.388 s/fit]
  B5s-B0 r= 39: Δ(1−BACC)_cv=+0.0169  Δ_in=+0.0038  [1000 fits · 0.388 s/fit]
  B5s-B0 r= 40: Δ(1−BACC)_cv=-0.0036  Δ_in=+0.0023  [1025 fits · 0.388 s/fit]
  B5s-B0 r= 41: Δ(1−BACC)_cv=+0.0051  Δ_in=+0.0030  [1050 fits · 0.387 s/fit]
  B5s-B0 r= 42: Δ(1−BACC)_cv=+0.0062  Δ_in=+0.0011  [1075 fits · 0.386 s/fit]
  B5s-B0 r= 43: Δ(1−BACC)_cv=+0.0030  Δ_in=+0.0002  [1100 fits · 0.386 s/fit]
  B5s-B0 r= 44: Δ(1−BACC)_cv=-0.0013  Δ_in=-0.0036  [1125 fits · 0.385 s/fit]
  B5s-B0 r= 45: Δ(1−BACC)_cv=-0.0103  Δ_in=+0.0010  [1150 fits · 0.384 s/fit]
  B5s-B0 r= 46: Δ(1−BACC)_cv=-0.0008  Δ_in=-0.0001  [1175 fits · 0.384 s/fit]
  B5s-B0 r= 47: Δ(1−BACC)_cv=+0.0022  Δ_in=-0.0005  [1200 fits · 0.383 s/fit]
  B5s-B0 r= 48: Δ(1−BACC)_cv=+0.0030  Δ_in=+0.0018  [1225 fits · 0.384 s/fit]
  B5s-B0 r= 49: Δ(1−BACC)_cv=-0.0023  Δ_in=+0.0035  [1250 fits · 0.384 s/fit]
  B5s-B0 r= 50: Δ(1−BACC)_cv=+0.0031  Δ_in=-0.0010  [1275 fits · 0.383 s/fit]
  B5s-B0 r= 51: Δ(1−BACC)_cv=-0.0034  Δ_in=+0.0011  [1300 fits · 0.384 s/fit]
  B5s-B0 r= 52: Δ(1−BACC)_cv=-0.0022  Δ_in=-0.0015  [1325 fits · 0.384 s/fit]
  B5s-B0 r= 53: Δ(1−BACC)_cv=-0.0030  Δ_in=+0.0013  [1350 fits · 0.385 s/fit]
  B5s-B0 r= 54: Δ(1−BACC)_cv=-0.0037  Δ_in=-0.0010  [1375 fits · 0.384 s/fit]
  B5s-B0 r= 55: Δ(1−BACC)_cv=+0.0084  Δ_in=+0.0020  [1400 fits · 0.384 s/fit]
  B5s-B0 r= 56: Δ(1−BACC)_cv=+0.0020  Δ_in=-0.0023  [1425 fits · 0.383 s/fit]
  B5s-B0 r= 57: Δ(1−BACC)_cv=+0.0046  Δ_in=+0.0034  [1450 fits · 0.383 s/fit]
  B5s-B0 r= 58: Δ(1−BACC)_cv=+0.0073  Δ_in=-0.0026  [1475 fits · 0.383 s/fit]
  B5s-B0 r= 59: Δ(1−BACC)_cv=-0.0085  Δ_in=+0.0037  [1500 fits · 0.383 s/fit]
  B5s-B0 r= 60: Δ(1−BACC)_cv=+0.0071  Δ_in=+0.0026  [1525 fits · 0.383 s/fit]
  B5s-B0 r= 61: Δ(1−BACC)_cv=+0.0043  Δ_in=+0.0016  [1550 fits · 0.382 s/fit]
  B5s-B0 r= 62: Δ(1−BACC)_cv=+0.0055  Δ_in=+0.0017  [1575 fits · 0.382 s/fit]
  B5s-B0 r= 63: Δ(1−BACC)_cv=-0.0046  Δ_in=-0.0002  [1600 fits · 0.381 s/fit]
  B5s-B0 r= 64: Δ(1−BACC)_cv=-0.0052  Δ_in=+0.0032  [1625 fits · 0.381 s/fit]
  B5s-B0 r= 65: Δ(1−BACC)_cv=+0.0028  Δ_in=+0.0008  [1650 fits · 0.381 s/fit]
  B5s-B0 r= 66: Δ(1−BACC)_cv=-0.0188  Δ_in=+0.0010  [1675 fits · 0.381 s/fit]
  B5s-B0 r= 67: Δ(1−BACC)_cv=+0.0083  Δ_in=-0.0034  [1700 fits · 0.381 s/fit]
  B5s-B0 r= 68: Δ(1−BACC)_cv=-0.0029  Δ_in=+0.0012  [1725 fits · 0.381 s/fit]
  B5s-B0 r= 69: Δ(1−BACC)_cv=+0.0002  Δ_in=-0.0018  [1750 fits · 0.381 s/fit]
  B5s-B0 r= 70: Δ(1−BACC)_cv=+0.0072  Δ_in=-0.0018  [1775 fits · 0.381 s/fit]
  B5s-B0 r= 71: Δ(1−BACC)_cv=+0.0083  Δ_in=+0.0051  [1800 fits · 0.381 s/fit]
  B5s-B0 r= 72: Δ(1−BACC)_cv=+0.0012  Δ_in=+0.0010  [1825 fits · 0.381 s/fit]
  B5s-B0 r= 73: Δ(1−BACC)_cv=-0.0048  Δ_in=-0.0010  [1850 fits · 0.381 s/fit]
  B5s-B0 r= 74: Δ(1−BACC)_cv=-0.0007  Δ_in=+0.0044  [1875 fits · 0.382 s/fit]
  B5s-B0 r= 75: Δ(1−BACC)_cv=-0.0013  Δ_in=+0.0026  [1900 fits · 0.383 s/fit]
  B5s-B0 r= 76: Δ(1−BACC)_cv=+0.0004  Δ_in=-0.0003  [1925 fits · 0.383 s/fit]
  B5s-B0 r= 77: Δ(1−BACC)_cv=+0.0064  Δ_in=+0.0031  [1950 fits · 0.384 s/fit]
  B5s-B0 r= 78: Δ(1−BACC)_cv=-0.0042  Δ_in=+0.0033  [1975 fits · 0.383 s/fit]
  B5s-B0 r= 79: Δ(1−BACC)_cv=-0.0064  Δ_in=+0.0027  [2000 fits · 0.383 s/fit]
  B5s-B0 r= 80: Δ(1−BACC)_cv=-0.0052  Δ_in=-0.0000  [2025 fits · 0.383 s/fit]
  B5s-B0 r= 81: Δ(1−BACC)_cv=-0.0062  Δ_in=-0.0011  [2050 fits · 0.383 s/fit]
  B5s-B0 r= 82: Δ(1−BACC)_cv=+0.0012  Δ_in=+0.0066  [2075 fits · 0.382 s/fit]
  B5s-B0 r= 83: Δ(1−BACC)_cv=-0.0138  Δ_in=+0.0035  [2100 fits · 0.382 s/fit]
  B5s-B0 r= 84: Δ(1−BACC)_cv=+0.0031  Δ_in=-0.0022  [2125 fits · 0.381 s/fit]
  B5s-B0 r= 85: Δ(1−BACC)_cv=-0.0085  Δ_in=+0.0025  [2150 fits · 0.381 s/fit]
  B5s-B0 r= 86: Δ(1−BACC)_cv=+0.0002  Δ_in=+0.0014  [2175 fits · 0.380 s/fit]
  B5s-B0 r= 87: Δ(1−BACC)_cv=-0.0101  Δ_in=+0.0014  [2200 fits · 0.380 s/fit]
  B5s-B0 r= 88: Δ(1−BACC)_cv=-0.0048  Δ_in=-0.0035  [2225 fits · 0.380 s/fit]
  B5s-B0 r= 89: Δ(1−BACC)_cv=+0.0082  Δ_in=-0.0010  [2250 fits · 0.380 s/fit]
  B5s-B0 r= 90: Δ(1−BACC)_cv=-0.0050  Δ_in=-0.0029  [2275 fits · 0.380 s/fit]
  B5s-B0 r= 91: Δ(1−BACC)_cv=-0.0018  Δ_in=+0.0074  [2300 fits · 0.380 s/fit]
  B5s-B0 r= 92: Δ(1−BACC)_cv=+0.0023  Δ_in=-0.0020  [2325 fits · 0.380 s/fit]
  B5s-B0 r= 93: Δ(1−BACC)_cv=-0.0002  Δ_in=+0.0047  [2350 fits · 0.380 s/fit]
  B5s-B0 r= 94: Δ(1−BACC)_cv=+0.0007  Δ_in=+0.0005  [2375 fits · 0.380 s/fit]
  B5s-B0 r= 95: Δ(1−BACC)_cv=-0.0032  Δ_in=+0.0015  [2400 fits · 0.380 s/fit]
  B5s-B0 r= 96: Δ(1−BACC)_cv=+0.0047  Δ_in=-0.0002  [2425 fits · 0.380 s/fit]
  B5s-B0 r= 97: Δ(1−BACC)_cv=+0.0033  Δ_in=-0.0004  [2450 fits · 0.379 s/fit]
  B5s-B0 r= 98: Δ(1−BACC)_cv=-0.0055  Δ_in=+0.0027  [2475 fits · 0.379 s/fit]
  B5s-B0 r= 99: Δ(1−BACC)_cv=+0.0010  Δ_in=+0.0047  [2500 fits · 0.379 s/fit]
  → B5s: Δ(1−BACC)_cv=-0.0006 (frozen −mean_diff=-0.0006)  ncv_se=0.0083 (unclipped 0.0083; naive_sample 0.0067, naive_fold 0.0073)  nb_se=0.0087  ratio=0.96  MDE80_ncv=0.0233  0.379 s/fit · 15.9 min

=== A2d vs A0d ({'ds': 'oral_diseases', 'kind': 'd2', 'lever': 'rebalance', 'loss': 'ce'}) · R=100 ===
  A2d-A0d r=  0: Δ(1−BACC)_cv=+0.0052  Δ_in=+0.0013  [50 fits · 0.162 s/fit]
  A2d-A0d r=  1: Δ(1−BACC)_cv=-0.0021  Δ_in=-0.0015  [100 fits · 0.166 s/fit]
  A2d-A0d r=  2: Δ(1−BACC)_cv=+0.0033  Δ_in=+0.0021  [150 fits · 0.166 s/fit]
  A2d-A0d r=  3: Δ(1−BACC)_cv=-0.0073  Δ_in=-0.0045  [200 fits · 0.162 s/fit]
  A2d-A0d r=  4: Δ(1−BACC)_cv=-0.0079  Δ_in=-0.0026  [250 fits · 0.163 s/fit]
  A2d-A0d r=  5: Δ(1−BACC)_cv=-0.0101  Δ_in=+0.0009  [300 fits · 0.164 s/fit]
  A2d-A0d r=  6: Δ(1−BACC)_cv=+0.0020  Δ_in=-0.0005  [350 fits · 0.164 s/fit]
  A2d-A0d r=  7: Δ(1−BACC)_cv=+0.0024  Δ_in=+0.0003  [400 fits · 0.163 s/fit]
  A2d-A0d r=  8: Δ(1−BACC)_cv=+0.0142  Δ_in=+0.0006  [450 fits · 0.164 s/fit]
  A2d-A0d r=  9: Δ(1−BACC)_cv=+0.0022  Δ_in=+0.0003  [500 fits · 0.165 s/fit]
  A2d-A0d r= 10: Δ(1−BACC)_cv=-0.0052  Δ_in=+0.0011  [550 fits · 0.166 s/fit]
  A2d-A0d r= 11: Δ(1−BACC)_cv=-0.0016  Δ_in=+0.0027  [600 fits · 0.168 s/fit]
  A2d-A0d r= 12: Δ(1−BACC)_cv=+0.0003  Δ_in=-0.0019  [650 fits · 0.169 s/fit]
  A2d-A0d r= 13: Δ(1−BACC)_cv=+0.0091  Δ_in=-0.0017  [700 fits · 0.169 s/fit]
  A2d-A0d r= 14: Δ(1−BACC)_cv=+0.0060  Δ_in=-0.0059  [750 fits · 0.170 s/fit]
  A2d-A0d r= 15: Δ(1−BACC)_cv=-0.0026  Δ_in=-0.0048  [800 fits · 0.171 s/fit]
  A2d-A0d r= 16: Δ(1−BACC)_cv=+0.0006  Δ_in=-0.0005  [850 fits · 0.171 s/fit]
  A2d-A0d r= 17: Δ(1−BACC)_cv=+0.0019  Δ_in=+0.0018  [900 fits · 0.170 s/fit]
  A2d-A0d r= 18: Δ(1−BACC)_cv=+0.0033  Δ_in=-0.0017  [950 fits · 0.171 s/fit]
  A2d-A0d r= 19: Δ(1−BACC)_cv=+0.0008  Δ_in=-0.0031  [1000 fits · 0.172 s/fit]
  A2d-A0d r= 20: Δ(1−BACC)_cv=+0.0014  Δ_in=-0.0068  [1050 fits · 0.172 s/fit]
  A2d-A0d r= 21: Δ(1−BACC)_cv=-0.0031  Δ_in=-0.0046  [1100 fits · 0.172 s/fit]
  A2d-A0d r= 22: Δ(1−BACC)_cv=-0.0010  Δ_in=+0.0026  [1150 fits · 0.173 s/fit]
  A2d-A0d r= 23: Δ(1−BACC)_cv=-0.0068  Δ_in=+0.0041  [1200 fits · 0.172 s/fit]
  A2d-A0d r= 24: Δ(1−BACC)_cv=+0.0032  Δ_in=-0.0023  [1250 fits · 0.172 s/fit]
  A2d-A0d r= 25: Δ(1−BACC)_cv=+0.0008  Δ_in=-0.0010  [1300 fits · 0.171 s/fit]
  A2d-A0d r= 26: Δ(1−BACC)_cv=-0.0036  Δ_in=-0.0041  [1350 fits · 0.170 s/fit]
  A2d-A0d r= 27: Δ(1−BACC)_cv=+0.0015  Δ_in=+0.0004  [1400 fits · 0.170 s/fit]
  A2d-A0d r= 28: Δ(1−BACC)_cv=+0.0031  Δ_in=-0.0005  [1450 fits · 0.170 s/fit]
  A2d-A0d r= 29: Δ(1−BACC)_cv=-0.0146  Δ_in=-0.0053  [1500 fits · 0.170 s/fit]
  A2d-A0d r= 30: Δ(1−BACC)_cv=-0.0050  Δ_in=-0.0039  [1550 fits · 0.170 s/fit]
  A2d-A0d r= 31: Δ(1−BACC)_cv=-0.0081  Δ_in=+0.0025  [1600 fits · 0.170 s/fit]
  A2d-A0d r= 32: Δ(1−BACC)_cv=-0.0019  Δ_in=-0.0040  [1650 fits · 0.170 s/fit]
  A2d-A0d r= 33: Δ(1−BACC)_cv=-0.0024  Δ_in=+0.0000  [1700 fits · 0.170 s/fit]
  A2d-A0d r= 34: Δ(1−BACC)_cv=-0.0006  Δ_in=-0.0067  [1750 fits · 0.171 s/fit]
  A2d-A0d r= 35: Δ(1−BACC)_cv=-0.0003  Δ_in=-0.0005  [1800 fits · 0.171 s/fit]
  A2d-A0d r= 36: Δ(1−BACC)_cv=+0.0012  Δ_in=+0.0012  [1850 fits · 0.171 s/fit]
  A2d-A0d r= 37: Δ(1−BACC)_cv=-0.0055  Δ_in=-0.0014  [1900 fits · 0.171 s/fit]
  A2d-A0d r= 38: Δ(1−BACC)_cv=+0.0012  Δ_in=-0.0018  [1950 fits · 0.171 s/fit]
  A2d-A0d r= 39: Δ(1−BACC)_cv=-0.0067  Δ_in=-0.0004  [2000 fits · 0.171 s/fit]
  A2d-A0d r= 40: Δ(1−BACC)_cv=-0.0013  Δ_in=-0.0017  [2050 fits · 0.171 s/fit]
  A2d-A0d r= 41: Δ(1−BACC)_cv=+0.0021  Δ_in=+0.0032  [2100 fits · 0.171 s/fit]
  A2d-A0d r= 42: Δ(1−BACC)_cv=-0.0018  Δ_in=-0.0030  [2150 fits · 0.171 s/fit]
  A2d-A0d r= 43: Δ(1−BACC)_cv=+0.0046  Δ_in=+0.0009  [2200 fits · 0.171 s/fit]
  A2d-A0d r= 44: Δ(1−BACC)_cv=-0.0030  Δ_in=-0.0031  [2250 fits · 0.171 s/fit]
  A2d-A0d r= 45: Δ(1−BACC)_cv=+0.0030  Δ_in=+0.0025  [2300 fits · 0.171 s/fit]
  A2d-A0d r= 46: Δ(1−BACC)_cv=+0.0073  Δ_in=+0.0002  [2350 fits · 0.171 s/fit]
  A2d-A0d r= 47: Δ(1−BACC)_cv=-0.0034  Δ_in=-0.0018  [2400 fits · 0.171 s/fit]
  A2d-A0d r= 48: Δ(1−BACC)_cv=+0.0083  Δ_in=+0.0031  [2450 fits · 0.171 s/fit]
  A2d-A0d r= 49: Δ(1−BACC)_cv=+0.0038  Δ_in=+0.0007  [2500 fits · 0.171 s/fit]
  A2d-A0d r= 50: Δ(1−BACC)_cv=+0.0036  Δ_in=+0.0034  [2550 fits · 0.171 s/fit]
  A2d-A0d r= 51: Δ(1−BACC)_cv=-0.0019  Δ_in=-0.0055  [2600 fits · 0.171 s/fit]
  A2d-A0d r= 52: Δ(1−BACC)_cv=+0.0029  Δ_in=+0.0025  [2650 fits · 0.172 s/fit]
  A2d-A0d r= 53: Δ(1−BACC)_cv=+0.0040  Δ_in=+0.0008  [2700 fits · 0.172 s/fit]
  A2d-A0d r= 54: Δ(1−BACC)_cv=-0.0019  Δ_in=-0.0023  [2750 fits · 0.172 s/fit]
  A2d-A0d r= 55: Δ(1−BACC)_cv=+0.0023  Δ_in=+0.0028  [2800 fits · 0.172 s/fit]
  A2d-A0d r= 56: Δ(1−BACC)_cv=+0.0060  Δ_in=-0.0006  [2850 fits · 0.172 s/fit]
  A2d-A0d r= 57: Δ(1−BACC)_cv=-0.0021  Δ_in=-0.0027  [2900 fits · 0.172 s/fit]
  A2d-A0d r= 58: Δ(1−BACC)_cv=-0.0090  Δ_in=-0.0007  [2950 fits · 0.172 s/fit]
  A2d-A0d r= 59: Δ(1−BACC)_cv=-0.0027  Δ_in=-0.0003  [3000 fits · 0.172 s/fit]
  A2d-A0d r= 60: Δ(1−BACC)_cv=-0.0088  Δ_in=+0.0010  [3050 fits · 0.172 s/fit]
  A2d-A0d r= 61: Δ(1−BACC)_cv=-0.0022  Δ_in=-0.0021  [3100 fits · 0.172 s/fit]
  A2d-A0d r= 62: Δ(1−BACC)_cv=-0.0060  Δ_in=-0.0020  [3150 fits · 0.172 s/fit]
  A2d-A0d r= 63: Δ(1−BACC)_cv=+0.0016  Δ_in=-0.0021  [3200 fits · 0.172 s/fit]
  A2d-A0d r= 64: Δ(1−BACC)_cv=-0.0052  Δ_in=-0.0048  [3250 fits · 0.173 s/fit]
  A2d-A0d r= 65: Δ(1−BACC)_cv=-0.0015  Δ_in=-0.0009  [3300 fits · 0.173 s/fit]
  A2d-A0d r= 66: Δ(1−BACC)_cv=+0.0009  Δ_in=+0.0012  [3350 fits · 0.173 s/fit]
  A2d-A0d r= 67: Δ(1−BACC)_cv=-0.0045  Δ_in=+0.0014  [3400 fits · 0.173 s/fit]
  A2d-A0d r= 68: Δ(1−BACC)_cv=+0.0046  Δ_in=+0.0017  [3450 fits · 0.173 s/fit]
  A2d-A0d r= 69: Δ(1−BACC)_cv=-0.0014  Δ_in=-0.0007  [3500 fits · 0.173 s/fit]
  A2d-A0d r= 70: Δ(1−BACC)_cv=-0.0031  Δ_in=+0.0052  [3550 fits · 0.173 s/fit]
  A2d-A0d r= 71: Δ(1−BACC)_cv=+0.0050  Δ_in=-0.0052  [3600 fits · 0.173 s/fit]
  A2d-A0d r= 72: Δ(1−BACC)_cv=-0.0011  Δ_in=-0.0000  [3650 fits · 0.174 s/fit]
  A2d-A0d r= 73: Δ(1−BACC)_cv=+0.0019  Δ_in=+0.0032  [3700 fits · 0.174 s/fit]
  A2d-A0d r= 74: Δ(1−BACC)_cv=-0.0069  Δ_in=-0.0052  [3750 fits · 0.174 s/fit]
  A2d-A0d r= 75: Δ(1−BACC)_cv=-0.0044  Δ_in=-0.0031  [3800 fits · 0.175 s/fit]
  A2d-A0d r= 76: Δ(1−BACC)_cv=-0.0056  Δ_in=-0.0012  [3850 fits · 0.175 s/fit]
  A2d-A0d r= 77: Δ(1−BACC)_cv=-0.0050  Δ_in=-0.0014  [3900 fits · 0.175 s/fit]
  A2d-A0d r= 78: Δ(1−BACC)_cv=+0.0021  Δ_in=-0.0039  [3950 fits · 0.175 s/fit]
  A2d-A0d r= 79: Δ(1−BACC)_cv=-0.0068  Δ_in=-0.0050  [4000 fits · 0.175 s/fit]
  A2d-A0d r= 80: Δ(1−BACC)_cv=-0.0165  Δ_in=-0.0017  [4050 fits · 0.175 s/fit]
  A2d-A0d r= 81: Δ(1−BACC)_cv=-0.0021  Δ_in=-0.0079  [4100 fits · 0.175 s/fit]
  A2d-A0d r= 82: Δ(1−BACC)_cv=+0.0016  Δ_in=+0.0014  [4150 fits · 0.175 s/fit]
  A2d-A0d r= 83: Δ(1−BACC)_cv=-0.0023  Δ_in=+0.0014  [4200 fits · 0.175 s/fit]
  A2d-A0d r= 84: Δ(1−BACC)_cv=-0.0016  Δ_in=-0.0006  [4250 fits · 0.175 s/fit]
  A2d-A0d r= 85: Δ(1−BACC)_cv=+0.0061  Δ_in=-0.0051  [4300 fits · 0.175 s/fit]
  A2d-A0d r= 86: Δ(1−BACC)_cv=+0.0023  Δ_in=-0.0019  [4350 fits · 0.175 s/fit]
  A2d-A0d r= 87: Δ(1−BACC)_cv=+0.0048  Δ_in=+0.0041  [4400 fits · 0.175 s/fit]
  A2d-A0d r= 88: Δ(1−BACC)_cv=-0.0042  Δ_in=+0.0005  [4450 fits · 0.175 s/fit]
  A2d-A0d r= 89: Δ(1−BACC)_cv=-0.0056  Δ_in=+0.0016  [4500 fits · 0.175 s/fit]
  A2d-A0d r= 90: Δ(1−BACC)_cv=-0.0056  Δ_in=-0.0010  [4550 fits · 0.175 s/fit]
  A2d-A0d r= 91: Δ(1−BACC)_cv=-0.0000  Δ_in=-0.0049  [4600 fits · 0.175 s/fit]
  A2d-A0d r= 92: Δ(1−BACC)_cv=+0.0002  Δ_in=-0.0021  [4650 fits · 0.175 s/fit]
  A2d-A0d r= 93: Δ(1−BACC)_cv=+0.0043  Δ_in=-0.0007  [4700 fits · 0.175 s/fit]
  A2d-A0d r= 94: Δ(1−BACC)_cv=+0.0024  Δ_in=-0.0009  [4750 fits · 0.175 s/fit]
  A2d-A0d r= 95: Δ(1−BACC)_cv=-0.0050  Δ_in=-0.0023  [4800 fits · 0.175 s/fit]
  A2d-A0d r= 96: Δ(1−BACC)_cv=-0.0026  Δ_in=+0.0006  [4850 fits · 0.175 s/fit]
  A2d-A0d r= 97: Δ(1−BACC)_cv=+0.0014  Δ_in=-0.0014  [4900 fits · 0.175 s/fit]
  A2d-A0d r= 98: Δ(1−BACC)_cv=+0.0083  Δ_in=-0.0040  [4950 fits · 0.175 s/fit]
  A2d-A0d r= 99: Δ(1−BACC)_cv=+0.0035  Δ_in=-0.0043  [5000 fits · 0.174 s/fit]
  → A2d: Δ(1−BACC)_cv=-0.0007 (frozen −mean_diff=+0.0019)  ncv_se=0.0049 (unclipped 0.0049; naive_sample 0.0049, naive_fold 0.0049)  nb_se=0.0069  ratio=0.71  MDE80_ncv=0.0137  0.174 s/fit · 14.6 min

=== B1d vs B0d ({'ds': 'aptos2019', 'kind': 'd2', 'lever': 'rebalance', 'loss': 'ce'}) · R=100 ===
  B1d-B0d r=  0: Δ(1−BACC)_cv=-0.0042  Δ_in=-0.0082  [50 fits · 0.197 s/fit]
  B1d-B0d r=  1: Δ(1−BACC)_cv=+0.0010  Δ_in=-0.0081  [100 fits · 0.192 s/fit]
  B1d-B0d r=  2: Δ(1−BACC)_cv=-0.0052  Δ_in=-0.0036  [150 fits · 0.192 s/fit]
  B1d-B0d r=  3: Δ(1−BACC)_cv=-0.0141  Δ_in=-0.0047  [200 fits · 0.190 s/fit]
  B1d-B0d r=  4: Δ(1−BACC)_cv=-0.0069  Δ_in=-0.0050  [250 fits · 0.190 s/fit]
  B1d-B0d r=  5: Δ(1−BACC)_cv=-0.0066  Δ_in=-0.0088  [300 fits · 0.190 s/fit]
  B1d-B0d r=  6: Δ(1−BACC)_cv=-0.0063  Δ_in=-0.0072  [350 fits · 0.192 s/fit]
  B1d-B0d r=  7: Δ(1−BACC)_cv=-0.0133  Δ_in=-0.0053  [400 fits · 0.195 s/fit]
  B1d-B0d r=  8: Δ(1−BACC)_cv=-0.0217  Δ_in=-0.0095  [450 fits · 0.196 s/fit]
  B1d-B0d r=  9: Δ(1−BACC)_cv=-0.0065  Δ_in=-0.0035  [500 fits · 0.194 s/fit]
  B1d-B0d r= 10: Δ(1−BACC)_cv=-0.0038  Δ_in=-0.0015  [550 fits · 0.193 s/fit]
  B1d-B0d r= 11: Δ(1−BACC)_cv=-0.0001  Δ_in=-0.0097  [600 fits · 0.192 s/fit]
  B1d-B0d r= 12: Δ(1−BACC)_cv=-0.0097  Δ_in=-0.0083  [650 fits · 0.190 s/fit]
  B1d-B0d r= 13: Δ(1−BACC)_cv=-0.0035  Δ_in=-0.0058  [700 fits · 0.190 s/fit]
  B1d-B0d r= 14: Δ(1−BACC)_cv=-0.0095  Δ_in=-0.0087  [750 fits · 0.192 s/fit]
  B1d-B0d r= 15: Δ(1−BACC)_cv=-0.0080  Δ_in=-0.0129  [800 fits · 0.193 s/fit]
  B1d-B0d r= 16: Δ(1−BACC)_cv=-0.0070  Δ_in=-0.0060  [850 fits · 0.192 s/fit]
  B1d-B0d r= 17: Δ(1−BACC)_cv=-0.0051  Δ_in=-0.0110  [900 fits · 0.193 s/fit]
  B1d-B0d r= 18: Δ(1−BACC)_cv=-0.0112  Δ_in=-0.0063  [950 fits · 0.194 s/fit]
  B1d-B0d r= 19: Δ(1−BACC)_cv=-0.0135  Δ_in=-0.0027  [1000 fits · 0.195 s/fit]
  B1d-B0d r= 20: Δ(1−BACC)_cv=-0.0101  Δ_in=-0.0041  [1050 fits · 0.195 s/fit]
  B1d-B0d r= 21: Δ(1−BACC)_cv=-0.0074  Δ_in=-0.0064  [1100 fits · 0.195 s/fit]
  B1d-B0d r= 22: Δ(1−BACC)_cv=-0.0063  Δ_in=-0.0040  [1150 fits · 0.195 s/fit]
  B1d-B0d r= 23: Δ(1−BACC)_cv=-0.0060  Δ_in=-0.0058  [1200 fits · 0.194 s/fit]
  B1d-B0d r= 24: Δ(1−BACC)_cv=-0.0105  Δ_in=-0.0093  [1250 fits · 0.194 s/fit]
  B1d-B0d r= 25: Δ(1−BACC)_cv=+0.0015  Δ_in=-0.0099  [1300 fits · 0.193 s/fit]
  B1d-B0d r= 26: Δ(1−BACC)_cv=-0.0108  Δ_in=-0.0112  [1350 fits · 0.193 s/fit]
  B1d-B0d r= 27: Δ(1−BACC)_cv=-0.0137  Δ_in=-0.0048  [1400 fits · 0.192 s/fit]
  B1d-B0d r= 28: Δ(1−BACC)_cv=-0.0100  Δ_in=-0.0054  [1450 fits · 0.192 s/fit]
  B1d-B0d r= 29: Δ(1−BACC)_cv=-0.0055  Δ_in=-0.0062  [1500 fits · 0.192 s/fit]
  B1d-B0d r= 30: Δ(1−BACC)_cv=+0.0035  Δ_in=-0.0062  [1550 fits · 0.191 s/fit]
  B1d-B0d r= 31: Δ(1−BACC)_cv=-0.0077  Δ_in=-0.0059  [1600 fits · 0.191 s/fit]
  B1d-B0d r= 32: Δ(1−BACC)_cv=-0.0121  Δ_in=-0.0031  [1650 fits · 0.190 s/fit]
  B1d-B0d r= 33: Δ(1−BACC)_cv=-0.0075  Δ_in=-0.0104  [1700 fits · 0.190 s/fit]
  B1d-B0d r= 34: Δ(1−BACC)_cv=-0.0106  Δ_in=-0.0108  [1750 fits · 0.189 s/fit]
  B1d-B0d r= 35: Δ(1−BACC)_cv=-0.0049  Δ_in=-0.0053  [1800 fits · 0.189 s/fit]
  B1d-B0d r= 36: Δ(1−BACC)_cv=-0.0088  Δ_in=-0.0037  [1850 fits · 0.189 s/fit]
  B1d-B0d r= 37: Δ(1−BACC)_cv=-0.0155  Δ_in=-0.0107  [1900 fits · 0.189 s/fit]
  B1d-B0d r= 38: Δ(1−BACC)_cv=-0.0111  Δ_in=-0.0120  [1950 fits · 0.189 s/fit]
  B1d-B0d r= 39: Δ(1−BACC)_cv=-0.0072  Δ_in=-0.0083  [2000 fits · 0.189 s/fit]
  B1d-B0d r= 40: Δ(1−BACC)_cv=-0.0068  Δ_in=-0.0033  [2050 fits · 0.189 s/fit]
  B1d-B0d r= 41: Δ(1−BACC)_cv=-0.0072  Δ_in=-0.0055  [2100 fits · 0.189 s/fit]
  B1d-B0d r= 42: Δ(1−BACC)_cv=-0.0160  Δ_in=-0.0064  [2150 fits · 0.188 s/fit]
  B1d-B0d r= 43: Δ(1−BACC)_cv=-0.0038  Δ_in=-0.0060  [2200 fits · 0.188 s/fit]
  B1d-B0d r= 44: Δ(1−BACC)_cv=-0.0099  Δ_in=-0.0060  [2250 fits · 0.188 s/fit]
  B1d-B0d r= 45: Δ(1−BACC)_cv=-0.0097  Δ_in=-0.0046  [2300 fits · 0.188 s/fit]
  B1d-B0d r= 46: Δ(1−BACC)_cv=-0.0113  Δ_in=-0.0105  [2350 fits · 0.188 s/fit]
  B1d-B0d r= 47: Δ(1−BACC)_cv=-0.0066  Δ_in=-0.0071  [2400 fits · 0.188 s/fit]
  B1d-B0d r= 48: Δ(1−BACC)_cv=-0.0116  Δ_in=-0.0045  [2450 fits · 0.188 s/fit]
  B1d-B0d r= 49: Δ(1−BACC)_cv=-0.0076  Δ_in=-0.0008  [2500 fits · 0.188 s/fit]
  B1d-B0d r= 50: Δ(1−BACC)_cv=-0.0024  Δ_in=-0.0067  [2550 fits · 0.188 s/fit]
  B1d-B0d r= 51: Δ(1−BACC)_cv=-0.0023  Δ_in=-0.0097  [2600 fits · 0.188 s/fit]
  B1d-B0d r= 52: Δ(1−BACC)_cv=-0.0160  Δ_in=-0.0065  [2650 fits · 0.188 s/fit]
  B1d-B0d r= 53: Δ(1−BACC)_cv=-0.0152  Δ_in=-0.0049  [2700 fits · 0.188 s/fit]
  B1d-B0d r= 54: Δ(1−BACC)_cv=-0.0037  Δ_in=-0.0087  [2750 fits · 0.188 s/fit]
  B1d-B0d r= 55: Δ(1−BACC)_cv=-0.0079  Δ_in=-0.0052  [2800 fits · 0.188 s/fit]
  B1d-B0d r= 56: Δ(1−BACC)_cv=-0.0098  Δ_in=-0.0095  [2850 fits · 0.188 s/fit]
  B1d-B0d r= 57: Δ(1−BACC)_cv=-0.0058  Δ_in=-0.0071  [2900 fits · 0.188 s/fit]
  B1d-B0d r= 58: Δ(1−BACC)_cv=-0.0069  Δ_in=-0.0066  [2950 fits · 0.188 s/fit]
  B1d-B0d r= 59: Δ(1−BACC)_cv=-0.0039  Δ_in=-0.0101  [3000 fits · 0.187 s/fit]
  B1d-B0d r= 60: Δ(1−BACC)_cv=-0.0151  Δ_in=-0.0082  [3050 fits · 0.187 s/fit]
  B1d-B0d r= 61: Δ(1−BACC)_cv=+0.0034  Δ_in=-0.0094  [3100 fits · 0.187 s/fit]
  B1d-B0d r= 62: Δ(1−BACC)_cv=-0.0107  Δ_in=-0.0067  [3150 fits · 0.187 s/fit]
  B1d-B0d r= 63: Δ(1−BACC)_cv=-0.0071  Δ_in=-0.0096  [3200 fits · 0.187 s/fit]
  B1d-B0d r= 64: Δ(1−BACC)_cv=-0.0009  Δ_in=-0.0102  [3250 fits · 0.187 s/fit]
  B1d-B0d r= 65: Δ(1−BACC)_cv=-0.0018  Δ_in=-0.0049  [3300 fits · 0.187 s/fit]
  B1d-B0d r= 66: Δ(1−BACC)_cv=+0.0023  Δ_in=-0.0075  [3350 fits · 0.187 s/fit]
  B1d-B0d r= 67: Δ(1−BACC)_cv=-0.0035  Δ_in=-0.0048  [3400 fits · 0.187 s/fit]
  B1d-B0d r= 68: Δ(1−BACC)_cv=-0.0056  Δ_in=-0.0081  [3450 fits · 0.187 s/fit]
  B1d-B0d r= 69: Δ(1−BACC)_cv=-0.0051  Δ_in=-0.0092  [3500 fits · 0.187 s/fit]
  B1d-B0d r= 70: Δ(1−BACC)_cv=-0.0069  Δ_in=-0.0056  [3550 fits · 0.187 s/fit]
  B1d-B0d r= 71: Δ(1−BACC)_cv=-0.0070  Δ_in=-0.0061  [3600 fits · 0.187 s/fit]
  B1d-B0d r= 72: Δ(1−BACC)_cv=+0.0007  Δ_in=-0.0026  [3650 fits · 0.187 s/fit]
  B1d-B0d r= 73: Δ(1−BACC)_cv=-0.0037  Δ_in=-0.0076  [3700 fits · 0.187 s/fit]
  B1d-B0d r= 74: Δ(1−BACC)_cv=-0.0016  Δ_in=-0.0027  [3750 fits · 0.187 s/fit]
  B1d-B0d r= 75: Δ(1−BACC)_cv=-0.0111  Δ_in=-0.0081  [3800 fits · 0.187 s/fit]
  B1d-B0d r= 76: Δ(1−BACC)_cv=+0.0017  Δ_in=-0.0065  [3850 fits · 0.187 s/fit]
  B1d-B0d r= 77: Δ(1−BACC)_cv=-0.0121  Δ_in=-0.0102  [3900 fits · 0.188 s/fit]
  B1d-B0d r= 78: Δ(1−BACC)_cv=-0.0050  Δ_in=-0.0053  [3950 fits · 0.188 s/fit]
  B1d-B0d r= 79: Δ(1−BACC)_cv=-0.0158  Δ_in=-0.0036  [4000 fits · 0.188 s/fit]
  B1d-B0d r= 80: Δ(1−BACC)_cv=-0.0111  Δ_in=-0.0023  [4050 fits · 0.188 s/fit]
  B1d-B0d r= 81: Δ(1−BACC)_cv=-0.0118  Δ_in=-0.0056  [4100 fits · 0.188 s/fit]
  B1d-B0d r= 82: Δ(1−BACC)_cv=-0.0070  Δ_in=-0.0086  [4150 fits · 0.188 s/fit]
  B1d-B0d r= 83: Δ(1−BACC)_cv=-0.0071  Δ_in=-0.0114  [4200 fits · 0.188 s/fit]
  B1d-B0d r= 84: Δ(1−BACC)_cv=+0.0014  Δ_in=-0.0061  [4250 fits · 0.189 s/fit]
  B1d-B0d r= 85: Δ(1−BACC)_cv=-0.0046  Δ_in=-0.0040  [4300 fits · 0.188 s/fit]
  B1d-B0d r= 86: Δ(1−BACC)_cv=-0.0073  Δ_in=-0.0084  [4350 fits · 0.189 s/fit]
  B1d-B0d r= 87: Δ(1−BACC)_cv=-0.0196  Δ_in=-0.0060  [4400 fits · 0.188 s/fit]
  B1d-B0d r= 88: Δ(1−BACC)_cv=-0.0014  Δ_in=-0.0074  [4450 fits · 0.188 s/fit]
  B1d-B0d r= 89: Δ(1−BACC)_cv=-0.0113  Δ_in=-0.0068  [4500 fits · 0.188 s/fit]
  B1d-B0d r= 90: Δ(1−BACC)_cv=-0.0072  Δ_in=-0.0065  [4550 fits · 0.188 s/fit]
  B1d-B0d r= 91: Δ(1−BACC)_cv=-0.0057  Δ_in=-0.0113  [4600 fits · 0.188 s/fit]
  B1d-B0d r= 92: Δ(1−BACC)_cv=+0.0008  Δ_in=-0.0111  [4650 fits · 0.188 s/fit]
  B1d-B0d r= 93: Δ(1−BACC)_cv=-0.0172  Δ_in=-0.0097  [4700 fits · 0.188 s/fit]
  B1d-B0d r= 94: Δ(1−BACC)_cv=-0.0083  Δ_in=-0.0120  [4750 fits · 0.188 s/fit]
  B1d-B0d r= 95: Δ(1−BACC)_cv=-0.0051  Δ_in=-0.0050  [4800 fits · 0.188 s/fit]
  B1d-B0d r= 96: Δ(1−BACC)_cv=-0.0066  Δ_in=-0.0092  [4850 fits · 0.188 s/fit]
  B1d-B0d r= 97: Δ(1−BACC)_cv=-0.0034  Δ_in=-0.0070  [4900 fits · 0.188 s/fit]
  B1d-B0d r= 98: Δ(1−BACC)_cv=-0.0129  Δ_in=-0.0059  [4950 fits · 0.188 s/fit]
  B1d-B0d r= 99: Δ(1−BACC)_cv=-0.0045  Δ_in=-0.0074  [5000 fits · 0.188 s/fit]
  → B1d: Δ(1−BACC)_cv=-0.0074 (frozen −mean_diff=-0.0039)  ncv_se=0.0052 (unclipped 0.0042; naive_sample 0.0052, naive_fold 0.0052)  nb_se=0.0051  ratio=1.03  MDE80_ncv=0.0146  0.188 s/fit · 15.8 min

=== B3d vs B0d ({'ds': 'aptos2019', 'kind': 'd2', 'lever': 'rebalance', 'loss': 'coral'}) · R=100 ===
  B3d-B0d r=  0: Δ(1−BACC)_cv=-0.0097  Δ_in=-0.0040  [25 fits · 0.292 s/fit]
  B3d-B0d r=  1: Δ(1−BACC)_cv=-0.0103  Δ_in=+0.0008  [50 fits · 0.291 s/fit]
  B3d-B0d r=  2: Δ(1−BACC)_cv=-0.0069  Δ_in=+0.0049  [75 fits · 0.291 s/fit]
  B3d-B0d r=  3: Δ(1−BACC)_cv=-0.0021  Δ_in=-0.0057  [100 fits · 0.289 s/fit]
  B3d-B0d r=  4: Δ(1−BACC)_cv=-0.0075  Δ_in=-0.0009  [125 fits · 0.291 s/fit]
  B3d-B0d r=  5: Δ(1−BACC)_cv=-0.0152  Δ_in=-0.0096  [150 fits · 0.291 s/fit]
  B3d-B0d r=  6: Δ(1−BACC)_cv=-0.0047  Δ_in=-0.0036  [175 fits · 0.292 s/fit]
  B3d-B0d r=  7: Δ(1−BACC)_cv=-0.0011  Δ_in=-0.0036  [200 fits · 0.290 s/fit]
  B3d-B0d r=  8: Δ(1−BACC)_cv=-0.0069  Δ_in=-0.0054  [225 fits · 0.290 s/fit]
  B3d-B0d r=  9: Δ(1−BACC)_cv=-0.0047  Δ_in=-0.0063  [250 fits · 0.288 s/fit]
  B3d-B0d r= 10: Δ(1−BACC)_cv=-0.0012  Δ_in=-0.0080  [275 fits · 0.291 s/fit]
  B3d-B0d r= 11: Δ(1−BACC)_cv=-0.0103  Δ_in=-0.0121  [300 fits · 0.290 s/fit]
  B3d-B0d r= 12: Δ(1−BACC)_cv=-0.0157  Δ_in=-0.0046  [325 fits · 0.289 s/fit]
  B3d-B0d r= 13: Δ(1−BACC)_cv=-0.0101  Δ_in=-0.0032  [350 fits · 0.288 s/fit]
  B3d-B0d r= 14: Δ(1−BACC)_cv=-0.0163  Δ_in=+0.0011  [375 fits · 0.286 s/fit]
  B3d-B0d r= 15: Δ(1−BACC)_cv=-0.0145  Δ_in=-0.0066  [400 fits · 0.286 s/fit]
  B3d-B0d r= 16: Δ(1−BACC)_cv=+0.0007  Δ_in=-0.0047  [425 fits · 0.286 s/fit]
  B3d-B0d r= 17: Δ(1−BACC)_cv=+0.0047  Δ_in=-0.0123  [450 fits · 0.285 s/fit]
  B3d-B0d r= 18: Δ(1−BACC)_cv=-0.0055  Δ_in=-0.0031  [475 fits · 0.286 s/fit]
  B3d-B0d r= 19: Δ(1−BACC)_cv=-0.0244  Δ_in=-0.0044  [500 fits · 0.287 s/fit]
  B3d-B0d r= 20: Δ(1−BACC)_cv=-0.0085  Δ_in=-0.0080  [525 fits · 0.287 s/fit]
  B3d-B0d r= 21: Δ(1−BACC)_cv=+0.0062  Δ_in=-0.0064  [550 fits · 0.288 s/fit]
  B3d-B0d r= 22: Δ(1−BACC)_cv=-0.0029  Δ_in=-0.0026  [575 fits · 0.290 s/fit]
  B3d-B0d r= 23: Δ(1−BACC)_cv=+0.0046  Δ_in=-0.0074  [600 fits · 0.289 s/fit]
  B3d-B0d r= 24: Δ(1−BACC)_cv=-0.0138  Δ_in=-0.0105  [625 fits · 0.290 s/fit]
  B3d-B0d r= 25: Δ(1−BACC)_cv=-0.0034  Δ_in=-0.0062  [650 fits · 0.289 s/fit]
  B3d-B0d r= 26: Δ(1−BACC)_cv=-0.0149  Δ_in=+0.0004  [675 fits · 0.289 s/fit]
  B3d-B0d r= 27: Δ(1−BACC)_cv=-0.0167  Δ_in=-0.0014  [700 fits · 0.288 s/fit]
  B3d-B0d r= 28: Δ(1−BACC)_cv=-0.0115  Δ_in=-0.0074  [725 fits · 0.288 s/fit]
  B3d-B0d r= 29: Δ(1−BACC)_cv=+0.0024  Δ_in=-0.0087  [750 fits · 0.288 s/fit]
  B3d-B0d r= 30: Δ(1−BACC)_cv=-0.0035  Δ_in=-0.0079  [775 fits · 0.287 s/fit]
  B3d-B0d r= 31: Δ(1−BACC)_cv=-0.0061  Δ_in=-0.0097  [800 fits · 0.289 s/fit]
  B3d-B0d r= 32: Δ(1−BACC)_cv=+0.0001  Δ_in=-0.0031  [825 fits · 0.289 s/fit]
  B3d-B0d r= 33: Δ(1−BACC)_cv=-0.0232  Δ_in=-0.0123  [850 fits · 0.290 s/fit]
  B3d-B0d r= 34: Δ(1−BACC)_cv=+0.0001  Δ_in=-0.0053  [875 fits · 0.290 s/fit]
  B3d-B0d r= 35: Δ(1−BACC)_cv=-0.0040  Δ_in=-0.0038  [900 fits · 0.290 s/fit]
  B3d-B0d r= 36: Δ(1−BACC)_cv=-0.0117  Δ_in=-0.0033  [925 fits · 0.291 s/fit]
  B3d-B0d r= 37: Δ(1−BACC)_cv=-0.0098  Δ_in=-0.0091  [950 fits · 0.291 s/fit]
  B3d-B0d r= 38: Δ(1−BACC)_cv=-0.0114  Δ_in=-0.0120  [975 fits · 0.292 s/fit]
  B3d-B0d r= 39: Δ(1−BACC)_cv=-0.0162  Δ_in=-0.0085  [1000 fits · 0.293 s/fit]
  B3d-B0d r= 40: Δ(1−BACC)_cv=-0.0060  Δ_in=+0.0046  [1025 fits · 0.294 s/fit]
  B3d-B0d r= 41: Δ(1−BACC)_cv=-0.0141  Δ_in=-0.0043  [1050 fits · 0.295 s/fit]
  B3d-B0d r= 42: Δ(1−BACC)_cv=-0.0150  Δ_in=-0.0075  [1075 fits · 0.295 s/fit]
  B3d-B0d r= 43: Δ(1−BACC)_cv=-0.0041  Δ_in=-0.0036  [1100 fits · 0.296 s/fit]
  B3d-B0d r= 44: Δ(1−BACC)_cv=-0.0078  Δ_in=-0.0007  [1125 fits · 0.296 s/fit]
  B3d-B0d r= 45: Δ(1−BACC)_cv=-0.0192  Δ_in=-0.0024  [1150 fits · 0.297 s/fit]
  B3d-B0d r= 46: Δ(1−BACC)_cv=-0.0060  Δ_in=-0.0159  [1175 fits · 0.297 s/fit]
  B3d-B0d r= 47: Δ(1−BACC)_cv=-0.0010  Δ_in=-0.0076  [1200 fits · 0.297 s/fit]
  B3d-B0d r= 48: Δ(1−BACC)_cv=-0.0046  Δ_in=-0.0006  [1225 fits · 0.298 s/fit]
  B3d-B0d r= 49: Δ(1−BACC)_cv=-0.0046  Δ_in=+0.0030  [1250 fits · 0.298 s/fit]
  B3d-B0d r= 50: Δ(1−BACC)_cv=-0.0116  Δ_in=-0.0094  [1275 fits · 0.298 s/fit]
  B3d-B0d r= 51: Δ(1−BACC)_cv=-0.0180  Δ_in=+0.0002  [1300 fits · 0.298 s/fit]
  B3d-B0d r= 52: Δ(1−BACC)_cv=-0.0181  Δ_in=-0.0052  [1325 fits · 0.298 s/fit]
  B3d-B0d r= 53: Δ(1−BACC)_cv=-0.0077  Δ_in=-0.0040  [1350 fits · 0.298 s/fit]
  B3d-B0d r= 54: Δ(1−BACC)_cv=-0.0120  Δ_in=+0.0033  [1375 fits · 0.298 s/fit]
  B3d-B0d r= 55: Δ(1−BACC)_cv=-0.0076  Δ_in=-0.0007  [1400 fits · 0.298 s/fit]
  B3d-B0d r= 56: Δ(1−BACC)_cv=-0.0080  Δ_in=-0.0058  [1425 fits · 0.298 s/fit]
  B3d-B0d r= 57: Δ(1−BACC)_cv=-0.0100  Δ_in=-0.0062  [1450 fits · 0.298 s/fit]
  B3d-B0d r= 58: Δ(1−BACC)_cv=-0.0165  Δ_in=-0.0100  [1475 fits · 0.298 s/fit]
  B3d-B0d r= 59: Δ(1−BACC)_cv=-0.0101  Δ_in=-0.0128  [1500 fits · 0.299 s/fit]
  B3d-B0d r= 60: Δ(1−BACC)_cv=-0.0048  Δ_in=-0.0005  [1525 fits · 0.298 s/fit]
  B3d-B0d r= 61: Δ(1−BACC)_cv=-0.0029  Δ_in=-0.0080  [1550 fits · 0.298 s/fit]
  B3d-B0d r= 62: Δ(1−BACC)_cv=-0.0085  Δ_in=-0.0052  [1575 fits · 0.298 s/fit]
  B3d-B0d r= 63: Δ(1−BACC)_cv=+0.0009  Δ_in=-0.0027  [1600 fits · 0.298 s/fit]
  B3d-B0d r= 64: Δ(1−BACC)_cv=-0.0080  Δ_in=-0.0045  [1625 fits · 0.298 s/fit]
  B3d-B0d r= 65: Δ(1−BACC)_cv=-0.0148  Δ_in=-0.0052  [1650 fits · 0.297 s/fit]
  B3d-B0d r= 66: Δ(1−BACC)_cv=+0.0035  Δ_in=-0.0100  [1675 fits · 0.298 s/fit]
  B3d-B0d r= 67: Δ(1−BACC)_cv=-0.0005  Δ_in=-0.0063  [1700 fits · 0.298 s/fit]
  B3d-B0d r= 68: Δ(1−BACC)_cv=+0.0035  Δ_in=-0.0007  [1725 fits · 0.298 s/fit]
  B3d-B0d r= 69: Δ(1−BACC)_cv=-0.0100  Δ_in=-0.0052  [1750 fits · 0.298 s/fit]
  B3d-B0d r= 70: Δ(1−BACC)_cv=-0.0071  Δ_in=-0.0052  [1775 fits · 0.299 s/fit]
  B3d-B0d r= 71: Δ(1−BACC)_cv=+0.0014  Δ_in=-0.0060  [1800 fits · 0.299 s/fit]
  B3d-B0d r= 72: Δ(1−BACC)_cv=-0.0034  Δ_in=-0.0022  [1825 fits · 0.300 s/fit]
  B3d-B0d r= 73: Δ(1−BACC)_cv=-0.0046  Δ_in=-0.0133  [1850 fits · 0.300 s/fit]
  B3d-B0d r= 74: Δ(1−BACC)_cv=-0.0027  Δ_in=-0.0060  [1875 fits · 0.300 s/fit]
  B3d-B0d r= 75: Δ(1−BACC)_cv=-0.0156  Δ_in=+0.0041  [1900 fits · 0.299 s/fit]
  B3d-B0d r= 76: Δ(1−BACC)_cv=-0.0125  Δ_in=-0.0009  [1925 fits · 0.299 s/fit]
  B3d-B0d r= 77: Δ(1−BACC)_cv=-0.0149  Δ_in=-0.0065  [1950 fits · 0.299 s/fit]
  B3d-B0d r= 78: Δ(1−BACC)_cv=-0.0044  Δ_in=+0.0010  [1975 fits · 0.300 s/fit]
  B3d-B0d r= 79: Δ(1−BACC)_cv=+0.0020  Δ_in=-0.0055  [2000 fits · 0.300 s/fit]
  B3d-B0d r= 80: Δ(1−BACC)_cv=-0.0035  Δ_in=+0.0007  [2025 fits · 0.300 s/fit]
  B3d-B0d r= 81: Δ(1−BACC)_cv=-0.0164  Δ_in=-0.0003  [2050 fits · 0.300 s/fit]
  B3d-B0d r= 82: Δ(1−BACC)_cv=+0.0029  Δ_in=+0.0024  [2075 fits · 0.299 s/fit]
  B3d-B0d r= 83: Δ(1−BACC)_cv=-0.0020  Δ_in=-0.0043  [2100 fits · 0.299 s/fit]
  B3d-B0d r= 84: Δ(1−BACC)_cv=-0.0038  Δ_in=+0.0040  [2125 fits · 0.300 s/fit]
  B3d-B0d r= 85: Δ(1−BACC)_cv=-0.0103  Δ_in=-0.0006  [2150 fits · 0.299 s/fit]
  B3d-B0d r= 86: Δ(1−BACC)_cv=-0.0124  Δ_in=-0.0023  [2175 fits · 0.299 s/fit]
  B3d-B0d r= 87: Δ(1−BACC)_cv=-0.0025  Δ_in=-0.0100  [2200 fits · 0.299 s/fit]
  B3d-B0d r= 88: Δ(1−BACC)_cv=-0.0041  Δ_in=-0.0064  [2225 fits · 0.299 s/fit]
  B3d-B0d r= 89: Δ(1−BACC)_cv=-0.0078  Δ_in=-0.0018  [2250 fits · 0.299 s/fit]
  B3d-B0d r= 90: Δ(1−BACC)_cv=-0.0076  Δ_in=-0.0024  [2275 fits · 0.299 s/fit]
  B3d-B0d r= 91: Δ(1−BACC)_cv=+0.0133  Δ_in=-0.0126  [2300 fits · 0.300 s/fit]
  B3d-B0d r= 92: Δ(1−BACC)_cv=-0.0018  Δ_in=+0.0002  [2325 fits · 0.299 s/fit]
  B3d-B0d r= 93: Δ(1−BACC)_cv=-0.0078  Δ_in=-0.0137  [2350 fits · 0.299 s/fit]
  B3d-B0d r= 94: Δ(1−BACC)_cv=-0.0168  Δ_in=-0.0056  [2375 fits · 0.299 s/fit]
  B3d-B0d r= 95: Δ(1−BACC)_cv=-0.0064  Δ_in=-0.0047  [2400 fits · 0.299 s/fit]
  B3d-B0d r= 96: Δ(1−BACC)_cv=-0.0052  Δ_in=-0.0031  [2425 fits · 0.299 s/fit]
  B3d-B0d r= 97: Δ(1−BACC)_cv=-0.0128  Δ_in=+0.0005  [2450 fits · 0.299 s/fit]
  B3d-B0d r= 98: Δ(1−BACC)_cv=-0.0155  Δ_in=-0.0060  [2475 fits · 0.299 s/fit]
  B3d-B0d r= 99: Δ(1−BACC)_cv=-0.0046  Δ_in=-0.0080  [2500 fits · 0.298 s/fit]
  → B3d: Δ(1−BACC)_cv=-0.0074 (frozen −mean_diff=-0.0074)  ncv_se=0.0104 (unclipped 0.0102; naive_sample 0.0104, naive_fold 0.0102)  nb_se=0.0093  ratio=1.12  MDE80_ncv=0.0292  0.298 s/fit · 12.5 min

=== B4d vs B0d ({'ds': 'aptos2019', 'kind': 'd2', 'lever': 'rebalance', 'loss': 'corn'}) · R=100 ===
  B4d-B0d r=  0: Δ(1−BACC)_cv=-0.0119  Δ_in=-0.0140  [25 fits · 1.463 s/fit]
  B4d-B0d r=  1: Δ(1−BACC)_cv=-0.0061  Δ_in=-0.0094  [50 fits · 1.486 s/fit]
  B4d-B0d r=  2: Δ(1−BACC)_cv=-0.0086  Δ_in=+0.0005  [75 fits · 1.504 s/fit]
  B4d-B0d r=  3: Δ(1−BACC)_cv=-0.0238  Δ_in=-0.0020  [100 fits · 1.496 s/fit]
  B4d-B0d r=  4: Δ(1−BACC)_cv=-0.0111  Δ_in=+0.0002  [125 fits · 1.514 s/fit]
  B4d-B0d r=  5: Δ(1−BACC)_cv=-0.0112  Δ_in=-0.0121  [150 fits · 1.546 s/fit]
  B4d-B0d r=  6: Δ(1−BACC)_cv=-0.0042  Δ_in=-0.0053  [175 fits · 1.551 s/fit]
  B4d-B0d r=  7: Δ(1−BACC)_cv=-0.0107  Δ_in=-0.0119  [200 fits · 1.550 s/fit]
  B4d-B0d r=  8: Δ(1−BACC)_cv=-0.0080  Δ_in=-0.0135  [225 fits · 1.544 s/fit]
  B4d-B0d r=  9: Δ(1−BACC)_cv=-0.0129  Δ_in=-0.0098  [250 fits · 1.553 s/fit]
  B4d-B0d r= 10: Δ(1−BACC)_cv=+0.0027  Δ_in=-0.0061  [275 fits · 1.536 s/fit]
  B4d-B0d r= 11: Δ(1−BACC)_cv=+0.0001  Δ_in=-0.0088  [300 fits · 1.526 s/fit]
  B4d-B0d r= 12: Δ(1−BACC)_cv=-0.0064  Δ_in=-0.0077  [325 fits · 1.514 s/fit]
  B4d-B0d r= 13: Δ(1−BACC)_cv=-0.0188  Δ_in=-0.0090  [350 fits · 1.504 s/fit]
  B4d-B0d r= 14: Δ(1−BACC)_cv=-0.0117  Δ_in=-0.0031  [375 fits · 1.493 s/fit]
  B4d-B0d r= 15: Δ(1−BACC)_cv=-0.0108  Δ_in=-0.0066  [400 fits · 1.501 s/fit]
  B4d-B0d r= 16: Δ(1−BACC)_cv=-0.0075  Δ_in=-0.0108  [425 fits · 1.509 s/fit]
  B4d-B0d r= 17: Δ(1−BACC)_cv=-0.0010  Δ_in=-0.0081  [450 fits · 1.510 s/fit]
  B4d-B0d r= 18: Δ(1−BACC)_cv=-0.0105  Δ_in=-0.0079  [475 fits · 1.510 s/fit]
  B4d-B0d r= 19: Δ(1−BACC)_cv=-0.0131  Δ_in=-0.0092  [500 fits · 1.510 s/fit]
  B4d-B0d r= 20: Δ(1−BACC)_cv=-0.0066  Δ_in=-0.0118  [525 fits · 1.509 s/fit]
  B4d-B0d r= 21: Δ(1−BACC)_cv=-0.0027  Δ_in=-0.0046  [550 fits · 1.506 s/fit]
  B4d-B0d r= 22: Δ(1−BACC)_cv=-0.0219  Δ_in=-0.0058  [575 fits · 1.500 s/fit]
  B4d-B0d r= 23: Δ(1−BACC)_cv=-0.0070  Δ_in=-0.0062  [600 fits · 1.494 s/fit]
  B4d-B0d r= 24: Δ(1−BACC)_cv=-0.0121  Δ_in=-0.0077  [625 fits · 1.490 s/fit]
  B4d-B0d r= 25: Δ(1−BACC)_cv=-0.0049  Δ_in=-0.0097  [650 fits · 1.488 s/fit]
  B4d-B0d r= 26: Δ(1−BACC)_cv=-0.0068  Δ_in=-0.0025  [675 fits · 1.493 s/fit]
  B4d-B0d r= 27: Δ(1−BACC)_cv=-0.0177  Δ_in=-0.0036  [700 fits · 1.492 s/fit]
  B4d-B0d r= 28: Δ(1−BACC)_cv=-0.0085  Δ_in=-0.0131  [725 fits · 1.493 s/fit]
  B4d-B0d r= 29: Δ(1−BACC)_cv=-0.0100  Δ_in=-0.0040  [750 fits · 1.491 s/fit]
  B4d-B0d r= 30: Δ(1−BACC)_cv=-0.0040  Δ_in=+0.0011  [775 fits · 1.482 s/fit]
  B4d-B0d r= 31: Δ(1−BACC)_cv=-0.0079  Δ_in=-0.0104  [800 fits · 1.480 s/fit]
  B4d-B0d r= 32: Δ(1−BACC)_cv=-0.0020  Δ_in=-0.0001  [825 fits · 1.486 s/fit]
  B4d-B0d r= 33: Δ(1−BACC)_cv=-0.0133  Δ_in=-0.0099  [850 fits · 1.487 s/fit]
  B4d-B0d r= 34: Δ(1−BACC)_cv=-0.0106  Δ_in=-0.0030  [875 fits · 1.487 s/fit]
  B4d-B0d r= 35: Δ(1−BACC)_cv=-0.0101  Δ_in=-0.0078  [900 fits · 1.486 s/fit]
  B4d-B0d r= 36: Δ(1−BACC)_cv=-0.0145  Δ_in=-0.0067  [925 fits · 1.489 s/fit]
  B4d-B0d r= 37: Δ(1−BACC)_cv=-0.0208  Δ_in=-0.0146  [950 fits · 1.489 s/fit]
  B4d-B0d r= 38: Δ(1−BACC)_cv=-0.0218  Δ_in=-0.0082  [975 fits · 1.491 s/fit]
  B4d-B0d r= 39: Δ(1−BACC)_cv=-0.0135  Δ_in=-0.0041  [1000 fits · 1.496 s/fit]
  B4d-B0d r= 40: Δ(1−BACC)_cv=-0.0119  Δ_in=-0.0003  [1025 fits · 1.498 s/fit]
  B4d-B0d r= 41: Δ(1−BACC)_cv=-0.0052  Δ_in=-0.0034  [1050 fits · 1.497 s/fit]
  B4d-B0d r= 42: Δ(1−BACC)_cv=-0.0058  Δ_in=-0.0129  [1075 fits · 1.498 s/fit]
  B4d-B0d r= 43: Δ(1−BACC)_cv=-0.0024  Δ_in=-0.0100  [1100 fits · 1.502 s/fit]
  B4d-B0d r= 44: Δ(1−BACC)_cv=-0.0179  Δ_in=-0.0072  [1125 fits · 1.503 s/fit]
  B4d-B0d r= 45: Δ(1−BACC)_cv=-0.0198  Δ_in=-0.0075  [1150 fits · 1.502 s/fit]
  B4d-B0d r= 46: Δ(1−BACC)_cv=-0.0021  Δ_in=-0.0131  [1175 fits · 1.501 s/fit]
  B4d-B0d r= 47: Δ(1−BACC)_cv=-0.0147  Δ_in=-0.0089  [1200 fits · 1.499 s/fit]
  B4d-B0d r= 48: Δ(1−BACC)_cv=+0.0003  Δ_in=-0.0024  [1225 fits · 1.499 s/fit]
  B4d-B0d r= 49: Δ(1−BACC)_cv=+0.0044  Δ_in=-0.0023  [1250 fits · 1.497 s/fit]
  B4d-B0d r= 50: Δ(1−BACC)_cv=+0.0040  Δ_in=-0.0042  [1275 fits · 1.493 s/fit]
  B4d-B0d r= 51: Δ(1−BACC)_cv=+0.0014  Δ_in=-0.0040  [1300 fits · 1.492 s/fit]
  B4d-B0d r= 52: Δ(1−BACC)_cv=-0.0080  Δ_in=-0.0100  [1325 fits · 1.492 s/fit]
  B4d-B0d r= 53: Δ(1−BACC)_cv=-0.0053  Δ_in=-0.0023  [1350 fits · 1.492 s/fit]
  B4d-B0d r= 54: Δ(1−BACC)_cv=-0.0076  Δ_in=-0.0054  [1375 fits · 1.492 s/fit]
  B4d-B0d r= 55: Δ(1−BACC)_cv=-0.0041  Δ_in=-0.0060  [1400 fits · 1.494 s/fit]
  B4d-B0d r= 56: Δ(1−BACC)_cv=-0.0121  Δ_in=-0.0120  [1425 fits · 1.495 s/fit]
  B4d-B0d r= 57: Δ(1−BACC)_cv=-0.0157  Δ_in=-0.0085  [1450 fits · 1.496 s/fit]
  B4d-B0d r= 58: Δ(1−BACC)_cv=-0.0115  Δ_in=-0.0087  [1475 fits · 1.495 s/fit]
  B4d-B0d r= 59: Δ(1−BACC)_cv=-0.0159  Δ_in=-0.0093  [1500 fits · 1.501 s/fit]
  B4d-B0d r= 60: Δ(1−BACC)_cv=-0.0007  Δ_in=-0.0067  [1525 fits · 1.504 s/fit]
  B4d-B0d r= 61: Δ(1−BACC)_cv=+0.0022  Δ_in=-0.0131  [1550 fits · 1.509 s/fit]
  B4d-B0d r= 62: Δ(1−BACC)_cv=-0.0126  Δ_in=-0.0076  [1575 fits · 1.510 s/fit]
  B4d-B0d r= 63: Δ(1−BACC)_cv=+0.0024  Δ_in=-0.0098  [1600 fits · 1.511 s/fit]
  B4d-B0d r= 64: Δ(1−BACC)_cv=-0.0066  Δ_in=-0.0157  [1625 fits · 1.510 s/fit]
  B4d-B0d r= 65: Δ(1−BACC)_cv=-0.0055  Δ_in=-0.0112  [1650 fits · 1.509 s/fit]
  B4d-B0d r= 66: Δ(1−BACC)_cv=+0.0038  Δ_in=-0.0105  [1675 fits · 1.508 s/fit]
  B4d-B0d r= 67: Δ(1−BACC)_cv=-0.0068  Δ_in=-0.0077  [1700 fits · 1.507 s/fit]
  B4d-B0d r= 68: Δ(1−BACC)_cv=+0.0027  Δ_in=-0.0089  [1725 fits · 1.506 s/fit]
  B4d-B0d r= 69: Δ(1−BACC)_cv=-0.0193  Δ_in=-0.0059  [1750 fits · 1.507 s/fit]
  B4d-B0d r= 70: Δ(1−BACC)_cv=-0.0111  Δ_in=-0.0074  [1775 fits · 1.508 s/fit]
  B4d-B0d r= 71: Δ(1−BACC)_cv=-0.0114  Δ_in=-0.0030  [1800 fits · 1.505 s/fit]
  B4d-B0d r= 72: Δ(1−BACC)_cv=-0.0095  Δ_in=-0.0054  [1825 fits · 1.504 s/fit]
  B4d-B0d r= 73: Δ(1−BACC)_cv=-0.0089  Δ_in=-0.0097  [1850 fits · 1.502 s/fit]
  B4d-B0d r= 74: Δ(1−BACC)_cv=+0.0018  Δ_in=-0.0093  [1875 fits · 1.501 s/fit]
  B4d-B0d r= 75: Δ(1−BACC)_cv=-0.0167  Δ_in=-0.0059  [1900 fits · 1.501 s/fit]
  B4d-B0d r= 76: Δ(1−BACC)_cv=-0.0091  Δ_in=-0.0087  [1925 fits · 1.499 s/fit]
  B4d-B0d r= 77: Δ(1−BACC)_cv=-0.0025  Δ_in=-0.0074  [1950 fits · 1.498 s/fit]
  B4d-B0d r= 78: Δ(1−BACC)_cv=-0.0104  Δ_in=-0.0035  [1975 fits · 1.495 s/fit]
  B4d-B0d r= 79: Δ(1−BACC)_cv=-0.0142  Δ_in=-0.0099  [2000 fits · 1.495 s/fit]
  B4d-B0d r= 80: Δ(1−BACC)_cv=-0.0049  Δ_in=-0.0049  [2025 fits · 1.494 s/fit]
  B4d-B0d r= 81: Δ(1−BACC)_cv=-0.0207  Δ_in=-0.0041  [2050 fits · 1.492 s/fit]
  B4d-B0d r= 82: Δ(1−BACC)_cv=-0.0041  Δ_in=-0.0015  [2075 fits · 1.492 s/fit]
  B4d-B0d r= 83: Δ(1−BACC)_cv=-0.0003  Δ_in=-0.0102  [2100 fits · 1.493 s/fit]
  B4d-B0d r= 84: Δ(1−BACC)_cv=-0.0012  Δ_in=-0.0065  [2125 fits · 1.495 s/fit]
  B4d-B0d r= 85: Δ(1−BACC)_cv=-0.0069  Δ_in=-0.0106  [2150 fits · 1.496 s/fit]
  B4d-B0d r= 86: Δ(1−BACC)_cv=-0.0085  Δ_in=-0.0009  [2175 fits · 1.497 s/fit]
  B4d-B0d r= 87: Δ(1−BACC)_cv=-0.0188  Δ_in=-0.0173  [2200 fits · 1.498 s/fit]
  B4d-B0d r= 88: Δ(1−BACC)_cv=-0.0081  Δ_in=-0.0124  [2225 fits · 1.499 s/fit]
  B4d-B0d r= 89: Δ(1−BACC)_cv=-0.0070  Δ_in=-0.0050  [2250 fits · 1.500 s/fit]
  B4d-B0d r= 90: Δ(1−BACC)_cv=-0.0091  Δ_in=-0.0084  [2275 fits · 1.501 s/fit]
  B4d-B0d r= 91: Δ(1−BACC)_cv=+0.0034  Δ_in=-0.0141  [2300 fits · 1.501 s/fit]
  B4d-B0d r= 92: Δ(1−BACC)_cv=-0.0001  Δ_in=-0.0094  [2325 fits · 1.501 s/fit]
  B4d-B0d r= 93: Δ(1−BACC)_cv=-0.0223  Δ_in=-0.0076  [2350 fits · 1.501 s/fit]
  B4d-B0d r= 94: Δ(1−BACC)_cv=-0.0269  Δ_in=-0.0038  [2375 fits · 1.502 s/fit]
  B4d-B0d r= 95: Δ(1−BACC)_cv=-0.0069  Δ_in=-0.0072  [2400 fits · 1.501 s/fit]
  B4d-B0d r= 96: Δ(1−BACC)_cv=-0.0053  Δ_in=-0.0102  [2425 fits · 1.502 s/fit]
  B4d-B0d r= 97: Δ(1−BACC)_cv=-0.0072  Δ_in=-0.0066  [2450 fits · 1.503 s/fit]
  B4d-B0d r= 98: Δ(1−BACC)_cv=-0.0207  Δ_in=-0.0093  [2475 fits · 1.505 s/fit]
  B4d-B0d r= 99: Δ(1−BACC)_cv=-0.0084  Δ_in=-0.0082  [2500 fits · 1.504 s/fit]
  → B4d: Δ(1−BACC)_cv=-0.0087 (frozen −mean_diff=-0.0088)  ncv_se=0.0109 (unclipped 0.0109; naive_sample 0.0087, naive_fold 0.0093)  nb_se=0.0084  ratio=1.30  MDE80_ncv=0.0306  1.504 s/fit · 62.8 min

저장: /home/junkim/paper_ajou_dev/PanDerm/output_dir/p6_regime_f/w9_ncv_se.csv  (탐색적 · 판정 불변)
