pool_index,image,pixel_sha256,sensitivity_group,target,prediction,logit_0,logit_1,logit_2,logit_3,logit_4
7,train_images/29192375ab1b.png,93717eeaf5ab296e796b22e4a7893c042cb0b53d1ec4c94219363a23d94842a3,7,0,0,3.22715,0.47327423,0.18864441,-3.7730293,0.15768814
10,train_images/92f313287a29.png,d2e4184cb90a07f628a8a256dcddc994ed3cce4cfd473893af68a36c195bf8e4,10,2,2,-5.938526,2.7131348,3.5691147,0.85004807,-0.55987644
16,train_images/9be71d6d7e59.png,dbb40d5e2bd6340ac3af407c1415e760edb09061aae283d1c7c9e94720edeb22,16,0,0,3.9869156,1.7833214,-0.052131653,-4.3439903,-1.0806723
21,train_images/5d6239c0fd39.png,c809dad3e1f3601343a06f591f50c1d23e7db610239f40c501960027549e372e,21,0,0,6.1906776,2.1985855,-0.646225,-4.9382095,-2.5062885
23,train_images/38e111cac46f.png,2eda12cea92b43025e3e3da9ac6c7cfb60cf3019fb3e61b16c2de54248205cc4,23,2,2,-7.973446,1.5432968,4.0849037,1.9953957,0.89478874
32,train_images/0a38b552372d.png,8dde2a9d0777b0c171e4ae4aadd653d5860d1bc3cfaaf97e2dc28fca2a44c884,32,0,0,4.443096,1.4005013,0.05255127,-5.869133,0.30250168
38,train_images/9a159d4674cd.png,2307a0e91b3f5c50ee711a4b3b5a1dbdd4c49aea46e03f0dbe0ba4d5caaeeb49,38,0,0,6.930458,1.9518471,-1.4144974,-2.3802032,-4.783758
47,train_images/6363b360aefb.png,32161dddb553ce9e7742e84b4ebcdacdb94df303ef8c3ec05fbce172d0269814,47,2,2,-9.702221,-1.1977043,5.475132,3.3858528,2.6479244
49,train_images/5db895d3f1fc.png,51754fdc45faa69c0fc6be0257e63fecf99d719b10231dbfd756b3d0df12dbb7,49,0,0,7.3342133,1.4311714,-1.0544739,-3.7170372,-3.7674294
57,train_images/9bbb6c455913.png,ca0b45bd8ab8c580d19e523e56da81b66c68b54acbc02d6c98b25b2d0d45ad7e,57,0,0,2.4142876,-0.45823288,0.2017746,-3.3617592,1.5201092
58,train_images/ec0c9f817b03.png,df11a3ec98921dbf693612aac315323da11d8f2cee58bd743b0ef7046b3c40db,58,0,0,6.29961,1.7472115,-0.07342148,-5.9287605,-1.7116852
61,train_images/3fd45879afe6.png,30c56449918e62d2064409456b92749f383b21a07dc99cb73eea9287a88dfe01,61,0,0,7.1912766,1.4227753,1.0948524,-7.6072655,-1.7668257
67,train_images/cd941e5bc659.png,d29bd9c33f30f9cc4f39a73085e020b150cf03410fb5f12d3fd845252fd2ec08,67,0,0,5.198986,2.279686,-0.23598099,-3.9481773,-2.963231
74,train_images/4982378d72f9.png,9a52198b23a9a88eb7286c456551f1cef3290891538545420b2d875eadbae6ec,74,0,0,7.6773834,0.68904495,-0.8831177,-3.1039543,-4.096121
78,train_images/ee059945b08a.png,8ac03c10403f732f86ee541888866c97d8bf8557552060d02fdde9aa806d1148,78,2,4,-1.1891556,-2.3834038,1.7404747,0.031208038,2.4332066
83,train_images/d29b37d110f3.png,b3e93fb8e2bdf1bd4fff555d9e43e04f0bdfa423c87a303b81b5ea7fff56c00f,83,0,0,5.967922,-0.74554825,-1.450882,-1.5766678,-1.8461428
89,train_images/7f39c36469b5.png,df2581fd190be09ad708fe4a36590eb5ae505fc784edacb98cd9daa2d05dc217,89,0,0,5.2794495,1.5915985,-0.466053,-5.4088326,-0.6545048
97,train_images/a3ad6c2db6f1.png,1692b3478b04b0a2a8b31e825574748f96afa952c0c9612536450028bccf02ed,97,1,1,-3.8620033,3.4442139,1.3935242,-0.67902756,0.2323761
101,train_images/887c26fc0e1f.png,5849ae7f80cb36d4e8866ee6a4dad5fb34d81e5443c4fe8b6e7333c44d2642bb,101,4,2,-5.913479,-0.80327225,3.6028786,2.0881996,1.4799309
108,train_images/42b9c1977681.png,85cbc2b295f0793346f7940a853a7a7d41b2f35f989f85eed5ddaa6f9c38910c,108,0,0,6.8452835,2.17305,-0.6853981,-5.2925835,-2.7372332
116,train_images/3dbc90c7ee7d.png,67e68aed22d7e28bbcbe224a29229936e800797753e326c640b786423cfcabc9,116,1,1,-7.215252,3.078991,2.453064,1.4571037,0.7660799
119,train_images/8d4ff745a409.png,a5316afad134bc35d5c90c81f1a42f1d58eda76f57b3cbcdca91e8787a42b9b5,119,0,0,5.117279,3.1233177,-0.25533676,-4.853527,-2.8471107
125,train_images/e4b0df29b96f.png,59614d448ef7e9f2e7f3d7579a2a9bd90d450d1e73853b6cdafec6fa83a53148,125,0,0,7.9087105,2.3398972,-0.065719604,-7.309181,-2.5008936
131,train_images/720b5f62ce80.png,0cf25d6e14be7cef7ac6af42abb4482b36f2c10e652bc5f15ce626071b1eb7fc,131,0,0,4.9768105,1.4471588,-0.73524094,-2.3139954,-3.1567059
132,train_images/7f6690fa390a.png,f9bea23242f11de3bf864c27229ffc5ca4610cb2103c78154b187a76867b1987,132,0,0,5.812599,1.1491508,-0.82738876,-3.9075851,-1.9731541
141,train_images/8d62ba9cb22a.png,1c67ca1669b23d5c60bf2dd67e0138a0007ba572144323295784ef141ef0db70,141,2,2,-2.9258385,-0.6730652,2.3503036,1.1759529,0.5933485
146,train_images/e1fb532f55df.png,fb179a76a65ccbddeb0f33c492ec296324b8d584fabd128f39cc71d4fe11e515,146,3,4,-3.4855995,-3.0286865,-0.73685455,2.7591438,5.024397
153,train_images/069f43616fab.png,d1787069e8da415663eee3a04d264958413555a5511dc1cc399b2167def60883,153,3,0,0.90346146,-0.64411163,-0.5224457,0.6621971,0.028656006
154,train_images/85f99e7e4052.png,bd2d475379c285391f022698dfafe2291c23896275b37328756b2e3d7fef1997,154,0,0,4.830158,2.5398216,-0.9636345,-2.6897697,-3.2750034
158,train_images/e97ecf4355cb.png,716b03001f77a7b07bdd8a3c8e06ab2e52c855137b5579cc0a4be04a636fa85a,158,0,0,6.121174,1.3414536,-0.19313431,-3.9442596,-3.0551538
164,train_images/2fdfb80ea53c.png,ff55b284d8dc770d034efccd2f13773e86fa2eae2af08e8bc99114552ce29598,164,0,0,6.808403,2.2470474,-0.110580444,-6.0342484,-2.568327
169,train_images/878a3a097436.png,425e5147068fa0a024b1f7839a2901219163d58792b3e1a969cec84107002513,169,2,1,-3.4691124,4.308998,4.0138626,-3.8967514,-0.39843655
176,train_images/3abac0961bfd.png,a17163a7a831dad1a163d4bee0cb3a27908fc38c3aca2cb20387acbc6043d731,176,0,0,6.519806,1.7790527,-0.8079605,-4.835533,-2.338461
183,train_images/1e1fb019710d.png,15967303b403fdff8d3627192ca31a7f2715b343f08b0befab077780f5a87e8d,183,2,2,-6.846821,2.0178032,2.9983368,0.72755814,1.6700249
188,train_images/8ed586c43023.png,7bef89982d5c3a61ae938adc54201c9b84c73ada0de8454aa101abb4ec431acd,188,0,0,5.309391,2.0235367,-0.07923508,-5.0105133,-1.9333057
193,train_images/e966850247f4.png,58e2a7277a2ac0ac8fa0b7e7dd0390da3ff5df3539255a5b1f84b3ee06706f1e,193,0,0,5.1310387,1.0727997,-0.10305786,-4.383335,-1.3714743
200,train_images/7d37a2939f12.png,be8bece0a0a0f6a9478d04d9e107e0992dbe3d328742093ac290a60b234187a8,200,2,2,-6.541088,0.5836868,3.8059502,1.1252098,1.5279121
206,train_images/23175b7ef453.png,24ad8393b2e32d2b78ca7fd2cd5ca67753c2fab67b4dfa28e3f8cc6ab90aca79,206,2,2,-5.320881,-0.27916718,3.9201164,0.12913132,2.0781212
212,train_images/f6f3ea0d2693.png,312e23e7782f1088f43ff71b2b8974312ceff12be08c8e4c146d194ba8daf94d,212,4,2,-11.01199,-2.3351822,6.209011,5.090786,2.6508522
216,train_images/a1b12fdce6c3.png,bb6d47fe3863ca6bf85bef36528de631c22a926ea3aff21beeb1ea9c41b7aec1,216,2,3,-6.757473,1.279602,2.5507812,2.641613,0.77122307
221,train_images/a4b8de38eac1.png,2fd1eb23244d2619090010dcb16a906e1b69086dc10e9ff6a4737c34f83aec61,221,3,3,-5.899334,-0.44091415,0.9402542,4.405628,1.5150414
227,train_images/3254e48c8aa0.png,8647b7010f189f92ca3564cd8d0eac55ad1d85173700d35a7d5fbf6f3f5102a3,227,0,0,5.9459305,2.0668411,0.89105225,-5.634712,-2.958315
229,train_images/38b9bb961847.png,0e2b9cf5812cac0c310755b83ba850addce65500c4670f130b2efbf6711324ec,229,1,2,-1.5761452,1.8656349,2.218357,-2.4147682,0.21671772
235,train_images/8f10e41a2f02.png,b7abe7dc3c50e32d3128ee1f786d9d2cc7015facde1473c2c5840e4416b9ef94,235,0,0,5.8224907,0.71126175,-0.30283737,-5.919979,0.00046157837
241,train_images/dfc7ec7db0e0.png,bf3c090eff7fbefba433be527a806801e8d3e6b1ecd51e13a4492a0104b1095a,241,0,0,4.2461624,2.2242012,-0.6647415,-3.7816696,-1.7362709
247,train_images/42cc993f23a9.png,0818dfe0e591f17ff1a00f9a0a6eaacb265e4a7fb39c61701f6dba5b0188b833,247,3,2,0.025115967,0.7570381,1.0806084,-2.0358772,0.80082893
249,train_images/3908b3cfd620.png,eecfb4385e914786be8625ee9c9980e72a4ff135efda87d02ac95d5035589b91,249,0,0,6.0375366,1.9133148,0.40375137,-5.372246,-2.6921139
252,train_images/4ccfa0b4e96c.png,813abb7c889c6a8cc6abdb00b1c927cf7136d7dffe8233ffeed228a3ed0d6287,252,4,3,-4.933193,0.3188362,0.8811989,2.3574944,1.9126606
259,train_images/174db0854291.png,3e566ac8c1a916b23606dde41cd07324427c21c3c92c8fda73790c6d0c44f885,259,0,0,6.25021,1.152462,0.55970764,-4.9203186,-2.6838741
264,train_images/599b89048034.png,c76dbb0ccd04410f539581e96211d84ef5219b857e8a3b2486777a3a01c9f222,264,2,2,-4.9565163,2.7473145,3.2715225,-1.1147385,0.5156956
269,train_images/d7a01fca9838.png,7da803f51d3647b481e1a3c0185a7bf01af469db40b8a31989d684bf11adf750,269,0,0,7.9922066,0.970356,-0.9996872,-4.0172615,-3.617899
271,train_images/8688f3d0fcaf.png,732efc7180a6ffbf206b8323fdd2214d874f2f966d80f5636833b1cf2862e35d,271,3,4,-5.9319115,-2.7500877,1.046463,2.756939,5.315819
280,train_images/6155cf375354.png,9c24bc774ae3062ef42d33ca92031e24e09175178be0f8ee558799796ddfa4d6,280,0,0,5.283699,2.6870422,0.3026123,-5.1801147,-2.7725706
287,train_images/b69c224edd6e.png,369ad5862b9395e3eefe91adefdf69c84e25b71581386574ecc799429bf42b39,287,0,0,6.0824203,1.1947441,0.58143616,-4.59354,-2.8813133
290,train_images/f3bb996b45ce.png,9ef33aa547cd3276d4b7a47f3d1ddaaadf9aac3d60a3082854592f45fca13c6c,290,0,0,6.489071,2.2815208,-1.0144653,-6.037037,-1.4185753
295,train_images/35df2bc6ae95.png,dcab6a127b5168bb838c11d69dac50d83088417245c4dd04ee83bc9296f6ad24,295,0,0,5.841366,3.183197,-0.832386,-4.6921425,-3.2181034
299,train_images/5bea250d8bf5.png,f8f66583ac1603e4c6fd6c9a4ca693825e9a492bc215e26a55496e4a133ecd29,299,0,0,4.3773613,3.2464828,-0.3644638,-4.246052,-2.7091846
304,train_images/02685f13cefd.png,79fb0890b5455a0f7331019548d699d111acf077d09381eb125397a712e4e1a0,304,4,2,-3.342949,-0.08123779,2.7976913,0.6078453,0.56905365
311,train_images/7347bd23ba80.png,4a3d5be9a83655389ed792012244652220f1c316ea14e51f417a922958189c21,311,0,0,5.8142776,2.1773148,0.37582397,-6.0083466,-2.0284748
314,train_images/33105f9b3a04.png,d8716779bd82ef4fdc2d566c74a33bfa83c30a240536b0af716889f13568a543,314,1,1,-3.1058578,3.2186852,2.0935707,-1.4183159,-0.14297771
323,train_images/ff59d44a70a7.png,354e41e97d57137c94ae66d41aca69639d48e7fcb1b200749244f26345a5dd68,323,0,0,6.03294,1.1824532,-0.6194229,-3.9071999,-2.3814774
326,train_images/b6a0e348a01e.png,bf8c26a1da5d16da9273c19cbe5508137c334f933d3c7c1f2abedf0b87c45539,326,1,1,-4.315365,5.0618095,1.8311462,-0.6678772,-1.3439655
327,train_images/18621b9ca978.png,1a962e378e376ef5a483b0e1c2498adc74daf998c1a68302c4b0c5e830b8bdbb,327,0,0,2.7467918,0.16218185,0.82770157,-1.8947144,-1.350132
333,train_images/cca626a0e19a.png,3ccd3e828aa4317aaf74956f7bb5b99df5e4082950dee58a10f327bb8fe1ddcc,333,2,1,0.16998291,1.9326706,0.9576874,-0.62511826,-1.8974695
336,train_images/c8823cdaf7fa.png,306df8dc5fef50bf6b5c48b4103b380176d8a43ffe43ba4d16cfa62ab9f9382f,336,2,2,-7.8069954,0.05612564,5.3374786,1.0840263,1.8711624
339,train_images/f09fd9433dff.png,75a4aef18f9cc1dc9d7c0c4e636df6c90da906d564c4b8cbaf5da71e082fd8a3,339,0,0,5.927799,1.6846123,-0.3599739,-4.28743,-2.6538153
345,train_images/1f5496352859.png,086b47a5f2f28936db7ca314ae47895861ae8cdc216bdf18f4ce9335c15c4891,345,0,0,6.9281235,-0.3795662,-0.8943291,-2.4867706,-2.8840694
347,train_images/da9fe02dead3.png,ef1ffafb30740c1bc0bdad797f07b14c99804a6167e4c54cfc5346a63f92a797,347,0,0,5.6587296,1.6814766,-0.24240494,-3.9009132,-2.9476767
357,train_images/37c523296d42.png,df5ce267942132db5e533e68c06b79567cfbc7b2ffe71e42118ed4ce26556f68,357,0,0,5.0914536,2.483612,0.07924652,-4.389843,-2.9825869
358,train_images/799214e8b07c.png,48e6727a6974c456c185d01487747518ee23335d7173ab6b13d9251d48a6497c,358,0,0,4.8359337,1.7332039,-0.022823334,-4.9670944,-1.2750397
359,train_images/107aea0d9289.png,3b384b5ed27cf7ed7d0a0a2165fa7ce3d849e8015d3bd6476c1b68aff3b0cf1e,359,1,1,-2.9562683,5.3019257,1.6222992,-2.00663,-1.413662
367,train_images/7a12f49e29df.png,adf90917cf599bb619825752611a4a53aaedb7f9774ba55c4186ad9a700d4b29,367,0,0,5.022888,3.7507248,-0.40447617,-4.401451,-3.570222
375,train_images/55eac26bd383.png,9714add774e393da26d0f1ce9fd2f53ff457e97e14ac3eb5994ed8d421091979,375,1,1,0.42066193,4.9787216,0.47830963,-4.2500496,-1.1447649
381,train_images/299086c6d1b5.png,5d26c9919542f5535633dc2eb1cf928f61d43667ec7d28eff2ad1c02d8482d92,381,3,2,-7.113758,-0.5426483,3.7967987,1.960537,2.33218
383,train_images/921433215353.png,071387b933359dadc7d6a87bfae2842382428cd56772c74770f2225c1f7318dc,383,2,2,-5.3351326,1.9198456,4.5654335,-1.8876343,1.3593216
389,train_images/ce8d2efd9d4f.png,3d95aa8b4c5c29fe8e1c742fe4ea9f94bfa67446e995f60c6b71506dc304c790,389,0,0,6.0891304,1.8712959,0.42251205,-3.9617805,-4.1046276
394,train_images/77acc2cafee1.png,b64e865450fbfe50a8a3511826533cd4043e96a19959d9a6b0b7c4db17f0eb8b,394,0,0,4.8545036,2.434986,-0.102321625,-4.7924347,-2.0860043
401,train_images/af828dab3ffc.png,ee1e2fdab8578e2d4c6f9d72f62fbadc258502d0491a4ed0912f21245e3d4f8f,401,2,2,-6.5263863,1.1864891,3.9558372,0.8295708,1.197998
408,train_images/bc34ed91c9bc.png,9d96ea52c89bd809a29351a2104371e8a4dc07ea134f1ad8f7bbb5b624e08678,408,4,4,-3.5723076,1.8289604,2.4603577,-2.79784,2.471035
409,train_images/da1fb35f5df9.png,8137a89e42f619af77f9dfd571cf6b568e5ba6f33ade9aa8540a59a51de96899,409,1,1,-1.5061226,2.6221008,1.095604,-2.6962852,1.0167122
414,train_images/0ef4c61dc056.png,3724387b20c9c4c6c3866e50e93d7e8fa0ffb9ac69e40b337ce597de6a7c50b4,414,0,0,6.8843193,2.8227234,0.7494049,-5.9967575,-4.2017536
420,train_images/b1197f2cc9b3.png,8a9797fc89e0f7c7bd92ff28fc1180f201ad3842d8b426c1ee9502ab938c163c,420,1,1,-2.1943398,3.8156204,1.8566933,-1.9006882,-1.0807581
428,train_images/19e350c7c83c.png,cd834e9d9e273765341d800ec2865100caac308e80d9f16c66e4f57892b2ca71,428,1,1,-1.4169464,4.87109,0.8526726,-1.4420319,-2.317646
433,train_images/435d900fa7b2.png,99eee87519c0e16e6cfecc3f4b7b7f8f18a0cd2cbad97860492f2d35faa9973b,433,2,3,-11.187176,-0.72408295,4.1811905,4.945614,3.4185047
439,train_images/eba3acc42197.png,f797b7d2bc34ee8f70bf5b4372d32e30d595549bfb964d3af1ffa265f3d27274,439,1,1,-2.325901,2.6452255,2.2725677,-2.729,0.57981396
444,train_images/7a06ea127e02.png,11794a6ba3057205328abc88cbf078f992d701ea2d1230ffdfdec6f04af72ed0,444,0,0,5.463703,3.1999855,0.17354584,-5.216667,-3.3106518
446,train_images/a1faeb4d5f10.png,3a398944ef38f3a45059bd48d94d44b428c3c2a890b78d2d7173b2c1f25abecf,446,0,0,5.208679,2.0351639,-0.05363083,-3.5114746,-3.3561668
454,train_images/6b7cf869622a.png,c51e01680d7ad830f4591432953eac494bc98c172d9b97e781395ad26f8081d2,454,2,1,-1.8465347,3.3569183,3.0922546,-1.8752556,-2.1264162
459,train_images/5b72ff04333d.png,6bba536659676df6742f0295a98687d816d02a7af7a4192ddbc086d74c9a1ec6,459,1,1,-0.7536888,4.4848175,0.6941109,-2.26902,-1.6583128
461,train_images/fb696a8e055a.png,147e6b60ad67bbbb3a78f508d2591ccf70acac1a393c3efe8b4b7613ec6247f9,461,4,4,-9.847744,-0.27980042,2.971878,3.6855202,3.9395638
466,train_images/f36cb007a1ef.png,0c1b333c9e42819079f4dd3b8fba805519cd05a548d3f8a88e7383909e9fecc6,466,0,0,4.675682,1.9047585,0.39101028,-4.236393,-2.428029
472,train_images/5eb8fb1aad41.png,d09ae6cdb4be2b56a94c809df7265ffc5367714e428d2bb584457b03d58447ee,472,0,0,6.5013924,2.7030678,0.2638092,-5.999012,-3.185669
476,train_images/194814669fee.png,60610c342a58551561c323a95835c4b3ccf3f3f79761a14d0568023b428b99b2,476,1,2,-4.7728233,2.7359314,3.151249,0.3765564,-0.8709192
483,train_images/8f2996b8d855.png,a96a664e66700148cb95d3dde854b364c075bf87c357e7a18b8823b1fe592282,483,1,1,0.07569885,3.4760933,-0.35222626,-2.7227287,-0.036123276
489,train_images/0ae2dd2e09ea.png,3a9753ebb23c971263daa6851bbc2ad6558f10df26a82453925d28939ad6e131,489,0,0,5.156845,0.9205513,0.053173065,-5.461239,-0.30103207
491,train_images/abf09c44d5f4.png,9055ae48f4aa3fa66004d3eae4a191286b979980fe873c06b6faf27b44c37615,491,2,2,-5.1897163,1.8087921,4.8411674,0.021320343,-1.0053358
498,train_images/3a61e690f4bb.png,2135079865f19095bb615f923d11e11fe4a6e2050cd18d11f5cd568ac10f95e7,498,2,2,-4.920231,0.9273987,4.361561,-1.4618607,1.714323
504,train_images/ae2e888905ba.png,119bbde338e062fcdb8dca3664c61abc41eedf04b3701b6827115c3980d1f02e,504,0,0,7.5636444,0.81663513,-0.37273788,-4.048439,-3.6591988
507,train_images/c252da9b41d8.png,984dccdd92590c44a86085b6002d1e541e4dc275ac68da0e86a9490345354ff7,507,2,2,-7.6241646,1.4309425,5.353672,-1.0402489,2.369257
510,train_images/8596a24a14bd.png,0f46e66e860b0614e48fdff26733a746c552f5cf399add99dba199855316def3,510,4,3,-12.450329,0.7970619,2.6155663,5.943325,3.6116123
515,train_images/929cd3867815.png,07e2da1fba9b6ae380efd9862f619cf36659a339a01f936d0d602cb5a2f96725,515,2,1,-0.40351868,1.1218109,1.0108337,-0.67580795,-0.5163059
525,train_images/45c39ab9e797.png,14bac39ba703ba161b343e7d66497a65096d6646c2b705b69d97f99cbd52719b,525,2,3,-6.296398,-1.7001076,3.6886673,4.6758842,0.22305298
529,train_images/ca9c912ebad7.png,1d6f8f0a41531c1b16c2e635cce2dba61a0e458b39033e604fde843026c7ec17,529,2,2,-4.4211693,-1.0528603,2.364685,2.2720451,1.3264618
530,train_images/0ada12c0e78f.png,7c9f98c629b196ed7d4844ab85ef18728ca8a4b417264b00ac7995f4a0a54b19,530,4,2,-10.021984,-1.441555,4.730816,3.702549,3.6317215
540,train_images/aa6242f9e08c.png,fb4572bb10bb1bb17039f7fd7a13c809855ddfccb69201bf70104e1d627330f6,540,0,0,6.994793,0.22011185,-2.0453186,-1.0542793,-3.779171
541,train_images/8b76c3c5cb3e.png,b11babd97f60a7a3b69400c0e5ffda5e28ae7fe0c654a62dacb8da2754a28910,541,3,3,-5.411602,-3.8960876,0.6504059,4.9649925,4.2351418
549,train_images/598b8f5b3822.png,03373e84b614cc4d0c25770fd9e55514102e114bf001515a67e8ba8f5d5c13fb,549,0,0,6.741787,0.9821358,-1.1147537,-2.5604668,-3.7096014
553,train_images/6c6505a0c637.png,6d30136eea9e9863d12fefaa5a05729bdba8dc84e0cc9f3a34d7e0c10a3b2f4f,553,0,0,6.953472,0.12086105,-0.7212715,-3.6009483,-2.5140095
560,train_images/a07d9a5045cb.png,f2e0ca65530b82e7b10aa52c1be56e740ec1367709da3807dc259b32451cfba7,560,0,0,6.4541626,1.9297485,-0.1494751,-4.9790573,-2.9521885
568,train_images/86722fcd802c.png,660bf59ceefadb0651162d7c8bbdeb938dc9397cf821d01421b46945433314b3,568,2,4,-6.780613,0.89541626,1.9197044,1.5413246,2.9998322
575,train_images/66bfec8d6bcd.png,60a81873069f0844a3ec1b8c45fc467c84b27f57390858c4edb868cd6831aa79,575,0,0,4.639511,2.8310547,0.53232956,-5.148651,-2.556179
576,train_images/207a580de0ea.png,8ab22a18047a633ce18304965765173c0dd0308f8b4228e94ffd46a0b2f98424,576,2,2,-5.649662,2.1940842,4.3000526,-0.37150574,0.011436462
580,train_images/b200c23b299b.png,f2fdb8791f4e45080ad11789bb5658542d634761883463fe9bea5cd5668b3260,580,0,0,5.963764,1.2248001,0.88820267,-6.185562,-1.5826626
584,train_images/e4c799738a19.png,c8e01f11ed207e68869cd16e8620e3ee7fea7bad15d67344c1781bdea9225a8d,584,0,0,8.867294,1.6144791,-1.0752296,-6.5646324,-2.506774
588,train_images/1d674e2e32e0.png,4b6ab1840e6ae14e2e426b44119d7d9c5ee9bacdd0af4121786d2e3f7a7ea5dc,588,1,1,-4.6423225,3.1158485,0.8947525,-0.41132736,1.6224022
592,train_images/c24bcf7a1bc4.png,72155fa1fed156c98ecfe0fde1d66b4d125b7be2fc97fb7cd5355d6b575c2c76,592,0,0,6.81398,2.1175728,-0.39032745,-4.886757,-3.32343
598,train_images/e50b0174690d.png,13b93ac715b9d4d65e817c59e176ae1035674aa5d1b837675ee4da03577b8d94,598,0,0,3.3537254,2.3017006,0.032104492,-3.033268,-2.3456068
601,train_images/bf87aedf2489.png,9ef958cc936bf5be58d23e02fdca59113ce311697f401722a6a84870732fcc4d,601,0,0,5.1931305,1.718914,0.023029327,-4.1015587,-2.5657606
608,train_images/4dd4a4bf2421.png,e475a62b053c477aeb150e03ad12166b5db8e9ada7a52ebe010e43019ea31b23,608,0,0,6.867752,1.1623039,-1.2598457,-4.135727,-2.3555603
615,train_images/870fbe6eaa68.png,0f3ad09779b61f2370a3c2bd3526fc2eca310a5c387f2dda52afbf33e0ac35c8,615,0,0,6.500904,2.434761,-0.2569847,-6.0179214,-2.3153706
621,train_images/f1dc26c4bfa3.png,4d930ccc7c774f2c0bb23be92eded8b0a548a1f4c67f7370fb8d13feff5fdd5f,621,4,2,-3.1049767,2.074627,4.133114,-1.8894348,-0.75156975
629,train_images/d18e5b68f6d2.png,49a3283f5de6b43480d61df943fec9da9c827673d1d32724d2810d327a48847b,629,2,1,-3.5128593,3.6328506,2.8490715,-1.3468819,-1.0932875
634,train_images/15e96e848b46.png,b9d874e27d4d773551f1ed17fd4bc12295f61a3230afb26da63b712425b58d33,634,4,3,-7.0065193,-1.7999115,2.2443771,5.257511,1.8378677
637,train_images/5cbe88914a72.png,52ddd040ba7aa6e43afba6b0a8e607d12a5086937cdc113fb9118d103567a7e8,637,0,0,4.3249855,1.9639091,-0.044548035,-4.4130325,-1.5105143
645,train_images/42b93b574f23.png,d2bb0c8be20eb93f4c54fe150284d42ccedfee16ccf0d8cd33a4139bf8e1c2cb,645,2,2,-3.6794548,-0.4004898,3.4457397,-0.010566711,0.98439217
654,train_images/d18aea8238a0.png,70da16d703f16f6e7e22f1f89a8fa7688f9b18b0d94f4aa44b405701f088bca3,654,2,1,-2.788124,2.109558,1.4887733,-1.5362244,1.2517986
658,train_images/1c13a1483f4a.png,094613f28258396ddfd3fcc17f50e03a6e72bf23c0a370e85a8b5429ccaed3c2,658,0,0,4.3705482,3.177597,0.7400017,-5.031296,-2.9754057
661,train_images/2b48daf24be0.png,9742ecbb749ffa977f87ae7290f8cedf971e7d0fd7aeddc65872b468f13efa2c,661,3,3,-11.059795,-0.33119965,3.614544,4.393223,3.9915104
665,train_images/958c1fa044ba.png,364661d8d1e62dcb56f53e72db166c25a484a6c3e481dbddafb9b873be93bccf,665,0,0,5.7766,2.500618,1.0276833,-5.734516,-3.2331676
672,train_images/b0d6417bad3e.png,ddb204adef505195437e8987b72ea66af01026ce461d1ef198703927b3eb8778,672,2,1,-5.665531,3.0841217,2.3476448,1.2903023,-0.47115898
677,train_images/1c9c583c10bf.png,7a3b576b588c36cc173989d29f7b96ea54b05a285a74a423193d9efb35ec2815,677,0,0,4.234127,3.9202347,-0.64972305,-5.1062355,-1.8689098
683,train_images/3e61703b5ab2.png,26ff6947f3a32267a9a260a50b8c0bf021c7474c6c2eb9f830aab4a0a8b465f2,683,0,0,6.9743576,0.5458679,-1.2298279,-3.348198,-2.742094
685,train_images/bb85097857fa.png,2ddbcb40f4842e8ff57cdf65f21ebd17db821151f6f876e585d809064bbb0326,685,0,0,7.9489975,-0.5657196,-1.5199242,-3.1318588,-2.351923
691,train_images/20404ec7b518.png,e96eb3f16c136627c5051d4960dd84afbf960b61affd788d8afc0a9b4675d303,691,2,1,-7.453144,3.9321556,2.7233238,-1.4667778,2.8595314
693,train_images/40dd4e6e4444.png,aabce2ef38b4ab32f0dd4a57b65c4c23829bf3458a42e2d0151565b446ef65d3,693,0,0,5.064808,1.9882698,-0.4967575,-2.594448,-3.601839
696,train_images/dcf109df1a2b.png,c3abf2a137d78531e2916b75ad73fab9600876f605451d2d1beb80f340119721,696,0,0,4.7522964,1.9450226,-1.7768021,-1.224411,-3.428873
703,train_images/0dbe6c26cedc.png,fa43c8797f3fc7ede848a5bed9f47c226694730ae0af003bda9d371a308d0401,703,0,0,6.8860397,0.8722267,-1.7177162,-2.7160454,-2.9943972
705,train_images/1006345f70b7.png,99eee87519c0e16e6cfecc3f4b7b7f8f18a0cd2cbad97860492f2d35faa9973b,433,2,3,-11.187176,-0.72408295,4.1811905,4.945614,3.4185047
708,train_images/35777eb7859d.png,9dff1da93cc0ed0dd8790675e8eddfb0b4a32904c6060c02a909874778e58211,708,0,0,7.02676,-0.39918137,-0.6387558,-3.7500496,-1.8153543
710,train_images/3b4a5fcbe5e0.png,7d1d879f980010e0b018cd8cce764ff79f54fc54323912de7e5950899e5a6478,710,4,2,-10.911465,-0.54987717,4.8145103,4.1632195,2.9959984
717,train_images/5299a532f0e0.png,a596b9a4cfdb8f3c9cdbb578660a10a4beeec0af26d19696040658ac5ae3aaf9,717,0,0,5.3904266,1.3519516,-0.29803467,-3.9917793,-2.1514854
723,train_images/0953c0ac1735.png,89ee07623edc358e3d2f734051166c6f3c8c842111ce0ad9a4cb14388ca51e34,723,2,3,-10.485844,-1.5392838,4.016094,4.8464622,3.733654
730,train_images/9d75de31f1b8.png,64337aa60c8b6e1120dfd3dcf171569222cac9fbdf2166c21c5b7b5812d7eaba,730,0,0,4.9398575,1.3659134,0.3913765,-5.377121,-0.9580145
738,train_images/cfed7c1172ec.png,6e576ed4315f8980ced4649825588d9cd2eb5f1fcac45af20cc2f03a1968d081,738,0,0,4.985592,2.939537,-0.5263901,-5.1897774,-1.9271631
743,train_images/f0e1201b5c1f.png,516ea7477b8b6c0a54fae04c8b038dcd5403b387f9563a38808931a03028c61b,743,0,0,7.6272697,1.6152573,-0.91158676,-3.267334,-4.7451477
744,train_images/1e9224ccca95.png,312e23e7782f1088f43ff71b2b8974312ceff12be08c8e4c146d194ba8daf94d,212,4,2,-11.01199,-2.3351822,6.209011,5.090786,2.6508522
748,train_images/b72a86d61959.png,c6a82f7b6fcae8640e08acb5603652fce9e8d501fa236fbc4107754f0a55f458,748,0,0,4.980217,2.1792946,0.63674545,-5.2818832,-2.2285995
753,train_images/a476fd984005.png,c6b2e9068d9a77c452d9ed1479c3e5a469dbb4f26ee4a1171c7732260a6de185,753,2,3,-9.246639,-2.3134613,3.3098106,4.8832893,3.9874
759,train_images/4ab8c0cece7f.png,d5ac6517493915a0d61b47236ef8d2ce967f944b31a1b846de47ad59544e69fe,759,0,0,3.7023735,2.2734604,-0.15580368,-3.842495,-1.712575
767,train_images/878e356c8fc9.png,af5cfee1fb6309801f059dcb77139d5b2a2421f648bd5e3144170a37d3134531,767,0,0,6.256443,2.7158928,0.2478447,-5.1662216,-3.7531414
770,train_images/4eaf2f81819d.png,6e42d614d989d8adf9078490ddf51dc4d560358411cc0a3bc4695e695ff10bcf,770,0,0,5.50465,2.333046,0.102954865,-5.8725853,-1.7654324
773,train_images/cab3dfa7962d.png,e690939eef66ecdc312f57ef290d84e73947f0806e585a116da1b3cea468cae7,773,1,2,-4.3775826,1.6708183,2.3005943,-0.8241043,1.8078346
781,train_images/89b044cbaf85.png,445945eeca44cd92d58acea44272b06ba5ca2f4ff979331a5f32d7c83840cc2c,781,2,3,-11.3670845,-0.72174835,3.0447044,5.8545876,3.7472954
786,train_images/dbb2c63f6f08.png,6d6f2c8cfe840da57f5a42f195755624e6cd25573d1b2345a788965a2d4864f5,786,3,3,-8.653584,-1.8473473,3.0140724,4.7456474,3.2694073
793,train_images/04579e31e4be.png,4c084c2556ff2575b472b400b54b82c21cf9fbde6568a0d215a7f7cd8d4753a0,793,0,0,5.396118,2.1978302,0.21744156,-4.3329544,-3.1935701
795,train_images/4462fba1d2a1.png,f6678f7a4b6a45ad77d833a8be8189db3105aba277d52dc97f9074124d6cf3a5,795,4,4,-8.468571,-0.13043594,3.6657524,1.5227165,3.897726
797,train_images/5995321563b7.png,27429b72e31105d93af73930769ce0683d7d19d36e4a9bc49a0842c9a359744d,797,0,0,6.635048,2.3849602,-0.5201988,-5.754486,-2.4211636
807,train_images/38055d8b9f08.png,400ac3f73a84c18b7fffb32eedd393b4ff017ebcb7cd96449e9c919e670c65de,807,3,3,-9.527805,0.33185577,2.7365417,3.6086693,3.4858723
813,train_images/cf6551521a35.png,9712c527315f8b295cd66c57a747fc912ebb8c5d5d6a1abce95de81853df2de3,813,0,0,4.3404007,0.052898407,-0.54626465,-2.224018,-1.2622795
816,train_images/5ad3dabeb2cd.png,99f243c5b4c49ba210045ba445e6ffe19d3815ff2eb3dd2c2669c8467d1ccab7,816,0,0,3.4102173,2.0960312,0.6025467,-4.671856,-1.0847216
819,train_images/f85c78201a50.png,231d4f33912a2bb543e4bf6f75e204b266e48839aaf42a66d41eb22a642026ba,819,0,0,5.23608,1.4222031,0.52851486,-4.8278465,-2.0593395
827,train_images/1120f6d08d95.png,e993305b5f823bba61b5d3f8b489195f3e196dec4e56a4af94fcdc459fc6c0f6,827,2,1,-1.0167618,3.1958427,1.4705849,-1.7852592,-1.3477287
828,train_images/1ca35d483772.png,2e0086fbdda027b3c595f2cfab4f6f457f00c3f1c39b2f61f479b899e5c1da6f,828,0,0,5.342724,1.6650543,-0.5036278,-4.6447487,-1.5339184
837,train_images/99c626e58464.png,59108f324bda498d76f874f279c1736e4d24e0d163f7a482e734d1ee2ddfa369,837,0,0,4.0669785,0.23317337,-0.33456802,-1.2731972,-2.373126
842,train_images/2f4e81787d9b.png,04c943e594d472c5771c87e2a8418e6399d10171def7d7a40be2b1453f85b36f,842,1,1,-3.2183685,3.2146225,2.515648,-1.930233,-0.22908211
845,train_images/5e7db41b3bee.png,bb6d47fe3863ca6bf85bef36528de631c22a926ea3aff21beeb1ea9c41b7aec1,216,4,3,-6.757473,1.279602,2.5507812,2.641613,0.77122307
848,train_images/7ed4128b2a4e.png,2f347bb41dc2815eb939a8d1c63b06334b9b1eaee8841a44b32d1f494f004389,848,0,0,4.9742165,1.4636002,-1.062149,-2.992466,-2.0786934
854,train_images/77a1f1398fdb.png,41fb05e13ddfc2b1b35a4bc8f4088a325f8e8d4292250279c0e8b6e362cda393,854,0,0,7.4641266,1.2132149,-1.2777596,-3.8031464,-3.1358519
861,train_images/f58cdfa968be.png,e5dfb2a0023710dcb0540a9d509196be7c77e3e3c078fa9397c80842921d5af2,861,0,0,6.8350716,0.16647339,-0.9948349,-1.6244316,-4.0606623
866,train_images/763ad1236efe.png,2067a6319680fcad5a9c5c4f284bb45f4c3b9c989eec0d03b0ee4d033c366bb8,866,0,0,4.9092712,2.6756744,-0.3859558,-4.323078,-2.579423
870,train_images/5078caaf1f57.png,5eedb33c6c9f7a9d3980c4d2b061365f9b826de27e2f47003293ad608c7a0ffb,870,0,0,4.6212425,1.1103172,0.77316666,-4.2463493,-1.8410864
873,train_images/3d2ecffe0386.png,50deb86f2a36ca1f1e74c374a804d36f50852cdae4a99b9a88b8efb51ba7671f,873,0,0,5.8032074,1.7805634,-1.1334076,-1.9886818,-4.1429663
881,train_images/4d17559ac1e2.png,e420da01506880d1edc51de4fff12ae061070eb778ad909efe7d75cfba2a25c6,881,0,0,2.8616219,-1.0738182,-0.3930626,-0.92113495,-0.060147285
884,train_images/6cee2e148520.png,e6e80a3cd3f760dabdcdcd5b99ead684e309aa0e33499c6b09755c56de327554,884,0,0,4.9958878,0.22180939,0.1124382,-3.1150398,-1.7404652
889,train_images/191a711852bd.png,89139434b7b2f5f67a76ec44cbfe2eefd6f0cf0aad8a663fe80e630db811abe8,889,3,4,-9.499996,-0.5500908,1.0353737,4.5329247,5.1520424
893,train_images/d85ea1220a03.png,aa6bcb0a2b27e2cb806eee7a39cd3de3a9af1ab8890b122547f3156fb2885708,271,4,4,-5.822506,-2.7060242,1.0353813,2.7858696,5.1442623
898,train_images/780f9c237c56.png,b742063597a5065537944b0aa5f4a2c1a2bf059af0bfc878d44068bb375fa3b1,898,0,0,5.9348907,2.4985619,-0.42064667,-4.967037,-2.6658497
901,train_images/d85588ff2ebd.png,218657a9a2228eb17d677a87f31e1b817414a90648662d8d3815a874e1c068c2,901,1,1,-5.7505074,3.657631,2.143219,-1.3826065,1.8300686
908,train_images/902dc5a91a3f.png,577f15c5160efa4749c45cd6ceb41b0d25938f208087e9f5b42b00fa537b39de,908,0,0,5.9639854,2.496395,-0.5991249,-5.5644035,-2.0412712
910,train_images/7ec0e61a7e29.png,4a97e1a53c6f23150c483b56a5781826b198aff33459451aa5ade5203b1945c1,910,0,0,4.596546,1.4349518,0.079502106,-5.919323,0.18185425
912,train_images/45369821d6a3.png,a51f0f8a1a2e1ea7487ceecb66986f8c3c60ef551cfe8ded09d27d4526ef36d8,912,0,0,6.140175,1.2805138,-0.07188797,-5.2242165,-1.7749138
917,train_images/7d11dbc1e738.png,0086b2ca56624f7150cc6ef7a681e21e1f99d88fb8c64ebe49ea85a8cc1177bb,917,0,0,5.695713,1.2795944,-1.7374039,-0.85837173,-4.065462
923,train_images/6f4719c6bb4b.png,49fe227c010210def4729f6c1d67090907d31d2791c3ec3f11196d12d96a9c22,923,4,3,-10.97488,-5.6737804,4.4464684,8.10001,4.7056923
930,train_images/b460ca9fa26f.png,edec5ed699866a17267ed8efb59d6a455e008ec7903ebf1665a2baf6d253d873,930,0,0,6.490471,1.9596939,-0.12800598,-6.346489,-1.6178417
934,train_images/549381330191.png,fdad2ad2867e2a39801872edefb9cd6ccdaa62e673aa24d6373c679d2bd4919c,934,0,0,5.3968697,2.0736046,-0.64673996,-5.5960045,-0.9263687
938,train_images/dd90c321d7bc.png,866c6c5a5164bd49e4eeea7269edede14f972be4e7a499f69f32d7eed062fdc3,938,0,0,6.232971,1.7190704,-1.3965149,-2.906746,-3.329996
945,train_images/53c874dbc594.png,9aa64a2bd8f7a8b90244d89923765a2197f5569b0af4107718ced31f0f316598,945,0,0,4.8991394,0.34881973,-1.1581192,-3.033718,-0.7245703
946,train_images/40527a5e95dd.png,4be64b6d8b4bd549f2f1eceaeb88fd478cfbb0bf08985a8202a7f46ef1dfd629,946,2,1,-6.4024544,4.418667,3.7701836,-0.627388,-0.55047035
954,train_images/677f087cd697.png,7187e291d41c92302f1de84d35da8936b0c9c33553007eb9d465ddd5868c7f14,954,1,1,-2.771534,3.4438438,2.0457344,-2.047058,-0.18633461
955,train_images/b22cc1bf0b8a.png,b9425c6c39bbd7bb9b98fe712b0f99eaac3573d05afa8a532202143daf0dd7a8,955,0,0,2.7816582,2.1736603,0.71572495,-3.9909134,-1.3672142
962,train_images/a47432cd41e7.png,62472eaa23964a3848246252c4b34601341e28fd16c97a2761c106cf88522a6c,962,1,1,-1.5734596,5.1563873,2.6821594,-4.271061,-1.51826
968,train_images/5d5b5da5f939.png,69df3426b220ea33d73dcef19c0ddef8873f9a3278f7bb6b920385bbf36ddd5c,968,0,0,5.7066994,2.0033875,0.84999466,-6.456646,-1.7856808
973,train_images/6ea07d19b4ce.png,af73cfc382a8c7a9b0270a712e6402601f2b7c8af11e593fc8fce37da75ccd8f,973,1,2,-1.938221,1.0778275,3.5789757,-1.5883217,-0.60272026
976,train_images/a182b5b191de.png,043749d1388f5a90aa3eccc83e3ba0e3509cb6792f0b8a196f10e11a2833d861,976,4,3,-9.703838,-1.3291702,3.5718727,4.3807335,3.7306824
983,train_images/537e5c578f40.png,91216a63283788eea8ed4f6a7454f36fdebfa6ec0d1bf2e529259caa5a0f8ce9,983,0,0,4.9012413,1.6531754,-0.119831085,-3.565113,-2.4709682
988,train_images/94b9ccc73bb9.png,2769ce838822081b775304fd42059ae0e190ced82fff1cbc31549f478d0dd361,988,0,0,7.1914024,1.0884628,-1.3233948,-2.9550438,-3.6611443
994,train_images/2f8d14a7d390.png,7c43165f62bb99b47b754cfa1527348ff187fb6608a65617e03513cac832c3ba,994,0,0,6.0326195,1.2288246,0.3722763,-4.2067986,-2.9070435
1001,train_images/c8a3eb9a5b52.png,91177d919a179136031a78bf9463581d3388293b8c3092bb3a8e131ffc2d53a4,1001,2,2,-7.1966667,2.1311264,6.291065,-3.5459938,2.9263878
1007,train_images/e5f73f2855c0.png,2823ab45ad5a60f0cae87d77c077debb666f7cb653e05a062f0d8b64f7c60060,1007,0,0,5.195755,1.6725616,0.90436554,-6.170738,-1.2738256
1014,train_images/c94f37085d0f.png,fd62871771b7ca12ae340c503f06355bf1399359c74191db8f393f236a189113,1014,0,0,5.7400284,3.1858902,-0.035247803,-6.2448196,-2.3404408
1017,train_images/f09cfc6a4dbd.png,3e0aa40466fdd73ccdbcdbca7c0e968e95fcdd0d6583e09bdbab0553e76731fd,1017,0,0,7.9056473,2.2979584,-0.41711044,-5.743294,-3.7218056
1023,train_images/3ffa14d60b24.png,5b263f3cac474f9563bbf84d71dc3283b3e73a307bb08d179f1175efc7c65c29,1023,2,2,-6.5939903,1.8680115,4.974743,-0.4254341,0.63554955
1025,train_images/c6c2bad91f23.png,bc7ffe440fbd0a6691ab2d08e002ceb0a8d9783f4391117784f47b29a6b3a5d8,1025,2,2,-9.198017,-1.8831024,5.427662,1.874012,4.3018303
1027,train_images/d6e26fe51dce.png,cdb73f570c76eedb7367df632dc3536c3c393ae50c9b589189499adcadbbedfb,1027,1,2,-1.0957909,1.7441292,3.4847374,-2.4285965,-1.256815
1034,train_images/60e269e3e188.png,2ba34c9b9ceedf72cd8f15642cde92043972ecf68458c5315c5c556ef19d0e25,1034,2,3,-7.8318596,0.73884964,2.4225502,3.58189,1.5920582
1039,train_images/711d1480d2e3.png,b081972df727467a5d9110346c7302a09ec689220f9054f378722c65b7a734ea,1039,2,2,-10.547001,2.6946373,4.435829,3.0952797,0.9825878
1040,train_images/d78b7401096f.png,2af03769dc9f9d515afad29bfa9d4ebbd12e30d04fa9571175475186920c7b9f,1040,0,0,3.3139992,0.1875,1.8238754,-2.8831253,-1.9706497
1047,train_images/a06e41bd2634.png,5812cc02f3c26f09bb0044c5d934ef1bb380f0facff1a4526da1c5313f9c6aa5,1047,2,1,-4.034954,4.0583115,2.0354424,0.22869492,-1.7822304
1053,train_images/780be525036d.png,fc67275378c2f8f367cc0e8d4752ab8f5e26af74e1b69e413873473c14cccadf,1053,0,0,6.079483,1.3562241,-0.5794754,-4.8136787,-1.7793369
1060,train_images/e6f0ce5bf282.png,2932543ac633c45208bce1dea93d1438fb6aa7913af1853dc0cb32d6c97b9cf0,1060,2,2,-9.238781,-0.28634644,4.535568,2.6310158,2.834921
1067,train_images/0981195eb9fb.png,82cda0528444be453760cf62c8adc0bcc083365f6ff271a5520c452d0ff846e0,1067,4,4,-7.159504,-1.660614,-0.55981827,2.465023,7.566927
1071,train_images/da2bdf4236ac.png,fca36b38ddc537159f340fba16f1342bd88108f6c2ae1e38c0fd68253c038b1b,1071,0,0,8.570545,-0.1914177,-2.0252914,-3.502716,-2.5078373
1077,train_images/613bacb35c05.png,920b50db0f8d6e73569b7ad6bb9113565fcc3fd102662d3f009e0c74a70ea41a,1077,1,1,-1.0786209,3.9136734,0.9337311,-2.6144447,-0.7255573
1078,train_images/08f8838d69bb.png,cff11dee5ff5036b8a9657601ac73cb260059a5407c08f6edc6a3738d6116783,1078,0,0,6.34832,3.3731537,-0.7993698,-5.164234,-3.4750652
1081,train_images/a95858e052d6.png,a42a7782feb86735d4d8b40c59cb9615d02e90674b08a535603c0fac4e21fcb3,1081,1,2,-1.7134094,2.395752,4.130253,-3.7576942,-0.59985256
1090,train_images/7c2e852171c0.png,58277d76416e0a7d0fe70dfbce560774a4193bd1f87c4d1a1a9cef4c9bdc9654,1090,0,0,5.8307304,1.9767418,-0.441967,-4.0313835,-3.0137424
1097,train_images/0d8f60ed9280.png,33b32d93b6808e1e0bc35c9f6935be574fdf58145a1efe8311c16d78f05a1d81,1097,0,0,5.373577,-1.673809,-0.017189026,-1.4899826,-1.960535
1103,train_images/f02057c41256.png,abc0b4ffa486fcd85e33ec42d28927f02642561de6a786752e94d2b03cbd8441,1103,0,0,5.067547,2.1259842,-1.1235275,-2.9584007,-2.6714716
1108,train_images/9b4fc15df3c8.png,f2f01219e8acd776fe3b01aee1812b18d0348e3bfc1112f674a02bda51b799e7,1108,0,0,6.5217667,-0.7503662,-0.87763596,-2.6056404,-1.920495
1109,train_images/b8ebedd382de.png,62472eaa23964a3848246252c4b34601341e28fd16c97a2761c106cf88522a6c,962,1,1,-1.5734596,5.1563873,2.6821594,-4.271061,-1.51826
1113,train_images/d141728fa392.png,8a653d768ec91a83f3b12d15d3edb65324bf05d18780c42a1a1911f5b4042aa4,1113,2,2,-8.85857,0.53471756,5.434696,1.9152489,1.4918327
1119,train_images/b498b84d383f.png,54168e13fbe2b48ff99ef90381f23df330f08ef994cc337bd51fc78d81e6abe5,1119,2,4,-7.786831,-1.096695,3.0244446,2.9209023,3.352766
1121,train_images/f71333204618.png,0253c68cd5363f38d87246051fc98648a1dfe57f3381ac64412a8277c095ee0c,1121,0,0,4.9423866,0.4603653,-0.4317665,-2.0980873,-2.3695993
1128,train_images/beeca5f14618.png,582da01951ef35ad0236fdf206b02ed2b9df4a9070d50a57008df2fad18773b5,1128,0,0,7.1491127,2.7235298,-0.85948944,-6.699951,-1.8996048
1134,train_images/1b4625877527.png,c2910f0d9fa83aa40d7de032076571b487b423f1104ebcc233fc4adea64eb572,1134,2,2,-6.696781,-1.0879211,2.9503021,2.7286263,2.5534668
1137,train_images/803120c5d287.png,2d4cc88543b57cec1735a65655379ffb2b70abff85fffdedf2ba255cbebfc2b2,1137,2,2,-6.3427086,0.91427994,4.7007904,-0.5744171,1.8479748
1144,train_images/91e82fe4e434.png,7570ee36060897e63334b1d6608192595e316047e4bb2aed20baa20ec4d7016c,1144,0,0,5.0562325,2.8951492,-0.00012588501,-5.5107384,-2.121871
1149,train_images/4b1001050f1d.png,327a90c0c472c07e2a61183f8e5e2fbb46cb6a3e3a6b625c15d80a6a65b9a8ee,1149,2,1,0.28224182,3.026558,1.124794,-2.7722511,-1.1418304
1154,train_images/387138ddf43d.png,308bf70fcc7bffdf72e8f750711068206021dee128977b050bb01435ea79dad3,1154,0,0,7.9316673,1.7358208,-1.2226143,-4.582596,-3.4540825
1162,train_images/050bb1eafa76.png,76e5b132a3ba2ead489086abb685500def5a3f8dd7594aefb4023089b121e140,1162,0,0,7.871063,0.79486847,-1.9266052,-2.660366,-3.728838
1163,train_images/962c0fc85e13.png,2657fa588b2b5179bc4a69a7f558150f383bc7e608b3d51c61d55b3e4d769061,1163,0,0,3.9715614,1.526371,0.77531433,-0.8071213,-5.107052
1164,train_images/33778d136069.png,e3425e1ed726ec7e7a84d5abf66e5f9ab599745e709a23d486b67e4aadf947c0,252,3,3,-4.98563,0.30293655,0.9199066,2.3433418,1.9574165
1170,train_images/2a2274bcb00a.png,1867bcacd7b061c6b2130bf2df97cac8d8f120a1e6af9fde21f27f94907dae6f,1170,0,0,5.7938576,1.6894798,-2.6237602,-5.161091,0.69678116
1175,train_images/e4a44f9158dc.png,d23b8d9543062af6ae385fbd8a164726cf7dd16f61167328e3b8e076dbdf04a8,1175,0,0,6.194031,2.4085884,-0.547451,-4.490242,-3.2542686
1182,train_images/cb02bb47fdc5.png,03f6211427baa811446e9eb132a3139b5c92e3f100aa566ba126573fe4872e6f,1182,0,1,2.0632935,3.6972847,-0.8224602,-2.9187012,-1.5465221
1186,train_images/7eeb191ad06b.png,26912f4d0bdac71cff1c41120b9b49556b5b987529fbeadc105faf15d6602944,1186,0,0,6.0152817,2.1755676,-0.13576126,-5.5966377,-2.1550207
1188,train_images/97bf61736b86.png,7edd37e7da64ff0d9a877a8ebf2495c08bf18b4ad38bc5feec88971d5ec33315,1188,2,2,-5.2535286,1.0855713,3.4804077,-0.17250824,1.4292355
1192,train_images/84b79243e430.png,57318c4b350258740ef0332d5ec353650356867c083c3b8e3ce25b1d66fd9a31,1192,0,0,7.1889763,2.9467049,-0.35702133,-5.8338547,-3.6359901
1202,train_images/fe2df69676cf.png,69d96d4682275d275a2f11d0c681bc1372fc00d89468f3481b24e7d809270f82,1202,1,1,-3.949955,3.8413124,2.2868614,-2.2599907,0.52360725
1208,train_images/9b0eb9f41da4.png,1325ab16a9e88dc788c77552e43931fd36ff0257f8b1be9b7e9af7016cee39f7,1208,2,3,-12.639179,-0.25183105,5.9360466,7.68919,-0.07942963
1209,train_images/e12f9f19d1be.png,a444ca7460689cc30b72f14c2ff056530afc411af1c554a43d09dade3c571fb8,1209,0,0,6.439686,1.0785217,-1.5839081,-1.4078865,-4.1426
1216,train_images/e499434242cc.png,4c673efd8108793cee71f7a41f82c0f37258e8221f3b911717736c5f754ba15e,1216,2,2,-7.8215218,1.3051491,4.951832,1.5755196,0.49892712
1218,train_images/d91635f380b4.png,1e52f243ec511c1b91aa98eff1a7b242ea6fcb4e245967526396e85a7d457e15,1218,0,0,6.793766,0.918972,-1.0213699,-4.569355,-1.869317
1223,train_images/1f4bf8e28b41.png,91d4db6991c8c3ed53feabc2175682f7f879883a3ab32929f6dd037a31301d76,1223,2,1,-7.813236,3.4069977,2.1906738,2.3422813,0.4233303
1227,train_images/c8fc0df22999.png,75c2b6b6cd4f9ecc2b5353ecfabd5b46261031ac2a8908cdf36d66418590df01,1227,1,1,-6.4618874,4.1232643,0.4509201,-0.8584862,3.4063358
1235,train_images/857002ed4e49.png,1dad7cbc33426f0db3af5629ebc9e043ccd133b59290c047f274e3a625f55eed,1235,2,2,-7.9598427,-0.21299744,4.9526024,1.4938164,2.2015266
1241,train_images/cb602182cde3.png,ddb1e1d97941491d746575bc8232a3b9a3e9db436c49102788cd86ebe728201a,1241,2,2,-4.3360634,3.7695732,4.400223,-1.9477692,-1.3034172
1245,train_images/3a6e9730b298.png,180007fd2a75e760c1bac95bbad4e1b3238ff6f0804fe1ce89e7e57d21f0b00a,1245,4,4,-2.2127075,-1.2951813,1.7019653,0.13158035,2.025406
1254,train_images/ef8109305128.png,02a404c076213c35bb304e7581c70f1b043764d231c6f34dba9ce2211c4041ae,1254,1,1,-3.799038,3.0498657,2.3693275,0.6625328,-1.6522799
1255,train_images/2221cf5c7935.png,689616c356651247dbbcaea71b7000cb55af3ac0e0ae6d4ab060939bb2d69c9a,1255,0,2,-0.43026733,0.41978455,2.3736038,-1.1179161,-0.7094822
1257,train_images/f481f76a6b75.png,bfdcef5b601d6dd66270a9d58e9471c987ee48d40b1e2f56fc21084ee6ea8c7d,1257,1,1,-7.8087883,2.2906036,2.1769142,1.9527397,2.027296
1264,train_images/51269b77d312.png,cec6ec836f8e6d78daf3c6e51ae736c86599ca905a4a111bb3cb58f07c1775de,1264,3,3,-10.025265,1.0032005,2.9301338,4.903309,1.831913
1269,train_images/82deb07a6618.png,d994a37f3cd77ccbe167029de6338cf6d8c620fc58220da4564206731da54ad7,1269,2,3,-8.271961,-2.537609,3.1037254,4.699589,3.5858479
1273,train_images/2ba0b0d9bda2.png,ebe898cb933aa4442640aa161cb00e12006ccddacaeba3074c04e8c2f7ad9d78,1273,2,3,-8.930424,0.60248566,3.3814201,3.935978,1.6271782
1274,train_images/070d4ce5fd90.png,a252fc9e5214ce59e337b24a40c2f98d94268668a0d21a0241df03c09d9d0343,1274,0,0,5.8368607,1.507534,-0.41254807,-3.6294289,-3.027894
1279,train_images/d39752cb6e57.png,8c7e8beb16d0e92a3784f15b473d4df8b98ff62585b2555075d289dcbc987f51,1279,0,0,6.521202,2.3718338,0.42829514,-6.004883,-3.0523806
1280,train_images/3dfc50108072.png,1acec393a3edb9c91be8c9fc8322297ce5efd4974532b931bb16b033a58d6d59,1280,2,3,-11.2192955,-1.7729759,2.4754753,7.7365837,3.3941154
1285,train_images/3fc219927a97.png,3f2937414ddcc927234a0242f8cf55ae9eec1501ffe8ecdcdd933c085cd7b8e8,1285,2,1,-1.8926315,2.4454803,0.72295,0.3447914,-1.0488195
1292,train_images/5fcff7280019.png,c04d015ce6efeffb2ff8bd2a0d6c4e1ca6729f3b50171cb1332562797bc282d0,1292,0,0,6.0300407,2.512951,-2.0902023,-3.2513046,-2.7496262
1297,train_images/add1d681d712.png,0d1f33d1df4904120ed8d3d4317635aad010d0b72b743f15a9cacc64e6672717,1297,2,2,-0.7032814,2.779461,3.310093,-2.597374,-2.1901913
1304,train_images/959bb2d01091.png,551faa3ce436dce81d5470bff0678f351819f8816f3cd0f3fd8bd7ee20a70ff8,1304,0,0,6.571663,2.3530045,-1.809597,-2.3165207,-4.4810247
1309,train_images/ef7eb85b75fc.png,dc36da11e91b39706f9de3efa5f15607af0f8e77be5a18e413f6e2dce22bc164,1309,0,0,3.6827965,1.6936188,1.0194588,-4.7021904,-1.3440704
1315,train_images/21d18b022429.png,9879f9de7ac388fa6cbcb0225e36ac5b6f08c1e49d1a9dc631d11ebd063bfd13,1315,4,2,-6.1428185,1.6527863,1.7961998,1.7605476,1.4645443
1319,train_images/bb733062f494.png,5cf240b383e11285b5377d02896dcd409355693b01403e7e0e349f043247b606,1319,2,2,-6.875042,0.98514175,4.1145897,-0.056671143,2.2485085
1325,train_images/937bc1b924b1.png,512ec217645c98aeee4a6babc8c884d2772137fddf66a98461465e122cc45da2,1325,0,0,7.9707794,1.1556168,-0.48775482,-6.660843,-1.6638508
1329,train_images/ea15a290eb96.png,7a3b576b588c36cc173989d29f7b96ea54b05a285a74a423193d9efb35ec2815,677,1,0,4.234127,3.9202347,-0.64972305,-5.1062355,-1.8689098
1333,train_images/2d9d97a6e713.png,54be2e850bfdc608bde27eeb6cbbb5a9d4d42796fec6fe1119424af5df26ded7,1333,1,1,-1.3132591,2.67688,0.92124176,-2.3881493,0.66794395
1339,train_images/4a5a6efc0bef.png,0cc175fc2e69b6781270595f6b0278984ef5085350ad45cabb6e1cc327981270,1339,0,0,5.204254,2.6384354,-0.752594,-4.2283745,-2.543518
1344,train_images/b73d0bcd3d33.png,098729abeb2142e047a3f64dfb9b0b06b8c44eebca649ac90408780cb4ad96d4,1344,0,0,9.110607,0.40166855,-1.0336113,-3.941063,-4.217842
1351,train_images/e79e10907295.png,658c0452b77c534041035219d13d3d90c54e9553cf85ec139c37d942c29b6954,1351,0,0,7.7822113,0.9323425,0.42975998,-7.2063484,-1.5386
1353,train_images/29bc0e721cfe.png,d19ceeec9246132f55b04d5748a562932e593b956b6e768ebf12779595bf342d,1353,4,4,-9.278271,-2.1593018,2.3372536,3.1627922,6.395096
1356,train_images/6b00cb764237.png,4f4b0f2a1a4ca38b19fb43e298a4a561689e0fe534ff194aae4abb394d30e75a,1356,1,1,-1.1107368,4.6987457,0.6165657,-2.7625809,-0.89715576
1359,train_images/b3d12069e1c5.png,7449fb06a76649f9761fad556506c3f45ae9863841d8be6f940e2dcc466b927d,1359,2,2,-5.784374,-1.5952873,4.9532623,2.1071968,0.9236336
1363,train_images/9e3510963315.png,ef04949aea7f984e2f5c2849e51acef96e231694dff257dbf8c2d5fde4b90d7c,1363,4,2,-10.017147,-0.43384933,5.441799,2.5419807,2.9933128
1368,train_images/aa4407aab872.png,44a2a3b8a90a3585f925f7c090609d34a81c42af4789a7919f042309c7f791e8,1368,0,0,4.9971504,1.7311592,0.35604095,-4.350662,-2.438941
1376,train_images/0babc12807b2.png,69487f13280510c2f71cd4a41115001528a4dbab63eae4c1928d26b0ab138fde,1376,0,1,-2.0543747,4.6978035,0.5802727,-3.0846748,0.40894604
1382,train_images/1ab8d3431ffc.png,e8d06e83907ca8a1b58d18cdec722649dcfc7a67be99539c257e032697bafd42,1382,0,0,4.8702774,0.31363297,-1.0592003,-3.308197,-0.33699608
1389,train_images/7e980424868e.png,9c54bfedcfe8400bf7ac65f4ac96581540a4da59dbb9e0c30abcc4ad27fefeea,1389,0,0,4.451847,3.2368088,0.09157944,-4.698078,-2.7757998
1392,train_images/d4583e9525dc.png,9913447817d1e6f4d76fbe81fa345e2d46f79a85b3be78ea179f3982aa537d6d,1392,0,0,6.4118156,-0.45710373,-1.0613861,-3.4565964,-1.2568607
1396,train_images/b187b3c93afb.png,ef04949aea7f984e2f5c2849e51acef96e231694dff257dbf8c2d5fde4b90d7c,1363,2,2,-10.017147,-0.43384933,5.441799,2.5419807,2.9933128
1404,train_images/3079490a4b9c.png,85a30e4046f71f7d467d74dc407c416f6d3ca7374db3746e1487a446732dca85,1404,0,0,3.239067,2.2773323,1.1809464,-4.202236,-2.1588497
1409,train_images/71f6a6e4620a.png,c4f545e6cea63bdb0619043f5f5cf614090625a386dc8b9ff66c254ab3b49368,1409,1,3,-5.574932,2.1402512,0.89715195,3.9560661,-0.80397034
1412,train_images/4cde86044ad1.png,44a4546a539d73a9d9a4c11a43b343b81ec9cca48c04ab0ec5e4e65b3920c4f4,1412,0,0,6.1343193,2.2708359,0.066417694,-4.869667,-3.2913036
1417,train_images/ace287a5c991.png,19b670165472c6df601bd824ff54cc5d84790ccc4ef32a73d2c938f5d522ade1,1417,0,0,4.711128,1.4310951,-0.961956,-2.9178314,-1.8108091
1423,train_images/cc964bf04dbc.png,a21217c26890a330e9eef6f94e9f049f9cc618b9c28485e44ba42819ebf687cd,1423,0,0,6.75716,1.7955589,0.19324493,-4.5735664,-3.8879948
1430,train_images/4189d4e631ec.png,019319c5d801a2849fce84b3f302192a52f888178fe00407ad96a13e611175e7,1430,2,2,-6.277813,0.46261978,2.8878708,2.3469124,1.1844463
1431,train_images/3ac3fbfca7d4.png,b5970673cb13e47f10172375088fcad3399ba6eacaf6ef70868cf35eda0481df,1431,4,4,-8.783573,-2.2989426,3.352127,2.7707863,5.444803
1436,train_images/e4f12411fd85.png,8f3b5f407fd40cd58ff85d779ba884fef5aa2918cd7827c2df215dfd98231c27,1436,4,3,-7.155422,-1.382,0.51439285,4.4536095,4.0024586
1444,train_images/2c1d5be654dd.png,b43bd43857aca9efb608b23d251d7200c0b786b1ae52382a3695e3904341e5b1,1444,2,2,-1.3358727,1.0078964,1.7891579,0.045669556,-1.0576868
1450,train_images/4704dbb59536.png,e69db73b865983d030fce0c5159f56b682663f3aaea10d1f5d4759c20c2acaa1,1450,0,0,6.8180656,-0.23756409,-0.77422714,-2.2180214,-3.2813292
1452,train_images/1ade1e949383.png,fa1affe506782f3de8d0e89852a4f301dc20a4a6b8acc0a30cb337163e41116b,1452,2,2,-4.9783134,1.6509781,3.3305092,-0.7200928,1.1950302
1460,train_images/d18f6431ebce.png,d429efd66264b82cb2b51f7b9a272c6fa0631ce346d46cdeb71118be29b94f89,1460,0,0,5.721527,2.2867088,-0.9100113,-3.6422005,-3.1596994
1466,train_images/5905a9b06a73.png,a5a1aaa5c0f18c00f55e1f7162652d4699a8b95576e5cb57d22964ddf61f310a,1466,2,2,-5.7412605,-1.1140747,3.5338516,0.50917053,3.4431553
1468,train_images/a75bab2463d4.png,3bac7a949ac4807094cf5900b2355bb15ffa3c40fa8b97291c271ccf2cc4e383,1468,1,2,-7.475765,1.591404,4.530861,0.66752243,1.2099829
1477,train_images/d94e10f42861.png,2ccfbb701db7bf57882f5e174b464a5aa86dadd2ab8c2159175f06ea36bc37ba,1477,2,3,-10.881161,-2.563572,4.3622475,5.4603615,4.1691666
1484,train_images/4f6abc40c72d.png,36f6f21821c834eedabf9c7e9c30380ecee208ae1fe98ec40f46ab69511a714d,1484,0,0,5.2593346,1.8127708,-0.16959763,-3.8510208,-2.7522335
1485,train_images/ccd6dcb2f568.png,55e01912397e873caccf1f388394c4bae1f610180af1e5584d1aec97faed194f,1485,0,0,5.8549957,1.7059479,-1.9191208,-1.9480782,-3.4855576
1491,train_images/f819c65b803c.png,b62fef9a260b46bb4fafccf0f9f3bdf775393ba8da623e5127c724e7106625e8,1491,0,0,4.3281364,-1.0620384,-0.7427025,-0.68966675,-1.566021
1496,train_images/46c1548d730e.png,0165835b5dad002b349d37198c5c16272709930c237c09221e2fa15275e0b6d4,1496,2,2,-4.7131157,1.4032097,3.0886955,-0.14949799,0.8690281
1502,train_images/eae70f527755.png,ff2278c0f4cc7aad62f2a23091114cb154ffa6fa205f5f072307530ef433181a,1502,0,0,5.7607574,3.6217728,-0.5736618,-5.2078323,-3.3231993
1511,train_images/9b70f84400af.png,4787af2b63a9d9cd9f60637e59130da57290346c392ba6e04e679054be5e8336,1511,0,0,3.4690895,0.5405388,-0.3329506,-2.5720406,-0.6137619
1517,train_images/496155f71d0a.png,4d4ea272729d76d38b905285adaf0be8d0cd17734111ad40dac0bde6e849ffad,1517,0,0,7.3806305,2.8570595,-0.7473793,-4.59618,-4.5864716
1524,train_images/3132556f5352.png,1867f422b32df877fc573ba78b7ae38e1952f016c470ebdbdf8d7a396a59a5b2,1524,0,0,3.7640839,2.431385,0.4408722,-4.842781,-1.4591866
1530,train_images/aec51513cf45.png,78f56f28857916e4ecd4707d1f4ec92be2052482da3b6247b80fd37ffa92892f,1530,0,0,8.078209,1.6006165,-1.6793785,-3.3942375,-4.2983894
1535,train_images/4134b290f5f3.png,e40b592f129db48ec1a70fd8a1171ec595f3ea228d9d081ece24763a9baee694,1535,0,0,8.149212,0.29916382,-0.37927246,-5.559849,-2.143425
1540,train_images/e47770a2e5d1.png,19598e087cd8726ce0ce806d6efb9ca547f8561bff47c71bec51a5193a2770f2,1540,0,0,5.562916,0.982357,-0.5921097,-3.2034073,-2.3040123
1542,train_images/76df141d966b.png,b3a535c195827a1df62e123a94f4ab59a694e23eb80991dc6d32660be5f0fd9a,1542,0,0,6.8982887,1.9526215,-0.7091942,-3.1049423,-4.7638874
1549,train_images/44c869174e3a.png,0b1c67db462adede3ffa30af2ae17ba8835e2719999c332a1dd7b67dfba1b6b8,1549,2,2,-4.9047585,1.8370857,5.112423,-0.05826187,-1.412283
1556,train_images/10fca1abf338.png,7062f2b63ac22ad961a3e005dd35d4499dcf182c7e9aecb8e946cd47e1c4710c,1556,4,4,-6.5247383,-0.45003128,1.8283081,2.2000008,3.4311008
1560,train_images/6daef3e5ca22.png,9713f8ff0991e7ef7123e1865c9c011cdb536c65034a9309515f5157ee9bc8b9,1560,4,1,-5.5528145,2.8596916,2.4762306,1.2599144,-0.5813179
1563,train_images/4242c0d87f57.png,dcd8f9fd671e1db6544b9f1b3b160a8f107098c3cd8b5ba76cc6be63b2b7db64,1563,2,2,-5.825863,-0.7774925,4.346592,2.4430428,0.38076973
1564,train_images/8c29a76fa08c.png,12f3d5fd0bad27803ba083c6e0d0753780ce10c1cb53f2574da4b932b5d1b6b8,1564,0,0,2.533657,1.6739044,0.7574768,-3.4199715,-1.1891117
1571,train_images/b0eeae01b8ab.png,6574cbcae00135fb1d92a6acc1e97bb0671a03b97f6a3ee9b12d659505dbb288,1571,2,1,-3.193512,2.1539383,1.6998367,-0.81931686,0.72434807
1579,train_images/1db0393cdbc1.png,973ac8a844b54d3af3fbc53904fa52b32ce03200a86e4113cb6f4ef435daafe5,1579,0,0,7.5850487,0.77054596,-2.225441,-2.902729,-2.9337425
1584,train_images/d18b1d8ac4de.png,153bf95d2b1533348e3bf0b5e5ad660980dde4643f34647c36a4ac19eee2ec36,1584,2,3,-5.0112495,1.5135002,1.5188179,1.7528954,0.7328758
1589,train_images/757572337fd0.png,e22aec2dfa61dc9a25d28aaad3d203be6856405b17a586c66ca190a6dce8c00a,1589,2,2,-10.108707,1.5078697,6.183155,1.2928886,1.7559509
1592,train_images/d83c3efade75.png,a0835770ad4971ebc000c3aa3bbb14cea0b4072265712d353fc0b65706b22806,1592,2,2,-4.5498314,1.7093887,3.4719543,-1.6782951,1.4844894
1598,train_images/a2d349f567a6.png,8d820c5a206b72ecd9c93e962e857ac53321f0c470f65379ebd8a8c4b7e66cba,1598,2,2,-1.7180595,2.414791,3.2382889,-2.2508774,-1.3280106
1601,train_images/f2d2a0c92034.png,f008e474b6a447e03ef380c91791c0c4d13b5ce35f24aa8c638fa03fb1d627cb,1601,4,4,-8.561886,-3.357544,2.342369,4.133526,6.07209
1603,train_images/4b6cb0bcfd44.png,e605a9f32931aedfcb06bf38f609d377970389426754a927acc73e955cd479b4,1603,0,0,5.141117,-0.13500595,-0.06099701,-1.9400558,-2.6687803
1609,train_images/232549883508.png,46a1318cbdb2316ca0ab87b1c7339db435e5f223af7dfa9fa50894a29a0e0b06,1609,2,2,-6.5289497,0.1413269,3.6071548,2.1950798,1.2505236
1610,train_images/b74de20d73de.png,813f44fab26d3bb8380de6dc2ef7bc9d027c701d37e5309530cf34eb630258a2,1610,0,0,7.95277,1.2687073,-1.7162781,-3.0557098,-4.156435
1620,train_images/3ac92ac3d65a.png,e16e4484e7f2e79eafdb843c0d305ab5edf09d6f0701b2b4e25b1424cffea5fd,1620,0,0,6.56435,0.6922226,-0.777977,-2.912815,-3.2850513
1625,train_images/abbb8791785e.png,9f1b3c196566d13d20bd67bc429c7517444bcd9693818fc48d546cf5b56a9b9f,1625,0,0,8.236053,2.198616,-1.4417,-4.9027863,-3.7793922
1626,train_images/0318598cfd16.png,0811f5cda7284e76ada4af682a9370130bbcd9d10a55301a708fb9c07380f7f9,1626,4,4,-6.0512276,2.134781,1.4045486,0.97410965,2.1390343
1637,train_images/33b978734eab.png,74e7b2abf290ab2450d620ac6a7ef0223b582fac65d4c8caf74ff74ee30cfba5,1637,0,0,6.62838,0.6963692,-1.1771278,-2.311882,-3.623577
1642,train_images/49eb73968c44.png,b5ec6a6083569c6089923cf5836a4714187f3270af2287c450361f2469b57039,1642,0,0,6.0594788,2.0850067,-0.8917923,-2.717125,-4.200803
1647,train_images/9bafbbd152d2.png,b2b21e18ee0a021240f58f7f92ce8c7913a3cba5f2202e4013637b487c32a71e,1647,3,3,-12.198582,-0.7980614,2.6108398,6.474865,4.4464054
1651,train_images/b376def52ccc.png,395a0ae477f4032e13e82ee1e57700091d95496c233f63601c94c53cf76e4d62,1651,2,2,-4.648411,2.7584763,3.3772774,-1.1510658,0.12773418
1657,train_images/8446826853d0.png,2f8071e2a344253ddd9fd784646738464115059910141e14202cd6e1956acd62,1657,2,2,-4.052311,1.6034241,3.285347,-0.6720085,0.43593788
1665,train_images/b842b43cb7fb.png,767fb44e22dd4236644d7f275ceef1a844fd6fde967a0f846d2d5e2d3afadefe,1665,0,0,6.0912933,1.2862282,-1.9893227,-1.8324127,-3.2717333
1670,train_images/36e4b704b905.png,f2143dc2f371004cf5c573feefe89b87453a8c688f090a26b2400dfcfb621ec1,1670,0,0,3.6160126,2.0125275,-0.59511185,-3.025013,-1.5680065
1676,train_images/527bea76116c.png,060c1adf6806035357d3e09b512778ae877a722cd504aa670853d18c135514f4,1676,2,2,-8.473293,1.9920425,3.6247368,3.6121864,-0.29485607
1681,train_images/7d8f67cadc29.png,be4de444902b21a458acb748e15985318bd62a278674cb451c161aaf81491b8a,1681,2,1,-1.8922997,3.6579971,2.5776825,-3.6972275,-0.23706436
1688,train_images/4a693dd3921a.png,7552b54d93adbd7cd7271558baec7095789e29485b9068bf98f600fb0a0ba40a,1688,4,3,-10.608936,-2.9760303,3.610386,6.6467934,3.8779602
1691,train_images/c739ff9580d3.png,751c484591ab0248093ec2f6cbec071f7781c6de25f7e4b3cc0b8db47e3ef27e,1691,1,1,-4.4741554,4.4261665,3.0206146,-1.753479,-0.61618996
1694,train_images/90a9a41eec6d.png,455ba8db1b65936ead87395c768601a038aa37b296ba48842517c693f10a933f,1694,0,0,3.743084,2.4115753,0.23410416,-3.317974,-2.6091537
1699,train_images/7eee3d1f1268.png,9751c8178b0eeed2c9dd72719a3ccecc47527307d805c3ae0ec3c991b4a5c019,1699,0,0,6.8220215,0.8717308,-0.16711426,-3.0865517,-3.9600725
1702,train_images/83d81ba5959c.png,4d2a5b45430d0696ac6751e0127447a70b1e5d7eaf32d087e64945bb5afae1ed,1702,0,0,6.055355,1.1500664,-1.1601562,-1.2703896,-4.460553
1708,train_images/ed648b9bcd95.png,bf87b0f869c51b3657b7e5ce2ec13c2b45fefad70ecf0160ee1e5acfdf3527cb,1708,0,0,4.0892563,2.568222,0.64741516,-3.5362015,-3.3064404
1715,train_images/f8f5942b690e.png,b7da8f71b6137c44633815a2601515faf427c380e4f52c834847befbb6352887,1715,0,0,6.4079285,0.73532104,-0.7145157,-4.412327,-1.5439625
1718,train_images/750e0168399d.png,70c839726639b98ed74da000659ab0ce6b167ed08d41450d1c212a21013656f5,1718,0,0,4.902424,0.70820236,-0.89639664,-1.6825371,-2.6562405
1721,train_images/e96bd80a8a53.png,0a17ae08cfd8f2228f69d06e4042db15baa4256d77c78f5414c0365d74a9f587,1721,1,1,-5.414158,4.4371414,2.359829,-0.9635391,0.07436466
1726,train_images/8cb6b0efaaac.png,6e75bc959bdb8b067e277bd45a668401e8b78125e73108c563291119b73939db,1726,2,2,-7.5855675,1.1062775,3.7140274,1.2187691,2.1108227
1736,train_images/69591ebb198d.png,5f6dcd992065e5fed1ae13057cb87998922db2f3dc6208869e7e1fa75a740ed9,1736,2,2,-4.1993904,2.8420448,3.2974281,-1.6618614,0.17652321
1739,train_images/7d1da90d3ca9.png,61d4e111e948bd2e9e4d03a8207e456da860acbda70e9e541dfdfc3948a09204,1739,2,2,-3.3652153,0.6437988,2.745327,0.5080719,0.049269676
1747,train_images/8c4ceddeb1c6.png,b18550c1cd6f8dd7d6a6b63daf7627f8263b838f84c178bfddb1e298326cfa47,1747,0,0,9.11134,0.44825363,-1.2150993,-4.486305,-3.5787878
1752,train_images/07596907347b.png,ccc663ec7ae53ddd94654bed37bc5ea53511fca773a5223914b003627d7d8283,1752,0,0,4.722851,2.5208168,0.037147522,-4.137562,-2.8062592
1759,train_images/956765d5f46d.png,d13f3770d81a02ce8e0272dbd919f4c4ea2d711464ed2459978690cb8cff4ca2,1759,0,0,7.878689,0.41602325,-0.506443,-3.7573051,-3.5391064
1764,train_images/0fb1053285cf.png,a802a783e7534f053ba6fb206909fd76812a5db5e193a66510b37a6707696ecc,1764,1,1,-3.1610184,2.8074036,1.5870934,-1.2088737,0.49290276
1765,train_images/a62e995f167c.png,6a4859bdb98fbf886a4e4dde9357ca2d45c177bb782ca1e5423a530b0e7c583f,1765,0,0,7.7375374,0.7243004,-2.260128,-3.224556,-2.6799622
1770,train_images/fa748b57262b.png,33d75fc8e5d12da8fc72d2a4169735dde2f076d4074bea5fa0dc287f6dc9de05,1770,2,2,-9.422237,-1.9084129,5.118572,4.8959846,1.9147224
1773,train_images/daad7b617f21.png,d7cea345c1286e19f0a544d4cc7572187a29115c8c45901437f342854509859b,1773,0,0,3.4421043,1.3203621,1.6189651,-2.8489037,-3.0563307
1780,train_images/df9cb3729eb1.png,ae56e20329211bfb1115ed23aa444b1a67eb896a3e239bc21f776eced8c195b5,1780,0,0,6.675251,1.3200073,-1.6312561,-3.3628922,-2.711606
1784,train_images/6baafa56895c.png,aac702f9ac4663b9738893992e9451ddf01cf193a862c6bf08359564bf25ade3,1784,3,3,-6.8622856,-3.2137928,2.6324615,4.172085,3.8031788
1786,train_images/721214151233.png,6f334306b523113fd6f83be3c7e0daadc620ff961976f13f4929edfb5c99132c,1786,0,0,4.40958,2.56464,0.2639923,-3.8915405,-3.0200396
1794,train_images/8010c931321f.png,7945b5fa7e54c0f71f4257377da4028bfb7d6265db758aecdc2bc0fdcc99d5dc,1794,0,0,5.3399696,1.7211227,-0.13614273,-3.5166092,-3.1050034
1797,train_images/a32886cb31ab.png,bf2719b61ef7d882e694a3fb7bd86022f122a8967d12b711708403ff2ce8d666,1797,1,1,-2.2509537,3.575306,0.17380905,-1.425106,0.48631096
1800,train_images/0d0b8fc9ab5c.png,25b3bb51f7f93d68f635f5c1bf46b7945b8e0ba113a4bf9f1d239938afe20d95,1800,0,0,7.9995003,0.5883293,-1.5341225,-4.5413704,-2.2162027
1805,train_images/9a94e0316ee3.png,4af73ff841ba3c3bbcafb2ff89756f15779f74abad68ac45bfdc78d8f63d5de8,661,3,3,-11.037884,-0.29431152,3.571453,4.3553734,4.014551
1807,train_images/42a850acd2ac.png,6e75bc959bdb8b067e277bd45a668401e8b78125e73108c563291119b73939db,1726,2,2,-7.5855675,1.1062775,3.7140274,1.2187691,2.1108227
1810,train_images/6ba5ed791444.png,a2d2e04d0803922d80387367c6683c3e9f4c7d5e055efe42a5fae63e6741007c,1810,2,2,-6.5279274,3.4552193,3.9727898,-0.47807312,0.0038385391
1816,train_images/4294a14c656a.png,4a151071e4725d309e44870ae359c01fddc818b434d3de2e70f9369018780d04,1816,3,2,-10.130512,-0.957222,4.838703,3.215664,3.595501
1821,train_images/523ff163211b.png,827afa17f7f5f67bd8058ee13c4b9f67965efc0fc59508ede5c3d62beee72142,1821,2,3,-6.63686,1.069767,2.5909996,2.6834679,0.8209343
1826,train_images/5a5d3798c357.png,c68754eb2523ef405c3b76a557e10a203d6197dc796703d97ae61ef761f7758a,1826,2,2,-6.9801598,1.157692,3.2842903,0.7910881,2.2022629
1830,train_images/bdb98063fe84.png,7ad222bf42b692606797cb14195250c9b4a77281643d5ca0277b1b83ba1ec0de,1830,2,3,-7.1484566,-0.8088341,3.303688,3.5823555,1.6441193
1836,train_images/b5b913358b32.png,218d07951568526e6b19fc7e41f1dffb55824dbd31b87fdfc038744f8805d037,1836,0,0,6.938534,2.8850784,-1.6054268,-4.969555,-2.988532
1840,train_images/17188c13e635.png,3fbf0480a1f80b05a5a311c6c57363b48cb35c1a4ff58c1bebf762c5895d8cc9,1840,2,2,-9.263065,2.7489395,2.9200516,2.0785332,2.1862125
1843,train_images/75ed83dbccce.png,1b0a653bbd607bc155f84e79a4cce7cb0014fd78b7f23533ff452f2662b6808b,1843,0,0,6.8251457,2.0203972,-1.0609894,-4.6442375,-2.8093853
1848,train_images/2682e6da9050.png,fda331cd2248f6ae05a5a6315de6598563c1eb8b23adfc6d7b270cb4018d4770,1848,0,0,9.459999,-0.527153,0.40952682,-6.8404465,-2.148223
1857,train_images/83d6e40c869f.png,52fffe493b300c59baeba3d2b2c90e533562b58bbf80fc882ef747adb09e903f,1857,2,2,-8.962101,0.15199661,3.779972,2.3612938,3.2727604
1858,train_images/a673193cd5a9.png,ebdef862426a25ebbf82f9b72c2a5afa673a3d22ad671cfcc24590f8cc008775,1858,0,0,3.6272545,0.8045044,0.6627655,-4.534809,-0.20497322
1866,train_images/7bc00e58d419.png,aa919920feaac259811f657c458d2dcef89ecc086a00cd6c0a992ef4d8b4abf1,1866,0,0,6.265068,1.2632294,0.1345787,-5.4561195,-1.8825989
1873,train_images/e8d1c6c07cf2.png,a58298c93c8279654eed8f04c88e20e0e0d7f41aa879b4b9955073bea77c5830,1873,3,2,-7.1790123,1.5309258,4.7801056,0.6262016,0.6753063
1881,train_images/070f67572d03.png,6a239ee0691ffcde548f2f696a531050fb4f3951928f97220c6d7944d77c4303,1881,3,3,-10.700268,-0.39338684,2.4467468,6.3483086,2.9753857
1882,train_images/3bf3085ac167.png,69e21837e7817cfb045f20731119d21f69c45422cb9d3a0fcc9d31d110068383,1882,0,0,7.190243,2.051651,-0.45854568,-5.9247932,-2.5464458
1888,train_images/384db24ebbd7.png,8e6cf02803e7a327aa98f060b7b5e63c9fc9342f8cf50f37d20632258847adf8,1888,0,0,5.1962357,-0.03526306,-0.37143326,-4.882389,0.43745613
1896,train_images/f23902998c21.png,a58298c93c8279654eed8f04c88e20e0e0d7f41aa879b4b9955073bea77c5830,1873,2,2,-7.1790123,1.5309258,4.7801056,0.6262016,0.6753063
1897,train_images/a32b5ce3d48a.png,2efb9fa204106a826a91c5ba3c86d3543eeac14872ec3239d52c864491c1b758,1897,4,1,-5.803684,3.139145,2.622322,-0.7984276,1.434227
1902,train_images/518e880613de.png,55e1c4493c442c4e64294af2c794b3663cdd0d5f36e0299cdacf165c4b8bf2ff,1902,4,2,-8.58276,-0.54369736,4.587509,2.9679756,2.0826359
1910,train_images/13073f075a56.png,3735e21a91ff34f43489f78cc3941d88321b891a37a5e8105c28c9b6467957a8,1910,0,0,4.7040443,2.672844,-0.5299263,-4.629608,-1.9111347
1916,train_images/d5ad3362424c.png,4948c81a633f3ff0fde7ade239a76dadadd94eb10eb310c19eadf598943e0b76,1916,0,0,7.4043007,0.33654785,-0.3276596,-4.5370293,-2.4320917
1920,train_images/300305ce82d2.png,47217dc4db58c4cb7b1c1dec3c548ecd7523f7422e39d460cd8b315431cf2a48,1920,2,2,-9.825932,-1.1037292,5.8009567,2.398899,3.306713
1923,train_images/67ed8cc78b97.png,26fbe7605d68568cd74631642e476b80e2ac5a644d55b711398007c7386aebde,1923,0,0,6.7632904,1.1794586,-1.3297386,-2.4001083,-3.8825006
1925,train_images/a8dea22ef903.png,88c4c96ea7c756ca021ec42fa989e76d9d7b5ef61cdd10eb95e49628d4ca555c,1925,0,0,5.3436966,2.4986458,0.29207993,-4.941452,-2.901803
1934,train_images/a2dff8dbc9f8.png,1096c46537ce7158ec326a0b403f3f20159c6d1f8a7ba8c9ca9d8d7d5a04e28f,1934,0,0,5.077442,1.5074234,-0.5268097,-1.751564,-3.9648523
1935,train_images/a9a3225cf4b5.png,925cd1357b706962ecb1d96b1e0ad58f456cccb08ba95f827c6b24c91ba1358d,1935,0,0,6.0138435,2.618122,0.2542038,-6.6920357,-1.9057674
1941,train_images/f9156aeffc5e.png,450184113bd249d307eee9205f067ee82cb3945b7e5bee53069ef39c6b44117d,1941,3,3,-5.4002037,-1.3022614,2.0378304,5.666355,-0.5257206
1945,train_images/201f6e10c108.png,1daa6e51571c2f9535584de9ff3d8007d1518db5169caef48f4262e358198178,1945,0,0,5.8868065,2.379055,0.6139488,-5.867901,-2.6659498
1952,train_images/ffa47f6a7bf4.png,aac6e7298320856fae069699ca9c9359060c1bee32db4c88150d49901ef75c63,1952,2,3,-9.981968,0.07006073,3.5405083,4.425144,2.5077744
1956,train_images/bcc762618e7d.png,7964a7f7d333e33d2cffabfd404a51b4aacd17b5b1284556231f8eebdf927b2b,1956,2,2,-9.231396,-0.02960968,4.619278,1.7268257,3.5063648
1963,train_images/b21abe5d9722.png,18acb05129780fc8347b66ca3c0f79fefd4923cd37a9786c2d93aab644ba1a8f,1963,0,0,6.462162,2.1911888,-0.53300095,-3.8645592,-3.927946
1964,train_images/1e4650743fa2.png,2a7ba33bd0ecf3c97e5900b1163306e678d713962dfed19dc17e9345e46cba06,1964,2,2,-3.9030342,3.0679169,4.62088,-3.5168686,0.23602104
1969,train_images/b72f59b85f7c.png,964e8574788535c79dded46f053533e2b196f5cf297859311ad217761ebab736,1969,0,0,6.305027,1.8481789,-1.9604645,-2.9302444,-2.962244
1976,train_images/f62b8a076833.png,168df5cd693de4cc395e7933fd2fe37c5829cb75e0876a951fe672ff567c28e1,1976,0,0,7.1639366,-1.6063156,-0.49188614,-2.6919441,-2.071885
1980,train_images/9a9b21215c55.png,8b41663d986a523851ce327a6e8cc075786449511567886a8ab2498635a950d1,1980,2,2,-4.412258,0.47533798,3.440567,1.6177177,-0.55872345
1985,train_images/97a235367f9d.png,6f4afe1c8c5a3ac16070ee1890d0ce40c187dd9c98bf5d4e2d0393b3661ef6f9,1985,0,0,6.0778427,0.9558945,-0.81669617,-4.0984344,-1.6283503
1992,train_images/da8900ac7f29.png,3206f0001f8cf6af9abb679ca60733a20c8754c003b592a9919aa3e07b7a8aa4,1992,2,2,-8.447536,-0.4137268,3.8591118,3.1994133,2.348711
1997,train_images/8ceff4c4c860.png,5b8d1285749230c49cf91daf12e332eeeb20976e9cfaeed809aa4f8ee077fec1,1997,0,0,6.1530685,2.7914543,-0.9796715,-4.7414894,-2.9143505
2002,train_images/a0e635689259.png,0b25ebb19edd2f4899eef7199e7810b0a790f3185af406852c5fb4ff41f9a31c,2002,0,0,7.204315,1.7345695,-1.2037163,-3.714573,-3.6922798
2010,train_images/4689b739d240.png,14d7fedf16a210db69a74b2c3cc1419da783d8545dd74fd713479b39fd81447a,2010,4,4,-2.789219,-1.4263649,-0.5281563,0.915493,4.4207554
2016,train_images/237c078d00fc.png,799c6d1f88d5d844b1e75081cbdbbaf020b012186972aa6b026dabfa5ed8cdc0,2016,3,3,-12.322926,-1.9110146,2.7501793,7.9273796,4.0843277
2022,train_images/c4a8f2fcf6e8.png,9dfd23546cd3b6ab2721de2249cdd50358eab0aa4a2f91bd7715257a285e09b8,2022,1,3,-4.537182,0.105602264,1.6090431,2.3407936,1.0099239
2029,train_images/1a7e3356b39c.png,e9f7acbd72c9f1c4027c71181bb9028e472e08d4d07ca8ea4725bcdc08ca31d1,2029,4,4,-2.502327,-3.2196083,1.005909,-0.64881134,5.9505177
2032,train_images/10f6ef37fe43.png,6e564dce572adb1864963f712e8ea3724489895b24186c6f66a3df5dc2a47283,2032,0,0,5.3886757,2.5044441,-0.37339783,-4.3948517,-2.870284
2041,train_images/1df0431bfa73.png,f312b3b124335b0b1cd66889e3cc7d06b3b545e0f3e4d1ead951c9986e2a4984,2041,0,0,5.593075,1.4930954,-1.6674309,-1.7005997,-3.383565
2043,train_images/bc34f52c37c7.png,ea86c2d5f96674b3163ef358f7aa51d1c289cf827bbc0ee387bf49f40457d6b2,2043,0,0,6.7810783,-0.49910736,-0.48025513,-2.79311,-2.6972218
2049,train_images/f4d3169b468a.png,86b7834f761da63c54234ee6edcdb803abc2bd0f9a27608ef42794cdfea561a3,2049,0,0,6.4108963,2.1830025,-0.85837555,-4.3574524,-3.0678072
2056,train_images/a9bc2f892cb3.png,f89ab6d52043364d60074f44044f49a61dbe894200ffb2dfc7d9de30ee6f4398,2056,0,0,5.0958824,2.5601425,-0.13271713,-3.6741333,-3.38208
2057,train_images/a81b06f50612.png,427402c670d8763c0916c31a467ba6ce010c884bcb40367835c4355a40ec64ac,2057,4,4,-5.6050835,0.61576843,-0.8285446,2.0980873,4.3965244
2059,train_images/f460608cf4cc.png,76129728c9a1c5335f9aece49c585d92e04b11335a85d011b2be9e4fe4b603fc,2059,2,2,-1.6566544,2.6406517,3.523262,-3.0863075,-0.9859295
2069,train_images/fa3e544a7401.png,0a0e98e2251f6598c351440e08d6c9c35be30acde64f46a666b958225f442a48,2069,2,2,-3.4262657,0.5657997,2.1601448,0.7148018,0.44085503
2074,train_images/6e1db8711879.png,40f21c81a10b1f5ae005e2ac875861371c773852e1711809d1f43089c438d1cb,2074,0,0,6.999054,1.385601,-1.4886703,-2.8685608,-3.70969
2081,train_images/bf8092e4001d.png,e35fee4da08b88878030db86663733ff15131a71aa174e150956403033623e79,2081,3,3,-6.4333763,0.23092651,1.0187721,3.271885,2.3749104
2082,train_images/c80f79579fed.png,55112d096bb386676fbc13f24b5b926916bd7656c233e44c4892f23d6924beb4,2082,2,2,-5.7814903,-1.1382256,2.937046,2.3305168,2.1127472
2083,train_images/0519b934f6b1.png,f47fca5f20b0a89f3d3c34c5753399fa1b54d511271bd590f7879de4b2e4b1d3,2083,2,2,-5.9937935,1.0938835,3.837288,0.77327347,0.7589817
2085,train_images/95a4cc805c7b.png,88b2d3efe4797c4f63f40c817220bdda8a4d3aac06c7bdfe87e13323ca354ec0,2085,1,2,-0.5961418,-0.235775,1.9137726,-0.30176544,-0.34268188
2093,train_images/97c6cb55866d.png,5455cce42312d359a91b5b994d19893928ae879c3ff382caa591aa467146f39e,2093,0,0,2.9325676,2.555706,0.6484413,-5.901222,0.22723198
2096,train_images/f45f1485c940.png,c7e15dda20f07bedb87528f0693a20f31c85cd20b080e2e0a0ce578ee212920d,2096,2,2,-6.13039,3.0727158,3.2096214,-0.32666397,0.7173996
2103,train_images/b2b79b37d314.png,4c81c42279ffb8211fd1abb2c9a579ed1cd2d7343a7374c8520878fb35c774e4,2103,0,0,4.2105675,2.7659683,-0.21015549,-4.8087845,-1.6766005
2110,train_images/103f97a2ab15.png,c6146d29803d459fb796b32ec9187f706cb8ddf1a0855b7f1c030417d39a7283,2110,0,0,3.2788544,2.439186,0.2611351,-3.540306,-1.9189854
2116,train_images/daeaa5d8cf70.png,be974d57913abcdb67226b4737c93bc917e8b64d15054f3c849fb210314f30c2,2116,2,2,-6.238003,-0.09399414,5.396744,-0.09980774,1.5816917
2120,train_images/1e8a1fdee5b9.png,62472eaa23964a3848246252c4b34601341e28fd16c97a2761c106cf88522a6c,962,1,1,-1.5734596,5.1563873,2.6821594,-4.271061,-1.51826
2123,train_images/09eeafa9656a.png,b4af797136e47dc2f9ebcf222a5601f46c5eb100658aee7e02ff27325769618e,2123,2,2,-6.692959,-0.18005753,5.8787804,-0.26665115,1.8821602
2129,train_images/e4ae1ee6aada.png,c88b065eeb5179bb35538edb1b7635afce682c4e6c143d2bf1e052ceaab83999,2129,0,0,6.8319664,3.1001701,-0.36428452,-6.306942,-2.92457
2132,train_images/971bb98ab935.png,dfb0463d45139c56c9bf7364e3a2423edf8dd216576b9b0eb5c177200e9987c3,2132,0,0,8.538273,0.7585678,-1.6178703,-3.9555588,-3.4011707
2138,train_images/1ae3c58759fb.png,2c442850d744ba6a478abda5800c51f3c2a4b9506522981d168009a2ecfcb722,2138,0,0,6.0284843,1.9003754,0.6796608,-5.169876,-3.1207485
2141,train_images/c01eae4b4939.png,525f3394628876ef7146d742cd67c26171ff14dec57f94fde1fd6724c63d0f3b,2141,4,4,-8.039547,-1.3478813,2.4956474,3.0362663,4.4120827
2148,train_images/d8da9de62743.png,91d323bb6a3e63020ad5a8701f37dc26227aeeeeb1a02d3cb916d88868c90a47,2148,0,0,5.307499,0.8258095,-0.12955856,-5.2653465,-0.4032278
2153,train_images/aba3063c5413.png,05b59731a698d5f4119df6b4907c4042b0bf5ae3a77b12128b3cdbf19027d174,2153,3,3,-6.7267723,0.21363068,2.8920174,3.78294,0.59064484
2156,train_images/38487e1a5b1f.png,395a0ae477f4032e13e82ee1e57700091d95496c233f63601c94c53cf76e4d62,1651,2,2,-4.648411,2.7584763,3.3772774,-1.1510658,0.12773418
2163,train_images/545df1bbcd61.png,ec36b32d63566908b6e81a3e9ad649645a44a51f0053e7746a52233e3df0825a,2163,1,2,-0.57289886,1.6099472,2.093727,-2.1450539,-0.59936523
2169,train_images/4faf4063db8c.png,146b1eb4afd1594261573095401a4020ae4c30c43e876b770d3b31dac5f4041b,2169,0,0,5.9786453,1.6546059,0.6258087,-5.9151382,-2.0139046
2174,train_images/f68690db78d3.png,180b866e50010c389993bc6d8ea8190cb540e667bca7e8630968c1d526cbcb8e,2174,0,0,6.914425,1.532795,-0.5198593,-3.6710396,-3.9019413
2179,train_images/cd66754e1b3b.png,becf460f9c01790f3cb55ea839b2e073122d28fe3af24efef54beef7f1bc6f4e,2179,0,0,7.7967567,1.0801315,-1.441555,-3.6706047,-3.4415264
2185,train_images/7c3747c0b2c3.png,badb79c0dd7598be0628c9ca6d441d237844d9b9c474ea57c1ddd5a72c044123,2185,0,0,6.427456,0.8009529,-0.8443718,-1.9688454,-4.116539
2187,train_images/930fee99213a.png,87d904debecba5f026308018bbd0a1b4a26acd46bba58b6f330bf5251cd4e9c8,2187,0,0,3.994461,0.09671402,0.5618019,-4.5582886,0.24403667
2195,train_images/86410aa13b3e.png,c78537822e715ef814ce25c57536df6cf1ff929ed0f7390807cf04ed4de07570,2195,0,0,7.058399,2.6749725,-0.50616837,-6.5764694,-2.3155193
2201,train_images/374535e0adb8.png,c3f1d8393129357b5ba6e72f0166232f7cb8faf5291ba2b2e4b70eb66788db5b,2201,4,4,-4.4159126,-2.391636,1.7118225,2.2426033,3.3121548
2207,train_images/60eeae3ba23d.png,29ea839a3c1423dc3b42dfb18792264ac6e0bfc5caeef2d2bbbd5af3dde21dcf,2207,2,2,-5.2406044,-0.7818718,3.9516983,1.9023476,0.71427536
2214,train_images/8693ab1fd2be.png,c3080a87587559339d8f40801b6031a677b92e929e586b75ae49f3bc3c69876c,2214,0,0,5.1699524,1.9802933,-0.85731125,-3.2482796,-2.5821447
2218,train_images/ca05f7e7801b.png,db54bf2ed324cc8cbb8ea3aed2af4104f8392606b11f71ccbaa5f6e253ebefb5,2218,0,0,5.660927,2.1526794,-0.32663345,-3.1319656,-4.029928
2219,train_images/b0f0fa677d5f.png,ef88a839c9cc1da5c8d229a7493326a39e5c08944fbf86d0264adbad6881526d,2219,0,0,5.880417,2.7533798,-0.15343857,-5.416111,-2.769392
2227,train_images/8f14bca04b47.png,3219b2ca1196acbba82e4e2bee7cbca0a778b8ddc76e84e0055cd4aae1f638c2,2227,0,0,9.036892,-0.12147522,-1.5776253,-2.577137,-4.467615
2232,train_images/0b00f8a77510.png,ff7d4d3c04c9a8a74cc24618470ec6e35ca27f7aa658d7531f0351498c7bae4b,2232,0,0,3.7773247,0.23793411,-0.87577057,-1.4838104,-1.2324104
2239,train_images/8aab201c0691.png,1ab3b048234ff5417ad05b286feee6d98468f7105ac54ea8587a3f185c8e87ee,2239,2,2,-9.135387,1.4998741,4.473587,0.1522789,3.596548
2243,train_images/901a3552fe26.png,02e82b18cb0e6feadf1d0621559a001213a4b9167942de27e1d23c62a5bbd1f7,2243,0,0,5.252842,2.7318954,0.14154434,-5.506218,-2.3328943
2248,train_images/6d454444f17c.png,060559e51edae7d6288225b84af68f6e2b1ede4c5857a1eacfadaec95182c524,2248,2,2,-6.4855843,1.9073906,3.4310036,2.557476,-0.8778286
2255,train_images/8ef2eb8c51c4.png,2f8071e2a344253ddd9fd784646738464115059910141e14202cd6e1956acd62,1657,1,2,-4.052311,1.6034241,3.285347,-0.6720085,0.43593788
2257,train_images/37de05ef12a5.png,469af910390879acc7a6e62166383fa090bf12ede82207d226e295f09617c9c1,2257,2,2,-11.280376,-0.16693497,5.508686,3.5197258,3.0812244
2261,train_images/7a39c91416e2.png,a338358233d27f11a303f01fbfdf319bdaa0afa3871449d0340db3c674a7a931,2261,0,0,5.5448112,0.54829025,-0.55691147,-4.3464813,-0.8578882
2264,train_images/c4e8b1ec8893.png,ce138e931f88d11470a33d3a8c2a54e757a80b96fb9091b8a87decd0d79386fd,2264,2,2,-1.8805923,0.26864243,2.5748138,-1.2179375,0.5679188
2269,train_images/2b5bb6d33959.png,0739f35e8dea57d65a9d8bdcd960f8d0b54da7831bd57b8c1c5994c2b6ac3ae6,2269,0,0,5.26379,1.8085251,-0.052707672,-2.741993,-4.016823
2275,train_images/4409965eb2a4.png,27c667efc74bb6836582130da5eec2c15024fafe9c89b40ef8856efde39d68f1,2275,0,0,5.92968,1.5038567,-0.6423416,-4.6413383,-1.8135853
2281,train_images/fb767cea406c.png,5f67ab4b66a7191235479bd9725dfae8292b27b1672a9d1583d4fe964e489961,2281,0,0,6.635006,2.237175,-0.15242767,-5.6020927,-2.6657505
2283,train_images/ebe0175e530c.png,c181506d2f689251dc1c71d9394aee14f9dfce167dbbb08d37a1d263bfe589ff,2283,4,3,-8.54858,-2.449913,0.22825241,5.8076286,5.477993
2285,train_images/8a8a251770cd.png,b9e9b54aee8d8b25dcda4c42c048242f753c13ebcc4f5e2825bc42060eaa42a9,2285,0,0,5.384266,2.1832771,-1.1033554,-4.3029785,-1.8820877
2288,train_images/eeb231c3ef1f.png,0ed5cb8c0442e57dca97a6eae4abfd3d255efce03261e9bad44a721c5b611cda,2288,1,1,-3.2931328,4.7631607,1.9542694,-1.9257507,-0.9511099
2294,train_images/dad71ba27a9b.png,73808f3e2e3f8f69f0855b34d9a10c4b90e354dfedb1b800ea0ce55cf442d743,2294,4,4,-6.352146,0.003791809,0.13338089,0.50676346,6.289467
2304,train_images/f531232ecb55.png,bd07be80362eb08456b07c25cdd3c1d98cb7952515785a2b1d42a2a5b1fe788c,2304,0,0,4.512127,2.2428246,-0.05065918,-4.674984,-1.717247
2309,train_images/aa6673241154.png,94a41a6a1d36b53a3f0df07676a79e3b40ce52365ffd86074b30c84ae94a2de0,2309,4,4,-4.217724,0.29755783,-0.5559578,1.8160057,3.2256393
2314,train_images/3e1f8fecb06f.png,5f1965411c85f0bfd5edc02b2b65d562e16e9cb47d7c5abca9df70a1bea5ef15,2314,2,3,-10.157055,0.6838455,4.1356506,4.5691566,1.2169962
2318,train_images/8eb3337a54e9.png,376723967872f4630a699a6973976fedaba153c4509468842e5e5ab6b6eecd70,2318,2,2,-3.51305,0.52435684,4.3673973,-1.005394,0.23673153
2324,train_images/1891698febce.png,a4ceb173868947dc1d07cb9fed71834c276be9512542c1ff9261411091fd9efd,2324,0,0,4.6542587,1.8362656,-0.6934929,-3.0224915,-2.3591614
2333,train_images/58c12863f33d.png,54339e45db9c8694cd96a435dba92cb1c25086b48761c75dbe6376467fd75988,2333,0,0,6.389015,2.7150154,-0.16447449,-5.826664,-2.818921
2335,train_images/3fa4f4d77177.png,f66d6c75a82aa7bd5a3d6bc6e0b7972c6fa49415cfb1e5f5f61f8f95cec0e33d,2335,3,3,-7.3714256,-0.21574402,2.9349174,3.9212837,1.2485075
2336,train_images/367c7049929c.png,4f676a8723866b5d50d12a0c1512e7b7b1709978efc0587fe868be09b572ecef,2336,2,1,-0.13045502,1.6093483,0.8437233,-2.5717964,0.54291534
2343,train_images/b1c6f0997e27.png,0c224062b27fd1f20d2ea78d1754f71a0c5f14efbbb66d0cb30720c030c52233,2343,0,0,4.6868134,1.8538246,0.81941223,-5.4389915,-1.6099834
2351,train_images/f583a722434c.png,591b33bdecd929e8b59975ecd783d6fe7e7bcba6e13c2b020594dda58e0973ee,2351,2,1,0.05483246,2.766468,2.3696175,-1.0830383,-3.5370216
2355,train_images/51af8c112682.png,b6aa8f5494b10ef9e15d852612a39aff81cee7e2cc5f9bdde90d8d933c140f49,2355,4,4,-2.6268654,-2.4447556,1.7627487,1.1734047,2.7973747
2361,train_images/03676c71ed1b.png,634c4ec3d9d4a006756f6cfd33afbddf69b5c148b795ec684b4f43e1dbd307f3,2361,2,2,-0.33296585,0.83724594,1.1044731,-1.6430244,0.30890656
2363,train_images/64678182d8a8.png,4f4b0f2a1a4ca38b19fb43e298a4a561689e0fe534ff194aae4abb394d30e75a,1356,1,1,-1.1107368,4.6987457,0.6165657,-2.7625809,-0.89715576
2367,train_images/2b10f138e67d.png,8cd436a82a1c44eba06fa0383b99dd65bd5ae22aa993cea2d8c64b338213345e,2367,0,0,1.9251595,0.968483,-0.16054153,-0.78634644,-1.5542126
2368,train_images/e907d23cce3d.png,2baee5a44ab9fb61d20ac76123854b4db6f04b450b71d6441b208684fa13b538,2368,0,0,6.1665993,-0.6744194,0.14377975,-2.7871284,-2.5429077
2373,train_images/c5ba9e455d5e.png,8fb91bc86fe2e2de23e246ef2ac1edaa241111982655b18e750882b54d64d5c3,2373,3,3,-7.910221,1.1337509,2.663845,2.798046,1.7754059
2379,train_images/aa8a1e814811.png,7943a89ecbb2ecec24b32d59f615bb1312031988daa5b81df3c39e6d982195f2,2379,0,0,4.8684464,1.736351,-0.64291763,-4.727131,-0.9414282
2386,train_images/ea5c42a78979.png,228b84c9a143a8edbc3601cb432d3237eb5392a7bc8db9cc4c071c1f5c0079c7,2386,0,0,5.979313,2.720337,1.0722351,-6.450821,-3.0250378
2393,train_images/0097f532ac9f.png,6918fa9978a11f40b6da9c8408f4399447a4a56b116965c2e9e7b791fa357acb,2393,0,0,7.640831,-0.26432037,0.52698135,-4.476391,-3.0442371
2397,train_images/19722bff5a09.png,cd834e9d9e273765341d800ec2865100caac308e80d9f16c66e4f57892b2ca71,428,1,1,-1.4169464,4.87109,0.8526726,-1.4420319,-2.317646
2400,train_images/73e83a07a16d.png,f2f175df5f62713e7eafc9cd4a2a0542b17b5fae55909fe2c9ad5aaf24492572,2400,2,2,-4.3222237,0.45313644,2.7680092,1.7193565,0.015207291
2407,train_images/ff03f74667df.png,d267753d7778e9c3538030daae900fd1e6ed85acc72e561325b46cddace74c74,2407,0,0,6.80439,-0.13936234,-1.625061,-0.95233154,-3.789072
2412,train_images/93d6d20a5ee3.png,98f186c3b0821761710f56cf3c0d8c792dd4b9525ed2d77500fa404fdaaa2e59,2412,0,0,4.1979294,2.3886147,0.71918106,-4.180336,-2.8242931
2413,train_images/111898ab463d.png,d8716779bd82ef4fdc2d566c74a33bfa83c30a240536b0af716889f13568a543,314,1,1,-3.1058578,3.2186852,2.0935707,-1.4183159,-0.14297771
2416,train_images/29b52f64d2db.png,22337ae0a2939ba679bfdc4a9420b8f99f5e5d2e938404eea490e1c713b03ee3,2416,1,1,-1.6449165,2.5986214,1.0892601,0.112831116,-1.7798615
2420,train_images/e9286ddf6ffe.png,21dce3b5af6bf5c1aa1ba2f83545551b751ebef59b1eae647cfd5e4448bb2429,2420,1,4,-6.3173027,-0.12145233,1.1802025,1.2228584,4.8080463
2423,train_images/2d552318eb07.png,41529195fe1bc0da1b287ee5b297f29ad275d175de8e8c28d4302401b5728caa,2423,2,2,0.7532692,-1.2488785,1.201828,0.6708412,-0.9052849
2427,train_images/28a4d00927b7.png,38bf2f0c2b4c7e126b8ee91107a5387e747a478e4effe6733bffccea72590b01,2427,2,2,-3.031559,-1.0361557,3.5627708,1.2442055,-0.17979622
2430,train_images/196e6a186452.png,3aed027e0264e8c766943454c555abfca5f0cbf4544efad3ae6b6511860cd814,2430,2,2,-9.277843,2.2526894,3.4294853,2.1473427,2.1362476
2433,train_images/ef8c39eb9157.png,31524562fd4008562fc3fbbea6c38aebbc33efd25bb760ac0beb5cf22e25e19b,2433,0,0,5.611828,1.6689453,-1.2260933,-2.6147919,-3.1564102
2438,train_images/4dbce359d0e1.png,123df5fb3be9f751cacca8013571b8e8f2bd0f453e4d9101ef3c696c7dcc196d,2438,2,2,-7.616642,0.9806137,4.070675,0.8588295,2.1979923
2443,train_images/aebe87a423c8.png,da7e8b8ae96fbabe15a80f9fa7e59aa67815e1e6eb071472604d74330bf9b111,2443,0,0,4.1491127,-0.04623413,-1.4001198,0.4215622,-2.7648058
2447,train_images/2ef4a04aed1b.png,aa33ea40df658effc3a5989a75514b3ad8283f8100c9797fdf1ca629389f7b96,2447,0,0,6.4998627,1.751442,-0.1332779,-5.9339027,-1.8492813
2453,train_images/d66ccb75ada1.png,ce60ed83d441171ce046727900c568e1dafa98d74aa87d9cdf6fccec7550497f,2453,1,3,-5.1646843,1.4247704,2.0222664,2.0796623,0.12338352
2456,train_images/873fe0404d6e.png,aef6df0a2d7715aa75e40365a8dec51f49b6e16f8076d3a101a886fec4b53cce,2456,2,1,-2.34721,3.2775764,0.41156006,-0.6417465,-0.31142616
2463,train_images/78a577c3e0bf.png,2fdb4cf4ade9ae3f3d71efcb7b446cdbf32cbfe6f14edc5773ff385040461e5d,2463,2,2,-5.1171837,1.3582077,2.377472,1.7437477,0.23702526
2472,train_images/3c1efa38d0da.png,f2b6f61a22ac8bb5cd64fb3b18864c232fb04b0252ee2af7183808cb8e8704d8,2472,2,2,-5.2185783,0.96157837,2.9257965,-0.09129715,1.9942112
2476,train_images/e580676516b0.png,a0864f503de991468b53943aa937a6c58521f7bd98862dd9c5d46c31435b2b80,2476,1,2,-2.7115402,0.32622528,2.0366325,-0.10266113,0.95529747
2483,train_images/6bcce181be65.png,5371ce791b90c5760b2e688b5c4affecf3acfc1c7056e643300cd39f2b026cad,2483,0,0,6.673748,0.20244217,-0.3021927,-4.5914345,-1.5308743
2488,train_images/a247961a5cd9.png,536e4b24cde8b4f789768111c14e75f0514f6b99c127955990e6994f2794650a,2488,0,0,2.5011444,1.8427353,2.2121696,-5.3617706,-0.8635931
2493,train_images/cfdbaef73a8b.png,561169c9c1b0711a13830aae198a39229f90b416eb65032b9b1ee09d13d91340,2493,0,0,6.106861,1.7146988,-0.91189957,-3.0955696,-3.4271393
2497,train_images/aea59ebec445.png,97c3087aaa80c5554b37acc7d4177a4551cdeb1189c30817dd100ed625510dda,2497,3,3,-12.01762,-2.6144257,4.1493797,6.0700035,5.039507
2503,train_images/6cfb7b44ef6f.png,f16e0ac16397c1164bea71fdfeabd6ebb53407a53b0005e53a89d3e7450155c8,2503,4,4,-2.366024,-1.8504906,0.60835266,1.0650063,3.048664
2508,train_images/1632c4311fc9.png,3bac7a949ac4807094cf5900b2355bb15ffa3c40fa8b97291c271ccf2cc4e383,1468,2,2,-7.475765,1.591404,4.530861,0.66752243,1.2099829
2512,train_images/9f935fb38440.png,7f9493e9813c4c4dae992e2c16f48bc7a2da92837f148087c22e6abdfbc7f3a1,2512,0,0,8.482483,0.14457703,-1.9272118,-2.9529839,-3.4451637
2513,train_images/cc9270f06b65.png,0abe798d4e33781b19131f744f726edfa62b6820cf645cad3673232d2c6699ae,2513,1,1,-4.576008,4.643753,0.9232292,-0.696476,0.21668434
2524,train_images/fc603cbedb41.png,630512f98818a4c2595363498973b4b834d2b1a18c0ab4dd455af015fc4d2d93,2524,2,2,-9.470928,0.5490608,5.865898,1.2580986,2.3442478
2531,train_images/2b4c7b5f1f1e.png,5b8e66ede5d4ab0dad33eda6eb60b2a9f58f23d9acbe33906d2cc0e4475490c6,2531,0,0,4.439686,1.2148819,-0.024227142,-4.347927,-0.9292259
2536,train_images/67d8f94f04e0.png,8ad623f1b8708cbe24b87279ee56c3ce2875273054fc5e406e723ad08fad0457,2536,0,0,7.397297,1.0593071,-1.5900154,-2.777153,-3.8023062
2539,train_images/05e9126dfa5c.png,23cb8b68e955d4589b52ace5dc8babfa55d902e79dff3d1d2b67fa9a8b0fc455,2539,0,0,5.5809975,2.3414497,0.033130646,-4.6588326,-2.9814625
2550,train_images/1d74c4713e21.png,cb09ba42819479c358ef89bd8a3b8e37dd43a21d8b847f9840771d57020c1e29,2550,0,0,7.4072533,1.1684685,-2.2027092,-2.0609741,-4.0408382
2552,train_images/d0d59ed675b5.png,2340835992ca5cab608e1ff55c60bc652510bc0a294b066c120018e32fac36c3,2552,1,1,-1.9832916,4.138237,0.7180748,-1.9826851,-0.3953638
2558,train_images/de730033c683.png,683c5bb72eb34d98821063c687d97a0e00c73fe523e76e1f55ae01ab34e82ea8,2558,0,0,5.728386,1.4753113,-0.13970566,-4.30151,-2.3080063
2562,train_images/00f6c1be5a33.png,0cf6f915f26f896e9c5122328d94839c5af797809bcb252ff6420eb81abd5614,2562,0,0,4.7015343,1.9763145,1.1711922,-4.3115196,-3.2171078
2567,train_images/08b6e3240858.png,5c7f15572922effd7911fc8f8d8224db40a6e66076d7083e1cb37721d2d543ad,2567,0,0,5.8308563,1.141201,1.3960037,-4.161503,-3.678238
2573,train_images/0cb6b898389f.png,29c69ab3d90e492d4f3ea917a2d6fedba4dc965f5011a01b7302fa1fd2db9732,2573,0,0,7.2017746,-0.47441483,-2.0317307,-1.9718857,-2.3922977
2579,train_images/1002b5151b8e.png,dfd92f6d50b81335e9c38377e5fe08d5da7bc1efca9e30e2095f6c5d934776e8,2579,0,0,7.582123,3.0603867,-1.304039,-4.4472466,-4.618222
2584,train_images/13d411c85ffd.png,1aeac068cc13f2fd28aa29cb9d94a5d20ce0994732899dac1c15b728153b2a0a,2584,0,0,5.019802,2.4717026,-0.27188873,-4.6021614,-2.2770138
2585,train_images/16060f05d047.png,dffa55e36bd1de68d4498c5c3904ced4ba36b51ab765a4612416627bd12393a6,2585,0,0,6.8853455,3.5015411,-1.2886696,-5.217758,-3.5900202
2591,train_images/19545647508e.png,7e1b13bb1898c82778c50763a1f2abe0e27127f54eebb2bfae47698f04551500,2591,0,0,4.699543,2.1359825,-0.03905487,-6.430855,-0.09308624
2597,train_images/1f4fb37e0854.png,e3580f19ca2465b20498be2acdcd378cc673a8b20ddc2150e3c71bfc7e55047f,2597,0,0,4.0246696,2.225937,0.0602417,-2.627224,-3.2380505
2604,train_images/260a455692b5.png,8e484b9bace2c092714ddfb727af9a88146346b93b97bf9a36284671f3cca40d,2604,0,0,4.5422745,-0.8600197,-1.060688,-0.48813248,-1.8553772
2609,train_images/29d059522fa1.png,d204ce1e84cac4bc98c215757cb18ffb76553c67b129b716540ef24c27595bcd,2609,0,0,6.3182564,2.7827148,-0.5087929,-4.5493736,-3.7430391
2616,train_images/328d141ed3aa.png,6641c5cfc0feb76b205b6786cdd5b8c706980deeffa9e6be369dd9efabfbe422,2616,0,0,5.8842506,2.186573,-0.46652985,-4.5060463,-2.7706776
2621,train_images/388279491b5d.png,141482832b76c4c5433e8dab58e961404689b89928846b65dfed30fec69bec7c,2621,0,0,7.507015,1.4726715,-1.894577,-3.1508293,-3.632142
2626,train_images/3ca8be3b40d6.png,fc87ef74fe92f61ddebcc2b56b697d40cb15f48030c49ba3659f1203d38f0fe4,2626,0,0,7.1322174,0.35055542,-1.2316246,-3.3771439,-2.5351906
2629,train_images/4145dcb25053.png,0d7c5dbfa44dfde7b06278b9fe269c09d7b7e8742075b3a60eb9b7e633d3441e,2629,0,0,6.5614815,0.3822899,-1.530159,-2.7627182,-2.3578691
2633,train_images/43e9c66eb0f3.png,205bcb5201a1e4c86e1dc3f5956c513cd2dfa221cf5092d12ea32a078e9e882e,2633,0,0,6.8490143,0.42266083,-0.64546585,-3.0862885,-3.09159
2639,train_images/48a45619d1a3.png,42cfad4d7e1e2d8657c748ec069ea38208ec1d7dfbef2d1272d57a2ba98d8ed4,2639,0,0,6.075001,2.0521584,-0.9835701,-3.27668,-3.5665417
2640,train_images/4a589edaea60.png,87020c4e71cdbeb734a36dfbae1c403594c4209a89a2a8a0ba52b55a5ad588bf,2640,0,0,3.5976372,0.58641434,1.7491074,-3.1173325,-2.5064468
2643,train_images/4b6895d0cf8d.png,9d305607fc33bab56a1767d972e06a99d3570541d072ddfbc84f347d3e4f9a1b,2643,0,0,5.461006,0.8670006,-1.1725883,-3.266262,-1.3776588
2644,train_images/4c60f6fcea75.png,9c4d351c8ba09f5219024c15a99f1426cfc9983a4d9aab0923966e3ecd416e0e,2644,0,0,6.2483597,1.7227402,-0.9875145,-3.5543175,-2.9248838
2650,train_images/50915e2329a1.png,63ea75c992ee24495ea92f95909e8bf291b5fa66311933e749c24c9134993ddb,2650,0,0,7.387043,1.4004517,-1.4319077,-2.9856186,-4.120922
2658,train_images/568455854a11.png,285cd4109374d36b0bbfd67d6f8e4384cf50d293a20197e372f5359fc1ffe0d6,2658,0,0,6.952568,1.6218872,-1.4213219,-4.234001,-2.60013
2664,train_images/5c85d22bd0de.png,8b19bf39d57869002a28be21f5e650b7ca3cb6d794eeee7b53c42014fba6b131,2664,0,0,3.1391792,1.616169,0.42269516,-3.9123993,-0.95393753
2670,train_images/65a7fe9482fe.png,b4c4d3869bf9676f53384e5c1906172e76cf39f7d8ded643d0e988f1b340976e,2670,0,0,5.42387,3.085701,-1.1607552,-5.030506,-1.9820099
2674,train_images/66b88a4bc474.png,c2adc612e0767ca4de747c8c8acaafb4fd53503942d0a789cf7a68ca817b276d,2674,0,0,8.256283,1.532032,-1.3362808,-3.4769058,-4.7282467
2681,train_images/6d10709053ae.png,32638dc187da50aa9f95f2d6c0109dceeca4500ea6493a5e385f4ac0c83b670f,2681,0,0,4.7626076,1.1202164,-0.52443695,-3.7411728,-1.3508701
2685,train_images/7214fc7cbe03.png,86d3ffa7587b7d04cda99202bbaede9791097d99f936637ad995e4e49d4bf37d,2685,0,0,5.7714386,0.81464005,-1.6059647,-2.1819458,-2.5758095
2690,train_images/7a77c3eb468c.png,a90e998f336921a17fada2be37b43abe5352e0e7a0f45d2103101597f3c585b4,2690,0,0,5.8065033,1.7302094,-1.2956047,-4.472519,-1.4350357
2698,train_images/7fc3a8bb40de.png,26744d8b9b1cdc2ecd87904b468631a45e5070088ebd7c853e03e97ed456c8cc,2698,0,0,6.2085,2.8874245,-0.6894684,-4.273758,-3.835041
2703,train_images/83df53d58f28.png,3d73c2e932b7e372b5a5021acec70b5ff9bf5c9ed355dec3668b965b00418afe,2703,0,0,6.0810432,1.8575325,-0.4785881,-5.9742737,-1.1379786
2707,train_images/880edb2cdb69.png,7e0808f273891131e1992c3eb4866f64cc5349f204c93bac53c816baf6af95bd,2707,0,0,5.7980537,1.7985687,-0.82014084,-5.2162094,-1.2520275
2712,train_images/8bf05909e1e1.png,9486dbc61e208c15b7163153f19a888eed27956cb33c0a0771d638b6cfecb272,2712,0,0,6.88192,1.637764,0.36016846,-4.3385696,-4.245081
2717,train_images/912fbe06407e.png,25f9f48a21a584b8d80f14307620e6cdda28deb2987a314bb5eb59fae1852bed,2717,0,0,5.6588287,2.489437,0.69831085,-5.291397,-3.2467346
2723,train_images/9870ce41cac4.png,af837248c130f7cbfc3bd9df5f19a4a78a1a9a049ac0ef9c9804482e8aff5c97,2723,0,0,7.273613,0.7938652,-1.5219193,-2.746437,-3.5120697
2731,train_images/a1edf0e66592.png,a06f33dcc61abf4c20968ca9e9d39108e22ea1e40620316e44c1e841bea4c2f6,2731,0,0,5.7136955,2.658039,-0.3268547,-4.5794487,-3.183362
2733,train_images/a419fcb2dfb5.png,fb2cf53874170d4016627b21fed31ab86c267ef46c666544c20f7b70c344d5bb,2733,0,0,7.065525,1.9717712,-3.072342,-2.048851,-3.6025314
2739,train_images/a7673ac44509.png,02ebba196400ea3e0a79036c8303ea1f51fac6fccf44c1fe05b26e8da0fc0076,2739,0,1,1.4634361,2.5557747,0.18481827,-1.6497154,-2.0845947
2741,train_images/a88365134c3c.png,e523f6a4ac954dbb490af2a1447d797ac6b4a9448df57e0a09a38c81fcf62d42,2741,0,0,6.4920807,1.1578178,-0.20039368,-4.2834396,-2.8916216
2750,train_images/ae58ccb5905e.png,cfdd3bf814f3a7727d113e4ea067194a26f36fa05232611993eab7cd320d1261,2750,0,0,5.539425,2.2190285,0.28580475,-5.18071,-2.5311432
2757,train_images/b5e6ae31493c.png,1a36ee2cd30ad881f1e81cb9a964f2024390c736b1f51ae4f42d4ada9db4d54c,2757,0,0,6.709656,1.4263382,0.23235321,-7.110508,-0.93489075
2760,train_images/b9bc81fcb075.png,17501277b038feb10ca285927ffbce786c1bfb9c91f99db8307d6d8ab6c69226,2760,0,0,5.5400124,2.9974174,-0.36412048,-5.4530334,-2.4343529
2761,train_images/bc7bf19b84e3.png,7b92754296175d4376ca239912957e153fc22dc2d80d9bc48ed3e5ea28e0abc0,2761,0,0,6.2072716,2.0988312,-0.19159698,-5.9941597,-1.8408127
2769,train_images/c1437a7a52c9.png,6a667bb4c75d854d9cea75a592ac1849be8ef81b789f82784a0ffba3ae1dbb23,2769,0,0,3.095398,2.0902023,1.5049858,-4.3417053,-1.8118372
2770,train_images/c2f3281cf528.png,96c4f8e47c65791447ef6b5f2b96a9906eadcf417c05b3cc53bd94391512bb38,2770,0,0,5.7478905,2.7887726,-1.1967583,-6.1301956,-0.9028406
2781,train_images/cbc23af521f3.png,ae24a88d81fc755f139e6de7528751e4535ec16f1fa6204cf6cfb4d39adf458f,2781,0,0,4.864887,0.7239876,-0.7655144,-1.644001,-2.824665
2782,train_images/ccea49708830.png,ff7f0e9fdfcb15d67a0f0db7d09e7ef8cdabcd38511a71b0eb9155fac0fbea37,2782,0,0,6.029087,-0.5715828,-0.6207504,-2.5786896,-1.8876953
2785,train_images/d30d079e6f9a.png,242524a416186104c913eba1917951e55acb6652d3c1615d4a9dc71ae7055a14,2785,0,0,7.112961,2.0046349,-0.59246063,-4.8504715,-3.4179363
2788,train_images/d56d32a1d62d.png,d233e28fbde515f4626f4feef8c067570e29fa6ba20b6ff38ef3ac4f6fcb5a28,2788,0,0,8.436687,0.6775665,-2.0985603,-3.490734,-3.243269
2795,train_images/d9c9b9786da3.png,1d6b24a10bda130624661a065ac237f97d1e1b68fb95bd570a99ff6533950c73,2795,0,0,6.9216576,1.6464958,-0.20116806,-5.4225426,-2.6541042
2796,train_images/da9574d35b82.png,a2349806e4ae5ad6e3e62a8ed3f37bbc2ffd50bc7f0c38fb164113b064c964a7,2796,0,0,6.4132347,1.9755821,-1.3128853,-4.9711494,-1.7213869
2801,train_images/df6d13d04da1.png,f52a984906a58df97fcc1fdaeeb12591c7f212adc817d7d69429c825bd85420d,2801,0,0,4.5164948,2.3395348,-0.053642273,-5.460987,-1.0603571
2808,train_images/e6a5e4718873.png,6ca11ea2f081cbed5e70e9b9061e98d1c3993d129b5bfbd9bdd4ffbe9f73e952,2808,0,0,3.453106,1.3088379,0.5559387,-4.3765182,-0.6383524
2814,train_images/ecb4500285ed.png,8c4c8d9d7ed110b58db715e2699e068b2aabf8a7e5049bfd29298b0f9378d6a4,2814,0,0,7.8808403,2.1729698,-1.8973503,-4.321556,-3.5496101
2819,train_images/f4e68b61f480.png,19359be5bcb92a5175a588227bb8508c047bd996f3696ec27a59491cedb7a858,2819,0,0,3.9277687,3.1312523,-0.02986908,-4.6752815,-1.9027452
2822,train_images/f7508f14dd7b.png,8fe0487af7af43753074c7a8ba413537e029a914b46f64a267a9b1230dc92ad0,2822,0,0,6.107769,1.960125,-2.2204628,-2.4895744,-3.0428505
2826,train_images/f994a3b07935.png,7290825249ef78aa58f4607346db4a1114169580ffd6adc502afda3a60ea3553,2826,0,0,5.4024887,2.1756477,-0.23189545,-5.859619,-1.1635523
2830,train_images/fd87b6b2e664.png,65341dcfd272354e7a151585b34c2c8af71262b943a720d381faaac4fe6d42e0,2830,0,0,4.931961,1.2499008,0.85094833,-5.050579,-1.6154957
2839,train_images/1bb0ddfe753a.png,c0afb81c27e3ff245394d801accd8e1c3073601ef8d3f378712d8347a2d1929d,2839,1,2,-6.168232,1.6204376,4.0326004,0.6506767,0.4174385
2843,train_images/248139c423c4.png,a3457807379253e5fdaf16c20aaa21b50fe7e8069c9f2e52140dc7486e506f34,2843,1,1,-5.0634346,3.9164734,2.1893387,1.2050743,-1.7398825
2851,train_images/4da2961e62fe.png,99400ad7d86d70d264537a999a784aa645cdab8005f72ce2a09f5101f8192564,2851,1,1,-1.1923599,4.1844025,-0.5430412,-1.88731,-0.12903404
2861,train_images/6b07971c3bf6.png,3e8eabd423b5944786aa73b2131696aa0a849bac85a15b4761b73fc7623a802c,2861,1,1,0.31023026,2.1549454,1.1717186,-1.4118614,-1.7424736
2868,train_images/8dc22e65c06f.png,8431ec7d5e864a6cbc72f080f732fa25cd2d0df4c83378f00fc88c26cd6d513d,2868,1,1,1.8283081,3.2327118,1.293747,-5.524086,-0.436697
2871,train_images/a2696f444ecb.png,0364bb4b667cf909088e64a0032689c8582cd3093d34632f68bd42005c86587b,2871,1,2,-4.0615807,0.032180786,3.6737328,-0.4956932,1.3903313
2878,train_images/d3de0d313d61.png,fe719dbd15479a28af428967beeeda4757576fe8611f3eecb43d6ff76a3272ba,2878,1,3,-7.3555336,0.43325424,2.8668938,4.0859566,0.42265606
2881,train_images/db4ed1e07aa3.png,fd0a65669f496c50bf9e8f4a05ef85c92a9ba461ff4fdda480b7131edd980916,2881,1,1,-2.2227173,3.7856636,-1.2142944,-1.9685402,2.0446892
2887,train_images/01eb826f6467.png,9b818cb84607d3bb03b6a560eddfb0154da4ddbd79447e2b5ad7b0e8600820d8,2887,2,3,-3.1595764,1.2289124,0.9038315,1.2907219,0.3151598
2889,train_images/04a6fc58dabc.png,ba610ce1a881c1853326316df99bb59249d2bd9fd22e9764c129b78ae05cd5c0,2889,2,2,-6.88142,2.2758255,4.0199738,0.9038048,0.2867117
2894,train_images/0dbaa09a458c.png,4ea48a7ee77ecae6d22e6513102d830868ac7cd5ca167d4d5e44f01353369512,2894,2,2,-7.2801323,0.61606216,3.4946404,2.9951591,0.74010086
2902,train_images/20c883d3bd38.png,20ca5d282562ebfe773200ff17c2c93f1b53895cecac94d7f6e9cdfb85e8ef7b,2902,2,3,-9.070858,-1.8409042,4.2534714,4.752552,2.4301128
2908,train_images/25002fe43f92.png,703c8682e25b8de5e04df76ec29b0ce7fe33c596f58ee8a38c17de5427f74455,2908,2,2,-6.914753,0.18525314,4.6338196,1.5802727,1.1182232
2910,train_images/28f93cad89c5.png,002a8b30e8313f8742af31ce33425ff6daab9edd31eec49364f91885686459bd,2910,2,2,-7.518551,1.2189865,4.783268,0.040519714,1.9668446
2917,train_images/3d663a6a50a3.png,ac74945843069e72ae506983f2e13c14ec7f11d05088b50e2e455c59b27ff00d,2917,2,2,-8.489803,2.4267044,4.0317802,0.82367325,1.7138996
2919,train_images/4489d421e5aa.png,006b785f629579b76bcc4173904657b08527e69baa5344b83a23862e2e67963b,2919,2,2,-7.1262245,0.82582474,4.5210533,1.1584663,1.1004171
2923,train_images/48afe8c47454.png,3180da9168eceab0070e202792dd82390c90cd1967d3c69bad5b8a9e534594d1,2923,2,2,-9.7375145,0.18575668,4.268242,3.3506203,2.4610424
2927,train_images/5152bf091152.png,fd5484e1653eac1d56a72f79f9248179e60e4c9293b65afedff295b8817222a2,2927,2,2,-4.6594124,2.0825958,3.3299675,-1.9149704,1.6422367
2931,train_images/547b37da9223.png,4b2926e8d8b7b5eb11159662c3eec164de046358d59cbe719c7324d2ff5b47bd,2931,2,2,-6.430599,1.3659935,3.0559082,1.7918816,0.71024513
2933,train_images/57ce57a8cfb0.png,ae7b1c9e578e469729e81b330a52548dde642bee1a08530ba94e1f6fcfe8cdf6,2933,2,2,-4.5921135,1.6278725,1.7747154,1.6045341,0.12068081
2938,train_images/5d024177e214.png,52ba702df1329bd4dc8c0b94c51eb46860a3ac6e7543480d4336f2f61b0d6cff,2938,2,2,-6.792248,2.6305504,4.102726,-1.2860489,1.8655605
2944,train_images/663a923d5398.png,f492fee29ea971b219db93dd246b09a80c4c47e61cfaa41a6e5763f7296caa21,2944,2,2,-1.7863045,0.9126816,2.2973938,-0.253582,-0.69631386
2949,train_images/75a7bc945b7d.png,bfc613e558e72c471587f66c637a5d973657a9d1891816994d85abb7653b338f,2949,2,2,-9.692188,3.3835182,4.213711,1.2631874,1.366848
2956,train_images/7e6e90a93aa5.png,556ddfbabdadf5124cc8fa38226b20efe6a49b2cf37a5366ff9669227d617398,2956,2,2,-3.1881332,1.7459564,2.7024536,-0.2682495,-0.5696888
2959,train_images/81bc03e2ff2b.png,a93304a19c365805f5652a4046079e0828a3c66214203ae91dc572562bada710,2959,2,2,-5.9248543,1.4316216,5.1219597,0.634655,-0.72373104
2961,train_images/840527bc6628.png,1dad7cbc33426f0db3af5629ebc9e043ccd133b59290c047f274e3a625f55eed,1235,2,2,-7.9598427,-0.21299744,4.9526024,1.4938164,2.2015266
2966,train_images/8a67f1efa315.png,8877ca9c33742a722bdddb253e988d90e62d8e89e4f222d06ce5f5512f268421,2966,2,3,-9.559994,0.545208,3.6006927,4.5658836,1.3296909
2974,train_images/96d48b073f18.png,27501303c0613afbae53524fbe1150a72598e7e7f1fb19af5cc4a9c946ee9f78,2974,2,2,-9.654217,-0.7835655,4.863693,2.0399437,4.1514378
2979,train_images/9df31421cdd2.png,b17567e40bff754a683787893bc97434da99cd5ffb6e9ada84e62bdcc9be9163,2979,2,2,-5.3370094,-1.4988213,5.418392,0.6469612,1.4035835
2987,train_images/a721efb1e049.png,514e2cde8689faa9f686a990f0e6ea92fed28caa5dca391bd893e404d9dc33f3,2987,2,2,-8.295086,-0.14051056,5.392292,2.974659,0.64342785
2993,train_images/ae1344610ebe.png,41fdbbc4a55819dc14251495c37ac915161f383cd6db24c27090377fccdf48c5,2993,2,2,-9.753864,0.17734146,6.2853622,3.5355568,0.29013824
3000,train_images/b91ef82e723a.png,0034a93aead4bd2b86b2db0017afab72c0abc6d0d5338ec2300eee7936b2af75,3000,2,3,-5.7953377,-1.7781563,2.903431,3.2988853,1.8670044
3009,train_images/ceaa5803d780.png,9de7685ff318e4f9d2fcb04ea746c61eec085f56a1b372fbe27264368ef14771,3009,2,4,-7.883465,-1.1651497,3.7488937,1.8221092,4.074621
3015,train_images/d83d0695e215.png,bee8e754dd8ab2aae6f5e91ac55b0f3beb197e90dee9c94b5587b2683281c9e2,3015,2,2,-5.922024,1.5401878,4.100544,-0.022602081,0.8000183
3017,train_images/d968a983d4d2.png,92be74b53ac9f57a5c1b0e8f90587dfa6492cce7dc19a032d7618cb97fd2b0b5,3017,2,1,-1.2942047,1.132267,1.0900307,-1.3860626,0.9492836
3018,train_images/d990a3f0cbdb.png,525f70bfcfa27f7099cbe6c9424657de4b9873380bf95bfd00c09aa8fbef925a,3018,2,1,-5.6744194,3.5617256,3.557396,-0.07891083,-0.7321224
3025,train_images/e2161692a0b4.png,31a4cffefc0b6991480608ad70fa2dbf8a53450249227ae6a2001c013310f3a6,3025,2,2,-7.8418236,0.4289856,5.233959,2.0811348,0.6697006
3028,train_images/e85d410d6836.png,e3796ace1dc45bd9ce4c1ceffb68a7cb2e3448505f646777cd9c64f5cdccd5e7,3028,2,2,-4.512287,0.6743698,5.79084,-0.106155396,-1.3535986
3040,train_images/24b87f744598.png,f8de2ff8e0327772ca0c7d083c067193d8c36d4418af50b3817bfa4f337023af,3040,3,2,-11.3638115,0.22361755,5.4021187,3.857441,2.4271984
3044,train_images/4fef9ed8a4c5.png,3f9c10a3b530ee8c8d3c4d10081a57d542e067dec69e901e3fe47838c355be8e,3044,3,4,-10.389957,1.0358276,3.0963593,3.1106071,3.6193142
3049,train_images/8958a4d17b7e.png,44ebfbfa0a427b3fca115ff19c959c9a6044dcb16579b7056fec1ccc82cdead3,3049,3,3,-12.419025,-0.056373596,4.306278,5.027561,3.7668266
3055,train_images/b019a49787c1.png,2a3767cb018a37cf061731e0c474db4ebb9870a3ed810a1b0b38e48d0e3184b5,146,3,4,-3.4691505,-3.0627403,-0.7506027,2.720829,5.0940304
3056,train_images/b191ba0a2b12.png,3fd08513e87763416bfe9afb9ee44315e28cc8db4a69b880cc09740774117e63,3056,3,2,-9.817844,-2.4598045,5.4104156,3.348919,4.05077
3065,train_images/1efa5d443707.png,8f563d28aa1e878e03306b7315996404f25157692501c06e76229137bd35f13c,3065,4,4,-10.543423,-1.7107315,3.5184898,4.3237343,4.8984413
3069,train_images/21abd36095a1.png,06f39ac54ac4ddd5c5855f7329723e467f25d450625e6e83c302ea62cd4e0e8d,3069,4,4,-5.6104927,-2.2418518,2.6809006,0.72401047,4.989521
3072,train_images/3b232b394e4f.png,6a6d8a6717d39f42d22c0532a192d0d79da0a42f3c9c14b7aeaea7bca108ad5a,3072,4,4,-3.598446,-3.3824635,0.14604568,1.6729774,5.72015
3074,train_images/3ca637fddd56.png,7d1d879f980010e0b018cd8cce764ff79f54fc54323912de7e5950899e5a6478,710,4,2,-10.911465,-0.54987717,4.8145103,4.1632195,2.9959984
3082,train_images/7c629b491d1a.png,601003c0f1e3a703709a5f6614646dc010ef36e17049f0f785bac91539e5d3fc,3082,4,4,-3.2462463,-2.034851,1.1245842,0.46887207,4.299553
3086,train_images/9859e2a6cc24.png,90e3f8038d9f4c6459d2566f2fedf64b9a1ae61a27578c8fff982ce560f5bd1f,3086,4,2,-1.8714638,-0.3303032,2.0765686,-0.82440186,1.3005219
3091,train_images/b3819a805dca.png,fe9c6d7443f0fd0835fab695cc86cb55e3aac123f16272ee804ba5046f10ff9e,3091,4,2,-3.0995903,1.6024017,2.7503319,-0.64107513,-0.015737534
3097,train_images/d2901144070c.png,5811f8f5bc36e7c2f560a6c90d798e2c47686da7d14550161cabaf4ce40fdf5d,3097,4,4,-3.5439262,1.1895218,0.41989136,-0.6841812,3.143486
3098,train_images/d51b3fe0fa1b.png,b41dbbf3c088e575eca25738629504f9b16cdf9f7eaef751ea2ec6d84e30c03d,3098,4,4,-9.699009,-0.6679764,3.426445,3.4052315,4.0720024
3105,train_images/f72adcac5638.png,6b92b1fc6857a3d3e533275abce8b706b1f75bd368e117f68e5b3964a54b9db9,3105,4,4,-4.49049,-2.4258537,3.0240974,1.4380684,3.165905
3110,train_images/0231642cf1c2.png,1cecfbd9b8d3830182c66a08553ea5f3bf74552959dbfc488531fcaa22f57527,3110,0,0,4.6106987,1.5130806,0.3357315,-2.9852562,-3.0473337
3117,train_images/09f1111a388a.png,808b27400843c1616892c84f533305d1ad92c92666c78cc59bccebec345d8282,3117,0,0,5.1021957,1.8884811,-0.00049209595,-3.3932877,-3.3257427
3122,train_images/11d8e5eaee5b.png,f769b361f87300e0ede321b699e98ea6636d3d04f2f6357f5535b57e53c08858,3122,0,0,4.9714737,1.0480194,0.016586304,-5.041153,-0.6581135
3125,train_images/150fc7127582.png,5c7ed6861d004245c7c83f2ada37fd3751daf1ec0837fceae07dba8835b7855b,3125,0,0,5.267441,1.6488495,0.45964432,-4.378338,-2.6950912
3130,train_images/1782142e17d9.png,c99ce3ae4c67d46b4c86ec5462cc3417dd10f1af5a194d512d5ac1fc419398fd,3130,0,0,7.228367,2.6451492,0.73301315,-6.7434006,-3.5614128
3134,train_images/1b8701231c8f.png,ef123219e4ac75de22607b962946e8d767930804a3d84fff24d6bba967d3f2f5,3134,0,0,6.003784,1.977478,-0.16407394,-4.9175262,-2.4241533
3135,train_images/1c7a013eeba7.png,535fcc8e19f825d19ef4532714fa362b765c6e5b6fe003cb4726a7d09dcd022e,3135,0,0,7.404442,2.90271,-0.5667763,-7.1920776,-2.263113
3139,train_images/1df1530b9b8d.png,ee61c85ab0b9f59df2100366afab21ac28be9a69ea75762460d6a30887835f61,3139,0,0,6.1886177,2.5120316,0.44483948,-5.5002213,-3.3410635
3148,train_images/27933cdbe0cc.png,14f0fb61e3113dfd49b2b9b58f96e7ee1b40c69ae1f28c1feb001d441ea7d507,3148,0,0,6.2020226,2.795864,0.09410858,-6.6419563,-2.1498184
3153,train_images/2d04cead4d3a.png,61f6dda5975aee9ec29dacdac645f7590d69b7c1bccf5de19345c3ef2a19de8d,3153,0,0,6.9772835,2.512867,-1.9280014,-3.1947823,-4.1026363
3156,train_images/32d7d360d891.png,b3b927977bda3fb838b6ca03dc615e8e53b677a207d749f42d321b842081f80c,3156,0,0,4.626175,3.558178,-0.18346024,-4.5054207,-3.2050009
3164,train_images/384e6c915722.png,e91f02df2d9ffcfd3ace5f5f0cb73a011666aee3068154a7bc1346f5acaf33d5,3164,0,0,7.3252907,0.7368889,-0.71487045,-5.1567154,-1.7886982
3172,train_images/441848e0f308.png,ba746fcc8947757f7c54841c2dc3d76c09db31155d8b586f9e753feb5239e6e6,3172,0,0,8.203926,1.3005943,-1.9380836,-6.006218,-1.0687523
3177,train_images/475300735b7f.png,37d1437e6d1eacf21518dbcf21081bbddf6d19c07dcf451b716679b2966fb106,3177,0,0,6.55056,2.47641,-0.467247,-5.550152,-2.7238216
3178,train_images/4860f7813654.png,6dd1746a76454f21acf4bcb8f6a600bf4efc0d0da591b5e661e8446027d46667,3178,0,0,6.2907066,0.88729477,0.537735,-4.6487846,-2.669983
3186,train_images/4d1e7def7624.png,ed97fe00e110dea11488e30418ea58d8c9e7078290b0d8024824ad9fc7c296ea,3186,0,0,4.232567,-0.53741837,1.0768013,-2.63583,-1.6505356
3189,train_images/511fd66b2df8.png,7e640d76a83e9fd5588701d715db820713459ce341fd9859165bb9b131218cdb,3189,0,0,7.4115715,0.8937988,-0.9510002,-5.5181694,-1.4423332
3194,train_images/529906ff9dfa.png,3e8c17f8574c293abf407bee6a814f3ebbf877b190a238f06348cc2549182fde,3194,0,0,5.626934,3.4794273,0.4352417,-6.323616,-2.9030151
3200,train_images/5b47043942f4.png,a107d2873fa106b489b0c5ad49abfecd254fe37aa7038a254215ad1d51d9bccf,3200,0,0,6.459919,2.5622978,-1.6531982,-2.0695877,-5.019533
3207,train_images/683023cda6a5.png,71e8d630df3c4385cc6bf1ecc7747a4dfa3c8b669f5f60f220b8afd91927ca9f,3207,0,0,9.817986,1.7979355,-2.6355095,-3.2282295,-5.4834023
3211,train_images/6d6be4cfc73f.png,5c5ceb00438abc309d36d40c1c388b75cad63b02ed9eed1073f73005b8ca7994,3211,0,0,4.142048,0.22879791,0.46482468,-2.9948578,-1.4875174
3214,train_images/6f0e5848d9ce.png,9b71472287e7c06051197aa63a14684e15ca775fb09928b6dc9da2101e212974,3214,0,0,4.762474,2.353447,-0.21015549,-4.6072426,-2.000042
3222,train_images/757e39293591.png,f8e21ed7b1390da484d1bfeb4791b50ed812024ecc897796a2ba234931e818c3,3222,0,0,4.447834,1.2712173,0.9992409,-5.320938,-1.089736
3228,train_images/7fdb177b8f7d.png,e00480826596290b0d6440adf0ad2657ac8fe3b32c7f126fb56dfc62d6c0927e,3228,0,0,6.9379654,1.3558617,0.45944214,-4.9601135,-3.4727383
3234,train_images/84b4da14bc23.png,82d8abdf4fe7afd5eb79730fa5e1d0d79de39855eac650dca1b7752f6f16b9ca,3234,0,0,6.506714,2.9029236,-0.74749756,-5.1940384,-3.1754522
3240,train_images/8acdf12f412a.png,21204b59f9742deaafe963e0b4cd9f88482345882534b07d1cfcec6a8b99ba6f,3240,0,0,4.828987,1.4272041,-0.024433136,-4.2436066,-1.6820087
3246,train_images/946545473380.png,bc663ec0dafe7c4576bbb10384851d11744e382f434402ba30eca06f3df9cad8,3246,0,0,4.5630074,1.9638863,-0.7248955,-3.4707222,-2.0001526
3250,train_images/9858cc2ae073.png,9016d00a6b93f942b1e7066856cf4d6932f0cf567ef773d58a980604a09f8b74,3250,0,0,5.772518,-0.6159744,-0.71712875,-1.5139847,-2.6095753
3257,train_images/a06a63d866b2.png,9ef42d0ca1506b12d26ad43e9695c60caa19820252a36b59fab8019cffe5b758,3257,0,0,6.6311073,2.2778397,-0.04964447,-5.6605377,-2.8938437
3259,train_images/a08a0133754a.png,c33f13a06023838418b1cb74b6fcff7102a016c1141183ea81e8c65cdc7c8a2b,3259,0,0,5.0928307,1.2322121,-0.96268845,-5.0411873,0.037050247
3262,train_images/a26f50218b84.png,bcaa7778c843972ee1064422967f1be42c1c79e3088202619a9191e47109d6ca,3262,0,0,4.594673,0.08786774,-0.20139694,-2.7729301,-1.3740368
3267,train_images/a654b25124c3.png,1fcd6ed4591b738bc80d69c364f152941a2f1baad0c8cceab719aeb7d986485d,3267,0,0,5.618149,1.9270248,-0.11058426,-3.6982536,-3.477232
3268,train_images/a77eb914b383.png,92e9ffb5d232a98d81f742a46e5d17f66165e01417ab6e1c461ee67a35279011,3268,0,0,3.7140121,1.7249832,-0.09937668,-3.0237846,-1.8591585
3275,train_images/ad20080452de.png,9bb484d968eb8b1085b097d2b3fa3c6f0af46b66cff9b949d45507ad2cfec9a4,3275,0,0,5.4418716,1.9954071,-0.7146683,-4.0453415,-2.3854322
3279,train_images/aeccef0bdc26.png,10a7945f22f7847285c3fb4aec9f7f3de9e98b0e92f15914f1b9a59cce5dcfe7,3279,0,0,4.940815,1.0705833,0.39845276,-3.8228493,-2.3052273
3284,train_images/b549af91bd30.png,344f3473386e5bdf27301d3b48bae168fc05bc2fe619ef6c95df292c8173174a,3284,0,0,5.356449,1.2569885,-0.18216324,-4.3197594,-1.7694807
3289,train_images/b8e9a8f4617d.png,5b35670b56fd8480f024c3ed885e886a8440e33834cb4127011f6f351a8853f5,3289,0,0,7.5309715,2.5256805,-0.929348,-5.267166,-3.5535784
3296,train_images/bd375ba756b1.png,e6d3914f52148d09d299f2c6598d6dd4ef7f5c980b6e3ea1c943429af4f6be0c,3296,0,0,6.120163,-0.4892273,-0.16558838,-2.4870224,-2.6872692
3298,train_images/bed8296c8dfe.png,a6231094c2fa446586dd2a09f37cbaba917ad5e8f0db34d590c2123d19ec7472,3298,0,0,5.3431664,0.9910927,-0.5670929,-1.1186218,-4.356859
3304,train_images/c6a8f8f998a2.png,1429dd0b6e6ce0dcbe1dd8cda779d88f870fea676889bdfa3377f9a924abba39,3304,0,0,6.341732,2.3490562,-0.41751862,-5.175804,-2.7803621
3310,train_images/cd1c98ec48b1.png,5dff8b85667c80393a8c5f30026beb535850d7e4a4b6306ab3b8c0e4fcfc0b38,3310,0,0,5.5666885,1.8643227,-0.17537308,-4.4641533,-2.4941902
3319,train_images/d3dfd0a2dee6.png,8f7141d54bca095a7de08d2eae7e10120790adbbb8b2f8ca2aab55d00ea42dde,3319,0,0,6.5539207,-0.14374542,-1.2238731,-2.6648636,-2.2238464
3324,train_images/d838d5b9f571.png,6127bc53c5d7d84579e19801522036bc4f3e818b61015c1418d8d949d499e34f,3324,0,0,6.167248,1.5942307,-0.3013153,-5.7423706,-1.3696918
3327,train_images/d9e58e4d8689.png,bf6c079f5da33f64f0788223d70231dab04eb02debf31d0a8cac44b5a423157c,3327,0,1,-3.537159,2.759777,1.0041084,-0.81404877,1.1902237
3332,train_images/de4cdabbce6d.png,12ad3d99c144a8fae48d5642655eac9d297f14d7d761bdb1236408417452ec62,3332,0,0,6.129322,1.062088,-0.8062248,-1.9650612,-4.0681896
3335,train_images/dee1031a76ae.png,88648d2f4b898ee1019f027e3ec9be1364ed996255797a48a7c9fa20d0688953,3335,0,0,4.909069,2.0976105,-2.3763237,-1.9318237,-2.1924057
3340,train_images/e1c02f6c3362.png,5df43185ad18ba6e8c510ace968603fb27dd802d7c166f9b8e86d45e3fb5396a,3340,0,0,6.840557,1.7215385,-1.4503326,-2.7440758,-4.0647583
3347,train_images/ea6a53e54d0f.png,63edf17b177283b948abd10799684e686a5933219033a7011b298ea7f2644a8d,3347,0,0,3.8876038,2.6111603,-0.46741104,-3.151722,-2.500455
3350,train_images/eb050765b323.png,c046310cf0bcb8dc32d1ec676e425fa0575fe948c38bc440b7bac718727b3575,3350,0,0,5.933796,2.8970718,-0.09460068,-5.465439,-2.9863424
3353,train_images/ed3ce1674761.png,fdcee95e51e8f8c40ad9d8e115243fca6ae7ba86d69e2280c0b170bef224a08c,3353,0,0,6.52092,2.3557205,-0.6574249,-5.6362267,-2.2623882
3360,train_images/f2f569a64949.png,28972e7be32f550dfd381f297b5a5a11259f4d9396d8720d788c736c6a57c9d1,3360,0,0,5.907135,1.1595612,-1.6022186,-2.8719177,-2.3131027
3362,train_images/f66c4ee86629.png,3e1c81b2861e1910288935415d86da7f652eff4b93b61de415f9f5870517c63d,3362,0,0,6.6420364,1.1827621,0.2770157,-3.1129189,-4.5517864
3368,train_images/fb88d23fc5fe.png,4ebe8eebec48d2d7d364aba80038f5df1bbb4661bf62dbbddbc4db41f31eff83,3368,0,0,5.3018684,2.3804321,0.11834717,-5.2845764,-2.2160206
3374,train_images/fe06dad6851c.png,76aee38c40f52715983f534213af2dd2a9385588e529aeda3c1fe21788477c50,3374,0,0,6.56868,-0.25500488,-1.34338,-2.7866745,-1.8814592
3375,train_images/fe3f62695b2d.png,8acc4c1ed9095469a7e50ea71ac1204ed2b8f07faae07ae5a72545cbabcca6f6,3375,0,0,6.3204727,2.2384148,-0.008995056,-6.612976,-1.6085272
3382,train_images/10f36b0239fb.png,619ea1c71bf48dd0df822144aa5484a0bfffce353e870418c294ae3326abb687,3382,1,1,-3.8045998,3.7611923,2.8219376,-1.4908714,-0.82782936
3390,train_images/382752f6694a.png,3d13ead554abc953e18f25e3a5d7158d1d81bf8811336c616f0cb1bd13b7e3fb,3390,1,1,-6.1736183,3.4343834,1.971096,0.55758667,0.75704956
3393,train_images/4661006f3ba6.png,27bb21e127003b1ade79501891f63f4958b5508f95459121ee42ed98012ed17f,3393,1,1,-5.2149696,3.5409431,2.5748901,-0.6045799,0.25756836
3400,train_images/51131b48f9d4.png,6e75bc959bdb8b067e277bd45a668401e8b78125e73108c563291119b73939db,1726,1,2,-7.5855675,1.1062775,3.7140274,1.2187691,2.1108227
3402,train_images/59e5212f7139.png,9d3654faaced8fcc369e524414fbb0bba3295189c766160ec954b59f95173eec,3402,1,1,-4.1174736,4.1600494,2.648384,-0.8112755,-1.3173542
3408,train_images/76e589911303.png,21a8086175cb79e7eee3fff83c42dad71045e6b2a10b597f3765a20fc195fd36,3408,1,1,0.27711868,4.063019,1.1595001,-3.627346,-1.4874687
3418,train_images/9eaf735cf01f.png,1986c7097c634c4401624d464dbe5d2f4ebe575253e4f5bb4b3b14950d1c79df,3418,1,2,-5.668453,2.9536667,4.238388,-0.61790466,-0.30680752
3425,train_images/b640e3bdff75.png,6c60f487b9640715f98fdac34f67e1424919b9045e7d00ee4a1cac567cfb0c11,3425,1,1,-1.978569,4.313648,0.66648483,-2.9405365,0.40385723
3430,train_images/cb2f3c5d71a7.png,6db8c1abb3ad4364330152e2c2e01871e67b3000d0b4f4791f3c7839f32a4737,3430,1,1,0.24884796,2.8158798,1.9973793,-2.5148659,-2.2577295
3435,train_images/fd62bd0db4f1.png,c761a84fb2675c0039e0a432494b5f606f16b5bcd7addd135c881698c0f56169,3435,1,1,1.3564453,2.202076,0.6609955,-3.641014,-0.1416378
3438,train_images/08c17a2d95b7.png,1a004a253a616e2904bfbb6001879a384d503b1799db8d69a3d20f226f107d62,3438,2,3,-3.932476,-5.8153687,3.0826569,6.1298103,1.0564642
3446,train_images/1594ca6c30d3.png,43c17fd725a523e5e3f80d960a3a7bd17d21fe4d39c47cf339b6d15d532c4993,3446,2,4,-11.337826,-1.1247406,4.450279,3.4875221,5.0233707
3448,train_images/18f1f979d30d.png,02e70ab6057855b59e47d51611a5a7496c2350b50ce7b1a7867368b3dbc66c05,3448,2,2,-9.447407,0.502182,4.676731,4.2578926,0.6906738
3449,train_images/1968183f0e61.png,47e1e390b7bbc76508e5223c0b250bb86d22d4744954519c70e2a29313600538,3449,2,2,-7.398823,2.0685043,5.5816,0.29899597,-0.020166397
3455,train_images/203275daf46d.png,cb80b9583220ebaced2f5e701ddf946a6f1dc82edd839f289857fea10989d347,3455,2,1,-4.630108,4.919544,3.2792969,-1.5164185,-1.5097704
3459,train_images/25dc1b41ed9c.png,b32247337f1fe6ef20ab2938fcb589cbcede849fd77ccf4c3a7864db891d8c43,3459,2,0,2.3638268,0.6924057,0.6982193,-3.9270287,0.70959663
3462,train_images/272d9c043c81.png,1e338d3beb03aada71a43b21b2a3ad3e652ad0b44aff2a1e6e8cd3a74de7ea56,3462,2,3,-9.244152,-1.1929169,3.8662796,4.168865,2.855753
3471,train_images/388f12e8df0b.png,3ef05c51e3969a01834c63c6e204855abe1e90a2c3414b2b3187ac4e1f4a9915,3471,2,2,-9.437435,0.00497818,4.7167015,2.3301964,2.908823
3481,train_images/44f4ae58990e.png,22069b995aa283059c35168b159f3f23705dcc26b7a3527936e1bbb8ee15a877,3481,2,2,-7.5773735,3.3101463,3.6405106,-0.44475555,1.5884476
3487,train_images/49a4765f8822.png,12e32d50b706354ce30bd18b7d7927b64a25fbf75f8b1f72f8f57bec452fa4b1,3487,2,2,-6.7081795,1.809639,3.6823921,1.4784737,0.24798012
3490,train_images/4d21ce39c905.png,d854ffda046f519ff88b51933d6f3464bb0fea3fb6f68c0ecd735b9aaa3ef34e,3490,2,2,-1.754116,0.9107704,4.0895996,-2.384571,-0.1882782
3501,train_images/63d217b059b6.png,675d9bc1dbb995a1396e0e48605475aac4b683791714ed6636508591d9f14221,3501,2,2,-5.9223595,1.6161118,2.8294525,1.6931953,0.34556484
3506,train_images/6dfd80748e72.png,0d49d34fca591a51e9377bcaa1ef34cbf4ee87c2f993742c1169a1095ec961bf,3506,2,2,-5.881336,1.7086258,3.473606,1.7638893,-0.4371109
3513,train_images/7c52fe73e748.png,403825d6c8b2a58bb64b682d7d7c4ddd925c98677b69de1cbd9d93c2a5ea07ab,3513,2,2,-4.891201,1.577713,3.3339195,-0.9083481,1.3272972
3516,train_images/80feb1f7ca5e.png,425e5147068fa0a024b1f7839a2901219163d58792b3e1a969cec84107002513,169,2,1,-3.4691124,4.308998,4.0138626,-3.8967514,-0.39843655
3517,train_images/82910bba4753.png,a18b52cf00b4cee57a6406b273b2b7638da665c4129595cee3022189338e4299,3517,2,4,-2.8138428,-2.7840958,0.8010788,1.5515709,3.819521
3521,train_images/86b3a7929bec.png,c2910f0d9fa83aa40d7de032076571b487b423f1104ebcc233fc4adea64eb572,1134,2,2,-6.696781,-1.0879211,2.9503021,2.7286263,2.5534668
3525,train_images/917f76f360b6.png,4ade5faf5a8e277c3604f6a9061766097b69a6391297ea00b1016cb4f7675b93,3525,2,2,-8.384228,1.7810822,3.6050606,1.7593193,1.7559814
3529,train_images/96c3e3db68bc.png,31e966db449659de9780b36c7333a7fd77690b3e8a800fc7c86f12e1e120af06,3529,2,2,-6.318821,-0.8008995,4.2767487,1.6152916,1.8048306
3531,train_images/98104c8c67eb.png,bfc613e558e72c471587f66c637a5d973657a9d1891816994d85abb7653b338f,2949,2,2,-9.692188,3.3835182,4.213711,1.2631874,1.366848
3533,train_images/9cedf5c7016b.png,419fbbf945136d3da372f2ef1e54474ab2bebbf8ced7cdecb4d2978b50bf244b,3533,2,2,-5.1543465,1.8923225,2.8611565,-0.22879791,1.2003145
3540,train_images/a15470303941.png,5464ebc327f092fed340567c26aec093f761cd365c1f0bd23f1b42f30c13bae2,3540,2,2,-7.840969,2.1350594,2.7744865,2.0939217,1.3532696
3548,train_images/ae8424cdb029.png,a67d703155199da1730a8e2c33926ba80a7bad34d3f69a16e8aa284f3920f8a9,3548,2,1,0.06455994,1.6127472,0.45942307,-1.0500145,-0.60347843
3552,train_images/b83a6eca125f.png,96242f78a81448b9066c0ef018d00eadf09479d4e0d58a2383a5341a61abc837,3552,2,2,-9.118198,-0.89050674,4.89114,3.362461,2.3598614
3561,train_images/d15ca3469b87.png,b8b16298785760a7ededcdf0073e71e425d3e1d3fc2930e33768a76331acfbfa,3561,2,1,-1.4496269,3.4921455,1.7906342,-1.9574776,-1.3301582
3567,train_images/d9a475dfe59a.png,4251866c387d15ba6e8057bc6bef69235ff1ae15441d1ebda5102d0a915cd5d6,3567,2,4,-8.107288,2.3834457,1.6618919,0.2504921,4.402542
3570,train_images/dee687c6e88a.png,8d417eb674b9d1b7c785a36153909c170b7ebe76f53783ced838b78021d52fa3,3570,2,2,-4.4977684,1.7773209,4.093216,-0.105098724,-0.7705326
3580,train_images/ee02294cc3d9.png,58e048bd8fe956db6c1a8700cacb5190c27e149fff4ef7b02a42bf948184646e,3580,2,2,-10.207272,-2.0179138,4.8754845,4.6935844,3.1953773
3587,train_images/07a0e34c8d20.png,53427359e3ec16c1b0118b091645a78e5e39fdf78f446961edcaf81695032f98,3587,3,3,-3.996334,-1.7870407,1.9158974,4.003536,0.43916512
3588,train_images/1623e8e3adc4.png,bfc06d65b6dd42d5e6ab402677ed20fd207883314128dc87ed3d7faecb80c354,3588,3,2,-4.8090096,0.6746216,3.5665817,0.16983414,0.8307724
3593,train_images/498f143c0374.png,c5aa0c02441644210f66d0b8fa315eaf3bdf6a4170e20fffbfc28ebd0432d5eb,3593,3,4,-9.953419,-2.5606728,2.2504578,4.8482475,6.0732136
3598,train_images/80ca40196225.png,0ab002060a83d30f8f4ad72c6f59efedcfb244380ef5eea9e067125efe0c1770,3598,3,2,-9.591076,-1.189743,5.4721375,3.4831123,2.3156757
3599,train_images/8a9bef2fbd4e.png,9abbf5f2581176d481cbad05e3f0d01b6502284ab8acdc0068752bf2821c5c29,3599,3,3,-9.644581,-1.9825974,3.2584953,7.26231,1.7720337
3608,train_images/c3a82acb7d7a.png,3e54fff336897947ff93c01872502e60f220fc5efd0a8006f63058383eb10ce4,3608,3,4,-2.5206566,0.19371033,1.0907898,0.24785614,1.4106331
3615,train_images/f080a22008be.png,388333b3e777dacf1638a1b51b727ba393edbcd00e54d824b3c67c6bc6e32440,3615,3,3,-8.1689415,-0.9047432,2.0783691,4.7443504,2.8710613
3620,train_images/247e98aba610.png,8946e9dd12fa81050651c7f084ce6dbdc37e0898c428ea04c13c08f664c7cd8d,3620,4,1,0.9332237,1.9802742,0.3273964,-2.8242912,0.074956894
3622,train_images/2df07eb5779f.png,0034a93aead4bd2b86b2db0017afab72c0abc6d0d5338ec2300eee7936b2af75,3000,4,3,-5.7953377,-1.7781563,2.903431,3.2988853,1.8670044
3629,train_images/61e301bd3c25.png,b77f0cc31545a2cddd400f8400e44b2eb1b5fd7ce94d93450266ead46f743e47,3629,4,2,-5.2982445,1.2050552,4.5113754,0.074142456,0.08029556
3634,train_images/6d259b5b4c76.png,7a7ad0e519092be9a8e873411fffe91c51db98848fe85eb84854d3edb72c947b,3634,4,3,-10.273396,-1.085186,3.052803,4.641033,4.2381897
3639,train_images/7d626a7ffe76.png,02bfa03ce57b51a8129b2d67f5e6f91cb423a222bba4d1f4a437c4f8a4531a40,3639,4,3,-9.542179,-0.9017525,1.1786308,6.3352623,3.531662
3642,train_images/875a2fc5fe23.png,f17c83d18c5824fa1ed75ca2cc86d4812d3d63856a4b5bae6009ad430a5de7d5,3642,4,3,-0.98978424,-1.6719627,-0.3827362,2.8949013,0.58144
3643,train_images/95e732e043a1.png,fd02d4b68f57de329f2ea34a001647b87d1178630a20d710aa0374cdf0558ac5,3643,4,2,-6.2062416,-1.4980698,4.7297783,1.220768,2.3210812
3647,train_images/b99afe7137fb.png,522324968781dde01fadda272b8e1aac9e8cae8c018dd804af15802f48ba8178,3647,4,4,-4.3363457,-0.702301,2.7622185,-0.21693802,3.1949425
3650,train_images/bfefa7344e7d.png,aa6bcb0a2b27e2cb806eee7a39cd3de3a9af1ab8890b122547f3156fb2885708,271,4,4,-5.822506,-2.7060242,1.0353813,2.7858696,5.1442623
3657,train_images/df4913ca3712.png,b41dbbf3c088e575eca25738629504f9b16cdf9f7eaef751ea2ec6d84e30c03d,3098,4,4,-9.699009,-0.6679764,3.426445,3.4052315,4.0720024
3660,train_images/ef26625121b3.png,2e74a714f119d798221fdd7f62e3189597e727f435ea56755f4e4fc74d851cf7,3660,4,4,-9.578556,-1.2535934,-0.28242874,4.5118523,7.201172
