pool_index,image,pixel_sha256,sensitivity_group,target,prediction,logit_0,logit_1,logit_2,logit_3,logit_4
3,train_images/6852f4531591.png,8a2befee3bac9304bd95b29d8a8070bfe3974129a20564d6f74184e7598ed07f,3,0,0,4.69487,2.9542084,-0.5467529,-3.7640228,-2.763527
6,train_images/4c9f0fdaaef7.png,76356f34a7575937fcb3ff653e5e5b8555d0f3e869f2f87c0a4431e7cc75d2ea,6,3,3,-9.408333,-1.9778614,4.4426765,5.223896,2.3665218
7,train_images/29192375ab1b.png,93717eeaf5ab296e796b22e4a7893c042cb0b53d1ec4c94219363a23d94842a3,7,0,0,4.546257,1.3871441,-0.68346024,-4.3894043,-0.28076077
13,train_images/9f1efb799b7b.png,085e34d28dda6b7a5a465ed95d8ec85304961699b69a4f9a7ed8b92bffda19b5,13,2,2,-8.473904,1.3230591,5.470497,0.8334999,1.3958092
18,train_images/ae57c8630249.png,9fd4db9044f7eee39e4b84647fded4bcd320c1399f5b2afa655f71aae4853c6e,18,0,0,5.9254684,2.1929817,-0.46104813,-6.0958366,-0.96383667
26,train_images/b65ff67743b2.png,edcf07d84a6df09f23f5d4a164f53457665ebe5ad56a2bdc9d8d074168bfd73e,26,2,2,-9.291897,-0.044273376,4.236225,3.314804,2.3642597
32,train_images/0a38b552372d.png,8dde2a9d0777b0c171e4ae4aadd653d5860d1bc3cfaaf97e2dc28fca2a44c884,32,0,0,5.3324013,1.4277878,-0.8432045,-4.854473,-0.46865082
38,train_images/9a159d4674cd.png,2307a0e91b3f5c50ee711a4b3b5a1dbdd4c49aea46e03f0dbe0ba4d5caaeeb49,38,0,0,8.562786,1.9691486,-1.7545738,-2.3324928,-5.793997
42,train_images/51cd8d2057fa.png,5fa3fa4aff9551d1b97ba3e0c941cf5ba05d3ecbe8b73eab52179b97ef53e794,42,0,0,7.278927,0.85196304,-0.943573,-4.1003304,-2.4627943
50,train_images/50ddd7d976df.png,7d0c82e6ce84804b07c02c6b5826b3cc57773248cdcae56d8ddecb8b5de01eed,50,0,0,5.045265,2.3241234,-0.68989944,-3.2154388,-2.7123747
55,train_images/e4d3d437b0a8.png,41c3f3334ef7a846a4ecf662ef40ea5022d0f3d4791931f04484bc25b417dd59,55,0,0,7.3183174,3.500082,-0.65208435,-6.5103188,-3.0452785
61,train_images/3fd45879afe6.png,30c56449918e62d2064409456b92749f383b21a07dc99cb73eea9287a88dfe01,61,0,0,7.5339546,1.7248821,1.2557373,-7.9427032,-1.9972687
64,train_images/4c129470cec4.png,d6c5336b8aef49550270655ae4dc960226592c6a726ee42aa75930fad35e21bc,64,1,1,-3.8307686,7.16082,3.6802406,-3.8160553,-2.51791
67,train_images/cd941e5bc659.png,d29bd9c33f30f9cc4f39a73085e020b150cf03410fb5f12d3fd845252fd2ec08,67,0,0,6.4600716,2.5378628,-0.88763046,-3.8213768,-3.6940308
71,train_images/39aa3cd93c50.png,60e6827da68bd46aea03a417cc3f2c688e2cfd5f00bd90aa10877930a436a34d,71,3,3,-14.24107,-1.1155376,4.1596375,9.221233,2.4193974
76,train_images/7aabd768abff.png,756c4c355c67be7071b4b6a0c8d8a8d13ea48efeb827014ad6e579e22f7e4600,76,0,0,7.3100395,3.1683235,-0.26188278,-6.102516,-3.362873
84,train_images/b43440c6ebe4.png,f49e1c3e10573224f8e98b931fe321414afcf39a4247169c63f649051303aad5,84,0,0,5.4069824,3.7759933,-1.5170898,-6.019024,-0.85775757
85,train_images/8d13c46e7d75.png,d2f22fbe803ab44dbf5045d73ef7490a43bbeb36723a2dc5ce355819da011949,85,0,0,5.7860374,2.5899067,0.32356262,-4.757103,-3.3533325
88,train_images/b3a994760537.png,e57a307e83c22a158cad4b349c0c62fa96566f273aa4ed62f5086261e46e1392,88,0,0,7.533554,1.1604671,0.27539444,-4.1911354,-4.1868763
96,train_images/b99794a0beed.png,cf393c656e09abfe2f491fb5881e99bd62b19593c160e7c27ec001e31e420f1d,96,2,2,-5.1597214,2.746395,4.68721,-2.0566406,0.37307453
101,train_images/887c26fc0e1f.png,5849ae7f80cb36d4e8866ee6a4dad5fb34d81e5443c4fe8b6e7333c44d2642bb,101,4,3,-7.554867,-1.1325836,3.6002827,3.6904793,1.9270153
108,train_images/42b9c1977681.png,85cbc2b295f0793346f7940a853a7a7d41b2f35f989f85eed5ddaa6f9c38910c,108,0,0,8.753136,2.9136753,-1.2080345,-6.091564,-3.7520971
109,train_images/82ac8463fadd.png,5cd9c940851950527b873269c74288a453526108bed68a4e83e78d6ee87a2fd4,109,1,0,3.894558,3.3984642,0.018455505,-3.4154282,-3.3135853
117,train_images/0104b032c141.png,09e726df8a773dd4aa1d075909a49216d3fa656858e06e33d29768ddbe182b2f,117,3,3,-12.060787,0.9847679,3.5365353,6.1851654,1.8412552
124,train_images/af831c158744.png,db9bea8732101229d29dfbdc467fa4bf344e82321698c726c70246ed0d72badc,124,2,2,-5.662464,-0.508091,2.9943047,1.6376839,2.1052055
125,train_images/e4b0df29b96f.png,59614d448ef7e9f2e7f3d7579a2a9bd90d450d1e73853b6cdafec6fa83a53148,125,0,0,9.026554,2.9014606,-0.84796524,-7.8203545,-2.6353788
132,train_images/7f6690fa390a.png,f9bea23242f11de3bf864c27229ffc5ca4610cb2103c78154b187a76867b1987,132,0,0,7.0761414,2.0943851,-1.9154205,-3.9130821,-2.7282705
134,train_images/2cfe8703f265.png,e3ae9eb9ada3183a10d87e312a28658446131f2530987cc87ed5d92a19eacda4,134,0,0,5.951313,3.154358,-0.62480927,-5.536518,-2.1245184
139,train_images/4f5dd7660b17.png,af756e08a814b3068ebeef5bef382b42120464180ba0a2d836c4a87a080c29f6,139,0,0,4.7566338,4.1315384,-0.6848564,-5.562855,-1.8686295
145,train_images/1df0a4c23c95.png,2b542f1a8144e904af4249975e3efa5f0181540141c9511d85fd933e2c22b81e,145,0,0,8.623386,0.71883774,-1.5578499,-1.4501495,-5.6390057
151,train_images/90c982cc2d96.png,dde1f101244621e90086afa6870992e37a0927ec3eeff69642fa2bf43fd2f3f6,151,1,1,1.0524597,7.2637672,1.0021095,-5.661957,-2.9007664
157,train_images/457c7c927e27.png,db763e5773bcf369f8bb189006908c634bae8221d7623b61be508cd706b78dc7,157,3,3,-12.111958,-3.193779,4.4263916,6.940689,4.5179024
161,train_images/274f4de2a59d.png,3fce8f9f081f1d1d919cb52c361458a7efbab56d2e411408ef8b9aa0f48f0e93,161,0,0,6.836647,3.1548805,-1.2676582,-5.151165,-2.9530277
168,train_images/7663aba8d762.png,0ca22058e1a49d8ff038ecf19f670e16c491195061195200f25c417b515b89db,168,2,2,-8.107491,1.4166794,4.154661,0.7243118,2.3669357
177,train_images/80964d8e0863.png,b759ee2f2702c2adbb806e8d786d98d681d9baf9e6dbf1c0fd323ace0b109aed,177,4,2,-8.749748,-1.6381226,6.1496887,0.003288269,4.7305584
181,train_images/f72ef9ceeaa8.png,75aac496a24a7111f4375d813f2e7ce00403e00e686a23b496505cea129064bc,181,1,1,1.5952454,2.699791,-0.030628204,-2.3770752,-1.1135931
188,train_images/8ed586c43023.png,7bef89982d5c3a61ae938adc54201c9b84c73ada0de8454aa101abb4ec431acd,188,0,0,6.387871,1.8249798,-0.5340996,-4.7066956,-2.3631096
191,train_images/5188a8afa879.png,566708d20a06fea883bbcef9531dad1417b003ff60a8685e4be7a54bdfc17c82,191,2,2,-5.2602425,1.8057041,4.3629055,-1.0651894,0.79678535
193,train_images/e966850247f4.png,58e2a7277a2ac0ac8fa0b7e7dd0390da3ff5df3539255a5b1f84b3ee06706f1e,193,0,0,5.9878845,1.3283806,-0.15528488,-4.343502,-2.2123957
200,train_images/7d37a2939f12.png,be8bece0a0a0f6a9478d04d9e107e0992dbe3d328742093ac290a60b234187a8,200,2,2,-7.58057,0.080963135,4.8436184,1.474556,1.7529564
202,train_images/4f60129e9a5b.png,879b3522b9a7d785cd55326011776c7f46e41d45d371fa997ed1ac186ae31c67,202,2,2,-11.424324,1.7213039,6.3719997,0.9825134,2.8827324
204,train_images/ab3c505b624f.png,d49b741e3604873f86437bcae43de59e258f405e960b91f3ee86e95a5258aa2d,204,0,0,7.410057,0.47546196,-1.2993088,-1.5561409,-4.3925467
215,train_images/30263a7d5609.png,3bd09874612e8a03cef896e287b2dfb67b6a520755c3ad239732d7e676593ce7,215,0,0,9.87788,2.7008839,1.8024406,-7.7238503,-5.8038683
220,train_images/aeed1f251ceb.png,014548e090df9d1d91b4f01d9f9dc41981741dd319047fabcf785f01d71504a1,220,4,3,-11.7883415,-2.182005,4.559059,5.916382,3.9317913
223,train_images/041f09eec1e8.png,d2cdf8c827419d0f4d89c0731f21c4b15c09f092c00b2b78f88059bc694a9665,223,2,4,-14.136463,-2.1611576,4.701357,4.9618263,7.154442
227,train_images/3254e48c8aa0.png,8647b7010f189f92ca3564cd8d0eac55ad1d85173700d35a7d5fbf6f3f5102a3,227,0,0,6.912941,1.8647652,0.1678505,-5.0150185,-3.3343058
233,train_images/e82232a3c28b.png,17470f13751dec4c909dbb3dd55866c6ef0e8878ae4dc9f6d8f5979a54f0bf35,233,0,0,7.1426773,2.2190113,-0.8509369,-4.3679466,-3.5363998
236,train_images/be21d8b60e2a.png,4a9e2d0090302185388fd3c3ee7611c2d33cc48c96725505b9b10ed84e2eb558,236,2,1,-2.4158936,3.4008007,2.9482727,-1.2011719,-2.2452059
242,train_images/5b5b80a3edee.png,b0fdbdc76bf34aab2404643b85ff8e1bb19ce19c23bdada87460106db62d88b5,242,4,3,-7.711281,-4.5342484,1.6653595,6.45166,4.750494
245,train_images/69df7ade0575.png,07ae26c14fbbe2bca16f2d41dd9a4310d8f0e0d8ce7b7772fa32a4b93744c98d,245,2,1,-5.1495514,3.4863338,0.80392456,-0.45419312,1.9307404
248,train_images/495106ae3b68.png,8081dd0b483c569bf27fab9a0e802d59c3b93b81f4bf5b21744f018ce94bc17b,248,0,0,5.5262604,1.0319195,-1.5060043,-3.483509,-0.9806862
253,train_images/0b2ea8f268cf.png,ce4767ae3fca02a98c0349e837fa4247c5c91557a629df368ca00daa99b60baa,253,0,0,8.849506,2.4837742,-0.18434525,-5.630417,-4.77491
259,train_images/174db0854291.png,3e566ac8c1a916b23606dde41cd07324427c21c3c92c8fda73790c6d0c44f885,259,0,0,7.4332237,0.7836094,0.18745804,-4.203144,-3.5867977
264,train_images/599b89048034.png,c76dbb0ccd04410f539581e96211d84ef5219b857e8a3b2486777a3a01c9f222,264,2,1,-5.3546143,3.9039402,3.8448658,-1.6916275,-0.1380024
271,train_images/8688f3d0fcaf.png,732efc7180a6ffbf206b8323fdd2214d874f2f966d80f5636833b1cf2862e35d,271,3,4,-7.6517754,-3.0721931,0.7111664,4.290844,6.1574783
276,train_images/f7edc074f06b.png,4cef06bd08181d80dd09827729f791f0a6ba5aafb1c962b168325e4747fa9d03,276,2,2,-12.506065,0.12089157,6.231745,4.5874176,2.0921059
281,train_images/9e99ae6ee7af.png,bc9d6200949c3434f398e816a1264f70482ac93a3425c354f329f5292fcd0bbb,281,0,0,7.943657,2.6393623,-2.6881256,-3.2915459,-3.9428015
289,train_images/650104ede84c.png,c403c8a411463891151c9dfead0130f604bc13add652efb462670ddae67d10be,289,0,0,9.485592,3.1705513,-0.3081665,-7.9674263,-3.7764597
292,train_images/2fb3a8606a77.png,59f9ac56fc35d9f3ef7f67f666c1b4914a9a41e8fe426c906ae48255d856ecd1,292,2,2,-6.601471,1.7177715,2.58564,2.0685043,0.79353523
298,train_images/f762c272c522.png,cf8cb4a50ec059a39995b60f4f70b25be0e5c132ea30f2d6587dbc5e14bc3ef7,298,1,2,-9.962631,3.820015,4.6906548,0.6778374,1.2907238
303,train_images/eadfc8809ec8.png,6b10e78463c16fe9a15f5776a8aed3ef6269d1aedd214dbf32ad5cff8a2d86bf,303,2,2,-8.438732,0.59809303,5.383375,2.6625252,0.36721897
306,train_images/885fa5fc5da8.png,da5e9814074b4611c3918fcdf03c71997fdae71175c7c59c8534f8412908f42a,306,0,0,5.9955177,1.7038593,-1.5561562,-3.5703773,-1.9665642
307,train_images/8db2ce991101.png,868ab8a0a5d1ff89a0c091bf58e649d351c28fd4d8e9c9247ac45dcb97414488,307,4,2,-7.963272,-0.32749176,3.8026066,3.6087685,1.5019016
315,train_images/c8d2d32f7f29.png,3f00dbfe3bf9f8c3675c7bb6b95fd76fe6032b82e66884a46447353dbb7d72c5,315,4,3,-11.904858,-1.9576054,4.03162,6.147991,4.218277
322,train_images/80a02014b418.png,efc69b5d0daceb87210b325d6efab743ed71e3ce763ac86af7cf71b07f6f48af,322,1,1,0.17966461,5.125887,0.09669495,-0.82382965,-3.9756079
325,train_images/fc4c2d35c6f8.png,d9d229cca676f93318e30c49b83535498a24296a494defaf23ae093715e33734,325,2,2,-6.861458,3.5186443,3.727005,-0.7613144,0.97774696
332,train_images/c9d42d7534e0.png,f2b671b6b6429d108bbc74ef4477ba02424d13a3f4472ef37802e9aeb71f0d78,332,2,2,-10.564934,1.6799374,5.453583,3.0916214,0.88730145
337,train_images/7ce671f952be.png,b396691302cc190fc5b03b6aa897572bcfa12d1dadcb2d15e1c0ed0434d7ca46,337,0,0,6.257778,2.3808365,-0.4744072,-5.2381554,-2.3387146
339,train_images/f09fd9433dff.png,75a4aef18f9cc1dc9d7c0c4e636df6c90da906d564c4b8cbaf5da71e082fd8a3,339,0,0,6.9748497,1.32057,-0.70238113,-3.8524857,-3.1518612
344,train_images/41960d5f58c2.png,374ecffa1c3f69f04b69ff7a632e73a1be5aa292d9fdd5379349e0d73e7495bd,344,0,0,6.0421143,1.3376389,-0.3500328,-5.453396,-0.8025875
350,train_images/d271d3a2b552.png,17498cc8b58e96cd88d60d5d34ce729385267731c5f98c974d0cda2e41467945,350,4,4,-4.020912,2.0936184,0.80970764,-1.9137688,3.6868496
355,train_images/034cb07a550f.png,3f00dbfe3bf9f8c3675c7bb6b95fd76fe6032b82e66884a46447353dbb7d72c5,315,4,3,-11.904858,-1.9576054,4.03162,6.147991,4.218277
360,train_images/0da09e3ce8f1.png,bb9b5b99aa1a632ee30600f86928d1dc80644892f4e598808885b4adbc6dc80e,360,2,2,-8.973335,-1.8724632,5.3496876,1.875454,4.098675
361,train_images/87774aafe068.png,75c6d814ee5a8c017cc0da824a260c8ddf6ff5614c8a84f2fef365a7a23e7a38,361,4,4,-12.179169,1.1291218,3.7348995,2.2340698,5.6425114
367,train_images/7a12f49e29df.png,adf90917cf599bb619825752611a4a53aaedb7f9774ba55c4186ad9a700d4b29,367,0,0,6.9423485,3.939125,-0.36244965,-5.6497917,-4.0604925
368,train_images/ab50123abadb.png,b759ee2f2702c2adbb806e8d786d98d681d9baf9e6dbf1c0fd323ace0b109aed,177,2,2,-8.749748,-1.6381226,6.1496887,0.003288269,4.7305584
373,train_images/24f271c87e73.png,5db0a7681a997bd81b9cf7b87da9efd32341bb3c1f5d3888a4cc895d832469c4,373,0,0,7.838291,1.0849018,-0.7385597,-4.9795303,-2.4140167
378,train_images/80c67efc8101.png,e716306a851be6c34252a751cbe2834a10fdb3e797055f1d898b6f7264768d0b,378,0,0,7.4498253,3.266468,-0.956234,-6.6377373,-2.536889
382,train_images/dfea19863428.png,af544022ebcb32e36799d211e548bc091a59ab10f9c5e8a8b40b63ebc0325311,382,0,0,6.293995,-0.3110733,-1.0494308,-2.7610817,-1.3696918
389,train_images/ce8d2efd9d4f.png,3d95aa8b4c5c29fe8e1c742fe4ea9f94bfa67446e995f60c6b71506dc304c790,389,0,0,7.4074287,1.5642376,-0.12510681,-3.32267,-4.925026
394,train_images/77acc2cafee1.png,b64e865450fbfe50a8a3511826533cd4043e96a19959d9a6b0b7c4db17f0eb8b,394,0,0,5.6237755,3.2191315,-0.9000931,-4.7818108,-2.5723467
402,train_images/2d558de2cabe.png,35de64831b2e68c5ff78979b5fa45579b34599599d1a2e847e94e85f10141702,402,0,0,9.150318,1.3257904,-2.0431595,-3.8914146,-3.881773
407,train_images/52ae917fcea4.png,bb50a3e5f7db9c953aa73a7bf2281a877c03e4e4f64187e7fefcce3b48b20f82,407,1,1,-8.962765,3.935543,2.9864616,2.5205383,0.109867096
411,train_images/2cef97083e6f.png,19ffbd434bda42488fa60ad12f14f8d260f60e37593c306476c4f49a7328790e,411,2,1,-1.616375,3.851263,1.2466125,-2.785843,-0.03285885
413,train_images/f64214bed40e.png,d5157d85ff50bee5988cd60c310718f6959d05ebfb4d5332c3a4a9a68bf51e79,413,3,4,-9.4688,-2.4405022,3.562334,3.5029907,5.3515034
422,train_images/0024cdab0c1e.png,4e7c3ce57563f1405a8820fd0b71343e1b006293109a364ab4e156ffc92622a1,422,1,1,4.783207,6.362257,-0.026988983,-8.004719,-2.345891
429,train_images/d7ac4a0c9760.png,3d6b9cc13972bb9f4b3b1bfdf20f8962654f71413a3421341b18a78f1d123d3c,429,0,0,6.9247894,3.051155,-0.791317,-6.1348305,-2.4465284
433,train_images/435d900fa7b2.png,99eee87519c0e16e6cfecc3f4b7b7f8f18a0cd2cbad97860492f2d35faa9973b,433,2,3,-13.344048,-0.25465012,5.2662354,5.283676,3.443304
439,train_images/eba3acc42197.png,f797b7d2bc34ee8f70bf5b4372d32e30d595549bfb964d3af1ffa265f3d27274,439,1,1,-2.8586006,2.818863,1.9594078,-2.8288574,1.5692158
444,train_images/7a06ea127e02.png,11794a6ba3057205328abc88cbf078f992d701ea2d1230ffdfdec6f04af72ed0,444,0,0,7.179474,3.0977287,-0.6658554,-5.75605,-3.2654018
445,train_images/72c31aa48e2c.png,b30f04ddb6e3dc3cd356297048203a6edec8273dc5397ec58d6e0e431c37030e,445,0,0,6.0516014,2.6008816,-0.96354294,-4.770733,-2.3384523
451,train_images/5f6db235c04d.png,feb4aa5a5dd35f23d1be36886a9831bd71e692bd19c5003f36d229d6b909e9af,451,0,0,6.7208557,1.3485851,-1.3497086,-3.004589,-3.1185608
456,train_images/de57c9e9fa93.png,c2eb6a76ccbdb44b1105d0ae650a6c72a5e7405f53a978e4973516e0f704f870,456,0,0,6.1952095,1.6326447,-0.3134346,-4.0533257,-2.7033691
459,train_images/5b72ff04333d.png,6bba536659676df6742f0295a98687d816d02a7af7a4192ddbc086d74c9a1ec6,459,1,1,-0.44776917,5.806204,0.56059647,-3.337555,-1.8247414
464,train_images/83517eaeccb9.png,239164e7c996faff3fd3d6d7b74a5eb85962a4761e7318c1f62a6eb6d08a182f,464,0,0,5.2144356,2.7768326,-0.10367584,-3.4275131,-3.857606
472,train_images/5eb8fb1aad41.png,d09ae6cdb4be2b56a94c809df7265ffc5367714e428d2bb584457b03d58447ee,472,0,0,8.027512,3.1484623,-0.78496933,-6.1974716,-3.6097088
477,train_images/73ba798fee25.png,dd9d5b969ee982779f2b27811ae2a28244345f34cab2cf6d970c506fbf4ea85f,477,0,0,7.6192017,2.2259293,-1.3917923,-5.084255,-2.7677631
483,train_images/8f2996b8d855.png,a96a664e66700148cb95d3dde854b364c075bf87c357e7a18b8823b1fe592282,483,1,1,0.38479996,4.8214474,0.31144714,-4.0741463,-0.7423153
485,train_images/0e43c8298fc0.png,97b10f83df405f7534906f862ad0f46aada78bf359663a6134a9749a63d6f2cd,485,0,0,8.228867,1.4324188,-1.5156097,-2.8767586,-4.597146
494,train_images/1caba2fb38f6.png,21e7412d15b68729cc3c89614811584ba9809e1bca6ef1564054f57a1484f787,494,0,0,7.3133583,1.8305225,0.5231056,-5.285816,-3.7886467
501,train_images/0709652336e2.png,8f95d3bb4fbf324e859dcea6e694be177af4530938d424add3d41e77c31f3e6c,501,0,0,8.2969055,-0.20111465,-1.6624756,-2.7570267,-3.0213928
505,train_images/36ec36c301c1.png,5ae31f1a7a2499890419d0c6e275368f4c36324686c64e58ff2b7b8319c36f75,505,2,2,-6.411167,2.2170067,4.7737846,-1.070549,1.060997
510,train_images/8596a24a14bd.png,0f46e66e860b0614e48fdff26733a746c552f5cf399add99dba199855316def3,510,4,3,-15.274189,0.8106537,3.7455788,7.1240845,4.0098877
516,train_images/e7a372a1c3a4.png,faae132ac95715ea52797b975b5162bbeb761559ebad52c0da5ecdd96cfd33df,516,2,1,-4.3461266,4.015007,1.9602776,-0.3616295,-0.6048908
521,train_images/369229040a34.png,210bd4bfb3d75e51ed8e384ea48f61c72608ca8396dd948b356c1e12ee0e6e3e,521,0,0,7.6608734,3.0790062,-1.2466965,-6.2426414,-2.6832867
528,train_images/51405d042000.png,7bf8384cbbbe7d41590dfc23f6cd6be8cfc8882dfe47f4fb973e9f112305b9a7,528,2,2,-10.133934,-0.12762642,4.7138863,1.7615013,4.272827
529,train_images/ca9c912ebad7.png,1d6f8f0a41531c1b16c2e635cce2dba61a0e458b39033e604fde843026c7ec17,529,2,4,-6.0300446,-0.65237236,1.6653748,2.4097023,3.1776428
530,train_images/0ada12c0e78f.png,7c9f98c629b196ed7d4844ab85ef18728ca8a4b417264b00ac7995f4a0a54b19,530,4,2,-11.765953,-0.7129288,5.458189,5.243538,2.2836685
537,train_images/821789e9053f.png,53bc863622e03afc1091bb2ac9b64ac67a6155da608a3ec6f982e1dc0dece3dc,537,1,1,0.6201248,2.0481777,1.4539566,-1.9067726,-1.6910934
544,train_images/9b32e8ef0ca0.png,57d8daf10020a08edc358bea7606ff87ee9bb161beb608daa81c9060c1f14dc4,544,2,2,-9.6069145,3.0295658,3.91712,1.4384651,1.8592014
549,train_images/598b8f5b3822.png,03373e84b614cc4d0c25770fd9e55514102e114bf001515a67e8ba8f5d5c13fb,549,0,0,8.317463,1.0546741,-2.018753,-2.627617,-4.0276947
550,train_images/e0d229db881a.png,5c3eb20544053d532ad1ae8f96107591311dc047d7c1745e3896e9d2e8e5885c,550,0,0,5.38398,1.9916897,-0.10006714,-5.070011,-1.6505747
555,train_images/4cf4d528c08e.png,d48f3f1826635b3d7a43551c276db83377123d74b77e7f5434ff408540a02308,555,0,0,11.211613,1.559597,-2.667862,-3.2228584,-6.2086773
559,train_images/be197b663520.png,ac88a3bf7478b9c02f3330630a706de0b90d6c29e6ff7ed40a3e281c2c291084,559,0,0,6.571064,1.3799152,-0.92726517,-3.1350174,-3.2750301
564,train_images/c67117c6ab3b.png,f097351f2f4208da04cde240eef2f4ab7c02e1305b5b2668c53ce3c8b3ae1531,564,3,3,-12.495388,-0.8632679,1.4396286,7.0397034,5.3559017
570,train_images/76be29bb30b2.png,d295e1a477b8e41bd1aeae97c703df87be2c5c00a89ce3a78696713b737fb59f,570,1,1,2.5297508,5.361908,-0.6420784,-5.5184555,-0.9579601
571,train_images/415f2d2bd2a1.png,5fb2de5fd32f967cbbc3f1fee3d778c890e49f39c360081ef36b063034905ab3,571,0,0,10.044151,2.3123646,-1.7359352,-5.972107,-4.029249
575,train_images/66bfec8d6bcd.png,60a81873069f0844a3ec1b8c45fc467c84b27f57390858c4edb868cd6831aa79,575,0,0,5.2703247,3.4561386,-0.010231018,-4.9436493,-3.225998
582,train_images/d1cf31577a59.png,9ddbe745f2c444308a6cbfe15e5e2340f9b9ddb17e4e311b6aa96cd260367337,582,0,0,9.239376,2.3270512,-0.7748375,-5.896229,-4.0944176
588,train_images/1d674e2e32e0.png,4b6ab1840e6ae14e2e426b44119d7d9c5ee9bacdd0af4121786d2e3f7a7ea5dc,588,1,4,-7.8132477,2.5355854,1.4280701,1.6797256,2.7340622
593,train_images/fb88783de055.png,d1f0274d6d80d5492338e2f47a17fd14e12f857e6e414b03513dca245371bba5,593,0,0,5.318039,3.1183567,-0.73309326,-5.5001984,-1.6116161
599,train_images/b71428739d4e.png,54a4ed7e269344fbe95aa90acb01a1aab23723eef25abde2ae57df03364990ec,599,1,1,2.4736824,2.8867512,2.2956276,-4.3924675,-2.756281
605,train_images/9122b31414d3.png,881ebd6d9f2b265e40a7aa0a27393699764bb82cbccf20e5be85828a8403a0f9,605,0,0,8.619118,1.5741386,-0.7015877,-6.0029297,-2.9151745
606,train_images/07a3be30563b.png,a1099e42adba1f11218b977d2dcf40108b8adf157f88b3307151cc5c04ab686f,606,2,2,-15.743927,-1.5630932,7.4750004,6.3265724,3.95512
612,train_images/936299166bea.png,ebd6570376af00e57efa4d2dfbf0854d06aa875f6bd6edb8549f08dca258c0ec,612,0,0,9.448414,1.9788208,-1.796154,-3.4595985,-5.496277
620,train_images/28503940d10b.png,969d7a269e24a0a068bce697266283cff35d6cdce637f11a78edb77fe18d4185,620,0,0,8.376755,2.4102879,-0.9677887,-6.9712753,-2.2276611
623,train_images/46923eea9a4e.png,5fc0607e8a2177b14605db192199e764176b0b3ffb8b1d6e61207a0afcc9bbdb,623,2,2,-11.297462,1.7350864,5.8130646,1.6177025,2.6945553
627,train_images/4c6c5a1bf5ab.png,ef1ad2853f317281e7a6c3d760ff5205813249145fbd0a5ab8e81e98df4d08f4,627,0,0,3.489582,1.7642994,0.937233,-1.9507179,-3.51116
635,train_images/8a234d68b27e.png,2bc3c9ac97e38382a3aa2945931cd8a34364886ba2be2cf6cd2d53251d524060,635,3,3,-12.814602,-1.3791504,2.9451065,6.9279976,4.820774
640,train_images/a8854768549f.png,ce9fc59fd2c87524199454dd706d76d213084279bcd4971bec667ed447214372,640,0,0,8.959938,-0.7351818,-1.7065849,-1.6105537,-4.292323
645,train_images/42b93b574f23.png,d2bb0c8be20eb93f4c54fe150284d42ccedfee16ccf0d8cd33a4139bf8e1c2cb,645,2,2,-4.674965,-0.5037899,3.642046,-0.024951935,2.029028
647,train_images/d844a7252f4e.png,fdf42226ad7ee86691ab844a7c2f5a7a40cff1259d2824b396e2c125fed7020e,647,0,1,1.8613167,3.5778198,3.009819,-5.2179565,-2.592846
652,train_images/bfaa0080ab61.png,1cafb8e70ff9e5b0c1ad5a6499b5f1f02b2699cd17d347d6b8e9c5c301287fb2,652,2,2,-5.940731,1.4571514,3.0267563,2.0555382,0.023062706
656,train_images/0c7e82daf5a0.png,fce068e3b2fea80143b55a4f4253b3bb0ee887d1f84ba67ef2abb48420437e99,656,2,2,-7.873646,1.3967457,3.6244297,1.7151604,1.6799927
660,train_images/3f98be586fe3.png,b39099eaab7b3c23f593b615693f35a5d424979870e863a7dd727e117ebba8c9,660,0,0,6.863556,2.8098278,-1.3708344,-4.6361237,-3.0855398
665,train_images/958c1fa044ba.png,364661d8d1e62dcb56f53e72db166c25a484a6c3e481dbddafb9b873be93bccf,665,0,0,6.764946,2.5669327,0.6574898,-5.7929955,-3.5976934
673,train_images/55eb405ec71e.png,6c7e3df2db27274cfc23a443feede171d0fc88a6d1347c3496eb9c61423c8766,673,4,4,-3.7158585,-1.7768421,1.8110962,-0.7522507,4.9302235
681,train_images/5bda2ed09e62.png,f42fdc28a12c29a9983866a144942db216bdf497899e60c95f208459b98af655,681,4,4,-5.7397537,-1.9563923,1.0260315,3.3581848,3.9025154
686,train_images/501c319f7a9f.png,8907f511178c727a626243f864d8aae6db43971c009b41fb1844a931d89ed9e6,686,0,0,6.8832474,0.46624184,-0.9677582,-3.6518555,-2.1241302
692,train_images/b11dcdcbc8c8.png,86e235b8649c307ff6f378360ac28dbefe071e2a7956fd19783bd941e06b8a60,692,0,0,7.2113113,3.5629787,-0.4994278,-5.509823,-3.9793901
699,train_images/882a71de424e.png,d28af9aff3530667b2fcd2d53d33a18974e7c946e9bae86d92f3f7d09b378fe0,699,2,1,-3.2179337,2.4918404,2.0527344,-0.67344666,-0.054100037
704,train_images/77baa08a1345.png,99bbecc2e026ba99886f58e17d9f32d6e1ee086e48f1a26b69fbde727eab4933,704,2,2,-4.548401,0.7385731,5.312525,-1.6437988,0.7390337
705,train_images/1006345f70b7.png,99eee87519c0e16e6cfecc3f4b7b7f8f18a0cd2cbad97860492f2d35faa9973b,433,2,3,-13.344048,-0.25465012,5.2662354,5.283676,3.443304
710,train_images/3b4a5fcbe5e0.png,7d1d879f980010e0b018cd8cce764ff79f54fc54323912de7e5950899e5a6478,710,4,2,-12.73893,-1.0011253,5.154768,4.5877304,4.4958363
715,train_images/d7ab5c040294.png,ba93e215e0cf7327dd406ac4833a371de21aaeb496fd7e6d71abc243a28445ed,715,0,0,8.696922,1.3086414,-2.5790787,-1.9942551,-4.7628098
721,train_images/42af7282349b.png,4b184e5d3f57a2d7ea421f7994a2eb27ecd94976edbd8157a7e41b77e0a1d6f0,721,0,0,4.04047,2.455183,3.3321095,-5.341114,-3.7079039
726,train_images/bdf47b9f10c4.png,26bbbebf6f67fefaa7c05f53da0a0581e9c9dad366c1f7b98b87c906c46a06db,726,0,0,4.603859,2.154871,-0.139534,-3.4658089,-2.6084356
731,train_images/059bc89df7f4.png,554fa5d81a16b1ccf8241041c2e271c93ad7cf70a9127e969a36d55ddb85e8f5,731,1,1,-13.253407,5.887228,1.971695,0.6410179,5.1849155
737,train_images/e387311a840e.png,fa4b7fcc51fcd44d8b9812fe28436289ad72880a758054f80d1e8c12d8942b8d,737,2,1,-2.0629654,5.126032,1.223381,-2.2236748,-1.354063
742,train_images/eadc57064154.png,f5815e88fae63304be0aff0720784cf8a7858b992e4585292e6c00e1e40da6dc,742,4,3,-1.7606354,-3.6617594,-0.31657028,3.5647812,2.6593132
749,train_images/233d948e2544.png,b66d72a14a58fe88106bf2700daea080ea290ddd1b2588edb91a5f980b71b481,749,0,0,5.2970505,3.1126385,-0.39800262,-3.7042542,-3.4716702
754,train_images/c2a58b2cfd0b.png,37ac35184a9eb2062bc46d2772b5bbd344331235a8fb09b6bd6b7f6e270479f0,754,0,0,5.7776833,1.9787407,-1.5587082,-3.413128,-2.1924515
756,train_images/06586082a24d.png,40a5e8858e5acdc785e874549ede3b8f7f3bba80a8cfa0eeea60e20ae00b6b80,756,0,0,7.7328033,1.5980453,-2.3484802,-2.2903519,-4.048174
758,train_images/175dd560810a.png,7a275ab3a497881a4fa92bef662c22f1acd481139a4d8fca3f5541b84b78fe16,758,2,3,-6.9496193,0.54164314,2.498413,3.2316475,1.2787304
761,train_images/6c3745a222da.png,f5815e88fae63304be0aff0720784cf8a7858b992e4585292e6c00e1e40da6dc,742,4,3,-1.7606354,-3.6617594,-0.31657028,3.5647812,2.6593132
767,train_images/878e356c8fc9.png,af5cfee1fb6309801f059dcb77139d5b2a2421f648bd5e3144170a37d3134531,767,0,0,7.4571915,2.2323399,0.12643051,-5.0349007,-4.2019596
773,train_images/cab3dfa7962d.png,e690939eef66ecdc312f57ef290d84e73947f0806e585a116da1b3cea468cae7,773,1,2,-4.3417206,2.0587578,2.7259712,-0.26556396,0.46220112
775,train_images/44a4d04162cc.png,164e92ff3c51c0afaa02c5b75579bf86b15d5590c5809654ab286e39f00907b5,775,0,0,8.066803,2.3152256,-0.817585,-6.674984,-2.2874842
782,train_images/d994203deb64.png,90d799f53575cb8c72f9eacc3f463fed94e0a1d2b7b687ba8a297324854e6f6c,782,2,2,-10.5674515,0.5605278,5.478382,1.3734856,3.6717281
788,train_images/025a169a0bb0.png,d8074b52b95ded42d68fae71f524fb25c24d02bf8969a40894db4a9a6262959e,788,2,0,3.4523354,2.5957298,0.37593842,-5.033329,-0.81675816
793,train_images/04579e31e4be.png,4c084c2556ff2575b472b400b54b82c21cf9fbde6568a0d215a7f7cd8d4753a0,793,0,0,6.685707,2.1267738,-0.46038055,-4.3988533,-3.3556004
798,train_images/57f933d3d7c7.png,e6944ac4a6b1d6a0d34bbe498ddd0146b5d672b5fffe563081b8adaa1c174eae,798,2,2,-2.6073303,0.75886154,3.9252625,-1.9301071,0.61509895
804,train_images/ec6f1797a25a.png,a0178618641fc9ceec78529a603a7527d9a43a6d9350b63da1019df4d8b1cb89,804,0,0,8.157558,2.862114,-1.4186478,-4.673088,-4.321251
806,train_images/d2ffe9287dc7.png,adc6c8d8c1c87a456a5e4407f48cf189ca50d0d55e8b16d32ef544d68a9d3f86,806,3,3,-14.683121,-3.0960484,5.6717052,7.7090607,4.85458
813,train_images/cf6551521a35.png,9712c527315f8b295cd66c57a747fc912ebb8c5d5d6a1abce95de81853df2de3,813,0,0,4.671795,0.3656826,-0.51278305,-2.2297134,-1.679266
814,train_images/fd48cf452e9d.png,b146157bd2ccdcbdb9c425897bdd9e3e207902cb0bf57a0b5be64ae7671705b8,814,2,2,-9.91013,1.6888161,6.861719,-0.100631714,2.0557308
822,train_images/a664d2055886.png,8ac13335e731d99caa67e51219dbe26077e1fcf769dc09a233145243783e9fa5,822,2,3,-12.047562,0.045740128,4.865902,5.025646,2.581314
828,train_images/1ca35d483772.png,2e0086fbdda027b3c595f2cfab4f6f457f00c3f1c39b2f61f479b899e5c1da6f,828,0,0,6.6621513,1.5207901,-1.0552826,-4.5026245,-2.0225954
834,train_images/1c3a6b4449e9.png,e61ca49f98d32f234a000d7654891a521ee2ab11aa9d8b6686ffaf07a1f4a142,834,1,1,2.0404778,5.3066216,0.19564056,-6.7863693,-0.044973373
837,train_images/99c626e58464.png,59108f324bda498d76f874f279c1736e4d24e0d163f7a482e734d1ee2ddfa369,837,0,0,4.5638466,0.21968842,-0.69856644,-0.74157715,-2.719924
846,train_images/5d74f98d62be.png,18a2b860eab5f34da880313a8d4fea101e332eba2c1a4bf28468c4ab7555388f,846,4,2,-8.658798,0.030851364,3.3620949,2.493042,3.2312088
853,train_images/cc671a73e1cb.png,455ddbb4b5db8821d7b443cd5d0f825ca2ae9acd67f3c010fac86ae0c6e1332a,853,0,0,6.898514,0.5794411,0.2899475,-5.780308,-1.4274044
855,train_images/14c3b41d289c.png,dc81e803bf51c8587a50a5c679c981a6b26de4389559c00927c8d4b4dbcdde09,855,0,0,2.246891,1.5703583,1.2051888,-2.9123764,-1.3883858
864,train_images/43823561c3f0.png,d457d01134f3f4acb1ae2c5acd95b6d6b9e9b148e7abeddee5a5787767edf8de,864,0,0,9.1720085,-0.1531086,-0.85172653,-3.548935,-3.9840403
868,train_images/6089fa333013.png,9684c16349800d93fdbca1f171a67f8591bbca9be3c19e86a7baa668fc7bb28b,868,3,3,-6.820019,-1.3001041,3.2905312,3.3885765,1.9699287
873,train_images/3d2ecffe0386.png,50deb86f2a36ca1f1e74c374a804d36f50852cdae4a99b9a88b8efb51ba7671f,873,0,0,7.3093834,2.4155827,-1.7464447,-2.4426918,-4.8761024
876,train_images/28f98cfe3858.png,53084a09d38e3c6e7cf21e88dc3b022706e48ab1716627091e8ba135b59a3822,876,1,1,-4.9155655,4.804964,4.217531,-3.2142334,-0.4041214
880,train_images/a00b4cb250a7.png,193f5e8368d432737f172de26434a55afaec359542aac924fa7e1e58e30d964d,880,1,1,0.94696426,4.955553,0.96767807,-4.5440483,-1.5402002
884,train_images/6cee2e148520.png,e6e80a3cd3f760dabdcdcd5b99ead684e309aa0e33499c6b09755c56de327554,884,0,0,6.1782494,0.35723877,0.12149048,-4.077942,-1.7940664
890,train_images/e5d56f4f359b.png,d2f07717b48a5e6fc51a5793ddaa4c80d6d4c4714e98c8fc8a5b52f94d521a64,890,2,2,-13.308277,0.2011528,6.4576893,3.0602798,4.0666504
891,train_images/1c5ad36fb799.png,b2365d5007cc9a1e9bbd88cf3658ff34a93ea8448cd2f66dd4216bb0845f2875,891,2,4,-5.4677963,-0.6025734,3.400463,-0.8529396,4.141197
893,train_images/d85ea1220a03.png,aa6bcb0a2b27e2cb806eee7a39cd3de3a9af1ab8890b122547f3156fb2885708,271,4,4,-7.508007,-3.0554848,0.6844444,4.295456,6.0195312
898,train_images/780f9c237c56.png,b742063597a5065537944b0aa5f4a2c1a2bf059af0bfc878d44068bb375fa3b1,898,0,0,6.882736,2.732647,-1.3225899,-4.841053,-2.843687
903,train_images/437cbec4a3f8.png,bb78ebf0878129250d32f70d2324c25db0afed21cdc7491f6f1f097880031686,903,2,2,-10.814175,3.9609947,5.7859364,0.3191986,1.3140736
907,train_images/784d6d302f98.png,a92e00460532a6f4bdaad6e5d8056ce4e8d90ef5a7b45895ef252f82e6402ba0,907,0,0,7.7275467,1.0702629,-1.8713493,-3.1183472,-3.216607
916,train_images/0cecc2864b7f.png,c8d1b2e3a53f8aeef2687055714c2599c0ab5a46507c4218a2bd485e7f239486,916,0,0,3.526722,1.9738998,1.5544014,-3.7465858,-2.5550823
919,train_images/2f143453bb71.png,f036313889b85bd728338e4fdfd4d3ce2314185ddafa5f3bf4a27c181f96d7a4,919,0,0,7.1519775,2.2012749,-1.108345,-4.2303696,-3.2065659
922,train_images/a1822dd8d05d.png,fc71ec9902743c9b5a2c69191da456faf595832fcfea9b70ef9e55e6bf3f52ec,922,0,0,7.4130135,2.2136574,-1.6570702,-5.50177,-1.8595047
928,train_images/ee74c3b177e0.png,85d6d5ecf4566564bbac89092cd0280a3cd481a6ef32b3237e59c7f44801422a,928,2,3,-9.966312,0.6616173,3.0836163,3.4908524,3.351591
933,train_images/6dc07f968794.png,316332d3c4af59367b43de8bbb43ab666d25bbbb55168708e783c251517b7357,933,0,0,5.570347,2.510172,-1.0677719,-3.7811317,-2.6238174
934,train_images/549381330191.png,fdad2ad2867e2a39801872edefb9cd6ccdaa62e673aa24d6373c679d2bd4919c,934,0,0,6.5101776,1.9989071,-1.0073013,-5.3405457,-1.5575047
941,train_images/0551676cc2aa.png,2093d82b7df10e69cff908bc84c628ddc1c3db1eee889ff57af0eb89b00c9ecf,941,0,0,8.739319,2.5965996,1.8385811,-7.2158546,-5.0874624
948,train_images/7526c59c36d3.png,c4ba84895d8235406e1bad51fe11f90523d492ba9a5e746e9dbd33f4dd20b6c0,948,0,0,7.5130615,1.8932457,-0.86481476,-5.4386253,-2.4888487
953,train_images/ff631653374e.png,b30741057737bd526d29603e7ec0ba025493411f9dc5fb1d3c97cbd26e871ebd,953,0,0,5.5831795,2.8409843,0.12471008,-5.1264763,-2.8551664
960,train_images/3ca12e02dd4e.png,aaa2b3ca2e809e8bb5b0ce9d652acb896498ad3d52c6d964050b09238f58882b,960,0,0,7.2143135,2.3322525,-0.46819305,-5.16103,-3.3232307
962,train_images/a47432cd41e7.png,62472eaa23964a3848246252c4b34601341e28fd16c97a2761c106cf88522a6c,962,1,1,-1.2478943,6.022148,3.0097275,-5.0537567,-2.0404568
970,train_images/36b5b3c9fb32.png,1ff10f5470cce5fd72d2b7191387f2ecf9c579663c759f00ab6e354417cb82fa,970,3,3,-11.494205,-2.8535976,3.1742172,7.547592,4.0455
975,train_images/10f10fd30718.png,6a51b57563b31ae4b06a9634d5d8829e8cb1df52dc1a8d3cc67021ff038eb888,975,0,0,8.394989,0.66895485,0.0260849,-4.989643,-3.4928246
980,train_images/b6bfe9db60e5.png,39526c967e24444086db5e684d94d7ad8015392f4182eecc1d3c0da2a66d274f,980,3,3,-10.682446,-0.90216637,3.3037167,6.1761284,2.6647186
987,train_images/fdbc252813b1.png,6dbe62d1ee6a805a54e6e4a84214e22d8730e8596fd8089e9098e3484f0f0250,987,0,0,8.484707,1.0607471,-1.5783577,-2.4348602,-4.8819084
993,train_images/44878f34e31f.png,0fe0be0e0a547efc2ea281bad5740d36a24afc673e24bf103a6fa5619b16a1ea,993,0,0,7.0213814,2.920887,-0.3830986,-5.7299576,-3.209978
996,train_images/e811f39a1243.png,501faea37ed633ac368ce5d8369c96d6578f9ca62d395364ceabd1b3034d9d07,996,2,3,-7.105858,-0.6397667,1.9687233,4.5192833,1.759512
998,train_images/c0e509786f7f.png,014548e090df9d1d91b4f01d9f9dc41981741dd319047fabcf785f01d71504a1,220,4,3,-11.7883415,-2.182005,4.559059,5.916382,3.9317913
999,train_images/b762c29cf2f3.png,79b7753714597707e033d9245b897ce5d805a3631f590f70421d78d4176c5df1,999,2,1,-5.3254166,4.862667,2.6746063,-1.9022865,0.3446722
1005,train_images/2c77bf969079.png,0f1f28108271c1c78e7ec2af3e1544b5cbf4979b3db1dd93a591872936e67965,1005,0,0,7.5649185,0.5908432,0.94182205,-6.9020157,-1.3686848
1010,train_images/66375b3c64db.png,245cd1455af67f12b4a95cf10d21dd728b4756466f1caab9edf35cd651aa2c98,1010,4,2,-10.817875,0.9782295,4.602665,3.9483147,1.8063927
1015,train_images/6f4e0538d1e4.png,df7f44c4953df8aef9b14414e1398fdf33c49309f20a75c0658d6964a551f36c,1015,2,1,-6.3656807,4.045294,3.070757,-1.1488419,1.0395222
1020,train_images/6cdd0f985270.png,545badcd89dd102ce071f396f91c162a3c0a8feb70a35a6561164a759beeb4d9,1020,1,2,-7.1636353,1.941515,3.4740448,2.056656,0.28019142
1028,train_images/8e6df9eedcd8.png,5248c530abf5af7c2b30bd7e5de4ceda3f6e15fb61f0888db70c0c272d3e9768,1028,0,0,8.302776,-0.24529839,0.046577454,-5.6785316,-1.6654606
1035,train_images/6efa36d59ada.png,853f1e9df08f42c27a05a061f7f6d37076661f0bfc9e88fbf8ae79d0b3390de6,1035,3,2,-4.778137,1.3910141,1.7761154,1.2836151,1.0197773
1038,train_images/ca25745942b0.png,bde489d1aa35a7c439bff6afd4ef5b0fc8cf12a30e576385ac3637ac9fff6d6a,1038,1,1,1.078064,5.4037933,0.60723114,-4.054737,-2.301075
1044,train_images/5cab3ef4b31c.png,cae2f990107df8a8c49b4cdbfc844f45ed270f7846e11113a45f1ab5d52fb750,1044,1,1,-7.698696,4.0488777,2.187477,0.80927277,1.2467957
1046,train_images/d774692d9919.png,a81b5c079a9d08cdb49be1ce1e962e6c2cd58d732ceb428fdebd689d0584080b,1046,0,0,7.072281,1.8092632,-0.8427696,-3.8979568,-3.5412922
1049,train_images/bb783d8e496f.png,4b347e5cfdf99888901625ed6bf4b597f68eaa27639c2e7c894a818b372a71d7,1049,1,1,-8.816288,4.512808,3.9303417,0.3268547,0.58418083
1051,train_images/537e50fdf22e.png,8324720c43eb9608ffb729aabd9d7f85461430ac40d30188e85cadf425299cd5,1051,3,3,-12.742809,-2.8678627,3.1597347,9.2540245,3.642311
1052,train_images/959dc602febc.png,6a7d1411ca477ae49334f02d59376887d8c55f811463936b63fe2f4816646976,1052,2,4,-11.837528,-1.7927628,4.390148,4.3990097,5.2936
1057,train_images/7a42443ed106.png,8aa1fd9fa55e3074a16afa94889c3b0b3c259496f4250b188009c638ca8482f1,1057,0,0,5.3645134,1.9810257,-0.2751999,-4.521015,-1.9606543
1063,train_images/55fd453001cc.png,b8bc353283ba0387fdb9f80402076e0a25b7c1446f01f5ed7e3678ae10d9ab49,1063,2,1,-3.5949974,2.78059,1.9933777,-1.7597733,1.264471
1064,train_images/a88f68b0b114.png,27243104b004af81a507cd155b1e1acccc193fc34ffe8e5a3298a7bc1cd3ae51,1064,2,2,-5.7625885,-0.027973175,4.268587,0.7389679,1.3066826
1072,train_images/5b76117c4bcb.png,c87eeeea3392ba1c66ff3df64cce02b2c05616d6591ed179f1ee7fdb362ad6c4,1072,4,4,-9.18602,1.3965225,2.9480171,0.7412033,4.630089
1083,train_images/a14fcf84bfe1.png,8371ca7b678381deaf1ee7eec8542430290e508ba7ff882813198451b06f3759,1083,3,3,-13.83519,-2.0778198,5.082876,5.6833916,5.5413704
1088,train_images/8660e1864665.png,1d8b250995519e38f09ce6594db3167c03e8b8e4086c61b2f5bc4cf4c48ab6e2,1088,0,0,7.715557,2.7248688,-0.9900894,-4.3918076,-4.476099
1094,train_images/252305189b3a.png,04c2d9b6e49414fa3d1ffd1fe9dd6fc91134d4b5c97918baf5bdfc9bfaf76b60,1094,0,0,6.6819572,2.934267,-0.72429276,-5.4974937,-2.7838068
1098,train_images/acf976efd7ce.png,489a6f2ccf80b64b9a3e2ed417f8026e2ff1c2294ff62a11f8d1c73012df7ca6,1098,0,0,9.680336,2.611021,-1.7496719,-5.7508316,-4.1646986
1101,train_images/d4bc001f7224.png,7a8e1b03bdd26567823bb87bed85dc3856de934f3af1ab66e6f6f655a1f0dbd6,1101,0,0,7.955681,1.3923302,-2.3615074,-2.4069176,-3.9260216
1109,train_images/b8ebedd382de.png,62472eaa23964a3848246252c4b34601341e28fd16c97a2761c106cf88522a6c,962,1,1,-1.2478943,6.022148,3.0097275,-5.0537567,-2.0404568
1110,train_images/e38f3a65b02b.png,f4156c29e7a14bb423d692c43d1eb4c45c5116be94668a84d1904da8a6340bab,1110,1,2,-7.079006,1.1728401,2.9100685,1.9211845,1.6529293
1116,train_images/7d3835e4e63a.png,17d66a04cdbdaf5899b62b584a504a1e106826b011147f185f09528cc5f42a24,1116,3,2,-5.6126328,-0.44547272,3.650652,1.3546715,1.6462574
1120,train_images/63c3c571b8ee.png,4e8caed4c5f83d972e8b39a0c1ca8787a49cb1babb3a78e5c4ad07e0ced0a423,1120,2,2,-11.033611,0.4544983,5.255663,3.3290634,2.5109406
1126,train_images/5814cbd2e9bf.png,4aad751040f0fb0ba41b1a9f6c9f854c691c3a9bd6a8264cce41291a712d19f7,1126,0,0,7.5646133,2.303257,0.02765274,-4.9942894,-4.286251
1131,train_images/41ab357d103f.png,5b28cb837b5d3265f18aa9b7305789b6d7815491d894aafc7bd94bb75b464f48,1131,0,0,9.869415,2.4653702,-3.160061,-3.4215736,-5.078433
1135,train_images/00cc2b75cddd.png,5cb035364c1425792280d7cf0a574d45f146933e5206d11a14b9d81866216788,1135,0,0,5.4453354,3.3312702,-0.49153137,-4.448612,-3.228118
1140,train_images/b9fe7da14a32.png,9ca4b9486c1144f34e5eaafb3676d9e70795d4835d65e168888b8f6d1d525843,1140,0,0,6.7409782,3.4466972,-1.2744141,-4.3633957,-3.793954
1145,train_images/3c53198519f7.png,176149b4ad4e93374a8c914895a12aec5180b6e0b58328127a8ae92d22047892,1145,2,2,-6.6109962,1.0909462,4.9592705,-0.34453964,1.4559555
1150,train_images/b1f4122fd36a.png,468a500e40ff12e80e856c6e1b6eb141ac30cedae404eb41c1addb4562bee739,1150,2,4,-5.239727,1.787632,0.45778275,0.7752609,2.831829
1155,train_images/5a93c0f783c4.png,1a6e353a3acb5ca479b9e83422b4f60b0ea1a71825d86a0e3dc0951048b698e9,1155,0,0,6.4577065,1.686554,-1.8015289,-3.2760773,-2.2843056
1159,train_images/b4b04d81acbb.png,f58cbb0fe9d361ffab6a7a34fb9442a813e79dea64a43c54039350faf71ac7f3,1159,0,0,7.03236,2.8374329,-1.5281944,-4.119114,-3.5928688
1166,train_images/e6a58edc5b42.png,a667e48d1a8748ad793b42047c391f03f8ac627609155ab3d25335ebaf5f6def,1166,2,2,-3.2711296,2.6223907,3.1697502,-2.963791,1.0587149
1171,train_images/c81c6911f5e0.png,377a2582ee392b6e591fe90b7f1881c43cccd6f3a78bde15ce66ab9b3c8f6a34,1171,0,0,5.698406,0.3157711,-0.7812958,-3.825966,-0.8415165
1178,train_images/9f37c98b8187.png,bcb9941f920ec7d8885f268bc0a90a04c03b89e083ac8eeb973b65be6eb35e41,1178,3,3,-10.434296,-1.0802708,2.9401093,4.666645,4.4606323
1183,train_images/bc8c6a778cde.png,580e9006b762d775219df1002c90d827f0b4d922986b7bd239a585033cf0d1af,1183,0,0,7.443672,0.8226757,-1.6983337,-1.7777023,-4.169756
1188,train_images/97bf61736b86.png,7edd37e7da64ff0d9a877a8ebf2495c08bf18b4ad38bc5feec88971d5ec33315,1188,2,2,-7.7711143,0.80695724,4.1495533,1.2453842,2.157032
1189,train_images/906d02fb822d.png,c97335909a9b779764d450b413722ff94edee078b5926fa868a5bd75d866827b,1189,0,1,0.9918518,2.5798378,1.3371696,-2.0304108,-2.2068214
1197,train_images/00cb6555d108.png,bde489d1aa35a7c439bff6afd4ef5b0fc8cf12a30e576385ac3637ac9fff6d6a,1038,1,1,1.078064,5.4037933,0.60723114,-4.054737,-2.301075
1199,train_images/94076a9fb9b5.png,52681463744eabd952e19823c6896028da7dace2dea416fde32f8b81fd0fa54f,1199,0,0,5.666088,3.2036133,0.20058823,-5.3861504,-3.1044817
1205,train_images/65cf00be6fb4.png,a7335bfabc9c0f73b0c9ac338d441e43898d45c39b6930c1f5dba8bacea7edf9,1205,0,0,7.671158,0.8899498,-2.4877243,-1.0368576,-4.3666887
1208,train_images/9b0eb9f41da4.png,1325ab16a9e88dc788c77552e43931fd36ff0257f8b1be9b7e9af7016cee39f7,1208,2,3,-15.046101,0.57502556,6.390583,7.362797,1.2373219
1211,train_images/4c5ab774a381.png,03e9962039a8d8c9a1ca20f75eea0042adc31ca19c8d47744e5ce39a052af5b5,1211,0,0,8.8521,1.5972061,-2.336357,-3.4485931,-4.005703
1214,train_images/a87f53bc984a.png,9755f8ca00379f84a6cc66f1e99edb48522395082291019d0e990bd6f26dfffe,1214,2,2,-7.3483276,1.840044,6.1030045,-1.7312317,1.6513424
1217,train_images/a86128b601a7.png,60af7fef5d0b3bacb78eb816193e706536db9546cd8230f20ea8a8e76f7f7ce0,1217,0,0,9.093327,2.8011608,-1.1485558,-5.0940704,-5.0361767
1223,train_images/1f4bf8e28b41.png,91d4db6991c8c3ed53feabc2175682f7f879883a3ab32929f6dd037a31301d76,1223,2,1,-9.359596,3.3740234,2.5299454,1.9462929,1.9950275
1229,train_images/ababe19ed448.png,2bc327e38d950fad243927d304ea62795478d069ead52a11cf5e5c693e42958e,1229,1,1,-6.27512,5.7332706,1.964611,-2.6292267,1.8234749
1233,train_images/941d874c8afb.png,daac9365906e5786ac51817052625f36d684d0c60edc572d1740a8c78b67ef39,1233,0,0,5.7388535,3.1111069,-0.4878006,-6.9855995,-0.7579136
1237,train_images/69b3a00927fc.png,ca92f2fa85e475e5f200deba85c875cc93989b2182debe28d7928694b63865dc,1237,0,0,6.0416374,3.3598232,-0.9802666,-5.6410103,-2.1924734
1242,train_images/f0c13be90519.png,f800e705ff8fde6e1fde2c1a60ba4a706b6a6728766db9163c6eb95b0c3ef052,1242,1,1,-4.1763153,5.451292,0.26898575,-0.7298393,-0.19418621
1250,train_images/a6731dd737af.png,98908df1c636ee9dfb42a624ce43d7cd3dbe52aa1a77c73133039edaae446c6a,1250,0,0,7.7490425,1.9430141,-1.1732635,-4.3048325,-3.595354
1254,train_images/ef8109305128.png,02a404c076213c35bb304e7581c70f1b043764d231c6f34dba9ce2211c4041ae,1254,1,1,-5.2688026,4.351391,2.3736992,1.022995,-1.8572416
1259,train_images/a8a6588c8eb7.png,3955d3038477fd15c6a22a83340ac0d65a21bac00b1ffefef335bad46f2889b6,1259,0,0,8.671371,1.0079193,-2.843689,-1.5762138,-4.5843973
1266,train_images/b6d9974443ce.png,1d8eae919d112b0f0960c77a8648e5c9315ca372c5a5ad401cce20a3a25b20b3,1266,0,0,6.683712,-0.38861656,-1.8092499,-1.4936943,-2.342453
1273,train_images/2ba0b0d9bda2.png,ebe898cb933aa4442640aa161cb00e12006ccddacaeba3074c04e8c2f7ad9d78,1273,2,2,-9.97086,0.7589359,4.938921,4.2624664,0.5553961
1274,train_images/070d4ce5fd90.png,a252fc9e5214ce59e337b24a40c2f98d94268668a0d21a0241df03c09d9d0343,1274,0,0,7.161335,1.8069897,-1.4948578,-2.969429,-3.857832
1282,train_images/a790a3b36390.png,29a2d7917706540a7fe71cbf532a3dd87975ff30636616e8414cbae09dcccc81,1282,2,4,-7.3775406,2.1811619,3.0083733,-1.1681099,3.9584522
1287,train_images/b50b30aa6e6c.png,5be08103670fffd106198148dec4859bd0747e609afad0da41e858af17732ee7,1287,1,2,-2.000885,2.854992,4.019306,-5.2481117,1.0165806
1292,train_images/5fcff7280019.png,c04d015ce6efeffb2ff8bd2a0d6c4e1ca6729f3b50171cb1332562797bc282d0,1292,0,0,7.7097626,2.6791325,-1.9837914,-4.515869,-3.0991402
1298,train_images/35beb47fe159.png,8335bc95b108bc9281f34302c34b75895dfab1d5e0e8b6ea0fd10677a90516e0,1298,0,0,7.081173,1.1520348,0.93437576,-5.3509903,-3.2455168
1302,train_images/f7e9fa75c7c1.png,66b30159144ca3b3db21c286fddd13abe08d2dae4716469c7977f9bdff200107,1302,0,0,7.5639763,3.0843792,-0.6226349,-6.436325,-3.0110931
1308,train_images/8564b7aa3c1a.png,3dd241325a0f466e01ed545526d4f6dd7a42092e8dadde51f99a06e70395810c,1308,0,0,6.92083,2.9769917,-1.0001602,-4.4531784,-3.859869
1310,train_images/43ddd0ab0cc4.png,30cd4c451b5f65d4bac6528a2eaa0bb62bdd34587ddb664171a754a8bbab3bc9,1310,2,2,-8.533344,3.2054367,5.1537323,1.3536186,-0.65131664
1316,train_images/fcc32dffd24d.png,7c560e4352da43edd3700852d8d0f7f3e6753779edbf357a9124b8702ea498cf,1316,0,0,8.73896,1.1995296,-1.5311737,-5.664177,-1.9676952
1322,train_images/37c4dfe03aba.png,4b978630567ba0a06edf803ab37a5e0ce1da5f275e5e5aef8f026cc110779cc8,1322,4,3,-11.246841,-0.48154068,3.6559448,5.432686,3.148346
1328,train_images/9041eb43456e.png,dc12c710d492b7182b0bcec8fbad931be409e1832a9fecf628cbbd4817a3b75a,1328,2,4,-12.969372,-2.6319904,4.9090614,5.218998,5.916353
1334,train_images/b7bd4a6627b6.png,d113f8cab449b092ed1a47cd832699bf0b64069597cc9c327459e4ede9349a29,1334,0,0,7.608902,2.7962513,0.1511879,-6.829151,-3.174549
1339,train_images/4a5a6efc0bef.png,0cc175fc2e69b6781270595f6b0278984ef5085350ad45cabb6e1cc327981270,1339,0,0,6.67873,2.382063,-0.9906616,-4.173126,-3.296135
1345,train_images/65f69234c8a7.png,2006c40a8335345e4f7fd2039175ed6c937652a0de7464643a7fd63fdcec2d08,1345,0,0,7.118286,1.8443127,-1.9061356,-3.5287933,-2.9207878
1349,train_images/6b91e99c9408.png,d30574bba09ba36ee383af6bc66f433c118b18d38c32c5f101e4e1806e87a53c,1349,0,0,10.457287,-0.80485535,-3.5128174,-1.4387741,-3.9760876
1354,train_images/e2265c383348.png,735270e001a0a27294c2da4d85371a301e41ca5115e13f12f554011ac02a7977,1354,0,0,9.867802,2.3026943,-3.3348541,-3.4493408,-4.705765
1359,train_images/b3d12069e1c5.png,7449fb06a76649f9761fad556506c3f45ae9863841d8be6f940e2dcc466b927d,1359,2,2,-6.5567017,-0.504406,5.1759357,1.6299019,0.94340706
1367,train_images/bacfb1029f6b.png,49496258c2673cdcb7123f16954ebed4c67f461db2032824e11e8d637a66f73b,1367,1,2,-6.7887154,2.1867142,5.326023,1.5157928,-1.6631145
1368,train_images/aa4407aab872.png,44a2a3b8a90a3585f925f7c090609d34a81c42af4789a7919f042309c7f791e8,1368,0,0,5.816368,1.3886509,-0.40446854,-3.5476112,-2.6841078
1371,train_images/67f5d89da548.png,4b17c2ecfef7cd06a30e0c88ad06290e882b07d0c85c665e6fdbab16ba660d1a,1371,1,2,-4.525341,1.4791012,1.9535637,0.94963074,0.77836037
1381,train_images/fbcbc81cf9be.png,7688ee8632d0526c8f747222f565280a477f01cc5ba499eee3f19877b23540a3,1381,0,0,5.635212,1.732624,-1.0133858,-3.788807,-1.9641495
1383,train_images/3796af4d987a.png,5fbb8e6c674727705fa804e3b2027b06e716c06e728217b60ff4911c591f7fa0,1383,4,4,-2.3251534,0.026390076,1.0849724,-1.0348129,2.979744
1388,train_images/f252046c0fe6.png,87ab6942de3bbaf42e7e005ead8ccb1e9aac4d19dd37293bb1533ffcd270a1f8,1388,0,0,5.122658,0.95106125,-0.024635315,-4.3856544,-1.0790796
1392,train_images/d4583e9525dc.png,9913447817d1e6f4d76fbe81fa345e2d46f79a85b3be78ea179f3982aa537d6d,1392,0,0,8.608879,0.40592575,-2.785595,-3.6068764,-1.9668798
1400,train_images/4f7755e74a9e.png,55604dc3edb5b7e7fafe3cc0ac4ecff2cc85aa858f6336807f4c6ad5fb3226a7,1400,1,1,-7.3579826,4.7142773,2.4993706,-1.1194954,1.8928413
1409,train_images/71f6a6e4620a.png,c4f545e6cea63bdb0619043f5f5cf614090625a386dc8b9ff66c254ab3b49368,1409,1,3,-6.4100647,1.7423573,1.1311874,3.4583817,0.71965694
1415,train_images/bf7047dc683c.png,26060e0d0d10960b28dabe090b1dc997a1d45bf2c47c64615b2ca30575c2fd43,1415,2,2,-8.302971,1.946518,3.8770123,3.7589684,-0.6457081
1420,train_images/242fc19be06f.png,71ab062d375642c8777c4a4f5cc064da7f1233155f2d8aaf1f51261d51387864,1420,0,0,7.305908,1.8796692,-0.8234062,-4.452568,-3.2905931
1426,train_images/99e8bf998285.png,f63763bbc0cea0a35bd52a7831ed8df599bf9858c8b857c2948e42e27680fd17,1426,2,2,-5.122383,2.9170742,5.1076164,-3.079834,0.7472439
1435,train_images/b0acd3593310.png,86487ded7c46d829fe000f64fdbc6b1820415deeff1e9dc3f505c8626aabfbc1,1435,0,0,5.548279,2.3185158,-0.34450912,-4.2288055,-2.550044
1438,train_images/91b6ebaa3678.png,e7dc7d1cb41b01fc6784700a42e961176a2ca8b95d6d011ccc85728232ff0678,1438,3,3,-15.733826,-2.6338577,7.1947994,7.503994,4.033455
1445,train_images/4246ed634f25.png,27245fc87a66e9a594e5f9a6c1359b12d2c51253353ad08363e9363c8cc797f5,1445,2,1,-8.4228325,5.1556644,4.092951,-1.3480225,1.0719233
1447,train_images/115e42dd6a81.png,20a5f6458317cae1836e7f68c296e1fbbcc4f3c6ea797d3a9a62ca3453756242,1447,2,2,-8.865845,1.6693821,3.9520683,3.7021523,0.12233353
1450,train_images/4704dbb59536.png,e69db73b865983d030fce0c5159f56b682663f3aaea10d1f5d4759c20c2acaa1,1450,0,0,8.176796,-0.818182,-1.3880959,-2.2593384,-3.0845156
1454,train_images/c3aa424eff9a.png,f7a767bab7d582abfea9034c151f25272c5c19e814bae89c79fd0a74e63f17cd,1454,0,0,7.026287,0.7164974,-2.065506,-2.577198,-2.470827
1460,train_images/d18f6431ebce.png,d429efd66264b82cb2b51f7b9a272c6fa0631ce346d46cdeb71118be29b94f89,1460,0,0,7.053711,2.2680721,-1.6652107,-2.756096,-4.3055353
1468,train_images/a75bab2463d4.png,3bac7a949ac4807094cf5900b2355bb15ffa3c40fa8b97291c271ccf2cc4e383,1468,1,2,-8.745094,1.4050465,5.814846,1.8163757,0.27866936
1474,train_images/cec299c2a2d5.png,2e22803136e84f9a23ab4990081ce552e3fbb73d0289b2375f82d32ccec273c9,1474,0,0,6.0260887,1.0691338,0.11741257,-3.850048,-2.5559282
1477,train_images/d94e10f42861.png,2ccfbb701db7bf57882f5e174b464a5aa86dadd2ab8c2159175f06ea36bc37ba,1477,2,3,-13.816601,-3.1377716,5.0595245,6.5395584,5.84054
1483,train_images/cd48cfab4e44.png,bf9457df1acabbf2994ffdcece394a845e26dff04f4278b78e6890d594b275af,1483,0,0,7.3306236,3.2691402,-1.2957916,-4.9105225,-3.6065989
1489,train_images/10eefba568dd.png,9544c1e7dd75d02e8f74963d64844a5397194d250a2d21bb89b7d2f9636fe64c,1489,2,2,-5.1343346,2.9689217,3.8359413,-3.1464195,2.0530186
1494,train_images/3232b34cbe99.png,3a0740cff1788e43c7a31925a9544e0986f1062f0141590eadc951f6dd413173,1494,0,0,6.309002,2.1207962,-0.6118355,-4.957386,-2.2740326
1498,train_images/e83d315d8f98.png,1b31ef37d22590a6dcb504a4ffbd879423e96a9383f06c8ed07f85da390ad00e,1498,2,2,-13.206867,-1.2935696,7.265194,5.6990128,2.0667553
1504,train_images/afc744fad65e.png,713b4db3f2194196ac92ce35aa370bb6f7556b323bb6c587bda13feddfa7c1a5,1504,0,0,8.713921,3.4558449,-1.2718163,-6.3133926,-3.9709272
1506,train_images/02da652c74b8.png,f4e2f9434edd85b4fac2b03bdffdf22dbb36fbc274b4574d35ca0a9d16903dca,1506,0,0,6.421627,3.6647968,-0.98394394,-5.9659996,-2.578679
1514,train_images/03ff7d159f10.png,587d1ac74d21d49aa8ae818c2a86eb4571cbb7708ee7ddfb83cf187dfba077f2,1514,2,2,-8.775478,3.4929733,5.2510986,-1.391861,1.9714127
1519,train_images/fecf4c5ae84b.png,1bdaaf702098d21ab5c631ca727a3888c33f06b9c5c97c9a7f4b20b9179bf2ea,1519,1,1,-7.16238,3.3624706,2.882225,-0.62739563,2.162817
1527,train_images/ef81cd8854cb.png,271ed0d391756c340a72835af06fd9d63be319164bfaaad42b443d11b462374e,1527,0,0,8.725193,1.8717518,-0.7375183,-5.609062,-3.6498795
1532,train_images/7f2123bc89a3.png,470a0d0fc7eba93472576c7fdd235d997c76dc5425e5c0b685baa887523a3342,1532,0,0,8.28336,1.000843,-1.9142151,-2.5334244,-4.1789207
1535,train_images/4134b290f5f3.png,e40b592f129db48ec1a70fd8a1171ec595f3ea228d9d081ece24763a9baee694,1535,0,0,9.924671,1.2680702,-0.6722107,-6.787483,-2.9723082
1540,train_images/e47770a2e5d1.png,19598e087cd8726ce0ce806d6efb9ca547f8561bff47c71bec51a5193a2770f2,1540,0,0,6.7453995,1.7787037,0.078430176,-4.2994614,-3.5150175
1546,train_images/437900a99871.png,af21c98d24ea8cb472df19d1e03c86a4e3ba4d00394e7dbe5d21f72d4271363d,1546,2,2,-14.824066,0.5606632,5.9829254,4.6698,4.132002
1552,train_images/77ab222bf85c.png,f25b146402671066b24a5671ae68dec6e0bcc2907297155e72298a50197917cf,1552,0,0,8.887325,1.9925652,-2.4282722,-2.7825203,-5.0059986
1553,train_images/f361060eda3e.png,83901f796ebeeeb5c39d82f78a3c52c55e49d7b9f5a0d0ffa54c20629816de1e,1553,0,0,7.7281456,2.4183788,-1.0933266,-5.6362076,-2.7961283
1556,train_images/10fca1abf338.png,7062f2b63ac22ad961a3e005dd35d4499dcf182c7e9aecb8e946cd47e1c4710c,1556,4,4,-9.301189,-0.94831085,1.9671402,3.302311,5.5182667
1558,train_images/eaa0dfbd5024.png,585a5edc6351401a6f240f326077e93521c6a394c7f99f9a24add145d7638fe8,1558,4,1,-1.1374016,4.5719337,1.919117,-4.4993362,-0.19747257
1568,train_images/8dba09a4e5ed.png,a14127138823212b734f721e1370241422986c51861ae4e6649183299353b122,1568,2,2,-7.3726044,-0.56798553,4.9473743,0.9490242,2.5723095
1570,train_images/a4012932e18d.png,c97335909a9b779764d450b413722ff94edee078b5926fa868a5bd75d866827b,1189,0,1,0.9918518,2.5798378,1.3371696,-2.0304108,-2.2068214
1575,train_images/58a9e0d7f7af.png,be1c071611604e7164cd8d15c591dec83bba2ab8ad25135e828ac9c99ff28e4c,1575,0,0,6.892727,0.79891396,-0.68403244,-5.320137,-1.118824
1580,train_images/2a5a8b744f08.png,1e5321f241d734a9b41c743ed5323ee0b1f6066387ed187954cae533a4e2bb7e,1580,2,4,-4.5145416,1.321989,1.1348763,-0.21456909,2.942007
1586,train_images/f02956bd7c50.png,ac501f30168c3179693d53e0e4d43e5178cd546fe8f0d5a7a51941d919dbae61,1586,0,0,9.036015,2.1088772,-2.5453835,-4.1500854,-3.8004837
1590,train_images/3c9529918097.png,6d01fe4ee594f8b803fa416739c93e045df9168d906480384f5f41d1e82d8a06,1590,0,0,8.946777,3.1523228,-2.5198364,-6.205105,-2.755724
1595,train_images/3a122851e526.png,81ff49d7d8109ffa5351473076b38bd5afd80aa15af2e2ea33428c29ca3af456,1595,2,2,-8.704922,0.2688713,5.908432,1.7006989,1.3804092
1602,train_images/52ddde91a349.png,bf3f16a9921c2657a7957728cd19202785e46a1e0d3bae5368ef24816c5cd34f,1602,0,0,6.984272,2.5217648,0.11755371,-5.531227,-3.515789
1604,train_images/807135cbc438.png,13aa7553878cfa532df1c8065fd1b7ff5ed5809e9127ffcd1687daa1de81e170,1604,2,2,-6.6576385,-0.68540764,4.4192696,2.0149612,1.5023117
1610,train_images/b74de20d73de.png,813f44fab26d3bb8380de6dc2ef7bc9d027c701d37e5309530cf34eb630258a2,1610,0,0,9.413414,1.8141575,-2.800682,-2.9548035,-4.7944365
1617,train_images/0423237770a7.png,4bf8c78cca1ced405ec59745e02756bef32bbec3b30002366026bd9c86d794f5,1617,0,0,6.0008736,2.338091,-1.3720016,-4.1312294,-2.2406845
1621,train_images/a015ce4f51ad.png,21552bf40ea1a161fd11f3a5f07d09f09f407ecff7fac2e6195859c7c7d59d25,1621,2,3,-10.111382,-2.8710423,4.504593,5.3178635,3.6733742
1622,train_images/90960ddf4d14.png,220249ab580cb8596a088d9cab9b9958ba22516a5bf86937d2bf8c3bbef0f5d8,1622,0,0,8.608189,0.28594017,-0.80281067,-4.3037376,-3.1454144
1631,train_images/a8eb35b3bcd2.png,e6bcdb8cb578c6ee2ea24bd20bbd06eaa119cbe3cf1a7c1a410424e14e98c20d,1631,2,2,-4.93153,3.289093,3.6158695,-1.1517067,-0.19182205
1637,train_images/33b978734eab.png,74e7b2abf290ab2450d620ac6a7ef0223b582fac65d4c8caf74ff74ee30cfba5,1637,0,0,8.417751,0.9986687,-2.3832626,-2.8292274,-3.5581799
1643,train_images/3de8ad4151e1.png,66cbcf069099a109144784cf52cdbed65c582bd189ed6505bab508f2fc678f40,1643,1,1,-0.13945007,4.5870667,-0.8553047,-4.1016846,1.2032356
1646,train_images/5173d54fc214.png,f314bbd9c88a5a6608571821d60bfa2456ab7b7daa67eb88082b890f4254853e,1646,2,2,-10.090733,-0.74975777,5.004051,2.8623466,3.4798336
1651,train_images/b376def52ccc.png,395a0ae477f4032e13e82ee1e57700091d95496c233f63601c94c53cf76e4d62,1651,2,2,-7.098694,3.3079376,4.600834,-0.5587616,0.238307
1655,train_images/236f56771ec6.png,cd5d977b48c247551c4d0e9ed4271e86ecec237e8e2e83fbd9216861589f2cb0,1655,2,2,-7.0778694,-0.42061615,4.85252,0.76945496,2.4636612
1662,train_images/531b39880c32.png,3594b779d79b6a873bcbb458144c8629daa9fa376f8916566e15d9bcc2fc869b,1662,1,1,-4.818775,4.743391,2.7835922,-2.251068,0.20174885
1670,train_images/36e4b704b905.png,f2143dc2f371004cf5c573feefe89b87453a8c688f090a26b2400dfcfb621ec1,1670,0,0,4.306717,1.9671364,-0.15850449,-3.5080795,-1.8294735
1671,train_images/b5a3ca5c0a80.png,a315bdd7bee9d0bbf7bd1da8760b6e4488884d3c0c10111a59fd56a6e4e80c78,1671,0,0,6.3503914,3.0238514,-0.80596924,-4.302006,-3.696209
1674,train_images/91e8af9ceee9.png,7a3dc782b94b9a285ec04949d381b6ce0f45b8a5829ba053940f2b9e1b8f7ced,1674,2,2,-10.928955,0.3310089,6.51906,1.1162071,3.4779186
1679,train_images/66cd9c28e636.png,9d01888d6f060eb9283e9de8d8be7927031d65438df4d050e462627909a23939,1679,1,1,-0.7423401,4.557472,0.8161125,-4.082985,0.14368248
1686,train_images/8e20b8fac7c3.png,fa14640af3c48936537532a36afa3d972f7f62d0325bb495ed49af476a946b6d,1686,2,4,-5.6902657,2.007841,2.5791054,-1.2638206,2.9890594
1690,train_images/47536db39f00.png,1b38db8ceef6c1a47807335d4e5f269af25e806097a660c961187a5b44b0efa2,1690,0,0,8.561024,2.7713585,-0.105609894,-7.485779,-2.9758549
1695,train_images/052d9a3fe55a.png,b7640819bda6f6c53a35df2f1b9d2cf00ce229f3305085dbc15e1694009f1a49,1695,2,2,-4.0756607,2.065075,5.238863,-0.8927498,-1.6808205
1699,train_images/7eee3d1f1268.png,9751c8178b0eeed2c9dd72719a3ccecc47527307d805c3ae0ec3c991b4a5c019,1699,0,0,9.308308,1.2721691,-0.6155853,-3.3570976,-5.732953
1705,train_images/211518c46162.png,9ce13ebb91b5a1737e9c9a37d21cab8f29eb459a04c85da5f77b097c7b9e57a1,1705,4,3,-13.186722,1.127594,2.4212418,5.0900955,4.9407635
1712,train_images/9782c0489eca.png,e7a8bab98625c00d1cd6862881761bf050ae20d903186a9d76f00680a07eddd1,1712,1,2,-9.610668,2.7535515,3.6730843,2.3357277,1.4113331
1719,train_images/a7b03e58a6e1.png,2f3c05a967de252357cd5e3abf8350415244b6cafcb1f6bfc8d06638bc1be6ed,1719,0,0,9.601067,2.6573524,-1.1957893,-6.7624626,-3.6975403
1724,train_images/d81338217fc5.png,6eefb8db8ed7fb7871d2f7b6a3c19a4f05512406e02c269852e8f54ddf1e6c93,1724,2,2,-6.923485,0.6384659,4.9992714,1.1503029,0.8373289
1729,train_images/2b074afdf626.png,ab702186321b1ba8f23d3e709ffba8f4bf35f5082274fbe235fd01a93b02b12c,1729,2,1,-0.730896,5.1343365,1.6944771,-4.856621,-0.57745934
1732,train_images/991a0b7a8c87.png,3baae8f15493fea65d09d5127fc54cc96f29130639a453216fa4c339e9f6e9d7,1732,0,0,9.209461,0.68390846,-2.728653,-2.007782,-4.5039215
1739,train_images/7d1da90d3ca9.png,61d4e111e948bd2e9e4d03a8207e456da860acbda70e9e541dfdfc3948a09204,1739,2,2,-3.7869759,1.5507984,2.444767,-0.14223099,0.6226864
1745,train_images/d2c6b99ef62c.png,43a1ab957af1d234367a44af83321b677f132196ecd710e31c3c998d468ee3a6,1745,2,2,-10.842701,2.1454315,5.3044415,2.315422,1.5592232
1752,train_images/07596907347b.png,ccc663ec7ae53ddd94654bed37bc5ea53511fca773a5223914b003627d7d8283,1752,0,0,5.2033043,3.111248,-0.44312286,-3.9465141,-3.3583908
1755,train_images/96b5474ae604.png,31310b51583f0b8866273531e400a1280b70a4c7116832791f41da242d2c89ef,1755,0,0,7.340534,1.8632679,-1.1959801,-4.6164436,-2.77989
1758,train_images/44271f3cb18f.png,589cdb815099923709c97513f085192426bfc6e9d16e0f8e6d89cd069da6783c,1758,0,0,8.17104,2.5143986,-2.7759972,-3.5910416,-3.6689014
1763,train_images/0212dd31f623.png,778b89b62aebc3d06ac48595680749c6150a687a90cfd4b8ede51b41b3733784,1763,0,0,7.2369843,2.6439915,-0.1990776,-5.105652,-3.9676666
1771,train_images/18b99159a14f.png,f67ac0b46bf91b3a7360f00d7fe41064e89969f640be4e963c9360b2342a3dc9,1771,0,0,7.8041534,3.4883633,-0.8693619,-5.281399,-4.5317984
1777,train_images/b2748ac28fc1.png,721119ce290ec2c915acf3e04fff211cc08d52e66c33650bf0eb68621970f34f,1777,2,2,-9.107517,1.4505901,3.666376,2.5040894,2.0383797
1780,train_images/df9cb3729eb1.png,ae56e20329211bfb1115ed23aa444b1a67eb896a3e239bc21f776eced8c195b5,1780,0,0,7.697502,1.7964954,-3.0986786,-2.7677765,-2.9697409
1788,train_images/87b671c6d4c5.png,82ae90e4785971407f9756c2b74c1b3bbf82493acfe30ff55e65efe1279e6edc,1788,0,0,7.8875885,3.339098,0.22382355,-8.126377,-2.7888527
1791,train_images/a3d2a0c4cd17.png,ade62578e8474787bffd44e7e5ef4e4685e4018a171df276ec2701cec044c15c,1791,1,1,-7.602333,3.9161663,3.8952026,1.5591774,-1.2069235
1794,train_images/8010c931321f.png,7945b5fa7e54c0f71f4257377da4028bfb7d6265db758aecdc2bc0fdcc99d5dc,1794,0,0,6.3684006,1.3966331,-0.75024796,-3.1454124,-3.2859516
1798,train_images/da3a2275c850.png,b0f644c31fabcb0924a2be40d129713906df032a65c6079231a8a643d03e0d3c,1798,0,0,7.9131584,3.6079426,-0.30788422,-7.8323517,-2.7783241
1809,train_images/500aad15b7c8.png,b4cab74575f727fb79b2380d58742180a9c3afdf2961dff742956a9b361cb0fa,1809,0,0,6.45224,1.2365799,-0.84822464,-2.82658,-3.3954391
1816,train_images/4294a14c656a.png,4a151071e4725d309e44870ae359c01fddc818b434d3de2e70f9369018780d04,1816,3,2,-12.94762,-0.9898262,5.78788,4.1462555,4.46294
1823,train_images/2eba4279e503.png,76b8fe1de1f1f093942528418830e766c2cb71e69a5ddf553b05ad561fbacf57,1823,0,0,4.1831284,0.25435638,-1.5327301,-3.7817078,1.4796295
1827,train_images/767d777ee889.png,f4776054dcdd69171fb31625a2134ebaa0d5c178d2df9d99f6c2375286ad93a8,1827,0,0,6.3076057,1.6073132,-0.62031555,-1.3245964,-5.3530817
1832,train_images/ac720570dd0f.png,7dfd1bc3b095f8016f23763f78318b46c9f9fd4b565c435ba328668490c4e978,1832,2,2,-2.0448227,1.4210396,3.653246,-1.4877319,-0.7812996
1837,train_images/a3132c8828e4.png,3d2142f9f3971914f09ff515fe995122c9a825a49462dbdd638bd320bc8d9e5e,1837,0,0,8.838516,2.3804646,-2.8262405,-3.5688705,-4.13694
1842,train_images/9be0683649ff.png,f28b57630fe9c29a29ee6daac9f4196543d459005eec62232f69075bff96e64b,1842,0,0,7.058426,1.0738144,-2.0186043,-1.2886047,-4.159918
1848,train_images/2682e6da9050.png,fda331cd2248f6ae05a5a6315de6598563c1eb8b23adfc6d7b270cb4018d4770,1848,0,0,12.431019,1.7896576,0.039455414,-8.797787,-4.638954
1850,train_images/49c5e7f6b8d2.png,c4c689092c2b105d9d682a8463affad20ca4539120657802de4c6e431be5ebe8,1850,1,1,-3.936512,5.624014,3.161293,-2.7787132,-1.4392004
1852,train_images/78d53c82a23e.png,6ccc106bbd4cc8e25c77ca189ea7646a09cdd17bb5fefdb9171cb2dd894e40a1,1852,2,2,-6.641144,1.1624508,6.2844315,0.38863373,-0.6769314
1861,train_images/576e189d23d4.png,8ea059e7be658eea6afce4bb6ebbc84d7ba8d64761d1159014b6e89da855ebb8,1861,4,2,-8.641861,-1.3360691,5.633875,3.143425,1.7093182
1870,train_images/b835b6e31a59.png,bb81506a51b2f41f3ce98baddbd82a50ef0f5f8682cc9b68e1d956f9e4895269,1870,0,0,6.0685806,1.0810928,-0.7208481,-3.9651985,-1.8578081
1873,train_images/e8d1c6c07cf2.png,a58298c93c8279654eed8f04c88e20e0e0d7f41aa879b4b9955073bea77c5830,1873,3,2,-8.318817,1.0294552,5.738205,1.7573814,0.31393147
1881,train_images/070f67572d03.png,6a239ee0691ffcde548f2f696a531050fb4f3951928f97220c6d7944d77c4303,1881,3,3,-12.398434,-1.1783028,2.9172668,7.0347176,4.175993
1883,train_images/49386d603494.png,7d340e1a14754d40ca2fbe3a3448451482115344b732484ba050201d58911863,1883,1,1,2.251217,5.431837,0.3059578,-5.1515045,-2.081913
1885,train_images/1b862fb6f65d.png,083ddb72c8e7ee68409cc85bafda3974bf4dfb09bd0f3f597e92faf169ea6879,1885,0,0,8.324211,3.0863018,-1.6181335,-4.919422,-4.2661657
1892,train_images/1601c939412f.png,337a06126e44eacc3296519cd83f666b6c37adc7ff9a48bd2c5ad1690a5b293e,1892,0,0,6.205662,1.3393822,-0.1743927,-4.67984,-2.1406355
1896,train_images/f23902998c21.png,a58298c93c8279654eed8f04c88e20e0e0d7f41aa879b4b9955073bea77c5830,1873,2,2,-8.318817,1.0294552,5.738205,1.7573814,0.31393147
1901,train_images/94f9ecf4b8d2.png,562ad627706a962544f5445789ff7d0dd3b568233f9dd3fac32138e58d95e35f,1901,0,0,2.663929,2.114788,1.1371002,-3.0072556,-2.1914377
1906,train_images/63b71347e95d.png,e9f8894fea119a9a734b0cc3ad49bf5cfe7ff4269b60f4a1728e0f2aee3bcfc0,1906,0,0,7.342098,2.1226215,-1.657135,-3.4009132,-3.8042269
1913,train_images/8ead17dfb6a6.png,dc83e663a4762d1f954c21438180a2563edcc8061585b2c2aa0d617ef0a5e8cd,1913,0,0,7.8747063,1.3225269,-2.0347214,-2.2515297,-4.2455626
1918,train_images/9e2ba2b979f1.png,cd8bafe23175b0f5df809400169000109e98cea55fc3a2a844e72c62ebc29b5e,1918,0,0,10.811615,-0.18258095,-2.518753,-3.0328674,-4.379486
1922,train_images/a150ff5dfe07.png,41b71180563b272eabe4b46d9e518587e8f8e801a9734627306bb9418dff7d73,1922,2,3,-11.635849,-1.5103664,4.707258,6.533905,2.3580074
1926,train_images/58f07741ee3b.png,3c414c082946973412e6e8dde6cac886c9f816c2dbb99ddfa9ba1c744e0c0baa,1926,0,0,8.127285,1.4732952,-2.8767204,-1.4099197,-4.662097
1928,train_images/7e160c8b611e.png,e7dc7d1cb41b01fc6784700a42e961176a2ca8b95d6d011ccc85728232ff0678,1438,3,3,-15.733826,-2.6338577,7.1947994,7.503994,4.033455
1930,train_images/189cbbc9e5e3.png,67e9fc1cc6b21f25f77eb12261b0fa48f5e3a7c9f20f01b8ceb613fe66475ddd,1930,0,0,9.963913,2.0238495,-3.8483734,-2.9189034,-4.515955
1937,train_images/fa0c87bd75ce.png,1c6b58ddaf11c59099e449a3814f5a1a190f99443c5b1d5fc45b9580fbd788ee,1937,0,0,7.179741,1.5151978,1.1103249,-6.6431465,-2.3584986
1943,train_images/ffd97f8cd5aa.png,5fab288211fa5b5b150fd86695ade8dede06d01c608e961e6f1d996c2f1ad9a9,1943,0,0,7.292267,1.4524231,-0.30753326,-4.3737526,-3.4675388
1945,train_images/201f6e10c108.png,1daa6e51571c2f9535584de9ff3d8007d1518db5169caef48f4262e358198178,1945,0,0,6.9614677,1.8428135,0.26942825,-5.146141,-3.3432884
1952,train_images/ffa47f6a7bf4.png,aac6e7298320856fae069699ca9c9359060c1bee32db4c88150d49901ef75c63,1952,2,2,-12.2009735,0.33872604,4.9030857,4.3090935,3.1253624
1959,train_images/9a78c6a7b1c2.png,581f45f1a41466790496ec2f30913f81bc87f243ff4ff0975f81262d97508a4e,1959,2,2,-5.797428,2.3758183,2.6054726,2.5621834,-1.1498976
1964,train_images/1e4650743fa2.png,2a7ba33bd0ecf3c97e5900b1163306e678d713962dfed19dc17e9345e46cba06,1964,2,2,-5.210289,2.9443722,5.0201645,-3.3609467,1.1925888
1968,train_images/14ee87d6cc42.png,0ece20f58424747e1e779649ddafe146a6d7cd42527e717d92cd21f07a4d30e0,1968,2,1,1.8576698,4.3016815,0.19327164,-3.7421303,-1.895689
1974,train_images/4a0bba3b7d83.png,6d014f94e908f161aa21875d8287d2bff463775990cc4fda290ef7fad7b11a0b,1974,2,2,-9.653454,0.10334396,4.2844124,2.918106,2.9539452
1979,train_images/6cffc6c6851a.png,4015b44830efa83962d6686cb182ef90a98a2bac5b651d7b3bcbb4b1961d39bd,1979,0,0,5.4636154,1.0431461,-0.9183655,-1.4842529,-3.4528437
1984,train_images/af6a1508cd95.png,20934d44034f6012a2755775dbecd5945511d1022d056048ce3381277a049101,1984,0,0,3.7180176,2.742134,1.5895576,-5.7741394,-1.5143929
1990,train_images/3128eb593012.png,3b4efe4849bd041d34c7cbb3c201e269e9936b0253d17d645d7e4aa173411a53,1990,2,2,0.242836,2.4110985,2.8350868,-2.9141006,-1.7810459
1991,train_images/e12d41e7b221.png,49496258c2673cdcb7123f16954ebed4c67f461db2032824e11e8d637a66f73b,1367,2,2,-6.7887154,2.1867142,5.326023,1.5157928,-1.6631145
1996,train_images/5288f7441f64.png,7fdf4abba1c333cdda44c06037c9e833dbc9ce838682c033ef301b2f6f3146cb,1996,0,0,10.7609215,2.3258018,-2.6662064,-5.538475,-4.1772184
2001,train_images/c365c598ad4e.png,b9f65a9b0837db783ef9960418f5025b191300c87f762f09ca5dfe7919ae5132,2001,0,0,9.506832,3.2229576,-2.0331917,-5.955967,-4.132227
2006,train_images/c4aef0d88d1b.png,531cb495f55913c266566c084fb7ea44ffff50edfcf8fd94f3caea3c48bdcd1b,2006,0,0,4.475441,3.611761,-0.948616,-4.875187,-1.6855726
2007,train_images/a505981d1cab.png,90d799f53575cb8c72f9eacc3f463fed94e0a1d2b7b687ba8a297324854e6f6c,782,2,2,-10.5674515,0.5605278,5.478382,1.3734856,3.6717281
2010,train_images/4689b739d240.png,14d7fedf16a210db69a74b2c3cc1419da783d8545dd74fd713479b39fd81447a,2010,4,4,-2.877449,-0.9962826,-0.3840828,-0.014011383,4.99757
2018,train_images/45e4b7eada54.png,16e8576462425bf84c4487cd4e074c877109c2433d4a989e0dcaefe3fd18b371,2018,1,1,0.19620895,5.759659,-0.33455276,-3.4839363,-1.3939524
2019,train_images/fed5bb685832.png,06fb6f7f002ec60582f3a3fb4dead7c43d0578ed3b4abd48a59b9786acdce01a,2019,0,0,7.2203064,2.8442078,-1.1435432,-5.1938667,-3.1271744
2024,train_images/fc1b1841eadf.png,fd4590d14b0c587ee5d2985d4d3788e77fa3c749d1c9a9602245310b744376fe,2024,2,2,-10.966686,-0.6022301,7.600197,0.9036293,3.5790024
2027,train_images/fd4c946c52bf.png,295f96011c35f19b54a52c6a09f0ba0c1ce66cf6b4dcc941a9e5c3420d9b3fa7,2027,0,0,5.6497917,2.0178242,-0.95262146,-2.5676003,-3.5523834
2036,train_images/c3acf47700ea.png,1fa95f744df279c0ecbb926ab92f84673e92847e4ca87e1184da1d2ba2d83856,2036,2,2,-9.452522,-0.049045563,6.2137165,2.6495934,1.1219664
2041,train_images/1df0431bfa73.png,f312b3b124335b0b1cd66889e3cc7d06b3b545e0f3e4d1ead951c9986e2a4984,2041,0,0,6.947857,1.8412247,-2.8140259,-0.21482086,-5.100462
2044,train_images/bacfa2b8e706.png,3b56a433622ac8c604512b0b6d9238b4d0a9669b1a25f2caf4b2e916b8a822bf,2044,0,0,7.557564,2.6140594,-1.7548866,-5.3364067,-2.4668808
2051,train_images/df4aec4a0eaf.png,5ede9972b43b000bdfca21394fe1327efae276c80432d1438eafa7d81f6e2c8f,2051,4,2,-8.74979,1.2443142,4.066765,0.52053833,3.4392166
2053,train_images/a0267206d51e.png,bb5da3e6a97822b0e320fefdddfa74e0c03e9847e6ea444637cf8dac73623d37,2053,2,2,-8.410801,3.1936264,4.195797,1.5824203,0.019483566
2060,train_images/ee2c2a5f7d0e.png,5a379ff8279af2a2c430db3976a33dca04a9c3e9b763cbb5a1350c43c8657449,2060,2,2,-10.811859,1.0047016,4.0217495,3.4409485,2.833746
2064,train_images/09237bf783a4.png,2025ba2bef42c6a795c6fc62e924adce382ce24a5b6cbf94bba317c3d3af6401,2064,0,0,9.269722,3.0151043,-1.116539,-6.2000275,-4.3548145
2068,train_images/f3a4751af42e.png,b9833f073ea7b0e036f32497d0117c4deb510f6920791a9182295a8f07b5ec9a,2068,0,0,4.863945,2.5032692,0.66210556,-5.1253166,-2.3428106
2072,train_images/3f73c91b7e32.png,83a68ad4ce8f02e60a27a16943ea5a01700d1f4d8fff2c6881178b964bf5108b,2072,1,1,-1.7644348,4.3815403,1.3543777,-2.7562103,-0.59225655
2077,train_images/d3d578fe433f.png,9c5b15dfaf4fa8563664bd11aa5af7ece136e052163effd9e96349e984896002,2077,2,2,-1.8580666,0.30696678,3.151659,-1.7683105,0.8351021
2085,train_images/95a4cc805c7b.png,88b2d3efe4797c4f63f40c817220bdda8a4d3aac06c7bdfe87e13323ca354ec0,2085,1,2,0.3024292,0.18873215,2.0685425,-0.6377106,-1.2413101
2089,train_images/064af6592ba6.png,f2cd200eab2a16c2f29bce2824f2a5bd544d0fe00a88f4de088807639d397efb,2089,2,1,-4.2653046,4.690464,4.480585,-3.5016594,-0.81906605
2095,train_images/eabc7c716255.png,9e47b9b6d99c49c629c25369f661b33b07d4333c905360452d81b08257ac47bd,2095,0,0,5.1862335,2.3102856,0.79691696,-5.4589577,-2.0819883
2097,train_images/f431f2e119d7.png,044a2113a70f8edbc7d55bfbe845c4b4b5ad9e7dc926ef9919c83a5486f8b15f,2097,0,0,8.368347,1.852953,-0.13809586,-3.745163,-5.690301
2099,train_images/d865997a6280.png,a19ba80be8f00306144af8d702f222152d74c8b0544f0a9feda78350e0fb04e1,2099,0,0,11.365215,0.35585022,-2.085453,-3.991497,-4.972761
2107,train_images/9519a590985d.png,60b208137e97bec7080f99b559f7bffb62501ad7f3a81e5ae44668f73f0b17df,2107,0,0,5.01355,2.702261,-1.3990898,-4.469818,-1.2931738
2113,train_images/2bbcfdc477db.png,aa6f30334fda276b8118265f719c32ce45208c11356f5ad2cffe12686a3ac95d,2113,4,4,-10.4508705,-2.7275963,4.6442394,2.3128166,6.7607975
2117,train_images/89ee1fa16f90.png,f63b3b61464ec303e86f35c82760d920fef1dd2f9fcc18cbccb1d55ceb0dc3d8,2117,2,3,-10.539703,2.1332264,3.1344032,4.4784737,1.3161621
2120,train_images/1e8a1fdee5b9.png,62472eaa23964a3848246252c4b34601341e28fd16c97a2761c106cf88522a6c,962,1,1,-1.2478943,6.022148,3.0097275,-5.0537567,-2.0404568
2122,train_images/b05922e7abd3.png,4d18d6148992183c4066e289e08e92b01707e4cc26213e824c504f6bcb2d15b2,2122,0,0,8.037258,1.5739994,-1.610157,-5.857273,-1.5317783
2129,train_images/e4ae1ee6aada.png,c88b065eeb5179bb35538edb1b7635afce682c4e6c143d2bf1e052ceaab83999,2129,0,0,7.97707,3.3053017,-0.9070511,-6.549202,-3.232729
2133,train_images/5a444c32cd9a.png,379b86fd38e54e73edc320058d2de75028656e51aba2a94d120248b7950a17df,2133,0,0,7.376133,3.132452,-0.82390213,-6.3236084,-2.7482452
2138,train_images/1ae3c58759fb.png,2c442850d744ba6a478abda5800c51f3c2a4b9506522981d168009a2ecfcb722,2138,0,0,7.892071,2.482109,0.38212967,-6.297161,-3.819252
2144,train_images/9b57e43b44e7.png,5b58871bd2fb3c35971a3dcfdb1104ef09b216870a613abb11b5aa48acefae6a,2144,0,0,3.1222534,2.1483345,1.3944054,-3.7297096,-2.1784697
2146,train_images/0304bedad8fe.png,ac9970b1897a92778b55436f90ec3f1767d9efa4f950bbf408960c3d738449f0,2146,0,0,6.4887123,3.2060127,-0.22855377,-5.714058,-3.2000847
2154,train_images/11b5c77fbf79.png,4b16242707b07194bbe49d4a4768ed1fb84c1b9117c5d9377c8961087b79af43,2154,2,2,-3.9801598,3.100439,4.5627213,-1.4207878,-1.6591816
2156,train_images/38487e1a5b1f.png,395a0ae477f4032e13e82ee1e57700091d95496c233f63601c94c53cf76e4d62,1651,2,2,-7.098694,3.3079376,4.600834,-0.5587616,0.238307
2165,train_images/3a1ecf5e2839.png,f7cd389143cbbe1a2c76b41a4dda2b0f973b502afcd646f00732fbb281722b5c,2165,4,4,-5.97398,0.7960186,0.4677925,-1.0976181,6.4436874
2170,train_images/61f403fdb434.png,c446e0f6c6f8fa6bbeaf22297973a23dab3b673e32b44720bbd56eff443ce7ee,2170,4,3,-9.384304,-3.2514734,2.9394531,6.560341,3.7751484
2175,train_images/762d6e5d5068.png,f1c1387a29e101f4557f47635e86b7be36877e9bb43be0556f903eecae380191,2175,3,2,-8.8489685,0.94651604,3.1329422,2.5088959,2.813755
2183,train_images/349f3c0ac83e.png,e862c1500d0ac66b6fe3423e817b978984b90dedf471855c0f7b667e6fd5710c,2183,2,2,-6.014923,-0.94890594,6.3276997,0.03174591,1.2347546
2188,train_images/f4874247ede6.png,35e7e24536ff100df1ab099c327517d0ba2721deaf2c334480683cb751f31396,2188,0,0,8.622845,1.2536697,-1.7177811,-1.9581909,-5.5562334
2193,train_images/e47452069ea1.png,aaeba59a47fd5bfe2ea628db51fa64f0463dc010de3f8356b4c153b3d35c33e5,2193,0,0,6.3673363,2.0504436,-1.4946823,-3.0120277,-3.245758
2199,train_images/9568eb7e9c08.png,d99a21d2b4a565d8f293da1f70223e1f378879d61b591c16e60d9e8914bbb445,2199,2,2,-4.056404,0.13546562,5.134697,0.33909988,-0.8505697
2204,train_images/cf1b9d26d38d.png,a1e0478a9b65d2d91842d1f494a853c0c28f8bc63b52af3c1ed8aa6405746ab9,2204,4,3,-10.683712,-1.3042374,2.5438194,5.3181496,4.583956
2211,train_images/85cbb84ac8e0.png,7a654dd56084e359bf818e32b8216bd7a19d396229f80743efa279da5e61b062,2211,4,2,-9.09478,1.0361309,3.4751072,2.3504372,2.800682
2214,train_images/8693ab1fd2be.png,c3080a87587559339d8f40801b6031a677b92e929e586b75ae49f3bc3c69876c,2214,0,0,6.341816,2.271862,-1.2743149,-3.580059,-2.9733982
2221,train_images/f5733f77273d.png,5b362f20b15620e673634afbefec43943796ca88a46517520fa6d4ba9792c147,2221,0,0,6.7559433,1.8337326,-1.8532219,-3.7742882,-2.3393488
2230,train_images/e933923aab15.png,b44d3d1418dfb2a580ae072ab0b4cf5e2df06096a0db64e090f3b0200dcee8de,2230,0,0,7.292408,3.0070858,0.54691315,-6.7720222,-3.4898367
2233,train_images/ad944bd56bb6.png,08557957e4ddabc887999c937d323505165312b57ed3988475afc58755200264,2233,0,0,5.270817,1.2416935,-1.204895,-1.3576851,-3.315155
2236,train_images/aa60813e1a8d.png,9cceaa182a043769af5dc65e971504fb54bfc65db2f187a584f34e06e48297ab,2236,0,0,5.102497,1.552288,0.30088806,-2.194355,-3.9817457
2243,train_images/901a3552fe26.png,02e82b18cb0e6feadf1d0621559a001213a4b9167942de27e1d23c62a5bbd1f7,2243,0,0,7.002285,3.5732403,-0.4878769,-5.857376,-3.6223135
2250,train_images/75238d945315.png,c2b1e3fd648ab57e5acf77eb6104efda35d8f0ee70fb4141087c8cf12c608111,2250,0,0,7.287323,2.3994064,-1.6266556,-4.6133537,-2.8200426
2257,train_images/37de05ef12a5.png,469af910390879acc7a6e62166383fa090bf12ede82207d226e295f09617c9c1,2257,2,3,-14.663326,-0.8982353,5.7371216,5.737236,4.4901447
2258,train_images/847b04287c9c.png,ea4002811d61ed936552ec2d10e87b3120bf4da7e7d660585fae80ab40beb526,2258,0,0,4.9733086,2.9180832,-0.6747284,-4.7780647,-1.8682184
2264,train_images/c4e8b1ec8893.png,ce138e931f88d11470a33d3a8c2a54e757a80b96fb9091b8a87decd0d79386fd,2264,2,2,-2.8639412,0.9818516,1.9822006,-0.32763672,0.7121296
2271,train_images/ca2b54b95ade.png,4cf449f9e9f7a238d0ec814efacd2a855b203241da1278b18d2b9adec93c7c22,2271,0,0,5.8920784,0.07931137,1.4635391,-7.015423,0.15550327
2276,train_images/d807c53c1399.png,9186db7a58feaf83fa89ccd0f7408c71c557fb2097e0e355a02843d8545cc495,2276,0,0,7.3999214,2.499981,-0.40232468,-5.4630966,-3.4534063
2279,train_images/d99dd99be001.png,44a7812f439c235140a17bc573ba8efd622ab9e5aced5333f9935cfeadb40205,2279,0,0,5.628399,2.206087,0.47428894,-4.2059174,-3.522623
2282,train_images/05113073b268.png,a132fb8c543805f3ffcf23a7de4cb621f35707d1462b066075cf8573e50c7c53,2282,0,0,7.04694,0.6013069,-0.39551926,-3.9690742,-2.5181522
2291,train_images/345b1f0abbba.png,ef9a48cd79f10f4a03d6e139b3cd067ee4a9b13cc17958d3ee932832a03e6d91,2291,0,0,7.074005,1.1919785,-0.68590164,-3.1726456,-3.6413927
2292,train_images/c7c0470bcf87.png,c2cce07d109f30041aee8d3c1ad6f44b44ded596146330a019026068373d4e63,2292,2,2,-1.8599243,-1.4573898,3.437706,0.7589607,-0.28013515
2300,train_images/bffca6eeb2bf.png,60173215d69734bec8059d293f226d1877083c79717182caf0a3a7a25b8c28a4,2300,0,0,7.7609367,3.6767025,-3.227478,-3.6981926,-3.9002972
2311,train_images/6d7d26025122.png,0f949e39d1fc7b1bbbb8338173a1031c8b2ac68392c2aecdc3ef3d341d80527b,2311,4,2,-4.666382,2.0224133,3.4079628,-1.877861,1.668602
2315,train_images/c0a117de7d0a.png,67cc0c4b0f6fb1b6edad6c6ddef8076ed66549c0e15a15aee7ca8fa2419b498d,2315,0,0,9.901749,2.475706,-2.2643967,-4.246315,-5.2133656
2319,train_images/8421107255ae.png,32728c32ecb760b3160f5e31a19ff8ea9712f9498240e0140eb68beb34f76deb,2319,2,2,-9.042545,0.54660606,4.870569,0.4752159,3.6712265
2325,train_images/b56340f472d2.png,6a444cd8ecbccc858a69988e6955734d65023d27b0d9a8fcaa2b00384ea84020,2325,1,2,-7.089573,5.624056,5.9480553,-3.5408745,-0.35455894
2326,train_images/b4f41b5bf0ef.png,0459cb5ddf97700352f878428a2db72b8688464997dfbcc50a3c32b717a568c8,2326,1,2,-3.3366737,3.3263798,3.8629303,-1.2035141,-1.9520235
2334,train_images/ea68b58a6e8f.png,a7341b26af461018d0205e8f4bf9f09a071eef6e067539f3fabd50cf19007194,2334,0,0,7.148304,3.1539726,-0.86164856,-5.650608,-3.1713648
2335,train_images/3fa4f4d77177.png,f66d6c75a82aa7bd5a3d6bc6e0b7972c6fa49415cfb1e5f5f61f8f95cec0e33d,2335,3,2,-8.563995,0.4865303,3.7012367,2.8946037,2.0026894
2339,train_images/62b826899151.png,543ee349e380b69680a7a2b974c6e34449debf19474b2695e952265f2539e7a5,2339,0,0,6.7159386,2.8389492,-0.31898117,-6.2144814,-2.4495974
2349,train_images/2608e1dac5b1.png,a705de736e6315e47bb3699da3c1af86f32a455182f1fddec856075336d8c319,2349,2,2,-9.446682,3.9067383,6.0258217,0.26233292,-0.20231152
2351,train_images/f583a722434c.png,591b33bdecd929e8b59975ecd783d6fe7e7bcba6e13c2b020594dda58e0973ee,2351,2,1,-0.19098282,3.2114658,3.0693722,-1.767128,-3.507578
2360,train_images/207dd0487264.png,6cf9093708b2e1c345c71c9016487729012a2b6b311e74e604a14c4fa7268fad,2360,0,0,8.675835,4.067951,-1.2145691,-6.054161,-4.8754997
2365,train_images/8af50c9d0a86.png,73b8b517bd77d18f8a40f232d79908875cd93b065e3fe74aab951f9d32a5a4d9,2365,0,0,7.988865,0.85733604,-1.4311676,-3.9484482,-2.6835375
2369,train_images/81704925f759.png,63d9cc26aafd41b32729e0a3f89e0fa787aa3c828d0cdfe87572e0f45bb68cec,2369,0,0,7.408596,1.5664215,-2.6568527,-1.7937431,-3.867566
2372,train_images/2d07162a13b1.png,6f0da9461a06535d2cc39bb7769afe191889c61aae65a632231c0b0c061ab931,2372,0,1,-1.5932999,3.2101154,2.6082802,-2.3594894,-1.1451969
2376,train_images/5889a0c75cac.png,7b6b56a3f4dc17694e2056dbc2e9f414218778d4a18523d3ea7a310ea16a591a,2376,0,0,6.123646,3.7503052,-0.35661697,-4.992523,-3.95261
2383,train_images/3aa2b1ce6700.png,f0b823b2b871bf4e9a7988447015e0ae1757405b9a7abc9407f74809f76675b4,2383,2,2,-6.2049065,2.0129375,4.393219,-0.1686325,0.55173683
2389,train_images/addf66a50f42.png,41e2f1f869ee32f3df2e340d6fe32b27943e3266ee9c4f6a90bc9d6aff3c23f8,2389,0,0,6.280098,3.5948982,-0.65836716,-4.788574,-3.8358536
2391,train_images/4fecf87184e6.png,4cef06bd08181d80dd09827729f791f0a6ba5aafb1c962b168325e4747fa9d03,276,3,2,-12.506065,0.12089157,6.231745,4.5874176,2.0921059
2392,train_images/876deb29f000.png,c4e431568b2c274ad598b64989691084ce8057609d1b45a6fe801ae04302919d,2392,0,0,5.755287,1.3107624,-1.310646,-2.4390793,-2.6966581
2402,train_images/8ae049175db6.png,a0327f55ebb7e7792ece4e6971063ffac104f2b3e7b274331e65b00549f29749,2402,4,4,-5.390663,-0.8610954,2.1356277,1.4285622,3.359665
2409,train_images/8846b09384a4.png,1931fd942a8006990cb190a6dddaa4bc3adaea6e1911d9ae3f5112943e117c6a,2409,0,0,10.19146,1.369566,-2.1623955,-5.898346,-2.669588
2411,train_images/cd5714db652d.png,a2f68e56ae05b2117296a5cc58f9bf612340a565071afc1733597c64c579764c,2411,1,1,-4.797352,4.5744267,2.4247131,-2.1749191,0.5792351
2416,train_images/29b52f64d2db.png,22337ae0a2939ba679bfdc4a9420b8f99f5e5d2e938404eea490e1c713b03ee3,2416,1,1,-2.6819458,2.971775,1.2416039,0.5892525,-1.5514565
2424,train_images/578109578b46.png,6d17ba5b55170075b77ea9f4fd61aa9ccf4e9327f0aab29da0719d8fe64ba8c5,2424,1,1,-0.59355164,3.492138,0.5720482,-2.0258331,-0.7455168
2428,train_images/d6f36ec5564a.png,1b35acc047ad7ee3123cc57538b7ee8a2db6f322e5c92ef7827f229e240b0568,2428,0,0,6.6007423,2.604269,-1.5507164,-3.223751,-3.7887154
2434,train_images/d7bc62d60e8c.png,c065d7afc7a4bffe837d980c1482bb6024188c1358be7bf0f7498b1319bd960e,2434,0,1,2.3310738,4.302103,0.8085022,-4.6659584,-2.0400944
2440,train_images/165c548185f8.png,926831dcb8d8ed74b2bac7927616dbcee781514e6b53aa1b39f4f39bef133bb5,2440,0,0,6.417389,1.8952103,-1.190403,-3.4252052,-3.1064262
2442,train_images/789c60cba801.png,8f84819a1521a6264da2cddb81bc2c164547dbe84f4fafdced52c68781e6a133,2442,0,0,9.027092,2.1507092,-1.830761,-4.099777,-4.596449
2450,train_images/58059e73d2d4.png,d20236c14731362d5d478994affd90031b143f6a21b7c28cb320aba887813a61,2450,0,0,9.271393,1.5856342,-2.5121727,-3.0219421,-4.677904
2456,train_images/873fe0404d6e.png,aef6df0a2d7715aa75e40365a8dec51f49b6e16f8076d3a101a886fec4b53cce,2456,2,1,-2.5913239,3.5714645,-0.43831635,-0.29029465,0.36910534
2461,train_images/6d5a8362dd1e.png,4fe42d9da3a2442f498b4c7d9da482ff16a7dce436ca3d5963dd17b62719b172,2461,0,0,7.9235306,2.4793797,0.8253479,-6.522999,-3.8639612
2471,train_images/5b3d41626ec5.png,9075a3b98e674eb22ba831075f857a465cc65c5512e4ab5b773f1ddd0c74655d,2471,0,0,7.040909,1.8574905,-0.5875702,-4.5190544,-3.2236795
2475,train_images/ec363f48867b.png,bc4890b086bf1db9c2730f422f4c2fa91f442882c71acd44eeadbf38accd4ec5,2475,0,0,7.2329407,3.8195686,0.86532974,-6.3400497,-4.810837
2483,train_images/6bcce181be65.png,5371ce791b90c5760b2e688b5c4affecf3acfc1c7056e643300cd39f2b026cad,2483,0,0,8.704922,1.5341663,-0.019340515,-6.7014885,-2.76692
2484,train_images/535682537302.png,4681f5b794d3e945a408c494d02d26997c5ee7b6d102bd2105520f3e643ec269,2484,0,0,9.103405,2.3595982,-1.0442123,-7.0082245,-2.7988605
2485,train_images/19244004583f.png,c78fd3dffbf1676942d2d2f305c1efb0cc84a91d82feafe565a859c26e6fbd9d,2485,3,4,-8.07793,2.206707,2.7671928,0.85081863,2.791626
2493,train_images/cfdbaef73a8b.png,561169c9c1b0711a13830aae198a39229f90b416eb65032b9b1ee09d13d91340,2493,0,0,7.654747,1.8554916,-1.68227,-3.664585,-3.4152203
2499,train_images/a66c3165876f.png,608c8cb71b5ece8479bf7df45ce86a6da4fe00f87543b73d7532af1cf9a1d18d,2499,2,4,-9.303814,-0.2732849,2.4280167,2.3081703,5.400303
2500,train_images/2db0cd3e30da.png,5848e234712eec4228968cb20accff8a27f4ca55757dddb964f4a91b9a59a7c2,2500,0,0,8.364254,1.2864056,0.49915314,-5.143009,-4.2209177
2506,train_images/e594c19e2e1d.png,6770b444e91a11001be278db875aab7d3dfb9fcaf84f82ad8032d834652f1176,2506,0,0,7.1782455,2.0971012,-1.5657349,-4.1041374,-2.999648
2508,train_images/1632c4311fc9.png,3bac7a949ac4807094cf5900b2355bb15ffa3c40fa8b97291c271ccf2cc4e383,1468,2,2,-8.745094,1.4050465,5.814846,1.8163757,0.27866936
2515,train_images/e0863b353093.png,6b4e71c1b56c1afa5e1098ada4c9c80b20a9a504dd2ce7b9f39b3619f256acc8,2515,2,2,-9.189388,0.38906288,5.2607174,0.68523407,3.4081898
2516,train_images/6028a575dc27.png,bf7d1e601f87eaa4271d662d78c18319f8b30b226a304eb71ae9d62b248290b1,2516,1,1,-0.44508362,2.9895763,1.6183243,-3.091999,-0.34410477
2519,train_images/c261b1aaa828.png,66de3f0c097c9795e4a2e32471075889298c569e1648fd3724c647ce3060f7c5,2519,2,1,-7.1941147,4.9985943,2.496914,-1.1798401,1.4783268
2533,train_images/c5b58cc992af.png,bab4631cf67174a86e73b9617f873a6c769efcb0991eb00ca9c281da72e77f9e,2533,0,0,8.997768,2.3243694,-2.6044464,-3.2209892,-4.8091555
2538,train_images/8c0d05233238.png,a582a8c375bbde60029bee0ae6b0511add03997aff334744296bd03d09f554f4,2538,3,2,-9.18935,-1.3057213,3.8732815,3.5569153,3.5783005
2543,train_images/c013e869acce.png,9c6d3990012804b205d6afa0840342d44a0f650d1bba78209bec57297b06f056,2543,0,0,8.618332,-0.15324783,-2.3036041,-0.93209076,-4.5901003
2548,train_images/9e2058917304.png,4b8a59b71b8d087b0f450613540c8c30504d715c3a78948ad42eeef8eacb4064,2548,0,0,4.814411,2.2707863,-0.60912323,-4.231861,-1.6560583
2550,train_images/1d74c4713e21.png,cb09ba42819479c358ef89bd8a3b8e37dd43a21d8b847f9840771d57020c1e29,2550,0,0,8.822899,1.9622345,-3.571148,-2.2774963,-4.2608433
2554,train_images/f952ad2e4356.png,c18ed220230d668a72fc008b079e713ec8a4348293eeeea6eb9269e31dd82237,2554,0,0,6.8969154,1.2798042,-1.2368431,-2.7745934,-3.5105162
2560,train_images/1d11794057ff.png,875b9cc2c34842670cf0fba00fe619af47cb2d04019e4a78249914e47594b6c6,2560,1,0,1.9044838,1.2947674,1.2912979,-3.935936,0.12669563
2565,train_images/03b373718013.png,77063493ed4f060decab93ef02d5b3696744a55717b099541e1bc8ba2cde8584,2565,0,0,6.71727,3.8953857,-1.4026413,-5.0594063,-3.5573196
2568,train_images/08c60c647673.png,8e3cd290bbd4a3a1995cf21296dd845fc04f948e308c8640a1f5b9f135bd5bb5,2568,0,0,4.89769,3.1367931,0.8446846,-6.8715096,-1.2434168
2575,train_images/0d744aed4d64.png,4fedeff5c27d080183e6f26c71c10323f1a576cdeddd8f5c65ada2ca6dff51b6,2575,0,0,7.6355515,2.186325,-1.5711517,-5.43029,-2.2404194
2579,train_images/1002b5151b8e.png,dfd92f6d50b81335e9c38377e5fe08d5da7bc1efca9e30e2095f6c5d934776e8,2579,0,0,9.367222,3.091587,-2.0621986,-4.237015,-5.4896917
2587,train_images/1633f8291a80.png,5a8c7d296f976e9f53bb045bcd06dd2dbabc22a89597771f8730e119f38fcd0f,2587,0,0,6.570408,2.8394508,-1.1515999,-3.1851387,-4.445259
2590,train_images/186c1835eec5.png,6a89b1b6bf7846e331c42106e418383787b59742192a5a4ea3b9efb927b772db,2590,0,0,8.397991,3.504921,-2.3570747,-5.009327,-3.949069
2596,train_images/1ec95179cdfe.png,6756f56eb7e283ac8f88c78f1beb36223f7a232fac4c5cd6b8208aba984c252b,2596,0,0,8.139412,2.3209991,-1.6793747,-4.3817825,-3.618351
2599,train_images/20f86e068276.png,1c9d3821510aec59a3aee72f7cfa1216b3ae3bf94add4d5a2351e1a4f37b5f0b,2599,0,0,8.845234,-0.68896484,-0.563591,-3.6958084,-3.1204376
2604,train_images/260a455692b5.png,8e484b9bace2c092714ddfb727af9a88146346b93b97bf9a36284671f3cca40d,2604,0,0,6.0548744,-1.2742233,-2.2621841,0.6610756,-2.5378113
2615,train_images/3178559fbf57.png,7eb71f4df84a445098d12840fd16f3990e83ef999cb106458e02b0083cd2748b,2615,0,0,7.838131,2.9830513,-1.4564781,-7.737671,-0.9980211
2619,train_images/351e842842a2.png,f13c99202dba356a0c50344a39b7c0357e98fedf969c3ac5bf55196c9d5e2515,2619,0,0,9.81303,1.0773716,-0.057300568,-3.9598045,-6.064376
2624,train_images/3c326543fff6.png,02232c4c8d8edc51aa5d93e5c9fc71bb4f9a75bd9e9f1814e4b90c60bd3da912,2624,0,0,9.181938,1.2400551,-1.9976425,-1.4649239,-6.2993793
2628,train_images/401fdfd0db07.png,d9284b57929e9b2bad38a3d6b995e04fb6158c008b9b591a1f4fce8090770f84,2628,0,0,5.8874435,0.88233376,-0.018688202,-4.7108803,-1.4492378
2635,train_images/4403538fb50f.png,cc3cbe43330123a17e5e6af5b4fd3d78fcf9c3798a6c96c76f8d6a8b01d247c1,2635,0,0,6.4860954,4.355213,0.55166626,-7.412674,-3.390191
2639,train_images/48a45619d1a3.png,42cfad4d7e1e2d8657c748ec069ea38208ec1d7dfbef2d1272d57a2ba98d8ed4,2639,0,0,7.334553,2.567522,-1.4831429,-3.5160408,-4.263212
2642,train_images/4b237b958555.png,a72456e3a6aefe2310e9ca65f7f341b86ea2469194f18d31f466e3079014d742,2642,0,0,3.6773987,3.2086926,0.5659485,-4.884941,-2.0195484
2649,train_images/4dd7b322f342.png,1cf62edd6f2339556da3f0267399a73de367483bf53b18ee3d83ac6df3392612,2649,0,0,3.1616287,-0.25909805,0.610466,-3.3768425,0.5753088
2654,train_images/53273d664cd8.png,6557c71525b01f54fb0f194805cebe27889ff6136704517ebceae3f4b2e884f2,2654,0,0,7.8562737,3.0925407,-0.74718094,-6.089531,-3.522314
2658,train_images/568455854a11.png,285cd4109374d36b0bbfd67d6f8e4384cf50d293a20197e372f5359fc1ffe0d6,2658,0,0,8.337315,1.281147,-2.0415344,-3.288826,-3.6218863
2664,train_images/5c85d22bd0de.png,8b19bf39d57869002a28be21f5e650b7ca3cb6d794eeee7b53c42014fba6b131,2664,0,0,3.8560753,2.0236492,0.04246521,-3.331314,-2.0103226
2669,train_images/6110ecb3bb1c.png,e27d28e322749a5e6d6e28d90924933facc153c8bf676d216568df2d44b74e58,2669,0,0,6.8668137,2.2905178,-0.07326126,-5.9329643,-2.5826874
2673,train_images/66460ecab347.png,2ec954da18338c645be85140fe9bdb6284ef08c384c3d41f47ad3dfaff485a16,2673,0,0,8.456497,1.1091232,-2.5608253,-3.950512,-2.402563
2675,train_images/691eeb59b4cb.png,e2d5ee6fac6092f1e0b09cebf0ed5d4f660c5d3bad7a5ee1752ee7b2cc18ea4b,2675,0,0,8.634838,3.598135,-1.6939926,-5.772728,-4.157278
2677,train_images/6b664ed2a938.png,b9607aebe4cc3b3c55a7388db466564bd10493353709ec810da9e0e2d5788d4c,2677,0,0,6.3050766,-1.0445805,-1.8571739,-0.995903,-1.7811022
2686,train_images/75369248dba0.png,f99412487cab5f0eb56814937f8fc99f171409815fd575965b54c821133b9d3c,2686,0,0,6.693451,2.2543736,0.3360443,-6.113781,-2.585352
2694,train_images/7ccf9d25dc48.png,aa45289833237a549ca794402632449aa9d12728304369eca3271e2c3cd3038c,2694,0,0,5.690876,1.4767475,-1.3221207,-3.837757,-1.4203682
2697,train_images/7e9081e95bf6.png,65fe78a1cf492becbbba72837ea0af37656044aedc59a39d07b5caf70a213fc2,2697,0,0,5.974228,1.6937256,-0.36928177,-4.9645233,-1.7341805
2699,train_images/80f6b30ece8c.png,fbb85e6cc56570d9ad163d9939f6c0817f400fc8dff9ad910a79e9e0645ae8c3,2699,0,0,7.524864,-2.4479218,-2.3379478,-1.9024963,-0.18587112
2705,train_images/8650d32f4a9e.png,52b170a5d199e74d22c4150adeea8b6d0daf29f22422e5c1b7f136b81a4ac879,2705,0,0,8.748455,3.411007,-3.3682938,-3.196537,-4.9368706
2711,train_images/8b079e79035f.png,e3c0cbd569879123d9fc729d9bcadff8438b1ebbe8deaf7222426bafed69caed,2711,0,0,6.845772,2.3960762,-0.6622925,-6.254505,-1.6940899
2715,train_images/8f06ca4642bd.png,448668081ac1891cf3c8b5b6a88bae5b37b31d4bd6e36eee36645c8417f67a26,2715,0,0,9.683315,-0.2725544,-2.0112267,-3.1654243,-3.5633945
2721,train_images/97fdee242fea.png,3f5f7d56cf27f15f8862f0529575a5a3a183acf64c37fc32c854c2ae730bcdaa,2721,0,0,2.6116905,0.294775,0.84035873,-2.7618446,-0.24769783
2728,train_images/a0b7ad98df57.png,e934b49c17c7e82308e5bb66ca9624f30415a9e4594a8ba73e4e8819b7118bf6,2728,0,0,6.9007645,3.2808666,-0.658371,-6.931736,-1.97647
2732,train_images/a2811f512c1c.png,c09322233092232430ad300f6e871a46d5ad5f127d2f185b302e315b20c67c2e,2732,0,0,6.8257065,0.7007637,-0.95363235,-1.9996338,-3.9590282
2735,train_images/a4ee03ecff60.png,012fcab62bd623d6bb0169fa48d5e44c0892b468946fcc9ecdc27218872ca28f,2735,0,0,6.853836,0.5398369,0.15382385,-6.691658,-0.26159573
2742,train_images/a95d9d61ddd4.png,5ce2b9ceff5d7ce64f96710a85e0ac9620d629ddd28a255e071a31569619469f,2742,0,0,6.907547,2.223154,-0.30217743,-6.391308,-1.7941351
2745,train_images/ab03d50bba2f.png,6241b255eb820375a035fe6fdca11d2676829dcdb9b51b51df1fd3f756e7fc38,2745,0,0,6.5182953,0.64513016,-1.4598389,-2.6546593,-2.3727245
2747,train_images/ab686895533e.png,d4f1f2e88157a53f862c6ad26a82fdca0f3772b332a4e63b19ea4e7f87c3b670,2747,0,0,6.0961914,0.4023037,0.30728912,-4.9146347,-1.3384953
2756,train_images/b5bf7b84fc66.png,8fd57c7e7884d881f2d01fc6378140d30c1395b9ac0715f9d3b013827e097f64,2756,0,0,5.8765526,3.4927769,-1.7821503,-4.7842407,-2.189911
2757,train_images/b5e6ae31493c.png,1a36ee2cd30ad881f1e81cb9a964f2024390c736b1f51ae4f42d4ada9db4d54c,2757,0,0,7.954838,1.1563225,-0.40028763,-6.435974,-1.6682663
2758,train_images/b8dab47a260e.png,7684b479770aca495ede95decd33772a4f1fd445124e2e65bcbd24cc00670c9a,2758,0,0,7.789036,3.2525349,-0.5371933,-5.75066,-4.1720667
2763,train_images/be521870a0ea.png,f48ed62aa8c0823844139fc769464e9f3f96cb26795d54ef13661e9fa36390fe,2763,0,0,5.602684,1.3158379,-0.98349,-2.4330368,-2.7619438
2770,train_images/c2f3281cf528.png,96c4f8e47c65791447ef6b5f2b96a9906eadcf417c05b3cc53bd94391512bb38,2770,0,0,7.0417786,3.1133308,-2.0499496,-5.8193283,-1.6739902
2776,train_images/c5a0e84e955d.png,a113ae233dbc4cf6ee302e00d99e274a1348bed0056cd97e9c3a9678fd48cc5e,2776,0,0,7.7582245,-0.38588715,-2.4049454,-1.5641327,-2.7491732
2783,train_images/cd563556cb57.png,d2e9bf7c5e2701313e30a6ff8387c4162e0c07f2a575a0d7cf481d88d0c9d73d,2783,0,0,6.4246864,1.6534557,0.720459,-2.7962685,-5.283352
2784,train_images/cfb17a7cc8d4.png,95a445fbd9322138aecf8b72db0a48a37dbdfb3170a1d4a5e4599bd7b85c7fb9,2784,0,0,5.3967323,2.1179924,-0.6523056,-1.8732948,-4.3785925
2789,train_images/d667af5742f6.png,d67d8c0197ba6ea97d085bf0d3c223398d100fb5c4995ea3a03228d4e28f75c4,2789,0,0,4.59499,2.4630032,0.26496124,-5.3586044,-1.4188728
2792,train_images/d7e5fe5245e0.png,31b08868955755cbae36dc6bc550617e272cbabc444f1fd092799ca3fc3111e3,2792,0,1,-1.6588593,6.1202164,0.6556778,-4.074852,-0.35522842
2796,train_images/da9574d35b82.png,a2349806e4ae5ad6e3e62a8ed3f37bbc2ffd50bc7f0c38fb164113b064c964a7,2796,0,0,7.4483757,3.0104942,-1.5406151,-5.753994,-2.3924465
2798,train_images/de18071c36e6.png,2efff097b267474f93861113d71fd78bc206800ee548024db1d8fee22ce75f5c,2798,0,0,7.83659,1.6699066,-0.93545914,-2.4460678,-5.4797983
2806,train_images/e529c5757d64.png,bb4ae78ae7e054575f67b91e35f3248532dcd6c64337e355ecc1dd8276f2f5f8,2806,0,0,8.767372,2.2382202,-2.144062,-4.6667023,-3.5144682
2807,train_images/e632e38fd2d4.png,e110bf9bae7f26d1c99d9827b7bf2e61350b0d3e43c5b7eda08e235e285427f0,2807,0,0,5.770527,-0.28110123,-0.7275505,-3.5488129,-0.52214336
2813,train_images/e9f3c85a2a02.png,c1639eb0deac9fe9732abf1bf5be46826186a81a28c968c2dc139f9c1b48de81,2813,0,0,7.994011,2.201748,-1.4141006,-4.8939514,-3.2988043
2825,train_images/f8d62557ad0c.png,441d159cbbc931743d3c874e96bf923816808920343dcd33e12dfe7755f885d5,2825,0,0,5.5232887,0.94433975,1.8208923,-5.2258987,-2.3128195
2826,train_images/f994a3b07935.png,7290825249ef78aa58f4607346db4a1114169580ffd6adc502afda3a60ea3553,2826,0,0,6.504822,3.3097095,-1.6103706,-5.722492,-1.8850441
2834,train_images/086d41d17da8.png,0dbc89c5ac902ea1bb6999cbfe846dac0993e5535dc2ded701674d99f0507fc8,2834,1,1,-0.8838577,4.607115,3.0580502,-3.2459412,-2.905654
2836,train_images/101b9ebfc720.png,9b329ff048205ab48bf0b1c21ab9cd4e245ec75aa33066c8205dece0b2dcccc6,2836,1,1,-0.6087036,5.781826,1.5450592,-4.164051,-1.8470688
2845,train_images/2a08ed6bbcbc.png,37b3448cd6355788fb12cb2c692336777b57d98c7f062aff43ec7ae20d4f248d,2845,1,1,-5.196163,5.0364246,2.5284042,-2.5389442,0.8217907
2851,train_images/4da2961e62fe.png,99400ad7d86d70d264537a999a784aa645cdab8005f72ce2a09f5101f8192564,2851,1,1,-1.2370529,5.880623,-0.35046768,-4.097706,0.50472546
2866,train_images/8273fdb4405e.png,82049e057dc9b75004f929fad707f343af97c14e1866008b4e4a7c81120ce090,2866,1,1,-1.9082413,5.7169304,2.3090057,-2.9456406,-2.4394503
2867,train_images/8a25a080f28f.png,814cd160ad8823ee1a18aeb1357db840786f8c310b7f684a695cbeab61c6aa43,2867,1,2,-7.970379,-0.7003021,4.765648,1.3041687,3.1199284
2868,train_images/8dc22e65c06f.png,8431ec7d5e864a6cbc72f080f732fa25cd2d0df4c83378f00fc88c26cd6d513d,2868,1,1,3.3848763,5.0590305,1.0984077,-6.2063293,-2.6156158
2881,train_images/db4ed1e07aa3.png,fd0a65669f496c50bf9e8f4a05ef85c92a9ba461ff4fdda480b7131edd980916,2881,1,1,-1.8554535,5.319824,-0.9907074,-3.727539,1.9669456
2886,train_images/f55e1d2a19e4.png,68ea5410c5e1db6ef00a686542339af36044c177c86c4f06e696ab45f3b413be,2886,1,2,-9.590168,3.1583061,5.7447376,-0.028007507,1.2365532
2889,train_images/04a6fc58dabc.png,ba610ce1a881c1853326316df99bb59249d2bd9fd22e9764c129b78ae05cd5c0,2889,2,2,-8.322647,2.6459637,4.402197,1.1065063,0.7590246
2896,train_images/1177d583c807.png,78dd040877aa17a48c28223e33b49846a7ba6b083b0b4551ef96b7dd7dcbcd13,2896,2,2,-7.6107483,3.6057663,5.250868,0.20253372,-0.8225498
2897,train_images/1438288bb2e1.png,f99d1f17894f72612279ed568301925506056870f883ea53cbd84ac2b0709792,2897,2,1,-4.3851166,3.6020908,2.7035599,-1.7061462,0.43180847
2899,train_images/1c5e6cdc7ee1.png,176149b4ad4e93374a8c914895a12aec5180b6e0b58328127a8ae92d22047892,1145,2,2,-6.6109962,1.0909462,4.9592705,-0.34453964,1.4559555
2904,train_images/2241b7e90782.png,a88cd901e88c592a82864bd9b29981105f7ea16b946b8819b4929b5fc45200c2,2904,2,2,-5.7698936,-0.51054573,3.406353,2.2724075,1.2086563
2910,train_images/28f93cad89c5.png,002a8b30e8313f8742af31ce33425ff6daab9edd31eec49364f91885686459bd,2910,2,2,-9.23074,1.3516464,5.437849,-0.1522522,3.1758041
2918,train_images/4289af3afbd2.png,65fc38a4a7ca740acf49a3f5a5fb353a21aad45ee78e01c621b17377e1dac2ba,2918,2,2,-9.204842,-0.30036354,5.1078377,3.6613579,1.2270947
2923,train_images/48afe8c47454.png,3180da9168eceab0070e202792dd82390c90cd1967d3c69bad5b8a9e534594d1,2923,2,2,-12.321423,0.43249893,5.2580223,4.593811,2.5177135
2927,train_images/5152bf091152.png,fd5484e1653eac1d56a72f79f9248179e60e4c9293b65afedff295b8817222a2,2927,2,2,-4.735428,2.5103893,3.5940514,-2.5641747,1.8242226
2928,train_images/51cfeccaf40d.png,1f39a6eb3f252f944cc931c9a1af2341e874107ed270320c097b6d424f04cd7f,2928,2,2,-5.414486,-0.15170288,4.094263,0.11607742,1.9580936
2935,train_images/59f3f70abddd.png,841ec574377ec8c07cf186af0b77da97c02d0aea56c71b0e9d86cdec750ad065,2935,2,2,-2.6285286,2.3817043,3.4155846,-4.1679344,1.6464272
2938,train_images/5d024177e214.png,52ba702df1329bd4dc8c0b94c51eb46860a3ac6e7543480d4336f2f61b0d6cff,2938,2,2,-8.931118,3.6564064,4.8641663,-1.5493393,2.5063343
2944,train_images/663a923d5398.png,f492fee29ea971b219db93dd246b09a80c4c47e61cfaa41a6e5763f7296caa21,2944,2,2,-2.3198662,1.6831951,2.902687,-1.1220093,-0.39351082
2948,train_images/7455e2b5fc57.png,78da0c300462e3d48de161582971e23cbdfd8a19c3082e6fe32826d438e9356b,2948,2,2,-13.342495,1.1974907,5.7479744,4.3259583,2.5068703
2951,train_images/7877be80901c.png,5a379ff8279af2a2c430db3976a33dca04a9c3e9b763cbb5a1350c43c8657449,2060,2,2,-10.811859,1.0047016,4.0217495,3.4409485,2.833746
2957,train_images/8000a6b97a84.png,8bb6439d5d50bd1784f891860dac6fc3cbd7bb748c150f8ce98fc26d2c52528b,2957,2,2,-11.227486,0.58181,5.8019238,3.5988197,1.7666149
2963,train_images/876e1dd12d38.png,18cf1c7ef046ff56a2d6bc6dce0cffaee97710af01f24ebf4eb08648393a4ea2,2963,2,2,-3.882286,1.5548401,5.635088,-1.9044724,-0.9251175
2964,train_images/879744b9dc65.png,30c4f39f607d823f550dcf73503ac615f18daa307f1c0337e8c3319788e31002,2964,2,3,-6.7065277,-1.4793987,3.4270554,4.9717903,0.3500824
2973,train_images/94a67ec0714f.png,2e25958bcf5a14e210e56ea559363b2b7ae99bd5361be943d9cfa0630306ace3,2973,2,4,-10.369881,0.53720474,2.668785,3.8490257,3.9491768
2979,train_images/9df31421cdd2.png,b17567e40bff754a683787893bc97434da99cd5ffb6e9ada84e62bdcc9be9163,2979,2,2,-6.867737,-1.0156307,6.1776943,1.122551,1.1151104
2985,train_images/a15652b22ab8.png,57d8daf10020a08edc358bea7606ff87ee9bb161beb608daa81c9060c1f14dc4,544,2,2,-9.6069145,3.0295658,3.91712,1.4384651,1.8592014
2987,train_images/a721efb1e049.png,514e2cde8689faa9f686a990f0e6ea92fed28caa5dca391bd893e404d9dc33f3,2987,2,2,-10.024883,-0.67217445,6.3680534,3.9210815,0.92906857
2991,train_images/abf0f56c6f12.png,8262102e824a3276feeeaa269f1a070a39953dd0e498a38e9bd3cc6aedd94a61,2991,2,2,-3.849804,2.2257595,3.3509865,-2.2708435,1.2040291
2994,train_images/aef9016557ca.png,56686e47114fa1bb21b85063c09553f4153c76e766020a6a1e77b83ebb2208aa,2994,2,2,-4.516865,0.71027374,3.6943245,0.8350601,-0.08880997
3000,train_images/b91ef82e723a.png,0034a93aead4bd2b86b2db0017afab72c0abc6d0d5338ec2300eee7936b2af75,3000,2,3,-8.007637,-2.2816086,2.7519417,4.9066963,3.178194
3002,train_images/bcdc8db5423b.png,ee1c59e42bcdc90a564674b7e00d832125bdd198a90d94dae9bc6c8c108d1b08,3002,2,4,-6.974205,0.32845688,2.9588852,0.20914459,4.0958652
3007,train_images/c73c5f6ef664.png,ba51547005a4caf45afaee3d1ca393b199a9918035626de62b94ac915fbd1676,3007,2,2,-11.691299,0.202631,5.038887,2.1410866,4.841934
3010,train_images/cf0824f53dd9.png,7267c66ab0a6883d16ff5980ebdd56127730359b282d8b80fd0b1964b3ea3585,3010,2,2,-5.011261,4.299555,4.8131504,-3.648655,0.20357609
3015,train_images/d83d0695e215.png,bee8e754dd8ab2aae6f5e91ac55b0f3beb197e90dee9c94b5587b2683281c9e2,3015,2,2,-7.504429,1.2847462,4.314781,0.53697205,1.9565182
3017,train_images/d968a983d4d2.png,92be74b53ac9f57a5c1b0e8f90587dfa6492cce7dc19a032d7618cb97fd2b0b5,3017,2,2,-1.8455544,1.2320786,2.3292923,-0.6520653,-0.37325096
3026,train_images/e2856afe62c5.png,de5d918eaec75d53e0c2ff9c98c2ba10296f121ae516a9b86c5da6b45d096763,3026,2,2,-9.65638,1.5662632,4.4191666,2.1009178,2.1072807
3031,train_images/f80118bbda18.png,41d42f931ec2f9729e8ce481f54fbd252802fdd1de73d3d3a5eb12d8191651a3,3031,2,2,-6.1732216,3.9507656,4.137787,-0.9571724,-0.31279564
3033,train_images/f920ccd926db.png,ee1c59e42bcdc90a564674b7e00d832125bdd198a90d94dae9bc6c8c108d1b08,3002,2,4,-6.974205,0.32845688,2.9588852,0.20914459,4.0958652
3038,train_images/0edadb2aa127.png,463631a7c5aeed5d61f2fa8cf01c95aebf1aa14409647fe894171773cc84fbf1,3038,3,3,-14.682323,-2.404646,5.535614,7.0771294,4.924753
3042,train_images/383e72af1955.png,f927361e198284b4d57f9350e2a1b19176719dd12d15c3c357f15bea4dcfcd0a,3042,3,2,-11.105206,1.2512608,4.7746296,3.1408844,2.3833656
3050,train_images/90b8bf342032.png,25e488b9f490c37721be0ca62ec761341aab4c07a7919e555713d38d655ee316,3050,3,3,-14.617603,-1.5615807,4.7168083,6.798172,5.064049
3058,train_images/b960142a8de7.png,d8c8ebeba594b3b20bc43c46ad9f9fbb64daf7c15f17a2ff8eb9ff6e8c3b2533,3058,3,4,-7.5634193,-4.260721,-0.9156685,6.127884,7.0993366
3060,train_images/c3cd0200df79.png,8adf033b3bc421dc11856ffbd47d04cb2064a43499b24520e15d4a6252d9f70f,3060,3,3,-10.001438,-1.2686558,2.7462425,4.888405,4.1427116
3070,train_images/254052cf3e48.png,8e7d973324f9d01fc934f737fde5fb0c696cf54f7c3625750b5c57e6fee892f2,3070,4,4,-0.82120895,1.5803013,0.011787415,-3.6856537,3.6062927
3074,train_images/3ca637fddd56.png,7d1d879f980010e0b018cd8cce764ff79f54fc54323912de7e5950899e5a6478,710,4,2,-12.73893,-1.0011253,5.154768,4.5877304,4.4958363
3075,train_images/3f752fcccec0.png,37aad92bd924416d893758e028eda0ea5fff032e0480ffb7932c1bd745f40d35,3075,4,4,-10.1914215,0.54945755,0.7879448,3.2807465,6.1481895
3083,train_images/857230f64a2e.png,55201060a6e73e0539cfe704cc0644426ca88195fe3ef7adfd80c95603dd9e50,3083,4,3,-14.185314,-5.357435,4.8281174,7.6136436,7.570322
3088,train_images/a5c9a8c726b2.png,64c3bccd1c3a61d98a60d18c71ddd1202d5057fd7c0efb235594989a8adb0dac,3088,4,4,-7.3091583,-2.036213,3.4621887,1.4920502,4.786909
3093,train_images/b96b518596b3.png,dac95f95abf376924c1e19d7937d289d3017f04f90b8f7b2b5c19a4b95655dae,3093,4,2,-12.936283,-0.58784676,5.274948,4.2567253,4.4389915
3099,train_images/d659d7fd5ccf.png,86cfde1aaf7d908c9e75621879c164c71f5ed99bce746c852dda04b3dbfb0b55,3099,4,4,-10.112442,-0.048316956,3.4341335,0.47185516,6.8182335
3100,train_images/e037643244b7.png,c87eeeea3392ba1c66ff3df64cce02b2c05616d6591ed179f1ee7fdb362ad6c4,1072,4,4,-9.18602,1.3965225,2.9480171,0.7412033,4.630089
3107,train_images/fce93caa4758.png,d9b5662d37b6e11aa4d434f7b86fa320db50d5c6fae12f7e8ad73de1a560e81f,3107,4,1,-5.571308,4.748493,3.245037,-3.443615,1.6441231
3111,train_images/0232dfea7547.png,4aacfb4939e4c24efc3bd08530d1ec1d17d3c00143e937fc5633eaf2aac2a970,3111,0,0,8.201275,2.368328,-0.9866638,-5.0821724,-3.9159737
3115,train_images/08ee569d4721.png,de247ce2609e5136e0cdd352f932ba99c26059057a32559d7abf625c6aefcce7,3115,0,0,5.2512283,2.2669888,-0.53767014,-3.7793884,-2.6261597
3120,train_images/0e0003ddd8df.png,7a8b27168271eb202a0f7b7fd9e1195d5b22c95028309ab5455e985be72cc6d1,3120,0,0,6.408039,1.9793663,0.22626114,-6.589184,-1.4419546
3122,train_images/11d8e5eaee5b.png,f769b361f87300e0ede321b699e98ea6636d3d04f2f6357f5535b57e53c08858,3122,0,0,5.5522385,1.5412006,-0.17898178,-4.8968315,-1.4518356
3128,train_images/164cd5a3a6cd.png,8502bb39b1c9ad9f7081d7bb192eb152e995153509e553f1977dbc0e418d5ee9,3128,0,0,12.278873,0.5007591,-0.82406235,-8.514286,-2.6058693
3133,train_images/191cf5668f33.png,6feee5c47d8ad7f5b8d5daecd445b9b48f94604532287c38c9ab271931d0e5b1,3133,0,0,8.948399,0.17230034,-1.0263748,-4.172016,-3.3115025
3140,train_images/1eee55494271.png,e35f928d97a1a5584d4377ff55cc685f4e95756222e07dd686dfbf1836e66127,3140,0,0,9.029076,0.83128166,-2.7853432,-3.1685944,-3.2536306
3146,train_images/240b25a7debe.png,f95e4f9bcfb147e6465a04c7b6981956e771dd43ecfa5a729c74986ec5b6b5fb,3146,0,0,6.85252,3.8691845,-1.4915848,-3.9065247,-4.582198
3152,train_images/2c8101f14723.png,ed938ca48833d450514b96c10e54be458700e7969cd5886e0847bef9ea4b20f2,3152,0,0,7.562351,0.5347996,-1.7854233,-1.4009666,-4.2295027
3154,train_images/30db694bee42.png,05433daf11bbcebaa936603b133ea04d528f8373201ca4cd14cbd20ad27b5c81,3154,0,0,8.578438,0.7718735,-2.6167374,-2.0263367,-4.0463505
3162,train_images/34a7dbd3f05c.png,96d4a6f66db6227cb75d00f00f31cdb68381b1a7a3bc26f4e0329b12eafa35d1,3162,0,0,9.23436,-0.8577633,-0.4807396,-3.195835,-4.0944805
3166,train_images/3fe282197c1c.png,8f9d3b74b8a40ef957fc2741de75dbf700219ae4ad12321ce3339be7eaeab5ee,3166,0,0,8.150841,0.09659386,-1.7819977,-2.2211914,-3.573411
3168,train_images/4318b6adeb97.png,568f6ad88688bcb79aa5f636139acc2fddf9d2535433ca8474cab89c9183f39d,3168,0,0,5.1418495,1.3071041,-0.8730011,-0.6881752,-4.24572
3173,train_images/44a86263117b.png,3c17ca371313e179bb094234e093b3f7557252cd3854a6f4eda0c61431a54a28,3173,0,0,4.2105904,2.234686,-0.39956284,-2.6056786,-2.8759031
3180,train_images/493d99f030e2.png,48861cdadf31b0bdd5fc6e11ed45c6e30b5d1b123782a243e543aa81e8cda21d,3180,0,0,6.3406525,3.4957523,-1.0492935,-4.608139,-3.4249592
3184,train_images/4cddfc22b0ad.png,9152f12b9540d88ed2360aa4b53eb853c414d60f5ba6f04e64d00d2401b1ebda,3184,0,0,4.9763107,1.948925,0.7159958,-4.46476,-2.420618
3190,train_images/51a078d6d43a.png,b3e7f8d668e13981ec1762c963f8885511fda223150efa7cf0bc7a0e1a752b7a,3190,0,0,8.191048,1.9619789,-1.3620605,-5.1157684,-3.0589943
3191,train_images/51aa3361294c.png,12c9b8d32951dc98e6e32a69855b2688a73e354e42040f72d3b83f8f0a9e64ff,3191,0,0,5.9984703,2.2041073,-1.5624199,-3.6641197,-2.1923933
3195,train_images/54038e56131d.png,4cec355680dc45fa79a605eb3b26c5e43cacae12ec63aac4b1ecdd8bf8fdc13a,3195,0,0,8.928635,3.2592945,-1.6478271,-5.316963,-4.622181
3202,train_images/5f4a8c074bd5.png,4bb284f7858e6ed1f8e4485af8867b9d08203cd38e28ee54c40d7d989daacd2c,3202,0,0,7.91177,1.9554901,-0.37080765,-5.125801,-3.7718477
3203,train_images/60aa4e649abf.png,e39b1a15712bbf4bd50c07c2febf209db8d7d3f12bbb2b078329c523e8afaf6b,3203,0,0,5.506439,1.8119183,-0.48407745,-3.5155525,-2.5554495
3212,train_images/6e092caa065f.png,c030066d0fba67eb4bc76efdcf9016b4acc5d00f9ad6f509816db52c03aa07bf,3212,0,0,6.9973984,1.531786,-1.2434502,-4.1702347,-2.5344734
3218,train_images/737ef6226677.png,7faab28af108542d2345b7a2fff14614fabec34af74aa3170817ad226fb85531,3218,0,0,9.100151,3.7743263,-1.3563347,-7.39653,-3.5010414
3225,train_images/79ade634c633.png,92ec236c8ab9c15fa89b1941c8ce611a1de900e070b6671a592c1e40b4cf567f,3225,0,0,7.043293,2.8648682,-2.1050148,-3.3093414,-3.8591747
3230,train_images/80e6e425f966.png,b4453c61c7d77d176575f6f1f7a317a8f822ace402a1b41d075151d4e2a6deb7,3230,0,0,7.00515,1.571455,-1.0966568,-2.869545,-4.0087214
3235,train_images/881ec6186e68.png,4087fad1d50187a8fa4b78f62c00a4799f957b11bac9a9baef17b220eefd85ce,3235,0,0,8.775791,3.451004,-0.36816025,-7.575012,-3.6516848
3236,train_images/88e4399d207c.png,f1441a207390d3b03e4e7e4539f952c8b84f64db034d4c30eb5e4879d79083f4,3236,0,0,8.054092,3.147419,-0.69016266,-6.4751244,-3.449768
3238,train_images/895fe2bfc5b6.png,bb9732522190790e75a4796dfeae8d171342eac56cb2702aef5f30e8d46ff8e4,3238,0,0,6.661957,1.3771248,-1.5572624,-1.1267242,-4.6991453
3242,train_images/8e2a3978c244.png,b159a4f24f2f9ba313f18c6eae09f39221b9b9f0261ea97deb0490da2a12f831,3242,0,0,6.3452644,3.6281223,0.09114075,-5.8837852,-3.617775
3250,train_images/9858cc2ae073.png,9016d00a6b93f942b1e7066856cf4d6932f0cf567ef773d58a980604a09f8b74,3250,0,0,6.847122,-1.1736946,-1.143631,-1.0949287,-2.7914963
3258,train_images/a07efb1ecfc0.png,fc90e55b47bd780d8d33d82d17b967f5132d35df3d8057a5d67e7cbb1b5a12a4,3258,0,0,8.390633,0.778965,-1.4538422,-4.156925,-2.9113379
3260,train_images/a0fd94e2ad76.png,d135d6531f4666e13ea320c2c602a6a688ac308f865e63bd3a7531d73d81b06c,3260,0,0,8.629971,2.730484,-1.353199,-6.207058,-3.1957502
3265,train_images/a53d6d2472a6.png,1746e701fbb00739668ce642eedb55d9fb4f650598d8904487a860ff4f2e7884,3265,0,0,7.514168,0.95983505,-0.7821388,-3.644436,-3.4377966
3266,train_images/a5bb85afc6e8.png,e0fd0dec8c386b5827e49dd7da94984357309c8f38fc5d00c793a92be5caeb06,3266,0,0,7.289688,2.9502163,0.018585205,-4.9863358,-4.667259
3274,train_images/ad1aa75d5630.png,6db5dec4f57a83c0f1830e6f238fa31f17e67894bea7e274932aa313abc5b9f4,3274,0,0,8.318523,0.83929634,-1.1406555,-3.229824,-4.136469
3284,train_images/b549af91bd30.png,344f3473386e5bdf27301d3b48bae168fc05bc2fe619ef6c95df292c8173174a,3284,0,0,5.9560165,0.8426361,-0.368721,-3.0121613,-2.8082085
3290,train_images/b92eacd1392a.png,f0e4c65ee574cc3156c9fe4f79dd0f0a52aa410f2e2bbd946bb07a61f9a92160,3290,0,0,8.407238,2.7791004,-1.0221176,-5.890663,-3.7083187
3292,train_images/ba2ea9182090.png,111c33230b9e7c563e3154d8f44ca5f5fb14faee04eccb365913624ae3afc181,3292,0,0,6.603279,2.2358646,-0.8078041,-3.9720345,-3.4300556
3294,train_images/bab776139279.png,0e1dd6c83281c80d453d0fa9409fd93d31304d50aac3b8bbbcc629512c0177fe,3294,0,0,6.6590767,-0.78964806,-1.9553337,-1.173626,-2.093604
3301,train_images/c38dec54a9f7.png,588383b4d8ce0e473c3f7d4ecc04b20e40d1897f6e8f2d9803c4faf5514f553a,3301,0,0,4.802002,0.3213787,-0.6345978,-2.532074,-1.3550863
3308,train_images/c9e697117f3f.png,19aa0e22dee1731c20ddf93d37712213b21666a4486b2adb07d37f0909d9dba7,3308,0,0,8.373917,3.1133232,-1.4001465,-5.7364693,-3.7647839
3314,train_images/d02b79fc3200.png,fc6aa0efd42b27d10d72cc0bb8308479a65e97b31c7239d8c2c89c5915151d9b,3314,0,0,7.786045,2.0433064,0.2594986,-5.432659,-4.058752
3317,train_images/d2dc86021c67.png,5bbb3f694016dfea70d5939eee520ab2eeec9b5648c433e7ec6540c8a3039146,3317,0,0,6.512306,3.6282177,-0.1557045,-7.757515,-1.6569214
3318,train_images/d332d7b8a26e.png,208b86599ebeaa38d9570b667f1eb014f2c05bb0a882b8eb9ec5ed5598f9bc83,3318,0,0,7.5327377,3.149685,-0.6154251,-7.1219635,-2.3658848
3326,train_images/d93b61dc8f64.png,cdf575451deb62d61bf963083b5b2fa3fa8113e77dfa1360dd5aa5a7b70d7321,3326,0,0,6.8414116,-3.5790405,0.44948578,-2.5051422,-0.5098648
3334,train_images/dec5595e6154.png,3b8404401a40cd20d86610e0ea33f8ed3887d7bceb893de2bd775a6a57542660,3334,0,0,7.994545,3.1464653,-0.1071167,-6.8751297,-3.5755424
3336,train_images/df0886f1e76b.png,ab2fea837a1b519345bac844a855175c39eb3fab139b5d1b9e25e3fd9de321d9,3336,0,0,6.8968124,1.606863,-2.4518929,-0.8612251,-4.5630198
3345,train_images/e68bdd36e589.png,a545eeb4d5d33429aea6e93cf22aa1ba6662d227f4699a504e6a0eb586585ac2,3345,0,0,5.3620186,2.1153507,-0.12781143,-3.9712715,-2.657895
3350,train_images/eb050765b323.png,c046310cf0bcb8dc32d1ec676e425fa0575fe948c38bc440b7bac718727b3575,3350,0,0,7.1703224,2.7364979,-0.5254173,-5.4578857,-3.3277626
3355,train_images/ef48780f5d5f.png,643d095ce0fa09e106710bb086e51d9569fda990118f83df841a080f39044649,3355,0,0,8.978504,3.0398293,-1.3927727,-4.821453,-5.2111607
3357,train_images/f0860c21533b.png,193bbf14cc87e9dc9f842790efc99539dfcee8c463c2b741301aed5f1de53e22,3357,0,0,5.4556007,1.8972664,-0.6806221,-5.73394,-0.19016838
3359,train_images/f298b7d05958.png,6f3230dfc5e4cf0b03637af48ed9917498b07527cbc33725a9ec3fd3b47d18a7,3359,0,0,5.866848,2.1708584,-0.52188873,-4.4182205,-2.514883
3370,train_images/fc8fce67fbf8.png,268ddd86bee16d7ff7bbe4f9be3cf266fd8ab0608b205ccdd2ebee1ee45883ac,3370,0,0,6.179989,-2.702547,-0.105659485,-2.0695572,-0.6812477
3378,train_images/ff4955e76894.png,dced3f7ecda88a835351c70f8fc1d5758ba16aa1207cc436b26f7905bddf39fd,3378,0,0,6.304653,3.665825,-1.2624474,-5.7449684,-2.176569
3384,train_images/22a6da005395.png,ac39fb94d7b73f6b71dbd5d96865d2181cf653f1abdd0ffaf3534a8d36e00d81,3384,1,1,-1.5310555,3.6281204,1.208271,-1.3241043,-1.3401508
3388,train_images/35d6c4c50072.png,8502459ce6a945aa2a3b730f909278cef7f553fead150cc5c16f20c1094b5534,3388,1,2,-10.110897,4.530424,5.077158,0.09257507,1.0424318
3395,train_images/495255c7492f.png,c3fa54523aa5f52032d6204ba870d397a90077044cb63395aa3ac278eb0b5387,3395,1,1,-3.3900986,4.2016964,1.367115,-2.7849998,1.2627277
3401,train_images/53704c80f0d8.png,97ed0d0b26c66e50fc0bbb5cf1e5c2900f9334d2ef1fdc7eae4e77fdc7c688a3,3401,1,1,-4.4442368,4.784754,2.9803543,-3.0912628,0.36049557
3404,train_images/5efa24b03d5e.png,c7a85fb602a0d32269a0f74a2633f63304e7e6bf182eb4bc23290a1d58e8c7c7,3404,1,1,2.5019684,3.289421,-0.65522003,-1.6906967,-2.850192
3410,train_images/7b20210d9120.png,341e1fc22d108ffd3eafb96daf4adf4bded467286596eec0a2493ecbd042f6bd,3410,1,1,-7.091305,4.0397377,3.0460567,-1.2784195,1.8998852
3412,train_images/89ed6a0dd53f.png,6853c2f45e7a182ece812c2825bea574a19682e8d55f8a0386d0d9625bca26c0,3412,1,2,-6.353401,2.943018,4.199318,1.084404,-1.2714758
3419,train_images/a19ecd0a706e.png,284214c0ddcb433755d8402a694d8d8aae33de8a48730cce4663031433903fb6,3419,1,1,-3.638752,4.623251,3.7378273,-3.871357,-0.27049732
3424,train_images/b576c5269ad1.png,9c2108c7528b935e27b10d0cee2c55f2699ba27bac2e6fe131dc0117e0a5fec1,3424,1,1,1.2124519,5.763403,1.4972191,-5.2512436,-2.506627
3434,train_images/e2a233493b90.png,207e58797eaeb9a3f900fcc0f8581a57fe1020fcf1932116672126205fef3eed,3434,1,1,-0.9377289,6.6355534,2.7615051,-5.313339,-2.4784832
3436,train_images/06024377d573.png,d5ace70ac35bb85d05d04399ea5fb43063eff45e240cd4b2a6ad118a6daf3d88,3436,2,2,-14.11129,-0.37446785,6.6216774,5.023426,3.3183804
3439,train_images/0c2e2369dfff.png,4a79063efcc4b34a10ae728b9b8ed19effc52dd927f9ccb81b5146e9488c3bb5,3439,2,1,0.72091675,1.8017502,0.18903351,-3.5557404,1.5192928
3446,train_images/1594ca6c30d3.png,43c17fd725a523e5e3f80d960a3a7bd17d21fe4d39c47cf339b6d15d532c4993,3446,2,4,-14.41518,-1.410984,5.236828,4.116001,6.9254932
3451,train_images/1e4b3b823b95.png,f99c2f7a670b7bdc9c3ee1f20367e220ae217363208e9178291358ba2ab79f76,3451,2,4,-7.26733,-1.5351524,3.2295074,1.9597244,4.232069
3453,train_images/1f0e223b8055.png,a44a59ce6588d043cff0a7216f4003df94d5af769c7505bd0a203724e3601daa,3453,2,2,-12.614082,-0.0335598,6.1675224,4.3879547,2.5687904
3461,train_images/26e231747848.png,5ae31f1a7a2499890419d0c6e275368f4c36324686c64e58ff2b7b8319c36f75,505,2,2,-6.411167,2.2170067,4.7737846,-1.070549,1.060997
3468,train_images/308f7fce6f0d.png,e95dc24eb4f670ff245d76e171870d8bdd5ee76381d0c3786210fb5a914e3830,3468,2,2,-7.283615,0.5871773,6.0543594,0.1856308,1.0415545
3469,train_images/32a3eb37ff40.png,7e97718fab4e4fdf7f0f38bcdb4745f1a475150c2752afd36e5d124f61d2a531,3469,2,1,-10.604637,3.537735,2.9450378,1.3637733,3.2980137
3476,train_images/3e86335bc2fd.png,fce068e3b2fea80143b55a4f4253b3bb0ee887d1f84ba67ef2abb48420437e99,656,2,2,-7.873646,1.3967457,3.6244297,1.7151604,1.6799927
3478,train_images/42a67337fa8e.png,32c26131fedf06b3c40486c873da1645fce755cea0193afdbcfd6cfb1bd07ed0,3478,2,3,-5.1368446,-4.6849213,2.9457588,3.816002,3.6467934
3481,train_images/44f4ae58990e.png,22069b995aa283059c35168b159f3f23705dcc26b7a3527936e1bbb8ee15a877,3481,2,2,-8.787243,2.9881897,4.9502125,-0.22999573,1.6118793
3492,train_images/4f46d7ee61ed.png,6408248faf92d3d3b50e2c78f437f232b3eb30c849ecd74301b1f36cb08f3036,3492,2,3,-11.616444,-4.123253,4.006178,8.777061,3.3933315
3495,train_images/525acfea47e8.png,289018878ebd4d1c4a65bd3c5a2b113e1539b29cf94c2f0f910f0afdc567dbdf,3495,2,2,-11.087151,1.7428741,5.7409954,2.051834,2.1401272
3496,train_images/5265dc9acdf8.png,63b59e95e9863ab5d9baf8bdd9c365bbea4fd2ac255cc5874798b4597e356722,3496,2,2,-8.472202,2.5555077,3.9974022,-0.2553444,2.7261353
3505,train_images/6c2555a9cae4.png,50ac87d4c2202a6024c4d8e8af1d8b46e4950ee4f834525f314a8a8f74356f88,3505,2,1,-6.2831345,3.2930107,2.7733269,-0.36288834,1.2075577
3510,train_images/76e6a9238570.png,ea0522d928546f4845be2672d2e5157e17d87740efe0845f8efd55f4610fc036,3510,2,2,-8.428768,-0.4756298,4.3147926,2.371132,2.8070374
3517,train_images/82910bba4753.png,a18b52cf00b4cee57a6406b273b2b7638da665c4129595cee3022189338e4299,3517,2,4,-3.8801346,-3.2677965,1.4097366,1.5640869,4.67968
3525,train_images/917f76f360b6.png,4ade5faf5a8e277c3604f6a9061766097b69a6391297ea00b1016cb4f7675b93,3525,2,2,-10.658085,1.41712,4.841564,2.3569946,2.6280785
3537,train_images/9faad91b6578.png,a1cca9ac174c1ce4549c8dc63edd98430fa0280046b8487f45b4680738f15df4,3537,2,2,-5.3447266,-0.24443817,3.452034,2.7910652,-0.06350899
3543,train_images/a4359815f152.png,adac219bdb8f1fa2502b221db0ff24e7df9e7c026a76a52051062ad095c78b23,3543,2,2,-6.725174,0.9513397,4.686325,0.33919144,1.3120918
3545,train_images/a64273801bde.png,6040533c19b458a6c1f538d9a9cc64599b2c27b5a7850f4aa08539784c6faf4d,3545,2,3,-7.998539,-1.1864777,2.145752,3.8562355,3.6634312
3550,train_images/b746a6681ba9.png,aedddc1008d3f821528643cddc9785ae679dcf3ecd2a83ed47c5364b5fbd76ce,3550,2,2,-8.735329,3.1290398,4.8016205,-0.43193817,1.8153667
3556,train_images/c5431b81cbc9.png,b37c827cb787b92215b2a7af1d069c398d3b39938320cb9c5a272361d708bb4a,3556,2,2,-10.54821,0.2596016,5.0425606,3.8531113,1.9309502
3559,train_images/cd4e7f9fa1a9.png,085e34d28dda6b7a5a465ed95d8ec85304961699b69a4f9a7ed8b92bffda19b5,13,2,2,-8.473904,1.3230591,5.470497,0.8334999,1.3958092
3563,train_images/d6228d951958.png,84b1cafa1c7342bd1613efbf594384f8b12b22888365fdc5b685331046af9f27,3563,2,2,-8.94537,3.6306973,4.5582485,0.15377808,1.1441727
3568,train_images/dde43aa22ae6.png,f744ccc0fac79c22b5dc0ccba1cd8ed2a63cceaed4e5bf990304645414b4e3d5,3568,2,4,-9.684097,2.9780636,2.77993,1.307785,3.1790085
3569,train_images/de50dfa745f8.png,b0567de16835105730d68f4405036ece5912cefbd4b1b9ff5810cd3e8feb19b3,3569,2,2,-0.667202,-0.6789417,3.7345543,-1.4521103,-0.22881508
3577,train_images/e756495c11cb.png,08278559397750db9814c1ed722d99da0f676da8b034941f9afc7e4e99662827,3577,2,1,-6.8246384,3.935358,0.65527725,0.9237213,1.9304085
3582,train_images/f2ee81781411.png,6c2d329392faf62708e38fe95831baf27053c35b85659fc7c5bbe3614e519db8,3582,2,2,-5.1766434,1.932539,4.990942,-1.872139,0.6357298
3585,train_images/fcc55ae641ae.png,d045d1281e9db3aa4805c6db7c1f8f78de33b65c25d2d4cc3871e58aebba6e0a,3585,2,2,-9.437569,0.59376144,5.8247623,1.1379204,2.3651657
3594,train_images/4f0866b90c27.png,e23d6eba5a81e6163e8063c03068b4315fecd7c77967b74a45662d8fd69ee78f,3594,3,3,-7.3666954,0.1661148,1.8743591,4.222435,1.6102009
3598,train_images/80ca40196225.png,0ab002060a83d30f8f4ad72c6f59efedcfb244380ef5eea9e067125efe0c1770,3598,3,3,-11.455093,-1.4528484,5.209154,5.583145,2.632269
3603,train_images/9bf060db8376.png,4cef06bd08181d80dd09827729f791f0a6ba5aafb1c962b168325e4747fa9d03,276,3,2,-12.506065,0.12089157,6.231745,4.5874176,2.0921059
3604,train_images/a14bbd9a583e.png,9a57603f7e4c81f42e9b7acdd9064ee50e0038aefd0375a2e52fa6423f892b4e,3604,3,4,-5.725548,0.41385078,0.89754486,-0.38674164,5.4121513
3610,train_images/d16398c971e9.png,935405937e22b80c4b73b95afe6fae79cc8b9dbc86db99547fd9e73502d04b72,3610,3,3,-14.103222,-1.5344372,3.825634,8.430344,3.8502693
3616,train_images/f6f433f3306f.png,7bd68c65ca3e6f435813164e3d3681fa1092ebfdab64e3cdd9d5393c461e9034,3616,3,4,-10.488693,-5.2384024,4.641083,4.2115517,7.396826
3619,train_images/1638404f385c.png,8ea059e7be658eea6afce4bb6ebbc84d7ba8d64761d1159014b6e89da855ebb8,1861,4,2,-8.641861,-1.3360691,5.633875,3.143425,1.7093182
3622,train_images/2df07eb5779f.png,0034a93aead4bd2b86b2db0017afab72c0abc6d0d5338ec2300eee7936b2af75,3000,4,3,-8.007637,-2.2816086,2.7519417,4.9066963,3.178194
3623,train_images/312694ea8e6a.png,6db66c963e7961f8ffef3d5cd2166beab7851093e4ed6be32fc691e1d7a7cfd7,3623,4,3,-9.884293,-3.3014374,0.606575,7.1666985,5.874544
3629,train_images/61e301bd3c25.png,b77f0cc31545a2cddd400f8400e44b2eb1b5fd7ce94d93450266ead46f743e47,3629,4,2,-6.901211,1.0469246,5.597498,0.029071808,0.7863436
3634,train_images/6d259b5b4c76.png,7a7ad0e519092be9a8e873411fffe91c51db98848fe85eb84854d3edb72c947b,3634,4,4,-12.985386,-0.6643429,3.3464832,5.3469505,5.4357376
3636,train_images/72d98188648f.png,f540fa14be4db251adc657bd903a43b4e8e40d03fbb74c8820191e54d06fef53,3636,4,2,-7.487232,1.5134735,5.364786,-0.43696594,1.5869408
3640,train_images/7efc91af4ae6.png,41619e836c21a6328675320305e43fa3a57244adcfa80ada49bf92940d06c77a,3640,4,4,0.20442581,-2.4376736,0.6227875,-0.19791794,2.3899555
3645,train_images/9a496b1e20f9.png,09b7ddab180e7cea80331f8c77b454a2846382004c19e94d92323d358bd2d020,3645,4,4,-1.985775,-1.9676552,0.7737732,0.09794998,3.8430977
3650,train_images/bfefa7344e7d.png,aa6bcb0a2b27e2cb806eee7a39cd3de3a9af1ab8890b122547f3156fb2885708,271,4,4,-7.508007,-3.0554848,0.6844444,4.295456,6.0195312
3654,train_images/cb547e723a16.png,db4aa606bc77aad8a05b755c9405a6adae18ed6cf58284dfd471132e00c1bafe,3654,4,4,-5.4339714,-3.7414799,0.71974564,1.5310249,7.5309525
3658,train_images/df84e7113003.png,4160bf4f98820e3c8272e30990c59e6c06944a79069e56e74a529fdeedd7dcbf,3658,4,4,-9.442974,1.0192432,3.7488956,1.4604874,3.7635727
