pool_index,image,pixel_sha256,sensitivity_group,target,prediction,logit_0,logit_1,logit_2,logit_3,logit_4
0,train_images/e663c6627a95.png,da85fb2346601232e002fd8d292b32395ee82ac34c934467fd98079d41541181,0,2,2,-5.2019634,2.3858318,2.6121283,0.9594884,0.22038254
2,train_images/ee3f5cf52188.png,ebe65953f1d982e458e11dfa4c85bff316e09291b0deb62f6f5caabc47ccda55,2,0,0,5.4130383,0.6376972,-1.7075248,-1.5209236,-2.8724873
5,train_images/fcc6aa6755e6.png,b69cbec9f6650dbedd3a7b25d5ad967edfcdf9703339386b961add102c45fd45,5,3,3,-3.902195,-2.6802711,-0.5049734,3.9121842,3.577864
14,train_images/d803598dabda.png,714a5d9ad4586773f0bf6d01dface05c76e31b23f45177beaa3dcb92b4b50179,14,4,4,-5.6244087,-1.4584084,2.588572,2.2872577,2.964202
20,train_images/f451eee2b66b.png,5612000ca8235774433fbbba2a32024ea7e9267201662c7cc1a45a414a8a5859,20,0,0,4.6925945,1.7498951,-0.72609234,-3.018351,-2.8002388
25,train_images/39923b29988a.png,3f205d8479b92d28afa16895d295d1f4e61030cb879f1feb84dcf40d6d1ffc55,25,2,4,-3.8622837,-0.4211216,2.0709984,0.7152753,2.2052748
31,train_images/87a9f4d20f07.png,2455640ca2db1a0f91f96d825e4073be9c3cd8ed51c76227c33394b526e7ffea,31,0,0,4.183817,1.4848614,-1.1516695,-2.3780975,-2.1403608
36,train_images/2cdcc910778d.png,25f776d036c103e8cc68ae6b6d3519d2b3fe161547a2052f200b728a03dae445,36,0,0,5.554077,-0.03950119,-1.6672678,-1.6470723,-2.3272345
39,train_images/61a62b1dcc36.png,1095b5bbe14d17d31088198acfebe113286b254420495b9c07feac5217d17dcb,39,0,0,5.805969,-0.058740616,-1.464613,-2.0961504,-2.4598253
42,train_images/51cd8d2057fa.png,5fa3fa4aff9551d1b97ba3e0c941cf5ba05d3ecbe8b73eab52179b97ef53e794,42,0,0,4.414154,0.6214714,-0.6019974,-2.9381304,-1.42765
51,train_images/c639d837f5e4.png,e8e9c4a5048e6347251bb5404564b66173ad3ebfeb5cb37d9ced01f93e51f177,51,0,0,4.6372814,0.0333004,-1.28372,-1.1256509,-2.403118
52,train_images/9b418ce42c13.png,f17c8f21926442cbf2d1e5ba36b411aa3157dce0f90af3d8d8c5a0238264b06e,52,2,1,-2.1496792,1.7939873,1.4994354,-0.48201036,-0.4178925
62,train_images/2ecbc2e3f239.png,e81e2287157490abe42424912252e492978c29105ec9bd73947d6feb2230f7a5,62,1,1,-1.0464077,0.87364006,0.6795745,-0.19724321,-0.09092823
64,train_images/4c129470cec4.png,d6c5336b8aef49550270655ae4dc960226592c6a726ee42aa75930fad35e21bc,64,1,1,-1.6455383,4.613188,1.7465901,-2.0298371,-2.2575662
69,train_images/0f364b7d4384.png,2e21a8670884965e1e3bacc9104af186303222592b851b17618a22989243dc00,69,0,0,4.7621555,1.2496109,-1.9068074,-3.5032349,-0.78562236
73,train_images/c90c6b94cf40.png,931a2a5326cfebb4fd0392b7e5b338d28cfe0a36f0943428b3ad92ac9f545d08,73,0,0,3.2408562,-0.5614643,-0.60974693,-0.6780572,-1.310048
80,train_images/8bbd7835e9aa.png,b38811b00086fbf6efa61f9ba7b2baa98c9e088c951923fb71781cee22939c30,80,1,1,1.3078823,1.8556404,0.11485767,-3.3162818,0.2509497
85,train_images/8d13c46e7d75.png,d2f22fbe803ab44dbf5045d73ef7490a43bbeb36723a2dc5ce355819da011949,85,0,0,3.5852566,1.3897858,0.06123638,-2.6155562,-2.3574548
86,train_images/6e018411ba4a.png,82dfdbf559fe0798c189435496cda646099b2014bf140b6249754ca5da27d58e,86,0,0,4.443678,1.140562,-0.5415859,-2.8126035,-2.1808693
93,train_images/99132193eaa0.png,640978816d12c3e6595ed9be32b97832727a8759fa2f48fc8b74f853e399edf8,93,1,1,-4.475315,2.9152794,2.3300748,0.2898779,-0.26318893
102,train_images/19ef4d292196.png,cfbb8c4f2da7fffc1402c1337a40653fb359a802ff7247693f1b1ee97f995a42,102,4,4,-1.9532986,0.40348625,0.6710355,-1.3030543,2.6734838
109,train_images/82ac8463fadd.png,5cd9c940851950527b873269c74288a453526108bed68a4e83e78d6ee87a2fd4,109,1,0,2.8672447,1.5975418,-0.122386456,-2.3134656,-1.9722927
114,train_images/c568e5245ea5.png,9fa965ebbe7e24c3ab3d5161cfaa523b86640bf731735216b8b5e8e47b41215f,114,2,3,-5.0662823,-0.76018333,1.1657505,3.3211513,2.174561
115,train_images/1ee1eb7943db.png,b822a3249bf631d8cbbdbcc506f3dad105981b7e1ce72584839d313effa5b87a,115,2,2,-1.7316647,0.43341827,1.0732245,0.16754293,0.7538729
121,train_images/65a3b13ad9a0.png,8207261d295d7a5848488e47f12cc7f315ab839067c9fad1df6d70b8cf9d58f1,121,0,1,0.24700546,2.4564114,0.79928875,-1.8295374,-1.3891116
122,train_images/a188c60b93fb.png,e15ce84e56f689d4c981ffed1b5c17302e7065d50a8c74aa73557f4c7d9d4d2d,122,0,0,2.8617249,1.9621925,0.5916643,-2.9617276,-2.1288319
133,train_images/6cbc3dad809c.png,efd1d94c3d605f12df09ec10367edc50642dbda4333c4e929976c577e5f772ac,133,2,2,-3.0904083,1.7052231,2.7387028,0.044073105,-0.81457317
137,train_images/c5bec7f1e5f3.png,d95766728c950c05c705ab4c203af557d7084813119e0d49240506c1f503d07a,137,0,0,3.4815254,0.4266262,0.48885727,-2.4910054,-1.7342055
143,train_images/76516f828d88.png,044cd6e0c992bd15aaab1cb3f5258bc3055d539c810009bc16a7ef5dd4c296e6,143,0,0,2.4977226,0.2331562,-0.09465504,-1.5341573,-1.0102443
144,train_images/2fefb720869a.png,4e7156e7c988429d220fa796edf42796dd2b2772051c2245aaa21b6909c07da6,144,0,0,3.0280895,-0.09210014,-0.48036337,-1.0227323,-1.2560267
151,train_images/90c982cc2d96.png,dde1f101244621e90086afa6870992e37a0927ec3eeff69642fa2bf43fd2f3f6,151,1,1,0.38875008,3.9224033,0.8504114,-2.2349744,-2.524958
160,train_images/b8ac328009e0.png,63d7b5c9ac929e83d6ba6814516b856d42371fd4b1acfb667379a4c7f5f0ab87,160,2,2,-4.671446,-0.27286148,2.6740894,2.0806603,0.9311048
161,train_images/274f4de2a59d.png,3fce8f9f081f1d1d919cb52c361458a7efbab56d2e411408ef8b9aa0f48f0e93,161,0,0,4.356842,1.2832756,-0.45933723,-2.8383088,-2.440438
165,train_images/c6e1e9fbf39b.png,15a19b5437e7afa3485cf8c99a661922af555e10e26f30738e9641a978af3ec3,165,2,1,-3.8148804,1.8299465,1.612042,0.62183666,0.32922813
171,train_images/cb75210abebe.png,c071b7c4140e7ff9a5a820fdbcfbdf9c271ad7f35b89626e6c7fd3f89841d730,171,2,2,-1.3262253,1.0057335,2.181467,-1.6854777,0.25939438
173,train_images/15cd5f52d300.png,40291ede78158fc2cb41e85b10b0ae2003fcf288ad3d7426e59e439818b21d40,173,2,3,-4.3750916,-0.46733475,1.950407,2.16326,1.5344286
182,train_images/26d9576e8043.png,b3d5154ac882733410ef5a566f4acf9d9eafacbae5e95b9d04cf056e294099cd,182,0,0,5.038597,0.60136414,-1.2202978,-2.2664084,-2.1681545
187,train_images/d28bd830c171.png,75eae664fb3461018dfeb579b39c4dd86e139982d92a880312a1080c5fd07860,187,2,1,0.0881958,1.9776821,1.2427034,-2.3976912,-0.44910982
194,train_images/e2c3b037413b.png,48a9d85112a68daf53a05641191f84b6dbd8d03b8dd3f09d8c86a2de6ad451e5,194,0,1,0.75892067,3.42515,-0.092033386,-2.1802354,-1.5853701
201,train_images/a47878630dc2.png,abf414b11ae6f77efff426f5fb260fd0215683d8e2684be3cea0aac18526917e,201,2,2,-0.23538017,-1.3379459,2.654895,-0.7723651,0.3209318
202,train_images/4f60129e9a5b.png,879b3522b9a7d785cd55326011776c7f46e41d45d371fa997ed1ac186ae31c67,202,2,2,-5.1471863,1.3055172,3.629967,0.21298265,0.78954756
205,train_images/a1b28bcbce00.png,0311cfa034fa3c3c46bbdc3057fcd79738c4aa4b4cff7dfc0ddddfcf2856fc4a,205,0,0,2.5750008,1.1870346,-0.80180454,-1.4709458,-1.2883189
209,train_images/d48178e4a49b.png,8273cac44e116e1f28200581ce17aeb07ff54d9aab2531c9cf3ada2c6db67ef4,209,4,0,0.7837696,0.6658535,0.5059712,-1.1105466,-0.57484937
217,train_images/595446774178.png,9a93a477d03f9ba6d61c08bb054c8b82ae32e1a223120ec49a73b9faae97f921,217,1,1,-2.2472248,3.3337364,0.9863484,-0.9760461,-0.64289594
222,train_images/0fb560f9adb2.png,68a48743524a0b890c93acf162ffeabcce093b66343b06f29799b083e56b10e5,222,2,2,-1.6128407,0.51834106,2.559082,-0.61211395,-0.47319528
228,train_images/0a9ec1e99ce4.png,4578633466c8eda74ff4967d6e4b1c8eb38ca422a479d73fd431d08d3754f44d,228,2,2,-1.1521244,1.2050343,1.8657069,-0.5672889,-0.9334022
230,train_images/ed6bd9293a89.png,0d8b49b59fe05e8a729ad326be66cc33755d23211a4b795c4de3898a0d426d1d,230,0,0,4.305353,1.3158073,-0.5989804,-2.2962961,-2.6770775
233,train_images/e82232a3c28b.png,17470f13751dec4c909dbb3dd55866c6ef0e8878ae4dc9f6d8f5979a54f0bf35,233,0,0,4.151371,1.1131115,-0.35937023,-2.8254242,-2.1079886
240,train_images/98e8adcf085c.png,e79e37bd22b14bf7ad3a8887613754c8c1e094a5e12579d7ab294116ab1bec6c,240,2,2,-3.43301,0.3133793,2.4813194,0.3987155,0.8283452
246,train_images/cb68fce07789.png,c4d631423c9fcc239ccf3628a96cb9cbd1dcd8ed2bb11dd46962d0b12669a0bd,246,0,0,4.1975994,0.9285965,-0.53791237,-2.702547,-1.863657
251,train_images/ca7140ecf389.png,fb211e0d85f4e71445d3e51622b8be1747e52ea01af4757a36e165a72b60dc73,251,1,1,-1.372303,2.8826828,1.4020193,-1.2497416,-0.871971
256,train_images/1db18bdd43aa.png,544f28efca262ec3bc46bc8dfb2a85c5737ebf28f9b333dd6004c5ee7e13a946,256,2,2,1.4539185,1.3895149,1.4547625,-2.674622,-1.3959069
263,train_images/8191ae701985.png,a78aa941512101fe2cb62211b55ceb7244ffaab272be4e184d01143c3c63a85f,263,0,0,3.723383,1.2604046,0.255023,-3.4974575,-1.5928009
270,train_images/bb752b179751.png,79f3c3af3743841f4cfa49a076ff412021f0fa695b37f2038663531e088ac985,270,0,0,4.507303,0.58265114,-0.017490864,-2.8252401,-2.3112705
275,train_images/692e946b1f85.png,0dc8aba96f86cb0f0b554c9830c529303328e002be3850e3114f1bb40d6e90f9,275,0,0,4.3365726,1.3312149,-0.2928238,-2.7328315,-2.5514102
279,train_images/ee78ce914066.png,0117532d34ca6b99984048a1ef1781f6f4fe98c0bc93c028422784737b0e9567,279,1,1,-0.8453541,2.5075302,0.53132606,-1.376759,-0.45835963
284,train_images/ac17cc18a994.png,6a666a67c2bd0d0d1b40676260c5cf910b93591180928a6a8cf44cb0eaf33e3d,284,0,0,3.542574,1.2349796,-0.38827562,-2.9051402,-1.4713982
285,train_images/58184d6fd087.png,849f0bda05ec621a08a3e5fe873eb2c632b0e2602195c0e64c64108c9d649ac5,285,1,1,-1.9460754,2.8813858,0.76921797,-1.5628095,0.28592643
291,train_images/98d41bce73a8.png,b78ae5ba68fca9cec3ad7bdd2158da5ee8a8346c4e9525f17df7ed3dfe0cbe64,291,0,0,3.747837,0.32143593,-0.5835848,-1.4488568,-1.8928254
297,train_images/5e7cc6ab4ac4.png,cd7a7b691c4b45c2a479fb90aa647e3111a8589a5c2dfa0baaccc22110d5a63a,297,2,1,-3.1554794,2.8804226,1.775403,-0.72774124,-0.20844272
300,train_images/03747397839f.png,995dba76485e5c43bb38265247f24328edc957757f8166268be10a9466216d1d,300,2,3,-5.9760475,-3.298174,2.5301547,3.9297404,3.6327398
305,train_images/a15590a7d774.png,c6c55e6be21971ec3e2ab5eb64f5f6c5650812466d28917c5eced3be48681c61,305,2,1,0.45409966,2.8506565,1.1545196,-3.0664315,-1.2488247
306,train_images/885fa5fc5da8.png,da5e9814074b4611c3918fcdf03c71997fdae71175c7c59c8534f8412908f42a,306,0,0,3.5923405,1.1287384,-0.9333043,-2.1473746,-1.6350019
315,train_images/c8d2d32f7f29.png,3f00dbfe3bf9f8c3675c7bb6b95fd76fe6032b82e66884a46447353dbb7d72c5,315,4,4,-4.0519505,-1.6439419,1.4941432,2.2317462,2.5865507
322,train_images/80a02014b418.png,efc69b5d0daceb87210b325d6efab743ed71e3ce763ac86af7cf71b07f6f48af,322,1,1,0.8577156,2.5999603,-0.13741112,-0.54957294,-2.646309
328,train_images/59bd19c1c5bb.png,e1d2216796ad9db27227ed159035d331159c57b6ff9d31eb5c325d79bf6414ce,328,0,0,3.9668941,0.9988861,-0.5551863,-3.101283,-1.204883
334,train_images/be68322c7223.png,55eb17af9decbdcf7494ffd92b4137b1d7067f27bc91e4f6a5b6d218770faca3,334,2,2,-2.9399242,-1.1359634,4.6372046,-1.0862002,1.3027221
335,train_images/291f581d365e.png,4a5a59b6dd7736e2b90c5070c2657228fdae72dd11c82a877cc17d184abb7adf,335,0,1,0.110528946,2.6510448,0.39500546,-1.7915668,-1.0016661
340,train_images/ff77e8e5b5f3.png,2842411a873148351d2ac19434b0c6c7008514f5e1eaeafbfd0558a70bff747a,340,2,1,-0.5003338,3.027338,0.43352914,-1.5036035,-1.0398498
346,train_images/47e51065b819.png,ef3603a91a1d4ba1313425d009e1b183bf05c0bac02d73a01707e6801f5be0a4,346,2,2,-4.0522346,1.7831554,3.257865,0.04665661,-0.3687984
348,train_images/5671eb95512b.png,64bcb7a926e50038e0df84a4402ecb66724229998667447fcc502788673d2dd6,348,1,1,-0.56881905,1.4777126,-0.0052809715,-1.3102536,0.69604266
355,train_images/034cb07a550f.png,3f00dbfe3bf9f8c3675c7bb6b95fd76fe6032b82e66884a46447353dbb7d72c5,315,4,4,-4.0519505,-1.6439419,1.4941432,2.2317462,2.5865507
356,train_images/1e143fa3de57.png,d9693f423433ba9af946e90eb9c4ef4ca1437c9be236e3087d8decee8a86835f,356,2,2,-5.520384,-1.0775261,3.0060368,2.7038836,1.6217808
363,train_images/2b21d293fdf2.png,4b81430cae386db2b934e8fb0a8a138cefbe6b9ab9d28df2af982cece289a385,363,2,2,-1.9391727,-0.50535774,1.9498978,0.51784563,0.5182284
369,train_images/c9ea9d5eab65.png,92a1fc4c05c40767e6e83fcbef444b95be9e63907eaada43a6e7f06fef9d3dd5,369,3,2,-4.2500515,1.501257,2.5027313,0.26017714,0.7803736
370,train_images/9a56cfb980ec.png,1523ce95eaac437dd0f89fd1fd8820d7994a494d73c94b5a93f451e6228106c0,370,0,0,4.7788086,0.1715126,-1.1012287,-1.9831986,-1.913018
382,train_images/dfea19863428.png,af544022ebcb32e36799d211e548bc091a59ab10f9c5e8a8b40b63ebc0325311,382,0,0,3.157549,-0.115945816,-0.24938345,-1.9838786,-0.59992325
385,train_images/7ef5ff774a48.png,53a2bcfc64d0930c90907497762f9506c3391ac964cf999a7f2b79fc9868748d,385,1,1,2.0618935,2.2899094,-0.11427736,-2.3614368,-1.6908896
396,train_images/e160a3b19911.png,6fec8699abcc1e62638b7e70c2bebba6748164c719d22f1e9f4f62ae785ec26c,396,0,0,5.1848106,1.2458229,-2.1961975,-1.2107697,-3.1565268
397,train_images/b99c825b93c5.png,c58f44f12d0b5bbeccb3887dfd454bc3ab5979dbaa8953f267cfa35c7b22fbb3,397,2,2,-3.9223423,0.11182785,2.7758005,1.1396699,0.68474305
398,train_images/1d55e689cf84.png,35cac3316fd9d76cc3f7825cd6bfe7ad6f96b8621014644c6d5a9d54a9a3121c,398,2,2,-2.1981945,-0.43834305,1.4709611,1.0011778,0.73506486
406,train_images/25b0e72705a8.png,c4f5306c6dbb589bf52f28c756042d0db59a56246571d54728142da315f1fb9c,406,3,3,-6.530081,0.034500122,2.1386993,3.369433,1.88984
411,train_images/2cef97083e6f.png,19ffbd434bda42488fa60ad12f14f8d260f60e37593c306476c4f49a7328790e,411,2,1,-0.71533775,2.5109692,0.90213346,-2.275425,-0.07217339
417,train_images/1dfe599d12a9.png,d2f21d8746b73adbe8c4dbd551e56f1bd8ebcd35a4c579ca19af48883bcb518a,417,0,0,4.9613113,0.39658356,-1.1805353,-1.2651782,-2.8535874
422,train_images/0024cdab0c1e.png,4e7c3ce57563f1405a8820fd0b71343e1b006293109a364ab4e156ffc92622a1,422,1,1,1.0516357,4.220003,0.41567707,-3.9102795,-1.2735528
426,train_images/8ee50c26fc13.png,a4d5ee398b0e179dbe2d833a0743d4e0ec793d584969a1ac97306884221c7629,426,0,0,5.39937,0.93364334,-1.0445104,-2.2176738,-3.1392047
430,train_images/e1900014dabf.png,bd49353ff67e0bd888ebee420011872391ed93d875a091a5e1b34e5dcf68f7a2,430,3,1,-3.3928795,1.3176727,0.35160565,1.294951,1.1265749
437,train_images/ff8a0b45c789.png,4f3870a6a8e76d6a3298870ab990582d1bc7d70179edbcd03f644a9012ad4062,437,4,2,-4.456106,-0.5213795,2.808979,2.0390868,0.9744221
441,train_images/f6d760566a51.png,0c666ba6eb05c358ff26cc1503c1c87db61b9e850511647d23dea278951c3a38,441,0,0,3.8631,1.0480347,0.07291937,-2.6988893,-2.2434938
445,train_images/72c31aa48e2c.png,b30f04ddb6e3dc3cd356297048203a6edec8273dc5397ec58d6e0e431c37030e,445,0,0,3.7145233,0.97764397,-0.403749,-2.5855117,-1.7182662
450,train_images/bb7e0a2544cd.png,25ac9acf573c431f146c3f94ec9cdd7548f5ad2d8dcb5b6b6a7113ff6850f723,450,3,3,-5.058201,-2.1263905,0.8000059,4.2434525,2.7819726
451,train_images/5f6db235c04d.png,feb4aa5a5dd35f23d1be36886a9831bd71e692bd19c5003f36d229d6b909e9af,451,0,0,3.5010223,0.82211304,-0.8084712,-1.9533153,-1.4752822
460,train_images/6a905a7202d2.png,12b5f1b298b1b3d66c6d9fa6372c01e1538677baa66753c32324143c40b35747,460,0,0,4.284994,0.09980583,-0.4772954,-3.1534717,-0.7326776
464,train_images/83517eaeccb9.png,239164e7c996faff3fd3d6d7b74a5eb85962a4761e7318c1f62a6eb6d08a182f,464,0,0,3.9673595,0.8281231,-0.13947487,-2.3596578,-2.3096883
470,train_images/7fe7309d0b4f.png,57b6a2990c4588881b4e46da3d18cfbf8fbb67687b5059841eb6ec75df21b9a7,470,0,0,4.4396877,0.97416687,-0.5085559,-2.9435933,-2.064412
477,train_images/73ba798fee25.png,dd9d5b969ee982779f2b27811ae2a28244345f34cab2cf6d970c506fbf4ea85f,477,0,0,4.2219124,0.8814373,-0.57936764,-2.6759272,-1.6927662
480,train_images/b8297a2291f5.png,87afabbdc0a8bbc05e5699b0299a10b4217c0621a267b2172d23c71becd1ee74,480,0,0,4.615574,0.45256615,-0.66715145,-2.3491216,-1.9980371
487,train_images/1bf30c84bbad.png,77e039221750789e9c9207c0238e849f47a2cc9075296c124d54fc9664d46fea,487,4,4,-1.7652359,-0.117046356,0.46524048,-0.61636305,2.7443233
493,train_images/dcc6c0ad5cad.png,828b716fbdda7933b4125d61062b1e6d2370e2e4f8351eab10938bd1a234f30c,493,0,0,2.8118114,1.3902531,-0.27198362,-2.3638344,-1.3924288
499,train_images/9da74370835a.png,1e86f4b13f326e948a3bd9f0212c4b126a410a0e9fae3ff9e5cd847061d4e0dc,499,2,1,-2.5818882,1.5588226,0.12602186,1.0129204,0.20097181
502,train_images/6cd606dc52e9.png,52fa022fa7d7ecad954b7a8d9f54f7f934fdcbefc0a48e410621bd3da775d3fb,502,4,4,-2.5167809,-0.15016174,0.82230043,0.5430379,2.1048124
506,train_images/2b88cb6e31cd.png,9301dc238c2fb0eae0ac6ef041b009954c995f7a3b9fb9533d2c3289f8099608,506,2,2,-2.3448257,1.2917156,1.8797257,-0.7553773,0.5319252
519,train_images/ec57cc20d776.png,e3724051a416d067fb05b70268d05a4b199673cb16f09f19a3eabcf10e1e7359,519,0,0,5.8464003,0.4815216,-1.9084392,-1.1037745,-3.3657935
520,train_images/76fe19ff64fb.png,77466ca05fcfe0b76fe3466c08c1dce855064598ce9d42462fca09b4c6ef687b,520,2,2,-1.3057995,0.09529686,1.5770531,-0.8692746,0.87891245
521,train_images/369229040a34.png,210bd4bfb3d75e51ed8e384ea48f61c72608ca8396dd948b356c1e12ee0e6e3e,521,0,0,4.261326,1.1847668,-0.49263906,-3.1173997,-1.7636693
523,train_images/4dd9d29eae5d.png,c3e55437b16669269023540956f5e846a4fde86a58031070f16f35862231b9e9,523,1,1,0.6589489,1.363493,0.6064162,-0.7981434,-1.4825342
533,train_images/15cc2aef772a.png,bebe6e4831cf16a27d90dacc7216569a5e823c7ac371e87c6871383040bc4795,533,1,1,-2.5601234,2.864996,1.8701272,-0.90122175,-0.7277615
537,train_images/821789e9053f.png,53bc863622e03afc1091bb2ac9b64ac67a6155da608a3ec6f982e1dc0dece3dc,537,1,1,0.8784523,1.0947571,0.7279024,-1.5929232,-0.9380826
538,train_images/b574d229ec4c.png,0303e864e835ba32f82de2137f82ec74e0c764bdca11f67b3219c7913924d9ff,538,2,2,-3.8676434,-0.09289169,2.2562897,0.9726577,1.4421533
546,train_images/1ca91751be4d.png,8b10f56a06bb6736b5835220587ad434d09ab88caa48fbeb90c352612de44eb2,546,0,0,3.6931705,0.7681999,-0.111343384,-2.4475589,-1.9014852
550,train_images/e0d229db881a.png,5c3eb20544053d532ad1ae8f96107591311dc047d7c1745e3896e9d2e8e5885c,550,0,0,3.2775345,0.6803303,0.03496933,-2.6394186,-1.2584026
562,train_images/4ef0b485a7da.png,68703fa40a05286bcef451965ed50c269e1b42759ee54999ea5813ea2b41d4d4,562,2,2,-0.31995773,-0.79013824,1.1614876,0.11327124,0.24945638
565,train_images/bf1b7e21e774.png,90dd0c7ae41cefa468a8bc011b3913b92528aa848df3bb5720d2dc72600c5192,565,2,4,-4.605217,0.6477413,1.4089198,0.85447407,2.324788
571,train_images/415f2d2bd2a1.png,5fb2de5fd32f967cbbc3f1fee3d778c890e49f39c360081ef36b063034905ab3,571,0,0,5.8367863,0.7757473,-1.2409401,-3.3225188,-2.1308484
574,train_images/5b2648ad455e.png,5b0cd6e1f0f095c181f80472ba8ad290b281bb0c982064b9456869e17e3f7598,574,0,0,5.3075047,0.09021187,-1.9946418,-1.7943401,-1.7361541
581,train_images/f549294e12e1.png,a6cfccf69a6d35994687c4fb41f4395fb34f238cea0196a8c8dc7e3292ea3ef1,581,4,4,-0.09469986,0.33462143,-0.11759806,-0.76335335,0.97915196
586,train_images/da6bbb76d562.png,c313d39f8346414a047a95b25a006c58b5892b8fb7e2c686b88e7422e0e5c018,586,0,0,3.3462105,3.306303,-0.4784479,-3.7065613,-2.2112298
593,train_images/fb88783de055.png,d1f0274d6d80d5492338e2f47a17fd14e12f857e6e414b03513dca245371bba5,593,0,0,3.4006863,1.2219677,-0.45507383,-2.5311813,-1.5300467
595,train_images/04ac765f91a1.png,c216c357fa59ecd728a5211694af6a5d18f398b4c364a779e3d6ce6f82cfbc0d,595,1,1,-2.1932125,3.1625633,0.9937041,-1.5856738,0.1562812
602,train_images/fa9bece586fc.png,1c84ce0052e040a2b25d2aee9df3b89560d2c576a792105a3510994424ffe6eb,602,0,0,2.0943108,-0.011041641,0.07404661,-1.8120313,-0.14231822
609,train_images/7b8c78b41c0d.png,4b033a443c6ae4095bceaf4ed37225d956a63f2e5e321cb7fcb45265de459e57,609,2,2,-0.42284012,-0.08742714,1.3723619,-1.1127658,0.3970252
610,train_images/64eb5a79dfdd.png,71d904a41744af519e16cca2ac18f11342b74db854aa4750307adfe4d654eab9,610,1,1,-1.6069221,1.8001556,1.0336723,-0.3773594,-0.37384024
616,train_images/e1dc02a3dc2a.png,7aa488151021ceb8940b77903dfd1dd441b27999e08bebfc0808ae3952fe9785,616,0,0,4.700014,0.9926815,-1.049355,-2.5225596,-2.1885977
619,train_images/2c827005b8f8.png,714bbb6f5e4014b251d9ec3a5489064e1822ab35b717a35863bc645fccee96ef,619,0,0,4.446432,0.84651756,-0.66359377,-3.0432117,-1.5958359
623,train_images/46923eea9a4e.png,5fc0607e8a2177b14605db192199e764176b0b3ffb8b1d6e61207a0afcc9bbdb,623,2,2,-5.669775,0.81578064,2.6539996,1.9904771,1.071818
624,train_images/aad0c0ee9268.png,67892f888833b8ad425bef3cde2f9d38503ade4a8172e591b26e7a5ebed11672,624,2,2,0.52646065,-0.7539673,1.601742,-1.8221135,0.7346555
627,train_images/4c6c5a1bf5ab.png,ef1ad2853f317281e7a6c3d760ff5205813249145fbd0a5ab8e81e98df4d08f4,627,0,0,2.4366684,1.2866001,-0.36511517,-1.2077236,-2.0905206
631,train_images/44f7f3ef9d50.png,da436e5e1c86bc7c6f99e3075297f9d9c7731ba20f0dbac30f4e0004398a0dc4,631,0,0,2.3775482,2.149683,-0.470726,-2.28544,-1.6025283
638,train_images/af7a36454670.png,1396c3ca0b3c187b76ef2c8f9e59552c2abfb9e859b80f40c2f675c645e03414,638,0,0,3.766817,0.45619392,0.0066514015,-2.9439664,-1.1599948
643,train_images/bba38f2294a3.png,a9d033bbe12119ff9fb5f568e258fbf71ba806f251df90c5f5f35c1c28240994,643,4,3,-3.0466366,-0.76444054,-1.6741457,3.0344415,2.9118438
650,train_images/6b66b0e86f7e.png,a8b93ae26d78baa582a1d37915c18b22f3303ad0b463db652323617e31250cb9,650,0,0,4.233532,0.82094955,-0.6199136,-3.213519,-1.1679026
656,train_images/0c7e82daf5a0.png,fce068e3b2fea80143b55a4f4253b3bb0ee887d1f84ba67ef2abb48420437e99,656,2,2,-2.8568344,0.7416172,1.2765079,0.79638195,0.3913277
663,train_images/92b0d27fc0ec.png,520883df0f5735ebbf1e21b085ecb6dbe4f8b135511616203183416afef4e49e,663,2,2,-1.8620834,0.4346199,2.0121808,-0.21523428,0.27905402
669,train_images/99ecdb41d5e7.png,84dd8e723f1c3aae98231ad77b30ac22ffb8773290e8dde730977c825e89dd0d,669,1,1,-0.7068291,2.192772,1.1641624,-1.8941922,-0.3820801
675,train_images/2dd28ac497d2.png,ed2e559e40075b74cee96624c1a113545df2b5af5b1fc247543300af6b406d95,675,0,0,3.9972916,1.140171,-0.6960006,-2.8553858,-1.5711288
679,train_images/7b87b0015282.png,9c344b76aa0f68ae3934b2da00ea079961c1cccc13b84791b73a96fa274b032f,679,0,0,4.7432632,1.3989887,-0.34093285,-2.9569738,-2.8530855
687,train_images/f5650eb52640.png,d3e1225f59f0f576351383894196e13f4adcaf10d88282d640f5ff6f42c3f197,687,1,1,-2.0787334,4.174837,1.5379727,-2.3444133,-0.75831914
690,train_images/84b88e8d3bca.png,f237a65aebad1d95dc9f81d77b0c5377268ec539993401d8d149d45b26335798,690,0,0,3.3430004,0.4890728,-0.14113665,-1.7356296,-1.7991941
698,train_images/5c817060c0ed.png,e664c758b109e940eff630bb35ffc2bab55fe5be889bbe90eaf0ab517f2564ce,698,0,0,4.52771,0.17823029,-0.8863311,-2.3960876,-1.509842
701,train_images/2fdffb6160a6.png,325b395e7540e24f10ae1a0b149e9b8cd8573d51bc34b79b534436d269295243,701,2,1,-3.2512589,2.9392319,1.7411699,-0.6159768,-0.3085839
704,train_images/77baa08a1345.png,99bbecc2e026ba99886f58e17d9f32d6e1ee086e48f1a26b69fbde727eab4933,704,2,2,-1.8685074,-0.18750381,3.241065,-1.1819696,0.19543985
711,train_images/0f882877bf13.png,852ed341d5745a84de92f82f9778494b2e2e0a9802cf84efb6b091e78bc74390,711,3,3,-5.7892,0.5167675,2.0330582,3.8307996,0.1965023
712,train_images/db52626d450c.png,f27f1e1c816284253b012bb8ec1266ffabb3a91bb0888fec38ac854f88ee86d6,712,0,0,3.9237728,1.0011234,-0.24345827,-2.6431603,-1.9429286
725,train_images/b77b88926843.png,fb5b1079be0717d50dc2b268bc7bcbb0cb90b1a9c05623eab8b2516724ecd217,725,0,0,4.375515,0.99186516,-0.6805663,-2.856022,-1.9108548
731,train_images/059bc89df7f4.png,554fa5d81a16b1ccf8241041c2e271c93ad7cf70a9127e969a36d55ddb85e8f5,731,1,1,-5.607502,2.4721756,0.77132535,1.2559638,2.1216273
734,train_images/2a93334f663a.png,dfa7061afc9c68e6f3844d02f987a6cd9328eeb4d3909de74df177dc1c42225e,734,0,0,3.9764385,0.6751785,-0.39714813,-2.7498965,-1.4886298
737,train_images/e387311a840e.png,fa4b7fcc51fcd44d8b9812fe28436289ad72880a758054f80d1e8c12d8942b8d,737,2,1,-1.4106426,3.3829536,0.09472871,-0.7071862,-0.8261802
742,train_images/eadc57064154.png,f5815e88fae63304be0aff0720784cf8a7858b992e4585292e6c00e1e40da6dc,742,4,4,0.3630886,-1.9511852,-0.58147573,0.18270206,2.0191674
750,train_images/e3e490babc0c.png,ce6caeb46908fb9312c9bab2a5b9709389140f765c69125ecad2e796a2eed1fb,750,2,2,-5.068838,1.4430561,2.6512265,1.293694,0.39331278
755,train_images/d035c2bd9104.png,7c93df594d7b2d4e92147df6641f31914938f452300de18a9afea163c6d4c74c,755,3,3,-2.7212048,-2.0148869,1.302028,2.2918868,1.687314
757,train_images/24f3e70f0419.png,52931e89b0130296d8c04212c861feaa151d579f6a31d070eb11db74dc3071ec,757,0,0,3.8316383,1.637186,-0.044692516,-2.4615612,-2.7452278
761,train_images/6c3745a222da.png,f5815e88fae63304be0aff0720784cf8a7858b992e4585292e6c00e1e40da6dc,742,4,4,0.3630886,-1.9511852,-0.58147573,0.18270206,2.0191674
765,train_images/f6f7dba7104d.png,2eb62fb8ea03f4168a058eb727f83132c718e9e27b7f3d72e9f24995f2569869,765,1,2,-4.5762424,0.14650154,2.4787805,1.71106,1.2673286
771,train_images/76cb010f7aa0.png,7d8ba38cb06443addf763cfc7932dbf6406c459b252902cc17e8e8e162d25c6f,771,0,0,4.1501446,0.6527176,-1.1524377,-1.202271,-2.3945577
780,train_images/cbc2e57447c2.png,b1b6646175257813239a48c013065d101562b40cd6ca5d929e8d1116728fbfa3,780,2,2,-4.107109,0.75492287,2.93396,1.2357755,-0.0054223835
782,train_images/d994203deb64.png,90d799f53575cb8c72f9eacc3f463fed94e0a1d2b7b687ba8a297324854e6f6c,782,2,2,-3.9775581,0.49523735,2.5933537,0.49788618,1.1291013
785,train_images/48c72dec46e5.png,1695b1634f7e3ae4c35625cf2d1ee4ce90ca5b0f649b2dc00cc361b65d836cde,785,2,3,-6.412632,0.61050606,0.25489116,3.6861844,2.6258461
791,train_images/18d8fdb140b7.png,d29e3267ff01c3a876c0f867a8af4a2a28f691b2a50ff03c4984cfd706fc6457,791,2,2,-5.7396927,-0.41360474,3.2504308,2.41571,1.3423449
792,train_images/f4c7ae514c54.png,6d08500a467f5222f958efc97d4b6a7c3703f5af339d8f4b9daeeab1c07e8adc,792,0,0,4.552601,0.8062687,-1.3732433,-1.2965484,-2.7944415
799,train_images/4731e708ede3.png,71c7faf0457f2c896479ba0342603fc2f0372d1deead57c443fe8ec98a45c3a2,799,0,0,4.478632,0.21530914,-1.5565872,-0.9163556,-2.2107775
803,train_images/bf6cbccacf39.png,5c70671d0691317e1cf5dffbbb1a3bfb820de51c464f211298394f5523704d1e,803,0,0,5.5898,0.040538788,-1.2430339,-2.1016803,-2.456697
809,train_images/ef476be214d4.png,ff78b7e0dc714cd1ff4c0fed88b1ba97e3b65307f94c3233a38ba798d1d13396,809,0,0,4.7535896,0.79716873,-1.4225421,-1.3745532,-2.7991517
814,train_images/fd48cf452e9d.png,b146157bd2ccdcbdb9c425897bdd9e3e207902cb0bf57a0b5be64ae7671705b8,814,2,2,-4.055168,0.47126198,3.3724902,0.9610772,-0.013281971
823,train_images/482088e6be44.png,162f4b803d4e11e69cd83bcf71cd3350b5b29934d264b8dadb3efe77f3927556,823,0,0,4.9903603,0.06559563,-1.3775616,-1.4919333,-2.3390286
825,train_images/5ce5eeaf757a.png,3c09d30b1816f8ff210a66ca5e5354897b9d8eed7dd16d92cd52739f3dd7a155,825,0,0,2.5519695,-0.56951714,-0.90805864,-0.74922276,-0.08187178
829,train_images/f901d460517c.png,45de2fd54fd2af8349e9695fc43c64ba964c7eb1f143dbf1a59c5fa425118aa0,829,3,2,-4.3300514,-0.81191826,2.4684043,2.2200904,1.1865165
833,train_images/7cc4b7aabe04.png,3f9f8906fe3ed473a4d6b55b2e2d44331b3c6895de6ca16283aa22acaef73bd8,833,4,4,-4.6773453,0.77511024,0.10373998,1.5751758,2.9073286
835,train_images/1b3647865779.png,8af62eea0b67d6af8e8bd28b910424744e91867f974c5b47ee766cbac7f60b58,835,0,0,5.109169,0.23646355,-1.6611056,-1.5075712,-2.382878
836,train_images/d2d523e9f669.png,55de5164017259c8eee610a6b41fc19be6944d86f525228fc9fc989f5db3d4a2,836,0,0,3.855711,-0.09200668,-0.41615677,-1.3053617,-1.8585682
846,train_images/5d74f98d62be.png,18a2b860eab5f34da880313a8d4fea101e332eba2c1a4bf28468c4ab7555388f,846,4,2,-3.0373936,0.02630043,1.9126203,0.59848547,0.93629897
855,train_images/14c3b41d289c.png,dc81e803bf51c8587a50a5c679c981a6b26de4389559c00927c8d4b4dbcdde09,855,0,0,1.8399277,1.2868481,0.051866055,-1.6090059,-1.1823733
857,train_images/d1f1ea894da1.png,43a73ad7b51fa957f130a3c7dd73e0f98b7f80cd081c2d4b295f8af29b47cc04,857,2,2,-3.6800365,0.9430733,2.706829,-0.21455193,0.931978
858,train_images/3402124408ea.png,2fc92c430b176078bd38793142b703fe75cbc881054e4ca798b9b8a886e244f3,858,2,4,-2.891739,1.058775,1.0776479,-0.7501464,2.0551724
859,train_images/8785b71238d8.png,cdb9288c5d185e7085068fdc0ffa473cfb6a18e395ad1be7d81bd3a53dba09d8,859,4,4,-1.4513664,-0.6752262,-0.4673357,0.36102867,2.5799088
871,train_images/adb56cecafaf.png,64558d2a745c2d8424bd43225e0ea6c6503ca07ad06d2a5e5cf034d5f22ce886,871,3,2,-1.746973,1.1384258,1.4097273,0.2585292,-0.71845984
877,train_images/8a759f94613a.png,6999ab73db13c01367ae204b0f29c22e17c9e31033408ef149683186e207fec5,877,2,2,-1.8570175,0.2712021,1.720356,-0.14747572,0.4093382
879,train_images/573ea80a53be.png,9f49e65d76f21c569262c69a2b8b6cbb9f98f3e04cbfa4eefe8b988547406ff3,879,0,0,4.437336,-0.4214096,-1.1649671,-1.2342811,-1.5961204
886,train_images/04d029cfb612.png,00437560ef4961eee408098f184493471f3d94dd3d52d4a8dce4300325091ee8,886,2,1,0.6513119,1.9659004,1.6013176,-2.376388,-1.3991903
896,train_images/237aa50edc34.png,a5b64dc103c92dfcc0a9c55b9982d7210d0482e603582cd86fb89ca90f03ea80,896,0,0,5.1742,1.3358612,-1.015276,-2.9125793,-2.6498897
902,train_images/74898f372d2b.png,0e3e255bed7f56084e6f968ac052e7c4dade2d5af8a8fc6e4752a4a2389df570,902,0,0,4.9894924,1.5887299,-0.32156038,-3.0655193,-3.067745
903,train_images/437cbec4a3f8.png,bb78ebf0878129250d32f70d2324c25db0afed21cdc7491f6f1f097880031686,903,2,2,-5.1957455,2.6744976,3.205803,0.1352377,-0.08339003
905,train_images/dbfd238b3468.png,bd1e85c20379be05ff58c4bd2010608e175c9ea39c0de85dc7d99bfeb3de4f1f,905,3,3,-4.7253685,-0.9437561,2.0600517,4.1671376,0.07147607
916,train_images/0cecc2864b7f.png,c8d1b2e3a53f8aeef2687055714c2599c0ab5a46507c4218a2bd485e7f239486,916,0,0,2.7020702,0.71357346,0.47425604,-1.8395405,-1.8526199
920,train_images/6bb30ec3231a.png,e4ad7f024804dd7d6eb885dbd5d04d0f1c25c09182c903a3ee24ef988967ac1c,920,0,0,4.248535,1.449997,-0.2635398,-3.5778751,-1.9266431
921,train_images/79d44db3da2d.png,2f52fa195598cc0dbb125801bac2a47870e5132c248fc19460299d2708a3ffd9,921,4,4,-5.449276,-2.2239208,0.6678257,2.7401376,4.766124
928,train_images/ee74c3b177e0.png,85d6d5ecf4566564bbac89092cd0280a3cd481a6ef32b3237e59c7f44801422a,928,2,3,-4.6774864,0.03832054,1.20822,2.444141,1.723659
929,train_images/72a867980067.png,35641ad82c7929667e415a42a23588bd1ea3ed8f2ec002ef5f5db6fd14119138,929,0,0,4.587305,1.3792915,-0.5154867,-3.2584746,-2.1735141
936,train_images/74eee788edee.png,4b607fe21e2b3e0cd2b716f1a83ff8743519d0daa8b2952a6e7d9473223d4411,936,3,2,-4.2300014,0.7484646,2.0420995,1.7511239,0.16535231
941,train_images/0551676cc2aa.png,2093d82b7df10e69cff908bc84c628ddc1c3db1eee889ff57af0eb89b00c9ecf,941,0,0,4.2937355,1.3077602,1.3822033,-3.639895,-3.0810504
949,train_images/d9d2631f043c.png,d8edaf0eb25f3a1ce50951262fe55f05b87f52cc70ee2031425e66c08d294032,949,0,0,3.4392128,1.7877254,-0.8353262,-1.967134,-2.3122232
952,train_images/c9c563864ab1.png,0d27bd3036f3228ac8df3d5b89836dc94bbac79e450c2650c15153504b2bf2de,952,0,0,5.306223,-0.15002441,-1.675458,-1.9039392,-1.5619724
959,train_images/b351ae99413a.png,f9e639997bc2f9a26a963c67bbe0a866591b22a9f83b39012996de1198715313,959,0,0,3.805872,0.921011,-0.8996444,-1.7531142,-2.0807793
964,train_images/b7e0f95353f2.png,7b5f10c973b381b40da94ed0d6e1ee9f3e7443d88d8030036a14d2a5be3d9176,964,3,3,-7.06114,-2.5247345,3.711172,4.562944,2.3645225
965,train_images/c7e827fc7f41.png,d60668d4eafb51a7274bc1c4436653999bda165aaff0ac7cfc3a2dd6a53343c0,965,2,4,-4.036417,0.65215874,0.8384788,1.5011792,1.8969135
972,train_images/64ac539f58cb.png,892364ce0b665b1f4aae4156c37c396021ca1479eb469a6a7ef0ecac0b590f5e,972,0,0,4.785534,-0.91500664,-0.65489674,-1.9141178,-1.2364116
979,train_images/b6fd109b1bc9.png,3cec8fff99d8f5c0e7124e56dbed6d6eb3f6e1e60d692d1332c823a259f33338,979,0,0,3.6839447,0.6872711,0.76912665,-3.8716943,-1.1984241
984,train_images/0a09aa7356c0.png,0b46b60beded0b299ae951c5db98941b492c10c0e266b12b3a74e289291c82d2,984,2,2,0.5179386,0.6686306,1.4335513,-1.1456809,-1.1490852
989,train_images/61c2fbd16e38.png,923ac00bf0be41fe4d8e7f04bb80f4916c45d1bf6e0f6edf089b321420e00b1a,989,2,2,-2.6685333,-0.0035076141,2.7642798,0.2210865,0.14489183
995,train_images/fac399455195.png,dcd9d7df4f8f6e667bf078c7709b458aeaa662f9a199a85cc3708aca067aa64c,995,2,2,-3.6231194,1.0904083,2.855723,0.03455782,0.185034
1002,train_images/19113e5f45ec.png,af5743ebd0a40f68404b1044ede5e50a3f8506a5f7e81ef07b8e4c7f07fdc037,1002,2,2,-4.947443,1.2151222,2.465817,0.013709545,2.041731
1003,train_images/f57cf3b6f48e.png,628427c778a2e1d08a84114ec6190b373e4b3c1ee517adc2b16bd99120496e53,1003,0,0,4.0830956,-0.76221275,-0.43590832,-1.1392212,-1.5785792
1008,train_images/cc3d2e961768.png,47f9dc0e2ae6c260ebb4a796acb11d26f152fd8a81a5d313402918ebb60749e5,1008,4,4,-6.463175,-3.04381,0.3320403,3.9380736,5.81917
1011,train_images/b7ce561a7328.png,fbe30dc7866816cc627ddf57cd92abaebed33d2c96298ebb54043887343131e2,1011,0,0,4.33362,1.2115765,-0.7550845,-2.513638,-2.3014207
1012,train_images/033f2b43de6d.png,8e60cef58b0e2cd08ba2302c380e8d58b2ea20c95b939342446cfd5470af84eb,1012,2,2,-2.1482677,-0.3734932,2.4814396,-0.072762966,0.46156403
1018,train_images/7a9f45fdf29b.png,c0fc4d655e5b159011cdc36895d7f8c8d5a38f36ed6585e72c5893a46dcfe760,1018,0,0,4.080406,1.0178318,-0.26374197,-3.1371024,-1.7612612
1024,train_images/7d94a000c2d0.png,87ccf2ddc3e668afa1b5dd3367e418bc86a7993387d98d396c462ca7e8483a6d,1024,0,0,4.370634,1.0959721,-0.4237113,-2.9885511,-1.955657
1031,train_images/61d9c88a3a4b.png,6d68bc75e2f4e18917399f5b9b7f0b0bdbe7ed077a0d47db75eadede58060590,1031,0,0,4.755501,0.9357586,-0.8023448,-2.6147408,-2.317676
1032,train_images/47b756014447.png,9ceb9bf8bcf927ce3a7333806683f7c025db007f23fcd92a810b261679774b19,1032,2,2,-4.190752,2.3507767,2.379489,1.3390946,-1.0091524
1043,train_images/7435e9a3e36e.png,963fcc3733633b830d761bd45731005369debfb7213a23df2f6d0a60d690dd41,1043,0,0,4.4332466,1.3408012,-1.205307,-1.8454866,-2.7038643
1050,train_images/12025b34deb8.png,3c7c855d7b017ffc348a989009e0cb444e2af0cc7f3a01f2696b39dc6709e8c3,1050,2,2,-4.0649414,-0.8143959,2.732547,0.70006895,1.9826987
1054,train_images/bb5083fae98f.png,63261e7f15632b5f6fb667918c2e1865f1dfb36aa77dc5cdd7d21debd43b64ca,1054,3,4,-2.8615532,-0.39105415,-0.28357697,0.7750964,3.1915119
1059,train_images/15b21c80cc31.png,dbd56d035c6b4194a036dee565669b27adfc2682d992a622a366f61998bde2f7,1059,0,0,4.0976105,1.1322079,-0.5743232,-2.6669374,-1.963963
1064,train_images/a88f68b0b114.png,27243104b004af81a507cd155b1e1acccc193fc34ffe8e5a3298a7bc1cd3ae51,1064,2,2,-2.2444725,-0.99694824,2.1462526,0.87003374,0.8779677
1065,train_images/e06d3d4733f0.png,938881610b59920587458d92ca2697fa22ecfa4f440bd900604e3423d59104cd,1065,2,2,-3.1476688,-1.0948029,3.519411,0.7185111,0.811062
1073,train_images/46d3316c4857.png,99ed329e1d7b4e3a4e554ec5ca138085d2ab9f43076cbc9653a851dd99ef82bf,1073,4,4,-5.290165,-2.5385265,-0.19354391,3.4901814,4.9841537
1075,train_images/6324d77cf926.png,797735fe5c7eb86be02887d1fef713d69ea55046845075fa9adb10e42953de5d,1075,0,0,4.612465,0.4066906,-0.5440049,-2.939857,-1.553565
1084,train_images/26fc2358a38d.png,f0ec5c6e8fd5834799cff311239f54d4c9c53dc460847cf2348fd75763732bbe,1084,0,0,4.695444,1.3287792,-0.72426844,-2.7739964,-2.5787098
1092,train_images/b46b09a45f39.png,6f3ebb6802bda9a6bfb43474d40297552117892e99fe7d6efc5cabb803759009,1092,0,0,2.833025,0.7252712,0.41624117,-2.6597075,-1.1675811
1094,train_images/252305189b3a.png,04c2d9b6e49414fa3d1ffd1fe9dd6fc91134d4b5c97918baf5bdfc9bfaf76b60,1094,0,0,4.0764523,0.85058594,-0.44171667,-2.6144986,-1.897419
1096,train_images/f18abfa690ab.png,ce1481cfb40096f964996c7c3f95f90529d1eea0b12ccc9593b6935f678b3da1,1096,2,2,-3.377306,1.4904633,1.5051429,-0.31478786,1.4122365
1104,train_images/d9ad2a0ec026.png,4dbb002a6252332bdf4856cbb7bef2ba10344f89a00e29ea73ae59694f522164,1104,0,0,4.6236534,0.8893757,-0.46211958,-3.0764322,-1.8838513
1112,train_images/e30a890600e1.png,1cef8b154783149300b5f47cbb8b904827cb19f28e85dd5a2b66b461a3eb6397,1112,0,0,2.8185635,1.3216133,-0.3539734,-2.611817,-0.99187315
1114,train_images/9e5737f771c3.png,e656821ea25ff6addb3050e1a82044dfbc71e6b228b729c983eb3aa1f37ac090,1114,0,0,3.9471397,-0.32932854,-0.6160126,-1.4184175,-1.4871304
1115,train_images/2fde69f20585.png,4c617b0667d1083e09b1e2059d9d9ff651fac14429e05d4d3ad369ea2c685d1a,1115,4,4,-3.5316372,-1.9522877,-1.2395225,3.1916966,4.1089373
1124,train_images/c25e02b39c01.png,8a8e17ddd777459f37c62f201e17385f537287aeb1590ce9c4f24fc346d1bf12,1124,0,0,2.2091331,0.891407,0.6989479,-2.7637658,-0.8466079
1132,train_images/9a7bd084395e.png,4223c1f164475651bfdd059c4deaee768b2a0c7c38b76a8b73e893bdf91b2817,1132,2,3,-4.1723824,-1.3420677,1.5551107,2.9114442,1.652939
1139,train_images/8a01daa423f7.png,881c7ce2aa009d1412b81b51d64f543f90f48e6c4fe17271e8b68b55f225127b,1139,1,4,-1.8720264,0.6076107,0.9712887,-0.97426367,1.6068094
1140,train_images/b9fe7da14a32.png,9ca4b9486c1144f34e5eaafb3676d9e70795d4835d65e168888b8f6d1d525843,1140,0,0,4.2529736,0.920208,-0.9287858,-2.678522,-1.5888467
1145,train_images/3c53198519f7.png,176149b4ad4e93374a8c914895a12aec5180b6e0b58328127a8ae92d22047892,1145,2,2,-3.4215794,1.5586071,2.4884152,-0.26788902,0.28553995
1152,train_images/f64b6e85f1c9.png,78be606419d7b256743b710b273c3e7d8b39fa1271b7dbed44a44609ea2571dc,1152,0,0,5.1809216,0.54886246,-0.61114025,-2.972736,-2.197409
1157,train_images/44e951e45dca.png,5d848f3c1d7dea0d8de9f25af92a0ad6ac65be0d19e8a590686008f6e6037f13,1157,2,1,-3.012844,3.214531,1.5832882,-0.894526,-0.24367228
1161,train_images/8fd7ad26e691.png,d386d6b040f09609640ed91cddab7a784c044e0343256680433d0b9210fddcb8,1161,4,2,-3.7893353,0.89970016,2.8573828,0.6175647,-0.019429475
1167,train_images/c3e02d4a1798.png,3c72d01afdff4761ea35c1169a7eedef007a241f5acf8dcf26fd0caa4101b9a7,1167,2,2,-1.7542095,1.6020756,1.8104067,-1.5971055,0.2837396
1168,train_images/5069feccd866.png,9bf42bd16a556775eeaca02212b8f8fb71d127a2f1027c33b202b10a09d6e5a5,1168,0,0,5.2372513,-0.3250904,-1.6357064,-1.5080609,-1.8699315
1173,train_images/17eff993386f.png,7f0a2856014f59784c8cc1c750a894052a57e1605f52bc34a9b4eae87925d0ce,1173,1,1,-0.9751549,2.4209404,-0.2989602,0.01911974,-0.7303531
1181,train_images/13d71389563f.png,9a1ca35289993c7db77f1b71b42a33e20a27852e1bf3d7d599ab80379288d6c7,1181,2,2,-1.455307,1.4072552,2.399985,-0.7800307,-1.0251058
1190,train_images/48c49f662f7d.png,026b573652957615c6c77503e4029da609bc01519a20a612a26f3d88fce4b484,1190,2,2,-2.5765533,0.7693367,1.7987475,0.47516537,-0.04396513
1196,train_images/e1b8acb1cea1.png,87399cf826489a02adad2640196600c7eff766ad6ef830df1586fabede2e9157,1196,0,0,1.9467812,0.84848976,-0.48685074,-1.8837109,-0.29536167
1200,train_images/d38cf0f4a9af.png,b66898799fa443fdb53c046a5cd2ade6ca7133c7bf89eaadf125cfbefcdad161,1200,0,0,3.6698875,1.0856838,0.3246398,-2.7231536,-2.3107374
1201,train_images/6762b2b48ea5.png,f718263a70a66094b0ed325a8f1b8476b45329ce7526091604733bf3f805bbad,1201,1,1,-1.1746235,2.0002422,-0.025792599,-2.0573945,1.5758653
1211,train_images/4c5ab774a381.png,03e9962039a8d8c9a1ca20f75eea0042adc31ca19c8d47744e5ce39a052af5b5,1211,0,0,4.51602,-0.14280891,-1.0808406,-2.0407758,-1.2334472
1215,train_images/f7defe70afc3.png,501a5eccb7ddf1954dc6e94aed7c92249ec1d8e234de74dab165d5fd83abb476,1215,0,0,5.4277763,1.5154533,-0.95666265,-3.496715,-2.4706602
1220,train_images/5723d0ec895e.png,d8d46aa0908ef3d82a5ec34ace06ccbed64ca647e2bcbd330a7905e85cd3ce49,1220,2,1,-0.5984802,0.8388958,0.30835104,-0.3949685,0.09058604
1229,train_images/ababe19ed448.png,2bc327e38d950fad243927d304ea62795478d069ead52a11cf5e5c693e42958e,1229,1,1,-2.4474182,3.3082085,0.7775204,-0.75381994,-0.5026585
1231,train_images/1d14dd912671.png,ce5b57bb7c1316065a3aad9d5ae832de2ef2a96bda018e772836485acdbd8d24,1231,2,2,-2.6596355,0.19280624,2.6042776,-1.0884509,1.671869
1232,train_images/352e4a939242.png,e986cf2457956d0fa8fd52a174ccff26717d15330304e3844019ce446fa0cf60,1232,3,4,-4.852976,-2.5117435,1.6849909,3.1047149,3.4149854
1243,train_images/596f4fdb0004.png,7e32af3e573074e1b1f4acef72485662c756f35afb405b1fcfc481721d330c20,1243,0,0,2.9759846,1.4002094,-0.56644535,-2.3011208,-1.6014454
1249,train_images/999ad827ed35.png,027e63029c36f7684ae2b7126351251a1133310a8595e7bcddc6b138b773697e,1249,0,0,3.9178047,1.0869942,0.025317669,-3.070312,-1.9118412
1251,train_images/08a3875063c3.png,f9a13a353b6e2794a2bf0a69984fd291a226a8a37cd38045eb725947e5c57498,1251,4,4,-4.60977,-0.5857868,1.6906633,0.991755,3.4876184
1253,train_images/a93f1ea3ff4a.png,c13e7eb278b3ca91fecdafc1398a792e83df58db7c69966a12193e6930425739,1253,2,2,-2.191801,0.853405,1.9807477,-0.4885745,0.61151695
1260,train_images/6f0463c1ff18.png,8cc194498af04e7cbdeb636afe03f0b97abe986010164196672e754cd0f4f6b1,1260,2,2,-0.4574356,-0.2884636,2.466817,-1.0348725,-0.26710805
1266,train_images/b6d9974443ce.png,1d8eae919d112b0f0960c77a8648e5c9315ca372c5a5ad401cce20a3a25b20b3,1266,0,0,3.7598152,-0.8118515,-0.9967871,-1.0849285,-0.8008903
1270,train_images/18b06f56ab27.png,bf28abf7cf473dfc26553b379cf1acb02460bd21ab6143fa61a003c173967060,1270,1,1,-1.0740604,2.0355434,1.2028246,-1.3957677,-0.33714297
1276,train_images/1a369baf9ee6.png,9ef1fb0ccdfe829af8380619d2d1ed5b2e81f5a4be3ba6d837cca52d68f0a579,1276,2,2,-0.9109497,0.12779045,1.8210192,-0.55382204,-0.04568389
1283,train_images/099021fac3c9.png,13e80c445cbf374c2c3b53ed5a7c99b0fa1ea43811b1533d84ecd40900632629,1283,0,0,5.258007,-0.28028297,-1.4305606,-1.8514647,-1.88164
1286,train_images/582f739b8f62.png,b4f611b3d195c49e35fc2a3fb647a966b9b6fe70cae69f1e2af77a964d3f5e0f,1286,2,1,-3.9086437,2.1587238,2.0921848,0.049746037,0.47713587
1293,train_images/9a3109657ac1.png,db56784b762de05ec1ae3f5fd0f471f1462246050a924a40fe1c179bd4c022c1,1293,1,1,-1.5066147,4.6119556,0.96127605,-1.6612363,-1.9433322
1298,train_images/35beb47fe159.png,8335bc95b108bc9281f34302c34b75895dfab1d5e0e8b6ea0fd10677a90516e0,1298,0,0,4.2329006,0.3679676,-0.16068316,-2.876538,-1.5036016
1301,train_images/4a0890b08532.png,a562e39baae39e773ee3efe50fa30e1861161a7bb8d5d8b303ae38c80e33c423,1301,2,3,-7.3164444,-0.80685234,3.616299,3.857225,1.7033234
1302,train_images/f7e9fa75c7c1.png,66b30159144ca3b3db21c286fddd13abe08d2dae4716469c7977f9bdff200107,1302,0,0,4.46859,1.58568,-0.50562954,-3.534779,-2.0545619
1307,train_images/0ce062f26edc.png,35b5c66c9071b6e259aafbb73ba0325e5b6bd4e75c746b8e7994e7f92a7becc3,1307,0,0,3.0535946,-0.23652458,-0.85924387,-0.88664293,-1.0160594
1311,train_images/7ee6de71c140.png,9ad89af8b5fd14207dbf845f1c7ffbd1547c2ebc9b535ddb66172af67f8a2317,1311,0,0,4.4955883,0.49658585,-0.30934477,-3.4453087,-1.2313644
1322,train_images/37c4dfe03aba.png,4b978630567ba0a06edf803ab37a5e0ce1da5f275e5e5aef8f026cc110779cc8,1322,4,3,-5.193495,-1.0996361,1.2504408,4.5936036,1.1557907
1326,train_images/d16e39b9d6f0.png,1487a147691df11aa38895f6502ccebdd6bead66ae960bc974c4f7157a16d893,1326,0,0,4.401024,0.048160553,-1.5711417,-1.7677455,-1.2995856
1327,train_images/9a1029536d78.png,9b61929b4aaf07f2eb6273e29a2eaea2b1c4790178ab7dca032ff9a233e3bf25,1327,0,0,4.1798725,0.8855133,-0.9866128,-2.204811,-1.8974876
1331,train_images/12058bbb8299.png,176557cc89459c69f2168dec71da5241afcc57e04afb462be6ff4ca7aac25ab5,1331,0,0,4.2339954,0.51428986,-0.2812848,-2.4825368,-1.9290259
1335,train_images/02dda30d3acf.png,92fa31748c1b01be89a88d6f005bebc28ff219abeb9ac04ee0eadebd16f42f36,1335,4,4,-2.175539,-1.316452,0.25091052,0.05293894,3.4172788
1340,train_images/01f7bb8be950.png,02fd7bff6b85f8bf7b6904c40c0135391ded73131a4aed060ee55195ca3bbb71,1340,0,0,5.646537,0.6798897,-1.5149026,-3.2397804,-1.686099
1345,train_images/65f69234c8a7.png,2006c40a8335345e4f7fd2039175ed6c937652a0de7464643a7fd63fdcec2d08,1345,0,0,4.536396,0.7692394,-0.6580372,-2.5328155,-2.0464127
1349,train_images/6b91e99c9408.png,d30574bba09ba36ee383af6bc66f433c118b18d38c32c5f101e4e1806e87a53c,1349,0,0,5.460884,-1.1219273,-1.3357115,-1.6142745,-1.3592967
1350,train_images/c7b622ec8104.png,5c8d9b62c71c43822959e5ac857d1b5aa9e1c4ad503da218fea24cd605859ea4,1350,1,1,-1.2239819,2.8092155,0.37248278,-2.1879954,0.65683305
1352,train_images/3044022c6969.png,c216c357fa59ecd728a5211694af6a5d18f398b4c364a779e3d6ce6f82cfbc0d,595,1,1,-2.1932125,3.1625633,0.9937041,-1.5856738,0.1562812
1361,train_images/9a28d4e8aef0.png,6a10f05d2beccc134cd493ded91a12e579a18eab3c1b5385f5524c9ab1846343,1361,2,2,-5.429062,-0.8476753,4.0114145,1.2660394,1.8196907
1366,train_images/31452ad8808c.png,ef777924d9fed2f83e71bbdee3889032f1c1d887dc959fc1d041f7ef74157625,1366,2,2,-3.8513775,0.9992733,3.4997578,0.89201736,-0.64847803
1375,train_images/1a1b4b2450ca.png,520883df0f5735ebbf1e21b085ecb6dbe4f8b135511616203183416afef4e49e,663,2,2,-1.8620834,0.4346199,2.0121808,-0.21523428,0.27905402
1378,train_images/172df1330a60.png,60bfcdb5bdb568c7795e56bbd9ccf9fead27789709b9cdda2c397915e76e8c4a,1378,1,1,-2.8345852,3.0767422,2.3522303,-1.9734592,0.096886605
1381,train_images/fbcbc81cf9be.png,7688ee8632d0526c8f747222f565280a477f01cc5ba499eee3f19877b23540a3,1381,0,0,3.7993526,0.8240509,-0.15319204,-2.8280602,-1.6226835
1384,train_images/c947bb6cf9f6.png,20cc6987a96bb11c53ec2599a57d63fcb56ed67856bb5edcbe386f6288322cc0,1384,0,0,5.2015705,0.74962616,-0.91117287,-2.0284085,-3.0047858
1386,train_images/2a3a1ed1c285.png,4b81430cae386db2b934e8fb0a8a138cefbe6b9ab9d28df2af982cece289a385,363,2,2,-1.9391727,-0.50535774,1.9498978,0.51784563,0.5182284
1388,train_images/f252046c0fe6.png,87ab6942de3bbaf42e7e005ead8ccb1e9aac4d19dd37293bb1533ffcd270a1f8,1388,0,0,3.6417465,-0.10293198,0.16352439,-3.0529325,-0.6752311
1397,train_images/b2aaa81cc8f0.png,f98ff8a883e051a12ee88761de53266fc3a9f0b5aca1d6fc23a79a371a1e90ee,1397,2,2,-3.6265068,1.0770149,2.7656326,-0.0032787323,0.41136298
1401,train_images/966c07831334.png,3cc12bfc9dd9be56c4291d85be6ff2f690d1a7635bcd59eded966782e980a674,1401,0,0,4.102833,0.47995758,-0.41435385,-2.2391114,-1.9787982
1406,train_images/ec6659926105.png,4515cb1784ae0e0f677606876337620c88778d9e3ba6e2af05cf60e4627ca812,1406,0,0,3.9577732,0.59438515,-0.13461256,-3.0638433,-1.4328907
1413,train_images/21037f5c7790.png,b11dc14e37a6954e65ce480c0ed0c195c86e63a56df703a2bba271cb2c24bb86,1413,0,0,2.769907,0.4372139,0.18491268,-2.3740292,-0.7772558
1419,train_images/da0a83f074f3.png,6ef48397572d697ab747dc1eea43ca450ea98f0d3ffb22cb4b1fc4eef2365287,1419,0,0,4.588028,0.46461296,-1.4101019,-1.7567863,-2.002829
1424,train_images/98f48850ebce.png,bf66aeb5390f53a2c247b6fc9c960a6eb2ccce249149792870473d9c57ca14cb,1424,2,2,-2.4803314,0.7028675,1.7996213,1.1571374,-0.6322992
1428,train_images/44ecf3f4efa5.png,ec18cac8517844de9149e062cb740dffd22593a5340541c4d2b67a96ae8ef6a8,1428,4,1,-2.9360867,1.8320217,1.6874409,0.08377552,-0.0025292933
1437,train_images/bd500a73beae.png,a787a9ce24376ccdcbdd0bbfc8ab719f284038b2f5ae363b3665393bb0f8aea7,1437,0,0,3.310751,1.2035828,-0.66985846,-2.6389709,-1.1870828
1438,train_images/91b6ebaa3678.png,e7dc7d1cb41b01fc6784700a42e961176a2ca8b95d6d011ccc85728232ff0678,1438,3,3,-6.550024,-1.8301678,3.3546894,4.3684325,1.5628484
1440,train_images/c5e238aa18be.png,8ce31cced70e9a2eee7c9ecd91c09edbb64257d95a14be71854b73ae3687b89d,1440,4,4,-4.0445557,0.41712952,1.0572004,0.7879081,2.478635
1449,train_images/f8372e80f731.png,814e932a010f71171bb08f1d7d54b63e35757d372666ba8ff1333cf474f5ce95,1449,2,2,-3.1508026,-0.877306,2.0368698,0.84046316,1.7887602
1455,train_images/bb9a3d835a94.png,f1f5b7c4d151b82d90a51343d0cb4173704513f6ab8967c314c0709fa7d4db60,1455,1,1,0.6736641,2.652029,0.41058683,-2.562018,-0.9485326
1456,train_images/8b568d47a1fd.png,96afec9ed3f09841f03153dd91efae89b6fbfac52791377796503343c953b17d,1456,0,0,5.3374805,1.4273205,-1.1137958,-3.389277,-2.2938538
1467,train_images/a821b6ecef33.png,234652657b3490b8eeef65a6cb915de3e9399108d5c5e5f34e0cc3a17148702c,1467,0,0,5.8821507,0.36310005,-1.3925095,-1.55269,-3.4011004
1472,train_images/d6f6bdfd8011.png,73ca7a3eaedeef1b293439b9c1f8f703663ada8ff5247bb813a8d75e4bd4aa33,1472,0,0,4.7073917,0.83024216,-0.6563072,-3.2524595,-1.6850259
1476,train_images/080f66eedfb9.png,44427ad4368ebe3735fa6f626d739c5da46c9e15198a436cd74f706d0bbea20e,1476,4,1,-1.153986,2.874321,-0.49075508,-1.2053337,0.39148936
1479,train_images/1cc58b15f466.png,729780d65c747bb38b41bb839462c2945ef2dcd2c7fd2b32822033147183c298,1479,0,0,4.083,0.4432354,-0.67171097,-2.2149315,-1.4958972
1486,train_images/d567a1a22d33.png,433e567384d685044f64956cfe6e0764d6f3e10c62e4beaf613da4c61d01ef73,1486,1,1,-1.9796906,4.5727367,0.92831993,-1.66992,-1.3733763
1489,train_images/10eefba568dd.png,9544c1e7dd75d02e8f74963d64844a5397194d250a2d21bb89b7d2f9636fe64c,1489,2,2,-1.600853,1.538063,1.624028,-1.4538751,0.33906874
1492,train_images/eb1ad14dd281.png,a571231d7048b184a560711375e5c2014d032f8258a4b5e84d4dbf61765cea9f,1492,2,2,-2.5495777,1.156023,1.8198636,0.15987349,-0.04391578
1498,train_images/e83d315d8f98.png,1b31ef37d22590a6dcb504a4ffbd879423e96a9383f06c8ed07f85da390ad00e,1498,2,3,-5.8495617,-0.6526165,3.283161,3.3340783,0.4579738
1505,train_images/224bb938e2dd.png,52e182abb40db4059cb220b429180d72c0b779979e6c3325c796eeaabc9bce31,1505,2,2,-3.5781422,-0.39522552,2.6817784,1.0270557,1.0638695
1506,train_images/02da652c74b8.png,f4e2f9434edd85b4fac2b03bdffdf22dbb36fbc274b4574d35ca0a9d16903dca,1506,0,0,3.4773579,1.4228516,-0.42530394,-2.9250448,-1.502346
1510,train_images/36041171f441.png,9a93a477d03f9ba6d61c08bb054c8b82ae32e1a223120ec49a73b9faae97f921,217,1,1,-2.2472248,3.3337364,0.9863484,-0.9760461,-0.64289594
1519,train_images/fecf4c5ae84b.png,1bdaaf702098d21ab5c631ca727a3888c33f06b9c5c97c9a7f4b20b9179bf2ea,1519,1,1,-4.0615273,2.645029,1.2097483,-0.073723316,0.8866265
1520,train_images/12e3f5f2cb17.png,433e567384d685044f64956cfe6e0764d6f3e10c62e4beaf613da4c61d01ef73,1486,1,1,-1.9796906,4.5727367,0.92831993,-1.66992,-1.3733763
1522,train_images/04aef84a2cc1.png,f29b614e934f0e8cb6090f32141b35de374dd12c2dd0e46fde4f272c854ed865,1522,0,0,4.8162727,-0.1718769,-1.1205449,-1.9260969,-1.5953577
1528,train_images/1c4f3aa4df06.png,12daaa224668fd8bc004127e86acab8a131705550a148ef963e60d2d9163ad99,1528,4,2,-2.55892,1.4103222,1.7014031,-1.2787957,1.3592443
1536,train_images/bf7221a016b5.png,863730b974cd8f72791b1f5e64386d2435e4b576411997f51691886f290a189a,1536,0,0,3.5867577,1.5751991,-0.49214458,-2.7087393,-1.7615726
1539,train_images/65e120143825.png,f12dedcf7782ce81e2185e7a48ba23b2ba8aa83f21dca906961ea204937d88db,1539,4,4,-4.264015,1.323658,-0.09346342,0.84874105,2.8662903
1543,train_images/24de56d433cd.png,44def2b7fe08527313a0cc98d05ce770cf3ed3a226e5ae8067605979fcb47822,1543,0,0,3.6434078,0.77675056,-0.37867594,-2.8227782,-1.1936886
1550,train_images/00a8624548a9.png,6ddee2bf8f9deaf83d323fd261b04698641c399b25bebc9336a44f24abd61d75,1550,2,2,-3.1434078,1.5747261,2.4115539,-0.38187647,0.124838084
1557,train_images/4384fa687afa.png,7f5f7d59ccaad9245bc54b769291b20440d9a2d11a82605484855051169863e7,1557,2,3,-3.0251637,1.124052,0.7317207,1.938312,-0.11165723
1559,train_images/a8b637abd96b.png,48a9d85112a68daf53a05641191f84b6dbd8d03b8dd3f09d8c86a2de6ad451e5,194,0,1,0.75892067,3.42515,-0.092033386,-2.1802354,-1.5853701
1566,train_images/1faf8664816c.png,8990ce72912acc86a2bef8a22eb1f210040a3e402c1d6ad04423102c717e7793,1566,0,0,3.5800934,0.00942421,-0.12777615,-3.0209184,-0.24954823
1569,train_images/5bf3357a2823.png,d6951b9eea1457757f3fdfd976c91944977fc1bf985a4840f06a60208f5a4503,1569,0,0,4.5108585,-0.0068912506,-1.106637,-1.4178138,-2.0493636
1572,train_images/83038ca49b6d.png,7c92944228879d7b59531e9ad00a99b21974b984c7c223ed4f7fbd127b813788,1572,0,0,4.308407,0.5230732,-0.011602879,-3.00424,-1.7559681
1573,train_images/38e0e28d35d3.png,035fc09853678cbd8c32c94a7cd728f45e033e5c7727a826719ec92e8eab4151,1573,1,0,1.8788376,1.2083645,0.15028858,-2.2072005,-0.8541788
1581,train_images/27fca9f12b3c.png,9cff705027877c45e41e78a012c239a0eedc35e15a90127ec2f249fee6b0e833,1581,2,2,-5.0215816,1.4346371,2.5558565,0.87898684,1.0791891
1593,train_images/665ce639a331.png,df55cab58fce1bab36c3eb8bf450dcf625ad74da87d9d2f5787851614c9fdbc0,1593,1,1,-2.0013142,1.2503834,0.9770098,0.33587742,0.01580146
1595,train_images/3a122851e526.png,81ff49d7d8109ffa5351473076b38bd5afd80aa15af2e2ea33428c29ca3af456,1595,2,2,-3.8984108,0.2883396,2.9726276,1.3248115,-0.033174902
1604,train_images/807135cbc438.png,13aa7553878cfa532df1c8065fd1b7ff5ed5809e9127ffcd1687daa1de81e170,1604,2,2,-2.585266,-0.3792591,2.667373,0.80781555,0.095900565
1607,train_images/e42d9a94a66d.png,e5f37761e851627c9aeeef6a37f88f065d996d7a3d0d30466ad3f9694196cfb8,1607,0,0,3.9217052,1.5772686,-1.0695806,-2.3329248,-2.010831
1611,train_images/a02dfd67a925.png,8af5e78e55307b91f8e688ec6da8d92a5f7d98a22b8023923d4b7ef3b02c01a6,1611,0,0,4.7130527,0.7643223,-1.1993647,-2.5530076,-1.7186606
1612,train_images/6987804eb464.png,bda9d6de5454c615a56d5d1213ce0464ea2d4d7f64d6827a928c421786101840,1612,2,3,-7.071295,-2.9255123,3.7975016,3.8059115,3.3994896
1621,train_images/a015ce4f51ad.png,21552bf40ea1a161fd11f3a5f07d09f09f407ecff7fac2e6195859c7c7d59d25,1621,2,3,-3.8757381,-1.2140617,1.9512117,2.0349116,1.8370984
1624,train_images/3a643599f852.png,cb95c9e3fecc8dcc48009bce3fd7bbf8a472367b947f52e91122e9d33e5100fb,1624,0,0,4.7577133,0.6083393,-1.3232894,-1.8514404,-2.413846
1627,train_images/1ee355480567.png,b28e299a9b5813f50796b02ed4ea9ae6fa40f803b0856eb0c7ae9e94796e8e8c,1627,0,0,4.5253353,0.65140724,-1.7187243,-1.9729295,-1.5283031
1633,train_images/780f9daaa24b.png,5666ce883e975d68922cf4b02ea69a8543abfabdb3689e276d04ef0a5a1440f0,1633,0,0,4.8355846,0.8924637,-0.3659382,-2.8646395,-2.5466502
1641,train_images/a8582e346df0.png,ac3c47f35f5139dc134e1bc994b05a26d60b139420d0f7a8ca83d78f7d648218,1641,1,1,-2.2791824,3.7354698,2.0206738,-1.5720587,-1.1812396
1645,train_images/c027e5482e8c.png,ac3c47f35f5139dc134e1bc994b05a26d60b139420d0f7a8ca83d78f7d648218,1641,1,1,-2.2791824,3.7354698,2.0206738,-1.5720587,-1.1812396
1648,train_images/949710bead24.png,fb764902ffd04c80be24a4478cffe22090cb53a75eb392828781e0d916b4890a,1648,0,0,2.857439,0.23569489,-0.05878353,-1.0983934,-1.9177234
1656,train_images/87b1938994b5.png,09ba82a15f93e191e9338f36fb0ad0fc8b29942420d8b2401f4f5ff77eb2480d,1656,2,2,-3.4706402,-0.48898888,2.900723,0.89213896,0.9759873
1660,train_images/799cb4c816ae.png,afaa8ddb09e077f229bd788203d4d10a10439961cdb39d1ef86360b1139515fd,1660,2,1,-3.7407799,2.7624512,1.6237853,-0.7142639,0.82383144
1662,train_images/531b39880c32.png,3594b779d79b6a873bcbb458144c8629daa9fa376f8916566e15d9bcc2fc869b,1662,1,1,-2.0124378,2.8513088,1.0568674,-0.8940778,-0.3587127
1666,train_images/76cab26493f1.png,38f1463f384537b957427664bd2362c07e87c4c4440e5d9abe426781889e59e5,1666,0,0,3.3137245,-0.39175034,-0.4684658,-2.0250864,-0.32668284
1673,train_images/ebd96d853918.png,18844e86c52e1df9993743b49fb9e401c9de9f6080fec0ae6f7bea28c7252071,1673,0,0,4.306877,1.6316948,-0.73882914,-3.2235324,-1.9451449
1675,train_images/e229aca862c7.png,b4759238e167eff81a2abb051609f15960af5be7365dd91000660d2b0077f91f,1675,2,2,-3.8131256,0.36745834,3.3545856,-0.095016,0.9204856
1677,train_images/d9ba044671e1.png,acc3ced85e64ef87ee4a2f66c4326f36913725fc428522ec96d4830443cc7243,1677,4,2,-3.6988258,1.663168,2.2037497,0.19913721,0.30247435
1682,train_images/012a242ac6ff.png,8e03a481f0261723971041df11c093cb920f5dbe2b375844ea42dff83d270ab6,1682,2,2,-2.9365788,1.106657,1.7207313,-0.32543945,0.91176116
1695,train_images/052d9a3fe55a.png,b7640819bda6f6c53a35df2f1b9d2cf00ce229f3305085dbc15e1694009f1a49,1695,2,2,-2.0560455,1.7588806,2.9987054,-0.6701474,-1.6372855
1696,train_images/81d79d53ed7b.png,51fd089949a2d5fc6838eeebff313231ba8dccb0e1f0555d76f58aba9fddc3b0,1696,0,0,5.6754236,1.2326546,-0.6202102,-4.0588493,-2.2707381
1701,train_images/e32dc722eca5.png,b426b772cb49868e0be7f5c143e7dd7f726b1fbdc13fbcf9599878e7aeec3a57,1701,4,4,-2.4838371,-1.7431183,1.3059657,1.2093854,2.29347
1705,train_images/211518c46162.png,9ce13ebb91b5a1737e9c9a37d21cab8f29eb459a04c85da5f77b097c7b9e57a1,1705,4,4,-5.034191,-0.36904907,0.74186707,2.5726924,2.6827302
1713,train_images/a4d4b69f7404.png,97d749a686d94320e42ff0979558dfe9f22c9654013125cea02458e725163325,1713,3,3,-2.0091114,0.7060032,0.7536361,1.0203581,0.056884736
1723,train_images/fe0e2dee1834.png,434ecdd9f3c6527a752e8e062602620532d634325f0f85d3261cb4b2a0997a9f,1723,0,0,5.083498,-1.0897579,-1.4113574,-1.4491816,-1.3541608
1727,train_images/4c78d9d18da9.png,40b5dc56a9efb51cfff4bd4c88229e29f4f88e5231263da8449fdbdea57c52fa,1727,2,1,-2.8129597,2.5525475,1.5769928,0.06513643,-0.7720716
1732,train_images/991a0b7a8c87.png,3baae8f15493fea65d09d5127fc54cc96f29130639a453216fa4c339e9f6e9d7,1732,0,0,5.498369,0.54291344,-1.6159368,-1.5988307,-2.9118478
1735,train_images/d1a24527a15d.png,935aaf3323cdbc0d1c7337fe0b6517152729e768670cc4cdd287e1d8a7198ffc,1735,4,1,-0.0691185,2.3234158,-0.14172983,-1.5803924,-0.17263332
1741,train_images/d1afdb8cf70d.png,dba3dccc1563a3ecfd7cb4e9a511f8a9f7920b9d8476afe2a10a15de9e4e31f5,1741,0,0,4.2755013,1.6511478,-0.723691,-2.8446107,-2.4089239
1746,train_images/4d009cebabc9.png,10a2397222e08b4f1dd1c77833394e52300a2e7b904d8b03d7649e68cde50914,1746,2,2,-4.493807,0.8777771,3.4573693,0.79682493,0.23205283
1753,train_images/675de69373f8.png,de3d194672ecda1136bdf8f7f7cce58abf805cbb3f59908cadc5a0a64522c5f9,1753,0,0,4.633665,0.36673737,-1.5062251,-1.0027242,-2.4761586
1755,train_images/96b5474ae604.png,31310b51583f0b8866273531e400a1280b70a4c7116832791f41da242d2c89ef,1755,0,0,4.4109306,0.2535553,-0.22879982,-2.800086,-1.4878807
1757,train_images/87295c5fa1cc.png,8da2f351eaa9d57ea94c37c35df2e1bd549659d000a1f9ed1b11299064f89bca,1757,0,0,3.8002968,1.041338,-0.74908304,-2.4633875,-1.6198738
1763,train_images/0212dd31f623.png,778b89b62aebc3d06ac48595680749c6150a687a90cfd4b8ede51b41b3733784,1763,0,0,4.1622066,1.3683891,-0.35169744,-2.6095915,-2.5709684
1769,train_images/0abf0c485f66.png,eee2fcc8ce8e24c9aa13f5d7d6c2b30b84d00fc97d1c29522cdb3e69fb0bdfaa,1769,0,0,4.8019466,0.31885147,-1.7648673,-1.6796565,-1.8479483
1776,train_images/e7b5dd5bab1f.png,edd718dc08532f5a92141647d385b4e3f8a66358c536a42f369e84a1c13d4f25,1776,0,0,5.4350758,0.5375881,-1.1613908,-2.8424287,-1.9874341
1778,train_images/7102f29e052e.png,7df14517be051cec7651b65ad5b9e759a76207cd0f7a5cdf54d3803478983121,1778,2,3,-3.5578175,-0.3340435,1.6369343,1.7395902,1.1237006
1785,train_images/4e1e252317b5.png,63352a7042d3c846b16544f01298b91f4d17d9421d495d87cdd7ec4624f53124,1785,0,0,2.784195,0.518343,0.22201562,-1.7199178,-1.6493862
1791,train_images/a3d2a0c4cd17.png,ade62578e8474787bffd44e7e5ef4e4685e4018a171df276ec2701cec044c15c,1791,1,2,-4.918949,1.143528,2.653255,2.1421523,-0.024055034
1792,train_images/74211a2b6dcf.png,0d34db0625c3940a13ff02eda65c83e5705d8e6f63f163578c0fc5d5e54832ef,1792,0,0,4.1270447,0.25615692,-1.6244621,-1.4847927,-1.2394319
1799,train_images/cc839823755b.png,9bfcc5854766d92c2f3bf3426604730d6f88431b373c14dfbb34b5b11ca77d08,1799,2,2,-4.4036007,0.6110573,2.5802941,0.98678875,0.8996706
1802,train_images/15c24478ac72.png,d57f975d94dffec264850d22ce42f65397f0d7dfefc3773be8259a7f1d088392,1802,0,0,3.0776882,0.865242,-0.21235085,-2.4115267,-1.1222277
1812,train_images/8114d6a160df.png,ff13b297e601f227f0c34e4dc85862ddb56b0771e977f227d6a13404fc9a1946,1812,1,1,-1.4307499,1.1481056,0.54722404,0.88725615,-0.6052984
1815,train_images/f3b27ac2d371.png,23c2515dbb3dad274b7975aa51ecea89378a12d78bb23325ed42c7b9e92aeea4,1815,0,0,4.8282204,1.2298489,-0.84771824,-3.007679,-2.1919987
1822,train_images/1cb6961d141c.png,0a282f1841f895ce3ff61514bae869d3d84d3156ffcb10d918e115cc0bdbdbb2,1822,0,0,4.168806,1.0285225,-1.1302557,-1.5981789,-2.4425552
1824,train_images/ca30a97e9d13.png,fb1c06bde3bf619735af9ac44d9b8beca9681d8f27ad0d6f1575c700fce9817e,1824,1,1,-2.3552399,2.8452988,0.23843026,-0.25171518,-0.017283648
1833,train_images/a01024054596.png,18de4ee563e2afcdef73481368e71dddbb0152719edfb26b2c2ef3663941ab54,1833,1,1,1.3383789,2.1912556,-0.6940117,-1.8723226,-0.7105458
1839,train_images/11b220a397b8.png,438c727b03316c1c4ade63115b0a4b1b90497bcd5bdfe84044c1ecc8284cfd08,1839,0,0,4.354765,-0.42889595,-0.886816,-0.94095564,-2.023126
1842,train_images/9be0683649ff.png,f28b57630fe9c29a29ee6daac9f4196543d459005eec62232f69075bff96e64b,1842,0,0,4.1175632,-0.09180832,-1.2945552,-0.752934,-2.0740669
1847,train_images/772af553b8b7.png,9911bc04a23b72503fbd07439b378996d66845174e6035de61e8a89f268098a2,5,3,3,-3.9088135,-2.6830082,-0.48963308,3.9087243,3.5816257
1850,train_images/49c5e7f6b8d2.png,c4c689092c2b105d9d682a8463affad20ca4539120657802de4c6e431be5ebe8,1850,1,1,-1.8140564,3.8056011,1.2790706,-1.194891,-1.5248077
1855,train_images/07122e268a1d.png,f89bca08645bd43831048e7c322c5cd6bb8ba0ada7326c01db6d764ba6692dbb,1855,4,4,-5.0085297,-1.3264046,1.2418962,1.6372571,4.2056236
1856,train_images/17d7d6b092f4.png,f41a32c35ccb5257b0d5ee3d5fbe2f4254dcf46cf69afd7d6debd483e58dc3df,1856,0,0,4.728897,-0.66786003,-1.1038699,-1.4255738,-1.5349636
1860,train_images/b6304c545f95.png,463490bde6419393c5850567e70871b17bce171d03588511cde83733f7c0336a,1860,2,2,0.044872284,1.4245605,1.8231783,-1.9296756,-1.2857313
1867,train_images/9904939ab83d.png,e9c54dc9b548bd9eed5cec94cfdc20e4fc774ac44c543389ad823d5c7cc0cef0,1867,2,2,-2.659958,0.90385246,1.7016611,0.99480104,-0.43499473
1869,train_images/f71bea807c96.png,449698475c4b481a5ebb29338e841d283d959ea6f28b3c613bee594cf7914bb7,1869,0,0,4.9353485,1.1873856,-0.6453972,-3.2254362,-2.300677
1880,train_images/35ac70c0d08f.png,0ad21e1aca6697e35e8f51c028d7b4193d0faa02c56224a856680ea3d0e0e214,1880,0,0,4.6521034,0.92655563,-0.8651099,-2.6296191,-2.1393456
1884,train_images/8e63fc4ab532.png,9479cf7f20790f64eefa6bf6c5b0d3c137303010d4789dfc382a461c86426020,1884,2,2,-2.1364098,0.8489723,1.7178369,-0.016803265,0.112648696
1890,train_images/135575dc57c9.png,15f09e0ce997d66519f8b453577944e7e657db2f53903d07b3814e9e485cb6a9,1890,2,3,-5.44808,-2.4119072,2.415208,3.225573,2.9369264
1893,train_images/a9a28c37c8c4.png,da801506dd021cac4c480f5c62eff1e6a75a211bfa9c9fa38dd3471c198a2a6b,1893,2,2,-0.54610634,0.721468,2.071479,-0.9670677,-0.8301711
1899,train_images/c9485c38fdd5.png,8007a8ea036021c27a69160557fa275410169f50be8cf6cb396eeb731fdb667b,1899,1,1,-4.3640747,2.1763115,1.7271762,0.7355609,0.46714827
1905,train_images/891392c9683c.png,cff6c8ca0f6dab45c22e4b73d57381670bec63e48aa75fb6b9fda304f55d3a86,1905,2,2,-3.740284,1.2586365,4.2164993,-0.39538336,-0.757087
1908,train_images/e1ab92228e60.png,ed8fbdd3792ee6cf27989e1901321a2a71c10997b0124a88ef23764a061f2505,1908,0,1,0.8236866,3.305029,0.21397424,-3.0257099,-1.064778
1915,train_images/7e4019ac7f5a.png,be75897eb2dce12ca4ca4a790b5be65a4b821f261dcb6de464ff01f39fb16538,1915,4,2,-4.7178555,-1.0004559,3.4836168,1.3005538,1.9493394
1921,train_images/84e8c62165b5.png,0ebccb28d7e5ce6b99d1c9e3980ae26993c9d2b7de2ad240b93ed3b13b5cfdf6,1921,2,3,-5.5957355,-0.6463375,2.161557,2.6099734,2.4953234
1927,train_images/542964865b1e.png,72e83653f52966cf9e6f0ff223934de19cb422172542597f43ed569ec4bf3149,1927,0,0,3.320959,1.4467716,0.29451323,-3.3471196,-1.6535561
1928,train_images/7e160c8b611e.png,e7dc7d1cb41b01fc6784700a42e961176a2ca8b95d6d011ccc85728232ff0678,1438,3,3,-6.550024,-1.8301678,3.3546894,4.3684325,1.5628484
1936,train_images/7f6ce40f306b.png,1664dba828f9e28572491df0edd44b6c3a5bebfb44066bfee4afeb45e8fcd5c4,1936,2,2,-3.4748096,-0.05338669,2.6738575,0.3777628,1.0045145
1940,train_images/ad6b07d5c338.png,a7ea9a6c5469edb0341a8b7f19e51608c799edca6777093410f649390b58278f,1940,0,0,4.32868,-0.6470547,-0.5572357,-1.4149609,-1.6584203
1947,train_images/5293576816aa.png,821ab18fddab2ca0344dfc3b00a91676e73a3d1126c15cb6575a5f98b3a9f9d3,1947,0,0,4.1174755,0.4045086,-0.017361164,-2.4430537,-2.140285
1951,train_images/6e73acb2cf60.png,fc33c7a1b27b45f0e7a045b3ffbfafdb6dd23700553d55b4a3f57c836af003ce,1951,4,1,-3.2160454,2.5610962,0.958096,0.44879198,-0.1586692
1957,train_images/02358b47ea89.png,987fc6b9d1f930be38f3ac35d9e34b5e7273f22d0a1852e5f0660451965fe3ee,1957,0,0,3.7488518,1.3966026,-0.5085597,-2.0688105,-2.5092473
1960,train_images/6cb98da77e3e.png,026b573652957615c6c77503e4029da609bc01519a20a612a26f3d88fce4b484,1190,2,2,-2.5765533,0.7693367,1.7987475,0.47516537,-0.04396513
1961,train_images/93a1b984de84.png,fe4c75ebf284a3cbd8ad6c2f6013ae65441464e6d49d8ccbb0334cc019e28e77,1961,0,0,4.405039,1.4898376,-0.3495679,-3.1352186,-2.4128933
1966,train_images/0ad7f631dedb.png,1259bc68e33fe7fcdb2bbc059e9e2cdc213d58ec2e38595e07a6525168346ff2,1966,1,1,-2.2595863,3.0625648,1.2272813,-0.9036207,-0.44149545
1971,train_images/9ae54843c69a.png,4973795fd68d0695aa3507eb5d857770ea965d6b99b80b15e972f768b1c39524,1971,0,0,3.8424263,1.6795254,-0.13762188,-2.9436283,-2.4576113
1978,train_images/c1819db0aece.png,25b3220e6c6822d97beef3e18d435d0c3c3201a15081303cb030140199a9ee7d,1978,0,0,4.661865,0.60307693,-0.9953451,-2.6829534,-1.6213448
1983,train_images/09662e462531.png,7320d51b3058abc6e92bd4a72b8e4695c7f9dd22a840676ffa7aaf393b495738,1983,0,0,4.2181225,1.3800983,-0.9324937,-2.5694404,-2.0245292
1987,train_images/f35d80bb1a22.png,ee817cab46238f40859ef64dd9e09870c736381bb3a30a7a44e6d11acfb96306,1987,0,0,4.0858803,1.0202122,-0.66864824,-2.8462615,-1.5382464
1993,train_images/655cafb4c932.png,c7b16c240823c4dfc2d5ad9dbf3ed06aedb3d777628d3dd16d7c4c4759f534eb,1993,1,2,-2.9196033,2.3051395,2.8877084,-0.6227021,-0.90667224
1999,train_images/269b44e628eb.png,0f2188f23464e0654c72c0769480d5d001218fb4188816d9106aff7a9729e024,1999,3,2,-2.97781,-1.4655838,2.0573165,1.4219804,1.6706095
2003,train_images/98441214557f.png,4822064624b73b48fd0e423aa750a03965337986d0b9d8fe8db4c996aad52942,2003,0,0,4.006592,1.936655,-0.5272274,-2.9871168,-2.4208493
2005,train_images/d2c5fb82fe5f.png,44ac0189e306be3720e461f6006d8d8cb4b8e830ee4f9464f56553249d80160b,2005,0,0,5.304329,0.11549759,-1.5780663,-1.6813722,-2.184457
2007,train_images/a505981d1cab.png,90d799f53575cb8c72f9eacc3f463fed94e0a1d2b7b687ba8a297324854e6f6c,782,2,2,-3.9775581,0.49523735,2.5933537,0.49788618,1.1291013
2012,train_images/262ad704319c.png,6b35df7daa6f987fb187453331edbf2885ad5f305c8895ea895ea97fb153443f,2012,4,3,-6.320509,-1.4002972,2.5613482,4.5934167,1.5847695
2020,train_images/ff0740cb484a.png,63d7b5c9ac929e83d6ba6814516b856d42371fd4b1acfb667379a4c7f5f0ab87,160,2,2,-4.671446,-0.27286148,2.6740894,2.0806603,0.9311048
2021,train_images/a28bfb772f50.png,8f564f846df28dd6953dee41084f45382f1e9a2e2f378a74e1dd6a3a960e67b1,2021,1,2,-3.5914211,2.1379776,2.3868108,-0.9986677,0.74453723
2023,train_images/0c76fd494af6.png,0b44d5b9abe1dc6eb8d275b9db201453ccedb99f8ff92a835d624d4e475e7cae,2023,2,2,-3.5215397,0.6765404,2.681625,0.85278034,0.051686376
2025,train_images/fce73678f650.png,afb9e7bd70ae874dc284eaf3a43f03475ebba5aa0d12236a6a304b9fdef398fc,2025,0,0,3.266529,0.4586544,0.23678303,-2.7390685,-1.1469934
2035,train_images/7350c50667c5.png,a52b25af81a8bca58dc0377289e5dd9c6178ca1c386743174a5ae03c9b20f27d,2035,2,1,-1.4088573,3.7734146,1.559118,-1.8447862,-1.6380594
2038,train_images/2bb063318cf1.png,f75890ccfed2e755d781ada00a11edb74eae08639c1910ec89037920b0fb7b5b,2038,3,1,-1.0492802,1.3212395,0.33847833,-0.1730814,0.007695645
2044,train_images/bacfa2b8e706.png,3b56a433622ac8c604512b0b6d9238b4d0a9669b1a25f2caf4b2e916b8a822bf,2044,0,0,4.45277,1.2808399,-0.82958937,-2.8182602,-2.086239
2048,train_images/026dcd9af143.png,e79e37bd22b14bf7ad3a8887613754c8c1e094a5e12579d7ab294116ab1bec6c,240,2,2,-3.43301,0.3133793,2.4813194,0.3987155,0.8283452
2051,train_images/df4aec4a0eaf.png,5ede9972b43b000bdfca21394fe1327efae276c80432d1438eafa7d81f6e2c8f,2051,4,2,-2.8571453,-0.169096,1.9190278,-0.050622463,1.736221
2053,train_images/a0267206d51e.png,bb5da3e6a97822b0e320fefdddfa74e0c03e9847e6ea444637cf8dac73623d37,2053,2,1,-3.99922,2.0896988,1.9749398,1.0583429,-0.3302416
2060,train_images/ee2c2a5f7d0e.png,5a379ff8279af2a2c430db3976a33dca04a9c3e9b763cbb5a1350c43c8657449,2060,2,2,-3.6693268,0.6301403,1.4788697,1.2837825,0.65231705
2065,train_images/66a0bf258013.png,1b239d21e346a3c3320cf43ad32acbaa249a6b0d0dcc44704cd78a611940ad55,2065,4,4,-3.2671452,0.49547005,-0.44022655,-0.68983984,4.3612237
2070,train_images/681c3c115684.png,6ac66f88171bf1838512c0ba7af6ba44f668178db2c78ba7618a9d4715b0cd7e,2070,2,1,-2.0494213,2.666088,1.9668822,-0.89619446,-1.3177195
2075,train_images/354b8911d6ed.png,a9860297702ff909ff7807bc7bbb856b08094d73bbee3e4c8a2960a31eb7f43c,2075,2,2,-2.5391655,1.4512691,2.0755005,-0.57116413,0.058939308
2078,train_images/760b6f4c6d82.png,dc6af0ac93015d9e84d89f7d0ccc4263ebd9566184b377c36007886e32d19c6e,2078,2,4,-6.4609222,1.3273506,1.2737291,1.9769435,2.8082602
2087,train_images/33e8e26a75d4.png,16a973b706caa1bf06d4637732096024a82b1deb4681cfb541305512b21d874b,2087,2,1,-1.6261673,2.4882736,0.8765123,-0.6019931,-0.6127877
2094,train_images/f58d37d48e42.png,16d360a1bb13423327883a971ec868c7b206e7d2c03adab1c7152298c97ca11c,2094,4,4,-2.5830383,-1.728939,0.19410896,1.0967307,3.590965
2100,train_images/ed2c52c14493.png,71f3ec06eaf074032fbe13acd835a969278355f776c57bda20e07c5214b22641,2100,0,0,3.9071922,1.2542934,-0.55129623,-2.1319327,-2.4820158
2105,train_images/c1799a6f5c65.png,a52fbf73ca996889462be599625adc4846b317e35d5ba51945f254b06a9c7eda,2105,4,3,-5.1895447,1.2045078,1.425715,2.716002,0.64972186
2107,train_images/9519a590985d.png,60b208137e97bec7080f99b559f7bffb62501ad7f3a81e5ae44668f73f0b17df,2107,0,0,3.373455,1.2904186,-0.81796265,-2.6435637,-1.1138955
2111,train_images/57a5e4274275.png,1c946d4a1e1927295c4531839886b26178d64784f03dafa3801e5709df0cc885,2111,0,0,4.9285774,0.08938408,-0.7179761,-1.5984435,-2.6708825
2117,train_images/89ee1fa16f90.png,f63b3b61464ec303e86f35c82760d920fef1dd2f9fcc18cbccb1d55ceb0dc3d8,2117,2,2,-5.0282555,0.8776665,2.0999405,1.8534427,1.1748368
2119,train_images/d1fb4efb117c.png,d57047b60db617c6e40fe729832f4dc388fceaf9abb2be47754c24bb6f54edac,2119,2,1,-5.2703953,2.1548119,1.2854629,0.78764963,1.9153608
2127,train_images/c6229222bf22.png,75df8d0215f2a2c8ab3d5b18ab12f45d413ce6d2dce9f710dd09f165f26c70be,2127,0,0,3.2365837,0.6637783,-0.42427206,-1.9426742,-1.563546
2133,train_images/5a444c32cd9a.png,379b86fd38e54e73edc320058d2de75028656e51aba2a94d120248b7950a17df,2133,0,0,4.573324,1.538372,-0.5615988,-3.3020217,-2.3235836
2135,train_images/2a3378bcfbcc.png,a4105fa5521fc23ce58fc3140639299dd5a396e09067b100c431ddf63f210005,2135,2,2,-4.6535187,1.1429539,1.7079911,1.0801735,1.5983447
2139,train_images/5b32ece9c627.png,5d8056f056c18dc0c7aaeb73cfa9e0695cf695d093bf74d7d239f0ae26721976,2139,0,0,4.088619,0.97585106,-0.67004156,-2.5136566,-1.9185674
2142,train_images/150f92b45349.png,3e9b7de53b8a27cd46a1ca7e9bb5e28d71e01971073bd44503c910f19a0fc29e,2142,0,0,4.5212135,1.6615791,-0.96537876,-3.1490188,-2.0957885
2150,train_images/af133a85ea0c.png,c606be1c2217e9d8c6f58bf2614b0f9d5418070becbf1d0b425f9ffd4552fc53,2150,1,1,0.622839,2.2575893,1.1631958,-1.5800982,-2.0379155
2152,train_images/2f284b6a1940.png,f974c49797a80dbe3b68741fe93f9f18a5d25fc48d985d2aba93dc15a40ffdae,1054,4,4,-2.866375,-0.37218666,-0.26793146,0.76337385,3.1754487
2158,train_images/b5204c0decc7.png,232cf4295e4e14bb8c205189d5a098ad37f466e888c153917a98209b854b73dc,2158,0,0,4.3795567,0.87987137,-0.7184491,-2.3520718,-2.1232114
2164,train_images/cf8f1bc7a215.png,57073fb9165c9de9eaa78153a0d4064a3ec475cb1841f8eb71d66def8cacee45,2164,0,0,3.8531609,-0.27384186,-1.3620238,-0.5637431,-1.6046021
2166,train_images/54dc6e8107cd.png,3c12589e093b75b7161ac484792bed814f8df235346785cff48e14278ff38a95,2166,2,2,-4.4748363,1.8716602,2.3986197,0.20832348,0.93783355
2172,train_images/261c6bd63bff.png,68864b0ec952d66866240522413ea323eab8c7d0351df250f080b33935daec29,2172,2,2,-1.3735313,1.7806473,2.616891,-1.4496627,-1.2501044
2176,train_images/c12e9ca420a5.png,79bdace916af941eb2767525947113d1127a8531ba5911aee03fcecb6ec86909,2176,0,0,4.2472153,-1.1519203,-1.0223956,-0.4164605,-1.6632106
2180,train_images/de38adaae009.png,7672edc2c33a98d2c80c66095db6ed20da4d95b0b8d1edd9d7f7c0166266c09e,2180,0,0,5.2963905,0.430418,-0.8142195,-2.8130093,-2.1754494
2189,train_images/b532dedd928c.png,ce8f8b5bd64c158b21f94752d9fb3944c54921e44d3c4ddced43f35ff5cbda2a,2189,0,0,4.475313,-0.32670784,-1.3511815,-1.6580553,-1.186475
2196,train_images/f9ecf1795804.png,75eae664fb3461018dfeb579b39c4dd86e139982d92a880312a1080c5fd07860,187,2,1,0.0881958,1.9776821,1.2427034,-2.3976912,-0.44910982
2198,train_images/ceb32a193eff.png,76e29f710b6b9d81d96c81285de1346dd2819515326bf8be40ca6a470fc05b6b,2198,0,0,3.273407,2.4319878,-0.34006166,-3.7928576,-1.2677841
2203,train_images/992599744a23.png,67a3b218ea00af56693b86ed05fbe9c523dd56122f069886ef780b78d94d3653,2203,0,0,4.4330444,1.3988705,-0.4997506,-2.5990624,-2.6036165
2206,train_images/db6207e62c7b.png,35a6a213fc3c994508d480bb8f5591303c43b55a5ec2584f87848269e7af2497,2206,0,0,4.403183,-0.9530201,-1.5594234,-0.7942815,-1.052193
2209,train_images/1c47815f4a6b.png,d8db2360505de5b57882b6fbb6578583a2c69aa629a5cc9c204abbf702a116d8,2209,0,0,3.2078743,1.3016548,-0.17130136,-2.1827273,-2.0810487
2215,train_images/51e656e5a541.png,bbb939afd2567501390c2009dc8e599d5a6210d77d087bf0791eeb0b0f06ab62,2215,0,0,5.1725044,0.084379196,-1.3978524,-1.7753043,-2.209292
2222,train_images/e4dcca36ceb4.png,094ce83a38d6a515bdbc4af4ace5d50d933ab7a4233b6db8e694ee81dd7cdcea,2222,0,0,3.6513233,1.2780933,0.028310299,-3.0142088,-1.9620452
2228,train_images/419406328dcd.png,9cb64de1a55468fb1d374dda28959b9d75dba2c4477e55b80a5d3d69da382ff6,2228,2,2,-4.2788734,0.39914703,2.3940382,0.81718016,1.2899572
2233,train_images/ad944bd56bb6.png,08557957e4ddabc887999c937d323505165312b57ed3988475afc58755200264,2233,0,0,3.3170338,-0.18476105,-0.8426838,-1.1359153,-1.0919454
2235,train_images/6733544ae7a6.png,902ead0bd5e2c5caa56efcc562f4d3226d5b740fa89fc1dd475018af7f907d51,2235,2,2,-0.9160633,-0.45116425,0.85589767,0.4037304,0.5499393
2237,train_images/e2ec22b3d07e.png,846bf8db7a3da1bda90bd461f5b20eb5e0b6414a3d1fc8c53281de55c78341c1,2237,0,0,3.2312756,0.2562828,-0.6204243,-1.6180377,-1.1263518
2244,train_images/0851d6a69589.png,b0a04d01c7bab87782ce46424a1e36380d15e722723e5fb23321c928d5ed33e2,2244,0,0,3.4483452,1.0891533,-0.64456034,-2.0685349,-1.6814535
2249,train_images/85fce24084da.png,9503f1a6f7c7a8ee411bea293ad2264a06a34242ad482ad3a5a8b606f9cbfe83,2249,2,2,-5.536968,0.17488289,2.4190724,1.9965949,1.8153744
2252,train_images/ba08cee68c71.png,1f66a03304b965d12c3484a2d6c50f548eb501f780cf41951d82a7be42655a71,2252,4,4,-5.0385246,-0.4082203,-0.92635155,3.3089852,3.5612733
2254,train_images/a12ca80bb8c7.png,ad34bfc971f4b40e6071af8b0fce32bccf02eb32f6d8fcb1e850cae10a344291,2254,0,0,4.8941364,-0.36295128,-1.4506054,-1.2414365,-1.9661763
2263,train_images/64a13949e879.png,f4ea5dbaa167548407086c65282a1a17ecd6d7be86ac05450ba89e190d4c53c8,2263,2,2,-3.7950573,0.81716347,1.9424369,1.3450856,0.4688432
2272,train_images/9232dc06cfdc.png,70dccf0ddd7ccb37b85d64b30b8237a4b136a1e5a4ccb8db50c9b1cd9b509304,2272,0,0,3.175911,0.01990509,0.039551258,-1.9071779,-1.2026943
2278,train_images/753b14c27c83.png,ad8a66d9a97f149009644393368b69cb9d39fb7a2b835bed09d624e6c6d4ed28,2278,4,1,-1.3826046,1.1916199,0.5443821,-0.55359507,0.5484556
2280,train_images/f9e779a13204.png,dcecef2b81468491c71f977ffacd41998578840219ec2835b14cce294a88bdd9,2280,2,1,-3.7977142,2.1087074,1.5398836,0.7683263,0.04696092
2289,train_images/c18a006f7f1d.png,95e17036896a1c079ffcd6e3d89f5a4c1a917e708005aac04b34af3a81a74377,2289,0,0,4.3474483,1.1073265,-0.0033154488,-2.942441,-2.5012426
2295,train_images/697538183db5.png,e45240fe68a5931744f94d871401991b4cfe5b4e0f243c24461905c489f86068,2295,3,3,-1.668417,-1.222147,0.35225034,1.7145877,1.2870358
2300,train_images/bffca6eeb2bf.png,60173215d69734bec8059d293f226d1877083c79717182caf0a3a7a25b8c28a4,2300,0,0,4.62648,1.3806,-1.6195226,-2.1702785,-2.2340953
2302,train_images/874f8c1929f6.png,e0f121f6591183f4c2a2af7cc0bb3eb877936a801e31a580790ddbdf8212c767,2302,0,0,3.909565,0.2388916,0.48107076,-3.0647821,-1.3934131
2307,train_images/af3b0115aad1.png,81988d96c34e63a9cb1005e968848413b2d30bb69e8cb4184009d0d72c3d9583,2307,3,4,-4.056263,-0.67550087,-0.6020608,1.3349872,4.5504317
2316,train_images/a2ddabee14e9.png,8c51975103ab5b1150e4100bdf96f870d69f66153c30ecb3ff43f11bd4914ef9,2316,4,2,-2.6303272,1.1032085,1.4690068,-0.7653322,1.3644601
2320,train_images/f69400b316a7.png,61f26b3c42de08c2505052673a68d158e83aa13b76af266a8e62187acadc5265,2320,2,2,-4.801817,2.7190685,3.008113,0.5354848,-0.62373304
2325,train_images/b56340f472d2.png,6a444cd8ecbccc858a69988e6955734d65023d27b0d9a8fcaa2b00384ea84020,2325,1,2,-3.112915,2.834858,2.9633813,-1.5233798,-0.39002004
2332,train_images/f5e9a307288c.png,538316ecee876fb092da384110ce74a8314970036ae8b7a43734a04398067806,2332,2,1,-2.2012959,1.6560879,1.6362758,-0.67943096,0.10434875
2338,train_images/ed246ae1ed08.png,3ada0af8ea9fe7aba43df53b9656c747e87a4867aa966cc47007b3d11f19c4aa,2338,4,4,-3.808178,1.6950569,0.37877417,0.36730576,2.1696875
2339,train_images/62b826899151.png,543ee349e380b69680a7a2b974c6e34449debf19474b2695e952265f2539e7a5,2339,0,0,4.1216545,1.0505085,-0.27407837,-3.3351,-1.594209
2341,train_images/4393c5bc576a.png,710b254e55d4078ed04a240bcf1be963a428adc546c7f60c1d9b6ecc0caa13fa,2341,1,0,1.1843529,0.4402237,0.08463764,-0.8467469,-0.7541264
2342,train_images/be161517d3ac.png,f17c8f21926442cbf2d1e5ba36b411aa3157dce0f90af3d8d8c5a0238264b06e,52,2,1,-2.1496792,1.7939873,1.4994354,-0.48201036,-0.4178925
2350,train_images/ad1f7445b1a8.png,fbb0f45012084e9abbaaf2f502a3ee0d84df7f5acd99d87c0505b8eac738cf7e,2350,1,1,-1.496397,2.9578953,0.9312153,-1.217855,-0.8245089
2352,train_images/a3802934bad7.png,e97cafef35db45cbf8b2c0005b1a1fd3c6d0d664fe423520f580caffc46c3f3a,2352,2,1,-0.41991425,2.3275127,1.5562677,-2.754212,-0.2906752
2360,train_images/207dd0487264.png,6cf9093708b2e1c345c71c9016487729012a2b6b311e74e604a14c4fa7268fad,2360,0,0,5.282383,1.4129028,-1.0390205,-3.3171644,-2.4292767
2369,train_images/81704925f759.png,63d9cc26aafd41b32729e0a3f89e0fa787aa3c828d0cdfe87572e0f45bb68cec,2369,0,0,4.761076,0.56005096,-1.5917788,-1.5133381,-2.2538457
2374,train_images/4205e9deb058.png,7df35ecff11444b12a16ea69f917b69b0947cf51ad13036845161dabcfc84c4c,2374,0,0,3.914753,-0.062503815,-0.39391947,-2.3626847,-0.82407725
2380,train_images/810d3779abd9.png,b51b864392490ccb3a788b092544959cdee0c8b715da22719c4086b91df44a92,2380,3,3,-6.6832867,-2.9373722,2.0184748,6.1336007,2.606303
2381,train_images/ae8472f8d310.png,69d301d97ff58ff8ae4a389133bfefa0b8d960d3bbae2e8ab5c51dfda911a14e,2381,1,1,-1.2901611,1.7621002,1.5634758,-1.2381511,-0.21888116
2387,train_images/2cceb07ff706.png,6999ab73db13c01367ae204b0f29c22e17c9e31033408ef149683186e207fec5,877,2,2,-1.8570175,0.2712021,1.720356,-0.14747572,0.4093382
2394,train_images/e6a6acf7fca1.png,15333cc512e4e1c699a7db82fb7cd9eab334b31272a66598a542af3c9e09b82b,2394,2,1,-1.3388882,2.1581612,1.7139089,-2.034576,0.05067405
2401,train_images/e66855a5c583.png,ed187ec7fed91df23a1d1c802511b26f59e41b56667c3a06bb0b7861bf472d99,2401,0,0,3.914528,1.1319485,-1.1188922,-2.4914584,-1.5117412
2403,train_images/239f2c348ea4.png,6d0b2dec3318f8aaaf26b229f197aefa1a58a510f3dc7fb08d11ddd7a134bf7e,2403,2,2,-2.8382645,-0.02259636,4.215178,-2.1169348,0.81449926
2404,train_images/aa9b8f05f4bf.png,3d89109eb8e309696912d7b104cba35af14f1a0a6867ef375841f9cfe9c07365,2404,2,1,-2.5302963,2.9469414,1.6520665,-0.13540268,-1.3022649
2414,train_images/51d574513bcb.png,3d7c2f21eff20cfb1e953f3f2a0961c16ee9fb48b462fa935fd9d5e958bff44a,2414,2,2,-2.489664,0.22541428,1.8846436,0.51417875,0.4205514
2418,train_images/8c2f0f04e1ed.png,ccefde9364222214289a2640b4ea9e2d236d7e2db64151ab2cccdabd0c930700,2418,1,1,-0.9280739,2.5095882,0.4394889,-1.0639458,-0.6285981
2425,train_images/b1b3e7d0a5f3.png,4ccc63ef5e14ac2765e1b2c7ac0aad13dc6a2a4d8a69b3e3d707a9233c383da5,2425,4,4,-2.981903,1.0530891,0.6153164,-0.26609182,2.3063645
2428,train_images/d6f36ec5564a.png,1b35acc047ad7ee3123cc57538b7ee8a2db6f322e5c92ef7827f229e240b0568,2428,0,0,4.0710735,-0.015081406,-1.0168939,-1.5341449,-1.533581
2436,train_images/3428230bf1bd.png,57806a61b48897c1f48d9dc2615c910eb065763058b614c93ad4709175495e93,2436,2,3,-6.431362,0.6803036,1.6375105,3.1679149,1.8947093
2442,train_images/789c60cba801.png,8f84819a1521a6264da2cddb81bc2c164547dbe84f4fafdced52c68781e6a133,2442,0,0,4.896118,0.8715172,-0.9651103,-2.3478522,-2.3761914
2448,train_images/571bbdbf585e.png,f227afb6eb10659ec0381aeaf399ea30dced10cb238d4788eae30e741ef4ef83,2448,0,0,4.524399,0.878706,-0.35478735,-3.1248493,-1.8693283
2449,train_images/afc345cc9145.png,84713202bb0dcec5273834672e9697415f95065791cf41f9d4859519487ed1da,2449,0,0,3.1909733,0.74591255,-0.27364588,-2.1689334,-1.3175131
2459,train_images/4b422b48d0d4.png,63c47588cf8ab9732aa3265334cbd6da4156b706a447556c887d218887560879,2459,2,2,-4.07428,-1.3464642,3.0797665,1.5582604,1.3362035
2464,train_images/2da82d14e1b7.png,e6aed037a8093c646b0db91fc91b9dcfc5e60a0cdd6df73c078e3e82bf709ebf,2464,0,0,4.3137856,1.5732994,-0.12931013,-3.426139,-2.3116343
2465,train_images/ee6e39319b39.png,07e97b12bd2444147f886c7c1d22b761c8003d1e95ee5cdb33224dba9aaee5d5,2465,2,2,-2.3002777,0.077129364,1.8051188,1.2786145,-0.24513236
2467,train_images/6b128e648646.png,90d341b368e4c8fb0246d46b65cd5dc3de16638c033a9e5ab75e2bfa0ec8f501,2467,3,2,-5.277546,-1.1267147,2.97079,2.8894353,1.6360186
2477,train_images/b60dbf9f0744.png,bb77791449ecbc32e85d19d1844e07baa11bcbf931cb755d75e958230f0e147b,2477,2,3,-3.501358,1.9257641,0.475358,2.0990005,-0.27272555
2478,train_images/ea4ce9516144.png,6348228fe8bc9f59eb44e893e9c15ce80412670ef396e551ab3bc8e0055ab3c4,2478,0,0,3.8719673,-0.09580994,-0.8006387,-0.8548465,-1.9078493
2486,train_images/9ce46d400cd6.png,be953c25e11d4b0c0dcc50cbdbfba1093a67ee74a3e2c22b9f61ec4922500b5a,2486,0,0,3.3116016,1.0886021,0.055751324,-2.3235822,-1.9363139
2491,train_images/4c53cc97ea13.png,de39dd2fbaa30efe214383eeec5eca24e86653ad302906de083a995a46e90319,2491,0,0,4.1651325,-1.1073933,-1.3219681,-1.201345,-0.79584384
2498,train_images/cb0cc98d7e35.png,9e95768d42b3d79a0d6a26fbe00d0835a8d3c568a95d652db9f27d95877e9b6b,2498,0,1,0.8455429,2.6807709,0.2977624,-2.7796702,-0.755291
2502,train_images/144b01e7b993.png,d9693f423433ba9af946e90eb9c4ef4ca1437c9be236e3087d8decee8a86835f,356,2,2,-5.520384,-1.0775261,3.0060368,2.7038836,1.6217808
2504,train_images/92fcf50b3562.png,d17906e8a561ea9ddc8d5622f8544307e2ba003a20b0e4341a5f35e5b4f2a14b,2504,0,0,5.2424774,-0.12449646,-1.7230921,-1.695826,-1.7298625
2509,train_images/9dab2e6ba44b.png,029e6c9bc4d0a1ce1651b567eb79fc5249a7e10198f0c8f512390cb86e3b7298,2509,2,2,-1.8075981,1.4351006,2.0090551,-0.4095416,-0.8601831
2517,train_images/b9b6ee2b9453.png,a415f02b4adb31bf9bb285863c379995bd90b590381acb68cbe500af6b83efda,2517,2,2,-5.307144,0.571825,2.463021,2.2940984,0.89280915
2521,train_images/7f43becd3e83.png,5e87511c814854bf551cbef4717806d198e53dd3007c0fd762b367774fa60812,2521,0,0,4.319458,1.7571354,-0.49485493,-3.118991,-2.454054
2522,train_images/60f15dd68d30.png,b69cbec9f6650dbedd3a7b25d5ad967edfcdf9703339386b961add102c45fd45,5,4,3,-3.902195,-2.6802711,-0.5049734,3.9121842,3.577864
2529,train_images/8860c7b11530.png,1a456d67e740a237922b033fbc7c65a69fee983f34be3312ac1809a2eef55a8b,2529,2,1,-2.3350143,2.9969387,2.4712594,-1.1146607,-1.458921
2534,train_images/bda8c973b09d.png,7499374f23bd653fa14251a85dc97d3760746a48992a09ffa9d1560e2ecd5ec0,2534,2,2,-3.210558,1.5502014,3.2341766,-1.1763048,0.33193412
2538,train_images/8c0d05233238.png,a582a8c375bbde60029bee0ae6b0511add03997aff334744296bd03d09f554f4,2538,3,4,-3.1457615,-1.7480164,2.1813858,0.704072,2.463065
2542,train_images/bec0acd539b2.png,7dafdc1b7589c1886fbc15829fe1283d8c8e47be9a8436dfccafe51ae42e603a,2542,3,3,-4.5043945,-1.9736576,2.0730772,3.5705686,1.402084
2544,train_images/f4de9620e3f2.png,374d36e9a14966fe6e1dbc79946bfb0f11cde11ad6ab86373b943c2bab0fb905,2544,0,0,3.4118557,1.6522179,0.850564,-3.6868334,-2.1096175
2547,train_images/26463a5fb949.png,f90b8c02ec6eeca37a4808671393604b9feba0c325e763c36d36a04b5377bdd2,2547,4,4,-1.725729,-1.8980656,-0.81421137,1.0856667,3.6859152
2553,train_images/4a96c28f3f07.png,7d8c53468983286f39cbd24b2d9e094ef4e0ffb14b48b61acc30a5ded6828e59,2553,0,0,4.877943,0.1226635,-0.97017956,-1.9353862,-2.1140203
2559,train_images/e59c5f345bb0.png,bee07f0075bcae99f3a3915bdc6d12097c756bc0dbac9ec2dbdbc03e5958d16c,2559,0,0,4.004448,-0.06930733,-0.81962204,-1.9327445,-1.1842802
2561,train_images/ae61e19fb766.png,a82e342cd2245eb229a0cf2bc7a8aaa0c4ef7f368b78774696e26dfb0fc4fbbc,2561,0,0,5.547123,0.33774948,-1.2808123,-2.545867,-2.108846
2569,train_images/096436d68d06.png,d32fe9f287dbcbc4ffb6ecf4ff6d92fdde7754a90361dd2c92d6fc98103e378d,2569,0,0,5.1180058,1.4917278,-1.443533,-3.0449557,-2.126809
2574,train_images/0cd31078cd08.png,9095d635aff267185ade77eeb9599cf68736c71f3291ef2cad907d870ac7526d,2574,0,0,4.526993,0.032115936,-1.4936404,-1.2998304,-1.8284938
2578,train_images/0fe31196e0e8.png,a2c41f7855c0bd191421ca936e6f371a71522c4b3790bfba160d80a83e8866ea,2578,0,0,4.793909,0.31134415,-0.30312395,-2.9665906,-1.8837008
2586,train_images/1608c82a263f.png,f09fd3054fbd413d7b2a94eebf5cfd4c0499c648e577e42410e76f16143be454,2586,0,0,3.164259,0.941576,0.41944647,-2.080523,-2.2410035
2587,train_images/1633f8291a80.png,5a8c7d296f976e9f53bb045bcd06dd2dbabc22a89597771f8730e119f38fcd0f,2587,0,0,4.068575,0.8101311,-0.88333225,-1.732163,-2.233708
2594,train_images/1e036f2e7095.png,9a2ff11b2e3236856e387348ab688ca575923f3079a8c6f725d7984c5d554658,2594,0,0,5.029003,1.5672035,-1.6608095,-3.842516,-1.1820256
2602,train_images/218c822a3dd9.png,df2a799654accd65983a0f6f1dc67a6085aa4a0cedc4b90a0087ac8be3f6ad66,2602,0,0,1.7055187,1.4062576,-0.005485058,-1.0471177,-1.7943089
2603,train_images/248dec89b3a2.png,10900754ff5bbe45cf887f41f477de83aec2dacb45a2ab0e69b4252fad94cd7a,2603,0,0,4.7802563,-0.066949844,-1.700408,-0.83264065,-2.2660303
2610,train_images/2a4520f1f9a3.png,7abd11aa3292e93b884a63d89a216148e5b2a545c2a648efbb0e940b1c93df98,2610,0,0,4.8872547,0.9988899,-0.83060265,-3.1534407,-1.8665287
2612,train_images/2ef955d6d9ff.png,2da859b172a02d16d3370246ef782edd7ffab34e62ac60c7e184862218c88d11,2612,0,0,4.7118187,0.42875862,-1.4977713,-2.0418148,-1.5733771
2613,train_images/2f7fbdcc9a4b.png,ce465ad827fd94f1df071ae4609385d3307df501e4bd807118381a734a400323,2613,0,0,3.4636402,-0.5957432,-0.9194064,-0.31674814,-1.723901
2618,train_images/3486f7096276.png,8692fc57a0dd189fd1e203c584be7c22fe8b20b10187550d90a39919bb9b8ea0,2618,0,0,4.173563,1.5074768,0.057813168,-3.1591733,-2.3410833
2628,train_images/401fdfd0db07.png,d9284b57929e9b2bad38a3d6b995e04fb6158c008b9b591a1f4fce8090770f84,2628,0,0,3.2117977,0.032146454,-0.31303692,-1.9150758,-0.9994614
2636,train_images/44976c3b11a6.png,b36397166d3c79fdede42cd4230f5721e8f22ca7463d4650018c845dc06d88d4,2636,0,0,3.4420757,2.2514553,-0.77830887,-2.677741,-2.172934
2642,train_images/4b237b958555.png,a72456e3a6aefe2310e9ca65f7f341b86ea2469194f18d31f466e3079014d742,2642,0,0,2.9585724,1.2428207,0.0017342567,-2.378138,-1.802283
2646,train_images/4cfd22ae43d4.png,3b2e0a14932bd0a9b987d850450e4017dd0c959d1ca6291e0a621866e9f6718f,2646,0,0,4.4109116,0.5118542,-0.48881245,-2.8557215,-1.3746736
2649,train_images/4dd7b322f342.png,1cf62edd6f2339556da3f0267399a73de367483bf53b18ee3d83ac6df3392612,2649,0,0,1.9884243,-0.20995712,-0.20742655,-1.382493,0.12628469
2655,train_images/54334705a34d.png,6d1d00d45b87310eb6210d2b16a00299de9fece4034d6caf5aa0a0fc65eeb881,2655,0,0,4.9888897,-0.913908,-1.4672441,-0.7825446,-1.7901833
2660,train_images/57f5ad4b5b29.png,669c4127aecc9971e7a3cb805221cb458f9aab2605118c4430a5bd253bb633e0,2660,0,0,3.017828,0.6870537,-0.6402321,-1.5890117,-1.2234838
2661,train_images/5b1c4cefeb24.png,c6846ffdc5a9b2fb773744e6e8edc815be0031d946f59ebfa3989ee0ff792afd,2661,0,0,3.910986,0.35396004,-0.49671745,-1.9708514,-1.7117202
2666,train_images/5de4615a5161.png,50b257593ce23b39d1cc3df0cea5d46856838c471c5ab44bdbaab6836c3b7db4,2666,0,0,4.2529583,0.81269455,-0.5908108,-3.0069728,-1.3830583
2667,train_images/606daaf0bfc7.png,b1f7d45fc8fb9beecb1c630369629b7baed9a20c7043f386fc8a2f96c0feb762,2667,0,0,2.6043148,-0.11190605,-1.6118236,-0.76259947,-0.12312356
2676,train_images/6a57a3db3eff.png,638fa908e4ba282ccfaca9634ae08aa03978c1f8490a2fa889f037d005b39826,2676,0,0,3.842455,0.78209305,-0.4044137,-2.483644,-1.6893418
2678,train_images/6c00dd8bf708.png,a2c19e9093b95c5df9b050b02faab4772b20523cf0a8bba93ee8ab66b87c44a1,2678,0,0,4.005459,0.76851463,-0.14108324,-2.994578,-1.6499949
2686,train_images/75369248dba0.png,f99412487cab5f0eb56814937f8fc99f171409815fd575965b54c821133b9d3c,2686,0,0,3.80933,0.88588524,-0.041038036,-2.5864658,-1.9895394
2692,train_images/7b9d519cbd66.png,66c321c10811c6b53c3be35f7a0db533c9bc6790bf965110ca339623a0dea47d,2692,0,0,4.821354,1.322998,0.12176609,-3.8074942,-2.3363023
2700,train_images/82088c6734e6.png,ab407cad7f1634c3ae12560eb7a1bd97bddc4e5112e9b2cad908bcc497772eb7,2700,0,0,4.1733093,0.6275215,-0.43838024,-2.6306987,-1.7871385
2701,train_images/830e297965a1.png,743aafbbca1d21e6118721d16993a7ddb1bed025d6fc9764c8dcecb3eb435813,2701,0,0,4.7743683,-0.3055954,-1.375092,-1.5377812,-1.5473356
2709,train_images/8a87dd2a784e.png,89975cfa2788d5eab78bac089ab3922ef484b9487fdb8f1f17f1aa455e0d6dc5,2709,0,0,5.3993034,0.6803894,-1.489562,-1.929913,-2.6566331
2713,train_images/8d9516ea3587.png,4d524cf92ee0a0745c91a8068d0047a9f440738b0455e46510b79ca4e1754e35,2713,0,0,4.513878,1.3909225,-0.27416945,-3.258696,-2.4110398
2719,train_images/92e3d608fd3c.png,3a6382e1d4af6b16519858223d01add6a9659dd14f357236c9fb8b9346094e5f,2719,0,0,4.213257,1.0798855,-0.21869087,-2.5560017,-2.519356
2721,train_images/97fdee242fea.png,3f5f7d56cf27f15f8862f0529575a5a3a183acf64c37fc32c854c2ae730bcdaa,2721,0,0,1.954256,0.011831284,0.088002205,-1.3045082,-0.44219247
2728,train_images/a0b7ad98df57.png,e934b49c17c7e82308e5bb66ca9624f30415a9e4594a8ba73e4e8819b7118bf6,2728,0,0,4.2981625,1.3724613,-0.32434082,-3.500659,-1.8444047
2729,train_images/a1872f9c0cba.png,2d322858c7a81d81d45d5df8cd04b79cf2bb7cbe054927cc590ce2787eb78164,2729,0,0,4.6413727,0.042617798,-1.8372436,-1.0350208,-1.916755
2734,train_images/a45c30da0c72.png,5b5c046fce9f7c267b47a87c068f167865155d2fb597fc6f2387b81315fb9dfd,2734,0,0,4.2950287,1.1508579,-1.4662299,-2.050665,-1.8804872
2738,train_images/a73d012c4c38.png,5b1d6b3ad48761f4ecae6511c0946f87eeea48609d727f285251b17894eb9ea2,2738,0,0,4.0020504,-0.1312027,0.33231592,-3.292229,-0.7885747
2746,train_images/ab32db41c409.png,ec3a44db00b5e457579ab77d6567575a1fb191e895e31ad99e1d670f3ec1ff7b,2746,0,0,4.6635704,1.0018787,-1.3975372,-3.1777458,-1.0312405
2749,train_images/ac0a48ccbf70.png,a830adf17d01f3990fcec74e0efae2393b2e2209f0bf803a6ac694f00aa4db77,2749,0,0,3.839367,1.6073513,-1.3325982,-2.2465672,-1.8548055
2755,train_images/b598bc9753c2.png,3a5b90391a0691e670983bfae3694edf82150762152f5a399bdc79548799be25,2755,0,0,3.7087631,1.2576523,-0.25286198,-3.1669927,-1.5524838
2763,train_images/be521870a0ea.png,f48ed62aa8c0823844139fc769464e9f3f96cb26795d54ef13661e9fa36390fe,2763,0,0,3.4180698,1.1067905,-1.4637027,-1.7391601,-1.2722877
2766,train_images/bf7b4eae7ad0.png,8581d9c8f275c67037ab0f3b537eb01a6385c9bba7da1e7bf46950ef5c3a3346,2766,0,0,4.6567802,0.81080055,-0.8066802,-2.6675344,-2.0181978
2767,train_images/bfa30ebf63a8.png,61929d5c5ade358f6022e0f5f6423e1e40f9c35e3f56e218f9c6e3bbd950cff1,2767,0,0,2.5763664,1.78936,-0.044644356,-2.6535778,-1.6026242
2772,train_images/c3789c1dab96.png,f705fc3f207e7d35e4ac879e91ebf287e49a04c6e4fd99efba6665849c81ed5d,2772,0,0,4.271282,-0.24463844,-0.93782234,-1.6381521,-1.4067949
2776,train_images/c5a0e84e955d.png,a113ae233dbc4cf6ee302e00d99e274a1348bed0056cd97e9c3a9678fd48cc5e,2776,0,0,4.52306,-0.7110386,-1.4303093,-1.1291971,-1.3958405
2780,train_images/cadde4030858.png,637a3c5b6b8f52de01f94736bf3b5eef8bb52437d5492a32b6a7bea91fe65764,2780,0,0,4.897911,1.3325233,-0.7646308,-3.371708,-2.2318037
2791,train_images/d7078e8b0349.png,d4fd3ba3d4cfe7949a5e40409ee7a9e2af7bc51c2b70a8db03dbf3c8149ff000,2791,0,0,3.6413288,-0.38744164,-0.8172388,-0.7748809,-1.5841262
2792,train_images/d7e5fe5245e0.png,31b08868955755cbae36dc6bc550617e272cbabc444f1fd092799ca3fc3111e3,2792,0,1,-0.5126591,4.015421,0.28529406,-2.369597,-0.9850352
2800,train_images/dee31065f8fe.png,ebc10e0d86549654d8d6453fbcfe520003a028706ad52089f94f3dc7a25e7312,2800,0,0,4.7842674,0.7731075,-0.53665733,-3.1232104,-1.9881666
2807,train_images/e632e38fd2d4.png,e110bf9bae7f26d1c99d9827b7bf2e61350b0d3e43c5b7eda08e235e285427f0,2807,0,0,4.3918934,-0.2349453,-1.1341224,-1.9127164,-1.1699063
2810,train_images/e8ddfc9709ce.png,78f2344cc5530d6c27d48ad35c9acdcb9fdb3cca74c8ae64cd595f11775213ef,2810,0,0,4.804928,1.0954933,-0.4319272,-3.4145875,-2.0514781
2812,train_images/e9ce5bf645ab.png,b9f58cf30af1a8a8c17d0eeb696ea429c7464cb52ca2eccbe78d6bf8b5b18750,2812,0,0,3.8614044,1.0598221,-0.03863573,-3.0448613,-1.7698689
2823,train_images/f7735b6d47f7.png,3293a05d61e23422af7f435b219fa213be61a57f358ca8817e4fa492dac9025b,2823,0,0,4.5786037,0.6505451,-0.44836092,-2.8584826,-1.8369269
2828,train_images/fa7fa797c650.png,3b4c1ac29cf9576502f1fa091a7b60c00e1370038e9772247313dba1ad5c72e7,2828,0,0,4.1178493,0.14100075,0.26450562,-3.0670452,-1.3973211
2829,train_images/fa9f1bc03f21.png,6173f14fcf7fcba8528ca7875606426f476f80a638e8eb4e69e5a467a140cbf2,2829,0,0,4.4569683,1.0281448,-1.1260138,-2.8145185,-1.6583364
2833,train_images/0684311afdfc.png,1c74698269d5d284e2cfc923f4442da8e63ff7857aea58ca3453cc1ed7bdacf6,2833,1,1,-1.2003117,2.5941963,0.45247316,-1.1540756,-0.3785459
2836,train_images/101b9ebfc720.png,9b329ff048205ab48bf0b1c21ab9cd4e245ec75aa33066c8205dece0b2dcccc6,2836,1,1,-0.36618996,3.3717918,1.1154678,-2.7593622,-0.8439189
2844,train_images/274f5029189b.png,ec3308cee508323eb2fc2a7197f724baddf767d1f0f43284aaacfcfb9bb44eed,2844,1,1,-0.52703094,2.2357502,1.0651867,-1.20538,-0.94509244
2849,train_images/33ffddea8c6e.png,7c7faed46d15f53afdd6e00e5832fbb0282d940d98d48298b4999332a887afb7,2849,1,0,1.9924011,0.8276615,1.333034,-2.0140305,-1.9389114
2858,train_images/5b0e53f53ef3.png,40300032ee7ffc37b079befdd191dcc6d796c8f4c5544845b7c700402edbfa9f,2858,1,1,2.1305752,2.325039,-0.87281036,-2.1997986,-1.2801912
2863,train_images/7a3ea1779b13.png,ac3c47f35f5139dc134e1bc994b05a26d60b139420d0f7a8ca83d78f7d648218,1641,1,1,-2.2791824,3.7354698,2.0206738,-1.5720587,-1.1812396
2867,train_images/8a25a080f28f.png,814cd160ad8823ee1a18aeb1357db840786f8c310b7f684a695cbeab61c6aa43,2867,1,2,-3.568201,0.067474365,1.8591802,0.58644295,1.8353221
2874,train_images/bd269a1f0e4d.png,cb6dc8da2ad50e10ffe27de0e17a1dace50b79693b2b3740cb88f390d757dbf0,2874,1,1,-2.441536,1.819088,0.9662843,0.017228603,0.31815204
2875,train_images/c1e6fa1ad314.png,1548c4ebcb2c2614e8774a88b085e89f73706c6e851bee7f45da5a528deea1ce,2875,1,4,-3.1439953,0.88970375,0.45492983,0.2609024,2.0369227
2883,train_images/e25ccfe38e44.png,e928b53eeee5064c4b8865ad2685f88948b8c5573d33226f7bba70976d8b699c,2883,1,0,2.569994,2.0446663,-0.10286045,-2.5474157,-1.8612044
2888,train_images/0415fc68b176.png,72967be3d1d110decb54ba657ff84ce6fbe37d8155ac4b562be5e3429b36cb51,2888,2,2,-2.6436844,0.13477707,1.5350609,0.22050905,1.3588527
2896,train_images/1177d583c807.png,78dd040877aa17a48c28223e33b49846a7ba6b083b0b4551ef96b7dd7dcbcd13,2896,2,2,-3.0978146,2.2350502,2.6738327,-0.44243145,-0.7194537
2899,train_images/1c5e6cdc7ee1.png,176149b4ad4e93374a8c914895a12aec5180b6e0b58328127a8ae92d22047892,1145,2,2,-3.4215794,1.5586071,2.4884152,-0.26788902,0.28553995
2903,train_images/222d0ac042b4.png,bc824149b3c1556b9a284e4f73acc4ee4669bc4b0deb3acac2f391f878641e20,2903,2,2,-0.8924866,0.049497604,1.1781754,-0.12980032,0.40997663
2906,train_images/23d7ca170bdb.png,d4cf178d7109f64313f756b38740110033406613a5639551b257931b33baa660,2906,2,2,-1.431881,1.6382961,1.8672862,-0.948678,-0.65443707
2915,train_images/314862758acf.png,cc947172d6b32cef08bd781023e37f3c7092f6a0bd73d8ed54b784523e21ddca,2915,2,1,-2.6779613,2.6783714,1.4438856,-2.2061076,1.302019
2920,train_images/44e0d56e9d42.png,63c54179496bf584617971adb83d6ea2e78a2fabbb8c796cbbff1aee89b1365f,2920,2,2,-2.5266953,0.8309307,1.7700233,-0.13735056,0.7740706
2928,train_images/51cfeccaf40d.png,1f39a6eb3f252f944cc931c9a1af2341e874107ed270320c097b6d424f04cd7f,2928,2,2,-2.000471,-0.12001419,2.5821433,-0.9440069,1.0746439
2934,train_images/58529a8638d0.png,fd681145b57fae00cc5aa2a34a3545737786d9fcb5dd779afe65efd0921f6d7a,2934,2,2,-3.5239239,0.5649662,1.9249868,1.1206698,0.56772006
2939,train_images/5f70ad48a525.png,18062b2faa7391dffc21dea5a47ac2b0e4402e301394451f1614ae17b2b00e75,2939,2,3,-3.4708614,-0.10211754,0.9803157,2.170176,1.1095432
2941,train_images/62e6f814c8f5.png,15bb222b1acfd82e3cf510e9a9cd734d2498f9550ae0f8527bc7d5a3e51b8107,2941,2,2,-3.9395409,1.5876522,2.738574,0.48648453,0.053367347
2950,train_images/77f69c7ff324.png,ea30e9b8ae11257ad8d29e0c1527c50fd1baefabf7ce33cf6d4310481847a195,2950,2,3,-2.7129726,-1.2986507,0.6377075,2.5084615,1.2528508
2951,train_images/7877be80901c.png,5a379ff8279af2a2c430db3976a33dca04a9c3e9b763cbb5a1350c43c8657449,2060,2,2,-3.6693268,0.6301403,1.4788697,1.2837825,0.65231705
2952,train_images/79059d0592c4.png,b829f12b1b458de9e33efa693109059d40e482993551495096d738d060dae4b0,2952,2,2,-2.2083015,1.5261078,3.07028,-1.0707006,-0.8450185
2957,train_images/8000a6b97a84.png,8bb6439d5d50bd1784f891860dac6fc3cbd7bb748c150f8ce98fc26d2c52528b,2957,2,2,-4.453865,0.08467293,2.572209,2.0927844,0.56216764
2968,train_images/8e3b79e1f1f7.png,40438ed806d487a5ea889cb9161650364f60717b7aac18c3842cf116fdceec94,2968,2,2,-2.4613228,0.39391136,0.9791088,0.8099084,0.7266047
2975,train_images/9a4f370d341b.png,c27ea2913e6311e48e07573df3b7976684aa0b2754e1491ba1be67a9f3375db0,2975,2,2,-4.7532578,1.7510853,2.3987558,1.3793693,0.09452698
2980,train_images/9e5ec293267c.png,8e43e0a0087829cd244771818cf24de21244e32706bb0d0e18310ef9dc301b5c,2980,2,2,-4.6617966,-0.12505531,3.0283325,1.7548871,0.78775454
2981,train_images/9eaac43744f5.png,2bb54f5019aa8a847042bd50f0cc359218bb00a58a38c780e2226fe23f091e55,2981,2,2,-2.4643593,1.0935993,2.6793191,-0.3111596,-0.15171489
2986,train_images/a688f20f8895.png,709608ed15add691b74215c2956e9f63d8c95f993a403ddf5c0dbc9795ea7d5c,2986,2,1,-2.2710686,2.3971004,1.5304284,-1.3535428,0.29960272
2989,train_images/aa31bc6b8f4d.png,31cd6ebf094dbd9f4fbfc57771029f7b6188430a56f97f49046457c8d924b63f,2989,2,2,-6.1924477,-0.91620827,3.531841,3.2161174,1.2571505
2990,train_images/aa5ce75edcf5.png,d0f46fac55ce0e877e9b2416fd9f73733a974dc7376b889abb9bf04f65ea7548,2990,2,1,-0.6204548,2.3062248,0.86270285,-0.70857954,-1.3704145
2995,train_images/b13d72ceea26.png,227bfcc1aadec71c0824ddc524ddc94714359c05a4defa8d704a018e3650dc8a,2995,2,3,-6.268997,-0.8770771,2.7254477,3.4108071,1.8342541
2998,train_images/b5c80d0ed0ff.png,956260043ee44f7a6a8b2306663132c0ad7e9e1336898bf52a3fa8c28d624a3d,2998,2,2,-2.252674,-0.9329262,2.0203466,1.1237111,0.6059964
3006,train_images/c48ae5da188e.png,2b6429ede5288b45322479ad1f67bd4839803f6941e78a7bee200b410c87e1da,3006,2,2,-4.2456264,0.13747406,2.6988282,1.7401834,0.47336444
3012,train_images/d29096bd94aa.png,9b20baa943c45853454ba7a9f1c945aab8b2a92c5c6abd79e96cad7773486599,3012,2,1,0.01733017,2.7638779,0.18516088,-1.704206,-0.9092078
3019,train_images/da0a1043abf7.png,227bfcc1aadec71c0824ddc524ddc94714359c05a4defa8d704a018e3650dc8a,2995,2,3,-6.268997,-0.8770771,2.7254477,3.4108071,1.8342541
3020,train_images/db49cdf1ea64.png,0fe95b82139fb37c5afaf44f507b1f71160a1906550bc632e02bed67c5c4cec5,3020,2,1,-2.0984287,2.376171,0.8370125,-0.1331129,-0.33319095
3030,train_images/ea9e0fb6fb0b.png,d4cf178d7109f64313f756b38740110033406613a5639551b257931b33baa660,2906,2,2,-1.431881,1.6382961,1.8672862,-0.948678,-0.65443707
3032,train_images/f8fc411092c7.png,82bf90c76fb08e37b1b1f4091a0698e2a543c06e74b735beac85ba352670ece5,3032,2,2,-3.0536976,-0.05865097,2.0425866,1.2692962,0.35236713
3034,train_images/ff344e5c9341.png,abf8a7189fc07097ec36bf6acf7061c79418fd7fd53b09c56f77e1a535c455b2,3034,2,2,-1.991354,0.7766838,2.3793244,-0.9913354,0.29018506
3037,train_images/0cb14014117d.png,956e78f8545d1e808104b24be48547517799c4764795105a42e7e3020d9dd59a,3037,3,4,-3.6183643,0.16289711,1.7950242,0.42860985,1.9952072
3045,train_images/51da6aebba8f.png,f496ed133f0c1f50acca7bff86cf6d44bef66e28c8be2b510f17071f473ec8ac,3045,3,3,-6.5135574,-2.3959713,3.3476808,3.3694472,2.901861
3046,train_images/71a39c660432.png,95da2854c694e8928a3a97052a8e50b64e2e705a9025f148cc12c7035afd305e,3046,3,3,-6.2300205,-1.342577,3.1125758,3.597446,1.8208653
3050,train_images/90b8bf342032.png,25e488b9f490c37721be0ca62ec761341aab4c07a7919e555713d38d655ee316,3050,3,3,-6.4719715,-0.9552574,2.4383192,4.4223933,1.5938456
3058,train_images/b960142a8de7.png,d8c8ebeba594b3b20bc43c46ad9f9fbb64daf7c15f17a2ff8eb9ff6e8c3b2533,3058,3,3,-2.244381,-1.959158,-0.81205845,2.8246846,2.6391175
3064,train_images/187f6ccda87a.png,9099af13c4ba7cf731377769a4d5599518c28810592ef614d4238625c5ed03fb,3064,4,3,-5.625168,-1.4933033,1.9141214,4.6773744,1.0789416
3070,train_images/254052cf3e48.png,8e7d973324f9d01fc934f737fde5fb0c696cf54f7c3625750b5c57e6fee892f2,3070,4,1,0.18679047,1.3270454,0.0011367798,-1.6740212,0.4143053
3077,train_images/4dd71fc7f22b.png,3eaefb97d37217b8f49f1c63134c7235018836e44f1519a0c446cdb4a0ccbdb5,3077,4,4,-1.5461445,-0.5811691,-1.1925321,1.2257781,2.5369666
3078,train_images/612f2df37a1d.png,389c0adcd9faee60de01e3f296f299a89ca52990f33230bb8eff913e0c761509,3078,4,4,-3.7122688,1.0868053,0.49566936,1.2948308,1.527732
3087,train_images/9c72ed6befa0.png,f4918ee8c66948959c87b4c8fd543913f5465c21be9203f24f0e99c01e5ac68d,3087,4,1,0.0367527,1.308054,-0.18096685,-0.6978297,-0.114592105
3093,train_images/b96b518596b3.png,dac95f95abf376924c1e19d7937d289d3017f04f90b8f7b2b5c19a4b95655dae,3093,4,3,-5.131338,-0.91555214,2.342554,3.9853654,0.37651214
3101,train_images/e7d2c2c3b30f.png,50467c606ddad6ebf70a4933a34fc6be5c74590903fa17e57d39457919453718,3101,4,2,-5.302185,-0.0906868,2.8405623,2.2753692,1.1098552
3107,train_images/fce93caa4758.png,d9b5662d37b6e11aa4d434f7b86fa320db50d5c6fae12f7e8ad73de1a560e81f,3107,4,1,-3.7379627,2.8253155,1.029253,-0.5149903,0.93052983
3108,train_images/005b95c28852.png,660e9470e016ce3835f067c234b3bd8662b3dc4c5a29840e73573b32ba3c73d1,3108,0,0,4.3836155,-0.01702118,-1.1254578,-1.926446,-1.5117513
3115,train_images/08ee569d4721.png,de247ce2609e5136e0cdd352f932ba99c26059057a32559d7abf625c6aefcce7,3115,0,0,3.4453754,1.3987904,-0.21011734,-2.581903,-2.065924
3118,train_images/0a85a1e8f9e9.png,9e7d5c6391e40c92330984b307fe1e1b463eee6c4f92e746889c20dd98d5a76a,3118,0,0,2.5275078,0.4769783,-0.37359,-1.7533269,-0.64049757
3123,train_images/12b57dac703e.png,156a9980cc878108d0f425c69c40ab056a64e8c0a773dff8f000f9afdebe1d52,3123,0,0,3.2585106,0.80755997,-0.57122755,-1.9066067,-1.420708
3129,train_images/165634a6167e.png,8849965b3564832d5b02f5b7253387ba71d1602af20902e91096bf60655a3d9b,3129,0,0,4.674671,1.8886471,-0.61432886,-2.5852976,-3.3180304
3133,train_images/191cf5668f33.png,6feee5c47d8ad7f5b8d5daecd445b9b48f94604532287c38c9ab271931d0e5b1,3133,0,0,5.4020615,-0.12052727,-0.4257884,-3.017477,-1.8405812
3142,train_images/201f882365d3.png,95146b47ace8f5cf70ea52842bed308ecba13dc7a93fbeeeb88c70617f9eea9b,3142,0,0,3.7399445,0.95440865,-0.5125179,-2.2683024,-1.7726014
3147,train_images/266fbefa58fb.png,bdf8d3fc903d614ac49da1026fa1a6580bcf08768b7cfc8e713e1002d3708194,3147,0,0,3.7288513,1.1989594,-0.73941374,-2.7241302,-1.5048397
3154,train_images/30db694bee42.png,05433daf11bbcebaa936603b133ea04d528f8373201ca4cd14cbd20ad27b5c81,3154,0,0,4.5768986,-0.49167633,-1.4173965,-1.30973,-1.5028868
3155,train_images/318eb706a134.png,bf8ff1bf91def14401115852a35048e25e9c767aaa6df1842488c3f3c184e794,3155,0,0,5.487177,0.10136795,-1.5209169,-1.7045431,-2.4821846
3158,train_images/3325b1fe55d2.png,7177e72a9627859f0ac8332a8f0e2a43fa8d848f2a2820ce2ba08fbd22097f18,3158,0,0,3.9272099,0.5076561,-0.30307102,-2.8980675,-1.0742048
3165,train_images/3cab32dd6ef9.png,6f13a7c891b9564326ca17f212edf5d31f5c03864542dcce82231f0b860a1cb7,3165,0,0,3.752779,1.1916027,-0.35287952,-2.841661,-1.8067594
3166,train_images/3fe282197c1c.png,8f9d3b74b8a40ef957fc2741de75dbf700219ae4ad12321ce3339be7eaeab5ee,3166,0,0,4.401613,-0.5843468,-1.0945659,-0.96855545,-1.7313282
3169,train_images/436e7a7af761.png,7f941199e2188c6337acdc2b68c274c8ae334d085d3056d7ee84b82b403429f2,3169,0,0,5.4089546,0.09074974,-1.2637315,-2.0377736,-2.2170281
3176,train_images/46acc506fa61.png,e441944b85c30410cc75abd8d7aae592773be12a73bfc731e40f807bb58994a4,3176,0,0,3.3082027,0.61797905,-0.15409899,-2.690651,-1.0782616
3179,train_images/4926dea289f8.png,1fc7cbdcd4dfbb89b19778cd49a6e78fe7f3caafb3b0756e84a1189b0ff5793a,3179,0,0,3.6693802,1.7224464,-0.7491212,-2.95854,-1.6130776
3188,train_images/50f5201fd18a.png,8608032650873a8c6de6a51f25af21925712a1a96ac3733426b869b8f02611fe,3188,0,0,4.022053,0.82655144,-1.0021143,-1.1784387,-2.589943
3195,train_images/54038e56131d.png,4cec355680dc45fa79a605eb3b26c5e43cacae12ec63aac4b1ecdd8bf8fdc13a,3195,0,0,5.1600246,1.4096317,-1.1567616,-2.9534316,-2.4788582
3199,train_images/5a179c123fd8.png,dc63d01e0fa97fcbff6fe2996ea518a27ba0e78c7f95784be71927484f401a45,3199,0,0,2.400198,1.4539375,0.14401317,-2.037572,-1.780479
3202,train_images/5f4a8c074bd5.png,4bb284f7858e6ed1f8e4485af8867b9d08203cd38e28ee54c40d7d989daacd2c,3202,0,0,4.4776173,0.7778511,-0.28611135,-3.1274514,-1.9156291
3212,train_images/6e092caa065f.png,c030066d0fba67eb4bc76efdcf9016b4acc5d00f9ad6f509816db52c03aa07bf,3212,0,0,4.2096825,0.41040993,-0.4778309,-2.6147614,-1.5292363
3218,train_images/737ef6226677.png,7faab28af108542d2345b7a2fff14614fabec34af74aa3170817ad226fb85531,3218,0,0,5.1015015,1.5920372,-0.6788626,-3.7727036,-2.2716665
3220,train_images/7526cf435753.png,64c92dda78b1aa36eabc5b8cecc21bc3ebcf4320c06aac3744f558f694e8279d,3220,0,0,3.5407848,1.4708576,-0.843945,-2.553473,-1.4706892
3223,train_images/75c180e04f65.png,8a07c07be006dbc2abdc0a74af37700b23e1796c8101d80ee9abc23f947f65c6,3223,0,0,4.4861317,0.5904083,0.047617912,-3.6960049,-1.4413793
3226,train_images/7a6495a39d87.png,ccfae353d24c6cf304ccb4b07c0d6bcc4083d74c5957b833d6ff97769fe38415,3226,0,0,4.7305717,1.2339401,-0.9261918,-3.3130898,-1.7149816
3229,train_images/80dbeb0fdc75.png,d054c0106e53eda1eb402cdb337363292ddc549e6ca375486f1853f93d8fec9c,3229,0,0,4.6877728,0.45959663,-0.49580812,-3.5301356,-1.230237
3235,train_images/881ec6186e68.png,4087fad1d50187a8fa4b78f62c00a4799f957b11bac9a9baef17b220eefd85ce,3235,0,0,4.717348,1.3668537,-0.239707,-3.4702039,-2.4749913
3241,train_images/8be6629a6039.png,140ca16428bbb08128507f699a92036450b8b823b9fc739a76c72c9e09fbc955,3241,0,0,5.889612,0.1158123,-1.4980235,-3.1177244,-1.4732487
3243,train_images/8ffa608170d3.png,061aed6215dec55b7681e7cc47fed0a96c7c123ba91bb96d3bc9c180cae6f304,3243,0,0,2.828085,-0.015151978,-0.38741875,-1.4810128,-0.7887536
3252,train_images/9ac41b9a809e.png,25c34c3c6601ce47de0d46a26196f26b34311cd2e4b1bd651ef13f9d84a266c4,3252,0,0,4.042198,1.1270218,-0.19087172,-3.1901135,-1.6496618
3253,train_images/9e2a8135f471.png,aa6adcb04854d242db8e4bb6fb4a981a9002bafd63da383abbdf77c864075d77,3253,0,0,4.1365585,1.2343063,-0.7402706,-2.3216863,-2.2849407
3261,train_images/a11c62cb3f86.png,75f4c87e3988cd6e957bffae65709eefd7d04d527dd10e95117c4904555b160e,3261,0,0,3.593279,1.669899,-0.65073586,-2.5107594,-1.9602773
3270,train_images/aabd867043cf.png,0d648e7ceb0168316271b39bda83104396b001c6e9c20404f401ab3ca9955287,3270,0,0,4.2312737,1.1084995,-0.4290681,-3.207355,-1.4868461
3276,train_images/ad93d88c87ea.png,27ca6961d20f5424b03d89f0f0c53c4f077744ce949ead8a2b6ef45aec9ee91d,3276,0,0,5.050741,0.6879635,-0.5543299,-2.9155722,-2.276414
3281,train_images/b0619ca93a5f.png,f0bdae86d6e079946fd176307fb4971b995748a7e3aae89b09e41f1b327af972,3281,0,0,3.1640167,0.16195488,-0.14004803,-2.1974535,-0.8084178
3287,train_images/b7983cb3f270.png,ced89e727cac2514a773478f0f0f811ec6d13a580de98e7b92f894185770b480,3287,0,0,4.2656364,1.659832,-0.8466835,-2.7676945,-2.3843868
3293,train_images/ba4e62c11cc0.png,afb39ecd1a660eba0e19483d99248927c31e95e9deb0d6765531f332eea6bafb,3293,0,0,4.3464947,0.495409,-0.24132442,-2.8157578,-1.8091075
3300,train_images/c06024f05a16.png,00d0bdcad38080b9b6ac1e05c77e1620d464ebbb7d5daef71c09999265ec1b4b,3300,0,0,4.3953915,0.031715393,0.15363526,-3.5576246,-1.0799308
3306,train_images/c7d0deb71576.png,377bbcc1893406e6976a8311f77d4caef086d75fedc69b6f6e1ba4407370d779,3306,0,0,2.665392,0.9783211,-0.014269829,-2.1933007,-1.2462146
3312,train_images/ce754234d760.png,1fa852b49a534ecbb003355d96fea0904f19fb44ba40d767da24521bac942f14,3312,0,0,4.0700684,0.36800003,-0.07604027,-2.884079,-1.48229
3315,train_images/d1f7ea924a01.png,87cdb8edecc05087a5f88d694e06138d1e5d9919de559585a958979bd114d87e,3315,0,0,4.9037075,-0.109228134,-1.0610085,-1.2456632,-2.5235927
3316,train_images/d2afca74cbc3.png,369149ef3c73d671aca59d27d2881f4e901bffb12836860917646d0addd4df35,3316,0,0,4.6057243,-0.17043304,-1.2522836,-1.2895584,-1.8126037
3318,train_images/d332d7b8a26e.png,208b86599ebeaa38d9570b667f1eb014f2c05bb0a882b8eb9ec5ed5598f9bc83,3318,0,0,4.656269,1.1883945,0.035196304,-3.8978221,-1.9294016
3322,train_images/d6df4fe492ec.png,825c59e676c5127e4896cff851624f288307eaa1d4802448cb995598f72973fa,3322,0,0,4.4030323,1.3741055,-0.6488848,-2.75837,-2.484615
3329,train_images/db3cd58aa315.png,727db3b6b904f44dc314037a389223ca089c57b0085ebf51f820e4e2a2a29319,3329,0,0,4.253954,-0.5582199,-1.30762,-0.6349783,-1.7687714
3334,train_images/dec5595e6154.png,3b8404401a40cd20d86610e0ea33f8ed3887d7bceb893de2bd775a6a57542660,3334,0,0,4.164179,1.1136799,-0.5687957,-2.6622605,-2.0802453
3342,train_images/e322acd46152.png,75b8438fe270a339961b8290bd55a31b7459da2fee924f753b5ad7efaa580e2c,3342,0,0,4.4806004,-1.1987438,-1.515163,-1.1693673,-0.7695168
3345,train_images/e68bdd36e589.png,a545eeb4d5d33429aea6e93cf22aa1ba6662d227f4699a504e6a0eb586585ac2,3345,0,0,3.6363564,0.9628048,-0.61994696,-1.7122765,-2.2702043
3351,train_images/ebf4b22240f4.png,ed858cd57778dcf93f915deb5905222001bb28c6b123266c9659a6131504b511,3351,0,0,4.299965,0.8791523,0.39503694,-3.5901923,-1.8652952
3354,train_images/eeaea2c5ff34.png,8226bfb4782fe887f366370ee9d7b1301553d064e91217a2657b9f7fbf17bf36,3354,0,0,6.105195,0.21954155,-2.1125312,-1.74302,-2.6547892
3363,train_images/f71aca5a7dc3.png,f894772ddab4eedc3c169f62e5575ac681364b2dc15dc67d1ef568bbbd46959e,3363,0,0,5.3434677,1.355938,-1.681201,-2.0649047,-3.187684
3364,train_images/f86d1c404acb.png,90b19733a5c2384161b0ed2533438e55fb59f95df325d80fbdaad188ae855729,3364,0,0,6.3400383,0.25927925,-1.4629831,-2.5464096,-2.7408686
3371,train_images/fca1a8738b8a.png,84a6d55dcd31768a784ef6373340869126edf899ea6c7f553e3fc8c346bf9a86,3371,0,0,3.7525883,0.87204933,-0.40778685,-2.6608624,-1.5217705
3379,train_images/ffc04fed30e6.png,831f78a834b6c9e1b60699186ec02df731525bce27a4e8e8db0c5cdad6b64efe,3379,0,0,4.1671047,0.39743614,-1.5189137,-1.2898283,-1.8494334
3383,train_images/1a03a7970337.png,710a5d5154fb8403990f11d2bbb04b9fafb949865e080b93dee3f1483c3d2e9a,3383,1,1,-0.5355282,3.589611,0.7494223,-2.564013,-0.80013216
3388,train_images/35d6c4c50072.png,8502459ce6a945aa2a3b730f909278cef7f553fead150cc5c16f20c1094b5534,3388,1,2,-5.4082203,2.4098969,3.2767994,0.7339673,-0.022403508
3395,train_images/495255c7492f.png,c3fa54523aa5f52032d6204ba870d397a90077044cb63395aa3ac278eb0b5387,3395,1,1,-2.227253,2.574915,0.7976785,-1.1076117,0.53012383
3404,train_images/5efa24b03d5e.png,c7a85fb602a0d32269a0f74a2633f63304e7e6bf182eb4bc23290a1d58e8c7c7,3404,1,1,1.7419395,1.9216747,-0.76595354,-1.3953528,-1.4460343
3406,train_images/6c6efb6b1358.png,64ad60b1cabf6434335e433e9c0d586e9ba9e89b02fd101b527c12ad39bbc6f0,3406,1,1,0.5228996,2.4738426,0.18863869,-1.1744957,-1.8312924
3409,train_images/78bcdffb8785.png,dab95930eb28d53570e0181529bc011cc8b0b88e115cf77ce3d37baf3fada314,3409,1,1,-0.02212143,1.413784,0.48681235,-1.5774808,0.045360476
3417,train_images/96a9706b8534.png,a89a61346cd279db5674168925b7232db86fe5b08e78c69ccb202232be2948f2,3417,1,2,-2.0327168,0.8103981,1.1103544,0.31732607,0.41059312
3423,train_images/ad3fc5076852.png,52dd160777bb5158658bddcf86c7b0885a10aa74ccf63ab9504d5d0b285387a4,3423,1,1,-1.0823193,3.056141,0.16073799,-1.3115578,-0.36172226
3428,train_images/c1ebe785503a.png,8bd8a0b681456b33bdfda828b3af7eb78595e695f01ed004cce4a2fd4e013d9d,3428,1,1,-1.3981152,3.658907,1.5083644,-2.7813382,-0.4023879
3429,train_images/ca6842bfcbc9.png,ac3c47f35f5139dc134e1bc994b05a26d60b139420d0f7a8ca83d78f7d648218,1641,1,1,-2.2791824,3.7354698,2.0206738,-1.5720587,-1.1812396
3436,train_images/06024377d573.png,d5ace70ac35bb85d05d04399ea5fb43063eff45e240cd4b2a6ad118a6daf3d88,3436,2,3,-6.5083237,-0.64325714,3.545901,3.8847604,0.82842374
3443,train_images/1124ffcd76c2.png,a9341152ed81341723f1f585f8715bfcbae8efd3115426e912204e2c5abd4493,3443,2,2,-3.1046028,0.8396244,2.6020656,-0.48962593,0.62876034
3445,train_images/1541226c5d72.png,aae24333eb3d6bd2ef91f06ea440e557bba1af330c60d75394a6ea625e21a2af,3445,2,2,-1.9495068,1.7157192,1.9414239,-1.1239519,-0.047789425
3451,train_images/1e4b3b823b95.png,f99c2f7a670b7bdc9c3ee1f20367e220ae217363208e9178291358ba2ab79f76,3451,2,4,-3.3775349,-0.9706688,1.4380174,1.5261178,2.1241875
3452,train_images/1f07dae3cadb.png,8e03a481f0261723971041df11c093cb920f5dbe2b375844ea42dff83d270ab6,1682,2,2,-2.9365788,1.106657,1.7207313,-0.32543945,0.91176116
3460,train_images/26999ebc21de.png,b3a85a319b02b95f28651ef283d8ad2f28dbff1b731d9d5724024cc1f21428e5,3460,2,1,-4.6287804,2.5820522,2.0927358,1.3710885,-0.3527303
3466,train_images/2c2aa057afc5.png,15f09e0ce997d66519f8b453577944e7e657db2f53903d07b3814e9e485cb6a9,1890,2,3,-5.44808,-2.4119072,2.415208,3.225573,2.9369264
3467,train_images/2e79041ef722.png,0f001455c6b995805435d727396e2435f5058e2d7c5427326fa3d44815eb43d2,3467,2,2,-1.0915451,-1.8147507,2.2582908,-0.21070004,1.1626266
3472,train_images/3cdda8b3df19.png,a23b13507f95ca3d21fa05a842087f3b547ad89abd84993ff62105cd3ade028c,3472,2,1,-4.2349205,2.6438637,2.0960443,0.17323971,0.04609391
3476,train_images/3e86335bc2fd.png,fce068e3b2fea80143b55a4f4253b3bb0ee887d1f84ba67ef2abb48420437e99,656,2,2,-2.8568344,0.7416172,1.2765079,0.79638195,0.3913277
3482,train_images/465c618f7b23.png,d7f58be9dd5b6413bba24eca26f0dab357141985282b3b1312da8ae102c34c20,3482,2,3,-4.270447,0.74191475,1.2038488,2.0495057,0.9524052
3483,train_images/467b7d9d811c.png,12773569ae779abcb67c250af85b9cc987be3c5b4fc605e30756b6aa2b57a46e,3483,2,3,-3.815199,1.2300396,0.82807326,2.0139794,0.629848
3488,train_images/4a44cc840ebe.png,956e78f8545d1e808104b24be48547517799c4764795105a42e7e3020d9dd59a,3037,2,4,-3.6183643,0.16289711,1.7950242,0.42860985,1.9952072
3489,train_images/4b5ffea77373.png,bdedabe9abe7a89806d781da59d02c60d0b6fa764fa727cad2569188f98aa940,3489,2,2,-4.7726517,0.18679619,3.042323,1.3970742,0.8004637
3491,train_images/4e7694eebb91.png,ba46066704c6d1bc6a341948f240c66f15b1d75cc19e4f0bee3f91b2384c223b,3491,2,4,-4.492218,1.3594494,1.4501917,0.18558073,2.3611484
3499,train_images/5ed6dc419e4d.png,57bf9cbabc7f9b1795e92f24e824eaa4ff28854e52bc2c70fc5dfbe13613b458,3499,2,3,-4.5584774,0.6367798,1.518883,2.474646,0.50072336
3503,train_images/66d2ca47aa44.png,68e74b062359b3a41994264e531855f3d173ba1c6bc905639be89b8d0f3fa5fd,3503,2,2,-1.4340324,1.2208977,2.5985904,-0.47852135,-1.3512673
3507,train_images/71e4130bf5c8.png,419afe9082d107e71604f25e0600df5b4fa28886c1582a4387c460595a59c05e,3507,2,2,-3.5260353,-0.8912277,3.2200484,1.2913394,0.61216044
3510,train_images/76e6a9238570.png,ea0522d928546f4845be2672d2e5157e17d87740efe0845f8efd55f4610fc036,3510,2,2,-2.980877,0.3362007,2.3759167,-0.063156605,1.0861524
3519,train_images/85cc6d636898.png,ded162698415f1498b16a57281ac86e414ca239a9e1380ea704ae6bdce8c7ce3,3519,2,1,-3.3319473,3.1424732,1.6279733,-0.27968454,-0.53453517
3527,train_images/932181b93b2f.png,bdcab7b8e917f7082bf02947a871f6ce35ae2b9b1d76863c946dcc8eed5df0a8,3527,2,1,-1.8670006,1.8366032,0.63981724,0.3254857,-0.277136
3530,train_images/9785805af1b8.png,90074c4af236095cba246e982db86adbd83731e2a339cc740d13a1a8fcc47e4f,3530,2,3,-5.373663,-2.9403706,1.4713099,4.4457393,3.1367202
3543,train_images/a4359815f152.png,adac219bdb8f1fa2502b221db0ff24e7df9e7c026a76a52051062ad095c78b23,3543,2,2,-2.586378,0.37671852,2.4252439,0.09112167,0.041695923
3549,train_images/b402daa0864c.png,c37358d4e7c06f4fcf465413162287581d615e1d8edc6d0824c62a3334e8f8d7,3549,2,2,-5.22237,-1.1174278,2.8667364,2.395083,1.9415351
3553,train_images/ba25f947f4ec.png,7ca93bf2b1ca55cc793291d64dd14316bf04c8afff01f2251ea4e4ec5d4d778c,3553,2,2,-2.657465,0.10281181,2.4894922,0.20116186,0.48118684
3554,train_images/c2d2b4f536da.png,b822a3249bf631d8cbbdbcc506f3dad105981b7e1ce72584839d313effa5b87a,115,2,2,-1.7316647,0.43341827,1.0732245,0.16754293,0.7538729
3563,train_images/d6228d951958.png,84b1cafa1c7342bd1613efbf594384f8b12b22888365fdc5b685331046af9f27,3563,2,2,-2.7818947,1.2767944,2.0909579,-0.8273773,0.7944193
3565,train_images/d91273efb92a.png,0a889e3796719d7e5c5113382f62fc536e6269cd9c60b2d6af11c21c89c4a236,3565,2,2,-3.548912,0.11225319,2.9958668,0.11615372,0.9703188
3571,train_images/df841a0440d8.png,9f64aa78af3feb31e2f61366b3d8cd7f6bb0512dd8926446222addc859e91081,3571,2,1,-3.3007812,2.849596,1.5088916,-0.17113924,-0.29759791
3576,train_images/e65a2ff90494.png,e9530fe5cf3b46e923ccb407f462e829c4a6a2df2b6a072ea6d31c2696005f51,3576,2,1,-3.2529087,2.4029942,1.7440302,-0.17789793,-0.29117277
3578,train_images/e7defafeb957.png,e21c4de862751fe683d47cb4d232e6822bed91c1cd8926a6363914bb06a8c292,3578,2,2,-1.6149979,1.3391685,2.384251,-0.51285934,-1.1166195
3585,train_images/fcc55ae641ae.png,d045d1281e9db3aa4805c6db7c1f8f78de33b65c25d2d4cc3871e58aebba6e0a,3585,2,2,-3.7307243,-0.03949356,3.031191,0.31067705,1.1508383
3591,train_images/36865bbc64d6.png,2a53d9bd33547b23249a0d2f8a3e10c060f106c20f5c4ec65ca2a7987d8c8b38,3591,3,3,0.4346466,0.28322983,-0.5991359,0.5994077,-0.5067384
3595,train_images/50a2aef380c8.png,5a3e2c7c8f9cd6e493b2f847bbdfaa2272b7f99679f88306402b83c7f6697d5d,3595,3,2,-3.5959396,-0.975441,2.09302,1.3887887,1.7729918
3601,train_images/91cf56d3d1af.png,eadaa2e8be522099b564ba2bf141320de0f9306ec0911a8cbd647e6a784b44db,3601,3,3,-5.1249065,-0.15164566,1.1027691,3.3053994,1.657733
3606,train_images/b310bd564329.png,00bf44d754fdc2d0af7f26955ef23c31ca347c7f4be3db0e4edef2d1d3ebbd78,3606,3,2,-5.818022,0.055158615,2.4503074,2.180655,2.092051
3611,train_images/dd3dad6ca78f.png,7b41cd7a1309312db3765a88bd81a39ebba83b7f0970d5c77c68af15cac71f0f,3611,3,3,-2.0676231,0.33310318,0.68937993,0.9234338,0.54141843
3614,train_images/e76a9cbb2a8c.png,25ac9acf573c431f146c3f94ec9cdd7548f5ad2d8dcb5b6b6a7113ff6850f723,450,3,3,-5.058201,-2.1263905,0.8000059,4.2434525,2.7819726
3621,train_images/25d069089c5e.png,041dded3fb11b028d7f1d49ec308e5c0e4ebfe3f1bc56ffe455e0f919065a1d8,3621,4,3,-6.4137783,-0.37210655,2.4247553,3.3873115,1.6926599
3624,train_images/3206171db5be.png,6e831261eb07caf6b799db2a9415d8435d3f540c89ed974a3e08ebd9e3f14853,3624,4,4,-3.1867046,0.15683937,0.40348816,0.31024837,2.9933639
3625,train_images/378963f9df22.png,30699355bd8db1414eb04a31aefc2143c0f7a16cfa91a0afb8944b590d02a144,3625,4,2,-4.441387,-0.015922546,3.4111366,1.8018336,0.0555391
3635,train_images/70d657f8f503.png,9fa8eef896b3dbc9465344480c7cfeb119ae9851c7a86027c4b820096f3ab9bf,3635,4,3,-2.9895954,-3.6535892,1.8246384,2.8381257,2.613433
3636,train_images/72d98188648f.png,f540fa14be4db251adc657bd903a43b4e8e40d03fbb74c8820191e54d06fef53,3636,4,2,-2.460289,0.8185539,2.0772057,-0.3088832,0.38808927
3646,train_images/a11bf2edd470.png,a36b21658b8f4792601c61d4595103af62b230a1130c4ef54a535414d66bbfb3,3646,4,3,-2.2194653,-0.056943893,0.8297682,1.2192302,0.60444117
3654,train_images/cb547e723a16.png,db4aa606bc77aad8a05b755c9405a6adae18ed6cf58284dfd471132e00c1bafe,3654,4,4,-3.2419395,-0.88153076,0.2870853,-0.19735622,4.7642384
3655,train_images/cd93a472e5cd.png,86ea70b3d016855259df8a8ff9ee6279839ebc9e78ae792555e65be9b94f29e8,755,4,3,-2.737978,-2.0075989,1.2806916,2.3022294,1.7071728
3656,train_images/de16416220de.png,173d043a6e7eceb732ee2d104c5f64642b8a1ec51de453d7562ca6a5900ac0c2,3656,4,4,-4.376709,-1.5702801,0.77592635,1.8123431,3.9376662
3661,train_images/f5e6226bd2e0.png,2dfa01b045d26af90cc3b338a8d9a77ef9580cde705ee3b3523c566860ff5a61,3661,4,3,-5.2124634,-0.027641296,0.41721654,3.2740645,2.2803323
