pool_index,image,pixel_sha256,sensitivity_group,target,prediction,logit_0,logit_1,logit_2,logit_3,logit_4
6,train_images/4c9f0fdaaef7.png,76356f34a7575937fcb3ff653e5e5b8555d0f3e869f2f87c0a4431e7cc75d2ea,6,3,3,-6.3758564,-1.364892,2.364901,4.0174527,1.2638626
12,train_images/b665041e1633.png,d562e259d4929a5ce76ee78285ebbbf1349feaa76d06f8c225cebb8e4ebc56fc,12,2,1,-1.040535,1.766943,1.1663098,-0.39606142,-1.3365097
15,train_images/70ed3ec68b94.png,df2bc888a0b0f1579ea13b07c53659409421f572dfc00890a689946c4db2f0a5,15,2,2,-8.34359,0.27052402,3.3672185,3.1856456,1.2415438
18,train_images/ae57c8630249.png,9fd4db9044f7eee39e4b84647fded4bcd320c1399f5b2afa655f71aae4853c6e,18,0,0,5.009447,1.1005116,-0.2239871,-4.2347846,-1.396327
22,train_images/cd972e5639e0.png,8bf3bb791f8fed8fe4f6be8312b8bd599a16818d9da054bde0270a3e275a4546,22,4,3,-5.141655,-2.3949022,0.81088567,4.001678,2.6122513
30,train_images/f999c6921e6d.png,2eb337deea81afaa5ac49ef8e879c25c6fe7be6ebc40b923e841f382b319a3c8,30,2,4,-6.384777,0.42042446,1.5767896,2.1165423,2.1311836
35,train_images/1002f3fe38f0.png,25347fc0830b432a087a3939738bebace38504a817a1eaa3c61d060318e7239c,35,0,0,4.9178047,2.180787,-0.86510277,-3.7871413,-2.2058773
37,train_images/e9ff9352ccb3.png,e2f35230990537f915259582fb4dd8abc34fffa3a3b47f30614d433e9a0ea1f7,37,1,1,0.4325695,1.2884741,0.78288054,-1.1715131,-1.2389183
41,train_images/f4df3d86688d.png,034f22bfa60d9e20448471fd112f4557c0a8a16cf0b16b05666ba0cdd6fa689d,41,0,0,5.9552155,1.1958799,-1.3146744,-3.2507222,-2.3404317
44,train_images/0c43c79e8cfb.png,d49ee27de2d838256ef2399cddfe330e4b4f384472f60d7f9976a95aa5e5e191,44,0,0,6.01606,-0.18920422,-0.8718147,-3.7666905,-0.7342129
48,train_images/63a03880939c.png,12bb56f380cecca7aa558c03446098950cf06a2189238343f607bba494a5501b,48,1,1,-3.1372604,2.4792538,1.3277102,-0.46445274,-0.15832233
54,train_images/5ac7a414560e.png,39d0d185d2de8e6b184d9911012676a4133b00d1f1ceab09de75cc41b6a14fa0,54,0,0,3.9532204,0.948966,-0.5463853,-2.5145102,-1.6636906
56,train_images/ca360bec5851.png,df684065a48b718cfa6c4d1a92463011a0585469e7baf005f1b86a1c9948e061,56,2,4,-2.762371,-0.82151604,1.8750682,-0.15948868,1.8774033
66,train_images/494fc9c745a3.png,d1af4ec02abbf521343baea46fe913af2fab1f2e81b04c3cf530ba732fbf05da,66,1,1,-5.6036453,3.5955229,1.9626751,-0.32302904,0.31767082
68,train_images/3732de8b416f.png,94e060ba453ed22182ef6cb23968764e6e04c9c47a10392ebcd60770d0a14f0b,68,0,0,4.7960587,1.802414,-0.15442991,-2.946921,-3.0866275
76,train_images/7aabd768abff.png,756c4c355c67be7071b4b6a0c8d8a8d13ea48efeb827014ad6e579e22f7e4600,76,0,0,6.2157993,1.7472572,-0.33158684,-3.7084398,-3.4594193
81,train_images/31616ff6b53b.png,5e0e816c047a9ded55bc77449b02b4fa0450f83e5bf01b172cea31f95059e26d,81,3,3,-9.048771,-0.08856869,2.7880404,4.393227,1.5995197
82,train_images/838c87c63422.png,16408926131f232702bad8b9dc6db519abfa46a0458d48ac67319358ec47fad3,82,4,4,-7.668434,-2.2215772,-0.31305552,3.8872619,6.0169735
84,train_images/b43440c6ebe4.png,f49e1c3e10573224f8e98b931fe321414afcf39a4247169c63f649051303aad5,84,0,0,4.8946247,2.2614985,-0.6962533,-3.32873,-2.6826057
94,train_images/8a3eb86ae4bd.png,f1fb9d74ed6be17c050b73eef603a14c95c9904a11cd70032bb01278f9ae1fd1,94,0,0,5.9172335,1.0966845,-2.211793,-2.0578685,-2.4366536
99,train_images/423abbaa5fad.png,58f302ff650107f01e2a67ded84f7c8fffe2541fcaacb0777083573fd6b0e3b1,99,2,4,-6.8762627,-1.3755236,2.7793791,2.1042504,3.117239
103,train_images/bfda2fd0533a.png,1e0215426e2815591089dd3ee91461794f832d91a9b80ec54bcb7395f250b280,103,2,1,-4.1329746,1.5759907,1.1877134,0.80282545,0.52599525
106,train_images/4360a112db10.png,741e0e49d2f9d95edf5fdaa8cfb9ecaf7e7056707f555cfd5757f64cb9cc4e23,106,3,1,-1.2304134,1.361474,-0.003054142,0.7735529,-0.888319
112,train_images/73ef3c3dcbe4.png,a2808f10e884b212a52edada5ac4616f255323288247b1eda85cb818bb41f442,112,0,0,4.197525,0.15002155,-0.37144518,-1.6041474,-1.9647846
118,train_images/286e9981dd9b.png,1e651ed4e784a6039d809d4425c84ea52f4343f952088dd48c4ff7c5059f3961,118,0,0,4.542036,-0.11538792,0.042010307,-2.747076,-1.3008718
124,train_images/af831c158744.png,db9bea8732101229d29dfbdc467fa4bf344e82321698c726c70246ed0d72badc,124,2,2,-3.388647,0.23686028,1.7871006,0.5510688,0.7267294
126,train_images/789f0ec1eab8.png,0bfd6ff37661c5a67fbc7f4b926949edab84edf63bcc913df87914a27069bc8b,126,0,0,5.386812,1.501337,-1.127666,-3.8269582,-1.6876078
127,train_images/4158c340fa49.png,bc7d71419d6135cb0681099d347f8a0b29406aaac076aefd0fb7b86e024bcc00,127,0,0,6.1491365,1.4245396,-0.5376439,-4.058144,-2.4811873
136,train_images/44855f666225.png,9ae0b4ef73578fa86ed2dcd263d404d1fe3c59e710086205814b67aaa07cd527,136,2,3,-8.489927,-1.0115805,3.4362075,4.6553817,1.0889864
139,train_images/4f5dd7660b17.png,af756e08a814b3068ebeef5bef382b42120464180ba0a2d836c4a87a080c29f6,139,0,1,1.9433823,3.9741182,-0.27960634,-3.8880086,-1.4721146
140,train_images/15f8d769935c.png,59680f35e4eb6ae2d64d91f140f02c2b680e4ab76e7a2dbfd05df1e2add00c55,140,0,0,4.9698963,1.343544,-0.7205477,-3.5110993,-1.8689022
148,train_images/42985aa2e32f.png,4d811f303a66afd2315e0860722112a13ae69203166d09e45ab2545b32a8bfa3,148,0,1,0.8045025,3.966752,-0.8590498,-2.8137813,-0.92672443
156,train_images/3cd801ffdbf0.png,2b155912b3f4bd098536c75f028cb510afb557a11945b7378b5224b39634e69c,156,2,3,-9.745506,-3.247634,2.6394303,5.5806527,4.37317
163,train_images/06b71823f9cd.png,de54e0366c1d4108866efaf0267c31286a6b35f034fa51e11bce95e8e2c70594,163,1,4,-6.2525043,-2.795277,0.0454669,3.5785365,5.2123127
168,train_images/7663aba8d762.png,0ca22058e1a49d8ff038ecf19f670e16c491195061195200f25c417b515b89db,168,2,2,-5.9309483,1.1613855,1.762682,1.3135142,1.5003824
175,train_images/6cb96a6fb029.png,fa3f631468dad2e67e27944375bbecfe730166c8dc3b7e9f167c77b9321ca5e1,175,0,0,6.5697794,0.22887039,-2.079833,-2.483977,-1.8738213
180,train_images/9ba469af2980.png,c6af4994727510c45ed2304c2896efbfbf3dacd5d2c2263395b186c88953def8,180,0,0,6.335719,2.1308165,0.012202263,-4.0495467,-3.9400697
186,train_images/0e82bcacc475.png,04b327d1f7893168523eb92dc3a73db50c68f19d88c9417b1e7599c1654d3d79,186,4,4,-8.818724,-1.5471306,2.189925,3.797153,4.118289
191,train_images/5188a8afa879.png,566708d20a06fea883bbcef9531dad1417b003ff60a8685e4be7a54bdfc17c82,191,2,2,-4.439554,1.7133999,3.0556114,-1.7077212,1.3295002
192,train_images/f48241b0c995.png,bd795487787b4d743c834228c1116b7f1b93171ce147dbd2bcff1e6e40d28076,192,0,0,4.898628,0.49555206,-1.3603067,-1.7886174,-2.0029411
197,train_images/5327f88a1919.png,91850561d1b3b288f21a02c733a7af5a61f068605feebb04ecf0b001de691a85,197,2,3,-6.2695847,-2.2837324,2.1557574,3.1924787,3.1135244
204,train_images/ab3c505b624f.png,d49b741e3604873f86437bcae43de59e258f405e960b91f3ee86e95a5258aa2d,204,0,0,6.1674156,0.4487877,-2.1192622,-1.7782993,-2.4022684
208,train_images/e66ad813a508.png,51e25b72d84f8bc9d19077ae1d327944629393cfb67a41915a0dc72c4ab3ab95,208,0,0,6.0006256,1.3719273,-1.1153378,-3.4117775,-2.5576181
211,train_images/91b7a4179ecf.png,79debf6e6dfd182c4034e34834334d29dafe7c8661ef47492a88cf736b4a7fca,211,0,0,4.590437,1.8255711,-0.74744606,-3.1984277,-2.0728874
214,train_images/11242a67122d.png,e6f9745fc366b3ec1bfef3ede76b78ad12259b256daf7f6f10b8c31d28e6c910,214,4,2,-8.478628,0.26248264,4.0801997,2.1866555,1.6130342
220,train_images/aeed1f251ceb.png,014548e090df9d1d91b4f01d9f9dc41981741dd319047fabcf785f01d71504a1,220,4,3,-8.754662,-1.067626,2.9221048,4.495277,2.0340023
223,train_images/041f09eec1e8.png,d2cdf8c827419d0f4d89c0731f21c4b15c09f092c00b2b78f88059bc694a9665,223,2,4,-9.891163,-2.040707,2.5558448,4.0575013,4.9601803
232,train_images/83a63c4a3e4a.png,e42c6c97b486daeab07bde825d888e1d4f80d5930862721a8a5ff0e417605328,232,0,0,6.2312183,1.3537178,-1.001617,-3.8243954,-2.4888878
238,train_images/405b4f78658f.png,ea3392f28084460066f53f0e03bdd40b16c03fdf1c5c6f6618391960400a44b5,238,3,4,-4.5655003,-1.5607429,-0.28337193,2.524221,3.6967068
244,train_images/5bf6f2958e53.png,d26dc792b181338d2adb5f36fbb2b8c32bdd147a6629ee13931512f2c11c2275,244,0,0,4.0103664,1.1645517,-0.5468297,-4.1329255,-0.3225174
248,train_images/495106ae3b68.png,8081dd0b483c569bf27fab9a0e802d59c3b93b81f4bf5b21744f018ce94bc17b,248,0,0,4.246277,0.5820589,-0.7845931,-2.899509,-0.96690845
254,train_images/72595230840c.png,ed1cfee3728b6045d28acd761bf72597402002383fce2c62e60796d1febc0407,254,3,3,-11.7106285,-3.419199,1.0492148,8.290792,5.339238
258,train_images/1b495ac025b7.png,9e088947f9296c3837a98b067e668e1050bbe20f14ff53259fe74d5a0d2a414f,258,3,3,-6.3913994,0.6039381,0.59185505,2.7993512,2.264247
261,train_images/b89938407ee6.png,09ac3d6bed0abf175a518feb782b7b813d064944c4ce132de73722090b24a499,261,2,2,-3.7056255,-0.46223736,2.9221778,1.1335502,0.09881401
262,train_images/ec4649213ccf.png,e31a8e41dee580accbdea40ba8e70a3e47a860cf49755c97326cc591c8dd4c67,262,1,1,-3.3919754,3.5212088,0.96354246,-1.4116044,0.31813908
266,train_images/8bdb891661a8.png,a78a2833f8cd4d50bd69d5dc522893a34b1e12b12f55476eea097e9458feb468,266,2,2,1.1862164,1.2431059,1.5589182,-2.0211542,-1.7100172
273,train_images/ff4cd992667b.png,dbca0f1d4915149ff76b74cd2418186c4389225bfc2c30b78e68ac7c21f3b8b3,273,0,0,6.561721,1.5661077,-1.276084,-3.5617895,-2.7786107
277,train_images/6294b378d09f.png,2b4fdec1e5ee54e4b9d2c193a30ccc0958e6f20359e6954fec809e8825614fec,277,0,0,5.2370596,1.722353,-1.563899,-2.5484314,-2.562799
283,train_images/1dd9adcbfff4.png,097b6aff03b5d166df78a1d8a5085803d3c6677fb34d5997f69c3e5f326526ef,283,2,3,-3.4588242,-0.9443054,1.4326577,1.4627628,1.4196272
286,train_images/2fe06bedb2c4.png,04929bfa62af66b88089623760eafa265ba8b95b02872c2a6f08e90f5b88439a,286,4,3,-2.9738884,0.4993477,0.918097,1.0520382,0.5176201
292,train_images/2fb3a8606a77.png,59f9ac56fc35d9f3ef7f67f666c1b4914a9a41e8fe426c906ae48255d856ecd1,292,2,4,-4.1620884,0.87136745,0.96591806,0.7569289,1.4543562
298,train_images/f762c272c522.png,cf8cb4a50ec059a39995b60f4f70b25be0e5c132ea30f2d6587dbc5e14bc3ef7,298,1,2,-6.2639523,1.4947329,2.981523,0.52876425,1.0519047
301,train_images/38c7153457e2.png,6205f038d7098d5e81efdbeca73a62f0a2b2c6d95e0347f9a4939c8d0736b4e5,301,0,0,6.6809006,1.3885221,-1.4584208,-3.565663,-2.74329
307,train_images/8db2ce991101.png,868ab8a0a5d1ff89a0c091bf58e649d351c28fd4d8e9c9247ac45dcb97414488,307,4,3,-5.1791115,-0.6867666,2.3621764,2.5277524,0.9214468
313,train_images/ee36ca728641.png,a33630d60991deaac7eaa8036e3fa5f051d95fbf8a566e8776a8cc92caa62dfb,313,0,0,5.7960253,0.42337132,-2.09051,-1.9577794,-1.8641806
316,train_images/484dbeb9bf2a.png,5da2858c1f71a214b2741fcd888ddade478427346adf866742faf8fea2863577,316,0,0,6.968646,0.23439217,-2.1964011,-2.4749074,-2.1905403
320,train_images/f2c0b41acd05.png,f52936a0a584e953e0a73a7c843f3f03321ebe5219b1294f18c4fba7e5212841,320,0,0,7.6183662,0.40090847,-2.397336,-2.921513,-2.314736
324,train_images/52dbec057cc8.png,93a85b2e63923cc617f3a8c385fd7001f699f9246f84381cd068723ea89dd3e1,324,2,2,-1.3090153,0.78659153,1.5268815,-2.3288875,1.3895721
331,train_images/59fee5bc3479.png,de47634d15fdab1cd5a86a99487611fcd0af8f5e082b44b46813f5ca90656575,331,4,2,-7.3938007,-1.5728922,3.6518497,3.5693622,1.4593544
338,train_images/5486da4273d7.png,9585ce64af838e38f9f3845d8832bb2238364f104b8bff8a52e0615a93b6b150,338,2,4,-7.6872673,-1.1188908,1.9378982,3.2897077,3.3087673
344,train_images/41960d5f58c2.png,374ecffa1c3f69f04b69ff7a632e73a1be5aa292d9fdd5379349e0d73e7495bd,344,0,0,4.410591,1.7260523,-0.5577178,-3.2407794,-1.9412022
350,train_images/d271d3a2b552.png,17498cc8b58e96cd88d60d5d34ce729385267731c5f98c974d0cda2e41467945,350,4,4,-3.9359589,0.88839626,0.30963707,-0.797637,3.5218582
354,train_images/f0546a45ef10.png,d02ce8d9678104a733b59e5dbd1609184499a66f6710e9a9476970d2a9cb84c9,354,0,0,5.3845224,0.5929737,-0.7778306,-3.164359,-1.7868738
361,train_images/87774aafe068.png,75c6d814ee5a8c017cc0da824a260c8ddf6ff5614c8a84f2fef365a7a23e7a38,361,4,4,-9.843685,0.28788662,1.8311095,2.2449327,5.1672716
366,train_images/b67ae80f7eba.png,f51223ede581037bd120181f4fd1f8d7d703d796e2321d481990ce9d751bbb1a,366,0,0,5.6096506,2.4382687,-1.7680359,-3.842176,-2.011835
373,train_images/24f271c87e73.png,5db0a7681a997bd81b9cf7b87da9efd32341bb3c1f5d3888a4cc895d832469c4,373,0,0,6.077057,0.99123764,-1.2717514,-3.4005032,-1.9288397
377,train_images/81914ceb4e74.png,b56a5dc50eca9ad57b7b87189b9cce7a2a6d473220894742e69ae293c12bbe04,377,0,0,4.485819,1.9262009,-1.0601916,-3.4772646,-1.6733704
378,train_images/80c67efc8101.png,e716306a851be6c34252a751cbe2834a10fdb3e797055f1d898b6f7264768d0b,378,0,0,5.807459,2.0570612,-1.0439205,-4.486991,-2.0918102
388,train_images/2f81ee5f2926.png,d08d5df9a3ca7bff3e825a7776e7b2729b29390c95025cc5f4f937e2971ec277,388,0,0,7.044566,0.3948927,-2.4883046,-1.7822242,-2.814869
390,train_images/97a5ad7548b7.png,908fe79d42556b58feeaf61f44452e5436bcb20fefce68d91da464c9602e3190,390,2,2,-5.482502,1.3679333,2.531114,0.5540242,0.87133694
391,train_images/a56729de89e9.png,abb51e073519dd2446e1fb5e08e3b738f261725817d6b9dfaaadc9d5eabb974e,391,2,2,-3.2927341,-0.010245323,1.9531133,-0.23356295,1.4014082
399,train_images/5eb311bcb5f9.png,56d3ec0418028c54bc200bb083f8a8b274550a95931877fb36b6c1033e531bc8,399,2,3,-6.5239105,-1.8656297,1.9664869,3.933536,2.2837858
407,train_images/52ae917fcea4.png,bb50a3e5f7db9c953aa73a7bf2281a877c03e4e4f64187e7fefcce3b48b20f82,407,1,3,-5.2827606,1.2601042,1.3583298,1.6802311,0.9204216
412,train_images/fe37f4492920.png,c83fed496de3b52aad1469ce13504959b48f1230cd552fbc8be7697318f5bf96,412,2,1,-5.7600117,2.0235167,1.2426488,0.3832407,1.9184456
415,train_images/7005be54cab1.png,a0b4433de9d934db2d4b3e666889cc1b0529cf1a075f3cbc21558ad52342c132,415,1,4,-5.523861,2.481639,1.3245757,-1.2062244,2.8421602
418,train_images/a8aed92940fb.png,0a0999ce54f1e7dfe1597ce4ab13da79d6a2100632e7b8ac4e96d5e8c6bcad5b,418,0,0,5.991153,0.49037075,-2.2697034,-2.3265028,-1.5804377
427,train_images/1da25637859b.png,c75d9de142a78d4604c323f12c3baabde0f38b2068c5d6a2f6175427d12d2ed3,427,2,2,-6.056473,0.3416357,2.3274422,1.4851408,1.729331
429,train_images/d7ac4a0c9760.png,3d6b9cc13972bb9f4b3b1bfdf20f8962654f71413a3421341b18a78f1d123d3c,429,0,0,5.519725,1.7373285,-0.7388873,-4.4663033,-1.7975245
436,train_images/71e43b4f8ba6.png,d53cee79b6c156a255a32e011e925d516bc8dfab7e5618e1130176c8fa43ebde,436,0,0,5.7991924,1.7189837,-1.2088833,-4.317947,-1.7344875
443,train_images/0f96c358a250.png,457d828f5fa90f8629e70ee6501144653ff081564ff24266fcb89b33d1c3fc06,443,3,3,-7.496559,-0.40635014,1.7542229,4.183328,1.7298002
449,train_images/599498e9e4bc.png,f4da283260019583f7487e9fde10408b82f0c70992eb4b1fb108099aa42e234d,449,0,0,4.820593,1.1677608,-1.9938874,-1.7249382,-1.9995966
453,train_images/15528e740543.png,fbe0150302f4dba8560f0b68ddf6293657926a903f5fbdf6ee20e4c4dad67734,453,2,2,-2.2045898,1.3966322,1.4450839,-0.14548159,-0.444458
455,train_images/d27ac9e54901.png,370c48cbc50a5c2f8790fbfb5d8a4c4af3eaf86bc3f74a4833f29d1acc279512,455,0,0,5.2008667,1.9345284,-1.2592239,-3.7235088,-1.9141588
463,train_images/fe3b0e50be78.png,d290ad88bb825273f6ae0143991669a47a5d1a1f94be314621c213a4aa355bd3,463,0,0,5.1831455,2.1711998,-1.3302159,-3.215742,-2.4139347
468,train_images/88e5051f65bd.png,bdc64072feff821beaa91f08b92bb26d1367d45cb4fe31c6a74060358163919c,468,0,0,6.1239843,0.75448895,-1.7509208,-2.7261868,-2.0729513
471,train_images/3ee4841936ef.png,a0b4433de9d934db2d4b3e666889cc1b0529cf1a075f3cbc21558ad52342c132,415,4,4,-5.523861,2.481639,1.3245757,-1.2062244,2.8421602
475,train_images/58af2c054ced.png,ed41c18f9b07ac41efe3c73e87fac5aa2df2af0f282768e642631744b52cb7df,475,0,0,6.049389,1.3756723,-0.7150984,-4.442871,-1.9795771
478,train_images/bb11db08584a.png,29502ef8fa00753a37472d26a3732cdea1756373d7810cf32b9c0528c6eb2bc1,478,1,1,-1.6511288,2.2392044,0.09156752,-1.2425017,0.691823
482,train_images/05a5183c92d0.png,12bb56f380cecca7aa558c03446098950cf06a2189238343f607bba494a5501b,48,1,1,-3.1372604,2.4792538,1.3277102,-0.46445274,-0.15832233
484,train_images/0afbeeef0ff7.png,189fe280f1017599b78b6bd7e7b4362eda2c865ef9c1bf25bb3836bb3b7f95c6,484,0,0,3.9569016,2.1234465,-0.7717347,-3.734862,-1.3894596
488,train_images/1b32e1d775ea.png,0d2fd1f2299c818ff14a57c895bca9042ccb9b574d84bb988f22a64e543db91c,488,4,4,-7.702385,-3.8618731,2.2943966,3.9319081,4.988551
496,train_images/b64e1eef3d63.png,876d87fcf63a766ab5cc38ae530e6e94bbdf0ac675006408a378412524d99edc,496,0,0,5.6045895,0.37221622,-1.7760067,-2.0395043,-1.8571758
503,train_images/144a1a426137.png,439dd2ec4149ab75162d21ac9fecc7d934f86f495137a6441f9259f8ee20e017,503,2,0,0.89881134,0.87081337,0.24583435,-1.7755711,-0.22193146
508,train_images/ae2c3f6312ef.png,166c1bae54070430e62ec2c259491360958588f92797a2a5b37f854df57a904f,508,0,0,4.520672,1.8181562,-1.0203567,-3.3726282,-1.714037
514,train_images/f5c953bee7cd.png,c72e85145a9661a56e415df87f9844421dda34af8ac8331cf46668fd480bbf4e,514,0,0,5.049721,1.8069553,-0.6411505,-4.192833,-1.8239365
516,train_images/e7a372a1c3a4.png,faae132ac95715ea52797b975b5162bbeb761559ebad52c0da5ecdd96cfd33df,516,2,1,-4.3729324,2.7342758,1.0372102,-0.40231514,0.97187996
522,train_images/f025f33b2c9b.png,1397d987e28eafb5e9574fb756741b1ea787d0b54fe2db3d7f6f677fb51682c1,522,4,4,-9.678078,-3.3159142,2.6622605,4.8652053,5.0311937
528,train_images/51405d042000.png,7bf8384cbbbe7d41590dfc23f6cd6be8cfc8882dfe47f4fb973e9f112305b9a7,528,2,4,-7.106045,-1.1969595,3.177682,1.537796,3.3130398
536,train_images/cff262ed8f4c.png,2445341e543ad2e1b8c7422b0f91b48383448cde4c4a8aa5711247fb18a9e4f9,536,0,0,4.2356052,1.5518131,-0.13103914,-4.348351,-0.9067106
539,train_images/be7bc89f5fec.png,54ece05eb1367d608c1291f16db33b9cf97050da5b49519837c51d3ea3a01ffa,539,2,2,-6.2923965,0.5344534,3.359925,0.37389278,1.9064741
544,train_images/9b32e8ef0ca0.png,57d8daf10020a08edc358bea7606ff87ee9bb161beb608daa81c9060c1f14dc4,544,2,2,-8.226522,2.2586718,3.138622,1.7904291,0.82389545
552,train_images/4cae247d9909.png,5757e03da6f2d4ec5708be8254da719bbec29c5bb046e5d89c66d258ec65df5d,552,1,0,1.7538853,1.473278,0.241467,-2.994308,-0.38068295
555,train_images/4cf4d528c08e.png,d48f3f1826635b3d7a43551c276db83377123d74b77e7f5434ff408540a02308,555,0,0,8.297519,0.07419968,-3.0306754,-2.0542867,-2.877071
557,train_images/42c65af5ab16.png,4505150cbdf016e1a432e3b904803a98a1de9dfa439fbe53386cfd6c8e5a4598,557,0,0,7.1739225,0.91574574,-1.9992924,-2.774425,-2.9221673
558,train_images/8b8fe3fc8950.png,782bb97c6c1482b1e12754864b10c1bb8c7006da1dd0822fb62bad9dcc7ed8aa,558,0,0,2.1537704,1.3396282,-0.64236116,-1.6007586,-0.9678726
559,train_images/be197b663520.png,ac88a3bf7478b9c02f3330630a706de0b90d6c29e6ff7ed40a3e281c2c291084,559,0,0,4.9451923,1.4679022,-0.79734135,-3.1012797,-2.283471
564,train_images/c67117c6ab3b.png,f097351f2f4208da04cde240eef2f4ab7c02e1305b5b2668c53ce3c8b3ae1531,564,3,3,-8.8114605,-1.4820538,1.1099148,4.754872,4.085354
570,train_images/76be29bb30b2.png,d295e1a477b8e41bd1aeae97c703df87be2c5c00a89ce3a78696713b737fb59f,570,1,1,0.20532799,3.7354212,-0.3644805,-3.050362,-0.2983675
577,train_images/d25b8a8ad3c4.png,fcde385d589e1be2c8173d9e2abbf829047f644fe37c8954160bbe14932e5336,577,2,2,-2.3788414,-0.051220894,1.3825467,0.197577,0.91986847
585,train_images/c446985355f1.png,7b4989b1b1300e55af757f546684945c12d5edcadd04873c27ef15229e28927e,585,0,0,4.4427624,1.389432,-1.2122698,-2.5188384,-1.8601894
591,train_images/d1b279cc02ae.png,6915555cbfe256ea0da20aaf373ca004f6e3dd550e3f410d7587feb845ce7471,591,0,0,6.4974155,1.4541483,-1.1586113,-4.1197166,-2.4120383
594,train_images/aaaadb174012.png,12edee50ce755054d0b958558172634c35413765d7cdffb9d9e36c0a758ec58f,594,0,0,3.8779488,0.10791969,-0.43784618,-3.6906614,0.31940174
600,train_images/3286073a976e.png,f946e26579dce31ed8752334d8380a6914b71dbdcb0fd60c42d212b865514bfa,600,0,0,2.273899,2.0008583,-0.07134533,-2.5177243,-1.4203405
605,train_images/9122b31414d3.png,881ebd6d9f2b265e40a7aa0a27393699764bb82cbccf20e5be85828a8403a0f9,605,0,0,6.371917,0.5274811,-1.418366,-3.7605577,-1.4685097
612,train_images/936299166bea.png,ebd6570376af00e57efa4d2dfbf0854d06aa875f6bd6edb8549f08dca258c0ec,612,0,0,7.1348495,1.2409134,-2.162681,-2.7469888,-3.1005507
613,train_images/7116128c65ab.png,05bde987e8d05ff01edee196a2b526621549bb8d3220e3bd9627327a93982b67,613,1,1,-1.1025009,3.0458422,1.2559941,-2.8356314,-0.31200504
620,train_images/28503940d10b.png,969d7a269e24a0a068bce697266283cff35d6cdce637f11a78edb77fe18d4185,620,0,0,5.3870916,1.0323792,-0.59890366,-4.2106113,-1.3815622
625,train_images/b5834ee64541.png,928aa704a477a85369e86420c683b648bd9b292396b677eae12adccc553771eb,625,3,3,-10.137325,0.47282505,2.969437,3.4011426,2.9476538
630,train_images/687759336b0d.png,4d80e964f93e5d5e7fbbab72ef7c2d30f7b54cc92a195dce1f97049b51612de5,630,3,2,-6.090225,-0.22799015,2.2850246,1.9932013,1.8923845
636,train_images/28f73575e1f2.png,52a1e803d48f52a7ccc2af465316413e32a74b0f0feefa0f929010355284548e,636,0,0,6.0964756,0.48682976,-2.972156,-1.3085346,-1.9992056
642,train_images/2a7373eeb352.png,db6e51f56fba7f4bf6b9e5b0038a127cb04dbabdad39c259f01aa42cc4317be2,642,0,0,3.2888298,1.5776339,-0.52945185,-2.552861,-1.4469624
644,train_images/c70d09370109.png,2dcd43fa0ede167ac271ee1a53fb745d776315de2ae0e84a0828101a1a063fd9,644,2,2,-1.6390572,1.1258984,1.692352,-0.11432266,-1.1885386
652,train_images/bfaa0080ab61.png,1cafb8e70ff9e5b0c1ad5a6499b5f1f02b2699cd17d347d6b8e9c5c301287fb2,652,2,2,-4.861969,1.4153299,1.5538285,1.3666282,0.42143154
653,train_images/a763661f98a5.png,47aa0f85ec0edf44f4f0563380da494861654dbc323be604cc03e5b2387d9932,653,3,4,-9.175112,-2.1639538,2.7043798,3.6755862,4.5593386
657,train_images/9cf7c1349673.png,b55338deebf115c3d21afc852c05d773cc540eb605450c5e0dc7980851761470,657,0,0,6.0727196,1.222331,-1.0764546,-3.4332361,-2.5190706
664,train_images/27e2be850a99.png,afa1e8061240e58e7434666e6273a993b254ffa99ca9a30b02b7866d60b11872,664,4,4,-8.165724,-0.5265541,0.08529949,2.5226417,5.7868195
670,train_images/77b7b71ebcc3.png,a9fcee66613c28b6baba7d56ed44afa40a7bad1e5c5d28a7405c90273aa7955d,670,0,0,6.192252,1.3704548,-0.7815099,-3.9661276,-2.5377655
673,train_images/55eb405ec71e.png,6c7e3df2db27274cfc23a443feede171d0fc88a6d1347c3496eb9c61423c8766,673,4,4,-1.5575008,-0.87533,-0.51486254,-1.0685353,3.9680529
678,train_images/4036471a1bb7.png,c169b615fc3828c0b27effebb1f641055881c25478ec98f9ccbba4c5b1fe528d,678,0,0,5.739581,-1.0718765,-2.0590563,-1.8286366,-0.44179344
681,train_images/5bda2ed09e62.png,f42fdc28a12c29a9983866a144942db216bdf497899e60c95f208459b98af655,681,4,4,-3.9513931,-1.8578386,0.6612003,2.1060977,2.9609423
688,train_images/c58971bcebb2.png,c9e2f590d7eab17527e9073f889b93993eb133bc576340e8a6814eabfe4a4ae1,688,0,0,5.1557693,0.15139484,-0.968575,-2.563426,-1.2722206
694,train_images/bde1063a5dd7.png,8cfaaa0e8c9e83521f12df4be2d893c0002e11bcb28b68dfb487b96143a6ddd2,694,0,0,2.269741,2.1154547,0.78206754,-3.1508946,-1.7033367
697,train_images/13ab8db8c700.png,73a89390d4ff8c4a612239fab4723b39b7f899e54b8cc2e3e839e5602210de74,697,1,4,-5.013611,0.62336254,2.0536437,-0.023035526,2.2786093
700,train_images/3c72f580d4ba.png,e313aaa3b54134af6a6a7780023d021144904810d8d8c6dcc63f15fb470ef24a,700,1,1,-1.0902405,1.7078094,0.9799905,-1.9224908,0.25879383
707,train_images/a627eb8c08c5.png,ff5b18a98000c6f285938dcec5031a71be9483e76bb3840b431f31b5991c5d56,707,0,0,6.1279125,1.1766787,-2.2672453,-1.393599,-3.3342156
715,train_images/d7ab5c040294.png,ba93e215e0cf7327dd406ac4833a371de21aaeb496fd7e6d71abc243a28445ed,715,0,0,6.6730022,0.8669853,-2.4387417,-2.1590724,-2.5956054
720,train_images/25e9fd872182.png,cdd8ab0aa83af62e1ee49606475bb343d24c677cef70f5c4ce4c70d7ffe263f1,720,1,1,-3.0533104,2.8126001,1.2557456,-0.9892278,0.057353973
726,train_images/bdf47b9f10c4.png,26bbbebf6f67fefaa7c05f53da0a0581e9c9dad366c1f7b98b87c906c46a06db,726,0,0,4.0746307,1.2753754,-0.57317734,-2.5147016,-2.1025572
728,train_images/735836b1ffa6.png,8a3b6f7cc9578c2f138d94f9498757e7a15d515b1b1b0c2d98c57476323eb397,728,0,1,-4.752178,2.7390318,2.2145123,0.5845542,-0.8469219
735,train_images/295fdc964f6e.png,877d9d7695aec8bfe98867e5568f236f8ebd6535678b762fbcf38453761b6ccb,735,2,1,-7.2154045,3.0772667,2.6039307,0.473423,0.9016466
741,train_images/6e3526053de0.png,8c845a254a44d5dbe6e99149b1b0d424359f8a6c467926f3575ed4f71993446a,741,0,0,4.256275,1.9795618,-0.8558254,-2.8257055,-2.1649323
747,train_images/e067b06fd655.png,e6125b66b5be0f7a9794a49a8b11b2fe3b1f5be868264b9def7420a5f5521377,747,0,0,4.535389,1.1119118,-0.4188366,-4.0753407,-0.90099335
752,train_images/af8aa32beee4.png,a8110e555a018bfa189e3995d70af457805bb3c3218b3c8be06e8485982844a6,752,2,3,-5.515812,-0.05602646,1.5667553,2.4805474,1.3982658
758,train_images/175dd560810a.png,7a275ab3a497881a4fa92bef662c22f1acd481139a4d8fca3f5541b84b78fe16,758,2,3,-5.0304165,-0.01034832,1.4208171,2.622397,0.90606785
762,train_images/999115d9386b.png,7e689e44d8ed4e9314f8d430060bd72b9bc995034b27a9f62a2a17bee5549635,762,2,2,-7.4156857,0.28994656,4.1141615,1.1218615,1.6064081
766,train_images/613028ede6a0.png,03c17d378020b26bfac51e530629c3025ceae6677621a0dbe6b67900ea57130e,766,4,3,-7.3496,-2.2898688,2.7916188,4.151114,2.2922916
772,train_images/9ed666e982cd.png,bfceabd90e91d36db0ad919ec6125c1db0ce1ba2f2db38d26eecc11ba9ccc243,772,1,2,-5.791342,2.0503368,3.0883663,0.18599463,0.27330303
775,train_images/44a4d04162cc.png,164e92ff3c51c0afaa02c5b75579bf86b15d5590c5809654ab286e39f00907b5,775,0,0,6.1281166,1.770031,-1.3774705,-4.475814,-1.7751427
776,train_images/41345cec5957.png,91d3f65d8fda4f709f5758435a3a9ed15e41d6ccd6b767d6fa1732fddf8a6818,776,0,0,5.419276,0.8264761,-1.939105,-2.314465,-1.7094498
783,train_images/46f56c38051f.png,d54c3244eb7cd79ba1878c13e48b05b0b07d5c7b654f3eff81ab19b55e290cb8,783,2,4,-4.65242,-0.8904238,2.1123948,0.75597143,2.5396156
790,train_images/b9c7c5182075.png,292462ae3a550ea45611b9c03806f7e261ba03a0c171980d2f5080b0fa913d5e,790,0,0,6.2888393,1.8470669,-1.2366471,-4.2401385,-2.4022212
794,train_images/d26bc6e1230d.png,dfc4e03b7bf64b9aad94ae7ca97416daa56b566bdf15197396e0220797a9ae34,794,0,0,5.129801,2.5391579,-1.0322661,-3.8782916,-2.5330276
801,train_images/2f5c9cdfb333.png,bf0342ea787727c689c00d2cda4f9c8836c38a886ed008a6c203f67049de9a13,801,2,2,-2.7067928,0.15905666,1.3135478,0.9391637,0.32310867
804,train_images/ec6f1797a25a.png,a0178618641fc9ceec78529a603a7527d9a43a6d9350b63da1019df4d8b1cb89,804,0,0,6.1912994,1.4241247,-1.5007887,-3.598455,-2.2506232
810,train_images/5e18af29d812.png,17879532018a13e77ad3bfd64d030de9e4216873e2512d8592b49c1a498933f2,810,2,2,-5.659466,1.9910908,2.1888478,1.0521541,0.3049307
817,train_images/33596a635b53.png,c82263b2245335f2e8f93aaabfd0975947c9374f4428bc728db42c9c02096f54,817,0,0,5.539855,0.29952812,-1.5363832,-1.6919093,-2.3234696
824,train_images/4464bb62bf20.png,e8aeae7cea3c54760b5d416895438da5256e00f139f633d127265de020091fe4,824,0,0,4.516836,1.1095362,-0.4781475,-3.0934098,-1.6371975
832,train_images/73881f55a3ec.png,fd9342b6987d2424303b7df50114b124e27e7b3ae53fbde938da31dda3474020,832,1,1,-1.4778976,3.8479605,-0.15477991,-1.4129977,-0.74627686
834,train_images/1c3a6b4449e9.png,e61ca49f98d32f234a000d7654891a521ee2ab11aa9d8b6686ffaf07a1f4a142,834,1,1,-0.7348652,4.5009193,0.6344886,-3.730855,-0.56984043
838,train_images/aeb6f4fd2eed.png,65c509fb15d43974412e19481b9ccf1aa115f1e14ea2dc02b96a8ba345048781,838,0,0,7.9164677,0.7442579,-2.5737696,-3.2015095,-2.4565554
844,train_images/080ee76c958c.png,91b652c838f2b1edeaba481629596f6cfd647c99b2d795fdecb3cd108287d9b1,844,4,4,-7.5189743,-1.4175115,2.323052,1.5637703,4.8039236
851,train_images/0a4e1a29ffff.png,12c41dda12a9bd7f0674bc886aa657e90b92174782973f2cd5421e8c8797d765,851,0,0,5.3245564,1.8738661,-1.7821741,-2.9448743,-2.2509089
856,train_images/90a786abe58e.png,65182a80b31161954527866d5d5ce513c8da11c4c27fe79d732bac895db46162,856,0,0,6.4310856,1.316843,-1.2115426,-3.6505938,-2.5917997
864,train_images/43823561c3f0.png,d457d01134f3f4acb1ae2c5acd95b6d6b9e9b148e7abeddee5a5787767edf8de,864,0,0,6.5757856,-0.7890787,-1.7164698,-2.1422281,-1.6163683
867,train_images/7e9458de5707.png,a26714e8bc6050589b765aec85febf6270fab9b637b67efaf803f2aa7aea90ea,867,2,4,-6.307131,0.5217676,1.8922276,1.5079808,2.2329311
872,train_images/2b07790a2422.png,2951a2fa27cb5c7f0cef26b25dd84003fc08e3b2e0f6a4525f511a13579de12e,872,2,4,-4.4958973,-0.5096779,1.8703113,1.0366845,1.9878483
878,train_images/0da632ca45e0.png,a21ad1bc71df6d3cecc898a30b2790e5712640f8d74ba37b4803476bc90fc455,878,0,0,7.0149727,1.4009314,-2.762918,-2.5721498,-2.7277765
885,train_images/4d1cf360b2d7.png,d7cac0c45b547700be034c095c5f622f8ff0584382dc2df4dcca093cd3233814,885,2,2,-4.9537964,1.1907301,2.6744263,0.46238804,0.43965912
894,train_images/2ef10194e80d.png,026c2b7afb6345362d8568b7679c22e0bd46165e4d33fc568ae51daf463ae09f,894,0,0,5.5356417,-0.1093359,-2.101657,-2.075634,-0.9328785
895,train_images/97d02a9b94f7.png,16871aa4f37d8d4663f924b8e5b0a952ff1791baac2a6af0cc70433ca23003e6,895,0,0,6.4177456,1.5375023,-1.2818217,-4.2340183,-2.1708822
897,train_images/badb5ff8d3c7.png,1c48ed154b6b7d7018810809fc62c9504f67b3791521f5dce5c083cc6b2f58bd,897,0,1,0.26748276,4.196368,0.015193939,-3.164197,-1.0554867
904,train_images/e31c42a8652b.png,1baaa16aea63aee81a0373c0c0fd80968e5ce8fcfc9be76ab27e0d58136c8171,904,2,4,-3.0856934,0.45352936,1.406189,-0.5018835,1.6815681
909,train_images/9d9bfefa809c.png,1dcd5179b770f6b8520566bd9aed940da25402e7de0fdf5bb66cc78004419c81,909,2,2,-2.4735107,1.3158407,3.1024141,-2.1153426,0.18226528
914,train_images/fba493e17448.png,6c5306c1fc901eb4df8f71896be1b7399be43918e6497bdb240c5ae7831ab194,914,2,2,-7.4484024,0.5768852,2.970285,2.9205785,0.79578495
915,train_images/bc73ce76ec43.png,db2723ba6701f0a2131cff98d8b766d010ae855aa2ce51f3b66c0d6fc07a8c9a,915,1,1,1.9720707,2.0079498,0.3781848,-2.865556,-1.4219608
922,train_images/a1822dd8d05d.png,fc71ec9902743c9b5a2c69191da456faf595832fcfea9b70ef9e55e6bf3f52ec,922,0,0,4.8340225,1.0694141,-0.6187105,-4.180711,-0.8952179
926,train_images/aa10a4b2e709.png,5dbd96c4c7098f9c10cd45060e85fa06bc4052f903fa8f02c6bdde7a7bb2293e,926,0,0,5.4830055,0.96719646,-0.44502068,-3.7817807,-1.9944
931,train_images/aa9cfe639ef1.png,118a84ea13ba9da94650401ec58fc12a85221cc9e20cfc4b0e01358aaf143b07,931,2,2,-3.2173615,-0.30458832,1.33195,0.99933577,1.1024103
933,train_images/6dc07f968794.png,316332d3c4af59367b43de8bbb43ab666d25bbbb55168708e783c251517b7357,933,0,0,4.6301155,1.4728727,-1.0235028,-3.6346836,-1.2193909
942,train_images/cae51154e1ce.png,d051c47a120c777b1f609edd2c6b47007a38fe3616c4777a911167686992ed54,942,1,2,-3.6543674,2.07156,2.2163863,0.53288746,-1.1440315
951,train_images/13c191b59ed0.png,70503d62023397f251155a10b01b1d333adcd57cc430dda326416b195caf2f51,951,0,0,6.0774193,0.08301067,-2.1130981,-2.780635,-0.9337225
953,train_images/ff631653374e.png,b30741057737bd526d29603e7ec0ba025493411f9dc5fb1d3c97cbd26e871ebd,953,0,0,4.26145,1.6569996,-0.7131667,-3.426744,-1.608263
961,train_images/7ccb267fd394.png,080257579826ca840dc4afe96e68bca9fc58937c5c1f4274733ee3f4b72dd053,961,1,2,-4.8027573,1.7763491,2.2415543,-0.19996786,0.95592594
967,train_images/e33766353db2.png,7516916c706b2d41e04f1cb523b7b390be0ddcbff40beb3d23337b49928a6b1f,967,0,0,8.5088215,0.5174074,-2.867858,-2.9297745,-2.8153062
970,train_images/36b5b3c9fb32.png,1ff10f5470cce5fd72d2b7191387f2ecf9c579663c759f00ab6e354417cb82fa,970,3,3,-7.880018,-3.2515569,1.6131053,6.448773,2.7714787
975,train_images/10f10fd30718.png,6a51b57563b31ae4b06a9634d5d8829e8cb1df52dc1a8d3cc67021ff038eb888,975,0,0,6.191617,1.1947565,-0.9560046,-3.705022,-2.4541125
977,train_images/07a1c7073982.png,0fa138526248a7a8518103a91e3055e2a5354cb07f058603202f3895434bada7,977,1,1,-3.300583,1.827014,1.0260177,0.44891024,-0.020136833
982,train_images/e13412678eff.png,615dbb8e4d8dfa5f10616a8c5e0c8d869ff8c768b3852554e4965a4612bb4818,982,3,3,-7.7027893,-1.8938198,1.4356997,4.630505,3.2627945
985,train_images/348598d01e18.png,d34a0993f49c58337353275ca3e2018ed304b2d4d06c071ce70b171291e7dca6,985,0,0,4.2335205,1.7363749,-1.0991096,-3.0972037,-1.5530558
991,train_images/f0c0f7b5e820.png,657349946c6ffc80095f800e4ee117d2908d7d882e1101ca4376546d514ec1be,991,2,4,-7.054283,0.8684931,0.587209,2.5954423,2.8095312
998,train_images/c0e509786f7f.png,014548e090df9d1d91b4f01d9f9dc41981741dd319047fabcf785f01d71504a1,220,4,3,-8.754662,-1.067626,2.9221048,4.495277,2.0340023
1000,train_images/0369f3efe69b.png,fef8ca97577038b16353a01934498df5cf9f37d36df72b668cab0c6d33e316e8,1000,1,3,-2.516405,0.9256754,0.3766253,1.5853238,-0.341362
1006,train_images/07929d32b5b3.png,e206091b8d767cef15c13cbb9ecf8b05bc9bbe9ea446c0ae3ab81de2e61e0188,1006,1,1,-4.6415176,2.4811954,1.239465,0.15910482,0.698926
1013,train_images/3f44d749cd0b.png,fc12c65aa6207bd74cffe19726cc3ee11d371f54e3bf019919df3b96d99694bc,1013,0,1,1.8568649,4.640868,-0.4190364,-4.6881075,-1.1487026
1016,train_images/331121c65e88.png,62d2a7dd4b8e26e1578c8c06090fe332d0cf8f56ff24f0cd39f98f1241bde920,1016,0,0,4.858631,-0.52784824,-1.1692753,-1.4744139,-1.4428358
1022,train_images/d99b0f7dd9b9.png,a7676ed7fe931fb283866724a649f5d85a536a43ca90917e2869d7d9b55aa883,1022,0,0,6.3048925,1.9137068,-0.9682269,-4.514058,-2.450838
1028,train_images/8e6df9eedcd8.png,5248c530abf5af7c2b30bd7e5de4ceda3f6e15fb61f0888db70c0c272d3e9768,1028,0,0,6.6214056,0.5459385,-1.2581434,-3.8317904,-1.6070004
1033,train_images/f580566e27f5.png,4fa9544b53b782ff0fde423a1c51f7f3f305c9121447fae4955f582d8a44e447,1033,0,0,3.7112255,1.4085922,-1.0858707,-2.2767916,-1.4078646
1038,train_images/ca25745942b0.png,bde489d1aa35a7c439bff6afd4ef5b0fc8cf12a30e576385ac3637ac9fff6d6a,1038,1,1,-0.05171776,4.3452387,0.18631744,-2.986957,-1.3010988
1045,train_images/de778495a1cd.png,85a8ff391e96889511a3613f213ba0813c764a369af8fbdc96caf7176839685e,1045,2,4,-7.1689377,-0.5817318,3.0319202,0.85009384,3.5576725
1046,train_images/d774692d9919.png,a81b5c079a9d08cdb49be1ce1e962e6c2cd58d732ceb428fdebd689d0584080b,1046,0,0,5.9995413,1.3050184,-1.2443037,-3.6333594,-2.1399946
1051,train_images/537e50fdf22e.png,8324720c43eb9608ffb729aabd9d7f85461430ac40d30188e85cadf425299cd5,1051,3,3,-8.709345,-2.7840214,1.5899553,6.306515,3.2083778
1056,train_images/7525ebb3434d.png,2b155912b3f4bd098536c75f028cb510afb557a11945b7378b5224b39634e69c,156,3,3,-9.745506,-3.247634,2.6394303,5.5806527,4.37317
1058,train_images/4ec7796df40e.png,118b09df9d50de643a95794c972ec8fdebeff9a50d94d1bee3e4599e96975a0a,1058,0,0,7.146681,-0.045329094,-2.7327938,-2.189984,-1.8317223
1061,train_images/54cab3596214.png,3686f562c7264f2489ff6bf94259ac24179695d3612517bbc9434dd925d4ea12,1061,2,2,-0.7484474,-2.2286425,1.5100684,1.3116431,0.030989647
1070,train_images/5712e2aa73a2.png,065cdc945e19d25477ced9e67a035862ad0dbd106bc46cc955f3aa183ef1ce56,1070,1,4,-6.268982,2.2681322,1.0723591,0.35147715,2.4445515
1074,train_images/d85a842d20bd.png,a824beee560c222ce2fce50ac37ceeee4bb3e2eef26fa79bdb2c68ae1dd6035f,1074,2,3,-8.236439,-4.1423454,2.4635222,5.0614724,4.537059
1080,train_images/6889bc64ab09.png,90e7f58c66b9acc66874d258f535d36e424e6663a88d63c82f1aaaef4a55aaf3,1080,2,2,-8.050871,-1.6256032,4.119462,2.9839406,2.3449287
1085,train_images/76cfe8967f7d.png,63f05cee7e8c7abcbd066e1417bbbe275ca69757ed2fd687c8a38461ec03769b,1085,2,1,-0.32662773,0.65088177,-0.45031357,0.4488783,-0.27495003
1086,train_images/5b3e7197ac1c.png,300f89c62c0e2eb3b60df75803be69fcf33c05a63c8bab7577f0f8395edd164f,1086,3,4,-5.8354816,-1.3460531,-2.3317432,2.2981582,6.972685
1093,train_images/a07d571bf7ba.png,a8029f9e7c948c2192bde6a2c9e01439562eb8a80517e7f3c4169d1ae3374495,1093,0,0,5.053114,2.018817,-1.241477,-2.8264227,-2.6089668
1100,train_images/873dcc0b468f.png,01daa0b4cf0055431b8a090f5bc56681a1810cdd28c008f248a12177634336be,1100,4,4,-5.799803,-0.17242432,-0.29831362,1.5354958,4.615713
1107,train_images/6dc0281f11e3.png,8ad2b4d3ec8775aecdbbeec5a9f6e382e6bbf8cd9aa028ed9840a26a9c55c011,1107,0,0,4.3425713,1.5169039,-0.8335209,-3.326344,-1.4806538
1111,train_images/c0f15fe3b4b7.png,56f58a085483d00e0e8f8ae5e02689373d630736fc74f9ee6fa8f238db661ce1,1111,1,1,-2.1111336,1.8500433,0.79338884,-1.6199284,1.1031389
1116,train_images/7d3835e4e63a.png,17d66a04cdbdaf5899b62b584a504a1e106826b011147f185f09528cc5f42a24,1116,3,4,-4.131607,-0.7707739,1.4504697,1.451077,1.9329777
1120,train_images/63c3c571b8ee.png,4e8caed4c5f83d972e8b39a0c1ca8787a49cb1babb3a78e5c4ad07e0ced0a423,1120,2,3,-8.016886,-0.5053711,2.792551,3.3678098,2.0764894
1127,train_images/7d48f8cdfb69.png,39b5cceab3aabe2590eee279b944a85bb01ae52c4fb3c851e0df581019019b93,1127,0,0,6.2787666,0.23898315,-2.1284356,-1.6534166,-2.4145584
1131,train_images/41ab357d103f.png,5b28cb837b5d3265f18aa9b7305789b6d7815491d894aafc7bd94bb75b464f48,1131,0,0,7.7584696,1.3110523,-2.4999723,-2.8687768,-3.3032017
1133,train_images/fdd18ccbbdc5.png,23a0dc2869304a2f9a2bba8d985ee50f332805a65bf38e0cbc78ff2358c097b3,1133,1,1,-1.0873508,2.899066,0.7293732,-2.2076724,-0.17041779
1136,train_images/7ba6b23c4b46.png,6fa61290052597912baded8304b13183f3ac5562e390c58795d9a1485bd71a18,1136,0,0,2.643158,1.7814178,-0.34460783,-1.8125234,-1.9579258
1143,train_images/3cd9713c0ecb.png,f4b65f893ab358583d92f6895cc4a5f3b170cd66740f841bb413988700961996,1143,0,0,5.4251966,2.236559,-1.0704727,-3.4848568,-2.8598728
1148,train_images/682312e82ee3.png,4c3feb738a914888574af8a54ee679995c168bb23971f19fa315b386defb6153,1148,0,0,5.7452803,1.5889311,-0.6663518,-2.6918797,-3.5394764
1153,train_images/6298468d7d75.png,bfcf9c630671aeb464d876488beb24300635222ed3d023c8e8b322c49d2ed527,1153,1,4,-4.4690094,0.31553078,2.2167256,-0.4269452,2.2547712
1156,train_images/55092c0071eb.png,70f95bfc5307e933e2967e8d6e28dbc2e3a7beed67403dd35056bc4a5db04fdd,1156,2,1,-3.3348637,3.9830475,1.7398255,-1.8704891,-0.5104208
1160,train_images/e5de79795c1d.png,e1d6171c45b024a7051e4231d7630a5d009aa540885387416e07e801b6c1a8d7,1160,0,0,5.2569056,1.9645777,-1.5588617,-3.6762521,-1.5517254
1166,train_images/e6a58edc5b42.png,a667e48d1a8748ad793b42047c391f03f8ac627609155ab3d25335ebaf5f6def,1166,2,2,-1.7861519,1.6653299,1.7914283,-2.1821222,0.54704666
1172,train_images/bf18ff30a8f6.png,32ebc37c57e83704da342ecee696ce39eda07fb98c3ee34c9d9f540ea201bbfa,1172,1,1,-1.8501358,4.7046423,1.0660939,-2.655319,-1.1786861
1178,train_images/9f37c98b8187.png,bcb9941f920ec7d8885f268bc0a90a04c03b89e083ac8eeb973b65be6eb35e41,1178,3,4,-6.233698,-1.5620122,1.3773623,2.9975,3.2824554
1187,train_images/96c699221180.png,353d8a385e90ea4267e594b97a79aeddb93224cb5d5ed840ad1d775b4374d778,1187,0,0,4.4376144,0.6494484,-0.8765869,-2.900256,-1.1196394
1189,train_images/906d02fb822d.png,c97335909a9b779764d450b413722ff94edee078b5926fa868a5bd75d866827b,1189,0,1,-0.15129471,2.146039,0.00088977814,-1.2112284,-0.66938686
1191,train_images/1e7ccd4a1c87.png,0ce4fc8014f9a3fa43b93511ff6abbd013035dfb1631988967c28b306a3a82d9,1191,0,0,7.4528284,0.95192623,-0.950542,-4.7277927,-2.2117834
1197,train_images/00cb6555d108.png,bde489d1aa35a7c439bff6afd4ef5b0fc8cf12a30e576385ac3637ac9fff6d6a,1038,1,1,-0.05171776,4.3452387,0.18631744,-2.986957,-1.3010988
1198,train_images/7dee6bf8b9c1.png,c994e130b371b16e03dbbfd52be434dabfbce4c6fe8363a69acab470dd5b84b1,1198,2,1,-5.719845,3.4643269,2.9406893,-0.3401904,-0.49187183
1205,train_images/65cf00be6fb4.png,a7335bfabc9c0f73b0c9ac338d441e43898d45c39b6930c1f5dba8bacea7edf9,1205,0,0,6.0469084,1.1211681,-2.191544,-2.1576886,-2.4854584
1206,train_images/39b5b05d6cd9.png,b3655add974ff8bf9e9fbd5f3925004471c37064c0d993ffcb4b53212177629d,1206,2,3,-6.6452465,-0.7128954,2.487834,3.8419375,0.85626507
1214,train_images/a87f53bc984a.png,9755f8ca00379f84a6cc66f1e99edb48522395082291019d0e990bd6f26dfffe,1214,2,2,-4.1987553,0.66440964,3.5780497,-0.92170763,0.75237083
1217,train_images/a86128b601a7.png,60af7fef5d0b3bacb78eb816193e706536db9546cd8230f20ea8a8e76f7f7ce0,1217,0,0,6.895254,2.0209408,-1.538796,-4.144451,-2.9235253
1221,train_images/af345c68e836.png,c27917554ac438f3aefce59a5b0ec88106e177a73bdbe601ff2583927eaf546e,1221,0,0,5.6903353,1.9621115,-1.4647961,-3.364883,-2.5825129
1226,train_images/0d0a21fd354f.png,2c79683421780ceebb1a520a5b01d4640e550b1e91878614fc5629975d75906c,1226,2,4,-3.986126,-0.8847189,1.5398378,0.83386374,2.5732365
1230,train_images/5c8482926a08.png,af422c17c378f5142846fe7096f042f8ef2d4baa050987e255c2d8233f55d843,1230,2,2,-2.9351425,-0.027758598,3.0299656,-0.43137217,0.36311626
1236,train_images/7e0598cc88a0.png,518a6d0ea154a12299680d0f424f965fc9c4ace62b2c0e8a5d9ae105e5696c75,1236,4,1,-4.0403786,1.7190685,0.7853639,0.7584634,0.7617426
1239,train_images/ce207b69ff37.png,3ebb7cd904727366390dc52cadb55e0b35bc2f471a018a249c3211384cc5c058,1239,3,3,-6.561039,-0.563015,2.6417034,2.9016614,1.3329372
1244,train_images/9bd008aab548.png,031e4892fdc244960c3c0aa67e4f90f648057b5f0a1696977172ff8ec3b4acd6,1244,0,0,6.589695,1.3949404,-1.3477526,-3.946569,-2.4007468
1247,train_images/9c52b87d01f1.png,07086880d7671ed61012937727224700294593d3a449a03569a63016289afd49,1247,3,2,-5.9763527,-0.80170155,2.5737743,2.5089574,1.5559225
1256,train_images/e3a7671f787b.png,45e0b6c1a49e31e1e74ee86527b22abb19af241207ca85c6049dc9d5b3969011,1256,2,2,-5.1474056,0.3941059,3.5579314,0.38097048,0.6163702
1263,train_images/9274e75dc4d5.png,863717677b6c6910fb7ce5008860de7ca55690864b70ba3f781be513eeaf0b2d,1263,0,0,4.9875813,1.9166946,-0.1725707,-4.5139503,-1.9937878
1268,train_images/0e75d51152fc.png,6a6cbdf0baa6c113066521a0837ae98f52be69bd17bd840619d403db2d7bf8db,1268,2,1,0.99437904,1.3336544,0.91877913,-2.2484486,-0.8320255
1271,train_images/26d60db3bbfd.png,2e15ebe49faeec45be4b4b3d8b577495f9848d12f5a087c7874331a9c47be1a1,1271,0,0,4.4274426,1.8630085,-0.8520789,-3.594305,-1.4702711
1278,train_images/eebd1e195952.png,d6077f40196045a4760de907aee8c52a8c05d53e511c68e88bd7735c0424134f,1278,0,0,8.302391,1.1608438,-2.334187,-3.797576,-2.9164615
1284,train_images/f47a2a4a0411.png,61eaa30bdfdb34e3f544d5f9d89606cc68c678ec73441ce4886c83fb712ba6be,1284,1,1,-1.9775219,2.0710964,1.5069761,-1.1551781,-0.4394474
1291,train_images/0773a1c326ad.png,75d5faec0b1674b0e8bf41415495015f351f91575293a290dc2cc646b6a847dc,1291,0,0,7.119919,0.944561,-2.2053003,-2.685128,-2.765154
1295,train_images/6bf26b777e3a.png,ef4dc72d4f97c878a619b6ac70b020ff7ad0a09ff72f59d2ad5dccbbc92c4c2a,1295,0,0,6.1283245,-0.39093113,-1.1440406,-3.1299338,-0.99984837
1300,train_images/71c22da3d6c6.png,33cd1318ff44499f657d6e37f9f946f5fdc29f284fdd0d745497ce1df7e8c92a,1300,0,0,7.9558372,1.1907692,-2.9042807,-2.4692764,-3.3685846
1305,train_images/ac5b5dddf91b.png,ed6f495c9887aec8b462448b9638a980657a342de16bf85a7e5854e011258983,1305,2,2,-5.4788704,0.25116158,2.1528404,2.1267953,0.8832226
1310,train_images/43ddd0ab0cc4.png,30cd4c451b5f65d4bac6528a2eaa0bb62bdd34587ddb664171a754a8bbab3bc9,1310,2,2,-6.526024,1.1808796,2.8308587,1.6762547,0.62580395
1316,train_images/fcc32dffd24d.png,7c560e4352da43edd3700852d8d0f7f3e6753779edbf357a9124b8702ea498cf,1316,0,0,6.559639,1.0246649,-1.4385686,-3.812583,-1.8511276
1320,train_images/785777558f05.png,4f982d65ce5bc1a61fbbfa2784d06f1f82193caa11424d8a70ac972edf5b070c,1320,4,3,-5.298851,0.44507122,1.9199858,2.1010203,0.71885204
1324,train_images/aed4e743c230.png,ce05f0e9c4272f1104fe2cb4df020f92b2fe84654bda9ec78a8df00406dd4be4,1324,2,1,-4.535015,2.2686834,1.8079553,-0.03132105,0.46567822
1330,train_images/6f3b62e5b7f5.png,685a7cb9958abca775056187e117084cfd953353050e9278617b2d40b61a50f5,1330,0,0,5.4087315,0.84246635,-1.53195,-3.6745243,-0.6715946
1337,train_images/224c14366e11.png,ab8c8c368b6f021f727b1b5547d3006e699d1b8015d4dc70449fb9ae708705df,1337,0,0,4.834299,0.37109852,-0.66701317,-3.7299976,-0.58219147
1342,train_images/3246f07e65b4.png,3c730a19d50a1eb70099eb27636903e434ba1cdc0e2dfa08dc774140006fe43c,1342,2,4,-6.7460613,0.7669697,2.3336077,0.69152594,2.758624
1348,train_images/62b4be2799ca.png,22777632f49d8aa940e6557956cb7ac15ae7baa5c101ffa34cdd75390bdd0fba,1348,0,0,5.8763914,1.3409557,-1.2692595,-3.6246004,-2.0464735
1355,train_images/64fedbf97473.png,b3aacb848b2f53bde1702087130b84bf5473a61568c61f19bc09c46e8adc46e7,1355,4,4,-4.316025,-3.7581525,3.2304037,0.67784595,4.181467
1360,train_images/1844a039b4ea.png,6238fb4f598e30c7fb7048a80b4b574b3f94d0cae76fadcb493a70a6f42fbe96,1360,2,2,-7.101862,1.2501259,3.1757529,0.89693975,1.5257349
1365,train_images/60edda7b4871.png,b57c493e42f062cbb38288863cb75a09d1ffc07810d6ef08cacadf32fc8e772c,1365,0,0,6.7139387,0.11188507,-2.1840773,-2.4401329,-1.8470631
1373,train_images/b55d2ddb3e75.png,4c2cef100ec0dd1ab124011471bb0c2777c59c28b0bf3ed888989e78fdb50b75,1373,4,3,-10.67968,-3.04922,3.7196488,5.9634137,3.575037
1374,train_images/a0445785e2f7.png,095aa01d00d4439cb28d2577e69850386f4aae68038e027d9670bba0944c3eec,1374,0,0,2.6066818,0.73311806,-0.7438388,-1.1932511,-1.2280779
1379,train_images/d81b6ed83bc2.png,206b13cd2572325caa6f82a6db483e53e3f293be527dda72675b5dcb64107ab2,1379,2,3,-6.340439,-1.75671,1.8988824,3.8991685,2.0592117
1385,train_images/a62ea0043aa7.png,e1512c9f1cf1560520a8426bed1dfce36e64e539c08162ab14806244a0812f20,1385,2,2,-6.2320633,1.288147,1.9772518,1.2781177,1.5389929
1390,train_images/9de9421f17e3.png,4285a16f876b45d3c65e5df5609f551a1188a32cbf9812a59f9df088830da492,1390,0,0,5.396166,1.0561914,-0.6028509,-4.709391,-0.8887415
1393,train_images/cd3fd04d72f5.png,206b13cd2572325caa6f82a6db483e53e3f293be527dda72675b5dcb64107ab2,1379,2,3,-6.340439,-1.75671,1.8988824,3.8991685,2.0592117
1395,train_images/5d3c8c1f57da.png,b0b8dd929bd215d70eb85ee7c1089a87803f7a984f2cf1ed1172fc72170d9bcf,1395,0,0,3.8456917,1.472436,-1.0524168,-2.064791,-1.8378649
1400,train_images/4f7755e74a9e.png,55604dc3edb5b7e7fafe3cc0ac4ecff2cc85aa858f6336807f4c6ad5fb3226a7,1400,1,1,-4.95854,2.6645355,2.0600178,-0.52456,0.68106556
1408,train_images/7831ce1d895e.png,edee9abcfca2599e2a695476db483aa8f75d44e51e21267a7a0331d1e85609c3,1408,0,0,5.537258,1.3501835,-1.2783599,-3.5368588,-1.8149672
1416,train_images/e16af45285e5.png,c7961ba86f95d889dd06278e60d1a93e74ad834d8a5aad79b5c8a25c77c87110,1416,0,0,5.2216873,0.95165825,-1.3605318,-3.1384487,-1.4531078
1420,train_images/242fc19be06f.png,71ab062d375642c8777c4a4f5cc064da7f1233155f2d8aaf1f51261d51387864,1420,0,0,5.842252,2.0915318,-1.1974783,-3.7384105,-2.7188778
1427,train_images/4df6a81b476e.png,9e771f5302a2041bba3721ca33e9ce9c2bc97256e809073a4ebc9e3c78f2e8c2,1427,3,3,-5.2808723,-0.50969696,2.4332078,3.1126704,0.14780807
1432,train_images/c40976189f22.png,af0dd38e519befd8e4c1f26618602575b6c45ae1dfbd1b0d28eae7cb90d74c80,1432,1,1,-1.5196419,4.215768,0.6494162,-1.7184141,-1.5338678
1434,train_images/7ec1ffe8220b.png,f08beb0893678eacdf3179fefb28f8142e93d5b16dcbfbf6e8f6a2fbe3f54cd6,1434,2,3,-7.195183,-3.4200997,2.81008,5.2212634,2.3088655
1443,train_images/5445255635f0.png,348c1feee603677996c4495fc05b99baffd2b1b4f7ee7bd5da7243f3ec4555b1,1443,0,0,4.9223824,1.7290878,-1.0514183,-3.258811,-1.9186506
1447,train_images/115e42dd6a81.png,20a5f6458317cae1836e7f68c296e1fbbcc4f3c6ea797d3a9a62ca3453756242,1447,2,3,-7.7368507,1.6860075,2.31787,3.0108142,0.48433208
1448,train_images/bd06028eb7dd.png,905bcba9f80e1ece69c0458bb0bdf5893be73971f10fe8517957a1d456390a8c,1448,0,0,5.6191683,1.6541386,-0.96879387,-3.7088592,-2.337317
1451,train_images/b49b2fac2514.png,d3bc9cdb76429260ace935a0535dcee775d27a55f5c8e8a6b63ba3e2b63403e6,1451,4,1,-4.1952114,1.4090519,1.4089785,0.05064106,1.230689
1459,train_images/79cbae28d8b2.png,56b1734b44300f173e572aa59046334cee245a806db38990f9f885cb6266aed0,1459,0,0,5.3339996,1.3811579,-1.0125713,-3.5373518,-1.9376478
1465,train_images/f9aa35187bf3.png,ba9b8d44a5c4af377e1e38ef57da330f876c7ffa384fcfca372e819dcdcba6de,1465,2,0,2.0010529,1.7641993,-0.29366112,-2.4686399,-0.91598797
1469,train_images/a06b353e7bed.png,c86094aa9d3c89edbdf576547a5b58d48bf8b447d95e547167a812ed37720607,1469,0,0,6.336075,1.1760263,-2.629548,-2.437139,-2.1239786
1474,train_images/cec299c2a2d5.png,2e22803136e84f9a23ab4990081ce552e3fbb73d0289b2375f82d32ccec273c9,1474,0,0,4.666168,0.6039324,0.10616684,-3.112294,-1.8059464
1481,train_images/cc1eebed9276.png,ee1ef3b1d28296e347400f787eb5fa10a3711fedb7e6d13b4885c92ed1b8aa7e,1481,2,1,-3.4764614,2.1335545,2.1218126,-0.41574478,-0.35670757
1490,train_images/c80b0f27541a.png,5a04cf4119a46f68f15bb94343190c8ae42fe59344180186a38c09faa68e4121,1490,0,0,3.7907505,0.83496475,0.047833443,-2.4102435,-1.927557
1495,train_images/ceb601fe8dba.png,1ad63c0642b6d0fc7ff822cdfcc4b67b622993e8831eea416ea12d3972ffebe1,1495,2,2,-5.0078926,0.8248472,2.8144593,0.74756193,0.5449991
1497,train_images/6253f23229b1.png,63f05cee7e8c7abcbd066e1417bbbe275ca69757ed2fd687c8a38461ec03769b,1085,3,1,-0.32662773,0.65088177,-0.45031357,0.4488783,-0.27495003
1500,train_images/060e00d1e2ab.png,4c6bddc11f823bb88dfa6ff41d2208c788b3f7ab046831465ac73f04b7f12fe3,1500,0,0,6.71891,1.4100161,-2.253821,-2.2263236,-3.2873077
1503,train_images/cac80797770f.png,ecc5a9f7522791e13c75275153b0271c2db80d8ac3e73e24207b588814ffe982,1503,2,3,-5.8068485,0.5419102,1.69137,2.6973577,0.79792595
1508,train_images/499c8df39222.png,c142389623aebc08b6f9dd17acdcc10a6b1799dfcab78029b1f25d3135a643e1,1508,4,4,-6.8751507,2.115736,1.9869342,0.23164225,2.382347
1509,train_images/54bbe3da103e.png,f9b264daf4c4dd8f57ded5b9a229c15c7bf3219143fd4f56a183691779a51e4d,1509,2,2,-5.2811146,-0.8425112,2.5042589,1.9943686,1.6596422
1514,train_images/03ff7d159f10.png,587d1ac74d21d49aa8ae818c2a86eb4571cbb7708ee7ddfb83cf187dfba077f2,1514,2,2,-5.6492558,1.6066208,3.1829805,-0.75338316,1.4544287
1516,train_images/ab88081e5654.png,c0bfd9ddb56c786221fcc511cbc9adfa2ccc01435edaa8c47489044dcf7971c2,1516,0,0,5.720463,1.0548449,-2.586689,-2.1230314,-1.7698164
1525,train_images/3f5b4c2948e8.png,e1a3e05bf865b1defffc0de47859ac1a35a24686eee6874c0de9be74bd3c8ad1,1525,2,1,0.02542305,1.6221848,1.2270243,-2.6592324,-0.2139597
1533,train_images/2cf18033da31.png,b368268e565c6bead77c97d5ae55ee8429fc059805496d29256644994fc8b7c9,1533,0,0,6.729123,1.3010874,-1.9929113,-2.5073323,-3.2040844
1538,train_images/8d7bb0649a02.png,c074f9f47cb63bbe2520ddfd2e94faa53c842097e4b8925d20f4f845df76e94b,1538,2,3,-7.4876957,-0.86757183,2.7339106,2.9352422,2.4041758
1544,train_images/5b994ff78547.png,2956b142924e8b08a19e17b1c4f004f0dfca9b96e283ad74e157347b6a88c7cc,1544,0,0,5.3074408,0.1351738,-1.0411611,-3.0851674,-1.056674
1546,train_images/437900a99871.png,af21c98d24ea8cb472df19d1e03c86a4e3ba4d00394e7dbe5d21f72d4271363d,1546,2,3,-10.434586,-0.56206894,3.3368783,4.354422,2.946394
1548,train_images/d9311f7497cb.png,342a848ccbf0d1ed0a05309c6e1c7274e8840cc73db585cbca53567b72defa2e,1548,2,2,-5.090313,2.25844,3.0579653,-0.20713854,-0.18830395
1554,train_images/55f7f018c61c.png,cb8b4fa4e1872ec8c3f9f3abfc811af862d73048c1e9872433729907141c8d14,1554,0,0,4.5011044,1.5443974,-0.5096178,-2.1160903,-3.02002
1558,train_images/eaa0dfbd5024.png,585a5edc6351401a6f240f326077e93521c6a394c7f99f9a24add145d7638fe8,1558,4,1,-1.5270786,3.455904,0.35186958,-2.712055,0.5039196
1568,train_images/8dba09a4e5ed.png,a14127138823212b734f721e1370241422986c51861ae4e6649183299353b122,1568,2,4,-5.5836754,-1.5629988,2.3916397,1.9187808,2.647523
1570,train_images/a4012932e18d.png,c97335909a9b779764d450b413722ff94edee078b5926fa868a5bd75d866827b,1189,0,1,-0.15129471,2.146039,0.00088977814,-1.2112284,-0.66938686
1576,train_images/1509d097b69a.png,ddee0f52f7aefbe08916b627e2caaca3db978e89f6668c571152395b55b146e8,1576,0,0,5.177779,1.9911432,-0.97058487,-3.852231,-2.1110992
1580,train_images/2a5a8b744f08.png,1e5321f241d734a9b41c743ed5323ee0b1f6066387ed187954cae533a4e2bb7e,1580,2,4,-3.9386997,0.72630596,0.7018969,0.36299372,2.1328783
1588,train_images/358d2224de73.png,9f9410fb15c0f628dc0711278ae9801672ea72cfd596e166c7bbab94dfb8acff,1588,1,2,-4.7466335,1.4635859,2.4196825,0.18446302,0.520339
1594,train_images/b82dfa63a75f.png,8b4bd8eccff36971eea9798924742766140bfe1a18569288710156844d0133ee,1594,0,0,6.893387,0.33684158,-2.6016026,-2.2352476,-2.0462828
1602,train_images/52ddde91a349.png,bf3f16a9921c2657a7957728cd19202785e46a1e0d3bae5368ef24816c5cd34f,1602,0,0,5.6602793,1.5557003,-0.81061125,-3.905715,-2.2548876
1606,train_images/1bea04b2bb2d.png,62df3dd5e5482d39d92c714b80ec4053d5abfe878725552480a9c5c76e858dd0,1606,2,2,-7.979254,1.2396946,4.557904,0.9610119,0.94293594
1613,train_images/4a4cb731f91a.png,a35c9e4b1fa28381ed7823adaf034266d7d49841dfb99a1a165a1053384546b9,1613,0,0,5.4324875,0.38232136,-1.9391131,-1.6785989,-1.8910351
1618,train_images/b553e7909535.png,1d1f9df7f07b1e767ae2c88c5a00f102f11bedb0ce169c124d8128405d9368c9,1618,0,0,5.873584,1.6155539,-1.3894019,-4.1649365,-1.6702299
1623,train_images/b66f23ffa730.png,db4c3eac7b65f5ffd1429036e05bc4e3194a76c2c32108730dcf776ee4493e07,1623,0,0,6.1616545,1.3566294,-1.3249846,-3.759113,-2.1609087
1628,train_images/13063d1bc4ea.png,a783c44f8533c85083a014ff209dbf7ce924c70e9c45bfd23567dedf6f2ef5cb,1628,2,2,-3.6520576,-0.67701626,1.590378,1.2412663,1.5683975
1632,train_images/89fc080f7e83.png,17a12755bd6e7921e599de3f84e583ce2c873fa4f89cf3f8169f702ed0b7f14e,1632,2,1,-1.7824497,2.0307016,1.7322481,-2.098824,0.18199253
1640,train_images/f3a268d2726d.png,0751d408daf0d7dbc343b7c685cc516dd6791ea889bca7329862618824534b65,1640,2,3,-3.4067478,-1.6538663,1.0297775,2.6209397,1.36763
1646,train_images/5173d54fc214.png,f314bbd9c88a5a6608571821d60bfa2456ab7b7daa67eb88082b890f4254853e,1646,2,2,-5.8893967,-0.9438429,2.962696,1.5761085,2.095028
1649,train_images/ac81fc200162.png,6b88988b5b6b905aae7bab714f783b41aa451ae9700d0e738a7bb91e64f8948d,1649,0,0,5.233802,1.0670156,-0.34613848,-2.8428419,-2.6549788
1650,train_images/2cacdb0dffae.png,fe7c23e123a1095965ad37929d00ae5fc9240d138efb1623a89ddd09b9764467,1650,0,0,6.473566,1.6113615,-1.4681139,-3.606646,-2.7211552
1652,train_images/7adfb8fc0621.png,b30cd5f46a49ee967bc328293ebd230156434cba290d724e75acf6559bac7922,1652,0,0,6.448803,1.5180235,-1.6346946,-3.5430307,-2.5124617
1658,train_images/87d46b1cc4e9.png,9f94a87d5fb71a088894e9ef30bb87721d006754b9d50fc337793c231db9ea03,1658,0,0,5.5583515,-0.0885191,-1.8907084,-2.4714258,-0.8036394
1661,train_images/65e6f1bd9875.png,8ee562a7e589284fa22e9639d5ffadb15451ea35cb23db01df0f6b5453898b53,1661,0,0,4.4896355,2.1480875,-0.4612131,-3.5625377,-2.1732597
1667,train_images/35362d43e753.png,0a692b37356ee7e4c6d152c48db96aa38bf6bda8418f11eb484484e984387b6c,1667,0,0,4.723522,1.3365221,-0.7307043,-4.467642,-0.6547613
1674,train_images/91e8af9ceee9.png,7a3dc782b94b9a285ec04949d381b6ce0f45b8a5829ba053940f2b9e1b8f7ced,1674,2,2,-8.378601,-0.16004467,4.1460767,1.1121955,2.95409
1680,train_images/e724866f5084.png,d52604994a542eace7e39a32c3a853b7bb38e7a271585fdc5d44df9867997d81,1680,2,2,-8.498632,-1.1692829,3.563016,2.9817386,2.7759876
1683,train_images/1c4d87baaffc.png,cb66e86c28ab48f1884c067226847b34c2849713a3ea380fd6a638fc2582523c,1683,2,1,-4.141115,2.3246984,1.7179837,1.003027,-0.94995785
1684,train_images/3f0d3629d69e.png,a40655cb7b073c0e4a1d01e3e7abd175a1b589bc69ef6f56462e6e36c0c0b1c4,1684,0,0,6.2993784,0.39271927,-2.0866852,-2.172692,-2.1035967
1693,train_images/98f7136d2e7a.png,b0d4d28b889d397baf01efe5d67e5ba4029ab302a719e62b525c4964fb940e7b,1693,2,4,-8.01499,-1.9662352,2.5489388,2.3276277,4.80406
1700,train_images/e3ec668f6fad.png,c33ba4bcd7e5aa05abebcf50083bf3584b8671f217954b4049a95d39196a382a,1700,4,4,-4.1474876,-5.0965085,0.03494215,2.3576207,6.6590595
1706,train_images/34acae864963.png,06d62feeef0fb80e80fc1a82650cd6035932a3d692762ab6a676fd1294ea51dc,1706,0,0,5.4000235,1.0209589,-1.4444485,-2.148377,-2.5343204
1712,train_images/9782c0489eca.png,e7a8bab98625c00d1cd6862881761bf050ae20d903186a9d76f00680a07eddd1,1712,1,2,-7.686323,2.1736116,2.461521,1.5020194,1.3218021
1717,train_images/1fddd7c98fd2.png,1217509efb49901c946b3ea88d81d0c5031ac4d53130f0d29994e9937852e7e5,1717,0,0,4.9628944,0.24493313,-0.39966202,-2.8342655,-1.5442038
1719,train_images/a7b03e58a6e1.png,2f3c05a967de252357cd5e3abf8350415244b6cafcb1f6bfc8d06638bc1be6ed,1719,0,0,7.224557,1.9936066,-1.9943514,-4.723573,-2.1821795
1725,train_images/cd29c88c9e36.png,a63e1b73fa049faccb5aa95dca607c72a0a2c839198396f74fd78a9ee83a1b56,1725,2,2,-5.401167,-0.13115883,2.5675745,0.2560382,2.4962063
1730,train_images/6fb656d506b2.png,348aa93fe38489988e10693794494be979a8362ffcc29115f077d4fab296a69d,1730,3,3,-7.0892906,-1.131566,2.4705827,3.315638,2.1665745
1731,train_images/6c250a30593b.png,ea393847d55129f05e357a13d7e5f9b2be29fb68bfc03a68f28ba20f7cf50aae,1731,4,4,-3.4101753,0.9216137,-0.68408966,-0.50770235,3.677517
1737,train_images/5056fa7d505f.png,1bf0f9bfc85ef75b1700601562700fcbb70c31ebb9f534abaa4395f66af2d5df,1737,0,0,4.958004,2.6318903,-1.2098312,-3.1095307,-2.8694005
1740,train_images/2967e578939f.png,c902d99fc78bfae5a0c2b2392e398db2b86e7558cec9793449b5decfe951223f,1740,2,4,-4.318945,-0.6712551,1.7065277,1.4427462,1.8608465
1742,train_images/d1fa0f744620.png,70cca9973c460a05538c62dcb647d501096fed02faeeea88bfca80f371ca6833,1742,0,0,5.9141617,1.052228,-1.8765135,-2.3744633,-2.4318452
1750,train_images/f9e1c439d4c8.png,fc12c65aa6207bd74cffe19726cc3ee11d371f54e3bf019919df3b96d99694bc,1013,0,1,1.8568649,4.640868,-0.4190364,-4.6881075,-1.1487026
1751,train_images/10bf25731c08.png,2ad1483dfdfb4a2b81609f8a152083b9e18b1dc8c87dec39bc91606312ee5036,1751,0,0,6.353755,1.2069397,-1.6085243,-3.3626876,-2.3161998
1758,train_images/44271f3cb18f.png,589cdb815099923709c97513f085192426bfc6e9d16e0f8e6d89cd069da6783c,1758,0,0,5.8048687,1.6571283,-2.413332,-2.8488834,-1.9043798
1762,train_images/8433a032b96c.png,29f109f7e377e5c448e8593b84cb90c16f5fd024de502d8bc78f64aea303ade5,1762,0,0,5.591977,0.6856108,-1.8472371,-2.0031533,-2.1327085
1768,train_images/1943983492e5.png,4764fda95dd80c6dfeda1e5f9b3ea17492f6150fc9c65f637e5cfee1f1d5b48a,1768,2,4,-6.5790634,-0.08870697,2.9691157,-0.49959135,3.982603
1772,train_images/4e85aa647534.png,0a17efb48ec15f1f2e0a897e88cb724544019fde0cc8a787761bf18fccc33e83,1772,0,0,7.1707077,0.5345907,-2.15055,-2.8988223,-2.2907848
1775,train_images/306c841af3fc.png,19e3abafcd91c8cd0cbce7526e2010a5d8a7587f3945f7a9f950ef8163a962da,1775,0,0,6.738632,0.5651369,-1.3447399,-3.4365664,-2.0492172
1783,train_images/e868c3da340b.png,181b2a618f48aeeddd42ea21713bb92ea2290da627ac3c0b569b4b276d12ff22,1783,2,4,-5.168968,-1.5269284,1.3186579,-0.010684967,5.2178307
1787,train_images/3580a545016d.png,0536c5915a3c9feeb2deb3933c0e6db18efe839c383412d04d7f9fa1aade5d78,1787,0,0,6.7745323,1.4477339,-1.6824398,-4.4504395,-1.7660398
1793,train_images/0c917c372572.png,64cf08685797edf0d75b5f511d6389dc16012146bb9755ed97ee9066d9d1e824,1793,3,4,-9.48292,-1.9001822,2.5337372,4.2079663,4.311988
1801,train_images/b95d4dd8e5e2.png,2351dec02e436e7050c99fb7477bcd0739852f51b5071eb154dec53f3e224fb6,1801,2,2,-8.793642,-1.0018749,4.444136,1.8909588,3.1011333
1806,train_images/3f82631e9080.png,0f3b86e6d81647f364b84b54fe54871ea7a0c55fdeed11405da479dd36edc59f,1806,0,0,5.0434055,-0.042995453,-1.8763847,-2.206874,-0.6456289
1813,train_images/da44f80b422b.png,3a4a2bc05108d12ac4f0af89955c77f4c8ce31c5e8eeb42adac75d06dddda176,1813,2,2,-8.350712,-1.1622505,3.902327,2.7374244,2.566514
1820,train_images/09934421c79e.png,7c9cb44dedffa930d0725d603249a5b2169cc09d1b0af9c31dd152eaeb4da9ad,1820,0,0,8.005123,0.26185513,-2.7565475,-3.2229838,-1.8677807
1823,train_images/2eba4279e503.png,76b8fe1de1f1f093942528418830e766c2cb71e69a5ddf553b05ad561fbacf57,1823,0,0,3.5325813,0.48312664,-1.1016326,-2.9687614,0.23279762
1829,train_images/709784f7fcc2.png,029c23fce34b9216852b2835e96e51fd9da47d9185f4750d7556381f2d401337,1829,2,4,-7.159586,-0.2503786,2.5396557,1.7576518,2.827301
1834,train_images/2a2a6435f7f3.png,b198115d30e24849d19156fcc1c48947d03dcfe03593ea906178a7f04cab188c,1834,0,0,6.6687956,1.825264,-1.3447027,-4.508486,-2.3466573
1835,train_images/1e8c31e29dd3.png,05c92f4bc96fd65771975f8ca9202b934ca31fc81cd9e2859b9d4b7126ceef02,1835,0,0,5.5331736,1.5920925,-0.6364155,-3.7431047,-2.5282798
1841,train_images/fc4d69128e7c.png,72aa70a9294f06deefc5628d048fbffa2d713357d190e28d0780ab8f41035a94,1841,2,2,-5.062683,-1.2832661,2.6145296,2.476112,1.1920767
1846,train_images/c755a0c4edcc.png,779a5f16180ae04773af2f3b3ccb47675b191fbc348e2e002582a3ec9a253583,1846,0,0,5.8285704,0.21885872,-1.7650414,-1.6062584,-2.3742023
1854,train_images/58ccba7eec9c.png,b47e1ee76ce6d7d03bbc5bb35e0bb699df6dc436f7f8a7f44bdb3a9d25601c17,1854,1,2,-6.130533,2.2756681,2.3727515,-0.11926937,1.4966574
1863,train_images/188219f2d9c6.png,68abddbb566eb6a25b1a1dc6b40b25439d982daab6026263d2eaa655c96b2085,1863,0,0,6.4178867,0.09633827,-1.2031088,-2.6487627,-2.349863
1868,train_images/8bad12d70368.png,dbcc5e75430a8ade9480fddf097bbbb8980b6210cb20232bb28a4a2cbd758a4d,1868,4,4,-2.4720402,0.33236217,0.38629723,0.20901012,1.5926437
1872,train_images/165cd2070ebd.png,8cda0c372d4912aca2e76a7bab41e3fb306663f8650cbe03ef8378dbcb769bcf,1872,4,2,-9.247553,-2.114387,3.8912194,3.777576,3.4011078
1877,train_images/e9f82b5bbaf4.png,e6bb54b34576ed057a308ce8d54db045c2252086acc8efc748c3b2a4cb8fedfb,1877,2,3,-5.8811455,0.6276808,2.04267,2.3501973,0.68373203
1879,train_images/555d0bef3c5b.png,a91bc505c18ed7ffad52d3bebcbd5ab67b01605a066d9466724f2d3097655f23,1879,0,0,5.897092,1.2156801,-1.2554455,-3.4311788,-2.1783276
1887,train_images/8e67f2d7e0ee.png,a87a5c8e678e4f334e3ce27835372ffebeaa846fe5a803b6cc59f8cd2ac5d8ea,1887,0,0,6.8667097,1.6446934,-1.753603,-3.9376283,-2.4982538
1891,train_images/fa59221cf464.png,534967cc24793275d28e02f1cf9dea9f81da2af670883b21a7c149212d1f1d6c,1891,4,4,-5.513214,-2.0062237,-1.190043,2.521872,5.9553566
1892,train_images/1601c939412f.png,337a06126e44eacc3296519cd83f666b6c37adc7ff9a48bd2c5ad1690a5b293e,1892,0,0,5.366392,0.8847513,-1.3216724,-3.0212667,-1.6911335
1898,train_images/61da799bf0aa.png,1e26c0af8d9edfd1e880519fdbcf16d3883d790e126028e0c267112877dfbc90,1898,0,0,2.6264248,2.3747892,0.35817003,-1.8089044,-3.1739435
1906,train_images/63b71347e95d.png,e9f8894fea119a9a734b0cc3ad49bf5cfe7ff4269b60f4a1728e0f2aee3bcfc0,1906,0,0,5.6329975,1.284337,-1.5820699,-2.742826,-2.3462167
1907,train_images/e04f3c6619a3.png,2d153379f2e0af5f51c172a460678ad90f7c6ac3c9fc22c482855b4568793e99,1907,0,0,6.624733,1.8219786,-1.2643394,-4.637106,-2.2441487
1913,train_images/8ead17dfb6a6.png,dc83e663a4762d1f954c21438180a2563edcc8061585b2c2aa0d617ef0a5e8cd,1913,0,0,5.8017054,0.81631374,-1.9156837,-2.1693609,-2.2257414
1918,train_images/9e2ba2b979f1.png,cd8bafe23175b0f5df809400169000109e98cea55fc3a2a844e72c62ebc29b5e,1918,0,0,7.827362,-0.29524326,-2.3015933,-2.3912315,-2.4387808
1922,train_images/a150ff5dfe07.png,41b71180563b272eabe4b46d9e518587e8f8e801a9734627306bb9418dff7d73,1922,2,3,-8.013096,-2.0355902,2.3472126,4.2583766,3.097804
1929,train_images/d9bbdc33db83.png,b6c624260f92b7101b7bb8e7689ab13b8076c936de8baf2b76c3731a281885f7,1929,2,3,-7.015772,-0.79986,2.8696952,3.1007094,1.6290426
1939,train_images/2994f17f58a5.png,91691eb24c7bdf2a9a84be902b8a6b86880f6d09223554e83ab111eb49e3e725,1939,1,1,-6.271744,2.2633514,1.662566,0.6067753,1.6244211
1942,train_images/28dc010a0780.png,fbbe3a196ec19fa9c3806cdd3fff59c456827fd0d3ade97d82e96dd323e52a43,1942,0,0,6.1983967,1.6755409,-1.3837719,-4.1110153,-2.107935
1949,train_images/e7a7187066ad.png,50030ec7d40919ba8ae7ecf7cc145950f1cea65f54da0ed9630dfd3b31c9a026,1949,2,2,-3.0241413,1.7771177,2.4366198,-1.0208569,-0.22641659
1954,train_images/01b3aed3ed4c.png,64b5e7d2dfc6c512e0b2bd6693a3d355e8a2134513bfa5cb2de2c0d4b046836b,1954,1,1,-2.4918575,3.1152744,0.96089315,-1.2006669,-0.3331957
1959,train_images/9a78c6a7b1c2.png,581f45f1a41466790496ec2f30913f81bc87f243ff4ff0975f81262d97508a4e,1959,2,1,-3.5518074,1.4208555,1.1408086,0.7285218,0.22793579
1968,train_images/14ee87d6cc42.png,0ece20f58424747e1e779649ddafe146a6d7cd42527e717d92cd21f07a4d30e0,1968,2,1,1.4462662,3.1400795,-0.25917053,-2.561959,-1.5354767
1970,train_images/b9d0b83d70c3.png,e8aca1b357f054a2ba32d35e34a73c6ffed8e2812b722c3a9b93bf91aab50a70,1970,0,0,6.391961,1.2833881,-1.395865,-3.2275305,-2.698289
1973,train_images/64c6c6ee0d98.png,d51bdd0a5ac09a60c5a33c2abe5b6244ef23bce933c559128d6f8943cf01ce8b,1973,0,0,6.527561,1.5711575,-1.000175,-3.3680973,-3.224246
1974,train_images/4a0bba3b7d83.png,6d014f94e908f161aa21875d8287d2bff463775990cc4fda290ef7fad7b11a0b,1974,2,2,-8.187525,0.610425,3.7309194,1.3695035,2.2329636
1979,train_images/6cffc6c6851a.png,4015b44830efa83962d6686cb182ef90a98a2bac5b651d7b3bcbb4b1961d39bd,1979,0,0,4.365141,0.1640234,-1.2410927,-1.4087858,-1.6271772
1984,train_images/af6a1508cd95.png,20934d44034f6012a2755775dbecd5945511d1022d056048ce3381277a049101,1984,0,1,2.4162464,2.417117,1.0745676,-3.7796926,-1.8033695
1990,train_images/3128eb593012.png,3b4efe4849bd041d34c7cbb3c201e269e9936b0253d17d645d7e4aa173411a53,1990,2,2,-2.0055256,0.5787449,2.0409,-0.701015,0.29153442
1994,train_images/e81f4a2fbbdc.png,b2ffb1a1754fc9c032ac8bc2e4d1b44fcd8ccf8a87ea9fcdeb1b8f5483682b22,1994,0,0,4.0171947,1.9640493,0.16662931,-3.6683385,-2.1151848
2001,train_images/c365c598ad4e.png,b9f65a9b0837db783ef9960418f5025b191300c87f762f09ca5dfe7919ae5132,2001,0,0,6.719301,1.4114399,-1.7963824,-3.4517722,-2.601211
2009,train_images/8a482c024fc2.png,fe9e08ec803d43b3e7e47101d67cc08d98b4ae0b846012a8b5dabbdb1596657e,2009,0,0,4.969906,1.6909409,-0.82118607,-3.7790403,-1.8001137
2014,train_images/03fd50da928d.png,beec33224512261e01abf218a6df1b4355f6aa9238239f78db1162791425a91f,2014,2,4,-4.2830887,-1.583828,0.4192226,2.1435208,3.1787577
2018,train_images/45e4b7eada54.png,16e8576462425bf84c4487cd4e074c877109c2433d4a989e0dcaefe3fd18b371,2018,1,1,-0.3397827,4.5188923,-0.20128918,-2.3839378,-1.4135303
2026,train_images/3c311c9109b0.png,e435a26843e070be0eaf589a2b03b932e72e247709b31b364137472308fd8598,2026,2,3,-7.055744,1.2249117,0.96655965,2.948831,1.7742262
2033,train_images/edceb0657d77.png,af61e25d5c4121ff1a78b699d0151eca50fff79961ea46bf3bd540714a210dd4,2033,0,0,7.428623,0.62736225,-2.2874904,-2.430326,-2.978416
2036,train_images/c3acf47700ea.png,1fa95f744df279c0ecbb926ab92f84673e92847e4ca87e1184da1d2ba2d83856,2036,2,3,-7.1831665,-0.9729538,2.9242525,3.136539,1.8120832
2037,train_images/8dafa62f9322.png,d523ef4b9f0db020dc242336b470cf9e3a5b6437af8503ef0d5379b78670c7ab,2037,0,0,5.3224354,1.5984077,-1.0861177,-3.9343805,-1.6630487
2042,train_images/e7291472109b.png,158b5395c1d35c76d2fce8c4fc158c714857963f1adaf4017e91c5ffa8a56874,2042,0,0,6.0422754,1.4713335,-0.9902873,-3.8033152,-2.441567
2050,train_images/6d9effbcde78.png,51b080a7ab6850de94af1163fe3774a4cf71e1884fe4e677b0551f3e5d85dc92,2050,0,0,5.154255,1.5316496,-1.0106473,-4.734633,-0.5181751
2054,train_images/7335a2d43ada.png,377833ccb88f1c90597a22766da4c8b549a139b2d6c31c1bf999e19c743f0900,2054,1,4,-5.8936977,0.354434,1.7183757,1.8014627,1.8329201
2058,train_images/36a1e3c780a0.png,44d7a80b4132446d47264938c664cf52a2b5fcebf42af5d86a5c87889f4eb03a,2058,2,3,-5.6116276,1.2348299,1.558238,2.4606433,0.21441269
2068,train_images/f3a4751af42e.png,b9833f073ea7b0e036f32497d0117c4deb510f6920791a9182295a8f07b5ec9a,2068,0,0,3.9475594,1.9722214,-0.31645584,-3.57381,-1.8726778
2072,train_images/3f73c91b7e32.png,83a68ad4ce8f02e60a27a16943ea5a01700d1f4d8fff2c6881178b964bf5108b,2072,1,1,-2.5150032,2.7484808,0.5664253,-1.0579038,0.2369566
2077,train_images/d3d578fe433f.png,9c5b15dfaf4fa8563664bd11aa5af7ece136e052163effd9e96349e984896002,2077,2,2,-0.844574,0.79405975,1.4781454,-1.3611226,0.059269905
2086,train_images/e34fa07bd64d.png,cd187e712d4e44117c967daaab6b9d1627c630f3b2f97b701e17a4196d69e06a,2086,2,3,-9.81562,-1.5004416,2.7335439,4.665402,3.4911737
2089,train_images/064af6592ba6.png,f2cd200eab2a16c2f29bce2824f2a5bd544d0fe00a88f4de088807639d397efb,2089,2,2,-3.0234566,1.9972849,3.0706527,-2.501287,0.43190765
2091,train_images/9ac2e3e9fca5.png,3881011e5e114b7a2deff69022365506dabf4afbe0758fbdefd9a1ab7e9f2689,2091,0,0,5.317664,1.5770817,-1.2299743,-3.4674754,-1.95928
2095,train_images/eabc7c716255.png,9e47b9b6d99c49c629c25369f661b33b07d4333c905360452d81b08257ac47bd,2095,0,0,4.3238373,1.4306927,-0.6459484,-3.5987024,-1.1265078
2102,train_images/d264396d8d1a.png,35e12fdd862888f55f6cdfe759bc164dd371ef3bc1842f0a4695ac178287757f,2102,2,3,-8.738527,1.0793362,1.564301,3.2528434,2.5889082
2109,train_images/3b5dffe159b6.png,bb61948f599edcc7b07b71b0c132b844a6349296a1fb64ec56ed4a540581ff3b,2109,0,0,3.9081593,1.3550138,-0.6938443,-3.097076,-1.2888927
2114,train_images/57a710de68a4.png,b3be46189ba69a2c3adb23508a4e0164828138f06f7b4ee4e0db7261669ee895,2114,0,0,5.789814,1.6699095,-0.8064847,-3.7091916,-2.6889634
2118,train_images/7f0ffeb0a333.png,376ee248d5def66348f4c31a12730afd0328bea4457836423a7e88a6e9d7bd5d,2118,0,0,6.8212357,0.5978594,-0.97957945,-4.058796,-1.8877411
2126,train_images/ed88faaa325a.png,6138c2096b73b3c6069bb3dd4d441568ddafed07c0442ca53a3e71a25c7e78a4,2126,2,2,-2.5375366,1.5495157,2.4709322,-2.2920814,0.8695822
2131,train_images/8e76054f0831.png,6dc2669552a69655f24350ed7667e799a4ba288750a56cfdb6a039faf2357d85,2131,0,0,6.1206493,1.9625263,-1.3062487,-4.091361,-2.4157453
2137,train_images/8329e80c10ac.png,22fbfe29087ca4d07232038427f9cdef29417040af999fb5b7b156811274dd58,2137,0,0,5.7984133,2.007145,-0.72679853,-4.5718503,-2.2487774
2140,train_images/217dad18a5ed.png,50632503d4f27305af8eeba3c477af752d883b649fcd725274b0f7cd8161768f,2140,2,3,-7.3097305,-2.518509,3.1757548,3.3338952,3.053381
2145,train_images/2376e5415458.png,b915306c6f1644cb80e11b58c039e006482cd65046e970c66792c980c7f7d29c,2145,2,2,0.17033386,0.7197218,1.1376021,-1.1401367,-0.7300558
2157,train_images/ad312ca98202.png,7c254d84e69d48defae066fa9523af7f8dfbf585775b4a930d92a941c1270b49,2157,0,0,5.2513285,0.91895676,-1.4857049,-2.7334113,-1.7282858
2162,train_images/6fbaaf8eb67a.png,cd06913d54ae6c1f03531172f56cb38d29b8bb369d03f6ae1fdcf1f813934273,2162,0,0,4.3939896,1.3496265,-1.2568974,-2.8744981,-1.2521553
2167,train_images/56e56aa08362.png,9b8634234bea65394926f3cef814b700064ed8e41745af4f516633b973fd0318,2167,2,2,-5.498337,0.61235905,3.7465272,0.06252813,0.92105675
2171,train_images/31cb39681f6a.png,6720ed23eb04f4efb7449d6f3e08a52edffb04bfe7493aa3696a291334110469,2171,1,1,-0.43861198,3.0723715,1.3226974,-2.7927964,-1.0250206
2178,train_images/e12b67835e03.png,c0bb0805bdd6e18808d782623cb729f23f30422a5d94ed647d1177cff0f0bdbb,2178,2,2,0.28104973,-1.4944458,0.6708813,-0.12827396,0.62782955
2181,train_images/6e92b1c5ac8e.png,07086880d7671ed61012937727224700294593d3a449a03569a63016289afd49,1247,3,2,-5.9763527,-0.80170155,2.5737743,2.5089574,1.5559225
2183,train_images/349f3c0ac83e.png,e862c1500d0ac66b6fe3423e817b978984b90dedf471855c0f7b667e6fd5710c,2183,2,2,-3.7659283,-0.645874,3.8566778,0.9003897,-0.3105936
2186,train_images/c96f743915b5.png,a369500c4bd1379fcbe5b577b3764191823e71e0e3f887ef7511e40ae1831108,2186,1,1,-5.524191,2.9040766,1.6526742,-0.5760846,1.5510464
2192,train_images/e7578d8dba72.png,ee6f1dbf212664e5a444283aee22a0c05cf2aa7d59f731fe54869ce2a58c965b,2192,0,0,7.6511793,0.7796202,-2.1411548,-2.8754687,-3.0371017
2194,train_images/6e44f6d04fc9.png,52197583d1aa419f22f2d87e8aaf8802b325e4092571e7a64fc3cd345c6ca53a,2194,0,0,5.9728203,1.4033222,-1.3037744,-3.459124,-2.3483238
2199,train_images/9568eb7e9c08.png,d99a21d2b4a565d8f293da1f70223e1f378879d61b591c16e60d9e8914bbb445,2199,2,2,-2.0267334,-0.337142,2.4801407,-0.1413889,0.14451504
2205,train_images/a49b0b4484ea.png,40b7f629b5fa47aea8d713515d7d0ad3fec9a856e22e45a12c0a18bd2750ac6a,2205,2,2,-0.08979988,-0.10313702,0.70918083,-0.38985968,0.037525177
2208,train_images/a9e3d186cd1b.png,3128b80a5a7b323fdf2548da2fa2854c74069e725ec142fdf8e222ce8a5d5068,2208,0,0,5.6048307,0.87038517,-1.655932,-1.9305003,-2.5888705
2220,train_images/9ed6c2b25767.png,5ef93ba1b77f0e1f18f09ce94de703b4cc3ada644297de44574f6fac09a76afc,2220,0,0,4.606291,2.4931755,-1.2478523,-3.7139273,-1.7424707
2224,train_images/191348830ddf.png,1a0556058123c6e33d9af05d5a893347df64e0fb2fab6487d7c8ff8d23c68021,2224,2,2,-1.6572227,0.6000471,0.7116995,0.3844781,0.06899357
2225,train_images/da949aa67a4f.png,2ce4a5765f8d9c6573913b6324e90e0733f43b80bf0bc377e8ca017123e799cd,2225,0,0,2.5788898,1.0081205,-0.4835496,-0.9774852,-1.9810581
2226,train_images/aafb0c944f14.png,2418d26dbc95b17ee87f5bfc0a02c240e80e6555dccae0157aa8bf106cf2140a,2226,0,0,6.8553076,2.0115376,-0.99099493,-5.1412926,-2.4329257
2238,train_images/ecad6845f630.png,a742c29da9862837f98689b0766411a79626cdbe656b0877a6f595a213264bee,2238,0,0,7.723337,-0.17162514,-1.7258596,-3.857568,-1.4891434
2242,train_images/054b1b305160.png,e3f0e36ffc4ce1aa8fe51c6f5da11fdaa0168026a3d0727e518ba83be674485d,2242,0,0,3.150673,1.9590282,-0.6939759,-3.5348198,-0.7423363
2246,train_images/72606afaf3da.png,e4c8fcb73dfefe34d7682b6e7b64d8088b34602f34f80daccd0bdd813d5bc7ff,2246,0,0,7.15619,0.4889288,-2.6530914,-2.3075728,-2.3226357
2250,train_images/75238d945315.png,c2b1e3fd648ab57e5acf77eb6104efda35d8f0ee70fb4141087c8cf12c608111,2250,0,0,5.4977207,1.5487165,-0.92414093,-3.4474611,-2.4003797
2260,train_images/5347b4c8e9b3.png,ba02f4b5afbb7cb5b32dc8ce570ae28639911db27f93057a106a86e35f71102a,2260,1,1,-4.6700134,2.7275133,1.6614845,-0.051548004,0.3486452
2262,train_images/4e43d05cc2ef.png,34d09fceb9ef8f2320f60f074bdde7ee040c7e937d9de27067aef454b1d1d729,2262,2,2,-8.647121,1.8516531,3.3661456,1.7005877,1.4589405
2270,train_images/e69b48516577.png,644bf3410b1c427c396262bc9b644cbf35ae3cb8804325b896d8c429d9ca974c,2270,0,0,5.482135,1.3515329,0.17985106,-3.553469,-2.949873
2271,train_images/ca2b54b95ade.png,4cf449f9e9f7a238d0ec814efacd2a855b203241da1278b18d2b9adec93c7c22,2271,0,0,4.394356,0.024224281,0.08164692,-4.2553883,-0.04006481
2274,train_images/2974c6ad1d58.png,e57746139045bda6beecdb616d55a8d7e4615b3947f0ba839195124ed495905f,2274,0,0,5.6560698,1.5957441,-1.0291595,-3.750699,-2.2156534
2279,train_images/d99dd99be001.png,44a7812f439c235140a17bc573ba8efd622ab9e5aced5333f9935cfeadb40205,2279,0,0,4.787113,1.1610003,-0.4485054,-3.181739,-2.108799
2287,train_images/e0b5a982a018.png,0c127fbe684ece2517b408898e9c83b797fa7cfbcc8f741e64d5709d798552d6,2287,3,4,-6.0164223,-1.0859089,1.4704831,0.499444,5.0197277
2293,train_images/5c6194562ed2.png,2067af50829ed9c3adf9ea020318dc7fd250f705e97d70f73eeb2b3e48ee91a1,2293,2,1,-1.0485535,2.194583,1.6645648,-2.5027268,-0.22730732
2299,train_images/66393d8c60ba.png,99c229b323181ce20ad6fd890ed7ad791b25ebfc107bb2bb26dba8035ba954bd,2299,0,0,5.4935656,1.3196936,-0.7957411,-3.7531884,-2.0291538
2301,train_images/e740af6ac6ea.png,b0d4d28b889d397baf01efe5d67e5ba4029ab302a719e62b525c4964fb940e7b,1693,4,4,-8.01499,-1.9662352,2.5489388,2.3276277,4.80406
2308,train_images/0161338f53cc.png,e00a95f1bd202fe395d509b23c635c75e87f0d66f5b7610149c92ba3e030ccb3,2308,2,2,-5.405262,-0.016300201,2.629838,0.88502884,1.7060871
2313,train_images/253e96488cfb.png,8893dc9a7d66cba45d9fb4c7e24edb0b77a97a08a236b600a46962a7b9be6094,2313,0,1,2.439827,4.758895,-0.045612335,-4.1043367,-2.7085266
2317,train_images/b0f8613305a3.png,6112c78e9666203e3459d5d5c17c2d7e7958b016a48443e3344e2f5720faeaa4,2317,0,1,0.55609894,3.4051094,0.5238931,-2.7464623,-1.5205822
2323,train_images/38f1901f214a.png,c398c80291d7bd9c1d47f92e601e4dc36659770906399a5e69970598cd2c9ce1,2323,0,0,7.2412167,0.34531403,-0.5974908,-3.5203555,-2.921146
2326,train_images/b4f41b5bf0ef.png,0459cb5ddf97700352f878428a2db72b8688464997dfbcc50a3c32b717a568c8,2326,1,1,-2.8059654,2.9211664,1.5942478,-0.97881174,-0.6664696
2328,train_images/7da558d92100.png,3e91d1396387fc6daadb26fba6fe1ec3eae55493b9572f61e313f085a737279f,2328,0,0,6.392129,0.89538574,-1.6807499,-2.8496351,-2.4195905
2329,train_images/84b472c49cfa.png,6632239cb855a2dfdcc71ded22392cc4616ad8bb4aa67d04ddf9780e20370698,2329,0,0,5.7206717,2.2168932,-1.0880666,-4.1364007,-2.2957883
2340,train_images/913490237ad4.png,18d2c77ca700ee2e1ba1b5dfe0cb9585b11aea3cf830407c2ba986e9305ab59a,2340,3,3,-4.2706814,-1.7394753,1.882827,2.7379508,1.2689753
2348,train_images/3b10191dfd25.png,529f064fe0a3d63afa871276082feced4734775a8c0414a0eed92d7966f02e82,2348,0,0,3.374115,2.8403015,-0.40245628,-3.3347197,-2.1356163
2353,train_images/5cf9127f251a.png,879a7cabae45ec1b4827e77ca6edc92e75f0228d3498ad3255118fa1c6e14698,2353,2,2,-3.9657993,1.3489933,3.1180391,0.41489506,-0.99049664
2358,train_images/6e68e742f5bc.png,c48386ee75dcbf73d6ed60039a56bb8af3a584f0c20faf3f493f22a3720bb5a4,2358,2,2,-3.2860336,1.7321539,2.2208173,-0.8708129,0.18530941
2359,train_images/45ae04cfde5d.png,969a528cef37327709b36177cea99ce4c31f67a1a3177c8530711502ca3e08dc,2359,2,2,-1.6792507,0.5334921,2.163058,-1.3432631,0.31101704
2365,train_images/8af50c9d0a86.png,73b8b517bd77d18f8a40f232d79908875cd93b065e3fe74aab951f9d32a5a4d9,2365,0,0,5.9284744,1.129962,-0.6609702,-3.6943936,-2.2156544
2371,train_images/94dcb491143f.png,bc776e85c45745ef9814c1e07406213517e7542be7f4e7c68b5b2d8abefc6b6d,2371,2,2,-5.4003677,0.17075157,3.2644858,1.1381607,0.64041996
2372,train_images/2d07162a13b1.png,6f0da9461a06535d2cc39bb7769afe191889c61aae65a632231c0b0c061ab931,2372,0,1,-0.99757195,1.8068314,1.2631149,-1.1171412,-0.78453255
2377,train_images/1ca62b3e4fd3.png,2af19cf605b4d542f9c4331a9905480a7ef33a63d6eb671686b944061db08a73,2377,0,0,7.249982,2.010459,-1.5464888,-4.2359166,-2.9342623
2385,train_images/a0cd7bffdaa0.png,d0623490035ab4d4c6502ce809348315b060bd5d463dcbb8827ecbbff065e008,2385,4,4,-0.6428242,-3.7714515,0.1551466,0.6033006,3.5459118
2389,train_images/addf66a50f42.png,41e2f1f869ee32f3df2e340d6fe32b27943e3266ee9c4f6a90bc9d6aff3c23f8,2389,0,0,5.182004,2.0169477,-0.48288727,-4.0738854,-2.4099097
2390,train_images/180afe1d5ef7.png,512afa4631220ed77cdd509b956df4a22c20d4e35926730c056ca6d2ef96953d,2390,2,1,-4.2516403,2.2842236,1.3263681,-0.2928276,0.92669106
2398,train_images/6630f8675a97.png,c13c5f799ad94b985a21c31e147e3ad0e80602df2ec5c0cd3ea2e8a459505571,2398,4,3,-7.894991,-0.8532629,-0.14698172,5.201176,3.426381
2406,train_images/8fbb2ca39911.png,f3ca5002fed1be83ab6ac161fbc36ccaa8acb0682e44ed84714497996c1d456e,2406,0,0,4.8390427,1.5162506,-1.8350973,-2.673297,-1.6088095
2411,train_images/cd5714db652d.png,a2f68e56ae05b2117296a5cc58f9bf612340a565071afc1733597c64c579764c,2411,1,1,-3.863905,3.8402586,2.036852,-1.7335465,-0.32709694
2415,train_images/c57c164bca05.png,0d43c58bb2e6e42ca01ff361441f27685d48a6f4ecada823bc2cf5abe0b015f0,2415,0,0,5.664114,3.3165073,-1.1374531,-4.3704977,-3.023728
2421,train_images/b98f77098b9d.png,f3603cc91a0407429e13c200a8b053e53e73d353988db47e2a7761df1de0b183,2421,2,2,-4.689535,1.5556288,2.881538,0.1954627,0.021920204
2426,train_images/c6a145742708.png,b09a7072d43734b129210c6dd1ea19255665006295c3bbdbc89e2d88c0194648,2426,4,4,-7.0179157,-0.2538519,2.888785,1.2115679,2.903613
2435,train_images/75a4343b12f9.png,3490925840da2b4ec986707abf52edf334071703d71da81dcdeda81c6f2acf0b,2435,0,1,-0.81996155,3.279131,0.056723595,-2.153971,-0.20692348
2440,train_images/165c548185f8.png,926831dcb8d8ed74b2bac7927616dbcee781514e6b53aa1b39f4f39bef133bb5,2440,0,0,5.2172537,1.2657509,-1.2439308,-3.1015315,-1.9098864
2445,train_images/812d5adafaf2.png,6f71d76463022abe1a9db4db25a4309fb983af293573dcbd62bf8b8062e50c0d,2445,2,1,-6.436348,3.220335,1.8909175,-0.21528625,1.3681946
2450,train_images/58059e73d2d4.png,d20236c14731362d5d478994affd90031b143f6a21b7c28cb320aba887813a61,2450,0,0,7.6703014,1.0744858,-2.5825434,-2.9458466,-2.825944
2455,train_images/1269ab57c2e6.png,d8eadea5cbe58c643ba71d787f020969df3059c27dcb81af9f7a04dc5cf848d0,2455,2,1,-3.9360065,3.5118036,2.33699,-2.0585072,0.05696392
2460,train_images/6fe67482bfae.png,5b5171f706b04b025336ee41dab0c26eded642cab4ac7b4ceec25e68a159aa65,2460,4,4,-10.072243,-2.352229,3.1841896,4.3159146,4.4718933
2466,train_images/cac40227d3b2.png,e00a95f1bd202fe395d509b23c635c75e87f0d66f5b7610149c92ba3e030ccb3,2308,2,2,-5.405262,-0.016300201,2.629838,0.88502884,1.7060871
2469,train_images/53327edb9e4d.png,d5cc8d1fb09ea7f7b9321548f41d5ec626f70b70981b05418a76e94d7ecd7811,2469,0,0,3.1155548,1.3925037,-0.59728384,-2.2705228,-1.4838285
2475,train_images/ec363f48867b.png,bc4890b086bf1db9c2730f422f4c2fa91f442882c71acd44eeadbf38accd4ec5,2475,0,0,4.8713818,2.8733711,0.5754142,-4.15283,-3.7598372
2480,train_images/0db1d8dcf219.png,0f43fcb8e4865532c692755d19e75ce649cfec1594ddbda009c9ede4720dae43,2480,0,0,3.7189903,0.116324425,-1.4293866,-0.68933725,-1.5001001
2484,train_images/535682537302.png,4681f5b794d3e945a408c494d02d26997c5ee7b6d102bd2105520f3e643ec269,2484,0,0,6.3022785,0.88371754,-1.1812406,-4.120084,-1.6172056
2490,train_images/b10fca20c885.png,309aa3e28f15312f14568bc71d1dbcbe29d504df216f6f4e9d5573e516bb8cab,2490,0,0,5.322915,1.382164,-1.2800355,-3.555025,-1.6436987
2495,train_images/639915f58a2f.png,608235abe7f234588d3307445fe51e22e79da7e8f984238f2f800f5a65d1825f,2495,0,0,6.4939594,2.4694328,-1.1903057,-4.647807,-2.8495378
2501,train_images/2585bbc91909.png,0b79f5a7acb94aac6f4aac4590fdc74673eb4c072484f7ae0b4240f5fd886370,2501,0,0,6.7760134,1.3650141,-2.8652472,-3.0423863,-1.8864355
2507,train_images/d160ebef4117.png,d13eabab946318c3bb0ead182c2eed4b1bb8050dc638d6585d3e2b121c71e72f,2507,0,0,4.1199894,-0.08368206,-0.90147734,-1.6141291,-1.1766653
2511,train_images/084c02cf077f.png,3414f628ffc3365ceef86c89571c551aab9707fdc57038dbecc2f1dac32f4ede,2511,0,0,6.3871517,0.5500517,-2.2541084,-2.5051692,-1.846302
2518,train_images/3694e8c8e09a.png,40f085cae190a9d6771f1050a82f40e6e0961e423c1096f8c7ed76d4eb9c8a16,2518,0,0,5.313154,2.0521917,-1.1488867,-3.4271264,-2.3287134
2519,train_images/c261b1aaa828.png,66de3f0c097c9795e4a2e32471075889298c569e1648fd3724c647ce3060f7c5,2519,2,1,-5.477215,3.0257492,1.4846802,-0.28454638,1.1215696
2528,train_images/03e25101e8e8.png,3dcfae019f3fabe5ea1a47129255b62456d364a16c2c1ae66012b8a3ec3748af,2528,1,1,-3.2617912,1.4587803,0.3253374,0.8228221,0.5816078
2530,train_images/78937523f7a8.png,66c3f988307dd066d583872f7cc792a5ea95062e9a7121f927b4e444788b849e,2530,0,0,6.4642715,1.2545557,-2.3976917,-2.0332785,-2.9590368
2535,train_images/dc0eea0b68a7.png,47c95f08b23cf534d0ac062a5bcbf11dbc2c8c304a606dbf1431129ee124ad3a,2535,0,0,5.6292953,1.4720325,-0.7541437,-3.2773151,-2.558145
2545,train_images/5dd2e26fc244.png,c6cea3805d55210517aa6bf8ce190c07398be9428c7203d3774b84706457d24a,2545,4,4,1.4393063,-4.330577,-2.3939528,0.14396381,5.0760736
2549,train_images/3748349334f6.png,18070f6b8a08cc20af00cd1f9e14fd82f45683a16c3c4934095c7473a57e3105,2549,2,2,-7.592798,-0.53052235,3.8016348,1.8807611,2.1474361
2555,train_images/65dda202653d.png,253728345a76463870ed77867ddf5625a9eda0b07ba517459032a34816a0b789,2555,0,0,2.6734848,0.8746414,1.5692525,-1.03719,-3.6736727
2560,train_images/1d11794057ff.png,875b9cc2c34842670cf0fba00fe619af47cb2d04019e4a78249914e47594b6c6,2560,1,1,1.4418163,1.4445105,-0.0997076,-2.0975502,-0.48707867
2566,train_images/05b1bb2bdb81.png,acbe6fde938d31abc6fbdafe6138568cb6214d60f6085dd358d171c83dd57bf9,2566,0,0,6.537367,1.2956324,-0.83424854,-3.237442,-3.256844
2572,train_images/0cae727cf119.png,0e293997f5daa55c8392ef37a1706f74b79aec0699fd27f0bc249f4410f47a65,2572,0,0,7.3475676,-0.12311649,-2.1248665,-2.3779898,-2.3544016
2576,train_images/0daddc45d832.png,557eb848388c1c09cff6e46add082fbededd4b08f2c7041b5a24fde79bd6c24d,2576,0,0,5.4271097,1.9517202,-1.0718889,-3.770146,-2.3152533
2581,train_images/12ab2f6397f0.png,794e24cb1663d87c7ff1ff9f2d09071554b26870a49eff18baa2d8ed44934078,2581,0,0,5.2566175,1.0582666,-1.2497311,-2.6132605,-2.2253819
2590,train_images/186c1835eec5.png,6a89b1b6bf7846e331c42106e418383787b59742192a5a4ea3b9efb927b772db,2590,0,0,5.6704016,1.408143,-1.4252887,-3.536522,-1.894206
2595,train_images/1e742358e0b9.png,540aaab17ab449e6a4d8945b3a87f2025132b9393da577ebbf741b39093d8684,2595,0,0,4.8496437,2.063717,-0.527596,-4.3339796,-1.6410894
2596,train_images/1ec95179cdfe.png,6756f56eb7e283ac8f88c78f1beb36223f7a232fac4c5cd6b8208aba984c252b,2596,0,0,5.5565367,1.8417616,-1.4285836,-3.3851628,-2.1673555
2598,train_images/1f9ccda4ddf2.png,81197b02854ad5114cd8fcc05ced00d09d9ec3a2c24e2c1653f3ec6beab321ed,2598,0,0,6.300476,0.57167816,-1.936285,-1.9935575,-2.6170568
2599,train_images/20f86e068276.png,1c9d3821510aec59a3aee72f7cfa1216b3ae3bf94add4d5a2351e1a4f37b5f0b,2599,0,0,6.812704,0.019825935,-1.0275207,-3.4974484,-1.8162632
2606,train_images/2923971566fe.png,1c48ed154b6b7d7018810809fc62c9504f67b3791521f5dce5c083cc6b2f58bd,897,0,1,0.26748276,4.196368,0.015193939,-3.164197,-1.0554867
2607,train_images/2927665214e1.png,0f946963dc8720e8094b569ae3756c3931deb712b35199d9c2712a2c4453cb0a,2607,0,0,5.268607,2.143814,-1.4576945,-3.7240167,-1.981369
2611,train_images/2c9dfc270f1b.png,f4e5e0f3c16614b9d7d5c5772b39921838c5ea2e52d9e9b1e3bd2313c2430192,2611,0,0,5.454275,1.3044081,-0.66865396,-3.8884585,-1.9474125
2617,train_images/33d72035c27a.png,cbdd5fd488c8974786221459762fd9da1e04c3891771a78f9f5013d2d3cfdd4a,2617,0,0,7.1235046,0.8631897,-2.2815046,-3.5529492,-1.781702
2625,train_images/3c42512c81e0.png,459d882e7c8e82bfced3a8e51e9e6b89b7bc8ead9a6e0691e84a86b5c1ae0abf,2625,0,0,4.746937,1.3117237,-0.21064234,-4.3005476,-1.3193312
2632,train_images/435414ccccf7.png,4141053f5b74702654d77dd950a1b40419ef08f0351ff72491a28d150b33a6f8,2632,0,0,6.6933556,1.1823959,-2.0011606,-2.2636309,-3.2806811
2635,train_images/4403538fb50f.png,cc3cbe43330123a17e5e6af5b4fd3d78fcf9c3798a6c96c76f8d6a8b01d247c1,2635,0,0,5.0411205,2.2675495,-0.25058222,-4.317401,-2.5175362
2637,train_images/461fa5292fda.png,09b2882ce5ce0bbd8642aa1cd6916499196fb963062cec9ab8aab457c4abf5c4,2637,0,0,7.056452,0.8278332,-1.6864252,-3.7203374,-2.151785
2648,train_images/4dd14c380696.png,1ac14dc20b81e7beb83139712c7a49df1f64d02fdeda3e850dc88d4e5b99f1d5,2648,0,0,5.9574747,1.0355778,-2.2296624,-2.3871126,-2.0559282
2653,train_images/51af8a689511.png,70153b2a2dd39d932040b7553e4d7b7b73673c32590ed4de8f803391a9c3c66c,2653,0,0,4.4370556,1.6177406,-0.92355824,-3.0743332,-1.846899
2656,train_images/54bdcdecd8f3.png,18e0b2d88a107b2e1433d1e25208ece7ceabbbfce610b04091be6b29cf111aff,2656,0,0,6.425273,0.287035,-2.3729572,-2.3100486,-1.6897955
2663,train_images/5baed382f062.png,2fff17dc3732ffe0a0994026a825d1288217f1cf41a9173212ce758b3f7c9968,2663,0,0,3.027855,0.4909582,-0.7878542,-1.741168,-0.8044567
2665,train_images/5d4e5fd34d91.png,8181429bb29a2a119ee12e3ebe044fe9583670406220797e392835da5e7b4869,2665,0,0,6.3094797,0.9708662,-1.7338018,-2.8957832,-2.3025231
2672,train_images/66366a90d1ef.png,e001182acb9472f76d83fdf8ddb45f08deca7f2fc18ae7aac6bbe359eb450808,2672,0,1,1.0339279,2.0148125,0.7504139,-2.7095222,-0.87353516
2677,train_images/6b664ed2a938.png,b9607aebe4cc3b3c55a7388db466564bd10493353709ec810da9e0e2d5788d4c,2677,0,0,5.105488,-0.5891943,-2.0659804,-1.0869308,-1.0963783
2684,train_images/6fe4751a3b42.png,8626188b81f811e6983d743c89723f92cef8b746676f9ec8125c28f903c7efb8,2684,0,0,5.321583,1.8764143,-0.88550377,-4.337151,-1.6993103
2688,train_images/77e15f213b04.png,259eb33ed9b0a1924561c77561f486385ac2ea012a30bb58c25d8023db46d68d,2688,0,0,6.93402,0.8086815,-2.00704,-2.9138489,-2.4513588
2689,train_images/7a46cfa69bae.png,7ee00d48171788ea375deddf1b706f158373c0ab9f6caf061675fb1e3966a0c8,2689,0,0,6.383049,1.0168886,-1.970861,-3.6880753,-1.440527
2697,train_images/7e9081e95bf6.png,65fe78a1cf492becbbba72837ea0af37656044aedc59a39d07b5caf70a213fc2,2697,0,0,5.2152224,1.1840487,-0.8723035,-3.8588402,-1.4146376
2704,train_images/8448af27ba07.png,7e53344a60b33212dae1da424fe4df2ebecd4f211b89842fe7cbd64ef9073c1b,2704,0,0,5.172904,1.3840151,-1.213911,-3.7144918,-1.3758011
2711,train_images/8b079e79035f.png,e3c0cbd569879123d9fc729d9bcadff8438b1ebbe8deaf7222426bafed69caed,2711,0,0,4.0754566,1.5233088,-0.4187584,-3.4657588,-1.4997692
2716,train_images/9039cbfcbb2f.png,b8f714fbb6641449c62f884e3ad551dd35e299b2416bb3f3542210672675cc0f,2716,0,0,1.980938,0.77378273,-0.92008257,-2.0834496,0.5505619
2720,train_images/974c7d7b9c64.png,802ff7245a25798a4ae7bf929e0ea23c595ca64b3db80c9ef5ba7f27166636d4,2720,0,0,5.0392246,1.5694857,-0.81491137,-4.1630406,-1.4035044
2726,train_images/9c514d2d5b3f.png,7e78bc19fc9a169d34a34d4c5c323a27bde8887534cb63be6d5043af8033868d,2726,0,0,6.0940037,2.431879,-1.01863,-5.0209203,-2.223445
2732,train_images/a2811f512c1c.png,c09322233092232430ad300f6e871a46d5ad5f127d2f185b302e315b20c67c2e,2732,0,0,5.30892,0.8280678,-1.2503014,-2.6314583,-1.9951439
2735,train_images/a4ee03ecff60.png,012fcab62bd623d6bb0169fa48d5e44c0892b468946fcc9ecdc27218872ca28f,2735,0,0,4.7988224,0.42178917,-0.23723555,-4.41772,-0.35990238
2743,train_images/a987aa7aac37.png,f6354bef853f57f25ba50f58c538a34e74a036cc413c7ca78ab0f59b1fb583ab,2743,0,0,5.5007515,1.4386177,-1.1917095,-3.516336,-1.9734507
2744,train_images/aa94cc4bfd84.png,fa564acf51158673a9c1afde38f31eac41bf8321e663d0036d873ce9f1613c5b,2744,0,0,4.5496235,1.2969723,-0.5950384,-3.3348188,-1.7003565
2748,train_images/ab7991df166b.png,bd4ac5940602c91328685b93784846af92eb91270ee827d3df230e0c9948c9cf,2748,0,0,1.78648,0.6992235,-0.48789835,-1.2683406,-0.51716805
2754,train_images/b294927b14b0.png,03d7950a7111bb0f7bf924c8687b388918364795bb6dae2149e8e1f9ca658125,2754,0,0,6.7058563,1.1036777,-1.5073638,-3.8656707,-2.1571894
2762,train_images/bc92a61a1f9c.png,9c2b6456bf79d163a859c2d85b393b387cb635ee875194ce93a6d3c8f94770d8,2762,0,0,4.905241,1.626131,-0.7639036,-3.6245494,-1.9283991
2765,train_images/beb00fa6e7c9.png,08182d84db4f97ffe0689f2d388db7067426d2a4da530264f0757a6677e819bb,2765,0,0,3.1441822,1.6584654,-0.28447008,-2.7930646,-1.3353891
2773,train_images/c3b15bf9b4bc.png,42d1a892a02970423da1b70f78abb3a58f2610bcb2cac6efdf6cc5d6104e3470,2773,0,0,8.216774,0.07167053,-2.2999544,-2.9999213,-2.588285
2778,train_images/c7c3d363bc86.png,b1a64598ec55d9e0e16280e6c265499b7c3b619b2c5beced2eca34d4ccd7012c,2778,0,0,5.225704,1.8338184,-0.9406743,-3.8525996,-1.8270082
2783,train_images/cd563556cb57.png,d2e9bf7c5e2701313e30a6ff8387c4162e0c07f2a575a0d7cf481d88d0c9d73d,2783,0,0,5.399827,1.5902176,-1.2832823,-2.6913795,-2.623536
2789,train_images/d667af5742f6.png,d67d8c0197ba6ea97d085bf0d3c223398d100fb5c4995ea3a03228d4e28f75c4,2789,0,0,4.412472,0.8151579,-0.41186285,-3.4226422,-1.1939392
2793,train_images/d871895742b1.png,5c1800cbc263555bfc031c7b3866ee68466f692969aaef97027ab7df236817ff,2793,0,0,7.436531,-0.15416622,-0.23586607,-3.4214919,-3.0494118
2798,train_images/de18071c36e6.png,2efff097b267474f93861113d71fd78bc206800ee548024db1d8fee22ce75f5c,2798,0,0,6.2161245,1.0190315,-1.2134876,-2.3487978,-3.3303614
2805,train_images/e3cd96cb094c.png,8e15b3060a584628275e9faf0b8a8365a36ce7d2b938f3d2bc022e2a6747f8ee,2805,0,0,5.771287,-0.9325752,-1.8613329,-0.87044954,-1.823679
2809,train_images/e893e86dde94.png,b38ea174f9dd04ef911461a0b6bc622cc1a2248eb10ff327226366da7129172b,2809,0,0,2.8967361,0.489645,-0.8727126,-2.208505,-0.14949512
2815,train_images/eda29a9d78f3.png,233e08243fb20c5ecfef51915acf958772e1a1857b7050355384fec451fcce6f,2815,0,0,5.353245,2.1442728,-0.8726468,-4.0537233,-2.325008
2820,train_images/f56ff0440ed1.png,ccf0ff1ed73d0dcbbd5f194a248f2909b5786f083a304ab9c60300a311bb0a3c,2820,0,0,3.640623,1.6972094,0.36143446,-2.2755113,-3.0766406
2825,train_images/f8d62557ad0c.png,441d159cbbc931743d3c874e96bf923816808920343dcd33e12dfe7755f885d5,2825,0,0,3.9757748,1.104332,-0.07732582,-3.1866736,-1.4609165
2832,train_images/0124dffecf29.png,9a26f92bda73ea24a6e64f7389cf956b6ee086b09e6d099739394a00c065e871,2832,1,1,1.8018894,2.3637667,0.9920211,-3.7333226,-1.2037716
2835,train_images/09935d72892b.png,4f42a51b204d3d7f9ce0045b3bb061fa514d2cf6b6ea2fb458d8621ee369a273,2835,1,2,1.4117508,1.2705717,1.6020427,-1.1959352,-2.7926416
2837,train_images/1116271db4ea.png,37a1694d57246c5e9cf938c900ea47587450ddad89c0e68f604fc563f34602e6,2837,1,1,-3.9356594,2.968216,1.2633729,-0.5576935,0.233181
2841,train_images/1df3e03a8f5f.png,f3e446433c3ef52203bcc5d94d8d64ccc69199580d11cac4dc2d4f2da78ebca2,2841,1,1,-2.6496468,4.774212,1.5935299,-3.0265856,-0.6617584
2848,train_images/33b893e18eb3.png,0e53811bcdb3f36a6e2268dd049d6b381b54a041122ab64c91f7f5c1177f14cf,2848,1,1,-3.9522476,3.771412,1.887147,-0.69870234,-1.0184069
2855,train_images/5548a7961a3e.png,7b6599c29840ea78de6805809121c30ae147254a35346722613a0f3a5b00c0f5,2855,1,1,1.2724056,1.523468,0.9093163,-1.7226765,-1.6905518
2857,train_images/5b068765e846.png,89fe53f94c80ca0deefa016301e9f0053a49f536b87dca80b1e3fde712c6f97c,2857,1,1,0.6266117,3.464262,0.024110794,-1.4787049,-2.4063392
2859,train_images/6165081b9021.png,4d811f303a66afd2315e0860722112a13ae69203166d09e45ab2545b32a8bfa3,148,1,1,0.8045025,3.966752,-0.8590498,-2.8137813,-0.92672443
2866,train_images/8273fdb4405e.png,82049e057dc9b75004f929fad707f343af97c14e1866008b4e4a7c81120ce090,2866,1,1,-3.187193,4.413129,1.6853588,-2.055919,-0.8024559
2873,train_images/b17f0b81dab3.png,45a6f156c46aefc53869e35c077244996518d4a310874c39f7c2e373163ed46c,2873,1,1,-3.2184925,4.0594816,2.040181,-2.0396266,-0.82396793
2876,train_images/ca63fe4f4b52.png,7b8f0a33df981332db20fb5520b1ee2ce177f4a937c7706d76261106d9f1a1dc,2876,1,1,-2.6464996,4.1620665,0.6060045,-1.8566027,-0.19328213
2880,train_images/d5b4705ac2ee.png,a5d426824f776911b457e6eeef02988a25da8da69145745db93792a8316c17fa,2880,1,0,5.5774784,2.1827679,-1.1249332,-3.7795599,-2.612759
2886,train_images/f55e1d2a19e4.png,68ea5410c5e1db6ef00a686542339af36044c177c86c4f06e696ab45f3b413be,2886,1,2,-8.144779,2.4409971,3.4111226,1.3416696,0.63197994
2891,train_images/094858f005ab.png,349eb9799526ad094c321854aaf6ad7bafa2d84befefcdd26d288e60c554c633,2891,2,1,-4.0271797,3.4750805,1.256351,-0.5830045,-0.13448143
2893,train_images/0afdfe5f422c.png,1541d1688d43f54f687e60abdf057de72fb3cd92eaa950c6b22ca2dddf7b3b27,2893,2,2,-5.2274666,1.0854063,3.2290032,0.11048508,0.6433172
2898,train_images/1c578b72d7b3.png,4b12ad344f3037785a20eb68a7a906bb17529d08812be49c79c5bf004fcb22bb,2898,2,2,-4.456478,0.8517132,2.256095,0.38662052,0.8500271
2909,train_images/2735be026d44.png,4041937bc9e90c20123051da99f3317d1f8b70124515f6ca901cfed5d71e29d4,2909,2,2,-6.385807,-0.45415878,2.806143,1.6707726,2.1438608
2911,train_images/29580bed2f7d.png,3838668f9f0f6c0786d24e5910aa9c6e732207c97aa0176816061266016911ec,2911,2,2,-7.2694397,2.241084,2.4941661,0.8111806,1.4962254
2914,train_images/2f9b66784109.png,66f6ab81877a8cc3c94f8d9a455a78396eee14102d270774cea0885a869ff61f,2914,2,2,-5.8933487,-0.4694023,3.6459427,0.9015212,1.5959244
2922,train_images/460893cd86e3.png,426af1fbf8cfa58a0cd3788a57eafb77f68f8498e3fc1a0204fd957956583e02,2922,2,2,-1.9150047,0.75737286,1.2333748,-0.16218948,-0.04024601
2926,train_images/510aa0a898fa.png,9cbd59698d97d445c27195889990adaab0b54a38dc415f3ebc415d3f50055f3c,2926,2,2,-2.341362,0.40908527,3.6879196,-1.7975576,0.08794212
2932,train_images/57469423a012.png,404605ec0333a34fc25e007e9b26ba332ca87f49f225a7f3a4cd80850b736885,2932,2,4,-5.3757973,0.9901352,1.4613075,1.2987752,1.4812241
2937,train_images/5b644a403e1f.png,e62aa1c58ffb49381e3c44ef76d58146c8acb391254f0d83f746500d3e8f4a40,2937,2,2,-5.843775,-0.2760353,2.2874827,2.1692872,1.571209
2942,train_images/62ecdc90dd42.png,9e75bb38c9a0450ca536cc95357030d750bc969ae3ab0789dbf076b5e8dc2297,2942,2,2,-3.2322369,-0.445673,1.774771,0.48464394,1.1972322
2947,train_images/7247a2c97f71.png,a496ba352f43f543b050f63521e927457bca5756d973e2b31f15ec513a17da5c,2947,2,2,-6.2988205,1.9101019,3.929368,-0.49223518,0.7617378
2948,train_images/7455e2b5fc57.png,78da0c300462e3d48de161582971e23cbdfd8a19c3082e6fe32826d438e9356b,2948,2,3,-7.634321,-0.56190014,3.0692554,3.4203305,1.4183807
2955,train_images/7bc2e0fa3f72.png,e513371e7ce05138356e450d5b4ccd6b15fdd7a39b705b8c9bc7b432379fb1c0,2955,2,2,-8.808258,-1.5909433,4.922962,3.9788604,1.2134094
2962,train_images/842d697884f6.png,cb3c3dbba6d49637a33c9d1356398fbc48e33dd8862fa2eb890c76ae367d8e93,2962,2,2,-2.1909924,-0.16063023,1.8475454,-0.16663313,0.5421238
2965,train_images/89b725411cee.png,48a4767f1c8851853d6f7c6039016e32891f51ff926fa8abf3243f6e321fc106,2965,2,3,-4.859112,0.54391575,0.5092032,3.128325,0.62981796
2971,train_images/91a88d3b0358.png,63ba8ac13fb4dcdd55289f85e9731be89396be355c7e8c28c7cc315437fcf9af,2971,2,1,-3.3986187,1.6679859,1.1123652,0.55536795,-0.010222435
2978,train_images/9d74428188bb.png,18e43b40995f8ff0e36bbbe4a3c2a4798e200b3cd4c124b986c40be0d1d40d64,2978,2,1,-2.7121048,1.945365,1.7520876,-1.0727096,0.04299259
2984,train_images/a0a0cd8af5a6.png,e173a352afc85c6519fb8e91886430e8de15eedd7f295b55abacf933aeb5806b,2984,2,2,-5.6918793,0.68782806,1.8237658,1.1932225,1.8229227
2985,train_images/a15652b22ab8.png,57d8daf10020a08edc358bea7606ff87ee9bb161beb608daa81c9060c1f14dc4,544,2,2,-8.226522,2.2586718,3.138622,1.7904291,0.82389545
2992,train_images/ac2c814949f9.png,cf7839df5a131b4ba1f210ae91a5c07251ee793ba4774ec027e33311b2f1c544,2992,2,2,-4.088167,0.87725735,2.9275076,-0.3501048,0.5358534
2997,train_images/b402b18d99a5.png,022c4d61b79fc0f2397ffb4afa68d1eac6e5201e7fc7ea69eeb81fc7fea90077,2997,2,2,-7.8169804,2.7456636,3.6395278,0.59617615,0.6112499
3001,train_images/bca2bdc15fc5.png,c1643a7b9aa3bf0fadbb86ebdc67f54f001858abe7574e10f19bab51be93727c,3001,2,2,-1.1985588,-0.629797,2.114507,-0.8065777,0.7264309
3004,train_images/c0202976c670.png,4874d2a2b09cd3164d1df65ce4d95fed648ce26bfde111de5da624139edb1c63,3004,2,3,-7.992975,-1.8528948,2.2536716,4.2588334,3.008113
3007,train_images/c73c5f6ef664.png,ba51547005a4caf45afaee3d1ca393b199a9918035626de62b94ac915fbd1676,3007,2,2,-8.106422,0.023238182,3.4189436,1.8238649,2.5637655
3013,train_images/d473f6fafba0.png,d693094809173e1852d7d2c9775e74610de89d31de828423e748352c5c0bed47,3013,2,1,-6.3357506,3.6577024,1.8130727,0.65091896,0.10871315
3021,train_images/dbee04ae6426.png,ab88503a08708b40420fa5919b363e8d3aa86b4900a1c19a406e2f76bc0da93f,3021,2,2,-3.036869,0.015532494,2.4498146,0.79233503,-0.20469093
3036,train_images/042470a92154.png,2416203850591122af6284a780a58d736459c0bc88eec4929ee25ee7065d12e8,3036,3,3,-7.5553093,-0.07419872,2.4559488,2.9683166,1.9754906
3038,train_images/0edadb2aa127.png,463631a7c5aeed5d61f2fa8cf01c95aebf1aa14409647fe894171773cc84fbf1,3038,3,3,-10.054043,-2.571268,3.216568,5.6770616,3.317628
3039,train_images/1ab3f1c71a5f.png,4731f0e9dca06e296f33cc3d1388d8310914d60b1b6a8bbfd04ddeef5ff27ff7,3039,3,3,-7.7650948,-2.5665407,2.1181345,5.196505,2.690011
3048,train_images/7b29e3783919.png,67db095fbd0b19645dad5ad50b9783a800ede8602bf96df095080a9b2a38315a,3048,3,3,-10.22971,-2.875019,3.0265238,5.850388,3.8224611
3052,train_images/a9e984b57556.png,56d3ec0418028c54bc200bb083f8a8b274550a95931877fb36b6c1033e531bc8,399,3,3,-6.5239105,-1.8656297,1.9664869,3.933536,2.2837858
3054,train_images/ad2f0b9d059c.png,9720e061ad6bc4b523100c34129b22a21c63d28264d1bca015a3e84de91ed8fd,3054,3,2,-6.271717,0.07490826,2.2065039,1.886878,1.8952761
3060,train_images/c3cd0200df79.png,8adf033b3bc421dc11856ffbd47d04cb2064a43499b24520e15d4a6252d9f70f,3060,3,3,-7.3969765,-2.5599318,2.2066734,4.3277,3.1642761
3068,train_images/20d5fdd450ae.png,821964656547ebed399ac327e52c76eb13d6ee33f9c9d8682424d8900ed80b50,3068,4,4,-3.2815475,-3.2192864,-0.52741003,-0.072834015,7.089575
3073,train_images/3c78bfca247b.png,2508d23d4a1c85fc7c28810e31acca98663a6bf7aadcc6705470f803b814385a,3073,4,4,-6.7516747,-1.2713175,2.1562335,1.3417468,4.243572
3080,train_images/7270367410a1.png,809eff6717a0e73248893f96ebcb7d0356a69edccee74b68c913b7be52f5eb1b,3080,4,4,-6.964451,-0.7158356,2.7520459,1.6525002,2.9913568
3081,train_images/7bc4dd99eee5.png,f53a8ac3dbb85783734c3a062e9c215ba723a41765f6b0a2fc892b476f4061cb,3081,4,4,-5.139187,-2.1516104,-0.64140177,1.6208763,6.189335
3083,train_images/857230f64a2e.png,55201060a6e73e0539cfe704cc0644426ca88195fe3ef7adfd80c95603dd9e50,3083,4,3,-9.745647,-3.3853436,2.584824,5.1494565,4.9991198
3088,train_images/a5c9a8c726b2.png,64c3bccd1c3a61d98a60d18c71ddd1202d5057fd7c0efb235594989a8adb0dac,3088,4,4,-4.4249306,-1.9565115,1.9394503,0.8476629,3.3352003
3094,train_images/bfdee9be1f1d.png,81d00a18650d15c50e316b4e8694b0444cfcfe98c56ed077ad8056729377587e,3094,4,0,4.8480606,0.077425,-1.1849957,-2.6651785,-0.67916965
3095,train_images/cbd0870aa933.png,2cb2c999cfd4a9e5bc2b9db9756a365e0b9f8fe4494a6a1efc345810951abf95,3095,4,4,-5.060932,-0.13176346,-1.1630263,2.459166,3.8291502
3103,train_images/eb1d37b71fd1.png,cc26231741a282105f304fe506ddf245291b1d3066a49dae17fafa1ab41241d5,3103,4,3,-7.1172047,1.664053,1.6327128,2.4544387,1.1272736
3114,train_images/07e827469099.png,d00df391c21dc7e1577074c94378f64d829ab45b209372d9e5ace4e086a54457,3114,0,0,7.020504,0.13023472,-2.3488445,-2.847667,-1.567667
3121,train_images/0e94cd271c00.png,8cb403ae6f10dec8475569fc32b473b81988116f0f9eb7b2c7ef458159b624a6,3121,0,0,6.176591,1.0537996,-1.5330286,-3.4557083,-1.9573555
3127,train_images/15e24b73d4a7.png,1fd0e256333072fbc97a3d807a8c02355d1c11eaa58dd4b82dfdddb21ec7cf6d,3127,0,0,4.0362167,1.5981684,-0.5253248,-3.394984,-1.5489969
3132,train_images/18ce0cdc473d.png,5e674d8a90da639663f55efd7efc4adc68062e8df8c24b3fdec73a1fcc9c2fb3,3132,0,0,3.2458363,2.0609798,0.7448094,-3.0858834,-2.6271038
3137,train_images/1d37f1c8b6d8.png,154f6213556e2a2796f2eefbe66a3cec51a48319c7b4a17c62f4a393e65a524a,3137,0,0,5.5157585,1.0767441,-0.93748236,-4.3263073,-1.0712843
3138,train_images/1d46f1326394.png,d95dcc3f20bbdd02ce07b7c7f94876e4a9e516be667c439da0d7f3676124002c,3138,0,0,5.0472603,1.9644003,-0.95922565,-3.891261,-1.9230728
3141,train_images/1f3f32efaf20.png,2c15125864db18431fee8eee74758e548f990b393fda445b3a85cce118e9f15a,3141,0,0,5.1635113,1.3537083,-1.0097628,-3.9201427,-1.36164
3146,train_images/240b25a7debe.png,f95e4f9bcfb147e6465a04c7b6981956e771dd43ecfa5a729c74986ec5b6b5fb,3146,0,0,5.8578186,2.3809757,-1.7492485,-3.2222126,-2.8547459
3152,train_images/2c8101f14723.png,ed938ca48833d450514b96c10e54be458700e7969cd5886e0847bef9ea4b20f2,3152,0,0,5.776535,-0.12340832,-1.5364561,-1.9354,-1.8635721
3157,train_images/3323fd59782e.png,66f396ae7603bf65170d201e3403c9f263ff5d015a1279ef6ff98d362b33a93d,3157,0,0,5.023834,1.2152405,-0.50993586,-3.667092,-1.8415661
3162,train_images/34a7dbd3f05c.png,96d4a6f66db6227cb75d00f00f31cdb68381b1a7a3bc26f4e0329b12eafa35d1,3162,0,0,6.694049,-0.4136076,-1.9566875,-2.1770318,-1.8429565
3168,train_images/4318b6adeb97.png,568f6ad88688bcb79aa5f636139acc2fddf9d2535433ca8474cab89c9183f39d,3168,0,0,4.4865055,0.42301083,-1.3391094,-1.4760909,-1.834342
3175,train_images/454792eb6e05.png,5ddb9349d63c157bcac2555410f9046ee999ace3daf673cb3a345f5d1f9714a1,3175,0,0,6.6264772,-0.0026655197,-1.755795,-2.2696476,-2.2776713
3182,train_images/4bcee3cbe232.png,a857a2195a68bc0bfde29a827a40c89820f88bd9a1a6e2483ccdd6db2618a276,3182,0,0,6.498266,2.0448875,-1.1468835,-4.5399833,-2.5682607
3183,train_images/4c17e85686f0.png,d7c19efe0dabd9a220edad63d73101a653e097f85743b7b6d4368a113cd794b9,3183,0,0,4.803438,1.4609156,-0.92697716,-3.7737627,-1.3522148
3191,train_images/51aa3361294c.png,12c9b8d32951dc98e6e32a69855b2688a73e354e42040f72d3b83f8f0a9e64ff,3191,0,0,4.1006947,1.8167686,-1.3818655,-2.7070417,-1.4331598
3193,train_images/525d0dd8dc45.png,adbb3a8d96eed31a3f01b4f0ebfe4a117782ad26c69f7116663c9396c2d4f35f,3193,0,0,6.0217466,1.8168182,-1.3268442,-3.65167,-2.4429154
3196,train_images/54b322c66d01.png,d366fd0bd38fd053300e005628fb25f55fda7f4560848aed926c5e08b788ac4e,3196,0,0,5.0887337,0.666626,-1.2108107,-2.2722883,-1.9665594
3201,train_images/5db2e3a4594a.png,159f83ec4e2b7cfebf0374e2849503faad3fd9515e825c96f0ae38a67353e090,3201,0,0,3.6894264,1.3017149,0.14502192,-2.887796,-2.1004877
3203,train_images/60aa4e649abf.png,e39b1a15712bbf4bd50c07c2febf209db8d7d3f12bbb2b078329c523e8afaf6b,3203,0,0,5.3556623,1.6102247,-0.95589495,-3.0005388,-2.5592775
3210,train_images/6af071b0ac6e.png,f7b572546c211caec6ba70920b14fbf76380506950e69433d88ec7c08e2c5022,3210,0,0,6.9319735,0.6735649,-1.0834675,-4.0677614,-1.9467306
3213,train_images/6e861bc3bd7b.png,df6ad49e96535f5107606ce407d560d861dd6ecad1f71b99f14b8113a349778c,3213,0,0,6.219575,0.7050772,-1.7033548,-2.6637414,-2.2216187
3219,train_images/73a07e2ea23e.png,a4d7f6910e75a26af169d2e961e43189a125a479da6ab788e389389f3c1bf227,3219,0,0,3.9041615,1.2820024,-1.3956938,-2.231166,-1.3697557
3227,train_images/7ad0c4975890.png,10f0e330ee6cbc3966c5a838e1bbcf7e7d452e2ad26d7ddb5c50cebad4730685,3227,0,1,1.1176167,3.3565092,-0.19504595,-2.478911,-1.5664892
3230,train_images/80e6e425f966.png,b4453c61c7d77d176575f6f1f7a317a8f822ace402a1b41d075151d4e2a6deb7,3230,0,0,5.394389,1.5769653,-1.6787195,-2.8601372,-2.1947136
3233,train_images/83fda7c0500b.png,7cd204f578e75c76ecc505a48ca5e3bdf4936e26f2a28ec1a52bf818e24691e8,3233,0,0,7.2834454,1.3965979,-0.43088484,-4.0382223,-3.6531959
3238,train_images/895fe2bfc5b6.png,bb9732522190790e75a4796dfeae8d171342eac56cb2702aef5f30e8d46ff8e4,3238,0,0,5.485135,0.8576765,-1.6237164,-2.213264,-2.19483
3245,train_images/93421787f520.png,365272d401433346e1fb850d003f410d833a8d27c2f0e0ae387e32ab26f6de35,3245,0,0,5.769985,1.0967817,-1.170824,-3.0296113,-2.4274235
3248,train_images/96ce10a1dbd7.png,29cda9cff2b3292508a6f4512b9cdae4b85e088d9c43190ed06b3dd1a9754b00,3248,0,0,5.5020866,1.4145355,-1.3304839,-3.4250636,-1.8855791
3251,train_images/9910c827e2fe.png,dbbd7336a58d14af7a733345f525138917b2d6bd92c7755ffaa27a5a8271719a,3251,0,0,4.837841,0.27759075,-1.3603401,-3.2118037,-0.34144306
3258,train_images/a07efb1ecfc0.png,fc90e55b47bd780d8d33d82d17b967f5132d35df3d8057a5d67e7cbb1b5a12a4,3258,0,0,6.6235037,-0.15995026,-2.0771422,-2.4381704,-1.6224298
3266,train_images/a5bb85afc6e8.png,e0fd0dec8c386b5827e49dd7da94984357309c8f38fc5d00c793a92be5caeb06,3266,0,0,5.883527,1.6076365,-0.85248613,-3.4254394,-2.9394426
3272,train_images/ac1667fac512.png,1a6b67950976d7500c823f4bc9e176fb7de36c809b6a8e5981e10fc2df72fad0,3272,0,0,4.2714424,1.1428146,-1.0812836,-2.214431,-1.9289322
3277,train_images/ae94ce412de9.png,52094f2da33721c4746082488db10a7f87ca19763bcfefb7158eb15fa45dfa97,3277,0,0,4.3877583,2.2521305,0.28225088,-4.0374026,-2.4931421
3278,train_images/ae975c43bd8b.png,2ffe47f0d9eed80eead9dc84c12656c865af874a2fe5c3cfdc797c0720fb44ce,3278,0,0,4.8293953,1.4394121,-0.8217416,-3.7348056,-1.5165434
3283,train_images/b16dd4483ca5.png,efadfaa8278f0e37c4d6152d666305fb8bc3e489f55de3584d15126e408bb5cb,3283,0,0,5.7602234,0.70187664,-1.4106331,-2.2713318,-2.4897494
3286,train_images/b759cbef90c5.png,69954a8fe0a89183c0bfd2b3b99dab3aef9c9acb79a497c832e855b9f787886f,3286,0,0,3.7095337,1.5568066,-0.3541546,-3.6437392,-1.0888529
3291,train_images/ba0107fb1bfd.png,26d1310ad0d0717f014086942b5845c785298cd4e165dad3cc026b76980689d9,3291,0,0,6.325429,1.7969618,-1.0052261,-3.8374076,-3.0025592
3297,train_images/bdc6c60e9133.png,e8e82fb4a8eb546ba4da7c89d3fcac2b6cbe383a2198d3f97a084181148c1ca6,3297,0,0,6.4570484,0.082969666,-1.9375701,-2.5053608,-1.7612352
3302,train_images/c3c8fdda50c0.png,31deeac6868a9ea17d50fbb6abb38c21d01c9ec719ac8bacd93e2ed19faf9248,3302,0,0,5.8517084,2.0328722,-0.98469114,-4.278478,-2.3731833
3309,train_images/cad5b1a82e60.png,a46ce83f8ee0ab0218c3a2b0b98a52c4239a3e919831bf5f1e713f0d7f69bee6,3309,0,0,6.0483627,1.4298878,-1.1719623,-3.260839,-2.7217507
3314,train_images/d02b79fc3200.png,fc6aa0efd42b27d10d72cc0bb8308479a65e97b31c7239d8c2c89c5915151d9b,3314,0,0,5.943658,1.504878,-0.6891098,-3.867392,-2.6159744
3317,train_images/d2dc86021c67.png,5bbb3f694016dfea70d5939eee520ab2eeec9b5648c433e7ec6540c8a3039146,3317,0,0,5.2495346,1.5966101,-1.2932014,-3.8509994,-1.4826622
3323,train_images/d74ccc796517.png,f01581d3843503b9dc7c35bc85eb6282f6689d7cfca676800291903e62ca05bf,3323,0,0,3.9715996,1.5442381,-0.18735218,-3.2277985,-1.9307079
3333,train_images/de6210f88536.png,4b4fc255f4bde07100dbd38388e85cd8e85eb3c1345a03061f7371596f2be9d8,3333,0,0,5.807148,1.8142328,-1.1395087,-3.9819555,-2.2399268
3336,train_images/df0886f1e76b.png,ab2fea837a1b519345bac844a855175c39eb3fab139b5d1b9e25e3fd9de321d9,3336,0,0,5.6191635,0.84454536,-2.0987506,-1.5318241,-2.537181
3339,train_images/e087bd4b88f2.png,b4a85ff726f89bde02e37c97afa2f1f9313d67a43eb3d738c171bf2a4efbd659,3339,0,0,4.575329,-0.42035007,-1.1185651,-0.95249414,-1.8302488
3344,train_images/e5197d77ec68.png,f75f92feb9c6a8cb90fe2a939f35b233f08ca83ab2ce99b0e07f2c66b96c9107,3344,0,0,3.75807,0.21690083,-0.93800735,-1.7791543,-0.9830494
3346,train_images/e9faf0296643.png,6cd6b3b61d9f5292e2a8c99db942b0d183ab693f1e8682332d9b09b99b17aa6a,3346,0,0,6.6222267,0.5642748,-0.57416725,-3.5271196,-2.6219606
3352,train_images/ec01f0862669.png,0d2581d68319924744e3f7f6b5be8542ea3fbe9189bf43831f8c156709a497cd,3352,0,0,5.1870203,0.47145844,-0.9626274,-3.2983813,-1.1853886
3361,train_images/f58f0b2fd718.png,f2743551b4b5d060b4f6d4ee10342ffe3a3368b363a012867a2b2526c2934921,3361,0,0,5.1419554,1.188878,-0.47353888,-3.5462282,-2.0898275
3366,train_images/f9d8ff3e6592.png,373c3b131616e1ff72e8ba015090b6f92933d7e0bb8b95bb3eb691d6be9ea7ef,3366,0,0,5.423214,0.032702446,-2.061963,-1.2189612,-1.8861971
3370,train_images/fc8fce67fbf8.png,268ddd86bee16d7ff7bbe4f9be3cf266fd8ab0608b205ccdd2ebee1ee45883ac,3370,0,0,4.664179,-1.9447575,-1.1918192,-0.89460516,-0.40734863
3373,train_images/fdc685055659.png,b6bbf49861b0ae72f452cef964de781ef20ebcfe6e8b698af44f5bf2f65e1874,3373,0,0,7.0803404,2.1203527,-1.2624497,-4.9674015,-2.648488
3378,train_images/ff4955e76894.png,dced3f7ecda88a835351c70f8fc1d5758ba16aa1207cc436b26f7905bddf39fd,3378,0,1,3.166212,3.7857351,-0.8213053,-4.256077,-1.5527458
3380,train_images/0dc031c94225.png,f23addf864ad0f8503132a4e94a0615b1be00c379877b577d7a83a7c6d39b6b1,3380,1,1,-2.5947876,4.3163776,0.49484873,-1.9188263,-0.23800278
3387,train_images/35aa7f5c2ec0.png,cb66e86c28ab48f1884c067226847b34c2849713a3ea380fd6a638fc2582523c,1683,1,1,-4.141115,2.3246984,1.7179837,1.003027,-0.94995785
3391,train_images/384631079d1e.png,1845223f13efaf1d706653c1595d5c01ca111f756f22a31fd823117c8f128584,3391,1,1,-3.0532894,2.0692673,1.9601119,-2.0043335,1.0326958
3397,train_images/4e82c3c8d31f.png,a3d5511c810f9f7ef31216ea01981a88ade01a8e92ec813487cc7dbe78cc1dba,3397,1,1,1.8933239,3.1787624,-0.15881538,-3.4479098,-1.278471
3399,train_images/5090917a2676.png,7f58a387220daba3220d2a2312eddc84f2fbe953bdb4275e4d73720997aa05a9,3399,1,1,0.23416328,1.2382584,1.1266358,-1.0296669,-1.3068857
3405,train_images/6377e23928f6.png,5af37ce5c0de0a95ba6521f53195797d3f324981343b64a7814d247330bf70eb,3405,1,2,-2.7653522,2.044858,2.665573,-2.898506,1.0032921
3414,train_images/94111ed3d276.png,729166d646a820158850225f13c1ea4a1a39da507d06081a98cc4aa0465a280f,3414,1,1,-0.9013405,3.0719929,1.1634007,-2.0604935,-1.2066936
3419,train_images/a19ecd0a706e.png,284214c0ddcb433755d8402a694d8d8aae33de8a48730cce4663031433903fb6,3419,1,1,-2.0416222,2.9975882,1.3881278,-2.0759988,-0.27318
3424,train_images/b576c5269ad1.png,9c2108c7528b935e27b10d0cee2c55f2699ba27bac2e6fe131dc0117e0a5fec1,3424,1,1,-0.66477394,4.720542,0.8651221,-2.9647229,-1.8115225
3431,train_images/cd45bfa07d41.png,0b6f28cac3c0a75815d4dabc5c197dd8c15e722847d6dc7ec9bee010ee26f255,3431,1,1,0.39059258,2.9824247,0.9463594,-3.0253224,-1.1503191
3437,train_images/07d8db76b301.png,8ad3b058c90da99902d08673972bfcaf71eb0c10374514b771f56a3621ba5c45,3437,2,2,-3.3231945,1.7885933,4.305117,-2.3486524,-0.39154625
3444,train_images/141735b57ec0.png,d26a6aa0d46a2a14e5c50c1e9c595dca9ebffc049eb1a605f7738204ac9c2f4b,3444,2,1,-4.39909,3.2273273,1.0892622,-1.182384,1.2593412
3450,train_images/1c0e5dd1b14c.png,fbc62e0ff7e4c90dbc41c2497baad7a2c4d3740852c842db2b2a4001c4cb140b,3450,2,2,-6.7638187,-0.37068272,2.95971,2.0516381,1.849864
3453,train_images/1f0e223b8055.png,a44a59ce6588d043cff0a7216f4003df94d5af769c7505bd0a203724e3601daa,3453,2,2,-8.253458,-1.0182285,3.3302147,3.234076,2.4005299
3458,train_images/2532613a584a.png,e547cc39a83768348c6cec348a3019f194620e1c89025a6e7f2cac32a93e3567,3458,2,2,-4.7012615,1.8582411,2.5772638,-0.28548098,0.43311882
3465,train_images/290ecdba359f.png,b69733a030fb9184effe5c058d7d33ccdb3e7a8f399229566a13f1dfc89fac62,3465,2,4,-7.639847,-1.7770934,2.8002613,3.0779052,3.2183914
3470,train_images/34723fae6475.png,16772915110867fba2c220a028245a8336aa6d55688671e924190500f8bbd53f,3470,2,2,-4.4416428,1.2334938,1.7035933,0.9717231,0.46413612
3475,train_images/3e6bfc4d5c65.png,3bab5bb9b4265a8c52769764034b5e437599448d3d1714aab6e091fcb4fdd48d,3475,2,2,-3.105564,1.1559296,2.8501234,-0.0352149,-0.7690067
3478,train_images/42a67337fa8e.png,32c26131fedf06b3c40486c873da1645fce755cea0193afdbcfd6cfb1bd07ed0,3478,2,4,-4.867504,-3.2522712,1.9590018,2.7033887,3.376937
3485,train_images/48fda42bd5d4.png,dc6fba315d386691a86ca43baac85591d9cdb4aa52468adc4c9b7b88f5924eed,3485,2,2,-8.436819,-1.0637693,3.6840112,2.167262,3.3709478
3496,train_images/5265dc9acdf8.png,63b59e95e9863ab5d9baf8bdd9c365bbea4fd2ac255cc5874798b4597e356722,3496,2,2,-6.0995617,0.3186407,2.8172657,0.08130598,2.704647
3497,train_images/594f69b503ad.png,a6d6db6984c3680f4d0ff30ecadd85c0aa6c7c14ad93bdbbca508a32ad69a6fb,3497,2,1,-4.2870617,1.9326935,1.6787026,0.18054008,0.44081402
3504,train_images/674057ab250c.png,5342128f7151e97766f089670db1e7af46083aa8276cd2046b07e26d733c9f08,3504,2,2,-3.7056332,0.3541298,1.716461,1.6131601,-0.016496658
3508,train_images/7356dd08b0ae.png,a4ba1a4a31cfddd75efb79b8410e38d5e54bdf0118fce0473960651d96e6e9ee,3508,2,3,-9.557894,-2.6861005,2.7024732,5.634629,3.583519
3509,train_images/7550966ef777.png,c074f9f47cb63bbe2520ddfd2e94faa53c842097e4b8925d20f4f845df76e94b,1538,2,3,-7.4876957,-0.86757183,2.7339106,2.9352422,2.4041758
3515,train_images/80b5a9519aec.png,af7273352117ace4fc4ad5e8b112408c4f6362aaff5cb0fea05bed80e4d3c30b,3515,2,2,-5.0463333,-0.0027427673,2.160895,1.1286616,1.670434
3522,train_images/89d2a7403a06.png,9b58f2686bbe38f99e8f15751b3cd7b72eb0f25b0f3e83636d125a82c425b1dd,3522,2,3,-6.18758,0.71204185,2.463294,3.3238807,-0.4415369
3528,train_images/962cf85e4f6d.png,e2dd1b0efb2269f00f6be4da687ce154179966619766c609554058605d6fa482,3528,2,3,-6.0207157,1.9763336,2.0719602,2.2498302,-0.41725254
3539,train_images/a125377fb985.png,889b21c5a859a542e52e039ae4edfeaacd79bcfb246a1b6ef816b9f7e9444e3b,3539,2,2,-7.2182217,-0.3897457,4.49842,0.97701216,1.8505173
3542,train_images/a3957df90a78.png,42df53a226498a4c20f810b2a77f10d9c40e73c04ea68a7e82dafaf75a2a240a,3542,2,2,-1.3453522,-0.7571621,1.3939779,0.36273623,0.36081505
3547,train_images/acc9f29538c4.png,587e3a7e2b4b4467a0ef736c83470ad8f9e349e5d5dca41109e569edff5a8b2d,3547,2,2,-3.041998,0.5549183,1.6368604,0.18337727,0.6223173
3551,train_images/b82d5f1f1145.png,ff24f64bf9e1e111bde4e5d6fe4fbb526dab33d7e2a0ba3122da0318141f0553,3551,2,4,-5.036873,1.733017,1.4414942,-0.20592499,2.019084
3557,train_images/c561bcd519e9.png,4efe9b61312a1695ce0281f9b6b80d8b8355fb13ddfebbe80dc98a541206e08a,3557,2,1,-4.0610027,1.2635136,1.2408009,1.1981602,0.31445408
3560,train_images/ce887b196c23.png,50030ec7d40919ba8ae7ecf7cc145950f1cea65f54da0ed9630dfd3b31c9a026,1949,2,2,-3.0241413,1.7771177,2.4366198,-1.0208569,-0.22641659
3566,train_images/d95959798b57.png,454041f3d5fff4ca2a175384664385b7896ce48b9e592a16c9f4f45a83a36c7c,3566,2,3,-7.059757,0.41241646,2.5714831,2.851317,1.0251274
3569,train_images/de50dfa745f8.png,b0567de16835105730d68f4405036ece5912cefbd4b1b9ff5810cd3e8feb19b3,3569,2,2,-0.12997246,-0.9326954,1.4121394,-0.52425337,0.3782072
3577,train_images/e756495c11cb.png,08278559397750db9814c1ed722d99da0f676da8b034941f9afc7e4e99662827,3577,2,1,-4.7074356,2.6206656,0.67278814,0.35251427,1.021061
3582,train_images/f2ee81781411.png,6c2d329392faf62708e38fe95831baf27053c35b85659fc7c5bbe3614e519db8,3582,2,2,-4.4215374,1.8869219,3.2704062,-0.9338374,0.060577393
3590,train_images/3218a6d8eb2c.png,ffe361a72de65bf79eff34c44aa34ef145acb2d5543b529f72e903fce145978e,3590,3,3,-7.9730167,-2.4296384,2.319686,4.339165,3.4661102
3597,train_images/6a244e855d0e.png,c51bce902a5e1936a853796595fd0c6b9f9abaf2eb8af6544e594994f28616da,3597,3,4,-7.2188034,-1.1459274,3.1878972,0.84499025,4.024761
3602,train_images/996f57c86ba5.png,49f42b769e09aa2317d42976df8d042ec0a76b45c3c4f0ecbbd1d91d58d9f841,3602,3,3,-9.71731,-3.4790115,2.4629822,5.7127633,4.612235
3604,train_images/a14bbd9a583e.png,9a57603f7e4c81f42e9b7acdd9064ee50e0038aefd0375a2e52fa6423f892b4e,3604,3,4,-4.8950424,-0.71453667,0.9396548,0.29325056,4.3121767
3610,train_images/d16398c971e9.png,935405937e22b80c4b73b95afe6fae79cc8b9dbc86db99547fd9e73502d04b72,3610,3,3,-8.877745,-2.742845,2.4905834,5.4401135,3.3394194
3618,train_images/0e0fc1d9810c.png,1f57759d8a842bab35f5f966b59278bc64554aa5786634449f9716aa113e0012,3618,4,4,-7.248268,-2.965765,-0.43528748,2.5566478,7.7932606
3628,train_images/6194e0fff071.png,bed825b2ba7b3994fe80aa8d6eecada587b90a2922e74e41d0da5aa7c4d46664,3628,4,4,-6.4524403,-0.92553806,0.91183233,2.6269164,3.6232052
3632,train_images/65c958379680.png,e6f9745fc366b3ec1bfef3ede76b78ad12259b256daf7f6f10b8c31d28e6c910,214,4,2,-8.478628,0.26248264,4.0801997,2.1866555,1.6130342
3633,train_images/69fff98cb32a.png,d655f44778ea5bdfe84d973d7472c840fc85ff84c31d487034125bbd8a9648f3,3633,4,4,-4.9760666,-0.0461092,-0.044585705,0.15388584,4.8490458
3637,train_images/789434d095d1.png,52b4d2ccf45571a62db6e05e2d016ea72bfe50bfcc294f75a7781c32c2e0ab6a,3637,4,4,-5.053316,-0.764534,1.094568,0.5612035,4.0199156
3638,train_images/7c90ab025331.png,97c93f4b2d51bec03fdcc5ae3702d6b95ca4379d37ff73d2d64c40fc8510b06a,3638,4,2,-0.35365677,0.66212463,1.1452146,-1.8732696,0.58557606
3651,train_images/c1896142a20a.png,469f4d2577c49f8e2ac8eaabbf903f8e9aefd268d1523fdbecfd720354ab5cf5,3651,4,3,-9.223276,-1.6820354,2.7280607,4.4569135,3.4128256
3659,train_images/e4730ddde408.png,863c73d910389d3fa20b781b357b8301af3441b21293e9a505f5220febc5c776,3659,4,3,-10.09593,-2.8307238,3.5608351,6.2729096,2.6228304
