pool_index,image,pixel_sha256,sensitivity_group,target,prediction,logit_0,logit_1,logit_2,logit_3,logit_4
1,train_images/475c7ded0f7a.png,2a85608f537c3a8aa19cb34f39980f226ea05222c71bc33a5c2f8f6ab0add3e1,1,2,2,-4.4499817,-0.15722847,4.5946474,-3.1986318,3.1056805
5,train_images/fcc6aa6755e6.png,b69cbec9f6650dbedd3a7b25d5ad967edfcdf9703339386b961add102c45fd45,5,3,4,-11.059048,-4.228782,0.8173914,4.6768594,9.610879
7,train_images/29192375ab1b.png,93717eeaf5ab296e796b22e4a7893c042cb0b53d1ec4c94219363a23d94842a3,7,0,0,9.85102,1.6452742,-1.01229,-7.2252097,-3.2384858
12,train_images/b665041e1633.png,d562e259d4929a5ce76ee78285ebbbf1349feaa76d06f8c225cebb8e4ebc56fc,12,2,2,-3.5328083,1.1834536,6.5440397,-0.35052526,-3.9067087
15,train_images/70ed3ec68b94.png,df2bc888a0b0f1579ea13b07c53659409421f572dfc00890a689946c4db2f0a5,15,2,2,-12.203865,-2.8463254,9.853622,6.4159846,-1.3878384
19,train_images/8a81f62320d6.png,6421600ac1ef90ca438a79570d48658d5591a312e1594165ae78a083369d1481,19,0,0,13.929502,3.6758099,-2.1269617,-8.919808,-6.5066175
25,train_images/39923b29988a.png,3f205d8479b92d28afa16895d295d1f4e61030cb879f1feb84dcf40d6d1ffc55,25,2,2,-10.558731,-2.9663472,6.488779,1.9445964,4.93386
29,train_images/bb2f89488ecd.png,59b2ccb4bad8cb9958598e5a5888733afc937359672561a2c2fc7786b793c53d,29,0,0,9.696572,2.2666168,0.20406723,-8.276479,-3.8728857
36,train_images/2cdcc910778d.png,25f776d036c103e8cc68ae6b6d3519d2b3fe161547a2052f200b728a03dae445,36,0,0,14.910704,0.47592545,-3.0252748,-7.013738,-5.282604
43,train_images/f576e45d1da2.png,814432c8827b330af80dc3d0492c1053adb5037d7cdd7753964be3407d1dfd65,43,3,2,-6.9339237,-2.136118,7.2687616,-3.1694818,4.8515253
51,train_images/c639d837f5e4.png,e8e9c4a5048e6347251bb5404564b66173ad3ebfeb5cb37d9ced01f93e51f177,51,0,0,12.461665,1.2711124,-2.07148,-5.429239,-6.193612
52,train_images/9b418ce42c13.png,f17c8f21926442cbf2d1e5ba36b411aa3157dce0f90af3d8d8c5a0238264b06e,52,2,2,-5.855236,0.9523344,6.929985,-6.3492866,4.2048254
54,train_images/5ac7a414560e.png,39d0d185d2de8e6b184d9911012676a4133b00d1f1ceab09de75cc41b6a14fa0,54,0,0,10.202804,1.3784342,-0.99896336,-6.299134,-4.2640266
62,train_images/2ecbc2e3f239.png,e81e2287157490abe42424912252e492978c29105ec9bd73947d6feb2230f7a5,62,1,2,-5.571392,1.1244831,4.6534758,-1.2863404,0.98355865
66,train_images/494fc9c745a3.png,d1af4ec02abbf521343baea46fe913af2fab1f2e81b04c3cf530ba732fbf05da,66,1,2,-7.3937836,5.615608,6.7063036,-3.36451,-1.6656599
72,train_images/360832d84ce0.png,74169d127cd41109ddc9119795b9576a051a3584b503b090fb69865106d1a546,72,0,0,10.923455,1.4676762,-2.0137463,-5.987346,-4.34631
73,train_images/c90c6b94cf40.png,931a2a5326cfebb4fd0392b7e5b338d28cfe0a36f0943428b3ad92ac9f545d08,73,0,0,7.894562,-0.13969707,0.5291829,-6.1836557,-2.1162705
78,train_images/ee059945b08a.png,8ac03c10403f732f86ee541888866c97d8bf8557552060d02fdde9aa806d1148,78,2,2,-3.253645,-4.563969,3.983739,-0.15852988,3.924841
83,train_images/d29b37d110f3.png,b3e93fb8e2bdf1bd4fff555d9e43e04f0bdfa423c87a303b81b5ea7fff56c00f,83,0,0,11.053942,-1.7153368,-1.4740305,-4.3592134,-3.4954338
88,train_images/b3a994760537.png,e57a307e83c22a158cad4b349c0c62fa96566f273aa4ed62f5086261e46e1392,88,0,0,11.379702,0.8854599,-0.9651942,-6.299345,-4.9707427
96,train_images/b99794a0beed.png,cf393c656e09abfe2f491fb5881e99bd62b19593c160e7c27ec001e31e420f1d,96,2,2,-5.487156,1.2879219,7.111105,-4.4120784,1.402873
102,train_images/19ef4d292196.png,cfbb8c4f2da7fffc1402c1337a40653fb359a802ff7247693f1b1ee97f995a42,102,4,4,-5.261324,-3.140812,3.2678308,-2.7040963,7.7484865
107,train_images/8ac0c44bbf24.png,7ab093ff2ac69f5c99b4423053628e6ddb98d7dd6fd3ffdef9f7d06a0b1b77bf,107,4,4,-13.008957,-8.090933,4.4428368,7.535594,8.944591
110,train_images/f02babb3a023.png,dc192b0d39599a4748fc05ede6fc659eea5bf3bb6fc2d06b14e59d1525a5d95c,110,0,0,12.010852,3.662099,-1.5511215,-8.645295,-5.447909
116,train_images/3dbc90c7ee7d.png,67e68aed22d7e28bbcbe224a29229936e800797753e326c640b786423cfcabc9,116,1,2,-8.715939,3.4837198,5.470255,0.37911278,-0.75810623
119,train_images/8d4ff745a409.png,a5316afad134bc35d5c90c81f1a42f1d58eda76f57b3cbcdca91e8787a42b9b5,119,0,0,11.938836,3.6043692,-1.7647452,-7.4893136,-6.248348
122,train_images/a188c60b93fb.png,e15ce84e56f689d4c981ffed1b5c17302e7065d50a8c74aa73557f4c7d9d4d2d,122,0,0,6.8092575,4.419484,2.997161,-7.6715484,-6.5333705
131,train_images/720b5f62ce80.png,0cf25d6e14be7cef7ac6af42abb4482b36f2c10e652bc5f15ce626071b1eb7fc,131,0,0,9.158003,1.7481184,-0.9718547,-5.3369827,-4.577773
133,train_images/6cbc3dad809c.png,efd1d94c3d605f12df09ec10367edc50642dbda4333c4e929976c577e5f772ac,133,2,2,-10.932999,-1.6946716,9.874177,2.5487893,0.05264187
139,train_images/4f5dd7660b17.png,af756e08a814b3068ebeef5bef382b42120464180ba0a2d836c4a87a080c29f6,139,0,0,8.473574,4.196616,-0.21078634,-8.015923,-4.3936357
146,train_images/e1fb532f55df.png,fb179a76a65ccbddeb0f33c492ec296324b8d584fabd128f39cc71d4fe11e515,146,3,4,-4.674774,-4.4385176,-3.0908031,3.5498095,8.536115
150,train_images/283c3aeba594.png,d99f8306a6d1524a9eaa3e8af60d8f5f6d5f60e7671179a581a6f25ec0a1ce82,150,0,0,13.576795,-0.24564171,-2.028418,-6.2583284,-4.9832644
156,train_images/3cd801ffdbf0.png,2b155912b3f4bd098536c75f028cb510afb557a11945b7378b5224b39634e69c,156,2,2,-12.723591,-6.6141534,7.0509863,6.7743225,5.311946
160,train_images/b8ac328009e0.png,63d7b5c9ac929e83d6ba6814516b856d42371fd4b1acfb667379a4c7f5f0ab87,160,2,2,-11.746983,-3.9017854,9.5007515,3.0875335,2.8746824
167,train_images/68332fdcaa70.png,3be3e01be679845db3cf85d6228042f9ccd4f0b935c57f798a73e9eb557e9574,167,1,2,-5.535696,4.5948534,4.6404257,-1.7701069,-2.042541
173,train_images/15cd5f52d300.png,40291ede78158fc2cb41e85b10b0ae2003fcf288ad3d7426e59e439818b21d40,173,2,2,-13.599434,-5.7836504,7.6334076,6.4920197,5.066843
177,train_images/80964d8e0863.png,b759ee2f2702c2adbb806e8d786d98d681d9baf9e6dbf1c0fd323ace0b109aed,177,4,2,-6.009819,-2.783368,7.6196747,-1.573013,2.6390305
179,train_images/ed2c06fcc573.png,ca5891fd37d5544f1eaee20e1b081f2cbd8002478fc2a8a88f555a76976e8973,179,2,2,-9.263374,2.395444,7.530596,-0.40728366,-0.37178326
180,train_images/9ba469af2980.png,c6af4994727510c45ed2304c2896efbfbf3dacd5d2c2263395b186c88953def8,180,0,0,10.76981,1.4337845,1.4709134,-7.689053,-5.9260645
184,train_images/dc3c0d8ee20b.png,8df6ecff0ab92a9bce692ce446b0c61adaa10efdab80c2b52593e34003859460,184,2,2,-8.470448,0.78126335,9.726202,-2.6953883,0.5138416
190,train_images/ea588d1e5d96.png,5780521a6454f8b848476e20bcadb6c9a5306ba975358ff060d188591a5412dc,190,2,2,-12.470062,-1.5955572,9.61333,2.4096818,1.8760195
198,train_images/51030843fde2.png,7beb7ebabdfab826aacb68d7a82b3afcc2de28f606c1e9694192e5cbe48baa27,198,2,2,-7.4857388,-0.762228,7.2707777,-1.8507265,2.6965666
203,train_images/92587e494d51.png,e9c6bdbf48cb24e48bec4b46ad9c6db9133a3537cdc6fe6df0565abf259c86b5,203,0,0,15.259001,1.0311213,-3.4471395,-7.022058,-5.746089
205,train_images/a1b28bcbce00.png,0311cfa034fa3c3c46bbdc3057fcd79738c4aa4b4cff7dfc0ddddfcf2856fc4a,205,0,0,6.8917885,2.070856,-0.7191186,-6.255033,-1.9582415
211,train_images/91b7a4179ecf.png,79debf6e6dfd182c4034e34834334d29dafe7c8661ef47492a88cf736b4a7fca,211,0,0,10.243084,2.5348606,-0.41117668,-8.32764,-3.9721637
217,train_images/595446774178.png,9a93a477d03f9ba6d61c08bb054c8b82ae32e1a223120ec49a73b9faae97f921,217,1,2,-5.4543495,4.568013,6.472292,-3.4415398,-2.2579637
224,train_images/5ea9e447bb62.png,41a9b4a5fab92dcc2e0452e9956464b89390adc22059385c3723b8f342fc74aa,224,0,0,10.551009,1.6434879,-1.1514916,-6.6660137,-4.3582125
230,train_images/ed6bd9293a89.png,0d8b49b59fe05e8a729ad326be66cc33755d23211a4b795c4de3898a0d426d1d,230,0,0,11.2172,3.7317686,-1.1244292,-7.1933684,-6.5897603
237,train_images/98fbe56dcc2c.png,ec85e0f9438a1774b783bdba884e37d4b94a4ad7a4d93ec3479726edd370f47a,237,1,2,-8.043121,2.536604,7.8050547,0.9961509,-3.4277682
239,train_images/c1c8550508e0.png,3b26186be5348381728f79c58fe26b0bb8b31f9588df7807eff5cd00ec1f1819,239,2,2,-8.595898,-0.9500599,6.46037,2.8602996,0.10818291
246,train_images/cb68fce07789.png,c4d631423c9fcc239ccf3628a96cb9cbd1dcd8ed2bb11dd46962d0b12669a0bd,246,0,0,12.281247,2.5135822,-1.6971326,-8.828623,-4.237999
253,train_images/0b2ea8f268cf.png,ce4767ae3fca02a98c0349e837fa4247c5c91557a629df368ca00daa99b60baa,253,0,0,12.167201,3.0544062,-1.0592265,-8.974357,-5.1164956
259,train_images/174db0854291.png,3e566ac8c1a916b23606dde41cd07324427c21c3c92c8fda73790c6d0c44f885,259,0,0,11.323869,-0.106248856,-0.20504045,-6.8425994,-4.148854
261,train_images/b89938407ee6.png,09ac3d6bed0abf175a518feb782b7b813d064944c4ce132de73722090b24a499,261,2,2,-3.465765,-1.3618412,7.422969,-0.022505164,-2.6323023
262,train_images/ec4649213ccf.png,e31a8e41dee580accbdea40ba8e70a3e47a860cf49755c97326cc591c8dd4c67,262,1,1,-2.4865685,6.4558296,4.264779,-6.564653,-1.7342463
269,train_images/d7a01fca9838.png,7da803f51d3647b481e1a3c0185a7bf01af469db40b8a31989d684bf11adf750,269,0,0,13.97366,-0.7889528,-2.091514,-6.003426,-5.031158
275,train_images/692e946b1f85.png,0dc8aba96f86cb0f0b554c9830c529303328e002be3850e3114f1bb40d6e90f9,275,0,0,12.327168,2.1146736,-1.7390068,-7.768002,-4.9231668
279,train_images/ee78ce914066.png,0117532d34ca6b99984048a1ef1781f6f4fe98c0bc93c028422784737b0e9567,279,1,2,-3.5169601,4.2037277,5.179657,-3.892436,-2.046123
286,train_images/2fe06bedb2c4.png,04929bfa62af66b88089623760eafa265ba8b95b02872c2a6f08e90f5b88439a,286,4,2,-5.919176,-0.62402916,2.6038284,2.128558,1.6834965
287,train_images/b69c224edd6e.png,369ad5862b9395e3eefe91adefdf69c84e25b71581386574ecc799429bf42b39,287,0,0,9.555714,1.4591827,0.78909445,-7.171078,-4.5922694
297,train_images/5e7cc6ab4ac4.png,cd7a7b691c4b45c2a479fb90aa647e3111a8589a5c2dfa0baaccc22110d5a63a,297,2,2,-8.553978,2.7845306,6.765108,-1.6897761,0.52872753
300,train_images/03747397839f.png,995dba76485e5c43bb38265247f24328edc957757f8166268be10a9466216d1d,300,2,3,-15.288303,-10.554826,7.5926275,9.913084,8.1268835
303,train_images/eadfc8809ec8.png,6b10e78463c16fe9a15f5776a8aed3ef6269d1aedd214dbf32ad5cff8a2d86bf,303,2,2,-9.275185,-3.161831,8.852943,2.0814795,1.3640184
308,train_images/5728b8aa98ef.png,a8e2e288e172c203fba914ff35dbbb82384879d77df6a486232fa5e6bdc487c1,308,0,0,10.975829,2.5355816,-0.9993887,-7.5825973,-4.8957253
316,train_images/484dbeb9bf2a.png,5da2858c1f71a214b2741fcd888ddade478427346adf866742faf8fea2863577,316,0,0,13.694411,-0.09703064,-2.8055952,-6.6072755,-4.135525
320,train_images/f2c0b41acd05.png,f52936a0a584e953e0a73a7c843f3f03321ebe5219b1294f18c4fba7e5212841,320,0,0,14.863754,0.07484722,-2.751732,-6.5488296,-5.572527
324,train_images/52dbec057cc8.png,93a85b2e63923cc617f3a8c385fd7001f699f9246f84381cd068723ea89dd3e1,324,2,2,-3.0691452,0.035411835,5.904336,-5.2147684,2.2638006
328,train_images/59bd19c1c5bb.png,e1d2216796ad9db27227ed159035d331159c57b6ff9d31eb5c325d79bf6414ce,328,0,0,11.547541,3.5098515,-2.2662573,-7.963761,-4.7985783
333,train_images/cca626a0e19a.png,3ccd3e828aa4317aaf74956f7bb5b99df5e4082950dee58a10f327bb8fe1ddcc,333,2,2,0.32400703,-1.282011,3.530079,-3.6967888,1.0923176
335,train_images/291f581d365e.png,4a5a59b6dd7736e2b90c5070c2657228fdae72dd11c82a877cc17d184abb7adf,335,0,1,1.3405609,2.0875444,1.6668067,-4.669247,-0.46509075
339,train_images/f09fd9433dff.png,75a4aef18f9cc1dc9d7c0c4e636df6c90da906d564c4b8cbaf5da71e082fd8a3,339,0,0,12.991597,1.0544891,-2.0695863,-6.7450137,-5.181919
344,train_images/41960d5f58c2.png,374ecffa1c3f69f04b69ff7a632e73a1be5aa292d9fdd5379349e0d73e7495bd,344,0,0,10.053425,-0.45262814,0.6330204,-7.204287,-2.9775696
349,train_images/bda7ff3b1562.png,e97988db664de2c6a7c0953999b4e1696d3fe53195d256fe6d410299d7dc300a,349,2,2,-6.8109303,-2.9185638,6.5828333,1.8558202,1.1590681
356,train_images/1e143fa3de57.png,d9693f423433ba9af946e90eb9c4ef4ca1437c9be236e3087d8decee8a86835f,356,2,2,-12.173573,-6.379203,9.711538,4.2588778,4.394349
364,train_images/973b0facfa9b.png,f9b03670add4fd20cf45d90658924289e51ef547724f233ec4f956a267b2516a,364,0,0,11.833562,3.2866898,-1.934191,-7.210591,-5.9424624
368,train_images/ab50123abadb.png,b759ee2f2702c2adbb806e8d786d98d681d9baf9e6dbf1c0fd323ace0b109aed,177,2,2,-6.009819,-2.783368,7.6196747,-1.573013,2.6390305
370,train_images/9a56cfb980ec.png,1523ce95eaac437dd0f89fd1fd8820d7994a494d73c94b5a93f451e6228106c0,370,0,0,13.748362,0.5440197,-1.9626074,-7.739508,-4.5424175
379,train_images/4ad8d3ec8789.png,0ae10118f919999cdc53ac0003a698891c124f71281af9e557bf44a3795aa7ef,379,0,0,12.062797,-2.577591,-0.97682667,-5.907963,-2.5564084
382,train_images/dfea19863428.png,af544022ebcb32e36799d211e548bc091a59ab10f9c5e8a8b40b63ebc0325311,382,0,0,9.828695,-1.0377417,-0.20500517,-6.6523657,-1.8703017
383,train_images/921433215353.png,071387b933359dadc7d6a87bfae2842382428cd56772c74770f2225c1f7318dc,383,2,2,-10.509556,-1.0240669,8.057473,-1.2321409,4.54482
391,train_images/a56729de89e9.png,abb51e073519dd2446e1fb5e08e3b738f261725817d6b9dfaaadc9d5eabb974e,391,2,2,-7.646351,0.3606224,6.608053,-1.4130672,1.9205151
397,train_images/b99c825b93c5.png,c58f44f12d0b5bbeccb3887dfd454bc3ab5979dbaa8953f267cfa35c7b22fbb3,397,2,2,-12.692051,-2.7759972,8.648481,5.2889366,1.3622208
401,train_images/af828dab3ffc.png,ee1e2fdab8578e2d4c6f9d72f62fbadc258502d0491a4ed0912f21245e3d4f8f,401,2,2,-8.178799,-1.4655943,7.5970078,0.31348008,1.6094103
404,train_images/a7c10ca6c117.png,7f97d4ad4b0c6ef4dadaeff9d88b2d89d7b6828935b8ab35facd6a838cca95e4,404,0,0,13.057248,2.51221,-2.2738247,-7.6487536,-5.60196
413,train_images/f64214bed40e.png,d5157d85ff50bee5988cd60c310718f6959d05ebfb4d5332c3a4a9a68bf51e79,413,3,3,-12.052616,-3.9865975,5.556823,6.006427,4.3031263
416,train_images/d6b109c82067.png,5c8018f3c38b073079501fad1132aea215f997186d72500dda966cd320f8852d,416,0,0,11.944541,2.4724264,-1.9368289,-7.6327376,-4.8053718
424,train_images/7131bf4c9e6f.png,bdbb14ddefb382592b88fb7797e9b3ecab41c96521d37e7445f9da0a3c05e0af,424,0,0,7.924589,4.902937,0.8676543,-8.304835,-5.362526
431,train_images/6a2c3f4ef329.png,4579c9f939b9dd5dff2e272ca6582648085f53af086b4aa12fca6db3d3d598a7,431,0,0,9.783189,-0.7207165,1.5468755,-6.358321,-4.1731253
434,train_images/0dce95217626.png,b64e7f11e5c1faf9d5b58fd79dffc209a18e9929c93a44b84fcd130bdd255e26,434,1,0,4.159382,3.0406551,0.44348526,-4.737873,-2.9095407
440,train_images/f42b693a9414.png,ef531eac5f69d1acbaec1a2f9e9ae8925af9e867e5f6bf5c6ec7259bdea5d15b,440,0,0,14.524526,0.51396847,-3.2375515,-7.148434,-4.58193
444,train_images/7a06ea127e02.png,11794a6ba3057205328abc88cbf078f992d701ea2d1230ffdfdec6f04af72ed0,444,0,0,11.092959,2.9184246,-0.85287666,-8.648102,-4.4870744
448,train_images/39fd8ef3a45c.png,3a7847fb83048ae61e5d6fe8524d8269bd89aeef83a05fa6038267a575a67917,448,0,0,11.301858,2.4566202,-0.79858637,-7.5417295,-5.380538
454,train_images/6b7cf869622a.png,c51e01680d7ad830f4591432953eac494bc98c172d9b97e781395ad26f8081d2,454,2,2,-4.0292835,1.0726509,8.177977,-2.8959012,-2.3867812
460,train_images/6a905a7202d2.png,12b5f1b298b1b3d66c6d9fa6372c01e1538677baa66753c32324143c40b35747,460,0,0,11.378909,1.3467512,-1.3400803,-8.514808,-2.852664
462,train_images/22449af52060.png,d2dc682c757eca02d89cc60fa289e500710c99a84af37a45b1e2f204161407f3,462,0,0,13.834928,1.8396788,-2.487091,-7.4669356,-5.663273
473,train_images/63c0eafd6aa9.png,e9e6dfc06ce89c99a49f00231aabf650b9f1fc92e6f5d5328f38c2ca2fc1c093,473,0,0,12.697499,1.4571943,-1.1728044,-8.35968,-4.5710974
478,train_images/bb11db08584a.png,29502ef8fa00753a37472d26a3732cdea1756373d7810cf32b9c0528c6eb2bc1,478,1,2,-2.5755558,2.8635302,3.1992302,-4.2792873,0.74389744
484,train_images/0afbeeef0ff7.png,189fe280f1017599b78b6bd7e7b4362eda2c865ef9c1bf25bb3836bb3b7f95c6,484,0,0,9.424718,2.0076132,-0.61164236,-8.08077,-2.727017
489,train_images/0ae2dd2e09ea.png,3a9753ebb23c971263daa6851bbc2ad6558f10df26a82453925d28939ad6e131,489,0,0,11.009382,0.874012,-1.1170926,-8.350705,-2.3731642
494,train_images/1caba2fb38f6.png,21e7412d15b68729cc3c89614811584ba9809e1bca6ef1564054f57a1484f787,494,0,0,12.086843,0.57006264,-0.9173031,-6.7964797,-4.90983
502,train_images/6cd606dc52e9.png,52fa022fa7d7ecad954b7a8d9f54f7f934fdcbefc0a48e410621bd3da775d3fb,502,4,4,-8.162102,-2.5960822,1.6419768,3.0060859,5.95897
503,train_images/144a1a426137.png,439dd2ec4149ab75162d21ac9fecc7d934f86f495137a6441f9259f8ee20e017,503,2,2,-0.28892708,3.0047207,3.3858147,-4.8607335,-1.3381329
505,train_images/36ec36c301c1.png,5ae31f1a7a2499890419d0c6e275368f4c36324686c64e58ff2b7b8319c36f75,505,2,2,-6.2423267,-1.2668753,7.7721205,-2.7159047,2.3216991
508,train_images/ae2c3f6312ef.png,166c1bae54070430e62ec2c259491360958588f92797a2a5b37f854df57a904f,508,0,0,10.962422,1.1437368,-2.6645854,-8.0786705,-1.3283587
513,train_images/e60e4edb3ca9.png,05e86f2dfc3ae4f94a9936e8368b2d76fbc2dde28525b283c2c912e1988b5fbf,513,0,0,10.555729,1.2672758,-0.5444851,-6.0647626,-5.194699
521,train_images/369229040a34.png,210bd4bfb3d75e51ed8e384ea48f61c72608ca8396dd948b356c1e12ee0e6e3e,521,0,0,11.08531,3.0444384,-1.8600328,-7.598598,-4.664254
526,train_images/4eabad7948cf.png,119efcde8ab6eafd36d00f54c037e483f6ab54e261118f56c1ae545558eff20c,526,0,0,13.123571,-1.492938,-1.88185,-6.5862885,-3.104432
536,train_images/cff262ed8f4c.png,2445341e543ad2e1b8c7422b0f91b48383448cde4c4a8aa5711247fb18a9e4f9,536,0,0,7.2760925,-0.30604267,1.337225,-6.8017573,-1.4677715
539,train_images/be7bc89f5fec.png,54ece05eb1367d608c1291f16db33b9cf97050da5b49519837c51d3ea3a01ffa,539,2,2,-7.396721,-2.4735012,8.57763,-0.5188931,1.6896544
541,train_images/8b76c3c5cb3e.png,b11babd97f60a7a3b69400c0e5ffda5e28ae7fe0c654a62dacb8da2754a28910,541,3,3,-7.090481,-6.4589643,2.2621827,6.674626,4.4724016
547,train_images/9985375d709f.png,59b970bf4da0484682a33107f1896f659d895ebeb417aba9d57cd79bd72098e3,547,0,0,11.0252495,2.1992378,-1.066814,-7.55277,-4.578577
550,train_images/e0d229db881a.png,5c3eb20544053d532ad1ae8f96107591311dc047d7c1745e3896e9d2e8e5885c,550,0,0,8.61699,1.2579489,0.45694256,-6.8323617,-3.5000958
556,train_images/65e530ee2e79.png,aafe7af8bdbcc7f1363bdf21933595d1e438ab62e0cf002e3202fc77e0fe4489,556,2,2,-1.0067139,1.4219809,5.4287653,-1.7886709,-4.1031666
563,train_images/32ed318235b8.png,a6a470a5a45d501fa2a0777964b1b7a709eb962a87bd1c52d88a475d629eb414,563,0,0,12.999876,2.007904,-1.9673107,-8.198463,-4.8055754
568,train_images/86722fcd802c.png,660bf59ceefadb0651162d7c8bbdeb938dc9397cf821d01421b46945433314b3,568,2,2,-10.240364,-3.6980934,6.213277,4.76616,2.8354006
573,train_images/8543a801dce0.png,124fbb53510f23ebc9aabb7e9d92258602b65a8ce8e695af22c3bca19634297e,573,2,2,-10.131405,-2.057228,8.638699,1.6000127,1.7792053
575,train_images/66bfec8d6bcd.png,60a81873069f0844a3ec1b8c45fc467c84b27f57390858c4edb868cd6831aa79,575,0,0,10.538298,3.911193,-1.2961273,-7.365561,-5.7676506
577,train_images/d25b8a8ad3c4.png,fcde385d589e1be2c8173d9e2abbf829047f644fe37c8954160bbe14932e5336,577,2,2,-8.008499,-2.3233666,6.0289154,1.6963763,2.4762697
583,train_images/3f6bccf21ce8.png,62c1d573727b2c39974c6d2c0436d9a257112ab9d1e0da3111d3580cd90253a8,583,0,0,12.002301,2.2539005,-1.1228628,-7.669351,-5.4275117
591,train_images/d1b279cc02ae.png,6915555cbfe256ea0da20aaf373ca004f6e3dd550e3f410d7587feb845ce7471,591,0,0,13.803954,2.8277178,-2.0767493,-8.852568,-5.660334
596,train_images/1411c8ab7161.png,1213a26d8bfa7d2f2353cd74227b3d20c4c68f85c84efea05674c9ea40aa536b,596,2,2,-9.84528,-3.5242538,6.78508,1.8965833,4.529971
601,train_images/bf87aedf2489.png,9ef958cc936bf5be58d23e02fdca59113ce311697f401722a6a84870732fcc4d,601,0,0,11.433681,3.474244,-0.9976568,-7.8365884,-6.033003
605,train_images/9122b31414d3.png,881ebd6d9f2b265e40a7aa0a27393699764bb82cbccf20e5be85828a8403a0f9,605,0,0,11.571151,1.3729391,-1.8345504,-6.86233,-4.2470345
612,train_images/936299166bea.png,ebd6570376af00e57efa4d2dfbf0854d06aa875f6bd6edb8549f08dca258c0ec,612,0,0,15.02634,1.8772173,-2.5043674,-7.982776,-6.3522596
615,train_images/870fbe6eaa68.png,0f3ad09779b61f2370a3c2bd3526fc2eca310a5c387f2dda52afbf33e0ac35c8,615,0,0,11.008133,3.2129078,-1.8269093,-8.09937,-4.293594
621,train_images/f1dc26c4bfa3.png,4d930ccc7c774f2c0bb23be92eded8b0a548a1f4c67f7370fb8d13feff5fdd5f,621,4,2,-3.6528683,1.4405289,6.63883,-3.646492,-0.8798685
624,train_images/aad0c0ee9268.png,67892f888833b8ad425bef3cde2f9d38503ade4a8172e591b26e7a5ebed11672,624,2,2,-3.0839787,-1.374238,4.704586,-2.738608,2.361371
634,train_images/15e96e848b46.png,b9d874e27d4d773551f1ed17fd4bc12295f61a3230afb26da63b712425b58d33,634,4,3,-9.604412,-7.1759796,5.779499,9.313333,1.5418129
639,train_images/6a91eb157f47.png,5fd4a67f1453bbac5f3753bbbf0456a11bc47bc3015bc9d848454bda34f8b330,639,2,4,-13.133076,-5.1990743,6.5303526,4.392545,7.1804686
648,train_images/ab724603ee93.png,bebff6e1337b4c474f0494eebd90c548e3f15945381f3c84fd1e1faa58260cf1,648,0,0,15.673328,-0.26870632,-2.9087827,-7.286053,-5.1293015
650,train_images/6b66b0e86f7e.png,a8b93ae26d78baa582a1d37915c18b22f3303ad0b463db652323617e31250cb9,650,0,0,11.570004,2.163622,-2.0348196,-7.8391967,-3.8469143
658,train_images/1c13a1483f4a.png,094613f28258396ddfd3fcc17f50e03a6e72bf23c0a370e85a8b5429ccaed3c2,658,0,0,8.40852,4.7036085,-0.16120863,-6.1836915,-6.7638636
660,train_images/3f98be586fe3.png,b39099eaab7b3c23f593b615693f35a5d424979870e863a7dd727e117ebba8c9,660,0,0,11.54437,3.7560139,-1.9378042,-7.7313943,-5.598826
669,train_images/99ecdb41d5e7.png,84dd8e723f1c3aae98231ad77b30ac22ffb8773290e8dde730977c825e89dd0d,669,1,2,-1.5924721,4.644392,4.7362823,-7.368567,-0.50322247
673,train_images/55eb405ec71e.png,6c7e3df2db27274cfc23a443feede171d0fc88a6d1347c3496eb9c61423c8766,673,4,4,-6.9920635,-4.0782647,3.8730488,-3.1696262,10.206231
678,train_images/4036471a1bb7.png,c169b615fc3828c0b27effebb1f641055881c25478ec98f9ccbba4c5b1fe528d,678,0,0,13.885514,-2.89394,-2.487438,-5.4613013,-2.9815335
679,train_images/7b87b0015282.png,9c344b76aa0f68ae3934b2da00ea079961c1cccc13b84791b73a96fa274b032f,679,0,0,13.174109,3.3635712,-2.3074262,-7.414842,-6.767445
682,train_images/d801c0a66738.png,3be3e01be679845db3cf85d6228042f9ccd4f0b935c57f798a73e9eb557e9574,167,1,2,-5.535696,4.5948534,4.6404257,-1.7701069,-2.042541
691,train_images/20404ec7b518.png,e96eb3f16c136627c5051d4960dd84afbf960b61affd788d8afc0a9b4675d303,691,2,2,-7.457964,1.9542398,6.1360226,-4.2520885,3.4928885
694,train_images/bde1063a5dd7.png,8cfaaa0e8c9e83521f12df4be2d893c0002e11bcb28b68dfb487b96143a6ddd2,694,0,0,8.059036,3.7753735,1.7552276,-8.661877,-4.8677416
700,train_images/3c72f580d4ba.png,e313aaa3b54134af6a6a7780023d021144904810d8d8c6dcc63f15fb470ef24a,700,1,1,-3.3485184,4.884652,4.8716803,-5.1668315,-1.3540487
703,train_images/0dbe6c26cedc.png,fa43c8797f3fc7ede848a5bed9f47c226694730ae0af003bda9d371a308d0401,703,0,0,13.7621765,-0.11269951,-2.6166227,-5.1888,-5.7939873
708,train_images/35777eb7859d.png,9dff1da93cc0ed0dd8790675e8eddfb0b4a32904c6060c02a909874778e58211,708,0,0,9.561803,-1.3644276,0.40483427,-5.2588696,-3.3009748
714,train_images/a70d0f12a641.png,3d5467f83f69363961f191634b523607d7ba1e406da6e3ae6e301cfe160c97e6,714,0,0,10.983434,0.36618614,-0.38015413,-5.936827,-5.006583
717,train_images/5299a532f0e0.png,a596b9a4cfdb8f3c9cdbb578660a10a4beeec0af26d19696040658ac5ae3aaf9,717,0,0,11.364404,2.1273737,-1.6594398,-7.4269404,-4.3830876
721,train_images/42af7282349b.png,4b184e5d3f57a2d7ea421f7994a2eb27ecd94976edbd8157a7e41b77e0a1d6f0,721,0,2,2.2656975,1.2473164,5.699072,-6.155639,-3.0638433
726,train_images/bdf47b9f10c4.png,26bbbebf6f67fefaa7c05f53da0a0581e9c9dad366c1f7b98b87c906c46a06db,726,0,0,10.721353,2.784193,-1.3551645,-6.578752,-5.554264
730,train_images/9d75de31f1b8.png,64337aa60c8b6e1120dfd3dcf171569222cac9fbdf2166c21c5b7b5812d7eaba,730,0,0,11.518127,1.9761276,-1.0896654,-8.39357,-3.9876156
732,train_images/870f433e8f37.png,df6c98a7c00d19872b1951b90f9ba10eca025ac00f4fd0768324f74a1f018d4c,732,0,0,10.932489,3.145834,-0.8299875,-8.011659,-5.2016444
738,train_images/cfed7c1172ec.png,6e576ed4315f8980ced4649825588d9cd2eb5f1fcac45af20cc2f03a1968d081,738,0,0,11.514822,3.288144,-1.2307205,-9.229148,-4.304405
743,train_images/f0e1201b5c1f.png,516ea7477b8b6c0a54fae04c8b038dcd5403b387f9563a38808931a03028c61b,743,0,0,13.9743805,1.713234,-2.4259164,-5.944657,-7.251471
751,train_images/be7f791a7877.png,3f9c0914381e06c7423b02ad3cb81ffc34269a46a01745bf35adae78fb88fbec,751,0,0,13.402295,2.5800085,-2.4678578,-7.124432,-6.34463
756,train_images/06586082a24d.png,40a5e8858e5acdc785e874549ede3b8f7f3bba80a8cfa0eeea60e20ae00b6b80,756,0,0,13.609792,1.0033627,-2.4944239,-6.740026,-5.3312244
758,train_images/175dd560810a.png,7a275ab3a497881a4fa92bef662c22f1acd481139a4d8fca3f5541b84b78fe16,758,2,3,-6.6045837,-4.930469,4.2673435,5.903171,1.2475262
766,train_images/613028ede6a0.png,03c17d378020b26bfac51e530629c3025ceae6677621a0dbe6b67900ea57130e,766,4,2,-12.174427,-7.822734,7.485403,6.337943,5.9784155
773,train_images/cab3dfa7962d.png,e690939eef66ecdc312f57ef290d84e73947f0806e585a116da1b3cea468cae7,773,1,2,-7.000139,0.64684105,6.995985,-1.8153845,1.0488672
778,train_images/b7a1bb106051.png,b7b274d9293d1db5116ce92bfa38404e9d30bcb105bdd76fc7bc7c7d7028120a,778,0,0,13.0895,3.0516853,-2.3257837,-8.577561,-5.195527
780,train_images/cbc2e57447c2.png,b1b6646175257813239a48c013065d101562b40cd6ca5d929e8d1116728fbfa3,780,2,2,-12.418415,-3.4263225,9.600947,3.1424437,2.9466429
782,train_images/d994203deb64.png,90d799f53575cb8c72f9eacc3f463fed94e0a1d2b7b687ba8a297324854e6f6c,782,2,2,-11.486599,-3.2949061,7.010951,4.7849555,2.7937956
788,train_images/025a169a0bb0.png,d8074b52b95ded42d68fae71f524fb25c24d02bf8969a40894db4a9a6262959e,788,2,0,2.0503464,1.7681799,1.7468042,-5.058753,-0.583333
794,train_images/d26bc6e1230d.png,dfc4e03b7bf64b9aad94ae7ca97416daa56b566bdf15197396e0220797a9ae34,794,0,0,9.181328,5.4472733,-1.4710724,-7.9853396,-5.1753607
799,train_images/4731e708ede3.png,71c7faf0457f2c896479ba0342603fc2f0372d1deead57c443fe8ec98a45c3a2,799,0,0,14.666086,1.7268829,-3.517396,-6.630347,-6.180092
804,train_images/ec6f1797a25a.png,a0178618641fc9ceec78529a603a7527d9a43a6d9350b63da1019df4d8b1cb89,804,0,0,14.297298,1.6793442,-2.411803,-7.6391177,-5.872632
810,train_images/5e18af29d812.png,17879532018a13e77ad3bfd64d030de9e4216873e2512d8592b49c1a498933f2,810,2,2,-5.3065166,2.5233269,7.542572,-0.3884312,-4.4755306
815,train_images/2628305cbb29.png,1788ed5abfba96877edeebcfb902deed3a12d9295e59810bb02ba8e944944e7f,815,4,2,-8.661011,-2.393489,6.8218756,2.7328386,1.3729763
821,train_images/022f820027b8.png,a196f41feb0ec3f7de490e95fbee9aec4c48153630e9c75c6edbf103a92d3ade,821,0,0,13.790491,-0.6488285,-1.9761579,-6.8330245,-4.269956
827,train_images/1120f6d08d95.png,e993305b5f823bba61b5d3f8b489195f3e196dec4e56a4af94fcdc459fc6c0f6,827,2,1,-1.0651703,4.228572,4.194663,-4.1181884,-3.3178444
830,train_images/e7fc93ac5b6d.png,074f465f24752990c860c04b25bf936a936f1ea5bb44fb2e826058a167d31e9c,830,2,2,-7.660967,-0.027492523,6.838481,-0.26970983,0.9878826
837,train_images/99c626e58464.png,59108f324bda498d76f874f279c1736e4d24e0d163f7a482e734d1ee2ddfa369,837,0,0,9.343092,-2.0528584,-0.034183025,-4.436132,-2.8055468
839,train_images/269f0792f11f.png,a0d09714a6b3efdfd74fdf3ff0262fed9ba049ea41ac2dfb62aa027df2376729,839,2,3,-7.29484,-5.794318,6.5491877,6.6969147,-0.2930708
843,train_images/8e4a354e3da2.png,6665d0d5129375afc57bb24044f2e0ef0310ddac83fcb7a8e475087fd0edbff1,843,0,0,12.090949,-1.4295025,-1.9580946,-6.308458,-2.3687015
849,train_images/6504b703c429.png,0d7dca8f89802b537ec3fdbcf8d784910698be7669d34b953a59579cdd6f6731,849,0,0,11.125556,3.0065184,-0.5058427,-8.12534,-5.4544888
857,train_images/d1f1ea894da1.png,43a73ad7b51fa957f130a3c7dd73e0f98b7f80cd081c2d4b295f8af29b47cc04,857,2,2,-9.632885,0.7026663,8.076677,-3.4663482,4.190406
863,train_images/d41b33fcb94f.png,d5b496d954ce51d69f3a96af15bf9641d037715c422536d9f39caaa2b633c486,863,2,2,-5.5676003,-0.24840641,7.114683,-3.497264,2.0645018
867,train_images/7e9458de5707.png,a26714e8bc6050589b765aec85febf6270fab9b637b67efaf803f2aa7aea90ea,867,2,2,-6.5244846,0.36367893,5.5247107,-0.6669173,1.1980724
872,train_images/2b07790a2422.png,2951a2fa27cb5c7f0cef26b25dd84003fc08e3b2e0f6a4525f511a13579de12e,872,2,2,-5.3152676,-2.5005555,4.568247,0.47158504,2.6335707
874,train_images/a1eb88562239.png,e6915f53dd307013e0cbfa771f9ace92bea917c54e317a665db96d10715dae75,874,0,0,11.4311695,2.0488796,-0.5396528,-7.502026,-5.391226
876,train_images/28f98cfe3858.png,53084a09d38e3c6e7cf21e88dc3b022706e48ab1716627091e8ba135b59a3822,876,1,2,-4.487715,2.8988113,7.623431,-7.145533,0.9845886
879,train_images/573ea80a53be.png,9f49e65d76f21c569262c69a2b8b6cbb9f98f3e04cbfa4eefe8b988547406ff3,879,0,0,13.491914,0.0022907257,-2.2175238,-7.209065,-4.012641
885,train_images/4d1cf360b2d7.png,d7cac0c45b547700be034c095c5f622f8ff0584382dc2df4dcca093cd3233814,885,2,2,-8.341671,-0.04543209,7.926778,-1.7051498,2.0034018
896,train_images/237aa50edc34.png,a5b64dc103c92dfcc0a9c55b9982d7210d0482e603582cd86fb89ca90f03ea80,896,0,0,12.53638,1.7251396,-1.4494524,-6.5431323,-6.1772647
903,train_images/437cbec4a3f8.png,bb78ebf0878129250d32f70d2324c25db0afed21cdc7491f6f1f097880031686,903,2,2,-10.4781,1.1309977,9.644242,-0.7118038,0.2790432
906,train_images/2d3f4094c08a.png,c32ef32795583cd3e14c1de9cccd7d30f17822ac815ee3d75b8372a4d2f3c2b4,906,0,0,14.588865,0.38023186,-3.0930634,-5.7617497,-6.041937
912,train_images/45369821d6a3.png,a51f0f8a1a2e1ea7487ceecb66986f8c3c60ef551cfe8ded09d27d4526ef36d8,912,0,0,13.17386,1.5032816,-1.835896,-7.442041,-5.3521585
919,train_images/2f143453bb71.png,f036313889b85bd728338e4fdfd4d3ce2314185ddafa5f3bf4a27c181f96d7a4,919,0,0,11.218561,0.31454945,-0.1270814,-6.5709777,-4.7521844
925,train_images/a2b97d98f130.png,20b8ff62c475466520367cc6831002f76d17536dc9c6684aa4d63629ee81ca09,925,0,0,5.06188,2.0696344,2.3249683,-4.050212,-5.391807
930,train_images/b460ca9fa26f.png,edec5ed699866a17267ed8efb59d6a455e008ec7903ebf1665a2baf6d253d873,930,0,0,13.160113,2.9228506,-2.343347,-9.1729,-4.541728
933,train_images/6dc07f968794.png,316332d3c4af59367b43de8bbb43ab666d25bbbb55168708e783c251517b7357,933,0,0,10.4198475,2.0345736,-1.1674657,-7.9930987,-3.2701082
936,train_images/74eee788edee.png,4b607fe21e2b3e0cd2b716f1a83ff8743519d0daa8b2952a6e7d9473223d4411,936,3,2,-9.663784,-2.3398051,6.535103,4.202012,1.1171913
942,train_images/cae51154e1ce.png,d051c47a120c777b1f609edd2c6b47007a38fe3616c4777a911167686992ed54,942,1,2,-6.5421753,0.5080967,6.7639875,2.1977553,-3.0182343
948,train_images/7526c59c36d3.png,c4ba84895d8235406e1bad51fe11f90523d492ba9a5e746e9dbd33f4dd20b6c0,948,0,0,12.262882,2.7977867,-0.77427197,-9.17964,-5.060028
953,train_images/ff631653374e.png,b30741057737bd526d29603e7ec0ba025493411f9dc5fb1d3c97cbd26e871ebd,953,0,0,9.171666,3.549797,-0.70650864,-6.516683,-5.486003
961,train_images/7ccb267fd394.png,080257579826ca840dc4afe96e68bca9fc58937c5c1f4274733ee3f4b72dd053,961,1,2,-5.7355175,0.8764572,5.4179173,-1.6632081,1.0091105
966,train_images/f002ce614c59.png,8d205a6a67267660b0b8edc230e7576f22938695d6ff8215b77ce88b988bcf50,966,0,0,9.501536,1.1045704,0.21031857,-4.5950546,-6.1738863
969,train_images/f91cfa82b9d4.png,576eb48fdfe1be325ed2027928c1790431820a7299a5ef7524a98e777958fde0,969,0,0,13.349427,0.5663538,-2.2012835,-6.676215,-4.989668
977,train_images/07a1c7073982.png,0fa138526248a7a8518103a91e3055e2a5354cb07f058603202f3895434bada7,977,1,2,-6.9047985,4.575364,5.229514,-0.5812017,-2.459166
980,train_images/b6bfe9db60e5.png,39526c967e24444086db5e684d94d7ad8015392f4182eecc1d3c0da2a66d274f,980,3,3,-11.413948,-6.2611284,6.827277,7.92977,2.7477684
986,train_images/f7fec8935126.png,0757c37cbcba8f12c151f2fcb14338cfd8a3726ad497e96ac51838ef29614644,986,1,2,-8.360165,-2.083747,5.28642,0.8921393,4.11195
994,train_images/2f8d14a7d390.png,7c43165f62bb99b47b754cfa1527348ff187fb6608a65617e03513cac832c3ba,994,0,0,8.09782,2.7293797,1.4048452,-6.164634,-5.9773846
999,train_images/b762c29cf2f3.png,79b7753714597707e033d9245b897ce5d805a3631f590f70421d78d4176c5df1,999,2,2,-6.7768784,2.6609259,7.021264,-2.1996465,-0.79307747
1003,train_images/f57cf3b6f48e.png,628427c778a2e1d08a84114ec6190b373e4b3c1ee517adc2b16bd99120496e53,1003,0,0,12.171796,0.4687252,-1.4699361,-5.6428013,-5.4854503
1011,train_images/b7ce561a7328.png,fbe30dc7866816cc627ddf57cd92abaebed33d2c96298ebb54043887343131e2,1011,0,0,11.921494,2.5974903,-2.0121367,-7.267961,-5.206073
1015,train_images/6f4e0538d1e4.png,df7f44c4953df8aef9b14414e1398fdf33c49309f20a75c0658d6964a551f36c,1015,2,2,-5.4962883,1.9339609,7.0619373,-2.0284834,-1.5522804
1020,train_images/6cdd0f985270.png,545badcd89dd102ce071f396f91c162a3c0a8feb70a35a6561164a759beeb4d9,1020,1,2,-8.101284,-0.8165693,6.85456,2.831414,-0.89762306
1022,train_images/d99b0f7dd9b9.png,a7676ed7fe931fb283866724a649f5d85a536a43ca90917e2869d7d9b55aa883,1022,0,0,13.964569,3.5193596,-1.7800934,-9.434466,-6.2185864
1026,train_images/f69835dc7c50.png,81874bbc82faf6ea815cab414d233c21dcfce8801c8bc9a1db2c63ac395dbf92,1026,4,3,-13.414852,-7.616162,7.2462435,11.310518,2.2824926
1032,train_images/47b756014447.png,9ceb9bf8bcf927ce3a7333806683f7c025db007f23fcd92a810b261679774b19,1032,2,2,-8.288326,2.4990635,7.4013767,2.0874305,-3.785781
1039,train_images/711d1480d2e3.png,b081972df727467a5d9110346c7302a09ec689220f9054f378722c65b7a734ea,1039,2,2,-10.726635,1.2978516,9.102888,1.6906737,-1.5119371
1047,train_images/a06e41bd2634.png,5812cc02f3c26f09bb0044c5d934ef1bb380f0facff1a4526da1c5313f9c6aa5,1047,2,2,-4.918268,5.7572184,6.568712,-2.6980114,-4.7866783
1051,train_images/537e50fdf22e.png,8324720c43eb9608ffb729aabd9d7f85461430ac40d30188e85cadf425299cd5,1051,3,3,-12.505123,-6.4272976,4.4120903,12.102615,2.2511091
1055,train_images/de55ed25e0e8.png,0f6dd3826eb347eda705cc65f1641cb00543e417484885875adde533eb037cc3,1055,0,0,12.34819,3.1905565,-2.0799706,-8.435369,-4.988699
1056,train_images/7525ebb3434d.png,2b155912b3f4bd098536c75f028cb510afb557a11945b7378b5224b39634e69c,156,3,2,-12.723591,-6.6141534,7.0509863,6.7743225,5.311946
1060,train_images/e6f0ce5bf282.png,2932543ac633c45208bce1dea93d1438fb6aa7913af1853dc0cb32d6c97b9cf0,1060,2,2,-12.676495,-4.2036424,8.734763,3.1973858,4.760187
1067,train_images/0981195eb9fb.png,82cda0528444be453760cf62c8adc0bcc083365f6ff271a5520c452d0ff846e0,1067,4,4,-7.6140003,-4.2024646,-1.4091864,1.3132019,11.763108
1072,train_images/5b76117c4bcb.png,c87eeeea3392ba1c66ff3df64cce02b2c05616d6591ed179f1ee7fdb362ad6c4,1072,4,4,-9.242252,-2.4871922,4.336281,0.17107153,7.0723047
1077,train_images/613bacb35c05.png,920b50db0f8d6e73569b7ad6bb9113565fcc3fd102662d3f009e0c74a70ea41a,1077,1,1,-0.7695637,5.3837185,4.2523375,-5.643741,-3.2564015
1080,train_images/6889bc64ab09.png,90e7f58c66b9acc66874d258f535d36e424e6663a88d63c82f1aaaef4a55aaf3,1080,2,2,-12.83947,-5.274507,8.612021,5.976835,3.3551607
1083,train_images/a14fcf84bfe1.png,8371ca7b678381deaf1ee7eec8542430290e508ba7ff882813198451b06f3759,1083,3,2,-14.016388,-7.165,7.9380016,6.011631,7.006276
1084,train_images/26fc2358a38d.png,f0ec5c6e8fd5834799cff311239f54d4c9c53dc460847cf2348fd75763732bbe,1084,0,0,12.237945,3.2819452,-1.397306,-7.798343,-6.2836413
1092,train_images/b46b09a45f39.png,6f3ebb6802bda9a6bfb43474d40297552117892e99fe7d6efc5cabb803759009,1092,0,0,7.2872353,3.3336544,0.52771664,-7.4398274,-3.7311826
1100,train_images/873dcc0b468f.png,01daa0b4cf0055431b8a090f5bc56681a1810cdd28c008f248a12177634336be,1100,4,4,-7.998764,-3.7682166,0.7197132,3.8623748,7.043969
1107,train_images/6dc0281f11e3.png,8ad2b4d3ec8775aecdbbeec5a9f6e382e6bbf8cd9aa028ed9840a26a9c55c011,1107,0,0,10.1176405,1.7260675,-0.90520334,-7.225202,-3.6848564
1108,train_images/9b4fc15df3c8.png,f2f01219e8acd776fe3b01aee1812b18d0348e3bfc1112f674a02bda51b799e7,1108,0,0,11.61357,-3.7059007,-1.7984343,-4.0733266,-2.006372
1113,train_images/d141728fa392.png,8a653d768ec91a83f3b12d15d3edb65324bf05d18780c42a1a1911f5b4042aa4,1113,2,2,-10.839153,-1.004447,9.861349,-0.8335465,2.6434116
1119,train_images/b498b84d383f.png,54168e13fbe2b48ff99ef90381f23df330f08ef994cc337bd51fc78d81e6abe5,1119,2,2,-9.648762,-3.9031014,6.699478,3.2271066,3.4611177
1124,train_images/c25e02b39c01.png,8a8e17ddd777459f37c62f201e17385f537287aeb1590ce9c4f24fc346d1bf12,1124,0,2,1.1853142,1.4587259,3.8731308,-6.7968917,0.19697285
1133,train_images/fdd18ccbbdc5.png,23a0dc2869304a2f9a2bba8d985ee50f332805a65bf38e0cbc78ff2358c097b3,1133,1,2,-0.99337196,3.9364243,4.193697,-5.575041,-1.5949736
1134,train_images/1b4625877527.png,c2910f0d9fa83aa40d7de032076571b487b423f1104ebcc233fc4adea64eb572,1134,2,2,-5.911474,-5.3438673,6.1973457,0.58753467,4.338893
1140,train_images/b9fe7da14a32.png,9ca4b9486c1144f34e5eaafb3676d9e70795d4835d65e168888b8f6d1d525843,1140,0,0,10.9488325,2.8242435,-0.78667784,-9.534307,-3.3889494
1146,train_images/3710ff45299c.png,c56e82e7e36dab3f4241b3992abe99448ddf853976c86f732f1dc1fb25f3b379,1146,0,0,12.753379,2.6670704,-1.22822,-8.064195,-6.0807886
1151,train_images/5633ced07d8e.png,96b8a33e7ad5881085838494e5f07739ba70d13d411edb3d16e6b64d9e025931,1151,1,2,-2.0482655,0.43313503,3.975565,-4.146992,1.7235641
1157,train_images/44e951e45dca.png,5d848f3c1d7dea0d8de9f25af92a0ad6ac65be0d19e8a590686008f6e6037f13,1157,2,2,-7.7615833,4.0898943,7.799035,-3.0337234,-1.2017155
1158,train_images/4554062fa836.png,3039235c3fd8e0595af5b0075144fe56371fd6ff3fb50a9b0208c1b8ea6e362c,1158,0,0,11.625694,1.8893452,-0.6593814,-8.651815,-4.118103
1165,train_images/c6d4e4a3bd4c.png,1c902509098dfb15cb5e261a000c5567d37e58f33b6e75203a18a7419d6a42c7,1165,0,0,12.303255,3.4807796,-2.2759538,-8.211925,-5.256475
1167,train_images/c3e02d4a1798.png,3c72d01afdff4761ea35c1169a7eedef007a241f5acf8dcf26fd0caa4101b9a7,1167,2,2,-5.897949,0.15587425,6.374048,-4.7376447,3.9915104
1174,train_images/f633c474e8b8.png,a8e5c0d4ed138f257dcf28949eea5619bb0e0874aa63784c4e99f4577045c7d5,1174,0,0,9.149801,1.8539124,0.22120476,-9.060064,-2.1686459
1179,train_images/ee3fe7809e6a.png,b333414251bdbf4d05b986a5c30fd47769dd6910eebfac6128bb136b7c4c7194,1179,0,0,13.624615,-0.6387005,-2.5186207,-6.511382,-3.904375
1183,train_images/bc8c6a778cde.png,580e9006b762d775219df1002c90d827f0b4d922986b7bd239a585033cf0d1af,1183,0,0,13.826878,1.4169064,-2.4315853,-6.2222176,-6.533247
1188,train_images/97bf61736b86.png,7edd37e7da64ff0d9a877a8ebf2495c08bf18b4ad38bc5feec88971d5ec33315,1188,2,2,-9.385883,-1.9226217,7.1057673,-1.4432455,5.506899
1194,train_images/0c55d58bebaf.png,d34ba05aaf945609597071e4b8ffaa494ebccde0d4212fe2c089b6a5e8a9ba61,1194,2,2,-9.457741,-1.6172638,6.6176777,3.9702525,0.35841656
1195,train_images/855f0a5442b6.png,3456bedef490705f84a2f6e9f491195c48f7557ce441b48ec3d9b930e59382c2,1195,2,2,-7.809166,-1.3958406,8.343764,-0.47395146,1.1895523
1203,train_images/0083ee8054ee.png,1b2c287718057b4bcbd89117982c509f46300630251a0fc7f2f3dd63bdf71fee,1203,4,4,-9.639343,-4.175189,5.2153044,1.2410951,7.1871347
1212,train_images/00b74780d31d.png,a529d484cf524d1e085604cfbfd5256c59df3c761ccd43bb43271e4e98135188,1212,2,2,-4.382612,-2.793147,6.6030397,-0.44999385,0.9391432
1218,train_images/d91635f380b4.png,1e52f243ec511c1b91aa98eff1a7b242ea6fcb4e245967526396e85a7d457e15,1218,0,0,12.733442,-0.18347931,-2.6591187,-6.2770123,-3.5750399
1221,train_images/af345c68e836.png,c27917554ac438f3aefce59a5b0ec88106e177a73bdbe601ff2583927eaf546e,1221,0,0,13.960633,3.7182417,-2.9381604,-7.815844,-6.8788595
1225,train_images/f0f89314e860.png,95a6d513a8508766558352bac1e4a158a6996fba6abace1da536b37b9e266325,1225,4,4,-15.98951,-9.75127,7.515251,8.386707,9.600232
1231,train_images/1d14dd912671.png,ce5b57bb7c1316065a3aad9d5ae832de2ef2a96bda018e772836485acdbd8d24,1231,2,2,-9.370304,-3.8700194,7.754718,-0.87746584,6.2354813
1234,train_images/0fbbd665431f.png,9f1137c9e1464b3e55c339c7be0eee874878babcbe4fa361c0f8aeb38edd8338,1234,0,0,9.241895,2.8148394,0.048716545,-8.691615,-3.3633184
1239,train_images/ce207b69ff37.png,3ebb7cd904727366390dc52cadb55e0b35bc2f471a018a249c3211384cc5c058,1239,3,3,-13.112122,-5.8740096,7.270918,7.56216,3.975977
1244,train_images/9bd008aab548.png,031e4892fdc244960c3c0aa67e4f90f648057b5f0a1696977172ff8ec3b4acd6,1244,0,0,14.223175,2.3672628,-2.3882952,-8.662139,-5.483967
1249,train_images/999ad827ed35.png,027e63029c36f7684ae2b7126351251a1133310a8595e7bcddc6b138b773697e,1249,0,0,10.575784,2.421461,0.13048363,-7.626243,-5.4851484
1256,train_images/e3a7671f787b.png,45e0b6c1a49e31e1e74ee86527b22abb19af241207ca85c6049dc9d5b3969011,1256,2,2,-6.832432,-1.2246189,8.823509,-3.0628304,2.1481848
1261,train_images/ee1ec90b980f.png,0889ef44dd306a5a81555c315c163aa156f46cecfe5be54b8f3d5de3c117f59d,1261,4,4,-10.297581,-5.067895,2.0502062,6.3652344,6.80252
1266,train_images/b6d9974443ce.png,1d8eae919d112b0f0960c77a8648e5c9315ca372c5a5ad401cce20a3a25b20b3,1266,0,0,12.6243,-0.4256611,-2.223577,-6.724218,-3.2007184
1268,train_images/0e75d51152fc.png,6a6cbdf0baa6c113066521a0837ae98f52be69bd17bd840619d403db2d7bf8db,1268,2,2,0.2590828,1.5399036,4.1267786,-4.733308,-1.2411928
1274,train_images/070d4ce5fd90.png,a252fc9e5214ce59e337b24a40c2f98d94268668a0d21a0241df03c09d9d0343,1274,0,0,13.582139,2.1787024,-2.1230414,-6.9888797,-6.5914993
1279,train_images/d39752cb6e57.png,8c7e8beb16d0e92a3784f15b473d4df8b98ff62585b2555075d289dcbc987f51,1279,0,0,13.57213,3.2695036,-1.7143428,-8.888413,-6.1912355
1286,train_images/582f739b8f62.png,b4f611b3d195c49e35fc2a3fb647a966b9b6fe70cae69f1e2af77a964d3f5e0f,1286,2,2,-6.4493217,2.7128649,5.858384,-3.268474,1.0588732
1290,train_images/e5f332efcbc7.png,051892f060dee44bb98c9b5861ad5f2b2554915bbe801ae0a93fb03d4c866f60,1290,0,0,12.68444,-2.492865,-2.9639888,-2.15804,-5.0254264
1295,train_images/6bf26b777e3a.png,ef4dc72d4f97c878a619b6ac70b020ff7ad0a09ff72f59d2ad5dccbbc92c4c2a,1295,0,0,9.536753,-0.95214176,-0.73058176,-5.59038,-2.201396
1300,train_images/71c22da3d6c6.png,33cd1318ff44499f657d6e37f9f946f5fdc29f284fdd0d745497ce1df7e8c92a,1300,0,0,15.270187,1.6261644,-3.7663543,-6.63897,-6.4143133
1306,train_images/4d9fc85a8259.png,998d5ff36f6047c9e836d62581379c71afb78c7874e77c8f6fa385814bb052df,1306,3,4,-9.963104,-1.8684883,0.670465,3.8478503,7.1750994
1315,train_images/21d18b022429.png,9879f9de7ac388fa6cbcb0225e36ac5b6f08c1e49d1a9dc631d11ebd063bfd13,1315,4,4,-10.1952095,-3.2122545,4.5653343,2.9819248,5.706156
1316,train_images/fcc32dffd24d.png,7c560e4352da43edd3700852d8d0f7f3e6753779edbf357a9124b8702ea498cf,1316,0,0,12.027873,0.6881771,-1.5777292,-7.1344533,-3.932332
1321,train_images/1f543a86c4d4.png,ec68c79967b4ecc4c80cbb1b42995dd5681386cf984c380b21b897f1a2337d84,1321,2,4,-11.242435,-6.3842115,6.5065947,4.3406463,6.6063128
1323,train_images/9b7b6e4db1d5.png,191386487d7a4870d5b8d5639885bdd2e6d637930d1e925bae9a497b39368eb3,1323,2,2,-4.263315,1.707737,5.9308586,-4.8777385,1.4062042
1330,train_images/6f3b62e5b7f5.png,685a7cb9958abca775056187e117084cfd953353050e9278617b2d40b61a50f5,1330,0,0,9.136065,0.89312744,-0.7570567,-7.1706243,-2.0728025
1336,train_images/8acffaf1f4b9.png,1213a26d8bfa7d2f2353cd74227b3d20c4c68f85c84efea05674c9ea40aa536b,596,2,2,-9.84528,-3.5242538,6.78508,1.8965833,4.529971
1340,train_images/01f7bb8be950.png,02fd7bff6b85f8bf7b6904c40c0135391ded73131a4aed060ee55195ca3bbb71,1340,0,0,13.045986,-0.7078142,-0.90168095,-7.330462,-4.0138564
1343,train_images/983c98354e9c.png,9df93b6e8c29b57eb2de5fe63b26285c92ec95eb1025a439cda60b3077cd959f,1343,0,0,12.02711,2.630869,-1.1400876,-8.26015,-5.2092648
1346,train_images/29f9e1ac9507.png,030b7fb7cc1ad46acfc54736b6c524f03159a0882bee39468d4b125735dcf73c,1346,0,0,13.755301,2.0742235,-2.0023658,-6.9173923,-6.8544283
1351,train_images/e79e10907295.png,658c0452b77c534041035219d13d3d90c54e9553cf85ec139c37d942c29b6954,1351,0,0,9.431315,0.40333462,0.10866594,-7.0028415,-2.9525156
1356,train_images/6b00cb764237.png,4f4b0f2a1a4ca38b19fb43e298a4a561689e0fe534ff194aae4abb394d30e75a,1356,1,1,-0.695179,7.788574,3.3259163,-7.107945,-3.3416176
1360,train_images/1844a039b4ea.png,6238fb4f598e30c7fb7048a80b4b574b3f94d0cae76fadcb493a70a6f42fbe96,1360,2,2,-7.912533,-0.6887083,8.326868,-3.1828866,3.3244505
1368,train_images/aa4407aab872.png,44a2a3b8a90a3585f925f7c090609d34a81c42af4789a7919f042309c7f791e8,1368,0,0,11.801983,2.0071793,-1.1653266,-6.6393323,-5.9662323
1373,train_images/b55d2ddb3e75.png,4c2cef100ec0dd1ab124011471bb0c2777c59c28b0bf3ed888989e78fdb50b75,1373,4,3,-15.050716,-9.943989,9.026329,11.013356,4.7499466
1376,train_images/0babc12807b2.png,69487f13280510c2f71cd4a41115001528a4dbab63eae4c1928d26b0ab138fde,1376,0,1,-0.89621735,5.496066,4.3850603,-6.7045636,-2.2997985
1385,train_images/a62ea0043aa7.png,e1512c9f1cf1560520a8426bed1dfce36e64e539c08162ab14806244a0812f20,1385,2,2,-7.996849,-1.0182667,7.3120346,2.8274603,-1.2253838
1391,train_images/05195a3db5e2.png,aaeed30b86e923a71f76c09b085c7eeaff4ae181d8ba326c75f42166914f9d8b,1391,0,0,12.240713,1.3818798,-1.5560131,-8.487865,-3.5117893
1395,train_images/5d3c8c1f57da.png,b0b8dd929bd215d70eb85ee7c1089a87803f7a984f2cf1ed1172fc72170d9bcf,1395,0,0,9.919568,2.9950895,-0.79412603,-7.033193,-5.0308175
1401,train_images/966c07831334.png,3cc12bfc9dd9be56c4291d85be6ff2f690d1a7635bcd59eded966782e980a674,1401,0,0,11.786182,1.944479,-1.8150172,-6.558562,-5.3149295
1408,train_images/7831ce1d895e.png,edee9abcfca2599e2a695476db483aa8f75d44e51e21267a7a0331d1e85609c3,1408,0,0,13.402221,1.5217028,-2.3971753,-7.752064,-4.7224483
1418,train_images/c334f8688b77.png,821753c2818adb08d00a9f44c3607c075f7f6738de13e8d9b3b92c0d447415e6,1418,0,0,13.647224,2.4241066,-2.2672114,-7.6689563,-6.081132
1421,train_images/6d0c0531083f.png,7041971d07ca235c0aa3e6eac594bb3ccc1e6949fcb78bceb0308e3436c8ed9c,1421,3,2,-11.545666,-2.629529,8.713629,6.228931,-0.9168806
1422,train_images/f03d3c4ce7fb.png,6cb1a09ca80760ff37b9c995489e97a219747b87f533bcb6fe95ec522d99bfdf,1422,4,4,-12.715073,-3.1457877,6.5116005,0.88197327,8.299211
1430,train_images/4189d4e631ec.png,019319c5d801a2849fce84b3f302192a52f888178fe00407ad96a13e611175e7,1430,2,2,-8.204479,-2.4819756,7.2834005,4.6463633,-1.3695192
1435,train_images/b0acd3593310.png,86487ded7c46d829fe000f64fdbc6b1820415deeff1e9dc3f505c8626aabfbc1,1435,0,0,7.9763584,2.4311037,0.56768894,-5.587162,-5.346261
1441,train_images/e3ab63dc9a60.png,27fb9f506b1134cea8d266720e43ab465571e943f911d4fb799599acb01a4eb3,1441,4,2,-6.7010555,2.2266464,5.201022,-2.4899902,1.6601849
1446,train_images/370f575adb23.png,174cb4aed825bf3fc31f663440f2bb115de79bb5d7b4aefdc5a61a30f7e784d8,1446,0,0,13.123898,1.5528927,-1.881187,-7.637649,-5.098111
1452,train_images/1ade1e949383.png,fa1affe506782f3de8d0e89852a4f301dc20a4a6b8acc0a30cb337163e41116b,1452,2,2,-6.9995785,-0.33844185,7.221946,-1.1578447,1.1641598
1456,train_images/8b568d47a1fd.png,96afec9ed3f09841f03153dd91efae89b6fbfac52791377796503343c953b17d,1456,0,0,12.382628,3.2257137,-2.4242756,-8.492966,-4.661776
1457,train_images/bcb0498ed2c1.png,4d2695db2283eb0196261a5f10835f3f8bcb52717569cfd9a31fb5cefa23575f,1457,0,0,9.231475,0.66952324,0.86120987,-6.7092385,-3.9699898
1459,train_images/79cbae28d8b2.png,56b1734b44300f173e572aa59046334cee245a806db38990f9f885cb6266aed0,1459,0,0,11.84273,2.639657,-1.2005563,-8.276203,-4.977042
1468,train_images/a75bab2463d4.png,3bac7a949ac4807094cf5900b2355bb15ffa3c40fa8b97291c271ccf2cc4e383,1468,1,2,-7.9914513,2.3301334,8.080018,-2.3262877,-0.19678688
1470,train_images/3c726de3ee90.png,7a726e00272eba2ceb4be4c654cfa4cf698c391e877cbdb8f3ee69139103f001,1470,1,2,-4.4210777,5.287182,7.193449,-7.144673,-1.0218048
1477,train_images/d94e10f42861.png,2ccfbb701db7bf57882f5e174b464a5aa86dadd2ab8c2159175f06ea36bc37ba,1477,2,3,-15.037125,-8.1963005,7.319559,9.93282,5.780966
1480,train_images/b35cad8fe2d7.png,3465e28c91cd92997442d07f4329b044f887374a8897620c5333a53588b6a73b,1480,0,2,-0.5954704,0.07876778,1.9399529,-1.4496263,-0.026123047
1487,train_images/8f9819752ca0.png,b8f0fd4ee87f38fa9189ab629a9c4389dbb5e601b2d1b3adbf272263496398d4,1487,0,0,10.647938,3.5451221,-1.3723326,-7.252975,-5.5410953
1496,train_images/46c1548d730e.png,0165835b5dad002b349d37198c5c16272709930c237c09221e2fa15275e0b6d4,1496,2,2,-6.746525,-2.1488943,6.774479,0.42032647,1.594492
1498,train_images/e83d315d8f98.png,1b31ef37d22590a6dcb504a4ffbd879423e96a9383f06c8ed07f85da390ad00e,1498,2,2,-11.972656,-4.1007853,9.667395,5.532392,0.7211695
1500,train_images/060e00d1e2ab.png,4c6bddc11f823bb88dfa6ff41d2208c788b3f7ab046831465ac73f04b7f12fe3,1500,0,0,15.894016,1.4690895,-2.6558802,-7.880898,-6.74814
1504,train_images/afc744fad65e.png,713b4db3f2194196ac92ce35aa370bb6f7556b323bb6c587bda13feddfa7c1a5,1504,0,0,14.051365,3.3997087,-2.818316,-8.196925,-6.3851323
1510,train_images/36041171f441.png,9a93a477d03f9ba6d61c08bb054c8b82ae32e1a223120ec49a73b9faae97f921,217,1,2,-5.4543495,4.568013,6.472292,-3.4415398,-2.2579637
1511,train_images/9b70f84400af.png,4787af2b63a9d9cd9f60637e59130da57290346c392ba6e04e679054be5e8336,1511,0,0,9.653207,1.7953215,-1.0740757,-6.9985633,-3.3211927
1516,train_images/ab88081e5654.png,c0bfd9ddb56c786221fcc511cbc9adfa2ccc01435edaa8c47489044dcf7971c2,1516,0,0,10.989503,1.6616726,-2.287328,-5.781608,-4.5507293
1524,train_images/3132556f5352.png,1867f422b32df877fc573ba78b7ae38e1952f016c470ebdbdf8d7a396a59a5b2,1524,0,0,8.655458,1.9486294,0.78038263,-6.63363,-4.7327275
1530,train_images/aec51513cf45.png,78f56f28857916e4ecd4707d1f4ec92be2052482da3b6247b80fd37ffa92892f,1530,0,0,14.746206,0.7610483,-3.3403172,-6.7542787,-5.3470225
1539,train_images/65e120143825.png,f12dedcf7782ce81e2185e7a48ba23b2ba8aa83f21dca906961ea204937d88db,1539,4,4,-9.707436,-0.5577698,2.8610048,0.8733115,6.351838
1542,train_images/76df141d966b.png,b3a535c195827a1df62e123a94f4ab59a694e23eb80991dc6d32660be5f0fd9a,1542,0,0,14.374553,1.1180439,-2.7180133,-6.413853,-6.3006287
1548,train_images/d9311f7497cb.png,342a848ccbf0d1ed0a05309c6e1c7274e8840cc73db585cbca53567b72defa2e,1548,2,2,-8.987919,3.112173,8.264898,-1.0636317,-1.5003538
1553,train_images/f361060eda3e.png,83901f796ebeeeb5c39d82f78a3c52c55e49d7b9f5a0d0ffa54c20629816de1e,1553,0,0,13.27387,2.1937237,-1.8494902,-9.630271,-3.9384856
1555,train_images/7be1b9aa78aa.png,b603bb966fdc0c0822048087007f517aba1f95492478eaaa339ca428b16188dd,1555,0,0,11.507319,3.1315718,-1.9216638,-8.702135,-4.00378
1562,train_images/fc898dfeb24f.png,f81074c25369bcf369fe740ff09407e1943f9178fc5ef6529113bcde8c666862,1562,0,0,14.806444,-0.12969398,-2.9762318,-6.0547967,-5.5804267
1567,train_images/14e3f84445f7.png,95a6d513a8508766558352bac1e4a158a6996fba6abace1da536b37b9e266325,1225,3,4,-15.98951,-9.75127,7.515251,8.386707,9.600232
1569,train_images/5bf3357a2823.png,d6951b9eea1457757f3fdfd976c91944977fc1bf985a4840f06a60208f5a4503,1569,0,0,12.683213,1.3721609,-1.9459844,-5.8280234,-6.223198
1574,train_images/4276b82e4489.png,3b17d4a48c51b698bb53c96cbcf81e025bb70db60b8e8913e401f0f6f3dfaf37,1574,0,0,9.982936,-0.8612776,-0.8722825,-4.9359736,-3.2904854
1581,train_images/27fca9f12b3c.png,9cff705027877c45e41e78a012c239a0eedc35e15a90127ec2f249fee6b0e833,1581,2,2,-10.269413,1.5829391,7.2475386,0.6826991,0.62024975
1585,train_images/05cd0178ccfe.png,3bdf18996ff9f84342287e337edf432a9a46fd95e03be8ec32dc3211f00a2f15,1585,3,2,-11.890892,-5.8769884,7.988145,5.8833547,3.69339
1590,train_images/3c9529918097.png,6d01fe4ee594f8b803fa416739c93e045df9168d906480384f5f41d1e82d8a06,1590,0,0,13.790797,3.6151247,-3.1187084,-9.743516,-4.506365
1599,train_images/7ddcfcea7369.png,e8f85609e1377c60ed8c5ceb05ab91ae4bfad6ea81b318c86acdbc593b5eb514,1599,0,0,11.4853,2.0868673,-1.5393271,-6.279346,-5.708539
1600,train_images/31b5d6fb0256.png,e64f512bce732ed2e84261dfa169f6f6cfc0baa6ebc7dae274b61cf9ef99316f,1600,2,2,-5.3667316,1.9148026,8.243409,-3.2527142,-1.631176
1605,train_images/3ccf96c1dd6d.png,78735ba23ecdd93fa1bdb874d053d1dbfeccc244daad80da22210a08a73c7538,1605,4,4,-11.7151985,-7.155958,2.9836636,4.8683257,10.82706
1609,train_images/232549883508.png,46a1318cbdb2316ca0ab87b1c7339db435e5f223af7dfa9fa50894a29a0e0b06,1609,2,2,-8.089375,-3.0777678,7.2419367,2.9763951,0.8173113
1614,train_images/513b0a4651fa.png,74f20d1a543c13368bcb7634cfa4c3c9388659e6f544784a6f9eed8ea2545ae3,1614,1,1,4.1941395,4.965307,2.0587263,-7.8508477,-3.4028835
1616,train_images/ca891d37a43c.png,8df6ecff0ab92a9bce692ce446b0c61adaa10efdab80c2b52593e34003859460,184,2,2,-8.470448,0.78126335,9.726202,-2.6953883,0.5138416
1621,train_images/a015ce4f51ad.png,21552bf40ea1a161fd11f3a5f07d09f09f407ecff7fac2e6195859c7c7d59d25,1621,2,2,-11.637466,-8.875996,8.140116,7.755407,4.4387703
1624,train_images/3a643599f852.png,cb95c9e3fecc8dcc48009bce3fd7bbf8a472367b947f52e91122e9d33e5100fb,1624,0,0,11.82479,1.8121729,-1.9826458,-4.449632,-7.1504116
1632,train_images/89fc080f7e83.png,17a12755bd6e7921e599de3f84e583ce2c873fa4f89cf3f8169f702ed0b7f14e,1632,2,2,-1.6905918,2.3190022,5.0171213,-5.2958055,-0.4055729
1635,train_images/1a1e974a7dbf.png,d522a6537d8decd131a983485b0be248e5aa6e9aa6b8e0f2b26d8a2ff0f5749f,1635,0,0,13.573807,-0.50304794,-1.2391119,-7.4924226,-4.287427
1640,train_images/f3a268d2726d.png,0751d408daf0d7dbc343b7c685cc516dd6791ea889bca7329862618824534b65,1640,2,3,-8.104736,-6.9225245,6.702385,7.112258,1.0551891
1646,train_images/5173d54fc214.png,f314bbd9c88a5a6608571821d60bfa2456ab7b7daa67eb88082b890f4254853e,1646,2,2,-7.438738,-6.283086,7.824481,1.3255719,4.4506655
1651,train_images/b376def52ccc.png,395a0ae477f4032e13e82ee1e57700091d95496c233f63601c94c53cf76e4d62,1651,2,2,-5.5358963,-0.72017574,6.684638,-3.3255763,2.7485695
1658,train_images/87d46b1cc4e9.png,9f94a87d5fb71a088894e9ef30bb87721d006754b9d50fc337793c231db9ea03,1658,0,0,11.181329,-1.4239874,-1.4799631,-5.7444406,-2.4948921
1661,train_images/65e6f1bd9875.png,8ee562a7e589284fa22e9639d5ffadb15451ea35cb23db01df0f6b5453898b53,1661,0,0,9.922269,1.9499092,0.007730961,-7.018843,-4.783751
1667,train_images/35362d43e753.png,0a692b37356ee7e4c6d152c48db96aa38bf6bda8418f11eb484484e984387b6c,1667,0,0,11.455616,2.7040453,-1.6877937,-8.481349,-3.9651766
1668,train_images/d866c26d76f0.png,5888201e2ed388c635212f42083258967f7a7e4fb82d812b095370b9531ba52a,1668,0,0,13.499985,-0.86451054,-2.7091627,-6.6296763,-3.249979
1677,train_images/d9ba044671e1.png,acc3ced85e64ef87ee4a2f66c4326f36913725fc428522ec96d4830443cc7243,1677,4,2,-12.951359,-1.1408224,8.623069,1.2470129,4.0514345
1681,train_images/7d8f67cadc29.png,be4de444902b21a458acb748e15985318bd62a278674cb451c161aaf81491b8a,1681,2,2,-2.9292107,5.185527,5.451972,-10.916429,3.125865
1683,train_images/1c4d87baaffc.png,cb66e86c28ab48f1884c067226847b34c2849713a3ea380fd6a638fc2582523c,1683,2,2,-5.7733383,2.4717836,5.1853266,-0.47560525,-1.5119419
1687,train_images/ea1d045f9fea.png,f9dd482f226c30be07330ae8fdd1887f94412b1accf0c1038d82792581135cc4,1687,2,2,-10.002338,-2.8593698,6.640065,3.0217967,3.0428333
1692,train_images/523b3f0fc646.png,4d219afbffa64c490246a23c598805878515bb0358df5487428c598ad878571c,1692,1,0,2.2598934,1.1405563,2.1819797,-2.783392,-2.805543
1697,train_images/5ca73d28f17f.png,c8c2c28a1dac8e1e2231c9f40eaa7417427d5e0d8a8154e75c960e2d521ddd66,1697,0,0,14.501823,1.1060734,-2.613535,-7.0440183,-5.8897104
1704,train_images/e07045d7c5f7.png,a3ec375b63b2938d9ef8c8a965ddb35d0e3b74186f100c48548e1d9f0b3bc6f4,1704,1,2,-5.493799,1.2092552,4.3380127,-0.87118495,0.756917
1708,train_images/ed648b9bcd95.png,bf87b0f869c51b3657b7e5ce2ec13c2b45fefad70ecf0160ee1e5acfdf3527cb,1708,0,0,8.587365,4.6509056,0.16774988,-9.064294,-4.2911673
1719,train_images/a7b03e58a6e1.png,2f3c05a967de252357cd5e3abf8350415244b6cafcb1f6bfc8d06638bc1be6ed,1719,0,0,14.263317,2.8504372,-2.966485,-9.05321,-5.0371733
1720,train_images/668e853258cd.png,9d98a290f1da5fd4f8c39fb97740e59f5e5bdc8611730ad8be50437b46316c39,1720,2,2,-8.356747,0.46839905,7.1645393,1.8907566,-1.2685337
1722,train_images/1409ab48175a.png,b01d9e49af133811d05695584005ac99e322a4496e9de963d58c8b6e073121bb,1722,0,0,11.005582,1.932807,-1.4523458,-7.1118894,-4.3564143
1725,train_images/cd29c88c9e36.png,a63e1b73fa049faccb5aa95dca607c72a0a2c839198396f74fd78a9ee83a1b56,1725,2,2,-9.86079,-3.2178335,6.758847,1.6769819,4.447462
1730,train_images/6fb656d506b2.png,348aa93fe38489988e10693794494be979a8362ffcc29115f077d4fab296a69d,1730,3,2,-10.845997,-5.4053674,8.109881,5.9546056,2.0201263
1737,train_images/5056fa7d505f.png,1bf0f9bfc85ef75b1700601562700fcbb70c31ebb9f534abaa4395f66af2d5df,1737,0,0,12.11456,4.08294,-0.8304038,-10.217712,-5.0758934
1738,train_images/9ab18a4a957f.png,7bfd869d97691e9dd404dfb3fdee40a4de9d56362a698e5ee67031493bf745c7,1738,0,0,11.065628,-0.10822296,-1.0997949,-4.7805066,-5.0473566
1747,train_images/8c4ceddeb1c6.png,b18550c1cd6f8dd7d6a6b63daf7627f8263b838f84c178bfddb1e298326cfa47,1747,0,0,13.821188,-0.40491295,-2.1023467,-6.874871,-4.38358
1751,train_images/10bf25731c08.png,2ad1483dfdfb4a2b81609f8a152083b9e18b1dc8c87dec39bc91606312ee5036,1751,0,0,14.036912,2.3329296,-2.654119,-7.56473,-6.1005445
1754,train_images/726dff37edc0.png,6c1fd0b2e780f6e5263649204b16682eb307425452b9d6beb1ac92dd3bbf5bac,1754,0,0,9.839936,0.12983131,-0.13004637,-8.521069,-1.26719
1759,train_images/956765d5f46d.png,d13f3770d81a02ce8e0272dbd919f4c4ea2d711464ed2459978690cb8cff4ca2,1759,0,0,11.991271,0.047534943,-0.8702407,-8.368049,-2.7472448
1762,train_images/8433a032b96c.png,29f109f7e377e5c448e8593b84cb90c16f5fd024de502d8bc78f64aea303ade5,1762,0,0,14.636205,-0.23732567,-2.357266,-8.069604,-3.9179373
1772,train_images/4e85aa647534.png,0a17efb48ec15f1f2e0a897e88cb724544019fde0cc8a787761bf18fccc33e83,1772,0,0,14.890956,0.86303425,-2.3684242,-8.683605,-4.645584
1773,train_images/daad7b617f21.png,d7cea345c1286e19f0a544d4cc7572187a29115c8c45901437f342854509859b,1773,0,0,6.2728825,2.6482792,1.7387462,-8.171018,-2.4976115
1780,train_images/df9cb3729eb1.png,ae56e20329211bfb1115ed23aa444b1a67eb896a3e239bc21f776eced8c195b5,1780,0,0,12.964735,2.764865,-2.9904704,-6.9594235,-5.724185
1786,train_images/721214151233.png,6f334306b523113fd6f83be3c7e0daadc620ff961976f13f4929edfb5c99132c,1786,0,0,10.343182,2.8266354,-0.47687578,-7.1302953,-5.522247
1790,train_images/093a42649c29.png,31bb620e4753ed960ba22602d75aa30b7ad08f91d9b637a38692f24fd5cf593d,1790,3,2,-11.82682,-1.407712,7.663019,3.3842177,2.0117369
1797,train_images/a32886cb31ab.png,bf2719b61ef7d882e694a3fb7bd86022f122a8967d12b711708403ff2ce8d666,1797,1,1,-2.6807785,3.10468,1.7809701,-4.825674,2.5784893
1804,train_images/5e52c9fe676f.png,348acf1b2809f9eff5692d3811d712b0576d420fe2a24f62a1966bd966807102,1804,2,2,-10.724243,-4.283259,8.389748,7.2589064,-0.78798294
1815,train_images/f3b27ac2d371.png,23c2515dbb3dad274b7975aa51ecea89378a12d78bb23325ed42c7b9e92aeea4,1815,0,0,13.482452,4.021055,-2.8269951,-8.7000885,-5.9302893
1819,train_images/530d78467615.png,3b26186be5348381728f79c58fe26b0bb8b31f9588df7807eff5cd00ec1f1819,239,2,2,-8.595898,-0.9500599,6.46037,2.8602996,0.10818291
1823,train_images/2eba4279e503.png,76b8fe1de1f1f093942528418830e766c2cb71e69a5ddf553b05ad561fbacf57,1823,0,0,9.208836,-0.46525383,-1.0273213,-7.478329,-0.22689629
1826,train_images/5a5d3798c357.png,c68754eb2523ef405c3b76a557e10a203d6197dc796703d97ae61ef761f7758a,1826,2,2,-9.518341,-2.0326414,6.507353,-1.522091,6.414546
1830,train_images/bdb98063fe84.png,7ad222bf42b692606797cb14195250c9b4a77281643d5ca0277b1b83ba1ec0de,1830,2,2,-10.347824,-5.9317007,7.4440117,6.7461376,1.9467611
1834,train_images/2a2a6435f7f3.png,b198115d30e24849d19156fcc1c48947d03dcfe03593ea906178a7f04cab188c,1834,0,0,12.073221,3.6501493,-1.0375314,-8.01149,-6.6358757
1836,train_images/b5b913358b32.png,218d07951568526e6b19fc7e41f1dffb55824dbd31b87fdfc038744f8805d037,1836,0,0,13.527071,2.4544964,-2.4424007,-8.362604,-5.130717
1837,train_images/a3132c8828e4.png,3d2142f9f3971914f09ff515fe995122c9a825a49462dbdd638bd320bc8d9e5e,1837,0,0,14.753441,1.0339718,-2.3462553,-9.975041,-3.4014926
1843,train_images/75ed83dbccce.png,1b0a653bbd607bc155f84e79a4cce7cb0014fd78b7f23533ff452f2662b6808b,1843,0,0,13.012062,1.1432056,-1.5752406,-7.940926,-4.6007366
1847,train_images/772af553b8b7.png,9911bc04a23b72503fbd07439b378996d66845174e6035de61e8a89f268098a2,5,3,4,-11.13665,-4.2984743,0.8709507,4.7047443,9.6757765
1851,train_images/61c667663f2f.png,e8fc9ceb9e23078769d1bd775fc0365b87907136cca05c96e42df769497e3702,1851,0,0,10.587357,-0.5353079,0.15298462,-6.9996753,-3.1814237
1853,train_images/ae49cc60f251.png,e92ef9ba8b79119ddb03181c7c682c0844d38418c0ae92a1f33a02688e5f24e7,1853,0,0,12.238268,2.2433968,-1.5919931,-7.603309,-5.241705
1858,train_images/a673193cd5a9.png,ebdef862426a25ebbf82f9b72c2a5afa673a3d22ad671cfcc24590f8cc008775,1858,0,0,10.974472,1.0187464,-1.1502581,-7.7645507,-3.051125
1864,train_images/5e5275ddee29.png,4f0129406806c4db9dd6adeb170befb9f2117438ec45c125f53c357665706491,1864,0,0,13.068638,2.6910934,-1.6228864,-7.881126,-6.198432
1871,train_images/40e9b5630438.png,f7b42e43e4e8cff395759bcc92fcb72b9e7768d178d8a3931bf0f2eeca264e80,1871,1,1,3.8146038,3.9412422,2.688488,-8.209037,-2.2207422
1876,train_images/9c893e16c055.png,0b92c9603e2c086b06d69cedebbaa8a3e5d816afe68f8a1d70308558e52031a7,1876,0,0,11.948518,1.4254656,-1.9291103,-7.1431155,-4.285426
1887,train_images/8e67f2d7e0ee.png,a87a5c8e678e4f334e3ce27835372ffebeaa846fe5a803b6cc59f8cd2ac5d8ea,1887,0,0,14.732894,1.3761444,-2.622956,-7.223003,-6.1944313
1894,train_images/08037e4490e5.png,374785319e9e2617a635e4be6d691e8832c1800507e80d4c06504b415c2fe963,1894,0,0,13.8209505,-1.7813625,-2.3538246,-5.9078846,-3.7171326
1901,train_images/94f9ecf4b8d2.png,562ad627706a962544f5445789ff7d0dd3b568233f9dd3fac32138e58d95e35f,1901,0,0,8.177268,2.086937,-0.24088478,-8.248223,-1.7497225
1902,train_images/518e880613de.png,55e1c4493c442c4e64294af2c794b3663cdd0d5f36e0299cdacf165c4b8bf2ff,1902,4,2,-12.092598,-4.223113,8.285749,2.198995,5.6315107
1907,train_images/e04f3c6619a3.png,2d153379f2e0af5f51c172a460678ad90f7c6ac3c9fc22c482855b4568793e99,1907,0,0,14.492233,1.7409706,-2.178128,-8.240617,-5.750264
1914,train_images/17eb5d4ad740.png,50bf8fdedd0ae7f558c7fc5fb81cd87986cda4429ac0da206fe6def2bf13bc1e,1914,2,2,-13.308239,-6.395368,8.230522,7.0465813,4.2292814
1918,train_images/9e2ba2b979f1.png,cd8bafe23175b0f5df809400169000109e98cea55fc3a2a844e72c62ebc29b5e,1918,0,0,14.339414,-0.21830654,-2.1862242,-5.607936,-6.264112
1922,train_images/a150ff5dfe07.png,41b71180563b272eabe4b46d9e518587e8f8e801a9734627306bb9418dff7d73,1922,2,3,-12.326477,-7.269147,8.159682,8.856659,2.3897963
1926,train_images/58f07741ee3b.png,3c414c082946973412e6e8dde6cac886c9f816c2dbb99ddfa9ba1c744e0c0baa,1926,0,0,13.988756,1.6864538,-3.302017,-5.9357004,-6.3805485
1935,train_images/a9a3225cf4b5.png,925cd1357b706962ecb1d96b1e0ad58f456cccb08ba95f827c6b24c91ba1358d,1935,0,0,10.376278,3.5491781,-0.7800703,-8.03904,-5.111164
1940,train_images/ad6b07d5c338.png,a7ea9a6c5469edb0341a8b7f19e51608c799edca6777093410f649390b58278f,1940,0,0,13.353877,0.5821409,-1.8350942,-6.6528563,-5.39569
1943,train_images/ffd97f8cd5aa.png,5fab288211fa5b5b150fd86695ade8dede06d01c608e961e6f1d996c2f1ad9a9,1943,0,0,12.667675,2.0254488,-1.4376993,-6.797137,-6.416443
1948,train_images/67844c46bc61.png,3b7f7dceb975de563d06e13f00030017e4705c878f3fb8b58882302093b05c2d,1948,2,2,-10.20454,-2.5742006,9.458694,0.61562467,2.566845
1954,train_images/01b3aed3ed4c.png,64b5e7d2dfc6c512e0b2bd6693a3d355e8a2134513bfa5cb2de2c0d4b046836b,1954,1,2,-5.874298,3.7578468,6.7092476,-2.4982905,-2.182805
1961,train_images/93a1b984de84.png,fe4c75ebf284a3cbd8ad6c2f6013ae65441464e6d49d8ccbb0334cc019e28e77,1961,0,0,12.446428,4.006199,-2.127686,-8.046244,-6.239135
1966,train_images/0ad7f631dedb.png,1259bc68e33fe7fcdb2bbc059e9e2cdc213d58ec2e38595e07a6525168346ff2,1966,1,2,-4.328974,4.491334,4.9895325,-3.609177,-1.6057444
1975,train_images/bc23f74e14dd.png,bcf83579589cb0b4d8445e35da319c20c1f0518ba9f35753aa198c6511c51d12,1975,2,2,-10.159927,0.18180752,7.8676987,3.1682782,-1.1957064
1980,train_images/9a9b21215c55.png,8b41663d986a523851ce327a6e8cc075786449511567886a8ab2498635a950d1,1980,2,2,-5.345976,-2.6268797,7.112874,2.3296425,-1.5632992
1981,train_images/441117562359.png,295083548c2e1af130b55b024875b5b7b1f09d7a47d3ca2c8939178cb1774d8b,1981,2,2,-14.549728,-5.18154,8.856694,5.7166867,4.954566
1984,train_images/af6a1508cd95.png,20934d44034f6012a2755775dbecd5945511d1022d056048ce3381277a049101,1984,0,0,5.2734165,1.3995953,3.2658672,-7.834378,-2.0942364
1988,train_images/4ecd1fdd1435.png,77a1a4d1b1aadcdf125a179f02afd630c2f8d608cb4563dd37f3f686de765983,1988,1,1,-1.9179001,8.624474,5.94005,-8.853221,-3.8776207
1995,train_images/d26bb2ed6e71.png,94471e503c2e1af50041a17ac165fc93d0f6721f0d946f701e9d778adb743ef2,1995,0,0,13.818944,-1.1955595,-1.9727528,-6.487687,-4.105237
1999,train_images/269b44e628eb.png,0f2188f23464e0654c72c0769480d5d001218fb4188816d9106aff7a9729e024,1999,3,2,-8.576748,-4.8161426,5.831114,5.380109,2.0365372
2003,train_images/98441214557f.png,4822064624b73b48fd0e423aa750a03965337986d0b9d8fe8db4c996aad52942,2003,0,0,11.288256,4.644911,-1.8148828,-7.524244,-6.548437
2007,train_images/a505981d1cab.png,90d799f53575cb8c72f9eacc3f463fed94e0a1d2b7b687ba8a297324854e6f6c,782,2,2,-11.486599,-3.2949061,7.010951,4.7849555,2.7937956
2011,train_images/8b26d3cd61e8.png,2e9a60d5cee36708b77c79ce21ae0866594f6c701c187cbf356131431481bee9,2011,2,2,-14.091492,-5.2093406,10.219706,7.515543,1.3782511
2016,train_images/237c078d00fc.png,799c6d1f88d5d844b1e75081cbdbbaf020b012186972aa6b026dabfa5ed8cdc0,2016,3,3,-12.847553,-4.4489427,4.191617,9.940219,2.9927082
2020,train_images/ff0740cb484a.png,63d7b5c9ac929e83d6ba6814516b856d42371fd4b1acfb667379a4c7f5f0ab87,160,2,2,-11.746983,-3.9017854,9.5007515,3.0875335,2.8746824
2021,train_images/a28bfb772f50.png,8f564f846df28dd6953dee41084f45382f1e9a2e2f378a74e1dd6a3a960e67b1,2021,1,2,-7.3984394,3.4399118,8.000034,-6.3991046,2.224904
2026,train_images/3c311c9109b0.png,e435a26843e070be0eaf589a2b03b932e72e247709b31b364137472308fd8598,2026,2,2,-10.310925,-1.7296972,5.775444,5.1688037,0.979599
2033,train_images/edceb0657d77.png,af61e25d5c4121ff1a78b699d0151eca50fff79961ea46bf3bd540714a210dd4,2033,0,0,15.125042,1.5106363,-2.4841182,-8.211267,-5.8780513
2039,train_images/b70cb31b9abb.png,743dffb5e04d518c12e98d04b2f2fee87fca92057dca88349ed46b05464f9dea,2039,4,2,-9.633526,-4.408426,5.7382145,4.9957795,3.166668
2043,train_images/bc34f52c37c7.png,ea86c2d5f96674b3163ef358f7aa51d1c289cf827bbc0ee387bf49f40457d6b2,2043,0,0,13.652953,0.278759,-2.551384,-6.1090927,-5.216697
2051,train_images/df4aec4a0eaf.png,5ede9972b43b000bdfca21394fe1327efae276c80432d1438eafa7d81f6e2c8f,2051,4,4,-9.472668,-3.9480534,5.332448,-0.17089927,8.098521
2052,train_images/aa0afc41ed19.png,7fb06b10c6ef5edfc83400ba89a09dacb5b7d71a98ef6781e5cd05198f70ec3a,2052,2,1,-3.9122372,5.748355,4.074436,-5.2983685,-0.6920128
2058,train_images/36a1e3c780a0.png,44d7a80b4132446d47264938c664cf52a2b5fcebf42af5d86a5c87889f4eb03a,2058,2,2,-8.509922,-1.3747454,6.6252403,4.662051,-1.5379047
2059,train_images/f460608cf4cc.png,76129728c9a1c5335f9aece49c585d92e04b11335a85d011b2be9e4fe4b603fc,2059,2,2,-1.9745808,1.1863832,4.829198,-5.075399,0.96170235
2064,train_images/09237bf783a4.png,2025ba2bef42c6a795c6fc62e924adce382ce24a5b6cbf94bba317c3d3af6401,2064,0,0,14.071313,3.057866,-2.601097,-8.4527235,-6.0189114
2071,train_images/ea7e21bab610.png,e05bc8e332cca6d883820523e4c2d25a8b46f3e8e28580d2237c681ea4bb3778,2071,0,0,13.710147,1.3659868,-2.4645703,-7.162273,-5.4026957
2074,train_images/6e1db8711879.png,40f21c81a10b1f5ae005e2ac875861371c773852e1711809d1f43089c438d1cb,2074,0,0,12.655632,1.3286419,-2.2113874,-6.6080694,-5.109467
2081,train_images/bf8092e4001d.png,e35fee4da08b88878030db86663733ff15131a71aa174e150956403033623e79,2081,3,4,-6.8465805,1.0787344,3.2732134,-1.6255504,3.9728184
2087,train_images/33e8e26a75d4.png,16a973b706caa1bf06d4637732096024a82b1deb4681cfb541305512b21d874b,2087,2,2,-4.384695,2.7321415,6.7833014,-2.863357,-2.374055
2088,train_images/f1d719c97838.png,418b69eca7730d6981eb3d1e4f4a10c9b2ed9bb4a65f99bcb427531efe5aa975,2088,0,0,13.6702,1.7635126,-2.197227,-6.598432,-6.587743
2093,train_images/97c6cb55866d.png,5455cce42312d359a91b5b994d19893928ae879c3ff382caa591aa467146f39e,2093,0,0,5.8536396,3.4465923,1.0371666,-7.8010325,-2.4981313
2101,train_images/dd19428c3d29.png,ed1fbe73fd68998e1b18ea926b7cfc51ee06aaef47e42134433cd94d51949c60,2101,1,2,-0.28557777,3.8891296,4.311783,-6.5299454,-1.4033203
2107,train_images/9519a590985d.png,60b208137e97bec7080f99b559f7bffb62501ad7f3a81e5ae44668f73f0b17df,2107,0,0,11.58804,3.4916973,-2.4516044,-9.075959,-3.5395498
2111,train_images/57a5e4274275.png,1c946d4a1e1927295c4531839886b26178d64784f03dafa3801e5709df0cc885,2111,0,0,13.337954,1.3695574,-1.730478,-6.3767676,-6.546171
2117,train_images/89ee1fa16f90.png,f63b3b61464ec303e86f35c82760d920fef1dd2f9fcc18cbccb1d55ceb0dc3d8,2117,2,2,-11.942474,-2.9647589,7.292966,5.8934007,1.52559
2122,train_images/b05922e7abd3.png,4d18d6148992183c4066e289e08e92b01707e4cc26213e824c504f6bcb2d15b2,2122,0,0,11.597448,2.7777061,-2.1358442,-8.285486,-3.9412985
2124,train_images/08bef347f40d.png,d01115696fc9ddc896899c97fc8d7547ef19bfc121dc2d6500b18f6dd2d412d2,2124,0,0,6.8205986,4.118121,-0.07633591,-7.3857512,-3.492896
2131,train_images/8e76054f0831.png,6dc2669552a69655f24350ed7667e799a4ba288750a56cfdb6a039faf2357d85,2131,0,0,13.436658,3.3969288,-2.3958316,-8.321525,-6.066371
2134,train_images/fca931da5c5e.png,7c65aeb15e01befe2cc3e5aa8dd3bf84dde37c28c1d6c663861148fe1ba32fe6,2134,1,1,-0.30026627,4.204009,3.4014559,-6.268496,-1.0625954
2141,train_images/c01eae4b4939.png,525f3394628876ef7146d742cd67c26171ff14dec57f94fde1fd6724c63d0f3b,2141,4,4,-7.831259,-4.181609,0.7727947,3.5918837,7.5217943
2150,train_images/af133a85ea0c.png,c606be1c2217e9d8c6f58bf2614b0f9d5418070becbf1d0b425f9ffd4552fc53,2150,1,0,4.1360855,3.573246,1.9447517,-3.3637629,-6.2642517
2156,train_images/38487e1a5b1f.png,395a0ae477f4032e13e82ee1e57700091d95496c233f63601c94c53cf76e4d62,1651,2,2,-5.5358963,-0.72017574,6.684638,-3.3255763,2.7485695
2161,train_images/4beeca5cc859.png,788cc2ab64abaa80390249d9c9ba44fb36226e8ab931b9cfc2f25d5e4d8c3b77,2161,0,0,13.00759,2.3395948,-2.0698087,-7.0012994,-6.231265
2162,train_images/6fbaaf8eb67a.png,cd06913d54ae6c1f03531172f56cb38d29b8bb369d03f6ae1fdcf1f813934273,2162,0,0,10.772967,2.278182,-1.1671333,-8.939875,-2.9008174
2167,train_images/56e56aa08362.png,9b8634234bea65394926f3cef814b700064ed8e41745af4f516633b973fd0318,2167,2,2,-9.479256,-2.3812394,9.656741,1.6493928,0.42537308
2171,train_images/31cb39681f6a.png,6720ed23eb04f4efb7449d6f3e08a52edffb04bfe7493aa3696a291334110469,2171,1,2,0.08370209,4.5776653,4.629341,-7.780517,-1.5390921
2178,train_images/e12b67835e03.png,c0bb0805bdd6e18808d782623cb729f23f30422a5d94ed647d1177cff0f0bdbb,2178,2,2,-2.3448372,-4.0020933,4.2619467,0.56404114,1.3981009
2183,train_images/349f3c0ac83e.png,e862c1500d0ac66b6fe3423e817b978984b90dedf471855c0f7b667e6fd5710c,2183,2,2,-5.7937527,-0.87396526,6.6231346,-1.7476424,1.7070332
2187,train_images/930fee99213a.png,87d904debecba5f026308018bbd0a1b4a26acd46bba58b6f330bf5251cd4e9c8,2187,0,0,10.921342,-0.5560484,-0.80080986,-6.908652,-2.6360164
2195,train_images/86410aa13b3e.png,c78537822e715ef814ce25c57536df6cf1ff929ed0f7390807cf04ed4de07570,2195,0,0,13.776783,3.5092983,-2.2658389,-9.441443,-5.5384383
2199,train_images/9568eb7e9c08.png,d99a21d2b4a565d8f293da1f70223e1f378879d61b591c16e60d9e8914bbb445,2199,2,2,-5.2841988,-3.703157,9.188077,-0.2663406,-0.031196594
2204,train_images/cf1b9d26d38d.png,a1e0478a9b65d2d91842d1f494a853c0c28f8bc63b52af3c1ed8aa6405746ab9,2204,4,4,-9.918301,-5.2986193,1.4753122,5.869346,7.706311
2211,train_images/85cbb84ac8e0.png,7a654dd56084e359bf818e32b8216bd7a19d396229f80743efa279da5e61b062,2211,4,2,-10.956936,-4.296462,7.7284117,6.0874057,1.2981043
2215,train_images/51e656e5a541.png,bbb939afd2567501390c2009dc8e599d5a6210d77d087bf0791eeb0b0f06ab62,2215,0,0,15.716821,1.5400944,-3.5793695,-6.791921,-6.8028207
2221,train_images/f5733f77273d.png,5b362f20b15620e673634afbefec43943796ca88a46517520fa6d4ba9792c147,2221,0,0,12.940519,1.8446455,-1.4004049,-7.6521497,-5.6665382
2223,train_images/0182152c50de.png,39176e0df5b89f9052c08be28e87e149986198a3af65c43af9a2345e032e4589,2223,0,0,11.843717,2.4294863,-1.2988372,-7.516581,-5.4220934
2227,train_images/8f14bca04b47.png,3219b2ca1196acbba82e4e2bee7cbca0a778b8ddc76e84e0055cd4aae1f638c2,2227,0,0,15.159526,-0.988677,-2.4203951,-5.2898026,-6.389247
2231,train_images/7af4d8704032.png,176161f22b5a47bccf520632609830ced572c03e98cb9fdc4d9cc4823c6ee297,2231,0,0,9.065054,1.7801952,-1.4681187,-7.609525,-1.7669764
2238,train_images/ecad6845f630.png,a742c29da9862837f98689b0766411a79626cdbe656b0877a6f595a213264bee,2238,0,0,12.293089,-1.193676,-1.0753975,-7.0794225,-2.8836527
2242,train_images/054b1b305160.png,e3f0e36ffc4ce1aa8fe51c6f5da11fdaa0168026a3d0727e518ba83be674485d,2242,0,0,6.2408295,2.59875,-0.13046598,-7.745543,-0.98997784
2248,train_images/6d454444f17c.png,060559e51edae7d6288225b84af68f6e2b1ede4c5857a1eacfadaec95182c524,2248,2,2,-8.325668,0.024353027,6.751874,4.2967167,-2.8809934
2250,train_images/75238d945315.png,c2b1e3fd648ab57e5acf77eb6104efda35d8f0ee70fb4141087c8cf12c608111,2250,0,0,13.091223,3.2431412,-2.0739768,-9.038733,-5.1721597
2252,train_images/ba08cee68c71.png,1f66a03304b965d12c3484a2d6c50f548eb501f780cf41951d82a7be42655a71,2252,4,4,-9.379368,-4.290961,-0.040200233,6.2531633,7.299699
2259,train_images/710b05a96e0f.png,c692a701b406677649dddcad57dc4056048c9d2eeb5448149d0e9b8efd8aae3e,2259,4,4,-6.2568417,-3.8404875,2.0567412,-0.3391255,8.266662
2264,train_images/c4e8b1ec8893.png,ce138e931f88d11470a33d3a8c2a54e757a80b96fb9091b8a87decd0d79386fd,2264,2,2,-4.042326,1.1042376,4.868023,-2.2756782,0.23369122
2269,train_images/2b5bb6d33959.png,0739f35e8dea57d65a9d8bdcd960f8d0b54da7831bd57b8c1c5994c2b6ac3ae6,2269,0,0,10.852098,3.493885,-1.4901152,-6.240503,-6.5942397
2274,train_images/2974c6ad1d58.png,e57746139045bda6beecdb616d55a8d7e4615b3947f0ba839195124ed495905f,2274,0,0,10.015396,1.6854639,-0.5612874,-6.3507915,-4.765609
2282,train_images/05113073b268.png,a132fb8c543805f3ffcf23a7de4cb621f35707d1462b066075cf8573e50c7c53,2282,0,0,8.232823,0.85035706,1.4044213,-5.8910728,-4.5758276
2287,train_images/e0b5a982a018.png,0c127fbe684ece2517b408898e9c83b797fa7cfbcc8f741e64d5709d798552d6,2287,3,4,-8.071045,-4.9463534,4.755123,2.7363815,5.3855734
2292,train_images/c7c0470bcf87.png,c2cce07d109f30041aee8d3c1ad6f44b44ded596146330a019026068373d4e63,2292,2,2,-3.529667,-6.123698,4.7578297,3.817254,0.96270657
2299,train_images/66393d8c60ba.png,99c229b323181ce20ad6fd890ed7ad791b25ebfc107bb2bb26dba8035ba954bd,2299,0,0,10.75324,2.2061548,-0.7302499,-7.143372,-5.0597205
2303,train_images/16ce555748d8.png,07b13099d3359626722ac039f9f80da8744bee588289dfb2c2bce28f4395211c,1306,4,4,-10.000687,-1.8192081,0.6942463,3.8424253,7.145131
2308,train_images/0161338f53cc.png,e00a95f1bd202fe395d509b23c635c75e87f0d66f5b7610149c92ba3e030ccb3,2308,2,2,-9.833633,-1.3335886,8.9080105,-0.7550944,2.8410177
2312,train_images/1b8ad0afe9fb.png,c4cd5e14da5bd2b7834748065126dab4044d43c733cddda4d21e0850082bc391,2312,2,2,-6.191828,1.9068356,7.5259333,-5.2898526,1.9355192
2314,train_images/3e1f8fecb06f.png,5f1965411c85f0bfd5edc02b2b65d562e16e9cb47d7c5abca9df70a1bea5ef15,2314,2,2,-9.957615,-3.0808792,7.5357094,3.4945226,1.8687716
2323,train_images/38f1901f214a.png,c398c80291d7bd9c1d47f92e601e4dc36659770906399a5e69970598cd2c9ce1,2323,0,0,10.133884,-0.7260809,0.8188753,-7.462046,-2.6934266
2330,train_images/3b58b02c89ed.png,10b2b2cf3b794264deeb9438c2a79508180be3df16bd2e4dc7013fed32babdfd,2330,2,4,-16.152958,-8.594419,7.705246,7.0939436,9.721677
2334,train_images/ea68b58a6e8f.png,a7341b26af461018d0205e8f4bf9f09a071eef6e067539f3fabd50cf19007194,2334,0,0,13.583884,3.4116096,-1.6885524,-8.997335,-6.25474
2337,train_images/bfd5c0e55420.png,b539b1b9c074dc57df66e5003a2ed2a5e25e138aeb4b3883d1470e6406fde685,2337,2,2,-3.8113995,-0.82053757,7.2866144,-3.8215146,1.0766172
2338,train_images/ed246ae1ed08.png,3ada0af8ea9fe7aba43df53b9656c747e87a4867aa966cc47007b3d11f19c4aa,2338,4,4,-8.270821,-1.5997181,2.1104417,1.822989,5.808696
2342,train_images/be161517d3ac.png,f17c8f21926442cbf2d1e5ba36b411aa3157dce0f90af3d8d8c5a0238264b06e,52,2,2,-5.855236,0.9523344,6.929985,-6.3492866,4.2048254
2344,train_images/a3fcf42ff56d.png,32c4589a5061a4d1273b275860a39321731b4554ecb3399c7e074b916bff7c86,2344,4,4,-9.8894615,-3.5387144,2.6207705,-1.9555894,12.582765
2348,train_images/3b10191dfd25.png,529f064fe0a3d63afa871276082feced4734775a8c0414a0eed92d7966f02e82,2348,0,0,7.6256466,4.873727,-0.18103933,-9.02362,-3.253285
2356,train_images/a04fb36db784.png,c6ce210915ae56bfcd338fd3b12d28e20ec0159072d82fd7b39cd1c31a53f5dc,2356,2,2,-9.7150955,0.03781128,7.368887,0.44484007,1.7227278
2362,train_images/a8652b2de23f.png,f5ce43f82c310c8a40113672085ca4f04e95681b13ffd56f7db7a87d5a8f9af6,2362,2,2,-10.397266,-1.7103033,6.71873,4.206605,1.0094547
2363,train_images/64678182d8a8.png,4f4b0f2a1a4ca38b19fb43e298a4a561689e0fe534ff194aae4abb394d30e75a,1356,1,1,-0.695179,7.788574,3.3259163,-7.107945,-3.3416176
2366,train_images/5a03fe3ed15c.png,df455a9ceb336871db162c6cdd92bf62f48dc49d40a8138840147cb6dbb564c2,2366,2,2,-8.679192,0.58288574,5.830924,-0.19347823,2.317007
2370,train_images/f30f203ef51e.png,ed95391b952761dc85e3d88f65297b81b3f7250931d1db87d7a87d100fb54acf,2370,2,2,-9.310577,-2.8641334,8.804115,1.2979754,1.9173927
2376,train_images/5889a0c75cac.png,7b6b56a3f4dc17694e2056dbc2e9f414218778d4a18523d3ea7a310ea16a591a,2376,0,0,10.000309,3.8631268,-0.51993656,-7.4718356,-5.856795
2383,train_images/3aa2b1ce6700.png,f0b823b2b871bf4e9a7988447015e0ae1757405b9a7abc9407f74809f76675b4,2383,2,2,-6.5737514,-0.09534168,5.7679987,-2.0809617,2.8806992
2389,train_images/addf66a50f42.png,41e2f1f869ee32f3df2e340d6fe32b27943e3266ee9c4f6a90bc9d6aff3c23f8,2389,0,0,12.565423,3.7398548,-1.3788857,-8.837815,-6.046697
2395,train_images/922586d86cd8.png,f4ff5fbd440d389f416707a8e58be8ce62366966fef1785dfc5eaeb81fc512c0,2395,0,0,10.896155,3.4096203,-1.0685511,-6.572507,-6.630439
2400,train_images/73e83a07a16d.png,f2f175df5f62713e7eafc9cd4a2a0542b17b5fae55909fe2c9ad5aaf24492572,2400,2,2,-10.195469,-0.1155262,7.1962996,0.8133176,2.1404343
2405,train_images/8bf2d925dc0c.png,b467040f418e1f09d52bf16b4dc778aab0b1cb485f544aee2c2e772c50319608,2405,0,0,13.570147,2.567505,-2.2327573,-8.856635,-5.0076156
2412,train_images/93d6d20a5ee3.png,98f186c3b0821761710f56cf3c0d8c792dd4b9525ed2d77500fa404fdaaa2e59,2412,0,0,8.645469,3.878151,-0.0763278,-7.050546,-5.389876
2418,train_images/8c2f0f04e1ed.png,ccefde9364222214289a2640b4ea9e2d236d7e2db64151ab2cccdabd0c930700,2418,1,2,-2.52145,2.6549501,4.129059,-4.140845,-0.17119503
2423,train_images/2d552318eb07.png,41529195fe1bc0da1b287ee5b297f29ad275d175de8e8c28d4302401b5728caa,2423,2,2,-1.4565907,-6.0546713,5.28135,1.4336147,0.6908064
2429,train_images/a30a143a53a3.png,7a67429a5131d6ff43e384340addcb97fac7ad9939d289ee3c1a60ec898e80f0,2429,0,0,14.216705,2.693121,-2.4218235,-8.6708,-5.755389
2435,train_images/75a4343b12f9.png,3490925840da2b4ec986707abf52edf334071703d71da81dcdeda81c6f2acf0b,2435,0,1,4.465788,5.2845535,0.8627114,-7.1376204,-3.4699817
2442,train_images/789c60cba801.png,8f84819a1521a6264da2cddb81bc2c164547dbe84f4fafdced52c68781e6a133,2442,0,0,13.257665,3.4683514,-1.7606733,-8.824061,-6.0943074
2447,train_images/2ef4a04aed1b.png,aa33ea40df658effc3a5989a75514b3ad8283f8100c9797fdf1ca629389f7b96,2447,0,0,13.012251,1.7644186,-1.5606327,-8.361101,-4.812073
2453,train_images/d66ccb75ada1.png,ce60ed83d441171ce046727900c568e1dafa98d74aa87d9cdf6fccec7550497f,2453,1,2,-6.689646,0.55076504,5.9322042,3.4105077,-3.2969112
2454,train_images/c21eb81de9fc.png,017d88ec9e3efcf2cbfe9ae830a4e02d67b75c6bb9a3d0b74c718a88377fb374,2454,0,0,14.048071,1.5566893,-3.1243463,-6.6048703,-5.8129473
2459,train_images/4b422b48d0d4.png,63c47588cf8ab9732aa3265334cbd6da4156b706a447556c887d218887560879,2459,2,2,-10.651379,-4.469105,8.083574,3.888761,2.9958324
2464,train_images/2da82d14e1b7.png,e6aed037a8093c646b0db91fc91b9dcfc5e60a0cdd6df73c078e3e82bf709ebf,2464,0,0,12.370669,3.6264143,-1.3890615,-9.025372,-5.551874
2466,train_images/cac40227d3b2.png,e00a95f1bd202fe395d509b23c635c75e87f0d66f5b7610149c92ba3e030ccb3,2308,2,2,-9.833633,-1.3335886,8.9080105,-0.7550944,2.8410177
2471,train_images/5b3d41626ec5.png,9075a3b98e674eb22ba831075f857a465cc65c5512e4ab5b773f1ddd0c74655d,2471,0,0,11.653205,1.7794151,-1.4330549,-7.0363116,-4.931911
2478,train_images/ea4ce9516144.png,6348228fe8bc9f59eb44e893e9c15ce80412670ef396e551ab3bc8e0055ab3c4,2478,0,0,13.1434555,1.6814661,-2.0421145,-8.021855,-4.713897
2483,train_images/6bcce181be65.png,5371ce791b90c5760b2e688b5c4affecf3acfc1c7056e643300cd39f2b026cad,2483,0,0,9.857844,0.3606987,0.39097738,-6.3760495,-4.175398
2490,train_images/b10fca20c885.png,309aa3e28f15312f14568bc71d1dbcbe29d504df216f6f4e9d5573e516bb8cab,2490,0,0,12.717629,2.5754633,-1.8982053,-8.15282,-5.2072425
2495,train_images/639915f58a2f.png,608235abe7f234588d3307445fe51e22e79da7e8f984238f2f800f5a65d1825f,2495,0,0,12.590772,4.7243986,-2.262649,-8.648785,-6.371672
2499,train_images/a66c3165876f.png,608c8cb71b5ece8479bf7df45ce86a6da4fe00f87543b73d7532af1cf9a1d18d,2499,2,2,-9.467159,-2.1434317,4.6862955,3.128323,3.6233826
2502,train_images/144b01e7b993.png,d9693f423433ba9af946e90eb9c4ef4ca1437c9be236e3087d8decee8a86835f,356,2,2,-12.173573,-6.379203,9.711538,4.2588778,4.394349
2505,train_images/ead23cc922ed.png,1fa24390ae066516e0117c1a9f493e5023273e8050efed4498bf80880fb68ef0,2505,1,1,-0.30221367,8.089746,4.3065424,-10.478905,-1.6636763
2508,train_images/1632c4311fc9.png,3bac7a949ac4807094cf5900b2355bb15ffa3c40fa8b97291c271ccf2cc4e383,1468,2,2,-7.9914513,2.3301334,8.080018,-2.3262877,-0.19678688
2512,train_images/9f935fb38440.png,7f9493e9813c4c4dae992e2c16f48bc7a2da92837f148087c22e6abdfbc7f3a1,2512,0,0,15.517948,-1.2709007,-3.022483,-6.148892,-4.9952135
2514,train_images/77a9538b8362.png,f7b42e43e4e8cff395759bcc92fcb72b9e7768d178d8a3931bf0f2eeca264e80,1871,1,1,3.8146038,3.9412422,2.688488,-8.209037,-2.2207422
2517,train_images/b9b6ee2b9453.png,a415f02b4adb31bf9bb285863c379995bd90b590381acb68cbe500af6b83efda,2517,2,2,-10.847153,-1.7067432,6.568262,4.9106793,0.9232178
2522,train_images/60f15dd68d30.png,b69cbec9f6650dbedd3a7b25d5ad967edfcdf9703339386b961add102c45fd45,5,4,4,-11.059048,-4.228782,0.8173914,4.6768594,9.610879
2523,train_images/200d947f75db.png,dfa9edd68c177e1c01475c0aef6235227e63424f85ad9d126cef6ffc3a37f53e,2523,1,1,2.1529388,4.007781,2.0326638,-7.6612554,-0.5738354
2527,train_images/0180bfa26c0b.png,db109bf7ac8cce776b3b67fdaac05526b3356d6c2915ba80daa9b53859916ab0,2527,2,2,-12.977306,-2.5238533,8.444296,2.6512163,4.2116194
2533,train_images/c5b58cc992af.png,bab4631cf67174a86e73b9617f873a6c769efcb0991eb00ca9c281da72e77f9e,2533,0,0,12.582218,1.8114834,-2.249182,-7.50808,-4.589131
2539,train_images/05e9126dfa5c.png,23cb8b68e955d4589b52ace5dc8babfa55d902e79dff3d1d2b67fa9a8b0fc455,2539,0,0,13.109293,3.8863506,-2.3955412,-8.580774,-5.973237
2547,train_images/26463a5fb949.png,f90b8c02ec6eeca37a4808671393604b9feba0c325e763c36d36a04b5377bdd2,2547,4,4,-4.2365036,-5.5540967,-0.37332916,2.898644,7.166053
2552,train_images/d0d59ed675b5.png,2340835992ca5cab608e1ff55c60bc652510bc0a294b066c120018e32fac36c3,2552,1,1,-1.0211525,6.77812,3.5081215,-6.044352,-3.2636638
2558,train_images/de730033c683.png,683c5bb72eb34d98821063c687d97a0e00c73fe523e76e1f55ae01ab34e82ea8,2558,0,0,8.3857155,0.26380157,1.132956,-6.10538,-3.62739
2565,train_images/03b373718013.png,77063493ed4f060decab93ef02d5b3696744a55717b099541e1bc8ba2cde8584,2565,0,0,11.060124,4.6596107,-1.5869436,-7.5306344,-6.5785046
2570,train_images/0a74c92e287c.png,807e76ff4ad3067390d72f257bf90049d7ce7c117e1defa5a20a1069607dcd4a,2570,0,0,11.150179,3.8264532,-0.96753836,-7.3288503,-6.6391163
2576,train_images/0daddc45d832.png,557eb848388c1c09cff6e46add082fbededd4b08f2c7041b5a24fde79bd6c24d,2576,0,0,11.760397,4.4961863,-2.3655252,-8.402766,-5.4659534
2579,train_images/1002b5151b8e.png,dfd92f6d50b81335e9c38377e5fe08d5da7bc1efca9e30e2095f6c5d934776e8,2579,0,0,14.696866,2.3513699,-2.4234343,-9.424159,-5.136699
2585,train_images/16060f05d047.png,dffa55e36bd1de68d4498c5c3904ced4ba36b51ab765a4612416627bd12393a6,2585,0,0,12.895359,3.3190565,-2.5271091,-8.028654,-5.617873
2589,train_images/17f6c7072f61.png,4777b06fd2555788c780c52990364a811740f818d4b1923e84d6fe9fe9d9fcd8,2589,0,0,10.738466,2.6360302,-0.525197,-7.7559648,-5.0834055
2591,train_images/19545647508e.png,7e1b13bb1898c82778c50763a1f2abe0e27127f54eebb2bfae47698f04551500,2591,0,0,10.744296,2.8639765,-0.7460227,-9.846879,-2.9940643
2593,train_images/1da4a17c18c9.png,ff14591d5c5e253ac549ba6f7ddc522fee899e785cfbfc9e1fa3a7f71fb7a722,2593,0,0,13.557877,3.9684114,-2.2868178,-8.841932,-6.3497705
2599,train_images/20f86e068276.png,1c9d3821510aec59a3aee72f7cfa1216b3ae3bf94add4d5a2351e1a4f37b5f0b,2599,0,0,11.516843,-2.7769442,-0.5879092,-4.728357,-3.355763
2607,train_images/2927665214e1.png,0f946963dc8720e8094b569ae3756c3931deb712b35199d9c2712a2c4453cb0a,2607,0,0,11.550725,3.2279606,-1.8389456,-8.275378,-4.6229405
2613,train_images/2f7fbdcc9a4b.png,ce465ad827fd94f1df071ae4609385d3307df501e4bd807118381a734a400323,2613,0,0,10.335673,-0.42665863,-0.8871064,-4.3265233,-4.6650963
2618,train_images/3486f7096276.png,8692fc57a0dd189fd1e203c584be7c22fe8b20b10187550d90a39919bb9b8ea0,2618,0,0,9.324566,0.70658207,2.1943798,-6.4046316,-5.792281
2623,train_images/3b0190bbe615.png,a100e46d1128aff06e7358000d3cfdd35e7275471baf9e326d9c5e9c75b3a05d,2623,0,0,11.289507,3.666541,-1.7256408,-7.826426,-5.377573
2626,train_images/3ca8be3b40d6.png,fc87ef74fe92f61ddebcc2b56b697d40cb15f48030c49ba3659f1203d38f0fe4,2626,0,0,14.205115,-0.27362537,-3.138511,-6.312462,-4.4121156
2630,train_images/415d5c5e785f.png,13d011ef3aada9c7e0dd5393924d6cbc66d09dbfa03d55b6cbf56af7013861b2,2630,0,0,12.42,2.327426,-1.4258442,-8.118165,-5.166146
2635,train_images/4403538fb50f.png,cc3cbe43330123a17e5e6af5b4fd3d78fcf9c3798a6c96c76f8d6a8b01d247c1,2635,0,0,11.834111,4.345397,-0.76694393,-8.832108,-6.550709
2641,train_images/4aa3d771c5e4.png,7e2cda3ac6f0cfbc1db9cd5aeac8496c2605e1ee4bd0ffbd51fb27ee3c8f71a4,2641,0,0,13.920574,1.4747896,-2.1071324,-8.302681,-4.938181
2649,train_images/4dd7b322f342.png,1cf62edd6f2339556da3f0267399a73de367483bf53b18ee3d83ac6df3392612,2649,0,0,6.515276,-0.26691723,0.66860723,-7.151178,0.22767544
2653,train_images/51af8a689511.png,70153b2a2dd39d932040b7553e4d7b7b73673c32590ed4de8f803391a9c3c66c,2653,0,0,10.685155,3.3247824,-1.232492,-8.287689,-4.4698596
2657,train_images/54f57cf26126.png,b6f696f0921a03c3c8d465b639c6d4e61456f2acc744889df0286cbd971772af,2657,0,0,15.23726,-0.3220091,-2.8927372,-8.118308,-3.8392615
2664,train_images/5c85d22bd0de.png,8b19bf39d57869002a28be21f5e650b7ca3cb6d794eeee7b53c42014fba6b131,2664,0,0,6.8817043,1.779849,1.0703654,-6.5734167,-3.171721
2666,train_images/5de4615a5161.png,50b257593ce23b39d1cc3df0cea5d46856838c471c5ab44bdbaab6836c3b7db4,2666,0,0,12.914057,2.7197924,-2.28687,-9.264504,-4.0453377
2670,train_images/65a7fe9482fe.png,b4c4d3869bf9676f53384e5c1906172e76cf39f7d8ded643d0e988f1b340976e,2670,0,0,12.037014,2.5936508,-1.5148554,-8.052945,-5.0211587
2675,train_images/691eeb59b4cb.png,e2d5ee6fac6092f1e0b09cebf0ed5d4f660c5d3bad7a5ee1752ee7b2cc18ea4b,2675,0,0,13.14263,2.642848,-1.6403663,-8.115767,-5.975829
2679,train_images/6c3589d7ed8d.png,324a0d67f126e97d711f61f55ab2b4fba2aeb315818098701fb4f17a175d99ea,2679,0,0,13.8184805,2.9979362,-1.8696477,-9.565156,-5.3411875
2685,train_images/7214fc7cbe03.png,86d3ffa7587b7d04cda99202bbaede9791097d99f936637ad995e4e49d4bf37d,2685,0,0,10.330759,1.5158978,-1.7003279,-5.0893903,-5.034239
2690,train_images/7a77c3eb468c.png,a90e998f336921a17fada2be37b43abe5352e0e7a0f45d2103101597f3c585b4,2690,0,0,13.125405,2.6065903,-2.2418013,-9.143256,-4.302804
2696,train_images/7e77b61e1639.png,3b75d903c4c02733e59831f41ffa3cf99839a6cf12624c22f1187e523d148fbd,2696,0,0,9.6443815,3.4839058,-0.9609461,-7.1473556,-5.005825
2700,train_images/82088c6734e6.png,ab407cad7f1634c3ae12560eb7a1bd97bddc4e5112e9b2cad908bcc497772eb7,2700,0,0,12.275674,2.5894146,-1.888592,-7.5343213,-5.407939
2706,train_images/86d58f850a0c.png,6a19685a30aefe0159de595005c5d6c3a6e155a25faa5ef2e0547b16e6b1ae39,2706,0,0,10.264296,1.9006815,-0.768548,-7.8425784,-3.4980254
2713,train_images/8d9516ea3587.png,4d524cf92ee0a0745c91a8068d0047a9f440738b0455e46510b79ca4e1754e35,2713,0,0,13.48012,2.1474285,-1.8096528,-8.69894,-5.070983
2716,train_images/9039cbfcbb2f.png,b8f714fbb6641449c62f884e3ad551dd35e299b2416bb3f3542210672675cc0f,2716,0,0,7.756071,0.56656456,-0.22762966,-8.03781,-0.013324738
2722,train_images/98277aeb96a7.png,f1bbb8c9937a08e841000fc8f73ee5daaadd3ffb2178b08a759787b3fabe0130,2722,0,0,14.22483,0.6098795,-2.4107082,-5.955951,-6.4013343
2729,train_images/a1872f9c0cba.png,2d322858c7a81d81d45d5df8cd04b79cf2bb7cbe054927cc590ce2787eb78164,2729,0,0,14.646422,0.748518,-3.3659356,-6.408605,-5.55685
2733,train_images/a419fcb2dfb5.png,fb2cf53874170d4016627b21fed31ab86c267ef46c666544c20f7b70c344d5bb,2733,0,0,13.265461,1.36483,-2.799751,-6.293425,-5.4732304
2735,train_images/a4ee03ecff60.png,012fcab62bd623d6bb0169fa48d5e44c0892b468946fcc9ecdc27218872ca28f,2735,0,0,12.531328,1.0944376,-1.8615222,-10.766545,-0.9789858
2740,train_images/a8263d248523.png,8e0fbae6b6499b1c3e1a5dde60c13e3ee645101f543dbacc7a71cfbaf058a1cb,2740,0,0,4.4059505,-2.4026442,2.7041578,-2.166051,-2.526044
2748,train_images/ab7991df166b.png,bd4ac5940602c91328685b93784846af92eb91270ee827d3df230e0c9948c9cf,2748,0,0,5.002964,1.7435217,0.6892204,-5.711492,-1.7351465
2753,train_images/b0b3b16fc305.png,6e53db3aa3b0e818f984b5e85221cf8738397a54fa8430d1b9149411bb17c4bc,2753,0,0,9.633706,1.1563816,-0.85484314,-6.223953,-3.682002
2754,train_images/b294927b14b0.png,03d7950a7111bb0f7bf924c8687b388918364795bb6dae2149e8e1f9ca658125,2754,0,0,13.269757,1.819397,-2.6339078,-7.1802154,-5.2343254
2758,train_images/b8dab47a260e.png,7684b479770aca495ede95decd33772a4f1fd445124e2e65bcbd24cc00670c9a,2758,0,0,13.031274,3.8513174,-2.4491982,-7.427193,-6.9644403
2764,train_images/be8697eb2078.png,b68c568a0914151826717d01c086784fb296619be26b7e7b495fa1436324b2f8,2764,0,0,11.099803,3.1425648,-1.0094032,-8.506818,-4.69726
2768,train_images/c096131ad065.png,d58d507e2386a3e9bd48564fa2da8b472a53470d517e4eb72327cbf7cab7440e,2768,0,0,6.785534,1.9963856,0.2930832,-5.617901,-3.4662886
2776,train_images/c5a0e84e955d.png,a113ae233dbc4cf6ee302e00d99e274a1348bed0056cd97e9c3a9678fd48cc5e,2776,0,0,12.959301,-0.85399246,-2.3468444,-4.345234,-5.361223
2781,train_images/cbc23af521f3.png,ae24a88d81fc755f139e6de7528751e4535ec16f1fa6204cf6cfb4d39adf458f,2781,0,0,10.912853,1.0078526,-1.4836323,-6.419482,-3.998633
2790,train_images/d69698f838db.png,09c0e09f106bb3306c44f5b0638332aeeb34a28e4130a1b7e532f2f0fd6ce33a,2790,0,0,13.354362,3.4461594,-2.1492631,-9.358771,-5.24758
2791,train_images/d7078e8b0349.png,d4fd3ba3d4cfe7949a5e40409ee7a9e2af7bc51c2b70a8db03dbf3c8149ff000,2791,0,0,10.937438,-0.2384634,-1.5565908,-5.4348235,-3.6885128
2797,train_images/daff5427c9b2.png,392c9a2d351428d54ef913ab29e45947334422b15bbbf519fcf2e1b8a6024d5d,2797,0,0,15.037278,-1.2847042,-2.1575363,-9.169413,-2.359817
2806,train_images/e529c5757d64.png,bb4ae78ae7e054575f67b91e35f3248532dcd6c64337e355ecc1dd8276f2f5f8,2806,0,0,13.853321,1.2389755,-2.120434,-7.0128064,-5.8840322
2811,train_images/e8e44b3160e3.png,e834e54b18c07faf7451d974992a87619b9bd45af0c31e49334abc08e60b5a8b,2811,0,0,8.426037,4.9944916,-0.33982515,-8.416538,-4.6904864
2813,train_images/e9f3c85a2a02.png,c1639eb0deac9fe9732abf1bf5be46826186a81a28c968c2dc139f9c1b48de81,2813,0,0,12.757288,1.9739838,-2.9714227,-6.900862,-4.8200064
2823,train_images/f7735b6d47f7.png,3293a05d61e23422af7f435b219fa213be61a57f358ca8817e4fa492dac9025b,2823,0,0,13.611209,2.6804228,-2.140017,-8.13438,-5.975198
2825,train_images/f8d62557ad0c.png,441d159cbbc931743d3c874e96bf923816808920343dcd33e12dfe7755f885d5,2825,0,0,8.395999,1.7767353,2.0359573,-8.762072,-3.4156842
2834,train_images/086d41d17da8.png,0dbc89c5ac902ea1bb6999cbfe846dac0993e5535dc2ded701674d99f0507fc8,2834,1,1,0.23667145,6.337391,3.5845652,-6.194571,-3.977767
2836,train_images/101b9ebfc720.png,9b329ff048205ab48bf0b1c21ab9cd4e245ec75aa33066c8205dece0b2dcccc6,2836,1,1,1.6230984,7.014168,2.9223804,-8.504774,-3.0817757
2840,train_images/1c0cf251b426.png,1a22c29dee149de4dcbc2cd958475dc6fb487c8fdeb4c209b74eff7ac6f696cd,2840,1,2,-2.8466072,3.090252,5.1136866,-5.720283,0.30758667
2844,train_images/274f5029189b.png,ec3308cee508323eb2fc2a7197f724baddf767d1f0f43284aaacfcfb9bb44eed,2844,1,2,-0.89017105,3.7356863,3.8793783,-3.6793332,-3.117093
2849,train_images/33ffddea8c6e.png,7c7faed46d15f53afdd6e00e5832fbb0282d940d98d48298b4999332a887afb7,2849,1,2,1.7029362,3.6949186,4.1587086,-6.3754725,-3.247919
2852,train_images/4e0656629d02.png,504ae0b827b25c5ed37d5bc4b12334a4071b8b974883f855cc32aeb726eafe28,2852,1,0,5.593313,-1.9660263,2.4654226,-5.421585,-0.65124893
2858,train_images/5b0e53f53ef3.png,40300032ee7ffc37b079befdd191dcc6d796c8f4c5544845b7c700402edbfa9f,2858,1,0,4.112055,3.2141504,1.4351544,-6.0646477,-2.7282228
2865,train_images/7f60f2a083d3.png,753cfe459bd4f9151ea485cda35476781f9bdce44ed3555da87833247782a430,2865,1,2,-5.3311386,3.0761814,5.007063,-3.8430476,0.99818516
2871,train_images/a2696f444ecb.png,0364bb4b667cf909088e64a0032689c8582cd3093d34632f68bd42005c86587b,2871,1,2,-3.6198215,-0.8081331,5.635127,-1.1417032,-0.17356873
2877,train_images/d06ccd0cf4b8.png,1589295b5ac7951f998064301165fc52a1bbe62ffe358ce4c15884edd991b07c,2877,1,0,3.5488434,1.6245594,3.3383255,-4.2107735,-4.277009
2880,train_images/d5b4705ac2ee.png,a5d426824f776911b457e6eeef02988a25da8da69145745db93792a8316c17fa,2880,1,0,13.49627,3.3702297,-1.785126,-8.866427,-6.16061
2884,train_images/e26d8718ca58.png,f8f8a5e81d15873185b40718963c87d89d43cd17c962752a344a9a2a40e17790,2884,1,1,3.296978,6.240595,2.1860118,-9.508025,-2.227005
2891,train_images/094858f005ab.png,349eb9799526ad094c321854aaf6ad7bafa2d84befefcdd26d288e60c554c633,2891,2,2,-7.424408,3.0035858,7.243906,-1.5297669,-1.4216022
2896,train_images/1177d583c807.png,78dd040877aa17a48c28223e33b49846a7ba6b083b0b4551ef96b7dd7dcbcd13,2896,2,2,-5.6950836,4.5296707,7.385065,-3.0960708,-3.2234898
2905,train_images/22ce8ef69357.png,a27fafb6957a6608881335feeb3f5f95f8175d6e35a61a75e65964a792cbd6a7,2905,2,2,-7.697912,-2.5061903,5.6725082,1.1645104,3.2478666
2906,train_images/23d7ca170bdb.png,d4cf178d7109f64313f756b38740110033406613a5639551b257931b33baa660,2906,2,2,-6.566761,1.2280664,7.819724,-3.003179,0.41422272
2910,train_images/28f93cad89c5.png,002a8b30e8313f8742af31ce33425ff6daab9edd31eec49364f91885686459bd,2910,2,2,-10.616993,-0.42541122,9.721873,-2.5095062,3.6817513
2914,train_images/2f9b66784109.png,66f6ab81877a8cc3c94f8d9a455a78396eee14102d270774cea0885a869ff61f,2914,2,2,-8.4924965,-4.440879,9.738329,-0.5796174,3.64087
2923,train_images/48afe8c47454.png,3180da9168eceab0070e202792dd82390c90cd1967d3c69bad5b8a9e534594d1,2923,2,2,-13.116871,-5.980538,7.2873344,6.441404,5.1673555
2929,train_images/51d780864365.png,3db40182fd4a578f511ad15bae7bf227588cd7d01f5adc797596eafe3874b237,2929,2,3,-12.694778,-3.5337477,5.724823,6.012797,4.31557
2937,train_images/5b644a403e1f.png,e62aa1c58ffb49381e3c44ef76d58146c8acb391254f0d83f746500d3e8f4a40,2937,2,2,-7.897085,-3.9757004,7.2580767,3.991057,0.51412773
2942,train_images/62ecdc90dd42.png,9e75bb38c9a0450ca536cc95357030d750bc969ae3ab0789dbf076b5e8dc2297,2942,2,2,-8.953938,-1.5735922,6.6067142,2.03204,1.6921968
2945,train_images/6b869f37cdf3.png,0d2f06d331fed4a62599db511a89704287fd6d2b347d426ba3c8fc847aeda26f,2945,2,2,-5.3976345,0.37709522,6.4227514,0.47273183,-1.9510427
2949,train_images/75a7bc945b7d.png,bfc613e558e72c471587f66c637a5d973657a9d1891816994d85abb7653b338f,2949,2,2,-11.013081,3.9077244,8.143225,-1.7141007,0.5286455
2957,train_images/8000a6b97a84.png,8bb6439d5d50bd1784f891860dac6fc3cbd7bb748c150f8ce98fc26d2c52528b,2957,2,2,-10.135242,-0.3529005,6.18279,3.3524103,0.79857445
2960,train_images/82f2784ead76.png,1fe5502b7186075f1985fea10ef907fafbf2992e67471f709d05c02561f37d98,2960,2,2,-13.630394,-6.5394335,8.087221,7.0004354,4.882347
2971,train_images/91a88d3b0358.png,63ba8ac13fb4dcdd55289f85e9731be89396be355c7e8c28c7cc315437fcf9af,2971,2,2,-3.1733685,0.24232864,4.330036,0.887642,-2.3824244
2974,train_images/96d48b073f18.png,27501303c0613afbae53524fbe1150a72598e7e7f1fb19af5cc4a9c946ee9f78,2974,2,4,-12.446789,-6.080844,7.4578667,2.4901602,8.393758
2980,train_images/9e5ec293267c.png,8e43e0a0087829cd244771818cf24de21244e32706bb0d0e18310ef9dc301b5c,2980,2,2,-9.078892,-1.9301262,7.9926558,1.918213,0.9636049
2981,train_images/9eaac43744f5.png,2bb54f5019aa8a847042bd50f0cc359218bb00a58a38c780e2226fe23f091e55,2981,2,2,-9.578777,-1.6374111,8.265121,0.6196273,2.2076855
2988,train_images/a879c3569552.png,1ee454e99475ee6da934bcd0a08fb0368aeda83c6a54ab31b729c6d53152065f,2988,2,2,-9.857613,-4.6321335,7.740039,3.4863257,3.099248
2992,train_images/ac2c814949f9.png,cf7839df5a131b4ba1f210ae91a5c07251ee793ba4774ec027e33311b2f1c544,2992,2,2,-5.786049,-1.7338295,7.478075,-1.3063389,1.2217417
2997,train_images/b402b18d99a5.png,022c4d61b79fc0f2397ffb4afa68d1eac6e5201e7fc7ea69eeb81fc7fea90077,2997,2,2,-10.397232,0.30675983,8.936423,1.6237183,-0.6136589
3008,train_images/c87493ed320c.png,86e2c05e70bf9c775b431ce4f5ab3f68ed786746a82541002368c5342fe5148e,3008,2,2,-11.8122635,-4.3321314,8.474816,3.7152543,3.784524
3012,train_images/d29096bd94aa.png,9b20baa943c45853454ba7a9f1c945aab8b2a92c5c6abd79e96cad7773486599,3012,2,1,1.98526,5.890339,1.9713631,-6.2716928,-3.6127062
3016,train_images/d88806d9ece9.png,70ed44fdfcb5f53e971aec3e40f62f23884a1fa5e237c7b41f958189a25c81a3,3016,2,2,-2.5975647,-0.95745754,6.69952,-4.548312,1.296711
3020,train_images/db49cdf1ea64.png,0fe95b82139fb37c5afaf44f507b1f71160a1906550bc632e02bed67c5c4cec5,3020,2,2,-2.3497314,3.5486479,3.594513,-2.451148,-2.4346352
3027,train_images/e65f94ad9be3.png,2153cffd0d5a1a43c17e4b03e3389d38a5630a641e084afac0f8af2100e5dc05,3027,2,2,-12.242767,1.8818293,8.498169,3.0321274,-1.3445368
3030,train_images/ea9e0fb6fb0b.png,d4cf178d7109f64313f756b38740110033406613a5639551b257931b33baa660,2906,2,2,-6.566761,1.2280664,7.819724,-3.003179,0.41422272
3035,train_images/ffec9a18a3ce.png,92a11dc2119c567600ac7c30e56d8518f62dd72a0efc0a0b0cbf1510687d3eb9,3035,2,2,-9.287327,-4.2802324,7.103924,6.04071,0.3006153
3045,train_images/51da6aebba8f.png,f496ed133f0c1f50acca7bff86cf6d44bef66e28c8be2b510f17071f473ec8ac,3045,3,2,-14.217857,-7.948176,8.809431,7.4986024,5.658717
3047,train_images/788ddb0b70b7.png,7fc5f40f6624d1c311a104b8d762576b521dcefd30f77870e7127ce5008e3173,3047,3,2,-10.339764,-4.2210226,6.3410797,5.795068,2.258935
3054,train_images/ad2f0b9d059c.png,9720e061ad6bc4b523100c34129b22a21c63d28264d1bca015a3e84de91ed8fd,3054,3,2,-8.815575,-2.7838907,5.3890934,2.161957,3.8739147
3055,train_images/b019a49787c1.png,2a3767cb018a37cf061731e0c474db4ebb9870a3ed810a1b0b38e48d0e3184b5,146,3,4,-4.6507015,-4.431646,-3.1187172,3.5220504,8.560403
3060,train_images/c3cd0200df79.png,8adf033b3bc421dc11856ffbd47d04cb2064a43499b24520e15d4a6252d9f70f,3060,3,3,-11.064823,-7.0780463,5.404956,8.122099,4.4239683
3065,train_images/1efa5d443707.png,8f563d28aa1e878e03306b7315996404f25157692501c06e76229137bd35f13c,3065,4,2,-14.346268,-6.017344,7.249133,6.863524,6.069853
3071,train_images/3810040096cb.png,9c803d33c3d677fffc77e5098300fdc9903ea7bd5fd4fef1dab7f08a28c5a35d,3071,4,4,-7.957138,-8.690062,3.4050856,1.6388111,11.457828
3072,train_images/3b232b394e4f.png,6a6d8a6717d39f42d22c0532a192d0d79da0a42f3c9c14b7aeaea7bca108ad5a,3072,4,4,-4.873995,-6.533953,0.062224388,3.5069785,7.7244806
3081,train_images/7bc4dd99eee5.png,f53a8ac3dbb85783734c3a062e9c215ba723a41765f6b0a2fc892b476f4061cb,3081,4,4,-5.5383663,-2.2267666,-2.4226525,-0.61481845,10.673501
3084,train_images/8af6a4e5396f.png,92a262deaac45adb8eca0536f45734f17b34e880ba2c29af9c3fc03ba5b7cc92,3084,4,4,-12.144711,-4.119238,3.5124207,5.975258,6.6000624
3085,train_images/8eeac97f02f0.png,d55d0d55201b21827d454bab38f55057cf2c700b44682f0d7b509f57fe1583bb,3085,4,4,-6.701956,-3.9850707,-0.94070387,2.1412327,9.34179
3093,train_images/b96b518596b3.png,dac95f95abf376924c1e19d7937d289d3017f04f90b8f7b2b5c19a4b95655dae,3093,4,3,-12.614178,-4.9425144,6.437254,7.108032,3.827736
3097,train_images/d2901144070c.png,5811f8f5bc36e7c2f560a6c90d798e2c47686da7d14550161cabaf4ce40fdf5d,3097,4,4,-4.4985313,-1.8619766,1.7412014,-1.6219388,6.1436186
3100,train_images/e037643244b7.png,c87eeeea3392ba1c66ff3df64cce02b2c05616d6591ed179f1ee7fdb362ad6c4,1072,4,4,-9.242252,-2.4871922,4.336281,0.17107153,7.0723047
3104,train_images/ed3a0fc5b546.png,fa3754e0186a17cbf81ffccd74120c7f10cb56b7092a56b6f0717cebcbdb8a4c,3104,4,4,-8.586052,-4.781,-0.5916357,4.9886436,8.7984915
3107,train_images/fce93caa4758.png,d9b5662d37b6e11aa4d434f7b86fa320db50d5c6fae12f7e8ad73de1a560e81f,3107,4,2,-7.1551437,4.4077253,6.1126347,-3.6597319,0.18725872
3110,train_images/0231642cf1c2.png,1cecfbd9b8d3830182c66a08553ea5f3bf74552959dbfc488531fcaa22f57527,3110,0,0,5.990017,0.74696445,2.9203434,-3.4569983,-6.18707
3123,train_images/12b57dac703e.png,156a9980cc878108d0f425c69c40ab056a64e8c0a773dff8f000f9afdebe1d52,3123,0,0,6.3441734,0.037293434,2.3534484,-5.1466274,-3.579906
3125,train_images/150fc7127582.png,5c7ed6861d004245c7c83f2ada37fd3751daf1ec0837fceae07dba8835b7855b,3125,0,0,11.921648,2.5745773,-1.4582062,-7.315802,-5.6793237
3127,train_images/15e24b73d4a7.png,1fd0e256333072fbc97a3d807a8c02355d1c11eaa58dd4b82dfdddb21ec7cf6d,3127,0,0,9.41693,3.431244,-0.44195652,-7.9119973,-4.4777083
3131,train_images/178412895d5e.png,a6e9b7f9352e64e9a7b521411a05c3032eecf89a7d886b591ea708b0fbcffe15,3131,0,0,9.654407,-2.7968922,0.07324886,-3.3451824,-3.5620122
3136,train_images/1d0b93317aa8.png,75cc9ccebee385333399997c2c11b282194161e6cc60df8adaa0fd31d7132625,3136,0,0,13.441936,1.4475756,-2.491376,-6.311584,-6.0269403
3143,train_images/2209daf71aab.png,457165e2e45053639594465a6caaf474104afc0254124f3c24e8e1b7e7367020,3143,0,0,12.051918,1.118475,1.6937909,-8.340352,-6.440337
3149,train_images/2821998fc002.png,d5bff6c4cbbc4a5b54fbc03802828370179453b611a60de5d4522ebea70e436d,3149,0,0,10.643736,1.1817665,0.12500477,-8.734948,-3.213017
3155,train_images/318eb706a134.png,bf8ff1bf91def14401115852a35048e25e9c767aaa6df1842488c3f3c184e794,3155,0,0,15.049726,0.4809227,-2.5180001,-7.6364856,-5.3069315
3157,train_images/3323fd59782e.png,66f396ae7603bf65170d201e3403c9f263ff5d015a1279ef6ff98d362b33a93d,3157,0,0,10.143709,2.0586443,-1.1872945,-8.126428,-2.8881512
3162,train_images/34a7dbd3f05c.png,96d4a6f66db6227cb75d00f00f31cdb68381b1a7a3bc26f4e0329b12eafa35d1,3162,0,0,12.66196,-0.50403595,-1.355237,-7.00402,-3.7724047
3166,train_images/3fe282197c1c.png,8f9d3b74b8a40ef957fc2741de75dbf700219ae4ad12321ce3339be7eaeab5ee,3166,0,0,13.054027,0.61055756,-1.5564952,-6.8076806,-5.2600183
3173,train_images/44a86263117b.png,3c17ca371313e179bb094234e093b3f7557252cd3854a6f4eda0c61431a54a28,3173,0,0,8.775985,1.7947769,-1.0926614,-5.0906563,-4.3770213
3182,train_images/4bcee3cbe232.png,a857a2195a68bc0bfde29a827a40c89820f88bd9a1a6e2483ccdd6db2618a276,3182,0,0,13.533749,3.2491493,-1.9007471,-8.769622,-6.0647964
3187,train_images/4e4a6224a04e.png,8e720dc9c65bbf8e9a86b53e80ca735a95cb11eddf985976789b7f5c8e7c8ba9,3187,0,0,12.75598,2.1268892,-2.0158617,-7.9481645,-4.879815
3192,train_images/521b5377a727.png,1cdf76db6f9f0cbbf0c5e327fecb5f26c29005e22a30c7190d73d2b923830c2e,3192,0,0,7.916565,1.923173,-0.100296974,-5.857951,-3.8497205
3198,train_images/5a0fe0ee4301.png,efa55f9d15f09a000ba00b788e8ea87deddfb2a4dcb60d93b741cb69f92b8668,3198,0,0,11.124232,2.6759844,-1.664145,-8.844177,-3.27911
3205,train_images/63c7b0265775.png,13f966a58b448384c3d4df0543fa3067aaab45254a5391b62bc1064ab91d8a1b,3205,0,0,6.4324512,-3.4068394,1.4488921,-2.150107,-2.300931
3209,train_images/6966abf40b8c.png,1056e8da24aa163d9312ddd3e4deff8fb035ad4a77e4072a02e4676744cd6d38,3209,0,0,10.981412,3.1388292,-2.0154803,-9.689088,-2.4078445
3211,train_images/6d6be4cfc73f.png,5c5ceb00438abc309d36d40c1c388b75cad63b02ed9eed1073f73005b8ca7994,3211,0,0,10.309183,0.05263138,0.030045986,-6.560284,-3.8040128
3216,train_images/6fe67fd7f5d1.png,a427ab67f8528a7bfb303514629d6d450d03182b196a3c4a6313113abeb67552,3216,0,0,13.563809,2.2022753,-2.158463,-8.089275,-5.4586515
3225,train_images/79ade634c633.png,92ec236c8ab9c15fa89b1941c8ce611a1de900e070b6671a592c1e40b4cf567f,3225,0,0,11.743433,2.5132742,-2.341548,-5.951528,-5.9157104
3228,train_images/7fdb177b8f7d.png,e00480826596290b0d6440adf0ad2657ac8fe3b32c7f126fb56dfc62d6c0927e,3228,0,0,13.609006,2.2031631,-0.7004256,-8.309382,-6.7386494
3234,train_images/84b4da14bc23.png,82d8abdf4fe7afd5eb79730fa5e1d0d79de39855eac650dca1b7752f6f16b9ca,3234,0,0,11.444772,4.402829,-1.5600588,-8.126218,-6.130273
3239,train_images/8ab3faa3701f.png,e73a40e6548ddf146abacc6a95f5322b512b78b1fd6d7cdb42ff4cc0bc294232,3239,0,0,12.486912,1.957839,-1.9242513,-6.317503,-6.165696
3244,train_images/92889b863ae6.png,b7b7797457088e8761028b0400b3e1b624efb43140581be36723632a26a9a043,3244,0,0,9.014848,2.1131306,0.555357,-8.5939,-3.0833216
3248,train_images/96ce10a1dbd7.png,29cda9cff2b3292508a6f4512b9cdae4b85e088d9c43190ed06b3dd1a9754b00,3248,0,0,11.486502,1.8915539,-1.743788,-6.4582114,-5.125656
3251,train_images/9910c827e2fe.png,dbbd7336a58d14af7a733345f525138917b2d6bd92c7755ffaa27a5a8271719a,3251,0,0,10.769329,0.48517227,-1.7111135,-6.385281,-3.1501517
3257,train_images/a06a63d866b2.png,9ef42d0ca1506b12d26ad43e9695c60caa19820252a36b59fab8019cffe5b758,3257,0,0,12.607246,1.4118271,-0.8598981,-9.224156,-3.900723
3265,train_images/a53d6d2472a6.png,1746e701fbb00739668ce642eedb55d9fb4f650598d8904487a860ff4f2e7884,3265,0,0,12.889109,1.1878147,-1.6101704,-7.6761336,-4.7447276
3266,train_images/a5bb85afc6e8.png,e0fd0dec8c386b5827e49dd7da94984357309c8f38fc5d00c793a92be5caeb06,3266,0,0,12.763581,2.6778774,-1.4330382,-6.595467,-7.3624735
3272,train_images/ac1667fac512.png,1a6b67950976d7500c823f4bc9e176fb7de36c809b6a8e5981e10fc2df72fad0,3272,0,0,10.195039,2.317215,-0.7085242,-6.0237007,-5.753467
3275,train_images/ad20080452de.png,9bb484d968eb8b1085b097d2b3fa3c6f0af46b66cff9b949d45507ad2cfec9a4,3275,0,0,11.291485,4.3588943,-1.7184582,-6.8327622,-7.0504723
3284,train_images/b549af91bd30.png,344f3473386e5bdf27301d3b48bae168fc05bc2fe619ef6c95df292c8173174a,3284,0,0,12.854267,1.4438324,-1.9171689,-7.9744086,-4.3722835
3285,train_images/b70e7c26f51e.png,5b40c97098101077064e7c01bd82d4aa159ebe6b8aea4fd7e874c81597ed0065,3285,0,0,12.463814,2.7572575,-1.179915,-8.561127,-5.42555
3288,train_images/b7f0bc7d399e.png,e47c26e71ba629d2f224da0b760d87116609e98c182dda31e33d1ea229d9962e,3288,0,0,11.383754,1.4766636,0.2092576,-7.4900775,-5.4840364
3297,train_images/bdc6c60e9133.png,e8e82fb4a8eb546ba4da7c89d3fcac2b6cbe383a2198d3f97a084181148c1ca6,3297,0,0,12.197843,-0.13843346,-1.5427516,-6.693827,-3.778113
3300,train_images/c06024f05a16.png,00d0bdcad38080b9b6ac1e05c77e1620d464ebbb7d5daef71c09999265ec1b4b,3300,0,0,11.246799,1.2264462,-1.1252475,-8.393719,-2.933034
3305,train_images/c704bd669f36.png,917480d54cb1ea4338761b4251d1b5333271a60d87502284caea088bff180d66,3305,0,0,11.434115,-0.02073288,-1.2583561,-6.4693017,-3.6588473
3310,train_images/cd1c98ec48b1.png,5dff8b85667c80393a8c5f30026beb535850d7e4a4b6306ab3b8c0e4fcfc0b38,3310,0,0,10.912803,1.4662733,-0.17542219,-7.595675,-4.5670724
3316,train_images/d2afca74cbc3.png,369149ef3c73d671aca59d27d2881f4e901bffb12836860917646d0addd4df35,3316,0,0,13.503293,0.6450739,-1.8525183,-6.753572,-5.4884753
3321,train_images/d6dbb0820ea5.png,f5f1f6b8c201721325ec75a379c6db1e1a1dff5f5f2a386194c66ac0d29f846f,3321,0,0,13.951241,3.0850792,-1.813622,-9.152434,-6.0144734
3327,train_images/d9e58e4d8689.png,bf6c079f5da33f64f0788223d70231dab04eb02debf31d0a8cac44b5a423157c,3327,0,2,-3.6130238,0.72805977,3.2871113,-0.61565816,0.15375996
3331,train_images/dd285d9e97fe.png,d59b101888a0c1e17105a4907f6f0dbc156052849d221940c6ba896176b4fa17,3331,0,0,13.517174,2.9733267,-1.2085857,-9.501462,-5.7338495
3343,train_images/e3b47ed5b511.png,3e7aaeabf655bdd9b63c8a9feec5624ed53b071320f26ac35091d1a26f30bc87,3343,0,0,10.939871,3.325922,-1.0000024,-7.025683,-6.204668
3349,train_images/eabf421f94d0.png,fd6e9b372240828ebeb10e6e32647dd6cb038844fcf0e9bc97a26669b859f750,3349,0,0,9.352083,2.5777626,-0.9380832,-8.922454,-2.060223
3352,train_images/ec01f0862669.png,0d2581d68319924744e3f7f6b5be8542ea3fbe9189bf43831f8c156709a497cd,3352,0,0,11.415557,2.0884876,-1.586231,-8.368709,-3.525879
3356,train_images/f0267c42907c.png,c27981e72e55ad863142aee5c6e001d868059f6c0015f8aa2e200b293e749c47,3356,0,0,13.010723,1.9508553,-1.8527808,-6.884994,-6.1737595
3360,train_images/f2f569a64949.png,28972e7be32f550dfd381f297b5a5a11259f4d9396d8720d788c736c6a57c9d1,3360,0,0,11.390586,1.1375341,-2.0016763,-7.2262673,-3.268662
3364,train_images/f86d1c404acb.png,90b19733a5c2384161b0ed2533438e55fb59f95df325d80fbdaad188ae855729,3364,0,0,15.996834,1.306119,-2.4567463,-8.300681,-6.4779496
3369,train_images/fc782722a50c.png,2cd37adf2525c6e56dbb06c165a2f7aaebf85f0bd78b6ccc22c4fc482a52babe,3369,0,0,11.512678,3.3154411,-1.5234907,-7.1151795,-6.1555862
3376,train_images/fefded6bf135.png,84b65b4124f35ae545c4fab22cde4f01369f5939d87804d28211ae6b15531a3f,3376,0,0,7.417034,2.0905209,2.63698,-5.649298,-6.450092
3379,train_images/ffc04fed30e6.png,831f78a834b6c9e1b60699186ec02df731525bce27a4e8e8db0c5cdad6b64efe,3379,0,0,12.55128,1.3611975,-2.7794266,-5.909971,-5.1662493
3387,train_images/35aa7f5c2ec0.png,cb66e86c28ab48f1884c067226847b34c2849713a3ea380fd6a638fc2582523c,1683,1,2,-5.7733383,2.4717836,5.1853266,-0.47560525,-1.5119419
3388,train_images/35d6c4c50072.png,8502459ce6a945aa2a3b730f909278cef7f553fead150cc5c16f20c1094b5534,3388,1,2,-9.050774,2.8905687,8.212866,-1.2671787,-0.899827
3393,train_images/4661006f3ba6.png,27bb21e127003b1ade79501891f63f4958b5508f95459121ee42ed98012ed17f,3393,1,2,-4.301367,4.94055,6.2739143,-3.2635984,-3.730493
3399,train_images/5090917a2676.png,7f58a387220daba3220d2a2312eddc84f2fbe953bdb4275e4d73720997aa05a9,3399,1,2,0.85900307,1.7422876,4.768277,-3.6233902,-3.7442737
3408,train_images/76e589911303.png,21a8086175cb79e7eee3fff83c42dad71045e6b2a10b597f3765a20fc195fd36,3408,1,1,5.027588,6.971611,2.3771963,-11.244413,-3.157412
3411,train_images/7ea756985353.png,a404de44d3c1b265564cf962ffed06a52cab2b548c6ed9dc01d32cc2f65b4a67,3411,1,2,-4.3303375,2.0046759,5.591072,-2.6769557,-0.6744852
3415,train_images/94372043d55b.png,b64e7f11e5c1faf9d5b58fd79dffc209a18e9929c93a44b84fcd130bdd255e26,434,1,0,4.159382,3.0406551,0.44348526,-4.737873,-2.9095407
3421,train_images/a5a2a7003d60.png,239114d70c44bb16de287dec448e5ab64b09d2e6d8e82876962e48ccb5ceb292,3421,1,2,-3.4885082,2.9583378,4.4664917,-1.8190366,-2.2033167
3424,train_images/b576c5269ad1.png,9c2108c7528b935e27b10d0cee2c55f2699ba27bac2e6fe131dc0117e0a5fec1,3424,1,1,3.350832,7.0237827,3.0130358,-8.69909,-4.6856637
3425,train_images/b640e3bdff75.png,6c60f487b9640715f98fdac34f67e1424919b9045e7d00ee4a1cac567cfb0c11,3425,1,1,0.9601269,6.6322174,3.2805252,-8.094388,-2.7888355
3434,train_images/e2a233493b90.png,207e58797eaeb9a3f900fcc0f8581a57fe1020fcf1932116672126205fef3eed,3434,1,2,-0.68618774,5.1682196,5.2970867,-6.6410465,-3.2221327
3439,train_images/0c2e2369dfff.png,4a79063efcc4b34a10ae728b9b8ed19effc52dd927f9ccb81b5146e9488c3bb5,3439,2,0,4.9531937,1.5268278,1.8795786,-8.43845,0.07776642
3444,train_images/141735b57ec0.png,d26a6aa0d46a2a14e5c50c1e9c595dca9ebffc049eb1a605f7738204ac9c2f4b,3444,2,2,-7.919323,2.1857023,5.0566635,-2.6187062,3.1951551
3446,train_images/1594ca6c30d3.png,43c17fd725a523e5e3f80d960a3a7bd17d21fe4d39c47cf339b6d15d532c4993,3446,2,4,-14.6975975,-6.91452,7.7745886,4.776942,8.856238
3451,train_images/1e4b3b823b95.png,f99c2f7a670b7bdc9c3ee1f20367e220ae217363208e9178291358ba2ab79f76,3451,2,2,-8.963039,-1.386817,5.235262,3.2379203,1.7212973
3461,train_images/26e231747848.png,5ae31f1a7a2499890419d0c6e275368f4c36324686c64e58ff2b7b8319c36f75,505,2,2,-6.2423267,-1.2668753,7.7721205,-2.7159047,2.3216991
3462,train_images/272d9c043c81.png,1e338d3beb03aada71a43b21b2a3ad3e652ad0b44aff2a1e6e8cd3a74de7ea56,3462,2,2,-11.070587,-5.1608057,6.1345873,5.32115,4.6035557
3467,train_images/2e79041ef722.png,0f001455c6b995805435d727396e2435f5058e2d7c5427326fa3d44815eb43d2,3467,2,2,-2.2575035,-3.3832922,5.040188,-0.6929356,1.2540007
3475,train_images/3e6bfc4d5c65.png,3bab5bb9b4265a8c52769764034b5e437599448d3d1714aab6e091fcb4fdd48d,3475,2,2,-3.4763756,-1.6715727,6.5774803,-1.641266,0.15840435
3481,train_images/44f4ae58990e.png,22069b995aa283059c35168b159f3f23705dcc26b7a3527936e1bbb8ee15a877,3481,2,2,-6.725178,1.9253798,5.99467,-3.0934472,1.7725449
3486,train_images/49419f8d5cb4.png,54012dbe40c256e6d33810cb9748517164f72df1286cc39719ded4004e413838,3486,2,2,-11.741245,-2.9466724,8.626208,3.170734,2.7117004
3487,train_images/49a4765f8822.png,12e32d50b706354ce30bd18b7d7927b64a25fbf75f8b1f72f8f57bec452fa4b1,3487,2,2,-10.083103,-1.0445023,8.111604,2.3163214,0.5433216
3497,train_images/594f69b503ad.png,a6d6db6984c3680f4d0ff30ecadd85c0aa6c7c14ad93bdbbca508a32ad69a6fb,3497,2,2,-7.1684666,4.0002813,5.471261,-2.4803357,0.06995964
3501,train_images/63d217b059b6.png,675d9bc1dbb995a1396e0e48605475aac4b683791714ed6636508591d9f14221,3501,2,2,-9.708187,-2.2835407,6.6644287,2.5747128,2.6123714
3508,train_images/7356dd08b0ae.png,a4ba1a4a31cfddd75efb79b8410e38d5e54bdf0118fce0473960651d96e6e9ee,3508,2,3,-12.736626,-6.9155693,6.8906784,9.721104,2.862917
3518,train_images/83b61051737f.png,333ba7bf7cde215d0340f6b232ab9d9f62ab3f85518641529fbd801968fbf16c,3518,2,2,-11.31039,-4.2104063,8.607055,2.8542016,3.8840513
3521,train_images/86b3a7929bec.png,c2910f0d9fa83aa40d7de032076571b487b423f1104ebcc233fc4adea64eb572,1134,2,2,-5.911474,-5.3438673,6.1973457,0.58753467,4.338893
3525,train_images/917f76f360b6.png,4ade5faf5a8e277c3604f6a9061766097b69a6391297ea00b1016cb4f7675b93,3525,2,2,-11.214344,-1.1843061,8.232871,3.8603754,0.14816856
3529,train_images/96c3e3db68bc.png,31e966db449659de9780b36c7333a7fd77690b3e8a800fc7c86f12e1e120af06,3529,2,2,-9.971416,-4.936982,7.8750057,2.3448267,4.5190535
3531,train_images/98104c8c67eb.png,bfc613e558e72c471587f66c637a5d973657a9d1891816994d85abb7653b338f,2949,2,2,-11.013081,3.9077244,8.143225,-1.7141007,0.5286455
3532,train_images/9a3c03a5ad0f.png,6cb1a09ca80760ff37b9c995489e97a219747b87f533bcb6fe95ec522d99bfdf,1422,2,4,-12.715073,-3.1457877,6.5116005,0.88197327,8.299211
3533,train_images/9cedf5c7016b.png,419fbbf945136d3da372f2ef1e54474ab2bebbf8ced7cdecb4d2978b50bf244b,3533,2,2,-9.241318,-0.11719799,7.8311443,0.8418358,0.55406
3535,train_images/9f4132bd6ed6.png,191386487d7a4870d5b8d5639885bdd2e6d637930d1e925bae9a497b39368eb3,1323,2,2,-4.263315,1.707737,5.9308586,-4.8777385,1.4062042
3541,train_images/a3475dc3ac80.png,56818901379a4ae7396ca3bc72fc6f8168080382f64684a76afe8b26ddf933fe,3541,2,2,-4.417856,2.0641289,3.2996483,-1.907405,0.9100437
3547,train_images/acc9f29538c4.png,587e3a7e2b4b4467a0ef736c83470ad8f9e349e5d5dca41109e569edff5a8b2d,3547,2,2,-5.0270805,-0.8152695,6.6870728,-1.1643301,0.21288967
3551,train_images/b82d5f1f1145.png,ff24f64bf9e1e111bde4e5d6fe4fbb526dab33d7e2a0ba3122da0318141f0553,3551,2,2,-7.936924,-0.55477047,4.9007893,-1.3058237,4.792447
3556,train_images/c5431b81cbc9.png,b37c827cb787b92215b2a7af1d069c398d3b39938320cb9c5a272361d708bb4a,3556,2,2,-9.638947,-3.8701115,8.479454,5.125575,-0.25278664
3561,train_images/d15ca3469b87.png,b8b16298785760a7ededcdf0073e71e425d3e1d3fc2930e33768a76331acfbfa,3561,2,2,-3.6927586,4.0889444,5.5415487,-2.3923454,-3.6055202
3568,train_images/dde43aa22ae6.png,f744ccc0fac79c22b5dc0ccba1cd8ed2a63cceaed4e5bf990304645414b4e3d5,3568,2,2,-9.239407,1.6390696,4.3086596,2.2621524,0.8990526
3570,train_images/dee687c6e88a.png,8d417eb674b9d1b7c785a36153909c170b7ebe76f53783ced838b78021d52fa3,3570,2,2,-9.834145,-2.24645,8.172119,2.358827,1.3864517
3576,train_images/e65a2ff90494.png,e9530fe5cf3b46e923ccb407f462e829c4a6a2df2b6a072ea6d31c2696005f51,3576,2,2,-7.4349537,1.6725864,7.570134,-0.11237514,-1.8141556
3585,train_images/fcc55ae641ae.png,d045d1281e9db3aa4805c6db7c1f8f78de33b65c25d2d4cc3871e58aebba6e0a,3585,2,2,-7.8440456,0.5732317,8.281286,-3.510367,2.3366375
3590,train_images/3218a6d8eb2c.png,ffe361a72de65bf79eff34c44aa34ef145acb2d5543b529f72e903fce145978e,3590,3,3,-10.441288,-6.704092,6.551504,6.8110394,3.6047382
3591,train_images/36865bbc64d6.png,2a53d9bd33547b23249a0d2f8a3e10c060f106c20f5c4ec65ca2a7987d8c8b38,3591,3,3,-0.5091591,-1.7345619,0.30194426,2.1685896,-0.27176857
3594,train_images/4f0866b90c27.png,e23d6eba5a81e6163e8063c03068b4315fecd7c77967b74a45662d8fd69ee78f,3594,3,2,-7.232086,-0.41807365,3.4673624,0.731207,3.3062916
3600,train_images/910bfd38e2f5.png,1987b1757c5ea7448df3331ffb95243301b5136b37c3593419b99875db3065d2,3600,3,2,-10.1889305,-9.114681,8.1550665,4.4177566,6.5576487
3607,train_images/b3d135bd3bb5.png,86e9beb640b015d689af9e47d70d03c7427f3b77d78ef12c934e2ad8fd4bb151,3607,3,3,-14.119587,-6.5495195,4.5013847,11.8434725,4.109619
3613,train_images/e32a359be36d.png,d8cbbedd343d5d5a54e6a432e647119f1e417d1d69ce39ef9d4b3c739701f07c,3613,3,3,-8.177799,-7.7617645,5.3561106,5.9168725,4.529188
3615,train_images/f080a22008be.png,388333b3e777dacf1638a1b51b727ba393edbcd00e54d824b3c67c6bc6e32440,3615,3,2,-8.962833,-5.946799,6.2786865,5.910974,2.5869923
3620,train_images/247e98aba610.png,8946e9dd12fa81050651c7f084ce6dbdc37e0898c428ea04c13c08f664c7cd8d,3620,4,0,3.4030514,-0.40564346,0.34989262,-4.469799,1.1065712
3627,train_images/4bd941611343.png,29cb735dd0df96333c6948d432a6e6ecb284186bd9163673cf3a4b393d416dac,3627,4,4,-7.541748,-3.048451,3.0141869,0.56035143,6.8769846
3634,train_images/6d259b5b4c76.png,7a7ad0e519092be9a8e873411fffe91c51db98848fe85eb84854d3edb72c947b,3634,4,4,-13.206921,-5.7855825,5.723379,2.9654887,10.097039
3642,train_images/875a2fc5fe23.png,f17c83d18c5824fa1ed75ca2cc86d4812d3d63856a4b5bae6009ad430a5de7d5,3642,4,3,-3.5712776,-2.1226997,-1.2114649,5.1919107,1.5960398
3648,train_images/ba735b286d62.png,fa3754e0186a17cbf81ffccd74120c7f10cb56b7092a56b6f0717cebcbdb8a4c,3104,4,4,-8.586052,-4.781,-0.5916357,4.9886436,8.7984915
3651,train_images/c1896142a20a.png,469f4d2577c49f8e2ac8eaabbf903f8e9aefd268d1523fdbecfd720354ab5cf5,3651,4,2,-12.87785,-4.4659123,6.8864594,6.750834,3.5248928
3654,train_images/cb547e723a16.png,db4aa606bc77aad8a05b755c9405a6adae18ed6cf58284dfd471132e00c1bafe,3654,4,4,-6.518461,-2.0805244,1.4037657,0.18931234,6.8996267
