pool_index,image,pixel_sha256,sensitivity_group,target,prediction,logit_0,logit_1,logit_2,logit_3,logit_4
0,train_images/e663c6627a95.png,da85fb2346601232e002fd8d292b32395ee82ac34c934467fd98079d41541181,0,2,2,-11.440319,2.7615051,6.168534,3.0016284,-0.64369655
2,train_images/ee3f5cf52188.png,ebe65953f1d982e458e11dfa4c85bff316e09291b0deb62f6f5caabc47ccda55,2,0,0,12.845744,5.831255,-3.9071193,-5.7455134,-9.011824
5,train_images/fcc6aa6755e6.png,b69cbec9f6650dbedd3a7b25d5ad967edfcdf9703339386b961add102c45fd45,5,3,3,-10.2215,-3.8390064,-0.3530817,7.2197022,7.033382
14,train_images/d803598dabda.png,714a5d9ad4586773f0bf6d01dface05c76e31b23f45177beaa3dcb92b4b50179,14,4,4,-13.635918,-6.938859,6.2324176,5.7903285,8.372226
20,train_images/f451eee2b66b.png,5612000ca8235774433fbbba2a32024ea7e9267201662c7cc1a45a414a8a5859,20,0,0,11.366085,5.4774075,-2.1188283,-7.767652,-6.9609475
25,train_images/39923b29988a.png,3f205d8479b92d28afa16895d295d1f4e61030cb879f1feb84dcf40d6d1ffc55,25,2,4,-11.91589,-2.577919,4.7993274,2.1166348,7.417065
31,train_images/87a9f4d20f07.png,2455640ca2db1a0f91f96d825e4073be9c3cd8ed51c76227c33394b526e7ffea,31,0,0,12.697435,5.5663605,-3.2293472,-7.545979,-7.482164
36,train_images/2cdcc910778d.png,25f776d036c103e8cc68ae6b6d3519d2b3fe161547a2052f200b728a03dae445,36,0,0,13.258297,2.8927822,-3.2091866,-6.8116913,-6.1164703
39,train_images/61a62b1dcc36.png,1095b5bbe14d17d31088198acfebe113286b254420495b9c07feac5217d17dcb,39,0,0,13.671773,1.9299488,-2.618352,-5.762718,-7.191462
42,train_images/51cd8d2057fa.png,5fa3fa4aff9551d1b97ba3e0c941cf5ba05d3ecbe8b73eab52179b97ef53e794,42,0,0,12.068198,3.413927,-1.5957446,-8.994127,-4.87822
51,train_images/c639d837f5e4.png,e8e9c4a5048e6347251bb5404564b66173ad3ebfeb5cb37d9ced01f93e51f177,51,0,0,12.609476,3.9080105,-3.6719685,-5.632624,-7.208826
52,train_images/9b418ce42c13.png,f17c8f21926442cbf2d1e5ba36b411aa3157dce0f90af3d8d8c5a0238264b06e,52,2,2,-10.220589,2.2947178,5.611758,-0.8914447,3.0577826
62,train_images/2ecbc2e3f239.png,e81e2287157490abe42424912252e492978c29105ec9bd73947d6feb2230f7a5,62,1,1,-3.991232,4.0307846,2.5084362,-3.0747523,0.42759916
64,train_images/4c129470cec4.png,d6c5336b8aef49550270655ae4dc960226592c6a726ee42aa75930fad35e21bc,64,1,1,-1.088459,9.505142,3.141913,-6.825036,-4.80303
69,train_images/0f364b7d4384.png,2e21a8670884965e1e3bacc9104af186303222592b851b17618a22989243dc00,69,0,0,10.532659,4.9487343,-2.6334243,-10.5834255,-2.250766
73,train_images/c90c6b94cf40.png,931a2a5326cfebb4fd0392b7e5b338d28cfe0a36f0943428b3ad92ac9f545d08,73,0,0,7.319933,2.9624596,-0.82289314,-6.441904,-3.0544777
80,train_images/8bbd7835e9aa.png,b38811b00086fbf6efa61f9ba7b2baa98c9e088c951923fb71781cee22939c30,80,1,1,3.8695297,4.7025394,0.79668546,-8.154768,-1.2431954
85,train_images/8d13c46e7d75.png,d2f22fbe803ab44dbf5045d73ef7490a43bbeb36723a2dc5ce355819da011949,85,0,0,9.397831,4.587536,0.22454953,-6.9456267,-7.2743816
86,train_images/6e018411ba4a.png,82dfdbf559fe0798c189435496cda646099b2014bf140b6249754ca5da27d58e,86,0,0,11.429424,5.6128864,-1.9060555,-9.49148,-5.6141906
93,train_images/99132193eaa0.png,640978816d12c3e6595ed9be32b97832727a8759fa2f48fc8b74f853e399edf8,93,1,2,-9.4189205,4.164242,5.684776,0.6521487,-1.2060115
102,train_images/19ef4d292196.png,cfbb8c4f2da7fffc1402c1337a40653fb359a802ff7247693f1b1ee97f995a42,102,4,4,-7.167326,-3.226122,3.7385592,-2.2371292,8.758194
109,train_images/82ac8463fadd.png,5cd9c940851950527b873269c74288a453526108bed68a4e83e78d6ee87a2fd4,109,1,1,7.160241,7.414242,-0.3800869,-8.262218,-5.9703755
114,train_images/c568e5245ea5.png,9fa965ebbe7e24c3ab3d5161cfaa523b86640bf731735216b8b5e8e47b41215f,114,2,3,-14.717461,-5.4042873,2.8104587,11.939964,5.193374
115,train_images/1ee1eb7943db.png,b822a3249bf631d8cbbdbcc506f3dad105981b7e1ce72584839d313effa5b87a,115,2,2,-5.1843834,2.6539078,2.816423,-0.4333539,0.041897148
121,train_images/65a3b13ad9a0.png,8207261d295d7a5848488e47f12cc7f315ab839067c9fad1df6d70b8cf9d58f1,121,0,1,0.32450294,5.8893566,1.9376657,-4.920643,-3.2758198
122,train_images/a188c60b93fb.png,e15ce84e56f689d4c981ffed1b5c17302e7065d50a8c74aa73557f4c7d9d4d2d,122,0,1,7.088565,8.528078,0.6329415,-8.86021,-7.3944707
133,train_images/6cbc3dad809c.png,efd1d94c3d605f12df09ec10367edc50642dbda4333c4e929976c577e5f772ac,133,2,2,-9.395754,3.0650082,7.7534227,0.6127591,-2.178977
137,train_images/c5bec7f1e5f3.png,d95766728c950c05c705ab4c203af557d7084813119e0d49240506c1f503d07a,137,0,0,8.914875,2.4856472,-0.052186012,-6.2031984,-5.159701
143,train_images/76516f828d88.png,044cd6e0c992bd15aaab1cb3f5258bc3055d539c810009bc16a7ef5dd4c296e6,143,0,0,5.3396263,1.2512836,1.1860464,-5.5059595,-2.3212752
144,train_images/2fefb720869a.png,4e7156e7c988429d220fa796edf42796dd2b2772051c2245aaa21b6909c07da6,144,0,0,9.184658,4.0125656,-1.4754887,-6.2749157,-5.4562964
151,train_images/90c982cc2d96.png,dde1f101244621e90086afa6870992e37a0927ec3eeff69642fa2bf43fd2f3f6,151,1,1,2.5734253,8.884136,2.1039581,-7.911596,-5.683672
160,train_images/b8ac328009e0.png,63d7b5c9ac929e83d6ba6814516b856d42371fd4b1acfb667379a4c7f5f0ab87,160,2,2,-13.205193,-4.729293,7.8283043,5.8281684,4.098724
161,train_images/274f4de2a59d.png,3fce8f9f081f1d1d919cb52c361458a7efbab56d2e411408ef8b9aa0f48f0e93,161,0,0,11.461688,5.277754,-0.68884325,-8.400364,-7.6457353
165,train_images/c6e1e9fbf39b.png,15a19b5437e7afa3485cf8c99a661922af555e10e26f30738e9641a978af3ec3,165,2,2,-11.228031,1.6770058,4.151562,3.6620994,1.5925837
171,train_images/cb75210abebe.png,c071b7c4140e7ff9a5a820fdbcfbdf9c271ad7f35b89626e6c7fd3f89841d730,171,2,2,-5.323435,2.9785385,6.9427958,-5.4988594,0.7583145
173,train_images/15cd5f52d300.png,40291ede78158fc2cb41e85b10b0ae2003fcf288ad3d7426e59e439818b21d40,173,2,2,-12.657135,-2.63562,5.8228664,5.169108,4.126985
182,train_images/26d9576e8043.png,b3d5154ac882733410ef5a566f4acf9d9eafacbae5e95b9d04cf056e294099cd,182,0,0,13.361762,3.6090145,-2.6259813,-8.438296,-5.8797355
187,train_images/d28bd830c171.png,75eae664fb3461018dfeb579b39c4dd86e139982d92a880312a1080c5fd07860,187,2,2,-3.0482063,3.6507359,5.016389,-5.2609963,-0.44496724
194,train_images/e2c3b037413b.png,48a9d85112a68daf53a05641191f84b6dbd8d03b8dd3f09d8c86a2de6ad451e5,194,0,1,6.6743965,8.973253,-1.4609733,-8.971629,-5.201483
201,train_images/a47878630dc2.png,abf414b11ae6f77efff426f5fb260fd0215683d8e2684be3cea0aac18526917e,201,2,2,-1.1675968,0.4720192,6.118227,-3.5230668,-1.9596276
202,train_images/4f60129e9a5b.png,879b3522b9a7d785cd55326011776c7f46e41d45d371fa997ed1ac186ae31c67,202,2,2,-14.370365,0.2557087,9.287471,1.3910127,3.2410216
205,train_images/a1b28bcbce00.png,0311cfa034fa3c3c46bbdc3057fcd79738c4aa4b4cff7dfc0ddddfcf2856fc4a,205,0,0,7.9365845,5.0887947,-1.8715062,-6.768726,-4.375816
209,train_images/d48178e4a49b.png,8273cac44e116e1f28200581ce17aeb07ff54d9aab2531c9cf3ada2c6db67ef4,209,4,2,-0.7462826,1.8381252,3.254508,-3.928348,-0.4905446
217,train_images/595446774178.png,9a93a477d03f9ba6d61c08bb054c8b82ae32e1a223120ec49a73b9faae97f921,217,1,1,-5.1320534,7.4018135,3.548913,-4.8011365,-1.1453662
222,train_images/0fb560f9adb2.png,68a48743524a0b890c93acf162ffeabcce093b66343b06f29799b083e56b10e5,222,2,2,-4.089113,4.4776344,6.1200266,-2.3040218,-4.2935762
228,train_images/0a9ec1e99ce4.png,4578633466c8eda74ff4967d6e4b1c8eb38ca422a479d73fd431d08d3754f44d,228,2,1,-4.751148,7.3700867,5.4365273,-3.8023596,-4.370085
230,train_images/ed6bd9293a89.png,0d8b49b59fe05e8a729ad326be66cc33755d23211a4b795c4de3898a0d426d1d,230,0,0,10.378085,5.018097,-1.1402912,-7.2514467,-7.0074735
233,train_images/e82232a3c28b.png,17470f13751dec4c909dbb3dd55866c6ef0e8878ae4dc9f6d8f5979a54f0bf35,233,0,0,10.633287,5.006176,-1.5175676,-8.290438,-5.8438563
240,train_images/98e8adcf085c.png,e79e37bd22b14bf7ad3a8887613754c8c1e094a5e12579d7ab294116ab1bec6c,240,2,2,-9.589079,-0.49616814,6.769242,1.3223805,1.8383858
246,train_images/cb68fce07789.png,c4d631423c9fcc239ccf3628a96cb9cbd1dcd8ed2bb11dd46962d0b12669a0bd,246,0,0,11.887038,4.5967636,-1.776403,-8.50073,-6.2085075
251,train_images/ca7140ecf389.png,fb211e0d85f4e71445d3e51622b8be1747e52ea01af4757a36e165a72b60dc73,251,1,1,-1.864769,5.7492466,2.6866832,-3.1465125,-3.480913
256,train_images/1db18bdd43aa.png,544f28efca262ec3bc46bc8dfb2a85c5737ebf28f9b333dd6004c5ee7e13a946,256,2,1,3.8794594,4.336136,3.3927245,-6.5855775,-5.040951
263,train_images/8191ae701985.png,a78aa941512101fe2cb62211b55ceb7244ffaab272be4e184d01143c3c63a85f,263,0,0,11.974679,4.502964,-0.6093035,-11.02566,-4.790068
270,train_images/bb752b179751.png,79f3c3af3743841f4cfa49a076ff412021f0fa695b37f2038663531e088ac985,270,0,0,11.316655,3.8949585,-0.44331932,-7.996394,-6.771497
275,train_images/692e946b1f85.png,0dc8aba96f86cb0f0b554c9830c529303328e002be3850e3114f1bb40d6e90f9,275,0,0,10.313972,4.0929127,-0.87059164,-6.9965687,-6.563163
279,train_images/ee78ce914066.png,0117532d34ca6b99984048a1ef1781f6f4fe98c0bc93c028422784737b0e9567,279,1,1,-2.5076275,6.178749,2.0890596,-5.4216537,-0.41628978
284,train_images/ac17cc18a994.png,6a666a67c2bd0d0d1b40676260c5cf910b93591180928a6a8cf44cb0eaf33e3d,284,0,0,9.677452,5.973749,-0.86177397,-7.77201,-7.027903
285,train_images/58184d6fd087.png,849f0bda05ec621a08a3e5fe873eb2c632b0e2602195c0e64c64108c9d649ac5,285,1,1,-1.6605415,6.3903446,1.2568073,-5.489536,-0.59445703
291,train_images/98d41bce73a8.png,b78ae5ba68fca9cec3ad7bdd2158da5ee8a8346c4e9525f17df7ed3dfe0cbe64,291,0,0,9.5410595,3.6179657,-1.251234,-5.898452,-6.01611
297,train_images/5e7cc6ab4ac4.png,cd7a7b691c4b45c2a479fb90aa647e3111a8589a5c2dfa0baaccc22110d5a63a,297,2,2,-10.218887,1.8583584,5.294656,-1.2466259,4.131741
300,train_images/03747397839f.png,995dba76485e5c43bb38265247f24328edc957757f8166268be10a9466216d1d,300,2,4,-15.937843,-10.78111,6.7227817,9.182936,10.610553
305,train_images/a15590a7d774.png,c6c55e6be21971ec3e2ab5eb64f5f6c5650812466d28917c5eced3be48681c61,305,2,1,1.0813274,6.249958,2.6657119,-8.341981,-1.7352066
306,train_images/885fa5fc5da8.png,da5e9814074b4611c3918fcdf03c71997fdae71175c7c59c8534f8412908f42a,306,0,0,10.70261,5.079092,-2.4070559,-7.2227774,-6.153826
315,train_images/c8d2d32f7f29.png,3f00dbfe3bf9f8c3675c7bb6b95fd76fe6032b82e66884a46447353dbb7d72c5,315,4,3,-13.832676,-7.3259296,4.210912,8.461931,8.306744
322,train_images/80a02014b418.png,efc69b5d0daceb87210b325d6efab743ed71e3ce763ac86af7cf71b07f6f48af,322,1,1,2.1111488,9.738766,-0.77225256,-2.7919908,-8.331946
328,train_images/59bd19c1c5bb.png,e1d2216796ad9db27227ed159035d331159c57b6ff9d31eb5c325d79bf6414ce,328,0,0,10.927447,5.6001015,-2.1946301,-9.145285,-5.1943493
334,train_images/be68322c7223.png,55eb17af9decbdcf7494ffd92b4137b1d7067f27bc91e4f6a5b6d218770faca3,334,2,2,-8.0462055,-2.8210716,9.782338,-2.422254,3.3524628
335,train_images/291f581d365e.png,4a5a59b6dd7736e2b90c5070c2657228fdae72dd11c82a877cc17d184abb7adf,335,0,1,0.62392616,3.2633724,1.3723962,-3.5611022,-1.7584748
340,train_images/ff77e8e5b5f3.png,2842411a873148351d2ac19434b0c6c7008514f5e1eaeafbfd0558a70bff747a,340,2,1,0.6381359,8.952295,0.8472364,-6.837983,-3.6631632
346,train_images/47e51065b819.png,ef3603a91a1d4ba1313425d009e1b183bf05c0bac02d73a01707e6801f5be0a4,346,2,2,-11.732147,0.2402134,8.930826,1.3606524,1.0502008
348,train_images/5671eb95512b.png,64bcb7a926e50038e0df84a4402ecb66724229998667447fcc502788673d2dd6,348,1,2,-3.4511166,-0.4291706,3.5666575,-1.1326833,1.3381894
355,train_images/034cb07a550f.png,3f00dbfe3bf9f8c3675c7bb6b95fd76fe6032b82e66884a46447353dbb7d72c5,315,4,3,-13.832676,-7.3259296,4.210912,8.461931,8.306744
356,train_images/1e143fa3de57.png,d9693f423433ba9af946e90eb9c4ef4ca1437c9be236e3087d8decee8a86835f,356,2,2,-14.569233,-5.330654,8.087423,6.7001176,4.9225674
363,train_images/2b21d293fdf2.png,4b81430cae386db2b934e8fb0a8a138cefbe6b9ab9d28df2af982cece289a385,363,2,2,-10.177294,-3.7005968,6.580335,1.9998403,5.1614056
369,train_images/c9ea9d5eab65.png,92a1fc4c05c40767e6e83fcbef444b95be9e63907eaada43a6e7f06fef9d3dd5,369,3,2,-10.079378,3.078661,5.295996,0.75962114,0.80029774
370,train_images/9a56cfb980ec.png,1523ce95eaac437dd0f89fd1fd8820d7994a494d73c94b5a93f451e6228106c0,370,0,0,12.773656,3.4176044,-2.6242242,-8.10032,-5.45093
382,train_images/dfea19863428.png,af544022ebcb32e36799d211e548bc091a59ab10f9c5e8a8b40b63ebc0325311,382,0,0,9.386961,1.3545475,-0.5563364,-7.5313835,-2.6352544
385,train_images/7ef5ff774a48.png,53a2bcfc64d0930c90907497762f9506c3391ac964cf999a7f2b79fc9868748d,385,1,1,7.584609,7.856909,0.07724476,-10.223848,-5.3008084
396,train_images/e160a3b19911.png,6fec8699abcc1e62638b7e70c2bebba6748164c719d22f1e9f4f62ae785ec26c,396,0,0,13.796339,5.640642,-4.764715,-6.477214,-8.173865
397,train_images/b99c825b93c5.png,c58f44f12d0b5bbeccb3887dfd454bc3ab5979dbaa8953f267cfa35c7b22fbb3,397,2,2,-13.133793,-1.7592983,8.974674,4.2479577,1.505595
398,train_images/1d55e689cf84.png,35cac3316fd9d76cc3f7825cd6bfe7ad6f96b8621014644c6d5a9d54a9a3121c,398,2,2,-9.546957,0.21847343,4.056253,3.3418746,1.7783066
406,train_images/25b0e72705a8.png,c4f5306c6dbb589bf52f28c756042d0db59a56246571d54728142da315f1fb9c,406,3,3,-14.208054,-3.8195515,5.8543525,8.521772,3.4760532
411,train_images/2cef97083e6f.png,19ffbd434bda42488fa60ad12f14f8d260f60e37593c306476c4f49a7328790e,411,2,1,-3.8345985,5.223709,3.1236792,-5.3100905,0.6930896
417,train_images/1dfe599d12a9.png,d2f21d8746b73adbe8c4dbd551e56f1bd8ebcd35a4c579ca19af48883bcb518a,417,0,0,12.038469,3.8011665,-2.447945,-5.7744493,-7.6050715
422,train_images/0024cdab0c1e.png,4e7c3ce57563f1405a8820fd0b71343e1b006293109a364ab4e156ffc92622a1,422,1,1,6.1925335,8.321312,-0.6164503,-10.768929,-3.1464264
426,train_images/8ee50c26fc13.png,a4d5ee398b0e179dbe2d833a0743d4e0ec793d584969a1ac97306884221c7629,426,0,0,13.2781515,4.735714,-2.1977587,-9.251582,-6.540525
430,train_images/e1900014dabf.png,bd49353ff67e0bd888ebee420011872391ed93d875a091a5e1b34e5dcf68f7a2,430,3,3,-9.858789,0.2584839,1.8214028,4.448852,3.1745863
437,train_images/ff8a0b45c789.png,4f3870a6a8e76d6a3298870ab990582d1bc7d70179edbcd03f644a9012ad4062,437,4,3,-13.841587,-5.0488024,7.2507906,7.680347,3.786011
441,train_images/f6d760566a51.png,0c666ba6eb05c358ff26cc1503c1c87db61b9e850511647d23dea278951c3a38,441,0,0,11.074069,4.335457,-0.2877431,-7.415824,-7.7041306
445,train_images/72c31aa48e2c.png,b30f04ddb6e3dc3cd356297048203a6edec8273dc5397ec58d6e0e431c37030e,445,0,0,10.621564,4.9311104,-1.3614116,-7.0189447,-7.1751027
450,train_images/bb7e0a2544cd.png,25ac9acf573c431f146c3f94ec9cdd7548f5ad2d8dcb5b6b6a7113ff6850f723,450,3,3,-14.945873,-7.700898,3.301693,10.867048,8.286868
451,train_images/5f6db235c04d.png,feb4aa5a5dd35f23d1be36886a9831bd71e692bd19c5003f36d229d6b909e9af,451,0,0,11.074581,4.5482864,-2.3381863,-6.9983373,-6.2937617
460,train_images/6a905a7202d2.png,12b5f1b298b1b3d66c6d9fa6372c01e1538677baa66753c32324143c40b35747,460,0,0,11.3189945,3.1783962,-1.1249814,-8.318596,-5.056929
464,train_images/83517eaeccb9.png,239164e7c996faff3fd3d6d7b74a5eb85962a4761e7318c1f62a6eb6d08a182f,464,0,0,10.630326,4.251337,-1.1168776,-6.3656893,-7.3960185
470,train_images/7fe7309d0b4f.png,57b6a2990c4588881b4e46da3d18cfbf8fbb67687b5059841eb6ec75df21b9a7,470,0,0,10.566592,5.633377,-1.4875755,-8.232721,-6.4908295
477,train_images/73ba798fee25.png,dd9d5b969ee982779f2b27811ae2a28244345f34cab2cf6d970c506fbf4ea85f,477,0,0,12.956636,5.2641068,-2.7732267,-8.560557,-6.8728466
480,train_images/b8297a2291f5.png,87afabbdc0a8bbc05e5699b0299a10b4217c0621a267b2172d23c71becd1ee74,480,0,0,13.460136,3.4096375,-2.2639914,-7.610109,-6.979874
487,train_images/1bf30c84bbad.png,77e039221750789e9c9207c0238e849f47a2cc9075296c124d54fc9664d46fea,487,4,4,-5.8301296,-0.29281807,1.4127059,-2.4044404,7.0118346
493,train_images/dcc6c0ad5cad.png,828b716fbdda7933b4125d61062b1e6d2370e2e4f8351eab10938bd1a234f30c,493,0,0,8.763368,4.6680813,-0.4863186,-8.4198265,-4.488711
499,train_images/9da74370835a.png,1e86f4b13f326e948a3bd9f0212c4b126a410a0e9fae3ff9e5cd847061d4e0dc,499,2,3,-7.4472694,1.5914078,0.8754716,3.0255113,1.8236527
502,train_images/6cd606dc52e9.png,52fa022fa7d7ecad954b7a8d9f54f7f934fdcbefc0a48e410621bd3da775d3fb,502,4,4,-8.539986,-2.3785458,1.4331281,3.7949033,5.560106
506,train_images/2b88cb6e31cd.png,9301dc238c2fb0eae0ac6ef041b009954c995f7a3b9fb9533d2c3289f8099608,506,2,2,-10.506519,0.2665081,6.0831766,0.09516621,3.9076254
519,train_images/ec57cc20d776.png,e3724051a416d067fb05b70268d05a4b199673cb16f09f19a3eabcf10e1e7359,519,0,0,14.286657,4.1835117,-4.2316484,-5.6086025,-8.607137
520,train_images/76fe19ff64fb.png,77466ca05fcfe0b76fe3466c08c1dce855064598ce9d42462fca09b4c6ef687b,520,2,2,-7.3594246,-0.13883781,5.2856817,-1.2473788,3.3164535
521,train_images/369229040a34.png,210bd4bfb3d75e51ed8e384ea48f61c72608ca8396dd948b356c1e12ee0e6e3e,521,0,0,11.388136,4.87409,-1.9435129,-8.214546,-6.1127863
523,train_images/4dd9d29eae5d.png,c3e55437b16669269023540956f5e846a4fde86a58031070f16f35862231b9e9,523,1,1,-0.9933891,6.7744236,3.010041,-4.9370556,-3.9130545
533,train_images/15cc2aef772a.png,bebe6e4831cf16a27d90dacc7216569a5e823c7ac371e87c6871383040bc4795,533,1,1,-4.9948444,4.8626404,4.410389,-3.0212,-1.3552208
537,train_images/821789e9053f.png,53bc863622e03afc1091bb2ac9b64ac67a6155da608a3ec6f982e1dc0dece3dc,537,1,2,-0.97484016,3.5088272,3.6315005,-3.7107437,-2.5583086
538,train_images/b574d229ec4c.png,0303e864e835ba32f82de2137f82ec74e0c764bdca11f67b3219c7913924d9ff,538,2,2,-11.016193,-1.1421165,7.3149343,2.8419147,1.835659
546,train_images/1ca91751be4d.png,8b10f56a06bb6736b5835220587ad434d09ab88caa48fbeb90c352612de44eb2,546,0,0,10.410599,5.6349316,-1.8606644,-7.6635566,-6.5407877
550,train_images/e0d229db881a.png,5c3eb20544053d532ad1ae8f96107591311dc047d7c1745e3896e9d2e8e5885c,550,0,0,7.4379187,3.153553,0.12773919,-7.3392158,-3.4229832
562,train_images/4ef0b485a7da.png,68703fa40a05286bcef451965ed50c269e1b42759ee54999ea5813ea2b41d4d4,562,2,2,-6.5220394,-3.2353973,5.2602444,2.5788903,1.7704868
565,train_images/bf1b7e21e774.png,90dd0c7ae41cefa468a8bc011b3913b92528aa848df3bb5720d2dc72600c5192,565,2,4,-12.189022,-0.48689842,4.3486843,2.1504645,6.0018516
571,train_images/415f2d2bd2a1.png,5fb2de5fd32f967cbbc3f1fee3d778c890e49f39c360081ef36b063034905ab3,571,0,0,15.047878,4.854826,-3.7443328,-9.599312,-6.53784
574,train_images/5b2648ad455e.png,5b0cd6e1f0f095c181f80472ba8ad290b281bb0c982064b9456869e17e3f7598,574,0,0,12.663145,3.6500893,-3.3321195,-6.459679,-6.508112
581,train_images/f549294e12e1.png,a6cfccf69a6d35994687c4fb41f4395fb34f238cea0196a8c8dc7e3292ea3ef1,581,4,4,-3.460844,1.146246,0.8435693,-3.7138824,5.0812654
586,train_images/da6bbb76d562.png,c313d39f8346414a047a95b25a006c58b5892b8fb7e2c686b88e7422e0e5c018,586,0,0,10.591907,8.434229,-2.5720353,-9.845495,-6.569099
593,train_images/fb88783de055.png,d1f0274d6d80d5492338e2f47a17fd14e12f857e6e414b03513dca245371bba5,593,0,0,8.968288,6.0786343,-0.9389639,-7.934456,-6.1919003
595,train_images/04ac765f91a1.png,c216c357fa59ecd728a5211694af6a5d18f398b4c364a779e3d6ce6f82cfbc0d,595,1,1,-5.861065,5.775711,3.2671914,-3.7166185,0.42631862
602,train_images/fa9bece586fc.png,1c84ce0052e040a2b25d2aee9df3b89560d2c576a792105a3510994424ffe6eb,602,0,0,4.525963,3.7670116,0.7111018,-6.367651,-2.6553373
609,train_images/7b8c78b41c0d.png,4b033a443c6ae4095bceaf4ed37225d956a63f2e5e321cb7fcb45265de459e57,609,2,2,-0.6558361,1.6595936,2.7931938,-4.060763,0.1704379
610,train_images/64eb5a79dfdd.png,71d904a41744af519e16cca2ac18f11342b74db854aa4750307adfe4d654eab9,610,1,1,-4.614271,4.858265,2.8266046,-3.363003,0.17439052
616,train_images/e1dc02a3dc2a.png,7aa488151021ceb8940b77903dfd1dd441b27999e08bebfc0808ae3952fe9785,616,0,0,12.7445545,5.029497,-3.1400962,-8.318716,-6.3127995
619,train_images/2c827005b8f8.png,714bbb6f5e4014b251d9ec3a5489064e1822ab35b717a35863bc645fccee96ef,619,0,0,13.098574,5.153887,-2.5502129,-8.956402,-6.7416983
623,train_images/46923eea9a4e.png,5fc0607e8a2177b14605db192199e764176b0b3ffb8b1d6e61207a0afcc9bbdb,623,2,2,-13.531097,-1.9899673,6.1996193,4.662705,4.4911084
624,train_images/aad0c0ee9268.png,67892f888833b8ad425bef3cde2f9d38503ade4a8172e591b26e7a5ebed11672,624,2,2,-4.5763206,-1.7906551,4.9042287,-1.9402485,3.2607172
627,train_images/4c6c5a1bf5ab.png,ef1ad2853f317281e7a6c3d760ff5205813249145fbd0a5ab8e81e98df4d08f4,627,0,0,8.387039,4.789282,-1.5332499,-6.233795,-5.4071517
631,train_images/44f7f3ef9d50.png,da436e5e1c86bc7c6f99e3075297f9d9c7731ba20f0dbac30f4e0004398a0dc4,631,0,0,8.422843,5.645241,-1.510025,-7.854189,-4.6789927
638,train_images/af7a36454670.png,1396c3ca0b3c187b76ef2c8f9e59552c2abfb9e859b80f40c2f675c645e03414,638,0,0,11.149827,2.945013,-0.2966919,-8.516723,-5.281529
643,train_images/bba38f2294a3.png,a9d033bbe12119ff9fb5f568e258fbf71ba806f251df90c5f5f35c1c28240994,643,4,4,-6.6279964,-3.2559834,-1.999548,5.739576,6.0138464
650,train_images/6b66b0e86f7e.png,a8b93ae26d78baa582a1d37915c18b22f3303ad0b463db652323617e31250cb9,650,0,0,11.057239,4.4070015,-2.417407,-9.2173395,-3.8458624
656,train_images/0c7e82daf5a0.png,fce068e3b2fea80143b55a4f4253b3bb0ee887d1f84ba67ef2abb48420437e99,656,2,4,-11.91494,-3.3780441,3.6591094,5.628288,5.847031
663,train_images/92b0d27fc0ec.png,520883df0f5735ebbf1e21b085ecb6dbe4f8b135511616203183416afef4e49e,663,2,2,-5.8836308,2.6155338,5.1594343,-1.20924,-0.80156577
669,train_images/99ecdb41d5e7.png,84dd8e723f1c3aae98231ad77b30ac22ffb8773290e8dde730977c825e89dd0d,669,1,1,-1.3142662,6.081604,1.9082828,-6.2215304,-0.538255
675,train_images/2dd28ac497d2.png,ed2e559e40075b74cee96624c1a113545df2b5af5b1fc247543300af6b406d95,675,0,0,11.928244,4.8177395,-1.8183198,-8.65561,-6.2651143
679,train_images/7b87b0015282.png,9c344b76aa0f68ae3934b2da00ea079961c1cccc13b84791b73a96fa274b032f,679,0,0,12.408714,5.1072025,-1.5579906,-8.039928,-7.9161515
687,train_images/f5650eb52640.png,d3e1225f59f0f576351383894196e13f4adcaf10d88282d640f5ff6f42c3f197,687,1,1,-4.492012,8.530241,3.5932105,-7.538225,-0.2002137
690,train_images/84b88e8d3bca.png,f237a65aebad1d95dc9f81d77b0c5377268ec539993401d8d149d45b26335798,690,0,0,10.477767,3.5596523,-0.9404001,-7.2993436,-5.776833
698,train_images/5c817060c0ed.png,e664c758b109e940eff630bb35ffc2bab55fe5be889bbe90eaf0ab517f2564ce,698,0,0,12.78516,3.2485943,-2.2122989,-8.090349,-5.716834
701,train_images/2fdffb6160a6.png,325b395e7540e24f10ae1a0b149e9b8cd8573d51bc34b79b534436d269295243,701,2,1,-7.270479,6.118944,4.578081,-2.407611,-1.148998
704,train_images/77baa08a1345.png,99bbecc2e026ba99886f58e17d9f32d6e1ee086e48f1a26b69fbde727eab4933,704,2,2,-6.5502377,2.1393242,6.90295,-2.7116818,0.09564653
711,train_images/0f882877bf13.png,852ed341d5745a84de92f82f9778494b2e2e0a9802cf84efb6b091e78bc74390,711,3,3,-13.869862,-0.4129696,5.5040274,8.57622,0.025040716
712,train_images/db52626d450c.png,f27f1e1c816284253b012bb8ec1266ffabb3a91bb0888fec38ac854f88ee86d6,712,0,0,10.909341,4.9822426,-1.5077381,-8.154149,-6.240741
725,train_images/b77b88926843.png,fb5b1079be0717d50dc2b268bc7bcbb0cb90b1a9c05623eab8b2516724ecd217,725,0,0,11.890127,4.204685,-1.8444419,-8.468124,-5.7816525
731,train_images/059bc89df7f4.png,554fa5d81a16b1ccf8241041c2e271c93ad7cf70a9127e969a36d55ddb85e8f5,731,1,1,-9.498089,4.2923546,2.1192346,2.1837983,0.7530755
734,train_images/2a93334f663a.png,dfa7061afc9c68e6f3844d02f987a6cd9328eeb4d3909de74df177dc1c42225e,734,0,0,10.817802,3.4422073,-1.7698531,-7.084835,-5.4106917
737,train_images/e387311a840e.png,fa4b7fcc51fcd44d8b9812fe28436289ad72880a758054f80d1e8c12d8942b8d,737,2,1,-4.1660633,8.220898,2.1882758,-2.7004972,-3.6333976
742,train_images/eadc57064154.png,f5815e88fae63304be0aff0720784cf8a7858b992e4585292e6c00e1e40da6dc,742,4,4,-4.1408253,-3.216875,-1.455997,2.8081603,5.86075
750,train_images/e3e490babc0c.png,ce6caeb46908fb9312c9bab2a5b9709389140f765c69125ecad2e796a2eed1fb,750,2,2,-12.135906,0.15043259,6.3153844,4.5170655,0.99978733
755,train_images/d035c2bd9104.png,7c93df594d7b2d4e92147df6641f31914938f452300de18a9afea163c6d4c74c,755,3,3,-11.271324,-7.083147,4.047542,8.164755,5.959838
757,train_images/24f3e70f0419.png,52931e89b0130296d8c04212c861feaa151d579f6a31d070eb11db74dc3071ec,757,0,0,8.812938,5.5238266,0.3977816,-8.095625,-6.621805
761,train_images/6c3745a222da.png,f5815e88fae63304be0aff0720784cf8a7858b992e4585292e6c00e1e40da6dc,742,4,4,-4.1408253,-3.216875,-1.455997,2.8081603,5.86075
765,train_images/f6f7dba7104d.png,2eb62fb8ea03f4168a058eb727f83132c718e9e27b7f3d72e9f24995f2569869,765,1,2,-9.05953,1.6567135,5.559005,0.9513631,0.7548691
771,train_images/76cb010f7aa0.png,7d8ba38cb06443addf763cfc7932dbf6406c459b252902cc17e8e8e162d25c6f,771,0,0,13.001499,3.5217476,-3.1492028,-6.496673,-6.8571515
780,train_images/cbc2e57447c2.png,b1b6646175257813239a48c013065d101562b40cd6ca5d929e8d1116728fbfa3,780,2,2,-13.7055855,-1.2314701,8.08825,4.515042,2.1684673
782,train_images/d994203deb64.png,90d799f53575cb8c72f9eacc3f463fed94e0a1d2b7b687ba8a297324854e6f6c,782,2,2,-12.782185,-1.4852619,7.5119724,4.168837,2.4031112
785,train_images/48c72dec46e5.png,1695b1634f7e3ae4c35625cf2d1ee4ce90ca5b0f649b2dc00cc361b65d836cde,785,2,3,-13.060829,-2.9176865,0.613338,9.117767,6.0719385
791,train_images/18d8fdb140b7.png,d29e3267ff01c3a876c0f867a8af4a2a28f691b2a50ff03c4984cfd706fc6457,791,2,2,-14.561928,-4.416007,8.100748,5.2761827,5.417141
792,train_images/f4c7ae514c54.png,6d08500a467f5222f958efc97d4b6a7c3703f5af339d8f4b9daeeab1c07e8adc,792,0,0,12.426594,5.569479,-3.759654,-5.888403,-8.336793
799,train_images/4731e708ede3.png,71c7faf0457f2c896479ba0342603fc2f0372d1deead57c443fe8ec98a45c3a2,799,0,0,13.469035,3.6991043,-3.267684,-6.6620708,-7.2192116
803,train_images/bf6cbccacf39.png,5c70671d0691317e1cf5dffbbb1a3bfb820de51c464f211298394f5523704d1e,803,0,0,14.779675,3.5825977,-3.3127985,-8.710421,-6.306486
809,train_images/ef476be214d4.png,ff78b7e0dc714cd1ff4c0fed88b1ba97e3b65307f94c3233a38ba798d1d13396,809,0,0,12.37006,5.724291,-3.1179004,-7.3406744,-7.6374707
814,train_images/fd48cf452e9d.png,b146157bd2ccdcbdb9c425897bdd9e3e207902cb0bf57a0b5be64ae7671705b8,814,2,2,-10.757576,2.609085,7.174017,2.5450377,-1.7129185
823,train_images/482088e6be44.png,162f4b803d4e11e69cd83bcf71cd3350b5b29934d264b8dadb3efe77f3927556,823,0,0,12.685469,3.4844341,-3.170937,-5.4323864,-7.548036
825,train_images/5ce5eeaf757a.png,3c09d30b1816f8ff210a66ca5e5354897b9d8eed7dd16d92cd52739f3dd7a155,825,0,0,7.4323997,2.5487423,-0.5879979,-5.2186675,-4.1948304
829,train_images/f901d460517c.png,45de2fd54fd2af8349e9695fc43c64ba964c7eb1f143dbf1a59c5fa425118aa0,829,3,2,-11.386635,-1.5006237,6.1068172,5.206405,1.4068843
833,train_images/7cc4b7aabe04.png,3f9f8906fe3ed473a4d6b55b2e2d44331b3c6895de6ca16283aa22acaef73bd8,833,4,4,-12.656166,-2.9947262,-0.5758424,5.812157,10.240406
835,train_images/1b3647865779.png,8af62eea0b67d6af8e8bd28b910424744e91867f974c5b47ee766cbac7f60b58,835,0,0,13.429683,2.891323,-2.9600973,-6.4591446,-6.883379
836,train_images/d2d523e9f669.png,55de5164017259c8eee610a6b41fc19be6944d86f525228fc9fc989f5db3d4a2,836,0,0,11.041863,2.7094574,-1.1442413,-6.581007,-6.0280156
846,train_images/5d74f98d62be.png,18a2b860eab5f34da880313a8d4fea101e332eba2c1a4bf28468c4ab7555388f,846,4,2,-8.430609,-1.2298508,5.5362215,0.80762434,3.1672873
855,train_images/14c3b41d289c.png,dc81e803bf51c8587a50a5c679c981a6b26de4389559c00927c8d4b4dbcdde09,855,0,1,4.041727,5.4721165,1.4919138,-6.1407404,-4.8883934
857,train_images/d1f1ea894da1.png,43a73ad7b51fa957f130a3c7dd73e0f98b7f80cd081c2d4b295f8af29b47cc04,857,2,2,-12.616932,-1.0189667,7.972178,1.1279063,4.3655434
858,train_images/3402124408ea.png,2fc92c430b176078bd38793142b703fe75cbc881054e4ca798b9b8a886e244f3,858,2,2,-9.537533,-0.6055889,4.7209,1.2899528,3.994545
859,train_images/8785b71238d8.png,cdb9288c5d185e7085068fdc0ffa473cfb6a18e395ad1be7d81bd3a53dba09d8,859,4,4,-5.1610756,0.37590027,-1.0991368,0.3393488,5.4295077
871,train_images/adb56cecafaf.png,64558d2a745c2d8424bd43225e0ea6c6503ca07ad06d2a5e5cf034d5f22ce886,871,3,2,-4.2322044,3.413189,5.1974645,-2.020258,-2.4744244
877,train_images/8a759f94613a.png,6999ab73db13c01367ae204b0f29c22e17c9e31033408ef149683186e207fec5,877,2,2,-5.7262363,1.1567345,4.6989994,-2.9066422,2.6552002
879,train_images/573ea80a53be.png,9f49e65d76f21c569262c69a2b8b6cbb9f98f3e04cbfa4eefe8b988547406ff3,879,0,0,10.6949,3.8051453,-1.8890991,-5.615225,-6.9971495
886,train_images/04d029cfb612.png,00437560ef4961eee408098f184493471f3d94dd3d52d4a8dce4300325091ee8,886,2,1,-0.16867638,4.3680706,4.3060956,-6.6565886,-1.9413319
896,train_images/237aa50edc34.png,a5b64dc103c92dfcc0a9c55b9982d7210d0482e603582cd86fb89ca90f03ea80,896,0,0,13.259739,4.925436,-2.8621712,-9.322075,-5.9465103
902,train_images/74898f372d2b.png,0e3e255bed7f56084e6f968ac052e7c4dade2d5af8a8fc6e4752a4a2389df570,902,0,0,12.017465,5.2529907,-1.5185709,-8.711644,-6.9888945
903,train_images/437cbec4a3f8.png,bb78ebf0878129250d32f70d2324c25db0afed21cdc7491f6f1f097880031686,903,2,2,-10.521648,3.5622444,6.50033,0.48694944,-0.17026642
905,train_images/dbfd238b3468.png,bd1e85c20379be05ff58c4bd2010608e175c9ea39c0de85dc7d99bfeb3de4f1f,905,3,3,-12.721821,-2.5046558,6.040121,8.146374,0.8592652
916,train_images/0cecc2864b7f.png,c8d1b2e3a53f8aeef2687055714c2599c0ab5a46507c4218a2bd485e7f239486,916,0,0,9.552047,4.3602962,-0.38455486,-7.903949,-5.610802
920,train_images/6bb30ec3231a.png,e4ad7f024804dd7d6eb885dbd5d04d0f1c25c09182c903a3ee24ef988967ac1c,920,0,0,12.585557,5.862648,-1.245336,-9.616659,-7.578339
921,train_images/79d44db3da2d.png,2f52fa195598cc0dbb125801bac2a47870e5132c248fc19460299d2708a3ffd9,921,4,4,-10.977539,-5.5567617,0.8439553,5.0678687,10.451628
928,train_images/ee74c3b177e0.png,85d6d5ecf4566564bbac89092cd0280a3cd481a6ef32b3237e59c7f44801422a,928,2,3,-12.64362,-0.92427063,3.6638718,6.573751,3.1907995
929,train_images/72a867980067.png,35641ad82c7929667e415a42a23588bd1ea3ed8f2ec002ef5f5db6fd14119138,929,0,0,12.163839,4.4982147,-1.7341175,-9.499275,-5.39641
936,train_images/74eee788edee.png,4b607fe21e2b3e0cd2b716f1a83ff8743519d0daa8b2952a6e7d9473223d4411,936,3,2,-11.3242035,-0.6165619,5.5454607,4.826472,1.4163578
941,train_images/0551676cc2aa.png,2093d82b7df10e69cff908bc84c628ddc1c3db1eee889ff57af0eb89b00c9ecf,941,0,0,10.499481,4.7937107,0.9806416,-9.734476,-6.485096
949,train_images/d9d2631f043c.png,d8edaf0eb25f3a1ce50951262fe55f05b87f52cc70ee2031425e66c08d294032,949,0,0,10.113196,6.1764336,-2.289073,-8.187135,-5.804066
952,train_images/c9c563864ab1.png,0d27bd3036f3228ac8df3d5b89836dc94bbac79e450c2650c15153504b2bf2de,952,0,0,13.6012,2.8007812,-3.3224568,-7.4743433,-5.5823965
959,train_images/b351ae99413a.png,f9e639997bc2f9a26a963c67bbe0a866591b22a9f83b39012996de1198715313,959,0,0,11.613705,4.705927,-2.6102667,-6.9323406,-6.7825317
964,train_images/b7e0f95353f2.png,7b5f10c973b381b40da94ed0d6e1ee9f3e7443d88d8030036a14d2a5be3d9176,964,3,3,-16.845306,-9.684117,7.961804,11.334452,7.0254164
965,train_images/c7e827fc7f41.png,d60668d4eafb51a7274bc1c4436653999bda165aaff0ac7cfc3a2dd6a53343c0,965,2,3,-7.620304,0.7212677,1.8062315,2.97891,2.0043516
972,train_images/64ac539f58cb.png,892364ce0b665b1f4aae4156c37c396021ca1479eb469a6a7ef0ecac0b590f5e,972,0,0,12.868448,-0.26425934,-1.4717665,-6.900339,-4.214929
979,train_images/b6fd109b1bc9.png,3cec8fff99d8f5c0e7124e56dbed6d6eb3f6e1e60d692d1332c823a259f33338,979,0,0,7.276823,3.6044407,0.84784794,-8.950516,-2.750076
984,train_images/0a09aa7356c0.png,0b46b60beded0b299ae951c5db98941b492c10c0e266b12b3a74e289291c82d2,984,2,2,-0.33476067,3.3060188,4.8823137,-3.752357,-4.1660805
989,train_images/61c2fbd16e38.png,923ac00bf0be41fe4d8e7f04bb80f4916c45d1bf6e0f6edf089b321420e00b1a,989,2,2,-9.168158,1.4813519,6.6345844,0.94433546,-0.054501086
995,train_images/fac399455195.png,dcd9d7df4f8f6e667bf078c7709b458aeaa662f9a199a85cc3708aca067aa64c,995,2,2,-12.080627,0.11791992,7.561511,0.7109275,3.5115213
1002,train_images/19113e5f45ec.png,af5743ebd0a40f68404b1044ede5e50a3f8506a5f7e81ef07b8e4c7f07fdc037,1002,2,2,-12.508156,-0.09963989,6.4827404,0.103933334,5.8356442
1003,train_images/f57cf3b6f48e.png,628427c778a2e1d08a84114ec6190b373e4b3c1ee517adc2b16bd99120496e53,1003,0,0,9.84179,1.8748531,-0.07504225,-4.8647294,-6.7779164
1008,train_images/cc3d2e961768.png,47f9dc0e2ae6c260ebb4a796acb11d26f152fd8a81a5d313402918ebb60749e5,1008,4,4,-16.030918,-9.189522,2.5291703,9.001356,13.473183
1011,train_images/b7ce561a7328.png,fbe30dc7866816cc627ddf57cd92abaebed33d2c96298ebb54043887343131e2,1011,0,0,12.461851,5.1376,-2.5976133,-8.266584,-6.7284837
1012,train_images/033f2b43de6d.png,8e60cef58b0e2cd08ba2302c380e8d58b2ea20c95b939342446cfd5470af84eb,1012,2,2,-4.561655,2.497631,5.6051645,-1.471283,-2.1655476
1018,train_images/7a9f45fdf29b.png,c0fc4d655e5b159011cdc36895d7f8c8d5a38f36ed6585e72c5893a46dcfe760,1018,0,0,10.226999,5.136818,-1.1042747,-8.362904,-5.9155807
1024,train_images/7d94a000c2d0.png,87ccf2ddc3e668afa1b5dd3367e418bc86a7993387d98d396c462ca7e8483a6d,1024,0,0,12.486068,4.1122227,-2.080585,-7.7773414,-6.7394056
1031,train_images/61d9c88a3a4b.png,6d68bc75e2f4e18917399f5b9b7f0b0bdbe7ed077a0d47db75eadede58060590,1031,0,0,11.573963,5.529398,-2.3841233,-7.531775,-7.1862636
1032,train_images/47b756014447.png,9ceb9bf8bcf927ce3a7333806683f7c025db007f23fcd92a810b261679774b19,1032,2,2,-9.617186,2.171545,5.2948494,3.9554114,-1.9131007
1043,train_images/7435e9a3e36e.png,963fcc3733633b830d761bd45731005369debfb7213a23df2f6d0a60d690dd41,1043,0,0,13.221996,4.8788204,-2.9939432,-8.286669,-6.781358
1050,train_images/12025b34deb8.png,3c7c855d7b017ffc348a989009e0cb444e2af0cc7f3a01f2696b39dc6709e8c3,1050,2,2,-13.005184,-2.6203918,7.737097,3.54347,4.1582394
1054,train_images/bb5083fae98f.png,63261e7f15632b5f6fb667918c2e1865f1dfb36aa77dc5cdd7d21debd43b64ca,1054,3,4,-7.1617146,-3.586073,-1.2875872,3.7723527,8.1306
1059,train_images/15b21c80cc31.png,dbd56d035c6b4194a036dee565669b27adfc2682d992a622a366f61998bde2f7,1059,0,0,11.780711,5.160141,-1.8218112,-8.293588,-6.8339167
1064,train_images/a88f68b0b114.png,27243104b004af81a507cd155b1e1acccc193fc34ffe8e5a3298a7bc1cd3ae51,1064,2,2,-7.8031597,-3.1576424,6.4572163,1.9168906,2.429975
1065,train_images/e06d3d4733f0.png,938881610b59920587458d92ca2697fa22ecfa4f440bd900604e3423d59104cd,1065,2,2,-8.341284,-3.6355162,8.508419,1.472054,1.8536229
1073,train_images/46d3316c4857.png,99ed329e1d7b4e3a4e554ec5ca138085d2ab9f43076cbc9653a851dd99ef82bf,1073,4,4,-15.184525,-6.977951,1.1928792,8.630705,12.14217
1075,train_images/6324d77cf926.png,797735fe5c7eb86be02887d1fef713d69ea55046845075fa9adb10e42953de5d,1075,0,0,13.689078,4.5237274,-2.32613,-9.07519,-6.7983127
1084,train_images/26fc2358a38d.png,f0ec5c6e8fd5834799cff311239f54d4c9c53dc460847cf2348fd75763732bbe,1084,0,0,11.868527,4.7073383,-1.8809943,-8.124117,-6.5698776
1092,train_images/b46b09a45f39.png,6f3ebb6802bda9a6bfb43474d40297552117892e99fe7d6efc5cabb803759009,1092,0,0,7.8650475,5.083864,0.25796103,-8.5858555,-4.6550107
1094,train_images/252305189b3a.png,04c2d9b6e49414fa3d1ffd1fe9dd6fc91134d4b5c97918baf5bdfc9bfaf76b60,1094,0,0,11.1554,5.1380367,-1.7058845,-8.185634,-6.4066052
1096,train_images/f18abfa690ab.png,ce1481cfb40096f964996c7c3f95f90529d1eea0b12ccc9593b6935f678b3da1,1096,2,4,-9.309435,2.4321918,3.531919,-0.7460909,3.9302545
1104,train_images/d9ad2a0ec026.png,4dbb002a6252332bdf4856cbb7bef2ba10344f89a00e29ea73ae59694f522164,1104,0,0,12.213141,4.19199,-1.4956813,-8.777819,-6.1219625
1112,train_images/e30a890600e1.png,1cef8b154783149300b5f47cbb8b904827cb19f28e85dd5a2b66b461a3eb6397,1112,0,0,7.423644,5.6664658,-0.8441272,-9.4264145,-2.824166
1114,train_images/9e5737f771c3.png,e656821ea25ff6addb3050e1a82044dfbc71e6b228b729c983eb3aa1f37ac090,1114,0,0,9.722842,3.0562801,-0.9638233,-6.694328,-5.127762
1115,train_images/2fde69f20585.png,4c617b0667d1083e09b1e2059d9d9ff651fac14429e05d4d3ad369ea2c685d1a,1115,4,4,-8.519571,-2.8834076,-0.5532923,4.7428184,7.056393
1124,train_images/c25e02b39c01.png,8a8e17ddd777459f37c62f201e17385f537287aeb1590ce9c4f24fc346d1bf12,1124,0,1,2.0948296,4.362358,2.5211663,-6.7531853,-2.3020718
1132,train_images/9a7bd084395e.png,4223c1f164475651bfdd059c4deaee768b2a0c7c38b76a8b73e893bdf91b2817,1132,2,3,-13.369587,-2.784258,5.0557623,7.3484178,3.593374
1139,train_images/8a01daa423f7.png,881c7ce2aa009d1412b81b51d64f543f90f48e6c4fe17271e8b68b55f225127b,1139,1,2,-5.5200787,1.9850178,3.621349,-1.782866,1.599765
1140,train_images/b9fe7da14a32.png,9ca4b9486c1144f34e5eaafb3676d9e70795d4835d65e168888b8f6d1d525843,1140,0,0,10.785038,4.705105,-2.1254802,-9.773195,-3.5739985
1145,train_images/3c53198519f7.png,176149b4ad4e93374a8c914895a12aec5180b6e0b58328127a8ae92d22047892,1145,2,2,-9.437582,3.0819855,6.894568,-2.747086,2.0416317
1152,train_images/f64b6e85f1c9.png,78be606419d7b256743b710b273c3e7d8b39fa1271b7dbed44a44609ea2571dc,1152,0,0,12.726535,4.2812634,-2.2653875,-8.617889,-6.1208277
1157,train_images/44e951e45dca.png,5d848f3c1d7dea0d8de9f25af92a0ad6ac65be0d19e8a590686008f6e6037f13,1157,2,1,-8.023912,4.9451942,4.653668,-1.9048901,0.20909676
1161,train_images/8fd7ad26e691.png,d386d6b040f09609640ed91cddab7a784c044e0343256680433d0b9210fddcb8,1161,4,2,-12.443584,-1.1681252,8.702657,3.3857293,1.3668001
1167,train_images/c3e02d4a1798.png,3c72d01afdff4761ea35c1169a7eedef007a241f5acf8dcf26fd0caa4101b9a7,1167,2,2,-7.9303646,1.8378601,6.6090536,-3.4482417,2.7880204
1168,train_images/5069feccd866.png,9bf42bd16a556775eeaca02212b8f8fb71d127a2f1027c33b202b10a09d6e5a5,1168,0,0,13.751563,3.016674,-3.670145,-6.072179,-7.006769
1173,train_images/17eff993386f.png,7f0a2856014f59784c8cc1c750a894052a57e1605f52bc34a9b4eae87925d0ce,1173,1,1,-3.3407612,5.2621975,0.19749784,-0.26148796,-1.9623616
1181,train_images/13d71389563f.png,9a1ca35289993c7db77f1b71b42a33e20a27852e1bf3d7d599ab80379288d6c7,1181,2,2,-2.2656078,1.8298073,5.7714767,-2.0534015,-3.375868
1190,train_images/48c49f662f7d.png,026b573652957615c6c77503e4029da609bc01519a20a612a26f3d88fce4b484,1190,2,2,-8.789289,0.10909653,5.038221,1.2439599,2.2612123
1196,train_images/e1b8acb1cea1.png,87399cf826489a02adad2640196600c7eff766ad6ef830df1586fabede2e9157,1196,0,1,2.699154,5.0203743,0.31743932,-5.956766,-2.164713
1200,train_images/d38cf0f4a9af.png,b66898799fa443fdb53c046a5cd2ade6ca7133c7bf89eaadf125cfbefcdad161,1200,0,0,8.977278,3.8982697,0.8102524,-7.6725073,-6.037196
1201,train_images/6762b2b48ea5.png,f718263a70a66094b0ed325a8f1b8476b45329ce7526091604733bf3f805bbad,1201,1,4,-1.6079464,2.1303272,-0.3341279,-4.1203156,3.844131
1211,train_images/4c5ab774a381.png,03e9962039a8d8c9a1ca20f75eea0042adc31ca19c8d47744e5ce39a052af5b5,1211,0,0,13.415859,3.5397053,-2.6070943,-7.9548616,-6.3749185
1215,train_images/f7defe70afc3.png,501a5eccb7ddf1954dc6e94aed7c92249ec1d8e234de74dab165d5fd83abb476,1215,0,0,14.13121,4.5622673,-2.6246963,-9.324838,-6.683977
1220,train_images/5723d0ec895e.png,d8d46aa0908ef3d82a5ec34ace06ccbed64ca647e2bcbd330a7905e85cd3ce49,1220,2,1,-3.5189667,6.784891,1.5957484,-2.3427548,-2.6292706
1229,train_images/ababe19ed448.png,2bc327e38d950fad243927d304ea62795478d069ead52a11cf5e5c693e42958e,1229,1,1,-4.9658356,9.731426,2.5599318,-4.9244533,-2.5025551
1231,train_images/1d14dd912671.png,ce5b57bb7c1316065a3aad9d5ae832de2ef2a96bda018e772836485acdbd8d24,1231,2,2,-8.61758,-1.5309029,7.952031,-0.76087046,2.8308403
1232,train_images/352e4a939242.png,e986cf2457956d0fa8fd52a174ccff26717d15330304e3844019ce446fa0cf60,1232,3,3,-10.954334,-6.139618,3.8494146,6.87942,6.1980824
1243,train_images/596f4fdb0004.png,7e32af3e573074e1b1f4acef72485662c756f35afb405b1fcfc481721d330c20,1243,0,0,7.9955826,5.7342625,-1.1236,-7.8846893,-4.761827
1249,train_images/999ad827ed35.png,027e63029c36f7684ae2b7126351251a1133310a8595e7bcddc6b138b773697e,1249,0,0,9.346031,4.258871,0.6306431,-7.5483637,-6.701197
1251,train_images/08a3875063c3.png,f9a13a353b6e2794a2bf0a69984fd291a226a8a37cd38045eb725947e5c57498,1251,4,4,-12.649906,-5.486249,5.3685718,3.649961,8.937656
1253,train_images/a93f1ea3ff4a.png,c13e7eb278b3ca91fecdafc1398a792e83df58db7c69966a12193e6930425739,1253,2,2,-9.289,1.5808792,6.559597,-0.07823181,1.0810604
1260,train_images/6f0463c1ff18.png,8cc194498af04e7cbdeb636afe03f0b97abe986010164196672e754cd0f4f6b1,1260,2,2,-3.5038242,-0.00012397766,7.380901,-2.2448473,-1.7234998
1266,train_images/b6d9974443ce.png,1d8eae919d112b0f0960c77a8648e5c9315ca372c5a5ad401cce20a3a25b20b3,1266,0,0,11.798117,1.8578644,-2.3031788,-6.9123793,-4.420831
1270,train_images/18b06f56ab27.png,bf28abf7cf473dfc26553b379cf1acb02460bd21ab6143fa61a003c173967060,1270,1,1,-2.659336,6.9903717,1.7441938,-5.5684247,-0.60786664
1276,train_images/1a369baf9ee6.png,9ef1fb0ccdfe829af8380619d2d1ed5b2e81f5a4be3ba6d837cca52d68f0a579,1276,2,2,-5.0449753,2.9423275,5.1360693,-2.4690385,-0.68917036
1283,train_images/099021fac3c9.png,13e80c445cbf374c2c3b53ed5a7c99b0fa1ea43811b1533d84ecd40900632629,1283,0,0,14.352473,1.8211575,-3.0897193,-6.0848255,-6.968003
1286,train_images/582f739b8f62.png,b4f611b3d195c49e35fc2a3fb647a966b9b6fe70cae69f1e2af77a964d3f5e0f,1286,2,2,-7.7723236,4.8612747,5.293911,-0.93168306,-1.557147
1293,train_images/9a3109657ac1.png,db56784b762de05ec1ae3f5fd0f471f1462246050a924a40fe1c179bd4c022c1,1293,1,1,-2.9761658,10.537783,1.7254527,-5.0135508,-4.350061
1298,train_images/35beb47fe159.png,8335bc95b108bc9281f34302c34b75895dfab1d5e0e8b6ea0fd10677a90516e0,1298,0,0,10.90924,3.3761597,-0.5043311,-8.622425,-5.1675105
1301,train_images/4a0890b08532.png,a562e39baae39e773ee3efe50fa30e1861161a7bb8d5d8b303ae38c80e33c423,1301,2,3,-16.208378,-5.583847,8.300102,8.514843,4.769815
1302,train_images/f7e9fa75c7c1.png,66b30159144ca3b3db21c286fddd13abe08d2dae4716469c7977f9bdff200107,1302,0,0,11.176915,5.8640842,-1.710258,-8.729028,-6.6140265
1307,train_images/0ce062f26edc.png,35b5c66c9071b6e259aafbb73ba0325e5b6bd4e75c746b8e7994e7f92a7becc3,1307,0,0,7.903349,0.49234772,-1.0880375,-6.289669,-1.0255758
1311,train_images/7ee6de71c140.png,9ad89af8b5fd14207dbf845f1c7ffbd1547c2ebc9b535ddb66172af67f8a2317,1311,0,0,11.460913,3.3733063,-1.2957025,-7.9509544,-5.5864816
1322,train_images/37c4dfe03aba.png,4b978630567ba0a06edf803ab37a5e0ce1da5f275e5e5aef8f026cc110779cc8,1322,4,3,-12.38147,-5.2274427,2.5831256,11.512587,3.3563683
1326,train_images/d16e39b9d6f0.png,1487a147691df11aa38895f6502ccebdd6bead66ae960bc974c4f7157a16d893,1326,0,0,11.764308,4.187023,-3.2725797,-7.0793447,-5.5933957
1327,train_images/9a1029536d78.png,9b61929b4aaf07f2eb6273e29a2eaea2b1c4790178ab7dca032ff9a233e3bf25,1327,0,0,11.420846,5.022526,-2.7705393,-8.197793,-5.478703
1331,train_images/12058bbb8299.png,176557cc89459c69f2168dec71da5241afcc57e04afb462be6ff4ca7aac25ab5,1331,0,0,10.924546,2.811058,-0.5020542,-7.2727127,-5.973027
1335,train_images/02dda30d3acf.png,92fa31748c1b01be89a88d6f005bebc28ff219abeb9ac04ee0eadebd16f42f36,1335,4,4,-6.2894764,-4.580268,1.0432901,0.3749466,9.288154
1340,train_images/01f7bb8be950.png,02fd7bff6b85f8bf7b6904c40c0135391ded73131a4aed060ee55195ca3bbb71,1340,0,0,12.930791,4.1606503,-3.0612335,-9.341509,-4.633029
1345,train_images/65f69234c8a7.png,2006c40a8335345e4f7fd2039175ed6c937652a0de7464643a7fd63fdcec2d08,1345,0,0,12.231384,4.747633,-2.708218,-7.7960806,-6.4706793
1349,train_images/6b91e99c9408.png,d30574bba09ba36ee383af6bc66f433c118b18d38c32c5f101e4e1806e87a53c,1349,0,0,14.025789,0.76454735,-2.6706572,-6.4468412,-5.637627
1350,train_images/c7b622ec8104.png,5c8d9b62c71c43822959e5ac857d1b5aa9e1c4ad503da218fea24cd605859ea4,1350,1,1,-1.9305859,4.4693813,-0.0108885765,-6.368107,3.7635016
1352,train_images/3044022c6969.png,c216c357fa59ecd728a5211694af6a5d18f398b4c364a779e3d6ce6f82cfbc0d,595,1,1,-5.861065,5.775711,3.2671914,-3.7166185,0.42631862
1361,train_images/9a28d4e8aef0.png,6a10f05d2beccc134cd493ded91a12e579a18eab3c1b5385f5524c9ab1846343,1361,2,2,-13.404858,-4.356925,9.4440155,4.361276,3.774846
1366,train_images/31452ad8808c.png,ef777924d9fed2f83e71bbdee3889032f1c1d887dc959fc1d041f7ef74157625,1366,2,2,-11.622517,0.2976303,9.495907,3.2242064,-1.5446031
1375,train_images/1a1b4b2450ca.png,520883df0f5735ebbf1e21b085ecb6dbe4f8b135511616203183416afef4e49e,663,2,2,-5.8836308,2.6155338,5.1594343,-1.20924,-0.80156577
1378,train_images/172df1330a60.png,60bfcdb5bdb568c7795e56bbd9ccf9fead27789709b9cdda2c397915e76e8c4a,1378,1,2,-6.8572083,4.3060036,5.6819086,-4.753957,1.497977
1381,train_images/fbcbc81cf9be.png,7688ee8632d0526c8f747222f565280a477f01cc5ba499eee3f19877b23540a3,1381,0,0,10.873285,5.376709,-1.2204113,-8.601655,-6.4293337
1384,train_images/c947bb6cf9f6.png,20cc6987a96bb11c53ec2599a57d63fcb56ed67856bb5edcbe386f6288322cc0,1384,0,0,13.638718,3.9025555,-2.55556,-6.52874,-8.433619
1386,train_images/2a3a1ed1c285.png,4b81430cae386db2b934e8fb0a8a138cefbe6b9ab9d28df2af982cece289a385,363,2,2,-10.177294,-3.7005968,6.580335,1.9998403,5.1614056
1388,train_images/f252046c0fe6.png,87ab6942de3bbaf42e7e005ead8ccb1e9aac4d19dd37293bb1533ffcd270a1f8,1388,0,0,10.219618,2.730444,0.13883662,-8.447303,-4.6474767
1397,train_images/b2aaa81cc8f0.png,f98ff8a883e051a12ee88761de53266fc3a9f0b5aca1d6fc23a79a371a1e90ee,1397,2,2,-11.74234,0.48836327,8.376823,1.2507453,1.4578019
1401,train_images/966c07831334.png,3cc12bfc9dd9be56c4291d85be6ff2f690d1a7635bcd59eded966782e980a674,1401,0,0,10.847309,3.7282352,-1.4685936,-6.6864614,-6.4238386
1406,train_images/ec6659926105.png,4515cb1784ae0e0f677606876337620c88778d9e3ba6e2af05cf60e4627ca812,1406,0,0,11.421079,4.929083,-1.7830868,-9.057165,-5.5223355
1413,train_images/21037f5c7790.png,b11dc14e37a6954e65ce480c0ed0c195c86e63a56df703a2bba271cb2c24bb86,1413,0,0,6.346162,3.2827263,1.1817334,-7.315258,-3.5561533
1419,train_images/da0a83f074f3.png,6ef48397572d697ab747dc1eea43ca450ea98f0d3ffb22cb4b1fc4eef2365287,1419,0,0,12.203896,4.496931,-2.9044223,-7.230412,-6.555969
1424,train_images/98f48850ebce.png,bf66aeb5390f53a2c247b6fc9c960a6eb2ccce249149792870473d9c57ca14cb,1424,2,2,-10.474827,1.8959446,5.4505672,3.1820054,-0.20974186
1428,train_images/44ecf3f4efa5.png,ec18cac8517844de9149e062cb740dffd22593a5340541c4d2b67a96ae8ef6a8,1428,4,2,-8.126495,1.7456951,4.8885717,0.035997868,1.3343387
1437,train_images/bd500a73beae.png,a787a9ce24376ccdcbdd0bbfc8ab719f284038b2f5ae363b3665393bb0f8aea7,1437,0,0,9.085287,5.699251,-1.3082604,-6.9965434,-6.4916644
1438,train_images/91b6ebaa3678.png,e7dc7d1cb41b01fc6784700a42e961176a2ca8b95d6d011ccc85728232ff0678,1438,3,3,-14.913132,-5.746807,7.666719,9.090504,3.713751
1440,train_images/c5e238aa18be.png,8ce31cced70e9a2eee7c9ecd91c09edbb64257d95a14be71854b73ae3687b89d,1440,4,4,-10.316271,-1.0858269,3.5449576,1.2392545,6.441677
1449,train_images/f8372e80f731.png,814e932a010f71171bb08f1d7d54b63e35757d372666ba8ff1333cf474f5ce95,1449,2,2,-11.544483,-4.7323503,7.0568757,3.3713555,5.691357
1455,train_images/bb9a3d835a94.png,f1f5b7c4d151b82d90a51343d0cb4173704513f6ab8967c314c0709fa7d4db60,1455,1,1,3.4466095,6.397793,0.27748322,-8.384746,-1.7537172
1456,train_images/8b568d47a1fd.png,96afec9ed3f09841f03153dd91efae89b6fbfac52791377796503343c953b17d,1456,0,0,12.5532,5.7967396,-2.9763331,-8.96904,-6.4003725
1467,train_images/a821b6ecef33.png,234652657b3490b8eeef65a6cb915de3e9399108d5c5e5f34e0cc3a17148702c,1467,0,0,15.377314,4.0757256,-4.1083345,-7.02775,-8.278109
1472,train_images/d6f6bdfd8011.png,73ca7a3eaedeef1b293439b9c1f8f703663ada8ff5247bb813a8d75e4bd4aa33,1472,0,0,13.672779,3.382206,-2.2241821,-9.17168,-5.64647
1476,train_images/080f66eedfb9.png,44427ad4368ebe3735fa6f626d739c5da46c9e15198a436cd74f706d0bbea20e,1476,4,4,-1.3772068,2.6183949,-2.501955,-2.3589492,3.5422597
1479,train_images/1cc58b15f466.png,729780d65c747bb38b41bb839462c2945ef2dcd2c7fd2b32822033147183c298,1479,0,0,10.76864,3.1578789,-1.4466319,-7.823908,-4.6275263
1486,train_images/d567a1a22d33.png,433e567384d685044f64956cfe6e0764d6f3e10c62e4beaf613da4c61d01ef73,1486,1,1,-2.9232426,9.999002,2.5683568,-6.60595,-3.1169431
1489,train_images/10eefba568dd.png,9544c1e7dd75d02e8f74963d64844a5397194d250a2d21bb89b7d2f9636fe64c,1489,2,2,-6.4588737,2.6938457,4.7465487,-1.4274535,0.31755266
1492,train_images/eb1ad14dd281.png,a571231d7048b184a560711375e5c2014d032f8258a4b5e84d4dbf61765cea9f,1492,2,2,-8.36338,2.7567196,4.5682273,0.3542204,0.5535841
1498,train_images/e83d315d8f98.png,1b31ef37d22590a6dcb504a4ffbd879423e96a9383f06c8ed07f85da390ad00e,1498,2,2,-13.513092,-1.047245,8.297917,5.4396634,0.64511454
1505,train_images/224bb938e2dd.png,52e182abb40db4059cb220b429180d72c0b779979e6c3325c796eeaabc9bce31,1505,2,2,-12.005192,-5.0238743,7.741089,4.651654,4.461408
1506,train_images/02da652c74b8.png,f4e2f9434edd85b4fac2b03bdffdf22dbb36fbc274b4574d35ca0a9d16903dca,1506,0,0,10.358057,5.4296265,-1.9094791,-8.351586,-5.5432787
1510,train_images/36041171f441.png,9a93a477d03f9ba6d61c08bb054c8b82ae32e1a223120ec49a73b9faae97f921,217,1,1,-5.1320534,7.4018135,3.548913,-4.8011365,-1.1453662
1519,train_images/fecf4c5ae84b.png,1bdaaf702098d21ab5c631ca727a3888c33f06b9c5c97c9a7f4b20b9179bf2ea,1519,1,1,-8.833187,4.549555,2.791181,-1.1729546,2.5384173
1520,train_images/12e3f5f2cb17.png,433e567384d685044f64956cfe6e0764d6f3e10c62e4beaf613da4c61d01ef73,1486,1,1,-2.9232426,9.999002,2.5683568,-6.60595,-3.1169431
1522,train_images/04aef84a2cc1.png,f29b614e934f0e8cb6090f32141b35de374dd12c2dd0e46fde4f272c854ed865,1522,0,0,12.457827,1.6666851,-1.9229474,-7.140019,-5.054031
1528,train_images/1c4f3aa4df06.png,12daaa224668fd8bc004127e86acab8a131705550a148ef963e60d2d9163ad99,1528,4,2,-10.822273,0.8285694,6.947781,-0.33577538,3.2251704
1536,train_images/bf7221a016b5.png,863730b974cd8f72791b1f5e64386d2435e4b576411997f51691886f290a189a,1536,0,0,10.495111,5.6489983,-1.2186213,-8.811117,-6.0878134
1539,train_images/65e120143825.png,f12dedcf7782ce81e2185e7a48ba23b2ba8aa83f21dca906961ea204937d88db,1539,4,4,-8.557348,-1.2589035,-0.0957365,1.037797,8.727079
1543,train_images/24de56d433cd.png,44def2b7fe08527313a0cc98d05ce770cf3ed3a226e5ae8067605979fcb47822,1543,0,0,9.401579,4.2009335,-1.1842837,-7.2843494,-5.1502056
1550,train_images/00a8624548a9.png,6ddee2bf8f9deaf83d323fd261b04698641c399b25bebc9336a44f24abd61d75,1550,2,2,-10.659481,0.17988396,7.0151486,1.9204497,1.3857464
1557,train_images/4384fa687afa.png,7f5f7d59ccaad9245bc54b769291b20440d9a2d11a82605484855051169863e7,1557,2,2,-9.514835,0.9123268,3.9630136,3.7367082,0.7703973
1559,train_images/a8b637abd96b.png,48a9d85112a68daf53a05641191f84b6dbd8d03b8dd3f09d8c86a2de6ad451e5,194,0,1,6.6743965,8.973253,-1.4609733,-8.971629,-5.201483
1566,train_images/1faf8664816c.png,8990ce72912acc86a2bef8a22eb1f210040a3e402c1d6ad04423102c717e7793,1566,0,0,9.343593,0.45201683,-1.1814246,-7.150274,-1.490668
1569,train_images/5bf3357a2823.png,d6951b9eea1457757f3fdfd976c91944977fc1bf985a4840f06a60208f5a4503,1569,0,0,11.334168,3.9902096,-2.0087614,-5.5760355,-7.728458
1572,train_images/83038ca49b6d.png,7c92944228879d7b59531e9ad00a99b21974b984c7c223ed4f7fbd127b813788,1572,0,0,9.819731,4.5854645,-0.720551,-8.319149,-5.385906
1573,train_images/38e0e28d35d3.png,035fc09853678cbd8c32c94a7cd728f45e033e5c7727a826719ec92e8eab4151,1573,1,1,0.78281784,6.056431,1.4714434,-4.9248037,-3.4745424
1581,train_images/27fca9f12b3c.png,9cff705027877c45e41e78a012c239a0eedc35e15a90127ec2f249fee6b0e833,1581,2,2,-10.897091,1.5425282,5.4446607,2.4279685,1.3405111
1593,train_images/665ce639a331.png,df55cab58fce1bab36c3eb8bf450dcf625ad74da87d9d2f5787851614c9fdbc0,1593,1,2,-5.8971043,1.132122,2.6485288,0.7842698,1.2319726
1595,train_images/3a122851e526.png,81ff49d7d8109ffa5351473076b38bd5afd80aa15af2e2ea33428c29ca3af456,1595,2,2,-11.00383,-1.1365528,8.941772,3.7728734,-0.7307961
1604,train_images/807135cbc438.png,13aa7553878cfa532df1c8065fd1b7ff5ed5809e9127ffcd1687daa1de81e170,1604,2,2,-11.079964,0.9979744,7.4264545,4.494699,-1.9873338
1607,train_images/e42d9a94a66d.png,e5f37761e851627c9aeeef6a37f88f065d996d7a3d0d30466ad3f9694196cfb8,1607,0,0,11.70392,5.278738,-2.5831509,-8.1150255,-6.2315993
1611,train_images/a02dfd67a925.png,8af5e78e55307b91f8e688ec6da8d92a5f7d98a22b8023923d4b7ef3b02c01a6,1611,0,0,12.146398,2.4064808,-1.4849343,-8.253862,-4.7731833
1612,train_images/6987804eb464.png,bda9d6de5454c615a56d5d1213ce0464ea2d4d7f64d6827a928c421786101840,1612,2,3,-15.916561,-8.209408,6.8965044,8.541943,8.483342
1621,train_images/a015ce4f51ad.png,21552bf40ea1a161fd11f3a5f07d09f09f407ecff7fac2e6195859c7c7d59d25,1621,2,3,-12.434784,-8.194673,6.161053,7.453172,6.8439407
1624,train_images/3a643599f852.png,cb95c9e3fecc8dcc48009bce3fd7bbf8a472367b947f52e91122e9d33e5100fb,1624,0,0,11.889142,4.018259,-2.8032742,-5.311446,-7.7769303
1627,train_images/1ee355480567.png,b28e299a9b5813f50796b02ed4ea9ae6fa40f803b0856eb0c7ae9e94796e8e8c,1627,0,0,12.030478,4.2612343,-3.5869007,-6.1649637,-6.5315065
1633,train_images/780f9daaa24b.png,5666ce883e975d68922cf4b02ea69a8543abfabdb3689e276d04ef0a5a1440f0,1633,0,0,14.006954,4.778345,-2.1086226,-8.459897,-8.198671
1641,train_images/a8582e346df0.png,ac3c47f35f5139dc134e1bc994b05a26d60b139420d0f7a8ca83d78f7d648218,1641,1,1,-2.3575993,6.647991,5.0830107,-5.8629494,-3.585359
1645,train_images/c027e5482e8c.png,ac3c47f35f5139dc134e1bc994b05a26d60b139420d0f7a8ca83d78f7d648218,1641,1,1,-2.3575993,6.647991,5.0830107,-5.8629494,-3.585359
1648,train_images/949710bead24.png,fb764902ffd04c80be24a4478cffe22090cb53a75eb392828781e0d916b4890a,1648,0,0,6.079314,3.6357002,-0.12757587,-3.8150926,-5.815941
1656,train_images/87b1938994b5.png,09ba82a15f93e191e9338f36fb0ad0fc8b29942420d8b2401f4f5ff77eb2480d,1656,2,2,-11.715149,-4.9059076,7.31445,4.7284102,4.422379
1660,train_images/799cb4c816ae.png,afaa8ddb09e077f229bd788203d4d10a10439961cdb39d1ef86360b1139515fd,1660,2,1,-7.1830254,3.9965744,3.777104,-2.0774431,1.3679919
1662,train_images/531b39880c32.png,3594b779d79b6a873bcbb458144c8629daa9fa376f8916566e15d9bcc2fc869b,1662,1,1,-2.1516628,8.134207,2.8714025,-5.9244165,-3.014107
1666,train_images/76cab26493f1.png,38f1463f384537b957427664bd2362c07e87c4c4440e5d9abe426781889e59e5,1666,0,0,10.752581,1.6400528,-0.55284977,-8.247672,-3.5722656
1673,train_images/ebd96d853918.png,18844e86c52e1df9993743b49fb9e401c9de9f6080fec0ae6f7bea28c7252071,1673,0,0,11.672263,6.404291,-2.2479477,-8.916424,-6.905144
1675,train_images/e229aca862c7.png,b4759238e167eff81a2abb051609f15960af5be7365dd91000660d2b0077f91f,1675,2,2,-9.830273,-0.7407627,8.024549,1.5075841,0.8791783
1677,train_images/d9ba044671e1.png,acc3ced85e64ef87ee4a2f66c4326f36913725fc428522ec96d4830443cc7243,1677,4,2,-13.429466,2.1701202,7.0733814,1.6077933,2.4034421
1682,train_images/012a242ac6ff.png,8e03a481f0261723971041df11c093cb920f5dbe2b375844ea42dff83d270ab6,1682,2,2,-10.36306,2.1457806,7.3482094,-1.7453814,2.45763
1695,train_images/052d9a3fe55a.png,b7640819bda6f6c53a35df2f1b9d2cf00ce229f3305085dbc15e1694009f1a49,1695,2,1,-3.7098083,7.3753967,5.611527,-3.7779322,-5.600886
1696,train_images/81d79d53ed7b.png,51fd089949a2d5fc6838eeebff313231ba8dccb0e1f0555d76f58aba9fddc3b0,1696,0,0,13.743096,5.2592907,-2.4163542,-10.741272,-5.7878537
1701,train_images/e32dc722eca5.png,b426b772cb49868e0be7f5c143e7dd7f726b1fbdc13fbcf9599878e7aeec3a57,1701,4,4,-8.666607,-6.2757387,5.1761923,2.2654233,7.35128
1705,train_images/211518c46162.png,9ce13ebb91b5a1737e9c9a37d21cab8f29eb459a04c85da5f77b097c7b9e57a1,1705,4,4,-12.88427,-1.1736374,1.1547673,3.86231,8.848863
1713,train_images/a4d4b69f7404.png,97d749a686d94320e42ff0979558dfe9f22c9654013125cea02458e725163325,1713,3,3,-6.6247044,-0.86888695,1.8160183,3.9761863,1.5789516
1723,train_images/fe0e2dee1834.png,434ecdd9f3c6527a752e8e062602620532d634325f0f85d3261cb4b2a0997a9f,1723,0,0,13.301129,1.9633579,-2.877194,-6.713571,-5.6486983
1727,train_images/4c78d9d18da9.png,40b5dc56a9efb51cfff4bd4c88229e29f4f88e5231263da8449fdbdea57c52fa,1727,2,2,-8.095072,5.4234905,5.455176,0.62746716,-3.5135267
1732,train_images/991a0b7a8c87.png,3baae8f15493fea65d09d5127fc54cc96f29130639a453216fa4c339e9f6e9d7,1732,0,0,14.008884,4.7935486,-3.8748913,-7.9199424,-6.986751
1735,train_images/d1a24527a15d.png,935aaf3323cdbc0d1c7337fe0b6517152729e768670cc4cdd287e1d8a7198ffc,1735,4,1,1.5168381,4.466137,-1.0965204,-6.131017,1.1867642
1741,train_images/d1afdb8cf70d.png,dba3dccc1563a3ecfd7cb4e9a511f8a9f7920b9d8476afe2a10a15de9e4e31f5,1741,0,0,10.830749,5.409672,-1.5841904,-8.054026,-6.606354
1746,train_images/4d009cebabc9.png,10a2397222e08b4f1dd1c77833394e52300a2e7b904d8b03d7649e68cde50914,1746,2,2,-12.36483,-2.061823,10.209019,2.1846223,1.8573272
1753,train_images/675de69373f8.png,de3d194672ecda1136bdf8f7f7cce58abf805cbb3f59908cadc5a0a64522c5f9,1753,0,0,14.210754,4.5504265,-4.418661,-6.6904325,-7.625818
1755,train_images/96b5474ae604.png,31310b51583f0b8866273531e400a1280b70a4c7116832791f41da242d2c89ef,1755,0,0,11.676487,2.6185513,-0.87615395,-7.588872,-5.8254867
1757,train_images/87295c5fa1cc.png,8da2f351eaa9d57ea94c37c35df2e1bd549659d000a1f9ed1b11299064f89bca,1757,0,0,9.959748,5.845331,-1.67768,-8.423663,-5.720847
1763,train_images/0212dd31f623.png,778b89b62aebc3d06ac48595680749c6150a687a90cfd4b8ede51b41b3733784,1763,0,0,10.731971,4.87167,-1.0170541,-7.1076593,-7.4832807
1769,train_images/0abf0c485f66.png,eee2fcc8ce8e24c9aa13f5d7d6c2b30b84d00fc97d1c29522cdb3e69fb0bdfaa,1769,0,0,12.645912,4.203457,-3.5604162,-7.3449764,-5.930905
1776,train_images/e7b5dd5bab1f.png,edd718dc08532f5a92141647d385b4e3f8a66358c536a42f369e84a1c13d4f25,1776,0,0,14.34553,3.3675785,-2.9989786,-7.8015223,-6.8858137
1778,train_images/7102f29e052e.png,7df14517be051cec7651b65ad5b9e759a76207cd0f7a5cdf54d3803478983121,1778,2,4,-12.750866,-3.8500118,4.1118107,5.3281407,6.989924
1785,train_images/4e1e252317b5.png,63352a7042d3c846b16544f01298b91f4d17d9421d495d87cdd7ec4624f53124,1785,0,0,6.117509,4.250889,1.0056448,-6.604636,-4.82116
1791,train_images/a3d2a0c4cd17.png,ade62578e8474787bffd44e7e5ef4e4685e4018a171df276ec2701cec044c15c,1791,1,2,-7.8077583,0.29061508,5.060528,2.5533223,-0.2240431
1792,train_images/74211a2b6dcf.png,0d34db0625c3940a13ff02eda65c83e5705d8e6f63f163578c0fc5d5e54832ef,1792,0,0,10.177004,4.2355995,-3.3708062,-7.347117,-3.6796165
1799,train_images/cc839823755b.png,9bfcc5854766d92c2f3bf3426604730d6f88431b373c14dfbb34b5b11ca77d08,1799,2,2,-11.000908,-1.2127724,5.7763057,1.9321904,4.3324986
1802,train_images/15c24478ac72.png,d57f975d94dffec264850d22ce42f65397f0d7dfefc3773be8259a7f1d088392,1802,0,0,8.432271,6.135412,-0.5780997,-7.346842,-6.6637816
1812,train_images/8114d6a160df.png,ff13b297e601f227f0c34e4dc85862ddb56b0771e977f227d6a13404fc9a1946,1812,1,3,-8.561743,3.354103,2.636934,5.270839,-2.819376
1815,train_images/f3b27ac2d371.png,23c2515dbb3dad274b7975aa51ecea89378a12d78bb23325ed42c7b9e92aeea4,1815,0,0,12.915672,6.422678,-2.9459882,-8.66774,-7.707436
1822,train_images/1cb6961d141c.png,0a282f1841f895ce3ff61514bae869d3d84d3156ffcb10d918e115cc0bdbdbb2,1822,0,0,12.431914,5.7877827,-2.8296828,-6.8140798,-8.56241
1824,train_images/ca30a97e9d13.png,fb1c06bde3bf619735af9ac44d9b8beca9681d8f27ad0d6f1575c700fce9817e,1824,1,1,-5.551708,6.833399,1.0875003,0.23174381,-2.6964035
1833,train_images/a01024054596.png,18de4ee563e2afcdef73481368e71dddbb0152719edfb26b2c2ef3663941ab54,1833,1,1,2.1664333,2.9444695,-0.33330393,-4.724288,-0.080284745
1839,train_images/11b220a397b8.png,438c727b03316c1c4ade63115b0a4b1b90497bcd5bdfe84044c1ecc8284cfd08,1839,0,0,12.994134,3.1297245,-2.6442404,-5.66881,-7.7910314
1842,train_images/9be0683649ff.png,f28b57630fe9c29a29ee6daac9f4196543d459005eec62232f69075bff96e64b,1842,0,0,10.362863,4.117567,-2.4578853,-5.1972375,-6.831331
1847,train_images/772af553b8b7.png,9911bc04a23b72503fbd07439b378996d66845174e6035de61e8a89f268098a2,5,3,3,-10.225283,-3.866623,-0.35365343,7.2523,7.032961
1850,train_images/49c5e7f6b8d2.png,c4c689092c2b105d9d682a8463affad20ca4539120657802de4c6e431be5ebe8,1850,1,1,-5.994911,6.913725,4.137949,-3.2526984,-1.910413
1855,train_images/07122e268a1d.png,f89bca08645bd43831048e7c322c5cd6bb8ba0ada7326c01db6d764ba6692dbb,1855,4,4,-12.422981,-7.999876,3.1191704,3.6054616,13.516158
1856,train_images/17d7d6b092f4.png,f41a32c35ccb5257b0d5ee3d5fbe2f4254dcf46cf69afd7d6debd483e58dc3df,1856,0,0,12.388592,1.0424767,-1.9712443,-6.9453135,-4.4940877
1860,train_images/b6304c545f95.png,463490bde6419393c5850567e70871b17bce171d03588511cde83733f7c0336a,1860,2,1,0.27213097,6.779066,3.5162098,-8.005355,-2.6200092
1867,train_images/9904939ab83d.png,e9c54dc9b548bd9eed5cec94cfdc20e4fc774ac44c543389ad823d5c7cc0cef0,1867,2,2,-8.071009,2.3854122,4.5685115,1.9312224,-0.93595743
1869,train_images/f71bea807c96.png,449698475c4b481a5ebb29338e841d283d959ea6f28b3c613bee594cf7914bb7,1869,0,0,12.163353,5.421665,-2.5020385,-8.706698,-6.3711243
1880,train_images/35ac70c0d08f.png,0ad21e1aca6697e35e8f51c028d7b4193d0faa02c56224a856680ea3d0e0e214,1880,0,0,12.459975,4.495928,-1.999939,-7.576974,-7.3729277
1884,train_images/8e63fc4ab532.png,9479cf7f20790f64eefa6bf6c5b0d3c137303010d4789dfc382a461c86426020,1884,2,2,-10.062786,0.26948357,5.476606,1.5224633,2.6331046
1890,train_images/135575dc57c9.png,15f09e0ce997d66519f8b453577944e7e657db2f53903d07b3814e9e485cb6a9,1890,2,3,-14.464985,-9.121253,6.154499,8.69948,8.519508
1893,train_images/a9a28c37c8c4.png,da801506dd021cac4c480f5c62eff1e6a75a211bfa9c9fa38dd3471c198a2a6b,1893,2,2,-4.0170994,1.8186417,5.611912,-2.3190165,-1.2023318
1899,train_images/c9485c38fdd5.png,8007a8ea036021c27a69160557fa275410169f50be8cf6cb396eeb731fdb667b,1899,1,2,-10.426956,2.9693546,5.558444,2.569036,-0.8151696
1905,train_images/891392c9683c.png,cff6c8ca0f6dab45c22e4b73d57381670bec63e48aa75fb6b9fda304f55d3a86,1905,2,2,-10.404278,4.041851,9.319136,1.7989125,-4.9038405
1908,train_images/e1ab92228e60.png,ed8fbdd3792ee6cf27989e1901321a2a71c10997b0124a88ef23764a061f2505,1908,0,1,5.159445,7.818245,0.2286582,-9.498358,-3.7358665
1915,train_images/7e4019ac7f5a.png,be75897eb2dce12ca4ca4a790b5be65a4b821f261dcb6de464ff01f39fb16538,1915,4,2,-12.0275955,-4.0463696,7.763912,3.1716342,4.97116
1921,train_images/84e8c62165b5.png,0ebccb28d7e5ce6b99d1c9e3980ae26993c9d2b7de2ad240b93ed3b13b5cfdf6,1921,2,4,-14.078091,-4.6465874,5.9024315,6.3154893,6.33824
1927,train_images/542964865b1e.png,72e83653f52966cf9e6f0ff223934de19cb422172542597f43ed569ec4bf3149,1927,0,0,10.424305,5.956583,-0.67983055,-9.296478,-6.4220004
1928,train_images/7e160c8b611e.png,e7dc7d1cb41b01fc6784700a42e961176a2ca8b95d6d011ccc85728232ff0678,1438,3,3,-14.913132,-5.746807,7.666719,9.090504,3.713751
1936,train_images/7f6ce40f306b.png,1664dba828f9e28572491df0edd44b6c3a5bebfb44066bfee4afeb45e8fcd5c4,1936,2,2,-10.350704,-1.8346081,7.038109,-0.57366514,5.55222
1940,train_images/ad6b07d5c338.png,a7ea9a6c5469edb0341a8b7f19e51608c799edca6777093410f649390b58278f,1940,0,0,12.8961,3.477377,-2.0505066,-7.8469276,-6.4584174
1947,train_images/5293576816aa.png,821ab18fddab2ca0344dfc3b00a91676e73a3d1126c15cb6575a5f98b3a9f9d3,1947,0,0,10.082201,3.5434113,-0.21410704,-7.2399755,-6.183507
1951,train_images/6e73acb2cf60.png,fc33c7a1b27b45f0e7a045b3ffbfafdb6dd23700553d55b4a3f57c836af003ce,1951,4,1,-6.90333,5.201542,3.4282172,-0.17127037,-1.6611185
1957,train_images/02358b47ea89.png,987fc6b9d1f930be38f3ac35d9e34b5e7273f22d0a1852e5f0660451965fe3ee,1957,0,0,10.096052,5.2883854,-1.4100723,-7.866099,-6.0878005
1960,train_images/6cb98da77e3e.png,026b573652957615c6c77503e4029da609bc01519a20a612a26f3d88fce4b484,1190,2,2,-8.789289,0.10909653,5.038221,1.2439599,2.2612123
1961,train_images/93a1b984de84.png,fe4c75ebf284a3cbd8ad6c2f6013ae65441464e6d49d8ccbb0334cc019e28e77,1961,0,0,11.753171,5.842798,-2.211423,-8.54663,-6.838484
1966,train_images/0ad7f631dedb.png,1259bc68e33fe7fcdb2bbc059e9e2cdc213d58ec2e38595e07a6525168346ff2,1966,1,2,-9.260447,2.477316,4.7311535,1.2449355,0.69400525
1971,train_images/9ae54843c69a.png,4973795fd68d0695aa3507eb5d857770ea965d6b99b80b15e972f768b1c39524,1971,0,0,8.139668,5.219454,-0.1591587,-7.4206915,-5.738353
1978,train_images/c1819db0aece.png,25b3220e6c6822d97beef3e18d435d0c3c3201a15081303cb030140199a9ee7d,1978,0,0,11.603332,3.7015476,-2.7462654,-8.010654,-4.553865
1983,train_images/09662e462531.png,7320d51b3058abc6e92bd4a72b8e4695c7f9dd22a840676ffa7aaf393b495738,1983,0,0,10.945336,4.981043,-1.5776005,-9.313133,-5.0169225
1987,train_images/f35d80bb1a22.png,ee817cab46238f40859ef64dd9e09870c736381bb3a30a7a44e6d11acfb96306,1987,0,0,11.118356,4.0966625,-1.1648502,-7.9627547,-6.0949864
1993,train_images/655cafb4c932.png,c7b16c240823c4dfc2d5ad9dbf3ed06aedb3d777628d3dd16d7c4c4759f534eb,1993,1,2,-6.837364,4.53887,7.475002,-2.595131,-2.7059855
1999,train_images/269b44e628eb.png,0f2188f23464e0654c72c0769480d5d001218fb4188816d9106aff7a9729e024,1999,3,2,-9.282614,-2.4220333,6.186552,4.420222,0.9540807
2003,train_images/98441214557f.png,4822064624b73b48fd0e423aa750a03965337986d0b9d8fe8db4c996aad52942,2003,0,0,10.2976,5.628111,-1.1289907,-7.966425,-6.8339577
2005,train_images/d2c5fb82fe5f.png,44ac0189e306be3720e461f6006d8d8cb4b8e830ee4f9464f56553249d80160b,2005,0,0,14.90727,4.524847,-3.982153,-7.39503,-8.021089
2007,train_images/a505981d1cab.png,90d799f53575cb8c72f9eacc3f463fed94e0a1d2b7b687ba8a297324854e6f6c,782,2,2,-12.782185,-1.4852619,7.5119724,4.168837,2.4031112
2012,train_images/262ad704319c.png,6b35df7daa6f987fb187453331edbf2885ad5f305c8895ea895ea97fb153443f,2012,4,3,-14.753246,-4.873645,5.2148824,10.093832,4.1221433
2020,train_images/ff0740cb484a.png,63d7b5c9ac929e83d6ba6814516b856d42371fd4b1acfb667379a4c7f5f0ab87,160,2,2,-13.205193,-4.729293,7.8283043,5.8281684,4.098724
2021,train_images/a28bfb772f50.png,8f564f846df28dd6953dee41084f45382f1e9a2e2f378a74e1dd6a3a960e67b1,2021,1,2,-10.516441,2.8210068,7.1546926,-2.595253,2.9714983
2023,train_images/0c76fd494af6.png,0b44d5b9abe1dc6eb8d275b9db201453ccedb99f8ff92a835d624d4e475e7cae,2023,2,2,-11.041603,-1.0483875,8.176903,2.6503654,1.1032988
2025,train_images/fce73678f650.png,afb9e7bd70ae874dc284eaf3a43f03475ebba5aa0d12236a6a304b9fdef398fc,2025,0,0,8.596984,3.564314,1.5759931,-8.172729,-5.5782914
2035,train_images/7350c50667c5.png,a52b25af81a8bca58dc0377289e5dd9c6178ca1c386743174a5ae03c9b20f27d,2035,2,1,-3.7219238,7.854685,5.026401,-4.1031623,-5.1406918
2038,train_images/2bb063318cf1.png,f75890ccfed2e755d781ada00a11edb74eae08639c1910ec89037920b0fb7b5b,2038,3,1,-7.7923317,3.3533268,3.2528071,1.725945,-0.67810297
2044,train_images/bacfa2b8e706.png,3b56a433622ac8c604512b0b6d9238b4d0a9669b1a25f2caf4b2e916b8a822bf,2044,0,0,11.84612,4.885248,-2.2850308,-7.5826015,-6.85531
2048,train_images/026dcd9af143.png,e79e37bd22b14bf7ad3a8887613754c8c1e094a5e12579d7ab294116ab1bec6c,240,2,2,-9.589079,-0.49616814,6.769242,1.3223805,1.8383858
2051,train_images/df4aec4a0eaf.png,5ede9972b43b000bdfca21394fe1327efae276c80432d1438eafa7d81f6e2c8f,2051,4,4,-9.819302,-3.0497913,5.115866,0.32344627,7.262848
2053,train_images/a0267206d51e.png,bb5da3e6a97822b0e320fefdddfa74e0c03e9847e6ea444637cf8dac73623d37,2053,2,3,-12.084503,1.3839207,4.72483,6.1931167,-0.36660537
2060,train_images/ee2c2a5f7d0e.png,5a379ff8279af2a2c430db3976a33dca04a9c3e9b763cbb5a1350c43c8657449,2060,2,4,-15.392601,-2.823578,6.03321,4.778175,7.202062
2065,train_images/66a0bf258013.png,1b239d21e346a3c3320cf43ad32acbaa249a6b0d0dcc44704cd78a611940ad55,2065,4,4,-6.9337025,-1.6699753,-1.2383199,-0.66004944,10.350745
2070,train_images/681c3c115684.png,6ac66f88171bf1838512c0ba7af6ba44f668178db2c78ba7618a9d4715b0cd7e,2070,2,1,-5.1970463,8.093712,4.5689135,-2.9683213,-4.589675
2075,train_images/354b8911d6ed.png,a9860297702ff909ff7807bc7bbb856b08094d73bbee3e4c8a2960a31eb7f43c,2075,2,2,-8.352375,2.555153,7.2711487,-1.4239354,-0.16725138
2078,train_images/760b6f4c6d82.png,dc6af0ac93015d9e84d89f7d0ccc4263ebd9566184b377c36007886e32d19c6e,2078,2,4,-14.961884,-2.5890713,3.897491,5.9027667,7.5773005
2087,train_images/33e8e26a75d4.png,16a973b706caa1bf06d4637732096024a82b1deb4681cfb541305512b21d874b,2087,2,1,-4.4233665,5.695034,4.6219516,-2.394238,-3.6152515
2094,train_images/f58d37d48e42.png,16d360a1bb13423327883a971ec868c7b206e7d2c03adab1c7152298c97ca11c,2094,4,4,-10.090048,-7.497738,2.5190291,4.3492036,10.565828
2100,train_images/ed2c52c14493.png,71f3ec06eaf074032fbe13acd835a969278355f776c57bda20e07c5214b22641,2100,0,0,11.165159,4.8613243,-1.8419695,-7.79021,-6.393053
2105,train_images/c1799a6f5c65.png,a52fbf73ca996889462be599625adc4846b317e35d5ba51945f254b06a9c7eda,2105,4,3,-12.414589,1.1631527,4.683665,6.1483197,0.26469764
2107,train_images/9519a590985d.png,60b208137e97bec7080f99b559f7bffb62501ad7f3a81e5ae44668f73f0b17df,2107,0,0,10.658956,6.1863594,-2.6727543,-8.437258,-5.7435637
2111,train_images/57a5e4274275.png,1c946d4a1e1927295c4531839886b26178d64784f03dafa3801e5709df0cc885,2111,0,0,13.580939,4.2283134,-2.4023848,-6.8789787,-8.502637
2117,train_images/89ee1fa16f90.png,f63b3b61464ec303e86f35c82760d920fef1dd2f9fcc18cbccb1d55ceb0dc3d8,2117,2,3,-12.379208,-2.9361,4.783141,6.699948,3.6590955
2119,train_images/d1fb4efb117c.png,d57047b60db617c6e40fe729832f4dc388fceaf9abb2be47754c24bb6f54edac,2119,2,3,-13.875465,-0.21278763,3.266483,5.8733964,4.7765203
2127,train_images/c6229222bf22.png,75df8d0215f2a2c8ab3d5b18ab12f45d413ce6d2dce9f710dd09f165f26c70be,2127,0,0,9.852361,4.4813023,-2.336403,-7.125775,-4.892255
2133,train_images/5a444c32cd9a.png,379b86fd38e54e73edc320058d2de75028656e51aba2a94d120248b7950a17df,2133,0,0,11.415852,4.886301,-0.89254284,-8.480435,-6.9344897
2135,train_images/2a3378bcfbcc.png,a4105fa5521fc23ce58fc3140639299dd5a396e09067b100c431ddf63f210005,2135,2,2,-10.242043,-1.1108589,5.3740835,2.260076,3.567428
2139,train_images/5b32ece9c627.png,5d8056f056c18dc0c7aaeb73cfa9e0695cf695d093bf74d7d239f0ae26721976,2139,0,0,12.087387,4.5474052,-2.2876668,-7.76966,-6.5711374
2142,train_images/150f92b45349.png,3e9b7de53b8a27cd46a1ca7e9bb5e28d71e01971073bd44503c910f19a0fc29e,2142,0,0,11.371892,5.9999695,-2.1852455,-8.098948,-7.0838914
2150,train_images/af133a85ea0c.png,c606be1c2217e9d8c6f58bf2614b0f9d5418070becbf1d0b425f9ffd4552fc53,2150,1,1,1.9141273,5.118435,2.0618467,-4.1261096,-5.002773
2152,train_images/2f284b6a1940.png,f974c49797a80dbe3b68741fe93f9f18a5d25fc48d985d2aba93dc15a40ffdae,1054,4,4,-7.140032,-3.5620193,-1.3341832,3.7676663,8.135755
2158,train_images/b5204c0decc7.png,232cf4295e4e14bb8c205189d5a098ad37f466e888c153917a98209b854b73dc,2158,0,0,12.408959,4.5995884,-2.7691422,-7.823909,-6.4110303
2164,train_images/cf8f1bc7a215.png,57073fb9165c9de9eaa78153a0d4064a3ec475cb1841f8eb71d66def8cacee45,2164,0,0,7.9684114,2.3248196,-1.9751863,-3.8165426,-4.525333
2166,train_images/54dc6e8107cd.png,3c12589e093b75b7161ac484792bed814f8df235346785cff48e14278ff38a95,2166,2,2,-8.080395,2.9857025,5.365554,-0.030312061,-0.36274227
2172,train_images/261c6bd63bff.png,68864b0ec952d66866240522413ea323eab8c7d0351df250f080b33935daec29,2172,2,2,-4.426918,4.002779,6.2169647,-5.4034452,-0.5156138
2176,train_images/c12e9ca420a5.png,79bdace916af941eb2767525947113d1127a8531ba5911aee03fcecb6ec86909,2176,0,0,11.417723,0.5538044,-2.2813764,-4.2333107,-5.4527006
2180,train_images/de38adaae009.png,7672edc2c33a98d2c80c66095db6ed20da4d95b0b8d1edd9d7f7c0166266c09e,2180,0,0,11.996532,3.0358582,-1.166193,-8.705771,-5.1119323
2189,train_images/b532dedd928c.png,ce8f8b5bd64c158b21f94752d9fb3944c54921e44d3c4ddced43f35ff5cbda2a,2189,0,0,12.703361,2.8039913,-2.6448736,-6.92038,-5.9309573
2196,train_images/f9ecf1795804.png,75eae664fb3461018dfeb579b39c4dd86e139982d92a880312a1080c5fd07860,187,2,2,-3.0482063,3.6507359,5.016389,-5.2609963,-0.44496724
2198,train_images/ceb32a193eff.png,76e29f710b6b9d81d96c81285de1346dd2819515326bf8be40ca6a470fc05b6b,2198,0,0,11.094425,6.711876,-1.5697966,-10.830573,-5.3556924
2203,train_images/992599744a23.png,67a3b218ea00af56693b86ed05fbe9c523dd56122f069886ef780b78d94d3653,2203,0,0,11.084445,4.734064,-1.1850796,-9.017503,-5.5910163
2206,train_images/db6207e62c7b.png,35a6a213fc3c994508d480bb8f5591303c43b55a5ec2584f87848269e7af2497,2206,0,0,12.489978,1.1111565,-2.9439225,-6.1941886,-4.4485292
2209,train_images/1c47815f4a6b.png,d8db2360505de5b57882b6fbb6578583a2c69aa629a5cc9c204abbf702a116d8,2209,0,0,7.4737396,4.98551,0.9805901,-9.109826,-4.323629
2215,train_images/51e656e5a541.png,bbb939afd2567501390c2009dc8e599d5a6210d77d087bf0791eeb0b0f06ab62,2215,0,0,15.081583,3.56361,-3.9006796,-7.1116676,-7.5999036
2222,train_images/e4dcca36ceb4.png,094ce83a38d6a515bdbc4af4ace5d50d933ab7a4233b6db8e694ee81dd7cdcea,2222,0,0,8.33447,5.4334335,-0.18024349,-7.7251296,-5.898985
2228,train_images/419406328dcd.png,9cb64de1a55468fb1d374dda28959b9d75dba2c4477e55b80a5d3d69da382ff6,2228,2,2,-13.265026,-1.7814713,7.011017,2.1759734,5.6832747
2233,train_images/ad944bd56bb6.png,08557957e4ddabc887999c937d323505165312b57ed3988475afc58755200264,2233,0,0,10.149745,2.3615017,-1.4301505,-6.6047397,-4.4861913
2235,train_images/6733544ae7a6.png,902ead0bd5e2c5caa56efcc562f4d3226d5b740fa89fc1dd475018af7f907d51,2235,2,2,-6.2631035,-0.10790825,4.0158596,1.7270589,0.5004847
2237,train_images/e2ec22b3d07e.png,846bf8db7a3da1bda90bd461f5b20eb5e0b6414a3d1fc8c53281de55c78341c1,2237,0,0,10.047508,2.7595997,-1.6609507,-8.0142355,-3.1168969
2244,train_images/0851d6a69589.png,b0a04d01c7bab87782ce46424a1e36380d15e722723e5fb23321c928d5ed33e2,2244,0,0,8.079393,4.880331,-1.5189075,-6.014608,-5.444214
2249,train_images/85fce24084da.png,9503f1a6f7c7a8ee411bea293ad2264a06a34242ad482ad3a5a8b606f9cbfe83,2249,2,2,-15.659851,-4.0854626,7.4619236,5.384668,6.7074623
2252,train_images/ba08cee68c71.png,1f66a03304b965d12c3484a2d6c50f548eb501f780cf41951d82a7be42655a71,2252,4,4,-10.255045,-3.0856495,-1.131742,6.6879582,7.623137
2254,train_images/a12ca80bb8c7.png,ad34bfc971f4b40e6071af8b0fce32bccf02eb32f6d8fcb1e850cae10a344291,2254,0,0,12.582393,3.1278305,-2.6878972,-6.477124,-6.5322695
2263,train_images/64a13949e879.png,f4ea5dbaa167548407086c65282a1a17ecd6d7be86ac05450ba89e190d4c53c8,2263,2,2,-14.254189,-1.5463161,6.481127,6.151014,2.9794593
2272,train_images/9232dc06cfdc.png,70dccf0ddd7ccb37b85d64b30b8237a4b136a1e5a4ccb8db50c9b1cd9b509304,2272,0,0,10.114875,2.9939194,-0.11871433,-7.46588,-5.5318036
2278,train_images/753b14c27c83.png,ad8a66d9a97f149009644393368b69cb9d39fb7a2b835bed09d624e6c6d4ed28,2278,4,4,-5.0021095,0.18517303,2.1711626,-0.63255024,3.1736755
2280,train_images/f9e779a13204.png,dcecef2b81468491c71f977ffacd41998578840219ec2835b14cce294a88bdd9,2280,2,2,-9.493336,3.448475,4.694368,1.1675296,0.040786535
2289,train_images/c18a006f7f1d.png,95e17036896a1c079ffcd6e3d89f5a4c1a917e708005aac04b34af3a81a74377,2289,0,0,12.601386,5.2863064,-1.2848897,-8.834694,-7.7596173
2295,train_images/697538183db5.png,e45240fe68a5931744f94d871401991b4cfe5b4e0f243c24461905c489f86068,2295,3,3,-9.025148,-2.7383404,1.6689448,6.659495,3.2975378
2300,train_images/bffca6eeb2bf.png,60173215d69734bec8059d293f226d1877083c79717182caf0a3a7a25b8c28a4,2300,0,0,12.597509,5.096348,-3.2111025,-7.3455386,-7.130209
2302,train_images/874f8c1929f6.png,e0f121f6591183f4c2a2af7cc0bb3eb877936a801e31a580790ddbdf8212c767,2302,0,0,10.635782,2.771059,0.23125267,-8.399968,-5.244203
2307,train_images/af3b0115aad1.png,81988d96c34e63a9cb1005e968848413b2d30bb69e8cb4184009d0d72c3d9583,2307,3,4,-8.870457,-4.5385513,-2.1991882,3.2226405,12.229713
2316,train_images/a2ddabee14e9.png,8c51975103ab5b1150e4100bdf96f870d69f66153c30ecb3ff43f11bd4914ef9,2316,4,4,-6.5788307,-0.22684097,2.5788085,-1.0335383,5.1313796
2320,train_images/f69400b316a7.png,61f26b3c42de08c2505052673a68d158e83aa13b76af266a8e62187acadc5265,2320,2,2,-12.852039,0.15225792,6.442364,5.038441,1.063936
2325,train_images/b56340f472d2.png,6a444cd8ecbccc858a69988e6955734d65023d27b0d9a8fcaa2b00384ea84020,2325,1,1,-6.4196873,5.785326,5.102186,-3.909532,-0.66647625
2332,train_images/f5e9a307288c.png,538316ecee876fb092da384110ce74a8314970036ae8b7a43734a04398067806,2332,2,2,-8.354321,2.6250973,5.694783,-0.94352865,0.8382108
2338,train_images/ed246ae1ed08.png,3ada0af8ea9fe7aba43df53b9656c747e87a4867aa966cc47007b3d11f19c4aa,2338,4,4,-8.233511,0.1729374,0.21301126,2.652186,5.071349
2339,train_images/62b826899151.png,543ee349e380b69680a7a2b974c6e34449debf19474b2695e952265f2539e7a5,2339,0,0,11.7258835,5.7351303,-1.3862805,-9.096825,-6.9844394
2341,train_images/4393c5bc576a.png,710b254e55d4078ed04a240bcf1be963a428adc546c7f60c1d9b6ecc0caa13fa,2341,1,1,2.9439545,5.2938824,0.5215552,-4.741589,-4.0654902
2342,train_images/be161517d3ac.png,f17c8f21926442cbf2d1e5ba36b411aa3157dce0f90af3d8d8c5a0238264b06e,52,2,2,-10.220589,2.2947178,5.611758,-0.8914447,3.0577826
2350,train_images/ad1f7445b1a8.png,fbb0f45012084e9abbaaf2f502a3ee0d84df7f5acd99d87c0505b8eac738cf7e,2350,1,1,-4.744488,6.5966167,3.8266547,-3.255571,-2.529024
2352,train_images/a3802934bad7.png,e97cafef35db45cbf8b2c0005b1a1fd3c6d0d664fe423520f580caffc46c3f3a,2352,2,1,-2.2784615,4.8970985,3.0378902,-4.8395114,-0.91185904
2360,train_images/207dd0487264.png,6cf9093708b2e1c345c71c9016487729012a2b6b311e74e604a14c4fa7268fad,2360,0,0,13.2775755,6.221182,-3.028101,-9.811804,-6.6509953
2369,train_images/81704925f759.png,63d9cc26aafd41b32729e0a3f89e0fa787aa3c828d0cdfe87572e0f45bb68cec,2369,0,0,11.56545,4.2030125,-2.7232165,-7.058067,-5.9807673
2374,train_images/4205e9deb058.png,7df35ecff11444b12a16ea69f917b69b0947cf51ad13036845161dabcfc84c4c,2374,0,0,10.980594,1.8697834,-0.2619877,-7.969342,-4.621994
2380,train_images/810d3779abd9.png,b51b864392490ccb3a788b092544959cdee0c8b715da22719c4086b91df44a92,2380,3,3,-14.868011,-8.519453,4.370766,13.939924,4.8871274
2381,train_images/ae8472f8d310.png,69d301d97ff58ff8ae4a389133bfefa0b8d960d3bbae2e8ab5c51dfda911a14e,2381,1,1,-0.50133514,5.448702,2.838692,-5.2848005,-2.5574188
2387,train_images/2cceb07ff706.png,6999ab73db13c01367ae204b0f29c22e17c9e31033408ef149683186e207fec5,877,2,2,-5.7262363,1.1567345,4.6989994,-2.9066422,2.6552002
2394,train_images/e6a6acf7fca1.png,15333cc512e4e1c699a7db82fb7cd9eab334b31272a66598a542af3c9e09b82b,2394,2,2,-4.020443,4.649908,5.573983,-5.5684347,-0.73225
2401,train_images/e66855a5c583.png,ed187ec7fed91df23a1d1c802511b26f59e41b56667c3a06bb0b7861bf472d99,2401,0,0,10.520655,5.9672832,-2.9100604,-8.919013,-4.6757035
2403,train_images/239f2c348ea4.png,6d0b2dec3318f8aaaf26b229f197aefa1a58a510f3dc7fb08d11ddd7a134bf7e,2403,2,2,-4.8422337,1.6228561,7.189298,-4.3626604,0.26942238
2404,train_images/aa9b8f05f4bf.png,3d89109eb8e309696912d7b104cba35af14f1a0a6867ef375841f9cfe9c07365,2404,2,2,-8.074556,4.304928,5.2039413,0.03760147,-1.5796175
2414,train_images/51d574513bcb.png,3d7c2f21eff20cfb1e953f3f2a0961c16ee9fb48b462fa935fd9d5e958bff44a,2414,2,2,-8.6058655,0.0146923065,6.733619,-0.12139845,1.849779
2418,train_images/8c2f0f04e1ed.png,ccefde9364222214289a2640b4ea9e2d236d7e2db64151ab2cccdabd0c930700,2418,1,1,-3.5631886,5.5519333,2.3208592,-3.3598957,-1.0333353
2425,train_images/b1b3e7d0a5f3.png,4ccc63ef5e14ac2765e1b2c7ac0aad13dc6a2a4d8a69b3e3d707a9233c383da5,2425,4,4,-8.602589,-3.1062107,1.3699474,2.8962617,7.313867
2428,train_images/d6f36ec5564a.png,1b35acc047ad7ee3123cc57538b7ee8a2db6f322e5c92ef7827f229e240b0568,2428,0,0,11.366188,5.333288,-2.73271,-6.9943943,-6.9767017
2436,train_images/3428230bf1bd.png,57806a61b48897c1f48d9dc2615c910eb065763058b614c93ad4709175495e93,2436,2,3,-14.495106,-4.194003,4.0686975,7.2883105,7.1605277
2442,train_images/789c60cba801.png,8f84819a1521a6264da2cddb81bc2c164547dbe84f4fafdced52c68781e6a133,2442,0,0,12.218997,4.366913,-2.0479531,-8.350861,-6.172688
2448,train_images/571bbdbf585e.png,f227afb6eb10659ec0381aeaf399ea30dced10cb238d4788eae30e741ef4ef83,2448,0,0,12.440669,4.9638443,-1.6956711,-9.456627,-6.251451
2449,train_images/afc345cc9145.png,84713202bb0dcec5273834672e9697415f95065791cf41f9d4859519487ed1da,2449,0,0,8.248954,3.9027767,-0.20329523,-8.189747,-3.7476964
2459,train_images/4b422b48d0d4.png,63c47588cf8ab9732aa3265334cbd6da4156b706a447556c887d218887560879,2459,2,2,-9.796331,-0.8532543,6.920275,2.6460433,0.94722074
2464,train_images/2da82d14e1b7.png,e6aed037a8093c646b0db91fc91b9dcfc5e60a0cdd6df73c078e3e82bf709ebf,2464,0,0,11.19395,4.8821793,-1.2248082,-8.231445,-6.624438
2465,train_images/ee6e39319b39.png,07e97b12bd2444147f886c7c1d22b761c8003d1e95ee5cdb33224dba9aaee5d5,2465,2,2,-10.184343,0.6930561,4.9712553,4.8532214,-0.4828157
2467,train_images/6b128e648646.png,90d341b368e4c8fb0246d46b65cd5dc3de16638c033a9e5ab75e2bfa0ec8f501,2467,3,3,-13.677677,-4.1827717,6.8116465,7.5148187,3.3642116
2477,train_images/b60dbf9f0744.png,bb77791449ecbc32e85d19d1844e07baa11bcbf931cb755d75e958230f0e147b,2477,2,3,-8.516695,1.6585293,2.5381982,5.101887,-0.9126315
2478,train_images/ea4ce9516144.png,6348228fe8bc9f59eb44e893e9c15ce80412670ef396e551ab3bc8e0055ab3c4,2478,0,0,11.525836,3.763813,-1.8549414,-6.6837635,-6.7423954
2486,train_images/9ce46d400cd6.png,be953c25e11d4b0c0dcc50cbdbfba1093a67ee74a3e2c22b9f61ec4922500b5a,2486,0,0,10.438408,3.9890614,-0.49713087,-7.936247,-6.0002456
2491,train_images/4c53cc97ea13.png,de39dd2fbaa30efe214383eeec5eca24e86653ad302906de083a995a46e90319,2491,0,0,10.069702,0.38944435,-2.5215735,-4.5359793,-3.4051824
2498,train_images/cb0cc98d7e35.png,9e95768d42b3d79a0d6a26fbe00d0835a8d3c568a95d652db9f27d95877e9b6b,2498,0,0,5.8356266,4.640135,-0.4271717,-8.412205,-1.6663437
2502,train_images/144b01e7b993.png,d9693f423433ba9af946e90eb9c4ef4ca1437c9be236e3087d8decee8a86835f,356,2,2,-14.569233,-5.330654,8.087423,6.7001176,4.9225674
2504,train_images/92fcf50b3562.png,d17906e8a561ea9ddc8d5622f8544307e2ba003a20b0e4341a5f35e5b4f2a14b,2504,0,0,13.125197,2.6781712,-3.2478642,-6.086783,-6.451803
2509,train_images/9dab2e6ba44b.png,029e6c9bc4d0a1ce1651b567eb79fc5249a7e10198f0c8f512390cb86e3b7298,2509,2,2,-4.754734,4.233536,5.007411,-4.171494,-0.43101195
2517,train_images/b9b6ee2b9453.png,a415f02b4adb31bf9bb285863c379995bd90b590381acb68cbe500af6b83efda,2517,2,2,-11.644192,1.3094635,6.0457077,4.50923,-0.38572428
2521,train_images/7f43becd3e83.png,5e87511c814854bf551cbef4717806d198e53dd3007c0fd762b367774fa60812,2521,0,0,10.561274,6.2830677,-1.918365,-9.34947,-5.558165
2522,train_images/60f15dd68d30.png,b69cbec9f6650dbedd3a7b25d5ad967edfcdf9703339386b961add102c45fd45,5,4,3,-10.2215,-3.8390064,-0.3530817,7.2197022,7.033382
2529,train_images/8860c7b11530.png,1a456d67e740a237922b033fbc7c65a69fee983f34be3312ac1809a2eef55a8b,2529,2,2,-7.8121567,5.0139713,8.015401,-2.9038916,-2.4379816
2534,train_images/bda8c973b09d.png,7499374f23bd653fa14251a85dc97d3760746a48992a09ffa9d1560e2ecd5ec0,2534,2,2,-9.83049,1.6979389,9.183001,-1.8687296,0.66937274
2538,train_images/8c0d05233238.png,a582a8c375bbde60029bee0ae6b0511add03997aff334744296bd03d09f554f4,2538,3,2,-7.466074,-2.765936,4.062007,2.3932567,3.6353314
2542,train_images/bec0acd539b2.png,7dafdc1b7589c1886fbc15829fe1283d8c8e47be9a8436dfccafe51ae42e603a,2542,3,3,-13.385696,-7.228359,6.8497066,8.294661,5.279511
2544,train_images/f4de9620e3f2.png,374d36e9a14966fe6e1dbc79946bfb0f11cde11ad6ab86373b943c2bab0fb905,2544,0,0,9.596312,7.121458,-0.033653736,-10.300811,-6.3566623
2547,train_images/26463a5fb949.png,f90b8c02ec6eeca37a4808671393604b9feba0c325e763c36d36a04b5377bdd2,2547,4,4,-4.8513794,-2.8014069,-0.20630121,2.9493432,4.8102045
2553,train_images/4a96c28f3f07.png,7d8c53468983286f39cbd24b2d9e094ef4e0ffb14b48b61acc30a5ded6828e59,2553,0,0,13.804846,3.3948402,-2.4095955,-8.291838,-6.472693
2559,train_images/e59c5f345bb0.png,bee07f0075bcae99f3a3915bdc6d12097c756bc0dbac9ec2dbdbc03e5958d16c,2559,0,0,10.762725,3.866579,-2.1979432,-7.2501187,-5.1923323
2561,train_images/ae61e19fb766.png,a82e342cd2245eb229a0cf2bc7a8aaa0c4ef7f368b78774696e26dfb0fc4fbbc,2561,0,0,14.868141,4.020483,-3.6270657,-9.164438,-6.0653415
2569,train_images/096436d68d06.png,d32fe9f287dbcbc4ffb6ecf4ff6d92fdde7754a90361dd2c92d6fc98103e378d,2569,0,0,10.7297735,4.9852314,-1.6628165,-8.455807,-5.5510764
2574,train_images/0cd31078cd08.png,9095d635aff267185ade77eeb9599cf68736c71f3291ef2cad907d870ac7526d,2574,0,0,12.72546,4.21743,-2.9455624,-7.045966,-6.935024
2578,train_images/0fe31196e0e8.png,a2c41f7855c0bd191421ca936e6f371a71522c4b3790bfba160d80a83e8866ea,2578,0,0,12.115291,3.680584,-1.2723556,-9.032394,-5.494394
2586,train_images/1608c82a263f.png,f09fd3054fbd413d7b2a94eebf5cfd4c0499c648e577e42410e76f16143be454,2586,0,0,9.507945,5.5387955,-0.07679081,-8.824179,-6.123205
2587,train_images/1633f8291a80.png,5a8c7d296f976e9f53bb045bcd06dd2dbabc22a89597771f8730e119f38fcd0f,2587,0,0,12.853825,5.1355515,-2.7432556,-8.767533,-6.4592476
2594,train_images/1e036f2e7095.png,9a2ff11b2e3236856e387348ab688ca575923f3079a8c6f725d7984c5d554658,2594,0,0,8.689119,5.4833984,-2.8648343,-7.9794655,-3.2970648
2602,train_images/218c822a3dd9.png,df2a799654accd65983a0f6f1dc67a6085aa4a0cedc4b90a0087ac8be3f6ad66,2602,0,0,8.0985365,5.8932076,-1.295548,-6.8361154,-5.8581524
2603,train_images/248dec89b3a2.png,10900754ff5bbe45cf887f41f477de83aec2dacb45a2ab0e69b4252fad94cd7a,2603,0,0,13.905594,3.3249664,-4.1566772,-5.300942,-7.752688
2610,train_images/2a4520f1f9a3.png,7abd11aa3292e93b884a63d89a216148e5b2a545c2a648efbb0e940b1c93df98,2610,0,0,13.401814,4.607828,-2.5965958,-9.111227,-6.291884
2612,train_images/2ef955d6d9ff.png,2da859b172a02d16d3370246ef782edd7ffab34e62ac60c7e184862218c88d11,2612,0,0,13.828121,3.5323067,-3.0978527,-8.03259,-6.2044477
2613,train_images/2f7fbdcc9a4b.png,ce465ad827fd94f1df071ae4609385d3307df501e4bd807118381a734a400323,2613,0,0,9.27729,2.0173988,-1.66148,-3.7649183,-5.8818893
2618,train_images/3486f7096276.png,8692fc57a0dd189fd1e203c584be7c22fe8b20b10187550d90a39919bb9b8ea0,2618,0,0,11.0300865,5.5653896,-0.60722494,-9.87517,-6.0912423
2628,train_images/401fdfd0db07.png,d9284b57929e9b2bad38a3d6b995e04fb6158c008b9b591a1f4fce8090770f84,2628,0,0,9.452875,2.6640377,-1.2071414,-6.324604,-4.608994
2636,train_images/44976c3b11a6.png,b36397166d3c79fdede42cd4230f5721e8f22ca7463d4650018c845dc06d88d4,2636,0,0,8.972707,7.249485,-2.1346583,-8.487051,-5.5934863
2642,train_images/4b237b958555.png,a72456e3a6aefe2310e9ca65f7f341b86ea2469194f18d31f466e3079014d742,2642,0,0,9.373644,6.4127846,-0.57550955,-8.451185,-6.780661
2646,train_images/4cfd22ae43d4.png,3b2e0a14932bd0a9b987d850450e4017dd0c959d1ca6291e0a621866e9f6718f,2646,0,0,13.193452,4.732605,-2.5383682,-8.99347,-6.3832493
2649,train_images/4dd7b322f342.png,1cf62edd6f2339556da3f0267399a73de367483bf53b18ee3d83ac6df3392612,2649,0,0,5.367359,3.1180038,0.68518305,-6.7455964,-2.4485364
2655,train_images/54334705a34d.png,6d1d00d45b87310eb6210d2b16a00299de9fece4034d6caf5aa0a0fc65eeb881,2655,0,0,14.312271,0.6601925,-3.0225277,-6.253394,-5.6726494
2660,train_images/57f5ad4b5b29.png,669c4127aecc9971e7a3cb805221cb458f9aab2605118c4430a5bd253bb633e0,2660,0,0,9.542591,3.2323418,-1.2788992,-8.2307825,-3.2484322
2661,train_images/5b1c4cefeb24.png,c6846ffdc5a9b2fb773744e6e8edc815be0031d946f59ebfa3989ee0ff792afd,2661,0,0,11.134219,4.9897194,-1.6726351,-8.18299,-6.265803
2666,train_images/5de4615a5161.png,50b257593ce23b39d1cc3df0cea5d46856838c471c5ab44bdbaab6836c3b7db4,2666,0,0,11.378354,4.59437,-2.0675344,-7.887868,-6.0183005
2667,train_images/606daaf0bfc7.png,b1f7d45fc8fb9beecb1c630369629b7baed9a20c7043f386fc8a2f96c0feb762,2667,0,0,6.8074293,2.7621632,-2.3560152,-5.846394,-1.3820287
2676,train_images/6a57a3db3eff.png,638fa908e4ba282ccfaca9634ae08aa03978c1f8490a2fa889f037d005b39826,2676,0,0,10.280631,5.1642685,-1.9572248,-8.183529,-5.3171697
2678,train_images/6c00dd8bf708.png,a2c19e9093b95c5df9b050b02faab4772b20523cf0a8bba93ee8ab66b87c44a1,2678,0,0,10.117723,3.2868633,-0.087210655,-8.0202,-5.2993283
2686,train_images/75369248dba0.png,f99412487cab5f0eb56814937f8fc99f171409815fd575965b54c821133b9d3c,2686,0,0,8.791398,4.8809032,-0.045199394,-7.6270995,-6.02447
2692,train_images/7b9d519cbd66.png,66c321c10811c6b53c3be35f7a0db533c9bc6790bf965110ca339623a0dea47d,2692,0,0,12.457799,4.2722874,-0.22247028,-10.223946,-6.2287536
2700,train_images/82088c6734e6.png,ab407cad7f1634c3ae12560eb7a1bd97bddc4e5112e9b2cad908bcc497772eb7,2700,0,0,11.362507,4.5710983,-1.6679549,-7.725057,-6.5489116
2701,train_images/830e297965a1.png,743aafbbca1d21e6118721d16993a7ddb1bed025d6fc9764c8dcecb3eb435813,2701,0,0,12.8818655,3.1820068,-3.090097,-7.4279013,-5.533459
2709,train_images/8a87dd2a784e.png,89975cfa2788d5eab78bac089ab3922ef484b9487fdb8f1f17f1aa455e0d6dc5,2709,0,0,14.926956,3.2351837,-2.6282902,-8.111219,-7.38632
2713,train_images/8d9516ea3587.png,4d524cf92ee0a0745c91a8068d0047a9f440738b0455e46510b79ca4e1754e35,2713,0,0,11.347196,5.0637245,-0.9528799,-8.761414,-6.7042723
2719,train_images/92e3d608fd3c.png,3a6382e1d4af6b16519858223d01add6a9659dd14f357236c9fb8b9346094e5f,2719,0,0,11.774036,5.4876385,-1.8912582,-7.9998655,-7.3691115
2721,train_images/97fdee242fea.png,3f5f7d56cf27f15f8862f0529575a5a3a183acf64c37fc32c854c2ae730bcdaa,2721,0,0,6.6454134,4.6830254,-0.32394075,-7.125352,-3.8869991
2728,train_images/a0b7ad98df57.png,e934b49c17c7e82308e5bb66ca9624f30415a9e4594a8ba73e4e8819b7118bf6,2728,0,0,11.673286,5.50091,-1.4664202,-8.827084,-6.8818426
2729,train_images/a1872f9c0cba.png,2d322858c7a81d81d45d5df8cd04b79cf2bb7cbe054927cc590ce2787eb78164,2729,0,0,14.003727,4.3705864,-4.4738655,-6.3779984,-7.50324
2734,train_images/a45c30da0c72.png,5b5c046fce9f7c267b47a87c068f167865155d2fb597fc6f2387b81315fb9dfd,2734,0,0,11.31342,4.9450054,-2.475021,-9.49351,-4.2584
2738,train_images/a73d012c4c38.png,5b1d6b3ad48761f4ecae6511c0946f87eeea48609d727f285251b17894eb9ea2,2738,0,0,13.44802,3.2008514,-0.81035805,-9.667319,-6.1586785
2746,train_images/ab32db41c409.png,ec3a44db00b5e457579ab77d6567575a1fb191e895e31ad99e1d670f3ec1ff7b,2746,0,0,12.211195,5.1911564,-3.5251436,-10.033839,-3.822147
2749,train_images/ac0a48ccbf70.png,a830adf17d01f3990fcec74e0efae2393b2e2209f0bf803a6ac694f00aa4db77,2749,0,0,10.726573,4.6761055,-2.8019056,-8.800995,-3.782504
2755,train_images/b598bc9753c2.png,3a5b90391a0691e670983bfae3694edf82150762152f5a399bdc79548799be25,2755,0,0,9.539491,5.316004,-0.010926247,-8.837517,-6.0198245
2763,train_images/be521870a0ea.png,f48ed62aa8c0823844139fc769464e9f3f96cb26795d54ef13661e9fa36390fe,2763,0,0,9.669803,4.0818844,-2.174739,-7.513626,-4.0510726
2766,train_images/bf7b4eae7ad0.png,8581d9c8f275c67037ab0f3b537eb01a6385c9bba7da1e7bf46950ef5c3a3346,2766,0,0,12.312229,3.7681522,-2.2625046,-7.580729,-6.235389
2767,train_images/bfa30ebf63a8.png,61929d5c5ade358f6022e0f5f6423e1e40f9c35e3f56e218f9c6e3bbd950cff1,2767,0,0,8.458189,5.5649776,0.16325736,-8.37454,-5.8331738
2772,train_images/c3789c1dab96.png,f705fc3f207e7d35e4ac879e91ebf287e49a04c6e4fd99efba6665849c81ed5d,2772,0,0,10.369317,2.8968964,-2.3584151,-7.3409085,-3.5729442
2776,train_images/c5a0e84e955d.png,a113ae233dbc4cf6ee302e00d99e274a1348bed0056cd97e9c3a9678fd48cc5e,2776,0,0,13.010407,0.92210007,-3.282364,-5.2555265,-5.3673587
2780,train_images/cadde4030858.png,637a3c5b6b8f52de01f94736bf3b5eef8bb52437d5492a32b6a7bea91fe65764,2780,0,0,13.405064,5.896061,-2.6581364,-9.31435,-7.324529
2791,train_images/d7078e8b0349.png,d4fd3ba3d4cfe7949a5e40409ee7a9e2af7bc51c2b70a8db03dbf3c8149ff000,2791,0,0,10.766951,3.6160069,-3.1253982,-5.750497,-5.512592
2792,train_images/d7e5fe5245e0.png,31b08868955755cbae36dc6bc550617e272cbabc444f1fd092799ca3fc3111e3,2792,0,1,1.0057907,7.9551888,0.3388269,-7.315104,-2.0305874
2800,train_images/dee31065f8fe.png,ebc10e0d86549654d8d6453fbcfe520003a028706ad52089f94f3dc7a25e7312,2800,0,0,13.16734,4.838995,-2.061368,-8.895272,-7.0356703
2807,train_images/e632e38fd2d4.png,e110bf9bae7f26d1c99d9827b7bf2e61350b0d3e43c5b7eda08e235e285427f0,2807,0,0,9.992853,3.1374702,-2.7631516,-7.089531,-3.271825
2810,train_images/e8ddfc9709ce.png,78f2344cc5530d6c27d48ad35c9acdcb9fdb3cca74c8ae64cd595f11775213ef,2810,0,0,11.932728,5.141079,-1.4450955,-8.503027,-7.114731
2812,train_images/e9ce5bf645ab.png,b9f58cf30af1a8a8c17d0eeb696ea429c7464cb52ca2eccbe78d6bf8b5b18750,2812,0,0,10.980654,4.96566,-0.83850574,-8.176154,-6.928249
2823,train_images/f7735b6d47f7.png,3293a05d61e23422af7f435b219fa213be61a57f358ca8817e4fa492dac9025b,2823,0,0,13.073455,4.5551605,-2.1473174,-8.360838,-7.1101966
2828,train_images/fa7fa797c650.png,3b4c1ac29cf9576502f1fa091a7b60c00e1370038e9772247313dba1ad5c72e7,2828,0,0,11.292718,3.0613136,-0.59921694,-8.181389,-5.578425
2829,train_images/fa9f1bc03f21.png,6173f14fcf7fcba8528ca7875606426f476f80a638e8eb4e69e5a467a140cbf2,2829,0,0,11.765039,4.4722385,-2.9495506,-8.157887,-5.1333528
2833,train_images/0684311afdfc.png,1c74698269d5d284e2cfc923f4442da8e63ff7857aea58ca3453cc1ed7bdacf6,2833,1,1,-0.6974735,6.111841,1.1101501,-4.490834,-2.108768
2836,train_images/101b9ebfc720.png,9b329ff048205ab48bf0b1c21ab9cd4e245ec75aa33066c8205dece0b2dcccc6,2836,1,1,0.2866516,8.452856,2.7403502,-8.442804,-3.0949602
2844,train_images/274f5029189b.png,ec3308cee508323eb2fc2a7197f724baddf767d1f0f43284aaacfcfb9bb44eed,2844,1,1,-2.1184788,5.250986,2.746947,-3.307569,-2.6549888
2849,train_images/33ffddea8c6e.png,7c7faed46d15f53afdd6e00e5832fbb0282d940d98d48298b4999332a887afb7,2849,1,1,2.1924248,5.7631493,3.4736698,-6.220868,-5.2857394
2858,train_images/5b0e53f53ef3.png,40300032ee7ffc37b079befdd191dcc6d796c8f4c5544845b7c700402edbfa9f,2858,1,1,4.65946,5.2890873,-1.2592912,-6.732318,-1.9992046
2863,train_images/7a3ea1779b13.png,ac3c47f35f5139dc134e1bc994b05a26d60b139420d0f7a8ca83d78f7d648218,1641,1,1,-2.3575993,6.647991,5.0830107,-5.8629494,-3.585359
2867,train_images/8a25a080f28f.png,814cd160ad8823ee1a18aeb1357db840786f8c310b7f684a695cbeab61c6aa43,2867,1,2,-12.151024,-2.0771446,6.276938,3.3194528,4.4685435
2874,train_images/bd269a1f0e4d.png,cb6dc8da2ad50e10ffe27de0e17a1dace50b79693b2b3740cb88f390d757dbf0,2874,1,1,-4.8679676,3.7572422,2.851854,-2.4646368,0.6252016
2875,train_images/c1e6fa1ad314.png,1548c4ebcb2c2614e8774a88b085e89f73706c6e851bee7f45da5a528deea1ce,2875,1,4,-8.472351,-2.0408154,0.90261817,3.5923438,5.8868365
2883,train_images/e25ccfe38e44.png,e928b53eeee5064c4b8865ad2685f88948b8c5573d33226f7bba70976d8b699c,2883,1,1,7.639183,7.6710052,-0.3756032,-9.7269535,-5.215038
2888,train_images/0415fc68b176.png,72967be3d1d110decb54ba657ff84ce6fbe37d8155ac4b562be5e3429b36cb51,2888,2,2,-9.211681,3.8496265,3.9377425,2.1640983,-0.8564621
2896,train_images/1177d583c807.png,78dd040877aa17a48c28223e33b49846a7ba6b083b0b4551ef96b7dd7dcbcd13,2896,2,2,-6.1632977,4.959257,5.405917,-1.8469801,-2.4550488
2899,train_images/1c5e6cdc7ee1.png,176149b4ad4e93374a8c914895a12aec5180b6e0b58328127a8ae92d22047892,1145,2,2,-9.437582,3.0819855,6.894568,-2.747086,2.0416317
2903,train_images/222d0ac042b4.png,bc824149b3c1556b9a284e4f73acc4ee4669bc4b0deb3acac2f391f878641e20,2903,2,2,-3.7687702,2.702734,5.144999,-1.8544836,-2.3140376
2906,train_images/23d7ca170bdb.png,d4cf178d7109f64313f756b38740110033406613a5639551b257931b33baa660,2906,2,2,-7.815525,4.170868,6.180972,-1.591918,-1.0729773
2915,train_images/314862758acf.png,cc947172d6b32cef08bd781023e37f3c7092f6a0bd73d8ed54b784523e21ddca,2915,2,4,-6.4679546,3.0696049,2.8153086,-3.6934733,4.159916
2920,train_images/44e0d56e9d42.png,63c54179496bf584617971adb83d6ea2e78a2fabbb8c796cbbff1aee89b1365f,2920,2,2,-9.029701,-0.37830353,5.9890556,1.3002505,1.9864523
2928,train_images/51cfeccaf40d.png,1f39a6eb3f252f944cc931c9a1af2341e874107ed270320c097b6d424f04cd7f,2928,2,2,-6.051424,-1.9822464,7.0314035,-2.857442,3.7303548
2934,train_images/58529a8638d0.png,fd681145b57fae00cc5aa2a34a3545737786d9fcb5dd779afe65efd0921f6d7a,2934,2,2,-12.084526,-1.3407497,5.9545846,4.2991357,3.0130525
2939,train_images/5f70ad48a525.png,18062b2faa7391dffc21dea5a47ac2b0e4402e301394451f1614ae17b2b00e75,2939,2,3,-11.238033,-0.6308727,3.6561923,6.4536557,1.6084113
2941,train_images/62e6f814c8f5.png,15bb222b1acfd82e3cf510e9a9cd734d2498f9550ae0f8527bc7d5a3e51b8107,2941,2,2,-10.868034,0.16539955,7.349369,2.9246716,0.28497893
2950,train_images/77f69c7ff324.png,ea30e9b8ae11257ad8d29e0c1527c50fd1baefabf7ce33cf6d4310481847a195,2950,2,3,-9.787767,-2.373396,3.9138258,6.511247,1.5867478
2951,train_images/7877be80901c.png,5a379ff8279af2a2c430db3976a33dca04a9c3e9b763cbb5a1350c43c8657449,2060,2,4,-15.392601,-2.823578,6.03321,4.778175,7.202062
2952,train_images/79059d0592c4.png,b829f12b1b458de9e33efa693109059d40e482993551495096d738d060dae4b0,2952,2,2,-5.66778,2.4673843,8.262175,-4.666665,-0.5169859
2957,train_images/8000a6b97a84.png,8bb6439d5d50bd1784f891860dac6fc3cbd7bb748c150f8ce98fc26d2c52528b,2957,2,2,-10.966721,1.018507,5.589031,3.4131598,0.8075124
2968,train_images/8e3b79e1f1f7.png,40438ed806d487a5ea889cb9161650364f60717b7aac18c3842cf116fdceec94,2968,2,3,-8.240267,-0.7273998,3.7168434,4.8484063,0.293048
2975,train_images/9a4f370d341b.png,c27ea2913e6311e48e07573df3b7976684aa0b2754e1491ba1be67a9f3375db0,2975,2,2,-12.494934,0.5102577,5.032161,4.6330705,2.1565897
2980,train_images/9e5ec293267c.png,8e43e0a0087829cd244771818cf24de21244e32706bb0d0e18310ef9dc301b5c,2980,2,2,-10.458637,-0.70757294,6.910665,2.271875,1.8461509
2981,train_images/9eaac43744f5.png,2bb54f5019aa8a847042bd50f0cc359218bb00a58a38c780e2226fe23f091e55,2981,2,2,-9.520996,-0.03103447,8.012234,1.9462295,-0.53331685
2986,train_images/a688f20f8895.png,709608ed15add691b74215c2956e9f63d8c95f993a403ddf5c0dbc9795ea7d5c,2986,2,2,-9.117157,2.8269863,5.2857547,-2.9044726,3.7785378
2989,train_images/aa31bc6b8f4d.png,31cd6ebf094dbd9f4fbfc57771029f7b6188430a56f97f49046457c8d924b63f,2989,2,3,-15.828205,-5.569004,6.879777,8.568695,5.7410126
2990,train_images/aa5ce75edcf5.png,d0f46fac55ce0e877e9b2416fd9f73733a974dc7376b889abb9bf04f65ea7548,2990,2,1,-3.2251682,3.7704887,3.18835,-0.5039468,-3.3113446
2995,train_images/b13d72ceea26.png,227bfcc1aadec71c0824ddc524ddc94714359c05a4defa8d704a018e3650dc8a,2995,2,3,-16.253971,-4.8216543,6.844582,8.03223,5.996741
2998,train_images/b5c80d0ed0ff.png,956260043ee44f7a6a8b2306663132c0ad7e9e1336898bf52a3fa8c28d624a3d,2998,2,2,-10.721424,-2.69668,6.1259747,4.630029,2.4675791
3006,train_images/c48ae5da188e.png,2b6429ede5288b45322479ad1f67bd4839803f6941e78a7bee200b410c87e1da,3006,2,2,-11.899113,-2.6985207,5.9729013,4.926396,3.5350046
3012,train_images/d29096bd94aa.png,9b20baa943c45853454ba7a9f1c945aab8b2a92c5c6abd79e96cad7773486599,3012,2,1,-1.0552864,6.947586,1.7824447,-4.841746,-2.9056811
3019,train_images/da0a1043abf7.png,227bfcc1aadec71c0824ddc524ddc94714359c05a4defa8d704a018e3650dc8a,2995,2,3,-16.253971,-4.8216543,6.844582,8.03223,5.996741
3020,train_images/db49cdf1ea64.png,0fe95b82139fb37c5afaf44f507b1f71160a1906550bc632e02bed67c5c4cec5,3020,2,1,-6.7156353,4.6632843,3.8545907,-1.0801225,-0.8418691
3030,train_images/ea9e0fb6fb0b.png,d4cf178d7109f64313f756b38740110033406613a5639551b257931b33baa660,2906,2,2,-7.815525,4.170868,6.180972,-1.591918,-1.0729773
3032,train_images/f8fc411092c7.png,82bf90c76fb08e37b1b1f4091a0698e2a543c06e74b735beac85ba352670ece5,3032,2,2,-12.687801,-3.6246452,7.588135,4.5371175,4.0190134
3034,train_images/ff344e5c9341.png,abf8a7189fc07097ec36bf6acf7061c79418fd7fd53b09c56f77e1a535c455b2,3034,2,2,-5.3473206,3.6920242,6.0191627,-3.8314977,-0.6549003
3037,train_images/0cb14014117d.png,956e78f8545d1e808104b24be48547517799c4764795105a42e7e3020d9dd59a,3037,3,2,-11.333641,-2.0693855,5.6134624,2.4388118,5.1722555
3045,train_images/51da6aebba8f.png,f496ed133f0c1f50acca7bff86cf6d44bef66e28c8be2b510f17071f473ec8ac,3045,3,3,-13.820713,-4.9274044,7.228058,7.6907506,3.6535804
3046,train_images/71a39c660432.png,95da2854c694e8928a3a97052a8e50b64e2e705a9025f148cc12c7035afd305e,3046,3,3,-16.62717,-7.3129845,7.388451,10.516138,5.836987
3050,train_images/90b8bf342032.png,25e488b9f490c37721be0ca62ec761341aab4c07a7919e555713d38d655ee316,3050,3,3,-14.345505,-3.3623428,4.479473,10.695078,2.357126
3058,train_images/b960142a8de7.png,d8c8ebeba594b3b20bc43c46ad9f9fbb64daf7c15f17a2ff8eb9ff6e8c3b2533,3058,3,3,-7.0382595,-1.7160568,-1.7018385,6.51444,3.8128293
3064,train_images/187f6ccda87a.png,9099af13c4ba7cf731377769a4d5599518c28810592ef614d4238625c5ed03fb,3064,4,3,-14.663372,-4.2683487,4.6253695,11.584431,2.534145
3070,train_images/254052cf3e48.png,8e7d973324f9d01fc934f737fde5fb0c696cf54f7c3625750b5c57e6fee892f2,3070,4,4,-3.939331,1.0479813,1.7365646,-3.5343103,4.5678887
3077,train_images/4dd71fc7f22b.png,3eaefb97d37217b8f49f1c63134c7235018836e44f1519a0c446cdb4a0ccbdb5,3077,4,4,-4.564478,-1.8502445,-2.0510511,3.004044,5.3544526
3078,train_images/612f2df37a1d.png,389c0adcd9faee60de01e3f296f299a89ca52990f33230bb8eff913e0c761509,3078,4,4,-9.648033,-0.96385956,1.2026851,4.1216197,5.1515923
3087,train_images/9c72ed6befa0.png,f4918ee8c66948959c87b4c8fd543913f5465c21be9203f24f0e99c01e5ac68d,3087,4,1,-2.159544,2.218525,1.5317693,-2.2420464,0.5721921
3093,train_images/b96b518596b3.png,dac95f95abf376924c1e19d7937d289d3017f04f90b8f7b2b5c19a4b95655dae,3093,4,3,-12.744652,-2.2009735,4.487574,10.591354,-0.2940674
3101,train_images/e7d2c2c3b30f.png,50467c606ddad6ebf70a4933a34fc6be5c74590903fa17e57d39457919453718,3101,4,3,-13.370506,-4.3455305,6.561946,7.4419446,3.5322275
3107,train_images/fce93caa4758.png,d9b5662d37b6e11aa4d434f7b86fa320db50d5c6fae12f7e8ad73de1a560e81f,3107,4,2,-11.069172,2.7256432,3.9705176,0.6204071,3.5952995
3108,train_images/005b95c28852.png,660e9470e016ce3835f067c234b3bd8662b3dc4c5a29840e73573b32ba3c73d1,3108,0,0,11.138117,2.444622,-1.8864975,-6.3208957,-5.374909
3115,train_images/08ee569d4721.png,de247ce2609e5136e0cdd352f932ba99c26059057a32559d7abf625c6aefcce7,3115,0,0,10.049969,5.2238827,-0.7955365,-7.404709,-7.081292
3118,train_images/0a85a1e8f9e9.png,9e7d5c6391e40c92330984b307fe1e1b463eee6c4f92e746889c20dd98d5a76a,3118,0,0,6.706807,3.2092495,-0.9328389,-6.3594646,-2.6301432
3123,train_images/12b57dac703e.png,156a9980cc878108d0f425c69c40ab056a64e8c0a773dff8f000f9afdebe1d52,3123,0,0,7.3233805,5.632496,-0.4218936,-6.915659,-5.6288195
3129,train_images/165634a6167e.png,8849965b3564832d5b02f5b7253387ba71d1602af20902e91096bf60655a3d9b,3129,0,0,10.610724,6.2726364,-1.889626,-8.067155,-6.900724
3133,train_images/191cf5668f33.png,6feee5c47d8ad7f5b8d5daecd445b9b48f94604532287c38c9ab271931d0e5b1,3133,0,0,12.712646,2.0243435,-1.2134452,-7.511234,-5.996762
3142,train_images/201f882365d3.png,95146b47ace8f5cf70ea52842bed308ecba13dc7a93fbeeeb88c70617f9eea9b,3142,0,0,9.27026,4.270504,-1.2663713,-7.461507,-4.8017673
3147,train_images/266fbefa58fb.png,bdf8d3fc903d614ac49da1026fa1a6580bcf08768b7cfc8e713e1002d3708194,3147,0,0,11.1003275,5.368721,-2.2273898,-8.546291,-5.7010508
3154,train_images/30db694bee42.png,05433daf11bbcebaa936603b133ea04d528f8373201ca4cd14cbd20ad27b5c81,3154,0,0,13.516784,2.6944199,-3.2006898,-6.950307,-6.0401416
3155,train_images/318eb706a134.png,bf8ff1bf91def14401115852a35048e25e9c767aaa6df1842488c3f3c184e794,3155,0,0,14.306007,3.2962093,-2.918902,-7.4018183,-7.2547092
3158,train_images/3325b1fe55d2.png,7177e72a9627859f0ac8332a8f0e2a43fa8d848f2a2820ce2ba08fbd22097f18,3158,0,0,10.912732,2.567852,-1.0549326,-7.579091,-4.8540215
3165,train_images/3cab32dd6ef9.png,6f13a7c891b9564326ca17f212edf5d31f5c03864542dcce82231f0b860a1cb7,3165,0,0,10.151047,5.7566757,-1.4077692,-8.552402,-5.964872
3166,train_images/3fe282197c1c.png,8f9d3b74b8a40ef957fc2741de75dbf700219ae4ad12321ce3339be7eaeab5ee,3166,0,0,11.712873,3.9231358,-1.8265347,-6.8223696,-6.9845004
3169,train_images/436e7a7af761.png,7f941199e2188c6337acdc2b68c274c8ae334d085d3056d7ee84b82b403429f2,3169,0,0,14.957027,3.5907726,-3.5574975,-7.6704345,-7.284827
3176,train_images/46acc506fa61.png,e441944b85c30410cc75abd8d7aae592773be12a73bfc731e40f807bb58994a4,3176,0,0,11.206405,4.8050957,-1.2386894,-9.235304,-5.542728
3179,train_images/4926dea289f8.png,1fc7cbdcd4dfbb89b19778cd49a6e78fe7f3caafb3b0756e84a1189b0ff5793a,3179,0,0,11.495096,6.3302956,-2.3867846,-9.325722,-6.116532
3188,train_images/50f5201fd18a.png,8608032650873a8c6de6a51f25af21925712a1a96ac3733426b869b8f02611fe,3188,0,0,10.547303,4.224613,-1.7595048,-5.6703415,-7.3382893
3195,train_images/54038e56131d.png,4cec355680dc45fa79a605eb3b26c5e43cacae12ec63aac4b1ecdd8bf8fdc13a,3195,0,0,12.948091,5.8062077,-3.4491692,-8.775548,-6.526162
3199,train_images/5a179c123fd8.png,dc63d01e0fa97fcbff6fe2996ea518a27ba0e78c7f95784be71927484f401a45,3199,0,0,7.0854893,5.3045177,0.40792465,-8.477123,-4.324051
3202,train_images/5f4a8c074bd5.png,4bb284f7858e6ed1f8e4485af8867b9d08203cd38e28ee54c40d7d989daacd2c,3202,0,0,12.117227,4.0563526,-1.4187655,-8.258652,-6.4936075
3212,train_images/6e092caa065f.png,c030066d0fba67eb4bc76efdcf9016b4acc5d00f9ad6f509816db52c03aa07bf,3212,0,0,11.987424,3.865303,-2.1478329,-7.4515014,-6.250354
3218,train_images/737ef6226677.png,7faab28af108542d2345b7a2fff14614fabec34af74aa3170817ad226fb85531,3218,0,0,13.272057,5.9908314,-2.1175785,-9.648739,-7.487473
3220,train_images/7526cf435753.png,64c92dda78b1aa36eabc5b8cecc21bc3ebcf4320c06aac3744f558f694e8279d,3220,0,0,10.096865,4.915373,-1.6646323,-9.117083,-4.2093916
3223,train_images/75c180e04f65.png,8a07c07be006dbc2abdc0a74af37700b23e1796c8101d80ee9abc23f947f65c6,3223,0,0,11.808084,4.2488804,-0.64147377,-9.12211,-6.2920523
3226,train_images/7a6495a39d87.png,ccfae353d24c6cf304ccb4b07c0d6bcc4083d74c5957b833d6ff97769fe38415,3226,0,0,12.622911,4.7646675,-1.7025585,-10.480959,-5.167836
3229,train_images/80dbeb0fdc75.png,d054c0106e53eda1eb402cdb337363292ddc549e6ca375486f1853f93d8fec9c,3229,0,0,12.268388,4.3546066,-2.288886,-9.646377,-4.68803
3235,train_images/881ec6186e68.png,4087fad1d50187a8fa4b78f62c00a4799f957b11bac9a9baef17b220eefd85ce,3235,0,0,11.416472,5.3333225,-0.615098,-9.337391,-6.8060875
3241,train_images/8be6629a6039.png,140ca16428bbb08128507f699a92036450b8b823b9fc739a76c72c9e09fbc955,3241,0,0,14.063391,3.144783,-2.937243,-9.4303875,-4.799446
3243,train_images/8ffa608170d3.png,061aed6215dec55b7681e7cc47fed0a96c7c123ba91bb96d3bc9c180cae6f304,3243,0,0,7.494508,1.9377441,-0.8091407,-6.8909426,-1.7362015
3252,train_images/9ac41b9a809e.png,25c34c3c6601ce47de0d46a26196f26b34311cd2e4b1bd651ef13f9d84a266c4,3252,0,0,10.495062,4.9305553,-1.3554478,-9.495085,-4.593373
3253,train_images/9e2a8135f471.png,aa6adcb04854d242db8e4bb6fb4a981a9002bafd63da383abbdf77c864075d77,3253,0,0,11.404505,4.8260803,-2.0041814,-7.563522,-6.662256
3261,train_images/a11c62cb3f86.png,75f4c87e3988cd6e957bffae65709eefd7d04d527dd10e95117c4904555b160e,3261,0,0,9.275796,6.0541935,-1.6338391,-8.507202,-5.1816797
3270,train_images/aabd867043cf.png,0d648e7ceb0168316271b39bda83104396b001c6e9c20404f401ab3ca9955287,3270,0,0,11.752422,4.9638367,-2.2446241,-8.113426,-6.3584714
3276,train_images/ad93d88c87ea.png,27ca6961d20f5424b03d89f0f0c53c4f077744ce949ead8a2b6ef45aec9ee91d,3276,0,0,12.98228,3.565752,-1.3379459,-7.859395,-7.3349156
3281,train_images/b0619ca93a5f.png,f0bdae86d6e079946fd176307fb4971b995748a7e3aae89b09e41f1b327af972,3281,0,0,10.390477,3.0514145,-1.3765697,-8.488296,-3.5871878
3287,train_images/b7983cb3f270.png,ced89e727cac2514a773478f0f0f811ec6d13a580de98e7b92f894185770b480,3287,0,0,10.726439,6.5010815,-2.1504917,-8.049664,-7.036367
3293,train_images/ba4e62c11cc0.png,afb39ecd1a660eba0e19483d99248927c31e95e9deb0d6765531f332eea6bafb,3293,0,0,12.857394,4.500431,-1.8456445,-8.394034,-7.106409
3300,train_images/c06024f05a16.png,00d0bdcad38080b9b6ac1e05c77e1620d464ebbb7d5daef71c09999265ec1b4b,3300,0,0,10.373435,2.9597626,-0.044992924,-8.668352,-4.639735
3306,train_images/c7d0deb71576.png,377bbcc1893406e6976a8311f77d4caef086d75fedc69b6f6e1ba4407370d779,3306,0,0,6.806999,4.250927,-0.3237009,-5.718048,-5.0540776
3312,train_images/ce754234d760.png,1fa852b49a534ecbb003355d96fea0904f19fb44ba40d767da24521bac942f14,3312,0,0,9.959292,3.1762638,-0.07253933,-7.101377,-5.965017
3315,train_images/d1f7ea924a01.png,87cdb8edecc05087a5f88d694e06138d1e5d9919de559585a958979bd114d87e,3315,0,0,12.602694,4.248295,-2.725357,-6.7092485,-7.405902
3316,train_images/d2afca74cbc3.png,369149ef3c73d671aca59d27d2881f4e901bffb12836860917646d0addd4df35,3316,0,0,13.821049,2.504694,-2.6453424,-7.3860326,-6.2658067
3318,train_images/d332d7b8a26e.png,208b86599ebeaa38d9570b667f1eb014f2c05bb0a882b8eb9ec5ed5598f9bc83,3318,0,0,12.980224,5.857704,-1.9327316,-9.723395,-7.1759872
3322,train_images/d6df4fe492ec.png,825c59e676c5127e4896cff851624f288307eaa1d4802448cb995598f72973fa,3322,0,0,11.511157,5.290039,-2.083117,-7.7856784,-6.9352965
3329,train_images/db3cd58aa315.png,727db3b6b904f44dc314037a389223ca089c57b0085ebf51f820e4e2a2a29319,3329,0,0,12.136595,3.0360203,-2.4787698,-4.934795,-7.7454457
3334,train_images/dec5595e6154.png,3b8404401a40cd20d86610e0ea33f8ed3887d7bceb893de2bd775a6a57542660,3334,0,0,11.163443,4.696022,-1.453908,-7.9736743,-6.437358
3342,train_images/e322acd46152.png,75b8438fe270a339961b8290bd55a31b7459da2fee924f753b5ad7efaa580e2c,3342,0,0,9.86172,1.0220356,-2.5109792,-5.028697,-3.3448095
3345,train_images/e68bdd36e589.png,a545eeb4d5d33429aea6e93cf22aa1ba6662d227f4699a504e6a0eb586585ac2,3345,0,0,8.934773,5.507498,-1.8096905,-6.9968724,-5.633514
3351,train_images/ebf4b22240f4.png,ed858cd57778dcf93f915deb5905222001bb28c6b123266c9659a6131504b511,3351,0,0,11.675072,4.5781116,-0.63661385,-9.377459,-6.245165
3354,train_images/eeaea2c5ff34.png,8226bfb4782fe887f366370ee9d7b1301553d064e91217a2657b9f7fbf17bf36,3354,0,0,14.837946,2.948595,-3.5269508,-6.9894648,-7.234425
3363,train_images/f71aca5a7dc3.png,f894772ddab4eedc3c169f62e5575ac681364b2dc15dc67d1ef568bbbd46959e,3363,0,0,13.510616,5.1083374,-3.9051294,-6.571123,-8.113446
3364,train_images/f86d1c404acb.png,90b19733a5c2384161b0ed2533438e55fb59f95df325d80fbdaad188ae855729,3364,0,0,13.333128,4.6238403,-2.446025,-8.031417,-7.474362
3371,train_images/fca1a8738b8a.png,84a6d55dcd31768a784ef6373340869126edf899ea6c7f553e3fc8c346bf9a86,3371,0,0,10.544575,4.4782257,-1.3675532,-7.2679977,-6.390296
3379,train_images/ffc04fed30e6.png,831f78a834b6c9e1b60699186ec02df731525bce27a4e8e8db0c5cdad6b64efe,3379,0,0,11.757318,3.5977173,-3.4642181,-5.7722373,-6.0996757
3383,train_images/1a03a7970337.png,710a5d5154fb8403990f11d2bbb04b9fafb949865e080b93dee3f1483c3d2e9a,3383,1,1,0.47786903,6.2429733,1.6957574,-8.198461,-0.2886081
3388,train_images/35d6c4c50072.png,8502459ce6a945aa2a3b730f909278cef7f553fead150cc5c16f20c1094b5534,3388,1,2,-10.3876,3.7460022,7.528267,0.08852053,-1.1050153
3395,train_images/495255c7492f.png,c3fa54523aa5f52032d6204ba870d397a90077044cb63395aa3ac278eb0b5387,3395,1,1,-3.6488762,4.454624,2.1170292,-2.5204291,-0.49930653
3404,train_images/5efa24b03d5e.png,c7a85fb602a0d32269a0f74a2633f63304e7e6bf182eb4bc23290a1d58e8c7c7,3404,1,1,4.423977,7.2148914,-2.4514728,-5.623307,-3.6129704
3406,train_images/6c6efb6b1358.png,64ad60b1cabf6434335e433e9c0d586e9ba9e89b02fd101b527c12ad39bbc6f0,3406,1,1,1.6591492,7.322401,1.3068731,-5.4022765,-4.940747
3409,train_images/78bcdffb8785.png,dab95930eb28d53570e0181529bc011cc8b0b88e115cf77ce3d37baf3fada314,3409,1,1,-1.519352,3.3382645,2.9833221,-4.7492185,-0.13097408
3417,train_images/96a9706b8534.png,a89a61346cd279db5674168925b7232db86fe5b08e78c69ccb202232be2948f2,3417,1,4,-8.227837,1.145998,3.2019746,-0.11545849,3.8591385
3423,train_images/ad3fc5076852.png,52dd160777bb5158658bddcf86c7b0885a10aa74ccf63ab9504d5d0b285387a4,3423,1,1,-3.3384876,7.0292587,0.6120343,-3.8385642,-0.5427892
3428,train_images/c1ebe785503a.png,8bd8a0b681456b33bdfda828b3af7eb78595e695f01ed004cce4a2fd4e013d9d,3428,1,1,-2.1807003,6.541603,3.1508403,-6.688183,-0.9065237
3429,train_images/ca6842bfcbc9.png,ac3c47f35f5139dc134e1bc994b05a26d60b139420d0f7a8ca83d78f7d648218,1641,1,1,-2.3575993,6.647991,5.0830107,-5.8629494,-3.585359
3436,train_images/06024377d573.png,d5ace70ac35bb85d05d04399ea5fb43063eff45e240cd4b2a6ad118a6daf3d88,3436,2,3,-14.615219,-4.58171,7.282933,9.667311,2.0567706
3443,train_images/1124ffcd76c2.png,a9341152ed81341723f1f585f8715bfcbae8efd3115426e912204e2c5abd4493,3443,2,2,-7.023308,1.7356224,6.6822658,-2.3522615,0.8326802
3445,train_images/1541226c5d72.png,aae24333eb3d6bd2ef91f06ea440e557bba1af330c60d75394a6ea625e21a2af,3445,2,2,-6.230337,4.0405846,6.031335,-3.0892777,-0.8670844
3451,train_images/1e4b3b823b95.png,f99c2f7a670b7bdc9c3ee1f20367e220ae217363208e9178291358ba2ab79f76,3451,2,2,-10.171429,1.6354408,3.7419388,3.7067943,0.93763065
3452,train_images/1f07dae3cadb.png,8e03a481f0261723971041df11c093cb920f5dbe2b375844ea42dff83d270ab6,1682,2,2,-10.36306,2.1457806,7.3482094,-1.7453814,2.45763
3460,train_images/26999ebc21de.png,b3a85a319b02b95f28651ef283d8ad2f28dbff1b731d9d5724024cc1f21428e5,3460,2,2,-7.474924,4.5569916,5.8641872,0.60367155,-3.6743011
3466,train_images/2c2aa057afc5.png,15f09e0ce997d66519f8b453577944e7e657db2f53903d07b3814e9e485cb6a9,1890,2,3,-14.464985,-9.121253,6.154499,8.69948,8.519508
3467,train_images/2e79041ef722.png,0f001455c6b995805435d727396e2435f5058e2d7c5427326fa3d44815eb43d2,3467,2,2,-2.711092,0.11254883,6.361057,-2.4385657,-1.3908844
3472,train_images/3cdda8b3df19.png,a23b13507f95ca3d21fa05a842087f3b547ad89abd84993ff62105cd3ade028c,3472,2,1,-8.635143,5.1261444,4.0793023,-1.8574414,1.153309
3476,train_images/3e86335bc2fd.png,fce068e3b2fea80143b55a4f4253b3bb0ee887d1f84ba67ef2abb48420437e99,656,2,4,-11.91494,-3.3780441,3.6591094,5.628288,5.847031
3482,train_images/465c618f7b23.png,d7f58be9dd5b6413bba24eca26f0dab357141985282b3b1312da8ae102c34c20,3482,2,4,-10.416725,-1.1386566,2.999943,3.5857558,4.822178
3483,train_images/467b7d9d811c.png,12773569ae779abcb67c250af85b9cc987be3c5b4fc605e30756b6aa2b57a46e,3483,2,3,-7.8552895,2.1370602,1.9937224,2.3575263,1.26661
3488,train_images/4a44cc840ebe.png,956e78f8545d1e808104b24be48547517799c4764795105a42e7e3020d9dd59a,3037,2,2,-11.333641,-2.0693855,5.6134624,2.4388118,5.1722555
3489,train_images/4b5ffea77373.png,bdedabe9abe7a89806d781da59d02c60d0b6fa764fa727cad2569188f98aa940,3489,2,2,-13.191029,-1.8173332,8.108147,3.4899802,3.2371178
3491,train_images/4e7694eebb91.png,ba46066704c6d1bc6a341948f240c66f15b1d75cc19e4f0bee3f91b2384c223b,3491,2,4,-11.585415,-1.5456867,2.7747436,2.3177323,7.8688216
3499,train_images/5ed6dc419e4d.png,57bf9cbabc7f9b1795e92f24e824eaa4ff28854e52bc2c70fc5dfbe13613b458,3499,2,3,-13.632904,-1.2707672,4.9726243,7.496486,2.2595623
3503,train_images/66d2ca47aa44.png,68e74b062359b3a41994264e531855f3d173ba1c6bc905639be89b8d0f3fa5fd,3503,2,2,-6.1788864,3.3735962,7.923898,-2.252534,-2.9757152
3507,train_images/71e4130bf5c8.png,419afe9082d107e71604f25e0600df5b4fa28886c1582a4387c460595a59c05e,3507,2,2,-12.382393,-3.9249706,8.663786,5.4581723,2.0222602
3510,train_images/76e6a9238570.png,ea0522d928546f4845be2672d2e5157e17d87740efe0845f8efd55f4610fc036,3510,2,2,-12.776924,-2.2590427,7.377036,4.290917,3.2084203
3519,train_images/85cc6d636898.png,ded162698415f1498b16a57281ac86e414ca239a9e1380ea704ae6bdce8c7ce3,3519,2,1,-8.806656,5.056614,4.4497194,-0.07367277,-0.7457789
3527,train_images/932181b93b2f.png,bdcab7b8e917f7082bf02947a871f6ce35ae2b9b1d76863c946dcc8eed5df0a8,3527,2,1,-4.7547207,4.7269382,3.290157,-1.277883,-2.0754485
3530,train_images/9785805af1b8.png,90074c4af236095cba246e982db86adbd83731e2a339cc740d13a1a8fcc47e4f,3530,2,3,-11.807621,-7.1926975,3.6925857,10.068674,5.0855193
3543,train_images/a4359815f152.png,adac219bdb8f1fa2502b221db0ff24e7df9e7c026a76a52051062ad095c78b23,3543,2,2,-8.176016,1.9290657,6.0816016,0.77169657,-0.756966
3549,train_images/b402daa0864c.png,c37358d4e7c06f4fcf465413162287581d615e1d8edc6d0824c62a3334e8f8d7,3549,2,3,-13.795578,-5.605709,6.4754095,6.6070266,6.144131
3553,train_images/ba25f947f4ec.png,7ca93bf2b1ca55cc793291d64dd14316bf04c8afff01f2251ea4e4ec5d4d778c,3553,2,2,-7.253956,-1.1862411,6.5677814,0.39003754,1.344783
3554,train_images/c2d2b4f536da.png,b822a3249bf631d8cbbdbcc506f3dad105981b7e1ce72584839d313effa5b87a,115,2,2,-5.1843834,2.6539078,2.816423,-0.4333539,0.041897148
3563,train_images/d6228d951958.png,84b1cafa1c7342bd1613efbf594384f8b12b22888365fdc5b685331046af9f27,3563,2,2,-9.127296,3.202261,4.482329,-2.0638647,3.3587484
3565,train_images/d91273efb92a.png,0a889e3796719d7e5c5113382f62fc536e6269cd9c60b2d6af11c21c89c4a236,3565,2,2,-12.967861,-5.052964,9.064901,3.2290063,5.55428
3571,train_images/df841a0440d8.png,9f64aa78af3feb31e2f61366b3d8cd7f6bb0512dd8926446222addc859e91081,3571,2,2,-8.663179,3.8751526,5.641199,-0.9608593,-0.046932608
3576,train_images/e65a2ff90494.png,e9530fe5cf3b46e923ccb407f462e829c4a6a2df2b6a072ea6d31c2696005f51,3576,2,2,-6.9327374,3.7511826,5.1597686,-0.54879284,-1.5505834
3578,train_images/e7defafeb957.png,e21c4de862751fe683d47cb4d232e6822bed91c1cd8926a6363914bb06a8c292,3578,2,2,-4.256874,5.4355965,5.5002537,-3.0818326,-3.7053585
3585,train_images/fcc55ae641ae.png,d045d1281e9db3aa4805c6db7c1f8f78de33b65c25d2d4cc3871e58aebba6e0a,3585,2,2,-9.150555,0.44485855,7.985131,-1.7946978,2.3575938
3591,train_images/36865bbc64d6.png,2a53d9bd33547b23249a0d2f8a3e10c060f106c20f5c4ec65ca2a7987d8c8b38,3591,3,3,-2.526411,1.7196999,0.49832463,2.9892325,-2.7557037
3595,train_images/50a2aef380c8.png,5a3e2c7c8f9cd6e493b2f847bbdfaa2272b7f99679f88306402b83c7f6697d5d,3595,3,4,-11.569153,-5.88748,6.174952,4.4776473,6.6436706
3601,train_images/91cf56d3d1af.png,eadaa2e8be522099b564ba2bf141320de0f9306ec0911a8cbd647e6a784b44db,3601,3,3,-13.8439865,-3.8336515,3.1369882,10.800053,3.5699162
3606,train_images/b310bd564329.png,00bf44d754fdc2d0af7f26955ef23c31ca347c7f4be3db0e4edef2d1d3ebbd78,3606,3,3,-12.721649,-2.6581345,5.566106,5.8575654,3.7969782
3611,train_images/dd3dad6ca78f.png,7b41cd7a1309312db3765a88bd81a39ebba83b7f0970d5c77c68af15cac71f0f,3611,3,3,-7.3405247,-1.1600666,2.8945017,3.1932635,2.286194
3614,train_images/e76a9cbb2a8c.png,25ac9acf573c431f146c3f94ec9cdd7548f5ad2d8dcb5b6b6a7113ff6850f723,450,3,3,-14.945873,-7.700898,3.301693,10.867048,8.286868
3621,train_images/25d069089c5e.png,041dded3fb11b028d7f1d49ec308e5c0e4ebfe3f1bc56ffe455e0f919065a1d8,3621,4,3,-14.857872,-3.724535,5.8394117,10.150597,2.4274092
3624,train_images/3206171db5be.png,6e831261eb07caf6b799db2a9415d8435d3f540c89ed974a3e08ebd9e3f14853,3624,4,4,-8.871902,-0.64097023,1.2289741,2.2302203,5.912122
3625,train_images/378963f9df22.png,30699355bd8db1414eb04a31aefc2143c0f7a16cfa91a0afb8944b590d02a144,3625,4,2,-13.630367,-4.233199,9.050084,6.2434525,2.4040985
3635,train_images/70d657f8f503.png,9fa8eef896b3dbc9465344480c7cfeb119ae9851c7a86027c4b820096f3ab9bf,3635,4,3,-11.915932,-10.209181,4.304218,10.023869,7.6111617
3636,train_images/72d98188648f.png,f540fa14be4db251adc657bd903a43b4e8e40d03fbb74c8820191e54d06fef53,3636,4,2,-8.364878,0.3106575,6.1801295,-1.4469948,3.1814637
3646,train_images/a11bf2edd470.png,a36b21658b8f4792601c61d4595103af62b230a1130c4ef54a535414d66bbfb3,3646,4,3,-7.6567287,0.0640831,2.379972,3.171205,1.902149
3654,train_images/cb547e723a16.png,db4aa606bc77aad8a05b755c9405a6adae18ed6cf58284dfd471132e00c1bafe,3654,4,4,-4.8753185,-4.984625,-1.6357622,0.9780736,10.410784
3655,train_images/cd93a472e5cd.png,86ea70b3d016855259df8a8ff9ee6279839ebc9e78ae792555e65be9b94f29e8,755,4,3,-11.291367,-7.073099,4.0666223,8.182058,5.9329515
3656,train_images/de16416220de.png,173d043a6e7eceb732ee2d104c5f64642b8a1ec51de453d7562ca6a5900ac0c2,3656,4,4,-11.500439,-5.2394733,1.0632963,5.0045333,10.507687
3661,train_images/f5e6226bd2e0.png,2dfa01b045d26af90cc3b338a8d9a77ef9580cde705ee3b3523c566860ff5a61,3661,4,3,-11.453224,-3.7681847,0.67685604,8.931866,5.438421
