pool_index,image,pixel_sha256,sensitivity_group,target,prediction,logit_0,logit_1,logit_2,logit_3,logit_4
6,train_images/4c9f0fdaaef7.png,76356f34a7575937fcb3ff653e5e5b8555d0f3e869f2f87c0a4431e7cc75d2ea,6,3,3,-4.845131,-0.4510975,1.8098414,3.3610525,0.5398083
12,train_images/b665041e1633.png,d562e259d4929a5ce76ee78285ebbbf1349feaa76d06f8c225cebb8e4ebc56fc,12,2,1,-0.9316616,2.1901217,0.935637,-0.21132135,-1.6072054
15,train_images/70ed3ec68b94.png,df2bc888a0b0f1579ea13b07c53659409421f572dfc00890a689946c4db2f0a5,15,2,2,-5.962414,0.659647,2.7491808,2.4564543,0.60639095
18,train_images/ae57c8630249.png,9fd4db9044f7eee39e4b84647fded4bcd320c1399f5b2afa655f71aae4853c6e,18,0,0,3.685463,1.0649796,0.09236479,-3.4559927,-1.0963917
22,train_images/cd972e5639e0.png,8bf3bb791f8fed8fe4f6be8312b8bd599a16818d9da054bde0270a3e275a4546,22,4,3,-3.6918983,-1.3013344,0.83373785,2.9806843,1.8582821
30,train_images/f999c6921e6d.png,2eb337deea81afaa5ac49ef8e879c25c6fe7be6ebc40b923e841f382b319a3c8,30,2,4,-4.7688656,0.65633106,1.2329245,1.6115103,1.6687965
35,train_images/1002f3fe38f0.png,25347fc0830b432a087a3939738bebace38504a817a1eaa3c61d060318e7239c,35,0,0,3.4744167,1.9205122,-0.5020857,-2.8353906,-1.8392191
37,train_images/e9ff9352ccb3.png,e2f35230990537f915259582fb4dd8abc34fffa3a3b47f30614d433e9a0ea1f7,37,1,1,0.12908173,1.4736443,0.9418099,-1.1718397,-1.010273
41,train_images/f4df3d86688d.png,034f22bfa60d9e20448471fd112f4557c0a8a16cf0b16b05666ba0cdd6fa689d,41,0,0,4.4050903,1.0958748,-0.8870988,-2.6614966,-1.7354431
44,train_images/0c43c79e8cfb.png,d49ee27de2d838256ef2399cddfe330e4b4f384472f60d7f9976a95aa5e5e191,44,0,0,4.5163593,0.35510826,-0.52266264,-3.1863256,-0.7067919
48,train_images/63a03880939c.png,12bb56f380cecca7aa558c03446098950cf06a2189238343f607bba494a5501b,48,1,1,-2.270977,2.5793047,1.0938594,-0.2929387,-0.6023617
54,train_images/5ac7a414560e.png,39d0d185d2de8e6b184d9911012676a4133b00d1f1ceab09de75cc41b6a14fa0,54,0,0,2.8676186,0.9382725,-0.20217085,-1.8840435,-1.4750977
56,train_images/ca360bec5851.png,df684065a48b718cfa6c4d1a92463011a0585469e7baf005f1b86a1c9948e061,56,2,2,-1.9762878,-0.1847887,1.8349302,-0.412457,1.2279196
66,train_images/494fc9c745a3.png,d1af4ec02abbf521343baea46fe913af2fab1f2e81b04c3cf530ba732fbf05da,66,1,1,-3.8544579,3.4363594,1.5537915,-0.4546609,-0.15344238
68,train_images/3732de8b416f.png,94e060ba453ed22182ef6cb23968764e6e04c9c47a10392ebcd60770d0a14f0b,68,0,0,3.513794,1.8021355,-0.029518127,-2.4415479,-2.3557858
76,train_images/7aabd768abff.png,756c4c355c67be7071b4b6a0c8d8a8d13ea48efeb827014ad6e579e22f7e4600,76,0,0,4.568489,1.8793068,-0.124191284,-3.1438973,-2.7671556
81,train_images/31616ff6b53b.png,5e0e816c047a9ded55bc77449b02b4fa0450f83e5bf01b172cea31f95059e26d,81,3,3,-6.7169495,0.37494087,2.2037058,3.508955,1.0270567
82,train_images/838c87c63422.png,16408926131f232702bad8b9dc6db519abfa46a0458d48ac67319358ec47fad3,82,4,4,-5.5973377,-1.5559149,-0.39125633,3.0039473,5.1452246
84,train_images/b43440c6ebe4.png,f49e1c3e10573224f8e98b931fe321414afcf39a4247169c63f649051303aad5,84,0,0,3.488081,2.5360508,-0.5287614,-2.716795,-2.375226
94,train_images/8a3eb86ae4bd.png,f1fb9d74ed6be17c050b73eef603a14c95c9904a11cd70032bb01278f9ae1fd1,94,0,0,4.2811756,1.1598673,-1.7064381,-1.4254394,-2.0712862
99,train_images/423abbaa5fad.png,58f302ff650107f01e2a67ded84f7c8fffe2541fcaacb0777083573fd6b0e3b1,99,2,2,-5.06048,-0.65545654,2.476078,1.5435991,2.040699
103,train_images/bfda2fd0533a.png,1e0215426e2815591089dd3ee91461794f832d91a9b80ec54bcb7395f250b280,103,2,1,-2.8162804,1.6034575,0.93207026,0.6021614,0.25985336
106,train_images/4360a112db10.png,741e0e49d2f9d95edf5fdaa8cfb9ecaf7e7056707f555cfd5757f64cb9cc4e23,106,3,1,-1.0824051,1.5892801,0.19704056,0.5963454,-1.0453129
112,train_images/73ef3c3dcbe4.png,a2808f10e884b212a52edada5ac4616f255323288247b1eda85cb818bb41f442,112,0,0,2.9249191,0.52688503,-0.12881374,-1.2142653,-1.6433134
118,train_images/286e9981dd9b.png,1e651ed4e784a6039d809d4425c84ea52f4343f952088dd48c4ff7c5059f3961,118,0,0,3.6229591,0.49062634,0.071264744,-2.3655105,-1.2465925
124,train_images/af831c158744.png,db9bea8732101229d29dfbdc467fa4bf344e82321698c726c70246ed0d72badc,124,2,2,-2.4818668,0.60147953,1.5650866,0.29711628,0.36368084
126,train_images/789f0ec1eab8.png,0bfd6ff37661c5a67fbc7f4b926949edab84edf63bcc913df87914a27069bc8b,126,0,0,3.9412537,1.3555107,-0.72852707,-3.0440772,-1.3090343
127,train_images/4158c340fa49.png,bc7d71419d6135cb0681099d347f8a0b29406aaac076aefd0fb7b86e024bcc00,127,0,0,4.4664993,1.6118822,-0.44465733,-3.220553,-1.93155
136,train_images/44855f666225.png,9ae0b4ef73578fa86ed2dcd263d404d1fe3c59e710086205814b67aaa07cd527,136,2,3,-6.177189,-0.074165344,2.78996,3.6847715,0.27213764
139,train_images/4f5dd7660b17.png,af756e08a814b3068ebeef5bef382b42120464180ba0a2d836c4a87a080c29f6,139,0,1,1.4174671,3.7962332,-0.29609728,-3.0740895,-1.3994083
140,train_images/15f8d769935c.png,59680f35e4eb6ae2d64d91f140f02c2b680e4ab76e7a2dbfd05df1e2add00c55,140,0,0,3.567768,1.2103071,-0.34717274,-2.7469056,-1.4621172
148,train_images/42985aa2e32f.png,4d811f303a66afd2315e0860722112a13ae69203166d09e45ab2545b32a8bfa3,148,0,1,0.66719055,3.6349583,-0.733737,-2.2673616,-0.9030857
156,train_images/3cd801ffdbf0.png,2b155912b3f4bd098536c75f028cb510afb557a11945b7378b5224b39634e69c,156,2,3,-7.2546825,-2.3520932,2.2030044,4.4257593,3.3481188
163,train_images/06b71823f9cd.png,de54e0366c1d4108866efaf0267c31286a6b35f034fa51e11bce95e8e2c70594,163,1,4,-4.6286106,-1.9236999,-0.06929684,2.6968956,4.408166
168,train_images/7663aba8d762.png,0ca22058e1a49d8ff038ecf19f670e16c491195061195200f25c417b515b89db,168,2,2,-4.375778,1.317667,1.4067845,0.7884197,1.2342596
175,train_images/6cb96a6fb029.png,fa3f631468dad2e67e27944375bbecfe730166c8dc3b7e9f167c77b9321ca5e1,175,0,0,4.6163406,0.3772545,-1.4979897,-1.8344376,-1.5472116
180,train_images/9ba469af2980.png,c6af4994727510c45ed2304c2896efbfbf3dacd5d2c2263395b186c88953def8,180,0,0,4.685568,2.213646,0.20569205,-3.3946521,-3.2333078
186,train_images/0e82bcacc475.png,04b327d1f7893168523eb92dc3a73db50c68f19d88c9417b1e7599c1654d3d79,186,4,4,-6.53067,-0.8252306,1.8735056,3.0092878,3.0567188
191,train_images/5188a8afa879.png,566708d20a06fea883bbcef9531dad1417b003ff60a8685e4be7a54bdfc17c82,191,2,2,-3.209938,1.954731,2.580499,-1.5003309,0.6317606
192,train_images/f48241b0c995.png,bd795487787b4d743c834228c1116b7f1b93171ce147dbd2bcff1e6e40d28076,192,0,0,3.5271645,0.6515713,-0.9535022,-1.3268046,-1.6962729
197,train_images/5327f88a1919.png,91850561d1b3b288f21a02c733a7af5a61f068605feebb04ecf0b001de691a85,197,2,3,-4.597185,-1.1461382,1.747863,2.4731321,1.996274
204,train_images/ab3c505b624f.png,d49b741e3604873f86437bcae43de59e258f405e960b91f3ee86e95a5258aa2d,204,0,0,4.355856,0.5613909,-1.5697503,-1.244401,-1.935298
208,train_images/e66ad813a508.png,51e25b72d84f8bc9d19077ae1d327944629393cfb67a41915a0dc72c4ab3ab95,208,0,0,4.3241634,1.2735987,-0.6818781,-2.7166905,-1.9946785
211,train_images/91b7a4179ecf.png,79debf6e6dfd182c4034e34834334d29dafe7c8661ef47492a88cf736b4a7fca,211,0,0,3.3280811,1.8226013,-0.50404596,-2.5164027,-1.7460337
214,train_images/11242a67122d.png,e6f9745fc366b3ec1bfef3ede76b78ad12259b256daf7f6f10b8c31d28e6c910,214,4,2,-6.483427,0.599288,3.548183,1.5916405,1.1456242
220,train_images/aeed1f251ceb.png,014548e090df9d1d91b4f01d9f9dc41981741dd319047fabcf785f01d71504a1,220,4,3,-6.7388306,-0.649436,2.559948,3.6872663,1.6054344
223,train_images/041f09eec1e8.png,d2cdf8c827419d0f4d89c0731f21c4b15c09f092c00b2b78f88059bc694a9665,223,2,4,-7.0306683,-1.191102,2.2291274,3.0949898,3.4679651
232,train_images/83a63c4a3e4a.png,e42c6c97b486daeab07bde825d888e1d4f80d5930862721a8a5ff0e417605328,232,0,0,4.5444794,1.2122545,-0.585464,-3.1225874,-1.8366795
238,train_images/405b4f78658f.png,ea3392f28084460066f53f0e03bdd40b16c03fdf1c5c6f6618391960400a44b5,238,3,4,-3.4137554,-0.9119339,-0.2712798,1.7218723,3.2085629
244,train_images/5bf6f2958e53.png,d26dc792b181338d2adb5f36fbb2b8c32bdd147a6629ee13931512f2c11c2275,244,0,0,3.038435,1.1517067,-0.33496904,-3.344449,-0.2165184
248,train_images/495106ae3b68.png,8081dd0b483c569bf27fab9a0e802d59c3b93b81f4bf5b21744f018ce94bc17b,248,0,0,3.0877666,0.6129141,-0.4588251,-2.190041,-0.79066753
254,train_images/72595230840c.png,ed1cfee3728b6045d28acd761bf72597402002383fce2c62e60796d1febc0407,254,3,3,-9.05084,-2.197538,0.83508563,6.8243713,4.047284
258,train_images/1b495ac025b7.png,9e088947f9296c3837a98b067e668e1050bbe20f14ff53259fe74d5a0d2a414f,258,3,3,-5.0027714,0.99130917,0.47421288,2.116238,1.9717522
261,train_images/b89938407ee6.png,09ac3d6bed0abf175a518feb782b7b813d064944c4ce132de73722090b24a499,261,2,2,-2.4285984,0.24302387,2.499837,0.5032611,-0.2340784
262,train_images/ec4649213ccf.png,e31a8e41dee580accbdea40ba8e70a3e47a860cf49755c97326cc591c8dd4c67,262,1,1,-2.5320034,3.3054667,0.7961376,-1.3845272,0.29114532
266,train_images/8bdb891661a8.png,a78a2833f8cd4d50bd69d5dc522893a34b1e12b12f55476eea097e9458feb468,266,2,1,1.1418133,1.5478363,1.3343744,-1.8879709,-1.6137276
273,train_images/ff4cd992667b.png,dbca0f1d4915149ff76b74cd2418186c4389225bfc2c30b78e68ac7c21f3b8b3,273,0,0,4.801632,1.8874493,-0.99569607,-2.9077525,-2.3278503
277,train_images/6294b378d09f.png,2b4fdec1e5ee54e4b9d2c193a30ccc0958e6f20359e6954fec809e8825614fec,277,0,0,3.7152042,1.5632858,-1.1824574,-1.7414827,-2.1254873
283,train_images/1dd9adcbfff4.png,097b6aff03b5d166df78a1d8a5085803d3c6677fb34d5997f69c3e5f326526ef,283,2,2,-2.4144936,-0.40223503,1.3064306,1.0164022,0.84894276
286,train_images/2fe06bedb2c4.png,04929bfa62af66b88089623760eafa265ba8b95b02872c2a6f08e90f5b88439a,286,4,1,-2.1335735,0.97549915,0.81727123,0.6368289,0.21335793
292,train_images/2fb3a8606a77.png,59f9ac56fc35d9f3ef7f67f666c1b4914a9a41e8fe426c906ae48255d856ecd1,292,2,1,-2.9964962,1.0878544,0.7153702,0.5545926,0.9995184
298,train_images/f762c272c522.png,cf8cb4a50ec059a39995b60f4f70b25be0e5c132ea30f2d6587dbc5e14bc3ef7,298,1,2,-4.5844707,1.742403,2.4958208,0.36742592,0.3626232
301,train_images/38c7153457e2.png,6205f038d7098d5e81efdbeca73a62f0a2b2c6d95e0347f9a4939c8d0736b4e5,301,0,0,4.8328686,1.2792912,-0.99671507,-2.779521,-2.1173496
307,train_images/8db2ce991101.png,868ab8a0a5d1ff89a0c091bf58e649d351c28fd4d8e9c9247ac45dcb97414488,307,4,3,-4.0692787,0.13685131,2.0074031,2.0311213,0.31685448
313,train_images/ee36ca728641.png,a33630d60991deaac7eaa8036e3fa5f051d95fbf8a566e8776a8cc92caa62dfb,313,0,0,4.0894394,0.62772274,-1.6086273,-1.3516517,-1.554966
316,train_images/484dbeb9bf2a.png,5da2858c1f71a214b2741fcd888ddade478427346adf866742faf8fea2863577,316,0,0,4.9991035,0.4034748,-1.7059569,-1.8037376,-1.698329
320,train_images/f2c0b41acd05.png,f52936a0a584e953e0a73a7c843f3f03321ebe5219b1294f18c4fba7e5212841,320,0,0,5.456319,0.619236,-1.7890277,-2.1307325,-1.9392099
324,train_images/52dbec057cc8.png,93a85b2e63923cc617f3a8c385fd7001f699f9246f84381cd068723ea89dd3e1,324,2,2,-1.0309353,0.9796419,1.3631654,-1.8425844,0.8633833
331,train_images/59fee5bc3479.png,de47634d15fdab1cd5a86a99487611fcd0af8f5e082b44b46813f5ca90656575,331,4,2,-5.7970295,-0.7145891,3.2016659,2.9463768,0.8469162
338,train_images/5486da4273d7.png,9585ce64af838e38f9f3845d8832bb2238364f104b8bff8a52e0615a93b6b150,338,2,3,-5.5875416,-0.40207005,1.5553646,2.5723047,2.2755642
344,train_images/41960d5f58c2.png,374ecffa1c3f69f04b69ff7a632e73a1be5aa292d9fdd5379349e0d73e7495bd,344,0,0,3.2680492,1.8338776,-0.32749128,-2.7612433,-1.501255
350,train_images/d271d3a2b552.png,17498cc8b58e96cd88d60d5d34ce729385267731c5f98c974d0cda2e41467945,350,4,4,-2.852436,1.0941429,0.26650572,-0.7466402,2.7494946
354,train_images/f0546a45ef10.png,d02ce8d9678104a733b59e5dbd1609184499a66f6710e9a9476970d2a9cb84c9,354,0,0,3.865118,0.5313597,-0.39979696,-2.397923,-1.3552294
361,train_images/87774aafe068.png,75c6d814ee5a8c017cc0da824a260c8ddf6ff5614c8a84f2fef365a7a23e7a38,361,4,4,-6.9591236,0.817317,1.4164906,1.3114095,4.008731
366,train_images/b67ae80f7eba.png,f51223ede581037bd120181f4fd1f8d7d703d796e2321d481990ce9d751bbb1a,366,0,0,4.0500965,2.3628607,-1.403265,-3.1713433,-1.4877291
373,train_images/24f271c87e73.png,5db0a7681a997bd81b9cf7b87da9efd32341bb3c1f5d3888a4cc895d832469c4,373,0,0,4.616852,1.3107729,-1.0194817,-2.9256911,-1.5473166
377,train_images/81914ceb4e74.png,b56a5dc50eca9ad57b7b87189b9cce7a2a6d473220894742e69ae293c12bbe04,377,0,0,3.1813354,1.7011614,-0.62953806,-2.78723,-1.2454977
378,train_images/80c67efc8101.png,e716306a851be6c34252a751cbe2834a10fdb3e797055f1d898b6f7264768d0b,378,0,0,4.2459774,1.8309717,-0.6302314,-3.6180768,-1.5993242
388,train_images/2f81ee5f2926.png,d08d5df9a3ca7bff3e825a7776e7b2729b29390c95025cc5f4f937e2971ec277,388,0,0,5.0309925,0.44684792,-1.8540549,-1.1183062,-2.2584114
390,train_images/97a5ad7548b7.png,908fe79d42556b58feeaf61f44452e5436bcb20fefce68d91da464c9602e3190,390,2,2,-3.9467525,1.7369633,2.1691318,0.26526976,0.18199444
391,train_images/a56729de89e9.png,abb51e073519dd2446e1fb5e08e3b738f261725817d6b9dfaaadc9d5eabb974e,391,2,2,-2.2373486,0.29432487,1.723484,-0.37602997,0.9367819
399,train_images/5eb311bcb5f9.png,56d3ec0418028c54bc200bb083f8a8b274550a95931877fb36b6c1033e531bc8,399,2,3,-4.9147816,-1.1537733,1.6803215,3.1654043,1.5072012
407,train_images/52ae917fcea4.png,bb50a3e5f7db9c953aa73a7bf2281a877c03e4e4f64187e7fefcce3b48b20f82,407,1,1,-3.9292183,1.6699152,1.3511896,1.3716002,0.09865379
412,train_images/fe37f4492920.png,c83fed496de3b52aad1469ce13504959b48f1230cd552fbc8be7697318f5bf96,412,2,1,-4.224291,2.2208843,0.977128,-0.016835213,1.3995495
415,train_images/7005be54cab1.png,a0b4433de9d934db2d4b3e666889cc1b0529cf1a075f3cbc21558ad52342c132,415,1,1,-3.819374,2.5599165,0.9929116,-1.1284876,1.9762974
418,train_images/a8aed92940fb.png,0a0999ce54f1e7dfe1597ce4ab13da79d6a2100632e7b8ac4e96d5e8c6bcad5b,418,0,0,4.2708073,0.6074486,-1.7575121,-1.6316795,-1.305357
427,train_images/1da25637859b.png,c75d9de142a78d4604c323f12c3baabde0f38b2068c5d6a2f6175427d12d2ed3,427,2,2,-4.432804,0.7906122,1.9877024,1.1954746,0.8977604
429,train_images/d7ac4a0c9760.png,3d6b9cc13972bb9f4b3b1bfdf20f8962654f71413a3421341b18a78f1d123d3c,429,0,0,4.0396957,1.5939837,-0.405663,-3.6379569,-1.3322077
436,train_images/71e43b4f8ba6.png,d53cee79b6c156a255a32e011e925d516bc8dfab7e5618e1130176c8fa43ebde,436,0,0,4.1787777,1.5603752,-0.7253294,-3.4428368,-1.3278294
443,train_images/0f96c358a250.png,457d828f5fa90f8629e70ee6501144653ff081564ff24266fcb89b33d1c3fc06,443,3,3,-5.550419,0.13692856,1.4980738,3.570446,0.9157047
449,train_images/599498e9e4bc.png,f4da283260019583f7487e9fde10408b82f0c70992eb4b1fb108099aa42e234d,449,0,0,3.3281536,1.1741676,-1.5263371,-0.9916043,-1.7635231
453,train_images/15528e740543.png,fbe0150302f4dba8560f0b68ddf6293657926a903f5fbdf6ee20e4c4dad67734,453,2,1,-1.7558918,1.6664867,1.3012755,-0.335289,-0.4677248
455,train_images/d27ac9e54901.png,370c48cbc50a5c2f8790fbfb5d8a4c4af3eaf86bc3f74a4833f29d1acc279512,455,0,0,3.6661873,1.7800064,-0.78936005,-2.920579,-1.5316439
463,train_images/fe3b0e50be78.png,d290ad88bb825273f6ae0143991669a47a5d1a1f94be314621c213a4aa355bd3,463,0,0,3.703045,2.2262821,-0.9860344,-2.502224,-2.111886
468,train_images/88e5051f65bd.png,bdc64072feff821beaa91f08b92bb26d1367d45cb4fe31c6a74060358163919c,468,0,0,4.379938,0.8269148,-1.2405891,-1.9782257,-1.7308121
471,train_images/3ee4841936ef.png,a0b4433de9d934db2d4b3e666889cc1b0529cf1a075f3cbc21558ad52342c132,415,4,1,-3.819374,2.5599165,0.9929116,-1.1284876,1.9762974
475,train_images/58af2c054ced.png,ed41c18f9b07ac41efe3c73e87fac5aa2df2af0f282768e642631744b52cb7df,475,0,0,4.3990307,1.1843805,-0.32625628,-3.4908056,-1.5185528
478,train_images/bb11db08584a.png,29502ef8fa00753a37472d26a3732cdea1756373d7810cf32b9c0528c6eb2bc1,478,1,1,-1.1817131,2.4322662,0.18985653,-1.1965885,0.21340847
482,train_images/05a5183c92d0.png,12bb56f380cecca7aa558c03446098950cf06a2189238343f607bba494a5501b,48,1,1,-2.270977,2.5793047,1.0938594,-0.2929387,-0.6023617
484,train_images/0afbeeef0ff7.png,189fe280f1017599b78b6bd7e7b4362eda2c865ef9c1bf25bb3836bb3b7f95c6,484,0,0,2.7925606,1.8809948,-0.47164202,-2.936826,-1.0253162
488,train_images/1b32e1d775ea.png,0d2fd1f2299c818ff14a57c895bca9042ccb9b574d84bb988f22a64e543db91c,488,4,4,-5.770809,-2.8693066,2.0180936,3.091485,3.9700193
496,train_images/b64e1eef3d63.png,876d87fcf63a766ab5cc38ae530e6e94bbdf0ac675006408a378412524d99edc,496,0,0,3.9717598,0.55522823,-1.1893444,-1.4264951,-1.68822
503,train_images/144a1a426137.png,439dd2ec4149ab75162d21ac9fecc7d934f86f495137a6441f9259f8ee20e017,503,2,1,0.6554413,0.9423609,0.3264475,-1.4131317,-0.2634325
508,train_images/ae2c3f6312ef.png,166c1bae54070430e62ec2c259491360958588f92797a2a5b37f854df57a904f,508,0,0,3.067051,1.5575142,-0.6035123,-2.5073605,-1.2853956
514,train_images/f5c953bee7cd.png,c72e85145a9661a56e415df87f9844421dda34af8ac8331cf46668fd480bbf4e,514,0,0,3.8041916,1.6277361,-0.29608583,-3.5699131,-1.3524275
516,train_images/e7a372a1c3a4.png,faae132ac95715ea52797b975b5162bbeb761559ebad52c0da5ecdd96cfd33df,516,2,1,-3.1707096,2.769723,0.9279382,-0.3674817,0.35555744
522,train_images/f025f33b2c9b.png,1397d987e28eafb5e9574fb756741b1ea787d0b54fe2db3d7f6f677fb51682c1,522,4,4,-7.063257,-2.431551,2.2897859,3.6380358,3.9713078
528,train_images/51405d042000.png,7bf8384cbbbe7d41590dfc23f6cd6be8cfc8882dfe47f4fb973e9f112305b9a7,528,2,2,-5.181034,-0.639801,2.883877,0.9732213,2.5138092
536,train_images/cff262ed8f4c.png,2445341e543ad2e1b8c7422b0f91b48383448cde4c4a8aa5711247fb18a9e4f9,536,0,0,3.3731785,1.6906042,0.09845638,-3.803775,-0.7555208
539,train_images/be7bc89f5fec.png,54ece05eb1367d608c1291f16db33b9cf97050da5b49519837c51d3ea3a01ffa,539,2,2,-4.466259,0.85849285,2.9332976,0.04206419,1.2170258
544,train_images/9b32e8ef0ca0.png,57d8daf10020a08edc358bea7606ff87ee9bb161beb608daa81c9060c1f14dc4,544,2,2,-5.9121284,2.2959347,2.4946156,1.2222514,0.45786285
552,train_images/4cae247d9909.png,5757e03da6f2d4ec5708be8254da719bbec29c5bb046e5d89c66d258ec65df5d,552,1,1,1.200201,1.4299345,0.37960386,-2.300828,-0.45700455
555,train_images/4cf4d528c08e.png,d48f3f1826635b3d7a43551c276db83377123d74b77e7f5434ff408540a02308,555,0,0,6.0016994,0.18779373,-2.4227524,-1.3642006,-2.2715998
557,train_images/42c65af5ab16.png,4505150cbdf016e1a432e3b904803a98a1de9dfa439fbe53386cfd6c8e5a4598,557,0,0,4.962328,0.8729954,-1.4041276,-1.8554344,-2.3831892
558,train_images/8b8fe3fc8950.png,782bb97c6c1482b1e12754864b10c1bb8c7006da1dd0822fb62bad9dcc7ed8aa,558,0,1,1.4429607,1.5157595,-0.4129467,-1.2546711,-0.93739223
559,train_images/be197b663520.png,ac88a3bf7478b9c02f3330630a706de0b90d6c29e6ff7ed40a3e281c2c291084,559,0,0,3.5227718,1.3998823,-0.42203856,-2.385388,-1.8885422
564,train_images/c67117c6ab3b.png,f097351f2f4208da04cde240eef2f4ab7c02e1305b5b2668c53ce3c8b3ae1531,564,3,3,-6.421036,-0.7955313,0.8449092,3.795413,3.084774
570,train_images/76be29bb30b2.png,d295e1a477b8e41bd1aeae97c703df87be2c5c00a89ce3a78696713b737fb59f,570,1,1,0.33781433,3.5155058,-0.2722106,-2.643071,-0.404603
577,train_images/d25b8a8ad3c4.png,fcde385d589e1be2c8173d9e2abbf829047f644fe37c8954160bbe14932e5336,577,2,2,-2.1043854,0.700181,1.2519262,0.30429888,0.17886925
585,train_images/c446985355f1.png,7b4989b1b1300e55af757f546684945c12d5edcadd04873c27ef15229e28927e,585,0,0,3.0343285,1.2707901,-0.8584995,-1.6901007,-1.538002
591,train_images/d1b279cc02ae.png,6915555cbfe256ea0da20aaf373ca004f6e3dd550e3f410d7587feb845ce7471,591,0,0,4.7715664,1.3219147,-0.68939257,-3.281195,-1.895668
594,train_images/aaaadb174012.png,12edee50ce755054d0b958558172634c35413765d7cdffb9d9e36c0a758ec58f,594,0,0,3.001505,0.23448849,-0.16645145,-2.9209828,0.20374298
600,train_images/3286073a976e.png,f946e26579dce31ed8752334d8380a6914b71dbdcb0fd60c42d212b865514bfa,600,0,1,1.7833595,2.0587292,0.072151184,-2.1470633,-1.3466673
605,train_images/9122b31414d3.png,881ebd6d9f2b265e40a7aa0a27393699764bb82cbccf20e5be85828a8403a0f9,605,0,0,4.7778015,0.5240774,-0.98315525,-3.0721264,-1.0087194
612,train_images/936299166bea.png,ebd6570376af00e57efa4d2dfbf0854d06aa875f6bd6edb8549f08dca258c0ec,612,0,0,5.0626755,1.1380634,-1.5549369,-1.9131503,-2.501686
613,train_images/7116128c65ab.png,05bde987e8d05ff01edee196a2b526621549bb8d3220e3bd9627327a93982b67,613,1,1,-0.79652214,2.893509,1.0851994,-2.32435,-0.51722336
620,train_images/28503940d10b.png,969d7a269e24a0a068bce697266283cff35d6cdce637f11a78edb77fe18d4185,620,0,0,4.121784,0.9979315,-0.32511997,-3.3824127,-1.1092796
625,train_images/b5834ee64541.png,928aa704a477a85369e86420c683b648bd9b292396b677eae12adccc553771eb,625,3,3,-7.394169,0.9870138,2.41124,2.54113,1.9455853
630,train_images/687759336b0d.png,4d80e964f93e5d5e7fbbab72ef7c2d30f7b54cc92a195dce1f97049b51612de5,630,3,2,-4.432926,0.43997192,1.935837,1.3996019,1.1246452
636,train_images/28f73575e1f2.png,52a1e803d48f52a7ccc2af465316413e32a74b0f0feefa0f929010355284548e,636,0,0,4.3873405,0.6513338,-2.388976,-0.8587365,-1.5519104
642,train_images/2a7373eeb352.png,db6e51f56fba7f4bf6b9e5b0038a127cb04dbabdad39c259f01aa42cc4317be2,642,0,0,2.3387527,1.6923275,-0.3447914,-2.0264266,-1.2893534
644,train_images/c70d09370109.png,2dcd43fa0ede167ac271ee1a53fb745d776315de2ae0e84a0828101a1a063fd9,644,2,2,-1.3020706,1.1752939,1.5918889,-0.19727945,-1.0941324
652,train_images/bfaa0080ab61.png,1cafb8e70ff9e5b0c1ad5a6499b5f1f02b2699cd17d347d6b8e9c5c301287fb2,652,2,1,-3.4944572,1.5819263,1.1132979,0.8509908,0.36782742
653,train_images/a763661f98a5.png,47aa0f85ec0edf44f4f0563380da494861654dbc323be604cc03e5b2387d9932,653,3,4,-6.77306,-1.430994,2.2944531,2.8554802,3.4305687
657,train_images/9cf7c1349673.png,b55338deebf115c3d21afc852c05d773cc540eb605450c5e0dc7980851761470,657,0,0,4.335697,1.0533829,-0.6241126,-2.637031,-1.9291124
664,train_images/27e2be850a99.png,afa1e8061240e58e7434666e6273a993b254ffa99ca9a30b02b7866d60b11872,664,4,4,-5.5563374,0.19130135,-0.21574736,1.7322798,4.3945875
670,train_images/77b7b71ebcc3.png,a9fcee66613c28b6baba7d56ed44afa40a7bad1e5c5d28a7405c90273aa7955d,670,0,0,4.421011,1.1373663,-0.34976244,-3.0493968,-1.938323
673,train_images/55eb405ec71e.png,6c7e3df2db27274cfc23a443feede171d0fc88a6d1347c3496eb9c61423c8766,673,4,4,-1.2116032,-0.278697,-0.49978733,-1.0218825,3.2680044
678,train_images/4036471a1bb7.png,c169b615fc3828c0b27effebb1f641055881c25478ec98f9ccbba4c5b1fe528d,678,0,0,4.115801,-0.7497101,-1.5244045,-1.1531954,-0.4248619
681,train_images/5bda2ed09e62.png,f42fdc28a12c29a9983866a144942db216bdf497899e60c95f208459b98af655,681,4,4,-3.0677605,-1.022152,0.644418,1.7171583,2.0496588
688,train_images/c58971bcebb2.png,c9e2f590d7eab17527e9073f889b93993eb133bc576340e8a6814eabfe4a4ae1,688,0,0,3.6914692,0.6718092,-0.70951796,-1.9198179,-1.2624311
694,train_images/bde1063a5dd7.png,8cfaaa0e8c9e83521f12df4be2d893c0002e11bcb28b68dfb487b96143a6ddd2,694,0,1,1.9051476,2.3499289,0.742548,-2.9514155,-1.4714746
697,train_images/13ab8db8c700.png,73a89390d4ff8c4a612239fab4723b39b7f899e54b8cc2e3e839e5602210de74,697,1,2,-3.49395,0.9925432,1.727165,-0.044328213,1.3660641
700,train_images/3c72f580d4ba.png,e313aaa3b54134af6a6a7780023d021144904810d8d8c6dcc63f15fb470ef24a,700,1,1,-0.7678318,1.7826195,0.9346359,-1.7118893,-0.0076847076
707,train_images/a627eb8c08c5.png,ff5b18a98000c6f285938dcec5031a71be9483e76bb3840b431f31b5991c5d56,707,0,0,4.2679653,1.0931807,-1.7291784,-0.81081676,-2.6181273
715,train_images/d7ab5c040294.png,ba93e215e0cf7327dd406ac4833a371de21aaeb496fd7e6d71abc243a28445ed,715,0,0,4.750475,0.83965206,-1.9242759,-1.450275,-1.9666662
720,train_images/25e9fd872182.png,cdd8ab0aa83af62e1ee49606475bb343d24c677cef70f5c4ce4c70d7ffe263f1,720,1,1,-2.1407528,2.8452415,1.1314209,-1.0783668,-0.22653103
726,train_images/bdf47b9f10c4.png,26bbbebf6f67fefaa7c05f53da0a0581e9c9dad366c1f7b98b87c906c46a06db,726,0,0,2.9495335,1.239974,-0.23277807,-2.1314888,-1.575325
728,train_images/735836b1ffa6.png,8a3b6f7cc9578c2f138d94f9498757e7a15d515b1b1b0c2d98c57476323eb397,728,0,1,-3.4801865,2.821763,1.9831772,0.2775507,-0.98724174
735,train_images/295fdc964f6e.png,877d9d7695aec8bfe98867e5568f236f8ebd6535678b762fbcf38453761b6ccb,735,2,1,-5.0830154,3.1071835,1.99171,0.272048,0.2347002
741,train_images/6e3526053de0.png,8c845a254a44d5dbe6e99149b1b0d424359f8a6c467926f3575ed4f71993446a,741,0,0,3.0335503,1.9213648,-0.5475564,-2.1923926,-1.8246384
747,train_images/e067b06fd655.png,e6125b66b5be0f7a9794a49a8b11b2fe3b1f5be868264b9def7420a5f5521377,747,0,0,3.1395912,0.92687035,-0.084934235,-3.1847348,-0.5395851
752,train_images/af8aa32beee4.png,a8110e555a018bfa189e3995d70af457805bb3c3218b3c8be06e8485982844a6,752,2,3,-3.940548,0.41320705,1.4058926,1.8598032,0.82073593
758,train_images/175dd560810a.png,7a275ab3a497881a4fa92bef662c22f1acd481139a4d8fca3f5541b84b78fe16,758,2,3,-3.407381,0.49009323,1.1794271,2.005538,0.26449776
762,train_images/999115d9386b.png,7e689e44d8ed4e9314f8d430060bd72b9bc995034b27a9f62a2a17bee5549635,762,2,2,-5.643137,0.4956789,3.6741014,0.81613255,1.1556301
766,train_images/613028ede6a0.png,03c17d378020b26bfac51e530629c3025ceae6677621a0dbe6b67900ea57130e,766,4,3,-5.744396,-1.6525993,2.452549,3.5390205,1.655055
772,train_images/9ed666e982cd.png,bfceabd90e91d36db0ad919ec6125c1db0ce1ba2f2db38d26eecc11ba9ccc243,772,1,2,-4.152624,2.0538197,2.5564485,0.024826527,-0.0838604
775,train_images/44a4d04162cc.png,164e92ff3c51c0afaa02c5b75579bf86b15d5590c5809654ab286e39f00907b5,775,0,0,4.473221,1.5683451,-0.8695688,-3.617134,-1.3143969
776,train_images/41345cec5957.png,91d3f65d8fda4f709f5758435a3a9ed15e41d6ccd6b767d6fa1732fddf8a6818,776,0,0,3.8008347,0.9270239,-1.4472432,-1.6275191,-1.5160246
783,train_images/46f56c38051f.png,d54c3244eb7cd79ba1878c13e48b05b0b07d5c7b654f3eff81ab19b55e290cb8,783,2,2,-3.4813938,-0.4067564,2.0226462,0.3910718,1.887353
790,train_images/b9c7c5182075.png,292462ae3a550ea45611b9c03806f7e261ba03a0c171980d2f5080b0fa913d5e,790,0,0,4.695429,1.702426,-0.81209993,-3.5927892,-1.7652264
794,train_images/d26bc6e1230d.png,dfc4e03b7bf64b9aad94ae7ca97416daa56b566bdf15197396e0220797a9ae34,794,0,0,3.7417583,2.298378,-0.5978799,-3.2196329,-1.9886656
801,train_images/2f5c9cdfb333.png,bf0342ea787727c689c00d2cda4f9c8836c38a886ed008a6c203f67049de9a13,801,2,2,-2.1144848,0.60986996,1.1451309,0.6957798,0.022153854
804,train_images/ec6f1797a25a.png,a0178618641fc9ceec78529a603a7527d9a43a6d9350b63da1019df4d8b1cb89,804,0,0,4.4560356,1.301712,-1.0028124,-2.850277,-1.6810303
810,train_images/5e18af29d812.png,17879532018a13e77ad3bfd64d030de9e4216873e2512d8592b49c1a498933f2,810,2,1,-3.9468765,2.0669384,1.8514323,0.50337505,0.09046459
817,train_images/33596a635b53.png,c82263b2245335f2e8f93aaabfd0975947c9374f4428bc728db42c9c02096f54,817,0,0,3.903614,0.35547447,-1.0654159,-1.1473384,-1.8001709
824,train_images/4464bb62bf20.png,e8aeae7cea3c54760b5d416895438da5256e00f139f633d127265de020091fe4,824,0,0,3.2745495,1.4043427,-0.28153276,-2.4799113,-1.4108839
832,train_images/73881f55a3ec.png,fd9342b6987d2424303b7df50114b124e27e7b3ae53fbde938da31dda3474020,832,1,1,-0.945652,3.6099014,-0.28792715,-1.348372,-0.6305218
834,train_images/1c3a6b4449e9.png,e61ca49f98d32f234a000d7654891a521ee2ab11aa9d8b6686ffaf07a1f4a142,834,1,1,-0.3495865,4.25091,0.42249703,-3.316011,-0.54185104
838,train_images/aeb6f4fd2eed.png,65c509fb15d43974412e19481b9ccf1aa115f1e14ea2dc02b96a8ba345048781,838,0,0,5.6388235,0.7942753,-2.0082717,-2.1501124,-2.0245228
844,train_images/080ee76c958c.png,91b652c838f2b1edeaba481629596f6cfd647c99b2d795fdecb3cd108287d9b1,844,4,4,-5.419962,-0.6168699,2.0448284,0.9457855,3.6111155
851,train_images/0a4e1a29ffff.png,12c41dda12a9bd7f0674bc886aa657e90b92174782973f2cd5421e8c8797d765,851,0,0,3.8244762,1.6990767,-1.2719965,-2.3535647,-1.680376
856,train_images/90a786abe58e.png,65182a80b31161954527866d5d5ce513c8da11c4c27fe79d732bac895db46162,856,0,0,4.555155,1.1198912,-0.74424505,-2.8046913,-1.912507
864,train_images/43823561c3f0.png,d457d01134f3f4acb1ae2c5acd95b6d6b9e9b148e7abeddee5a5787767edf8de,864,0,0,4.7759953,-0.4098215,-1.2511172,-1.4844065,-1.4237719
867,train_images/7e9458de5707.png,a26714e8bc6050589b765aec85febf6270fab9b637b67efaf803f2aa7aea90ea,867,2,4,-4.434862,0.82916546,1.4753823,0.87799835,1.7349596
872,train_images/2b07790a2422.png,2951a2fa27cb5c7f0cef26b25dd84003fc08e3b2e0f6a4525f511a13579de12e,872,2,2,-3.2114544,0.33579826,1.5585711,0.54730415,1.1410913
878,train_images/0da632ca45e0.png,a21ad1bc71df6d3cecc898a30b2790e5712640f8d74ba37b4803476bc90fc455,878,0,0,5.0153847,1.3457642,-2.1204147,-1.8649402,-2.2273169
885,train_images/4d1cf360b2d7.png,d7cac0c45b547700be034c095c5f622f8ff0584382dc2df4dcca093cd3233814,885,2,2,-3.4805164,1.3528147,2.27522,0.26901674,-0.024990082
894,train_images/2ef10194e80d.png,026c2b7afb6345362d8568b7679c22e0bd46165e4d33fc568ae51daf463ae09f,894,0,0,3.9170456,0.014803886,-1.4597664,-1.4138002,-0.8105478
895,train_images/97d02a9b94f7.png,16871aa4f37d8d4663f924b8e5b0a952ff1791baac2a6af0cc70433ca23003e6,895,0,0,4.6822853,1.3476286,-0.8394146,-3.4456367,-1.5372295
897,train_images/badb5ff8d3c7.png,1c48ed154b6b7d7018810809fc62c9504f67b3791521f5dce5c083cc6b2f58bd,897,0,1,0.19541931,3.9176817,0.08733988,-2.6605496,-0.967474
904,train_images/e31c42a8652b.png,1baaa16aea63aee81a0373c0c0fd80968e5ce8fcfc9be76ab27e0d58136c8171,904,2,2,-1.79455,0.8939333,1.3477674,-0.7682724,0.97469616
909,train_images/9d9bfefa809c.png,1dcd5179b770f6b8520566bd9aed940da25402e7de0fdf5bb66cc78004419c81,909,2,2,-1.7864475,1.4411373,2.7223935,-1.930546,-0.05337143
914,train_images/fba493e17448.png,6c5306c1fc901eb4df8f71896be1b7399be43918e6497bdb240c5ae7831ab194,914,2,2,-5.323389,1.0838566,2.444036,2.1244822,0.20476723
915,train_images/bc73ce76ec43.png,db2723ba6701f0a2131cff98d8b766d010ae855aa2ce51f3b66c0d6fc07a8c9a,915,1,1,1.351717,1.8464642,0.5419285,-2.3494313,-1.1782999
922,train_images/a1822dd8d05d.png,fc71ec9902743c9b5a2c69191da456faf595832fcfea9b70ef9e55e6bf3f52ec,922,0,0,3.8053398,1.0189686,-0.3746791,-3.3788736,-0.7574234
926,train_images/aa10a4b2e709.png,5dbd96c4c7098f9c10cd45060e85fa06bc4052f903fa8f02c6bdde7a7bb2293e,926,0,0,4.106571,0.9621239,-0.12102842,-3.1892877,-1.494216
931,train_images/aa9cfe639ef1.png,118a84ea13ba9da94650401ec58fc12a85221cc9e20cfc4b0e01358aaf143b07,931,2,2,-2.3769226,0.21917248,1.2821622,0.54579926,0.65886784
933,train_images/6dc07f968794.png,316332d3c4af59367b43de8bbb43ab666d25bbbb55168708e783c251517b7357,933,0,0,3.2689743,1.3026028,-0.65542936,-2.7613661,-0.9332504
942,train_images/cae51154e1ce.png,d051c47a120c777b1f609edd2c6b47007a38fe3616c4777a911167686992ed54,942,1,1,-2.9311352,2.5334806,1.8420644,0.5096936,-1.5529861
951,train_images/13c191b59ed0.png,70503d62023397f251155a10b01b1d333adcd57cc430dda326416b195caf2f51,951,0,0,4.422348,0.3553152,-1.7232528,-1.9072309,-0.8826685
953,train_images/ff631653374e.png,b30741057737bd526d29603e7ec0ba025493411f9dc5fb1d3c97cbd26e871ebd,953,0,0,3.0129242,1.4410896,-0.30819988,-2.6912808,-1.2496824
961,train_images/7ccb267fd394.png,080257579826ca840dc4afe96e68bca9fc58937c5c1f4274733ee3f4b72dd053,961,1,1,-3.6354084,2.0862312,1.8325956,-0.18619251,0.38568878
967,train_images/e33766353db2.png,7516916c706b2d41e04f1cb523b7b390be0ddcbff40beb3d23337b49928a6b1f,967,0,0,6.1621513,0.5794811,-2.1606607,-2.1386795,-2.1785307
970,train_images/36b5b3c9fb32.png,1ff10f5470cce5fd72d2b7191387f2ecf9c579663c759f00ab6e354417cb82fa,970,3,3,-5.875679,-2.197641,1.3776424,5.140542,2.0826874
975,train_images/10f10fd30718.png,6a51b57563b31ae4b06a9634d5d8829e8cb1df52dc1a8d3cc67021ff038eb888,975,0,0,4.462982,0.9861946,-0.5126233,-2.948183,-1.769413
977,train_images/07a1c7073982.png,0fa138526248a7a8518103a91e3055e2a5354cb07f058603202f3895434bada7,977,1,1,-2.4021683,2.3027973,0.8499837,0.1299839,-0.5746088
982,train_images/e13412678eff.png,615dbb8e4d8dfa5f10616a8c5e0c8d869ff8c768b3852554e4965a4612bb4818,982,3,3,-5.6047173,-1.0744057,1.1795967,3.599535,2.331213
985,train_images/348598d01e18.png,d34a0993f49c58337353275ca3e2018ed304b2d4d06c071ce70b171291e7dca6,985,0,0,3.0270767,1.501792,-0.7167163,-2.2512426,-1.273736
991,train_images/f0c0f7b5e820.png,657349946c6ffc80095f800e4ee117d2908d7d882e1101ca4376546d514ec1be,991,2,3,-4.9973965,1.2635145,0.39456415,1.9594288,1.9474382
998,train_images/c0e509786f7f.png,014548e090df9d1d91b4f01d9f9dc41981741dd319047fabcf785f01d71504a1,220,4,3,-6.7388306,-0.649436,2.559948,3.6872663,1.6054344
1000,train_images/0369f3efe69b.png,fef8ca97577038b16353a01934498df5cf9f37d36df72b668cab0c6d33e316e8,1000,1,1,-1.8890686,1.3106384,0.492198,1.1676779,-0.6304865
1006,train_images/07929d32b5b3.png,e206091b8d767cef15c13cbb9ecf8b05bc9bbe9ea446c0ae3ab81de2e61e0188,1006,1,1,-3.097084,2.9895163,0.903424,-0.21541214,-0.20696926
1013,train_images/3f44d749cd0b.png,fc12c65aa6207bd74cffe19726cc3ee11d371f54e3bf019919df3b96d99694bc,1013,0,1,1.4911633,4.2975636,-0.54200697,-4.0453773,-0.7764702
1016,train_images/331121c65e88.png,62d2a7dd4b8e26e1578c8c06090fe332d0cf8f56ff24f0cd39f98f1241bde920,1016,0,0,3.4153996,-0.14678001,-0.7870984,-0.99378586,-1.303874
1022,train_images/d99b0f7dd9b9.png,a7676ed7fe931fb283866724a649f5d85a536a43ca90917e2869d7d9b55aa883,1022,0,0,4.5148735,1.6828861,-0.48364305,-3.5931773,-1.8824587
1028,train_images/8e6df9eedcd8.png,5248c530abf5af7c2b30bd7e5de4ceda3f6e15fb61f0888db70c0c272d3e9768,1028,0,0,5.100519,0.85587025,-0.88195753,-3.2742395,-1.3211708
1033,train_images/f580566e27f5.png,4fa9544b53b782ff0fde423a1c51f7f3f305c9121447fae4955f582d8a44e447,1033,0,0,2.7046528,1.6258497,-0.9067297,-1.675909,-1.3581915
1038,train_images/ca25745942b0.png,bde489d1aa35a7c439bff6afd4ef5b0fc8cf12a30e576385ac3637ac9fff6d6a,1038,1,1,0.117313385,3.9570742,0.022432804,-2.5796025,-1.068718
1045,train_images/de778495a1cd.png,85a8ff391e96889511a3613f213ba0813c764a369af8fbdc96caf7176839685e,1045,2,2,-5.3102913,-0.08863354,2.7963965,0.40214062,2.6445532
1046,train_images/d774692d9919.png,a81b5c079a9d08cdb49be1ce1e962e6c2cd58d732ceb428fdebd689d0584080b,1046,0,0,4.278023,1.1922207,-0.72865295,-2.8787508,-1.6379623
1051,train_images/537e50fdf22e.png,8324720c43eb9608ffb729aabd9d7f85461430ac40d30188e85cadf425299cd5,1051,3,3,-6.4787006,-1.9022808,1.2791989,5.197912,2.220748
1056,train_images/7525ebb3434d.png,2b155912b3f4bd098536c75f028cb510afb557a11945b7378b5224b39634e69c,156,3,3,-7.2546825,-2.3520932,2.2030044,4.4257593,3.3481188
1058,train_images/4ec7796df40e.png,118b09df9d50de643a95794c972ec8fdebeff9a50d94d1bee3e4599e96975a0a,1058,0,0,5.2035055,0.09738827,-2.2338843,-1.5446653,-1.300375
1061,train_images/54cab3596214.png,3686f562c7264f2489ff6bf94259ac24179695d3612517bbc9434dd925d4ea12,1061,2,2,-0.60564613,-1.7768445,1.4500837,1.0065331,0.1880827
1070,train_images/5712e2aa73a2.png,065cdc945e19d25477ced9e67a035862ad0dbd106bc46cc955f3aa183ef1ce56,1070,1,1,-4.2282066,2.3663454,0.8819449,-0.07976818,1.6454277
1074,train_images/d85a842d20bd.png,a824beee560c222ce2fce50ac37ceeee4bb3e2eef26fa79bdb2c68ae1dd6035f,1074,2,3,-6.0729046,-3.0895185,2.1759353,4.121827,3.3821945
1080,train_images/6889bc64ab09.png,90e7f58c66b9acc66874d258f535d36e424e6663a88d63c82f1aaaef4a55aaf3,1080,2,2,-5.885706,-0.6081772,3.6655006,2.1013083,1.3711128
1085,train_images/76cfe8967f7d.png,63f05cee7e8c7abcbd066e1417bbbe275ca69757ed2fd687c8a38461ec03769b,1085,2,1,-0.49622536,0.9485111,-0.21266174,0.32293034,-0.34668732
1086,train_images/5b3e7197ac1c.png,300f89c62c0e2eb3b60df75803be69fcf33c05a63c8bab7577f0f8395edd164f,1086,3,4,-4.397423,-0.9190235,-2.27942,1.7526765,6.4036236
1093,train_images/a07d571bf7ba.png,a8029f9e7c948c2192bde6a2c9e01439562eb8a80517e7f3c4169d1ae3374495,1093,0,0,3.690218,1.991415,-0.9094844,-2.2478669,-2.1837902
1100,train_images/873dcc0b468f.png,01daa0b4cf0055431b8a090f5bc56681a1810cdd28c008f248a12177634336be,1100,4,4,-3.8422127,0.34836674,-0.34068823,0.85146475,3.5905132
1107,train_images/6dc0281f11e3.png,8ad2b4d3ec8775aecdbbeec5a9f6e382e6bbf8cd9aa028ed9840a26a9c55c011,1107,0,0,2.9745827,1.375349,-0.44168234,-2.5195618,-1.1494303
1111,train_images/c0f15fe3b4b7.png,56f58a085483d00e0e8f8ae5e02689373d630736fc74f9ee6fa8f238db661ce1,1111,1,1,-1.6659412,2.0240889,0.85062003,-1.4762211,0.5955334
1116,train_images/7d3835e4e63a.png,17d66a04cdbdaf5899b62b584a504a1e106826b011147f185f09528cc5f42a24,1116,3,4,-3.1766071,-0.5052061,1.378727,1.086297,1.6178122
1120,train_images/63c3c571b8ee.png,4e8caed4c5f83d972e8b39a0c1ca8787a49cb1babb3a78e5c4ad07e0ced0a423,1120,2,3,-5.823717,0.012530327,2.3315115,2.4570646,1.4676332
1127,train_images/7d48f8cdfb69.png,39b5cceab3aabe2590eee279b944a85bb01ae52c4fb3c851e0df581019019b93,1127,0,0,4.526676,0.37189484,-1.6120687,-1.137043,-1.9610605
1131,train_images/41ab357d103f.png,5b28cb837b5d3265f18aa9b7305789b6d7815491d894aafc7bd94bb75b464f48,1131,0,0,5.590726,1.3169012,-1.8198586,-2.1314425,-2.73041
1133,train_images/fdd18ccbbdc5.png,23a0dc2869304a2f9a2bba8d985ee50f332805a65bf38e0cbc78ff2358c097b3,1133,1,1,-0.62301445,3.1476803,0.524693,-1.9205885,-0.6075039
1136,train_images/7ba6b23c4b46.png,6fa61290052597912baded8304b13183f3ac5562e390c58795d9a1485bd71a18,1136,0,1,1.7911949,1.8819971,-0.1957922,-1.3806396,-1.7156506
1143,train_images/3cd9713c0ecb.png,f4b65f893ab358583d92f6895cc4a5f3b170cd66740f841bb413988700961996,1143,0,0,3.8265362,1.9546871,-0.65752554,-2.7583203,-2.1801987
1148,train_images/682312e82ee3.png,4c3feb738a914888574af8a54ee679995c168bb23971f19fa315b386defb6153,1148,0,0,4.1984615,1.7341089,-0.52641344,-2.1336386,-2.865312
1153,train_images/6298468d7d75.png,bfcf9c630671aeb464d876488beb24300635222ed3d023c8e8b322c49d2ed527,1153,1,2,-3.2764893,0.820179,1.8174338,-0.45794678,1.3782511
1156,train_images/55092c0071eb.png,70f95bfc5307e933e2967e8d6e28dbc2e3a7beed67403dd35056bc4a5db04fdd,1156,2,1,-2.523817,3.797573,1.4084773,-1.5761414,-0.71319103
1160,train_images/e5de79795c1d.png,e1d6171c45b024a7051e4231d7630a5d009aa540885387416e07e801b6c1a8d7,1160,0,0,3.9077587,1.9736776,-1.2706671,-3.031847,-1.1688881
1166,train_images/e6a58edc5b42.png,a667e48d1a8748ad793b42047c391f03f8ac627609155ab3d25335ebaf5f6def,1166,2,1,-1.3807316,1.725337,1.6048553,-1.8124774,0.20241928
1172,train_images/bf18ff30a8f6.png,32ebc37c57e83704da342ecee696ce39eda07fb98c3ee34c9d9f540ea201bbfa,1172,1,1,-1.3755836,4.3563957,0.75848794,-2.1813872,-1.1423769
1178,train_images/9f37c98b8187.png,bcb9941f920ec7d8885f268bc0a90a04c03b89e083ac8eeb973b65be6eb35e41,1178,3,4,-4.5384026,-0.62349033,1.1491587,2.225031,2.2264204
1187,train_images/96c699221180.png,353d8a385e90ea4267e594b97a79aeddb93224cb5d5ed840ad1d775b4374d778,1187,0,0,3.1358624,0.62460613,-0.5533056,-2.2800605,-0.7696037
1189,train_images/906d02fb822d.png,c97335909a9b779764d450b413722ff94edee078b5926fa868a5bd75d866827b,1189,0,1,0.07308388,2.4109507,0.045735836,-1.2375898,-0.7615032
1191,train_images/1e7ccd4a1c87.png,0ce4fc8014f9a3fa43b93511ff6abbd013035dfb1631988967c28b306a3a82d9,1191,0,0,5.754898,1.1394835,-0.6455903,-4.0493193,-1.6850901
1197,train_images/00cb6555d108.png,bde489d1aa35a7c439bff6afd4ef5b0fc8cf12a30e576385ac3637ac9fff6d6a,1038,1,1,0.117313385,3.9570742,0.022432804,-2.5796025,-1.068718
1198,train_images/7dee6bf8b9c1.png,c994e130b371b16e03dbbfd52be434dabfbce4c6fe8363a69acab470dd5b84b1,1198,2,1,-4.2965126,3.2543144,2.4048507,-0.38999176,-0.5795622
1205,train_images/65cf00be6fb4.png,a7335bfabc9c0f73b0c9ac338d441e43898d45c39b6930c1f5dba8bacea7edf9,1205,0,0,4.2322693,1.0420971,-1.5959287,-1.4517941,-1.9787693
1206,train_images/39b5b05d6cd9.png,b3655add974ff8bf9e9fbd5f3925004471c37064c0d993ffcb4b53212177629d,1206,2,3,-5.0154076,0.0225811,2.0508652,3.2971725,0.072096825
1214,train_images/a87f53bc984a.png,9755f8ca00379f84a6cc66f1e99edb48522395082291019d0e990bd6f26dfffe,1214,2,2,-3.1146526,0.84942245,3.147937,-1.0281076,0.5191059
1217,train_images/a86128b601a7.png,60af7fef5d0b3bacb78eb816193e706536db9546cd8230f20ea8a8e76f7f7ce0,1217,0,0,4.997946,1.7838058,-1.0266094,-3.3296542,-2.2118254
1221,train_images/af345c68e836.png,c27917554ac438f3aefce59a5b0ec88106e177a73bdbe601ff2583927eaf546e,1221,0,0,4.1864834,1.7888184,-1.0496001,-2.627211,-2.0436554
1226,train_images/0d0a21fd354f.png,2c79683421780ceebb1a520a5b01d4640e550b1e91878614fc5629975d75906c,1226,2,4,-2.862669,-0.06995678,1.3829436,0.6843014,1.4458466
1230,train_images/5c8482926a08.png,af422c17c378f5142846fe7096f042f8ef2d4baa050987e255c2d8233f55d843,1230,2,2,-2.1886349,0.27418232,2.7904725,-0.6332426,0.28378487
1236,train_images/7e0598cc88a0.png,518a6d0ea154a12299680d0f424f965fc9c4ace62b2c0e8a5d9ae105e5696c75,1236,4,1,-2.841055,1.9905834,0.63928986,0.50517845,0.15760803
1239,train_images/ce207b69ff37.png,3ebb7cd904727366390dc52cadb55e0b35bc2f471a018a249c3211384cc5c058,1239,3,3,-5.0925255,-0.17014599,2.2657535,2.4537697,0.8447046
1244,train_images/9bd008aab548.png,031e4892fdc244960c3c0aa67e4f90f648057b5f0a1696977172ff8ec3b4acd6,1244,0,0,4.711706,1.2542963,-0.8454032,-3.1102448,-1.7914705
1247,train_images/9c52b87d01f1.png,07086880d7671ed61012937727224700294593d3a449a03569a63016289afd49,1247,3,2,-4.493471,-0.21322346,2.2668195,1.9178791,0.9564705
1256,train_images/e3a7671f787b.png,45e0b6c1a49e31e1e74ee86527b22abb19af241207ca85c6049dc9d5b3969011,1256,2,2,-3.8048706,0.7056923,3.173826,0.09216738,0.2919178
1263,train_images/9274e75dc4d5.png,863717677b6c6910fb7ce5008860de7ca55690864b70ba3f781be513eeaf0b2d,1263,0,0,3.6192799,1.6948385,0.13121414,-3.6105852,-1.5862007
1268,train_images/0e75d51152fc.png,6a6cbdf0baa6c113066521a0837ae98f52be69bd17bd840619d403db2d7bf8db,1268,2,1,0.6761627,1.3057585,1.0062795,-1.891046,-0.70247173
1271,train_images/26d60db3bbfd.png,2e15ebe49faeec45be4b4b3d8b577495f9848d12f5a087c7874331a9c47be1a1,1271,0,0,3.1778545,1.8104601,-0.57054424,-2.8585973,-1.2025509
1278,train_images/eebd1e195952.png,d6077f40196045a4760de907aee8c52a8c05d53e511c68e88bd7735c0424134f,1278,0,0,5.9980574,1.0520391,-1.6692224,-2.8245964,-2.3050227
1284,train_images/f47a2a4a0411.png,61eaa30bdfdb34e3f544d5f9d89606cc68c678ec73441ce4886c83fb712ba6be,1284,1,1,-1.5505314,1.9820032,1.4189048,-0.96411705,-0.5366154
1291,train_images/0773a1c326ad.png,75d5faec0b1674b0e8bf41415495015f351f91575293a290dc2cc646b6a847dc,1291,0,0,5.0483418,0.8719797,-1.6403794,-1.8692241,-2.168149
1295,train_images/6bf26b777e3a.png,ef4dc72d4f97c878a619b6ac70b020ff7ad0a09ff72f59d2ad5dccbbc92c4c2a,1295,0,0,4.639412,0.27874756,-0.84312344,-2.5638483,-1.0075607
1300,train_images/71c22da3d6c6.png,33cd1318ff44499f657d6e37f9f946f5fdc29f284fdd0d745497ce1df7e8c92a,1300,0,0,5.6408873,1.0784922,-2.1820135,-1.7284546,-2.618638
1305,train_images/ac5b5dddf91b.png,ed6f495c9887aec8b462448b9638a980657a342de16bf85a7e5854e011258983,1305,2,2,-3.968361,0.81019974,1.89241,1.8013387,0.1201067
1310,train_images/43ddd0ab0cc4.png,30cd4c451b5f65d4bac6528a2eaa0bb62bdd34587ddb664171a754a8bbab3bc9,1310,2,2,-4.8990173,1.5888023,2.4820242,0.9446802,0.3212242
1316,train_images/fcc32dffd24d.png,7c560e4352da43edd3700852d8d0f7f3e6753779edbf357a9124b8702ea498cf,1316,0,0,4.8964424,1.2487364,-1.0672736,-3.1723397,-1.4323673
1320,train_images/785777558f05.png,4f982d65ce5bc1a61fbbfa2784d06f1f82193caa11424d8a70ac972edf5b070c,1320,4,2,-3.8983479,0.98729324,1.6932628,1.353756,0.41536427
1324,train_images/aed4e743c230.png,ce05f0e9c4272f1104fe2cb4df020f92b2fe84654bda9ec78a8df00406dd4be4,1324,2,1,-3.2524414,2.3240786,1.4351912,-0.051074028,-0.030498505
1330,train_images/6f3b62e5b7f5.png,685a7cb9958abca775056187e117084cfd953353050e9278617b2d40b61a50f5,1330,0,0,4.0791416,1.0483913,-1.1692777,-3.0121946,-0.6471853
1337,train_images/224c14366e11.png,ab8c8c368b6f021f727b1b5547d3006e699d1b8015d4dc70449fb9ae708705df,1337,0,0,3.4695415,0.42330265,-0.26239538,-2.9641325,-0.42176628
1342,train_images/3246f07e65b4.png,3c730a19d50a1eb70099eb27636903e434ba1cdc0e2dfa08dc774140006fe43c,1342,2,4,-4.856123,0.973649,2.026371,0.2361393,2.1519098
1348,train_images/62b4be2799ca.png,22777632f49d8aa940e6557956cb7ac15ae7baa5c101ffa34cdd75390bdd0fba,1348,0,0,4.2944393,1.2495699,-0.7704873,-2.8568497,-1.6693077
1355,train_images/64fedbf97473.png,b3aacb848b2f53bde1702087130b84bf5473a61568c61f19bc09c46e8adc46e7,1355,4,2,-3.3863297,-2.7905688,3.0760784,0.6218405,3.040248
1360,train_images/1844a039b4ea.png,6238fb4f598e30c7fb7048a80b4b574b3f94d0cae76fadcb493a70a6f42fbe96,1360,2,2,-5.1534023,1.5759039,2.7699742,0.5515437,0.6742563
1365,train_images/60edda7b4871.png,b57c493e42f062cbb38288863cb75a09d1ffc07810d6ef08cacadf32fc8e772c,1365,0,0,4.8031673,0.23578644,-1.6619124,-1.700716,-1.470336
1373,train_images/b55d2ddb3e75.png,4c2cef100ec0dd1ab124011471bb0c2777c59c28b0bf3ed888989e78fdb50b75,1373,4,3,-7.9697647,-2.0699677,3.2064342,4.756792,2.5165262
1374,train_images/a0445785e2f7.png,095aa01d00d4439cb28d2577e69850386f4aae68038e027d9670bba0944c3eec,1374,0,0,1.8039379,0.7957821,-0.4985447,-0.6985264,-1.0907745
1379,train_images/d81b6ed83bc2.png,206b13cd2572325caa6f82a6db483e53e3f293be527dda72675b5dcb64107ab2,1379,2,3,-4.850878,-1.1735535,1.6711156,3.244378,1.3870602
1385,train_images/a62ea0043aa7.png,e1512c9f1cf1560520a8426bed1dfce36e64e539c08162ab14806244a0812f20,1385,2,2,-4.4614143,1.5148859,1.6137238,1.0248747,0.844903
1390,train_images/9de9421f17e3.png,4285a16f876b45d3c65e5df5609f551a1188a32cbf9812a59f9df088830da492,1390,0,0,4.0363903,1.0099068,-0.2654724,-3.7969615,-0.66267586
1393,train_images/cd3fd04d72f5.png,206b13cd2572325caa6f82a6db483e53e3f293be527dda72675b5dcb64107ab2,1379,2,3,-4.850878,-1.1735535,1.6711156,3.244378,1.3870602
1395,train_images/5d3c8c1f57da.png,b0b8dd929bd215d70eb85ee7c1089a87803f7a984f2cf1ed1172fc72170d9bcf,1395,0,0,2.9197464,1.6289511,-0.8644242,-1.6571336,-1.6677198
1400,train_images/4f7755e74a9e.png,55604dc3edb5b7e7fafe3cc0ac4ecff2cc85aa858f6336807f4c6ad5fb3226a7,1400,1,1,-3.5556507,2.760437,1.6579969,-0.6337266,0.25274658
1408,train_images/7831ce1d895e.png,edee9abcfca2599e2a695476db483aa8f75d44e51e21267a7a0331d1e85609c3,1408,0,0,4.108265,1.1421556,-0.8768873,-2.886217,-1.2113304
1416,train_images/e16af45285e5.png,c7961ba86f95d889dd06278e60d1a93e74ad834d8a5aad79b5c8a25c77c87110,1416,0,0,3.8749428,0.972888,-0.9318886,-2.4703677,-1.2029305
1420,train_images/242fc19be06f.png,71ab062d375642c8777c4a4f5cc064da7f1233155f2d8aaf1f51261d51387864,1420,0,0,4.088934,1.8740606,-0.74033356,-2.8898077,-2.1357145
1427,train_images/4df6a81b476e.png,9e771f5302a2041bba3721ca33e9ce9c2bc97256e809073a4ebc9e3c78f2e8c2,1427,3,3,-4.0124226,0.05478859,2.0546844,2.4916344,-0.13743305
1432,train_images/c40976189f22.png,af0dd38e519befd8e4c1f26618602575b6c45ae1dfbd1b0d28eae7cb90d74c80,1432,1,1,-1.034195,3.910365,0.47802162,-1.5769582,-1.3231659
1434,train_images/7ec1ffe8220b.png,f08beb0893678eacdf3179fefb28f8142e93d5b16dcbfbf6e8f6a2fbe3f54cd6,1434,2,3,-5.3246574,-2.3957148,2.4770513,4.1962414,1.5226603
1443,train_images/5445255635f0.png,348c1feee603677996c4495fc05b99baffd2b1b4f7ee7bd5da7243f3ec4555b1,1443,0,0,3.6492977,1.7479563,-0.74858046,-2.610038,-1.5591593
1447,train_images/115e42dd6a81.png,20a5f6458317cae1836e7f68c296e1fbbcc4f3c6ea797d3a9a62ca3453756242,1447,2,3,-5.7335167,1.809865,1.965375,2.279626,0.23385239
1448,train_images/bd06028eb7dd.png,905bcba9f80e1ece69c0458bb0bdf5893be73971f10fe8517957a1d456390a8c,1448,0,0,4.115774,1.5199623,-0.6224456,-2.9014533,-1.8604021
1451,train_images/b49b2fac2514.png,d3bc9cdb76429260ace935a0535dcee775d27a55f5c8e8a6b63ba3e2b63403e6,1451,4,1,-3.144289,1.6364803,1.1139233,-0.06243992,0.7021942
1459,train_images/79cbae28d8b2.png,56b1734b44300f173e572aa59046334cee245a806db38990f9f885cb6266aed0,1459,0,0,3.849762,1.2138968,-0.61121035,-2.7524037,-1.481636
1465,train_images/f9aa35187bf3.png,ba9b8d44a5c4af377e1e38ef57da330f876c7ffa384fcfca372e819dcdcba6de,1465,2,1,1.3756695,1.6318636,-0.07343626,-2.0016184,-0.74629784
1469,train_images/a06b353e7bed.png,c86094aa9d3c89edbdf576547a5b58d48bf8b447d95e547167a812ed37720607,1469,0,0,4.55447,1.1867304,-2.1378942,-1.6604738,-1.7202063
1474,train_images/cec299c2a2d5.png,2e22803136e84f9a23ab4990081ce552e3fbb73d0289b2375f82d32ccec273c9,1474,0,0,3.4613647,1.0298758,0.15457487,-2.6237893,-1.5241346
1481,train_images/cc1eebed9276.png,ee1ef3b1d28296e347400f787eb5fa10a3711fedb7e6d13b4885c92ed1b8aa7e,1481,2,1,-2.5495987,2.3273268,1.7537479,-0.581655,-0.47617626
1490,train_images/c80b0f27541a.png,5a04cf4119a46f68f15bb94343190c8ae42fe59344180186a38c09faa68e4121,1490,0,0,2.8825722,1.2262659,0.23232174,-2.0959702,-1.7622728
1495,train_images/ceb601fe8dba.png,1ad63c0642b6d0fc7ff822cdfcc4b67b622993e8831eea416ea12d3972ffebe1,1495,2,2,-3.7726955,0.9384203,2.457515,0.46206236,0.38072586
1497,train_images/6253f23229b1.png,63f05cee7e8c7abcbd066e1417bbbe275ca69757ed2fd687c8a38461ec03769b,1085,3,1,-0.49622536,0.9485111,-0.21266174,0.32293034,-0.34668732
1500,train_images/060e00d1e2ab.png,4c6bddc11f823bb88dfa6ff41d2208c788b3f7ab046831465ac73f04b7f12fe3,1500,0,0,4.840702,1.2636328,-1.7324824,-1.5118761,-2.578218
1503,train_images/cac80797770f.png,ecc5a9f7522791e13c75275153b0271c2db80d8ac3e73e24207b588814ffe982,1503,2,3,-4.0728874,1.0918303,1.3648062,2.1259322,-0.03544998
1508,train_images/499c8df39222.png,c142389623aebc08b6f9dd17acdcc10a6b1799dfcab78029b1f25d3135a643e1,1508,4,1,-4.881399,2.3623734,1.6897333,-0.051243782,1.5006428
1509,train_images/54bbe3da103e.png,f9b264daf4c4dd8f57ded5b9a229c15c7bf3219143fd4f56a183691779a51e4d,1509,2,2,-4.035307,-0.14470196,2.1784482,1.6389475,1.0612001
1514,train_images/03ff7d159f10.png,587d1ac74d21d49aa8ae818c2a86eb4571cbb7708ee7ddfb83cf187dfba077f2,1514,2,2,-4.040184,1.8767948,2.6465487,-0.7301383,0.62017536
1516,train_images/ab88081e5654.png,c0bfd9ddb56c786221fcc511cbc9adfa2ccc01435edaa8c47489044dcf7971c2,1516,0,0,3.9928627,1.0333109,-2.0042677,-1.4404907,-1.4002495
1525,train_images/3f5b4c2948e8.png,e1a3e05bf865b1defffc0de47859ac1a35a24686eee6874c0de9be74bd3c8ad1,1525,2,1,-0.049621582,1.5322046,1.180865,-2.1406198,-0.28468037
1533,train_images/2cf18033da31.png,b368268e565c6bead77c97d5ae55ee8429fc059805496d29256644994fc8b7c9,1533,0,0,4.7515507,1.3173256,-1.4755921,-1.7699275,-2.6773639
1538,train_images/8d7bb0649a02.png,c074f9f47cb63bbe2520ddfd2e94faa53c842097e4b8925d20f4f845df76e94b,1538,2,2,-5.3153286,-0.21603584,2.2851555,2.2146955,1.4334126
1544,train_images/5b994ff78547.png,2956b142924e8b08a19e17b1c4f004f0dfca9b96e283ad74e157347b6a88c7cc,1544,0,0,3.8240871,0.1592884,-0.58704424,-2.3742704,-0.78205585
1546,train_images/437900a99871.png,af21c98d24ea8cb472df19d1e03c86a4e3ba4d00394e7dbe5d21f72d4271363d,1546,2,3,-7.63262,0.2546053,2.794699,3.2658806,1.8923016
1548,train_images/d9311f7497cb.png,342a848ccbf0d1ed0a05309c6e1c7274e8840cc73db585cbca53567b72defa2e,1548,2,2,-3.7483673,2.2866116,2.5608623,-0.26071262,-0.49577904
1554,train_images/55f7f018c61c.png,cb8b4fa4e1872ec8c3f9f3abfc811af862d73048c1e9872433729907141c8d14,1554,0,0,3.2400513,1.8503294,-0.3839469,-1.6498795,-2.655561
1558,train_images/eaa0dfbd5024.png,585a5edc6351401a6f240f326077e93521c6a394c7f99f9a24add145d7638fe8,1558,4,1,-0.88762474,3.2241726,0.25613594,-2.4637017,0.32822418
1568,train_images/8dba09a4e5ed.png,a14127138823212b734f721e1370241422986c51861ae4e6649183299353b122,1568,2,2,-4.188116,-0.7049074,2.180501,1.2076807,1.9099817
1570,train_images/a4012932e18d.png,c97335909a9b779764d450b413722ff94edee078b5926fa868a5bd75d866827b,1189,0,1,0.07308388,2.4109507,0.045735836,-1.2375898,-0.7615032
1576,train_images/1509d097b69a.png,ddee0f52f7aefbe08916b627e2caaca3db978e89f6668c571152395b55b146e8,1576,0,0,3.7135792,1.8197527,-0.5190544,-3.084093,-1.6656017
1580,train_images/2a5a8b744f08.png,1e5321f241d734a9b41c743ed5323ee0b1f6066387ed187954cae533a4e2bb7e,1580,2,4,-2.6902409,1.0910845,0.4960637,0.106636524,1.4396744
1588,train_images/358d2224de73.png,9f9410fb15c0f628dc0711278ae9801672ea72cfd596e166c7bbab94dfb8acff,1588,1,2,-3.5328941,1.72404,2.1168778,-0.045915604,0.037192345
1594,train_images/b82dfa63a75f.png,8b4bd8eccff36971eea9798924742766140bfe1a18569288710156844d0133ee,1594,0,0,5.0302105,0.356102,-1.993093,-1.6870036,-1.4684219
1602,train_images/52ddde91a349.png,bf3f16a9921c2657a7957728cd19202785e46a1e0d3bae5368ef24816c5cd34f,1602,0,0,4.0734463,1.3813009,-0.39607716,-3.1757388,-1.6806889
1606,train_images/1bea04b2bb2d.png,62df3dd5e5482d39d92c714b80ec4053d5abfe878725552480a9c5c76e858dd0,1606,2,2,-5.8833637,1.4221296,3.9273818,0.6255317,0.430048
1613,train_images/4a4cb731f91a.png,a35c9e4b1fa28381ed7823adaf034266d7d49841dfb99a1a165a1053384546b9,1613,0,0,3.81386,0.47370052,-1.4440866,-0.97791386,-1.6536436
1618,train_images/b553e7909535.png,1d1f9df7f07b1e767ae2c88c5a00f102f11bedb0ce169c124d8128405d9368c9,1618,0,0,4.408663,1.4310732,-0.99349976,-3.3048692,-1.2639122
1623,train_images/b66f23ffa730.png,db4c3eac7b65f5ffd1429036e05bc4e3194a76c2c32108730dcf776ee4493e07,1623,0,0,4.4273987,1.2324247,-0.8312373,-3.0070953,-1.5978041
1628,train_images/13063d1bc4ea.png,a783c44f8533c85083a014ff209dbf7ce924c70e9c45bfd23567dedf6f2ef5cb,1628,2,2,-2.9548702,0.08639717,1.596108,0.8673129,0.93761253
1632,train_images/89fc080f7e83.png,17a12755bd6e7921e599de3f84e583ce2c873fa4f89cf3f8169f702ed0b7f14e,1632,2,1,-1.2183266,2.096017,1.4224501,-1.7363901,-0.17543507
1640,train_images/f3a268d2726d.png,0751d408daf0d7dbc343b7c685cc516dd6791ea889bca7329862618824534b65,1640,2,3,-2.498106,-0.6964407,0.82741094,1.8847542,0.85749054
1646,train_images/5173d54fc214.png,f314bbd9c88a5a6608571821d60bfa2456ab7b7daa67eb88082b890f4254853e,1646,2,2,-4.3585644,-0.45489883,2.6713636,1.3220263,1.2080135
1649,train_images/ac81fc200162.png,6b88988b5b6b905aae7bab714f783b41aa451ae9700d0e738a7bb91e64f8948d,1649,0,0,3.8106728,1.2747097,-0.10993385,-2.2805681,-2.165988
1650,train_images/2cacdb0dffae.png,fe7c23e123a1095965ad37929d00ae5fc9240d138efb1623a89ddd09b9764467,1650,0,0,4.678158,1.4585981,-0.98434496,-2.9138577,-2.0309563
1652,train_images/7adfb8fc0621.png,b30cd5f46a49ee967bc328293ebd230156434cba290d724e75acf6559bac7922,1652,0,0,4.718458,1.3699608,-1.1289482,-2.8319283,-1.9142437
1658,train_images/87d46b1cc4e9.png,9f94a87d5fb71a088894e9ef30bb87721d006754b9d50fc337793c231db9ea03,1658,0,0,3.8443604,0.12952328,-1.3992572,-1.7997327,-0.6360502
1661,train_images/65e6f1bd9875.png,8ee562a7e589284fa22e9639d5ffadb15451ea35cb23db01df0f6b5453898b53,1661,0,0,3.3382072,2.27178,-0.25299692,-2.959291,-1.9066811
1667,train_images/35362d43e753.png,0a692b37356ee7e4c6d152c48db96aa38bf6bda8418f11eb484484e984387b6c,1667,0,0,3.5726833,1.2830772,-0.4330387,-3.4873323,-0.6370554
1674,train_images/91e8af9ceee9.png,7a3dc782b94b9a285ec04949d381b6ce0f45b8a5829ba053940f2b9e1b8f7ced,1674,2,2,-6.1855183,0.24188328,3.5487244,0.6905079,2.1281948
1680,train_images/e724866f5084.png,d52604994a542eace7e39a32c3a853b7bb38e7a271585fdc5d44df9867997d81,1680,2,2,-6.314543,-0.5828285,3.0554142,2.3917875,1.861229
1683,train_images/1c4d87baaffc.png,cb66e86c28ab48f1884c067226847b34c2849713a3ea380fd6a638fc2582523c,1683,2,1,-3.3067627,2.5468702,1.5693791,0.67422867,-1.0435772
1684,train_images/3f0d3629d69e.png,a40655cb7b073c0e4a1d01e3e7abd175a1b589bc69ef6f56462e6e36c0c0b1c4,1684,0,0,4.533533,0.5877962,-1.497963,-1.4993639,-1.8674078
1693,train_images/98f7136d2e7a.png,b0d4d28b889d397baf01efe5d67e5ba4029ab302a719e62b525c4964fb940e7b,1693,2,4,-5.8273354,-1.1019258,2.2756312,1.5510931,3.532649
1700,train_images/e3ec668f6fad.png,c33ba4bcd7e5aa05abebcf50083bf3584b8671f217954b4049a95d39196a382a,1700,4,4,-3.2281303,-4.3398266,0.037769794,1.8375378,6.0160255
1706,train_images/34acae864963.png,06d62feeef0fb80e80fc1a82650cd6035932a3d692762ab6a676fd1294ea51dc,1706,0,0,3.909212,0.99937534,-1.0513415,-1.478847,-2.0690699
1712,train_images/9782c0489eca.png,e7a8bab98625c00d1cd6862881761bf050ae20d903186a9d76f00680a07eddd1,1712,1,1,-5.514963,2.2148905,1.8647394,1.1628108,0.811224
1717,train_images/1fddd7c98fd2.png,1217509efb49901c946b3ea88d81d0c5031ac4d53130f0d29994e9937852e7e5,1717,0,0,3.666069,0.7880087,-0.14024496,-2.3115835,-1.549757
1719,train_images/a7b03e58a6e1.png,2f3c05a967de252357cd5e3abf8350415244b6cafcb1f6bfc8d06638bc1be6ed,1719,0,0,5.260353,1.8646278,-1.4914312,-3.8641648,-1.5699301
1725,train_images/cd29c88c9e36.png,a63e1b73fa049faccb5aa95dca607c72a0a2c839198396f74fd78a9ee83a1b56,1725,2,2,-3.7362347,0.23618984,2.119561,-0.15370941,1.9713373
1730,train_images/6fb656d506b2.png,348aa93fe38489988e10693794494be979a8362ffcc29115f077d4fab296a69d,1730,3,3,-5.235552,-0.42549133,2.1625943,2.5394773,1.2814322
1731,train_images/6c250a30593b.png,ea393847d55129f05e357a13d7e5f9b2be29fb68bfc03a68f28ba20f7cf50aae,1731,4,4,-2.3657207,1.0965767,-0.8526268,-0.49562073,3.0338993
1737,train_images/5056fa7d505f.png,1bf0f9bfc85ef75b1700601562700fcbb70c31ebb9f534abaa4395f66af2d5df,1737,0,0,3.5730133,2.57296,-0.94807196,-2.4757342,-2.3835545
1740,train_images/2967e578939f.png,c902d99fc78bfae5a0c2b2392e398db2b86e7558cec9793449b5decfe951223f,1740,2,2,-3.2959461,0.20537186,1.4029663,1.1146245,1.0508003
1742,train_images/d1fa0f744620.png,70cca9973c460a05538c62dcb647d501096fed02faeeea88bfca80f371ca6833,1742,0,0,4.335293,1.0875921,-1.5267792,-1.7104726,-1.9168787
1750,train_images/f9e1c439d4c8.png,fc12c65aa6207bd74cffe19726cc3ee11d371f54e3bf019919df3b96d99694bc,1013,0,1,1.4911633,4.2975636,-0.54200697,-4.0453773,-0.7764702
1751,train_images/10bf25731c08.png,2ad1483dfdfb4a2b81609f8a152083b9e18b1dc8c87dec39bc91606312ee5036,1751,0,0,4.6570168,1.0652294,-1.1499057,-2.75617,-1.6140718
1758,train_images/44271f3cb18f.png,589cdb815099923709c97513f085192426bfc6e9d16e0f8e6d89cd069da6783c,1758,0,0,4.1150665,1.4132853,-1.8655844,-2.1035585,-1.342124
1762,train_images/8433a032b96c.png,29f109f7e377e5c448e8593b84cb90c16f5fd024de502d8bc78f64aea303ade5,1762,0,0,4.0961437,0.8011036,-1.4003181,-1.3993573,-1.8095064
1768,train_images/1943983492e5.png,4764fda95dd80c6dfeda1e5f9b3ea17492f6150fc9c65f637e5cfee1f1d5b48a,1768,2,2,-4.520832,0.4268055,2.610102,-0.678215,2.5976477
1772,train_images/4e85aa647534.png,0a17efb48ec15f1f2e0a897e88cb724544019fde0cc8a787761bf18fccc33e83,1772,0,0,5.17105,0.60549545,-1.6256676,-2.0290074,-1.8651791
1775,train_images/306c841af3fc.png,19e3abafcd91c8cd0cbce7526e2010a5d8a7587f3945f7a9f950ef8163a962da,1775,0,0,5.1875067,0.9863367,-0.96526146,-2.880474,-1.8781147
1783,train_images/e868c3da340b.png,181b2a618f48aeeddd42ea21713bb92ea2290da627ac3c0b569b4b276d12ff22,1783,2,4,-3.8564816,-0.8023577,1.1979382,-0.17099524,4.108247
1787,train_images/3580a545016d.png,0536c5915a3c9feeb2deb3933c0e6db18efe839c383412d04d7f9fa1aade5d78,1787,0,0,4.8947525,1.2826481,-1.1310072,-3.5863094,-1.2367287
1793,train_images/0c917c372572.png,64cf08685797edf0d75b5f511d6389dc16012146bb9755ed97ee9066d9d1e824,1793,3,3,-6.821724,-1.0124588,2.312954,3.1709776,3.0350027
1801,train_images/b95d4dd8e5e2.png,2351dec02e436e7050c99fb7477bcd0739852f51b5071eb154dec53f3e224fb6,1801,2,2,-6.4653416,-0.4951067,4.0381026,1.3258581,2.1960611
1806,train_images/3f82631e9080.png,0f3b86e6d81647f364b84b54fe54871ea7a0c55fdeed11405da479dd36edc59f,1806,0,0,3.6802502,0.17315006,-1.493331,-1.5713038,-0.5200777
1813,train_images/da44f80b422b.png,3a4a2bc05108d12ac4f0af89955c77f4c8ce31c5e8eeb42adac75d06dddda176,1813,2,2,-6.0547543,-0.496212,3.2203922,2.0427208,1.6724606
1820,train_images/09934421c79e.png,7c9cb44dedffa930d0725d603249a5b2169cc09d1b0af9c31dd152eaeb4da9ad,1820,0,0,5.7169952,0.35374165,-2.086409,-2.3687434,-1.4642191
1823,train_images/2eba4279e503.png,76b8fe1de1f1f093942528418830e766c2cb71e69a5ddf553b05ad561fbacf57,1823,0,0,2.5133324,0.50497913,-0.7896676,-2.1820164,0.23042393
1829,train_images/709784f7fcc2.png,029c23fce34b9216852b2835e96e51fd9da47d9185f4750d7556381f2d401337,1829,2,4,-5.2052364,0.09393883,2.1933243,1.12426,2.2356749
1834,train_images/2a2a6435f7f3.png,b198115d30e24849d19156fcc1c48947d03dcfe03593ea906178a7f04cab188c,1834,0,0,4.7637806,1.5518532,-0.82597446,-3.5954366,-1.7063179
1835,train_images/1e8c31e29dd3.png,05c92f4bc96fd65771975f8ca9202b934ca31fc81cd9e2859b9d4b7126ceef02,1835,0,0,4.136244,1.4136448,-0.30535173,-3.0923624,-1.9329014
1841,train_images/fc4d69128e7c.png,72aa70a9294f06deefc5628d048fbffa2d713357d190e28d0780ab8f41035a94,1841,2,2,-3.5334587,-0.46617508,2.1986206,1.9009027,0.424675
1846,train_images/c755a0c4edcc.png,779a5f16180ae04773af2f3b3ccb47675b191fbc348e2e002582a3ec9a253583,1846,0,0,4.142912,0.38742733,-1.326035,-1.0602417,-1.9256306
1854,train_images/58ccba7eec9c.png,b47e1ee76ce6d7d03bbc5bb35e0bb699df6dc436f7f8a7f44bdb3a9d25601c17,1854,1,1,-4.293295,2.5179653,1.9026756,-0.43240023,0.9027004
1863,train_images/188219f2d9c6.png,68abddbb566eb6a25b1a1dc6b40b25439d982daab6026263d2eaa655c96b2085,1863,0,0,4.6529484,0.3379135,-0.7711253,-2.0733924,-1.957818
1868,train_images/8bad12d70368.png,dbcc5e75430a8ade9480fddf097bbbb8980b6210cb20232bb28a4a2cbd758a4d,1868,4,4,-1.7276745,0.8417587,0.15332556,-0.09982395,1.3820114
1872,train_images/165cd2070ebd.png,8cda0c372d4912aca2e76a7bab41e3fb306663f8650cbe03ef8378dbcb769bcf,1872,4,2,-7.1080036,-1.3639917,3.4653013,3.0146208,2.5208502
1877,train_images/e9f82b5bbaf4.png,e6bb54b34576ed057a308ce8d54db045c2252086acc8efc748c3b2a4cb8fedfb,1877,2,3,-4.3822117,0.9966011,1.6460853,1.6871367,0.46003342
1879,train_images/555d0bef3c5b.png,a91bc505c18ed7ffad52d3bebcbd5ab67b01605a066d9466724f2d3097655f23,1879,0,0,4.2766094,1.1554956,-0.78429127,-2.710466,-1.6890755
1887,train_images/8e67f2d7e0ee.png,a87a5c8e678e4f334e3ce27835372ffebeaa846fe5a803b6cc59f8cd2ac5d8ea,1887,0,0,4.9571323,1.4675455,-1.2274184,-3.0771406,-1.898324
1891,train_images/fa59221cf464.png,534967cc24793275d28e02f1cf9dea9f81da2af670883b21a7c149212d1f1d6c,1891,4,4,-3.750536,-0.94767857,-1.0534444,1.6920242,4.4827814
1892,train_images/1601c939412f.png,337a06126e44eacc3296519cd83f666b6c37adc7ff9a48bd2c5ad1690a5b293e,1892,0,0,3.888546,0.88125134,-0.82458687,-2.4505944,-1.2721214
1898,train_images/61da799bf0aa.png,1e26c0af8d9edfd1e880519fdbcf16d3883d790e126028e0c267112877dfbc90,1898,0,1,1.7955971,2.5558367,0.37006378,-1.229703,-3.0356655
1906,train_images/63b71347e95d.png,e9f8894fea119a9a734b0cc3ad49bf5cfe7ff4269b60f4a1728e0f2aee3bcfc0,1906,0,0,4.009018,1.1760788,-1.1321192,-2.0826466,-1.787571
1907,train_images/e04f3c6619a3.png,2d153379f2e0af5f51c172a460678ad90f7c6ac3c9fc22c482855b4568793e99,1907,0,0,4.795191,1.515501,-0.737134,-3.6540086,-1.696003
1913,train_images/8ead17dfb6a6.png,dc83e663a4762d1f954c21438180a2563edcc8061585b2c2aa0d617ef0a5e8cd,1913,0,0,4.1546593,0.7915735,-1.5150952,-1.5141692,-1.6882677
1918,train_images/9e2ba2b979f1.png,cd8bafe23175b0f5df809400169000109e98cea55fc3a2a844e72c62ebc29b5e,1918,0,0,5.6816454,-0.027166367,-1.6967897,-1.6634011,-2.0605392
1922,train_images/a150ff5dfe07.png,41b71180563b272eabe4b46d9e518587e8f8e801a9734627306bb9418dff7d73,1922,2,3,-5.8785515,-1.1736498,1.9770339,3.36804,2.1154385
1929,train_images/d9bbdc33db83.png,b6c624260f92b7101b7bb8e7689ab13b8076c936de8baf2b76c3731a281885f7,1929,2,2,-4.9662266,-0.1304245,2.5316129,2.3431702,0.8101835
1939,train_images/2994f17f58a5.png,91691eb24c7bdf2a9a84be902b8a6b86880f6d09223554e83ab111eb49e3e725,1939,1,1,-4.459324,2.3427887,1.4220412,0.10903931,1.1984701
1942,train_images/28dc010a0780.png,fbbe3a196ec19fa9c3806cdd3fff59c456827fd0d3ade97d82e96dd323e52a43,1942,0,0,4.62117,1.5041456,-1.031146,-3.291423,-1.5548458
1949,train_images/e7a7187066ad.png,50030ec7d40919ba8ae7ecf7cc145950f1cea65f54da0ed9630dfd3b31c9a026,1949,2,2,-2.222622,1.9911966,2.058212,-1.0540504,-0.49105167
1954,train_images/01b3aed3ed4c.png,64b5e7d2dfc6c512e0b2bd6693a3d355e8a2134513bfa5cb2de2c0d4b046836b,1954,1,1,-1.722702,3.0418186,0.66845965,-1.0307293,-0.55939674
1959,train_images/9a78c6a7b1c2.png,581f45f1a41466790496ec2f30913f81bc87f243ff4ff0975f81262d97508a4e,1959,2,1,-2.572628,1.7560043,0.9200964,0.30663395,0.010038376
1968,train_images/14ee87d6cc42.png,0ece20f58424747e1e779649ddafe146a6d7cd42527e717d92cd21f07a4d30e0,1968,2,1,0.97133064,3.12181,-0.19082403,-2.1443596,-1.3691807
1970,train_images/b9d0b83d70c3.png,e8aca1b357f054a2ba32d35e34a73c6ffed8e2812b722c3a9b93bf91aab50a70,1970,0,0,4.6077366,1.1887417,-0.95739126,-2.3991432,-2.1750612
1973,train_images/64c6c6ee0d98.png,d51bdd0a5ac09a60c5a33c2abe5b6244ef23bce933c559128d6f8943cf01ce8b,1973,0,0,4.7555027,1.8192167,-0.77731514,-2.560692,-2.8046513
1974,train_images/4a0bba3b7d83.png,6d014f94e908f161aa21875d8287d2bff463775990cc4fda290ef7fad7b11a0b,1974,2,2,-6.0961857,1.039278,3.0300295,1.0205922,1.4887886
1979,train_images/6cffc6c6851a.png,4015b44830efa83962d6686cb182ef90a98a2bac5b651d7b3bcbb4b1961d39bd,1979,0,0,3.2021523,0.3675003,-0.8440237,-0.9788003,-1.4818916
1984,train_images/af6a1508cd95.png,20934d44034f6012a2755775dbecd5945511d1022d056048ce3381277a049101,1984,0,1,1.8493004,2.559948,1.0465226,-3.2316434,-1.646205
1990,train_images/3128eb593012.png,3b4efe4849bd041d34c7cbb3c201e269e9936b0253d17d645d7e4aa173411a53,1990,2,2,-1.5015087,1.2559252,1.8427093,-0.628984,-0.35856628
1994,train_images/e81f4a2fbbdc.png,b2ffb1a1754fc9c032ac8bc2e4d1b44fcd8ccf8a87ea9fcdeb1b8f5483682b22,1994,0,0,3.1140003,2.0160456,0.33382678,-3.2543778,-1.7160149
2001,train_images/c365c598ad4e.png,b9f65a9b0837db783ef9960418f5025b191300c87f762f09ca5dfe7919ae5132,2001,0,0,4.9805183,1.2549124,-1.3266258,-2.7199068,-1.9661913
2009,train_images/8a482c024fc2.png,fe9e08ec803d43b3e7e47101d67cc08d98b4ae0b846012a8b5dabbdb1596657e,2009,0,0,3.4504604,1.4831247,-0.42545938,-2.8974483,-1.3874302
2014,train_images/03fd50da928d.png,beec33224512261e01abf218a6df1b4355f6aa9238239f78db1162791425a91f,2014,2,4,-3.1762314,-0.8519392,0.33214784,1.8092384,2.212576
2018,train_images/45e4b7eada54.png,16e8576462425bf84c4487cd4e074c877109c2433d4a989e0dcaefe3fd18b371,2018,1,1,-0.23927116,4.1003637,-0.24192572,-1.9256291,-1.2224722
2026,train_images/3c311c9109b0.png,e435a26843e070be0eaf589a2b03b932e72e247709b31b364137472308fd8598,2026,2,3,-5.03796,1.6668053,0.7407055,2.2836056,0.84586906
2033,train_images/edceb0657d77.png,af61e25d5c4121ff1a78b699d0151eca50fff79961ea46bf3bd540714a210dd4,2033,0,0,5.2668858,0.6595793,-1.6791587,-1.6706862,-2.3622098
2036,train_images/c3acf47700ea.png,1fa95f744df279c0ecbb926ab92f84673e92847e4ca87e1184da1d2ba2d83856,2036,2,2,-5.1570435,-0.28360462,2.5628684,2.4569998,0.954195
2037,train_images/8dafa62f9322.png,d523ef4b9f0db020dc242336b470cf9e3a5b6437af8503ef0d5379b78670c7ab,2037,0,0,3.862688,1.42241,-0.67213583,-3.0346618,-1.3054895
2042,train_images/e7291472109b.png,158b5395c1d35c76d2fce8c4fc158c714857963f1adaf4017e91c5ffa8a56874,2042,0,0,4.2366047,1.3136654,-0.4874363,-2.8964345,-1.9505129
2050,train_images/6d9effbcde78.png,51b080a7ab6850de94af1163fe3774a4cf71e1884fe4e677b0551f3e5d85dc92,2050,0,0,4.2369537,1.8958654,-0.668962,-4.327134,-0.55458546
2054,train_images/7335a2d43ada.png,377833ccb88f1c90597a22766da4c8b549a139b2d6c31c1bf999e19c743f0900,2054,1,2,-4.28257,0.8176336,1.4575787,1.3087997,1.0591679
2058,train_images/36a1e3c780a0.png,44d7a80b4132446d47264938c664cf52a2b5fcebf42af5d86a5c87889f4eb03a,2058,2,3,-4.071739,1.3733454,1.1932151,1.9298353,-0.058900833
2068,train_images/f3a4751af42e.png,b9833f073ea7b0e036f32497d0117c4deb510f6920791a9182295a8f07b5ec9a,2068,0,0,2.8204365,1.76935,-0.114477634,-2.793838,-1.4991407
2072,train_images/3f73c91b7e32.png,83a68ad4ce8f02e60a27a16943ea5a01700d1f4d8fff2c6881178b964bf5108b,2072,1,1,-1.4798603,2.7137241,0.2775252,-1.1890345,0.104813576
2077,train_images/d3d578fe433f.png,9c5b15dfaf4fa8563664bd11aa5af7ece136e052163effd9e96349e984896002,2077,2,2,-0.8000431,0.9547577,1.447072,-1.2442379,0.0153570175
2086,train_images/e34fa07bd64d.png,cd187e712d4e44117c967daaab6b9d1627c630f3b2f97b701e17a4196d69e06a,2086,2,3,-7.249136,-0.8386488,2.369236,3.6996374,2.5515518
2089,train_images/064af6592ba6.png,f2cd200eab2a16c2f29bce2824f2a5bd544d0fe00a88f4de088807639d397efb,2089,2,2,-2.4311962,2.1964827,2.7319887,-2.269853,0.14966679
2091,train_images/9ac2e3e9fca5.png,3881011e5e114b7a2deff69022365506dabf4afbe0758fbdefd9a1ab7e9f2689,2091,0,0,3.922758,1.4780912,-0.8460951,-2.7221613,-1.5681353
2095,train_images/eabc7c716255.png,9e47b9b6d99c49c629c25369f661b33b07d4333c905360452d81b08257ac47bd,2095,0,0,3.1198483,1.5453119,-0.4314828,-2.83571,-1.0173082
2102,train_images/d264396d8d1a.png,35e12fdd862888f55f6cdfe759bc164dd371ef3bc1842f0a4695ac178287757f,2102,2,3,-6.024397,1.4461546,1.3057439,2.2602391,1.7114592
2109,train_images/3b5dffe159b6.png,bb61948f599edcc7b07b71b0c132b844a6349296a1fb64ec56ed4a540581ff3b,2109,0,0,2.7261162,1.3072863,-0.37009573,-2.3993995,-1.0441055
2114,train_images/57a710de68a4.png,b3be46189ba69a2c3adb23508a4e0164828138f06f7b4ee4e0db7261669ee895,2114,0,0,4.223978,1.4972706,-0.43696213,-2.937924,-2.1022787
2118,train_images/7f0ffeb0a333.png,376ee248d5def66348f4c31a12730afd0328bea4457836423a7e88a6e9d7bd5d,2118,0,0,5.139002,0.7893238,-0.62361336,-3.5432515,-1.2488136
2126,train_images/ed88faaa325a.png,6138c2096b73b3c6069bb3dd4d441568ddafed07c0442ca53a3e71a25c7e78a4,2126,2,2,-1.7902069,1.688385,2.2778451,-1.9398127,0.27627087
2131,train_images/8e76054f0831.png,6dc2669552a69655f24350ed7667e799a4ba288750a56cfdb6a039faf2357d85,2131,0,0,4.4522343,1.8383207,-0.8640723,-3.291142,-1.9064331
2137,train_images/8329e80c10ac.png,22fbfe29087ca4d07232038427f9cdef29417040af999fb5b7b156811274dd58,2137,0,0,4.2345715,1.7769537,-0.29588747,-3.7105527,-1.778368
2140,train_images/217dad18a5ed.png,50632503d4f27305af8eeba3c477af752d883b649fcd725274b0f7cd8161768f,2140,2,2,-5.353443,-1.5772524,2.827969,2.4564,2.1622496
2145,train_images/2376e5415458.png,b915306c6f1644cb80e11b58c039e006482cd65046e970c66792c980c7f7d29c,2145,2,2,0.12001228,1.0466852,1.1315897,-1.1083541,-0.75158215
2157,train_images/ad312ca98202.png,7c254d84e69d48defae066fa9523af7f8dfbf585775b4a930d92a941c1270b49,2157,0,0,3.671154,0.909647,-1.0047498,-2.1374872,-1.2806063
2162,train_images/6fbaaf8eb67a.png,cd06913d54ae6c1f03531172f56cb38d29b8bb369d03f6ae1fdcf1f813934273,2162,0,0,3.1837692,1.6751585,-1.0627427,-2.3766778,-1.1203365
2167,train_images/56e56aa08362.png,9b8634234bea65394926f3cef814b700064ed8e41745af4f516633b973fd0318,2167,2,2,-4.0704994,0.822875,3.222553,0.02221775,0.40525723
2171,train_images/31cb39681f6a.png,6720ed23eb04f4efb7449d6f3e08a52edffb04bfe7493aa3696a291334110469,2171,1,1,-0.30403328,2.8656292,1.1589017,-2.2758057,-1.0612249
2178,train_images/e12b67835e03.png,c0bb0805bdd6e18808d782623cb729f23f30422a5d94ed647d1177cff0f0bdbb,2178,2,2,0.18238449,-1.0533133,0.77393603,-0.3299818,0.6590338
2181,train_images/6e92b1c5ac8e.png,07086880d7671ed61012937727224700294593d3a449a03569a63016289afd49,1247,3,2,-4.493471,-0.21322346,2.2668195,1.9178791,0.9564705
2183,train_images/349f3c0ac83e.png,e862c1500d0ac66b6fe3423e817b978984b90dedf471855c0f7b667e6fd5710c,2183,2,2,-2.9232311,0.047074318,3.3488576,0.7076955,-0.617156
2186,train_images/c96f743915b5.png,a369500c4bd1379fcbe5b577b3764191823e71e0e3f887ef7511e40ae1831108,2186,1,1,-3.957859,3.0784016,1.4259908,-0.62748957,0.85817623
2192,train_images/e7578d8dba72.png,ee6f1dbf212664e5a444283aee22a0c05cf2aa7d59f731fe54869ce2a58c965b,2192,0,0,5.507451,0.820137,-1.5192761,-2.1236281,-2.454862
2194,train_images/6e44f6d04fc9.png,52197583d1aa419f22f2d87e8aaf8802b325e4092571e7a64fc3cd345c6ca53a,2194,0,0,4.321583,1.2510729,-0.88651896,-2.766944,-1.7253132
2199,train_images/9568eb7e9c08.png,d99a21d2b4a565d8f293da1f70223e1f378879d61b591c16e60d9e8914bbb445,2199,2,2,-1.7183571,0.4120388,2.1235185,-0.1429677,-0.2636013
2205,train_images/a49b0b4484ea.png,40b7f629b5fa47aea8d713515d7d0ad3fec9a856e22e45a12c0a18bd2750ac6a,2205,2,2,0.15773201,0.56494236,0.6330986,-0.62776375,-0.19347763
2208,train_images/a9e3d186cd1b.png,3128b80a5a7b323fdf2548da2fa2854c74069e725ec142fdf8e222ce8a5d5068,2208,0,0,3.9273834,0.82244205,-1.1870022,-1.2493687,-2.1245546
2220,train_images/9ed6c2b25767.png,5ef93ba1b77f0e1f18f09ce94de703b4cc3ada644297de44574f6fac09a76afc,2220,0,0,3.3596,2.4526014,-0.9241295,-2.9524522,-1.5712404
2224,train_images/191348830ddf.png,1a0556058123c6e33d9af05d5a893347df64e0fb2fab6487d7c8ff8d23c68021,2224,2,1,-1.3374519,1.2137651,0.6995528,0.29487324,-0.47623158
2225,train_images/da949aa67a4f.png,2ce4a5765f8d9c6573913b6324e90e0733f43b80bf0bc377e8ca017123e799cd,2225,0,0,1.9394684,1.0807571,-0.31485224,-0.71644115,-1.7522116
2226,train_images/aafb0c944f14.png,2418d26dbc95b17ee87f5bfc0a02c240e80e6555dccae0157aa8bf106cf2140a,2226,0,0,5.023548,1.7490911,-0.5670595,-4.165011,-1.8153229
2238,train_images/ecad6845f630.png,a742c29da9862837f98689b0766411a79626cdbe656b0877a6f595a213264bee,2238,0,0,5.8406687,0.2387619,-1.2647481,-3.3502479,-1.0238466
2242,train_images/054b1b305160.png,e3f0e36ffc4ce1aa8fe51c6f5da11fdaa0168026a3d0727e518ba83be674485d,2242,0,0,2.2745667,1.7881174,-0.40444183,-2.7933578,-0.58857155
2246,train_images/72606afaf3da.png,e4c8fcb73dfefe34d7682b6e7b64d8088b34602f34f80daccd0bdd813d5bc7ff,2246,0,0,5.0257816,0.54153156,-1.9660063,-1.536766,-1.8999186
2250,train_images/75238d945315.png,c2b1e3fd648ab57e5acf77eb6104efda35d8f0ee70fb4141087c8cf12c608111,2250,0,0,3.9643688,1.3608141,-0.55245686,-2.5745096,-1.9322081
2260,train_images/5347b4c8e9b3.png,ba02f4b5afbb7cb5b32dc8ce570ae28639911db27f93057a106a86e35f71102a,2260,1,1,-3.3411884,3.0658417,1.3872983,-0.14448452,-0.50837517
2262,train_images/4e43d05cc2ef.png,34d09fceb9ef8f2320f60f074bdde7ee040c7e937d9de27067aef454b1d1d729,2262,2,2,-6.6813774,2.1190376,3.029584,1.0921645,0.9223051
2270,train_images/e69b48516577.png,644bf3410b1c427c396262bc9b644cbf35ae3cb8804325b896d8c429d9ca974c,2270,0,0,4.237234,1.7111979,0.18454361,-3.0403385,-2.6144633
2271,train_images/ca2b54b95ade.png,4cf449f9e9f7a238d0ec814efacd2a855b203241da1278b18d2b9adec93c7c22,2271,0,0,3.304119,0.14810276,0.31558466,-3.5760646,0.09297371
2274,train_images/2974c6ad1d58.png,e57746139045bda6beecdb616d55a8d7e4615b3947f0ba839195124ed495905f,2274,0,0,3.966528,1.4828463,-0.58423185,-2.9406106,-1.7512045
2279,train_images/d99dd99be001.png,44a7812f439c235140a17bc573ba8efd622ab9e5aced5333f9935cfeadb40205,2279,0,0,3.4528027,1.0899858,-0.13759995,-2.5474062,-1.6424608
2287,train_images/e0b5a982a018.png,0c127fbe684ece2517b408898e9c83b797fa7cfbcc8f741e64d5709d798552d6,2287,3,4,-4.248682,-0.42078018,1.3105354,0.09914589,3.8987093
2293,train_images/5c6194562ed2.png,2067af50829ed9c3adf9ea020318dc7fd250f705e97d70f73eeb2b3e48ee91a1,2293,2,1,-0.8484535,2.2278976,1.3603406,-1.9643965,-0.43012524
2299,train_images/66393d8c60ba.png,99c229b323181ce20ad6fd890ed7ad791b25ebfc107bb2bb26dba8035ba954bd,2299,0,0,3.955328,1.2592239,-0.40534925,-3.0760436,-1.5445786
2301,train_images/e740af6ac6ea.png,b0d4d28b889d397baf01efe5d67e5ba4029ab302a719e62b525c4964fb940e7b,1693,4,4,-5.8273354,-1.1019258,2.2756312,1.5510931,3.532649
2308,train_images/0161338f53cc.png,e00a95f1bd202fe395d509b23c635c75e87f0d66f5b7610149c92ba3e030ccb3,2308,2,2,-3.8551998,0.43617153,2.2587218,0.40588903,1.0953074
2313,train_images/253e96488cfb.png,8893dc9a7d66cba45d9fb4c7e24edb0b77a97a08a236b600a46962a7b9be6094,2313,0,1,1.8460712,4.4244967,0.064962864,-3.640834,-2.178831
2317,train_images/b0f8613305a3.png,6112c78e9666203e3459d5d5c17c2d7e7958b016a48443e3344e2f5720faeaa4,2317,0,1,0.438879,3.1066294,0.5371845,-2.3839493,-1.2096329
2323,train_images/38f1901f214a.png,c398c80291d7bd9c1d47f92e601e4dc36659770906399a5e69970598cd2c9ce1,2323,0,0,5.4937277,0.7395277,-0.39640045,-2.91893,-2.4766827
2326,train_images/b4f41b5bf0ef.png,0459cb5ddf97700352f878428a2db72b8688464997dfbcc50a3c32b717a568c8,2326,1,1,-1.8633156,2.8903894,1.2351456,-1.0341368,-0.75906277
2328,train_images/7da558d92100.png,3e91d1396387fc6daadb26fba6fe1ec3eae55493b9572f61e313f085a737279f,2328,0,0,4.509451,0.9439821,-1.2187343,-2.0822623,-1.9386053
2329,train_images/84b472c49cfa.png,6632239cb855a2dfdcc71ded22392cc4616ad8bb4aa67d04ddf9780e20370698,2329,0,0,4.059469,2.2157373,-0.7490988,-3.2275605,-1.9905128
2340,train_images/913490237ad4.png,18d2c77ca700ee2e1ba1b5dfe0cb9585b11aea3cf830407c2ba986e9305ab59a,2340,3,3,-3.223444,-0.94846535,1.6574678,1.9259973,1.0518942
2348,train_images/3b10191dfd25.png,529f064fe0a3d63afa871276082feced4734775a8c0414a0eed92d7966f02e82,2348,0,1,2.4508343,2.7648144,-0.27362823,-2.7101903,-1.8456879
2353,train_images/5cf9127f251a.png,879a7cabae45ec1b4827e77ca6edc92e75f0228d3498ad3255118fa1c6e14698,2353,2,2,-2.9234772,1.4751072,2.6452475,0.30486107,-1.1511955
2358,train_images/6e68e742f5bc.png,c48386ee75dcbf73d6ed60039a56bb8af3a584f0c20faf3f493f22a3720bb5a4,2358,2,2,-2.2740574,1.7924681,1.8789301,-0.76533175,-0.19250965
2359,train_images/45ae04cfde5d.png,969a528cef37327709b36177cea99ce4c31f67a1a3177c8530711502ca3e08dc,2359,2,2,-1.094862,0.80348206,1.9824452,-1.353653,0.17725563
2365,train_images/8af50c9d0a86.png,73b8b517bd77d18f8a40f232d79908875cd93b065e3fe74aab951f9d32a5a4d9,2365,0,0,4.3559704,1.4461699,-0.42370462,-3.0928319,-1.812954
2371,train_images/94dcb491143f.png,bc776e85c45745ef9814c1e07406213517e7542be7f4e7c68b5b2d8abefc6b6d,2371,2,2,-4.006201,0.7157335,2.783494,0.8030753,0.067017555
2372,train_images/2d07162a13b1.png,6f0da9461a06535d2cc39bb7769afe191889c61aae65a632231c0b0c061ab931,2372,0,1,-0.61479187,2.1954126,1.008893,-1.0228605,-1.0660172
2377,train_images/1ca62b3e4fd3.png,2af19cf605b4d542f9c4331a9905480a7ef33a63d6eb671686b944061db08a73,2377,0,0,5.350334,2.249426,-1.1355052,-3.5058472,-2.5056214
2385,train_images/a0cd7bffdaa0.png,d0623490035ab4d4c6502ce809348315b060bd5d463dcbb8827ecbbff065e008,2385,4,4,-0.27080536,-3.1552181,0.30915928,0.19881153,3.191391
2389,train_images/addf66a50f42.png,41e2f1f869ee32f3df2e340d6fe32b27943e3266ee9c4f6a90bc9d6aff3c23f8,2389,0,0,3.7166462,1.8090878,-0.16385221,-3.1719468,-1.9763012
2390,train_images/180afe1d5ef7.png,512afa4631220ed77cdd509b956df4a22c20d4e35926730c056ca6d2ef96953d,2390,2,1,-3.0665112,2.4082508,1.1125467,-0.48426247,0.6284256
2398,train_images/6630f8675a97.png,c13c5f799ad94b985a21c31e147e3ad0e80602df2ec5c0cd3ea2e8a459505571,2398,4,3,-5.9515038,0.11384201,-0.021946907,4.020303,2.4333105
2406,train_images/8fbb2ca39911.png,f3ca5002fed1be83ab6ac161fbc36ccaa8acb0682e44ed84714497996c1d456e,2406,0,0,3.435398,1.3894253,-1.3822136,-1.9713929,-1.2538366
2411,train_images/cd5714db652d.png,a2f68e56ae05b2117296a5cc58f9bf612340a565071afc1733597c64c579764c,2411,1,1,-2.706936,3.6379375,1.5646708,-1.4539542,-0.5926647
2415,train_images/c57c164bca05.png,0d43c58bb2e6e42ca01ff361441f27685d48a6f4ecada823bc2cf5abe0b015f0,2415,0,0,4.123535,3.2308817,-0.9630265,-3.4617648,-2.5152683
2421,train_images/b98f77098b9d.png,f3603cc91a0407429e13c200a8b053e53e73d353988db47e2a7761df1de0b183,2421,2,2,-3.5156517,1.9511147,2.454317,0.02508831,-0.4328575
2426,train_images/c6a145742708.png,b09a7072d43734b129210c6dd1ea19255665006295c3bbdbc89e2d88c0194648,2426,4,2,-5.2039757,0.17044067,2.4483788,0.9131274,2.0910454
2435,train_images/75a4343b12f9.png,3490925840da2b4ec986707abf52edf334071703d71da81dcdeda81c6f2acf0b,2435,0,1,-0.5051441,3.1789227,-0.035536766,-1.9668641,-0.22108841
2440,train_images/165c548185f8.png,926831dcb8d8ed74b2bac7927616dbcee781514e6b53aa1b39f4f39bef133bb5,2440,0,0,3.7084904,1.2223129,-0.801157,-2.4625988,-1.4527702
2445,train_images/812d5adafaf2.png,6f71d76463022abe1a9db4db25a4309fb983af293573dcbd62bf8b8062e50c0d,2445,2,1,-4.712595,3.1090212,1.4785879,-0.27143574,0.8564272
2450,train_images/58059e73d2d4.png,d20236c14731362d5d478994affd90031b143f6a21b7c28cb320aba887813a61,2450,0,0,5.3990774,1.1008205,-1.8795905,-2.2121816,-2.2097416
2455,train_images/1269ab57c2e6.png,d8eadea5cbe58c643ba71d787f020969df3059c27dcb81af9f7a04dc5cf848d0,2455,2,1,-2.6268654,3.2849016,1.7840426,-2.009934,0.033617973
2460,train_images/6fe67482bfae.png,5b5171f706b04b025336ee41dab0c26eded642cab4ac7b4ceec25e68a159aa65,2460,4,4,-7.552555,-1.7362318,2.7100034,3.301732,3.752818
2466,train_images/cac40227d3b2.png,e00a95f1bd202fe395d509b23c635c75e87f0d66f5b7610149c92ba3e030ccb3,2308,2,2,-3.8551998,0.43617153,2.2587218,0.40588903,1.0953074
2469,train_images/53327edb9e4d.png,d5cc8d1fb09ea7f7b9321548f41d5ec626f70b70981b05418a76e94d7ecd7811,2469,0,0,2.0359173,1.2050753,-0.31247187,-1.5921912,-1.1413031
2475,train_images/ec363f48867b.png,bc4890b086bf1db9c2730f422f4c2fa91f442882c71acd44eeadbf38accd4ec5,2475,0,0,3.6996841,2.872941,0.53804636,-3.6130939,-3.0451355
2480,train_images/0db1d8dcf219.png,0f43fcb8e4865532c692755d19e75ce649cfec1594ddbda009c9ede4720dae43,2480,0,0,2.5364475,0.24132729,-1.0580196,-0.2755041,-1.2502956
2484,train_images/535682537302.png,4681f5b794d3e945a408c494d02d26997c5ee7b6d102bd2105520f3e643ec269,2484,0,0,4.7437305,0.8536463,-0.83369493,-3.3619437,-1.1472301
2490,train_images/b10fca20c885.png,309aa3e28f15312f14568bc71d1dbcbe29d504df216f6f4e9d5573e516bb8cab,2490,0,0,3.9432697,1.2828465,-0.88659525,-2.873654,-1.2016325
2495,train_images/639915f58a2f.png,608235abe7f234588d3307445fe51e22e79da7e8f984238f2f800f5a65d1825f,2495,0,0,4.7136097,2.2108803,-0.72856283,-3.8432431,-2.132474
2501,train_images/2585bbc91909.png,0b79f5a7acb94aac6f4aac4590fdc74673eb4c072484f7ae0b4240f5fd886370,2501,0,0,4.8033524,1.2255621,-2.1916351,-2.1281083,-1.5025883
2507,train_images/d160ebef4117.png,d13eabab946318c3bb0ead182c2eed4b1bb8050dc638d6585d3e2b121c71e72f,2507,0,0,3.044798,0.24965858,-0.63918304,-1.2189074,-1.0778265
2511,train_images/084c02cf077f.png,3414f628ffc3365ceef86c89571c551aab9707fdc57038dbecc2f1dac32f4ede,2511,0,0,4.496187,0.6384649,-1.669704,-1.7801721,-1.4828758
2518,train_images/3694e8c8e09a.png,40f085cae190a9d6771f1050a82f40e6e0961e423c1096f8c7ed76d4eb9c8a16,2518,0,0,3.7963676,2.1652517,-0.8402648,-2.726461,-1.9294338
2519,train_images/c261b1aaa828.png,66de3f0c097c9795e4a2e32471075889298c569e1648fd3724c647ce3060f7c5,2519,2,1,-3.803627,3.221898,1.2407193,-0.6407466,0.53559303
2528,train_images/03e25101e8e8.png,3dcfae019f3fabe5ea1a47129255b62456d364a16c2c1ae66012b8a3ec3748af,2528,1,1,-2.3988247,1.944396,0.25967598,0.45390463,0.02250576
2530,train_images/78937523f7a8.png,66c3f988307dd066d583872f7cc792a5ea95062e9a7121f927b4e444788b849e,2530,0,0,4.6038456,1.1851177,-1.7870173,-1.459199,-2.3385806
2535,train_images/dc0eea0b68a7.png,47c95f08b23cf534d0ac062a5bcbf11dbc2c8c304a606dbf1431129ee124ad3a,2535,0,0,4.2637405,1.5977278,-0.6452613,-2.6525645,-2.0000877
2545,train_images/5dd2e26fc244.png,c6cea3805d55210517aa6bf8ce190c07398be9428c7203d3774b84706457d24a,2545,4,4,1.3959084,-3.9205065,-2.0961843,-0.082214355,4.8904486
2549,train_images/3748349334f6.png,18070f6b8a08cc20af00cd1f9e14fd82f45683a16c3c4934095c7473a57e3105,2549,2,2,-5.503563,-0.028092384,3.187459,1.2695203,1.4624348
2555,train_images/65dda202653d.png,253728345a76463870ed77867ddf5625a9eda0b07ba517459032a34816a0b789,2555,0,0,1.9734402,1.3314266,1.501575,-0.82515,-3.4735045
2560,train_images/1d11794057ff.png,875b9cc2c34842670cf0fba00fe619af47cb2d04019e4a78249914e47594b6c6,2560,1,1,0.79906845,1.4738874,0.060415268,-1.7031765,-0.2977295
2566,train_images/05b1bb2bdb81.png,acbe6fde938d31abc6fbdafe6138568cb6214d60f6085dd358d171c83dd57bf9,2566,0,0,4.808737,1.5669222,-0.50014925,-2.7162035,-2.7428555
2572,train_images/0cae727cf119.png,0e293997f5daa55c8392ef37a1706f74b79aec0699fd27f0bc249f4410f47a65,2572,0,0,5.242302,0.018586159,-1.6355801,-1.6595054,-1.8072453
2576,train_images/0daddc45d832.png,557eb848388c1c09cff6e46add082fbededd4b08f2c7041b5a24fde79bd6c24d,2576,0,0,3.9093094,1.7287531,-0.7033,-2.9928231,-1.7099934
2581,train_images/12ab2f6397f0.png,794e24cb1663d87c7ff1ff9f2d09071554b26870a49eff18baa2d8ed44934078,2581,0,0,3.6838207,0.91341114,-0.79717636,-1.9893947,-1.633625
2590,train_images/186c1835eec5.png,6a89b1b6bf7846e331c42106e418383787b59742192a5a4ea3b9efb927b772db,2590,0,0,4.351042,1.3795156,-1.0759535,-2.8005896,-1.5768843
2595,train_images/1e742358e0b9.png,540aaab17ab449e6a4d8945b3a87f2025132b9393da577ebbf741b39093d8684,2595,0,0,3.5861588,2.1851225,-0.42925358,-3.6240942,-1.2600117
2596,train_images/1ec95179cdfe.png,6756f56eb7e283ac8f88c78f1beb36223f7a232fac4c5cd6b8208aba984c252b,2596,0,0,4.108574,1.8261471,-1.0657396,-2.6955223,-1.7969265
2598,train_images/1f9ccda4ddf2.png,81197b02854ad5114cd8fcc05ced00d09d9ec3a2c24e2c1653f3ec6beab321ed,2598,0,0,4.3977737,0.6450834,-1.250164,-1.3603706,-2.2041569
2599,train_images/20f86e068276.png,1c9d3821510aec59a3aee72f7cfa1216b3ae3bf94add4d5a2351e1a4f37b5f0b,2599,0,0,5.151184,0.38741875,-0.8015237,-2.9262085,-1.3577871
2606,train_images/2923971566fe.png,1c48ed154b6b7d7018810809fc62c9504f67b3791521f5dce5c083cc6b2f58bd,897,0,1,0.19541931,3.9176817,0.08733988,-2.6605496,-0.967474
2607,train_images/2927665214e1.png,0f946963dc8720e8094b569ae3756c3931deb712b35199d9c2712a2c4453cb0a,2607,0,0,3.7228088,1.8697615,-1.0361447,-2.8253074,-1.526535
2611,train_images/2c9dfc270f1b.png,f4e5e0f3c16614b9d7d5c5772b39921838c5ea2e52d9e9b1e3bd2313c2430192,2611,0,0,3.995926,1.2437677,-0.2735858,-3.0677447,-1.610012
2617,train_images/33d72035c27a.png,cbdd5fd488c8974786221459762fd9da1e04c3891771a78f9f5013d2d3cfdd4a,2617,0,0,5.20718,0.86172295,-1.8504157,-2.7012389,-1.2375126
2625,train_images/3c42512c81e0.png,459d882e7c8e82bfced3a8e51e9e6b89b7bc8ead9a6e0691e84a86b5c1ae0abf,2625,0,0,3.441349,1.2550459,0.022714615,-3.427428,-1.0300112
2632,train_images/435414ccccf7.png,4141053f5b74702654d77dd950a1b40419ef08f0351ff72491a28d150b33a6f8,2632,0,0,4.690048,1.1229486,-1.4146729,-1.5564728,-2.6363335
2635,train_images/4403538fb50f.png,cc3cbe43330123a17e5e6af5b4fd3d78fcf9c3798a6c96c76f8d6a8b01d247c1,2635,0,0,3.7720814,1.9703913,-0.046060562,-3.4543881,-1.9665375
2637,train_images/461fa5292fda.png,09b2882ce5ce0bbd8642aa1cd6916499196fb963062cec9ab8aab457c4abf5c4,2637,0,0,5.065361,0.7888336,-1.1310396,-2.9457598,-1.5999832
2648,train_images/4dd14c380696.png,1ac14dc20b81e7beb83139712c7a49df1f64d02fdeda3e850dc88d4e5b99f1d5,2648,0,0,4.092432,0.95235634,-1.629437,-1.6594591,-1.57761
2653,train_images/51af8a689511.png,70153b2a2dd39d932040b7553e4d7b7b73673c32590ed4de8f803391a9c3c66c,2653,0,0,3.270214,1.4455204,-0.6326475,-2.38092,-1.4559612
2656,train_images/54bdcdecd8f3.png,18e0b2d88a107b2e1433d1e25208ece7ceabbbfce610b04091be6b29cf111aff,2656,0,0,4.6030407,0.38458157,-1.8460321,-1.6820421,-1.2005148
2663,train_images/5baed382f062.png,2fff17dc3732ffe0a0994026a825d1288217f1cf41a9173212ce758b3f7c9968,2663,0,0,2.1435738,0.62653923,-0.5250006,-1.1953359,-0.793499
2665,train_images/5d4e5fd34d91.png,8181429bb29a2a119ee12e3ebe044fe9583670406220797e392835da5e7b4869,2665,0,0,4.5183125,0.99304676,-1.2909522,-1.9970984,-1.9712658
2672,train_images/66366a90d1ef.png,e001182acb9472f76d83fdf8ddb45f08deca7f2fc18ae7aac6bbe359eb450808,2672,0,1,0.8077469,2.1540365,0.6855042,-2.4406576,-0.7215662
2677,train_images/6b664ed2a938.png,b9607aebe4cc3b3c55a7388db466564bd10493353709ec810da9e0e2d5788d4c,2677,0,0,3.639595,-0.28087902,-1.5040479,-0.67157745,-0.94499683
2684,train_images/6fe4751a3b42.png,8626188b81f811e6983d743c89723f92cef8b746676f9ec8125c28f903c7efb8,2684,0,0,3.7245522,1.6826601,-0.4552164,-3.3642778,-1.374712
2688,train_images/77e15f213b04.png,259eb33ed9b0a1924561c77561f486385ac2ea012a30bb58c25d8023db46d68d,2688,0,0,4.9614124,0.8708935,-1.4820752,-2.0397773,-2.0323486
2689,train_images/7a46cfa69bae.png,7ee00d48171788ea375deddf1b706f158373c0ab9f6caf061675fb1e3966a0c8,2689,0,0,4.556116,0.9817953,-1.4377956,-2.8619146,-1.0130415
2697,train_images/7e9081e95bf6.png,65fe78a1cf492becbbba72837ea0af37656044aedc59a39d07b5caf70a213fc2,2697,0,0,3.7842827,1.0759048,-0.45128965,-3.0347672,-1.1182461
2704,train_images/8448af27ba07.png,7e53344a60b33212dae1da424fe4df2ebecd4f211b89842fe7cbd64ef9073c1b,2704,0,0,3.5549965,1.1934052,-0.7611003,-2.7045732,-1.0794287
2711,train_images/8b079e79035f.png,e3c0cbd569879123d9fc729d9bcadff8438b1ebbe8deaf7222426bafed69caed,2711,0,0,3.0364017,1.4091463,-0.16224194,-2.6400194,-1.3091955
2716,train_images/9039cbfcbb2f.png,b8f714fbb6641449c62f884e3ad551dd35e299b2416bb3f3542210672675cc0f,2716,0,0,1.5329742,1.084878,-0.775712,-1.7520833,0.38497734
2720,train_images/974c7d7b9c64.png,802ff7245a25798a4ae7bf929e0ea23c595ca64b3db80c9ef5ba7f27166636d4,2720,0,0,3.6292953,1.3682938,-0.400846,-3.2913477,-1.0566273
2726,train_images/9c514d2d5b3f.png,7e78bc19fc9a169d34a34d4c5c323a27bde8887534cb63be6d5043af8033868d,2726,0,0,4.3836155,2.1771107,-0.5734501,-4.0348268,-1.7194614
2732,train_images/a2811f512c1c.png,c09322233092232430ad300f6e871a46d5ad5f127d2f185b302e315b20c67c2e,2732,0,0,3.6581974,0.6942625,-0.8057647,-1.9070828,-1.4855547
2735,train_images/a4ee03ecff60.png,012fcab62bd623d6bb0169fa48d5e44c0892b468946fcc9ecdc27218872ca28f,2735,0,0,3.6099014,0.29565048,-0.021033287,-3.5111232,-0.084718704
2743,train_images/a987aa7aac37.png,f6354bef853f57f25ba50f58c538a34e74a036cc413c7ca78ab0f59b1fb583ab,2743,0,0,3.8326988,1.2104521,-0.7294979,-2.6566675,-1.4576406
2744,train_images/aa94cc4bfd84.png,fa564acf51158673a9c1afde38f31eac41bf8321e663d0036d873ce9f1613c5b,2744,0,0,3.2179985,1.2516003,-0.26145077,-2.633607,-1.3351669
2748,train_images/ab7991df166b.png,bd4ac5940602c91328685b93784846af92eb91270ee827d3df230e0c9948c9cf,2748,0,0,1.4397717,1.1238394,-0.42149782,-1.1345229,-0.6135769
2754,train_images/b294927b14b0.png,03d7950a7111bb0f7bf924c8687b388918364795bb6dae2149e8e1f9ca658125,2754,0,0,4.958044,0.9639635,-1.045824,-3.1946952,-1.5084324
2762,train_images/bc92a61a1f9c.png,9c2b6456bf79d163a859c2d85b393b387cb635ee875194ce93a6d3c8f94770d8,2762,0,0,3.5489483,1.436408,-0.3937211,-2.8086913,-1.5501957
2765,train_images/beb00fa6e7c9.png,08182d84db4f97ffe0689f2d388db7067426d2a4da530264f0757a6677e819bb,2765,0,0,2.130125,1.8911867,-0.1860094,-2.0172706,-1.3723116
2773,train_images/c3b15bf9b4bc.png,42d1a892a02970423da1b70f78abb3a58f2610bcb2cac6efdf6cc5d6104e3470,2773,0,0,6.0327673,0.18385696,-1.7501259,-2.2345638,-2.0268812
2778,train_images/c7c3d363bc86.png,b1a64598ec55d9e0e16280e6c265499b7c3b619b2c5beced2eca34d4ccd7012c,2778,0,0,3.9903927,1.9360504,-0.7547159,-3.3722367,-1.2867022
2783,train_images/cd563556cb57.png,d2e9bf7c5e2701313e30a6ff8387c4162e0c07f2a575a0d7cf481d88d0c9d73d,2783,0,0,3.8677254,1.5780067,-0.89548063,-2.0988636,-2.1533442
2789,train_images/d667af5742f6.png,d67d8c0197ba6ea97d085bf0d3c223398d100fb5c4995ea3a03228d4e28f75c4,2789,0,0,3.287506,0.88612175,-0.10934687,-2.8795247,-0.9506531
2793,train_images/d871895742b1.png,5c1800cbc263555bfc031c7b3866ee68466f692969aaef97027ab7df236817ff,2793,0,0,5.7041187,0.29044628,-0.051012993,-2.946547,-2.5197854
2798,train_images/de18071c36e6.png,2efff097b267474f93861113d71fd78bc206800ee548024db1d8fee22ce75f5c,2798,0,0,4.4531193,0.9672146,-0.698504,-1.7910411,-2.674583
2805,train_images/e3cd96cb094c.png,8e15b3060a584628275e9faf0b8a8365a36ce7d2b938f3d2bc022e2a6747f8ee,2805,0,0,4.262722,-0.60978127,-1.4714956,-0.4926777,-1.5137529
2809,train_images/e893e86dde94.png,b38ea174f9dd04ef911461a0b6bc622cc1a2248eb10ff327226366da7129172b,2809,0,0,2.1600342,0.699564,-0.59248495,-1.7359078,-0.24157715
2815,train_images/eda29a9d78f3.png,233e08243fb20c5ecfef51915acf958772e1a1857b7050355384fec451fcce6f,2815,0,0,3.8582954,1.8341331,-0.52922535,-3.089926,-1.8588257
2820,train_images/f56ff0440ed1.png,ccf0ff1ed73d0dcbbd5f194a248f2909b5786f083a304ab9c60300a311bb0a3c,2820,0,0,2.7538662,1.8792181,0.3363092,-1.9730966,-2.5004416
2825,train_images/f8d62557ad0c.png,441d159cbbc931743d3c874e96bf923816808920343dcd33e12dfe7755f885d5,2825,0,0,2.8694077,1.115427,0.09971237,-2.5439396,-1.184659
2832,train_images/0124dffecf29.png,9a26f92bda73ea24a6e64f7389cf956b6ee086b09e6d099739394a00c065e871,2832,1,1,1.2549953,2.172286,1.0232854,-3.0739648,-1.0066967
2835,train_images/09935d72892b.png,4f42a51b204d3d7f9ce0045b3bb061fa514d2cf6b6ea2fb458d8621ee369a273,2835,1,1,1.249939,1.5930529,1.4319623,-1.1033516,-2.6247964
2837,train_images/1116271db4ea.png,37a1694d57246c5e9cf938c900ea47587450ddad89c0e68f604fc563f34602e6,2837,1,1,-2.772049,2.9042988,0.99002314,-0.6627021,0.034100533
2841,train_images/1df3e03a8f5f.png,f3e446433c3ef52203bcc5d94d8d64ccc69199580d11cac4dc2d4f2da78ebca2,2841,1,1,-1.8248177,4.3604,1.2766871,-2.8068566,-0.5509443
2848,train_images/33b893e18eb3.png,0e53811bcdb3f36a6e2268dd049d6b381b54a041122ab64c91f7f5c1177f14cf,2848,1,1,-2.9570389,3.5410986,1.5329261,-0.6535225,-0.987895
2855,train_images/5548a7961a3e.png,7b6599c29840ea78de6805809121c30ae147254a35346722613a0f3a5b00c0f5,2855,1,1,0.69239616,1.8695908,0.77943707,-1.3466,-1.6479053
2857,train_images/5b068765e846.png,89fe53f94c80ca0deefa016301e9f0053a49f536b87dca80b1e3fde712c6f97c,2857,1,1,0.43514442,3.2363138,0.10294294,-1.3281083,-1.9814062
2859,train_images/6165081b9021.png,4d811f303a66afd2315e0860722112a13ae69203166d09e45ab2545b32a8bfa3,148,1,1,0.66719055,3.6349583,-0.733737,-2.2673616,-0.9030857
2866,train_images/8273fdb4405e.png,82049e057dc9b75004f929fad707f343af97c14e1866008b4e4a7c81120ce090,2866,1,1,-2.1503525,4.095661,1.269933,-1.8554666,-0.7994547
2873,train_images/b17f0b81dab3.png,45a6f156c46aefc53869e35c077244996518d4a310874c39f7c2e373163ed46c,2873,1,1,-2.1581078,3.8682451,1.6477976,-1.9848647,-0.8892832
2876,train_images/ca63fe4f4b52.png,7b8f0a33df981332db20fb5520b1ee2ce177f4a937c7706d76261106d9f1a1dc,2876,1,1,-1.7399654,3.7318068,0.43836355,-1.7735953,-0.093779564
2880,train_images/d5b4705ac2ee.png,a5d426824f776911b457e6eeef02988a25da8da69145745db93792a8316c17fa,2880,1,0,4.0716,1.9275131,-0.7738805,-2.964848,-2.044219
2886,train_images/f55e1d2a19e4.png,68ea5410c5e1db6ef00a686542339af36044c177c86c4f06e696ab45f3b413be,2886,1,2,-5.7551556,2.473669,2.8753057,0.65355253,0.29384422
2891,train_images/094858f005ab.png,349eb9799526ad094c321854aaf6ad7bafa2d84befefcdd26d288e60c554c633,2891,2,1,-2.8069916,3.4063444,0.9505937,-0.8206663,-0.18157673
2893,train_images/0afdfe5f422c.png,1541d1688d43f54f687e60abdf057de72fb3cd92eaa950c6b22ca2dddf7b3b27,2893,2,2,-3.9428024,1.1854229,2.822094,-0.035490513,0.33033085
2898,train_images/1c578b72d7b3.png,4b12ad344f3037785a20eb68a7a906bb17529d08812be49c79c5bf004fcb22bb,2898,2,2,-3.1528988,1.2099762,1.8221908,0.1201396,0.36005974
2909,train_images/2735be026d44.png,4041937bc9e90c20123051da99f3317d1f8b70124515f6ca901cfed5d71e29d4,2909,2,2,-4.6335716,0.17468452,2.367268,1.3558483,1.2148151
2911,train_images/29580bed2f7d.png,3838668f9f0f6c0786d24e5910aa9c6e732207c97aa0176816061266016911ec,2911,2,1,-5.3721714,2.432024,1.8606958,0.47555637,0.9875183
2914,train_images/2f9b66784109.png,66f6ab81877a8cc3c94f8d9a455a78396eee14102d270774cea0885a869ff61f,2914,2,2,-4.4571896,-0.11090946,3.4791079,0.5511551,1.1373463
2922,train_images/460893cd86e3.png,426af1fbf8cfa58a0cd3788a57eafb77f68f8498e3fc1a0204fd957956583e02,2922,2,2,-1.5385246,0.80145264,1.2004025,-0.24229765,-0.029047012
2926,train_images/510aa0a898fa.png,9cbd59698d97d445c27195889990adaab0b54a38dc415f3ebc415d3f50055f3c,2926,2,2,-1.7942181,0.83533,3.2665277,-1.6799588,-0.15500069
2932,train_images/57469423a012.png,404605ec0333a34fc25e007e9b26ba332ca87f49f225a7f3a4cd80850b736885,2932,2,1,-3.8225937,1.4562492,1.220581,0.8984437,0.82050323
2937,train_images/5b644a403e1f.png,e62aa1c58ffb49381e3c44ef76d58146c8acb391254f0d83f746500d3e8f4a40,2937,2,2,-4.359186,0.11290264,2.0529778,1.7516842,0.95737076
2942,train_images/62ecdc90dd42.png,9e75bb38c9a0450ca536cc95357030d750bc969ae3ab0789dbf076b5e8dc2297,2942,2,2,-2.513527,-0.123921394,1.6860628,0.16473722,1.0195236
2947,train_images/7247a2c97f71.png,a496ba352f43f543b050f63521e927457bca5756d973e2b31f15ec513a17da5c,2947,2,2,-4.599283,2.0185184,3.2738032,-0.56251717,0.28695965
2948,train_images/7455e2b5fc57.png,78da0c300462e3d48de161582971e23cbdfd8a19c3082e6fe32826d438e9356b,2948,2,2,-5.841221,0.15820503,2.7342348,2.5327663,0.77317333
2955,train_images/7bc2e0fa3f72.png,e513371e7ce05138356e450d5b4ccd6b15fdd7a39b705b8c9bc7b432379fb1c0,2955,2,2,-6.754532,-0.6241379,4.3610106,3.1855717,0.4051714
2962,train_images/842d697884f6.png,cb3c3dbba6d49637a33c9d1356398fbc48e33dd8862fa2eb890c76ae367d8e93,2962,2,2,-1.6605396,0.09403324,1.6918991,-0.1604805,0.29102325
2965,train_images/89b725411cee.png,48a4767f1c8851853d6f7c6039016e32891f51ff926fa8abf3243f6e321fc106,2965,2,3,-3.6894722,0.90507126,0.44932103,2.5177984,0.22761345
2971,train_images/91a88d3b0358.png,63ba8ac13fb4dcdd55289f85e9731be89396be355c7e8c28c7cc315437fcf9af,2971,2,1,-2.3009167,1.768959,0.85473967,0.23983002,-0.14236546
2978,train_images/9d74428188bb.png,18e43b40995f8ff0e36bbbe4a3c2a4798e200b3cd4c124b986c40be0d1d40d64,2978,2,1,-2.0164871,2.0253916,1.50736,-1.0977612,-0.07094765
2984,train_images/a0a0cd8af5a6.png,e173a352afc85c6519fb8e91886430e8de15eedd7f295b55abacf933aeb5806b,2984,2,2,-4.2644634,0.8636265,1.7201061,0.7489505,1.3893328
2985,train_images/a15652b22ab8.png,57d8daf10020a08edc358bea7606ff87ee9bb161beb608daa81c9060c1f14dc4,544,2,2,-5.9121284,2.2959347,2.4946156,1.2222514,0.45786285
2992,train_images/ac2c814949f9.png,cf7839df5a131b4ba1f210ae91a5c07251ee793ba4774ec027e33311b2f1c544,2992,2,2,-2.8864326,0.98231506,2.5205898,-0.42292356,0.3171425
2997,train_images/b402b18d99a5.png,022c4d61b79fc0f2397ffb4afa68d1eac6e5201e7fc7ea69eeb81fc7fea90077,2997,2,2,-5.436022,2.8645525,2.9263883,0.1896596,0.007347107
3001,train_images/bca2bdc15fc5.png,c1643a7b9aa3bf0fadbb86ebdc67f54f001858abe7574e10f19bab51be93727c,3001,2,2,-0.81783295,0.13485527,1.8463986,-0.7567649,0.124697685
3004,train_images/c0202976c670.png,4874d2a2b09cd3164d1df65ce4d95fed648ce26bfde111de5da624139edb1c63,3004,2,3,-5.90551,-0.95926285,1.8663406,3.3383045,2.0041504
3007,train_images/c73c5f6ef664.png,ba51547005a4caf45afaee3d1ca393b199a9918035626de62b94ac915fbd1676,3007,2,2,-5.970669,0.49097443,2.8176432,1.2821083,1.7516136
3013,train_images/d473f6fafba0.png,d693094809173e1852d7d2c9775e74610de89d31de828423e748352c5c0bed47,3013,2,1,-4.926985,3.857605,1.4991009,0.4101162,-0.4302578
3021,train_images/dbee04ae6426.png,ab88503a08708b40420fa5919b363e8d3aa86b4900a1c19a406e2f76bc0da93f,3021,2,2,-2.164814,0.5677767,2.0609097,0.4598484,-0.45229435
3036,train_images/042470a92154.png,2416203850591122af6284a780a58d736459c0bc88eec4929ee25ee7065d12e8,3036,3,3,-5.206726,0.50395775,2.052462,2.2006083,1.0156193
3038,train_images/0edadb2aa127.png,463631a7c5aeed5d61f2fa8cf01c95aebf1aa14409647fe894171773cc84fbf1,3038,3,3,-7.474844,-1.4781199,2.7428718,4.3325024,2.315814
3039,train_images/1ab3f1c71a5f.png,4731f0e9dca06e296f33cc3d1388d8310914d60b1b6a8bbfd04ddeef5ff27ff7,3039,3,3,-5.657116,-1.7109251,1.8121128,4.0465164,1.9202547
3048,train_images/7b29e3783919.png,67db095fbd0b19645dad5ad50b9783a800ede8602bf96df095080a9b2a38315a,3048,3,3,-7.600086,-1.790195,2.5921836,4.713439,2.497201
3052,train_images/a9e984b57556.png,56d3ec0418028c54bc200bb083f8a8b274550a95931877fb36b6c1033e531bc8,399,3,3,-4.9147816,-1.1537733,1.6803215,3.1654043,1.5072012
3054,train_images/ad2f0b9d059c.png,9720e061ad6bc4b523100c34129b22a21c63d28264d1bca015a3e84de91ed8fd,3054,3,2,-4.6541767,0.38008404,1.7503035,1.3659048,1.5774565
3060,train_images/c3cd0200df79.png,8adf033b3bc421dc11856ffbd47d04cb2064a43499b24520e15d4a6252d9f70f,3060,3,3,-5.445469,-1.4993892,1.9108188,3.4892998,2.018445
3068,train_images/20d5fdd450ae.png,821964656547ebed399ac327e52c76eb13d6ee33f9c9d8682424d8900ed80b50,3068,4,4,-2.462881,-2.4355092,-0.4198799,-0.18605232,5.9336414
3073,train_images/3c78bfca247b.png,2508d23d4a1c85fc7c28810e31acca98663a6bf7aadcc6705470f803b814385a,3073,4,4,-5.097515,-0.7362089,1.9511654,0.7618742,3.573494
3080,train_images/7270367410a1.png,809eff6717a0e73248893f96ebcb7d0356a69edccee74b68c913b7be52f5eb1b,3080,4,4,-5.0524254,-0.26731205,2.2631269,1.1225724,2.3280258
3081,train_images/7bc4dd99eee5.png,f53a8ac3dbb85783734c3a062e9c215ba723a41765f6b0a2fc892b476f4061cb,3081,4,4,-3.4075203,-1.2457962,-0.7203131,1.0997739,4.7986736
3083,train_images/857230f64a2e.png,55201060a6e73e0539cfe704cc0644426ca88195fe3ef7adfd80c95603dd9e50,3083,4,3,-7.116354,-2.5891762,2.1779656,3.9908524,3.9719315
3088,train_images/a5c9a8c726b2.png,64c3bccd1c3a61d98a60d18c71ddd1202d5057fd7c0efb235594989a8adb0dac,3088,4,4,-3.2474155,-1.4116392,1.7540157,0.49952173,2.6931477
3094,train_images/bfdee9be1f1d.png,81d00a18650d15c50e316b4e8694b0444cfcfe98c56ed077ad8056729377587e,3094,4,0,3.5140152,0.532691,-0.8699231,-2.2824907,-0.50089455
3095,train_images/cbd0870aa933.png,2cb2c999cfd4a9e5bc2b9db9756a365e0b9f8fe4494a6a1efc345810951abf95,3095,4,4,-3.6623688,0.41676712,-0.9632144,1.7055421,3.1183414
3103,train_images/eb1d37b71fd1.png,cc26231741a282105f304fe506ddf245291b1d3066a49dae17fafa1ab41241d5,3103,4,1,-5.1322784,1.8302851,1.5344324,1.7437806,0.6417723
3114,train_images/07e827469099.png,d00df391c21dc7e1577074c94378f64d829ab45b209372d9e5ace4e086a54457,3114,0,0,4.9985313,0.26438808,-1.8567986,-1.9639468,-1.189642
3121,train_images/0e94cd271c00.png,8cb403ae6f10dec8475569fc32b473b81988116f0f9eb7b2c7ef458159b624a6,3121,0,0,4.358568,0.96622276,-1.0145969,-2.5736942,-1.5583239
3127,train_images/15e24b73d4a7.png,1fd0e256333072fbc97a3d807a8c02355d1c11eaa58dd4b82dfdddb21ec7cf6d,3127,0,0,2.8737183,1.4981041,-0.24849892,-2.744413,-1.198288
3132,train_images/18ce0cdc473d.png,5e674d8a90da639663f55efd7efc4adc68062e8df8c24b3fdec73a1fcc9c2fb3,3132,0,0,2.4427948,2.1231785,0.6701677,-2.7030704,-2.04704
3137,train_images/1d37f1c8b6d8.png,154f6213556e2a2796f2eefbe66a3cec51a48319c7b4a17c62f4a393e65a524a,3137,0,0,4.2057304,1.001256,-0.60065174,-3.418735,-0.87881756
3138,train_images/1d46f1326394.png,d95dcc3f20bbdd02ce07b7c7f94876e4a9e516be667c439da0d7f3676124002c,3138,0,0,3.5898838,1.7575846,-0.60862875,-2.997696,-1.5314236
3141,train_images/1f3f32efaf20.png,2c15125864db18431fee8eee74758e548f990b393fda445b3a85cce118e9f15a,3141,0,0,3.7353916,1.2609568,-0.64196396,-3.108446,-1.0060921
3146,train_images/240b25a7debe.png,f95e4f9bcfb147e6465a04c7b6981956e771dd43ecfa5a729c74986ec5b6b5fb,3146,0,0,4.21348,2.3537474,-1.3016868,-2.5826244,-2.35254
3152,train_images/2c8101f14723.png,ed938ca48833d450514b96c10e54be458700e7969cd5886e0847bef9ea4b20f2,3152,0,0,3.9766273,0.08477306,-1.0577893,-1.1702776,-1.6730728
3157,train_images/3323fd59782e.png,66f396ae7603bf65170d201e3403c9f263ff5d015a1279ef6ff98d362b33a93d,3157,0,0,3.715681,1.1750984,-0.18454218,-3.0197256,-1.4422464
3162,train_images/34a7dbd3f05c.png,96d4a6f66db6227cb75d00f00f31cdb68381b1a7a3bc26f4e0329b12eafa35d1,3162,0,0,4.76429,-0.11793232,-1.479145,-1.6038322,-1.4064302
3168,train_images/4318b6adeb97.png,568f6ad88688bcb79aa5f636139acc2fddf9d2535433ca8474cab89c9183f39d,3168,0,0,3.3638,0.5608225,-1.0405278,-1.0398545,-1.5667763
3175,train_images/454792eb6e05.png,5ddb9349d63c157bcac2555410f9046ee999ace3daf673cb3a345f5d1f9714a1,3175,0,0,4.7162285,0.116249084,-1.1387753,-1.5995245,-1.8262243
3182,train_images/4bcee3cbe232.png,a857a2195a68bc0bfde29a827a40c89820f88bd9a1a6e2483ccdd6db2618a276,3182,0,0,4.64027,1.7783842,-0.6966624,-3.5747857,-1.9604378
3183,train_images/4c17e85686f0.png,d7c19efe0dabd9a220edad63d73101a653e097f85743b7b6d4368a113cd794b9,3183,0,0,3.5419579,1.4030437,-0.5876694,-3.048955,-1.074604
3191,train_images/51aa3361294c.png,12c9b8d32951dc98e6e32a69855b2688a73e354e42040f72d3b83f8f0a9e64ff,3191,0,0,2.9827042,1.8878155,-1.1115999,-2.1640158,-1.2018414
3193,train_images/525d0dd8dc45.png,adbb3a8d96eed31a3f01b4f0ebfe4a117782ad26c69f7116663c9396c2d4f35f,3193,0,0,4.3264923,1.9131384,-0.98212814,-3.0105886,-1.9645977
3196,train_images/54b322c66d01.png,d366fd0bd38fd053300e005628fb25f55fda7f4560848aed926c5e08b788ac4e,3196,0,0,3.6572495,0.7105417,-0.86097574,-1.5286484,-1.690752
3201,train_images/5db2e3a4594a.png,159f83ec4e2b7cfebf0374e2849503faad3fd9515e825c96f0ae38a67353e090,3201,0,0,2.6782665,1.205039,0.3156085,-2.3325095,-1.6789141
3203,train_images/60aa4e649abf.png,e39b1a15712bbf4bd50c07c2febf209db8d7d3f12bbb2b078329c523e8afaf6b,3203,0,0,4.003313,1.7427826,-0.68417215,-2.4901257,-2.112012
3210,train_images/6af071b0ac6e.png,f7b572546c211caec6ba70920b14fbf76380506950e69433d88ec7c08e2c5022,3210,0,0,5.212488,1.0998096,-0.85035324,-3.3737922,-1.5928974
3213,train_images/6e861bc3bd7b.png,df6ad49e96535f5107606ce407d560d861dd6ecad1f71b99f14b8113a349778c,3213,0,0,4.404007,0.72509193,-1.3058815,-1.8724699,-1.7039261
3219,train_images/73a07e2ea23e.png,a4d7f6910e75a26af169d2e961e43189a125a479da6ab788e389389f3c1bf227,3219,0,0,2.6453896,1.2105608,-1.046207,-1.60705,-0.97124577
3227,train_images/7ad0c4975890.png,10f0e330ee6cbc3966c5a838e1bbcf7e7d452e2ad26d7ddb5c50cebad4730685,3227,0,1,0.90156746,3.1574888,-0.15852547,-1.9949305,-1.4525375
3230,train_images/80e6e425f966.png,b4453c61c7d77d176575f6f1f7a317a8f822ace402a1b41d075151d4e2a6deb7,3230,0,0,3.8440914,1.3698406,-1.2765045,-2.0821621,-1.6483479
3233,train_images/83fda7c0500b.png,7cd204f578e75c76ecc505a48ca5e3bdf4936e26f2a28ec1a52bf818e24691e8,3233,0,0,5.334935,1.5488291,-0.18911886,-3.3047004,-2.8619113
3238,train_images/895fe2bfc5b6.png,bb9732522190790e75a4796dfeae8d171342eac56cb2702aef5f30e8d46ff8e4,3238,0,0,3.9018097,0.87296486,-1.1820168,-1.4946141,-1.8021584
3245,train_images/93421787f520.png,365272d401433346e1fb850d003f410d833a8d27c2f0e0ae387e32ab26f6de35,3245,0,0,4.1754417,0.9533329,-0.73202085,-2.427595,-1.7540903
3248,train_images/96ce10a1dbd7.png,29cda9cff2b3292508a6f4512b9cdae4b85e088d9c43190ed06b3dd1a9754b00,3248,0,0,3.7963886,1.2162008,-0.85393286,-2.5426164,-1.4037266
3251,train_images/9910c827e2fe.png,dbbd7336a58d14af7a733345f525138917b2d6bd92c7755ffaa27a5a8271719a,3251,0,0,3.5879955,0.30709648,-0.9185028,-2.626964,-0.07020378
3258,train_images/a07efb1ecfc0.png,fc90e55b47bd780d8d33d82d17b967f5132d35df3d8057a5d67e7cbb1b5a12a4,3258,0,0,4.854742,0.1287775,-1.6376758,-1.7956882,-1.3276634
3266,train_images/a5bb85afc6e8.png,e0fd0dec8c386b5827e49dd7da94984357309c8f38fc5d00c793a92be5caeb06,3266,0,0,4.21743,1.357933,-0.46550083,-2.6469188,-2.2493067
3272,train_images/ac1667fac512.png,1a6b67950976d7500c823f4bc9e176fb7de36c809b6a8e5981e10fc2df72fad0,3272,0,0,2.9571438,1.0246668,-0.7081108,-1.6647382,-1.4409199
3277,train_images/ae94ce412de9.png,52094f2da33721c4746082488db10a7f87ca19763bcfefb7158eb15fa45dfa97,3277,0,0,3.3296528,2.4018574,0.24479055,-3.4146485,-2.057127
3278,train_images/ae975c43bd8b.png,2ffe47f0d9eed80eead9dc84c12656c865af874a2fe5c3cfdc797c0720fb44ce,3278,0,0,3.5879936,1.2983656,-0.46200562,-3.0495553,-1.1226206
3283,train_images/b16dd4483ca5.png,efadfaa8278f0e37c4d6152d666305fb8bc3e489f55de3584d15126e408bb5cb,3283,0,0,4.1542377,0.7676897,-0.92909145,-1.6502132,-2.0759115
3286,train_images/b759cbef90c5.png,69954a8fe0a89183c0bfd2b3b99dab3aef9c9acb79a497c832e855b9f787886f,3286,0,0,2.7205582,1.4096498,-0.1064682,-2.7689688,-0.96800613
3291,train_images/ba0107fb1bfd.png,26d1310ad0d0717f014086942b5845c785298cd4e165dad3cc026b76980689d9,3291,0,0,4.6101074,1.5130577,-0.62518406,-3.0022874,-2.2627592
3297,train_images/bdc6c60e9133.png,e8e82fb4a8eb546ba4da7c89d3fcac2b6cbe383a2198d3f97a084181148c1ca6,3297,0,0,4.6358204,0.2588644,-1.3559508,-1.8085406,-1.4595232
3302,train_images/c3c8fdda50c0.png,31deeac6868a9ea17d50fbb6abb38c21d01c9ec719ac8bacd93e2ed19faf9248,3302,0,0,4.3933163,1.9145737,-0.58266735,-3.5495381,-1.917016
3309,train_images/cad5b1a82e60.png,a46ce83f8ee0ab0218c3a2b0b98a52c4239a3e919831bf5f1e713f0d7f69bee6,3309,0,0,4.3304577,1.3835297,-0.7484689,-2.5748284,-2.162449
3314,train_images/d02b79fc3200.png,fc6aa0efd42b27d10d72cc0bb8308479a65e97b31c7239d8c2c89c5915151d9b,3314,0,0,4.223381,1.3145962,-0.25390482,-3.0441265,-2.0284653
3317,train_images/d2dc86021c67.png,5bbb3f694016dfea70d5939eee520ab2eeec9b5648c433e7ec6540c8a3039146,3317,0,0,3.95825,1.4312191,-0.930089,-3.143385,-1.090702
3323,train_images/d74ccc796517.png,f01581d3843503b9dc7c35bc85eb6282f6689d7cfca676800291903e62ca05bf,3323,0,0,2.9036179,1.3022985,-0.014923573,-2.4372647,-1.5076551
3333,train_images/de6210f88536.png,4b4fc255f4bde07100dbd38388e85cd8e85eb3c1345a03061f7371596f2be9d8,3333,0,0,4.151127,1.6107397,-0.68092966,-3.0694823,-1.7948284
3336,train_images/df0886f1e76b.png,ab2fea837a1b519345bac844a855175c39eb3fab139b5d1b9e25e3fd9de321d9,3336,0,0,4.072939,0.8839369,-1.6301169,-1.075469,-2.0126095
3339,train_images/e087bd4b88f2.png,b4a85ff726f89bde02e37c97afa2f1f9313d67a43eb3d738c171bf2a4efbd659,3339,0,0,3.2909985,-0.08162212,-0.73763466,-0.5583801,-1.6591473
3344,train_images/e5197d77ec68.png,f75f92feb9c6a8cb90fe2a939f35b233f08ca83ab2ce99b0e07f2c66b96c9107,3344,0,0,2.8772545,0.634984,-0.83651686,-1.5945797,-0.7712002
3346,train_images/e9faf0296643.png,6cd6b3b61d9f5292e2a8c99db942b0d183ab693f1e8682332d9b09b99b17aa6a,3346,0,0,5.018839,0.8896742,-0.2540555,-3.062542,-2.1408148
3352,train_images/ec01f0862669.png,0d2581d68319924744e3f7f6b5be8542ea3fbe9189bf43831f8c156709a497cd,3352,0,0,3.6915321,0.48661232,-0.5717368,-2.5754113,-0.8290281
3361,train_images/f58f0b2fd718.png,f2743551b4b5d060b4f6d4ee10342ffe3a3368b363a012867a2b2526c2934921,3361,0,0,3.8304958,1.1189928,-0.19060087,-2.8013628,-1.7036791
3366,train_images/f9d8ff3e6592.png,373c3b131616e1ff72e8ba015090b6f92933d7e0bb8b95bb3eb691d6be9ea7ef,3366,0,0,3.9112835,0.08540821,-1.5643797,-0.6826911,-1.5237188
3370,train_images/fc8fce67fbf8.png,268ddd86bee16d7ff7bbe4f9be3cf266fd8ab0608b205ccdd2ebee1ee45883ac,3370,0,0,3.3793163,-1.4711599,-0.8347254,-0.5588789,-0.30237865
3373,train_images/fdc685055659.png,b6bbf49861b0ae72f452cef964de781ef20ebcfe6e8b698af44f5bf2f65e1874,3373,0,0,5.1212635,1.8629656,-0.795877,-4.060556,-1.9152918
3378,train_images/ff4955e76894.png,dced3f7ecda88a835351c70f8fc1d5758ba16aa1207cc436b26f7905bddf39fd,3378,0,1,2.327427,3.5580368,-0.67505693,-3.4981174,-1.2767
3380,train_images/0dc031c94225.png,f23addf864ad0f8503132a4e94a0615b1be00c379877b577d7a83a7c6d39b6b1,3380,1,1,-1.7062664,4.0333195,0.2863555,-1.6316118,-0.50209904
3387,train_images/35aa7f5c2ec0.png,cb66e86c28ab48f1884c067226847b34c2849713a3ea380fd6a638fc2582523c,1683,1,1,-3.3067627,2.5468702,1.5693791,0.67422867,-1.0435772
3391,train_images/384631079d1e.png,1845223f13efaf1d706653c1595d5c01ca111f756f22a31fd823117c8f128584,3391,1,1,-2.2034817,2.3209171,1.5496616,-1.7173555,0.39739037
3397,train_images/4e82c3c8d31f.png,a3d5511c810f9f7ef31216ea01981a88ade01a8e92ec813487cc7dbe78cc1dba,3397,1,1,1.2369747,2.9593973,0.059111595,-2.8766615,-1.0700655
3399,train_images/5090917a2676.png,7f58a387220daba3220d2a2312eddc84f2fbe953bdb4275e4d73720997aa05a9,3399,1,1,0.15620804,1.5017567,0.9924648,-0.8257265,-1.3080215
3405,train_images/6377e23928f6.png,5af37ce5c0de0a95ba6521f53195797d3f324981343b64a7814d247330bf70eb,3405,1,2,-1.857275,2.1673002,2.231327,-2.3489687,0.31899834
3414,train_images/94111ed3d276.png,729166d646a820158850225f13c1ea4a1a39da507d06081a98cc4aa0465a280f,3414,1,1,-0.69737816,2.7261744,0.959718,-1.7260094,-0.92596245
3419,train_images/a19ecd0a706e.png,284214c0ddcb433755d8402a694d8d8aae33de8a48730cce4663031433903fb6,3419,1,1,-1.4192085,2.685238,1.0801761,-1.9585884,-0.088695526
3424,train_images/b576c5269ad1.png,9c2108c7528b935e27b10d0cee2c55f2699ba27bac2e6fe131dc0117e0a5fec1,3424,1,1,-0.42110825,4.2973557,0.659848,-2.6790385,-1.3826818
3431,train_images/cd45bfa07d41.png,0b6f28cac3c0a75815d4dabc5c197dd8c15e722847d6dc7ec9bee010ee26f255,3431,1,1,0.16005325,2.7840462,0.9185028,-2.3777933,-1.0891724
3437,train_images/07d8db76b301.png,8ad3b058c90da99902d08673972bfcaf71eb0c10374514b771f56a3621ba5c45,3437,2,2,-2.5848618,1.8448868,3.750349,-1.9491923,-0.60117435
3444,train_images/141735b57ec0.png,d26a6aa0d46a2a14e5c50c1e9c595dca9ebffc049eb1a605f7738204ac9c2f4b,3444,2,1,-3.029152,3.107458,0.73019004,-1.049582,0.75196075
3450,train_images/1c0e5dd1b14c.png,fbc62e0ff7e4c90dbc41c2497baad7a2c4d3740852c842db2b2a4001c4cb140b,3450,2,2,-5.1233654,-0.014205933,2.5520616,1.604023,1.3059254
3453,train_images/1f0e223b8055.png,a44a59ce6588d043cff0a7216f4003df94d5af769c7505bd0a203724e3601daa,3453,2,2,-6.1978397,-0.3910656,2.9724765,2.4831038,1.5809069
3458,train_images/2532613a584a.png,e547cc39a83768348c6cec348a3019f194620e1c89025a6e7f2cac32a93e3567,3458,2,2,-3.5587368,1.9901466,2.2672877,-0.30940437,-0.054169655
3465,train_images/290ecdba359f.png,b69733a030fb9184effe5c058d7d33ccdb3e7a8f399229566a13f1dfc89fac62,3465,2,4,-5.7332172,-1.0513191,2.4714456,2.1833076,2.5244732
3470,train_images/34723fae6475.png,16772915110867fba2c220a028245a8336aa6d55688671e924190500f8bbd53f,3470,2,1,-3.2045631,1.2803402,1.2703645,0.7316904,0.30330563
3475,train_images/3e6bfc4d5c65.png,3bab5bb9b4265a8c52769764034b5e437599448d3d1714aab6e091fcb4fdd48d,3475,2,2,-2.217928,1.6522083,2.528458,0.087370396,-1.4011936
3478,train_images/42a67337fa8e.png,32c26131fedf06b3c40486c873da1645fce755cea0193afdbcfd6cfb1bd07ed0,3478,2,4,-3.376913,-2.1419182,1.8477428,2.0708222,2.3322306
3485,train_images/48fda42bd5d4.png,dc6fba315d386691a86ca43baac85591d9cdb4aa52468adc4c9b7b88f5924eed,3485,2,2,-6.2310066,-0.40401936,3.1980734,1.7941289,2.1467066
3496,train_images/5265dc9acdf8.png,63b59e95e9863ab5d9baf8bdd9c365bbea4fd2ac255cc5874798b4597e356722,3496,2,2,-4.329687,0.65923023,2.4394214,-0.053028107,1.725585
3497,train_images/594f69b503ad.png,a6d6db6984c3680f4d0ff30ecadd85c0aa6c7c14ad93bdbbca508a32ad69a6fb,3497,2,1,-3.122738,2.1819096,1.3675456,-0.019432068,-0.083577156
3504,train_images/674057ab250c.png,5342128f7151e97766f089670db1e7af46083aa8276cd2046b07e26d733c9f08,3504,2,2,-2.6657124,0.8386564,1.4117119,1.0963626,-0.25926876
3508,train_images/7356dd08b0ae.png,a4ba1a4a31cfddd75efb79b8410e38d5e54bdf0118fce0473960651d96e6e9ee,3508,2,3,-6.790434,-1.8266921,2.2638152,4.4205465,2.5239277
3509,train_images/7550966ef777.png,c074f9f47cb63bbe2520ddfd2e94faa53c842097e4b8925d20f4f845df76e94b,1538,2,2,-5.3153286,-0.21603584,2.2851555,2.2146955,1.4334126
3515,train_images/80b5a9519aec.png,af7273352117ace4fc4ad5e8b112408c4f6362aaff5cb0fea05bed80e4d3c30b,3515,2,2,-3.8971786,0.576375,2.0288153,0.85977936,1.0265408
3522,train_images/89d2a7403a06.png,9b58f2686bbe38f99e8f15751b3cd7b72eb0f25b0f3e83636d125a82c425b1dd,3522,2,3,-4.621353,1.2485456,2.0606227,2.6587515,-0.9146004
3528,train_images/962cf85e4f6d.png,e2dd1b0efb2269f00f6be4da687ce154179966619766c609554058605d6fa482,3528,2,1,-4.0239773,2.1406708,1.7477286,1.4633994,-0.70566845
3539,train_images/a125377fb985.png,889b21c5a859a542e52e039ae4edfeaacd79bcfb246a1b6ef816b9f7e9444e3b,3539,2,2,-5.3372765,0.065794945,3.907196,0.48269844,1.3961058
3542,train_images/a3957df90a78.png,42df53a226498a4c20f810b2a77f10d9c40e73c04ea68a7e82dafaf75a2a240a,3542,2,2,-1.1125584,-0.42580986,1.4606011,0.06444359,0.3237276
3547,train_images/acc9f29538c4.png,587e3a7e2b4b4467a0ef736c83470ad8f9e349e5d5dca41109e569edff5a8b2d,3547,2,2,-2.3340855,0.62326336,1.5213203,0.03172207,0.5668268
3551,train_images/b82d5f1f1145.png,ff24f64bf9e1e111bde4e5d6fe4fbb526dab33d7e2a0ba3122da0318141f0553,3551,2,1,-3.9136257,1.9715939,1.4274311,-0.45633554,1.4356909
3557,train_images/c561bcd519e9.png,4efe9b61312a1695ce0281f9b6b80d8b8355fb13ddfebbe80dc98a541206e08a,3557,2,1,-3.0433083,1.5245771,1.1634407,0.5667887,0.22743034
3560,train_images/ce887b196c23.png,50030ec7d40919ba8ae7ecf7cc145950f1cea65f54da0ed9630dfd3b31c9a026,1949,2,2,-2.222622,1.9911966,2.058212,-1.0540504,-0.49105167
3566,train_images/d95959798b57.png,454041f3d5fff4ca2a175384664385b7896ce48b9e592a16c9f4f45a83a36c7c,3566,2,2,-5.293644,0.78325176,2.2010899,2.0750365,0.76357746
3569,train_images/de50dfa745f8.png,b0567de16835105730d68f4405036ece5912cefbd4b1b9ff5810cd3e8feb19b3,3569,2,2,-0.07554245,-0.16903496,1.145082,-0.38781166,-0.0900774
3577,train_images/e756495c11cb.png,08278559397750db9814c1ed722d99da0f676da8b034941f9afc7e4e99662827,3577,2,1,-3.5239105,2.6216621,0.539978,0.32421255,0.46973133
3582,train_images/f2ee81781411.png,6c2d329392faf62708e38fe95831baf27053c35b85659fc7c5bbe3614e519db8,3582,2,2,-3.3864517,2.0129795,3.0890038,-1.0958934,-0.065140724
3590,train_images/3218a6d8eb2c.png,ffe361a72de65bf79eff34c44aa34ef145acb2d5543b529f72e903fce145978e,3590,3,3,-5.7649765,-1.5053887,1.9383817,3.2995224,2.4942446
3597,train_images/6a244e855d0e.png,c51bce902a5e1936a853796595fd0c6b9f9abaf2eb8af6544e594994f28616da,3597,3,4,-5.0032806,-0.51415634,2.6270201,0.3666253,3.027814
3602,train_images/996f57c86ba5.png,49f42b769e09aa2317d42976df8d042ec0a76b45c3c4f0ecbbd1d91d58d9f841,3602,3,3,-7.358238,-2.5754552,2.26848,4.3484383,3.7540407
3604,train_images/a14bbd9a583e.png,9a57603f7e4c81f42e9b7acdd9064ee50e0038aefd0375a2e52fa6423f892b4e,3604,3,4,-3.6262321,-0.16990185,0.9122746,0.08310938,3.3606215
3610,train_images/d16398c971e9.png,935405937e22b80c4b73b95afe6fae79cc8b9dbc86db99547fd9e73502d04b72,3610,3,3,-6.5708847,-1.5963192,2.09874,4.2538414,2.2003832
3618,train_images/0e0fc1d9810c.png,1f57759d8a842bab35f5f966b59278bc64554aa5786634449f9716aa113e0012,3618,4,4,-5.0748425,-1.970345,-0.6436281,1.6757951,6.4055767
3628,train_images/6194e0fff071.png,bed825b2ba7b3994fe80aa8d6eecada587b90a2922e74e41d0da5aa7c4d46664,3628,4,4,-4.797497,-0.35912323,0.69187546,1.8800149,2.9779024
3632,train_images/65c958379680.png,e6f9745fc366b3ec1bfef3ede76b78ad12259b256daf7f6f10b8c31d28e6c910,214,4,2,-6.483427,0.599288,3.548183,1.5916405,1.1456242
3633,train_images/69fff98cb32a.png,d655f44778ea5bdfe84d973d7472c840fc85ff84c31d487034125bbd8a9648f3,3633,4,4,-3.4073715,0.3464918,-0.24466372,-0.021965027,3.8488731
3637,train_images/789434d095d1.png,52b4d2ccf45571a62db6e05e2d016ea72bfe50bfcc294f75a7781c32c2e0ab6a,3637,4,4,-3.6082363,-0.3378353,0.88662386,0.3856635,3.0532646
3638,train_images/7c90ab025331.png,97c93f4b2d51bec03fdcc5ae3702d6b95ca4379d37ff73d2d64c40fc8510b06a,3638,4,2,-0.32668877,0.897851,1.1149223,-1.5689397,0.31651688
3651,train_images/c1896142a20a.png,469f4d2577c49f8e2ac8eaabbf903f8e9aefd268d1523fdbecfd720354ab5cf5,3651,4,3,-6.780731,-0.81844425,2.2990336,3.3796062,2.50665
3659,train_images/e4730ddde408.png,863c73d910389d3fa20b781b357b8301af3441b21293e9a505f5220febc5c776,3659,4,3,-7.5558796,-2.0052261,3.1632762,5.0571394,1.8983059
