pool_index,image,pixel_sha256,sensitivity_group,target,prediction,logit_0,logit_1,logit_2,logit_3,logit_4
5,train_images/fcc6aa6755e6.png,b69cbec9f6650dbedd3a7b25d5ad967edfcdf9703339386b961add102c45fd45,5,3,3,-6.9943123,-3.840004,-1.8937721,7.468216,5.237236
9,train_images/a0adbe677508.png,9eb29bddb3377030732b05f66b2c3589b17908bb90f7113888a5c21d4f9a72de,9,0,0,9.099064,1.446887,-1.4670715,-4.322994,-4.3624916
13,train_images/9f1efb799b7b.png,085e34d28dda6b7a5a465ed95d8ec85304961699b69a4f9a7ed8b92bffda19b5,13,2,2,-3.7791405,0.48458767,4.9417114,-0.95988846,-0.6185837
18,train_images/ae57c8630249.png,9fd4db9044f7eee39e4b84647fded4bcd320c1399f5b2afa655f71aae4853c6e,18,0,0,7.3053226,1.8420944,-0.4136467,-4.7400513,-3.6448135
19,train_images/8a81f62320d6.png,6421600ac1ef90ca438a79570d48658d5591a312e1594165ae78a083369d1481,19,0,0,9.333199,3.035265,-1.2383499,-6.169426,-4.584324
25,train_images/39923b29988a.png,3f205d8479b92d28afa16895d295d1f4e61030cb879f1feb84dcf40d6d1ffc55,25,2,4,-7.4047775,-1.3269615,3.2168388,0.8812103,4.6112328
29,train_images/bb2f89488ecd.png,59b2ccb4bad8cb9958598e5a5888733afc937359672561a2c2fc7786b793c53d,29,0,0,6.5211678,2.1350489,0.08276367,-4.7558365,-3.6512032
33,train_images/e16fc934069f.png,9cd8cafd9f76f28db12dea5f6a6294a6509a4ab4f049fcb2a12bf730a5ffded7,33,2,2,-2.527832,3.3326244,4.6025963,-4.0542297,-1.1980438
34,train_images/fdd534271f3d.png,2dc46dd7f740c040ea4dfda253b8d4524c0357707faa95fecd3c2fb6636e29b0,34,4,3,-6.098606,-1.2919979,1.8530045,4.262451,1.24366
38,train_images/9a159d4674cd.png,2307a0e91b3f5c50ee711a4b3b5a1dbdd4c49aea46e03f0dbe0ba4d5caaeeb49,38,0,0,10.008133,1.6655169,-3.223568,-2.4944916,-5.5895615
44,train_images/0c43c79e8cfb.png,d49ee27de2d838256ef2399cddfe330e4b4f384472f60d7f9976a95aa5e5e191,44,0,0,7.3858395,-0.8665581,-1.0390205,-4.3046875,-0.8384514
46,train_images/59ee65760535.png,03b065f8f52d2ccd6d5c971e63846c0a01f12eb46df9f3ae345ddd2e39b5d825,46,2,1,-0.2421112,2.2433481,1.4680443,-1.7259979,-1.565197
54,train_images/5ac7a414560e.png,39d0d185d2de8e6b184d9911012676a4133b00d1f1ceab09de75cc41b6a14fa0,54,0,0,6.691944,2.0517035,-0.44028473,-3.9001427,-4.0646553
63,train_images/59928f999ae7.png,ad0989c9b886499e709aa424103d3bf3d017ee6748ad92d272bdabec65a64366,63,0,0,9.081076,0.82729626,-2.2477455,-1.4201393,-5.8872986
65,train_images/aa841de1ee82.png,73e2554ef639c96ed2b79f368f3636bb639e7aacd1733418fcd5069efff71a93,65,2,2,-3.8055763,1.2339783,2.1900063,0.28877258,0.15882492
74,train_images/4982378d72f9.png,9a52198b23a9a88eb7286c456551f1cef3290891538545420b2d875eadbae6ec,74,0,0,10.299509,1.3462563,-2.7616844,-1.6506958,-6.8543167
75,train_images/2b3a4a81d748.png,4902bbb301282c6ddd905e9ca3a5ebe2d9ab2ac1eac7af93c93206bb09f846bd,75,0,0,8.160282,1.5501299,0.09901047,-5.8408813,-3.6409416
80,train_images/8bbd7835e9aa.png,b38811b00086fbf6efa61f9ba7b2baa98c9e088c951923fb71781cee22939c30,80,1,1,1.3414078,3.5509186,0.09404373,-4.3291245,-0.4345932
86,train_images/6e018411ba4a.png,82dfdbf559fe0798c189435496cda646099b2014bf140b6249754ca5da27d58e,86,0,0,7.36302,1.8883648,-0.865139,-4.7014084,-3.3692589
88,train_images/b3a994760537.png,e57a307e83c22a158cad4b349c0c62fa96566f273aa4ed62f5086261e46e1392,88,0,0,8.543747,1.3208809,-1.5323792,-4.1058273,-3.8625832
101,train_images/887c26fc0e1f.png,5849ae7f80cb36d4e8866ee6a4dad5fb34d81e5443c4fe8b6e7333c44d2642bb,101,4,2,-5.932461,-1.3850021,2.9403229,2.9073792,1.5423317
108,train_images/42b9c1977681.png,85cbc2b295f0793346f7940a853a7a7d41b2f35f989f85eed5ddaa6f9c38910c,108,0,0,9.504904,2.2874365,-1.0409737,-5.09256,-5.275776
113,train_images/f1a761c68559.png,72cbfc507eb423acbdc97e5622ee600758feabc55cb6a1ed3c432bec9dce9825,113,2,2,-5.3228493,-0.2969513,4.927128,-0.0039596558,0.7261276
115,train_images/1ee1eb7943db.png,b822a3249bf631d8cbbdbcc506f3dad105981b7e1ce72584839d313effa5b87a,115,2,2,-3.9628677,0.716588,2.3785973,0.7874832,0.14536667
119,train_images/8d4ff745a409.png,a5316afad134bc35d5c90c81f1a42f1d58eda76f57b3cbcdca91e8787a42b9b5,119,0,0,8.2905445,3.0353413,-0.7560425,-5.3862267,-4.823227
122,train_images/a188c60b93fb.png,e15ce84e56f689d4c981ffed1b5c17302e7065d50a8c74aa73557f4c7d9d4d2d,122,0,0,5.208809,3.9762516,0.620533,-4.6734734,-4.8281403
127,train_images/4158c340fa49.png,bc7d71419d6135cb0681099d347f8a0b29406aaac076aefd0fb7b86e024bcc00,127,0,0,8.258844,1.314045,-2.4263573,-3.6484222,-3.160633
135,train_images/a6b6d27c1b32.png,91fdfddc280d3e11b1f385220758b997fa7ec7fa15713873cf0ce4e8e38691b6,135,0,0,8.923893,1.3075266,-2.3969116,-0.9435692,-6.5203934
137,train_images/c5bec7f1e5f3.png,d95766728c950c05c705ab4c203af557d7084813119e0d49240506c1f503d07a,137,0,0,6.6502075,1.1850014,-0.27598953,-4.501259,-2.7390823
144,train_images/2fefb720869a.png,4e7156e7c988429d220fa796edf42796dd2b2772051c2245aaa21b6909c07da6,144,0,0,6.425518,1.5345306,-2.1163254,-1.2762299,-4.2845116
145,train_images/1df0a4c23c95.png,2b542f1a8144e904af4249975e3efa5f0181540141c9511d85fd933e2c22b81e,145,0,0,9.0229225,0.9974947,-3.0492287,-1.1016731,-5.50502
152,train_images/00e4ddff966a.png,864c38c3a7f51771595a7215461cd3e27d65030777310180e43871c86a0b49d5,152,2,2,-4.980587,2.785901,4.270031,0.060424805,-2.0662384
159,train_images/ef247f28004f.png,443be537fa9a32414cec055bbffe02926bfaa713ce5f1b676eab807cb9e11dd0,159,0,0,7.849554,1.5915022,-2.5126915,-0.9800377,-5.6142197
162,train_images/a9dc80cba9a4.png,618bcf3333c6d528751ee323910f232bbb9fcdbb5226da841f1e337ad0b62927,162,0,0,6.872425,1.8915424,-1.6733093,-3.4756813,-3.2945328
168,train_images/7663aba8d762.png,0ca22058e1a49d8ff038ecf19f670e16c491195061195200f25c417b515b89db,168,2,2,-5.8642845,1.1076107,2.627575,1.5191116,0.6301193
176,train_images/3abac0961bfd.png,a17163a7a831dad1a163d4bee0cb3a27908fc38c3aca2cb20387acbc6043d731,176,0,0,8.244934,1.7378368,-1.5430603,-4.5019836,-3.598835
177,train_images/80964d8e0863.png,b759ee2f2702c2adbb806e8d786d98d681d9baf9e6dbf1c0fd323ace0b109aed,177,4,2,-4.5645485,-0.8953552,4.736477,-0.9311218,1.6872406
180,train_images/9ba469af2980.png,c6af4994727510c45ed2304c2896efbfbf3dacd5d2c2263395b186c88953def8,180,0,0,7.5821114,1.9361687,-0.83000565,-4.6393433,-3.6937637
188,train_images/8ed586c43023.png,7bef89982d5c3a61ae938adc54201c9b84c73ada0de8454aa101abb4ec431acd,188,0,0,7.8896465,2.0486937,-1.0712204,-4.542618,-3.9653816
194,train_images/e2c3b037413b.png,48a9d85112a68daf53a05641191f84b6dbd8d03b8dd3f09d8c86a2de6ad451e5,194,0,1,2.5519714,4.6377316,-0.2412796,-4.23188,-2.4494858
196,train_images/1a19f2ef4472.png,f9a35d2fe27405fb6485975dec7cbb8c343cc819c7a5b0b1a328681dfd9d1e15,196,0,0,3.546772,0.3377018,0.2508316,-2.363224,-1.5641174
202,train_images/4f60129e9a5b.png,879b3522b9a7d785cd55326011776c7f46e41d45d371fa997ed1ac186ae31c67,202,2,2,-8.127899,1.8906984,6.4685555,-0.501503,0.26016235
206,train_images/23175b7ef453.png,24ad8393b2e32d2b78ca7fd2cd5ca67753c2fab67b4dfa28e3f8cc6ab90aca79,206,2,2,-5.2592087,-0.5075817,3.948143,-1.8735771,3.721424
209,train_images/d48178e4a49b.png,8273cac44e116e1f28200581ce17aeb07ff54d9aab2531c9cf3ada2c6db67ef4,209,4,2,0.68575287,1.361268,2.048996,-3.3499336,-0.5134964
214,train_images/11242a67122d.png,e6f9745fc366b3ec1bfef3ede76b78ad12259b256daf7f6f10b8c31d28e6c910,214,4,2,-8.291203,-0.88427925,4.9031296,2.309288,1.9204788
219,train_images/96ea316ed0ab.png,bd3e7ecdacfc031f739188de6d16583f4cdd088ba775bae621ba09ba136474f3,219,0,0,10.239744,1.7328005,-2.904377,-1.4820099,-7.182274
223,train_images/041f09eec1e8.png,d2cdf8c827419d0f4d89c0731f21c4b15c09f092c00b2b78f88059bc694a9665,223,2,4,-8.040337,-1.8875751,2.8555756,1.1000366,5.93058
228,train_images/0a9ec1e99ce4.png,4578633466c8eda74ff4967d6e4b1c8eb38ca422a479d73fd431d08d3754f44d,228,2,2,-3.2249336,3.1449413,3.3776245,-1.7254105,-1.4815559
235,train_images/8f10e41a2f02.png,b7abe7dc3c50e32d3128ee1f786d9d2cc7015facde1473c2c5840e4416b9ef94,235,0,0,7.839222,1.6654015,-0.8641243,-5.049923,-3.25663
241,train_images/dfc7ec7db0e0.png,bf3c090eff7fbefba433be527a806801e8d3e6b1ecd51e13a4492a0104b1095a,241,0,0,7.7618237,1.7576466,-0.804966,-4.5800667,-3.7860985
249,train_images/3908b3cfd620.png,eecfb4385e914786be8625ee9c9980e72a4ff135efda87d02ac95d5035589b91,249,0,0,8.932861,2.290434,-0.8249092,-5.939747,-4.110901
254,train_images/72595230840c.png,ed1cfee3728b6045d28acd761bf72597402002383fce2c62e60796d1febc0407,254,3,3,-9.43214,-4.9553566,0.7647171,8.931351,4.5818176
255,train_images/d5a39339ff3d.png,6ed7c3cc0d8e1cb13c6f2427915c15e35b190c59bdc09ce463624a83ba6a7e00,255,2,2,-6.7351036,0.29010963,4.281315,0.5513916,1.5970688
258,train_images/1b495ac025b7.png,9e088947f9296c3837a98b067e668e1050bbe20f14ff53259fe74d5a0d2a414f,258,3,3,-6.2960815,-0.32872772,0.97328186,3.3642654,2.241356
266,train_images/8bdb891661a8.png,a78a2833f8cd4d50bd69d5dc522893a34b1e12b12f55476eea097e9458feb468,266,2,2,-0.33324814,1.8300896,3.4351234,-2.1950073,-2.5467682
271,train_images/8688f3d0fcaf.png,732efc7180a6ffbf206b8323fdd2214d874f2f966d80f5636833b1cf2862e35d,271,3,4,-4.738514,-3.3946285,-0.98806,3.7351303,5.3991814
277,train_images/6294b378d09f.png,2b4fdec1e5ee54e4b9d2c193a30ccc0958e6f20359e6954fec809e8825614fec,277,0,0,8.01676,2.52075,-2.605606,-2.5560799,-5.0386124
281,train_images/9e99ae6ee7af.png,bc9d6200949c3434f398e816a1264f70482ac93a3425c354f329f5292fcd0bbb,281,0,0,7.8712406,2.7659512,-2.9566383,-2.1258888,-5.2004395
287,train_images/b69c224edd6e.png,369ad5862b9395e3eefe91adefdf69c84e25b71581386574ecc799429bf42b39,287,0,0,6.9083805,1.8357468,-0.57738495,-4.5958786,-3.2382584
296,train_images/197af0de76e2.png,b5dbeb03c75dc78889179bf0580d5da5c637d341cf7be2d676e95d2af12730ca,296,0,0,6.9483185,1.0961123,-0.6093788,-4.4550667,-2.6564255
301,train_images/38c7153457e2.png,6205f038d7098d5e81efdbeca73a62f0a2b2c6d95e0347f9a4939c8d0736b4e5,301,0,0,10.063782,2.2840853,-2.174076,-4.56802,-5.2164154
302,train_images/e019b3e0f33d.png,e2de04ffb2325d6c7792b16b542ecdba49cdc43536e0756765af8e362b93b8d3,302,4,3,-9.019127,-4.302948,3.1503906,6.1587677,3.924694
305,train_images/a15590a7d774.png,c6c55e6be21971ec3e2ab5eb64f5f6c5650812466d28917c5eced3be48681c61,305,2,1,1.0309372,3.974392,2.1916313,-5.473362,-1.5146294
308,train_images/5728b8aa98ef.png,a8e2e288e172c203fba914ff35dbbb82384879d77df6a486232fa5e6bdc487c1,308,0,0,7.219866,1.7978344,-0.29467392,-4.924713,-3.4435387
314,train_images/33105f9b3a04.png,d8716779bd82ef4fdc2d566c74a33bfa83c30a240536b0af716889f13568a543,314,1,1,-2.2718086,4.2886467,2.4376984,-2.1397858,-2.2484589
318,train_images/362c4a96cebb.png,298b42ed3e92d6fc2545c404d0e914d799136b9ee04f484fd5ff3508c27b0d07,318,2,2,-6.7535095,2.4205465,2.4483528,0.99619293,0.9499855
327,train_images/18621b9ca978.png,1a962e378e376ef5a483b0e1c2498adc74daf998c1a68302c4b0c5e830b8bdbb,327,0,0,2.777359,0.79317665,0.97971725,-2.7838745,-1.5160484
332,train_images/c9d42d7534e0.png,f2b671b6b6429d108bbc74ef4477ba02424d13a3f4472ef37802e9aeb71f0d78,332,2,2,-7.477127,1.334382,4.1485634,2.147812,-0.17067337
335,train_images/291f581d365e.png,4a5a59b6dd7736e2b90c5070c2657228fdae72dd11c82a877cc17d184abb7adf,335,0,1,1.3703766,4.1449614,0.003730774,-3.969799,-1.3519707
338,train_images/5486da4273d7.png,9585ce64af838e38f9f3845d8832bb2238364f104b8bff8a52e0615a93b6b150,338,2,4,-7.388443,-2.3588772,2.8417664,3.4207077,3.4611588
340,train_images/ff77e8e5b5f3.png,2842411a873148351d2ac19434b0c6c7008514f5e1eaeafbfd0558a70bff747a,340,2,1,-1.2728386,4.05585,1.5064888,-2.8836517,-1.2383881
345,train_images/1f5496352859.png,086b47a5f2f28936db7ca314ae47895861ae8cdc216bdf18f4ce9335c15c4891,345,0,0,9.41346,-0.48823547,-2.3760452,-1.0530281,-5.1499977
353,train_images/6df8b7b6e837.png,a75f486e6baa198f38ddfbf7b07da6e9e64fbd8ce85c28aeccba3e68a98ab0b5,353,0,1,0.53427887,4.1738853,0.48794174,-3.3966675,-1.6159325
359,train_images/107aea0d9289.png,3b384b5ed27cf7ed7d0a0a2165fa7ce3d849e8015d3bd6476c1b68aff3b0cf1e,359,1,1,-2.3154793,4.2974586,1.588417,-2.5242653,-0.9174881
367,train_images/7a12f49e29df.png,adf90917cf599bb619825752611a4a53aaedb7f9774ba55c4186ad9a700d4b29,367,0,0,5.695282,2.8496962,-1.3433762,-4.0320435,-2.8566132
368,train_images/ab50123abadb.png,b759ee2f2702c2adbb806e8d786d98d681d9baf9e6dbf1c0fd323ace0b109aed,177,2,2,-4.5645485,-0.8953552,4.736477,-0.9311218,1.6872406
374,train_images/698d6e422a80.png,972df28c8f8bfcb41b9fe56f25b25571a2975da6436170e09a0825316f4ae840,374,2,3,-6.5030174,-0.69812393,3.5511284,4.256256,-0.6231079
376,train_images/835b9f6e12ba.png,9c05fea4642c1a2e206cba87dafb2b01d5a4f2d48e082b7225af0064af664cb7,376,0,0,7.6715717,1.9792938,-0.61269,-5.3326035,-3.3747864
383,train_images/921433215353.png,071387b933359dadc7d6a87bfae2842382428cd56772c74770f2225c1f7318dc,383,2,2,-5.029743,1.8794718,4.90749,-3.2985497,1.5735817
386,train_images/4ef16a53d899.png,29f589713a5cc80a4161fbb85c572aa642a2409177f994e3d6d5241cb7a47f70,386,0,0,9.779097,2.1468153,-3.2817917,-3.2062225,-5.0568275
394,train_images/77acc2cafee1.png,b64e865450fbfe50a8a3511826533cd4043e96a19959d9a6b0b7c4db17f0eb8b,394,0,0,7.678606,2.4807796,-0.70015335,-5.424923,-3.6982536
397,train_images/b99c825b93c5.png,c58f44f12d0b5bbeccb3887dfd454bc3ab5979dbaa8953f267cfa35c7b22fbb3,397,2,2,-7.3212433,-0.66811943,5.210457,1.9246674,0.84560776
404,train_images/a7c10ca6c117.png,7f97d4ad4b0c6ef4dadaeff9d88b2d89d7b6828935b8ab35facd6a838cca95e4,404,0,0,9.2611885,2.056631,-1.490078,-5.1668854,-4.3080444
410,train_images/478fc46eaa49.png,57e7aa1a48d19ae2ee21a26d8f00bdad60f9eea3e2ce981250130a7987b70af3,410,0,0,8.916851,2.3686142,-1.4105072,-5.2959404,-4.2256165
412,train_images/fe37f4492920.png,c83fed496de3b52aad1469ce13504959b48f1230cd552fbc8be7697318f5bf96,412,2,1,-6.0675316,3.0841131,2.4641228,-0.25200653,0.7828636
420,train_images/b1197f2cc9b3.png,8a9797fc89e0f7c7bd92ff28fc1180f201ad3842d8b426c1ee9502ab938c163c,420,1,1,-2.269535,4.621771,2.096367,-2.7286987,-1.5828056
424,train_images/7131bf4c9e6f.png,bdbb14ddefb382592b88fb7797e9b3ecab41c96521d37e7445f9da0a3c05e0af,424,0,0,4.2165146,3.3278265,0.7222061,-4.2446747,-3.756382
428,train_images/19e350c7c83c.png,cd834e9d9e273765341d800ec2865100caac308e80d9f16c66e4f57892b2ca71,428,1,1,-1.2932587,4.84752,1.3930511,-1.5599098,-3.2183266
436,train_images/71e43b4f8ba6.png,d53cee79b6c156a255a32e011e925d516bc8dfab7e5618e1130176c8fa43ebde,436,0,0,8.726751,2.0947113,-1.2027931,-5.575821,-3.672001
437,train_images/ff8a0b45c789.png,4f3870a6a8e76d6a3298870ab990582d1bc7d70179edbcd03f644a9012ad4062,437,4,2,-8.100746,-1.2151012,5.078148,2.4472046,1.7788086
445,train_images/72c31aa48e2c.png,b30f04ddb6e3dc3cd356297048203a6edec8273dc5397ec58d6e0e431c37030e,445,0,0,7.7090073,1.9294634,-0.90603256,-5.1409645,-3.2350273
449,train_images/599498e9e4bc.png,f4da283260019583f7487e9fde10408b82f0c70992eb4b1fb108099aa42e234d,449,0,0,7.5194016,2.0523577,-2.6099129,-1.6034012,-5.0315475
457,train_images/ddb222ff7c1d.png,8f7f1a72cdf931a9696b20647ffad600596e5f74769ebd42df2d04e49ba14d1f,457,0,0,9.748627,2.2502317,-3.135292,-1.517086,-6.96756
464,train_images/83517eaeccb9.png,239164e7c996faff3fd3d6d7b74a5eb85962a4761e7318c1f62a6eb6d08a182f,464,0,0,7.5990925,1.6980381,-0.72483826,-4.247898,-3.9650612
469,train_images/838b3e4d0bb4.png,049319952ccaa10bdafea11ee268c8d0ba6e23e14edf9b8c1f1d5b910264e39b,469,0,0,6.3170414,0.79772663,-0.4906311,-3.4409523,-2.8424225
474,train_images/25b4080f598b.png,c586ec73951d888749a642d21acde025ed469e84e6e0238326938f3ac19cdb43,474,0,0,10.022869,0.5498533,-3.5428772,-1.3700523,-5.305691
476,train_images/194814669fee.png,60610c342a58551561c323a95835c4b3ccf3f3f79761a14d0568023b428b99b2,476,1,2,-3.3032188,3.4968472,3.7510033,-1.5114937,-2.3216057
480,train_images/b8297a2291f5.png,87afabbdc0a8bbc05e5699b0299a10b4217c0621a267b2172d23c71becd1ee74,480,0,0,8.748177,1.4148836,-1.3374634,-4.821865,-3.6516151
485,train_images/0e43c8298fc0.png,97b10f83df405f7534906f862ad0f46aada78bf359663a6134a9749a63d6f2cd,485,0,0,8.456318,1.1902256,-2.0550613,-1.8104286,-5.4348755
488,train_images/1b32e1d775ea.png,0d2fd1f2299c818ff14a57c895bca9042ccb9b574d84bb988f22a64e543db91c,488,4,4,-6.2014008,-3.864256,0.9591789,3.7059631,5.3508263
491,train_images/abf09c44d5f4.png,9055ae48f4aa3fa66004d3eae4a191286b979980fe873c06b6faf27b44c37615,491,2,2,-4.874447,3.280861,5.2490273,-2.5012436,-1.0700302
498,train_images/3a61e690f4bb.png,2135079865f19095bb615f923d11e11fe4a6e2050cd18d11f5cd568ac10f95e7,498,2,2,-4.4958076,0.3998556,3.4957962,0.11717224,0.5680771
503,train_images/144a1a426137.png,439dd2ec4149ab75162d21ac9fecc7d934f86f495137a6441f9259f8ee20e017,503,2,2,0.9110832,1.7960663,1.8152657,-2.975933,-1.3501167
514,train_images/f5c953bee7cd.png,c72e85145a9661a56e415df87f9844421dda34af8ac8331cf46668fd480bbf4e,514,0,0,7.569092,3.1770582,-0.4441414,-6.3819046,-3.6001778
517,train_images/93802d1e3c41.png,92741ca7715ba58a99e367fa278c4872cdc8127d7244c9d723531740a6455bca,517,0,0,8.123848,1.8378277,-0.68967056,-5.1118774,-3.8131485
518,train_images/2bbd1f99ecc3.png,1911ebda62754ec7c0a601de6955b798dd994fb75cdc007ab22ff93cfb7fc700,518,3,1,-3.9874,2.8887863,0.90003586,1.6473694,-1.3436279
527,train_images/f092febbf5c0.png,b2716733d9965b7b3686941a810cab8a68698b4be506e3362b4c8a30a04638bf,527,3,4,-7.9961624,-0.33701134,1.5371895,1.9814148,4.7271423
533,train_images/15cc2aef772a.png,bebe6e4831cf16a27d90dacc7216569a5e823c7ac371e87c6871383040bc4795,533,1,1,-2.611126,4.6057873,2.268856,-2.3854523,-1.7512321
541,train_images/8b76c3c5cb3e.png,b11babd97f60a7a3b69400c0e5ffda5e28ae7fe0c654a62dacb8da2754a28910,541,3,3,-4.2049828,-4.273754,0.16024017,5.332718,2.9898376
542,train_images/a8e88d4891c4.png,794f16cb396213fba7aeb65cda607d7a8545c0ab695df0a9f4337888cf347636,542,3,3,-7.789097,-2.4644985,3.3124924,4.61499,2.3056412
548,train_images/7b211d8bd249.png,a917b50c2a377375487683416e0d5438e9e05d49e2afb129a14bf76f454c3ba0,548,4,4,-5.0292015,-2.9111938,-1.2247963,-0.15149689,9.30682
550,train_images/e0d229db881a.png,5c3eb20544053d532ad1ae8f96107591311dc047d7c1745e3896e9d2e8e5885c,550,0,0,6.7125244,1.3652668,-0.20839691,-4.8799667,-2.6899757
557,train_images/42c65af5ab16.png,4505150cbdf016e1a432e3b904803a98a1de9dfa439fbe53386cfd6c8e5a4598,557,0,0,9.410652,1.1082973,-3.143139,-1.6313667,-5.3568993
558,train_images/8b8fe3fc8950.png,782bb97c6c1482b1e12754864b10c1bb8c7006da1dd0822fb62bad9dcc7ed8aa,558,0,0,3.5003014,2.1648045,0.03542328,-3.202938,-2.2251625
568,train_images/86722fcd802c.png,660bf59ceefadb0651162d7c8bbdeb938dc9397cf821d01421b46945433314b3,568,2,2,-5.657913,-0.28966522,2.3273163,2.191948,1.4466934
575,train_images/66bfec8d6bcd.png,60a81873069f0844a3ec1b8c45fc467c84b27f57390858c4edb868cd6831aa79,575,0,0,7.8849277,2.8666687,-0.861969,-4.700817,-4.8226166
577,train_images/d25b8a8ad3c4.png,fcde385d589e1be2c8173d9e2abbf829047f644fe37c8954160bbe14932e5336,577,2,2,-2.8721619,0.07659149,1.7180786,0.18468475,0.9654007
584,train_images/e4c799738a19.png,c8e01f11ed207e68869cd16e8620e3ee7fea7bad15d67344c1781bdea9225a8d,584,0,0,10.43877,1.6027489,-2.090622,-5.8935776,-3.6830368
590,train_images/1cb814ed6332.png,55623f64fa2881a1b80c321f710de228ade68e0d194b73918ad10639b0246257,590,2,2,-3.3677368,2.9372835,3.9573479,-3.2489204,-0.16436386
592,train_images/c24bcf7a1bc4.png,72155fa1fed156c98ecfe0fde1d66b4d125b7be2fc97fb7cd5355d6b575c2c76,592,0,0,9.574974,2.180544,-1.5690918,-5.384281,-4.4153023
597,train_images/331b87d1b9d1.png,4c2fd33efc321208823da6eda1a4f6a5db7975a91430bba503469b74142146a6,597,2,2,-7.1457863,3.5345268,4.168976,-0.0475235,-0.53199005
598,train_images/e50b0174690d.png,13b93ac715b9d4d65e817c59e176ae1035674aa5d1b837675ee4da03577b8d94,598,0,0,5.264946,2.9899435,-0.5574341,-3.7556076,-3.6355972
608,train_images/4dd4a4bf2421.png,e475a62b053c477aeb150e03ad12166b5db8e9ada7a52ebe010e43019ea31b23,608,0,0,9.111399,1.3307209,-1.7943535,-4.536934,-3.7500076
615,train_images/870fbe6eaa68.png,0f3ad09779b61f2370a3c2bd3526fc2eca310a5c387f2dda52afbf33e0ac35c8,615,0,0,8.036579,2.7360315,-0.97774506,-5.588112,-3.869419
620,train_images/28503940d10b.png,969d7a269e24a0a068bce697266283cff35d6cdce637f11a78edb77fe18d4185,620,0,0,8.596176,2.277359,-1.2068481,-5.8890724,-3.4416351
621,train_images/f1dc26c4bfa3.png,4d930ccc7c774f2c0bb23be92eded8b0a548a1f4c67f7370fb8d13feff5fdd5f,621,4,2,-2.4309616,3.074338,4.019062,-2.8678627,-1.6757088
623,train_images/46923eea9a4e.png,5fc0607e8a2177b14605db192199e764176b0b3ffb8b1d6e61207a0afcc9bbdb,623,2,2,-7.397217,0.49873543,3.5105324,1.9403992,1.4083138
630,train_images/687759336b0d.png,4d80e964f93e5d5e7fbbab72ef7c2d30f7b54cc92a195dce1f97049b51612de5,630,3,2,-5.9533997,-0.14866447,3.3986855,2.075241,0.66574097
638,train_images/af7a36454670.png,1396c3ca0b3c187b76ef2c8f9e59552c2abfb9e859b80f40c2f675c645e03414,638,0,0,7.286083,1.4512472,-0.4429245,-5.3182335,-2.6492844
641,train_images/c23ff6dcf15e.png,d0a935345e284e0c3771f153dd1e7199c676eae390ac6ba3d231c2439b2ff0b4,641,0,0,10.850342,0.8677912,-3.4511528,-1.4659691,-6.3984528
644,train_images/c70d09370109.png,2dcd43fa0ede167ac271ee1a53fb745d776315de2ae0e84a0828101a1a063fd9,644,2,2,-3.37714,2.7262917,3.9447594,-1.4942207,-1.6920204
653,train_images/a763661f98a5.png,47aa0f85ec0edf44f4f0563380da494861654dbc323be604cc03e5b2387d9932,653,3,3,-9.260056,-2.6101246,3.7694397,4.220886,3.8112335
657,train_images/9cf7c1349673.png,b55338deebf115c3d21afc852c05d773cc540eb605450c5e0dc7980851761470,657,0,0,8.82431,1.2327986,-1.2054977,-5.0090904,-3.4966927
663,train_images/92b0d27fc0ec.png,520883df0f5735ebbf1e21b085ecb6dbe4f8b135511616203183416afef4e49e,663,2,2,-3.7743607,0.28420448,3.6934738,0.15785217,-0.3256073
669,train_images/99ecdb41d5e7.png,84dd8e723f1c3aae98231ad77b30ac22ffb8773290e8dde730977c825e89dd0d,669,1,1,-2.0838242,4.8941584,2.1212082,-4.753456,-0.020183563
675,train_images/2dd28ac497d2.png,ed2e559e40075b74cee96624c1a113545df2b5af5b1fc247543300af6b406d95,675,0,0,8.191223,2.5069122,-0.86637115,-5.1325264,-4.3433876
678,train_images/4036471a1bb7.png,c169b615fc3828c0b27effebb1f641055881c25478ec98f9ccbba4c5b1fe528d,678,0,0,8.972324,-0.06319618,-3.1123772,-1.4782066,-3.9714737
681,train_images/5bda2ed09e62.png,f42fdc28a12c29a9983866a144942db216bdf497899e60c95f208459b98af655,681,4,4,-3.8345032,-2.0593262,1.6165199,1.6040573,2.7308426
689,train_images/8871e6a26596.png,da20a47b0acc5f0d9baa4f3a70091aed316d451ea2918e5bc7210f2cea1f6c23,689,2,2,-0.912796,-1.0265274,1.7287827,-1.0665817,1.4215775
699,train_images/882a71de424e.png,d28af9aff3530667b2fcd2d53d33a18974e7c946e9bae86d92f3f7d09b378fe0,699,2,2,-2.6356506,1.7353611,2.4595375,-0.93217087,-0.5485344
706,train_images/caec68f11c86.png,99a959fb829c78ecc0d79687fe089274d14e3645dc8dba28f63c31dac7056895,706,2,1,2.8529549,3.198783,0.49957275,-4.153614,-2.15456
707,train_images/a627eb8c08c5.png,ff5b18a98000c6f285938dcec5031a71be9483e76bb3840b431f31b5991c5d56,707,0,0,9.683456,1.8609428,-3.5639305,-0.5525131,-7.0541306
713,train_images/7347f5133a6a.png,5e65355fd943a67be5890b25317e11a42afa858f5233bc91e0fcbb99a36b2148,713,1,1,-2.2276192,6.4396133,3.1742897,-2.6746788,-4.559498
716,train_images/bb45257258cc.png,c265dda2673557cfd9203590574cb0330999eae60f6f99f0ac3c032b13c6ea19,716,1,1,-1.5243034,4.000787,1.2428093,-3.066101,-0.510643
719,train_images/417f408ee8e0.png,a490f431b94f16d4ae8c7786a0f1049aa9b8e23c296b99e3cabfe8c8a7941a16,719,2,2,0.09756851,1.7168474,3.9814034,-3.2503815,-2.3980675
728,train_images/735836b1ffa6.png,8a3b6f7cc9578c2f138d94f9498757e7a15d515b1b1b0c2d98c57476323eb397,728,0,1,-3.5366821,2.9227114,2.7341805,-0.45848846,-1.5862503
738,train_images/cfed7c1172ec.png,6e576ed4315f8980ced4649825588d9cd2eb5f1fcac45af20cc2f03a1968d081,738,0,0,7.4404106,2.7295876,-0.7329216,-5.2131042,-3.8656464
742,train_images/eadc57064154.png,f5815e88fae63304be0aff0720784cf8a7858b992e4585292e6c00e1e40da6dc,742,4,4,-1.4051208,-2.976122,-2.5560837,2.4672241,4.543297
749,train_images/233d948e2544.png,b66d72a14a58fe88106bf2700daea080ea290ddd1b2588edb91a5f980b71b481,749,0,0,5.7602825,2.102458,-0.54192734,-4.4034195,-2.6078224
753,train_images/a476fd984005.png,c6b2e9068d9a77c452d9ed1479c3e5a469dbb4f26ee4a1171c7732260a6de185,753,2,3,-7.492527,-4.5262547,2.2411804,5.3339157,4.400509
756,train_images/06586082a24d.png,40a5e8858e5acdc785e874549ede3b8f7f3bba80a8cfa0eeea60e20ae00b6b80,756,0,0,9.372934,0.913497,-3.2203674,-1.2106209,-5.4921837
760,train_images/d7bc00091cfc.png,734c2995af176bcae39f20e0ada1c064d7f8e377f7e6905825a70ce38373d1d3,760,0,0,9.215141,2.3569393,-1.7997704,-4.49432,-4.886757
761,train_images/6c3745a222da.png,f5815e88fae63304be0aff0720784cf8a7858b992e4585292e6c00e1e40da6dc,742,4,4,-1.4051208,-2.976122,-2.5560837,2.4672241,4.543297
764,train_images/bdff5d8bddf8.png,4090bb2a0e897d36f4882531d8a787c6106975faafa30e53d3d267736811be30,764,4,2,-8.592873,-1.9694195,4.661396,2.3075485,3.5352821
767,train_images/878e356c8fc9.png,af5cfee1fb6309801f059dcb77139d5b2a2421f648bd5e3144170a37d3134531,767,0,0,8.545221,2.574625,-0.65364075,-5.090351,-5.023674
775,train_images/44a4d04162cc.png,164e92ff3c51c0afaa02c5b75579bf86b15d5590c5809654ab286e39f00907b5,775,0,0,8.821747,1.929265,-1.0236588,-5.9164047,-3.4616013
776,train_images/41345cec5957.png,91d3f65d8fda4f709f5758435a3a9ed15e41d6ccd6b767d6fa1732fddf8a6818,776,0,0,7.9767933,1.3547544,-3.1097374,-0.28686523,-5.5867233
780,train_images/cbc2e57447c2.png,b1b6646175257813239a48c013065d101562b40cd6ca5d929e8d1116728fbfa3,780,2,2,-8.025326,0.16593361,5.1182785,1.1474304,1.6112785
787,train_images/310c27067ac0.png,5cff1cdeaf88dd1aaea1e6211bcf5af0ea786cbb2c44a20ddca7a5c83c687a8d,787,2,2,-1.5496712,1.5767908,2.2465935,-2.107071,-0.024375916
793,train_images/04579e31e4be.png,4c084c2556ff2575b472b400b54b82c21cf9fbde6568a0d215a7f7cd8d4753a0,793,0,0,8.778736,2.1846638,-0.8032074,-5.1569405,-4.6341476
797,train_images/5995321563b7.png,27429b72e31105d93af73930769ce0683d7d19d36e4a9bc49a0842c9a359744d,797,0,0,9.373688,1.5687466,-1.4874077,-5.3759155,-3.7039185
804,train_images/ec6f1797a25a.png,a0178618641fc9ceec78529a603a7527d9a43a6d9350b63da1019df4d8b1cb89,804,0,0,9.627382,2.3402996,-2.0363693,-5.0168877,-4.5392036
807,train_images/38055d8b9f08.png,400ac3f73a84c18b7fffb32eedd393b4ff017ebcb7cd96449e9c919e670c65de,807,3,3,-7.969963,-1.4482841,2.8919792,4.7650375,1.6833267
813,train_images/cf6551521a35.png,9712c527315f8b295cd66c57a747fc912ebb8c5d5d6a1abce95de81853df2de3,813,0,0,5.478058,0.8681841,-2.0415344,-1.181572,-2.8712273
818,train_images/4ffa38550c95.png,5ed59482d0dab55a5cc3ecf2559b0590f0a12849675b0c059ded39d296e1e68f,818,0,0,9.9512005,0.3442049,-2.3586578,-3.1064758,-4.5143814
826,train_images/18b7e34eab8f.png,30f3115a0817e47cdc22affac8d5dd1deb6bb1609cb31aa7cd6dbcdb455eb60e,826,0,0,8.447611,2.7436008,-0.70703125,-5.5727844,-4.558201
829,train_images/f901d460517c.png,45de2fd54fd2af8349e9695fc43c64ba964c7eb1f143dbf1a59c5fa425118aa0,829,3,2,-6.371357,-1.788126,3.7635612,2.2192078,2.170536
830,train_images/e7fc93ac5b6d.png,074f465f24752990c860c04b25bf936a936f1ea5bb44fb2e826058a167d31e9c,830,2,2,-3.8547478,2.5522614,3.9563866,-2.2919998,-0.27490616
835,train_images/1b3647865779.png,8af62eea0b67d6af8e8bd28b910424744e91867f974c5b47ee766cbac7f60b58,835,0,0,9.97415,1.3000631,-3.229229,-1.508812,-6.1409416
841,train_images/cc12453ea915.png,91cc2edaac71597595e8608d2dce9cb3d184c82d91db676702be6d437275d64b,841,1,1,0.9897156,5.2390566,-0.10972214,-3.4484825,-2.438305
848,train_images/7ed4128b2a4e.png,2f347bb41dc2815eb939a8d1c63b06334b9b1eaee8841a44b32d1f494f004389,848,0,0,8.471022,1.7286501,-1.8753929,-3.7990952,-4.1484413
853,train_images/cc671a73e1cb.png,455ddbb4b5db8821d7b443cd5d0f825ca2ae9acd67f3c010fac86ae0c6e1332a,853,0,0,8.352125,0.80712605,-0.165905,-5.3461113,-3.3021622
859,train_images/8785b71238d8.png,cdb9288c5d185e7085068fdc0ffa473cfb6a18e395ad1be7d81bd3a53dba09d8,859,4,4,-3.0784492,-1.9463329,-2.1038132,0.6188431,6.55748
862,train_images/a44345b27804.png,32ae91ec6e7762bd86c72cc31ecd46ba06f75e21380843736e193abaadf23759,862,0,0,7.3523655,2.572732,-0.77994156,-4.6039467,-4.2048683
867,train_images/7e9458de5707.png,a26714e8bc6050589b765aec85febf6270fab9b637b67efaf803f2aa7aea90ea,867,2,2,-5.130802,0.8430519,1.8193436,1.0405121,1.4758606
873,train_images/3d2ecffe0386.png,50deb86f2a36ca1f1e74c374a804d36f50852cdae4a99b9a88b8efb51ba7671f,873,0,0,8.868694,2.6729832,-2.7157974,-2.393303,-6.0906982
878,train_images/0da632ca45e0.png,a21ad1bc71df6d3cecc898a30b2790e5712640f8d74ba37b4803476bc90fc455,878,0,0,8.901739,1.1508493,-3.4660225,-0.90655136,-5.3041496
884,train_images/6cee2e148520.png,e6e80a3cd3f760dabdcdcd5b99ead684e309aa0e33499c6b09755c56de327554,884,0,0,6.44149,1.5481071,-0.9631767,-3.6595917,-3.0356789
889,train_images/191a711852bd.png,89139434b7b2f5f67a76ec44cbfe2eefd6f0cf0aad8a663fe80e630db811abe8,889,3,4,-8.10582,-1.3606739,-0.5277977,2.3486252,7.550785
891,train_images/1c5ad36fb799.png,b2365d5007cc9a1e9bbd88cf3658ff34a93ea8448cd2f66dd4216bb0845f2875,891,2,2,-3.9927025,0.19301796,3.2177353,-2.0792542,2.7050018
893,train_images/d85ea1220a03.png,aa6bcb0a2b27e2cb806eee7a39cd3de3a9af1ab8890b122547f3156fb2885708,271,4,4,-4.680401,-3.402195,-1.0410156,3.8134842,5.322502
897,train_images/badb5ff8d3c7.png,1c48ed154b6b7d7018810809fc62c9504f67b3791521f5dce5c083cc6b2f58bd,897,0,1,1.2161789,4.762727,-0.007663727,-4.720745,-1.0401382
909,train_images/9d9bfefa809c.png,1dcd5179b770f6b8520566bd9aed940da25402e7de0fdf5bb66cc78004419c81,909,2,2,-2.8437195,2.4007425,4.691475,-2.6343231,-1.4561653
912,train_images/45369821d6a3.png,a51f0f8a1a2e1ea7487ceecb66986f8c3c60ef551cfe8ded09d27d4526ef36d8,912,0,0,8.752295,1.5534954,-0.8965683,-4.951256,-4.0760307
918,train_images/e582e56e7942.png,a0ea824ffe6064331c6ff52e56c3178e55e55cb86ff3f1f09fa469fd98526e89,918,0,0,8.453869,2.445798,-0.42206573,-5.9423103,-4.1690254
920,train_images/6bb30ec3231a.png,e4ad7f024804dd7d6eb885dbd5d04d0f1c25c09182c903a3ee24ef988967ac1c,920,0,0,8.29245,2.4225368,-0.74962234,-5.248272,-4.3511505
923,train_images/6f4719c6bb4b.png,49fe227c010210def4729f6c1d67090907d31d2791c3ec3f11196d12d96a9c22,923,4,3,-7.6316757,-6.5457344,1.8361244,6.980835,5.2667274
926,train_images/aa10a4b2e709.png,5dbd96c4c7098f9c10cd45060e85fa06bc4052f903fa8f02c6bdde7a7bb2293e,926,0,0,8.340151,1.5994635,-0.37141037,-5.062065,-4.1539116
934,train_images/549381330191.png,fdad2ad2867e2a39801872edefb9cd6ccdaa62e673aa24d6373c679d2bd4919c,934,0,0,8.073069,1.6301165,-1.1368294,-5.090122,-3.11969
939,train_images/a7b0d0c51731.png,55623f64fa2881a1b80c321f710de228ade68e0d194b73918ad10639b0246257,590,2,2,-3.3677368,2.9372835,3.9573479,-3.2489204,-0.16436386
941,train_images/0551676cc2aa.png,2093d82b7df10e69cff908bc84c628ddc1c3db1eee889ff57af0eb89b00c9ecf,941,0,0,6.4688416,1.5753565,0.56048584,-4.8005333,-3.4984093
943,train_images/5f51192841f7.png,120a8865d14c497cd15148e522b979fd3cb73c8a8c1d594c8ef9a973c288721a,943,0,0,7.9713707,1.2974987,-1.3988609,-5.04475,-2.4903412
949,train_images/d9d2631f043c.png,d8edaf0eb25f3a1ce50951262fe55f05b87f52cc70ee2031425e66c08d294032,949,0,0,6.3722878,2.423689,-1.3801804,-3.8560104,-3.2182503
952,train_images/c9c563864ab1.png,0d27bd3036f3228ac8df3d5b89836dc94bbac79e450c2650c15153504b2bf2de,952,0,0,10.378403,0.46154785,-4.017128,-1.7733727,-4.704899
961,train_images/7ccb267fd394.png,080257579826ca840dc4afe96e68bca9fc58937c5c1f4274733ee3f4b72dd053,961,1,1,-4.1616974,3.0731726,2.750019,-0.9075813,-0.67944336
964,train_images/b7e0f95353f2.png,7b5f10c973b381b40da94ed0d6e1ee9f3e7443d88d8030036a14d2a5be3d9176,964,3,3,-10.27224,-3.6522923,5.29768,5.386856,3.132286
969,train_images/f91cfa82b9d4.png,576eb48fdfe1be325ed2027928c1790431820a7299a5ef7524a98e777958fde0,969,0,0,9.120861,1.0537386,-2.7069016,-1.8207512,-5.285652
971,train_images/4b618537d52f.png,fb068ba83aff355e355b10b4e063af1b1aa283b43fd5b1933f94e9741466a4ea,971,3,3,-8.872501,-0.3611412,3.299347,4.336029,1.4853783
977,train_images/07a1c7073982.png,0fa138526248a7a8518103a91e3055e2a5354cb07f058603202f3895434bada7,977,1,1,-4.0508614,3.384141,2.4484634,-0.9232712,-0.7479553
984,train_images/0a09aa7356c0.png,0b46b60beded0b299ae951c5db98941b492c10c0e266b12b3a74e289291c82d2,984,2,2,-0.9722252,0.9068775,3.6123276,-1.9645004,-1.427227
986,train_images/f7fec8935126.png,0757c37cbcba8f12c151f2fcb14338cfd8a3726ad497e96ac51838ef29614644,986,1,2,-6.5280495,1.0389843,3.0052872,1.1200256,1.3720322
990,train_images/904b03ad5594.png,9483e7015051e22baae5251eeb56040d4ebfda4e993487f5f67915974a135df3,990,0,0,6.402088,1.0095406,-0.9018593,-3.648941,-2.592289
995,train_images/fac399455195.png,dcd9d7df4f8f6e667bf078c7709b458aeaa662f9a199a85cc3708aca067aa64c,995,2,2,-5.897648,1.5282612,4.7614326,-1.340519,0.988266
1004,train_images/aca88f566228.png,12a07df5bbe335d27c04b0e874d773c8e525d33e4a0e56dffa0bfa59d8172d46,1004,2,2,-5.1598434,0.40143967,5.356674,0.1871109,-0.7698364
1008,train_images/cc3d2e961768.png,47f9dc0e2ae6c260ebb4a796acb11d26f152fd8a81a5d313402918ebb60749e5,1008,4,4,-9.766666,-6.917425,0.6713486,5.0190125,10.899944
1011,train_images/b7ce561a7328.png,fbe30dc7866816cc627ddf57cd92abaebed33d2c96298ebb54043887343131e2,1011,0,0,8.594927,2.2145529,-1.2552414,-4.7136536,-4.470562
1019,train_images/5a27b9b2a9c1.png,1b1d76e303d047ab1e7cc3a2ac1b2ec7665179db0f49c3c854f8ee03d7032877,1019,0,0,6.156082,3.101591,-0.65662384,-4.4668083,-3.8069725
1028,train_images/8e6df9eedcd8.png,5248c530abf5af7c2b30bd7e5de4ceda3f6e15fb61f0888db70c0c272d3e9768,1028,0,0,8.383135,0.36051083,-1.7543297,-4.4439697,-2.171566
1034,train_images/60e269e3e188.png,2ba34c9b9ceedf72cd8f15642cde92043972ecf68458c5315c5c556ef19d0e25,1034,2,2,-6.1317024,1.222703,2.843834,1.4687576,0.6183853
1038,train_images/ca25745942b0.png,bde489d1aa35a7c439bff6afd4ef5b0fc8cf12a30e576385ac3637ac9fff6d6a,1038,1,1,0.63386154,4.8719788,-0.32209396,-4.1778107,-0.81202316
1040,train_images/d78b7401096f.png,2af03769dc9f9d515afad29bfa9d4ebbd12e30d04fa9571175475186920c7b9f,1040,0,0,3.8550186,2.2403717,0.39557648,-3.2410583,-2.9927979
1046,train_images/d774692d9919.png,a81b5c079a9d08cdb49be1ce1e962e6c2cd58d732ceb428fdebd689d0584080b,1046,0,0,8.789019,1.9770422,-1.4808655,-4.55418,-4.338463
1052,train_images/959dc602febc.png,6a7d1411ca477ae49334f02d59376887d8c55f811463936b63fe2f4816646976,1052,2,4,-8.512459,-2.2168312,3.3589935,3.5612564,3.7277527
1054,train_images/bb5083fae98f.png,63261e7f15632b5f6fb667918c2e1865f1dfb36aa77dc5cdd7d21debd43b64ca,1054,3,4,-4.6932144,-2.1949425,-2.4423065,1.519043,7.7801895
1061,train_images/54cab3596214.png,3686f562c7264f2489ff6bf94259ac24179695d3612517bbc9434dd925d4ea12,1061,2,2,-1.629818,-3.6335983,2.8444786,1.9345474,0.5353966
1064,train_images/a88f68b0b114.png,27243104b004af81a507cd155b1e1acccc193fc34ffe8e5a3298a7bc1cd3ae51,1064,2,2,-4.0007057,-0.65091324,3.419075,-0.02683258,1.2794456
1069,train_images/8f1e7433a95d.png,975d3ae21b7a64bf5956fa60670120ed44fadc37da0482a08be9021c0f3e7e5b,1069,2,4,-4.218788,1.7451324,3.237606,-4.0668755,3.3525734
1077,train_images/613bacb35c05.png,920b50db0f8d6e73569b7ad6bb9113565fcc3fd102662d3f009e0c74a70ea41a,1077,1,1,-1.0542793,5.518154,0.94617844,-3.4063492,-1.8154564
1086,train_images/5b3e7197ac1c.png,300f89c62c0e2eb3b60df75803be69fcf33c05a63c8bab7577f0f8395edd164f,1086,3,4,-5.3751717,-4.133095,-2.1116714,3.200966,8.300827
1087,train_images/29f44aea93a4.png,012499cca8489935d7691f4df7d82998264d9e7dd1fa710801af4e5c8b944cfb,1087,2,2,-6.0794487,-0.12558556,4.313755,0.65935516,1.2762909
1091,train_images/1dbdc32c17db.png,51ba53fedc434568eaff7c6195a2cf3ffbf609e2b62573951ad88dd699efae9f,1091,2,2,-4.9047127,0.68617916,4.574459,0.0927887,-0.40249634
1097,train_images/0d8f60ed9280.png,33b32d93b6808e1e0bc35c9f6935be574fdf58145a1efe8311c16d78f05a1d81,1097,0,0,7.9662743,-0.2653885,-3.1936798,0.23098755,-4.413315
1104,train_images/d9ad2a0ec026.png,4dbb002a6252332bdf4856cbb7bef2ba10344f89a00e29ea73ae59694f522164,1104,0,0,9.126751,2.0104399,-0.9302292,-5.8252296,-4.037609
1111,train_images/c0f15fe3b4b7.png,56f58a085483d00e0e8f8ae5e02689373d630736fc74f9ee6fa8f238db661ce1,1111,1,1,-3.6977158,5.2941837,1.4856911,-3.045124,0.115600586
1115,train_images/2fde69f20585.png,4c617b0667d1083e09b1e2059d9d9ff651fac14429e05d4d3ad369ea2c685d1a,1115,4,4,-6.438732,-5.9720707,-1.2045212,4.4394455,9.088169
1117,train_images/dccdf750c962.png,1f5b7367f65450786fde9dc782874466a2a884431f2fd8772bf7ee47e7b9ece9,1117,0,0,8.911356,2.2003727,-2.1377106,-4.2213707,-4.3787727
1119,train_images/b498b84d383f.png,54168e13fbe2b48ff99ef90381f23df330f08ef994cc337bd51fc78d81e6abe5,1119,2,2,-6.722206,-0.3343506,3.0093307,1.1340942,2.9269218
1123,train_images/fd079d2e93a2.png,8f3465d89bf75a5f3aa855c0b980476a05c96146c8108a4ea8d9898ed3457e26,1123,0,0,8.416267,2.2787457,-1.6073036,-4.761818,-3.9577827
1133,train_images/fdd18ccbbdc5.png,23a0dc2869304a2f9a2bba8d985ee50f332805a65bf38e0cbc78ff2358c097b3,1133,1,1,0.4399681,3.6723347,1.2106209,-3.78714,-1.3208656
1138,train_images/4c635a01593d.png,c4b2acbc5d5ef430e2c1a53a4eaad65f90876f4c693ab9fd8db73540c74f5eea,1138,0,0,8.545542,1.6683884,-2.591549,-1.9781723,-5.301937
1142,train_images/52edbe29d655.png,e67ad6ac3cbcc176ce0f823b0876e229f2bf98755116f20891880a332718d7bd,1142,0,0,7.0162907,2.7150936,0.05252838,-5.6184845,-3.829876
1152,train_images/f64b6e85f1c9.png,78be606419d7b256743b710b273c3e7d8b39fa1271b7dbed44a44609ea2571dc,1152,0,0,9.953764,1.6166754,-1.4275169,-5.829048,-3.9450302
1159,train_images/b4b04d81acbb.png,f58cbb0fe9d361ffab6a7a34fb9442a813e79dea64a43c54039350faf71ac7f3,1159,0,0,8.137869,2.4491024,-0.9115639,-4.9498405,-4.359028
1161,train_images/8fd7ad26e691.png,d386d6b040f09609640ed91cddab7a784c044e0343256680433d0b9210fddcb8,1161,4,2,-5.5724487,0.17706108,5.594475,-0.4490509,0.30283737
1163,train_images/962c0fc85e13.png,2657fa588b2b5179bc4a69a7f558150f383bc7e608b3d51c61d55b3e4d769061,1163,0,0,6.9466324,1.4596882,-1.0853996,-1.3750916,-5.6289787
1168,train_images/5069feccd866.png,9bf42bd16a556775eeaca02212b8f8fb71d127a2f1027c33b202b10a09d6e5a5,1168,0,0,10.7388115,0.46244526,-4.2184486,-1.6395721,-4.9680023
1170,train_images/2a2274bcb00a.png,1867bcacd7b061c6b2130bf2df97cac8d8f120a1e6af9fde21f27f94907dae6f,1170,0,0,6.4578285,1.864852,-2.9502602,-4.7225685,-0.33987808
1179,train_images/ee3fe7809e6a.png,b333414251bdbf4d05b986a5c30fd47769dd6910eebfac6128bb136b7c4c7194,1179,0,0,9.235409,0.5739136,-2.717125,-1.5835304,-5.155155
1185,train_images/89d9c071a56f.png,4cb61161b1e5dc6ac30032b86712b7dff61b5fa801a2566922f421694e677516,1185,1,1,-0.35633087,5.0402756,1.4402122,-4.7359924,-1.2141342
1188,train_images/97bf61736b86.png,7edd37e7da64ff0d9a877a8ebf2495c08bf18b4ad38bc5feec88971d5ec33315,1188,2,2,-4.980755,0.18710709,4.0236816,-0.73944473,1.5924988
1189,train_images/906d02fb822d.png,c97335909a9b779764d450b413722ff94edee078b5926fa868a5bd75d866827b,1189,0,0,2.3857193,2.3167973,1.0847664,-3.5182,-2.0465279
1193,train_images/4bd5d0b30198.png,e24be7a9a7895321a075af4ed09d77ac1b7ab49f0630025a4590327c0f35d982,1193,0,0,7.4285736,2.9784527,-0.96648407,-6.5769196,-2.5502052
1197,train_images/00cb6555d108.png,bde489d1aa35a7c439bff6afd4ef5b0fc8cf12a30e576385ac3637ac9fff6d6a,1038,1,1,0.63386154,4.8719788,-0.32209396,-4.1778107,-0.81202316
1202,train_images/fe2df69676cf.png,69d96d4682275d275a2f11d0c681bc1372fc00d89468f3481b24e7d809270f82,1202,1,1,-2.7167969,3.4161568,3.0253525,-2.5879593,-0.96964264
1206,train_images/39b5b05d6cd9.png,b3655add974ff8bf9e9fbd5f3925004471c37064c0d993ffcb4b53212177629d,1206,2,2,-6.7348976,-0.4139347,3.874588,3.2372284,0.041610718
1215,train_images/f7defe70afc3.png,501a5eccb7ddf1954dc6e94aed7c92249ec1d8e234de74dab165d5fd83abb476,1215,0,0,8.982771,1.2858162,-2.9264374,-4.5326843,-2.4398155
1221,train_images/af345c68e836.png,c27917554ac438f3aefce59a5b0ec88106e177a73bdbe601ff2583927eaf546e,1221,0,0,9.292034,3.2908363,-2.0944786,-5.1670036,-4.9498825
1225,train_images/f0f89314e860.png,95a6d513a8508766558352bac1e4a158a6996fba6abace1da536b37b9e266325,1225,4,4,-9.827938,-5.0132656,4.2384224,4.753502,5.7624702
1232,train_images/352e4a939242.png,e986cf2457956d0fa8fd52a174ccff26717d15330304e3844019ce446fa0cf60,1232,3,3,-5.7794,-4.678379,0.93439484,5.272133,4.217888
1237,train_images/69b3a00927fc.png,ca92f2fa85e475e5f200deba85c875cc93989b2182debe28d7928694b63865dc,1237,0,0,7.609522,3.241374,-1.374073,-5.032379,-4.0768623
1241,train_images/cb602182cde3.png,ddb1e1d97941491d746575bc8232a3b9a3e9db436c49102788cd86ebe728201a,1241,2,2,-4.2056694,4.3580303,4.5624313,-1.0435143,-3.5913696
1246,train_images/3dbfbc11e105.png,966142bf07a9fb21c3860142da63f0748f684d80b107ad4ce253024ec6c27ba7,1246,2,2,-4.012127,1.2902508,3.0809364,-0.5831909,0.31645966
1247,train_images/9c52b87d01f1.png,07086880d7671ed61012937727224700294593d3a449a03569a63016289afd49,1247,3,2,-6.117058,-1.7552452,4.656563,2.298378,0.933712
1252,train_images/4ad6109706e8.png,4043542e4532477d42c36a518fa5b4f3ec3f12e1096dd5012f0790efb7c8edce,1252,2,2,-4.855358,0.90474415,4.326763,-0.7606087,0.44187164
1259,train_images/a8a6588c8eb7.png,3955d3038477fd15c6a22a83340ac0d65a21bac00b1ffefef335bad46f2889b6,1259,0,0,8.696175,1.3226299,-3.1249466,-0.9887657,-5.574085
1265,train_images/b9519abce0c1.png,a917f2becbb1966fa965c9ad9a7e4c5d9e02f13eddf1c94e910be9c207e99c97,1265,0,0,9.368298,0.29227638,-2.873848,-1.2369919,-5.19788
1273,train_images/2ba0b0d9bda2.png,ebe898cb933aa4442640aa161cb00e12006ccddacaeba3074c04e8c2f7ad9d78,1273,2,2,-5.60775,-0.20735359,3.8746185,2.1355438,-0.19403458
1277,train_images/cb28adab4e8a.png,153a51c5a21f40ada6050d4d19b18062f252113b964c641aa7dec5ccc2a61845,1277,0,0,10.287916,1.3384991,-3.0554352,-2.1425552,-6.049877
1280,train_images/3dfc50108072.png,1acec393a3edb9c91be8c9fc8322297ce5efd4974532b931bb16b033a58d6d59,1280,2,3,-8.574387,-1.4205265,2.083992,5.1971817,2.626896
1288,train_images/f0800723bc63.png,2da0c88063982d10972322be026b0afdf7194441fe2c9f291d93e56ea8d165d3,1288,2,2,-4.5165863,1.5726528,4.3896027,1.6239548,-3.0220146
1291,train_images/0773a1c326ad.png,75d5faec0b1674b0e8bf41415495015f351f91575293a290dc2cc646b6a847dc,1291,0,0,10.009615,0.7727289,-3.3874092,-1.6350822,-5.3726654
1297,train_images/add1d681d712.png,0d1f33d1df4904120ed8d3d4317635aad010d0b72b743f15a9cacc64e6672717,1297,2,1,-0.84412384,4.0532484,2.735653,-2.2091103,-3.6289291
1300,train_images/71c22da3d6c6.png,33cd1318ff44499f657d6e37f9f946f5fdc29f284fdd0d745497ce1df7e8c92a,1300,0,0,10.770395,0.99096775,-3.928238,-1.1664276,-6.2569504
1307,train_images/0ce062f26edc.png,35b5c66c9071b6e259aafbb73ba0325e5b6bd4e75c746b8e7994e7f92a7becc3,1307,0,0,5.6390724,-1.1871891,-0.9554329,-2.5668182,-0.6236458
1309,train_images/ef7eb85b75fc.png,dc36da11e91b39706f9de3efa5f15607af0f8e77be5a18e413f6e2dce22bc164,1309,0,0,7.037716,1.9210463,-0.35652542,-4.828598,-3.4270554
1315,train_images/21d18b022429.png,9879f9de7ac388fa6cbcb0225e36ac5b6f08c1e49d1a9dc631d11ebd063bfd13,1315,4,2,-5.7969933,0.31647682,2.769062,1.7882385,0.9835701
1320,train_images/785777558f05.png,4f982d65ce5bc1a61fbbfa2784d06f1f82193caa11424d8a70ac972edf5b070c,1320,4,2,-4.563751,-0.6390629,1.8914986,1.5505905,1.82407
1324,train_images/aed4e743c230.png,ce05f0e9c4272f1104fe2cb4df020f92b2fe84654bda9ec78a8df00406dd4be4,1324,2,1,-4.612049,3.7456121,2.57893,-1.9088669,0.2938347
1328,train_images/9041eb43456e.png,dc12c710d492b7182b0bcec8fbad931be409e1832a9fecf628cbbd4817a3b75a,1328,2,2,-8.32822,-2.6527596,4.0385895,3.1169434,3.80616
1341,train_images/be3a7d9e981e.png,725320d109d5d4805047358f8f025f48ea2fe0d3833b9a4f1ae2defcc867817b,1341,0,0,8.545166,0.33416748,-3.5686684,-0.90467834,-4.073593
1346,train_images/29f9e1ac9507.png,030b7fb7cc1ad46acfc54736b6c524f03159a0882bee39468d4b125735dcf73c,1346,0,0,9.456245,1.9208145,-2.3315468,-2.262661,-6.4106674
1349,train_images/6b91e99c9408.png,d30574bba09ba36ee383af6bc66f433c118b18d38c32c5f101e4e1806e87a53c,1349,0,0,10.250689,0.08265686,-3.7527542,-1.2414322,-4.971531
1350,train_images/c7b622ec8104.png,5c8d9b62c71c43822959e5ac857d1b5aa9e1c4ad503da218fea24cd605859ea4,1350,1,1,-2.007904,3.8293095,0.31027222,-3.9413795,1.9087715
1359,train_images/b3d12069e1c5.png,7449fb06a76649f9761fad556506c3f45ae9863841d8be6f940e2dcc466b927d,1359,2,2,-3.6222,-0.75689316,4.1074066,0.28728485,0.049331665
1363,train_images/9e3510963315.png,ef04949aea7f984e2f5c2849e51acef96e231694dff257dbf8c2d5fde4b90d7c,1363,4,2,-8.095474,-0.85816383,4.6237755,0.91957855,3.3766594
1365,train_images/60edda7b4871.png,b57c493e42f062cbb38288863cb75a09d1ffc07810d6ef08cacadf32fc8e772c,1365,0,0,9.48262,0.8324375,-2.5961456,-1.9993095,-5.372757
1370,train_images/a86c6283fd78.png,729387a1df3424c1c3f910356c4085c448697b72355a9506af74327221e82413,1370,2,1,-6.280384,3.4798555,3.1542969,-0.5804672,0.25099564
1374,train_images/a0445785e2f7.png,095aa01d00d4439cb28d2577e69850386f4aae68038e027d9670bba0944c3eec,1374,0,0,3.8021317,1.3436699,-1.0114555,-0.49079895,-3.4034843
1375,train_images/1a1b4b2450ca.png,520883df0f5735ebbf1e21b085ecb6dbe4f8b135511616203183416afef4e49e,663,2,2,-3.7743607,0.28420448,3.6934738,0.15785217,-0.3256073
1382,train_images/1ab8d3431ffc.png,e8d06e83907ca8a1b58d18cdec722649dcfc7a67be99539c257e032697bafd42,1382,0,0,5.6018524,1.1377773,-1.3087654,-3.0746613,-2.0748024
1391,train_images/05195a3db5e2.png,aaeed30b86e923a71f76c09b085c7eeaff4ae181d8ba326c75f42166914f9d8b,1391,0,0,7.5180492,0.4440117,-1.8520927,-4.2557144,-1.5305595
1396,train_images/b187b3c93afb.png,ef04949aea7f984e2f5c2849e51acef96e231694dff257dbf8c2d5fde4b90d7c,1363,2,2,-8.095474,-0.85816383,4.6237755,0.91957855,3.3766594
1397,train_images/b2aaa81cc8f0.png,f98ff8a883e051a12ee88761de53266fc3a9f0b5aca1d6fc23a79a371a1e90ee,1397,2,2,-5.748413,1.2088451,5.278599,-0.41632843,-0.27217102
1400,train_images/4f7755e74a9e.png,55604dc3edb5b7e7fafe3cc0ac4ecff2cc85aa858f6336807f4c6ad5fb3226a7,1400,1,1,-4.836479,3.1673708,2.907364,-0.6740761,-0.47847748
1407,train_images/4a05f81b3aba.png,6422610640bf50835413067b52de6daa2ab3e9f45c4bcee3b2c34f20500b8e6a,1407,0,0,7.1284866,2.1932487,-0.8905678,-4.8150673,-3.2828064
1411,train_images/64bad93fde3f.png,f36992c7eec8407cc4af517c6d83da7e7da5fb6a2e5b1b5bf3595a1fd5512815,1411,4,4,-6.99226,-3.0074062,0.1655693,2.1567383,7.649742
1418,train_images/c334f8688b77.png,821753c2818adb08d00a9f44c3607c075f7f6738de13e8d9b3b92c0d447415e6,1418,0,0,9.609383,2.1457043,-1.7563896,-4.3141212,-5.302452
1421,train_images/6d0c0531083f.png,7041971d07ca235c0aa3e6eac594bb3ccc1e6949fcb78bceb0308e3436c8ed9c,1421,3,2,-6.9640694,-0.35671616,4.486767,3.3403168,-0.5291023
1427,train_images/4df6a81b476e.png,9e771f5302a2041bba3721ca33e9ce9c2bc97256e809073a4ebc9e3c78f2e8c2,1427,3,2,-5.10915,-1.3440723,3.9643936,3.7562103,-1.2256889
1429,train_images/f366fb1cc475.png,b6a32b98e65c335d6d75122d658633b23c1b48de8f49b1890044c740799ebc96,1429,0,0,7.9564323,0.633378,-0.83547974,-5.043751,-2.3526459
1436,train_images/e4f12411fd85.png,8f3b5f407fd40cd58ff85d779ba884fef5aa2918cd7827c2df215dfd98231c27,1436,4,3,-6.1683083,-1.36899,-2.6146812,5.702873,4.445404
1440,train_images/c5e238aa18be.png,8ce31cced70e9a2eee7c9ecd91c09edbb64257d95a14be71854b73ae3687b89d,1440,4,4,-6.2773743,-0.79483986,0.76221466,1.0969315,5.164509
1447,train_images/115e42dd6a81.png,20a5f6458317cae1836e7f68c296e1fbbcc4f3c6ea797d3a9a62ca3453756242,1447,2,2,-6.7917976,1.3598747,4.043148,3.0642242,-1.7134972
1448,train_images/bd06028eb7dd.png,905bcba9f80e1ece69c0458bb0bdf5893be73971f10fe8517957a1d456390a8c,1448,0,0,8.568338,2.9695492,-1.4945602,-4.5565147,-5.1159096
1454,train_images/c3aa424eff9a.png,f7a767bab7d582abfea9034c151f25272c5c19e814bae89c79fd0a74e63f17cd,1454,0,0,7.5794067,0.75197124,-2.6777115,-2.1422043,-3.2250023
1461,train_images/a963ac561580.png,5844132c51f622b91654a81d83d4b2b156547797c486ef482901bb60084406ea,1461,0,0,8.11821,2.1797838,-1.4642067,-3.7757797,-4.6952744
1466,train_images/5905a9b06a73.png,a5a1aaa5c0f18c00f55e1f7162652d4699a8b95576e5cb57d22964ddf61f310a,1466,2,2,-4.264389,-0.3892231,3.132412,0.014312744,1.5825768
1472,train_images/d6f6bdfd8011.png,73ca7a3eaedeef1b293439b9c1f8f703663ada8ff5247bb813a8d75e4bd4aa33,1472,0,0,9.229561,1.9792757,-1.3788223,-5.826271,-3.6430283
1474,train_images/cec299c2a2d5.png,2e22803136e84f9a23ab4990081ce552e3fbb73d0289b2375f82d32ccec273c9,1474,0,0,5.670891,-0.27033234,-0.9966812,-3.387329,-0.7256508
1477,train_images/d94e10f42861.png,2ccfbb701db7bf57882f5e174b464a5aa86dadd2ab8c2159175f06ea36bc37ba,1477,2,2,-8.335171,-2.6662788,4.495373,3.1342545,3.3433075
1482,train_images/53f6c1c65c04.png,34569f7cbc1b2e6315a7124e90e8b6e3d5740fd93c8fbdcfba47115abcb530e1,1482,1,1,-1.8250885,6.645545,2.0897598,-3.9655876,-2.7765465
1488,train_images/a9b3177f01c0.png,aa9401d565ed2644e40156299d10b95dd8fe4c28d2d57e8f8944408c3c712b4d,1488,0,0,9.001692,0.88969517,-2.2531204,-2.2583084,-5.029396
1493,train_images/1f31701dd61b.png,71da09afa365b17d769c3b3f99acc525f569e2672e1bc463cf571f2b4979f2db,1493,0,0,8.844826,2.5644054,-0.6781578,-6.516323,-3.896698
1499,train_images/b468ebf5cb11.png,543e8216a71fcfa648bf1db85050730385f6d913a4c6a13057455e276173ea89,1499,2,2,-7.7956657,-1.8322792,4.5345154,1.5448227,3.5322342
1504,train_images/afc744fad65e.png,713b4db3f2194196ac92ce35aa370bb6f7556b323bb6c587bda13feddfa7c1a5,1504,0,0,9.603075,2.630189,-1.5820007,-6.2235565,-4.0568695
1509,train_images/54bbe3da103e.png,f9b264daf4c4dd8f57ded5b9a229c15c7bf3219143fd4f56a183691779a51e4d,1509,2,2,-4.1874046,-0.75050735,2.9082642,0.65117645,1.3813019
1515,train_images/1d3e9b939732.png,0e1e538394a90d5959e8a689120da935f5548bc9d9ec4c2801d93fb133c484d4,1515,0,0,8.317398,3.7018967,-0.42631912,-7.006958,-4.250576
1521,train_images/8f318a978844.png,eb33fb8222f2bcb8631185b8bec8233e6d53daad63fdaa15c02d3b38b06717a4,1521,4,4,-7.5952682,-1.8118935,0.65029526,1.7807846,6.9416428
1528,train_images/1c4f3aa4df06.png,12daaa224668fd8bc004127e86acab8a131705550a148ef963e60d2d9163ad99,1528,4,2,-5.3953667,1.961792,4.0983315,-2.0028076,1.3814163
1531,train_images/705f508d1e42.png,6fe5faa64620d71ad2d597f1bf1069b6562a5681ceeb89c1b7468f2cdeb15cce,1531,0,0,10.144211,1.1595917,-1.213089,-5.634697,-4.0678673
1540,train_images/e47770a2e5d1.png,19598e087cd8726ce0ce806d6efb9ca547f8561bff47c71bec51a5193a2770f2,1540,0,0,6.7224064,2.6301374,-1.4738159,-3.8095818,-3.7305984
1546,train_images/437900a99871.png,af21c98d24ea8cb472df19d1e03c86a4e3ba4d00394e7dbe5d21f72d4271363d,1546,2,2,-7.6791763,-0.16610527,3.7445068,3.2082138,0.8583107
1550,train_images/00a8624548a9.png,6ddee2bf8f9deaf83d323fd261b04698641c399b25bebc9336a44f24abd61d75,1550,2,2,-5.321827,1.0050831,5.154522,-0.42154694,-0.37172318
1556,train_images/10fca1abf338.png,7062f2b63ac22ad961a3e005dd35d4499dcf182c7e9aecb8e946cd47e1c4710c,1556,4,4,-6.2395973,-1.7068577,0.8791733,1.9725189,5.0712624
1557,train_images/4384fa687afa.png,7f5f7d59ccaad9245bc54b769291b20440d9a2d11a82605484855051169863e7,1557,2,1,-5.1292152,1.9923973,1.7304688,1.7485886,-0.30562592
1559,train_images/a8b637abd96b.png,48a9d85112a68daf53a05641191f84b6dbd8d03b8dd3f09d8c86a2de6ad451e5,194,0,1,2.5519714,4.6377316,-0.2412796,-4.23188,-2.4494858
1564,train_images/8c29a76fa08c.png,12f3d5fd0bad27803ba083c6e0d0753780ce10c1cb53f2574da4b932b5d1b6b8,1564,0,0,5.960064,1.5522852,-0.37485886,-3.5770836,-3.2370644
1567,train_images/14e3f84445f7.png,95a6d513a8508766558352bac1e4a158a6996fba6abace1da536b37b9e266325,1225,3,4,-9.827938,-5.0132656,4.2384224,4.753502,5.7624702
1568,train_images/8dba09a4e5ed.png,a14127138823212b734f721e1370241422986c51861ae4e6649183299353b122,1568,2,2,-5.595646,-1.6854534,4.3101463,0.8927765,2.0983467
1570,train_images/a4012932e18d.png,c97335909a9b779764d450b413722ff94edee078b5926fa868a5bd75d866827b,1189,0,0,2.3857193,2.3167973,1.0847664,-3.5182,-2.0465279
1571,train_images/b0eeae01b8ab.png,6574cbcae00135fb1d92a6acc1e97bb0671a03b97f6a3ee9b12d659505dbb288,1571,2,2,-2.110695,0.51612854,2.1012993,-0.5516968,0.168396
1576,train_images/1509d097b69a.png,ddee0f52f7aefbe08916b627e2caaca3db978e89f6668c571152395b55b146e8,1576,0,0,8.368454,2.3696184,-0.889637,-5.158165,-4.328724
1581,train_images/27fca9f12b3c.png,9cff705027877c45e41e78a012c239a0eedc35e15a90127ec2f249fee6b0e833,1581,2,2,-7.9098206,1.1707859,4.2700424,2.306694,0.123939514
1587,train_images/9688c6ef5dc5.png,edfd31658a3fb3eaddaf7da5c72f53bd600e4f4bd42bbf6dcef1de6dc39f586e,1587,0,0,9.127022,2.411644,-0.8541298,-5.825836,-4.507328
1594,train_images/b82dfa63a75f.png,8b4bd8eccff36971eea9798924742766140bfe1a18569288710156844d0133ee,1594,0,0,10.37431,0.64895725,-3.9630737,-1.7282066,-4.9522552
1597,train_images/f3cd489acbee.png,511fabe43b3480ad0d885ebac01d46b2305e5df1f7ef8676b13cd7bc8866567a,1597,2,2,-7.1550064,0.35017776,6.875595,0.124046326,-0.18973923
1600,train_images/31b5d6fb0256.png,e64f512bce732ed2e84261dfa169f6f6cfc0baa6ebc7dae274b61cf9ef99316f,1600,2,2,-3.8219643,2.1368046,2.9395027,-1.4517593,0.27401352
1607,train_images/e42d9a94a66d.png,e5f37761e851627c9aeeef6a37f88f065d996d7a3d0d30466ad3f9694196cfb8,1607,0,0,6.824848,2.1750221,-2.0258522,-3.9334068,-2.709301
1611,train_images/a02dfd67a925.png,8af5e78e55307b91f8e688ec6da8d92a5f7d98a22b8023923d4b7ef3b02c01a6,1611,0,0,7.5609207,0.39428616,-1.4833755,-4.4075394,-1.7411575
1620,train_images/3ac92ac3d65a.png,e16e4484e7f2e79eafdb843c0d305ab5edf09d6f0701b2b4e25b1424cffea5fd,1620,0,0,9.579615,1.2628698,-2.4428787,-2.0817642,-5.941883
1625,train_images/abbb8791785e.png,9f1b3c196566d13d20bd67bc429c7517444bcd9693818fc48d546cf5b56a9b9f,1625,0,0,10.537085,1.5740871,-2.087288,-5.0847626,-4.5442963
1633,train_images/780f9daaa24b.png,5666ce883e975d68922cf4b02ea69a8543abfabdb3689e276d04ef0a5a1440f0,1633,0,0,9.1303005,2.0278826,-1.0985222,-4.976166,-4.700535
1636,train_images/73d40ce06a67.png,bf4bfb23e9b28be5ff0db148e7c4d864927e9a449f3e1875bca46b865c9fc39d,1636,0,0,9.150482,1.9461775,-0.76836395,-6.054657,-3.914116
1642,train_images/49eb73968c44.png,b5ec6a6083569c6089923cf5836a4714187f3270af2287c450361f2469b57039,1642,0,0,8.658695,1.9265327,-2.896328,-1.7901573,-5.549759
1644,train_images/b927a9238434.png,f9249231081dbd6e593a57573648d1439d6d251d206292f5497638a812ad25ff,1644,2,2,-4.868824,1.4116945,4.771763,-2.8998337,1.6327515
1649,train_images/ac81fc200162.png,6b88988b5b6b905aae7bab714f783b41aa451ae9700d0e738a7bb91e64f8948d,1649,0,0,5.655937,0.46947956,-0.6070061,-3.4832954,-1.782959
1652,train_images/7adfb8fc0621.png,b30cd5f46a49ee967bc328293ebd230156434cba290d724e75acf6559bac7922,1652,0,0,9.22632,2.1123056,-1.3941193,-5.2797775,-4.3064613
1659,train_images/0125fbd2e791.png,25be4933bcc2797c0e507cf4437e302bfafcacb941f48fd84657cda51fa33808,1659,0,0,7.715372,2.2122154,-0.6293793,-4.728115,-4.2336235
1667,train_images/35362d43e753.png,0a692b37356ee7e4c6d152c48db96aa38bf6bda8418f11eb484484e984387b6c,1667,0,0,8.12908,1.9119043,-1.0291405,-5.0791206,-3.592949
1670,train_images/36e4b704b905.png,f2143dc2f371004cf5c573feefe89b87453a8c688f090a26b2400dfcfb621ec1,1670,0,0,5.432907,1.9287529,-0.48516464,-4.2318726,-2.3306885
1676,train_images/527bea76116c.png,060c1adf6806035357d3e09b512778ae877a722cd504aa670853d18c135514f4,1676,2,2,-5.3524666,2.060048,3.5492592,1.3275299,-1.559597
1680,train_images/e724866f5084.png,d52604994a542eace7e39a32c3a853b7bb38e7a271585fdc5d44df9867997d81,1680,2,2,-7.8555946,-1.4303417,4.4886017,2.5475006,2.2266502
1687,train_images/ea1d045f9fea.png,f9dd482f226c30be07330ae8fdd1887f94412b1accf0c1038d82792581135cc4,1687,2,2,-5.2793274,-0.2734661,4.4144745,0.19847107,0.97753143
1693,train_images/98f7136d2e7a.png,b0d4d28b889d397baf01efe5d67e5ba4029ab302a719e62b525c4964fb940e7b,1693,2,4,-7.473488,-1.7779312,3.458908,2.2564163,3.524414
1697,train_images/5ca73d28f17f.png,c8c2c28a1dac8e1e2231c9f40eaa7417427d5e0d8a8154e75c960e2d521ddd66,1697,0,0,10.647081,1.1993227,-3.259468,-2.403286,-5.798012
1701,train_images/e32dc722eca5.png,b426b772cb49868e0be7f5c143e7dd7f726b1fbdc13fbcf9599878e7aeec3a57,1701,4,2,-4.581833,-3.129221,3.2345352,1.9978027,2.5297737
1707,train_images/6531070bf03c.png,0ba13d8e85cb54099698e4e4c0da774809fda511251cbe064617489b0f85e60a,1707,2,3,-7.7108345,-2.7577477,3.4488182,3.831604,3.173935
1709,train_images/190a309f2cc5.png,7e4a7486f1547b4512306793a4a9b5af111d3f341ae64678425809b490b32dff,1709,0,0,8.756702,0.31999016,-2.8233795,-0.8855972,-5.0288277
1716,train_images/d8404680bba6.png,e1ec4760966ba84e0ffe89e6945e6ff441c887f12d2efb02dd8d5b1747b4a593,1716,2,3,-4.175556,-3.9255009,2.252369,4.342575,1.5531693
1724,train_images/d81338217fc5.png,6eefb8db8ed7fb7871d2f7b6a3c19a4f05512406e02c269852e8f54ddf1e6c93,1724,2,2,-4.370373,-0.46091652,3.6471558,0.46524048,0.774704
1730,train_images/6fb656d506b2.png,348aa93fe38489988e10693794494be979a8362ffcc29115f077d4fab296a69d,1730,3,2,-7.314762,-0.8574829,4.3136673,1.2960129,2.5680466
1731,train_images/6c250a30593b.png,ea393847d55129f05e357a13d7e5f9b2be29fb68bfc03a68f28ba20f7cf50aae,1731,4,4,-3.6378365,0.6009054,-0.36156082,0.018424988,3.4776764
1738,train_images/9ab18a4a957f.png,7bfd869d97691e9dd404dfb3fdee40a4de9d56362a698e5ee67031493bf745c7,1738,0,0,7.670624,0.7756071,-2.2261543,-0.47769928,-5.441807
1745,train_images/d2c6b99ef62c.png,43a1ab957af1d234367a44af83321b677f132196ecd710e31c3c998d468ee3a6,1745,2,2,-6.1483536,1.3369303,4.2963715,-0.5015335,1.0423355
1753,train_images/675de69373f8.png,de3d194672ecda1136bdf8f7f7cce58abf805cbb3f59908cadc5a0a64522c5f9,1753,0,0,9.134495,1.3421755,-3.6055145,-1.2247124,-5.270241
1759,train_images/956765d5f46d.png,d13f3770d81a02ce8e0272dbd919f4c4ea2d711464ed2459978690cb8cff4ca2,1759,0,0,7.68141,0.80180645,-1.4165192,-4.483391,-2.2668152
1762,train_images/8433a032b96c.png,29f109f7e377e5c448e8593b84cb90c16f5fd024de502d8bc78f64aea303ade5,1762,0,0,8.711563,0.6206236,-3.0691986,-0.9682121,-4.958679
1764,train_images/0fb1053285cf.png,a802a783e7534f053ba6fb206909fd76812a5db5e193a66510b37a6707696ecc,1764,1,1,-1.9454918,3.7741957,1.0907784,-2.587593,-0.19859695
1772,train_images/4e85aa647534.png,0a17efb48ec15f1f2e0a897e88cb724544019fde0cc8a787761bf18fccc33e83,1772,0,0,10.404106,1.1232185,-3.4674873,-2.2006989,-5.503071
1777,train_images/b2748ac28fc1.png,721119ce290ec2c915acf3e04fff211cc08d52e66c33650bf0eb68621970f34f,1777,2,2,-6.745617,2.2781172,2.4612656,2.2155838,-0.14870071
1783,train_images/e868c3da340b.png,181b2a618f48aeeddd42ea21713bb92ea2290da627ac3c0b569b4b276d12ff22,1783,2,4,-4.2901077,-2.498661,0.20601273,-0.4512329,7.019058
1791,train_images/a3d2a0c4cd17.png,ade62578e8474787bffd44e7e5ef4e4685e4018a171df276ec2701cec044c15c,1791,1,2,-5.83366,1.7316322,3.6841888,1.5225906,-1.1428604
1793,train_images/0c917c372572.png,64cf08685797edf0d75b5f511d6389dc16012146bb9755ed97ee9066d9d1e824,1793,3,3,-6.612747,-2.4725018,2.447071,4.793213,1.795784
1797,train_images/a32886cb31ab.png,bf2719b61ef7d882e694a3fb7bd86022f122a8967d12b711708403ff2ce8d666,1797,1,1,-1.6186333,3.3488035,1.0002708,-2.5746117,0.005542755
1801,train_images/b95d4dd8e5e2.png,2351dec02e436e7050c99fb7477bcd0739852f51b5071eb154dec53f3e224fb6,1801,2,2,-7.4671593,-1.696001,5.8710823,0.93258667,2.336502
1809,train_images/500aad15b7c8.png,b4cab74575f727fb79b2380d58742180a9c3afdf2961dff742956a9b361cb0fa,1809,0,0,8.198677,0.7610245,-2.7674713,-0.75092316,-5.109539
1816,train_images/4294a14c656a.png,4a151071e4725d309e44870ae359c01fddc818b434d3de2e70f9369018780d04,1816,3,2,-7.6752167,-1.714447,4.7939644,2.1142883,2.4474792
1822,train_images/1cb6961d141c.png,0a282f1841f895ce3ff61514bae869d3d84d3156ffcb10d918e115cc0bdbdbb2,1822,0,0,8.314905,2.2182941,-2.9767914,-1.6084328,-5.606243
1826,train_images/5a5d3798c357.png,c68754eb2523ef405c3b76a557e10a203d6197dc796703d97ae61ef761f7758a,1826,2,2,-6.1137695,1.1427956,3.8051338,-1.2506104,2.4473228
1827,train_images/767d777ee889.png,f4776054dcdd69171fb31625a2134ebaa0d5c178d2df9d99f6c2375286ad93a8,1827,0,0,7.548485,1.2860289,-2.3312263,-1.4360085,-4.7745323
1835,train_images/1e8c31e29dd3.png,05c92f4bc96fd65771975f8ca9202b934ca31fc81cd9e2859b9d4b7126ceef02,1835,0,0,8.52417,2.4432983,-0.5590553,-5.8443565,-4.235138
1840,train_images/17188c13e635.png,3fbf0480a1f80b05a5a311c6c57363b48cb35c1a4ff58c1bebf762c5895d8cc9,1840,2,2,-7.5319786,1.9343166,3.2507248,0.93743134,1.4031715
1845,train_images/74418f620068.png,566f9f7023c2c86df14f7185e16734e3df3a961b834b24e655a9651590f8f7fd,1845,2,2,-4.05196,1.807517,3.5479622,-2.0218773,0.8239479
1847,train_images/772af553b8b7.png,9911bc04a23b72503fbd07439b378996d66845174e6035de61e8a89f268098a2,5,3,3,-7.0052757,-3.8577652,-1.8734627,7.464012,5.25021
1851,train_images/61c667663f2f.png,e8fc9ceb9e23078769d1bd775fc0365b87907136cca05c96e42df769497e3702,1851,0,0,7.2596188,1.3019657,0.25157166,-5.90152,-2.6021423
1856,train_images/17d7d6b092f4.png,f41a32c35ccb5257b0d5ee3d5fbe2f4254dcf46cf69afd7d6debd483e58dc3df,1856,0,0,8.065027,0.11578941,-2.0116196,-1.6496048,-4.210644
1857,train_images/83d6e40c869f.png,52fffe493b300c59baeba3d2b2c90e533562b58bbf80fc882ef747adb09e903f,1857,2,2,-7.7777443,-0.7309551,4.5991783,1.6433945,2.2435417
1864,train_images/5e5275ddee29.png,4f0129406806c4db9dd6adeb170befb9f2117438ec45c125f53c357665706491,1864,0,0,8.753458,1.773016,-1.1280403,-4.526081,-4.501793
1865,train_images/103abbd8b63e.png,dd781b676215d252cc4798b191494bab094a756af788c8a356b31c821b287545,1865,0,0,9.042877,-0.32370567,-3.0312958,-0.505043,-4.837742
1872,train_images/165cd2070ebd.png,8cda0c372d4912aca2e76a7bab41e3fb306663f8650cbe03ef8378dbcb769bcf,1872,4,2,-7.9517174,-3.8480816,4.6068764,3.424492,3.695942
1877,train_images/e9f82b5bbaf4.png,e6bb54b34576ed057a308ce8d54db045c2252086acc8efc748c3b2a4cb8fedfb,1877,2,2,-6.3292885,0.82786274,3.4120636,1.918396,0.17144394
1882,train_images/3bf3085ac167.png,69e21837e7817cfb045f20731119d21f69c45422cb9d3a0fcc9d31d110068383,1882,0,0,9.964565,1.7327938,-1.6212425,-5.6232376,-4.070183
1889,train_images/ef7a4ed8d5d1.png,8db826d8b302ce358ed3eaab321ed6ac487f6065e895289c7786f6224dbd2ff6,1889,2,2,-4.7786407,2.2705584,3.605564,0.40922546,-1.4586563
1892,train_images/1601c939412f.png,337a06126e44eacc3296519cd83f666b6c37adc7ff9a48bd2c5ad1690a5b293e,1892,0,0,8.173264,1.5676937,-0.65140533,-4.898224,-3.8631096
1899,train_images/c9485c38fdd5.png,8007a8ea036021c27a69160557fa275410169f50be8cf6cb396eeb731fdb667b,1899,1,1,-6.1974487,3.142251,2.9216766,0.2235794,-0.10830307
1908,train_images/e1ab92228e60.png,ed8fbdd3792ee6cf27989e1901321a2a71c10997b0124a88ef23764a061f2505,1908,0,1,1.4211807,4.8899765,0.17990112,-4.656147,-1.6436234
1912,train_images/c52bb7343387.png,88d20c3e405da074c1f3d2dbcd2066caaa78f1b0dfcbfba2ff301515ef39009d,1912,2,2,-7.009186,1.886631,5.647335,-1.1626511,0.6742325
1913,train_images/8ead17dfb6a6.png,dc83e663a4762d1f954c21438180a2563edcc8061585b2c2aa0d617ef0a5e8cd,1913,0,0,8.599888,0.9160137,-3.133274,-1.4003181,-4.6553726
1920,train_images/300305ce82d2.png,47217dc4db58c4cb7b1c1dec3c548ecd7523f7422e39d460cd8b315431cf2a48,1920,2,2,-7.5881805,-0.8937893,5.1934853,0.27993774,2.9831734
1925,train_images/a8dea22ef903.png,88c4c96ea7c756ca021ec42fa989e76d9d7b5ef61cdd10eb95e49628d4ca555c,1925,0,0,8.351761,2.7111387,-0.5527382,-5.635498,-4.530838
1931,train_images/246e4506824a.png,6b9762b63ec6a973c73433855642d2c06c7f9603fba7903a665b30107280f49a,1931,2,2,-4.4450264,1.1136951,5.1918983,-1.0055466,-0.8069229
1937,train_images/fa0c87bd75ce.png,1c6b58ddaf11c59099e449a3814f5a1a190f99443c5b1d5fc45b9580fbd788ee,1937,0,0,4.3386116,1.4908562,0.039676666,-4.229767,-1.4003334
1942,train_images/28dc010a0780.png,fbbe3a196ec19fa9c3806cdd3fff59c456827fd0d3ade97d82e96dd323e52a43,1942,0,0,8.992466,2.615179,-1.6153793,-5.698269,-3.9206123
1949,train_images/e7a7187066ad.png,50030ec7d40919ba8ae7ecf7cc145950f1cea65f54da0ed9630dfd3b31c9a026,1949,2,2,-3.3582573,3.6836662,4.1858444,-2.132515,-2.2485695
1955,train_images/7b49041cbf17.png,12f59d5797391415c06f352997d90b6823b7aec15a65d253da279cf9803692d0,1955,3,3,-5.7718544,-4.824646,0.6374016,8.427528,1.5501976
1962,train_images/393fa5a023a5.png,aba863cf732285ed85a92694cc5b57c5446d4b1078dfb25e6945e844ecd313ad,1962,0,0,7.9951344,2.5654716,-0.5377159,-5.591858,-4.096325
1965,train_images/55968f0e63c4.png,56edc198cb385badf486288860a536680d16b6b7007f162f88d3407424ef2dae,1965,0,0,8.234251,1.5658007,-1.7076225,-4.31057,-3.4211502
1970,train_images/b9d0b83d70c3.png,e8aca1b357f054a2ba32d35e34a73c6ffed8e2812b722c3a9b93bf91aab50a70,1970,0,0,9.468512,2.0635452,-2.4309196,-3.4398842,-5.289028
1979,train_images/6cffc6c6851a.png,4015b44830efa83962d6686cb182ef90a98a2bac5b651d7b3bcbb4b1961d39bd,1979,0,0,7.223629,1.4545326,-1.9989586,-1.4193954,-4.932495
1982,train_images/99240ee00485.png,ed23d8b9d6c295958424baf8783897cf0eb95edb403e43bb03e244becdbe92f0,1982,0,0,8.83523,2.1479902,-0.72068787,-5.286976,-4.611328
1987,train_images/f35d80bb1a22.png,ee817cab46238f40859ef64dd9e09870c736381bb3a30a7a44e6d11acfb96306,1987,0,0,8.679886,2.2109365,-1.1164703,-6.155102,-3.2938118
1989,train_images/91f3c4c1e72b.png,f0a5c7c68228f914e91d5bd24456a668824585416af22f07a8e3e92fa8e9fd61,1989,0,0,6.9551163,0.225914,-0.4547577,-5.7421722,-0.66643524
1998,train_images/a77dbec966d4.png,4c731ceb4896d30b61242043fdead998b87cf4cfc3c5d49c9bb44b3ae348fced,1998,1,1,-3.90197,3.834262,3.1429634,0.05229187,-3.028141
2004,train_images/5777ef74c9ec.png,8bc0a987bfa59f68e194d3e2967c753be3d8c6c690b6f0fe0921bc0c287a95bf,2004,1,1,-2.4194145,5.411339,2.3114243,-3.1693993,-2.012432
2012,train_images/262ad704319c.png,6b35df7daa6f987fb187453331edbf2885ad5f305c8895ea895ea97fb153443f,2012,4,3,-8.221825,-2.827633,3.6310616,5.319641,2.0216637
2017,train_images/09f6ab477654.png,d536434ec6bdfdb26485cb77f74f52f5cd5ddab4d39500d70b2170bcb02cf45b,2017,2,2,-7.353607,1.5974197,4.3438835,1.8504715,-0.47504807
2023,train_images/0c76fd494af6.png,0b44d5b9abe1dc6eb8d275b9db201453ccedb99f8ff92a835d624d4e475e7cae,2023,2,2,-6.310646,-0.104745865,4.263668,1.4966431,0.6559372
2025,train_images/fce73678f650.png,afb9e7bd70ae874dc284eaf3a43f03475ebba5aa0d12236a6a304b9fdef398fc,2025,0,0,6.5962753,1.5488052,0.34656143,-5.507927,-2.6702385
2030,train_images/f90f8931a9bc.png,147730d9da53a1c3542fdb2f3b4b70e895e2a7fd5ee588eb2f9fe31455382571,2030,0,0,8.57378,2.6957283,-0.93769836,-5.2376137,-4.718727
2033,train_images/edceb0657d77.png,af61e25d5c4121ff1a78b699d0151eca50fff79961ea46bf3bd540714a210dd4,2033,0,0,10.446562,1.3702164,-3.499958,-1.7904129,-6.131523
2043,train_images/bc34f52c37c7.png,ea86c2d5f96674b3163ef358f7aa51d1c289cf827bbc0ee387bf49f40457d6b2,2043,0,0,8.885933,0.5379534,-2.6170692,-1.1311646,-5.3491898
2046,train_images/a7ec056502e7.png,191e43513f8fc6ffac3fe563d0cc96fe9baf5197366a99cdf7c2e1b145559c7c,2046,1,1,-2.290802,5.221731,2.6004677,-3.478321,-1.8966408
2051,train_images/df4aec4a0eaf.png,5ede9972b43b000bdfca21394fe1327efae276c80432d1438eafa7d81f6e2c8f,2051,4,4,-5.5586433,0.45755863,2.817112,-1.5147514,3.8415985
2062,train_images/891329021e12.png,b6bd3a8479177a4f01ffdee2152a8ba5ded25a89d346e47d101eac44eba8d42e,2062,0,0,8.398239,1.3108339,-0.47890854,-4.472542,-4.3917656
2063,train_images/27f82ada84ac.png,1b8084d8f3950d9bdf8372e8d8ea1c5e15587e89843c8f64bfcdc9d910272e98,2063,0,0,5.951214,-0.26446533,-0.6173897,-3.593628,-1.1603508
2066,train_images/942f544c4e15.png,b3fba3b0cabb408f55bbaffb3f1070926acc46a3d547529eb5af7082cd18343c,2066,0,0,6.4487896,1.5177507,0.3821373,-5.1140175,-2.922718
2069,train_images/fa3e544a7401.png,0a0e98e2251f6598c351440e08d6c9c35be30acde64f46a666b958225f442a48,2069,2,2,-3.3758125,0.38042736,2.329998,0.7666397,0.015830994
2076,train_images/6ccfdb031184.png,fd0fb957fa7c344ce453555f8eb0823006782f8bf622418a44cd7be9308a37a8,2076,0,0,4.8715324,3.528058,0.07962036,-4.823372,-3.3651428
2083,train_images/0519b934f6b1.png,f47fca5f20b0a89f3d3c34c5753399fa1b54d511271bd590f7879de4b2e4b1d3,2083,2,2,-5.356613,1.4800568,3.122303,1.0089493,-0.19765854
2087,train_images/33e8e26a75d4.png,16a973b706caa1bf06d4637732096024a82b1deb4681cfb541305512b21d874b,2087,2,1,-3.4571877,3.5154915,2.825611,-2.0408554,-0.77628326
2092,train_images/359bab5d784b.png,78df7a7db81a94f1b0543463f84dde999d5a00c5f579a2aa4d19ef610cad8cf4,2092,0,0,8.542347,2.261118,-1.4000816,-5.0755806,-3.9726868
2098,train_images/d88c4843aec3.png,193d834d9aeb2fc59c1c0bffff5416f4ac8022297cac44fae6e249537393933b,2098,0,0,6.219862,2.9073849,-0.32884216,-5.2738914,-3.2226639
2102,train_images/d264396d8d1a.png,35e12fdd862888f55f6cdfe759bc164dd371ef3bc1842f0a4695ac178287757f,2102,2,4,-6.0583,1.4506721,2.0116005,0.3330536,2.2577553
2110,train_images/103f97a2ab15.png,c6146d29803d459fb796b32ec9187f706cb8ddf1a0855b7f1c030417d39a7283,2110,0,0,4.454094,2.1153383,-0.10641861,-3.6152687,-2.5752716
2113,train_images/2bbcfdc477db.png,aa6f30334fda276b8118265f719c32ce45208c11356f5ad2cffe12686a3ac95d,2113,4,4,-5.6233826,-2.799181,3.904522,0.047439575,4.493149
2118,train_images/7f0ffeb0a333.png,376ee248d5def66348f4c31a12730afd0328bea4457836423a7e88a6e9d7bd5d,2118,0,0,8.11417,0.4106903,-1.9512558,-4.070648,-2.1686363
2126,train_images/ed88faaa325a.png,6138c2096b73b3c6069bb3dd4d441568ddafed07c0442ca53a3e71a25c7e78a4,2126,2,2,-1.789856,2.6518154,3.6615295,-4.8701897,0.45274353
2133,train_images/5a444c32cd9a.png,379b86fd38e54e73edc320058d2de75028656e51aba2a94d120248b7950a17df,2133,0,0,8.944105,2.5463352,-0.81793594,-6.378872,-3.9233437
2136,train_images/a96ff96bbae5.png,9f27e945649a6a63c5566d08ebe04585bbb899ce30bf8708ad8da375abdc343b,2136,0,0,4.250065,0.86002636,-0.8167305,-3.0892792,-0.9621353
2141,train_images/c01eae4b4939.png,525f3394628876ef7146d742cd67c26171ff14dec57f94fde1fd6724c63d0f3b,2141,4,4,-6.4328804,-0.78661156,-0.46326828,1.4411392,6.2261314
2143,train_images/ca0f1a17c8e5.png,f4d2af495393fd2a22afa0a58aa9da184ef390022516e66591e170af408947a4,2143,2,2,-6.1096954,-0.54740524,4.2898483,0.53925323,1.8575363
2151,train_images/2f7789c1e046.png,794f16cb396213fba7aeb65cda607d7a8545c0ab695df0a9f4337888cf347636,542,4,3,-7.789097,-2.4644985,3.3124924,4.61499,2.3056412
2152,train_images/2f284b6a1940.png,f974c49797a80dbe3b68741fe93f9f18a5d25fc48d985d2aba93dc15a40ffdae,1054,4,4,-4.6990204,-2.1649895,-2.4231262,1.5211487,7.7351303
2155,train_images/d0079cc188e9.png,966142bf07a9fb21c3860142da63f0748f684d80b107ad4ce253024ec6c27ba7,1246,3,2,-4.012127,1.2902508,3.0809364,-0.5831909,0.31645966
2157,train_images/ad312ca98202.png,7c254d84e69d48defae066fa9523af7f8dfbf585775b4a930d92a941c1270b49,2157,0,0,7.902378,2.1214485,-1.4395065,-4.079674,-4.145405
2163,train_images/545df1bbcd61.png,ec36b32d63566908b6e81a3e9ad649645a44a51f0053e7746a52233e3df0825a,2163,1,1,0.7871666,2.6084003,1.3696136,-2.5409508,-2.0150642
2167,train_images/56e56aa08362.png,9b8634234bea65394926f3cef814b700064ed8e41745af4f516633b973fd0318,2167,2,2,-5.0401917,-0.0057525635,5.434334,-0.98420715,0.65958405
2168,train_images/c6a2975228af.png,4a0c27d20fa4bd0efaee32a0e95072b0f39e624280a6a5157e28cbb53499346b,2168,2,3,-2.5142365,-0.82172775,1.2473183,1.3137817,0.8579941
2172,train_images/261c6bd63bff.png,68864b0ec952d66866240522413ea323eab8c7d0351df250f080b33935daec29,2172,2,2,-2.6475906,2.3211546,4.1855965,-3.6322746,-0.11935043
2179,train_images/cd66754e1b3b.png,becf460f9c01790f3cb55ea839b2e073122d28fe3af24efef54beef7f1bc6f4e,2179,0,0,10.250402,1.1365662,-3.8898544,-2.5712357,-4.573044
2181,train_images/6e92b1c5ac8e.png,07086880d7671ed61012937727224700294593d3a449a03569a63016289afd49,1247,3,2,-6.117058,-1.7552452,4.656563,2.298378,0.933712
2182,train_images/cb2201c226d6.png,decbb24fdcdbc23dadec1d4ac06e21108a79a7faaaa04915e28b9ebbe0304790,2182,0,0,7.739666,2.5576944,-1.1510086,-5.3943977,-3.400814
2190,train_images/6b30767595d8.png,913c43d4ec7f9b52e75dc5226d6ddde6851d3a8091655a622c1e23429f797ee5,2190,0,0,8.539717,-0.21541595,-1.7529755,-0.906559,-5.331398
2195,train_images/86410aa13b3e.png,c78537822e715ef814ce25c57536df6cf1ff929ed0f7390807cf04ed4de07570,2195,0,0,8.799446,2.5887938,-1.3832321,-5.814129,-3.8515625
2199,train_images/9568eb7e9c08.png,d99a21d2b4a565d8f293da1f70223e1f378879d61b591c16e60d9e8914bbb445,2199,2,2,-2.799137,-0.64889336,4.4119797,-0.6642952,-0.20142365
2205,train_images/a49b0b4484ea.png,40b7f629b5fa47aea8d713515d7d0ad3fec9a856e22e45a12c0a18bd2750ac6a,2205,2,2,0.4634781,-0.31214142,0.9890251,-1.7558746,0.8047867
2210,train_images/8a7765e785fb.png,cfef9fb7bd6f5e6562988a7ecb49ed06c0cbbb27f8321bc54f0f2917e6c70468,2210,0,0,10.717766,1.2355661,-3.0545387,-2.4382744,-6.080578
2211,train_images/85cbb84ac8e0.png,7a654dd56084e359bf818e32b8216bd7a19d396229f80743efa279da5e61b062,2211,4,2,-5.4375,0.71058655,3.213192,1.5121078,0.023986816
2221,train_images/f5733f77273d.png,5b362f20b15620e673634afbefec43943796ca88a46517520fa6d4ba9792c147,2221,0,0,8.531542,1.1930952,-1.6662788,-3.8081436,-3.857067
2224,train_images/191348830ddf.png,1a0556058123c6e33d9af05d5a893347df64e0fb2fab6487d7c8ff8d23c68021,2224,2,2,-3.0972366,0.49105644,2.9353447,0.66999817,-0.87120056
2232,train_images/0b00f8a77510.png,ff7d4d3c04c9a8a74cc24618470ec6e35ca27f7aa658d7531f0351498c7bae4b,2232,0,0,5.665657,-0.15945625,-0.71136856,-2.795292,-1.6992073
2236,train_images/aa60813e1a8d.png,9cceaa182a043769af5dc65e971504fb54bfc65db2f187a584f34e06e48297ab,2236,0,0,4.2305794,1.8704462,0.04787445,-3.0871124,-2.7967834
2241,train_images/586f5c56081e.png,da27bbfc1d2bd825267d844d65b2558caa3eccdcfc3e0812024ac02890c30c3e,2241,0,0,6.831642,1.3310251,-0.54080963,-4.580963,-2.7252808
2245,train_images/51a1d162e223.png,0c8ac3582fde12a86d5841773eba4409b80c38e50bcd53218bcab03149902277,2245,4,4,-7.934372,-2.960125,-0.18910599,2.9088364,8.137154
2256,train_images/2408799a09b2.png,205357ed43ed45c11c9c7f51a5fce039bd447deb6a4372bfebaef50a556266ca,2256,0,0,8.586544,2.1069956,-0.7261696,-5.5774193,-4.006794
2261,train_images/7a39c91416e2.png,a338358233d27f11a303f01fbfdf319bdaa0afa3871449d0340db3c674a7a931,2261,0,0,7.9501915,0.3626728,-0.62979126,-4.687069,-2.6722488
2263,train_images/64a13949e879.png,f4ea5dbaa167548407086c65282a1a17ecd6d7be86ac05450ba89e190d4c53c8,2263,2,2,-7.106579,0.30999947,4.247963,1.234169,1.3269196
2268,train_images/c6916bc42016.png,c8b2692db0a292496e952508a6dc416342fb84b9a06c6b5600c53a9b9a77ff14,2268,0,0,8.286043,2.4717588,-0.784008,-5.262905,-4.364338
2275,train_images/4409965eb2a4.png,27c667efc74bb6836582130da5eec2c15024fafe9c89b40ef8856efde39d68f1,2275,0,0,8.505363,1.3821735,-2.1407166,-3.9947128,-3.4174194
2276,train_images/d807c53c1399.png,9186db7a58feaf83fa89ccd0f7408c71c557fb2097e0e355a02843d8545cc495,2276,0,0,8.655716,2.207532,-0.6430092,-5.4708633,-4.374855
2282,train_images/05113073b268.png,a132fb8c543805f3ffcf23a7de4cb621f35707d1462b066075cf8573e50c7c53,2282,0,0,5.5867577,1.1673603,-0.40603256,-3.6101036,-2.4385796
2288,train_images/eeb231c3ef1f.png,0ed5cb8c0442e57dca97a6eae4abfd3d255efce03261e9bad44a721c5b611cda,2288,1,1,-3.2134705,5.705778,3.3973045,-2.7965775,-2.9434776
2294,train_images/dad71ba27a9b.png,73808f3e2e3f8f69f0855b34d9a10c4b90e354dfedb1b800ea0ce55cf442d743,2294,4,4,-4.916691,-0.7168865,-0.7886658,1.6258087,4.8067474
2300,train_images/bffca6eeb2bf.png,60173215d69734bec8059d293f226d1877083c79717182caf0a3a7a25b8c28a4,2300,0,0,9.43895,3.1202192,-3.3592834,-4.424488,-4.394558
2301,train_images/e740af6ac6ea.png,b0d4d28b889d397baf01efe5d67e5ba4029ab302a719e62b525c4964fb940e7b,1693,4,4,-7.473488,-1.7779312,3.458908,2.2564163,3.524414
2306,train_images/944a233fbf8e.png,cf4774308a31235337cd0a326dfb694365deaca03fc07fafed86bd352a96e8e1,2306,1,1,-2.858776,3.8367271,1.2707367,-3.041935,0.92453766
2312,train_images/1b8ad0afe9fb.png,c4cd5e14da5bd2b7834748065126dab4044d43c733cddda4d21e0850082bc391,2312,2,2,-1.2920609,1.5724182,2.8824883,-2.880169,-0.084667206
2319,train_images/8421107255ae.png,32728c32ecb760b3160f5e31a19ff8ea9712f9498240e0140eb68beb34f76deb,2319,2,2,-6.438019,0.13708115,3.9205666,-0.6047287,2.995655
2321,train_images/17e6116b89b3.png,d9325cdb508b69c70b4b54d5718359f3b82b4302f3701d47d5e8a986de4077ec,2321,0,0,7.800331,2.1726494,-0.6392975,-4.916359,-4.0771065
2322,train_images/4dc2211a1c31.png,5c1c0d4102200c23ba7bd0c8a4abf9890d88cfaa437d184a3fc356b93bf66fd6,2322,4,4,-1.1997223,-1.9624043,-3.1462593,0.7546234,5.67313
2329,train_images/84b472c49cfa.png,6632239cb855a2dfdcc71ded22392cc4616ad8bb4aa67d04ddf9780e20370698,2329,0,0,7.21924,2.4383736,-0.8002701,-4.750927,-3.7705765
2335,train_images/3fa4f4d77177.png,f66d6c75a82aa7bd5a3d6bc6e0b7972c6fa49415cfb1e5f5f61f8f95cec0e33d,2335,3,3,-6.3600082,1.1615992,1.9865646,2.5495224,0.6563263
2338,train_images/ed246ae1ed08.png,3ada0af8ea9fe7aba43df53b9656c747e87a4867aa966cc47007b3d11f19c4aa,2338,4,4,-5.336685,1.6325188,0.7901077,-0.35555267,3.2597961
2340,train_images/913490237ad4.png,18d2c77ca700ee2e1ba1b5dfe0cb9585b11aea3cf830407c2ba986e9305ab59a,2340,3,3,-3.8530884,-2.43672,1.8872643,2.820938,1.657814
2349,train_images/2608e1dac5b1.png,a705de736e6315e47bb3699da3c1af86f32a455182f1fddec856075336d8c319,2349,2,2,-3.6612282,2.3649635,4.5387344,-0.082473755,-3.097435
2351,train_images/f583a722434c.png,591b33bdecd929e8b59975ecd783d6fe7e7bcba6e13c2b020594dda58e0973ee,2351,2,2,-0.04459381,2.3036366,2.659855,-2.2844467,-2.4392052
2360,train_images/207dd0487264.png,6cf9093708b2e1c345c71c9016487729012a2b6b311e74e604a14c4fa7268fad,2360,0,0,10.277573,2.8726254,-2.0630455,-5.787121,-4.8988876
2362,train_images/a8652b2de23f.png,f5ce43f82c310c8a40113672085ca4f04e95681b13ffd56f7db7a87d5a8f9af6,2362,2,3,-7.212021,0.8868971,3.129345,3.3773422,-0.20820618
2370,train_images/f30f203ef51e.png,ed95391b952761dc85e3d88f65297b81b3f7250931d1db87d7a87d100fb54acf,2370,2,2,-6.4267807,-0.9128494,4.5819855,1.4878311,1.2728386
2372,train_images/2d07162a13b1.png,6f0da9461a06535d2cc39bb7769afe191889c61aae65a632231c0b0c061ab931,2372,0,2,-0.9603882,2.1313982,2.1655693,-2.0713272,-1.1250381
2376,train_images/5889a0c75cac.png,7b6b56a3f4dc17694e2056dbc2e9f414218778d4a18523d3ea7a310ea16a591a,2376,0,0,7.6749325,3.3223877,-0.42898178,-5.9298096,-4.2882996
2382,train_images/453a1e2754b2.png,1be0fb99b4af6e841695038c90e7f46373c41987437b43ed00f0b2c2e43190c9,2382,2,1,-1.1290131,3.9403095,2.515934,-4.0521812,-1.1147804
2384,train_images/3f8d5c940ba4.png,437dbb93441b31e087c06e4f128ea7e09b6e488b2f95c1d7f0f71f5ebecb56ee,2384,2,2,-7.9067802,-2.3184319,5.5119934,2.1075668,2.5591278
2395,train_images/922586d86cd8.png,f4ff5fbd440d389f416707a8e58be8ce62366966fef1785dfc5eaeb81fc512c0,2395,0,0,8.093777,2.416317,-0.6427078,-5.1699905,-4.3518753
2397,train_images/19722bff5a09.png,cd834e9d9e273765341d800ec2865100caac308e80d9f16c66e4f57892b2ca71,428,1,1,-1.2932587,4.84752,1.3930511,-1.5599098,-3.2183266
2403,train_images/239f2c348ea4.png,6d0b2dec3318f8aaaf26b229f197aefa1a58a510f3dc7fb08d11ddd7a134bf7e,2403,2,2,-3.402439,-1.0998611,5.746517,-0.43016052,-0.8163948
2407,train_images/ff03f74667df.png,d267753d7778e9c3538030daae900fd1e6ed85acc72e561325b46cddace74c74,2407,0,0,9.701344,0.14446259,-3.4955215,-0.7083397,-5.2911377
2409,train_images/8846b09384a4.png,1931fd942a8006990cb190a6dddaa4bc3adaea6e1911d9ae3f5112943e117c6a,2409,0,0,8.593279,1.2271919,-3.1354103,-4.0716934,-2.27919
2413,train_images/111898ab463d.png,d8716779bd82ef4fdc2d566c74a33bfa83c30a240536b0af716889f13568a543,314,1,1,-2.2718086,4.2886467,2.4376984,-2.1397858,-2.2484589
2418,train_images/8c2f0f04e1ed.png,ccefde9364222214289a2640b4ea9e2d236d7e2db64151ab2cccdabd0c930700,2418,1,1,-1.7355766,2.8347797,1.0286064,-1.9895401,0.03452301
2424,train_images/578109578b46.png,6d17ba5b55170075b77ea9f4fd61aa9ccf4e9327f0aab29da0719d8fe64ba8c5,2424,1,1,0.8884201,3.6608458,0.30786896,-2.2150078,-2.3977509
2426,train_images/c6a145742708.png,b09a7072d43734b129210c6dd1ea19255665006295c3bbdbc89e2d88c0194648,2426,4,2,-6.900013,0.6129112,3.2020912,0.46193695,2.6295624
2430,train_images/196e6a186452.png,3aed027e0264e8c766943454c555abfca5f0cbf4544efad3ae6b6511860cd814,2430,2,4,-7.6638947,1.0787935,2.7123222,0.8981247,2.907505
2436,train_images/3428230bf1bd.png,57806a61b48897c1f48d9dc2615c910eb065763058b614c93ad4709175495e93,2436,2,4,-8.56329,-0.2926693,1.9767303,2.5628357,4.236271
2437,train_images/82bb8a01935f.png,5d34ab55f23297f3b34445efd2902b1e0e145555541b1864900eea9a67c4e108,2437,4,4,-6.164604,2.648738,0.68969345,0.07283783,2.7948341
2445,train_images/812d5adafaf2.png,6f71d76463022abe1a9db4db25a4309fb983af293573dcbd62bf8b8062e50c0d,2445,2,1,-6.0083427,3.33881,2.1270676,0.5669861,0.0136909485
2454,train_images/c21eb81de9fc.png,017d88ec9e3efcf2cbfe9ae830a4e02d67b75c6bb9a3d0b74c718a88377fb374,2454,0,0,10.204769,1.6018,-3.434105,-1.7936554,-6.1945724
2460,train_images/6fe67482bfae.png,5b5171f706b04b025336ee41dab0c26eded642cab4ac7b4ceec25e68a159aa65,2460,4,4,-9.634026,-3.211731,4.0506554,3.5719452,5.101963
2465,train_images/ee6e39319b39.png,07e97b12bd2444147f886c7c1d22b761c8003d1e95ee5cdb33224dba9aaee5d5,2465,2,2,-6.0814323,-0.4378376,4.097721,1.6049118,0.8511009
2469,train_images/53327edb9e4d.png,d5cc8d1fb09ea7f7b9321548f41d5ec626f70b70981b05418a76e94d7ecd7811,2469,0,0,5.9963436,1.6143713,0.22039032,-3.911625,-3.6095963
2478,train_images/ea4ce9516144.png,6348228fe8bc9f59eb44e893e9c15ce80412670ef396e551ab3bc8e0055ab3c4,2478,0,0,7.9871693,1.2660503,-2.184517,-0.63062286,-6.0971603
2479,train_images/63363410389a.png,a4ce448d0b8f208c77342fd03bf5f39327e903103ab56123cb9f071532f455d6,2479,1,1,-0.31673813,3.7658138,0.34524536,-3.3443565,-0.26443863
2486,train_images/9ce46d400cd6.png,be953c25e11d4b0c0dcc50cbdbfba1093a67ee74a3e2c22b9f61ec4922500b5a,2486,0,0,6.9288464,2.7918606,-0.39514542,-5.3880463,-3.6262093
2489,train_images/da9262d9f5d9.png,e53e778fa6d0b6cb2d8106c5a8d00e40ee1b7b76a8f02b2e80f638b6f33cae16,2489,0,0,9.0830765,2.2736435,-1.1046562,-6.3940125,-3.5066528
2493,train_images/cfdbaef73a8b.png,561169c9c1b0711a13830aae198a39229f90b416eb65032b9b1ee09d13d91340,2493,0,0,7.6600857,1.1487103,-1.9648781,-3.9106789,-2.6062622
2499,train_images/a66c3165876f.png,608c8cb71b5ece8479bf7df45ce86a6da4fe00f87543b73d7532af1cf9a1d18d,2499,2,4,-6.4207115,0.044618607,1.9762421,2.120552,2.2909927
2500,train_images/2db0cd3e30da.png,5848e234712eec4228968cb20accff8a27f4ca55757dddb964f4a91b9a59a7c2,2500,0,0,8.185297,1.8200884,-1.4969177,-4.05875,-4.0596275
2507,train_images/d160ebef4117.png,d13eabab946318c3bb0ead182c2eed4b1bb8050dc638d6585d3e2b121c71e72f,2507,0,0,6.3678665,0.5802212,-0.98353577,-3.4189377,-2.2386322
2515,train_images/e0863b353093.png,6b4e71c1b56c1afa5e1098ada4c9c80b20a9a504dd2ce7b9f39b3619f256acc8,2515,2,2,-7.4452515,0.60662365,5.498371,-0.1760025,1.54813
2521,train_images/7f43becd3e83.png,5e87511c814854bf551cbef4717806d198e53dd3007c0fd762b367774fa60812,2521,0,0,6.8546486,2.5054674,-0.83901596,-4.7423706,-3.4432907
2522,train_images/60f15dd68d30.png,b69cbec9f6650dbedd3a7b25d5ad967edfcdf9703339386b961add102c45fd45,5,4,3,-6.9943123,-3.840004,-1.8937721,7.468216,5.237236
2527,train_images/0180bfa26c0b.png,db109bf7ac8cce776b3b67fdaac05526b3356d6c2915ba80daa9b53859916ab0,2527,2,2,-7.741329,0.44214344,4.745163,1.1178818,1.4069595
2534,train_images/bda8c973b09d.png,7499374f23bd653fa14251a85dc97d3760746a48992a09ffa9d1560e2ecd5ec0,2534,2,2,-4.4714546,2.9736357,5.94804,-3.58572,-0.7889862
2536,train_images/67d8f94f04e0.png,8ad623f1b8708cbe24b87279ee56c3ce2875273054fc5e406e723ad08fad0457,2536,0,0,10.443577,1.3021803,-3.3067513,-1.4673882,-6.5656815
2545,train_images/5dd2e26fc244.png,c6cea3805d55210517aa6bf8ce190c07398be9428c7203d3774b84706457d24a,2545,4,4,1.0762482,-4.5506706,-1.9047279,-0.46077728,5.9529266
2551,train_images/dd110d2b8c21.png,242e16205ef7c4cbccf038ff204242f296772742c44971cad5cd2f07de345646,2551,2,2,-7.941883,-1.8240509,5.0104637,3.0169296,1.7064209
2555,train_images/65dda202653d.png,253728345a76463870ed77867ddf5625a9eda0b07ba517459032a34816a0b789,2555,0,0,3.5169296,2.369318,1.920124,-3.6199913,-3.9184036
2560,train_images/1d11794057ff.png,875b9cc2c34842670cf0fba00fe619af47cb2d04019e4a78249914e47594b6c6,2560,1,0,1.480236,0.80178547,1.010746,-3.1032944,-0.005126953
2561,train_images/ae61e19fb766.png,a82e342cd2245eb229a0cf2bc7a8aaa0c4ef7f368b78774696e26dfb0fc4fbbc,2561,0,0,10.772697,0.7459984,-3.5906334,-2.3339958,-5.2022247
2572,train_images/0cae727cf119.png,0e293997f5daa55c8392ef37a1706f74b79aec0699fd27f0bc249f4410f47a65,2572,0,0,10.519091,0.1574955,-3.3922806,-1.6812668,-5.237068
2574,train_images/0cd31078cd08.png,9095d635aff267185ade77eeb9599cf68736c71f3291ef2cad907d870ac7526d,2574,0,0,8.900015,0.9909725,-3.0226364,-1.4336815,-5.087471
2578,train_images/0fe31196e0e8.png,a2c41f7855c0bd191421ca936e6f371a71522c4b3790bfba160d80a83e8866ea,2578,0,0,9.048901,1.4575272,-1.185318,-5.861927,-3.0999374
2580,train_images/10de500cf0c5.png,daeb69e832bac8b081b0fc817fd0b10b8af7eff07883da17180a504f10561346,2580,0,0,10.643131,0.8311634,-3.7131386,-1.744545,-5.6214104
2585,train_images/16060f05d047.png,dffa55e36bd1de68d4498c5c3904ced4ba36b51ab765a4612416627bd12393a6,2585,0,0,9.11569,2.7697172,-1.9986038,-5.033581,-4.4865494
2592,train_images/1a0dbc6c0cda.png,fef6206e619a8a22618394c7a4a6397092ed878aa82bb06308a492c71a75da81,2592,0,0,6.4801273,1.5892982,0.5010109,-4.3586807,-3.892788
2601,train_images/215d2b7c3fde.png,6457bb6a89ebfb9bd755fa8ff922963b741a0e39ccd985ae5478984adb5fbf50,2601,0,0,7.2796116,0.9072552,-1.9455414,-4.754734,-1.1894836
2604,train_images/260a455692b5.png,8e484b9bace2c092714ddfb727af9a88146346b93b97bf9a36284671f3cca40d,2604,0,0,7.221548,-1.1436863,-3.5248795,1.5276337,-3.7625122
2606,train_images/2923971566fe.png,1c48ed154b6b7d7018810809fc62c9504f67b3791521f5dce5c083cc6b2f58bd,897,0,1,1.2161789,4.762727,-0.007663727,-4.720745,-1.0401382
2608,train_images/29a13e666266.png,749251b446d388a374c8cc28c3ff5d618500940020a43908d89557bbc6165827,2608,0,0,6.0180798,1.907237,-0.22306442,-4.6291313,-2.7684593
2613,train_images/2f7fbdcc9a4b.png,ce465ad827fd94f1df071ae4609385d3307df501e4bd807118381a734a400323,2613,0,0,7.7926235,0.38874626,-2.210167,-0.4118271,-5.2060547
2619,train_images/351e842842a2.png,f13c99202dba356a0c50344a39b7c0357e98fedf969c3ac5bf55196c9d5e2515,2619,0,0,7.7684994,1.5814037,-1.3450546,-4.064766,-3.6014938
2627,train_images/3cdef7c591cc.png,9f12182ab555f07f2784899c652c1119b050eb68acbce8f9fcc2e45cce6c29d2,2627,0,0,9.925673,2.2160044,-3.4033852,-1.8513184,-6.5010147
2632,train_images/435414ccccf7.png,4141053f5b74702654d77dd950a1b40419ef08f0351ff72491a28d150b33a6f8,2632,0,0,10.051926,1.8614864,-3.4541435,-1.2397346,-6.834545
2637,train_images/461fa5292fda.png,09b2882ce5ce0bbd8642aa1cd6916499196fb963062cec9ab8aab457c4abf5c4,2637,0,0,9.994322,1.0399199,-1.6315231,-4.5186806,-4.480503
2644,train_images/4c60f6fcea75.png,9c4d351c8ba09f5219024c15a99f1426cfc9983a4d9aab0923966e3ecd416e0e,2644,0,0,7.3371906,0.57415295,-1.6451721,-4.266918,-1.685852
2650,train_images/50915e2329a1.png,63ea75c992ee24495ea92f95909e8bf291b5fa66311933e749c24c9134993ddb,2650,0,0,10.475485,1.6901112,-3.3124084,-2.0119057,-6.4758644
2652,train_images/519c6e8f78dc.png,717f856bfbf52d83ff6a81d6b77a16a779e15fc818122f915d29134a547e1e45,2652,0,0,6.7723045,2.1510277,-1.7831573,-1.4903755,-5.356045
2660,train_images/57f5ad4b5b29.png,669c4127aecc9971e7a3cb805221cb458f9aab2605118c4430a5bd253bb633e0,2660,0,0,5.6602097,0.9370718,-0.6670952,-4.711128,-0.9595642
2663,train_images/5baed382f062.png,2fff17dc3732ffe0a0994026a825d1288217f1cf41a9173212ce758b3f7c9968,2663,0,0,4.202713,1.6349602,-0.7184944,-0.9568405,-3.901554
2668,train_images/609be3ca5ddf.png,a331d34f69b329fe240b8b7a9356099b2c27639a702985801e58a1f2e963b9b8,2668,0,0,6.9761906,2.1056175,-0.8331299,-5.2478065,-2.6935654
2671,train_images/65f5d2a6eb7e.png,e0160f064501b465846911c364ca44ade96556f4c1413e3465452b037af4aa47,2671,0,0,7.4878063,1.9785252,-0.5888252,-4.694023,-3.854416
2676,train_images/6a57a3db3eff.png,638fa908e4ba282ccfaca9634ae08aa03978c1f8490a2fa889f037d005b39826,2676,0,0,8.780943,2.1352797,-1.9854813,-4.593567,-3.974846
2679,train_images/6c3589d7ed8d.png,324a0d67f126e97d711f61f55ab2b4fba2aeb315818098701fb4f17a175d99ea,2679,0,0,9.588266,2.3691273,-0.86671066,-6.631012,-4.094471
2684,train_images/6fe4751a3b42.png,8626188b81f811e6983d743c89723f92cef8b746676f9ec8125c28f903c7efb8,2684,0,0,7.359234,2.6305914,-0.68564224,-4.990837,-3.9559174
2686,train_images/75369248dba0.png,f99412487cab5f0eb56814937f8fc99f171409815fd575965b54c821133b9d3c,2686,0,0,7.756975,2.6021194,-0.33488464,-5.9734764,-3.713894
2690,train_images/7a77c3eb468c.png,a90e998f336921a17fada2be37b43abe5352e0e7a0f45d2103101597f3c585b4,2690,0,0,7.8328094,2.3499975,-1.3202248,-4.9082413,-3.6124344
2695,train_images/7e5a76c4e103.png,71adb31532d55c0e90209f10cfa6e08eb0d3ae2f2debcca6dd432f1ffc5ba5a3,2695,0,0,9.801764,2.1335344,-3.16465,-2.0289192,-6.349186
2703,train_images/83df53d58f28.png,3d73c2e932b7e372b5a5021acec70b5ff9bf5c9ed355dec3668b965b00418afe,2703,0,0,7.7956963,1.9340448,-0.81383896,-5.7014694,-2.9123573
2708,train_images/898f0bc8acfa.png,dec272edc9f3bcb9b30abe6c591447dc805ebe4c6151b14b94157c2fbaaa1532,2708,0,0,9.845011,0.13181305,-3.2017365,-2.2980652,-4.1236153
2710,train_images/8aa3c4681542.png,110fcfb4056a96ea91fc73cc3c88a3b308184271d99831aab973363b05ba3b08,2710,0,0,7.562975,2.4829636,-0.47735214,-5.8809624,-3.3327866
2718,train_images/9287e57326d0.png,ebd485c08d7093f8ddc6ae79cba2454afdbf7c2b9cb2af99b8290fc5cdfdb6f2,2718,0,0,10.084999,1.2166328,-2.9670296,-1.1405449,-6.827133
2724,train_images/992b9a07b25f.png,c230db71402e77517757dce3498601712bdc41985f90beeca9e9019e60725b6e,2724,0,0,4.1671715,0.48630142,0.2062645,-3.7212677,-0.9228134
2729,train_images/a1872f9c0cba.png,2d322858c7a81d81d45d5df8cd04b79cf2bb7cbe054927cc590ce2787eb78164,2729,0,0,10.015648,0.97299767,-3.6078186,-1.4910583,-5.5143814
2735,train_images/a4ee03ecff60.png,012fcab62bd623d6bb0169fa48d5e44c0892b468946fcc9ecdc27218872ca28f,2735,0,0,7.3907604,0.79229164,-0.5498047,-5.358677,-1.964344
2741,train_images/a88365134c3c.png,e523f6a4ac954dbb490af2a1447d797ac6b4a9448df57e0a09a38c81fcf62d42,2741,0,0,9.181347,1.9033413,-1.1134148,-5.003124,-4.5849266
2747,train_images/ab686895533e.png,d4f1f2e88157a53f862c6ad26a82fdca0f3772b332a4e63b19ea4e7f87c3b670,2747,0,0,6.7466717,0.15152359,0.12661362,-4.592251,-2.1486816
2752,train_images/b086c7cd3868.png,894d51602674e7012667d0d2b8ea6ddc948b28e42a05553d42ac0d226aeac406,2752,0,0,8.773064,2.5316706,-0.64219284,-5.2583733,-5.0579224
2756,train_images/b5bf7b84fc66.png,8fd57c7e7884d881f2d01fc6378140d30c1395b9ac0715f9d3b013827e097f64,2756,0,0,7.5093307,2.8372097,-1.3880653,-4.8813744,-3.723297
2762,train_images/bc92a61a1f9c.png,9c2b6456bf79d163a859c2d85b393b387cb635ee875194ce93a6d3c8f94770d8,2762,0,0,7.878937,2.4774742,-1.2973442,-4.5338326,-4.169586
2768,train_images/c096131ad065.png,d58d507e2386a3e9bd48564fa2da8b472a53470d517e4eb72327cbf7cab7440e,2768,0,0,6.4646053,2.0375519,-0.86392593,-3.8680115,-3.4455833
2777,train_images/c62cef02efa2.png,742c9f2ee6fff4a007561c3cdeffac1694fefad087e5efb33932cbec6a5c3153,2777,0,0,9.488001,2.3387299,-1.0538788,-5.823551,-4.5587883
2779,train_images/c98f623d08d1.png,d534e4a9f767877cf2c5b7d4f0a4eca34b47909b96acffe7603f640f30660e9c,2779,0,0,8.90531,2.4325256,-1.3001709,-5.4593506,-4.2129555
2782,train_images/ccea49708830.png,ff7f0e9fdfcb15d67a0f0db7d09e7ef8cdabcd38511a71b0eb9155fac0fbea37,2782,0,0,7.621155,-0.38436317,-2.5333405,-0.50522614,-3.893547
2789,train_images/d667af5742f6.png,d67d8c0197ba6ea97d085bf0d3c223398d100fb5c4995ea3a03228d4e28f75c4,2789,0,0,6.975958,1.7659426,-0.66861725,-4.5258064,-3.2147102
2796,train_images/da9574d35b82.png,a2349806e4ae5ad6e3e62a8ed3f37bbc2ffd50bc7f0c38fb164113b064c964a7,2796,0,0,7.8778095,2.7808619,-2.2990112,-4.2788734,-3.7038383
2802,train_images/e12df54e0d1e.png,a8c0f7b41e5b01980bc8ac5afcafe7dba09ec7588f726b6376b1c6e790dfd107,2802,0,0,7.6660175,2.263795,-1.4710655,-4.5394936,-3.590931
2807,train_images/e632e38fd2d4.png,e110bf9bae7f26d1c99d9827b7bf2e61350b0d3e43c5b7eda08e235e285427f0,2807,0,0,7.518244,-0.24052429,-1.5636787,-3.026329,-2.3359985
2809,train_images/e893e86dde94.png,b38ea174f9dd04ef911461a0b6bc622cc1a2248eb10ff327226366da7129172b,2809,0,0,5.366207,1.1890182,-1.0888176,-2.8907967,-2.2850075
2816,train_images/ee77763a6afb.png,bbbc15d0fc7f6ca2920fc094c41c7fc16a0fbe0270a4b3e6019fc2c30770e74f,2816,0,0,9.284515,2.2677956,-3.7483978,-1.469326,-5.957367
2821,train_images/f7116e7b2f4e.png,5fc999f667ed38d952a65dd24558ced1ac27e994046a31cae7108789a2f7c075,2821,0,0,9.249599,2.1974316,-1.2144966,-6.2173576,-3.6714973
2829,train_images/fa9f1bc03f21.png,6173f14fcf7fcba8528ca7875606426f476f80a638e8eb4e69e5a467a140cbf2,2829,0,0,9.125553,2.1450663,-1.7919235,-5.20945,-3.9045753
2830,train_images/fd87b6b2e664.png,65341dcfd272354e7a151585b34c2c8af71262b943a720d381faaac4fe6d42e0,2830,0,0,7.385536,1.3133678,-0.3565941,-4.308754,-3.689911
2836,train_images/101b9ebfc720.png,9b329ff048205ab48bf0b1c21ab9cd4e245ec75aa33066c8205dece0b2dcccc6,2836,1,1,-1.114399,5.2030945,1.658596,-4.452656,-1.155468
2842,train_images/22325552a4e3.png,faf608cfa71ac9e9b0bd444bbc902d77b0f17f5dc7522c4b674c72c107f04bcf,2842,1,1,0.15274048,6.773058,0.898201,-3.9884262,-3.6073456
2845,train_images/2a08ed6bbcbc.png,37b3448cd6355788fb12cb2c692336777b57d98c7f062aff43ec7ae20d4f248d,2845,1,1,-3.256485,4.445136,2.5288544,-2.9299812,-0.68032455
2852,train_images/4e0656629d02.png,504ae0b827b25c5ed37d5bc4b12334a4071b8b974883f855cc32aeb726eafe28,2852,1,0,3.8620415,-0.7344475,1.1884613,-2.9275627,-1.1416359
2860,train_images/65e51e18242b.png,91cc2edaac71597595e8608d2dce9cb3d184c82d91db676702be6d437275d64b,841,1,1,0.9897156,5.2390566,-0.10972214,-3.4484825,-2.438305
2861,train_images/6b07971c3bf6.png,3e8eabd423b5944786aa73b2131696aa0a849bac85a15b4761b73fc7623a802c,2861,1,1,0.361351,1.8613968,1.765667,-2.7715912,-1.0510521
2872,train_images/b07bc463b718.png,b900f733e02fda82a3f6a96cfe9c04ff688cb080bb5bdf5b17f1aafefd8a2654,2872,1,2,-5.438053,2.1264114,3.1856346,2.364853,-2.188942
2874,train_images/bd269a1f0e4d.png,cb6dc8da2ad50e10ffe27de0e17a1dace50b79693b2b3740cb88f390d757dbf0,2874,1,1,-3.6269875,3.6248884,2.1188278,-1.3598175,-0.6682205
2884,train_images/e26d8718ca58.png,f8f8a5e81d15873185b40718963c87d89d43cd17c962752a344a9a2a40e17790,2884,1,1,2.7300453,4.430209,0.41221237,-4.537327,-2.7925224
2892,train_images/0ac436400db4.png,ee24d11f6b2baca75c1cf903056b143d59f85284f725cf47f2b4308301d3ae8a,2892,2,2,-7.8107834,0.04273033,4.6760254,2.3968124,0.7234268
2895,train_images/0eff8eacb2f7.png,64b9c4a555d88521bd2b9e6fda1ddf0c2f4fae56cb697b97f595986354c50c5d,2895,2,2,-5.479046,2.1030369,2.6768723,0.59565735,0.1390953
2902,train_images/20c883d3bd38.png,20ca5d282562ebfe773200ff17c2c93f1b53895cecac94d7f6e9cdfb85e8ef7b,2902,2,2,-6.9689903,-2.4388657,3.6116066,2.857933,2.8801079
2903,train_images/222d0ac042b4.png,bc824149b3c1556b9a284e4f73acc4ee4669bc4b0deb3acac2f391f878641e20,2903,2,2,-0.9775162,0.5169649,3.1397552,-1.6210709,-0.94171524
2909,train_images/2735be026d44.png,4041937bc9e90c20123051da99f3317d1f8b70124515f6ca901cfed5d71e29d4,2909,2,2,-5.337063,0.6541891,4.110161,-0.89349365,1.4754219
2915,train_images/314862758acf.png,cc947172d6b32cef08bd781023e37f3c7092f6a0bd73d8ed54b784523e21ddca,2915,2,1,-4.046154,4.4196005,1.8424072,-3.5435677,1.3947258
2921,train_images/453d553b0a94.png,75f9f0a7940e357bf6e24ca1faa9801325d21fa0a2fa52984d68f1d5018bab7f,2921,2,4,-3.2990227,0.050275803,1.4810181,-2.1531715,3.9956589
2923,train_images/48afe8c47454.png,3180da9168eceab0070e202792dd82390c90cd1967d3c69bad5b8a9e534594d1,2923,2,2,-7.3840714,-0.782053,5.2266655,1.7974625,1.125843
2925,train_images/4ee1ad981a6d.png,b28131cc32cf41b73747a858a558e09f94a0403b32c3a9aa05fac6fdf2460928,2925,2,2,-2.250187,-0.9319954,4.9563484,-1.1479759,-0.5376663
2926,train_images/510aa0a898fa.png,9cbd59698d97d445c27195889990adaab0b54a38dc415f3ebc415d3f50055f3c,2926,2,2,-3.7975578,1.3536739,3.709919,-1.5175934,0.3343315
2932,train_images/57469423a012.png,404605ec0333a34fc25e007e9b26ba332ca87f49f225a7f3a4cd80850b736885,2932,2,2,-3.3895493,1.507062,2.535778,-0.27106476,-0.36691666
2940,train_images/62cc7ddb53b6.png,410a0c0e5d4bea5cdf5f90da15a19a91c5703aaee147478547c8463d9f711453,2940,2,2,-5.6902924,-2.4246407,3.3048172,2.531227,2.2811012
2943,train_images/657859f893d9.png,15aa12a4d362dbffcbfadf54b4172299c10405262184894a7db11cbf379075a5,2943,2,2,-6.120781,-1.0219421,4.3141937,0.6299362,2.2207985
2945,train_images/6b869f37cdf3.png,0d2f06d331fed4a62599db511a89704287fd6d2b347d426ba3c8fc847aeda26f,2945,2,2,-5.465122,1.7422581,2.9410362,1.0016098,-0.13276672
2957,train_images/8000a6b97a84.png,8bb6439d5d50bd1784f891860dac6fc3cbd7bb748c150f8ce98fc26d2c52528b,2957,2,2,-7.3362427,1.2481537,2.7192268,2.1138458,1.2437248
2965,train_images/89b725411cee.png,48a4767f1c8851853d6f7c6039016e32891f51ff926fa8abf3243f6e321fc106,2965,2,3,-5.182888,-0.39190483,1.7336273,3.4131088,0.4985962
2971,train_images/91a88d3b0358.png,63ba8ac13fb4dcdd55289f85e9731be89396be355c7e8c28c7cc315437fcf9af,2971,2,1,-2.9054222,2.7340546,1.8058891,0.037490845,-1.5934563
2976,train_images/9ad92f1c1542.png,cbd04fa3b714428507e55cd9a367662af3563721da922d94b04977b3051edfb9,2976,2,1,-2.220543,3.0730362,1.6006546,-2.6794891,0.3818283
2982,train_images/9f5a8665cf2e.png,ed4ce91ad21344ee0441ed7082291b9565648b652967d04e4ff22fa733907bea,2982,2,1,-6.091282,3.1213503,2.2806168,-0.014915466,0.7262955
2984,train_images/a0a0cd8af5a6.png,e173a352afc85c6519fb8e91886430e8de15eedd7f295b55abacf933aeb5806b,2984,2,2,-4.984417,0.83514595,3.147728,-0.5904007,1.6374893
2995,train_images/b13d72ceea26.png,227bfcc1aadec71c0824ddc524ddc94714359c05a4defa8d704a018e3650dc8a,2995,2,2,-8.514339,-0.55230904,4.539215,3.1170425,1.3634949
2996,train_images/b3c0c3330278.png,94550a55f6744e7a116f2eef56432bef249c1be2b7c6f938ff46beb0ff3c686b,2996,2,2,-7.553528,-1.2672195,5.039654,-0.41271973,4.160057
3001,train_images/bca2bdc15fc5.png,c1643a7b9aa3bf0fadbb86ebdc67f54f001858abe7574e10f19bab51be93727c,3001,2,2,-1.8792877,-2.003891,2.9905396,-0.8027115,1.7862129
3005,train_images/c05b7b4c22fe.png,12a07df5bbe335d27c04b0e874d773c8e525d33e4a0e56dffa0bfa59d8172d46,1004,2,2,-5.1598434,0.40143967,5.356674,0.1871109,-0.7698364
3007,train_images/c73c5f6ef664.png,ba51547005a4caf45afaee3d1ca393b199a9918035626de62b94ac915fbd1676,3007,2,2,-8.06028,-0.6116886,5.1478577,0.45983124,3.0383263
3014,train_images/d67374d3fa2a.png,a9074548dc51583839960f9d044fe502cd2f149168d1ad4f4e544d82c4c9b8a9,3014,2,2,-1.2390289,2.2465544,2.7130585,-2.8404999,-0.7313118
3015,train_images/d83d0695e215.png,bee8e754dd8ab2aae6f5e91ac55b0f3beb197e90dee9c94b5587b2683281c9e2,3015,2,2,-6.062702,0.92472076,4.8791656,-0.4295044,0.7396736
3017,train_images/d968a983d4d2.png,92be74b53ac9f57a5c1b0e8f90587dfa6492cce7dc19a032d7618cb97fd2b0b5,3017,2,2,-1.8711967,-0.36436844,1.8995934,-0.53417206,0.99495316
3019,train_images/da0a1043abf7.png,227bfcc1aadec71c0824ddc524ddc94714359c05a4defa8d704a018e3650dc8a,2995,2,2,-8.514339,-0.55230904,4.539215,3.1170425,1.3634949
3026,train_images/e2856afe62c5.png,de5d918eaec75d53e0c2ff9c98c2ba10296f121ae516a9b86c5da6b45d096763,3026,2,2,-6.8345413,1.8757133,3.3555565,1.8060379,-0.18537903
3029,train_images/ea05c22d92e9.png,f4d2af495393fd2a22afa0a58aa9da184ef390022516e66591e170af408947a4,2143,2,2,-6.1096954,-0.54740524,4.2898483,0.53925323,1.8575363
3031,train_images/f80118bbda18.png,41d42f931ec2f9729e8ce481f54fbd252802fdd1de73d3d3a5eb12d8191651a3,3031,2,2,-6.043907,3.440487,3.9609222,0.027748108,-1.3648033
3039,train_images/1ab3f1c71a5f.png,4731f0e9dca06e296f33cc3d1388d8310914d60b1b6a8bbfd04ddeef5ff27ff7,3039,3,3,-7.1922073,-4.084015,1.9552193,5.151863,4.1446075
3046,train_images/71a39c660432.png,95da2854c694e8928a3a97052a8e50b64e2e705a9025f148cc12c7035afd305e,3046,3,2,-9.5387,-3.6363697,5.5551567,4.681099,2.8404655
3051,train_images/916ec976ff30.png,9cca0a041f8ddd9e449c11e8d4e3f37d0bde021fd121efe771dc3e6c2d5749d5,3051,3,3,-4.7152214,-0.010278702,0.8829193,2.7243729,1.1759491
3059,train_images/c0a0828e01b4.png,14886d1de5e35e06a7592eba11f4012f352e1939ecfd216b7b6f1e9237688e9b,3059,3,2,-7.5903244,-1.0579414,4.2974396,3.1092224,1.206646
3062,train_images/fda39982a810.png,ee24d11f6b2baca75c1cf903056b143d59f85284f725cf47f2b4308301d3ae8a,2892,3,2,-7.8107834,0.04273033,4.6760254,2.3968124,0.7234268
3068,train_images/20d5fdd450ae.png,821964656547ebed399ac327e52c76eb13d6ee33f9c9d8682424d8900ed80b50,3068,4,4,-4.9841805,-4.901308,-0.26612473,1.4299927,8.708572
3070,train_images/254052cf3e48.png,8e7d973324f9d01fc934f737fde5fb0c696cf54f7c3625750b5c57e6fee892f2,3070,4,4,-1.5053711,0.3514166,0.46242142,-3.46587,4.281315
3078,train_images/612f2df37a1d.png,389c0adcd9faee60de01e3f296f299a89ca52990f33230bb8eff913e0c761509,3078,4,4,-5.5251846,0.1849575,0.76465225,1.9893341,2.62846
3082,train_images/7c629b491d1a.png,601003c0f1e3a703709a5f6614646dc010ef36e17049f0f785bac91539e5d3fc,3082,4,4,-3.2369652,-2.9514465,-0.51974106,-0.98960495,7.6602936
3087,train_images/9c72ed6befa0.png,f4918ee8c66948959c87b4c8fd543913f5465c21be9203f24f0e99c01e5ac68d,3087,4,2,-0.94252396,0.28232384,1.2414627,-0.65738297,0.1820755
3092,train_images/b87f9c59748b.png,8bcc3305ab01ecc6451fa1c1e6612831ea80c7f700d9ec069d8221c15baf10b1,3092,4,4,-4.0227127,-0.47377968,1.5047531,1.4140396,1.6480522
3098,train_images/d51b3fe0fa1b.png,b41dbbf3c088e575eca25738629504f9b16cdf9f7eaef751ea2ec6d84e30c03d,3098,4,4,-8.226574,-3.134529,2.85289,2.5126953,5.9668236
3105,train_images/f72adcac5638.png,6b92b1fc6857a3d3e533275abce8b706b1f75bd368e117f68e5b3964a54b9db9,3105,4,4,-5.236912,-2.6788464,2.1333504,1.5105896,4.2436447
3106,train_images/f850cb51fdba.png,967d99b3ca0139ef2bdd9de3e4b82596bf1ea24d51450baf9e09e0d25916399f,3106,4,1,-4.2836647,3.8990011,2.452179,-2.4520416,0.46582413
3111,train_images/0232dfea7547.png,4aacfb4939e4c24efc3bd08530d1ec1d17d3c00143e937fc5633eaf2aac2a970,3111,0,0,9.559462,2.5748625,-2.1356163,-5.1082535,-4.5173264
3117,train_images/09f1111a388a.png,808b27400843c1616892c84f533305d1ad92c92666c78cc59bccebec345d8282,3117,0,0,7.1940727,2.4703207,-2.704956,-2.2177963,-4.426834
3124,train_images/12ef75375322.png,834c3e22fab0c7251b2596f98a0e0d1f8475ec6f44ba5eb5123c7b2aba51e819,3124,0,0,8.9565735,0.80407906,-1.0952606,-5.229965,-3.0934792
3131,train_images/178412895d5e.png,a6e9b7f9352e64e9a7b521411a05c3032eecf89a7d886b591ea708b0fbcffe15,3131,0,0,6.9311523,-1.6370754,-1.6817398,0.45879364,-3.7840958
3132,train_images/18ce0cdc473d.png,5e674d8a90da639663f55efd7efc4adc68062e8df8c24b3fdec73a1fcc9c2fb3,3132,0,0,5.1451874,1.8715811,0.17340851,-3.9995956,-2.896782
3138,train_images/1d46f1326394.png,d95dcc3f20bbdd02ce07b7c7f94876e4a9e516be667c439da0d7f3676124002c,3138,0,0,7.42939,3.0223618,-0.805603,-5.4532127,-3.8277817
3142,train_images/201f882365d3.png,95146b47ace8f5cf70ea52842bed308ecba13dc7a93fbeeeb88c70617f9eea9b,3142,0,0,5.793888,1.8358564,-0.08362961,-3.7548904,-3.4706001
3148,train_images/27933cdbe0cc.png,14f0fb61e3113dfd49b2b9b58f96e7ee1b40c69ae1f28c1feb001d441ea7d507,3148,0,0,8.534775,2.3869038,-1.0974503,-5.5449867,-3.929142
3151,train_images/2bb3c492d6d3.png,d4b879aed9b05f813af0479c412e864d7eedab7a20d4bb5f039458d93228ba46,3151,0,0,6.765072,0.7816696,-1.0767555,-3.3628273,-2.7798805
3159,train_images/33b91def2035.png,7a9dfdda0dba0e2ebe41d158d028414ad2656405309cd3ef3852b4ab0cb78a6e,3159,0,0,11.448267,1.0536318,-4.3738174,-1.808239,-5.9210434
3165,train_images/3cab32dd6ef9.png,6f13a7c891b9564326ca17f212edf5d31f5c03864542dcce82231f0b860a1cb7,3165,0,0,8.312775,2.7260885,-0.7001915,-5.648731,-4.3262024
3170,train_images/436fa3fd145a.png,46cd31de90dde6497886110925e6f261d319cf61a68c93a80b5960db139b8943,3170,0,0,8.594421,0.4766655,-3.3468132,-0.63685226,-4.7326317
3176,train_images/46acc506fa61.png,e441944b85c30410cc75abd8d7aae592773be12a73bfc731e40f807bb58994a4,3176,0,0,8.0590725,1.9874878,-0.8058815,-5.9080734,-2.9749603
3184,train_images/4cddfc22b0ad.png,9152f12b9540d88ed2360aa4b53eb853c414d60f5ba6f04e64d00d2401b1ebda,3184,0,0,5.425934,1.5971804,0.14480972,-4.3573456,-2.5142708
3189,train_images/511fd66b2df8.png,7e640d76a83e9fd5588701d715db820713459ce341fd9859165bb9b131218cdb,3189,0,0,8.671215,2.0626297,-2.0122108,-5.3961678,-2.9329872
3193,train_images/525d0dd8dc45.png,adbb3a8d96eed31a3f01b4f0ebfe4a117782ad26c69f7116663c9396c2d4f35f,3193,0,0,8.056896,2.4870062,-1.2370415,-4.9544525,-3.9880104
3196,train_images/54b322c66d01.png,d366fd0bd38fd053300e005628fb25f55fda7f4560848aed926c5e08b788ac4e,3196,0,0,8.707291,1.755125,-2.3231087,-1.7157059,-6.0704765
3201,train_images/5db2e3a4594a.png,159f83ec4e2b7cfebf0374e2849503faad3fd9515e825c96f0ae38a67353e090,3201,0,0,6.18696,1.9849005,0.4248619,-5.2306595,-3.0751953
3208,train_images/68987fb159ab.png,1e0985550d5b3d4a435470ee3380c79565b402cc355a0817684b1793fba16f8f,3208,0,0,7.8916645,3.1652174,-1.0828667,-4.9777565,-4.6777534
3212,train_images/6e092caa065f.png,c030066d0fba67eb4bc76efdcf9016b4acc5d00f9ad6f509816db52c03aa07bf,3212,0,0,8.3581295,1.6923943,-1.6419563,-4.2688217,-3.7876816
3216,train_images/6fe67fd7f5d1.png,a427ab67f8528a7bfb303514629d6d450d03182b196a3c4a6313113abeb67552,3216,0,0,8.809744,2.1637812,-0.9180908,-6.0749893,-3.6331291
3223,train_images/75c180e04f65.png,8a07c07be006dbc2abdc0a74af37700b23e1796c8101d80ee9abc23f947f65c6,3223,0,0,9.139227,2.0174952,-0.570034,-6.380478,-3.8216743
3226,train_images/7a6495a39d87.png,ccfae353d24c6cf304ccb4b07c0d6bcc4083d74c5957b833d6ff97769fe38415,3226,0,0,6.785021,1.5738897,-0.67224884,-4.5453377,-2.814705
3230,train_images/80e6e425f966.png,b4453c61c7d77d176575f6f1f7a317a8f822ace402a1b41d075151d4e2a6deb7,3230,0,0,8.657469,1.8802748,-1.6144753,-5.021488,-3.5442162
3236,train_images/88e4399d207c.png,f1441a207390d3b03e4e7e4539f952c8b84f64db034d4c30eb5e4879d79083f4,3236,0,0,9.319443,2.3697948,-1.282444,-5.6320457,-4.4031906
3239,train_images/8ab3faa3701f.png,e73a40e6548ddf146abacc6a95f5322b512b78b1fd6d7cdb42ff4cc0bc294232,3239,0,0,7.560993,1.8295813,-1.6734314,-0.48379517,-6.9082184
3242,train_images/8e2a3978c244.png,b159a4f24f2f9ba313f18c6eae09f39221b9b9f0261ea97deb0490da2a12f831,3242,0,0,8.307896,2.2253008,-0.65826035,-5.7948685,-3.7317314
3246,train_images/946545473380.png,bc663ec0dafe7c4576bbb10384851d11744e382f434402ba30eca06f3df9cad8,3246,0,0,6.7565136,1.9122896,-1.1718292,-4.2271614,-2.9493217
3248,train_images/96ce10a1dbd7.png,29cda9cff2b3292508a6f4512b9cdae4b85e088d9c43190ed06b3dd1a9754b00,3248,0,0,8.317219,1.4210091,-1.2885284,-3.5969276,-4.482563
3256,train_images/9fa02dfb5553.png,2c608ba062f6bbcf35ab4cdd90b32ed397fa395f2f88fe2b01be411aed44411f,3256,0,0,9.633368,1.792944,-1.7875519,-4.9285736,-4.321739
3259,train_images/a08a0133754a.png,c33f13a06023838418b1cb74b6fcff7102a016c1141183ea81e8c65cdc7c8a2b,3259,0,0,7.079962,1.862587,-0.1653099,-5.476593,-2.9909325
3267,train_images/a654b25124c3.png,1fcd6ed4591b738bc80d69c364f152941a2f1baad0c8cceab719aeb7d986485d,3267,0,0,8.762592,2.155942,-1.0417061,-4.945236,-4.59029
3270,train_images/aabd867043cf.png,0d648e7ceb0168316271b39bda83104396b001c6e9c20404f401ab3ca9955287,3270,0,0,8.353756,2.3250017,-1.3279839,-5.1031303,-3.915844
3275,train_images/ad20080452de.png,9bb484d968eb8b1085b097d2b3fa3c6f0af46b66cff9b949d45507ad2cfec9a4,3275,0,0,7.833908,2.4425974,-0.59292984,-4.735298,-4.6026077
3278,train_images/ae975c43bd8b.png,2ffe47f0d9eed80eead9dc84c12656c865af874a2fe5c3cfdc797c0720fb44ce,3278,0,0,7.8219967,2.2019892,-0.6841507,-5.128681,-3.8855934
3284,train_images/b549af91bd30.png,344f3473386e5bdf27301d3b48bae168fc05bc2fe619ef6c95df292c8173174a,3284,0,0,8.189465,0.90074825,-1.2910004,-4.504509,-2.9440956
3289,train_images/b8e9a8f4617d.png,5b35670b56fd8480f024c3ed885e886a8440e33834cb4127011f6f351a8853f5,3289,0,0,10.180721,2.0600462,-1.6454277,-4.985546,-5.208706
3295,train_images/bb08949dd70a.png,6c8a483721786315e6cf0cde1fc88ca63719470dcaadc1418ee3b5da0d5f6127,3295,0,0,7.653784,2.4196339,-1.6166077,-4.653576,-3.4395447
3303,train_images/c5a6f432a1ec.png,f3987d35a2d219a8204d2fbaca21ee74de70fb078e17418faa6e70cd0dd3545b,3303,0,0,8.841522,0.28144455,-2.5030441,-1.5029297,-4.762211
3312,train_images/ce754234d760.png,1fa852b49a534ecbb003355d96fea0904f19fb44ba40d767da24521bac942f14,3312,0,0,8.368906,1.2962866,-0.57941055,-5.2151184,-3.5154457
3314,train_images/d02b79fc3200.png,fc6aa0efd42b27d10d72cc0bb8308479a65e97b31c7239d8c2c89c5915151d9b,3314,0,0,9.146545,2.0090408,-0.65327454,-5.2825317,-4.847618
3320,train_images/d436c06f0490.png,888cc686b05ea24ed7ea6213086a50446efef0feca56ebef1dcd19305cf9f8c6,3320,0,0,5.262432,2.2941685,0.5016632,-5.253521,-2.5132065
3322,train_images/d6df4fe492ec.png,825c59e676c5127e4896cff851624f288307eaa1d4802448cb995598f72973fa,3322,0,0,9.065588,2.9477978,-1.3969269,-6.0935287,-4.169277
3328,train_images/da6389d129aa.png,ccdc80fa2b77c58155ff9036de2d8f39d5821a616ecf37508f6cfdba000e2755,3328,0,1,0.11284256,3.9890833,1.4700317,-2.8617516,-2.4943314
3330,train_images/dd02d60bef14.png,b4048f72101bdd8e72fec11321952150e42df9e633752134ee4f38ee7961e118,3330,0,0,8.951767,-0.29605865,-3.3312607,-0.5105896,-4.4803734
3335,train_images/dee1031a76ae.png,88648d2f4b898ee1019f027e3ec9be1364ed996255797a48a7c9fa20d0688953,3335,0,0,6.2294445,1.4353933,-1.468914,-4.1888046,-1.6980591
3341,train_images/e29e54ff921e.png,e9d4f53e2a5d40b1e8ee9e964399e53938348893576b8b56d8293bb42201d505,3341,0,0,7.3217926,1.15973,-0.6976242,-4.1253014,-3.3198013
3345,train_images/e68bdd36e589.png,a545eeb4d5d33429aea6e93cf22aa1ba6662d227f4699a504e6a0eb586585ac2,3345,0,0,4.8976707,1.845068,-0.77667236,-2.8249702,-2.8412743
3352,train_images/ec01f0862669.png,0d2581d68319924744e3f7f6b5be8542ea3fbe9189bf43831f8c156709a497cd,3352,0,0,8.095745,1.773015,-1.5278664,-4.119072,-3.8636284
3356,train_images/f0267c42907c.png,c27981e72e55ad863142aee5c6e001d868059f6c0015f8aa2e200b293e749c47,3356,0,0,7.657091,1.6540022,-1.8478203,-1.0494041,-6.0951233
3359,train_images/f298b7d05958.png,6f3230dfc5e4cf0b03637af48ed9917498b07527cbc33725a9ec3fd3b47d18a7,3359,0,0,7.431137,1.7798872,-0.38669968,-4.705536,-3.7705994
3361,train_images/f58f0b2fd718.png,f2743551b4b5d060b4f6d4ee10342ffe3a3368b363a012867a2b2526c2934921,3361,0,0,8.344505,2.0890007,-0.60515976,-5.2564354,-4.2260895
3373,train_images/fdc685055659.png,b6bbf49861b0ae72f452cef964de781ef20ebcfe6e8b698af44f5bf2f65e1874,3373,0,0,9.693405,2.803978,-1.5058022,-6.5579414,-4.0513077
3377,train_images/ff1e940105f9.png,9317962de0ddba8472d1be78e9319b33aa7bd3dd2c30c798a68291bde780ffd5,3377,0,0,9.00005,2.5870647,-1.4446182,-6.232502,-3.6046562
3381,train_images/0f495d87656a.png,be911c52b567dff62cafb0cca6bd9bd8f327ae7159090b31656422231c18f083,3381,1,2,-4.057461,3.7314348,3.993084,-1.9835091,-1.6290512
3386,train_images/30941b65348b.png,559e6f70742d5669ccfd26384a0cc1f2885885d0a1550e3e750250d145ea8798,3386,1,1,-3.8299408,4.9243307,2.16708,-2.4354858,-0.73295593
3394,train_images/47d1603a555b.png,f990b37500325946d331f3e2c8b2617d7649a1f0ef8d17421db78a55dd108909,3394,1,1,-3.951046,5.0160694,3.1113358,-2.5511284,-1.4957771
3395,train_images/495255c7492f.png,c3fa54523aa5f52032d6204ba870d397a90077044cb63395aa3ac278eb0b5387,3395,1,1,-3.4957924,2.4901314,1.3568115,-0.949543,0.66558075
3401,train_images/53704c80f0d8.png,97ed0d0b26c66e50fc0bbb5cf1e5c2900f9334d2ef1fdc7eae4e77fdc7c688a3,3401,1,1,-2.3114548,3.5102692,2.3412018,-2.067524,-1.3831749
3407,train_images/6d292ca4c9ad.png,040f54b5799203c71aedc640713df9967c5210b502f87b07df3cab177679bf8f,3407,1,1,-3.052822,5.8903875,2.3638077,-3.350998,-1.7257271
3412,train_images/89ed6a0dd53f.png,6853c2f45e7a182ece812c2825bea574a19682e8d55f8a0386d0d9625bca26c0,3412,1,1,-3.5278168,4.0155363,1.3529015,-1.0390663,-0.77163696
3420,train_images/a443c4fd489c.png,db1fe311ed8120ae5045635cf0ff8b9e7d43f9ef5859f84a2800778d89b9571f,3420,1,1,3.2311172,3.2463026,0.57289124,-3.53788,-3.2434692
3425,train_images/b640e3bdff75.png,6c60f487b9640715f98fdac34f67e1424919b9045e7d00ee4a1cac567cfb0c11,3425,1,1,-0.7147293,5.1474953,0.8059349,-4.0195274,-1.034668
3436,train_images/06024377d573.png,d5ace70ac35bb85d05d04399ea5fb43063eff45e240cd4b2a6ad118a6daf3d88,3436,2,3,-8.283596,-0.6534805,4.43869,4.7263412,-0.28120804
3441,train_images/0efc93ec838b.png,62af6c5850e969bc36b859658d1e13a5d3e852488fe928ef678d5d3dd3251f9d,3441,2,4,-7.063034,-3.2858276,2.2007256,1.658989,6.4622955
3443,train_images/1124ffcd76c2.png,a9341152ed81341723f1f585f8715bfcbae8efd3115426e912204e2c5abd4493,3443,2,2,-3.8638344,-0.7547188,4.30888,-0.63749313,0.99425507
3447,train_images/188a9323be03.png,23b5009c6e071d47eb014dc75a59268d4a1e96bc21434eec98b50bb7f2b733fb,3447,2,2,-7.107212,-0.667923,3.5974693,2.6075592,1.5447121
3450,train_images/1c0e5dd1b14c.png,fbc62e0ff7e4c90dbc41c2497baad7a2c4d3740852c842db2b2a4001c4cb140b,3450,2,2,-8.273144,-1.7225609,4.955345,2.5633774,2.4573135
3456,train_images/23148a40ecb0.png,1b20076b54f0cf41e1276ff53c57f6f4b0aea7cec00704fb21592307d37c7c31,3456,2,2,-7.707733,0.6482897,3.172367,2.30204,1.5697556
3462,train_images/272d9c043c81.png,1e338d3beb03aada71a43b21b2a3ad3e652ad0b44aff2a1e6e8cd3a74de7ea56,3462,2,4,-7.727154,-2.4769459,3.314087,3.0102768,3.8712044
3465,train_images/290ecdba359f.png,b69733a030fb9184effe5c058d7d33ccdb3e7a8f399229566a13f1dfc89fac62,3465,2,4,-8.189457,-2.0015278,3.803074,1.5059052,4.849903
3471,train_images/388f12e8df0b.png,3ef05c51e3969a01834c63c6e204855abe1e90a2c3414b2b3187ac4e1f4a9915,3471,2,2,-8.116863,-1.8897419,4.9436035,2.0210419,3.0057793
3481,train_images/44f4ae58990e.png,22069b995aa283059c35168b159f3f23705dcc26b7a3527936e1bbb8ee15a877,3481,2,2,-6.0559044,3.3158092,3.673687,-1.230278,0.31734467
3486,train_images/49419f8d5cb4.png,54012dbe40c256e6d33810cb9748517164f72df1286cc39719ded4004e413838,3486,2,2,-6.5640297,-0.29255104,4.6768494,0.9617233,1.2290573
3493,train_images/51d0034d177d.png,e5622af79963d4998209177672e27e0bfd9cecaaf7133b42387969513852f255,3493,2,3,-5.957367,-3.8671246,3.6060753,3.6127014,2.5724602
3500,train_images/624fb7317106.png,49a396b62f6fcf24fa2dcfb178afc10fcdeb74dc916bf75dfbe3f18d56632d11,3500,2,2,-7.8339767,-0.44402122,4.3428917,3.9230194,-0.017349243
3507,train_images/71e4130bf5c8.png,419afe9082d107e71604f25e0600df5b4fa28886c1582a4387c460595a59c05e,3507,2,2,-7.4092026,-2.9239216,5.0605125,3.4467087,1.8307114
3513,train_images/7c52fe73e748.png,403825d6c8b2a58bb64b682d7d7c4ddd925c98677b69de1cbd9d93c2a5ea07ab,3513,2,2,-4.045643,2.0349493,3.6243172,-2.2704582,0.7174187
3515,train_images/80b5a9519aec.png,af7273352117ace4fc4ad5e8b112408c4f6362aaff5cb0fea05bed80e4d3c30b,3515,2,2,-4.080776,-0.8088131,3.3627815,1.6279297,-0.07424545
3524,train_images/8dfff47b06b7.png,f34981c0ea4f9dcfbc7b2c3ef98c4bf124300ebf0113ac9aade421cedcc7b080,3524,2,2,-5.9795914,1.0049963,5.2570343,-1.2806511,1.0338898
3525,train_images/917f76f360b6.png,4ade5faf5a8e277c3604f6a9061766097b69a6391297ea00b1016cb4f7675b93,3525,2,2,-6.985016,0.8807812,4.5256157,1.9560013,-0.36247253
3530,train_images/9785805af1b8.png,90074c4af236095cba246e982db86adbd83731e2a339cc740d13a1a8fcc47e4f,3530,2,3,-6.8960114,-4.6900635,2.0810242,6.545227,2.9089699
3536,train_images/9f436886e056.png,25e1f6b090206bbd6643b3ce4fccf98f6c15568a6eec2dab566698f9e0f92703,3536,2,2,-1.7422752,0.9171133,3.3932877,-0.9998436,-1.4422302
3543,train_images/a4359815f152.png,adac219bdb8f1fa2502b221db0ff24e7df9e7c026a76a52051062ad095c78b23,3543,2,2,-5.2867775,0.32771492,3.5475464,1.6235809,-0.16472244
3546,train_images/a7b7dc8788b9.png,0c6f2ec97040d93178e6309babe2b34e1e8fe5cffa1de3b241b54e483c9bc081,3546,2,2,-4.5626907,0.20506096,2.9571419,0.13712311,1.3326263
3553,train_images/ba25f947f4ec.png,7ca93bf2b1ca55cc793291d64dd14316bf04c8afff01f2251ea4e4ec5d4d778c,3553,2,2,-3.8548775,-0.8999634,4.309723,0.42877197,0.06255722
3554,train_images/c2d2b4f536da.png,b822a3249bf631d8cbbdbcc506f3dad105981b7e1ce72584839d313effa5b87a,115,2,2,-3.9628677,0.716588,2.3785973,0.7874832,0.14536667
3559,train_images/cd4e7f9fa1a9.png,085e34d28dda6b7a5a465ed95d8ec85304961699b69a4f9a7ed8b92bffda19b5,13,2,2,-3.7791405,0.48458767,4.9417114,-0.95988846,-0.6185837
3560,train_images/ce887b196c23.png,50030ec7d40919ba8ae7ecf7cc145950f1cea65f54da0ed9630dfd3b31c9a026,1949,2,2,-3.3582573,3.6836662,4.1858444,-2.132515,-2.2485695
3564,train_images/d8cdb7d7283a.png,ddd9bbabb3d26199782ff85c6ed46bd33d5347018fddbe05157af2b80cdb3295,3564,2,1,-3.9084625,3.6089249,2.3878899,-1.585083,-0.42230988
3567,train_images/d9a475dfe59a.png,4251866c387d15ba6e8057bc6bef69235ff1ae15441d1ebda5102d0a915cd5d6,3567,2,4,-6.6096535,1.9336729,1.7130165,-0.13587952,3.1072502
3576,train_images/e65a2ff90494.png,e9530fe5cf3b46e923ccb407f462e829c4a6a2df2b6a072ea6d31c2696005f51,3576,2,1,-3.8219185,2.9838266,2.8623466,-0.3875656,-1.5789223
3582,train_images/f2ee81781411.png,6c2d329392faf62708e38fe95831baf27053c35b85659fc7c5bbe3614e519db8,3582,2,2,-3.2348175,0.82133484,5.2702255,-2.951786,0.12897873
3584,train_images/f61bf44c677c.png,e4a71806a938cfbe92c999b10210ef5c7b5f8095ce90641a721e09f41cc4958f,3584,2,2,-7.1767235,0.58409214,4.1081467,-0.23904419,2.7121544
3586,train_images/ff52392372d3.png,72cbfc507eb423acbdc97e5622ee600758feabc55cb6a1ed3c432bec9dce9825,113,2,2,-5.3228493,-0.2969513,4.927128,-0.0039596558,0.7261276
3590,train_images/3218a6d8eb2c.png,ffe361a72de65bf79eff34c44aa34ef145acb2d5543b529f72e903fce145978e,3590,3,3,-7.468071,-4.028343,2.7563095,4.5173035,4.1774673
3593,train_images/498f143c0374.png,c5aa0c02441644210f66d0b8fa315eaf3bdf6a4170e20fffbfc28ebd0432d5eb,3593,3,4,-7.0147133,-1.9671745,0.457901,3.4367828,5.0496483
3598,train_images/80ca40196225.png,0ab002060a83d30f8f4ad72c6f59efedcfb244380ef5eea9e067125efe0c1770,3598,3,2,-6.8629456,-0.67464066,4.681843,2.766388,0.08501816
3601,train_images/91cf56d3d1af.png,eadaa2e8be522099b564ba2bf141320de0f9306ec0911a8cbd647e6a784b44db,3601,3,3,-7.2395897,-1.8735046,2.0120773,5.1072464,1.9816856
3607,train_images/b3d135bd3bb5.png,86e9beb640b015d689af9e47d70d03c7427f3b77d78ef12c934e2ad8fd4bb151,3607,3,3,-8.071049,-1.2943573,1.6580353,6.1456604,1.4307594
3611,train_images/dd3dad6ca78f.png,7b41cd7a1309312db3765a88bd81a39ebba83b7f0970d5c77c68af15cac71f0f,3611,3,3,-4.5045433,-1.025528,0.7667427,3.8163986,0.9690323
3617,train_images/0ceb222f6629.png,e0b4f28d5ac30fd2bbdedb8f8ac3e90825fe01b41370b53a67d5bd3fb34d8164,3617,4,4,-6.517021,-0.3751278,-0.67881393,2.0978851,5.4657326
3626,train_images/4abca30b676b.png,367a856711f73f5e695931f695a1c6d0e5702f0477198a968f67c429596b6621,3626,4,2,-6.834793,-0.89694023,4.0383873,3.0014038,0.6694412
3632,train_images/65c958379680.png,e6f9745fc366b3ec1bfef3ede76b78ad12259b256daf7f6f10b8c31d28e6c910,214,4,2,-8.291203,-0.88427925,4.9031296,2.309288,1.9204788
3633,train_images/69fff98cb32a.png,d655f44778ea5bdfe84d973d7472c840fc85ff84c31d487034125bbd8a9648f3,3633,4,4,-4.1572075,-1.1215458,-1.3985367,-0.8759575,7.556164
3640,train_images/7efc91af4ae6.png,41619e836c21a6328675320305e43fa3a57244adcfa80ada49bf92940d06c77a,3640,4,2,-0.2371788,-1.8208542,1.699688,0.24044037,0.25860596
3646,train_images/a11bf2edd470.png,a36b21658b8f4792601c61d4595103af62b230a1130c4ef54a535414d66bbfb3,3646,4,3,-4.639698,-0.08674431,1.9270935,2.3754349,0.5182991
3650,train_images/bfefa7344e7d.png,aa6bcb0a2b27e2cb806eee7a39cd3de3a9af1ab8890b122547f3156fb2885708,271,4,4,-4.680401,-3.402195,-1.0410156,3.8134842,5.322502
3656,train_images/de16416220de.png,173d043a6e7eceb732ee2d104c5f64642b8a1ec51de453d7562ca6a5900ac0c2,3656,4,4,-6.657009,-2.4418507,2.2794762,1.5301285,5.278702
3657,train_images/df4913ca3712.png,b41dbbf3c088e575eca25738629504f9b16cdf9f7eaef751ea2ec6d84e30c03d,3098,4,4,-8.22657,-3.134531,2.85289,2.512703,5.9668274
