pool_index,image,pixel_sha256,sensitivity_group,target,prediction,logit_0,logit_1,logit_2,logit_3,logit_4
3,train_images/6852f4531591.png,8a2befee3bac9304bd95b29d8a8070bfe3974129a20564d6f74184e7598ed07f,3,0,0,4.756714,1.799408,-0.3222648,-3.602923,-2.2193296
4,train_images/5879285f9d8d.png,50f2c3aee1cf83066d893910bece55c6df050e8495767f589af0df0b592547a3,4,1,1,0.1867466,2.688673,0.7726632,-2.2216647,-1.1010256
10,train_images/92f313287a29.png,d2e4184cb90a07f628a8a256dcddc994ed3cce4cfd473893af68a36c195bf8e4,10,2,1,-4.5371265,3.0321674,2.9539533,-0.47258306,-0.8622174
12,train_images/b665041e1633.png,d562e259d4929a5ce76ee78285ebbbf1349feaa76d06f8c225cebb8e4ebc56fc,12,2,1,-1.4243069,2.034336,1.7591805,-1.0163504,-1.1149273
17,train_images/de2eb5c8aa83.png,3519034420628044a80cd8b2ff731b990cb7d77ef549c8ac285221de8f96b71b,17,0,0,7.540968,1.4269066,-1.5360501,-3.553717,-3.3481157
24,train_images/e251bdf05b85.png,bf6ae31ecbe1de9ec89232b1ec1963218731c4df78fa636200a02022bfdcf073,24,0,0,5.8203716,1.6800308,-0.84346294,-3.9881747,-2.1558626
28,train_images/6810410187a0.png,c9c7e397cdad94344b4a229e338fa5a820b30d1b7767bf322bb5b679e4edabd5,28,2,1,-3.548895,2.0388222,1.9566495,-1.3680886,1.0677266
37,train_images/e9ff9352ccb3.png,e2f35230990537f915259582fb4dd8abc34fffa3a3b47f30614d433e9a0ea1f7,37,1,1,-0.45453453,2.019373,1.5440526,-0.9985609,-1.8941884
42,train_images/51cd8d2057fa.png,5fa3fa4aff9551d1b97ba3e0c941cf5ba05d3ecbe8b73eab52179b97ef53e794,42,0,0,5.993988,1.7220726,-0.49169683,-4.7556944,-2.012113
48,train_images/63a03880939c.png,12bb56f380cecca7aa558c03446098950cf06a2189238343f607bba494a5501b,48,1,1,-1.7642708,2.9387932,1.0585353,-1.8272736,-0.16695452
49,train_images/5db895d3f1fc.png,51754fdc45faa69c0fc6be0257e63fecf99d719b10231dbfd756b3d0df12dbb7,49,0,0,7.374366,2.0272274,-1.4154918,-3.4711838,-3.9883153
53,train_images/a2163f0c2af5.png,e6f2c6e75d6a6b8b587ad70dfb0f42136e3a9fcd148d0b133784addeb9bd848a,53,0,0,6.197585,2.3231335,-0.4321381,-5.415474,-2.2501736
60,train_images/aafe980edd0c.png,63725bb156ceb903bbd3d7123f1291bc4c76c9482708d500895212a235ce229b,60,0,0,5.9706097,1.8327675,-0.60616374,-4.80675,-1.9276643
66,train_images/494fc9c745a3.png,d1af4ec02abbf521343baea46fe913af2fab1f2e81b04c3cf530ba732fbf05da,66,1,1,-4.2323685,3.796938,1.7579198,-1.0292604,-0.15609789
70,train_images/278aa860dffd.png,6a20c25aab24f0b886ad537fcf5bb9d558434fce0f27c7b8ebd149fd5dcccc00,70,1,1,1.9033375,4.181698,-0.43850493,-4.007784,-1.2363567
73,train_images/c90c6b94cf40.png,931a2a5326cfebb4fd0392b7e5b338d28cfe0a36f0943428b3ad92ac9f545d08,73,0,0,4.1991215,1.554678,0.053935885,-2.1208682,-3.3175416
78,train_images/ee059945b08a.png,8ac03c10403f732f86ee541888866c97d8bf8557552060d02fdde9aa806d1148,78,2,2,-1.4932232,-0.22680855,1.7462138,-0.650455,0.8281894
82,train_images/838c87c63422.png,16408926131f232702bad8b9dc6db519abfa46a0458d48ac67319358ec47fad3,82,4,4,-4.876932,-2.484604,-0.15945458,2.137927,5.3480124
89,train_images/7f39c36469b5.png,df2581fd190be09ad708fe4a36590eb5ae505fc784edacb98cd9daa2d05dc217,89,0,0,5.053219,1.5467625,-0.20140958,-4.404019,-1.5619242
99,train_images/423abbaa5fad.png,58f302ff650107f01e2a67ded84f7c8fffe2541fcaacb0777083573fd6b0e3b1,99,2,4,-6.074707,-0.7226114,2.3422065,1.9040711,2.5431595
103,train_images/bfda2fd0533a.png,1e0215426e2815591089dd3ee91461794f832d91a9b80ec54bcb7395f250b280,103,2,2,-2.786501,1.4793091,1.7756815,0.07885146,-0.40456295
104,train_images/0fd16b64697e.png,543f9d2ea4d5fdd9234cf8ef0b7f6b3374113f797e43217b9c6c12a5ad2a2276,104,2,3,-7.157337,-1.7494469,2.6400628,3.8155699,2.3987322
107,train_images/8ac0c44bbf24.png,7ab093ff2ac69f5c99b4423053628e6ddb98d7dd6fd3ffdef9f7d06a0b1b77bf,107,4,4,-6.578148,-1.7529993,1.0756648,2.9410257,4.260388
110,train_images/f02babb3a023.png,dc192b0d39599a4748fc05ede6fc659eea5bf3bb6fc2d06b14e59d1525a5d95c,110,0,0,6.4976397,2.3114471,-0.5064812,-4.925269,-2.9321256
117,train_images/0104b032c141.png,09e726df8a773dd4aa1d075909a49216d3fa656858e06e33d29768ddbe182b2f,117,3,3,-6.0690403,-0.6348362,1.9250988,2.5923843,2.165358
125,train_images/e4b0df29b96f.png,59614d448ef7e9f2e7f3d7579a2a9bd90d450d1e73853b6cdafec6fa83a53148,125,0,0,6.3294973,1.734642,-0.4769125,-5.218459,-1.934845
129,train_images/8c87bd748996.png,d0026028fc8d249fafcefbc861dce892d83a4c37ea66b886291a8fb67f3b7dec,129,2,2,-3.1596546,0.5690174,1.9458637,-0.58207595,1.37112
134,train_images/2cfe8703f265.png,e3ae9eb9ada3183a10d87e312a28658446131f2530987cc87ed5d92a19eacda4,134,0,0,4.20813,2.5807762,-0.08304489,-3.9491801,-2.2591317
136,train_images/44855f666225.png,9ae0b4ef73578fa86ed2dcd263d404d1fe3c59e710086205814b67aaa07cd527,136,2,3,-5.127657,-0.31702423,2.570466,2.7756014,0.11226463
140,train_images/15f8d769935c.png,59680f35e4eb6ae2d64d91f140f02c2b680e4ab76e7a2dbfd05df1e2add00c55,140,0,0,5.64196,1.9674892,-0.3864299,-4.5350184,-2.247792
150,train_images/283c3aeba594.png,d99f8306a6d1524a9eaa3e8af60d8f5f6d5f60e7671179a581a6f25ec0a1ce82,150,0,0,6.47326,1.4792004,-0.8180268,-2.9927828,-3.6462185
157,train_images/457c7c927e27.png,db763e5773bcf369f8bb189006908c634bae8221d7623b61be508cd706b78dc7,157,3,3,-5.9961033,-2.293314,2.480569,3.7998376,2.0146594
160,train_images/b8ac328009e0.png,63d7b5c9ac929e83d6ba6814516b856d42371fd4b1acfb667379a4c7f5f0ab87,160,2,2,-5.9775715,0.0077877045,3.007465,1.1477654,1.7926555
161,train_images/274f4de2a59d.png,3fce8f9f081f1d1d919cb52c361458a7efbab56d2e411408ef8b9aa0f48f0e93,161,0,0,5.8919754,2.0369682,-0.6777718,-4.698,-2.0970323
166,train_images/48543037d0b3.png,09a8866c8e7d43a632620799303fc287ceda911aa37d8853c05615475d7b954d,166,2,2,-4.575636,2.7036724,2.9344635,-0.23532033,-0.73258877
175,train_images/6cb96a6fb029.png,fa3f631468dad2e67e27944375bbecfe730166c8dc3b7e9f167c77b9321ca5e1,175,0,0,6.077051,1.3213596,-1.1041498,-2.7286005,-3.0900435
179,train_images/ed2c06fcc573.png,ca5891fd37d5544f1eaee20e1b081f2cbd8002478fc2a8a88f555a76976e8973,179,2,1,-4.701582,2.8744278,2.4057837,-0.27476573,-0.22094059
186,train_images/0e82bcacc475.png,04b327d1f7893168523eb92dc3a73db50c68f19d88c9417b1e7599c1654d3d79,186,4,4,-6.359028,-1.2734375,1.7484113,2.906599,2.9428868
191,train_images/5188a8afa879.png,566708d20a06fea883bbcef9531dad1417b003ff60a8685e4be7a54bdfc17c82,191,2,2,-4.436281,2.5574284,3.133339,-2.1225524,0.96339893
197,train_images/5327f88a1919.png,91850561d1b3b288f21a02c733a7af5a61f068605feebb04ecf0b001de691a85,197,2,3,-5.2084312,-0.6412449,2.1214728,2.7482839,1.0236659
201,train_images/a47878630dc2.png,abf414b11ae6f77efff426f5fb260fd0215683d8e2684be3cea0aac18526917e,201,2,2,-0.9278259,0.1373272,2.3758485,-0.32951617,-0.96965265
205,train_images/a1b28bcbce00.png,0311cfa034fa3c3c46bbdc3057fcd79738c4aa4b4cff7dfc0ddddfcf2856fc4a,205,0,0,3.6705608,2.2527332,-0.48149443,-3.2229917,-1.747323
212,train_images/f6f3ea0d2693.png,312e23e7782f1088f43ff71b2b8974312ceff12be08c8e4c146d194ba8daf94d,212,4,2,-7.019392,-1.0699949,3.3986459,2.8878064,1.7589297
217,train_images/595446774178.png,9a93a477d03f9ba6d61c08bb054c8b82ae32e1a223120ec49a73b9faae97f921,217,1,1,-2.6452808,3.53059,2.2518091,-1.7432375,-1.2254386
222,train_images/0fb560f9adb2.png,68a48743524a0b890c93acf162ffeabcce093b66343b06f29799b083e56b10e5,222,2,2,-2.4987068,1.16049,2.513473,-0.38891327,-0.5877843
227,train_images/3254e48c8aa0.png,8647b7010f189f92ca3564cd8d0eac55ad1d85173700d35a7d5fbf6f3f5102a3,227,0,0,5.854685,1.7627068,-0.21139503,-4.605057,-2.3506444
234,train_images/c64c0966b4cf.png,6c6145a907bf4a39c8972a4b02f2aa8e06a3ef08e55618b25adffd70d12106b9,234,0,0,5.5392075,2.0839424,-0.67206955,-4.5551777,-1.9581513
239,train_images/c1c8550508e0.png,3b26186be5348381728f79c58fe26b0bb8b31f9588df7807eff5cd00ec1f1819,239,2,2,-4.0019035,1.5989056,2.2552955,-0.03295815,0.27093983
240,train_images/98e8adcf085c.png,e79e37bd22b14bf7ad3a8887613754c8c1e094a5e12579d7ab294116ab1bec6c,240,2,2,-5.224674,0.7443657,2.4682326,0.8670082,1.1830821
247,train_images/42cc993f23a9.png,0818dfe0e591f17ff1a00f9a0a6eaacb265e4a7fb39c61701f6dba5b0188b833,247,3,2,-0.34417152,1.3308582,1.5707403,-1.7938886,-0.4733219
250,train_images/a3b2e93d058b.png,201a094b95dc5b17adab0a7a21418eac1be329ff1e99ad79e2c5587cc50fdf03,250,2,2,-5.396736,2.190218,4.0323815,-0.5657942,-0.20171928
251,train_images/ca7140ecf389.png,fb211e0d85f4e71445d3e51622b8be1747e52ea01af4757a36e165a72b60dc73,251,1,1,-1.999836,3.8780327,0.97087175,-2.0574179,-0.57051706
257,train_images/8bed09514c3b.png,66b6fab42318dd070945a9bf9dd36834bb229858f79dfcda1dee05e5ca7727b7,257,4,1,-3.0124283,3.2915058,1.0260775,-1.6909599,0.5635271
265,train_images/c26f98f58350.png,0853462caf66aa9a11cb49bbd6473f6e7b235bdf5315f393052cc93549096e4f,265,0,0,4.4523296,2.0802402,-0.491225,-2.559486,-3.0651667
269,train_images/d7a01fca9838.png,7da803f51d3647b481e1a3c0185a7bf01af469db40b8a31989d684bf11adf750,269,0,0,7.081601,1.4260864,-0.68310547,-3.8355436,-3.4654055
276,train_images/f7edc074f06b.png,4cef06bd08181d80dd09827729f791f0a6ba5aafb1c962b168325e4747fa9d03,276,2,2,-5.870289,0.13315773,2.8871386,2.206769,0.6796379
279,train_images/ee78ce914066.png,0117532d34ca6b99984048a1ef1781f6f4fe98c0bc93c028422784737b0e9567,279,1,1,-2.304697,3.168232,1.355522,-1.8343357,-0.16799879
280,train_images/6155cf375354.png,9c24bc774ae3062ef42d33ca92031e24e09175178be0f8ee558799796ddfa4d6,280,0,0,5.691683,2.1251125,-0.39126122,-4.564391,-2.4305036
285,train_images/58184d6fd087.png,849f0bda05ec621a08a3e5fe873eb2c632b0e2602195c0e64c64108c9d649ac5,285,1,1,-1.7731972,3.2566147,1.2636223,-3.1598227,0.5850525
293,train_images/6e0f78e188ff.png,d0a6b2ce4707184b034689f4d1c90c3c70ef43146b46c51b226830f9b2828b4a,293,0,0,5.6362476,2.070732,-0.31432986,-4.0691795,-2.7728033
300,train_images/03747397839f.png,995dba76485e5c43bb38265247f24328edc957757f8166268be10a9466216d1d,300,2,3,-7.3767357,-3.3578377,2.5316942,4.071308,4.0612073
303,train_images/eadfc8809ec8.png,6b10e78463c16fe9a15f5776a8aed3ef6269d1aedd214dbf32ad5cff8a2d86bf,303,2,2,-4.0179195,1.5473423,3.1983035,-0.15451193,-0.45837164
307,train_images/8db2ce991101.png,868ab8a0a5d1ff89a0c091bf58e649d351c28fd4d8e9c9247ac45dcb97414488,307,4,3,-3.813923,-0.5553112,1.7964869,1.9210095,0.7725892
313,train_images/ee36ca728641.png,a33630d60991deaac7eaa8036e3fa5f051d95fbf8a566e8776a8cc92caa62dfb,313,0,0,6.522683,1.3068066,-1.1142881,-2.982005,-3.2485979
316,train_images/484dbeb9bf2a.png,5da2858c1f71a214b2741fcd888ddade478427346adf866742faf8fea2863577,316,0,0,7.3867626,0.86787987,-1.5217888,-2.6566658,-3.5794315
324,train_images/52dbec057cc8.png,93a85b2e63923cc617f3a8c385fd7001f699f9246f84381cd068723ea89dd3e1,324,2,2,-1.8327198,1.2636032,2.0073724,-2.2373574,1.0122981
331,train_images/59fee5bc3479.png,de47634d15fdab1cd5a86a99487611fcd0af8f5e082b44b46813f5ca90656575,331,4,2,-5.5905037,-0.8845644,3.2970061,2.7283664,0.44547892
337,train_images/7ce671f952be.png,b396691302cc190fc5b03b6aa897572bcfa12d1dadcb2d15e1c0ed0434d7ca46,337,0,0,4.9443607,1.7915039,0.10858619,-4.450679,-1.981406
344,train_images/41960d5f58c2.png,374ecffa1c3f69f04b69ff7a632e73a1be5aa292d9fdd5379349e0d73e7495bd,344,0,0,5.1691685,1.6058693,-0.40023458,-3.9103928,-1.9371862
350,train_images/d271d3a2b552.png,17498cc8b58e96cd88d60d5d34ce729385267731c5f98c974d0cda2e41467945,350,4,4,-2.5828629,0.9035702,0.36332643,-1.4001509,2.877317
351,train_images/b06dabab4f09.png,123f294f0b08668f7d783c77ab5b833ea140a9a09f91e7de0aeead86c0c91243,351,2,2,-4.79056,1.9607964,2.9060464,-0.7896416,0.81742
357,train_images/37c523296d42.png,df5ce267942132db5e533e68c06b79567cfbc7b2ffe71e42118ed4ce26556f68,357,0,0,6.2129984,2.3675442,-0.62745047,-4.596355,-2.8895807
364,train_images/973b0facfa9b.png,f9b03670add4fd20cf45d90658924289e51ef547724f233ec4f956a267b2516a,364,0,0,7.0101776,2.225769,-1.0193219,-4.510144,-3.2312536
372,train_images/6c30dd481717.png,9f76d6cd2eb30f93057d31538053bad61784521ce931bc6a28002bc59d721741,372,0,0,5.926487,0.23945999,-1.1130264,-2.0758007,-2.5340388
373,train_images/24f271c87e73.png,5db0a7681a997bd81b9cf7b87da9efd32341bb3c1f5d3888a4cc895d832469c4,373,0,0,5.906946,0.65709496,-0.81340647,-3.2570295,-1.9514391
381,train_images/299086c6d1b5.png,5d26c9919542f5535633dc2eb1cf928f61d43667ec7d28eff2ad1c02d8482d92,381,3,2,-3.9572563,-0.28095436,1.990298,1.5951047,0.742826
387,train_images/731b19a460ad.png,80a2451d2bcec6acff85691c236c5c3ed4ce483ad34938071ce58832a4e9c312,387,2,2,-3.3391857,1.0925884,1.7530138,1.0222292,-0.4030633
391,train_images/a56729de89e9.png,abb51e073519dd2446e1fb5e08e3b738f261725817d6b9dfaaadc9d5eabb974e,391,2,2,-2.9882221,1.584404,2.5526419,-0.9876168,-0.06819391
396,train_images/e160a3b19911.png,6fec8699abcc1e62638b7e70c2bebba6748164c719d22f1e9f4f62ae785ec26c,396,0,0,7.951833,2.0806465,-2.1796436,-3.4362369,-3.888569
401,train_images/af828dab3ffc.png,ee1e2fdab8578e2d4c6f9d72f62fbadc258502d0491a4ed0912f21245e3d4f8f,401,2,2,-4.4987335,1.650198,3.3948355,-0.78240716,0.31260347
406,train_images/25b0e72705a8.png,c4f5306c6dbb589bf52f28c756042d0db59a56246571d54728142da315f1fb9c,406,3,3,-6.4606476,-0.09765053,2.253625,2.4451127,1.8514605
409,train_images/da1fb35f5df9.png,8137a89e42f619af77f9dfd571cf6b568e5ba6f33ade9aa8540a59a51de96899,409,1,1,-1.7251358,3.1720505,1.6987737,-2.5103793,-0.43387842
415,train_images/7005be54cab1.png,a0b4433de9d934db2d4b3e666889cc1b0529cf1a075f3cbc21558ad52342c132,415,1,1,-3.0661583,1.9406395,1.604517,-1.4370083,1.1265769
417,train_images/1dfe599d12a9.png,d2f21d8746b73adbe8c4dbd551e56f1bd8ebcd35a4c579ca19af48883bcb518a,417,0,0,6.7590866,1.9871216,-1.0643883,-2.968543,-4.2170167
422,train_images/0024cdab0c1e.png,4e7c3ce57563f1405a8820fd0b71343e1b006293109a364ab4e156ffc92622a1,422,1,1,0.90509605,5.552099,0.63464165,-4.838559,-1.9456854
425,train_images/3fd7df6099e3.png,201a094b95dc5b17adab0a7a21418eac1be329ff1e99ad79e2c5587cc50fdf03,250,2,2,-5.396736,2.190218,4.0323815,-0.5657942,-0.20171928
430,train_images/e1900014dabf.png,bd49353ff67e0bd888ebee420011872391ed93d875a091a5e1b34e5dcf68f7a2,430,3,3,-5.212097,0.062282562,1.262759,2.181058,1.7300863
434,train_images/0dce95217626.png,b64e7f11e5c1faf9d5b58fd79dffc209a18e9929c93a44b84fcd130bdd255e26,434,1,1,1.2794266,3.352663,0.45699227,-2.9186168,-1.837614
440,train_images/f42b693a9414.png,ef531eac5f69d1acbaec1a2f9e9ae8925af9e867e5f6bf5c6ec7259bdea5d15b,440,0,0,7.0109053,1.1548061,-1.539592,-2.966301,-3.1414442
448,train_images/39fd8ef3a45c.png,3a7847fb83048ae61e5d6fe8524d8269bd89aeef83a05fa6038267a575a67917,448,0,0,5.2378807,1.7478523,-0.41888416,-4.3733234,-1.7736418
455,train_images/d27ac9e54901.png,370c48cbc50a5c2f8790fbfb5d8a4c4af3eaf86bc3f74a4833f29d1acc279512,455,0,0,5.4389534,2.0101147,-0.757566,-4.178807,-2.0782886
456,train_images/de57c9e9fa93.png,c2eb6a76ccbdb44b1105d0ae650a6c72a5e7405f53a978e4973516e0f704f870,456,0,0,5.0587254,1.8407936,-0.3119527,-3.7287526,-2.345022
461,train_images/fb696a8e055a.png,147e6b60ad67bbbb3a78f508d2591ccf70acac1a393c3efe8b4b7613ec6247f9,461,4,4,-6.107353,-0.7579317,1.7099051,2.24481,2.8996587
465,train_images/032d7b0b4bf6.png,7ea947ec91266f876ffe7ed99d3f565159f592898d33f47fa1323e25320aff74,465,2,2,-2.8130417,1.5426655,1.6364213,-0.9468533,0.7533474
470,train_images/7fe7309d0b4f.png,57b6a2990c4588881b4e46da3d18cfbf8fbb67687b5059841eb6ec75df21b9a7,470,0,0,6.4990206,2.0773048,-0.9267297,-4.461902,-2.7378926
471,train_images/3ee4841936ef.png,a0b4433de9d934db2d4b3e666889cc1b0529cf1a075f3cbc21558ad52342c132,415,4,1,-3.0661583,1.9406395,1.604517,-1.4370083,1.1265769
473,train_images/63c0eafd6aa9.png,e9e6dfc06ce89c99a49f00231aabf650b9f1fc92e6f5d5328f38c2ca2fc1c093,473,0,0,6.018008,1.7068138,-0.4560356,-4.251464,-2.553601
479,train_images/26cd40b57ad1.png,4abe9f1d4518a62be8ed2ded3fefe3dfff51b3326904b595be7a2895db4fed80,479,0,0,6.5196657,1.7208462,-0.69863486,-4.662445,-2.4260724
482,train_images/05a5183c92d0.png,12bb56f380cecca7aa558c03446098950cf06a2189238343f607bba494a5501b,48,1,1,-1.7642708,2.9387932,1.0585353,-1.8272736,-0.16695452
486,train_images/e540d2e35d15.png,26bb92d9646eb269bb627b66a35ef1dcf56daa37812dd115162cfd40a1db3db0,486,2,1,-3.7257824,2.7128315,1.6363312,-0.12060571,-0.36272955
492,train_images/a8c950a99107.png,ef1b08a01d6f5af47bbd2a6efc14104a45b0b2fd5692980cd68f9e0b0998dc93,492,1,4,-2.5262432,1.2824173,1.0622095,-1.1123,1.435051
495,train_images/cf0575534cec.png,82835e0940a955eb81b6e3b681a5eb867c118032267bb6d6dff0789eb67a753d,495,1,1,-1.7396297,3.510561,2.5869892,-2.218875,-1.9224901
502,train_images/6cd606dc52e9.png,52fa022fa7d7ecad954b7a8d9f54f7f934fdcbefc0a48e410621bd3da775d3fb,502,4,4,-4.9191036,-1.5300016,0.9735867,1.4506114,4.0362716
511,train_images/a3706ce27869.png,ee0076b751d23e7bc4d85a7e733cec906a8e957422ea6a131511ac1a2c2950c5,511,2,1,1.39254,2.1169262,0.9789089,-2.7683296,-1.4781754
512,train_images/504a69096fcb.png,ef4dbd57085ff65a00562033125874c403badc581d3298039f9b5810fb3320de,512,0,0,5.9129143,1.9679375,-0.75957847,-4.252651,-2.4487987
513,train_images/e60e4edb3ca9.png,05e86f2dfc3ae4f94a9936e8368b2d76fbc2dde28525b283c2c912e1988b5fbf,513,0,0,5.319811,1.3125496,-0.36227977,-3.5922546,-2.2666256
519,train_images/ec57cc20d776.png,e3724051a416d067fb05b70268d05a4b199673cb16f09f19a3eabcf10e1e7359,519,0,0,8.495195,1.6568584,-2.055398,-3.4676437,-4.103778
526,train_images/4eabad7948cf.png,119efcde8ab6eafd36d00f54c037e483f6ab54e261118f56c1ae545558eff20c,526,0,0,6.095587,0.040208817,-1.2189543,-2.6308594,-1.8097072
529,train_images/ca9c912ebad7.png,1d6f8f0a41531c1b16c2e635cce2dba61a0e458b39033e604fde843026c7ec17,529,2,2,-4.144968,1.0587234,1.5265548,0.6583719,0.9709153
535,train_images/d144144a2f3f.png,123f294f0b08668f7d783c77ab5b833ea140a9a09f91e7de0aeead86c0c91243,351,2,2,-4.79056,1.9607964,2.9060464,-0.7896416,0.81742
536,train_images/cff262ed8f4c.png,2445341e543ad2e1b8c7422b0f91b48383448cde4c4a8aa5711247fb18a9e4f9,536,0,0,3.744213,1.339428,0.14477038,-3.705317,-1.0679603
540,train_images/aa6242f9e08c.png,fb4572bb10bb1bb17039f7fd7a13c809855ddfccb69201bf70104e1d627330f6,540,0,0,6.8756046,1.0348568,-1.3095722,-2.6556573,-3.4309134
547,train_images/9985375d709f.png,59b970bf4da0484682a33107f1896f659d895ebeb417aba9d57cd79bd72098e3,547,0,0,5.436405,1.787899,-0.5665598,-3.9493902,-2.276242
552,train_images/4cae247d9909.png,5757e03da6f2d4ec5708be8254da719bbec29c5bb046e5d89c66d258ec65df5d,552,1,1,1.1872425,2.8032742,1.257576,-3.8899686,-1.0840201
556,train_images/65e530ee2e79.png,aafe7af8bdbcc7f1363bdf21933595d1e438ab62e0cf002e3202fc77e0fe4489,556,2,2,-0.25686646,1.1635857,1.6088525,-1.0591387,-1.1678638
566,train_images/58b866484a05.png,c8eb887e189b419a20be412eb3b2e78e6d1300eaeb47010693cbb191215cd3a9,566,4,4,-4.615349,-2.3295927,0.0135988,0.90487003,6.0294976
571,train_images/415f2d2bd2a1.png,5fb2de5fd32f967cbbc3f1fee3d778c890e49f39c360081ef36b063034905ab3,571,0,0,7.9399137,2.0494595,-1.2489028,-4.8433304,-3.3838212
576,train_images/207a580de0ea.png,8ab22a18047a633ce18304965765173c0dd0308f8b4228e94ffd46a0b2f98424,576,2,2,-4.4476395,3.1681767,3.2639713,-1.4440932,-0.4428239
581,train_images/f549294e12e1.png,a6cfccf69a6d35994687c4fb41f4395fb34f238cea0196a8c8dc7e3292ea3ef1,581,4,1,-1.9884415,1.5292549,0.8754237,-1.4201703,1.1905751
588,train_images/1d674e2e32e0.png,4b6ab1840e6ae14e2e426b44119d7d9c5ee9bacdd0af4121786d2e3f7a7ea5dc,588,1,1,-3.3648071,1.603178,1.1534238,0.35055923,0.37714005
589,train_images/aeab0a63bcaf.png,0b125c0bfc406ea18876076e2e05427c92c57413fdf13c0b45b3cb3d65bc870f,589,0,0,6.71737,1.1770458,-1.1455336,-2.9163222,-3.3587618
596,train_images/1411c8ab7161.png,1213a26d8bfa7d2f2353cd74227b3d20c4c68f85c84efea05674c9ea40aa536b,596,2,2,-4.761795,-0.115558624,2.1337383,1.5349903,1.2953033
599,train_images/b71428739d4e.png,54a4ed7e269344fbe95aa90acb01a1aab23723eef25abde2ae57df03364990ec,599,1,1,1.7079315,2.6243687,1.2703271,-3.132423,-2.2297275
607,train_images/e10190a9d52f.png,1fc3572b63d67bbf5ca418cf89653bba3d8758fbe919576b146f86cb997f1b49,607,2,4,-6.0649643,-0.17601204,1.9788991,2.020226,2.208436
610,train_images/64eb5a79dfdd.png,71d904a41744af519e16cca2ac18f11342b74db854aa4750307adfe4d654eab9,610,1,1,-2.7691364,1.8575935,1.5579991,-0.69592714,0.20827293
616,train_images/e1dc02a3dc2a.png,7aa488151021ceb8940b77903dfd1dd441b27999e08bebfc0808ae3952fe9785,616,0,0,6.916482,2.0723457,-1.0776331,-4.476259,-2.9631376
622,train_images/9837048b85dc.png,0d321ac07d8175e49eab3bb6acbb363abd6ffa0a92ef9672c75cddbb20d72455,622,2,2,-4.866005,1.6686878,3.1672952,-0.30832255,0.41968584
625,train_images/b5834ee64541.png,928aa704a477a85369e86420c683b648bd9b292396b677eae12adccc553771eb,625,3,3,-6.898777,-0.04787445,1.6974238,2.743577,2.483635
626,train_images/1d29cb2f4296.png,675ae52bd52caabdf4b888f9b1e77748d2a0c361c6a42d6409879b9f1c49e081,626,0,0,4.25564,0.5757389,0.31794143,-3.2941315,-1.3635988
632,train_images/540e4973829e.png,92a55217a9a11d40e70cba435f0695360983ea61a55ac476a8826c5960e2d7a3,632,0,0,8.347831,1.6180153,-1.7666111,-3.5715923,-4.092103
634,train_images/15e96e848b46.png,b9d874e27d4d773551f1ed17fd4bc12295f61a3230afb26da63b712425b58d33,634,4,3,-4.0326576,-0.9980593,1.5640106,2.6020312,0.9442029
639,train_images/6a91eb157f47.png,5fd4a67f1453bbac5f3753bbbf0456a11bc47bc3015bc9d848454bda34f8b330,639,2,2,-6.4159336,-0.32771397,2.7459085,1.854675,2.101408
642,train_images/2a7373eeb352.png,db6e51f56fba7f4bf6b9e5b0038a127cb04dbabdad39c259f01aa42cc4317be2,642,0,0,4.174721,2.1750622,-0.080449104,-3.5188794,-2.2657092
652,train_images/bfaa0080ab61.png,1cafb8e70ff9e5b0c1ad5a6499b5f1f02b2699cd17d347d6b8e9c5c301287fb2,652,2,2,-4.151045,1.5358868,1.541106,0.93713546,0.20496035
655,train_images/441affbe99aa.png,0174d0a7f618129d9f7b2dab5dff4d8c5e1568107a521654a2d6d3b325297525,655,2,3,-5.3985767,-0.8042946,1.6668813,2.956026,1.5588799
656,train_images/0c7e82daf5a0.png,fce068e3b2fea80143b55a4f4253b3bb0ee887d1f84ba67ef2abb48420437e99,656,2,2,-4.630226,0.8362751,1.8921683,0.45456314,1.5664735
662,train_images/ab1c20a94f3f.png,76030efceb76de1f1551da5feb68ff38acbf3b37629aa2bcc7f983916cad3751,662,4,4,0.036104202,-2.2937346,0.32081318,-0.031926513,2.0602002
668,train_images/50916d67bb51.png,c4be162937099024d87f919581461a4d522c9a5d684898c6dadf35f6b1c3aba0,668,0,0,6.0263233,2.2036,-0.46635175,-5.062186,-2.2305427
672,train_images/b0d6417bad3e.png,ddb204adef505195437e8987b72ea66af01026ce461d1ef198703927b3eb8778,672,2,1,-4.1955967,3.1140194,1.9388947,-0.55398357,-0.17471457
677,train_images/1c9c583c10bf.png,7a3b576b588c36cc173989d29f7b96ea54b05a285a74a423193d9efb35ec2815,677,0,0,4.212799,4.1845474,-0.35419953,-4.664479,-2.8648086
684,train_images/d5c63a8d9e94.png,a53fed97481d27220ef6dccfc6f08439376e3138e79f0b53d9f0615ef77e05eb,684,0,0,4.886688,1.6669502,-0.21137917,-4.7056627,-1.2279725
692,train_images/b11dcdcbc8c8.png,86e235b8649c307ff6f378360ac28dbefe071e2a7956fd19783bd941e06b8a60,692,0,0,5.9457436,2.9933395,-0.39707327,-4.3133154,-3.6782315
695,train_images/b09101adb478.png,382054f8f097de7c7d2c84d9fa1911fd43804bfbc297ea17f81673d40a28f968,695,0,0,5.2758274,1.6435623,-0.46485686,-3.8886414,-2.1439664
698,train_images/5c817060c0ed.png,e664c758b109e940eff630bb35ffc2bab55fe5be889bbe90eaf0ab517f2564ce,698,0,0,6.620222,1.3753185,-0.98331285,-4.2028146,-2.3335671
703,train_images/0dbe6c26cedc.png,fa43c8797f3fc7ede848a5bed9f47c226694730ae0af003bda9d371a308d0401,703,0,0,6.416485,1.3237801,-1.2127523,-2.6946611,-3.3718941
708,train_images/35777eb7859d.png,9dff1da93cc0ed0dd8790675e8eddfb0b4a32904c6060c02a909874778e58211,708,0,0,5.9144554,0.16727638,-0.2734183,-3.3807874,-1.8880303
715,train_images/d7ab5c040294.png,ba93e215e0cf7327dd406ac4833a371de21aaeb496fd7e6d71abc243a28445ed,715,0,0,7.4072924,1.4395657,-1.3174317,-3.2963939,-3.7168515
718,train_images/ab653b8554c0.png,1a295787a91b288a704a7784774e67d10d34fec87f011a30ba2d9d0f2982df3b,718,0,0,4.896921,1.8240814,0.17317438,-4.4799466,-2.0272737
723,train_images/0953c0ac1735.png,89ee07623edc358e3d2f734051166c6f3c8c842111ce0ad9a4cb14388ca51e34,723,2,2,-7.012684,-0.62828064,2.7097216,2.649087,2.205523
730,train_images/9d75de31f1b8.png,64337aa60c8b6e1120dfd3dcf171569222cac9fbdf2166c21c5b7b5812d7eaba,730,0,0,4.6259995,1.6488228,0.057283282,-4.1096716,-1.8196404
740,train_images/b3f31c371e59.png,e3c15b983f218877e0a749dd4cfe98b016a7d0752cf7cd18bd8bf8e74fea98b9,740,0,0,6.834696,1.4421444,-0.9518318,-4.261633,-2.6021857
743,train_images/f0e1201b5c1f.png,516ea7477b8b6c0a54fae04c8b038dcd5403b387f9563a38808931a03028c61b,743,0,0,7.5200205,1.853939,-1.2640724,-3.3652751,-4.221776
744,train_images/1e9224ccca95.png,312e23e7782f1088f43ff71b2b8974312ceff12be08c8e4c146d194ba8daf94d,212,4,2,-7.019392,-1.0699949,3.3986459,2.8878064,1.7589297
746,train_images/81371b0c01ad.png,8a59ccf872c4200146be39a229bef5ad6db8bf1afbefcc9307631246d4559c18,746,0,0,7.256222,2.2231846,-1.1241627,-4.128187,-3.6832724
751,train_images/be7f791a7877.png,3f9c0914381e06c7423b02ad3cb81ffc34269a46a01745bf35adae78fb88fbec,751,0,0,7.0955696,1.8040028,-1.2753403,-3.4420831,-3.6817186
758,train_images/175dd560810a.png,7a275ab3a497881a4fa92bef662c22f1acd481139a4d8fca3f5541b84b78fe16,758,2,2,-3.1073341,0.52653885,1.2777724,1.0286219,0.41424704
768,train_images/2d7666b8884f.png,0b7ccb64821a2281819c2ee3b6c25220dccfe369d1b6daccc658befb925323a5,768,1,1,-1.1688805,3.6514893,1.4146812,-3.0515761,-0.5793705
774,train_images/f00ce9b9d6f4.png,d51e771fbc781397fe32033f7fe32448ec539226e3afa4639fd7d4d25b0c2e3a,774,0,0,4.9970245,1.6764698,0.08511388,-4.428667,-1.9403725
777,train_images/916915f01e17.png,d77be730c8cbf04d2f3b7f914156f1b09044d972b5c93eb89f05022c2bad5916,777,0,0,4.5612583,2.582756,-0.02550757,-4.464667,-2.2559457
779,train_images/851e40a21f81.png,c4f2b1f2c41f4415745f77385b62d399ea7c18c1cf4d554873fd491841b02d98,779,0,0,3.8402119,0.8692455,0.30378807,-3.826159,-0.8197727
786,train_images/dbb2c63f6f08.png,6d6f2c8cfe840da57f5a42f195755624e6cd25573d1b2345a788965a2d4864f5,786,3,3,-5.300728,-2.6572485,1.3610454,4.436633,2.142973
790,train_images/b9c7c5182075.png,292462ae3a550ea45611b9c03806f7e261ba03a0c171980d2f5080b0fa913d5e,790,0,0,6.383786,2.2588081,-0.53139186,-4.8824463,-2.7948618
796,train_images/6f689fced922.png,3035c2036b87d208c3aa77e1c91745583ea0d2e51b2f18c10ec898d94d85dd42,796,0,0,5.153536,2.0693455,-0.43524027,-4.296417,-2.0626612
801,train_images/2f5c9cdfb333.png,bf0342ea787727c689c00d2cda4f9c8836c38a886ed008a6c203f67049de9a13,801,2,2,-3.2497826,0.79298973,1.5014619,0.95200753,0.14256716
806,train_images/d2ffe9287dc7.png,adc6c8d8c1c87a456a5e4407f48cf189ca50d0d55e8b16d32ef544d68a9d3f86,806,3,3,-7.4457912,-1.7384119,3.1003823,3.893849,2.1370397
812,train_images/3b2b91590590.png,8f5b5a7c15b31286ce2346f08259f8845e2c502d1d6340558db7f09f5741676c,812,0,0,7.5797653,1.5566807,-0.78388405,-4.5152826,-3.3647182
817,train_images/33596a635b53.png,c82263b2245335f2e8f93aaabfd0975947c9374f4428bc728db42c9c02096f54,817,0,0,5.835636,1.5876789,-0.9142649,-2.665329,-3.4061508
820,train_images/bd34a0639575.png,c2f2ddd59724be80c5801433af2e49fe3b41243f938b76fa1b0d4d1d52e40d95,820,0,0,6.0952826,1.9509506,-0.5715964,-4.601962,-2.4346268
824,train_images/4464bb62bf20.png,e8aeae7cea3c54760b5d416895438da5256e00f139f633d127265de020091fe4,824,0,0,4.189249,1.1606426,0.15512037,-3.4701984,-1.5581298
832,train_images/73881f55a3ec.png,fd9342b6987d2424303b7df50114b124e27e7b3ae53fbde938da31dda3474020,832,1,1,-0.88679314,3.3104668,0.40969396,-1.7906439,-0.79069567
839,train_images/269f0792f11f.png,a0d09714a6b3efdfd74fdf3ff0262fed9ba049ea41ac2dfb62aa027df2376729,839,2,3,-3.0742798,-2.4305496,1.979733,3.0006595,0.6232581
844,train_images/080ee76c958c.png,91b652c838f2b1edeaba481629596f6cfd647c99b2d795fdecb3cd108287d9b1,844,4,4,-5.047224,-1.9931107,2.295299,0.88672495,3.9014287
846,train_images/5d74f98d62be.png,18a2b860eab5f34da880313a8d4fea101e332eba2c1a4bf28468c4ab7555388f,846,4,4,-3.7247105,-0.7374983,1.7403044,0.3789227,2.386526
851,train_images/0a4e1a29ffff.png,12c41dda12a9bd7f0674bc886aa657e90b92174782973f2cd5421e8c8797d765,851,0,0,5.6841507,1.9628162,-0.7485776,-4.1658287,-2.295212
857,train_images/d1f1ea894da1.png,43a73ad7b51fa957f130a3c7dd73e0f98b7f80cd081c2d4b295f8af29b47cc04,857,2,2,-5.3932514,1.4367104,3.0815067,-0.3167051,1.2457104
861,train_images/f58cdfa968be.png,e5dfb2a0023710dcb0540a9d509196be7c77e3e3c078fa9397c80842921d5af2,861,0,0,6.730979,0.8708668,-0.8571873,-2.6497922,-3.6172264
869,train_images/6bf2a81a5d91.png,949a4d3ce3c3e6556f5763895627c429954b3458eb12be70492869dc44c27cc6,869,0,0,5.432226,0.60147285,-0.9831257,-2.248736,-2.372218
874,train_images/a1eb88562239.png,e6915f53dd307013e0cbfa771f9ace92bea917c54e317a665db96d10715dae75,874,0,0,4.6604176,1.6891899,-0.10411298,-4.284477,-1.5518684
877,train_images/8a759f94613a.png,6999ab73db13c01367ae204b0f29c22e17c9e31033408ef149683186e207fec5,877,2,2,-3.517809,0.7016945,2.4847422,-0.65695834,1.1152244
881,train_images/4d17559ac1e2.png,e420da01506880d1edc51de4fff12ae061070eb778ad909efe7d75cfba2a25c6,881,0,0,2.6729813,-0.06516075,-0.14432502,-1.5923293,-0.4644246
888,train_images/dc0f6e5b489b.png,733393fc3267c3287fa8df9687be61c84c481ad499a3b354d09f151c5d28c6d0,888,0,0,6.88459,1.7838154,-1.4575589,-3.6357355,-3.0599012
895,train_images/97d02a9b94f7.png,16871aa4f37d8d4663f924b8e5b0a952ff1791baac2a6af0cc70433ca23003e6,895,0,0,6.666362,1.9876881,-0.69951415,-4.6774716,-2.8197477
900,train_images/5321ab64f9ea.png,1e0e793b814752a8ff13aa74ae221124ccc7672638572174f85d5fe985f8a009,900,0,0,5.1539955,1.3735828,-0.2036159,-3.7097042,-2.2388968
903,train_images/437cbec4a3f8.png,bb78ebf0878129250d32f70d2324c25db0afed21cdc7491f6f1f097880031686,903,2,2,-5.1538486,3.0675163,3.2460713,-0.90992695,-0.18810558
911,train_images/7179f85bfd6f.png,f07f718ccbb97787135f7d55df5a8d1e4ccddee5e1c353c1d027e42fc4fb9b72,911,0,0,4.8106995,3.1666965,-0.15591061,-4.119351,-3.20938
914,train_images/fba493e17448.png,6c5306c1fc901eb4df8f71896be1b7399be43918e6497bdb240c5ae7831ab194,914,2,2,-5.1467934,1.5948296,2.6829538,1.1517057,-0.22075033
919,train_images/2f143453bb71.png,f036313889b85bd728338e4fdfd4d3ce2314185ddafa5f3bf4a27c181f96d7a4,919,0,0,6.004177,2.0653248,-0.3486427,-4.108688,-3.031922
922,train_images/a1822dd8d05d.png,fc71ec9902743c9b5a2c69191da456faf595832fcfea9b70ef9e55e6bf3f52ec,922,0,0,5.2565174,1.5228138,-0.30869853,-4.5988827,-1.4519348
929,train_images/72a867980067.png,35641ad82c7929667e415a42a23588bd1ea3ed8f2ec002ef5f5db6fd14119138,929,0,0,5.996689,2.1796684,-1.0791881,-4.314747,-2.2525105
933,train_images/6dc07f968794.png,316332d3c4af59367b43de8bbb43ab666d25bbbb55168708e783c251517b7357,933,0,0,5.080126,1.8727989,-0.45937562,-4.337756,-1.7161489
940,train_images/4c570172778b.png,6e1d2be31da239e83a143abee9e9e8b5b32b1baa1ec793813835a8516249a85b,940,3,3,-7.169443,-1.530963,2.8974676,3.6005616,2.137494
945,train_images/53c874dbc594.png,9aa64a2bd8f7a8b90244d89923765a2197f5569b0af4107718ced31f0f316598,945,0,0,4.9276123,0.6433296,-0.9401195,-2.6220603,-1.5862322
951,train_images/13c191b59ed0.png,70503d62023397f251155a10b01b1d333adcd57cc430dda326416b195caf2f51,951,0,0,6.848876,1.2278347,-0.9511545,-3.5816298,-3.0550406
958,train_images/6c315ad3d07f.png,f08b721f80fd1c6e11803a1b21ee074e6a72bc3c06cb9d735de8809a6bc145f9,958,2,4,-5.2071495,-0.5479708,0.9505199,2.2594814,2.5261655
963,train_images/d364423ec6f9.png,3d2fa5bd95e510f7d9426542553572436705b2d9f3ec681aeb1db38b767d9dc0,963,2,2,-5.123007,1.272501,2.7012415,0.22306442,0.96310854
968,train_images/5d5b5da5f939.png,69df3426b220ea33d73dcef19c0ddef8873f9a3278f7bb6b920385bbf36ddd5c,968,0,0,5.2226295,1.860899,-0.1852479,-4.3585153,-2.1575453
970,train_images/36b5b3c9fb32.png,1ff10f5470cce5fd72d2b7191387f2ecf9c579663c759f00ab6e354417cb82fa,970,3,3,-5.4176216,-1.9537792,1.0101438,4.236207,2.1024694
976,train_images/a182b5b191de.png,043749d1388f5a90aa3eccc83e3ba0e3509cb6792f0b8a196f10e11a2833d861,976,4,4,-6.9762707,-1.5511827,3.1981335,1.8995185,3.3535562
980,train_images/b6bfe9db60e5.png,39526c967e24444086db5e684d94d7ad8015392f4182eecc1d3c0da2a66d274f,980,3,3,-5.6176147,-0.8446121,1.1776613,2.935145,2.3643794
985,train_images/348598d01e18.png,d34a0993f49c58337353275ca3e2018ed304b2d4d06c071ce70b171291e7dca6,985,0,0,4.7699604,1.6374283,-0.29516554,-3.949185,-1.7366326
989,train_images/61c2fbd16e38.png,923ac00bf0be41fe4d8e7f04bb80f4916c45d1bf6e0f6edf089b321420e00b1a,989,2,2,-3.7352428,0.652792,2.440296,0.6163969,0.12361097
994,train_images/2f8d14a7d390.png,7c43165f62bb99b47b754cfa1527348ff187fb6608a65617e03513cac832c3ba,994,0,0,4.8556194,2.849245,0.8117101,-4.480599,-3.5084076
1002,train_images/19113e5f45ec.png,af5743ebd0a40f68404b1044ede5e50a3f8506a5f7e81ef07b8e4c7f07fdc037,1002,2,2,-6.1831226,0.9153366,3.0431647,0.19823647,2.0184646
1007,train_images/e5f73f2855c0.png,2823ab45ad5a60f0cae87d77c077debb666f7cb653e05a062f0d8b64f7c60060,1007,0,0,5.014822,1.6099129,0.24313486,-4.6150837,-1.8336129
1012,train_images/033f2b43de6d.png,8e60cef58b0e2cd08ba2302c380e8d58b2ea20c95b939342446cfd5470af84eb,1012,2,2,-2.341879,0.40828323,2.630229,-0.20523584,-0.31956863
1017,train_images/f09cfc6a4dbd.png,3e0aa40466fdd73ccdbcdbca7c0e968e95fcdd0d6583e09bdbab0553e76731fd,1017,0,0,6.9885902,1.943327,-0.6599815,-4.7940936,-2.9872067
1023,train_images/3ffa14d60b24.png,5b263f3cac474f9563bbf84d71dc3283b3e73a307bb08d179f1175efc7c65c29,1023,2,2,-4.7094727,2.174509,3.6895611,-1.0136768,-0.040947437
1027,train_images/d6e26fe51dce.png,cdb73f570c76eedb7367df632dc3536c3c393ae50c9b589189499adcadbbedfb,1027,1,1,-1.4876041,2.524086,1.981306,-2.329283,-0.46028614
1032,train_images/47b756014447.png,9ceb9bf8bcf927ce3a7333806683f7c025db007f23fcd92a810b261679774b19,1032,2,2,-4.536434,1.9634533,2.6656651,0.50081587,-0.49323177
1039,train_images/711d1480d2e3.png,b081972df727467a5d9110346c7302a09ec689220f9054f378722c65b7a734ea,1039,2,2,-6.2544727,2.0870419,2.8984668,1.0646715,0.19997358
1045,train_images/de778495a1cd.png,85a8ff391e96889511a3613f213ba0813c764a369af8fbdc96caf7176839685e,1045,2,2,-5.5070667,-0.9849539,3.1781058,0.28573942,3.033896
1050,train_images/12025b34deb8.png,3c7c855d7b017ffc348a989009e0cb444e2af0cc7f3a01f2696b39dc6709e8c3,1050,2,2,-5.205084,-0.8700056,2.871188,1.7605746,1.5045915
1058,train_images/4ec7796df40e.png,118b09df9d50de643a95794c972ec8fdebeff9a50d94d1bee3e4599e96975a0a,1058,0,0,7.9060345,0.52908707,-1.6872706,-3.286335,-2.9504573
1060,train_images/e6f0ce5bf282.png,2932543ac633c45208bce1dea93d1438fb6aa7913af1853dc0cb32d6c97b9cf0,1060,2,2,-6.540104,0.55706406,3.0112274,1.2418563,1.7123966
1066,train_images/4e8585a96739.png,8a2fb62f8f73cfb9c7a6b73459e4d0719569da0abdb2447580c6d3a76b6f54a6,1066,0,0,4.7056274,2.408804,-0.36877477,-3.3970811,-2.8705666
1070,train_images/5712e2aa73a2.png,065cdc945e19d25477ced9e67a035862ad0dbd106bc46cc955f3aa183ef1ce56,1070,1,4,-4.2700214,1.182663,1.4199842,-0.34813023,2.1100192
1072,train_images/5b76117c4bcb.png,c87eeeea3392ba1c66ff3df64cce02b2c05616d6591ed179f1ee7fdb362ad6c4,1072,4,4,-4.883486,0.06383705,1.3000872,1.1186638,2.436926
1076,train_images/b7aca95b97b9.png,53ded39956a68bc6852b29c6552e9bd6714c3494cb5d2df53707ee27010bde12,1076,0,0,4.837927,1.993824,-0.82037044,-3.2563024,-2.2693021
1082,train_images/093cf723fede.png,654f082e795ebc50e30f90a03c98428aedb36cdb246bcace69474e116e7c69f6,1082,0,0,7.801609,1.7347755,-1.6109335,-3.4478672,-3.938984
1084,train_images/26fc2358a38d.png,f0ec5c6e8fd5834799cff311239f54d4c9c53dc460847cf2348fd75763732bbe,1084,0,0,6.64112,2.0141544,-0.9096229,-4.3227773,-2.9573007
1089,train_images/157d17349cc6.png,6704cda6e14cbef22a24a0690754dece6229b1fae5566b53d9e9981f087de3fb,1089,2,2,-3.9416122,1.1270924,2.1511412,0.17223096,0.56225157
1096,train_images/f18abfa690ab.png,ce1481cfb40096f964996c7c3f95f90529d1eea0b12ccc9593b6935f678b3da1,1096,2,1,-4.8225174,1.915842,1.774199,-0.07775867,1.2348318
1103,train_images/f02057c41256.png,abc0b4ffa486fcd85e33ec42d28927f02642561de6a786752e94d2b03cbd8441,1103,0,0,5.1832886,1.9475155,-0.64611816,-3.6083007,-2.353971
1110,train_images/e38f3a65b02b.png,f4156c29e7a14bb423d692c43d1eb4c45c5116be94668a84d1904da8a6340bab,1110,1,3,-4.3148403,0.19724846,1.3713688,2.2675085,0.5624347
1112,train_images/e30a890600e1.png,1cef8b154783149300b5f47cbb8b904827cb19f28e85dd5a2b66b461a3eb6397,1112,0,0,4.5589714,2.7478657,-0.15585113,-3.9335444,-2.7266986
1121,train_images/f71333204618.png,0253c68cd5363f38d87246051fc98648a1dfe57f3381ac64412a8277c095ee0c,1121,0,0,4.418562,1.153223,-0.053801894,-3.3692253,-1.6494479
1125,train_images/ca7570c5925c.png,5f740a2f8670eaca8e451c6eef63ffb52f934d67dfeb0c7b1f941d85127e64d7,1125,2,4,-5.452324,1.2310276,1.84799,0.5240197,1.8840404
1127,train_images/7d48f8cdfb69.png,39b5cceab3aabe2590eee279b944a85bb01ae52c4fb3c851e0df581019019b93,1127,0,0,6.849387,0.76221275,-1.1150827,-2.7460654,-3.2643666
1131,train_images/41ab357d103f.png,5b28cb837b5d3265f18aa9b7305789b6d7815491d894aafc7bd94bb75b464f48,1131,0,0,8.116222,1.7711544,-1.7007709,-3.4746952,-4.1507382
1135,train_images/00cc2b75cddd.png,5cb035364c1425792280d7cf0a574d45f146933e5206d11a14b9d81866216788,1135,0,0,4.8600903,1.9165993,-0.4292215,-3.8971312,-2.0199654
1141,train_images/3b9817a39adf.png,839905d3893f5a066683c7a9480a90835032d27dea5ae52ddd568f04602ad5be,1141,0,0,5.6853294,2.186325,-0.5267625,-4.572665,-2.3490803
1144,train_images/91e82fe4e434.png,7570ee36060897e63334b1d6608192595e316047e4bb2aed20baa20ec4d7016c,1144,0,0,5.947401,2.183319,-0.43638873,-4.683676,-2.5734546
1150,train_images/b1f4122fd36a.png,468a500e40ff12e80e856c6e1b6eb141ac30cedae404eb41c1addb4562bee739,1150,2,4,-4.6024666,1.2688351,1.1530399,0.9404335,1.3050942
1155,train_images/5a93c0f783c4.png,1a6e353a3acb5ca479b9e83422b4f60b0ea1a71825d86a0e3dc0951048b698e9,1155,0,0,5.7021675,2.2829876,-0.9997976,-3.6869214,-2.7697275
1157,train_images/44e951e45dca.png,5d848f3c1d7dea0d8de9f25af92a0ad6ac65be0d19e8a590686008f6e6037f13,1157,2,1,-3.303669,3.6927567,2.3267775,-1.7135205,-0.8285475
1162,train_images/050bb1eafa76.png,76e5b132a3ba2ead489086abb685500def5a3f8dd7594aefb4023089b121e140,1162,0,0,7.346649,1.2663746,-1.2250304,-3.165171,-3.7143803
1169,train_images/c102db7634d8.png,4dc23f1960b3a5d527ce82f4330c6bd0fc30ed8f4f82dec8dd956730a6d84faa,1169,1,1,1.5550957,3.9830303,0.9240087,-3.00834,-3.0633662
1175,train_images/e4a44f9158dc.png,d23b8d9543062af6ae385fbd8a164726cf7dd16f61167328e3b8e076dbdf04a8,1175,0,0,6.213977,1.6465969,-0.6130822,-4.222187,-2.5719445
1181,train_images/13d71389563f.png,9a1ca35289993c7db77f1b71b42a33e20a27852e1bf3d7d599ab80379288d6c7,1181,2,2,-2.2089024,2.2356052,2.6880898,-0.6138867,-1.9242277
1187,train_images/96c699221180.png,353d8a385e90ea4267e594b97a79aeddb93224cb5d5ed840ad1d775b4374d778,1187,0,0,4.058342,1.4602757,-0.44212914,-3.4335408,-1.2755895
1196,train_images/e1b8acb1cea1.png,87399cf826489a02adad2640196600c7eff766ad6ef830df1586fabede2e9157,1196,0,0,2.4692192,1.8007545,0.24636829,-2.8297334,-1.4017591
1200,train_images/d38cf0f4a9af.png,b66898799fa443fdb53c046a5cd2ade6ca7133c7bf89eaadf125cfbefcdad161,1200,0,0,4.6039906,2.190548,0.09879267,-4.099935,-2.4082832
1205,train_images/65cf00be6fb4.png,a7335bfabc9c0f73b0c9ac338d441e43898d45c39b6930c1f5dba8bacea7edf9,1205,0,0,6.4374065,2.057499,-1.0431714,-3.3067667,-3.642552
1208,train_images/9b0eb9f41da4.png,1325ab16a9e88dc788c77552e43931fd36ff0257f8b1be9b7e9af7016cee39f7,1208,2,2,-6.581747,-0.1393776,3.360304,3.0299134,0.3125968
1212,train_images/00b74780d31d.png,a529d484cf524d1e085604cfbfd5256c59df3c761ccd43bb43271e4e98135188,1212,2,2,-1.7036934,-0.2281208,1.6429155,0.49433017,0.011557579
1219,train_images/3dec415b188a.png,06c9b3a43fb4e6ae2b3b95994e45f9cfe16eebd260ec65d368cb41559de3bac1,1219,0,0,4.296116,1.1574116,-0.060880184,-3.6585658,-1.3611732
1224,train_images/18cde9649e90.png,18bfc8cd46eb4f6d333152fe08f5a607a0f2cac951aa5b84c29f3c9353b638c5,1224,0,0,5.992075,2.096056,-0.74937344,-3.5343196,-3.3698184
1229,train_images/ababe19ed448.png,2bc327e38d950fad243927d304ea62795478d069ead52a11cf5e5c693e42958e,1229,1,1,-3.1472816,3.492796,1.1813753,-1.9265599,0.5626931
1233,train_images/941d874c8afb.png,daac9365906e5786ac51817052625f36d684d0c60edc572d1740a8c78b67ef39,1233,0,0,4.4007244,1.977972,0.24729908,-4.9221997,-1.3101149
1235,train_images/857002ed4e49.png,1dad7cbc33426f0db3af5629ebc9e043ccd133b59290c047f274e3a625f55eed,1235,2,2,-6.319376,1.2273273,3.1894975,0.41154122,1.504168
1244,train_images/9bd008aab548.png,031e4892fdc244960c3c0aa67e4f90f648057b5f0a1696977172ff8ec3b4acd6,1244,0,0,7.0370617,2.1608906,-0.7943766,-4.938263,-2.973572
1245,train_images/3a6e9730b298.png,180007fd2a75e760c1bac95bbad4e1b3238ff6f0804fe1ce89e7e57d21f0b00a,1245,4,2,-0.92824936,-0.83347607,1.3278515,-0.5047524,1.2065616
1251,train_images/08a3875063c3.png,f9a13a353b6e2794a2bf0a69984fd291a226a8a37cd38045eb725947e5c57498,1251,4,4,-6.142681,-1.0691223,2.3397448,1.2902999,3.5483584
1258,train_images/90bde2ff8953.png,2deffce0279f761ad0543a412de26ba1838effcbba52b2eff4ef3799524e5271,1258,0,0,5.8352413,1.8789883,-0.44739223,-4.421399,-2.4136813
1263,train_images/9274e75dc4d5.png,863717677b6c6910fb7ce5008860de7ca55690864b70ba3f781be513eeaf0b2d,1263,0,0,4.9242363,2.6989746,0.29108846,-4.978894,-2.5183353
1268,train_images/0e75d51152fc.png,6a6cbdf0baa6c113066521a0837ae98f52be69bd17bd840619d403db2d7bf8db,1268,2,1,0.25920105,1.9671726,1.509455,-2.6270316,-0.82867813
1274,train_images/070d4ce5fd90.png,a252fc9e5214ce59e337b24a40c2f98d94268668a0d21a0241df03c09d9d0343,1274,0,0,5.9428005,2.1552067,-0.93968964,-3.0695643,-3.6084838
1279,train_images/d39752cb6e57.png,8c7e8beb16d0e92a3784f15b473d4df8b98ff62585b2555075d289dcbc987f51,1279,0,0,6.8818216,1.9204521,-0.6085286,-4.928058,-2.788631
1287,train_images/b50b30aa6e6c.png,5be08103670fffd106198148dec4859bd0747e609afad0da41e858af17732ee7,1287,1,1,-1.4846973,2.8817902,2.5945687,-3.5464532,-0.20716095
1290,train_images/e5f332efcbc7.png,051892f060dee44bb98c9b5861ad5f2b2554915bbe801ae0a93fb03d4c866f60,1290,0,0,7.1123486,0.41749573,-1.6062729,-2.4881914,-2.9403408
1295,train_images/6bf26b777e3a.png,ef4dc72d4f97c878a619b6ac70b020ff7ad0a09ff72f59d2ad5dccbbc92c4c2a,1295,0,0,5.854851,-0.11819649,-0.40120018,-3.4219217,-1.4041777
1299,train_images/76f3473df8a6.png,16e0bf7bd0a29ad9c44ee18792ed96a8105cc4fd022fa06ec470777d32c678ce,1299,0,0,6.1413946,1.7203789,-1.2919259,-3.0568478,-3.0362155
1306,train_images/4d9fc85a8259.png,998d5ff36f6047c9e836d62581379c71afb78c7874e77c8f6fa385814bb052df,1306,3,4,-6.6427116,-1.8381834,-0.49621058,2.7790604,6.0990033
1310,train_images/43ddd0ab0cc4.png,30cd4c451b5f65d4bac6528a2eaa0bb62bdd34587ddb664171a754a8bbab3bc9,1310,2,2,-4.1330795,1.9302235,2.463989,0.3372352,-0.51280785
1318,train_images/0eb52045349f.png,f7eb4409c21ac0b5b929fe41f168e8d0c28a570ac7cee4d019d1b1eedf2dfd80,1318,1,1,-2.9058933,3.6727505,2.316772,-1.3619472,-1.5863783
1319,train_images/bb733062f494.png,5cf240b383e11285b5377d02896dcd409355693b01403e7e0e349f043247b606,1319,2,2,-4.230976,0.5283928,2.80857,-1.271869,2.274807
1323,train_images/9b7b6e4db1d5.png,191386487d7a4870d5b8d5639885bdd2e6d637930d1e925bae9a497b39368eb3,1323,2,2,-2.6104507,1.9523182,2.1127315,-1.1714053,-0.097229004
1327,train_images/9a1029536d78.png,9b61929b4aaf07f2eb6273e29a2eaea2b1c4790178ab7dca032ff9a233e3bf25,1327,0,0,6.3266315,1.9213924,-1.1420221,-3.9852924,-2.6639948
1329,train_images/ea15a290eb96.png,7a3b576b588c36cc173989d29f7b96ea54b05a285a74a423193d9efb35ec2815,677,1,0,4.212799,4.1845474,-0.35419953,-4.664479,-2.8648086
1336,train_images/8acffaf1f4b9.png,1213a26d8bfa7d2f2353cd74227b3d20c4c68f85c84efea05674c9ea40aa536b,596,2,2,-4.761795,-0.115558624,2.1337383,1.5349903,1.2953033
1340,train_images/01f7bb8be950.png,02fd7bff6b85f8bf7b6904c40c0135391ded73131a4aed060ee55195ca3bbb71,1340,0,0,7.452403,0.4780693,-0.8658521,-4.0057592,-2.4690497
1344,train_images/b73d0bcd3d33.png,098729abeb2142e047a3f64dfb9b0b06b8c44eebca649ac90408780cb4ad96d4,1344,0,0,8.181611,0.8684635,-1.431968,-3.4309375,-3.643497
1348,train_images/62b4be2799ca.png,22777632f49d8aa940e6557956cb7ac15ae7baa5c101ffa34cdd75390bdd0fba,1348,0,0,6.1703596,2.1410046,-0.6922755,-4.4557786,-2.6997378
1353,train_images/29bc0e721cfe.png,d19ceeec9246132f55b04d5748a562932e593b956b6e768ebf12779595bf342d,1353,4,4,-6.7329845,-2.1608896,1.1995276,1.8155553,5.7991014
1358,train_images/5b301a6d1ac7.png,d225b61e8d51f82c9971e163f64b33a7e477afe4e09697e1f3912b83220b61da,1358,2,2,-0.37320328,1.5314369,2.8643444,-2.0134044,-1.7371862
1361,train_images/9a28d4e8aef0.png,6a10f05d2beccc134cd493ded91a12e579a18eab3c1b5385f5524c9ab1846343,1361,2,2,-6.159107,-0.9105978,3.8258603,1.0470893,2.207934
1364,train_images/4a1afe4044f4.png,3bb26b220332f21e9cbe95ccc20fa53a8ad5fcff2d9223a022b0163a87fb2030,1364,0,0,7.2644024,1.7016029,-1.1135583,-3.2479486,-4.0802026
1369,train_images/a9d0c900b6a9.png,9f80764c8a020fd52c14e30dded63cbfe8960430042aa9c56cadee02b5cd59e7,1369,2,2,-4.695904,0.28528786,1.8210676,1.7681653,0.91118
1379,train_images/d81b6ed83bc2.png,206b13cd2572325caa6f82a6db483e53e3f293be527dda72675b5dcb64107ab2,1379,2,3,-6.0484524,-0.5664587,2.206746,2.4024515,1.9805341
1387,train_images/cd8da43e3069.png,33870534604ed3f81be0873fc59e3c031416cf8d902a50355362a19b6b0174ef,1387,0,0,5.418989,1.8361702,-0.62851787,-4.0749283,-2.0982127
1389,train_images/7e980424868e.png,9c54bfedcfe8400bf7ac65f4ac96581540a4da59dbb9e0c30abcc4ad27fefeea,1389,0,0,4.5116405,2.725401,-0.040325522,-4.185774,-2.638319
1393,train_images/cd3fd04d72f5.png,206b13cd2572325caa6f82a6db483e53e3f293be527dda72675b5dcb64107ab2,1379,2,3,-6.0484524,-0.5664587,2.206746,2.4024515,1.9805341
1394,train_images/40c24aded50c.png,f08f2d5af8d3721331728e1a7c8ca54e351723cc9fa8830b7391c70facff99db,1394,0,0,2.8341599,2.6112213,0.91806906,-4.1992855,-1.8410339
1395,train_images/5d3c8c1f57da.png,b0b8dd929bd215d70eb85ee7c1089a87803f7a984f2cf1ed1172fc72170d9bcf,1395,0,0,4.216877,1.8157005,-0.5876961,-2.9428148,-2.021689
1404,train_images/3079490a4b9c.png,85a30e4046f71f7d467d74dc407c416f6d3ca7374db3746e1487a446732dca85,1404,0,0,3.1399212,2.4280128,0.559837,-4.2597237,-1.5038629
1408,train_images/7831ce1d895e.png,edee9abcfca2599e2a695476db483aa8f75d44e51e21267a7a0331d1e85609c3,1408,0,0,5.9866505,1.584652,-0.44622254,-4.4695153,-2.2054079
1414,train_images/975252e325e3.png,ab660e95bed1a2876a487de93cf18bbd4e4fae3987b2e2283896d611a3baa4b6,1414,2,1,-1.6139221,3.3188572,1.550702,-1.8905795,-1.1692152
1419,train_images/da0a83f074f3.png,6ef48397572d697ab747dc1eea43ca450ea98f0d3ffb22cb4b1fc4eef2365287,1419,0,0,6.6042557,1.5943394,-1.1855574,-3.475844,-3.0666432
1424,train_images/98f48850ebce.png,bf66aeb5390f53a2c247b6fc9c960a6eb2ccce249149792870473d9c57ca14cb,1424,2,2,-3.5295372,-0.040145874,2.3259926,1.5638182,-0.26605368
1426,train_images/99e8bf998285.png,f63763bbc0cea0a35bd52a7831ed8df599bf9858c8b857c2948e42e27680fd17,1426,2,2,-3.1337757,2.9992332,3.1968405,-2.7041323,-0.22552681
1435,train_images/b0acd3593310.png,86487ded7c46d829fe000f64fdbc6b1820415deeff1e9dc3f505c8626aabfbc1,1435,0,0,4.713518,1.3319817,-0.43725443,-2.9329696,-2.1883252
1439,train_images/4e231670b48c.png,bb1f48a5adc1dfcc9d16a14fa3d0606f202276e2d0e1ee78f52caa4871681714,1439,0,0,6.024927,1.8416176,-0.66445947,-4.064817,-2.6804519
1446,train_images/370f575adb23.png,174cb4aed825bf3fc31f663440f2bb115de79bb5d7b4aefdc5a61a30f7e784d8,1446,0,0,5.796013,1.6816711,-0.32752836,-4.2981534,-2.3843462
1453,train_images/4a213b405ee4.png,75ca8a3c3aa0003062d878764c6f01fe454cb199c16ed147fcb57b06a91d3da8,1453,1,1,-4.2039623,3.2975292,2.7752433,-1.5561528,-0.21594572
1459,train_images/79cbae28d8b2.png,56b1734b44300f173e572aa59046334cee245a806db38990f9f885cb6266aed0,1459,0,0,5.445425,1.9832153,-0.39541948,-4.326342,-2.2800212
1460,train_images/d18f6431ebce.png,d429efd66264b82cb2b51f7b9a272c6fa0631ce346d46cdeb71118be29b94f89,1460,0,0,6.5123816,2.0075207,-0.99994373,-4.0588603,-3.0070436
1465,train_images/f9aa35187bf3.png,ba9b8d44a5c4af377e1e38ef57da330f876c7ffa384fcfca372e819dcdcba6de,1465,2,1,1.7050648,2.3392792,0.6427244,-3.0453668,-1.3354173
1468,train_images/a75bab2463d4.png,3bac7a949ac4807094cf5900b2355bb15ffa3c40fa8b97291c271ccf2cc4e383,1468,1,2,-4.835535,1.4540806,2.944737,0.14469302,0.37444878
1475,train_images/849a91e9ab28.png,835f8a55a039bbd84fc671f049c4d4b84ef37cc591f9766724aad4ac48896da2,1475,1,1,-3.3134155,3.1376343,1.4357294,-1.0235107,-0.08099222
1480,train_images/b35cad8fe2d7.png,3465e28c91cd92997442d07f4329b044f887374a8897620c5333a53588b6a73b,1480,0,1,-0.37501335,1.4788475,0.33725548,-1.3327729,0.17370033
1487,train_images/8f9819752ca0.png,b8f0fd4ee87f38fa9189ab629a9c4389dbb5e601b2d1b3adbf272263496398d4,1487,0,0,5.954632,2.5733452,-0.96856356,-4.0979223,-3.021004
1491,train_images/f819c65b803c.png,b62fef9a260b46bb4fafccf0f9f3bdf775393ba8da623e5127c724e7106625e8,1491,0,0,5.2425365,0.22830772,-1.3263416,-1.6882055,-2.0092406
1498,train_images/e83d315d8f98.png,1b31ef37d22590a6dcb504a4ffbd879423e96a9383f06c8ed07f85da390ad00e,1498,2,2,-5.9924793,-1.0032682,3.6923022,2.5515842,0.7580433
1502,train_images/eae70f527755.png,ff2278c0f4cc7aad62f2a23091114cb154ffa6fa205f5f072307530ef433181a,1502,0,0,6.7292376,1.98312,-0.95180345,-4.7591267,-2.561616
1507,train_images/686ed1dbae20.png,a70862cc4ebc808930d355932252cd1751927fadcaed25972f74edadf65d8fb6,1507,2,2,-2.648981,1.2678814,1.845268,-1.2324548,0.9459181
1510,train_images/36041171f441.png,9a93a477d03f9ba6d61c08bb054c8b82ae32e1a223120ec49a73b9faae97f921,217,1,1,-2.6452808,3.53059,2.2518091,-1.7432375,-1.2254386
1514,train_images/03ff7d159f10.png,587d1ac74d21d49aa8ae818c2a86eb4571cbb7708ee7ddfb83cf187dfba077f2,1514,2,2,-5.232115,2.1323357,3.0930438,-0.9175215,0.981328
1519,train_images/fecf4c5ae84b.png,1bdaaf702098d21ab5c631ca727a3888c33f06b9c5c97c9a7f4b20b9179bf2ea,1519,1,1,-4.127638,2.43153,1.6187515,-1.1640337,1.3778687
1526,train_images/b8f1b30877db.png,290e662bdc163d418c95dc3a50410d240a865445801c1e43c13076f0b56644a7,1526,2,2,-5.222847,1.3265896,1.7605622,1.047607,1.0901818
1533,train_images/2cf18033da31.png,b368268e565c6bead77c97d5ae55ee8429fc059805496d29256644994fc8b7c9,1533,0,0,7.282975,1.989666,-1.329077,-3.2105937,-4.2193513
1537,train_images/408ea9d5e082.png,b845c207ca417fd77466fb613bc59595192b085d19788707715d1ac2a99065eb,1537,4,4,-4.3649654,-2.1507635,0.48447943,2.1329246,3.992144
1545,train_images/b963a11638f2.png,8ae5f4d82e13fb99eb14e480709ce045481f1752b7fdd546600d7c43462a6fb5,1545,0,0,4.6742496,1.4965458,-0.49934077,-3.5460174,-1.6561558
1548,train_images/d9311f7497cb.png,342a848ccbf0d1ed0a05309c6e1c7274e8840cc73db585cbca53567b72defa2e,1548,2,1,-4.5683765,4.444483,3.391244,-1.8947883,-1.3076892
1549,train_images/44c869174e3a.png,0b1c67db462adede3ffa30af2ae17ba8835e2719999c332a1dd7b67dfba1b6b8,1549,2,2,-4.3346596,2.3822117,4.287073,-1.1641085,-1.0944524
1555,train_images/7be1b9aa78aa.png,b603bb966fdc0c0822048087007f517aba1f95492478eaaa339ca428b16188dd,1555,0,0,5.96595,2.25663,-0.73693657,-4.9419565,-2.1205666
1561,train_images/cd314653a4d8.png,e7a52b1f2057abf522697be40bd20e0c2fccd26b73534602f20d9c6572e053c0,1561,0,0,7.507786,1.6474972,-1.48205,-2.9316459,-4.2307224
1573,train_images/38e0e28d35d3.png,035fc09853678cbd8c32c94a7cd728f45e033e5c7727a826719ec92e8eab4151,1573,1,1,1.3072395,2.624752,0.85287076,-3.5655026,-0.9728122
1579,train_images/1db0393cdbc1.png,973ac8a844b54d3af3fbc53904fa52b32ce03200a86e4113cb6f4ef435daafe5,1579,0,0,7.4151754,1.1589279,-1.5694058,-3.04566,-3.4236655
1583,train_images/84a72e15b23c.png,e9ea2d89f82562801602e8cb00bd26b071274bb6b0b2dae1d24351eb00c99797,1583,1,2,-5.3467026,1.6923084,2.4026437,0.098744035,1.2206388
1586,train_images/f02956bd7c50.png,ac501f30168c3179693d53e0e4d43e5178cd546fe8f0d5a7a51941d919dbae61,1586,0,0,7.324873,1.7335339,-1.3834262,-3.3476458,-3.8261442
1593,train_images/665ce639a331.png,df55cab58fce1bab36c3eb8bf450dcf625ad74da87d9d2f5787851614c9fdbc0,1593,1,1,-2.994707,1.2017708,1.1503369,-0.059422255,0.8762431
1596,train_images/3b73a3a4a734.png,ac0a1c2bb8efd205434e8aa2a7fca79a225326b324f384a9206964e90317b77a,1596,1,1,-0.31660652,4.1747284,1.0853702,-2.6806812,-1.9637911
1601,train_images/f2d2a0c92034.png,f008e474b6a447e03ef380c91791c0c4d13b5ce35f24aa8c638fa03fb1d627cb,1601,4,4,-6.938175,-3.3451653,1.5489417,2.987278,5.6993146
1605,train_images/3ccf96c1dd6d.png,78735ba23ecdd93fa1bdb874d053d1dbfeccc244daad80da22210a08a73c7538,1605,4,4,-6.8968925,-2.510129,1.4141682,2.7909007,5.1284165
1615,train_images/4927945ecfed.png,daa4715fe4267e6936d42533b96667f7e3a197af3800d2ff9f7ca1946d6e912d,1615,0,0,5.9115295,1.9028931,-0.20642424,-4.910792,-2.2296147
1619,train_images/276b14f72328.png,efa6a994d02fe8b3d1ca6fe2d45686c2d93062ac81c43472491e6ddc8ebbe746,1619,0,0,6.9734497,-0.13983345,-0.9245832,-3.6983464,-1.6655462
1623,train_images/b66f23ffa730.png,db4c3eac7b65f5ffd1429036e05bc4e3194a76c2c32108730dcf776ee4493e07,1623,0,0,6.5302925,1.7308025,-0.816138,-4.226478,-2.7604074
1632,train_images/89fc080f7e83.png,17a12755bd6e7921e599de3f84e583ce2c873fa4f89cf3f8169f702ed0b7f14e,1632,2,1,-1.7184849,2.529892,1.6420085,-2.3613782,0.13197184
1634,train_images/1f15ca672675.png,931a3dd2e2d469dd77b3ed7d59b678e09d6a31f0e91c0c15e3a6ae2ea0ed26c1,1634,0,0,6.5339165,0.7550907,-0.6344645,-2.966982,-3.2208095
1640,train_images/f3a268d2726d.png,0751d408daf0d7dbc343b7c685cc516dd6791ea889bca7329862618824534b65,1640,2,3,-3.081583,-0.6562767,1.7402365,1.9991632,0.1156311
1646,train_images/5173d54fc214.png,f314bbd9c88a5a6608571821d60bfa2456ab7b7daa67eb88082b890f4254853e,1646,2,2,-4.6396904,-0.91471386,3.0347087,0.7700455,1.8288293
1651,train_images/b376def52ccc.png,395a0ae477f4032e13e82ee1e57700091d95496c233f63601c94c53cf76e4d62,1651,2,2,-3.54216,1.1970196,2.6136947,-0.7892549,0.59987974
1656,train_images/87b1938994b5.png,09ba82a15f93e191e9338f36fb0ad0fc8b29942420d8b2401f4f5ff77eb2480d,1656,2,2,-5.7571373,0.13109207,3.0058846,1.0823767,1.5658422
1661,train_images/65e6f1bd9875.png,8ee562a7e589284fa22e9639d5ffadb15451ea35cb23db01df0f6b5453898b53,1661,0,0,5.127104,2.3344727,-0.42669094,-4.219452,-2.293414
1664,train_images/fbdc796290d4.png,189a05320fc6161296acc8053e6b023bfe7862a64f5440e525f954ff8a77d484,1664,0,0,6.7147007,2.2139359,-0.6095085,-5.0629935,-2.7888336
1669,train_images/7635921c5efb.png,2b8250d6c3d10447135bd0e87b535dc99e81ef0c6973d79ffd30286c5edd4df5,1669,0,0,7.895526,0.8790798,-1.2916048,-3.3083467,-3.632213
1674,train_images/91e8af9ceee9.png,7a3dc782b94b9a285ec04949d381b6ce0f45b8a5829ba053940f2b9e1b8f7ced,1674,2,2,-6.544197,1.0156898,3.5602546,-0.018148303,1.9572668
1679,train_images/66cd9c28e636.png,9d01888d6f060eb9283e9de8d8be7927031d65438df4d050e462627909a23939,1679,1,1,-1.8815956,3.7621746,1.0160096,-2.8469813,0.14787102
1686,train_images/8e20b8fac7c3.png,fa14640af3c48936537532a36afa3d972f7f62d0325bb495ed49af476a946b6d,1686,2,2,-3.4364262,1.3486557,2.3754373,-1.3989682,1.2692842
1690,train_images/47536db39f00.png,1b38db8ceef6c1a47807335d4e5f269af25e806097a660c961187a5b44b0efa2,1690,0,0,5.389599,1.6427898,0.14502525,-4.2513742,-2.4105067
1694,train_images/90a9a41eec6d.png,455ba8db1b65936ead87395c768601a038aa37b296ba48842517c693f10a933f,1694,0,0,4.1257763,2.3705368,0.020102978,-3.6922405,-2.3207324
1702,train_images/83d81ba5959c.png,4d2a5b45430d0696ac6751e0127447a70b1e5d7eaf32d087e64945bb5afae1ed,1702,0,0,5.4692535,1.6483307,-0.94869447,-2.0577376,-3.670813
1706,train_images/34acae864963.png,06d62feeef0fb80e80fc1a82650cd6035932a3d692762ab6a676fd1294ea51dc,1706,0,0,5.6698494,2.0747166,-0.43235898,-2.7822738,-4.100333
1711,train_images/0e3572b5884a.png,122de8abc315cd726fde01c2dc7a4a13ff680ca7ecc39b51fa0343731b5f69a1,1711,0,0,6.1454964,1.6493378,-0.42878437,-4.650954,-2.2571192
1715,train_images/f8f5942b690e.png,b7da8f71b6137c44633815a2601515faf427c380e4f52c834847befbb6352887,1715,0,0,5.4225235,1.6731873,-0.67069435,-3.9614282,-1.9733562
1720,train_images/668e853258cd.png,9d98a290f1da5fd4f8c39fb97740e59f5e5bdc8611730ad8be50437b46316c39,1720,2,2,-3.1821632,0.8015976,2.858615,0.48744345,-0.8177099
1723,train_images/fe0e2dee1834.png,434ecdd9f3c6527a752e8e062602620532d634325f0f85d3261cb4b2a0997a9f,1723,0,0,7.184351,0.3923149,-1.4884856,-2.8773699,-2.6966696
1726,train_images/8cb6b0efaaac.png,6e75bc959bdb8b067e277bd45a668401e8b78125e73108c563291119b73939db,1726,2,2,-4.5154343,1.6575317,2.5936565,0.37610126,-0.009045124
1732,train_images/991a0b7a8c87.png,3baae8f15493fea65d09d5127fc54cc96f29130639a453216fa4c339e9f6e9d7,1732,0,0,7.7117796,2.0400848,-1.6243587,-3.2883484,-4.307388
1736,train_images/69591ebb198d.png,5f6dcd992065e5fed1ae13057cb87998922db2f3dc6208869e7e1fa75a740ed9,1736,2,1,-3.5995731,2.935213,2.2871208,-1.9699345,0.49141073
1744,train_images/4c3c1ed09771.png,905cc3253bfb260dc23c2ace8f80a70d41862dcbe93825a6e08d4c3456c629e6,1744,1,2,-3.0943203,1.5568714,2.1883068,-0.44616652,-0.06783581
1748,train_images/5077cdb88aed.png,e2a7ac4e93f2e096769e9266d0ecf3476c197957d90cd8f97bdf6f0af91389e6,1748,0,0,6.385791,1.2443047,-0.4481752,-4.7531867,-1.94874
1752,train_images/07596907347b.png,ccc663ec7ae53ddd94654bed37bc5ea53511fca773a5223914b003627d7d8283,1752,0,0,4.4173107,2.16959,-0.44945073,-3.6441402,-2.1476088
1757,train_images/87295c5fa1cc.png,8da2f351eaa9d57ea94c37c35df2e1bd549659d000a1f9ed1b11299064f89bca,1757,0,0,5.497383,2.0673752,-0.6686561,-4.0791416,-2.3987994
1761,train_images/a2ad3da4c7d6.png,d6d6ce4fc1e64f8108a8d488235800cd2197f159dc04aca6b512b71c04950c05,1761,2,2,-5.2781353,1.9165516,2.1662261,0.1871531,1.0918369
1767,train_images/4c389d033cb0.png,620dfee046e1ce23cac681f05d07710e27ac899e528ecb23ecb0b77aba95cf54,1767,0,0,4.578657,2.794695,-0.032983184,-2.732555,-4.213128
1770,train_images/fa748b57262b.png,33d75fc8e5d12da8fc72d2a4169735dde2f076d4074bea5fa0dc287f6dc9de05,1770,2,2,-5.6883984,-0.41900158,2.877644,2.7239223,0.5136266
1773,train_images/daad7b617f21.png,d7cea345c1286e19f0a544d4cc7572187a29115c8c45901437f342854509859b,1773,0,0,2.494461,2.4304218,0.23155248,-2.6307235,-2.165298
1782,train_images/8ab8d9b3ce3f.png,277d6b8f1f646c7375f0b37e84734f33f5d6691aa06173a6af1c4a988c4b5b5e,1782,2,2,-4.414343,-0.11552048,3.3250089,0.83190775,0.41601276
1790,train_images/093a42649c29.png,31bb620e4753ed960ba22602d75aa30b7ad08f91d9b637a38692f24fd5cf593d,1790,3,2,-5.9536953,0.4978218,2.5290785,2.3197327,0.6247697
1792,train_images/74211a2b6dcf.png,0d34db0625c3940a13ff02eda65c83e5705d8e6f63f163578c0fc5d5e54832ef,1792,0,0,6.071493,0.402483,-0.9225242,-3.1438377,-1.8720613
1798,train_images/da3a2275c850.png,b0f644c31fabcb0924a2be40d129713906df032a65c6079231a8a643d03e0d3c,1798,0,0,5.7300224,1.9825363,-0.47692323,-4.589083,-2.2184663
1799,train_images/cc839823755b.png,9bfcc5854766d92c2f3bf3426604730d6f88431b373c14dfbb34b5b11ca77d08,1799,2,2,-5.3255444,1.0137482,3.3183012,0.7424154,0.27909708
1806,train_images/3f82631e9080.png,0f3b86e6d81647f364b84b54fe54871ea7a0c55fdeed11405da479dd36edc59f,1806,0,0,5.6806393,0.8244934,-0.8056617,-2.4534607,-2.79683
1807,train_images/42a850acd2ac.png,6e75bc959bdb8b067e277bd45a668401e8b78125e73108c563291119b73939db,1726,2,2,-4.5154343,1.6575317,2.5936565,0.37610126,-0.009045124
1815,train_images/f3b27ac2d371.png,23c2515dbb3dad274b7975aa51ecea89378a12d78bb23325ed42c7b9e92aeea4,1815,0,0,6.794715,2.6004753,-1.0066435,-4.6673937,-3.23241
1819,train_images/530d78467615.png,3b26186be5348381728f79c58fe26b0bb8b31f9588df7807eff5cd00ec1f1819,239,2,2,-4.0019035,1.5989056,2.2552955,-0.03295815,0.27093983
1821,train_images/523ff163211b.png,827afa17f7f5f67bd8058ee13c4b9f67965efc0fc59508ede5c3d62beee72142,1821,2,3,-4.3539124,0.07622337,1.3072321,2.8229594,0.22724104
1824,train_images/ca30a97e9d13.png,fb1c06bde3bf619735af9ac44d9b8beca9681d8f27ad0d6f1575c700fce9817e,1824,1,1,-3.0586414,2.5545788,0.62620556,-0.16190124,0.2483058
1829,train_images/709784f7fcc2.png,029c23fce34b9216852b2835e96e51fd9da47d9185f4750d7556381f2d401337,1829,2,2,-5.569845,-0.44535542,2.5142546,1.5105038,2.009777
1833,train_images/a01024054596.png,18de4ee563e2afcdef73481368e71dddbb0152719edfb26b2c2ef3663941ab54,1833,1,1,1.5982456,2.7872353,-0.5385468,-3.617322,0.12723875
1839,train_images/11b220a397b8.png,438c727b03316c1c4ade63115b0a4b1b90497bcd5bdfe84044c1ecc8284cfd08,1839,0,0,6.870264,1.1738796,-1.3635833,-2.6986785,-3.492786
1842,train_images/9be0683649ff.png,f28b57630fe9c29a29ee6daac9f4196543d459005eec62232f69075bff96e64b,1842,0,0,5.832958,0.9051609,-0.93220496,-2.217299,-3.1144164
1849,train_images/38373431d996.png,202f31dad2a9702e11bcad44bc2a963ac2f149ef7d26ca4c6681a4a82f4a9923,1849,0,0,6.139529,1.4999962,-1.2570212,-2.5468273,-3.3553574
1852,train_images/78d53c82a23e.png,6ccc106bbd4cc8e25c77ca189ea7646a09cdd17bb5fefdb9171cb2dd894e40a1,1852,2,2,-3.6829262,2.0433464,2.8544471,0.1001389,-1.2336965
1861,train_images/576e189d23d4.png,8ea059e7be658eea6afce4bb6ebbc84d7ba8d64761d1159014b6e89da855ebb8,1861,4,2,-4.5197506,-0.7501507,2.549851,1.6325719,1.1610274
1869,train_images/f71bea807c96.png,449698475c4b481a5ebb29338e841d283d959ea6f28b3c613bee594cf7914bb7,1869,0,0,6.820162,2.334818,-0.90943027,-4.8520646,-2.9067407
1871,train_images/40e9b5630438.png,f7b42e43e4e8cff395759bcc92fcb72b9e7768d178d8a3931bf0f2eeca264e80,1871,1,1,-1.208622,2.7586842,0.97200894,-2.1161516,-0.17642689
1875,train_images/70f5caf5f305.png,a73d35d246524252eb859a2c1fd04bc6fe24f7bf9eecd34628414cfc305282ec,1875,2,2,-1.0269413,0.9733963,1.5964257,-0.9177834,-0.4432454
1879,train_images/555d0bef3c5b.png,a91bc505c18ed7ffad52d3bebcbd5ab67b01605a066d9466724f2d3097655f23,1879,0,0,6.535638,1.72468,-0.6291454,-4.3543706,-2.8432102
1886,train_images/5ead17e894ae.png,96b336589affa1ae46960f2d3eae3cde4edd44adb30478a3efff1e43075361f3,1886,0,0,4.1984215,1.5938263,-0.04344952,-3.3845048,-1.915201
1888,train_images/384db24ebbd7.png,8e6cf02803e7a327aa98f060b7b5e63c9fc9342f8cf50f37d20632258847adf8,1888,0,0,4.344368,0.47824478,0.0027691126,-4.0673885,-0.37364435
1893,train_images/a9a28c37c8c4.png,da801506dd021cac4c480f5c62eff1e6a75a211bfa9c9fa38dd3471c198a2a6b,1893,2,2,-2.424549,0.9554615,2.3632483,-0.25657153,-0.49296713
1898,train_images/61da799bf0aa.png,1e26c0af8d9edfd1e880519fdbcf16d3883d790e126028e0c267112877dfbc90,1898,0,0,3.4100094,3.0405407,0.5692401,-3.7083898,-2.8222795
1907,train_images/e04f3c6619a3.png,2d153379f2e0af5f51c172a460678ad90f7c6ac3c9fc22c482855b4568793e99,1907,0,0,6.4294376,2.0574856,-0.60829544,-4.9107857,-2.514369
1910,train_images/13073f075a56.png,3735e21a91ff34f43489f78cc3941d88321b891a37a5e8105c28c9b6467957a8,1910,0,0,5.2212048,2.2609634,-0.42263412,-4.585041,-2.032804
1918,train_images/9e2ba2b979f1.png,cd8bafe23175b0f5df809400169000109e98cea55fc3a2a844e72c62ebc29b5e,1918,0,0,8.021984,0.7625389,-1.408174,-2.9986253,-3.8338208
1924,train_images/70d0392397de.png,036413d506ddfced95e027e9aee37fb8eb9f9cd77dce82c3443f19cc3c827a28,1924,0,0,3.8169994,2.5424194,0.18247855,-3.637877,-2.4455342
1930,train_images/189cbbc9e5e3.png,67e9fc1cc6b21f25f77eb12261b0fa48f5e3a7c9f20f01b8ceb613fe66475ddd,1930,0,0,7.561552,1.4480858,-1.3637004,-3.2356138,-3.8834743
1936,train_images/7f6ce40f306b.png,1664dba828f9e28572491df0edd44b6c3a5bebfb44066bfee4afeb45e8fcd5c4,1936,2,2,-4.7050323,0.45409393,2.8171043,0.48795938,1.0114965
1940,train_images/ad6b07d5c338.png,a7ea9a6c5469edb0341a8b7f19e51608c799edca6777093410f649390b58278f,1940,0,0,6.083008,1.0862083,-0.64415956,-2.6603293,-3.3890386
1945,train_images/201f6e10c108.png,1daa6e51571c2f9535584de9ff3d8007d1518db5169caef48f4262e358198178,1945,0,0,5.5330296,1.7830791,-0.14656746,-4.434856,-2.3119934
1952,train_images/ffa47f6a7bf4.png,aac6e7298320856fae069699ca9c9359060c1bee32db4c88150d49901ef75c63,1952,2,2,-6.0306816,-0.048067093,2.3930922,2.2360883,1.4330311
1953,train_images/0a3202889f4d.png,942b52bf398bc82babce8b5c109622f5d7c84796d1f888aec7056221f2b76986,1953,1,1,-2.7248898,2.4880238,1.078666,-0.95327157,0.26998615
1954,train_images/01b3aed3ed4c.png,64b5e7d2dfc6c512e0b2bd6693a3d355e8a2134513bfa5cb2de2c0d4b046836b,1954,1,1,-2.147499,3.5332088,1.2466762,-1.6193624,-0.7828803
1961,train_images/93a1b984de84.png,fe4c75ebf284a3cbd8ad6c2f6013ae65441464e6d49d8ccbb0334cc019e28e77,1961,0,0,6.463895,2.530548,-0.7977221,-4.767048,-2.9869378
1967,train_images/702de9dcde32.png,020f8b19029b2ea137e0a35a49f0f82b393c3241b85f19a2a538fd48943ca127,1967,4,4,-5.1461945,0.39541054,0.6178164,1.2048166,2.966783
1973,train_images/64c6c6ee0d98.png,d51bdd0a5ac09a60c5a33c2abe5b6244ef23bce933c559128d6f8943cf01ce8b,1973,0,0,6.7550507,1.5866814,-0.40706122,-4.531229,-2.8100417
1978,train_images/c1819db0aece.png,25b3220e6c6822d97beef3e18d435d0c3c3201a15081303cb030140199a9ee7d,1978,0,0,6.3343735,1.536375,-0.9658828,-4.1291304,-2.3533592
1986,train_images/75a071608ea6.png,cd24dbd034f687a913a771b0009a0f7466514164deb2a8738ea15ca246710b21,1986,0,0,6.170085,2.5409565,-0.65505743,-4.5194793,-3.0827413
1990,train_images/3128eb593012.png,3b4efe4849bd041d34c7cbb3c201e269e9936b0253d17d645d7e4aa173411a53,1990,2,1,-1.2923546,2.3429565,1.880173,-1.7302959,-0.93041086
1994,train_images/e81f4a2fbbdc.png,b2ffb1a1754fc9c032ac8bc2e4d1b44fcd8ccf8a87ea9fcdeb1b8f5483682b22,1994,0,0,3.5454369,1.7498989,0.36092043,-3.1846595,-2.027823
1999,train_images/269b44e628eb.png,0f2188f23464e0654c72c0769480d5d001218fb4188816d9106aff7a9729e024,1999,3,2,-3.8517704,0.029518127,2.2599554,1.4483442,0.18429232
2010,train_images/4689b739d240.png,14d7fedf16a210db69a74b2c3cc1419da783d8545dd74fd713479b39fd81447a,2010,4,4,-3.7667713,-1.0624886,0.3193835,0.3485937,4.274324
2014,train_images/03fd50da928d.png,beec33224512261e01abf218a6df1b4355f6aa9238239f78db1162791425a91f,2014,2,4,-4.6571865,-1.3759184,1.5802531,1.8514142,2.6577964
2015,train_images/f5a8c6426a71.png,9b6780a8c350a0a7a9c8363791dcbb5436b54b381ce2f20384f1fe5ff1433c92,2015,3,1,-5.843956,2.7930756,2.443988,0.65267277,-0.052227497
2020,train_images/ff0740cb484a.png,63d7b5c9ac929e83d6ba6814516b856d42371fd4b1acfb667379a4c7f5f0ab87,160,2,2,-5.9775715,0.0077877045,3.007465,1.1477654,1.7926555
2022,train_images/c4a8f2fcf6e8.png,9dfd23546cd3b6ab2721de2249cdd50358eab0aa4a2f91bd7715257a285e09b8,2022,1,2,-3.477192,0.41340446,1.4688619,0.5592973,1.1517415
2029,train_images/1a7e3356b39c.png,e9f7acbd72c9f1c4027c71181bb9028e472e08d4d07ca8ea4725bcdc08ca31d1,2029,4,4,-2.575573,-1.969347,0.93196476,0.5884166,3.1464696
2032,train_images/10f6ef37fe43.png,6e564dce572adb1864963f712e8ea3724489895b24186c6f66a3df5dc2a47283,2032,0,0,6.3584595,2.631544,-0.75433874,-4.588095,-3.1872222
2042,train_images/e7291472109b.png,158b5395c1d35c76d2fce8c4fc158c714857963f1adaf4017e91c5ffa8a56874,2042,0,0,5.6561337,1.2874718,-0.08845127,-3.950915,-2.4928858
2045,train_images/a94da3d3b5c0.png,ea7d2890a0823570773ed75075bde4b1882901a3b00201e3bb878e101bcabe78,2045,0,0,6.916415,0.86942863,-1.2407725,-2.8225403,-3.2188938
2048,train_images/026dcd9af143.png,e79e37bd22b14bf7ad3a8887613754c8c1e094a5e12579d7ab294116ab1bec6c,240,2,2,-5.224674,0.7443657,2.4682326,0.8670082,1.1830821
2050,train_images/6d9effbcde78.png,51b080a7ab6850de94af1163fe3774a4cf71e1884fe4e677b0551f3e5d85dc92,2050,0,0,4.377659,1.6180058,-0.31465828,-3.7821393,-1.4605312
2059,train_images/f460608cf4cc.png,76129728c9a1c5335f9aece49c585d92e04b11335a85d011b2be9e4fe4b603fc,2059,2,2,-0.75107765,1.8663845,2.1808507,-2.5186353,-0.5367093
2060,train_images/ee2c2a5f7d0e.png,5a379ff8279af2a2c430db3976a33dca04a9c3e9b763cbb5a1350c43c8657449,2060,2,2,-6.031704,0.69405746,2.543541,0.9857631,1.8101435
2064,train_images/09237bf783a4.png,2025ba2bef42c6a795c6fc62e924adce382ce24a5b6cbf94bba317c3d3af6401,2064,0,0,7.432394,2.049694,-1.2090001,-4.593342,-3.1854181
2065,train_images/66a0bf258013.png,1b239d21e346a3c3320cf43ad32acbaa249a6b0d0dcc44704cd78a611940ad55,2065,4,4,-4.737768,-2.6279602,-1.1199014,1.5631363,6.9023147
2075,train_images/354b8911d6ed.png,a9860297702ff909ff7807bc7bbb856b08094d73bbee3e4c8a2960a31eb7f43c,2075,2,2,-3.7305012,2.4112682,3.1974435,-2.0347695,0.30488968
2082,train_images/c80f79579fed.png,55112d096bb386676fbc13f24b5b926916bd7656c233e44c4892f23d6924beb4,2082,2,2,-5.137974,-0.82954216,2.1373315,2.0774498,1.78157
2086,train_images/e34fa07bd64d.png,cd187e712d4e44117c967daaab6b9d1627c630f3b2f97b701e17a4196d69e06a,2086,2,4,-6.8662148,-1.4270601,2.6892838,2.6709743,2.8700032
2090,train_images/bfb578c0e8d8.png,7e263c485bb22f6ed331a1f935b586b39c35e609eb79a8c674fe8728d8c1272f,2090,0,0,6.6360083,0.6065903,-0.5138049,-3.5941005,-2.5976477
2097,train_images/f431f2e119d7.png,044a2113a70f8edbc7d55bfbe845c4b4b5ad9e7dc926ef9919c83a5486f8b15f,2097,0,0,6.6106014,1.5536995,-0.5940063,-3.028527,-4.069526
2101,train_images/dd19428c3d29.png,ed1fbe73fd68998e1b18ea926b7cfc51ee06aaef47e42134433cd94d51949c60,2101,1,1,-1.9297123,3.4650764,1.2654926,-2.0126514,-0.5775461
2109,train_images/3b5dffe159b6.png,bb61948f599edcc7b07b71b0c132b844a6349296a1fb64ec56ed4a540581ff3b,2109,0,0,4.4831085,1.6752892,-0.25153804,-4.182884,-1.3231015
2112,train_images/ea4dcb055139.png,5367bd13a261fa88fab0afcb324be6182a080cfb42ee1c24fc6cd49e276c2e3c,2112,2,2,-3.0468464,0.2756977,2.0593603,0.97780824,-0.124587536
2117,train_images/89ee1fa16f90.png,f63b3b61464ec303e86f35c82760d920fef1dd2f9fcc18cbccb1d55ceb0dc3d8,2117,2,2,-5.6504498,1.3003235,2.105238,1.0856669,1.1668186
2121,train_images/6666c4f18396.png,b3f9c78e16f9fb1f2367922f1676f1db359378fc0a46206417b8339dfdb1f8e1,2121,2,4,-3.4099636,1.188837,1.168695,-1.1703675,2.2941756
2122,train_images/b05922e7abd3.png,4d18d6148992183c4066e289e08e92b01707e4cc26213e824c504f6bcb2d15b2,2122,0,0,5.759495,1.3844757,-0.2857691,-4.610083,-1.8170378
2129,train_images/e4ae1ee6aada.png,c88b065eeb5179bb35538edb1b7635afce682c4e6c143d2bf1e052ceaab83999,2129,0,0,6.2420406,1.9852619,-0.52399755,-4.8195505,-2.4487333
2134,train_images/fca931da5c5e.png,7c65aeb15e01befe2cc3e5aa8dd3bf84dde37c28c1d6c663861148fe1ba32fe6,2134,1,1,-1.7593575,3.0703564,1.1846344,-2.4380257,0.1787653
2142,train_images/150f92b45349.png,3e9b7de53b8a27cd46a1ca7e9bb5e28d71e01971073bd44503c910f19a0fc29e,2142,0,0,6.470806,1.9987602,-1.0416546,-4.825471,-2.1156678
2144,train_images/9b57e43b44e7.png,5b58871bd2fb3c35971a3dcfdb1104ef09b216870a613abb11b5aa48acefae6a,2144,0,0,2.6518135,1.8769245,0.7434416,-2.7834072,-2.0631037
2149,train_images/f066db7a2efe.png,6a20c25aab24f0b886ad537fcf5bb9d558434fce0f27c7b8ebd149fd5dcccc00,70,0,1,1.9033375,4.181698,-0.43850493,-4.007784,-1.2363567
2153,train_images/aba3063c5413.png,05b59731a698d5f4119df6b4907c4042b0bf5ae3a77b12128b3cdbf19027d174,2153,3,3,-5.044327,-0.40937233,1.9766977,2.0017953,1.5528765
2156,train_images/38487e1a5b1f.png,395a0ae477f4032e13e82ee1e57700091d95496c233f63601c94c53cf76e4d62,1651,2,2,-3.54216,1.1970196,2.6136947,-0.7892549,0.59987974
2159,train_images/6c4ec95dd8ba.png,bd0d4240ee98843f6c602cc50aca27a0495c0aaa8a490f0c0d1c8487dc395c82,2159,0,0,3.9795685,1.1500263,0.14341271,-3.1596384,-1.6584997
2160,train_images/55034b1dbff2.png,539778823e44a7948a2b01b83b81b32bdc7fa42eb95c2e59262ef61fe95852cf,2160,2,2,-3.3030815,1.9055309,1.9259692,-0.69502497,0.30467653
2166,train_images/54dc6e8107cd.png,3c12589e093b75b7161ac484792bed814f8df235346785cff48e14278ff38a95,2166,2,2,-4.206505,2.4034348,2.99188,-0.6554518,-0.4812503
2170,train_images/61f403fdb434.png,c446e0f6c6f8fa6bbeaf22297973a23dab3b673e32b44720bbd56eff443ce7ee,2170,4,4,-5.9686165,-1.9713793,0.55939007,3.3145337,4.086552
2178,train_images/e12b67835e03.png,c0bb0805bdd6e18808d782623cb729f23f30422a5d94ed647d1177cff0f0bdbb,2178,2,2,-1.6038914,-0.6624775,1.6116945,0.17519164,0.5673971
2187,train_images/930fee99213a.png,87d904debecba5f026308018bbd0a1b4a26acd46bba58b6f330bf5251cd4e9c8,2187,0,0,4.2914524,0.20398712,-0.24875414,-3.0408459,-0.85199356
2192,train_images/e7578d8dba72.png,ee6f1dbf212664e5a444283aee22a0c05cf2aa7d59f731fe54869ce2a58c965b,2192,0,0,7.96078,1.3409634,-1.4073379,-3.0858767,-4.267118
2193,train_images/e47452069ea1.png,aaeba59a47fd5bfe2ea628db51fa64f0463dc010de3f8356b4c153b3d35c33e5,2193,0,0,4.682762,2.2008038,-0.21180701,-2.8490598,-3.382774
2198,train_images/ceb32a193eff.png,76e29f710b6b9d81d96c81285de1346dd2819515326bf8be40ca6a470fc05b6b,2198,0,0,5.0678635,2.9993305,-0.4022721,-5.248335,-1.9002037
2202,train_images/1b398c0494d1.png,6e14afb6c1f609c78b8030f667d7024279a41536275b4169444342e0891ce65b,2202,0,0,6.2547026,2.1546478,-0.8010566,-4.580314,-2.549355
2207,train_images/60eeae3ba23d.png,29ea839a3c1423dc3b42dfb18792264ac6e0bfc5caeef2d2bbbd5af3dde21dcf,2207,2,2,-4.0904865,0.14259529,3.2665381,0.012906671,0.7769041
2213,train_images/ba4d2c4b3039.png,8dacb7eb33942908c52e51c935af1a4e2f3ec7477a11e7d008135520b5d5729c,2213,4,4,-5.3552,-1.2714605,1.0176591,2.5977507,3.0380359
2222,train_images/e4dcca36ceb4.png,094ce83a38d6a515bdbc4af4ace5d50d933ab7a4233b6db8e694ee81dd7cdcea,2222,0,0,4.5206757,2.4070816,-0.013157129,-4.39727,-2.1401281
2228,train_images/419406328dcd.png,9cb64de1a55468fb1d374dda28959b9d75dba2c4477e55b80a5d3d69da382ff6,2228,2,2,-6.0987873,0.22567558,2.7295718,0.7496996,2.415011
2234,train_images/a6c9e96a10d7.png,fa2f8ed1f1c492db8f9e7f6e82c4c07822ca85c2fff73734f9c67630060e42db,2234,2,1,1.1385899,4.4649487,0.61610174,-4.2883196,-1.5853534
2239,train_images/8aab201c0691.png,1ab3b048234ff5417ad05b286feee6d98468f7105ac54ea8587a3f185c8e87ee,2239,2,2,-6.5657425,0.8628578,3.0683455,0.86884737,1.7567048
2244,train_images/0851d6a69589.png,b0a04d01c7bab87782ce46424a1e36380d15e722723e5fb23321c928d5ed33e2,2244,0,0,4.272814,2.3396358,-0.34963477,-3.7893405,-2.0886853
2248,train_images/6d454444f17c.png,060559e51edae7d6288225b84af68f6e2b1ede4c5857a1eacfadaec95182c524,2248,2,2,-3.9942226,1.6389732,2.6359675,0.33431554,-0.50905323
2253,train_images/3730c322d35b.png,310993759afd6ef7f36ee4cfa58dade336bab3199dc430f0fcf56d1c1d61fe94,2253,0,0,5.968464,1.5543709,-0.3194009,-5.075183,-1.6608684
2254,train_images/a12ca80bb8c7.png,ad34bfc971f4b40e6071af8b0fce32bccf02eb32f6d8fcb1e850cae10a344291,2254,0,0,6.8584356,0.97185135,-1.1896708,-2.783679,-3.3580167
2260,train_images/5347b4c8e9b3.png,ba02f4b5afbb7cb5b32dc8ce570ae28639911db27f93057a106a86e35f71102a,2260,1,1,-3.334074,3.539713,1.6769357,-1.1908674,-0.49314642
2265,train_images/1d2472849dce.png,c72544fc0dab85bc8c6ece16e79f55b006e14cc5f57ce0bcd7bb299759e4b6e5,2265,0,0,6.187931,1.404129,-0.94660807,-4.208267,-1.9521084
2274,train_images/2974c6ad1d58.png,e57746139045bda6beecdb616d55a8d7e4615b3947f0ba839195124ed495905f,2274,0,0,6.0009937,2.1002579,-0.6667259,-4.615623,-2.3577533
2281,train_images/fb767cea406c.png,5f67ab4b66a7191235479bd9725dfae8292b27b1672a9d1583d4fe964e489961,2281,0,0,5.4279957,2.4188728,-0.3430574,-4.3177023,-2.665794
2284,train_images/76bc31e0d3be.png,b8ef1e53656f549c9bfe938f3fef552109f4d7d66729a8fcdbafc92fd1c9b490,2284,0,0,7.475173,0.95585823,-1.6802788,-2.5258386,-3.7138977
2285,train_images/8a8a251770cd.png,b9e9b54aee8d8b25dcda4c42c048242f753c13ebcc4f5e2825bc42060eaa42a9,2285,0,0,5.6433907,1.8294468,-0.6595869,-4.4276857,-1.9476457
2290,train_images/a34fc5376669.png,ac49dde41facc5a1cd3474cad1ad97dd61c28d1e4d90c3c9112243a7d579ccf5,2290,0,0,3.5414658,1.7339573,0.38598192,-4.010537,-1.3204999
2298,train_images/d57d1be1bbd1.png,ba541eb808f6e6a328e887607e9a6e973a103dfb2bf5a7d798e7b04a1f8d90ff,2298,0,0,4.8038635,3.0118084,0.13954759,-4.2741623,-3.1580954
2303,train_images/16ce555748d8.png,07b13099d3359626722ac039f9f80da8744bee588289dfb2c2bce28f4395211c,1306,4,4,-6.6518097,-1.8002796,-0.48687482,2.7616458,6.078959
2305,train_images/eb175669d789.png,37bce7aee8f39b21cde59183d8b5bea422c0ebfc475a196ef00cc0a01e311385,2305,0,0,6.703906,2.8776875,-0.89378023,-5.4062095,-2.7078283
2311,train_images/6d7d26025122.png,0f949e39d1fc7b1bbbb8338173a1031c8b2ac68392c2aecdc3ef3d341d80527b,2311,4,2,-4.0447426,1.7573357,2.4631886,-0.7085184,0.6086521
2316,train_images/a2ddabee14e9.png,8c51975103ab5b1150e4100bdf96f870d69f66153c30ecb3ff43f11bd4914ef9,2316,4,4,-4.1051083,1.0096684,1.7179606,-0.6667533,2.129179
2324,train_images/1891698febce.png,a4ceb173868947dc1d07cb9fed71834c276be9512542c1ff9261411091fd9efd,2324,0,0,5.0758934,2.4867878,0.26038814,-4.135753,-3.15367
2328,train_images/7da558d92100.png,3e91d1396387fc6daadb26fba6fe1ec3eae55493b9572f61e313f085a737279f,2328,0,0,6.8362856,1.7593479,-0.8648541,-3.3789918,-3.8475313
2332,train_images/f5e9a307288c.png,538316ecee876fb092da384110ce74a8314970036ae8b7a43734a04398067806,2332,2,2,-4.048954,1.6351318,2.2486722,-1.1811252,1.4562516
2339,train_images/62b826899151.png,543ee349e380b69680a7a2b974c6e34449debf19474b2695e952265f2539e7a5,2339,0,0,5.4056606,2.1030006,-0.4340558,-4.734596,-1.9429989
2346,train_images/0bf37ca3156a.png,c21eef04f3a8798afdd178d3c690115bc0e2a3b97ad0f5fcb8080b211cfe3f7c,2346,4,3,-4.0281773,-1.428587,1.0973599,2.436792,2.0171242
2353,train_images/5cf9127f251a.png,879a7cabae45ec1b4827e77ca6edc92e75f0228d3498ad3255118fa1c6e14698,2353,2,2,-3.6390076,1.6495361,3.3408928,-0.35364223,-0.8476782
2356,train_images/a04fb36db784.png,c6ce210915ae56bfcd338fd3b12d28e20ec0159072d82fd7b39cd1c31a53f5dc,2356,2,1,-4.6541824,3.3072681,2.273034,-0.38882983,-0.43454313
2358,train_images/6e68e742f5bc.png,c48386ee75dcbf73d6ed60039a56bb8af3a584f0c20faf3f493f22a3720bb5a4,2358,2,1,-2.8199024,3.05546,2.4427986,-2.1870952,-0.32764626
2367,train_images/2b10f138e67d.png,8cd436a82a1c44eba06fa0383b99dd65bd5ae22aa993cea2d8c64b338213345e,2367,0,0,1.9410763,1.4097023,0.46443355,-1.3344779,-2.1646945
2373,train_images/c5ba9e455d5e.png,8fb91bc86fe2e2de23e246ef2ac1edaa241111982655b18e750882b54d64d5c3,2373,3,2,-5.406851,-0.04629898,2.2282023,2.2024932,1.0588837
2378,train_images/2dc647e00ad3.png,25293defec6458c66482eb7ef9330f9be972ad645d394a8ebfe09fba88dc49f9,2378,0,0,7.1305523,0.737133,-0.44258618,-3.7728975,-3.055866
2383,train_images/3aa2b1ce6700.png,f0b823b2b871bf4e9a7988447015e0ae1757405b9a7abc9407f74809f76675b4,2383,2,2,-3.3393288,1.5798683,3.1924496,-1.010385,-0.28759146
2387,train_images/2cceb07ff706.png,6999ab73db13c01367ae204b0f29c22e17c9e31033408ef149683186e207fec5,877,2,2,-3.517809,0.7016945,2.4847422,-0.65695834,1.1152244
2391,train_images/4fecf87184e6.png,4cef06bd08181d80dd09827729f791f0a6ba5aafb1c962b168325e4747fa9d03,276,3,2,-5.870289,0.13315773,2.8871386,2.206769,0.6796379
2392,train_images/876deb29f000.png,c4e431568b2c274ad598b64989691084ce8057609d1b45a6fe801ae04302919d,2392,0,0,4.967186,2.2413654,-0.6519761,-2.9180412,-3.2173526
2400,train_images/73e83a07a16d.png,f2f175df5f62713e7eafc9cd4a2a0542b17b5fae55909fe2c9ad5aaf24492572,2400,2,2,-4.0779247,1.8595943,2.3481734,0.048315406,-0.09130287
2402,train_images/8ae049175db6.png,a0327f55ebb7e7792ece4e6971063ffac104f2b3e7b274331e65b00549f29749,2402,4,4,-3.4929276,-0.8931742,1.2617855,0.3707807,2.889936
2406,train_images/8fbb2ca39911.png,f3ca5002fed1be83ab6ac161fbc36ccaa8acb0682e44ed84714497996c1d456e,2406,0,0,5.2514668,1.7899132,-0.8331971,-3.6111166,-2.1594057
2414,train_images/51d574513bcb.png,3d7c2f21eff20cfb1e953f3f2a0961c16ee9fb48b462fa935fd9d5e958bff44a,2414,2,2,-3.6606483,0.6575489,2.7116566,-0.43739033,0.8727546
2420,train_images/e9286ddf6ffe.png,21dce3b5af6bf5c1aa1ba2f83545551b751ebef59b1eae647cfd5e4448bb2429,2420,1,2,-4.8382244,0.12890244,1.8859735,1.6680746,1.1573982
2423,train_images/2d552318eb07.png,41529195fe1bc0da1b287ee5b297f29ad275d175de8e8c28d4302401b5728caa,2423,2,2,0.020261765,-0.70151806,0.8442751,0.25400782,-0.19561243
2427,train_images/28a4d00927b7.png,38bf2f0c2b4c7e126b8ee91107a5387e747a478e4effe6733bffccea72590b01,2427,2,2,-1.8584232,-0.24645805,2.1935015,0.1482575,0.018741608
2429,train_images/a30a143a53a3.png,7a67429a5131d6ff43e384340addcb97fac7ad9939d289ee3c1a60ec898e80f0,2429,0,0,6.750228,1.709528,-0.8862033,-4.778843,-2.3333397
2433,train_images/ef8c39eb9157.png,31524562fd4008562fc3fbbea6c38aebbc33efd25bb760ac0beb5cf22e25e19b,2433,0,0,5.9201717,2.014532,-1.0695825,-3.1985555,-3.2077625
2439,train_images/907aaff827e5.png,6ed4e47fe8499414652ef295c9d4508f8606f081827d8a67ddb42b0d6eab7a4c,2439,2,2,-4.689705,-0.86705494,2.390448,1.3640218,1.865211
2444,train_images/d66b6f333dc7.png,20de3d136126fe63ed950e3870ea228ca09b41439ab301c81cdd1160e71bdb87,2444,1,1,0.63098145,3.6356983,1.4125669,-4.569507,-0.804122
2450,train_images/58059e73d2d4.png,d20236c14731362d5d478994affd90031b143f6a21b7c28cb320aba887813a61,2450,0,0,7.7628956,1.473238,-1.6005895,-3.2585087,-3.8587599
2453,train_images/d66ccb75ada1.png,ce60ed83d441171ce046727900c568e1dafa98d74aa87d9cdf6fccec7550497f,2453,1,2,-2.785221,1.2305717,1.6418749,0.48337507,-0.3921013
2458,train_images/a646c084928c.png,d22990e0f7fb56e7cea0b7cace1a69315fe8781702b8d61dbfb93b2ae208e7b0,2458,0,0,3.5594578,2.2347488,0.16894543,-4.079809,-1.5273519
2461,train_images/6d5a8362dd1e.png,4fe42d9da3a2442f498b4c7d9da482ff16a7dce436ca3d5963dd17b62719b172,2461,0,0,5.787346,1.5815372,0.067578554,-4.4067726,-2.4711363
2470,train_images/d868acdccb5b.png,1435a0b2fa02c68ab1a75a0df609cfc3413de86d39f6e210199f02821e76cc11,2470,3,2,-5.46776,2.3800411,2.5437007,0.23105693,0.3236704
2476,train_images/e580676516b0.png,a0864f503de991468b53943aa937a6c58521f7bd98862dd9c5d46c31435b2b80,2476,1,2,-1.5643463,1.6204929,2.301518,-0.84453034,-1.3122292
2484,train_images/535682537302.png,4681f5b794d3e945a408c494d02d26997c5ee7b6d102bd2105520f3e643ec269,2484,0,0,6.881962,1.6456051,-0.4885261,-4.9645834,-2.611169
2488,train_images/a247961a5cd9.png,536e4b24cde8b4f789768111c14e75f0514f6b99c127955990e6994f2794650a,2488,0,0,3.0968208,1.719759,0.5119792,-3.775863,-1.1964836
2492,train_images/e4210e7fe587.png,bf04e3b43b2e6eb4a6fe81b2b89781951b950456ba1513f25126e6c621f6cda5,2492,3,3,-4.3471584,0.9598961,1.8742807,2.21312,-0.5946026
2498,train_images/cb0cc98d7e35.png,9e95768d42b3d79a0d6a26fbe00d0835a8d3c568a95d652db9f27d95877e9b6b,2498,0,1,-0.27341843,2.105568,0.53195035,-2.71165,0.6147766
2505,train_images/ead23cc922ed.png,1fa24390ae066516e0117c1a9f493e5023273e8050efed4498bf80880fb68ef0,2505,1,1,-1.8556938,5.6039333,2.0034397,-4.513174,-1.0333085
2508,train_images/1632c4311fc9.png,3bac7a949ac4807094cf5900b2355bb15ffa3c40fa8b97291c271ccf2cc4e383,1468,2,2,-4.835535,1.4540806,2.944737,0.14469302,0.37444878
2512,train_images/9f935fb38440.png,7f9493e9813c4c4dae992e2c16f48bc7a2da92837f148087c22e6abdfbc7f3a1,2512,0,0,7.451989,0.7543907,-1.2925928,-3.0229847,-3.3627472
2514,train_images/77a9538b8362.png,f7b42e43e4e8cff395759bcc92fcb72b9e7768d178d8a3931bf0f2eeca264e80,1871,1,1,-1.208622,2.7586842,0.97200894,-2.1161516,-0.17642689
2520,train_images/03a7f4a5786f.png,e9b48aa4e591398e31a6092e5b072e2111cdce41a39681fd3acc5452a9752d46,2520,4,1,-1.9381924,1.2477188,0.6752212,0.07835579,0.16025305
2525,train_images/c5ad60521f8c.png,2904ea3440968f94244d8f9b567160bef53b442083a0e3424e15b73de42a2f9b,2525,2,2,-3.5665035,2.2473087,3.1411765,-1.3105401,-0.39056587
2530,train_images/78937523f7a8.png,66c3f988307dd066d583872f7cc792a5ea95062e9a7121f927b4e444788b849e,2530,0,0,6.7172203,1.9887028,-1.4154651,-2.9174652,-3.888379
2539,train_images/05e9126dfa5c.png,23cb8b68e955d4589b52ace5dc8babfa55d902e79dff3d1d2b67fa9a8b0fc455,2539,0,0,5.7606735,2.2010136,-0.31589723,-4.3926425,-2.8382366
2543,train_images/c013e869acce.png,9c6d3990012804b205d6afa0840342d44a0f650d1bba78209bec57297b06f056,2543,0,0,6.965147,0.8767967,-1.3873496,-2.3718646,-3.5875661
2547,train_images/26463a5fb949.png,f90b8c02ec6eeca37a4808671393604b9feba0c325e763c36d36a04b5377bdd2,2547,4,4,-3.3466358,-3.9915485,-0.09656525,1.9487064,5.5476117
2550,train_images/1d74c4713e21.png,cb09ba42819479c358ef89bd8a3b8e37dd43a21d8b847f9840771d57020c1e29,2550,0,0,7.7760115,1.4646568,-1.5392909,-3.145745,-4.0105243
2554,train_images/f952ad2e4356.png,c18ed220230d668a72fc008b079e713ec8a4348293eeeea6eb9269e31dd82237,2554,0,0,5.593441,1.614193,-0.4079802,-2.820386,-3.513276
2559,train_images/e59c5f345bb0.png,bee07f0075bcae99f3a3915bdc6d12097c756bc0dbac9ec2dbdbc03e5958d16c,2559,0,0,5.901228,1.3498592,-0.7866087,-3.7755814,-2.2599285
2570,train_images/0a74c92e287c.png,807e76ff4ad3067390d72f257bf90049d7ce7c117e1defa5a20a1069607dcd4a,2570,0,0,7.1740046,2.4965382,-1.3505661,-4.143939,-3.6380153
2577,train_images/0fc6829da85b.png,4c0cd5bc6340a23ce975d7dfc5cde3e26e2b4b550a1e675b237d1951efdff401,2577,0,0,4.1092644,1.2075138,0.1663369,-3.0473895,-1.9432867
2584,train_images/13d411c85ffd.png,1aeac068cc13f2fd28aa29cb9d94a5d20ce0994732899dac1c15b728153b2a0a,2584,0,0,4.844166,1.2784462,-0.24335563,-4.0034704,-1.4734743
2586,train_images/1608c82a263f.png,f09fd3054fbd413d7b2a94eebf5cfd4c0499c648e577e42410e76f16143be454,2586,0,0,4.272972,1.9793797,0.65176696,-3.6308498,-2.7750554
2590,train_images/186c1835eec5.png,6a89b1b6bf7846e331c42106e418383787b59742192a5a4ea3b9efb927b772db,2590,0,0,6.61187,2.1759167,-0.8412125,-4.815048,-2.6773612
2594,train_images/1e036f2e7095.png,9a2ff11b2e3236856e387348ab688ca575923f3079a8c6f725d7984c5d554658,2594,0,0,6.5485725,1.5636349,-0.6966729,-4.393588,-2.496921
2598,train_images/1f9ccda4ddf2.png,81197b02854ad5114cd8fcc05ced00d09d9ec3a2c24e2c1653f3ec6beab321ed,2598,0,0,6.4456663,1.291954,-1.0566008,-2.5626488,-3.6321201
2599,train_images/20f86e068276.png,1c9d3821510aec59a3aee72f7cfa1216b3ae3bf94add4d5a2351e1a4f37b5f0b,2599,0,0,6.6006565,-0.44730377,-0.7128911,-3.0775354,-1.8050385
2610,train_images/2a4520f1f9a3.png,7abd11aa3292e93b884a63d89a216148e5b2a545c2a648efbb0e940b1c93df98,2610,0,0,6.7807693,1.9181252,-0.7711253,-4.7488832,-2.7152529
2617,train_images/33d72035c27a.png,cbdd5fd488c8974786221459762fd9da1e04c3891771a78f9f5013d2d3cfdd4a,2617,0,0,7.2239723,1.3737831,-0.9659512,-3.659749,-3.4775805
2620,train_images/3823acc4e464.png,8bf9f1839db274e51cec26e7afd82af43c1b9041a1acabfad0043fe55616c1c4,2620,0,0,6.9661407,1.7471809,-1.2228978,-3.1778889,-3.802841
2625,train_images/3c42512c81e0.png,459d882e7c8e82bfced3a8e51e9e6b89b7bc8ead9a6e0691e84a86b5c1ae0abf,2625,0,0,5.0407333,1.9530983,0.033608437,-4.8611116,-1.7593844
2629,train_images/4145dcb25053.png,0d7c5dbfa44dfde7b06278b9fe269c09d7b7e8742075b3a60eb9b7e633d3441e,2629,0,0,7.069991,0.9149418,-1.2629519,-2.6497297,-3.571824
2636,train_images/44976c3b11a6.png,b36397166d3c79fdede42cd4230f5721e8f22ca7463d4650018c845dc06d88d4,2636,0,0,3.7317524,3.2879333,0.14102912,-3.983983,-2.7148683
2638,train_images/462937ece243.png,dc72dfb19202e8e6462a8754e7683a5bbaa2065854b11c5424c2f52a724a7a2c,2638,0,0,3.100132,0.51719856,0.43156064,-3.702122,-0.041166782
2643,train_images/4b6895d0cf8d.png,9d305607fc33bab56a1767d972e06a99d3570541d072ddfbc84f347d3e4f9a1b,2643,0,0,4.9619503,1.1923084,-0.8650992,-3.1636133,-1.6445608
2649,train_images/4dd7b322f342.png,1cf62edd6f2339556da3f0267399a73de367483bf53b18ee3d83ac6df3392612,2649,0,0,1.8570709,0.69589615,0.44580233,-1.8602057,-0.79132605
2653,train_images/51af8a689511.png,70153b2a2dd39d932040b7553e4d7b7b73673c32590ed4de8f803391a9c3c66c,2653,0,0,4.6948586,2.237831,-0.17682946,-4.2306323,-2.1141465
2659,train_images/57db4781e7ec.png,9eb739439eacb824c513288d9d48387b7067501200dd6b13b8b761475b71c358,2659,0,0,4.4487,1.6764126,0.05838597,-4.749357,-1.0624299
2662,train_images/5ba156a35ff2.png,c04adb3eda8ae23fd977e68fab0db3ddb952b6255b1d3638c1db05319c2e0f43,2662,0,0,5.7637005,1.7373734,-0.39050496,-4.352557,-2.3189662
2666,train_images/5de4615a5161.png,50b257593ce23b39d1cc3df0cea5d46856838c471c5ab44bdbaab6836c3b7db4,2666,0,0,5.7250957,1.6676998,-0.5302458,-4.258187,-2.1547651
2670,train_images/65a7fe9482fe.png,b4c4d3869bf9676f53384e5c1906172e76cf39f7d8ded643d0e988f1b340976e,2670,0,0,5.5896873,1.891386,-0.66880894,-4.297079,-2.0745873
2677,train_images/6b664ed2a938.png,b9607aebe4cc3b3c55a7388db466564bd10493353709ec810da9e0e2d5788d4c,2677,0,0,5.168316,0.29444504,-1.1203821,-1.3983943,-2.527048
2683,train_images/6de39b94f634.png,901e34123bbfb88bbc874128a0fe626f0f93700a7373cce2419b9603cbbe5741,2683,0,0,6.422804,2.0692387,-1.2041109,-2.807376,-4.007928
2687,train_images/76095c338728.png,9cd1d0a7945e5ffae02e5f793c7f06a915eb63af78f7de78a2233153443ac027,2687,0,0,5.504444,2.2902813,-0.20026076,-4.2990885,-2.85356
2694,train_images/7ccf9d25dc48.png,aa45289833237a549ca794402632449aa9d12728304369eca3271e2c3cd3038c,2694,0,0,4.833063,1.3005867,-0.33743918,-3.7414155,-1.6416922
2698,train_images/7fc3a8bb40de.png,26744d8b9b1cdc2ecd87904b468631a45e5070088ebd7c853e03e97ed456c8cc,2698,0,0,6.6471443,2.3265362,-0.87778616,-4.441688,-3.185941
2701,train_images/830e297965a1.png,743aafbbca1d21e6118721d16993a7ddb1bed025d6fc9764c8dcecb3eb435813,2701,0,0,6.297452,1.695673,-1.1922872,-2.4807827,-3.8686948
2706,train_images/86d58f850a0c.png,6a19685a30aefe0159de595005c5d6c3a6e155a25faa5ef2e0547b16e6b1ae39,2706,0,0,5.1215935,1.6484165,-0.96084166,-3.4769833,-1.8472071
2713,train_images/8d9516ea3587.png,4d524cf92ee0a0745c91a8068d0047a9f440738b0455e46510b79ca4e1754e35,2713,0,0,6.153735,2.1523743,-0.49777675,-4.907261,-2.4521925
2717,train_images/912fbe06407e.png,25f9f48a21a584b8d80f14307620e6cdda28deb2987a314bb5eb59fae1852bed,2717,0,0,6.159107,2.2806816,-0.26491332,-4.729656,-3.0024917
2726,train_images/9c514d2d5b3f.png,7e78bc19fc9a169d34a34d4c5c323a27bde8887534cb63be6d5043af8033868d,2726,0,0,6.3653717,2.4387798,-0.6888411,-5.1220403,-2.5314023
2728,train_images/a0b7ad98df57.png,e934b49c17c7e82308e5bb66ca9624f30415a9e4594a8ba73e4e8819b7118bf6,2728,0,0,5.985092,2.0556488,-0.60359526,-4.6928654,-2.2877386
2734,train_images/a45c30da0c72.png,5b5c046fce9f7c267b47a87c068f167865155d2fb597fc6f2387b81315fb9dfd,2734,0,0,6.044957,2.1316757,-0.98948956,-3.9796782,-2.6696308
2742,train_images/a95d9d61ddd4.png,5ce2b9ceff5d7ce64f96710a85e0ac9620d629ddd28a255e071a31569619469f,2742,0,0,5.9416103,1.6140461,-0.23019874,-5.0155373,-1.8370893
2746,train_images/ab32db41c409.png,ec3a44db00b5e457579ab77d6567575a1fb191e895e31ad99e1d670f3ec1ff7b,2746,0,0,6.478863,1.6272697,-1.0165055,-4.0866623,-2.4359848
2750,train_images/ae58ccb5905e.png,cfdd3bf814f3a7727d113e4ea067194a26f36fa05232611993eab7cd320d1261,2750,0,0,5.325453,1.9268837,-0.51985836,-4.283843,-2.0359
2751,train_images/ae5d31979f19.png,f76e74060a8e037f12cafaf4b4801229db667a0996249c1d9aa7a4ee58321d9c,2751,0,1,3.0769196,4.052025,0.09473503,-4.234435,-2.5209248
2759,train_images/b8e20c076b03.png,c2b98c9dfd37d23294ac3b352c1eebd1796bbefdc259c37ec3b1962ed76ad485,2759,0,0,4.9421864,1.3552456,0.029980302,-3.633891,-2.1986406
2761,train_images/bc7bf19b84e3.png,7b92754296175d4376ca239912957e153fc22dc2d80d9bc48ed3e5ea28e0abc0,2761,0,0,5.8413754,1.9781895,-0.63745475,-4.7352033,-2.000075
2767,train_images/bfa30ebf63a8.png,61929d5c5ade358f6022e0f5f6423e1e40f9c35e3f56e218f9c6e3bbd950cff1,2767,0,0,4.176237,1.9139576,0.10405481,-4.564696,-1.247108
2772,train_images/c3789c1dab96.png,f705fc3f207e7d35e4ac879e91ebf287e49a04c6e4fd99efba6665849c81ed5d,2772,0,0,5.8670025,1.3407192,-0.7394018,-2.656043,-3.3754172
2773,train_images/c3b15bf9b4bc.png,42d1a892a02970423da1b70f78abb3a58f2610bcb2cac6efdf6cc5d6104e3470,2773,0,0,8.4417305,0.9127674,-1.3567481,-3.6120205,-3.85781
2781,train_images/cbc23af521f3.png,ae24a88d81fc755f139e6de7528751e4535ec16f1fa6204cf6cfb4d39adf458f,2781,0,0,4.4051037,1.9416618,-0.32318008,-2.2298417,-3.4146943
2783,train_images/cd563556cb57.png,d2e9bf7c5e2701313e30a6ff8387c4162e0c07f2a575a0d7cf481d88d0c9d73d,2783,0,0,5.0957165,2.3410778,-0.72561026,-3.8042603,-2.4375293
2788,train_images/d56d32a1d62d.png,d233e28fbde515f4626f4feef8c067570e29fa6ba20b6ff38ef3ac4f6fcb5a28,2788,0,0,8.102203,0.9761944,-1.4392753,-3.6032562,-3.4833972
2790,train_images/d69698f838db.png,09c0e09f106bb3306c44f5b0638332aeeb34a28e4130a1b7e532f2f0fd6ce33a,2790,0,0,6.420521,2.3703327,-0.90933895,-4.9966793,-2.4154813
2793,train_images/d871895742b1.png,5c1800cbc263555bfc031c7b3866ee68466f692969aaef97027ab7df236817ff,2793,0,0,7.017312,0.32551956,-0.04412377,-3.9945846,-2.711834
2798,train_images/de18071c36e6.png,2efff097b267474f93861113d71fd78bc206800ee548024db1d8fee22ce75f5c,2798,0,0,6.5891914,1.9651203,-0.848073,-3.1274436,-4.082622
2804,train_images/e2c39ed0c941.png,66ee2d53be1ccfde2d8d6ac7d4b203fcc8578562bf358fa75c691ddde28b2724,2804,0,0,5.0997276,2.071743,-0.20299065,-4.4031262,-2.138972
2813,train_images/e9f3c85a2a02.png,c1639eb0deac9fe9732abf1bf5be46826186a81a28c968c2dc139f9c1b48de81,2813,0,0,6.754842,1.771141,-1.0493314,-4.424538,-2.5957587
2815,train_images/eda29a9d78f3.png,233e08243fb20c5ecfef51915acf958772e1a1857b7050355384fec451fcce6f,2815,0,0,5.769926,2.1125374,-0.50460434,-4.455377,-2.4736304
2820,train_images/f56ff0440ed1.png,ccf0ff1ed73d0dcbbd5f194a248f2909b5786f083a304ab9c60300a311bb0a3c,2820,0,0,3.7497864,1.6177979,0.6376278,-2.8019364,-2.7403607
2826,train_images/f994a3b07935.png,7290825249ef78aa58f4607346db4a1114169580ffd6adc502afda3a60ea3553,2826,0,0,5.3540916,1.9244843,-0.37138963,-4.8155694,-1.6617496
2832,train_images/0124dffecf29.png,9a26f92bda73ea24a6e64f7389cf956b6ee086b09e6d099739394a00c065e871,2832,1,1,1.2924137,3.0093765,1.0658144,-4.01721,-1.0062084
2837,train_images/1116271db4ea.png,37a1694d57246c5e9cf938c900ea47587450ddad89c0e68f604fc563f34602e6,2837,1,1,-3.1217995,2.695055,1.7943621,-0.62168884,-0.58751297
2844,train_images/274f5029189b.png,ec3308cee508323eb2fc2a7197f724baddf767d1f0f43284aaacfcfb9bb44eed,2844,1,1,-0.9943409,3.4147186,0.8416819,-1.452207,-1.5759017
2851,train_images/4da2961e62fe.png,99400ad7d86d70d264537a999a784aa645cdab8005f72ce2a09f5101f8192564,2851,1,1,-0.63329315,3.3264408,0.3937354,-2.251776,-0.51355505
2857,train_images/5b068765e846.png,89fe53f94c80ca0deefa016301e9f0053a49f536b87dca80b1e3fde712c6f97c,2857,1,1,0.4576416,3.5463257,0.78050786,-2.3944097,-2.0619156
2871,train_images/a2696f444ecb.png,0364bb4b667cf909088e64a0032689c8582cd3093d34632f68bd42005c86587b,2871,1,1,-3.4412727,1.5449181,1.1671035,-0.5332514,1.3733206
2875,train_images/c1e6fa1ad314.png,1548c4ebcb2c2614e8774a88b085e89f73706c6e851bee7f45da5a528deea1ce,2875,1,4,-3.779686,1.3529015,0.48162246,-0.570099,2.623571
2881,train_images/db4ed1e07aa3.png,fd0a65669f496c50bf9e8f4a05ef85c92a9ba461ff4fdda480b7131edd980916,2881,1,1,-1.0533466,3.484993,0.24968183,-2.5289404,0.11969614
2883,train_images/e25ccfe38e44.png,e928b53eeee5064c4b8865ad2685f88948b8c5573d33226f7bba70976d8b699c,2883,1,0,3.2813835,3.187683,0.18429494,-3.975328,-2.2266707
2888,train_images/0415fc68b176.png,72967be3d1d110decb54ba657ff84ce6fbe37d8155ac4b562be5e3429b36cb51,2888,2,2,-3.065878,0.7790203,1.6450859,0.21251965,0.57898283
2894,train_images/0dbaa09a458c.png,4ea48a7ee77ecae6d22e6513102d830868ac7cd5ca167d4d5e44f01353369512,2894,2,2,-4.019123,1.9830189,2.7576642,0.4890995,-1.1043162
2898,train_images/1c578b72d7b3.png,4b12ad344f3037785a20eb68a7a906bb17529d08812be49c79c5bf004fcb22bb,2898,2,2,-4.651514,2.3500519,2.7159235,-0.15656042,-0.1842699
2907,train_images/23fca0693e2a.png,532267f98752b747679c5d89f7019fe92398737988e28cd7c8545c4c3b0e1989,2907,2,4,-5.0497684,-0.9327774,0.7501134,2.3487172,2.963554
2914,train_images/2f9b66784109.png,66f6ab81877a8cc3c94f8d9a455a78396eee14102d270774cea0885a869ff61f,2914,2,2,-4.217022,-0.5988102,3.9331644,0.062419295,0.878109
2917,train_images/3d663a6a50a3.png,ac74945843069e72ae506983f2e13c14ec7f11d05088b50e2e455c59b27ff00d,2917,2,2,-5.917013,1.1897488,3.3370156,0.052988052,1.3821435
2920,train_images/44e0d56e9d42.png,63c54179496bf584617971adb83d6ea2e78a2fabbb8c796cbbff1aee89b1365f,2920,2,2,-2.994835,2.0017738,2.3171015,-1.2568698,0.11941481
2924,train_images/4c52922f3bfd.png,c00242f1972fa9d840b29cdadd02f5006e7cfa770e7559295a39f6b3bda96752,2924,2,1,-3.3814278,2.8821964,1.4419624,-0.65581346,-0.14849234
2930,train_images/523d0c2cb4d6.png,8c619ed2a73623a92282a60dbd5cbfa07daa10f2775757a2610d078fd80ee28d,2930,2,3,-6.834202,-0.8485403,2.6406,2.6457782,2.3769264
2934,train_images/58529a8638d0.png,fd681145b57fae00cc5aa2a34a3545737786d9fcb5dd779afe65efd0921f6d7a,2934,2,2,-5.3993397,0.615036,2.504066,0.9358015,1.3834429
2941,train_images/62e6f814c8f5.png,15bb222b1acfd82e3cf510e9a9cd734d2498f9550ae0f8527bc7d5a3e51b8107,2941,2,2,-4.885355,1.7332554,2.6760874,0.60660076,-0.06129408
2949,train_images/75a7bc945b7d.png,bfc613e558e72c471587f66c637a5d973657a9d1891816994d85abb7653b338f,2949,2,1,-5.474312,2.9882584,2.6076303,0.109464884,-0.15755558
2951,train_images/7877be80901c.png,5a379ff8279af2a2c430db3976a33dca04a9c3e9b763cbb5a1350c43c8657449,2060,2,2,-6.031704,0.69405746,2.543541,0.9857631,1.8101435
2952,train_images/79059d0592c4.png,b829f12b1b458de9e33efa693109059d40e482993551495096d738d060dae4b0,2952,2,2,-2.9436226,2.1948051,3.6236215,-2.2027948,-0.51348066
2956,train_images/7e6e90a93aa5.png,556ddfbabdadf5124cc8fa38226b20efe6a49b2cf37a5366ff9669227d617398,2956,2,1,-2.7644157,2.60116,1.9605443,-1.3192134,-0.31142426
2961,train_images/840527bc6628.png,1dad7cbc33426f0db3af5629ebc9e043ccd133b59290c047f274e3a625f55eed,1235,2,2,-6.319376,1.2273273,3.1894975,0.41154122,1.504168
2962,train_images/842d697884f6.png,cb3c3dbba6d49637a33c9d1356398fbc48e33dd8862fa2eb890c76ae367d8e93,2962,2,2,-2.5168571,0.9361572,2.7200763,-0.85370755,-0.16856337
2970,train_images/913b1890ed1e.png,74cf3dcdc520dc1ccff6ad0be9cb4851de3ada5d7150ebd26571b2d30a91d464,2970,2,2,-3.345869,1.2279968,2.3401427,-0.2796514,0.20104885
2972,train_images/92d8a7c8e718.png,dd3a99265a895e6c460896c3ac753274b28c86491a4e47d7983985eb2ee8c989,2972,2,2,-4.23728,1.3338547,2.9825954,0.77250504,-0.7622714
2975,train_images/9a4f370d341b.png,c27ea2913e6311e48e07573df3b7976684aa0b2754e1491ba1be67a9f3375db0,2975,2,2,-5.717722,1.1297188,2.3481386,0.8173475,1.4392486
2981,train_images/9eaac43744f5.png,2bb54f5019aa8a847042bd50f0cc359218bb00a58a38c780e2226fe23f091e55,2981,2,2,-4.211773,1.77948,3.0222793,-0.9503243,0.48379707
2986,train_images/a688f20f8895.png,709608ed15add691b74215c2956e9f63d8c95f993a403ddf5c0dbc9795ea7d5c,2986,2,1,-3.0337486,2.9956665,1.9798224,-2.5658836,0.8158908
2991,train_images/abf0f56c6f12.png,8262102e824a3276feeeaa269f1a070a39953dd0e498a38e9bd3cc6aedd94a61,2991,2,2,-2.6673775,2.3474693,3.2702599,-2.853516,0.09819174
2993,train_images/ae1344610ebe.png,41fdbbc4a55819dc14251495c37ac915161f383cd6db24c27090377fccdf48c5,2993,2,2,-5.4335575,1.1039772,4.4301367,0.31815362,-0.3882103
3000,train_images/b91ef82e723a.png,0034a93aead4bd2b86b2db0017afab72c0abc6d0d5338ec2300eee7936b2af75,3000,2,4,-4.7877026,-0.69436264,1.6231312,1.868506,2.0336294
3006,train_images/c48ae5da188e.png,2b6429ede5288b45322479ad1f67bd4839803f6941e78a7bee200b410c87e1da,3006,2,2,-5.9489784,1.2293968,3.1429782,0.6794126,0.9039388
3013,train_images/d473f6fafba0.png,d693094809173e1852d7d2c9775e74610de89d31de828423e748352c5c0bed47,3013,2,1,-4.6887207,3.5344334,1.9326754,-0.15962195,-0.4952178
3016,train_images/d88806d9ece9.png,70ed44fdfcb5f53e971aec3e40f62f23884a1fa5e237c7b41f958189a25c81a3,3016,2,2,-2.241394,0.87205124,3.3876376,-1.7095182,-0.17782164
3025,train_images/e2161692a0b4.png,31a4cffefc0b6991480608ad70fa2dbf8a53450249227ae6a2001c013310f3a6,3025,2,2,-4.458578,-0.003927231,2.5011506,2.013831,0.035452366
3028,train_images/e85d410d6836.png,e3796ace1dc45bd9ce4c1ceffb68a7cb2e3448505f646777cd9c64f5cdccd5e7,3028,2,2,-4.011879,1.4336567,2.8058224,0.47710824,-0.6150818
3038,train_images/0edadb2aa127.png,463631a7c5aeed5d61f2fa8cf01c95aebf1aa14409647fe894171773cc84fbf1,3038,3,3,-7.4411755,-1.9824858,2.812739,4.0879903,2.44549
3045,train_images/51da6aebba8f.png,f496ed133f0c1f50acca7bff86cf6d44bef66e28c8be2b510f17071f473ec8ac,3045,3,3,-5.8884964,-2.3093967,3.081459,3.137403,1.9742222
3050,train_images/90b8bf342032.png,25e488b9f490c37721be0ca62ec761341aab4c07a7919e555713d38d655ee316,3050,3,3,-6.884865,-0.84246063,2.0660193,3.9238377,1.6685519
3058,train_images/b960142a8de7.png,d8c8ebeba594b3b20bc43c46ad9f9fbb64daf7c15f17a2ff8eb9ff6e8c3b2533,3058,3,4,-4.7945347,-1.7880106,-0.9135082,3.4097104,4.0564303
3064,train_images/187f6ccda87a.png,9099af13c4ba7cf731377769a4d5599518c28810592ef614d4238625c5ed03fb,3064,4,3,-7.004156,-1.7574272,2.2509465,3.601831,2.8559794
3065,train_images/1efa5d443707.png,8f563d28aa1e878e03306b7315996404f25157692501c06e76229137bd35f13c,3065,4,4,-7.531023,-1.5091667,2.1261895,3.2282782,3.6372523
3072,train_images/3b232b394e4f.png,6a6d8a6717d39f42d22c0532a192d0d79da0a42f3c9c14b7aeaea7bca108ad5a,3072,4,4,-3.4490738,-3.479745,-0.6519599,2.0844529,5.562795
3073,train_images/3c78bfca247b.png,2508d23d4a1c85fc7c28810e31acca98663a6bf7aadcc6705470f803b814385a,3073,4,4,-6.0425186,-1.4623194,2.2972095,1.4684179,3.6771865
3079,train_images/6f923b60934b.png,d627a4419a5e990ccd193f4ff41a63e553ca67d0f8a32e64540517419cffa91f,3079,4,1,-0.8552265,4.039669,1.3431609,-2.6945205,-1.5471015
3086,train_images/9859e2a6cc24.png,90e3f8038d9f4c6459d2566f2fedf64b9a1ae61a27578c8fff982ce560f5bd1f,3086,4,2,-2.41008,0.13746071,1.6282829,-0.3391062,1.0854931
3089,train_images/a76b69e443ce.png,24a8632bc63b456b143b5e6fdceb903833e646b82c848bc4976ac20aab9e5cbb,3089,4,2,-0.6686611,-1.3682489,1.9085855,-0.55357885,0.9301839
3097,train_images/d2901144070c.png,5811f8f5bc36e7c2f560a6c90d798e2c47686da7d14550161cabaf4ce40fdf5d,3097,4,4,-2.6023178,0.98353195,0.36855197,-0.889256,2.3350983
3100,train_images/e037643244b7.png,c87eeeea3392ba1c66ff3df64cce02b2c05616d6591ed179f1ee7fdb362ad6c4,1072,4,4,-4.883486,0.06383705,1.3000872,1.1186638,2.436926
3102,train_images/e9ab8413e771.png,53ac0e4ed4406febe4b4499e517a9f5bf4da77b691c098949c54d05df0af1125,3102,4,1,-0.80181694,0.8060932,0.62078744,-0.31199312,-0.044161797
3104,train_images/ed3a0fc5b546.png,fa3754e0186a17cbf81ffccd74120c7f10cb56b7092a56b6f0717cebcbdb8a4c,3104,4,4,-5.860071,-2.3004236,-0.77091694,2.919116,5.9257474
3109,train_images/014508ccb9cb.png,ebdee3c68b4102f1ccd72d44b6632315b7a7da427d9c5a2d735a2577fc7b1f13,3109,0,0,5.0233364,1.1605587,-0.71503043,-3.1377254,-1.8525729
3115,train_images/08ee569d4721.png,de247ce2609e5136e0cdd352f932ba99c26059057a32559d7abf625c6aefcce7,3115,0,0,4.9996414,1.9948788,-0.32311118,-4.4485106,-1.8035142
3118,train_images/0a85a1e8f9e9.png,9e7d5c6391e40c92330984b307fe1e1b463eee6c4f92e746889c20dd98d5a76a,3118,0,0,3.1498528,0.3223915,0.47685373,-2.1552145,-1.3349094
3123,train_images/12b57dac703e.png,156a9980cc878108d0f425c69c40ab056a64e8c0a773dff8f000f9afdebe1d52,3123,0,0,3.1389923,1.302681,0.23228383,-2.252676,-1.9937081
3130,train_images/1782142e17d9.png,c99ce3ae4c67d46b4c86ec5462cc3417dd10f1af5a194d512d5ac1fc419398fd,3130,0,0,6.3985376,2.0875206,-0.4575925,-4.9297705,-2.6489053
3135,train_images/1c7a013eeba7.png,535fcc8e19f825d19ef4532714fa362b765c6e5b6fe003cb4726a7d09dcd022e,3135,0,0,6.4303255,2.322092,-0.6478801,-5.172383,-2.4801557
3137,train_images/1d37f1c8b6d8.png,154f6213556e2a2796f2eefbe66a3cec51a48319c7b4a17c62f4a393e65a524a,3137,0,0,6.0468893,2.1738853,-0.5690136,-4.889695,-2.3129554
3141,train_images/1f3f32efaf20.png,2c15125864db18431fee8eee74758e548f990b393fda445b3a85cce118e9f15a,3141,0,0,5.629425,1.9669724,-0.49987411,-4.5697103,-2.0828066
3146,train_images/240b25a7debe.png,f95e4f9bcfb147e6465a04c7b6981956e771dd43ecfa5a729c74986ec5b6b5fb,3146,0,0,6.1865234,2.6324062,-1.3720131,-4.47857,-2.4321625
3150,train_images/289a47dcbb82.png,0725efb4cc61c86a179827b6646aac5c3120edbeaa9b3ef895bd620c52d1dcf9,3150,0,0,5.7265015,1.5407066,-0.86188674,-2.7474718,-3.1964817
3158,train_images/3325b1fe55d2.png,7177e72a9627859f0ac8332a8f0e2a43fa8d848f2a2820ce2ba08fbd22097f18,3158,0,0,4.8802147,1.2680588,-0.13286483,-4.238264,-1.3739061
3164,train_images/384e6c915722.png,e91f02df2d9ffcfd3ace5f5f0cb73a011666aee3068154a7bc1346f5acaf33d5,3164,0,0,6.754262,1.4798641,-0.55705166,-4.698017,-2.3804128
3169,train_images/436e7a7af761.png,7f941199e2188c6337acdc2b68c274c8ae334d085d3056d7ee84b82b403429f2,3169,0,0,7.737796,1.6218224,-1.5532775,-3.623084,-3.6446779
3174,train_images/4528fbbd43a3.png,06fe37a01e7b29144b9ce792dfe21152a3656c6a9ea4d40b5422d9824edaaabc,3174,0,0,4.5650387,2.3729916,-0.13622367,-3.767339,-2.5987024
3182,train_images/4bcee3cbe232.png,a857a2195a68bc0bfde29a827a40c89820f88bd9a1a6e2483ccdd6db2618a276,3182,0,0,6.4960604,2.3318481,-0.8231528,-4.866457,-2.6673846
3186,train_images/4d1e7def7624.png,ed97fe00e110dea11488e30418ea58d8c9e7078290b0d8024824ad9fc7c296ea,3186,0,0,3.8228683,-0.4794407,0.7591536,-2.329146,-1.314146
3187,train_images/4e4a6224a04e.png,8e720dc9c65bbf8e9a86b53e80ca735a95cb11eddf985976789b7f5c8e7c8ba9,3187,0,0,6.4855604,2.068184,-0.6696358,-4.6621146,-2.7747662
3194,train_images/529906ff9dfa.png,3e8c17f8574c293abf407bee6a814f3ebbf877b190a238f06348cc2549182fde,3194,0,0,5.6467724,2.897707,0.18263102,-5.104247,-3.1912532
3200,train_images/5b47043942f4.png,a107d2873fa106b489b0c5ad49abfecd254fe37aa7038a254215ad1d51d9bccf,3200,0,0,6.759527,2.0832443,-1.5077527,-2.7411914,-4.1203747
3207,train_images/683023cda6a5.png,71e8d630df3c4385cc6bf1ecc7747a4dfa3c8b669f5f60f220b8afd91927ca9f,3207,0,0,9.501707,1.58531,-2.0439794,-3.9276752,-4.5441866
3211,train_images/6d6be4cfc73f.png,5c5ceb00438abc309d36d40c1c388b75cad63b02ed9eed1073f73005b8ca7994,3211,0,0,4.5245895,0.8652172,-0.06660223,-3.188638,-1.7328546
3215,train_images/6f460f9968c7.png,221d749b2fb921dafff4d9b9b8a3e936fd4f9ea670007b673c7c552f723575d7,3215,0,0,5.982786,2.2945309,-0.59477043,-4.645316,-2.5893223
3222,train_images/757e39293591.png,f8e21ed7b1390da484d1bfeb4791b50ed812024ecc897796a2ba234931e818c3,3222,0,0,4.6215096,1.7189999,0.011842608,-4.1637383,-1.7989273
3227,train_images/7ad0c4975890.png,10f0e330ee6cbc3966c5a838e1bbcf7e7d452e2ad26d7ddb5c50cebad4730685,3227,0,1,0.90831184,3.8849812,0.76875365,-3.2254162,-2.0038483
3229,train_images/80dbeb0fdc75.png,d054c0106e53eda1eb402cdb337363292ddc549e6ca375486f1853f93d8fec9c,3229,0,0,6.6485605,1.339037,-0.5795338,-4.6040363,-2.3576784
3233,train_images/83fda7c0500b.png,7cd204f578e75c76ecc505a48ca5e3bdf4936e26f2a28ec1a52bf818e24691e8,3233,0,0,6.757927,1.3453331,-0.11588442,-4.5646305,-2.833141
3241,train_images/8be6629a6039.png,140ca16428bbb08128507f699a92036450b8b823b9fc739a76c72c9e09fbc955,3241,0,0,7.742569,0.276474,-0.90790963,-4.0488615,-2.472735
3247,train_images/969f92a390db.png,b98a1c255e72302f63ee876218f1f00c9d94a5422cad33614b021084c476ad20,3247,0,0,5.3917866,2.2034054,-0.22497356,-4.645135,-2.2933457
3252,train_images/9ac41b9a809e.png,25c34c3c6601ce47de0d46a26196f26b34311cd2e4b1bd651ef13f9d84a266c4,3252,0,0,5.4864616,2.3533897,0.10318482,-4.9782,-2.5799506
3255,train_images/9f1b14dfa14c.png,89a852a0c7e8750adceab9c812019e6b5d43b1ac92e5120a4e37fbb9e104a967,3255,0,0,6.281563,2.4698086,-0.9669726,-3.6510422,-3.6377573
3258,train_images/a07efb1ecfc0.png,fc90e55b47bd780d8d33d82d17b967f5132d35df3d8057a5d67e7cbb1b5a12a4,3258,0,0,6.6146812,1.1391354,-0.7593553,-2.9326627,-3.6158576
3266,train_images/a5bb85afc6e8.png,e0fd0dec8c386b5827e49dd7da94984357309c8f38fc5d00c793a92be5caeb06,3266,0,0,5.9557705,1.9435825,-0.55458117,-4.158309,-2.7388783
3274,train_images/ad1aa75d5630.png,6db5dec4f57a83c0f1830e6f238fa31f17e67894bea7e274932aa313abc5b9f4,3274,0,0,6.9788704,1.6653385,-0.9191494,-3.6656306,-3.5636907
3276,train_images/ad93d88c87ea.png,27ca6961d20f5424b03d89f0f0c53c4f077744ce949ead8a2b6ef45aec9ee91d,3276,0,0,6.765917,1.999979,-0.72586083,-4.782511,-2.7686255
3280,train_images/af87d48ffe01.png,b76f61ac1c995b5b4d86af449afa443467af1b3cbf2a6252dafb280815a69d89,3280,0,0,7.07749,2.2783928,-1.190387,-3.231658,-4.425577
3287,train_images/b7983cb3f270.png,ced89e727cac2514a773478f0f0f811ec6d13a580de98e7b92f894185770b480,3287,0,0,5.9616966,2.3095684,-0.8227587,-4.141184,-2.8566265
3288,train_images/b7f0bc7d399e.png,e47c26e71ba629d2f224da0b760d87116609e98c182dda31e33d1ea229d9962e,3288,0,0,6.61893,1.0994377,-0.18402576,-4.240489,-2.7217212
3293,train_images/ba4e62c11cc0.png,afb39ecd1a660eba0e19483d99248927c31e95e9deb0d6765531f332eea6bafb,3293,0,0,6.4664717,1.6280518,-0.5419853,-4.607341,-2.4756653
3302,train_images/c3c8fdda50c0.png,31deeac6868a9ea17d50fbb6abb38c21d01c9ec719ac8bacd93e2ed19faf9248,3302,0,0,6.2419825,2.6079597,-0.59080577,-4.767776,-3.0366247
3307,train_images/c85b79d70079.png,40d5bb55ae1a57957cd1224d6707539770fd25eeacd26168213ae145a11f1948,3307,0,0,2.5918503,1.908144,0.32838798,-3.9098,-0.48557997
3313,train_images/cf8ae5501bd6.png,bd979e51ca3cdd5d9c542873a77b5ad7c378ab5bc88b742af215227112f394ee,3313,0,0,5.5203857,1.7456799,-0.568341,-4.0949497,-2.16581
3318,train_images/d332d7b8a26e.png,208b86599ebeaa38d9570b667f1eb014f2c05bb0a882b8eb9ec5ed5598f9bc83,3318,0,0,5.882143,2.772068,-0.41628253,-5.0897026,-2.7094114
3319,train_images/d3dfd0a2dee6.png,8f7141d54bca095a7de08d2eae7e10120790adbbb8b2f8ca2aab55d00ea42dde,3319,0,0,5.998493,0.7634983,-1.0791593,-2.6543734,-2.5665436
3327,train_images/d9e58e4d8689.png,bf6c079f5da33f64f0788223d70231dab04eb02debf31d0a8cac44b5a423157c,3327,0,1,-2.3774776,2.0615463,1.2207153,-0.7271216,0.020041943
3333,train_images/de6210f88536.png,4b4fc255f4bde07100dbd38388e85cd8e85eb3c1345a03061f7371596f2be9d8,3333,0,0,5.798458,2.0544891,-0.5403967,-4.6184893,-2.2563078
3338,train_images/e06cccc08c59.png,3fee32dbfd05ad2888c2a72fcd1b18e8c4ac8c16562aef9460d490e2e938342e,3338,0,0,4.398691,1.6371918,-0.24450874,-3.6618812,-1.736959
3344,train_images/e5197d77ec68.png,f75f92feb9c6a8cb90fe2a939f35b233f08ca83ab2ce99b0e07f2c66b96c9107,3344,0,0,4.4762383,0.7914276,-0.70802855,-2.6310174,-1.4997203
3346,train_images/e9faf0296643.png,6cd6b3b61d9f5292e2a8c99db942b0d183ab693f1e8682332d9b09b99b17aa6a,3346,0,0,5.9907856,0.76215935,-0.47846293,-3.4320018,-2.2874146
3349,train_images/eabf421f94d0.png,fd6e9b372240828ebeb10e6e32647dd6cb038844fcf0e9bc97a26669b859f750,3349,0,0,2.8675156,1.4581127,0.7497258,-3.9050598,-0.8421688
3351,train_images/ebf4b22240f4.png,ed858cd57778dcf93f915deb5905222001bb28c6b123266c9659a6131504b511,3351,0,0,5.7221127,2.117939,-0.29958606,-4.8412657,-2.2686555
3357,train_images/f0860c21533b.png,193bbf14cc87e9dc9f842790efc99539dfcee8c463c2b741301aed5f1de53e22,3357,0,0,4.887882,1.4592857,-0.18625641,-3.4863276,-2.1617584
3362,train_images/f66c4ee86629.png,3e1c81b2861e1910288935415d86da7f652eff4b93b61de415f9f5870517c63d,3362,0,0,6.564891,1.1197948,-0.371526,-3.8431773,-2.8703134
3372,train_images/fd0a70082e7c.png,4b1c883522056b2d4b0c6c26768030a0bfc9a916c573362e95db4fad202418d6,3372,0,0,5.413677,0.76722527,-0.37412047,-4.1310787,-1.2460179
3374,train_images/fe06dad6851c.png,76aee38c40f52715983f534213af2dd2a9385588e529aeda3c1fe21788477c50,3374,0,0,6.358589,0.8971386,-1.4560483,-2.8059545,-2.5193398
3376,train_images/fefded6bf135.png,84b65b4124f35ae545c4fab22cde4f01369f5939d87804d28211ae6b15531a3f,3376,0,0,3.5579376,2.2143555,0.62502223,-3.0601807,-2.8651717
3380,train_images/0dc031c94225.png,f23addf864ad0f8503132a4e94a0615b1be00c379877b577d7a83a7c6d39b6b1,3380,1,1,-2.0543518,4.7666054,0.7598717,-2.418026,-0.8364129
3385,train_images/2f2e1949ad56.png,f61a143861b0dcff0561b7237e7daf9fa90c79780f0d51bf14a6269fdb10ca74,3385,1,1,-2.0930672,4.4302826,1.1799827,-2.290956,-1.0136929
3393,train_images/4661006f3ba6.png,27bb21e127003b1ade79501891f63f4958b5508f95459121ee42ed98012ed17f,3393,1,1,-4.157528,3.1570244,1.7255042,-0.7042924,0.09053421
3398,train_images/4fa26d065ad3.png,ce88b0ef19bd8099eb780ed43441035ccd660bd051f1b0dcb53de1d35adc7119,3398,1,1,0.0561409,2.491909,-0.3409822,-1.8525395,-0.03635788
3400,train_images/51131b48f9d4.png,6e75bc959bdb8b067e277bd45a668401e8b78125e73108c563291119b73939db,1726,1,2,-4.5154343,1.6575317,2.5936565,0.37610126,-0.009045124
3406,train_images/6c6efb6b1358.png,64ad60b1cabf6434335e433e9c0d586e9ba9e89b02fd101b527c12ad39bbc6f0,3406,1,1,-0.43562126,3.6135025,2.1353178,-2.242009,-2.8019986
3411,train_images/7ea756985353.png,a404de44d3c1b265564cf962ffed06a52cab2b548c6ed9dc01d32cc2f65b4a67,3411,1,1,-4.0180607,2.8343887,2.5368855,-0.7459531,-0.50939655
3415,train_images/94372043d55b.png,b64e7f11e5c1faf9d5b58fd79dffc209a18e9929c93a44b84fcd130bdd255e26,434,1,1,1.2794266,3.352663,0.45699227,-2.9186168,-1.837614
3419,train_images/a19ecd0a706e.png,284214c0ddcb433755d8402a694d8d8aae33de8a48730cce4663031433903fb6,3419,1,1,-2.0451298,4.1746902,1.268491,-2.7617059,-0.4468689
3424,train_images/b576c5269ad1.png,9c2108c7528b935e27b10d0cee2c55f2699ba27bac2e6fe131dc0117e0a5fec1,3424,1,1,-0.54533005,5.1655083,1.0992801,-3.817029,-1.6548703
3426,train_images/b7278b4f2448.png,08afd7981c0f2c72256ddd44ee91aa4dbf02b90eb410e066c9537db79ec13805,3426,1,1,-1.6208515,4.3178883,1.726285,-1.7571378,-2.442013
3435,train_images/fd62bd0db4f1.png,c761a84fb2675c0039e0a432494b5f606f16b5bcd7addd135c881698c0f56169,3435,1,1,0.86937904,2.2252102,0.54414,-1.9196572,-1.3817554
3438,train_images/08c17a2d95b7.png,1a004a253a616e2904bfbb6001879a384d503b1799db8d69a3d20f226f107d62,3438,2,3,-2.7672386,-2.895173,1.7298119,3.4169512,0.608747
3442,train_images/0fffa73e2402.png,b43be406157aaf1a730582ee015e2ddb48aae264de4fb98c003358b01c2d6d28,3442,2,1,-3.3450108,1.058836,0.8966761,0.49074078,1.045701
3448,train_images/18f1f979d30d.png,02e70ab6057855b59e47d51611a5a7496c2350b50ce7b1a7867368b3dbc66c05,3448,2,3,-5.3616734,0.048620224,2.3919196,2.5081348,0.45825386
3453,train_images/1f0e223b8055.png,a44a59ce6588d043cff0a7216f4003df94d5af769c7505bd0a203724e3601daa,3453,2,2,-6.2846737,0.0016880035,3.2034993,1.9587502,1.1135564
3460,train_images/26999ebc21de.png,b3a85a319b02b95f28651ef283d8ad2f28dbff1b731d9d5724024cc1f21428e5,3460,2,1,-4.4415035,3.1828136,2.493139,-0.005138397,-1.1678495
3467,train_images/2e79041ef722.png,0f001455c6b995805435d727396e2435f5058e2d7c5427326fa3d44815eb43d2,3467,2,2,-1.5017109,-1.161439,2.3794177,0.00022411346,0.5328069
3470,train_images/34723fae6475.png,16772915110867fba2c220a028245a8336aa6d55688671e924190500f8bbd53f,3470,2,1,-4.0853977,1.8640938,1.7270348,0.039143085,0.56201124
3476,train_images/3e86335bc2fd.png,fce068e3b2fea80143b55a4f4253b3bb0ee887d1f84ba67ef2abb48420437e99,656,2,2,-4.630226,0.8362751,1.8921683,0.45456314,1.5664735
3479,train_images/42b08dca9b2f.png,38e41ad33c7ed17fca15ce782fb09e9fd934b4523fafa3c15e6a0e2102891195,3479,2,2,-3.3763142,2.599739,3.347203,-1.2516191,-1.1457453
3483,train_images/467b7d9d811c.png,12773569ae779abcb67c250af85b9cc987be3c5b4fc605e30756b6aa2b57a46e,3483,2,1,-5.2524548,1.65094,1.5967528,1.2467754,0.8136835
3492,train_images/4f46d7ee61ed.png,6408248faf92d3d3b50e2c78f437f232b3eb30c849ecd74301b1f36cb08f3036,3492,2,4,-6.337755,-3.2280245,2.296873,2.9968786,4.2092414
3498,train_images/5cde55f745af.png,6e6af057db49bbaf1ed7692eda1aa7d966cc0de886e9414e558e09d92aefe9b2,3498,2,1,-3.7146664,2.7423,1.1126862,-1.3232166,1.3262796
3502,train_images/66bae1ba227f.png,6cc4f5879c117d0662bf17039db39149bbe0d131482cdec4e6de686df29124e1,3502,2,2,-4.7985325,1.1001492,1.6634707,1.3004563,0.7779627
3506,train_images/6dfd80748e72.png,0d49d34fca591a51e9377bcaa1ef34cbf4ee87c2f993742c1169a1095ec961bf,3506,2,2,-4.074669,0.9230175,1.4716859,0.981215,0.8084736
3512,train_images/77543f66a84a.png,cb01e934274d8dd99dcda6daab41971f40939cee1bc27fb300daa34fa61c9b49,3512,2,3,-5.296068,0.21102524,1.7884068,2.262566,1.0691676
3519,train_images/85cc6d636898.png,ded162698415f1498b16a57281ac86e414ca239a9e1380ea704ae6bdce8c7ce3,3519,2,1,-3.9172764,3.2577953,2.5855463,-1.2623036,-0.5100589
3520,train_images/869bbd3170cc.png,5229b9a9e86a2e837273d2ee1b8e517d7dca131e065c973396df783b09f53456,3520,2,2,-4.5607357,2.745966,2.7758577,-0.34852576,-0.54464865
3529,train_images/96c3e3db68bc.png,31e966db449659de9780b36c7333a7fd77690b3e8a800fc7c86f12e1e120af06,3529,2,2,-4.523346,-0.025848389,2.8346343,1.4939835,0.28844452
3531,train_images/98104c8c67eb.png,bfc613e558e72c471587f66c637a5d973657a9d1891816994d85abb7653b338f,2949,2,1,-5.474312,2.9882584,2.6076303,0.109464884,-0.15755558
3535,train_images/9f4132bd6ed6.png,191386487d7a4870d5b8d5639885bdd2e6d637930d1e925bae9a497b39368eb3,1323,2,2,-2.6104507,1.9523182,2.1127315,-1.1714053,-0.097229004
3537,train_images/9faad91b6578.png,a1cca9ac174c1ce4549c8dc63edd98430fa0280046b8487f45b4680738f15df4,3537,2,2,-3.5000439,1.168766,2.1201084,0.82499075,-0.5109391
3542,train_images/a3957df90a78.png,42df53a226498a4c20f810b2a77f10d9c40e73c04ea68a7e82dafaf75a2a240a,3542,2,2,-2.4462147,-0.4347353,1.6496572,0.5273242,0.8631005
3549,train_images/b402daa0864c.png,c37358d4e7c06f4fcf465413162287581d615e1d8edc6d0824c62a3334e8f8d7,3549,2,2,-6.0147552,-0.71076965,2.8969245,1.9871206,1.8615022
3552,train_images/b83a6eca125f.png,96242f78a81448b9066c0ef018d00eadf09479d4e0d58a2383a5341a61abc837,3552,2,2,-5.7248516,-1.4733543,3.1107082,1.9806256,2.1415524
3563,train_images/d6228d951958.png,84b1cafa1c7342bd1613efbf594384f8b12b22888365fdc5b685331046af9f27,3563,2,2,-4.806898,2.5849876,3.361827,-0.7058964,-0.360137
3566,train_images/d95959798b57.png,454041f3d5fff4ca2a175384664385b7896ce48b9e592a16c9f4f45a83a36c7c,3566,2,2,-4.6075897,0.9518604,2.1189933,1.1237049,0.49220133
3574,train_images/e1e490773462.png,8bcedee86e062d7f06383f27b152ad428b2f3a7f15a1712eafe0aa1ea0639af7,3574,2,2,-4.6710567,1.7307072,3.624831,-0.41626835,-0.21636677
3578,train_images/e7defafeb957.png,e21c4de862751fe683d47cb4d232e6822bed91c1cd8926a6363914bb06a8c292,3578,2,2,-2.5358982,2.6423454,2.6820636,-1.7092243,-0.9160876
3583,train_images/f3b6b7ca1eb1.png,514acf126e46e96afb1c5e4c2292a43763def6489d85de90fcf1865790499415,3583,2,2,-5.9842434,0.89871216,1.8834536,1.3960702,1.8276482
3588,train_images/1623e8e3adc4.png,bfc06d65b6dd42d5e6ab402677ed20fd207883314128dc87ed3d7faecb80c354,3588,3,2,-3.7753716,1.2125797,2.3108025,-0.7859349,1.169209
3595,train_images/50a2aef380c8.png,5a3e2c7c8f9cd6e493b2f847bbdfaa2272b7f99679f88306402b83c7f6697d5d,3595,3,4,-5.97208,-1.2645073,2.555007,2.0117176,2.6997495
3603,train_images/9bf060db8376.png,4cef06bd08181d80dd09827729f791f0a6ba5aafb1c962b168325e4747fa9d03,276,3,2,-5.870289,0.13315773,2.8871386,2.206769,0.6796379
3606,train_images/b310bd564329.png,00bf44d754fdc2d0af7f26955ef23c31ca347c7f4be3db0e4edef2d1d3ebbd78,3606,3,2,-6.1636715,-0.48211956,2.645214,1.6305058,2.3325782
3610,train_images/d16398c971e9.png,935405937e22b80c4b73b95afe6fae79cc8b9dbc86db99547fd9e73502d04b72,3610,3,3,-6.973316,-2.6917782,2.3645515,3.8882308,3.375712
3615,train_images/f080a22008be.png,388333b3e777dacf1638a1b51b727ba393edbcd00e54d824b3c67c6bc6e32440,3615,3,4,-4.789812,-1.066247,1.1196377,2.360839,2.4162936
3619,train_images/1638404f385c.png,8ea059e7be658eea6afce4bb6ebbc84d7ba8d64761d1159014b6e89da855ebb8,1861,4,2,-4.5197506,-0.7501507,2.549851,1.6325719,1.1610274
3622,train_images/2df07eb5779f.png,0034a93aead4bd2b86b2db0017afab72c0abc6d0d5338ec2300eee7936b2af75,3000,4,4,-4.7877026,-0.69436264,1.6231312,1.868506,2.0336294
3623,train_images/312694ea8e6a.png,6db66c963e7961f8ffef3d5cd2166beab7851093e4ed6be32fc691e1d7a7cfd7,3623,4,4,-7.04109,-3.6464949,0.57246083,3.599246,6.368939
3625,train_images/378963f9df22.png,30699355bd8db1414eb04a31aefc2143c0f7a16cfa91a0afb8944b590d02a144,3625,4,2,-5.749632,0.05849266,3.3497784,1.1489782,1.2430453
3630,train_images/62318d514160.png,12bd521651d85f3b1b69c02205712c3fa72b6e7134f42169e34c3d9ab4df6854,3630,4,4,-4.917906,-1.2546043,-0.8146908,2.3695383,4.6538224
3635,train_images/70d657f8f503.png,9fa8eef896b3dbc9465344480c7cfeb119ae9851c7a86027c4b820096f3ab9bf,3635,4,3,-5.174429,-3.4689283,1.6499753,3.5976582,3.3684716
3645,train_images/9a496b1e20f9.png,09b7ddab180e7cea80331f8c77b454a2846382004c19e94d92323d358bd2d020,3645,4,4,-2.5920029,-1.6870985,0.39304948,0.29646397,3.7748141
3648,train_images/ba735b286d62.png,fa3754e0186a17cbf81ffccd74120c7f10cb56b7092a56b6f0717cebcbdb8a4c,3104,4,4,-5.860071,-2.3004236,-0.77091694,2.919116,5.9257474
3649,train_images/bd9904495ccd.png,569c78dd81b72b3e155e0b5df8bedeee4d120681a1ebe399f55d19e74094cbc1,3649,4,4,-6.8768806,-0.8628464,2.8298159,1.8658345,2.9917665
3654,train_images/cb547e723a16.png,db4aa606bc77aad8a05b755c9405a6adae18ed6cf58284dfd471132e00c1bafe,3654,4,4,-5.534828,-1.7815018,0.1577251,1.1203871,6.020165
