pool_index,image,pixel_sha256,sensitivity_group,target,prediction,logit_0,logit_1,logit_2,logit_3,logit_4
0,train_images/e663c6627a95.png,da85fb2346601232e002fd8d292b32395ee82ac34c934467fd98079d41541181,0,2,2,-6.0430183,1.9035168,3.8631406,0.5094718,-1.0838866
1,train_images/475c7ded0f7a.png,2a85608f537c3a8aa19cb34f39980f226ea05222c71bc33a5c2f8f6ab0add3e1,1,2,4,-3.5794144,1.2543879,1.9687061,-2.8135543,2.4851432
3,train_images/6852f4531591.png,8a2befee3bac9304bd95b29d8a8070bfe3974129a20564d6f74184e7598ed07f,3,0,0,8.8495,1.9724884,-1.7610283,-5.380014,-3.3561454
6,train_images/4c9f0fdaaef7.png,76356f34a7575937fcb3ff653e5e5b8555d0f3e869f2f87c0a4431e7cc75d2ea,6,3,3,-6.9161816,-1.984355,1.722743,4.0523343,2.195622
13,train_images/9f1efb799b7b.png,085e34d28dda6b7a5a465ed95d8ec85304961699b69a4f9a7ed8b92bffda19b5,13,2,2,-4.936226,-0.43904972,4.694756,-0.6885867,0.56189394
16,train_images/9be71d6d7e59.png,dbb40d5e2bd6340ac3af407c1415e760edb09061aae283d1c7c9e94720edeb22,16,0,0,7.388726,1.6707954,-1.1489816,-6.0123725,-1.7083993
20,train_images/f451eee2b66b.png,5612000ca8235774433fbbba2a32024ea7e9267201662c7cc1a45a414a8a5859,20,0,0,11.177154,2.4490385,-2.6055794,-5.9277034,-4.605769
27,train_images/7d261f986bef.png,15cb74dabb417df863cdee4e9db9384b75507e47fa7f89219bde8dd58ba26ed8,27,2,2,-5.7751656,-0.62659454,2.740131,1.355191,1.4115167
32,train_images/0a38b552372d.png,8dde2a9d0777b0c171e4ae4aadd653d5860d1bc3cfaaf97e2dc28fca2a44c884,32,0,0,6.9272337,0.51630306,-0.92363834,-5.5644727,-0.8683467
37,train_images/e9ff9352ccb3.png,e2f35230990537f915259582fb4dd8abc34fffa3a3b47f30614d433e9a0ea1f7,37,1,1,-1.7613354,3.7471466,1.1681228,-1.2041228,-2.4790783
42,train_images/51cd8d2057fa.png,5fa3fa4aff9551d1b97ba3e0c941cf5ba05d3ecbe8b73eab52179b97ef53e794,42,0,0,9.83532,1.4607983,-2.4803696,-6.5999455,-1.8618755
47,train_images/6363b360aefb.png,32161dddb553ce9e7742e84b4ebcdacdb94df303ef8c3ec05fbce172d0269814,47,2,2,-8.314354,-2.7142377,3.8765082,3.062792,3.000938
53,train_images/a2163f0c2af5.png,e6f2c6e75d6a6b8b587ad70dfb0f42136e3a9fcd148d0b133784addeb9bd848a,53,0,0,11.790717,2.5285778,-1.9236755,-7.91738,-3.9801538
60,train_images/aafe980edd0c.png,63725bb156ceb903bbd3d7123f1291bc4c76c9482708d500895212a235ce229b,60,0,0,9.8000145,1.5080919,-1.869056,-6.5283093,-2.5373955
64,train_images/4c129470cec4.png,d6c5336b8aef49550270655ae4dc960226592c6a726ee42aa75930fad35e21bc,64,1,1,-1.964571,6.757393,2.8163648,-5.136648,-2.9482884
68,train_images/3732de8b416f.png,94e060ba453ed22182ef6cb23968764e6e04c9c47a10392ebcd60770d0a14f0b,68,0,0,8.575315,2.7313118,-1.3605285,-5.706442,-3.8147824
70,train_images/278aa860dffd.png,6a20c25aab24f0b886ad537fcf5bb9d558434fce0f27c7b8ebd149fd5dcccc00,70,1,1,2.7062035,5.9605293,-0.85159683,-5.782579,-2.0989876
77,train_images/fa6f3d8bb1d5.png,cfbe032b9cd42f881e13b6ce9283d3ee25a8cf891e6166e4377ea6273ec1a941,77,0,0,10.265366,1.5169144,-2.4970076,-5.4124274,-3.4392202
82,train_images/838c87c63422.png,16408926131f232702bad8b9dc6db519abfa46a0458d48ac67319358ec47fad3,82,4,4,-6.0145245,-3.006836,-0.17557812,2.5911639,5.6988244
88,train_images/b3a994760537.png,e57a307e83c22a158cad4b349c0c62fa96566f273aa4ed62f5086261e46e1392,88,0,0,10.628616,1.0724125,-2.2200055,-5.2785234,-3.764308
91,train_images/a384e688e228.png,290f6c98a8e1db30d019ee6c806029b5466f6b44a6e7e8d69505bd0d6e3b9f6d,91,0,0,9.026215,1.3500204,-1.998409,-5.6871333,-2.347612
98,train_images/79ce83c07588.png,875f7e33f052ce66187d01240da12b4b4ca0257c7834ae4efeb6da0bc1292f0f,98,1,1,-1.3518982,5.900173,0.85396814,-3.8268313,-1.9863749
99,train_images/423abbaa5fad.png,58f302ff650107f01e2a67ded84f7c8fffe2541fcaacb0777083573fd6b0e3b1,99,2,2,-7.622505,-2.549221,3.251637,3.2179992,2.6555648
106,train_images/4360a112db10.png,741e0e49d2f9d95edf5fdaa8cfb9ecaf7e7056707f555cfd5757f64cb9cc4e23,106,3,1,-2.7999,3.0932188,-0.03285265,0.97190595,-1.8327069
113,train_images/f1a761c68559.png,72cbfc507eb423acbdc97e5622ee600758feabc55cb6a1ed3c432bec9dce9825,113,2,2,-5.4727097,-0.9195385,4.2861896,0.2208935,1.053658
118,train_images/286e9981dd9b.png,1e651ed4e784a6039d809d4425c84ea52f4343f952088dd48c4ff7c5059f3961,118,0,0,7.299077,2.7093,-0.31122732,-6.113577,-3.1835566
120,train_images/3599029efeb3.png,4093878eca58e451f72527fc816faea10782fbdf336f70f758bc95d1408b2785,120,0,0,10.8975725,2.4284172,-2.7618675,-5.669904,-4.283927
123,train_images/7f1f3269f546.png,a08245dfdba67f139e0fa82ba52c6f1049439d86035a08ed6bc617c9a2b774ab,123,0,0,11.240746,1.6123171,-1.583044,-7.0559955,-3.7333174
133,train_images/6cbc3dad809c.png,efd1d94c3d605f12df09ec10367edc50642dbda4333c4e929976c577e5f772ac,133,2,2,-5.723768,0.7314472,4.528587,-0.30828524,-0.059258938
138,train_images/a4d41c495666.png,e43456489dbf400967696ad1b87b0097ecf8015f24247b79640e96c630d20987,138,2,2,-7.7432804,0.5375004,3.9606414,1.4905345,0.71732473
143,train_images/76516f828d88.png,044cd6e0c992bd15aaab1cb3f5258bc3055d539c810009bc16a7ef5dd4c296e6,143,0,0,5.1372566,-0.0651207,-0.87457657,-3.9650445,-0.24988604
144,train_images/2fefb720869a.png,4e7156e7c988429d220fa796edf42796dd2b2772051c2245aaa21b6909c07da6,144,0,0,7.5898666,1.9563789,-1.9984169,-2.990891,-4.3101215
151,train_images/90c982cc2d96.png,dde1f101244621e90086afa6870992e37a0927ec3eeff69642fa2bf43fd2f3f6,151,1,1,1.7958927,7.3244114,1.6419334,-7.0848765,-3.8005564
155,train_images/7427dedafccf.png,39d4faa1daeb02e672729ff1eb11a417b102d44f96885c0d0c6a70c62e541905,155,1,1,-3.4818459,4.685894,0.889246,-0.9777682,-1.6799455
161,train_images/274f4de2a59d.png,3fce8f9f081f1d1d919cb52c361458a7efbab56d2e411408ef8b9aa0f48f0e93,161,0,0,9.504163,1.8898287,-2.0020936,-6.0966554,-2.9175453
166,train_images/48543037d0b3.png,09a8866c8e7d43a632620799303fc287ceda911aa37d8853c05615475d7b954d,166,2,2,-5.929966,2.486434,3.7088962,-0.29153824,-0.79973555
168,train_images/7663aba8d762.png,0ca22058e1a49d8ff038ecf19f670e16c491195061195200f25c417b515b89db,168,2,2,-6.3203125,-0.06674862,2.7122407,1.4214906,1.3396945
171,train_images/cb75210abebe.png,c071b7c4140e7ff9a5a820fdbcfbdf9c271ad7f35b89626e6c7fd3f89841d730,171,2,2,-3.444086,1.6623735,3.8352532,-3.37508,0.56947947
178,train_images/52230bbef30e.png,b6f199952ab6b219a66e81b549a379af5c89a331c9a4efc4514a082d470bdf78,178,2,1,-5.6038036,3.17066,2.6777244,-0.6203482,-0.44417048
182,train_images/26d9576e8043.png,b3d5154ac882733410ef5a566f4acf9d9eafacbae5e95b9d04cf056e294099cd,182,0,0,13.299732,1.5872965,-4.391534,-4.889827,-4.884199
188,train_images/8ed586c43023.png,7bef89982d5c3a61ae938adc54201c9b84c73ada0de8454aa101abb4ec431acd,188,0,0,9.898068,2.0156536,-2.1498766,-6.4632955,-2.8979554
195,train_images/fb61230b99dd.png,8452942d0f1deca26456fde84b33f81d6d0bc5cf3067927434d994a56258e2a0,195,3,2,-7.4890347,-0.5276985,3.8860116,1.8380867,1.2472196
202,train_images/4f60129e9a5b.png,879b3522b9a7d785cd55326011776c7f46e41d45d371fa997ed1ac186ae31c67,202,2,2,-8.593592,1.3412762,5.543593,-0.43873358,0.9999337
203,train_images/92587e494d51.png,e9c6bdbf48cb24e48bec4b46ad9c6db9133a3537cdc6fe6df0565abf259c86b5,203,0,0,11.996144,0.33301544,-4.1713247,-2.978146,-4.5736256
212,train_images/f6f3ea0d2693.png,312e23e7782f1088f43ff71b2b8974312ceff12be08c8e4c146d194ba8daf94d,212,4,2,-8.606993,-3.7598362,4.362677,3.7230792,3.142387
216,train_images/a1b12fdce6c3.png,bb6d47fe3863ca6bf85bef36528de631c22a926ea3aff21beeb1ea9c41b7aec1,216,2,2,-6.267679,-0.077732086,2.8486648,1.6842874,0.91363764
221,train_images/a4b8de38eac1.png,2fd1eb23244d2619090010dcb16a906e1b69086dc10e9ff6a4737c34f83aec61,221,3,3,-4.9669743,-0.5516615,-0.72507,4.3367243,1.1183743
228,train_images/0a9ec1e99ce4.png,4578633466c8eda74ff4967d6e4b1c8eb38ca422a479d73fd431d08d3754f44d,228,2,2,-4.476055,2.91185,3.5263944,-1.1541526,-1.5654407
235,train_images/8f10e41a2f02.png,b7abe7dc3c50e32d3128ee1f786d9d2cc7015facde1473c2c5840e4416b9ef94,235,0,0,8.405415,1.7788801,-1.7014093,-6.2585664,-1.9723573
239,train_images/c1c8550508e0.png,3b26186be5348381728f79c58fe26b0bb8b31f9588df7807eff5cd00ec1f1819,239,2,2,-6.161497,0.71748924,3.0890708,0.09893036,1.3476224
247,train_images/42cc993f23a9.png,0818dfe0e591f17ff1a00f9a0a6eaacb265e4a7fb39c61701f6dba5b0188b833,247,3,2,-0.3912754,0.8527918,2.0016303,-3.5449476,0.72423077
250,train_images/a3b2e93d058b.png,201a094b95dc5b17adab0a7a21418eac1be329ff1e99ad79e2c5587cc50fdf03,250,2,2,-7.3934917,0.04601574,4.7109456,0.030906677,1.6021438
253,train_images/0b2ea8f268cf.png,ce4767ae3fca02a98c0349e837fa4247c5c91557a629df368ca00daa99b60baa,253,0,0,9.716206,2.5065117,-2.676362,-5.933093,-3.1771457
260,train_images/389552047476.png,764f7b8fe9de48e3d7a1a01e278c1f0e1e800e3b76ccba8191c11b4240a90948,260,0,0,7.8974724,1.4357367,-1.2437019,-4.949509,-2.897346
262,train_images/ec4649213ccf.png,e31a8e41dee580accbdea40ba8e70a3e47a860cf49755c97326cc591c8dd4c67,262,1,1,-4.795183,4.7650366,2.561975,-3.1675892,-0.1374054
271,train_images/8688f3d0fcaf.png,732efc7180a6ffbf206b8323fdd2214d874f2f966d80f5636833b1cf2862e35d,271,3,4,-7.1231766,-5.053575,-0.6044345,5.0948477,6.6222634
272,train_images/14515b8f19b6.png,f7a4062b28b87de188dad43b8db5e581f4ac144fed195eaef7a8744245cc358b,272,2,2,-3.1123238,2.0264425,3.3797908,-2.6600623,-0.21563339
278,train_images/e4e343eaae2a.png,db77265cee9f06464bb248697f7b4dc7a66abcca758d48c1c632b39916eda082,278,2,2,-5.6459827,1.1301374,3.8851762,-1.0174034,0.7566905
286,train_images/2fe06bedb2c4.png,04929bfa62af66b88089623760eafa265ba8b95b02872c2a6f08e90f5b88439a,286,4,4,-4.9004765,0.7241173,0.96269274,0.56131804,1.9040704
290,train_images/f3bb996b45ce.png,9ef33aa547cd3276d4b7a47f3d1ddaaadf9aac3d60a3082854592f45fca13c6c,290,0,0,10.086362,0.7327976,-2.7062051,-5.985597,-1.7634387
296,train_images/197af0de76e2.png,b5dbeb03c75dc78889179bf0580d5da5c637d341cf7be2d676e95d2af12730ca,296,0,0,8.1825075,1.3743429,-1.0998101,-5.72992,-2.4924083
302,train_images/e019b3e0f33d.png,e2de04ffb2325d6c7792b16b542ecdba49cdc43536e0756765af8e362b93b8d3,302,4,3,-9.175253,-4.430942,2.7319436,5.5816364,4.084024
307,train_images/8db2ce991101.png,868ab8a0a5d1ff89a0c091bf58e649d351c28fd4d8e9c9247ac45dcb97414488,307,4,2,-6.0564957,-0.7891035,2.1969209,1.96886,1.8162494
308,train_images/5728b8aa98ef.png,a8e2e288e172c203fba914ff35dbbb82384879d77df6a486232fa5e6bdc487c1,308,0,0,8.378724,1.6486521,-1.3958669,-5.6361623,-2.7136946
313,train_images/ee36ca728641.png,a33630d60991deaac7eaa8036e3fa5f051d95fbf8a566e8776a8cc92caa62dfb,313,0,0,10.860994,1.0141573,-3.7496395,-3.165958,-4.449958
316,train_images/484dbeb9bf2a.png,5da2858c1f71a214b2741fcd888ddade478427346adf866742faf8fea2863577,316,0,0,12.314013,0.34629536,-4.3211727,-2.767263,-4.9407253
325,train_images/fc4c2d35c6f8.png,d9d229cca676f93318e30c49b83535498a24296a494defaf23ae093715e33734,325,2,2,-5.644335,1.1239538,3.7169843,-0.7080622,0.652668
331,train_images/59fee5bc3479.png,de47634d15fdab1cd5a86a99487611fcd0af8f5e082b44b46813f5ca90656575,331,4,3,-8.150944,-2.7950053,4.0828834,4.6475124,1.1223369
337,train_images/7ce671f952be.png,b396691302cc190fc5b03b6aa897572bcfa12d1dadcb2d15e1c0ed0434d7ca46,337,0,0,9.865068,2.044116,-1.5735898,-6.581242,-3.3893657
338,train_images/5486da4273d7.png,9585ce64af838e38f9f3845d8832bb2238364f104b8bff8a52e0615a93b6b150,338,2,4,-7.6066113,-3.3946,1.9649072,3.853265,4.143621
348,train_images/5671eb95512b.png,64bcb7a926e50038e0df84a4402ecb66724229998667447fcc502788673d2dd6,348,1,4,-4.2954865,1.0831804,1.2236905,-0.623662,1.9102721
356,train_images/1e143fa3de57.png,d9693f423433ba9af946e90eb9c4ef4ca1437c9be236e3087d8decee8a86835f,356,2,2,-8.421637,-2.695117,4.0550094,3.3252926,2.6450753
359,train_images/107aea0d9289.png,3b384b5ed27cf7ed7d0a0a2165fa7ce3d849e8015d3bd6476c1b68aff3b0cf1e,359,1,1,-2.3856602,3.8045025,1.5577593,-2.3954012,-1.0836487
361,train_images/87774aafe068.png,75c6d814ee5a8c017cc0da824a260c8ddf6ff5614c8a84f2fef365a7a23e7a38,361,4,4,-8.619181,-1.9259615,1.1851006,2.6633663,5.6002593
365,train_images/0790515cf5af.png,984725cc8b48dc90e931cc485f41c65d0b553807d0368dac38e45ae27faab380,365,0,0,6.518718,1.9441624,-0.19444895,-6.12641,-1.991447
373,train_images/24f271c87e73.png,5db0a7681a997bd81b9cf7b87da9efd32341bb3c1f5d3888a4cc895d832469c4,373,0,0,8.335405,1.4012518,-2.244754,-4.244309,-2.8452983
380,train_images/8ff2733f6aef.png,91eab1ba774beba7ace53ac4ab52e3665f0b7c02b6f606dc71893527a027323d,380,2,2,-6.232807,1.2430105,3.5258412,-0.5138991,1.0277076
386,train_images/4ef16a53d899.png,29f589713a5cc80a4161fbb85c572aa642a2409177f994e3d6d5241cb7a47f70,386,0,0,12.442271,1.5293074,-3.9843633,-4.4562697,-4.9147267
392,train_images/8714d17bb6da.png,511a529b27f6d1ff9831401c96452d08b3d8df6dfa7b0282d22e16a90ec7179e,392,1,1,2.6628933,5.4264307,-0.44262552,-5.3876,-2.3609118
395,train_images/a6d45de20e4d.png,e8add7e27effa3014aaf72ecf4862bb66d95dde52a94be5bc8eac07b658baf41,395,4,4,-2.79418,-0.027069092,1.646934,-1.8102167,2.3650422
402,train_images/2d558de2cabe.png,35de64831b2e68c5ff78979b5fa45579b34599599d1a2e847e94e85f10141702,402,0,0,11.379597,0.5798397,-4.1371346,-3.370606,-3.9175253
404,train_images/a7c10ca6c117.png,7f97d4ad4b0c6ef4dadaeff9d88b2d89d7b6828935b8ab35facd6a838cca95e4,404,0,0,11.100836,2.2067986,-2.2219548,-6.340561,-4.2596965
412,train_images/fe37f4492920.png,c83fed496de3b52aad1469ce13504959b48f1230cd552fbc8be7697318f5bf96,412,2,2,-6.4396973,1.6767044,2.6594453,-0.047870636,1.2270312
417,train_images/1dfe599d12a9.png,d2f21d8746b73adbe8c4dbd551e56f1bd8ebcd35a4c579ca19af48883bcb518a,417,0,0,11.77139,1.2591181,-3.6672277,-3.2229629,-5.537095
423,train_images/357f02a779d7.png,ce01df24283db786c10428c6fb53d694ea2f3e2824f11bc1a4c437aa08ec3078,423,0,0,10.465328,1.6808252,-2.6322222,-5.7623935,-3.3096554
425,train_images/3fd7df6099e3.png,201a094b95dc5b17adab0a7a21418eac1be329ff1e99ad79e2c5587cc50fdf03,250,2,2,-7.3934917,0.04601574,4.7109456,0.030906677,1.6021438
429,train_images/d7ac4a0c9760.png,3d6b9cc13972bb9f4b3b1bfdf20f8962654f71413a3421341b18a78f1d123d3c,429,0,0,10.975918,2.6585865,-1.9020953,-7.3322167,-3.9377182
431,train_images/6a2c3f4ef329.png,4579c9f939b9dd5dff2e272ca6582648085f53af086b4aa12fca6db3d3d598a7,431,0,0,9.043445,0.7591858,-0.4887743,-5.5492425,-3.3146658
433,train_images/435d900fa7b2.png,99eee87519c0e16e6cfecc3f4b7b7f8f18a0cd2cbad97860492f2d35faa9973b,433,2,3,-7.1592445,-1.3229198,2.8210654,3.9800174,0.713223
438,train_images/68ddb15a74de.png,691e849f6f61cae2747f010506ce14448b98eee4618d38aaa66be8051d998db2,438,0,0,11.907425,2.3129587,-2.161,-7.330623,-4.1823807
445,train_images/72c31aa48e2c.png,b30f04ddb6e3dc3cd356297048203a6edec8273dc5397ec58d6e0e431c37030e,445,0,0,9.461033,2.2201824,-1.9970808,-6.284694,-3.0231218
446,train_images/a1faeb4d5f10.png,3a398944ef38f3a45059bd48d94d44b428c3c2a890b78d2d7173b2c1f25abecf,446,0,0,10.11606,2.013605,-2.0970109,-5.657302,-3.9733007
456,train_images/de57c9e9fa93.png,c2eb6a76ccbdb44b1105d0ae650a6c72a5e7405f53a978e4973516e0f704f870,456,0,0,8.119347,2.5010128,-1.071773,-5.7218795,-3.4350982
461,train_images/fb696a8e055a.png,147e6b60ad67bbbb3a78f508d2591ccf70acac1a393c3efe8b4b7613ec6247f9,461,4,4,-8.142591,-2.9817176,2.0768595,3.3858712,4.5614276
466,train_images/f36cb007a1ef.png,0c1b333c9e42819079f4dd3b8fba805519cd05a548d3f8a88e7383909e9fecc6,466,0,0,8.755032,1.1430368,-2.128393,-4.5618887,-2.902864
477,train_images/73ba798fee25.png,dd9d5b969ee982779f2b27811ae2a28244345f34cab2cf6d970c506fbf4ea85f,477,0,0,11.557854,2.723628,-2.801373,-6.2447085,-4.6958246
480,train_images/b8297a2291f5.png,87afabbdc0a8bbc05e5699b0299a10b4217c0621a267b2172d23c71becd1ee74,480,0,0,11.050247,1.1757164,-2.2555501,-5.9668565,-3.5183167
487,train_images/1bf30c84bbad.png,77e039221750789e9c9207c0238e849f47a2cc9075296c124d54fc9664d46fea,487,4,4,-3.8914337,0.10753155,-0.25311613,0.28274405,3.0460334
496,train_images/b64e1eef3d63.png,876d87fcf63a766ab5cc38ae530e6e94bbdf0ac675006408a378412524d99edc,496,0,0,10.781942,0.7136154,-3.4918704,-3.0992699,-4.4026847
501,train_images/0709652336e2.png,8f95d3bb4fbf324e859dcea6e694be177af4530938d424add3d41e77c31f3e6c,501,0,0,12.067822,0.5119295,-3.274372,-3.8684096,-4.886351
505,train_images/36ec36c301c1.png,5ae31f1a7a2499890419d0c6e275368f4c36324686c64e58ff2b7b8319c36f75,505,2,2,-3.255661,0.5892,3.399485,-1.8274221,0.44069815
508,train_images/ae2c3f6312ef.png,166c1bae54070430e62ec2c259491360958588f92797a2a5b37f854df57a904f,508,0,0,7.9673967,1.6678934,-1.8105385,-5.6324334,-1.9564662
515,train_images/929cd3867815.png,07e2da1fba9b6ae380efd9862f619cf36659a339a01f936d0d602cb5a2f96725,515,2,1,-0.9992218,1.8940058,1.5113311,-2.035567,-0.75843954
520,train_images/76fe19ff64fb.png,77466ca05fcfe0b76fe3466c08c1dce855064598ce9d42462fca09b4c6ef687b,520,2,2,-5.149555,0.54205513,2.938767,-1.8384202,2.62322
522,train_images/f025f33b2c9b.png,1397d987e28eafb5e9574fb756741b1ea787d0b54fe2db3d7f6f677fb51682c1,522,4,4,-9.448776,-5.122416,2.8792205,4.49934,5.93975
526,train_images/4eabad7948cf.png,119efcde8ab6eafd36d00f54c037e483f6ab54e261118f56c1ae545558eff20c,526,0,0,10.129161,-0.8297119,-3.3736072,-2.773427,-2.7193694
531,train_images/7a6e384a0846.png,9227558e4aebbd79af62c71b942b1441a9242c31c086af9a1f176e091f6a161e,531,3,2,-4.2141113,1.5903339,2.597427,-0.44885635,-0.19286585
536,train_images/cff262ed8f4c.png,2445341e543ad2e1b8c7422b0f91b48383448cde4c4a8aa5711247fb18a9e4f9,536,0,0,6.0238686,1.1700583,-0.61567354,-5.1043515,-1.2349896
542,train_images/a8e88d4891c4.png,794f16cb396213fba7aeb65cda607d7a8545c0ab695df0a9f4337888cf347636,542,3,3,-8.521818,-3.4824972,3.3681302,4.390501,3.125318
544,train_images/9b32e8ef0ca0.png,57d8daf10020a08edc358bea7606ff87ee9bb161beb608daa81c9060c1f14dc4,544,2,2,-7.6883373,0.6933775,3.0847669,1.3843999,1.520925
550,train_images/e0d229db881a.png,5c3eb20544053d532ad1ae8f96107591311dc047d7c1745e3896e9d2e8e5885c,550,0,0,7.5216694,1.2781925,-0.8860836,-5.487528,-2.2563267
554,train_images/282bc792d23a.png,7cc28937d65daed6fd874c014378d5ee256fd0d8ce1e184d081f88039fdca1e4,554,2,1,0.4400406,2.9263372,2.1703467,-3.9508905,-1.9212132
562,train_images/4ef0b485a7da.png,68703fa40a05286bcef451965ed50c269e1b42759ee54999ea5813ea2b41d4d4,562,2,4,-1.6543427,-2.7078815,1.6574721,0.2247312,1.8843284
569,train_images/3bf2deaa5ef0.png,69bf7cb03fb302801b90a39e435d850666a3758804aff791f9718bbf13e88a80,569,0,0,11.097738,1.9904346,-2.2038336,-6.4103856,-3.9871194
571,train_images/415f2d2bd2a1.png,5fb2de5fd32f967cbbc3f1fee3d778c890e49f39c360081ef36b063034905ab3,571,0,0,13.5591955,2.136856,-3.101495,-7.1473346,-4.7794585
581,train_images/f549294e12e1.png,a6cfccf69a6d35994687c4fb41f4395fb34f238cea0196a8c8dc7e3292ea3ef1,581,4,4,-4.8840466,1.1958885,1.6651907,-2.409388,3.5758767
584,train_images/e4c799738a19.png,c8e01f11ed207e68869cd16e8620e3ee7fea7bad15d67344c1781bdea9225a8d,584,0,0,12.814363,1.1650076,-2.7487888,-6.946566,-3.7019382
593,train_images/fb88783de055.png,d1f0274d6d80d5492338e2f47a17fd14e12f857e6e414b03513dca245371bba5,593,0,0,6.6639166,3.090166,-0.94831944,-6.00095,-2.688342
594,train_images/aaaadb174012.png,12edee50ce755054d0b958558172634c35413765d7cdffb9d9e36c0a758ec58f,594,0,0,7.8800535,0.32206345,-1.6854181,-6.055755,-0.28827858
600,train_images/3286073a976e.png,f946e26579dce31ed8752334d8380a6914b71dbdcb0fd60c42d212b865514bfa,600,0,0,6.004137,3.7754831,-0.21867895,-6.415266,-2.9764075
601,train_images/bf87aedf2489.png,9ef958cc936bf5be58d23e02fdca59113ce311697f401722a6a84870732fcc4d,601,0,0,9.57363,1.8646765,-2.0492778,-5.706344,-3.2944467
607,train_images/e10190a9d52f.png,1fc3572b63d67bbf5ca418cf89653bba3d8758fbe919576b146f86cb997f1b49,607,2,4,-7.9067173,-2.135334,2.8323503,3.0197544,3.1052127
613,train_images/7116128c65ab.png,05bde987e8d05ff01edee196a2b526621549bb8d3220e3bd9627327a93982b67,613,1,1,-2.7711506,4.8921604,2.5192704,-4.718059,-0.57264614
618,train_images/9b093fe95d6b.png,d26052c16a58e45ad7db9266772230b13f906a30ca165bf108a5b9f8a44256d1,618,3,2,-5.4458675,2.3906164,2.6209464,1.7869378,-2.198092
621,train_images/f1dc26c4bfa3.png,4d930ccc7c774f2c0bb23be92eded8b0a548a1f4c67f7370fb8d13feff5fdd5f,621,4,2,-2.648388,2.4311838,3.1035132,-2.8274255,-0.6500211
625,train_images/b5834ee64541.png,928aa704a477a85369e86420c683b648bd9b292396b677eae12adccc553771eb,625,3,3,-7.9250946,-1.2361422,2.3547177,3.78503,2.0173068
627,train_images/4c6c5a1bf5ab.png,ef1ad2853f317281e7a6c3d760ff5205813249145fbd0a5ab8e81e98df4d08f4,627,0,0,6.1528416,2.3582516,-1.4475074,-4.074648,-2.800611
633,train_images/4dd5d5ccddcf.png,d9a707989b6df7277416275eacdc861b0ca07a9e9184ae38ca9e7a3f57452e1b,633,1,1,-0.9882488,5.7557087,1.1679578,-4.025576,-2.2720184
640,train_images/a8854768549f.png,ce9fc59fd2c87524199454dd706d76d213084279bcd4971bec667ed447214372,640,0,0,11.527518,0.4847355,-3.8285768,-2.333308,-5.297159
649,train_images/3b185ac445d0.png,777a5d0e63299299493a645151b70fc6880801437a2e54144724106ef4e6d668,649,4,4,-7.2829285,-2.923644,1.359973,2.8664236,4.9380937
651,train_images/ba2624883599.png,f7a4062b28b87de188dad43b8db5e581f4ac144fed195eaef7a8744245cc358b,272,2,2,-3.1123238,2.0264425,3.3797908,-2.6600623,-0.21563339
655,train_images/441affbe99aa.png,0174d0a7f618129d9f7b2dab5dff4d8c5e1568107a521654a2d6d3b325297525,655,2,3,-7.7147846,-2.5694704,2.778667,4.65526,1.7809787
659,train_images/2463bb04ebc3.png,851d4e49bd424badb03d2ec40d19f332e42754f5d6b687c4e4797386c4b520d2,659,2,2,-5.381962,0.8800154,5.189181,-1.9771934,0.4289813
662,train_images/ab1c20a94f3f.png,76030efceb76de1f1551da5feb68ff38acbf3b37629aa2bcc7f983916cad3751,662,4,4,-0.22463417,-3.449296,0.91950417,-0.0898242,2.2957673
672,train_images/b0d6417bad3e.png,ddb204adef505195437e8987b72ea66af01026ce461d1ef198703927b3eb8778,672,2,1,-5.809437,3.6280842,3.1387477,-1.460017,-0.3195815
675,train_images/2dd28ac497d2.png,ed2e559e40075b74cee96624c1a113545df2b5af5b1fc247543300af6b406d95,675,0,0,9.592665,1.994976,-2.3770893,-6.5537663,-2.2961369
679,train_images/7b87b0015282.png,9c344b76aa0f68ae3934b2da00ea079961c1cccc13b84791b73a96fa274b032f,679,0,0,11.826549,2.3699617,-2.051851,-6.897877,-4.7162347
683,train_images/3e61703b5ab2.png,26ff6947f3a32267a9a260a50b8c0bf021c7474c6c2eb9f830aab4a0a8b465f2,683,0,0,13.034622,0.34610653,-4.590323,-3.2888484,-4.828646
688,train_images/c58971bcebb2.png,c9e2f590d7eab17527e9073f889b93993eb133bc576340e8a6814eabfe4a4ae1,688,0,0,7.9028854,0.76376724,-1.603806,-5.2767215,-1.3829293
692,train_images/b11dcdcbc8c8.png,86e235b8649c307ff6f378360ac28dbefe071e2a7956fd19783bd941e06b8a60,692,0,0,9.894937,3.8751945,-2.113839,-5.981237,-5.0918007
699,train_images/882a71de424e.png,d28af9aff3530667b2fcd2d53d33a18974e7c946e9bae86d92f3f7d09b378fe0,699,2,2,-2.7703552,0.09368992,1.5436125,-0.57436514,1.1457477
705,train_images/1006345f70b7.png,99eee87519c0e16e6cfecc3f4b7b7f8f18a0cd2cbad97860492f2d35faa9973b,433,2,3,-7.1592445,-1.3229198,2.8210654,3.9800174,0.713223
707,train_images/a627eb8c08c5.png,ff5b18a98000c6f285938dcec5031a71be9483e76bb3840b431f31b5991c5d56,707,0,0,12.665044,1.3732939,-4.7788124,-2.407501,-6.176923
712,train_images/db52626d450c.png,f27f1e1c816284253b012bb8ec1266ffabb3a91bb0888fec38ac854f88ee86d6,712,0,0,10.797707,2.2813616,-1.9749656,-6.65354,-4.0092096
716,train_images/bb45257258cc.png,c265dda2673557cfd9203590574cb0330999eae60f6f99f0ac3c032b13c6ea19,716,1,1,-1.3973484,4.181094,1.5451055,-4.582383,-0.14766121
720,train_images/25e9fd872182.png,cdd8ab0aa83af62e1ee49606475bb343d24c677cef70f5c4ce4c70d7ffe263f1,720,1,1,-3.5855885,4.216816,2.2424893,-3.361199,-0.13035965
725,train_images/b77b88926843.png,fb5b1079be0717d50dc2b268bc7bcbb0cb90b1a9c05623eab8b2516724ecd217,725,0,0,10.216737,1.5242281,-2.1254563,-6.3087745,-2.8954463
734,train_images/2a93334f663a.png,dfa7061afc9c68e6f3844d02f987a6cd9328eeb4d3909de74df177dc1c42225e,734,0,0,10.141643,1.2720709,-2.118235,-5.22668,-3.6532955
735,train_images/295fdc964f6e.png,877d9d7695aec8bfe98867e5568f236f8ebd6535678b762fbcf38453761b6ccb,735,2,1,-5.519203,2.9134884,2.4609532,-0.76038027,0.12880659
739,train_images/79be2ff796bf.png,11ed9f43ee17e864b59d4c815184b74de131d2dcbda4d65943988f028f2f16b4,739,2,2,-7.7532406,-2.0957527,4.761707,2.420368,1.5926309
744,train_images/1e9224ccca95.png,312e23e7782f1088f43ff71b2b8974312ceff12be08c8e4c146d194ba8daf94d,212,4,2,-8.606993,-3.7598362,4.362677,3.7230792,3.142387
748,train_images/b72a86d61959.png,c6a82f7b6fcae8640e08acb5603652fce9e8d501fa236fbc4107754f0a55f458,748,0,0,9.518878,2.2191286,-1.8117168,-6.1371202,-3.430979
758,train_images/175dd560810a.png,7a275ab3a497881a4fa92bef662c22f1acd481139a4d8fca3f5541b84b78fe16,758,2,2,-3.2607403,-0.6405754,1.8164096,1.2250588,0.28943348
763,train_images/6180920bc224.png,0c1ec1e298c171c2a08ffed5dae06314d4d3f8c29122658dbae90ba48bbc9cde,763,0,0,4.3731194,2.8164759,0.09112501,-4.792549,-2.5736742
765,train_images/f6f7dba7104d.png,2eb62fb8ea03f4168a058eb727f83132c718e9e27b7f3d72e9f24995f2569869,765,1,2,-5.661297,1.4663553,2.8421006,-0.42188442,0.9712596
773,train_images/cab3dfa7962d.png,e690939eef66ecdc312f57ef290d84e73947f0806e585a116da1b3cea468cae7,773,1,2,-4.7883396,1.8854246,2.831592,-1.3370593,0.64545774
779,train_images/851e40a21f81.png,c4f2b1f2c41f4415745f77385b62d399ea7c18c1cf4d554873fd491841b02d98,779,0,0,7.2629023,0.6238642,-0.683774,-5.396328,-1.6575074
783,train_images/46f56c38051f.png,d54c3244eb7cd79ba1878c13e48b05b0b07d5c7b654f3eff81ab19b55e290cb8,783,2,4,-7.272499,-1.2364187,3.401915,0.6394819,3.4315028
785,train_images/48c72dec46e5.png,1695b1634f7e3ae4c35625cf2d1ee4ce90ca5b0f649b2dc00cc361b65d836cde,785,2,3,-8.163786,-1.587306,1.5743947,3.6012018,3.5520883
792,train_images/f4c7ae514c54.png,6d08500a467f5222f958efc97d4b6a7c3703f5af339d8f4b9daeeab1c07e8adc,792,0,0,12.234462,1.8258152,-4.423259,-3.1109042,-5.8895593
798,train_images/57f933d3d7c7.png,e6944ac4a6b1d6a0d34bbe498ddd0146b5d672b5fffe563081b8adaa1c174eae,798,2,2,-4.3613586,1.907958,3.6683564,-2.5537848,0.6294875
806,train_images/d2ffe9287dc7.png,adc6c8d8c1c87a456a5e4407f48cf189ca50d0d55e8b16d32ef544d68a9d3f86,806,3,3,-9.436193,-4.565578,3.551042,5.7177424,3.525786
810,train_images/5e18af29d812.png,17879532018a13e77ad3bfd64d030de9e4216873e2512d8592b49c1a498933f2,810,2,2,-3.9779358,2.137392,3.0472722,-1.188729,-0.6807108
814,train_images/fd48cf452e9d.png,b146157bd2ccdcbdb9c425897bdd9e3e207902cb0bf57a0b5be64ae7671705b8,814,2,2,-7.2248993,-0.04010868,4.0537047,1.195988,1.0293946
817,train_images/33596a635b53.png,c82263b2245335f2e8f93aaabfd0975947c9374f4428bc728db42c9c02096f54,817,0,0,10.840389,1.1330919,-3.1094825,-3.6392903,-4.708685
821,train_images/022f820027b8.png,a196f41feb0ec3f7de490e95fbee9aec4c48153630e9c75c6edbf103a92d3ade,821,0,0,10.118912,-0.24600983,-3.7387097,-2.462027,-3.224306
826,train_images/18b7e34eab8f.png,30f3115a0817e47cdc22affac8d5dd1deb6bb1609cb31aa7cd6dbcdb455eb60e,826,0,0,11.324145,2.6277704,-1.9403648,-6.9970117,-4.506213
834,train_images/1c3a6b4449e9.png,e61ca49f98d32f234a000d7654891a521ee2ab11aa9d8b6686ffaf07a1f4a142,834,1,1,0.64896584,6.5717716,1.057498,-6.6824727,-1.8997345
839,train_images/269f0792f11f.png,a0d09714a6b3efdfd74fdf3ff0262fed9ba049ea41ac2dfb62aa027df2376729,839,2,3,-5.294569,-2.796371,2.6842961,4.400418,0.19004822
843,train_images/8e4a354e3da2.png,6665d0d5129375afc57bb24044f2e0ef0310ddac83fcb7a8e475087fd0edbff1,843,0,0,9.133428,-0.24146748,-3.762048,-1.8454208,-2.905136
845,train_images/5e7db41b3bee.png,bb6d47fe3863ca6bf85bef36528de631c22a926ea3aff21beeb1ea9c41b7aec1,216,4,2,-6.267679,-0.077732086,2.8486648,1.6842874,0.91363764
849,train_images/6504b703c429.png,0d7dca8f89802b537ec3fdbcf8d784910698be7669d34b953a59579cdd6f6731,849,0,0,8.817036,2.2059088,-1.3722606,-6.7686963,-2.5600848
853,train_images/cc671a73e1cb.png,455ddbb4b5db8821d7b443cd5d0f825ca2ae9acd67f3c010fac86ae0c6e1332a,853,0,0,9.434009,0.90239334,-1.118506,-6.1613536,-2.7316346
857,train_images/d1f1ea894da1.png,43a73ad7b51fa957f130a3c7dd73e0f98b7f80cd081c2d4b295f8af29b47cc04,857,2,2,-8.314278,0.614872,4.473059,-0.33137214,2.4004502
858,train_images/3402124408ea.png,2fc92c430b176078bd38793142b703fe75cbc881054e4ca798b9b8a886e244f3,858,2,4,-6.343504,1.3140068,2.4504676,-1.2942548,2.9810996
864,train_images/43823561c3f0.png,d457d01134f3f4acb1ae2c5acd95b6d6b9e9b148e7abeddee5a5787767edf8de,864,0,0,11.365888,-0.08619022,-3.3875337,-3.1437411,-4.2148476
868,train_images/6089fa333013.png,9684c16349800d93fdbca1f171a67f8591bbca9be3c19e86a7baa668fc7bb28b,868,3,2,-4.8869095,-1.7418823,2.9360404,2.8211396,0.123345375
873,train_images/3d2ecffe0386.png,50deb86f2a36ca1f1e74c374a804d36f50852cdae4a99b9a88b8efb51ba7671f,873,0,0,10.570849,2.3626127,-3.1719887,-3.4940686,-5.761462
883,train_images/b94c58d063bf.png,33149b9537b983fd019d6440eaebda96be7df339fecd95339659707b9b8805f1,883,1,1,-5.5864296,1.8799276,1.6461902,1.1015689,0.16447353
887,train_images/8ead8f37423c.png,511625fca1557f94678a0532ebd93045043f1dcaa1be4ffa93369737698dba91,887,0,0,10.663419,2.0313797,-2.0357475,-6.871815,-3.3618293
891,train_images/1c5ad36fb799.png,b2365d5007cc9a1e9bbd88cf3658ff34a93ea8448cd2f66dd4216bb0845f2875,891,2,4,-3.607563,0.85819054,2.1869369,-2.466157,2.374969
893,train_images/d85ea1220a03.png,aa6bcb0a2b27e2cb806eee7a39cd3de3a9af1ab8890b122547f3156fb2885708,271,4,4,-7.106455,-5.0656066,-0.6510067,5.17498,6.5846324
898,train_images/780f9c237c56.png,b742063597a5065537944b0aa5f4a2c1a2bf059af0bfc878d44068bb375fa3b1,898,0,0,9.610841,2.2194538,-2.1443043,-5.7552857,-3.5411162
905,train_images/dbfd238b3468.png,bd1e85c20379be05ff58c4bd2010608e175c9ea39c0de85dc7d99bfeb3de4f1f,905,3,3,-7.100279,-2.8621874,2.4046712,5.751636,0.8832164
910,train_images/7ec0e61a7e29.png,4a97e1a53c6f23150c483b56a5781826b198aff33459451aa5ade5203b1945c1,910,0,0,6.8225536,1.6702051,-1.0053415,-5.938113,-1.4204607
913,train_images/80b5697f2a5e.png,c436e7ef4b4227ffd5088a761c411d1cde5a1056f0495cf5e820bf6de109a8c8,913,0,0,9.994271,1.203969,-2.1583412,-6.204187,-2.4615211
916,train_images/0cecc2864b7f.png,c8d1b2e3a53f8aeef2687055714c2599c0ab5a46507c4218a2bd485e7f239486,916,0,0,5.775736,2.6036215,-0.15701771,-5.445935,-2.6399302
921,train_images/79d44db3da2d.png,2f52fa195598cc0dbb125801bac2a47870e5132c248fc19460299d2708a3ffd9,921,4,4,-8.162024,-4.4575043,-0.68625355,4.2449408,8.005144
926,train_images/aa10a4b2e709.png,5dbd96c4c7098f9c10cd45060e85fa06bc4052f903fa8f02c6bdde7a7bb2293e,926,0,0,9.886856,1.9753723,-1.2558551,-6.4524956,-3.7682636
931,train_images/aa9cfe639ef1.png,118a84ea13ba9da94650401ec58fc12a85221cc9e20cfc4b0e01358aaf143b07,931,2,2,-5.3041058,-1.3952732,3.0371165,1.6596742,1.1362567
937,train_images/ffcf7b45f213.png,920ce1d77f405cfadb3b51e478a3873a88781cb2ab60b1345b4282179a16a161,937,2,4,-6.3537445,-4.3113966,2.1297684,3.1874256,4.434056
941,train_images/0551676cc2aa.png,2093d82b7df10e69cff908bc84c628ddc1c3db1eee889ff57af0eb89b00c9ecf,941,0,0,8.213787,2.0499601,0.45878172,-6.637134,-3.61752
943,train_images/5f51192841f7.png,120a8865d14c497cd15148e522b979fd3cb73c8a8c1d594c8ef9a973c288721a,943,0,0,9.701216,0.951457,-1.9610038,-6.3197045,-2.0292845
952,train_images/c9c563864ab1.png,0d27bd3036f3228ac8df3d5b89836dc94bbac79e450c2650c15153504b2bf2de,952,0,0,13.072981,0.6138849,-3.7731123,-4.0391517,-5.1869297
957,train_images/61ac9b0dc6b9.png,a4f5b8e329d87e4f9f7c303a967e63f82cadf4792595dfcbfa6d05e269bad475,957,2,1,-5.869116,3.7627077,1.9181399,0.37560022,-0.9744315
963,train_images/d364423ec6f9.png,3d2fa5bd95e510f7d9426542553572436705b2d9f3ec681aeb1db38b767d9dc0,963,2,2,-7.1136894,0.2736454,4.1401477,0.40072846,1.2673383
968,train_images/5d5b5da5f939.png,69df3426b220ea33d73dcef19c0ddef8873f9a3278f7bb6b920385bbf36ddd5c,968,0,0,9.148656,2.0769587,-0.9877453,-6.7733293,-3.1543486
971,train_images/4b618537d52f.png,fb068ba83aff355e355b10b4e063af1b1aa283b43fd5b1933f94e9741466a4ea,971,3,3,-8.2013855,-1.7353106,2.9847426,3.8630695,2.0372243
975,train_images/10f10fd30718.png,6a51b57563b31ae4b06a9634d5d8829e8cb1df52dc1a8d3cc67021ff038eb888,975,0,0,10.833353,1.1674271,-1.6895614,-6.293716,-3.5814042
978,train_images/07f5d7baf907.png,ec9e0f1dc9a814f4f588a44cd80e9458e360246eb24eb6c7e9ae484696f01293,978,0,0,9.240391,2.6141129,-1.2937946,-6.796984,-3.2680364
984,train_images/0a09aa7356c0.png,0b46b60beded0b299ae951c5db98941b492c10c0e266b12b3a74e289291c82d2,984,2,2,-1.7425632,1.0641289,3.2766395,-1.868892,-1.217977
992,train_images/18323d8f2470.png,283fab3566d50532178133446e3102bc12682a2016f7183444e322aae02adf0d,992,2,3,-8.190063,-2.1702309,3.6682544,3.7357526,1.8809743
997,train_images/e62490b7d0e9.png,abb00a2fa5debb85beda667943c9976edcbecf4c93d864e1f2fca084c8fb1751,997,4,4,-5.6196537,-2.5269952,2.3676877,0.80202055,4.065352
999,train_images/b762c29cf2f3.png,79b7753714597707e033d9245b897ce5d805a3631f590f70421d78d4176c5df1,999,2,1,-5.048313,3.147974,2.3698316,-1.7762308,0.55030584
1007,train_images/e5f73f2855c0.png,2823ab45ad5a60f0cae87d77c077debb666f7cb653e05a062f0d8b64f7c60060,1007,0,0,9.177041,1.5090733,-1.051054,-6.9576974,-2.3691893
1011,train_images/b7ce561a7328.png,fbe30dc7866816cc627ddf57cd92abaebed33d2c96298ebb54043887343131e2,1011,0,0,10.034443,2.3222113,-2.0160718,-6.26036,-3.6713362
1016,train_images/331121c65e88.png,62d2a7dd4b8e26e1578c8c06090fe332d0cf8f56ff24f0cd39f98f1241bde920,1016,0,0,9.370379,-0.08596611,-2.8326182,-2.6040497,-3.4911058
1022,train_images/d99b0f7dd9b9.png,a7676ed7fe931fb283866724a649f5d85a536a43ca90917e2869d7d9b55aa883,1022,0,0,11.706522,2.4438639,-2.344272,-7.2932496,-3.9728432
1027,train_images/d6e26fe51dce.png,cdb73f570c76eedb7367df632dc3536c3c393ae50c9b589189499adcadbbedfb,1027,1,1,-1.3317261,2.5879211,2.4747195,-3.288228,-0.91259575
1033,train_images/f580566e27f5.png,4fa9544b53b782ff0fde423a1c51f7f3f305c9121447fae4955f582d8a44e447,1033,0,0,7.4499226,3.3299732,-1.0621977,-6.533936,-2.8786497
1038,train_images/ca25745942b0.png,bde489d1aa35a7c439bff6afd4ef5b0fc8cf12a30e576385ac3637ac9fff6d6a,1038,1,1,0.41128922,4.3541164,-0.10063124,-4.2042294,-0.7108588
1046,train_images/d774692d9919.png,a81b5c079a9d08cdb49be1ce1e962e6c2cd58d732ceb428fdebd689d0584080b,1046,0,0,10.763803,1.6217155,-2.3626351,-6.0520787,-3.4979694
1050,train_images/12025b34deb8.png,3c7c855d7b017ffc348a989009e0cb444e2af0cc7f3a01f2696b39dc6709e8c3,1050,2,2,-8.168329,-1.208231,3.8312478,1.9543375,2.490477
1055,train_images/de55ed25e0e8.png,0f6dd3826eb347eda705cc65f1641cb00543e417484885875adde533eb037cc3,1055,0,0,9.803176,2.9052124,-1.7197399,-7.0337386,-3.5951014
1057,train_images/7a42443ed106.png,8aa1fd9fa55e3074a16afa94889c3b0b3c259496f4250b188009c638ca8482f1,1057,0,0,9.669167,1.7767258,-1.4243326,-6.565748,-3.0840206
1064,train_images/a88f68b0b114.png,27243104b004af81a507cd155b1e1acccc193fc34ffe8e5a3298a7bc1cd3ae51,1064,2,2,-4.3014927,-1.6525183,3.0993981,0.38525438,1.7189517
1069,train_images/8f1e7433a95d.png,975d3ae21b7a64bf5956fa60670120ed44fadc37da0482a08be9021c0f3e7e5b,1069,2,4,-4.793247,-0.012742043,2.6177306,-2.1225848,3.4879098
1072,train_images/5b76117c4bcb.png,c87eeeea3392ba1c66ff3df64cce02b2c05616d6591ed179f1ee7fdb362ad6c4,1072,4,4,-6.575968,-1.3162832,1.2391334,1.582693,4.0870986
1077,train_images/613bacb35c05.png,920b50db0f8d6e73569b7ad6bb9113565fcc3fd102662d3f009e0c74a70ea41a,1077,1,1,-1.362814,5.560503,1.2442479,-4.0727963,-1.787036
1083,train_images/a14fcf84bfe1.png,8371ca7b678381deaf1ee7eec8542430290e508ba7ff882813198451b06f3759,1083,3,3,-8.626974,-3.9418535,3.576407,4.0849323,3.712399
1089,train_images/157d17349cc6.png,6704cda6e14cbef22a24a0690754dece6229b1fae5566b53d9e9981f087de3fb,1089,2,2,-6.293869,0.78031445,3.1461892,-0.25006247,1.6487012
1095,train_images/e6552b7432b3.png,d08132a908e0aa6d6b5afad6aa301b8af4b0f96ac659a67d1d846a58e4ac594d,1095,0,0,10.763889,2.3349,-2.5396557,-6.4926467,-3.5784252
1100,train_images/873dcc0b468f.png,01daa0b4cf0055431b8a090f5bc56681a1810cdd28c008f248a12177634336be,1100,4,4,-6.2195663,-3.052363,-0.58550406,2.5731015,6.388925
1108,train_images/9b4fc15df3c8.png,f2f01219e8acd776fe3b01aee1812b18d0348e3bfc1112f674a02bda51b799e7,1108,0,0,10.162781,-0.1445446,-3.2956922,-2.7830539,-3.5172253
1113,train_images/d141728fa392.png,8a653d768ec91a83f3b12d15d3edb65324bf05d18780c42a1a1911f5b4042aa4,1113,2,2,-7.118162,0.5185528,3.6291451,1.2515297,0.7345338
1119,train_images/b498b84d383f.png,54168e13fbe2b48ff99ef90381f23df330f08ef994cc337bd51fc78d81e6abe5,1119,2,4,-7.01952,-1.2863445,2.3079352,2.353613,2.674027
1121,train_images/f71333204618.png,0253c68cd5363f38d87246051fc98648a1dfe57f3381ac64412a8277c095ee0c,1121,0,0,7.21362,1.4226427,-1.2334466,-4.625819,-2.4146595
1129,train_images/934104859e68.png,fd84690edff99d3ffa204961211339e2fe27367af7c2a63be3e9cc0200d96e02,1129,0,0,10.184472,2.487733,-2.1264699,-5.985589,-4.1562195
1130,train_images/5d9c841eb245.png,55890e2a0f10bd5c94c4d0fb3af4c9f48804bab5bad0da48fcd8313124dd6551,1130,0,0,10.862852,0.566061,-2.9244459,-3.737306,-4.302063
1133,train_images/fdd18ccbbdc5.png,23a0dc2869304a2f9a2bba8d985ee50f332805a65bf38e0cbc78ff2358c097b3,1133,1,1,1.5337143,4.4328365,0.44953442,-5.128921,-1.4416642
1139,train_images/8a01daa423f7.png,881c7ce2aa009d1412b81b51d64f543f90f48e6c4fe17271e8b68b55f225127b,1139,1,1,-3.0724506,2.984023,0.728559,-2.6018114,1.4053588
1145,train_images/3c53198519f7.png,176149b4ad4e93374a8c914895a12aec5180b6e0b58328127a8ae92d22047892,1145,2,2,-5.445135,1.7444658,4.1743236,-1.1577652,-0.17913294
1149,train_images/4b1001050f1d.png,327a90c0c472c07e2a61183f8e5e2fbb46cb6a3e3a6b625c15d80a6a65b9a8ee,1149,2,1,-0.45848274,3.4673529,1.4355035,-3.6620383,-1.145103
1153,train_images/6298468d7d75.png,bfcf9c630671aeb464d876488beb24300635222ed3d023c8e8b322c49d2ed527,1153,1,4,-6.232172,0.3101368,2.3482842,-0.73400235,3.3582768
1160,train_images/e5de79795c1d.png,e1d6171c45b024a7051e4231d7630a5d009aa540885387416e07e801b6c1a8d7,1160,0,0,9.222505,2.5892906,-2.1383874,-6.7152333,-2.5413766
1165,train_images/c6d4e4a3bd4c.png,1c902509098dfb15cb5e261a000c5567d37e58f33b6e75203a18a7419d6a42c7,1165,0,0,9.59979,2.4749117,-1.9773192,-6.1928115,-3.5339246
1171,train_images/c81c6911f5e0.png,377a2582ee392b6e591fe90b7f1881c43cccd6f3a78bde15ce66ab9b3c8f6a34,1171,0,0,8.007434,-0.12943745,-1.5284271,-5.0547237,-1.0729594
1175,train_images/e4a44f9158dc.png,d23b8d9543062af6ae385fbd8a164726cf7dd16f61167328e3b8e076dbdf04a8,1175,0,0,10.988569,1.8003645,-2.1335363,-6.2097607,-3.9785707
1180,train_images/82e5bc01f8a4.png,d09f7057f0e50dd7572f797c7204c6afcc9c5fa02fd8864e505a13974701c8b7,1180,0,0,9.718632,1.6282034,-1.6537695,-5.8320813,-3.4645123
1182,train_images/cb02bb47fdc5.png,03f6211427baa811446e9eb132a3139b5c92e3f100aa566ba126573fe4872e6f,1182,0,1,2.5476303,4.931801,-0.70262194,-5.285579,-1.535944
1189,train_images/906d02fb822d.png,c97335909a9b779764d450b413722ff94edee078b5926fa868a5bd75d866827b,1189,0,1,2.2026272,3.7774668,0.47371244,-4.6256714,-1.9327254
1190,train_images/48c49f662f7d.png,026b573652957615c6c77503e4029da609bc01519a20a612a26f3d88fce4b484,1190,2,2,-6.4661617,-0.66631126,2.9430375,1.1381078,2.1124597
1193,train_images/4bd5d0b30198.png,e24be7a9a7895321a075af4ed09d77ac1b7ab49f0630025a4590327c0f35d982,1193,0,0,8.376525,2.2834864,-1.7745271,-5.89711,-2.7095308
1197,train_images/00cb6555d108.png,bde489d1aa35a7c439bff6afd4ef5b0fc8cf12a30e576385ac3637ac9fff6d6a,1038,1,1,0.41128922,4.3541164,-0.10063124,-4.2042294,-0.7108588
1202,train_images/fe2df69676cf.png,69d96d4682275d275a2f11d0c681bc1372fc00d89468f3481b24e7d809270f82,1202,1,2,-5.2743626,2.3272495,2.8997254,-1.7497334,0.9746747
1208,train_images/9b0eb9f41da4.png,1325ab16a9e88dc788c77552e43931fd36ff0257f8b1be9b7e9af7016cee39f7,1208,2,3,-8.770752,-1.5447826,4.4476285,4.7921276,-0.012805939
1212,train_images/00b74780d31d.png,a529d484cf524d1e085604cfbfd5256c59df3c761ccd43bb43271e4e98135188,1212,2,2,-1.8112621,-0.057992935,2.5592837,-1.48014,0.35853672
1221,train_images/af345c68e836.png,c27917554ac438f3aefce59a5b0ec88106e177a73bdbe601ff2583927eaf546e,1221,0,0,11.986368,2.5921001,-2.8344617,-6.110933,-5.056982
1223,train_images/1f4bf8e28b41.png,91d4db6991c8c3ed53feabc2175682f7f879883a3ab32929f6dd037a31301d76,1223,2,2,-6.1162834,0.9089861,2.8040957,1.2682163,0.243752
1228,train_images/12ce6a1a1f31.png,1bccad09b022ef5efed12d892d0e8848a26ae86c1b07e3b34d209d9a8106b17b,1228,1,1,-2.0477028,3.823495,1.3647757,-3.2300854,-0.40445423
1234,train_images/0fbbd665431f.png,9f1137c9e1464b3e55c339c7be0eee874878babcbe4fa361c0f8aeb38edd8338,1234,0,0,6.471917,2.3236656,-1.8915353,-5.4108896,-1.3227687
1239,train_images/ce207b69ff37.png,3ebb7cd904727366390dc52cadb55e0b35bc2f471a018a249c3211384cc5c058,1239,3,3,-9.029432,-2.3625317,3.3426614,4.354008,2.5326371
1240,train_images/eda1d75cbcf0.png,e47f775d2a219e6c2f816be6104f4d7433778995b1076108259505e90e161b11,1240,0,0,9.09621,1.7282057,-1.8676243,-6.233097,-2.399382
1242,train_images/f0c13be90519.png,f800e705ff8fde6e1fde2c1a60ba4a706b6a6728766db9163c6eb95b0c3ef052,1242,1,1,-2.6787357,4.5866537,1.2207842,-1.538054,-2.1003022
1251,train_images/08a3875063c3.png,f9a13a353b6e2794a2bf0a69984fd291a226a8a37cd38045eb725947e5c57498,1251,4,4,-8.262768,-2.9945407,3.1977515,1.2766423,5.611466
1257,train_images/f481f76a6b75.png,bfdcef5b601d6dd66270a9d58e9471c987ee48d40b1e2f56fc21084ee6ea8c7d,1257,1,2,-5.7625694,2.352335,2.5252032,-0.21126103,0.29661942
1263,train_images/9274e75dc4d5.png,863717677b6c6910fb7ce5008860de7ca55690864b70ba3f781be513eeaf0b2d,1263,0,0,9.369032,3.1532526,-0.65887594,-8.257004,-3.3074324
1269,train_images/82deb07a6618.png,d994a37f3cd77ccbe167029de6338cf6d8c620fc58220da4564206731da54ad7,1269,2,3,-7.6208572,-4.2486844,3.1727004,4.164193,3.4769626
1273,train_images/2ba0b0d9bda2.png,ebe898cb933aa4442640aa161cb00e12006ccddacaeba3074c04e8c2f7ad9d78,1273,2,2,-5.7558327,-0.06738281,2.7862153,2.1664872,0.0825367
1280,train_images/3dfc50108072.png,1acec393a3edb9c91be8c9fc8322297ce5efd4974532b931bb16b033a58d6d59,1280,2,3,-8.6725235,-2.7355347,2.568544,4.9210415,2.793507
1284,train_images/f47a2a4a0411.png,61eaa30bdfdb34e3f544d5f9d89606cc68c678ec73441ce4886c83fb712ba6be,1284,1,2,-4.51108,1.420434,3.553412,-1.1905174,-0.049293518
1285,train_images/3fc219927a97.png,3f2937414ddcc927234a0242f8cf55ae9eec1501ffe8ecdcdd933c085cd7b8e8,1285,2,1,-3.5540886,1.1674728,1.0794392,0.41789222,0.2628703
1291,train_images/0773a1c326ad.png,75d5faec0b1674b0e8bf41415495015f351f91575293a290dc2cc646b6a847dc,1291,0,0,12.611064,0.486372,-3.7510188,-4.204635,-4.477744
1297,train_images/add1d681d712.png,0d1f33d1df4904120ed8d3d4317635aad010d0b72b743f15a9cacc64e6672717,1297,2,1,0.70815086,4.318575,2.1580777,-3.658009,-3.8264432
1302,train_images/f7e9fa75c7c1.png,66b30159144ca3b3db21c286fddd13abe08d2dae4716469c7977f9bdff200107,1302,0,0,10.792943,2.26091,-2.164582,-6.5856776,-3.8574188
1309,train_images/ef7eb85b75fc.png,dc36da11e91b39706f9de3efa5f15607af0f8e77be5a18e413f6e2dce22bc164,1309,0,0,8.883574,2.0759726,-1.1666989,-6.496164,-2.9842758
1314,train_images/bda91b76095b.png,7dba1f5c4e53a30845ca5db492287586166b16d2d0e15bf57c847e78ffc741e9,1314,0,0,4.297434,3.6448069,0.8900919,-6.723306,-2.0519605
1320,train_images/785777558f05.png,4f982d65ce5bc1a61fbbfa2784d06f1f82193caa11424d8a70ac972edf5b070c,1320,4,2,-5.73073,0.110302925,2.059916,1.2361557,1.4968467
1323,train_images/9b7b6e4db1d5.png,191386487d7a4870d5b8d5639885bdd2e6d637930d1e925bae9a497b39368eb3,1323,2,2,-4.696335,2.822524,3.2287593,-2.2044783,0.029790878
1325,train_images/937bc1b924b1.png,512ec217645c98aeee4a6babc8c884d2772137fddf66a98461465e122cc45da2,1325,0,0,9.93244,0.2869215,-1.9898896,-5.6517735,-2.2030687
1333,train_images/2d9d97a6e713.png,54be2e850bfdc608bde27eeb6cbbb5a9d4d42796fec6fe1119424af5df26ded7,1333,1,1,0.34239006,3.4130373,0.611536,-3.795558,-0.7968502
1334,train_images/b7bd4a6627b6.png,d113f8cab449b092ed1a47cd832699bf0b64069597cc9c327459e4ede9349a29,1334,0,0,9.62361,2.3017082,-1.6799035,-6.35311,-3.5243173
1343,train_images/983c98354e9c.png,9df93b6e8c29b57eb2de5fe63b26285c92ec95eb1025a439cda60b3077cd959f,1343,0,0,9.341612,2.3025284,-2.1966782,-5.8351474,-3.2401829
1344,train_images/b73d0bcd3d33.png,098729abeb2142e047a3f64dfb9b0b06b8c44eebca649ac90408780cb4ad96d4,1344,0,0,13.469138,-0.21937752,-4.464927,-3.4000468,-4.671097
1351,train_images/e79e10907295.png,658c0452b77c534041035219d13d3d90c54e9553cf85ec139c37d942c29b6954,1351,0,0,9.189816,0.17899513,-1.3293061,-5.745411,-1.975348
1357,train_images/0fcfc6301f3d.png,132b5f2ec7874469455c5a11b99de14fb6feacdfdca15548067d873dbde6d3ea,1357,2,2,-4.34429,1.2997112,3.3006387,-3.7213202,2.7180495
1358,train_images/5b301a6d1ac7.png,d225b61e8d51f82c9971e163f64b33a7e477afe4e09697e1f3912b83220b61da,1358,2,2,-1.4536152,1.493432,4.4669757,-4.5605755,-0.40533924
1366,train_images/31452ad8808c.png,ef777924d9fed2f83e71bbdee3889032f1c1d887dc959fc1d041f7ef74157625,1366,2,2,-6.5391846,0.28040123,4.3090777,0.5395623,0.4845252
1374,train_images/a0445785e2f7.png,095aa01d00d4439cb28d2577e69850386f4aae68038e027d9670bba0944c3eec,1374,0,0,3.6401234,1.3220758,-0.6733451,-2.270307,-2.1027465
1379,train_images/d81b6ed83bc2.png,206b13cd2572325caa6f82a6db483e53e3f293be527dda72675b5dcb64107ab2,1379,2,3,-6.983923,-2.4257402,3.0292249,3.385871,2.0159202
1388,train_images/f252046c0fe6.png,87ab6942de3bbaf42e7e005ead8ccb1e9aac4d19dd37293bb1533ffcd270a1f8,1388,0,0,6.7581987,0.65559673,-0.9896245,-5.914474,-0.3960657
1393,train_images/cd3fd04d72f5.png,206b13cd2572325caa6f82a6db483e53e3f293be527dda72675b5dcb64107ab2,1379,2,3,-6.983923,-2.4257402,3.0292249,3.385871,2.0159202
1394,train_images/40c24aded50c.png,f08f2d5af8d3721331728e1a7c8ca54e351723cc9fa8830b7391c70facff99db,1394,0,0,5.351713,2.9264345,0.68114376,-6.3248677,-2.632718
1398,train_images/8d4d14a4ab07.png,9c0f12d0ab596593ad2bcdd0c023d1da6e31da66e25edc25b702e47201d9b908,1398,0,0,9.468483,1.0832481,-1.63979,-5.801553,-2.76622
1401,train_images/966c07831334.png,3cc12bfc9dd9be56c4291d85be6ff2f690d1a7635bcd59eded966782e980a674,1401,0,0,8.395879,1.628355,-1.6005964,-5.059738,-3.1012921
1408,train_images/7831ce1d895e.png,edee9abcfca2599e2a695476db483aa8f75d44e51e21267a7a0331d1e85609c3,1408,0,0,10.038253,1.5431547,-1.9497442,-5.830907,-3.3923042
1412,train_images/4cde86044ad1.png,44a4546a539d73a9d9a4c11a43b343b81ec9cca48c04ab0ec5e4e65b3920c4f4,1412,0,0,11.343095,2.6931162,-2.0528386,-7.0332437,-4.4397616
1421,train_images/6d0c0531083f.png,7041971d07ca235c0aa3e6eac594bb3ccc1e6949fcb78bceb0308e3436c8ed9c,1421,3,2,-6.6342907,-0.70290756,3.1361194,2.813774,0.5050502
1425,train_images/e2a47a74e6e1.png,32582e703f20ee084a6741399546c1680be036e0205e54c07671cac5eaece8a0,1425,2,2,-5.7884293,-0.22097301,2.5056567,1.8761787,0.8008008
1432,train_images/c40976189f22.png,af0dd38e519befd8e4c1f26618602575b6c45ae1dfbd1b0d28eae7cb90d74c80,1432,1,1,-1.9063339,6.124943,1.6708703,-4.338529,-2.0454178
1436,train_images/e4f12411fd85.png,8f3b5f407fd40cd58ff85d779ba884fef5aa2918cd7827c2df215dfd98231c27,1436,4,3,-6.891035,-2.4785204,-1.6354885,5.5383973,4.5258756
1440,train_images/c5e238aa18be.png,8ce31cced70e9a2eee7c9ecd91c09edbb64257d95a14be71854b73ae3687b89d,1440,4,4,-7.4776497,-2.163723,0.48434067,2.6290865,5.5043607
1447,train_images/115e42dd6a81.png,20a5f6458317cae1836e7f68c296e1fbbcc4f3c6ea797d3a9a62ca3453756242,1447,2,3,-6.6978836,-0.07925892,3.0152478,3.0384614,-0.15996504
1453,train_images/4a213b405ee4.png,75ca8a3c3aa0003062d878764c6f01fe454cb199c16ed147fcb57b06a91d3da8,1453,1,2,-4.2314434,2.3979378,3.2052855,-2.716889,0.6139407
1454,train_images/c3aa424eff9a.png,f7a767bab7d582abfea9034c151f25272c5c19e814bae89c79fd0a74e63f17cd,1454,0,0,7.432536,-0.40587807,-2.2058728,-1.6201301,-2.987957
1460,train_images/d18f6431ebce.png,d429efd66264b82cb2b51f7b9a272c6fa0631ce346d46cdeb71118be29b94f89,1460,0,0,11.567657,1.7442713,-2.9216452,-5.5476713,-4.3288536
1467,train_images/a821b6ecef33.png,234652657b3490b8eeef65a6cb915de3e9399108d5c5e5f34e0cc3a17148702c,1467,0,0,13.9404745,1.775588,-4.7782903,-3.934029,-6.229164
1472,train_images/d6f6bdfd8011.png,73ca7a3eaedeef1b293439b9c1f8f703663ada8ff5247bb813a8d75e4bd4aa33,1472,0,0,10.357909,1.2615576,-2.21902,-6.30449,-2.6795363
1477,train_images/d94e10f42861.png,2ccfbb701db7bf57882f5e174b464a5aa86dadd2ab8c2159175f06ea36bc37ba,1477,2,3,-8.660482,-3.6989365,3.349358,4.0688868,3.833115
1484,train_images/4f6abc40c72d.png,36f6f21821c834eedabf9c7e9c30380ecee208ae1fe98ec40f46ab69511a714d,1484,0,0,8.819597,1.9398794,-2.1023047,-5.3048067,-3.0511208
1487,train_images/8f9819752ca0.png,b8f0fd4ee87f38fa9189ab629a9c4389dbb5e601b2d1b3adbf272263496398d4,1487,0,0,9.553983,3.3002176,-2.3443155,-5.7617726,-4.36918
1490,train_images/c80b0f27541a.png,5a04cf4119a46f68f15bb94343190c8ae42fe59344180186a38c09faa68e4121,1490,0,0,4.090294,0.90620804,0.52745676,-2.777934,-2.718597
1492,train_images/eb1ad14dd281.png,a571231d7048b184a560711375e5c2014d032f8258a4b5e84d4dbf61765cea9f,1492,2,2,-5.849411,0.40974236,2.8737245,-0.8745854,2.550694
1499,train_images/b468ebf5cb11.png,543e8216a71fcfa648bf1db85050730385f6d913a4c6a13057455e276173ea89,1499,2,4,-7.470522,-2.6007833,3.2930112,2.3355546,3.4400125
1506,train_images/02da652c74b8.png,f4e2f9434edd85b4fac2b03bdffdf22dbb36fbc274b4574d35ca0a9d16903dca,1506,0,0,7.975074,3.3828793,-1.248589,-6.6150527,-3.2952335
1512,train_images/848e66b9e199.png,14ff57e24e4768429e4e5ae1e405c550d0d301700dee4f033a43c3aa2761869f,1512,0,0,7.220578,3.3411245,-1.5318317,-5.558499,-3.1185956
1522,train_images/04aef84a2cc1.png,f29b614e934f0e8cb6090f32141b35de374dd12c2dd0e46fde4f272c854ed865,1522,0,0,12.3851595,0.3417263,-3.6492872,-3.7757988,-4.690104
1527,train_images/ef81cd8854cb.png,271ed0d391756c340a72835af06fd9d63be319164bfaaad42b443d11b462374e,1527,0,0,11.997018,1.7058706,-2.2642395,-6.987927,-3.9206371
1531,train_images/705f508d1e42.png,6fe5faa64620d71ad2d597f1bf1069b6562a5681ceeb89c1b7468f2cdeb15cce,1531,0,0,12.211131,1.4821329,-2.2340236,-7.061177,-3.8272266
1536,train_images/bf7221a016b5.png,863730b974cd8f72791b1f5e64386d2435e4b576411997f51691886f290a189a,1536,0,0,7.353856,2.0995493,-1.0602951,-5.0925937,-2.9450917
1539,train_images/65e120143825.png,f12dedcf7782ce81e2185e7a48ba23b2ba8aa83f21dca906961ea204937d88db,1539,4,4,-7.0966434,-0.2986517,1.5011544,1.6408916,3.2735782
1544,train_images/5b994ff78547.png,2956b142924e8b08a19e17b1c4f004f0dfca9b96e283ad74e157347b6a88c7cc,1544,0,0,8.894832,0.57029915,-2.0448444,-4.9925504,-2.1157012
1549,train_images/44c869174e3a.png,0b1c67db462adede3ffa30af2ae17ba8835e2719999c332a1dd7b67dfba1b6b8,1549,2,2,-4.509516,1.1010628,5.346769,-1.4821551,-1.2266469
1554,train_images/55f7f018c61c.png,cb8b4fa4e1872ec8c3f9f3abfc811af862d73048c1e9872433729907141c8d14,1554,0,0,8.369602,2.8519878,-1.2177958,-5.422349,-4.1803684
1557,train_images/4384fa687afa.png,7f5f7d59ccaad9245bc54b769291b20440d9a2d11a82605484855051169863e7,1557,2,3,-4.5637245,0.97104263,1.2625875,1.7395251,-0.10936403
1569,train_images/5bf3357a2823.png,d6951b9eea1457757f3fdfd976c91944977fc1bf985a4840f06a60208f5a4503,1569,0,0,9.478687,0.6548681,-3.280252,-2.5712094,-3.8954268
1570,train_images/a4012932e18d.png,c97335909a9b779764d450b413722ff94edee078b5926fa868a5bd75d866827b,1189,0,1,2.2026272,3.7774668,0.47371244,-4.6256714,-1.9327254
1573,train_images/38e0e28d35d3.png,035fc09853678cbd8c32c94a7cd728f45e033e5c7727a826719ec92e8eab4151,1573,1,1,-1.9804821,4.829774,1.9341412,-4.635093,-0.8515997
1578,train_images/d0b132d2c7ec.png,3fdaf93d6c209d5d9ef6705f245ee26a10486b4df0795c7ebd1b71ac10fdc37d,1578,4,2,-7.110445,-3.3696542,3.162087,3.0463254,3.1558032
1586,train_images/f02956bd7c50.png,ac501f30168c3179693d53e0e4d43e5178cd546fe8f0d5a7a51941d919dbae61,1586,0,0,11.908009,1.8935776,-4.2537956,-4.028536,-4.95856
1592,train_images/d83c3efade75.png,a0835770ad4971ebc000c3aa3bbb14cea0b4072265712d353fc0b65706b22806,1592,2,2,-6.7951546,0.8263283,3.7122197,-0.606462,1.8287349
1596,train_images/3b73a3a4a734.png,ac0a1c2bb8efd205434e8aa2a7fca79a225326b324f384a9206964e90317b77a,1596,1,1,1.030077,5.168152,1.2098083,-4.8333583,-2.7606587
1601,train_images/f2d2a0c92034.png,f008e474b6a447e03ef380c91791c0c4d13b5ce35f24aa8c638fa03fb1d627cb,1601,4,4,-7.8175774,-6.384223,0.70394135,4.0280943,8.389914
1607,train_images/e42d9a94a66d.png,e5f37761e851627c9aeeef6a37f88f065d996d7a3d0d30466ad3f9694196cfb8,1607,0,0,9.2497,2.7828112,-2.1874917,-5.782803,-3.5604491
1609,train_images/232549883508.png,46a1318cbdb2316ca0ab87b1c7339db435e5f223af7dfa9fa50894a29a0e0b06,1609,2,2,-5.1495953,-0.8741789,2.6009011,1.7979823,0.86006165
1615,train_images/4927945ecfed.png,daa4715fe4267e6936d42533b96667f7e3a197af3800d2ff9f7ca1946d6e912d,1615,0,0,10.181864,1.9623966,-1.5836873,-7.206486,-2.9677672
1619,train_images/276b14f72328.png,efa6a994d02fe8b3d1ca6fe2d45686c2d93062ac81c43472491e6ddc8ebbe746,1619,0,0,10.300911,0.63674927,-1.9854016,-5.582113,-2.798943
1627,train_images/1ee355480567.png,b28e299a9b5813f50796b02ed4ea9ae6fa40f803b0856eb0c7ae9e94796e8e8c,1627,0,0,11.891707,0.7229643,-4.685146,-3.0440102,-4.288263
1633,train_images/780f9daaa24b.png,5666ce883e975d68922cf4b02ea69a8543abfabdb3689e276d04ef0a5a1440f0,1633,0,0,11.429155,1.7913961,-2.123971,-6.2960863,-4.2755876
1635,train_images/1a1e974a7dbf.png,d522a6537d8decd131a983485b0be248e5aa6e9aa6b8e0f2b26d8a2ff0f5749f,1635,0,0,9.067057,0.4073906,-1.2650647,-5.446861,-2.4464417
1641,train_images/a8582e346df0.png,ac3c47f35f5139dc134e1bc994b05a26d60b139420d0f7a8ca83d78f7d648218,1641,1,1,-1.4240837,5.056405,2.7661147,-3.8473687,-2.9437628
1643,train_images/3de8ad4151e1.png,66cbcf069099a109144784cf52cdbed65c582bd189ed6505bab508f2fc678f40,1643,1,1,-0.12767982,5.0541353,-0.14428043,-4.78452,-0.3400526
1645,train_images/c027e5482e8c.png,ac3c47f35f5139dc134e1bc994b05a26d60b139420d0f7a8ca83d78f7d648218,1641,1,1,-1.4240837,5.056405,2.7661147,-3.8473687,-2.9437628
1647,train_images/9bafbbd152d2.png,b2b21e18ee0a021240f58f7f92ce8c7913a3cba5f2202e4013637b487c32a71e,1647,3,3,-8.671188,-3.507028,1.0653429,6.103797,3.9206824
1655,train_images/236f56771ec6.png,cd5d977b48c247551c4d0e9ed4271e86ecec237e8e2e83fbd9216861589f2cb0,1655,2,2,-4.4911613,0.46126366,2.654882,0.2905885,0.38005877
1659,train_images/0125fbd2e791.png,25be4933bcc2797c0e507cf4437e302bfafcacb941f48fd84657cda51fa33808,1659,0,0,9.731859,1.7461214,-1.8621261,-5.700852,-3.5210018
1666,train_images/76cab26493f1.png,38f1463f384537b957427664bd2362c07e87c4c4440e5d9abe426781889e59e5,1666,0,0,8.032307,1.2322254,-1.1539526,-5.79603,-2.032907
1672,train_images/6dcde47060f9.png,1925a6190454a952e98d2991a0d1e8186e02366a3dfd908f9c69a7536ec70b42,1672,2,2,-4.805998,0.38375473,3.191486,-1.1768477,1.598434
1677,train_images/d9ba044671e1.png,acc3ced85e64ef87ee4a2f66c4326f36913725fc428522ec96d4830443cc7243,1677,4,2,-7.6411266,0.40265465,3.7278342,0.013235331,2.4469857
1683,train_images/1c4d87baaffc.png,cb66e86c28ab48f1884c067226847b34c2849713a3ea380fd6a638fc2582523c,1683,2,1,-3.8404484,2.6255789,2.3386798,-0.2999642,-1.4920144
1689,train_images/9c5dd3612f0c.png,1148ef43d0b4873455fe6285dc8ceb484cd78580306a93c4b5241f737a8ceea3,1689,2,2,-7.9680595,-3.0798488,3.7468562,3.7187421,2.5018363
1694,train_images/90a9a41eec6d.png,455ba8db1b65936ead87395c768601a038aa37b296ba48842517c693f10a933f,1694,0,0,7.0708046,3.1329927,-0.9012375,-6.0017657,-3.0308251
1698,train_images/1414128bead0.png,26601a4b0fb6d4fcd0073632cc4960a991c8bd95d4157ecc6728aac822425d24,1698,2,2,-4.0859394,2.8766356,3.027021,-0.29987884,-2.1648836
1704,train_images/e07045d7c5f7.png,a3ec375b63b2938d9ef8c8a965ddb35d0e3b74186f100c48548e1d9f0b3bc6f4,1704,1,1,-5.1328335,2.300336,1.9747052,-0.30492306,0.39226437
1712,train_images/9782c0489eca.png,e7a8bab98625c00d1cd6862881761bf050ae20d903186a9d76f00680a07eddd1,1712,1,2,-6.4430084,1.6271248,3.3660417,0.4422078,0.12400293
1718,train_images/750e0168399d.png,70c839726639b98ed74da000659ab0ce6b167ed08d41450d1c212a21013656f5,1718,0,0,8.626701,2.604145,-2.0127258,-3.4785857,-5.3868036
1719,train_images/a7b03e58a6e1.png,2f3c05a967de252357cd5e3abf8350415244b6cafcb1f6bfc8d06638bc1be6ed,1719,0,0,12.586812,2.0813236,-3.196753,-6.4981327,-4.349455
1723,train_images/fe0e2dee1834.png,434ecdd9f3c6527a752e8e062602620532d634325f0f85d3261cb4b2a0997a9f,1723,0,0,11.859292,-0.10987282,-4.141481,-3.091989,-3.9276237
1726,train_images/8cb6b0efaaac.png,6e75bc959bdb8b067e277bd45a668401e8b78125e73108c563291119b73939db,1726,2,2,-5.393774,0.98251534,3.2744384,0.57254374,-0.20390892
1733,train_images/76c0c7e1b6cb.png,fc31247f5a56e32012502c4d52e985efa9b9f0128465e3d69b30f8af93355033,1733,2,1,-3.6718788,4.9843187,2.4401126,-3.5320616,-0.8676305
1735,train_images/d1a24527a15d.png,935aaf3323cdbc0d1c7337fe0b6517152729e768670cc4cdd287e1d8a7198ffc,1735,4,1,-2.034956,3.3900995,0.45667934,-3.0861225,0.7594199
1742,train_images/d1fa0f744620.png,70cca9973c460a05538c62dcb647d501096fed02faeeea88bfca80f371ca6833,1742,0,0,12.023163,1.5523748,-3.5218728,-3.5067792,-5.9344783
1752,train_images/07596907347b.png,ccc663ec7ae53ddd94654bed37bc5ea53511fca773a5223914b003627d7d8283,1752,0,0,7.0669146,2.8398046,-1.4562216,-5.05575,-3.2591324
1754,train_images/726dff37edc0.png,6c1fd0b2e780f6e5263649204b16682eb307425452b9d6beb1ac92dd3bbf5bac,1754,0,0,6.8701954,1.4451389,-0.6585407,-5.565471,-1.9069448
1760,train_images/0dc8d25b3f69.png,3b97dfb453d2daca29b966181c9c8afeb52f273cc7126d69a757195cb988ecf4,1760,3,3,-7.463192,-2.823038,1.3964515,4.213672,3.708449
1761,train_images/a2ad3da4c7d6.png,d6d6ce4fc1e64f8108a8d488235800cd2197f159dc04aca6b512b71c04950c05,1761,2,2,-6.5473137,1.7140608,3.094069,-0.20355546,1.0601659
1762,train_images/8433a032b96c.png,29f109f7e377e5c448e8593b84cb90c16f5fd024de502d8bc78f64aea303ade5,1762,0,0,11.140526,0.9643822,-3.1832027,-3.6571155,-4.736555
1767,train_images/4c389d033cb0.png,620dfee046e1ce23cac681f05d07710e27ac899e528ecb23ecb0b77aba95cf54,1767,0,0,9.892967,2.8325157,-1.9754634,-4.280597,-6.0081615
1773,train_images/daad7b617f21.png,d7cea345c1286e19f0a544d4cc7572187a29115c8c45901437f342854509859b,1773,0,0,4.69508,2.6842184,0.16986895,-4.8725715,-2.6659713
1782,train_images/8ab8d9b3ce3f.png,277d6b8f1f646c7375f0b37e84734f33f5d6691aa06173a6af1c4a988c4b5b5e,1782,2,2,-5.324896,-0.6015816,4.212666,-0.05750251,0.9538617
1783,train_images/e868c3da340b.png,181b2a618f48aeeddd42ea21713bb92ea2290da627ac3c0b569b4b276d12ff22,1783,2,4,-5.3676414,-4.0609818,0.107942104,1.7262356,6.694548
1789,train_images/b0cc9f8d06e4.png,e2d52636cd8bb55707721ee5b9565a04ce2d5c153d6abcfc4ab2059304ca5c81,1789,2,1,-5.324938,3.5331535,2.900743,-2.7379746,0.8013606
1795,train_images/d85d052900b4.png,a8f266a02ca8ace9b0430f15f41a9275735d8fcf41dc77dbe0be87d06d591419,1795,1,1,-4.0175076,4.8578796,2.6705127,-2.836362,-1.3821836
1798,train_images/da3a2275c850.png,b0f644c31fabcb0924a2be40d129713906df032a65c6079231a8a643d03e0d3c,1798,0,0,9.507612,2.4538746,-1.6083584,-6.510945,-3.4923658
1807,train_images/42a850acd2ac.png,6e75bc959bdb8b067e277bd45a668401e8b78125e73108c563291119b73939db,1726,2,2,-5.393774,0.98251534,3.2744384,0.57254374,-0.20390892
1809,train_images/500aad15b7c8.png,b4cab74575f727fb79b2380d58742180a9c3afdf2961dff742956a9b361cb0fa,1809,0,0,8.262567,1.3221111,-2.6988392,-2.292081,-4.295903
1817,train_images/9c14ce27cbfc.png,682ab965693e0d508ad9a0d7024cedb5af527ddf12e244feb1fd17851bd12535,1817,0,0,13.116082,-0.0029830933,-4.450352,-3.586473,-4.3936157
1819,train_images/530d78467615.png,3b26186be5348381728f79c58fe26b0bb8b31f9588df7807eff5cd00ec1f1819,239,2,2,-6.161497,0.71748924,3.0890708,0.09893036,1.3476224
1822,train_images/1cb6961d141c.png,0a282f1841f895ce3ff61514bae869d3d84d3156ffcb10d918e115cc0bdbdbb2,1822,0,0,9.881265,1.9138603,-2.9630356,-3.6484237,-4.7683096
1827,train_images/767d777ee889.png,f4776054dcdd69171fb31625a2134ebaa0d5c178d2df9d99f6c2375286ad93a8,1827,0,0,8.7512245,0.22512627,-2.2387686,-1.9055936,-4.5190396
1833,train_images/a01024054596.png,18de4ee563e2afcdef73481368e71dddbb0152719edfb26b2c2ef3663941ab54,1833,1,1,1.0069141,3.658144,-0.61368084,-4.440029,0.18631601
1834,train_images/2a2a6435f7f3.png,b198115d30e24849d19156fcc1c48947d03dcfe03593ea906178a7f04cab188c,1834,0,0,10.850983,1.822485,-2.0564387,-6.382658,-3.7631617
1838,train_images/1db6bb46c102.png,667271dc624ae5a5d8fc35e773a02d271c9430a32beb1c504c9f038425d1e5ee,1838,0,0,11.401549,2.4329672,-2.0228987,-7.03684,-4.2535825
1848,train_images/2682e6da9050.png,fda331cd2248f6ae05a5a6315de6598563c1eb8b23adfc6d7b270cb4018d4770,1848,0,0,11.517838,2.2210894,-1.8783722,-7.7108073,-3.442146
1849,train_images/38373431d996.png,202f31dad2a9702e11bcad44bc2a963ac2f149ef7d26ca4c6681a4a82f4a9923,1849,0,0,10.05923,0.8486624,-3.7626255,-2.298297,-4.3923697
1855,train_images/07122e268a1d.png,f89bca08645bd43831048e7c322c5cd6bb8ba0ada7326c01db6d764ba6692dbb,1855,4,4,-8.0345,-5.654122,0.5196214,3.1637568,8.879896
1861,train_images/576e189d23d4.png,8ea059e7be658eea6afce4bb6ebbc84d7ba8d64761d1159014b6e89da855ebb8,1861,4,4,-6.3786945,-3.0506406,2.9273381,2.6166668,2.9558473
1862,train_images/c9f0dc2c8b43.png,1148ef43d0b4873455fe6285dc8ceb484cd78580306a93c4b5241f737a8ceea3,1689,2,2,-7.9680595,-3.0798488,3.7468562,3.7187421,2.5018363
1867,train_images/9904939ab83d.png,e9c54dc9b548bd9eed5cec94cfdc20e4fc774ac44c543389ad823d5c7cc0cef0,1867,2,2,-6.062256,0.38773632,3.1130223,0.5066427,1.203032
1869,train_images/f71bea807c96.png,449698475c4b481a5ebb29338e841d283d959ea6f28b3c613bee594cf7914bb7,1869,0,0,11.997836,2.5925417,-2.487635,-7.008968,-4.5277343
1875,train_images/70f5caf5f305.png,a73d35d246524252eb859a2c1fd04bc6fe24f7bf9eecd34628414cfc305282ec,1875,2,2,-1.5283642,-0.59274864,2.4117646,-1.292995,0.44833565
1882,train_images/3bf3085ac167.png,69e21837e7817cfb045f20731119d21f69c45422cb9d3a0fcc9d31d110068383,1882,0,0,12.593232,1.7589226,-2.699929,-6.908549,-4.1325083
1887,train_images/8e67f2d7e0ee.png,a87a5c8e678e4f334e3ce27835372ffebeaa846fe5a803b6cc59f8cd2ac5d8ea,1887,0,0,12.619096,1.8909826,-3.287872,-6.282662,-4.3313518
1894,train_images/08037e4490e5.png,374785319e9e2617a635e4be6d691e8832c1800507e80d4c06504b415c2fe963,1894,0,0,11.9659815,0.015516281,-3.917587,-2.8634834,-4.5962925
1901,train_images/94f9ecf4b8d2.png,562ad627706a962544f5445789ff7d0dd3b568233f9dd3fac32138e58d95e35f,1901,0,0,6.220104,2.8219967,-0.84631014,-5.314473,-2.6807828
1903,train_images/15bed5adde74.png,2817a15678bdb13074e128471cbe84d4e82b9b817976cd1cbf979bf709557e3f,1903,3,3,-5.5558815,-0.94439983,-2.288051,5.3258877,2.702599
1911,train_images/cf603a9ef2d5.png,6a1b77857df50d74466b897855294c99b2302f5478020cdcb401bacbd89c14ca,1911,1,1,-4.509056,3.3757877,2.5977988,-1.4403453,-0.75158453
1915,train_images/7e4019ac7f5a.png,be75897eb2dce12ca4ca4a790b5be65a4b821f261dcb6de464ff01f39fb16538,1915,4,4,-7.5147324,-2.8790507,3.9460654,1.0741664,4.337292
1920,train_images/300305ce82d2.png,47217dc4db58c4cb7b1c1dec3c548ecd7523f7422e39d460cd8b315431cf2a48,1920,2,2,-7.279768,-2.2952137,4.3081822,1.1443424,3.0828214
1927,train_images/542964865b1e.png,72e83653f52966cf9e6f0ff223934de19cb422172542597f43ed569ec4bf3149,1927,0,0,9.4842615,2.6793737,-1.2982869,-6.930961,-3.6070077
1934,train_images/a2dff8dbc9f8.png,1096c46537ce7158ec326a0b403f3f20159c6d1f8a7ba8c9ca9d8d7d5a04e28f,1934,0,0,8.337184,3.133544,-2.4223588,-3.7614636,-4.9849577
1935,train_images/a9a3225cf4b5.png,925cd1357b706962ecb1d96b1e0ad58f456cccb08ba95f827c6b24c91ba1358d,1935,0,0,9.952154,2.5865812,-1.2580233,-6.6322017,-4.2435493
1939,train_images/2994f17f58a5.png,91691eb24c7bdf2a9a84be902b8a6b86880f6d09223554e83ab111eb49e3e725,1939,1,2,-4.893818,1.5571871,2.1663003,-0.70209694,1.130033
1942,train_images/28dc010a0780.png,fbbe3a196ec19fa9c3806cdd3fff59c456827fd0d3ade97d82e96dd323e52a43,1942,0,0,11.057562,2.0108938,-2.4702318,-6.0904856,-3.9985447
1950,train_images/e77a93c3d9a9.png,eb5ca55bfc92b8590513a6bba5196299aa503e6a5e2b85a93a9c80f21ed75e2c,1950,0,0,9.952483,1.802392,-2.1091068,-4.976075,-4.130564
1955,train_images/7b49041cbf17.png,12f59d5797391415c06f352997d90b6823b7aec15a65d253da279cf9803692d0,1955,3,3,-6.8763065,-4.6482806,0.7697253,7.070251,2.7193084
1960,train_images/6cb98da77e3e.png,026b573652957615c6c77503e4029da609bc01519a20a612a26f3d88fce4b484,1190,2,2,-6.4661617,-0.66631126,2.9430375,1.1381078,2.1124597
1961,train_images/93a1b984de84.png,fe4c75ebf284a3cbd8ad6c2f6013ae65441464e6d49d8ccbb0334cc019e28e77,1961,0,0,10.922157,2.6575832,-2.2711265,-6.6563735,-4.1715536
1964,train_images/1e4650743fa2.png,2a7ba33bd0ecf3c97e5900b1163306e678d713962dfed19dc17e9345e46cba06,1964,2,2,-2.707611,4.4195023,4.8085303,-5.545193,-1.6174326
1975,train_images/bc23f74e14dd.png,bcf83579589cb0b4d8445e35da319c20c1f0518ba9f35753aa198c6511c51d12,1975,2,2,-6.0727844,2.851369,3.0184712,0.11630881,-0.74442863
1982,train_images/99240ee00485.png,ed23d8b9d6c295958424baf8783897cf0eb95edb403e43bb03e244becdbe92f0,1982,0,0,10.873179,2.0965967,-1.8449364,-6.893334,-3.7684464
1987,train_images/f35d80bb1a22.png,ee817cab46238f40859ef64dd9e09870c736381bb3a30a7a44e6d11acfb96306,1987,0,0,10.51988,1.2571115,-2.2113287,-5.8913965,-3.2292156
1993,train_images/655cafb4c932.png,c7b16c240823c4dfc2d5ad9dbf3ed06aedb3d777628d3dd16d7c4c4759f534eb,1993,1,2,-4.211298,3.4539194,3.8240952,-1.9679887,-1.8313575
1994,train_images/e81f4a2fbbdc.png,b2ffb1a1754fc9c032ac8bc2e4d1b44fcd8ccf8a87ea9fcdeb1b8f5483682b22,1994,0,0,5.747244,2.6006403,-0.03682661,-5.2617607,-2.8667383
2000,train_images/4fd5ec0dca09.png,fcf7f0b60167b2fc4a17cafed5e80fd2923319cc9d6812de79c2ab4ccf0b1381,2000,0,0,11.12961,1.2762213,-3.6956956,-3.7658076,-4.3880997
2005,train_images/d2c5fb82fe5f.png,44ac0189e306be3720e461f6006d8d8cb4b8e830ee4f9464f56553249d80160b,2005,0,0,13.657116,0.88578224,-4.880746,-3.5058494,-5.3872147
2008,train_images/6653ad026901.png,433823672f0eea8f6f9dee8ec8647b4f4cab7ac0ed981cb4cb7d3cc5702083e0,2008,0,0,9.473757,1.7113419,-1.954531,-5.646505,-3.238194
2018,train_images/45e4b7eada54.png,16e8576462425bf84c4487cd4e074c877109c2433d4a989e0dcaefe3fd18b371,2018,1,1,-0.86346626,6.4364853,0.97494125,-4.3369403,-2.5953727
2022,train_images/c4a8f2fcf6e8.png,9dfd23546cd3b6ab2721de2249cdd50358eab0aa4a2f91bd7715257a285e09b8,2022,1,3,-3.660925,-0.5874052,1.4952998,1.6002485,0.5145855
2030,train_images/f90f8931a9bc.png,147730d9da53a1c3542fdb2f3b4b70e895e2a7fd5ee588eb2f9fe31455382571,2030,0,0,10.541662,2.5890188,-1.9691827,-6.696936,-3.998135
2037,train_images/8dafa62f9322.png,d523ef4b9f0db020dc242336b470cf9e3a5b6437af8503ef0d5379b78670c7ab,2037,0,0,11.214211,1.8977871,-2.2258022,-6.6753135,-3.7277696
2042,train_images/e7291472109b.png,158b5395c1d35c76d2fce8c4fc158c714857963f1adaf4017e91c5ffa8a56874,2042,0,0,9.6237335,1.5066538,-1.1343141,-6.388186,-3.2855897
2047,train_images/7bf981d9c7fe.png,161dd429014bc71e67ec7e6ac6d80db95d8fdb796ab7e4eef660e64054fee6c6,2047,1,1,-4.892605,5.3046207,2.388348,-4.153393,0.600719
2051,train_images/df4aec4a0eaf.png,5ede9972b43b000bdfca21394fe1327efae276c80432d1438eafa7d81f6e2c8f,2051,4,4,-6.7755337,-1.089715,2.3237176,0.25082755,4.287905
2057,train_images/a81b06f50612.png,427402c670d8763c0916c31a467ba6ce010c884bcb40367835c4355a40ec64ac,2057,4,4,-6.3538837,-3.1068125,-0.40331268,1.9519749,7.0007415
2064,train_images/09237bf783a4.png,2025ba2bef42c6a795c6fc62e924adce382ce24a5b6cbf94bba317c3d3af6401,2064,0,0,12.463152,2.0812683,-2.9706225,-6.563725,-4.4062123
2067,train_images/155e2df6bfcf.png,bb50ade4b2929fc1c1a035535a4902b175bf37bc80f2174538b0c5a068eb2670,2067,0,0,9.775846,2.6087904,-1.6747389,-6.7533374,-3.6028638
2074,train_images/6e1db8711879.png,40f21c81a10b1f5ae005e2ac875861371c773852e1711809d1f43089c438d1cb,2074,0,0,11.172925,1.619134,-3.54933,-4.320521,-4.370337
2076,train_images/6ccfdb031184.png,fd0fb957fa7c344ce453555f8eb0823006782f8bf622418a44cd7be9308a37a8,2076,0,0,6.8681297,4.1809025,-0.8183503,-6.760015,-3.2179327
2079,train_images/756b0d6488bb.png,68c7cb277cefda504182173d2841ff9dc3b798914a47e39990a4dd8371bd311d,2079,1,1,-3.5330048,4.884574,1.6933284,-2.894566,-0.7789459
2086,train_images/e34fa07bd64d.png,cd187e712d4e44117c967daaab6b9d1627c630f3b2f97b701e17a4196d69e06a,2086,2,3,-8.569721,-3.097383,3.574288,3.596569,3.3395696
2088,train_images/f1d719c97838.png,418b69eca7730d6981eb3d1e4f4a10c9b2ed9bb4a65f99bcb427531efe5aa975,2088,0,0,12.233929,1.6586046,-2.444156,-6.4798374,-4.3843
2089,train_images/064af6592ba6.png,f2cd200eab2a16c2f29bce2824f2a5bd544d0fe00a88f4de088807639d397efb,2089,2,2,-4.292427,3.4859877,4.3228393,-4.4915347,0.18921375
2099,train_images/d865997a6280.png,a19ba80be8f00306144af8d702f222152d74c8b0544f0a9feda78350e0fb04e1,2099,0,0,14.187426,0.63020706,-4.4348993,-4.438766,-5.198311
2106,train_images/ad029ba7fa8b.png,6a16cddf25d6e902e02543c69257f3115c3c5515059e09bb601fd92f6fff73e2,2106,0,0,10.298561,-0.2956438,-4.260623,-2.4298458,-2.8475204
2107,train_images/9519a590985d.png,60b208137e97bec7080f99b559f7bffb62501ad7f3a81e5ae44668f73f0b17df,2107,0,0,9.56791,2.4544802,-2.5221124,-5.9293647,-3.1920617
2116,train_images/daeaa5d8cf70.png,be974d57913abcdb67226b4737c93bc917e8b64d15054f3c849fb210314f30c2,2116,2,2,-5.67943,-0.47168446,3.9230752,1.5965476,-0.23623657
2121,train_images/6666c4f18396.png,b3f9c78e16f9fb1f2367922f1676f1db359378fc0a46206417b8339dfdb1f8e1,2121,2,4,-5.0286407,0.89140606,1.5073166,-1.8330293,3.6196818
2128,train_images/12a82fc7d73e.png,f1cf91fe69a80e85ddd8ff5b618234fb8e312613be4bb905f47b31036462be2e,2128,2,4,-7.568079,-0.90820503,1.9132137,1.2731543,4.2593904
2134,train_images/fca931da5c5e.png,7c65aeb15e01befe2cc3e5aa8dd3bf84dde37c28c1d6c663861148fe1ba32fe6,2134,1,1,-1.6753178,3.8407774,1.1995645,-3.8258214,0.012748718
2137,train_images/8329e80c10ac.png,22fbfe29087ca4d07232038427f9cdef29417040af999fb5b7b156811274dd58,2137,0,0,10.29699,2.3297615,-1.597806,-6.8419194,-3.7543192
2142,train_images/150f92b45349.png,3e9b7de53b8a27cd46a1ca7e9bb5e28d71e01971073bd44503c910f19a0fc29e,2142,0,0,11.011127,2.1199322,-2.750012,-6.597506,-3.297778
2145,train_images/2376e5415458.png,b915306c6f1644cb80e11b58c039e006482cd65046e970c66792c980c7f7d29c,2145,2,2,-0.3412285,1.4611082,2.2929473,-2.0379233,-1.7212157
2149,train_images/f066db7a2efe.png,6a20c25aab24f0b886ad537fcf5bb9d558434fce0f27c7b8ebd149fd5dcccc00,70,0,1,2.7062035,5.9605293,-0.85159683,-5.782579,-2.0989876
2151,train_images/2f7789c1e046.png,794f16cb396213fba7aeb65cda607d7a8545c0ab695df0a9f4337888cf347636,542,4,3,-8.521818,-3.4824972,3.3681302,4.390501,3.125318
2153,train_images/aba3063c5413.png,05b59731a698d5f4119df6b4907c4042b0bf5ae3a77b12128b3cdbf19027d174,2153,3,3,-6.7339497,-0.8872175,2.4277148,2.7294269,1.5792146
2161,train_images/4beeca5cc859.png,788cc2ab64abaa80390249d9c9ba44fb36226e8ab931b9cfc2f25d5e4d8c3b77,2161,0,0,11.386798,2.2422857,-2.4550564,-6.476112,-4.191883
2167,train_images/56e56aa08362.png,9b8634234bea65394926f3cef814b700064ed8e41745af4f516633b973fd0318,2167,2,2,-6.42107,-0.9114456,4.3844123,0.3140167,1.6893439
2173,train_images/76e5b50f95a7.png,b50afc3a5403141fc3ae8258814137bd0dd6a75fbfa58bbbef08fac92bb43609,2173,0,0,6.979849,1.0290012,-1.0191641,-5.4451203,-1.3513689
2177,train_images/52886bed8a07.png,faff544a400a41b36a35e672231605976a592aff18a7ec905b1f64bd023492b5,2177,2,2,-8.346806,0.008901596,4.8764367,-0.11733663,2.4509463
2184,train_images/2399d68d407f.png,d56bbdebd7089dd1abda0960fa2787fc80e446f9ae0da8052d468e946ff03abb,2184,0,0,9.884835,0.63046837,-1.8993812,-3.6673079,-4.5404043
2190,train_images/6b30767595d8.png,913c43d4ec7f9b52e75dc5226d6ddde6851d3a8091655a622c1e23429f797ee5,2190,0,0,9.844364,0.07853222,-3.1433692,-1.9103231,-4.4618597
2195,train_images/86410aa13b3e.png,c78537822e715ef814ce25c57536df6cf1ff929ed0f7390807cf04ed4de07570,2195,0,0,11.329545,2.3456278,-2.277431,-6.965174,-3.936318
2200,train_images/e9678824215d.png,8568b9c405342dbf2e567b2cc621764b9126ad8a9a3a829d2019f8e468cd05eb,2200,0,0,9.387508,1.4591522,-2.120336,-5.6069393,-2.7794137
2203,train_images/992599744a23.png,67a3b218ea00af56693b86ed05fbe9c523dd56122f069886ef780b78d94d3653,2203,0,0,8.607631,1.9308271,-1.2372975,-5.2927046,-3.582158
2208,train_images/a9e3d186cd1b.png,3128b80a5a7b323fdf2548da2fa2854c74069e725ec142fdf8e222ce8a5d5068,2208,0,0,9.45388,1.7602196,-2.7792363,-3.3014293,-4.74058
2213,train_images/ba4d2c4b3039.png,8dacb7eb33942908c52e51c935af1a4e2f3ec7477a11e7d008135520b5d5729c,2213,4,4,-6.545496,-3.7168765,0.8532109,3.4849317,4.9798417
2218,train_images/ca05f7e7801b.png,db54bf2ed324cc8cbb8ea3aed2af4104f8392606b11f71ccbaa5f6e253ebefb5,2218,0,0,10.865694,1.4912214,-2.6294956,-5.0317564,-4.2029276
2223,train_images/0182152c50de.png,39176e0df5b89f9052c08be28e87e149986198a3af65c43af9a2345e032e4589,2223,0,0,10.9308,2.266386,-1.9570303,-6.6352887,-4.126338
2231,train_images/7af4d8704032.png,176161f22b5a47bccf520632609830ced572c03e98cb9fdc4d9cc4823c6ee297,2231,0,0,9.235045,1.8071184,-1.8838804,-6.203914,-2.6199098
2233,train_images/ad944bd56bb6.png,08557957e4ddabc887999c937d323505165312b57ed3988475afc58755200264,2233,0,0,8.941962,1.0930653,-2.553489,-2.9003425,-4.220236
2237,train_images/e2ec22b3d07e.png,846bf8db7a3da1bda90bd461f5b20eb5e0b6414a3d1fc8c53281de55c78341c1,2237,0,0,8.401794,2.0358133,-1.5602841,-5.711107,-2.8204403
2243,train_images/901a3552fe26.png,02e82b18cb0e6feadf1d0621559a001213a4b9167942de27e1d23c62a5bbd1f7,2243,0,0,10.589469,1.960207,-1.8572495,-6.546441,-3.7017796
2250,train_images/75238d945315.png,c2b1e3fd648ab57e5acf77eb6104efda35d8f0ee70fb4141087c8cf12c608111,2250,0,0,9.993559,2.205431,-2.1904013,-6.3326225,-3.2575703
2254,train_images/a12ca80bb8c7.png,ad34bfc971f4b40e6071af8b0fce32bccf02eb32f6d8fcb1e850cae10a344291,2254,0,0,11.24155,0.5412264,-3.7754536,-2.9044023,-4.5674133
2261,train_images/7a39c91416e2.png,a338358233d27f11a303f01fbfdf319bdaa0afa3871449d0340db3c674a7a931,2261,0,0,8.696176,0.41712856,-1.5856318,-5.272047,-1.9724908
2270,train_images/e69b48516577.png,644bf3410b1c427c396262bc9b644cbf35ae3cb8804325b896d8c429d9ca974c,2270,0,0,8.916929,1.9660015,-0.9432044,-6.0826993,-3.3176565
2275,train_images/4409965eb2a4.png,27c667efc74bb6836582130da5eec2c15024fafe9c89b40ef8856efde39d68f1,2275,0,0,9.572971,0.8376341,-2.405325,-4.814833,-2.8584933
2278,train_images/753b14c27c83.png,ad8a66d9a97f149009644393368b69cb9d39fb7a2b835bed09d624e6c6d4ed28,2278,4,4,-3.7540455,0.97966003,1.334847,-0.65835905,1.4364829
2282,train_images/05113073b268.png,a132fb8c543805f3ffcf23a7de4cb621f35707d1462b066075cf8573e50c7c53,2282,0,0,6.1352654,2.45819,-0.041403294,-5.320517,-3.0621338
2287,train_images/e0b5a982a018.png,0c127fbe684ece2517b408898e9c83b797fa7cfbcc8f741e64d5709d798552d6,2287,3,4,-5.596451,-1.8274364,1.4711423,1.8924458,3.2302623
2294,train_images/dad71ba27a9b.png,73808f3e2e3f8f69f0855b34d9a10c4b90e354dfedb1b800ea0ce55cf442d743,2294,4,4,-6.6173763,-0.6076174,0.019939423,1.37914,4.8998084
2296,train_images/ca7f5caddf96.png,47624817f97986d069b3f87b2cad221365224070552506f8227ba1292f8dbc44,2296,2,1,0.9499817,2.7152128,0.26478243,-2.4313393,-1.6812177
2308,train_images/0161338f53cc.png,e00a95f1bd202fe395d509b23c635c75e87f0d66f5b7610149c92ba3e030ccb3,2308,2,2,-6.4605103,-0.31041622,3.6556764,0.39868104,1.7237544
2312,train_images/1b8ad0afe9fb.png,c4cd5e14da5bd2b7834748065126dab4044d43c733cddda4d21e0850082bc391,2312,2,1,-2.6492977,3.0411472,2.8400035,-3.5868926,-0.21417236
2317,train_images/b0f8613305a3.png,6112c78e9666203e3459d5d5c17c2d7e7958b016a48443e3344e2f5720faeaa4,2317,0,1,-0.19073296,5.2726383,1.3605089,-4.8444467,-1.9735584
2323,train_images/38f1901f214a.png,c398c80291d7bd9c1d47f92e601e4dc36659770906399a5e69970598cd2c9ce1,2323,0,0,9.621444,0.73918056,-1.3276181,-5.4337687,-3.1574502
2327,train_images/2a099b247b10.png,1c9c4feb7d81aa1fd39cf6ded9401eba292af4cad28e7e3397cadc72c5bab358,2327,2,2,-5.554474,-1.9124899,3.9597077,1.4356852,1.1348577
2335,train_images/3fa4f4d77177.png,f66d6c75a82aa7bd5a3d6bc6e0b7972c6fa49415cfb1e5f5f61f8f95cec0e33d,2335,3,3,-6.8240433,-0.48797798,2.0501914,3.4809842,0.8702445
2341,train_images/4393c5bc576a.png,710b254e55d4078ed04a240bcf1be963a428adc546c7f60c1d9b6ecc0caa13fa,2341,1,1,-2.3036728,2.5183353,1.319663,-1.5207353,-0.6210065
2347,train_images/57760be09c03.png,d98feb03d0fdb12fefb92d0d3d1a49cacbbe5d950ba594b583ed395f4c27cd7f,2347,2,2,-5.3856907,0.99043465,3.345491,-1.7491794,2.012733
2352,train_images/a3802934bad7.png,e97cafef35db45cbf8b2c0005b1a1fd3c6d0d664fe423520f580caffc46c3f3a,2352,2,1,-1.6035824,2.9248638,1.5604901,-3.238316,-0.12134123
2354,train_images/875d2ffcbf47.png,8f2af6232c95309e34bb956b01db3fea4432892f2b8a7e495b95ac527ecb4d73,2354,0,0,11.637633,1.9730082,-2.7168427,-5.8695126,-4.488488
2357,train_images/6b3860e8f64f.png,70ece9713bfdf5149d4be90a88ac22ef00988ea1c73b35d61f4b0854c86e1ac5,2357,0,0,9.094759,2.0099897,-1.4637289,-6.417234,-2.9120908
2361,train_images/03676c71ed1b.png,634c4ec3d9d4a006756f6cfd33afbddf69b5c148b795ec684b4f43e1dbd307f3,2361,2,2,-1.3617,0.9014559,1.624908,-2.054764,0.37069178
2367,train_images/2b10f138e67d.png,8cd436a82a1c44eba06fa0383b99dd65bd5ae22aa993cea2d8c64b338213345e,2367,0,0,4.123459,1.3726358,-1.1935592,-1.5007994,-2.8550553
2371,train_images/94dcb491143f.png,bc776e85c45745ef9814c1e07406213517e7542be7f4e7c68b5b2d8abefc6b6d,2371,2,2,-5.816353,0.77666473,3.8418317,-0.12942564,0.45725584
2374,train_images/4205e9deb058.png,7df35ecff11444b12a16ea69f917b69b0947cf51ad13036845161dabcfc84c4c,2374,0,0,9.945725,-0.10225201,-1.706924,-5.771135,-1.9630332
2381,train_images/ae8472f8d310.png,69d301d97ff58ff8ae4a389133bfefa0b8d960d3bbae2e8ab5c51dfda911a14e,2381,1,1,-1.1000004,2.6503887,1.6795955,-3.2091866,-0.42636824
2388,train_images/4ed31cc07366.png,2c81f6e500e1b8168456cb6382f67af117e01a6f516c39691e348bc401de4e15,2388,2,2,-5.536543,2.403698,4.6361136,-1.9930487,-0.3920951
2395,train_images/922586d86cd8.png,f4ff5fbd440d389f416707a8e58be8ce62366966fef1785dfc5eaeb81fc512c0,2395,0,0,9.292576,2.4950142,-1.6456285,-5.738465,-4.068134
2402,train_images/8ae049175db6.png,a0327f55ebb7e7792ece4e6971063ffac104f2b3e7b274331e65b00549f29749,2402,4,4,-6.031702,-2.3824368,0.6419649,0.39799213,6.5062814
2408,train_images/4826d10030b3.png,0df8038d236338f7d5628448e23b5e775698dedb6209645663adff73dcdb118f,2408,0,0,9.670015,0.17867851,-2.4217072,-4.868781,-2.2353044
2415,train_images/c57c164bca05.png,0d43c58bb2e6e42ca01ff361441f27685d48a6f4ecada823bc2cf5abe0b015f0,2415,0,0,9.552313,3.5395184,-2.0511096,-7.022099,-3.5017707
2418,train_images/8c2f0f04e1ed.png,ccefde9364222214289a2640b4ea9e2d236d7e2db64151ab2cccdabd0c930700,2418,1,1,-3.080492,4.1713047,1.3431554,-3.0180364,-0.025361061
2422,train_images/01c7808d901d.png,1115fabd82b144b4fcd66093c3182b59c98902fd0fdd54007d1c80c97a3135f0,2422,2,3,-8.285469,-2.3282804,2.9977698,3.7163153,2.8031
2426,train_images/c6a145742708.png,b09a7072d43734b129210c6dd1ea19255665006295c3bbdbc89e2d88c0194648,2426,4,4,-7.619093,-0.9570503,2.7844481,1.3922453,3.3587728
2433,train_images/ef8c39eb9157.png,31524562fd4008562fc3fbbea6c38aebbc33efd25bb760ac0beb5cf22e25e19b,2433,0,0,10.611003,1.8825998,-3.801037,-3.3814993,-4.8245716
2438,train_images/4dbce359d0e1.png,123df5fb3be9f751cacca8013571b8e8f2bd0f453e4d9101ef3c696c7dcc196d,2438,2,2,-6.3087826,0.54768085,3.9281201,-1.9591274,2.873752
2442,train_images/789c60cba801.png,8f84819a1521a6264da2cddb81bc2c164547dbe84f4fafdced52c68781e6a133,2442,0,0,13.257976,2.0815954,-3.8392968,-4.886673,-5.9094086
2446,train_images/d2fb715b0c41.png,ebcdc45531f354cccc2b76217ca3b03572fdb56cabc0cd65a6a96904dba56dc4,2446,0,0,9.273357,1.8819294,-1.8604045,-5.569368,-3.3895714
2453,train_images/d66ccb75ada1.png,ce60ed83d441171ce046727900c568e1dafa98d74aa87d9cdf6fccec7550497f,2453,1,1,-3.6920128,1.7680445,1.6591058,0.9194858,-1.2259474
2455,train_images/1269ab57c2e6.png,d8eadea5cbe58c643ba71d787f020969df3059c27dcb81af9f7a04dc5cf848d0,2455,2,1,-3.072071,5.1774483,2.9799495,-4.36419,-1.3354211
2463,train_images/78a577c3e0bf.png,2fdb4cf4ade9ae3f3d71efcb7b446cdbf32cbfe6f14edc5773ff385040461e5d,2463,2,1,-5.7401104,3.2675,2.8546062,-1.3380306,0.1608944
2464,train_images/2da82d14e1b7.png,e6aed037a8093c646b0db91fc91b9dcfc5e60a0cdd6df73c078e3e82bf709ebf,2464,0,0,10.082569,2.3169432,-1.7792048,-6.5331035,-3.6980846
2466,train_images/cac40227d3b2.png,e00a95f1bd202fe395d509b23c635c75e87f0d66f5b7610149c92ba3e030ccb3,2308,2,2,-6.4605103,-0.31041622,3.6556764,0.39868104,1.7237544
2470,train_images/d868acdccb5b.png,1435a0b2fa02c68ab1a75a0df609cfc3413de86d39f6e210199f02821e76cc11,2470,3,2,-7.2832413,1.3182383,4.1929574,0.63285303,0.1648755
2476,train_images/e580676516b0.png,a0864f503de991468b53943aa937a6c58521f7bd98862dd9c5d46c31435b2b80,2476,1,2,-4.4997387,1.2410984,3.4558272,-0.50241613,-0.47269773
2482,train_images/ef5155990874.png,7b54f6ab71aea3e09a962eb037f175929bc4796e4575b8bffb40b123a1918a9d,2482,0,0,8.286729,1.5171089,-1.9498549,-5.814432,-1.7961469
2484,train_images/535682537302.png,4681f5b794d3e945a408c494d02d26997c5ee7b6d102bd2105520f3e643ec269,2484,0,0,12.362541,1.0281315,-2.2115517,-6.77871,-3.821693
2492,train_images/e4210e7fe587.png,bf04e3b43b2e6eb4a6fe81b2b89781951b950456ba1513f25126e6c621f6cda5,2492,3,2,-5.200939,0.30614948,2.45268,2.1304274,-0.4275694
2498,train_images/cb0cc98d7e35.png,9e95768d42b3d79a0d6a26fbe00d0835a8d3c568a95d652db9f27d95877e9b6b,2498,0,1,0.04209137,2.3782387,0.25110245,-3.605853,0.5482235
2502,train_images/144b01e7b993.png,d9693f423433ba9af946e90eb9c4ef4ca1437c9be236e3087d8decee8a86835f,356,2,2,-8.421637,-2.695117,4.0550094,3.3252926,2.6450753
2504,train_images/92fcf50b3562.png,d17906e8a561ea9ddc8d5622f8544307e2ba003a20b0e4341a5f35e5b4f2a14b,2504,0,0,12.155026,-0.5056038,-4.566345,-2.3378396,-4.119669
2505,train_images/ead23cc922ed.png,1fa24390ae066516e0117c1a9f493e5023273e8050efed4498bf80880fb68ef0,2505,1,1,-1.6232185,6.6229725,2.3211675,-6.4898176,-1.3182077
2516,train_images/6028a575dc27.png,bf7d1e601f87eaa4271d662d78c18319f8b30b226a304eb71ae9d62b248290b1,2516,1,1,-0.56567764,3.5152607,0.5162926,-4.0459943,0.24821377
2524,train_images/fc603cbedb41.png,630512f98818a4c2595363498973b4b834d2b1a18c0ab4dd455af015fc4d2d93,2524,2,2,-8.301367,-0.450428,5.0261464,0.19141626,2.4153552
2528,train_images/03e25101e8e8.png,3dcfae019f3fabe5ea1a47129255b62456d364a16c2c1ae66012b8a3ec3748af,2528,1,1,-4.1303997,3.1686316,0.96658564,-0.31265736,-0.34068155
2530,train_images/78937523f7a8.png,66c3f988307dd066d583872f7cc792a5ea95062e9a7121f927b4e444788b849e,2530,0,0,11.431825,1.6033697,-3.881977,-3.5936322,-5.000231
2536,train_images/67d8f94f04e0.png,8ad623f1b8708cbe24b87279ee56c3ce2875273054fc5e406e723ad08fad0457,2536,0,0,13.429692,0.8666649,-4.4840717,-3.2294407,-5.850932
2543,train_images/c013e869acce.png,9c6d3990012804b205d6afa0840342d44a0f650d1bba78209bec57297b06f056,2543,0,0,11.662601,-0.03740883,-4.013725,-2.3719263,-4.653763
2546,train_images/fb6b8200b7f8.png,efe88d6e4a34ba6c2619d6373d4893afd92a9199ca878bfe60c0b1daa1026c1e,2546,1,1,-3.126608,2.85462,2.0738816,-2.426556,0.016361237
2553,train_images/4a96c28f3f07.png,7d8c53468983286f39cbd24b2d9e094ef4e0ffb14b48b61acc30a5ded6828e59,2553,0,0,12.669049,0.62723064,-3.7998607,-4.092392,-4.769968
2559,train_images/e59c5f345bb0.png,bee07f0075bcae99f3a3915bdc6d12097c756bc0dbac9ec2dbdbc03e5958d16c,2559,0,0,8.917155,1.9058867,-1.8321457,-5.6117535,-3.0861435
2565,train_images/03b373718013.png,77063493ed4f060decab93ef02d5b3696744a55717b099541e1bc8ba2cde8584,2565,0,0,10.819696,2.713046,-2.5893931,-6.312453,-4.1342883
2572,train_images/0cae727cf119.png,0e293997f5daa55c8392ef37a1706f74b79aec0699fd27f0bc249f4410f47a65,2572,0,0,12.994882,-0.20428658,-4.1922593,-2.8762631,-5.0613713
2575,train_images/0d744aed4d64.png,4fedeff5c27d080183e6f26c71c10323f1a576cdeddd8f5c65ada2ca6dff51b6,2575,0,0,11.859125,1.657898,-2.080392,-7.01769,-3.870586
2580,train_images/10de500cf0c5.png,daeb69e832bac8b081b0fc817fd0b10b8af7eff07883da17180a504f10561346,2580,0,0,13.249347,-0.14797401,-4.8199406,-2.9916463,-4.5989227
2586,train_images/1608c82a263f.png,f09fd3054fbd413d7b2a94eebf5cfd4c0499c648e577e42410e76f16143be454,2586,0,0,5.893894,3.3535414,0.18985224,-5.4916434,-3.7564301
2591,train_images/19545647508e.png,7e1b13bb1898c82778c50763a1f2abe0e27127f54eebb2bfae47698f04551500,2591,0,0,8.143359,1.3735304,-1.3749495,-6.182894,-1.7078109
2595,train_images/1e742358e0b9.png,540aaab17ab449e6a4d8945b3a87f2025132b9393da577ebbf741b39093d8684,2595,0,0,7.440032,4.186385,-0.74389696,-7.765303,-2.8144112
2600,train_images/210bfe0127c6.png,3461246332ff70a75eab4284cbeb900d50853954bfa858de39de5405b5913de7,2600,0,0,8.686605,2.7580004,-1.6200442,-5.282187,-4.099001
2603,train_images/248dec89b3a2.png,10900754ff5bbe45cf887f41f477de83aec2dacb45a2ab0e69b4252fad94cd7a,2603,0,0,12.937672,0.7510576,-4.93952,-2.6772137,-5.3808804
2608,train_images/29a13e666266.png,749251b446d388a374c8cc28c3ff5d618500940020a43908d89557bbc6165827,2608,0,0,6.181533,0.99064255,-1.4430637,-4.865244,-0.75499773
2616,train_images/328d141ed3aa.png,6641c5cfc0feb76b205b6786cdd5b8c706980deeffa9e6be369dd9efabfbe422,2616,0,0,10.257399,2.1887274,-2.1487098,-6.218852,-3.6734583
2621,train_images/388279491b5d.png,141482832b76c4c5433e8dab58e961404689b89928846b65dfed30fec69bec7c,2621,0,0,12.763702,1.3459339,-4.218953,-4.0198536,-5.190747
2624,train_images/3c326543fff6.png,02232c4c8d8edc51aa5d93e5c9fc71bb4f9a75bd9e9f1814e4b90c60bd3da912,2624,0,0,13.147046,0.7870064,-4.1224403,-3.2816644,-5.8359404
2634,train_images/43f22d1be8dd.png,0cbf76c0d3c14ed960f49385b75486c87e6be810d720cf76e4ce9f98313cd098,2634,0,0,13.258738,1.7235622,-4.048706,-4.6718473,-5.5328484
2642,train_images/4b237b958555.png,a72456e3a6aefe2310e9ca65f7f341b86ea2469194f18d31f466e3079014d742,2642,0,0,6.393276,2.6121511,-0.88014555,-5.5325704,-2.4715157
2646,train_images/4cfd22ae43d4.png,3b2e0a14932bd0a9b987d850450e4017dd0c959d1ca6291e0a621866e9f6718f,2646,0,0,11.40211,1.3238211,-2.9942012,-5.9700093,-3.2482262
2647,train_images/4d3de40ced3a.png,b1ec79d8e4b7798a3fa55895c197bdad1727b5b90362d4b20e2b5c1905fc1237,2647,0,0,10.689165,2.357627,-2.1953597,-6.5826554,-3.839167
2651,train_images/50d8249f7bc9.png,666f906aeb5b60511d43bc9978badaff259ffe6e00e212843aaf9e7df9a11427,2651,0,0,11.726552,0.9763832,-4.011095,-2.6190271,-5.5055676
2658,train_images/568455854a11.png,285cd4109374d36b0bbfd67d6f8e4384cf50d293a20197e372f5359fc1ffe0d6,2658,0,0,11.721216,0.9967165,-3.8557525,-3.758925,-4.519885
2667,train_images/606daaf0bfc7.png,b1f7d45fc8fb9beecb1c630369629b7baed9a20c7043f386fc8a2f96c0feb762,2667,0,0,6.583563,0.7592449,-1.9190836,-4.078187,-1.1606102
2668,train_images/609be3ca5ddf.png,a331d34f69b329fe240b8b7a9356099b2c27639a702985801e58a1f2e963b9b8,2668,0,0,9.306025,2.8437395,-1.4843373,-6.793141,-3.4383368
2673,train_images/66460ecab347.png,2ec954da18338c645be85140fe9bdb6284ef08c384c3d41f47ad3dfaff485a16,2673,0,0,10.829035,0.70336723,-4.1815286,-2.997992,-3.860396
2679,train_images/6c3589d7ed8d.png,324a0d67f126e97d711f61f55ab2b4fba2aeb315818098701fb4f17a175d99ea,2679,0,0,10.84815,2.4083424,-2.231492,-6.585073,-3.993422
2680,train_images/6c9c902a97de.png,6ef2b1ca3e7f6b6f76f61321a207d74cdd672c42b611b9182fae4302c2f9b045,2680,0,0,6.6825714,3.682786,-0.81890726,-6.287975,-3.1361284
2681,train_images/6d10709053ae.png,32638dc187da50aa9f95f2d6c0109dceeca4500ea6493a5e385f4ac0c83b670f,2681,0,0,9.838863,1.192771,-2.170593,-5.904349,-2.5853806
2690,train_images/7a77c3eb468c.png,a90e998f336921a17fada2be37b43abe5352e0e7a0f45d2103101597f3c585b4,2690,0,0,9.804577,1.8240929,-2.1967478,-6.315384,-2.7543912
2691,train_images/7b691d9ced34.png,4b256f83d89a4c6debb0444f64489d54466f6cc426c4f11ad2503744497c9635,2691,0,0,8.858077,4.590952,-2.0837626,-6.88296,-4.0276456
2697,train_images/7e9081e95bf6.png,65fe78a1cf492becbbba72837ea0af37656044aedc59a39d07b5caf70a213fc2,2697,0,0,9.157575,1.1896172,-1.7689633,-6.062823,-2.187615
2706,train_images/86d58f850a0c.png,6a19685a30aefe0159de595005c5d6c3a6e155a25faa5ef2e0547b16e6b1ae39,2706,0,0,7.514056,2.2439308,-1.8720989,-5.014041,-2.589508
2714,train_images/8e7981855125.png,ad63a1a1921001f3b33e3fff59e2f63f78ed911d7eac083525d5a9b6595976df,2714,0,0,7.4012356,0.6997433,-1.1897931,-4.611363,-1.983223
2716,train_images/9039cbfcbb2f.png,b8f714fbb6641449c62f884e3ad551dd35e299b2416bb3f3542210672675cc0f,2716,0,0,4.6453896,1.3960142,-0.8936324,-5.011827,-0.089173794
2723,train_images/9870ce41cac4.png,af837248c130f7cbfc3bd9df5f19a4a78a1a9a049ac0ef9c9804482e8aff5c97,2723,0,0,11.823477,1.6828527,-3.9888499,-3.2741823,-5.6799545
2726,train_images/9c514d2d5b3f.png,7e78bc19fc9a169d34a34d4c5c323a27bde8887534cb63be6d5043af8033868d,2726,0,0,11.178875,2.8738775,-2.2680607,-7.395453,-3.892008
2728,train_images/a0b7ad98df57.png,e934b49c17c7e82308e5bb66ca9624f30415a9e4594a8ba73e4e8819b7118bf6,2728,0,0,10.898111,2.328373,-2.204043,-6.9443,-3.6170576
2731,train_images/a1edf0e66592.png,a06f33dcc61abf4c20968ca9e9d39108e22ea1e40620316e44c1e841bea4c2f6,2731,0,0,10.239392,2.281248,-2.0560281,-6.2474594,-3.8127387
2736,train_images/a61723fc38c2.png,c3f4e2fb56dc1355fc75973b662388c4a88a99ce7ad5da6bb47d9efbbb7a1d06,2736,0,0,10.629142,2.4768877,-2.0308688,-6.378,-4.257475
2745,train_images/ab03d50bba2f.png,6241b255eb820375a035fe6fdca11d2676829dcdb9b51b51df1fd3f756e7fc38,2745,0,0,8.797629,1.0365896,-2.8646162,-3.6871276,-2.9345298
2748,train_images/ab7991df166b.png,bd4ac5940602c91328685b93784846af92eb91270ee827d3df230e0c9948c9cf,2748,0,0,3.843727,2.0172424,-0.48695707,-3.646541,-1.7596469
2749,train_images/ac0a48ccbf70.png,a830adf17d01f3990fcec74e0efae2393b2e2209f0bf803a6ac694f00aa4db77,2749,0,0,9.104751,2.8160563,-2.2755203,-5.617384,-3.6073053
2754,train_images/b294927b14b0.png,03d7950a7111bb0f7bf924c8687b388918364795bb6dae2149e8e1f9ca658125,2754,0,0,11.405493,0.9209566,-2.4646735,-5.676433,-3.662215
2764,train_images/be8697eb2078.png,b68c568a0914151826717d01c086784fb296619be26b7e7b495fa1436324b2f8,2764,0,0,8.808434,2.1371794,-1.5220256,-6.255298,-2.8660693
2768,train_images/c096131ad065.png,d58d507e2386a3e9bd48564fa2da8b472a53470d517e4eb72327cbf7cab7440e,2768,0,0,6.4433107,1.5019531,-1.5140648,-4.5786223,-1.7257175
2772,train_images/c3789c1dab96.png,f705fc3f207e7d35e4ac879e91ebf287e49a04c6e4fd99efba6665849c81ed5d,2772,0,0,10.605539,1.3238926,-3.1779323,-3.558991,-4.7082515
2779,train_images/c98f623d08d1.png,d534e4a9f767877cf2c5b7d4f0a4eca34b47909b96acffe7603f640f30660e9c,2779,0,0,10.814731,1.9596529,-2.1021528,-6.410739,-3.8049865
2780,train_images/cadde4030858.png,637a3c5b6b8f52de01f94736bf3b5eef8bb52437d5492a32b6a7bea91fe65764,2780,0,0,11.69303,2.5370893,-2.3993728,-7.0797877,-4.2030015
2787,train_images/d51c2153d151.png,4b256f83d89a4c6debb0444f64489d54466f6cc426c4f11ad2503744497c9635,2691,0,0,8.858077,4.590952,-2.0837626,-6.88296,-4.0276456
2789,train_images/d667af5742f6.png,d67d8c0197ba6ea97d085bf0d3c223398d100fb5c4995ea3a03228d4e28f75c4,2789,0,0,7.9396963,1.5382824,-1.4286103,-5.603159,-2.2260184
2791,train_images/d7078e8b0349.png,d4fd3ba3d4cfe7949a5e40409ee7a9e2af7bc51c2b70a8db03dbf3c8149ff000,2791,0,0,10.093837,0.955245,-3.5575666,-2.6682682,-4.3602357
2798,train_images/de18071c36e6.png,2efff097b267474f93861113d71fd78bc206800ee548024db1d8fee22ce75f5c,2798,0,0,12.021587,1.0876427,-3.4589357,-3.3426003,-5.701774
2802,train_images/e12df54e0d1e.png,a8c0f7b41e5b01980bc8ac5afcafe7dba09ec7588f726b6376b1c6e790dfd107,2802,0,0,9.007841,1.9878616,-2.4799476,-4.934217,-3.2591076
2808,train_images/e6a5e4718873.png,6ca11ea2f081cbed5e70e9b9061e98d1c3993d129b5bfbd9bdd4ffbe9f73e952,2808,0,0,7.8157835,1.3652945,-1.6355786,-5.4068866,-1.907609
2812,train_images/e9ce5bf645ab.png,b9f58cf30af1a8a8c17d0eeb696ea429c7464cb52ca2eccbe78d6bf8b5b18750,2812,0,0,10.032905,1.347189,-1.7992721,-6.129939,-3.038186
2821,train_images/f7116e7b2f4e.png,5fc999f667ed38d952a65dd24558ced1ac27e994046a31cae7108789a2f7c075,2821,0,0,10.848382,1.9340839,-2.233015,-6.625482,-3.4579613
2829,train_images/fa9f1bc03f21.png,6173f14fcf7fcba8528ca7875606426f476f80a638e8eb4e69e5a467a140cbf2,2829,0,0,10.935057,1.7507973,-2.6214952,-5.990308,-3.60087
2833,train_images/0684311afdfc.png,1c74698269d5d284e2cfc923f4442da8e63ff7857aea58ca3453cc1ed7bdacf6,2833,1,1,-2.0590248,3.3367252,0.5912051,-1.8116326,-0.5695696
2839,train_images/1bb0ddfe753a.png,c0afb81c27e3ff245394d801accd8e1c3073601ef8d3f378712d8347a2d1929d,2839,1,2,-6.3021736,1.1691074,3.8748612,0.9264183,-0.5682101
2842,train_images/22325552a4e3.png,faf608cfa71ac9e9b0bd444bbc902d77b0f17f5dc7522c4b674c72c107f04bcf,2842,1,1,-0.16719818,7.7870464,0.926188,-5.593489,-3.256413
2849,train_images/33ffddea8c6e.png,7c7faed46d15f53afdd6e00e5832fbb0282d940d98d48298b4999332a887afb7,2849,1,1,-0.3044777,3.6744347,2.867701,-4.524864,-2.2190394
2854,train_images/50840c36f0b4.png,d4dd4dedfa9356042c5359b1d4eaa02780481ccf0ae87723a9504bb5c837ec27,2854,1,0,3.925291,3.107524,-0.09510946,-3.836987,-3.033834
2856,train_images/582115961a3d.png,3d1a822383e8d0d994d1d666b31f2fe96067a1640feb8631d0f16005ab25db15,2856,1,1,-4.593668,3.0626993,2.0375037,-1.5425003,0.3384552
2858,train_images/5b0e53f53ef3.png,40300032ee7ffc37b079befdd191dcc6d796c8f4c5544845b7c700402edbfa9f,2858,1,0,3.5978127,3.468793,-0.47080088,-4.2485566,-2.3605466
2862,train_images/71c1a3cdbe47.png,875f7e33f052ce66187d01240da12b4b4ca0257c7834ae4efeb6da0bc1292f0f,98,1,1,-1.3518982,5.900173,0.85396814,-3.8268313,-1.9863749
2863,train_images/7a3ea1779b13.png,ac3c47f35f5139dc134e1bc994b05a26d60b139420d0f7a8ca83d78f7d648218,1641,1,1,-1.4240837,5.056405,2.7661147,-3.8473687,-2.9437628
2870,train_images/977e1ca77653.png,5bc925a17ad33ffd8d216c2ac784dbb15f681b256fea2d9d14a29888dce71aad,2870,1,1,-4.790491,2.8472338,2.5494018,-1.3120613,-0.048401833
2873,train_images/b17f0b81dab3.png,45a6f156c46aefc53869e35c077244996518d4a310874c39f7c2e373163ed46c,2873,1,1,-1.9101276,5.0437193,1.7034006,-4.3366523,-0.9876709
2879,train_images/d4f32b9c07df.png,10f07e48668bcfbdbe1ada981569a4fe2b9e004be907b71d0b87ceb456da098c,2879,1,2,-5.7506504,2.9865847,4.4406676,-0.6884558,-1.8077145
2881,train_images/db4ed1e07aa3.png,fd0a65669f496c50bf9e8f4a05ef85c92a9ba461ff4fdda480b7131edd980916,2881,1,1,-2.1209316,4.785507,0.44142294,-4.278282,0.69500256
2890,train_images/07419eddd6be.png,fbf34c8dbee0f70d71544e2bc877a6302043a7174b8b60fd7d36a3ebad8ca16a,2890,2,2,-6.3747272,0.04661846,3.0706172,0.83559585,1.5476832
2897,train_images/1438288bb2e1.png,f99d1f17894f72612279ed568301925506056870f883ea53cbd84ac2b0709792,2897,2,2,-3.8683186,2.290987,2.6473556,-0.86977625,-0.8477802
2899,train_images/1c5e6cdc7ee1.png,176149b4ad4e93374a8c914895a12aec5180b6e0b58328127a8ae92d22047892,1145,2,2,-5.445135,1.7444658,4.1743236,-1.1577652,-0.17913294
2903,train_images/222d0ac042b4.png,bc824149b3c1556b9a284e4f73acc4ee4669bc4b0deb3acac2f391f878641e20,2903,2,2,-1.3643799,0.99002266,2.4880605,-2.0830727,-0.41403008
2910,train_images/28f93cad89c5.png,002a8b30e8313f8742af31ce33425ff6daab9edd31eec49364f91885686459bd,2910,2,2,-7.504879,1.2839851,4.102285,-1.7182305,2.828031
2916,train_images/39134907127a.png,20c231941fcaeaa619dd6e2657fa05840ec4dcf212c14a67161cdb1c5dbd0dd1,2916,2,2,-7.33132,-1.586607,4.1471944,1.7223666,2.0396428
2921,train_images/453d553b0a94.png,75f9f0a7940e357bf6e24ca1faa9801325d21fa0a2fa52984d68f1d5018bab7f,2921,2,4,-5.5522327,-1.6194115,1.1733418,-0.5974643,5.692494
2927,train_images/5152bf091152.png,fd5484e1653eac1d56a72f79f9248179e60e4c9293b65afedff295b8817222a2,2927,2,4,-5.677082,-0.64062405,2.904468,-1.2205315,3.7179875
2935,train_images/59f3f70abddd.png,841ec574377ec8c07cf186af0b77da97c02d0aea56c71b0e9d86cdec750ad065,2935,2,2,-2.5780487,2.910572,3.375361,-4.9426255,0.62448263
2936,train_images/5a2c27b95c7c.png,7bdd90c5e91f43da283402fd370492b1548b154478ebfe192aa1cdd2ce3b8c39,2936,2,1,-4.9975166,4.641205,3.159594,-3.105824,-0.4632845
2940,train_images/62cc7ddb53b6.png,410a0c0e5d4bea5cdf5f90da15a19a91c5703aaee147478547c8463d9f711453,2940,2,2,-6.366974,-2.6745892,3.1674342,1.9245926,2.9656777
2945,train_images/6b869f37cdf3.png,0d2f06d331fed4a62599db511a89704287fd6d2b347d426ba3c8fc847aeda26f,2945,2,2,-5.576502,1.2795906,2.6526685,1.0715896,-0.20598221
2950,train_images/77f69c7ff324.png,ea30e9b8ae11257ad8d29e0c1527c50fd1baefabf7ce33cf6d4310481847a195,2950,2,3,-6.4236813,-2.160675,2.4256406,3.2471628,1.9416871
2952,train_images/79059d0592c4.png,b829f12b1b458de9e33efa693109059d40e482993551495096d738d060dae4b0,2952,2,2,-4.5747776,1.6472139,5.1976314,-2.550787,-0.4949317
2958,train_images/81b0a2651c45.png,fbf34c8dbee0f70d71544e2bc877a6302043a7174b8b60fd7d36a3ebad8ca16a,2890,2,2,-6.3747272,0.04661846,3.0706172,0.83559585,1.5476832
2962,train_images/842d697884f6.png,cb3c3dbba6d49637a33c9d1356398fbc48e33dd8862fa2eb890c76ae367d8e93,2962,2,2,-3.1095333,-0.67022705,3.1338792,-1.0780473,1.0020328
2965,train_images/89b725411cee.png,48a4767f1c8851853d6f7c6039016e32891f51ff926fa8abf3243f6e321fc106,2965,2,3,-7.0468025,-0.6313772,1.8114343,3.787229,1.1351695
2970,train_images/913b1890ed1e.png,74cf3dcdc520dc1ccff6ad0be9cb4851de3ada5d7150ebd26571b2d30a91d464,2970,2,2,-6.542221,0.795825,3.913486,-0.18522203,1.026423
2977,train_images/9b95d6203406.png,0a84cf293a8edcd7eeaa2f4252444f5dc5a916b99143d970c1fcc93fe6248f10,2977,2,2,-3.6170673,1.1329441,2.9661593,-0.18975472,-0.9544091
2983,train_images/a01c590c444f.png,af84addaae7999eb18498f61a6391bf774d6539ae436f197373240c9a1f6526b,2983,2,3,-7.4795456,-1.569727,2.6925197,3.739236,1.6522613
2985,train_images/a15652b22ab8.png,57d8daf10020a08edc358bea7606ff87ee9bb161beb608daa81c9060c1f14dc4,544,2,2,-7.6883373,0.6933775,3.0847669,1.3843999,1.520925
2986,train_images/a688f20f8895.png,709608ed15add691b74215c2956e9f63d8c95f993a403ddf5c0dbc9795ea7d5c,2986,2,4,-6.0752583,1.6831865,2.9792237,-3.723392,4.168672
2993,train_images/ae1344610ebe.png,41fdbbc4a55819dc14251495c37ac915161f383cd6db24c27090377fccdf48c5,2993,2,2,-6.9841976,-0.5690031,5.171084,1.3112525,0.095222
3002,train_images/bcdc8db5423b.png,ee1c59e42bcdc90a564674b7e00d832125bdd198a90d94dae9bc6c8c108d1b08,3002,2,2,-6.436657,0.07240391,3.5344357,-0.37720895,2.2391
3006,train_images/c48ae5da188e.png,2b6429ede5288b45322479ad1f67bd4839803f6941e78a7bee200b410c87e1da,3006,2,2,-7.4903107,-0.40043163,4.188227,1.1044445,1.5970635
3009,train_images/ceaa5803d780.png,9de7685ff318e4f9d2fcb04ea746c61eec085f56a1b372fbe27264368ef14771,3009,2,4,-7.4407864,-2.1228504,2.8532786,2.0225797,3.683745
3011,train_images/d10d315f123f.png,e2030693bdbab17efa41394d6e200c7e164f330e2b23b508f9c171a44995d434,3011,2,3,-6.100111,-0.31246853,1.7984252,2.3676128,1.4082503
3015,train_images/d83d0695e215.png,bee8e754dd8ab2aae6f5e91ac55b0f3beb197e90dee9c94b5587b2683281c9e2,3015,2,2,-6.8346405,0.6194248,4.0006824,-0.5411694,1.7648435
3028,train_images/e85d410d6836.png,e3796ace1dc45bd9ce4c1ceffb68a7cb2e3448505f646777cd9c64f5cdccd5e7,3028,2,2,-4.6796036,1.36802,3.813048,-0.4233954,-0.84002066
3033,train_images/f920ccd926db.png,ee1c59e42bcdc90a564674b7e00d832125bdd198a90d94dae9bc6c8c108d1b08,3002,2,2,-6.436657,0.07240391,3.5344357,-0.37720895,2.2391
3035,train_images/ffec9a18a3ce.png,92a11dc2119c567600ac7c30e56d8518f62dd72a0efc0a0b0cbf1510687d3eb9,3035,2,3,-7.2314205,-0.8617821,2.7450967,3.1909118,1.1846147
3040,train_images/24b87f744598.png,f8de2ff8e0327772ca0c7d083c067193d8c36d4418af50b3817bfa4f337023af,3040,3,2,-9.018707,-2.5057678,4.0982766,3.7292418,2.5447888
3044,train_images/4fef9ed8a4c5.png,3f9c10a3b530ee8c8d3c4d10081a57d542e067dec69e901e3fe47838c355be8e,3044,3,3,-8.794222,-3.275062,2.7450118,4.7270427,3.450725
3049,train_images/8958a4d17b7e.png,44ebfbfa0a427b3fca115ff19c959c9a6044dcb16579b7056fec1ccc82cdead3,3049,3,3,-7.4502926,-2.3932724,2.125723,4.0504336,2.6767068
3054,train_images/ad2f0b9d059c.png,9720e061ad6bc4b523100c34129b22a21c63d28264d1bca015a3e84de91ed8fd,3054,3,3,-6.920019,-1.6366501,1.9800572,3.184774,2.4058785
3061,train_images/d0ffa0425ef1.png,39026132eba22576a44f3482ce90121b30a19cc3e6683e5df4f1eb5deca7adf1,3061,3,3,-6.9214363,-2.1664505,1.706173,4.395159,2.0632405
3064,train_images/187f6ccda87a.png,9099af13c4ba7cf731377769a4d5599518c28810592ef614d4238625c5ed03fb,3064,4,3,-9.186235,-2.7824144,2.0075269,5.779353,3.0354533
3070,train_images/254052cf3e48.png,8e7d973324f9d01fc934f737fde5fb0c696cf54f7c3625750b5c57e6fee892f2,3070,4,4,-3.9210453,0.051858902,0.9234495,-1.9535165,4.091128
3079,train_images/6f923b60934b.png,d627a4419a5e990ccd193f4ff41a63e553ca67d0f8a32e64540517419cffa91f,3079,4,1,-1.6853409,4.867378,1.9782515,-4.2813087,-1.3144078
3082,train_images/7c629b491d1a.png,601003c0f1e3a703709a5f6614646dc010ef36e17049f0f785bac91539e5d3fc,3082,4,4,-4.664053,-4.877282,-0.2975316,1.0784011,7.9343343
3087,train_images/9c72ed6befa0.png,f4918ee8c66948959c87b4c8fd543913f5465c21be9203f24f0e99c01e5ac68d,3087,4,2,-1.4665432,0.54798317,1.077497,-1.1147223,0.51185894
3092,train_images/b87f9c59748b.png,8bcc3305ab01ecc6451fa1c1e6612831ea80c7f700d9ec069d8221c15baf10b1,3092,4,4,-4.9364357,-1.0350494,1.7089777,0.97780216,2.4921641
3100,train_images/e037643244b7.png,c87eeeea3392ba1c66ff3df64cce02b2c05616d6591ed179f1ee7fdb362ad6c4,1072,4,4,-6.575968,-1.3162832,1.2391334,1.582693,4.0870986
3102,train_images/e9ab8413e771.png,53ac0e4ed4406febe4b4499e517a9f5bf4da77b691c098949c54d05df0af1125,3102,4,4,-3.8872566,0.7746515,0.95297,0.51503265,0.97031736
3104,train_images/ed3a0fc5b546.png,fa3754e0186a17cbf81ffccd74120c7f10cb56b7092a56b6f0717cebcbdb8a4c,3104,4,4,-6.5593605,-3.0752459,-1.1320324,3.907514,5.9320846
3108,train_images/005b95c28852.png,660e9470e016ce3835f067c234b3bd8662b3dc4c5a29840e73573b32ba3c73d1,3108,0,0,10.443318,1.5017881,-3.4030244,-3.7212253,-4.3678036
3113,train_images/07751b94a88a.png,ab11345fbda21241110f0d1bf2081ce0f66104cefac34c545fee20fd186cf9d8,3113,0,0,9.436739,2.4095898,-1.6810136,-6.327876,-3.4794953
3119,train_images/0da321efbce6.png,9155ff55232305385c518af93c08868aa351ebafd30705b09644a8a7d8938b61,3119,0,0,6.9052477,3.4297085,-1.1153674,-6.3875675,-2.5596266
3123,train_images/12b57dac703e.png,156a9980cc878108d0f425c69c40ab056a64e8c0a773dff8f000f9afdebe1d52,3123,0,0,4.5301895,1.7750692,0.45535803,-3.5827093,-3.0941668
3129,train_images/165634a6167e.png,8849965b3564832d5b02f5b7253387ba71d1602af20902e91096bf60655a3d9b,3129,0,0,10.119665,3.406949,-2.3444316,-5.2228208,-5.3732414
3135,train_images/1c7a013eeba7.png,535fcc8e19f825d19ef4532714fa362b765c6e5b6fe003cb4726a7d09dcd022e,3135,0,0,11.691299,2.2639723,-2.3482606,-7.196157,-3.8927407
3136,train_images/1d0b93317aa8.png,75cc9ccebee385333399997c2c11b282194161e6cc60df8adaa0fd31d7132625,3136,0,0,12.300706,1.1034718,-4.188485,-3.8084345,-4.8143077
3141,train_images/1f3f32efaf20.png,2c15125864db18431fee8eee74758e548f990b393fda445b3a85cce118e9f15a,3141,0,0,10.461343,1.9426603,-2.0063798,-6.6400075,-3.334114
3144,train_images/226c6ceb9185.png,81b07b191efcbc59c11fcb316861619fa1b35ff8b65938f174cfe3f5736e4a8e,3144,0,0,11.904297,1.2133036,-4.0481234,-4.0474014,-4.4183044
3155,train_images/318eb706a134.png,bf8ff1bf91def14401115852a35048e25e9c767aaa6df1842488c3f3c184e794,3155,0,0,13.792611,0.56963253,-4.9292526,-3.2485785,-5.4267464
3161,train_images/342edf9b889d.png,d0d180b3119d4e919659c8b6b75009cc3a3c2cada78e0f750eae0915f82777bd,3161,0,0,14.428975,1.1436672,-4.7566657,-4.370331,-5.624982
3166,train_images/3fe282197c1c.png,8f9d3b74b8a40ef957fc2741de75dbf700219ae4ad12321ce3339be7eaeab5ee,3166,0,0,9.518931,1.005126,-2.3473008,-3.1452336,-4.650069
3171,train_images/43bc7c066dfb.png,7f336458820dda48d4568b70edd5e80ca4a500f33faec9bc7d7a48c1b15577dd,3171,0,0,7.9875727,0.1628561,-1.1940708,-5.2789426,-1.4391618
3176,train_images/46acc506fa61.png,e441944b85c30410cc75abd8d7aae592773be12a73bfc731e40f807bb58994a4,3176,0,0,9.706858,1.1773624,-1.2671051,-6.56101,-2.6909604
3182,train_images/4bcee3cbe232.png,a857a2195a68bc0bfde29a827a40c89820f88bd9a1a6e2483ccdd6db2618a276,3182,0,0,11.405722,2.655364,-2.2454197,-7.094647,-4.2023573
3187,train_images/4e4a6224a04e.png,8e720dc9c65bbf8e9a86b53e80ca735a95cb11eddf985976789b7f5c8e7c8ba9,3187,0,0,11.174866,2.173048,-2.007388,-6.8272157,-4.0146036
3190,train_images/51a078d6d43a.png,b3e7f8d668e13981ec1762c963f8885511fda223150efa7cf0bc7a0e1a752b7a,3190,0,0,10.60658,1.422265,-2.5953481,-5.576005,-3.40784
3196,train_images/54b322c66d01.png,d366fd0bd38fd053300e005628fb25f55fda7f4560848aed926c5e08b788ac4e,3196,0,0,11.30194,0.7062521,-3.2642915,-3.653479,-4.5368257
3203,train_images/60aa4e649abf.png,e39b1a15712bbf4bd50c07c2febf209db8d7d3f12bbb2b078329c523e8afaf6b,3203,0,0,8.325412,2.3200674,-1.786087,-4.705361,-3.7323225
3206,train_images/63e041a757eb.png,edfbadebc1058499d2add76080eb9931ec9fd025d785eb314a0a17bb6e4a8bd4,3206,0,0,10.887831,1.7198906,-2.121117,-5.7377477,-4.0977926
3210,train_images/6af071b0ac6e.png,f7b572546c211caec6ba70920b14fbf76380506950e69433d88ec7c08e2c5022,3210,0,0,9.99269,0.38041592,-1.4719505,-5.6706643,-2.6874642
3216,train_images/6fe67fd7f5d1.png,a427ab67f8528a7bfb303514629d6d450d03182b196a3c4a6313113abeb67552,3216,0,0,10.187263,1.6138945,-2.3184502,-5.790933,-3.256916
3222,train_images/757e39293591.png,f8e21ed7b1390da484d1bfeb4791b50ed812024ecc897796a2ba234931e818c3,3222,0,0,7.7276525,1.1207199,-1.2498584,-5.6483984,-1.765657
3223,train_images/75c180e04f65.png,8a07c07be006dbc2abdc0a74af37700b23e1796c8101d80ee9abc23f947f65c6,3223,0,0,11.161901,1.7884846,-1.5864577,-7.396131,-3.4805589
3230,train_images/80e6e425f966.png,b4453c61c7d77d176575f6f1f7a317a8f822ace402a1b41d075151d4e2a6deb7,3230,0,0,10.555813,1.5469131,-2.6701639,-5.5963483,-3.3910613
3232,train_images/82d364726a58.png,ee5ef53434fccbafd26e57fdaecfbcc0a6495c0a1467d581f397572a56220958,3232,0,0,10.129798,3.325859,-2.7246609,-5.825228,-4.3300657
3240,train_images/8acdf12f412a.png,21204b59f9742deaafe963e0b4cd9f88482345882534b07d1cfcec6a8b99ba6f,3240,0,0,9.464668,1.1546841,-1.7507491,-5.3988466,-3.1154103
3246,train_images/946545473380.png,bc663ec0dafe7c4576bbb10384851d11744e382f434402ba30eca06f3df9cad8,3246,0,0,7.408677,2.4311981,-1.3111882,-5.355906,-3.0106015
3247,train_images/969f92a390db.png,b98a1c255e72302f63ee876218f1f00c9d94a5422cad33614b021084c476ad20,3247,0,0,10.043968,2.2119446,-1.5564857,-6.5812564,-3.7112436
3251,train_images/9910c827e2fe.png,dbbd7336a58d14af7a733345f525138917b2d6bd92c7755ffaa27a5a8271719a,3251,0,0,7.8642025,-0.6276903,-1.7031417,-4.256842,-1.0822358
3254,train_images/9e7a63b2fc6a.png,9560d3c11333e881b4c7230972e48a210e4d5b1fb2be4f1a5b442471ff7040ee,3254,0,0,7.2135897,2.7202234,-1.153389,-4.690939,-3.7588258
3259,train_images/a08a0133754a.png,c33f13a06023838418b1cb74b6fcff7102a016c1141183ea81e8c65cdc7c8a2b,3259,0,0,8.226525,1.2145901,-1.4173241,-6.8433194,-0.9589629
3265,train_images/a53d6d2472a6.png,1746e701fbb00739668ce642eedb55d9fb4f650598d8904487a860ff4f2e7884,3265,0,0,11.780327,1.6983366,-2.245178,-6.690663,-4.003881
3269,train_images/a8b3c0961d42.png,eec925cb6f39132bc9aef76845b3bea594f4b6eb87b5ad56ec06a35e057f9ca1,3269,0,0,11.292177,2.6759977,-2.9196699,-6.9536138,-3.5587656
3277,train_images/ae94ce412de9.png,52094f2da33721c4746082488db10a7f87ca19763bcfefb7158eb15fa45dfa97,3277,0,0,5.6906376,3.0055666,0.33597088,-6.110533,-2.7440667
3282,train_images/b0c9a492e068.png,a77ecb928cf280b69e97fbd4c1c3618ac192962f3e038cde51577bbb8c70a0af,3282,0,0,7.7218847,1.8653116,-1.6639476,-4.972936,-2.552465
3287,train_images/b7983cb3f270.png,ced89e727cac2514a773478f0f0f811ec6d13a580de98e7b92f894185770b480,3287,0,0,10.527064,2.4934082,-2.3803654,-5.930462,-4.2420044
3292,train_images/ba2ea9182090.png,111c33230b9e7c563e3154d8f44ca5f5fb14faee04eccb365913624ae3afc181,3292,0,0,7.859765,1.1562128,-2.3352268,-5.3638206,-1.0988975
3297,train_images/bdc6c60e9133.png,e8e82fb4a8eb546ba4da7c89d3fcac2b6cbe383a2198d3f97a084181148c1ca6,3297,0,0,11.366688,0.5929918,-3.6934826,-3.4134626,-4.3022904
3303,train_images/c5a6f432a1ec.png,f3987d35a2d219a8204d2fbaca21ee74de70fb078e17418faa6e70cd0dd3545b,3303,0,0,11.38525,0.2812233,-3.5055604,-3.7107825,-3.9271057
3309,train_images/cad5b1a82e60.png,a46ce83f8ee0ab0218c3a2b0b98a52c4239a3e919831bf5f1e713f0d7f69bee6,3309,0,0,10.197127,2.097395,-2.387033,-4.209562,-5.266947
3311,train_images/ce6f33a81ad5.png,f26cf626408af39f9f1434608db480f3f869337f69d313b0e27a1078e6ef733d,3311,0,0,11.042273,1.7816753,-1.8343859,-7.189178,-3.3309278
3318,train_images/d332d7b8a26e.png,208b86599ebeaa38d9570b667f1eb014f2c05bb0a882b8eb9ec5ed5598f9bc83,3318,0,0,10.544277,3.146761,-1.5480986,-7.7857356,-3.9419525
3322,train_images/d6df4fe492ec.png,825c59e676c5127e4896cff851624f288307eaa1d4802448cb995598f72973fa,3322,0,0,10.137024,2.1649723,-2.4263296,-5.768709,-3.701923
3323,train_images/d74ccc796517.png,f01581d3843503b9dc7c35bc85eb6282f6689d7cfca676800291903e62ca05bf,3323,0,0,8.816876,1.589633,-1.1912999,-5.622317,-3.291866
3330,train_images/dd02d60bef14.png,b4048f72101bdd8e72fec11321952150e42df9e633752134ee4f38ee7961e118,3330,0,0,10.349627,0.16948605,-4.0199785,-1.8331919,-4.213018
3335,train_images/dee1031a76ae.png,88648d2f4b898ee1019f027e3ec9be1364ed996255797a48a7c9fa20d0688953,3335,0,0,8.215643,2.6586647,-1.8227029,-6.1976447,-2.5134573
3339,train_images/e087bd4b88f2.png,b4a85ff726f89bde02e37c97afa2f1f9313d67a43eb3d738c171bf2a4efbd659,3339,0,0,9.0122175,0.41952896,-2.8318934,-2.1107655,-4.1350827
3347,train_images/ea6a53e54d0f.png,63edf17b177283b948abd10799684e686a5933219033a7011b298ea7f2644a8d,3347,0,0,7.433922,3.7030315,-2.327731,-5.3319817,-3.187486
3350,train_images/eb050765b323.png,c046310cf0bcb8dc32d1ec676e425fa0575fe948c38bc440b7bac718727b3575,3350,0,0,10.1914,1.5172129,-1.9120777,-5.8864264,-3.4949052
3358,train_images/f233638e0e90.png,9beea89cad715c03ba6d63b5e22a9d5f88af8151a86e9db95c98938f3b125d94,3358,0,0,9.894523,1.4754562,-2.9264548,-5.8936353,-2.1079812
3363,train_images/f71aca5a7dc3.png,f894772ddab4eedc3c169f62e5575ac681364b2dc15dc67d1ef568bbbd46959e,3363,0,0,11.409916,2.7136278,-3.8758836,-4.179254,-5.5416436
3365,train_images/f9d52509c571.png,3972c6955315ba4bb3bcc45db04831ee735a255ff92c16912d11f237ced6e5de,3365,0,0,7.000104,2.0181112,-1.4339318,-5.2491775,-2.1777043
3372,train_images/fd0a70082e7c.png,4b1c883522056b2d4b0c6c26768030a0bfc9a916c573362e95db4fad202418d6,3372,0,0,8.860182,-0.14105892,-1.7449946,-5.1649985,-1.5121169
3375,train_images/fe3f62695b2d.png,8acc4c1ed9095469a7e50ea71ac1204ed2b8f07faae07ae5a72545cbabcca6f6,3375,0,0,10.580741,1.8447361,-1.9975319,-7.018288,-2.9716887
3380,train_images/0dc031c94225.png,f23addf864ad0f8503132a4e94a0615b1be00c379877b577d7a83a7c6d39b6b1,3380,1,1,-1.9269009,6.066143,0.84482384,-3.7766247,-1.6437688
3387,train_images/35aa7f5c2ec0.png,cb66e86c28ab48f1884c067226847b34c2849713a3ea380fd6a638fc2582523c,1683,1,1,-3.8404484,2.6255789,2.3386798,-0.2999642,-1.4920144
3388,train_images/35d6c4c50072.png,8502459ce6a945aa2a3b730f909278cef7f553fead150cc5c16f20c1094b5534,3388,1,1,-5.476328,4.0035934,3.7854037,-2.4860597,-0.5927062
3389,train_images/36677b70b1ef.png,161dd429014bc71e67ec7e6ac6d80db95d8fdb796ab7e4eef660e64054fee6c6,2047,1,1,-4.892605,5.3046207,2.388348,-4.153393,0.600719
3395,train_images/495255c7492f.png,c3fa54523aa5f52032d6204ba870d397a90077044cb63395aa3ac278eb0b5387,3395,1,1,-4.3505497,2.0942926,1.974627,-1.5073109,1.0718827
3400,train_images/51131b48f9d4.png,6e75bc959bdb8b067e277bd45a668401e8b78125e73108c563291119b73939db,1726,1,2,-5.393774,0.98251534,3.2744384,0.57254374,-0.20390892
3401,train_images/53704c80f0d8.png,97ed0d0b26c66e50fc0bbb5cf1e5c2900f9334d2ef1fdc7eae4e77fdc7c688a3,3401,1,1,-3.1672993,4.262801,2.5446048,-2.7733521,-1.4718418
3404,train_images/5efa24b03d5e.png,c7a85fb602a0d32269a0f74a2633f63304e7e6bf182eb4bc23290a1d58e8c7c7,3404,1,1,2.9363956,3.789691,-1.078475,-3.6959805,-2.1904569
3407,train_images/6d292ca4c9ad.png,040f54b5799203c71aedc640713df9967c5210b502f87b07df3cab177679bf8f,3407,1,1,-3.6472263,5.8960743,2.422792,-4.4072313,-0.90673256
3417,train_images/96a9706b8534.png,a89a61346cd279db5674168925b7232db86fe5b08e78c69ccb202232be2948f2,3417,1,2,-5.340229,0.26900673,2.9841313,-0.3134606,1.5509315
3423,train_images/ad3fc5076852.png,52dd160777bb5158658bddcf86c7b0885a10aa74ccf63ab9504d5d0b285387a4,3423,1,1,-1.5794353,4.0327854,1.0148878,-2.9969716,-0.86455584
3429,train_images/ca6842bfcbc9.png,ac3c47f35f5139dc134e1bc994b05a26d60b139420d0f7a8ca83d78f7d648218,1641,1,1,-1.4240837,5.056405,2.7661147,-3.8473687,-2.9437628
3430,train_images/cb2f3c5d71a7.png,6db8c1abb3ad4364330152e2c2e01871e67b3000d0b4f4791f3c7839f32a4737,3430,1,1,-3.62154,4.387535,3.692083,-3.0554304,-2.2360587
3432,train_images/cfd1bd0fcbb4.png,e3b4be1da4f8cffc5a4065404c94dba22d3bb990c63754273c589c01034f8849,3432,1,1,3.2166328,3.8040447,0.98260593,-5.641851,-2.4473863
3441,train_images/0efc93ec838b.png,62af6c5850e969bc36b859658d1e13a5d3e852488fe928ef678d5d3dd3251f9d,3441,2,4,-7.9890785,-5.1906404,2.1839786,3.745302,6.1307244
3446,train_images/1594ca6c30d3.png,43c17fd725a523e5e3f80d960a3a7bd17d21fe4d39c47cf339b6d15d532c4993,3446,2,3,-9.652098,-2.7948198,3.5434108,3.841104,3.8157372
3448,train_images/18f1f979d30d.png,02e70ab6057855b59e47d51611a5a7496c2350b50ce7b1a7867368b3dbc66c05,3448,2,3,-6.914999,-1.3651981,3.016191,3.6938028,0.6810899
3451,train_images/1e4b3b823b95.png,f99c2f7a670b7bdc9c3ee1f20367e220ae217363208e9178291358ba2ab79f76,3451,2,2,-5.934923,-0.9434366,2.831738,1.4238338,1.773109
3458,train_images/2532613a584a.png,e547cc39a83768348c6cec348a3019f194620e1c89025a6e7f2cac32a93e3567,3458,2,2,-7.0083427,0.828228,4.137379,-0.33371305,1.3946462
3461,train_images/26e231747848.png,5ae31f1a7a2499890419d0c6e275368f4c36324686c64e58ff2b7b8319c36f75,505,2,2,-3.255661,0.5892,3.399485,-1.8274221,0.44069815
3464,train_images/28824d12d31d.png,8ccc5e4a6e1be3b5f6b4e3861af0f4c463e95a7a0fcc70412aa905acc4aa78ee,3464,2,3,-6.0079403,0.55236244,2.1558065,2.7926717,-0.31432676
3471,train_images/388f12e8df0b.png,3ef05c51e3969a01834c63c6e204855abe1e90a2c3414b2b3187ac4e1f4a9915,3471,2,4,-8.434372,-2.7956142,3.6001468,2.8275747,3.690209
3480,train_images/43fb6eda9b97.png,db77265cee9f06464bb248697f7b4dc7a66abcca758d48c1c632b39916eda082,278,2,2,-5.6459827,1.1301374,3.8851762,-1.0174034,0.7566905
3482,train_images/465c618f7b23.png,d7f58be9dd5b6413bba24eca26f0dab357141985282b3b1312da8ae102c34c20,3482,2,2,-6.6867924,-0.22632599,2.266955,1.8926123,1.8517671
3485,train_images/48fda42bd5d4.png,dc6fba315d386691a86ca43baac85591d9cdb4aa52468adc4c9b7b88f5924eed,3485,2,4,-8.677313,-2.293972,3.6303735,2.5348525,3.6931787
3487,train_images/49a4765f8822.png,12e32d50b706354ce30bd18b7d7927b64a25fbf75f8b1f72f8f57bec452fa4b1,3487,2,2,-7.3149567,0.33197117,4.0955434,1.1895541,0.6957121
3495,train_images/525acfea47e8.png,289018878ebd4d1c4a65bd3c5a2b113e1539b29cf94c2f0f910f0afdc567dbdf,3495,2,2,-7.174883,1.197794,3.657271,0.64369595,0.7349467
3502,train_images/66bae1ba227f.png,6cc4f5879c117d0662bf17039db39149bbe0d131482cdec4e6de686df29124e1,3502,2,1,-5.690378,1.4905491,1.2781806,1.128059,0.97828245
3506,train_images/6dfd80748e72.png,0d49d34fca591a51e9377bcaa1ef34cbf4ee87c2f993742c1169a1095ec961bf,3506,2,2,-5.166912,0.78636074,2.5405307,1.2742054,-0.1877904
3508,train_images/7356dd08b0ae.png,a4ba1a4a31cfddd75efb79b8410e38d5e54bdf0118fce0473960651d96e6e9ee,3508,2,3,-7.885069,-4.048095,1.8433633,6.043913,3.0179315
3519,train_images/85cc6d636898.png,ded162698415f1498b16a57281ac86e414ca239a9e1380ea704ae6bdce8c7ce3,3519,2,1,-4.7433434,3.6225805,2.785296,-1.5234122,-0.8537426
3522,train_images/89d2a7403a06.png,9b58f2686bbe38f99e8f15751b3cd7b72eb0f25b0f3e83636d125a82c425b1dd,3522,2,2,-5.91844,0.90364456,2.7775369,2.3404427,-0.91643095
3526,train_images/91cbe1c775ef.png,15cb74dabb417df863cdee4e9db9384b75507e47fa7f89219bde8dd58ba26ed8,27,2,2,-5.7751656,-0.62659454,2.740131,1.355191,1.4115167
3527,train_images/932181b93b2f.png,bdcab7b8e917f7082bf02947a871f6ce35ae2b9b1d76863c946dcc8eed5df0a8,3527,2,1,-2.0686111,2.3654928,1.7135296,-0.4589522,-2.0359702
3534,train_images/9d98a0b585f2.png,c4eb4fb956b4096e7f24bf4c381655972a97b8f8dfc5531c487e72e042422d5d,3534,2,2,-4.6760273,2.0938816,4.100267,-1.7243598,-0.6643677
3535,train_images/9f4132bd6ed6.png,191386487d7a4870d5b8d5639885bdd2e6d637930d1e925bae9a497b39368eb3,1323,2,2,-4.696335,2.822524,3.2287593,-2.2044783,0.029790878
3539,train_images/a125377fb985.png,889b21c5a859a542e52e039ae4edfeaacd79bcfb246a1b6ef816b9f7e9444e3b,3539,2,2,-7.0949516,-2.3534641,5.0693755,1.1408015,2.218039
3541,train_images/a3475dc3ac80.png,56818901379a4ae7396ca3bc72fc6f8168080382f64684a76afe8b26ddf933fe,3541,2,4,-3.507681,1.3371935,0.6197581,-0.78418565,1.7739673
3548,train_images/ae8424cdb029.png,a67d703155199da1730a8e2c33926ba80a7bad34d3f69a16e8aa284f3920f8a9,3548,2,1,-2.9672585,2.5533056,1.5818529,-1.1189542,-0.64579487
3555,train_images/c406325360b1.png,81ac9e73ec9bbdb040de4417cf190546f5c04b10c4753de920b97af8d5d8c9f9,3555,2,2,-1.8991413,-1.252038,3.0722833,-0.805094,0.25196886
3559,train_images/cd4e7f9fa1a9.png,085e34d28dda6b7a5a465ed95d8ec85304961699b69a4f9a7ed8b92bffda19b5,13,2,2,-4.936226,-0.43904972,4.694756,-0.6885867,0.56189394
3564,train_images/d8cdb7d7283a.png,ddd9bbabb3d26199782ff85c6ed46bd33d5347018fddbe05157af2b80cdb3295,3564,2,1,-4.241371,3.6432848,2.2126346,-1.9055943,-0.41299152
3565,train_images/d91273efb92a.png,0a889e3796719d7e5c5113382f62fc536e6269cd9c60b2d6af11c21c89c4a236,3565,2,2,-7.0105114,-0.9905367,4.1662765,0.54144347,2.3019786
3570,train_images/dee687c6e88a.png,8d417eb674b9d1b7c785a36153909c170b7ebe76f53783ced838b78021d52fa3,3570,2,2,-5.8795605,0.4345417,3.3736968,1.4488575,-0.28385353
3576,train_images/e65a2ff90494.png,e9530fe5cf3b46e923ccb407f462e829c4a6a2df2b6a072ea6d31c2696005f51,3576,2,2,-4.419716,2.9351969,3.0130239,-0.8770044,-1.3273273
3582,train_images/f2ee81781411.png,6c2d329392faf62708e38fe95831baf27053c35b85659fc7c5bbe3614e519db8,3582,2,2,-2.2209663,1.5609646,4.4048104,-3.603322,-0.7415247
3584,train_images/f61bf44c677c.png,e4a71806a938cfbe92c999b10210ef5c7b5f8095ce90641a721e09f41cc4958f,3584,2,2,-8.032619,-1.3350677,3.638184,1.4768707,3.1744866
3586,train_images/ff52392372d3.png,72cbfc507eb423acbdc97e5622ee600758feabc55cb6a1ed3c432bec9dce9825,113,2,2,-5.4727097,-0.9195385,4.2861896,0.2208935,1.053658
3595,train_images/50a2aef380c8.png,5a3e2c7c8f9cd6e493b2f847bbdfaa2272b7f99679f88306402b83c7f6697d5d,3595,3,4,-7.476103,-3.3381824,3.2500587,2.7430878,3.788096
3600,train_images/910bfd38e2f5.png,1987b1757c5ea7448df3331ffb95243301b5136b37c3593419b99875db3065d2,3600,3,4,-7.160742,-4.660556,3.680614,2.8251874,4.303122
3605,train_images/a80dab8eddf4.png,4e31b9ac3909dfb7b3ab206aca4b6721b92bd3f9b10aa015d945b602e69f96e7,3605,3,3,-6.8986244,-2.9215736,2.4226031,4.630412,1.8184419
3616,train_images/f6f433f3306f.png,7bd68c65ca3e6f435813164e3d3681fa1092ebfdab64e3cdd9d5393c461e9034,3616,3,3,-7.8819084,-5.0488453,2.0976605,5.0419073,4.767056
3619,train_images/1638404f385c.png,8ea059e7be658eea6afce4bb6ebbc84d7ba8d64761d1159014b6e89da855ebb8,1861,4,4,-6.3786945,-3.0506406,2.9273381,2.6166668,2.9558473
3621,train_images/25d069089c5e.png,041dded3fb11b028d7f1d49ec308e5c0e4ebfe3f1bc56ffe455e0f919065a1d8,3621,4,3,-8.868778,-2.6386747,2.2775836,4.60225,3.5452495
3626,train_images/4abca30b676b.png,367a856711f73f5e695931f695a1c6d0e5702f0477198a968f67c429596b6621,3626,4,2,-7.1746254,-1.0937529,3.160027,3.0598361,1.0751958
3631,train_images/63b4d030b016.png,21293715c26c8a5aa20693966ec0552bdc8bea7114057f6f9924f541f22a33cd,3631,4,2,-5.0763874,0.61656094,2.0662322,0.7507574,0.89674425
3640,train_images/7efc91af4ae6.png,41619e836c21a6328675320305e43fa3a57244adcfa80ada49bf92940d06c77a,3640,4,2,-2.5253468,-0.99730206,1.9399133,0.22400808,0.74718857
3646,train_images/a11bf2edd470.png,a36b21658b8f4792601c61d4595103af62b230a1130c4ef54a535414d66bbfb3,3646,4,3,-7.1745014,-0.5341234,2.1567373,2.3994308,2.1270633
3648,train_images/ba735b286d62.png,fa3754e0186a17cbf81ffccd74120c7f10cb56b7092a56b6f0717cebcbdb8a4c,3104,4,4,-6.5593605,-3.0752459,-1.1320324,3.907514,5.9320846
3650,train_images/bfefa7344e7d.png,aa6bcb0a2b27e2cb806eee7a39cd3de3a9af1ab8890b122547f3156fb2885708,271,4,4,-7.106455,-5.0656066,-0.6510067,5.17498,6.5846324
3651,train_images/c1896142a20a.png,469f4d2577c49f8e2ac8eaabbf903f8e9aefd268d1523fdbecfd720354ab5cf5,3651,4,3,-8.570477,-3.9726028,2.270698,5.2766194,3.9255767
3652,train_images/c3d12a23f451.png,3588ee49b2e59688e1ea900f46ec21a1a05fb9c5d03ea9be5f0f8bcc041494e5,3652,4,4,-6.7680225,-2.727047,1.5464478,1.21569,5.7947764
3660,train_images/ef26625121b3.png,2e74a714f119d798221fdd7f62e3189597e727f435ea56755f4e4fc74d851cf7,3660,4,4,-6.7532883,-3.080831,-0.3357048,3.5414004,5.6760707
