pool_index,image,pixel_sha256,sensitivity_group,target,prediction,logit_0,logit_1,logit_2,logit_3,logit_4
1,train_images/475c7ded0f7a.png,2a85608f537c3a8aa19cb34f39980f226ea05222c71bc33a5c2f8f6ab0add3e1,1,2,4,-3.2553864,1.4766006,1.8710651,-3.1571865,2.5773525
6,train_images/4c9f0fdaaef7.png,76356f34a7575937fcb3ff653e5e5b8555d0f3e869f2f87c0a4431e7cc75d2ea,6,3,3,-7.070694,-2.6938019,2.6166534,4.8103065,1.740448
11,train_images/b0d35981708b.png,ab04f2ee907e649014c52d8fca11cd2536f6d3992dfe0b7ce71d8948f9794c8f,11,2,3,-9.322334,-4.802784,3.9676876,5.3614807,4.100868
20,train_images/f451eee2b66b.png,5612000ca8235774433fbbba2a32024ea7e9267201662c7cc1a45a414a8a5859,20,0,0,7.7702103,3.2017746,-1.9490795,-4.787689,-4.423334
21,train_images/5d6239c0fd39.png,c809dad3e1f3601343a06f591f50c1d23e7db610239f40c501960027549e372e,21,0,0,7.6960144,2.0812492,-1.6757374,-5.082941,-3.2112713
26,train_images/b65ff67743b2.png,edcf07d84a6df09f23f5d4a164f53457665ebe5ad56a2bdc9d8d074168bfd73e,26,2,2,-7.7952957,0.075222015,3.799471,1.8895245,1.4057465
30,train_images/f999c6921e6d.png,2eb337deea81afaa5ac49ef8e879c25c6fe7be6ebc40b923e841f382b319a3c8,30,2,2,-7.6018753,0.5025635,2.9240208,2.2485065,1.3498421
31,train_images/87a9f4d20f07.png,2455640ca2db1a0f91f96d825e4073be9c3cd8ed51c76227c33394b526e7ffea,31,0,0,7.370571,2.8510666,-2.0580845,-4.7301483,-3.6401443
40,train_images/22895c89792f.png,58dfbe7cbf3ff3072c0e329a333ebf5074020b8abba2ba00bc2400b90ebec788,40,4,4,-9.192123,-3.482811,1.7425346,3.3246937,6.9298267
45,train_images/8fc09fecd22f.png,4025dca5f8bec7c66017347dff836a3054b49fe9afa240ef9e7ad8cc93611538,45,1,1,0.25052643,6.4331436,1.8344402,-5.777273,-3.0969543
47,train_images/6363b360aefb.png,32161dddb553ce9e7742e84b4ebcdacdb94df303ef8c3ec05fbce172d0269814,47,2,2,-9.188278,-3.0933037,4.8065243,3.2006378,3.5816422
57,train_images/9bbb6c455913.png,ca0b45bd8ab8c580d19e523e56da81b66c68b54acbc02d6c98b25b2d0d45ad7e,57,0,0,3.245823,-0.25648117,0.08023453,-3.3260555,-0.052986145
58,train_images/ec0c9f817b03.png,df11a3ec98921dbf693612aac315323da11d8f2cee58bd743b0ef7046b3c40db,58,0,0,7.165348,2.3442192,-0.9385166,-6.737281,-2.0456429
64,train_images/4c129470cec4.png,d6c5336b8aef49550270655ae4dc960226592c6a726ee42aa75930fad35e21bc,64,1,1,-1.5953445,7.89196,2.5747585,-5.03891,-4.218458
67,train_images/cd941e5bc659.png,d29bd9c33f30f9cc4f39a73085e020b150cf03410fb5f12d3fd845252fd2ec08,67,0,0,6.833702,2.1444168,-1.676321,-4.346346,-3.1753712
71,train_images/39aa3cd93c50.png,60e6827da68bd46aea03a417cc3f2c688e2cfd5f00bd90aa10877930a436a34d,71,3,3,-8.616394,-3.9767494,3.1320133,7.727705,1.029192
81,train_images/31616ff6b53b.png,5e0e816c047a9ded55bc77449b02b4fa0450f83e5bf01b172cea31f95059e26d,81,3,2,-8.545265,-0.9957657,4.58712,3.6767216,0.60852623
83,train_images/d29b37d110f3.png,b3e93fb8e2bdf1bd4fff555d9e43e04f0bdfa423c87a303b81b5ea7fff56c00f,83,0,0,7.2375946,-0.32297134,-3.3042355,-0.4552765,-3.4057026
87,train_images/09c8323c612e.png,8b67256efeb38fda7bda02b955ed92c21fdc9d81c4e4e55d1b50ef1545359228,87,0,0,7.770424,2.2178383,-1.4655323,-5.548382,-3.1818142
90,train_images/b77b8a1f09f1.png,480f93d7da3ee17710fb94901ba610ccc9c9c9ef13b97b2014a585e0aecd8576,90,4,3,-9.277855,-3.005783,1.7972374,6.017536,3.789608
102,train_images/19ef4d292196.png,cfbb8c4f2da7fffc1402c1337a40653fb359a802ff7247693f1b1ee97f995a42,102,4,4,-5.2139816,-1.6554375,1.7865257,-1.4940376,6.0103188
109,train_images/82ac8463fadd.png,5cd9c940851950527b873269c74288a453526108bed68a4e83e78d6ee87a2fd4,109,1,0,4.458416,3.865261,-0.78261375,-4.4379787,-3.3812141
116,train_images/3dbc90c7ee7d.png,67e68aed22d7e28bbcbe224a29229936e800797753e326c640b786423cfcabc9,116,1,1,-6.063675,2.6768074,2.167654,0.55470276,0.10586357
120,train_images/3599029efeb3.png,4093878eca58e451f72527fc816faea10782fbdf336f70f758bc95d1408b2785,120,0,0,8.810951,1.9999809,-2.5983944,-4.476372,-3.8391056
126,train_images/789f0ec1eab8.png,0bfd6ff37661c5a67fbc7f4b926949edab84edf63bcc913df87914a27069bc8b,126,0,0,7.0891,2.3900986,-2.0594006,-4.863928,-2.760849
130,train_images/af5a0bc4e1fa.png,57619e2a6362d873cc9d34cf5d369ca0addfef3886632c32417c15131dbf59a8,130,0,0,5.3160095,0.24924469,-0.6249981,-3.130684,-2.0300045
131,train_images/720b5f62ce80.png,0cf25d6e14be7cef7ac6af42abb4482b36f2c10e652bc5f15ce626071b1eb7fc,131,0,0,6.8911514,1.8202667,-3.2683582,-0.8863125,-4.736084
138,train_images/a4d41c495666.png,e43456489dbf400967696ad1b87b0097ecf8015f24247b79640e96c630d20987,138,2,2,-8.020203,0.42021942,4.1686764,1.9948006,0.8308983
146,train_images/e1fb532f55df.png,fb179a76a65ccbddeb0f33c492ec296324b8d584fabd128f39cc71d4fe11e515,146,3,4,-4.2748947,-4.695465,-2.8575726,4.4995594,6.7474003
149,train_images/0243404e8a00.png,ec1260078c714c4f30386b36a0f7556c70f313f30f7a467aef5a2f14c17acec0,149,4,2,-4.1975174,0.045497894,2.808115,2.3147736,-1.4660988
156,train_images/3cd801ffdbf0.png,2b155912b3f4bd098536c75f028cb510afb557a11945b7378b5224b39634e69c,156,2,3,-9.209709,-4.4018974,3.4261189,5.5090656,3.993925
158,train_images/e97ecf4355cb.png,716b03001f77a7b07bdd8a3c8e06ab2e52c855137b5579cc0a4be04a636fa85a,158,0,0,7.4930916,1.2638817,-2.2797794,-2.0920696,-4.5738087
165,train_images/c6e1e9fbf39b.png,15a19b5437e7afa3485cf8c99a661922af555e10e26f30738e9641a978af3ec3,165,2,2,-6.0498734,2.6139374,2.9772377,0.10595894,-0.16761208
167,train_images/68332fdcaa70.png,3be3e01be679845db3cf85d6228042f9ccd4f0b935c57f798a73e9eb557e9574,167,1,1,-4.6286926,4.029434,2.4135418,-1.4352894,-0.9285946
169,train_images/878a3a097436.png,425e5147068fa0a024b1f7839a2901219163d58792b3e1a969cec84107002513,169,2,2,-2.0035172,3.0992622,3.6065464,-4.649683,-0.4964924
178,train_images/52230bbef30e.png,b6f199952ab6b219a66e81b549a379af5c89a331c9a4efc4514a082d470bdf78,178,2,1,-4.886551,4.1217346,2.8052197,-1.9087029,-0.62703896
182,train_images/26d9576e8043.png,b3d5154ac882733410ef5a566f4acf9d9eafacbae5e95b9d04cf056e294099cd,182,0,0,9.212906,1.039238,-3.0295086,-3.4350643,-3.9281044
184,train_images/dc3c0d8ee20b.png,8df6ecff0ab92a9bce692ce446b0c61adaa10efdab80c2b52593e34003859460,184,2,2,-5.7129974,1.9136276,4.830221,-1.9716492,0.41615677
187,train_images/d28bd830c171.png,75eae664fb3461018dfeb579b39c4dd86e139982d92a880312a1080c5fd07860,187,2,1,-1.3278046,2.8272858,2.3587265,-3.909504,-0.36187363
195,train_images/fb61230b99dd.png,8452942d0f1deca26456fde84b33f81d6d0bc5cf3067927434d994a56258e2a0,195,3,2,-6.702545,0.5216789,3.4890194,0.8322487,1.2533188
200,train_images/7d37a2939f12.png,be8bece0a0a0f6a9478d04d9e107e0992dbe3d328742093ac290a60b234187a8,200,2,2,-6.490944,0.7155762,4.3006153,-0.63539124,1.526247
203,train_images/92587e494d51.png,e9c6bdbf48cb24e48bec4b46ad9c6db9133a3537cdc6fe6df0565abf259c86b5,203,0,0,8.64299,0.890995,-3.6936703,-2.2227287,-3.7976036
207,train_images/8676427e4625.png,5be734218b332ab8ed186cda441e1050e89de4bd7e9efe874a42c56a81ede574,207,1,1,-4.967865,4.003433,2.415615,-1.9584084,-0.013864517
216,train_images/a1b12fdce6c3.png,bb6d47fe3863ca6bf85bef36528de631c22a926ea3aff21beeb1ea9c41b7aec1,216,2,3,-6.7066193,0.18437576,2.4464912,2.4759045,1.0039978
218,train_images/49d69c4c6290.png,b644d1b5839bb58e0905ff6dca7ee45ed9cf8ee4579f76cc3cbc00bc5dd1e32c,218,2,3,-8.583122,-0.4642067,3.69623,5.2938995,-0.5812092
225,train_images/c56e65f74187.png,4dbfe19a5b8613e4349d7fe545063c118a401f8cfcae003a7f05c232287384ac,225,1,4,-2.3484116,-0.9652405,1.3189774,0.07379532,1.4987354
231,train_images/4a7dc013e802.png,91f90b688d03aed42bb59bca986f57ec98a5188e47ca0c7e488c389e1fedd6f6,231,4,2,-7.4724197,-4.937542,4.750435,2.5160847,4.5010014
232,train_images/83a63c4a3e4a.png,e42c6c97b486daeab07bde825d888e1d4f80d5930862721a8a5ff0e417605328,232,0,0,8.100498,1.595665,-1.4241123,-4.9520035,-3.5187511
237,train_images/98fbe56dcc2c.png,ec85e0f9438a1774b783bdba884e37d4b94a4ad7a4d93ec3479726edd370f47a,237,1,2,-5.5098877,3.3778725,3.9641972,-0.08928871,-2.304329
242,train_images/5b5b80a3edee.png,b0fdbdc76bf34aab2404643b85ff8e1bb19ce19c23bdada87460106db62d88b5,242,4,3,-6.123535,-4.0432396,1.0790997,5.923399,2.5943546
244,train_images/5bf6f2958e53.png,d26dc792b181338d2adb5f36fbb2b8c32bdd147a6629ee13931512f2c11c2275,244,0,0,5.1427727,1.9122696,-0.9471035,-5.782606,-0.59534454
256,train_images/1db18bdd43aa.png,544f28efca262ec3bc46bc8dfb2a85c5737ebf28f9b333dd6004c5ee7e13a946,256,2,1,1.7593842,2.472599,1.3877068,-3.016508,-2.8878403
262,train_images/ec4649213ccf.png,e31a8e41dee580accbdea40ba8e70a3e47a860cf49755c97326cc591c8dd4c67,262,1,1,-3.2315445,5.051529,1.9019547,-3.3450756,-0.83808136
267,train_images/4da6e2089d57.png,08d93194c8e538b4071a367d480b5fc7c8dacc27fb6fb8e1c33e11627e433d58,267,2,2,-3.7980194,3.1081429,4.88632,-4.0830727,-0.62678146
270,train_images/bb752b179751.png,79f3c3af3743841f4cfa49a076ff412021f0fa695b37f2038663531e088ac985,270,0,0,7.6529083,1.7537498,-0.8162823,-4.819023,-3.9489956
274,train_images/efff2f1a35f5.png,55069f5fb3b6629d94d10b89deffc1f46797eaaccdc121284f8824a5d1b87ead,274,2,2,-5.8485336,2.2610016,2.4388885,-0.73843384,1.3427353
278,train_images/e4e343eaae2a.png,db77265cee9f06464bb248697f7b4dc7a66abcca758d48c1c632b39916eda082,278,2,2,-5.7393723,1.1213684,4.574213,-0.672142,0.13798141
282,train_images/07a0be6b347f.png,f4cafc8d8a05d3b7a1261b09821c359664c866b888905ced60ada9e60c569a00,282,0,0,8.650387,1.2385521,-2.6714802,-1.7093258,-5.696884
290,train_images/f3bb996b45ce.png,9ef33aa547cd3276d4b7a47f3d1ddaaadf9aac3d60a3082854592f45fca13c6c,290,0,0,7.5204544,2.1366615,-1.3256779,-6.1998405,-2.3236408
294,train_images/e93394175a19.png,b8e37091236c7f933c06a8b3bc58b6140b0cae260fc7169cfe9d2496329cda0d,294,3,3,-11.105682,-4.7665443,2.6376972,7.051073,5.452385
297,train_images/5e7cc6ab4ac4.png,cd7a7b691c4b45c2a479fb90aa647e3111a8589a5c2dfa0baaccc22110d5a63a,297,2,1,-5.9303207,4.030735,3.706068,-2.317442,-0.028909683
306,train_images/885fa5fc5da8.png,da5e9814074b4611c3918fcdf03c71997fdae71175c7c59c8534f8412908f42a,306,0,0,6.134804,1.7655334,-1.5483112,-4.8090134,-1.7675076
309,train_images/c76664770c07.png,99143b6b44a0cc673f0269527210885c41d3171339e6890773acb31c6963fce9,309,3,3,-7.6425095,-5.125065,2.6994324,4.7199535,4.7083473
311,train_images/7347bd23ba80.png,4a3d5be9a83655389ed792012244652220f1c316ea14e51f417a922958189c21,311,0,0,6.5313606,2.7012825,-0.670557,-5.902668,-2.890192
317,train_images/883ddb650967.png,cc81aa0b9004ee93c727d365876b77e0ed0b2bdd2f15db34c2743283d7dbdc6c,317,0,0,6.8640137,2.783516,-0.7935772,-5.185545,-3.8671932
319,train_images/5511f114e7ee.png,fd5b9187235a64637733db4c7347066043c9e36c05590c8fcc0b8d941c05d0b2,319,0,0,8.826851,1.6277122,-3.4821415,-1.5298615,-5.627741
328,train_images/59bd19c1c5bb.png,e1d2216796ad9db27227ed159035d331159c57b6ff9d31eb5c325d79bf6414ce,328,0,0,7.038376,2.6284866,-1.6007442,-5.3021507,-2.996849
333,train_images/cca626a0e19a.png,3ccd3e828aa4317aaf74956f7bb5b99df5e4082950dee58a10f327bb8fe1ddcc,333,2,2,-2.2667007,1.2858849,2.4002361,-2.0977097,0.20517921
339,train_images/f09fd9433dff.png,75a4aef18f9cc1dc9d7c0c4e636df6c90da906d564c4b8cbaf5da71e082fd8a3,339,0,0,6.5395927,1.2881165,-1.5663128,-4.1606693,-2.3275242
341,train_images/7d0a871c45db.png,f8be9845812647ce006eb8978000392fb0733899ccc1703529dff22f45b34af2,341,0,0,9.364971,2.9990273,-2.2849178,-5.8210087,-4.4248924
342,train_images/8241e43408a8.png,c08db823910ef9422672350cd698839a469e3fed5758b951f272c16acf1acfbf,342,0,0,6.275444,1.3901749,-0.9448185,-4.773731,-2.1599102
346,train_images/47e51065b819.png,ef3603a91a1d4ba1313425d009e1b183bf05c0bac02d73a01707e6801f5be0a4,346,2,2,-6.187958,0.6435089,5.4138794,-0.8634739,0.41679
354,train_images/f0546a45ef10.png,d02ce8d9678104a733b59e5dbd1609184499a66f6710e9a9476970d2a9cb84c9,354,0,0,7.612011,1.3481331,-1.246088,-4.713709,-3.1911697
362,train_images/4e54ccfd49b2.png,6433c8c7b955f61dc6e248c443472a503d1ea95f4c9aada6e726e89ffb575b3e,362,0,0,7.018055,2.8778534,-2.043604,-5.2142334,-2.8661652
365,train_images/0790515cf5af.png,984725cc8b48dc90e931cc485f41c65d0b553807d0368dac38e45ae27faab380,365,0,0,3.9341164,1.6769905,0.94685555,-4.7772026,-2.0623226
375,train_images/55eac26bd383.png,9714add774e393da26d0f1ce9fd2f53ff457e97e14ac3eb5994ed8d421091979,375,1,1,0.3455658,6.26186,-0.24270439,-5.4979725,-1.1858006
377,train_images/81914ceb4e74.png,b56a5dc50eca9ad57b7b87189b9cce7a2a6d473220894742e69ae293c12bbe04,377,0,0,5.584858,2.9698029,-1.3080769,-4.9351273,-2.5522346
385,train_images/7ef5ff774a48.png,53a2bcfc64d0930c90907497762f9506c3391ac964cf999a7f2b79fc9868748d,385,1,1,3.5344925,3.8277855,-0.13150978,-5.615246,-1.8541813
389,train_images/ce8d2efd9d4f.png,3d95aa8b4c5c29fe8e1c742fe4ea9f94bfa67446e995f60c6b71506dc304c790,389,0,0,7.590271,1.7501526,-1.6932735,-3.6065083,-4.239008
392,train_images/8714d17bb6da.png,511a529b27f6d1ff9831401c96452d08b3d8df6dfa7b0282d22e16a90ec7179e,392,1,1,2.5859604,4.6121635,-0.8979473,-4.1591644,-2.405882
400,train_images/40140a925c43.png,2b99a0b4cae8f3e721fc935e61c198e5c4261a600866172471a14f7a8391ec38,400,2,3,-8.880165,-1.1767578,3.1027355,4.7994156,1.5211964
405,train_images/658ad9f09f5d.png,a51ddaa012fa0616de1f239bb98ec37b1ff5ddf6fab1fc0b6d00d62ad8d42021,405,0,0,8.171745,1.5675774,-3.837122,-1.996767,-4.064911
411,train_images/2cef97083e6f.png,19ffbd434bda42488fa60ad12f14f8d260f60e37593c306476c4f49a7328790e,411,2,1,-2.00074,3.2723427,2.0423317,-3.1135826,-0.60941887
413,train_images/f64214bed40e.png,d5157d85ff50bee5988cd60c310718f6959d05ebfb4d5332c3a4a9a68bf51e79,413,3,3,-6.675865,-2.5450706,2.4706955,5.187086,1.0023136
421,train_images/d51e5d7484ea.png,6aaa5da8eba7214458a13c4952b231aca180aa56982597061694506e5c3f7dd3,421,0,0,6.594002,2.5518112,-1.207613,-5.5361805,-2.6158829
427,train_images/1da25637859b.png,c75d9de142a78d4604c323f12c3baabde0f38b2068c5d6a2f6175427d12d2ed3,427,2,2,-6.347725,-0.096336365,3.2870007,0.8916588,1.6969452
429,train_images/d7ac4a0c9760.png,3d6b9cc13972bb9f4b3b1bfdf20f8962654f71413a3421341b18a78f1d123d3c,429,0,0,7.519825,3.399765,-2.04175,-5.874218,-3.2063732
431,train_images/6a2c3f4ef329.png,4579c9f939b9dd5dff2e272ca6582648085f53af086b4aa12fca6db3d3d598a7,431,0,0,7.443119,0.8462982,0.35498428,-3.937399,-4.847254
438,train_images/68ddb15a74de.png,691e849f6f61cae2747f010506ce14448b98eee4618d38aaa66be8051d998db2,438,0,0,7.7951508,2.3062325,-1.412447,-5.5341682,-3.3291245
442,train_images/4958bfcc9f38.png,31885683c3d0f5b01ffb378921ee116c5211b24ab9a05419aa8a98b638425ca9,442,0,0,6.290909,2.0905685,-0.9089947,-5.0892715,-2.59054
450,train_images/bb7e0a2544cd.png,25ac9acf573c431f146c3f94ec9cdd7548f5ad2d8dcb5b6b6a7113ff6850f723,450,3,3,-9.673676,-5.3791122,3.3779526,6.241398,4.726673
452,train_images/10a5026eb8e6.png,ad2875a26256abd78fabcb0e5a3272017a7374a281f22bfd2397f3903d666ea4,452,0,0,8.950829,1.9528008,-0.7961521,-5.777363,-4.458246
458,train_images/e03a74e7d74f.png,a4fb528752e8d1759b2a34d74c2ad0c91e2814de246c82daec35a8f0427b5554,458,0,0,8.936539,-0.5953903,-2.9633198,-1.6288052,-3.9016209
459,train_images/5b72ff04333d.png,6bba536659676df6742f0295a98687d816d02a7af7a4192ddbc086d74c9a1ec6,459,1,1,-0.70310974,4.81625,1.5984287,-3.7729187,-2.2994232
466,train_images/f36cb007a1ef.png,0c1b333c9e42819079f4dd3b8fba805519cd05a548d3f8a88e7383909e9fecc6,466,0,0,6.1903114,1.9423485,-1.5783901,-3.5675087,-3.20393
475,train_images/58af2c054ced.png,ed41c18f9b07ac41efe3c73e87fac5aa2df2af0f282768e642631744b52cb7df,475,0,0,7.854595,1.6720428,-0.91210365,-6.1355686,-2.6553974
483,train_images/8f2996b8d855.png,a96a664e66700148cb95d3dde854b364c075bf87c357e7a18b8823b1fe592282,483,1,1,-0.64388275,5.1937866,-0.20862389,-3.2374325,-1.4583721
490,train_images/a528be013a04.png,3d2ad1ce0adf1b1509f0b0895d8d92f725ef627d26a88416a3b6ad01ffdb5ac0,490,0,0,6.7368164,1.9836159,-0.40113068,-5.030365,-3.4956627
499,train_images/9da74370835a.png,1e86f4b13f326e948a3bd9f0212c4b126a410a0e9fae3ff9e5cd847061d4e0dc,499,2,1,-5.5406265,1.6681824,1.1796932,1.2179642,0.97322655
500,train_images/a8c9fcdbc0be.png,8e40ccf77412c9d6f642236d82357028febb448b0c7d7e3cca869b4f067a6829,500,0,0,6.3727837,3.6708527,-1.002924,-4.302353,-4.9006767
501,train_images/0709652336e2.png,8f95d3bb4fbf324e859dcea6e694be177af4530938d424add3d41e77c31f3e6c,501,0,0,8.667633,0.30207062,-2.3576412,-2.5638275,-4.246481
504,train_images/ae2e888905ba.png,119bbde338e062fcdb8dca3664c61abc41eedf04b3701b6827115c3980d1f02e,504,0,0,7.958805,1.0138206,-1.7668514,-3.0838223,-4.3227444
515,train_images/929cd3867815.png,07e2da1fba9b6ae380efd9862f619cf36659a339a01f936d0d602cb5a2f96725,515,2,2,0.4524536,1.0201988,2.0506172,-2.1329403,-1.7272854
516,train_images/e7a372a1c3a4.png,faae132ac95715ea52797b975b5162bbeb761559ebad52c0da5ecdd96cfd33df,516,2,1,-4.4605255,2.9297638,1.6980915,-0.0753212,-0.5855465
521,train_images/369229040a34.png,210bd4bfb3d75e51ed8e384ea48f61c72608ca8396dd948b356c1e12ee0e6e3e,521,0,0,7.424305,2.612297,-1.5208035,-6.024988,-2.697523
528,train_images/51405d042000.png,7bf8384cbbbe7d41590dfc23f6cd6be8cfc8882dfe47f4fb973e9f112305b9a7,528,2,4,-7.17894,-2.4463959,3.5631104,0.39632034,5.014471
534,train_images/6d3d1fe6c32a.png,557ae140f5ffdb8ae9e268ddb9ee3a2840c547ebefec95301023e51ab59da282,534,2,1,0.0023040771,6.0662155,-0.18734741,-4.3258743,-1.8935165
539,train_images/be7bc89f5fec.png,54ece05eb1367d608c1291f16db33b9cf97050da5b49519837c51d3ea3a01ffa,539,2,2,-5.1042786,1.1418076,3.7514343,-1.0990982,0.8152771
545,train_images/03c85870824c.png,90e6e56a86591ef61a93c4f255b2cdeabc2faaeac154cb757859b3581b6142bb,545,3,4,-6.356529,-2.1068687,1.3899746,3.0321255,3.474699
549,train_images/598b8f5b3822.png,03373e84b614cc4d0c25770fd9e55514102e114bf001515a67e8ba8f5d5c13fb,549,0,0,8.395847,1.0313606,-2.319666,-2.583088,-4.7068405
551,train_images/12e6e66c80a7.png,b7c419288f2270ca41a7fb87f0471469f115d0b53da4ddcdfca118f277e0fc07,551,2,2,-4.2688065,1.7989655,2.8336334,-0.35289574,-0.5097408
559,train_images/be197b663520.png,ac88a3bf7478b9c02f3330630a706de0b90d6c29e6ff7ed40a3e281c2c291084,559,0,0,6.941185,2.1038017,-1.5694294,-3.9842758,-3.7092972
561,train_images/8906c9ed54a2.png,3c2b1850958bbe953a3b1e02f4ab6ccdba7585a35dd776a5fe66cf1fe30389eb,561,0,0,8.311882,1.5267334,-3.7136517,-1.2497272,-5.064066
569,train_images/3bf2deaa5ef0.png,69bf7cb03fb302801b90a39e435d850666a3758804aff791f9718bbf13e88a80,569,0,0,7.7380753,2.6691017,-2.1092434,-4.9847126,-3.517561
578,train_images/8d8aca52c07b.png,c9d17e6c5a2ab40444d6ddeb0ee70dd873f56b7b65172d1d468187f436a88108,578,4,4,-5.222473,-5.035656,-1.8209782,2.8840694,8.632559
582,train_images/d1cf31577a59.png,9ddbe745f2c444308a6cbfe15e5e2340f9b9ddb17e4e311b6aa96cd260367337,582,0,0,8.184551,3.403019,-1.6838207,-5.4214077,-4.590502
585,train_images/c446985355f1.png,7b4989b1b1300e55af757f546684945c12d5edcadd04873c27ef15229e28927e,585,0,0,6.174988,1.0001793,-0.92866325,-3.539608,-2.9026947
593,train_images/fb88783de055.png,d1f0274d6d80d5492338e2f47a17fd14e12f857e6e414b03513dca245371bba5,593,0,0,5.209339,3.444893,-1.3291569,-5.4256573,-2.1671028
600,train_images/3286073a976e.png,f946e26579dce31ed8752334d8380a6914b71dbdcb0fd60c42d212b865514bfa,600,0,0,4.1809044,3.5267334,-0.28742218,-4.8157806,-2.8494167
603,train_images/445a8a6da55c.png,9dc0d17f93ea279d7dbdbbcaed4d72fa63d3e442e6dbc0d334ce32d5ed0f2e06,603,0,0,4.0342865,3.0688744,0.18696404,-4.5898933,-2.9790287
609,train_images/7b8c78b41c0d.png,4b033a443c6ae4095bceaf4ed37225d956a63f2e5e321cb7fcb45265de459e57,609,2,2,-1.026062,-0.41651917,3.9450455,-2.1981678,-0.7545166
611,train_images/f0098e9d4aee.png,204ecfa968e9215cbff1f78c2534e68d76b421884361ff7bbe4ba1b141f6fccf,611,4,4,-6.618881,-1.6273308,1.534132,0.49591827,5.56814
617,train_images/f1979147aad4.png,3eefcb0b243eb3cc6eac069e48ab83546d4e5543eb2c776ffb618705a17399ae,617,0,0,6.676628,2.039402,-0.36247253,-5.090744,-3.422989
624,train_images/aad0c0ee9268.png,67892f888833b8ad425bef3cde2f9d38503ade4a8172e591b26e7a5ebed11672,624,2,2,-2.2654266,0.22224426,2.944416,-3.3167171,1.8969364
629,train_images/d18e5b68f6d2.png,49a3283f5de6b43480d61df943fec9da9c827673d1d32724d2810d327a48847b,629,2,1,-1.4580154,2.3235016,1.8529758,-1.8773136,-1.2670708
635,train_images/8a234d68b27e.png,2bc3c9ac97e38382a3aa2945931cd8a34364886ba2be2cf6cd2d53251d524060,635,3,3,-9.083969,-4.257126,2.419283,7.5960903,2.6563053
640,train_images/a8854768549f.png,ce9fc59fd2c87524199454dd706d76d213084279bcd4971bec667ed447214372,640,0,0,8.113968,0.17892075,-3.5177746,0.1525898,-5.1568756
648,train_images/ab724603ee93.png,bebff6e1337b4c474f0494eebd90c548e3f15945381f3c84fd1e1faa58260cf1,648,0,0,10.501221,0.96286774,-3.5258083,-3.06151,-5.006344
654,train_images/d18aea8238a0.png,70da16d703f16f6e7e22f1f89a8fa7688f9b18b0d94f4aa44b405701f088bca3,654,2,4,-3.3892288,0.39120483,1.7016201,-1.1453114,1.9592133
659,train_images/2463bb04ebc3.png,851d4e49bd424badb03d2ec40d19f332e42754f5d6b687c4e4797386c4b520d2,659,2,2,-5.8274536,1.1964378,5.57518,-2.726574,1.1829414
661,train_images/2b48daf24be0.png,9742ecbb749ffa977f87ae7290f8cedf971e7d0fd7aeddc65872b468f13efa2c,661,3,3,-9.104401,-0.6874771,3.0769596,3.770111,2.2707481
664,train_images/27e2be850a99.png,afa1e8061240e58e7434666e6273a993b254ffa99ca9a30b02b7866d60b11872,664,4,4,-6.860222,-1.896759,-1.1236858,1.0966454,8.165834
670,train_images/77b7b71ebcc3.png,a9fcee66613c28b6baba7d56ed44afa40a7bad1e5c5d28a7405c90273aa7955d,670,0,0,8.024754,1.6659431,-1.1348972,-5.044014,-3.689024
676,train_images/524f240e0c90.png,d55e19fae4d8c95b7a74c7ed6fc19977fe3992fe44e28e3f0e83a4126f04ee0c,676,2,2,-6.2433395,0.3589058,4.542036,0.7622204,-0.032728195
679,train_images/7b87b0015282.png,9c344b76aa0f68ae3934b2da00ea079961c1cccc13b84791b73a96fa274b032f,679,0,0,7.8756523,2.7751007,-1.3845272,-5.2732086,-4.187647
682,train_images/d801c0a66738.png,3be3e01be679845db3cf85d6228042f9ccd4f0b935c57f798a73e9eb557e9574,167,1,1,-4.6286926,4.029434,2.4135418,-1.4352894,-0.9285946
685,train_images/bb85097857fa.png,2ddbcb40f4842e8ff57cdf65f21ebd17db821151f6f876e585d809064bbb0326,685,0,0,7.6974754,0.20967484,-3.0195599,-2.1269073,-3.003561
690,train_images/84b88e8d3bca.png,f237a65aebad1d95dc9f81d77b0c5377268ec539993401d8d149d45b26335798,690,0,0,6.2014427,2.0629883,-1.250452,-3.8477535,-3.3497124
694,train_images/bde1063a5dd7.png,8cfaaa0e8c9e83521f12df4be2d893c0002e11bcb28b68dfb487b96143a6ddd2,694,0,0,3.9570503,3.2053795,0.66656494,-4.9126015,-3.189167
700,train_images/3c72f580d4ba.png,e313aaa3b54134af6a6a7780023d021144904810d8d8c6dcc63f15fb470ef24a,700,1,1,-2.8007202,3.5342827,2.5425644,-3.9533768,0.19580841
701,train_images/2fdffb6160a6.png,325b395e7540e24f10ae1a0b149e9b8cd8573d51bc34b79b534436d269295243,701,2,1,-4.6684723,4.4984093,1.7714615,-1.3322124,-0.783514
712,train_images/db52626d450c.png,f27f1e1c816284253b012bb8ec1266ffabb3a91bb0888fec38ac854f88ee86d6,712,0,0,7.3363495,2.4614105,-1.3619671,-5.5552998,-3.1021214
717,train_images/5299a532f0e0.png,a596b9a4cfdb8f3c9cdbb578660a10a4beeec0af26d19696040658ac5ae3aaf9,717,0,0,7.2808304,2.400917,-1.9472256,-4.671856,-3.2826958
720,train_images/25e9fd872182.png,cdd8ab0aa83af62e1ee49606475bb343d24c677cef70f5c4ce4c70d7ffe263f1,720,1,1,-3.1967163,4.118744,2.4148102,-3.1799068,-0.5687485
726,train_images/bdf47b9f10c4.png,26bbbebf6f67fefaa7c05f53da0a0581e9c9dad366c1f7b98b87c906c46a06db,726,0,0,5.2803802,2.5459938,-0.5891361,-4.528412,-2.9884872
729,train_images/22098b1fe461.png,3a2129a6f2fd97f6b70044e2b438c765717ddbb9c643325404abfbd92cbc7d1a,729,1,1,0.5318756,4.6898613,-0.9384403,-1.2240734,-3.4353008
731,train_images/059bc89df7f4.png,554fa5d81a16b1ccf8241041c2e271c93ad7cf70a9127e969a36d55ddb85e8f5,731,1,1,-6.5100174,2.2420578,1.9409161,-0.1618824,1.8695087
733,train_images/bd5013540a13.png,58dfbe7cbf3ff3072c0e329a333ebf5074020b8abba2ba00bc2400b90ebec788,40,4,4,-9.192123,-3.482811,1.7425346,3.3246937,6.9298267
737,train_images/e387311a840e.png,fa4b7fcc51fcd44d8b9812fe28436289ad72880a758054f80d1e8c12d8942b8d,737,2,1,-2.1681519,5.484974,1.1809502,-3.382784,-1.5247707
739,train_images/79be2ff796bf.png,11ed9f43ee17e864b59d4c815184b74de131d2dcbda4d65943988f028f2f16b4,739,2,2,-8.315178,-1.438797,5.0820713,2.8521671,1.1627121
747,train_images/e067b06fd655.png,e6125b66b5be0f7a9794a49a8b11b2fe3b1f5be868264b9def7420a5f5521377,747,0,0,5.2692146,0.79132843,0.005838394,-5.829979,-0.47950554
752,train_images/af8aa32beee4.png,a8110e555a018bfa189e3995d70af457805bb3c3218b3c8be06e8485982844a6,752,2,3,-5.6567764,-0.95877075,2.124899,2.2755928,1.6525269
759,train_images/4ab8c0cece7f.png,d5ac6517493915a0d61b47236ef8d2ce967f944b31a1b846de47ad59544e69fe,759,0,0,5.3176193,3.1092377,-1.1011219,-4.799242,-2.7670574
763,train_images/6180920bc224.png,0c1ec1e298c171c2a08ffed5dae06314d4d3f8c29122658dbae90ba48bbc9cde,763,0,0,4.1718864,3.0760841,0.14567184,-4.770729,-2.9098034
769,train_images/45693d027798.png,742a8815ec47de2c139150382f55e993be322dd83ef9b1099bf0bc9dfe7fbe5f,769,0,0,6.1708107,1.6245689,-2.1858768,-3.4671974,-2.3665104
778,train_images/b7a1bb106051.png,b7b274d9293d1db5116ce92bfa38404e9d30bcb105bdd76fc7bc7c7d7028120a,778,0,0,7.5171204,2.1533623,-1.4409618,-5.8729877,-2.571951
783,train_images/46f56c38051f.png,d54c3244eb7cd79ba1878c13e48b05b0b07d5c7b654f3eff81ab19b55e290cb8,783,2,2,-6.2370377,-0.8812485,3.5397148,0.30347633,2.6945686
785,train_images/48c72dec46e5.png,1695b1634f7e3ae4c35625cf2d1ee4ce90ca5b0f649b2dc00cc361b65d836cde,785,2,3,-9.33802,-0.7367058,1.0989704,5.5013638,2.8304977
788,train_images/025a169a0bb0.png,d8074b52b95ded42d68fae71f524fb25c24d02bf8969a40894db4a9a6262959e,788,2,1,1.4929047,2.0484161,-0.38084412,-2.9214878,-0.5972042
795,train_images/4462fba1d2a1.png,f6678f7a4b6a45ad77d833a8be8189db3105aba277d52dc97f9074124d6cf3a5,795,4,2,-8.559837,-0.80226517,4.1873455,1.2633247,3.2856884
798,train_images/57f933d3d7c7.png,e6944ac4a6b1d6a0d34bbe498ddd0146b5d672b5fffe563081b8adaa1c174eae,798,2,2,-2.46241,0.39452744,3.2851582,-1.6140385,-0.030380249
802,train_images/a73c3d516c59.png,d216592f408c1036c8b5bfd95d0a1266eb1d0d45fab28b1bc13246b1692dfb74,802,0,0,4.6387978,2.902378,-1.2382488,-4.700323,-1.8087978
809,train_images/ef476be214d4.png,ff78b7e0dc714cd1ff4c0fed88b1ba97e3b65307f94c3233a38ba798d1d13396,809,0,0,8.490147,2.0386925,-3.21517,-2.5521526,-4.9608307
815,train_images/2628305cbb29.png,1788ed5abfba96877edeebcfb902deed3a12d9295e59810bb02ba8e944944e7f,815,4,2,-5.2341995,1.2099991,1.7868748,1.016655,0.70181847
822,train_images/a664d2055886.png,8ac13335e731d99caa67e51219dbe26077e1fcf769dc09a233145243783e9fa5,822,2,3,-7.7289734,-1.650425,3.4946365,3.9862003,1.218626
827,train_images/1120f6d08d95.png,e993305b5f823bba61b5d3f8b489195f3e196dec4e56a4af94fcdc459fc6c0f6,827,2,1,-0.9008713,3.8794975,1.7427139,-2.6863575,-2.4260845
833,train_images/7cc4b7aabe04.png,3f9f8906fe3ed473a4d6b55b2e2d44331b3c6895de6ca16283aa22acaef73bd8,833,4,4,-8.416725,-2.3457108,0.32697105,4.0865574,5.734455
836,train_images/d2d523e9f669.png,55de5164017259c8eee610a6b41fc19be6944d86f525228fc9fc989f5db3d4a2,836,0,0,7.49535,1.4004784,-2.404276,-1.5112,-5.2271175
837,train_images/99c626e58464.png,59108f324bda498d76f874f279c1736e4d24e0d163f7a482e734d1ee2ddfa369,837,0,0,5.784317,-0.09011078,-1.8699512,-0.4351349,-3.6509361
843,train_images/8e4a354e3da2.png,6665d0d5129375afc57bb24044f2e0ef0310ddac83fcb7a8e475087fd0edbff1,843,0,0,7.746681,-0.20135498,-2.5516224,-2.1712093,-3.033739
845,train_images/5e7db41b3bee.png,bb6d47fe3863ca6bf85bef36528de631c22a926ea3aff21beeb1ea9c41b7aec1,216,4,3,-6.7066193,0.18437576,2.4464912,2.4759045,1.0039978
855,train_images/14c3b41d289c.png,dc81e803bf51c8587a50a5c679c981a6b26de4389559c00927c8d4b4dbcdde09,855,0,0,2.598793,1.8633995,0.043689728,-2.5496082,-2.2993126
860,train_images/3b9c1f42c2f2.png,194e890db59ac0c1b92724436ad62e5f8aeda3333ed67139457ebfd9f3833254,860,2,2,-5.454521,0.9777832,4.328003,-1.0279808,0.5812874
863,train_images/d41b33fcb94f.png,d5b496d954ce51d69f3a96af15bf9641d037715c422536d9f39caaa2b633c486,863,2,2,-3.6552658,2.2485504,3.4136028,-1.8788471,-0.6334076
864,train_images/43823561c3f0.png,d457d01134f3f4acb1ae2c5acd95b6d6b9e9b148e7abeddee5a5787767edf8de,864,0,0,8.90443,-0.7154083,-2.3669987,-2.3327274,-3.704193
871,train_images/adb56cecafaf.png,64558d2a745c2d8424bd43225e0ea6c6503ca07ad06d2a5e5cf034d5f22ce886,871,3,2,-3.8930206,2.389553,2.5145912,-1.0818329,-0.42262268
872,train_images/2b07790a2422.png,2951a2fa27cb5c7f0cef26b25dd84003fc08e3b2e0f6a4525f511a13579de12e,872,2,2,-5.51313,-0.77262497,3.0577488,1.096098,1.5776844
880,train_images/a00b4cb250a7.png,193f5e8368d432737f172de26434a55afaec359542aac924fa7e1e58e30d964d,880,1,1,-0.61105347,4.9006653,0.9850216,-3.7285538,-1.9166164
887,train_images/8ead8f37423c.png,511625fca1557f94678a0532ebd93045043f1dcaa1be4ffa93369737698dba91,887,0,0,7.289562,2.852497,-2.0586643,-6.143154,-2.1717339
894,train_images/2ef10194e80d.png,026c2b7afb6345362d8568b7679c22e0bd46165e4d33fc568ae51daf463ae09f,894,0,0,6.743267,-1.1291542,-2.2487354,-0.6299076,-2.9543877
899,train_images/a8e08e7fe016.png,28559bbed431c03cb96f7fc39362d4bfb2a0c598d34a25a8dd3a5224f93db8f4,899,2,2,-7.256241,0.57066727,3.6225567,2.4024162,0.027362823
901,train_images/d85588ff2ebd.png,218657a9a2228eb17d677a87f31e1b817414a90648662d8d3815a874e1c068c2,901,1,1,-5.087555,3.9021797,2.9668217,-2.5896454,0.2858982
905,train_images/dbfd238b3468.png,bd1e85c20379be05ff58c4bd2010608e175c9ea39c0de85dc7d99bfeb3de4f1f,905,3,3,-7.9125214,-3.4291077,3.5839386,6.6895905,0.45266914
913,train_images/80b5697f2a5e.png,c436e7ef4b4227ffd5088a761c411d1cde5a1056f0495cf5e820bf6de109a8c8,913,0,0,7.518284,1.4471359,-1.5441875,-5.1643505,-2.4637642
915,train_images/bc73ce76ec43.png,db2723ba6701f0a2131cff98d8b766d010ae855aa2ce51f3b66c0d6fc07a8c9a,915,1,1,0.81887054,3.3486748,1.3573265,-4.5407867,-1.3800259
924,train_images/9fab29e69a6b.png,a5d1a776bdad35dde41ad36c1dfea9ca73a4c20c0aa283b555cc3b92cfa63401,924,4,4,-5.4352036,-2.7009811,2.88756,1.5445957,3.0588055
931,train_images/aa9cfe639ef1.png,118a84ea13ba9da94650401ec58fc12a85221cc9e20cfc4b0e01358aaf143b07,931,2,2,-5.1139297,-0.3312149,3.315462,1.4174442,0.14002037
935,train_images/eae901557a84.png,16c09aab8836d5001a32cdc81e301b8be3a912e72306ac9173df82b57b3a09f0,935,2,4,-3.5012894,0.9873924,0.5760021,-0.87190247,2.3846703
936,train_images/74eee788edee.png,4b607fe21e2b3e0cd2b716f1a83ff8743519d0daa8b2952a6e7d9473223d4411,936,3,2,-6.9522476,0.28899002,3.348404,1.9609108,0.79493904
942,train_images/cae51154e1ce.png,d051c47a120c777b1f609edd2c6b47007a38fe3616c4777a911167686992ed54,942,1,2,-3.918892,1.9999313,3.6834068,-0.11719704,-2.0868034
950,train_images/eed4afc8ec83.png,b5e26533bad8ad65985077a42babfb9efdf5cceb96bfa37a6a1fe8c886f19726,950,1,0,4.5268936,2.733776,-0.33952904,-4.067415,-3.1320744
955,train_images/b22cc1bf0b8a.png,b9425c6c39bbd7bb9b98fe712b0f99eaac3573d05afa8a532202143daf0dd7a8,955,0,0,3.4378319,1.8709221,-0.1952858,-3.8518772,-1.5781765
962,train_images/a47432cd41e7.png,62472eaa23964a3848246252c4b34601341e28fd16c97a2761c106cf88522a6c,962,1,1,-1.3011551,7.2824707,2.3993149,-6.0559654,-2.7180386
965,train_images/c7e827fc7f41.png,d60668d4eafb51a7274bc1c4436653999bda165aaff0ac7cfc3a2dd6a53343c0,965,2,3,-4.5592575,-0.44361877,0.82647705,1.9359436,1.7274857
972,train_images/64ac539f58cb.png,892364ce0b665b1f4aae4156c37c396021ca1479eb469a6a7ef0ecac0b590f5e,972,0,0,8.83009,-0.09708786,-2.5932026,-1.9117699,-4.41432
978,train_images/07f5d7baf907.png,ec9e0f1dc9a814f4f588a44cd80e9458e360246eb24eb6c7e9ae484696f01293,978,0,0,7.775917,2.4976273,-0.8121853,-6.1229763,-3.4997272
979,train_images/b6fd109b1bc9.png,3cec8fff99d8f5c0e7124e56dbed6d6eb3f6e1e60d692d1332c823a259f33338,979,0,0,5.3774796,1.3830872,0.18993187,-4.7536163,-2.3600616
987,train_images/fdbc252813b1.png,6dbe62d1ee6a805a54e6e4a84214e22d8730e8596fd8089e9098e3484f0f0250,987,0,0,8.615841,0.7762642,-2.8771343,-1.4711704,-5.215824
993,train_images/44878f34e31f.png,0fe0be0e0a547efc2ea281bad5740d36a24afc673e24bf103a6fa5619b16a1ea,993,0,0,7.1338463,2.0725555,-1.1468182,-5.53693,-2.7250042
999,train_images/b762c29cf2f3.png,79b7753714597707e033d9245b897ce5d805a3631f590f70421d78d4176c5df1,999,2,1,-4.9436874,3.7892342,2.256628,-2.1193943,0.5092697
1005,train_images/2c77bf969079.png,0f1f28108271c1c78e7ec2af3e1544b5cbf4979b3db1dd93a591872936e67965,1005,0,0,4.4392586,0.051525116,1.4482975,-5.2117863,-0.95451546
1010,train_images/66375b3c64db.png,245cd1455af67f12b4a95cf10d21dd728b4756466f1caab9edf35cd651aa2c98,1010,4,2,-7.379219,-1.167839,3.8906345,1.9814968,2.0922565
1014,train_images/c94f37085d0f.png,fd62871771b7ca12ae340c503f06355bf1399359c74191db8f393f236a189113,1014,0,0,7.153614,3.0114708,-0.9155369,-6.6685467,-2.788721
1016,train_images/331121c65e88.png,62d2a7dd4b8e26e1578c8c06090fe332d0cf8f56ff24f0cd39f98f1241bde920,1016,0,0,6.056999,0.09528732,-2.1710873,-0.8409271,-3.4166298
1018,train_images/7a9f45fdf29b.png,c0fc4d655e5b159011cdc36895d7f8c8d5a38f36ed6585e72c5893a46dcfe760,1018,0,0,7.0643845,2.4500046,-1.3573093,-4.8629,-3.5050716
1024,train_images/7d94a000c2d0.png,87ccf2ddc3e668afa1b5dd3367e418bc86a7993387d98d396c462ca7e8483a6d,1024,0,0,7.436661,2.5721436,-1.8086224,-5.426527,-2.9965973
1025,train_images/c6c2bad91f23.png,bc7ffe440fbd0a6691ab2d08e002ceb0a8d9783f4391117784f47b29a6b3a5d8,1025,2,2,-8.5857315,-2.2578316,4.3892365,2.5792294,3.2272701
1030,train_images/ae20112e7a1e.png,929f0de355a97e197153f9f737db6b1914c5c76164200f5718367f999cd0e011,1030,0,0,7.73534,3.2156029,-2.390955,-5.223631,-3.4663792
1036,train_images/4210809074c1.png,48bb749057208f15e5d7cba71afb268a8b04f25020c0dde5c0d1ac31f261f9a7,1036,0,0,5.131527,2.2689438,0.81282043,-5.8383293,-2.655035
1037,train_images/7e70344b0c25.png,f0060f99accea9b7121df48521021855eec9078285d8ab6ae7dd4df8c24df410,1037,0,0,10.136616,0.8515091,-3.956728,-2.2546444,-4.9236145
1047,train_images/a06e41bd2634.png,5812cc02f3c26f09bb0044c5d934ef1bb380f0facff1a4526da1c5313f9c6aa5,1047,2,1,-3.9764786,4.6985245,2.6680527,-1.461956,-2.430954
1053,train_images/780be525036d.png,fc67275378c2f8f367cc0e8d4752ab8f5e26af74e1b69e413873473c14cccadf,1053,0,0,6.8983345,2.1085548,-1.0367413,-5.151104,-3.0217304
1056,train_images/7525ebb3434d.png,2b155912b3f4bd098536c75f028cb510afb557a11945b7378b5224b39634e69c,156,3,3,-9.209709,-4.4018974,3.4261189,5.5090656,3.993925
1059,train_images/15b21c80cc31.png,dbd56d035c6b4194a036dee565669b27adfc2682d992a622a366f61998bde2f7,1059,0,0,7.0089912,2.2588196,-1.1388874,-5.7792244,-2.5711498
1063,train_images/55fd453001cc.png,b8bc353283ba0387fdb9f80402076e0a25b7c1446f01f5ed7e3678ae10d9ab49,1063,2,2,-4.9404755,1.3361168,2.8227024,0.41223145,-0.14548302
1067,train_images/0981195eb9fb.png,82cda0528444be453760cf62c8adc0bcc083365f6ff271a5520c452d0ff846e0,1067,4,4,-7.262932,-4.2443275,-1.1473331,2.7069168,9.299856
1071,train_images/da2bdf4236ac.png,fca36b38ddc537159f340fba16f1342bd88108f6c2ae1e38c0fd68253c038b1b,1071,0,0,9.873573,-0.59003067,-2.3889027,-3.4834614,-3.542078
1078,train_images/08f8838d69bb.png,cff11dee5ff5036b8a9657601ac73cb260059a5407c08f6edc6a3738d6116783,1078,0,0,8.081795,3.0504532,-1.9057751,-5.8940372,-3.5177689
1088,train_images/8660e1864665.png,1d8b250995519e38f09ce6594db3167c03e8b8e4086c61b2f5bc4cf4c48ab6e2,1088,0,0,7.7200203,3.3653145,-2.2751446,-4.875139,-4.1367016
1090,train_images/7c2e852171c0.png,58277d76416e0a7d0fe70dfbce560774a4193bd1f87c4d1a1a9cef4c9bdc9654,1090,0,0,7.6054916,2.4845772,-2.1184788,-4.877241,-3.2909813
1093,train_images/a07d571bf7ba.png,a8029f9e7c948c2192bde6a2c9e01439562eb8a80517e7f3c4169d1ae3374495,1093,0,0,6.7523766,2.471321,-1.6257076,-3.865284,-3.8867188
1098,train_images/acf976efd7ce.png,489a6f2ccf80b64b9a3e2ed417f8026e2ff1c2294ff62a11f8d1c73012df7ca6,1098,0,0,8.860649,2.4269714,-2.0859547,-5.6172867,-3.7524567
1100,train_images/873dcc0b468f.png,01daa0b4cf0055431b8a090f5bc56681a1810cdd28c008f248a12177634336be,1100,4,4,-6.423485,-2.1164207,-0.708025,3.0019646,5.649687
1105,train_images/0b8bdec9d869.png,11221dc72183f47f4b35f552dcb73acb08a7ea26580f9d6b18ec513041b64d87,1105,0,0,9.294891,0.28081512,-3.694212,-1.5891113,-4.4857597
1106,train_images/2131aa3a1e6f.png,ddb580cf16ba0e1e723db50f632d9d1ff6511f71e35a4ff81875e736f6b33197,1106,2,2,-6.781288,1.886425,3.6879025,-1.4413242,2.0382175
1109,train_images/b8ebedd382de.png,62472eaa23964a3848246252c4b34601341e28fd16c97a2761c106cf88522a6c,962,1,1,-1.3011551,7.2824707,2.3993149,-6.0559654,-2.7180386
1113,train_images/d141728fa392.png,8a653d768ec91a83f3b12d15d3edb65324bf05d18780c42a1a1911f5b4042aa4,1113,2,2,-7.1037674,1.1813889,4.10178,0.13714218,1.0662766
1122,train_images/7c2f820a6425.png,7d7c0b44e361bfaba7da283fb6738e19c5b40168fbef8604be448193d6ab4d72,1122,2,1,-3.4506302,3.2510185,2.2171001,-0.7755413,-1.7528019
1129,train_images/934104859e68.png,fd84690edff99d3ffa204961211339e2fe27367af7c2a63be3e9cc0200d96e02,1129,0,0,7.569767,2.154644,-1.5259266,-4.8035316,-3.611908
1134,train_images/1b4625877527.png,c2910f0d9fa83aa40d7de032076571b487b423f1104ebcc233fc4adea64eb572,1134,2,2,-5.676964,-2.2698097,3.2684898,1.2290993,2.8925781
1139,train_images/8a01daa423f7.png,881c7ce2aa009d1412b81b51d64f543f90f48e6c4fe17271e8b68b55f225127b,1139,1,1,-2.5640488,2.9561615,1.3464851,-2.866642,0.75982285
1140,train_images/b9fe7da14a32.png,9ca4b9486c1144f34e5eaafb3676d9e70795d4835d65e168888b8f6d1d525843,1140,0,0,7.7354393,1.8840637,-1.987154,-5.011818,-2.742239
1146,train_images/3710ff45299c.png,c56e82e7e36dab3f4241b3992abe99448ddf853976c86f732f1dc1fb25f3b379,1146,0,0,6.9635925,2.6963425,-0.74170876,-5.7821026,-3.3536777
1147,train_images/bfe467b7e997.png,f037a82a799aa52803ce1a2254cb7267e993d55f066eb222f43d79d5bd0b8b5c,1147,2,2,-4.0560684,1.6831436,2.5800724,-2.0571556,1.3778076
1154,train_images/387138ddf43d.png,308bf70fcc7bffdf72e8f750711068206021dee128977b050bb01435ea79dad3,1154,0,0,8.187336,2.9032402,-2.0746365,-5.311754,-3.8218822
1160,train_images/e5de79795c1d.png,e1d6171c45b024a7051e4231d7630a5d009aa540885387416e07e801b6c1a8d7,1160,0,0,6.5933456,2.68293,-1.9965687,-5.2670765,-2.168085
1167,train_images/c3e02d4a1798.png,3c72d01afdff4761ea35c1169a7eedef007a241f5acf8dcf26fd0caa4101b9a7,1167,2,2,-3.7266388,2.4416733,3.2893696,-3.2429771,0.7807331
1173,train_images/17eff993386f.png,7f0a2856014f59784c8cc1c750a894052a57e1605f52bc34a9b4eae87925d0ce,1173,1,1,-2.073494,3.4240608,-0.1348877,-0.577713,-1.0637398
1176,train_images/2b2f5a0f880d.png,dac064ff28a7e6a749cacde68c6bc39eb7b9faa48d2821060ecb541c5db3c06c,1176,0,0,8.647118,0.32398605,-3.003378,-2.031042,-4.1290855
1180,train_images/82e5bc01f8a4.png,d09f7057f0e50dd7572f797c7204c6afcc9c5fa02fd8864e505a13974701c8b7,1180,0,0,6.644264,1.6228828,-0.89775276,-4.617321,-2.941904
1186,train_images/7eeb191ad06b.png,26912f4d0bdac71cff1c41120b9b49556b5b987529fbeadc105faf15d6602944,1186,0,0,7.0161743,2.3212967,-1.2258434,-5.554022,-2.7556648
1191,train_images/1e7ccd4a1c87.png,0ce4fc8014f9a3fa43b93511ff6abbd013035dfb1631988967c28b306a3a82d9,1191,0,0,6.912464,-0.4977455,-0.28791046,-4.09717,-2.2322102
1192,train_images/84b79243e430.png,57318c4b350258740ef0332d5ec353650356867c083c3b8e3ce25b1d66fd9a31,1192,0,0,8.021427,2.8576317,-1.9082165,-5.427124,-3.7248383
1194,train_images/0c55d58bebaf.png,d34ba05aaf945609597071e4b8ffaa494ebccde0d4212fe2c089b6a5e8a9ba61,1194,2,2,-6.2750626,1.296711,3.09367,0.6635494,0.61270714
1203,train_images/0083ee8054ee.png,1b2c287718057b4bcbd89117982c509f46300630251a0fc7f2f3dd63bdf71fee,1203,4,4,-6.9720154,-2.5818405,2.2608051,1.2129116,5.467375
1211,train_images/4c5ab774a381.png,03e9962039a8d8c9a1ca20f75eea0042adc31ca19c8d47744e5ce39a052af5b5,1211,0,0,8.656437,2.1249962,-2.9767857,-2.990263,-5.0011673
1216,train_images/e499434242cc.png,4c673efd8108793cee71f7a41f82c0f37258e8221f3b911717736c5f754ba15e,1216,2,2,-6.393593,0.8388138,4.8637886,0.23304367,-0.0987072
1222,train_images/1864d3411143.png,4a1cc0862330e3a5dba9700086a52b6c62fc563a48fa5bf52ad4d839dff3c877,1222,0,0,8.645206,0.46086884,-2.7319622,-2.1141682,-4.4361515
1228,train_images/12ce6a1a1f31.png,1bccad09b022ef5efed12d892d0e8848a26ae86c1b07e3b34d209d9a8106b17b,1228,1,1,-1.7583542,4.399975,0.88033104,-3.1142998,-0.82705116
1230,train_images/5c8482926a08.png,af422c17c378f5142846fe7096f042f8ef2d4baa050987e255c2d8233f55d843,1230,2,2,-3.652176,-0.14269257,5.0029755,-1.7730999,0.047761917
1238,train_images/4a558a1cd243.png,95f588fe7526cca70d68df6a30804bf84021897a9b9a851d6ed070c3e580f36f,1238,2,2,-7.0258026,-0.18022156,3.5139465,2.7279568,0.33704758
1243,train_images/596f4fdb0004.png,7e32af3e573074e1b1f4acef72485662c756f35afb405b1fcfc481721d330c20,1243,0,0,4.6213074,2.2162209,-0.38983345,-4.9832497,-1.758667
1250,train_images/a6731dd737af.png,98908df1c636ee9dfb42a624ce43d7cd3dbe52aa1a77c73133039edaae446c6a,1250,0,0,7.9573364,1.8326607,-1.9004269,-4.474329,-3.5925598
1255,train_images/2221cf5c7935.png,689616c356651247dbbcaea71b7000cb55af3ac0e0ae6d4ab060939bb2d69c9a,1255,0,2,-0.11537933,0.7172241,1.9613953,-1.3674831,-1.5626106
1260,train_images/6f0463c1ff18.png,8cc194498af04e7cbdeb636afe03f0b97abe986010164196672e754cd0f4f6b1,1260,2,2,-2.6661453,-1.3190079,4.430834,-1.9281387,1.0287552
1266,train_images/b6d9974443ce.png,1d8eae919d112b0f0960c77a8648e5c9315ca372c5a5ad401cce20a3a25b20b3,1266,0,0,7.298668,0.29000854,-2.3135662,-1.9025402,-3.5990105
1267,train_images/633fe9dbaf39.png,f24130ca231c05e0bbd08e61fa5eb55c1dfcc5fb6bd6d407d0630382a56d054f,1267,0,0,6.944065,3.1301537,-1.4711819,-4.5430565,-4.232998
1269,train_images/82deb07a6618.png,d994a37f3cd77ccbe167029de6338cf6d8c620fc58220da4564206731da54ad7,1269,2,3,-8.146927,-3.3718834,3.4646168,4.4114265,2.9804382
1278,train_images/eebd1e195952.png,d6077f40196045a4760de907aee8c52a8c05d53e511c68e88bd7735c0424134f,1278,0,0,10.271889,2.1726837,-3.726904,-3.736044,-5.1149445
1281,train_images/0a1076183736.png,7c930ff71809944a0b441c0a09c30f35629eee67d59eb0837624b29b64b7eb3b,1281,2,4,-9.820061,-4.380398,3.2865238,4.626425,5.5724354
1289,train_images/8185ce1cdcef.png,1d47cb586d6da3392df3750cc9f8cadef19ab75da5f58831fd750804f2c03485,1289,0,0,7.990814,3.2697716,-1.8491497,-5.2941494,-4.3110695
1294,train_images/2bd4d4fbed5c.png,d9bfc1443b604e375afa324888920bbcc13d094d01d2ad8cdfc9f70eca17374a,1294,2,2,-6.8692627,1.7431831,4.3480167,-0.6626625,0.85957336
1296,train_images/ff4832d55461.png,3dd2cbb8a22f390420a964768210bfbe5da54fe834d7912ac4d90a4df5c1ede7,1296,0,0,8.711285,-0.0905571,-2.8078556,-1.5002556,-4.465233
1301,train_images/4a0890b08532.png,a562e39baae39e773ee3efe50fa30e1861161a7bb8d5d8b303ae38c80e33c423,1301,2,3,-9.254471,-2.4472198,4.446619,4.966131,1.579113
1308,train_images/8564b7aa3c1a.png,3dd241325a0f466e01ed545526d4f6dd7a42092e8dadde51f99a06e70395810c,1308,0,0,6.729912,2.1675797,-1.4898014,-4.6584377,-2.967533
1312,train_images/27e4c800a449.png,cb8ced1312c53436f404cfb8d56c6c869ed6dc0fab4804d6b9dd0fae58466e5c,1312,1,1,-2.0214157,5.189171,0.32118607,-3.6220322,-0.24918938
1321,train_images/1f543a86c4d4.png,ec68c79967b4ecc4c80cbb1b42995dd5681386cf984c380b21b897f1a2337d84,1321,2,4,-7.2522125,-1.9762573,3.6111393,1.3849659,3.6496067
1326,train_images/d16e39b9d6f0.png,1487a147691df11aa38895f6502ccebdd6bead66ae960bc974c4f7157a16d893,1326,0,0,7.283825,0.99791336,-3.1842709,-1.2846317,-3.9966545
1331,train_images/12058bbb8299.png,176557cc89459c69f2168dec71da5241afcc57e04afb462be6ff4ca7aac25ab5,1331,0,0,7.393585,1.2109871,-1.0732822,-5.4500847,-2.2919388
1333,train_images/2d9d97a6e713.png,54be2e850bfdc608bde27eeb6cbbb5a9d4d42796fec6fe1119424af5df26ded7,1333,1,1,-0.5950928,4.3583603,0.80623055,-3.447195,-1.5056686
1334,train_images/b7bd4a6627b6.png,d113f8cab449b092ed1a47cd832699bf0b64069597cc9c327459e4ede9349a29,1334,0,0,7.059498,2.0534782,-0.90561104,-5.9153404,-2.521061
1339,train_images/4a5a6efc0bef.png,0cc175fc2e69b6781270595f6b0278984ef5085350ad45cabb6e1cc327981270,1339,0,0,7.3427505,3.238697,-2.395628,-4.8377266,-3.5556679
1343,train_images/983c98354e9c.png,9df93b6e8c29b57eb2de5fe63b26285c92ec95eb1025a439cda60b3077cd959f,1343,0,0,6.364727,2.5661278,-0.9332943,-5.365814,-2.8323784
1347,train_images/263d8851e33b.png,e5590bdf783927305fb3a083e0fd374ef8e21b37fc6b2d9f1489a3d398f5fad1,1347,0,0,8.488262,0.78191376,-3.825529,-2.6717815,-2.959938
1354,train_images/e2265c383348.png,735270e001a0a27294c2da4d85371a301e41ca5115e13f12f554011ac02a7977,1354,0,0,9.220612,0.93120956,-3.6472683,-2.0172577,-4.6244698
1360,train_images/1844a039b4ea.png,6238fb4f598e30c7fb7048a80b4b574b3f94d0cae76fadcb493a70a6f42fbe96,1360,2,2,-6.954796,0.7663994,4.378105,-0.15647125,1.3942509
1367,train_images/bacfb1029f6b.png,49496258c2673cdcb7123f16954ebed4c67f461db2032824e11e8d637a66f73b,1367,1,1,-4.271637,3.1784325,2.913519,-1.2959652,-0.98181915
1371,train_images/67f5d89da548.png,4b17c2ecfef7cd06a30e0c88ad06290e882b07d0c85c665e6fdbab16ba660d1a,1371,1,2,-4.182083,0.97898865,1.636158,0.8228283,0.21694374
1376,train_images/0babc12807b2.png,69487f13280510c2f71cd4a41115001528a4dbab63eae4c1928d26b0ab138fde,1376,0,1,-2.0730438,4.384701,1.1717377,-3.023468,-0.870554
1385,train_images/a62ea0043aa7.png,e1512c9f1cf1560520a8426bed1dfce36e64e539c08162ab14806244a0812f20,1385,2,2,-4.277466,1.9700546,2.6126957,-0.82985497,0.0293293
1390,train_images/9de9421f17e3.png,4285a16f876b45d3c65e5df5609f551a1188a32cbf9812a59f9df088830da492,1390,0,0,7.467148,2.891838,-1.2809963,-6.9909153,-2.2965965
1398,train_images/8d4d14a4ab07.png,9c0f12d0ab596593ad2bcdd0c023d1da6e31da66e25edc25b702e47201d9b908,1398,0,0,6.5031433,1.357254,-0.90138435,-5.146246,-2.0522976
1406,train_images/ec6659926105.png,4515cb1784ae0e0f677606876337620c88778d9e3ba6e2af05cf60e4627ca812,1406,0,0,7.0732994,2.2042122,-1.2601337,-5.095316,-3.1291256
1409,train_images/71f6a6e4620a.png,c4f545e6cea63bdb0619043f5f5cf614090625a386dc8b9ff66c254ab3b49368,1409,1,3,-5.955284,0.83522797,1.0816536,4.1258717,-0.643589
1415,train_images/bf7047dc683c.png,26060e0d0d10960b28dabe090b1dc997a1d45bf2c47c64615b2ca30575c2fd43,1415,2,2,-5.989151,0.21852493,3.507084,3.1897812,-1.4630527
1420,train_images/242fc19be06f.png,71ab062d375642c8777c4a4f5cc064da7f1233155f2d8aaf1f51261d51387864,1420,0,0,7.357937,1.6887245,-1.0513706,-4.350809,-3.8298702
1422,train_images/f03d3c4ce7fb.png,6cb1a09ca80760ff37b9c995489e97a219747b87f533bcb6fe95ec522d99bfdf,1422,4,4,-8.931984,-1.9738884,3.1524086,0.96541214,6.1117897
1431,train_images/3ac3fbfca7d4.png,b5970673cb13e47f10172375088fcad3399ba6eacaf6ef70868cf35eda0481df,1431,4,4,-8.07737,-3.039692,2.512865,3.706543,4.257616
1433,train_images/0af296d2f04a.png,f7bf04521f82e4f75f7d57c45a8c4171cb6e49a397f37421eb4da2d8fa0240f1,1433,2,2,-4.4950867,0.37170792,2.609541,0.8508282,0.14354897
1437,train_images/bd500a73beae.png,a787a9ce24376ccdcbdd0bbfc8ab719f284038b2f5ae363b3665393bb0f8aea7,1437,0,0,5.97834,2.5530891,-1.261816,-5.1744843,-2.3211346
1442,train_images/db690e2d02f8.png,55c12032bbb3cb4d138bb6bf879b1ac9ad2a81d53f6b7aa9ff22feb5e5a3b43c,1442,1,1,1.0679932,3.911148,2.510107,-4.6734104,-3.1833305
1449,train_images/f8372e80f731.png,814e932a010f71171bb08f1d7d54b63e35757d372666ba8ff1333cf474f5ce95,1449,2,2,-6.140785,-1.9891853,3.7052746,1.2272053,2.6166935
1456,train_images/8b568d47a1fd.png,96afec9ed3f09841f03153dd91efae89b6fbfac52791377796503343c953b17d,1456,0,0,8.544525,3.3632622,-2.9855328,-5.3371773,-3.7562256
1457,train_images/bcb0498ed2c1.png,4d2695db2283eb0196261a5f10835f3f8bcb52717569cfd9a31fb5cefa23575f,1457,0,0,6.3223877,1.4769554,0.026611328,-3.9669762,-4.0339813
1467,train_images/a821b6ecef33.png,234652657b3490b8eeef65a6cb915de3e9399108d5c5e5f34e0cc3a17148702c,1467,0,0,10.230179,1.0300217,-3.7141323,-1.8466206,-5.826296
1473,train_images/d4be0403e6ab.png,1b955b50c3f040519d74258af8803a2c4e6182a8ee694349684b024d40492cc5,1473,2,2,-0.3809662,2.0800781,2.8510303,-3.0460033,-1.9157276
1479,train_images/1cc58b15f466.png,729780d65c747bb38b41bb839462c2945ef2dcd2c7fd2b32822033147183c298,1479,0,0,6.691616,0.5067482,-1.456255,-3.3637333,-2.5401306
1481,train_images/cc1eebed9276.png,ee1ef3b1d28296e347400f787eb5fa10a3711fedb7e6d13b4885c92ed1b8aa7e,1481,2,2,-2.4945602,3.0860138,3.2742138,-2.9651222,-1.3177319
1483,train_images/cd48cfab4e44.png,bf9457df1acabbf2994ffdcece394a845e26dff04f4278b78e6890d594b275af,1483,0,0,5.771141,1.6363068,-0.89014626,-3.8876324,-2.8306026
1489,train_images/10eefba568dd.png,9544c1e7dd75d02e8f74963d64844a5397194d250a2d21bb89b7d2f9636fe64c,1489,2,2,-3.7417526,1.858345,2.7666836,-2.6297932,1.2525463
1496,train_images/46c1548d730e.png,0165835b5dad002b349d37198c5c16272709930c237c09221e2fa15275e0b6d4,1496,2,2,-4.5970306,0.8088417,2.910862,-0.047332764,0.4351406
1500,train_images/060e00d1e2ab.png,4c6bddc11f823bb88dfa6ff41d2208c788b3f7ab046831465ac73f04b7f12fe3,1500,0,0,9.33646,1.7409058,-2.836378,-3.2615738,-5.147156
1505,train_images/224bb938e2dd.png,52e182abb40db4059cb220b429180d72c0b779979e6c3325c796eeaabc9bce31,1505,2,2,-8.4494705,-2.169407,4.140877,2.4468384,3.3468704
1513,train_images/62ab144d5cee.png,a8b6d852951432418d72ef57983a65f3b8dd4a716c77fd9d7a3bc1ca6fe11377,1513,2,2,-9.764526,-3.219532,4.6598797,3.4547215,4.1859646
1518,train_images/541db13517e2.png,ee8b3a785f56acb8cd9bb485252a3a8cde6b8abe1a8f987dfe718d4eab9b4011,1518,2,2,-7.1871414,0.6121445,2.6147766,1.2183056,2.1448994
1524,train_images/3132556f5352.png,1867f422b32df877fc573ba78b7ae38e1952f016c470ebdbdf8d7a396a59a5b2,1524,0,0,3.8169785,2.3591385,0.6524048,-4.562807,-2.5574188
1529,train_images/27bab1432f61.png,42e4ff7c9f9c1a8390f9f11323579baf54afa9eea580d470f71395091e098292,1529,2,1,-4.5451584,4.353943,1.6144371,-1.4325867,-0.4709072
1532,train_images/7f2123bc89a3.png,470a0d0fc7eba93472576c7fdd235d997c76dc5425e5c0b685baa887523a3342,1532,0,0,8.354397,1.454834,-3.13661,-2.1281586,-4.725424
1536,train_images/bf7221a016b5.png,863730b974cd8f72791b1f5e64386d2435e4b576411997f51691886f290a189a,1536,0,0,6.034256,2.5081062,-0.9536114,-4.3623676,-3.4022312
1539,train_images/65e120143825.png,f12dedcf7782ce81e2185e7a48ba23b2ba8aa83f21dca906961ea204937d88db,1539,4,4,-6.2269135,1.5303612,-0.37532806,1.1115303,3.413866
1547,train_images/684dd88a0d49.png,3f39bfd9c853e35fbbcc2e279ccc41835d9cfb8f47a1ebdb42dd73064fd8df4f,1547,0,0,5.6846695,0.53796005,-1.0119953,-3.617096,-1.7807808
1551,train_images/ca1036496659.png,95c4791242c28145d76d2d17aee6e5860fe7a34981f7371407a4401ff5751f18,1551,1,1,0.4641037,2.747696,1.5948143,-3.5530472,-1.5691051
1558,train_images/eaa0dfbd5024.png,585a5edc6351401a6f240f326077e93521c6a394c7f99f9a24add145d7638fe8,1558,4,1,-1.0530167,3.8864746,1.466568,-4.2764454,-0.42970848
1562,train_images/fc898dfeb24f.png,f81074c25369bcf369fe740ff09407e1943f9178fc5ef6529113bcde8c666862,1562,0,0,9.573433,-0.26242828,-3.3292408,-2.0078754,-4.140793
1566,train_images/1faf8664816c.png,8990ce72912acc86a2bef8a22eb1f210040a3e402c1d6ad04423102c717e7793,1566,0,0,5.7644157,1.2034416,-1.4565449,-5.425869,-0.34019852
1574,train_images/4276b82e4489.png,3b17d4a48c51b698bb53c96cbcf81e025bb70db60b8e8913e401f0f6f3dfaf37,1574,0,0,4.579857,1.1237907,-1.3718395,-1.5164223,-3.1181564
1580,train_images/2a5a8b744f08.png,1e5321f241d734a9b41c743ed5323ee0b1f6066387ed187954cae533a4e2bb7e,1580,2,1,-3.9490814,1.4706497,0.81362724,0.19364929,1.0004635
1582,train_images/78b3f819dcc5.png,2a718a5480e548c3a3127b19b981d47bb68af9208b6b0fe06c187f5bea5401ef,1582,4,4,-6.2667236,-1.6324081,1.7227955,0.8431244,4.7767715
1588,train_images/358d2224de73.png,9f9410fb15c0f628dc0711278ae9801672ea72cfd596e166c7bbab94dfb8acff,1588,1,2,-5.9777756,3.1217422,3.5060806,-1.3179626,0.11635399
1599,train_images/7ddcfcea7369.png,e8f85609e1377c60ed8c5ceb05ab91ae4bfad6ea81b318c86acdbc593b5eb514,1599,0,0,5.5112686,0.03023529,-1.400816,-1.5976887,-2.8009224
1604,train_images/807135cbc438.png,13aa7553878cfa532df1c8065fd1b7ff5ed5809e9127ffcd1687daa1de81e170,1604,2,2,-5.6873093,-1.7584572,4.456934,2.1905537,0.25186348
1608,train_images/b22354b5f94b.png,c4c4b37c5695e1d28625c8c373364ef7b15655877b6bc1da0b272b11a777800a,1608,1,1,-2.8419342,2.4288406,1.9295807,-1.7119484,-0.23052788
1609,train_images/232549883508.png,46a1318cbdb2316ca0ab87b1c7339db435e5f223af7dfa9fa50894a29a0e0b06,1609,2,2,-6.084244,-0.66999054,3.1833763,2.8380299,0.1481018
1616,train_images/ca891d37a43c.png,8df6ecff0ab92a9bce692ce446b0c61adaa10efdab80c2b52593e34003859460,184,2,2,-5.7129974,1.9136276,4.830221,-1.9716492,0.41615677
1618,train_images/b553e7909535.png,1d1f9df7f07b1e767ae2c88c5a00f102f11bedb0ce169c124d8128405d9368c9,1618,0,0,6.523258,3.1129227,-1.2304783,-6.3827124,-2.2515907
1621,train_images/a015ce4f51ad.png,21552bf40ea1a161fd11f3a5f07d09f09f407ecff7fac2e6195859c7c7d59d25,1621,2,3,-7.264,-2.8994179,3.286234,4.307705,1.9469566
1626,train_images/0318598cfd16.png,0811f5cda7284e76ada4af682a9370130bbcd9d10a55301a708fb9c07380f7f9,1626,4,2,-6.4766464,1.618576,2.257864,0.33230972,1.6895428
1629,train_images/486e852a3b4d.png,70c629fb8e24877e90e59852a0b4823bec6e977b231ec41cb1f92fd67571f723,1629,0,0,7.192318,2.5854225,-1.3229809,-4.547886,-4.0480843
1635,train_images/1a1e974a7dbf.png,d522a6537d8decd131a983485b0be248e5aa6e9aa6b8e0f2b26d8a2ff0f5749f,1635,0,0,6.3022537,0.74925613,0.052721024,-5.28936,-2.0667992
1643,train_images/3de8ad4151e1.png,66cbcf069099a109144784cf52cdbed65c582bd189ed6505bab508f2fc678f40,1643,1,1,-0.14770508,4.6023026,-0.7789898,-4.596245,0.5808239
1650,train_images/2cacdb0dffae.png,fe7c23e123a1095965ad37929d00ae5fc9240d138efb1623a89ddd09b9764467,1650,0,0,7.8471413,2.2593079,-1.7845898,-4.783407,-3.729292
1655,train_images/236f56771ec6.png,cd5d977b48c247551c4d0e9ed4271e86ecec237e8e2e83fbd9216861589f2cb0,1655,2,2,-4.671486,0.76794434,4.2555294,-1.0991421,0.21397972
1660,train_images/799cb4c816ae.png,afaa8ddb09e077f229bd788203d4d10a10439961cdb39d1ef86360b1139515fd,1660,2,1,-5.0617676,3.7564125,2.4311428,-2.0958729,0.44065475
1668,train_images/d866c26d76f0.png,5888201e2ed388c635212f42083258967f7a7e4fb82d812b095370b9531ba52a,1668,0,0,8.992912,-0.035873413,-3.3182049,-1.7337322,-4.0817585
1671,train_images/b5a3ca5c0a80.png,a315bdd7bee9d0bbf7bd1da8760b6e4488884d3c0c10111a59fd56a6e4e80c78,1671,0,0,7.499531,2.1386795,-1.5668011,-5.003422,-3.2560806
1673,train_images/ebd96d853918.png,18844e86c52e1df9993743b49fb9e401c9de9f6080fec0ae6f7bea28c7252071,1673,0,0,7.0442734,2.2750664,-1.9752789,-5.4380627,-2.1053143
1675,train_images/e229aca862c7.png,b4759238e167eff81a2abb051609f15960af5be7365dd91000660d2b0077f91f,1675,2,2,-6.59494,-0.80290985,5.0142593,1.3205833,0.42931366
1683,train_images/1c4d87baaffc.png,cb66e86c28ab48f1884c067226847b34c2849713a3ea380fd6a638fc2582523c,1683,2,1,-4.767334,2.7548332,2.3552608,0.8053093,-1.6625328
1688,train_images/4a693dd3921a.png,7552b54d93adbd7cd7271558baec7095789e29485b9068bf98f600fb0a0ba40a,1688,4,3,-8.8901825,-4.16193,2.6889458,5.9222336,3.804844
1691,train_images/c739ff9580d3.png,751c484591ab0248093ec2f6cbec071f7781c6de25f7e4b3cc0b8db47e3ef27e,1691,1,1,-4.6234436,3.7503662,2.6095867,-1.407196,-0.8671684
1698,train_images/1414128bead0.png,26601a4b0fb6d4fcd0073632cc4960a991c8bd95d4157ecc6728aac822425d24,1698,2,1,-4.1997375,3.0759087,2.896143,-0.50785065,-1.7681122
1708,train_images/ed648b9bcd95.png,bf87b0f869c51b3657b7e5ce2ec13c2b45fefad70ecf0160ee1e5acfdf3527cb,1708,0,0,4.5908012,3.1870804,-0.16341591,-4.6284485,-3.2065315
1710,train_images/ed6704e3b72e.png,e3c34e63ed721f759f5717522ce5fb98f3c8c8e66181423516bc7c854389d8bb,1710,3,3,-8.591751,-0.18797684,3.3972797,3.8936005,0.8352432
1718,train_images/750e0168399d.png,70c839726639b98ed74da000659ab0ce6b167ed08d41450d1c212a21013656f5,1718,0,0,6.4120064,1.001152,-2.1554813,-1.3951607,-4.139183
1719,train_images/a7b03e58a6e1.png,2f3c05a967de252357cd5e3abf8350415244b6cafcb1f6bfc8d06638bc1be6ed,1719,0,0,9.107628,2.934082,-3.029787,-5.281475,-3.8840714
1725,train_images/cd29c88c9e36.png,a63e1b73fa049faccb5aa95dca607c72a0a2c839198396f74fd78a9ee83a1b56,1725,2,2,-5.02034,0.5704727,3.3343925,-0.40869713,0.94263077
1727,train_images/4c78d9d18da9.png,40b5dc56a9efb51cfff4bd4c88229e29f4f88e5231263da8449fdbdea57c52fa,1727,2,2,-4.6837845,3.1621742,3.4647617,-0.61164665,-1.8064995
1733,train_images/76c0c7e1b6cb.png,fc31247f5a56e32012502c4d52e985efa9b9f0128465e3d69b30f8af93355033,1733,2,1,-3.415779,5.232071,1.5012798,-2.9690838,-0.80171204
1741,train_images/d1afdb8cf70d.png,dba3dccc1563a3ecfd7cb4e9a511f8a9f7920b9d8476afe2a10a15de9e4e31f5,1741,0,0,7.315876,3.048046,-0.9383755,-6.520792,-3.097248
1746,train_images/4d009cebabc9.png,10a2397222e08b4f1dd1c77833394e52300a2e7b904d8b03d7649e68cde50914,1746,2,2,-7.7074356,0.3222084,5.0965576,0.22097397,1.4263172
1754,train_images/726dff37edc0.png,6c1fd0b2e780f6e5263649204b16682eb307425452b9d6beb1ac92dd3bbf5bac,1754,0,0,4.9799576,1.4111099,-0.44064522,-3.5425396,-2.6414623
1760,train_images/0dc8d25b3f69.png,3b97dfb453d2daca29b966181c9c8afeb52f273cc7126d69a757195cb988ecf4,1760,3,3,-8.234512,-1.5402946,1.5852776,4.519333,3.052206
1765,train_images/a62e995f167c.png,6a4859bdb98fbf886a4e4dde9357ca2d45c177bb782ca1e5423a530b0e7c583f,1765,0,0,8.928505,1.2439041,-3.1310596,-2.6331844,-4.569624
1771,train_images/18b99159a14f.png,f67ac0b46bf91b3a7360f00d7fe41064e89969f640be4e963c9360b2342a3dc9,1771,0,0,7.3264923,2.8076286,-1.407259,-5.1631947,-3.7571144
1776,train_images/e7b5dd5bab1f.png,edd718dc08532f5a92141647d385b4e3f8a66358c536a42f369e84a1c13d4f25,1776,0,0,9.446381,1.662632,-2.6817417,-4.921156,-3.654375
1778,train_images/7102f29e052e.png,7df14517be051cec7651b65ad5b9e759a76207cd0f7a5cdf54d3803478983121,1778,2,2,-7.65551,-1.6692467,3.750412,2.723959,2.232872
1784,train_images/6baafa56895c.png,aac702f9ac4663b9738893992e9451ddf01cf193a862c6bf08359564bf25ade3,1784,3,3,-6.2315445,-3.433197,3.018713,4.5154743,1.5118675
1785,train_images/4e1e252317b5.png,63352a7042d3c846b16544f01298b91f4d17d9421d495d87cdd7ec4624f53124,1785,0,0,3.4618301,2.1902542,-0.091970444,-3.1608143,-2.7324524
1789,train_images/b0cc9f8d06e4.png,e2d52636cd8bb55707721ee5b9565a04ce2d5c153d6abcfc4ab2059304ca5c81,1789,2,2,-4.771599,2.7499733,3.3040962,-1.7916832,0.008724213
1795,train_images/d85d052900b4.png,a8f266a02ca8ace9b0430f15f41a9275735d8fcf41dc77dbe0be87d06d591419,1795,1,1,-4.1328735,4.7859497,3.2776508,-1.9595795,-2.4418392
1800,train_images/0d0b8fc9ab5c.png,25b3bb51f7f93d68f635f5c1bf46b7945b8e0ba113a4bf9f1d239938afe20d95,1800,0,0,9.433327,0.785614,-2.6537724,-3.9536095,-3.7832012
1804,train_images/5e52c9fe676f.png,348acf1b2809f9eff5692d3811d712b0576d420fe2a24f62a1966bd966807102,1804,2,3,-6.449127,-1.1806564,2.805891,3.3271236,0.92443466
1805,train_images/9a94e0316ee3.png,4af73ff841ba3c3bbcafb2ff89756f15779f74abad68ac45bfdc78d8f63d5de8,661,3,3,-9.089928,-0.6870575,3.0672016,3.762947,2.272501
1814,train_images/ace2281f00c4.png,902f6e28e70591b8051e77d7ba6a193f9475192781e0821255d33aa6f7fa62d9,1814,0,0,7.6720276,0.8983154,-2.3537006,-1.1995258,-5.226591
1820,train_images/09934421c79e.png,7c9cb44dedffa930d0725d603249a5b2169cc09d1b0af9c31dd152eaeb4da9ad,1820,0,0,9.045925,-0.5759697,-3.6754818,-0.92738914,-4.01305
1823,train_images/2eba4279e503.png,76b8fe1de1f1f093942528418830e766c2cb71e69a5ddf553b05ad561fbacf57,1823,0,0,4.979954,0.6879692,-0.7243862,-4.618181,-0.5796261
1831,train_images/3e3a3955b9c5.png,0afa836713713de6040861d9d15bad250b9e4be7a582114cfa1fca7675cfdcb4,1831,3,2,-6.937645,1.147171,2.739624,1.178505,1.2880592
1836,train_images/b5b913358b32.png,218d07951568526e6b19fc7e41f1dffb55824dbd31b87fdfc038744f8805d037,1836,0,0,8.488651,2.6646805,-2.5797863,-5.6410847,-3.100687
1843,train_images/75ed83dbccce.png,1b0a653bbd607bc155f84e79a4cce7cb0014fd78b7f23533ff452f2662b6808b,1843,0,0,8.28717,2.1277695,-1.9409084,-5.092104,-3.5732174
1850,train_images/49c5e7f6b8d2.png,c4c689092c2b105d9d682a8463affad20ca4539120657802de4c6e431be5ebe8,1850,1,1,-3.599556,5.5326767,2.122263,-3.236679,-1.2732677
1854,train_images/58ccba7eec9c.png,b47e1ee76ce6d7d03bbc5bb35e0bb699df6dc436f7f8a7f44bdb3a9d25601c17,1854,1,2,-4.924843,2.6803436,3.3577404,-2.499117,0.87127113
1855,train_images/07122e268a1d.png,f89bca08645bd43831048e7c322c5cd6bb8ba0ada7326c01db6d764ba6692dbb,1855,4,4,-7.377762,-3.7646332,0.29162025,1.5301552,8.688936
1863,train_images/188219f2d9c6.png,68abddbb566eb6a25b1a1dc6b40b25439d982daab6026263d2eaa655c96b2085,1863,0,0,8.121502,0.43062973,-2.8094196,-1.1404591,-4.8215847
1866,train_images/7bc00e58d419.png,aa919920feaac259811f657c458d2dcef89ecc086a00cd6c0a992ef4d8b4abf1,1866,0,0,7.115555,1.6233902,-0.9693661,-5.696375,-2.2683563
1873,train_images/e8d1c6c07cf2.png,a58298c93c8279654eed8f04c88e20e0e0d7f41aa879b4b9955073bea77c5830,1873,3,2,-6.0066605,0.79460144,4.1509132,0.43750954,0.07783508
1880,train_images/35ac70c0d08f.png,0ad21e1aca6697e35e8f51c028d7b4193d0faa02c56224a856680ea3d0e0e214,1880,0,0,7.452362,2.1867065,-1.5718174,-4.4138584,-3.8538265
1883,train_images/49386d603494.png,7d340e1a14754d40ca2fbe3a3448451482115344b732484ba050201d58911863,1883,1,1,1.3881531,6.2684517,-0.2821312,-5.105976,-2.5543613
1890,train_images/135575dc57c9.png,15f09e0ce997d66519f8b453577944e7e657db2f53903d07b3814e9e485cb6a9,1890,2,2,-9.444725,-3.1917534,4.2563972,3.500969,4.1885796
1896,train_images/f23902998c21.png,a58298c93c8279654eed8f04c88e20e0e0d7f41aa879b4b9955073bea77c5830,1873,2,2,-6.0066605,0.79460144,4.1509132,0.43750954,0.07783508
1897,train_images/a32b5ce3d48a.png,2efb9fa204106a826a91c5ba3c86d3543eeac14872ec3239d52c864491c1b758,1897,4,1,-5.404663,2.11623,2.018137,-1.1858387,1.9025841
1902,train_images/518e880613de.png,55e1c4493c442c4e64294af2c794b3663cdd0d5f36e0299cdacf165c4b8bf2ff,1902,4,2,-7.38723,-0.7895584,3.6607609,1.6153774,2.2858944
1903,train_images/15bed5adde74.png,2817a15678bdb13074e128471cbe84d4e82b9b817976cd1cbf979bf709557e3f,1903,3,3,-6.6158752,-3.4351158,-2.456152,6.8101597,5.0561066
1911,train_images/cf603a9ef2d5.png,6a1b77857df50d74466b897855294c99b2302f5478020cdcb401bacbd89c14ca,1911,1,1,-4.3064957,3.6072388,3.1363068,-2.0338688,-0.9055977
1919,train_images/86e7f98f73f1.png,1a751e7d99513c7ffec7a3a9dd4516955867a40bdf486ad2722f8646435f2444,1919,2,2,-5.118141,-0.124256134,2.8881798,0.27037048,1.5318756
1921,train_images/84e8c62165b5.png,0ebccb28d7e5ce6b99d1c9e3980ae26993c9d2b7de2ad240b93ed3b13b5cfdf6,1921,2,3,-8.411697,-3.304016,2.394907,5.078142,3.6018944
1929,train_images/d9bbdc33db83.png,b6c624260f92b7101b7bb8e7689ab13b8076c936de8baf2b76c3731a281885f7,1929,2,3,-6.2294006,-0.467659,3.177761,3.4239979,-0.46754456
1933,train_images/9095d43fb132.png,915896d94bd178eedc020c8d345159883cadda48b6b59976d349eaf60ce28b03,1933,0,0,8.670513,2.5861855,-3.5196896,-4.245701,-3.6128807
1935,train_images/a9a3225cf4b5.png,925cd1357b706962ecb1d96b1e0ad58f456cccb08ba95f827c6b24c91ba1358d,1935,0,0,6.9494553,2.9860306,-0.7972851,-6.023348,-3.3362675
1939,train_images/2994f17f58a5.png,91691eb24c7bdf2a9a84be902b8a6b86880f6d09223554e83ab111eb49e3e725,1939,1,1,-4.8255234,2.6689644,2.5512085,-1.4907894,0.5772133
1943,train_images/ffd97f8cd5aa.png,5fab288211fa5b5b150fd86695ade8dede06d01c608e961e6f1d996c2f1ad9a9,1943,0,0,7.806961,1.6480255,-1.2472553,-4.827091,-3.5886898
1950,train_images/e77a93c3d9a9.png,eb5ca55bfc92b8590513a6bba5196299aa503e6a5e2b85a93a9c80f21ed75e2c,1950,0,0,8.036144,1.9472694,-2.1747913,-3.9102116,-4.042959
1959,train_images/9a78c6a7b1c2.png,581f45f1a41466790496ec2f30913f81bc87f243ff4ff0975f81262d97508a4e,1959,2,2,-4.016144,1.9380226,1.9598789,0.49402237,-0.9084072
1963,train_images/b21abe5d9722.png,18acb05129780fc8347b66ca3c0f79fefd4923cd37a9786c2d93aab644ba1a8f,1963,0,0,8.047607,2.8527603,-2.4344616,-4.021965,-4.6521854
1968,train_images/14ee87d6cc42.png,0ece20f58424747e1e779649ddafe146a6d7cd42527e717d92cd21f07a4d30e0,1968,2,1,2.9619522,5.1977425,-0.5115776,-5.612505,-2.2811852
1974,train_images/4a0bba3b7d83.png,6d014f94e908f161aa21875d8287d2bff463775990cc4fda290ef7fad7b11a0b,1974,2,2,-6.712578,0.2963562,4.127796,1.0405827,0.66446495
1976,train_images/f62b8a076833.png,168df5cd693de4cc395e7933fd2fe37c5829cb75e0876a951fe672ff567c28e1,1976,0,0,7.896538,-0.15909958,-2.9296627,-0.57460594,-4.4633884
1980,train_images/9a9b21215c55.png,8b41663d986a523851ce327a6e8cc075786449511567886a8ab2498635a950d1,1980,2,2,-4.170624,0.23086166,3.670744,1.3991528,-1.6394958
1988,train_images/4ecd1fdd1435.png,77a1a4d1b1aadcdf125a179f02afd630c2f8d608cb4563dd37f3f686de765983,1988,1,1,-1.8188782,7.453377,1.5423069,-4.721266,-2.8684711
1991,train_images/e12d41e7b221.png,49496258c2673cdcb7123f16954ebed4c67f461db2032824e11e8d637a66f73b,1367,2,1,-4.271637,3.1784325,2.913519,-1.2959652,-0.98181915
1992,train_images/da8900ac7f29.png,3206f0001f8cf6af9abb679ca60733a20c8754c003b592a9919aa3e07b7a8aa4,1992,2,2,-7.303978,-2.9142647,3.8260784,3.2702312,2.4743786
1995,train_images/d26bb2ed6e71.png,94471e503c2e1af50041a17ac165fc93d0f6721f0d946f701e9d778adb743ef2,1995,0,0,8.562767,0.5103569,-2.742033,-2.4864082,-4.0355453
2000,train_images/4fd5ec0dca09.png,fcf7f0b60167b2fc4a17cafed5e80fd2923319cc9d6812de79c2ab4ccf0b1381,2000,0,0,8.031536,1.5077171,-2.7449741,-2.9991112,-3.9975739
2009,train_images/8a482c024fc2.png,fe9e08ec803d43b3e7e47101d67cc08d98b4ae0b846012a8b5dabbdb1596657e,2009,0,0,6.3703156,1.6042824,-0.99401665,-4.6684685,-2.5140133
2013,train_images/80d24897669f.png,d65627c6f3f09ba99b4c1a4780bea37c77b628122177db50d39e7b5e110598a0,2013,1,1,0.8629532,6.9084854,-0.9543476,-5.8439217,-1.2764931
2016,train_images/237c078d00fc.png,799c6d1f88d5d844b1e75081cbdbbaf020b012186972aa6b026dabfa5ed8cdc0,2016,3,3,-9.195374,-3.6165466,2.6632023,7.944233,1.4931469
2026,train_images/3c311c9109b0.png,e435a26843e070be0eaf589a2b03b932e72e247709b31b364137472308fd8598,2026,2,3,-6.700035,0.548645,1.7705498,2.8721523,0.94652176
2031,train_images/b2b7ccd34cbd.png,b2ccfdcaa27b66c4f11c43cc6329876c93fa223d1c0f255444c52e04760a2411,2031,0,0,6.629429,2.6306877,-0.7585354,-6.4588985,-2.2780704
2034,train_images/a82a12ad3fb1.png,63da1ccb6198973b469af83a9b44c0a4043e05252f696ece24026b8904b171be,2034,0,0,4.8921585,1.586853,-0.80236626,-3.2839394,-2.6151867
2038,train_images/2bb063318cf1.png,f75890ccfed2e755d781ada00a11edb74eae08639c1910ec89037920b0fb7b5b,2038,3,2,-3.923561,0.43270493,2.0129604,0.5500965,0.40445137
2044,train_images/bacfa2b8e706.png,3b56a433622ac8c604512b0b6d9238b4d0a9669b1a25f2caf4b2e916b8a822bf,2044,0,0,7.2835655,2.3817139,-1.8147984,-5.314232,-2.7244244
2053,train_images/a0267206d51e.png,bb5da3e6a97822b0e320fefdddfa74e0c03e9847e6ea444637cf8dac73623d37,2053,2,2,-5.651535,2.0337944,3.5429802,0.82258034,-1.3097248
2056,train_images/a9bc2f892cb3.png,f89ab6d52043364d60074f44044f49a61dbe894200ffb2dfc7d9de30ee6f4398,2056,0,0,6.982315,2.33049,-0.8309002,-4.846594,-3.784912
2067,train_images/155e2df6bfcf.png,bb50ade4b2929fc1c1a035535a4902b175bf37bc80f2174538b0c5a068eb2670,2067,0,0,7.1024475,2.4526901,-0.65532494,-5.702654,-3.4003754
2068,train_images/f3a4751af42e.png,b9833f073ea7b0e036f32497d0117c4deb510f6920791a9182295a8f07b5ec9a,2068,0,0,5.3269653,2.3723488,-0.14202118,-5.04653,-2.7453938
2071,train_images/ea7e21bab610.png,e05bc8e332cca6d883820523e4c2d25a8b46f3e8e28580d2237c681ea4bb3778,2071,0,0,8.434704,1.4354515,-2.0896816,-4.625889,-3.3449135
2077,train_images/d3d578fe433f.png,9c5b15dfaf4fa8563664bd11aa5af7ece136e052163effd9e96349e984896002,2077,2,2,-3.2793732,1.3845062,3.9857483,-2.183857,-0.36611938
2084,train_images/f4ea2a2cfbb9.png,e8ece84cb8348682411a71fbfb64d47fd6378094e61c230ac86493dda66a5b63,2084,0,0,6.870697,1.8957062,-1.3642445,-4.557476,-3.0456543
2089,train_images/064af6592ba6.png,f2cd200eab2a16c2f29bce2824f2a5bd544d0fe00a88f4de088807639d397efb,2089,2,1,-3.4725494,3.7949219,3.3415127,-3.837225,-0.32748222
2091,train_images/9ac2e3e9fca5.png,3881011e5e114b7a2deff69022365506dabf4afbe0758fbdefd9a1ab7e9f2689,2091,0,0,7.0943756,3.3415833,-2.5370731,-4.8990154,-3.2157574
2099,train_images/d865997a6280.png,a19ba80be8f00306144af8d702f222152d74c8b0544f0a9feda78350e0fb04e1,2099,0,0,10.335899,-0.23552322,-3.3434238,-2.6274986,-4.2764244
2100,train_images/ed2c52c14493.png,71f3ec06eaf074032fbe13acd835a969278355f776c57bda20e07c5214b22641,2100,0,0,6.6167297,2.3363075,-1.2815876,-4.235153,-3.6393833
2103,train_images/b2b79b37d314.png,4c81c42279ffb8211fd1abb2c9a579ed1cd2d7343a7374c8520878fb35c774e4,2103,0,0,5.9795723,2.2472954,-1.4213085,-4.97456,-2.0622559
2111,train_images/57a5e4274275.png,1c946d4a1e1927295c4531839886b26178d64784f03dafa3801e5709df0cc885,2111,0,0,8.963612,0.79589844,-3.0483723,-2.144724,-4.743452
2115,train_images/61bbe8db6f3a.png,d7b8977db8dd00035303bf68ac147a3c6b26d5a6c4c7efd76711dc9675648a9b,2115,1,1,1.0709229,3.664669,0.7801666,-3.0592747,-2.749691
2120,train_images/1e8a1fdee5b9.png,62472eaa23964a3848246252c4b34601341e28fd16c97a2761c106cf88522a6c,962,1,1,-1.3011551,7.2824707,2.3993149,-6.0559654,-2.7180386
2123,train_images/09eeafa9656a.png,b4af797136e47dc2f9ebcf222a5601f46c5eb100658aee7e02ff27325769618e,2123,2,2,-5.984749,0.4324417,4.7649574,-1.586029,1.7707615
2127,train_images/c6229222bf22.png,75df8d0215f2a2c8ab3d5b18ab12f45d413ce6d2dce9f710dd09f165f26c70be,2127,0,0,5.8547974,2.2347221,-1.380846,-3.680584,-3.2819614
2130,train_images/86baef833ae0.png,57ac603c4362dff56ecd1c0107c9a9bf22136528767bbfd1c12623f8909aa082,2130,2,2,-5.355438,-0.28735352,4.7158546,-0.1837616,0.49958992
2137,train_images/8329e80c10ac.png,22fbfe29087ca4d07232038427f9cdef29417040af999fb5b7b156811274dd58,2137,0,0,6.8789444,2.668026,-0.67321587,-5.783491,-3.2965336
2140,train_images/217dad18a5ed.png,50632503d4f27305af8eeba3c477af752d883b649fcd725274b0f7cd8161768f,2140,2,2,-6.6248093,-3.3752518,4.2071457,2.6473255,2.535532
2145,train_images/2376e5415458.png,b915306c6f1644cb80e11b58c039e006482cd65046e970c66792c980c7f7d29c,2145,2,1,-0.044387817,1.8111229,1.4376736,-2.1603012,-1.4297199
2158,train_images/b5204c0decc7.png,232cf4295e4e14bb8c205189d5a098ad37f466e888c153917a98209b854b73dc,2158,0,0,7.8158417,1.78125,-2.4606915,-4.7787952,-2.558979
2164,train_images/cf8f1bc7a215.png,57073fb9165c9de9eaa78153a0d4064a3ec475cb1841f8eb71d66def8cacee45,2164,0,0,4.814987,0.08452606,-2.0017567,-0.20741081,-2.999052
2165,train_images/3a1ecf5e2839.png,f7cd389143cbbe1a2c76b41a4dda2b0f973b502afcd646f00732fbb281722b5c,2165,4,4,-5.568001,0.28490067,-0.5352726,-0.27653885,5.559599
2171,train_images/31cb39681f6a.png,6720ed23eb04f4efb7449d6f3e08a52edffb04bfe7493aa3696a291334110469,2171,1,1,-0.752594,3.6482353,2.493412,-4.5219364,-1.25597
2175,train_images/762d6e5d5068.png,f1c1387a29e101f4557f47635e86b7be36877e9bb43be0556f903eecae380191,2175,3,2,-6.904335,0.45771027,3.6423187,0.3497696,1.8471317
2183,train_images/349f3c0ac83e.png,e862c1500d0ac66b6fe3423e817b978984b90dedf471855c0f7b667e6fd5710c,2183,2,2,-3.786911,-0.5234375,4.9142685,-0.83600616,-0.24308395
2185,train_images/7c3747c0b2c3.png,badb79c0dd7598be0628c9ca6d441d237844d9b9c474ea57c1ddd5a72c044123,2185,0,0,8.1160965,0.80065155,-3.0354366,-1.0364017,-5.034296
2196,train_images/f9ecf1795804.png,75eae664fb3461018dfeb579b39c4dd86e139982d92a880312a1080c5fd07860,187,2,1,-1.3278046,2.8272858,2.3587265,-3.909504,-0.36187363
2197,train_images/2e26762daed5.png,77f99849f8144936b3a8a3ee18f9daa9a87d7d653a4ce79eb94eb2da057ac8f4,2197,2,2,-6.1711273,-0.071964264,5.372572,-1.1049728,1.416996
2200,train_images/e9678824215d.png,8568b9c405342dbf2e567b2cc621764b9126ad8a9a3a829d2019f8e468cd05eb,2200,0,0,7.318363,1.9624939,-1.89995,-5.1730385,-2.4377174
2204,train_images/cf1b9d26d38d.png,a1e0478a9b65d2d91842d1f494a853c0c28f8bc63b52af3c1ed8aa6405746ab9,2204,4,4,-8.426956,-3.5238876,1.16045,3.5022125,6.6277046
2208,train_images/a9e3d186cd1b.png,3128b80a5a7b323fdf2548da2fa2854c74069e725ec142fdf8e222ce8a5d5068,2208,0,0,7.0668488,1.207447,-2.1439228,-1.2396278,-5.092535
2214,train_images/8693ab1fd2be.png,c3080a87587559339d8f40801b6031a677b92e929e586b75ae49f3bc3c69876c,2214,0,0,6.108837,2.1941261,-2.1395168,-3.8217335,-2.5246544
2215,train_images/51e656e5a541.png,bbb939afd2567501390c2009dc8e599d5a6210d77d087bf0791eeb0b0f06ab62,2215,0,0,9.555847,1.3209343,-3.9063473,-2.1203003,-4.9964676
2226,train_images/aafb0c944f14.png,2418d26dbc95b17ee87f5bfc0a02c240e80e6555dccae0157aa8bf106cf2140a,2226,0,0,8.224552,2.6742897,-1.3104076,-6.3553886,-3.413435
2233,train_images/ad944bd56bb6.png,08557957e4ddabc887999c937d323505165312b57ed3988475afc58755200264,2233,0,0,6.6263657,0.49018097,-1.9769459,-1.6631355,-3.7402897
2237,train_images/e2ec22b3d07e.png,846bf8db7a3da1bda90bd461f5b20eb5e0b6414a3d1fc8c53281de55c78341c1,2237,0,0,6.1283455,1.7535439,-1.6073437,-3.723877,-2.742323
2242,train_images/054b1b305160.png,e3f0e36ffc4ce1aa8fe51c6f5da11fdaa0168026a3d0727e518ba83be674485d,2242,0,0,3.3514786,2.9119148,-0.6236057,-5.2758026,-0.68411255
2246,train_images/72606afaf3da.png,e4c8fcb73dfefe34d7682b6e7b64d8088b34602f34f80daccd0bdd813d5bc7ff,2246,0,0,8.174511,0.59392166,-3.5517673,-1.2651539,-4.123686
2257,train_images/37de05ef12a5.png,469af910390879acc7a6e62166383fa090bf12ede82207d226e295f09617c9c1,2257,2,2,-8.825874,-1.972641,4.207651,3.025467,2.8679905
2262,train_images/4e43d05cc2ef.png,34d09fceb9ef8f2320f60f074bdde7ee040c7e937d9de27067aef454b1d1d729,2262,2,2,-7.412323,1.8050613,3.5484886,1.0278282,0.40713692
2266,train_images/e821c1b6417a.png,a64c7f7d010cc33918206e84274c454edee4daa06ca2bb87f4056a8788848bad,2266,4,4,-3.3794708,-4.8423424,1.9078674,-0.5155945,6.3882256
2267,train_images/ad570b850a4f.png,3710bca81e16bc4cfc479dec6ae5442542dc4d98e3522f058c77cb7afc6500ca,2267,2,1,-3.4450607,1.5360031,1.4502525,-0.9232292,0.9302597
2271,train_images/ca2b54b95ade.png,4cf449f9e9f7a238d0ec814efacd2a855b203241da1278b18d2b9adec93c7c22,2271,0,0,5.227192,0.29657364,0.79322624,-5.92494,-0.6557007
2277,train_images/46cdc8b685bd.png,68c44265efc31461c963c694f647703ea900ade5eb9adc08fdd138d564486776,2277,4,4,-3.8319702,-0.7108536,1.7130356,0.35185814,1.9670696
2283,train_images/ebe0175e530c.png,c181506d2f689251dc1c71d9394aee14f9dfce167dbbb08d37a1d263bfe589ff,2283,4,4,-7.423439,-2.786728,-1.2449131,4.9416924,5.9369297
2289,train_images/c18a006f7f1d.png,95e17036896a1c079ffcd6e3d89f5a4c1a917e708005aac04b34af3a81a74377,2289,0,0,7.6458664,2.5432167,-1.2171268,-5.5658817,-3.5974312
2291,train_images/345b1f0abbba.png,ef9a48cd79f10f4a03d6e139b3cd067ee4a9b13cc17958d3ee932832a03e6d91,2291,0,0,8.260666,2.2473717,-2.0017529,-4.0910587,-4.5252056
2296,train_images/ca7f5caddf96.png,47624817f97986d069b3f87b2cad221365224070552506f8227ba1292f8dbc44,2296,2,1,0.65042114,2.2205887,0.88788223,-2.2062778,-1.8626595
2302,train_images/874f8c1929f6.png,e0f121f6591183f4c2a2af7cc0bb3eb877936a801e31a580790ddbdf8212c767,2302,0,0,6.6552544,1.473072,-0.056541443,-5.4951706,-2.803028
2308,train_images/0161338f53cc.png,e00a95f1bd202fe395d509b23c635c75e87f0d66f5b7610149c92ba3e030ccb3,2308,2,2,-5.848778,0.83449554,3.6206322,-0.91132927,1.7444153
2310,train_images/259d30f693b6.png,da66f4ea8736a44c41be7dd47e9844f814a2c2a6a80d2a4ba2720a8abed29192,2310,1,1,-0.06355286,3.3249397,1.1620121,-3.212799,-1.608633
2317,train_images/b0f8613305a3.png,6112c78e9666203e3459d5d5c17c2d7e7958b016a48443e3344e2f5720faeaa4,2317,0,1,1.0063629,4.789139,0.50097847,-3.9135609,-2.711626
2325,train_images/b56340f472d2.png,6a444cd8ecbccc858a69988e6955734d65023d27b0d9a8fcaa2b00384ea84020,2325,1,1,-4.5915604,4.252754,3.9642735,-3.172371,-0.9713764
2331,train_images/cd9e2190c73f.png,082941702584874b7270390740ffc5b4db8d0397378435065081df9d86eeef3a,2331,2,1,-4.149994,2.4307137,1.308672,-0.06234169,-0.023126602
2336,train_images/367c7049929c.png,4f676a8723866b5d50d12a0c1512e7b7b1709978efc0587fe868be09b572ecef,2336,2,1,-1.0182037,2.2380447,0.85827446,-2.4246616,-0.06603432
2341,train_images/4393c5bc576a.png,710b254e55d4078ed04a240bcf1be963a428adc546c7f60c1d9b6ecc0caa13fa,2341,1,1,-0.36141968,1.1620941,0.90608406,-0.57765007,-1.5255623
2344,train_images/a3fcf42ff56d.png,32c4589a5061a4d1273b275860a39321731b4554ecb3399c7e074b916bff7c86,2344,4,4,-9.168053,-3.1326714,1.4363708,2.2295208,7.9894085
2350,train_images/ad1f7445b1a8.png,fbb0f45012084e9abbaaf2f502a3ee0d84df7f5acd99d87c0505b8eac738cf7e,2350,1,1,-2.6797485,5.8626137,1.4627037,-3.8448563,-1.2159576
2354,train_images/875d2ffcbf47.png,8f2af6232c95309e34bb956b01db3fea4432892f2b8a7e495b95ac527ecb4d73,2354,0,0,8.568356,1.6856766,-1.8400898,-4.5932026,-3.9923573
2361,train_images/03676c71ed1b.png,634c4ec3d9d4a006756f6cfd33afbddf69b5c148b795ec684b4f43e1dbd307f3,2361,2,2,-1.0870972,0.8321152,2.015833,-1.6319199,-0.54298973
2365,train_images/8af50c9d0a86.png,73b8b517bd77d18f8a40f232d79908875cd93b065e3fe74aab951f9d32a5a4d9,2365,0,0,7.2956276,1.464344,-1.8572407,-3.5574284,-3.4972458
2366,train_images/5a03fe3ed15c.png,df455a9ceb336871db162c6cdd92bf62f48dc49d40a8138840147cb6dbb564c2,2366,2,2,-6.111191,2.0766754,2.7338238,-0.4146347,1.0903358
2374,train_images/4205e9deb058.png,7df35ecff11444b12a16ea69f917b69b0947cf51ad13036845161dabcfc84c4c,2374,0,0,7.701374,0.1295166,-1.1907558,-5.299156,-1.5711861
2379,train_images/aa8a1e814811.png,7943a89ecbb2ecec24b32d59f615bb1312031988daa5b81df3c39e6d982195f2,2379,0,0,6.002659,1.8442764,-0.8887577,-5.1583233,-2.0060425
2385,train_images/a0cd7bffdaa0.png,d0623490035ab4d4c6502ce809348315b060bd5d463dcbb8827ecbbff065e008,2385,4,4,-1.7593079,-3.3831673,0.88022614,-0.49917793,4.273634
2394,train_images/e6a6acf7fca1.png,15333cc512e4e1c699a7db82fb7cd9eab334b31272a66598a542af3c9e09b82b,2394,2,1,-2.130104,3.24852,2.2132797,-3.5264225,-0.24694252
2399,train_images/fea14b3d44b0.png,d65627c6f3f09ba99b4c1a4780bea37c77b628122177db50d39e7b5e110598a0,2013,1,1,0.8629532,6.9084854,-0.9543476,-5.8439217,-1.2764931
2405,train_images/8bf2d925dc0c.png,b467040f418e1f09d52bf16b4dc778aab0b1cb485f544aee2c2e772c50319608,2405,0,0,7.8835945,2.4797745,-2.0693989,-5.442219,-3.05126
2411,train_images/cd5714db652d.png,a2f68e56ae05b2117296a5cc58f9bf612340a565071afc1733597c64c579764c,2411,1,1,-2.7947464,5.7845306,2.2960968,-4.6053886,-1.1266441
2412,train_images/93d6d20a5ee3.png,98f186c3b0821761710f56cf3c0d8c792dd4b9525ed2d77500fa404fdaaa2e59,2412,0,0,6.1416397,2.7792892,-0.77064323,-4.936413,-3.4444008
2415,train_images/c57c164bca05.png,0d43c58bb2e6e42ca01ff361441f27685d48a6f4ecada823bc2cf5abe0b015f0,2415,0,0,8.146442,3.2514076,-2.1815166,-5.9240284,-3.414999
2425,train_images/b1b3e7d0a5f3.png,4ccc63ef5e14ac2765e1b2c7ac0aad13dc6a2a4d8a69b3e3d707a9233c383da5,2425,4,4,-6.118561,-1.213192,0.8838692,0.84026146,5.0251255
2431,train_images/653534ded339.png,3bc7e2955b28fa2d26602eb409f984b262dbd5c15c52565fbc2c5a5c63679971,2431,2,2,-1.167038,1.1353569,2.2467823,-3.7064896,1.0461731
2438,train_images/4dbce359d0e1.png,123df5fb3be9f751cacca8013571b8e8f2bd0f453e4d9101ef3c696c7dcc196d,2438,2,2,-6.154129,0.38949966,4.5160446,-1.6649113,2.352272
2440,train_images/165c548185f8.png,926831dcb8d8ed74b2bac7927616dbcee781514e6b53aa1b39f4f39bef133bb5,2440,0,0,6.5509796,2.6510162,-1.7105007,-4.717081,-3.000925
2443,train_images/aebe87a423c8.png,da7e8b8ae96fbabe15a80f9fa7e59aa67815e1e6eb071472604d74330bf9b111,2443,0,0,4.7280273,0.3433838,-2.5198078,0.17813683,-3.05332
2448,train_images/571bbdbf585e.png,f227afb6eb10659ec0381aeaf399ea30dced10cb238d4788eae30e741ef4ef83,2448,0,0,7.5037537,2.2890663,-1.3166256,-5.6916485,-3.0063477
2455,train_images/1269ab57c2e6.png,d8eadea5cbe58c643ba71d787f020969df3059c27dcb81af9f7a04dc5cf848d0,2455,2,1,-3.2721786,5.935608,3.016016,-5.023636,-1.140461
2456,train_images/873fe0404d6e.png,aef6df0a2d7715aa75e40365a8dec51f49b6e16f8076d3a101a886fec4b53cce,2456,2,1,-3.1100311,3.641735,-0.3727646,-0.6188774,0.028995514
2466,train_images/cac40227d3b2.png,e00a95f1bd202fe395d509b23c635c75e87f0d66f5b7610149c92ba3e030ccb3,2308,2,2,-5.848778,0.83449554,3.6206322,-0.91132927,1.7444153
2467,train_images/6b128e648646.png,90d341b368e4c8fb0246d46b65cd5dc3de16638c033a9e5ab75e2bfa0ec8f501,2467,3,2,-8.640778,-3.1015358,4.9722557,3.7234936,2.3387413
2474,train_images/000c1434d8d7.png,a88b13fa761c56c874fada6925237fad0595c01380b0c29845f0dec2289bb3ed,2474,2,2,-7.726799,-0.7654495,5.7215214,0.6271572,1.480793
2475,train_images/ec363f48867b.png,bc4890b086bf1db9c2730f422f4c2fa91f442882c71acd44eeadbf38accd4ec5,2475,0,0,6.2146454,3.8011017,-0.6475239,-5.138294,-4.443392
2480,train_images/0db1d8dcf219.png,0f43fcb8e4865532c692755d19e75ce649cfec1594ddbda009c9ede4720dae43,2480,0,0,5.1640015,0.3039627,-1.834528,-0.14325905,-3.7557411
2487,train_images/4d47300e3ddb.png,2cb02f7b07fed24ed24f6adc39042280ee1144f57d0c94df4df122ac60b53c16,2487,3,3,-8.744194,-3.879139,2.0379066,5.9523277,3.9729576
2491,train_images/4c53cc97ea13.png,de39dd2fbaa30efe214383eeec5eca24e86653ad302906de083a995a46e90319,2491,0,0,5.6495285,-1.6745644,-2.0077724,-0.4620552,-1.7479038
2496,train_images/a85cda5f725d.png,4b92637d5c394845d88c5cac0c78176883aeced53ad6fa58913f402630ada352,2496,0,0,6.547245,2.6366386,-2.233015,-3.8964424,-3.2820873
2504,train_images/92fcf50b3562.png,d17906e8a561ea9ddc8d5622f8544307e2ba003a20b0e4341a5f35e5b4f2a14b,2504,0,0,9.398842,0.56798553,-3.8622608,-2.2097301,-4.069872
2506,train_images/e594c19e2e1d.png,6770b444e91a11001be278db875aab7d3dfb9fcaf84f82ad8032d834652f1176,2506,0,0,7.209339,1.8638763,-2.128893,-4.3186874,-2.8256474
2510,train_images/3b018e8b7303.png,9be730d753778ce1cf6ea0bd3d04d8c15886f14479bf5563c31a31ddad586bda,149,3,2,-4.08358,0.06729889,2.7470722,2.1654282,-1.3868351
2517,train_images/b9b6ee2b9453.png,a415f02b4adb31bf9bb285863c379995bd90b590381acb68cbe500af6b83efda,2517,2,2,-7.3883057,-0.40780258,3.2361927,2.1970882,1.7258854
2523,train_images/200d947f75db.png,dfa9edd68c177e1c01475c0aef6235227e63424f85ad9d126cef6ffc3a37f53e,2523,1,1,0.8445587,3.3706398,0.94256973,-4.925043,-0.60150146
2528,train_images/03e25101e8e8.png,3dcfae019f3fabe5ea1a47129255b62456d364a16c2c1ae66012b8a3ec3748af,2528,1,1,-5.2157288,2.6040077,1.8431263,0.92074203,-0.658638
2531,train_images/2b4c7b5f1f1e.png,5b8e66ede5d4ab0dad33eda6eb60b2a9f58f23d9acbe33906d2cc0e4475490c6,2531,0,0,4.9443245,1.5732536,-0.44220924,-4.7683773,-1.5820293
2532,train_images/5e7630f8438e.png,856e6cb1f887ce210b1a1ee606298fb1402ab39c84f10979e9f670273839c13f,2532,2,2,-6.9840393,-0.28154755,3.457779,0.86613846,2.3690624
2538,train_images/8c0d05233238.png,a582a8c375bbde60029bee0ae6b0511add03997aff334744296bd03d09f554f4,2538,3,4,-6.3999023,-4.5076904,2.8597202,3.5469894,3.845789
2540,train_images/64b9206afb3f.png,554cd10d8f79dd6aac55927e62085d19ea6ee855ffb2daf79fadee2641afa8da,2540,0,0,6.6396675,2.6113205,-1.222784,-5.3705387,-2.87599
2548,train_images/9e2058917304.png,4b8a59b71b8d087b0f450613540c8c30504d715c3a78948ad42eeef8eacb4064,2548,0,0,4.5202713,1.9538383,-0.22717476,-4.3570557,-2.1325302
2549,train_images/3748349334f6.png,18070f6b8a08cc20af00cd1f9e14fd82f45683a16c3c4934095c7473a57e3105,2549,2,2,-8.539917,-1.0066566,4.819231,1.5772152,2.4905949
2556,train_images/e96099b961b4.png,1bf0205f7177c66b09904d27285693a666fb687048b974052aff359ba6b6462f,2556,2,1,-3.1551208,3.1657906,0.9453049,-1.7919579,0.37553978
2562,train_images/00f6c1be5a33.png,0cf6f915f26f896e9c5122328d94839c5af797809bcb252ff6420eb81abd5614,2562,0,0,6.0765076,1.7091141,-0.19889641,-4.145611,-3.6787739
2564,train_images/02cd34a85b24.png,9ac84b4edf20f6df97804f577d2fbdd1d6f4e0a17cc076be73e1f95ad16b1b5d,2564,0,0,7.572712,1.6284485,-1.3603954,-5.015402,-3.002407
2573,train_images/0cb6b898389f.png,29c69ab3d90e492d4f3ea917a2d6fedba4dc965f5011a01b7302fa1fd2db9732,2573,0,0,9.42881,-0.0060806274,-4.076399,-1.1271286,-4.403679
2579,train_images/1002b5151b8e.png,dfd92f6d50b81335e9c38377e5fe08d5da7bc1efca9e30e2095f6c5d934776e8,2579,0,0,9.010174,2.1739883,-2.890005,-3.95232,-4.5066166
2581,train_images/12ab2f6397f0.png,794e24cb1663d87c7ff1ff9f2d09071554b26870a49eff18baa2d8ed44934078,2581,0,0,6.7611275,1.3144836,-1.3406544,-3.6322556,-3.3153133
2587,train_images/1633f8291a80.png,5a8c7d296f976e9f53bb045bcd06dd2dbabc22a89597771f8730e119f38fcd0f,2587,0,0,7.2332153,2.4810677,-2.6807346,-2.6815853,-4.560974
2591,train_images/19545647508e.png,7e1b13bb1898c82778c50763a1f2abe0e27127f54eebb2bfae47698f04551500,2591,0,0,5.508217,2.2447548,-0.5522175,-5.6676064,-1.764513
2595,train_images/1e742358e0b9.png,540aaab17ab449e6a4d8945b3a87f2025132b9393da577ebbf741b39093d8684,2595,0,0,6.489559,4.2396355,-1.1004696,-6.776537,-3.0384693
2602,train_images/218c822a3dd9.png,df2a799654accd65983a0f6f1dc67a6085aa4a0cedc4b90a0087ac8be3f6ad66,2602,0,0,4.7227325,3.365059,-1.0041065,-3.8044949,-3.4998894
2605,train_images/28751f290ba3.png,a5bf95589eace7e8dd7a56f98ec8ef4387bee177401738e1bf1437b3b2e86aab,2605,0,0,5.3097343,1.1387177,0.08218956,-5.106039,-1.6483345
2612,train_images/2ef955d6d9ff.png,2da859b172a02d16d3370246ef782edd7ffab34e62ac60c7e184862218c88d11,2612,0,0,8.528152,1.5531769,-3.4650097,-2.9367275,-3.8490105
2614,train_images/315c1a0d87fd.png,1048e7506af33c59613e39ddd03ce0a161c1e4475139a377f96d78e5bf1611f2,2614,0,0,7.14048,3.3050575,-1.8624706,-5.673174,-3.1242962
2618,train_images/3486f7096276.png,8692fc57a0dd189fd1e203c584be7c22fe8b20b10187550d90a39919bb9b8ea0,2618,0,0,6.3041153,2.64999,0.50113297,-4.958647,-4.7014523
2621,train_images/388279491b5d.png,141482832b76c4c5433e8dab58e961404689b89928846b65dfed30fec69bec7c,2621,0,0,9.366333,1.2702408,-3.2245312,-2.7399921,-4.836073
2628,train_images/401fdfd0db07.png,d9284b57929e9b2bad38a3d6b995e04fb6158c008b9b591a1f4fce8090770f84,2628,0,0,5.5613327,1.6650772,-0.72244453,-4.5175343,-2.2553406
2634,train_images/43f22d1be8dd.png,0cbf76c0d3c14ed960f49385b75486c87e6be810d720cf76e4ce9f98313cd098,2634,0,0,9.391541,1.2247543,-3.2485523,-2.6873493,-4.830967
2641,train_images/4aa3d771c5e4.png,7e2cda3ac6f0cfbc1db9cd5aeac8496c2605e1ee4bd0ffbd51fb27ee3c8f71a4,2641,0,0,7.635109,2.0516624,-1.6352482,-5.541441,-2.7218304
2645,train_images/4ccee4db09b6.png,7dadfb3d9f58efa06c5962057cbed034ea569f2e021edd315c314dbc64c109da,2645,0,0,6.9419785,2.6513863,-2.7922726,-1.672987,-5.335394
2651,train_images/50d8249f7bc9.png,666f906aeb5b60511d43bc9978badaff259ffe6e00e212843aaf9e7df9a11427,2651,0,0,8.408447,0.75403595,-3.3368664,-0.9556236,-5.0674744
2654,train_images/53273d664cd8.png,6557c71525b01f54fb0f194805cebe27889ff6136704517ebceae3f4b2e884f2,2654,0,0,7.4598846,2.4838333,-1.4717159,-5.4080486,-3.2688923
2661,train_images/5b1c4cefeb24.png,c6846ffdc5a9b2fb773744e6e8edc815be0031d946f59ebfa3989ee0ff792afd,2661,0,0,7.430977,1.195137,-1.57477,-3.1642456,-4.104307
2669,train_images/6110ecb3bb1c.png,e27d28e322749a5e6d6e28d90924933facc153c8bf676d216568df2d44b74e58,2669,0,0,6.8234787,1.9998474,-1.2660503,-5.2042675,-2.5731792
2673,train_images/66460ecab347.png,2ec954da18338c645be85140fe9bdb6284ef08c384c3d41f47ad3dfaff485a16,2673,0,0,7.7004013,0.66682816,-3.7191372,-1.2503414,-3.5765972
2678,train_images/6c00dd8bf708.png,a2c19e9093b95c5df9b050b02faab4772b20523cf0a8bba93ee8ab66b87c44a1,2678,0,0,6.489334,1.5458755,-0.8304539,-5.203392,-2.19977
2685,train_images/7214fc7cbe03.png,86d3ffa7587b7d04cda99202bbaede9791097d99f936637ad995e4e49d4bf37d,2685,0,0,8.035473,0.61722183,-3.4959316,-0.99352646,-4.331276
2689,train_images/7a46cfa69bae.png,7ee00d48171788ea375deddf1b706f158373c0ab9f6caf061675fb1e3966a0c8,2689,0,0,8.160271,1.9510384,-2.3217983,-5.344818,-2.6157322
2696,train_images/7e77b61e1639.png,3b75d903c4c02733e59831f41ffa3cf99839a6cf12624c22f1187e523d148fbd,2696,0,0,5.8193398,2.3875084,-1.0295696,-4.8183155,-2.6030102
2699,train_images/80f6b30ece8c.png,fbb85e6cc56570d9ad163d9939f6c0817f400fc8dff9ad910a79e9e0645ae8c3,2699,0,0,6.51165,-1.2897224,-2.7202854,-0.7144985,-2.0393658
2704,train_images/8448af27ba07.png,7e53344a60b33212dae1da424fe4df2ebecd4f211b89842fe7cbd64ef9073c1b,2704,0,0,6.328453,1.473465,-0.9355869,-4.443777,-2.6220398
2707,train_images/880edb2cdb69.png,7e0808f273891131e1992c3eb4866f64cc5349f204c93bac53c816baf6af95bd,2707,0,0,7.0868683,1.6948051,-1.8408642,-5.001333,-2.1388588
2711,train_images/8b079e79035f.png,e3c0cbd569879123d9fc729d9bcadff8438b1ebbe8deaf7222426bafed69caed,2711,0,0,6.18985,1.89505,-0.2032299,-5.507799,-2.5883274
2719,train_images/92e3d608fd3c.png,3a6382e1d4af6b16519858223d01add6a9659dd14f357236c9fb8b9346094e5f,2719,0,0,7.469864,2.4785538,-1.5405903,-4.079378,-4.533407
2722,train_images/98277aeb96a7.png,f1bbb8c9937a08e841000fc8f73ee5daaadd3ffb2178b08a759787b3fabe0130,2722,0,0,8.874943,1.2803116,-2.5054073,-2.2741356,-5.559902
2727,train_images/9f285b3e57ed.png,53448024b4d8bd1f625d22dc80d95e12e1b5a3dd1753bb3d92d18e02622cd3fd,2727,0,0,6.432682,3.0990791,-1.8525829,-4.760359,-3.1285534
2731,train_images/a1edf0e66592.png,a06f33dcc61abf4c20968ca9e9d39108e22ea1e40620316e44c1e841bea4c2f6,2731,0,0,6.8424644,2.4941826,-1.6168308,-4.781151,-3.1524982
2738,train_images/a73d012c4c38.png,5b1d6b3ad48761f4ecae6511c0946f87eeea48609d727f285251b17894eb9ea2,2738,0,0,6.897457,0.9448929,-0.3930664,-5.518627,-2.1483974
2739,train_images/a7673ac44509.png,02ebba196400ea3e0a79036c8303ea1f51fac6fccf44c1fe05b26e8da0fc0076,2739,0,0,3.2588043,3.2400742,0.033346176,-3.307066,-3.4606247
2740,train_images/a8263d248523.png,8e0fbae6b6499b1c3e1a5dde60c13e3ee645101f543dbacc7a71cfbaf058a1cb,2740,0,2,1.2062378,-1.9931145,2.1349525,-0.15688705,-1.5610428
2748,train_images/ab7991df166b.png,bd4ac5940602c91328685b93784846af92eb91270ee827d3df230e0c9948c9cf,2748,0,1,2.418747,2.673645,-0.7510433,-2.0331001,-2.6252003
2757,train_images/b5e6ae31493c.png,1a36ee2cd30ad881f1e81cb9a964f2024390c736b1f51ae4f42d4ada9db4d54c,2757,0,0,7.275543,1.8912239,-1.2197819,-6.162533,-1.996664
2763,train_images/be521870a0ea.png,f48ed62aa8c0823844139fc769464e9f3f96cb26795d54ef13661e9fa36390fe,2763,0,0,5.9940567,2.474308,-2.2268734,-3.715166,-2.7001133
2766,train_images/bf7b4eae7ad0.png,8581d9c8f275c67037ab0f3b537eb01a6385c9bba7da1e7bf46950ef5c3a3346,2766,0,0,7.86063,2.789093,-2.5379581,-4.461281,-3.844986
2769,train_images/c1437a7a52c9.png,6a667bb4c75d854d9cea75a592ac1849be8ef81b789f82784a0ffba3ae1dbb23,2769,0,0,3.7538414,2.6375732,0.80019,-4.421339,-3.0496616
2780,train_images/cadde4030858.png,637a3c5b6b8f52de01f94736bf3b5eef8bb52437d5492a32b6a7bea91fe65764,2780,0,0,7.7997093,3.2884827,-1.5467892,-6.266428,-3.4632454
2785,train_images/d30d079e6f9a.png,242524a416186104c913eba1917951e55acb6652d3c1615d4a9dc71ae7055a14,2785,0,0,7.7448616,1.8108139,-1.178175,-5.3108997,-3.2521
2792,train_images/d7e5fe5245e0.png,31b08868955755cbae36dc6bc550617e272cbabc444f1fd092799ca3fc3111e3,2792,0,1,-0.5198746,5.5527306,-0.46008492,-4.3078003,-0.6054516
2797,train_images/daff5427c9b2.png,392c9a2d351428d54ef913ab29e45947334422b15bbbf519fcf2e1b8a6024d5d,2797,0,0,9.448902,0.06990051,-1.969881,-3.6318092,-4.0733547
2800,train_images/dee31065f8fe.png,ebc10e0d86549654d8d6453fbcfe520003a028706ad52089f94f3dc7a25e7312,2800,0,0,7.9846535,1.5991669,-1.2916088,-5.3104553,-3.1528225
2803,train_images/e26bcae6c67b.png,b564efae07eca5f773d3c5dc8d7c8da8dae109c1c6ab90c7f81bb7bd7cbdedf6,2803,0,0,5.7600937,1.2069855,-0.5466728,-3.253603,-3.3351994
2805,train_images/e3cd96cb094c.png,8e15b3060a584628275e9faf0b8a8365a36ce7d2b938f3d2bc022e2a6747f8ee,2805,0,0,7.314705,-0.38796616,-2.553175,-0.43243408,-4.174612
2814,train_images/ecb4500285ed.png,8c4c8d9d7ed110b58db715e2699e068b2aabf8a7e5049bfd29298b0f9378d6a4,2814,0,0,9.541134,1.8874283,-3.275011,-3.6333408,-4.653616
2817,train_images/ef4121e9bb67.png,23d50714143a08dd3d3f67478625bffd5a8b62441f2bc8b7b33c15a3f2bca402,2817,0,0,8.549358,2.3882523,-1.7365627,-4.909157,-4.4677086
2824,train_images/f85fd4fac887.png,db08a156738314c0b98cc0833a781a7bd940e48d19030316d225990b46959e24,2824,0,0,8.483299,2.4002075,-1.9838581,-4.886219,-4.114977
2831,train_images/febfb20dc311.png,ce577f7b0954b631ae910b9521562f51b3962a6224fa23c442a95b08aa8ad249,2831,0,0,8.283997,2.4794846,-1.6098957,-4.9037437,-4.4319897
2833,train_images/0684311afdfc.png,1c74698269d5d284e2cfc923f4442da8e63ff7857aea58ca3453cc1ed7bdacf6,2833,1,1,-1.5025253,3.7770386,1.395155,-3.0628433,-1.030632
2843,train_images/248139c423c4.png,a3457807379253e5fdaf16c20aaa21b50fe7e8069c9f2e52140dc7486e506f34,2843,1,1,-4.7582245,3.305935,3.0659943,-0.5854759,-1.5233898
2846,train_images/2a8a9e957a6c.png,50c540243ddef2895974fbf509ac512c13666b7e90474bfa4502acf56fb6e731,2846,1,1,-2.812523,5.827175,3.2603397,-3.9212418,-2.7785454
2853,train_images/4e6071b73120.png,2f6237cb5f663e24a149e44a329511c06115b7e517bd5e8dce180e4d2585d56e,2853,1,1,-0.5448761,3.018837,1.8648586,-3.175331,-1.5526676
2856,train_images/582115961a3d.png,3d1a822383e8d0d994d1d666b31f2fe96067a1640feb8631d0f16005ab25db15,2856,1,1,-4.988426,2.230667,1.4374294,-0.4797287,1.2834492
2865,train_images/7f60f2a083d3.png,753cfe459bd4f9151ea485cda35476781f9bdce44ed3555da87833247782a430,2865,1,1,-4.0292206,4.009239,1.8127155,-2.3276062,0.0875473
2873,train_images/b17f0b81dab3.png,45a6f156c46aefc53869e35c077244996518d4a310874c39f7c2e373163ed46c,2873,1,1,-2.7119446,5.53677,1.3893452,-4.010416,-0.6071968
2876,train_images/ca63fe4f4b52.png,7b8f0a33df981332db20fb5520b1ee2ce177f4a937c7706d76261106d9f1a1dc,2876,1,1,-2.017105,4.779953,0.7272053,-4.284891,0.38828468
2877,train_images/d06ccd0cf4b8.png,1589295b5ac7951f998064301165fc52a1bbe62ffe358ce4c15884edd991b07c,2877,1,1,1.6156311,2.0836792,-0.20379066,-1.9535637,-1.8238716
2886,train_images/f55e1d2a19e4.png,68ea5410c5e1db6ef00a686542339af36044c177c86c4f06e696ab45f3b413be,2886,1,2,-6.5620193,3.1251717,4.1670685,-0.8958626,-0.44169426
2887,train_images/01eb826f6467.png,9b818cb84607d3bb03b6a560eddfb0154da4ddbd79447e2b5ad7b0e8600820d8,2887,2,1,-3.93898,1.2908058,0.6886234,0.3885994,1.1310673
2891,train_images/094858f005ab.png,349eb9799526ad094c321854aaf6ad7bafa2d84befefcdd26d288e60c554c633,2891,2,1,-4.1016693,4.421833,2.6556377,-2.6644192,-0.8044758
2896,train_images/1177d583c807.png,78dd040877aa17a48c28223e33b49846a7ba6b083b0b4551ef96b7dd7dcbcd13,2896,2,1,-3.9697113,3.116787,2.9442577,-0.929821,-1.6523075
2906,train_images/23d7ca170bdb.png,d4cf178d7109f64313f756b38740110033406613a5639551b257931b33baa660,2906,2,2,-4.08181,1.7877693,4.126669,-2.2193031,-0.1272831
2912,train_images/2cbfc6182ba2.png,b7de9a710c6d139706eb20083a8220d3f85a644a7a9502b8b981f0e2414a742b,2912,2,4,-6.2504196,-3.6459312,2.8723927,1.4423618,4.9576244
2916,train_images/39134907127a.png,20c231941fcaeaa619dd6e2657fa05840ec4dcf212c14a67161cdb1c5dbd0dd1,2916,2,2,-6.8025894,-0.44335175,4.777809,0.8269825,1.0623646
2918,train_images/4289af3afbd2.png,65fc38a4a7ca740acf49a3f5a5fb353a21aad45ee78e01c621b17377e1dac2ba,2918,2,2,-7.058342,-0.9288864,4.0655975,1.91325,1.3956642
2927,train_images/5152bf091152.png,fd5484e1653eac1d56a72f79f9248179e60e4c9293b65afedff295b8817222a2,2927,2,2,-4.8707047,1.2324142,3.0905876,-2.0567665,2.0905743
2929,train_images/51d780864365.png,3db40182fd4a578f511ad15bae7bf227588cd7d01f5adc797596eafe3874b237,2929,2,4,-7.4729156,-1.3692818,0.9700527,3.2849483,3.9400826
2935,train_images/59f3f70abddd.png,841ec574377ec8c07cf186af0b77da97c02d0aea56c71b0e9d86cdec750ad065,2935,2,2,-2.6470032,2.4465485,3.4233894,-4.939047,1.2174911
2942,train_images/62ecdc90dd42.png,9e75bb38c9a0450ca536cc95357030d750bc969ae3ab0789dbf076b5e8dc2297,2942,2,2,-6.0344696,-0.19734192,2.9711857,-0.02318573,2.6382866
2950,train_images/77f69c7ff324.png,ea30e9b8ae11257ad8d29e0c1527c50fd1baefabf7ce33cf6d4310481847a195,2950,2,3,-5.7154007,-2.5001335,1.9012775,3.8875713,1.8285484
2954,train_images/7a0cff4c24b2.png,57ac603c4362dff56ecd1c0107c9a9bf22136528767bbfd1c12623f8909aa082,2130,2,2,-5.355438,-0.28735352,4.7158546,-0.1837616,0.49958992
2959,train_images/81bc03e2ff2b.png,a93304a19c365805f5652a4046079e0828a3c66214203ae91dc572562bada710,2959,2,2,-4.6174393,0.8808937,4.537014,-0.9626026,-0.37835693
2960,train_images/82f2784ead76.png,1fe5502b7186075f1985fea10ef907fafbf2992e67471f709d05c02561f37d98,2960,2,3,-9.238083,-3.4455948,3.6910172,4.367916,3.905138
2963,train_images/876e1dd12d38.png,18cf1c7ef046ff56a2d6bc6dce0cffaee97710af01f24ebf4eb08648393a4ea2,2963,2,2,-4.1437683,0.7952461,4.2712097,-1.2548008,-0.2559929
2973,train_images/94a67ec0714f.png,2e25958bcf5a14e210e56ea559363b2b7ae99bd5361be943d9cfa0630306ace3,2973,2,4,-8.279457,-0.7193756,1.6229248,3.2540302,3.4838333
2974,train_images/96d48b073f18.png,27501303c0613afbae53524fbe1150a72598e7e7f1fb19af5cc4a9c946ee9f78,2974,2,2,-8.34053,-1.9401932,4.4071865,0.78842735,4.3891735
2977,train_images/9b95d6203406.png,0a84cf293a8edcd7eeaa2f4252444f5dc5a916b99143d970c1fcc93fe6248f10,2977,2,2,-3.356369,2.0115013,3.192562,-1.2411919,-1.082119
2983,train_images/a01c590c444f.png,af84addaae7999eb18498f61a6391bf774d6539ae436f197373240c9a1f6526b,2983,2,2,-8.726395,-1.0079842,3.5796432,3.4716187,2.0286427
2992,train_images/ac2c814949f9.png,cf7839df5a131b4ba1f210ae91a5c07251ee793ba4774ec027e33311b2f1c544,2992,2,2,-2.9430542,0.6713257,4.118189,-2.2907867,-0.053552628
2999,train_images/b8fb9f55cd6d.png,0f6cf6590e2dd91e3b7abfe7f196d5322bc0b69d6ffdfbc2efb15b428d53418e,2999,2,2,-3.078003,3.1511574,4.997551,-4.0221176,-1.5129948
3002,train_images/bcdc8db5423b.png,ee1c59e42bcdc90a564674b7e00d832125bdd198a90d94dae9bc6c8c108d1b08,3002,2,2,-5.699066,0.44030762,2.5714264,-0.0394516,2.1692028
3012,train_images/d29096bd94aa.png,9b20baa943c45853454ba7a9f1c945aab8b2a92c5c6abd79e96cad7773486599,3012,2,1,-0.5775528,4.6108055,0.462471,-2.9234467,-1.9589481
3018,train_images/d990a3f0cbdb.png,525f70bfcfa27f7099cbe6c9424657de4b9873380bf95bfd00c09aa8fbef925a,3018,2,2,-5.0576935,2.464161,3.1237087,0.17886734,-1.246397
3021,train_images/dbee04ae6426.png,ab88503a08708b40420fa5919b363e8d3aa86b4900a1c19a406e2f76bc0da93f,3021,2,2,-4.5173645,-0.12849045,3.047287,1.855669,-0.77747536
3027,train_images/e65f94ad9be3.png,2153cffd0d5a1a43c17e4b03e3389d38a5630a641e084afac0f8af2100e5dc05,3027,2,2,-6.3414993,1.2755966,3.925249,0.4984131,0.06946945
3030,train_images/ea9e0fb6fb0b.png,d4cf178d7109f64313f756b38740110033406613a5639551b257931b33baa660,2906,2,2,-4.08181,1.7877693,4.126669,-2.2193031,-0.1272831
3032,train_images/f8fc411092c7.png,82bf90c76fb08e37b1b1f4091a0698e2a543c06e74b735beac85ba352670ece5,3032,2,2,-6.3638306,-1.0864906,3.8943176,0.9121227,2.0766296
3033,train_images/f920ccd926db.png,ee1c59e42bcdc90a564674b7e00d832125bdd198a90d94dae9bc6c8c108d1b08,3002,2,2,-5.699066,0.44030762,2.5714264,-0.0394516,2.1692028
3034,train_images/ff344e5c9341.png,abf8a7189fc07097ec36bf6acf7061c79418fd7fd53b09c56f77e1a535c455b2,3034,2,2,-3.7413254,1.42939,4.059164,-1.8985996,-0.32251358
3040,train_images/24b87f744598.png,f8de2ff8e0327772ca0c7d083c067193d8c36d4418af50b3817bfa4f337023af,3040,3,2,-9.344902,-2.1397858,4.851837,3.9909306,1.9528217
3047,train_images/788ddb0b70b7.png,7fc5f40f6624d1c311a104b8d762576b521dcefd30f77870e7127ce5008e3173,3047,3,3,-6.2201233,-1.9502182,2.2331047,4.109646,1.2542858
3053,train_images/aae8f9f3ef8c.png,bff1c3e6c9ca158ccb37602e3a1effcdbbba86ca53baee0dfa5b64220dce2492,3053,3,2,-7.8142395,-2.8591537,4.828516,2.4818916,2.682499
3054,train_images/ad2f0b9d059c.png,9720e061ad6bc4b523100c34129b22a21c63d28264d1bca015a3e84de91ed8fd,3054,3,3,-7.2871017,-0.32761765,2.1588821,2.6734867,2.2068024
3055,train_images/b019a49787c1.png,2a3767cb018a37cf061731e0c474db4ebb9870a3ed810a1b0b38e48d0e3184b5,146,3,4,-4.2748566,-4.721115,-2.8572102,4.4669075,6.8049088
3063,train_images/fe0fc67c7980.png,3a2a797082eeeeb9c9411b934f0c24d23174985b80fb965ed6092f01a9c54b4e,3063,3,4,-8.779564,-0.879158,3.0966358,2.1149235,3.817339
3075,train_images/3f752fcccec0.png,37aad92bd924416d893758e028eda0ea5fff032e0480ffb7932c1bd745f40d35,3075,4,4,-8.052193,-2.1359215,-0.9991131,2.9930096,7.593935
3081,train_images/7bc4dd99eee5.png,f53a8ac3dbb85783734c3a062e9c215ba723a41765f6b0a2fc892b476f4061cb,3081,4,4,-5.7011185,-1.8321991,-3.1049023,0.8462181,9.20392
3083,train_images/857230f64a2e.png,55201060a6e73e0539cfe704cc0644426ca88195fe3ef7adfd80c95603dd9e50,3083,4,4,-10.361198,-5.7294464,3.041523,5.8876553,6.4283657
3088,train_images/a5c9a8c726b2.png,64c3bccd1c3a61d98a60d18c71ddd1202d5057fd7c0efb235594989a8adb0dac,3088,4,4,-5.886154,-2.1696358,3.0838375,-0.32702827,4.690073
3094,train_images/bfdee9be1f1d.png,81d00a18650d15c50e316b4e8694b0444cfcfe98c56ed077ad8056729377587e,3094,4,0,4.4633827,-0.012210846,-0.62748146,-2.8043842,-1.2551918
3099,train_images/d659d7fd5ccf.png,86cfde1aaf7d908c9e75621879c164c71f5ed99bce746c852dda04b3dbfb0b55,3099,4,4,-7.699829,-1.0863876,3.0710888,-0.7134037,5.7982407
3107,train_images/fce93caa4758.png,d9b5662d37b6e11aa4d434f7b86fa320db50d5c6fae12f7e8ad73de1a560e81f,3107,4,1,-5.3639526,4.551037,2.7424488,-3.0381699,0.58068275
3112,train_images/04efb1a284cc.png,fad3cb87b5839bc6e75939d18dd423445cfb2e1cc69e702fd5e7825b9d060efa,3112,0,0,7.1839905,3.4095497,-2.4029865,-5.218878,-3.1981106
3114,train_images/07e827469099.png,d00df391c21dc7e1577074c94378f64d829ab45b209372d9e5ace4e086a54457,3114,0,0,9.777813,-0.47274017,-2.5417576,-3.4064064,-3.5081959
3122,train_images/11d8e5eaee5b.png,f769b361f87300e0ede321b699e98ea6636d3d04f2f6357f5535b57e53c08858,3122,0,0,6.009556,1.9205666,-0.9688549,-5.055702,-2.1536732
3128,train_images/164cd5a3a6cd.png,8502bb39b1c9ad9f7081d7bb192eb152e995153509e553f1977dbc0e418d5ee9,3128,0,0,8.718266,1.5726051,-1.7395077,-5.566263,-3.1041489
3133,train_images/191cf5668f33.png,6feee5c47d8ad7f5b8d5daecd445b9b48f94604532287c38c9ab271931d0e5b1,3133,0,0,9.041191,0.49410248,-1.877039,-4.3545437,-3.4681587
3140,train_images/1eee55494271.png,e35f928d97a1a5584d4377ff55cc685f4e95756222e07dd686dfbf1836e66127,3140,0,0,8.395336,1.3830566,-3.442297,-2.0787544,-4.43762
3143,train_images/2209daf71aab.png,457165e2e45053639594465a6caaf474104afc0254124f3c24e8e1b7e7367020,3143,0,0,9.536354,2.1408577,-0.6097393,-6.7930984,-4.38323
3149,train_images/2821998fc002.png,d5bff6c4cbbc4a5b54fbc03802828370179453b611a60de5d4522ebea70e436d,3149,0,0,7.653885,1.3409767,-0.3448696,-6.3987074,-2.470211
3152,train_images/2c8101f14723.png,ed938ca48833d450514b96c10e54be458700e7969cd5886e0847bef9ea4b20f2,3152,0,0,7.8488503,-0.7484398,-2.233965,-1.0264626,-4.0314636
3161,train_images/342edf9b889d.png,d0d180b3119d4e919659c8b6b75009cc3a3c2cada78e0f750eae0915f82777bd,3161,0,0,10.260685,0.8927841,-3.7473698,-2.9703312,-4.566864
3166,train_images/3fe282197c1c.png,8f9d3b74b8a40ef957fc2741de75dbf700219ae4ad12321ce3339be7eaeab5ee,3166,0,0,7.4599457,0.75255203,-2.1647701,-1.8340015,-4.444887
3167,train_images/405085b53d7b.png,9134cb5e96f8a2d0eab317f5e488b9c666aae7af012708775cf9b13fa47407e3,3167,0,0,7.573311,2.990631,-1.535326,-5.9435596,-3.2833824
3171,train_images/43bc7c066dfb.png,7f336458820dda48d4568b70edd5e80ca4a500f33faec9bc7d7a48c1b15577dd,3171,0,0,6.3653297,0.59827805,0.3043995,-5.3208237,-2.163931
3175,train_images/454792eb6e05.png,5ddb9349d63c157bcac2555410f9046ee999ace3daf673cb3a345f5d1f9714a1,3175,0,0,7.8244247,-0.17922974,-2.3019505,-1.6127796,-3.9555035
3181,train_images/49e4b95ee2dc.png,71f4095213dab56a8072631819a93ef5f98617291de72eae7ebd153b0961b7ec,3181,0,0,2.3575363,0.55802536,1.4961109,-3.0614967,-1.6123486
3185,train_images/4d167ca69ea8.png,ffb99c7befb24761791603bedadba9cb1440f27e8d71d5eb2fd00490af3be0ec,3185,0,0,5.733673,2.0190582,-0.579998,-5.444418,-2.0232754
3188,train_images/50f5201fd18a.png,8608032650873a8c6de6a51f25af21925712a1a96ac3733426b869b8f02611fe,3188,0,0,7.568619,1.3719559,-2.650938,-2.4531174,-4.0352936
3197,train_images/58eb3809f456.png,b5814a621ff9a51c8999f91705a76504b6a433598274b19fb2c2b83716f3f28c,3197,0,0,8.774559,-0.0753746,-3.0567036,-1.9899673,-3.8088112
3203,train_images/60aa4e649abf.png,e39b1a15712bbf4bd50c07c2febf209db8d7d3f12bbb2b078329c523e8afaf6b,3203,0,0,6.611088,2.5472565,-1.966238,-3.361061,-3.9863167
3209,train_images/6966abf40b8c.png,1056e8da24aa163d9312ddd3e4deff8fb035ad4a77e4072a02e4676744cd6d38,3209,0,0,6.833008,1.5512199,-1.476244,-6.20413,-0.92821884
3213,train_images/6e861bc3bd7b.png,df6ad49e96535f5107606ce407d560d861dd6ecad1f71b99f14b8113a349778c,3213,0,0,9.2818985,0.68058014,-2.922659,-2.607172,-4.592247
3217,train_images/7269a1d84a57.png,bc6094b7c6bb1c10f8e7cfd5cc5210c87c9ac8bdc52f025042f9cfd9bf5f3490,3217,0,0,7.8105965,1.716259,-3.2403393,-1.7437782,-4.711218
3224,train_images/76b950c6ed5e.png,3ef1cb37c0a524bfec128cdfc363495ba72a9d947edea247d6334840fa61b76c,3224,0,0,8.005745,0.8052368,-3.4309063,-2.0584831,-3.472332
3228,train_images/7fdb177b8f7d.png,e00480826596290b0d6440adf0ad2657ac8fe3b32c7f126fb56dfc62d6c0927e,3228,0,0,7.5953064,1.2189941,-0.7549114,-4.826666,-3.4179592
3231,train_images/80ed04a84a16.png,f985b891739e63e938f5c24197c3ec03f17df986e6c304cf25ecb6e7f2dcfc0c,3231,0,0,7.6431007,0.17980576,-2.9395313,-0.08637047,-4.9697685
3234,train_images/84b4da14bc23.png,82d8abdf4fe7afd5eb79730fa5e1d0d79de39855eac650dca1b7752f6f16b9ca,3234,0,0,7.4623756,2.5017548,-1.5599003,-5.769373,-2.8334808
3240,train_images/8acdf12f412a.png,21204b59f9742deaafe963e0b4cd9f88482345882534b07d1cfcec6a8b99ba6f,3240,0,0,6.5500793,1.5999031,-1.2266064,-4.216446,-2.9375248
3243,train_images/8ffa608170d3.png,061aed6215dec55b7681e7cc47fed0a96c7c123ba91bb96d3bc9c180cae6f304,3243,0,0,4.74424,1.3308334,-1.1477146,-2.709072,-2.4444523
3249,train_images/97f290d31813.png,3d36cb8ca1ad188e12c16fbb7efe665d6e4873cf433ea218bd952524860104a4,3249,0,0,7.838085,1.8497009,-0.489954,-5.266138,-4.0921
3257,train_images/a06a63d866b2.png,9ef42d0ca1506b12d26ad43e9695c60caa19820252a36b59fab8019cffe5b758,3257,0,0,7.0910683,2.318966,-1.237051,-5.8599377,-2.5220642
3260,train_images/a0fd94e2ad76.png,d135d6531f4666e13ea320c2c602a6a688ac308f865e63bd3a7531d73d81b06c,3260,0,0,8.622387,2.5537224,-2.1325817,-6.0730457,-3.149044
3269,train_images/a8b3c0961d42.png,eec925cb6f39132bc9aef76845b3bea594f4b6eb87b5ad56ec06a35e057f9ca1,3269,0,0,8.287983,2.9555855,-3.046503,-5.314684,-3.009285
3277,train_images/ae94ce412de9.png,52094f2da33721c4746082488db10a7f87ca19763bcfefb7158eb15fa45dfa97,3277,0,0,5.17033,3.2822342,0.013309479,-4.8111324,-3.8850193
3281,train_images/b0619ca93a5f.png,f0bdae86d6e079946fd176307fb4971b995748a7e3aae89b09e41f1b327af972,3281,0,0,4.689022,1.1059799,-0.93291664,-4.588974,-0.5522175
3283,train_images/b16dd4483ca5.png,efadfaa8278f0e37c4d6152d666305fb8bc3e489f55de3584d15126e408bb5cb,3283,0,0,8.150349,0.83956146,-2.2757282,-2.2081623,-4.7369404
3285,train_images/b70e7c26f51e.png,5b40c97098101077064e7c01bd82d4aa159ebe6b8aea4fd7e874c81597ed0065,3285,0,0,6.2897797,2.157219,-0.8260784,-4.951,-2.8816872
3286,train_images/b759cbef90c5.png,69954a8fe0a89183c0bfd2b3b99dab3aef9c9acb79a497c832e855b9f787886f,3286,0,0,5.1270447,2.1703873,-0.22339058,-5.393446,-1.9232368
3292,train_images/ba2ea9182090.png,111c33230b9e7c563e3154d8f44ca5f5fb14faee04eccb365913624ae3afc181,3292,0,0,6.456089,1.3478813,-1.0917187,-5.038534,-1.8781681
3299,train_images/bff51afc76d4.png,26777d6da821a03b82a46efd52d9099b09b8d6666fa738158f687a5c4265decc,3299,0,0,8.867352,2.576622,-2.3815136,-4.804777,-4.3553543
3306,train_images/c7d0deb71576.png,377bbcc1893406e6976a8311f77d4caef086d75fedc69b6f6e1ba4407370d779,3306,0,0,4.576435,1.7687645,-0.092250824,-4.6140556,-1.9081211
3309,train_images/cad5b1a82e60.png,a46ce83f8ee0ab0218c3a2b0b98a52c4239a3e919831bf5f1e713f0d7f69bee6,3309,0,0,7.7759895,1.6630402,-2.1011868,-2.8760052,-4.6709366
3317,train_images/d2dc86021c67.png,5bbb3f694016dfea70d5939eee520ab2eeec9b5648c433e7ec6540c8a3039146,3317,0,0,5.718067,3.2179832,-0.594965,-6.1720924,-2.4071293
3323,train_images/d74ccc796517.png,f01581d3843503b9dc7c35bc85eb6282f6689d7cfca676800291903e62ca05bf,3323,0,0,6.012188,2.4305916,-0.16166496,-4.7784424,-3.7403297
3329,train_images/db3cd58aa315.png,727db3b6b904f44dc314037a389223ca089c57b0085ebf51f820e4e2a2a29319,3329,0,0,7.980259,0.36574173,-2.5650692,-1.5141926,-4.465538
3331,train_images/dd285d9e97fe.png,d59b101888a0c1e17105a4907f6f0dbc156052849d221940c6ba896176b4fa17,3331,0,0,7.0974693,2.8281212,-0.8504276,-6.259794,-3.0221577
3337,train_images/e01b7bac822b.png,8be89c4de49724906db5ed4e10f28e9c1c81b277b91cd90aa597857873a5d7cb,3337,0,0,6.588093,1.5567589,-0.74962044,-4.877285,-2.7149353
3340,train_images/e1c02f6c3362.png,5df43185ad18ba6e8c510ace968603fb27dd802d7c166f9b8e86d45e3fb5396a,3340,0,0,8.1562805,1.7077179,-3.2488003,-1.4667625,-5.3273277
3347,train_images/ea6a53e54d0f.png,63edf17b177283b948abd10799684e686a5933219033a7011b298ea7f2644a8d,3347,0,0,6.5532646,3.0888214,-1.593523,-4.574703,-3.6171436
3353,train_images/ed3ce1674761.png,fdcee95e51e8f8c40ad9d8e115243fca6ae7ba86d69e2280c0b170bef224a08c,3353,0,0,7.134281,2.9069824,-0.37064552,-6.8985453,-2.9676056
3360,train_images/f2f569a64949.png,28972e7be32f550dfd381f297b5a5a11259f4d9396d8720d788c736c6a57c9d1,3360,0,0,7.704384,0.86361694,-2.917059,-2.520403,-3.3307648
3363,train_images/f71aca5a7dc3.png,f894772ddab4eedc3c169f62e5575ac681364b2dc15dc67d1ef568bbbd46959e,3363,0,0,8.310173,1.5960503,-3.679922,-1.4323997,-4.952009
3365,train_images/f9d52509c571.png,3972c6955315ba4bb3bcc45db04831ee735a255ff92c16912d11f237ced6e5de,3365,0,0,5.9444923,1.2273483,-1.4034367,-3.6503086,-2.3612404
3368,train_images/fb88d23fc5fe.png,4ebe8eebec48d2d7d364aba80038f5df1bbb4661bf62dbbddbc4db41f31eff83,3368,0,0,6.4828377,2.709362,-0.5103302,-6.0452785,-2.8679295
3375,train_images/fe3f62695b2d.png,8acc4c1ed9095469a7e50ea71ac1204ed2b8f07faae07ae5a72545cbabcca6f6,3375,0,0,7.752407,1.8023453,-1.4054394,-5.9982243,-2.3485413
3383,train_images/1a03a7970337.png,710a5d5154fb8403990f11d2bbb04b9fafb949865e080b93dee3f1483c3d2e9a,3383,1,1,-1.128334,6.625389,0.78657913,-5.1191845,-1.5542622
3387,train_images/35aa7f5c2ec0.png,cb66e86c28ab48f1884c067226847b34c2849713a3ea380fd6a638fc2582523c,1683,1,1,-4.767334,2.7548332,2.3552608,0.8053093,-1.6625328
3388,train_images/35d6c4c50072.png,8502459ce6a945aa2a3b730f909278cef7f553fead150cc5c16f20c1094b5534,3388,1,1,-6.6113663,3.7644234,3.6504498,-1.2233963,-0.15385056
3397,train_images/4e82c3c8d31f.png,a3d5511c810f9f7ef31216ea01981a88ade01a8e92ec813487cc7dbe78cc1dba,3397,1,1,1.5637436,5.6056557,-0.09974289,-5.6547413,-1.7307644
3399,train_images/5090917a2676.png,7f58a387220daba3220d2a2312eddc84f2fbe953bdb4275e4d73720997aa05a9,3399,1,1,0.7741394,1.6343155,1.127697,-1.8124008,-2.0438004
3408,train_images/76e589911303.png,21a8086175cb79e7eee3fff83c42dad71045e6b2a10b597f3765a20fc195fd36,3408,1,1,1.6712646,5.8404846,-0.08995819,-5.6593456,-2.0833893
3409,train_images/78bcdffb8785.png,dab95930eb28d53570e0181529bc011cc8b0b88e115cf77ce3d37baf3fada314,3409,1,1,-0.7935715,2.040863,1.5507202,-3.2760658,0.08593941
3414,train_images/94111ed3d276.png,729166d646a820158850225f13c1ea4a1a39da507d06081a98cc4aa0465a280f,3414,1,1,-1.3577728,4.099449,2.5957546,-4.574383,-1.185482
3423,train_images/ad3fc5076852.png,52dd160777bb5158658bddcf86c7b0885a10aa74ccf63ab9504d5d0b285387a4,3423,1,1,-1.9437332,4.3953476,1.024332,-2.3488445,-1.5255203
3427,train_images/b9b99dad668d.png,c07b11b3addf73e52624e142f21ac27ec9b95209d2c6abd30988e4be018d1ada,3427,1,1,-2.6054993,5.67062,2.098318,-3.6496487,-1.9246845
3433,train_images/d1cad012a254.png,4025dca5f8bec7c66017347dff836a3054b49fe9afa240ef9e7ad8cc93611538,45,1,1,0.25052643,6.4331436,1.8344402,-5.777273,-3.0969543
3437,train_images/07d8db76b301.png,8ad3b058c90da99902d08673972bfcaf71eb0c10374514b771f56a3621ba5c45,3437,2,2,-3.4455872,2.0742722,5.788328,-4.0785007,-0.8098297
3439,train_images/0c2e2369dfff.png,4a79063efcc4b34a10ae728b9b8ed19effc52dd927f9ccb81b5146e9488c3bb5,3439,2,1,0.36984253,1.8285942,1.2052994,-4.8501053,1.0847435
3446,train_images/1594ca6c30d3.png,43c17fd725a523e5e3f80d960a3a7bd17d21fe4d39c47cf339b6d15d532c4993,3446,2,4,-9.699661,-2.2469177,3.8680286,3.118744,4.281521
3449,train_images/1968183f0e61.png,47e1e390b7bbc76508e5223c0b250bb86d22d4744954519c70e2a29313600538,3449,2,2,-5.4707565,1.4277802,4.824892,-1.4837055,0.1783371
3451,train_images/1e4b3b823b95.png,f99c2f7a670b7bdc9c3ee1f20367e220ae217363208e9178291358ba2ab79f76,3451,2,2,-5.2178497,-0.9283943,2.7713604,1.1892719,1.6101665
3457,train_images/234399352d36.png,3c423abac73be7726ab0775991f1bb340916fc977e2c28fd589f5f2b69e14fa5,3457,2,2,-8.085342,-0.3538208,4.050541,0.76145744,3.0083485
3463,train_images/27b68863349f.png,c49ebcab9bcc99c990109da9134c1f9f8d1ddc2feadec450821a73afb52b1e33,3463,2,2,-6.150505,2.8517227,3.1267357,0.22499657,-0.6003494
3466,train_images/2c2aa057afc5.png,15f09e0ce997d66519f8b453577944e7e657db2f53903d07b3814e9e485cb6a9,1890,2,2,-9.444725,-3.1917534,4.2563972,3.500969,4.1885796
3469,train_images/32a3eb37ff40.png,7e97718fab4e4fdf7f0f38bcdb4745f1a475150c2752afd36e5d124f61d2a531,3469,2,2,-6.686722,2.5533829,2.7463703,-0.34078407,1.1293201
3474,train_images/3ddb86eb530e.png,a473569667edc2fca2ad60fbf382bafa83e842f381976111fbd112aba7b1130c,149,2,2,-4.083687,0.07168579,2.7936516,2.134615,-1.4068737
3475,train_images/3e6bfc4d5c65.png,3bab5bb9b4265a8c52769764034b5e437599448d3d1714aab6e091fcb4fdd48d,3475,2,2,-1.314415,0.43555832,3.5585957,-2.2620049,-0.8341446
3478,train_images/42a67337fa8e.png,32c26131fedf06b3c40486c873da1645fce755cea0193afdbcfd6cfb1bd07ed0,3478,2,2,-5.5631332,-6.0124702,4.2904243,4.214264,2.4811707
3480,train_images/43fb6eda9b97.png,db77265cee9f06464bb248697f7b4dc7a66abcca758d48c1c632b39916eda082,278,2,2,-5.7393723,1.1213684,4.574213,-0.672142,0.13798141
3485,train_images/48fda42bd5d4.png,dc6fba315d386691a86ca43baac85591d9cdb4aa52468adc4c9b7b88f5924eed,3485,2,2,-8.752449,-2.0579758,4.6015644,2.1778965,3.4086113
3494,train_images/521d3e264d71.png,3a2a797082eeeeb9c9411b934f0c24d23174985b80fb965ed6092f01a9c54b4e,3063,2,4,-8.779564,-0.879158,3.0966358,2.1149235,3.817339
3495,train_images/525acfea47e8.png,289018878ebd4d1c4a65bd3c5a2b113e1539b29cf94c2f0f910f0afdc567dbdf,3495,2,2,-7.5741577,1.4232216,4.827196,0.253788,0.47963524
3501,train_images/63d217b059b6.png,675d9bc1dbb995a1396e0e48605475aac4b683791714ed6636508591d9f14221,3501,2,2,-5.656204,1.1485634,2.0656033,1.1972027,0.7198906
3511,train_images/7743f4e04a6d.png,44d00cf28bd0f91b7baad3c33bde57288746c83534299024531e0088141aef2c,3511,2,2,-4.9498825,-0.14834213,5.305912,0.054933548,-0.8739128
3514,train_images/7d1b40fdbd86.png,30f9b110eb641b107d8f46d51f78e708ba6f59b96f9850fb675ff74b13d55618,3514,2,2,-2.404419,1.8653679,3.1219654,-2.159504,-0.9432316
3516,train_images/80feb1f7ca5e.png,425e5147068fa0a024b1f7839a2901219163d58792b3e1a969cec84107002513,169,2,2,-2.0035172,3.0992622,3.6065464,-4.649683,-0.4964924
3517,train_images/82910bba4753.png,a18b52cf00b4cee57a6406b273b2b7638da665c4129595cee3022189338e4299,3517,2,3,-4.827606,-3.3589668,1.2457542,3.792633,2.5558205
3521,train_images/86b3a7929bec.png,c2910f0d9fa83aa40d7de032076571b487b423f1104ebcc233fc4adea64eb572,1134,2,2,-5.676964,-2.2698097,3.2684898,1.2290993,2.8925781
3528,train_images/962cf85e4f6d.png,e2dd1b0efb2269f00f6be4da687ce154179966619766c609554058605d6fa482,3528,2,1,-3.5008926,2.9554558,2.871891,-0.43151665,-2.4019413
3532,train_images/9a3c03a5ad0f.png,6cb1a09ca80760ff37b9c995489e97a219747b87f533bcb6fe95ec522d99bfdf,1422,2,4,-8.931984,-1.9738884,3.1524086,0.96541214,6.1117897
3533,train_images/9cedf5c7016b.png,419fbbf945136d3da372f2ef1e54474ab2bebbf8ced7cdecb4d2978b50bf244b,3533,2,2,-4.800888,2.2281303,3.43149,-1.7105103,0.35668755
3541,train_images/a3475dc3ac80.png,56818901379a4ae7396ca3bc72fc6f8168080382f64684a76afe8b26ddf933fe,3541,2,4,-4.05925,0.5859337,0.705328,0.24110603,2.0323105
3545,train_images/a64273801bde.png,6040533c19b458a6c1f538d9a9cc64599b2c27b5a7850f4aa08539784c6faf4d,3545,2,4,-6.398575,-1.2527351,2.050768,2.1946602,2.7863197
3548,train_images/ae8424cdb029.png,a67d703155199da1730a8e2c33926ba80a7bad34d3f69a16e8aa284f3920f8a9,3548,2,1,0.054244995,1.982975,0.35351753,-1.5070229,-1.2296467
3556,train_images/c5431b81cbc9.png,b37c827cb787b92215b2a7af1d069c398d3b39938320cb9c5a272361d708bb4a,3556,2,2,-6.2606277,-0.9289589,3.8230896,2.576601,0.22394943
3557,train_images/c561bcd519e9.png,4efe9b61312a1695ce0281f9b6b80d8b8355fb13ddfebbe80dc98a541206e08a,3557,2,2,-5.1585846,1.7035828,2.526102,0.7661247,-0.36292267
3561,train_images/d15ca3469b87.png,b8b16298785760a7ededcdf0073e71e425d3e1d3fc2930e33768a76331acfbfa,3561,2,1,-0.660553,3.9944496,1.7127094,-3.0173035,-2.3858986
3570,train_images/dee687c6e88a.png,8d417eb674b9d1b7c785a36153909c170b7ebe76f53783ced838b78021d52fa3,3570,2,2,-6.01474,0.82835007,4.345829,0.08176422,0.15158272
3571,train_images/df841a0440d8.png,9f64aa78af3feb31e2f61366b3d8cd7f6bb0512dd8926446222addc859e91081,3571,2,1,-5.1425934,3.9694557,2.5292568,-1.0227051,-0.8949661
3575,train_images/e4151feb8443.png,68c44265efc31461c963c694f647703ea900ade5eb9adc08fdd138d564486776,2277,2,4,-3.8319702,-0.7108536,1.7130356,0.35185814,1.9670696
3577,train_images/e756495c11cb.png,08278559397750db9814c1ed722d99da0f676da8b034941f9afc7e4e99662827,3577,2,1,-6.222809,2.5411148,0.76166725,1.190134,1.2178669
3579,train_images/e9129ce55fd7.png,a77ffae41a8dbf318be23f73d39958fe30036d8144460448f09bae4e2cca588e,3579,2,2,-1.0702057,-0.76943207,2.713276,-0.44983482,-0.82081604
3585,train_images/fcc55ae641ae.png,d045d1281e9db3aa4805c6db7c1f8f78de33b65c25d2d4cc3871e58aebba6e0a,3585,2,2,-5.9791565,0.71783066,4.1509056,-1.7261295,2.223259
3589,train_images/166068a24416.png,eb544a2757344428d4ea6134b3e5b9c04f3d5aaea46618a4a78e67fd5b892090,3589,3,1,-0.70397186,2.3221855,0.49381638,-0.8650341,-1.6080685
3602,train_images/996f57c86ba5.png,49f42b769e09aa2317d42976df8d042ec0a76b45c3c4f0ecbbd1d91d58d9f841,3602,3,3,-9.938889,-6.710312,3.2438145,7.295767,5.3745365
3605,train_images/a80dab8eddf4.png,4e31b9ac3909dfb7b3ab206aca4b6721b92bd3f9b10aa015d945b602e69f96e7,3605,3,3,-8.190208,-2.2564125,3.069477,5.0994396,1.5724888
3612,train_images/e19936582c61.png,f5b3d581e5e99202331eba59e45d5708c14ff7167e880dc03e86229a01e5de82,3612,3,2,-6.1168976,0.14951324,4.6669807,0.034259796,0.7162399
3614,train_images/e76a9cbb2a8c.png,25ac9acf573c431f146c3f94ec9cdd7548f5ad2d8dcb5b6b6a7113ff6850f723,450,3,3,-9.673676,-5.3791122,3.3779526,6.241398,4.726673
3620,train_images/247e98aba610.png,8946e9dd12fa81050651c7f084ce6dbdc37e0898c428ea04c13c08f664c7cd8d,3620,4,1,0.64292145,1.9810066,-0.7802448,-2.8570385,0.65952873
3627,train_images/4bd941611343.png,29cb735dd0df96333c6948d432a6e6ecb284186bd9163673cf3a4b393d416dac,3627,4,4,-4.7350845,-1.3543472,-0.34087753,1.1488018,4.7630005
3631,train_images/63b4d030b016.png,21293715c26c8a5aa20693966ec0552bdc8bea7114057f6f9924f541f22a33cd,3631,4,2,-6.249222,1.6842155,1.693306,1.5908146,0.69929314
3637,train_images/789434d095d1.png,52b4d2ccf45571a62db6e05e2d016ea72bfe50bfcc294f75a7781c32c2e0ab6a,3637,4,4,-6.1558075,-2.000454,1.8489132,0.3307228,5.4216976
3639,train_images/7d626a7ffe76.png,02bfa03ce57b51a8129b2d67f5e6f91cb423a222bba4d1f4a437c4f8a4531a40,3639,4,3,-7.8814316,-2.7651405,1.0073013,5.496954,3.4738922
3647,train_images/b99afe7137fb.png,522324968781dde01fadda272b8e1aac9e8cae8c018dd804af15802f48ba8178,3647,4,4,-5.3191833,-2.2230034,2.405033,1.1825466,3.4031334
3651,train_images/c1896142a20a.png,469f4d2577c49f8e2ac8eaabbf903f8e9aefd268d1523fdbecfd720354ab5cf5,3651,4,3,-8.398056,-2.8464203,2.057766,5.62805,2.8981533
3661,train_images/f5e6226bd2e0.png,2dfa01b045d26af90cc3b338a8d9a77ef9580cde705ee3b3523c566860ff5a61,3661,4,3,-9.221794,-1.3617668,2.1316738,5.1590595,2.6127205
