pool_index,image,pixel_sha256,sensitivity_group,target,prediction,logit_0,logit_1,logit_2,logit_3,logit_4
9,train_images/a0adbe677508.png,9eb29bddb3377030732b05f66b2c3589b17908bb90f7113888a5c21d4f9a72de,9,0,0,4.1772558058887945,0.3761577044154105,-0.21947049358447002,-2.6114893433355775,-1.722468019640878
10,train_images/92f313287a29.png,d2e4184cb90a07f628a8a256dcddc994ed3cce4cfd473893af68a36c195bf8e4,10,2,2,-4.075485139053384,1.8914312776174107,1.9630281934475051,0.42378475019361517,-0.20277338103799014
15,train_images/70ed3ec68b94.png,df2bc888a0b0f1579ea13b07c53659409421f572dfc00890a689946c4db2f0a5,15,2,3,-5.180142808315811,0.4680338419928116,1.9211759643431976,2.1461822785379443,0.6447364256605841
21,train_images/5d6239c0fd39.png,c809dad3e1f3601343a06f591f50c1d23e7db610239f40c501960027549e372e,21,0,0,3.74549215266563,0.8805287944793783,-0.55784270920189,-2.567833462411927,-1.5003591381919574
28,train_images/6810410187a0.png,c9c7e397cdad94344b4a229e338fa5a820b30d1b7767bf322bb5b679e4edabd5,28,2,2,-2.197170467440184,1.2485187622852436,1.2606295045936835,-0.9308250144425472,0.6188328812230557
33,train_images/e16fc934069f.png,9cd8cafd9f76f28db12dea5f6a6294a6509a4ab4f049fcb2a12bf730a5ffded7,33,2,1,-1.0094942889754783,1.5241264365701195,1.3816109174190212,-1.6605266361848319,-0.23573076618866784
37,train_images/e9ff9352ccb3.png,e2f35230990537f915259582fb4dd8abc34fffa3a3b47f30614d433e9a0ea1f7,37,1,2,0.04834220187787963,0.6818467567120408,1.0363977530314308,-0.8931466382353861,-0.8734544433374067
39,train_images/61a62b1dcc36.png,1095b5bbe14d17d31088198acfebe113286b254420495b9c07feac5217d17dcb,39,0,0,5.415507833078049,0.07078462389484663,-1.3851360709898484,-2.296195009179967,-1.8049757630390055
45,train_images/8fc09fecd22f.png,4025dca5f8bec7c66017347dff836a3054b49fe9afa240ef9e7ad8cc93611538,45,1,1,0.16699702431992947,3.395805771919271,0.7030990421424808,-2.371779516990422,-1.8941366646565296
56,train_images/ca360bec5851.png,df684065a48b718cfa6c4d1a92463011a0585469e7baf005f1b86a1c9948e061,56,2,4,-1.7973363508146534,-0.607135447875752,1.2299070734723159,-0.4619826579703723,1.6365330924220434
61,train_images/3fd45879afe6.png,30c56449918e62d2064409456b92749f383b21a07dc99cb73eea9287a88dfe01,61,0,0,4.097040255823494,0.2651290741585619,0.21796272605612454,-3.764608072840166,-0.8155383276599548
66,train_images/494fc9c745a3.png,d1af4ec02abbf521343baea46fe913af2fab1f2e81b04c3cf530ba732fbf05da,66,1,1,-3.3942557551822716,2.702848476821977,1.0315386193775304,-0.09102350590813568,-0.24912213287964446
71,train_images/39aa3cd93c50.png,60e6827da68bd46aea03a417cc3f2c688e2cfd5f00bd90aa10877930a436a34d,71,3,3,-7.065414365591224,-1.573248444192311,2.050243208461461,4.519074132300675,2.0693311885427663
73,train_images/c90c6b94cf40.png,931a2a5326cfebb4fd0392b7e5b338d28cfe0a36f0943428b3ad92ac9f545d08,73,0,0,2.736122236209475,-0.2668298615634548,-0.5138144341892099,-0.9720388572083927,-0.9834534468592626
78,train_images/ee059945b08a.png,8ac03c10403f732f86ee541888866c97d8bf8557552060d02fdde9aa806d1148,78,2,4,-1.778727455164244,-0.46288664769903143,0.8825412507638475,-0.2361152856961226,1.595173819123258
80,train_images/8bbd7835e9aa.png,b38811b00086fbf6efa61f9ba7b2baa98c9e088c951923fb71781cee22939c30,80,1,1,0.7291916558316736,1.8357664875807735,-0.15705507003576957,-2.5637035996549216,0.15578624341182246
85,train_images/8d13c46e7d75.png,d2f22fbe803ab44dbf5045d73ef7490a43bbeb36723a2dc5ce355819da011949,85,0,0,3.105649192072555,1.2059319165189315,-0.25310795464560254,-2.6893505588326363,-1.3691369442606298
90,train_images/b77b8a1f09f1.png,480f93d7da3ee17710fb94901ba610ccc9c9c9ef13b97b2014a585e0aecd8576,90,4,3,-6.696232341297431,-0.9285557970786265,1.4796440922547496,3.409263140898128,2.7358666093073643
94,train_images/8a3eb86ae4bd.png,f1fb9d74ed6be17c050b73eef603a14c95c9904a11cd70032bb01278f9ae1fd1,94,0,0,4.035743234610607,0.31613424797165735,-1.245936082979532,-1.7909757049457067,-1.3149800714674393
101,train_images/887c26fc0e1f.png,5849ae7f80cb36d4e8866ee6a4dad5fb34d81e5443c4fe8b6e7333c44d2642bb,101,4,3,-2.866152258483474,-0.8276897929949723,1.132650264582297,1.5569310150799787,1.004246462587798
108,train_images/42b9c1977681.png,85cbc2b295f0793346f7940a853a7a7d41b2f35f989f85eed5ddaa6f9c38910c,108,0,0,4.399406250011758,0.9962841024426847,-0.5407918105015477,-3.0965999333281404,-1.758312975646197
113,train_images/f1a761c68559.png,72cbfc507eb423acbdc97e5622ee600758feabc55cb6a1ed3c432bec9dce9825,113,2,2,-4.371098663906732,-0.589816617088724,2.8076794030200336,1.0204636111742431,1.1327579789016604
114,train_images/c568e5245ea5.png,9fa965ebbe7e24c3ab3d5161cfaa523b86640bf731735216b8b5e8e47b41215f,114,2,3,-5.5889006291542245,-0.8543494555638507,0.899673132027594,3.038706410431743,2.5048562436358397
119,train_images/8d4ff745a409.png,a5316afad134bc35d5c90c81f1a42f1d58eda76f57b3cbcdca91e8787a42b9b5,119,0,0,3.4066420937314135,0.9904177772342653,-0.6438989918533657,-2.4287826417004146,-1.3243926084563284
125,train_images/e4b0df29b96f.png,59614d448ef7e9f2e7f3d7579a2a9bd90d450d1e73853b6cdafec6fa83a53148,125,0,0,4.236152730819217,0.7758672851186148,-0.45699586800175496,-3.4660783371294244,-1.0889601574745302
126,train_images/789f0ec1eab8.png,0bfd6ff37661c5a67fbc7f4b926949edab84edf63bcc913df87914a27069bc8b,126,0,0,3.8145723958938937,0.925167960238948,-0.682751224337963,-2.912800795466956,-1.1442026782932913
138,train_images/a4d41c495666.png,e43456489dbf400967696ad1b87b0097ecf8015f24247b79640e96c630d20987,138,2,2,-5.029883626135753,0.06847637889685032,2.8501540501739155,1.7765489476363605,0.3346899150136029
142,train_images/b085caa513a8.png,0e90f3dcbd80df4ef5b20f509def96155ebec789294c647cd949d9bb72be2328,142,0,1,0.7368285876342107,1.509010668190939,0.2597760800615001,-2.222232287852771,-0.28339737735072923
148,train_images/42985aa2e32f.png,4d811f303a66afd2315e0860722112a13ae69203166d09e45ab2545b32a8bfa3,148,0,1,0.789690206903451,2.992890381963065,-0.53500516837705,-2.5414007515355017,-0.7061889768523163
153,train_images/069f43616fab.png,d1787069e8da415663eee3a04d264958413555a5511dc1cc399b2167def60883,153,3,4,0.3296115724616193,-0.942745789399698,-0.6032810802844502,0.2588484433746423,0.9575525567704539
158,train_images/e97ecf4355cb.png,716b03001f77a7b07bdd8a3c8e06ab2e52c855137b5579cc0a4be04a636fa85a,158,0,0,3.992979968953783,0.35194137339014375,-0.7154537198830297,-2.200936664469392,-1.4285453431510349
162,train_images/a9dc80cba9a4.png,618bcf3333c6d528751ee323910f232bbb9fcdbb5226da841f1e337ad0b62927,162,0,0,3.776293460120556,0.8266393119299398,-0.18422381984568004,-2.424941098232419,-1.9937822412490953
164,train_images/2fdfb80ea53c.png,ff55b284d8dc770d034efccd2f13773e86fa2eae2af08e8bc99114552ce29598,164,0,0,3.822542658520362,0.32824049823734214,-0.41777392427949644,-2.8819827108449703,-0.8510408878271241
171,train_images/cb75210abebe.png,c071b7c4140e7ff9a5a820fdbcfbdf9c271ad7f35b89626e6c7fd3f89841d730,171,2,2,-1.6970929420872416,0.3254100298205387,1.8148983392545164,-1.238961423544933,0.79573170600186
174,train_images/e52ed5c29c5e.png,57f047963e6b4f4c543faaf56b28803dfb340f5f6175d6a1d849b93e95abe880,174,3,2,-5.141093130387741,-0.26515436575112084,2.444399526105338,1.3224321832213732,1.6394014715306917
177,train_images/80964d8e0863.png,b759ee2f2702c2adbb806e8d786d98d681d9baf9e6dbf1c0fd323ace0b109aed,177,4,2,-4.07911170731219,-0.8080629850179921,2.6793915110639785,0.5637639758295716,1.6440049153376974
185,train_images/cd01672507c9.png,d843e8ce4d772dd6f081611fcd0873e7d589d71b80c18b89d2f9c3504c1806e5,185,0,0,2.2267916981495617,0.1442706293335636,0.9013377676577372,-1.7830821100422058,-1.4893323592393688
188,train_images/8ed586c43023.png,7bef89982d5c3a61ae938adc54201c9b84c73ada0de8454aa101abb4ec431acd,188,0,0,3.6443304376207877,0.884974486533487,-0.6152083721428765,-2.9883185524352083,-0.9257923470253737
192,train_images/f48241b0c995.png,bd795487787b4d743c834228c1116b7f1b93171ce147dbd2bcff1e6e40d28076,192,0,0,3.3029672177785407,-0.18861513844501054,-0.7933787653337925,-1.232324702174406,-1.088662978453221
196,train_images/1a19f2ef4472.png,f9a35d2fe27405fb6485975dec7cbb8c343cc819c7a5b0b1a328681dfd9d1e15,196,0,0,1.5993940651977994,0.18047346809721887,-0.07736508496511552,-1.0265565003395274,-0.6759602729760752
202,train_images/4f60129e9a5b.png,879b3522b9a7d785cd55326011776c7f46e41d45d371fa997ed1ac186ae31c67,202,2,2,-4.465631084072708,1.2046812081820697,2.8568249744831364,-0.09768923150912201,0.5017998205114158
208,train_images/e66ad813a508.png,51e25b72d84f8bc9d19077ae1d327944629393cfb67a41915a0dc72c4ab3ab95,208,0,0,4.199070864468382,0.6359892434488099,-0.596658316787138,-2.6486321820592593,-1.5897839762729515
213,train_images/6181aa9f75f4.png,0ecfd3ca86af6f8510be48b808b2e1b805e780719669a18953a5330122dfdc6a,213,3,3,-6.332993276083126,-0.6859716476602014,1.9884212314677119,3.821206269207412,1.2093231048026687
214,train_images/11242a67122d.png,e6f9745fc366b3ec1bfef3ede76b78ad12259b256daf7f6f10b8c31d28e6c910,214,4,2,-5.357835951225081,0.22550444577497153,3.060394802419625,1.313074921318936,0.7588474626482777
223,train_images/041f09eec1e8.png,d2cdf8c827419d0f4d89c0731f21c4b15c09f092c00b2b78f88059bc694a9665,223,2,4,-6.037108408968507,-1.0458928990912426,1.9373047687984424,2.032599202307898,3.113083056826479
228,train_images/0a9ec1e99ce4.png,4578633466c8eda74ff4967d6e4b1c8eb38ca422a479d73fd431d08d3754f44d,228,2,2,-1.2136561908228458,0.5416529722309154,0.9153674113829549,-0.06691740968607895,-0.17646112720289664
236,train_images/be21d8b60e2a.png,4a9e2d0090302185388fd3c3ee7611c2d33cc48c96725505b9b10ed84e2eb558,236,2,1,0.11233643001165206,0.737606899953759,0.6930487550440796,-0.730033058004179,-0.8129734079377033
241,train_images/dfc7ec7db0e0.png,bf3c090eff7fbefba433be527a806801e8d3e6b1ecd51e13a4492a0104b1095a,241,0,0,3.2164761924946745,0.646395133605381,-0.6129464662386908,-2.3783888498176573,-0.8715503733283965
243,train_images/9d1feed37610.png,9256925a7578b49cd2d84603bc684d763d709a84f347cd805ae0cff692a13975,243,0,0,3.8892758258280224,0.8384831801940038,-0.05033874371882363,-3.0508285058024045,-1.6266061220565224
247,train_images/42cc993f23a9.png,0818dfe0e591f17ff1a00f9a0a6eaacb265e4a7fb39c61701f6dba5b0188b833,247,3,1,-0.7077968740520468,0.7437101761747691,0.39623812272949976,-1.0025503904772535,0.5703846208695471
254,train_images/72595230840c.png,ed1cfee3728b6045d28acd761bf72597402002383fce2c62e60796d1febc0407,254,3,3,-8.242533126178856,-2.5906344526963725,0.4886249608417328,6.096870586148368,4.247657722737202
259,train_images/174db0854291.png,3e566ac8c1a916b23606dde41cd07324427c21c3c92c8fda73790c6d0c44f885,259,0,0,3.765420822990908,0.33040933735589917,-0.16867703323255778,-2.5949603954736284,-1.3322070809003763
265,train_images/c26f98f58350.png,0853462caf66aa9a11cb49bbd6473f6e7b235bdf5315f393052cc93549096e4f,265,0,0,2.9711471116475643,0.4839079794592571,-0.8962133508804948,-1.7793709091232577,-0.7794851781696259
271,train_images/8688f3d0fcaf.png,732efc7180a6ffbf206b8323fdd2214d874f2f966d80f5636833b1cf2862e35d,271,3,4,-2.726819090350549,-1.6854076254209058,-0.16539436264842955,1.8200375932408406,2.757569171870136
272,train_images/14515b8f19b6.png,f7a4062b28b87de188dad43b8db5e581f4ac144fed195eaef7a8744245cc358b,272,2,2,-1.2193309819462357,0.3885343169242894,1.7492125222605701,-0.8851696200397985,-0.033260545034189404
282,train_images/07a0be6b347f.png,f4cafc8d8a05d3b7a1261b09821c359664c866b888905ced60ada9e60c569a00,282,0,0,4.473259436508762,0.3084037629709915,-0.8736060521038738,-1.8202035543983115,-2.0878679706357155
285,train_images/58184d6fd087.png,849f0bda05ec621a08a3e5fe873eb2c632b0e2602195c0e64c64108c9d649ac5,285,1,1,-1.987427734306781,1.9869145140519038,0.9750380832942658,-1.4863497230531841,0.5118105703042097
290,train_images/f3bb996b45ce.png,9ef33aa547cd3276d4b7a47f3d1ddaaadf9aac3d60a3082854592f45fca13c6c,290,0,0,4.297208136588729,0.7244298519765735,-0.8754812437709352,-3.0604382175995903,-1.0857329123661694
293,train_images/6e0f78e188ff.png,d0a6b2ce4707184b034689f4d1c90c3c70ef43146b46c51b226830f9b2828b4a,293,0,0,3.064779371484466,1.4303739356239138,0.09157731297221328,-3.0832584557805403,-1.5034865437122544
296,train_images/197af0de76e2.png,b5dbeb03c75dc78889179bf0580d5da5c637d341cf7be2d676e95d2af12730ca,296,0,0,2.788810289199869,0.3127356564805339,-0.29999343405645895,-2.2322755386543474,-0.5692913238985987
303,train_images/eadfc8809ec8.png,6b10e78463c16fe9a15f5776a8aed3ef6269d1aedd214dbf32ad5cff8a2d86bf,303,2,2,-3.4834461165063715,0.7604464855964803,2.5801032897792178,0.4659892020797205,-0.32310720297932916
309,train_images/c76664770c07.png,99143b6b44a0cc673f0269527210885c41d3171339e6890773acb31c6963fce9,309,3,4,-4.219047820412651,-3.2517750124744698,1.1044103101493712,2.327942213643185,4.038455997010063
315,train_images/c8d2d32f7f29.png,3f00dbfe3bf9f8c3675c7bb6b95fd76fe6032b82e66884a46447353dbb7d72c5,315,4,4,-4.624277730087286,-1.2778667895619567,0.974515817939386,2.1820560476363458,2.7455583496175873
319,train_images/5511f114e7ee.png,fd5b9187235a64637733db4c7347066043c9e36c05590c8fcc0b8d941c05d0b2,319,0,0,4.548297960243467,0.13978412285435304,-1.148722733967722,-1.7504925874900605,-1.7888811565532579
324,train_images/52dbec057cc8.png,93a85b2e63923cc617f3a8c385fd7001f699f9246f84381cd068723ea89dd3e1,324,2,2,-0.5955941829531817,0.5184027675243179,0.990347218182317,-1.4460361069061403,0.5328660156649625
326,train_images/b6a0e348a01e.png,bf8c26a1da5d16da9273c19cbe5508137c334f933d3c7c1f2abedf0b87c45539,326,1,1,-2.4146402243597294,2.5868917476233975,1.7321827158499936,-0.808423127699939,-1.0960254611605933
331,train_images/59fee5bc3479.png,de47634d15fdab1cd5a86a99487611fcd0af8f5e082b44b46813f5ca90656575,331,4,2,-5.630989760815037,-1.3900834303387928,3.314935616402932,2.3816762803330747,1.324446959418471
334,train_images/be68322c7223.png,55eb17af9decbdcf7494ffd92b4137b1d7067f27bc91e4f6a5b6d218770faca3,334,2,2,-4.041185365124445,-1.6503250686823634,4.5218349733503755,0.31055162493229815,0.8591095368837989
340,train_images/ff77e8e5b5f3.png,2842411a873148351d2ac19434b0c6c7008514f5e1eaeafbfd0558a70bff747a,340,2,1,-0.8032420849810684,2.525902842718409,0.03366001740076241,-1.2342384903309158,-0.5220965837785483
349,train_images/bda7ff3b1562.png,e97988db664de2c6a7c0953999b4e1696d3fe53195d256fe6d410299d7dc300a,349,2,2,-3.3331201984426,0.08712774876794604,1.775970298844642,0.8422419010402695,0.627765889051354
354,train_images/f0546a45ef10.png,d02ce8d9678104a733b59e5dbd1609184499a66f6710e9a9476970d2a9cb84c9,354,0,0,3.6173194166683693,0.4209353670821212,-0.48932473473395044,-2.5323733832913016,-1.016571044401127
355,train_images/034cb07a550f.png,3f00dbfe3bf9f8c3675c7bb6b95fd76fe6032b82e66884a46447353dbb7d72c5,315,4,4,-4.624277730087286,-1.2778667895619567,0.974515817939386,2.1820560476363458,2.7455583496175873
359,train_images/107aea0d9289.png,3b384b5ed27cf7ed7d0a0a2165fa7ce3d849e8015d3bd6476c1b68aff3b0cf1e,359,1,1,-1.9906828206315232,2.8263106918526297,0.44001493801301605,-0.6061325153542887,-0.6695246219671759
364,train_images/973b0facfa9b.png,f9b03670add4fd20cf45d90658924289e51ef547724f233ec4f956a267b2516a,364,0,0,4.299639493184056,0.9529567604762992,-0.9669206412909848,-2.3579313110847924,-1.9277586833236813
368,train_images/ab50123abadb.png,b759ee2f2702c2adbb806e8d786d98d681d9baf9e6dbf1c0fd323ace0b109aed,177,2,2,-4.07911170731219,-0.8080629850179921,2.6793915110639785,0.5637639758295716,1.6440049153376974
374,train_images/698d6e422a80.png,972df28c8f8bfcb41b9fe56f25b25571a2975da6436170e09a0825316f4ae840,374,2,3,-4.966013107781006,-0.16452737484869218,1.921321734593918,2.651318965385327,0.5578854725985871
378,train_images/80c67efc8101.png,e716306a851be6c34252a751cbe2834a10fdb3e797055f1d898b6f7264768d0b,378,0,0,3.870015790216751,1.0229010534921432,-0.40137530064325766,-3.1066882205611437,-1.3848676666283706
379,train_images/4ad8d3ec8789.png,0ae10118f919999cdc53ac0003a698891c124f71281af9e557bf44a3795aa7ef,379,0,0,4.267053534710019,-0.6490041203013757,-1.051500249453416,-2.11276956357199,-0.45379399670266474
387,train_images/731b19a460ad.png,80a2451d2bcec6acff85691c236c5c3ed4ce483ad34938071ce58832a4e9c312,387,2,3,-4.683270562102749,0.28563148927741366,1.6418202603071248,2.285930423776776,0.46987406429294265
390,train_images/97a5ad7548b7.png,908fe79d42556b58feeaf61f44452e5436bcb20fefce68d91da464c9602e3190,390,2,2,-3.2981011178999964,0.9245630405597414,1.6417523463879968,0.20227306853722204,0.5294983182596535
393,train_images/b033ab4fb723.png,1a40f0b60767d5f58ade69b87b37de1d5447df72e33c56f57e5dc7fef01e0774,393,2,2,-3.4980760576792918,0.3730154534165617,1.9602275784180734,0.22084129189110513,0.9439774222391426
395,train_images/a6d45de20e4d.png,e8add7e27effa3014aaf72ecf4862bb66d95dde52a94be5bc8eac07b658baf41,395,4,1,-1.0463652712410862,0.8542657832089819,0.6868107838087543,-1.1161250546322306,0.6213994702161321
402,train_images/2d558de2cabe.png,35de64831b2e68c5ff78979b5fa45579b34599599d1a2e847e94e85f10141702,402,0,0,5.0538642797996545,0.2633654725632901,-1.7779568553083505,-2.4187824997575413,-1.1205047860984498
409,train_images/da1fb35f5df9.png,8137a89e42f619af77f9dfd571cf6b568e5ba6f33ade9aa8540a59a51de96899,409,1,1,-1.542290507266955,2.1841432255097644,0.9396432120221156,-1.5066355888557599,-0.07487463775090064
414,train_images/0ef4c61dc056.png,3724387b20c9c4c6c3866e50e93d7e8fa0ffb9ac69e40b337ce597de6a7c50b4,414,0,0,4.465522872887533,1.175419264638922,-0.4329356722828557,-3.3174072263008005,-1.8906136055793525
417,train_images/1dfe599d12a9.png,d2f21d8746b73adbe8c4dbd551e56f1bd8ebcd35a4c579ca19af48883bcb518a,417,0,0,4.405378771387131,0.4003136552248723,-1.285047097373094,-1.6360050232313217,-1.884654666840093
420,train_images/b1197f2cc9b3.png,8a9797fc89e0f7c7bd92ff28fc1180f201ad3842d8b426c1ee9502ab938c163c,420,1,1,-1.7379952615783978,2.2428635793731218,0.8950758914429437,-0.607752979526972,-0.7922055413234068
426,train_images/8ee50c26fc13.png,a4d5ee398b0e179dbe2d833a0743d4e0ec793d584969a1ac97306884221c7629,426,0,0,4.643163182898629,0.979305813016623,-1.114798558221465,-2.4918753637674698,-2.0158094465298673
434,train_images/0dce95217626.png,b64e7f11e5c1faf9d5b58fd79dffc209a18e9929c93a44b84fcd130bdd255e26,434,1,1,0.7435134721331842,2.6042988510198875,-0.38967783121844946,-1.6982812583256308,-1.259867579154625
437,train_images/ff8a0b45c789.png,4f3870a6a8e76d6a3298870ab990582d1bc7d70179edbcd03f644a9012ad4062,437,4,2,-4.515692708191018,-0.39787364691258276,1.916831111551887,1.8661736326142027,1.130547328864512
443,train_images/0f96c358a250.png,457d828f5fa90f8629e70ee6501144653ff081564ff24266fcb89b33d1c3fc06,443,3,3,-5.035595659751557,-0.020672818066614695,1.335186159538027,2.781675097251229,0.9393929348453516
445,train_images/72c31aa48e2c.png,b30f04ddb6e3dc3cd356297048203a6edec8273dc5397ec58d6e0e431c37030e,445,0,0,3.5615224695878034,0.7110917206690548,-0.813995775909659,-2.4658037915985513,-0.9928289629054678
448,train_images/39fd8ef3a45c.png,3a7847fb83048ae61e5d6fe8524d8269bd89aeef83a05fa6038267a575a67917,448,0,0,3.6682481062658816,0.8944295124886565,-0.35432198612545474,-2.6510586357564536,-1.5573113500338889
456,train_images/de57c9e9fa93.png,c2eb6a76ccbdb44b1105d0ae650a6c72a5e7405f53a978e4973516e0f704f870,456,0,0,3.449145750627295,0.8940444468914439,-0.06731355138490569,-2.577118352144927,-1.6987726426297376
459,train_images/5b72ff04333d.png,6bba536659676df6742f0295a98687d816d02a7af7a4192ddbc086d74c9a1ec6,459,1,1,-0.6679084269209241,3.28161707281658,0.02193063220698921,-1.5251977605554679,-1.1104558347336364
472,train_images/5eb8fb1aad41.png,d09ae6cdb4be2b56a94c809df7265ffc5367714e428d2bb584457b03d58447ee,472,0,0,4.466098322567909,0.8665894436658323,-0.6947607764348787,-2.8680390753397695,-1.7699022644473317
476,train_images/194814669fee.png,60610c342a58551561c323a95835c4b3ccf3f3f79761a14d0568023b428b99b2,476,1,1,-3.2266390585196305,1.727927565227123,1.3611293048303035,0.2979867546647519,-0.1604188871780352
479,train_images/26cd40b57ad1.png,4abe9f1d4518a62be8ed2ded3fefe3dfff51b3326904b595be7a2895db4fed80,479,0,0,4.28969163235249,1.0591579802689548,-0.7101666236222939,-2.811710741172477,-1.8269866191192718
483,train_images/8f2996b8d855.png,a96a664e66700148cb95d3dde854b364c075bf87c357e7a18b8823b1fe592282,483,1,1,0.17588302455477844,2.4187859622505066,0.058669168774156066,-1.7687004288672767,-0.8846520697417171
492,train_images/a8c950a99107.png,ef1b08a01d6f5af47bbd2a6efc14104a45b0b2fd5692980cd68f9e0b0998dc93,492,1,4,-2.1791169778590067,1.0629397103287381,0.5388436580272384,-0.8284697864449715,1.405789099666276
497,train_images/668a319c2d23.png,0d01e974b09bcc249e7825f31b07a35755d57010e8de869dfe86e171517997f2,497,0,0,4.102281568883697,0.7128158015578006,-0.6765631813307094,-2.7478376947017358,-1.3907108501384384
504,train_images/ae2e888905ba.png,119bbde338e062fcdb8dca3664c61abc41eedf04b3701b6827115c3980d1f02e,504,0,0,4.4655312431415695,0.2556408780026995,-1.1303509364573738,-2.2289297798324226,-1.361905779025337
510,train_images/8596a24a14bd.png,0f46e66e860b0614e48fdff26733a746c552f5cf399add99dba199855316def3,510,4,3,-5.610486295608606,-0.6955332383314552,1.0471456310439375,3.5091789548201415,1.7496806460826586
517,train_images/93802d1e3c41.png,92741ca7715ba58a99e367fa278c4872cdc8127d7244c9d723531740a6455bca,517,0,0,3.940604975362625,0.6647649352375087,-0.2983961394608978,-3.056201386144747,-1.250786736119791
518,train_images/2bbd1f99ecc3.png,1911ebda62754ec7c0a601de6955b798dd994fb75cdc007ab22ff93cfb7fc700,518,3,2,-2.4838009747327128,0.3457396398287873,0.8746016352722461,0.7365721355935264,0.5268732110742551
524,train_images/10ecc5292ab1.png,8aafbad8ec99626b592b505fe0dcc85681e195419e6bed1e9431ccc950e3ef0e,524,2,2,-2.0414557437699514,1.6991187295162593,2.103702149885616,-2.059399089113649,0.2980196012213101
528,train_images/51405d042000.png,7bf8384cbbbe7d41590dfc23f6cd6be8cfc8882dfe47f4fb973e9f112305b9a7,528,2,4,-4.631452152127249,-0.7820032922557143,2.056237354578853,1.163122760659375,2.1940810741403047
529,train_images/ca9c912ebad7.png,1d6f8f0a41531c1b16c2e635cce2dba61a0e458b39033e604fde843026c7ec17,529,2,2,-2.716828099349712,0.2997265215470417,1.1162955537992272,0.32119091308692305,0.9796007852524493
542,train_images/a8e88d4891c4.png,794f16cb396213fba7aeb65cda607d7a8545c0ab695df0a9f4337888cf347636,542,3,3,-5.149590596316084,-1.414199305665166,2.238348132521825,2.592548469348772,1.7328789797783446
547,train_images/9985375d709f.png,59b970bf4da0484682a33107f1896f659d895ebeb417aba9d57cd79bd72098e3,547,0,0,3.3967162212682034,0.673289761929718,-0.5210317986040436,-2.250752849347264,-1.2982357207331006
554,train_images/282bc792d23a.png,7cc28937d65daed6fd874c014378d5ee256fd0d8ce1e184d081f88039fdca1e4,554,2,1,0.24511734804339014,1.3199981505614105,1.2869477930760165,-1.6078335005026103,-1.244244129580212
555,train_images/4cf4d528c08e.png,d48f3f1826635b3d7a43551c276db83377123d74b77e7f5434ff408540a02308,555,0,0,5.567208745576096,-0.2143963879226245,-2.1375396565065667,-1.757703594996797,-1.4575834807589523
560,train_images/a07d9a5045cb.png,f2e0ca65530b82e7b10aa52c1be56e740ec1367709da3807dc259b32451cfba7,560,0,0,4.230380148001533,0.5991577186012851,-0.6293361808703954,-2.682736719528574,-1.5174793055823477
563,train_images/32ed318235b8.png,a6a470a5a45d501fa2a0777964b1b7a709eb962a87bd1c52d88a475d629eb414,563,0,0,4.895601172390652,0.6321737412766399,-0.8236000711359348,-3.1370510701144774,-1.5671381338836463
568,train_images/86722fcd802c.png,660bf59ceefadb0651162d7c8bbdeb938dc9397cf821d01421b46945433314b3,568,2,4,-3.4901448463089615,0.32820183479808485,0.8896014817712012,1.0508004824289543,1.2215267506670395
575,train_images/66bfec8d6bcd.png,60a81873069f0844a3ec1b8c45fc467c84b27f57390858c4edb868cd6831aa79,575,0,0,3.296136966919782,0.6236725807007186,-0.053090274125979775,-2.5033482849269433,-1.3633853218266525
578,train_images/8d8aca52c07b.png,c9d17e6c5a2ab40444d6ddeb0ee70dd873f56b7b65172d1d468187f436a88108,578,4,4,-3.050600274808467,-2.0473448887758323,-0.6060804638722361,1.8774536256971253,3.826557688038487
580,train_images/b200c23b299b.png,f2fdb8791f4e45080ad11789bb5658542d634761883463fe9bea5cd5668b3260,580,0,0,3.9210100100463094,0.7232689966900256,-0.3850474314840082,-3.2749889019417147,-0.9842570152075392
585,train_images/c446985355f1.png,7b4989b1b1300e55af757f546684945c12d5edcadd04873c27ef15229e28927e,585,0,0,3.1315757284309313,1.2268598342969703,-0.9591551290089693,-2.3868029286372634,-1.0124918876493902
590,train_images/1cb814ed6332.png,55623f64fa2881a1b80c321f710de228ade68e0d194b73918ad10639b0246257,590,2,2,-2.566336272684822,0.7493903904417429,2.30878788209377,-0.9615301142963899,0.46967377712187286
595,train_images/04ac765f91a1.png,c216c357fa59ecd728a5211694af6a5d18f398b4c364a779e3d6ce6f82cfbc0d,595,1,1,-2.737847562427749,2.9724902090800676,0.7380122692863851,-1.1727278235005087,0.20005859922857905
600,train_images/3286073a976e.png,f946e26579dce31ed8752334d8380a6914b71dbdcb0fd60c42d212b865514bfa,600,0,0,1.3854562413602345,1.0928665650284355,0.4215254581420371,-2.026645663937912,-0.8732169266302588
606,train_images/07a3be30563b.png,a1099e42adba1f11218b977d2dcf40108b8adf157f88b3307151cc5c04ab686f,606,2,3,-7.0519732521096365,-1.103893147143161,3.1377499943138307,3.5119519335689393,1.506150184277899
612,train_images/936299166bea.png,ebd6570376af00e57efa4d2dfbf0854d06aa875f6bd6edb8549f08dca258c0ec,612,0,0,4.647182061386317,0.470982266556085,-1.275314145459106,-1.9759842311503224,-1.8668803286426603
618,train_images/9b093fe95d6b.png,d26052c16a58e45ad7db9266772230b13f906a30ca165bf108a5b9f8a44256d1,618,3,2,-1.7232497921410115,0.39391038561083214,1.078339222424649,0.751334116880015,-0.5003482987163427
622,train_images/9837048b85dc.png,0d321ac07d8175e49eab3bb6acbb363abd6ffa0a92ef9672c75cddbb20d72455,622,2,2,-3.635945585038783,0.5254442800605545,2.5546437157639335,0.28991510093555206,0.26592817050283113
631,train_images/44f7f3ef9d50.png,da436e5e1c86bc7c6f99e3075297f9d9c7731ba20f0dbac30f4e0004398a0dc4,631,0,1,1.5221019673319631,2.079245031047517,-0.25012516909004834,-2.2928726395700822,-1.0583635570769032
639,train_images/6a91eb157f47.png,5fd4a67f1453bbac5f3753bbbf0456a11bc47bc3015bc9d848454bda34f8b330,639,2,2,-4.583854056021018,-0.8927016513750683,2.4289289233081197,1.5776216433590786,1.4699907914088972
642,train_images/2a7373eeb352.png,db6e51f56fba7f4bf6b9e5b0038a127cb04dbabdad39c259f01aa42cc4317be2,642,0,0,1.8394847636494234,0.8626181781347277,-0.14694103664912506,-1.8992532005258616,-0.655923070682392
644,train_images/c70d09370109.png,2dcd43fa0ede167ac271ee1a53fb745d776315de2ae0e84a0828101a1a063fd9,644,2,2,-0.37230544983689384,0.670613854121564,0.9992156057972901,-0.3470003533327457,-0.9505380158634678
647,train_images/d844a7252f4e.png,fdf42226ad7ee86691ab844a7c2f5a7a40cff1259d2824b396e2c125fed7020e,647,0,2,0.84029623085328,1.3223049730066574,1.4351719999228478,-2.5513739859222246,-1.046413543467994
651,train_images/ba2624883599.png,f7a4062b28b87de188dad43b8db5e581f4ac144fed195eaef7a8744245cc358b,272,2,2,-1.2193309819462357,0.3885343169242894,1.7492125222605701,-0.8851696200397985,-0.033260545034189404
652,train_images/bfaa0080ab61.png,1cafb8e70ff9e5b0c1ad5a6499b5f1f02b2699cd17d347d6b8e9c5c301287fb2,652,2,1,-2.5999982806613176,1.4282247999929396,0.7615746975166401,0.5744823541275643,-0.16429787374323102
659,train_images/2463bb04ebc3.png,851d4e49bd424badb03d2ec40d19f332e42754f5d6b687c4e4797386c4b520d2,659,2,2,-3.248367706457408,0.33210744786314805,3.351269816353714,-0.696785370851055,0.2617615126873323
664,train_images/27e2be850a99.png,afa1e8061240e58e7434666e6273a993b254ffa99ca9a30b02b7866d60b11872,664,4,4,-5.540454223214375,-0.3102585898063168,0.09422696628215266,1.5001117490253044,4.256359829035178
667,train_images/eedae6b28f96.png,9cf46151aaa23372d45b59915eb68a2dec47c5ef865330812fa11077d7768a25,667,0,0,1.838008206326311,-1.9454109111743794,0.3571717116026656,-1.3415062181374937,1.0917228108105133
673,train_images/55eb405ec71e.png,6c7e3df2db27274cfc23a443feede171d0fc88a6d1347c3496eb9c61423c8766,673,4,4,-0.7924499384530144,-0.7193719751140453,-0.15321389877161895,-0.46334629051527365,2.128367755966085
679,train_images/7b87b0015282.png,9c344b76aa0f68ae3934b2da00ea079961c1cccc13b84791b73a96fa274b032f,679,0,0,4.083479382209493,0.9731314662014761,-0.2157094116753968,-2.9405925970026017,-1.900323202839524
687,train_images/f5650eb52640.png,d3e1225f59f0f576351383894196e13f4adcaf10d88282d640f5ff6f42c3f197,687,1,1,-2.629619003919913,3.3122253191244297,1.5488381017931308,-1.6048920292372753,-0.626566711028398
692,train_images/b11dcdcbc8c8.png,86e235b8649c307ff6f378360ac28dbefe071e2a7956fd19783bd941e06b8a60,692,0,0,3.249979021317248,2.1302901545018607,-0.4093915034313236,-2.434261396071192,-2.5366306726371493
698,train_images/5c817060c0ed.png,e664c758b109e940eff630bb35ffc2bab55fe5be889bbe90eaf0ab517f2564ce,698,0,0,4.333618932383274,0.24257583375787561,-1.006210866182645,-2.5838271934340638,-0.9861710652791259
704,train_images/77baa08a1345.png,99bbecc2e026ba99886f58e17d9f32d6e1ee086e48f1a26b69fbde727eab4933,704,2,2,-1.5657266360897744,-0.5455192560604445,2.068547456834824,0.09033260563941958,-0.04764852737405212
709,train_images/4478b870e549.png,61dc794bdc6ba70e118bc3cb2580b58d716a019e06b38c5a2d400c250abf9201,709,2,1,-2.918063651963646,1.9409254412228378,0.7674781186077294,-0.02534351005628288,0.23498929371241029
713,train_images/7347f5133a6a.png,5e65355fd943a67be5890b25317e11a42afa858f5233bc91e0fcbb99a36b2148,713,1,1,-1.9587702617661975,3.256772690345475,1.4753067006926612,-1.2980034441947925,-1.475320023477594
716,train_images/bb45257258cc.png,c265dda2673557cfd9203590574cb0330999eae60f6f99f0ac3c032b13c6ea19,716,1,1,-1.4595791277681442,2.7719300947012258,0.36022530988176693,-1.8373182861140638,0.16472771638419625
723,train_images/0953c0ac1735.png,89ee07623edc358e3d2f734051166c6f3c8c842111ce0ad9a4cb14388ca51e34,723,2,3,-5.698182945214356,-1.2450085364127066,2.1228816816994343,2.728141106345678,2.0921543985884115
728,train_images/735836b1ffa6.png,8a3b6f7cc9578c2f138d94f9498757e7a15d515b1b1b0c2d98c57476323eb397,728,0,1,-3.575592225817914,1.979371910293029,1.6180052726535277,0.5624235837935796,-0.5842228107276669
731,train_images/059bc89df7f4.png,554fa5d81a16b1ccf8241041c2e271c93ad7cf70a9127e969a36d55ddb85e8f5,731,1,4,-6.65150851790046,1.4333673639832138,0.6138278120388467,2.0557949957319153,2.548504133470911
737,train_images/e387311a840e.png,fa4b7fcc51fcd44d8b9812fe28436289ad72880a758054f80d1e8c12d8942b8d,737,2,1,-1.1581710201725528,2.9991517902636353,-0.05312245644723834,-1.1737983770328642,-0.6140742473967656
743,train_images/f0e1201b5c1f.png,516ea7477b8b6c0a54fae04c8b038dcd5403b387f9563a38808931a03028c61b,743,0,0,4.673682265243645,0.3007607289512606,-0.9496923527048828,-2.065059148300909,-1.9597058358321457
752,train_images/af8aa32beee4.png,a8110e555a018bfa189e3995d70af457805bb3c3218b3c8be06e8485982844a6,752,2,3,-3.7243023451861603,-0.16253298330931543,1.0927074354489204,1.8748179957378266,0.9192956227722755
753,train_images/a476fd984005.png,c6b2e9068d9a77c452d9ed1479c3e5a469dbb4f26ee4a1171c7732260a6de185,753,2,3,-5.2467366032861875,-1.7510287284444424,1.530679447147159,2.819871322673663,2.647200222132742
758,train_images/175dd560810a.png,7a275ab3a497881a4fa92bef662c22f1acd481139a4d8fca3f5541b84b78fe16,758,2,3,-3.0682132781080007,0.4153258618234652,0.7713668284385033,1.7165842920178154,0.16492201874844015
764,train_images/bdff5d8bddf8.png,4090bb2a0e897d36f4882531d8a787c6106975faafa30e53d3d267736811be30,764,4,2,-6.043447902731508,-0.8419009799524488,2.5013786086255623,2.2421420904072527,2.1418138758439658
767,train_images/878e356c8fc9.png,af5cfee1fb6309801f059dcb77139d5b2a2421f648bd5e3144170a37d3134531,767,0,0,3.8462591018882186,0.4047019534162306,-0.44962619838114737,-2.3664357494492574,-1.4349134521193223
774,train_images/f00ce9b9d6f4.png,d51e771fbc781397fe32033f7fe32448ec539226e3afa4639fd7d4d25b0c2e3a,774,0,0,3.4203249586812206,0.3136147413626027,-0.07119030536320192,-2.8682855650839088,-0.7944781641269734
780,train_images/cbc2e57447c2.png,b1b6646175257813239a48c013065d101562b40cd6ca5d929e8d1116728fbfa3,780,2,2,-3.8784670238295575,0.6831682380823949,2.270570503269755,0.37241413285299174,0.5522998391906935
786,train_images/dbb2c63f6f08.png,6d6f2c8cfe840da57f5a42f195755624e6cd25573d1b2345a788965a2d4864f5,786,3,3,-4.741887892270203,-1.5647395149947414,0.9934196946660117,3.674715338482862,1.6384780914586616
788,train_images/025a169a0bb0.png,d8074b52b95ded42d68fae71f524fb25c24d02bf8969a40894db4a9a6262959e,788,2,0,2.289023813795371,0.9633300424187592,-0.4979090198016003,-2.2478657845474093,-0.5065934066254849
794,train_images/d26bc6e1230d.png,dfc4e03b7bf64b9aad94ae7ca97416daa56b566bdf15197396e0220797a9ae34,794,0,0,3.5462536784131515,1.5000743194352104,-0.3327745646547733,-3.093209955622447,-1.620357872934792
798,train_images/57f933d3d7c7.png,e6944ac4a6b1d6a0d34bbe498ddd0146b5d672b5fffe563081b8adaa1c174eae,798,2,2,-1.6223399743203935,0.618740990910819,1.807844635335874,-1.0052146190554172,0.20095461488090693
804,train_images/ec6f1797a25a.png,a0178618641fc9ceec78529a603a7527d9a43a6d9350b63da1019df4d8b1cb89,804,0,0,4.134793907183269,0.5492686239094517,-0.6670187642142675,-2.587186086738348,-1.429872048762434
813,train_images/cf6551521a35.png,9712c527315f8b295cd66c57a747fc912ebb8c5d5d6a1abce95de81853df2de3,813,0,0,2.479683619033917,-0.40558848239015965,-1.177653837110317,-0.7706796388745856,-0.1257760208465728
818,train_images/4ffa38550c95.png,5ed59482d0dab55a5cc3ecf2559b0590f0a12849675b0c059ded39d296e1e68f,818,0,0,4.743151190773872,0.010187531599198607,-0.8095640882489952,-2.4728950529124294,-1.4708939781103272
820,train_images/bd34a0639575.png,c2f2ddd59724be80c5801433af2e49fe3b41243f938b76fa1b0d4d1d52e40d95,820,0,0,3.7523246622176565,0.9026224536397365,-0.6009080502217614,-2.7467858048076996,-1.3072676158876324
824,train_images/4464bb62bf20.png,e8aeae7cea3c54760b5d416895438da5256e00f139f633d127265de020091fe4,824,0,0,2.7301522573726587,0.5868384360741885,-0.1423634353918395,-2.2632272535790143,-0.9114143661498899
832,train_images/73881f55a3ec.png,fd9342b6987d2424303b7df50114b124e27e7b3ae53fbde938da31dda3474020,832,1,1,-1.0652591708806511,2.522735202985924,-0.20736178076232448,-0.9282687340131162,-0.32185984829462067
840,train_images/281d7b7c7676.png,13febff0b05dd0986ac7125bf5da1f1447658f7cb6b42fbf84129db9bc5fcae1,840,4,4,-1.4136807554196693,-0.5674116813697943,1.2299224399149549,-1.0965716312355562,1.8477273442597082
843,train_images/8e4a354e3da2.png,6665d0d5129375afc57bb24044f2e0ef0310ddac83fcb7a8e475087fd0edbff1,843,0,0,4.2123529353542075,-0.497983263152026,-1.5707855204550754,-1.5652615814101623,-0.5783369210958603
848,train_images/7ed4128b2a4e.png,2f347bb41dc2815eb939a8d1c63b06334b9b1eaee8841a44b32d1f494f004389,848,0,0,3.7147211344726827,0.22765143135882404,-1.04455136927937,-1.9836428870552112,-0.9141926794712997
851,train_images/0a4e1a29ffff.png,12c41dda12a9bd7f0674bc886aa657e90b92174782973f2cd5421e8c8797d765,851,0,0,3.630385254152319,1.064931271230881,-0.9826931053931385,-2.4081697354953224,-1.3044680572512073
856,train_images/90a786abe58e.png,65182a80b31161954527866d5d5ce513c8da11c4c27fe79d732bac895db46162,856,0,0,4.246552189239075,0.5608915363470128,-0.6572312478398428,-2.600297591223576,-1.549929260401282
860,train_images/3b9c1f42c2f2.png,194e890db59ac0c1b92724436ad62e5f8aeda3333ed67139457ebfd9f3833254,860,2,2,-2.9944884179953526,-0.1832191546053945,2.125694121420328,0.17433336044861747,0.8776657788691744
867,train_images/7e9458de5707.png,a26714e8bc6050589b765aec85febf6270fab9b637b67efaf803f2aa7aea90ea,867,2,3,-4.030623012577607,0.6221398568148544,0.873416996327288,1.3437093720444189,1.1913424831765704
868,train_images/6089fa333013.png,9684c16349800d93fdbca1f171a67f8591bbca9be3c19e86a7baa668fc7bb28b,868,3,3,-2.503654436878339,-1.4919029993064221,1.4580641817505007,1.8807385225113986,0.6567403995353001
876,train_images/28f98cfe3858.png,53084a09d38e3c6e7cf21e88dc3b022706e48ab1716627091e8ba135b59a3822,876,1,2,-1.3191440016992644,0.9334083492104526,2.5183551312884593,-1.830769826440795,-0.30186397230608364
885,train_images/4d1cf360b2d7.png,d7cac0c45b547700be034c095c5f622f8ff0584382dc2df4dcca093cd3233814,885,2,2,-2.85259094572827,0.4216056435492188,1.8721874504165104,0.1687006600563894,0.3900828564474552
888,train_images/dc0f6e5b489b.png,733393fc3267c3287fa8df9687be61c84c481ad499a3b354d09f151c5d28c6d0,888,0,0,4.425163501802505,0.752460690588876,-1.362617701753087,-2.5964389150109914,-1.218581959193279
893,train_images/d85ea1220a03.png,aa6bcb0a2b27e2cb806eee7a39cd3de3a9af1ab8890b122547f3156fb2885708,271,4,4,-2.6816710672474535,-1.6692603473847551,-0.1959128965449599,1.823726922340537,2.7231030762745254
894,train_images/2ef10194e80d.png,026c2b7afb6345362d8568b7679c22e0bd46165e4d33fc568ae51daf463ae09f,894,0,0,3.8204488750808494,-0.4441901998931037,-1.4198600769518408,-1.3938746960475532,-0.5625382642342096
895,train_images/97d02a9b94f7.png,16871aa4f37d8d4663f924b8e5b0a952ff1791baac2a6af0cc70433ca23003e6,895,0,0,4.355393454033091,0.7093839281471848,-0.6785176965433513,-2.9514493561845194,-1.4348246910331333
899,train_images/a8e08e7fe016.png,28559bbed431c03cb96f7fc39362d4bfb2a0c598d34a25a8dd3a5224f93db8f4,899,2,2,-5.9293882707862196,1.3965196319700102,2.215299316446892,1.9100050641048103,0.40754994661218746
906,train_images/2d3f4094c08a.png,c32ef32795583cd3e14c1de9cccd7d30f17822ac815ee3d75b8372a4d2f3c2b4,906,0,0,4.279324186001503,-0.132975528420209,-1.2615853968329023,-1.2703490713712249,-1.6144285705337436
908,train_images/902dc5a91a3f.png,577f15c5160efa4749c45cd6ceb41b0d25938f208087e9f5b42b00fa537b39de,908,0,0,4.143787840624022,0.6768076851692548,-0.7775257075045872,-2.9051370755368353,-1.1379471129407008
917,train_images/7d11dbc1e738.png,0086b2ca56624f7150cc6ef7a681e21e1f99d88fb8c64ebe49ea85a8cc1177bb,917,0,0,3.7892548459050346,0.24578211038096676,-1.3400256215410726,-1.3984013374410251,-1.2966243875194268
922,train_images/a1822dd8d05d.png,fc71ec9902743c9b5a2c69191da456faf595832fcfea9b70ef9e55e6bf3f52ec,922,0,0,3.5308793625567,0.595229605034703,-0.2729632803076121,-3.3010693613838837,-0.5520906599632729
923,train_images/6f4719c6bb4b.png,49fe227c010210def4729f6c1d67090907d31d2791c3ec3f11196d12d96a9c22,923,4,3,-5.894589384132505,-3.8816643215419866,2.359895432277024,4.251576683185789,3.1647672741433013
929,train_images/72a867980067.png,35641ad82c7929667e415a42a23588bd1ea3ed8f2ec002ef5f5db6fd14119138,929,0,0,3.8322996475324373,1.3546284634056285,-1.0322377760026216,-3.066596558842747,-1.0881081256997525
934,train_images/549381330191.png,fdad2ad2867e2a39801872edefb9cd6ccdaa62e673aa24d6373c679d2bd4919c,934,0,0,3.7585744737762674,0.7079358619964626,-0.8756610605836967,-2.9321078495121284,-0.6587558000489376
939,train_images/a7b0d0c51731.png,55623f64fa2881a1b80c321f710de228ade68e0d194b73918ad10639b0246257,590,2,2,-2.566336272684822,0.7493903904417429,2.30878788209377,-0.9615301142963899,0.46967377712187286
943,train_images/5f51192841f7.png,120a8865d14c497cd15148e522b979fd3cb73c8a8c1d594c8ef9a973c288721a,943,0,0,3.4052460644809806,0.18152506737113505,-0.28355484160154454,-2.944645758212949,-0.3585848813520598
945,train_images/53c874dbc594.png,9aa64a2bd8f7a8b90244d89923765a2197f5569b0af4107718ced31f0f316598,945,0,0,3.521439020596457,-0.04100737313015479,-1.6292379847302865,-1.9228090357107028,0.07160101931961482
947,train_images/4029d70e9d8a.png,54d7371f6bcb8b6195da1b1d9f54d4608eb2ddc0d3b5c8a73526645cd2228a23,947,1,1,-1.763776394811643,1.4733051606626546,0.9071256862510267,-0.48075699312656095,-0.13591180282609838
956,train_images/587146a55885.png,fee1af21dca13eed52f88ba9d62aefe29b00c4d34e440d3b3f32bcdca470009d,956,1,1,-2.65139824572249,3.1296146689795954,0.9454068804207556,-0.45428482333133946,-0.969352807640451
959,train_images/b351ae99413a.png,f9e639997bc2f9a26a963c67bbe0a866591b22a9f83b39012996de1198715313,959,0,0,3.811314396158142,0.5900208044783408,-0.7835238510185571,-2.1632842865923596,-1.4545414279426399
968,train_images/5d5b5da5f939.png,69df3426b220ea33d73dcef19c0ddef8873f9a3278f7bb6b920385bbf36ddd5c,968,0,0,3.5023770694237157,0.5909928292443141,-0.23066229070070854,-2.6759442414743067,-1.1867777205441592
971,train_images/4b618537d52f.png,fb068ba83aff355e355b10b4e063af1b1aa283b43fd5b1933f94e9741466a4ea,971,3,3,-7.925077642904601,0.30854425196574375,2.223733284877761,3.228512382573186,2.16427339101247
977,train_images/07a1c7073982.png,0fa138526248a7a8518103a91e3055e2a5354cb07f058603202f3895434bada7,977,1,1,-2.045063466073138,1.5425011861566738,0.7291925732264317,0.2945306314861931,-0.5211753050318286
980,train_images/b6bfe9db60e5.png,39526c967e24444086db5e684d94d7ad8015392f4182eecc1d3c0da2a66d274f,980,3,3,-4.478805922486689,-0.20043204457207509,0.9856744442747241,2.503811217664726,1.189738001669801
986,train_images/f7fec8935126.png,0757c37cbcba8f12c151f2fcb14338cfd8a3726ad497e96ac51838ef29614644,986,1,2,-3.956132038696758,0.3424168052241061,1.4713542681299017,0.7562724830587744,1.3860741688659513
988,train_images/94b9ccc73bb9.png,2769ce838822081b775304fd42059ae0e190ced82fff1cbc31549f478d0dd361,988,0,0,4.192341822815241,0.1673721829755319,-1.1486892129802366,-1.7780331370398903,-1.433006031331486
992,train_images/18323d8f2470.png,283fab3566d50532178133446e3102bc12682a2016f7183444e322aae02adf0d,992,2,2,-5.251496705537463,-0.10411266760264404,2.4960819458292,2.272618001773891,0.5868951453240872
996,train_images/e811f39a1243.png,501faea37ed633ac368ce5d8369c96d6578f9ca62d395364ceabd1b3034d9d07,996,2,3,-1.9457427403429577,-0.632820305988469,0.5446606877276583,1.2905308582547086,0.7433571499677405
1002,train_images/19113e5f45ec.png,af5743ebd0a40f68404b1044ede5e50a3f8506a5f7e81ef07b8e4c7f07fdc037,1002,2,2,-5.063672539574672,1.059268584942819,2.227704025245022,0.002052615687626158,1.7746330386162428
1008,train_images/cc3d2e961768.png,47f9dc0e2ae6c260ebb4a796acb11d26f152fd8a81a5d313402918ebb60749e5,1008,4,4,-6.3260947993517895,-3.3678439730166723,0.8346805404896811,3.5881211755910627,5.271122694817612
1013,train_images/3f44d749cd0b.png,fc12c65aa6207bd74cffe19726cc3ee11d371f54e3bf019919df3b96d99694bc,1013,0,1,1.140986912796759,3.365352645485398,-0.36307808095781535,-3.506709504527227,-0.6365662916823585
1019,train_images/5a27b9b2a9c1.png,1b1d76e303d047ab1e7cc3a2ac1b2ec7665179db0f49c3c854f8ee03d7032877,1019,0,0,2.6850342743561235,1.9425176049864277,-0.27354814447998876,-2.876715107815059,-1.4773029847897603
1022,train_images/d99b0f7dd9b9.png,a7676ed7fe931fb283866724a649f5d85a536a43ca90917e2869d7d9b55aa883,1022,0,0,4.286123753378607,1.154376608710642,-0.5227015284934744,-3.3446819335939715,-1.5731312599047316
1030,train_images/ae20112e7a1e.png,929f0de355a97e197153f9f737db6b1914c5c76164200f5718367f999cd0e011,1030,0,0,3.9666204711262942,1.5560812615047563,-1.000690280406069,-3.0547527189018853,-1.467273118812691
1034,train_images/60e269e3e188.png,2ba34c9b9ceedf72cd8f15642cde92043972ecf68458c5315c5c556ef19d0e25,1034,2,1,-3.8199376816012958,1.0531097728813474,0.8469482341701787,1.0188433893019742,0.9010219744909502
1037,train_images/7e70344b0c25.png,f0060f99accea9b7121df48521021855eec9078285d8ab6ae7dd4df8c24df410,1037,0,0,5.217825468852187,-0.4277776236207629,-1.8065154609696297,-1.953583626132442,-1.0299631313801885
1044,train_images/5cab3ef4b31c.png,cae2f990107df8a8c49b4cdbfc844f45ed270f7846e11113a45f1ab5d52fb750,1044,1,2,-2.72918329920288,0.9422621430239886,0.9488565417868803,0.8883498499560929,-0.05029963201590437
1048,train_images/4ef7144e24ff.png,0c0b490623672929be5942f45ba22dc067d806d23271a6e0dab4b7bc2b0a4268,1048,1,1,-2.2150454292341664,2.2852277888388492,1.3886357936804097,-1.709818405006482,0.25098594263953955
1053,train_images/780be525036d.png,fc67275378c2f8f367cc0e8d4752ab8f5e26af74e1b69e413873473c14cccadf,1053,0,0,3.5615490979222777,0.9078659330122463,-0.7448368105025955,-2.8241938471048993,-0.9003987570292764
1055,train_images/de55ed25e0e8.png,0f6dd3826eb347eda705cc65f1641cb00543e417484885875adde533eb037cc3,1055,0,0,4.0693059122617825,1.0093334870965478,-0.6996606426209437,-2.911690496898162,-1.4673026199888786
1061,train_images/54cab3596214.png,3686f562c7264f2489ff6bf94259ac24179695d3612517bbc9434dd925d4ea12,1061,2,3,-0.1930239883003395,-1.9727080340306085,0.8210324187041715,1.0465951775352895,0.2980901069568256
1064,train_images/a88f68b0b114.png,27243104b004af81a507cd155b1e1acccc193fc34ffe8e5a3298a7bc1cd3ae51,1064,2,2,-2.955387416961184,-1.4837091823330883,2.245002515016191,0.6385721815758636,1.5555075929499962
1067,train_images/0981195eb9fb.png,82cda0528444be453760cf62c8adc0bcc083365f6ff271a5520c452d0ff846e0,1067,4,4,-4.684860418906602,-2.548535043802538,-0.3577482045147784,2.692755588345431,4.898373781392385
1069,train_images/8f1e7433a95d.png,975d3ae21b7a64bf5956fa60670120ed44fadc37da0482a08be9021c0f3e7e5b,1069,2,2,-3.0785449759367047,0.576287318780409,1.6332101033014528,-0.5755861639605087,1.444619408524634
1077,train_images/613bacb35c05.png,920b50db0f8d6e73569b7ad6bb9113565fcc3fd102662d3f009e0c74a70ea41a,1077,1,1,-0.7655588375781335,2.6200923234132354,0.11089687609500976,-1.1845292365366609,-0.7809154313360852
1079,train_images/c597ef460944.png,2143e28c67aa065efb3b279c4d3faf844622ad00af999b066f50807b0fb6687a,1079,0,0,1.8976627772788461,1.5451498474458596,1.081577194608356,-2.342924544698664,-2.18147962864863
1088,train_images/8660e1864665.png,1d8b250995519e38f09ce6594db3167c03e8b8e4086c61b2f5bc4cf4c48ab6e2,1088,0,0,4.117885705510471,0.31338457109144535,-0.7159432507891075,-2.335891737690776,-1.3794496487353238
1094,train_images/252305189b3a.png,04c2d9b6e49414fa3d1ffd1fe9dd6fc91134d4b5c97918baf5bdfc9bfaf76b60,1094,0,0,3.779840814146663,0.6435791100448824,-0.7449174952138504,-2.493029994813739,-1.1854867978950754
1098,train_images/acf976efd7ce.png,489a6f2ccf80b64b9a3e2ed417f8026e2ff1c2294ff62a11f8d1c73012df7ca6,1098,0,0,4.662139946912944,1.044120786958695,-0.595923600881624,-3.0330180549386236,-2.077333436935402
1102,train_images/92d9e9f08709.png,1c8dfcd69b397e17802e0510895c5a76a2c5323dd6da093f62c54c597a252e90,1102,1,1,-0.8964069411955862,0.862830253878256,0.8229375763163993,-0.3809044230187961,-0.40847083301553533
1108,train_images/9b4fc15df3c8.png,f2f01219e8acd776fe3b01aee1812b18d0348e3bfc1112f674a02bda51b799e7,1108,0,0,3.71971976468992,-1.0410192080851939,-0.9447714341003266,-1.424162355427809,-0.3097811739767917
1114,train_images/9e5737f771c3.png,e656821ea25ff6addb3050e1a82044dfbc71e6b228b729c983eb3aa1f37ac090,1114,0,0,3.3057573368576385,-0.03845593109576484,-0.9935734463955699,-1.2474905727452459,-1.0262517316316795
1121,train_images/f71333204618.png,0253c68cd5363f38d87246051fc98648a1dfe57f3381ac64412a8277c095ee0c,1121,0,0,2.749578211968558,0.8420321928999446,-0.09601818128136608,-2.140359171968986,-1.3552474056392387
1125,train_images/ca7570c5925c.png,5f740a2f8670eaca8e451c6eef63ffb52f934d67dfeb0c7b1f941d85127e64d7,1125,2,4,-4.791731845503804,1.2789254604176676,1.3771626230071898,0.5776519333003396,1.5579775367649047
1130,train_images/5d9c841eb245.png,55890e2a0f10bd5c94c4d0fb3af4c9f48804bab5bad0da48fcd8313124dd6551,1130,0,0,4.9245684959313465,-0.9030208637105535,-1.079355048216137,-1.877441177316654,-1.0647657664471564
1134,train_images/1b4625877527.png,c2910f0d9fa83aa40d7de032076571b487b423f1104ebcc233fc4adea64eb572,1134,2,4,-3.0124936502172517,-1.2889928885049056,1.2671899823275425,1.41021005542272,1.6240722000107644
1140,train_images/b9fe7da14a32.png,9ca4b9486c1144f34e5eaafb3676d9e70795d4835d65e168888b8f6d1d525843,1140,0,0,3.843630550013444,1.023377179825788,-1.2567483532902455,-2.6375488047105167,-0.972724921343892
1143,train_images/3cd9713c0ecb.png,f4b65f893ab358583d92f6895cc4a5f3b170cd66740f841bb413988700961996,1143,0,0,3.5502342061922434,1.2612838567180944,-0.5207521233114454,-2.3816129363315772,-1.9091673597635017
1151,train_images/5633ced07d8e.png,96b8a33e7ad5881085838494e5f07739ba70d13d411edb3d16e6b64d9e025931,1151,1,1,-1.7606927795694247,1.8297180066523495,0.7674870435919681,-1.1203084158947672,0.28378187180748604
1156,train_images/55092c0071eb.png,70f95bfc5307e933e2967e8d6e28dbc2e3a7beed67403dd35056bc4a5db04fdd,1156,2,1,-2.020933742061114,2.8681786988409677,0.7611619964383669,-0.9044521778369665,-0.7039690901196699
1162,train_images/050bb1eafa76.png,76e5b132a3ba2ead489086abb685500def5a3f8dd7594aefb4023089b121e140,1162,0,0,4.6899366757559235,0.09335859663175228,-1.2455128490122243,-1.8795447661190714,-1.6582520211411882
1168,train_images/5069feccd866.png,9bf42bd16a556775eeaca02212b8f8fb71d127a2f1027c33b202b10a09d6e5a5,1168,0,0,5.1155985735333545,-0.3949653781607694,-2.0276325896319523,-1.8235240411052889,-0.8694909333869856
1175,train_images/e4a44f9158dc.png,d23b8d9543062af6ae385fbd8a164726cf7dd16f61167328e3b8e076dbdf04a8,1175,0,0,3.8661239641632825,0.5666163149434329,-0.6343913053363788,-2.3239334356466,-1.4744299035225825
1183,train_images/bc8c6a778cde.png,580e9006b762d775219df1002c90d827f0b4d922986b7bd239a585033cf0d1af,1183,0,0,4.273328917500521,0.12254516232643908,-1.1627279899579461,-1.737896827394537,-1.4952636300097393
1185,train_images/89d9c071a56f.png,4cb61161b1e5dc6ac30032b86712b7dff61b5fa801a2566922f421694e677516,1185,1,1,-0.6663328095356071,2.8150432470881412,0.5439743106244099,-2.3269155744657777,-0.36578348674424
1192,train_images/84b79243e430.png,57318c4b350258740ef0332d5ec353650356867c083c3b8e3ce25b1d66fd9a31,1192,0,0,4.321405864459869,0.862165255170547,-0.4474598085718666,-3.2455554301759157,-1.4905702428044316
1200,train_images/d38cf0f4a9af.png,b66898799fa443fdb53c046a5cd2ade6ca7133c7bf89eaadf125cfbefcdad161,1200,0,0,3.2169602058456555,0.9328100533525774,-0.06238332354621856,-2.4547974544983244,-1.632603845182449
1205,train_images/65cf00be6fb4.png,a7335bfabc9c0f73b0c9ac338d441e43898d45c39b6930c1f5dba8bacea7edf9,1205,0,0,3.9964252917691603,0.5632052011190876,-1.3096787031445776,-1.824186430331621,-1.4257797318780108
1208,train_images/9b0eb9f41da4.png,1325ab16a9e88dc788c77552e43931fd36ff0257f8b1be9b7e9af7016cee39f7,1208,2,3,-6.91709408077412,-0.8172942049861227,2.9822507437043395,4.0175704608140155,0.7345527770227096
1217,train_images/a86128b601a7.png,60af7fef5d0b3bacb78eb816193e706536db9546cd8230f20ea8a8e76f7f7ce0,1217,0,0,4.625552121239444,0.919590140457279,-0.740584854425733,-2.950679615121217,-1.8538921553362044
1220,train_images/5723d0ec895e.png,d8d46aa0908ef3d82a5ec34ace06ccbed64ca647e2bcbd330a7905e85cd3ce49,1220,2,4,-0.7910119632933004,0.1716746432690961,0.20075490820595343,-0.12253774731838085,0.5411058275919052
1224,train_images/18cde9649e90.png,18bfc8cd46eb4f6d333152fe08f5a607a0f2cac951aa5b84c29f3c9353b638c5,1224,0,0,3.9986497887940153,0.08057261146064221,-0.5408466099978275,-2.1173470686597557,-1.4210430877917608
1229,train_images/ababe19ed448.png,2bc327e38d950fad243927d304ea62795478d069ead52a11cf5e5c693e42958e,1229,1,1,-2.4742024309077983,2.7072134952494267,0.8110132597753633,-0.7700701858630419,-0.2739685069616664
1235,train_images/857002ed4e49.png,1dad7cbc33426f0db3af5629ebc9e043ccd133b59290c047f274e3a625f55eed,1235,2,2,-3.6030709663950624,0.5861110741559763,2.2063118024238184,0.1059769001076134,0.7046568569504292
1241,train_images/cb602182cde3.png,ddb1e1d97941491d746575bc8232a3b9a3e9db436c49102788cd86ebe728201a,1241,2,2,-3.404650122323236,2.1979107967910814,2.248943284604432,-0.32775086108058193,-0.7144674148173803
1248,train_images/c8905b8d5cf1.png,3de68dfc1970c33bf68376c91561329a157d869632aaa2cf50e94a6b2be3a4eb,1248,2,2,-4.706042877704881,-1.1928970193157014,2.7020029025622065,1.4934634197411274,1.7034592327717286
1253,train_images/a93f1ea3ff4a.png,c13e7eb278b3ca91fecdafc1398a792e83df58db7c69966a12193e6930425739,1253,2,2,-2.139626585917078,0.4762244331719021,1.7131979224104639,-0.6599376270314661,0.6101275484140634
1255,train_images/2221cf5c7935.png,689616c356651247dbbcaea71b7000cb55af3ac0e0ae6d4ab060939bb2d69c9a,1255,0,2,-0.1971955167259445,0.5014722183216005,0.7438414685137369,-0.2707112329541008,-0.7774212972159811
1259,train_images/a8a6588c8eb7.png,3955d3038477fd15c6a22a83340ac0d65a21bac00b1ffefef335bad46f2889b6,1259,0,0,4.220701045302214,0.1545246202003394,-0.938019882962116,-1.9278824641633339,-1.5093376853955411
1265,train_images/b9519abce0c1.png,a917f2becbb1966fa965c9ad9a7e4c5d9e02f13eddf1c94e910be9c207e99c97,1265,0,0,4.160818714374297,-0.42470091580532987,-1.2986356034792559,-1.4224885553246729,-1.0150079882908387
1271,train_images/26d60db3bbfd.png,2e15ebe49faeec45be4b4b3d8b577495f9848d12f5a087c7874331a9c47be1a1,1271,0,0,2.998451681317576,0.9481255761955918,-0.18542005752306423,-2.7720193550541783,-0.9891522034621363
1272,train_images/976082127e2a.png,0f241ee74849cc6a59eaece8e6a4cdd4a05de245e8f65a73d977bc8a25a3cf10,1272,0,0,2.877367044858236,0.36787345734372856,-0.09854290537065946,-2.3083908450610764,-0.8383211043048623
1275,train_images/8ff863f8874f.png,c13f3768256e87d0f75fde691e17572f6a9b13a98040e180d94fed22fbf8dc15,1275,1,2,-1.804810236900643,0.5268789314364746,1.7095967622677193,-0.5601461129555618,0.12846631309213152
1280,train_images/3dfc50108072.png,1acec393a3edb9c91be8c9fc8322297ce5efd4974532b931bb16b033a58d6d59,1280,2,3,-6.632697254170278,-1.5981943184872485,0.7801681143731236,4.288151459357717,3.162557754265026
1287,train_images/b50b30aa6e6c.png,5be08103670fffd106198148dec4859bd0747e609afad0da41e858af17732ee7,1287,1,2,-0.8345680470871137,1.4842558377051827,2.05687823909171,-2.8401856462218165,0.1336052725040089
1293,train_images/9a3109657ac1.png,db56784b762de05ec1ae3f5fd0f471f1462246050a924a40fe1c179bd4c022c1,1293,1,1,-1.578970712033449,3.8143552748597607,0.8994932979045569,-1.899534317854477,-1.235357880072435
1304,train_images/959bb2d01091.png,551faa3ce436dce81d5470bff0678f351819f8816f3cd0f3fd8bd7ee20a70ff8,1304,0,0,4.306793278154501,0.7930841671431068,-1.5502159207537973,-1.6069167346259912,-1.9427591534570934
1311,train_images/7ee6de71c140.png,9ad89af8b5fd14207dbf845f1c7ffbd1547c2ebc9b535ddb66172af67f8a2317,1311,0,0,4.064619695324506,0.5736552755952342,-0.4441350086143374,-3.218774227928866,-0.9753800894763768
1315,train_images/21d18b022429.png,9879f9de7ac388fa6cbcb0225e36ac5b6f08c1e49d1a9dc631d11ebd063bfd13,1315,4,2,-2.9970294557239257,0.20524205132737272,1.0763962575840211,0.8959419399163728,0.8194348560710956
1320,train_images/785777558f05.png,4f982d65ce5bc1a61fbbfa2784d06f1f82193caa11424d8a70ac972edf5b070c,1320,4,3,-3.4473140431511347,-0.037562636434431695,1.2865605619579976,1.294861280396562,0.9034405256720568
1324,train_images/aed4e743c230.png,ce05f0e9c4272f1104fe2cb4df020f92b2fe84654bda9ec78a8df00406dd4be4,1324,2,1,-2.676899217151977,1.809790868975588,1.0842212140887286,-0.0006992466176001244,-0.21642793967933827
1326,train_images/d16e39b9d6f0.png,1487a147691df11aa38895f6502ccebdd6bead66ae960bc974c4f7157a16d893,1326,0,0,4.4311713450976065,0.10513422213557533,-1.5178798283292614,-2.029591315813888,-0.988848794276336
1328,train_images/9041eb43456e.png,dc12c710d492b7182b0bcec8fbad931be409e1832a9fecf628cbbd4817a3b75a,1328,2,4,-5.035567010171906,-1.4544430338503087,1.3435826373170265,2.242707787313668,2.9037053232842407
1334,train_images/b7bd4a6627b6.png,d113f8cab449b092ed1a47cd832699bf0b64069597cc9c327459e4ede9349a29,1334,0,0,4.188728242367361,0.70836443539622,-0.45715774572393997,-2.80911748859213,-1.6308317873256741
1340,train_images/01f7bb8be950.png,02fd7bff6b85f8bf7b6904c40c0135391ded73131a4aed060ee55195ca3bbb71,1340,0,0,4.984189392649949,0.07758295902871737,-0.5870332914763727,-3.099779433998469,-1.3749740515174507
1346,train_images/29f9e1ac9507.png,030b7fb7cc1ad46acfc54736b6c524f03159a0882bee39468d4b125735dcf73c,1346,0,0,4.268525500067103,0.5028363231573572,-0.8494635934272594,-2.0966211504845553,-1.8252914390764121
1352,train_images/3044022c6969.png,c216c357fa59ecd728a5211694af6a5d18f398b4c364a779e3d6ce6f82cfbc0d,595,1,1,-2.737847562427749,2.9724902090800676,0.7380122692863851,-1.1727278235005087,0.20005859922857905
1355,train_images/64fedbf97473.png,b3aacb848b2f53bde1702087130b84bf5473a61568c61f19bc09c46e8adc46e7,1355,4,4,-3.6985255568572377,-3.0504986387237594,2.606207784749264,1.0470844860047652,3.095717605520333
1363,train_images/9e3510963315.png,ef04949aea7f984e2f5c2849e51acef96e231694dff257dbf8c2d5fde4b90d7c,1363,4,2,-5.798913758749741,-0.463636207726033,2.6643197249360204,1.48672800186535,2.1114879486197258
1368,train_images/aa4407aab872.png,44a2a3b8a90a3585f925f7c090609d34a81c42af4789a7919f042309c7f791e8,1368,0,0,3.6411053187802516,0.43599962096374156,-0.5207295283223337,-2.3501276246935365,-1.2062621466611447
1373,train_images/b55d2ddb3e75.png,4c2cef100ec0dd1ab124011471bb0c2777c59c28b0bf3ed888989e78fdb50b75,1373,4,3,-7.090816567360175,-2.1465250103914926,2.5291027168913414,4.083096043100991,2.6251285404248748
1378,train_images/172df1330a60.png,60bfcdb5bdb568c7795e56bbd9ccf9fead27789709b9cdda2c397915e76e8c4a,1378,1,1,-3.5548534470547786,2.359341729097075,2.313204889467967,-1.3829673346905533,0.2652598697875952
1382,train_images/1ab8d3431ffc.png,e8d06e83907ca8a1b58d18cdec722649dcfc7a67be99539c257e032697bafd42,1382,0,0,2.2778245905678887,0.0983254788960668,-0.6925293635927128,-1.4047292557222226,-0.2789058238753508
1388,train_images/f252046c0fe6.png,87ab6942de3bbaf42e7e005ead8ccb1e9aac4d19dd37293bb1533ffcd270a1f8,1388,0,0,3.082428362468992,0.2694986996773103,-0.18202639928597364,-2.9761498606145764,-0.19376514172238846
1395,train_images/5d3c8c1f57da.png,b0b8dd929bd215d70eb85ee7c1089a87803f7a984f2cf1ed1172fc72170d9bcf,1395,0,0,2.360245201564961,0.884529515500482,-0.5185358425113695,-1.923359061850472,-0.8028941500593767
1396,train_images/b187b3c93afb.png,ef04949aea7f984e2f5c2849e51acef96e231694dff257dbf8c2d5fde4b90d7c,1363,2,2,-5.798913758749741,-0.463636207726033,2.6643197249360204,1.48672800186535,2.1114879486197258
1401,train_images/966c07831334.png,3cc12bfc9dd9be56c4291d85be6ff2f690d1a7635bcd59eded966782e980a674,1401,0,0,3.617905641039286,0.5288244274905018,-0.5697127695289472,-2.26117192585097,-1.3158597319838323
1405,train_images/7f84284598f5.png,934250102f99a549ab74785d1db28d76d1bbf5e5ba32889484571067aa05088e,1405,2,1,-0.5792133368007875,0.5642052698928968,0.17369330780447667,-0.2181669924407652,0.05946740564505637
1407,train_images/4a05f81b3aba.png,6422610640bf50835413067b52de6daa2ab3e9f45c4bcee3b2c34f20500b8e6a,1407,0,0,3.0154420136717732,1.281318836029044,-0.48729298629751927,-2.4370778662475736,-1.3724043696704245
1410,train_images/dce73d90c00c.png,3c85e2348f81adb04696fd1a02f8a2bd72243d9bcee16a8bc25e87891100ad58,1410,0,0,3.6274343898301815,0.9241275205573327,-0.7580588071588532,-2.7102782894715958,-1.083239181308516
1412,train_images/4cde86044ad1.png,44a4546a539d73a9d9a4c11a43b343b81ec9cca48c04ab0ec5e4e65b3920c4f4,1412,0,0,4.071152988094298,1.021933867154086,-0.3839723187208346,-2.975325188133377,-1.7338037079249382
1416,train_images/e16af45285e5.png,c7961ba86f95d889dd06278e60d1a93e74ad834d8a5aad79b5c8a25c77c87110,1416,0,0,3.625412299270785,0.4201005970737839,-0.7607779568877087,-2.438575915864858,-0.8461733764778777
1421,train_images/6d0c0531083f.png,7041971d07ca235c0aa3e6eac594bb3ccc1e6949fcb78bceb0308e3436c8ed9c,1421,3,3,-5.611588099855918,0.18990345890678384,2.2113680341255284,2.645100278999516,0.5652020125808139
1425,train_images/e2a47a74e6e1.png,32582e703f20ee084a6741399546c1680be036e0205e54c07671cac5eaece8a0,1425,2,2,-5.4917345561893605,0.007989295055013557,2.1386301642389713,2.1223945470885983,1.2227063110618
1432,train_images/c40976189f22.png,af0dd38e519befd8e4c1f26618602575b6c45ae1dfbd1b0d28eae7cb90d74c80,1432,1,1,-0.7804284896853915,2.96637768792802,0.5516292890497372,-1.248062057651322,-1.4895307803313593
1438,train_images/91b6ebaa3678.png,e7dc7d1cb41b01fc6784700a42e961176a2ca8b95d6d011ccc85728232ff0678,1438,3,3,-7.388794510186333,-1.881370912343355,3.054926323081206,4.189239664225251,2.0259851612700324
1442,train_images/db690e2d02f8.png,55c12032bbb3cb4d138bb6bf879b1ac9ad2a81d53f6b7aa9ff22feb5e5a3b43c,1442,1,1,1.1472689484866905,1.5167604436091402,0.8071150075046372,-2.1908703641813414,-1.2802884017338996
1449,train_images/f8372e80f731.png,814e932a010f71171bb08f1d7d54b63e35757d372666ba8ff1333cf474f5ce95,1449,2,2,-3.3775736341337,-0.963892546483569,1.6083289332979462,1.1310659744355949,1.6020569471879877
1455,train_images/bb9a3d835a94.png,f1f5b7c4d151b82d90a51343d0cb4173704513f6ab8967c314c0709fa7d4db60,1455,1,1,0.7411490096939808,2.3747481269323103,-0.00731354263189532,-2.3758550367818643,-0.7327428366259023
1457,train_images/bcb0498ed2c1.png,4d2695db2283eb0196261a5f10835f3f8bcb52717569cfd9a31fb5cefa23575f,1457,0,0,3.17577838808446,0.7380779803938271,0.29473044580893126,-2.6195772305400524,-1.5890239503627877
1463,train_images/d2c2f02bb313.png,0b79765f39764766e34309b038b9e5b0e355add223c40bb9e70ef7b08e73684f,1463,4,4,-3.1458866704669006,0.6219434695359389,0.03749053035779415,0.22530999890004288,2.261128367026711
1467,train_images/a821b6ecef33.png,234652657b3490b8eeef65a6cb915de3e9399108d5c5e5f34e0cc3a17148702c,1467,0,0,5.121908541903032,0.38382734694838305,-1.499511571725702,-1.8500942466204764,-2.1561444394793994
1472,train_images/d6f6bdfd8011.png,73ca7a3eaedeef1b293439b9c1f8f703663ada8ff5247bb813a8d75e4bd4aa33,1472,0,0,4.236219760045994,0.6420978072065537,-0.5171907103195235,-3.35382955690646,-1.0073116573463874
1479,train_images/1cc58b15f466.png,729780d65c747bb38b41bb839462c2945ef2dcd2c7fd2b32822033147183c298,1479,0,0,3.2675512155447457,0.3036086878825852,-0.38808003785410783,-2.2024006179829563,-0.9806936231438854
1484,train_images/4f6abc40c72d.png,36f6f21821c834eedabf9c7e9c30380ecee208ae1fe98ec40f46ab69511a714d,1484,0,0,3.3202196967207556,0.7740529816223063,-0.5728743413309636,-2.441232088684374,-1.080180636912226
1487,train_images/8f9819752ca0.png,b8f0fd4ee87f38fa9189ab629a9c4389dbb5e601b2d1b3adbf272263496398d4,1487,0,0,3.96019139522609,0.9089354788146853,-0.7354182880559552,-2.4511102062722276,-1.6826127404492714
1494,train_images/3232b34cbe99.png,3a0740cff1788e43c7a31925a9544e0986f1062f0141590eadc951f6dd413173,1494,0,0,3.5775581516689243,0.7930907455588496,-0.33349299807964705,-2.77536888895969,-1.261801379969079
1501,train_images/94145d1f42cf.png,9e593d8af55edfbb3ec976e9704aa80c383962e326131b033bad7c119e11a7fa,1501,0,0,4.80893818467592,0.1713515236795864,-1.6356006800265193,-2.2763549052897796,-1.0683485072049528
1507,train_images/686ed1dbae20.png,a70862cc4ebc808930d355932252cd1751927fadcaed25972f74edadf65d8fb6,1507,2,2,-2.4035576929718836,0.9436317074277767,1.469269424607862,-0.85529844417829,0.8459406696212919
1512,train_images/848e66b9e199.png,14ff57e24e4768429e4e5ae1e405c550d0d301700dee4f033a43c3aa2761869f,1512,0,0,2.7544070602539215,1.6206132584443775,-0.23347697376405563,-2.3455564112743685,-1.7960012827623275
1517,train_images/496155f71d0a.png,4d4ea272729d76d38b905285adaf0be8d0cd17734111ad40dac0bde6e849ffad,1517,0,0,4.773062164958279,0.9648192584176449,-0.973040097065418,-3.0495900078159206,-1.7152656771487587
1523,train_images/bebfbd907cac.png,40a488e90cc2090618a7d6c54f09d55fe2d461b2af499f9fe657683fcba01d28,1523,0,0,3.595392687607678,0.8708703581290731,-0.43184784174684765,-3.0671173048100613,-0.9673122508315422
1529,train_images/27bab1432f61.png,42e4ff7c9f9c1a8390f9f11323579baf54afa9eea580d470f71395091e098292,1529,2,1,-2.5940337004585885,2.1181601777564936,0.40136229500524356,-0.21111384578856107,0.2856107425637504
1536,train_images/bf7221a016b5.png,863730b974cd8f72791b1f5e64386d2435e4b576411997f51691886f290a189a,1536,0,0,2.7835589488906507,1.260196419372349,-0.2870874025705987,-2.402180043553317,-1.3545022415395105
1540,train_images/e47770a2e5d1.png,19598e087cd8726ce0ce806d6efb9ca547f8561bff47c71bec51a5193a2770f2,1540,0,0,3.1935340840472293,1.193898130652892,-0.1705941514489382,-2.1512898887302505,-2.0655625561094855
1542,train_images/76df141d966b.png,b3a535c195827a1df62e123a94f4ab59a694e23eb80991dc6d32660be5f0fd9a,1542,0,0,4.483193400460653,0.14431614652417757,-1.107380892472885,-1.7464314555249851,-1.773711569792841
1553,train_images/f361060eda3e.png,83901f796ebeeeb5c39d82f78a3c52c55e49d7b9f5a0d0ffa54c20629816de1e,1553,0,0,3.964584623245603,0.7044504174726054,-0.45740160407158825,-3.193977203724538,-1.0176705788206148
1557,train_images/4384fa687afa.png,7f5f7d59ccaad9245bc54b769291b20440d9a2d11a82605484855051169863e7,1557,2,3,-3.5213519448859856,1.0433645755456062,0.4049316167492938,1.6918724777153908,0.3811689484141181
1562,train_images/fc898dfeb24f.png,f81074c25369bcf369fe740ff09407e1943f9178fc5ef6529113bcde8c666862,1562,0,0,4.850273187269853,-0.49873468963599876,-1.3324812235242702,-2.0143506709963814,-1.0047209640979928
1568,train_images/8dba09a4e5ed.png,a14127138823212b734f721e1370241422986c51861ae4e6649183299353b122,1568,2,2,-3.674713127938098,-1.5287182461758952,1.9653507697682255,1.4474326966126334,1.790633601624775
1576,train_images/1509d097b69a.png,ddee0f52f7aefbe08916b627e2caaca3db978e89f6668c571152395b55b146e8,1576,0,0,3.401237183210185,1.0224194058955476,-0.4001837331239462,-2.728203543433792,-1.2952836756477597
1581,train_images/27fca9f12b3c.png,9cff705027877c45e41e78a012c239a0eedc35e15a90127ec2f249fee6b0e833,1581,2,2,-5.849204834664647,1.4226798647349383,2.3069195724194804,1.248695980957141,0.8708951512255161
1585,train_images/05cd0178ccfe.png,3bdf18996ff9f84342287e337edf432a9a46fd95e03be8ec32dc3211f00a2f15,1585,3,2,-5.04063280596672,-1.3315109645202376,2.6660802817828753,2.0955305708913325,1.6105186588958125
1590,train_images/3c9529918097.png,6d01fe4ee594f8b803fa416739c93e045df9168d906480384f5f41d1e82d8a06,1590,0,0,4.251696445809383,1.3071170638162979,-0.9125414840774759,-3.495997334606468,-1.150289058025896
1595,train_images/3a122851e526.png,81ff49d7d8109ffa5351473076b38bd5afd80aa15af2e2ea33428c29ca3af456,1595,2,2,-4.112114752158181,-0.2144938594006689,2.018512534783428,1.8948034246841772,0.41327833066778696
1598,train_images/a2d349f567a6.png,8d820c5a206b72ecd9c93e962e857ac53321f0c470f65379ebd8a8c4b7e66cba,1598,2,2,-0.052472608399199316,0.7142950730378086,1.0206524868960742,-1.1673004466376389,-0.5151888727492897
1602,train_images/52ddde91a349.png,bf3f16a9921c2657a7957728cd19202785e46a1e0d3bae5368ef24816c5cd34f,1602,0,0,3.8053203830622735,0.696450050465188,-0.40266392021053754,-2.553839918051092,-1.545280928173185
1610,train_images/b74de20d73de.png,813f44fab26d3bb8380de6dc2ef7bc9d027c701d37e5309530cf34eb630258a2,1610,0,0,5.095856545081688,0.23493747920255537,-1.0877253601390073,-2.2509347854768764,-1.9921482624227858
1618,train_images/b553e7909535.png,1d1f9df7f07b1e767ae2c88c5a00f102f11bedb0ce169c124d8128405d9368c9,1618,0,0,3.8887089630174003,0.9597225758314192,-0.6823204093828577,-3.042626988040488,-1.123498537851005
1622,train_images/90960ddf4d14.png,220249ab580cb8596a088d9cab9b9958ba22516a5bf86937d2bf8c3bbef0f5d8,1622,0,0,4.388720507027241,-0.39517567231201234,-1.021893179502685,-2.0116746280546343,-0.9599913821915315
1628,train_images/13063d1bc4ea.png,a783c44f8533c85083a014ff209dbf7ce924c70e9c45bfd23567dedf6f2ef5cb,1628,2,4,-2.330566217913315,-0.8495699598424036,1.2320513007910612,0.4512066200319911,1.496863873302733
1635,train_images/1a1e974a7dbf.png,d522a6537d8decd131a983485b0be248e5aa6e9aa6b8e0f2b26d8a2ff0f5749f,1635,0,0,3.5267497533940997,-0.15256807830560604,-0.36758555365962753,-2.2378207948295996,-0.7687896997494421
1638,train_images/96793edb1003.png,d53da2552bce73e3fbca7d54ed1fa8b33bf1d6dec9aaf3b3ab5e93f4fa76a550,1638,0,0,1.8390015692308275,-0.7269393750674151,-0.1730392183722551,-1.4438784243996086,0.5048410403930796
1644,train_images/b927a9238434.png,f9249231081dbd6e593a57573648d1439d6d251d206292f5497638a812ad25ff,1644,2,2,-3.3129196648185086,1.0427577746603625,2.5120235325166336,-1.424892536979332,1.183016571844706
1649,train_images/ac81fc200162.png,6b88988b5b6b905aae7bab714f783b41aa451ae9700d0e738a7bb91e64f8948d,1649,0,0,3.2581656726333073,0.2790916391415852,0.16737783556510255,-2.3240857716057173,-1.3805637659923022
1652,train_images/7adfb8fc0621.png,b30cd5f46a49ee967bc328293ebd230156434cba290d724e75acf6559bac7922,1652,0,0,4.361818848366227,0.5665943082475078,-0.7996291635424364,-2.539294725566106,-1.5895036422211994
1655,train_images/236f56771ec6.png,cd5d977b48c247551c4d0e9ed4271e86ecec237e8e2e83fbd9216861589f2cb0,1655,2,4,-4.201477980532079,0.017099370033246686,1.381450235019725,1.1507679265106585,1.6521461442847412
1661,train_images/65e6f1bd9875.png,8ee562a7e589284fa22e9639d5ffadb15451ea35cb23db01df0f6b5453898b53,1661,0,0,2.9888662168115054,1.580832615052275,-0.341582370530344,-2.8186536027785616,-1.4094772231707406
1668,train_images/d866c26d76f0.png,5888201e2ed388c635212f42083258967f7a7e4fb82d812b095370b9531ba52a,1668,0,0,4.252955297459383,-0.5260630337193462,-1.754488233373967,-1.2685345982864842,-0.703883817070749
1671,train_images/b5a3ca5c0a80.png,a315bdd7bee9d0bbf7bd1da8760b6e4488884d3c0c10111a59fd56a6e4e80c78,1671,0,0,3.856378949254058,0.686064435614659,-0.3286137624097134,-2.5711630301290738,-1.642680953642506
1674,train_images/91e8af9ceee9.png,7a3dc782b94b9a285ec04949d381b6ce0f45b8a5829ba053940f2b9e1b8f7ced,1674,2,2,-5.213147977023922,0.26176225942310793,2.849248871825233,0.5067704430017397,1.5953521012755103
1677,train_images/d9ba044671e1.png,acc3ced85e64ef87ee4a2f66c4326f36913725fc428522ec96d4830443cc7243,1677,4,2,-2.6473226225181783,1.225901554120707,1.5325267694620692,-0.703257713550026,0.5921376693616862
1683,train_images/1c4d87baaffc.png,cb66e86c28ab48f1884c067226847b34c2849713a3ea380fd6a638fc2582523c,1683,2,1,-2.6256183799611854,1.7776758813687366,1.5007286767509815,0.4172673694239464,-1.0700678767675613
1684,train_images/3f0d3629d69e.png,a40655cb7b073c0e4a1d01e3e7abd175a1b589bc69ef6f56462e6e36c0c0b1c4,1684,0,0,4.217533524234213,-0.41855943997666856,-1.2430690978439154,-1.37730975063426,-1.1786096203508025
1692,train_images/523b3f0fc646.png,4d219afbffa64c490246a23c598805878515bb0358df5487428c598ad878571c,1692,1,0,1.5440785555150782,1.3064893125620909,-0.5112580042656218,-1.2118826170702182,-1.1274416219130954
1699,train_images/7eee3d1f1268.png,9751c8178b0eeed2c9dd72719a3ccecc47527307d805c3ae0ec3c991b4a5c019,1699,0,0,3.6814355126395952,-0.03255653658093571,0.6526762011037361,-2.432727387455138,-1.8688421141669598
1707,train_images/6531070bf03c.png,0ba13d8e85cb54099698e4e4c0da774809fda511251cbe064617489b0f85e60a,1707,2,3,-4.535367005776898,-1.0403480478463454,1.4825905274254993,2.2269312176789313,1.8661789747184407
1711,train_images/0e3572b5884a.png,122de8abc315cd726fde01c2dc7a4a13ff680ca7ecc39b51fa0343731b5f69a1,1711,0,0,3.8321938482735654,0.613913070751682,-0.45331330388434665,-3.003328785719825,-0.9894791871259623
1716,train_images/d8404680bba6.png,e1ec4760966ba84e0ffe89e6945e6ff441c887f12d2efb02dd8d5b1747b4a593,1716,2,3,-3.2625813755564437,-2.754238922297054,1.7045175003033841,2.8318290388614944,1.4804594436286145
1720,train_images/668e853258cd.png,9d98a290f1da5fd4f8c39fb97740e59f5e5bdc8611730ad8be50437b46316c39,1720,2,2,-2.556889184800749,-0.056622743495118755,2.065752610133526,1.1686570538589045,-0.6209120887643433
1725,train_images/cd29c88c9e36.png,a63e1b73fa049faccb5aa95dca607c72a0a2c839198396f74fd78a9ee83a1b56,1725,2,2,-3.280409396233619,-0.3656278089277656,2.080120737987271,-0.2709666588790034,1.8368688018478805
1735,train_images/d1a24527a15d.png,935aaf3323cdbc0d1c7337fe0b6517152729e768670cc4cdd287e1d8a7198ffc,1735,4,1,-0.2529556933943091,2.0779698073099517,-0.4254833695771154,-1.3840896063408321,-0.015455459540016037
1740,train_images/2967e578939f.png,c902d99fc78bfae5a0c2b2392e398db2b86e7558cec9793449b5decfe951223f,1740,2,4,-2.557259075984785,-0.5528882782593652,1.0638351920098104,0.5534862244570284,1.4928115912447248
1747,train_images/8c4ceddeb1c6.png,b18550c1cd6f8dd7d6a6b63daf7627f8263b838f84c178bfddb1e298326cfa47,1747,0,0,5.4700570677011875,0.154105364350146,-1.067652306500832,-2.9217771641623544,-1.6347473456262325
1749,train_images/d3e884109b45.png,46a8706d80bc8a135ea4c7430d124555ab47bd5f6ea926d74dad2bb2ee0f4557,1749,3,3,-2.787475931474198,-1.344130336877864,1.1507877345455544,2.414524378663131,0.5662797799516976
1750,train_images/f9e1c439d4c8.png,fc12c65aa6207bd74cffe19726cc3ee11d371f54e3bf019919df3b96d99694bc,1013,0,1,1.140986912796759,3.365352645485398,-0.36307808095781535,-3.506709504527227,-0.6365662916823585
1759,train_images/956765d5f46d.png,d13f3770d81a02ce8e0272dbd919f4c4ea2d711464ed2459978690cb8cff4ca2,1759,0,0,3.7535733979333266,0.6096445123137553,-0.908564634129001,-2.4079121253227553,-1.0467554828865104
1762,train_images/8433a032b96c.png,29f109f7e377e5c448e8593b84cb90c16f5fd024de502d8bc78f64aea303ade5,1762,0,0,3.9048912389275685,-0.09300885450734064,-1.025625069583545,-1.6558584391598705,-1.1304132423153028
1763,train_images/0212dd31f623.png,778b89b62aebc3d06ac48595680749c6150a687a90cfd4b8ede51b41b3733784,1763,0,0,4.008338357240714,1.0205274819441037,-0.4937402493400427,-2.6441065534975037,-1.8910333954055585
1772,train_images/4e85aa647534.png,0a17efb48ec15f1f2e0a897e88cb724544019fde0cc8a787761bf18fccc33e83,1772,0,0,4.866600126542039,0.16418767958468194,-1.212419787163093,-2.2912449972536573,-1.5271374025537563
1777,train_images/b2748ac28fc1.png,721119ce290ec2c915acf3e04fff211cc08d52e66c33650bf0eb68621970f34f,1777,2,2,-3.573760581215595,-0.22676768772381628,1.3446096551183846,1.321009138014027,1.1348951531553855
1785,train_images/4e1e252317b5.png,63352a7042d3c846b16544f01298b91f4d17d9421d495d87cdd7ec4624f53124,1785,0,0,2.5248772238851735,0.15571349720639205,0.08615341637191687,-1.6833574184161604,-1.083401078752076
1790,train_images/093a42649c29.png,31bb620e4753ed960ba22602d75aa30b7ad08f91d9b637a38692f24fd5cf593d,1790,3,2,-5.3079692945569334,-0.03544334218633516,2.2328810983060565,2.057796614541301,1.0527205700901554
1794,train_images/8010c931321f.png,7945b5fa7e54c0f71f4257377da4028bfb7d6265db758aecdc2bc0fdcc99d5dc,1794,0,0,3.7922627960636817,0.614329481633952,-0.5820201375367158,-2.1887741836007484,-1.6358123117522831
1797,train_images/a32886cb31ab.png,bf2719b61ef7d882e694a3fb7bd86022f122a8967d12b711708403ff2ce8d666,1797,1,1,-1.4878719800031064,2.32557701044038,-0.0590178350189996,-0.8605267709451745,0.08182528415464163
1801,train_images/b95d4dd8e5e2.png,2351dec02e436e7050c99fb7477bcd0739852f51b5071eb154dec53f3e224fb6,1801,2,2,-6.074944385039409,-0.45937822722597943,3.505048739377634,1.0674639339871028,1.961795700707138
1802,train_images/15c24478ac72.png,d57f975d94dffec264850d22ce42f65397f0d7dfefc3773be8259a7f1d088392,1802,0,0,2.4377242034136835,0.4794304888240095,-0.4067802529823581,-2.4020063377103673,-0.10838244712077394
1810,train_images/6ba5ed791444.png,a2d2e04d0803922d80387367c6683c3e9f4c7d5e055efe42a5fae63e6741007c,1810,2,2,-2.6266256673696873,1.620185567414694,2.006032894472721,-0.9064319495073345,-0.09317517340511228
1815,train_images/f3b27ac2d371.png,23c2515dbb3dad274b7975aa51ecea89378a12d78bb23325ed42c7b9e92aeea4,1815,0,0,4.308197000994365,0.9631065155703524,-0.9765862558897171,-2.8342630111822977,-1.460468613210417
1823,train_images/2eba4279e503.png,76b8fe1de1f1f093942528418830e766c2cb71e69a5ddf553b05ad561fbacf57,1823,0,0,2.354083347927542,0.3236539721557872,-0.7373200266508473,-2.3611431358641086,0.4207114551765425
1829,train_images/709784f7fcc2.png,029c23fce34b9216852b2835e96e51fd9da47d9185f4750d7556381f2d401337,1829,2,3,-4.560659327094186,-0.5682508376819317,1.6915863483816893,1.810459567347694,1.6268499330314579
1834,train_images/2a2a6435f7f3.png,b198115d30e24849d19156fcc1c48947d03dcfe03593ea906178a7f04cab188c,1834,0,0,4.404431011786876,0.8118413414119736,-0.6380485103934528,-3.061301895847092,-1.5169363191361314
1840,train_images/17188c13e635.png,3fbf0480a1f80b05a5a311c6c57363b48cb35c1a4ff58c1bebf762c5895d8cc9,1840,2,3,-5.753190744513546,0.005675011560180465,1.7883618028257824,2.3553272146285043,1.6038124129769669
1845,train_images/74418f620068.png,566f9f7023c2c86df14f7185e16734e3df3a961b834b24e655a9651590f8f7fd,1845,2,2,-1.7337767107657918,1.294987633391452,1.3505548107274024,-1.0698036651067637,0.15802358859901267
1852,train_images/78d53c82a23e.png,6ccc106bbd4cc8e25c77ca189ea7646a09cdd17bb5fefdb9171cb2dd894e40a1,1852,2,2,-3.6525416968537385,0.4924565698541983,2.7950067627103827,0.9648065242069901,-0.5997424454946815
1858,train_images/a673193cd5a9.png,ebdef862426a25ebbf82f9b72c2a5afa673a3d22ad671cfcc24590f8cc008775,1858,0,0,2.6917778947949387,0.22200745259392107,-0.48038337263190956,-2.1505807760567333,-0.2828355701227736
1865,train_images/103abbd8b63e.png,dd781b676215d252cc4798b191494bab094a756af788c8a356b31c821b287545,1865,0,0,4.4005164068508975,-0.7528087124448319,-1.0423894809003427,-1.5892002742966662,-1.0161323040054584
1871,train_images/40e9b5630438.png,f7b42e43e4e8cff395759bcc92fcb72b9e7768d178d8a3931bf0f2eeca264e80,1871,1,1,-0.3250109913265611,2.450166812831771,0.5431899598145349,-1.6048804210872785,-1.0634797016111297
1874,train_images/9878db94d9f3.png,f239d6c938a368c8d31060b13502e11a7ce615ed6d277a32e25b89857b6f6961,1874,3,3,-5.005159014761951,-2.0129129097930267,1.3183817490799523,3.9024122993973087,1.7972635701520532
1878,train_images/c97472ef2c66.png,aa61ccd34bfb8ee2f47956a084ff4b5057682040187bedee598adcaf744acdd3,1878,0,0,3.7019283987305904,0.5282873519176796,-1.1757443871355577,-1.8892589926306238,-1.1652267382255885
1884,train_images/8e63fc4ab532.png,9479cf7f20790f64eefa6bf6c5b0d3c137303010d4789dfc382a461c86426020,1884,2,2,-2.2838089591410125,0.6195391776451551,1.43252860343246,0.033258739242010726,0.1984681120886691
1889,train_images/ef7a4ed8d5d1.png,8db826d8b302ce358ed3eaab321ed6ac487f6065e895289c7786f6224dbd2ff6,1889,2,2,-3.1708846100134735,1.3097559549541415,2.105375227261637,0.5948770887505219,-0.8391380069485603
1893,train_images/a9a28c37c8c4.png,da801506dd021cac4c480f5c62eff1e6a75a211bfa9c9fa38dd3471c198a2a6b,1893,2,2,-1.0550751749056495,0.25347252622713334,1.573873149115251,-0.29792159993531797,-0.47436323267311387
1900,train_images/5a11d21c2828.png,66235b92998f98f70fc55e5f1abb276c85b8c8eb429a7fef32e19f8f402c15db,1900,2,2,-2.474913976788919,0.6393328331418644,1.6619471079893806,-0.3920801052348297,0.5656998060804166
1903,train_images/15bed5adde74.png,2817a15678bdb13074e128471cbe84d4e82b9b817976cd1cbf979bf709557e3f,1903,3,3,-4.480882855856649,-0.6465072870964033,-0.8877040442620734,3.6367944758469815,2.3782854231168966
1911,train_images/cf603a9ef2d5.png,6a1b77857df50d74466b897855294c99b2302f5478020cdcb401bacbd89c14ca,1911,1,1,-2.001079253256467,1.457413839002486,0.741002500103066,-0.0196857898489764,-0.17766563201521102
1916,train_images/d5ad3362424c.png,4948c81a633f3ff0fde7ade239a76dadadd94eb10eb310c19eadf598943e0b76,1916,0,0,3.926471294693009,0.3308500284989222,-0.2473809372818101,-2.5988065638935023,-1.4111481948762807
1922,train_images/a150ff5dfe07.png,41b71180563b272eabe4b46d9e518587e8f8e801a9734627306bb9418dff7d73,1922,2,3,-5.083282112799591,-1.4057022224240256,1.7760514943258126,2.908139379710173,1.8047791921498813
1927,train_images/542964865b1e.png,72e83653f52966cf9e6f0ff223934de19cb422172542597f43ed569ec4bf3149,1927,0,0,3.51404647322261,1.259894815491453,-0.14145409552782384,-2.9847548334061793,-1.6477467370533834
1928,train_images/7e160c8b611e.png,e7dc7d1cb41b01fc6784700a42e961176a2ca8b95d6d011ccc85728232ff0678,1438,3,3,-7.388794510186333,-1.881370912343355,3.054926323081206,4.189239664225251,2.0259851612700324
1931,train_images/246e4506824a.png,6b9762b63ec6a973c73433855642d2c06c7f9603fba7903a665b30107280f49a,1931,2,2,-3.8874856115223047,0.45987096231809055,3.1121468261287974,-0.010180228396170499,0.32563376640691954
1935,train_images/a9a3225cf4b5.png,925cd1357b706962ecb1d96b1e0ad58f456cccb08ba95f827c6b24c91ba1358d,1935,0,0,3.7913024886064264,0.7768119534396174,-0.1315611049201746,-3.114062760129653,-1.3225049360968804
1937,train_images/fa0c87bd75ce.png,1c6b58ddaf11c59099e449a3814f5a1a190f99443c5b1d5fc45b9580fbd788ee,1937,0,0,2.504017496126096,0.14264966728746664,0.4922631203572987,-2.4398617406015912,-0.6990829292379254
1941,train_images/f9156aeffc5e.png,450184113bd249d307eee9205f067ee82cb3945b7e5bee53069ef39c6b44117d,1941,3,3,-2.1818788620547807,-0.9558628249173822,0.3720241941708742,2.6264245777913384,0.13927860728619668
1949,train_images/e7a7187066ad.png,50030ec7d40919ba8ae7ecf7cc145950f1cea65f54da0ed9630dfd3b31c9a026,1949,2,2,-1.8663735860063824,1.1839679496221134,1.944111746327909,-0.7918948755302075,-0.46982560493672354
1953,train_images/0a3202889f4d.png,942b52bf398bc82babce8b5c109622f5d7c84796d1f888aec7056221f2b76986,1953,1,1,-1.8576729411412565,1.3702245044615342,-0.03577400119563712,-0.4491386582622132,0.9723468070704198
1963,train_images/b21abe5d9722.png,18acb05129780fc8347b66ca3c0f79fefd4923cd37a9786c2d93aab644ba1a8f,1963,0,0,3.9055693744955704,0.7661327637013855,-1.294958452564173,-2.1950856957150267,-1.18167237078059
1969,train_images/b72f59b85f7c.png,964e8574788535c79dded46f053533e2b196f5cf297859311ad217761ebab736,1969,0,0,3.9223572851699373,0.6130353682355238,-0.9573937501687837,-2.1395449813083776,-1.438468296543456
1973,train_images/64c6c6ee0d98.png,d51bdd0a5ac09a60c5a33c2abe5b6244ef23bce933c559128d6f8943cf01ce8b,1973,0,0,4.296496132689789,1.2737815240923194,-0.42163531547309674,-3.038073485267317,-2.1105832338103703
1977,train_images/ed2ef440d22c.png,c32c037e6cba3e1e0fb47bdb60a06be586afeeafcfdf354270c610251ba73c41,1977,0,0,3.185115570540635,0.42486096849126653,-0.5504747135621386,-2.5431399062011213,-0.5163762670080736
1986,train_images/75a071608ea6.png,cd24dbd034f687a913a771b0009a0f7466514164deb2a8738ea15ca246710b21,1986,0,0,3.835825463847698,1.0644198639245221,-0.5247367101730838,-2.551502470439572,-1.824020500508305
1988,train_images/4ecd1fdd1435.png,77a1a4d1b1aadcdf125a179f02afd630c2f8d608cb4563dd37f3f686de765983,1988,1,1,-1.3937332507577729,3.5486085156757596,0.9898760077178427,-1.7947620934745627,-1.3500035068155465
1996,train_images/5288f7441f64.png,7fdf4abba1c333cdda44c06037c9e833dbc9ce838682c033ef301b2f6f3146cb,1996,0,0,4.51823893158765,0.6277395347187795,-1.1358169584890843,-3.114950568498582,-0.8952253110951744
1998,train_images/a77dbec966d4.png,4c731ceb4896d30b61242043fdead998b87cf4cfc3c5d49c9bb44b3ae348fced,1998,1,1,-2.65653497579585,1.937059191170107,1.0369998572576544,0.08495396269192135,-0.40249237979683605
2005,train_images/d2c5fb82fe5f.png,44ac0189e306be3720e461f6006d8d8cb4b8e830ee4f9464f56553249d80160b,2005,0,0,4.851788350004366,0.3743453746551957,-1.6208710297560716,-2.1608155879613564,-1.444461463091525
2006,train_images/c4aef0d88d1b.png,531cb495f55913c266566c084fb7ea44ffff50edfcf8fd94f3caea3c48bdcd1b,2006,0,0,2.573894130593686,1.2583629625878672,-0.7156014762690077,-2.1143471779019825,-1.002322830743132
2012,train_images/262ad704319c.png,6b35df7daa6f987fb187453331edbf2885ad5f305c8895ea895ea97fb153443f,2012,4,3,-6.941410013054632,-1.5403340937669405,2.018609313538133,4.7630463666718015,1.7000741310669865
2014,train_images/03fd50da928d.png,beec33224512261e01abf218a6df1b4355f6aa9238239f78db1162791425a91f,2014,2,4,-2.4203921502195094,-1.0997096426420079,0.2568586946525875,1.3227261846340692,1.9405026045814635
2018,train_images/45e4b7eada54.png,16e8576462425bf84c4487cd4e074c877109c2433d4a989e0dcaefe3fd18b371,2018,1,1,0.004313490359443506,3.3351082918214203,-0.10569023970729852,-1.831632901988887,-1.4021129673290185
2026,train_images/3c311c9109b0.png,e435a26843e070be0eaf589a2b03b932e72e247709b31b364137472308fd8598,2026,2,3,-4.532060535761097,1.3356750556561092,0.528963510966455,2.0137546225606595,0.6536530490143511
2032,train_images/10f6ef37fe43.png,6e564dce572adb1864963f712e8ea3724489895b24186c6f66a3df5dc2a47283,2032,0,0,3.980161618390394,1.069674147361619,-0.7989458349717822,-2.793430807404632,-1.4574734979752455
2038,train_images/2bb063318cf1.png,f75890ccfed2e755d781ada00a11edb74eae08639c1910ec89037920b0fb7b5b,2038,3,2,-1.3586190020147875,0.5394120041301953,0.7973692995419788,0.047250473923379666,-0.025427135983735916
2044,train_images/bacfa2b8e706.png,3b56a433622ac8c604512b0b6d9238b4d0a9669b1a25f2caf4b2e916b8a822bf,2044,0,0,3.925240288884755,1.072667235193224,-0.8054740075669766,-2.929612945137201,-1.2628349631296951
2046,train_images/a7ec056502e7.png,191e43513f8fc6ffac3fe563d0cc96fe9baf5197366a99cdf7c2e1b145559c7c,2046,1,2,-0.8664065377063785,1.181862821315514,1.6232431760637276,-1.4228990948517843,-0.5158147112062337
2051,train_images/df4aec4a0eaf.png,5ede9972b43b000bdfca21394fe1327efae276c80432d1438eafa7d81f6e2c8f,2051,4,2,-3.119883534791498,-0.23117851279663348,1.6779827842429715,0.2851559326403539,1.3879090249614707
2058,train_images/36a1e3c780a0.png,44d7a80b4132446d47264938c664cf52a2b5fcebf42af5d86a5c87889f4eb03a,2058,2,3,-3.478682032090205,1.1286086592550308,0.8487477420423379,1.6388041578877584,-0.13749287675181732
2064,train_images/09237bf783a4.png,2025ba2bef42c6a795c6fc62e924adce382ce24a5b6cbf94bba317c3d3af6401,2064,0,0,4.722108562453563,0.86629447122192,-0.9754492972911843,-2.899095468363072,-1.7138726179914374
2069,train_images/fa3e544a7401.png,0a0e98e2251f6598c351440e08d6c9c35be30acde64f46a666b958225f442a48,2069,2,2,-1.0103403911397315,0.12299965497050636,0.6487462282287533,-0.008381638127775481,0.2469617897374925
2072,train_images/3f73c91b7e32.png,83a68ad4ce8f02e60a27a16943ea5a01700d1f4d8fff2c6881178b964bf5108b,2072,1,1,-1.3614130590103386,2.144170498329668,0.05837040431567253,-1.0380898712887383,0.19694772795211168
2075,train_images/354b8911d6ed.png,a9860297702ff909ff7807bc7bbb856b08094d73bbee3e4c8a2960a31eb7f43c,2075,2,2,-2.8176048601245647,1.3408329118333473,1.825382894535767,-0.8853275040950397,0.5367022566785953
2079,train_images/756b0d6488bb.png,68c7cb277cefda504182173d2841ff9dc3b798914a47e39990a4dd8371bd311d,2079,1,1,-1.8002304403569944,2.5847069538536758,0.3588921325974155,-0.5405248094053468,-0.6028581553721044
2082,train_images/c80f79579fed.png,55112d096bb386676fbc13f24b5b926916bd7656c233e44c4892f23d6924beb4,2082,2,3,-2.639649607319903,-0.6125336329861941,1.0430107899843084,1.3404669162904241,0.8686911980341723
2089,train_images/064af6592ba6.png,f2cd200eab2a16c2f29bce2824f2a5bd544d0fe00a88f4de088807639d397efb,2089,2,2,-1.9270167738730315,1.198683660912657,2.580839021662489,-1.903135869786773,0.05061562448454837
2096,train_images/f45f1485c940.png,c7e15dda20f07bedb87528f0693a20f31c85cd20b080e2e0a0ce578ee212920d,2096,2,1,-3.4752236091061874,1.4809348095504689,1.1543082467272445,0.03431693772373734,0.8056493106203644
2102,train_images/d264396d8d1a.png,35e12fdd862888f55f6cdfe759bc164dd371ef3bc1842f0a4695ac178287757f,2102,2,3,-5.7152982326903725,0.9377747249011517,0.7400869270115011,2.34204867675718,1.6953736267060342
2108,train_images/5c7ab966a3ee.png,7568c7ab66998711ca84673688ce37a0c57dd83a817fd9a93b0ccc02567c2ba0,2108,4,4,-1.4382582206966106,-1.279196504530855,-0.6985893330949611,1.3265190122266368,2.089510655729182
2113,train_images/2bbcfdc477db.png,aa6f30334fda276b8118265f719c32ce45208c11356f5ad2cffe12686a3ac95d,2113,4,4,-4.408347499857136,-1.732078613242365,2.1178289009995033,1.1962058010806178,2.8263771457754485
2116,train_images/daeaa5d8cf70.png,be974d57913abcdb67226b4737c93bc917e8b64d15054f3c849fb210314f30c2,2116,2,2,-3.452864735451943,-0.17681816768254421,2.299793585262659,1.269214691645983,0.06066032705384594
2119,train_images/d1fb4efb117c.png,d57047b60db617c6e40fe729832f4dc388fceaf9abb2be47754c24bb6f54edac,2119,2,4,-6.034744584249548,1.2658795801606075,1.0994570607100478,1.5002513120663448,2.169142330601368
2125,train_images/e599151ca14b.png,39fbe9758d4b6920e041d3841c6be71d61834ac96a433360b724f960142b0c7e,2125,2,3,-4.011542217310193,-0.5859406846000201,1.3602358317967358,2.3689568833660815,0.8682758976875369
2132,train_images/971bb98ab935.png,dfb0463d45139c56c9bf7364e3a2423edf8dd216576b9b0eb5c177200e9987c3,2132,0,0,4.965800524979205,-0.31747861292288526,-1.3581380921471475,-1.9047518139447082,-1.3854463820120024
2133,train_images/5a444c32cd9a.png,379b86fd38e54e73edc320058d2de75028656e51aba2a94d120248b7950a17df,2133,0,0,4.254381160677067,1.2531027292087114,-0.6592463478600106,-3.3728890452012195,-1.4753628692008962
2141,train_images/c01eae4b4939.png,525f3394628876ef7146d742cd67c26171ff14dec57f94fde1fd6724c63d0f3b,2141,4,4,-4.633763002980896,-0.8933008594011653,1.0225863787854337,1.9150798208506696,2.589383343785758
2146,train_images/0304bedad8fe.png,ac9970b1897a92778b55436f90ec3f1767d9efa4f950bbf408960c3d738449f0,2146,0,0,3.6982274534402606,0.9672409853609452,-0.15405806283592405,-2.762627168893669,-1.7487975690346556
2151,train_images/2f7789c1e046.png,794f16cb396213fba7aeb65cda607d7a8545c0ab695df0a9f4337888cf347636,542,4,3,-5.149590596316084,-1.414199305665166,2.238348132521825,2.592548469348772,1.7328789797783446
2158,train_images/b5204c0decc7.png,232cf4295e4e14bb8c205189d5a098ad37f466e888c153917a98209b854b73dc,2158,0,0,4.181145971965552,0.6345467735196237,-0.6671147787743004,-2.6262504322663354,-1.5223418814457925
2162,train_images/6fbaaf8eb67a.png,cd06913d54ae6c1f03531172f56cb38d29b8bb369d03f6ae1fdcf1f813934273,2162,0,0,2.611080242931184,0.5552757070119618,-0.45965864826068925,-2.294232992085135,-0.41247866760778695
2165,train_images/3a1ecf5e2839.png,f7cd389143cbbe1a2c76b41a4dda2b0f973b502afcd646f00732fbb281722b5c,2165,4,4,-4.070915404593904,0.9427476999922213,0.2948751386961397,-0.1888735940224091,3.022151842890402
2168,train_images/c6a2975228af.png,4a0c27d20fa4bd0efaee32a0e95072b0f39e624280a6a5157e28cbb53499346b,2168,2,4,-1.4625499927519598,-0.5157152193912378,0.03853220408574787,0.6565835659941932,1.283135102459187
2175,train_images/762d6e5d5068.png,f1c1387a29e101f4557f47635e86b7be36877e9bb43be0556f903eecae380191,2175,3,3,-4.873395017509512,0.9528318502060404,0.9177929542537844,1.8777977488562936,1.1249581755594003
2183,train_images/349f3c0ac83e.png,e862c1500d0ac66b6fe3423e817b978984b90dedf471855c0f7b667e6fd5710c,2183,2,2,-2.908126625731441,-0.7446527413002428,2.9267119559938877,0.13656556814643217,0.589487483957841
2187,train_images/930fee99213a.png,87d904debecba5f026308018bbd0a1b4a26acd46bba58b6f330bf5251cd4e9c8,2187,0,0,2.848766380242143,-0.41007618911654653,-0.3811403523140413,-1.6538154800758509,-0.4037487157445496
2192,train_images/e7578d8dba72.png,ee6f1dbf212664e5a444283aee22a0c05cf2aa7d59f731fe54869ce2a58c965b,2192,0,0,4.992619332910458,0.02527811245422562,-1.2542967061183856,-1.8773801300165687,-1.8862349851211442
2197,train_images/2e26762daed5.png,77f99849f8144936b3a8a3ee18f9daa9a87d7d653a4ce79eb94eb2da057ac8f4,2197,2,2,-2.9939876114522654,0.4315571891232093,2.1213222047382105,-0.33042814045007507,0.7715220217154499
2199,train_images/9568eb7e9c08.png,d99a21d2b4a565d8f293da1f70223e1f378879d61b591c16e60d9e8914bbb445,2199,2,2,-1.2056382208183116,-0.7237109141152125,1.7432040714215553,-0.2788982930240147,0.4650290124172398
2204,train_images/cf1b9d26d38d.png,a1e0478a9b65d2d91842d1f494a853c0c28f8bc63b52af3c1ed8aa6405746ab9,2204,4,3,-4.498853965608561,-1.135757473929921,0.8022772595599195,2.473625302290648,2.3586946009325716
2209,train_images/1c47815f4a6b.png,d8db2360505de5b57882b6fbb6578583a2c69aa629a5cc9c204abbf702a116d8,2209,0,0,2.8027441477201798,0.9995997024419054,-0.2312589771930771,-2.4659930075157526,-1.1051062070233504
2215,train_images/51e656e5a541.png,bbb939afd2567501390c2009dc8e599d5a6210d77d087bf0791eeb0b0f06ab62,2215,0,0,4.813303454893017,0.3020461386830817,-1.4604890248565088,-2.0500632229576254,-1.6048117069027599
2220,train_images/9ed6c2b25767.png,5ef93ba1b77f0e1f18f09ce94de703b4cc3ada644297de44574f6fac09a76afc,2220,0,0,2.79000449855517,1.6808405674408107,-0.6440286879963404,-2.9123961631162985,-0.914434554462793
2225,train_images/da949aa67a4f.png,2ce4a5765f8d9c6573913b6324e90e0733f43b80bf0bc377e8ca017123e799cd,2225,0,0,1.9768029970406715,0.19975982861749308,-0.20440146374373458,-0.568375858613348,-1.4037998738724031
2227,train_images/8f14bca04b47.png,3219b2ca1196acbba82e4e2bee7cbca0a778b8ddc76e84e0055cd4aae1f638c2,2227,0,0,5.475471788549292,-0.3376736108537841,-1.7586329457398175,-1.7833602445003187,-1.595819356670109
2233,train_images/ad944bd56bb6.png,08557957e4ddabc887999c937d323505165312b57ed3988475afc58755200264,2233,0,0,3.1460301797323638,-0.14750351829798092,-0.8231482806537036,-1.3495868171380039,-0.8258059391971377
2235,train_images/6733544ae7a6.png,902ead0bd5e2c5caa56efcc562f4d3226d5b740fa89fc1dd475018af7f907d51,2235,2,2,-0.9213514431910532,-1.1843771789710207,0.9307928084190777,0.5834198516023203,0.5915016053125419
2243,train_images/901a3552fe26.png,02e82b18cb0e6feadf1d0621559a001213a4b9167942de27e1d23c62a5bbd1f7,2243,0,0,3.9909899246469926,0.9640613125648336,-0.3253227527248641,-3.05505488400246,-1.5746879689286752
2245,train_images/51a1d162e223.png,0c8ac3582fde12a86d5841773eba4409b80c38e50bcd53218bcab03149902277,2245,4,4,-4.42442796518381,-1.04854067686448,0.16415324819541532,1.7769217168474043,3.5318793992505633
2257,train_images/37de05ef12a5.png,469af910390879acc7a6e62166383fa090bf12ede82207d226e295f09617c9c1,2257,2,2,-6.958457542639788,-1.1818581158624202,3.070587166069651,3.002757138052754,2.0669570758490954
2258,train_images/847b04287c9c.png,ea4002811d61ed936552ec2d10e87b3120bf4da7e7d660585fae80ab40beb526,2258,0,0,3.113736170660726,1.1991165638432744,-0.39953834189407456,-2.966351745009863,-0.9469769847733857
2263,train_images/64a13949e879.png,f4ea5dbaa167548407086c65282a1a17ecd6d7be86ac05450ba89e190d4c53c8,2263,2,2,-3.598692136117055,0.34915576636893064,1.4742876876861253,0.9943376197413638,0.7808967349755589
2268,train_images/c6916bc42016.png,c8b2692db0a292496e952508a6dc416342fb84b9a06c6b5600c53a9b9a77ff14,2268,0,0,4.156914329975081,0.7399819193203694,-0.22624014598290354,-2.839387415515464,-1.8312830298254328
2270,train_images/e69b48516577.png,644bf3410b1c427c396262bc9b644cbf35ae3cb8804325b896d8c429d9ca974c,2270,0,0,3.302840732852488,0.4699258004567284,0.45784207754847106,-2.772991222634957,-1.457631771748195
2281,train_images/fb767cea406c.png,5f67ab4b66a7191235479bd9725dfae8292b27b1672a9d1583d4fe964e489961,2281,0,0,3.2467512860685446,0.888435033909662,-0.1651788281942843,-3.017665714312318,-0.9523561335344028
2286,train_images/9fefe2b44795.png,a1f7aedb15523edb9a72d3ece508401e48f33aae1ca72b13c96162c2d14ad6b0,2286,3,2,-4.359264210608387,-0.7340581329071973,1.916283138244545,1.8580345448193327,1.3189903447917293
2293,train_images/5c6194562ed2.png,2067af50829ed9c3adf9ea020318dc7fd250f705e97d70f73eeb2b3e48ee91a1,2293,2,1,-0.7121827975724244,1.5735194839227624,1.36949261152667,-1.8551481262842788,-0.3756955204096646
2298,train_images/d57d1be1bbd1.png,ba541eb808f6e6a328e887607e9a6e973a103dfb2bf5a7d798e7b04a1f8d90ff,2298,0,0,2.767400345082141,2.023953795031879,0.14078256999468275,-2.7652836556523512,-2.16686743882686
2304,train_images/f531232ecb55.png,bd07be80362eb08456b07c25cdd3c1d98cb7952515785a2b1d42a2a5b1fe788c,2304,0,0,3.187735689642004,1.5478380786833412,-0.3246758966804588,-2.933565824631229,-1.4773463985451563
2311,train_images/6d7d26025122.png,0f949e39d1fc7b1bbbb8338173a1031c8b2ac68392c2aecdc3ef3d341d80527b,2311,4,2,-2.039442709922074,0.3801299293313569,1.3627367250314226,-0.39188964483206057,0.688451372543847
2314,train_images/3e1f8fecb06f.png,5f1965411c85f0bfd5edc02b2b65d562e16e9cb47d7c5abca9df70a1bea5ef15,2314,2,2,-4.425732617129249,-0.17574740174788062,2.228074565544669,1.8736258058983015,0.49976536398729166
2319,train_images/8421107255ae.png,32728c32ecb760b3160f5e31a19ff8ea9712f9498240e0140eb68beb34f76deb,2319,2,2,-3.5690490288444536,-0.4967220040863314,2.094648605846377,0.24795403110780434,1.7231540931423854
2323,train_images/38f1901f214a.png,c398c80291d7bd9c1d47f92e601e4dc36659770906399a5e69970598cd2c9ce1,2323,0,0,4.336732346403544,-0.11870920396220264,-0.30660029605908035,-2.4478146437241213,-1.4636226051790366
2329,train_images/84b472c49cfa.png,6632239cb855a2dfdcc71ded22392cc4616ad8bb4aa67d04ddf9780e20370698,2329,0,0,3.4708084798694436,1.3418546109785865,-0.5038080466211028,-2.695635076980988,-1.6132342824204087
2333,train_images/58c12863f33d.png,54339e45db9c8694cd96a435dba92cb1c25086b48761c75dbe6376467fd75988,2333,0,0,4.078900232504797,0.8638858511682521,-0.21815332483302607,-3.1653462854587513,-1.5593008389881138
2339,train_images/62b826899151.png,543ee349e380b69680a7a2b974c6e34449debf19474b2695e952265f2539e7a5,2339,0,0,3.8753829279118968,0.8721372176964586,-0.4910123835347644,-3.193013047294542,-1.063509071014843
2348,train_images/3b10191dfd25.png,529f064fe0a3d63afa871276082feced4734775a8c0414a0eed92d7966f02e82,2348,0,0,2.193751052075463,1.8644305589228978,-0.15118198901421742,-2.3534917267843145,-1.5535222439367866
2352,train_images/a3802934bad7.png,e97cafef35db45cbf8b2c0005b1a1fd3c6d0d664fe423520f580caffc46c3f3a,2352,2,1,-0.6830516655998018,1.8502381775728196,0.8498619879928506,-1.9267778515160359,-0.09028495510435297
2356,train_images/a04fb36db784.png,c6ce210915ae56bfcd338fd3b12d28e20ec0159072d82fd7b39cd1c31a53f5dc,2356,2,1,-3.8073160193195044,1.8749822817494213,1.384265910047911,0.27727202041916676,0.2707814998797822
2368,train_images/e907d23cce3d.png,2baee5a44ab9fb61d20ac76123854b4db6f04b450b71d6441b208684fa13b538,2368,0,0,3.7055486872035885,-1.0322319624337837,-0.8304522146473605,-1.1479778176802986,-0.6949010657187831
2370,train_images/f30f203ef51e.png,ed95391b952761dc85e3d88f65297b81b3f7250931d1db87d7a87d100fb54acf,2370,2,2,-3.417525952068285,-0.9425327338904328,2.124998643575858,1.0718767907956828,1.1631689625994093
2378,train_images/2dc647e00ad3.png,25293defec6458c66482eb7ef9330f9be972ad645d394a8ebfe09fba88dc49f9,2378,0,0,4.635961931458169,0.055563302353483834,-0.38534341603034594,-2.4062695823058204,-1.8999266209337349
2381,train_images/ae8472f8d310.png,69d301d97ff58ff8ae4a389133bfefa0b8d960d3bbae2e8ab5c51dfda911a14e,2381,1,1,-1.3113564172395868,1.2565323162718371,1.120908345043385,-0.9636333239462163,-0.1024652444502907
2383,train_images/3aa2b1ce6700.png,f0b823b2b871bf4e9a7988447015e0ae1757405b9a7abc9407f74809f76675b4,2383,2,2,-4.434931375678097,1.0036089911343087,2.2729979404352525,0.22009806460879133,0.9382121088995903
2392,train_images/876deb29f000.png,c4e431568b2c274ad598b64989691084ce8057609d1b45a6fe801ae04302919d,2392,0,0,3.1609525623080224,0.4023537703986051,-1.0941863276878205,-1.6659087372806711,-0.8032256574079106
2396,train_images/26453eb7e989.png,64fd7d9873cc46e35ddd654116e68816b6ff019304b319eff285ac999f5ac0f1,2396,2,2,-4.80121831186959,0.3316724565448457,2.2247143302015613,1.5704939338650217,0.6743233125005825
2403,train_images/239f2c348ea4.png,6d0b2dec3318f8aaaf26b229f197aefa1a58a510f3dc7fb08d11ddd7a134bf7e,2403,2,2,-2.7851901625881403,-1.0374821708304882,3.832092306616352,-0.5362275991450742,0.5267932802521056
2409,train_images/8846b09384a4.png,1931fd942a8006990cb190a6dddaa4bc3adaea6e1911d9ae3f5112943e117c6a,2409,0,0,3.76261265186195,0.6834291230938767,-0.5075657261427624,-2.760575019307357,-1.1779154347383942
2414,train_images/51d574513bcb.png,3d7c2f21eff20cfb1e953f3f2a0961c16ee9fb48b462fa935fd9d5e958bff44a,2414,2,2,-2.9655626587777704,0.1526791360629236,1.373364015591448,0.2343145287234627,1.2051906714284524
2419,train_images/1c9521878baf.png,a2e71355dbd8bc944b5907cafd9a54e408fec21d3852b450fde52135a32e29f1,2419,3,3,-5.844597528260298,-1.1753349965194424,2.1942061637002306,3.4003567503705803,1.4253552806297396
2424,train_images/578109578b46.png,6d17ba5b55170075b77ea9f4fd61aa9ccf4e9327f0aab29da0719d8fe64ba8c5,2424,1,1,-0.11712666196870813,1.9254849764042845,-0.17485156229434007,-0.6985792525703722,-0.9349418768979948
2433,train_images/ef8c39eb9157.png,31524562fd4008562fc3fbbea6c38aebbc33efd25bb760ac0beb5cf22e25e19b,2433,0,0,3.6051811198892416,0.8210226646422516,-1.182153366758182,-2.034827013442701,-1.2092377876462899
2436,train_images/3428230bf1bd.png,57806a61b48897c1f48d9dc2615c910eb065763058b614c93ad4709175495e93,2436,2,3,-6.491828894936898,0.30331664053898066,1.1881465522946926,2.7489739918137275,2.2513774036628416
2439,train_images/907aaff827e5.png,6ed4e47fe8499414652ef295c9d4508f8606f081827d8a67ddb42b0d6eab7a4c,2439,2,2,-2.8780051151754584,-0.3827288774148414,1.207867903059392,0.8532040145933504,1.1996477453201142
2446,train_images/d2fb715b0c41.png,ebcdc45531f354cccc2b76217ca3b03572fdb56cabc0cd65a6a96904dba56dc4,2446,0,0,3.80081522979388,0.6558869815618529,-0.7190139802069533,-2.3500029060026133,-1.3876996903133476
2451,train_images/7a238a1d3cf3.png,b38f21e61609c72ede76edcb6717c4df36066b3a27a56b206d8cf51a581033e0,2451,4,1,-1.7128478079533025,2.3480021300535086,0.36571113275766454,-1.2928647998045744,0.291985031654876
2457,train_images/e265c870f9b3.png,f1654db7aafd8a82b859b0f798e4bff6191ff11d1cb61a7895129e1e4be83cf9,2457,2,2,-1.7520383810518965,-1.3443197260513298,1.5313249140611684,0.5998604583818903,0.965158399194892
2462,train_images/a06e5ac695ce.png,1e5e0c518c16145944c838aafd7609194673726d631f4b29f3b89b65f3da530d,2462,0,0,4.911813492264834,-0.1266725798333912,-1.7766263619229483,-1.8107405140529718,-1.1977884077663732
2469,train_images/53327edb9e4d.png,d5cc8d1fb09ea7f7b9321548f41d5ec626f70b70981b05418a76e94d7ecd7811,2469,0,0,2.107578459924042,0.8476486210045504,-0.20341789308907487,-1.727758417583054,-1.0240651668947502
2476,train_images/e580676516b0.png,a0864f503de991468b53943aa937a6c58521f7bd98862dd9c5d46c31435b2b80,2476,1,2,-1.4371866467490086,0.4298210512865346,1.5346321280016202,-0.7127127362257459,0.1854318653881648
2482,train_images/ef5155990874.png,7b54f6ab71aea3e09a962eb037f175929bc4796e4575b8bffb40b123a1918a9d,2482,0,0,3.8140378164766418,1.0538976149207997,-0.6184089633799621,-3.2604549315102656,-0.9890858981690556
2487,train_images/4d47300e3ddb.png,2cb02f7b07fed24ed24f6adc39042280ee1144f57d0c94df4df122ac60b53c16,2487,3,3,-4.413622680525769,-2.220069216494359,1.2963408146440707,3.0341609335027666,2.303175812918301
2488,train_images/a247961a5cd9.png,536e4b24cde8b4f789768111c14e75f0514f6b99c127955990e6994f2794650a,2488,0,0,2.289656310409214,0.775663155511678,0.25084216581402674,-2.525226598629094,-0.7909493647533041
2493,train_images/cfdbaef73a8b.png,561169c9c1b0711a13830aae198a39229f90b416eb65032b9b1ee09d13d91340,2493,0,0,3.7738542812802223,0.9433972651864373,-1.0411298016109862,-2.264663519629094,-1.4114725913146489
2499,train_images/a66c3165876f.png,608c8cb71b5ece8479bf7df45ce86a6da4fe00f87543b73d7532af1cf9a1d18d,2499,2,4,-4.439351342868026,0.3533673235036332,0.6493424899381584,1.1812725962767168,2.2553546355918512
2505,train_images/ead23cc922ed.png,1fa24390ae066516e0117c1a9f493e5023273e8050efed4498bf80880fb68ef0,2505,1,1,-1.8473614795546744,4.23512340815687,1.4202325328997232,-3.336806189709745,-0.4712025625681313
2514,train_images/77a9538b8362.png,f7b42e43e4e8cff395759bcc92fcb72b9e7768d178d8a3931bf0f2eeca264e80,1871,1,1,-0.3250109913265611,2.450166812831771,0.5431899598145349,-1.6048804210872785,-1.0634797016111297
2515,train_images/e0863b353093.png,6b4e71c1b56c1afa5e1098ada4c9c80b20a9a504dd2ce7b9f39b3619f256acc8,2515,2,2,-3.4618194996167375,0.7320571916950822,2.214335979907681,-0.17053981696792864,0.6859517972906821
2519,train_images/c261b1aaa828.png,66de3f0c097c9795e4a2e32471075889298c569e1648fd3724c647ce3060f7c5,2519,2,1,-3.3561913374228034,1.9729681996829385,0.8092825956576761,-0.08237779027920933,0.656304069052577
2530,train_images/78937523f7a8.png,66c3f988307dd066d583872f7cc792a5ea95062e9a7121f927b4e444788b849e,2530,0,0,4.255223208323251,0.5249076700430795,-1.5519575426859356,-1.5569713015047668,-1.6712164229489601
2534,train_images/bda8c973b09d.png,7499374f23bd653fa14251a85dc97d3760746a48992a09ffa9d1560e2ecd5ec0,2534,2,2,-2.786503356741669,1.3971809997974187,2.608469062908532,-1.435222686246366,0.21606164742711265
2536,train_images/67d8f94f04e0.png,8ad623f1b8708cbe24b87279ee56c3ce2875273054fc5e406e723ad08fad0457,2536,0,0,4.728663635052808,0.08085475040399182,-1.2371805454743865,-1.89258763441992,-1.6797645706886823
2540,train_images/64b9206afb3f.png,554cd10d8f79dd6aac55927e62085d19ea6ee855ffb2daf79fadee2641afa8da,2540,0,0,3.1958128069700393,1.083323202773121,-0.2284114131278121,-2.9378843535511985,-1.1128546117708535
2545,train_images/5dd2e26fc244.png,c6cea3805d55210517aa6bf8ce190c07398be9428c7203d3774b84706457d24a,2545,4,4,0.998901933644639,-4.15594448953134,-1.7342403450525374,0.5403535580256005,4.350914932598091
2549,train_images/3748349334f6.png,18070f6b8a08cc20af00cd1f9e14fd82f45683a16c3c4934095c7473a57e3105,2549,2,2,-4.332660848114472,-0.24069287002190087,2.6406107099203813,0.8765400744913308,1.0561886017904678
2553,train_images/4a96c28f3f07.png,7d8c53468983286f39cbd24b2d9e094ef4e0ffb14b48b61acc30a5ded6828e59,2553,0,0,4.434650348272111,0.1918977488276763,-1.1357856661509946,-2.0154635416259845,-1.4753132470645585
2556,train_images/e96099b961b4.png,1bf0205f7177c66b09904d27285693a666fb687048b974052aff359ba6b6462f,2556,2,1,-2.1459203677663865,2.1552974921641592,-0.04849730990448742,-0.47824237300057426,0.5173482566454557
2564,train_images/02cd34a85b24.png,9ac84b4edf20f6df97804f577d2fbdd1d6f4e0a17cc076be73e1f95ad16b1b5d,2564,0,0,4.4032828406279165,1.1175255147291239,-0.7755374943028244,-2.9861659170705863,-1.759119317941356
2569,train_images/096436d68d06.png,d32fe9f287dbcbc4ffb6ecf4ff6d92fdde7754a90361dd2c92d6fc98103e378d,2569,0,0,4.519569198330608,0.8679061287808381,-0.6163344923159437,-2.889265869650152,-1.8818893525665799
2576,train_images/0daddc45d832.png,557eb848388c1c09cff6e46add082fbededd4b08f2c7041b5a24fde79bd6c24d,2576,0,0,3.78462245776403,1.1028920467102203,-0.5223552233665671,-2.897998993512881,-1.4671746506832417
2580,train_images/10de500cf0c5.png,daeb69e832bac8b081b0fc817fd0b10b8af7eff07883da17180a504f10561346,2580,0,0,5.12771803137154,0.023043303424753248,-1.7531284325596417,-1.8602033983085464,-1.5374438890974844
2583,train_images/12bc439d373a.png,0211955f64a8846c3b316fbab49f25f5cde44c3b627b3dd8cca47a844541bc95,2583,0,0,4.695160298813864,0.8259045720591995,-0.7388152237400045,-2.840877476154339,-1.9413865238897579
2585,train_images/16060f05d047.png,dffa55e36bd1de68d4498c5c3904ced4ba36b51ab765a4612416627bd12393a6,2585,0,0,4.330298246703279,0.9063162055674461,-0.7857443044720247,-3.046866420328299,-1.4040181038787178
2590,train_images/186c1835eec5.png,6a89b1b6bf7846e331c42106e418383787b59742192a5a4ea3b9efb927b772db,2590,0,0,4.154981145848311,0.8675955696390911,-0.7460206303897325,-3.0298548138533006,-1.2467156108891986
2597,train_images/1f4fb37e0854.png,e3580f19ca2465b20498be2acdcd378cc673a8b20ddc2150e3c71bfc7e55047f,2597,0,0,2.425277247204047,1.170636693370108,-0.3436725221446193,-1.9838732588603207,-1.2683825315211243
2602,train_images/218c822a3dd9.png,df2a799654accd65983a0f6f1dc67a6085aa4a0cedc4b90a0087ac8be3f6ad66,2602,0,0,1.30029412255751,1.0461185265871151,-0.022596128032003726,-0.985933500493247,-1.3378973707948874
2609,train_images/29d059522fa1.png,d204ce1e84cac4bc98c215757cb18ffb76553c67b129b716540ef24c27595bcd,2609,0,0,4.029682690595031,0.9872111264750476,-0.7908690171373678,-2.5303372394102217,-1.6957019019292412
2611,train_images/2c9dfc270f1b.png,f4e5e0f3c16614b9d7d5c5772b39921838c5ea2e52d9e9b1e3bd2313c2430192,2611,0,0,3.676165128210684,0.6775124335458003,-0.3386540203269277,-2.829648443568729,-1.1853894597592578
2617,train_images/33d72035c27a.png,cbdd5fd488c8974786221459762fd9da1e04c3891771a78f9f5013d2d3cfdd4a,2617,0,0,4.827396567320676,0.23729504014328917,-1.4744307339776075,-2.6553748133489545,-0.9349004398686028
2622,train_images/3a4cfea0a766.png,0b47297e29310f6ad283e91271bbc99ef211b313fe057e41cf56eb7c265fb6ca,2622,0,0,3.5999927917905303,0.5655025311162323,-0.4937261399988282,-2.621496652596215,-1.0502868921190787
2632,train_images/435414ccccf7.png,4141053f5b74702654d77dd950a1b40419ef08f0351ff72491a28d150b33a6f8,2632,0,0,4.589834651039894,0.6111207397214802,-1.2114039671083754,-1.8597918383310432,-2.129773957178892
2633,train_images/43e9c66eb0f3.png,205bcb5201a1e4c86e1dc3f5956c513cd2dfa221cf5092d12ea32a078e9e882e,2633,0,0,3.8427469682764475,0.7236442895631416,-0.39020608170964044,-2.454376909575079,-1.7218226630324711
2639,train_images/48a45619d1a3.png,42cfad4d7e1e2d8657c748ec069ea38208ec1d7dfbef2d1272d57a2ba98d8ed4,2639,0,0,3.822150885646387,0.7932544651459281,-0.8102701316643093,-2.2433528107814276,-1.5617967850243015
2644,train_images/4c60f6fcea75.png,9c4d351c8ba09f5219024c15a99f1426cfc9983a4d9aab0923966e3ecd416e0e,2644,0,0,3.1759533241581615,0.5584365380762328,-1.0270743026070202,-2.1956084931159348,-0.5117214314191969
2654,train_images/53273d664cd8.png,6557c71525b01f54fb0f194805cebe27889ff6136704517ebceae3f4b2e884f2,2654,0,0,4.1613455545249565,0.9662316317624953,-0.6833579989319158,-2.9430092244389963,-1.5012243328485426
2657,train_images/54f57cf26126.png,b6f696f0921a03c3c8d465b639c6d4e61456f2acc744889df0286cbd971772af,2657,0,0,4.402539281890107,-0.12656511239059043,-1.2105430514696507,-2.0011058659729324,-1.0643396481139824
2664,train_images/5c85d22bd0de.png,8b19bf39d57869002a28be21f5e650b7ca3cb6d794eeee7b53c42014fba6b131,2664,0,0,2.615144668161321,0.6389739230114238,-0.312639863535606,-2.0593271275435585,-0.8821659675184497
2669,train_images/6110ecb3bb1c.png,e27d28e322749a5e6d6e28d90924933facc153c8bf676d216568df2d44b74e58,2669,0,0,3.759747033892257,0.646902348036761,-0.39458393721441976,-2.623833010950573,-1.3882467968237977
2671,train_images/65f5d2a6eb7e.png,e0160f064501b465846911c364ca44ade96556f4c1413e3465452b037af4aa47,2671,0,0,2.9236879556230733,0.8103208630343861,-0.017498827981458076,-2.627348111061618,-1.0891762348142828
2672,train_images/66366a90d1ef.png,e001182acb9472f76d83fdf8ddb45f08deca7f2fc18ae7aac6bbe359eb450808,2672,0,1,0.6143990725361235,1.383683236014054,0.6679074649567378,-2.5826478814375102,-0.08335626098307491
2678,train_images/6c00dd8bf708.png,a2c19e9093b95c5df9b050b02faab4772b20523cf0a8bba93ee8ab66b87c44a1,2678,0,0,3.444696484871102,0.8734080143539291,-0.45990886967131317,-2.8499499254282696,-1.0082600757228133
2680,train_images/6c9c902a97de.png,6ef2b1ca3e7f6b6f76f61321a207d74cdd672c42b611b9182fae4302c2f9b045,2680,0,0,3.244876181806628,1.863008147348463,-0.016127392888983794,-3.142513512762478,-1.949257818170495
2687,train_images/76095c338728.png,9cd1d0a7945e5ffae02e5f793c7f06a915eb63af78f7de78a2233153443ac027,2687,0,0,3.3997291297348973,0.7714756022037594,-0.2600982074782521,-2.5497394249611656,-1.3613814687567352
2692,train_images/7b9d519cbd66.png,66c321c10811c6b53c3be35f7a0db533c9bc6790bf965110ca339623a0dea47d,2692,0,0,3.995865310521001,0.8795104756173142,0.5236130323751258,-3.4475394620513935,-1.9514637219591944
2697,train_images/7e9081e95bf6.png,65fe78a1cf492becbbba72837ea0af37656044aedc59a39d07b5caf70a213fc2,2697,0,0,3.4816885063390224,0.6267147080084818,-0.5127410992684185,-2.8669116770118306,-0.7287647835826716
2701,train_images/830e297965a1.png,743aafbbca1d21e6118721d16993a7ddb1bed025d6fc9764c8dcecb3eb435813,2701,0,0,4.336911682461846,-0.12325393071203017,-1.1238805720457563,-1.785565838607468,-1.304225702456118
2705,train_images/8650d32f4a9e.png,52b170a5d199e74d22c4150adeea8b6d0daf29f22422e5c1b7f136b81a4ac879,2705,0,0,4.680613703741116,0.748976093387121,-1.7294323413484243,-2.04769453332883,-1.6524773087194302
2712,train_images/8bf05909e1e1.png,9486dbc61e208c15b7163153f19a888eed27956cb33c0a0771d638b6cfecb272,2712,0,0,4.560340984841108,0.41176881431132983,-0.530907159109411,-2.5198331763359842,-1.9213838156095464
2720,train_images/974c7d7b9c64.png,802ff7245a25798a4ae7bf929e0ea23c595ca64b3db80c9ef5ba7f27166636d4,2720,0,0,3.4576201748944975,0.892409829409802,-0.3369136207020218,-2.9898952209902125,-1.0232355044603505
2727,train_images/9f285b3e57ed.png,53448024b4d8bd1f625d22dc80d95e12e1b5a3dd1753bb3d92d18e02622cd3fd,2727,0,0,3.240854926784145,0.9874042489961905,-0.927348668257908,-2.213305777414705,-1.0876191148824004
2728,train_images/a0b7ad98df57.png,e934b49c17c7e82308e5bb66ca9624f30415a9e4594a8ba73e4e8819b7118bf6,2728,0,0,3.7845971380342256,1.044500402888291,-0.507798969482963,-3.2165264961565123,-1.1047864360142008
2732,train_images/a2811f512c1c.png,c09322233092232430ad300f6e871a46d5ad5f127d2f185b302e315b20c67c2e,2732,0,0,3.4776922516097457,0.3580802164268402,-0.778214864034382,-1.6883354442082341,-1.3692365164223768
2740,train_images/a8263d248523.png,8e0fbae6b6499b1c3e1a5dde60c13e3ee645101f543dbacc7a71cfbaf058a1cb,2740,0,2,0.6199457957931997,-1.3976441796216328,1.031684625103921,-0.01824942546798347,-0.23575118874625955
2746,train_images/ab32db41c409.png,ec3a44db00b5e457579ab77d6567575a1fb191e895e31ad99e1d670f3ec1ff7b,2746,0,0,3.820217013560118,0.8820858270299645,-0.8593602710468007,-2.704660803219805,-1.1382961373496574
2750,train_images/ae58ccb5905e.png,cfdd3bf814f3a7727d113e4ea067194a26f36fa05232611993eab7cd320d1261,2750,0,0,3.539348097909258,0.7957414600107953,-0.4362298537944538,-2.577268277163842,-1.321605788312245
2757,train_images/b5e6ae31493c.png,1a36ee2cd30ad881f1e81cb9a964f2024390c736b1f51ae4f42d4ada9db4d54c,2757,0,0,3.882955292061819,0.5333032617841731,-0.5147024698579443,-3.246572499749279,-0.654997966744368
2762,train_images/bc92a61a1f9c.png,9c2b6456bf79d163a859c2d85b393b387cb635ee875194ce93a6d3c8f94770d8,2762,0,0,3.5744217483605,1.0065823042825421,-0.1946676881916618,-3.04754932946787,-1.3388014008616893
2769,train_images/c1437a7a52c9.png,6a667bb4c75d854d9cea75a592ac1849be8ef81b789f82784a0ffba3ae1dbb23,2769,0,2,1.1726945620221514,0.665344946773045,1.514309194578159,-2.312289581212302,-1.0400734552830815
2773,train_images/c3b15bf9b4bc.png,42d1a892a02970423da1b70f78abb3a58f2610bcb2cac6efdf6cc5d6104e3470,2773,0,0,5.62966423631574,-0.242435687821958,-1.227653370439946,-2.4918266073574946,-1.667762993126714
2779,train_images/c98f623d08d1.png,d534e4a9f767877cf2c5b7d4f0a4eca34b47909b96acffe7603f640f30660e9c,2779,0,0,3.95671441282035,0.7424504552961118,-0.3443623723145297,-2.940899585447424,-1.4139172805669584
2785,train_images/d30d079e6f9a.png,242524a416186104c913eba1917951e55acb6652d3c1615d4a9dc71ae7055a14,2785,0,0,4.438247190361054,0.5587906378675758,-0.49883190986241344,-3.0115555140218033,-1.4866647897239278
2789,train_images/d667af5742f6.png,d67d8c0197ba6ea97d085bf0d3c223398d100fb5c4995ea3a03228d4e28f75c4,2789,0,0,3.1038962985391194,0.377326529061607,-0.2548065435380704,-2.8323393288687644,-0.39409129855373193
2796,train_images/da9574d35b82.png,a2349806e4ae5ad6e3e62a8ed3f37bbc2ffd50bc7f0c38fb164113b064c964a7,2796,0,0,3.7392154903204364,1.4233734514027905,-0.2866286022250222,-3.175598834503239,-1.7003758771167237
2803,train_images/e26bcae6c67b.png,b564efae07eca5f773d3c5dc8d7c8da8dae109c1c6ab90c7f81bb7bd7cbdedf6,2803,0,0,2.4949609131736814,0.7919143758888971,0.3329376891863518,-1.6834729371019899,-1.93635440451005
2807,train_images/e632e38fd2d4.png,e110bf9bae7f26d1c99d9827b7bf2e61350b0d3e43c5b7eda08e235e285427f0,2807,0,0,3.7863721717661214,-0.5039953138728652,-0.5175543756587802,-1.7082387347141283,-1.0565981538696025
2813,train_images/e9f3c85a2a02.png,c1639eb0deac9fe9732abf1bf5be46826186a81a28c968c2dc139f9c1b48de81,2813,0,0,4.123528389710955,0.6029953124975744,-0.8244737484512119,-2.650254085322187,-1.2518102467922299
2814,train_images/ecb4500285ed.png,8c4c8d9d7ed110b58db715e2699e068b2aabf8a7e5049bfd29298b0f9378d6a4,2814,0,0,4.992057172920553,0.7963947616074929,-1.4635175520340002,-2.685911086036427,-1.6390376843221057
2819,train_images/f4e68b61f480.png,19359be5bcb92a5175a588227bb8508c047bd996f3696ec27a59491cedb7a858,2819,0,0,2.0951275081630527,1.9548417611862732,0.1657274325063942,-3.0176937929639855,-1.198017284321942
2824,train_images/f85fd4fac887.png,db08a156738314c0b98cc0833a781a7bd940e48d19030316d225990b46959e24,2824,0,0,4.418709734587793,0.8045353449997297,-0.6272808828601368,-3.020934849283062,-1.5750436876291263
2831,train_images/febfb20dc311.png,ce577f7b0954b631ae910b9521562f51b3962a6224fa23c442a95b08aa8ad249,2831,0,0,4.411679958570822,0.7298783670570881,-0.7529626958990447,-2.459035863470227,-1.929574107991519
2838,train_images/1b329a127307.png,3c15988e1644dc88a46478ec2c2fded15f38c9c11d0e7dcd548d328205c3bc31,2838,1,2,-1.1293643543717913,0.32144395368622014,1.162911219068946,-0.4253527681178486,0.07034759104777777
2841,train_images/1df3e03a8f5f.png,f3e446433c3ef52203bcc5d94d8d64ccc69199580d11cac4dc2d4f2da78ebca2,2841,1,1,-1.7804317760689905,3.6997865552087106,1.0394433709956905,-2.1312342941326925,-0.8275781779289683
2844,train_images/274f5029189b.png,ec3308cee508323eb2fc2a7197f724baddf767d1f0f43284aaacfcfb9bb44eed,2844,1,1,-0.9630449268895198,2.097057655878043,0.538657207788428,-0.8538277770334401,-0.818856474170949
2849,train_images/33ffddea8c6e.png,7c7faed46d15f53afdd6e00e5832fbb0282d940d98d48298b4999332a887afb7,2849,1,0,2.0017460062972177,0.5146331991380464,0.8462789847030376,-2.059203477095358,-1.303469060705199
2855,train_images/5548a7961a3e.png,7b6599c29840ea78de6805809121c30ae147254a35346722613a0f3a5b00c0f5,2855,1,0,1.1984183172360723,0.9578564429112859,0.4997901836825591,-1.3874988146126341,-1.2685805006774862
2859,train_images/6165081b9021.png,4d811f303a66afd2315e0860722112a13ae69203166d09e45ab2545b32a8bfa3,148,1,1,0.789690206903451,2.992890381963065,-0.53500516837705,-2.5414007515355017,-0.7061889768523163
2864,train_images/7ae69d22075a.png,ba3064c0ffc4a1bdf20e75a5bde843e5517f52e9ab5b48c8bc63587fb3d352ad,2864,1,0,2.5425967323280645,0.9062473816415189,-0.5173910105338457,-2.1214413546516244,-0.810026131547173
2872,train_images/b07bc463b718.png,b900f733e02fda82a3f6a96cfe9c04ff688cb080bb5bdf5b17f1aafefd8a2654,2872,1,3,-4.525200040965807,0.7534531113642444,1.4799532230022436,1.8932067429313602,0.39857262753456024
2874,train_images/bd269a1f0e4d.png,cb6dc8da2ad50e10ffe27de0e17a1dace50b79693b2b3740cb88f390d757dbf0,2874,1,1,-2.6103133611464813,1.8164974755941952,0.5036820382474767,-0.05346815566965546,0.34358771474777194
2878,train_images/d3de0d313d61.png,fe719dbd15479a28af428967beeeda4757576fe8611f3eecb43d6ff76a3272ba,2878,1,3,-3.421890660140697,-0.055251451610960345,0.6241234307652301,2.332215071784937,0.5207892256667361
2885,train_images/e55188915f9d.png,91882c1347d3050180f832762d768d8bc2a6a2a28ed8023fb5cfcfd9bbf7eb2b,2885,1,1,-1.3550013729513175,3.2521662974585865,0.814418607138101,-1.8128133280871817,-0.8987845129011536
2891,train_images/094858f005ab.png,349eb9799526ad094c321854aaf6ad7bafa2d84befefcdd26d288e60c554c633,2891,2,1,-2.2305162402255014,2.709846616694115,0.6851793114717044,-1.1059445543757658,-0.05857941382600362
2896,train_images/1177d583c807.png,78dd040877aa17a48c28223e33b49846a7ba6b083b0b4551ef96b7dd7dcbcd13,2896,2,2,-3.9011757783642267,2.126682022038473,2.1538056592625154,0.2781331840185448,-0.6574594013576629
2904,train_images/2241b7e90782.png,a88cd901e88c592a82864bd9b29981105f7ea16b946b8819b4929b5fc45200c2,2904,2,2,-3.232529244405935,0.02244786107851482,1.7488194916669757,1.1901388614032324,0.2711087270320163
2910,train_images/28f93cad89c5.png,002a8b30e8313f8742af31ce33425ff6daab9edd31eec49364f91885686459bd,2910,2,2,-3.6759398695656813,0.34800086248565876,2.122665081129538,-0.2404833655403058,1.4457429802383355
2914,train_images/2f9b66784109.png,66f6ab81877a8cc3c94f8d9a455a78396eee14102d270774cea0885a869ff61f,2914,2,2,-4.229537357888507,-0.5799353088148518,3.1263515314690387,0.10115341591200178,1.5819534583863257
2917,train_images/3d663a6a50a3.png,ac74945843069e72ae506983f2e13c14ec7f11d05088b50e2e455c59b27ff00d,2917,2,2,-4.338092641245154,1.1404286894366091,2.215812908544955,0.25712651823727306,0.7247102123795366
2926,train_images/510aa0a898fa.png,9cbd59698d97d445c27195889990adaab0b54a38dc415f3ebc415d3f50055f3c,2926,2,2,-1.8407258229772303,-0.14459186185303885,3.0837989264597176,-1.3934253770867002,0.2949298137608991
2932,train_images/57469423a012.png,404605ec0333a34fc25e007e9b26ba332ca87f49f225a7f3a4cd80850b736885,2932,2,4,-3.9774763785522396,0.40589558710265194,1.1248674670872032,0.9302830432183047,1.516415986269323
2934,train_images/58529a8638d0.png,fd681145b57fae00cc5aa2a34a3545737786d9fcb5dd779afe65efd0921f6d7a,2934,2,2,-3.751442096299371,0.41762036463662433,1.4672764367737934,1.0356792420120087,0.8308517115860905
2939,train_images/5f70ad48a525.png,18062b2faa7391dffc21dea5a47ac2b0e4402e301394451f1614ae17b2b00e75,2939,2,3,-3.7861805516649056,-0.7331235984332363,0.8569833976671908,2.226740179408198,1.4355662513946745
2944,train_images/663a923d5398.png,f492fee29ea971b219db93dd246b09a80c4c47e61cfaa41a6e5763f7296caa21,2944,2,2,-0.2302638036958271,0.5431469965958957,1.1271353967626005,-1.1432706380767073,-0.2967623050335293
2948,train_images/7455e2b5fc57.png,78da0c300462e3d48de161582971e23cbdfd8a19c3082e6fe32826d438e9356b,2948,2,2,-5.028009462141917,-0.6816223821942096,2.425651195411673,2.0874366680227414,1.1965296621354122
2953,train_images/79540be95177.png,f592b0746e698834b29550db9e392e3ca89df129f7040ad35e733ceb23f58f4c,2953,2,2,-2.9476124363546745,-0.1254601656939407,1.6024899509017538,0.11651927680903462,1.3540490524385191
2959,train_images/81bc03e2ff2b.png,a93304a19c365805f5652a4046079e0828a3c66214203ae91dc572562bada710,2959,2,2,-3.1468802590112936,0.6550430407513996,2.6147729355187894,0.32805858754096207,-0.45100863320489504
2961,train_images/840527bc6628.png,1dad7cbc33426f0db3af5629ebc9e043ccd133b59290c047f274e3a625f55eed,1235,2,2,-3.6030709663950624,0.5861110741559763,2.2063118024238184,0.1059769001076134,0.7046568569504292
2962,train_images/842d697884f6.png,cb3c3dbba6d49637a33c9d1356398fbc48e33dd8862fa2eb890c76ae367d8e93,2962,2,2,-0.8787317427518602,-0.17305726870628924,1.104822519661381,-0.337465950413141,0.2844180727101797
2967,train_images/8dfa629ca74e.png,a8404400fb186fe9fd32a64ac16dcb0c1e0f84ce1c0ce4dfe19669d43f23b8b3,2967,2,0,0.6371231467029759,0.32616590563027614,0.2782059882009955,-1.5255667714802321,0.2840573593020024
2971,train_images/91a88d3b0358.png,63ba8ac13fb4dcdd55289f85e9731be89396be355c7e8c28c7cc315437fcf9af,2971,2,1,-2.202024711893724,0.9654867534306995,0.841323459838939,0.20666197789047658,0.18853821986308894
2979,train_images/9df31421cdd2.png,b17567e40bff754a683787893bc97434da99cd5ffb6e9ada84e62bdcc9be9163,2979,2,2,-3.5716063169210663,-1.11028864710903,2.8669857736169435,0.9441814026357171,0.8707134937238097
2986,train_images/a688f20f8895.png,709608ed15add691b74215c2956e9f63d8c95f993a403ddf5c0dbc9795ea7d5c,2986,2,1,-1.9800953724960735,1.9616240461781658,1.3724276819856651,-1.617902037270719,0.2639313442009852
2993,train_images/ae1344610ebe.png,41fdbbc4a55819dc14251495c37ac915161f383cd6db24c27090377fccdf48c5,2993,2,2,-5.068781357830016,0.0243379377714934,3.5792136065915425,1.4252894342248634,0.03992609061356345
2997,train_images/b402b18d99a5.png,022c4d61b79fc0f2397ffb4afa68d1eac6e5201e7fc7ea69eeb81fc7fea90077,2997,2,2,-4.883717425664397,2.1903900801424356,2.200353415770743,0.3673871702834326,0.12557245139669937
2999,train_images/b8fb9f55cd6d.png,0f6cf6590e2dd91e3b7abfe7f196d5322bc0b69d6ffdfbc2efb15b428d53418e,2999,2,2,-1.0510108829382325,1.4688589072823692,2.3285905392120076,-2.056524541657738,-0.6899283423092474
3006,train_images/c48ae5da188e.png,2b6429ede5288b45322479ad1f67bd4839803f6941e78a7bee200b410c87e1da,3006,2,2,-4.242718823325873,0.24850493459387302,2.2887962603627536,1.0498684212888048,0.6555348959206713
3009,train_images/ceaa5803d780.png,9de7685ff318e4f9d2fcb04ea746c61eec085f56a1b372fbe27264368ef14771,3009,2,4,-4.33613618964727,-0.530904622950354,1.356417881482969,1.473863944592189,2.036744673672343
3014,train_images/d67374d3fa2a.png,a9074548dc51583839960f9d044fe502cd2f149168d1ad4f4e544d82c4c9b8a9,3014,2,1,-0.15834997090654923,1.1233302474171243,0.303293188212004,-1.1969312946958297,-0.07135657727576628
3023,train_images/df8365d6ac33.png,4c97517e5efb8c6365f1aba22b09255d2fd1c60b0bb6025c4006d9cf8bc0b42c,3023,2,2,-4.597786328482158,0.010273490511201189,2.740835407765247,1.3173900367134657,0.5292730849267169
3027,train_images/e65f94ad9be3.png,2153cffd0d5a1a43c17e4b03e3389d38a5630a641e084afac0f8af2100e5dc05,3027,2,2,-4.608902911614386,0.770211855789368,2.102196505251282,0.8390237318792728,0.8974564878964557
3035,train_images/ffec9a18a3ce.png,92a11dc2119c567600ac7c30e56d8518f62dd72a0efc0a0b0cbf1510687d3eb9,3035,2,3,-2.8303874972781067,-0.8703583981905236,1.2250965896211978,1.9214167797182213,0.5542181612086492
3037,train_images/0cb14014117d.png,956e78f8545d1e808104b24be48547517799c4764795105a42e7e3020d9dd59a,3037,3,2,-4.061829176930125,-0.35648453679456793,2.036280310147146,0.7607754869999042,1.6212435991961462
3044,train_images/4fef9ed8a4c5.png,3f9c10a3b530ee8c8d3c4d10081a57d542e067dec69e901e3fe47838c355be8e,3044,3,3,-4.618860195458204,-0.8330017161064784,1.4675532908026545,2.216839903596897,1.767454399480624
3045,train_images/51da6aebba8f.png,f496ed133f0c1f50acca7bff86cf6d44bef66e28c8be2b510f17071f473ec8ac,3045,3,3,-6.512487866556988,-2.5387205039720584,2.8480330954149737,3.4807560114057168,2.7224049928133747
3048,train_images/7b29e3783919.png,67db095fbd0b19645dad5ad50b9783a800ede8602bf96df095080a9b2a38315a,3048,3,3,-6.88448174025271,-2.34710998349391,2.2189663923177925,4.923383163867772,2.089227878436528
3060,train_images/c3cd0200df79.png,8adf033b3bc421dc11856ffbd47d04cb2064a43499b24520e15d4a6252d9f70f,3060,3,3,-4.800151875114761,-2.2022630449691256,1.6490858063794782,3.3556384826801793,1.997676319473987
3067,train_images/2017cd92c63d.png,a4626e1c905c1d6ea8424b40a4c5891ac55aebdb58c733b6b2e15e3959ae7787,3067,4,4,-5.2592355120338965,0.9162361200577838,0.1501791479382335,1.355797980685571,2.837008001223321
3070,train_images/254052cf3e48.png,8e7d973324f9d01fc934f737fde5fb0c696cf54f7c3625750b5c57e6fee892f2,3070,4,1,0.10483080763918196,1.3190247085491755,0.24299333375395205,-1.9303768971337538,0.2635137168056718
3080,train_images/7270367410a1.png,809eff6717a0e73248893f96ebcb7d0356a69edccee74b68c913b7be52f5eb1b,3080,4,4,-4.286260066096158,-0.34259447091964823,1.679650624767573,1.1167546268031359,1.8324349569323255
3083,train_images/857230f64a2e.png,55201060a6e73e0539cfe704cc0644426ca88195fe3ef7adfd80c95603dd9e50,3083,4,3,-6.0358671566438495,-2.4902163628817036,1.5321915399280628,3.6703461856096116,3.32353147914756
3092,train_images/b87f9c59748b.png,8bcc3305ab01ecc6451fa1c1e6612831ea80c7f700d9ec069d8221c15baf10b1,3092,4,4,-1.9118086975710966,-0.5176804853470145,0.5271106978385596,0.5738808033138234,1.3284833308528028
3099,train_images/d659d7fd5ccf.png,86cfde1aaf7d908c9e75621879c164c71f5ed99bce746c852dda04b3dbfb0b55,3099,4,4,-4.688067319453193,-0.3805949474523551,1.8066598656403787,0.3287031364836803,2.933284961339024
3107,train_images/fce93caa4758.png,d9b5662d37b6e11aa4d434f7b86fa320db50d5c6fae12f7e8ad73de1a560e81f,3107,4,1,-3.3381039798345,2.1752267180521905,1.2227957584745097,-0.9535516967115498,0.8936188796068043
3109,train_images/014508ccb9cb.png,ebdee3c68b4102f1ccd72d44b6632315b7a7da427d9c5a2d735a2577fc7b1f13,3109,0,0,3.7911870343113705,-0.23652110964420459,-1.068110202513079,-2.1614501242386677,-0.3251199286585278
3115,train_images/08ee569d4721.png,de247ce2609e5136e0cdd352f932ba99c26059057a32559d7abf625c6aefcce7,3115,0,0,3.398400932641273,1.0730039697135556,-0.5264373939137599,-2.6744608260524005,-1.2705210366379747
3117,train_images/09f1111a388a.png,808b27400843c1616892c84f533305d1ad92c92666c78cc59bccebec345d8282,3117,0,0,3.734113867209846,0.6618918425129792,-1.3003467008330372,-2.042762175590405,-1.0529112046863447
3120,train_images/0e0003ddd8df.png,7a8b27168271eb202a0f7b7fd9e1195d5b22c95028309ab5455e985be72cc6d1,3120,0,0,3.451213370346199,0.4637012658685009,-0.23856038516739098,-2.796583415646789,-0.8797852018104036
3127,train_images/15e24b73d4a7.png,1fd0e256333072fbc97a3d807a8c02355d1c11eaa58dd4b82dfdddb21ec7cf6d,3127,0,0,2.808837847740204,0.8190331261547783,-0.15603050446757427,-2.5023384575769265,-0.9695163951891725
3132,train_images/18ce0cdc473d.png,5e674d8a90da639663f55efd7efc4adc68062e8df8c24b3fdec73a1fcc9c2fb3,3132,0,0,2.1183155492870185,1.2772491195825602,0.8621792656618096,-2.626147483525621,-1.631610820251014
3138,train_images/1d46f1326394.png,d95dcc3f20bbdd02ce07b7c7f94876e4a9e516be667c439da0d7f3676124002c,3138,0,0,3.3771483558438398,1.2782709935161645,-0.717013057252792,-2.7983724344019425,-1.1400482122353508
3143,train_images/2209daf71aab.png,457165e2e45053639594465a6caaf474104afc0254124f3c24e8e1b7e7367020,3143,0,0,4.263004602051506,0.8391952490621826,0.7312446799348176,-3.5967325152540095,-2.2367264055583553
3144,train_images/226c6ceb9185.png,81b07b191efcbc59c11fcb316861619fa1b35ff8b65938f174cfe3f5736e4a8e,3144,0,0,4.598791885355766,0.6818231980974065,-1.1210248760849097,-2.820279693003995,-1.3393248930008625
3150,train_images/289a47dcbb82.png,0725efb4cc61c86a179827b6646aac5c3120edbeaa9b3ef895bd620c52d1dcf9,3150,0,0,3.6032269024081494,0.10754395316397591,-0.7790358862635971,-1.6173785221650379,-1.3143708212326912
3156,train_images/32d7d360d891.png,b3b927977bda3fb838b6ca03dc615e8e53b677a207d749f42d321b842081f80c,3156,0,0,3.2427721055828194,1.7010591394499475,-0.6415560637673465,-2.541783900185176,-1.7605056629857927
3163,train_images/35cd9832fc0a.png,c32fbc75ec6d3a023d509527e6834d79000675eaabd95f44f7725c42992d0cf4,3163,0,0,3.8604754418637377,0.5972773243118326,-0.5730675962601492,-2.5515594690805514,-1.3331400760673704
3168,train_images/4318b6adeb97.png,568f6ad88688bcb79aa5f636139acc2fddf9d2535433ca8474cab89c9183f39d,3168,0,0,3.0692367098403643,-0.18327697632504147,-0.8070410469573903,-1.1742208122582793,-0.9047122510664789
3173,train_images/44a86263117b.png,3c17ca371313e179bb094234e093b3f7557252cd3854a6f4eda0c61431a54a28,3173,0,0,2.499656202105573,0.3284833888849015,-0.4791724381059943,-1.588975424971153,-0.7600060953168949
3177,train_images/475300735b7f.png,37d1437e6d1eacf21518dbcf21081bbddf6d19c07dcf451b716679b2966fb106,3177,0,0,4.196277024865328,0.7598497955428254,-0.6468251707137682,-2.9274493694006267,-1.3818666302060565
3183,train_images/4c17e85686f0.png,d7c19efe0dabd9a220edad63d73101a653e097f85743b7b6d4368a113cd794b9,3183,0,0,3.5086436015423956,0.7671838380615412,-0.35670110091009644,-3.0274377022110865,-0.8917029976594514
3192,train_images/521b5377a727.png,1cdf76db6f9f0cbbf0c5e327fecb5f26c29005e22a30c7190d73d2b923830c2e,3192,0,0,2.3043901591879212,0.5092004633016955,-0.6521336960345239,-1.713847862016852,-0.4476234283881311
3197,train_images/58eb3809f456.png,b5814a621ff9a51c8999f91705a76504b6a433598274b19fb2c2b83716f3f28c,3197,0,0,4.8904128551811965,-0.1449945608126928,-1.533381437775461,-2.1186541560606624,-1.0933970642680588
3198,train_images/5a0fe0ee4301.png,efa55f9d15f09a000ba00b788e8ea87deddfb2a4dcb60d93b741cb69f92b8668,3198,0,0,3.3777073034877816,0.624895173860617,-0.6283726026124614,-2.5479644008231404,-0.8262798179973967
3204,train_images/6107a2e9f60e.png,97468da14d2e14db7052de6481556428fd9188ab56d0c01097c1e94521907ef6,3204,0,0,1.3554357698120327,-0.11665072000429255,-0.26376658743410086,-1.0089818698714668,0.033949029411049825
3205,train_images/63c7b0265775.png,13f966a58b448384c3d4df0543fa3067aaab45254a5391b62bc1064ab91d8a1b,3205,0,0,2.220965958874949,-0.4060463108063779,-0.3207960717741365,-0.9622932341486576,-0.5318447010654965
3209,train_images/6966abf40b8c.png,1056e8da24aa163d9312ddd3e4deff8fb035ad4a77e4072a02e4676744cd6d38,3209,0,0,3.8948006333969225,1.1087987557924066,-0.6047763894794835,-3.9949988418929374,-0.40383849950594475
3215,train_images/6f460f9968c7.png,221d749b2fb921dafff4d9b9b8a3e936fd4f9ea670007b673c7c552f723575d7,3215,0,0,3.8476581763103077,1.2659279163056478,-0.5256137662290441,-2.787064159219148,-1.8009225475777937
3220,train_images/7526cf435753.png,64c92dda78b1aa36eabc5b8cecc21bc3ebcf4320c06aac3744f558f694e8279d,3220,0,0,2.396723895882513,1.732392884569066,-0.7078810784672136,-2.7239170725161426,-0.6973329505287688
3224,train_images/76b950c6ed5e.png,3ef1cb37c0a524bfec128cdfc363495ba72a9d947edea247d6334840fa61b76c,3224,0,0,4.942730020844685,0.6248777991130758,-1.5092510536245367,-2.4547939563165997,-1.603577190333801
3231,train_images/80ed04a84a16.png,f985b891739e63e938f5c24197c3ec03f17df986e6c304cf25ecb6e7f2dcfc0c,3231,0,0,4.089450523828567,0.3409493639125323,-1.1722645603807118,-1.6717025547994115,-1.5864471338836241
3232,train_images/82d364726a58.png,ee5ef53434fccbafd26e57fdaecfbcc0a6495c0a1467d581f397572a56220958,3232,0,0,3.6849790863085197,1.2998721287181816,-0.7916966090839774,-2.368633534497641,-1.8245354601755552
3234,train_images/84b4da14bc23.png,82d8abdf4fe7afd5eb79730fa5e1d0d79de39855eac650dca1b7752f6f16b9ca,3234,0,0,3.6667629281900034,1.464458208287228,-0.7606078100917295,-2.804412349277733,-1.56621533431339
3240,train_images/8acdf12f412a.png,21204b59f9742deaafe963e0b4cd9f88482345882534b07d1cfcec6a8b99ba6f,3240,0,0,3.2949281219935678,0.17024839235002176,-0.5436001373777422,-1.9285240671288548,-0.9930666729808413
3241,train_images/8be6629a6039.png,140ca16428bbb08128507f699a92036450b8b823b9fc739a76c72c9e09fbc955,3241,0,0,5.294605914737563,-0.17856680562809224,-0.6945407277251885,-3.0658592917965555,-1.3556534844102548
3246,train_images/946545473380.png,bc663ec0dafe7c4576bbb10384851d11744e382f434402ba30eca06f3df9cad8,3246,0,0,3.1255008931948147,0.3671205728277709,-0.8846700096448301,-1.8206288459113802,-0.7873369526176552
3249,train_images/97f290d31813.png,3d36cb8ca1ad188e12c16fbb7efe665d6e4873cf433ea218bd952524860104a4,3249,0,0,3.608802210042974,0.8640889925551658,0.3650648861811199,-2.9461229679895746,-1.8918474934196632
3256,train_images/9fa02dfb5553.png,2c608ba062f6bbcf35ab4cdd90b32ed397fa395f2f88fe2b01be411aed44411f,3256,0,0,4.576099823848409,0.4961383674131792,-0.7091795499453544,-2.7855411102700307,-1.5775318970227223
3262,train_images/a26f50218b84.png,bcaa7778c843972ee1064422967f1be42c1c79e3088202619a9191e47109d6ca,3262,0,0,3.6334358528798063,0.6626629880993935,-1.1100910502557277,-2.2722654547427137,-0.913756653644235
3268,train_images/a77eb914b383.png,92e9ffb5d232a98d81f742a46e5d17f66165e01417ab6e1c461ee67a35279011,3268,0,0,2.298630155327764,0.6231352033913158,-0.4332987711795404,-1.6351173338733505,-0.8533636248915117
3275,train_images/ad20080452de.png,9bb484d968eb8b1085b097d2b3fa3c6f0af46b66cff9b949d45507ad2cfec9a4,3275,0,0,3.399243484655564,1.3966651092641786,-0.6269710897058598,-2.7151706031223215,-1.4537812662324903
3278,train_images/ae975c43bd8b.png,2ffe47f0d9eed80eead9dc84c12656c865af874a2fe5c3cfdc797c0720fb44ce,3278,0,0,3.3245964367780445,0.6830743813281472,-0.14118830704187468,-2.7560704947875907,-1.110426380240447
3284,train_images/b549af91bd30.png,344f3473386e5bdf27301d3b48bae168fc05bc2fe619ef6c95df292c8173174a,3284,0,0,3.359750623271143,0.1875017392993641,-0.7444932871409788,-2.144329903317762,-0.6584435174561865
3286,train_images/b759cbef90c5.png,69954a8fe0a89183c0bfd2b3b99dab3aef9c9acb79a497c832e855b9f787886f,3286,0,0,2.608044245581869,1.1741523769772595,-0.3317121789729902,-2.6371172199039252,-0.8133815932250058
3294,train_images/bab776139279.png,0e1dd6c83281c80d453d0fa9409fd93d31304d50aac3b8bbbcc629512c0177fe,3294,0,0,3.2990692987402355,-1.058696774183753,-1.2681111951947956,-1.017119689935372,0.04484400197666316
3295,train_images/bb08949dd70a.png,6c8a483721786315e6cf0cde1fc88ca63719470dcaadc1418ee3b5da0d5f6127,3295,0,0,3.7648024700058897,1.6918589102097954,-0.8257951894728692,-3.058620683651567,-1.5722598735860074
3301,train_images/c38dec54a9f7.png,588383b4d8ce0e473c3f7d4ecc04b20e40d1897f6e8f2d9803c4faf5514f553a,3301,0,0,2.661153987894913,0.17454549974276823,-0.5471831907158737,-1.7924729659935048,-0.4960576870374258
3306,train_images/c7d0deb71576.png,377bbcc1893406e6976a8311f77d4caef086d75fedc69b6f6e1ba4407370d779,3306,0,0,2.6377955585169417,0.763449565711376,-0.43955794168342255,-2.457117427825751,-0.5045841320507651
3315,train_images/d1f7ea924a01.png,87cdb8edecc05087a5f88d694e06138d1e5d9919de559585a958979bd114d87e,3315,0,0,4.4655249308797735,-0.19865796769151878,-0.9553702823904442,-1.6954983188777257,-1.616012729874152
3321,train_images/d6dbb0820ea5.png,f5f1f6b8c201721325ec75a379c6db1e1a1dff5f5f2a386194c66ac0d29f846f,3321,0,0,4.659069183487087,1.1141729036538592,-0.37687049700535313,-3.4692967452604924,-1.9270892097864194
3328,train_images/da6389d129aa.png,ccdc80fa2b77c58155ff9036de2d8f39d5821a616ecf37508f6cfdba000e2755,3328,0,1,-0.35658075121460087,2.548007091206852,0.6386072366678177,-1.711336153449328,-1.1187117328748246
3331,train_images/dd285d9e97fe.png,d59b101888a0c1e17105a4907f6f0dbc156052849d221940c6ba896176b4fa17,3331,0,0,3.984307445178498,1.097928809793233,-0.31744179147505003,-3.0771390723122387,-1.6876697736862147
3340,train_images/e1c02f6c3362.png,5df43185ad18ba6e8c510ace968603fb27dd802d7c166f9b8e86d45e3fb5396a,3340,0,0,4.439659324606133,0.4731515656945344,-1.0712692464397717,-2.3537478043011975,-1.487808214532468
3344,train_images/e5197d77ec68.png,f75f92feb9c6a8cb90fe2a939f35b233f08ca83ab2ce99b0e07f2c66b96c9107,3344,0,0,2.4916337524017926,-0.16103142011669824,-0.5947427042451037,-1.270174423833283,-0.46569954977302164
3346,train_images/e9faf0296643.png,6cd6b3b61d9f5292e2a8c99db942b0d183ab693f1e8682332d9b09b99b17aa6a,3346,0,0,4.0078804666766,-0.10352729394897331,-0.2725572068106836,-2.232493402990608,-1.3993169599153203
3352,train_images/ec01f0862669.png,0d2581d68319924744e3f7f6b5be8542ea3fbe9189bf43831f8c156709a497cd,3352,0,0,3.6753431604506197,0.1062479287003466,-0.4833207309419567,-2.6112792379398213,-0.687005484340313
3357,train_images/f0860c21533b.png,193bbf14cc87e9dc9f842790efc99539dfcee8c463c2b741301aed5f1de53e22,3357,0,0,3.0178878541052043,0.7069038887096823,-0.2676877661349417,-2.4261974735433007,-1.0309208860940806
3363,train_images/f71aca5a7dc3.png,f894772ddab4eedc3c169f62e5575ac681364b2dc15dc67d1ef568bbbd46959e,3363,0,0,4.963838339844845,0.8925420812421514,-1.2756428582126156,-2.5544646656361767,-2.0262872700162458
3366,train_images/f9d8ff3e6592.png,373c3b131616e1ff72e8ba015090b6f92933d7e0bb8b95bb3eb691d6be9ea7ef,3366,0,0,3.7278425472486454,-0.2797075341308819,-1.1920700293312012,-1.3949944149879245,-0.8610849709641291
3368,train_images/fb88d23fc5fe.png,4ebe8eebec48d2d7d364aba80038f5df1bbb4661bf62dbbddbc4db41f31eff83,3368,0,0,3.507329313013077,1.0873112043453759,-0.23775323277916716,-2.844086991329081,-1.5128146964909124
3372,train_images/fd0a70082e7c.png,4b1c883522056b2d4b0c6c26768030a0bfc9a916c573362e95db4fad202418d6,3372,0,0,3.9273781769785536,0.30346220640116783,-0.8162935626275831,-2.9702386693005502,-0.44432248157696463
3381,train_images/0f495d87656a.png,be911c52b567dff62cafb0cca6bd9bd8f327ae7159090b31656422231c18f083,3381,1,2,-3.985615114915973,2.102849787328971,2.4059846098735918,-0.5532063884799072,0.029972778610188877
3387,train_images/35aa7f5c2ec0.png,cb66e86c28ab48f1884c067226847b34c2849713a3ea380fd6a638fc2582523c,1683,1,1,-2.6256183799611854,1.7776758813687366,1.5007286767509815,0.4172673694239464,-1.0700678767675613
3390,train_images/382752f6694a.png,3d13ead554abc953e18f25e3a5d7158d1d81bf8811336c616f0cb1bd13b7e3fb,3390,1,1,-3.5342712319520544,1.4360729232393794,0.9698619219518771,0.18210560242882146,0.9462164858515489
3396,train_images/4d7d6928534a.png,8b0df0cde9197024f5a9bed5e5eb1494e4b0c9ee9ac7e87514902c5f50042fa0,3396,1,2,-0.3222550866537439,1.1647522667970076,1.4508973242980725,-2.40662883004038,0.11321998906081121
3403,train_images/5a091e8cd95c.png,13aaec06e94b439be6ca8a3ea07eee3c7c35f3b2e47cb2d5022fc86aef9800ca,3403,1,1,-1.1864065996658262,3.1368036212322856,0.7214611039735728,-1.6727081466197244,-0.9991643052648693
3404,train_images/5efa24b03d5e.png,c7a85fb602a0d32269a0f74a2633f63304e7e6bf182eb4bc23290a1d58e8c7c7,3404,1,0,1.431058360486336,1.2919192614424286,-0.18776096585609592,-1.650673690619195,-0.8845573480029664
3406,train_images/6c6efb6b1358.png,64ad60b1cabf6434335e433e9c0d586e9ba9e89b02fd101b527c12ad39bbc6f0,3406,1,1,0.1020672735355106,1.454178192605438,0.8358534148976535,-1.1590984759112972,-1.233014794270605
3409,train_images/78bcdffb8785.png,dab95930eb28d53570e0181529bc011cc8b0b88e115cf77ce3d37baf3fada314,3409,1,1,-0.3235751128149218,0.934099330325008,0.4490110822529201,-1.4522217572425173,0.39267213458193173
3415,train_images/94372043d55b.png,b64e7f11e5c1faf9d5b58fd79dffc209a18e9929c93a44b84fcd130bdd255e26,434,1,1,0.7435134721331842,2.6042988510198875,-0.38967783121844946,-1.6982812583256308,-1.259867579154625
3416,train_images/94b1d8ad35ec.png,8b0df0cde9197024f5a9bed5e5eb1494e4b0c9ee9ac7e87514902c5f50042fa0,3396,1,2,-0.3222550866537439,1.1647522667970076,1.4508973242980725,-2.40662883004038,0.11321998906081121
3417,train_images/96a9706b8534.png,a89a61346cd279db5674168925b7232db86fe5b08e78c69ccb202232be2948f2,3417,1,2,-2.4170856390625595,0.49287029538352733,0.8741973442341373,0.40950015851355026,0.6405035140480919
3424,train_images/b576c5269ad1.png,9c2108c7528b935e27b10d0cee2c55f2699ba27bac2e6fe131dc0117e0a5fec1,3424,1,1,-0.2369703451596763,3.7351535515006944,0.6919354299479561,-2.4923486273453763,-1.6977843297432682
3427,train_images/b9b99dad668d.png,c07b11b3addf73e52624e142f21ac27ec9b95209d2c6abd30988e4be018d1ada,3427,1,1,-1.9795782012833882,3.0374193084708807,0.8633640278552291,-1.1009637354439885,-0.8202557161220337
3433,train_images/d1cad012a254.png,4025dca5f8bec7c66017347dff836a3054b49fe9afa240ef9e7ad8cc93611538,45,1,1,0.16699702431992947,3.395805771919271,0.7030990421424808,-2.371779516990422,-1.8941366646565296
3436,train_images/06024377d573.png,d5ace70ac35bb85d05d04399ea5fb43063eff45e240cd4b2a6ad118a6daf3d88,3436,2,3,-7.145010012843361,-0.4823244459689935,2.902167483801417,3.579484593443105,1.1456680918862197
3443,train_images/1124ffcd76c2.png,a9341152ed81341723f1f585f8715bfcbae8efd3115426e912204e2c5abd4493,3443,2,2,-3.5010297839136655,0.10215335172334505,3.0175206245565316,-0.5937396035536722,0.9750811161143833
3450,train_images/1c0e5dd1b14c.png,fbc62e0ff7e4c90dbc41c2497baad7a2c4d3740852c842db2b2a4001c4cb140b,3450,2,2,-3.8225448025110182,-0.18435421153956177,1.9981165902974645,1.1608890678059822,0.8478790251748607
3454,train_images/1ffaa51a6245.png,e463566a2f645db843702679755b5595a09978392164f791c2983cffd4648335,3454,2,2,-1.426522189684622,1.352490294648291,2.3192713053465983,-1.2525279654348687,-0.9927257749105892
3459,train_images/25dc1b41ed9c.png,b32247337f1fe6ef20ab2938fcb589cbcede849fd77ccf4c3a7864db891d8c43,3459,2,0,0.9912171272522556,0.05449749476361809,0.5999721639213835,-1.511487621287377,-0.13421350431234957
3464,train_images/28824d12d31d.png,8ccc5e4a6e1be3b5f6b4e3861af0f4c463e95a7a0fcc70412aa905acc4aa78ee,3464,2,2,-3.321598456409827,-1.0415121116968802,2.152811961698974,1.7727949991665835,0.4374892915207109
3475,train_images/3e6bfc4d5c65.png,3bab5bb9b4265a8c52769764034b5e437599448d3d1714aab6e091fcb4fdd48d,3475,2,2,-2.4398356610264784,0.9300514122790737,2.012207874958705,-0.6718103702335068,0.16937243964568838
3483,train_images/467b7d9d811c.png,12773569ae779abcb67c250af85b9cc987be3c5b4fc605e30756b6aa2b57a46e,3483,2,3,-4.629417033184957,1.0017714405224307,0.743258809885625,1.7280737143330107,1.1562987556346478
3486,train_images/49419f8d5cb4.png,54012dbe40c256e6d33810cb9748517164f72df1286cc39719ded4004e413838,3486,2,2,-4.247757873140479,0.5298364047256072,2.317796743472517,0.7666520676177075,0.6334583145387369
3488,train_images/4a44cc840ebe.png,956e78f8545d1e808104b24be48547517799c4764795105a42e7e3020d9dd59a,3037,2,2,-4.061829176930125,-0.35648453679456793,2.036280310147146,0.7607754869999042,1.6212435991961462
3493,train_images/51d0034d177d.png,e5622af79963d4998209177672e27e0bfd9cecaaf7133b42387969513852f255,3493,2,4,-4.044640585884782,-2.989431366690612,2.016016882153123,2.3443504185871102,2.6736903366165894
3498,train_images/5cde55f745af.png,6e6af057db49bbaf1ed7692eda1aa7d966cc0de886e9414e558e09d92aefe9b2,3498,2,1,-1.7378599296754977,2.0331454808301395,0.22464137061843426,-0.7742169056809756,0.2542756616101116
3501,train_images/63d217b059b6.png,675d9bc1dbb995a1396e0e48605475aac4b683791714ed6636508591d9f14221,3501,2,3,-2.9803803567909952,0.9276433472254304,0.797520694745934,1.1757124526911902,0.07948954256900587
3511,train_images/7743f4e04a6d.png,44d00cf28bd0f91b7baad3c33bde57288746c83534299024531e0088141aef2c,3511,2,2,-3.864893151235375,0.19398032633696083,3.0133899565159683,0.44183898956600487,0.2156695971479523
3515,train_images/80b5a9519aec.png,af7273352117ace4fc4ad5e8b112408c4f6362aaff5cb0fea05bed80e4d3c30b,3515,2,2,-3.226470972277337,-0.18609467905064214,1.684678879156531,0.5277494045121909,1.200123042472201
3521,train_images/86b3a7929bec.png,c2910f0d9fa83aa40d7de032076571b487b423f1104ebcc233fc4adea64eb572,1134,2,4,-3.0124936502172517,-1.2889928885049056,1.2671899823275425,1.41021005542272,1.6240722000107644
3522,train_images/89d2a7403a06.png,9b58f2686bbe38f99e8f15751b3cd7b72eb0f25b0f3e83636d125a82c425b1dd,3522,2,3,-3.8163690124321334,0.37589763691928013,1.8047016445671629,2.049494376232685,-0.41373898637706974
3523,train_images/8cb6b5b2f19c.png,1b99ec60c6461d28a211d71d238a3c73aaff3255fdfb47a39abf8b4fe5b7e9cd,3523,2,2,-2.4191086062571365,0.2310115273111144,1.640271216644308,-0.030876123197593586,0.5786876680880573
3533,train_images/9cedf5c7016b.png,419fbbf945136d3da372f2ef1e54474ab2bebbf8ced7cdecb4d2978b50bf244b,3533,2,2,-2.8383392009985826,0.9851272661380879,1.1220798290158658,0.3753080042173238,0.3558097604346575
3545,train_images/a64273801bde.png,6040533c19b458a6c1f538d9a9cc64599b2c27b5a7850f4aa08539784c6faf4d,3545,2,4,-4.264251825108719,-0.819813577745224,0.8918150997676513,1.7393678649431354,2.452868115078946
3547,train_images/acc9f29538c4.png,587e3a7e2b4b4467a0ef736c83470ad8f9e349e5d5dca41109e569edff5a8b2d,3547,2,2,-2.0124457763363743,0.26432822713673687,1.4315489433453443,0.08400322180929365,0.23255105385504438
3551,train_images/b82d5f1f1145.png,ff24f64bf9e1e111bde4e5d6fe4fbb526dab33d7e2a0ba3122da0318141f0553,3551,2,4,-3.2801895825929037,1.271726726907687,0.8552412804442564,-0.2646316271556808,1.4178389180843811
3555,train_images/c406325360b1.png,81ac9e73ec9bbdb040de4417cf190546f5c04b10c4753de920b97af8d5d8c9f9,3555,2,2,0.14991205421183906,-0.8304516050235247,0.7918588857461666,-0.2511952545031164,0.13986158263703263
3560,train_images/ce887b196c23.png,50030ec7d40919ba8ae7ecf7cc145950f1cea65f54da0ed9630dfd3b31c9a026,1949,2,2,-1.8663735860063824,1.1839679496221134,1.944111746327909,-0.7918948755302075,-0.46982560493672354
3566,train_images/d95959798b57.png,454041f3d5fff4ca2a175384664385b7896ce48b9e592a16c9f4f45a83a36c7c,3566,2,3,-4.625945699758475,0.13056873843238215,1.7207611034062482,2.1832092160862278,0.5913923790498057
3572,train_images/e03e70bc8bba.png,d45866ba5a30e959f69cbaf41de39a7e8a437df9dc0c45e8a2bc7272a6470e36,3572,2,1,-2.6744559932845036,2.708277419340966,0.4246025780208247,-0.8118573769306128,0.3534191098750117
3579,train_images/e9129ce55fd7.png,a77ffae41a8dbf318be23f73d39958fe30036d8144460448f09bae4e2cca588e,3579,2,2,-0.8927258997216505,-0.822702042170647,1.1162230006033105,-0.10834438804268665,0.707534989667995
3580,train_images/ee02294cc3d9.png,58e048bd8fe956db6c1a8700cacb5190c27e149fff4ef7b02a42bf948184646e,3580,2,3,-5.2814461770984735,-1.5167330729819888,2.162602246118374,2.87293866491337,1.7626240199246124
3586,train_images/ff52392372d3.png,72cbfc507eb423acbdc97e5622ee600758feabc55cb6a1ed3c432bec9dce9825,113,2,2,-4.371098663906732,-0.589816617088724,2.8076794030200336,1.0204636111742431,1.1327579789016604
3590,train_images/3218a6d8eb2c.png,ffe361a72de65bf79eff34c44aa34ef145acb2d5543b529f72e903fce145978e,3590,3,3,-5.072720012028803,-1.659829592857772,1.7850597357753268,2.778431262974003,2.16904428224985
3592,train_images/3f49f8d100e9.png,651b5694eeea55ddb4f73942c1d0c8000cf553327173f683b5f0e90274f03059,3592,3,3,-3.565314103650504,-1.7626679534492702,1.3070285867915028,2.7198694037043882,1.3010697596014822
3599,train_images/8a9bef2fbd4e.png,9abbf5f2581176d481cbad05e3f0d01b6502284ab8acdc0068752bf2821c5c29,3599,3,3,-6.308857346582812,-0.9917342874366764,1.9145216254773114,4.072002618805383,1.3140530609963674
3601,train_images/91cf56d3d1af.png,eadaa2e8be522099b564ba2bf141320de0f9306ec0911a8cbd647e6a784b44db,3601,3,3,-6.330086318035221,-0.8881771919744121,1.1788420931945167,3.5332062286290444,2.506200899579137
3613,train_images/e32a359be36d.png,d8cbbedd343d5d5a54e6a432e647119f1e417d1d69ce39ef9d4b3c739701f07c,3613,3,4,-3.458915657366667,-3.6109735366894373,1.296892316944536,2.7315848772417546,3.0413976959584357
3615,train_images/f080a22008be.png,388333b3e777dacf1638a1b51b727ba393edbcd00e54d824b3c67c6bc6e32440,3615,3,3,-4.998635266512704,-0.793644509013193,1.1003705885081123,2.486539900568408,2.2053550147359497
3616,train_images/f6f433f3306f.png,7bd68c65ca3e6f435813164e3d3681fa1092ebfdab64e3cdd9d5393c461e9034,3616,3,4,-5.675661038299289,-3.9767606748099045,2.2654665651184946,3.2333118035078865,4.1536290178719
3623,train_images/312694ea8e6a.png,6db66c963e7961f8ffef3d5cd2166beab7851093e4ed6be32fc691e1d7a7cfd7,3623,4,4,-7.107787555107258,-2.517733442349792,0.20679580758785576,4.469644764540298,4.949066186697879
3628,train_images/6194e0fff071.png,bed825b2ba7b3994fe80aa8d6eecada587b90a2922e74e41d0da5aa7c4d46664,3628,4,4,-4.045108416649864,-0.9465671376583771,0.8182599087556197,1.9678241826317624,2.2055771788468
3632,train_images/65c958379680.png,e6f9745fc366b3ec1bfef3ede76b78ad12259b256daf7f6f10b8c31d28e6c910,214,4,2,-5.357835951225081,0.22550444577497153,3.060394802419625,1.313074921318936,0.7588474626482777
3636,train_images/72d98188648f.png,f540fa14be4db251adc657bd903a43b4e8e40d03fbb74c8820191e54d06fef53,3636,4,2,-2.919504690760938,0.5290320402876691,1.9373778691294343,-0.293533666177737,0.746614115585988
3644,train_images/97da093947e8.png,6128f80776d35219ab57d4cd91b03f82ae6ff7051b33cac78b3c067951468f2a,3644,4,2,-3.0630503224385635,0.7744799066535624,2.2567664062379134,-0.7656162037705823,0.7974058596255573
3649,train_images/bd9904495ccd.png,569c78dd81b72b3e155e0b5df8bedeee4d120681a1ebe399f55d19e74094cbc1,3649,4,4,-5.574877542185771,-1.2058005068937092,2.026676287408273,2.024347620618361,2.729639823614206
3650,train_images/bfefa7344e7d.png,aa6bcb0a2b27e2cb806eee7a39cd3de3a9af1ab8890b122547f3156fb2885708,271,4,4,-2.6816710672474535,-1.6692603473847551,-0.1959128965449599,1.823726922340537,2.7231030762745254
3661,train_images/f5e6226bd2e0.png,2dfa01b045d26af90cc3b338a8d9a77ef9580cde705ee3b3523c566860ff5a61,3661,4,3,-6.119984249307176,-0.2016160925148096,1.5212064324457122,2.7971575655363257,2.00322202356014
