pool_index,image,pixel_sha256,sensitivity_group,target,prediction,logit_0,logit_1,logit_2,logit_3,logit_4
8,train_images/e135d7ba9a0e.png,bb273ecc34c5479ba09ab2899b2c4495afecb09b3325e86facf684a9d0a22865,8,0,0,9.905617,1.9889336,-0.8976455,-7.560158,-3.2078495
15,train_images/70ed3ec68b94.png,df2bc888a0b0f1579ea13b07c53659409421f572dfc00890a689946c4db2f0a5,15,2,2,-7.142624,-0.0692749,3.7452986,3.0223732,0.21840668
22,train_images/cd972e5639e0.png,8bf3bb791f8fed8fe4f6be8312b8bd599a16818d9da054bde0270a3e275a4546,22,4,3,-4.6312637,-4.676403,0.6511513,4.8678284,3.5305767
27,train_images/7d261f986bef.png,15cb74dabb417df863cdee4e9db9384b75507e47fa7f89219bde8dd58ba26ed8,27,2,2,-5.601528,-0.7614708,2.5537663,2.1022491,1.5254021
35,train_images/1002f3fe38f0.png,25347fc0830b432a087a3939738bebace38504a817a1eaa3c61d060318e7239c,35,0,0,7.9503517,2.0684814,-0.6842208,-5.675804,-3.4212208
36,train_images/2cdcc910778d.png,25f776d036c103e8cc68ae6b6d3519d2b3fe161547a2052f200b728a03dae445,36,0,0,11.865772,1.5186119,-2.2373009,-4.597519,-6.245365
43,train_images/f576e45d1da2.png,814432c8827b330af80dc3d0492c1053adb5037d7cdd7753964be3407d1dfd65,43,3,2,-6.0453224,0.95550156,4.725731,-2.2906418,2.4798489
51,train_images/c639d837f5e4.png,e8e9c4a5048e6347251bb5404564b66173ad3ebfeb5cb37d9ced01f93e51f177,51,0,0,11.367161,1.3175659,-2.5709271,-4.144211,-5.662071
55,train_images/e4d3d437b0a8.png,41c3f3334ef7a846a4ecf662ef40ea5022d0f3d4791931f04484bc25b417dd59,55,0,0,8.502293,3.711769,-0.12592387,-8.0289345,-3.8225594
59,train_images/d16e59a2b33a.png,531df0e7203968d9caf07614d3f4928a734b9750477745aaf08f93db203c3efc,59,0,0,11.604954,3.165409,-1.1615791,-7.4717064,-5.82498
61,train_images/3fd45879afe6.png,30c56449918e62d2064409456b92749f383b21a07dc99cb73eea9287a88dfe01,61,0,0,10.12336,1.0258789,0.65903246,-8.998791,-2.5709934
69,train_images/0f364b7d4384.png,2e21a8670884965e1e3bacc9104af186303222592b851b17618a22989243dc00,69,0,0,8.709148,2.1538239,-1.901928,-5.1337585,-3.573841
76,train_images/7aabd768abff.png,756c4c355c67be7071b4b6a0c8d8a8d13ea48efeb827014ad6e579e22f7e4600,76,0,0,8.553761,2.1238174,-0.89523053,-6.815731,-2.7520676
79,train_images/996f9bba4ef0.png,35cb1db591b5dc4f3cace184ac27dfa90652f7ad178d2b18ee5147adc7ab5e2a,79,0,0,7.991867,3.4334488,-0.72015285,-6.378788,-4.1308975
85,train_images/8d13c46e7d75.png,d2f22fbe803ab44dbf5045d73ef7490a43bbeb36723a2dc5ce355819da011949,85,0,0,7.8977356,2.2870712,0.17815328,-6.8400993,-3.2891102
93,train_images/99132193eaa0.png,640978816d12c3e6595ed9be32b97832727a8759fa2f48fc8b74f853e399edf8,93,1,2,-5.4667206,3.0428963,3.6138425,-2.2350807,0.8409748
95,train_images/f8cf7ed8ef00.png,4ae5c3c232e0fb22b94409146e80925117a6eccc0d3c9eadce2501795fc6021e,95,4,4,-6.1070137,-0.10404968,0.79505134,0.46650314,4.703375
97,train_images/a3ad6c2db6f1.png,1692b3478b04b0a2a8b31e825574748f96afa952c0c9612536450028bccf02ed,97,1,1,-4.1742783,2.5568237,1.8613958,-0.73280334,0.35676956
100,train_images/d10ef306996b.png,04e63318934dbaf777231dd5edd8c7ba2ad9521d5580ad811775bdcedd743bde,100,4,2,-4.94944,-1.5386353,3.5388322,-0.0953598,2.8669567
105,train_images/8d3d67661620.png,c6488b9dd6b0c0891dcf85c042d907d6f7784c1271b1172729d0ff4b58768a99,105,2,2,-4.0197983,2.9237785,3.369518,-1.8740921,-0.5491924
111,train_images/57a5f1015504.png,1625ec89e7b02f9de0f1cf6c0426837f604459db9b8b8ae21de39a714fa48158,111,2,2,-2.977314,-0.28224182,4.4756947,-4.2980843,2.9019623
114,train_images/c568e5245ea5.png,9fa965ebbe7e24c3ab3d5161cfaa523b86640bf731735216b8b5e8e47b41215f,114,2,4,-7.9859886,-3.8490906,2.001514,4.6477776,4.8761826
118,train_images/286e9981dd9b.png,1e651ed4e784a6039d809d4425c84ea52f4343f952088dd48c4ff7c5059f3961,118,0,0,6.29245,-0.7084999,0.22425342,-3.8069344,-1.8781033
123,train_images/7f1f3269f546.png,a08245dfdba67f139e0fa82ba52c6f1049439d86035a08ed6bc617c9a2b774ab,123,0,0,9.92424,2.5273056,-0.27379465,-8.064438,-3.8536263
132,train_images/7f6690fa390a.png,f9bea23242f11de3bf864c27229ffc5ca4610cb2103c78154b187a76867b1987,132,0,0,9.597931,1.2181587,-1.922904,-3.857975,-4.762142
139,train_images/4f5dd7660b17.png,af756e08a814b3068ebeef5bef382b42120464180ba0a2d836c4a87a080c29f6,139,0,1,3.703041,3.7882118,-0.38711882,-5.230877,-1.743082
142,train_images/b085caa513a8.png,0e90f3dcbd80df4ef5b20f509def96155ebec789294c647cd949d9bb72be2328,142,0,0,2.9624062,2.914692,0.9437921,-4.9431076,-1.7918015
147,train_images/9c6512166557.png,78137f5f5c58aa40a4603a5a774a7eac5c26605a66d084b7f9c30399162bf5f1,147,0,0,9.964123,1.7732468,-1.9046235,-3.9730682,-5.564842
148,train_images/42985aa2e32f.png,4d811f303a66afd2315e0860722112a13ae69203166d09e45ab2545b32a8bfa3,148,0,1,0.99816513,6.08453,-0.5962291,-4.912369,-1.5726833
153,train_images/069f43616fab.png,d1787069e8da415663eee3a04d264958413555a5511dc1cc399b2167def60883,153,3,4,0.36708832,-0.83813477,-1.504535,-0.16448975,2.0836048
155,train_images/7427dedafccf.png,39d4faa1daeb02e672729ff1eb11a417b102d44f96885c0d0c6a70c62e541905,155,1,1,-4.1704674,3.9785194,2.3511703,-0.48169708,-1.7803402
164,train_images/2fdfb80ea53c.png,ff55b284d8dc770d034efccd2f13773e86fa2eae2af08e8bc99114552ce29598,164,0,0,9.771206,1.445858,-0.6640625,-7.122776,-3.2274323
171,train_images/cb75210abebe.png,c071b7c4140e7ff9a5a820fdbcfbdf9c271ad7f35b89626e6c7fd3f89841d730,171,2,2,-2.4125137,1.7035255,4.347607,-4.299919,0.5372715
173,train_images/15cd5f52d300.png,40291ede78158fc2cb41e85b10b0ae2003fcf288ad3d7426e59e439818b21d40,173,2,2,-8.231541,-2.6011963,4.0258327,3.2897606,3.2392006
181,train_images/f72ef9ceeaa8.png,75aac496a24a7111f4375d813f2e7ce00403e00e686a23b496505cea129064bc,181,1,0,3.7511292,3.6020088,-0.97236586,-4.3582497,-1.8504868
189,train_images/cd01f4f83336.png,9207d5a1a869f97f6a4bec9eba5d196b72c0ffd6adbc490393aaf777abb3a7ed,189,0,0,10.538425,2.4284515,-2.7996259,-3.565403,-6.308403
193,train_images/e966850247f4.png,58e2a7277a2ac0ac8fa0b7e7dd0390da3ff5df3539255a5b1f84b3ee06706f1e,193,0,0,7.397377,0.9987755,-0.40905046,-5.749859,-2.0381584
198,train_images/51030843fde2.png,7beb7ebabdfab826aacb68d7a82b3afcc2de28f606c1e9694192e5cbe48baa27,198,2,2,-4.71941,0.21405411,3.6240282,-1.4715614,2.158886
204,train_images/ab3c505b624f.png,d49b741e3604873f86437bcae43de59e258f405e960b91f3ee86e95a5258aa2d,204,0,0,10.672939,1.0359993,-2.045329,-3.741829,-5.6177444
211,train_images/91b7a4179ecf.png,79debf6e6dfd182c4034e34834334d29dafe7c8661ef47492a88cf736b4a7fca,211,0,0,7.6613426,2.9507446,-0.68797565,-6.3454323,-3.327877
213,train_images/6181aa9f75f4.png,0ecfd3ca86af6f8510be48b808b2e1b805e780719669a18953a5330122dfdc6a,213,3,3,-9.341084,-2.4304085,3.5795834,6.349083,1.5635815
220,train_images/aeed1f251ceb.png,014548e090df9d1d91b4f01d9f9dc41981741dd319047fabcf785f01d71504a1,220,4,3,-7.706192,-3.0368233,4.0572515,5.1372223,1.2837963
221,train_images/a4b8de38eac1.png,2fd1eb23244d2619090010dcb16a906e1b69086dc10e9ff6a4737c34f83aec61,221,3,3,-5.5167084,0.050827026,0.33978558,5.5633507,-0.6747856
226,train_images/d6283ded6aea.png,94c13693b2204616d83c59d0da63c262b8e6bf70226f3930fb9f81c97162e050,226,2,4,-9.234009,-4.804817,4.172908,4.364582,5.1804314
230,train_images/ed6bd9293a89.png,0d8b49b59fe05e8a729ad326be66cc33755d23211a4b795c4de3898a0d426d1d,230,0,0,8.5831375,2.5589066,-0.6971588,-5.97818,-4.1915474
236,train_images/be21d8b60e2a.png,4a9e2d0090302185388fd3c3ee7611c2d33cc48c96725505b9b10ed84e2eb558,236,2,2,-3.3050575,2.9044228,3.214259,-2.6224518,-0.3035221
243,train_images/9d1feed37610.png,9256925a7578b49cd2d84603bc684d763d709a84f347cd805ae0cff692a13975,243,0,0,9.392361,1.2522316,-0.24642944,-7.852463,-2.331213
246,train_images/cb68fce07789.png,c4d631423c9fcc239ccf3628a96cb9cbd1dcd8ed2bb11dd46962d0b12669a0bd,246,0,0,8.485756,1.7340355,-0.5949726,-6.8449707,-2.5528202
252,train_images/4ccfa0b4e96c.png,813abb7c889c6a8cc6abdb00b1c927cf7136d7dffe8233ffeed228a3ed0d6287,252,4,3,-5.4996223,-0.5598564,-0.32615852,3.2277718,2.9520817
259,train_images/174db0854291.png,3e566ac8c1a916b23606dde41cd07324427c21c3c92c8fda73790c6d0c44f885,259,0,0,9.135822,0.8219452,-0.03987217,-6.492977,-3.1830292
260,train_images/389552047476.png,764f7b8fe9de48e3d7a1a01e278c1f0e1e800e3b76ccba8191c11b4240a90948,260,0,0,6.2937546,1.3981171,-0.08520627,-4.9599686,-2.453699
263,train_images/8191ae701985.png,a78aa941512101fe2cb62211b55ceb7244ffaab272be4e184d01143c3c63a85f,263,0,0,7.076977,0.92388153,0.014957428,-4.898205,-2.922598
272,train_images/14515b8f19b6.png,f7a4062b28b87de188dad43b8db5e581f4ac144fed195eaef7a8744245cc358b,272,2,2,-2.985878,0.82369614,4.266411,-2.0772362,-0.1440258
275,train_images/692e946b1f85.png,0dc8aba96f86cb0f0b554c9830c529303328e002be3850e3114f1bb40d6e90f9,275,0,0,9.506329,0.9279938,-0.85336876,-6.2154236,-3.1434555
284,train_images/ac17cc18a994.png,6a666a67c2bd0d0d1b40676260c5cf910b93591180928a6a8cf44cb0eaf33e3d,284,0,0,7.5311966,2.8155327,-0.092619896,-6.634987,-3.4007702
288,train_images/291e2ff3d834.png,f2cb4129c238bdbcbc5d0c5b147e0bc8048f388fbff51b9afc15e6c0432ceda2,288,2,3,-8.043346,-3.080555,2.5972776,4.9137306,3.3530407
289,train_images/650104ede84c.png,c403c8a411463891151c9dfead0130f604bc13add652efb462670ddae67d10be,289,0,0,10.882561,2.5360146,-0.5149615,-8.932022,-3.6898212
292,train_images/2fb3a8606a77.png,59f9ac56fc35d9f3ef7f67f666c1b4914a9a41e8fe426c906ae48255d856ecd1,292,2,2,-5.2187576,1.0717468,3.3436313,-1.0120506,1.6291103
299,train_images/5bea250d8bf5.png,f8f66583ac1603e4c6fd6c9a4ca693825e9a492bc215e26a55496e4a133ecd29,299,0,0,7.904457,2.0026436,-0.9577799,-4.754841,-3.9771194
310,train_images/b90bc89ce8d8.png,da1d0ff3e76dacf7f3429b1e2bcefa985ab21e27f50fea1e5ecd67bbff32f7a6,310,4,4,-4.5266953,-3.785881,2.6314764,0.4740448,5.019228
315,train_images/c8d2d32f7f29.png,3f00dbfe3bf9f8c3675c7bb6b95fd76fe6032b82e66884a46447353dbb7d72c5,315,4,4,-7.4734955,-4.0893745,3.359179,3.5588417,4.4060726
321,train_images/baaca2f7e1f0.png,25cd3484e9c3b69aa777953b698e698a554850634fccc53f6da1106d4d8dcaf0,321,0,0,7.762993,0.9168091,0.019413233,-6.1558037,-2.3583088
322,train_images/80a02014b418.png,efc69b5d0daceb87210b325d6efab743ed71e3ce763ac86af7cf71b07f6f48af,322,1,1,1.1334686,5.5062904,0.28785896,-1.8474274,-5.034626
330,train_images/3af9aaa880e9.png,c0d62901d9c2c01edc5b70179332b768b707db752f371d9ec5314c7219ac42ab,330,0,0,9.921116,2.116909,-0.30728173,-7.897831,-3.5802422
334,train_images/be68322c7223.png,55eb17af9decbdcf7494ffd92b4137b1d7067f27bc91e4f6a5b6d218770faca3,334,2,2,-4.394802,-1.2868004,6.322935,-1.9076157,1.053608
343,train_images/5b804948e35f.png,c0d76269af9edeb64d5e9cb485eeb3255c91d67ce2cf9d9bb980d540669305d3,343,1,0,2.0932198,2.0920372,1.6103734,-4.6007576,-1.1419926
348,train_images/5671eb95512b.png,64bcb7a926e50038e0df84a4402ecb66724229998667447fcc502788673d2dd6,348,1,1,-2.326416,2.0101776,1.9708459,-1.7545776,0.060689926
355,train_images/034cb07a550f.png,3f00dbfe3bf9f8c3675c7bb6b95fd76fe6032b82e66884a46447353dbb7d72c5,315,4,4,-7.4734955,-4.0893745,3.359179,3.5588417,4.4060726
356,train_images/1e143fa3de57.png,d9693f423433ba9af946e90eb9c4ef4ca1437c9be236e3087d8decee8a86835f,356,2,2,-9.116138,-4.136471,4.580212,3.9053917,4.476637
363,train_images/2b21d293fdf2.png,4b81430cae386db2b934e8fb0a8a138cefbe6b9ab9d28df2af982cece289a385,363,2,2,-5.3426247,-2.8741608,3.955192,1.8168983,2.271347
369,train_images/c9ea9d5eab65.png,92a1fc4c05c40767e6e83fcbef444b95be9e63907eaada43a6e7f06fef9d3dd5,369,3,2,-4.029293,2.8867378,2.9738145,-0.30812836,-1.6741371
370,train_images/9a56cfb980ec.png,1523ce95eaac437dd0f89fd1fd8820d7994a494d73c94b5a93f451e6228106c0,370,0,0,10.544853,1.5946503,-2.119985,-3.614891,-6.1190567
378,train_images/80c67efc8101.png,e716306a851be6c34252a751cbe2834a10fdb3e797055f1d898b6f7264768d0b,378,0,0,9.535988,2.1664467,-0.70903516,-7.6807785,-3.0679893
379,train_images/4ad8d3ec8789.png,0ae10118f919999cdc53ac0003a698891c124f71281af9e557bf44a3795aa7ef,379,0,0,10.181393,-0.000831604,-1.434511,-5.433235,-3.0339012
384,train_images/2776d70724d3.png,42fbf5f9b3bf84c216881f462bf192d2a82c466289df5fc3edc6caa07e5660a1,384,2,2,-4.0373917,2.0987854,3.492775,-2.4802704,0.839283
390,train_images/97a5ad7548b7.png,908fe79d42556b58feeaf61f44452e5436bcb20fefce68d91da464c9602e3190,390,2,2,-6.0045013,2.281376,4.4063168,-1.4858742,0.63017464
395,train_images/a6d45de20e4d.png,e8add7e27effa3014aaf72ecf4862bb66d95dde52a94be5bc8eac07b658baf41,395,4,2,-1.9402275,-0.4304123,2.556446,-1.9456749,1.6804218
398,train_images/1d55e689cf84.png,35cac3316fd9d76cc3f7825cd6bfe7ad6f96b8621014644c6d5a9d54a9a3121c,398,2,2,-6.3209534,-1.8843269,4.2747684,2.062687,1.6277161
403,train_images/356304d15a5c.png,98a9038ac664f32aab5ff78e3270be53f778f9b903ca6216b9a3a92f17681b9d,403,0,0,9.621639,0.6369858,-0.9106791,-6.222595,-2.867527
407,train_images/52ae917fcea4.png,bb50a3e5f7db9c953aa73a7bf2281a877c03e4e4f64187e7fefcce3b48b20f82,407,1,2,-5.5788,1.5063705,2.800068,1.9109917,-0.7943363
414,train_images/0ef4c61dc056.png,3724387b20c9c4c6c3866e50e93d7e8fa0ffb9ac69e40b337ce597de6a7c50b4,414,0,0,10.849155,2.3907967,-0.3359828,-8.49744,-4.1156387
418,train_images/a8aed92940fb.png,0a0999ce54f1e7dfe1597ce4ab13da79d6a2100632e7b8ac4e96d5e8c6bcad5b,418,0,0,9.888645,0.6540108,-2.2276788,-3.7402534,-4.3096523
423,train_images/357f02a779d7.png,ce01df24283db786c10428c6fb53d694ea2f3e2824f11bc1a4c437aa08ec3078,423,0,0,8.811935,1.6184387,-0.9297395,-6.0561676,-3.226347
433,train_images/435d900fa7b2.png,99eee87519c0e16e6cfecc3f4b7b7f8f18a0cd2cbad97860492f2d35faa9973b,433,2,3,-7.854084,-1.6171341,2.942323,4.5313225,1.7093925
439,train_images/eba3acc42197.png,f797b7d2bc34ee8f70bf5b4372d32e30d595549bfb964d3af1ffa265f3d27274,439,1,2,-3.4976578,2.615467,2.8812766,-2.0244331,-0.059013367
441,train_images/f6d760566a51.png,0c666ba6eb05c358ff26cc1503c1c87db61b9e850511647d23dea278951c3a38,441,0,0,8.403019,1.3653374,-0.040419817,-6.70047,-2.7896805
443,train_images/0f96c358a250.png,457d828f5fa90f8629e70ee6501144653ff081564ff24266fcb89b33d1c3fc06,443,3,3,-6.1688538,-1.034687,2.0464149,4.310646,0.6735611
446,train_images/a1faeb4d5f10.png,3a398944ef38f3a45059bd48d94d44b428c3c2a890b78d2d7173b2c1f25abecf,446,0,0,8.40937,1.6246948,-0.7295146,-5.8938065,-3.181921
451,train_images/5f6db235c04d.png,feb4aa5a5dd35f23d1be36886a9831bd71e692bd19c5003f36d229d6b909e9af,451,0,0,8.0825,2.69199,-1.2953148,-5.0223045,-4.246481
454,train_images/6b7cf869622a.png,c51e01680d7ad830f4591432953eac494bc98c172d9b97e781395ad26f8081d2,454,2,2,-1.128746,2.9532127,3.2247913,-2.266758,-2.8022823
462,train_images/22449af52060.png,d2dc682c757eca02d89cc60fa289e500710c99a84af37a45b1e2f204161407f3,462,0,0,10.228024,2.616619,-0.68188095,-7.3576775,-4.526516
463,train_images/fe3b0e50be78.png,d290ad88bb825273f6ae0143991669a47a5d1a1f94be314621c213a4aa355bd3,463,0,0,7.758869,2.20813,-1.0770857,-4.9557953,-3.668394
468,train_images/88e5051f65bd.png,bdc64072feff821beaa91f08b92bb26d1367d45cb4fe31c6a74060358163919c,468,0,0,8.935009,2.8764038,-0.9504986,-4.144615,-6.503002
472,train_images/5eb8fb1aad41.png,d09ae6cdb4be2b56a94c809df7265ffc5367714e428d2bb584457b03d58447ee,472,0,0,10.655491,2.3593674,-0.7653351,-8.372833,-3.5832882
481,train_images/222f3ee3a1e8.png,8036db1c6a0973a7c5a34996b7ea2bca866dfab2dc2914703b520c7f858ec1e2,481,4,4,-3.72649,0.4288559,1.1405714,-1.8406792,3.813919
487,train_images/1bf30c84bbad.png,77e039221750789e9c9207c0238e849f47a2cc9075296c124d54fc9664d46fea,487,4,4,-3.9802933,-0.2339325,1.2502321,-0.98365784,3.7697906
493,train_images/dcc6c0ad5cad.png,828b716fbdda7933b4125d61062b1e6d2370e2e4f8351eab10938bd1a234f30c,493,0,0,4.9210014,2.0188904,0.50664175,-4.5004845,-2.7821407
497,train_images/668a319c2d23.png,0d01e974b09bcc249e7825f31b07a35755d57010e8de869dfe86e171517997f2,497,0,0,10.141369,2.6510391,-0.7044325,-7.3905487,-4.39839
506,train_images/2b88cb6e31cd.png,9301dc238c2fb0eae0ac6ef041b009954c995f7a3b9fb9533d2c3289f8099608,506,2,2,-5.331257,0.9455414,4.013253,-2.121189,2.3181763
508,train_images/ae2c3f6312ef.png,166c1bae54070430e62ec2c259491360958588f92797a2a5b37f854df57a904f,508,0,0,8.225773,2.569477,-0.5980203,-6.834526,-3.1233501
520,train_images/76fe19ff64fb.png,77466ca05fcfe0b76fe3466c08c1dce855064598ce9d42462fca09b4c6ef687b,520,2,2,-3.9259338,0.26306152,2.896162,-1.2839432,1.9092827
524,train_images/10ecc5292ab1.png,8aafbad8ec99626b592b505fe0dcc85681e195419e6bed1e9431ccc950e3ef0e,524,2,2,-4.483574,3.3234634,5.0304623,-5.8333473,1.8125153
525,train_images/45c39ab9e797.png,14bac39ba703ba161b343e7d66497a65096d6646c2b705b69d97f99cbd52719b,525,2,2,-4.4052467,-1.8714867,4.01632,3.3724403,-1.2685528
530,train_images/0ada12c0e78f.png,7c9f98c629b196ed7d4844ab85ef18728ca8a4b417264b00ac7995f4a0a54b19,530,4,2,-6.853298,-2.8560143,3.984874,3.632309,1.8737984
532,train_images/247ac63e5510.png,a9e70d6b8561ba10d7724c711c4dba6cd5428fdb1713d576ce7ddf65f1f927e2,532,4,4,-6.8803444,-1.7667656,2.3773625,-0.22237015,6.2575417
543,train_images/be6cbf6e5b10.png,585c3fcd506441bb63c5ed86efa72eda81010f08827907b353171d5c7582b0af,543,0,0,10.470421,2.2358398,-3.0976048,-3.0533104,-6.2712574
546,train_images/1ca91751be4d.png,8b10f56a06bb6736b5835220587ad434d09ab88caa48fbeb90c352612de44eb2,546,0,0,7.7659035,1.8669662,-0.3752601,-6.456188,-2.618187
555,train_images/4cf4d528c08e.png,d48f3f1826635b3d7a43551c276db83377123d74b77e7f5434ff408540a02308,555,0,0,13.0597725,0.44537735,-3.1080532,-4.460182,-5.589489
560,train_images/a07d9a5045cb.png,f2e0ca65530b82e7b10aa52c1be56e740ec1367709da3807dc259b32451cfba7,560,0,0,9.643314,1.7820053,-0.9128859,-6.1536407,-4.096596
562,train_images/4ef0b485a7da.png,68703fa40a05286bcef451965ed50c269e1b42759ee54999ea5813ea2b41d4d4,562,2,2,-1.0455246,-1.8980751,2.7601314,-0.49870682,0.59441185
567,train_images/13d014ccd136.png,e3e6f823e529de22160d9ace88268dfd1aa6cd7aae473db98ed1c3df67a44290,567,0,0,9.310963,1.1296425,-1.2789702,-5.6049576,-3.2899475
572,train_images/dc6fa1b38b83.png,c68b346c65af77abd32683e35de2f4e3a045f5c1b549d0808ec20ce767214724,572,2,1,0.90382385,1.0501747,0.32025146,-1.6728363,-0.5835037
573,train_images/8543a801dce0.png,124fbb53510f23ebc9aabb7e9d92258602b65a8ce8e695af22c3bca19634297e,573,2,2,-6.9185753,0.9791641,4.440089,0.51807404,0.7847614
579,train_images/eb6b1f1c09db.png,41442567b90b288686f1e063092eee8b8c40df4056785665c919bb3f0d6aca83,579,0,2,0.058876038,2.0140686,2.8702998,-3.552681,-1.39151
583,train_images/3f6bccf21ce8.png,62c1d573727b2c39974c6d2c0436d9a257112ab9d1e0da3111d3580cd90253a8,583,0,0,8.556412,1.4745636,-0.3819132,-6.197544,-3.200657
587,train_images/05339950962e.png,d7ad6cc368ef7f65c38716db555ca566dd1f4253a9ccea6817a4792bf45602cd,587,0,0,9.0673485,1.0805206,-1.2170792,-5.8066673,-2.8687038
594,train_images/aaaadb174012.png,12edee50ce755054d0b958558172634c35413765d7cdffb9d9e36c0a758ec58f,594,0,0,7.549759,0.44394684,-0.181175,-6.400036,-1.2400246
601,train_images/bf87aedf2489.png,9ef958cc936bf5be58d23e02fdca59113ce311697f401722a6a84870732fcc4d,601,0,0,8.367912,2.2279434,-0.051883936,-6.499016,-3.7810726
604,train_images/67c03349bb31.png,c7af6bd1ec39c583a3036eeb1631b6fab76331c4b1a726e382b76395e9b54fcb,604,2,4,-4.3727303,-1.222496,3.0580091,-1.3134956,3.6640244
605,train_images/9122b31414d3.png,881ebd6d9f2b265e40a7aa0a27393699764bb82cbccf20e5be85828a8403a0f9,605,0,0,10.407181,1.1196938,-1.2302284,-7.215397,-2.8484116
613,train_images/7116128c65ab.png,05bde987e8d05ff01edee196a2b526621549bb8d3220e3bd9627327a93982b67,613,1,1,-2.2638245,3.1290474,3.0258987,-4.2402534,0.28663063
614,train_images/d1a60c3b9fe5.png,1d53f79af4601379f05ec24ea525d44e348e4c05bc74bf29f1c2fb9c9d3db5e7,614,0,0,9.383415,2.1822624,-0.55346394,-7.628887,-3.18252
619,train_images/2c827005b8f8.png,714bbb6f5e4014b251d9ec3a5489064e1822ab35b717a35863bc645fccee96ef,619,0,0,10.244228,2.7227478,-1.3062861,-7.502655,-3.887394
628,train_images/50d8a8fb7737.png,e0212fc338cb6bd5185bb9fda606930419ce26302fb0e6a02787761a5dbb307a,628,2,3,-7.6690826,-5.3097343,3.7483475,5.2596893,3.6925297
633,train_images/4dd5d5ccddcf.png,d9a707989b6df7277416275eacdc861b0ca07a9e9184ae38ca9e7a3f57452e1b,633,1,1,-1.1576004,5.688011,1.4503891,-3.775917,-2.235075
637,train_images/5cbe88914a72.png,52ddd040ba7aa6e43afba6b0a8e607d12a5086937cdc113fb9118d103567a7e8,637,0,0,7.6355095,1.8083305,-0.3133695,-6.159424,-2.770071
646,train_images/5dc23e440de3.png,3c651d1c245de22593ac7679f7181b1508ef13db701d6ee469d0918a064d3058,646,2,2,-7.7617836,-2.2923088,4.4164643,1.4253693,3.9645538
649,train_images/3b185ac445d0.png,777a5d0e63299299493a645151b70fc6880801437a2e54144724106ef4e6d668,649,4,4,-6.5759544,-3.205162,2.3596358,0.5682602,6.5425854
651,train_images/ba2624883599.png,f7a4062b28b87de188dad43b8db5e581f4ac144fed195eaef7a8744245cc358b,272,2,2,-2.985878,0.82369614,4.266411,-2.0772362,-0.1440258
658,train_images/1c13a1483f4a.png,094613f28258396ddfd3fcc17f50e03a6e72bf23c0a370e85a8b5429ccaed3c2,658,0,0,6.268738,3.1570625,0.24836636,-6.417061,-3.0886478
665,train_images/958c1fa044ba.png,364661d8d1e62dcb56f53e72db166c25a484a6c3e481dbddafb9b873be93bccf,665,0,0,8.935825,3.0693207,0.016120434,-7.7836456,-4.015667
671,train_images/4aa07d720638.png,a78460992d18f4936decd31522b089a6ce80e94572b365c9ecbf1c94669b5e3b,671,1,1,0.26527786,4.7719,0.74076676,-3.4267883,-2.3202782
674,train_images/1ae8c165fd53.png,654cb0c461256518d5c5f205d9bc3235e641b01afc35f685127eb56ea80acf23,674,2,2,-4.973156,2.3301277,4.557817,-2.704918,0.63405037
680,train_images/8c7c26c52a6c.png,b6d2b800f387d04c3be464271cb78997dd9034d002e7bfedf70c9726b46ab0a3,680,4,3,-6.3125954,0.9747696,2.7330422,3.1649666,-0.7552986
686,train_images/501c319f7a9f.png,8907f511178c727a626243f864d8aae6db43971c009b41fb1844a931d89ed9e6,686,0,0,8.443863,1.2820244,-0.5072391,-5.5592117,-3.4238377
687,train_images/f5650eb52640.png,d3e1225f59f0f576351383894196e13f4adcaf10d88282d640f5ff6f42c3f197,687,1,1,-3.5474434,5.6147346,2.7171364,-5.5789795,0.6880684
691,train_images/20404ec7b518.png,e96eb3f16c136627c5051d4960dd84afbf960b61affd788d8afc0a9b4675d303,691,2,2,-5.176552,0.99552536,3.5932264,-1.2088661,1.5954952
696,train_images/dcf109df1a2b.png,c3abf2a137d78531e2916b75ad73fab9600876f605451d2d1beb80f340119721,696,0,0,9.26862,1.6948929,-2.8780794,-2.353859,-5.4820995
702,train_images/eb32a815f78c.png,cfdf19c15238ebb85fbed778ed480afe531549895d6738adf6c79365f891c02a,702,2,2,-2.2038994,1.5105667,2.3211882,-1.9161186,0.2283535
704,train_images/77baa08a1345.png,99bbecc2e026ba99886f58e17d9f32d6e1ee086e48f1a26b69fbde727eab4933,704,2,2,-4.0474815,-1.3428383,4.646915,-1.2139549,1.8058033
705,train_images/1006345f70b7.png,99eee87519c0e16e6cfecc3f4b7b7f8f18a0cd2cbad97860492f2d35faa9973b,433,2,3,-7.854084,-1.6171341,2.942323,4.5313225,1.7093925
711,train_images/0f882877bf13.png,852ed341d5745a84de92f82f9778494b2e2e0a9802cf84efb6b091e78bc74390,711,3,3,-8.961853,-2.1179504,3.4912953,6.586872,0.7324772
721,train_images/42af7282349b.png,4b184e5d3f57a2d7ea421f7994a2eb27ecd94976edbd8157a7e41b77e0a1d6f0,721,0,0,3.5834274,1.041153,2.8354115,-4.8631134,-2.4845505
724,train_images/184a185e7447.png,3f978c752834ca6913d3764969430e04680d18c3d647c285380cf1d3a58c3efb,724,0,0,6.68874,1.7162628,-0.2708211,-4.9881516,-2.9570904
732,train_images/870f433e8f37.png,df6c98a7c00d19872b1951b90f9ba10eca025ac00f4fd0768324f74a1f018d4c,732,0,0,7.8247833,2.2425766,-0.22967052,-7.302841,-2.3010597
735,train_images/295fdc964f6e.png,877d9d7695aec8bfe98867e5568f236f8ebd6535678b762fbcf38453761b6ccb,735,2,1,-6.6086044,2.8846092,2.1902385,1.3991852,-0.06570625
745,train_images/df5ce3ea7820.png,c75a5a3bbecf1ad594944f2f2b7d0643944eaf3a9433feb63302070933e4d255,745,2,2,-6.493103,0.83621216,5.127015,-2.9257393,3.2583065
750,train_images/e3e490babc0c.png,ce6caeb46908fb9312c9bab2a5b9709389140f765c69125ecad2e796a2eed1fb,750,2,2,-7.5324745,0.97999954,4.3980703,0.75029755,1.1604977
755,train_images/d035c2bd9104.png,7c93df594d7b2d4e92147df6641f31914938f452300de18a9afea163c6d4c74c,755,3,4,-7.022526,-5.182005,2.6434813,4.2882996,5.018427
762,train_images/999115d9386b.png,7e689e44d8ed4e9314f8d430060bd72b9bc995034b27a9f62a2a17bee5549635,762,2,2,-6.905117,-1.5509071,5.0521193,-0.29464722,3.4580173
765,train_images/f6f7dba7104d.png,2eb62fb8ea03f4168a058eb727f83132c718e9e27b7f3d72e9f24995f2569869,765,1,2,-6.1976547,0.51966476,3.0656338,0.8235626,1.5540562
770,train_images/4eaf2f81819d.png,6e42d614d989d8adf9078490ddf51dc4d560358411cc0a3bc4695e695ff10bcf,770,0,0,7.5691414,2.0778542,-0.05387187,-7.2217026,-2.1619034
772,train_images/9ed666e982cd.png,bfceabd90e91d36db0ad919ec6125c1db0ce1ba2f2db38d26eecc11ba9ccc243,772,1,2,-6.5159264,1.0206146,4.0988064,0.17440033,1.0146942
781,train_images/89b044cbaf85.png,445945eeca44cd92d58acea44272b06ba5ca2f4ff979331a5f32d7c83840cc2c,781,2,3,-7.287388,-3.554821,2.974133,5.927822,1.6500931
782,train_images/d994203deb64.png,90d799f53575cb8c72f9eacc3f463fed94e0a1d2b7b687ba8a297324854e6f6c,782,2,2,-7.4296074,-0.5540428,4.492935,1.7887154,1.4669895
789,train_images/77e7c7a160c8.png,af34272dfcf77b94271e2b9008730e6ccd61b61078f5507a5b21da9c03eb582f,789,2,1,0.47557068,3.1995049,2.1853175,-4.039261,-1.8035278
792,train_images/f4c7ae514c54.png,6d08500a467f5222f958efc97d4b6a7c3703f5af339d8f4b9daeeab1c07e8adc,792,0,0,11.056938,2.2355194,-2.7394814,-4.106407,-6.143873
799,train_images/4731e708ede3.png,71c7faf0457f2c896479ba0342603fc2f0372d1deead57c443fe8ec98a45c3a2,799,0,0,10.430111,0.72387314,-2.9310794,-2.2384453,-5.714943
803,train_images/bf6cbccacf39.png,5c70671d0691317e1cf5dffbbb1a3bfb820de51c464f211298394f5523704d1e,803,0,0,12.040665,0.8592491,-2.3826256,-5.4366493,-4.751091
810,train_images/5e18af29d812.png,17879532018a13e77ad3bfd64d030de9e4216873e2512d8592b49c1a498933f2,810,2,2,-3.6222382,2.63686,2.9451187,-2.0837936,-0.0179348
811,train_images/e0313be77035.png,cd63bd5f2e7585ed02f5cea10bf0a3c36b7f9e57d72ddef3f770209872f46e21,811,0,0,9.226574,1.4896889,-2.0312786,-3.9951172,-4.4451942
816,train_images/5ad3dabeb2cd.png,99f243c5b4c49ba210045ba445e6ffe19d3815ff2eb3dd2c2669c8467d1ccab7,816,0,0,5.718132,2.6709518,0.64107585,-5.870659,-3.0146923
823,train_images/482088e6be44.png,162f4b803d4e11e69cd83bcf71cd3350b5b29934d264b8dadb3efe77f3927556,823,0,0,10.266445,1.7207413,-2.2531314,-2.9399796,-6.5096474
828,train_images/1ca35d483772.png,2e0086fbdda027b3c595f2cfab4f6f457f00c3f1c39b2f61f479b899e5c1da6f,828,0,0,8.16214,0.73283386,-0.70235705,-6.0135803,-1.9740353
834,train_images/1c3a6b4449e9.png,e61ca49f98d32f234a000d7654891a521ee2ab11aa9d8b6686ffaf07a1f4a142,834,1,1,0.41874695,6.613453,1.1130778,-6.7439156,-1.4193554
840,train_images/281d7b7c7676.png,13febff0b05dd0986ac7125bf5da1f1447658f7cb6b42fbf84129db9bc5fcae1,840,4,2,-1.879261,-0.8034439,2.975794,-3.0715141,2.6742496
842,train_images/2f4e81787d9b.png,04c943e594d472c5771c87e2a8418e6399d10171def7d7a40be2b1453f85b36f,842,1,1,-3.83049,3.5579948,2.8367534,-3.0186005,0.35027504
849,train_images/6504b703c429.png,0d7dca8f89802b537ec3fdbcf8d784910698be7669d34b953a59579cdd6f6731,849,0,0,7.6917725,1.9266281,-0.06038165,-6.7889137,-2.5354633
850,train_images/d3e56584a481.png,d44b749174babcad7aeba18bd24531839abd1027749b6e9f2e5824fa57abf2bd,850,0,0,10.556004,1.2926712,-1.9133291,-4.014683,-5.6447735
852,train_images/4f20f9a9a65b.png,055e5b2a0c4d7cbe10a5936175a2b6a3765651f55080cfb8c400a913d50b6d57,852,2,4,-4.953861,-1.7972031,2.3754768,1.3933372,2.8481274
865,train_images/1c6d119c3d70.png,7e650f98d225d0d7aba5d8f04ec868f5d805960caa89020b310b4426dde93a1a,865,2,3,-8.826736,-3.5773163,4.3313136,4.351532,3.399166
870,train_images/5078caaf1f57.png,5eedb33c6c9f7a9d3980c4d2b061365f9b826de27e2f47003293ad608c7a0ffb,870,0,0,6.9395294,0.9599228,0.4437456,-6.234112,-1.9071026
875,train_images/0f6e645466a2.png,b7affbf10ef2bbcbd07b607eaf0370c60d8dc967dad855780645bcd648d68c6f,875,0,0,11.790749,-0.31941223,-3.1078649,-2.558319,-5.483635
879,train_images/573ea80a53be.png,9f49e65d76f21c569262c69a2b8b6cbb9f98f3e04cbfa4eefe8b988547406ff3,879,0,0,9.522533,0.27759933,-1.9213309,-3.8131905,-3.8282433
883,train_images/b94c58d063bf.png,33149b9537b983fd019d6440eaebda96be7df339fecd95339659707b9b8805f1,883,1,1,-4.880768,2.0612793,1.8614426,0.7297363,0.06437111
890,train_images/e5d56f4f359b.png,d2f07717b48a5e6fc51a5793ddaa4c80d6d4c4714e98c8fc8a5b52f94d521a64,890,2,2,-8.291004,-2.4109192,4.688233,3.089405,2.6805172
896,train_images/237aa50edc34.png,a5b64dc103c92dfcc0a9c55b9982d7210d0482e603582cd86fb89ca90f03ea80,896,0,0,10.435551,1.8509331,-1.6652169,-6.186268,-4.1335716
902,train_images/74898f372d2b.png,0e3e255bed7f56084e6f968ac052e7c4dade2d5af8a8fc6e4752a4a2389df570,902,0,0,8.247192,1.9053001,-1.0169029,-4.605839,-4.2633076
906,train_images/2d3f4094c08a.png,c32ef32795583cd3e14c1de9cccd7d30f17822ac815ee3d75b8372a4d2f3c2b4,906,0,0,10.889519,1.1247368,-2.8079247,-2.4177094,-6.482664
907,train_images/784d6d302f98.png,a92e00460532a6f4bdaad6e5d8056ce4e8d90ef5a7b45895ef252f82e6402ba0,907,0,0,9.578529,1.4349403,-1.4360483,-5.458664,-3.8354607
908,train_images/902dc5a91a3f.png,577f15c5160efa4749c45cd6ceb41b0d25938f208087e9f5b42b00fa537b39de,908,0,0,10.313225,3.3552666,-0.92821264,-7.832901,-4.6302795
921,train_images/79d44db3da2d.png,2f52fa195598cc0dbb125801bac2a47870e5132c248fc19460299d2708a3ffd9,921,4,4,-7.788311,-4.2020493,0.99047637,2.2101364,8.500515
925,train_images/a2b97d98f130.png,20b8ff62c475466520367cc6831002f76d17536dc9c6684aa4d63629ee81ca09,925,0,0,4.4472733,2.0771408,0.11109638,-2.8882294,-3.595728
928,train_images/ee74c3b177e0.png,85d6d5ecf4566564bbac89092cd0280a3cd481a6ef32b3237e59c7f44801422a,928,2,3,-7.695225,-1.1151619,1.8418994,3.3582153,3.3499641
930,train_images/b460ca9fa26f.png,edec5ed699866a17267ed8efb59d6a455e008ec7903ebf1665a2baf6d253d873,930,0,0,8.614479,1.1722641,-0.2521937,-7.596073,-1.7537003
944,train_images/a9c7b83caf81.png,12047ffccb33cab5575f07aae615777de5807259d670dd3bae59110bad136f77,944,2,3,-5.7377357,-1.0892105,2.120388,3.0988007,1.4535465
947,train_images/4029d70e9d8a.png,54d7371f6bcb8b6195da1b1d9f54d4608eb2ddc0d3b5c8a73526645cd2228a23,947,1,1,-3.75943,5.9282417,2.4771066,-2.8676567,-1.8649712
953,train_images/ff631653374e.png,b30741057737bd526d29603e7ec0ba025493411f9dc5fb1d3c97cbd26e871ebd,953,0,0,6.4931335,2.8800545,-0.07179546,-6.185089,-2.9521198
956,train_images/587146a55885.png,fee1af21dca13eed52f88ba9d62aefe29b00c4d34e440d3b3f32bcdca470009d,956,1,1,-4.8159447,4.073456,2.4020066,-1.0410042,-0.79522324
960,train_images/3ca12e02dd4e.png,aaa2b3ca2e809e8bb5b0ce9d652acb896498ad3d52c6d964050b09238f58882b,960,0,0,9.678951,2.2800179,-0.8367944,-6.6324577,-4.2198124
966,train_images/f002ce614c59.png,8d205a6a67267660b0b8edc230e7576f22938695d6ff8215b77ce88b988bcf50,966,0,0,7.3968506,1.2019768,-0.41059494,-3.127617,-4.8281345
973,train_images/6ea07d19b4ce.png,af73cfc382a8c7a9b0270a712e6402601f2b7c8af11e593fc8fce37da75ccd8f,973,1,2,-2.0024414,0.67682266,3.589459,-1.839283,-0.53546715
975,train_images/10f10fd30718.png,6a51b57563b31ae4b06a9634d5d8829e8cb1df52dc1a8d3cc67021ff038eb888,975,0,0,9.650997,1.0402374,-0.4632926,-6.645588,-3.331936
982,train_images/e13412678eff.png,615dbb8e4d8dfa5f10616a8c5e0c8d869ff8c768b3852554e4965a4612bb4818,982,3,3,-7.23053,-3.088192,2.1728816,4.863697,3.0445137
988,train_images/94b9ccc73bb9.png,2769ce838822081b775304fd42059ae0e190ced82fff1cbc31549f478d0dd361,988,0,0,11.575653,0.7138138,-2.234056,-5.0260468,-4.7202377
992,train_images/18323d8f2470.png,283fab3566d50532178133446e3102bc12682a2016f7183444e322aae02adf0d,992,2,2,-8.211773,-3.0862541,4.135684,3.7397232,3.1636734
997,train_images/e62490b7d0e9.png,abb00a2fa5debb85beda667943c9976edcbecf4c93d864e1f2fca084c8fb1751,997,4,4,-5.908451,-1.9382248,3.3556223,-0.089530945,4.347204
998,train_images/c0e509786f7f.png,014548e090df9d1d91b4f01d9f9dc41981741dd319047fabcf785f01d71504a1,220,4,3,-7.706192,-3.0368233,4.0572515,5.1372223,1.2837963
1000,train_images/0369f3efe69b.png,fef8ca97577038b16353a01934498df5cf9f37d36df72b668cab0c6d33e316e8,1000,1,1,-2.1221313,4.4844513,1.7427635,-0.834404,-3.2919693
1006,train_images/07929d32b5b3.png,e206091b8d767cef15c13cbb9ecf8b05bc9bbe9ea446c0ae3ab81de2e61e0188,1006,1,1,-5.9772797,4.3412895,2.4287438,-0.25886917,-0.68445015
1009,train_images/69f43381317b.png,0db2b7707864dab5c48d10ea44a972cd537ed302054a4a1a5149b2c34182172c,1009,0,0,9.3041,1.809372,-1.9526272,-3.836464,-5.081505
1015,train_images/6f4e0538d1e4.png,df7f44c4953df8aef9b14414e1398fdf33c49309f20a75c0658d6964a551f36c,1015,2,1,-3.8561058,2.915413,2.873106,-1.2908363,-0.76817894
1022,train_images/d99b0f7dd9b9.png,a7676ed7fe931fb283866724a649f5d85a536a43ca90917e2869d7d9b55aa883,1022,0,0,10.168377,2.885975,-0.7197943,-8.207039,-3.8524933
1029,train_images/cbf0394039f8.png,94b15f875f833ae265d98a15bb7377872b94d889e51335b22c4ff5a1305801c8,1029,2,2,-4.371105,2.0811958,2.7983942,-1.1300125,0.48459816
1033,train_images/f580566e27f5.png,4fa9544b53b782ff0fde423a1c51f7f3f305c9121447fae4955f582d8a44e447,1033,0,0,6.092388,2.8521118,0.51925564,-6.671013,-2.5978928
1041,train_images/5cc6dea19614.png,99a7f36ec70d812552636b93221f422f88c5124b5734fdb9a4d13d97571b697c,1041,2,2,-4.552681,-3.8760376,4.6701946,1.7434349,1.8078575
1043,train_images/7435e9a3e36e.png,963fcc3733633b830d761bd45731005369debfb7213a23df2f6d0a60d690dd41,1043,0,0,7.6414833,1.018692,-1.9347839,-2.6379395,-3.8475285
1044,train_images/5cab3ef4b31c.png,cae2f990107df8a8c49b4cdbfc844f45ed270f7846e11113a45f1ab5d52fb750,1044,1,1,-6.1127434,2.2693825,1.8637536,0.87789536,0.93543434
1049,train_images/bb783d8e496f.png,4b347e5cfdf99888901625ed6bf4b597f68eaa27639c2e7c894a818b372a71d7,1049,1,2,-4.7392006,2.5754128,3.490272,-1.3318977,-0.14888763
1055,train_images/de55ed25e0e8.png,0f6dd3826eb347eda705cc65f1641cb00543e417484885875adde533eb037cc3,1055,0,0,8.531185,3.1336784,-0.3698423,-7.6121483,-3.4736938
1062,train_images/e39b627cf648.png,dc49bd6969229f83c2ed8ea7a395bed030134436b46c508b598717d0f9d113a4,1062,4,2,-8.734501,-3.5565758,4.893256,3.3950615,3.7561054
1068,train_images/001639a390f0.png,544414981a9dc8c063b864f8f7df0d0e46a0ae09b7fa171fabd65292947988b9,1068,4,4,-5.773487,-2.150425,2.9879096,-1.6589508,6.38896
1074,train_images/d85a842d20bd.png,a824beee560c222ce2fce50ac37ceeee4bb3e2eef26fa79bdb2c68ae1dd6035f,1074,2,4,-8.549259,-6.2466297,3.696918,4.7955666,6.055748
1081,train_images/a95858e052d6.png,a42a7782feb86735d4d8b40c59cb9615d02e90674b08a535603c0fac4e21fcb3,1081,1,2,-2.423729,3.7026176,4.3834515,-4.850857,-0.8882427
1085,train_images/76cfe8967f7d.png,63f05cee7e8c7abcbd066e1417bbbe275ca69757ed2fd687c8a38461ec03769b,1085,2,3,-2.4838524,2.3097992,0.8877841,2.3459587,-3.1301937
1092,train_images/b46b09a45f39.png,6f3ebb6802bda9a6bfb43474d40297552117892e99fe7d6efc5cabb803759009,1092,0,0,5.8503685,2.484764,0.77382565,-6.8422546,-2.1298828
1095,train_images/e6552b7432b3.png,d08132a908e0aa6d6b5afad6aa301b8af4b0f96ac659a67d1d846a58e4ac594d,1095,0,0,10.576855,2.1694107,-1.1106472,-8.283436,-3.0678272
1101,train_images/d4bc001f7224.png,7a8e1b03bdd26567823bb87bed85dc3856de934f3af1ab66e6f6f655a1f0dbd6,1101,0,0,8.54071,1.4221573,-2.111094,-2.9930725,-4.609789
1107,train_images/6dc0281f11e3.png,8ad2b4d3ec8775aecdbbeec5a9f6e382e6bbf8cd9aa028ed9840a26a9c55c011,1107,0,0,7.060898,1.2582436,-0.14285779,-6.7908096,-1.1888981
1114,train_images/9e5737f771c3.png,e656821ea25ff6addb3050e1a82044dfbc71e6b228b729c983eb3aa1f37ac090,1114,0,0,8.275543,0.9360504,-1.2450964,-3.17424,-4.5849113
1116,train_images/7d3835e4e63a.png,17d66a04cdbdaf5899b62b584a504a1e106826b011147f185f09528cc5f42a24,1116,3,2,-5.3987617,-1.3005676,3.6368756,0.28176117,2.5951385
1120,train_images/63c3c571b8ee.png,4e8caed4c5f83d972e8b39a0c1ca8787a49cb1babb3a78e5c4ad07e0ced0a423,1120,2,3,-7.8115883,-1.5063934,3.4646187,4.1580963,1.4387684
1126,train_images/5814cbd2e9bf.png,4aad751040f0fb0ba41b1a9f6c9f854c691c3a9bd6a8264cce41291a712d19f7,1126,0,0,8.0308075,1.5450859,0.0640502,-6.259571,-3.1574516
1130,train_images/5d9c841eb245.png,55890e2a0f10bd5c94c4d0fb3af4c9f48804bab5bad0da48fcd8313124dd6551,1130,0,0,11.486198,1.0557365,-1.0278442,-5.2160187,-6.0219326
1137,train_images/803120c5d287.png,2d4cc88543b57cec1735a65655379ffb2b70abff85fffdedf2ba255cbebfc2b2,1137,2,2,-5.174534,-0.44847488,5.3117204,-2.4813538,2.595602
1145,train_images/3c53198519f7.png,176149b4ad4e93374a8c914895a12aec5180b6e0b58328127a8ae92d22047892,1145,2,2,-5.2585144,1.1800423,4.1709447,-0.8611679,0.57530403
1149,train_images/4b1001050f1d.png,327a90c0c472c07e2a61183f8e5e2fbb46cb6a3e3a6b625c15d80a6a65b9a8ee,1149,2,1,0.13418198,2.349392,2.097708,-2.8861923,-1.663187
1151,train_images/5633ced07d8e.png,96b8a33e7ad5881085838494e5f07739ba70d13d411edb3d16e6b64d9e025931,1151,1,1,-2.4639664,3.2657585,2.683052,-2.7703018,-0.8042698
1158,train_images/4554062fa836.png,3039235c3fd8e0595af5b0075144fe56371fd6ff3fb50a9b0208c1b8ea6e362c,1158,0,0,8.741573,1.4117241,-0.77150726,-6.6416664,-2.5159473
1164,train_images/33778d136069.png,e3425e1ed726ec7e7a84d5abf66e5f9ab599745e709a23d486b67e4aadf947c0,252,3,3,-5.5475082,-0.5839844,-0.25286722,3.1998482,2.9782906
1166,train_images/e6a58edc5b42.png,a667e48d1a8748ad793b42047c391f03f8ac627609155ab3d25335ebaf5f6def,1166,2,2,-3.444828,1.8469505,3.365614,-4.2779236,2.3915043
1172,train_images/bf18ff30a8f6.png,32ebc37c57e83704da342ecee696ce39eda07fb98c3ee34c9d9f540ea201bbfa,1172,1,1,-1.7629471,6.3327866,1.3471022,-4.620182,-1.3492374
1177,train_images/837acf120946.png,a056b1ac8ed78ad700c8c7a0d812dafc81226e376a0571085a9f925ca98de584,1177,0,0,3.2942963,-0.6322899,0.26683044,-2.3513832,-0.47906494
1182,train_images/cb02bb47fdc5.png,03f6211427baa811446e9eb132a3139b5c92e3f100aa566ba126573fe4872e6f,1182,0,1,3.8966255,6.3706055,-0.5800047,-6.458149,-3.0756931
1183,train_images/bc8c6a778cde.png,580e9006b762d775219df1002c90d827f0b4d922986b7bd239a585033cf0d1af,1183,0,0,10.781662,1.9350319,-2.2912283,-4.1044884,-6.0135765
1190,train_images/48c49f662f7d.png,026b573652957615c6c77503e4029da609bc01519a20a612a26f3d88fce4b484,1190,2,2,-6.77314,-0.20620346,4.0472126,0.8307419,1.8908539
1198,train_images/7dee6bf8b9c1.png,c994e130b371b16e03dbbfd52be434dabfbce4c6fe8363a69acab470dd5b84b1,1198,2,2,-6.577759,3.4553604,3.975264,-1.2346115,0.1768055
1201,train_images/6762b2b48ea5.png,f718263a70a66094b0ed325a8f1b8476b45329ce7526091604733bf3f805bbad,1201,1,1,-0.7191124,3.609764,0.88354325,-4.3105316,0.5131779
1209,train_images/e12f9f19d1be.png,a444ca7460689cc30b72f14c2ff056530afc411af1c554a43d09dade3c571fb8,1209,0,0,10.648251,1.235611,-1.5260668,-4.350914,-5.712059
1217,train_images/a86128b601a7.png,60af7fef5d0b3bacb78eb816193e706536db9546cd8230f20ea8a8e76f7f7ce0,1217,0,0,11.031757,2.8504562,-1.3296323,-7.330368,-4.9281826
1218,train_images/d91635f380b4.png,1e52f243ec511c1b91aa98eff1a7b242ea6fcb4e245967526396e85a7d457e15,1218,0,0,10.118057,0.007984161,-2.0949125,-4.59692,-3.186863
1220,train_images/5723d0ec895e.png,d8d46aa0908ef3d82a5ec34ace06ccbed64ca647e2bcbd330a7905e85cd3ce49,1220,2,2,-2.490593,1.3573303,2.0285316,-0.23876572,-0.76213264
1226,train_images/0d0a21fd354f.png,2c79683421780ceebb1a520a5b01d4640e550b1e91878614fc5629975d75906c,1226,2,2,-4.191448,-1.0541878,2.2815406,1.0820007,1.7358856
1231,train_images/1d14dd912671.png,ce5b57bb7c1316065a3aad9d5ae832de2ef2a96bda018e772836485acdbd8d24,1231,2,2,-4.326782,-1.0165215,4.6700206,-1.9533272,2.49395
1236,train_images/7e0598cc88a0.png,518a6d0ea154a12299680d0f424f965fc9c4ace62b2c0e8a5d9ae105e5696c75,1236,4,1,-5.632225,1.8595161,1.7973963,0.6320114,1.1557674
1242,train_images/f0c13be90519.png,f800e705ff8fde6e1fde2c1a60ba4a706b6a6728766db9163c6eb95b0c3ef052,1242,1,1,-2.6887932,3.8787956,0.61447215,-0.76683426,-1.1352501
1248,train_images/c8905b8d5cf1.png,3de68dfc1970c33bf68376c91561329a157d869632aaa2cf50e94a6b2be3a4eb,1248,2,2,-6.5733147,-2.739952,4.183489,2.3700333,2.5270977
1253,train_images/a93f1ea3ff4a.png,c13e7eb278b3ca91fecdafc1398a792e83df58db7c69966a12193e6930425739,1253,2,2,-3.9242744,0.76198196,3.472323,-1.1460037,0.644886
1256,train_images/e3a7671f787b.png,45e0b6c1a49e31e1e74ee86527b22abb19af241207ca85c6049dc9d5b3969011,1256,2,2,-5.4334984,-0.044193268,5.7414503,-1.8852081,1.4273968
1261,train_images/ee1ec90b980f.png,0889ef44dd306a5a81555c315c163aa156f46cecfe5be54b8f3d5de3c117f59d,1261,4,3,-7.3630867,-1.5794601,1.6861916,4.511017,2.5034351
1264,train_images/51269b77d312.png,cec6ec836f8e6d78daf3c6e51ae736c86599ca905a4a111bb3cb58f07c1775de,1264,3,3,-8.174007,-0.41246414,2.5174308,4.6144257,1.2126694
1271,train_images/26d60db3bbfd.png,2e15ebe49faeec45be4b4b3d8b577495f9848d12f5a087c7874331a9c47be1a1,1271,0,0,5.2499123,1.3508224,0.864774,-6.1166306,-1.2005901
1276,train_images/1a369baf9ee6.png,9ef1fb0ccdfe829af8380619d2d1ed5b2e81f5a4be3ba6d837cca52d68f0a579,1276,2,2,-2.261963,-0.27529144,3.0339098,-0.9363594,0.33618736
1283,train_images/099021fac3c9.png,13e80c445cbf374c2c3b53ed5a7c99b0fa1ea43811b1533d84ecd40900632629,1283,0,0,11.179947,0.20630264,-2.7318926,-3.3862534,-4.9506283
1285,train_images/3fc219927a97.png,3f2937414ddcc927234a0242f8cf55ae9eec1501ffe8ecdcdd933c085cd7b8e8,1285,2,1,-1.7464409,3.2867928,0.7704834,-0.41215515,-1.9446659
1292,train_images/5fcff7280019.png,c04d015ce6efeffb2ff8bd2a0d6c4e1ca6729f3b50171cb1332562797bc282d0,1292,0,0,8.3135605,2.6782684,-1.3148448,-6.4310265,-2.9879093
1298,train_images/35beb47fe159.png,8335bc95b108bc9281f34302c34b75895dfab1d5e0e8b6ea0fd10677a90516e0,1298,0,0,9.348682,2.3062973,0.08722806,-7.7065887,-3.787672
1303,train_images/e68746d426b2.png,a178ff01ea6f551cf64fb6b3fa6837e652b96a4ea744ad910761fe8aeaac01a3,1303,0,0,4.63258,2.7003174,-0.68388677,-3.6411285,-2.8584862
1304,train_images/959bb2d01091.png,551faa3ce436dce81d5470bff0678f351819f8816f3cd0f3fd8bd7ee20a70ff8,1304,0,0,10.785988,1.4194107,-2.910604,-3.2824707,-5.7207127
1313,train_images/15f440753916.png,0a9af91de49caf372f9905093b6cbba0c3204b3b23a3afe76a09c44bc8c929d1,1313,3,3,-8.712955,-2.9462357,3.5119412,7.3017693,0.54850006
1316,train_images/fcc32dffd24d.png,7c560e4352da43edd3700852d8d0f7f3e6753779edbf357a9124b8702ea498cf,1316,0,0,9.339008,1.4365768,-1.3164508,-6.8104324,-2.387785
1317,train_images/b6bf847fbcb2.png,7c92f2c5481b21532b710604e60919a5736ff757fdd2c4465313cf995b587fc2,1317,0,0,7.661026,1.919281,-0.7582729,-5.875389,-2.7464085
1325,train_images/937bc1b924b1.png,512ec217645c98aeee4a6babc8c884d2772137fddf66a98461465e122cc45da2,1325,0,0,10.018421,-0.14643097,-0.52376795,-7.3202896,-1.7738838
1332,train_images/6061f5b7378d.png,d7e35e66fca58a039554dabf7a2b545a99e22eb079d0b6e23a416710eb7c6309,1332,3,3,-5.3704033,1.0828056,1.3866522,2.7610893,-0.07707214
1337,train_images/224c14366e11.png,ab8c8c368b6f021f727b1b5547d3006e699d1b8015d4dc70449fb9ae708705df,1337,0,0,8.624794,1.2441216,0.003932953,-7.7925606,-1.853344
1342,train_images/3246f07e65b4.png,3c730a19d50a1eb70099eb27636903e434ba1cdc0e2dfa08dc774140006fe43c,1342,2,4,-6.683819,-0.046604156,3.2900944,-0.23073578,3.4299698
1351,train_images/e79e10907295.png,658c0452b77c534041035219d13d3d90c54e9553cf85ec139c37d942c29b6954,1351,0,0,9.124786,0.013713837,0.116707325,-7.877323,-1.1927814
1355,train_images/64fedbf97473.png,b3aacb848b2f53bde1702087130b84bf5473a61568c61f19bc09c46e8adc46e7,1355,4,2,-3.8692627,-4.564823,4.986107,-0.18638611,3.4722424
1362,train_images/650fbed3fdca.png,89ec8a103a6b44f1ac5a21212ed1338d0da24762fe323ebf5c2e6d67276ddb80,1362,2,2,-4.773239,1.9061508,3.5841641,-1.5256958,0.6669502
1368,train_images/aa4407aab872.png,44a2a3b8a90a3585f925f7c090609d34a81c42af4789a7919f042309c7f791e8,1368,0,0,8.163864,2.3113327,-0.35767126,-6.0776176,-3.8036633
1378,train_images/172df1330a60.png,60bfcdb5bdb568c7795e56bbd9ccf9fead27789709b9cdda2c397915e76e8c4a,1378,1,1,-3.908863,4.138756,3.662115,-4.35009,0.2988472
1380,train_images/2af1bf226f51.png,d9a3e286e7789cec48d037de5c486f2e43660f8cdec380e59d65a159f096bd9c,1380,2,2,-0.20866013,0.023094177,3.5695572,-0.53700256,-2.87043
1381,train_images/fbcbc81cf9be.png,7688ee8632d0526c8f747222f565280a477f01cc5ba499eee3f19877b23540a3,1381,0,0,8.415489,1.4235115,-0.5270724,-6.313427,-2.7535572
1384,train_images/c947bb6cf9f6.png,20cc6987a96bb11c53ec2599a57d63fcb56ed67856bb5edcbe386f6288322cc0,1384,0,0,12.287697,2.7654877,-2.3877091,-4.6028557,-7.72962
1386,train_images/2a3a1ed1c285.png,4b81430cae386db2b934e8fb0a8a138cefbe6b9ab9d28df2af982cece289a385,363,2,2,-5.3426247,-2.8741608,3.955192,1.8168983,2.271347
1399,train_images/07a2b8cabf6b.png,71b13f01b62aa3e2bb4ce7e5d2e1dc3381ae232d09267a91319384d93fd9a583,1399,0,0,10.341652,2.0870857,-0.8058238,-7.157814,-4.176586
1402,train_images/bf811911acf9.png,75ee6380bc2729cab6fa9e34b103ad35bc028794c9856c656a04b8f12a3fafa0,1402,0,0,9.016693,2.4816628,-0.41610503,-5.969776,-4.845869
1403,train_images/b9127e38d9b9.png,dc49bd6969229f83c2ed8ea7a395bed030134436b46c508b598717d0f9d113a4,1062,2,2,-8.734501,-3.5565758,4.893256,3.3950615,3.7561054
1410,train_images/dce73d90c00c.png,3c85e2348f81adb04696fd1a02f8a2bd72243d9bcee16a8bc25e87891100ad58,1410,0,0,7.5229225,2.0809174,-0.8631439,-5.3879814,-3.1500778
1416,train_images/e16af45285e5.png,c7961ba86f95d889dd06278e60d1a93e74ad834d8a5aad79b5c8a25c77c87110,1416,0,0,8.601025,1.9536667,-0.95898676,-6.028206,-3.3454323
1417,train_images/ace287a5c991.png,19b670165472c6df601bd824ff54cc5d84790ccc4ef32a73d2c938f5d522ade1,1417,0,0,7.14159,2.2093315,-0.22088528,-6.6709175,-2.2472935
1425,train_images/e2a47a74e6e1.png,32582e703f20ee084a6741399546c1680be036e0205e54c07671cac5eaece8a0,1425,2,2,-5.193577,-0.9151459,2.5951836,2.0507927,1.2608128
1432,train_images/c40976189f22.png,af0dd38e519befd8e4c1f26618602575b6c45ae1dfbd1b0d28eae7cb90d74c80,1432,1,1,-1.3311234,7.009075,1.5643232,-3.3578453,-3.9166107
1438,train_images/91b6ebaa3678.png,e7dc7d1cb41b01fc6784700a42e961176a2ca8b95d6d011ccc85728232ff0678,1438,3,3,-9.521355,-4.80188,4.4221044,6.2420845,3.3251286
1441,train_images/e3ab63dc9a60.png,27fb9f506b1134cea8d266720e43ab465571e943f911d4fb799599acb01a4eb3,1441,4,1,-4.3071823,2.6415482,2.531415,-2.8980904,1.8991699
1445,train_images/4246ed634f25.png,27245fc87a66e9a594e5f9a6c1359b12d2c51253353ad08363e9363c8cc797f5,1445,2,2,-5.8631706,3.9849052,4.073916,-2.8846855,0.5261612
1450,train_images/4704dbb59536.png,e69db73b865983d030fce0c5159f56b682663f3aaea10d1f5d4759c20c2acaa1,1450,0,0,10.705196,0.5715828,-1.8655639,-2.8453102,-6.289341
1452,train_images/1ade1e949383.png,fa1affe506782f3de8d0e89852a4f301dc20a4a6b8acc0a30cb337163e41116b,1452,2,2,-5.036648,1.6667252,3.510447,-1.0713959,0.79917717
1455,train_images/bb9a3d835a94.png,f1f5b7c4d151b82d90a51343d0cb4173704513f6ab8967c314c0709fa7d4db60,1455,1,1,2.6246223,5.559265,0.027885199,-5.715584,-2.3840065
1463,train_images/d2c2f02bb313.png,0b79765f39764766e34309b038b9e5b0e355add223c40bb9e70ef7b08e73684f,1463,4,4,-4.691223,-0.8766327,0.08077288,-0.61974335,5.9020176
1464,train_images/071435a218ec.png,d58d447fd6f0d1f67837a229d97a25c301d42d8caa2029907fc62572b78541cc,1464,2,2,-7.081871,-1.0691223,5.6595135,1.8522453,0.42458534
1470,train_images/3c726de3ee90.png,7a726e00272eba2ceb4be4c654cfa4cf698c391e877cbdb8f3ee69139103f001,1470,1,1,-2.313324,5.405628,3.8107095,-5.8309937,-1.1332531
1476,train_images/080f66eedfb9.png,44427ad4368ebe3735fa6f626d739c5da46c9e15198a436cd74f706d0bbea20e,1476,4,1,-1.1304626,3.1488152,-0.4229753,-3.6861076,2.0126553
1484,train_images/4f6abc40c72d.png,36f6f21821c834eedabf9c7e9c30380ecee208ae1fe98ec40f46ab69511a714d,1484,0,0,7.414154,1.606205,-0.51369905,-5.8525085,-2.4553432
1490,train_images/c80b0f27541a.png,5a04cf4119a46f68f15bb94343190c8ae42fe59344180186a38c09faa68e4121,1490,0,0,4.419636,-1.2537231,1.7582345,-2.869709,-1.978056
1492,train_images/eb1ad14dd281.png,a571231d7048b184a560711375e5c2014d032f8258a4b5e84d4dbf61765cea9f,1492,2,2,-5.9802704,1.378746,3.4926054,-0.7437477,1.6643295
1497,train_images/6253f23229b1.png,63f05cee7e8c7abcbd066e1417bbbe275ca69757ed2fd687c8a38461ec03769b,1085,3,3,-2.4838524,2.3097992,0.8877841,2.3459587,-3.1301937
1501,train_images/94145d1f42cf.png,9e593d8af55edfbb3ec976e9704aa80c383962e326131b033bad7c119e11a7fa,1501,0,0,10.376976,1.129612,-1.9578614,-4.7649536,-4.5193024
1506,train_images/02da652c74b8.png,f4e2f9434edd85b4fac2b03bdffdf22dbb36fbc274b4574d35ca0a9d16903dca,1506,0,0,7.628124,3.9664917,-0.33510256,-7.8093376,-3.2758293
1511,train_images/9b70f84400af.png,4787af2b63a9d9cd9f60637e59130da57290346c392ba6e04e679054be5e8336,1511,0,0,5.78944,1.909092,-0.34916615,-4.8598366,-2.2904472
1512,train_images/848e66b9e199.png,14ff57e24e4768429e4e5ae1e405c550d0d301700dee4f033a43c3aa2761869f,1512,0,0,7.0039597,3.0573578,-0.121032715,-5.73962,-3.9296627
1517,train_images/496155f71d0a.png,4d4ea272729d76d38b905285adaf0be8d0cd17734111ad40dac0bde6e849ffad,1517,0,0,10.174488,2.7354507,-1.3125763,-6.6002426,-4.701023
1523,train_images/bebfbd907cac.png,40a488e90cc2090618a7d6c54f09d55fe2d461b2af499f9fe657683fcba01d28,1523,0,0,7.647331,3.201355,-0.47588444,-7.497322,-2.698742
1525,train_images/3f5b4c2948e8.png,e1a3e05bf865b1defffc0de47859ac1a35a24686eee6874c0de9be74bd3c8ad1,1525,2,2,-1.2875023,2.8140717,3.594513,-4.795128,-0.38144302
1535,train_images/4134b290f5f3.png,e40b592f129db48ec1a70fd8a1171ec595f3ea228d9d081ece24763a9baee694,1535,0,0,10.184742,0.42611313,-1.4382777,-6.562725,-2.348751
1541,train_images/2a47e5b21791.png,39a182f087e9e5b2b156539a0f7e131c7910494d8e9ab979628773397990c9a3,1541,2,1,-1.9067802,6.8951607,1.9107919,-5.857582,-1.1159649
1543,train_images/24de56d433cd.png,44def2b7fe08527313a0cc98d05ce770cf3ed3a226e5ae8067605979fcb47822,1543,0,0,7.6285095,1.6316605,-0.5407331,-6.100403,-2.3999844
1552,train_images/77ab222bf85c.png,f25b146402671066b24a5671ae68dec6e0bcc2907297155e72298a50197917cf,1552,0,0,10.306263,0.30550003,-1.7298198,-4.102051,-4.535431
1554,train_images/55f7f018c61c.png,cb8b4fa4e1872ec8c3f9f3abfc811af862d73048c1e9872433729907141c8d14,1554,0,0,6.633255,1.2315826,-0.19711304,-4.967434,-2.503849
1565,train_images/5f13e8a07344.png,d5697bd7c455c969725a2fd4cc745f4e3ebbafa59b0b22bef4fd16ec9c5c8de6,1565,3,4,-7.3567886,-4.36211,3.0213623,3.900631,4.5034657
1569,train_images/5bf3357a2823.png,d6951b9eea1457757f3fdfd976c91944977fc1bf985a4840f06a60208f5a4503,1569,0,0,8.668819,1.1802254,-1.6306195,-3.1061363,-4.857422
1575,train_images/58a9e0d7f7af.png,be1c071611604e7164cd8d15c591dec83bba2ab8ad25135e828ac9c99ff28e4c,1575,0,0,9.008209,2.2424545,-0.3248663,-7.6914673,-3.0020447
1578,train_images/d0b132d2c7ec.png,3fdaf93d6c209d5d9ef6705f245ee26a10486b4df0795c7ebd1b71ac10fdc37d,1578,4,2,-6.1224747,-2.1157875,3.3832664,2.5703773,2.0581474
1585,train_images/05cd0178ccfe.png,3bdf18996ff9f84342287e337edf432a9a46fd95e03be8ec32dc3211f00a2f15,1585,3,3,-7.1809235,-4.0152245,4.1265116,4.4425774,2.3725967
1591,train_images/7bda86d95c5b.png,391a4e3f50aae25024f359d226d2a1c7c9e9259d0d1d18c94ec63f532bae3c56,1591,2,2,-8.772415,-0.6388893,4.4445615,1.9509506,2.732481
1592,train_images/d83c3efade75.png,a0835770ad4971ebc000c3aa3bbb14cea0b4072265712d353fc0b65706b22806,1592,2,2,-4.86911,1.2304764,3.452789,-2.0967827,2.1146889
1602,train_images/52ddde91a349.png,bf3f16a9921c2657a7957728cd19202785e46a1e0d3bae5368ef24816c5cd34f,1602,0,0,8.583607,3.0229874,-0.4297378,-6.8495827,-4.1055775
1606,train_images/1bea04b2bb2d.png,62df3dd5e5482d39d92c714b80ec4053d5abfe878725552480a9c5c76e858dd0,1606,2,2,-7.0254707,0.17477417,5.8210716,-1.5730934,2.3507557
1610,train_images/b74de20d73de.png,813f44fab26d3bb8380de6dc2ef7bc9d027c701d37e5309530cf34eb630258a2,1610,0,0,12.081528,1.5122261,-2.9571471,-4.359062,-5.948534
1614,train_images/513b0a4651fa.png,74f20d1a543c13368bcb7634cfa4c3c9388659e6f544784a6f9eed8ea2545ae3,1614,1,1,1.966198,3.3377151,1.6371608,-4.54755,-2.3514137
1622,train_images/90960ddf4d14.png,220249ab580cb8596a088d9cab9b9958ba22516a5bf86937d2bf8c3bbef0f5d8,1622,0,0,10.502483,1.510128,-1.4852405,-4.6427193,-5.619318
1627,train_images/1ee355480567.png,b28e299a9b5813f50796b02ed4ea9ae6fa40f803b0856eb0c7ae9e94796e8e8c,1627,0,0,10.358406,0.9655571,-2.7003646,-3.9937286,-4.3614216
1630,train_images/896ad584a841.png,2e46bc34ca3b24498e3c7340b40185f4c8701438529e90fc793d18f93505a937,1630,0,0,11.643909,1.2319221,-0.70588636,-7.85585,-4.0156574
1631,train_images/a8eb35b3bcd2.png,e6bcdb8cb578c6ee2ea24bd20bbd06eaa119cbe3cf1a7c1a410424e14e98c20d,1631,2,1,-4.6653023,4.022808,3.4318132,-2.8799744,-0.047826767
1638,train_images/96793edb1003.png,d53da2552bce73e3fbca7d54ed1fa8b33bf1d6dec9aaf3b3ab5e93f4fa76a550,1638,0,0,6.0122604,-0.07972717,1.0667887,-5.5141754,-1.3117847
1639,train_images/1a90fad9ffa2.png,acb159fa538f5a2c5b5d797e1a0ef1387f2bf4f64da287244728563e83382efb,1639,4,4,-8.291752,-1.3656235,3.5950623,0.84080124,4.970537
1648,train_images/949710bead24.png,fb764902ffd04c80be24a4478cffe22090cb53a75eb392828781e0d916b4890a,1648,0,0,5.997326,0.95181274,0.18254375,-3.6438675,-3.3090324
1654,train_images/6d6fcf49e515.png,8f34bb18f5311dd613087b43a5d968a511d2349f4e86fc33aa0edc1833e017c7,1654,0,0,9.076271,2.0001335,-0.2324357,-6.745037,-3.8468876
1658,train_images/87d46b1cc4e9.png,9f94a87d5fb71a088894e9ef30bb87721d006754b9d50fc337793c231db9ea03,1658,0,0,7.6704636,0.8815689,-1.3064218,-3.4064598,-3.6150112
1665,train_images/b842b43cb7fb.png,767fb44e22dd4236644d7f275ceef1a844fd6fde967a0f846d2d5e2d3afadefe,1665,0,0,9.6675,1.2033463,-3.005866,-2.090313,-5.4815693
1672,train_images/6dcde47060f9.png,1925a6190454a952e98d2991a0d1e8186e02366a3dfd908f9c69a7536ec70b42,1672,2,2,-4.494545,-0.46913528,3.7396748,-0.6423912,1.7013016
1678,train_images/ab78a66dee6a.png,84d89cf5c98416200fc9dd35b81610deeb145d90f761aac9b3e099b453b7fe31,1678,0,0,10.172668,2.1451187,-0.38872528,-7.741829,-3.9338303
1684,train_images/3f0d3629d69e.png,a40655cb7b073c0e4a1d01e3e7abd175a1b589bc69ef6f56462e6e36c0c0b1c4,1684,0,0,9.378269,1.8137817,-1.0054767,-3.5725098,-6.3880157
1689,train_images/9c5dd3612f0c.png,1148ef43d0b4873455fe6285dc8ceb484cd78580306a93c4b5241f737a8ceea3,1689,2,3,-8.273994,-3.6973534,3.8959298,4.269951,3.507597
1695,train_images/052d9a3fe55a.png,b7640819bda6f6c53a35df2f1b9d2cf00ce229f3305085dbc15e1694009f1a49,1695,2,2,-2.5100517,1.663208,3.4909434,-0.934803,-1.7651768
1696,train_images/81d79d53ed7b.png,51fd089949a2d5fc6838eeebff313231ba8dccb0e1f0555d76f58aba9fddc3b0,1696,0,0,10.06044,1.4627228,-0.8649726,-6.9644165,-3.4089832
1700,train_images/e3ec668f6fad.png,c33ba4bcd7e5aa05abebcf50083bf3584b8671f217954b4049a95d39196a382a,1700,4,4,-6.9066467,-7.34227,1.8543606,3.838604,8.31726
1704,train_images/e07045d7c5f7.png,a3ec375b63b2938d9ef8c8a965ddb35d0e3b74186f100c48548e1d9f0b3bc6f4,1704,1,1,-3.175274,2.0120163,1.5078249,-0.50627136,0.09029007
1705,train_images/211518c46162.png,9ce13ebb91b5a1737e9c9a37d21cab8f29eb459a04c85da5f77b097c7b9e57a1,1705,4,4,-8.653614,-2.0285797,2.2173293,1.5645065,6.5979767
1713,train_images/a4d4b69f7404.png,97d749a686d94320e42ff0979558dfe9f22c9654013125cea02458e725163325,1713,3,3,-3.8692818,-1.5241394,1.8239667,3.173046,0.28570366
1717,train_images/1fddd7c98fd2.png,1217509efb49901c946b3ea88d81d0c5031ac4d53130f0d29994e9937852e7e5,1717,0,0,6.8263397,1.1087341,0.033178806,-4.7079964,-3.0693283
1722,train_images/1409ab48175a.png,b01d9e49af133811d05695584005ac99e322a4496e9de963d58c8b6e073121bb,1722,0,0,8.604546,2.0744858,-0.766489,-6.423664,-3.2595139
1729,train_images/2b074afdf626.png,ab702186321b1ba8f23d3e709ffba8f4bf35f5082274fbe235fd01a93b02b12c,1729,2,1,-1.4512749,5.815056,1.9033275,-4.2559967,-2.0631561
1735,train_images/d1a24527a15d.png,935aaf3323cdbc0d1c7337fe0b6517152729e768670cc4cdd287e1d8a7198ffc,1735,4,1,-1.2661629,4.0122375,0.671548,-3.5432243,0.06784248
1740,train_images/2967e578939f.png,c902d99fc78bfae5a0c2b2392e398db2b86e7558cec9793449b5decfe951223f,1740,2,2,-4.807659,-0.67926025,1.9074547,1.6091614,1.788641
1742,train_images/d1fa0f744620.png,70cca9973c460a05538c62dcb647d501096fed02faeeea88bfca80f371ca6833,1742,0,0,10.985859,1.1214409,-2.4127865,-3.7040215,-5.7391148
1747,train_images/8c4ceddeb1c6.png,b18550c1cd6f8dd7d6a6b63daf7627f8263b838f84c178bfddb1e298326cfa47,1747,0,0,11.889938,0.9467659,-1.954741,-5.729683,-4.846098
1755,train_images/96b5474ae604.png,31310b51583f0b8866273531e400a1280b70a4c7116832791f41da242d2c89ef,1755,0,0,9.2068405,0.2857933,-0.3245356,-6.513897,-2.4371872
1756,train_images/0c38940e1f80.png,b2cbb757094a63c1f708bdd2847087f25e77d25c352fdae937eab5917d3c1bbe,1756,0,0,11.455891,0.7265625,-3.116897,-3.410572,-5.3487835
1763,train_images/0212dd31f623.png,778b89b62aebc3d06ac48595680749c6150a687a90cfd4b8ede51b41b3733784,1763,0,0,9.232365,2.4157066,-0.10978222,-6.8328743,-4.4337177
1768,train_images/1943983492e5.png,4764fda95dd80c6dfeda1e5f9b3ea17492f6150fc9c65f637e5cfee1f1d5b48a,1768,2,2,-6.744835,-0.06681824,4.429957,-1.9429092,4.0952244
1769,train_images/0abf0c485f66.png,eee2fcc8ce8e24c9aa13f5d7d6c2b30b84d00fc97d1c29522cdb3e69fb0bdfaa,1769,0,0,10.792431,1.9542007,-2.5663152,-3.949276,-5.9181767
1775,train_images/306c841af3fc.png,19e3abafcd91c8cd0cbce7526e2010a5d8a7587f3945f7a9f950ef8163a962da,1775,0,0,8.327026,0.9365463,-1.791678,-4.264454,-2.9885025
1781,train_images/4ce74e5eb51d.png,b617545c40b16efc82cfac2a3c3f21861c9953cb1dd4cd9f89170c757654294a,1781,2,2,-7.932705,-0.8652115,4.571377,1.0563087,2.9356194
1787,train_images/3580a545016d.png,0536c5915a3c9feeb2deb3933c0e6db18efe839c383412d04d7f9fa1aade5d78,1787,0,0,10.079533,1.4695244,-1.2268584,-6.5191765,-3.5067368
1794,train_images/8010c931321f.png,7945b5fa7e54c0f71f4257377da4028bfb7d6265db758aecdc2bc0fdcc99d5dc,1794,0,0,7.7847023,2.0537796,-0.67709804,-5.318699,-3.6218014
1802,train_images/15c24478ac72.png,d57f975d94dffec264850d22ce42f65397f0d7dfefc3773be8259a7f1d088392,1802,0,0,6.2448463,1.8513107,0.19676328,-5.5586243,-2.5865383
1803,train_images/8c84e96d9b01.png,7717c65b934744740a6ec0956c3f375ea86a900f41d3f26b4ff8d40fa449aa63,1803,0,0,4.6416397,3.0689812,1.3399472,-6.8933716,-2.005497
1808,train_images/c68dfa021d62.png,b617545c40b16efc82cfac2a3c3f21861c9953cb1dd4cd9f89170c757654294a,1781,2,2,-7.932705,-0.8652115,4.571377,1.0563087,2.9356194
1811,train_images/07083738b75e.png,916542e5e567e3b870987e3ec7d43b2b1818dce2c24f45cd9f4c2ca09594e644,1811,2,2,-2.4921227,1.4063034,5.9430933,-4.4628716,-0.4820099
1812,train_images/8114d6a160df.png,ff13b297e601f227f0c34e4dc85862ddb56b0771e977f227d6a13404fc9a1946,1812,1,3,-6.1722374,1.8379478,2.09942,2.8103027,-0.7611847
1817,train_images/9c14ce27cbfc.png,682ab965693e0d508ad9a0d7024cedb5af527ddf12e244feb1fd17851bd12535,1817,0,0,11.768322,0.45508575,-2.7586846,-4.553669,-4.6076775
1825,train_images/0b3efe669365.png,53fded270c0cf23457be2da38d5181f9d5f273bdba40a175e6e5454fd57a4a89,1825,0,0,8.825798,1.2375412,-2.079112,-3.1544266,-4.573017
1830,train_images/bdb98063fe84.png,7ad222bf42b692606797cb14195250c9b4a77281643d5ca0277b1b83ba1ec0de,1830,2,2,-6.0178604,-2.5142097,4.0088186,3.6057549,0.7376499
1838,train_images/1db6bb46c102.png,667271dc624ae5a5d8fc35e773a02d271c9430a32beb1c504c9f038425d1e5ee,1838,0,0,9.833485,4.005062,-0.6010096,-7.824188,-5.143301
1844,train_images/cffc50047828.png,83bdba735d31c9d1e60e617116f8d4a7650de8fbc596ceaa9644c3f8550ac702,1844,0,0,11.342148,-0.059295654,-2.8778071,-4.1954575,-3.9181538
1846,train_images/c755a0c4edcc.png,779a5f16180ae04773af2f3b3ccb47675b191fbc348e2e002582a3ec9a253583,1846,0,0,8.973713,0.9886894,-1.563209,-3.171402,-4.99226
1853,train_images/ae49cc60f251.png,e92ef9ba8b79119ddb03181c7c682c0844d38418c0ae92a1f33a02688e5f24e7,1853,0,0,8.66251,0.90236664,-0.32795763,-6.7190247,-2.2952213
1859,train_images/98e44127872f.png,5b25a0724ac8f06bc6130031a84d03aed4837ebff32e9088a6da5c8c4a772608,1859,0,0,8.62677,1.6236801,-0.28480148,-7.619255,-2.1042156
1862,train_images/c9f0dc2c8b43.png,1148ef43d0b4873455fe6285dc8ceb484cd78580306a93c4b5241f737a8ceea3,1689,2,3,-8.273994,-3.6973534,3.8959298,4.269951,3.507597
1870,train_images/b835b6e31a59.png,bb81506a51b2f41f3ce98baddbd82a50ef0f5f8682cc9b68e1d956f9e4895269,1870,0,0,8.1732025,1.4790268,-0.27750254,-6.181759,-2.9531384
1876,train_images/9c893e16c055.png,0b92c9603e2c086b06d69cedebbaa8a3e5d816afe68f8a1d70308558e52031a7,1876,0,0,9.600204,1.4673538,-1.3090537,-6.104904,-3.4126148
1881,train_images/070f67572d03.png,6a239ee0691ffcde548f2f696a531050fb4f3951928f97220c6d7944d77c4303,1881,3,3,-8.914333,-4.467003,2.488215,6.509159,4.0863304
1885,train_images/1b862fb6f65d.png,083ddb72c8e7ee68409cc85bafda3974bf4dfb09bd0f3f597e92faf169ea6879,1885,0,0,10.084858,2.8052711,-1.3603454,-6.7987022,-4.4442997
1891,train_images/fa59221cf464.png,534967cc24793275d28e02f1cf9dea9f81da2af670883b21a7c149212d1f1d6c,1891,4,4,-6.061924,-2.5056915,-1.009789,1.8299713,7.4946814
1895,train_images/94ef1d14597f.png,f67eb147373245d2424e616d16ef233255f545d2a8d4282f1d38a78786ed307a,1895,4,2,-7.968731,-0.18684006,3.6299427,3.1441536,1.1393967
1901,train_images/94f9ecf4b8d2.png,562ad627706a962544f5445789ff7d0dd3b568233f9dd3fac32138e58d95e35f,1901,0,0,4.584511,2.9624672,0.62910247,-5.2473145,-2.7883987
1905,train_images/891392c9683c.png,cff6c8ca0f6dab45c22e4b73d57381670bec63e48aa75fb6b9fda304f55d3a86,1905,2,2,-6.2224884,0.4123268,4.6364956,0.62781906,0.35220146
1909,train_images/a56230242a95.png,7e650f98d225d0d7aba5d8f04ec868f5d805960caa89020b310b4426dde93a1a,865,2,3,-8.826736,-3.5773163,4.3313136,4.351532,3.399166
1914,train_images/17eb5d4ad740.png,50bf8fdedd0ae7f558c7fc5fb81cd87986cda4429ac0da206fe6def2bf13bc1e,1914,2,2,-8.77771,-2.2977753,4.6154847,3.9362373,2.2317028
1917,train_images/c0e15e8e2b46.png,9dccf7d242197e193c01e696ffaa457edf069c4a9e2de76a0964ec4147682310,1917,1,1,0.27176666,5.5913277,2.128062,-4.258255,-3.7032166
1922,train_images/a150ff5dfe07.png,41b71180563b272eabe4b46d9e518587e8f8e801a9734627306bb9418dff7d73,1922,2,3,-8.220802,-3.5245438,3.74127,5.1375694,2.610403
1926,train_images/58f07741ee3b.png,3c414c082946973412e6e8dde6cac886c9f816c2dbb99ddfa9ba1c744e0c0baa,1926,0,0,11.229019,1.4439888,-3.1896472,-3.2980652,-5.894699
1928,train_images/7e160c8b611e.png,e7dc7d1cb41b01fc6784700a42e961176a2ca8b95d6d011ccc85728232ff0678,1438,3,3,-9.521355,-4.80188,4.4221044,6.2420845,3.3251286
1932,train_images/664b1f9a2087.png,43c464a9ae093b03899bc98fcd84894496f3784f896c0010d8556d2318c3da8f,1932,4,2,-9.352882,-2.766327,4.3940363,4.1285477,3.2841244
1938,train_images/0d9a9896f801.png,8b93ccbdddac2fa59661445c8a8c2b6c53637528d939acc3af8936f6258d51b3,1938,0,0,8.368286,0.7210312,-0.34201813,-5.2633247,-3.2230911
1944,train_images/338326891d84.png,79121769cb0b4081cc0bc5ef4665b08aa25f577208e25fe798b7ab0f32bf2145,1944,0,0,7.6884384,1.4817543,-1.4761863,-2.8173294,-4.659418
1947,train_images/5293576816aa.png,821ab18fddab2ca0344dfc3b00a91676e73a3d1126c15cb6575a5f98b3a9f9d3,1947,0,0,8.763588,1.016346,0.49731672,-6.671692,-3.3353806
1956,train_images/bcc762618e7d.png,7964a7f7d333e33d2cffabfd404a51b4aacd17b5b1284556231f8eebdf927b2b,1956,2,2,-7.84177,-1.8833389,4.4174986,1.026741,3.9915771
1960,train_images/6cb98da77e3e.png,026b573652957615c6c77503e4029da609bc01519a20a612a26f3d88fce4b484,1190,2,2,-6.77314,-0.20620346,4.0472126,0.8307419,1.8908539
1964,train_images/1e4650743fa2.png,2a7ba33bd0ecf3c97e5900b1163306e678d713962dfed19dc17e9345e46cba06,1964,2,2,-3.0280495,3.8339958,5.1688,-5.414322,-0.6674957
1969,train_images/b72f59b85f7c.png,964e8574788535c79dded46f053533e2b196f5cf297859311ad217761ebab736,1969,0,0,9.941963,1.5609627,-2.6501918,-3.0283546,-5.545101
1971,train_images/9ae54843c69a.png,4973795fd68d0695aa3507eb5d857770ea965d6b99b80b15e972f768b1c39524,1971,0,0,6.80019,2.6568146,0.35777092,-5.824753,-3.7854671
1975,train_images/bc23f74e14dd.png,bcf83579589cb0b4d8445e35da319c20c1f0518ba9f35753aa198c6511c51d12,1975,2,2,-6.1534615,1.6908112,2.9312184,0.73788834,0.65221405
1981,train_images/441117562359.png,295083548c2e1af130b55b024875b5b7b1f09d7a47d3ca2c8939178cb1774d8b,1981,2,2,-9.923931,-2.529354,5.0694995,3.2807999,3.7830162
1983,train_images/09662e462531.png,7320d51b3058abc6e92bd4a72b8e4695c7f9dd22a840676ffa7aaf393b495738,1983,0,0,8.446102,1.2446518,-1.4032302,-4.764759,-3.2895126
1993,train_images/655cafb4c932.png,c7b16c240823c4dfc2d5ad9dbf3ed06aedb3d777628d3dd16d7c4c4759f534eb,1993,1,1,-3.572464,4.7212563,3.8031886,-2.4513016,-2.636364
1997,train_images/8ceff4c4c860.png,5b8d1285749230c49cf91daf12e332eeeb20976e9cfaeed809aa4f8ee077fec1,1997,0,0,9.453819,2.1504135,-1.3570364,-7.058281,-2.9317741
2001,train_images/c365c598ad4e.png,b9f65a9b0837db783ef9960418f5025b191300c87f762f09ca5dfe7919ae5132,2001,0,0,10.9412155,1.0357971,-1.6174662,-6.974846,-3.1168766
2003,train_images/98441214557f.png,4822064624b73b48fd0e423aa750a03965337986d0b9d8fe8db4c996aad52942,2003,0,0,8.849159,3.4219398,-0.45733404,-7.698593,-3.8484612
2007,train_images/a505981d1cab.png,90d799f53575cb8c72f9eacc3f463fed94e0a1d2b7b687ba8a297324854e6f6c,782,2,2,-7.4296074,-0.5540428,4.492935,1.7887154,1.4669895
2011,train_images/8b26d3cd61e8.png,2e9a60d5cee36708b77c79ce21ae0866594f6c701c187cbf356131431481bee9,2011,2,2,-8.780186,-3.6359596,5.526935,2.8901978,3.673811
2018,train_images/45e4b7eada54.png,16e8576462425bf84c4487cd4e074c877109c2433d4a989e0dcaefe3fd18b371,2018,1,1,-0.1805954,6.7934647,0.85655963,-4.4516487,-3.0045013
2021,train_images/a28bfb772f50.png,8f564f846df28dd6953dee41084f45382f1e9a2e2f378a74e1dd6a3a960e67b1,2021,1,2,-6.4723015,1.6230812,4.804073,-2.895134,2.728159
2027,train_images/fd4c946c52bf.png,295f96011c35f19b54a52c6a09f0ba0c1ce66cf6b4dcc941a9e5c3420d9b3fa7,2027,0,0,7.1463127,1.7558022,-0.90871763,-3.8451576,-3.9354172
2035,train_images/7350c50667c5.png,a52b25af81a8bca58dc0377289e5dd9c6178ca1c386743174a5ae03c9b20f27d,2035,2,1,-1.3857384,5.7504997,2.9622836,-5.3257446,-2.0530548
2037,train_images/8dafa62f9322.png,d523ef4b9f0db020dc242336b470cf9e3a5b6437af8503ef0d5379b78670c7ab,2037,0,0,9.142624,1.7865944,-1.0469732,-6.392105,-3.2450886
2039,train_images/b70cb31b9abb.png,743dffb5e04d518c12e98d04b2f2fee87fca92057dca88349ed46b05464f9dea,2039,4,3,-5.765278,-2.370514,2.8139944,4.156601,0.9557247
2047,train_images/7bf981d9c7fe.png,161dd429014bc71e67ec7e6ac6d80db95d8fdb796ab7e4eef660e64054fee6c6,2047,1,1,-4.1624756,5.368374,2.3540454,-4.3313217,0.6713047
2052,train_images/aa0afc41ed19.png,7fb06b10c6ef5edfc83400ba89a09dacb5b7d71a98ef6781e5cd05198f70ec3a,2052,2,1,-4.4739723,3.79393,2.3026626,-3.4809685,1.684927
2055,train_images/b4e15102cd7a.png,a2b737eb33e0350385cfa70a4d9879be89f29e6c68fab256049f8c72d82f6325,2055,0,0,5.9298706,1.2121811,-0.13159943,-3.3660583,-3.474226
2058,train_images/36a1e3c780a0.png,44d7a80b4132446d47264938c664cf52a2b5fcebf42af5d86a5c87889f4eb03a,2058,2,3,-5.8142624,0.57579803,2.3029113,2.6260986,0.123189926
2061,train_images/e17507a4a1f5.png,8737f823af4a87b45272d007035f6cb65b189a2b18d62f2ec2891feee4bff0db,2061,2,2,-6.617401,3.082199,4.207533,0.61304474,-1.5118332
2073,train_images/31360e44ac64.png,c9eec40cde86ad5e983ab1d2b343edd8c3cbc90968ddcbd8e8acfa588985066e,2073,0,0,7.816536,1.7253914,-2.0867515,-3.6873474,-3.5158863
2074,train_images/6e1db8711879.png,40f21c81a10b1f5ae005e2ac875861371c773852e1711809d1f43089c438d1cb,2074,0,0,10.299053,2.805954,-1.8829646,-5.1156845,-5.8026676
2080,train_images/fe674c2f73f5.png,89546718df8dd28d4e2b0b850c0a582573a05476228a9a13a6e9996464040ca7,2080,1,1,1.7388992,7.0194473,0.35424757,-6.3444214,-2.6999989
2085,train_images/95a4cc805c7b.png,88b2d3efe4797c4f63f40c817220bdda8a4d3aac06c7bdfe87e13323ca354ec0,2085,1,2,-0.5234566,-0.41645813,1.4144945,0.2243042,-0.76057816
2093,train_images/97c6cb55866d.png,5455cce42312d359a91b5b994d19893928ae879c3ff382caa591aa467146f39e,2093,0,0,3.7170792,2.3490753,0.34999895,-6.577854,0.24414062
2095,train_images/eabc7c716255.png,9e47b9b6d99c49c629c25369f661b33b07d4333c905360452d81b08257ac47bd,2095,0,0,6.272251,1.382225,-0.26205492,-5.2740097,-1.9115047
2104,train_images/1fb455685328.png,7f8d7cc2a31d2e143e48ee662e2f1b37101b254041cf7ddba3ca12989557ce02,2104,0,0,9.6451,2.4642448,-0.1654551,-7.4744263,-4.202345
2105,train_images/c1799a6f5c65.png,a52fbf73ca996889462be599625adc4846b317e35d5ba51945f254b06a9c7eda,2105,4,3,-7.6413116,0.071956635,2.9756851,3.6055717,0.7611313
2107,train_images/9519a590985d.png,60b208137e97bec7080f99b559f7bffb62501ad7f3a81e5ae44668f73f0b17df,2107,0,0,8.019447,2.3917122,-1.0775552,-6.0122643,-3.1289082
2114,train_images/57a710de68a4.png,b3be46189ba69a2c3adb23508a4e0164828138f06f7b4ee4e0db7261669ee895,2114,0,0,9.884678,2.3472214,-0.7353294,-6.3558426,-4.8867607
2119,train_images/d1fb4efb117c.png,d57047b60db617c6e40fe729832f4dc388fceaf9abb2be47754c24bb6f54edac,2119,2,4,-7.403759,0.5193634,2.5336423,1.0445557,3.035862
2128,train_images/12a82fc7d73e.png,f1cf91fe69a80e85ddd8ff5b618234fb8e312613be4bb905f47b31036462be2e,2128,2,4,-7.8261604,-0.43797684,3.0248895,0.7529106,4.2288704
2131,train_images/8e76054f0831.png,6dc2669552a69655f24350ed7667e799a4ba288750a56cfdb6a039faf2357d85,2131,0,0,10.162533,3.3846207,-1.1420345,-7.695923,-4.4547844
2135,train_images/2a3378bcfbcc.png,a4105fa5521fc23ce58fc3140639299dd5a396e09067b100c431ddf63f210005,2135,2,2,-5.98312,1.0691566,2.6145163,0.16211319,1.88204
2139,train_images/5b32ece9c627.png,5d8056f056c18dc0c7aaeb73cfa9e0695cf695d093bf74d7d239f0ae26721976,2139,0,0,8.053749,2.1385612,-0.51051784,-5.5715485,-3.8885155
2148,train_images/d8da9de62743.png,91d323bb6a3e63020ad5a8701f37dc26227aeeeeb1a02d3cb916d88868c90a47,2148,0,0,8.463692,0.8890915,-0.2362032,-6.5710754,-2.325203
2150,train_images/af133a85ea0c.png,c606be1c2217e9d8c6f58bf2614b0f9d5418070becbf1d0b425f9ffd4552fc53,2150,1,1,1.268631,4.7674675,0.74898505,-2.7389488,-3.965086
2161,train_images/4beeca5cc859.png,788cc2ab64abaa80390249d9c9ba44fb36226e8ab931b9cfc2f25d5e4d8c3b77,2161,0,0,9.600922,1.3588982,-0.8715744,-6.796543,-3.0305786
2169,train_images/4faf4063db8c.png,146b1eb4afd1594261573095401a4020ae4c30c43e876b770d3b31dac5f4041b,2169,0,0,9.021637,1.7871361,-0.294513,-7.297962,-2.9706516
2174,train_images/f68690db78d3.png,180b866e50010c389993bc6d8ea8190cb540e667bca7e8630968c1d526cbcb8e,2174,0,0,9.871857,1.1958466,-2.0275164,-3.299858,-5.488619
2180,train_images/de38adaae009.png,7672edc2c33a98d2c80c66095db6ed20da4d95b0b8d1edd9d7f7c0166266c09e,2180,0,0,9.469334,0.7068558,-1.6352849,-5.2535057,-3.0098686
2184,train_images/2399d68d407f.png,d56bbdebd7089dd1abda0960fa2787fc80e446f9ae0da8052d468e946ff03abb,2184,0,0,9.346264,1.6632652,-0.65337825,-4.869911,-5.254158
2188,train_images/f4874247ede6.png,35e7e24536ff100df1ab099c327517d0ba2721deaf2c334480683cb751f31396,2188,0,0,11.676815,2.1731873,-2.5581865,-3.5140076,-7.42568
2194,train_images/6e44f6d04fc9.png,52197583d1aa419f22f2d87e8aaf8802b325e4092571e7a64fc3cd345c6ca53a,2194,0,0,9.777157,2.0323257,-0.80412436,-6.5860786,-4.135132
2201,train_images/374535e0adb8.png,c3f1d8393129357b5ba6e72f0166232f7cb8faf5291ba2b2e4b70eb66788db5b,2201,4,2,-4.1717033,-3.2685814,2.7521315,1.9720688,2.5505466
2206,train_images/db6207e62c7b.png,35a6a213fc3c994508d480bb8f5591303c43b55a5ec2584f87848269e7af2497,2206,0,0,9.79007,0.9835892,-2.0866141,-3.3294945,-5.0967445
2212,train_images/86d6808f0609.png,d6d9dd6a22655cc680a333393de4360f9cf9487f377dac475150744e5e009ad0,2212,3,3,-8.059498,-2.509243,3.4140594,6.5988197,0.29107475
2217,train_images/0a902c80d5da.png,41cd1633696a29d73ee09bb91a0f9959f19ac7dc7d73b64184c492b6f382ac52,2217,0,0,8.330421,2.0042725,-0.21836519,-7.226715,-2.6411877
2219,train_images/b0f0fa677d5f.png,ef88a839c9cc1da5c8d229a7493326a39e5c08944fbf86d0264adbad6881526d,2219,0,0,9.550816,2.9091873,-0.69116664,-7.6935577,-3.8100376
2223,train_images/0182152c50de.png,39176e0df5b89f9052c08be28e87e149986198a3af65c43af9a2345e032e4589,2223,0,0,8.475822,1.0779495,-0.062841654,-6.3839455,-2.9061508
2229,train_images/f4d3777f2710.png,3c651d1c245de22593ac7679f7181b1508ef13db701d6ee469d0918a064d3058,646,2,2,-7.7617836,-2.2923088,4.4164643,1.4253693,3.9645538
2230,train_images/e933923aab15.png,b44d3d1418dfb2a580ae072ab0b4cf5e2df06096a0db64e090f3b0200dcee8de,2230,0,0,9.860653,2.7666016,-0.1891663,-7.725048,-4.452524
2235,train_images/6733544ae7a6.png,902ead0bd5e2c5caa56efcc562f4d3226d5b740fa89fc1dd475018af7f907d51,2235,2,2,-2.0539742,-1.5231133,2.6939626,2.1381645,-1.3426304
2238,train_images/ecad6845f630.png,a742c29da9862837f98689b0766411a79626cdbe656b0877a6f595a213264bee,2238,0,0,9.39061,-0.89829254,-0.793108,-5.1102905,-2.3574753
2243,train_images/901a3552fe26.png,02e82b18cb0e6feadf1d0621559a001213a4b9167942de27e1d23c62a5bbd1f7,2243,0,0,10.011017,1.8901062,-0.6671257,-7.277378,-3.6705284
2249,train_images/85fce24084da.png,9503f1a6f7c7a8ee411bea293ad2264a06a34242ad482ad3a5a8b606f9cbfe83,2249,2,3,-8.837238,-1.5440865,3.187584,4.3810005,2.5269184
2251,train_images/3f3de2a6b0f5.png,755ccaca15c375e02b7b9b2b787c29b21110faffc61bfd562f12d651c92ef85a,2251,2,3,-5.4353256,-1.0934296,2.6961117,3.8125916,-0.17281723
2252,train_images/ba08cee68c71.png,1f66a03304b965d12c3484a2d6c50f548eb501f780cf41951d82a7be42655a71,2252,4,4,-7.320225,-3.2163696,-1.0357432,5.1700096,6.112194
2264,train_images/c4e8b1ec8893.png,ce138e931f88d11470a33d3a8c2a54e757a80b96fb9091b8a87decd0d79386fd,2264,2,2,-2.7650223,0.37192917,2.7594595,-1.6317749,1.1570282
2269,train_images/2b5bb6d33959.png,0739f35e8dea57d65a9d8bdcd960f8d0b54da7831bd57b8c1c5994c2b6ac3ae6,2269,0,0,8.405029,3.2038383,-1.6699424,-3.6758156,-6.049635
2278,train_images/753b14c27c83.png,ad8a66d9a97f149009644393368b69cb9d39fb7a2b835bed09d624e6c6d4ed28,2278,4,2,-2.1999054,0.6925125,1.4003177,-1.1390114,1.1704903
2280,train_images/f9e779a13204.png,dcecef2b81468491c71f977ffacd41998578840219ec2835b14cce294a88bdd9,2280,2,1,-5.537876,3.4039726,2.4239316,0.8895912,-1.3524399
2286,train_images/9fefe2b44795.png,a1f7aedb15523edb9a72d3ece508401e48f33aae1ca72b13c96162c2d14ad6b0,2286,3,2,-7.573433,-1.5276794,4.4653163,1.4710045,2.918785
2292,train_images/c7c0470bcf87.png,c2cce07d109f30041aee8d3c1ad6f44b44ded596146330a019026068373d4e63,2292,2,2,-1.6903305,-4.042465,3.1814692,2.3242607,0.12700081
2295,train_images/697538183db5.png,e45240fe68a5931744f94d871401991b4cfe5b4e0f243c24461905c489f86068,2295,3,4,-6.034958,-2.7820206,1.5890565,3.164608,3.8625355
2299,train_images/66393d8c60ba.png,99c229b323181ce20ad6fd890ed7ad791b25ebfc107bb2bb26dba8035ba954bd,2299,0,0,7.885597,2.0490532,0.11530352,-6.7567635,-3.0829468
2307,train_images/af3b0115aad1.png,81988d96c34e63a9cb1005e968848413b2d30bb69e8cb4184009d0d72c3d9583,2307,3,4,-6.8958015,-4.62101,-0.93608356,1.7537155,10.405645
2313,train_images/253e96488cfb.png,8893dc9a7d66cba45d9fb4c7e24edb0b77a97a08a236b600a46962a7b9be6094,2313,0,1,4.0853996,7.735138,0.2049756,-8.094402,-3.801447
2315,train_images/c0a117de7d0a.png,67cc0c4b0f6fb1b6edad6c6ddef8076ed66549c0e15a15aee7ca8fa2419b498d,2315,0,0,12.172661,2.183876,-2.33643,-5.189728,-6.5034027
2320,train_images/f69400b316a7.png,61f26b3c42de08c2505052673a68d158e83aa13b76af266a8e62187acadc5265,2320,2,2,-6.8459206,1.5202446,3.663086,1.1578712,0.29439926
2323,train_images/38f1901f214a.png,c398c80291d7bd9c1d47f92e601e4dc36659770906399a5e69970598cd2c9ce1,2323,0,0,9.579224,0.54981613,-0.44933796,-6.2017937,-3.1851597
2327,train_images/2a099b247b10.png,1c9c4feb7d81aa1fd39cf6ded9401eba292af4cad28e7e3397cadc72c5bab358,2327,2,2,-5.0017776,-1.6847,4.299574,1.2238541,0.95973206
2333,train_images/58c12863f33d.png,54339e45db9c8694cd96a435dba92cb1c25086b48761c75dbe6376467fd75988,2333,0,0,10.006237,2.1128197,-1.2482119,-6.8880463,-3.7153149
2337,train_images/bfd5c0e55420.png,b539b1b9c074dc57df66e5003a2ed2a5e25e138aeb4b3883d1470e6406fde685,2337,2,2,-3.5856705,0.9050331,4.746404,-3.194519,1.0159378
2347,train_images/57760be09c03.png,d98feb03d0fdb12fefb92d0d3d1a49cacbbe5d950ba594b583ed395f4c27cd7f,2347,2,2,-4.467861,1.3812828,4.2471876,-2.8331642,1.5667629
2352,train_images/a3802934bad7.png,e97cafef35db45cbf8b2c0005b1a1fd3c6d0d664fe423520f580caffc46c3f3a,2352,2,1,-1.3208847,3.220749,2.3389487,-4.364773,0.06441307
2357,train_images/6b3860e8f64f.png,70ece9713bfdf5149d4be90a88ac22ef00988ea1c73b35d61f4b0854c86e1ac5,2357,0,0,7.358181,1.3868332,-0.09796524,-6.9444504,-1.5567207
2368,train_images/e907d23cce3d.png,2baee5a44ab9fb61d20ac76123854b4db6f04b450b71d6441b208684fa13b538,2368,0,0,9.178143,1.403717,-0.43772984,-4.243656,-5.6745834
2369,train_images/81704925f759.png,63d9cc26aafd41b32729e0a3f89e0fa787aa3c828d0cdfe87572e0f45bb68cec,2369,0,0,10.370884,0.7928314,-2.1939535,-3.9545326,-4.7399635
2375,train_images/9d62478042b6.png,6a41c43974877d5cbe515686e99aea79e7b304a67cc7fec5c4893e28006f3b2b,2375,0,0,5.9038315,2.3632812,-0.8943107,-3.4196396,-3.7473755
2380,train_images/810d3779abd9.png,b51b864392490ccb3a788b092544959cdee0c8b715da22719c4086b91df44a92,2380,3,3,-8.96315,-7.0544033,2.871236,7.4034233,5.402828
2388,train_images/4ed31cc07366.png,2c81f6e500e1b8168456cb6382f67af117e01a6f516c39691e348bc401de4e15,2388,2,2,-5.530342,2.4089165,4.496445,-1.8539429,0.24586296
2390,train_images/180afe1d5ef7.png,512afa4631220ed77cdd509b956df4a22c20d4e35926730c056ca6d2ef96953d,2390,2,1,-3.1699867,2.9739609,1.8012186,-2.1041412,0.39428902
2393,train_images/0097f532ac9f.png,6918fa9978a11f40b6da9c8408f4399447a4a56b116965c2e9e7b791fa357acb,2393,0,0,9.592129,1.2114868,-0.90882444,-5.671978,-3.9612122
2401,train_images/e66855a5c583.png,ed187ec7fed91df23a1d1c802511b26f59e41b56667c3a06bb0b7861bf472d99,2401,0,0,9.208622,2.862133,-0.86899734,-6.5307236,-4.4183483
2408,train_images/4826d10030b3.png,0df8038d236338f7d5628448e23b5e775698dedb6209645663adff73dcdb118f,2408,0,0,8.882004,0.29385757,-1.635179,-5.2839584,-2.0385323
2416,train_images/29b52f64d2db.png,22337ae0a2939ba679bfdc4a9420b8f99f5e5d2e938404eea490e1c713b03ee3,2416,1,1,-3.1030846,4.289131,2.4720836,-1.3469582,-2.3971558
2417,train_images/83e529e95b0e.png,a6319634b091239c1508914b0b526ae7fae071e37cfca898461a02cbb4c1c24c,2417,1,1,1.6914406,5.6181984,1.7822883,-5.4335747,-3.5910606
2421,train_images/b98f77098b9d.png,f3603cc91a0407429e13c200a8b053e53e73d353988db47e2a7761df1de0b183,2421,2,2,-4.6601524,1.6494217,3.90905,-1.6288452,0.57133484
2422,train_images/01c7808d901d.png,1115fabd82b144b4fcd66093c3182b59c98902fd0fdd54007d1c80c97a3135f0,2422,2,3,-9.115288,-3.0726013,3.9158177,4.5189476,3.4421196
2432,train_images/436e1793d240.png,b214e876bded9ce0fa212fd6e000a6e7642aec89ee8a0fb8b3b00f3c3bc3ff27,2432,2,1,-2.0742912,2.8558693,1.3649352,-1.297493,-0.90117836
2435,train_images/75a4343b12f9.png,3490925840da2b4ec986707abf52edf334071703d71da81dcdeda81c6f2acf0b,2435,0,1,1.1836548,4.6088295,0.6159458,-4.8376007,-1.5280685
2442,train_images/789c60cba801.png,8f84819a1521a6264da2cddb81bc2c164547dbe84f4fafdced52c68781e6a133,2442,0,0,10.844856,1.9290848,-1.5534563,-5.2331314,-5.6932087
2447,train_images/2ef4a04aed1b.png,aa33ea40df658effc3a5989a75514b3ad8283f8100c9797fdf1ca629389f7b96,2447,0,0,10.064644,2.1876907,-0.44845152,-7.7136116,-3.8232574
2451,train_images/7a238a1d3cf3.png,b38f21e61609c72ede76edcb6717c4df36066b3a27a56b206d8cf51a581033e0,2451,4,1,-1.712307,3.395237,1.3097305,-4.136284,1.0973682
2459,train_images/4b422b48d0d4.png,63c47588cf8ab9732aa3265334cbd6da4156b706a447556c887d218887560879,2459,2,2,-6.293171,-3.5934029,4.514322,1.7073212,3.4325008
2464,train_images/2da82d14e1b7.png,e6aed037a8093c646b0db91fc91b9dcfc5e60a0cdd6df73c078e3e82bf709ebf,2464,0,0,9.665363,2.1369934,-0.5180497,-8.227562,-2.8210678
2468,train_images/5a36cea278ae.png,654cb0c461256518d5c5f205d9bc3235e641b01afc35f685127eb56ea80acf23,674,2,2,-4.973156,2.3301277,4.557817,-2.704918,0.63405037
2472,train_images/3c1efa38d0da.png,f2b6f61a22ac8bb5cd64fb3b18864c232fb04b0252ee2af7183808cb8e8704d8,2472,2,2,-3.445675,-0.7850952,4.029248,-0.71813583,0.7811985
2473,train_images/565f3404f9b2.png,343396257fddcb0c92e67250546a89939c5cfc21527ad36a2e7b685b29b71844,2473,0,0,9.26239,1.8397217,-0.718101,-6.6031837,-3.5285988
2481,train_images/c280730cc211.png,cec89daff48f972c7132f8aa247deaf58af6f3f6c067dae42225f8fed79cd5aa,2481,2,2,-5.5548744,-1.0636597,2.7115228,1.426899,2.2784748
2485,train_images/19244004583f.png,c78fd3dffbf1676942d2d2f305c1efb0cc84a91d82feafe565a859c26e6fbd9d,2485,3,4,-5.585724,0.114665985,0.8433738,1.1352234,3.2472134
2490,train_images/b10fca20c885.png,309aa3e28f15312f14568bc71d1dbcbe29d504df216f6f4e9d5573e516bb8cab,2490,0,0,9.098248,2.164894,-0.63972425,-7.3677216,-3.030182
2494,train_images/0a61bddab956.png,ecdcc838eff13077fb1b407270ad6f6ee01a004cdc8a6790cc1ef22039509c5d,2494,1,1,-1.6866455,4.711025,1.4752674,-3.6527557,-0.86774063
2497,train_images/aea59ebec445.png,97c3087aaa80c5554b37acc7d4177a4551cdeb1189c30817dd100ed625510dda,2497,3,4,-9.514332,-5.806095,3.7543411,5.2051163,6.0443764
2502,train_images/144b01e7b993.png,d9693f423433ba9af946e90eb9c4ef4ca1437c9be236e3087d8decee8a86835f,356,2,2,-9.116138,-4.136471,4.580212,3.9053917,4.476637
2503,train_images/6cfb7b44ef6f.png,f16e0ac16397c1164bea71fdfeabd6ebb53407a53b0005e53a89d3e7450155c8,2503,4,4,-4.9205475,-3.9241104,1.2789649,0.24645615,7.128028
2511,train_images/084c02cf077f.png,3414f628ffc3365ceef86c89571c551aab9707fdc57038dbecc2f1dac32f4ede,2511,0,0,10.995979,0.8752098,-2.0802965,-4.832737,-4.6595917
2518,train_images/3694e8c8e09a.png,40f085cae190a9d6771f1050a82f40e6e0961e423c1096f8c7ed76d4eb9c8a16,2518,0,0,7.5379944,1.893631,-0.90609,-5.2309723,-3.0632305
2524,train_images/fc603cbedb41.png,630512f98818a4c2595363498973b4b834d2b1a18c0ab4dd455af015fc4d2d93,2524,2,2,-8.25589,-0.26507568,5.945527,-0.3218994,2.6495094
2529,train_images/8860c7b11530.png,1a456d67e740a237922b033fbc7c65a69fee983f34be3312ac1809a2eef55a8b,2529,2,2,-3.662014,3.6634178,4.737382,-3.594242,-1.2362728
2535,train_images/dc0eea0b68a7.png,47c95f08b23cf534d0ac062a5bcbf11dbc2c8c304a606dbf1431129ee124ad3a,2535,0,0,7.184807,1.1320763,-0.777442,-4.6717606,-2.674469
2542,train_images/bec0acd539b2.png,7dafdc1b7589c1886fbc15829fe1283d8c8e47be9a8436dfccafe51ae42e603a,2542,3,3,-7.5564804,-5.547125,3.526881,6.537262,2.8055325
2544,train_images/f4de9620e3f2.png,374d36e9a14966fe6e1dbc79946bfb0f11cde11ad6ab86373b943c2bab0fb905,2544,0,0,6.606251,2.9509926,0.256032,-6.3184547,-3.310421
2553,train_images/4a96c28f3f07.png,7d8c53468983286f39cbd24b2d9e094ef4e0ffb14b48b61acc30a5ded6828e59,2553,0,0,11.249401,0.53764725,-2.1790156,-4.1806984,-5.1306686
2558,train_images/de730033c683.png,683c5bb72eb34d98821063c687d97a0e00c73fe523e76e1f55ae01ab34e82ea8,2558,0,0,7.3171463,0.546669,-0.42232418,-4.9116592,-2.3071423
2565,train_images/03b373718013.png,77063493ed4f060decab93ef02d5b3696744a55717b099541e1bc8ba2cde8584,2565,0,0,8.644646,2.5975075,-1.095684,-6.440567,-3.4649658
2566,train_images/05b1bb2bdb81.png,acbe6fde938d31abc6fbdafe6138568cb6214d60f6085dd358d171c83dd57bf9,2566,0,0,7.6335793,1.6446075,-1.2276909,-4.2837715,-3.5301914
2569,train_images/096436d68d06.png,d32fe9f287dbcbc4ffb6ecf4ff6d92fdde7754a90361dd2c92d6fc98103e378d,2569,0,0,9.5267105,2.0924034,-1.9096236,-6.4446335,-2.9878807
2575,train_images/0d744aed4d64.png,4fedeff5c27d080183e6f26c71c10323f1a576cdeddd8f5c65ada2ca6dff51b6,2575,0,0,9.963444,1.2847099,-0.94406796,-7.4769363,-2.572668
2582,train_images/12ae44be0d38.png,5bc779204e7b6b0ccb4564943f030892f52cf9f631a1973a400572fe52c87cde,2582,0,0,5.932522,1.0582466,0.3243816,-6.4972115,-0.64798737
2588,train_images/17d997fe1090.png,ee7e1aef952b01552bda1feb2c220aa19bdaf01ea4c16fcdd1f4916b0775310e,2588,0,0,3.6846771,1.8443794,0.9679612,-2.3367157,-4.053032
2593,train_images/1da4a17c18c9.png,ff14591d5c5e253ac549ba6f7ddc522fee899e785cfbfc9e1fa3a7f71fb7a722,2593,0,0,10.857552,3.2186813,-0.7441616,-8.965111,-4.081444
2597,train_images/1f4fb37e0854.png,e3580f19ca2465b20498be2acdcd378cc673a8b20ddc2150e3c71bfc7e55047f,2597,0,0,7.0679665,2.5468025,-0.7663362,-4.703865,-3.889824
2600,train_images/210bfe0127c6.png,3461246332ff70a75eab4284cbeb900d50853954bfa858de39de5405b5913de7,2600,0,0,7.282772,2.1884613,-0.84520626,-4.520561,-3.8881187
2607,train_images/2927665214e1.png,0f946963dc8720e8094b569ae3756c3931deb712b35199d9c2712a2c4453cb0a,2607,0,0,8.566666,1.8535042,-1.0993981,-6.024246,-3.0308094
2611,train_images/2c9dfc270f1b.png,f4e5e0f3c16614b9d7d5c5772b39921838c5ea2e52d9e9b1e3bd2313c2430192,2611,0,0,9.180218,1.8610611,-0.40127063,-6.8184814,-3.5850945
2616,train_images/328d141ed3aa.png,6641c5cfc0feb76b205b6786cdd5b8c706980deeffa9e6be369dd9efabfbe422,2616,0,0,9.648941,2.9394875,-0.525645,-7.550148,-4.2445736
2623,train_images/3b0190bbe615.png,a100e46d1128aff06e7358000d3cfdd35e7275471baf9e326d9c5e9c75b3a05d,2623,0,0,9.103046,3.297886,-0.56936693,-7.7957344,-3.786028
2624,train_images/3c326543fff6.png,02232c4c8d8edc51aa5d93e5c9fc71bb4f9a75bd9e9f1814e4b90c60bd3da912,2624,0,0,11.005508,0.71012497,-2.4112182,-3.8599586,-5.171583
2631,train_images/4350a1b2f3cb.png,2bfa64e14c5d92109fca10fc40632fe044281a8d13fd1ddf88c9bbbe1ed2f1c2,2631,0,0,6.0570145,0.99684906,0.28296804,-5.476719,-1.7178192
2639,train_images/48a45619d1a3.png,42cfad4d7e1e2d8657c748ec069ea38208ec1d7dfbef2d1272d57a2ba98d8ed4,2639,0,0,8.8390045,2.0677109,-1.5005112,-4.092102,-5.0936527
2642,train_images/4b237b958555.png,a72456e3a6aefe2310e9ca65f7f341b86ea2469194f18d31f466e3079014d742,2642,0,0,6.0484047,2.6092873,0.8235272,-6.753628,-2.5681705
2647,train_images/4d3de40ced3a.png,b1ec79d8e4b7798a3fa55895c197bdad1727b5b90362d4b20e2b5c1905fc1237,2647,0,0,9.42865,2.7519035,-1.1186583,-6.3300133,-4.473341
2655,train_images/54334705a34d.png,6d1d00d45b87310eb6210d2b16a00299de9fece4034d6caf5aa0a0fc65eeb881,2655,0,0,12.061291,-0.18625641,-2.6095138,-3.4495277,-5.5158463
2657,train_images/54f57cf26126.png,b6f696f0921a03c3c8d465b639c6d4e61456f2acc744889df0286cbd971772af,2657,0,0,11.124302,0.5431061,-2.2430248,-4.1468887,-4.9823685
2658,train_images/568455854a11.png,285cd4109374d36b0bbfd67d6f8e4384cf50d293a20197e372f5359fc1ffe0d6,2658,0,0,9.940811,1.5298195,-1.9471488,-4.774704,-4.466593
2667,train_images/606daaf0bfc7.png,b1f7d45fc8fb9beecb1c630369629b7baed9a20c7043f386fc8a2f96c0feb762,2667,0,0,6.1642494,1.0765877,-0.74996233,-4.3959427,-1.8893223
2675,train_images/691eeb59b4cb.png,e2d5ee6fac6092f1e0b09cebf0ed5d4f660c5d3bad7a5ee1752ee7b2cc18ea4b,2675,0,0,10.134331,2.1367073,-1.0907288,-6.8469734,-4.052046
2680,train_images/6c9c902a97de.png,6ef2b1ca3e7f6b6f76f61321a207d74cdd672c42b611b9182fae4302c2f9b045,2680,0,0,6.9986954,2.8709068,-0.25016308,-5.936184,-3.457985
2682,train_images/6d4f6c9a8406.png,aaf84eea4a33543a5b9dbe4d4ca458b7f08993accf0f479ab4f6f123e4fc5040,2682,0,0,9.144421,3.3239517,-0.8553972,-7.8628197,-3.5154343
2691,train_images/7b691d9ced34.png,4b256f83d89a4c6debb0444f64489d54466f6cc426c4f11ad2503744497c9635,2691,0,0,9.181587,5.686619,-1.280755,-7.1175766,-6.196974
2693,train_images/7c6594b50690.png,65681004693a97288acd10c4fa7ad28dc2ec90f36f9c6f69b41a01563b3ced88,2693,0,0,10.205997,1.9262848,-1.2224586,-7.489586,-3.177332
2702,train_images/8344c783da65.png,2a7971b8b9c287a0be694d5c36bfa31b2add43cc9334e61588508bdb4ad1e1f5,2702,0,0,7.7773056,1.6223793,-0.79306364,-6.195118,-2.1971397
2709,train_images/8a87dd2a784e.png,89975cfa2788d5eab78bac089ab3922ef484b9487fdb8f1f17f1aa455e0d6dc5,2709,0,0,11.713123,1.8311119,-2.7193599,-3.9215927,-6.585087
2715,train_images/8f06ca4642bd.png,448668081ac1891cf3c8b5b6a88bae5b37b31d4bd6e36eee36645c8417f67a26,2715,0,0,11.790207,1.3014984,-2.291256,-4.124672,-6.3520985
2720,train_images/974c7d7b9c64.png,802ff7245a25798a4ae7bf929e0ea23c595ca64b3db80c9ef5ba7f27166636d4,2720,0,0,8.454494,1.3511047,-0.6318269,-6.767399,-2.1951466
2721,train_images/97fdee242fea.png,3f5f7d56cf27f15f8862f0529575a5a3a183acf64c37fc32c854c2ae730bcdaa,2721,0,0,3.2762642,1.9576073,1.2491155,-4.964432,-1.4238262
2723,train_images/9870ce41cac4.png,af837248c130f7cbfc3bd9df5f19a4a78a1a9a049ac0ef9c9804482e8aff5c97,2723,0,0,9.62571,1.6011467,-1.9546037,-3.8391495,-5.1760273
2730,train_images/a1e236fbc863.png,aa4d054a5963bf9390478b7757d332c9f8a09f39a9f7592f070913a75bd3b231,2730,0,0,7.002777,2.6252365,-0.7632444,-5.5669327,-3.0937023
2736,train_images/a61723fc38c2.png,c3f4e2fb56dc1355fc75973b662388c4a88a99ce7ad5da6bb47d9efbbb7a1d06,2736,0,0,9.685799,3.8382988,-0.79781556,-7.459282,-4.996706
2737,train_images/a6356a3c5d11.png,4d6f2a1fbcbd5972cf1dfebbec69519e968328b17c3ad2a4c79fad840314ec5b,2737,0,0,7.928211,2.089077,-1.3084335,-5.346016,-3.1185703
2744,train_images/aa94cc4bfd84.png,fa564acf51158673a9c1afde38f31eac41bf8321e663d0036d873ce9f1613c5b,2744,0,0,7.7478676,1.5486603,-0.10344577,-5.7472,-3.2241535
2749,train_images/ac0a48ccbf70.png,a830adf17d01f3990fcec74e0efae2393b2e2209f0bf803a6ac694f00aa4db77,2749,0,0,7.6912727,2.341526,-1.1892524,-5.57806,-3.0456371
2754,train_images/b294927b14b0.png,03d7950a7111bb0f7bf924c8687b388918364795bb6dae2149e8e1f9ca658125,2754,0,0,10.777386,1.7817421,-0.81350875,-7.9453125,-3.5121002
2755,train_images/b598bc9753c2.png,3a5b90391a0691e670983bfae3694edf82150762152f5a399bdc79548799be25,2755,0,0,8.152767,1.982235,0.10361862,-7.504017,-2.5165424
2760,train_images/b9bc81fcb075.png,17501277b038feb10ca285927ffbce786c1bfb9c91f99db8307d6d8ab6c69226,2760,0,0,9.091007,3.2977257,-0.15566564,-8.4046135,-3.5786896
2770,train_images/c2f3281cf528.png,96c4f8e47c65791447ef6b5f2b96a9906eadcf417c05b3cc53bd94391512bb38,2770,0,0,9.155903,2.055828,-1.3670545,-6.8271217,-2.7819214
2774,train_images/c56293f53191.png,ce1a4dd4c7bedd357148a844e98115e5d083645dd925c23c863ec0b4a4358978,2774,0,0,10.013073,1.423851,-1.0079849,-6.658127,-3.5271187
2775,train_images/c58e5c0c5b33.png,a901710888f7299e64efaeb99c5dfde7c020b5641cbaa6bc194eb7b8ea0339de,2775,0,0,10.465393,2.7416267,-0.5435548,-8.316208,-4.0725975
2778,train_images/c7c3d363bc86.png,b1a64598ec55d9e0e16280e6c265499b7c3b619b2c5beced2eca34d4ccd7012c,2778,0,0,7.7976227,2.9457283,-1.9312129,-6.95306,-1.6595497
2786,train_images/d516f77d4516.png,f53339bfce6a581a4ce39adc6167b796df59601c6589496cfd82f1269e2f839f,2786,0,0,10.410027,1.7381859,-2.1072388,-4.3058243,-5.4342976
2787,train_images/d51c2153d151.png,4b256f83d89a4c6debb0444f64489d54466f6cc426c4f11ad2503744497c9635,2691,0,0,9.181587,5.686619,-1.280755,-7.1175766,-6.196974
2794,train_images/d97911a32918.png,c8cab3341fe3fad1e7badaaee7f66c1b63c10cc983e5afae285b959022a85d42,2794,0,0,9.529594,1.59869,-0.5738754,-7.591259,-2.7366905
2799,train_images/dea7538bb91a.png,28947964c1dd6a06f5c9b6c815b9300aa2162ad271f37fa019b8e0dab186f733,2799,0,0,7.39468,3.120922,-0.9022052,-5.50692,-3.8750992
2801,train_images/df6d13d04da1.png,f52a984906a58df97fcc1fdaeeb12591c7f212adc817d7d69429c825bd85420d,2801,0,0,8.3951645,2.9989128,-0.28330088,-7.4722137,-3.4082851
2808,train_images/e6a5e4718873.png,6ca11ea2f081cbed5e70e9b9061e98d1c3993d129b5bfbd9bdd4ffbe9f73e952,2808,0,0,7.7541504,2.4979897,-0.13591838,-6.954399,-2.9304028
2811,train_images/e8e44b3160e3.png,e834e54b18c07faf7451d974992a87619b9bd45af0c31e49334abc08e60b5a8b,2811,0,0,6.365429,3.3594284,0.7511641,-6.9368553,-3.4157467
2812,train_images/e9ce5bf645ab.png,b9f58cf30af1a8a8c17d0eeb696ea429c7464cb52ca2eccbe78d6bf8b5b18750,2812,0,0,8.991299,1.0998726,-0.43809962,-6.4559937,-2.9552517
2822,train_images/f7508f14dd7b.png,8fe0487af7af43753074c7a8ba413537e029a914b46f64a267a9b1230dc92ad0,2822,0,0,9.85804,2.1970406,-2.7579827,-4.2313156,-4.7915
2825,train_images/f8d62557ad0c.png,441d159cbbc931743d3c874e96bf923816808920343dcd33e12dfe7755f885d5,2825,0,0,5.7899017,1.626564,1.3303877,-6.4519386,-2.1244583
2834,train_images/086d41d17da8.png,0dbc89c5ac902ea1bb6999cbfe846dac0993e5535dc2ded701674d99f0507fc8,2834,1,1,-0.81033707,5.368519,2.301569,-5.743126,-1.1084442
2838,train_images/1b329a127307.png,3c15988e1644dc88a46478ec2c2fded15f38c9c11d0e7dcd548d328205c3bc31,2838,1,1,-1.8118095,2.1735535,1.6224556,-1.6745644,-0.40206337
2839,train_images/1bb0ddfe753a.png,c0afb81c27e3ff245394d801accd8e1c3073601ef8d3f378712d8347a2d1929d,2839,1,2,-4.7156944,2.1688995,3.4604125,-0.29183197,-0.7578049
2848,train_images/33b893e18eb3.png,0e53811bcdb3f36a6e2268dd049d6b381b54a041122ab64c91f7f5c1177f14cf,2848,1,1,-3.1932945,5.7449036,2.6641884,-2.2618065,-3.0388184
2849,train_images/33ffddea8c6e.png,7c7faed46d15f53afdd6e00e5832fbb0282d940d98d48298b4999332a887afb7,2849,1,2,1.8264275,2.576439,3.0117507,-5.464405,-1.92482
2850,train_images/3461dc601cc2.png,d5fe567d2266eb1f9bc3b92cc4b564b19458e925bb3335cd5fa472e3bb329fb9,2850,1,2,-3.3542442,0.5051842,2.827984,0.015350342,-0.14183426
2855,train_images/5548a7961a3e.png,7b6599c29840ea78de6805809121c30ae147254a35346722613a0f3a5b00c0f5,2855,1,1,0.3203926,2.0533028,1.2767942,-3.2745628,-0.33483315
2859,train_images/6165081b9021.png,4d811f303a66afd2315e0860722112a13ae69203166d09e45ab2545b32a8bfa3,148,1,1,0.99816513,6.08453,-0.5962291,-4.912369,-1.5726833
2866,train_images/8273fdb4405e.png,82049e057dc9b75004f929fad707f343af97c14e1866008b4e4a7c81120ce090,2866,1,1,-2.0760078,5.690613,1.7005448,-3.2916565,-2.0860882
2869,train_images/93be637084a2.png,98189e0ca00e5da5f631a3c8eb21430ed16f3bb870cde25193bc2214bd8f18c4,2869,1,1,-4.6618233,4.219288,1.7629318,-0.5928116,-0.9039173
2870,train_images/977e1ca77653.png,5bc925a17ad33ffd8d216c2ac784dbb15f681b256fea2d9d14a29888dce71aad,2870,1,1,-3.8913841,3.3227348,2.6316748,-2.7315445,0.52014923
2878,train_images/d3de0d313d61.png,fe719dbd15479a28af428967beeeda4757576fe8611f3eecb43d6ff76a3272ba,2878,1,3,-5.7638626,-1.4661484,2.0852406,4.1530533,0.7839756
2880,train_images/d5b4705ac2ee.png,a5d426824f776911b457e6eeef02988a25da8da69145745db93792a8316c17fa,2880,1,0,9.845848,2.9792557,-0.8856852,-7.078354,-4.5890293
2885,train_images/e55188915f9d.png,91882c1347d3050180f832762d768d8bc2a6a2a28ed8023fb5cfcfd9bbf7eb2b,2885,1,1,-0.14647675,7.380722,1.1734673,-4.6544037,-3.7131596
2890,train_images/07419eddd6be.png,fbf34c8dbee0f70d71544e2bc877a6302043a7174b8b60fd7d36a3ebad8ca16a,2890,2,2,-6.323227,-0.16559982,3.9070425,1.84095,0.55802155
2899,train_images/1c5e6cdc7ee1.png,176149b4ad4e93374a8c914895a12aec5180b6e0b58328127a8ae92d22047892,1145,2,2,-5.2585144,1.1800423,4.1709447,-0.8611679,0.57530403
2901,train_images/1f63d44d9e3c.png,edb3a93ad01a57f4934619e3dd4a1fa5108809c10334574f2a125c4afc0acef5,2901,2,2,-3.9160194,-1.383915,3.9096622,-0.12275696,1.378952
2905,train_images/22ce8ef69357.png,a27fafb6957a6608881335feeb3f5f95f8175d6e35a61a75e65964a792cbd6a7,2905,2,2,-5.3750954,-1.798729,3.1455004,1.1502876,2.6789474
2908,train_images/25002fe43f92.png,703c8682e25b8de5e04df76ec29b0ce7fe33c596f58ee8a38c17de5427f74455,2908,2,2,-5.7456627,-1.9516945,4.084114,1.5077934,1.8920746
2911,train_images/29580bed2f7d.png,3838668f9f0f6c0786d24e5910aa9c6e732207c97aa0176816061266016911ec,2911,2,2,-6.8942146,2.373249,3.213574,0.21136856,0.9111519
2919,train_images/4489d421e5aa.png,006b785f629579b76bcc4173904657b08527e69baa5344b83a23862e2e67963b,2919,2,2,-7.345257,-0.7532921,4.8370156,0.7206764,2.3059692
2928,train_images/51cfeccaf40d.png,1f39a6eb3f252f944cc931c9a1af2341e874107ed270320c097b6d424f04cd7f,2928,2,2,-4.828682,-0.13877869,4.386625,-1.2260666,1.6535072
2933,train_images/57ce57a8cfb0.png,ae7b1c9e578e469729e81b330a52548dde642bee1a08530ba94e1f6fcfe8cdf6,2933,2,2,-4.3672523,1.8865738,2.0787377,-0.19047546,0.4491558
2937,train_images/5b644a403e1f.png,e62aa1c58ffb49381e3c44ef76d58146c8acb391254f0d83f746500d3e8f4a40,2937,2,2,-5.02544,-0.38459396,3.0071213,2.1474915,0.12102127
2944,train_images/663a923d5398.png,f492fee29ea971b219db93dd246b09a80c4c47e61cfaa41a6e5763f7296caa21,2944,2,2,-1.3007545,1.442421,2.7068195,-2.377182,-0.48484612
2947,train_images/7247a2c97f71.png,a496ba352f43f543b050f63521e927457bca5756d973e2b31f15ec513a17da5c,2947,2,2,-6.610485,1.3223076,5.5510283,-1.7722015,1.3238945
2953,train_images/79540be95177.png,f592b0746e698834b29550db9e392e3ca89df129f7040ad35e733ceb23f58f4c,2953,2,2,-6.5564766,-3.1167755,3.896277,1.7706909,3.772272
2958,train_images/81b0a2651c45.png,fbf34c8dbee0f70d71544e2bc877a6302043a7174b8b60fd7d36a3ebad8ca16a,2890,2,2,-6.323227,-0.16559982,3.9070425,1.84095,0.55802155
2964,train_images/879744b9dc65.png,30c4f39f607d823f550dcf73503ac615f18daa307f1c0337e8c3319788e31002,2964,2,3,-5.368927,-2.09581,2.4864597,4.703396,0.099637985
2968,train_images/8e3b79e1f1f7.png,40438ed806d487a5ea889cb9161650364f60717b7aac18c3842cf116fdceec94,2968,2,3,-4.929779,-1.8579292,1.48547,4.4344482,0.73923683
2969,train_images/9033f1493da1.png,6f61d9cb3ebb21c9d12f8e4d5c047685c424bf57482eebd1ff3b527a088a022b,2969,2,2,-4.628723,2.5252495,5.073151,-4.305298,1.1773949
2978,train_images/9d74428188bb.png,18e43b40995f8ff0e36bbbe4a3c2a4798e200b3cd4c124b986c40be0d1d40d64,2978,2,2,-4.265888,2.4207726,4.0253105,-2.067299,-0.26975632
2980,train_images/9e5ec293267c.png,8e43e0a0087829cd244771818cf24de21244e32706bb0d0e18310ef9dc301b5c,2980,2,2,-6.6179924,-0.63378525,4.1632423,0.7100601,2.1592617
2989,train_images/aa31bc6b8f4d.png,31cd6ebf094dbd9f4fbfc57771029f7b6188430a56f97f49046457c8d924b63f,2989,2,3,-10.081631,-3.4236984,4.7155523,5.243347,3.232584
2994,train_images/aef9016557ca.png,56686e47114fa1bb21b85063c09553f4153c76e766020a6a1e77b83ebb2208aa,2994,2,2,-2.857174,-0.2336998,3.1305838,-0.69031143,0.5295849
2998,train_images/b5c80d0ed0ff.png,956260043ee44f7a6a8b2306663132c0ad7e9e1336898bf52a3fa8c28d624a3d,2998,2,2,-5.9048576,-0.8604088,3.7840624,1.5609322,1.1887913
3008,train_images/c87493ed320c.png,86e2c05e70bf9c775b431ce4f5ab3f68ed786746a82541002368c5342fe5148e,3008,2,2,-7.245224,-0.2643051,4.5759144,0.37971497,2.3211288
3009,train_images/ceaa5803d780.png,9de7685ff318e4f9d2fcb04ea746c61eec085f56a1b372fbe27264368ef14771,3009,2,2,-7.2788315,-2.007637,3.6310163,2.1408195,3.2682495
3010,train_images/cf0824f53dd9.png,7267c66ab0a6883d16ff5980ebdd56127730359b282d8b80fd0b1964b3ea3585,3010,2,1,-2.2702675,4.13089,3.4582012,-4.8677063,-0.5308571
3022,train_images/df3adfd6ba36.png,1cf7887733912fde65c40f343f59cb382fd183817fee3031de7cc2bcbfb74d77,3022,2,2,-5.705906,-3.857708,5.0907245,3.154335,1.1031189
3024,train_images/e1418d28d668.png,85f88cec374a8f5c4629aff83407d53c0c64da27120942a98b3157a04583ba15,3024,2,2,-3.0875092,0.2995987,4.2515564,-2.6833725,1.0921364
3036,train_images/042470a92154.png,2416203850591122af6284a780a58d736459c0bc88eec4929ee25ee7065d12e8,3036,3,2,-5.453663,-0.60798645,3.099057,2.8528519,-0.090833664
3041,train_images/2665f72e2dd3.png,1cffc9349db9f3f49c81adb0802703c7b9010675aba83b140832c565e3963de9,3041,3,3,-3.5453835,-1.5363617,-1.134522,5.3769035,0.6827984
3043,train_images/4c60b10a3a6a.png,cd8c7ed872ae926d382baaaf4b59f84cf842ac017421f053caef04c0aa56de37,3043,3,3,-6.119957,-4.1314583,3.10079,5.068966,1.8674564
3049,train_images/8958a4d17b7e.png,44ebfbfa0a427b3fca115ff19c959c9a6044dcb16579b7056fec1ccc82cdead3,3049,3,3,-8.671406,-3.0058708,2.897673,4.812275,3.6545486
3057,train_images/b2ffa3e18559.png,9d2d634d05741087b1281acfee319cccd46d11ce8c554d36071478651c487db8,3057,3,3,-7.691036,-0.22555542,1.7153947,4.7063446,1.2078705
3061,train_images/d0ffa0425ef1.png,39026132eba22576a44f3482ce90121b30a19cc3e6683e5df4f1eb5deca7adf1,3061,3,3,-6.911186,-2.3025742,2.3798544,5.2004166,1.4354935
3066,train_images/1fd5d860d4d7.png,cd35ebfb992b5b3e2b6ca54e6805ca37b75462953a230a65e991557c00b017d2,3066,4,2,-6.8183594,1.9379272,2.9373674,-0.3002243,2.048174
3071,train_images/3810040096cb.png,9c803d33c3d677fffc77e5098300fdc9903ea7bd5fd4fef1dab7f08a28c5a35d,3071,4,4,-6.157425,-4.1841354,1.8285251,0.0034637451,8.274247
3077,train_images/4dd71fc7f22b.png,3eaefb97d37217b8f49f1c63134c7235018836e44f1519a0c446cdb4a0ccbdb5,3077,4,4,-4.375,-2.8256226,-1.1465566,1.8830948,6.281683
3084,train_images/8af6a4e5396f.png,92a262deaac45adb8eca0536f45734f17b34e880ba2c29af9c3fc03ba5b7cc92,3084,4,4,-7.3892593,-2.3947868,2.3576393,2.3676949,4.7761097
3090,train_images/b37aae3c8fe1.png,acd2b13e3dcee1cc946e39284b08cf2b60cbe85244279fa5a25ef50788e79741,3090,4,1,0.8612213,6.2492027,0.74939823,-3.9511604,-3.9236984
3091,train_images/b3819a805dca.png,fe9c6d7443f0fd0835fab695cc86cb55e3aac123f16272ee804ba5046f10ff9e,3091,4,2,-3.9917603,0.18055725,2.2756977,-0.16461945,1.5570469
3095,train_images/cbd0870aa933.png,2cb2c999cfd4a9e5bc2b9db9756a365e0b9f8fe4494a6a1efc345810951abf95,3095,4,3,-4.821064,-1.5381012,-1.8614993,4.2847366,3.6921291
3101,train_images/e7d2c2c3b30f.png,50467c606ddad6ebf70a4933a34fc6be5c74590903fa17e57d39457919453718,3101,4,2,-7.117153,-1.7254448,3.7933486,3.4223213,1.3775578
3108,train_images/005b95c28852.png,660e9470e016ce3835f067c234b3bd8662b3dc4c5a29840e73573b32ba3c73d1,3108,0,0,9.14373,1.9661636,-1.5792117,-4.315365,-4.953562
3116,train_images/0924cec998fa.png,d663cfc746fee6c9bfe68f23febe9b80d55dfce15c7e10f463bae45810e6ee76,3116,0,0,10.2580185,0.8108673,-2.126562,-3.1760674,-5.504671
3120,train_images/0e0003ddd8df.png,7a8b27168271eb202a0f7b7fd9e1195d5b22c95028309ab5455e985be72cc6d1,3120,0,0,9.05373,1.95784,-0.29740572,-7.7460175,-2.7348423
3121,train_images/0e94cd271c00.png,8cb403ae6f10dec8475569fc32b473b81988116f0f9eb7b2c7ef458159b624a6,3121,0,0,9.508503,0.5874176,-1.1605699,-5.629364,-3.0261154
3126,train_images/152db3de8120.png,b9f49b9b45455c09b9884afde46a2ca597d70bde1dc78434f4676f5a33c8598c,3126,0,0,9.215164,0.82331467,-2.6429014,-2.0897484,-5.0787067
3127,train_images/15e24b73d4a7.png,1fd0e256333072fbc97a3d807a8c02355d1c11eaa58dd4b82dfdddb21ec7cf6d,3127,0,0,6.780098,2.1893845,0.7213706,-7.2403984,-2.2540436
3136,train_images/1d0b93317aa8.png,75cc9ccebee385333399997c2c11b282194161e6cc60df8adaa0fd31d7132625,3136,0,0,10.646534,0.8337326,-2.597754,-4.236519,-4.338377
3139,train_images/1df1530b9b8d.png,ee61c85ab0b9f59df2100366afab21ac28be9a69ea75762460d6a30887835f61,3139,0,0,9.384777,3.064785,-0.46053123,-6.969719,-4.758835
3147,train_images/266fbefa58fb.png,bdf8d3fc903d614ac49da1026fa1a6580bcf08768b7cfc8e713e1002d3708194,3147,0,0,8.59037,2.9508553,-0.5589435,-6.876045,-3.8591957
3154,train_images/30db694bee42.png,05433daf11bbcebaa936603b133ea04d528f8373201ca4cd14cbd20ad27b5c81,3154,0,0,11.02734,0.082595825,-2.4771676,-3.3928604,-4.95179
3157,train_images/3323fd59782e.png,66f396ae7603bf65170d201e3403c9f263ff5d015a1279ef6ff98d362b33a93d,3157,0,0,8.511265,1.9008751,-0.041068316,-7.860935,-2.3163967
3162,train_images/34a7dbd3f05c.png,96d4a6f66db6227cb75d00f00f31cdb68381b1a7a3bc26f4e0329b12eafa35d1,3162,0,0,10.982521,1.5506363,-1.5554397,-4.1543922,-6.5362663
3163,train_images/35cd9832fc0a.png,c32fbc75ec6d3a023d509527e6834d79000675eaabd95f44f7725c42992d0cf4,3163,0,0,9.891716,2.10281,-0.12760758,-7.7871933,-3.8197746
3172,train_images/441848e0f308.png,ba746fcc8947757f7c54841c2dc3d76c09db31155d8b586f9e753feb5239e6e6,3172,0,0,9.683655,1.5635262,-1.4642215,-7.8571587,-1.663765
3173,train_images/44a86263117b.png,3c17ca371313e179bb094234e093b3f7557252cd3854a6f4eda0c61431a54a28,3173,0,0,6.7945137,1.1550217,-0.31526518,-4.549614,-2.895506
3179,train_images/4926dea289f8.png,1fc7cbdcd4dfbb89b19778cd49a6e78fe7f3caafb3b0756e84a1189b0ff5793a,3179,0,0,8.555046,2.4873962,-0.95835066,-7.057865,-2.805069
3183,train_images/4c17e85686f0.png,d7c19efe0dabd9a220edad63d73101a653e097f85743b7b6d4368a113cd794b9,3183,0,0,7.821636,2.47604,0.073886395,-7.6397552,-2.5419827
3191,train_images/51aa3361294c.png,12c9b8d32951dc98e6e32a69855b2688a73e354e42040f72d3b83f8f0a9e64ff,3191,0,0,5.5736885,2.8941994,-0.7251713,-4.840294,-2.710926
3192,train_images/521b5377a727.png,1cdf76db6f9f0cbbf0c5e327fecb5f26c29005e22a30c7190d73d2b923830c2e,3192,0,0,5.5081024,1.1637459,-0.43356776,-3.0484276,-2.9890041
3198,train_images/5a0fe0ee4301.png,efa55f9d15f09a000ba00b788e8ea87deddfb2a4dcb60d93b741cb69f92b8668,3198,0,0,7.4792824,2.048706,-0.35132527,-5.9065857,-3.0924053
3199,train_images/5a179c123fd8.png,dc63d01e0fa97fcbff6fe2996ea518a27ba0e78c7f95784be71927484f401a45,3199,0,1,3.891758,4.02824,1.22818,-5.3296432,-3.6527596
3205,train_images/63c7b0265775.png,13f966a58b448384c3d4df0543fa3067aaab45254a5391b62bc1064ab91d8a1b,3205,0,0,5.7108536,0.15771103,0.46683633,-3.2325554,-2.9332142
3210,train_images/6af071b0ac6e.png,f7b572546c211caec6ba70920b14fbf76380506950e69433d88ec7c08e2c5022,3210,0,0,9.746315,0.4932785,-0.8828616,-5.148651,-3.945057
3218,train_images/737ef6226677.png,7faab28af108542d2345b7a2fff14614fabec34af74aa3170817ad226fb85531,3218,0,0,11.435921,2.8538933,-0.96934557,-8.720947,-4.2996883
3221,train_images/7569ac24762e.png,b182748ea56ac1513f7f0e02c11331b01fa4cd8fc5019b9151c45a34e7e15d08,3221,0,0,9.977108,0.21318817,-2.5540776,-3.6736717,-3.6927147
3225,train_images/79ade634c633.png,92ec236c8ab9c15fa89b1941c8ce611a1de900e070b6671a592c1e40b4cf567f,3225,0,0,9.286854,2.3169289,-2.1706681,-4.1407776,-4.9975758
3237,train_images/894a37fc3738.png,e64b682196e9f40d15c0adc496b604bde754541a86acd1445f42c4596b9dcfec,3237,0,0,9.684921,-0.7375603,-1.8850513,-2.902691,-3.8776493
3244,train_images/92889b863ae6.png,b7b7797457088e8761028b0400b3e1b624efb43140581be36723632a26a9a043,3244,0,0,6.8825912,2.2434235,-0.9806018,-5.973526,-2.049242
3250,train_images/9858cc2ae073.png,9016d00a6b93f942b1e7066856cf4d6932f0cf567ef773d58a980604a09f8b74,3250,0,0,9.621597,1.1329575,-2.4537883,-2.1392899,-5.904442
3251,train_images/9910c827e2fe.png,dbbd7336a58d14af7a733345f525138917b2d6bd92c7755ffaa27a5a8271719a,3251,0,0,8.487461,0.3029747,-0.84133816,-6.803627,-0.9556961
3254,train_images/9e7a63b2fc6a.png,9560d3c11333e881b4c7230972e48a210e4d5b1fb2be4f1a5b442471ff7040ee,3254,0,0,6.695965,2.4636345,-0.08767223,-4.714226,-4.1091824
3263,train_images/a3bd2e034614.png,ceba39ce93858747d6fa8d9574c8e136edfbae50bdd855fa69e4ca91a2861719,3263,0,0,5.6000557,-1.3919334,0.40466368,-2.9930344,-1.4562397
3265,train_images/a53d6d2472a6.png,1746e701fbb00739668ce642eedb55d9fb4f650598d8904487a860ff4f2e7884,3265,0,0,10.29985,2.289547,-0.8905709,-6.841671,-4.5547314
3271,train_images/abe940882578.png,6d75966fb53639a614fb2dc3617190e0e4eb37851e86bcef0cbbf2d2bb6a0e89,3271,0,0,5.560871,1.7123756,0.5547333,-6.142956,-1.5308666
3273,train_images/ad12cde115ab.png,7fb8c0aeb9c101ac3ac555d8682d69624442f8ac6607d5e57c716a97b0436671,3273,0,0,10.61414,0.79800415,-2.3424315,-2.7088013,-6.1010017
3282,train_images/b0c9a492e068.png,a77ecb928cf280b69e97fbd4c1c3618ac192962f3e038cde51577bbb8c70a0af,3282,0,0,6.022232,0.72052765,-0.7149348,-3.3139,-2.510044
3291,train_images/ba0107fb1bfd.png,26d1310ad0d0717f014086942b5845c785298cd4e165dad3cc026b76980689d9,3291,0,0,10.500301,1.1101532,-0.9691186,-7.0283356,-3.3595028
3294,train_images/bab776139279.png,0e1dd6c83281c80d453d0fa9409fd93d31304d50aac3b8bbbcc629512c0177fe,3294,0,0,9.137817,1.1520004,-1.8544579,-3.12891,-5.066017
3296,train_images/bd375ba756b1.png,e6d3914f52148d09d299f2c6598d6dd4ef7f5c980b6e3ea1c943429af4f6be0c,3296,0,0,9.825893,1.1687927,-1.5065589,-3.7803192,-5.4425316
3298,train_images/bed8296c8dfe.png,a6231094c2fa446586dd2a09f37cbaba917ad5e8f0db34d590c2123d19ec7472,3298,0,0,8.512413,2.1504517,-1.5105062,-2.5488396,-6.389406
3300,train_images/c06024f05a16.png,00d0bdcad38080b9b6ac1e05c77e1620d464ebbb7d5daef71c09999265ec1b4b,3300,0,0,8.751732,0.64795303,0.24981928,-7.969265,-1.4498348
3304,train_images/c6a8f8f998a2.png,1429dd0b6e6ce0dcbe1dd8cda779d88f870fea676889bdfa3377f9a924abba39,3304,0,0,8.680382,1.8211975,-0.6932955,-6.7655144,-2.8317146
3308,train_images/c9e697117f3f.png,19aa0e22dee1731c20ddf93d37712213b21666a4486b2adb07d37f0909d9dba7,3308,0,0,10.35284,2.2465248,-1.1744592,-7.867943,-3.273552
3315,train_images/d1f7ea924a01.png,87cdb8edecc05087a5f88d694e06138d1e5d9919de559585a958979bd114d87e,3315,0,0,10.400616,1.4920807,-2.1751418,-3.5008965,-5.9418545
3321,train_images/d6dbb0820ea5.png,f5f1f6b8c201721325ec75a379c6db1e1a1dff5f5f2a386194c66ac0d29f846f,3321,0,0,11.440235,3.2997627,-0.7769561,-8.70549,-4.9351044
3326,train_images/d93b61dc8f64.png,cdf575451deb62d61bf963083b5b2fa3fa8113e77dfa1360dd5aa5a7b70d7321,3326,0,0,7.03965,-2.4397812,-0.30392265,-2.062374,-2.067316
3332,train_images/de4cdabbce6d.png,12ad3d99c144a8fae48d5642655eac9d297f14d7d761bdb1236408417452ec62,3332,0,0,9.15136,1.8921585,-1.7094741,-2.651863,-6.439951
3334,train_images/dec5595e6154.png,3b8404401a40cd20d86610e0ea33f8ed3887d7bceb893de2bd775a6a57542660,3334,0,0,9.688232,2.9202957,-0.7286267,-7.4983826,-4.11627
3342,train_images/e322acd46152.png,75b8438fe270a339961b8290bd55a31b7459da2fee924f753b5ad7efaa580e2c,3342,0,0,8.16293,0.44823456,-1.395447,-3.7060738,-3.2886868
3348,train_images/ea9c41e1ced0.png,8c92f7d4bb3ce5df20e0b6b10e24432c0979724dc127de3e7c6338826fcbfea6,3348,0,0,6.123867,2.4629326,0.43857658,-4.8021355,-4.053879
3354,train_images/eeaea2c5ff34.png,8226bfb4782fe887f366370ee9d7b1301553d064e91217a2657b9f7fbf17bf36,3354,0,0,12.501022,0.008716583,-3.0391784,-4.1691055,-4.9535866
3358,train_images/f233638e0e90.png,9beea89cad715c03ba6d63b5e22a9d5f88af8151a86e9db95c98938f3b125d94,3358,0,0,8.903152,0.7727585,-1.4557691,-5.4155884,-2.5131798
3367,train_images/fb1b8771c70a.png,d3592ee21d0def092c0ee14b3772ddaced248a07b261a775ba782edbb180338c,3367,0,0,8.501419,2.1032524,-0.54462385,-6.763481,-3.0760422
3371,train_images/fca1a8738b8a.png,84a6d55dcd31768a784ef6373340869126edf899ea6c7f553e3fc8c346bf9a86,3371,0,0,8.047001,1.0078468,-0.39418125,-6.388447,-2.0488873
3379,train_images/ffc04fed30e6.png,831f78a834b6c9e1b60699186ec02df731525bce27a4e8e8db0c5cdad6b64efe,3379,0,0,8.075607,1.1778679,-2.1268935,-2.791462,-4.0804024
3384,train_images/22a6da005395.png,ac39fb94d7b73f6b71dbd5d96865d2181cf653f1abdd0ffaf3534a8d36e00d81,3384,1,1,-1.4795914,5.359688,0.8584044,-2.9480019,-1.8858204
3389,train_images/36677b70b1ef.png,161dd429014bc71e67ec7e6ac6d80db95d8fdb796ab7e4eef660e64054fee6c6,2047,1,1,-4.1624756,5.368374,2.3540454,-4.3313217,0.6713047
3392,train_images/3ee17aa12e46.png,34dfe9417157c0ee2843ff7c02e5f4696eeebb8736b02361778dc14494bf93f9,3392,1,1,-2.017002,5.689766,1.7703692,-3.7274628,-1.7786083
3396,train_images/4d7d6928534a.png,8b0df0cde9197024f5a9bed5e5eb1494e4b0c9ee9ac7e87514902c5f50042fa0,3396,1,2,-2.0100594,1.1977997,3.173327,-4.46117,2.0269432
3404,train_images/5efa24b03d5e.png,c7a85fb602a0d32269a0f74a2633f63304e7e6bf182eb4bc23290a1d58e8c7c7,3404,1,0,4.254547,4.0555305,-0.5431657,-4.4588127,-3.1576862
3410,train_images/7b20210d9120.png,341e1fc22d108ffd3eafb96daf4adf4bded467286596eec0a2493ecbd042f6bd,3410,1,2,-4.1792946,2.937233,3.0133204,-2.287136,0.38633537
3416,train_images/94b1d8ad35ec.png,8b0df0cde9197024f5a9bed5e5eb1494e4b0c9ee9ac7e87514902c5f50042fa0,3396,1,2,-2.0100594,1.1977997,3.173327,-4.46117,2.0269432
3417,train_images/96a9706b8534.png,a89a61346cd279db5674168925b7232db86fe5b08e78c69ccb202232be2948f2,3417,1,2,-5.5685463,0.0057907104,3.2154455,-0.4106369,2.553669
3418,train_images/9eaf735cf01f.png,1986c7097c634c4401624d464dbe5d2f4ebe575253e4f5bb4b3b14950d1c79df,3418,1,2,-5.593292,2.351841,5.3175144,-3.0838013,0.81163025
3421,train_images/a5a2a7003d60.png,239114d70c44bb16de287dec448e5ab64b09d2e6d8e82876962e48ccb5ceb292,3421,1,1,-2.3785515,4.284527,1.2270701,-1.3721771,-1.8496056
3428,train_images/c1ebe785503a.png,8bd8a0b681456b33bdfda828b3af7eb78595e695f01ed004cce4a2fd4e013d9d,3428,1,1,-2.5029526,4.661354,3.1647024,-6.9490776,1.4728088
3431,train_images/cd45bfa07d41.png,0b6f28cac3c0a75815d4dabc5c197dd8c15e722847d6dc7ec9bee010ee26f255,3431,1,1,0.8915787,3.4950905,2.0278041,-4.262619,-2.1097775
3432,train_images/cfd1bd0fcbb4.png,e3b4be1da4f8cffc5a4065404c94dba22d3bb990c63754273c589c01034f8849,3432,1,1,3.3306847,3.4054527,1.1642473,-6.1834335,-1.6526356
3445,train_images/1541226c5d72.png,aae24333eb3d6bd2ef91f06ea440e557bba1af330c60d75394a6ea625e21a2af,3445,2,2,-3.7316475,1.7607956,3.9707215,-2.4527817,0.35409927
3455,train_images/203275daf46d.png,cb80b9583220ebaced2f5e701ddf946a6f1dc82edd839f289857fea10989d347,3455,2,1,-4.171093,5.5386543,3.5698318,-3.7135735,-1.3680286
3459,train_images/25dc1b41ed9c.png,b32247337f1fe6ef20ab2938fcb589cbcede849fd77ccf4c3a7864db891d8c43,3459,2,0,2.7500534,1.4774933,0.85147214,-3.4541664,-1.5473995
3468,train_images/308f7fce6f0d.png,e95dc24eb4f670ff245d76e171870d8bdd5ee76381d0c3786210fb5a914e3830,3468,2,2,-3.873085,-1.4334717,4.5804753,0.73303986,-0.13090897
3473,train_images/3d3e288d490e.png,1edbb25a6505a2c8af007c78b25426b4d0e30cc921065fe17715d840c186f212,3473,2,3,-4.4783745,-0.3835373,1.7548516,2.9089584,0.05585289
3482,train_images/465c618f7b23.png,d7f58be9dd5b6413bba24eca26f0dab357141985282b3b1312da8ae102c34c20,3482,2,4,-5.6737823,-0.32842636,2.083624,0.895092,2.8259506
3490,train_images/4d21ce39c905.png,d854ffda046f519ff88b51933d6f3464bb0fea3fb6f68c0ecd735b9aaa3ef34e,3490,2,2,-3.4891853,1.6500778,3.2864308,-0.8308716,-0.76893425
3491,train_images/4e7694eebb91.png,ba46066704c6d1bc6a341948f240c66f15b1d75cc19e4f0bee3f91b2384c223b,3491,2,4,-6.9766655,-0.6879921,2.6009655,0.14073181,4.639889
3497,train_images/594f69b503ad.png,a6d6db6984c3680f4d0ff30ecadd85c0aa6c7c14ad93bdbbca508a32ad69a6fb,3497,2,1,-6.24897,3.9879189,3.4369097,-1.1710968,-0.1569004
3499,train_images/5ed6dc419e4d.png,57bf9cbabc7f9b1795e92f24e824eaa4ff28854e52bc2c70fc5dfbe13613b458,3499,2,2,-7.3607903,-0.19537735,2.9177408,2.4385262,1.9592285
3504,train_images/674057ab250c.png,5342128f7151e97766f089670db1e7af46083aa8276cd2046b07e26d733c9f08,3504,2,3,-5.315735,-0.5588455,2.7428641,2.9130096,0.055538177
3505,train_images/6c2555a9cae4.png,50ac87d4c2202a6024c4d8e8af1d8b46e4950ee4f834525f314a8a8f74356f88,3505,2,1,-3.2126312,2.6734428,2.4751382,-2.5955086,0.5707531
3518,train_images/83b61051737f.png,333ba7bf7cde215d0340f6b232ab9d9f62ab3f85518641529fbd801968fbf16c,3518,2,2,-6.6491623,-1.3516502,4.2817416,1.4575157,2.0533733
3523,train_images/8cb6b5b2f19c.png,1b99ec60c6461d28a211d71d238a3c73aaff3255fdfb47a39abf8b4fe5b7e9cd,3523,2,2,-4.5814896,-1.5530472,2.5378318,1.5539932,1.9154606
3526,train_images/91cbe1c775ef.png,15cb74dabb417df863cdee4e9db9384b75507e47fa7f89219bde8dd58ba26ed8,27,2,2,-5.601528,-0.7614708,2.5537663,2.1022491,1.5254021
3534,train_images/9d98a0b585f2.png,c4eb4fb956b4096e7f24bf4c381655972a97b8f8dfc5531c487e72e042422d5d,3534,2,2,-5.187111,2.5818634,4.2342896,-1.5573044,-0.295393
3539,train_images/a125377fb985.png,889b21c5a859a542e52e039ae4edfeaacd79bcfb246a1b6ef816b9f7e9444e3b,3539,2,2,-6.6883125,-1.8882408,5.595873,0.4937706,2.2499065
3544,train_images/a45d77edf8d9.png,4ddc60fdcc117400ce9268b34da13d1acf5a4c0cadd286c08f51d5b459438384,3544,2,2,-0.9424057,2.467476,2.598,-4.4567375,0.34469795
3550,train_images/b746a6681ba9.png,aedddc1008d3f821528643cddc9785ae679dcf3ecd2a83ed47c5364b5fbd76ce,3550,2,2,-6.462818,1.3981705,4.6893425,-1.290596,1.486103
3558,train_images/c613db1cab27.png,21aa01c9ef4bb8d0e2299be78cf7b986d0b2ef19d7b1a8d4a2d769c681c8b58d,3558,2,2,-9.09626,0.19493103,5.0841055,-0.77545166,4.2924023
3565,train_images/d91273efb92a.png,0a889e3796719d7e5c5113382f62fc536e6269cd9c60b2d6af11c21c89c4a236,3565,2,2,-7.644394,-1.1815796,5.355217,0.27898026,2.958334
3568,train_images/dde43aa22ae6.png,f744ccc0fac79c22b5dc0ccba1cd8ed2a63cceaed4e5bf990304645414b4e3d5,3568,2,2,-6.4839325,2.1110725,2.1837792,0.5507126,1.4195309
3569,train_images/de50dfa745f8.png,b0567de16835105730d68f4405036ece5912cefbd4b1b9ff5810cd3e8feb19b3,3569,2,2,-1.2073479,-1.6160545,3.2073548,-0.5900192,0.16939926
3580,train_images/ee02294cc3d9.png,58e048bd8fe956db6c1a8700cacb5190c27e149fff4ef7b02a42bf948184646e,3580,2,3,-8.521042,-4.308777,3.9814062,5.428211,3.122015
3587,train_images/07a0e34c8d20.png,53427359e3ec16c1b0118b091645a78e5e39fdf78f446961edcaf81695032f98,3587,3,3,-4.06979,-3.8986588,1.352809,4.1674423,2.2657204
3594,train_images/4f0866b90c27.png,e23d6eba5a81e6163e8063c03068b4315fecd7c77967b74a45662d8fd69ee78f,3594,3,3,-5.2720413,0.9906006,0.9810462,2.6823616,0.46563148
3597,train_images/6a244e855d0e.png,c51bce902a5e1936a853796595fd0c6b9f9abaf2eb8af6544e594994f28616da,3597,3,4,-6.5388107,-3.2568474,4.7237625,-0.52412415,5.3307266
3599,train_images/8a9bef2fbd4e.png,9abbf5f2581176d481cbad05e3f0d01b6502284ab8acdc0068752bf2821c5c29,3599,3,3,-6.382477,-2.4269295,2.1312277,5.3971634,1.0549717
3600,train_images/910bfd38e2f5.png,1987b1757c5ea7448df3331ffb95243301b5136b37c3593419b99875db3065d2,3600,3,2,-6.863983,-4.2985306,5.1940794,1.0065002,4.7231407
3609,train_images/c5a9ebef1517.png,98cae97e3df473aa16ab3253e4fcff64ec5a3d01b9ac4c9753a80b634099a35f,3609,3,3,-7.782177,-4.8824806,1.7905792,7.6305847,2.9710693
3616,train_images/f6f433f3306f.png,7bd68c65ca3e6f435813164e3d3681fa1092ebfdab64e3cdd9d5393c461e9034,3616,3,3,-7.820694,-6.8075333,4.0554533,5.4140778,4.867918
3621,train_images/25d069089c5e.png,041dded3fb11b028d7f1d49ec308e5c0e4ebfe3f1bc56ffe455e0f919065a1d8,3621,4,3,-9.430069,-2.617588,3.4506924,5.070408,3.2655602
3628,train_images/6194e0fff071.png,bed825b2ba7b3994fe80aa8d6eecada587b90a2922e74e41d0da5aa7c4d46664,3628,4,4,-6.8744164,-1.7059784,1.7851698,1.8122864,4.73427
3634,train_images/6d259b5b4c76.png,7a7ad0e519092be9a8e873411fffe91c51db98848fe85eb84854d3edb72c947b,3634,4,4,-9.184299,-4.4667816,3.30494,2.6440163,7.370967
3638,train_images/7c90ab025331.png,97c93f4b2d51bec03fdcc5ae3702d6b95ca4379d37ff73d2d64c40fc8510b06a,3638,4,2,0.57252884,-0.28855515,2.783865,-4.2108154,1.1944065
3642,train_images/875a2fc5fe23.png,f17c83d18c5824fa1ed75ca2cc86d4812d3d63856a4b5bae6009ad430a5de7d5,3642,4,3,-2.306343,-1.6744461,-1.3555002,4.960102,0.2123127
3643,train_images/95e732e043a1.png,fd02d4b68f57de329f2ea34a001647b87d1178630a20d710aa0374cdf0558ac5,3643,4,4,-5.19141,-4.4516373,4.1185303,0.53110504,4.745617
3644,train_images/97da093947e8.png,6128f80776d35219ab57d4cd91b03f82ae6ff7051b33cac78b3c067951468f2a,3644,4,2,-4.9182205,1.0125961,3.9743733,-2.4615364,2.2209663
3655,train_images/cd93a472e5cd.png,86ea70b3d016855259df8a8ff9ee6279839ebc9e78ae792555e65be9b94f29e8,755,4,4,-7.025326,-5.165474,2.6682594,4.274376,4.9931602
3660,train_images/ef26625121b3.png,2e74a714f119d798221fdd7f62e3189597e727f435ea56755f4e4fc74d851cf7,3660,4,4,-7.40728,-3.0662613,-0.6468613,3.692482,7.087452
