pool_index,image,pixel_sha256,sensitivity_group,target,prediction,logit_0,logit_1,logit_2,logit_3,logit_4
4,train_images/5879285f9d8d.png,50f2c3aee1cf83066d893910bece55c6df050e8495767f589af0df0b592547a3,4,1,1,0.3409233,3.61787,0.650095,-4.1439514,-0.11348021
12,train_images/b665041e1633.png,d562e259d4929a5ce76ee78285ebbbf1349feaa76d06f8c225cebb8e4ebc56fc,12,2,2,-2.6863098,2.0958233,2.64919,-1.6828575,-0.12856328
17,train_images/de2eb5c8aa83.png,3519034420628044a80cd8b2ff731b990cb7d77ef549c8ac285221de8f96b71b,17,0,0,10.501469,-0.20251971,-3.2689362,-1.461422,-5.034475
22,train_images/cd972e5639e0.png,8bf3bb791f8fed8fe4f6be8312b8bd599a16818d9da054bde0270a3e275a4546,22,4,3,-5.101696,-3.9421947,-0.5642834,5.282528,4.4404235
23,train_images/38e111cac46f.png,2eda12cea92b43025e3e3da9ac6c7cfb60cf3019fb3e61b16c2de54248205cc4,23,2,2,-6.065132,-0.2781948,4.286519,-0.11846161,2.369368
31,train_images/87a9f4d20f07.png,2455640ca2db1a0f91f96d825e4073be9c3cd8ed51c76227c33394b526e7ffea,31,0,0,9.519344,2.460571,-1.2841072,-6.3200645,-3.8793502
34,train_images/fdd534271f3d.png,2dc46dd7f740c040ea4dfda253b8d4524c0357707faa95fecd3c2fb6636e29b0,34,4,3,-6.4737434,-0.84875196,0.8743801,4.174923,2.3831038
39,train_images/61a62b1dcc36.png,1095b5bbe14d17d31088198acfebe113286b254420495b9c07feac5217d17dcb,39,0,0,10.559322,0.45297116,-2.7884483,-2.25317,-5.443573
48,train_images/63a03880939c.png,12bb56f380cecca7aa558c03446098950cf06a2189238343f607bba494a5501b,48,1,1,-1.7866936,2.4133246,0.7450676,-1.0082779,-0.095770955
49,train_images/5db895d3f1fc.png,51754fdc45faa69c0fc6be0257e63fecf99d719b10231dbfd756b3d0df12dbb7,49,0,0,10.885529,1.4567041,-2.0163422,-3.9088974,-5.8687997
55,train_images/e4d3d437b0a8.png,41c3f3334ef7a846a4ecf662ef40ea5022d0f3d4791931f04484bc25b417dd59,55,0,0,8.770794,3.291468,-0.45898628,-7.912388,-3.1660566
56,train_images/ca360bec5851.png,df684065a48b718cfa6c4d1a92463011a0585469e7baf005f1b86a1c9948e061,56,2,2,-2.600502,-1.4313359,3.7910786,-1.349102,1.8418627
65,train_images/aa841de1ee82.png,73e2554ef639c96ed2b79f368f3636bb639e7aacd1733418fcd5069efff71a93,65,2,2,-4.36483,1.3076282,2.2457447,-0.88575363,1.8888632
71,train_images/39aa3cd93c50.png,60e6827da68bd46aea03a417cc3f2c688e2cfd5f00bd90aa10877930a436a34d,71,3,3,-8.532009,-2.6699305,1.9901943,7.774273,1.4895015
74,train_images/4982378d72f9.png,9a52198b23a9a88eb7286c456551f1cef3290891538545420b2d875eadbae6ec,74,0,0,10.780766,0.4894606,-2.4988708,-2.5241585,-5.7204614
83,train_images/d29b37d110f3.png,b3e93fb8e2bdf1bd4fff555d9e43e04f0bdfa423c87a303b81b5ea7fff56c00f,83,0,0,8.535244,-2.0380664,-2.6243858,-0.949173,-2.4935403
84,train_images/b43440c6ebe4.png,f49e1c3e10573224f8e98b931fe321414afcf39a4247169c63f649051303aad5,84,0,0,5.8803215,3.3946238,-0.25681496,-7.3778725,-1.16667
89,train_images/7f39c36469b5.png,df2581fd190be09ad708fe4a36590eb5ae505fc784edacb98cd9daa2d05dc217,89,0,0,7.774769,0.8403303,-1.3424053,-5.125618,-1.6470062
95,train_images/f8cf7ed8ef00.png,4ae5c3c232e0fb22b94409146e80925117a6eccc0d3c9eadce2501795fc6021e,95,4,4,-5.604809,-0.3032537,0.499588,1.1517906,4.401309
102,train_images/19ef4d292196.png,cfbb8c4f2da7fffc1402c1337a40653fb359a802ff7247693f1b1ee97f995a42,102,4,4,-4.3498764,-0.87875706,1.8481655,-1.4434319,5.053442
108,train_images/42b9c1977681.png,85cbc2b295f0793346f7940a853a7a7d41b2f35f989f85eed5ddaa6f9c38910c,108,0,0,9.916702,2.0794,-1.4175987,-5.761589,-4.2839456
110,train_images/f02babb3a023.png,dc192b0d39599a4748fc05ede6fc659eea5bf3bb6fc2d06b14e59d1525a5d95c,110,0,0,10.145126,2.7639732,-0.98813057,-8.016617,-3.3867626
112,train_images/73ef3c3dcbe4.png,a2808f10e884b212a52edada5ac4616f255323288247b1eda85cb818bb41f442,112,0,0,6.1655884,-0.3959332,-0.4048977,-4.1344223,-0.7481581
125,train_images/e4b0df29b96f.png,59614d448ef7e9f2e7f3d7579a2a9bd90d450d1e73853b6cdafec6fa83a53148,125,0,0,10.944607,0.8985874,-1.0329838,-8.242088,-2.0554037
127,train_images/4158c340fa49.png,bc7d71419d6135cb0681099d347f8a0b29406aaac076aefd0fb7b86e024bcc00,127,0,0,9.523277,0.70192295,-2.3360825,-5.2290535,-2.113628
130,train_images/af5a0bc4e1fa.png,57619e2a6362d873cc9d34cf5d369ca0addfef3886632c32417c15131dbf59a8,130,0,0,5.8885117,-0.79288846,-0.26727676,-3.896778,-0.5158354
132,train_images/7f6690fa390a.png,f9bea23242f11de3bf864c27229ffc5ca4610cb2103c78154b187a76867b1987,132,0,0,9.205715,0.5627139,-2.2548885,-2.8289375,-4.1844974
134,train_images/2cfe8703f265.png,e3ae9eb9ada3183a10d87e312a28658446131f2530987cc87ed5d92a19eacda4,134,0,0,5.735203,2.3378894,-0.652935,-5.9052887,-1.0444266
139,train_images/4f5dd7660b17.png,af756e08a814b3068ebeef5bef382b42120464180ba0a2d836c4a87a080c29f6,139,0,0,4.5676727,3.8685853,-0.9992523,-4.627239,-2.3651524
148,train_images/42985aa2e32f.png,4d811f303a66afd2315e0860722112a13ae69203166d09e45ab2545b32a8bfa3,148,0,1,1.503273,5.2040334,-0.19796562,-6.32687,0.1296643
152,train_images/00e4ddff966a.png,864c38c3a7f51771595a7215461cd3e27d65030777310180e43871c86a0b49d5,152,2,2,-4.570652,2.7882965,3.7616673,-1.239296,-0.5393611
157,train_images/457c7c927e27.png,db763e5773bcf369f8bb189006908c634bae8221d7623b61be508cd706b78dc7,157,3,3,-8.481773,-3.8005083,3.3441696,6.1667747,2.8760533
162,train_images/a9dc80cba9a4.png,618bcf3333c6d528751ee323910f232bbb9fcdbb5226da841f1e337ad0b62927,162,0,0,7.1962395,0.95786786,-0.88895035,-4.2447853,-2.5439463
169,train_images/878a3a097436.png,425e5147068fa0a024b1f7839a2901219163d58792b3e1a969cec84107002513,169,2,2,-1.5621109,3.2323859,4.2157326,-6.1440773,0.52809274
173,train_images/15cd5f52d300.png,40291ede78158fc2cb41e85b10b0ae2003fcf288ad3d7426e59e439818b21d40,173,2,3,-8.833553,-2.355146,3.252225,4.872242,3.1655464
180,train_images/9ba469af2980.png,c6af4994727510c45ed2304c2896efbfbf3dacd5d2c2263395b186c88953def8,180,0,0,8.742966,1.415369,-0.3229313,-6.803623,-2.5066814
185,train_images/cd01672507c9.png,d843e8ce4d772dd6f081611fcd0873e7d589d71b80c18b89d2f9c3504c1806e5,185,0,0,6.101166,1.0406168,1.5459385,-5.6342278,-2.6305127
190,train_images/ea588d1e5d96.png,5780521a6454f8b848476e20bcadb6c9a5306ba975358ff060d188591a5412dc,190,2,2,-7.3017616,0.35503572,4.93814,1.0071602,1.1310797
197,train_images/5327f88a1919.png,91850561d1b3b288f21a02c733a7af5a61f068605feebb04ecf0b001de691a85,197,2,3,-8.011505,-1.6184683,2.7963657,5.473606,1.4757746
201,train_images/a47878630dc2.png,abf414b11ae6f77efff426f5fb260fd0215683d8e2684be3cea0aac18526917e,201,2,2,-1.1814346,-0.024272501,3.7765589,-1.04179,-1.2515882
207,train_images/8676427e4625.png,5be734218b332ab8ed186cda441e1050e89de4bd7e9efe874a42c56a81ede574,207,1,1,-4.6077957,5.165341,2.6676626,-3.9101639,0.9205117
208,train_images/e66ad813a508.png,51e25b72d84f8bc9d19077ae1d327944629393cfb67a41915a0dc72c4ab3ab95,208,0,0,9.11095,1.7242637,-1.638174,-5.0207253,-3.670858
217,train_images/595446774178.png,9a93a477d03f9ba6d61c08bb054c8b82ae32e1a223120ec49a73b9faae97f921,217,1,1,-3.125126,4.72071,3.6564665,-4.156723,-0.8524233
222,train_images/0fb560f9adb2.png,68a48743524a0b890c93acf162ffeabcce093b66343b06f29799b083e56b10e5,222,2,2,-3.7222252,0.91122925,4.2783165,-1.1169167,-0.0998826
224,train_images/5ea9e447bb62.png,41a9b4a5fab92dcc2e0452e9956464b89390adc22059385c3723b8f342fc74aa,224,0,0,8.558556,1.2498236,-0.8817196,-5.4051933,-3.028638
229,train_images/38b9bb961847.png,0e2b9cf5812cac0c310755b83ba850addce65500c4670f130b2efbf6711324ec,229,1,1,-2.8158684,3.8419561,3.5144281,-3.546257,-0.73162305
236,train_images/be21d8b60e2a.png,4a9e2d0090302185388fd3c3ee7611c2d33cc48c96725505b9b10ed84e2eb558,236,2,1,-2.3875542,4.062997,3.249443,-3.9708328,-0.69146216
243,train_images/9d1feed37610.png,9256925a7578b49cd2d84603bc684d763d709a84f347cd805ae0cff692a13975,243,0,0,9.962658,2.576824,-0.25493622,-9.063381,-2.7430034
246,train_images/cb68fce07789.png,c4d631423c9fcc239ccf3628a96cb9cbd1dcd8ed2bb11dd46962d0b12669a0bd,246,0,0,8.672104,1.5115645,-0.5901699,-6.8077583,-2.2729068
252,train_images/4ccfa0b4e96c.png,813abb7c889c6a8cc6abdb00b1c927cf7136d7dffe8233ffeed228a3ed0d6287,252,4,4,-4.8017235,-0.15578926,-1.0266743,2.500515,3.6808505
255,train_images/d5a39339ff3d.png,6ed7c3cc0d8e1cb13c6f2427915c15e35b190c59bdc09ce463624a83ba6a7e00,255,2,2,-6.729313,0.13589263,3.4201431,0.6628914,2.673065
259,train_images/174db0854291.png,3e566ac8c1a916b23606dde41cd07324427c21c3c92c8fda73790c6d0c44f885,259,0,0,9.15683,0.6346726,-0.12635803,-6.394352,-2.7816553
264,train_images/599b89048034.png,c76dbb0ccd04410f539581e96211d84ef5219b857e8a3b2486777a3a01c9f222,264,2,2,-3.9098969,3.2149465,4.184431,-4.407009,1.1702523
273,train_images/ff4cd992667b.png,dbca0f1d4915149ff76b74cd2418186c4389225bfc2c30b78e68ac7c21f3b8b3,273,0,0,9.235981,0.7249577,-1.2047062,-6.246235,-1.9661261
275,train_images/692e946b1f85.png,0dc8aba96f86cb0f0b554c9830c529303328e002be3850e3114f1bb40d6e90f9,275,0,0,10.3261795,2.08026,-0.28258324,-8.201984,-3.4208121
282,train_images/07a0be6b347f.png,f4cafc8d8a05d3b7a1261b09821c359664c866b888905ced60ada9e60c569a00,282,0,0,10.398369,1.2429864,-2.1159668,-3.186657,-5.8196454
289,train_images/650104ede84c.png,c403c8a411463891151c9dfead0130f604bc13add652efb462670ddae67d10be,289,0,0,10.246662,2.322573,-0.6901684,-8.145882,-3.2430558
294,train_images/e93394175a19.png,b8e37091236c7f933c06a8b3bc58b6140b0cae260fc7169cfe9d2496329cda0d,294,3,3,-10.703339,-5.7339125,3.1016245,7.3686104,6.0167637
300,train_images/03747397839f.png,995dba76485e5c43bb38265247f24328edc957757f8166268be10a9466216d1d,300,2,3,-10.036495,-6.436713,4.4458027,6.555584,5.5311146
303,train_images/eadfc8809ec8.png,6b10e78463c16fe9a15f5776a8aed3ef6269d1aedd214dbf32ad5cff8a2d86bf,303,2,2,-5.8054314,0.31869686,4.6027174,0.547802,0.5140449
310,train_images/b90bc89ce8d8.png,da1d0ff3e76dacf7f3429b1e2bcefa985ab21e27f50fea1e5ecd67bbff32f7a6,310,4,4,-4.086174,-4.1951356,0.4232483,1.8956184,6.1621633
315,train_images/c8d2d32f7f29.png,3f00dbfe3bf9f8c3675c7bb6b95fd76fe6032b82e66884a46447353dbb7d72c5,315,4,3,-7.274891,-3.8467243,1.3927746,5.2220573,4.6465187
317,train_images/883ddb650967.png,cc81aa0b9004ee93c727d365876b77e0ed0b2bdd2f15db34c2743283d7dbdc6c,317,0,0,9.082806,3.1222918,-0.14610672,-7.5818787,-3.976945
319,train_images/5511f114e7ee.png,fd5b9187235a64637733db4c7347066043c9e36c05590c8fcc0b8d941c05d0b2,319,0,0,10.304417,0.6184364,-3.060564,-1.7629738,-5.582645
329,train_images/d881c04f01fe.png,66035628a9be8d7a48dec7a2ed63c8d5dc4319ca05b659f4484e1eace94b03f4,329,0,0,8.208298,2.6188295,-0.7344723,-5.320011,-4.2611732
333,train_images/cca626a0e19a.png,3ccd3e828aa4317aaf74956f7bb5b99df5e4082950dee58a10f327bb8fe1ddcc,333,2,2,-1.869915,0.755374,2.4924335,-1.6620255,0.56240964
334,train_images/be68322c7223.png,55eb17af9decbdcf7494ffd92b4137b1d7067f27bc91e4f6a5b6d218770faca3,334,2,2,-4.166931,-0.9787958,6.882493,-2.7940369,1.2113738
340,train_images/ff77e8e5b5f3.png,2842411a873148351d2ac19434b0c6c7008514f5e1eaeafbfd0558a70bff747a,340,2,1,-0.5592766,4.412212,1.5716705,-4.811268,-0.3015033
343,train_images/5b804948e35f.png,c0d76269af9edeb64d5e9cb485eeb3255c91d67ce2cf9d9bb980d540669305d3,343,1,0,2.5762749,1.0510745,1.0030975,-4.2852936,0.021330476
347,train_images/da9fe02dead3.png,ef1ffafb30740c1bc0bdad797f07b14c99804a6167e4c54cfc5346a63f92a797,347,0,0,9.272453,0.5730558,-0.85462,-4.8224144,-3.6406045
351,train_images/b06dabab4f09.png,123f294f0b08668f7d783c77ab5b833ea140a9a09f91e7de0aeead86c0c91243,351,2,2,-6.3748207,2.5153708,4.82477,-1.9089813,1.1881522
352,train_images/91e2c2890c9f.png,7421c3ba2f1f8169073c890e4858dd23e4856aaacdc8820a1195033062942985,352,2,3,-5.159897,-3.7733228,3.766447,4.207264,1.1265206
354,train_images/f0546a45ef10.png,d02ce8d9678104a733b59e5dbd1609184499a66f6710e9a9476970d2a9cb84c9,354,0,0,9.470432,0.6001231,-1.2744904,-4.810261,-3.464674
355,train_images/034cb07a550f.png,3f00dbfe3bf9f8c3675c7bb6b95fd76fe6032b82e66884a46447353dbb7d72c5,315,4,3,-7.274891,-3.8467243,1.3927746,5.2220573,4.6465187
363,train_images/2b21d293fdf2.png,4b81430cae386db2b934e8fb0a8a138cefbe6b9ab9d28df2af982cece289a385,363,2,2,-5.57629,-2.5395713,3.730978,2.372219,2.2110937
369,train_images/c9ea9d5eab65.png,92a1fc4c05c40767e6e83fcbef444b95be9e63907eaada43a6e7f06fef9d3dd5,369,3,2,-5.148693,2.474516,3.6786633,-0.65828323,-0.19091022
375,train_images/55eac26bd383.png,9714add774e393da26d0f1ce9fd2f53ff457e97e14ac3eb5994ed8d421091979,375,1,1,0.4961319,6.8942437,0.2594242,-6.4187393,-0.8827921
382,train_images/dfea19863428.png,af544022ebcb32e36799d211e548bc091a59ab10f9c5e8a8b40b63ebc0325311,382,0,0,5.240719,-0.058710158,-0.9874897,-3.0710297,-0.7047459
385,train_images/7ef5ff774a48.png,53a2bcfc64d0930c90907497762f9506c3391ac964cf999a7f2b79fc9868748d,385,1,1,3.1631927,3.5189178,1.1411362,-6.0106163,-1.3992864
388,train_images/2f81ee5f2926.png,d08d5df9a3ca7bff3e825a7776e7b2729b29390c95025cc5f4f937e2971ec277,388,0,0,11.344231,-0.32459158,-2.986353,-2.593689,-4.901754
390,train_images/97a5ad7548b7.png,908fe79d42556b58feeaf61f44452e5436bcb20fefce68d91da464c9602e3190,390,2,2,-5.2811317,3.126521,3.5924864,-2.107792,0.8980993
397,train_images/b99c825b93c5.png,c58f44f12d0b5bbeccb3887dfd454bc3ab5979dbaa8953f267cfa35c7b22fbb3,397,2,2,-7.4911537,-0.91332895,4.39246,2.7214394,1.4272261
398,train_images/1d55e689cf84.png,35cac3316fd9d76cc3f7825cd6bfe7ad6f96b8621014644c6d5a9d54a9a3121c,398,2,2,-6.5525703,-1.0374374,3.415022,2.2116585,2.1139846
408,train_images/bc34ed91c9bc.png,9d96ea52c89bd809a29351a2104371e8a4dc07ea134f1ad8f7bbb5b624e08678,408,4,4,-2.8418617,1.0809971,1.7506123,-3.3691483,3.6247773
410,train_images/478fc46eaa49.png,57e7aa1a48d19ae2ee21a26d8f00bdad60f9eea3e2ce981250130a7987b70af3,410,0,0,9.286819,2.2148135,-0.77687454,-7.013195,-3.2263002
419,train_images/cbe633765ea7.png,bd969bdacb00aaf9f1be635862be94beeff4949f4bfafa0e1ae03c7f4780ef8d,419,0,0,8.228661,0.1551072,0.17230225,-6.5222015,-1.5713845
422,train_images/0024cdab0c1e.png,4e7c3ce57563f1405a8820fd0b71343e1b006293109a364ab4e156ffc92622a1,422,1,1,3.2148094,7.249565,0.020740509,-8.731804,-1.397534
428,train_images/19e350c7c83c.png,cd834e9d9e273765341d800ec2865100caac308e80d9f16c66e4f57892b2ca71,428,1,1,-0.042354584,4.8641214,0.90242004,-3.64637,-1.7388736
436,train_images/71e43b4f8ba6.png,d53cee79b6c156a255a32e011e925d516bc8dfab7e5618e1130176c8fa43ebde,436,0,0,9.258572,2.1115868,-1.1742764,-6.9574585,-2.721192
440,train_images/f42b693a9414.png,ef531eac5f69d1acbaec1a2f9e9ae8925af9e867e5f6bf5c6ec7259bdea5d15b,440,0,0,10.060059,-0.05062914,-2.8395252,-2.6968231,-3.9500918
442,train_images/4958bfcc9f38.png,31885683c3d0f5b01ffb378921ee116c5211b24ab9a05419aa8a98b638425ca9,442,0,0,8.286869,2.0416086,-0.42606163,-6.347397,-3.051671
447,train_images/18af532e7e1e.png,87bb2fe9f88db42d9b05a809a4e0d108f83494edbf09781a4e72b312d65d28ea,447,2,2,-4.5161476,2.71275,6.156995,-2.435875,-1.6970805
455,train_images/d27ac9e54901.png,370c48cbc50a5c2f8790fbfb5d8a4c4af3eaf86bc3f74a4833f29d1acc279512,455,0,0,8.099693,2.2966342,-1.1492329,-6.518402,-2.23005
458,train_images/e03a74e7d74f.png,a4fb528752e8d1759b2a34d74c2ad0c91e2814de246c82daec35a8f0427b5554,458,0,0,10.354107,-1.3933175,-2.8237877,-1.6455002,-3.9834414
464,train_images/83517eaeccb9.png,239164e7c996faff3fd3d6d7b74a5eb85962a4761e7318c1f62a6eb6d08a182f,464,0,0,7.7047844,1.732337,-0.81650925,-4.615299,-3.5067267
476,train_images/194814669fee.png,60610c342a58551561c323a95835c4b3ccf3f3f79761a14d0568023b428b99b2,476,1,1,-3.1471367,3.7491477,3.0807905,-2.0260086,-1.3789874
481,train_images/222f3ee3a1e8.png,8036db1c6a0973a7c5a34996b7ea2bca866dfab2dc2914703b520c7f858ec1e2,481,4,4,-3.1364975,-0.39098132,-0.73358536,-0.17095566,4.6005034
482,train_images/05a5183c92d0.png,12bb56f380cecca7aa558c03446098950cf06a2189238343f607bba494a5501b,48,1,1,-1.7866936,2.4133246,0.7450676,-1.0082779,-0.095770955
485,train_images/0e43c8298fc0.png,97b10f83df405f7534906f862ad0f46aada78bf359663a6134a9749a63d6f2cd,485,0,0,9.841774,0.5614759,-1.7695084,-3.2204437,-4.900997
490,train_images/a528be013a04.png,3d2ad1ce0adf1b1509f0b0895d8d92f725ef627d26a88416a3b6ad01ffdb5ac0,490,0,0,8.139572,1.813477,-0.36504936,-5.6572533,-3.4391928
494,train_images/1caba2fb38f6.png,21e7412d15b68729cc3c89614811584ba9809e1bca6ef1564054f57a1484f787,494,0,0,9.069229,0.5102057,-1.2876892,-4.5628433,-3.2459517
500,train_images/a8c9fcdbc0be.png,8e40ccf77412c9d6f642236d82357028febb448b0c7d7e3cca869b4f067a6829,500,0,0,6.272663,2.4612153,-0.3083458,-5.0082855,-2.9241219
503,train_images/144a1a426137.png,439dd2ec4149ab75162d21ac9fecc7d934f86f495137a6441f9259f8ee20e017,503,2,1,0.4463501,2.3554878,1.829359,-3.9936295,-0.3325044
510,train_images/8596a24a14bd.png,0f46e66e860b0614e48fdff26733a746c552f5cf399add99dba199855316def3,510,4,3,-9.5156975,-2.0376756,2.617855,7.2044487,1.773462
513,train_images/e60e4edb3ca9.png,05e86f2dfc3ae4f94a9936e8368b2d76fbc2dde28525b283c2c912e1988b5fbf,513,0,0,7.8734818,1.5332801,-0.47091866,-5.241089,-3.215623
518,train_images/2bbd1f99ecc3.png,1911ebda62754ec7c0a601de6955b798dd994fb75cdc007ab22ff93cfb7fc700,518,3,2,-4.139847,1.5812833,2.226059,0.4283638,0.14162052
523,train_images/4dd9d29eae5d.png,c3e55437b16669269023540956f5e846a4fde86a58031070f16f35862231b9e9,523,1,1,-1.7061577,3.3893294,2.456627,-3.4737206,-0.3506986
528,train_images/51405d042000.png,7bf8384cbbbe7d41590dfc23f6cd6be8cfc8882dfe47f4fb973e9f112305b9a7,528,2,4,-6.625679,-2.4804354,3.6013002,0.60998154,5.0495405
535,train_images/d144144a2f3f.png,123f294f0b08668f7d783c77ab5b833ea140a9a09f91e7de0aeead86c0c91243,351,2,2,-6.3748207,2.5153708,4.82477,-1.9089813,1.1881522
538,train_images/b574d229ec4c.png,0303e864e835ba32f82de2137f82ec74e0c764bdca11f67b3219c7913924d9ff,538,2,2,-5.927826,-1.2259133,3.4743795,1.4782753,2.3246138
540,train_images/aa6242f9e08c.png,fb4572bb10bb1bb17039f7fd7a13c809855ddfccb69201bf70104e1d627330f6,540,0,0,9.966377,-0.51909757,-2.1720886,-2.1135979,-4.6487174
541,train_images/8b76c3c5cb3e.png,b11babd97f60a7a3b69400c0e5ffda5e28ae7fe0c654a62dacb8da2754a28910,541,3,3,-4.931301,-4.221118,-0.116140366,6.390522,3.0191975
551,train_images/12e6e66c80a7.png,b7c419288f2270ca41a7fb87f0471469f115d0b53da4ddcdfca118f277e0fc07,551,2,2,-3.7721596,1.2085328,3.550621,-1.0644684,0.3045174
557,train_images/42c65af5ab16.png,4505150cbdf016e1a432e3b904803a98a1de9dfa439fbe53386cfd6c8e5a4598,557,0,0,10.059254,0.023431718,-2.193655,-2.3066635,-5.0467587
564,train_images/c67117c6ab3b.png,f097351f2f4208da04cde240eef2f4ab7c02e1305b5b2668c53ce3c8b3ae1531,564,3,3,-8.145546,-2.5496323,0.33971214,6.116108,4.3281693
570,train_images/76be29bb30b2.png,d295e1a477b8e41bd1aeae97c703df87be2c5c00a89ce3a78696713b737fb59f,570,1,1,3.0108833,4.538404,-0.39912224,-6.409111,-0.3095945
573,train_images/8543a801dce0.png,124fbb53510f23ebc9aabb7e9d92258602b65a8ce8e695af22c3bca19634297e,573,2,2,-6.5583344,2.0773067,4.3668385,-0.6745415,0.9938831
574,train_images/5b2648ad455e.png,5b0cd6e1f0f095c181f80472ba8ad290b281bb0c982064b9456869e17e3f7598,574,0,0,11.0669365,0.012686193,-3.606413,-2.2588196,-4.6953206
580,train_images/b200c23b299b.png,f2fdb8791f4e45080ad11789bb5658542d634761883463fe9bea5cd5668b3260,580,0,0,8.761974,1.4922476,-0.21993446,-7.021614,-2.515583
586,train_images/da6bbb76d562.png,c313d39f8346414a047a95b25a006c58b5892b8fb7e2c686b88e7422e0e5c018,586,0,0,7.051502,4.1803284,-1.8508587,-6.6313972,-2.2516422
590,train_images/1cb814ed6332.png,55623f64fa2881a1b80c321f710de228ade68e0d194b73918ad10639b0246257,590,2,2,-3.6609917,2.345212,4.561736,-4.9541664,1.9416656
596,train_images/1411c8ab7161.png,1213a26d8bfa7d2f2353cd74227b3d20c4c68f85c84efea05674c9ea40aa536b,596,2,2,-5.6433067,-1.6662376,3.5150661,1.4931221,2.5070853
606,train_images/07a3be30563b.png,a1099e42adba1f11218b977d2dcf40108b8adf157f88b3307151cc5c04ab686f,606,2,3,-9.47694,-3.1699946,4.6619024,5.649006,2.452912
609,train_images/7b8c78b41c0d.png,4b033a443c6ae4095bceaf4ed37225d956a63f2e5e321cb7fcb45265de459e57,609,2,2,-0.85352325,-0.15076381,3.886672,-2.8155708,0.17911804
615,train_images/870fbe6eaa68.png,0f3ad09779b61f2370a3c2bd3526fc2eca310a5c387f2dda52afbf33e0ac35c8,615,0,0,9.269615,2.2292387,-1.1237316,-7.648102,-2.2388663
619,train_images/2c827005b8f8.png,714bbb6f5e4014b251d9ec3a5489064e1822ab35b717a35863bc645fccee96ef,619,0,0,10.007469,1.9631505,-1.5502987,-6.8623657,-3.0262713
626,train_images/1d29cb2f4296.png,675ae52bd52caabdf4b888f9b1e77748d2a0c361c6a42d6409879b9f1c49e081,626,0,0,7.0365295,-0.026414096,-0.25740623,-5.517746,-0.73021996
632,train_images/540e4973829e.png,92a55217a9a11d40e70cba435f0695360983ea61a55ac476a8826c5960e2d7a3,632,0,0,12.775484,0.7259378,-3.3487148,-4.39151,-5.213473
634,train_images/15e96e848b46.png,b9d874e27d4d773551f1ed17fd4bc12295f61a3230afb26da63b712425b58d33,634,4,3,-6.34935,-1.5651085,2.0830097,4.833622,1.1383488
638,train_images/af7a36454670.png,1396c3ca0b3c187b76ef2c8f9e59552c2abfb9e859b80f40c2f675c645e03414,638,0,0,8.2969055,0.8892533,-0.3615589,-6.8347054,-1.5026232
645,train_images/42b93b574f23.png,d2bb0c8be20eb93f4c54fe150284d42ccedfee16ccf0d8cd33a4139bf8e1c2cb,645,2,2,-4.315689,-0.5280913,4.5103006,-0.033668518,0.59591854
652,train_images/bfaa0080ab61.png,1cafb8e70ff9e5b0c1ad5a6499b5f1f02b2699cd17d347d6b8e9c5c301287fb2,652,2,2,-5.246769,0.8027781,2.8125105,1.7412071,0.0530293
660,train_images/3f98be586fe3.png,b39099eaab7b3c23f593b615693f35a5d424979870e863a7dd727e117ebba8c9,660,0,0,8.503674,2.08386,-1.2581482,-5.9710846,-2.8654485
664,train_images/27e2be850a99.png,afa1e8061240e58e7434666e6273a993b254ffa99ca9a30b02b7866d60b11872,664,4,4,-6.173374,-1.900717,-1.5001984,0.35190964,9.32715
668,train_images/50916d67bb51.png,c4be162937099024d87f919581461a4d522c9a5d684898c6dadf35f6b1c3aba0,668,0,0,9.328743,1.9117193,-0.6668968,-6.78207,-3.2775602
669,train_images/99ecdb41d5e7.png,84dd8e723f1c3aae98231ad77b30ac22ffb8773290e8dde730977c825e89dd0d,669,1,1,-2.3063622,5.1532893,2.7956657,-5.586834,0.25746715
677,train_images/1c9c583c10bf.png,7a3b576b588c36cc173989d29f7b96ea54b05a285a74a423193d9efb35ec2815,677,0,0,6.3702507,4.487534,-1.3449631,-6.3537064,-2.648602
685,train_images/bb85097857fa.png,2ddbcb40f4842e8ff57cdf65f21ebd17db821151f6f876e585d809064bbb0326,685,0,0,9.820015,-0.36707246,-2.2118416,-3.0272255,-3.721531
691,train_images/20404ec7b518.png,e96eb3f16c136627c5051d4960dd84afbf960b61affd788d8afc0a9b4675d303,691,2,1,-4.44014,4.0279665,2.5571108,-1.9362831,-0.020366907
693,train_images/40dd4e6e4444.png,aabce2ef38b4ab32f0dd4a57b65c4c23829bf3458a42e2d0151565b446ef65d3,693,0,0,7.607586,1.45211,-1.769741,-2.2418442,-4.5662103
696,train_images/dcf109df1a2b.png,c3abf2a137d78531e2916b75ad73fab9600876f605451d2d1beb80f340119721,696,0,0,9.053528,0.5990117,-3.2679272,-1.5120659,-4.383067
701,train_images/2fdffb6160a6.png,325b395e7540e24f10ae1a0b149e9b8cd8573d51bc34b79b534436d269295243,701,2,1,-4.848919,4.689856,2.9926682,-2.1178856,-0.5330707
710,train_images/3b4a5fcbe5e0.png,7d1d879f980010e0b018cd8cce764ff79f54fc54323912de7e5950899e5a6478,710,4,4,-8.244663,-3.0303197,2.7501593,3.5430336,5.1605406
718,train_images/ab653b8554c0.png,1a295787a91b288a704a7784774e67d10d34fec87f011a30ba2d9d0f2982df3b,718,0,0,8.858704,1.2117503,-0.3930378,-6.666744,-2.5276036
723,train_images/0953c0ac1735.png,89ee07623edc358e3d2f734051166c6f3c8c842111ce0ad9a4cb14388ca51e34,723,2,4,-7.9126434,-2.100407,3.5930548,2.734478,3.8096466
726,train_images/bdf47b9f10c4.png,26bbbebf6f67fefaa7c05f53da0a0581e9c9dad366c1f7b98b87c906c46a06db,726,0,0,6.939934,2.8158762,0.06194496,-6.7835045,-2.590169
728,train_images/735836b1ffa6.png,8a3b6f7cc9578c2f138d94f9498757e7a15d515b1b1b0c2d98c57476323eb397,728,0,1,-2.7358246,3.8659337,1.9938889,-1.5495949,-1.3355914
731,train_images/059bc89df7f4.png,554fa5d81a16b1ccf8241041c2e271c93ad7cf70a9127e969a36d55ddb85e8f5,731,1,1,-5.765541,3.574798,1.621172,-1.0162659,1.7287434
741,train_images/6e3526053de0.png,8c845a254a44d5dbe6e99149b1b0d424359f8a6c467926f3575ed4f71993446a,741,0,0,6.0807343,2.1946714,-0.4366169,-5.052086,-2.3164473
742,train_images/eadc57064154.png,f5815e88fae63304be0aff0720784cf8a7858b992e4585292e6c00e1e40da6dc,742,4,3,-1.9212952,-3.957682,-1.8728676,4.1761665,3.7693362
747,train_images/e067b06fd655.png,e6125b66b5be0f7a9794a49a8b11b2fe3b1f5be868264b9def7420a5f5521377,747,0,0,7.1288185,0.91017747,0.12789726,-6.607239,-1.0837535
755,train_images/d035c2bd9104.png,7c93df594d7b2d4e92147df6641f31914938f452300de18a9afea163c6d4c74c,755,3,3,-6.0796623,-4.3298,1.4169903,4.762295,4.3676844
761,train_images/6c3745a222da.png,f5815e88fae63304be0aff0720784cf8a7858b992e4585292e6c00e1e40da6dc,742,4,3,-1.9212952,-3.957682,-1.8728676,4.1761665,3.7693362
762,train_images/999115d9386b.png,7e689e44d8ed4e9314f8d430060bd72b9bc995034b27a9f62a2a17bee5549635,762,2,2,-6.390888,-0.28793532,5.5593367,-1.2198486,2.5285184
767,train_images/878e356c8fc9.png,af5cfee1fb6309801f059dcb77139d5b2a2421f648bd5e3144170a37d3134531,767,0,0,9.000679,2.4412222,-0.67959976,-6.7549286,-3.5192208
774,train_images/f00ce9b9d6f4.png,d51e771fbc781397fe32033f7fe32448ec539226e3afa4639fd7d4d25b0c2e3a,774,0,0,9.573109,0.63380104,-0.5696144,-6.7243195,-2.4518209
777,train_images/916915f01e17.png,d77be730c8cbf04d2f3b7f914156f1b09044d972b5c93eb89f05022c2bad5916,777,0,0,7.2826767,3.1814973,0.36413956,-7.1581726,-3.1948667
784,train_images/c0968d41eb93.png,b326efa20789d828f5b114087c3593b5194fbeeddf50b7a989046f3927e9b61a,784,1,2,-1.4397011,2.3406222,2.5613813,-1.7261009,-1.4569203
790,train_images/b9c7c5182075.png,292462ae3a550ea45611b9c03806f7e261ba03a0c171980d2f5080b0fa913d5e,790,0,0,9.681198,2.9106624,-1.1497288,-7.979885,-2.9579806
793,train_images/04579e31e4be.png,4c084c2556ff2575b472b400b54b82c21cf9fbde6568a0d215a7f7cd8d4753a0,793,0,0,8.911938,2.0167909,-0.8530159,-5.8063126,-3.7626572
800,train_images/a21b37719f9b.png,29bc63b83b77bebf62f7827ace1208b2110eab0860817eb56e315509dfeb3ba8,800,2,2,-5.8623657,1.9364996,1.9948139,0.5674248,1.5823536
803,train_images/bf6cbccacf39.png,5c70671d0691317e1cf5dffbbb1a3bfb820de51c464f211298394f5523704d1e,803,0,0,11.325794,0.72911006,-2.499878,-3.866291,-5.140859
804,train_images/ec6f1797a25a.png,a0178618641fc9ceec78529a603a7527d9a43a6d9350b63da1019df4d8b1cb89,804,0,0,10.0443,1.5898147,-1.5184441,-6.258007,-3.345827
813,train_images/cf6551521a35.png,9712c527315f8b295cd66c57a747fc912ebb8c5d5d6a1abce95de81853df2de3,813,0,0,7.4164543,0.08460635,-0.746809,-3.4184532,-2.901318
815,train_images/2628305cbb29.png,1788ed5abfba96877edeebcfb902deed3a12d9295e59810bb02ba8e944944e7f,815,4,2,-5.0159492,0.43369806,2.356677,1.4082832,1.0095792
816,train_images/5ad3dabeb2cd.png,99f243c5b4c49ba210045ba445e6ffe19d3815ff2eb3dd2c2669c8467d1ccab7,816,0,0,5.960396,2.071514,1.0893936,-7.0267487,-1.6667055
818,train_images/4ffa38550c95.png,5ed59482d0dab55a5cc3ecf2559b0590f0a12849675b0c059ded39d296e1e68f,818,0,0,10.875507,-0.22020918,-1.5890503,-3.7775726,-4.783849
827,train_images/1120f6d08d95.png,e993305b5f823bba61b5d3f8b489195f3e196dec4e56a4af94fcdc459fc6c0f6,827,2,1,-0.94431686,4.024127,1.2198982,-3.3148613,-0.6973349
830,train_images/e7fc93ac5b6d.png,074f465f24752990c860c04b25bf936a936f1ea5bb44fb2e826058a167d31e9c,830,2,2,-4.463215,2.4063816,4.1272793,-2.4300194,0.5740068
831,train_images/af6166d57f13.png,d000b9247b1f8f85806bfea88dfa0bc940cf9b7ef86f7d4bc323cdc5a23270ee,831,0,0,8.572266,1.2646976,-2.189001,-2.396721,-4.755679
840,train_images/281d7b7c7676.png,13febff0b05dd0986ac7125bf5da1f1447658f7cb6b42fbf84129db9bc5fcae1,840,4,4,-1.2581902,-0.28542036,1.1670341,-2.2906685,2.9552412
844,train_images/080ee76c958c.png,91b652c838f2b1edeaba481629596f6cfd647c99b2d795fdecb3cd108287d9b1,844,4,4,-5.6615944,-3.542958,2.5577955,1.7534599,5.0734587
852,train_images/4f20f9a9a65b.png,055e5b2a0c4d7cbe10a5936175a2b6a3765651f55080cfb8c400a913d50b6d57,852,2,2,-5.5448303,-0.32091063,2.6906958,1.1061363,2.290565
855,train_images/14c3b41d289c.png,dc81e803bf51c8587a50a5c679c981a6b26de4389559c00927c8d4b4dbcdde09,855,0,0,2.8299866,1.6072319,0.095321655,-3.1272888,-1.0188586
862,train_images/a44345b27804.png,32ae91ec6e7762bd86c72cc31ecd46ba06f75e21380843736e193abaadf23759,862,0,0,7.717209,2.448961,-0.7682247,-5.523674,-3.396738
866,train_images/763ad1236efe.png,2067a6319680fcad5a9c5c4f284bb45f4c3b9c989eec0d03b0ee4d033c366bb8,866,0,0,8.018452,2.1196506,0.010128021,-6.267475,-3.3919473
869,train_images/6bf2a81a5d91.png,949a4d3ce3c3e6556f5763895627c429954b3458eb12be70492869dc44c27cc6,869,0,0,8.94717,-1.214154,-2.0591068,-2.5404053,-2.6457286
876,train_images/28f98cfe3858.png,53084a09d38e3c6e7cf21e88dc3b022706e48ab1716627091e8ba135b59a3822,876,1,2,-3.6372452,2.6486013,4.686796,-4.475498,1.0160127
879,train_images/573ea80a53be.png,9f49e65d76f21c569262c69a2b8b6cbb9f98f3e04cbfa4eefe8b988547406ff3,879,0,0,9.538013,-0.022117853,-2.0432339,-3.0541725,-3.9079518
886,train_images/04d029cfb612.png,00437560ef4961eee408098f184493471f3d94dd3d52d4a8dce4300325091ee8,886,2,2,-1.498539,2.354437,4.1655684,-4.1550446,-0.58562386
892,train_images/3ce2f8a77a32.png,470a47406c62b6bca2c97532a24baba8f9e7af8af7266f2d939b7741ac00417b,892,0,0,8.9592285,0.72512275,-2.0748062,-3.509838,-3.5726705
900,train_images/5321ab64f9ea.png,1e0e793b814752a8ff13aa74ae221124ccc7672638572174f85d5fe985f8a009,900,0,0,8.75824,1.429894,0.015493393,-6.846039,-2.8774648
903,train_images/437cbec4a3f8.png,bb78ebf0878129250d32f70d2324c25db0afed21cdc7491f6f1f097880031686,903,2,2,-6.614319,4.596723,4.8254766,-1.8821526,-0.75078356
909,train_images/9d9bfefa809c.png,1dcd5179b770f6b8520566bd9aed940da25402e7de0fdf5bb66cc78004419c81,909,2,2,-3.5673523,1.8702347,4.332402,-2.7602692,0.39314568
911,train_images/7179f85bfd6f.png,f07f718ccbb97787135f7d55df5a8d1e4ccddee5e1c353c1d027e42fc4fb9b72,911,0,0,6.0828133,2.4693985,0.23589325,-5.9891434,-2.3298564
918,train_images/e582e56e7942.png,a0ea824ffe6064331c6ff52e56c3178e55e55cb86ff3f1f09fa469fd98526e89,918,0,0,8.817886,2.3563342,0.011985779,-7.290573,-3.3802452
923,train_images/6f4719c6bb4b.png,49fe227c010210def4729f6c1d67090907d31d2791c3ec3f11196d12d96a9c22,923,4,3,-9.222809,-6.946273,2.24024,9.2904625,4.6669326
928,train_images/ee74c3b177e0.png,85d6d5ecf4566564bbac89092cd0280a3cd481a6ef32b3237e59c7f44801422a,928,2,3,-8.039604,-1.3286879,1.5990067,4.4146614,3.4541202
930,train_images/b460ca9fa26f.png,edec5ed699866a17267ed8efb59d6a455e008ec7903ebf1665a2baf6d253d873,930,0,0,9.334305,1.712359,-0.5721874,-8.001862,-1.9815146
934,train_images/549381330191.png,fdad2ad2867e2a39801872edefb9cd6ccdaa62e673aa24d6373c679d2bd4919c,934,0,0,8.410038,1.4994538,-0.831707,-6.5781097,-2.0008087
939,train_images/a7b0d0c51731.png,55623f64fa2881a1b80c321f710de228ade68e0d194b73918ad10639b0246257,590,2,2,-3.6609917,2.345212,4.561736,-4.9541664,1.9416656
940,train_images/4c570172778b.png,6e1d2be31da239e83a143abee9e9e8b5b32b1baa1ec793813835a8516249a85b,940,3,3,-9.161499,-4.059426,4.237547,6.020115,3.0404096
945,train_images/53c874dbc594.png,9aa64a2bd8f7a8b90244d89923765a2197f5569b0af4107718ced31f0f316598,945,0,0,8.276699,-1.0185916,-1.7854557,-3.0835457,-1.9350086
948,train_images/7526c59c36d3.png,c4ba84895d8235406e1bad51fe11f90523d492ba9a5e746e9dbd33f4dd20b6c0,948,0,0,9.536907,1.7405839,-0.42225647,-6.934555,-3.4015517
956,train_images/587146a55885.png,fee1af21dca13eed52f88ba9d62aefe29b00c4d34e440d3b3f32bcdca470009d,956,1,1,-4.871502,5.7541757,2.8980236,-2.2535515,-1.3418325
958,train_images/6c315ad3d07f.png,f08b721f80fd1c6e11803a1b21ee074e6a72bc3c06cb9d735de8809a6bc145f9,958,2,3,-7.6229362,-0.8030873,1.5750904,3.6233177,3.3050585
961,train_images/7ccb267fd394.png,080257579826ca840dc4afe96e68bca9fc58937c5c1f4274733ee3f4b72dd053,961,1,1,-4.90818,2.4965475,2.2019672,0.5765953,-0.16332185
967,train_images/e33766353db2.png,7516916c706b2d41e04f1cb523b7b390be0ddcbff40beb3d23337b49928a6b1f,967,0,0,13.526644,-0.41870272,-3.0666695,-4.6701202,-4.7981577
970,train_images/36b5b3c9fb32.png,1ff10f5470cce5fd72d2b7191387f2ecf9c579663c759f00ab6e354417cb82fa,970,3,3,-8.342457,-3.63492,1.28335,8.21455,2.5161376
979,train_images/b6fd109b1bc9.png,3cec8fff99d8f5c0e7124e56dbed6d6eb3f6e1e60d692d1332c823a259f33338,979,0,0,5.8882027,2.4384842,-0.12117767,-7.3666954,-0.4127146
982,train_images/e13412678eff.png,615dbb8e4d8dfa5f10616a8c5e0c8d869ff8c768b3852554e4965a4612bb4818,982,3,3,-7.799797,-2.6221108,2.1203709,6.3667793,2.0386322
991,train_images/f0c0f7b5e820.png,657349946c6ffc80095f800e4ee117d2908d7d882e1101ca4376546d514ec1be,991,2,4,-4.5288086,0.7265053,0.9744816,1.4941902,1.5465378
1002,train_images/19113e5f45ec.png,af5743ebd0a40f68404b1044ede5e50a3f8506a5f7e81ef07b8e4c7f07fdc037,1002,2,2,-6.683407,0.8328388,3.7825966,-1.3457413,3.578023
1003,train_images/f57cf3b6f48e.png,628427c778a2e1d08a84114ec6190b373e4b3c1ee517adc2b16bd99120496e53,1003,0,0,8.427055,-0.6791821,-1.4930801,-1.8241882,-3.9599028
1014,train_images/c94f37085d0f.png,fd62871771b7ca12ae340c503f06355bf1399359c74191db8f393f236a189113,1014,0,0,9.498085,2.118253,-0.56430435,-7.4565125,-3.1045423
1018,train_images/7a9f45fdf29b.png,c0fc4d655e5b159011cdc36895d7f8c8d5a38f36ed6585e72c5893a46dcfe760,1018,0,0,9.227947,2.751001,-0.7113533,-7.3664627,-3.3958788
1023,train_images/3ffa14d60b24.png,5b263f3cac474f9563bbf84d71dc3283b3e73a307bb08d179f1175efc7c65c29,1023,2,2,-6.7322617,1.6444983,6.9764776,-2.3727303,0.6467916
1029,train_images/cbf0394039f8.png,94b15f875f833ae265d98a15bb7377872b94d889e51335b22c4ff5a1305801c8,1029,2,1,-4.611824,2.7735133,2.157915,-0.1260109,0.025129437
1030,train_images/ae20112e7a1e.png,929f0de355a97e197153f9f737db6b1914c5c76164200f5718367f999cd0e011,1030,0,0,8.50713,1.5426672,-1.850563,-6.076626,-1.6100563
1035,train_images/6efa36d59ada.png,853f1e9df08f42c27a05a061f7f6d37076661f0bfc9e88fbf8ae79d0b3390de6,1035,3,1,-3.1900635,1.1872592,1.0560589,0.23659134,0.9791214
1040,train_images/d78b7401096f.png,2af03769dc9f9d515afad29bfa9d4ebbd12e30d04fa9571175475186920c7b9f,1040,0,0,5.2440376,2.3440406,0.5266762,-5.036335,-2.5935326
1044,train_images/5cab3ef4b31c.png,cae2f990107df8a8c49b4cdbfc844f45ed270f7846e11113a45f1ab5d52fb750,1044,1,1,-5.569298,3.5080485,2.5514736,-0.9384117,0.6511545
1051,train_images/537e50fdf22e.png,8324720c43eb9608ffb729aabd9d7f85461430ac40d30188e85cadf425299cd5,1051,3,3,-7.9799767,-3.3312829,0.91989326,9.472324,1.0436099
1058,train_images/4ec7796df40e.png,118b09df9d50de643a95794c972ec8fdebeff9a50d94d1bee3e4599e96975a0a,1058,0,0,11.827364,-1.0446026,-3.348631,-2.8198395,-4.0988197
1059,train_images/15b21c80cc31.png,dbd56d035c6b4194a036dee565669b27adfc2682d992a622a366f61998bde2f7,1059,0,0,9.659763,1.550951,-0.3405285,-7.3617935,-3.003611
1066,train_images/4e8585a96739.png,8a2fb62f8f73cfb9c7a6b73459e4d0719569da0abdb2447580c6d3a76b6f54a6,1066,0,0,7.0259094,1.3015454,-0.47423553,-4.5374413,-2.8448381
1073,train_images/46d3316c4857.png,99ed329e1d7b4e3a4e554ec5ca138085d2ab9f43076cbc9653a851dd99ef82bf,1073,4,4,-9.911739,-5.633371,0.09532738,5.8687325,9.628781
1080,train_images/6889bc64ab09.png,90e7f58c66b9acc66874d258f535d36e424e6663a88d63c82f1aaaef4a55aaf3,1080,2,2,-7.1514244,-1.8420153,4.3582277,2.8981743,1.8829317
1084,train_images/26fc2358a38d.png,f0ec5c6e8fd5834799cff311239f54d4c9c53dc460847cf2348fd75763732bbe,1084,0,0,9.992817,2.2077966,-1.2264004,-6.407612,-4.0458846
1091,train_images/1dbdc32c17db.png,51ba53fedc434568eaff7c6195a2cf3ffbf609e2b62573951ad88dd699efae9f,1091,2,2,-4.5762253,0.51648223,4.436776,-0.4387474,0.23579407
1098,train_images/acf976efd7ce.png,489a6f2ccf80b64b9a3e2ed417f8026e2ff1c2294ff62a11f8d1c73012df7ca6,1098,0,0,10.700638,2.0800428,-1.9737358,-6.086479,-4.185955
1103,train_images/f02057c41256.png,abc0b4ffa486fcd85e33ec42d28927f02642561de6a786752e94d2b03cbd8441,1103,0,0,6.7363358,2.1287675,-1.9331551,-4.6292877,-1.799014
1105,train_images/0b8bdec9d869.png,11221dc72183f47f4b35f552dcb73acb08a7ea26580f9d6b18ec513041b64d87,1105,0,0,10.998291,-0.46624023,-2.9010448,-2.7231293,-4.3926487
1106,train_images/2131aa3a1e6f.png,ddb580cf16ba0e1e723db50f632d9d1ff6511f71e35a4ff81875e736f6b33197,1106,2,2,-7.0258904,1.1863551,4.7287607,-1.3059883,2.5587983
1116,train_images/7d3835e4e63a.png,17d66a04cdbdaf5899b62b584a504a1e106826b011147f185f09528cc5f42a24,1116,3,2,-6.0420876,-2.5213363,4.271942,1.5378227,2.951295
1118,train_images/08752092140d.png,f115e50fa75743fc0d5de5fefbc4b5a1b313c6f3a12825f249a8d7eab36b902f,1118,2,3,-5.712364,-1.608283,2.7804842,2.8611183,1.8255833
1127,train_images/7d48f8cdfb69.png,39b5cceab3aabe2590eee279b944a85bb01ae52c4fb3c851e0df581019019b93,1127,0,0,10.582405,-0.4159699,-2.1717072,-2.7391891,-4.7531285
1134,train_images/1b4625877527.png,c2910f0d9fa83aa40d7de032076571b487b423f1104ebcc233fc4adea64eb572,1134,2,2,-5.0630608,-2.6768425,3.5044193,1.585247,2.8520164
1136,train_images/7ba6b23c4b46.png,6fa61290052597912baded8304b13183f3ac5562e390c58795d9a1485bd71a18,1136,0,0,4.2157936,1.9879498,0.38156128,-4.006523,-2.149044
1137,train_images/803120c5d287.png,2d4cc88543b57cec1735a65655379ffb2b70abff85fffdedf2ba255cbebfc2b2,1137,2,2,-4.2683983,0.034939468,4.4732895,-3.0937119,3.085689
1140,train_images/b9fe7da14a32.png,9ca4b9486c1144f34e5eaafb3676d9e70795d4835d65e168888b8f6d1d525843,1140,0,0,8.368168,1.5439739,-1.2665081,-7.3468056,-0.8003894
1150,train_images/b1f4122fd36a.png,468a500e40ff12e80e856c6e1b6eb141ac30cedae404eb41c1addb4562bee739,1150,2,2,-4.782261,1.1350093,2.5604782,-0.046028137,1.3232461
1151,train_images/5633ced07d8e.png,96b8a33e7ad5881085838494e5f07739ba70d13d411edb3d16e6b64d9e025931,1151,1,1,-2.4274826,4.116254,2.2693424,-3.3363762,-0.36737144
1158,train_images/4554062fa836.png,3039235c3fd8e0595af5b0075144fe56371fd6ff3fb50a9b0208c1b8ea6e362c,1158,0,0,8.711815,1.4603744,-1.2267818,-6.737091,-1.7194792
1161,train_images/8fd7ad26e691.png,d386d6b040f09609640ed91cddab7a784c044e0343256680433d0b9210fddcb8,1161,4,2,-6.457363,0.33331275,4.7703915,0.81809616,0.73558366
1164,train_images/33778d136069.png,e3425e1ed726ec7e7a84d5abf66e5f9ab599745e709a23d486b67e4aadf947c0,252,3,4,-4.8268585,-0.12597609,-0.98610497,2.4675179,3.6689346
1166,train_images/e6a58edc5b42.png,a667e48d1a8748ad793b42047c391f03f8ac627609155ab3d25335ebaf5f6def,1166,2,2,-3.93359,1.6839411,3.7053976,-3.789486,2.5799093
1173,train_images/17eff993386f.png,7f0a2856014f59784c8cc1c750a894052a57e1605f52bc34a9b4eae87925d0ce,1173,1,1,-1.5176811,2.7747366,1.0287609,-2.0520592,0.035763264
1176,train_images/2b2f5a0f880d.png,dac064ff28a7e6a749cacde68c6bc39eb7b9faa48d2821060ecb541c5db3c06c,1176,0,0,10.9807205,-0.34399372,-2.5303802,-2.9436493,-4.6282635
1181,train_images/13d71389563f.png,9a1ca35289993c7db77f1b71b42a33e20a27852e1bf3d7d599ab80379288d6c7,1181,2,2,-2.853897,1.8651826,3.9427376,-0.8070297,-1.9124137
1185,train_images/89d9c071a56f.png,4cb61161b1e5dc6ac30032b86712b7dff61b5fa801a2566922f421694e677516,1185,1,1,0.8957634,5.1280065,1.0722466,-6.2172127,-0.54509556
1194,train_images/0c55d58bebaf.png,d34ba05aaf945609597071e4b8ffaa494ebccde0d4212fe2c089b6a5e8a9ba61,1194,2,2,-6.106388,2.3565905,2.950777,-0.27371597,1.2342596
1201,train_images/6762b2b48ea5.png,f718263a70a66094b0ed325a8f1b8476b45329ce7526091604733bf3f805bbad,1201,1,1,-0.683342,3.2411416,0.005338669,-3.8759346,1.5919034
1204,train_images/e246cd89e1cc.png,c6b3e93d2e421af37966eed4964e5774ef25eb096e8bf28019dadbb622fb4408,1204,0,0,7.196682,2.3023002,-0.57102776,-5.746113,-2.7314677
1205,train_images/65cf00be6fb4.png,a7335bfabc9c0f73b0c9ac338d441e43898d45c39b6930c1f5dba8bacea7edf9,1205,0,0,9.917801,0.1896671,-2.5698605,-2.1431694,-4.8676834
1213,train_images/61bbc11fe503.png,db2521c1cdaf5f046628af834ce3fc27781d47bb933372778a506c154e47582f,1213,4,2,-7.8319893,0.9945666,2.455783,2.1137505,2.4056845
1220,train_images/5723d0ec895e.png,d8d46aa0908ef3d82a5ec34ace06ccbed64ca647e2bcbd330a7905e85cd3ce49,1220,2,2,-3.349121,1.1157801,2.5845308,-0.991272,0.8497299
1222,train_images/1864d3411143.png,4a1cc0862330e3a5dba9700086a52b6c62fc563a48fa5bf52ad4d839dff3c877,1222,0,0,10.5286255,-0.50754994,-2.8555012,-1.9003487,-4.766446
1226,train_images/0d0a21fd354f.png,2c79683421780ceebb1a520a5b01d4640e550b1e91878614fc5629975d75906c,1226,2,4,-4.1612473,-1.3378191,2.2656898,0.7697563,2.6828768
1233,train_images/941d874c8afb.png,daac9365906e5786ac51817052625f36d684d0c60edc572d1740a8c78b67ef39,1233,0,0,7.8205376,2.2436812,0.35163498,-7.6929703,-2.251369
1238,train_images/4a558a1cd243.png,95f588fe7526cca70d68df6a30804bf84021897a9b9a851d6ed070c3e580f36f,1238,2,2,-7.0462265,1.1204531,3.3676825,2.263363,0.40035796
1248,train_images/c8905b8d5cf1.png,3de68dfc1970c33bf68376c91561329a157d869632aaa2cf50e94a6b2be3a4eb,1248,2,2,-6.81604,-1.3532312,3.8256264,2.251751,2.233713
1253,train_images/a93f1ea3ff4a.png,c13e7eb278b3ca91fecdafc1398a792e83df58db7c69966a12193e6930425739,1253,2,2,-3.7896614,0.9269923,3.5961552,-2.321392,1.7927861
1254,train_images/ef8109305128.png,02a404c076213c35bb304e7581c70f1b043764d231c6f34dba9ce2211c4041ae,1254,1,1,-2.3438988,3.1341155,2.3532429,-1.1099854,-1.7607213
1261,train_images/ee1ec90b980f.png,0889ef44dd306a5a81555c315c163aa156f46cecfe5be54b8f3d5de3c117f59d,1261,4,3,-7.571739,-1.0552199,0.5567188,5.804508,2.3850112
1267,train_images/633fe9dbaf39.png,f24130ca231c05e0bbd08e61fa5eb55c1dfcc5fb6bd6d407d0630382a56d054f,1267,0,0,7.196018,1.7139492,-0.069610596,-6.2222137,-2.136891
1268,train_images/0e75d51152fc.png,6a6cbdf0baa6c113066521a0837ae98f52be69bd17bd840619d403db2d7bf8db,1268,2,2,-0.010955811,2.225121,2.5254717,-3.9498825,-0.427992
1274,train_images/070d4ce5fd90.png,a252fc9e5214ce59e337b24a40c2f98d94268668a0d21a0241df03c09d9d0343,1274,0,0,8.843292,1.4169333,-2.0438328,-2.5581856,-5.151894
1281,train_images/0a1076183736.png,7c930ff71809944a0b441c0a09c30f35629eee67d59eb0837624b29b64b7eb3b,1281,2,4,-8.541824,-4.4057236,2.4788818,4.631748,5.9454904
1286,train_images/582f739b8f62.png,b4f611b3d195c49e35fc2a3fb647a966b9b6fe70cae69f1e2af77a964d3f5e0f,1286,2,1,-5.0232925,2.8972545,2.8336077,-1.1003761,0.56926
1292,train_images/5fcff7280019.png,c04d015ce6efeffb2ff8bd2a0d6c4e1ca6729f3b50171cb1332562797bc282d0,1292,0,0,8.216595,1.0426306,-1.0587807,-6.5189323,-1.1813484
1298,train_images/35beb47fe159.png,8335bc95b108bc9281f34302c34b75895dfab1d5e0e8b6ea0fd10677a90516e0,1298,0,0,9.0516205,1.1942968,-0.6988411,-6.172695,-2.908389
1303,train_images/e68746d426b2.png,a178ff01ea6f551cf64fb6b3fa6837e652b96a4ea744ad910761fe8aeaac01a3,1303,0,0,4.599251,1.6181514,-0.61431503,-3.9384727,-1.2241849
1304,train_images/959bb2d01091.png,551faa3ce436dce81d5470bff0678f351819f8816f3cd0f3fd8bd7ee20a70ff8,1304,0,0,10.700619,0.23348302,-3.3648872,-1.9301605,-5.114118
1305,train_images/ac5b5dddf91b.png,ed6f495c9887aec8b462448b9638a980657a342de16bf85a7e5854e011258983,1305,2,2,-3.5016212,2.1711552,2.3608665,1.3053856,-2.1052203
1310,train_images/43ddd0ab0cc4.png,30cd4c451b5f65d4bac6528a2eaa0bb62bdd34587ddb664171a754a8bbab3bc9,1310,2,2,-6.0702934,1.6455731,3.1572647,0.21123886,1.230527
1315,train_images/21d18b022429.png,9879f9de7ac388fa6cbcb0225e36ac5b6f08c1e49d1a9dc631d11ebd063bfd13,1315,4,4,-6.577778,0.09575373,2.242241,1.523449,2.9194014
1327,train_images/9a1029536d78.png,9b61929b4aaf07f2eb6273e29a2eaea2b1c4790178ab7dca032ff9a233e3bf25,1327,0,0,9.05368,2.1604161,-1.3445988,-6.165001,-3.1933641
1329,train_images/ea15a290eb96.png,7a3b576b588c36cc173989d29f7b96ea54b05a285a74a423193d9efb35ec2815,677,1,0,6.3702507,4.487534,-1.3449631,-6.3537064,-2.648602
1332,train_images/6061f5b7378d.png,d7e35e66fca58a039554dabf7a2b545a99e22eb079d0b6e23a416710eb7c6309,1332,3,3,-5.3201103,0.76111436,0.43229485,3.3003883,1.0152446
1336,train_images/8acffaf1f4b9.png,1213a26d8bfa7d2f2353cd74227b3d20c4c68f85c84efea05674c9ea40aa536b,596,2,2,-5.6433067,-1.6662376,3.5150661,1.4931221,2.5070853
1338,train_images/9f8112c710be.png,57182496fc76010fbff42b988e079bfbacf5f836c32ad38d0b8de5b722765787,1338,0,0,7.9058,0.5291471,-0.62921906,-4.5331535,-2.79812
1346,train_images/29f9e1ac9507.png,030b7fb7cc1ad46acfc54736b6c524f03159a0882bee39468d4b125735dcf73c,1346,0,0,10.680141,1.0385642,-1.9680939,-3.4666862,-5.757665
1347,train_images/263d8851e33b.png,e5590bdf783927305fb3a083e0fd374ef8e21b37fc6b2d9f1489a3d398f5fad1,1347,0,0,10.200512,-0.89455205,-3.039709,-3.0212326,-2.752133
1353,train_images/29bc0e721cfe.png,d19ceeec9246132f55b04d5748a562932e593b956b6e768ebf12779595bf342d,1353,4,4,-8.775803,-3.4863126,1.2860298,3.0169334,8.066621
1356,train_images/6b00cb764237.png,4f4b0f2a1a4ca38b19fb43e298a4a561689e0fe534ff194aae4abb394d30e75a,1356,1,1,-0.56695557,5.99746,0.74933624,-4.3589783,-1.5121356
1367,train_images/bacfb1029f6b.png,49496258c2673cdcb7123f16954ebed4c67f461db2032824e11e8d637a66f73b,1367,1,1,-4.343151,3.628915,3.5586443,-1.1763725,-1.4600743
1370,train_images/a86c6283fd78.png,729387a1df3424c1c3f910356c4085c448697b72355a9506af74327221e82413,1370,2,2,-5.6619987,3.9168673,4.446678,-3.0148888,0.49046266
1377,train_images/a386ec9aabde.png,440484a42e68dff45a970731a4543f8fc44910c0717eb9b9d73ecdbfed078124,1377,2,3,-7.1578484,-0.09467715,3.2339497,4.2585487,-0.103177905
1382,train_images/1ab8d3431ffc.png,e8d06e83907ca8a1b58d18cdec722649dcfc7a67be99539c257e032697bafd42,1382,0,0,5.8028374,0.30703044,-0.20801353,-4.9563866,-0.5186645
1384,train_images/c947bb6cf9f6.png,20cc6987a96bb11c53ec2599a57d63fcb56ed67856bb5edcbe386f6288322cc0,1384,0,0,11.732183,1.1215627,-3.0883217,-2.9718246,-6.2558436
1386,train_images/2a3a1ed1c285.png,4b81430cae386db2b934e8fb0a8a138cefbe6b9ab9d28df2af982cece289a385,363,2,2,-5.57629,-2.5395713,3.730978,2.372219,2.2110937
1390,train_images/9de9421f17e3.png,4285a16f876b45d3c65e5df5609f551a1188a32cbf9812a59f9df088830da492,1390,0,0,9.974182,1.7162695,-0.64946556,-8.216629,-2.2962751
1400,train_images/4f7755e74a9e.png,55604dc3edb5b7e7fafe3cc0ac4ecff2cc85aa858f6336807f4c6ad5fb3226a7,1400,1,1,-5.312298,3.9048958,2.4371233,-1.854187,1.0315319
1409,train_images/71f6a6e4620a.png,c4f545e6cea63bdb0619043f5f5cf614090625a386dc8b9ff66c254ab3b49368,1409,1,3,-5.195015,0.6012722,1.5562344,3.3188286,-0.13414645
1415,train_images/bf7047dc683c.png,26060e0d0d10960b28dabe090b1dc997a1d45bf2c47c64615b2ca30575c2fd43,1415,2,3,-5.6828804,1.199607,2.997016,3.5399895,-1.8452407
1418,train_images/c334f8688b77.png,821753c2818adb08d00a9f44c3607c075f7f6738de13e8d9b3b92c0d447415e6,1418,0,0,10.00214,1.9064825,-1.8793621,-5.225685,-4.2871675
1419,train_images/da0a83f074f3.png,6ef48397572d697ab747dc1eea43ca450ea98f0d3ffb22cb4b1fc4eef2365287,1419,0,0,10.725979,0.7747195,-2.524807,-4.367386,-4.0976353
1426,train_images/99e8bf998285.png,f63763bbc0cea0a35bd52a7831ed8df599bf9858c8b857c2948e42e27680fd17,1426,2,2,-3.1242943,2.1683364,4.7133503,-4.982338,1.4617666
1427,train_images/4df6a81b476e.png,9e771f5302a2041bba3721ca33e9ce9c2bc97256e809073a4ebc9e3c78f2e8c2,1427,3,3,-6.7838287,-0.9148328,3.5615463,4.9251823,-0.6473571
1430,train_images/4189d4e631ec.png,019319c5d801a2849fce84b3f302192a52f888178fe00407ad96a13e611175e7,1430,2,2,-4.3276176,1.5104978,2.4034595,1.5186348,-0.93743145
1435,train_images/b0acd3593310.png,86487ded7c46d829fe000f64fdbc6b1820415deeff1e9dc3f505c8626aabfbc1,1435,0,0,6.0985527,1.6796353,-0.9508114,-4.8053703,-1.5454646
1442,train_images/db690e2d02f8.png,55c12032bbb3cb4d138bb6bf879b1ac9ad2a81d53f6b7aa9ff22feb5e5a3b43c,1442,1,1,1.8575897,4.4139633,4.0350685,-6.982292,-2.9769583
1448,train_images/bd06028eb7dd.png,905bcba9f80e1ece69c0458bb0bdf5893be73971f10fe8517957a1d456390a8c,1448,0,0,8.9815445,2.8426921,-1.3250103,-5.6157837,-4.3876824
1455,train_images/bb9a3d835a94.png,f1f5b7c4d151b82d90a51343d0cb4173704513f6ab8967c314c0709fa7d4db60,1455,1,1,2.3835602,4.20247,-0.68605995,-4.8431473,-0.6530434
1461,train_images/a963ac561580.png,5844132c51f622b91654a81d83d4b2b156547797c486ef482901bb60084406ea,1461,0,0,8.52597,1.787673,-1.1348534,-5.0942345,-3.5785928
1462,train_images/c6f5b5b5be41.png,175532d15bb15445210f049d17e929816cad080bddec6d4590950d717e3fa772,1462,0,0,8.880096,1.3810899,-1.1882648,-5.0560226,-3.5140996
1468,train_images/a75bab2463d4.png,3bac7a949ac4807094cf5900b2355bb15ffa3c40fa8b97291c271ccf2cc4e383,1468,1,2,-5.8762245,2.281838,4.3650703,0.030857086,-0.60268795
1475,train_images/849a91e9ab28.png,835f8a55a039bbd84fc671f049c4d4b84ef37cc591f9766724aad4ac48896da2,1475,1,1,-2.9470673,4.7827454,1.3708916,-2.5824127,-0.35181248
1478,train_images/3435fd8675a2.png,3b8dc01686905274c1cd3944b14e428267764e2b453a1295bac32bd10acd16a9,1478,3,4,-4.3553505,-3.7435763,-1.7735271,4.9579353,5.0968943
1481,train_images/cc1eebed9276.png,ee1ef3b1d28296e347400f787eb5fa10a3711fedb7e6d13b4885c92ed1b8aa7e,1481,2,2,-2.6769295,2.7517407,3.0528345,-1.8810387,-0.97802603
1486,train_images/d567a1a22d33.png,433e567384d685044f64956cfe6e0764d6f3e10c62e4beaf613da4c61d01ef73,1486,1,1,-3.0117607,6.7357664,2.9201956,-4.6567497,-1.701419
1494,train_images/3232b34cbe99.png,3a0740cff1788e43c7a31925a9544e0986f1062f0141590eadc951f6dd413173,1494,0,0,8.038654,2.008183,-0.5505848,-6.524166,-2.471251
1500,train_images/060e00d1e2ab.png,4c6bddc11f823bb88dfa6ff41d2208c788b3f7ab046831465ac73f04b7f12fe3,1500,0,0,11.513123,0.30140966,-2.4857845,-3.659565,-5.1386337
1507,train_images/686ed1dbae20.png,a70862cc4ebc808930d355932252cd1751927fadcaed25972f74edadf65d8fb6,1507,2,2,-3.1154213,1.0800638,2.5307274,-1.8645554,1.5978613
1510,train_images/36041171f441.png,9a93a477d03f9ba6d61c08bb054c8b82ae32e1a223120ec49a73b9faae97f921,217,1,1,-3.125126,4.72071,3.6564665,-4.156723,-0.8524233
1515,train_images/1d3e9b939732.png,0e1e538394a90d5959e8a689120da935f5548bc9d9ec4c2801d93fb133c484d4,1515,0,0,9.276119,3.8370986,-0.18972778,-9.145054,-3.2794142
1517,train_images/496155f71d0a.png,4d4ea272729d76d38b905285adaf0be8d0cd17734111ad40dac0bde6e849ffad,1517,0,0,9.771194,2.2333148,-2.0401363,-5.43227,-4.003683
1520,train_images/12e3f5f2cb17.png,433e567384d685044f64956cfe6e0764d6f3e10c62e4beaf613da4c61d01ef73,1486,1,1,-3.0117607,6.7357664,2.9201956,-4.6567497,-1.701419
1526,train_images/b8f1b30877db.png,290e662bdc163d418c95dc3a50410d240a865445801c1e43c13076f0b56644a7,1526,2,2,-6.653179,1.8157952,2.1909752,1.6060448,1.1477559
1529,train_images/27bab1432f61.png,42e4ff7c9f9c1a8390f9f11323579baf54afa9eea580d470f71395091e098292,1529,2,1,-4.9123497,4.419065,1.7927799,-1.419754,0.30060172
1533,train_images/2cf18033da31.png,b368268e565c6bead77c97d5ae55ee8429fc059805496d29256644994fc8b7c9,1533,0,0,10.675137,1.8716636,-2.3941135,-3.6182823,-6.000177
1538,train_images/8d7bb0649a02.png,c074f9f47cb63bbe2520ddfd2e94faa53c842097e4b8925d20f4f845df76e94b,1538,2,2,-7.565613,-1.3163047,4.5483646,2.4802284,1.9935672
1541,train_images/2a47e5b21791.png,39a182f087e9e5b2b156539a0f7e131c7910494d8e9ab979628773397990c9a3,1541,2,1,-2.2587433,5.1098223,1.2774105,-6.1493607,2.27076
1546,train_images/437900a99871.png,af21c98d24ea8cb472df19d1e03c86a4e3ba4d00394e7dbe5d21f72d4271363d,1546,2,2,-7.809944,-0.61386853,3.7177925,3.1917152,1.635115
1551,train_images/ca1036496659.png,95c4791242c28145d76d2d17aee6e5860fe7a34981f7371407a4401ff5751f18,1551,1,1,0.6175499,3.3432217,1.692625,-4.624901,-0.63003314
1562,train_images/fc898dfeb24f.png,f81074c25369bcf369fe740ff09407e1943f9178fc5ef6529113bcde8c666862,1562,0,0,11.132496,-0.85939103,-2.6578217,-2.4595375,-4.627874
1565,train_images/5f13e8a07344.png,d5697bd7c455c969725a2fd4cc745f4e3ebbafa59b0b22bef4fd16ec9c5c8de6,1565,3,3,-7.2925987,-2.4974227,1.7921581,4.9578133,3.1261172
1568,train_images/8dba09a4e5ed.png,a14127138823212b734f721e1370241422986c51861ae4e6649183299353b122,1568,2,2,-5.121769,-2.0442696,3.7003174,1.2327766,2.4436593
1574,train_images/4276b82e4489.png,3b17d4a48c51b698bb53c96cbcf81e025bb70db60b8e8913e401f0f6f3dfaf37,1574,0,0,6.1165695,0.77194095,-1.2147083,-1.943264,-3.2894816
1582,train_images/78b3f819dcc5.png,2a718a5480e548c3a3127b19b981d47bb68af9208b6b0fe06c187f5bea5401ef,1582,4,4,-6.7205276,-1.3898475,1.6235313,1.6471367,5.0024996
1585,train_images/05cd0178ccfe.png,3bdf18996ff9f84342287e337edf432a9a46fd95e03be8ec32dc3211f00a2f15,1585,3,3,-7.0916634,-2.2680786,3.520934,5.5491905,0.3902886
1587,train_images/9688c6ef5dc5.png,edfd31658a3fb3eaddaf7da5c72f53bd600e4f4bd42bbf6dcef1de6dc39f586e,1587,0,0,10.456482,1.6700549,-0.65737915,-7.424324,-3.532928
1591,train_images/7bda86d95c5b.png,391a4e3f50aae25024f359d226d2a1c7c9e9259d0d1d18c94ec63f532bae3c56,1591,2,2,-8.447422,-0.27272838,4.584667,1.5022621,2.7781453
1598,train_images/a2d349f567a6.png,8d820c5a206b72ecd9c93e962e857ac53321f0c470f65379ebd8a8c4b7e66cba,1598,2,2,-2.3368416,3.3262756,3.845004,-4.289997,-0.28772628
1602,train_images/52ddde91a349.png,bf3f16a9921c2657a7957728cd19202785e46a1e0d3bae5368ef24816c5cd34f,1602,0,0,7.8172264,2.6704535,-0.471941,-6.16222,-3.3825593
1610,train_images/b74de20d73de.png,813f44fab26d3bb8380de6dc2ef7bc9d027c701d37e5309530cf34eb630258a2,1610,0,0,11.024174,0.6323257,-2.6132336,-2.9827843,-5.5080724
1614,train_images/513b0a4651fa.png,74f20d1a543c13368bcb7634cfa4c3c9388659e6f544784a6f9eed8ea2545ae3,1614,1,1,2.2397308,3.251449,2.3028488,-5.73217,-1.6964437
1621,train_images/a015ce4f51ad.png,21552bf40ea1a161fd11f3a5f07d09f09f407ecff7fac2e6195859c7c7d59d25,1621,2,3,-6.5991516,-4.164671,3.9791002,4.3271065,2.5990229
1622,train_images/90960ddf4d14.png,220249ab580cb8596a088d9cab9b9958ba22516a5bf86937d2bf8c3bbef0f5d8,1622,0,0,10.134392,-0.24346489,-2.0643387,-3.4960938,-3.8221836
1624,train_images/3a643599f852.png,cb95c9e3fecc8dcc48009bce3fd7bbf8a472367b947f52e91122e9d33e5100fb,1624,0,0,9.187119,0.96890765,-2.8759937,-1.2908669,-5.4828086
1629,train_images/486e852a3b4d.png,70c629fb8e24877e90e59852a0b4823bec6e977b231ec41cb1f92fd67571f723,1629,0,0,8.0345,0.5435715,-0.7797489,-5.1061325,-2.186267
1646,train_images/5173d54fc214.png,f314bbd9c88a5a6608571821d60bfa2456ab7b7daa67eb88082b890f4254853e,1646,2,2,-6.0312424,-1.2112656,3.4912243,2.7205467,1.2176023
1649,train_images/ac81fc200162.png,6b88988b5b6b905aae7bab714f783b41aa451ae9700d0e738a7bb91e64f8948d,1649,0,0,6.3210373,0.3194791,-0.3974495,-4.832691,-0.97167075
1658,train_images/87d46b1cc4e9.png,9f94a87d5fb71a088894e9ef30bb87721d006754b9d50fc337793c231db9ea03,1658,0,0,7.491127,-0.0067896247,-2.0767193,-1.2279625,-3.7122626
1661,train_images/65e6f1bd9875.png,8ee562a7e589284fa22e9639d5ffadb15451ea35cb23db01df0f6b5453898b53,1661,0,0,7.148693,1.8779244,-1.7334003,-5.6452255,-1.1436352
1667,train_images/35362d43e753.png,0a692b37356ee7e4c6d152c48db96aa38bf6bda8418f11eb484484e984387b6c,1667,0,0,9.428799,1.449609,-0.9455967,-7.1132126,-2.318252
1670,train_images/36e4b704b905.png,f2143dc2f371004cf5c573feefe89b87453a8c688f090a26b2400dfcfb621ec1,1670,0,0,5.7877884,1.1133299,-0.37535477,-4.417389,-1.6382924
1673,train_images/ebd96d853918.png,18844e86c52e1df9993743b49fb9e401c9de9f6080fec0ae6f7bea28c7252071,1673,0,0,8.574699,2.1082697,-1.4848728,-5.9114,-2.791142
1678,train_images/ab78a66dee6a.png,84d89cf5c98416200fc9dd35b81610deeb145d90f761aac9b3e099b453b7fe31,1678,0,0,10.297001,1.8892388,-0.35210037,-8.24107,-3.0729327
1682,train_images/012a242ac6ff.png,8e03a481f0261723971041df11c093cb920f5dbe2b375844ea42dff83d270ab6,1682,2,2,-5.621235,1.1312597,4.563629,-2.5645714,2.688774
1685,train_images/8b58f9a338e8.png,1e6af919f4b3393a73fd7158b73d19f916f74c9b71720b0431d9dcbdd123cd70,1685,0,0,11.935255,0.27168614,-2.8314686,-4.335663,-4.5052586
1691,train_images/c739ff9580d3.png,751c484591ab0248093ec2f6cbec071f7781c6de25f7e4b3cc0b8db47e3ef27e,1691,1,1,-4.2361755,3.6963513,2.5633059,-2.2603798,0.38085687
1699,train_images/7eee3d1f1268.png,9751c8178b0eeed2c9dd72719a3ccecc47527307d805c3ae0ec3c991b4a5c019,1699,0,0,6.792343,0.7952302,-0.59578896,-4.594696,-1.9320265
1702,train_images/83d81ba5959c.png,4d2a5b45430d0696ac6751e0127447a70b1e5d7eaf32d087e64945bb5afae1ed,1702,0,0,8.315182,0.7538655,-2.4821339,-1.0306206,-5.0797043
1708,train_images/ed648b9bcd95.png,bf87b0f869c51b3657b7e5ce2ec13c2b45fefad70ecf0160ee1e5acfdf3527cb,1708,0,0,5.3413353,2.5681603,-0.06778526,-5.4355507,-1.9572445
1711,train_images/0e3572b5884a.png,122de8abc315cd726fde01c2dc7a4a13ff680ca7ecc39b51fa0343731b5f69a1,1711,0,0,9.192455,1.4109025,-0.9976845,-6.2012863,-2.884873
1716,train_images/d8404680bba6.png,e1ec4760966ba84e0ffe89e6945e6ff441c887f12d2efb02dd8d5b1747b4a593,1716,2,3,-4.8963165,-4.141869,2.6997213,4.6098213,1.9136819
1717,train_images/1fddd7c98fd2.png,1217509efb49901c946b3ea88d81d0c5031ac4d53130f0d29994e9937852e7e5,1717,0,0,6.2603226,0.092268765,0.77467346,-6.0622787,-0.61797774
1727,train_images/4c78d9d18da9.png,40b5dc56a9efb51cfff4bd4c88229e29f4f88e5231263da8449fdbdea57c52fa,1727,2,1,-4.5298424,3.9635339,3.126956,-0.4164734,-1.905111
1730,train_images/6fb656d506b2.png,348aa93fe38489988e10693794494be979a8362ffcc29115f077d4fab296a69d,1730,3,2,-8.5289955,-1.2419815,4.39769,3.608715,1.8929268
1736,train_images/69591ebb198d.png,5f6dcd992065e5fed1ae13057cb87998922db2f3dc6208869e7e1fa75a740ed9,1736,2,1,-3.7905388,3.3276916,2.8114004,-3.103386,1.0192631
1743,train_images/a19507501b40.png,c3724e55e3bded8f0d026bfba59244d1e5adc25d1933ce0662d4dbaa24107a84,1743,2,2,-5.062748,1.6553941,3.5709782,-0.27692032,0.3206135
1744,train_images/4c3c1ed09771.png,905cc3253bfb260dc23c2ace8f80a70d41862dcbe93825a6e08d4c3456c629e6,1744,1,2,-3.1498146,2.8013322,3.014823,-3.038353,0.6285292
1757,train_images/87295c5fa1cc.png,8da2f351eaa9d57ea94c37c35df2e1bd549659d000a1f9ed1b11299064f89bca,1757,0,0,8.005646,2.590417,-1.0663586,-5.920578,-3.1438813
1758,train_images/44271f3cb18f.png,589cdb815099923709c97513f085192426bfc6e9d16e0f8e6d89cd069da6783c,1758,0,0,9.344292,1.7413912,-2.9122028,-3.659771,-4.011148
1765,train_images/a62e995f167c.png,6a4859bdb98fbf886a4e4dde9357ca2d45c177bb782ca1e5423a530b0e7c583f,1765,0,0,11.430557,0.13553756,-2.818491,-3.448326,-4.771624
1766,train_images/d6803e467592.png,56c4af667f1753c23017985a8e1f14d74c0b1acaf178cf415979c6b2e88fd422,1766,0,0,9.939663,2.0618968,-1.1766605,-7.1473083,-3.169097
1775,train_images/306c841af3fc.png,19e3abafcd91c8cd0cbce7526e2010a5d8a7587f3945f7a9f950ef8163a962da,1775,0,0,7.8941956,0.2677042,-1.2727528,-5.5205994,-0.883886
1777,train_images/b2748ac28fc1.png,721119ce290ec2c915acf3e04fff211cc08d52e66c33650bf0eb68621970f34f,1777,2,2,-6.7890778,1.8535154,2.4048767,1.6784935,1.0506668
1779,train_images/a2b995b81692.png,5f96c8778f2b3e454613483e24023072d808a7158672e8fe4abf74cb4945aa61,1779,0,0,6.152458,2.804815,-0.015235901,-5.5202446,-2.962554
1787,train_images/3580a545016d.png,0536c5915a3c9feeb2deb3933c0e6db18efe839c383412d04d7f9fa1aade5d78,1787,0,0,9.971901,0.81192696,-1.8210278,-5.4402733,-2.9862456
1788,train_images/87b671c6d4c5.png,82ae90e4785971407f9756c2b74c1b3bbf82493acfe30ff55e65efe1279e6edc,1788,0,0,9.253407,1.494488,-0.49996948,-7.5098076,-2.2664065
1800,train_images/0d0b8fc9ab5c.png,25b3bb51f7f93d68f635f5c1bf46b7945b8e0ba113a4bf9f1d239938afe20d95,1800,0,0,11.130249,0.027020037,-2.5297432,-3.8841667,-4.221867
1812,train_images/8114d6a160df.png,ff13b297e601f227f0c34e4dc85862ddb56b0771e977f227d6a13404fc9a1946,1812,1,1,-6.3586426,2.4344697,1.8345718,1.8257713,0.44203866
1814,train_images/ace2281f00c4.png,902f6e28e70591b8051e77d7ba6a193f9475192781e0821255d33aa6f7fa62d9,1814,0,0,9.502804,0.84553295,-1.5948715,-2.6890755,-5.5443587
1818,train_images/19b0e3c734f5.png,3006432532de0549cc93ef75defd344cd13500694f937e301e221f97a4c02bad,1818,0,0,8.433605,2.0736604,0.5656967,-6.9088173,-3.6622076
1821,train_images/523ff163211b.png,827afa17f7f5f67bd8058ee13c4b9f67965efc0fc59508ede5c3d62beee72142,1821,2,3,-6.2291756,0.64650893,1.4500427,3.9281807,0.39841568
1828,train_images/0eced86c9db8.png,ee19357d83226dcd3246bb5a6dc8f4f652ed610c1439ab34ba906f331bc1f6f1,1828,0,0,10.4724045,0.7949109,-2.6985493,-2.4662209,-5.5672507
1835,train_images/1e8c31e29dd3.png,05c92f4bc96fd65771975f8ca9202b934ca31fc81cd9e2859b9d4b7126ceef02,1835,0,0,9.2569275,2.5677707,-0.6253185,-7.456196,-3.2804651
1842,train_images/9be0683649ff.png,f28b57630fe9c29a29ee6daac9f4196543d459005eec62232f69075bff96e64b,1842,0,0,7.8345375,0.47904718,-2.0082436,-1.4089775,-4.4187455
1850,train_images/49c5e7f6b8d2.png,c4c689092c2b105d9d682a8463affad20ca4539120657802de4c6e431be5ebe8,1850,1,1,-3.528614,6.1103106,2.857417,-4.6538353,-0.55096066
1851,train_images/61c667663f2f.png,e8fc9ceb9e23078769d1bd775fc0365b87907136cca05c96e42df769497e3702,1851,0,0,8.421425,0.18097562,0.38077736,-6.6948624,-1.8119034
1858,train_images/a673193cd5a9.png,ebdef862426a25ebbf82f9b72c2a5afa673a3d22ad671cfcc24590f8cc008775,1858,0,0,6.671425,1.3529329,-0.066352844,-5.7636414,-1.7348496
1860,train_images/b6304c545f95.png,463490bde6419393c5850567e70871b17bce171d03588511cde83733f7c0336a,1860,2,2,-0.68078613,3.210289,4.293744,-5.6023903,-0.944734
1868,train_images/8bad12d70368.png,dbcc5e75430a8ade9480fddf097bbbb8980b6210cb20232bb28a4a2cbd758a4d,1868,4,4,-2.6797562,-0.8795602,-0.30443192,-1.6524963,5.6997128
1874,train_images/9878db94d9f3.png,f239d6c938a368c8d31060b13502e11a7ce615ed6d277a32e25b89857b6f6961,1874,3,3,-7.399338,-2.3620849,1.3421707,7.747944,0.8394853
1884,train_images/8e63fc4ab532.png,9479cf7f20790f64eefa6bf6c5b0d3c137303010d4789dfc382a461c86426020,1884,2,2,-5.54694,0.55065393,3.692068,-0.24080658,1.763687
1888,train_images/384db24ebbd7.png,8e6cf02803e7a327aa98f060b7b5e63c9fc9342f8cf50f37d20632258847adf8,1888,0,0,8.119614,-0.29315895,-0.5831299,-5.531475,-1.2472771
1889,train_images/ef7a4ed8d5d1.png,8db826d8b302ce358ed3eaab321ed6ac487f6065e895289c7786f6224dbd2ff6,1889,2,1,-4.953148,3.437063,3.2948198,-0.29659653,-1.2839514
1895,train_images/94ef1d14597f.png,f67eb147373245d2424e616d16ef233255f545d2a8d4282f1d38a78786ed307a,1895,4,2,-8.095417,-0.24137849,3.609476,2.8281593,2.0505188
1904,train_images/002c21358ce6.png,19a35479c6c134c7b930b7830b8fe8ac4ad489e809be322f1e37f2efadde0b57,1904,0,0,9.886116,1.8194308,-1.194746,-6.762352,-3.2446275
1910,train_images/13073f075a56.png,3735e21a91ff34f43489f78cc3941d88321b891a37a5e8105c28c9b6467957a8,1910,0,0,7.805771,2.319763,-0.79348755,-5.8839264,-2.9560728
1913,train_images/8ead17dfb6a6.png,dc83e663a4762d1f954c21438180a2563edcc8061585b2c2aa0d617ef0a5e8cd,1913,0,0,9.617195,0.4471336,-2.7595577,-2.2344666,-4.5842414
1914,train_images/17eb5d4ad740.png,50bf8fdedd0ae7f558c7fc5fb81cd87986cda4429ac0da206fe6def2bf13bc1e,1914,2,2,-8.588226,-3.09574,5.0218296,4.13612,2.6178262
1921,train_images/84e8c62165b5.png,0ebccb28d7e5ce6b99d1c9e3980ae26993c9d2b7de2ad240b93ed3b13b5cfdf6,1921,2,4,-6.9626694,-2.7712157,2.188736,3.6994133,3.9731526
1923,train_images/67ed8cc78b97.png,26fbe7605d68568cd74631642e476b80e2ac5a644d55b711398007c7386aebde,1923,0,0,8.776199,0.5286914,-2.5228882,-1.8441734,-4.466214
1926,train_images/58f07741ee3b.png,3c414c082946973412e6e8dde6cac886c9f816c2dbb99ddfa9ba1c744e0c0baa,1926,0,0,10.947441,0.09444624,-3.803564,-2.2228699,-4.5135317
1932,train_images/664b1f9a2087.png,43c464a9ae093b03899bc98fcd84894496f3784f896c0010d8556d2318c3da8f,1932,4,2,-9.177124,-2.8568048,5.3598394,3.6887321,3.0595803
1937,train_images/fa0c87bd75ce.png,1c6b58ddaf11c59099e449a3814f5a1a190f99443c5b1d5fc45b9580fbd788ee,1937,0,0,5.3492737,1.3081596,1.094574,-6.490803,-0.8031117
1940,train_images/ad6b07d5c338.png,a7ea9a6c5469edb0341a8b7f19e51608c799edca6777093410f649390b58278f,1940,0,0,9.611385,0.67836463,-1.6445866,-3.271473,-4.8601346
1943,train_images/ffd97f8cd5aa.png,5fab288211fa5b5b150fd86695ade8dede06d01c608e961e6f1d996c2f1ad9a9,1943,0,0,9.725124,1.7957466,-0.934124,-6.5077934,-3.5728178
1952,train_images/ffa47f6a7bf4.png,aac6e7298320856fae069699ca9c9359060c1bee32db4c88150d49901ef75c63,1952,2,4,-6.0501976,-1.2207513,2.614007,1.8636131,2.9927049
1957,train_images/02358b47ea89.png,987fc6b9d1f930be38f3ac35d9e34b5e7273f22d0a1852e5f0660451965fe3ee,1957,0,0,6.553749,2.064629,-0.8130684,-4.567875,-2.7435021
1962,train_images/393fa5a023a5.png,aba863cf732285ed85a92694cc5b57c5446d4b1078dfb25e6945e844ecd313ad,1962,0,0,9.438194,1.9313984,-0.5429325,-7.0106316,-3.3205576
1966,train_images/0ad7f631dedb.png,1259bc68e33fe7fcdb2bbc059e9e2cdc213d58ec2e38595e07a6525168346ff2,1966,1,1,-4.29311,4.311734,2.7247772,-2.4778671,-0.040630817
1967,train_images/702de9dcde32.png,020f8b19029b2ea137e0a35a49f0f82b393c3241b85f19a2a538fd48943ca127,1967,4,4,-6.0568924,-0.47342587,-0.16240883,2.9864235,3.8400838
1969,train_images/b72f59b85f7c.png,964e8574788535c79dded46f053533e2b196f5cf297859311ad217761ebab736,1969,0,0,10.134602,0.9689384,-2.9421234,-2.8001556,-4.817615
1978,train_images/c1819db0aece.png,25b3220e6c6822d97beef3e18d435d0c3c3201a15081303cb030140199a9ee7d,1978,0,0,9.156006,1.8718116,-1.5533237,-6.3126373,-2.6720634
1986,train_images/75a071608ea6.png,cd24dbd034f687a913a771b0009a0f7466514164deb2a8738ea15ca246710b21,1986,0,0,9.476425,2.7508414,-1.4090729,-6.317932,-3.9884877
1991,train_images/e12d41e7b221.png,49496258c2673cdcb7123f16954ebed4c67f461db2032824e11e8d637a66f73b,1367,2,1,-4.343151,3.628915,3.5586443,-1.1763725,-1.4600743
1995,train_images/d26bb2ed6e71.png,94471e503c2e1af50041a17ac165fc93d0f6721f0d946f701e9d778adb743ef2,1995,0,0,10.7880745,-0.46842092,-2.2727337,-3.0790825,-4.4585233
1997,train_images/8ceff4c4c860.png,5b8d1285749230c49cf91daf12e332eeeb20976e9cfaeed809aa4f8ee077fec1,1997,0,0,9.794701,1.9138277,-1.8698292,-6.113495,-3.2025661
2003,train_images/98441214557f.png,4822064624b73b48fd0e423aa750a03965337986d0b9d8fe8db4c996aad52942,2003,0,0,8.797562,3.1293275,-0.92261887,-6.844391,-3.651947
2011,train_images/8b26d3cd61e8.png,2e9a60d5cee36708b77c79ce21ae0866594f6c701c187cbf356131431481bee9,2011,2,2,-7.857998,-1.752681,4.881317,2.7658958,2.060066
2013,train_images/80d24897669f.png,d65627c6f3f09ba99b4c1a4780bea37c77b628122177db50d39e7b5e110598a0,2013,1,1,1.1072083,6.7952523,-0.22439003,-6.702877,-0.62792075
2021,train_images/a28bfb772f50.png,8f564f846df28dd6953dee41084f45382f1e9a2e2f378a74e1dd6a3a960e67b1,2021,1,2,-5.6618004,2.381605,5.8271503,-5.339485,2.9947848
2027,train_images/fd4c946c52bf.png,295f96011c35f19b54a52c6a09f0ba0c1ce66cf6b4dcc941a9e5c3420d9b3fa7,2027,0,0,7.3226357,1.2334836,-1.422802,-2.9826927,-3.681244
2031,train_images/b2b7ccd34cbd.png,b2ccfdcaa27b66c4f11c43cc6329876c93fa223d1c0f255444c52e04760a2411,2031,0,0,9.379528,2.0538328,-0.29743195,-8.202095,-2.4293585
2036,train_images/c3acf47700ea.png,1fa95f744df279c0ecbb926ab92f84673e92847e4ca87e1184da1d2ba2d83856,2036,2,2,-5.2813644,-1.185353,3.3619175,2.2727013,1.0133606
2038,train_images/2bb063318cf1.png,f75890ccfed2e755d781ada00a11edb74eae08639c1910ec89037920b0fb7b5b,2038,3,2,-4.165062,-0.34949744,3.1419678,0.7658653,0.8260871
2050,train_images/6d9effbcde78.png,51b080a7ab6850de94af1163fe3774a4cf71e1884fe4e677b0551f3e5d85dc92,2050,0,0,7.68573,0.108137846,-0.34192085,-7.633499,0.63188183
2056,train_images/a9bc2f892cb3.png,f89ab6d52043364d60074f44044f49a61dbe894200ffb2dfc7d9de30ee6f4398,2056,0,0,7.232662,1.4415052,-0.29462624,-5.537281,-2.34759
2059,train_images/f460608cf4cc.png,76129728c9a1c5335f9aece49c585d92e04b11335a85d011b2be9e4fe4b603fc,2059,2,2,-1.5977631,1.9430394,3.568018,-3.6110802,-0.008558154
2063,train_images/27f82ada84ac.png,1b8084d8f3950d9bdf8372e8d8ea1c5e15587e89843c8f64bfcdc9d910272e98,2063,0,0,6.1764297,-1.0791113,-0.42795563,-3.7892647,-0.38831747
2068,train_images/f3a4751af42e.png,b9833f073ea7b0e036f32497d0117c4deb510f6920791a9182295a8f07b5ec9a,2068,0,0,6.9838943,2.3638053,0.7391491,-6.857544,-2.7750182
2072,train_images/3f73c91b7e32.png,83a68ad4ce8f02e60a27a16943ea5a01700d1f4d8fff2c6881178b964bf5108b,2072,1,1,-1.3385124,4.1879015,1.926506,-5.5354424,1.0101627
2080,train_images/fe674c2f73f5.png,89546718df8dd28d4e2b0b850c0a582573a05476228a9a13a6e9996464040ca7,2080,1,1,2.1512566,6.078608,0.15804863,-6.803734,-1.2044448
2085,train_images/95a4cc805c7b.png,88b2d3efe4797c4f63f40c817220bdda8a4d3aac06c7bdfe87e13323ca354ec0,2085,1,2,-1.1075134,-0.3958307,1.9956169,-0.27540588,0.044168353
2093,train_images/97c6cb55866d.png,5455cce42312d359a91b5b994d19893928ae879c3ff382caa591aa467146f39e,2093,0,0,4.0242767,3.110112,-0.9564724,-6.307995,0.55237734
2095,train_images/eabc7c716255.png,9e47b9b6d99c49c629c25369f661b33b07d4333c905360452d81b08257ac47bd,2095,0,0,6.193344,0.41597205,0.30227852,-4.7790375,-1.6508259
2097,train_images/f431f2e119d7.png,044a2113a70f8edbc7d55bfbe845c4b4b5ad9e7dc926ef9919c83a5486f8b15f,2097,0,0,9.990574,0.98902464,-1.5795021,-3.5766373,-5.3072996
2101,train_images/dd19428c3d29.png,ed1fbe73fd68998e1b18ea926b7cfc51ee06aaef47e42134433cd94d51949c60,2101,1,1,-1.5501251,4.3071785,1.6855698,-3.7255325,-0.42717206
2110,train_images/103f97a2ab15.png,c6146d29803d459fb796b32ec9187f706cb8ddf1a0855b7f1c030417d39a7283,2110,0,0,4.836628,1.9948056,0.13722801,-4.861103,-1.6551617
2111,train_images/57a5e4274275.png,1c946d4a1e1927295c4531839886b26178d64784f03dafa3801e5709df0cc885,2111,0,0,10.604015,0.3060903,-2.528782,-2.5528755,-5.3078384
2122,train_images/b05922e7abd3.png,4d18d6148992183c4066e289e08e92b01707e4cc26213e824c504f6bcb2d15b2,2122,0,0,10.042137,0.7713955,-0.8534317,-7.162819,-2.2934685
2123,train_images/09eeafa9656a.png,b4af797136e47dc2f9ebcf222a5601f46c5eb100658aee7e02ff27325769618e,2123,2,2,-5.6748657,-0.3156957,5.18583,-0.7528,1.7493485
2127,train_images/c6229222bf22.png,75df8d0215f2a2c8ab3d5b18ab12f45d413ce6d2dce9f710dd09f165f26c70be,2127,0,0,7.413677,2.0869722,-1.3484459,-4.3534966,-3.3333416
2135,train_images/2a3378bcfbcc.png,a4105fa5521fc23ce58fc3140639299dd5a396e09067b100c431ddf63f210005,2135,2,2,-5.5364113,2.2302637,2.5172825,-0.12850189,1.059869
2139,train_images/5b32ece9c627.png,5d8056f056c18dc0c7aaeb73cfa9e0695cf695d093bf74d7d239f0ae26721976,2139,0,0,8.371803,2.2800996,-1.3141098,-5.206791,-3.6465054
2143,train_images/ca0f1a17c8e5.png,f4d2af495393fd2a22afa0a58aa9da184ef390022516e66591e170af408947a4,2143,2,2,-6.3851585,-0.92972857,4.044161,1.0587654,2.3939495
2154,train_images/11b5c77fbf79.png,4b16242707b07194bbe49d4a4768ed1fb84c1b9117c5d9377c8961087b79af43,2154,2,2,-3.2295876,1.4209692,5.0922184,-2.3678322,-0.70784557
2157,train_images/ad312ca98202.png,7c254d84e69d48defae066fa9523af7f8dfbf585775b4a930d92a941c1270b49,2157,0,0,8.340553,2.2065094,-1.2844467,-5.4464264,-3.321309
2166,train_images/54dc6e8107cd.png,3c12589e093b75b7161ac484792bed814f8df235346785cff48e14278ff38a95,2166,2,2,-5.076809,2.93281,3.6836672,-1.6653252,0.24785817
2171,train_images/31cb39681f6a.png,6720ed23eb04f4efb7449d6f3e08a52edffb04bfe7493aa3696a291334110469,2171,1,1,-0.78824615,3.8554056,3.271453,-5.3335266,-0.6594182
2178,train_images/e12b67835e03.png,c0bb0805bdd6e18808d782623cb729f23f30422a5d94ed647d1177cff0f0bdbb,2178,2,2,-2.2060966,-2.5291054,2.6301432,0.06534958,2.2568243
2182,train_images/cb2201c226d6.png,decbb24fdcdbc23dadec1d4ac06e21108a79a7faaaa04915e28b9ebbe0304790,2182,0,0,8.006786,2.4961505,-0.96017265,-6.188389,-2.8617668
2185,train_images/7c3747c0b2c3.png,badb79c0dd7598be0628c9ca6d441d237844d9b9c474ea57c1ddd5a72c044123,2185,0,0,9.453163,0.4336595,-2.4279728,-1.610733,-5.3365054
2188,train_images/f4874247ede6.png,35e7e24536ff100df1ab099c327517d0ba2721deaf2c334480683cb751f31396,2188,0,0,10.9564705,0.92810035,-2.4531918,-2.6369095,-6.2452483
2194,train_images/6e44f6d04fc9.png,52197583d1aa419f22f2d87e8aaf8802b325e4092571e7a64fc3cd345c6ca53a,2194,0,0,9.635754,1.9354453,-1.5629005,-5.5234833,-3.9512725
2202,train_images/1b398c0494d1.png,6e14afb6c1f609c78b8030f667d7024279a41536275b4169444342e0891ce65b,2202,0,0,9.21014,2.857317,-1.7208405,-6.037075,-3.78229
2204,train_images/cf1b9d26d38d.png,a1e0478a9b65d2d91842d1f494a853c0c28f8bc63b52af3c1ed8aa6405746ab9,2204,4,4,-7.8070564,-2.9364436,-0.16015434,4.473873,6.5750685
2211,train_images/85cbb84ac8e0.png,7a654dd56084e359bf818e32b8216bd7a19d396229f80743efa279da5e61b062,2211,4,2,-6.1807137,1.2343206,2.9170551,2.6078072,-0.41889203
2214,train_images/8693ab1fd2be.png,c3080a87587559339d8f40801b6031a677b92e929e586b75ae49f3bc3c69876c,2214,0,0,6.687046,0.61287034,-1.154871,-4.439148,-1.2401801
2220,train_images/9ed6c2b25767.png,5ef93ba1b77f0e1f18f09ce94de703b4cc3ada644297de44574f6fac09a76afc,2220,0,0,6.892353,3.2982705,-0.8535671,-6.526005,-2.3114147
2227,train_images/8f14bca04b47.png,3219b2ca1196acbba82e4e2bee7cbca0a778b8ddc76e84e0055cd4aae1f638c2,2227,0,0,13.047199,-1.788733,-3.4473705,-2.1307144,-5.1403556
2238,train_images/ecad6845f630.png,a742c29da9862837f98689b0766411a79626cdbe656b0877a6f595a213264bee,2238,0,0,9.138771,-2.1205535,-0.88601494,-5.7602882,0.15350318
2239,train_images/8aab201c0691.png,1ab3b048234ff5417ad05b286feee6d98468f7105ac54ea8587a3f185c8e87ee,2239,2,2,-8.43726,-0.5990767,4.897066,0.95903397,3.3129187
2244,train_images/0851d6a69589.png,b0a04d01c7bab87782ce46424a1e36380d15e722723e5fb23321c928d5ed33e2,2244,0,0,5.890644,2.4755056,-0.73218155,-4.676792,-2.5149617
2251,train_images/3f3de2a6b0f5.png,755ccaca15c375e02b7b9b2b787c29b21110faffc61bfd562f12d651c92ef85a,2251,2,2,-6.3274918,-0.05377996,3.6152353,3.0393257,-0.107237816
2256,train_images/2408799a09b2.png,205357ed43ed45c11c9c7f51a5fce039bd447deb6a4372bfebaef50a556266ca,2256,0,0,9.138584,1.9962375,-0.7024021,-6.665985,-3.2514644
2257,train_images/37de05ef12a5.png,469af910390879acc7a6e62166383fa090bf12ede82207d226e295f09617c9c1,2257,2,2,-8.621223,-2.813509,4.502919,3.731121,3.2772539
2262,train_images/4e43d05cc2ef.png,34d09fceb9ef8f2320f60f074bdde7ee040c7e937d9de27067aef454b1d1d729,2262,2,2,-7.752178,2.7630227,3.4900446,1.5316887,0.07692301
2268,train_images/c6916bc42016.png,c8b2692db0a292496e952508a6dc416342fb84b9a06c6b5600c53a9b9a77ff14,2268,0,0,7.815117,2.7321887,-0.093351364,-6.576195,-3.4230728
2274,train_images/2974c6ad1d58.png,e57746139045bda6beecdb616d55a8d7e4615b3947f0ba839195124ed495905f,2274,0,0,8.906929,1.8415282,-1.2752476,-5.2217293,-3.737153
2280,train_images/f9e779a13204.png,dcecef2b81468491c71f977ffacd41998578840219ec2835b14cce294a88bdd9,2280,2,1,-5.829712,3.6804497,3.254712,-0.710392,-0.19685519
2288,train_images/eeb231c3ef1f.png,0ed5cb8c0442e57dca97a6eae4abfd3d255efce03261e9bad44a721c5b611cda,2288,1,1,-3.0212212,6.1125045,2.8234415,-3.8574257,-1.7687241
2295,train_images/697538183db5.png,e45240fe68a5931744f94d871401991b4cfe5b4e0f243c24461905c489f86068,2295,3,3,-5.2868767,-2.969134,-0.072366714,5.54665,2.983296
2297,train_images/3a1d3ce00f0c.png,c3724e55e3bded8f0d026bfba59244d1e5adc25d1933ce0662d4dbaa24107a84,1743,2,2,-5.062748,1.6553941,3.5709782,-0.27692032,0.3206135
2300,train_images/bffca6eeb2bf.png,60173215d69734bec8059d293f226d1877083c79717182caf0a3a7a25b8c28a4,2300,0,0,10.120567,2.8546436,-2.8923626,-5.838333,-3.7246923
2309,train_images/aa6673241154.png,94a41a6a1d36b53a3f0df07676a79e3b40ce52365ffd86074b30c84ae94a2de0,2309,4,4,-4.572338,-1.0084336,-2.5501003,2.5550346,5.6978564
2314,train_images/3e1f8fecb06f.png,5f1965411c85f0bfd5edc02b2b65d562e16e9cb47d7c5abca9df70a1bea5ef15,2314,2,2,-7.2627335,-1.1454926,4.150738,3.8240013,0.6182307
2319,train_images/8421107255ae.png,32728c32ecb760b3160f5e31a19ff8ea9712f9498240e0140eb68beb34f76deb,2319,2,2,-6.2836037,-0.63967603,4.2493668,-0.8830223,3.7155108
2321,train_images/17e6116b89b3.png,d9325cdb508b69c70b4b54d5718359f3b82b4302f3701d47d5e8a986de4077ec,2321,0,0,8.203629,1.4409559,-0.69146156,-5.0616455,-3.4057026
2324,train_images/1891698febce.png,a4ceb173868947dc1d07cb9fed71834c276be9512542c1ff9261411091fd9efd,2324,0,0,6.566761,1.9699647,-1.1840267,-4.82399,-2.0467281
2329,train_images/84b472c49cfa.png,6632239cb855a2dfdcc71ded22392cc4616ad8bb4aa67d04ddf9780e20370698,2329,0,0,7.9065895,1.720895,-0.69270325,-5.4830055,-2.952114
2333,train_images/58c12863f33d.png,54339e45db9c8694cd96a435dba92cb1c25086b48761c75dbe6376467fd75988,2333,0,0,9.731796,2.696167,-0.57040405,-7.504223,-3.827043
2338,train_images/ed246ae1ed08.png,3ada0af8ea9fe7aba43df53b9656c747e87a4867aa966cc47007b3d11f19c4aa,2338,4,4,-4.440399,0.5910072,-0.2266922,0.9467125,3.285777
2345,train_images/840a06a9c690.png,adcdc8279c0f3327bf9e68cda2bc1cb30e17ca8718f66c67bcca164a1fd6ffbc,2345,0,0,9.072884,1.8153188,-0.90055084,-6.1725273,-3.3153224
2351,train_images/f583a722434c.png,591b33bdecd929e8b59975ecd783d6fe7e7bcba6e13c2b020594dda58e0973ee,2351,2,2,0.14789963,2.490515,3.316227,-4.104492,-1.4844955
2358,train_images/6e68e742f5bc.png,c48386ee75dcbf73d6ed60039a56bb8af3a584f0c20faf3f493f22a3720bb5a4,2358,2,2,-3.777359,2.846434,3.3450384,-2.9644318,0.7901708
2362,train_images/a8652b2de23f.png,f5ce43f82c310c8a40113672085ca4f04e95681b13ffd56f7db7a87d5a8f9af6,2362,2,2,-6.47929,0.37755919,2.8440027,1.6262169,1.7639021
2363,train_images/64678182d8a8.png,4f4b0f2a1a4ca38b19fb43e298a4a561689e0fe534ff194aae4abb394d30e75a,1356,1,1,-0.56695557,5.99746,0.74933624,-4.3589783,-1.5121356
2366,train_images/5a03fe3ed15c.png,df455a9ceb336871db162c6cdd92bf62f48dc49d40a8138840147cb6dbb564c2,2366,2,1,-4.890938,2.9693766,2.8906603,-1.8674049,1.0656575
2369,train_images/81704925f759.png,63d9cc26aafd41b32729e0a3f89e0fa787aa3c828d0cdfe87572e0f45bb68cec,2369,0,0,10.004608,-0.34272307,-2.626768,-2.3841743,-4.153469
2375,train_images/9d62478042b6.png,6a41c43974877d5cbe515686e99aea79e7b304a67cc7fec5c4893e28006f3b2b,2375,0,0,4.7830315,1.3872675,-0.43609428,-2.6885872,-2.584805
2378,train_images/2dc647e00ad3.png,25293defec6458c66482eb7ef9330f9be972ad645d394a8ebfe09fba88dc49f9,2378,0,0,8.46022,-0.09762776,-0.26296806,-5.0480957,-2.5443735
2385,train_images/a0cd7bffdaa0.png,d0623490035ab4d4c6502ce809348315b060bd5d463dcbb8827ecbbff065e008,2385,4,4,-0.19504929,-5.7556353,0.76444817,0.22426224,5.1664114
2394,train_images/e6a6acf7fca1.png,15333cc512e4e1c699a7db82fb7cd9eab334b31272a66598a542af3c9e09b82b,2394,2,2,-2.1142006,2.3562717,4.027281,-4.8208084,0.8115941
2397,train_images/19722bff5a09.png,cd834e9d9e273765341d800ec2865100caac308e80d9f16c66e4f57892b2ca71,428,1,1,-0.042354584,4.8641214,0.90242004,-3.64637,-1.7388736
2399,train_images/fea14b3d44b0.png,d65627c6f3f09ba99b4c1a4780bea37c77b628122177db50d39e7b5e110598a0,2013,1,1,1.1072083,6.7952523,-0.22439003,-6.702877,-0.62792075
2403,train_images/239f2c348ea4.png,6d0b2dec3318f8aaaf26b229f197aefa1a58a510f3dc7fb08d11ddd7a134bf7e,2403,2,2,-4.50663,0.8036148,6.8237286,-2.5057335,-0.43797457
2404,train_images/aa9b8f05f4bf.png,3d89109eb8e309696912d7b104cba35af14f1a0a6867ef375841f9cfe9c07365,2404,2,2,-5.275528,2.9620123,3.352068,-0.36896133,-0.44422114
2410,train_images/a8c54e2a4b79.png,8b4df0af4c8b77a45d51397aee4b8a593f3290788b70539b3d33f3e32cf781b2,2410,1,1,0.3246498,3.8700345,2.4022636,-4.5375366,-1.7143437
2411,train_images/cd5714db652d.png,a2f68e56ae05b2117296a5cc58f9bf612340a565071afc1733597c64c579764c,2411,1,1,-3.6024857,5.8687844,2.9264717,-4.086128,-0.8698703
2419,train_images/1c9521878baf.png,a2e71355dbd8bc944b5907cafd9a54e408fec21d3852b450fde52135a32e29f1,2419,3,3,-10.736393,-4.5215154,4.516489,7.6191597,3.142169
2427,train_images/28a4d00927b7.png,38bf2f0c2b4c7e126b8ee91107a5387e747a478e4effe6733bffccea72590b01,2427,2,2,-3.0279045,-0.2769065,3.274087,0.38199997,-0.10655248
2428,train_images/d6f36ec5564a.png,1b35acc047ad7ee3123cc57538b7ee8a2db6f322e5c92ef7827f229e240b0568,2428,0,0,8.816097,1.398829,-2.134985,-2.873352,-4.7180347
2432,train_images/436e1793d240.png,b214e876bded9ce0fa212fd6e000a6e7642aec89ee8a0fb8b3b00f3c3bc3ff27,2432,2,1,-1.896862,3.1440704,2.0932312,-3.3763924,0.34775794
2436,train_images/3428230bf1bd.png,57806a61b48897c1f48d9dc2615c910eb065763058b614c93ad4709175495e93,2436,2,3,-8.84264,-1.2272449,1.9813671,5.4636574,2.6938477
2443,train_images/aebe87a423c8.png,da7e8b8ae96fbabe15a80f9fa7e59aa67815e1e6eb071472604d74330bf9b111,2443,0,0,6.0195885,-0.9027243,-1.4151058,-0.15030289,-3.148334
2444,train_images/d66b6f333dc7.png,20de3d136126fe63ed950e3870ea228ca09b41439ab301c81cdd1160e71bdb87,2444,1,1,-0.28131866,4.5590687,2.2979622,-5.4665146,-0.7826575
2454,train_images/c21eb81de9fc.png,017d88ec9e3efcf2cbfe9ae830a4e02d67b75c6bb9a3d0b74c718a88377fb374,2454,0,0,10.751244,0.76182306,-2.6648407,-3.5577087,-4.755541
2459,train_images/4b422b48d0d4.png,63c47588cf8ab9732aa3265334cbd6da4156b706a447556c887d218887560879,2459,2,2,-5.9267883,-1.890866,3.3230934,2.5866356,2.00883
2460,train_images/6fe67482bfae.png,5b5171f706b04b025336ee41dab0c26eded642cab4ac7b4ceec25e68a159aa65,2460,4,4,-10.065456,-4.1742983,4.2523756,4.4275246,5.593596
2472,train_images/3c1efa38d0da.png,f2b6f61a22ac8bb5cd64fb3b18864c232fb04b0252ee2af7183808cb8e8704d8,2472,2,2,-4.1018867,0.1883868,3.8608513,-1.002861,1.2818294
2477,train_images/b60dbf9f0744.png,bb77791449ecbc32e85d19d1844e07baa11bcbf931cb755d75e958230f0e147b,2477,2,3,-5.9954185,0.8682959,2.5445614,2.5940971,0.11221278
2479,train_images/63363410389a.png,a4ce448d0b8f208c77342fd03bf5f39327e903103ab56123cb9f071532f455d6,2479,1,1,-0.7743149,4.4091296,1.0672169,-4.0260506,-0.36252987
2486,train_images/9ce46d400cd6.png,be953c25e11d4b0c0dcc50cbdbfba1093a67ee74a3e2c22b9f61ec4922500b5a,2486,0,0,8.488209,1.604661,-0.1208477,-6.886196,-2.6040158
2493,train_images/cfdbaef73a8b.png,561169c9c1b0711a13830aae198a39229f90b416eb65032b9b1ee09d13d91340,2493,0,0,8.010357,0.52755624,-1.670044,-4.9341545,-1.4514774
2499,train_images/a66c3165876f.png,608c8cb71b5ece8479bf7df45ce86a6da4fe00f87543b73d7532af1cf9a1d18d,2499,2,4,-6.9958076,0.22492397,1.6542187,2.125988,3.126882
2501,train_images/2585bbc91909.png,0b79f5a7acb94aac6f4aac4590fdc74673eb4c072484f7ae0b4240f5fd886370,2501,0,0,10.403557,0.20514482,-3.3268661,-3.0342903,-3.7264943
2508,train_images/1632c4311fc9.png,3bac7a949ac4807094cf5900b2355bb15ffa3c40fa8b97291c271ccf2cc4e383,1468,2,2,-5.8762245,2.281838,4.3650703,0.030857086,-0.60268795
2512,train_images/9f935fb38440.png,7f9493e9813c4c4dae992e2c16f48bc7a2da92837f148087c22e6abdfbc7f3a1,2512,0,0,11.2611885,-0.8536814,-2.917097,-2.5415306,-4.4259796
2517,train_images/b9b6ee2b9453.png,a415f02b4adb31bf9bb285863c379995bd90b590381acb68cbe500af6b83efda,2517,2,2,-7.618778,0.9115846,2.6446486,2.5220757,1.6563206
2519,train_images/c261b1aaa828.png,66de3f0c097c9795e4a2e32471075889298c569e1648fd3724c647ce3060f7c5,2519,2,1,-4.2227135,3.9277434,3.4672337,-2.9087029,-0.039303422
2523,train_images/200d947f75db.png,dfa9edd68c177e1c01475c0aef6235227e63424f85ad9d126cef6ffc3a37f53e,2523,1,1,0.067733765,3.4264987,1.4928932,-5.1491776,0.46601713
2529,train_images/8860c7b11530.png,1a456d67e740a237922b033fbc7c65a69fee983f34be3312ac1809a2eef55a8b,2529,2,2,-3.1746979,4.0845165,5.0527782,-4.442234,-1.2605492
2531,train_images/2b4c7b5f1f1e.png,5b8e66ede5d4ab0dad33eda6eb60b2a9f58f23d9acbe33906d2cc0e4475490c6,2531,0,0,7.0735817,0.51673204,0.20609093,-5.2763443,-2.0578814
2537,train_images/9a326446c431.png,e8a77d5f3521519170cbaeb003ccc9fbd1795bab603694681ea043b78aa1ad03,2537,0,0,6.4861107,2.217643,-2.0755672,-4.025055,-2.1201844
2545,train_images/5dd2e26fc244.png,c6cea3805d55210517aa6bf8ce190c07398be9428c7203d3774b84706457d24a,2545,4,4,1.6096382,-5.989153,-1.7932014,0.805027,5.61611
2548,train_images/9e2058917304.png,4b8a59b71b8d087b0f450613540c8c30504d715c3a78948ad42eeef8eacb4064,2548,0,0,6.941601,1.7424917,0.47504997,-5.7527275,-2.9217982
2555,train_images/65dda202653d.png,253728345a76463870ed77867ddf5625a9eda0b07ba517459032a34816a0b789,2555,0,0,3.0627441,2.729277,2.0480385,-3.3624191,-4.0513988
2560,train_images/1d11794057ff.png,875b9cc2c34842670cf0fba00fe619af47cb2d04019e4a78249914e47594b6c6,2560,1,2,0.811676,1.0791378,1.6836395,-4.522579,1.2616391
2566,train_images/05b1bb2bdb81.png,acbe6fde938d31abc6fbdafe6138568cb6214d60f6085dd358d171c83dd57bf9,2566,0,0,7.3107033,1.1874802,-1.2692032,-4.398266,-2.3637562
2567,train_images/08b6e3240858.png,5c7f15572922effd7911fc8f8d8224db40a6e66076d7083e1cb37721d2d543ad,2567,0,0,6.0316925,3.1292207,1.2988739,-6.7484703,-3.2276769
2582,train_images/12ae44be0d38.png,5bc779204e7b6b0ccb4564943f030892f52cf9f631a1973a400572fe52c87cde,2582,0,0,6.279724,1.6217716,-0.5103111,-5.3891983,-1.5456516
2584,train_images/13d411c85ffd.png,1aeac068cc13f2fd28aa29cb9d94a5d20ce0994732899dac1c15b728153b2a0a,2584,0,0,7.9736786,1.5413399,-0.30472183,-6.338051,-2.3894148
2592,train_images/1a0dbc6c0cda.png,fef6206e619a8a22618394c7a4a6397092ed878aa82bb06308a492c71a75da81,2592,0,0,7.364708,0.6852909,0.49764824,-5.0163116,-3.0434904
2593,train_images/1da4a17c18c9.png,ff14591d5c5e253ac549ba6f7ddc522fee899e785cfbfc9e1fa3a7f71fb7a722,2593,0,0,10.6283455,2.3806262,-0.961792,-8.017654,-3.5093122
2594,train_images/1e036f2e7095.png,9a2ff11b2e3236856e387348ab688ca575923f3079a8c6f725d7984c5d554658,2594,0,0,8.703194,0.7008471,-1.4280663,-6.9738884,-0.54895294
2601,train_images/215d2b7c3fde.png,6457bb6a89ebfb9bd755fa8ff922963b741a0e39ccd985ae5478984adb5fbf50,2601,0,0,8.430424,0.55855584,-2.0741863,-6.2575035,-0.1714822
2610,train_images/2a4520f1f9a3.png,7abd11aa3292e93b884a63d89a216148e5b2a545c2a648efbb0e940b1c93df98,2610,0,0,10.352474,2.0281425,-1.4134007,-7.46896,-2.9826422
2615,train_images/3178559fbf57.png,7eb71f4df84a445098d12840fd16f3990e83ef999cb106458e02b0083cd2748b,2615,0,0,9.879875,1.495559,-0.282135,-8.69463,-1.8888165
2620,train_images/3823acc4e464.png,8bf9f1839db274e51cec26e7afd82af43c1b9041a1acabfad0043fe55616c1c4,2620,0,0,9.541801,0.11462492,-2.9865475,-1.4125786,-4.7393837
2622,train_images/3a4cfea0a766.png,0b47297e29310f6ad283e91271bbc99ef211b313fe057e41cf56eb7c265fb6ca,2622,0,0,9.7727165,1.7744355,-1.1345139,-6.7614937,-3.1359773
2627,train_images/3cdef7c591cc.png,9f12182ab555f07f2784899c652c1119b050eb68acbce8f9fcc2e45cce6c29d2,2627,0,0,11.265911,1.2908432,-2.7911777,-3.5158157,-5.693401
2628,train_images/401fdfd0db07.png,d9284b57929e9b2bad38a3d6b995e04fb6158c008b9b591a1f4fce8090770f84,2628,0,0,8.370003,0.7706365,-0.28646278,-6.487919,-1.8727952
2636,train_images/44976c3b11a6.png,b36397166d3c79fdede42cd4230f5721e8f22ca7463d4650018c845dc06d88d4,2636,0,0,5.1720314,2.964824,-0.5992203,-6.464527,-0.6479231
2640,train_images/4a589edaea60.png,87020c4e71cdbeb734a36dfbae1c403594c4209a89a2a8a0ba52b55a5ad588bf,2640,0,0,6.281082,0.7097001,1.4219322,-4.6159286,-3.3443046
2643,train_images/4b6895d0cf8d.png,9d305607fc33bab56a1767d972e06a99d3570541d072ddfbc84f347d3e4f9a1b,2643,0,0,7.1136513,-0.19150543,-0.7557106,-4.2644844,-1.44124
2653,train_images/51af8a689511.png,70153b2a2dd39d932040b7553e4d7b7b73673c32590ed4de8f803391a9c3c66c,2653,0,0,7.8199463,1.7921798,-0.79460716,-5.4359055,-2.9005394
2659,train_images/57db4781e7ec.png,9eb739439eacb824c513288d9d48387b7067501200dd6b13b8b761475b71c358,2659,0,0,7.547554,1.4696362,-0.7469654,-5.9903946,-1.8382813
2660,train_images/57f5ad4b5b29.png,669c4127aecc9971e7a3cb805221cb458f9aab2605118c4430a5bd253bb633e0,2660,0,0,6.4721527,1.2012539,-0.13332176,-6.4192505,-0.6745051
2664,train_images/5c85d22bd0de.png,8b19bf39d57869002a28be21f5e650b7ca3cb6d794eeee7b53c42014fba6b131,2664,0,0,5.2360954,2.2502365,0.19905281,-5.0191307,-2.2450948
2671,train_images/65f5d2a6eb7e.png,e0160f064501b465846911c364ca44ade96556f4c1413e3465452b037af4aa47,2671,0,0,8.270119,1.8332498,-0.9167557,-5.4968452,-3.2064152
2678,train_images/6c00dd8bf708.png,a2c19e9093b95c5df9b050b02faab4772b20523cf0a8bba93ee8ab66b87c44a1,2678,0,0,8.530727,0.8781186,-0.12952042,-6.6946106,-2.07337
2684,train_images/6fe4751a3b42.png,8626188b81f811e6983d743c89723f92cef8b746676f9ec8125c28f903c7efb8,2684,0,0,7.7077103,2.6917593,-0.7110901,-6.227974,-2.9672847
2688,train_images/77e15f213b04.png,259eb33ed9b0a1924561c77561f486385ac2ea012a30bb58c25d8023db46d68d,2688,0,0,11.897165,-0.17256826,-2.5645485,-3.7136192,-4.920222
2692,train_images/7b9d519cbd66.png,66c321c10811c6b53c3be35f7a0db533c9bc6790bf965110ca339623a0dea47d,2692,0,0,8.197742,1.5561459,-0.6812496,-6.1059,-2.435058
2699,train_images/80f6b30ece8c.png,fbb85e6cc56570d9ad163d9939f6c0817f400fc8dff9ad910a79e9e0645ae8c3,2699,0,0,8.134426,-1.5749965,-1.8269653,-1.0138054,-3.260478
2702,train_images/8344c783da65.png,2a7971b8b9c287a0be694d5c36bfa31b2add43cc9334e61588508bdb4ad1e1f5,2702,0,0,7.496853,1.3134911,-0.7307224,-6.16053,-1.4536749
2708,train_images/898f0bc8acfa.png,dec272edc9f3bcb9b30abe6c591447dc805ebe4c6151b14b94157c2fbaaa1532,2708,0,0,11.244892,-0.7008348,-2.591198,-3.6648445,-3.7557225
2709,train_images/8a87dd2a784e.png,89975cfa2788d5eab78bac089ab3922ef484b9487fdb8f1f17f1aa455e0d6dc5,2709,0,0,11.992571,0.107681096,-2.8493748,-3.3718796,-5.3168135
2718,train_images/9287e57326d0.png,ebd485c08d7093f8ddc6ae79cba2454afdbf7c2b9cb2af99b8290fc5cdfdb6f2,2718,0,0,10.913006,0.13276917,-2.6490192,-2.4758377,-5.3999686
2725,train_images/99c6a123ed6a.png,761661be6de5fa02400c98ebff47e4e7cd43d6a044b1dafa992ff18c1b9f981f,2725,0,0,10.423721,0.3922904,-1.2974701,-6.348572,-2.678844
2730,train_images/a1e236fbc863.png,aa4d054a5963bf9390478b7757d332c9f8a09f39a9f7592f070913a75bd3b231,2730,0,0,6.873043,1.8425024,-1.7328472,-5.08284,-1.431655
2737,train_images/a6356a3c5d11.png,4d6f2a1fbcbd5972cf1dfebbec69519e968328b17c3ad2a4c79fad840314ec5b,2737,0,0,7.4463463,2.1514635,-1.4007969,-5.3228226,-2.3730984
2738,train_images/a73d012c4c38.png,5b1d6b3ad48761f4ecae6511c0946f87eeea48609d727f285251b17894eb9ea2,2738,0,0,8.743248,0.31039327,-0.68344116,-5.9149857,-1.9563895
2743,train_images/a987aa7aac37.png,f6354bef853f57f25ba50f58c538a34e74a036cc413c7ca78ab0f59b1fb583ab,2743,0,0,8.618874,1.7263191,-1.183527,-5.34264,-3.308599
2750,train_images/ae58ccb5905e.png,cfdd3bf814f3a7727d113e4ea067194a26f36fa05232611993eab7cd320d1261,2750,0,0,8.467754,2.1969738,-0.6537647,-6.9214973,-2.6021857
2758,train_images/b8dab47a260e.png,7684b479770aca495ede95decd33772a4f1fd445124e2e65bcbd24cc00670c9a,2758,0,0,9.996082,2.499977,-0.9220009,-7.2013893,-3.8539224
2760,train_images/b9bc81fcb075.png,17501277b038feb10ca285927ffbce786c1bfb9c91f99db8307d6d8ab6c69226,2760,0,0,8.816875,2.794041,-1.0379467,-7.3599663,-2.7069793
2766,train_images/bf7b4eae7ad0.png,8581d9c8f275c67037ab0f3b537eb01a6385c9bba7da1e7bf46950ef5c3a3346,2766,0,0,9.655926,2.5647457,-1.1192627,-6.951187,-3.6338725
2773,train_images/c3b15bf9b4bc.png,42d1a892a02970423da1b70f78abb3a58f2610bcb2cac6efdf6cc5d6104e3470,2773,0,0,12.729801,0.470483,-1.7440586,-6.0345,-4.8747087
2777,train_images/c62cef02efa2.png,742c9f2ee6fff4a007561c3cdeffac1694fefad087e5efb33932cbec6a5c3153,2777,0,0,9.987473,2.213912,-0.9514713,-7.2478714,-3.470634
2778,train_images/c7c3d363bc86.png,b1a64598ec55d9e0e16280e6c265499b7c3b619b2c5beced2eca34d4ccd7012c,2778,0,0,7.390911,1.1971434,-2.2420006,-6.389778,0.5000396
2783,train_images/cd563556cb57.png,d2e9bf7c5e2701313e30a6ff8387c4162e0c07f2a575a0d7cf481d88d0c9d73d,2783,0,0,6.515438,1.2413894,-0.11149979,-4.5029144,-2.690074
2792,train_images/d7e5fe5245e0.png,31b08868955755cbae36dc6bc550617e272cbabc444f1fd092799ca3fc3111e3,2792,0,1,-0.16523361,5.818298,0.36756516,-5.7056656,0.02893424
2797,train_images/daff5427c9b2.png,392c9a2d351428d54ef913ab29e45947334422b15bbbf519fcf2e1b8a6024d5d,2797,0,0,11.967922,-0.9566334,-2.4377823,-3.9904556,-4.05036
2803,train_images/e26bcae6c67b.png,b564efae07eca5f773d3c5dc8d7c8da8dae109c1c6ab90c7f81bb7bd7cbdedf6,2803,0,0,5.467499,1.1996703,-1.0939636,-3.0414886,-2.0595102
2809,train_images/e893e86dde94.png,b38ea174f9dd04ef911461a0b6bc622cc1a2248eb10ff327226366da7129172b,2809,0,0,5.8917274,0.38292515,-1.0282993,-3.3457146,-1.4651419
2815,train_images/eda29a9d78f3.png,233e08243fb20c5ecfef51915acf958772e1a1857b7050355384fec451fcce6f,2815,0,0,8.651051,2.2156174,-0.24683952,-6.644245,-3.4714394
2816,train_images/ee77763a6afb.png,bbbc15d0fc7f6ca2920fc094c41c7fc16a0fbe0270a4b3e6019fc2c30770e74f,2816,0,0,10.320045,1.0212238,-2.7466278,-3.0258446,-5.0397525
2818,train_images/f0a2dc580009.png,ba40f94225e7876cf63673be879fea75b41e72f66b72bc15849b64a774fabb80,2818,0,0,10.734276,0.48284906,-2.6571941,-3.1026459,-4.9371767
2820,train_images/f56ff0440ed1.png,ccf0ff1ed73d0dcbbd5f194a248f2909b5786f083a304ab9c60300a311bb0a3c,2820,0,0,5.6880264,0.3185163,0.28058052,-4.2271767,-1.6234924
2826,train_images/f994a3b07935.png,7290825249ef78aa58f4607346db4a1114169580ffd6adc502afda3a60ea3553,2826,0,0,9.187847,1.6340837,-0.44917488,-7.270733,-2.6019702
2836,train_images/101b9ebfc720.png,9b329ff048205ab48bf0b1c21ab9cd4e245ec75aa33066c8205dece0b2dcccc6,2836,1,1,-0.28402328,6.689372,1.8101101,-6.514019,-1.3820854
2838,train_images/1b329a127307.png,3c15988e1644dc88a46478ec2c2fded15f38c9c11d0e7dcd548d328205c3bc31,2838,1,1,-1.6572189,2.4269114,1.4551182,-2.8547363,0.9137745
2844,train_images/274f5029189b.png,ec3308cee508323eb2fc2a7197f724baddf767d1f0f43284aaacfcfb9bb44eed,2844,1,1,-0.8683586,3.751867,1.7321968,-3.3029137,-1.0254048
2853,train_images/4e6071b73120.png,2f6237cb5f663e24a149e44a329511c06115b7e517bd5e8dce180e4d2585d56e,2853,1,1,-1.1443634,3.4501998,1.2695904,-1.9585915,-1.3140973
2857,train_images/5b068765e846.png,89fe53f94c80ca0deefa016301e9f0053a49f536b87dca80b1e3fde712c6f97c,2857,1,1,1.7226715,5.2913284,0.76719856,-5.390606,-1.992678
2859,train_images/6165081b9021.png,4d811f303a66afd2315e0860722112a13ae69203166d09e45ab2545b32a8bfa3,148,1,1,1.503273,5.2040334,-0.19796562,-6.32687,0.1296643
2867,train_images/8a25a080f28f.png,814cd160ad8823ee1a18aeb1357db840786f8c310b7f684a695cbeab61c6aa43,2867,1,2,-5.6659355,-1.9012263,4.1049347,0.4897499,3.131096
2874,train_images/bd269a1f0e4d.png,cb6dc8da2ad50e10ffe27de0e17a1dace50b79693b2b3740cb88f390d757dbf0,2874,1,1,-1.4720268,4.393424,2.2807407,-4.993637,0.11503577
2876,train_images/ca63fe4f4b52.png,7b8f0a33df981332db20fb5520b1ee2ce177f4a937c7706d76261106d9f1a1dc,2876,1,1,-0.85017395,5.225779,0.13790894,-5.2398987,1.0258691
2882,train_images/dbd062558b81.png,96d4fa56e1bf2998973525ba1b0b5603c9be923c33b22253ad0018defa284410,2882,1,1,-1.7666893,4.2905855,3.6298227,-5.285782,-0.5592357
2891,train_images/094858f005ab.png,349eb9799526ad094c321854aaf6ad7bafa2d84befefcdd26d288e60c554c633,2891,2,1,-3.0953293,4.4863377,1.9273281,-3.466053,0.39289784
2895,train_images/0eff8eacb2f7.png,64b9c4a555d88521bd2b9e6fda1ddf0c2f4fae56cb697b97f595986354c50c5d,2895,2,2,-5.481579,2.3430426,2.7266283,0.9302101,-0.32844388
2898,train_images/1c578b72d7b3.png,4b12ad344f3037785a20eb68a7a906bb17529d08812be49c79c5bf004fcb22bb,2898,2,2,-4.618675,1.0561919,3.2990074,-1.0087852,1.4970376
2906,train_images/23d7ca170bdb.png,d4cf178d7109f64313f756b38740110033406613a5639551b257931b33baa660,2906,2,2,-4.0100784,2.2701082,3.8780546,-2.2115364,0.32166517
2909,train_images/2735be026d44.png,4041937bc9e90c20123051da99f3317d1f8b70124515f6ca901cfed5d71e29d4,2909,2,2,-5.5463676,0.6842641,3.273076,-0.6205826,2.3917773
2915,train_images/314862758acf.png,cc947172d6b32cef08bd781023e37f3c7092f6a0bd73d8ed54b784523e21ddca,2915,2,1,-3.5091133,5.428392,2.1583824,-5.4575195,1.6184719
2924,train_images/4c52922f3bfd.png,c00242f1972fa9d840b29cdadd02f5006e7cfa770e7559295a39f6b3bda96752,2924,2,1,-3.964653,3.9401665,2.4595919,-1.6819382,-0.51934254
2929,train_images/51d780864365.png,3db40182fd4a578f511ad15bae7bf227588cd7d01f5adc797596eafe3874b237,2929,2,4,-6.332966,-1.2174134,1.3793793,2.613041,3.6608264
2930,train_images/523d0c2cb4d6.png,8c619ed2a73623a92282a60dbd5cbfa07daa10f2775757a2610d078fd80ee28d,2930,2,2,-9.031807,-2.2433438,4.6650276,3.9006538,2.8185062
2933,train_images/57ce57a8cfb0.png,ae7b1c9e578e469729e81b330a52548dde642bee1a08530ba94e1f6fcfe8cdf6,2933,2,2,-3.8001823,1.6325293,2.3602552,-1.1279831,1.1720117
2938,train_images/5d024177e214.png,52ba702df1329bd4dc8c0b94c51eb46860a3ac6e7543480d4336f2f61b0d6cff,2938,2,2,-6.4124107,2.4877756,5.560501,-2.3620605,0.8952841
2946,train_images/6e092b306fe1.png,41ba86f2a14cf06a439734cb9f5b29a2b2601dad62e75ca3af879be9afc94eb5,2946,2,2,-3.4272346,2.2603288,3.056816,-1.6111412,-0.008072495
2955,train_images/7bc2e0fa3f72.png,e513371e7ce05138356e450d5b4ccd6b15fdd7a39b705b8c9bc7b432379fb1c0,2955,2,2,-8.246094,-1.8515668,6.0658703,3.2287788,0.88015914
2956,train_images/7e6e90a93aa5.png,556ddfbabdadf5124cc8fa38226b20efe6a49b2cf37a5366ff9669227d617398,2956,2,2,-2.3608818,2.3846438,2.6895103,-2.3577385,-0.09433532
2967,train_images/8dfa629ca74e.png,a8404400fb186fe9fd32a64ac16dcb0c1e0f84ce1c0ce4dfe19669d43f23b8b3,2967,2,2,-0.77957916,0.7701455,3.1667585,-2.7851982,-0.045119643
2972,train_images/92d8a7c8e718.png,dd3a99265a895e6c460896c3ac753274b28c86491a4e47d7983985eb2ee8c989,2972,2,2,-5.775963,1.3685625,4.733465,0.61645126,-0.79278433
2978,train_images/9d74428188bb.png,18e43b40995f8ff0e36bbbe4a3c2a4798e200b3cd4c124b986c40be0d1d40d64,2978,2,2,-4.2133865,2.0264215,4.446354,-3.6879272,1.6602218
2984,train_images/a0a0cd8af5a6.png,e173a352afc85c6519fb8e91886430e8de15eedd7f295b55abacf933aeb5806b,2984,2,2,-5.433609,0.9720319,3.0155811,-0.1254425,1.7673882
2990,train_images/aa5ce75edcf5.png,d0f46fac55ce0e877e9b2416fd9f73733a974dc7376b889abb9bf04f65ea7548,2990,2,1,-1.7482986,3.080497,1.0425491,-0.9795151,-1.1064478
2992,train_images/ac2c814949f9.png,cf7839df5a131b4ba1f210ae91a5c07251ee793ba4774ec027e33311b2f1c544,2992,2,2,-2.59124,0.63441956,4.244624,-2.5633163,0.5139539
2997,train_images/b402b18d99a5.png,022c4d61b79fc0f2397ffb4afa68d1eac6e5201e7fc7ea69eeb81fc7fea90077,2997,2,1,-5.9606323,4.1010494,4.0184526,-0.8610077,-1.1298171
2998,train_images/b5c80d0ed0ff.png,956260043ee44f7a6a8b2306663132c0ad7e9e1336898bf52a3fa8c28d624a3d,2998,2,2,-5.8998337,-0.49482614,3.8038979,0.7235222,1.9962136
2999,train_images/b8fb9f55cd6d.png,0f6cf6590e2dd91e3b7abfe7f196d5322bc0b69d6ffdfbc2efb15b428d53418e,2999,2,2,-2.9303513,2.8910139,5.5114937,-4.731575,-0.47008693
3013,train_images/d473f6fafba0.png,d693094809173e1852d7d2c9775e74610de89d31de828423e748352c5c0bed47,3013,2,1,-7.100464,5.6284003,3.0990143,-2.2811432,0.852327
3020,train_images/db49cdf1ea64.png,0fe95b82139fb37c5afaf44f507b1f71160a1906550bc632e02bed67c5c4cec5,3020,2,1,-2.9523163,2.711629,1.2382812,-1.0424614,0.22902071
3026,train_images/e2856afe62c5.png,de5d918eaec75d53e0c2ff9c98c2ba10296f121ae516a9b86c5da6b45d096763,3026,2,2,-6.75066,1.8180387,3.8297691,-0.118694305,1.3708267
3029,train_images/ea05c22d92e9.png,f4d2af495393fd2a22afa0a58aa9da184ef390022516e66591e170af408947a4,2143,2,2,-6.3851585,-0.92972857,4.044161,1.0587654,2.3939495
3030,train_images/ea9e0fb6fb0b.png,d4cf178d7109f64313f756b38740110033406613a5639551b257931b33baa660,2906,2,2,-4.0100784,2.2701082,3.8780546,-2.2115364,0.32166517
3031,train_images/f80118bbda18.png,41d42f931ec2f9729e8ce481f54fbd252802fdd1de73d3d3a5eb12d8191651a3,3031,2,1,-4.8120537,3.99042,3.5418606,-1.7776222,-0.7381431
3032,train_images/f8fc411092c7.png,82bf90c76fb08e37b1b1f4091a0698e2a543c06e74b735beac85ba352670ece5,3032,2,2,-5.8494034,-1.3958104,4.479122,1.0935097,1.8706188
3034,train_images/ff344e5c9341.png,abf8a7189fc07097ec36bf6acf7061c79418fd7fd53b09c56f77e1a535c455b2,3034,2,2,-3.351612,1.776294,4.8819084,-2.6130066,-0.4309584
3045,train_images/51da6aebba8f.png,f496ed133f0c1f50acca7bff86cf6d44bef66e28c8be2b510f17071f473ec8ac,3045,3,3,-8.811584,-4.015014,3.634283,5.756481,3.5185404
3050,train_images/90b8bf342032.png,25e488b9f490c37721be0ca62ec761341aab4c07a7919e555713d38d655ee316,3050,3,3,-8.952164,-1.9805424,2.8767767,6.977169,1.0990058
3056,train_images/b191ba0a2b12.png,3fd08513e87763416bfe9afb9ee44315e28cc8db4a69b880cc09740774117e63,3056,3,3,-7.900402,-3.1202257,2.7203588,5.1786766,3.1809454
3065,train_images/1efa5d443707.png,8f563d28aa1e878e03306b7315996404f25157692501c06e76229137bd35f13c,3065,4,4,-9.74931,-3.4317102,3.3174553,4.8416176,5.1134195
3071,train_images/3810040096cb.png,9c803d33c3d677fffc77e5098300fdc9903ea7bd5fd4fef1dab7f08a28c5a35d,3071,4,4,-5.3089523,-5.3756213,0.6065998,1.3403282,8.912963
3072,train_images/3b232b394e4f.png,6a6d8a6717d39f42d22c0532a192d0d79da0a42f3c9c14b7aeaea7bca108ad5a,3072,4,4,-2.4456444,-4.432727,-2.7896976,2.0331612,7.8375807
3074,train_images/3ca637fddd56.png,7d1d879f980010e0b018cd8cce764ff79f54fc54323912de7e5950899e5a6478,710,4,4,-8.244663,-3.0303197,2.7501593,3.5430336,5.1605406
3075,train_images/3f752fcccec0.png,37aad92bd924416d893758e028eda0ea5fff032e0480ffb7932c1bd745f40d35,3075,4,4,-6.382862,-2.4470139,-1.3978024,2.025753,8.353213
3083,train_images/857230f64a2e.png,55201060a6e73e0539cfe704cc0644426ca88195fe3ef7adfd80c95603dd9e50,3083,4,4,-9.565208,-6.62286,3.040022,6.264538,6.9406466
3086,train_images/9859e2a6cc24.png,90e3f8038d9f4c6459d2566f2fedf64b9a1ae61a27578c8fff982ce560f5bd1f,3086,4,2,-2.8331757,-1.6299813,3.2222605,-1.1911888,2.666756
3091,train_images/b3819a805dca.png,fe9c6d7443f0fd0835fab695cc86cb55e3aac123f16272ee804ba5046f10ff9e,3091,4,2,-4.528042,1.0468838,3.230569,-1.625885,2.0868628
3093,train_images/b96b518596b3.png,dac95f95abf376924c1e19d7937d289d3017f04f90b8f7b2b5c19a4b95655dae,3093,4,3,-8.375965,-0.04698986,2.2789803,3.5620918,2.7398481
3101,train_images/e7d2c2c3b30f.png,50467c606ddad6ebf70a4933a34fc6be5c74590903fa17e57d39457919453718,3101,4,2,-7.7440224,-1.4606237,4.113737,4.018734,1.1577357
3107,train_images/fce93caa4758.png,d9b5662d37b6e11aa4d434f7b86fa320db50d5c6fae12f7e8ad73de1a560e81f,3107,4,1,-4.301693,4.2328057,2.796772,-4.436466,1.9300697
3109,train_images/014508ccb9cb.png,ebdee3c68b4102f1ccd72d44b6632315b7a7da427d9c5a2d735a2577fc7b1f13,3109,0,0,6.9047356,-0.31609654,-0.66576576,-4.8577995,-0.6110629
3114,train_images/07e827469099.png,d00df391c21dc7e1577074c94378f64d829ab45b209372d9e5ace4e086a54457,3114,0,0,11.905836,-0.6858637,-3.1418076,-3.381813,-4.169452
3124,train_images/12ef75375322.png,834c3e22fab0c7251b2596f98a0e0d1f8475ec6f44ba5eb5123c7b2aba51e819,3124,0,0,10.148514,-0.611018,-0.4802208,-6.9702644,-1.5914203
3127,train_images/15e24b73d4a7.png,1fd0e256333072fbc97a3d807a8c02355d1c11eaa58dd4b82dfdddb21ec7cf6d,3127,0,0,6.9945107,1.899719,0.24205208,-6.0707397,-2.612481
3132,train_images/18ce0cdc473d.png,5e674d8a90da639663f55efd7efc4adc68062e8df8c24b3fdec73a1fcc9c2fb3,3132,0,0,5.3465652,1.9381404,0.17456245,-5.443783,-1.5757445
3137,train_images/1d37f1c8b6d8.png,154f6213556e2a2796f2eefbe66a3cec51a48319c7b4a17c62f4a393e65a524a,3137,0,0,10.16103,1.7769103,-1.6061687,-7.167263,-2.648994
3142,train_images/201f882365d3.png,95146b47ace8f5cf70ea52842bed308ecba13dc7a93fbeeeb88c70617f9eea9b,3142,0,0,6.3198204,1.7740481,-0.15896416,-5.177162,-2.28408
3147,train_images/266fbefa58fb.png,bdf8d3fc903d614ac49da1026fa1a6580bcf08768b7cfc8e713e1002d3708194,3147,0,0,8.493523,2.4086177,-0.94799423,-6.5484467,-2.8989367
3148,train_images/27933cdbe0cc.png,14f0fb61e3113dfd49b2b9b58f96e7ee1b40c69ae1f28c1feb001d441ea7d507,3148,0,0,9.583733,1.8386638,-1.016264,-7.4683914,-2.4412804
3157,train_images/3323fd59782e.png,66f396ae7603bf65170d201e3403c9f263ff5d015a1279ef6ff98d362b33a93d,3157,0,0,9.130707,2.0392065,-0.9415169,-7.0003395,-2.7509637
3159,train_images/33b91def2035.png,7a9dfdda0dba0e2ebe41d158d028414ad2656405309cd3ef3852b4ab0cb78a6e,3159,0,0,12.612783,-0.74993795,-3.387085,-2.8603172,-5.0721908
3162,train_images/34a7dbd3f05c.png,96d4a6f66db6227cb75d00f00f31cdb68381b1a7a3bc26f4e0329b12eafa35d1,3162,0,0,10.244106,-0.31754422,-2.1826744,-2.721054,-4.5501895
3164,train_images/384e6c915722.png,e91f02df2d9ffcfd3ace5f5f0cb73a011666aee3068154a7bc1346f5acaf33d5,3164,0,0,9.62656,0.86807054,-1.547718,-6.4648933,-1.9157592
3170,train_images/436fa3fd145a.png,46cd31de90dde6497886110925e6f261d319cf61a68c93a80b5960db139b8943,3170,0,0,8.528107,-0.4593168,-2.269493,-1.3512039,-3.943915
3175,train_images/454792eb6e05.png,5ddb9349d63c157bcac2555410f9046ee999ace3daf673cb3a345f5d1f9714a1,3175,0,0,10.3635025,-0.6772612,-1.5193443,-3.6719856,-3.998217
3181,train_images/49e4b95ee2dc.png,71f4095213dab56a8072631819a93ef5f98617291de72eae7ebd153b0961b7ec,3181,0,0,2.9012833,1.2147304,1.4215336,-4.592369,-0.5218822
3186,train_images/4d1e7def7624.png,ed97fe00e110dea11488e30418ea58d8c9e7078290b0d8024824ad9fc7c296ea,3186,0,0,4.7947884,0.33467913,1.8029518,-5.7731247,-0.76073253
3192,train_images/521b5377a727.png,1cdf76db6f9f0cbbf0c5e327fecb5f26c29005e22a30c7190d73d2b923830c2e,3192,0,0,5.161274,0.56136304,-0.8349819,-2.697815,-1.7467943
3198,train_images/5a0fe0ee4301.png,efa55f9d15f09a000ba00b788e8ea87deddfb2a4dcb60d93b741cb69f92b8668,3198,0,0,7.6273804,2.1652274,-0.85689545,-5.9541664,-2.5152345
3205,train_images/63c7b0265775.png,13f966a58b448384c3d4df0543fa3067aaab45254a5391b62bc1064ab91d8a1b,3205,0,0,5.220833,-1.0504146,0.22955513,-2.8692856,-1.0798331
3208,train_images/68987fb159ab.png,1e0985550d5b3d4a435470ee3380c79565b402cc355a0817684b1793fba16f8f,3208,0,0,8.120834,3.3949225,-1.343441,-6.1018867,-3.6053643
3212,train_images/6e092caa065f.png,c030066d0fba67eb4bc76efdcf9016b4acc5d00f9ad6f509816db52c03aa07bf,3212,0,0,9.008194,1.6488156,-1.7885342,-5.559902,-2.8114586
3217,train_images/7269a1d84a57.png,bc6094b7c6bb1c10f8e7cfd5cc5210c87c9ac8bdc52f025042f9cfd9bf5f3490,3217,0,0,9.9692955,2.072441,-2.9327087,-3.9422417,-4.612309
3225,train_images/79ade634c633.png,92ec236c8ab9c15fa89b1941c8ce611a1de900e070b6671a592c1e40b4cf567f,3225,0,0,8.701965,1.159411,-2.863844,-1.7043037,-4.7784433
3231,train_images/80ed04a84a16.png,f985b891739e63e938f5c24197c3ec03f17df986e6c304cf25ecb6e7f2dcfc0c,3231,0,0,8.565517,0.16419429,-2.4462948,-0.72255707,-5.074352
3235,train_images/881ec6186e68.png,4087fad1d50187a8fa4b78f62c00a4799f957b11bac9a9baef17b220eefd85ce,3235,0,0,9.702595,2.817643,0.61229897,-9.127754,-3.4769626
3243,train_images/8ffa608170d3.png,061aed6215dec55b7681e7cc47fed0a96c7c123ba91bb96d3bc9c180cae6f304,3243,0,0,5.1210594,0.0019598603,-0.27762222,-3.116993,-1.2799855
3245,train_images/93421787f520.png,365272d401433346e1fb850d003f410d833a8d27c2f0e0ae387e32ab26f6de35,3245,0,0,8.9539795,1.3166411,-1.0167122,-5.5786133,-3.2070603
3252,train_images/9ac41b9a809e.png,25c34c3c6601ce47de0d46a26196f26b34311cd2e4b1bd651ef13f9d84a266c4,3252,0,0,8.875217,2.4519477,-0.5616951,-7.844124,-2.484838
3255,train_images/9f1b14dfa14c.png,89a852a0c7e8750adceab9c812019e6b5d43b1ac92e5120a4e37fbb9e104a967,3255,0,0,9.559975,1.0457958,-1.8573265,-3.5317993,-4.698374
3260,train_images/a0fd94e2ad76.png,d135d6531f4666e13ea320c2c602a6a688ac308f865e63bd3a7531d73d81b06c,3260,0,0,9.938004,1.8585081,-1.9261665,-6.363983,-2.9889154
3267,train_images/a654b25124c3.png,1fcd6ed4591b738bc80d69c364f152941a2f1baad0c8cceab719aeb7d986485d,3267,0,0,9.246056,2.011962,-1.3269997,-5.4001083,-4.052385
3268,train_images/a77eb914b383.png,92e9ffb5d232a98d81f742a46e5d17f66165e01417ab6e1c461ee67a35279011,3268,0,0,4.4592323,1.7490432,0.8941784,-6.363632,-0.33094704
3278,train_images/ae975c43bd8b.png,2ffe47f0d9eed80eead9dc84c12656c865af874a2fe5c3cfdc797c0720fb44ce,3278,0,0,8.735199,2.372877,-0.988533,-6.7921524,-2.8435311
3283,train_images/b16dd4483ca5.png,efadfaa8278f0e37c4d6152d666305fb8bc3e489f55de3584d15126e408bb5cb,3283,0,0,9.897945,0.9071734,-1.770628,-3.3851547,-5.141807
3288,train_images/b7f0bc7d399e.png,e47c26e71ba629d2f224da0b760d87116609e98c182dda31e33d1ea229d9962e,3288,0,0,9.278732,1.4938223,-0.32626343,-7.257187,-2.6358237
3295,train_images/bb08949dd70a.png,6c8a483721786315e6cf0cde1fc88ca63719470dcaadc1418ee3b5da0d5f6127,3295,0,0,8.102913,1.7173262,-1.075922,-6.3181725,-1.9005355
3301,train_images/c38dec54a9f7.png,588383b4d8ce0e473c3f7d4ecc04b20e40d1897f6e8f2d9803c4faf5514f553a,3301,0,0,7.141369,-0.33291906,0.020002365,-3.8345413,-2.5114322
3308,train_images/c9e697117f3f.png,19aa0e22dee1731c20ddf93d37712213b21666a4486b2adb07d37f0909d9dba7,3308,0,0,10.27726,1.9803071,-1.4962711,-6.9059677,-3.3427572
3312,train_images/ce754234d760.png,1fa852b49a534ecbb003355d96fea0904f19fb44ba40d767da24521bac942f14,3312,0,0,8.512421,0.5361075,-0.7650318,-5.0659523,-2.7148647
3314,train_images/d02b79fc3200.png,fc6aa0efd42b27d10d72cc0bb8308479a65e97b31c7239d8c2c89c5915151d9b,3314,0,0,9.821526,1.7631102,-0.7777252,-6.347477,-3.9372826
3319,train_images/d3dfd0a2dee6.png,8f7141d54bca095a7de08d2eae7e10120790adbbb8b2f8ca2aab55d00ea42dde,3319,0,0,8.843845,-0.2730441,-2.7274666,-2.074421,-3.3042264
3325,train_images/d911dd40c63b.png,4360fda69c86ac8fb9d6a732181489c5b65aee93d24aff6fd21d4da15c3b3333,3325,0,0,8.557381,0.4481284,-1.2206821,-4.0298347,-3.2586026
3331,train_images/dd285d9e97fe.png,d59b101888a0c1e17105a4907f6f0dbc156052849d221940c6ba896176b4fa17,3331,0,0,9.559513,2.5484712,-0.31747055,-8.230747,-3.0466657
3336,train_images/df0886f1e76b.png,ab2fea837a1b519345bac844a855175c39eb3fab139b5d1b9e25e3fd9de321d9,3336,0,0,8.925053,0.78626525,-3.149622,-1.1291122,-4.9672184
3338,train_images/e06cccc08c59.png,3fee32dbfd05ad2888c2a72fcd1b18e8c4ac8c16562aef9460d490e2e938342e,3338,0,0,7.1424484,2.0696845,-0.24159622,-5.4098625,-3.0850735
3342,train_images/e322acd46152.png,75b8438fe270a339961b8290bd55a31b7459da2fee924f753b5ad7efaa580e2c,3342,0,0,8.281223,-0.6594127,-2.4615192,-2.0258675,-2.6417222
3352,train_images/ec01f0862669.png,0d2581d68319924744e3f7f6b5be8542ea3fbe9189bf43831f8c156709a497cd,3352,0,0,8.831005,1.6877465,-1.603405,-5.4996414,-2.9063053
3353,train_images/ed3ce1674761.png,fdcee95e51e8f8c40ad9d8e115243fca6ae7ba86d69e2280c0b170bef224a08c,3353,0,0,9.788509,2.3414233,-0.45314026,-7.980335,-3.1853023
3357,train_images/f0860c21533b.png,193bbf14cc87e9dc9f842790efc99539dfcee8c463c2b741301aed5f1de53e22,3357,0,0,6.2035484,1.0711681,-0.11980438,-5.2893105,-1.389876
3359,train_images/f298b7d05958.png,6f3230dfc5e4cf0b03637af48ed9917498b07527cbc33725a9ec3fd3b47d18a7,3359,0,0,7.683338,1.9349158,-0.90735054,-5.243725,-2.9776382
3368,train_images/fb88d23fc5fe.png,4ebe8eebec48d2d7d364aba80038f5df1bbb4661bf62dbbddbc4db41f31eff83,3368,0,0,8.911736,2.3210201,-0.10429573,-7.645397,-2.9955626
3374,train_images/fe06dad6851c.png,76aee38c40f52715983f534213af2dd2a9385588e529aeda3c1fe21788477c50,3374,0,0,9.783012,-0.12593102,-2.9801254,-2.6645966,-3.5245438
3377,train_images/ff1e940105f9.png,9317962de0ddba8472d1be78e9319b33aa7bd3dd2c30c798a68291bde780ffd5,3377,0,0,10.760368,1.4466653,-0.5373707,-8.358845,-2.8274512
3381,train_images/0f495d87656a.png,be911c52b567dff62cafb0cca6bd9bd8f327ae7159090b31656422231c18f083,3381,1,1,-3.5067596,4.5242157,4.5044785,-4.3221283,-0.946828
3382,train_images/10f36b0239fb.png,619ea1c71bf48dd0df822144aa5484a0bfffce353e870418c294ae3326abb687,3382,1,1,-4.516308,4.6392274,2.8038816,-1.0265198,-1.6628569
3392,train_images/3ee17aa12e46.png,34dfe9417157c0ee2843ff7c02e5f4696eeebb8736b02361778dc14494bf93f9,3392,1,1,-1.8893089,4.901979,1.553751,-3.6319237,-0.65690744
3402,train_images/59e5212f7139.png,9d3654faaced8fcc369e524414fbb0bba3295189c766160ec954b59f95173eec,3402,1,1,-3.7207947,4.3359337,2.8623219,-2.2031937,-1.0411788
3406,train_images/6c6efb6b1358.png,64ad60b1cabf6434335e433e9c0d586e9ba9e89b02fd101b527c12ad39bbc6f0,3406,1,1,-0.10386276,4.927574,1.5957832,-3.1398506,-2.9299726
3414,train_images/94111ed3d276.png,729166d646a820158850225f13c1ea4a1a39da507d06081a98cc4aa0465a280f,3414,1,1,-1.5202751,3.5585716,3.370737,-4.9162254,-0.215006
3421,train_images/a5a2a7003d60.png,239114d70c44bb16de287dec448e5ab64b09d2e6d8e82876962e48ccb5ceb292,3421,1,1,-1.9517136,3.7603137,1.0944157,-2.4081764,-0.2211088
3427,train_images/b9b99dad668d.png,c07b11b3addf73e52624e142f21ac27ec9b95209d2c6abd30988e4be018d1ada,3427,1,1,-1.8142204,4.9608026,2.0542984,-3.8176346,-1.0601636
3434,train_images/e2a233493b90.png,207e58797eaeb9a3f900fcc0f8581a57fe1020fcf1932116672126205fef3eed,3434,1,1,0.04668808,6.488142,2.7519875,-7.7176933,-1.2550439
3435,train_images/fd62bd0db4f1.png,c761a84fb2675c0039e0a432494b5f606f16b5bcd7addd135c881698c0f56169,3435,1,1,0.08343887,3.0094354,2.0900517,-4.930523,0.1004076
3440,train_images/0ca0aee4d57e.png,b0cb7852d1566b47e20a0a69792e4f1026222fcdd6df97045164b34b0a4fbd77,3440,2,4,-4.8896484,0.9586721,0.50574684,1.0896797,2.5796056
3447,train_images/188a9323be03.png,23b5009c6e071d47eb014dc75a59268d4a1e96bc21434eec98b50bb7f2b733fb,3447,2,2,-6.9510117,-0.51124626,3.1907663,2.3014488,2.0972388
3452,train_images/1f07dae3cadb.png,8e03a481f0261723971041df11c093cb920f5dbe2b375844ea42dff83d270ab6,1682,2,2,-5.621235,1.1312597,4.563629,-2.5645714,2.688774
3453,train_images/1f0e223b8055.png,a44a59ce6588d043cff0a7216f4003df94d5af769c7505bd0a203724e3601daa,3453,2,2,-7.68536,0.14421272,4.4753113,1.4376869,1.799469
3457,train_images/234399352d36.png,3c423abac73be7726ab0775991f1bb340916fc977e2c28fd589f5f2b69e14fa5,3457,2,2,-7.6969643,-0.71854717,4.5029716,0.96574783,3.0900989
3465,train_images/290ecdba359f.png,b69733a030fb9184effe5c058d7d33ccdb3e7a8f399229566a13f1dfc89fac62,3465,2,4,-8.5848465,-1.9812675,3.5819168,3.051136,4.0531917
3472,train_images/3cdda8b3df19.png,a23b13507f95ca3d21fa05a842087f3b547ad89abd84993ff62105cd3ade028c,3472,2,1,-5.6904488,3.3512032,3.122241,-1.0546532,0.44624007
3473,train_images/3d3e288d490e.png,1edbb25a6505a2c8af007c78b25426b4d0e30cc921065fe17715d840c186f212,3473,2,3,-4.800968,-0.835239,2.1590424,2.9412956,0.7009505
3475,train_images/3e6bfc4d5c65.png,3bab5bb9b4265a8c52769764034b5e437599448d3d1714aab6e091fcb4fdd48d,3475,2,2,-1.056118,1.7470129,3.8514814,-3.389,-0.86336267
3478,train_images/42a67337fa8e.png,32c26131fedf06b3c40486c873da1645fce755cea0193afdbcfd6cfb1bd07ed0,3478,2,3,-4.180107,-4.90217,2.7239437,3.9246864,2.6001656
3490,train_images/4d21ce39c905.png,d854ffda046f519ff88b51933d6f3464bb0fea3fb6f68c0ecd735b9aaa3ef34e,3490,2,2,-3.6053925,1.4499536,3.4763737,-1.681942,0.56858146
3500,train_images/624fb7317106.png,49a396b62f6fcf24fa2dcfb178afc10fcdeb74dc916bf75dfbe3f18d56632d11,3500,2,3,-8.277382,-0.69109815,3.7585707,4.735195,0.57100296
3507,train_images/71e4130bf5c8.png,419afe9082d107e71604f25e0600df5b4fa28886c1582a4387c460595a59c05e,3507,2,2,-7.979374,-3.2939327,5.4988546,3.7994347,2.1100373
3509,train_images/7550966ef777.png,c074f9f47cb63bbe2520ddfd2e94faa53c842097e4b8925d20f4f845df76e94b,1538,2,2,-7.565613,-1.3163047,4.5483646,2.4802284,1.9935672
3514,train_images/7d1b40fdbd86.png,30f9b110eb641b107d8f46d51f78e708ba6f59b96f9850fb675ff74b13d55618,3514,2,2,-2.2363625,2.6509783,3.8724213,-3.2898026,-0.74762714
3516,train_images/80feb1f7ca5e.png,425e5147068fa0a024b1f7839a2901219163d58792b3e1a969cec84107002513,169,2,2,-1.5621109,3.2323859,4.2157326,-6.1440773,0.52809274
3521,train_images/86b3a7929bec.png,c2910f0d9fa83aa40d7de032076571b487b423f1104ebcc233fc4adea64eb572,1134,2,2,-5.0630608,-2.6768425,3.5044193,1.585247,2.8520164
3523,train_images/8cb6b5b2f19c.png,1b99ec60c6461d28a211d71d238a3c73aaff3255fdfb47a39abf8b4fe5b7e9cd,3523,2,2,-4.9398727,-0.8108321,2.5506535,1.0422249,2.3715594
3528,train_images/962cf85e4f6d.png,e2dd1b0efb2269f00f6be4da687ce154179966619766c609554058605d6fa482,3528,2,1,-3.6373749,3.0273752,2.5471191,0.367939,-2.1071868
3530,train_images/9785805af1b8.png,90074c4af236095cba246e982db86adbd83731e2a339cc740d13a1a8fcc47e4f,3530,2,3,-8.244503,-5.152801,0.9557533,7.0771065,5.411256
3537,train_images/9faad91b6578.png,a1cca9ac174c1ce4549c8dc63edd98430fa0280046b8487f45b4680738f15df4,3537,2,2,-4.131054,0.4699505,2.9531736,2.3929176,-1.5076593
3540,train_images/a15470303941.png,5464ebc327f092fed340567c26aec093f761cd365c1f0bd23f1b42f30c13bae2,3540,2,2,-6.713627,1.3145378,3.038969,2.8888588,-0.35580838
3543,train_images/a4359815f152.png,adac219bdb8f1fa2502b221db0ff24e7df9e7c026a76a52051062ad095c78b23,3543,2,2,-5.7443695,0.56654054,3.7521925,0.18021011,1.4247968
3549,train_images/b402daa0864c.png,c37358d4e7c06f4fcf465413162287581d615e1d8edc6d0824c62a3334e8f8d7,3549,2,2,-6.915489,-2.6213372,3.5797205,3.0205498,3.088941
3562,train_images/d3be5346684b.png,736b793391ddba2c8a3cce6c4bde67617e8c1b2c9055c90a2c8b4e37fb3bfeb1,3562,2,2,-2.0760574,-2.8440526,3.315547,0.23722458,1.6000012
3567,train_images/d9a475dfe59a.png,4251866c387d15ba6e8057bc6bef69235ff1ae15441d1ebda5102d0a915cd5d6,3567,2,4,-6.4162865,1.9880741,1.5558376,0.26514053,2.773377
3568,train_images/dde43aa22ae6.png,f744ccc0fac79c22b5dc0ccba1cd8ed2a63cceaed4e5bf990304645414b4e3d5,3568,2,1,-6.564907,2.7054055,2.430214,0.16613388,1.4105723
3569,train_images/de50dfa745f8.png,b0567de16835105730d68f4405036ece5912cefbd4b1b9ff5810cd3e8feb19b3,3569,2,2,-1.2272491,-0.8495124,2.693325,-0.7483406,0.39838922
3577,train_images/e756495c11cb.png,08278559397750db9814c1ed722d99da0f676da8b034941f9afc7e4e99662827,3577,2,1,-6.20525,2.867156,1.4397278,0.61678696,1.4949102
3580,train_images/ee02294cc3d9.png,58e048bd8fe956db6c1a8700cacb5190c27e149fff4ef7b02a42bf948184646e,3580,2,3,-8.506763,-3.836974,4.3707094,5.3745155,2.6875925
3587,train_images/07a0e34c8d20.png,53427359e3ec16c1b0118b091645a78e5e39fdf78f446961edcaf81695032f98,3587,3,3,-4.045994,-3.743014,0.95108414,4.178768,2.8384502
3593,train_images/498f143c0374.png,c5aa0c02441644210f66d0b8fa315eaf3bdf6a4170e20fffbfc28ebd0432d5eb,3593,3,4,-7.5628204,-1.5840051,0.4481182,3.8861427,4.9806685
3597,train_images/6a244e855d0e.png,c51bce902a5e1936a853796595fd0c6b9f9abaf2eb8af6544e594994f28616da,3597,3,4,-5.608158,-1.8766248,3.6049385,-0.4245758,4.4389987
3607,train_images/b3d135bd3bb5.png,86e9beb640b015d689af9e47d70d03c7427f3b77d78ef12c934e2ad8fd4bb151,3607,3,3,-7.8970184,-1.7750351,0.1758728,7.019863,2.493691
3609,train_images/c5a9ebef1517.png,98cae97e3df473aa16ab3253e4fcff64ec5a3d01b9ac4c9753a80b634099a35f,3609,3,3,-8.891552,-4.4760504,2.565958,8.373646,2.4920592
3613,train_images/e32a359be36d.png,d8cbbedd343d5d5a54e6a432e647119f1e417d1d69ce39ef9d4b3c739701f07c,3613,3,3,-7.3226547,-4.693615,2.943859,6.9296837,2.245927
3617,train_images/0ceb222f6629.png,e0b4f28d5ac30fd2bbdedb8f8ac3e90825fe01b41370b53a67d5bd3fb34d8164,3617,4,4,-5.5698357,-0.58378154,-0.7280369,3.517521,3.5493674
3628,train_images/6194e0fff071.png,bed825b2ba7b3994fe80aa8d6eecada587b90a2922e74e41d0da5aa7c4d46664,3628,4,4,-6.7060356,-2.6744068,1.4120178,1.9427223,6.168404
3633,train_images/69fff98cb32a.png,d655f44778ea5bdfe84d973d7472c840fc85ff84c31d487034125bbd8a9648f3,3633,4,4,-3.9906273,-2.348069,-1.3500843,0.6105232,7.2496223
3638,train_images/7c90ab025331.png,97c93f4b2d51bec03fdcc5ae3702d6b95ca4379d37ff73d2d64c40fc8510b06a,3638,4,4,-0.26646805,-0.24997193,1.6077976,-3.2700768,2.5195196
3642,train_images/875a2fc5fe23.png,f17c83d18c5824fa1ed75ca2cc86d4812d3d63856a4b5bae6009ad430a5de7d5,3642,4,3,-2.5559006,-1.8481383,-1.9444523,4.93919,1.5942868
3644,train_images/97da093947e8.png,6128f80776d35219ab57d4cd91b03f82ae6ff7051b33cac78b3c067951468f2a,3644,4,2,-4.1743774,0.52001846,4.0503063,-2.770897,2.6078124
3653,train_images/c62585bd68fb.png,c4d0737526edfaa4d8253650f2f7edd91b809fe02c800586b013cc03acc255a5,1478,4,4,-4.3157806,-3.793175,-1.7828217,4.9440193,5.1296735
3655,train_images/cd93a472e5cd.png,86ea70b3d016855259df8a8ff9ee6279839ebc9e78ae792555e65be9b94f29e8,755,4,3,-6.0877266,-4.344002,1.4330368,4.74786,4.3874607
3656,train_images/de16416220de.png,173d043a6e7eceb732ee2d104c5f64642b8a1ec51de453d7562ca6a5900ac0c2,3656,4,4,-7.796219,-2.3859718,2.687128,1.4992714,6.132365
3661,train_images/f5e6226bd2e0.png,2dfa01b045d26af90cc3b338a8d9a77ef9580cde705ee3b3523c566860ff5a61,3661,4,3,-8.741402,-0.725707,1.7693577,4.889263,2.8549066
