pool_index,image,pixel_sha256,sensitivity_group,target,prediction,logit_0,logit_1,logit_2,logit_3,logit_4
8,train_images/e135d7ba9a0e.png,bb273ecc34c5479ba09ab2899b2c4495afecb09b3325e86facf684a9d0a22865,8,0,0,8.088654,2.3438158,-1.1840782,-7.00161,-2.3405008
11,train_images/b0d35981708b.png,ab04f2ee907e649014c52d8fca11cd2536f6d3992dfe0b7ce71d8948f9794c8f,11,2,3,-7.5028496,-4.8352284,3.5280418,4.610977,3.5734844
21,train_images/5d6239c0fd39.png,c809dad3e1f3601343a06f591f50c1d23e7db610239f40c501960027549e372e,21,0,0,7.6649933,1.9840668,-1.4598732,-5.701782,-2.585486
26,train_images/b65ff67743b2.png,edcf07d84a6df09f23f5d4a164f53457665ebe5ad56a2bdc9d8d074168bfd73e,26,2,2,-6.2968826,0.646979,3.6562214,1.1825943,0.23592854
30,train_images/f999c6921e6d.png,2eb337deea81afaa5ac49ef8e879c25c6fe7be6ebc40b923e841f382b319a3c8,30,2,2,-5.724125,0.33906245,1.9840355,1.2264633,1.6665368
36,train_images/2cdcc910778d.png,25f776d036c103e8cc68ae6b6d3519d2b3fe161547a2052f200b728a03dae445,36,0,0,9.169739,1.1189502,-2.943554,-3.0914078,-4.3159757
41,train_images/f4df3d86688d.png,034f22bfa60d9e20448471fd112f4557c0a8a16cf0b16b05666ba0cdd6fa689d,41,0,0,8.454689,2.0487137,-1.3052368,-6.7632446,-2.5046291
45,train_images/8fc09fecd22f.png,4025dca5f8bec7c66017347dff836a3054b49fe9afa240ef9e7ad8cc93611538,45,1,1,1.7694016,6.000584,0.62482834,-6.141678,-2.49304
52,train_images/9b418ce42c13.png,f17c8f21926442cbf2d1e5ba36b411aa3157dce0f90af3d8d8c5a0238264b06e,52,2,2,-3.9516945,1.9398917,3.2276497,-2.516739,0.8694811
58,train_images/ec0c9f817b03.png,df11a3ec98921dbf693612aac315323da11d8f2cee58bd743b0ef7046b3c40db,58,0,0,7.895973,1.9147142,-0.98856735,-7.3898163,-1.5196857
59,train_images/d16e59a2b33a.png,531df0e7203968d9caf07614d3f4928a734b9750477745aaf08f93db203c3efc,59,0,0,9.420963,2.3143063,-2.0484924,-6.2656784,-3.4540677
61,train_images/3fd45879afe6.png,30c56449918e62d2064409456b92749f383b21a07dc99cb73eea9287a88dfe01,61,0,0,7.855835,0.99879014,0.23310089,-7.506378,-1.6839175
69,train_images/0f364b7d4384.png,2e21a8670884965e1e3bacc9104af186303222592b851b17618a22989243dc00,69,0,0,7.8480644,1.3724252,-2.5828438,-4.558693,-2.1324868
73,train_images/c90c6b94cf40.png,931a2a5326cfebb4fd0392b7e5b338d28cfe0a36f0943428b3ad92ac9f545d08,73,0,0,4.58482,1.4355358,-1.1953125,-1.4020538,-3.6634142
81,train_images/31616ff6b53b.png,5e0e816c047a9ded55bc77449b02b4fa0450f83e5bf01b172cea31f95059e26d,81,3,2,-7.168831,-1.7597917,3.8425827,3.4830475,0.96453476
87,train_images/09c8323c612e.png,8b67256efeb38fda7bda02b955ed92c21fdc9d81c4e4e55d1b50ef1545359228,87,0,0,7.8447876,2.1621284,-0.83071136,-6.7900467,-2.4738355
93,train_images/99132193eaa0.png,640978816d12c3e6595ed9be32b97832727a8759fa2f48fc8b74f853e399edf8,93,1,1,-4.4952545,3.8491817,3.3882465,-2.767067,-0.46128464
94,train_images/8a3eb86ae4bd.png,f1fb9d74ed6be17c050b73eef603a14c95c9904a11cd70032bb01278f9ae1fd1,94,0,0,7.7824364,1.5395294,-2.9371529,-2.7324524,-3.7602391
96,train_images/b99794a0beed.png,cf393c656e09abfe2f491fb5881e99bd62b19593c160e7c27ec001e31e420f1d,96,2,2,-3.74094,1.3505064,2.99646,-2.294136,1.2165885
104,train_images/0fd16b64697e.png,543f9d2ea4d5fdd9234cf8ef0b7f6b3374113f797e43217b9c6c12a5ad2a2276,104,2,3,-8.131191,-3.3600268,3.3810787,5.4713287,2.018465
111,train_images/57a5f1015504.png,1625ec89e7b02f9de0f1cf6c0426837f604459db9b8b8ae21de39a714fa48158,111,2,2,-3.1802864,-0.20786095,3.6694107,-2.102066,1.3233929
115,train_images/1ee1eb7943db.png,b822a3249bf631d8cbbdbcc506f3dad105981b7e1ce72584839d313effa5b87a,115,2,2,-2.543087,0.13592327,1.6008358,-0.025222778,0.37970018
117,train_images/0104b032c141.png,09e726df8a773dd4aa1d075909a49216d3fa656858e06e33d29768ddbe182b2f,117,3,3,-5.647278,-0.19138837,1.702774,2.118576,1.4475083
119,train_images/8d4ff745a409.png,a5316afad134bc35d5c90c81f1a42f1d58eda76f57b3cbcdca91e8787a42b9b5,119,0,0,7.3343315,3.0954156,-1.4154091,-5.996002,-3.1062205
122,train_images/a188c60b93fb.png,e15ce84e56f689d4c981ffed1b5c17302e7065d50a8c74aa73557f4c7d9d4d2d,122,0,0,5.5499,4.6254196,-0.18445969,-5.6207657,-4.5076714
131,train_images/720b5f62ce80.png,0cf25d6e14be7cef7ac6af42abb4482b36f2c10e652bc5f15ce626071b1eb7fc,131,0,0,6.4704285,2.417932,-2.661045,-2.7171783,-3.6282263
137,train_images/c5bec7f1e5f3.png,d95766728c950c05c705ab4c203af557d7084813119e0d49240506c1f503d07a,137,0,0,5.6572647,1.3334185,-0.3385048,-5.385277,-1.432591
141,train_images/8d62ba9cb22a.png,1c67ca1669b23d5c60bf2dd67e0138a0007ba572144323295784ef141ef0db70,141,2,2,-0.9967499,0.83284247,2.0761223,-0.8936081,-1.363564
150,train_images/283c3aeba594.png,d99f8306a6d1524a9eaa3e8af60d8f5f6d5f60e7671179a581a6f25ec0a1ce82,150,0,0,7.4816475,0.8531245,-2.28442,-1.9248581,-4.247122
153,train_images/069f43616fab.png,d1787069e8da415663eee3a04d264958413555a5511dc1cc399b2167def60883,153,3,4,0.90364075,-0.82651025,-2.672657,0.4696579,1.7908964
160,train_images/b8ac328009e0.png,63d7b5c9ac929e83d6ba6814516b856d42371fd4b1acfb667379a4c7f5f0ab87,160,2,2,-6.2478027,-1.1818144,4.1420956,1.2121277,1.5044041
163,train_images/06b71823f9cd.png,de54e0366c1d4108866efaf0267c31286a6b35f034fa51e11bce95e8e2c70594,163,1,4,-6.3599815,-5.389115,-0.41107178,3.0245132,8.537138
167,train_images/68332fdcaa70.png,3be3e01be679845db3cf85d6228042f9ccd4f0b935c57f798a73e9eb557e9574,167,1,1,-2.963295,3.6822586,1.5620689,-1.7679749,-0.9715853
170,train_images/f06e7a9df795.png,9244a7fa3423c8f66d5d13289ff27f540daef0e7d90e32421ffc0ff99c9d147f,170,0,0,7.2795525,2.3700657,-0.7818756,-5.421875,-3.4968069
172,train_images/cb39761f0712.png,6e619606bb9a3035a30f250551071b7c2b3212ac09a20cd8ad0aab6a37484115,172,0,0,7.1201973,1.554284,-0.47494888,-5.957306,-2.3244576
177,train_images/80964d8e0863.png,b759ee2f2702c2adbb806e8d786d98d681d9baf9e6dbf1c0fd323ace0b109aed,177,4,4,-3.680027,-0.38673556,2.278946,-1.0131607,2.3624268
181,train_images/f72ef9ceeaa8.png,75aac496a24a7111f4375d813f2e7ce00403e00e686a23b496505cea129064bc,181,1,0,3.2067566,2.6442204,-1.6900253,-2.6096954,-1.7060719
187,train_images/d28bd830c171.png,75eae664fb3461018dfeb579b39c4dd86e139982d92a880312a1080c5fd07860,187,2,1,-0.85446167,2.3326101,2.0153809,-3.8712769,0.018075943
193,train_images/e966850247f4.png,58e2a7277a2ac0ac8fa0b7e7dd0390da3ff5df3539255a5b1f84b3ee06706f1e,193,0,0,5.8318977,1.2717723,-0.6493988,-5.129303,-1.4792967
199,train_images/905cc86bf100.png,ac2c1a9d33ef151a81c3db4ff9df215a87374cbf8b280dc5c490b5b78ce6d455,199,4,2,-6.005924,-0.23670173,3.0953808,0.53643036,2.0421891
206,train_images/23175b7ef453.png,24ad8393b2e32d2b78ca7fd2cd5ca67753c2fab67b4dfa28e3f8cc6ab90aca79,206,2,4,-4.4723625,-0.68955564,2.5198193,-1.6526947,3.7970953
211,train_images/91b7a4179ecf.png,79debf6e6dfd182c4034e34834334d29dafe7c8661ef47492a88cf736b4a7fca,211,0,0,5.9647636,2.4037046,-1.4989738,-4.387985,-2.5924025
218,train_images/49d69c4c6290.png,b644d1b5839bb58e0905ff6dca7ee45ed9cf8ee4579f76cc3cbc00bc5dd1e32c,218,2,3,-7.0635567,-0.68010426,2.893505,3.391632,0.8450904
223,train_images/041f09eec1e8.png,d2cdf8c827419d0f4d89c0731f21c4b15c09f092c00b2b78f88059bc694a9665,223,2,4,-7.5588684,-3.517726,2.969017,2.028038,5.443467
227,train_images/3254e48c8aa0.png,8647b7010f189f92ca3564cd8d0eac55ad1d85173700d35a7d5fbf6f3f5102a3,227,0,0,7.306797,1.9206766,-0.39198303,-6.157158,-2.7667327
234,train_images/c64c0966b4cf.png,6c6145a907bf4a39c8972a4b02f2aa8e06a3ef08e55618b25adffd70d12106b9,234,0,0,7.777954,2.3798447,-0.7128258,-7.475357,-2.048353
238,train_images/405b4f78658f.png,ea3392f28084460066f53f0e03bdd40b16c03fdf1c5c6f6618391960400a44b5,238,3,4,-4.5978317,-3.6062317,0.5796242,2.9696426,4.131177
245,train_images/69df7ade0575.png,07ae26c14fbbe2bca16f2d41dd9a4310d8f0e0d8ce7b7772fa32a4b93744c98d,245,2,1,-2.3239288,2.7280502,-0.29367828,-1.3151321,0.78932667
249,train_images/3908b3cfd620.png,eecfb4385e914786be8625ee9c9980e72a4ff135efda87d02ac95d5035589b91,249,0,0,8.169888,2.3317895,-1.2516937,-6.6054688,-2.710441
258,train_images/1b495ac025b7.png,9e088947f9296c3837a98b067e668e1050bbe20f14ff53259fe74d5a0d2a414f,258,3,4,-4.474537,0.31992888,0.7336998,1.3882599,1.5404205
266,train_images/8bdb891661a8.png,a78a2833f8cd4d50bd69d5dc522893a34b1e12b12f55476eea097e9458feb468,266,2,2,0.5504074,1.3533133,2.259344,-2.5375519,-1.9529095
269,train_images/d7a01fca9838.png,7da803f51d3647b481e1a3c0185a7bf01af469db40b8a31989d684bf11adf750,269,0,0,7.7250786,1.2977558,-2.1275291,-2.8522568,-4.1520376
270,train_images/bb752b179751.png,79f3c3af3743841f4cfa49a076ff412021f0fa695b37f2038663531e088ac985,270,0,0,8.098972,2.0224295,-0.6930313,-6.4134903,-3.0734692
277,train_images/6294b378d09f.png,2b4fdec1e5ee54e4b9d2c193a30ccc0958e6f20359e6954fec809e8825614fec,277,0,0,6.808838,2.5803146,-2.189991,-3.1239166,-4.2154064
283,train_images/1dd9adcbfff4.png,097b6aff03b5d166df78a1d8a5085803d3c6677fb34d5997f69c3e5f326526ef,283,2,2,-3.054325,-0.78040665,2.163475,0.6783066,0.53389263
284,train_images/ac17cc18a994.png,6a666a67c2bd0d0d1b40676260c5cf910b93591180928a6a8cf44cb0eaf33e3d,284,0,0,6.146614,2.2696018,-0.6204071,-6.2583694,-1.6651664
288,train_images/291e2ff3d834.png,f2cb4129c238bdbcbc5d0c5b147e0bc8048f388fbff51b9afc15e6c0432ceda2,288,2,3,-6.2462273,-2.581313,2.7628574,3.46492,2.013908
295,train_images/35df2bc6ae95.png,dcab6a127b5168bb838c11d69dac50d83088417245c4dd04ee83bc9296f6ad24,295,0,0,7.865097,2.4443178,-1.7602959,-6.777397,-1.8441234
301,train_images/38c7153457e2.png,6205f038d7098d5e81efdbeca73a62f0a2b2c6d95e0347f9a4939c8d0736b4e5,301,0,0,8.969738,2.337904,-2.1200562,-5.5650864,-3.6664848
306,train_images/885fa5fc5da8.png,da5e9814074b4611c3918fcdf03c71997fdae71175c7c59c8534f8412908f42a,306,0,0,5.9869576,1.6365727,-1.2555122,-5.3171387,-1.1900668
311,train_images/7347bd23ba80.png,4a3d5be9a83655389ed792012244652220f1c316ea14e51f417a922958189c21,311,0,0,6.906887,2.3011327,-0.24008942,-7.1403427,-1.9458742
320,train_images/f2c0b41acd05.png,f52936a0a584e953e0a73a7c843f3f03321ebe5219b1294f18c4fba7e5212841,320,0,0,9.713661,0.72352135,-3.496624,-2.4221725,-4.562852
323,train_images/ff59d44a70a7.png,354e41e97d57137c94ae66d41aca69639d48e7fcb1b200749244f26345a5dd68,323,0,0,7.667122,1.9111656,-1.5334473,-6.155792,-1.9656329
324,train_images/52dbec057cc8.png,93a85b2e63923cc617f3a8c385fd7001f699f9246f84381cd068723ea89dd3e1,324,2,2,-2.1755638,0.43841112,2.2672138,-2.1555176,1.1922174
330,train_images/3af9aaa880e9.png,c0d62901d9c2c01edc5b70179332b768b707db752f371d9ec5314c7219ac42ab,330,0,0,8.026978,2.276482,-0.8089256,-6.613434,-2.9660819
336,train_images/c8823cdaf7fa.png,306df8dc5fef50bf6b5c48b4103b380176d8a43ffe43ba4d16cfa62ab9f9382f,336,2,2,-5.688587,0.7453743,3.962223,-0.96784973,1.4284172
339,train_images/f09fd9433dff.png,75a4aef18f9cc1dc9d7c0c4e636df6c90da906d564c4b8cbaf5da71e082fd8a3,339,0,0,7.100292,1.2145051,-1.3366127,-5.2450714,-1.8339279
345,train_images/1f5496352859.png,086b47a5f2f28936db7ca314ae47895861ae8cdc216bdf18f4ce9335c15c4891,345,0,0,8.000156,0.3408829,-2.1571083,-2.1891098,-4.111929
353,train_images/6df8b7b6e837.png,a75f486e6baa198f38ddfbf7b07da6e9e64fbd8ce85c28aeccba3e68a98ab0b5,353,0,1,1.316082,3.3786974,0.33018112,-3.933258,-1.365027
360,train_images/0da09e3ce8f1.png,bb9b5b99aa1a632ee30600f86928d1dc80644892f4e598808885b4adbc6dc80e,360,2,2,-6.1121902,-2.9834285,3.8592587,1.6058807,3.06526
366,train_images/b67ae80f7eba.png,f51223ede581037bd120181f4fd1f8d7d703d796e2321d481990ce9d751bbb1a,366,0,0,7.004322,2.1641455,-2.46204,-4.9839325,-1.7856679
368,train_images/ab50123abadb.png,b759ee2f2702c2adbb806e8d786d98d681d9baf9e6dbf1c0fd323ace0b109aed,177,2,4,-3.680027,-0.38673556,2.278946,-1.0131607,2.3624268
371,train_images/fbfa925506f6.png,a5bd25421f252cd007b334092a471cd4ad0a56122b3c7cb778d3d41e3d0e1672,371,0,0,8.033421,2.1000957,-2.7811432,-3.2996445,-4.1441965
376,train_images/835b9f6e12ba.png,9c05fea4642c1a2e206cba87dafb2b01d5a4f2d48e082b7225af0064af664cb7,376,0,0,6.0813713,1.5974993,-0.42866516,-5.7401276,-1.679503
379,train_images/4ad8d3ec8789.png,0ae10118f919999cdc53ac0003a698891c124f71281af9e557bf44a3795aa7ef,379,0,0,7.4889603,-0.03123498,-1.790863,-3.2629013,-2.5146527
384,train_images/2776d70724d3.png,42fbf5f9b3bf84c216881f462bf192d2a82c466289df5fc3edc6caa07e5660a1,384,2,2,-3.6513824,1.3867716,2.8168259,-2.4693756,1.4815559
391,train_images/a56729de89e9.png,abb51e073519dd2446e1fb5e08e3b738f261725817d6b9dfaaadc9d5eabb974e,391,2,2,-2.8042603,0.5785316,3.0095406,-2.009262,0.7422862
394,train_images/77acc2cafee1.png,b64e865450fbfe50a8a3511826533cd4043e96a19959d9a6b0b7c4db17f0eb8b,394,0,0,7.0134354,1.9448148,-0.94582367,-6.435356,-1.688623
401,train_images/af828dab3ffc.png,ee1e2fdab8578e2d4c6f9d72f62fbadc258502d0491a4ed0912f21245e3d4f8f,401,2,2,-4.593895,0.2541647,4.1318645,-1.0306625,0.71895266
406,train_images/25b0e72705a8.png,c4f5306c6dbb589bf52f28c756042d0db59a56246571d54728142da315f1fb9c,406,3,2,-6.0866203,-0.72125936,2.5880623,1.4512863,2.2230167
411,train_images/2cef97083e6f.png,19ffbd434bda42488fa60ad12f14f8d260f60e37593c306476c4f49a7328790e,411,2,1,-1.2835007,2.7246299,1.2001972,-2.7433243,-0.2696309
414,train_images/0ef4c61dc056.png,3724387b20c9c4c6c3866e50e93d7e8fa0ffb9ac69e40b337ce597de6a7c50b4,414,0,0,8.993416,2.7565446,-1.2215385,-7.6318283,-2.9396849
421,train_images/d51e5d7484ea.png,6aaa5da8eba7214458a13c4952b231aca180aa56982597061694506e5c3f7dd3,421,0,0,7.07835,2.1047063,-0.8616257,-6.667946,-1.761075
424,train_images/7131bf4c9e6f.png,bdbb14ddefb382592b88fb7797e9b3ecab41c96521d37e7445f9da0a3c05e0af,424,0,0,4.057701,3.2849836,-0.111946106,-4.0915604,-3.3412216
434,train_images/0dce95217626.png,b64e7f11e5c1faf9d5b58fd79dffc209a18e9929c93a44b84fcd130bdd255e26,434,1,1,1.6815186,3.2045689,-0.1989212,-3.0443878,-1.9091918
437,train_images/ff8a0b45c789.png,4f3870a6a8e76d6a3298870ab990582d1bc7d70179edbcd03f644a9012ad4062,437,4,2,-6.6004524,-1.3131074,4.3945484,1.5246964,1.4000053
444,train_images/7a06ea127e02.png,11794a6ba3057205328abc88cbf078f992d701ea2d1230ffdfdec6f04af72ed0,444,0,0,7.894932,2.6058474,-1.2408638,-7.1047745,-2.2295837
451,train_images/5f6db235c04d.png,feb4aa5a5dd35f23d1be36886a9831bd71e692bd19c5003f36d229d6b909e9af,451,0,0,6.395935,2.3036985,-1.523819,-4.857704,-2.470738
452,train_images/10a5026eb8e6.png,ad2875a26256abd78fabcb0e5a3272017a7374a281f22bfd2397f3903d666ea4,452,0,0,8.104721,1.3314966,-0.89354324,-5.287079,-3.289041
457,train_images/ddb222ff7c1d.png,8f7f1a72cdf931a9696b20647ffad600596e5f74769ebd42df2d04e49ba14d1f,457,0,0,8.333992,2.5966802,-2.8631897,-3.3191376,-4.8395424
463,train_images/fe3b0e50be78.png,d290ad88bb825273f6ae0143991669a47a5d1a1f94be314621c213a4aa355bd3,463,0,0,6.3742256,2.188922,-1.7848053,-3.6815872,-3.18852
469,train_images/838b3e4d0bb4.png,049319952ccaa10bdafea11ee268c8d0ba6e23e14edf9b8c1f1d5b910264e39b,469,0,0,5.7690926,1.0707756,-0.84311295,-3.5086136,-2.595452
473,train_images/63c0eafd6aa9.png,e9e6dfc06ce89c99a49f00231aabf650b9f1fc92e6f5d5328f38c2ca2fc1c093,473,0,0,7.456768,1.697349,-1.1425285,-5.583832,-2.5136476
479,train_images/26cd40b57ad1.png,4abe9f1d4518a62be8ed2ded3fefe3dfff51b3326904b595be7a2895db4fed80,479,0,0,9.0155945,1.9412788,-1.322216,-7.500801,-2.1714077
484,train_images/0afbeeef0ff7.png,189fe280f1017599b78b6bd7e7b4362eda2c865ef9c1bf25bb3836bb3b7f95c6,484,0,0,5.939003,2.2140908,-0.833168,-6.1531754,-1.3086767
489,train_images/0ae2dd2e09ea.png,3a9753ebb23c971263daa6851bbc2ad6558f10df26a82453925d28939ad6e131,489,0,0,5.520199,0.5598546,-0.01694107,-6.013588,-0.21301508
491,train_images/abf09c44d5f4.png,9055ae48f4aa3fa66004d3eae4a191286b979980fe873c06b6faf27b44c37615,491,2,2,-3.1513329,2.7142563,3.7636833,-1.9238968,-1.8359671
497,train_images/668a319c2d23.png,0d01e974b09bcc249e7825f31b07a35755d57010e8de869dfe86e171517997f2,497,0,0,8.188919,2.3724008,-1.3503952,-6.442322,-2.820558
502,train_images/6cd606dc52e9.png,52fa022fa7d7ecad954b7a8d9f54f7f934fdcbefc0a48e410621bd3da775d3fb,502,4,4,-5.0305824,-2.7743354,-0.6322746,1.5832367,6.2556295
507,train_images/c252da9b41d8.png,984dccdd92590c44a86085b6002d1e541e4dc275ac68da0e86a9490345354ff7,507,2,2,-4.8017387,1.3161176,4.4637527,-2.113388,0.61914873
514,train_images/f5c953bee7cd.png,c72e85145a9661a56e415df87f9844421dda34af8ac8331cf46668fd480bbf4e,514,0,0,6.625122,2.9516053,-0.40522003,-7.6304398,-1.6766272
516,train_images/e7a372a1c3a4.png,faae132ac95715ea52797b975b5162bbeb761559ebad52c0da5ecdd96cfd33df,516,2,1,-2.70261,2.8798718,1.0677662,-1.2156067,-0.43935347
524,train_images/10ecc5292ab1.png,8aafbad8ec99626b592b505fe0dcc85681e195419e6bed1e9431ccc950e3ef0e,524,2,2,-3.2031097,2.5295424,3.5408611,-4.1562576,0.8600836
530,train_images/0ada12c0e78f.png,7c9f98c629b196ed7d4844ab85ef18728ca8a4b417264b00ac7995f4a0a54b19,530,4,2,-5.560211,-2.1676598,3.4111938,2.7616196,1.0254197
533,train_images/15cc2aef772a.png,bebe6e4831cf16a27d90dacc7216569a5e823c7ac371e87c6871383040bc4795,533,1,1,-2.4699821,3.8014455,1.747057,-2.8628845,-0.64234734
539,train_images/be7bc89f5fec.png,54ece05eb1367d608c1291f16db33b9cf97050da5b49519837c51d3ea3a01ffa,539,2,2,-4.6170387,0.661209,3.4167442,-1.1159439,1.1667304
546,train_images/1ca91751be4d.png,8b10f56a06bb6736b5835220587ad434d09ab88caa48fbeb90c352612de44eb2,546,0,0,6.411148,2.189681,-0.94675064,-5.7053146,-2.090698
549,train_images/598b8f5b3822.png,03373e84b614cc4d0c25770fd9e55514102e114bf001515a67e8ba8f5d5c13fb,549,0,0,7.343693,1.9138099,-2.329258,-2.7084198,-4.3384056
553,train_images/6c6505a0c637.png,6d30136eea9e9863d12fefaa5a05729bdba8dc84e0cc9f3a34d7e0c10a3b2f4f,553,0,0,8.038296,0.39425218,-2.4055748,-2.9050293,-3.2098794
558,train_images/8b8fe3fc8950.png,782bb97c6c1482b1e12754864b10c1bb8c7006da1dd0822fb62bad9dcc7ed8aa,558,0,0,3.3509903,2.2025552,-0.8818474,-2.5345306,-2.3219411
561,train_images/8906c9ed54a2.png,3c2b1850958bbe953a3b1e02f4ab6ccdba7585a35dd776a5fe66cf1fe30389eb,561,0,0,7.7494164,2.1072593,-3.0694618,-2.5892181,-4.306481
568,train_images/86722fcd802c.png,660bf59ceefadb0651162d7c8bbdeb938dc9397cf821d01421b46945433314b3,568,2,4,-4.646366,-0.530825,1.4610863,0.5350342,2.69388
576,train_images/207a580de0ea.png,8ab22a18047a633ce18304965765173c0dd0308f8b4228e94ffd46a0b2f98424,576,2,2,-4.882515,2.814672,3.3864555,-1.20607,-0.6277242
579,train_images/eb6b1f1c09db.png,41442567b90b288686f1e063092eee8b8c40df4056785665c919bb3f0d6aca83,579,0,1,0.3810501,2.0888047,1.6132278,-3.3058014,-1.0962286
588,train_images/1d674e2e32e0.png,4b6ab1840e6ae14e2e426b44119d7d9c5ee9bacdd0af4121786d2e3f7a7ea5dc,588,1,4,-3.775219,1.0998572,1.1801949,-0.37501526,1.3926435
592,train_images/c24bcf7a1bc4.png,72155fa1fed156c98ecfe0fde1d66b4d125b7be2fc97fb7cd5355d6b575c2c76,592,0,0,8.169048,2.1932616,-1.5991669,-5.841774,-3.0029154
599,train_images/b71428739d4e.png,54a4ed7e269344fbe95aa90acb01a1aab23723eef25abde2ae57df03364990ec,599,1,1,2.919056,3.0237298,1.1778107,-5.4966965,-1.8981133
602,train_images/fa9bece586fc.png,1c84ce0052e040a2b25d2aee9df3b89560d2c576a792105a3510994424ffe6eb,602,0,0,3.3992233,0.5067316,-0.4358406,-2.5480804,-1.1123881
605,train_images/9122b31414d3.png,881ebd6d9f2b265e40a7aa0a27393699764bb82cbccf20e5be85828a8403a0f9,605,0,0,8.622231,1.406408,-1.6975632,-6.538513,-1.8796959
610,train_images/64eb5a79dfdd.png,71d904a41744af519e16cca2ac18f11342b74db854aa4750307adfe4d654eab9,610,1,1,-3.5080376,1.8631366,1.7972717,-1.3471146,0.7319064
614,train_images/d1a60c3b9fe5.png,1d53f79af4601379f05ec24ea525d44e348e4c05bc74bf29f1c2fb9c9d3db5e7,614,0,0,7.880108,2.328464,-1.0243034,-6.9969864,-2.3065622
620,train_images/28503940d10b.png,969d7a269e24a0a068bce697266283cff35d6cdce637f11a78edb77fe18d4185,620,0,0,7.4880714,1.9682206,-1.0417328,-6.8196106,-1.7256279
624,train_images/aad0c0ee9268.png,67892f888833b8ad425bef3cde2f9d38503ade4a8172e591b26e7a5ebed11672,624,2,2,-1.2744446,0.5478848,2.678711,-3.6670456,1.2935238
631,train_images/44f7f3ef9d50.png,da436e5e1c86bc7c6f99e3075297f9d9c7731ba20f0dbac30f4e0004398a0dc4,631,0,0,3.242012,2.8348894,-1.1536064,-3.8735886,-1.2162528
635,train_images/8a234d68b27e.png,2bc3c9ac97e38382a3aa2945931cd8a34364886ba2be2cf6cd2d53251d524060,635,3,3,-7.8535004,-4.5581408,2.1175003,7.559967,2.0674472
639,train_images/6a91eb157f47.png,5fd4a67f1453bbac5f3753bbbf0456a11bc47bc3015bc9d848454bda34f8b330,639,2,4,-6.691166,-1.9458616,3.0810394,1.2733154,3.6943264
647,train_images/d844a7252f4e.png,fdf42226ad7ee86691ab844a7c2f5a7a40cff1259d2824b396e2c125fed7020e,647,0,1,2.9261284,3.6547065,1.0536957,-5.2643356,-2.5994792
648,train_images/ab724603ee93.png,bebff6e1337b4c474f0494eebd90c548e3f15945381f3c84fd1e1faa58260cf1,648,0,0,9.879967,2.0306892,-3.1527748,-4.3912735,-4.3790975
654,train_images/d18aea8238a0.png,70da16d703f16f6e7e22f1f89a8fa7688f9b18b0d94f4aa44b405701f088bca3,654,2,4,-2.6460876,0.7025279,0.45231247,-1.3026505,2.3862085
658,train_images/1c13a1483f4a.png,094613f28258396ddfd3fcc17f50e03a6e72bf23c0a370e85a8b5429ccaed3c2,658,0,0,5.9915047,3.1437678,-1.0396118,-5.6182404,-2.6267538
665,train_images/958c1fa044ba.png,364661d8d1e62dcb56f53e72db166c25a484a6c3e481dbddafb9b873be93bccf,665,0,0,7.4983864,2.410553,-0.6416054,-6.8075867,-2.5580916
667,train_images/eedae6b28f96.png,9cf46151aaa23372d45b59915eb68a2dec47c5ef865330812fa11077d7768a25,667,0,0,4.289463,-1.9319674,-0.0855484,-1.6777725,-0.8114157
674,train_images/1ae8c165fd53.png,654cb0c461256518d5c5f205d9bc3235e641b01afc35f685127eb56ea80acf23,674,2,2,-3.5547943,2.8050342,3.9863873,-2.6145782,-1.0850639
681,train_images/5bda2ed09e62.png,f42fdc28a12c29a9983866a144942db216bdf497899e60c95f208459b98af655,681,4,3,-4.558529,-3.225895,0.7716675,3.6782227,2.8263893
682,train_images/d801c0a66738.png,3be3e01be679845db3cf85d6228042f9ccd4f0b935c57f798a73e9eb557e9574,167,1,1,-2.963295,3.6822586,1.5620689,-1.7679749,-0.9715853
689,train_images/8871e6a26596.png,da20a47b0acc5f0d9baa4f3a70091aed316d451ea2918e5bc7210f2cea1f6c23,689,2,4,-0.74853134,-0.6035416,0.1800003,-0.12954712,0.99112463
695,train_images/b09101adb478.png,382054f8f097de7c7d2c84d9fa1911fd43804bfbc297ea17f81673d40a28f968,695,0,0,7.2066,1.7387205,-0.9630432,-5.604294,-2.4794116
697,train_images/13ab8db8c700.png,73a89390d4ff8c4a612239fab4723b39b7f899e54b8cc2e3e839e5602210de74,697,1,2,-3.425232,1.1015493,1.9803848,-1.4306107,1.3152905
702,train_images/eb32a815f78c.png,cfdf19c15238ebb85fbed778ed480afe531549895d6738adf6c79365f891c02a,702,2,1,-1.004242,1.8120967,1.5116978,-3.3799286,0.69977045
706,train_images/caec68f11c86.png,99a959fb829c78ecc0d79687fe089274d14e3645dc8dba28f63c31dac7056895,706,2,1,1.6639061,2.7887082,0.12921524,-4.0907288,-0.7959862
711,train_images/0f882877bf13.png,852ed341d5745a84de92f82f9778494b2e2e0a9802cf84efb6b091e78bc74390,711,3,3,-7.340008,-1.5130547,3.4306545,4.2120895,0.58774376
715,train_images/d7ab5c040294.png,ba93e215e0cf7327dd406ac4833a371de21aaeb496fd7e6d71abc243a28445ed,715,0,0,8.59264,1.3448089,-3.0847778,-3.1156082,-3.8235075
721,train_images/42af7282349b.png,4b184e5d3f57a2d7ea421f7994a2eb27ecd94976edbd8157a7e41b77e0a1d6f0,721,0,0,3.9195251,1.7472211,1.6953926,-4.540344,-2.9969058
727,train_images/24b943fe725e.png,ccf7784b8ff590ebe793505a648b014f5ca36f14b95dd1a6f3a02d708aad857d,727,1,1,-2.814392,3.2251468,2.1980858,-2.8441086,-0.19233131
732,train_images/870f433e8f37.png,df6c98a7c00d19872b1951b90f9ba10eca025ac00f4fd0768324f74a1f018d4c,732,0,0,6.8439865,2.6414242,-0.47513962,-6.671776,-2.4373417
738,train_images/cfed7c1172ec.png,6e576ed4315f8980ced4649825588d9cd2eb5f1fcac45af20cc2f03a1968d081,738,0,0,6.2739487,2.1164403,-0.71112823,-5.9744415,-1.8399639
745,train_images/df5ce3ea7820.png,c75a5a3bbecf1ad594944f2f2b7d0643944eaf3a9433feb63302070933e4d255,745,2,2,-5.460205,0.8060769,4.619293,-2.2070236,1.719687
753,train_images/a476fd984005.png,c6b2e9068d9a77c452d9ed1479c3e5a469dbb4f26ee4a1171c7732260a6de185,753,2,3,-7.019375,-5.1810765,2.4244518,5.122177,4.0535164
757,train_images/24f3e70f0419.png,52931e89b0130296d8c04212c861feaa151d579f6a31d070eb11db74dc3071ec,757,0,0,6.633686,1.5777565,-0.85245895,-3.949295,-3.512132
759,train_images/4ab8c0cece7f.png,d5ac6517493915a0d61b47236ef8d2ce967f944b31a1b846de47ad59544e69fe,759,0,0,6.1627502,2.3437152,-1.2472,-5.378212,-2.0239685
766,train_images/613028ede6a0.png,03c17d378020b26bfac51e530629c3025ceae6677621a0dbe6b67900ea57130e,766,4,2,-5.873787,-3.0339851,2.9717255,2.4798584,2.8997412
770,train_images/4eaf2f81819d.png,6e42d614d989d8adf9078490ddf51dc4d560358411cc0a3bc4695e695ff10bcf,770,0,0,6.779812,2.3973594,-0.7604637,-6.622658,-1.9003439
778,train_images/b7a1bb106051.png,b7b274d9293d1db5116ce92bfa38404e9d30bcb105bdd76fc7bc7c7d7028120a,778,0,0,8.654369,2.2231631,-1.3334618,-7.31295,-2.2863061
781,train_images/89b044cbaf85.png,445945eeca44cd92d58acea44272b06ba5ca2f4ff979331a5f32d7c83840cc2c,781,2,3,-6.3270607,-2.8736014,2.222639,5.064789,1.3185925
787,train_images/310c27067ac0.png,5cff1cdeaf88dd1aaea1e6211bcf5af0ea786cbb2c44a20ddca7a5c83c687a8d,787,2,1,-1.4477158,1.6693419,1.559803,-2.533783,0.34796047
791,train_images/18d8fdb140b7.png,d29e3267ff01c3a876c0f867a8af4a2a28f691b2a50ff03c4984cfd706fc6457,791,2,2,-7.2339478,-0.95809674,4.190092,1.8819733,1.5203943
797,train_images/5995321563b7.png,27429b72e31105d93af73930769ce0683d7d19d36e4a9bc49a0842c9a359744d,797,0,0,8.090515,1.7020754,-1.5554352,-6.328476,-1.9772227
799,train_images/4731e708ede3.png,71c7faf0457f2c896479ba0342603fc2f0372d1deead57c443fe8ec98a45c3a2,799,0,0,7.9614677,1.4399308,-3.2391548,-2.1982727,-4.078473
805,train_images/53ddae6a619e.png,6519d5f6604ce72c02a25e6d36d1af6123b0d259796b55ceda2db679bdc56017,805,0,0,6.8575172,2.2751584,-2.8366394,-2.707283,-3.7194014
807,train_images/38055d8b9f08.png,400ac3f73a84c18b7fffb32eedd393b4ff017ebcb7cd96449e9c919e670c65de,807,3,3,-6.8019104,-2.2137222,2.6322575,3.619873,2.1490216
811,train_images/e0313be77035.png,cd63bd5f2e7585ed02f5cea10bf0a3c36b7f9e57d72ddef3f770209872f46e21,811,0,0,6.968197,1.6572989,-2.350441,-3.2998657,-3.106996
820,train_images/bd34a0639575.png,c2f2ddd59724be80c5801433af2e49fe3b41243f938b76fa1b0d4d1d52e40d95,820,0,0,7.7791214,2.4668117,-1.4456482,-6.258461,-2.628944
825,train_images/5ce5eeaf757a.png,3c09d30b1816f8ff210a66ca5e5354897b9d8eed7dd16d92cd52739f3dd7a155,825,0,0,4.485939,1.1403171,-1.3026924,-1.5548935,-3.0171127
833,train_images/7cc4b7aabe04.png,3f9f8906fe3ed473a4d6b55b2e2d44331b3c6895de6ca16283aa22acaef73bd8,833,4,4,-6.0514145,-2.2563887,-0.3616867,1.1451263,6.9748297
837,train_images/99c626e58464.png,59108f324bda498d76f874f279c1736e4d24e0d163f7a482e734d1ee2ddfa369,837,0,0,5.651169,0.25080013,-1.5887184,-1.0770569,-3.4155316
842,train_images/2f4e81787d9b.png,04c943e594d472c5771c87e2a8418e6399d10171def7d7a40be2b1453f85b36f,842,1,1,-2.725422,3.0135236,1.7155724,-2.1977158,-0.20980835
846,train_images/5d74f98d62be.png,18a2b860eab5f34da880313a8d4fea101e332eba2c1a4bf28468c4ab7555388f,846,4,2,-3.8572273,-1.6739113,2.8639755,0.16126251,1.9946041
847,train_images/454a944eb557.png,506d55b34ed7be7b9238392a4f03d81fdfd3e36091cef24f51159a0d9bf1e2f7,847,0,0,8.299717,2.0007672,-2.5450401,-3.6367035,-4.2156487
848,train_images/7ed4128b2a4e.png,2f347bb41dc2815eb939a8d1c63b06334b9b1eaee8841a44b32d1f494f004389,848,0,0,7.257496,2.4565635,-1.9115486,-5.066559,-2.8306844
861,train_images/f58cdfa968be.png,e5dfb2a0023710dcb0540a9d509196be7c77e3e3c078fa9397c80842921d5af2,861,0,0,7.578068,0.993817,-2.234108,-2.1131668,-4.344044
867,train_images/7e9458de5707.png,a26714e8bc6050589b765aec85febf6270fab9b637b67efaf803f2aa7aea90ea,867,2,2,-5.075962,-0.07274902,2.062172,0.71698,1.8618736
871,train_images/adb56cecafaf.png,64558d2a745c2d8424bd43225e0ea6c6503ca07ad06d2a5e5cf034d5f22ce886,871,3,2,-3.434452,1.9060649,2.1531963,-0.42801666,-0.6421089
878,train_images/0da632ca45e0.png,a21ad1bc71df6d3cecc898a30b2790e5712640f8d74ba37b4803476bc90fc455,878,0,0,7.896145,1.456308,-3.1115494,-2.8861313,-3.4353619
882,train_images/c31651ea04c6.png,225942938d752cdfb38f552d696d354cae3523ac1b8298ead41905fbc2e846b3,882,3,3,-6.438736,-2.3286748,1.3402786,3.7480698,3.102929
885,train_images/4d1cf360b2d7.png,d7cac0c45b547700be034c095c5f622f8ff0584382dc2df4dcca093cd3233814,885,2,2,-3.675415,2.0513926,3.1394634,-1.8576202,-0.12736607
890,train_images/e5d56f4f359b.png,d2f07717b48a5e6fc51a5793ddaa4c80d6d4c4714e98c8fc8a5b52f94d521a64,890,2,2,-7.057438,-1.875215,4.298437,2.0470352,1.9965487
896,train_images/237aa50edc34.png,a5b64dc103c92dfcc0a9c55b9982d7210d0482e603582cd86fb89ca90f03ea80,896,0,0,8.723534,2.2138228,-2.5688515,-4.8685455,-3.503482
902,train_images/74898f372d2b.png,0e3e255bed7f56084e6f968ac052e7c4dade2d5af8a8fc6e4752a4a2389df570,902,0,0,6.9541473,2.2717323,-1.410366,-4.465332,-3.4151754
907,train_images/784d6d302f98.png,a92e00460532a6f4bdaad6e5d8056ce4e8d90ef5a7b45895ef252f82e6402ba0,907,0,0,8.12434,1.6104695,-1.7308884,-5.6929855,-2.370765
915,train_images/bc73ce76ec43.png,db2723ba6701f0a2131cff98d8b766d010ae855aa2ce51f3b66c0d6fc07a8c9a,915,1,1,2.4129906,3.6749597,0.91955566,-5.306366,-1.9786253
919,train_images/2f143453bb71.png,f036313889b85bd728338e4fdfd4d3ce2314185ddafa5f3bf4a27c181f96d7a4,919,0,0,7.053154,1.5965751,-1.3692856,-4.120125,-3.226846
925,train_images/a2b97d98f130.png,20b8ff62c475466520367cc6831002f76d17536dc9c6684aa4d63629ee81ca09,925,0,0,3.9066048,2.8032928,-0.7899895,-3.0568008,-3.0339956
932,train_images/39f8935185e6.png,6c117b46ca9e5b45c673933e6bf441f756377972d6305b268d269609a261d64a,932,0,0,8.2924385,2.4874768,-1.4134789,-6.271332,-3.1528664
936,train_images/74eee788edee.png,4b607fe21e2b3e0cd2b716f1a83ff8743519d0daa8b2952a6e7d9473223d4411,936,3,2,-5.601631,-0.06895065,2.7444115,1.6920319,0.7170129
944,train_images/a9c7b83caf81.png,12047ffccb33cab5575f07aae615777de5807259d670dd3bae59110bad136f77,944,2,3,-5.0633736,-0.4110068,1.4701672,2.494545,1.0070972
949,train_images/d9d2631f043c.png,d8edaf0eb25f3a1ce50951262fe55f05b87f52cc70ee2031425e66c08d294032,949,0,0,5.90176,2.5838833,-1.593277,-4.159752,-2.833298
955,train_images/b22cc1bf0b8a.png,b9425c6c39bbd7bb9b98fe712b0f99eaac3573d05afa8a532202143daf0dd7a8,955,0,0,4.175995,1.9843551,-0.09674835,-4.399269,-1.8729563
962,train_images/a47432cd41e7.png,62472eaa23964a3848246252c4b34601341e28fd16c97a2761c106cf88522a6c,962,1,1,-1.1024437,5.991439,2.0999527,-5.65197,-1.708066
966,train_images/f002ce614c59.png,8d205a6a67267660b0b8edc230e7576f22938695d6ff8215b77ce88b988bcf50,966,0,0,6.582054,2.1134462,-1.2421722,-3.6177673,-3.9369197
969,train_images/f91cfa82b9d4.png,576eb48fdfe1be325ed2027928c1790431820a7299a5ef7524a98e777958fde0,969,0,0,7.715645,1.7432925,-2.8976402,-2.8906326,-3.7735476
974,train_images/bac1744955c2.png,d88ee8fdfb5e7ee4d6f896cd4d913ecb045bb4e88a2f6859b6720c8abd6f3f29,974,0,0,7.039871,1.8632873,-1.1318626,-6.0273056,-1.835382
983,train_images/537e5c578f40.png,91216a63283788eea8ed4f6a7454f36fdebfa6ec0d1bf2e529259caa5a0f8ce9,983,0,0,4.8911324,1.8787171,-1.2040749,-3.2895584,-2.4272366
989,train_images/61c2fbd16e38.png,923ac00bf0be41fe4d8e7f04bb80f4916c45d1bf6e0f6edf089b321420e00b1a,989,2,2,-4.154537,-0.30524325,2.8999004,0.730217,0.3612094
990,train_images/904b03ad5594.png,9483e7015051e22baae5251eeb56040d4ebfda4e993487f5f67915974a135df3,990,0,0,6.6204033,1.0655462,-1.035202,-4.547577,-2.1786275
995,train_images/fac399455195.png,dcd9d7df4f8f6e667bf078c7709b458aeaa662f9a199a85cc3708aca067aa64c,995,2,2,-5.4548492,0.9544238,4.1076965,-0.5781326,0.429842
1001,train_images/c8a3eb9a5b52.png,91177d919a179136031a78bf9463581d3388293b8c3092bb3a8e131ffc2d53a4,1001,2,2,-4.626816,1.5482811,4.9019966,-3.6311035,1.3188314
1006,train_images/07929d32b5b3.png,e206091b8d767cef15c13cbb9ecf8b05bc9bbe9ea446c0ae3ab81de2e61e0188,1006,1,1,-4.8055725,3.1508546,2.0842934,-0.9514694,0.023645878
1008,train_images/cc3d2e961768.png,47f9dc0e2ae6c260ebb4a796acb11d26f152fd8a81a5d313402918ebb60749e5,1008,4,4,-10.093815,-6.7096767,0.43797684,6.0958557,9.597506
1012,train_images/033f2b43de6d.png,8e60cef58b0e2cd08ba2302c380e8d58b2ea20c95b939342446cfd5470af84eb,1012,2,2,-0.85128784,-0.4483477,3.2980957,-1.9362564,-0.42260265
1015,train_images/6f4e0538d1e4.png,df7f44c4953df8aef9b14414e1398fdf33c49309f20a75c0658d6964a551f36c,1015,2,1,-3.119896,2.5622077,2.360073,-1.7567444,-0.47557735
1020,train_images/6cdd0f985270.png,545badcd89dd102ce071f396f91c162a3c0a8feb70a35a6561164a759beeb4d9,1020,1,2,-4.6413155,0.8901204,2.290411,2.2864532,-1.3607283
1026,train_images/f69835dc7c50.png,81874bbc82faf6ea815cab414d233c21dcfce8801c8bc9a1db2c63ac395dbf92,1026,4,3,-7.042488,-2.9618387,1.6034508,5.807617,1.9870567
1031,train_images/61d9c88a3a4b.png,6d68bc75e2f4e18917399f5b9b7f0b0bdbe7ed077a0d47db75eadede58060590,1031,0,0,7.029648,2.76306,-2.3720665,-3.834549,-3.7037535
1032,train_images/47b756014447.png,9ceb9bf8bcf927ce3a7333806683f7c025db007f23fcd92a810b261679774b19,1032,2,2,-4.378273,1.4654642,3.22645,0.71674347,-1.5422382
1037,train_images/7e70344b0c25.png,f0060f99accea9b7121df48521021855eec9078285d8ab6ae7dd4df8c24df410,1037,0,0,9.641792,0.65503705,-3.182598,-3.108818,-4.061908
1045,train_images/de778495a1cd.png,85a8ff391e96889511a3613f213ba0813c764a369af8fbdc96caf7176839685e,1045,2,4,-6.29694,-1.3679718,2.8015347,0.31215668,3.9828053
1048,train_images/4ef7144e24ff.png,0c0b490623672929be5942f45ba22dc067d806d23271a6e0dab4b7bc2b0a4268,1048,1,1,-1.71352,4.994488,1.7642651,-4.3031235,-1.1436529
1054,train_images/bb5083fae98f.png,63261e7f15632b5f6fb667918c2e1865f1dfb36aa77dc5cdd7d21debd43b64ca,1054,3,4,-3.7796555,-2.1620116,-1.5802612,1.1446838,5.910947
1063,train_images/55fd453001cc.png,b8bc353283ba0387fdb9f80402076e0a25b7c1446f01f5ed7e3678ae10d9ab49,1063,2,2,-3.5163727,1.3388156,1.9682083,-1.2758942,1.0182686
1068,train_images/001639a390f0.png,544414981a9dc8c063b864f8f7df0d0e46a0ae09b7fa171fabd65292947988b9,1068,4,4,-5.627304,-3.6330323,1.2662659,0.30241394,7.1394434
1070,train_images/5712e2aa73a2.png,065cdc945e19d25477ced9e67a035862ad0dbd106bc46cc955f3aa183ef1ce56,1070,1,4,-4.0049477,1.949848,1.5747566,-2.5371857,2.5135708
1071,train_images/da2bdf4236ac.png,fca36b38ddc537159f340fba16f1342bd88108f6c2ae1e38c0fd68253c038b1b,1071,0,0,9.187679,0.12122095,-2.5655212,-3.8766708,-2.9169707
1076,train_images/b7aca95b97b9.png,53ded39956a68bc6852b29c6552e9bd6714c3494cb5d2df53707ee27010bde12,1076,0,0,5.8164444,1.8648292,-1.2628326,-3.8877716,-2.6419373
1078,train_images/08f8838d69bb.png,cff11dee5ff5036b8a9657601ac73cb260059a5407c08f6edc6a3738d6116783,1078,0,0,8.442379,2.6921978,-1.2026634,-7.3853836,-2.6080563
1085,train_images/76cfe8967f7d.png,63f05cee7e8c7abcbd066e1417bbbe275ca69757ed2fd687c8a38461ec03769b,1085,2,1,-1.4003067,2.2922873,-0.7648506,1.8437881,-2.3554118
1088,train_images/8660e1864665.png,1d8b250995519e38f09ce6594db3167c03e8b8e4086c61b2f5bc4cf4c48ab6e2,1088,0,0,7.7595825,2.7927551,-1.6053162,-6.1728897,-2.8547044
1094,train_images/252305189b3a.png,04c2d9b6e49414fa3d1ffd1fe9dd6fc91134d4b5c97918baf5bdfc9bfaf76b60,1094,0,0,7.8337135,1.922469,-1.3418465,-6.0256577,-2.4628837
1099,train_images/20688cb25704.png,14722a3d9ee5eedfb330765763b89f7b7a17da174e9d1c30b3d76a82e7feca5c,1099,2,1,-4.5975304,2.5408444,2.4711075,-0.28059387,-0.6506324
1107,train_images/6dc0281f11e3.png,8ad2b4d3ec8775aecdbbeec5a9f6e382e6bbf8cd9aa028ed9840a26a9c55c011,1107,0,0,5.652668,1.7035354,-0.7662506,-5.887657,-0.84463596
1109,train_images/b8ebedd382de.png,62472eaa23964a3848246252c4b34601341e28fd16c97a2761c106cf88522a6c,962,1,1,-1.1024437,5.991439,2.0999527,-5.65197,-1.708066
1112,train_images/e30a890600e1.png,1cef8b154783149300b5f47cbb8b904827cb19f28e85dd5a2b66b461a3eb6397,1112,0,0,5.7163506,2.8329601,-1.0130272,-5.0789337,-2.5709968
1120,train_images/63c3c571b8ee.png,4e8caed4c5f83d972e8b39a0c1ca8787a49cb1babb3a78e5c4ad07e0ced0a423,1120,2,2,-7.3336296,-1.5556517,3.1646633,3.0632248,2.0497813
1125,train_images/ca7570c5925c.png,5f740a2f8670eaca8e451c6eef63ffb52f934d67dfeb0c7b1f941d85127e64d7,1125,2,4,-4.83667,1.4464928,2.2097435,-1.6435928,2.3273735
1128,train_images/beeca5f14618.png,582da01951ef35ad0236fdf206b02ed2b9df4a9070d50a57008df2fad18773b5,1128,0,0,8.120399,2.1696982,-1.5208626,-7.1274033,-1.6461487
1135,train_images/00cc2b75cddd.png,5cb035364c1425792280d7cf0a574d45f146933e5206d11a14b9d81866216788,1135,0,0,6.2214394,2.412046,-0.73983383,-5.786972,-2.2314417
1141,train_images/3b9817a39adf.png,839905d3893f5a066683c7a9480a90835032d27dea5ae52ddd568f04602ad5be,1141,0,0,7.5354156,2.7452703,-1.4253044,-6.66922,-2.2931724
1144,train_images/91e82fe4e434.png,7570ee36060897e63334b1d6608192595e316047e4bb2aed20baa20ec4d7016c,1144,0,0,7.825882,2.0211492,-0.70251465,-6.7047577,-2.540758
1147,train_images/bfe467b7e997.png,f037a82a799aa52803ce1a2254cb7267e993d55f066eb222f43d79d5bd0b8b5c,1147,2,4,-4.04665,0.732607,2.0613976,-1.6320953,2.4188547
1155,train_images/5a93c0f783c4.png,1a6e353a3acb5ca479b9e83422b4f60b0ea1a71825d86a0e3dc0951048b698e9,1155,0,0,6.462059,1.7311505,-1.9168549,-3.5425491,-2.8257422
1157,train_images/44e951e45dca.png,5d848f3c1d7dea0d8de9f25af92a0ad6ac65be0d19e8a590686008f6e6037f13,1157,2,1,-3.7171211,4.2600193,2.1357517,-2.3730927,-0.75922775
1163,train_images/962c0fc85e13.png,2657fa588b2b5179bc4a69a7f558150f383bc7e608b3d51c61d55b3e4d769061,1163,0,0,5.7188263,2.118918,-1.5940475,-1.7431641,-4.6733065
1169,train_images/c102db7634d8.png,4dc23f1960b3a5d527ce82f4330c6bd0fc30ed8f4f82dec8dd956730a6d84faa,1169,1,1,2.1983948,5.5411997,0.4913826,-4.2042236,-4.2676
1174,train_images/f633c474e8b8.png,a8e5c0d4ed138f257dcf28949eea5619bb0e0874aa63784c4e99f4577045c7d5,1174,0,0,4.756794,1.601431,0.19879532,-5.4810867,-1.2667503
1179,train_images/ee3fe7809e6a.png,b333414251bdbf4d05b986a5c30fd47769dd6910eebfac6128bb136b7c4c7194,1179,0,0,7.7025948,0.9323889,-2.3227806,-2.9525528,-3.478006
1188,train_images/97bf61736b86.png,7edd37e7da64ff0d9a877a8ebf2495c08bf18b4ad38bc5feec88971d5ec33315,1188,2,2,-4.8047867,-0.499488,3.2028255,-0.44335938,2.0338259
1195,train_images/855f0a5442b6.png,3456bedef490705f84a2f6e9f491195c48f7557ce441b48ec3d9b930e59382c2,1195,2,2,-4.5001335,0.8188528,3.5943546,-1.1824265,0.7853465
1196,train_images/e1b8acb1cea1.png,87399cf826489a02adad2640196600c7eff766ad6ef830df1586fabede2e9157,1196,0,0,4.57119,2.6056304,-0.6716652,-5.5105057,-1.1859093
1200,train_images/d38cf0f4a9af.png,b66898799fa443fdb53c046a5cd2ade6ca7133c7bf89eaadf125cfbefcdad161,1200,0,0,6.437687,2.435073,-0.31027222,-5.9248657,-2.7791634
1207,train_images/e23add229074.png,5d73284fa5bea7cc255ce741c2fa70673d42f9c5ceae799e532eb62032ad44a2,1207,4,4,-4.4715805,-3.267705,2.7024956,0.50917816,4.020108
1210,train_images/bebb3f167654.png,64271f82046a995665da5edd4f61c8609bb67ce9b6f16109bcb1df8aeb3d14bf,1210,1,1,-1.2174492,4.5613813,-0.044769287,-3.764656,0.105110645
1219,train_images/3dec415b188a.png,06c9b3a43fb4e6ae2b3b95994e45f9cfe16eebd260ec65d368cb41559de3bac1,1219,0,0,5.692749,1.081005,-0.7704582,-5.377754,-0.78804016
1227,train_images/c8fc0df22999.png,75c2b6b6cd4f9ecc2b5353ecfabd5b46261031ac2a8908cdf36d66418590df01,1227,1,1,-3.0970917,2.6360383,1.4302177,-2.0662003,0.6515765
1231,train_images/1d14dd912671.png,ce5b57bb7c1316065a3aad9d5ae832de2ef2a96bda018e772836485acdbd8d24,1231,2,2,-3.9735184,-0.79990596,3.3478222,-1.203186,2.1472049
1237,train_images/69b3a00927fc.png,ca92f2fa85e475e5f200deba85c875cc93989b2182debe28d7928694b63865dc,1237,0,0,6.684536,2.7838182,-1.1157455,-6.627571,-1.8386741
1244,train_images/9bd008aab548.png,031e4892fdc244960c3c0aa67e4f90f648057b5f0a1696977172ff8ec3b4acd6,1244,0,0,8.638393,2.380261,-1.5234756,-6.839119,-2.7144985
1250,train_images/a6731dd737af.png,98908df1c636ee9dfb42a624ce43d7cd3dbe52aa1a77c73133039edaae446c6a,1250,0,0,8.524914,1.6831685,-2.032627,-5.6284714,-2.5935879
1256,train_images/e3a7671f787b.png,45e0b6c1a49e31e1e74ee86527b22abb19af241207ca85c6049dc9d5b3969011,1256,2,2,-4.0002823,0.33886755,4.5625896,-1.7580032,0.3642459
1260,train_images/6f0463c1ff18.png,8cc194498af04e7cbdeb636afe03f0b97abe986010164196672e754cd0f4f6b1,1260,2,2,-1.6553993,-0.8618214,3.6261349,-1.1051102,-0.41325617
1262,train_images/80e7cc0a0649.png,d6e822ea917f17fe7d1847b8a912effa309d3c5fa97805428156f81fc89c408c,1262,3,3,-7.4680214,-5.3218813,1.0424366,8.677368,2.4255714
1266,train_images/b6d9974443ce.png,1d8eae919d112b0f0960c77a8648e5c9315ca372c5a5ad401cce20a3a25b20b3,1266,0,0,6.954052,0.95788634,-2.4386292,-2.1295776,-3.4923964
1272,train_images/976082127e2a.png,0f241ee74849cc6a59eaece8e6a4cdd4a05de245e8f65a73d977bc8a25a3cf10,1272,0,0,6.1863976,2.0387254,-0.92794037,-5.6941147,-1.742734
1277,train_images/cb28adab4e8a.png,153a51c5a21f40ada6050d4d19b18062f252113b964c641aa7dec5ccc2a61845,1277,0,0,8.716396,1.9278041,-3.0232048,-3.3089294,-4.384872
1278,train_images/eebd1e195952.png,d6077f40196045a4760de907aee8c52a8c05d53e511c68e88bd7735c0424134f,1278,0,0,9.994919,2.4612107,-3.380787,-4.277977,-4.819559
1287,train_images/b50b30aa6e6c.png,5be08103670fffd106198148dec4859bd0747e609afad0da41e858af17732ee7,1287,1,1,-1.2071686,3.3466043,2.3533115,-4.940056,0.0596776
1293,train_images/9a3109657ac1.png,db56784b762de05ec1ae3f5fd0f471f1462246050a924a40fe1c179bd4c022c1,1293,1,1,-2.0870667,6.237382,0.7784996,-3.936386,-1.3688722
1296,train_images/ff4832d55461.png,3dd2cbb8a22f390420a964768210bfbe5da54fe834d7912ac4d90a4df5c1ede7,1296,0,0,7.8734093,1.4306043,-2.5611267,-2.7949677,-4.0429697
1301,train_images/4a0890b08532.png,a562e39baae39e773ee3efe50fa30e1861161a7bb8d5d8b303ae38c80e33c423,1301,2,2,-7.8587914,-2.5875134,4.3613987,3.5951157,1.8203998
1308,train_images/8564b7aa3c1a.png,3dd241325a0f466e01ed545526d4f6dd7a42092e8dadde51f99a06e70395810c,1308,0,0,7.2036057,2.2082639,-0.9108238,-6.191353,-2.4212768
1313,train_images/15f440753916.png,0a9af91de49caf372f9905093b6cbba0c3204b3b23a3afe76a09c44bc8c929d1,1313,3,3,-7.4969177,-2.5938487,2.9274502,5.013405,1.5245876
1317,train_images/b6bf847fbcb2.png,7c92f2c5481b21532b710604e60919a5736ff757fdd2c4465313cf995b587fc2,1317,0,0,5.938423,2.286522,-0.95163345,-5.811455,-1.6315875
1319,train_images/bb733062f494.png,5cf240b383e11285b5377d02896dcd409355693b01403e7e0e349f043247b606,1319,2,2,-5.3868523,0.867514,2.9830837,-1.0927811,2.1143103
1322,train_images/37c4dfe03aba.png,4b978630567ba0a06edf803ab37a5e0ce1da5f275e5e5aef8f026cc110779cc8,1322,4,4,-6.9773254,-1.9401182,1.7606602,3.0941315,3.4862776
1326,train_images/d16e39b9d6f0.png,1487a147691df11aa38895f6502ccebdd6bead66ae960bc974c4f7157a16d893,1326,0,0,6.4837303,2.0620837,-2.7002678,-2.4004211,-3.5733836
1331,train_images/12058bbb8299.png,176557cc89459c69f2168dec71da5241afcc57e04afb462be6ff4ca7aac25ab5,1331,0,0,7.325077,1.0929145,-0.8665352,-5.675827,-1.9898098
1339,train_images/4a5a6efc0bef.png,0cc175fc2e69b6781270595f6b0278984ef5085350ad45cabb6e1cc327981270,1339,0,0,7.7136917,2.811839,-1.8111725,-5.5137405,-3.2876573
1341,train_images/be3a7d9e981e.png,725320d109d5d4805047358f8f025f48ea2fe0d3833b9a4f1ae2defcc867817b,1341,0,0,7.1170273,0.5503212,-3.2231064,-2.0620728,-2.5043228
1349,train_images/6b91e99c9408.png,d30574bba09ba36ee383af6bc66f433c118b18d38c32c5f101e4e1806e87a53c,1349,0,0,8.370228,0.07133341,-2.8762245,-2.2215881,-3.4474583
1360,train_images/1844a039b4ea.png,6238fb4f598e30c7fb7048a80b4b574b3f94d0cae76fadcb493a70a6f42fbe96,1360,2,2,-5.68375,0.60297334,3.473297,-0.50260925,1.5836072
1363,train_images/9e3510963315.png,ef04949aea7f984e2f5c2849e51acef96e231694dff257dbf8c2d5fde4b90d7c,1363,4,2,-6.973385,-0.95664674,4.12269,0.3057251,2.9123497
1365,train_images/60edda7b4871.png,b57c493e42f062cbb38288863cb75a09d1ffc07810d6ef08cacadf32fc8e772c,1365,0,0,8.277416,1.1707734,-2.3664894,-3.0039673,-4.1818933
1373,train_images/b55d2ddb3e75.png,4c2cef100ec0dd1ab124011471bb0c2777c59c28b0bf3ed888989e78fdb50b75,1373,4,3,-8.277752,-5.0194697,3.76083,5.653778,3.2545795
1378,train_images/172df1330a60.png,60bfcdb5bdb568c7795e56bbd9ccf9fead27789709b9cdda2c397915e76e8c4a,1378,1,1,-3.539837,3.7388344,3.0937462,-3.7652283,0.023465633
1387,train_images/cd8da43e3069.png,33870534604ed3f81be0873fc59e3c031416cf8d902a50355362a19b6b0174ef,1387,0,0,6.113186,1.7423302,-1.4909515,-4.947853,-1.5562191
1392,train_images/d4583e9525dc.png,9913447817d1e6f4d76fbe81fa345e2d46f79a85b3be78ea179f3982aa537d6d,1392,0,0,8.105652,-0.026982903,-3.0895615,-2.708107,-2.368998
1396,train_images/b187b3c93afb.png,ef04949aea7f984e2f5c2849e51acef96e231694dff257dbf8c2d5fde4b90d7c,1363,2,2,-6.973385,-0.95664674,4.12269,0.3057251,2.9123497
1399,train_images/07a2b8cabf6b.png,71b13f01b62aa3e2bb4ce7e5d2e1dc3381ae232d09267a91319384d93fd9a583,1399,0,0,8.59037,2.5399165,-1.3461113,-6.3584747,-3.4720438
1406,train_images/ec6659926105.png,4515cb1784ae0e0f677606876337620c88778d9e3ba6e2af05cf60e4627ca812,1406,0,0,7.9108315,2.400146,-1.2297745,-6.839775,-2.2977123
1410,train_images/dce73d90c00c.png,3c85e2348f81adb04696fd1a02f8a2bd72243d9bcee16a8bc25e87891100ad58,1410,0,0,6.2551575,2.100428,-1.0556564,-5.525955,-1.9169025
1413,train_images/21037f5c7790.png,b11dc14e37a6954e65ce480c0ed0c195c86e63a56df703a2bba271cb2c24bb86,1413,0,0,5.4949036,1.749031,-0.044273376,-5.8023224,-1.6133294
1416,train_images/e16af45285e5.png,c7961ba86f95d889dd06278e60d1a93e74ad834d8a5aad79b5c8a25c77c87110,1416,0,0,6.905834,1.8516515,-1.539463,-5.5268555,-1.8092508
1423,train_images/cc964bf04dbc.png,a21217c26890a330e9eef6f94e9f049f9cc618b9c28485e44ba42819ebf687cd,1423,0,0,8.662258,2.7230449,-1.1676064,-6.662201,-3.6043563
1429,train_images/f366fb1cc475.png,b6a32b98e65c335d6d75122d658633b23c1b48de8f49b1890044c740799ebc96,1429,0,0,6.6704865,0.40396535,-0.72034454,-5.6906967,-0.77703667
1434,train_images/7ec1ffe8220b.png,f08beb0893678eacdf3179fefb28f8142e93d5b16dcbfbf6e8f6a2fbe3f54cd6,1434,2,3,-5.9192505,-4.1802917,2.481802,5.2423325,1.7938852
1441,train_images/e3ab63dc9a60.png,27fb9f506b1134cea8d266720e43ab465571e943f911d4fb799599acb01a4eb3,1441,4,1,-3.535244,3.309022,1.6246567,-2.4438171,0.5871711
1445,train_images/4246ed634f25.png,27245fc87a66e9a594e5f9a6c1359b12d2c51253353ad08363e9363c8cc797f5,1445,2,1,-4.941494,4.515118,3.15773,-2.490303,-0.73917866
1446,train_images/370f575adb23.png,174cb4aed825bf3fc31f663440f2bb115de79bb5d7b4aefdc5a61a30f7e784d8,1446,0,0,7.093048,1.6879245,-1.2357712,-5.0321503,-2.6176054
1452,train_images/1ade1e949383.png,fa1affe506782f3de8d0e89852a4f301dc20a4a6b8acc0a30cb337163e41116b,1452,2,2,-4.7429657,1.5155269,2.720848,-1.1093979,1.1289043
1458,train_images/5257cb536da2.png,5364f9306e61b1bd66b7dbbb86c75afe4d6c57f5d11dce4c74aa59b9ea4b67e9,1458,0,1,1.3942375,3.1563077,0.6773453,-3.447647,-2.0527256
1464,train_images/071435a218ec.png,d58d447fd6f0d1f67837a229d97a25c301d42d8caa2029907fc62572b78541cc,1464,2,2,-5.2694664,-0.9103583,4.8662415,0.4067917,0.36881018
1471,train_images/8201cab8322d.png,d43a8440f252d196f5ede3054e9792ee86e97bd74afea396a7b740e7ba2625a6,1471,3,2,-2.8085861,0.35049272,2.112278,-0.93714905,0.86027336
1474,train_images/cec299c2a2d5.png,2e22803136e84f9a23ab4990081ce552e3fbb73d0289b2375f82d32ccec273c9,1474,0,0,5.9025955,0.7471596,-1.0575104,-3.9657211,-1.7316175
1479,train_images/1cc58b15f466.png,729780d65c747bb38b41bb839462c2945ef2dcd2c7fd2b32822033147183c298,1479,0,0,6.3875313,0.99442565,-1.7625389,-4.0889816,-1.6151171
1483,train_images/cd48cfab4e44.png,bf9457df1acabbf2994ffdcece394a845e26dff04f4278b78e6890d594b275af,1483,0,0,5.480934,1.5644165,-1.560482,-4.2432404,-1.3521914
1489,train_images/10eefba568dd.png,9544c1e7dd75d02e8f74963d64844a5397194d250a2d21bb89b7d2f9636fe64c,1489,2,2,-2.6219177,1.7995027,2.186119,-2.6882935,0.8881664
1495,train_images/ceb601fe8dba.png,1ad63c0642b6d0fc7ff822cdfcc4b67b622993e8831eea416ea12d3972ffebe1,1495,2,2,-4.3702927,0.32681942,4.093128,-0.7340164,0.20229435
1497,train_images/6253f23229b1.png,63f05cee7e8c7abcbd066e1417bbbe275ca69757ed2fd687c8a38461ec03769b,1085,3,1,-1.4003067,2.2922873,-0.7648506,1.8437881,-2.3554118
1501,train_images/94145d1f42cf.png,9e593d8af55edfbb3ec976e9704aa80c383962e326131b033bad7c119e11a7fa,1501,0,0,8.482037,1.1467429,-2.6077766,-3.6207733,-3.4916844
1502,train_images/eae70f527755.png,ff2278c0f4cc7aad62f2a23091114cb154ffa6fa205f5f072307530ef433181a,1502,0,0,9.265728,2.1363282,-1.3266449,-8.089493,-2.0300815
1508,train_images/499c8df39222.png,c142389623aebc08b6f9dd17acdcc10a6b1799dfcab78029b1f25d3135a643e1,1508,4,2,-4.5428314,2.4423609,2.5629368,-1.8529205,0.8856392
1514,train_images/03ff7d159f10.png,587d1ac74d21d49aa8ae818c2a86eb4571cbb7708ee7ddfb83cf187dfba077f2,1514,2,2,-5.791462,1.2563177,4.5151978,-1.0130157,0.48591518
1521,train_images/8f318a978844.png,eb33fb8222f2bcb8631185b8bec8233e6d53daad63fdaa15c02d3b38b06717a4,1521,4,4,-7.3682976,-2.9083133,1.8934288,2.2795334,5.5202103
1523,train_images/bebfbd907cac.png,40a488e90cc2090618a7d6c54f09d55fe2d461b2af499f9fe657683fcba01d28,1523,0,0,6.8623314,2.6062236,-0.7151451,-7.2026596,-1.6819763
1530,train_images/aec51513cf45.png,78f56f28857916e4ecd4707d1f4ec92be2052482da3b6247b80fd37ffa92892f,1530,0,0,9.179646,1.7265345,-3.5127373,-3.023857,-4.420054
1535,train_images/4134b290f5f3.png,e40b592f129db48ec1a70fd8a1171ec595f3ea228d9d081ece24763a9baee694,1535,0,0,8.445747,1.4661914,-1.9346733,-5.381798,-2.611805
1543,train_images/24de56d433cd.png,44def2b7fe08527313a0cc98d05ce770cf3ed3a226e5ae8067605979fcb47822,1543,0,0,5.995697,1.5519885,-1.1561203,-5.2531433,-1.2728872
1548,train_images/d9311f7497cb.png,342a848ccbf0d1ed0a05309c6e1c7274e8840cc73db585cbca53567b72defa2e,1548,2,2,-4.4373856,3.3161788,3.9116306,-2.413124,-0.86719084
1553,train_images/f361060eda3e.png,83901f796ebeeeb5c39d82f78a3c52c55e49d7b9f5a0d0ffa54c20629816de1e,1553,0,0,7.4935226,1.912963,-1.0374985,-6.2139053,-2.2543583
1556,train_images/10fca1abf338.png,7062f2b63ac22ad961a3e005dd35d4499dcf182c7e9aecb8e946cd47e1c4710c,1556,4,4,-5.554035,-2.138473,1.664154,1.2567444,4.2090015
1564,train_images/8c29a76fa08c.png,12f3d5fd0bad27803ba083c6e0d0753780ce10c1cb53f2574da4b932b5d1b6b8,1564,0,0,5.2703094,1.3769699,-0.48503113,-4.786644,-1.5460596
1566,train_images/1faf8664816c.png,8990ce72912acc86a2bef8a22eb1f210040a3e402c1d6ad04423102c717e7793,1566,0,0,5.870949,0.6883081,-0.7700958,-6.58815,0.60493755
1572,train_images/83038ca49b6d.png,7c92944228879d7b59531e9ad00a99b21974b984c7c223ed4f7fbd127b813788,1572,0,0,8.02475,2.056563,-0.776165,-6.6914444,-2.6989594
1575,train_images/58a9e0d7f7af.png,be1c071611604e7164cd8d15c591dec83bba2ab8ad25135e828ac9c99ff28e4c,1575,0,0,7.7545776,1.7450947,-0.993515,-6.762581,-1.832916
1581,train_images/27fca9f12b3c.png,9cff705027877c45e41e78a012c239a0eedc35e15a90127ec2f249fee6b0e833,1581,2,2,-6.4498367,1.537126,3.2568817,0.44789124,0.6285019
1584,train_images/d18b1d8ac4de.png,153bf95d2b1533348e3bf0b5e5ad660980dde4643f34647c36a4ac19eee2ec36,1584,2,3,-3.245369,0.7980069,0.7887535,0.9731674,0.23206568
1590,train_images/3c9529918097.png,6d01fe4ee594f8b803fa416739c93e045df9168d906480384f5f41d1e82d8a06,1590,0,0,8.065861,2.05828,-1.6721306,-6.6094513,-1.944566
1595,train_images/3a122851e526.png,81ff49d7d8109ffa5351473076b38bd5afd80aa15af2e2ea33428c29ca3af456,1595,2,2,-6.283573,0.3845123,3.8645535,1.1085587,0.36602163
1603,train_images/4b6cb0bcfd44.png,e605a9f32931aedfcb06bf38f609d377970389426754a927acc73e955cd479b4,1603,0,0,6.017174,1.1039518,-2.2944183,-1.6466141,-3.3472304
1606,train_images/1bea04b2bb2d.png,62df3dd5e5482d39d92c714b80ec4053d5abfe878725552480a9c5c76e858dd0,1606,2,2,-5.647995,0.55733526,4.656645,-0.4543152,0.3220458
1613,train_images/4a4cb731f91a.png,a35c9e4b1fa28381ed7823adaf034266d7d49841dfb99a1a165a1053384546b9,1613,0,0,7.108074,0.87452686,-2.5633507,-2.3059006,-3.2450573
1620,train_images/3ac92ac3d65a.png,e16e4484e7f2e79eafdb843c0d305ab5edf09d6f0701b2b4e25b1424cffea5fd,1620,0,0,8.006687,1.4911023,-2.6058311,-2.7228165,-4.258476
1626,train_images/0318598cfd16.png,0811f5cda7284e76ada4af682a9370130bbcd9d10a55301a708fb9c07380f7f9,1626,4,2,-5.5604744,1.5875884,2.4319572,-0.36727142,1.3518515
1630,train_images/896ad584a841.png,2e46bc34ca3b24498e3c7340b40185f4c8701438529e90fc793d18f93505a937,1630,0,0,9.638901,1.5000776,-1.1203804,-7.154999,-2.911407
1634,train_images/1f15ca672675.png,931a3dd2e2d469dd77b3ed7d59b678e09d6a31f0e91c0c15e3a6ae2ea0ed26c1,1634,0,0,7.5659637,0.3861965,-1.7562103,-2.720169,-3.6263232
1642,train_images/49eb73968c44.png,b5ec6a6083569c6089923cf5836a4714187f3270af2287c450361f2469b57039,1642,0,0,7.3191185,2.3286505,-2.5159035,-3.3375092,-3.9122186
1651,train_images/b376def52ccc.png,395a0ae477f4032e13e82ee1e57700091d95496c233f63601c94c53cf76e4d62,1651,2,2,-2.7912216,1.061334,3.3350773,-1.6522446,-0.41852093
1654,train_images/6d6fcf49e515.png,8f34bb18f5311dd613087b43a5d968a511d2349f4e86fc33aa0edc1833e017c7,1654,0,0,7.706234,2.1147637,-0.8008537,-6.530159,-2.5727177
1657,train_images/8446826853d0.png,2f8071e2a344253ddd9fd784646738464115059910141e14202cd6e1956acd62,1657,2,2,-3.4698792,-0.4998554,2.09379,-0.058776855,1.4591188
1662,train_images/531b39880c32.png,3594b779d79b6a873bcbb458144c8629daa9fa376f8916566e15d9bcc2fc869b,1662,1,1,-2.565384,3.217338,1.9825706,-2.3691711,-0.7056112
1663,train_images/01d9477b1171.png,e4e7d46440ef452e9853dc86ab56094300c38010383d44252f0c757ed0ce9766,1663,0,0,8.040764,2.2804456,-2.8010483,-2.9301147,-4.6681137
1671,train_images/b5a3ca5c0a80.png,a315bdd7bee9d0bbf7bd1da8760b6e4488884d3c0c10111a59fd56a6e4e80c78,1671,0,0,7.743065,2.268118,-1.242939,-6.0364075,-2.8170402
1676,train_images/527bea76116c.png,060c1adf6806035357d3e09b512778ae877a722cd504aa670853d18c135514f4,1676,2,2,-4.305931,2.0300922,2.855013,-0.40449524,-0.6619129
1681,train_images/7d8f67cadc29.png,be4de444902b21a458acb748e15985318bd62a278674cb451c161aaf81491b8a,1681,2,1,-1.3267708,4.004511,2.5621586,-5.9874344,0.39257526
1684,train_images/3f0d3629d69e.png,a40655cb7b073c0e4a1d01e3e7abd175a1b589bc69ef6f56462e6e36c0c0b1c4,1684,0,0,7.264179,0.7301811,-2.0720406,-1.8408585,-4.230018
1693,train_images/98f7136d2e7a.png,b0d4d28b889d397baf01efe5d67e5ba4029ab302a719e62b525c4964fb940e7b,1693,2,4,-6.7237816,-2.1238875,3.1817112,1.1380539,3.9600039
1696,train_images/81d79d53ed7b.png,51fd089949a2d5fc6838eeebff313231ba8dccb0e1f0555d76f58aba9fddc3b0,1696,0,0,8.922489,1.6494778,-1.7968178,-5.627205,-3.1475775
1703,train_images/86fbac86ed3e.png,bb9ddd3c6eea2bf2af7645887a905c6f13b1395cac69a445f2ffd137346816ca,1703,2,4,-4.6761665,0.016429543,1.7311821,-0.61920166,3.0331926
1705,train_images/211518c46162.png,9ce13ebb91b5a1737e9c9a37d21cab8f29eb459a04c85da5f77b097c7b9e57a1,1705,4,4,-8.256702,-2.0867429,1.1066418,2.779976,5.839385
1710,train_images/ed6704e3b72e.png,e3c34e63ed721f759f5717522ce5fb98f3c8c8e66181423516bc7c854389d8bb,1710,3,2,-6.928585,0.28112304,3.3190575,2.258545,0.48919868
1715,train_images/f8f5942b690e.png,b7da8f71b6137c44633815a2601515faf427c380e4f52c834847befbb6352887,1715,0,0,6.6881866,2.1459522,-1.9423828,-5.234947,-1.738492
1722,train_images/1409ab48175a.png,b01d9e49af133811d05695584005ac99e322a4496e9de963d58c8b6e073121bb,1722,0,0,7.07238,1.6950396,-1.166214,-6.415573,-1.2916155
1724,train_images/d81338217fc5.png,6eefb8db8ed7fb7871d2f7b6a3c19a4f05512406e02c269852e8f54ddf1e6c93,1724,2,2,-4.0166626,-1.0521517,3.2279682,1.183464,0.17797709
1732,train_images/991a0b7a8c87.png,3baae8f15493fea65d09d5127fc54cc96f29130639a453216fa4c339e9f6e9d7,1732,0,0,8.899292,2.1937232,-3.5000343,-2.9070206,-4.7431507
1738,train_images/9ab18a4a957f.png,7bfd869d97691e9dd404dfb3fdee40a4de9d56362a698e5ee67031493bf745c7,1738,0,0,7.106247,1.3064362,-1.8811111,-2.3148727,-4.370654
1739,train_images/7d1da90d3ca9.png,61d4e111e948bd2e9e4d03a8207e456da860acbda70e9e541dfdfc3948a09204,1739,2,2,-1.6358299,2.0042934,2.8954945,-2.996933,-0.65241337
1748,train_images/5077cdb88aed.png,e2a7ac4e93f2e096769e9266d0ecf3476c197957d90cd8f97bdf6f0af91389e6,1748,0,0,7.643009,0.9515008,-1.0806313,-5.5305862,-2.086843
1749,train_images/d3e884109b45.png,46a8706d80bc8a135ea4c7430d124555ab47bd5f6ea926d74dad2bb2ee0f4557,1749,3,3,-5.6396294,-1.3562665,2.199852,3.496521,0.7877116
1751,train_images/10bf25731c08.png,2ad1483dfdfb4a2b81609f8a152083b9e18b1dc8c87dec39bc91606312ee5036,1751,0,0,8.973164,2.103839,-2.0351677,-6.3656235,-2.7324045
1759,train_images/956765d5f46d.png,d13f3770d81a02ce8e0272dbd919f4c4ea2d711464ed2459978690cb8cff4ca2,1759,0,0,7.241165,1.6093434,-1.3921738,-4.6083374,-2.9325974
1769,train_images/0abf0c485f66.png,eee2fcc8ce8e24c9aa13f5d7d6c2b30b84d00fc97d1c29522cdb3e69fb0bdfaa,1769,0,0,8.402054,2.010706,-2.9692192,-2.6616364,-4.865443
1771,train_images/18b99159a14f.png,f67ac0b46bf91b3a7360f00d7fe41064e89969f640be4e963c9360b2342a3dc9,1771,0,0,7.973072,2.8257046,-1.3056564,-6.4889984,-3.064709
1778,train_images/7102f29e052e.png,7df14517be051cec7651b65ad5b9e759a76207cd0f7a5cdf54d3803478983121,1778,2,2,-6.3433533,-1.4480196,2.6557522,2.5003815,2.0544071
1780,train_images/df9cb3729eb1.png,ae56e20329211bfb1115ed23aa444b1a67eb896a3e239bc21f776eced8c195b5,1780,0,0,7.0630035,1.8684124,-2.9067345,-3.1005402,-3.0439887
1786,train_images/721214151233.png,6f334306b523113fd6f83be3c7e0daadc620ff961976f13f4929edfb5c99132c,1786,0,0,6.728218,2.657279,-0.9139252,-5.9037857,-2.6728919
1794,train_images/8010c931321f.png,7945b5fa7e54c0f71f4257377da4028bfb7d6265db758aecdc2bc0fdcc99d5dc,1794,0,0,7.2832108,2.1141868,-1.1889687,-5.6766434,-2.6263037
1796,train_images/9c088d2d1559.png,6c246305f61c7103af15a69e8b94b146c1d16e897d4570b7ed092ebd390ad4b3,1796,2,2,-2.3498955,0.45963466,3.0207005,-0.27905273,-1.2950234
1797,train_images/a32886cb31ab.png,bf2719b61ef7d882e694a3fb7bd86022f122a8967d12b711708403ff2ce8d666,1797,1,1,-1.7340851,3.7985673,-0.13913727,-2.8134003,0.5352526
1799,train_images/cc839823755b.png,9bfcc5854766d92c2f3bf3426604730d6f88431b373c14dfbb34b5b11ca77d08,1799,2,2,-5.693409,-0.26897705,3.0555553,0.5495148,1.821621
1806,train_images/3f82631e9080.png,0f3b86e6d81647f364b84b54fe54871ea7a0c55fdeed11405da479dd36edc59f,1806,0,0,6.629799,0.56093585,-2.3749962,-2.1880493,-2.7962735
1811,train_images/07083738b75e.png,916542e5e567e3b870987e3ec7d43b2b1818dce2c24f45cd9f4c2ca09594e644,1811,2,2,-2.1348991,1.3493849,5.1854057,-3.4649963,-1.3491621
1815,train_images/f3b27ac2d371.png,23c2515dbb3dad274b7975aa51ecea89378a12d78bb23325ed42c7b9e92aeea4,1815,0,0,8.297058,2.9485073,-1.736309,-6.3346634,-3.2400436
1824,train_images/ca30a97e9d13.png,fb1c06bde3bf619735af9ac44d9b8beca9681d8f27ad0d6f1575c700fce9817e,1824,1,1,-3.592205,2.4263005,1.089859,-0.42015076,0.056904316
1829,train_images/709784f7fcc2.png,029c23fce34b9216852b2835e96e51fd9da47d9185f4750d7556381f2d401337,1829,2,2,-5.5224953,-0.5503198,3.2624722,0.37003326,1.89536
1832,train_images/ac720570dd0f.png,7dfd1bc3b095f8016f23763f78318b46c9f9fd4b565c435ba328668490c4e978,1832,2,2,-1.7137489,1.1959223,2.7043648,-1.6088638,-0.954761
1837,train_images/a3132c8828e4.png,3d2142f9f3971914f09ff515fe995122c9a825a49462dbdd638bd320bc8d9e5e,1837,0,0,8.31855,1.9322261,-2.7083473,-4.013489,-3.6113896
1846,train_images/c755a0c4edcc.png,779a5f16180ae04773af2f3b3ccb47675b191fbc348e2e002582a3ec9a253583,1846,0,0,7.1103783,1.3515877,-2.5526085,-1.8515015,-4.1814923
1854,train_images/58ccba7eec9c.png,b47e1ee76ce6d7d03bbc5bb35e0bb699df6dc436f7f8a7f44bdb3a9d25601c17,1854,1,2,-4.4535255,2.1532707,3.1490154,-2.178009,0.8344364
1859,train_images/98e44127872f.png,5b25a0724ac8f06bc6130031a84d03aed4837ebff32e9088a6da5c8c4a772608,1859,0,0,7.309307,2.7496166,-1.1276932,-6.740944,-2.271983
1866,train_images/7bc00e58d419.png,aa919920feaac259811f657c458d2dcef89ecc086a00cd6c0a992ef4d8b4abf1,1866,0,0,7.7315674,1.9915789,-0.9028816,-6.752495,-2.1465921
1873,train_images/e8d1c6c07cf2.png,a58298c93c8279654eed8f04c88e20e0e0d7f41aa879b4b9955073bea77c5830,1873,3,2,-5.007984,1.1570469,2.8653889,0.34160614,0.14829302
1877,train_images/e9f82b5bbaf4.png,e6bb54b34576ed057a308ce8d54db045c2252086acc8efc748c3b2a4cb8fedfb,1877,2,2,-5.3383293,1.1855954,2.3705158,1.8276291,-0.5929432
1880,train_images/35ac70c0d08f.png,0ad21e1aca6697e35e8f51c028d7b4193d0faa02c56224a856680ea3d0e0e214,1880,0,0,7.811981,2.2421641,-1.5374069,-5.593025,-2.999405
1886,train_images/5ead17e894ae.png,96b336589affa1ae46960f2d3eae3cde4edd44adb30478a3efff1e43075361f3,1886,0,0,5.180275,1.7295557,-0.8286667,-4.1063538,-2.109373
1893,train_images/a9a28c37c8c4.png,da801506dd021cac4c480f5c62eff1e6a75a211bfa9c9fa38dd3471c198a2a6b,1893,2,2,-1.7770462,0.6309513,2.5954285,-0.97050476,-0.9059124
1896,train_images/f23902998c21.png,a58298c93c8279654eed8f04c88e20e0e0d7f41aa879b4b9955073bea77c5830,1873,2,2,-5.007984,1.1570469,2.8653889,0.34160614,0.14829302
1899,train_images/c9485c38fdd5.png,8007a8ea036021c27a69160557fa275410169f50be8cf6cb396eeb731fdb667b,1899,1,1,-4.224167,2.7658105,2.2193604,-1.1885681,-0.06369543
1902,train_images/518e880613de.png,55e1c4493c442c4e64294af2c794b3663cdd0d5f36e0299cdacf165c4b8bf2ff,1902,4,2,-6.61742,-2.155368,3.6376324,1.2638855,3.27275
1908,train_images/e1ab92228e60.png,ed8fbdd3792ee6cf27989e1901321a2a71c10997b0124a88ef23764a061f2505,1908,0,1,1.5618706,4.5538487,-0.10902786,-5.7670135,-0.49911356
1916,train_images/d5ad3362424c.png,4948c81a633f3ff0fde7ade239a76dadadd94eb10eb310c19eadf598943e0b76,1916,0,0,7.5594482,0.6214341,-1.847599,-3.491272,-2.9128852
1918,train_images/9e2ba2b979f1.png,cd8bafe23175b0f5df809400169000109e98cea55fc3a2a844e72c62ebc29b5e,1918,0,0,9.131474,0.49669635,-2.8677254,-2.457016,-4.3725543
1925,train_images/a8dea22ef903.png,88c4c96ea7c756ca021ec42fa989e76d9d7b5ef61cdd10eb95e49628d4ca555c,1925,0,0,7.5663185,2.7195292,-0.8830719,-6.373497,-3.1213722
1931,train_images/246e4506824a.png,6b9762b63ec6a973c73433855642d2c06c7f9603fba7903a665b30107280f49a,1931,2,2,-3.7030334,1.2048186,4.0884037,-1.5799255,-0.5023117
1933,train_images/9095d43fb132.png,915896d94bd178eedc020c8d345159883cadda48b6b59976d349eaf60ce28b03,1933,0,0,7.627552,1.5208725,-2.8926926,-4.014946,-2.3019552
1945,train_images/201f6e10c108.png,1daa6e51571c2f9535584de9ff3d8007d1518db5169caef48f4262e358198178,1945,0,0,7.23999,1.9272832,-0.8141365,-6.090637,-2.378499
1949,train_images/e7a7187066ad.png,50030ec7d40919ba8ae7ecf7cc145950f1cea65f54da0ed9630dfd3b31c9a026,1949,2,2,-2.9356842,2.9433813,3.5565395,-2.6988525,-1.3050871
1954,train_images/01b3aed3ed4c.png,64b5e7d2dfc6c512e0b2bd6693a3d355e8a2134513bfa5cb2de2c0d4b046836b,1954,1,1,-2.1923027,4.1620903,1.3101807,-2.3725357,-1.2973676
1959,train_images/9a78c6a7b1c2.png,581f45f1a41466790496ec2f30913f81bc87f243ff4ff0975f81262d97508a4e,1959,2,1,-2.50597,1.411179,1.3733864,0.30769348,-1.011755
1968,train_images/14ee87d6cc42.png,0ece20f58424747e1e779649ddafe146a6d7cd42527e717d92cd21f07a4d30e0,1968,2,1,2.8344688,4.490005,-0.29402542,-5.0558014,-2.1671278
1974,train_images/4a0bba3b7d83.png,6d014f94e908f161aa21875d8287d2bff463775990cc4fda290ef7fad7b11a0b,1974,2,2,-6.031891,0.3976916,4.209175,0.57341003,0.27938032
1980,train_images/9a9b21215c55.png,8b41663d986a523851ce327a6e8cc075786449511567886a8ab2498635a950d1,1980,2,2,-2.3300667,-0.005441785,2.7090607,0.4233322,-1.2192445
1984,train_images/af6a1508cd95.png,20934d44034f6012a2755775dbecd5945511d1022d056048ce3381277a049101,1984,0,0,3.3827782,2.1158772,0.47890854,-4.302986,-1.8842916
1988,train_images/4ecd1fdd1435.png,77a1a4d1b1aadcdf125a179f02afd630c2f8d608cb4563dd37f3f686de765983,1988,1,1,-1.2494698,6.3814445,1.9116974,-5.3754425,-2.0418391
1990,train_images/3128eb593012.png,3b4efe4849bd041d34c7cbb3c201e269e9936b0253d17d645d7e4aa173411a53,1990,2,1,0.054122925,2.428524,1.8390484,-3.847496,-0.80321217
1999,train_images/269b44e628eb.png,0f2188f23464e0654c72c0769480d5d001218fb4188816d9106aff7a9729e024,1999,3,2,-3.0718575,-1.8261261,2.4052925,1.7914963,0.17620325
2002,train_images/a0e635689259.png,0b25ebb19edd2f4899eef7199e7810b0a790f3185af406852c5fb4ff41f9a31c,2002,0,0,6.7607193,2.727704,-2.305355,-3.170021,-4.1553125
2009,train_images/8a482c024fc2.png,fe9e08ec803d43b3e7e47101d67cc08d98b4ae0b846012a8b5dabbdb1596657e,2009,0,0,6.542965,1.690152,-0.85847473,-5.6007767,-1.8758476
2016,train_images/237c078d00fc.png,799c6d1f88d5d844b1e75081cbdbbaf020b012186972aa6b026dabfa5ed8cdc0,2016,3,3,-6.9227753,-3.1794834,1.9523678,6.2339554,1.3008323
2020,train_images/ff0740cb484a.png,63d7b5c9ac929e83d6ba6814516b856d42371fd4b1acfb667379a4c7f5f0ab87,160,2,2,-6.2478027,-1.1818144,4.1420956,1.2121277,1.5044041
2023,train_images/0c76fd494af6.png,0b44d5b9abe1dc6eb8d275b9db201453ccedb99f8ff92a835d624d4e475e7cae,2023,2,2,-4.7707596,-0.13495994,3.564207,0.8019104,0.011351585
2025,train_images/fce73678f650.png,afb9e7bd70ae874dc284eaf3a43f03475ebba5aa0d12236a6a304b9fdef398fc,2025,0,0,5.222851,0.5301691,0.44774628,-5.723236,-0.6481471
2028,train_images/9cc6b1f9bcbd.png,ae8fb83dc445ff2ec7cd8eb38bda2e482689da5f7c6cde264c6918e33104ca0d,2028,4,3,-4.64468,-1.5971131,0.09511185,3.6813583,1.9499235
2029,train_images/1a7e3356b39c.png,e9f7acbd72c9f1c4027c71181bb9028e472e08d4d07ca8ea4725bcdc08ca31d1,2029,4,4,-2.831726,-4.463168,-0.17676163,2.1659698,4.8666058
2035,train_images/7350c50667c5.png,a52b25af81a8bca58dc0377289e5dd9c6178ca1c386743174a5ae03c9b20f27d,2035,2,1,-0.6893158,4.997313,2.5899582,-4.3552628,-2.9046068
2041,train_images/1df0431bfa73.png,f312b3b124335b0b1cd66889e3cc7d06b3b545e0f3e4d1ead951c9986e2a4984,2041,0,0,6.654789,0.8868524,-2.185341,-2.6704102,-2.8455124
2044,train_images/bacfa2b8e706.png,3b56a433622ac8c604512b0b6d9238b4d0a9669b1a25f2caf4b2e916b8a822bf,2044,0,0,7.492298,2.3021035,-1.5870323,-6.2920074,-2.0000792
2045,train_images/a94da3d3b5c0.png,ea7d2890a0823570773ed75075bde4b1882901a3b00201e3bb878e101bcabe78,2045,0,0,8.172188,0.35846436,-2.5609016,-2.222641,-3.8502629
2052,train_images/aa0afc41ed19.png,7fb06b10c6ef5edfc83400ba89a09dacb5b7d71a98ef6781e5cd05198f70ec3a,2052,2,1,-4.1440773,3.2465262,1.9492741,-2.575821,1.053381
2054,train_images/7335a2d43ada.png,377833ccb88f1c90597a22766da4c8b549a139b2d6c31c1bf999e19c743f0900,2054,1,3,-6.254097,0.88123214,1.9241447,2.0065613,0.88079166
2061,train_images/e17507a4a1f5.png,8737f823af4a87b45272d007035f6cb65b189a2b18d62f2ec2891feee4bff0db,2061,2,2,-5.490288,3.411839,4.0331287,-1.5837479,-0.91575
2066,train_images/942f544c4e15.png,b3fba3b0cabb408f55bbaffb3f1070926acc46a3d547529eb5af7082cd18343c,2066,0,0,5.6068687,1.6732048,0.0065841675,-5.977188,-1.4624338
2071,train_images/ea7e21bab610.png,e05bc8e332cca6d883820523e4c2d25a8b46f3e8e28580d2237c681ea4bb3778,2071,0,0,9.095444,1.8006967,-1.6520424,-6.1573944,-3.1324537
2082,train_images/c80f79579fed.png,55112d096bb386676fbc13f24b5b926916bd7656c233e44c4892f23d6924beb4,2082,2,2,-5.2825966,-1.7924285,2.3308678,2.1578445,2.055478
2084,train_images/f4ea2a2cfbb9.png,e8ece84cb8348682411a71fbfb64d47fd6378094e61c230ac86493dda66a5b63,2084,0,0,6.7598,1.9739393,-0.8749428,-5.8470306,-2.119431
2092,train_images/359bab5d784b.png,78df7a7db81a94f1b0543463f84dde999d5a00c5f579a2aa4d19ef610cad8cf4,2092,0,0,7.2338257,2.013504,-1.2001457,-6.1769943,-1.9580889
2098,train_images/d88c4843aec3.png,193d834d9aeb2fc59c1c0bffff5416f4ac8022297cac44fae6e249537393933b,2098,0,0,5.788677,2.7146468,-0.67926025,-5.9155197,-2.0721052
2102,train_images/d264396d8d1a.png,35e12fdd862888f55f6cdfe759bc164dd371ef3bc1842f0a4695ac178287757f,2102,2,2,-4.9293404,0.47697532,1.9042187,0.881897,1.1218195
2104,train_images/1fb455685328.png,7f8d7cc2a31d2e143e48ee662e2f1b37101b254041cf7ddba3ca12989557ce02,2104,0,0,7.8578186,2.247867,-0.62555313,-6.5010376,-3.059722
2109,train_images/3b5dffe159b6.png,bb61948f599edcc7b07b71b0c132b844a6349296a1fb64ec56ed4a540581ff3b,2109,0,0,5.404579,1.994119,-0.8232002,-5.216667,-1.520853
2114,train_images/57a710de68a4.png,b3be46189ba69a2c3adb23508a4e0164828138f06f7b4ee4e0db7261669ee895,2114,0,0,8.2957535,2.725544,-1.0475731,-6.510521,-3.5407472
2119,train_images/d1fb4efb117c.png,d57047b60db617c6e40fe729832f4dc388fceaf9abb2be47754c24bb6f54edac,2119,2,4,-6.2900925,0.7368206,2.542839,-0.80818176,3.2207623
2120,train_images/1e8a1fdee5b9.png,62472eaa23964a3848246252c4b34601341e28fd16c97a2761c106cf88522a6c,962,1,1,-1.1024437,5.991439,2.0999527,-5.65197,-1.708066
2126,train_images/ed88faaa325a.png,6138c2096b73b3c6069bb3dd4d441568ddafed07c0442ca53a3e71a25c7e78a4,2126,2,2,-1.3380623,1.7694253,2.246809,-3.4663544,0.4011793
2130,train_images/86baef833ae0.png,57ac603c4362dff56ecd1c0107c9a9bf22136528767bbfd1c12623f8909aa082,2130,2,2,-3.1550636,-0.2286222,3.8403873,-0.9034271,-0.023962498
2133,train_images/5a444c32cd9a.png,379b86fd38e54e73edc320058d2de75028656e51aba2a94d120248b7950a17df,2133,0,0,8.026207,1.9152564,-0.59065247,-7.481888,-1.9358265
2140,train_images/217dad18a5ed.png,50632503d4f27305af8eeba3c477af752d883b649fcd725274b0f7cd8161768f,2140,2,2,-5.6798477,-4.0592546,3.5718021,3.233406,2.3876219
2141,train_images/c01eae4b4939.png,525f3394628876ef7146d742cd67c26171ff14dec57f94fde1fd6724c63d0f3b,2141,4,4,-5.8505287,-2.6954565,-0.7354851,1.8975296,6.848319
2150,train_images/af133a85ea0c.png,c606be1c2217e9d8c6f58bf2614b0f9d5418070becbf1d0b425f9ffd4552fc53,2150,1,1,1.1905365,3.8793583,0.1498909,-2.836357,-2.6445522
2152,train_images/2f284b6a1940.png,f974c49797a80dbe3b68741fe93f9f18a5d25fc48d985d2aba93dc15a40ffdae,1054,4,4,-3.8058586,-2.1158004,-1.5908432,1.1801071,5.864687
2156,train_images/38487e1a5b1f.png,395a0ae477f4032e13e82ee1e57700091d95496c233f63601c94c53cf76e4d62,1651,2,2,-2.7912216,1.061334,3.3350773,-1.6522446,-0.41852093
2159,train_images/6c4ec95dd8ba.png,bd0d4240ee98843f6c602cc50aca27a0495c0aaa8a490f0c0d1c8487dc395c82,2159,0,0,4.76062,0.6623651,-0.7743645,-2.7508621,-2.0547905
2165,train_images/3a1ecf5e2839.png,f7cd389143cbbe1a2c76b41a4dda2b0f973b502afcd646f00732fbb281722b5c,2165,4,4,-4.357445,0.65492785,-0.45788956,-2.805687,6.467063
2170,train_images/61f403fdb434.png,c446e0f6c6f8fa6bbeaf22297973a23dab3b673e32b44720bbd56eff443ce7ee,2170,4,4,-5.776058,-3.167141,0.39048386,3.7846222,4.244956
2175,train_images/762d6e5d5068.png,f1c1387a29e101f4557f47635e86b7be36877e9bb43be0556f903eecae380191,2175,3,2,-5.684078,-0.63863176,3.5004005,0.3983078,1.8695159
2176,train_images/c12e9ca420a5.png,79bdace916af941eb2767525947113d1127a8531ba5911aee03fcecb6ec86909,2176,0,0,7.3055153,-0.69669497,-3.0827904,-0.53790283,-3.119883
2183,train_images/349f3c0ac83e.png,e862c1500d0ac66b6fe3423e817b978984b90dedf471855c0f7b667e6fd5710c,2183,2,2,-2.3675804,0.59943306,3.3284626,-1.2144699,-0.74419117
2189,train_images/b532dedd928c.png,ce8f8b5bd64c158b21f94752d9fb3944c54921e44d3c4ddced43f35ff5cbda2a,2189,0,0,8.094105,1.6472825,-2.6405907,-3.1749496,-4.0277176
2191,train_images/7828dd083cdc.png,6ec66df140307b49604946796f6be4557b97b955cda74a0baea00061107e0daa,2191,0,0,7.455101,1.5934314,-1.2949944,-5.9072723,-1.9323895
2196,train_images/f9ecf1795804.png,75eae664fb3461018dfeb579b39c4dd86e139982d92a880312a1080c5fd07860,187,2,1,-0.85446167,2.3326101,2.0153809,-3.8712769,0.018075943
2201,train_images/374535e0adb8.png,c3f1d8393129357b5ba6e72f0166232f7cb8faf5291ba2b2e4b70eb66788db5b,2201,4,3,-2.9207726,-2.3764668,1.3805828,2.1057205,1.3337431
2207,train_images/60eeae3ba23d.png,29ea839a3c1423dc3b42dfb18792264ac6e0bfc5caeef2d2bbbd5af3dde21dcf,2207,2,2,-4.190609,-0.6797619,3.0634022,0.4105835,0.8727212
2212,train_images/86d6808f0609.png,d6d9dd6a22655cc680a333393de4360f9cf9487f377dac475150744e5e009ad0,2212,3,3,-6.4368744,-2.3567104,3.6398182,4.199211,0.37822056
2217,train_images/0a902c80d5da.png,41cd1633696a29d73ee09bb91a0f9959f19ac7dc7d73b64184c492b6f382ac52,2217,0,0,6.5023193,2.2777839,-0.739418,-6.6278152,-1.5225401
2222,train_images/e4dcca36ceb4.png,094ce83a38d6a515bdbc4af4ace5d50d933ab7a4233b6db8e694ee81dd7cdcea,2222,0,0,6.746563,2.7153249,-0.5070381,-6.840477,-2.2276464
2225,train_images/da949aa67a4f.png,2ce4a5765f8d9c6573913b6324e90e0733f43b80bf0bc377e8ca017123e799cd,2225,0,0,3.491417,2.841412,-0.8230972,-1.6472168,-4.1267314
2228,train_images/419406328dcd.png,9cb64de1a55468fb1d374dda28959b9d75dba2c4477e55b80a5d3d69da382ff6,2228,2,2,-7.3438797,-0.9364418,3.777359,0.7770157,3.1497793
2235,train_images/6733544ae7a6.png,902ead0bd5e2c5caa56efcc562f4d3226d5b740fa89fc1dd475018af7f907d51,2235,2,3,-2.051777,-1.3281677,2.05274,2.1611786,-1.2697039
2241,train_images/586f5c56081e.png,da27bbfc1d2bd825267d844d65b2558caa3eccdcfc3e0812024ac02890c30c3e,2241,0,0,5.6494026,1.1190561,-0.7126045,-5.239296,-0.99050236
2248,train_images/6d454444f17c.png,060559e51edae7d6288225b84af68f6e2b1ede4c5857a1eacfadaec95182c524,2248,2,2,-4.201523,1.1778387,2.9782715,0.29852295,-0.7479477
2253,train_images/3730c322d35b.png,310993759afd6ef7f36ee4cfa58dade336bab3199dc430f0fcf56d1c1d61fe94,2253,0,0,7.2976456,1.5957507,-0.7561722,-6.9211273,-1.3158436
2255,train_images/8ef2eb8c51c4.png,2f8071e2a344253ddd9fd784646738464115059910141e14202cd6e1956acd62,1657,1,2,-3.4698792,-0.4998554,2.09379,-0.058776855,1.4591188
2260,train_images/5347b4c8e9b3.png,ba02f4b5afbb7cb5b32dc8ce570ae28639911db27f93057a106a86e35f71102a,2260,1,1,-3.5181236,3.9738545,1.3165798,-1.27771,-0.91498756
2266,train_images/e821c1b6417a.png,a64c7f7d010cc33918206e84274c454edee4daa06ca2bb87f4056a8788848bad,2266,4,4,-1.3058968,-2.5669584,0.5208893,0.7470932,2.2408657
2269,train_images/2b5bb6d33959.png,0739f35e8dea57d65a9d8bdcd960f8d0b54da7831bd57b8c1c5994c2b6ac3ae6,2269,0,0,6.7045326,2.9835625,-2.605259,-2.6863937,-4.5411863
2273,train_images/810ed108f5b7.png,cacc0fd6009e4329afc9e5e28da1f09bc7cfc426be366dd2bedd16552378692a,2273,0,0,6.948593,1.5209569,-2.8497772,-1.8125916,-3.9286647
2276,train_images/d807c53c1399.png,9186db7a58feaf83fa89ccd0f7408c71c557fb2097e0e355a02843d8545cc495,2276,0,0,7.884815,2.2858634,-0.5335579,-6.842041,-2.8675852
2281,train_images/fb767cea406c.png,5f67ab4b66a7191235479bd9725dfae8292b27b1672a9d1583d4fe964e489961,2281,0,0,6.474987,2.4484673,-1.0526047,-5.751465,-2.2192707
2283,train_images/ebe0175e530c.png,c181506d2f689251dc1c71d9394aee14f9dfce167dbbb08d37a1d263bfe589ff,2283,4,4,-5.919777,-2.0321553,-0.8732567,3.460846,4.8266573
2286,train_images/9fefe2b44795.png,a1f7aedb15523edb9a72d3ece508401e48f33aae1ca72b13c96162c2d14ad6b0,2286,3,2,-6.1320267,-1.415838,2.891386,1.8218384,2.2554035
2290,train_images/a34fc5376669.png,ac49dde41facc5a1cd3474cad1ad97dd61c28d1e4d90c3c9112243a7d579ccf5,2290,0,0,5.4921303,2.3524566,-0.07720566,-6.6095886,-1.3443995
2301,train_images/e740af6ac6ea.png,b0d4d28b889d397baf01efe5d67e5ba4029ab302a719e62b525c4964fb940e7b,1693,4,4,-6.7237816,-2.1238875,3.1817112,1.1380539,3.9600039
2302,train_images/874f8c1929f6.png,e0f121f6591183f4c2a2af7cc0bb3eb877936a801e31a580790ddbdf8212c767,2302,0,0,6.5056725,1.7674266,-0.03532791,-5.9275284,-2.4459925
2305,train_images/eb175669d789.png,37bce7aee8f39b21cde59183d8b5bea422c0ebfc475a196ef00cc0a01e311385,2305,0,0,7.552925,3.1199608,-1.9496574,-6.450821,-2.3170683
2311,train_images/6d7d26025122.png,0f949e39d1fc7b1bbbb8338173a1031c8b2ac68392c2aecdc3ef3d341d80527b,2311,4,2,-3.6784897,1.3848995,2.5480042,-2.491829,1.7679844
2316,train_images/a2ddabee14e9.png,8c51975103ab5b1150e4100bdf96f870d69f66153c30ecb3ff43f11bd4914ef9,2316,4,4,-3.4965744,0.9178337,0.26075745,-2.221077,4.0406275
2322,train_images/4dc2211a1c31.png,5c1c0d4102200c23ba7bd0c8a4abf9890d88cfaa437d184a3fc356b93bf66fd6,2322,4,4,-1.0566025,-2.5430365,-2.8242302,-0.23845673,6.3175554
2330,train_images/3b58b02c89ed.png,10b2b2cf3b794264deeb9438c2a79508180be3df16bd2e4dc7013fed32babdfd,2330,2,3,-9.782063,-4.5180182,3.3306446,5.794365,4.465214
2331,train_images/cd9e2190c73f.png,082941702584874b7270390740ffc5b4db8d0397378435065081df9d86eeef3a,2331,2,1,-2.9279556,2.499413,0.7579346,-1.506134,0.7499285
2334,train_images/ea68b58a6e8f.png,a7341b26af461018d0205e8f4bf9f09a071eef6e067539f3fabd50cf19007194,2334,0,0,7.9488144,2.310143,-0.9186897,-6.6463547,-2.777489
2340,train_images/913490237ad4.png,18d2c77ca700ee2e1ba1b5dfe0cb9585b11aea3cf830407c2ba986e9305ab59a,2340,3,3,-4.290699,-3.1245923,1.6933842,3.814949,1.4004545
2342,train_images/be161517d3ac.png,f17c8f21926442cbf2d1e5ba36b411aa3157dce0f90af3d8d8c5a0238264b06e,52,2,2,-3.9516945,1.9398917,3.2276497,-2.516739,0.8694811
2344,train_images/a3fcf42ff56d.png,32c4589a5061a4d1273b275860a39321731b4554ecb3399c7e074b916bff7c86,2344,4,4,-8.230652,-3.569885,0.69950485,2.9573288,7.520688
2349,train_images/2608e1dac5b1.png,a705de736e6315e47bb3699da3c1af86f32a455182f1fddec856075336d8c319,2349,2,2,-2.6505585,1.683194,3.7028656,-1.4749146,-1.7008739
2355,train_images/51af8c112682.png,b6aa8f5494b10ef9e15d852612a39aff81cee7e2cc5f9bdde90d8d933c140f49,2355,4,4,-2.84235,-2.3519182,0.55423737,1.6442795,2.52635
2360,train_images/207dd0487264.png,6cf9093708b2e1c345c71c9016487729012a2b6b311e74e604a14c4fa7268fad,2360,0,0,9.310417,2.9122238,-1.8542862,-7.1907654,-3.217002
2368,train_images/e907d23cce3d.png,2baee5a44ab9fb61d20ac76123854b4db6f04b450b71d6441b208684fa13b538,2368,0,0,6.6212463,0.39350593,-1.8947945,-1.353241,-3.9272647
2370,train_images/f30f203ef51e.png,ed95391b952761dc85e3d88f65297b81b3f7250931d1db87d7a87d100fb54acf,2370,2,2,-5.0830994,-0.63241726,3.4960842,0.5708084,1.1228671
2377,train_images/1ca62b3e4fd3.png,2af19cf605b4d542f9c4331a9905480a7ef33a63d6eb671686b944061db08a73,2377,0,0,8.024815,2.7278743,-2.5270004,-5.580536,-2.651362
2384,train_images/3f8d5c940ba4.png,437dbb93441b31e087c06e4f128ea7e09b6e488b2f95c1d7f0f71f5ebecb56ee,2384,2,2,-6.9696503,-2.4839108,4.328867,2.3562927,2.1718326
2389,train_images/addf66a50f42.png,41e2f1f869ee32f3df2e340d6fe32b27943e3266ee9c4f6a90bc9d6aff3c23f8,2389,0,0,7.152664,2.6250815,-0.70287323,-6.393532,-2.7990348
2393,train_images/0097f532ac9f.png,6918fa9978a11f40b6da9c8408f4399447a4a56b116965c2e9e7b791fa357acb,2393,0,0,8.113083,1.0784453,-1.7681274,-4.4295883,-3.027787
2401,train_images/e66855a5c583.png,ed187ec7fed91df23a1d1c802511b26f59e41b56667c3a06bb0b7861bf472d99,2401,0,0,8.15041,2.3485508,-1.7947731,-6.4305115,-2.352934
2407,train_images/ff03f74667df.png,d267753d7778e9c3538030daae900fd1e6ed85acc72e561325b46cddace74c74,2407,0,0,8.216782,-0.008339763,-2.5495834,-1.9396591,-3.8328304
2414,train_images/51d574513bcb.png,3d7c2f21eff20cfb1e953f3f2a0961c16ee9fb48b462fa935fd9d5e958bff44a,2414,2,2,-3.572834,0.57069075,2.973442,-1.3081665,0.8704033
2417,train_images/83e529e95b0e.png,a6319634b091239c1508914b0b526ae7fae071e37cfca898461a02cbb4c1c24c,2417,1,1,1.7711258,5.1477213,0.9558716,-5.174591,-2.9408746
2425,train_images/b1b3e7d0a5f3.png,4ccc63ef5e14ac2765e1b2c7ac0aad13dc6a2a4d8a69b3e3d707a9233c383da5,2425,4,4,-5.3223724,-0.4860363,0.8811455,0.15621948,4.221278
2431,train_images/653534ded339.png,3bc7e2955b28fa2d26602eb409f984b262dbd5c15c52565fbc2c5a5c63679971,2431,2,2,-0.48983383,1.2139689,1.6968842,-3.6621857,0.85886145
2437,train_images/82bb8a01935f.png,5d34ab55f23297f3b34445efd2902b1e0e145555541b1864900eea9a67c4e108,2437,4,4,-5.431175,1.3907961,1.692749,-0.073654175,1.8853626
2441,train_images/d0926ed2c8e5.png,5aa45e262458e7e1869c78113a46c8ab8bcafa1524ae4775f82ec3d55e395b00,2441,0,0,7.5996475,2.2651443,-0.6498146,-6.6059265,-2.693416
2448,train_images/571bbdbf585e.png,f227afb6eb10659ec0381aeaf399ea30dced10cb238d4788eae30e741ef4ef83,2448,0,0,7.870968,2.2501163,-1.0898094,-6.5722275,-2.5488672
2450,train_images/58059e73d2d4.png,d20236c14731362d5d478994affd90031b143f6a21b7c28cb320aba887813a61,2450,0,0,8.752434,1.954163,-3.6373634,-2.72583,-4.394479
2451,train_images/7a238a1d3cf3.png,b38f21e61609c72ede76edcb6717c4df36066b3a27a56b206d8cf51a581033e0,2451,4,1,-1.4428253,3.9472356,0.034614563,-3.5833206,0.6725812
2458,train_images/a646c084928c.png,d22990e0f7fb56e7cea0b7cace1a69315fe8781702b8d61dbfb93b2ae208e7b0,2458,0,0,4.7587585,2.4261022,-0.5631561,-5.6637344,-1.1520033
2462,train_images/a06e5ac695ce.png,1e5e0c518c16145944c838aafd7609194673726d631f4b29f3b89b65f3da530d,2462,0,0,8.672783,0.9377235,-3.2354393,-2.8012848,-3.6439137
2468,train_images/5a36cea278ae.png,654cb0c461256518d5c5f205d9bc3235e641b01afc35f685127eb56ea80acf23,674,2,2,-3.5547943,2.8050342,3.9863873,-2.6145782,-1.0850639
2469,train_images/53327edb9e4d.png,d5cc8d1fb09ea7f7b9321548f41d5ec626f70b70981b05418a76e94d7ecd7811,2469,0,0,4.8085213,1.9782065,-0.47855377,-4.2933807,-2.1798253
2475,train_images/ec363f48867b.png,bc4890b086bf1db9c2730f422f4c2fa91f442882c71acd44eeadbf38accd4ec5,2475,0,0,6.0177116,3.385872,-1.2923279,-4.931389,-3.2843878
2480,train_images/0db1d8dcf219.png,0f43fcb8e4865532c692755d19e75ce649cfec1594ddbda009c9ede4720dae43,2480,0,0,4.7521744,1.1607667,-2.065937,-1.271759,-2.774529
2485,train_images/19244004583f.png,c78fd3dffbf1676942d2d2f305c1efb0cc84a91d82feafe565a859c26e6fbd9d,2485,3,4,-3.9785652,-0.022009492,0.6645317,-0.23412323,3.0546465
2491,train_images/4c53cc97ea13.png,de39dd2fbaa30efe214383eeec5eca24e86653ad302906de083a995a46e90319,2491,0,0,5.5378532,0.12132406,-2.7553978,-1.4009476,-1.6606503
2497,train_images/aea59ebec445.png,97c3087aaa80c5554b37acc7d4177a4551cdeb1189c30817dd100ed625510dda,2497,3,3,-8.523029,-4.5450196,3.204874,5.53302,3.6700535
2503,train_images/6cfb7b44ef6f.png,f16e0ac16397c1164bea71fdfeabd6ebb53407a53b0005e53a89d3e7450155c8,2503,4,4,-3.8385963,-3.2482684,-0.0534935,0.734993,5.926221
2509,train_images/9dab2e6ba44b.png,029e6c9bc4d0a1ce1651b567eb79fc5249a7e10198f0c8f512390cb86e3b7298,2509,2,2,-4.18869,2.221878,2.8248215,-0.35860443,-0.9654107
2515,train_images/e0863b353093.png,6b4e71c1b56c1afa5e1098ada4c9c80b20a9a504dd2ce7b9f39b3619f256acc8,2515,2,2,-7.2541924,-0.3782935,4.493908,0.7441406,1.7862124
2521,train_images/7f43becd3e83.png,5e87511c814854bf551cbef4717806d198e53dd3007c0fd762b367774fa60812,2521,0,0,6.6355133,2.9588685,-1.5384064,-4.7225037,-3.4150794
2526,train_images/883c6a184f16.png,3e955a2c9b812e3c1b466ec27689679bad92416d6875d6a7df4df87e85a92092,2526,0,0,5.159622,2.683097,-0.9308014,-5.1373596,-1.9600592
2534,train_images/bda8c973b09d.png,7499374f23bd653fa14251a85dc97d3760746a48992a09ffa9d1560e2ecd5ec0,2534,2,2,-3.4768639,2.393664,4.176813,-2.5918274,-0.9816971
2535,train_images/dc0eea0b68a7.png,47c95f08b23cf534d0ac062a5bcbf11dbc2c8c304a606dbf1431129ee124ad3a,2535,0,0,7.371998,1.4879025,-1.7361107,-4.500099,-2.687455
2542,train_images/bec0acd539b2.png,7dafdc1b7589c1886fbc15829fe1283d8c8e47be9a8436dfccafe51ae42e603a,2542,3,3,-6.9405403,-4.746113,2.7376919,5.5480423,2.8146143
2549,train_images/3748349334f6.png,18070f6b8a08cc20af00cd1f9e14fd82f45683a16c3c4934095c7473a57e3105,2549,2,2,-7.624962,-1.5487576,4.506832,1.7790375,2.2555332
2550,train_images/1d74c4713e21.png,cb09ba42819479c358ef89bd8a3b8e37dd43a21d8b847f9840771d57020c1e29,2550,0,0,8.6836815,1.6062533,-2.9753647,-2.5964432,-4.7966175
2558,train_images/de730033c683.png,683c5bb72eb34d98821063c687d97a0e00c73fe523e76e1f55ae01ab34e82ea8,2558,0,0,7.1457825,0.96430695,-1.0604591,-4.598358,-2.5226238
2563,train_images/0151781fe50b.png,38243b28367c7542152ce418d0ed9dbe282a56a8a1549199c39ffc594e4d63e4,2563,0,0,6.402809,1.7651831,-1.9962044,-2.2258148,-4.0971074
2564,train_images/02cd34a85b24.png,9ac84b4edf20f6df97804f577d2fbdd1d6f4e0a17cc076be73e1f95ad16b1b5d,2564,0,0,7.8088303,2.1525655,-1.0703697,-6.250496,-2.7004085
2568,train_images/08c60c647673.png,8e3cd290bbd4a3a1995cf21296dd845fc04f948e308c8640a1f5b9f135bd5bb5,2568,0,0,5.179634,3.2362404,-0.25251007,-5.4283066,-2.87255
2576,train_images/0daddc45d832.png,557eb848388c1c09cff6e46add082fbededd4b08f2c7041b5a24fde79bd6c24d,2576,0,0,7.5413055,2.8877301,-1.4637985,-6.341736,-2.7321987
2577,train_images/0fc6829da85b.png,4c0cd5bc6340a23ce975d7dfc5cde3e26e2b4b550a1e675b237d1951efdff401,2577,0,0,4.9398193,0.9791001,-0.97758484,-3.5396118,-1.5016913
2579,train_images/1002b5151b8e.png,dfd92f6d50b81335e9c38377e5fe08d5da7bc1efca9e30e2095f6c5d934776e8,2579,0,0,8.2911415,3.2952008,-2.7314148,-4.2608414,-4.6722784
2585,train_images/16060f05d047.png,dffa55e36bd1de68d4498c5c3904ced4ba36b51ab765a4612416627bd12393a6,2585,0,0,7.9440727,3.080453,-1.8996811,-6.621704,-2.5809236
2587,train_images/1633f8291a80.png,5a8c7d296f976e9f53bb045bcd06dd2dbabc22a89597771f8730e119f38fcd0f,2587,0,0,6.8255653,3.2129822,-2.080185,-3.7881546,-4.292616
2597,train_images/1f4fb37e0854.png,e3580f19ca2465b20498be2acdcd378cc673a8b20ddc2150e3c71bfc7e55047f,2597,0,0,5.35931,1.9665893,-1.2864685,-3.2352066,-2.9208214
2598,train_images/1f9ccda4ddf2.png,81197b02854ad5114cd8fcc05ced00d09d9ec3a2c24e2c1653f3ec6beab321ed,2598,0,0,7.422146,1.5768908,-2.630066,-2.1880722,-4.2873306
2607,train_images/2927665214e1.png,0f946963dc8720e8094b569ae3756c3931deb712b35199d9c2712a2c4453cb0a,2607,0,0,7.008705,2.1978827,-1.4368515,-5.9861298,-1.8730905
2613,train_images/2f7fbdcc9a4b.png,ce465ad827fd94f1df071ae4609385d3307df501e4bd807118381a734a400323,2613,0,0,6.3555717,0.8829924,-2.429779,-1.163681,-3.7864013
2619,train_images/351e842842a2.png,f13c99202dba356a0c50344a39b7c0357e98fedf969c3ac5bf55196c9d5e2515,2619,0,0,7.7032585,1.291895,-1.8417702,-3.4118576,-3.7791388
2626,train_images/3ca8be3b40d6.png,fc87ef74fe92f61ddebcc2b56b697d40cb15f48030c49ba3659f1203d38f0fe4,2626,0,0,8.119717,1.4494349,-3.227745,-2.554306,-3.8704283
2629,train_images/4145dcb25053.png,0d7c5dbfa44dfde7b06278b9fe269c09d7b7e8742075b3a60eb9b7e633d3441e,2629,0,0,8.333111,1.0831074,-3.0694656,-2.6578064,-3.7813785
2633,train_images/43e9c66eb0f3.png,205bcb5201a1e4c86e1dc3f5956c513cd2dfa221cf5092d12ea32a078e9e882e,2633,0,0,7.274521,2.073596,-2.2217941,-4.027672,-3.1494584
2638,train_images/462937ece243.png,dc72dfb19202e8e6462a8754e7683a5bbaa2065854b11c5424c2f52a724a7a2c,2638,0,0,3.7159348,0.43717468,0.21541977,-4.3565216,-0.26146317
2641,train_images/4aa3d771c5e4.png,7e2cda3ac6f0cfbc1db9cd5aeac8496c2605e1ee4bd0ffbd51fb27ee3c8f71a4,2641,0,0,8.596111,1.8510658,-1.5386467,-6.3249207,-2.6396556
2650,train_images/50915e2329a1.png,63ea75c992ee24495ea92f95909e8bf291b5fa66311933e749c24c9134993ddb,2650,0,0,9.30772,1.9034811,-3.174099,-3.5527039,-4.54181
2657,train_images/54f57cf26126.png,b6f696f0921a03c3c8d465b639c6d4e61456f2acc744889df0286cbd971772af,2657,0,0,8.31366,1.1116127,-2.6346397,-3.2419968,-3.6430922
2661,train_images/5b1c4cefeb24.png,c6846ffdc5a9b2fb773744e6e8edc815be0031d946f59ebfa3989ee0ff792afd,2661,0,0,7.1372795,1.8986663,-1.9382477,-3.8695526,-3.3730183
2665,train_images/5d4e5fd34d91.png,8181429bb29a2a119ee12e3ebe044fe9583670406220797e392835da5e7b4869,2665,0,0,8.250465,1.3726443,-2.4253082,-3.2162476,-4.068966
2666,train_images/5de4615a5161.png,50b257593ce23b39d1cc3df0cea5d46856838c471c5ab44bdbaab6836c3b7db4,2666,0,0,7.145565,1.9705483,-1.4219627,-6.164032,-1.63308
2672,train_images/66366a90d1ef.png,e001182acb9472f76d83fdf8ddb45f08deca7f2fc18ae7aac6bbe359eb450808,2672,0,1,1.8665314,2.5174809,0.7295494,-4.763832,-0.6108451
2676,train_images/6a57a3db3eff.png,638fa908e4ba282ccfaca9634ae08aa03978c1f8490a2fa889f037d005b39826,2676,0,0,7.8974304,2.3072095,-1.8895531,-5.647476,-2.7577052
2687,train_images/76095c338728.png,9cd1d0a7945e5ffae02e5f793c7f06a915eb63af78f7de78a2233153443ac027,2687,0,0,6.9512405,2.4901166,-0.70419693,-5.8438873,-2.9927917
2694,train_images/7ccf9d25dc48.png,aa45289833237a549ca794402632449aa9d12728304369eca3271e2c3cd3038c,2694,0,0,6.136219,1.8429421,-1.1124687,-5.5679474,-1.4333687
2700,train_images/82088c6734e6.png,ab407cad7f1634c3ae12560eb7a1bd97bddc4e5112e9b2cad908bcc497772eb7,2700,0,0,6.8930435,2.21216,-1.1800919,-5.9932175,-2.0511415
2701,train_images/830e297965a1.png,743aafbbca1d21e6118721d16993a7ddb1bed025d6fc9764c8dcecb3eb435813,2701,0,0,8.071327,1.768071,-2.6006737,-3.1529083,-4.1975
2705,train_images/8650d32f4a9e.png,52b170a5d199e74d22c4150adeea8b6d0daf29f22422e5c1b7f136b81a4ac879,2705,0,0,8.455833,2.1772943,-3.5073395,-3.333023,-3.8687391
2712,train_images/8bf05909e1e1.png,9486dbc61e208c15b7163153f19a888eed27956cb33c0a0771d638b6cfecb272,2712,0,0,8.287853,1.4909974,-1.1168747,-5.8536987,-2.8760972
2713,train_images/8d9516ea3587.png,4d524cf92ee0a0745c91a8068d0047a9f440738b0455e46510b79ca4e1754e35,2713,0,0,8.278015,2.1168895,-0.70363617,-7.7415466,-2.0103314
2715,train_images/8f06ca4642bd.png,448668081ac1891cf3c8b5b6a88bae5b37b31d4bd6e36eee36645c8417f67a26,2715,0,0,8.40023,0.52214134,-3.0534286,-2.171486,-3.7897968
2721,train_images/97fdee242fea.png,3f5f7d56cf27f15f8862f0529575a5a3a183acf64c37fc32c854c2ae730bcdaa,2721,0,0,2.804306,1.1084741,-0.029563904,-3.0345535,-1.0795126
2727,train_images/9f285b3e57ed.png,53448024b4d8bd1f625d22dc80d95e12e1b5a3dd1753bb3d92d18e02622cd3fd,2727,0,0,6.801285,2.6218562,-1.8376732,-5.348198,-2.3418975
2734,train_images/a45c30da0c72.png,5b5c046fce9f7c267b47a87c068f167865155d2fb597fc6f2387b81315fb9dfd,2734,0,0,6.9889793,2.1394973,-1.8927116,-4.4723206,-2.8355117
2741,train_images/a88365134c3c.png,e523f6a4ac954dbb490af2a1447d797ac6b4a9448df57e0a09a38c81fcf62d42,2741,0,0,8.064507,2.2391768,-1.1366386,-6.2629623,-2.9676423
2742,train_images/a95d9d61ddd4.png,5ce2b9ceff5d7ce64f96710a85e0ac9620d629ddd28a255e071a31569619469f,2742,0,0,7.475773,1.5405775,-0.52482986,-6.8957367,-1.6748137
2747,train_images/ab686895533e.png,d4f1f2e88157a53f862c6ad26a82fdca0f3772b332a4e63b19ea4e7f87c3b670,2747,0,0,6.235203,0.5300859,-0.14108658,-5.193321,-1.5899706
2753,train_images/b0b3b16fc305.png,6e53db3aa3b0e818f984b5e85221cf8738397a54fa8430d1b9149411bb17c4bc,2753,0,0,6.2666855,1.809997,-1.1561394,-4.7067337,-2.330574
2755,train_images/b598bc9753c2.png,3a5b90391a0691e670983bfae3694edf82150762152f5a399bdc79548799be25,2755,0,0,6.3274803,1.8115715,-0.2486763,-6.9240417,-1.0893393
2762,train_images/bc92a61a1f9c.png,9c2b6456bf79d163a859c2d85b393b387cb635ee875194ce93a6d3c8f94770d8,2762,0,0,6.8640823,2.4418702,-1.1021309,-6.158905,-2.1696887
2763,train_images/be521870a0ea.png,f48ed62aa8c0823844139fc769464e9f3f96cb26795d54ef13661e9fa36390fe,2763,0,0,5.2881393,1.4405864,-1.5501595,-3.1957474,-2.1251202
2771,train_images/c373b73a80c8.png,91fea4264699e8075b0be56d15223ac04027d1b8cb9bdf202276821773e02a7a,2771,0,0,8.921585,1.8982826,-3.4232368,-3.0217438,-4.439311
2774,train_images/c56293f53191.png,ce1a4dd4c7bedd357148a844e98115e5d083645dd925c23c863ec0b4a4358978,2774,0,0,8.445751,2.0444694,-1.4094658,-6.3079987,-2.8511178
2784,train_images/cfb17a7cc8d4.png,95a445fbd9322138aecf8b72db0a48a37dbdfb3170a1d4a5e4599bd7b85c7fb9,2784,0,0,5.506996,2.3685722,-0.76475143,-4.116791,-3.144671
2790,train_images/d69698f838db.png,09c0e09f106bb3306c44f5b0638332aeeb34a28e4130a1b7e532f2f0fd6ce33a,2790,0,0,8.05003,2.68392,-1.4006195,-7.329178,-2.0674176
2793,train_images/d871895742b1.png,5c1800cbc263555bfc031c7b3866ee68466f692969aaef97027ab7df236817ff,2793,0,0,8.348698,0.089255214,-1.4214516,-4.2592773,-2.768239
2801,train_images/df6d13d04da1.png,f52a984906a58df97fcc1fdaeeb12591c7f212adc817d7d69429c825bd85420d,2801,0,0,6.5665092,2.384657,-0.8602562,-6.447891,-1.7600098
2805,train_images/e3cd96cb094c.png,8e15b3060a584628275e9faf0b8a8365a36ce7d2b938f3d2bc022e2a6747f8ee,2805,0,0,7.081291,-0.31407964,-2.179039,-0.76297,-3.972726
2807,train_images/e632e38fd2d4.png,e110bf9bae7f26d1c99d9827b7bf2e61350b0d3e43c5b7eda08e235e285427f0,2807,0,0,7.076149,0.21694517,-2.1880035,-2.8713913,-2.3089528
2813,train_images/e9f3c85a2a02.png,c1639eb0deac9fe9732abf1bf5be46826186a81a28c968c2dc139f9c1b48de81,2813,0,0,8.474209,2.3043714,-2.075409,-6.616028,-2.1455727
2819,train_images/f4e68b61f480.png,19359be5bcb92a5175a588227bb8508c047bd996f3696ec27a59491cedb7a858,2819,0,0,4.160389,3.052713,-0.56498337,-4.653496,-2.1566072
2828,train_images/fa7fa797c650.png,3b4c1ac29cf9576502f1fa091a7b60c00e1370038e9772247313dba1ad5c72e7,2828,0,0,7.468624,1.3193382,-0.40100098,-6.439949,-2.052695
2831,train_images/febfb20dc311.png,ce577f7b0954b631ae910b9521562f51b3962a6224fa23c442a95b08aa8ad249,2831,0,0,8.680744,2.7994957,-1.2627144,-6.464012,-3.8020282
2841,train_images/1df3e03a8f5f.png,f3e446433c3ef52203bcc5d94d8d64ccc69199580d11cac4dc2d4f2da78ebca2,2841,1,1,-2.1878204,5.9989543,1.250946,-4.6233215,-0.8327999
2846,train_images/2a8a9e957a6c.png,50c540243ddef2895974fbf509ac512c13666b7e90474bfa4502acf56fb6e731,2846,1,1,-2.055397,4.9947486,2.8402996,-4.3150253,-1.8418374
2848,train_images/33b893e18eb3.png,0e53811bcdb3f36a6e2268dd049d6b381b54a041122ab64c91f7f5c1177f14cf,2848,1,1,-2.2551155,4.851587,2.169567,-2.5860443,-2.5855975
2852,train_images/4e0656629d02.png,504ae0b827b25c5ed37d5bc4b12334a4071b8b974883f855cc32aeb726eafe28,2852,1,0,4.281582,-0.32058322,0.70777893,-3.0329819,-1.8155077
2864,train_images/7ae69d22075a.png,ba3064c0ffc4a1bdf20e75a5bde843e5517f52e9ab5b48c8bc63587fb3d352ad,2864,1,0,4.522396,2.7317195,-0.60982895,-5.4633408,-1.3659086
2865,train_images/7f60f2a083d3.png,753cfe459bd4f9151ea485cda35476781f9bdce44ed3555da87833247782a430,2865,1,1,-3.5904694,3.464705,1.7734814,-1.8577118,-0.24925137
2871,train_images/a2696f444ecb.png,0364bb4b667cf909088e64a0032689c8582cd3093d34632f68bd42005c86587b,2871,1,4,-3.0133133,0.24974251,1.2904091,-0.69569397,1.7161489
2875,train_images/c1e6fa1ad314.png,1548c4ebcb2c2614e8774a88b085e89f73706c6e851bee7f45da5a528deea1ce,2875,1,4,-3.865841,1.3721145,0.63108444,-0.9394531,2.3578377
2880,train_images/d5b4705ac2ee.png,a5d426824f776911b457e6eeef02988a25da8da69145745db93792a8316c17fa,2880,1,0,8.077408,2.5458655,-1.275547,-6.8496017,-2.5677752
2887,train_images/01eb826f6467.png,9b818cb84607d3bb03b6a560eddfb0154da4ddbd79447e2b5ad7b0e8600820d8,2887,2,1,-2.9188957,1.864879,0.53189087,-0.5618439,0.67871237
2889,train_images/04a6fc58dabc.png,ba610ce1a881c1853326316df99bb59249d2bd9fd22e9764c129b78ae05cd5c0,2889,2,2,-4.826332,2.095797,2.9699478,-0.19426727,-0.57345486
2894,train_images/0dbaa09a458c.png,4ea48a7ee77ecae6d22e6513102d830868ac7cd5ca167d4d5e44f01353369512,2894,2,2,-4.2628746,1.6430215,2.9013195,0.3742218,-1.1357441
2896,train_images/1177d583c807.png,78dd040877aa17a48c28223e33b49846a7ba6b083b0b4551ef96b7dd7dcbcd13,2896,2,1,-3.6896782,2.9822974,2.6888485,-0.9608917,-1.49087
2904,train_images/2241b7e90782.png,a88cd901e88c592a82864bd9b29981105f7ea16b946b8819b4929b5fc45200c2,2904,2,2,-2.6443367,0.8813883,1.7561378,-0.12901306,-0.28831244
2905,train_images/22ce8ef69357.png,a27fafb6957a6608881335feeb3f5f95f8175d6e35a61a75e65964a792cbd6a7,2905,2,2,-4.635483,0.5212892,2.8751373,0.20166016,0.5355177
2913,train_images/2d870833c0c9.png,e8a63f12df84cd85c26df950f909a30d9d088e81c69930fb4bdb9178fac7a943,2913,2,2,-4.7049217,3.2033782,3.6209698,-2.4352646,-0.18614769
2920,train_images/44e0d56e9d42.png,63c54179496bf584617971adb83d6ea2e78a2fabbb8c796cbbff1aee89b1365f,2920,2,2,-3.4337616,1.1830512,2.5845242,-0.4040146,-0.39116478
2923,train_images/48afe8c47454.png,3180da9168eceab0070e202792dd82390c90cd1967d3c69bad5b8a9e534594d1,2923,2,2,-7.1502914,-1.6163993,4.2048683,1.9063339,2.049224
2926,train_images/510aa0a898fa.png,9cbd59698d97d445c27195889990adaab0b54a38dc415f3ebc415d3f50055f3c,2926,2,2,-2.722805,1.2554394,3.3621407,-2.3090744,0.009160042
2932,train_images/57469423a012.png,404605ec0333a34fc25e007e9b26ba332ca87f49f225a7f3a4cd80850b736885,2932,2,2,-2.7747078,1.2388653,2.27676,-1.1859131,0.013174057
2934,train_images/58529a8638d0.png,fd681145b57fae00cc5aa2a34a3545737786d9fcb5dd779afe65efd0921f6d7a,2934,2,2,-5.912449,-0.8613379,2.6850834,2.2155151,1.3040204
2947,train_images/7247a2c97f71.png,a496ba352f43f543b050f63521e927457bca5756d973e2b31f15ec513a17da5c,2947,2,2,-5.702923,1.8402115,4.5377407,-1.9998474,0.8024893
2953,train_images/79540be95177.png,f592b0746e698834b29550db9e392e3ca89df129f7040ad35e733ceb23f58f4c,2953,2,2,-6.123127,-1.8857069,3.5403404,1.4024811,2.4744635
2954,train_images/7a0cff4c24b2.png,57ac603c4362dff56ecd1c0107c9a9bf22136528767bbfd1c12623f8909aa082,2130,2,2,-3.1550636,-0.2286222,3.8403873,-0.9034271,-0.023962498
2960,train_images/82f2784ead76.png,1fe5502b7186075f1985fea10ef907fafbf2992e67471f709d05c02561f37d98,2960,2,2,-7.404274,-3.8440347,3.6959915,3.4825287,3.4415874
2964,train_images/879744b9dc65.png,30c4f39f607d823f550dcf73503ac615f18daa307f1c0337e8c3319788e31002,2964,2,3,-5.0555954,-2.6406202,2.076744,4.664322,0.41318178
2969,train_images/9033f1493da1.png,6f61d9cb3ebb21c9d12f8e4d5c047685c424bf57482eebd1ff3b527a088a022b,2969,2,2,-3.897194,1.9099101,4.360956,-3.4951859,0.6327448
2973,train_images/94a67ec0714f.png,2e25958bcf5a14e210e56ea559363b2b7ae99bd5361be943d9cfa0630306ace3,2973,2,4,-6.8868484,-0.8572115,1.9713211,1.8557281,3.315548
2976,train_images/9ad92f1c1542.png,cbd04fa3b714428507e55cd9a367662af3563721da922d94b04977b3051edfb9,2976,2,1,-1.5563316,3.1460195,1.1516399,-3.623848,0.5160608
2981,train_images/9eaac43744f5.png,2bb54f5019aa8a847042bd50f0cc359218bb00a58a38c780e2226fe23f091e55,2981,2,2,-4.5025253,0.8456241,3.6706238,-0.62916565,0.0861969
2988,train_images/a879c3569552.png,1ee454e99475ee6da934bcd0a08fb0368aeda83c6a54ab31b729c6d53152065f,2988,2,2,-5.0202637,-1.9973943,3.6778736,1.3253784,1.4700117
2994,train_images/aef9016557ca.png,56686e47114fa1bb21b85063c09553f4153c76e766020a6a1e77b83ebb2208aa,2994,2,1,-3.0168915,1.5505317,1.4049549,0.56871796,-0.9499984
2995,train_images/b13d72ceea26.png,227bfcc1aadec71c0824ddc524ddc94714359c05a4defa8d704a018e3650dc8a,2995,2,2,-7.5302963,-1.7642115,3.6089516,2.9036179,2.1724882
3001,train_images/bca2bdc15fc5.png,c1643a7b9aa3bf0fadbb86ebdc67f54f001858abe7574e10f19bab51be93727c,3001,2,2,-1.0823898,-0.1338135,2.2923546,-2.462204,1.0119362
3004,train_images/c0202976c670.png,4874d2a2b09cd3164d1df65ce4d95fed648ce26bfde111de5da624139edb1c63,3004,2,3,-7.602051,-2.063645,1.9376087,4.3639374,2.749775
3012,train_images/d29096bd94aa.png,9b20baa943c45853454ba7a9f1c945aab8b2a92c5c6abd79e96cad7773486599,3012,2,1,-0.42230225,4.619573,0.44829178,-3.600708,-1.4011049
3018,train_images/d990a3f0cbdb.png,525f70bfcfa27f7099cbe6c9424657de4b9873380bf95bfd00c09aa8fbef925a,3018,2,2,-4.4083595,2.4316492,2.6446514,-0.41884613,-0.76203394
3019,train_images/da0a1043abf7.png,227bfcc1aadec71c0824ddc524ddc94714359c05a4defa8d704a018e3650dc8a,2995,2,2,-7.5302963,-1.7642115,3.6089516,2.9036179,2.1724882
3021,train_images/dbee04ae6426.png,ab88503a08708b40420fa5919b363e8d3aa86b4900a1c19a406e2f76bc0da93f,3021,2,2,-2.9927406,0.25316274,2.9988136,1.0683746,-1.7500248
3039,train_images/1ab3f1c71a5f.png,4731f0e9dca06e296f33cc3d1388d8310914d60b1b6a8bbfd04ddeef5ff27ff7,3039,3,3,-6.462742,-4.3678713,2.0634537,5.5828476,2.5969849
3042,train_images/383e72af1955.png,f927361e198284b4d57f9350e2a1b19176719dd12d15c3c357f15bea4dcfcd0a,3042,3,2,-4.8516235,0.15000784,3.3260384,0.66861725,0.17214727
3043,train_images/4c60b10a3a6a.png,cd8c7ed872ae926d382baaaf4b59f84cf842ac017421f053caef04c0aa56de37,3043,3,3,-4.694702,-2.5583727,2.5484066,3.7351227,0.44851685
3053,train_images/aae8f9f3ef8c.png,bff1c3e6c9ca158ccb37602e3a1effcdbbba86ca53baee0dfa5b64220dce2492,3053,3,2,-6.8064957,-2.524315,4.211418,2.5004883,1.9946189
3059,train_images/c0a0828e01b4.png,14886d1de5e35e06a7592eba11f4012f352e1939ecfd216b7b6f1e9237688e9b,3059,3,2,-6.826664,-1.8113816,3.5181942,3.009079,1.4935675
3067,train_images/2017cd92c63d.png,a4626e1c905c1d6ea8424b40a4c5891ac55aebdb58c733b6b2e15e3959ae7787,3067,4,4,-5.5757484,-1.3006136,0.5564232,0.8721771,4.8895426
3069,train_images/21abd36095a1.png,06f39ac54ac4ddd5c5855f7329723e467f25d450625e6e83c302ea62cd4e0e8d,3069,4,4,-6.0213203,-2.643374,1.9182167,2.4623032,3.6923647
3076,train_images/4a3da369b227.png,0e491a7e23234006e730209be24212394d4215c578d27dc572160f7fdccf54fb,3076,4,4,-6.9859276,-4.5467362,1.5817261,3.0133057,6.3356333
3078,train_images/612f2df37a1d.png,389c0adcd9faee60de01e3f296f299a89ca52990f33230bb8eff913e0c761509,3078,4,4,-5.6985435,-0.4742713,0.82006836,1.2598343,3.56532
3085,train_images/8eeac97f02f0.png,d55d0d55201b21827d454bab38f55057cf2c700b44682f0d7b509f57fe1583bb,3085,4,4,-4.632637,-2.7275329,-1.9322777,0.60248566,8.200277
3094,train_images/bfdee9be1f1d.png,81d00a18650d15c50e316b4e8694b0444cfcfe98c56ed077ad8056729377587e,3094,4,0,4.364296,-0.089559674,-0.87887573,-2.9630814,-0.59128714
3099,train_images/d659d7fd5ccf.png,86cfde1aaf7d908c9e75621879c164c71f5ed99bce746c852dda04b3dbfb0b55,3099,4,4,-6.916279,-1.6630464,2.566063,0.08528137,5.3433294
3106,train_images/f850cb51fdba.png,967d99b3ca0139ef2bdd9de3e4b82596bf1ea24d51450baf9e09e0d25916399f,3106,4,1,-4.4762993,2.8014483,1.4236164,-1.9580154,1.7364545
3112,train_images/04efb1a284cc.png,fad3cb87b5839bc6e75939d18dd423445cfb2e1cc69e702fd5e7825b9d060efa,3112,0,0,8.238941,3.3077636,-1.5616455,-6.830612,-3.2357433
3118,train_images/0a85a1e8f9e9.png,9e7d5c6391e40c92330984b307fe1e1b463eee6c4f92e746889c20dd98d5a76a,3118,0,0,3.8541794,0.5799798,-0.43737793,-2.9194565,-1.2596755
3122,train_images/11d8e5eaee5b.png,f769b361f87300e0ede321b699e98ea6636d3d04f2f6357f5535b57e53c08858,3122,0,0,6.3905106,1.7065843,-0.52311707,-6.224205,-1.4929333
3125,train_images/150fc7127582.png,5c7ed6861d004245c7c83f2ada37fd3751daf1ec0837fceae07dba8835b7855b,3125,0,0,7.6522903,2.1786356,-0.9619713,-6.4338837,-2.5183992
3128,train_images/164cd5a3a6cd.png,8502bb39b1c9ad9f7081d7bb192eb152e995153509e553f1977dbc0e418d5ee9,3128,0,0,7.8736,0.8627027,-1.9996262,-5.520294,-1.2364669
3134,train_images/1b8701231c8f.png,ef123219e4ac75de22607b962946e8d767930804a3d84fff24d6bba967d3f2f5,3134,0,0,5.911293,0.85232794,-1.2761459,-3.5539093,-2.0437315
3140,train_images/1eee55494271.png,e35f928d97a1a5584d4377ff55cc685f4e95756222e07dd686dfbf1836e66127,3140,0,0,8.007088,1.1930412,-2.7067375,-3.245781,-3.3635025
3146,train_images/240b25a7debe.png,f95e4f9bcfb147e6465a04c7b6981956e771dd43ecfa5a729c74986ec5b6b5fb,3146,0,0,6.9714737,2.80232,-2.2783394,-4.5619583,-3.0100467
3151,train_images/2bb3c492d6d3.png,d4b879aed9b05f813af0479c412e864d7eedab7a20d4bb5f039458d93228ba46,3151,0,0,6.8828964,0.97465503,-1.1482544,-3.4379044,-3.3461854
3152,train_images/2c8101f14723.png,ed938ca48833d450514b96c10e54be458700e7969cd5886e0847bef9ea4b20f2,3152,0,0,7.236862,0.8363036,-2.0852585,-2.1065903,-3.991356
3153,train_images/2d04cead4d3a.png,61f6dda5975aee9ec29dacdac645f7590d69b7c1bccf5de19345c3ef2a19de8d,3153,0,0,8.0323105,2.2201734,-3.1619987,-3.4787064,-3.6981466
3158,train_images/3325b1fe55d2.png,7177e72a9627859f0ac8332a8f0e2a43fa8d848f2a2820ce2ba08fbd22097f18,3158,0,0,6.4930954,1.0069214,-0.63890076,-6.0880585,-0.92891455
3169,train_images/436e7a7af761.png,7f941199e2188c6337acdc2b68c274c8ae334d085d3056d7ee84b82b403429f2,3169,0,0,9.412552,1.6151255,-2.9309883,-3.9787216,-4.1806173
3174,train_images/4528fbbd43a3.png,06fe37a01e7b29144b9ce792dfe21152a3656c6a9ea4d40b5422d9824edaaabc,3174,0,0,6.0038605,2.6278462,-0.26725388,-5.3638077,-3.1246252
3180,train_images/493d99f030e2.png,48861cdadf31b0bdd5fc6e11ed45c6e30b5d1b123782a243e543aa81e8cda21d,3180,0,0,7.0460014,2.9949708,-2.0277214,-4.4605103,-3.630384
3185,train_images/4d167ca69ea8.png,ffb99c7befb24761791603bedadba9cb1440f27e8d71d5eb2fd00490af3be0ec,3185,0,0,6.583664,1.2292293,-0.93715286,-5.5610733,-1.4520001
3191,train_images/51aa3361294c.png,12c9b8d32951dc98e6e32a69855b2688a73e354e42040f72d3b83f8f0a9e64ff,3191,0,0,4.896927,2.9948654,-1.3692436,-4.2981873,-2.3535316
3197,train_images/58eb3809f456.png,b5814a621ff9a51c8999f91705a76504b6a433598274b19fb2c2b83716f3f28c,3197,0,0,8.44875,0.6356851,-2.785675,-2.8420181,-3.5361416
3201,train_images/5db2e3a4594a.png,159f83ec4e2b7cfebf0374e2849503faad3fd9515e825c96f0ae38a67353e090,3201,0,0,5.39032,1.8382152,0.2824936,-5.473755,-2.2125273
3207,train_images/683023cda6a5.png,71e8d630df3c4385cc6bf1ecc7747a4dfa3c8b669f5f60f220b8afd91927ca9f,3207,0,0,11.034599,1.5692486,-3.374771,-4.208832,-5.0381536
3211,train_images/6d6be4cfc73f.png,5c5ceb00438abc309d36d40c1c388b75cad63b02ed9eed1073f73005b8ca7994,3211,0,0,5.534294,0.5062741,-0.59264755,-3.95932,-1.6428561
3215,train_images/6f460f9968c7.png,221d749b2fb921dafff4d9b9b8a3e936fd4f9ea670007b673c7c552f723575d7,3215,0,0,7.4798813,2.435144,-1.0834961,-6.2307205,-2.6860285
3221,train_images/7569ac24762e.png,b182748ea56ac1513f7f0e02c11331b01fa4cd8fc5019b9151c45a34e7e15d08,3221,0,0,7.917675,0.8910023,-3.2496033,-2.7031631,-2.9491453
3227,train_images/7ad0c4975890.png,10f0e330ee6cbc3966c5a838e1bbcf7e7d452e2ad26d7ddb5c50cebad4730685,3227,0,1,1.5318756,4.470917,0.013477325,-3.9737244,-2.3007627
3234,train_images/84b4da14bc23.png,82d8abdf4fe7afd5eb79730fa5e1d0d79de39855eac650dca1b7752f6f16b9ca,3234,0,0,7.289173,2.1787548,-0.80352783,-6.648918,-2.134025
3236,train_images/88e4399d207c.png,f1441a207390d3b03e4e7e4539f952c8b84f64db034d4c30eb5e4879d79083f4,3236,0,0,8.181038,2.3409305,-1.2226753,-6.87603,-2.4919071
3239,train_images/8ab3faa3701f.png,e73a40e6548ddf146abacc6a95f5322b512b78b1fd6d7cdb42ff4cc0bc294232,3239,0,0,7.308567,3.1550279,-1.829792,-3.3096848,-5.470707
3242,train_images/8e2a3978c244.png,b159a4f24f2f9ba313f18c6eae09f39221b9b9f0261ea97deb0490da2a12f831,3242,0,0,7.697304,2.0208845,-0.75802994,-6.589836,-2.4587305
3250,train_images/9858cc2ae073.png,9016d00a6b93f942b1e7066856cf4d6932f0cf567ef773d58a980604a09f8b74,3250,0,0,7.083393,0.6099771,-2.6286469,-1.2180939,-3.9843214
3257,train_images/a06a63d866b2.png,9ef42d0ca1506b12d26ad43e9695c60caa19820252a36b59fab8019cffe5b758,3257,0,0,7.73645,1.4460863,-0.7586746,-6.6833115,-1.8463044
3262,train_images/a26f50218b84.png,bcaa7778c843972ee1064422967f1be42c1c79e3088202619a9191e47109d6ca,3262,0,0,6.246784,0.9346336,-1.3541718,-3.4028778,-2.5089862
3264,train_images/a484bdf85b4c.png,c6c85b3b29783e1c544a9f1b7605f0fd4fface19f3b7e69fc6c2217a7a632496,3264,0,0,5.91465,2.043522,-0.47203064,-6.1975784,-1.4140329
3272,train_images/ac1667fac512.png,1a6b67950976d7500c823f4bc9e176fb7de36c809b6a8e5981e10fc2df72fad0,3272,0,0,5.9676437,2.1054149,-1.1539116,-4.5320587,-2.52524
3273,train_images/ad12cde115ab.png,7fb8c0aeb9c101ac3ac555d8682d69624442f8ac6607d5e57c716a97b0436671,3273,0,0,8.079166,-0.26910436,-3.030384,-1.1562805,-3.7395706
3279,train_images/aeccef0bdc26.png,10a7945f22f7847285c3fb4aec9f7f3de9e98b0e92f15914f1b9a59cce5dcfe7,3279,0,0,6.7745667,1.9214927,-0.68644714,-5.596779,-2.5097394
3284,train_images/b549af91bd30.png,344f3473386e5bdf27301d3b48bae168fc05bc2fe619ef6c95df292c8173174a,3284,0,0,6.890766,0.91735303,-0.9534073,-5.3672333,-1.6238127
3289,train_images/b8e9a8f4617d.png,5b35670b56fd8480f024c3ed885e886a8440e33834cb4127011f6f351a8853f5,3289,0,0,9.12936,2.2809992,-1.575943,-6.521385,-3.3541844
3293,train_images/ba4e62c11cc0.png,afb39ecd1a660eba0e19483d99248927c31e95e9deb0d6765531f332eea6bafb,3293,0,0,7.847332,1.6194285,-0.84402084,-6.1442413,-2.5514662
3298,train_images/bed8296c8dfe.png,a6231094c2fa446586dd2a09f37cbaba917ad5e8f0db34d590c2123d19ec7472,3298,0,0,6.614502,1.5600876,-2.461357,-1.344223,-4.5308332
3302,train_images/c3c8fdda50c0.png,31deeac6868a9ea17d50fbb6abb38c21d01c9ec719ac8bacd93e2ed19faf9248,3302,0,0,8.138584,3.336841,-1.5491714,-6.9120407,-3.1059394
3305,train_images/c704bd669f36.png,917480d54cb1ea4338761b4251d1b5333271a60d87502284caea088bff180d66,3305,0,0,7.8964157,1.7174584,-1.4761009,-6.024948,-2.1772282
3306,train_images/c7d0deb71576.png,377bbcc1893406e6976a8311f77d4caef086d75fedc69b6f6e1ba4407370d779,3306,0,0,4.3893776,1.782215,0.28609848,-5.449951,-1.2183504
3313,train_images/cf8ae5501bd6.png,bd979e51ca3cdd5d9c542873a77b5ad7c378ab5bc88b742af215227112f394ee,3313,0,0,7.195038,2.016357,-1.034893,-5.9618073,-2.309105
3317,train_images/d2dc86021c67.png,5bbb3f694016dfea70d5939eee520ab2eeec9b5648c433e7ec6540c8a3039146,3317,0,0,7.7688217,2.353932,-1.0109291,-7.6728363,-1.5105348
3321,train_images/d6dbb0820ea5.png,f5f1f6b8c201721325ec75a379c6db1e1a1dff5f5f2a386194c66ac0d29f846f,3321,0,0,9.296574,3.0204692,-1.5842094,-7.490196,-3.2729793
3329,train_images/db3cd58aa315.png,727db3b6b904f44dc314037a389223ca089c57b0085ebf51f820e4e2a2a29319,3329,0,0,7.7433014,0.95588696,-2.7065544,-2.208809,-3.8992474
3334,train_images/dec5595e6154.png,3b8404401a40cd20d86610e0ea33f8ed3887d7bceb893de2bd775a6a57542660,3334,0,0,8.047596,2.46426,-1.1852798,-6.752968,-2.6448298
3341,train_images/e29e54ff921e.png,e9d4f53e2a5d40b1e8ee9e964399e53938348893576b8b56d8293bb42201d505,3341,0,0,5.9039,1.5767976,-0.7525444,-5.2662354,-1.6120343
3346,train_images/e9faf0296643.png,6cd6b3b61d9f5292e2a8c99db942b0d183ab693f1e8682332d9b09b99b17aa6a,3346,0,0,7.1859894,1.2114385,-1.1133423,-4.344223,-3.0079093
3351,train_images/ebf4b22240f4.png,ed858cd57778dcf93f915deb5905222001bb28c6b123266c9659a6131504b511,3351,0,0,7.551758,1.8776249,-0.22519302,-7.430107,-1.878356
3356,train_images/f0267c42907c.png,c27981e72e55ad863142aee5c6e001d868059f6c0015f8aa2e200b293e749c47,3356,0,0,6.6005325,2.3529315,-1.6351814,-2.8297424,-4.660937
3362,train_images/f66c4ee86629.png,3e1c81b2861e1910288935415d86da7f652eff4b93b61de415f9f5870517c63d,3362,0,0,8.216549,1.4723414,-1.6623116,-4.920372,-3.0972486
3367,train_images/fb1b8771c70a.png,d3592ee21d0def092c0ee14b3772ddaced248a07b261a775ba782edbb180338c,3367,0,0,7.4088364,2.46666,-0.95773697,-6.569107,-2.452499
3369,train_images/fc782722a50c.png,2cd37adf2525c6e56dbb06c165a2f7aaebf85f0bd78b6ccc22c4fc482a52babe,3369,0,0,8.171883,2.47161,-1.4868813,-5.922142,-3.303863
3376,train_images/fefded6bf135.png,84b65b4124f35ae545c4fab22cde4f01369f5939d87804d28211ae6b15531a3f,3376,0,0,4.20195,2.4157615,0.043628693,-4.2278595,-2.5947795
3384,train_images/22a6da005395.png,ac39fb94d7b73f6b71dbd5d96865d2181cf653f1abdd0ffaf3534a8d36e00d81,3384,1,1,-0.62690353,5.001521,0.8846855,-3.5898895,-2.052569
3391,train_images/384631079d1e.png,1845223f13efaf1d706653c1595d5c01ca111f756f22a31fd823117c8f128584,3391,1,1,-3.6986198,2.8206944,2.8175735,-2.9386063,0.5531349
3393,train_images/4661006f3ba6.png,27bb21e127003b1ade79501891f63f4958b5508f95459121ee42ed98012ed17f,3393,1,1,-4.279457,2.6457515,1.8403053,-1.1639938,0.45785522
3398,train_images/4fa26d065ad3.png,ce88b0ef19bd8099eb780ed43441035ccd660bd051f1b0dcb53de1d35adc7119,3398,1,1,0.21288681,3.5465193,-1.424118,-2.2501907,-0.37111855
3405,train_images/6377e23928f6.png,5af37ce5c0de0a95ba6521f53195797d3f324981343b64a7814d247330bf70eb,3405,1,2,-3.257965,2.0200138,3.265232,-3.2646103,0.7831402
3412,train_images/89ed6a0dd53f.png,6853c2f45e7a182ece812c2825bea574a19682e8d55f8a0386d0d9625bca26c0,3412,1,1,-2.3552055,3.4256992,1.2821655,-1.2601471,-1.5349588
3415,train_images/94372043d55b.png,b64e7f11e5c1faf9d5b58fd79dffc209a18e9929c93a44b84fcd130bdd255e26,434,1,1,1.6815186,3.2045689,-0.1989212,-3.0443878,-1.9091918
3419,train_images/a19ecd0a706e.png,284214c0ddcb433755d8402a694d8d8aae33de8a48730cce4663031433903fb6,3419,1,1,-2.3762665,5.0628448,1.7337532,-4.157341,-0.6713476
3424,train_images/b576c5269ad1.png,9c2108c7528b935e27b10d0cee2c55f2699ba27bac2e6fe131dc0117e0a5fec1,3424,1,1,0.023155212,6.034375,1.3003654,-5.6150665,-2.078175
3425,train_images/b640e3bdff75.png,6c60f487b9640715f98fdac34f67e1424919b9045e7d00ee4a1cac567cfb0c11,3425,1,1,-0.73651886,5.5981536,-0.08386612,-4.301117,-0.79173565
3431,train_images/cd45bfa07d41.png,0b6f28cac3c0a75815d4dabc5c197dd8c15e722847d6dc7ec9bee010ee26f255,3431,1,1,1.0337944,3.300581,0.68001556,-4.147209,-1.1441951
3433,train_images/d1cad012a254.png,4025dca5f8bec7c66017347dff836a3054b49fe9afa240ef9e7ad8cc93611538,45,1,1,1.7694016,6.000584,0.62482834,-6.141678,-2.49304
3438,train_images/08c17a2d95b7.png,1a004a253a616e2904bfbb6001879a384d503b1799db8d69a3d20f226f107d62,3438,2,3,-2.6465607,-4.1291623,1.6758041,4.785576,-0.17582893
3444,train_images/141735b57ec0.png,d26a6aa0d46a2a14e5c50c1e9c595dca9ebffc049eb1a605f7738204ac9c2f4b,3444,2,1,-3.813137,2.8362584,1.4027634,-2.1152115,1.2678866
3450,train_images/1c0e5dd1b14c.png,fbc62e0ff7e4c90dbc41c2497baad7a2c4d3740852c842db2b2a4001c4cb140b,3450,2,2,-7.288685,-1.6138685,4.03014,2.6338196,1.6283569
3456,train_images/23148a40ecb0.png,1b20076b54f0cf41e1276ff53c57f6f4b0aea7cec00704fb21592307d37c7c31,3456,2,2,-6.9954414,0.71319497,3.214386,1.3305893,1.1553969
3462,train_images/272d9c043c81.png,1e338d3beb03aada71a43b21b2a3ad3e652ad0b44aff2a1e6e8cd3a74de7ea56,3462,2,3,-7.663437,-3.3033626,2.8491497,3.9467316,3.5781088
3470,train_images/34723fae6475.png,16772915110867fba2c220a028245a8336aa6d55688671e924190500f8bbd53f,3470,2,2,-4.8392754,0.8533896,2.156273,0.5725479,0.72687197
3483,train_images/467b7d9d811c.png,12773569ae779abcb67c250af85b9cc987be3c5b4fc605e30756b6aa2b57a46e,3483,2,2,-5.0432167,-0.23392463,2.138012,1.0254517,1.5818539
3484,train_images/4818672273af.png,26014b2b1cb1bdef212b4033489aa681e061c6d51b85a7d4e5f3b16f1537563f,3484,2,4,-4.6883926,-1.4611459,1.5997181,1.1132355,2.9286184
3492,train_images/4f46d7ee61ed.png,6408248faf92d3d3b50e2c78f437f232b3eb30c849ecd74301b1f36cb08f3036,3492,2,3,-6.5792694,-4.546298,2.3052845,4.186569,4.0200243
3498,train_images/5cde55f745af.png,6e6af057db49bbaf1ed7692eda1aa7d966cc0de886e9414e558e09d92aefe9b2,3498,2,1,-4.487835,3.246252,1.0214767,-1.8433685,1.5971212
3499,train_images/5ed6dc419e4d.png,57bf9cbabc7f9b1795e92f24e824eaa4ff28854e52bc2c70fc5dfbe13613b458,3499,2,2,-6.462761,0.13950908,2.9097347,2.0832138,0.7512431
3504,train_images/674057ab250c.png,5342128f7151e97766f089670db1e7af46083aa8276cd2046b07e26d733c9f08,3504,2,2,-5.1199684,0.11935508,2.86347,1.534195,0.09519482
3512,train_images/77543f66a84a.png,cb01e934274d8dd99dcda6daab41971f40939cee1bc27fb300daa34fa61c9b49,3512,2,2,-5.622799,-0.63364166,3.1286297,1.9123993,0.6749129
3515,train_images/80b5a9519aec.png,af7273352117ace4fc4ad5e8b112408c4f6362aaff5cb0fea05bed80e4d3c30b,3515,2,2,-3.6653557,-1.0593084,2.8157196,1.4188461,-0.005086422
3518,train_images/83b61051737f.png,333ba7bf7cde215d0340f6b232ab9d9f62ab3f85518641529fbd801968fbf16c,3518,2,2,-4.6398354,-0.3781774,3.6123562,-0.36717987,1.2488937
3529,train_images/96c3e3db68bc.png,31e966db449659de9780b36c7333a7fd77690b3e8a800fc7c86f12e1e120af06,3529,2,2,-4.9730263,-1.7113688,4.115286,1.4651642,0.5795846
3538,train_images/a0d04a19cf40.png,e8200877c23b2a7eadd7db8a3d2718cbb11b3c7816b1cd81175b9ffa6577d050,3538,2,2,-6.1831017,-0.33061492,4.3243885,0.29649353,1.3299093
3542,train_images/a3957df90a78.png,42df53a226498a4c20f810b2a77f10d9c40e73c04ea68a7e82dafaf75a2a240a,3542,2,2,-2.7703438,-0.34459746,1.8658352,-0.05142975,0.9038763
3547,train_images/acc9f29538c4.png,587e3a7e2b4b4467a0ef736c83470ad8f9e349e5d5dca41109e569edff5a8b2d,3547,2,2,-3.5985107,0.61766374,1.4523888,-0.23490906,1.3227215
3550,train_images/b746a6681ba9.png,aedddc1008d3f821528643cddc9785ae679dcf3ecd2a83ed47c5364b5fbd76ce,3550,2,2,-5.238838,0.8484715,3.7181587,-1.4757462,1.6282177
3554,train_images/c2d2b4f536da.png,b822a3249bf631d8cbbdbcc506f3dad105981b7e1ce72584839d313effa5b87a,115,2,2,-2.543087,0.13592327,1.6008358,-0.025222778,0.37970018
3558,train_images/c613db1cab27.png,21aa01c9ef4bb8d0e2299be78cf7b986d0b2ef19d7b1a8d4a2d769c681c8b58d,3558,2,2,-7.2039146,-0.8443974,4.854128,-0.12162781,2.726717
3560,train_images/ce887b196c23.png,50030ec7d40919ba8ae7ecf7cc145950f1cea65f54da0ed9630dfd3b31c9a026,1949,2,2,-2.9356842,2.9433813,3.5565395,-2.6988525,-1.3050871
3566,train_images/d95959798b57.png,454041f3d5fff4ca2a175384664385b7896ce48b9e592a16c9f4f45a83a36c7c,3566,2,2,-4.74321,-0.32929885,3.275795,1.5834274,-0.30013323
3574,train_images/e1e490773462.png,8bcedee86e062d7f06383f27b152ad428b2f3a7f15a1712eafe0aa1ea0639af7,3574,2,2,-4.098728,0.5063456,4.3755436,-1.6576691,0.38730383
3579,train_images/e9129ce55fd7.png,a77ffae41a8dbf318be23f73d39958fe30036d8144460448f09bae4e2cca588e,3579,2,2,-0.75177,-1.0172629,1.8717499,-0.6121521,0.13715935
3583,train_images/f3b6b7ca1eb1.png,514acf126e46e96afb1c5e4c2292a43763def6489d85de90fcf1865790499415,3583,2,2,-6.9577713,-0.30875766,2.7736816,2.0083313,1.89365
3591,train_images/36865bbc64d6.png,2a53d9bd33547b23249a0d2f8a3e10c060f106c20f5c4ec65ca2a7987d8c8b38,3591,3,3,-0.53082657,0.27630174,-1.1233063,1.5259628,-0.517251
3592,train_images/3f49f8d100e9.png,651b5694eeea55ddb4f73942c1d0c8000cf553327173f683b5f0e90274f03059,3592,3,3,-5.5163,-2.7987132,2.1996155,5.1157303,0.44708395
3599,train_images/8a9bef2fbd4e.png,9abbf5f2581176d481cbad05e3f0d01b6502284ab8acdc0068752bf2821c5c29,3599,3,3,-5.3816338,-2.458868,2.3018074,3.4491425,1.5387211
3604,train_images/a14bbd9a583e.png,9a57603f7e4c81f42e9b7acdd9064ee50e0038aefd0375a2e52fa6423f892b4e,3604,3,4,-4.695812,-0.35223246,0.79652786,0.9831543,2.760212
3610,train_images/d16398c971e9.png,935405937e22b80c4b73b95afe6fae79cc8b9dbc86db99547fd9e73502d04b72,3610,3,3,-7.968666,-4.664305,2.7320728,6.128235,3.1538982
3611,train_images/dd3dad6ca78f.png,7b41cd7a1309312db3765a88bd81a39ebba83b7f0970d5c77c68af15cac71f0f,3611,3,3,-3.0630417,-0.41324246,0.9666271,1.1011505,0.95151806
3615,train_images/f080a22008be.png,388333b3e777dacf1638a1b51b727ba393edbcd00e54d824b3c67c6bc6e32440,3615,3,3,-4.5513115,-2.024198,1.627636,2.7931366,1.641922
3625,train_images/378963f9df22.png,30699355bd8db1414eb04a31aefc2143c0f7a16cfa91a0afb8944b590d02a144,3625,4,2,-6.369499,-2.4409986,3.972847,2.0412598,2.2478342
3630,train_images/62318d514160.png,12bd521651d85f3b1b69c02205712c3fa72b6e7134f42169e34c3d9ab4df6854,3630,4,4,-5.131504,-1.3046271,-1.314209,1.7439575,5.5091
3634,train_images/6d259b5b4c76.png,7a7ad0e519092be9a8e873411fffe91c51db98848fe85eb84854d3edb72c947b,3634,4,4,-7.911194,-4.3364115,2.1523476,2.92482,6.514018
3637,train_images/789434d095d1.png,52b4d2ccf45571a62db6e05e2d016ea72bfe50bfcc294f75a7781c32c2e0ab6a,3637,4,4,-4.5489616,-2.2107055,1.2563,-1.2628479,6.2883024
3643,train_images/95e732e043a1.png,fd02d4b68f57de329f2ea34a001647b87d1178630a20d710aa0374cdf0558ac5,3643,4,2,-4.885597,-3.0476248,3.3254623,1.4369125,2.614318
3649,train_images/bd9904495ccd.png,569c78dd81b72b3e155e0b5df8bedeee4d120681a1ebe399f55d19e74094cbc1,3649,4,2,-6.9756775,-2.8476543,3.9255047,2.0915527,3.186553
3659,train_images/e4730ddde408.png,863c73d910389d3fa20b781b357b8301af3441b21293e9a505f5220febc5c776,3659,4,3,-7.6734123,-4.394233,4.1018963,5.884735,1.4142127
