seed,arm,fold,bacc,mcc,mae_plain,macro_mae_true,qwk,lr,wd,epoch,grid_edge_wd,grid_edge_epoch,per_class_recall
0,B0,0,0.639566365281949,0.7523156408922105,0.21232876712328766,0.47317682569840686,0.8927723005688103,0.01,10.0,280,False,False,"[0.9865591397849462, 0.5492957746478874, 0.8535353535353535, 0.2727272727272727, 0.5357142857142857]"
0,B0,1,0.6522023176870542,0.7473370853316087,0.21195652173913043,0.4360589356227428,0.9017945934110048,0.001,3.0,460,False,False,"[0.9838274932614556, 0.5857142857142857, 0.8155339805825242, 0.29411764705882354, 0.5818181818181818]"
0,B0,2,0.6504661342724759,0.7301780631620463,0.2483130904183536,0.4775122614107577,0.8764502484221834,0.01,1.0,60,False,False,"[0.9831460674157303, 0.6363636363636364, 0.8190954773869347, 0.3137254901960784, 0.5]"
0,B0,3,0.6799792710308172,0.7621829800225827,0.21074380165289255,0.4253895668156426,0.8955029385319069,0.01,10.0,420,False,False,"[0.9806094182825484, 0.6447368421052632, 0.8534031413612565, 0.3888888888888889, 0.532258064516129]"
0,B0,4,0.5922203146846642,0.7158767634792419,0.2551440329218107,0.5323689836539713,0.8752864029675005,0.01,10.0,730,False,False,"[0.9855072463768116, 0.4605263157894737, 0.8780487804878049, 0.23076923076923078, 0.40625]"
0,B0,5,0.6359818712361085,0.7452048184276648,0.23045822102425875,0.4760116719438754,0.887240647964253,0.01,10.0,720,False,False,"[0.9887005649717514, 0.5769230769230769, 0.8428571428571429, 0.17142857142857143, 0.6]"
0,B0,6,0.640884091817878,0.7241206667963511,0.2503382949932341,0.47456067846560207,0.8794167444263328,0.01,0.1,50,False,False,"[0.9824561403508771, 0.5714285714285714, 0.8110599078341014, 0.32432432432432434, 0.5151515151515151]"
0,B0,7,0.636563549927841,0.7181718905647224,0.24551724137931036,0.5006723218127054,0.872930013296265,0.01,0.1,180,False,False,"[0.9811320754716981, 0.5211267605633803, 0.7864583333333334, 0.3409090909090909, 0.5531914893617021]"
0,B0,8,0.649064887206438,0.716510855755939,0.2430939226519337,0.46743648487223355,0.8842232005117207,0.001,1.0,250,False,False,"[0.9667590027700831, 0.5753424657534246, 0.7806122448979592, 0.358974358974359, 0.5636363636363636]"
0,B0,9,0.65675295458404,0.7506192927534591,0.22404371584699453,0.4682594782454702,0.8872900929061387,0.01,10.0,300,False,False,"[0.9893899204244032, 0.6056338028169014, 0.842391304347826, 0.39473684210526316, 0.45161290322580644]"
0,B0,10,0.6518387405979217,0.7406703524595601,0.2260748959778086,0.4483195634388646,0.8954718987097086,0.01,10.0,690,False,False,"[0.9826589595375722, 0.5131578947368421, 0.8520408163265306, 0.34210526315789475, 0.5692307692307692]"
0,B0,11,0.647768128005412,0.7481220370794496,0.21467391304347827,0.4583855585744804,0.8952390863083811,0.01,10.0,530,False,False,"[0.9815303430079155, 0.6133333333333333, 0.8563829787234043, 0.39473684210526316, 0.39285714285714285]"
0,B0,12,0.6587711416490486,0.7307570140453572,0.23601637107776263,0.4465409325816303,0.8838294500288817,0.01,0.01,100,False,False,"[0.96875, 0.625, 0.8046511627906977, 0.29545454545454547, 0.6]"
0,B0,13,0.6658230926233293,0.7472414256494787,0.2259810554803789,0.44744925960940574,0.8866924446393639,0.01,3.0,460,False,False,"[0.9917808219178083, 0.6923076923076923, 0.7729468599033816, 0.3548387096774194, 0.5172413793103449]"
0,B0,14,0.6502871359800644,0.7377069181442631,0.2373806275579809,0.46395713142933037,0.8855480743814834,0.01,10.0,510,False,False,"[0.9862258953168044, 0.5942028985507246, 0.8290155440414507, 0.35714285714285715, 0.48484848484848486]"
0,B1,0,0.6689276257086344,0.6647625048454127,0.30273972602739724,0.4551944446083473,0.8616200185759523,0.01,30.0,130,False,False,"[0.9758064516129032, 0.6338028169014085, 0.5202020202020202, 0.696969696969697, 0.5178571428571429]"
0,B1,1,0.68942940856004,0.7131558013178821,0.25271739130434784,0.4000568443334302,0.8870941256795181,0.01,10.0,550,False,False,"[0.9811320754716981, 0.7285714285714285, 0.6262135922330098, 0.5294117647058824, 0.5818181818181818]"
0,B1,2,0.6922464885904254,0.7020677664822166,0.2874493927125506,0.43399295849277947,0.8660903931952973,0.01,10.0,360,False,False,"[0.9719101123595506, 0.7532467532467533, 0.6180904522613065, 0.5490196078431373, 0.5689655172413793]"
0,B1,3,0.6864038115686435,0.7124495401833775,0.2727272727272727,0.43101229385846657,0.8738774648878052,0.01,10.0,270,False,False,"[0.9722991689750693, 0.7894736842105263, 0.6335078534031413, 0.4722222222222222, 0.5645161290322581]"
0,B1,4,0.6645672799647377,0.6923476106094905,0.2880658436213992,0.45080748050483493,0.8717515247599784,0.01,10.0,590,False,False,"[0.9797101449275363, 0.6842105263157895, 0.6292682926829268, 0.4358974358974359, 0.59375]"
0,B1,5,0.7095983112932266,0.7174674013923441,0.2749326145552561,0.40327435276587825,0.8741886745988412,0.01,10.0,530,False,False,"[0.980225988700565, 0.7692307692307693, 0.6095238095238096, 0.5428571428571428, 0.6461538461538462]"
0,B1,6,0.681146334966369,0.6868339328178321,0.3044654939106901,0.45795434929560563,0.8555589926850702,0.01,10.0,110,False,False,"[0.9736842105263158, 0.6883116883116883, 0.6036866359447005, 0.5945945945945946, 0.5454545454545454]"
0,B1,7,0.6715263582975904,0.6900720305719332,0.2813793103448276,0.4489917949787211,0.8666060933019109,0.01,30.0,210,False,False,"[0.9838274932614556, 0.7183098591549296, 0.578125, 0.5454545454545454, 0.5319148936170213]"
0,B1,8,0.6880109330021782,0.655350593751676,0.31215469613259667,0.4236036754813147,0.8647459315841912,0.01,30.0,250,False,False,"[0.9473684210526315, 0.7808219178082192, 0.45918367346938777, 0.7435897435897436, 0.509090909090909]"
0,B1,9,0.6890026929956028,0.7302623390314135,0.2336065573770492,0.4062579731624236,0.8992866750387261,0.01,10.0,700,False,False,"[0.986737400530504, 0.704225352112676, 0.6793478260869565, 0.5263157894736842, 0.5483870967741935]"
0,B1,10,0.6476401159794615,0.6663469343153009,0.3065187239944521,0.46793221381599837,0.8674679123387585,0.001,10.0,110,False,False,"[0.9797687861271677, 0.618421052631579, 0.5663265306122449, 0.47368421052631576, 0.6]"
0,B1,11,0.6878750908034134,0.7076948266188392,0.25679347826086957,0.41581776059190245,0.8841244176367273,0.01,10.0,40,False,False,"[0.9736147757255936, 0.72, 0.6329787234042553, 0.6842105263157895, 0.42857142857142855]"
0,B1,12,0.6892833568240546,0.7151146160710423,0.25375170532060026,0.4016517500587268,0.8841743782855057,0.01,10.0,350,False,False,"[0.9744318181818182, 0.7777777777777778, 0.6651162790697674, 0.4090909090909091, 0.62]"
0,B1,13,0.7163499871918398,0.7012771302916605,0.27604871447902574,0.3935868533095814,0.8752413444555686,0.01,10.0,330,False,False,"[0.9835616438356164, 0.7564102564102564, 0.5458937198067633, 0.7096774193548387, 0.5862068965517241]"
0,B1,14,0.7110579379456481,0.6987133500232614,0.2946793997271487,0.4159340499077131,0.8625106550595121,0.01,10.0,130,False,False,"[0.9614325068870524, 0.8260869565217391, 0.5751295336787565, 0.7380952380952381, 0.45454545454545453]"
0,B4,0,0.6933834515729109,0.7019572450651997,0.25068493150684934,0.41568618291698706,0.8859002765325226,0.01,3.0,70,False,False,"[0.9758064516129032, 0.6197183098591549, 0.6262626262626263, 0.7272727272727273, 0.5178571428571429]"
0,B4,1,0.6818832939094137,0.6936320064078475,0.24456521739130435,0.38662273988847484,0.9030592532752626,0.01,10.0,190,False,False,"[0.9811320754716981, 0.6714285714285714, 0.5825242718446602, 0.6470588235294118, 0.5272727272727272]"
0,B4,2,0.6846720702186123,0.68603480179939,0.27800269905533065,0.41620812874429225,0.8818957580536582,0.01,3.0,70,False,False,"[0.9719101123595506, 0.7142857142857143, 0.5728643216080402, 0.6470588235294118, 0.5172413793103449]"
0,B4,3,0.6709287864235207,0.6813463079277534,0.26859504132231404,0.41261412901967837,0.8889269671860274,0.001,3.0,120,False,False,"[0.9667590027700831, 0.75, 0.5706806282722513, 0.5833333333333334, 0.4838709677419355]"
0,B4,4,0.6458191412896791,0.6711220419180276,0.2812071330589849,0.4503386743788667,0.8827352974830589,0.01,10.0,90,False,False,"[0.9826086956521739, 0.6973684210526315, 0.6, 0.5897435897435898, 0.359375]"
0,B4,5,0.703203576084932,0.7099080672973933,0.2601078167115903,0.3983348854535295,0.8855388004334033,0.01,10.0,660,False,False,"[0.9830508474576272, 0.7564102564102564, 0.6095238095238096, 0.6285714285714286, 0.5384615384615384]"
0,B4,6,0.6514962408001457,0.6621721533208555,0.30311231393775373,0.45934249907085223,0.8704269215435386,0.001,0.1,270,False,False,"[0.9736842105263158, 0.6883116883116883, 0.5668202764976958, 0.5135135135135135, 0.5151515151515151]"
0,B4,7,0.6709001262847575,0.703188790888411,0.2386206896551724,0.41625461754689297,0.895058484361627,0.01,10.0,410,False,False,"[0.9811320754716981, 0.676056338028169, 0.6354166666666666, 0.6363636363636364, 0.425531914893617]"
0,B4,8,0.6965027023939807,0.6789278966351411,0.27486187845303867,0.40978848847646654,0.8785179995932295,0.01,10.0,110,False,False,"[0.9556786703601108, 0.684931506849315, 0.5561224489795918, 0.7948717948717948, 0.4909090909090909]"
0,B4,9,0.6669590671005707,0.6956157207611959,0.2540983606557377,0.42628356830529873,0.8970924860515954,0.001,3.0,190,False,False,"[0.986737400530504, 0.704225352112676, 0.5869565217391305, 0.6052631578947368, 0.45161290322580644]"
0,B4,10,0.6307770203632692,0.6550558636449759,0.289875173370319,0.47376648124790155,0.8794750284761286,0.01,10.0,140,False,False,"[0.9826589595375722, 0.5921052631578947, 0.5714285714285714, 0.5, 0.5076923076923077]"
0,B4,11,0.6771009258395526,0.7025967921815867,0.24456521739130435,0.406680229175645,0.8970970895440408,0.01,10.0,230,False,False,"[0.978891820580475, 0.6533333333333333, 0.6329787234042553, 0.7631578947368421, 0.35714285714285715]"
0,B4,12,0.7021107000234907,0.7124898220252882,0.23601637107776263,0.3687086563307494,0.8990941414388101,0.01,10.0,210,False,False,"[0.9630681818181818, 0.7361111111111112, 0.6604651162790698, 0.5909090909090909, 0.56]"
0,B4,13,0.696700472859755,0.6908218057476907,0.2719891745602165,0.41841190478103574,0.8758250736444166,0.01,0.1,40,False,False,"[0.9753424657534246, 0.6666666666666666, 0.5845410628019324, 0.7741935483870968, 0.4827586206896552]"
0,B4,14,0.7018248062258794,0.6958471589402201,0.2646657571623465,0.3886088646313103,0.8907599433254666,0.01,10.0,580,False,False,"[0.9641873278236914, 0.7681159420289855, 0.5906735751295337, 0.7619047619047619, 0.42424242424242425]"
0,B0d,0,0.6507600998627805,0.7156586024602208,0.25068493150684934,0.46166407044417046,0.8774880145715317,0.001,0.01,290,False,False,"[0.978494623655914, 0.5492957746478874, 0.7373737373737373, 0.36363636363636365, 0.625]"
0,B0d,1,0.6173276558037826,0.7055717168596739,0.24456521739130435,0.4861543101145269,0.8847530422333572,0.01,10.0,750,False,False,"[0.9784366576819407, 0.5428571428571428, 0.7621359223300971, 0.29411764705882354, 0.509090909090909]"
0,B0d,2,0.608069020104744,0.6988884324104773,0.27125506072874495,0.5225952831633192,0.8665959705469205,0.01,10.0,540,False,False,"[0.9831460674157303, 0.5324675324675324, 0.8090452261306532, 0.21568627450980393, 0.5]"
0,B0d,3,0.6597603986499373,0.741656569394552,0.22589531680440772,0.4446718746661764,0.8897025054855335,0.001,1.0,550,False,False,"[0.9861495844875346, 0.5526315789473685, 0.8272251308900523, 0.4166666666666667, 0.5161290322580645]"
0,B0d,4,0.605041434828404,0.6966951450626307,0.27709190672153633,0.5317409389878971,0.8624060360616469,0.001,3.0,250,False,False,"[0.9826086956521739, 0.5789473684210527, 0.7853658536585366, 0.2564102564102564, 0.421875]"
0,B0d,5,0.6324964301235488,0.7174813094525068,0.25336927223719674,0.4806171229900043,0.8807839322760329,0.01,10.0,740,False,False,"[0.9943502824858758, 0.6025641025641025, 0.7523809523809524, 0.22857142857142856, 0.5846153846153846]"
0,B0d,6,0.6511386190503339,0.7370711020704925,0.2408660351826793,0.46888480216154244,0.8799868300745926,0.001,0.1,200,False,False,"[0.9766081871345029, 0.5844155844155844, 0.8433179723502304, 0.35135135135135137, 0.5]"
0,B0d,7,0.6341082568455513,0.7000857539905403,0.26068965517241377,0.48524521817657024,0.8686993276274424,0.01,0.1,80,False,False,"[0.9838274932614556, 0.49295774647887325, 0.734375, 0.36363636363636365, 0.5957446808510638]"
0,B0d,8,0.598561891224261,0.6861132586630532,0.27900552486187846,0.536037866721714,0.8596561356193412,0.01,30.0,750,False,False,"[0.9529085872576177, 0.547945205479452, 0.7959183673469388, 0.20512820512820512, 0.4909090909090909]"
0,B0d,9,0.6523699959567588,0.7235974315317443,0.22131147540983606,0.4245448728940707,0.9068906711692697,0.01,0.01,60,False,False,"[0.9761273209549072, 0.5492957746478874, 0.7771739130434783, 0.39473684210526316, 0.5645161290322581]"
0,B0d,10,0.6635748314443607,0.7217133821004001,0.24965325936199723,0.44327801495735786,0.883834366791665,0.001,0.1,350,False,False,"[0.9884393063583815, 0.5526315789473685, 0.7602040816326531, 0.4473684210526316, 0.5692307692307692]"
0,B0d,11,0.612915095660332,0.7367089901518405,0.21875,0.4920598484365632,0.8958498028435431,0.01,3.0,50,False,False,"[0.9868073878627969, 0.5866666666666667, 0.851063829787234, 0.15789473684210525, 0.48214285714285715]"
0,B0d,12,0.6259820295983086,0.7070800406829665,0.25648021828103684,0.5017744890768147,0.8684778721047488,0.001,1.0,160,False,False,"[0.9829545454545454, 0.5, 0.786046511627907, 0.3409090909090909, 0.52]"
0,B0d,13,0.6083338232761091,0.6884302339409748,0.2868741542625169,0.5337764598331265,0.8497802943637685,0.01,0.0001,80,False,False,"[0.9726027397260274, 0.44871794871794873, 0.7632850241545893, 0.3225806451612903, 0.5344827586206896]"
0,B0d,14,0.643297162400564,0.7038438517417781,0.2646657571623465,0.47557575030593113,0.8728783216783217,0.001,0.01,230,False,False,"[0.9696969696969697, 0.5652173913043478, 0.7616580310880829, 0.40476190476190477, 0.5151515151515151]"
0,B1d,0,0.6697842807906416,0.6715233070788504,0.3,0.4680945726493205,0.8583020301931773,0.01,30.0,290,False,False,"[0.9758064516129032, 0.5915492957746479, 0.5505050505050505, 0.6060606060606061, 0.625]"
0,B1d,1,0.6768170084067199,0.6877723307886555,0.27445652173913043,0.421029417012521,0.8795574532168496,0.01,30.0,220,False,False,"[0.9703504043126685, 0.6857142857142857, 0.587378640776699, 0.5588235294117647, 0.5818181818181818]"
0,B1d,2,0.7037272768656343,0.6986374333583221,0.28205128205128205,0.42017013256529545,0.8697169706484023,0.01,30.0,120,False,False,"[0.952247191011236, 0.6753246753246753, 0.6381909547738693, 0.6666666666666666, 0.5862068965517241]"
0,B1d,3,0.6509257938043269,0.6886529522127861,0.290633608815427,0.4738477103552162,0.8639573649431811,0.01,30.0,250,False,False,"[0.9667590027700831, 0.6578947368421053, 0.6649214659685864, 0.4166666666666667, 0.5483870967741935]"
0,B1d,4,0.640922609847688,0.6564612735702107,0.32647462277091904,0.5015711657600646,0.8502045175803783,0.01,30.0,120,False,False,"[0.9739130434782609, 0.6578947368421053, 0.5756097560975609, 0.5128205128205128, 0.484375]"
0,B1d,5,0.6695772024585585,0.6799071778509425,0.3059299191374663,0.46573415285279685,0.8609589484157338,0.01,30.0,300,False,False,"[0.9830508474576272, 0.7564102564102564, 0.5380952380952381, 0.4857142857142857, 0.5846153846153846]"
0,B1d,6,0.6953194722294891,0.6923110314777506,0.28416779431664413,0.41573872066232004,0.8708339870216976,0.01,30.0,290,False,False,"[0.9590643274853801, 0.6103896103896104, 0.6589861751152074, 0.7027027027027027, 0.5454545454545454]"
0,B1d,7,0.6726050755312258,0.6803211847623053,0.2910344827586207,0.4577065488315707,0.8604822514700146,0.01,30.0,620,False,False,"[0.9865229110512129, 0.6901408450704225, 0.5364583333333334, 0.6818181818181818, 0.46808510638297873]"
0,B1d,8,0.6480760733412911,0.6298548555034185,0.3314917127071823,0.46543445838836445,0.8599215767206687,0.01,30.0,290,False,False,"[0.9473684210526315, 0.6986301369863014, 0.45918367346938777, 0.5897435897435898, 0.5454545454545454]"
0,B1d,9,0.678431610346723,0.6896926317984022,0.25956284153005466,0.4131521074302367,0.892700432369623,0.01,30.0,260,False,False,"[0.9761273209549072, 0.5915492957746479, 0.5978260869565217, 0.7105263157894737, 0.5161290322580645]"
0,B1d,10,0.6643359765099085,0.6680336363531685,0.29542302357836336,0.4452781687433345,0.8741958223295503,0.01,30.0,420,False,False,"[0.9797687861271677, 0.5921052631578947, 0.5510204081632653, 0.5526315789473685, 0.6461538461538462]"
0,B1d,11,0.6824041772313791,0.7015543042440409,0.25407608695652173,0.4173685569675607,0.888911087156497,0.01,30.0,240,False,False,"[0.9709762532981531, 0.72, 0.6063829787234043, 0.5789473684210527, 0.5357142857142857]"
0,B1d,12,0.6639023960535588,0.6829602280601685,0.28240109140518416,0.4429241249706366,0.8719392822834999,0.01,30.0,540,False,False,"[0.9715909090909091, 0.5833333333333334, 0.641860465116279, 0.5227272727272727, 0.6]"
0,B1d,13,0.6788508782195235,0.6848193928801217,0.3004059539918809,0.4478945091851233,0.8545980494043451,0.01,30.0,330,False,False,"[0.9753424657534246, 0.6282051282051282, 0.5893719806763285, 0.5806451612903226, 0.6206896551724138]"
0,B1d,14,0.6854941340923031,0.6743345700911318,0.30013642564802184,0.4361973701136904,0.867390250972808,0.001,3.0,70,False,False,"[0.9504132231404959, 0.7391304347826086, 0.5647668393782384, 0.6428571428571429, 0.5303030303030303]"
1,B0,0,0.6518018997005821,0.7545789171758704,0.20821917808219179,0.4537984341369167,0.896780223598912,0.01,10.0,610,False,False,"[0.9865591397849462, 0.5774647887323944, 0.8383838383838383, 0.30303030303030304, 0.5535714285714286]"
1,B0,1,0.6653660239096055,0.7479311201068509,0.21467391304347827,0.4301679566729188,0.8976836616559859,0.01,0.01,50,False,False,"[0.9865229110512129, 0.6142857142857143, 0.7912621359223301, 0.35294117647058826, 0.5818181818181818]"
1,B0,2,0.6514819965806008,0.7253645968932698,0.25775978407557354,0.48507020338214624,0.8694450863181375,0.001,0.0001,270,False,False,"[0.9831460674157303, 0.5974025974025974, 0.8090452261306532, 0.3333333333333333, 0.5344827586206896]"
1,B0,3,0.6585262642230634,0.7578367762179723,0.21487603305785125,0.4566044381733036,0.891025810371701,0.01,10.0,730,False,False,"[0.9861495844875346, 0.5657894736842105, 0.8795811518324608, 0.3611111111111111, 0.5]"
1,B0,4,0.6015797416291361,0.708966132504614,0.2661179698216735,0.5376477146042363,0.8666440181884701,0.01,3.0,50,False,False,"[0.9855072463768116, 0.5263157894736842, 0.8390243902439024, 0.28205128205128205, 0.375]"
1,B0,5,0.6522667163345129,0.7456564257237587,0.23450134770889489,0.4673458744645186,0.8831994767677104,0.01,3.0,540,False,False,"[0.9858757062146892, 0.6025641025641025, 0.8333333333333334, 0.2857142857142857, 0.5538461538461539]"
1,B0,6,0.6530064361982867,0.7361813839197483,0.2368064952638701,0.45664305409636474,0.8860662831826391,0.01,0.1,50,False,False,"[0.9824561403508771, 0.5714285714285714, 0.8294930875576036, 0.35135135135135137, 0.5303030303030303]"
1,B0,7,0.6376052165945076,0.7201920873660911,0.24,0.49295518566247065,0.877357916514543,0.01,0.01,160,False,False,"[0.9811320754716981, 0.5211267605633803, 0.7916666666666666, 0.3409090909090909, 0.5531914893617021]"
1,B0,8,0.6571030267316947,0.7271706794736698,0.2292817679558011,0.4438324826382569,0.8935130062054378,0.01,3.0,460,False,False,"[0.9750692520775623, 0.589041095890411, 0.7806122448979592, 0.358974358974359, 0.5818181818181818]"
1,B0,9,0.6723043681811464,0.7539499147037758,0.21994535519125682,0.45399404137830873,0.8902237354085603,0.01,3.0,500,False,False,"[0.9893899204244032, 0.6056338028169014, 0.8369565217391305, 0.5263157894736842, 0.4032258064516129]"
1,B0,10,0.6396414303242066,0.75439062072171,0.21636615811373092,0.46360949537663,0.8982389680504589,0.01,10.0,670,False,False,"[0.9855491329479769, 0.4868421052631579, 0.9132653061224489, 0.2894736842105263, 0.5230769230769231]"
1,B0,11,0.6460204076406701,0.7397808340203798,0.22146739130434784,0.4593875849169322,0.893210772910763,0.01,10.0,440,False,False,"[0.9815303430079155, 0.6133333333333333, 0.8297872340425532, 0.39473684210526316, 0.4107142857142857]"
1,B0,12,0.6560359408033827,0.7414013465848595,0.22100954979536153,0.44438536528071404,0.8923298715544599,0.01,1.0,140,False,False,"[0.9772727272727273, 0.625, 0.827906976744186, 0.25, 0.6]"
1,B0,13,0.6887082174719885,0.75796549817959,0.21921515561569688,0.42616205374996985,0.8889627313758011,0.01,3.0,460,False,False,"[0.9917808219178083, 0.7051282051282052, 0.7777777777777778, 0.45161290322580644, 0.5172413793103449]"
1,B0,14,0.6665394801666279,0.7361832047119861,0.24693042291950887,0.45738453454359984,0.8818374880647059,0.01,3.0,720,False,False,"[0.9862258953168044, 0.6376811594202898, 0.7823834196891192, 0.38095238095238093, 0.5454545454545454]"
1,B1,0,0.6514438701285589,0.6381681052971243,0.32465753424657534,0.4742715989649202,0.8568979168373058,0.01,30.0,140,False,False,"[0.9731182795698925, 0.676056338028169, 0.43434343434343436, 0.7272727272727273, 0.44642857142857145]"
1,B1,1,0.6727462292349203,0.7011753943934578,0.26902173913043476,0.4236723146685109,0.880285260418427,0.01,10.0,260,False,False,"[0.9784366576819407, 0.7142857142857143, 0.6116504854368932, 0.4411764705882353, 0.6181818181818182]"
1,B1,2,0.6876390357417665,0.6965986417959354,0.29284750337381915,0.4425219799688893,0.864090531720588,0.01,10.0,220,False,False,"[0.9719101123595506, 0.7402597402597403, 0.6080402010050251, 0.5490196078431373, 0.5689655172413793]"
1,B1,3,0.69437356142321,0.7114881121200871,0.2727272727272727,0.41981673755228693,0.8747246566996297,0.01,10.0,700,False,False,"[0.9722991689750693, 0.7894736842105263, 0.6178010471204188, 0.5277777777777778, 0.5645161290322581]"
1,B1,4,0.6832663846683353,0.6780838927462071,0.29492455418381347,0.42043824229388227,0.8748626089951034,0.01,10.0,390,False,False,"[0.9797101449275363, 0.7631578947368421, 0.526829268292683, 0.6153846153846154, 0.53125]"
1,B1,5,0.7160352641708574,0.7106472995704418,0.2803234501347709,0.39601043024771837,0.8732209963128357,0.01,3.0,40,False,False,"[0.9717514124293786, 0.7692307692307693, 0.5952380952380952, 0.6285714285714286, 0.6153846153846154]"
1,B1,6,0.673057475264606,0.6908864900809939,0.2922868741542625,0.4626230313836426,0.8601287465608722,0.01,30.0,540,False,False,"[0.9736842105263158, 0.7012987012987013, 0.631336405529954, 0.5135135135135135, 0.5454545454545454]"
1,B1,7,0.665270313810163,0.6922144951802155,0.27586206896551724,0.4545664234240645,0.8700182710974078,0.01,10.0,170,False,False,"[0.9838274932614556, 0.7183098591549296, 0.59375, 0.4772727272727273, 0.5531914893617021]"
1,B1,8,0.6548189390861139,0.6578872836139426,0.3149171270718232,0.47074486227019685,0.8595937786856633,0.01,30.0,250,False,False,"[0.9473684210526315, 0.7123287671232876, 0.5561224489795918, 0.5128205128205128, 0.5454545454545454]"
1,B1,9,0.6757836132554805,0.6971313188237701,0.2581967213114754,0.4170690565372574,0.8916928402025511,0.01,10.0,650,False,False,"[0.986737400530504, 0.7323943661971831, 0.5706521739130435, 0.6052631578947368, 0.4838709677419355]"
1,B1,10,0.6479086444434786,0.6782616678064055,0.289875173370319,0.4593393029674485,0.8747437545603002,0.01,10.0,140,False,False,"[0.9797687861271677, 0.631578947368421, 0.6071428571428571, 0.42105263157894735, 0.6]"
1,B1,11,0.6648730689633194,0.7148822505094529,0.25407608695652173,0.4448846253904565,0.8819800176881113,0.01,10.0,600,False,False,"[0.978891820580475, 0.68, 0.7021276595744681, 0.5526315789473685, 0.4107142857142857]"
1,B1,12,0.6961435870331218,0.7015578885365594,0.27148703956343795,0.401582217524078,0.8737351748358954,0.01,10.0,60,False,False,"[0.9630681818181818, 0.7916666666666666, 0.6232558139534884, 0.5227272727272727, 0.58]"
1,B1,13,0.7191179580451228,0.6909655043280839,0.28416779431664413,0.3923347911686089,0.8710453241885802,0.01,10.0,320,False,False,"[0.9835616438356164, 0.7564102564102564, 0.5169082125603864, 0.8387096774193549, 0.5]"
1,B1,14,0.7131702658070186,0.7066978283260535,0.28512960436562074,0.40776111598573667,0.8693535504516234,0.01,10.0,260,False,False,"[0.9614325068870524, 0.8115942028985508, 0.5958549222797928, 0.6666666666666666, 0.5303030303030303]"
1,B4,0,0.7078525896335982,0.7044923042113002,0.25205479452054796,0.40840207422442776,0.8835022285043374,0.001,0.1,130,False,False,"[0.9758064516129032, 0.6338028169014085, 0.6060606060606061, 0.7878787878787878, 0.5357142857142857]"
1,B4,1,0.6821875356414111,0.6905142347910638,0.24592391304347827,0.38534762437006975,0.9028322189766184,0.01,10.0,150,False,False,"[0.9811320754716981, 0.6714285714285714, 0.5728155339805825, 0.6764705882352942, 0.509090909090909]"
1,B4,2,0.6774463507024195,0.6802965630518223,0.28609986504723345,0.4288921743738102,0.8776141245831721,0.01,3.0,100,False,False,"[0.9747191011235955, 0.7272727272727273, 0.5577889447236181, 0.6274509803921569, 0.5]"
1,B4,3,0.6733415356154693,0.6908641811695314,0.25895316804407714,0.4059284529572686,0.8943231441048035,0.01,3.0,50,False,False,"[0.9695290858725761, 0.75, 0.5916230366492147, 0.5555555555555556, 0.5]"
1,B4,4,0.6285313636383151,0.6485426528632285,0.3168724279835391,0.4955823603639574,0.8658383492202901,0.01,0.01,50,False,False,"[0.9768115942028985, 0.618421052631579, 0.5658536585365853, 0.5128205128205128, 0.46875]"
1,B4,5,0.703203576084932,0.710148285212883,0.261455525606469,0.4014118085304526,0.8835548842847859,0.01,10.0,720,False,False,"[0.9830508474576272, 0.7564102564102564, 0.6095238095238096, 0.6285714285714286, 0.5384615384615384]"
1,B4,6,0.6909562286472304,0.6830631368395639,0.28416779431664413,0.420413163367323,0.8752129444581005,0.01,10.0,290,False,False,"[0.9736842105263158, 0.6753246753246753, 0.5944700460829493, 0.7567567567567568, 0.45454545454545453]"
1,B4,7,0.6817662701174505,0.7077072141084906,0.23724137931034484,0.4128574453454055,0.8939494680851063,0.01,10.0,160,False,False,"[0.9811320754716981, 0.6901408450704225, 0.6302083333333334, 0.6818181818181818, 0.425531914893617]"
1,B4,8,0.6821921012926103,0.6865998611091619,0.27486187845303867,0.43806940497672375,0.8735507705107799,0.01,1.0,50,False,False,"[0.96398891966759, 0.7534246575342466, 0.576530612244898, 0.5897435897435898, 0.5272727272727272]"
1,B4,9,0.6604099324758891,0.6961274440098862,0.25136612021857924,0.4317457464082414,0.8982639977504048,0.001,3.0,330,False,False,"[0.986737400530504, 0.676056338028169, 0.6086956521739131, 0.5789473684210527, 0.45161290322580644]"
1,B4,10,0.6363244053091505,0.6661824728469931,0.27739251040221913,0.45898832707125115,0.8877035748177435,0.01,10.0,210,False,False,"[0.9826589595375722, 0.6052631578947368, 0.5969387755102041, 0.47368421052631576, 0.5230769230769231]"
1,B4,11,0.6777848164170602,0.7063278185375197,0.2418478260869565,0.40545733150593877,0.8969523662312904,0.01,3.0,40,False,False,"[0.978891820580475, 0.6533333333333333, 0.6542553191489362, 0.7631578947368421, 0.3392857142857143]"
1,B4,12,0.7014059196617335,0.7004413336704796,0.24556616643929058,0.37277519379844964,0.8951016243372516,0.01,10.0,50,False,False,"[0.9659090909090909, 0.75, 0.6093023255813953, 0.6818181818181818, 0.5]"
1,B4,13,0.6845122641892398,0.6866995079665459,0.2679296346414073,0.4119743121969274,0.8845414299408869,0.01,10.0,610,False,False,"[0.9863013698630136, 0.7051282051282052, 0.5603864734299517, 0.7741935483870968, 0.39655172413793105]"
1,B4,14,0.7094852617124218,0.7005273931717434,0.26193724420190995,0.3809484091447679,0.8917677777376473,0.01,10.0,720,False,False,"[0.9641873278236914, 0.782608695652174, 0.5906735751295337, 0.7857142857142857, 0.42424242424242425]"
1,B0d,0,0.6551017411081019,0.718582191676507,0.23972602739726026,0.4540400434539462,0.8836355722344111,0.01,10.0,560,False,False,"[0.9758064516129032, 0.5915492957746479, 0.7373737373737373, 0.36363636363636365, 0.6071428571428571]"
1,B0d,1,0.6201041026578994,0.7134015148623822,0.23641304347826086,0.473439646137727,0.8911678682538795,0.01,10.0,580,False,False,"[0.9784366576819407, 0.5142857142857142, 0.7864077669902912, 0.29411764705882354, 0.5272727272727272]"
1,B0d,2,0.5772151924951443,0.693623087887687,0.27800269905533065,0.5659736681770466,0.8612247946228528,0.01,30.0,330,False,False,"[0.9803370786516854, 0.4805194805194805, 0.8592964824120602, 0.11764705882352941, 0.4482758620689655]"
1,B0d,3,0.6594861246070076,0.7332605535987285,0.23553719008264462,0.45026619599841544,0.8838489204029131,0.001,0.01,330,False,False,"[0.9861495844875346, 0.5657894736842105, 0.8010471204188482, 0.4444444444444444, 0.5]"
1,B0d,4,0.5964586759029886,0.6827047978078014,0.29492455418381347,0.5444962365637562,0.8553878317748305,0.001,0.1,230,False,False,"[0.9797101449275363, 0.5789473684210527, 0.7609756097560976, 0.2564102564102564, 0.40625]"
1,B0d,5,0.622804991618551,0.720581154109301,0.25336927223719674,0.5028360340224747,0.8761355056033201,0.01,10.0,740,False,False,"[0.9971751412429378, 0.5641025641025641, 0.7857142857142857, 0.22857142857142856, 0.5384615384615384]"
1,B0d,6,0.6585136058820269,0.7450713265856803,0.2259810554803789,0.4504638720258415,0.8894224286591267,0.01,10.0,680,False,False,"[0.9736842105263158, 0.6103896103896104, 0.8571428571428571, 0.35135135135135137, 0.5]"
1,B0d,7,0.6208936058751202,0.7053273277489244,0.2482758620689655,0.49376430007792704,0.8774181605010645,0.01,10.0,530,False,False,"[0.9865229110512129, 0.4507042253521127, 0.7760416666666666, 0.29545454545454547, 0.5957446808510638]"
1,B0d,8,0.6208455092023784,0.6967916999005732,0.26243093922651933,0.5000525969793769,0.8727543914650251,0.001,3.0,380,False,False,"[0.96398891966759, 0.547945205479452, 0.7755102040816326, 0.3076923076923077, 0.509090909090909]"
1,B0d,9,0.6556450484288121,0.7194228007929557,0.22404371584699453,0.4168445730624729,0.9072439975374512,0.01,0.01,60,False,False,"[0.9734748010610079, 0.5211267605633803, 0.7717391304347826, 0.4473684210526316, 0.5645161290322581]"
1,B0d,10,0.6519871297375751,0.7355695589983612,0.2274618585298197,0.4412938749720009,0.8967321753164712,0.01,10.0,480,False,False,"[0.9855491329479769, 0.5, 0.8367346938775511, 0.3684210526315789, 0.5692307692307692]"
1,B0d,11,0.6209627147079511,0.7409997987889342,0.21331521739130435,0.47267004413858427,0.9006989908702271,0.01,10.0,640,False,False,"[0.9868073878627969, 0.5733333333333334, 0.851063829787234, 0.15789473684210525, 0.5357142857142857]"
1,B0d,12,0.5958267559314071,0.6822412186428012,0.27694406548431105,0.5377103594080339,0.8606804656122752,0.01,3.0,570,False,False,"[0.9829545454545454, 0.4305555555555556, 0.7674418604651163, 0.3181818181818182, 0.48]"
1,B0d,13,0.6201217985566289,0.7108148592636568,0.2571041948579161,0.503618681045509,0.865866711008895,0.01,10.0,610,False,False,"[0.9835616438356164, 0.48717948717948717, 0.7922705314009661, 0.3548387096774194, 0.4827586206896552]"
1,B0d,14,0.6420111035073455,0.7143237243353463,0.252387448840382,0.47842421901894755,0.8773516611342482,0.01,10.0,630,False,False,"[0.9724517906336089, 0.5652173913043478, 0.7979274611398963, 0.40476190476190477, 0.4696969696969697]"
1,B1d,0,0.6422559796707911,0.6636171700531512,0.3178082191780822,0.5079200848623838,0.8454051510225036,0.01,30.0,660,False,False,"[0.9758064516129032, 0.5774647887323944, 0.5606060606060606, 0.45454545454545453, 0.6428571428571429]"
1,B1d,1,0.6769445569031789,0.6913279783470339,0.27309782608695654,0.41524639191718915,0.8783063607170959,0.01,30.0,300,False,False,"[0.967654986522911, 0.6857142857142857, 0.6019417475728155, 0.5294117647058824, 0.6]"
1,B1d,2,0.7080920728659045,0.7007153375860472,0.2793522267206478,0.4145320999976711,0.8712042643623175,0.01,30.0,160,False,False,"[0.949438202247191, 0.6753246753246753, 0.6432160804020101, 0.6862745098039216, 0.5862068965517241]"
1,B1d,3,0.6654815411224708,0.6884472787273896,0.29476584022038566,0.4645551209318092,0.8597153228888039,0.01,30.0,220,False,False,"[0.96398891966759, 0.6710526315789473, 0.643979057591623, 0.5, 0.5483870967741935]"
1,B1d,4,0.629320035011871,0.6483645757064307,0.32647462277091904,0.5039449257115789,0.8532435853230735,0.01,30.0,270,False,False,"[0.9768115942028985, 0.5921052631578947, 0.5804878048780487, 0.5128205128205128, 0.484375]"
1,B1d,5,0.6684261501210654,0.6915385793294127,0.3018867924528302,0.4636617619668467,0.8623664745308444,0.01,30.0,380,False,False,"[0.980225988700565, 0.6923076923076923, 0.5904761904761905, 0.37142857142857144, 0.7076923076923077]"
1,B1d,6,0.6908357258102588,0.6919979317136693,0.28416779431664413,0.4202224670815503,0.8710949896076547,0.01,30.0,200,False,False,"[0.9590643274853801, 0.6103896103896104, 0.663594470046083, 0.6756756756756757, 0.5454545454545454]"
1,B1d,7,0.6602179059632053,0.6698224586184511,0.29517241379310344,0.4619798311755378,0.8615147191567423,0.01,30.0,240,False,False,"[0.9865229110512129, 0.6901408450704225, 0.515625, 0.7045454545454546, 0.40425531914893614]"
1,B1d,8,0.6352101046241587,0.6249102272805143,0.3632596685082873,0.5151820479592867,0.8292150058260297,0.001,10.0,30,False,False,"[0.9418282548476454, 0.6712328767123288, 0.4897959183673469, 0.5641025641025641, 0.509090909090909]"
1,B1d,9,0.6564759585168134,0.6836286206171878,0.26639344262295084,0.4381345455035534,0.8888796563802316,0.001,10.0,80,False,False,"[0.9814323607427056, 0.5492957746478874, 0.6141304347826086, 0.6052631578947368, 0.532258064516129]"
1,B1d,10,0.6736964656448337,0.673709165571612,0.289875173370319,0.42609911840517256,0.8782653111769315,0.01,30.0,40,False,False,"[0.9797687861271677, 0.5921052631578947, 0.5561224489795918, 0.5789473684210527, 0.6615384615384615]"
1,B1d,11,0.6829176973197041,0.7071984949982107,0.24864130434782608,0.415252199999803,0.8916471834747507,0.01,30.0,250,False,False,"[0.9736147757255936, 0.6933333333333334, 0.6329787234042553, 0.5789473684210527, 0.5357142857142857]"
1,B1d,12,0.6856761804087385,0.6823357959098918,0.2878581173260573,0.4244035118628142,0.8675704480397536,0.01,30.0,640,False,False,"[0.9715909090909091, 0.7083333333333334, 0.5720930232558139, 0.6363636363636364, 0.54]"
1,B1d,13,0.6639275706425428,0.670410221773145,0.30581867388362655,0.45672342805901966,0.8544386706385556,0.001,10.0,180,False,False,"[0.9753424657534246, 0.6025641025641025, 0.5748792270531401, 0.5806451612903226, 0.5862068965517241]"
1,B1d,14,0.683014821846254,0.6871809722027648,0.27967257844474763,0.4241032779913364,0.8760802956963134,0.01,10.0,270,False,False,"[0.9586776859504132, 0.7246376811594203, 0.6062176165803109, 0.5952380952380952, 0.5303030303030303]"
2,B0,0,0.6778967876991503,0.7661783731220531,0.20410958904109588,0.4333373489552499,0.8948623403632278,0.01,1.0,70,False,False,"[0.9838709677419355, 0.6197183098591549, 0.8383838383838383, 0.3939393939393939, 0.5535714285714286]"
2,B0,1,0.6600227545263806,0.7475931177745401,0.20923913043478262,0.4236312613606451,0.9039032435404069,0.01,3.0,580,False,False,"[0.9892183288409704, 0.6142857142857143, 0.7912621359223301, 0.3235294117647059, 0.5818181818181818]"
2,B0,2,0.6328992323442433,0.7263185648194399,0.25371120107962214,0.49861594418848637,0.8719273313873098,0.01,10.0,400,False,False,"[0.9775280898876404, 0.5974025974025974, 0.8542713567839196, 0.23529411764705882, 0.5]"
2,B0,3,0.6665993236379125,0.7596665908662206,0.21487603305785125,0.4452211271117732,0.8925914445133292,0.01,10.0,570,False,False,"[0.9861495844875346, 0.6447368421052632, 0.8481675392670157, 0.3055555555555556, 0.5483870967741935]"
2,B0,4,0.6194370990235603,0.7251737280305453,0.252400548696845,0.5070921864781048,0.8767392722115571,0.01,10.0,470,False,False,"[0.9855072463768116, 0.5526315789473685, 0.8439024390243902, 0.23076923076923078, 0.484375]"
2,B0,5,0.6592785745328118,0.7556206781259862,0.2223719676549865,0.4549127708449743,0.8883125499137196,0.01,10.0,380,False,False,"[0.9887005649717514, 0.6153846153846154, 0.8571428571428571, 0.34285714285714286, 0.49230769230769234]"
2,B0,6,0.6612745702728724,0.7366230169154485,0.2395128552097429,0.448919536695428,0.8852978519775901,0.001,0.1,300,False,False,"[0.9824561403508771, 0.5844155844155844, 0.815668202764977, 0.3783783783783784, 0.5454545454545454]"
2,B0,7,0.6369183301241705,0.7223791674069275,0.24413793103448275,0.5013592082830425,0.8722196144935875,0.01,0.1,180,False,False,"[0.9811320754716981, 0.5352112676056338, 0.796875, 0.3181818181818182, 0.5531914893617021]"
2,B0,8,0.6414444971594334,0.716420462028308,0.24585635359116023,0.48232960219196536,0.8809818911196473,0.001,3.0,230,False,False,"[0.9667590027700831, 0.589041095890411, 0.7908163265306123, 0.3333333333333333, 0.5272727272727272]"
2,B0,9,0.6784135114143554,0.7535279776714396,0.21721311475409835,0.4375644904252886,0.89432853807336,0.001,0.0001,210,False,False,"[0.9893899204244032, 0.6197183098591549, 0.8152173913043478, 0.5, 0.46774193548387094]"
2,B0,10,0.6158118013066076,0.7466682282050825,0.22191400832177532,0.48538260948057116,0.8979938315271214,0.01,10.0,610,False,False,"[0.9855491329479769, 0.4473684210526316, 0.923469387755102, 0.18421052631578946, 0.5384615384615384]"
2,B0,11,0.6575805336053884,0.7522761258543362,0.2105978260869565,0.4374789280504917,0.9001407295853998,0.01,3.0,110,False,False,"[0.9841688654353562, 0.64, 0.8404255319148937, 0.39473684210526316, 0.42857142857142855]"
2,B0,12,0.6481325463941743,0.7297688255799489,0.23328785811732605,0.45453400281888656,0.8882965772496667,0.01,1.0,700,False,False,"[0.9744318181818182, 0.5694444444444444, 0.8186046511627907, 0.3181818181818182, 0.56]"
2,B0,13,0.6599014049973325,0.7582696111441714,0.2219215155615697,0.4711620516831786,0.8788670603832711,0.01,10.0,460,False,False,"[0.9917808219178083, 0.6538461538461539, 0.8357487922705314, 0.3870967741935484, 0.43103448275862066]"
2,B0,14,0.6492508665500125,0.7356407713118869,0.24147339699863574,0.47079157505133873,0.8833582377125304,0.01,10.0,580,False,False,"[0.9862258953168044, 0.5942028985507246, 0.8238341968911918, 0.35714285714285715, 0.48484848484848486]"
2,B1,0,0.6674785270764371,0.6900823419187437,0.29178082191780824,0.48064563660883514,0.8532174277104784,0.01,30.0,170,False,False,"[0.9758064516129032, 0.6056338028169014, 0.6212121212121212, 0.5454545454545454, 0.5892857142857143]"
2,B1,1,0.6882824348910574,0.6873806535608876,0.28396739130434784,0.4117724726487374,0.8745307994038144,0.01,10.0,290,False,False,"[0.9784366576819407, 0.7428571428571429, 0.5388349514563107, 0.6176470588235294, 0.5636363636363636]"
2,B1,2,0.7019582323323605,0.6982186480448397,0.28609986504723345,0.42132175935986,0.8695675133336853,0.01,10.0,280,False,False,"[0.9719101123595506, 0.7662337662337663, 0.5728643216080402, 0.6470588235294118, 0.5517241379310345]"
2,B1,3,0.6727180109047363,0.7069801870857245,0.27548209366391185,0.44469809452237374,0.873447913012978,0.01,10.0,590,False,False,"[0.9722991689750693, 0.75, 0.643979057591623, 0.4166666666666667, 0.5806451612903226]"
2,B1,4,0.6760520072614034,0.6707478968478828,0.30864197530864196,0.4411169971077461,0.865216013575976,0.01,10.0,300,False,False,"[0.9797101449275363, 0.7368421052631579, 0.5170731707317073, 0.6153846153846154, 0.53125]"
2,B1,5,0.7153125970075123,0.7119801006373805,0.27628032345013476,0.394116843608369,0.8756589690591424,0.01,10.0,580,False,False,"[0.980225988700565, 0.782051282051282, 0.5857142857142857, 0.6285714285714286, 0.6]"
2,B1,6,0.6847642805197983,0.6889761384750172,0.3004059539918809,0.4498956831724234,0.8590219580951749,0.01,10.0,350,False,False,"[0.9736842105263158, 0.7142857142857143, 0.5990783410138248, 0.6216216216216216, 0.5151515151515151]"
2,B1,7,0.6771134795097116,0.6948831178194464,0.2786206896551724,0.4448430915070854,0.866881450647203,0.01,10.0,70,False,False,"[0.9838274932614556, 0.7183098591549296, 0.5833333333333334, 0.5681818181818182, 0.5319148936170213]"
2,B1,8,0.6869905248389129,0.653211895262983,0.3149171270718232,0.4230285363347471,0.8648479691597062,0.01,30.0,280,False,False,"[0.9473684210526315, 0.7808219178082192, 0.45408163265306123, 0.7435897435897436, 0.509090909090909]"
2,B1,9,0.6847914285090007,0.7260423870469144,0.24316939890710382,0.42150275996101827,0.8928333317534496,0.01,10.0,690,False,False,"[0.986737400530504, 0.704225352112676, 0.6684782608695652, 0.5, 0.5645161290322581]"
2,B1,10,0.6531747729865858,0.6818945503964543,0.2884882108183079,0.45553595606879105,0.8752894825349541,0.01,10.0,280,False,False,"[0.9826589595375722, 0.6447368421052632, 0.6020408163265306, 0.42105263157894735, 0.6153846153846154]"
2,B1,11,0.6913673898719741,0.7027203781646819,0.2554347826086957,0.39681684956792135,0.8904009994601951,0.01,10.0,240,False,False,"[0.978891820580475, 0.76, 0.5797872340425532, 0.7631578947368421, 0.375]"
2,B1,12,0.6770169720460417,0.7039813757251482,0.2728512960436562,0.4240677120037585,0.8728016175745388,0.01,10.0,200,False,False,"[0.9744318181818182, 0.7777777777777778, 0.6465116279069767, 0.38636363636363635, 0.6]"
2,B1,13,0.7067025363101673,0.6980473413226711,0.2828146143437077,0.4102948764692175,0.8700347641557804,0.01,10.0,530,False,False,"[0.9835616438356164, 0.7307692307692307, 0.5555555555555556, 0.6774193548387096, 0.5862068965517241]"
2,B1,14,0.6932450723210313,0.6923993529811777,0.2933151432469304,0.4336027513278736,0.8663604475584628,0.01,10.0,560,False,False,"[0.9669421487603306, 0.782608695652174, 0.5803108808290155, 0.6666666666666666, 0.4696969696969697]"
2,B4,0,0.6885850292370056,0.6845392042588728,0.26575342465753427,0.4230459328142199,0.8811210312941283,0.01,10.0,110,False,False,"[0.978494623655914, 0.6338028169014085, 0.5606060606060606, 0.7878787878787878, 0.48214285714285715]"
2,B4,1,0.6889852838669148,0.6923827689551046,0.24592391304347827,0.3808679354437573,0.9029257373944293,0.01,10.0,80,False,False,"[0.9811320754716981, 0.6857142857142857, 0.5631067961165048, 0.7058823529411765, 0.509090909090909]"
2,B4,2,0.6887578175946597,0.6929613388057636,0.2766531713900135,0.4202921696597371,0.8789166384188708,0.001,0.01,120,False,False,"[0.9691011235955056, 0.7272727272727273, 0.5979899497487438, 0.6666666666666666, 0.4827586206896552]"
2,B4,3,0.6722099700015527,0.6921501845398512,0.2603305785123967,0.4091542594088816,0.8924612644917441,0.01,3.0,60,False,False,"[0.9695290858725761, 0.75, 0.6020942408376964, 0.5555555555555556, 0.4838709677419355]"
2,B4,4,0.6519608293512965,0.6716230716273208,0.2880658436213992,0.45610604382315606,0.8772875799016426,0.01,10.0,260,False,False,"[0.9826086956521739, 0.7368421052631579, 0.5756097560975609, 0.5897435897435898, 0.375]"
2,B4,5,0.6996870925684484,0.6992919707690226,0.27358490566037735,0.4084447755634196,0.8803502560863943,0.01,3.0,40,False,False,"[0.9830508474576272, 0.7435897435897436, 0.5761904761904761, 0.6571428571428571, 0.5384615384615384]"
2,B4,6,0.6744322431928544,0.6764625695369454,0.30581867388362655,0.4538342302349093,0.8637731904617238,0.01,1.0,60,False,False,"[0.9707602339181286, 0.7142857142857143, 0.5806451612903226, 0.6216216216216216, 0.48484848484848486]"
2,B4,7,0.6757357162267303,0.7060714892562214,0.23448275862068965,0.4061220417893172,0.8975326910880923,0.01,10.0,430,False,False,"[0.9811320754716981, 0.676056338028169, 0.6354166666666666, 0.6818181818181818, 0.40425531914893614]"
2,B4,8,0.6915802425010918,0.6746373222675283,0.2776243093922652,0.4110745847329918,0.8798913638353766,0.01,3.0,30,False,False,"[0.9445983379501385, 0.7534246575342466, 0.5510204081632653, 0.717948717948718, 0.4909090909090909]"
2,B4,9,0.6810185958980697,0.7022208980518475,0.2459016393442623,0.4072332250558709,0.9011066329888818,0.01,10.0,550,False,False,"[0.986737400530504, 0.6901408450704225, 0.592391304347826, 0.6842105263157895, 0.45161290322580644]"
2,B4,10,0.6299208766373788,0.6621460623838771,0.27600554785020803,0.45558602247854274,0.8914577057190647,0.01,3.0,40,False,False,"[0.976878612716763, 0.6578947368421053, 0.5816326530612245, 0.39473684210526316, 0.5384615384615384]"
2,B4,11,0.6629358878305065,0.6918918181147123,0.25271739130434784,0.41779866130829796,0.8960579289921895,0.01,10.0,270,False,False,"[0.9815303430079155, 0.64, 0.6170212765957447, 0.7368421052631579, 0.3392857142857143]"
2,B4,12,0.6879838501291989,0.6983899893313206,0.24420190995907232,0.3804295865633075,0.8972317853971616,0.01,10.0,500,False,False,"[0.9630681818181818, 0.7361111111111112, 0.6325581395348837, 0.5681818181818182, 0.54]"
2,B4,13,0.6806747388285077,0.6767981567047758,0.2855209742895805,0.43258550200748563,0.8743858513092395,0.01,0.0001,50,False,False,"[0.9753424657534246, 0.6923076923076923, 0.5410628019323671, 0.6774193548387096, 0.5172413793103449]"
2,B4,14,0.7026516603264028,0.6907502440605017,0.27012278308321963,0.3897760441310381,0.8888263119935514,0.01,10.0,160,False,False,"[0.9669421487603306, 0.7681159420289855, 0.5595854922279793, 0.8095238095238095, 0.4090909090909091]"
2,B0d,0,0.6405182807499937,0.7193359208149955,0.23835616438356164,0.46937803097503233,0.8830183751958597,0.01,10.0,520,False,False,"[0.9758064516129032, 0.5492957746478874, 0.7727272727272727, 0.3333333333333333, 0.5714285714285714]"
2,B0d,1,0.6052889691905672,0.719300075089711,0.2296195652173913,0.4863130320322437,0.8943198068312352,0.01,10.0,430,False,False,"[0.9784366576819407, 0.4714285714285714, 0.8252427184466019, 0.20588235294117646, 0.5454545454545454]"
2,B0d,2,0.60542870561818,0.6865190254745877,0.2807017543859649,0.5262406227755113,0.8632142688304935,0.01,10.0,430,False,False,"[0.9831460674157303, 0.5324675324675324, 0.7738693467336684, 0.2549019607843137, 0.4827586206896552]"
2,B0d,3,0.6407070934847556,0.7323812662891692,0.23829201101928374,0.47331815399112837,0.8814876349926513,0.01,10.0,420,False,False,"[0.9861495844875346, 0.5789473684210527, 0.8167539267015707, 0.3055555555555556, 0.5161290322580645]"
2,B0d,4,0.6054485667887395,0.6947279855233,0.27434842249657065,0.5172641269285867,0.8703260502959264,0.01,3.0,100,False,False,"[0.9797101449275363, 0.5526315789473685, 0.7853658536585366, 0.2564102564102564, 0.453125]"
2,B0d,5,0.6102775190910784,0.7242404766202888,0.24797843665768193,0.5113342025206432,0.8799758471501299,0.01,10.0,670,False,False,"[0.9971751412429378, 0.48717948717948717, 0.8285714285714286, 0.2, 0.5384615384615384]"
2,B0d,6,0.6529836519649762,0.7331917298353126,0.2381596752368065,0.45454151481316163,0.8862426698696954,0.01,10.0,530,False,False,"[0.9736842105263158, 0.6103896103896104, 0.8294930875576036, 0.35135135135135137, 0.5]"
2,B0d,7,0.621473876668157,0.7052607474265622,0.2482758620689655,0.4963976817671597,0.8761340607950117,0.01,10.0,520,False,False,"[0.9865229110512129, 0.4507042253521127, 0.7760416666666666, 0.3409090909090909, 0.5531914893617021]"
2,B0d,8,0.5686333852879271,0.6836782078250777,0.2803867403314917,0.5633504171849494,0.8610043874968302,0.01,30.0,600,False,False,"[0.9529085872576177, 0.4931506849315068, 0.8367346938775511, 0.05128205128205128, 0.509090909090909]"
2,B0d,9,0.6395199929360416,0.7145503896131976,0.23497267759562843,0.4493678072487226,0.8974890648452137,0.01,0.1,50,False,False,"[0.9734748010610079, 0.49295774647887325, 0.7880434782608695, 0.39473684210526316, 0.5483870967741935]"
2,B0d,10,0.6609275539098652,0.723874557736292,0.24410540915395285,0.44169824134750907,0.8879175544318151,0.001,1.0,350,False,False,"[0.9884393063583815, 0.5394736842105263, 0.7755102040816326, 0.4473684210526316, 0.5538461538461539]"
2,B0d,11,0.618835055133483,0.7367098814829492,0.21739130434782608,0.4800608616077892,0.8989064398541919,0.01,10.0,640,False,False,"[0.9868073878627969, 0.5733333333333334, 0.8404255319148937, 0.15789473684210525, 0.5357142857142857]"
2,B0d,12,0.6160924359877848,0.7174474073854583,0.252387448840382,0.5098294573643412,0.8703596624483629,0.01,10.0,580,False,False,"[0.9829545454545454, 0.4722222222222222, 0.8325581395348837, 0.2727272727272727, 0.52]"
2,B0d,13,0.6076949681339577,0.7146056510744726,0.2530446549391069,0.5184455934784571,0.8670580014142197,0.01,10.0,400,False,False,"[0.9835616438356164, 0.4358974358974359, 0.8309178743961353, 0.3225806451612903, 0.46551724137931033]"
2,B0d,14,0.6496452280371672,0.7099120155775133,0.2646657571623465,0.4713658824740354,0.8684221088943546,0.01,1.0,60,False,False,"[0.9724517906336089, 0.5942028985507246, 0.7616580310880829, 0.40476190476190477, 0.5151515151515151]"
2,B1d,0,0.6455418565482173,0.6622082932449466,0.31232876712328766,0.49597010213775317,0.8496346566639925,0.01,30.0,340,False,False,"[0.9758064516129032, 0.5915492957746479, 0.5505050505050505, 0.48484848484848486, 0.625]"
2,B1d,1,0.6719626394746812,0.6791094947093732,0.2798913043478261,0.4249129121581521,0.8786923985821189,0.01,30.0,250,False,False,"[0.9703504043126685, 0.6857142857142857, 0.5631067961165048, 0.5588235294117647, 0.5818181818181818]"
2,B1d,2,0.7009877433386654,0.7014494470269415,0.28205128205128205,0.420033214870639,0.870647665392191,0.01,30.0,720,False,False,"[0.9578651685393258, 0.6753246753246753, 0.6432160804020101, 0.6078431372549019, 0.6206896551724138]"
2,B1d,3,0.6695258733683871,0.6733488978855691,0.30991735537190085,0.4625481401290169,0.8547799105720791,0.01,30.0,270,False,False,"[0.96398891966759, 0.6973684210526315, 0.5706806282722513, 0.5833333333333334, 0.532258064516129]"
2,B1d,4,0.6371835962264745,0.6473890748648157,0.3333333333333333,0.4936443865802854,0.8511457571029765,0.001,30.0,40,False,False,"[0.9681159420289855, 0.6447368421052632, 0.5658536585365853, 0.5384615384615384, 0.46875]"
2,B1d,5,0.6518693735642888,0.682914552445171,0.31266846361185985,0.4836406531321786,0.8580141210643298,0.01,30.0,370,False,False,"[0.980225988700565, 0.6666666666666666, 0.5904761904761905, 0.3142857142857143, 0.7076923076923077]"
2,B1d,6,0.670470911897058,0.6909351874864376,0.2882273342354533,0.4497340482060347,0.8661413932887725,0.01,30.0,280,False,False,"[0.9590643274853801, 0.5844155844155844, 0.695852534562212, 0.5675675675675675, 0.5454545454545454]"
2,B1d,7,0.6698840345853572,0.6815118466818945,0.29379310344827586,0.46198490637877365,0.855929684514458,0.01,30.0,280,False,False,"[0.9865229110512129, 0.6056338028169014, 0.5677083333333334, 0.6363636363636364, 0.5531914893617021]"
2,B1d,8,0.6480816213310752,0.6437649975233004,0.3342541436464088,0.4950149017066853,0.8492536357229803,0.01,30.0,380,False,False,"[0.9529085872576177, 0.6575342465753424, 0.5204081632653061, 0.5641025641025641, 0.5454545454545454]"
2,B1d,9,0.6680509707070287,0.693488280417753,0.2568306010928962,0.42461970359167023,0.8926480553138056,0.01,30.0,280,False,False,"[0.9814323607427056, 0.5915492957746479, 0.6195652173913043, 0.631578947368421, 0.5161290322580645]"
2,B1d,10,0.6712103051887484,0.6706946825673629,0.2926490984743412,0.43314068216975776,0.8759999549949932,0.01,30.0,500,False,False,"[0.9797687861271677, 0.6052631578947368, 0.5459183673469388, 0.5789473684210527, 0.6461538461538462]"
2,B1d,11,0.6997767643720539,0.7138961017146109,0.24592391304347827,0.39999596982688573,0.8918590602120607,0.01,30.0,500,False,False,"[0.978891820580475, 0.72, 0.6063829787234043, 0.6578947368421053, 0.5357142857142857]"
2,B1d,12,0.6802108292224572,0.6842696080323791,0.2837653478854025,0.4275459243598778,0.8701976996617922,0.01,30.0,220,False,False,"[0.9715909090909091, 0.5972222222222222, 0.6186046511627907, 0.6136363636363636, 0.6]"
2,B1d,13,0.6728013388866259,0.6735141685387921,0.3085250338294993,0.4504957726559519,0.8530991876042958,0.01,10.0,70,False,False,"[0.9753424657534246, 0.6538461538461539, 0.5507246376811594, 0.5806451612903226, 0.603448275862069]"
2,B1d,14,0.684195228883836,0.6804186323678595,0.296043656207367,0.44252061195271175,0.8655207734378134,0.01,10.0,30,False,False,"[0.9586776859504132, 0.7391304347826086, 0.5803108808290155, 0.6428571428571429, 0.5]"
3,B0,0,0.6311578332818677,0.7547896721384488,0.21232876712328766,0.49020729132042173,0.8903897186352799,0.01,10.0,730,False,False,"[0.9865591397849462, 0.5352112676056338, 0.8737373737373737, 0.24242424242424243, 0.5178571428571429]"
3,B0,1,0.6720468816013141,0.7576522392915469,0.2078804347826087,0.4314835685310777,0.8975200294557675,0.01,0.1,40,False,False,"[0.9865229110512129, 0.6142857142857143, 0.8203883495145631, 0.4117647058823529, 0.5272727272727272]"
3,B0,2,0.6383547388486046,0.7259293999957037,0.2483130904183536,0.4846970630815499,0.8774791874527889,0.01,10.0,260,False,False,"[0.9775280898876404, 0.6103896103896104, 0.8442211055276382, 0.29411764705882354, 0.46551724137931033]"
3,B0,3,0.6568277306064683,0.7552355724749281,0.21763085399449036,0.45499272014321746,0.8915765509391007,0.01,10.0,540,False,False,"[0.9861495844875346, 0.618421052631579, 0.8534031413612565, 0.2777777777777778, 0.5483870967741935]"
3,B0,4,0.6046145536827223,0.6871547787179676,0.27709190672153633,0.5205432224516753,0.869050668044979,0.01,3.0,410,False,False,"[0.9855072463768116, 0.5526315789473685, 0.7609756097560976, 0.3333333333333333, 0.390625]"
3,B0,5,0.6416961569503943,0.7472312046074747,0.22776280323450135,0.4703706463028497,0.8876702830894808,0.01,10.0,670,False,False,"[0.9887005649717514, 0.5897435897435898, 0.8476190476190476, 0.22857142857142856, 0.5538461538461539]"
3,B0,6,0.662864262185145,0.7487197673139515,0.2259810554803789,0.44531895244968245,0.889998433431137,0.01,3.0,320,False,False,"[0.9824561403508771, 0.6233766233766234, 0.8387096774193549, 0.32432432432432434, 0.5454545454545454]"
3,B0,7,0.6327049818527236,0.7140290680219505,0.2524137931034483,0.5079460252843411,0.8694689934652251,0.01,0.0001,260,False,False,"[0.9811320754716981, 0.5070422535211268, 0.78125, 0.3409090909090909, 0.5531914893617021]"
3,B0,8,0.65952260952326,0.729419138969785,0.22790055248618785,0.44141289984669163,0.89359175547488,0.001,1.0,230,False,False,"[0.9667590027700831, 0.589041095890411, 0.8010204081632653, 0.358974358974359, 0.5818181818181818]"
3,B0,9,0.6550230096973285,0.750874364790449,0.22131147540983606,0.4678155100887036,0.8894577085126625,0.01,10.0,300,False,False,"[0.9893899204244032, 0.5915492957746479, 0.8478260869565217, 0.39473684210526316, 0.45161290322580644]"
3,B0,10,0.6365645072472835,0.7523942411592208,0.22052704576976423,0.47284026460739925,0.8946459041951381,0.01,10.0,430,False,False,"[0.9855491329479769, 0.4868421052631579, 0.9132653061224489, 0.2894736842105263, 0.5076923076923077]"
3,B0,11,0.6508005494846418,0.752242775160735,0.21331521739130435,0.4546074430729606,0.8945811917859673,0.01,10.0,600,False,False,"[0.9815303430079155, 0.6, 0.8670212765957447, 0.39473684210526316, 0.4107142857142857]"
3,B0,12,0.6706025369978859,0.7493293312434668,0.21691678035470668,0.42713377965703553,0.8929835294256726,0.01,3.0,470,False,False,"[0.9772727272727273, 0.625, 0.8325581395348837, 0.3181818181818182, 0.6]"
3,B0,13,0.6869854229552683,0.7428338290652446,0.23004059539918809,0.42788484826669004,0.8861297618897036,0.01,3.0,620,False,False,"[0.9917808219178083, 0.7051282051282052, 0.7391304347826086, 0.5161290322580645, 0.4827586206896552]"
3,B0,14,0.6606240844562334,0.721913435956823,0.25648021828103684,0.46356343486532514,0.8777058436736336,0.01,1.0,260,False,False,"[0.9862258953168044, 0.6231884057971014, 0.7564766839378239, 0.4523809523809524, 0.48484848484848486]"
3,B1,0,0.6630804212698806,0.6578477062310277,0.3082191780821918,0.4628484494454508,0.860440304367841,0.01,30.0,190,False,False,"[0.9758064516129032, 0.6197183098591549, 0.5050505050505051, 0.696969696969697, 0.5178571428571429]"
3,B1,1,0.6825137090423773,0.6986671056843621,0.27445652173913043,0.41851207228382536,0.8772888052204597,0.01,10.0,330,False,False,"[0.9784366576819407, 0.7285714285714285, 0.587378640776699, 0.5, 0.6181818181818182]"
3,B1,2,0.6889632017718148,0.6962191686827535,0.2874493927125506,0.4371777134363284,0.8669495739573507,0.01,10.0,330,False,False,"[0.9719101123595506, 0.7272727272727273, 0.6080402010050251, 0.5686274509803921, 0.5689655172413793]"
3,B1,3,0.6890328719751063,0.6890656523468041,0.28236914600550966,0.40653815038459856,0.8769749689330729,0.01,10.0,180,False,False,"[0.9722991689750693, 0.7894736842105263, 0.5445026178010471, 0.6388888888888888, 0.5]"
3,B1,4,0.6799024606697837,0.6785437050809758,0.29766803840877915,0.43254547053149633,0.8697729295518295,0.01,10.0,500,False,False,"[0.9797101449275363, 0.7368421052631579, 0.5463414634146342, 0.5897435897435898, 0.546875]"
3,B1,5,0.7220003725088471,0.7151858108575071,0.27628032345013476,0.386256906934873,0.8755004526758567,0.01,3.0,40,False,False,"[0.9774011299435028, 0.8076923076923077, 0.580952380952381, 0.6285714285714286, 0.6153846153846154]"
3,B1,6,0.681146334966369,0.6865901621369226,0.30987821380243574,0.47455930783604805,0.8478069495145258,0.01,10.0,120,False,False,"[0.9736842105263158, 0.6883116883116883, 0.6036866359447005, 0.5945945945945946, 0.5454545454545454]"
3,B1,7,0.6742009272219084,0.6886830189798173,0.2827586206896552,0.4413283388303496,0.8673924430539236,0.01,10.0,30,False,False,"[0.9811320754716981, 0.7183098591549296, 0.5729166666666666, 0.5454545454545454, 0.5531914893617021]"
3,B1,8,0.6869905248389129,0.6533267863603739,0.31353591160220995,0.4220081281714817,0.8657743078963964,0.01,30.0,340,False,False,"[0.9473684210526315, 0.7808219178082192, 0.45408163265306123, 0.7435897435897436, 0.509090909090909]"
3,B1,9,0.6898789849244847,0.7167575654114074,0.24726775956284153,0.4118332941367675,0.8925271965454942,0.01,10.0,560,False,False,"[0.986737400530504, 0.7323943661971831, 0.625, 0.6052631578947368, 0.5]"
3,B1,10,0.6489447511938711,0.6764303002061532,0.29403606102635227,0.4603440125435866,0.8727970700580079,0.01,10.0,120,False,False,"[0.9797687861271677, 0.631578947368421, 0.5969387755102041, 0.42105263157894735, 0.6153846153846154]"
3,B1,11,0.6663870133988763,0.7155640098269035,0.2554347826086957,0.441926911957939,0.8820204943467792,0.01,10.0,540,False,False,"[0.978891820580475, 0.7066666666666667, 0.6914893617021277, 0.5263157894736842, 0.42857142857142855]"
3,B1,12,0.6881091731266149,0.700718926763502,0.27012278308321963,0.41238148931172186,0.8746648220545146,0.001,10.0,130,False,False,"[0.96875, 0.7638888888888888, 0.627906976744186, 0.5, 0.58]"
3,B1,13,0.7099974562612753,0.6915968511535958,0.28416779431664413,0.40401939551655897,0.8709026933823045,0.01,10.0,610,False,False,"[0.9835616438356164, 0.7435897435897436, 0.5314009661835749, 0.7741935483870968, 0.5172413793103449]"
3,B1,14,0.7098522992909525,0.7094192087317107,0.27967257844474763,0.4151332430633666,0.8715163467161531,0.01,10.0,400,False,False,"[0.9669421487603306, 0.782608695652174, 0.6113989637305699, 0.6428571428571429, 0.5454545454545454]"
3,B4,0,0.7086457978893235,0.7169326664093835,0.23972602739726026,0.39941373559047344,0.8889807115105395,0.01,3.0,60,False,False,"[0.978494623655914, 0.647887323943662, 0.6414141414141414, 0.7575757575757576, 0.5178571428571429]"
3,B4,1,0.6800285761026255,0.69844518766953,0.24320652173913043,0.38963998448885795,0.9033609233277107,0.001,1.0,140,False,False,"[0.9757412398921833, 0.7, 0.6019417475728155, 0.5588235294117647, 0.5636363636363636]"
3,B4,2,0.6866011256146115,0.6905533592428644,0.27800269905533065,0.4181450219898438,0.879624835716277,0.001,1.0,190,False,False,"[0.9691011235955056, 0.7532467532467533, 0.5879396984924623, 0.5882352941176471, 0.5344827586206896]"
3,B4,3,0.6854816435275397,0.704581845198457,0.2548209366391185,0.4055600052377333,0.8914671294554546,0.01,1.0,50,False,False,"[0.9695290858725761, 0.7631578947368421, 0.6230366492146597, 0.5555555555555556, 0.5161290322580645]"
3,B4,4,0.6565768830061123,0.6752669480142833,0.2908093278463649,0.4547983588498532,0.8752906291792234,0.001,1.0,130,False,False,"[0.9797101449275363, 0.6710526315789473, 0.6048780487804878, 0.5897435897435898, 0.4375]"
3,B4,5,0.6983684112497672,0.7087499381590647,0.2587601078167116,0.40009312721177126,0.8868884601838759,0.001,3.0,180,False,False,"[0.9830508474576272, 0.717948717948718, 0.6238095238095238, 0.6285714285714286, 0.5384615384615384]"
3,B4,6,0.6937642314552331,0.6833872238198044,0.2787550744248985,0.4097012365263639,0.8803441623962693,0.01,10.0,270,False,False,"[0.9736842105263158, 0.6623376623376623, 0.5944700460829493, 0.7837837837837838, 0.45454545454545453]"
3,B4,7,0.6777598991299476,0.7076915504315765,0.23448275862068965,0.4115668305173058,0.8967597900199119,0.01,10.0,180,False,False,"[0.9838274932614556, 0.6901408450704225, 0.6302083333333334, 0.6590909090909091, 0.425531914893617]"
3,B4,8,0.6959761275815832,0.6980613026037106,0.2610497237569061,0.408719515979031,0.8850832323776192,0.01,1.0,60,False,False,"[0.961218836565097, 0.7534246575342466, 0.5969387755102041, 0.6410256410256411, 0.5272727272727272]"
3,B4,9,0.646106426049254,0.6747071332797563,0.2718579234972678,0.4465282841052476,0.8909223965127748,0.01,0.01,60,False,False,"[0.9814323607427056, 0.647887323943662, 0.5706521739130435, 0.5789473684210527, 0.45161290322580644]"
3,B4,10,0.6259435080109599,0.6561682019876306,0.2857142857142857,0.4765591772736803,0.8816779235277701,0.01,10.0,240,False,False,"[0.9826589595375722, 0.5789473684210527, 0.5867346938775511, 0.47368421052631576, 0.5076923076923077]"
3,B4,11,0.668419643674954,0.7017587224547457,0.24728260869565216,0.4228701232956641,0.892859923693841,0.01,3.0,30,False,False,"[0.9736147757255936, 0.64, 0.6702127659574468, 0.7368421052631579, 0.32142857142857145]"
3,B4,12,0.7022713765562603,0.7114670327404837,0.23601637107776263,0.36761774723984025,0.8993671381029205,0.01,10.0,260,False,False,"[0.9630681818181818, 0.7361111111111112, 0.6558139534883721, 0.6363636363636364, 0.52]"
3,B4,13,0.6929247246256882,0.6890576712455173,0.2652232746955345,0.4001135758984099,0.886917229870209,0.01,3.0,80,False,False,"[0.9863013698630136, 0.7051282051282052, 0.5507246376811594, 0.7741935483870968, 0.4482758620689655]"
3,B4,14,0.7145881036028284,0.7048815207966178,0.2605729877216917,0.3819061733149673,0.8898769186516815,0.01,3.0,240,False,False,"[0.9641873278236914, 0.782608695652174, 0.6010362694300518, 0.7857142857142857, 0.4393939393939394]"
3,B0d,0,0.6395081797398927,0.707756993716835,0.25753424657534246,0.4764874191384868,0.8749008016377793,0.001,0.1,330,False,False,"[0.9758064516129032, 0.5492957746478874, 0.7373737373737373, 0.36363636363636365, 0.5714285714285714]"
3,B0d,1,0.6144705129466397,0.7032171555979482,0.24592391304347827,0.48901145297166976,0.8843791332671226,0.01,10.0,540,False,False,"[0.9784366576819407, 0.5285714285714286, 0.7621359223300971, 0.29411764705882354, 0.509090909090909]"
3,B0d,2,0.6100563766957476,0.6832602401192581,0.28475033738191635,0.5210255993517974,0.862010787353799,0.001,1.0,190,False,False,"[0.9831460674157303, 0.6103896103896104, 0.7386934673366834, 0.23529411764705882, 0.4827586206896552]"
3,B0d,3,0.656588258692254,0.7416337624427769,0.22589531680440772,0.45051580445497397,0.8893977383206263,0.01,1.0,70,False,False,"[0.9889196675900277, 0.6052631578947368, 0.8115183246073299, 0.3611111111111111, 0.5161290322580645]"
3,B0d,4,0.6161694836088918,0.7112057803131314,0.2606310013717421,0.5045919905962394,0.8751766126937498,0.01,10.0,390,False,False,"[0.9826086956521739, 0.5789473684210527, 0.8097560975609757, 0.2564102564102564, 0.453125]"
3,B0d,5,0.622804991618551,0.7306085098280771,0.24528301886792453,0.49975911094555164,0.8800080192550732,0.01,10.0,600,False,False,"[0.9971751412429378, 0.5641025641025641, 0.8142857142857143, 0.2, 0.5384615384615384]"
3,B0d,6,0.6566702879096767,0.7408336077054244,0.2327469553450609,0.45718081100084496,0.8850583716782411,0.01,10.0,470,False,False,"[0.9736842105263158, 0.6103896103896104, 0.847926267281106, 0.35135135135135137, 0.5]"
3,B0d,7,0.6242907780766077,0.7076554203735633,0.24689655172413794,0.4953560151004931,0.8764108087856507,0.01,10.0,660,False,False,"[0.9865229110512129, 0.4647887323943662, 0.7760416666666666, 0.3409090909090909, 0.5531914893617021]"
3,B0d,8,0.6226727009711327,0.6944849290739421,0.255524861878453,0.48604836502966836,0.8790772273406975,0.01,1.0,20,False,False,"[0.9501385041551247, 0.4657534246575342, 0.8112244897959183, 0.358974358974359, 0.5272727272727272]"
3,B0d,9,0.6298848798942145,0.7278868155278174,0.22814207650273224,0.4673852483660183,0.8966502081518056,0.01,10.0,530,False,False,"[0.986737400530504, 0.4788732394366197, 0.8315217391304348, 0.3684210526315789, 0.4838709677419355]"
3,B0d,10,0.6609052453913161,0.7420041892561725,0.22191400832177532,0.4325211778095433,0.8983259638760626,0.001,3.0,220,False,False,"[0.9884393063583815, 0.5, 0.8367346938775511, 0.39473684210526316, 0.5846153846153846]"
3,B0d,11,0.6096205294575912,0.7367810287554482,0.21739130434782608,0.48758365796037284,0.897553889732904,0.01,10.0,560,False,False,"[0.9868073878627969, 0.5733333333333334, 0.8563829787234043, 0.13157894736842105, 0.5]"
3,B0d,12,0.6241215644820296,0.7034101209973282,0.2646657571623465,0.5067305614282358,0.864837343468487,0.01,10.0,710,False,False,"[0.9829545454545454, 0.5, 0.7767441860465116, 0.3409090909090909, 0.52]"
3,B0d,13,0.6272725680963409,0.7103988532025599,0.2503382949932341,0.48183135553018436,0.878157145262091,0.001,0.1,250,False,False,"[0.9808219178082191, 0.46153846153846156, 0.7874396135265701, 0.3548387096774194, 0.5517241379310345]"
3,B0d,14,0.6477181566308929,0.7173289456342102,0.24965893587994542,0.467980288840843,0.8797312513355958,0.001,1.0,120,False,False,"[0.9752066115702479, 0.5507246376811594, 0.7927461139896373, 0.40476190476190477, 0.5151515151515151]"
3,B1d,0,0.6842955910765997,0.6723955792497822,0.29863013698630136,0.44470575489430547,0.8613636611693826,0.01,30.0,250,False,False,"[0.9758064516129032, 0.6338028169014085, 0.5202020202020202, 0.6666666666666666, 0.625]"
3,B1d,1,0.6638326655080424,0.6883281967232979,0.2798913043478261,0.44264066698470755,0.8750811736230002,0.01,30.0,780,False,False,"[0.9703504043126685, 0.6714285714285714, 0.6067961165048543, 0.47058823529411764, 0.6]"
3,B1d,2,0.6942217829259127,0.7047579912222002,0.27125506072874495,0.4179571595621522,0.8761594058106179,0.01,10.0,170,False,False,"[0.9691011235955056, 0.7012987012987013, 0.6482412060301508, 0.5490196078431373, 0.603448275862069]"
3,B1d,3,0.6774499438045687,0.6851384291600419,0.3002754820936639,0.4524453836600705,0.8579940417080437,0.01,30.0,130,False,False,"[0.96398891966759, 0.6842105263157895, 0.6073298429319371, 0.5833333333333334, 0.5483870967741935]"
3,B1d,4,0.6281815767649404,0.6700082983362734,0.3100137174211248,0.5023998193951311,0.8589636379974733,0.01,30.0,270,False,False,"[0.9768115942028985, 0.5789473684210527, 0.6536585365853659, 0.38461538461538464, 0.546875]"
3,B1d,5,0.6651815980629541,0.6794406906258221,0.30727762803234504,0.47313342025206434,0.8599461496159155,0.01,30.0,280,False,False,"[0.9830508474576272, 0.717948717948718, 0.5523809523809524, 0.45714285714285713, 0.6153846153846154]"
3,B1d,6,0.7079769977902405,0.6795640622265094,0.29499323410013534,0.40329066305297206,0.8688709747682906,0.01,30.0,240,False,False,"[0.9590643274853801, 0.6623376623376623, 0.5806451612903226, 0.8378378378378378, 0.5]"
3,B1d,7,0.6709257012520239,0.6831741315622774,0.2868965517241379,0.4582843223715859,0.8625827814569537,0.01,30.0,150,False,False,"[0.9865229110512129, 0.6056338028169014, 0.5729166666666666, 0.6363636363636364, 0.5531914893617021]"
3,B1d,8,0.6439738243661354,0.6431326287937604,0.3356353591160221,0.49967671529212365,0.8482573692226958,0.01,30.0,330,False,False,"[0.9529085872576177, 0.6575342465753424, 0.5255102040816326, 0.5384615384615384, 0.5454545454545454]"
3,B1d,9,0.6792202748614747,0.696558285192412,0.25546448087431695,0.4134503994372241,0.8930058338259104,0.01,30.0,290,False,False,"[0.9814323607427056, 0.6056338028169014, 0.6086956521739131, 0.6842105263157895, 0.5161290322580645]"
3,B1d,10,0.6652043562504687,0.6835029435258692,0.27739251040221913,0.42239755680887414,0.888832016110846,0.01,30.0,500,False,False,"[0.9797687861271677, 0.5526315789473685, 0.6122448979591837, 0.47368421052631576, 0.7076923076923077]"
3,B1d,11,0.6723127852753762,0.702017302078103,0.26766304347826086,0.44503441700866997,0.8777949096873118,0.01,30.0,200,False,False,"[0.978891820580475, 0.6666666666666666, 0.6276595744680851, 0.5526315789473685, 0.5357142857142857]"
3,B1d,12,0.6830684754521964,0.6871183386047937,0.28512960436562074,0.42618669250645996,0.8676730055069208,0.01,30.0,90,False,False,"[0.9715909090909091, 0.6388888888888888, 0.6139534883720931, 0.5909090909090909, 0.6]"
3,B1d,13,0.6734205983562261,0.6562137251784564,0.3152909336941813,0.4384898988012367,0.8549586468004975,0.01,30.0,240,False,False,"[0.9671232876712329, 0.7051282051282052, 0.5024154589371981, 0.7096774193548387, 0.4827586206896552]"
3,B1d,14,0.6840510912763058,0.68893953521612,0.2783083219645293,0.42306700856128454,0.8765074268741027,0.01,10.0,340,False,False,"[0.9586776859504132, 0.7246376811594203, 0.6113989637305699, 0.5952380952380952, 0.5303030303030303]"
4,B0,0,0.6407177178417525,0.7483705332940808,0.21506849315068494,0.47858503251506435,0.8916404508109099,0.01,10.0,680,False,False,"[0.9865591397849462, 0.5352112676056338, 0.8484848484848485, 0.3333333333333333, 0.5]"
4,B0,1,0.6547957375426314,0.7471315157698406,0.2105978260869565,0.43249464198075777,0.9027087901774883,0.01,3.0,420,False,False,"[0.9865229110512129, 0.5714285714285714, 0.8106796116504854, 0.3235294117647059, 0.5818181818181818]"
4,B0,2,0.6453653501535068,0.7280660805108138,0.2496626180836707,0.479696502027904,0.8763779628607729,0.01,10.0,640,False,False,"[0.9775280898876404, 0.6233766233766234, 0.8341708542713567, 0.27450980392156865, 0.5172413793103449]"
4,B0,3,0.6513586943384916,0.7626394787256513,0.21212121212121213,0.46377200805787544,0.8917574859803196,0.01,10.0,600,False,False,"[0.9861495844875346, 0.5263157894736842, 0.9109947643979057, 0.3333333333333333, 0.5]"
4,B0,4,0.618052290261505,0.7027753175999479,0.2674897119341564,0.5063276049962576,0.8752596004228003,0.001,0.1,190,False,False,"[0.9855072463768116, 0.5131578947368421, 0.7951219512195122, 0.358974358974359, 0.4375]"
4,B0,5,0.6549562302104676,0.7475037634965166,0.22776280323450135,0.45286148879369215,0.8898206752801707,0.01,10.0,240,False,False,"[0.9887005649717514, 0.6025641025641025, 0.8285714285714286, 0.2857142857142857, 0.5692307692307692]"
4,B0,6,0.6477814374249009,0.7458732296442118,0.2273342354533153,0.46845931107391203,0.8850856220965265,0.01,10.0,190,False,False,"[0.9824561403508771, 0.5974025974025974, 0.8617511520737328, 0.2972972972972973, 0.5]"
4,B0,7,0.6322842230964464,0.7264457824036061,0.2303448275862069,0.48379492104445954,0.8865979381443299,0.01,3.0,590,False,False,"[0.9811320754716981, 0.5352112676056338, 0.8177083333333334, 0.29545454545454547, 0.5319148936170213]"
4,B0,8,0.6381034676735897,0.7257980091464387,0.23895027624309392,0.4841787901859675,0.8821303100354203,0.01,10.0,770,False,False,"[0.9667590027700831, 0.5753424657534246, 0.8316326530612245, 0.3076923076923077, 0.509090909090909]"
4,B0,9,0.6577658081132763,0.7390370675746217,0.2336065573770492,0.47393232094127,0.8846715627388883,0.01,3.0,720,False,False,"[0.9893899204244032, 0.6338028169014085, 0.7989130434782609, 0.4473684210526316, 0.41935483870967744]"
4,B0,10,0.6365645072472835,0.7523620562582635,0.21914008321775313,0.46976334153047616,0.8962034503271862,0.01,10.0,800,False,True,"[0.9855491329479769, 0.4868421052631579, 0.9132653061224489, 0.2894736842105263, 0.5076923076923077]"
4,B0,11,0.6392992963518097,0.7461483834597236,0.22010869565217392,0.4757591521328443,0.8904516062432406,0.01,10.0,690,False,False,"[0.9815303430079155, 0.5866666666666667, 0.8670212765957447, 0.3684210526315789, 0.39285714285714285]"
4,B0,12,0.6547338501291989,0.7401666982403782,0.22510231923601637,0.44793269908386185,0.8873036963210278,0.01,10.0,700,False,False,"[0.9772727272727273, 0.6111111111111112, 0.8325581395348837, 0.2727272727272727, 0.58]"
4,B0,13,0.6846282061955754,0.7578146720311351,0.21515561569688768,0.425745595312522,0.8919588755368156,0.01,3.0,700,False,False,"[0.9917808219178083, 0.6923076923076923, 0.7874396135265701, 0.45161290322580644, 0.5]"
4,B0,14,0.6651875318221137,0.7381108900777846,0.24010914051841747,0.45485490977923754,0.8838551333263157,0.01,10.0,630,False,False,"[0.9862258953168044, 0.6521739130434783, 0.7979274611398963, 0.40476190476190477, 0.48484848484848486]"
4,B1,0,0.6667274910459826,0.6766405789373844,0.31095890410958904,0.48745727869989575,0.8464282447635598,0.01,30.0,120,False,False,"[0.9731182795698925, 0.6197183098591549, 0.5757575757575758, 0.5757575757575758, 0.5892857142857143]"
4,B1,1,0.6814302465311592,0.7027553890035098,0.2703804347826087,0.4159591711586798,0.8794558407799222,0.01,10.0,320,False,False,"[0.9784366576819407, 0.7428571428571429, 0.5970873786407767, 0.47058823529411764, 0.6181818181818182]"
4,B1,2,0.7005355344272507,0.6937399492878161,0.28879892037786775,0.42173943213934173,0.8694995462475292,0.01,10.0,370,False,False,"[0.9719101123595506, 0.7792207792207793, 0.5527638190954773, 0.6470588235294118, 0.5517241379310345]"
4,B1,3,0.6879010100622598,0.6922000356742236,0.28236914600550966,0.41352739769642655,0.8757492229194769,0.01,10.0,710,False,False,"[0.9722991689750693, 0.8026315789473685, 0.5445026178010471, 0.5555555555555556, 0.5645161290322581]"
4,B1,4,0.6709169104903951,0.6787723755470513,0.299039780521262,0.4434822402230799,0.8682895009122928,0.01,10.0,370,False,False,"[0.9797101449275363, 0.7236842105263158, 0.5658536585365853, 0.5384615384615384, 0.546875]"
4,B1,5,0.7067101260321599,0.6846206276052565,0.29784366576819404,0.3903694046066928,0.8731239487482689,0.01,30.0,230,False,False,"[0.9745762711864406, 0.7435897435897436, 0.5142857142857142, 0.6857142857142857, 0.6153846153846154]"
4,B1,6,0.6782394481885144,0.6896664913334621,0.3004059539918809,0.45993957708728506,0.8575300435720241,0.01,10.0,120,False,False,"[0.9736842105263158, 0.6883116883116883, 0.6129032258064516, 0.5405405405405406, 0.5757575757575758]"
4,B1,7,0.6631869804768297,0.6887854158413281,0.2786206896551724,0.4566497567573977,0.8694995870240095,0.01,10.0,260,False,False,"[0.9838274932614556, 0.7183098591549296, 0.5833333333333334, 0.4772727272727273, 0.5531914893617021]"
4,B1,8,0.6558393472493791,0.6592146783400982,0.31767955801104975,0.47801758954292417,0.8552018784621173,0.01,30.0,190,False,False,"[0.9473684210526315, 0.7123287671232876, 0.5612244897959183, 0.5128205128205128, 0.5454545454545454]"
4,B1,9,0.6900305091895758,0.7215354130778556,0.24726775956284153,0.418402529210317,0.8902954390915041,0.01,10.0,280,False,False,"[0.9840848806366048, 0.7183098591549296, 0.6467391304347826, 0.5526315789473685, 0.5483870967741935]"
4,B1,10,0.6505559219779743,0.6770766083160135,0.29403606102635227,0.45873284175948353,0.8730888195879623,0.01,10.0,110,False,False,"[0.9797687861271677, 0.6447368421052632, 0.5918367346938775, 0.42105263157894735, 0.6153846153846154]"
4,B1,11,0.665426260452681,0.7084791851644927,0.2595108695652174,0.4418238351169002,0.8812162682067456,0.01,10.0,570,False,False,"[0.978891820580475, 0.72, 0.6648936170212766, 0.5526315789473685, 0.4107142857142857]"
4,B1,12,0.6851549213060841,0.704935157874556,0.2646657571623465,0.41432564012215173,0.8760980172302075,0.01,10.0,120,False,False,"[0.9715909090909091, 0.7777777777777778, 0.641860465116279, 0.45454545454545453, 0.58]"
4,B1,13,0.7165805559325327,0.6910263542172329,0.2855209742895805,0.39495420355811195,0.8713647520942895,0.01,10.0,280,False,False,"[0.9863013698630136, 0.7435897435897436, 0.5120772946859904, 0.8064516129032258, 0.5344827586206896]"
4,B1,14,0.6960777335943733,0.6885473061219959,0.3015006821282401,0.4329082878592391,0.860703052719322,0.01,10.0,610,False,False,"[0.9641873278236914, 0.8115942028985508, 0.5595854922279793, 0.6904761904761905, 0.45454545454545453]"
4,B4,0,0.6796388628283221,0.6743995127155087,0.27671232876712326,0.44270638493718917,0.872311966251672,0.001,1.0,70,False,False,"[0.9758064516129032, 0.6197183098591549, 0.5505050505050505, 0.7878787878787878, 0.4642857142857143]"
4,B4,1,0.6870990147961799,0.6911696566959349,0.24592391304347827,0.3804361452153011,0.9029111638031907,0.01,10.0,50,False,False,"[0.9811320754716981, 0.6714285714285714, 0.5679611650485437, 0.7058823529411765, 0.509090909090909]"
4,B4,2,0.6878668520497958,0.6907826443790667,0.2739541160593792,0.41445157252392145,0.8824824006276288,0.01,3.0,60,False,False,"[0.9691011235955056, 0.7402597402597403, 0.5829145728643216, 0.6470588235294118, 0.5]"
4,B4,3,0.6783028636667804,0.6923379648348635,0.2630853994490358,0.40951297864687974,0.8894869515447471,0.01,10.0,750,False,False,"[0.9695290858725761, 0.7631578947368421, 0.5916230366492147, 0.5833333333333334, 0.4838709677419355]"
4,B4,4,0.6445139777363713,0.6616169261047619,0.289437585733882,0.449494447688272,0.881016219840247,0.01,10.0,40,False,False,"[0.9797101449275363, 0.6973684210526315, 0.5707317073170731, 0.6153846153846154, 0.359375]"
4,B4,5,0.692214565095921,0.7069200442951712,0.2668463611859838,0.4131334202520643,0.8823929165988984,0.01,10.0,500,False,False,"[0.9830508474576272, 0.7564102564102564, 0.6095238095238096, 0.5428571428571428, 0.5692307692307692]"
4,B4,6,0.6716929307761227,0.6813409980196519,0.2922868741542625,0.44812500194503596,0.869824520198631,0.001,0.1,220,False,False,"[0.9707602339181286, 0.7012987012987013, 0.6036866359447005, 0.5675675675675675, 0.5151515151515151]"
4,B4,7,0.6764095598125571,0.70745793656147,0.23586206896551723,0.41103531941561167,0.8967017899458992,0.01,10.0,760,False,False,"[0.9784366576819407, 0.676056338028169, 0.6458333333333334, 0.6136363636363636, 0.46808510638297873]"
4,B4,8,0.7041775475835572,0.6819167187091696,0.2776243093922652,0.4037292553330305,0.8809379318898615,0.01,3.0,30,False,False,"[0.9529085872576177, 0.7534246575342466, 0.5255102040816326, 0.7435897435897436, 0.5454545454545454]"
4,B4,9,0.6760979076733498,0.7034467908605416,0.24316939890710382,0.40689075538585406,0.9023653913094397,0.01,10.0,800,False,True,"[0.986737400530504, 0.676056338028169, 0.6141304347826086, 0.6842105263157895, 0.41935483870967744]"
4,B4,10,0.6271093346655083,0.6540906660738788,0.2871012482662968,0.47378217983502874,0.8809245888386712,0.01,10.0,80,False,False,"[0.9826589595375722, 0.5789473684210527, 0.5816326530612245, 0.5, 0.49230769230769234]"
4,B4,11,0.6765648005378067,0.7026537954854719,0.24456521739130435,0.4072163544773909,0.8972648949617302,0.01,10.0,160,False,False,"[0.9815303430079155, 0.6533333333333333, 0.6276595744680851, 0.7631578947368421, 0.35714285714285715]"
4,B4,12,0.6845293046746534,0.6965692065917541,0.24420190995907232,0.38602366690157386,0.8969291656042743,0.01,10.0,430,False,False,"[0.9630681818181818, 0.7361111111111112, 0.6325581395348837, 0.5909090909090909, 0.5]"
4,B4,13,0.6784998857630681,0.6825942207391645,0.2706359945872801,0.41798669062309884,0.8835246104129103,0.01,10.0,380,False,False,"[0.9863013698630136, 0.6923076923076923, 0.5603864734299517, 0.7741935483870968, 0.3793103448275862]"
4,B4,14,0.6941641202326452,0.6877539757015706,0.27148703956343795,0.3982635842247958,0.8882336408925753,0.01,10.0,270,False,False,"[0.9669421487603306, 0.7681159420289855, 0.5647668393782384, 0.7619047619047619, 0.4090909090909091]"
4,B0d,0,0.6571219431283039,0.7323594278980624,0.23150684931506849,0.4456280203213415,0.8869896424210914,0.001,3.0,330,False,False,"[0.9758064516129032, 0.5915492957746479, 0.7777777777777778, 0.3333333333333333, 0.6071428571428571]"
4,B0d,1,0.6251517563177746,0.7115832345406711,0.24048913043478262,0.47833020960053496,0.8859136666902421,0.01,10.0,750,False,False,"[0.9784366576819407, 0.5428571428571428, 0.7718446601941747, 0.3235294117647059, 0.509090909090909]"
4,B0d,2,0.6321832674601315,0.7088136385209041,0.2631578947368421,0.4906195512383631,0.8726799199784753,0.001,0.1,170,False,False,"[0.9859550561797753, 0.5844155844155844, 0.7839195979899497, 0.2549019607843137, 0.5517241379310345]"
4,B0d,3,0.6521106022566855,0.7348129693660788,0.23415977961432508,0.4554630323159728,0.8853498338954683,0.001,3.0,470,False,False,"[0.9861495844875346, 0.5526315789473685, 0.8167539267015707, 0.3888888888888889, 0.5161290322580645]"
4,B0d,4,0.5965557554922055,0.6907736198769312,0.2839506172839506,0.54294448636376,0.8609676849293737,0.001,3.0,230,False,False,"[0.9797101449275363, 0.5657894736842105, 0.7902439024390244, 0.2564102564102564, 0.390625]"
4,B0d,5,0.6349661637797231,0.7232201771511415,0.24663072776280323,0.4714807226671633,0.8841907426118942,0.01,10.0,750,False,False,"[0.9971751412429378, 0.6025641025641025, 0.7619047619047619, 0.22857142857142856, 0.5846153846153846]"
4,B0d,6,0.6436832749226638,0.7305596381684469,0.2435723951285521,0.47417564412471036,0.879620330239445,0.01,10.0,670,False,False,"[0.9736842105263158, 0.5454545454545454, 0.847926267281106, 0.35135135135135137, 0.5]"
4,B0d,7,0.6261546653006613,0.7010697224093463,0.25517241379310346,0.4966171278764396,0.8714693846035055,0.01,3.0,50,False,False,"[0.9865229110512129, 0.4788732394366197, 0.75, 0.3409090909090909, 0.574468085106383]"
4,B0d,8,0.6303125718201258,0.7051893117195319,0.2638121546961326,0.5009194861241524,0.8664158784752078,0.01,10.0,550,False,False,"[0.96398891966759, 0.6027397260273972, 0.7755102040816326, 0.28205128205128205, 0.5272727272727272]"
4,B0d,9,0.6339786434831851,0.7197273362169384,0.2336065573770492,0.46477238367721246,0.8956340699208444,0.001,1.0,260,False,False,"[0.9814323607427056, 0.5211267605633803, 0.7989130434782609, 0.3684210526315789, 0.5]"
4,B0d,10,0.6548112229376083,0.7211747289275808,0.24965325936199723,0.4530620316273756,0.8847467196332247,0.001,0.1,210,False,False,"[0.9855491329479769, 0.5131578947368421, 0.7806122448979592, 0.39473684210526316, 0.6]"
4,B0d,11,0.627840012088831,0.73890173482531,0.21603260869565216,0.4710559046524412,0.8991394196611318,0.01,10.0,500,False,False,"[0.9841688654353562, 0.6, 0.8351063829787234, 0.18421052631578946, 0.5357142857142857]"
4,B0d,12,0.6257316772374912,0.7114992376014946,0.252387448840382,0.48881553911205067,0.8758696542595114,0.001,0.01,190,False,False,"[0.9801136363636364, 0.4583333333333333, 0.8093023255813954, 0.3409090909090909, 0.54]"
4,B0d,13,0.6266018918433188,0.7087823991232537,0.2543978349120433,0.4860800144813552,0.8713943130414403,0.01,10.0,720,False,False,"[0.9835616438356164, 0.48717948717948717, 0.7729468599033816, 0.3548387096774194, 0.5344827586206896]"
4,B0d,14,0.6482545634340674,0.7141473132112124,0.2578444747612551,0.4661449768292014,0.8737865905276965,0.001,1.0,360,False,False,"[0.9724517906336089, 0.5942028985507246, 0.772020725388601, 0.35714285714285715, 0.5454545454545454]"
4,B1d,0,0.6718044828108435,0.6752307409737177,0.29726027397260274,0.46465697082462193,0.856034762163736,0.01,30.0,130,False,False,"[0.9758064516129032, 0.5915492957746479, 0.5606060606060606, 0.6060606060606061, 0.625]"
4,B1d,1,0.6714876604274577,0.6765268042535421,0.2866847826086957,0.4296706317291859,0.8706581883375683,0.01,30.0,380,False,False,"[0.9703504043126685, 0.7, 0.5533980582524272, 0.5882352941176471, 0.5454545454545454]"
4,B1d,2,0.7005423835222256,0.6823592374486396,0.28475033738191635,0.3946096420255625,0.8813119859504128,0.01,30.0,130,False,False,"[0.9550561797752809, 0.6883116883116883, 0.5577889447236181, 0.7843137254901961, 0.5172413793103449]"
4,B1d,3,0.6737712444383522,0.6812171172279681,0.3044077134986226,0.45934988947789995,0.8554460121612846,0.01,30.0,100,False,False,"[0.96398891966759, 0.6710526315789473, 0.6020942408376964, 0.5833333333333334, 0.5483870967741935]"
4,B1d,4,0.6241918298836658,0.6461301434041202,0.3292181069958848,0.505896145223774,0.8529371168412536,0.01,30.0,290,False,False,"[0.9768115942028985, 0.5921052631578947, 0.5804878048780487, 0.48717948717948717, 0.484375]"
4,B1d,5,0.6763171291984852,0.695788930018173,0.29514824797843664,0.45291364003228407,0.8654554900070432,0.01,30.0,290,False,False,"[0.9830508474576272, 0.7051282051282052, 0.5857142857142857, 0.4, 0.7076923076923077]"
4,B1d,6,0.7098203157625907,0.6823820365933743,0.29093369418132614,0.39884994248321926,0.8704368933332267,0.01,30.0,380,False,False,"[0.9590643274853801, 0.6623376623376623, 0.5898617511520737, 0.8378378378378378, 0.5]"
4,B1d,7,0.6727009359938079,0.6840639588805648,0.2882758620689655,0.4593259890382525,0.8616353097004829,0.01,30.0,240,False,False,"[0.9865229110512129, 0.6197183098591549, 0.5677083333333334, 0.6363636363636364, 0.5531914893617021]"
4,B1d,8,0.6534734483081377,0.6471905956330459,0.3287292817679558,0.47961062142949806,0.8524344665714078,0.01,10.0,30,False,False,"[0.9473684210526315, 0.684931506849315, 0.5255102040816326, 0.5641025641025641, 0.5454545454545454]"
4,B1d,9,0.6749816148806257,0.7033876214275729,0.2540983606557377,0.422445790548192,0.8907093335380933,0.01,30.0,210,False,False,"[0.9814323607427056, 0.5774647887323944, 0.6521739130434783, 0.631578947368421, 0.532258064516129]"
4,B1d,10,0.6665222113277223,0.6684669009806301,0.29403606102635227,0.44207152576225556,0.8748730740126721,0.01,30.0,450,False,False,"[0.9797687861271677, 0.5921052631578947, 0.5510204081632653, 0.5789473684210527, 0.6307692307692307]"
4,B1d,11,0.6807816169289783,0.7055959489925309,0.2513586956521739,0.4191501851524337,0.8896875279323824,0.01,30.0,310,False,False,"[0.978891820580475, 0.6933333333333334, 0.6170212765957447, 0.5789473684210527, 0.5357142857142857]"
4,B1d,12,0.6408161851068828,0.6767167682751762,0.2892223738062756,0.4724961240310078,0.8667438118731045,0.01,30.0,290,False,False,"[0.9715909090909091, 0.5555555555555556, 0.6651162790697674, 0.4318181818181818, 0.58]"
4,B1d,13,0.6657341553681275,0.6813668918567889,0.29905277401894453,0.4558830269083141,0.8566836651300953,0.01,30.0,250,False,False,"[0.9726027397260274, 0.6153846153846154, 0.6038647342995169, 0.5161290322580645, 0.6206896551724138]"
4,B1d,14,0.6676802223219311,0.6806234668977088,0.29058663028649384,0.44565549409597,0.8710757813841096,0.01,10.0,440,False,False,"[0.9614325068870524, 0.7101449275362319, 0.6062176165803109, 0.5, 0.5606060606060606]"
0,B0_tau,0,0.6942058673317192,,0.27123287671232876,0.4200037140405155,0.8650437824493817,0.01,10.0,280,False,False,
0,B0_tau,1,0.6911155833380331,,0.30570652173913043,0.392836474862056,0.8673867066384674,0.001,3.0,460,False,False,
0,B0_tau,2,0.7002992039621331,,0.3184885290148448,0.43769716648406887,0.8525713984767935,0.01,1.0,60,False,False,
0,B0_tau,3,0.7034788197467539,,0.31955922865013775,0.39438148871914597,0.8591823056300268,0.01,10.0,420,False,False,
0,B0_tau,4,0.6840658465388121,,0.30727023319615915,0.4414249699111144,0.8611575976321015,0.01,10.0,730,False,False,
0,B0_tau,5,0.7048264729620662,,0.27628032345013476,0.4037648227478736,0.8709856576813403,0.01,10.0,720,False,False,
0,B0_tau,6,0.675763435695524,,0.36535859269282817,0.4786984766611252,0.8279856887506947,0.01,0.1,50,False,False,
0,B0_tau,7,0.6697425732484515,,0.31724137931034485,0.4675703728012639,0.8536902921311742,0.01,0.1,180,False,False,
0,B0_tau,8,0.6803764753875069,,0.3314917127071823,0.4340535962240729,0.8503791553145007,0.001,1.0,250,False,False,
0,B0_tau,9,0.7032612420013076,,0.23633879781420766,0.4005898869898184,0.895978120978121,0.01,10.0,300,False,False,
0,B0_tau,10,0.6540253288369243,,0.34535367545076284,0.46379616862775624,0.852168959986256,0.01,10.0,690,False,False,
0,B0_tau,11,0.6872219663851145,,0.29347826086956524,0.41245217475845913,0.8739158638252889,0.01,10.0,530,False,False,
0,B0_tau,12,0.6653101949729857,,0.2837653478854025,0.45525023490721167,0.8646221838839452,0.01,0.01,100,False,False,
0,B0_tau,13,0.6998401693133515,,0.2828146143437077,0.4102606917418955,0.8730291609242883,0.01,3.0,460,False,False,
0,B0_tau,14,0.7049455388045162,,0.33560709413369716,0.4387434938378025,0.8386567468813908,0.01,10.0,510,False,False,
0,B0d_tau,0,0.6451660926785869,,0.39863013698630134,0.5216872266508795,0.8043657269474346,0.001,0.01,290,False,False,
0,B0d_tau,1,0.675001177609714,,0.25679347826086957,0.4020693576436386,0.890118958171371,0.01,10.0,750,False,False,
0,B0d_tau,2,0.6524923853887026,,0.30364372469635625,0.4716266370965041,0.8572319545657142,0.01,10.0,540,False,False,
0,B0d_tau,3,0.6527636476976612,,0.3236914600550964,0.48327138606404246,0.8489419461829417,0.001,1.0,550,False,False,
0,B0d_tau,4,0.634132410595581,,0.3429355281207133,0.5034606207684151,0.8395822401272914,0.001,3.0,250,False,False,
0,B0d_tau,5,0.6595306388526728,,0.316711590296496,0.4800608431116905,0.8546115650004216,0.01,10.0,740,False,False,
0,B0d_tau,6,0.7098069339155927,,0.34506089309878213,0.4267943444513903,0.8438351865071553,0.001,0.1,200,False,False,
0,B0d_tau,7,0.646872968037046,,0.3448275862068966,0.4956728295242545,0.8296140577835274,0.01,0.1,80,False,False,
0,B0d_tau,8,0.6402392458764463,,0.34806629834254144,0.4920872909311201,0.8466790733491626,0.01,30.0,750,False,False,
0,B0d_tau,9,0.6539925159208982,,0.34289617486338797,0.47024599871197503,0.8553296940519632,0.01,0.01,60,False,False,
0,B0d_tau,10,0.6780823700615957,,0.34535367545076284,0.43690510020207085,0.8475049262395484,0.001,0.1,350,False,False,
0,B0d_tau,11,0.6589437063156965,,0.32472826086956524,0.47257607528617757,0.85274243230603,0.01,3.0,50,False,False,
0,B0d_tau,12,0.6642371388301621,,0.31377899045020463,0.4501354827343199,0.8573782792471653,0.001,1.0,160,False,False,
0,B0d_tau,13,0.6393818766427204,,0.34776725304465494,0.49253407265344296,0.8362744161552591,0.01,0.0001,80,False,False,
0,B0d_tau,14,0.6805490651668127,,0.37244201909959074,0.43576327281912075,0.8258642886847473,0.001,0.01,230,False,False,
1,B0_tau,0,0.6919831796251605,,0.33835616438356164,0.4379734090433772,0.8438780295495422,0.01,10.0,610,False,False,
1,B0_tau,1,0.6639615126638176,,0.29347826086956524,0.4354769459283322,0.8699021002426575,0.01,0.01,50,False,False,
1,B0_tau,2,0.6875540375286467,,0.3252361673414305,0.47498790984388517,0.8418041724976338,0.001,0.0001,270,False,False,
1,B0_tau,3,0.7086951494149732,,0.290633608815427,0.3839295569566856,0.8673691483848678,0.01,10.0,730,False,False,
1,B0_tau,4,0.6804622275363751,,0.3168724279835391,0.43594883923447575,0.8614868377183705,0.01,3.0,50,False,False,
1,B0_tau,5,0.7154069659154405,,0.27358490566037735,0.39806171229900045,0.8718918782875695,0.01,3.0,540,False,False,
1,B0_tau,6,0.6724151068803021,,0.2963464140730717,0.45643046746612104,0.8576216597416855,0.01,0.1,50,False,False,
1,B0_tau,7,0.6720873475099959,,0.29379310344827586,0.45084317406146057,0.8659010140095227,0.01,0.01,160,False,False,
1,B0_tau,8,0.687223998379844,,0.3287292817679558,0.41833779864917553,0.8538007290502676,0.01,3.0,460,False,False,
1,B0_tau,9,0.6799233045848063,,0.26639344262295084,0.4367869419764621,0.8784597560665088,0.01,3.0,500,False,False,
1,B0_tau,10,0.6648102390894343,,0.26907073509015256,0.455171898812648,0.8731407780043844,0.01,10.0,670,False,False,
1,B0_tau,11,0.6922834543834464,,0.266304347826087,0.40639419944348043,0.884168077879548,0.01,10.0,440,False,False,
1,B0_tau,12,0.6861382428940569,,0.29195088676671216,0.4260288348602302,0.8628142358771653,0.01,1.0,140,False,False,
1,B0_tau,13,0.6921585262639083,,0.29093369418132614,0.41786032451442556,0.8690935732446956,0.01,3.0,460,False,False,
1,B0_tau,14,0.6821884553560402,,0.25648021828103684,0.4496051996635666,0.8755480850449716,0.01,3.0,720,False,False,
1,B0d_tau,0,0.6829027439318216,,0.3835616438356164,0.4753621107551139,0.8105145754119139,0.01,10.0,560,False,False,
1,B0d_tau,1,0.6540523754340117,,0.34375,0.45214266052471713,0.8570863799182963,0.01,10.0,580,False,False,
1,B0d_tau,2,0.641631491547812,,0.300944669365722,0.4849052270804982,0.8571962689455302,0.01,30.0,330,False,False,
1,B0d_tau,3,0.6632566064654817,,0.3140495867768595,0.45871474673017243,0.8573607932875668,0.001,0.01,330,False,False,
1,B0d_tau,4,0.6540040534129598,,0.39643347050754457,0.5123894886392095,0.8090413621192276,0.001,0.1,230,False,False,
1,B0d_tau,5,0.6562761532253057,,0.3247978436657682,0.4778518656484758,0.8534652152005995,0.01,10.0,740,False,False,
1,B0d_tau,6,0.6909451444256198,,0.3112313937753721,0.4389583043233298,0.8559298990862871,0.01,10.0,680,False,False,
1,B0d_tau,7,0.6709630728484871,,0.32827586206896553,0.46948085412527474,0.8377918287937743,0.01,10.0,530,False,False,
1,B0d_tau,8,0.6341075623478277,,0.3729281767955801,0.4886580030981048,0.8376393068553855,0.001,3.0,380,False,False,
1,B0d_tau,9,0.6582136747148263,,0.31830601092896177,0.45363521464890066,0.863217953134727,0.01,0.01,60,False,False,
1,B0d_tau,10,0.6680800298402106,,0.3300970873786408,0.44449103766848996,0.8587663525964659,0.01,10.0,480,False,False,
1,B0d_tau,11,0.672533469614079,,0.33016304347826086,0.4587990998660971,0.84620428649491,0.01,10.0,640,False,False,
1,B0d_tau,12,0.6532990956072352,,0.33560709413369716,0.47190586093493075,0.8471896298276093,0.01,3.0,570,False,False,
1,B0d_tau,13,0.6754777120430573,,0.30987821380243574,0.42730536779040146,0.8572791394949805,0.01,10.0,610,False,False,
1,B0d_tau,14,0.6753286205353624,,0.3369713506139154,0.4432530026377945,0.8486190305512797,0.01,10.0,630,False,False,
2,B0_tau,0,0.7150146234198937,,0.27123287671232876,0.40981758914516747,0.8646731034482759,0.01,1.0,70,False,False,
2,B0_tau,1,0.6716174787788851,,0.30842391304347827,0.41285072932735184,0.8693272232238425,0.01,3.0,580,False,False,
2,B0_tau,2,0.7036636653599811,,0.3157894736842105,0.4214295065634288,0.8575217502482769,0.01,10.0,400,False,False,
2,B0_tau,3,0.7195650472058777,,0.2878787878787879,0.37825788081079237,0.8696632027043947,0.01,10.0,570,False,False,
2,B0_tau,4,0.6760258619517633,,0.3374485596707819,0.45315799044168054,0.853377900047494,0.01,10.0,470,False,False,
2,B0_tau,5,0.7365791270876018,,0.25202156334231807,0.35566523871608613,0.8887583922211075,0.01,10.0,380,False,False,
2,B0_tau,6,0.68469078299299,,0.34641407307171856,0.4612667305366796,0.8354875659263821,0.001,0.1,300,False,False,
2,B0_tau,7,0.6603675732484515,,0.3351724137931035,0.4804436902517987,0.8470035127085254,0.01,0.1,180,False,False,
2,B0_tau,8,0.7113378860750534,,0.3314917127071823,0.40225281593019613,0.8556823684606008,0.001,3.0,230,False,False,
2,B0_tau,9,0.6821486903366932,,0.26639344262295084,0.42186821525308,0.8829690202862085,0.001,0.0001,210,False,False,
2,B0_tau,10,0.6582926891006338,,0.29403606102635227,0.47231027132717773,0.8590853894928407,0.01,10.0,610,False,False,
2,B0_tau,11,0.6804453484803908,,0.27445652173913043,0.41283162954261526,0.879338264302932,0.01,3.0,110,False,False,
2,B0_tau,12,0.7001136950904393,,0.296043656207367,0.40988800798684516,0.865003580491939,0.01,1.0,700,False,False,
2,B0_tau,13,0.7106024912241071,,0.2855209742895805,0.4049302692660378,0.8699568133516316,0.01,10.0,460,False,False,
2,B0_tau,14,0.7037783859017143,,0.3246930422919509,0.43819209523401703,0.8468585674058074,0.01,10.0,580,False,False,
2,B0d_tau,0,0.6861694441658094,,0.35753424657534244,0.4615098541722803,0.8252741812837144,0.01,10.0,520,False,False,
2,B0d_tau,1,0.6716619942453159,,0.29483695652173914,0.41310044975874743,0.8792168935019611,0.01,10.0,430,False,False,
2,B0d_tau,2,0.6844212173369757,,0.3117408906882591,0.4350932272387327,0.8538165796155959,0.01,10.0,430,False,False,
2,B0d_tau,3,0.6730727664947664,,0.27823691460055094,0.43063793315589705,0.8771578800428086,0.01,10.0,420,False,False,
2,B0d_tau,4,0.6337201374071036,,0.3676268861454047,0.5032767440462647,0.8292567178497972,0.01,3.0,100,False,False,
2,B0d_tau,5,0.6503942385298318,,0.31536388140161725,0.4878053020425902,0.8552315974628217,0.01,10.0,670,False,False,
2,B0d_tau,6,0.7147549397124948,,0.3301759133964817,0.414096024452561,0.8501222364423451,0.01,10.0,530,False,False,
2,B0d_tau,7,0.6867544130150781,,0.2993103448275862,0.44502954477959566,0.8492593263562759,0.01,10.0,520,False,False,
2,B0d_tau,8,0.6114549393629032,,0.44613259668508287,0.5578559796729048,0.8019164316484334,0.01,30.0,600,False,False,
2,B0d_tau,9,0.6514897183687924,,0.32103825136612024,0.4646719339682863,0.8603237268061587,0.01,0.1,50,False,False,
2,B0d_tau,10,0.6645893365185815,,0.34119278779472956,0.45231898745784616,0.8493687050121428,0.001,1.0,350,False,False,
2,B0d_tau,11,0.6729134088238056,,0.3342391304347826,0.45437890043134,0.8460616237864733,0.01,10.0,640,False,False,
2,B0d_tau,12,0.666665785764623,,0.3151432469304229,0.44948144233027953,0.8560314972073453,0.01,10.0,580,False,False,
2,B0d_tau,13,0.6792109595745426,,0.2963464140730717,0.4189936402681422,0.8622179390044308,0.01,10.0,400,False,False,
2,B0d_tau,14,0.6643504290394457,,0.33424283765347884,0.4484999821357313,0.8472799612727518,0.01,1.0,60,False,False,
3,B0_tau,0,0.6949042577393326,,0.23013698630136986,0.42787605397782585,0.8810424499202681,0.01,10.0,730,False,False,
3,B0_tau,1,0.6834809191541193,,0.2717391304347826,0.40024955809898105,0.8798054635412715,0.01,0.1,40,False,False,
3,B0_tau,2,0.6938979928224074,,0.300944669365722,0.42934560709397934,0.8642002133190918,0.01,10.0,260,False,False,
3,B0_tau,3,0.7056103812540713,,0.30303030303030304,0.40133311906242286,0.8620321569150711,0.01,10.0,540,False,False,
3,B0_tau,4,0.6704342799346845,,0.2908093278463649,0.4384927516554254,0.87315282434325,0.01,3.0,410,False,False,
3,B0_tau,5,0.7238430496057615,,0.2884097035040431,0.3853653690941827,0.8668409419238672,0.01,10.0,670,False,False,
3,B0_tau,6,0.6905111448405166,,0.3112313937753721,0.4375298765791126,0.8515676783095989,0.01,3.0,320,False,False,
3,B0_tau,7,0.6613338638420305,,0.31862068965517243,0.4787594831668992,0.8558180673000898,0.01,0.0001,260,False,False,
3,B0_tau,8,0.6981440218831463,,0.34392265193370164,0.41828905417773043,0.8501736046602839,0.001,1.0,230,False,False,
3,B0_tau,9,0.68960983848907,,0.24726775956284153,0.408970958834632,0.8941553565907614,0.01,10.0,300,False,False,
3,B0_tau,10,0.6673502819489172,,0.2843273231622746,0.4524451062866466,0.865243852268077,0.01,10.0,430,False,False,
3,B0_tau,11,0.6944671049993479,,0.25407608695652173,0.40192382137063876,0.8887059512007651,0.01,10.0,600,False,False,
3,B0_tau,12,0.6752925769321119,,0.2837653478854025,0.4343628729151985,0.8671837648913155,0.01,3.0,470,False,False,
3,B0_tau,13,0.6955104069819448,,0.29905277401894453,0.40628277995337286,0.8726657327775809,0.01,3.0,620,False,False,
3,B0_tau,14,0.6963297217367544,,0.30013642564802184,0.45107233042886036,0.8556946789140558,0.01,1.0,260,False,False,
3,B0d_tau,0,0.6308502858139386,,0.363013698630137,0.5203075081312246,0.8289769856217557,0.001,0.1,330,False,False,
3,B0d_tau,1,0.6768927420757641,,0.2595108695652174,0.39557055575481703,0.8915314552733523,0.01,10.0,540,False,False,
3,B0d_tau,2,0.6910657750189639,,0.38191632928475033,0.4241123018247066,0.8309311379077585,0.001,1.0,190,False,False,
3,B0d_tau,3,0.676940977617007,,0.34297520661157027,0.44373111256765424,0.8449108815442087,0.01,1.0,70,False,False,
3,B0d_tau,4,0.6438451645980111,,0.3840877914951989,0.5012159040332702,0.8219331122963818,0.01,10.0,390,False,False,
3,B0d_tau,5,0.6481964363320296,,0.330188679245283,0.4975066741168435,0.8468913017015376,0.01,10.0,600,False,False,
3,B0d_tau,6,0.698202137930491,,0.2774018944519621,0.41361013958637044,0.8740967123869334,0.01,10.0,470,False,False,
3,B0d_tau,7,0.6845472844518176,,0.30344827586206896,0.4461585062269533,0.8519101247653749,0.01,10.0,660,False,False,
3,B0d_tau,8,0.6064415320789494,,0.4198895027624309,0.555382129078645,0.8116292589325278,0.01,1.0,20,False,False,
3,B0d_tau,9,0.6680374981313733,,0.24863387978142076,0.40362526815088245,0.8981567921492409,0.01,10.0,530,False,False,
3,B0d_tau,10,0.6579906763669638,,0.39528432732316227,0.47419796075974097,0.8268953837943962,0.001,3.0,220,False,False,
3,B0d_tau,11,0.6666640109789996,,0.33695652173913043,0.4710657216217437,0.8434895475468507,0.01,10.0,560,False,False,
3,B0d_tau,12,0.6612175828047921,,0.3178717598908595,0.462324171952079,0.8559737073749675,0.01,10.0,710,False,False,
3,B0d_tau,13,0.6765298039197767,,0.3531799729364005,0.43490642738501356,0.8407448678108067,0.001,0.1,250,False,False,
3,B0d_tau,14,0.6773477084398872,,0.3165075034106412,0.4323930256122191,0.8582552607830995,0.001,1.0,120,False,False,
4,B0_tau,0,0.6778948536445129,,0.3547945205479452,0.4531370038412293,0.8380841614475316,0.01,10.0,680,False,False,
4,B0_tau,1,0.6722558146141434,,0.3328804347826087,0.42453447331737915,0.8567565953210552,0.01,3.0,420,False,False,
4,B0_tau,2,0.7115652422097472,,0.3090418353576248,0.40748225125419113,0.8615728132847985,0.01,10.0,640,False,False,
4,B0_tau,3,0.7177786739520855,,0.26584022038567495,0.38567854976124805,0.8724995569208955,0.01,10.0,600,False,False,
4,B0_tau,4,0.6646330488663539,,0.3168724279835391,0.4488511886362042,0.8640747625531819,0.001,0.1,190,False,False,
4,B0_tau,5,0.7222623703979636,,0.284366576819407,0.36911280809585895,0.8763676137847664,0.01,10.0,240,False,False,
4,B0_tau,6,0.6837611319784495,,0.3071718538565629,0.4533671236557485,0.8566444751659756,0.01,10.0,190,False,False,
4,B0_tau,7,0.6767511268571246,,0.28,0.4366635901990291,0.8700814158310102,0.01,3.0,590,False,False,
4,B0_tau,8,0.7070273194162044,,0.3259668508287293,0.39904311420772004,0.8608436956812409,0.01,10.0,770,False,False,
4,B0_tau,9,0.6808295218431616,,0.2855191256830601,0.44153275663385827,0.8679357117009197,0.01,3.0,720,False,False,
4,B0_tau,10,0.6645828650900579,,0.2926490984743412,0.45315303758347786,0.8644830997695508,0.01,10.0,800,False,False,
4,B0_tau,11,0.6928195796851924,,0.2717391304347826,0.40920309236010366,0.8771528687976461,0.01,10.0,690,False,False,
4,B0_tau,12,0.685320648343904,,0.27012278308321963,0.4156394174301151,0.8746382150186813,0.01,10.0,700,False,False,
4,B0_tau,13,0.693071179945339,,0.2963464140730717,0.42419503970439065,0.8683551061965811,0.01,3.0,700,False,False,
4,B0_tau,14,0.6896900296724172,,0.3601637107776262,0.46000636198469447,0.8302810778044429,0.01,10.0,630,False,False,
4,B0d_tau,0,0.6569451738125068,,0.35753424657534244,0.4900170000124566,0.8288284606464335,0.001,3.0,330,False,False,
4,B0d_tau,1,0.6745746827765727,,0.2608695652173913,0.40152497869037207,0.8904620163064578,0.01,10.0,750,False,False,
4,B0d_tau,2,0.6785186598259129,,0.3522267206477733,0.468450768499815,0.8341922258486754,0.001,0.1,170,False,False,
4,B0d_tau,3,0.6751434749595435,,0.2699724517906336,0.4308872453135256,0.8771896555811032,0.001,3.0,470,False,False,
4,B0d_tau,4,0.6468406008188756,,0.3607681755829904,0.4895765704895652,0.8337337815904693,0.001,3.0,230,False,False,
4,B0d_tau,5,0.669588377723971,,0.33827493261455527,0.4745030111131806,0.8478601654863525,0.01,10.0,750,False,False,
4,B0d_tau,6,0.6887686641506675,,0.3680649526387009,0.4546473049019738,0.8349027060460198,0.01,10.0,670,False,False,
4,B0d_tau,7,0.6759699232675714,,0.3158620689655172,0.45734810314694024,0.8472368547074035,0.01,3.0,50,False,False,
4,B0d_tau,8,0.6331536567362253,,0.35497237569060774,0.48629526378885357,0.8516138365993065,0.01,10.0,550,False,False,
4,B0d_tau,9,0.6762967890281149,,0.2937158469945355,0.41873722770692084,0.8747996844259264,0.001,1.0,260,False,False,
4,B0d_tau,10,0.658486402119763,,0.361997226074896,0.4686444960142209,0.8383966850078397,0.001,0.1,210,False,False,
4,B0d_tau,11,0.6749850773568401,,0.33967391304347827,0.4544348914727734,0.844327158440372,0.01,10.0,500,False,False,
4,B0d_tau,12,0.6590825698848954,,0.34106412005457026,0.47014100305379375,0.8472738293298143,0.001,0.01,190,False,False,
4,B0d_tau,13,0.6872026726136349,,0.3382949932341001,0.42176662917733837,0.8418986738719394,0.01,10.0,720,False,False,
4,B0d_tau,14,0.6664875009076201,,0.39017735334242837,0.45541254979498647,0.8141458467263747,0.001,1.0,360,False,False,
