seed,family,frontier_base,axis,recall_level,n_folds_valid,bacc_mean,bacc_ci_lo,bacc_ci_hi
0,panderm,B0,tau,0.0,15,0.7000928810976046,0.6795885979711803,0.7205971642240289
0,panderm,B0,tau,0.01,15,0.7000928810976046,0.6795885979711803,0.7205971642240289
0,panderm,B0,tau,0.02,15,0.7000928810976046,0.6795885979711803,0.7205971642240289
0,panderm,B0,tau,0.03,15,0.7000928810976046,0.6795885979711803,0.7205971642240289
0,panderm,B0,tau,0.04,15,0.7000928810976046,0.6795885979711803,0.7205971642240289
0,panderm,B0,tau,0.05,15,0.7000928810976046,0.6795885979711803,0.7205971642240289
0,panderm,B0,tau,0.06,15,0.7000928810976046,0.6795885979711803,0.7205971642240289
0,panderm,B0,tau,0.07,15,0.7000928810976046,0.6795885979711803,0.7205971642240289
0,panderm,B0,tau,0.08,15,0.7000928810976046,0.6795885979711803,0.7205971642240289
0,panderm,B0,tau,0.09,15,0.7000928810976046,0.6795885979711803,0.7205971642240289
0,panderm,B0,tau,0.1,15,0.7000928810976046,0.6795885979711803,0.7205971642240289
0,panderm,B0,tau,0.11,15,0.7000928810976046,0.6795885979711803,0.7205971642240289
0,panderm,B0,tau,0.12,15,0.7000928810976046,0.6795885979711803,0.7205971642240289
0,panderm,B0,tau,0.13,15,0.7000928810976046,0.6795885979711803,0.7205971642240289
0,panderm,B0,tau,0.14,15,0.7000928810976046,0.6795885979711803,0.7205971642240289
0,panderm,B0,tau,0.15,15,0.7000928810976046,0.6795885979711803,0.7205971642240289
0,panderm,B0,tau,0.16,15,0.7000928810976046,0.6795885979711803,0.7205971642240289
0,panderm,B0,tau,0.17,15,0.7000928810976046,0.6795885979711803,0.7205971642240289
0,panderm,B0,tau,0.18,15,0.7000928810976046,0.6795885979711803,0.7205971642240289
0,panderm,B0,tau,0.19,15,0.7000928810976046,0.6795885979711803,0.7205971642240289
0,panderm,B0,tau,0.2,15,0.7000928810976046,0.6795885979711803,0.7205971642240289
0,panderm,B0,tau,0.21,15,0.7000928810976046,0.6795885979711803,0.7205971642240289
0,panderm,B0,tau,0.22,15,0.7000928810976046,0.6795885979711803,0.7205971642240289
0,panderm,B0,tau,0.23,15,0.7000928810976046,0.6795885979711803,0.7205971642240289
0,panderm,B0,tau,0.24,15,0.7000928810976046,0.6795885979711803,0.7205971642240289
0,panderm,B0,tau,0.25,15,0.7000928810976046,0.6795885979711803,0.7205971642240289
0,panderm,B0,tau,0.26,15,0.7000928810976046,0.6795885979711803,0.7205971642240289
0,panderm,B0,tau,0.27,15,0.7000928810976046,0.6795885979711803,0.7205971642240289
0,panderm,B0,tau,0.28,15,0.7000928810976046,0.6795885979711803,0.7205971642240289
0,panderm,B0,tau,0.29,15,0.7000928810976046,0.6795885979711803,0.7205971642240289
0,panderm,B0,tau,0.3,15,0.7000928810976046,0.6795885979711803,0.7205971642240289
0,panderm,B0,tau,0.31,15,0.7000928810976046,0.6795885979711803,0.7205971642240289
0,panderm,B0,tau,0.32,15,0.7000928810976046,0.6795885979711803,0.7205971642240289
0,panderm,B0,tau,0.33,15,0.7000928810976046,0.6795885979711803,0.7205971642240289
0,panderm,B0,tau,0.34,15,0.7000928810976046,0.6795885979711803,0.7205971642240289
0,panderm,B0,tau,0.35,15,0.7000928810976046,0.6795885979711803,0.7205971642240289
0,panderm,B0,tau,0.36,15,0.7000928810976046,0.6795885979711803,0.7205971642240289
0,panderm,B0,tau,0.37,15,0.7000928810976046,0.6795885979711803,0.7205971642240289
0,panderm,B0,tau,0.38,15,0.7000928810976046,0.6795885979711803,0.7205971642240289
0,panderm,B0,tau,0.39,15,0.7000928810976046,0.6795885979711803,0.7205971642240289
0,panderm,B0,tau,0.4,15,0.7000928810976046,0.6795885979711803,0.7205971642240289
0,panderm,B0,tau,0.41,15,0.7000928810976046,0.6795885979711803,0.7205971642240289
0,panderm,B0,tau,0.42,15,0.7000928810976046,0.6795885979711803,0.7205971642240289
0,panderm,B0,tau,0.43,15,0.7000928810976046,0.6795885979711803,0.7205971642240289
0,panderm,B0,tau,0.44,15,0.7000928810976046,0.6795885979711803,0.7205971642240289
0,panderm,B0,tau,0.45,15,0.7000928810976046,0.6795885979711803,0.7205971642240289
0,panderm,B0,tau,0.46,15,0.7000928810976046,0.6795885979711803,0.7205971642240289
0,panderm,B0,tau,0.47,15,0.7000928810976046,0.6795885979711803,0.7205971642240289
0,panderm,B0,tau,0.48,15,0.6996316626255207,0.6783257185054801,0.7209376067455613
0,panderm,B0,tau,0.49,15,0.6996316626255207,0.6783257185054801,0.7209376067455613
0,panderm,B0,tau,0.5,15,0.6996316626255207,0.6783257185054801,0.7209376067455613
0,panderm,B0,tau,0.51,15,0.6996316626255207,0.6783257185054801,0.7209376067455613
0,panderm,B0,tau,0.52,15,0.6996316626255207,0.6783257185054801,0.7209376067455613
0,panderm,B0,tau,0.53,15,0.6996316626255207,0.6783257185054801,0.7209376067455613
0,panderm,B0,tau,0.54,15,0.6996316626255207,0.6783257185054801,0.7209376067455613
0,panderm,B0,tau,0.55,15,0.6996316626255207,0.6783257185054801,0.7209376067455613
0,panderm,B0,tau,0.56,15,0.6996316626255207,0.6783257185054801,0.7209376067455613
0,panderm,B0,tau,0.57,15,0.6996316626255207,0.6783257185054801,0.7209376067455613
0,panderm,B0,tau,0.58,15,0.6987532186060545,0.6755764120563887,0.7219300251557204
0,panderm,B0,tau,0.59,15,0.6984710857512813,0.675059305187187,0.7218828663153755
0,panderm,B0,tau,0.6,15,0.6984710857512813,0.675059305187187,0.7218828663153755
0,panderm,B0,tau,0.61,15,0.6970846871704276,0.6733185758286769,0.7208507985121783
0,panderm,B0,tau,0.62,15,0.6956120201436694,0.6705637925774333,0.7206602477099056
0,panderm,B0,tau,0.63,15,0.6956120201436694,0.6705637925774333,0.7206602477099056
0,panderm,B0,tau,0.64,15,0.6956120201436694,0.6705637925774333,0.7206602477099056
0,panderm,B0,tau,0.65,15,0.6939362223789812,0.6670848010601166,0.7207876436978459
0,panderm,B0,tau,0.66,15,0.6926339655494973,0.6649775987784402,0.7202903323205544
0,panderm,B0,tau,0.67,15,0.6914861187474947,0.6646035416258945,0.7183686958690948
0,panderm,B0,tau,0.68,15,0.6886951589301754,0.6579987167256326,0.7193916011347182
0,panderm,B0,tau,0.69,15,0.6863517108446905,0.6574266274866014,0.7152767942027796
0,panderm,B0,tau,0.7,15,0.6842732873169575,0.6555011186969151,0.7130454559369999
0,panderm,B0,tau,0.71,15,0.6787437231447371,0.6424679722231846,0.7150194740662895
0,panderm,B0,tau,0.72,15,0.670534858024007,0.6289411402931288,0.7121285757548853
0,panderm,B0,tau,0.73,14,0.6715200580587267,0.6279419617092891,0.7150981544081644
0,panderm,B0,tau,0.74,14,0.6690963241560998,0.6197949600197407,0.7183976882924589
0,panderm,B0,tau,0.75,14,0.65982824343538,0.5965019024569203,0.7231545844138398
0,panderm,B0,tau,0.76,14,0.6582894610937842,0.593726336096192,0.7228525860913764
0,panderm,B0,tau,0.77,13,0.6522965312731581,0.5717929919654939,0.7328000705808223
0,panderm,B0,tau,0.78,13,0.6440705150653542,0.5507020620288655,0.7374389681018428
0,panderm,B0,tau,0.79,12,0.6371582282203256,0.5400118074046607,0.7343046490359906
0,panderm,B0,tau,0.8,10,0.6463260000276956,0.5650976369858285,0.7275543630695627
0,panderm,B0,tau,0.81,9,0.6597230481000279,0.6041378127890835,0.7153082834109723
0,panderm,B0,tau,0.82,9,0.6333042279242905,0.5263715730481444,0.7402368828004366
0,panderm,B0,tau,0.83,9,0.6274881592479991,0.5217567944255561,0.733219524070442
0,panderm,B0,tau,0.84,9,0.6180157933788453,0.5227396198689145,0.713291966888776
0,panderm,B0,tau,0.85,7,0.6284974370979058,0.5378577704147409,0.7191371037810708
0,panderm,B0,tau,0.86,7,0.6215320327454101,0.5370787917364379,0.7059852737543824
0,panderm,B0,tau,0.87,5,0.6293982877970625,0.515237049655073,0.7435595259390521
0,panderm,B0,tau,0.88,4,0.6074369984447606,0.4739678585849484,0.7409061383045729
0,panderm,B0,tau,0.89,4,0.5411276595065132,0.44024273965904914,0.6420125793539773
0,panderm,B0,tau,0.9,4,0.540992261645105,0.4399869474869311,0.641997575803279
0,panderm,B0,tau,0.91,3,0.5118784408869702,0.4014622495829526,0.6222946321909878
0,panderm,B0,tau,0.92,3,0.5115142262568275,0.4023114766390218,0.6207169758746333
0,panderm,B0,tau,0.93,2,0.5110424272870309,0.15790315627772317,0.8641816982963386
0,panderm,B0,tau,0.94,2,0.5110424272870309,0.15790315627772317,0.8641816982963386
0,panderm,B0,tau,0.95,0,,,
0,panderm,B0,tau,0.96,0,,,
0,panderm,B0,tau,0.97,0,,,
0,panderm,B0,tau,0.98,0,,,
0,panderm,B0,tau,0.99,0,,,
0,panderm,B0,tau,1.0,0,,,
0,panderm,B0,offset,0.0,15,0.676364512092896,0.6584597355081019,0.6942692886776902
0,panderm,B0,offset,0.01,15,0.676364512092896,0.6584597355081019,0.6942692886776902
0,panderm,B0,offset,0.02,15,0.676364512092896,0.6584597355081019,0.6942692886776902
0,panderm,B0,offset,0.03,15,0.676364512092896,0.6584597355081019,0.6942692886776902
0,panderm,B0,offset,0.04,15,0.676364512092896,0.6584597355081019,0.6942692886776902
0,panderm,B0,offset,0.05,15,0.676364512092896,0.6584597355081019,0.6942692886776902
0,panderm,B0,offset,0.06,15,0.676364512092896,0.6584597355081019,0.6942692886776902
0,panderm,B0,offset,0.07,15,0.676364512092896,0.6584597355081019,0.6942692886776902
0,panderm,B0,offset,0.08,15,0.676364512092896,0.6584597355081019,0.6942692886776902
0,panderm,B0,offset,0.09,15,0.676364512092896,0.6584597355081019,0.6942692886776902
0,panderm,B0,offset,0.1,15,0.676364512092896,0.6584597355081019,0.6942692886776902
0,panderm,B0,offset,0.11,15,0.676364512092896,0.6584597355081019,0.6942692886776902
0,panderm,B0,offset,0.12,15,0.676364512092896,0.6584597355081019,0.6942692886776902
0,panderm,B0,offset,0.13,15,0.676364512092896,0.6584597355081019,0.6942692886776902
0,panderm,B0,offset,0.14,15,0.676364512092896,0.6584597355081019,0.6942692886776902
0,panderm,B0,offset,0.15,15,0.676364512092896,0.6584597355081019,0.6942692886776902
0,panderm,B0,offset,0.16,15,0.676364512092896,0.6584597355081019,0.6942692886776902
0,panderm,B0,offset,0.17,15,0.676364512092896,0.6584597355081019,0.6942692886776902
0,panderm,B0,offset,0.18,15,0.676364512092896,0.6584597355081019,0.6942692886776902
0,panderm,B0,offset,0.19,15,0.676364512092896,0.6584597355081019,0.6942692886776902
0,panderm,B0,offset,0.2,15,0.676364512092896,0.6584597355081019,0.6942692886776902
0,panderm,B0,offset,0.21,15,0.676364512092896,0.6584597355081019,0.6942692886776902
0,panderm,B0,offset,0.22,15,0.676364512092896,0.6584597355081019,0.6942692886776902
0,panderm,B0,offset,0.23,15,0.676364512092896,0.6584597355081019,0.6942692886776902
0,panderm,B0,offset,0.24,15,0.676364512092896,0.6584597355081019,0.6942692886776902
0,panderm,B0,offset,0.25,15,0.676364512092896,0.6584597355081019,0.6942692886776902
0,panderm,B0,offset,0.26,15,0.676364512092896,0.6584597355081019,0.6942692886776902
0,panderm,B0,offset,0.27,15,0.676364512092896,0.6584597355081019,0.6942692886776902
0,panderm,B0,offset,0.28,15,0.676364512092896,0.6584597355081019,0.6942692886776902
0,panderm,B0,offset,0.29,15,0.676364512092896,0.6584597355081019,0.6942692886776902
0,panderm,B0,offset,0.3,15,0.676364512092896,0.6584597355081019,0.6942692886776902
0,panderm,B0,offset,0.31,15,0.676364512092896,0.6584597355081019,0.6942692886776902
0,panderm,B0,offset,0.32,15,0.676364512092896,0.6584597355081019,0.6942692886776902
0,panderm,B0,offset,0.33,15,0.676364512092896,0.6584597355081019,0.6942692886776902
0,panderm,B0,offset,0.34,15,0.676364512092896,0.6584597355081019,0.6942692886776902
0,panderm,B0,offset,0.35,15,0.676364512092896,0.6584597355081019,0.6942692886776902
0,panderm,B0,offset,0.36,15,0.676364512092896,0.6584597355081019,0.6942692886776902
0,panderm,B0,offset,0.37,15,0.676364512092896,0.6584597355081019,0.6942692886776902
0,panderm,B0,offset,0.38,15,0.676364512092896,0.6584597355081019,0.6942692886776902
0,panderm,B0,offset,0.39,15,0.676364512092896,0.6584597355081019,0.6942692886776902
0,panderm,B0,offset,0.4,15,0.676364512092896,0.6584597355081019,0.6942692886776902
0,panderm,B0,offset,0.41,15,0.676364512092896,0.6584597355081019,0.6942692886776902
0,panderm,B0,offset,0.42,15,0.676364512092896,0.6584597355081019,0.6942692886776902
0,panderm,B0,offset,0.43,15,0.676364512092896,0.6584597355081019,0.6942692886776902
0,panderm,B0,offset,0.44,15,0.676364512092896,0.6584597355081019,0.6942692886776902
0,panderm,B0,offset,0.45,15,0.676364512092896,0.6584597355081019,0.6942692886776902
0,panderm,B0,offset,0.46,15,0.676364512092896,0.6584597355081019,0.6942692886776902
0,panderm,B0,offset,0.47,15,0.676364512092896,0.6584597355081019,0.6942692886776902
0,panderm,B0,offset,0.48,15,0.6756050385854294,0.6576996242105784,0.6935104529602805
0,panderm,B0,offset,0.49,15,0.6756050385854294,0.6576996242105784,0.6935104529602805
0,panderm,B0,offset,0.5,15,0.6756050385854294,0.6576996242105784,0.6935104529602805
0,panderm,B0,offset,0.51,15,0.6752085888751355,0.6570237749570901,0.6933934027931808
0,panderm,B0,offset,0.52,15,0.6750378337043803,0.6568450193330201,0.6932306480757405
0,panderm,B0,offset,0.53,15,0.6750378337043803,0.6568450193330201,0.6932306480757405
0,panderm,B0,offset,0.54,15,0.6750378337043803,0.6568450193330201,0.6932306480757405
0,panderm,B0,offset,0.55,15,0.6748310034975501,0.656581689570783,0.6930803174243172
0,panderm,B0,offset,0.56,15,0.6747014583131157,0.6566706586923783,0.6927322579338531
0,panderm,B0,offset,0.57,15,0.6745231110596362,0.656669337379224,0.6923768847400485
0,panderm,B0,offset,0.58,15,0.673909458469609,0.6555988650494665,0.6922200518897516
0,panderm,B0,offset,0.59,15,0.6736402972293282,0.6557381864666817,0.6915424079919746
0,panderm,B0,offset,0.6,15,0.6736402972293282,0.6557381864666817,0.6915424079919746
0,panderm,B0,offset,0.61,15,0.6736402972293282,0.6557381864666817,0.6915424079919746
0,panderm,B0,offset,0.62,15,0.673318235048342,0.6557052030614737,0.6909312670352102
0,panderm,B0,offset,0.63,15,0.673318235048342,0.6557052030614737,0.6909312670352102
0,panderm,B0,offset,0.64,15,0.6732793500745733,0.655689663916404,0.6908690362327425
0,panderm,B0,offset,0.65,15,0.6718051812145754,0.6559790052414172,0.6876313571877337
0,panderm,B0,offset,0.66,15,0.6718051812145754,0.6559790052414172,0.6876313571877337
0,panderm,B0,offset,0.67,15,0.6710755319304501,0.6558843361809426,0.6862667276799577
0,panderm,B0,offset,0.68,15,0.6710687252979242,0.6558811051059961,0.6862563454898523
0,panderm,B0,offset,0.69,15,0.6706973023506541,0.655155648905554,0.6862389557957541
0,panderm,B0,offset,0.7,15,0.6706973023506541,0.655155648905554,0.6862389557957541
0,panderm,B0,offset,0.71,15,0.668542880729187,0.6494871734396057,0.6875985880187683
0,panderm,B0,offset,0.72,15,0.6632596521657248,0.636580657369485,0.6899386469619646
0,panderm,B0,offset,0.73,15,0.661819629679973,0.633750024981828,0.689889234378118
0,panderm,B0,offset,0.74,15,0.6613180978924754,0.633036158222139,0.6896000375628119
0,panderm,B0,offset,0.75,15,0.6600839967647448,0.6312743023895035,0.6888936911399861
0,panderm,B0,offset,0.76,15,0.6576162118083688,0.6261533057328155,0.6890791178839222
0,panderm,B0,offset,0.77,15,0.6561152295940471,0.624333659536769,0.6878967996513252
0,panderm,B0,offset,0.78,15,0.6548433943333709,0.6239959989562367,0.6856907897105051
0,panderm,B0,offset,0.79,15,0.6527177150854507,0.620739772660378,0.6846956575105234
0,panderm,B0,offset,0.8,15,0.6515631280605387,0.6174451054160567,0.6856811507050208
0,panderm,B0,offset,0.81,15,0.650238566709055,0.6168620853145237,0.6836150481035863
0,panderm,B0,offset,0.82,15,0.6486907001841431,0.6146425201699783,0.6827388801983079
0,panderm,B0,offset,0.83,15,0.6462279790562524,0.6131581744838439,0.6792977836286609
0,panderm,B0,offset,0.84,15,0.645508881454825,0.6125782940431161,0.6784394688665338
0,panderm,B0,offset,0.85,15,0.642870937645718,0.6072445800838739,0.6784972952075621
0,panderm,B0,offset,0.86,15,0.6355434121998017,0.6021908128384516,0.6688960115611519
0,panderm,B0,offset,0.87,15,0.6278774232340013,0.5919264308173904,0.6638284156506122
0,panderm,B0,offset,0.88,15,0.6153635480639927,0.5687595182904668,0.6619675778375187
0,panderm,B0,offset,0.89,15,0.6101259012636026,0.5658064689357429,0.6544453335914622
0,panderm,B0,offset,0.9,15,0.6039532784112984,0.5545218694020694,0.6533846874205275
0,panderm,B0,offset,0.91,15,0.5949008046850873,0.5483487996307163,0.6414528097394584
0,panderm,B0,offset,0.92,15,0.5903728234910003,0.5410711808504658,0.6396744661315348
0,panderm,B0,offset,0.93,15,0.5787160191835653,0.5201855503607195,0.6372464880064111
0,panderm,B0,offset,0.94,15,0.5756998218359206,0.5197831904749791,0.6316164531968621
0,panderm,B0,offset,0.95,15,0.55172369962506,0.47079245408357606,0.6326549451665439
0,panderm,B0,offset,0.96,15,0.539615651960206,0.4591274979971317,0.6201038059232803
0,panderm,B0,offset,0.97,15,0.5328276783900614,0.4579212003835993,0.6077341563965235
0,panderm,B0,offset,0.98,15,0.5049337371083176,0.41713070160583876,0.5927367726107964
0,panderm,B0,offset,0.99,15,0.5049337371083176,0.41713070160583876,0.5927367726107964
0,panderm,B0,offset,1.0,15,0.5049337371083176,0.41713070160583876,0.5927367726107964
0,panderm,B0,union,0.0,15,0.7000928810976046,0.6795885979711803,0.7205971642240289
0,panderm,B0,union,0.01,15,0.7000928810976046,0.6795885979711803,0.7205971642240289
0,panderm,B0,union,0.02,15,0.7000928810976046,0.6795885979711803,0.7205971642240289
0,panderm,B0,union,0.03,15,0.7000928810976046,0.6795885979711803,0.7205971642240289
0,panderm,B0,union,0.04,15,0.7000928810976046,0.6795885979711803,0.7205971642240289
0,panderm,B0,union,0.05,15,0.7000928810976046,0.6795885979711803,0.7205971642240289
0,panderm,B0,union,0.06,15,0.7000928810976046,0.6795885979711803,0.7205971642240289
0,panderm,B0,union,0.07,15,0.7000928810976046,0.6795885979711803,0.7205971642240289
0,panderm,B0,union,0.08,15,0.7000928810976046,0.6795885979711803,0.7205971642240289
0,panderm,B0,union,0.09,15,0.7000928810976046,0.6795885979711803,0.7205971642240289
0,panderm,B0,union,0.1,15,0.7000928810976046,0.6795885979711803,0.7205971642240289
0,panderm,B0,union,0.11,15,0.7000928810976046,0.6795885979711803,0.7205971642240289
0,panderm,B0,union,0.12,15,0.7000928810976046,0.6795885979711803,0.7205971642240289
0,panderm,B0,union,0.13,15,0.7000928810976046,0.6795885979711803,0.7205971642240289
0,panderm,B0,union,0.14,15,0.7000928810976046,0.6795885979711803,0.7205971642240289
0,panderm,B0,union,0.15,15,0.7000928810976046,0.6795885979711803,0.7205971642240289
0,panderm,B0,union,0.16,15,0.7000928810976046,0.6795885979711803,0.7205971642240289
0,panderm,B0,union,0.17,15,0.7000928810976046,0.6795885979711803,0.7205971642240289
0,panderm,B0,union,0.18,15,0.7000928810976046,0.6795885979711803,0.7205971642240289
0,panderm,B0,union,0.19,15,0.7000928810976046,0.6795885979711803,0.7205971642240289
0,panderm,B0,union,0.2,15,0.7000928810976046,0.6795885979711803,0.7205971642240289
0,panderm,B0,union,0.21,15,0.7000928810976046,0.6795885979711803,0.7205971642240289
0,panderm,B0,union,0.22,15,0.7000928810976046,0.6795885979711803,0.7205971642240289
0,panderm,B0,union,0.23,15,0.7000928810976046,0.6795885979711803,0.7205971642240289
0,panderm,B0,union,0.24,15,0.7000928810976046,0.6795885979711803,0.7205971642240289
0,panderm,B0,union,0.25,15,0.7000928810976046,0.6795885979711803,0.7205971642240289
0,panderm,B0,union,0.26,15,0.7000928810976046,0.6795885979711803,0.7205971642240289
0,panderm,B0,union,0.27,15,0.7000928810976046,0.6795885979711803,0.7205971642240289
0,panderm,B0,union,0.28,15,0.7000928810976046,0.6795885979711803,0.7205971642240289
0,panderm,B0,union,0.29,15,0.7000928810976046,0.6795885979711803,0.7205971642240289
0,panderm,B0,union,0.3,15,0.7000928810976046,0.6795885979711803,0.7205971642240289
0,panderm,B0,union,0.31,15,0.7000928810976046,0.6795885979711803,0.7205971642240289
0,panderm,B0,union,0.32,15,0.7000928810976046,0.6795885979711803,0.7205971642240289
0,panderm,B0,union,0.33,15,0.7000928810976046,0.6795885979711803,0.7205971642240289
0,panderm,B0,union,0.34,15,0.7000928810976046,0.6795885979711803,0.7205971642240289
0,panderm,B0,union,0.35,15,0.7000928810976046,0.6795885979711803,0.7205971642240289
0,panderm,B0,union,0.36,15,0.7000928810976046,0.6795885979711803,0.7205971642240289
0,panderm,B0,union,0.37,15,0.7000928810976046,0.6795885979711803,0.7205971642240289
0,panderm,B0,union,0.38,15,0.7000928810976046,0.6795885979711803,0.7205971642240289
0,panderm,B0,union,0.39,15,0.7000928810976046,0.6795885979711803,0.7205971642240289
0,panderm,B0,union,0.4,15,0.7000928810976046,0.6795885979711803,0.7205971642240289
0,panderm,B0,union,0.41,15,0.7000928810976046,0.6795885979711803,0.7205971642240289
0,panderm,B0,union,0.42,15,0.7000928810976046,0.6795885979711803,0.7205971642240289
0,panderm,B0,union,0.43,15,0.7000928810976046,0.6795885979711803,0.7205971642240289
0,panderm,B0,union,0.44,15,0.7000928810976046,0.6795885979711803,0.7205971642240289
0,panderm,B0,union,0.45,15,0.7000928810976046,0.6795885979711803,0.7205971642240289
0,panderm,B0,union,0.46,15,0.7000928810976046,0.6795885979711803,0.7205971642240289
0,panderm,B0,union,0.47,15,0.7000928810976046,0.6795885979711803,0.7205971642240289
0,panderm,B0,union,0.48,15,0.6996316626255207,0.6783257185054801,0.7209376067455613
0,panderm,B0,union,0.49,15,0.6996316626255207,0.6783257185054801,0.7209376067455613
0,panderm,B0,union,0.5,15,0.6996316626255207,0.6783257185054801,0.7209376067455613
0,panderm,B0,union,0.51,15,0.6996316626255207,0.6783257185054801,0.7209376067455613
0,panderm,B0,union,0.52,15,0.6996316626255207,0.6783257185054801,0.7209376067455613
0,panderm,B0,union,0.53,15,0.6996316626255207,0.6783257185054801,0.7209376067455613
0,panderm,B0,union,0.54,15,0.6996316626255207,0.6783257185054801,0.7209376067455613
0,panderm,B0,union,0.55,15,0.6996316626255207,0.6783257185054801,0.7209376067455613
0,panderm,B0,union,0.56,15,0.6996316626255207,0.6783257185054801,0.7209376067455613
0,panderm,B0,union,0.57,15,0.6996316626255207,0.6783257185054801,0.7209376067455613
0,panderm,B0,union,0.58,15,0.699291133296866,0.6773941936417516,0.7211880729519804
0,panderm,B0,union,0.59,15,0.6990090004420926,0.6768528093534216,0.7211651915307635
0,panderm,B0,union,0.6,15,0.6990090004420926,0.6768528093534216,0.7211651915307635
0,panderm,B0,union,0.61,15,0.6976226018612389,0.675040722225395,0.7202044814970828
0,panderm,B0,union,0.62,15,0.6961499348344807,0.6721707834202258,0.7201290862487356
0,panderm,B0,union,0.63,15,0.6961499348344807,0.6721707834202258,0.7201290862487356
0,panderm,B0,union,0.64,15,0.6961499348344807,0.6721707834202258,0.7201290862487356
0,panderm,B0,union,0.65,15,0.6944741370697926,0.6685627754449799,0.7203854986946052
0,panderm,B0,union,0.66,15,0.693692906811055,0.6680461110690321,0.7193397025530779
0,panderm,B0,union,0.67,15,0.6925450600090524,0.6676583033708829,0.7174318166472218
0,panderm,B0,union,0.68,15,0.6914799797459642,0.6653273944991458,0.7176325649927826
0,panderm,B0,union,0.69,15,0.6892323533782749,0.6649913826017496,0.7134733241548002
0,panderm,B0,union,0.7,15,0.687153929850542,0.6627103017877408,0.7115975579133432
0,panderm,B0,union,0.71,15,0.6852855676683863,0.6589968450976211,0.7115742902391515
0,panderm,B0,union,0.72,15,0.679693260208639,0.6458102073152796,0.7135763131019983
0,panderm,B0,union,0.73,15,0.6773695076335055,0.6394485328759314,0.7152904823910795
0,panderm,B0,union,0.74,15,0.6773695076335055,0.6394485328759314,0.7152904823910795
0,panderm,B0,union,0.75,15,0.6751794118745734,0.6356298212746194,0.7147290024745274
0,panderm,B0,union,0.76,15,0.6727116269181973,0.6298121040141237,0.7156111498222709
0,panderm,B0,union,0.77,15,0.668522174359402,0.6283135734438029,0.7087307752750011
0,panderm,B0,union,0.78,15,0.66800694285937,0.6278207003211305,0.7081931853976096
0,panderm,B0,union,0.79,15,0.6643883626142899,0.6252159668347804,0.7035607583937994
0,panderm,B0,union,0.8,15,0.6625849437741298,0.6216755664661381,0.7034943210821215
0,panderm,B0,union,0.81,15,0.6617886472181346,0.6216024616850857,0.7019748327511834
0,panderm,B0,union,0.82,15,0.6578377215725705,0.6162415384002006,0.6994339047449404
0,panderm,B0,union,0.83,15,0.6553750004446798,0.6137229584298648,0.6970270424594948
0,panderm,B0,union,0.84,15,0.6518619870833805,0.6147483018019201,0.6889756723648409
0,panderm,B0,union,0.85,15,0.6496993216252339,0.6100112688144845,0.6893873744359833
0,panderm,B0,union,0.86,15,0.6406659308153804,0.6025896618322665,0.6787421997984943
0,panderm,B0,union,0.87,15,0.632000098818495,0.590760202289169,0.6732399953478209
0,panderm,B0,union,0.88,15,0.6162821168528303,0.568279474510879,0.6642847591947816
0,panderm,B0,union,0.89,15,0.6101259012636026,0.5658064689357429,0.6544453335914622
0,panderm,B0,union,0.9,15,0.6039532784112984,0.5545218694020694,0.6533846874205275
0,panderm,B0,union,0.91,15,0.5949008046850873,0.5483487996307163,0.6414528097394584
0,panderm,B0,union,0.92,15,0.5903728234910003,0.5410711808504658,0.6396744661315348
0,panderm,B0,union,0.93,15,0.5787160191835653,0.5201855503607195,0.6372464880064111
0,panderm,B0,union,0.94,15,0.5756998218359206,0.5197831904749791,0.6316164531968621
0,panderm,B0,union,0.95,15,0.55172369962506,0.47079245408357606,0.6326549451665439
0,panderm,B0,union,0.96,15,0.539615651960206,0.4591274979971317,0.6201038059232803
0,panderm,B0,union,0.97,15,0.5328276783900614,0.4579212003835993,0.6077341563965235
0,panderm,B0,union,0.98,15,0.5049337371083176,0.41713070160583876,0.5927367726107964
0,panderm,B0,union,0.99,15,0.5049337371083176,0.41713070160583876,0.5927367726107964
0,panderm,B0,union,1.0,15,0.5049337371083176,0.41713070160583876,0.5927367726107964
0,dinov2,B0d,tau,0.0,15,0.6755501673628669,0.6550633200831406,0.6960370146425932
0,dinov2,B0d,tau,0.01,15,0.6755501673628669,0.6550633200831406,0.6960370146425932
0,dinov2,B0d,tau,0.02,15,0.6755501673628669,0.6550633200831406,0.6960370146425932
0,dinov2,B0d,tau,0.03,15,0.6755501673628669,0.6550633200831406,0.6960370146425932
0,dinov2,B0d,tau,0.04,15,0.6755501673628669,0.6550633200831406,0.6960370146425932
0,dinov2,B0d,tau,0.05,15,0.6755501673628669,0.6550633200831406,0.6960370146425932
0,dinov2,B0d,tau,0.06,15,0.6755501673628669,0.6550633200831406,0.6960370146425932
0,dinov2,B0d,tau,0.07,15,0.6755501673628669,0.6550633200831406,0.6960370146425932
0,dinov2,B0d,tau,0.08,15,0.6755501673628669,0.6550633200831406,0.6960370146425932
0,dinov2,B0d,tau,0.09,15,0.6755501673628669,0.6550633200831406,0.6960370146425932
0,dinov2,B0d,tau,0.1,15,0.6755501673628669,0.6550633200831406,0.6960370146425932
0,dinov2,B0d,tau,0.11,15,0.6755501673628669,0.6550633200831406,0.6960370146425932
0,dinov2,B0d,tau,0.12,15,0.6755501673628669,0.6550633200831406,0.6960370146425932
0,dinov2,B0d,tau,0.13,15,0.6755501673628669,0.6550633200831406,0.6960370146425932
0,dinov2,B0d,tau,0.14,15,0.6755501673628669,0.6550633200831406,0.6960370146425932
0,dinov2,B0d,tau,0.15,15,0.6755501673628669,0.6550633200831406,0.6960370146425932
0,dinov2,B0d,tau,0.16,15,0.6755501673628669,0.6550633200831406,0.6960370146425932
0,dinov2,B0d,tau,0.17,15,0.6755501673628669,0.6550633200831406,0.6960370146425932
0,dinov2,B0d,tau,0.18,15,0.6755501673628669,0.6550633200831406,0.6960370146425932
0,dinov2,B0d,tau,0.19,15,0.6755501673628669,0.6550633200831406,0.6960370146425932
0,dinov2,B0d,tau,0.2,15,0.6755501673628669,0.6550633200831406,0.6960370146425932
0,dinov2,B0d,tau,0.21,15,0.6755501673628669,0.6550633200831406,0.6960370146425932
0,dinov2,B0d,tau,0.22,15,0.6755501673628669,0.6550633200831406,0.6960370146425932
0,dinov2,B0d,tau,0.23,15,0.6755501673628669,0.6550633200831406,0.6960370146425932
0,dinov2,B0d,tau,0.24,15,0.6755501673628669,0.6550633200831406,0.6960370146425932
0,dinov2,B0d,tau,0.25,15,0.6755501673628669,0.6550633200831406,0.6960370146425932
0,dinov2,B0d,tau,0.26,15,0.6755501673628669,0.6550633200831406,0.6960370146425932
0,dinov2,B0d,tau,0.27,15,0.6755501673628669,0.6550633200831406,0.6960370146425932
0,dinov2,B0d,tau,0.28,15,0.6755501673628669,0.6550633200831406,0.6960370146425932
0,dinov2,B0d,tau,0.29,15,0.6755501673628669,0.6550633200831406,0.6960370146425932
0,dinov2,B0d,tau,0.3,15,0.6755501673628669,0.6550633200831406,0.6960370146425932
0,dinov2,B0d,tau,0.31,15,0.6755501673628669,0.6550633200831406,0.6960370146425932
0,dinov2,B0d,tau,0.32,15,0.6755501673628669,0.6550633200831406,0.6960370146425932
0,dinov2,B0d,tau,0.33,15,0.6755501673628669,0.6550633200831406,0.6960370146425932
0,dinov2,B0d,tau,0.34,15,0.6755501673628669,0.6550633200831406,0.6960370146425932
0,dinov2,B0d,tau,0.35,15,0.6755501673628669,0.6550633200831406,0.6960370146425932
0,dinov2,B0d,tau,0.36,15,0.6755501673628669,0.6550633200831406,0.6960370146425932
0,dinov2,B0d,tau,0.37,15,0.6755501673628669,0.6550633200831406,0.6960370146425932
0,dinov2,B0d,tau,0.38,15,0.6755501673628669,0.6550633200831406,0.6960370146425932
0,dinov2,B0d,tau,0.39,15,0.6755501673628669,0.6550633200831406,0.6960370146425932
0,dinov2,B0d,tau,0.4,15,0.6755501673628669,0.6550633200831406,0.6960370146425932
0,dinov2,B0d,tau,0.41,15,0.6755501673628669,0.6550633200831406,0.6960370146425932
0,dinov2,B0d,tau,0.42,15,0.6755501673628669,0.6550633200831406,0.6960370146425932
0,dinov2,B0d,tau,0.43,15,0.6755501673628669,0.6550633200831406,0.6960370146425932
0,dinov2,B0d,tau,0.44,15,0.6755501673628669,0.6550633200831406,0.6960370146425932
0,dinov2,B0d,tau,0.45,15,0.6755501673628669,0.6550633200831406,0.6960370146425932
0,dinov2,B0d,tau,0.46,15,0.6755501673628669,0.6550633200831406,0.6960370146425932
0,dinov2,B0d,tau,0.47,15,0.6755501673628669,0.6550633200831406,0.6960370146425932
0,dinov2,B0d,tau,0.48,15,0.6753921499305439,0.6547918027910894,0.6959924970699983
0,dinov2,B0d,tau,0.49,15,0.6753921499305439,0.6547918027910894,0.6959924970699983
0,dinov2,B0d,tau,0.5,15,0.6753921499305439,0.6547918027910894,0.6959924970699983
0,dinov2,B0d,tau,0.51,15,0.6753921499305439,0.6547918027910894,0.6959924970699983
0,dinov2,B0d,tau,0.52,15,0.6753921499305439,0.6547918027910894,0.6959924970699983
0,dinov2,B0d,tau,0.53,15,0.6746676370060523,0.6533574810042831,0.6959777930078214
0,dinov2,B0d,tau,0.54,15,0.6746676370060523,0.6533574810042831,0.6959777930078214
0,dinov2,B0d,tau,0.55,15,0.6725098174245038,0.648604640594152,0.6964149942548555
0,dinov2,B0d,tau,0.56,15,0.6724521263065572,0.6484849880285108,0.6964192645846035
0,dinov2,B0d,tau,0.57,15,0.6724521263065572,0.6484849880285108,0.6964192645846035
0,dinov2,B0d,tau,0.58,15,0.6685518973143597,0.6414631011794232,0.6956406934492962
0,dinov2,B0d,tau,0.59,15,0.6685518973143597,0.6414631011794232,0.6956406934492962
0,dinov2,B0d,tau,0.6,15,0.6685518973143597,0.6414631011794232,0.6956406934492962
0,dinov2,B0d,tau,0.61,15,0.6666018099220711,0.6367934069930211,0.696410212851121
0,dinov2,B0d,tau,0.62,15,0.662890918180436,0.6328276482243363,0.6929541881365356
0,dinov2,B0d,tau,0.63,15,0.6626362876885175,0.6319859836745201,0.6932865917025148
0,dinov2,B0d,tau,0.64,15,0.6615736689362121,0.6290103379731412,0.6941369998992829
0,dinov2,B0d,tau,0.65,15,0.6605988820183467,0.6277708426850777,0.6934269213516158
0,dinov2,B0d,tau,0.66,15,0.6600931435880127,0.6261902133472593,0.6939960738287662
0,dinov2,B0d,tau,0.67,15,0.6577062421569663,0.6219348715217067,0.6934776127922259
0,dinov2,B0d,tau,0.68,15,0.6562430665888157,0.6190336630867987,0.6934524700908327
0,dinov2,B0d,tau,0.69,15,0.6557075417372272,0.6174900427944263,0.6939250406800281
0,dinov2,B0d,tau,0.7,15,0.6529265998851387,0.6133770749352736,0.6924761248350038
0,dinov2,B0d,tau,0.71,15,0.6464494976012342,0.6060032803211668,0.6868957148813015
0,dinov2,B0d,tau,0.72,15,0.6388278339897996,0.5882240114983281,0.689431656481271
0,dinov2,B0d,tau,0.73,15,0.6369917898609032,0.5861589482591475,0.6878246314626589
0,dinov2,B0d,tau,0.74,14,0.6316462748580939,0.5719670051748732,0.6913255445413146
0,dinov2,B0d,tau,0.75,14,0.6265437299220694,0.5613316963628067,0.6917557634813322
0,dinov2,B0d,tau,0.76,14,0.6189291434701032,0.5518148485333814,0.686043438406825
0,dinov2,B0d,tau,0.77,14,0.6079655435524588,0.5251523554164758,0.6907787316884418
0,dinov2,B0d,tau,0.78,14,0.6056774624462165,0.5217150437421954,0.6896398811502376
0,dinov2,B0d,tau,0.79,14,0.6045264597277743,0.5201323073835435,0.6889206120720051
0,dinov2,B0d,tau,0.8,12,0.6154722708064175,0.5375679407581888,0.6933766008546463
0,dinov2,B0d,tau,0.81,11,0.6100543251278681,0.5266993872007585,0.6934092630549776
0,dinov2,B0d,tau,0.82,8,0.6033159640124879,0.5114598263337085,0.6951721016912673
0,dinov2,B0d,tau,0.83,8,0.5973685581523207,0.4938967280343719,0.7008403882702695
0,dinov2,B0d,tau,0.84,8,0.5887686610037185,0.4947449789943216,0.6827923430131153
0,dinov2,B0d,tau,0.85,6,0.5930187893621254,0.47798051804234276,0.708057060681908
0,dinov2,B0d,tau,0.86,5,0.6052881896152221,0.5390915354345279,0.6714848437959163
0,dinov2,B0d,tau,0.87,4,0.5870388157518615,0.48703095768759064,0.6870466738161323
0,dinov2,B0d,tau,0.88,4,0.5615870529976095,0.38551594489075613,0.7376581611044628
0,dinov2,B0d,tau,0.89,3,0.49717934372620004,0.37527499349599397,0.6190836939564062
0,dinov2,B0d,tau,0.9,1,0.4930670353049931,,
0,dinov2,B0d,tau,0.91,1,0.4930670353049931,,
0,dinov2,B0d,tau,0.92,1,0.4930670353049931,,
0,dinov2,B0d,tau,0.93,1,0.48767518289467093,,
0,dinov2,B0d,tau,0.94,1,0.48767518289467093,,
0,dinov2,B0d,tau,0.95,0,,,
0,dinov2,B0d,tau,0.96,0,,,
0,dinov2,B0d,tau,0.97,0,,,
0,dinov2,B0d,tau,0.98,0,,,
0,dinov2,B0d,tau,0.99,0,,,
0,dinov2,B0d,tau,1.0,0,,,
0,dinov2,B0d,offset,0.0,15,0.6583455718654272,0.6427171803821812,0.6739739633486732
0,dinov2,B0d,offset,0.01,15,0.6583455718654272,0.6427171803821812,0.6739739633486732
0,dinov2,B0d,offset,0.02,15,0.6583455718654272,0.6427171803821812,0.6739739633486732
0,dinov2,B0d,offset,0.03,15,0.6583455718654272,0.6427171803821812,0.6739739633486732
0,dinov2,B0d,offset,0.04,15,0.6583455718654272,0.6427171803821812,0.6739739633486732
0,dinov2,B0d,offset,0.05,15,0.6583455718654272,0.6427171803821812,0.6739739633486732
0,dinov2,B0d,offset,0.06,15,0.6583455718654272,0.6427171803821812,0.6739739633486732
0,dinov2,B0d,offset,0.07,15,0.6583455718654272,0.6427171803821812,0.6739739633486732
0,dinov2,B0d,offset,0.08,15,0.6583455718654272,0.6427171803821812,0.6739739633486732
0,dinov2,B0d,offset,0.09,15,0.6583455718654272,0.6427171803821812,0.6739739633486732
0,dinov2,B0d,offset,0.1,15,0.6583455718654272,0.6427171803821812,0.6739739633486732
0,dinov2,B0d,offset,0.11,15,0.6583455718654272,0.6427171803821812,0.6739739633486732
0,dinov2,B0d,offset,0.12,15,0.6583455718654272,0.6427171803821812,0.6739739633486732
0,dinov2,B0d,offset,0.13,15,0.6583455718654272,0.6427171803821812,0.6739739633486732
0,dinov2,B0d,offset,0.14,15,0.6583455718654272,0.6427171803821812,0.6739739633486732
0,dinov2,B0d,offset,0.15,15,0.6583455718654272,0.6427171803821812,0.6739739633486732
0,dinov2,B0d,offset,0.16,15,0.6583455718654272,0.6427171803821812,0.6739739633486732
0,dinov2,B0d,offset,0.17,15,0.6583455718654272,0.6427171803821812,0.6739739633486732
0,dinov2,B0d,offset,0.18,15,0.6583455718654272,0.6427171803821812,0.6739739633486732
0,dinov2,B0d,offset,0.19,15,0.6583455718654272,0.6427171803821812,0.6739739633486732
0,dinov2,B0d,offset,0.2,15,0.6583455718654272,0.6427171803821812,0.6739739633486732
0,dinov2,B0d,offset,0.21,15,0.6583455718654272,0.6427171803821812,0.6739739633486732
0,dinov2,B0d,offset,0.22,15,0.6583455718654272,0.6427171803821812,0.6739739633486732
0,dinov2,B0d,offset,0.23,15,0.6583455718654272,0.6427171803821812,0.6739739633486732
0,dinov2,B0d,offset,0.24,15,0.6583455718654272,0.6427171803821812,0.6739739633486732
0,dinov2,B0d,offset,0.25,15,0.6583455718654272,0.6427171803821812,0.6739739633486732
0,dinov2,B0d,offset,0.26,15,0.6583455718654272,0.6427171803821812,0.6739739633486732
0,dinov2,B0d,offset,0.27,15,0.6583455718654272,0.6427171803821812,0.6739739633486732
0,dinov2,B0d,offset,0.28,15,0.6583455718654272,0.6427171803821812,0.6739739633486732
0,dinov2,B0d,offset,0.29,15,0.6583455718654272,0.6427171803821812,0.6739739633486732
0,dinov2,B0d,offset,0.3,15,0.6583455718654272,0.6427171803821812,0.6739739633486732
0,dinov2,B0d,offset,0.31,15,0.6583455718654272,0.6427171803821812,0.6739739633486732
0,dinov2,B0d,offset,0.32,15,0.6583455718654272,0.6427171803821812,0.6739739633486732
0,dinov2,B0d,offset,0.33,15,0.6583455718654272,0.6427171803821812,0.6739739633486732
0,dinov2,B0d,offset,0.34,15,0.6583455718654272,0.6427171803821812,0.6739739633486732
0,dinov2,B0d,offset,0.35,15,0.6583455718654272,0.6427171803821812,0.6739739633486732
0,dinov2,B0d,offset,0.36,15,0.6583455718654272,0.6427171803821812,0.6739739633486732
0,dinov2,B0d,offset,0.37,15,0.6583455718654272,0.6427171803821812,0.6739739633486732
0,dinov2,B0d,offset,0.38,15,0.6583455718654272,0.6427171803821812,0.6739739633486732
0,dinov2,B0d,offset,0.39,15,0.6583455718654272,0.6427171803821812,0.6739739633486732
0,dinov2,B0d,offset,0.4,15,0.6583455718654272,0.6427171803821812,0.6739739633486732
0,dinov2,B0d,offset,0.41,15,0.6583455718654272,0.6427171803821812,0.6739739633486732
0,dinov2,B0d,offset,0.42,15,0.6583455718654272,0.6427171803821812,0.6739739633486732
0,dinov2,B0d,offset,0.43,15,0.6583455718654272,0.6427171803821812,0.6739739633486732
0,dinov2,B0d,offset,0.44,15,0.6583455718654272,0.6427171803821812,0.6739739633486732
0,dinov2,B0d,offset,0.45,15,0.6583455718654272,0.6427171803821812,0.6739739633486732
0,dinov2,B0d,offset,0.46,15,0.6578093586696394,0.6414496841604049,0.6741690331788739
0,dinov2,B0d,offset,0.47,15,0.6578093586696394,0.6414496841604049,0.6741690331788739
0,dinov2,B0d,offset,0.48,15,0.6561487331602596,0.6388651890136898,0.6734322773068293
0,dinov2,B0d,offset,0.49,15,0.6561487331602596,0.6388651890136898,0.6734322773068293
0,dinov2,B0d,offset,0.5,15,0.6561487331602596,0.6388651890136898,0.6734322773068293
0,dinov2,B0d,offset,0.51,15,0.6558863188828076,0.638462328123807,0.6733103096418082
0,dinov2,B0d,offset,0.52,15,0.6558863188828076,0.638462328123807,0.6733103096418082
0,dinov2,B0d,offset,0.53,15,0.6556453289378343,0.6382073483035642,0.6730833095721045
0,dinov2,B0d,offset,0.54,15,0.6556453289378343,0.6382073483035642,0.6730833095721045
0,dinov2,B0d,offset,0.55,15,0.6555535151672641,0.6381591125306691,0.6729479178038591
0,dinov2,B0d,offset,0.56,15,0.6553580815282215,0.6377770002587888,0.6729391627976542
0,dinov2,B0d,offset,0.57,15,0.6553580815282215,0.6377770002587888,0.6729391627976542
0,dinov2,B0d,offset,0.58,15,0.6529434560100369,0.6324443201203787,0.6734425918996951
0,dinov2,B0d,offset,0.59,15,0.6527327365942918,0.632193074537872,0.6732723986507115
0,dinov2,B0d,offset,0.6,15,0.6527327365942918,0.632193074537872,0.6732723986507115
0,dinov2,B0d,offset,0.61,15,0.6502646334538896,0.624666275998842,0.6758629909089373
0,dinov2,B0d,offset,0.62,15,0.6494557813349553,0.6237054209850581,0.6752061416848525
0,dinov2,B0d,offset,0.63,15,0.6494557813349553,0.6237054209850581,0.6752061416848525
0,dinov2,B0d,offset,0.64,15,0.6485402953258973,0.6195575731440656,0.677523017507729
0,dinov2,B0d,offset,0.65,15,0.6485402953258973,0.6195575731440656,0.677523017507729
0,dinov2,B0d,offset,0.66,15,0.6485256433112453,0.6195473659981635,0.6775039206243271
0,dinov2,B0d,offset,0.67,15,0.6476861554488589,0.6182931339874902,0.6770791769102276
0,dinov2,B0d,offset,0.68,15,0.6460945859745609,0.6152428763614317,0.6769462955876901
0,dinov2,B0d,offset,0.69,15,0.6457257963768609,0.6137350102385072,0.6777165825152146
0,dinov2,B0d,offset,0.7,15,0.6450682230136242,0.612720707166787,0.6774157388604615
0,dinov2,B0d,offset,0.71,15,0.6418360477736109,0.6067388158676471,0.6769332796795747
0,dinov2,B0d,offset,0.72,15,0.6407997961282079,0.604166005069949,0.6774335871864668
0,dinov2,B0d,offset,0.73,15,0.6407997961282079,0.604166005069949,0.6774335871864668
0,dinov2,B0d,offset,0.74,15,0.6392907626544148,0.6023541511995694,0.6762273741092601
0,dinov2,B0d,offset,0.75,15,0.6367875929299027,0.5998761063538457,0.6736990795059598
0,dinov2,B0d,offset,0.76,15,0.6367875929299027,0.5998761063538457,0.6736990795059598
0,dinov2,B0d,offset,0.77,15,0.6357249147521085,0.5990830976077008,0.6723667318965161
0,dinov2,B0d,offset,0.78,15,0.6326893091391554,0.5946142485346824,0.6707643697436285
0,dinov2,B0d,offset,0.79,15,0.629051352071981,0.5887763319308036,0.6693263722131585
0,dinov2,B0d,offset,0.8,15,0.6281078001106933,0.5881579930770052,0.6680576071443814
0,dinov2,B0d,offset,0.81,15,0.6259098643497047,0.5836339333877679,0.6681857953116416
0,dinov2,B0d,offset,0.82,15,0.6233518389384659,0.5774524730625141,0.6692512048144177
0,dinov2,B0d,offset,0.83,15,0.6196655970866566,0.5723170499479431,0.6670141442253701
0,dinov2,B0d,offset,0.84,15,0.6163430896619709,0.5693745817908139,0.663311597533128
0,dinov2,B0d,offset,0.85,15,0.6129564387416393,0.566414310369522,0.6594985671137567
0,dinov2,B0d,offset,0.86,15,0.6115552847451057,0.5634280220054207,0.6596825474847906
0,dinov2,B0d,offset,0.87,15,0.6076425375456341,0.5615318995193814,0.6537531755718868
0,dinov2,B0d,offset,0.88,15,0.606956500866757,0.5616143816320213,0.6522986201014928
0,dinov2,B0d,offset,0.89,15,0.6024869249470389,0.5564738969302473,0.6484999529638306
0,dinov2,B0d,offset,0.9,15,0.5946735615742218,0.551647469739787,0.6376996534086566
0,dinov2,B0d,offset,0.91,15,0.587904544065892,0.5500838635553338,0.6257252245764502
0,dinov2,B0d,offset,0.92,15,0.5833265073689701,0.5405977878646897,0.6260552268732504
0,dinov2,B0d,offset,0.93,15,0.5638213818575019,0.5133015230553432,0.6143412406596606
0,dinov2,B0d,offset,0.94,15,0.5632362641233731,0.5134018705310364,0.6130706577157099
0,dinov2,B0d,offset,0.95,15,0.5414176770192114,0.4730250068875059,0.6098103471509169
0,dinov2,B0d,offset,0.96,15,0.5305060649327981,0.4522778077809242,0.6087343220846719
0,dinov2,B0d,offset,0.97,15,0.5168380332215708,0.434002983579291,0.5996730828638507
0,dinov2,B0d,offset,0.98,15,0.47733009158756234,0.37685361463971334,0.5778065685354113
0,dinov2,B0d,offset,0.99,15,0.4749135779472714,0.37705616619761984,0.572770989696923
0,dinov2,B0d,offset,1.0,15,0.4749135779472714,0.37705616619761984,0.572770989696923
0,dinov2,B0d,union,0.0,15,0.6756825932858426,0.6553283683086852,0.6960368182629999
0,dinov2,B0d,union,0.01,15,0.6756825932858426,0.6553283683086852,0.6960368182629999
0,dinov2,B0d,union,0.02,15,0.6756825932858426,0.6553283683086852,0.6960368182629999
0,dinov2,B0d,union,0.03,15,0.6756825932858426,0.6553283683086852,0.6960368182629999
0,dinov2,B0d,union,0.04,15,0.6756825932858426,0.6553283683086852,0.6960368182629999
0,dinov2,B0d,union,0.05,15,0.6756825932858426,0.6553283683086852,0.6960368182629999
0,dinov2,B0d,union,0.06,15,0.6756825932858426,0.6553283683086852,0.6960368182629999
0,dinov2,B0d,union,0.07,15,0.6756825932858426,0.6553283683086852,0.6960368182629999
0,dinov2,B0d,union,0.08,15,0.6756825932858426,0.6553283683086852,0.6960368182629999
0,dinov2,B0d,union,0.09,15,0.6756825932858426,0.6553283683086852,0.6960368182629999
0,dinov2,B0d,union,0.1,15,0.6756825932858426,0.6553283683086852,0.6960368182629999
0,dinov2,B0d,union,0.11,15,0.6756825932858426,0.6553283683086852,0.6960368182629999
0,dinov2,B0d,union,0.12,15,0.6756825932858426,0.6553283683086852,0.6960368182629999
0,dinov2,B0d,union,0.13,15,0.6756825932858426,0.6553283683086852,0.6960368182629999
0,dinov2,B0d,union,0.14,15,0.6756825932858426,0.6553283683086852,0.6960368182629999
0,dinov2,B0d,union,0.15,15,0.6756825932858426,0.6553283683086852,0.6960368182629999
0,dinov2,B0d,union,0.16,15,0.6756825932858426,0.6553283683086852,0.6960368182629999
0,dinov2,B0d,union,0.17,15,0.6756825932858426,0.6553283683086852,0.6960368182629999
0,dinov2,B0d,union,0.18,15,0.6756825932858426,0.6553283683086852,0.6960368182629999
0,dinov2,B0d,union,0.19,15,0.6756825932858426,0.6553283683086852,0.6960368182629999
0,dinov2,B0d,union,0.2,15,0.6756825932858426,0.6553283683086852,0.6960368182629999
0,dinov2,B0d,union,0.21,15,0.6756825932858426,0.6553283683086852,0.6960368182629999
0,dinov2,B0d,union,0.22,15,0.6756825932858426,0.6553283683086852,0.6960368182629999
0,dinov2,B0d,union,0.23,15,0.6756825932858426,0.6553283683086852,0.6960368182629999
0,dinov2,B0d,union,0.24,15,0.6756825932858426,0.6553283683086852,0.6960368182629999
0,dinov2,B0d,union,0.25,15,0.6756825932858426,0.6553283683086852,0.6960368182629999
0,dinov2,B0d,union,0.26,15,0.6756825932858426,0.6553283683086852,0.6960368182629999
0,dinov2,B0d,union,0.27,15,0.6756825932858426,0.6553283683086852,0.6960368182629999
0,dinov2,B0d,union,0.28,15,0.6756825932858426,0.6553283683086852,0.6960368182629999
0,dinov2,B0d,union,0.29,15,0.6756825932858426,0.6553283683086852,0.6960368182629999
0,dinov2,B0d,union,0.3,15,0.6756825932858426,0.6553283683086852,0.6960368182629999
0,dinov2,B0d,union,0.31,15,0.6756825932858426,0.6553283683086852,0.6960368182629999
0,dinov2,B0d,union,0.32,15,0.6756825932858426,0.6553283683086852,0.6960368182629999
0,dinov2,B0d,union,0.33,15,0.6756825932858426,0.6553283683086852,0.6960368182629999
0,dinov2,B0d,union,0.34,15,0.6756825932858426,0.6553283683086852,0.6960368182629999
0,dinov2,B0d,union,0.35,15,0.6756825932858426,0.6553283683086852,0.6960368182629999
0,dinov2,B0d,union,0.36,15,0.6756825932858426,0.6553283683086852,0.6960368182629999
0,dinov2,B0d,union,0.37,15,0.6756825932858426,0.6553283683086852,0.6960368182629999
0,dinov2,B0d,union,0.38,15,0.6756825932858426,0.6553283683086852,0.6960368182629999
0,dinov2,B0d,union,0.39,15,0.6756825932858426,0.6553283683086852,0.6960368182629999
0,dinov2,B0d,union,0.4,15,0.6756825932858426,0.6553283683086852,0.6960368182629999
0,dinov2,B0d,union,0.41,15,0.6756825932858426,0.6553283683086852,0.6960368182629999
0,dinov2,B0d,union,0.42,15,0.6756825932858426,0.6553283683086852,0.6960368182629999
0,dinov2,B0d,union,0.43,15,0.6756825932858426,0.6553283683086852,0.6960368182629999
0,dinov2,B0d,union,0.44,15,0.6756825932858426,0.6553283683086852,0.6960368182629999
0,dinov2,B0d,union,0.45,15,0.6756825932858426,0.6553283683086852,0.6960368182629999
0,dinov2,B0d,union,0.46,15,0.6756825932858426,0.6553283683086852,0.6960368182629999
0,dinov2,B0d,union,0.47,15,0.6756825932858426,0.6553283683086852,0.6960368182629999
0,dinov2,B0d,union,0.48,15,0.6755245758535195,0.6550545200508553,0.6959946316561838
0,dinov2,B0d,union,0.49,15,0.6755245758535195,0.6550545200508553,0.6959946316561838
0,dinov2,B0d,union,0.5,15,0.6755245758535195,0.6550545200508553,0.6959946316561838
0,dinov2,B0d,union,0.51,15,0.6755245758535195,0.6550545200508553,0.6959946316561838
0,dinov2,B0d,union,0.52,15,0.6755245758535195,0.6550545200508553,0.6959946316561838
0,dinov2,B0d,union,0.53,15,0.6748894087567514,0.6538151199442059,0.6959636975692969
0,dinov2,B0d,union,0.54,15,0.6748894087567514,0.6538151199442059,0.6959636975692969
0,dinov2,B0d,union,0.55,15,0.6739822255444835,0.652319066049034,0.695645385039933
0,dinov2,B0d,union,0.56,15,0.6739822255444835,0.652319066049034,0.695645385039933
0,dinov2,B0d,union,0.57,15,0.6739822255444835,0.652319066049034,0.695645385039933
0,dinov2,B0d,union,0.58,15,0.6716122693052822,0.6487499393383548,0.6944745992722096
0,dinov2,B0d,union,0.59,15,0.6716122693052822,0.6487499393383548,0.6944745992722096
0,dinov2,B0d,union,0.6,15,0.6716122693052822,0.6487499393383548,0.6944745992722096
0,dinov2,B0d,union,0.61,15,0.6702370676201255,0.6449994192217341,0.6954747160185168
0,dinov2,B0d,union,0.62,15,0.6668163442794424,0.6408371853721738,0.6927955031867109
0,dinov2,B0d,union,0.63,15,0.6668163442794424,0.6408371853721738,0.6927955031867109
0,dinov2,B0d,union,0.64,15,0.665753725527137,0.637298300773231,0.6942091502810429
0,dinov2,B0d,union,0.65,15,0.6652837641008903,0.6367700266213073,0.6937975015804733
0,dinov2,B0d,union,0.66,15,0.6648944967700784,0.6353604546465419,0.6944285388936149
0,dinov2,B0d,union,0.67,15,0.6645863206339733,0.6349132389641824,0.6942594023037642
0,dinov2,B0d,union,0.68,15,0.6645863206339733,0.6349132389641824,0.6942594023037642
0,dinov2,B0d,union,0.69,15,0.6645111339376384,0.6346943803588029,0.6943278875164739
0,dinov2,B0d,union,0.7,15,0.6642907974883224,0.6342803735844158,0.694301221392229
0,dinov2,B0d,union,0.71,15,0.6575126297777074,0.6228665160874726,0.6921587434679423
0,dinov2,B0d,union,0.72,15,0.6561275855458224,0.6196954603328443,0.6925597107588005
0,dinov2,B0d,union,0.73,15,0.6560828951114553,0.6197314880758636,0.692434302147047
0,dinov2,B0d,union,0.74,15,0.652231292695156,0.6089427959652115,0.6955197894251005
0,dinov2,B0d,union,0.75,15,0.6489790103821933,0.6064987871061202,0.6914592336582664
0,dinov2,B0d,union,0.76,15,0.6489790103821933,0.6064987871061202,0.6914592336582664
0,dinov2,B0d,union,0.77,15,0.6469389080532201,0.605336750786504,0.6885410653199362
0,dinov2,B0d,union,0.78,15,0.6456772474412719,0.6038741770294552,0.6874803178530885
0,dinov2,B0d,union,0.79,15,0.6444342782442973,0.600925485236186,0.6879430712524086
0,dinov2,B0d,union,0.8,15,0.6434907262830094,0.5997616485098072,0.6872198040562116
0,dinov2,B0d,union,0.81,15,0.6370855758749528,0.5887693727621893,0.6854017789877164
0,dinov2,B0d,union,0.82,15,0.6300752978785992,0.5823763578785214,0.677774237878677
0,dinov2,B0d,union,0.83,15,0.6263890560267898,0.5765123453975195,0.6762657666560602
0,dinov2,B0d,union,0.84,15,0.6222567685459747,0.5733966023372143,0.671116934754735
0,dinov2,B0d,union,0.85,15,0.6180772805980169,0.5673696508036139,0.6687849103924199
0,dinov2,B0d,union,0.86,15,0.613183245697228,0.563866267728921,0.6625002236655351
0,dinov2,B0d,union,0.87,15,0.6083048654262134,0.562096419561249,0.6545133112911778
0,dinov2,B0d,union,0.88,15,0.6076188287473364,0.5621616438456957,0.6530760136489772
0,dinov2,B0d,union,0.89,15,0.6024869249470389,0.5564738969302473,0.6484999529638306
0,dinov2,B0d,union,0.9,15,0.5946735615742218,0.551647469739787,0.6376996534086566
0,dinov2,B0d,union,0.91,15,0.587904544065892,0.5500838635553338,0.6257252245764502
0,dinov2,B0d,union,0.92,15,0.5833265073689701,0.5405977878646897,0.6260552268732504
0,dinov2,B0d,union,0.93,15,0.5638213818575019,0.5133015230553432,0.6143412406596606
0,dinov2,B0d,union,0.94,15,0.5632362641233731,0.5134018705310364,0.6130706577157099
0,dinov2,B0d,union,0.95,15,0.5414176770192114,0.4730250068875059,0.6098103471509169
0,dinov2,B0d,union,0.96,15,0.5305060649327981,0.4522778077809242,0.6087343220846719
0,dinov2,B0d,union,0.97,15,0.5168380332215708,0.434002983579291,0.5996730828638507
0,dinov2,B0d,union,0.98,15,0.47733009158756234,0.37685361463971334,0.5778065685354113
0,dinov2,B0d,union,0.99,15,0.4749135779472714,0.37705616619761984,0.572770989696923
0,dinov2,B0d,union,1.0,15,0.4749135779472714,0.37705616619761984,0.572770989696923
1,panderm,B0,tau,0.0,15,0.698306126298888,0.6765071640299267,0.7201050885678493
1,panderm,B0,tau,0.01,15,0.698306126298888,0.6765071640299267,0.7201050885678493
1,panderm,B0,tau,0.02,15,0.698306126298888,0.6765071640299267,0.7201050885678493
1,panderm,B0,tau,0.03,15,0.698306126298888,0.6765071640299267,0.7201050885678493
1,panderm,B0,tau,0.04,15,0.698306126298888,0.6765071640299267,0.7201050885678493
1,panderm,B0,tau,0.05,15,0.698306126298888,0.6765071640299267,0.7201050885678493
1,panderm,B0,tau,0.06,15,0.698306126298888,0.6765071640299267,0.7201050885678493
1,panderm,B0,tau,0.07,15,0.698306126298888,0.6765071640299267,0.7201050885678493
1,panderm,B0,tau,0.08,15,0.698306126298888,0.6765071640299267,0.7201050885678493
1,panderm,B0,tau,0.09,15,0.698306126298888,0.6765071640299267,0.7201050885678493
1,panderm,B0,tau,0.1,15,0.698306126298888,0.6765071640299267,0.7201050885678493
1,panderm,B0,tau,0.11,15,0.698306126298888,0.6765071640299267,0.7201050885678493
1,panderm,B0,tau,0.12,15,0.698306126298888,0.6765071640299267,0.7201050885678493
1,panderm,B0,tau,0.13,15,0.698306126298888,0.6765071640299267,0.7201050885678493
1,panderm,B0,tau,0.14,15,0.698306126298888,0.6765071640299267,0.7201050885678493
1,panderm,B0,tau,0.15,15,0.698306126298888,0.6765071640299267,0.7201050885678493
1,panderm,B0,tau,0.16,15,0.698306126298888,0.6765071640299267,0.7201050885678493
1,panderm,B0,tau,0.17,15,0.698306126298888,0.6765071640299267,0.7201050885678493
1,panderm,B0,tau,0.18,15,0.698306126298888,0.6765071640299267,0.7201050885678493
1,panderm,B0,tau,0.19,15,0.698306126298888,0.6765071640299267,0.7201050885678493
1,panderm,B0,tau,0.2,15,0.698306126298888,0.6765071640299267,0.7201050885678493
1,panderm,B0,tau,0.21,15,0.698306126298888,0.6765071640299267,0.7201050885678493
1,panderm,B0,tau,0.22,15,0.698306126298888,0.6765071640299267,0.7201050885678493
1,panderm,B0,tau,0.23,15,0.698306126298888,0.6765071640299267,0.7201050885678493
1,panderm,B0,tau,0.24,15,0.698306126298888,0.6765071640299267,0.7201050885678493
1,panderm,B0,tau,0.25,15,0.698306126298888,0.6765071640299267,0.7201050885678493
1,panderm,B0,tau,0.26,15,0.698306126298888,0.6765071640299267,0.7201050885678493
1,panderm,B0,tau,0.27,15,0.698306126298888,0.6765071640299267,0.7201050885678493
1,panderm,B0,tau,0.28,15,0.698306126298888,0.6765071640299267,0.7201050885678493
1,panderm,B0,tau,0.29,15,0.698306126298888,0.6765071640299267,0.7201050885678493
1,panderm,B0,tau,0.3,15,0.698306126298888,0.6765071640299267,0.7201050885678493
1,panderm,B0,tau,0.31,15,0.698306126298888,0.6765071640299267,0.7201050885678493
1,panderm,B0,tau,0.32,15,0.698306126298888,0.6765071640299267,0.7201050885678493
1,panderm,B0,tau,0.33,15,0.698306126298888,0.6765071640299267,0.7201050885678493
1,panderm,B0,tau,0.34,15,0.698306126298888,0.6765071640299267,0.7201050885678493
1,panderm,B0,tau,0.35,15,0.698306126298888,0.6765071640299267,0.7201050885678493
1,panderm,B0,tau,0.36,15,0.698306126298888,0.6765071640299267,0.7201050885678493
1,panderm,B0,tau,0.37,15,0.698306126298888,0.6765071640299267,0.7201050885678493
1,panderm,B0,tau,0.38,15,0.698306126298888,0.6765071640299267,0.7201050885678493
1,panderm,B0,tau,0.39,15,0.698306126298888,0.6765071640299267,0.7201050885678493
1,panderm,B0,tau,0.4,15,0.698306126298888,0.6765071640299267,0.7201050885678493
1,panderm,B0,tau,0.41,15,0.698306126298888,0.6765071640299267,0.7201050885678493
1,panderm,B0,tau,0.42,15,0.6983002659121348,0.676494730272801,0.7201058015514685
1,panderm,B0,tau,0.43,15,0.6983002659121348,0.676494730272801,0.7201058015514685
1,panderm,B0,tau,0.44,15,0.6983002659121348,0.676494730272801,0.7201058015514685
1,panderm,B0,tau,0.45,15,0.6980012110909364,0.6756296792308863,0.7203727429509864
1,panderm,B0,tau,0.46,15,0.6980012110909364,0.6756296792308863,0.7203727429509864
1,panderm,B0,tau,0.47,15,0.6980012110909364,0.6756296792308863,0.7203727429509864
1,panderm,B0,tau,0.48,15,0.6974100523836492,0.6737159312679702,0.7211041734993281
1,panderm,B0,tau,0.49,15,0.6972636431031144,0.6733825752082631,0.7211447109979657
1,panderm,B0,tau,0.5,15,0.6972636431031144,0.6733825752082631,0.7211447109979657
1,panderm,B0,tau,0.51,15,0.6972636431031144,0.6733825752082631,0.7211447109979657
1,panderm,B0,tau,0.52,15,0.6972636431031144,0.6733825752082631,0.7211447109979657
1,panderm,B0,tau,0.53,15,0.6969574275228755,0.6723052689698046,0.7216095860759464
1,panderm,B0,tau,0.54,15,0.6969574275228755,0.6723052689698046,0.7216095860759464
1,panderm,B0,tau,0.55,15,0.6969574275228755,0.6723052689698046,0.7216095860759464
1,panderm,B0,tau,0.56,15,0.6967599072251429,0.6719115798715377,0.7216082345787481
1,panderm,B0,tau,0.57,15,0.6966576904845562,0.6716768301781035,0.7216385507910088
1,panderm,B0,tau,0.58,15,0.6966576904845562,0.6716768301781035,0.7216385507910088
1,panderm,B0,tau,0.59,15,0.6956002489613734,0.6714530963076921,0.7197474016150547
1,panderm,B0,tau,0.6,15,0.6950401854471503,0.670029675186173,0.7200506957081276
1,panderm,B0,tau,0.61,15,0.6918315438315381,0.6620094263432437,0.7216536613198326
1,panderm,B0,tau,0.62,15,0.6906761336903151,0.6600928998909669,0.7212593674896633
1,panderm,B0,tau,0.63,15,0.6906761336903151,0.6600928998909669,0.7212593674896633
1,panderm,B0,tau,0.64,15,0.6886317849240914,0.653322639348911,0.7239409304992718
1,panderm,B0,tau,0.65,15,0.687895948542746,0.6517286530998021,0.72406324398569
1,panderm,B0,tau,0.66,15,0.6855563768207985,0.6495817325665565,0.7215310210750405
1,panderm,B0,tau,0.67,15,0.6803209086779702,0.6456143744918517,0.7150274428640888
1,panderm,B0,tau,0.68,15,0.6779618883801452,0.6405186517785137,0.7154051249817766
1,panderm,B0,tau,0.69,15,0.6749059113155037,0.6380197131089405,0.711792109522067
1,panderm,B0,tau,0.7,15,0.6728891231364884,0.6330026464060157,0.7127755998669612
1,panderm,B0,tau,0.71,15,0.6708415748693926,0.6305890523129601,0.711094097425825
1,panderm,B0,tau,0.72,15,0.6692310242719197,0.6280499549667582,0.7104120935770812
1,panderm,B0,tau,0.73,14,0.6697511550865036,0.6277487301406357,0.7117535800323715
1,panderm,B0,tau,0.74,13,0.669360655571727,0.6254424304694324,0.7132788806740216
1,panderm,B0,tau,0.75,13,0.660959653235227,0.6032180970631342,0.7187012094073197
1,panderm,B0,tau,0.76,12,0.6606529017237875,0.6019096859025684,0.7193961175450067
1,panderm,B0,tau,0.77,12,0.6445540508985058,0.5642734759238462,0.7248346258731654
1,panderm,B0,tau,0.78,11,0.6371710586050665,0.552838243246273,0.7215038739638601
1,panderm,B0,tau,0.79,11,0.6230376017662445,0.5374692570937811,0.7086059464387078
1,panderm,B0,tau,0.8,10,0.6352827276540813,0.5664791203479257,0.704086334960237
1,panderm,B0,tau,0.81,9,0.6368593385831169,0.5678416885120191,0.7058769886542148
1,panderm,B0,tau,0.82,8,0.6321161621496019,0.5481144210753455,0.7161179032238583
1,panderm,B0,tau,0.83,7,0.6283533445061366,0.53105004729451,0.7256566417177631
1,panderm,B0,tau,0.84,7,0.6239823309465533,0.5350540821472495,0.7129105797458571
1,panderm,B0,tau,0.85,5,0.6336088848036013,0.5118714485941185,0.7553463210130842
1,panderm,B0,tau,0.86,5,0.6336088848036013,0.5118714485941185,0.7553463210130842
1,panderm,B0,tau,0.87,4,0.6476575105708761,0.5000680787083852,0.7952469424333669
1,panderm,B0,tau,0.88,4,0.6160954808252614,0.4769221354652037,0.7552688261853192
1,panderm,B0,tau,0.89,4,0.6160954808252614,0.4769221354652037,0.7552688261853192
1,panderm,B0,tau,0.9,4,0.6082788389285981,0.442111434883692,0.7744462429735043
1,panderm,B0,tau,0.91,2,0.5971319785906403,-0.6270239389798155,1.8212878961610959
1,panderm,B0,tau,0.92,2,0.5433011128295983,0.15685354269891832,0.9297486829602781
1,panderm,B0,tau,0.93,2,0.5059995904839035,-0.46092901407617515,1.4729281950439823
1,panderm,B0,tau,0.94,2,0.5059995904839035,-0.46092901407617515,1.4729281950439823
1,panderm,B0,tau,0.95,0,,,
1,panderm,B0,tau,0.96,0,,,
1,panderm,B0,tau,0.97,0,,,
1,panderm,B0,tau,0.98,0,,,
1,panderm,B0,tau,0.99,0,,,
1,panderm,B0,tau,1.0,0,,,
1,panderm,B0,offset,0.0,15,0.6795755233818619,0.6568043765557089,0.7023466702080149
1,panderm,B0,offset,0.01,15,0.6795755233818619,0.6568043765557089,0.7023466702080149
1,panderm,B0,offset,0.02,15,0.6795755233818619,0.6568043765557089,0.7023466702080149
1,panderm,B0,offset,0.03,15,0.6795755233818619,0.6568043765557089,0.7023466702080149
1,panderm,B0,offset,0.04,15,0.6795755233818619,0.6568043765557089,0.7023466702080149
1,panderm,B0,offset,0.05,15,0.6795755233818619,0.6568043765557089,0.7023466702080149
1,panderm,B0,offset,0.06,15,0.6795755233818619,0.6568043765557089,0.7023466702080149
1,panderm,B0,offset,0.07,15,0.6795755233818619,0.6568043765557089,0.7023466702080149
1,panderm,B0,offset,0.08,15,0.6795755233818619,0.6568043765557089,0.7023466702080149
1,panderm,B0,offset,0.09,15,0.6795755233818619,0.6568043765557089,0.7023466702080149
1,panderm,B0,offset,0.1,15,0.6795755233818619,0.6568043765557089,0.7023466702080149
1,panderm,B0,offset,0.11,15,0.6795755233818619,0.6568043765557089,0.7023466702080149
1,panderm,B0,offset,0.12,15,0.6795755233818619,0.6568043765557089,0.7023466702080149
1,panderm,B0,offset,0.13,15,0.6795755233818619,0.6568043765557089,0.7023466702080149
1,panderm,B0,offset,0.14,15,0.6795755233818619,0.6568043765557089,0.7023466702080149
1,panderm,B0,offset,0.15,15,0.6795755233818619,0.6568043765557089,0.7023466702080149
1,panderm,B0,offset,0.16,15,0.6795755233818619,0.6568043765557089,0.7023466702080149
1,panderm,B0,offset,0.17,15,0.6795755233818619,0.6568043765557089,0.7023466702080149
1,panderm,B0,offset,0.18,15,0.6795755233818619,0.6568043765557089,0.7023466702080149
1,panderm,B0,offset,0.19,15,0.6795755233818619,0.6568043765557089,0.7023466702080149
1,panderm,B0,offset,0.2,15,0.6795755233818619,0.6568043765557089,0.7023466702080149
1,panderm,B0,offset,0.21,15,0.6795755233818619,0.6568043765557089,0.7023466702080149
1,panderm,B0,offset,0.22,15,0.6795755233818619,0.6568043765557089,0.7023466702080149
1,panderm,B0,offset,0.23,15,0.6795755233818619,0.6568043765557089,0.7023466702080149
1,panderm,B0,offset,0.24,15,0.6795755233818619,0.6568043765557089,0.7023466702080149
1,panderm,B0,offset,0.25,15,0.6795755233818619,0.6568043765557089,0.7023466702080149
1,panderm,B0,offset,0.26,15,0.6795755233818619,0.6568043765557089,0.7023466702080149
1,panderm,B0,offset,0.27,15,0.6795755233818619,0.6568043765557089,0.7023466702080149
1,panderm,B0,offset,0.28,15,0.6795755233818619,0.6568043765557089,0.7023466702080149
1,panderm,B0,offset,0.29,15,0.6795755233818619,0.6568043765557089,0.7023466702080149
1,panderm,B0,offset,0.3,15,0.6795755233818619,0.6568043765557089,0.7023466702080149
1,panderm,B0,offset,0.31,15,0.6795755233818619,0.6568043765557089,0.7023466702080149
1,panderm,B0,offset,0.32,15,0.6795755233818619,0.6568043765557089,0.7023466702080149
1,panderm,B0,offset,0.33,15,0.6795755233818619,0.6568043765557089,0.7023466702080149
1,panderm,B0,offset,0.34,15,0.6795755233818619,0.6568043765557089,0.7023466702080149
1,panderm,B0,offset,0.35,15,0.6795755233818619,0.6568043765557089,0.7023466702080149
1,panderm,B0,offset,0.36,15,0.6795755233818619,0.6568043765557089,0.7023466702080149
1,panderm,B0,offset,0.37,15,0.6795755233818619,0.6568043765557089,0.7023466702080149
1,panderm,B0,offset,0.38,15,0.6795755233818619,0.6568043765557089,0.7023466702080149
1,panderm,B0,offset,0.39,15,0.6795755233818619,0.6568043765557089,0.7023466702080149
1,panderm,B0,offset,0.4,15,0.6795755233818619,0.6568043765557089,0.7023466702080149
1,panderm,B0,offset,0.41,15,0.6795755233818619,0.6568043765557089,0.7023466702080149
1,panderm,B0,offset,0.42,15,0.6795755233818619,0.6568043765557089,0.7023466702080149
1,panderm,B0,offset,0.43,15,0.6795755233818619,0.6568043765557089,0.7023466702080149
1,panderm,B0,offset,0.44,15,0.6793215199020519,0.6562879351275256,0.7023551046765782
1,panderm,B0,offset,0.45,15,0.6783758438381576,0.6549098345737734,0.7018418531025419
1,panderm,B0,offset,0.46,15,0.6783758438381576,0.6549098345737734,0.7018418531025419
1,panderm,B0,offset,0.47,15,0.6783758438381576,0.6549098345737734,0.7018418531025419
1,panderm,B0,offset,0.48,15,0.6783758438381576,0.6549098345737734,0.7018418531025419
1,panderm,B0,offset,0.49,15,0.6780426325372044,0.654173932129806,0.7019113329446028
1,panderm,B0,offset,0.5,15,0.6780426325372044,0.654173932129806,0.7019113329446028
1,panderm,B0,offset,0.51,15,0.6780426325372044,0.654173932129806,0.7019113329446028
1,panderm,B0,offset,0.52,15,0.6779114414382713,0.6538583571044128,0.7019645257721299
1,panderm,B0,offset,0.53,15,0.6779114414382713,0.6538583571044128,0.7019645257721299
1,panderm,B0,offset,0.54,15,0.6779114414382713,0.6538583571044128,0.7019645257721299
1,panderm,B0,offset,0.55,15,0.6778623265504469,0.6537365651591562,0.7019880879417375
1,panderm,B0,offset,0.56,15,0.6778623265504469,0.6537365651591562,0.7019880879417375
1,panderm,B0,offset,0.57,15,0.6778623265504469,0.6537365651591562,0.7019880879417375
1,panderm,B0,offset,0.58,15,0.6769932007854551,0.6526587453436108,0.7013276562272994
1,panderm,B0,offset,0.59,15,0.6762069559798483,0.6515092070752341,0.7009047048844624
1,panderm,B0,offset,0.6,15,0.6762069559798483,0.6515092070752341,0.7009047048844624
1,panderm,B0,offset,0.61,15,0.6742594721397137,0.6462237811908002,0.7022951630886273
1,panderm,B0,offset,0.62,15,0.6740246625936536,0.6458460849798554,0.7022032402074517
1,panderm,B0,offset,0.63,15,0.6738497914510404,0.6454726850226861,0.7022268978793947
1,panderm,B0,offset,0.64,15,0.6731482796839455,0.6430090480232259,0.7032875113446652
1,panderm,B0,offset,0.65,15,0.6720856271607745,0.6431923316917315,0.7009789226298174
1,panderm,B0,offset,0.66,15,0.6720856271607745,0.6431923316917315,0.7009789226298174
1,panderm,B0,offset,0.67,15,0.6720856271607745,0.6431923316917315,0.7009789226298174
1,panderm,B0,offset,0.68,15,0.6703862742036159,0.6400843472480942,0.7006882011591375
1,panderm,B0,offset,0.69,15,0.667237417348332,0.6377634651033918,0.6967113695932722
1,panderm,B0,offset,0.7,15,0.6666599099161048,0.6380351729535512,0.6952846468786584
1,panderm,B0,offset,0.71,15,0.6646075726858456,0.6362799831710313,0.6929351622006599
1,panderm,B0,offset,0.72,15,0.6584006395417984,0.62720399551481,0.6895972835687868
1,panderm,B0,offset,0.73,15,0.6584006395417984,0.62720399551481,0.6895972835687868
1,panderm,B0,offset,0.74,15,0.6575069807543646,0.6256789354567563,0.6893350260519729
1,panderm,B0,offset,0.75,15,0.6565758346211944,0.6258825424862278,0.687269126756161
1,panderm,B0,offset,0.76,15,0.6533009380776708,0.6193634921315004,0.6872383840238411
1,panderm,B0,offset,0.77,15,0.65314567944843,0.6190252367341297,0.6872661221627304
1,panderm,B0,offset,0.78,15,0.6526697202439824,0.6188938312049387,0.6864456092830261
1,panderm,B0,offset,0.79,15,0.6501328315615534,0.6142655689665111,0.6860000941565958
1,panderm,B0,offset,0.8,15,0.6465554378608437,0.6061466835164999,0.6869641922051875
1,panderm,B0,offset,0.81,15,0.6427927294280974,0.6046622116136908,0.680923247242504
1,panderm,B0,offset,0.82,15,0.6385353568323994,0.5941275310180892,0.6829431826467095
1,panderm,B0,offset,0.83,15,0.6374351498671245,0.5927628077122991,0.6821074920219499
1,panderm,B0,offset,0.84,15,0.6358203880698348,0.5917807563731974,0.6798600197664721
1,panderm,B0,offset,0.85,15,0.6323061786700322,0.5856202746600763,0.6789920826799882
1,panderm,B0,offset,0.86,15,0.6286396594608767,0.5835307274524864,0.6737485914692671
1,panderm,B0,offset,0.87,15,0.6191730213507427,0.5732783694109076,0.6650676732905778
1,panderm,B0,offset,0.88,15,0.6080852088774723,0.5567938778566713,0.6593765398982733
1,panderm,B0,offset,0.89,15,0.60564875720983,0.5536066965840432,0.6576908178356169
1,panderm,B0,offset,0.9,15,0.6021898852980795,0.5422902322384858,0.6620895383576731
1,panderm,B0,offset,0.91,15,0.5983161429768554,0.5436251736000235,0.6530071123536874
1,panderm,B0,offset,0.92,15,0.5964166678451283,0.5426024338949108,0.6502309017953457
1,panderm,B0,offset,0.93,15,0.5858998580175658,0.5243103315037465,0.6474893845313852
1,panderm,B0,offset,0.94,15,0.5811633016420321,0.5239585728598022,0.638368030424262
1,panderm,B0,offset,0.95,15,0.551806190030745,0.47143902865155607,0.632173351409934
1,panderm,B0,offset,0.96,15,0.5445263219709305,0.4623800972153222,0.6266725467265389
1,panderm,B0,offset,0.97,15,0.5367069072631081,0.45931577528256284,0.6140980392436534
1,panderm,B0,offset,0.98,15,0.4813282956914634,0.3691225892581812,0.5935340021247456
1,panderm,B0,offset,0.99,15,0.4801297927164971,0.36736507386609474,0.5928945115668994
1,panderm,B0,offset,1.0,15,0.4801297927164971,0.36736507386609474,0.5928945115668994
1,panderm,B0,union,0.0,15,0.698306126298888,0.6765071640299267,0.7201050885678493
1,panderm,B0,union,0.01,15,0.698306126298888,0.6765071640299267,0.7201050885678493
1,panderm,B0,union,0.02,15,0.698306126298888,0.6765071640299267,0.7201050885678493
1,panderm,B0,union,0.03,15,0.698306126298888,0.6765071640299267,0.7201050885678493
1,panderm,B0,union,0.04,15,0.698306126298888,0.6765071640299267,0.7201050885678493
1,panderm,B0,union,0.05,15,0.698306126298888,0.6765071640299267,0.7201050885678493
1,panderm,B0,union,0.06,15,0.698306126298888,0.6765071640299267,0.7201050885678493
1,panderm,B0,union,0.07,15,0.698306126298888,0.6765071640299267,0.7201050885678493
1,panderm,B0,union,0.08,15,0.698306126298888,0.6765071640299267,0.7201050885678493
1,panderm,B0,union,0.09,15,0.698306126298888,0.6765071640299267,0.7201050885678493
1,panderm,B0,union,0.1,15,0.698306126298888,0.6765071640299267,0.7201050885678493
1,panderm,B0,union,0.11,15,0.698306126298888,0.6765071640299267,0.7201050885678493
1,panderm,B0,union,0.12,15,0.698306126298888,0.6765071640299267,0.7201050885678493
1,panderm,B0,union,0.13,15,0.698306126298888,0.6765071640299267,0.7201050885678493
1,panderm,B0,union,0.14,15,0.698306126298888,0.6765071640299267,0.7201050885678493
1,panderm,B0,union,0.15,15,0.698306126298888,0.6765071640299267,0.7201050885678493
1,panderm,B0,union,0.16,15,0.698306126298888,0.6765071640299267,0.7201050885678493
1,panderm,B0,union,0.17,15,0.698306126298888,0.6765071640299267,0.7201050885678493
1,panderm,B0,union,0.18,15,0.698306126298888,0.6765071640299267,0.7201050885678493
1,panderm,B0,union,0.19,15,0.698306126298888,0.6765071640299267,0.7201050885678493
1,panderm,B0,union,0.2,15,0.698306126298888,0.6765071640299267,0.7201050885678493
1,panderm,B0,union,0.21,15,0.698306126298888,0.6765071640299267,0.7201050885678493
1,panderm,B0,union,0.22,15,0.698306126298888,0.6765071640299267,0.7201050885678493
1,panderm,B0,union,0.23,15,0.698306126298888,0.6765071640299267,0.7201050885678493
1,panderm,B0,union,0.24,15,0.698306126298888,0.6765071640299267,0.7201050885678493
1,panderm,B0,union,0.25,15,0.698306126298888,0.6765071640299267,0.7201050885678493
1,panderm,B0,union,0.26,15,0.698306126298888,0.6765071640299267,0.7201050885678493
1,panderm,B0,union,0.27,15,0.698306126298888,0.6765071640299267,0.7201050885678493
1,panderm,B0,union,0.28,15,0.698306126298888,0.6765071640299267,0.7201050885678493
1,panderm,B0,union,0.29,15,0.698306126298888,0.6765071640299267,0.7201050885678493
1,panderm,B0,union,0.3,15,0.698306126298888,0.6765071640299267,0.7201050885678493
1,panderm,B0,union,0.31,15,0.698306126298888,0.6765071640299267,0.7201050885678493
1,panderm,B0,union,0.32,15,0.698306126298888,0.6765071640299267,0.7201050885678493
1,panderm,B0,union,0.33,15,0.698306126298888,0.6765071640299267,0.7201050885678493
1,panderm,B0,union,0.34,15,0.698306126298888,0.6765071640299267,0.7201050885678493
1,panderm,B0,union,0.35,15,0.698306126298888,0.6765071640299267,0.7201050885678493
1,panderm,B0,union,0.36,15,0.698306126298888,0.6765071640299267,0.7201050885678493
1,panderm,B0,union,0.37,15,0.698306126298888,0.6765071640299267,0.7201050885678493
1,panderm,B0,union,0.38,15,0.698306126298888,0.6765071640299267,0.7201050885678493
1,panderm,B0,union,0.39,15,0.698306126298888,0.6765071640299267,0.7201050885678493
1,panderm,B0,union,0.4,15,0.698306126298888,0.6765071640299267,0.7201050885678493
1,panderm,B0,union,0.41,15,0.698306126298888,0.6765071640299267,0.7201050885678493
1,panderm,B0,union,0.42,15,0.6983002659121348,0.676494730272801,0.7201058015514685
1,panderm,B0,union,0.43,15,0.6983002659121348,0.676494730272801,0.7201058015514685
1,panderm,B0,union,0.44,15,0.6983002659121348,0.676494730272801,0.7201058015514685
1,panderm,B0,union,0.45,15,0.6980012110909364,0.6756296792308863,0.7203727429509864
1,panderm,B0,union,0.46,15,0.6980012110909364,0.6756296792308863,0.7203727429509864
1,panderm,B0,union,0.47,15,0.6980012110909364,0.6756296792308863,0.7203727429509864
1,panderm,B0,union,0.48,15,0.6974519795989433,0.6738598811587515,0.7210440780391352
1,panderm,B0,union,0.49,15,0.6973055703184085,0.6735253201385367,0.7210858204982802
1,panderm,B0,union,0.5,15,0.6973055703184085,0.6735253201385367,0.7210858204982802
1,panderm,B0,union,0.51,15,0.6973055703184085,0.6735253201385367,0.7210858204982802
1,panderm,B0,union,0.52,15,0.6973055703184085,0.6735253201385367,0.7210858204982802
1,panderm,B0,union,0.53,15,0.6973055703184085,0.6735253201385367,0.7210858204982802
1,panderm,B0,union,0.54,15,0.6973055703184085,0.6735253201385367,0.7210858204982802
1,panderm,B0,union,0.55,15,0.6973055703184085,0.6735253201385367,0.7210858204982802
1,panderm,B0,union,0.56,15,0.6971080500206759,0.6731200238291035,0.7210960762122482
1,panderm,B0,union,0.57,15,0.697005833280089,0.6728782455053839,0.7211334210547942
1,panderm,B0,union,0.58,15,0.697005833280089,0.6728782455053839,0.7211334210547942
1,panderm,B0,union,0.59,15,0.6959483917569064,0.6726603853232078,0.7192363981906049
1,panderm,B0,union,0.6,15,0.6953883282426833,0.6711936899303718,0.7195829665549948
1,panderm,B0,union,0.61,15,0.693118135722212,0.6657556407174688,0.7204806307269552
1,panderm,B0,union,0.62,15,0.6919627255809889,0.6636904445541016,0.7202350066078762
1,panderm,B0,union,0.63,15,0.6919627255809889,0.6636904445541016,0.7202350066078762
1,panderm,B0,union,0.64,15,0.6910904257308109,0.6605855217580227,0.7215953297035992
1,panderm,B0,union,0.65,15,0.6907922065652472,0.6599177930700223,0.7216666200604721
1,panderm,B0,union,0.66,15,0.6889123220108981,0.6587456100728535,0.7190790339489428
1,panderm,B0,union,0.67,15,0.6854033093900156,0.6551421461929431,0.7156644725870881
1,panderm,B0,union,0.68,15,0.6838301362059366,0.6512154387659569,0.7164448336459163
1,panderm,B0,union,0.69,15,0.6808510266428771,0.6463493533802308,0.7153526999055234
1,panderm,B0,union,0.7,15,0.6792895770514344,0.6436213075359245,0.7149578465669444
1,panderm,B0,union,0.71,15,0.6773244771591119,0.6411888425537668,0.713460111764457
1,panderm,B0,union,0.72,15,0.6740974891096271,0.635834178280584,0.7123607999386702
1,panderm,B0,union,0.73,15,0.673379242899074,0.6359180229594933,0.7108404628386548
1,panderm,B0,union,0.74,15,0.67031792400546,0.6310394772978141,0.7095963707131059
1,panderm,B0,union,0.75,15,0.6679704073374642,0.6297796978178722,0.7061611168570561
1,panderm,B0,union,0.76,15,0.6626969178994736,0.6222323881410596,0.7031614476578876
1,panderm,B0,union,0.77,15,0.6603290769489536,0.6203881684202063,0.7002699854777009
1,panderm,B0,union,0.78,15,0.6594457141495457,0.6201455884191798,0.6987458398799116
1,panderm,B0,union,0.79,15,0.6581781971857381,0.617167243282133,0.6991891510893432
1,panderm,B0,union,0.8,15,0.6546008034850284,0.6085774768031514,0.7006241301669053
1,panderm,B0,union,0.81,15,0.6497213195161263,0.6061655860603933,0.6932770529718594
1,panderm,B0,union,0.82,15,0.6446469639298176,0.5927014169636843,0.6965925108959509
1,panderm,B0,union,0.83,15,0.6435467569645427,0.5911741295811089,0.6959193843479764
1,panderm,B0,union,0.84,15,0.6414941084087038,0.5917081862008727,0.6912800306165349
1,panderm,B0,union,0.85,15,0.6377308943914279,0.5861051296962331,0.6893566590866228
1,panderm,B0,union,0.86,15,0.6340643751822724,0.5832456006594106,0.6848831497051343
1,panderm,B0,union,0.87,15,0.6253137323470886,0.572203409748201,0.6784240549459762
1,panderm,B0,union,0.88,15,0.6111394549563675,0.5559724960281175,0.6663064138846174
1,panderm,B0,union,0.89,15,0.6089609051696638,0.552749988498842,0.6651718218404856
1,panderm,B0,union,0.9,15,0.6055020332579133,0.5416661469686682,0.6693379195471584
1,panderm,B0,union,0.91,15,0.6016282909366891,0.5423138388068943,0.6609427430664839
1,panderm,B0,union,0.92,15,0.5964166678451283,0.5426024338949108,0.6502309017953457
1,panderm,B0,union,0.93,15,0.5858998580175658,0.5243103315037465,0.6474893845313852
1,panderm,B0,union,0.94,15,0.5811633016420321,0.5239585728598022,0.638368030424262
1,panderm,B0,union,0.95,15,0.551806190030745,0.47143902865155607,0.632173351409934
1,panderm,B0,union,0.96,15,0.5445263219709305,0.4623800972153222,0.6266725467265389
1,panderm,B0,union,0.97,15,0.5367069072631081,0.45931577528256284,0.6140980392436534
1,panderm,B0,union,0.98,15,0.4813282956914634,0.3691225892581812,0.5935340021247456
1,panderm,B0,union,0.99,15,0.4801297927164971,0.36736507386609474,0.5928945115668994
1,panderm,B0,union,1.0,15,0.4801297927164971,0.36736507386609474,0.5928945115668994
1,dinov2,B0d,tau,0.0,15,0.6774668424864374,0.6607079908120219,0.6942256941608529
1,dinov2,B0d,tau,0.01,15,0.6774668424864374,0.6607079908120219,0.6942256941608529
1,dinov2,B0d,tau,0.02,15,0.6774668424864374,0.6607079908120219,0.6942256941608529
1,dinov2,B0d,tau,0.03,15,0.6774668424864374,0.6607079908120219,0.6942256941608529
1,dinov2,B0d,tau,0.04,15,0.6774668424864374,0.6607079908120219,0.6942256941608529
1,dinov2,B0d,tau,0.05,15,0.6774668424864374,0.6607079908120219,0.6942256941608529
1,dinov2,B0d,tau,0.06,15,0.6774668424864374,0.6607079908120219,0.6942256941608529
1,dinov2,B0d,tau,0.07,15,0.6774668424864374,0.6607079908120219,0.6942256941608529
1,dinov2,B0d,tau,0.08,15,0.6774668424864374,0.6607079908120219,0.6942256941608529
1,dinov2,B0d,tau,0.09,15,0.6774668424864374,0.6607079908120219,0.6942256941608529
1,dinov2,B0d,tau,0.1,15,0.6774668424864374,0.6607079908120219,0.6942256941608529
1,dinov2,B0d,tau,0.11,15,0.6774668424864374,0.6607079908120219,0.6942256941608529
1,dinov2,B0d,tau,0.12,15,0.6774668424864374,0.6607079908120219,0.6942256941608529
1,dinov2,B0d,tau,0.13,15,0.6774668424864374,0.6607079908120219,0.6942256941608529
1,dinov2,B0d,tau,0.14,15,0.6774668424864374,0.6607079908120219,0.6942256941608529
1,dinov2,B0d,tau,0.15,15,0.6774668424864374,0.6607079908120219,0.6942256941608529
1,dinov2,B0d,tau,0.16,15,0.6774668424864374,0.6607079908120219,0.6942256941608529
1,dinov2,B0d,tau,0.17,15,0.6774668424864374,0.6607079908120219,0.6942256941608529
1,dinov2,B0d,tau,0.18,15,0.6774668424864374,0.6607079908120219,0.6942256941608529
1,dinov2,B0d,tau,0.19,15,0.6774668424864374,0.6607079908120219,0.6942256941608529
1,dinov2,B0d,tau,0.2,15,0.6774668424864374,0.6607079908120219,0.6942256941608529
1,dinov2,B0d,tau,0.21,15,0.6774668424864374,0.6607079908120219,0.6942256941608529
1,dinov2,B0d,tau,0.22,15,0.6774668424864374,0.6607079908120219,0.6942256941608529
1,dinov2,B0d,tau,0.23,15,0.6774668424864374,0.6607079908120219,0.6942256941608529
1,dinov2,B0d,tau,0.24,15,0.6774668424864374,0.6607079908120219,0.6942256941608529
1,dinov2,B0d,tau,0.25,15,0.6774668424864374,0.6607079908120219,0.6942256941608529
1,dinov2,B0d,tau,0.26,15,0.6774668424864374,0.6607079908120219,0.6942256941608529
1,dinov2,B0d,tau,0.27,15,0.6774668424864374,0.6607079908120219,0.6942256941608529
1,dinov2,B0d,tau,0.28,15,0.6774668424864374,0.6607079908120219,0.6942256941608529
1,dinov2,B0d,tau,0.29,15,0.6774668424864374,0.6607079908120219,0.6942256941608529
1,dinov2,B0d,tau,0.3,15,0.6774668424864374,0.6607079908120219,0.6942256941608529
1,dinov2,B0d,tau,0.31,15,0.6774668424864374,0.6607079908120219,0.6942256941608529
1,dinov2,B0d,tau,0.32,15,0.6774668424864374,0.6607079908120219,0.6942256941608529
1,dinov2,B0d,tau,0.33,15,0.6774668424864374,0.6607079908120219,0.6942256941608529
1,dinov2,B0d,tau,0.34,15,0.6774668424864374,0.6607079908120219,0.6942256941608529
1,dinov2,B0d,tau,0.35,15,0.6774668424864374,0.6607079908120219,0.6942256941608529
1,dinov2,B0d,tau,0.36,15,0.6774668424864374,0.6607079908120219,0.6942256941608529
1,dinov2,B0d,tau,0.37,15,0.6774668424864374,0.6607079908120219,0.6942256941608529
1,dinov2,B0d,tau,0.38,15,0.6774668424864374,0.6607079908120219,0.6942256941608529
1,dinov2,B0d,tau,0.39,15,0.6774668424864374,0.6607079908120219,0.6942256941608529
1,dinov2,B0d,tau,0.4,15,0.6774668424864374,0.6607079908120219,0.6942256941608529
1,dinov2,B0d,tau,0.41,15,0.6774668424864374,0.6607079908120219,0.6942256941608529
1,dinov2,B0d,tau,0.42,15,0.6774668424864374,0.6607079908120219,0.6942256941608529
1,dinov2,B0d,tau,0.43,15,0.6774668424864374,0.6607079908120219,0.6942256941608529
1,dinov2,B0d,tau,0.44,15,0.6774668424864374,0.6607079908120219,0.6942256941608529
1,dinov2,B0d,tau,0.45,15,0.6774668424864374,0.6607079908120219,0.6942256941608529
1,dinov2,B0d,tau,0.46,15,0.6774668424864374,0.6607079908120219,0.6942256941608529
1,dinov2,B0d,tau,0.47,15,0.6774668424864374,0.6607079908120219,0.6942256941608529
1,dinov2,B0d,tau,0.48,15,0.6774668424864374,0.6607079908120219,0.6942256941608529
1,dinov2,B0d,tau,0.49,15,0.6774668424864374,0.6607079908120219,0.6942256941608529
1,dinov2,B0d,tau,0.5,15,0.6774668424864374,0.6607079908120219,0.6942256941608529
1,dinov2,B0d,tau,0.51,15,0.6774668424864374,0.6607079908120219,0.6942256941608529
1,dinov2,B0d,tau,0.52,15,0.6774668424864374,0.6607079908120219,0.6942256941608529
1,dinov2,B0d,tau,0.53,15,0.6770199235473963,0.6604161591008262,0.6936236879939663
1,dinov2,B0d,tau,0.54,15,0.6760657025123387,0.6570804551707784,0.6950509498538989
1,dinov2,B0d,tau,0.55,15,0.673166462546249,0.6487582554586836,0.6975746696338144
1,dinov2,B0d,tau,0.56,15,0.6725638248008647,0.6483529477102368,0.6967747018914927
1,dinov2,B0d,tau,0.57,15,0.6720412815387866,0.6474038953670573,0.6966786677105159
1,dinov2,B0d,tau,0.58,15,0.6720134870318752,0.6473817170930019,0.6966452569707486
1,dinov2,B0d,tau,0.59,15,0.6693435112418734,0.6437845613715608,0.694902461112186
1,dinov2,B0d,tau,0.6,15,0.6693435112418734,0.6437845613715608,0.694902461112186
1,dinov2,B0d,tau,0.61,15,0.6684260246843834,0.6439186355743937,0.6929334137943731
1,dinov2,B0d,tau,0.62,15,0.6651212704086606,0.6348929753533161,0.6953495654640052
1,dinov2,B0d,tau,0.63,15,0.664667140734192,0.6334664837048459,0.695867797763538
1,dinov2,B0d,tau,0.64,15,0.6603000459620257,0.6268945813653279,0.6937055105587235
1,dinov2,B0d,tau,0.65,15,0.6580263718581905,0.6207068292278142,0.6953459144885668
1,dinov2,B0d,tau,0.66,15,0.6531309263509868,0.6131056088713628,0.6931562438306108
1,dinov2,B0d,tau,0.67,15,0.6524245167559186,0.612741479948427,0.6921075535634102
1,dinov2,B0d,tau,0.68,15,0.6516807600116016,0.6103115122125377,0.6930500078106655
1,dinov2,B0d,tau,0.69,15,0.648485852964571,0.6057481018299897,0.6912236040991522
1,dinov2,B0d,tau,0.7,15,0.6447447971834589,0.5980293993110021,0.6914601950559157
1,dinov2,B0d,tau,0.71,15,0.640515677171306,0.5835040650641968,0.6975272892784151
1,dinov2,B0d,tau,0.72,15,0.6321709308408521,0.5691207071479393,0.6952211545337649
1,dinov2,B0d,tau,0.73,15,0.6293557985182158,0.5666966163102424,0.6920149807261892
1,dinov2,B0d,tau,0.74,14,0.6273264781916025,0.5600535520328744,0.6945994043503305
1,dinov2,B0d,tau,0.75,14,0.6185074150120394,0.5448132721627339,0.692201557861345
1,dinov2,B0d,tau,0.76,14,0.614808284470498,0.542898480137858,0.6867180888031379
1,dinov2,B0d,tau,0.77,13,0.6113773796932305,0.5239050937249727,0.6988496656614882
1,dinov2,B0d,tau,0.78,12,0.6010591457697091,0.5044099678177126,0.6977083237217055
1,dinov2,B0d,tau,0.79,12,0.5950346413503522,0.5006813217990745,0.6893879609016299
1,dinov2,B0d,tau,0.8,10,0.6131119394614699,0.5284900235133445,0.6977338554095953
1,dinov2,B0d,tau,0.81,9,0.6245783510083465,0.5504155548820885,0.6987411471346044
1,dinov2,B0d,tau,0.82,9,0.6145756615398124,0.5322408703403663,0.6969104527392584
1,dinov2,B0d,tau,0.83,9,0.6145756615398124,0.5322408703403663,0.6969104527392584
1,dinov2,B0d,tau,0.84,8,0.5959481498444519,0.49667903554158566,0.6952172641473181
1,dinov2,B0d,tau,0.85,8,0.5625705249356668,0.44867766829180805,0.6764633815795256
1,dinov2,B0d,tau,0.86,8,0.5552557530207085,0.4471745151362795,0.6633369909051375
1,dinov2,B0d,tau,0.87,6,0.539717943107019,0.47927313219733575,0.6001627540167023
1,dinov2,B0d,tau,0.88,6,0.539717943107019,0.47927313219733575,0.6001627540167023
1,dinov2,B0d,tau,0.89,5,0.5102566533525079,0.407647435614578,0.6128658710904379
1,dinov2,B0d,tau,0.9,4,0.5016803363650951,0.3674782397433737,0.6358824329868166
1,dinov2,B0d,tau,0.91,3,0.4850128494629817,0.19305925160032106,0.7769664473256424
1,dinov2,B0d,tau,0.92,3,0.4850128494629817,0.19305925160032106,0.7769664473256424
1,dinov2,B0d,tau,0.93,3,0.47653939357631386,0.15257848791421202,0.8005002992384157
1,dinov2,B0d,tau,0.94,2,0.4914110743533646,-0.9894143331486465,1.9722364818553757
1,dinov2,B0d,tau,0.95,2,0.4828039799248935,-1.1319638182111318,2.0975717780609187
1,dinov2,B0d,tau,0.96,2,0.4828039799248935,-1.1319638182111318,2.0975717780609187
1,dinov2,B0d,tau,0.97,0,,,
1,dinov2,B0d,tau,0.98,0,,,
1,dinov2,B0d,tau,0.99,0,,,
1,dinov2,B0d,tau,1.0,0,,,
1,dinov2,B0d,offset,0.0,15,0.6561078407952607,0.6299510709212177,0.6822646106693038
1,dinov2,B0d,offset,0.01,15,0.6561078407952607,0.6299510709212177,0.6822646106693038
1,dinov2,B0d,offset,0.02,15,0.6561078407952607,0.6299510709212177,0.6822646106693038
1,dinov2,B0d,offset,0.03,15,0.6561078407952607,0.6299510709212177,0.6822646106693038
1,dinov2,B0d,offset,0.04,15,0.6561078407952607,0.6299510709212177,0.6822646106693038
1,dinov2,B0d,offset,0.05,15,0.6561078407952607,0.6299510709212177,0.6822646106693038
1,dinov2,B0d,offset,0.06,15,0.6561078407952607,0.6299510709212177,0.6822646106693038
1,dinov2,B0d,offset,0.07,15,0.6561078407952607,0.6299510709212177,0.6822646106693038
1,dinov2,B0d,offset,0.08,15,0.6561078407952607,0.6299510709212177,0.6822646106693038
1,dinov2,B0d,offset,0.09,15,0.6561078407952607,0.6299510709212177,0.6822646106693038
1,dinov2,B0d,offset,0.1,15,0.6561078407952607,0.6299510709212177,0.6822646106693038
1,dinov2,B0d,offset,0.11,15,0.6561078407952607,0.6299510709212177,0.6822646106693038
1,dinov2,B0d,offset,0.12,15,0.6561078407952607,0.6299510709212177,0.6822646106693038
1,dinov2,B0d,offset,0.13,15,0.6561078407952607,0.6299510709212177,0.6822646106693038
1,dinov2,B0d,offset,0.14,15,0.6561078407952607,0.6299510709212177,0.6822646106693038
1,dinov2,B0d,offset,0.15,15,0.6561078407952607,0.6299510709212177,0.6822646106693038
1,dinov2,B0d,offset,0.16,15,0.6561078407952607,0.6299510709212177,0.6822646106693038
1,dinov2,B0d,offset,0.17,15,0.6561078407952607,0.6299510709212177,0.6822646106693038
1,dinov2,B0d,offset,0.18,15,0.6561078407952607,0.6299510709212177,0.6822646106693038
1,dinov2,B0d,offset,0.19,15,0.6561078407952607,0.6299510709212177,0.6822646106693038
1,dinov2,B0d,offset,0.2,15,0.6561078407952607,0.6299510709212177,0.6822646106693038
1,dinov2,B0d,offset,0.21,15,0.6561078407952607,0.6299510709212177,0.6822646106693038
1,dinov2,B0d,offset,0.22,15,0.6561078407952607,0.6299510709212177,0.6822646106693038
1,dinov2,B0d,offset,0.23,15,0.6561078407952607,0.6299510709212177,0.6822646106693038
1,dinov2,B0d,offset,0.24,15,0.6561078407952607,0.6299510709212177,0.6822646106693038
1,dinov2,B0d,offset,0.25,15,0.6561078407952607,0.6299510709212177,0.6822646106693038
1,dinov2,B0d,offset,0.26,15,0.6561078407952607,0.6299510709212177,0.6822646106693038
1,dinov2,B0d,offset,0.27,15,0.6561078407952607,0.6299510709212177,0.6822646106693038
1,dinov2,B0d,offset,0.28,15,0.6561078407952607,0.6299510709212177,0.6822646106693038
1,dinov2,B0d,offset,0.29,15,0.6561078407952607,0.6299510709212177,0.6822646106693038
1,dinov2,B0d,offset,0.3,15,0.6561078407952607,0.6299510709212177,0.6822646106693038
1,dinov2,B0d,offset,0.31,15,0.6561078407952607,0.6299510709212177,0.6822646106693038
1,dinov2,B0d,offset,0.32,15,0.6561078407952607,0.6299510709212177,0.6822646106693038
1,dinov2,B0d,offset,0.33,15,0.6561078407952607,0.6299510709212177,0.6822646106693038
1,dinov2,B0d,offset,0.34,15,0.6561078407952607,0.6299510709212177,0.6822646106693038
1,dinov2,B0d,offset,0.35,15,0.6561078407952607,0.6299510709212177,0.6822646106693038
1,dinov2,B0d,offset,0.36,15,0.6561078407952607,0.6299510709212177,0.6822646106693038
1,dinov2,B0d,offset,0.37,15,0.6561078407952607,0.6299510709212177,0.6822646106693038
1,dinov2,B0d,offset,0.38,15,0.6561078407952607,0.6299510709212177,0.6822646106693038
1,dinov2,B0d,offset,0.39,15,0.6561078407952607,0.6299510709212177,0.6822646106693038
1,dinov2,B0d,offset,0.4,15,0.6561078407952607,0.6299510709212177,0.6822646106693038
1,dinov2,B0d,offset,0.41,15,0.6561078407952607,0.6299510709212177,0.6822646106693038
1,dinov2,B0d,offset,0.42,15,0.6561078407952607,0.6299510709212177,0.6822646106693038
1,dinov2,B0d,offset,0.43,15,0.6561078407952607,0.6299510709212177,0.6822646106693038
1,dinov2,B0d,offset,0.44,15,0.6561078407952607,0.6299510709212177,0.6822646106693038
1,dinov2,B0d,offset,0.45,15,0.6561078407952607,0.6299510709212177,0.6822646106693038
1,dinov2,B0d,offset,0.46,15,0.6561078407952607,0.6299510709212177,0.6822646106693038
1,dinov2,B0d,offset,0.47,15,0.6561078407952607,0.6299510709212177,0.6822646106693038
1,dinov2,B0d,offset,0.48,15,0.6559141172625742,0.6298329465194483,0.6819952880057001
1,dinov2,B0d,offset,0.49,15,0.6559141172625742,0.6298329465194483,0.6819952880057001
1,dinov2,B0d,offset,0.5,15,0.6559141172625742,0.6298329465194483,0.6819952880057001
1,dinov2,B0d,offset,0.51,15,0.6555002699625323,0.6294755676629947,0.6815249722620699
1,dinov2,B0d,offset,0.52,15,0.6555002699625323,0.6294755676629947,0.6815249722620699
1,dinov2,B0d,offset,0.53,15,0.6548749904887585,0.6294475409666774,0.6803024400108396
1,dinov2,B0d,offset,0.54,15,0.6548749904887585,0.6294475409666774,0.6803024400108396
1,dinov2,B0d,offset,0.55,15,0.6542297686458053,0.628058286852615,0.6804012504389956
1,dinov2,B0d,offset,0.56,15,0.6515403673514083,0.6250801585762364,0.6780005761265802
1,dinov2,B0d,offset,0.57,15,0.6515403673514083,0.6250801585762364,0.6780005761265802
1,dinov2,B0d,offset,0.58,15,0.6504315408482577,0.6224145159282634,0.6784485657682521
1,dinov2,B0d,offset,0.59,15,0.6501910225784239,0.6219753828646031,0.6784066622922447
1,dinov2,B0d,offset,0.6,15,0.6501910225784239,0.6219753828646031,0.6784066622922447
1,dinov2,B0d,offset,0.61,15,0.6501910225784239,0.6219753828646031,0.6784066622922447
1,dinov2,B0d,offset,0.62,15,0.6491045370461522,0.6206500868980263,0.6775589871942782
1,dinov2,B0d,offset,0.63,15,0.6491045370461522,0.6206500868980263,0.6775589871942782
1,dinov2,B0d,offset,0.64,15,0.6488538534230082,0.6203481170616634,0.677359589784353
1,dinov2,B0d,offset,0.65,15,0.6472199919160054,0.6179947206063546,0.6764452632256562
1,dinov2,B0d,offset,0.66,15,0.6462206104228051,0.6170305658004628,0.6754106550451474
1,dinov2,B0d,offset,0.67,15,0.6455219085862549,0.615794494980355,0.6752493221921548
1,dinov2,B0d,offset,0.68,15,0.6432078913641851,0.6108459707264307,0.6755698120019396
1,dinov2,B0d,offset,0.69,15,0.6416713144203328,0.6064788392237895,0.676863789616876
1,dinov2,B0d,offset,0.7,15,0.6411639469792086,0.6056174164936378,0.6767104774647795
1,dinov2,B0d,offset,0.71,15,0.6400565768686425,0.6026575555617126,0.6774555981755723
1,dinov2,B0d,offset,0.72,15,0.6395425728954308,0.6020905245166349,0.6769946212742267
1,dinov2,B0d,offset,0.73,15,0.6395425728954308,0.6020905245166349,0.6769946212742267
1,dinov2,B0d,offset,0.74,15,0.6388053995936872,0.6016264570219506,0.6759843421654238
1,dinov2,B0d,offset,0.75,15,0.6353354817895815,0.595706045996429,0.6749649175827341
1,dinov2,B0d,offset,0.76,15,0.6353198775789692,0.5956953100316078,0.6749444451263307
1,dinov2,B0d,offset,0.77,15,0.6326814748431159,0.5954442149344662,0.6699187347517656
1,dinov2,B0d,offset,0.78,15,0.6301713016041544,0.5919244845854794,0.6684181186228293
1,dinov2,B0d,offset,0.79,15,0.6254403648379231,0.5905733671741198,0.6603073625017264
1,dinov2,B0d,offset,0.8,15,0.6240199418259987,0.5886781053815459,0.6593617782704516
1,dinov2,B0d,offset,0.81,15,0.621172095940212,0.5841171237786889,0.6582270681017353
1,dinov2,B0d,offset,0.82,15,0.6183844535861062,0.5830239571658276,0.6537449500063848
1,dinov2,B0d,offset,0.83,15,0.6180801516148607,0.5824941254450198,0.6536661777847017
1,dinov2,B0d,offset,0.84,15,0.6169993322348278,0.5812714233427712,0.6527272411268845
1,dinov2,B0d,offset,0.85,15,0.608399536908733,0.5768374247094193,0.6399616491080468
1,dinov2,B0d,offset,0.86,15,0.6057782392492755,0.5714806275780625,0.6400758509204886
1,dinov2,B0d,offset,0.87,15,0.601878113141577,0.5689322314996152,0.6348239947835388
1,dinov2,B0d,offset,0.88,15,0.5991384522551038,0.5676723061811677,0.6306045983290398
1,dinov2,B0d,offset,0.89,15,0.5953204799759085,0.560116495588385,0.630524464363432
1,dinov2,B0d,offset,0.9,15,0.588086432426427,0.558381220202489,0.617791644650365
1,dinov2,B0d,offset,0.91,15,0.5833969871774233,0.5501789831232513,0.6166149912315952
1,dinov2,B0d,offset,0.92,15,0.57621873165851,0.5468332667074457,0.6056041966095743
1,dinov2,B0d,offset,0.93,15,0.5635873647529421,0.520161931063181,0.6070127984427033
1,dinov2,B0d,offset,0.94,15,0.5619467998721005,0.5191758690112465,0.6047177307329545
1,dinov2,B0d,offset,0.95,15,0.5192464531666224,0.4401347498357797,0.5983581564974652
1,dinov2,B0d,offset,0.96,15,0.5155579264181138,0.4340622046906101,0.5970536481456176
1,dinov2,B0d,offset,0.97,15,0.506007627994576,0.4277162901313861,0.5842989658577659
1,dinov2,B0d,offset,0.98,15,0.4696447544981724,0.3693031900597077,0.5699863189366371
1,dinov2,B0d,offset,0.99,15,0.46458416032347755,0.3682828539031002,0.5608854667438549
1,dinov2,B0d,offset,1.0,15,0.46458416032347755,0.3682828539031002,0.5608854667438549
1,dinov2,B0d,union,0.0,15,0.6776268257159938,0.661081869025831,0.6941717824061565
1,dinov2,B0d,union,0.01,15,0.6776268257159938,0.661081869025831,0.6941717824061565
1,dinov2,B0d,union,0.02,15,0.6776268257159938,0.661081869025831,0.6941717824061565
1,dinov2,B0d,union,0.03,15,0.6776268257159938,0.661081869025831,0.6941717824061565
1,dinov2,B0d,union,0.04,15,0.6776268257159938,0.661081869025831,0.6941717824061565
1,dinov2,B0d,union,0.05,15,0.6776268257159938,0.661081869025831,0.6941717824061565
1,dinov2,B0d,union,0.06,15,0.6776268257159938,0.661081869025831,0.6941717824061565
1,dinov2,B0d,union,0.07,15,0.6776268257159938,0.661081869025831,0.6941717824061565
1,dinov2,B0d,union,0.08,15,0.6776268257159938,0.661081869025831,0.6941717824061565
1,dinov2,B0d,union,0.09,15,0.6776268257159938,0.661081869025831,0.6941717824061565
1,dinov2,B0d,union,0.1,15,0.6776268257159938,0.661081869025831,0.6941717824061565
1,dinov2,B0d,union,0.11,15,0.6776268257159938,0.661081869025831,0.6941717824061565
1,dinov2,B0d,union,0.12,15,0.6776268257159938,0.661081869025831,0.6941717824061565
1,dinov2,B0d,union,0.13,15,0.6776268257159938,0.661081869025831,0.6941717824061565
1,dinov2,B0d,union,0.14,15,0.6776268257159938,0.661081869025831,0.6941717824061565
1,dinov2,B0d,union,0.15,15,0.6776268257159938,0.661081869025831,0.6941717824061565
1,dinov2,B0d,union,0.16,15,0.6776268257159938,0.661081869025831,0.6941717824061565
1,dinov2,B0d,union,0.17,15,0.6776268257159938,0.661081869025831,0.6941717824061565
1,dinov2,B0d,union,0.18,15,0.6776268257159938,0.661081869025831,0.6941717824061565
1,dinov2,B0d,union,0.19,15,0.6776268257159938,0.661081869025831,0.6941717824061565
1,dinov2,B0d,union,0.2,15,0.6776268257159938,0.661081869025831,0.6941717824061565
1,dinov2,B0d,union,0.21,15,0.6776268257159938,0.661081869025831,0.6941717824061565
1,dinov2,B0d,union,0.22,15,0.6776268257159938,0.661081869025831,0.6941717824061565
1,dinov2,B0d,union,0.23,15,0.6776268257159938,0.661081869025831,0.6941717824061565
1,dinov2,B0d,union,0.24,15,0.6776268257159938,0.661081869025831,0.6941717824061565
1,dinov2,B0d,union,0.25,15,0.6776268257159938,0.661081869025831,0.6941717824061565
1,dinov2,B0d,union,0.26,15,0.6776268257159938,0.661081869025831,0.6941717824061565
1,dinov2,B0d,union,0.27,15,0.6776268257159938,0.661081869025831,0.6941717824061565
1,dinov2,B0d,union,0.28,15,0.6776268257159938,0.661081869025831,0.6941717824061565
1,dinov2,B0d,union,0.29,15,0.6776268257159938,0.661081869025831,0.6941717824061565
1,dinov2,B0d,union,0.3,15,0.6776268257159938,0.661081869025831,0.6941717824061565
1,dinov2,B0d,union,0.31,15,0.6776268257159938,0.661081869025831,0.6941717824061565
1,dinov2,B0d,union,0.32,15,0.6776268257159938,0.661081869025831,0.6941717824061565
1,dinov2,B0d,union,0.33,15,0.6776268257159938,0.661081869025831,0.6941717824061565
1,dinov2,B0d,union,0.34,15,0.6776268257159938,0.661081869025831,0.6941717824061565
1,dinov2,B0d,union,0.35,15,0.6776268257159938,0.661081869025831,0.6941717824061565
1,dinov2,B0d,union,0.36,15,0.6776268257159938,0.661081869025831,0.6941717824061565
1,dinov2,B0d,union,0.37,15,0.6776268257159938,0.661081869025831,0.6941717824061565
1,dinov2,B0d,union,0.38,15,0.6776268257159938,0.661081869025831,0.6941717824061565
1,dinov2,B0d,union,0.39,15,0.6776268257159938,0.661081869025831,0.6941717824061565
1,dinov2,B0d,union,0.4,15,0.6776268257159938,0.661081869025831,0.6941717824061565
1,dinov2,B0d,union,0.41,15,0.6776268257159938,0.661081869025831,0.6941717824061565
1,dinov2,B0d,union,0.42,15,0.6776268257159938,0.661081869025831,0.6941717824061565
1,dinov2,B0d,union,0.43,15,0.6776268257159938,0.661081869025831,0.6941717824061565
1,dinov2,B0d,union,0.44,15,0.6776268257159938,0.661081869025831,0.6941717824061565
1,dinov2,B0d,union,0.45,15,0.6776268257159938,0.661081869025831,0.6941717824061565
1,dinov2,B0d,union,0.46,15,0.6776268257159938,0.661081869025831,0.6941717824061565
1,dinov2,B0d,union,0.47,15,0.6776268257159938,0.661081869025831,0.6941717824061565
1,dinov2,B0d,union,0.48,15,0.6776268257159938,0.661081869025831,0.6941717824061565
1,dinov2,B0d,union,0.49,15,0.6776268257159938,0.661081869025831,0.6941717824061565
1,dinov2,B0d,union,0.5,15,0.6776268257159938,0.661081869025831,0.6941717824061565
1,dinov2,B0d,union,0.51,15,0.6776268257159938,0.661081869025831,0.6941717824061565
1,dinov2,B0d,union,0.52,15,0.6776268257159938,0.661081869025831,0.6941717824061565
1,dinov2,B0d,union,0.53,15,0.6771799067769525,0.6607852533113433,0.6935745602425617
1,dinov2,B0d,union,0.54,15,0.6766361599331042,0.6589591891499755,0.6943131307162329
1,dinov2,B0d,union,0.55,15,0.6747563525118709,0.6541582592657179,0.695354445758024
1,dinov2,B0d,union,0.56,15,0.6741537147664867,0.6537165368714666,0.6945908926615068
1,dinov2,B0d,union,0.57,15,0.6736311715044085,0.6526286533166803,0.6946336896921368
1,dinov2,B0d,union,0.58,15,0.6736033769974971,0.6526041626539602,0.694602591341034
1,dinov2,B0d,union,0.59,15,0.6709488141508123,0.6485510899566922,0.6933465383449324
1,dinov2,B0d,union,0.6,15,0.6709488141508123,0.6485510899566922,0.6933465383449324
1,dinov2,B0d,union,0.61,15,0.6707070040972191,0.6485680809294441,0.692845927264994
1,dinov2,B0d,union,0.62,15,0.6694867401645652,0.6456554038099829,0.6933180765191476
1,dinov2,B0d,union,0.63,15,0.6694867401645652,0.6456554038099829,0.6933180765191476
1,dinov2,B0d,union,0.64,15,0.6665063113601757,0.6408405915783334,0.692172031142018
1,dinov2,B0d,union,0.65,15,0.6654531875966503,0.6386283905976146,0.692277984595686
1,dinov2,B0d,union,0.66,15,0.6630625944953379,0.6343658127032565,0.6917593762874192
1,dinov2,B0d,union,0.67,15,0.6623956118333005,0.633894747405029,0.690896476261572
1,dinov2,B0d,union,0.68,15,0.6600815946112307,0.6269491875413447,0.6932140016811168
1,dinov2,B0d,union,0.69,15,0.6586198218448068,0.6237441323882609,0.6934955113013528
1,dinov2,B0d,union,0.7,15,0.6578855913895151,0.6224754228179268,0.6932957599611034
1,dinov2,B0d,union,0.71,15,0.6566132470136891,0.6187013791236202,0.6945251149037579
1,dinov2,B0d,union,0.72,15,0.6561047695327691,0.6177974104204241,0.694412128645114
1,dinov2,B0d,union,0.73,15,0.6542245416000995,0.6166738596065877,0.6917752235936112
1,dinov2,B0d,union,0.74,15,0.6534513782406352,0.6156975195249641,0.6912052369563062
1,dinov2,B0d,union,0.75,15,0.6495091994022346,0.6084884902389799,0.6905299085654893
1,dinov2,B0d,union,0.76,15,0.6484473575263426,0.6077737517780534,0.6891209632746319
1,dinov2,B0d,union,0.77,15,0.6456225232616101,0.6070649994757642,0.6841800470474559
1,dinov2,B0d,union,0.78,15,0.6397722488898149,0.6009876720036673,0.6785568257759624
1,dinov2,B0d,union,0.79,15,0.6327358313198298,0.5943390509922296,0.67113261164743
1,dinov2,B0d,union,0.8,15,0.6311574895116385,0.591965194969321,0.6703497840539561
1,dinov2,B0d,union,0.81,15,0.6305336258008875,0.5909973172388187,0.6700699343629563
1,dinov2,B0d,union,0.82,15,0.626223241093408,0.5874008095593425,0.6650456726274735
1,dinov2,B0d,union,0.83,15,0.6259189391221626,0.5867957024745828,0.6650421757697423
1,dinov2,B0d,union,0.84,15,0.6197077013036744,0.5841924084861128,0.655222994121236
1,dinov2,B0d,union,0.85,15,0.6100555385955887,0.5781473109474055,0.6419637662437719
1,dinov2,B0d,union,0.86,15,0.6060240754669025,0.5717005249785697,0.6403476259552353
1,dinov2,B0d,union,0.87,15,0.601878113141577,0.5689322314996152,0.6348239947835388
1,dinov2,B0d,union,0.88,15,0.5991384522551038,0.5676723061811677,0.6306045983290398
1,dinov2,B0d,union,0.89,15,0.5953204799759085,0.560116495588385,0.630524464363432
1,dinov2,B0d,union,0.9,15,0.588086432426427,0.558381220202489,0.617791644650365
1,dinov2,B0d,union,0.91,15,0.5833969871774233,0.5501789831232513,0.6166149912315952
1,dinov2,B0d,union,0.92,15,0.57621873165851,0.5468332667074457,0.6056041966095743
1,dinov2,B0d,union,0.93,15,0.5635873647529421,0.520161931063181,0.6070127984427033
1,dinov2,B0d,union,0.94,15,0.5619467998721005,0.5191758690112465,0.6047177307329545
1,dinov2,B0d,union,0.95,15,0.5192464531666224,0.4401347498357797,0.5983581564974652
1,dinov2,B0d,union,0.96,15,0.5155579264181138,0.4340622046906101,0.5970536481456176
1,dinov2,B0d,union,0.97,15,0.506007627994576,0.4277162901313861,0.5842989658577659
1,dinov2,B0d,union,0.98,15,0.4696447544981724,0.3693031900597077,0.5699863189366371
1,dinov2,B0d,union,0.99,15,0.46458416032347755,0.3682828539031002,0.5608854667438549
1,dinov2,B0d,union,1.0,15,0.46458416032347755,0.3682828539031002,0.5608854667438549
2,panderm,B0,tau,0.0,15,0.7008755615501993,0.6745801533659925,0.727170969734406
2,panderm,B0,tau,0.01,15,0.7008755615501993,0.6745801533659925,0.727170969734406
2,panderm,B0,tau,0.02,15,0.7008755615501993,0.6745801533659925,0.727170969734406
2,panderm,B0,tau,0.03,15,0.7008755615501993,0.6745801533659925,0.727170969734406
2,panderm,B0,tau,0.04,15,0.7008755615501993,0.6745801533659925,0.727170969734406
2,panderm,B0,tau,0.05,15,0.7008755615501993,0.6745801533659925,0.727170969734406
2,panderm,B0,tau,0.06,15,0.7008755615501993,0.6745801533659925,0.727170969734406
2,panderm,B0,tau,0.07,15,0.7008755615501993,0.6745801533659925,0.727170969734406
2,panderm,B0,tau,0.08,15,0.7008755615501993,0.6745801533659925,0.727170969734406
2,panderm,B0,tau,0.09,15,0.7008755615501993,0.6745801533659925,0.727170969734406
2,panderm,B0,tau,0.1,15,0.7008755615501993,0.6745801533659925,0.727170969734406
2,panderm,B0,tau,0.11,15,0.7008755615501993,0.6745801533659925,0.727170969734406
2,panderm,B0,tau,0.12,15,0.7008755615501993,0.6745801533659925,0.727170969734406
2,panderm,B0,tau,0.13,15,0.7008755615501993,0.6745801533659925,0.727170969734406
2,panderm,B0,tau,0.14,15,0.7008755615501993,0.6745801533659925,0.727170969734406
2,panderm,B0,tau,0.15,15,0.7008755615501993,0.6745801533659925,0.727170969734406
2,panderm,B0,tau,0.16,15,0.7008755615501993,0.6745801533659925,0.727170969734406
2,panderm,B0,tau,0.17,15,0.7008755615501993,0.6745801533659925,0.727170969734406
2,panderm,B0,tau,0.18,15,0.7008755615501993,0.6745801533659925,0.727170969734406
2,panderm,B0,tau,0.19,15,0.7008755615501993,0.6745801533659925,0.727170969734406
2,panderm,B0,tau,0.2,15,0.7008755615501993,0.6745801533659925,0.727170969734406
2,panderm,B0,tau,0.21,15,0.7008755615501993,0.6745801533659925,0.727170969734406
2,panderm,B0,tau,0.22,15,0.7008755615501993,0.6745801533659925,0.727170969734406
2,panderm,B0,tau,0.23,15,0.7008755615501993,0.6745801533659925,0.727170969734406
2,panderm,B0,tau,0.24,15,0.7008755615501993,0.6745801533659925,0.727170969734406
2,panderm,B0,tau,0.25,15,0.7008755615501993,0.6745801533659925,0.727170969734406
2,panderm,B0,tau,0.26,15,0.7008755615501993,0.6745801533659925,0.727170969734406
2,panderm,B0,tau,0.27,15,0.7008755615501993,0.6745801533659925,0.727170969734406
2,panderm,B0,tau,0.28,15,0.7008755615501993,0.6745801533659925,0.727170969734406
2,panderm,B0,tau,0.29,15,0.7008755615501993,0.6745801533659925,0.727170969734406
2,panderm,B0,tau,0.3,15,0.7008755615501993,0.6745801533659925,0.727170969734406
2,panderm,B0,tau,0.31,15,0.7008755615501993,0.6745801533659925,0.727170969734406
2,panderm,B0,tau,0.32,15,0.7008755615501993,0.6745801533659925,0.727170969734406
2,panderm,B0,tau,0.33,15,0.7008755615501993,0.6745801533659925,0.727170969734406
2,panderm,B0,tau,0.34,15,0.7008755615501993,0.6745801533659925,0.727170969734406
2,panderm,B0,tau,0.35,15,0.7008755615501993,0.6745801533659925,0.727170969734406
2,panderm,B0,tau,0.36,15,0.7008755615501993,0.6745801533659925,0.727170969734406
2,panderm,B0,tau,0.37,15,0.7008315622041877,0.6744318892022452,0.7272312352061303
2,panderm,B0,tau,0.38,15,0.7008315622041877,0.6744318892022452,0.7272312352061303
2,panderm,B0,tau,0.39,15,0.7008315622041877,0.6744318892022452,0.7272312352061303
2,panderm,B0,tau,0.4,15,0.7008315622041877,0.6744318892022452,0.7272312352061303
2,panderm,B0,tau,0.41,15,0.7008315622041877,0.6744318892022452,0.7272312352061303
2,panderm,B0,tau,0.42,15,0.7008315622041877,0.6744318892022452,0.7272312352061303
2,panderm,B0,tau,0.43,15,0.7004349886066926,0.6730437309312102,0.7278262462821751
2,panderm,B0,tau,0.44,15,0.7004349886066926,0.6730437309312102,0.7278262462821751
2,panderm,B0,tau,0.45,15,0.7003096753234848,0.6725866819124515,0.728032668734518
2,panderm,B0,tau,0.46,15,0.7003096753234848,0.6725866819124515,0.728032668734518
2,panderm,B0,tau,0.47,15,0.7003096753234848,0.6725866819124515,0.728032668734518
2,panderm,B0,tau,0.48,15,0.6994999389836513,0.6694458227126104,0.7295540552546921
2,panderm,B0,tau,0.49,15,0.6994775771955849,0.6694140371930073,0.7295411171981625
2,panderm,B0,tau,0.5,15,0.6994775771955849,0.6694140371930073,0.7295411171981625
2,panderm,B0,tau,0.51,15,0.6994775771955849,0.6694140371930073,0.7295411171981625
2,panderm,B0,tau,0.52,15,0.6994775771955849,0.6694140371930073,0.7295411171981625
2,panderm,B0,tau,0.53,15,0.6994775771955849,0.6694140371930073,0.7295411171981625
2,panderm,B0,tau,0.54,15,0.6987688463741188,0.6678786971021174,0.7296589956461202
2,panderm,B0,tau,0.55,15,0.6982704868094802,0.6673808116519218,0.7291601619670387
2,panderm,B0,tau,0.56,15,0.6982704868094802,0.6673808116519218,0.7291601619670387
2,panderm,B0,tau,0.57,15,0.69824088562538,0.6673403347018364,0.7291414365489236
2,panderm,B0,tau,0.58,15,0.6974293694437044,0.6640319983288989,0.7308267405585098
2,panderm,B0,tau,0.59,15,0.6974293694437044,0.6640319983288989,0.7308267405585098
2,panderm,B0,tau,0.6,15,0.6972090340111448,0.6637272226858333,0.7306908453364562
2,panderm,B0,tau,0.61,15,0.6956195096508061,0.6615631098632944,0.7296759094383178
2,panderm,B0,tau,0.62,15,0.6921051932768475,0.6538062990935516,0.7304040874601434
2,panderm,B0,tau,0.63,15,0.6915160799203318,0.6530071387377506,0.730025021102913
2,panderm,B0,tau,0.64,15,0.6908055606623457,0.651763474348594,0.7298476469760973
2,panderm,B0,tau,0.65,15,0.6905586844562166,0.6513795131148011,0.7297378557976321
2,panderm,B0,tau,0.66,15,0.6896799221265285,0.6494485047973071,0.7299113394557499
2,panderm,B0,tau,0.67,15,0.6867549665808405,0.6441883805820362,0.7293215525796447
2,panderm,B0,tau,0.68,15,0.683239773476647,0.6363733466540835,0.7301062002992105
2,panderm,B0,tau,0.69,15,0.6816898547256954,0.6345040529701601,0.7288756564812308
2,panderm,B0,tau,0.7,15,0.6762470279976751,0.6232133768448602,0.72928067915049
2,panderm,B0,tau,0.71,15,0.6717908829963306,0.6138469616865768,0.7297348043060844
2,panderm,B0,tau,0.72,15,0.6664660135091689,0.5947045314916137,0.7382274955267241
2,panderm,B0,tau,0.73,13,0.6652861545304026,0.5822843223129613,0.7482879867478439
2,panderm,B0,tau,0.74,12,0.6640235190191645,0.5717190194748084,0.7563280185635205
2,panderm,B0,tau,0.75,12,0.662394995314406,0.5717525560436938,0.7530374345851183
2,panderm,B0,tau,0.76,12,0.6616172805257153,0.5716129626365788,0.7516215984148519
2,panderm,B0,tau,0.77,11,0.6579838812446194,0.5535805251886412,0.7623872373005975
2,panderm,B0,tau,0.78,11,0.6569465868825476,0.553372443718397,0.7605207300466982
2,panderm,B0,tau,0.79,9,0.6693404286313643,0.5937869515841199,0.7448939056786088
2,panderm,B0,tau,0.8,9,0.6591356830735822,0.5851590428413677,0.7331123233057967
2,panderm,B0,tau,0.81,9,0.6542258363919975,0.581490488427001,0.726961184356994
2,panderm,B0,tau,0.82,9,0.652682904785265,0.5777769081491666,0.7275889014213635
2,panderm,B0,tau,0.83,9,0.6433039269037911,0.5600805418014658,0.7265273120061164
2,panderm,B0,tau,0.84,9,0.6432643837034042,0.5600793597350361,0.7264494076717724
2,panderm,B0,tau,0.85,8,0.6412755159029515,0.5333446054824866,0.7492064263234164
2,panderm,B0,tau,0.86,8,0.6348677644390954,0.5256046921969049,0.744130836681286
2,panderm,B0,tau,0.87,8,0.6253557029543644,0.5186916230617884,0.7320197828469404
2,panderm,B0,tau,0.88,7,0.6350211901438657,0.5457846033294673,0.7242577769582641
2,panderm,B0,tau,0.89,6,0.5971979854638547,0.45919421446007536,0.7352017564676341
2,panderm,B0,tau,0.9,5,0.6046117722474518,0.4356035529586016,0.773619991536302
2,panderm,B0,tau,0.91,3,0.5933463859692104,0.2247316046199339,0.9619611673184869
2,panderm,B0,tau,0.92,3,0.5716328452726188,0.19469791995624042,0.9485677705889972
2,panderm,B0,tau,0.93,3,0.5698355611358449,0.18539487609884941,0.9542762461728403
2,panderm,B0,tau,0.94,2,0.5054975501427342,-0.048564302902373235,1.0595594031878417
2,panderm,B0,tau,0.95,0,,,
2,panderm,B0,tau,0.96,0,,,
2,panderm,B0,tau,0.97,0,,,
2,panderm,B0,tau,0.98,0,,,
2,panderm,B0,tau,0.99,0,,,
2,panderm,B0,tau,1.0,0,,,
2,panderm,B0,offset,0.0,15,0.6796128971139187,0.6631511902923245,0.6960746039355129
2,panderm,B0,offset,0.01,15,0.6796128971139187,0.6631511902923245,0.6960746039355129
2,panderm,B0,offset,0.02,15,0.6796128971139187,0.6631511902923245,0.6960746039355129
2,panderm,B0,offset,0.03,15,0.6796128971139187,0.6631511902923245,0.6960746039355129
2,panderm,B0,offset,0.04,15,0.6796128971139187,0.6631511902923245,0.6960746039355129
2,panderm,B0,offset,0.05,15,0.6796128971139187,0.6631511902923245,0.6960746039355129
2,panderm,B0,offset,0.06,15,0.6796128971139187,0.6631511902923245,0.6960746039355129
2,panderm,B0,offset,0.07,15,0.6796128971139187,0.6631511902923245,0.6960746039355129
2,panderm,B0,offset,0.08,15,0.6796128971139187,0.6631511902923245,0.6960746039355129
2,panderm,B0,offset,0.09,15,0.6796128971139187,0.6631511902923245,0.6960746039355129
2,panderm,B0,offset,0.1,15,0.6796128971139187,0.6631511902923245,0.6960746039355129
2,panderm,B0,offset,0.11,15,0.6796128971139187,0.6631511902923245,0.6960746039355129
2,panderm,B0,offset,0.12,15,0.6796128971139187,0.6631511902923245,0.6960746039355129
2,panderm,B0,offset,0.13,15,0.6796128971139187,0.6631511902923245,0.6960746039355129
2,panderm,B0,offset,0.14,15,0.6796128971139187,0.6631511902923245,0.6960746039355129
2,panderm,B0,offset,0.15,15,0.6796128971139187,0.6631511902923245,0.6960746039355129
2,panderm,B0,offset,0.16,15,0.6796128971139187,0.6631511902923245,0.6960746039355129
2,panderm,B0,offset,0.17,15,0.6796128971139187,0.6631511902923245,0.6960746039355129
2,panderm,B0,offset,0.18,15,0.6796128971139187,0.6631511902923245,0.6960746039355129
2,panderm,B0,offset,0.19,15,0.6796128971139187,0.6631511902923245,0.6960746039355129
2,panderm,B0,offset,0.2,15,0.6796128971139187,0.6631511902923245,0.6960746039355129
2,panderm,B0,offset,0.21,15,0.6796128971139187,0.6631511902923245,0.6960746039355129
2,panderm,B0,offset,0.22,15,0.6796128971139187,0.6631511902923245,0.6960746039355129
2,panderm,B0,offset,0.23,15,0.6796128971139187,0.6631511902923245,0.6960746039355129
2,panderm,B0,offset,0.24,15,0.6796128971139187,0.6631511902923245,0.6960746039355129
2,panderm,B0,offset,0.25,15,0.6796128971139187,0.6631511902923245,0.6960746039355129
2,panderm,B0,offset,0.26,15,0.6796128971139187,0.6631511902923245,0.6960746039355129
2,panderm,B0,offset,0.27,15,0.6796128971139187,0.6631511902923245,0.6960746039355129
2,panderm,B0,offset,0.28,15,0.6796128971139187,0.6631511902923245,0.6960746039355129
2,panderm,B0,offset,0.29,15,0.6796128971139187,0.6631511902923245,0.6960746039355129
2,panderm,B0,offset,0.3,15,0.6796128971139187,0.6631511902923245,0.6960746039355129
2,panderm,B0,offset,0.31,15,0.6796128971139187,0.6631511902923245,0.6960746039355129
2,panderm,B0,offset,0.32,15,0.6796128971139187,0.6631511902923245,0.6960746039355129
2,panderm,B0,offset,0.33,15,0.6796128971139187,0.6631511902923245,0.6960746039355129
2,panderm,B0,offset,0.34,15,0.6796128971139187,0.6631511902923245,0.6960746039355129
2,panderm,B0,offset,0.35,15,0.6796128971139187,0.6631511902923245,0.6960746039355129
2,panderm,B0,offset,0.36,15,0.6796128971139187,0.6631511902923245,0.6960746039355129
2,panderm,B0,offset,0.37,15,0.6796128971139187,0.6631511902923245,0.6960746039355129
2,panderm,B0,offset,0.38,15,0.6796128971139187,0.6631511902923245,0.6960746039355129
2,panderm,B0,offset,0.39,15,0.6796128971139187,0.6631511902923245,0.6960746039355129
2,panderm,B0,offset,0.4,15,0.6796128971139187,0.6631511902923245,0.6960746039355129
2,panderm,B0,offset,0.41,15,0.6796128971139187,0.6631511902923245,0.6960746039355129
2,panderm,B0,offset,0.42,15,0.6796128971139187,0.6631511902923245,0.6960746039355129
2,panderm,B0,offset,0.43,15,0.6796128971139187,0.6631511902923245,0.6960746039355129
2,panderm,B0,offset,0.44,15,0.6796128971139187,0.6631511902923245,0.6960746039355129
2,panderm,B0,offset,0.45,15,0.6793504828364668,0.6623452732619234,0.6963556924110103
2,panderm,B0,offset,0.46,15,0.6793504828364668,0.6623452732619234,0.6963556924110103
2,panderm,B0,offset,0.47,15,0.6793504828364668,0.6623452732619234,0.6963556924110103
2,panderm,B0,offset,0.48,15,0.6787584755999292,0.6602851189106443,0.697231832289214
2,panderm,B0,offset,0.49,15,0.6775066246706589,0.6579621952244544,0.6970510541168634
2,panderm,B0,offset,0.5,15,0.6775066246706589,0.6579621952244544,0.6970510541168634
2,panderm,B0,offset,0.51,15,0.6775066246706589,0.6579621952244544,0.6970510541168634
2,panderm,B0,offset,0.52,15,0.6775066246706589,0.6579621952244544,0.6970510541168634
2,panderm,B0,offset,0.53,15,0.6774525171938188,0.6580150923514412,0.6968899420361965
2,panderm,B0,offset,0.54,15,0.6774525171938188,0.6580150923514412,0.6968899420361965
2,panderm,B0,offset,0.55,15,0.6774525171938188,0.6580150923514412,0.6968899420361965
2,panderm,B0,offset,0.56,15,0.6756717131780803,0.6534898617669682,0.6978535645891923
2,panderm,B0,offset,0.57,15,0.6756717131780803,0.6534898617669682,0.6978535645891923
2,panderm,B0,offset,0.58,15,0.6747170410375244,0.6491449084800975,0.7002891735949512
2,panderm,B0,offset,0.59,15,0.6734848776416112,0.6485581527854479,0.6984116024977746
2,panderm,B0,offset,0.6,15,0.6733974420703047,0.6483845102952239,0.6984103738453855
2,panderm,B0,offset,0.61,15,0.6719758661524882,0.6414032884984343,0.702548443806542
2,panderm,B0,offset,0.62,15,0.6719758661524882,0.6414032884984343,0.702548443806542
2,panderm,B0,offset,0.63,15,0.67164372362268,0.6409903120965393,0.7022971351488206
2,panderm,B0,offset,0.64,15,0.67164372362268,0.6409903120965393,0.7022971351488206
2,panderm,B0,offset,0.65,15,0.6714236806817178,0.6407924012856027,0.7020549600778329
2,panderm,B0,offset,0.66,15,0.6703964196998056,0.639639609038376,0.7011532303612351
2,panderm,B0,offset,0.67,15,0.6699948255307854,0.6392826836507662,0.7007069674108045
2,panderm,B0,offset,0.68,15,0.6686194781554475,0.6379882409882052,0.6992507153226899
2,panderm,B0,offset,0.69,15,0.6686194781554475,0.6379882409882052,0.6992507153226899
2,panderm,B0,offset,0.7,15,0.6682694903913559,0.6372951178294269,0.6992438629532848
2,panderm,B0,offset,0.71,15,0.6656969104233801,0.6328226307702305,0.6985711900765297
2,panderm,B0,offset,0.72,15,0.6614692681649572,0.6273544676205961,0.6955840687093183
2,panderm,B0,offset,0.73,15,0.6599888946818493,0.6243681901758832,0.6956095991878154
2,panderm,B0,offset,0.74,15,0.6599888946818493,0.6243681901758832,0.6956095991878154
2,panderm,B0,offset,0.75,15,0.6594207494346886,0.6242645271596368,0.6945769717097405
2,panderm,B0,offset,0.76,15,0.6586365449135464,0.6247620141101724,0.6925110757169204
2,panderm,B0,offset,0.77,15,0.6552510960805006,0.6177922564255164,0.6927099357354848
2,panderm,B0,offset,0.78,15,0.6522512615742859,0.613255672687918,0.6912468504606538
2,panderm,B0,offset,0.79,15,0.6505094207596274,0.6074605941024869,0.6935582474167679
2,panderm,B0,offset,0.8,15,0.6476831639768744,0.6034895600689345,0.6918767678848143
2,panderm,B0,offset,0.81,15,0.6442797814642106,0.6023153047279575,0.6862442582004638
2,panderm,B0,offset,0.82,15,0.6411018611230138,0.6012408200906102,0.6809629021554174
2,panderm,B0,offset,0.83,15,0.6396793202959814,0.6000203344696706,0.6793383061222922
2,panderm,B0,offset,0.84,15,0.6378550801061024,0.5970307224926301,0.6786794377195746
2,panderm,B0,offset,0.85,15,0.6336988768347985,0.5922662526908401,0.675131500978757
2,panderm,B0,offset,0.86,15,0.6317613132427687,0.5899529050667874,0.67356972141875
2,panderm,B0,offset,0.87,15,0.6284479428592156,0.580812314283456,0.6760835714349751
2,panderm,B0,offset,0.88,15,0.6184292786520026,0.5693356260252839,0.6675229312787213
2,panderm,B0,offset,0.89,15,0.615100038425684,0.5682194150709259,0.661980661780442
2,panderm,B0,offset,0.9,15,0.611219216428441,0.5599533089416093,0.6624851239152727
2,panderm,B0,offset,0.91,15,0.6007425506919198,0.5487495546093667,0.652735546774473
2,panderm,B0,offset,0.92,15,0.595184922095406,0.5434857345643536,0.6468841096264584
2,panderm,B0,offset,0.93,15,0.5822742964775688,0.5231465510524719,0.6414020419026657
2,panderm,B0,offset,0.94,15,0.5794944198646873,0.5226106811604935,0.6363781585688811
2,panderm,B0,offset,0.95,15,0.5601804283920612,0.4862099272840048,0.6341509295001175
2,panderm,B0,offset,0.96,15,0.54469510081288,0.4706116540725039,0.6187785475532561
2,panderm,B0,offset,0.97,15,0.5355529448029888,0.4711378463681342,0.5999680432378434
2,panderm,B0,offset,0.98,15,0.4986132728763659,0.4156551008945433,0.5815714448581886
2,panderm,B0,offset,0.99,15,0.49661354357422893,0.41351948409778605,0.5797076030506718
2,panderm,B0,offset,1.0,15,0.49661354357422893,0.41351948409778605,0.5797076030506718
2,panderm,B0,union,0.0,15,0.7012240062120819,0.6754232269722539,0.72702478545191
2,panderm,B0,union,0.01,15,0.7012240062120819,0.6754232269722539,0.72702478545191
2,panderm,B0,union,0.02,15,0.7012240062120819,0.6754232269722539,0.72702478545191
2,panderm,B0,union,0.03,15,0.7012240062120819,0.6754232269722539,0.72702478545191
2,panderm,B0,union,0.04,15,0.7012240062120819,0.6754232269722539,0.72702478545191
2,panderm,B0,union,0.05,15,0.7012240062120819,0.6754232269722539,0.72702478545191
2,panderm,B0,union,0.06,15,0.7012240062120819,0.6754232269722539,0.72702478545191
2,panderm,B0,union,0.07,15,0.7012240062120819,0.6754232269722539,0.72702478545191
2,panderm,B0,union,0.08,15,0.7012240062120819,0.6754232269722539,0.72702478545191
2,panderm,B0,union,0.09,15,0.7012240062120819,0.6754232269722539,0.72702478545191
2,panderm,B0,union,0.1,15,0.7012240062120819,0.6754232269722539,0.72702478545191
2,panderm,B0,union,0.11,15,0.7012240062120819,0.6754232269722539,0.72702478545191
2,panderm,B0,union,0.12,15,0.7012240062120819,0.6754232269722539,0.72702478545191
2,panderm,B0,union,0.13,15,0.7012240062120819,0.6754232269722539,0.72702478545191
2,panderm,B0,union,0.14,15,0.7012240062120819,0.6754232269722539,0.72702478545191
2,panderm,B0,union,0.15,15,0.7012240062120819,0.6754232269722539,0.72702478545191
2,panderm,B0,union,0.16,15,0.7012240062120819,0.6754232269722539,0.72702478545191
2,panderm,B0,union,0.17,15,0.7012240062120819,0.6754232269722539,0.72702478545191
2,panderm,B0,union,0.18,15,0.7012240062120819,0.6754232269722539,0.72702478545191
2,panderm,B0,union,0.19,15,0.7012240062120819,0.6754232269722539,0.72702478545191
2,panderm,B0,union,0.2,15,0.7012240062120819,0.6754232269722539,0.72702478545191
2,panderm,B0,union,0.21,15,0.7012240062120819,0.6754232269722539,0.72702478545191
2,panderm,B0,union,0.22,15,0.7012240062120819,0.6754232269722539,0.72702478545191
2,panderm,B0,union,0.23,15,0.7012240062120819,0.6754232269722539,0.72702478545191
2,panderm,B0,union,0.24,15,0.7012240062120819,0.6754232269722539,0.72702478545191
2,panderm,B0,union,0.25,15,0.7012240062120819,0.6754232269722539,0.72702478545191
2,panderm,B0,union,0.26,15,0.7012240062120819,0.6754232269722539,0.72702478545191
2,panderm,B0,union,0.27,15,0.7012240062120819,0.6754232269722539,0.72702478545191
2,panderm,B0,union,0.28,15,0.7012240062120819,0.6754232269722539,0.72702478545191
2,panderm,B0,union,0.29,15,0.7012240062120819,0.6754232269722539,0.72702478545191
2,panderm,B0,union,0.3,15,0.7012240062120819,0.6754232269722539,0.72702478545191
2,panderm,B0,union,0.31,15,0.7012240062120819,0.6754232269722539,0.72702478545191
2,panderm,B0,union,0.32,15,0.7012240062120819,0.6754232269722539,0.72702478545191
2,panderm,B0,union,0.33,15,0.7012240062120819,0.6754232269722539,0.72702478545191
2,panderm,B0,union,0.34,15,0.7012240062120819,0.6754232269722539,0.72702478545191
2,panderm,B0,union,0.35,15,0.7012240062120819,0.6754232269722539,0.72702478545191
2,panderm,B0,union,0.36,15,0.7012240062120819,0.6754232269722539,0.72702478545191
2,panderm,B0,union,0.37,15,0.7011800068660705,0.6752720484510272,0.7270879652811139
2,panderm,B0,union,0.38,15,0.7011800068660705,0.6752720484510272,0.7270879652811139
2,panderm,B0,union,0.39,15,0.7011800068660705,0.6752720484510272,0.7270879652811139
2,panderm,B0,union,0.4,15,0.7011800068660705,0.6752720484510272,0.7270879652811139
2,panderm,B0,union,0.41,15,0.7011800068660705,0.6752720484510272,0.7270879652811139
2,panderm,B0,union,0.42,15,0.7011800068660705,0.6752720484510272,0.7270879652811139
2,panderm,B0,union,0.43,15,0.7010949355203618,0.6749764036372572,0.7272134674034665
2,panderm,B0,union,0.44,15,0.7010949355203618,0.6749764036372572,0.7272134674034665
2,panderm,B0,union,0.45,15,0.70083252124291,0.674037678705946,0.7276273637798739
2,panderm,B0,union,0.46,15,0.70083252124291,0.674037678705946,0.7276273637798739
2,panderm,B0,union,0.47,15,0.70083252124291,0.674037678705946,0.7276273637798739
2,panderm,B0,union,0.48,15,0.7002405140063724,0.6717844227932381,0.7286966052195067
2,panderm,B0,union,0.49,15,0.7002181522183061,0.6717512002618378,0.7286851041747744
2,panderm,B0,union,0.5,15,0.7002181522183061,0.6717512002618378,0.7286851041747744
2,panderm,B0,union,0.51,15,0.7002181522183061,0.6717512002618378,0.7286851041747744
2,panderm,B0,union,0.52,15,0.7002181522183061,0.6717512002618378,0.7286851041747744
2,panderm,B0,union,0.53,15,0.7002181522183061,0.6717512002618378,0.7286851041747744
2,panderm,B0,union,0.54,15,0.69950942139684,0.6701429334138893,0.7288759093797907
2,panderm,B0,union,0.55,15,0.6990110618322014,0.6696254635367713,0.7283966601276315
2,panderm,B0,union,0.56,15,0.6986189314713632,0.6681027519316317,0.7291351110110947
2,panderm,B0,union,0.57,15,0.6985893302872628,0.6680616145834448,0.7291170459910807
2,panderm,B0,union,0.58,15,0.6977778141055871,0.6647117523684144,0.7308438758427599
2,panderm,B0,union,0.59,15,0.6974293694437044,0.6640319983288989,0.7308267405585098
2,panderm,B0,union,0.6,15,0.6972090340111448,0.6637272226858333,0.7306908453364562
2,panderm,B0,union,0.61,15,0.695947984121225,0.662143132360582,0.7297528358818681
2,panderm,B0,union,0.62,15,0.6944289179900262,0.6594019502503636,0.7294558857296887
2,panderm,B0,union,0.63,15,0.6938398046335105,0.6585227426607072,0.7291568666063137
2,panderm,B0,union,0.64,15,0.6938242004228983,0.6585249689078969,0.7291234319378996
2,panderm,B0,union,0.65,15,0.6935773242167691,0.6580937371987807,0.7290609112347575
2,panderm,B0,union,0.66,15,0.6935773242167691,0.6580937371987807,0.7290609112347575
2,panderm,B0,union,0.67,15,0.691664172327447,0.6550651385194912,0.7282632061354029
2,panderm,B0,union,0.68,15,0.6895888123216273,0.6507049976376171,0.7284726270056374
2,panderm,B0,union,0.69,15,0.6885705074867237,0.6496370802800162,0.7275039346934311
2,panderm,B0,union,0.7,15,0.6862536687546332,0.6481434664760157,0.7243638710332507
2,panderm,B0,union,0.71,15,0.6833438303249558,0.6418785151107673,0.7248091455391443
2,panderm,B0,union,0.72,15,0.6806700473640498,0.6381326329196534,0.7232074618084462
2,panderm,B0,union,0.73,15,0.6783706874437408,0.6334363844486124,0.7233049904388693
2,panderm,B0,union,0.74,15,0.6752938604162868,0.6244310250955457,0.7261566957370279
2,panderm,B0,union,0.75,15,0.67399104145248,0.6248178705641044,0.7231642123408556
2,panderm,B0,union,0.76,15,0.6733983728089254,0.6249238275425673,0.7218729180752836
2,panderm,B0,union,0.77,15,0.6684405814973055,0.6156407052195616,0.7212404577750493
2,panderm,B0,union,0.78,15,0.6660053553294912,0.6114032580312537,0.7206074526277287
2,panderm,B0,union,0.79,15,0.6618110323563225,0.6058103031939575,0.7178117615186876
2,panderm,B0,union,0.8,15,0.6568397876138032,0.6015429269253983,0.7121366483022081
2,panderm,B0,union,0.81,15,0.6534642677057696,0.599723570780807,0.7072049646307322
2,panderm,B0,union,0.82,15,0.6512557665734288,0.5973890961031919,0.7051224370436656
2,panderm,B0,union,0.83,15,0.6493825728211671,0.5964986220472464,0.7022665235950878
2,panderm,B0,union,0.84,15,0.6476549270306313,0.593356515210734,0.7019533388505287
2,panderm,B0,union,0.85,15,0.6450423023343841,0.588387022426783,0.7016975822419852
2,panderm,B0,union,0.86,15,0.6431361950449971,0.5861927010333243,0.7000796890566698
2,panderm,B0,union,0.87,15,0.6383723450298149,0.5772036526171315,0.6995410374424983
2,panderm,B0,union,0.88,15,0.6258180281097571,0.5638459168409293,0.6877901393785848
2,panderm,B0,union,0.89,15,0.619347890848846,0.5628868971095435,0.6758088845881485
2,panderm,B0,union,0.9,15,0.615467068851603,0.5548889976142731,0.6760451400889328
2,panderm,B0,union,0.91,15,0.6054749235290349,0.5455727541616077,0.6653770928964621
2,panderm,B0,union,0.92,15,0.5999172949325209,0.5395856930681739,0.6602488967968678
2,panderm,B0,union,0.93,15,0.5870066693146837,0.5187871432166992,0.6552261954126682
2,panderm,B0,union,0.94,15,0.5794944198646873,0.5226106811604935,0.6363781585688811
2,panderm,B0,union,0.95,15,0.5601804283920612,0.4862099272840048,0.6341509295001175
2,panderm,B0,union,0.96,15,0.54469510081288,0.4706116540725039,0.6187785475532561
2,panderm,B0,union,0.97,15,0.5355529448029888,0.4711378463681342,0.5999680432378434
2,panderm,B0,union,0.98,15,0.4986132728763659,0.4156551008945433,0.5815714448581886
2,panderm,B0,union,0.99,15,0.49661354357422893,0.41351948409778605,0.5797076030506718
2,panderm,B0,union,1.0,15,0.49661354357422893,0.41351948409778605,0.5797076030506718
2,dinov2,B0d,tau,0.0,15,0.6766136105947325,0.6500743370031237,0.7031528841863413
2,dinov2,B0d,tau,0.01,15,0.6766136105947325,0.6500743370031237,0.7031528841863413
2,dinov2,B0d,tau,0.02,15,0.6766136105947325,0.6500743370031237,0.7031528841863413
2,dinov2,B0d,tau,0.03,15,0.6766136105947325,0.6500743370031237,0.7031528841863413
2,dinov2,B0d,tau,0.04,15,0.6766136105947325,0.6500743370031237,0.7031528841863413
2,dinov2,B0d,tau,0.05,15,0.6766136105947325,0.6500743370031237,0.7031528841863413
2,dinov2,B0d,tau,0.06,15,0.6766136105947325,0.6500743370031237,0.7031528841863413
2,dinov2,B0d,tau,0.07,15,0.6766136105947325,0.6500743370031237,0.7031528841863413
2,dinov2,B0d,tau,0.08,15,0.6766136105947325,0.6500743370031237,0.7031528841863413
2,dinov2,B0d,tau,0.09,15,0.6766136105947325,0.6500743370031237,0.7031528841863413
2,dinov2,B0d,tau,0.1,15,0.6766136105947325,0.6500743370031237,0.7031528841863413
2,dinov2,B0d,tau,0.11,15,0.6766136105947325,0.6500743370031237,0.7031528841863413
2,dinov2,B0d,tau,0.12,15,0.6766136105947325,0.6500743370031237,0.7031528841863413
2,dinov2,B0d,tau,0.13,15,0.6766136105947325,0.6500743370031237,0.7031528841863413
2,dinov2,B0d,tau,0.14,15,0.6766136105947325,0.6500743370031237,0.7031528841863413
2,dinov2,B0d,tau,0.15,15,0.6766136105947325,0.6500743370031237,0.7031528841863413
2,dinov2,B0d,tau,0.16,15,0.6766136105947325,0.6500743370031237,0.7031528841863413
2,dinov2,B0d,tau,0.17,15,0.6766136105947325,0.6500743370031237,0.7031528841863413
2,dinov2,B0d,tau,0.18,15,0.6766136105947325,0.6500743370031237,0.7031528841863413
2,dinov2,B0d,tau,0.19,15,0.6766136105947325,0.6500743370031237,0.7031528841863413
2,dinov2,B0d,tau,0.2,15,0.6766136105947325,0.6500743370031237,0.7031528841863413
2,dinov2,B0d,tau,0.21,15,0.6766136105947325,0.6500743370031237,0.7031528841863413
2,dinov2,B0d,tau,0.22,15,0.6766136105947325,0.6500743370031237,0.7031528841863413
2,dinov2,B0d,tau,0.23,15,0.6766136105947325,0.6500743370031237,0.7031528841863413
2,dinov2,B0d,tau,0.24,15,0.6766136105947325,0.6500743370031237,0.7031528841863413
2,dinov2,B0d,tau,0.25,15,0.6766136105947325,0.6500743370031237,0.7031528841863413
2,dinov2,B0d,tau,0.26,15,0.6766136105947325,0.6500743370031237,0.7031528841863413
2,dinov2,B0d,tau,0.27,15,0.6766136105947325,0.6500743370031237,0.7031528841863413
2,dinov2,B0d,tau,0.28,15,0.6766136105947325,0.6500743370031237,0.7031528841863413
2,dinov2,B0d,tau,0.29,15,0.6766136105947325,0.6500743370031237,0.7031528841863413
2,dinov2,B0d,tau,0.3,15,0.6766136105947325,0.6500743370031237,0.7031528841863413
2,dinov2,B0d,tau,0.31,15,0.6766136105947325,0.6500743370031237,0.7031528841863413
2,dinov2,B0d,tau,0.32,15,0.6766136105947325,0.6500743370031237,0.7031528841863413
2,dinov2,B0d,tau,0.33,15,0.6766136105947325,0.6500743370031237,0.7031528841863413
2,dinov2,B0d,tau,0.34,15,0.6766136105947325,0.6500743370031237,0.7031528841863413
2,dinov2,B0d,tau,0.35,15,0.6766136105947325,0.6500743370031237,0.7031528841863413
2,dinov2,B0d,tau,0.36,15,0.6766136105947325,0.6500743370031237,0.7031528841863413
2,dinov2,B0d,tau,0.37,15,0.6766136105947325,0.6500743370031237,0.7031528841863413
2,dinov2,B0d,tau,0.38,15,0.6766136105947325,0.6500743370031237,0.7031528841863413
2,dinov2,B0d,tau,0.39,15,0.6766136105947325,0.6500743370031237,0.7031528841863413
2,dinov2,B0d,tau,0.4,15,0.6766136105947325,0.6500743370031237,0.7031528841863413
2,dinov2,B0d,tau,0.41,15,0.6766136105947325,0.6500743370031237,0.7031528841863413
2,dinov2,B0d,tau,0.42,15,0.6759958601439784,0.6479059423183435,0.7040857779696132
2,dinov2,B0d,tau,0.43,15,0.6756637509320581,0.6471670757161544,0.7041604261479618
2,dinov2,B0d,tau,0.44,15,0.6754825335532108,0.6465017442423887,0.7044633228640328
2,dinov2,B0d,tau,0.45,15,0.6754825335532108,0.6465017442423887,0.7044633228640328
2,dinov2,B0d,tau,0.46,15,0.6754825335532108,0.6465017442423887,0.7044633228640328
2,dinov2,B0d,tau,0.47,15,0.6754825335532108,0.6465017442423887,0.7044633228640328
2,dinov2,B0d,tau,0.48,15,0.6754825335532108,0.6465017442423887,0.7044633228640328
2,dinov2,B0d,tau,0.49,15,0.6754825335532108,0.6465017442423887,0.7044633228640328
2,dinov2,B0d,tau,0.5,15,0.6754825335532108,0.6465017442423887,0.7044633228640328
2,dinov2,B0d,tau,0.51,15,0.6754825335532108,0.6465017442423887,0.7044633228640328
2,dinov2,B0d,tau,0.52,15,0.6754560440351958,0.6464415521249233,0.7044705359454683
2,dinov2,B0d,tau,0.53,15,0.6747404323546573,0.6453141275253017,0.7041667371840129
2,dinov2,B0d,tau,0.54,15,0.6739860118455329,0.6424356799748404,0.7055363437162253
2,dinov2,B0d,tau,0.55,15,0.6707588435336188,0.6327039904014214,0.7088136966658162
2,dinov2,B0d,tau,0.56,15,0.6707588435336188,0.6327039904014214,0.7088136966658162
2,dinov2,B0d,tau,0.57,15,0.6706822854349,0.6324470409478351,0.708917529921965
2,dinov2,B0d,tau,0.58,15,0.6693426112537807,0.6296673000539519,0.7090179224536095
2,dinov2,B0d,tau,0.59,15,0.6660253129496346,0.6229948123216685,0.7090558135776007
2,dinov2,B0d,tau,0.6,15,0.6660253129496346,0.6229948123216685,0.7090558135776007
2,dinov2,B0d,tau,0.61,15,0.6644793647169497,0.6211408178374104,0.707817911596489
2,dinov2,B0d,tau,0.62,15,0.6608558096124961,0.6132121306525267,0.7084994885724656
2,dinov2,B0d,tau,0.63,15,0.6608558096124961,0.6132121306525267,0.7084994885724656
2,dinov2,B0d,tau,0.64,15,0.6577087632582922,0.6105130997116717,0.7049044268049127
2,dinov2,B0d,tau,0.65,15,0.6564063469495579,0.6066165036417788,0.706196190257337
2,dinov2,B0d,tau,0.66,15,0.6540816151034285,0.6033840477267809,0.7047791824800762
2,dinov2,B0d,tau,0.67,15,0.6449150391415568,0.5672830890356767,0.7225469892474369
2,dinov2,B0d,tau,0.68,15,0.6447425562647761,0.5672593116882619,0.7222258008412902
2,dinov2,B0d,tau,0.69,15,0.6445565548934521,0.5670272605914872,0.722085849195417
2,dinov2,B0d,tau,0.7,15,0.6429294382145342,0.5596738590889369,0.7261850173401315
2,dinov2,B0d,tau,0.71,15,0.6366722346985809,0.5501071011858834,0.7232373682112785
2,dinov2,B0d,tau,0.72,15,0.6309816483027954,0.542860532722633,0.7191027638829577
2,dinov2,B0d,tau,0.73,15,0.6296985824560106,0.5416114438970376,0.7177857210149836
2,dinov2,B0d,tau,0.74,15,0.6169590435248462,0.5144969350239077,0.7194211520257847
2,dinov2,B0d,tau,0.75,15,0.6114927779177759,0.5070395405565995,0.7159460152789523
2,dinov2,B0d,tau,0.76,15,0.6048699641418307,0.5008288675719088,0.7089110607117526
2,dinov2,B0d,tau,0.77,14,0.6014658178890135,0.49219712944393657,0.7107345063340905
2,dinov2,B0d,tau,0.78,14,0.5901808169961792,0.4763648434936889,0.7039967904986695
2,dinov2,B0d,tau,0.79,14,0.588638750352176,0.47571304115709256,0.7015644595472595
2,dinov2,B0d,tau,0.8,13,0.5922754642175099,0.4772239758073791,0.7073269526276407
2,dinov2,B0d,tau,0.81,13,0.5853997566277458,0.4686876398423664,0.7021118734131252
2,dinov2,B0d,tau,0.82,12,0.5850671976058829,0.4609866925884496,0.7091477026233162
2,dinov2,B0d,tau,0.83,10,0.601488296431286,0.47049580652463907,0.7324807863379329
2,dinov2,B0d,tau,0.84,10,0.5931399129840045,0.47234244217372134,0.7139373837942876
2,dinov2,B0d,tau,0.85,8,0.5937560866386329,0.4473418997357077,0.7401702735415581
2,dinov2,B0d,tau,0.86,8,0.5883679206837442,0.44643786209255665,0.7302979792749318
2,dinov2,B0d,tau,0.87,8,0.5649631668177612,0.4426685951431725,0.6872577384923497
2,dinov2,B0d,tau,0.88,6,0.6034994798483132,0.5676066361077912,0.6393923235888352
2,dinov2,B0d,tau,0.89,5,0.5545333579584844,0.4353659343526173,0.6737007815643514
2,dinov2,B0d,tau,0.9,4,0.5489831377721859,0.3858846146169266,0.7120816609274452
2,dinov2,B0d,tau,0.91,4,0.537047438113252,0.3565911769797468,0.7175036992467572
2,dinov2,B0d,tau,0.92,4,0.525413772649611,0.3549436667844985,0.6958838785147234
2,dinov2,B0d,tau,0.93,4,0.5141427035249534,0.3186462051492613,0.7096392019006454
2,dinov2,B0d,tau,0.94,3,0.5114009830942926,0.29145360836266243,0.7313483578259228
2,dinov2,B0d,tau,0.95,3,0.5062814591382035,0.29158084038676385,0.7209820778896432
2,dinov2,B0d,tau,0.96,3,0.5062814591382035,0.29158084038676385,0.7209820778896432
2,dinov2,B0d,tau,0.97,1,0.5149114801748206,,
2,dinov2,B0d,tau,0.98,0,,,
2,dinov2,B0d,tau,0.99,0,,,
2,dinov2,B0d,tau,1.0,0,,,
2,dinov2,B0d,offset,0.0,15,0.6552183438200443,0.6298751203737867,0.6805615672663019
2,dinov2,B0d,offset,0.01,15,0.6552183438200443,0.6298751203737867,0.6805615672663019
2,dinov2,B0d,offset,0.02,15,0.6552183438200443,0.6298751203737867,0.6805615672663019
2,dinov2,B0d,offset,0.03,15,0.6552183438200443,0.6298751203737867,0.6805615672663019
2,dinov2,B0d,offset,0.04,15,0.6552183438200443,0.6298751203737867,0.6805615672663019
2,dinov2,B0d,offset,0.05,15,0.6552183438200443,0.6298751203737867,0.6805615672663019
2,dinov2,B0d,offset,0.06,15,0.6552183438200443,0.6298751203737867,0.6805615672663019
2,dinov2,B0d,offset,0.07,15,0.6552183438200443,0.6298751203737867,0.6805615672663019
2,dinov2,B0d,offset,0.08,15,0.6552183438200443,0.6298751203737867,0.6805615672663019
2,dinov2,B0d,offset,0.09,15,0.6552183438200443,0.6298751203737867,0.6805615672663019
2,dinov2,B0d,offset,0.1,15,0.6552183438200443,0.6298751203737867,0.6805615672663019
2,dinov2,B0d,offset,0.11,15,0.6552183438200443,0.6298751203737867,0.6805615672663019
2,dinov2,B0d,offset,0.12,15,0.6552183438200443,0.6298751203737867,0.6805615672663019
2,dinov2,B0d,offset,0.13,15,0.6552183438200443,0.6298751203737867,0.6805615672663019
2,dinov2,B0d,offset,0.14,15,0.6552183438200443,0.6298751203737867,0.6805615672663019
2,dinov2,B0d,offset,0.15,15,0.6552183438200443,0.6298751203737867,0.6805615672663019
2,dinov2,B0d,offset,0.16,15,0.6552183438200443,0.6298751203737867,0.6805615672663019
2,dinov2,B0d,offset,0.17,15,0.6552183438200443,0.6298751203737867,0.6805615672663019
2,dinov2,B0d,offset,0.18,15,0.6552183438200443,0.6298751203737867,0.6805615672663019
2,dinov2,B0d,offset,0.19,15,0.6552183438200443,0.6298751203737867,0.6805615672663019
2,dinov2,B0d,offset,0.2,15,0.6552183438200443,0.6298751203737867,0.6805615672663019
2,dinov2,B0d,offset,0.21,15,0.6552183438200443,0.6298751203737867,0.6805615672663019
2,dinov2,B0d,offset,0.22,15,0.6552183438200443,0.6298751203737867,0.6805615672663019
2,dinov2,B0d,offset,0.23,15,0.6552183438200443,0.6298751203737867,0.6805615672663019
2,dinov2,B0d,offset,0.24,15,0.6552183438200443,0.6298751203737867,0.6805615672663019
2,dinov2,B0d,offset,0.25,15,0.6552183438200443,0.6298751203737867,0.6805615672663019
2,dinov2,B0d,offset,0.26,15,0.6552183438200443,0.6298751203737867,0.6805615672663019
2,dinov2,B0d,offset,0.27,15,0.6552183438200443,0.6298751203737867,0.6805615672663019
2,dinov2,B0d,offset,0.28,15,0.6552183438200443,0.6298751203737867,0.6805615672663019
2,dinov2,B0d,offset,0.29,15,0.6552183438200443,0.6298751203737867,0.6805615672663019
2,dinov2,B0d,offset,0.3,15,0.6552183438200443,0.6298751203737867,0.6805615672663019
2,dinov2,B0d,offset,0.31,15,0.6552183438200443,0.6298751203737867,0.6805615672663019
2,dinov2,B0d,offset,0.32,15,0.6552183438200443,0.6298751203737867,0.6805615672663019
2,dinov2,B0d,offset,0.33,15,0.6552183438200443,0.6298751203737867,0.6805615672663019
2,dinov2,B0d,offset,0.34,15,0.6552183438200443,0.6298751203737867,0.6805615672663019
2,dinov2,B0d,offset,0.35,15,0.6552183438200443,0.6298751203737867,0.6805615672663019
2,dinov2,B0d,offset,0.36,15,0.6552183438200443,0.6298751203737867,0.6805615672663019
2,dinov2,B0d,offset,0.37,15,0.6552183438200443,0.6298751203737867,0.6805615672663019
2,dinov2,B0d,offset,0.38,15,0.6552183438200443,0.6298751203737867,0.6805615672663019
2,dinov2,B0d,offset,0.39,15,0.6552183438200443,0.6298751203737867,0.6805615672663019
2,dinov2,B0d,offset,0.4,15,0.6552183438200443,0.6298751203737867,0.6805615672663019
2,dinov2,B0d,offset,0.41,15,0.6552183438200443,0.6298751203737867,0.6805615672663019
2,dinov2,B0d,offset,0.42,15,0.6552183438200443,0.6298751203737867,0.6805615672663019
2,dinov2,B0d,offset,0.43,15,0.6552183438200443,0.6298751203737867,0.6805615672663019
2,dinov2,B0d,offset,0.44,15,0.6552183438200443,0.6298751203737867,0.6805615672663019
2,dinov2,B0d,offset,0.45,15,0.654978321770943,0.6295045692909534,0.6804520742509325
2,dinov2,B0d,offset,0.46,15,0.654978321770943,0.6295045692909534,0.6804520742509325
2,dinov2,B0d,offset,0.47,15,0.654978321770943,0.6295045692909534,0.6804520742509325
2,dinov2,B0d,offset,0.48,15,0.6541848261060569,0.62902744822511,0.6793422039870037
2,dinov2,B0d,offset,0.49,15,0.6540431899644207,0.6286764509848916,0.6794099289439498
2,dinov2,B0d,offset,0.5,15,0.6540431899644207,0.6286764509848916,0.6794099289439498
2,dinov2,B0d,offset,0.51,15,0.6524550714148664,0.6267126419664278,0.6781975008633049
2,dinov2,B0d,offset,0.52,15,0.6522987832585782,0.6263259638693959,0.6782716026477604
2,dinov2,B0d,offset,0.53,15,0.6509999524498826,0.6238248231196479,0.6781750817801173
2,dinov2,B0d,offset,0.54,15,0.6509999524498826,0.6238248231196479,0.6781750817801173
2,dinov2,B0d,offset,0.55,15,0.6509706484205786,0.6237544458182435,0.6781868510229138
2,dinov2,B0d,offset,0.56,15,0.6509706484205786,0.6237544458182435,0.6781868510229138
2,dinov2,B0d,offset,0.57,15,0.6502085216584519,0.6222222082963149,0.6781948350205889
2,dinov2,B0d,offset,0.58,15,0.6502085216584519,0.6222222082963149,0.6781948350205889
2,dinov2,B0d,offset,0.59,15,0.6495535885466369,0.6213547460629436,0.6777524310303302
2,dinov2,B0d,offset,0.6,15,0.6495535885466369,0.6213547460629436,0.6777524310303302
2,dinov2,B0d,offset,0.61,15,0.6488022663158189,0.6199249036451272,0.6776796289865107
2,dinov2,B0d,offset,0.62,15,0.648493559149969,0.6192191655879463,0.6777679527119916
2,dinov2,B0d,offset,0.63,15,0.648493559149969,0.6192191655879463,0.6777679527119916
2,dinov2,B0d,offset,0.64,15,0.6465659578563003,0.6139915652863802,0.6791403504262205
2,dinov2,B0d,offset,0.65,15,0.6451473068798922,0.611019284017079,0.6792753297427054
2,dinov2,B0d,offset,0.66,15,0.643948970888736,0.6068086882034879,0.6810892535739842
2,dinov2,B0d,offset,0.67,15,0.643039879792841,0.605722873458183,0.6803568861274991
2,dinov2,B0d,offset,0.68,15,0.6411236434120292,0.6018702353786292,0.6803770514454293
2,dinov2,B0d,offset,0.69,15,0.6400883431624215,0.5980443224384672,0.6821323638863758
2,dinov2,B0d,offset,0.7,15,0.6397306582451511,0.5978440110113673,0.6816173054789348
2,dinov2,B0d,offset,0.71,15,0.6397306582451511,0.5978440110113673,0.6816173054789348
2,dinov2,B0d,offset,0.72,15,0.6389174134961304,0.5971410180769715,0.6806938089152893
2,dinov2,B0d,offset,0.73,15,0.638374115694768,0.597151196237529,0.679597035152007
2,dinov2,B0d,offset,0.74,15,0.6360945587671715,0.5966466914868338,0.6755424260475091
2,dinov2,B0d,offset,0.75,15,0.6341193513004387,0.5926367954399864,0.6756019071608911
2,dinov2,B0d,offset,0.76,15,0.6321775896858685,0.5922296923238703,0.6721254870478666
2,dinov2,B0d,offset,0.77,15,0.6301437356844897,0.587891275060771,0.6723961963082083
2,dinov2,B0d,offset,0.78,15,0.6281361613593711,0.5844830947714128,0.6717892279473294
2,dinov2,B0d,offset,0.79,15,0.6251179367496563,0.5825158333897806,0.667720040109532
2,dinov2,B0d,offset,0.8,15,0.6248279022388742,0.5821492972519192,0.6675065072258292
2,dinov2,B0d,offset,0.81,15,0.6217903522830487,0.576836385244088,0.6667443193220094
2,dinov2,B0d,offset,0.82,15,0.6172597969554995,0.5732260664245722,0.6612935274864268
2,dinov2,B0d,offset,0.83,15,0.6144185384387977,0.5692141627574402,0.6596229141201552
2,dinov2,B0d,offset,0.84,15,0.6127582872180424,0.5684877198569227,0.657028854579162
2,dinov2,B0d,offset,0.85,15,0.6072802953555065,0.5610666663684831,0.65349392434253
2,dinov2,B0d,offset,0.86,15,0.6055164481001005,0.559423999331394,0.6516088968688071
2,dinov2,B0d,offset,0.87,15,0.5997993142592769,0.5545187037639963,0.6450799247545576
2,dinov2,B0d,offset,0.88,15,0.5978280870967402,0.5530330891790847,0.6426230850143957
2,dinov2,B0d,offset,0.89,15,0.597271692234239,0.5523191233209355,0.6422242611475426
2,dinov2,B0d,offset,0.9,15,0.5898076118473914,0.5448783137833701,0.6347369099114126
2,dinov2,B0d,offset,0.91,15,0.5853185519017993,0.542313787997967,0.6283233158056315
2,dinov2,B0d,offset,0.92,15,0.5794286604896225,0.5373500248088701,0.6215072961703749
2,dinov2,B0d,offset,0.93,15,0.5695376691011765,0.5216331530057071,0.617442185196646
2,dinov2,B0d,offset,0.94,15,0.5663590535937701,0.5189031077313491,0.6138149994561912
2,dinov2,B0d,offset,0.95,15,0.528460127178166,0.4672884243370198,0.5896318300193123
2,dinov2,B0d,offset,0.96,15,0.5217986562439231,0.4584927893706645,0.5851045231171816
2,dinov2,B0d,offset,0.97,15,0.508934949233727,0.4531163826755095,0.5647535157919444
2,dinov2,B0d,offset,0.98,15,0.4706314893524121,0.38334893883616705,0.5579140398686572
2,dinov2,B0d,offset,0.99,15,0.46518310094726917,0.38264036907500293,0.5477258328195355
2,dinov2,B0d,offset,1.0,15,0.46518310094726917,0.38264036907500293,0.5477258328195355
2,dinov2,B0d,union,0.0,15,0.6767087907694916,0.6503883813520723,0.703029200186911
2,dinov2,B0d,union,0.01,15,0.6767087907694916,0.6503883813520723,0.703029200186911
2,dinov2,B0d,union,0.02,15,0.6767087907694916,0.6503883813520723,0.703029200186911
2,dinov2,B0d,union,0.03,15,0.6767087907694916,0.6503883813520723,0.703029200186911
2,dinov2,B0d,union,0.04,15,0.6767087907694916,0.6503883813520723,0.703029200186911
2,dinov2,B0d,union,0.05,15,0.6767087907694916,0.6503883813520723,0.703029200186911
2,dinov2,B0d,union,0.06,15,0.6767087907694916,0.6503883813520723,0.703029200186911
2,dinov2,B0d,union,0.07,15,0.6767087907694916,0.6503883813520723,0.703029200186911
2,dinov2,B0d,union,0.08,15,0.6767087907694916,0.6503883813520723,0.703029200186911
2,dinov2,B0d,union,0.09,15,0.6767087907694916,0.6503883813520723,0.703029200186911
2,dinov2,B0d,union,0.1,15,0.6767087907694916,0.6503883813520723,0.703029200186911
2,dinov2,B0d,union,0.11,15,0.6767087907694916,0.6503883813520723,0.703029200186911
2,dinov2,B0d,union,0.12,15,0.6767087907694916,0.6503883813520723,0.703029200186911
2,dinov2,B0d,union,0.13,15,0.6767087907694916,0.6503883813520723,0.703029200186911
2,dinov2,B0d,union,0.14,15,0.6767087907694916,0.6503883813520723,0.703029200186911
2,dinov2,B0d,union,0.15,15,0.6767087907694916,0.6503883813520723,0.703029200186911
2,dinov2,B0d,union,0.16,15,0.6767087907694916,0.6503883813520723,0.703029200186911
2,dinov2,B0d,union,0.17,15,0.6767087907694916,0.6503883813520723,0.703029200186911
2,dinov2,B0d,union,0.18,15,0.6767087907694916,0.6503883813520723,0.703029200186911
2,dinov2,B0d,union,0.19,15,0.6767087907694916,0.6503883813520723,0.703029200186911
2,dinov2,B0d,union,0.2,15,0.6767087907694916,0.6503883813520723,0.703029200186911
2,dinov2,B0d,union,0.21,15,0.6767087907694916,0.6503883813520723,0.703029200186911
2,dinov2,B0d,union,0.22,15,0.6767087907694916,0.6503883813520723,0.703029200186911
2,dinov2,B0d,union,0.23,15,0.6767087907694916,0.6503883813520723,0.703029200186911
2,dinov2,B0d,union,0.24,15,0.6767087907694916,0.6503883813520723,0.703029200186911
2,dinov2,B0d,union,0.25,15,0.6767087907694916,0.6503883813520723,0.703029200186911
2,dinov2,B0d,union,0.26,15,0.6767087907694916,0.6503883813520723,0.703029200186911
2,dinov2,B0d,union,0.27,15,0.6767087907694916,0.6503883813520723,0.703029200186911
2,dinov2,B0d,union,0.28,15,0.6767087907694916,0.6503883813520723,0.703029200186911
2,dinov2,B0d,union,0.29,15,0.6767087907694916,0.6503883813520723,0.703029200186911
2,dinov2,B0d,union,0.3,15,0.6767087907694916,0.6503883813520723,0.703029200186911
2,dinov2,B0d,union,0.31,15,0.6767087907694916,0.6503883813520723,0.703029200186911
2,dinov2,B0d,union,0.32,15,0.6767087907694916,0.6503883813520723,0.703029200186911
2,dinov2,B0d,union,0.33,15,0.6767087907694916,0.6503883813520723,0.703029200186911
2,dinov2,B0d,union,0.34,15,0.6767087907694916,0.6503883813520723,0.703029200186911
2,dinov2,B0d,union,0.35,15,0.6767087907694916,0.6503883813520723,0.703029200186911
2,dinov2,B0d,union,0.36,15,0.6767087907694916,0.6503883813520723,0.703029200186911
2,dinov2,B0d,union,0.37,15,0.6767087907694916,0.6503883813520723,0.703029200186911
2,dinov2,B0d,union,0.38,15,0.6767087907694916,0.6503883813520723,0.703029200186911
2,dinov2,B0d,union,0.39,15,0.6767087907694916,0.6503883813520723,0.703029200186911
2,dinov2,B0d,union,0.4,15,0.6767087907694916,0.6503883813520723,0.703029200186911
2,dinov2,B0d,union,0.41,15,0.6767087907694916,0.6503883813520723,0.703029200186911
2,dinov2,B0d,union,0.42,15,0.6767087907694916,0.6503883813520723,0.703029200186911
2,dinov2,B0d,union,0.43,15,0.6763766815575711,0.6496087894533834,0.7031445736617589
2,dinov2,B0d,union,0.44,15,0.6763766815575711,0.6496087894533834,0.7031445736617589
2,dinov2,B0d,union,0.45,15,0.6763766815575711,0.6496087894533834,0.7031445736617589
2,dinov2,B0d,union,0.46,15,0.6763766815575711,0.6496087894533834,0.7031445736617589
2,dinov2,B0d,union,0.47,15,0.6763766815575711,0.6496087894533834,0.7031445736617589
2,dinov2,B0d,union,0.48,15,0.6763766815575711,0.6496087894533834,0.7031445736617589
2,dinov2,B0d,union,0.49,15,0.6763766815575711,0.6496087894533834,0.7031445736617589
2,dinov2,B0d,union,0.5,15,0.6763766815575711,0.6496087894533834,0.7031445736617589
2,dinov2,B0d,union,0.51,15,0.6763766815575711,0.6496087894533834,0.7031445736617589
2,dinov2,B0d,union,0.52,15,0.6763501920395563,0.6495444356810266,0.7031559483980859
2,dinov2,B0d,union,0.53,15,0.6756345803590178,0.6483469900902902,0.7029221706277454
2,dinov2,B0d,union,0.54,15,0.6756345803590178,0.6483469900902902,0.7029221706277454
2,dinov2,B0d,union,0.55,15,0.6739486053171106,0.6434028681002325,0.7044943425339888
2,dinov2,B0d,union,0.56,15,0.6739486053171106,0.6434028681002325,0.7044943425339888
2,dinov2,B0d,union,0.57,15,0.6731864785549838,0.6410894656266533,0.7052834914833144
2,dinov2,B0d,union,0.58,15,0.6720454757589764,0.6387386480376802,0.7053523034802727
2,dinov2,B0d,union,0.59,15,0.6698930645518151,0.6355900427903416,0.7041960863132886
2,dinov2,B0d,union,0.6,15,0.6698930645518151,0.6355900427903416,0.7041960863132886
2,dinov2,B0d,union,0.61,15,0.6686825641837991,0.6329775564078416,0.7043875719597567
2,dinov2,B0d,union,0.62,15,0.6679757141559265,0.6312420828209732,0.7047093454908798
2,dinov2,B0d,union,0.63,15,0.6679757141559265,0.6312420828209732,0.7047093454908798
2,dinov2,B0d,union,0.64,15,0.6652212601097912,0.6279373743075263,0.7025051459120562
2,dinov2,B0d,union,0.65,15,0.6638026091333831,0.6240995771645534,0.7035056411022127
2,dinov2,B0d,union,0.66,15,0.662450862233324,0.6218692263240139,0.703032498142634
2,dinov2,B0d,union,0.67,15,0.6615697339633191,0.6201942995758114,0.7029451683508268
2,dinov2,B0d,union,0.68,15,0.6594810147057265,0.6152554173439205,0.7037066120675325
2,dinov2,B0d,union,0.69,15,0.6594810147057265,0.6152554173439205,0.7037066120675325
2,dinov2,B0d,union,0.7,15,0.6594810147057265,0.6152554173439205,0.7037066120675325
2,dinov2,B0d,union,0.71,15,0.6580406233597277,0.6146781243589663,0.7014031223604891
2,dinov2,B0d,union,0.72,15,0.6580406233597277,0.6146781243589663,0.7014031223604891
2,dinov2,B0d,union,0.73,15,0.6576349555240618,0.6146177864047344,0.7006521246433892
2,dinov2,B0d,union,0.74,15,0.651542335799092,0.6017042448213177,0.7013804267768664
2,dinov2,B0d,union,0.75,15,0.6488740649470953,0.5974909418769184,0.7002571880172722
2,dinov2,B0d,union,0.76,15,0.6460742055208487,0.5968766084969428,0.6952718025447546
2,dinov2,B0d,union,0.77,15,0.6417615316395915,0.5903896749149123,0.6931333883642706
2,dinov2,B0d,union,0.78,15,0.6371594327760163,0.5844653374489668,0.6898535281030658
2,dinov2,B0d,union,0.79,15,0.6333406782074881,0.581492833911659,0.6851885225033172
2,dinov2,B0d,union,0.8,15,0.6321678147187344,0.5808411843269707,0.6834944451104981
2,dinov2,B0d,union,0.81,15,0.6292632374479463,0.5756931696041608,0.6828333052917318
2,dinov2,B0d,union,0.82,15,0.6264212195389598,0.5731440246816076,0.679698414396312
2,dinov2,B0d,union,0.83,15,0.6235799610222581,0.5685874316945652,0.678572490349951
2,dinov2,B0d,union,0.84,15,0.618874962765193,0.5709828173388235,0.6667671081915626
2,dinov2,B0d,union,0.85,15,0.6117711730882662,0.5620140331465426,0.6615283130299898
2,dinov2,B0d,union,0.86,15,0.608651714796117,0.5614030319194923,0.6559003976727418
2,dinov2,B0d,union,0.87,15,0.6022260704353269,0.5557241102015034,0.6487280306691505
2,dinov2,B0d,union,0.88,15,0.6014494312415718,0.5550050962926717,0.6478937661904719
2,dinov2,B0d,union,0.89,15,0.5993933927861986,0.5532942892594919,0.6454924963129054
2,dinov2,B0d,union,0.9,15,0.591929312399351,0.5453195544159489,0.638539070382753
2,dinov2,B0d,union,0.91,15,0.5874402524537587,0.5423518059752525,0.632528698932265
2,dinov2,B0d,union,0.92,15,0.5815503610415821,0.5369053389162947,0.6261953831668695
2,dinov2,B0d,union,0.93,15,0.5716593696531361,0.5208369722324957,0.6224817670737766
2,dinov2,B0d,union,0.94,15,0.5663590535937701,0.5189031077313491,0.6138149994561912
2,dinov2,B0d,union,0.95,15,0.528460127178166,0.4672884243370198,0.5896318300193123
2,dinov2,B0d,union,0.96,15,0.5217986562439231,0.4584927893706645,0.5851045231171816
2,dinov2,B0d,union,0.97,15,0.508934949233727,0.4531163826755095,0.5647535157919444
2,dinov2,B0d,union,0.98,15,0.4706314893524121,0.38334893883616705,0.5579140398686572
2,dinov2,B0d,union,0.99,15,0.46518310094726917,0.38264036907500293,0.5477258328195355
2,dinov2,B0d,union,1.0,15,0.46518310094726917,0.38264036907500293,0.5477258328195355
3,panderm,B0,tau,0.0,15,0.701528845805491,0.6821271436035614,0.7209305480074206
3,panderm,B0,tau,0.01,15,0.701528845805491,0.6821271436035614,0.7209305480074206
3,panderm,B0,tau,0.02,15,0.701528845805491,0.6821271436035614,0.7209305480074206
3,panderm,B0,tau,0.03,15,0.701528845805491,0.6821271436035614,0.7209305480074206
3,panderm,B0,tau,0.04,15,0.701528845805491,0.6821271436035614,0.7209305480074206
3,panderm,B0,tau,0.05,15,0.701528845805491,0.6821271436035614,0.7209305480074206
3,panderm,B0,tau,0.06,15,0.701528845805491,0.6821271436035614,0.7209305480074206
3,panderm,B0,tau,0.07,15,0.701528845805491,0.6821271436035614,0.7209305480074206
3,panderm,B0,tau,0.08,15,0.701528845805491,0.6821271436035614,0.7209305480074206
3,panderm,B0,tau,0.09,15,0.701528845805491,0.6821271436035614,0.7209305480074206
3,panderm,B0,tau,0.1,15,0.701528845805491,0.6821271436035614,0.7209305480074206
3,panderm,B0,tau,0.11,15,0.701528845805491,0.6821271436035614,0.7209305480074206
3,panderm,B0,tau,0.12,15,0.701528845805491,0.6821271436035614,0.7209305480074206
3,panderm,B0,tau,0.13,15,0.701528845805491,0.6821271436035614,0.7209305480074206
3,panderm,B0,tau,0.14,15,0.701528845805491,0.6821271436035614,0.7209305480074206
3,panderm,B0,tau,0.15,15,0.701528845805491,0.6821271436035614,0.7209305480074206
3,panderm,B0,tau,0.16,15,0.701528845805491,0.6821271436035614,0.7209305480074206
3,panderm,B0,tau,0.17,15,0.701528845805491,0.6821271436035614,0.7209305480074206
3,panderm,B0,tau,0.18,15,0.701528845805491,0.6821271436035614,0.7209305480074206
3,panderm,B0,tau,0.19,15,0.701528845805491,0.6821271436035614,0.7209305480074206
3,panderm,B0,tau,0.2,15,0.701528845805491,0.6821271436035614,0.7209305480074206
3,panderm,B0,tau,0.21,15,0.701528845805491,0.6821271436035614,0.7209305480074206
3,panderm,B0,tau,0.22,15,0.701528845805491,0.6821271436035614,0.7209305480074206
3,panderm,B0,tau,0.23,15,0.701528845805491,0.6821271436035614,0.7209305480074206
3,panderm,B0,tau,0.24,15,0.701528845805491,0.6821271436035614,0.7209305480074206
3,panderm,B0,tau,0.25,15,0.701528845805491,0.6821271436035614,0.7209305480074206
3,panderm,B0,tau,0.26,15,0.701528845805491,0.6821271436035614,0.7209305480074206
3,panderm,B0,tau,0.27,15,0.701528845805491,0.6821271436035614,0.7209305480074206
3,panderm,B0,tau,0.28,15,0.701528845805491,0.6821271436035614,0.7209305480074206
3,panderm,B0,tau,0.29,15,0.701528845805491,0.6821271436035614,0.7209305480074206
3,panderm,B0,tau,0.3,15,0.701528845805491,0.6821271436035614,0.7209305480074206
3,panderm,B0,tau,0.31,15,0.701528845805491,0.6821271436035614,0.7209305480074206
3,panderm,B0,tau,0.32,15,0.701528845805491,0.6821271436035614,0.7209305480074206
3,panderm,B0,tau,0.33,15,0.701528845805491,0.6821271436035614,0.7209305480074206
3,panderm,B0,tau,0.34,15,0.701528845805491,0.6821271436035614,0.7209305480074206
3,panderm,B0,tau,0.35,15,0.701528845805491,0.6821271436035614,0.7209305480074206
3,panderm,B0,tau,0.36,15,0.701528845805491,0.6821271436035614,0.7209305480074206
3,panderm,B0,tau,0.37,15,0.701528845805491,0.6821271436035614,0.7209305480074206
3,panderm,B0,tau,0.38,15,0.701528845805491,0.6821271436035614,0.7209305480074206
3,panderm,B0,tau,0.39,15,0.701528845805491,0.6821271436035614,0.7209305480074206
3,panderm,B0,tau,0.4,15,0.701528845805491,0.6821271436035614,0.7209305480074206
3,panderm,B0,tau,0.41,15,0.701528845805491,0.6821271436035614,0.7209305480074206
3,panderm,B0,tau,0.42,15,0.701528845805491,0.6821271436035614,0.7209305480074206
3,panderm,B0,tau,0.43,15,0.7013262749688206,0.6814327928719985,0.7212197570656427
3,panderm,B0,tau,0.44,15,0.7013262749688206,0.6814327928719985,0.7212197570656427
3,panderm,B0,tau,0.45,15,0.7013262749688206,0.6814327928719985,0.7212197570656427
3,panderm,B0,tau,0.46,15,0.7013262749688206,0.6814327928719985,0.7212197570656427
3,panderm,B0,tau,0.47,15,0.7013262749688206,0.6814327928719985,0.7212197570656427
3,panderm,B0,tau,0.48,15,0.7013262749688206,0.6814327928719985,0.7212197570656427
3,panderm,B0,tau,0.49,15,0.7013262749688206,0.6814327928719985,0.7212197570656427
3,panderm,B0,tau,0.5,15,0.7013262749688206,0.6814327928719985,0.7212197570656427
3,panderm,B0,tau,0.51,15,0.7013262749688206,0.6814327928719985,0.7212197570656427
3,panderm,B0,tau,0.52,15,0.7013262749688206,0.6814327928719985,0.7212197570656427
3,panderm,B0,tau,0.53,15,0.7013262749688206,0.6814327928719985,0.7212197570656427
3,panderm,B0,tau,0.54,15,0.7013262749688206,0.6814327928719985,0.7212197570656427
3,panderm,B0,tau,0.55,15,0.7013262749688206,0.6814327928719985,0.7212197570656427
3,panderm,B0,tau,0.56,15,0.7009516560876512,0.6813139950781513,0.7205893170971511
3,panderm,B0,tau,0.57,15,0.7009516560876512,0.6813139950781513,0.7205893170971511
3,panderm,B0,tau,0.58,15,0.7002042052971738,0.6784882221398606,0.7219201884544869
3,panderm,B0,tau,0.59,15,0.7002042052971738,0.6784882221398606,0.7219201884544869
3,panderm,B0,tau,0.6,15,0.7002042052971738,0.6784882221398606,0.7219201884544869
3,panderm,B0,tau,0.61,15,0.6986869323490094,0.6756371943571964,0.7217366703408223
3,panderm,B0,tau,0.62,15,0.6980780904604952,0.6751142638466748,0.7210419170743155
3,panderm,B0,tau,0.63,15,0.6980780904604952,0.6751142638466748,0.7210419170743155
3,panderm,B0,tau,0.64,15,0.697158166276908,0.672658474825395,0.721657857728421
3,panderm,B0,tau,0.65,15,0.6955987739172522,0.6704892647995137,0.7207082830349908
3,panderm,B0,tau,0.66,15,0.6938898624693041,0.6684502442591029,0.7193294806795052
3,panderm,B0,tau,0.67,15,0.6905862494911427,0.6631490950474929,0.7180234039347925
3,panderm,B0,tau,0.68,15,0.6885142338279846,0.6596458716514534,0.7173825960045158
3,panderm,B0,tau,0.69,14,0.689960895258135,0.6599421191675539,0.7199796713487161
3,panderm,B0,tau,0.7,14,0.6888315202587363,0.6592251532285249,0.7184378872889476
3,panderm,B0,tau,0.71,13,0.6896983988470874,0.6601869495807902,0.7192098481133846
3,panderm,B0,tau,0.72,13,0.6834506997076779,0.6417478396207785,0.7251535597945773
3,panderm,B0,tau,0.73,13,0.677813562916386,0.6294356286774371,0.7261914971553348
3,panderm,B0,tau,0.74,13,0.6745977131452795,0.6220505486316629,0.7271448776588961
3,panderm,B0,tau,0.75,12,0.6699035754407353,0.6185369998090767,0.7212701510723939
3,panderm,B0,tau,0.76,12,0.6629057473830301,0.5951543903619386,0.7306571044041216
3,panderm,B0,tau,0.77,12,0.6557271632935991,0.5880068731910653,0.723447453396133
3,panderm,B0,tau,0.78,12,0.6525635699064972,0.5868782915614905,0.7182488482515039
3,panderm,B0,tau,0.79,11,0.6526409412256412,0.5936192790396513,0.7116626034116311
3,panderm,B0,tau,0.8,11,0.6484268481182901,0.5906735797750985,0.7061801164614817
3,panderm,B0,tau,0.81,11,0.6477718786654572,0.5912381477170459,0.7043056096138685
3,panderm,B0,tau,0.82,11,0.6300591440054663,0.5405767334896975,0.719541554521235
3,panderm,B0,tau,0.83,11,0.6152388991747623,0.5229816115659253,0.7074961867835993
3,panderm,B0,tau,0.84,11,0.6093362641394828,0.5216297786852218,0.6970427495937439
3,panderm,B0,tau,0.85,9,0.6168285874681239,0.5468072323909365,0.6868499425453112
3,panderm,B0,tau,0.86,7,0.6323240864570524,0.5652001081219171,0.6994480647921877
3,panderm,B0,tau,0.87,5,0.6064032569134611,0.4761453998045613,0.7366611140223609
3,panderm,B0,tau,0.88,5,0.5744073956863999,0.5109374315404136,0.6378773598323861
3,panderm,B0,tau,0.89,4,0.5780451196169357,0.5136373804988577,0.6424528587350138
3,panderm,B0,tau,0.9,4,0.5732061759235644,0.5011929421445772,0.6452194097025515
3,panderm,B0,tau,0.91,2,0.546058025583362,0.4836287337957321,0.6084873173709919
3,panderm,B0,tau,0.92,2,0.546058025583362,0.4836287337957321,0.6084873173709919
3,panderm,B0,tau,0.93,2,0.5201289969986758,0.274624378735176,0.7656336152621755
3,panderm,B0,tau,0.94,2,0.5201289969986758,0.274624378735176,0.7656336152621755
3,panderm,B0,tau,0.95,1,0.5043529501324263,,
3,panderm,B0,tau,0.96,1,0.5043529501324263,,
3,panderm,B0,tau,0.97,0,,,
3,panderm,B0,tau,0.98,0,,,
3,panderm,B0,tau,0.99,0,,,
3,panderm,B0,tau,1.0,0,,,
3,panderm,B0,offset,0.0,15,0.6781724699419587,0.6559859316161677,0.7003590082677497
3,panderm,B0,offset,0.01,15,0.6781724699419587,0.6559859316161677,0.7003590082677497
3,panderm,B0,offset,0.02,15,0.6781724699419587,0.6559859316161677,0.7003590082677497
3,panderm,B0,offset,0.03,15,0.6781724699419587,0.6559859316161677,0.7003590082677497
3,panderm,B0,offset,0.04,15,0.6781724699419587,0.6559859316161677,0.7003590082677497
3,panderm,B0,offset,0.05,15,0.6781724699419587,0.6559859316161677,0.7003590082677497
3,panderm,B0,offset,0.06,15,0.6781724699419587,0.6559859316161677,0.7003590082677497
3,panderm,B0,offset,0.07,15,0.6781724699419587,0.6559859316161677,0.7003590082677497
3,panderm,B0,offset,0.08,15,0.6781724699419587,0.6559859316161677,0.7003590082677497
3,panderm,B0,offset,0.09,15,0.6781724699419587,0.6559859316161677,0.7003590082677497
3,panderm,B0,offset,0.1,15,0.6781724699419587,0.6559859316161677,0.7003590082677497
3,panderm,B0,offset,0.11,15,0.6781724699419587,0.6559859316161677,0.7003590082677497
3,panderm,B0,offset,0.12,15,0.6781724699419587,0.6559859316161677,0.7003590082677497
3,panderm,B0,offset,0.13,15,0.6781724699419587,0.6559859316161677,0.7003590082677497
3,panderm,B0,offset,0.14,15,0.6781724699419587,0.6559859316161677,0.7003590082677497
3,panderm,B0,offset,0.15,15,0.6781724699419587,0.6559859316161677,0.7003590082677497
3,panderm,B0,offset,0.16,15,0.6781724699419587,0.6559859316161677,0.7003590082677497
3,panderm,B0,offset,0.17,15,0.6781724699419587,0.6559859316161677,0.7003590082677497
3,panderm,B0,offset,0.18,15,0.6781724699419587,0.6559859316161677,0.7003590082677497
3,panderm,B0,offset,0.19,15,0.6781724699419587,0.6559859316161677,0.7003590082677497
3,panderm,B0,offset,0.2,15,0.6781724699419587,0.6559859316161677,0.7003590082677497
3,panderm,B0,offset,0.21,15,0.6781724699419587,0.6559859316161677,0.7003590082677497
3,panderm,B0,offset,0.22,15,0.6781724699419587,0.6559859316161677,0.7003590082677497
3,panderm,B0,offset,0.23,15,0.6781724699419587,0.6559859316161677,0.7003590082677497
3,panderm,B0,offset,0.24,15,0.6781724699419587,0.6559859316161677,0.7003590082677497
3,panderm,B0,offset,0.25,15,0.6781724699419587,0.6559859316161677,0.7003590082677497
3,panderm,B0,offset,0.26,15,0.6781724699419587,0.6559859316161677,0.7003590082677497
3,panderm,B0,offset,0.27,15,0.6781724699419587,0.6559859316161677,0.7003590082677497
3,panderm,B0,offset,0.28,15,0.6781724699419587,0.6559859316161677,0.7003590082677497
3,panderm,B0,offset,0.29,15,0.6781724699419587,0.6559859316161677,0.7003590082677497
3,panderm,B0,offset,0.3,15,0.6781724699419587,0.6559859316161677,0.7003590082677497
3,panderm,B0,offset,0.31,15,0.6781724699419587,0.6559859316161677,0.7003590082677497
3,panderm,B0,offset,0.32,15,0.6781724699419587,0.6559859316161677,0.7003590082677497
3,panderm,B0,offset,0.33,15,0.6781724699419587,0.6559859316161677,0.7003590082677497
3,panderm,B0,offset,0.34,15,0.6781724699419587,0.6559859316161677,0.7003590082677497
3,panderm,B0,offset,0.35,15,0.6781724699419587,0.6559859316161677,0.7003590082677497
3,panderm,B0,offset,0.36,15,0.6781724699419587,0.6559859316161677,0.7003590082677497
3,panderm,B0,offset,0.37,15,0.6781724699419587,0.6559859316161677,0.7003590082677497
3,panderm,B0,offset,0.38,15,0.6781724699419587,0.6559859316161677,0.7003590082677497
3,panderm,B0,offset,0.39,15,0.6781724699419587,0.6559859316161677,0.7003590082677497
3,panderm,B0,offset,0.4,15,0.6781724699419587,0.6559859316161677,0.7003590082677497
3,panderm,B0,offset,0.41,15,0.6781724699419587,0.6559859316161677,0.7003590082677497
3,panderm,B0,offset,0.42,15,0.6781724699419587,0.6559859316161677,0.7003590082677497
3,panderm,B0,offset,0.43,15,0.6781724699419587,0.6559859316161677,0.7003590082677497
3,panderm,B0,offset,0.44,15,0.6781724699419587,0.6559859316161677,0.7003590082677497
3,panderm,B0,offset,0.45,15,0.6781724699419587,0.6559859316161677,0.7003590082677497
3,panderm,B0,offset,0.46,15,0.6781724699419587,0.6559859316161677,0.7003590082677497
3,panderm,B0,offset,0.47,15,0.6781724699419587,0.6559859316161677,0.7003590082677497
3,panderm,B0,offset,0.48,15,0.6781724699419587,0.6559859316161677,0.7003590082677497
3,panderm,B0,offset,0.49,15,0.6776767920269259,0.6557813028304236,0.6995722812234282
3,panderm,B0,offset,0.5,15,0.6776767920269259,0.6557813028304236,0.6995722812234282
3,panderm,B0,offset,0.51,15,0.677649636225334,0.6557082528235564,0.6995910196271117
3,panderm,B0,offset,0.52,15,0.6762998496597364,0.6534667878517363,0.6991329114677366
3,panderm,B0,offset,0.53,15,0.6762998496597364,0.6534667878517363,0.6991329114677366
3,panderm,B0,offset,0.54,15,0.6762998496597364,0.6534667878517363,0.6991329114677366
3,panderm,B0,offset,0.55,15,0.6762998496597364,0.6534667878517363,0.6991329114677366
3,panderm,B0,offset,0.56,15,0.674465387262869,0.6534248106374752,0.6955059638882628
3,panderm,B0,offset,0.57,15,0.674465387262869,0.6534248106374752,0.6955059638882628
3,panderm,B0,offset,0.58,15,0.674465387262869,0.6534248106374752,0.6955059638882628
3,panderm,B0,offset,0.59,15,0.6744372430774487,0.6534401598586507,0.6954343262962467
3,panderm,B0,offset,0.6,15,0.6744372430774487,0.6534401598586507,0.6954343262962467
3,panderm,B0,offset,0.61,15,0.6724992557601751,0.647038744304429,0.6979597672159212
3,panderm,B0,offset,0.62,15,0.6724578096566555,0.6469397185246061,0.6979759007887049
3,panderm,B0,offset,0.63,15,0.6724578096566555,0.6469397185246061,0.6979759007887049
3,panderm,B0,offset,0.64,15,0.6721497463708112,0.6464715301765506,0.6978279625650717
3,panderm,B0,offset,0.65,15,0.670763316265133,0.6466469266687044,0.6948797058615616
3,panderm,B0,offset,0.66,15,0.670763316265133,0.6466469266687044,0.6948797058615616
3,panderm,B0,offset,0.67,15,0.670763316265133,0.6466469266687044,0.6948797058615616
3,panderm,B0,offset,0.68,15,0.6691994787080867,0.645163071217226,0.6932358861989474
3,panderm,B0,offset,0.69,15,0.6676378892909756,0.6411624014040219,0.6941133771779292
3,panderm,B0,offset,0.7,15,0.6662319693176204,0.6381591315588004,0.6943048070764404
3,panderm,B0,offset,0.71,15,0.6645201927285275,0.6346835675263478,0.6943568179307071
3,panderm,B0,offset,0.72,15,0.6572314760992071,0.6207874172801082,0.6936755349183059
3,panderm,B0,offset,0.73,15,0.6559227091374582,0.6198715102793737,0.6919739079955427
3,panderm,B0,offset,0.74,15,0.6540423851970422,0.618425748496543,0.6896590218975414
3,panderm,B0,offset,0.75,15,0.6532740854553839,0.6185897269095607,0.6879584440012071
3,panderm,B0,offset,0.76,15,0.6518629298578823,0.6161441412991068,0.6875817184166578
3,panderm,B0,offset,0.77,15,0.6494559474027292,0.6127742439860064,0.6861376508194519
3,panderm,B0,offset,0.78,15,0.6487159110382407,0.611641350194642,0.6857904718818393
3,panderm,B0,offset,0.79,15,0.6468988163570282,0.6083327869610076,0.6854648457530488
3,panderm,B0,offset,0.8,15,0.6447341949523883,0.6017513779285397,0.6877170119762368
3,panderm,B0,offset,0.81,15,0.6426715929550674,0.6003437675320938,0.6849994183780409
3,panderm,B0,offset,0.82,15,0.6394183888552954,0.5947011992034023,0.6841355785071886
3,panderm,B0,offset,0.83,15,0.6384073998443064,0.5948851450077377,0.6819296546808751
3,panderm,B0,offset,0.84,15,0.6380756290806348,0.594730722533974,0.6814205356272955
3,panderm,B0,offset,0.85,15,0.6319014537323421,0.586195678800444,0.6776072286642402
3,panderm,B0,offset,0.86,15,0.629737839568728,0.5853586922842615,0.6741169868531944
3,panderm,B0,offset,0.87,15,0.6237722880191414,0.5795200764744055,0.6680244995638773
3,panderm,B0,offset,0.88,15,0.6094788332220963,0.5501921053983017,0.6687655610458909
3,panderm,B0,offset,0.89,15,0.6021330559979318,0.5414743313404927,0.6627917806553708
3,panderm,B0,offset,0.9,15,0.6001270002168864,0.5384896125768555,0.6617643878569173
3,panderm,B0,offset,0.91,15,0.5929507523700249,0.5334649508190534,0.6524365539209964
3,panderm,B0,offset,0.92,15,0.5860996441850185,0.5290247630545002,0.6431745253155368
3,panderm,B0,offset,0.93,15,0.5774807478272943,0.5147210191161402,0.6402404765384484
3,panderm,B0,offset,0.94,15,0.5737404243490352,0.5125400122540275,0.6349408364440429
3,panderm,B0,offset,0.95,15,0.5465471710376503,0.4658795084851567,0.6272148335901438
3,panderm,B0,offset,0.96,15,0.5410375435021603,0.45793584544711596,0.6241392415572046
3,panderm,B0,offset,0.97,15,0.5342401400499147,0.45392482206223456,0.6145554580375948
3,panderm,B0,offset,0.98,15,0.4883728218789978,0.3702619516849545,0.606483692073041
3,panderm,B0,offset,0.99,15,0.48669776912365925,0.3690176025978462,0.6043779356494723
3,panderm,B0,offset,1.0,15,0.48669776912365925,0.3690176025978462,0.6043779356494723
3,panderm,B0,union,0.0,15,0.701528845805491,0.6821271436035614,0.7209305480074206
3,panderm,B0,union,0.01,15,0.701528845805491,0.6821271436035614,0.7209305480074206
3,panderm,B0,union,0.02,15,0.701528845805491,0.6821271436035614,0.7209305480074206
3,panderm,B0,union,0.03,15,0.701528845805491,0.6821271436035614,0.7209305480074206
3,panderm,B0,union,0.04,15,0.701528845805491,0.6821271436035614,0.7209305480074206
3,panderm,B0,union,0.05,15,0.701528845805491,0.6821271436035614,0.7209305480074206
3,panderm,B0,union,0.06,15,0.701528845805491,0.6821271436035614,0.7209305480074206
3,panderm,B0,union,0.07,15,0.701528845805491,0.6821271436035614,0.7209305480074206
3,panderm,B0,union,0.08,15,0.701528845805491,0.6821271436035614,0.7209305480074206
3,panderm,B0,union,0.09,15,0.701528845805491,0.6821271436035614,0.7209305480074206
3,panderm,B0,union,0.1,15,0.701528845805491,0.6821271436035614,0.7209305480074206
3,panderm,B0,union,0.11,15,0.701528845805491,0.6821271436035614,0.7209305480074206
3,panderm,B0,union,0.12,15,0.701528845805491,0.6821271436035614,0.7209305480074206
3,panderm,B0,union,0.13,15,0.701528845805491,0.6821271436035614,0.7209305480074206
3,panderm,B0,union,0.14,15,0.701528845805491,0.6821271436035614,0.7209305480074206
3,panderm,B0,union,0.15,15,0.701528845805491,0.6821271436035614,0.7209305480074206
3,panderm,B0,union,0.16,15,0.701528845805491,0.6821271436035614,0.7209305480074206
3,panderm,B0,union,0.17,15,0.701528845805491,0.6821271436035614,0.7209305480074206
3,panderm,B0,union,0.18,15,0.701528845805491,0.6821271436035614,0.7209305480074206
3,panderm,B0,union,0.19,15,0.701528845805491,0.6821271436035614,0.7209305480074206
3,panderm,B0,union,0.2,15,0.701528845805491,0.6821271436035614,0.7209305480074206
3,panderm,B0,union,0.21,15,0.701528845805491,0.6821271436035614,0.7209305480074206
3,panderm,B0,union,0.22,15,0.701528845805491,0.6821271436035614,0.7209305480074206
3,panderm,B0,union,0.23,15,0.701528845805491,0.6821271436035614,0.7209305480074206
3,panderm,B0,union,0.24,15,0.701528845805491,0.6821271436035614,0.7209305480074206
3,panderm,B0,union,0.25,15,0.701528845805491,0.6821271436035614,0.7209305480074206
3,panderm,B0,union,0.26,15,0.701528845805491,0.6821271436035614,0.7209305480074206
3,panderm,B0,union,0.27,15,0.701528845805491,0.6821271436035614,0.7209305480074206
3,panderm,B0,union,0.28,15,0.701528845805491,0.6821271436035614,0.7209305480074206
3,panderm,B0,union,0.29,15,0.701528845805491,0.6821271436035614,0.7209305480074206
3,panderm,B0,union,0.3,15,0.701528845805491,0.6821271436035614,0.7209305480074206
3,panderm,B0,union,0.31,15,0.701528845805491,0.6821271436035614,0.7209305480074206
3,panderm,B0,union,0.32,15,0.701528845805491,0.6821271436035614,0.7209305480074206
3,panderm,B0,union,0.33,15,0.701528845805491,0.6821271436035614,0.7209305480074206
3,panderm,B0,union,0.34,15,0.701528845805491,0.6821271436035614,0.7209305480074206
3,panderm,B0,union,0.35,15,0.701528845805491,0.6821271436035614,0.7209305480074206
3,panderm,B0,union,0.36,15,0.701528845805491,0.6821271436035614,0.7209305480074206
3,panderm,B0,union,0.37,15,0.701528845805491,0.6821271436035614,0.7209305480074206
3,panderm,B0,union,0.38,15,0.701528845805491,0.6821271436035614,0.7209305480074206
3,panderm,B0,union,0.39,15,0.701528845805491,0.6821271436035614,0.7209305480074206
3,panderm,B0,union,0.4,15,0.701528845805491,0.6821271436035614,0.7209305480074206
3,panderm,B0,union,0.41,15,0.701528845805491,0.6821271436035614,0.7209305480074206
3,panderm,B0,union,0.42,15,0.701528845805491,0.6821271436035614,0.7209305480074206
3,panderm,B0,union,0.43,15,0.7013262749688206,0.6814327928719985,0.7212197570656427
3,panderm,B0,union,0.44,15,0.7013262749688206,0.6814327928719985,0.7212197570656427
3,panderm,B0,union,0.45,15,0.7013262749688206,0.6814327928719985,0.7212197570656427
3,panderm,B0,union,0.46,15,0.7013262749688206,0.6814327928719985,0.7212197570656427
3,panderm,B0,union,0.47,15,0.7013262749688206,0.6814327928719985,0.7212197570656427
3,panderm,B0,union,0.48,15,0.7013262749688206,0.6814327928719985,0.7212197570656427
3,panderm,B0,union,0.49,15,0.7013262749688206,0.6814327928719985,0.7212197570656427
3,panderm,B0,union,0.5,15,0.7013262749688206,0.6814327928719985,0.7212197570656427
3,panderm,B0,union,0.51,15,0.7013262749688206,0.6814327928719985,0.7212197570656427
3,panderm,B0,union,0.52,15,0.7013262749688206,0.6814327928719985,0.7212197570656427
3,panderm,B0,union,0.53,15,0.7013262749688206,0.6814327928719985,0.7212197570656427
3,panderm,B0,union,0.54,15,0.7013262749688206,0.6814327928719985,0.7212197570656427
3,panderm,B0,union,0.55,15,0.7013262749688206,0.6814327928719985,0.7212197570656427
3,panderm,B0,union,0.56,15,0.7009516560876512,0.6813139950781513,0.7205893170971511
3,panderm,B0,union,0.57,15,0.7009516560876512,0.6813139950781513,0.7205893170971511
3,panderm,B0,union,0.58,15,0.7002042052971738,0.6784882221398606,0.7219201884544869
3,panderm,B0,union,0.59,15,0.7002042052971738,0.6784882221398606,0.7219201884544869
3,panderm,B0,union,0.6,15,0.7002042052971738,0.6784882221398606,0.7219201884544869
3,panderm,B0,union,0.61,15,0.6986869323490094,0.6756371943571964,0.7217366703408223
3,panderm,B0,union,0.62,15,0.6980780904604952,0.6751142638466748,0.7210419170743155
3,panderm,B0,union,0.63,15,0.6980780904604952,0.6751142638466748,0.7210419170743155
3,panderm,B0,union,0.64,15,0.697158166276908,0.672658474825395,0.721657857728421
3,panderm,B0,union,0.65,15,0.6956903845012228,0.6706597659473499,0.7207210030550957
3,panderm,B0,union,0.66,15,0.6939814730532745,0.6686100860845509,0.7193528600219982
3,panderm,B0,union,0.67,15,0.6922443179470453,0.6668462048583931,0.7176424310356976
3,panderm,B0,union,0.68,15,0.6909426680513492,0.6646786709910582,0.7172066651116402
3,panderm,B0,union,0.69,15,0.6890300630923442,0.6585340822584618,0.7195260439262265
3,panderm,B0,union,0.7,15,0.68784743504318,0.6577181086497541,0.7179767614366059
3,panderm,B0,union,0.71,15,0.6868708046525269,0.6562552153668173,0.7174863939382365
3,panderm,B0,union,0.72,15,0.6806283748981523,0.6414061074879647,0.71985064230834
3,panderm,B0,union,0.73,15,0.6770683383143247,0.6353850473554412,0.7187516292732081
3,panderm,B0,union,0.74,15,0.6725259859747158,0.6264119487068817,0.7186400232425499
3,panderm,B0,union,0.75,15,0.6644259765634544,0.6187107349917129,0.7101412181351958
3,panderm,B0,union,0.76,15,0.662529567857783,0.6158354975687385,0.7092236381468277
3,panderm,B0,union,0.77,15,0.6579785713364357,0.6118920141123894,0.704065128560482
3,panderm,B0,union,0.78,15,0.6561540711051524,0.610584253550889,0.7017238886594159
3,panderm,B0,union,0.79,15,0.654035358336008,0.6108806807087088,0.6971900359633072
3,panderm,B0,union,0.8,15,0.6518707369313682,0.6042185508130421,0.6995229230496943
3,panderm,B0,union,0.81,15,0.6513904259992906,0.6045893697202898,0.6981914822782915
3,panderm,B0,union,0.82,15,0.646279272542872,0.5960731566331958,0.6964853884525481
3,panderm,B0,union,0.83,15,0.6434884092810619,0.594958003102829,0.6920188154592948
3,panderm,B0,union,0.84,15,0.6410827515747308,0.5952753075062104,0.6868901956432513
3,panderm,B0,union,0.85,15,0.6367104730045574,0.5892412055676411,0.6841797404414737
3,panderm,B0,union,0.86,15,0.6345468588409432,0.5880033199450287,0.6810903977368576
3,panderm,B0,union,0.87,15,0.6275294665923845,0.5798545954929611,0.6752043376918079
3,panderm,B0,union,0.88,15,0.6094788332220963,0.5501921053983017,0.6687655610458909
3,panderm,B0,union,0.89,15,0.6021330559979318,0.5414743313404927,0.6627917806553708
3,panderm,B0,union,0.9,15,0.6001270002168864,0.5384896125768555,0.6617643878569173
3,panderm,B0,union,0.91,15,0.5929507523700249,0.5334649508190534,0.6524365539209964
3,panderm,B0,union,0.92,15,0.5860996441850185,0.5290247630545002,0.6431745253155368
3,panderm,B0,union,0.93,15,0.5774807478272943,0.5147210191161402,0.6402404765384484
3,panderm,B0,union,0.94,15,0.5737404243490352,0.5125400122540275,0.6349408364440429
3,panderm,B0,union,0.95,15,0.5465471710376503,0.4658795084851567,0.6272148335901438
3,panderm,B0,union,0.96,15,0.5410375435021603,0.45793584544711596,0.6241392415572046
3,panderm,B0,union,0.97,15,0.5342401400499147,0.45392482206223456,0.6145554580375948
3,panderm,B0,union,0.98,15,0.4883728218789978,0.3702619516849545,0.606483692073041
3,panderm,B0,union,0.99,15,0.48669776912365925,0.3690176025978462,0.6043779356494723
3,panderm,B0,union,1.0,15,0.48669776912365925,0.3690176025978462,0.6043779356494723
3,dinov2,B0d,tau,0.0,15,0.675751792087077,0.6518429764702434,0.6996606077039107
3,dinov2,B0d,tau,0.01,15,0.675751792087077,0.6518429764702434,0.6996606077039107
3,dinov2,B0d,tau,0.02,15,0.675751792087077,0.6518429764702434,0.6996606077039107
3,dinov2,B0d,tau,0.03,15,0.675751792087077,0.6518429764702434,0.6996606077039107
3,dinov2,B0d,tau,0.04,15,0.675751792087077,0.6518429764702434,0.6996606077039107
3,dinov2,B0d,tau,0.05,15,0.675751792087077,0.6518429764702434,0.6996606077039107
3,dinov2,B0d,tau,0.06,15,0.675751792087077,0.6518429764702434,0.6996606077039107
3,dinov2,B0d,tau,0.07,15,0.675751792087077,0.6518429764702434,0.6996606077039107
3,dinov2,B0d,tau,0.08,15,0.675751792087077,0.6518429764702434,0.6996606077039107
3,dinov2,B0d,tau,0.09,15,0.675751792087077,0.6518429764702434,0.6996606077039107
3,dinov2,B0d,tau,0.1,15,0.675751792087077,0.6518429764702434,0.6996606077039107
3,dinov2,B0d,tau,0.11,15,0.675751792087077,0.6518429764702434,0.6996606077039107
3,dinov2,B0d,tau,0.12,15,0.675751792087077,0.6518429764702434,0.6996606077039107
3,dinov2,B0d,tau,0.13,15,0.675751792087077,0.6518429764702434,0.6996606077039107
3,dinov2,B0d,tau,0.14,15,0.675751792087077,0.6518429764702434,0.6996606077039107
3,dinov2,B0d,tau,0.15,15,0.675751792087077,0.6518429764702434,0.6996606077039107
3,dinov2,B0d,tau,0.16,15,0.675751792087077,0.6518429764702434,0.6996606077039107
3,dinov2,B0d,tau,0.17,15,0.675751792087077,0.6518429764702434,0.6996606077039107
3,dinov2,B0d,tau,0.18,15,0.675751792087077,0.6518429764702434,0.6996606077039107
3,dinov2,B0d,tau,0.19,15,0.675751792087077,0.6518429764702434,0.6996606077039107
3,dinov2,B0d,tau,0.2,15,0.675751792087077,0.6518429764702434,0.6996606077039107
3,dinov2,B0d,tau,0.21,15,0.675751792087077,0.6518429764702434,0.6996606077039107
3,dinov2,B0d,tau,0.22,15,0.675751792087077,0.6518429764702434,0.6996606077039107
3,dinov2,B0d,tau,0.23,15,0.675751792087077,0.6518429764702434,0.6996606077039107
3,dinov2,B0d,tau,0.24,15,0.675751792087077,0.6518429764702434,0.6996606077039107
3,dinov2,B0d,tau,0.25,15,0.675751792087077,0.6518429764702434,0.6996606077039107
3,dinov2,B0d,tau,0.26,15,0.675751792087077,0.6518429764702434,0.6996606077039107
3,dinov2,B0d,tau,0.27,15,0.675751792087077,0.6518429764702434,0.6996606077039107
3,dinov2,B0d,tau,0.28,15,0.675751792087077,0.6518429764702434,0.6996606077039107
3,dinov2,B0d,tau,0.29,15,0.675751792087077,0.6518429764702434,0.6996606077039107
3,dinov2,B0d,tau,0.3,15,0.675751792087077,0.6518429764702434,0.6996606077039107
3,dinov2,B0d,tau,0.31,15,0.675751792087077,0.6518429764702434,0.6996606077039107
3,dinov2,B0d,tau,0.32,15,0.675751792087077,0.6518429764702434,0.6996606077039107
3,dinov2,B0d,tau,0.33,15,0.675751792087077,0.6518429764702434,0.6996606077039107
3,dinov2,B0d,tau,0.34,15,0.675751792087077,0.6518429764702434,0.6996606077039107
3,dinov2,B0d,tau,0.35,15,0.675751792087077,0.6518429764702434,0.6996606077039107
3,dinov2,B0d,tau,0.36,15,0.675751792087077,0.6518429764702434,0.6996606077039107
3,dinov2,B0d,tau,0.37,15,0.675751792087077,0.6518429764702434,0.6996606077039107
3,dinov2,B0d,tau,0.38,15,0.675751792087077,0.6518429764702434,0.6996606077039107
3,dinov2,B0d,tau,0.39,15,0.675751792087077,0.6518429764702434,0.6996606077039107
3,dinov2,B0d,tau,0.4,15,0.675751792087077,0.6518429764702434,0.6996606077039107
3,dinov2,B0d,tau,0.41,15,0.675751792087077,0.6518429764702434,0.6996606077039107
3,dinov2,B0d,tau,0.42,15,0.675751792087077,0.6518429764702434,0.6996606077039107
3,dinov2,B0d,tau,0.43,15,0.675751792087077,0.6518429764702434,0.6996606077039107
3,dinov2,B0d,tau,0.44,15,0.675751792087077,0.6518429764702434,0.6996606077039107
3,dinov2,B0d,tau,0.45,15,0.675751792087077,0.6518429764702434,0.6996606077039107
3,dinov2,B0d,tau,0.46,15,0.675751792087077,0.6518429764702434,0.6996606077039107
3,dinov2,B0d,tau,0.47,15,0.675751792087077,0.6518429764702434,0.6996606077039107
3,dinov2,B0d,tau,0.48,15,0.675751792087077,0.6518429764702434,0.6996606077039107
3,dinov2,B0d,tau,0.49,15,0.675751792087077,0.6518429764702434,0.6996606077039107
3,dinov2,B0d,tau,0.5,15,0.675751792087077,0.6518429764702434,0.6996606077039107
3,dinov2,B0d,tau,0.51,15,0.675751792087077,0.6518429764702434,0.6996606077039107
3,dinov2,B0d,tau,0.52,15,0.6749515715397852,0.6495008968734333,0.7004022462061372
3,dinov2,B0d,tau,0.53,15,0.6741663109902543,0.6487287726733375,0.699603849307171
3,dinov2,B0d,tau,0.54,15,0.6741663109902543,0.6487287726733375,0.699603849307171
3,dinov2,B0d,tau,0.55,15,0.6711093378315862,0.6395642461380222,0.7026544295251502
3,dinov2,B0d,tau,0.56,15,0.6710754409188158,0.6395265133447651,0.7026243684928665
3,dinov2,B0d,tau,0.57,15,0.6710402507649077,0.6394057472461058,0.7026747542837096
3,dinov2,B0d,tau,0.58,15,0.6703664785391091,0.6389509869361856,0.7017819701420327
3,dinov2,B0d,tau,0.59,15,0.670007896522805,0.6379563461956977,0.7020594468499123
3,dinov2,B0d,tau,0.6,15,0.670007896522805,0.6379563461956977,0.7020594468499123
3,dinov2,B0d,tau,0.61,15,0.6679193122075145,0.6327033098891292,0.7031353145259
3,dinov2,B0d,tau,0.62,15,0.6646030802923942,0.6289539850425446,0.7002521755422438
3,dinov2,B0d,tau,0.63,15,0.6646030802923942,0.6289539850425446,0.7002521755422438
3,dinov2,B0d,tau,0.64,15,0.66318513277768,0.6263931577656743,0.6999771077896857
3,dinov2,B0d,tau,0.65,15,0.6601034753332597,0.6216310396658175,0.698575911000702
3,dinov2,B0d,tau,0.66,15,0.6598161468425414,0.6206238804954103,0.6990084131896726
3,dinov2,B0d,tau,0.67,15,0.6571803050975701,0.6172546889486417,0.6971059212464985
3,dinov2,B0d,tau,0.68,15,0.6552856060740695,0.6133091391328361,0.6972620730153029
3,dinov2,B0d,tau,0.69,15,0.6507014061847317,0.6009133554466944,0.700489456922769
3,dinov2,B0d,tau,0.7,15,0.6485782973208616,0.5975348341845317,0.6996217604571915
3,dinov2,B0d,tau,0.71,15,0.6469730894663469,0.5957578784751155,0.6981883004575783
3,dinov2,B0d,tau,0.72,15,0.6459993566143115,0.5919814903846103,0.7000172228440127
3,dinov2,B0d,tau,0.73,15,0.645772623373397,0.5919447824348475,0.6996004643119466
3,dinov2,B0d,tau,0.74,15,0.6333371576176635,0.565178736321238,0.701495578914089
3,dinov2,B0d,tau,0.75,15,0.6320977289623015,0.5630623940923906,0.7011330638322125
3,dinov2,B0d,tau,0.76,15,0.6299986079357629,0.5617950631676488,0.698202152703877
3,dinov2,B0d,tau,0.77,15,0.6208471304354666,0.543075117167649,0.6986191437032842
3,dinov2,B0d,tau,0.78,15,0.6100559614292023,0.5341518921096963,0.6859600307487083
3,dinov2,B0d,tau,0.79,15,0.6080857582437856,0.5343845665580272,0.681786949929544
3,dinov2,B0d,tau,0.8,14,0.6026844362393616,0.5247567295204237,0.6806121429582995
3,dinov2,B0d,tau,0.81,14,0.597586787794955,0.5218624785935365,0.6733110969963735
3,dinov2,B0d,tau,0.82,12,0.5945328873254724,0.5115460775252954,0.6775196971256494
3,dinov2,B0d,tau,0.83,11,0.5861060274722948,0.4832442384159102,0.6889678165286794
3,dinov2,B0d,tau,0.84,9,0.5769121314199874,0.46483561248006233,0.6889886503599125
3,dinov2,B0d,tau,0.85,7,0.5588202970536587,0.4312239419781509,0.6864166521291664
3,dinov2,B0d,tau,0.86,6,0.5667077551942977,0.4225906954213937,0.7108248149672017
3,dinov2,B0d,tau,0.87,6,0.5385947905136478,0.4330617503098616,0.644127830717434
3,dinov2,B0d,tau,0.88,5,0.561856301849734,0.5030151564613963,0.6206974472380717
3,dinov2,B0d,tau,0.89,3,0.5260275263791884,0.4063208934832664,0.6457341592751104
3,dinov2,B0d,tau,0.9,1,0.4875247297502274,,
3,dinov2,B0d,tau,0.91,1,0.4775879291294645,,
3,dinov2,B0d,tau,0.92,1,0.4775879291294645,,
3,dinov2,B0d,tau,0.93,1,0.4775879291294645,,
3,dinov2,B0d,tau,0.94,1,0.469131243980066,,
3,dinov2,B0d,tau,0.95,1,0.469131243980066,,
3,dinov2,B0d,tau,0.96,0,,,
3,dinov2,B0d,tau,0.97,0,,,
3,dinov2,B0d,tau,0.98,0,,,
3,dinov2,B0d,tau,0.99,0,,,
3,dinov2,B0d,tau,1.0,0,,,
3,dinov2,B0d,offset,0.0,15,0.6584325314944272,0.6357956149398853,0.681069448048969
3,dinov2,B0d,offset,0.01,15,0.6584325314944272,0.6357956149398853,0.681069448048969
3,dinov2,B0d,offset,0.02,15,0.6584325314944272,0.6357956149398853,0.681069448048969
3,dinov2,B0d,offset,0.03,15,0.6584325314944272,0.6357956149398853,0.681069448048969
3,dinov2,B0d,offset,0.04,15,0.6584325314944272,0.6357956149398853,0.681069448048969
3,dinov2,B0d,offset,0.05,15,0.6584325314944272,0.6357956149398853,0.681069448048969
3,dinov2,B0d,offset,0.06,15,0.6584325314944272,0.6357956149398853,0.681069448048969
3,dinov2,B0d,offset,0.07,15,0.6584325314944272,0.6357956149398853,0.681069448048969
3,dinov2,B0d,offset,0.08,15,0.6584325314944272,0.6357956149398853,0.681069448048969
3,dinov2,B0d,offset,0.09,15,0.6584325314944272,0.6357956149398853,0.681069448048969
3,dinov2,B0d,offset,0.1,15,0.6584325314944272,0.6357956149398853,0.681069448048969
3,dinov2,B0d,offset,0.11,15,0.6584325314944272,0.6357956149398853,0.681069448048969
3,dinov2,B0d,offset,0.12,15,0.6584325314944272,0.6357956149398853,0.681069448048969
3,dinov2,B0d,offset,0.13,15,0.6584325314944272,0.6357956149398853,0.681069448048969
3,dinov2,B0d,offset,0.14,15,0.6584325314944272,0.6357956149398853,0.681069448048969
3,dinov2,B0d,offset,0.15,15,0.6584325314944272,0.6357956149398853,0.681069448048969
3,dinov2,B0d,offset,0.16,15,0.6584325314944272,0.6357956149398853,0.681069448048969
3,dinov2,B0d,offset,0.17,15,0.6584325314944272,0.6357956149398853,0.681069448048969
3,dinov2,B0d,offset,0.18,15,0.6584325314944272,0.6357956149398853,0.681069448048969
3,dinov2,B0d,offset,0.19,15,0.6584325314944272,0.6357956149398853,0.681069448048969
3,dinov2,B0d,offset,0.2,15,0.6584325314944272,0.6357956149398853,0.681069448048969
3,dinov2,B0d,offset,0.21,15,0.6584325314944272,0.6357956149398853,0.681069448048969
3,dinov2,B0d,offset,0.22,15,0.6584325314944272,0.6357956149398853,0.681069448048969
3,dinov2,B0d,offset,0.23,15,0.6584325314944272,0.6357956149398853,0.681069448048969
3,dinov2,B0d,offset,0.24,15,0.6584325314944272,0.6357956149398853,0.681069448048969
3,dinov2,B0d,offset,0.25,15,0.6584325314944272,0.6357956149398853,0.681069448048969
3,dinov2,B0d,offset,0.26,15,0.6584325314944272,0.6357956149398853,0.681069448048969
3,dinov2,B0d,offset,0.27,15,0.6584325314944272,0.6357956149398853,0.681069448048969
3,dinov2,B0d,offset,0.28,15,0.6584325314944272,0.6357956149398853,0.681069448048969
3,dinov2,B0d,offset,0.29,15,0.6584325314944272,0.6357956149398853,0.681069448048969
3,dinov2,B0d,offset,0.3,15,0.6584325314944272,0.6357956149398853,0.681069448048969
3,dinov2,B0d,offset,0.31,15,0.6584325314944272,0.6357956149398853,0.681069448048969
3,dinov2,B0d,offset,0.32,15,0.6584325314944272,0.6357956149398853,0.681069448048969
3,dinov2,B0d,offset,0.33,15,0.6584325314944272,0.6357956149398853,0.681069448048969
3,dinov2,B0d,offset,0.34,15,0.6584325314944272,0.6357956149398853,0.681069448048969
3,dinov2,B0d,offset,0.35,15,0.6584325314944272,0.6357956149398853,0.681069448048969
3,dinov2,B0d,offset,0.36,15,0.6584325314944272,0.6357956149398853,0.681069448048969
3,dinov2,B0d,offset,0.37,15,0.6584325314944272,0.6357956149398853,0.681069448048969
3,dinov2,B0d,offset,0.38,15,0.6584325314944272,0.6357956149398853,0.681069448048969
3,dinov2,B0d,offset,0.39,15,0.6584325314944272,0.6357956149398853,0.681069448048969
3,dinov2,B0d,offset,0.4,15,0.6584325314944272,0.6357956149398853,0.681069448048969
3,dinov2,B0d,offset,0.41,15,0.6584325314944272,0.6357956149398853,0.681069448048969
3,dinov2,B0d,offset,0.42,15,0.6584325314944272,0.6357956149398853,0.681069448048969
3,dinov2,B0d,offset,0.43,15,0.6584325314944272,0.6357956149398853,0.681069448048969
3,dinov2,B0d,offset,0.44,15,0.6584325314944272,0.6357956149398853,0.681069448048969
3,dinov2,B0d,offset,0.45,15,0.6584325314944272,0.6357956149398853,0.681069448048969
3,dinov2,B0d,offset,0.46,15,0.6583106927722113,0.6355515408262998,0.6810698447181228
3,dinov2,B0d,offset,0.47,15,0.6583106927722113,0.6355515408262998,0.6810698447181228
3,dinov2,B0d,offset,0.48,15,0.6583106927722113,0.6355515408262998,0.6810698447181228
3,dinov2,B0d,offset,0.49,15,0.6582532662883207,0.6354317991353859,0.6810747334412555
3,dinov2,B0d,offset,0.5,15,0.6582532662883207,0.6354317991353859,0.6810747334412555
3,dinov2,B0d,offset,0.51,15,0.6582399822196228,0.6354344722954628,0.6810454921437827
3,dinov2,B0d,offset,0.52,15,0.6581912390147157,0.6353305036335449,0.6810519743958864
3,dinov2,B0d,offset,0.53,15,0.6575440705682645,0.6342021528993157,0.6808859882372132
3,dinov2,B0d,offset,0.54,15,0.6575440705682645,0.6342021528993157,0.6808859882372132
3,dinov2,B0d,offset,0.55,15,0.6572459001146537,0.6338277170373382,0.6806640831919691
3,dinov2,B0d,offset,0.56,15,0.6526380290427033,0.6262504585006583,0.6790255995847483
3,dinov2,B0d,offset,0.57,15,0.6526380290427033,0.6262504585006583,0.6790255995847483
3,dinov2,B0d,offset,0.58,15,0.651950652531171,0.6237035671980157,0.6801977378643264
3,dinov2,B0d,offset,0.59,15,0.6516116832629668,0.6237679452578411,0.6794554212680926
3,dinov2,B0d,offset,0.6,15,0.6516116832629668,0.6237679452578411,0.6794554212680926
3,dinov2,B0d,offset,0.61,15,0.6510638081989627,0.6234093619943146,0.6787182544036108
3,dinov2,B0d,offset,0.62,15,0.6510254012732056,0.623412795685584,0.6786380068608272
3,dinov2,B0d,offset,0.63,15,0.6510254012732056,0.623412795685584,0.6786380068608272
3,dinov2,B0d,offset,0.64,15,0.6508714532918705,0.623287117691091,0.6784557888926499
3,dinov2,B0d,offset,0.65,15,0.649786191142077,0.6217667831623825,0.6778055991217715
3,dinov2,B0d,offset,0.66,15,0.649786191142077,0.6217667831623825,0.6778055991217715
3,dinov2,B0d,offset,0.67,15,0.6485068946144679,0.619804257164207,0.6772095320647288
3,dinov2,B0d,offset,0.68,15,0.6474598046399079,0.6183007536616011,0.6766188556182148
3,dinov2,B0d,offset,0.69,15,0.6474598046399079,0.6183007536616011,0.6766188556182148
3,dinov2,B0d,offset,0.7,15,0.6468241432801761,0.6166774706803969,0.6769708158799553
3,dinov2,B0d,offset,0.71,15,0.644365780713445,0.6107573533309232,0.6779742080959668
3,dinov2,B0d,offset,0.72,15,0.6420199154454187,0.6081414937734979,0.6758983371173395
3,dinov2,B0d,offset,0.73,15,0.6419841892452447,0.6081429143977488,0.6758254640927406
3,dinov2,B0d,offset,0.74,15,0.6408887182098557,0.6058736288787463,0.6759038075409651
3,dinov2,B0d,offset,0.75,15,0.6344201195744587,0.5971876130804628,0.6716526260684546
3,dinov2,B0d,offset,0.76,15,0.6344201195744587,0.5971876130804628,0.6716526260684546
3,dinov2,B0d,offset,0.77,15,0.6304826252177663,0.5906823188943845,0.6702829315411482
3,dinov2,B0d,offset,0.78,15,0.6286257692679517,0.5898585826904793,0.667392955845424
3,dinov2,B0d,offset,0.79,15,0.6260573458400722,0.5881852011678065,0.663929490512338
3,dinov2,B0d,offset,0.8,15,0.6251112330270318,0.5853813162246565,0.664841149829407
3,dinov2,B0d,offset,0.81,15,0.6241902208586297,0.5840244811139563,0.6643559606033032
3,dinov2,B0d,offset,0.82,15,0.6229140904427912,0.5825863892543671,0.6632417916312153
3,dinov2,B0d,offset,0.83,15,0.6215390732610067,0.5814993139084996,0.6615788326135137
3,dinov2,B0d,offset,0.84,15,0.6206863323251225,0.5808618996795893,0.6605107649706556
3,dinov2,B0d,offset,0.85,15,0.6181833120205914,0.5792970183441485,0.6570696056970343
3,dinov2,B0d,offset,0.86,15,0.615831979745232,0.5737585035735027,0.6579054559169613
3,dinov2,B0d,offset,0.87,15,0.6076695213665345,0.5720151975096442,0.6433238452234248
3,dinov2,B0d,offset,0.88,15,0.6065624713009184,0.571014831130333,0.6421101114715039
3,dinov2,B0d,offset,0.89,15,0.5965125105045833,0.551852021218528,0.6411729997906386
3,dinov2,B0d,offset,0.9,15,0.5897009604253175,0.5458850997614173,0.6335168210892177
3,dinov2,B0d,offset,0.91,15,0.5864583409602172,0.543326954718031,0.6295897272024034
3,dinov2,B0d,offset,0.92,15,0.5802948512234909,0.5373281921561205,0.6232615102908613
3,dinov2,B0d,offset,0.93,15,0.5621497916237442,0.5008131486538085,0.6234864345936799
3,dinov2,B0d,offset,0.94,15,0.5616735340401255,0.5005260383612389,0.6228210297190122
3,dinov2,B0d,offset,0.95,15,0.5307093556253105,0.4557588556055228,0.6056598556450982
3,dinov2,B0d,offset,0.96,15,0.5277480371011793,0.4540316413238233,0.6014644328785355
3,dinov2,B0d,offset,0.97,15,0.5061994985562727,0.43303716224597766,0.5793618348665677
3,dinov2,B0d,offset,0.98,15,0.4697355753120526,0.37607932717163933,0.563391823452466
3,dinov2,B0d,offset,0.99,15,0.4616150049589806,0.370468837963213,0.5527611719547483
3,dinov2,B0d,offset,1.0,15,0.4616150049589806,0.370468837963213,0.5527611719547483
3,dinov2,B0d,union,0.0,15,0.6760547814128938,0.6530726399629567,0.6990369228628308
3,dinov2,B0d,union,0.01,15,0.6760547814128938,0.6530726399629567,0.6990369228628308
3,dinov2,B0d,union,0.02,15,0.6760547814128938,0.6530726399629567,0.6990369228628308
3,dinov2,B0d,union,0.03,15,0.6760547814128938,0.6530726399629567,0.6990369228628308
3,dinov2,B0d,union,0.04,15,0.6760547814128938,0.6530726399629567,0.6990369228628308
3,dinov2,B0d,union,0.05,15,0.6760547814128938,0.6530726399629567,0.6990369228628308
3,dinov2,B0d,union,0.06,15,0.6760547814128938,0.6530726399629567,0.6990369228628308
3,dinov2,B0d,union,0.07,15,0.6760547814128938,0.6530726399629567,0.6990369228628308
3,dinov2,B0d,union,0.08,15,0.6760547814128938,0.6530726399629567,0.6990369228628308
3,dinov2,B0d,union,0.09,15,0.6760547814128938,0.6530726399629567,0.6990369228628308
3,dinov2,B0d,union,0.1,15,0.6760547814128938,0.6530726399629567,0.6990369228628308
3,dinov2,B0d,union,0.11,15,0.6760547814128938,0.6530726399629567,0.6990369228628308
3,dinov2,B0d,union,0.12,15,0.6760547814128938,0.6530726399629567,0.6990369228628308
3,dinov2,B0d,union,0.13,15,0.6760547814128938,0.6530726399629567,0.6990369228628308
3,dinov2,B0d,union,0.14,15,0.6760547814128938,0.6530726399629567,0.6990369228628308
3,dinov2,B0d,union,0.15,15,0.6760547814128938,0.6530726399629567,0.6990369228628308
3,dinov2,B0d,union,0.16,15,0.6760547814128938,0.6530726399629567,0.6990369228628308
3,dinov2,B0d,union,0.17,15,0.6760547814128938,0.6530726399629567,0.6990369228628308
3,dinov2,B0d,union,0.18,15,0.6760547814128938,0.6530726399629567,0.6990369228628308
3,dinov2,B0d,union,0.19,15,0.6760547814128938,0.6530726399629567,0.6990369228628308
3,dinov2,B0d,union,0.2,15,0.6760547814128938,0.6530726399629567,0.6990369228628308
3,dinov2,B0d,union,0.21,15,0.6760547814128938,0.6530726399629567,0.6990369228628308
3,dinov2,B0d,union,0.22,15,0.6760547814128938,0.6530726399629567,0.6990369228628308
3,dinov2,B0d,union,0.23,15,0.6760547814128938,0.6530726399629567,0.6990369228628308
3,dinov2,B0d,union,0.24,15,0.6760547814128938,0.6530726399629567,0.6990369228628308
3,dinov2,B0d,union,0.25,15,0.6760547814128938,0.6530726399629567,0.6990369228628308
3,dinov2,B0d,union,0.26,15,0.6760547814128938,0.6530726399629567,0.6990369228628308
3,dinov2,B0d,union,0.27,15,0.6760547814128938,0.6530726399629567,0.6990369228628308
3,dinov2,B0d,union,0.28,15,0.6760547814128938,0.6530726399629567,0.6990369228628308
3,dinov2,B0d,union,0.29,15,0.6760547814128938,0.6530726399629567,0.6990369228628308
3,dinov2,B0d,union,0.3,15,0.6760547814128938,0.6530726399629567,0.6990369228628308
3,dinov2,B0d,union,0.31,15,0.6760547814128938,0.6530726399629567,0.6990369228628308
3,dinov2,B0d,union,0.32,15,0.6760547814128938,0.6530726399629567,0.6990369228628308
3,dinov2,B0d,union,0.33,15,0.6760547814128938,0.6530726399629567,0.6990369228628308
3,dinov2,B0d,union,0.34,15,0.6760547814128938,0.6530726399629567,0.6990369228628308
3,dinov2,B0d,union,0.35,15,0.6760547814128938,0.6530726399629567,0.6990369228628308
3,dinov2,B0d,union,0.36,15,0.6760547814128938,0.6530726399629567,0.6990369228628308
3,dinov2,B0d,union,0.37,15,0.6760547814128938,0.6530726399629567,0.6990369228628308
3,dinov2,B0d,union,0.38,15,0.6760547814128938,0.6530726399629567,0.6990369228628308
3,dinov2,B0d,union,0.39,15,0.6760547814128938,0.6530726399629567,0.6990369228628308
3,dinov2,B0d,union,0.4,15,0.6760547814128938,0.6530726399629567,0.6990369228628308
3,dinov2,B0d,union,0.41,15,0.6760547814128938,0.6530726399629567,0.6990369228628308
3,dinov2,B0d,union,0.42,15,0.6760547814128938,0.6530726399629567,0.6990369228628308
3,dinov2,B0d,union,0.43,15,0.6760547814128938,0.6530726399629567,0.6990369228628308
3,dinov2,B0d,union,0.44,15,0.6760547814128938,0.6530726399629567,0.6990369228628308
3,dinov2,B0d,union,0.45,15,0.6760547814128938,0.6530726399629567,0.6990369228628308
3,dinov2,B0d,union,0.46,15,0.6760547814128938,0.6530726399629567,0.6990369228628308
3,dinov2,B0d,union,0.47,15,0.6760547814128938,0.6530726399629567,0.6990369228628308
3,dinov2,B0d,union,0.48,15,0.6760547814128938,0.6530726399629567,0.6990369228628308
3,dinov2,B0d,union,0.49,15,0.6760547814128938,0.6530726399629567,0.6990369228628308
3,dinov2,B0d,union,0.5,15,0.6760547814128938,0.6530726399629567,0.6990369228628308
3,dinov2,B0d,union,0.51,15,0.6760547814128938,0.6530726399629567,0.6990369228628308
3,dinov2,B0d,union,0.52,15,0.6756271412564401,0.6522550802961019,0.6989992022167782
3,dinov2,B0d,union,0.53,15,0.6755191875801393,0.6521731204090789,0.6988652547511996
3,dinov2,B0d,union,0.54,15,0.6755191875801393,0.6521731204090789,0.6988652547511996
3,dinov2,B0d,union,0.55,15,0.6746607616369675,0.6500608802962993,0.6992606429776358
3,dinov2,B0d,union,0.56,15,0.6739495578509669,0.6493307186873702,0.6985683970145635
3,dinov2,B0d,union,0.57,15,0.6739495578509669,0.6493307186873702,0.6985683970145635
3,dinov2,B0d,union,0.58,15,0.673668335573553,0.6490744764408148,0.6982621947062911
3,dinov2,B0d,union,0.59,15,0.6735469930487389,0.6487717658343968,0.698322220263081
3,dinov2,B0d,union,0.6,15,0.6735469930487389,0.6487717658343968,0.698322220263081
3,dinov2,B0d,union,0.61,15,0.6724107916865391,0.6465816842408312,0.6982398991322469
3,dinov2,B0d,union,0.62,15,0.6703092009845424,0.6439553800185186,0.6966630219505662
3,dinov2,B0d,union,0.63,15,0.6703092009845424,0.6439553800185186,0.6966630219505662
3,dinov2,B0d,union,0.64,15,0.6688912534698283,0.6405615635437156,0.6972209433959409
3,dinov2,B0d,union,0.65,15,0.6674568079490201,0.6391721669135907,0.6957414489844495
3,dinov2,B0d,union,0.66,15,0.6674568079490201,0.6391721669135907,0.6957414489844495
3,dinov2,B0d,union,0.67,15,0.665650897185814,0.6356736448088882,0.6956281495627399
3,dinov2,B0d,union,0.68,15,0.6644703546170817,0.6332359022067479,0.6957048070274156
3,dinov2,B0d,union,0.69,15,0.6635322720166741,0.6324448881834264,0.6946196558499218
3,dinov2,B0d,union,0.7,15,0.6628966106569423,0.6303867914814191,0.6954064298324655
3,dinov2,B0d,union,0.71,15,0.6601832892339924,0.6240091119989346,0.6963574664690502
3,dinov2,B0d,union,0.72,15,0.6584442663395937,0.6219217466456486,0.6949667860335389
3,dinov2,B0d,union,0.73,15,0.6582035295008731,0.6218693570310037,0.6945377019707426
3,dinov2,B0d,union,0.74,15,0.656595642018281,0.617281646614127,0.6959096374224351
3,dinov2,B0d,union,0.75,15,0.6522918245845141,0.6079158669656043,0.6966677822034238
3,dinov2,B0d,union,0.76,15,0.6514775954880287,0.6078992732427206,0.6950559177333369
3,dinov2,B0d,union,0.77,15,0.6471024524421348,0.603596469368607,0.6906084355156626
3,dinov2,B0d,union,0.78,15,0.6395586845969474,0.5972917918124335,0.6818255773814613
3,dinov2,B0d,union,0.79,15,0.6354085751345379,0.5954236393719341,0.6753935108971416
3,dinov2,B0d,union,0.8,15,0.6350720052578737,0.5951301716305651,0.6750138388851822
3,dinov2,B0d,union,0.81,15,0.6332904802835985,0.5936976153377462,0.6728833452294507
3,dinov2,B0d,union,0.82,15,0.6280386785960971,0.5880681155674294,0.6680092416247647
3,dinov2,B0d,union,0.83,15,0.6246659074060745,0.5816283544483536,0.6677034603637955
3,dinov2,B0d,union,0.84,15,0.6216288306969004,0.5819338113206164,0.6613238500731845
3,dinov2,B0d,union,0.85,15,0.6181833120205914,0.5792970183441485,0.6570696056970343
3,dinov2,B0d,union,0.86,15,0.615831979745232,0.5737585035735027,0.6579054559169613
3,dinov2,B0d,union,0.87,15,0.6076695213665345,0.5720151975096442,0.6433238452234248
3,dinov2,B0d,union,0.88,15,0.6065624713009184,0.571014831130333,0.6421101114715039
3,dinov2,B0d,union,0.89,15,0.5965125105045833,0.551852021218528,0.6411729997906386
3,dinov2,B0d,union,0.9,15,0.5897009604253175,0.5458850997614173,0.6335168210892177
3,dinov2,B0d,union,0.91,15,0.5864583409602172,0.543326954718031,0.6295897272024034
3,dinov2,B0d,union,0.92,15,0.5802948512234909,0.5373281921561205,0.6232615102908613
3,dinov2,B0d,union,0.93,15,0.5621497916237442,0.5008131486538085,0.6234864345936799
3,dinov2,B0d,union,0.94,15,0.5616735340401255,0.5005260383612389,0.6228210297190122
3,dinov2,B0d,union,0.95,15,0.5307093556253105,0.4557588556055228,0.6056598556450982
3,dinov2,B0d,union,0.96,15,0.5277480371011793,0.4540316413238233,0.6014644328785355
3,dinov2,B0d,union,0.97,15,0.5061994985562727,0.43303716224597766,0.5793618348665677
3,dinov2,B0d,union,0.98,15,0.4697355753120526,0.37607932717163933,0.563391823452466
3,dinov2,B0d,union,0.99,15,0.4616150049589806,0.370468837963213,0.5527611719547483
3,dinov2,B0d,union,1.0,15,0.4616150049589806,0.370468837963213,0.5527611719547483
4,panderm,B0,tau,0.0,15,0.6988119544277912,0.6772246844944796,0.7203992243611028
4,panderm,B0,tau,0.01,15,0.6988119544277912,0.6772246844944796,0.7203992243611028
4,panderm,B0,tau,0.02,15,0.6988119544277912,0.6772246844944796,0.7203992243611028
4,panderm,B0,tau,0.03,15,0.6988119544277912,0.6772246844944796,0.7203992243611028
4,panderm,B0,tau,0.04,15,0.6988119544277912,0.6772246844944796,0.7203992243611028
4,panderm,B0,tau,0.05,15,0.6988119544277912,0.6772246844944796,0.7203992243611028
4,panderm,B0,tau,0.06,15,0.6988119544277912,0.6772246844944796,0.7203992243611028
4,panderm,B0,tau,0.07,15,0.6988119544277912,0.6772246844944796,0.7203992243611028
4,panderm,B0,tau,0.08,15,0.6988119544277912,0.6772246844944796,0.7203992243611028
4,panderm,B0,tau,0.09,15,0.6988119544277912,0.6772246844944796,0.7203992243611028
4,panderm,B0,tau,0.1,15,0.6988119544277912,0.6772246844944796,0.7203992243611028
4,panderm,B0,tau,0.11,15,0.6988119544277912,0.6772246844944796,0.7203992243611028
4,panderm,B0,tau,0.12,15,0.6988119544277912,0.6772246844944796,0.7203992243611028
4,panderm,B0,tau,0.13,15,0.6988119544277912,0.6772246844944796,0.7203992243611028
4,panderm,B0,tau,0.14,15,0.6988119544277912,0.6772246844944796,0.7203992243611028
4,panderm,B0,tau,0.15,15,0.6988119544277912,0.6772246844944796,0.7203992243611028
4,panderm,B0,tau,0.16,15,0.6988119544277912,0.6772246844944796,0.7203992243611028
4,panderm,B0,tau,0.17,15,0.6988119544277912,0.6772246844944796,0.7203992243611028
4,panderm,B0,tau,0.18,15,0.6988119544277912,0.6772246844944796,0.7203992243611028
4,panderm,B0,tau,0.19,15,0.6988119544277912,0.6772246844944796,0.7203992243611028
4,panderm,B0,tau,0.2,15,0.6988119544277912,0.6772246844944796,0.7203992243611028
4,panderm,B0,tau,0.21,15,0.6988119544277912,0.6772246844944796,0.7203992243611028
4,panderm,B0,tau,0.22,15,0.6988119544277912,0.6772246844944796,0.7203992243611028
4,panderm,B0,tau,0.23,15,0.6988119544277912,0.6772246844944796,0.7203992243611028
4,panderm,B0,tau,0.24,15,0.6988119544277912,0.6772246844944796,0.7203992243611028
4,panderm,B0,tau,0.25,15,0.6988119544277912,0.6772246844944796,0.7203992243611028
4,panderm,B0,tau,0.26,15,0.6988119544277912,0.6772246844944796,0.7203992243611028
4,panderm,B0,tau,0.27,15,0.6988119544277912,0.6772246844944796,0.7203992243611028
4,panderm,B0,tau,0.28,15,0.6988119544277912,0.6772246844944796,0.7203992243611028
4,panderm,B0,tau,0.29,15,0.6988119544277912,0.6772246844944796,0.7203992243611028
4,panderm,B0,tau,0.3,15,0.6988119544277912,0.6772246844944796,0.7203992243611028
4,panderm,B0,tau,0.31,15,0.6988119544277912,0.6772246844944796,0.7203992243611028
4,panderm,B0,tau,0.32,15,0.6988119544277912,0.6772246844944796,0.7203992243611028
4,panderm,B0,tau,0.33,15,0.6988119544277912,0.6772246844944796,0.7203992243611028
4,panderm,B0,tau,0.34,15,0.6988119544277912,0.6772246844944796,0.7203992243611028
4,panderm,B0,tau,0.35,15,0.6988119544277912,0.6772246844944796,0.7203992243611028
4,panderm,B0,tau,0.36,15,0.6988119544277912,0.6772246844944796,0.7203992243611028
4,panderm,B0,tau,0.37,15,0.6988119544277912,0.6772246844944796,0.7203992243611028
4,panderm,B0,tau,0.38,15,0.6988119544277912,0.6772246844944796,0.7203992243611028
4,panderm,B0,tau,0.39,15,0.6988119544277912,0.6772246844944796,0.7203992243611028
4,panderm,B0,tau,0.4,15,0.6988119544277912,0.6772246844944796,0.7203992243611028
4,panderm,B0,tau,0.41,15,0.6988119544277912,0.6772246844944796,0.7203992243611028
4,panderm,B0,tau,0.42,15,0.6988119544277912,0.6772246844944796,0.7203992243611028
4,panderm,B0,tau,0.43,15,0.6988119544277912,0.6772246844944796,0.7203992243611028
4,panderm,B0,tau,0.44,15,0.6988119544277912,0.6772246844944796,0.7203992243611028
4,panderm,B0,tau,0.45,15,0.6988119544277912,0.6772246844944796,0.7203992243611028
4,panderm,B0,tau,0.46,15,0.6988119544277912,0.6772246844944796,0.7203992243611028
4,panderm,B0,tau,0.47,15,0.6988119544277912,0.6772246844944796,0.7203992243611028
4,panderm,B0,tau,0.48,15,0.6988119544277912,0.6772246844944796,0.7203992243611028
4,panderm,B0,tau,0.49,15,0.6988119544277912,0.6772246844944796,0.7203992243611028
4,panderm,B0,tau,0.5,15,0.6988119544277912,0.6772246844944796,0.7203992243611028
4,panderm,B0,tau,0.51,15,0.6988119544277912,0.6772246844944796,0.7203992243611028
4,panderm,B0,tau,0.52,15,0.69839026203471,0.6758833794729817,0.7208971445964383
4,panderm,B0,tau,0.53,15,0.69839026203471,0.6758833794729817,0.7208971445964383
4,panderm,B0,tau,0.54,15,0.69839026203471,0.6758833794729817,0.7208971445964383
4,panderm,B0,tau,0.55,15,0.69839026203471,0.6758833794729817,0.7208971445964383
4,panderm,B0,tau,0.56,15,0.6983293444637982,0.6757352772438294,0.7209234116837671
4,panderm,B0,tau,0.57,15,0.6982091916602627,0.6755472761164203,0.7208711072041052
4,panderm,B0,tau,0.58,15,0.6982091916602627,0.6755472761164203,0.7208711072041052
4,panderm,B0,tau,0.59,15,0.6980564665258453,0.6751637559298195,0.7209491771218711
4,panderm,B0,tau,0.6,15,0.6980564665258453,0.6751637559298195,0.7209491771218711
4,panderm,B0,tau,0.61,15,0.6964920598143275,0.6703215124493308,0.7226626071793242
4,panderm,B0,tau,0.62,15,0.6933215661059099,0.6609043546861506,0.7257387775256692
4,panderm,B0,tau,0.63,15,0.6933215661059099,0.6609043546861506,0.7257387775256692
4,panderm,B0,tau,0.64,15,0.6898495059857873,0.6524637734003351,0.7272352385712395
4,panderm,B0,tau,0.65,15,0.6896963334031904,0.6521378840167923,0.7272547827895884
4,panderm,B0,tau,0.66,15,0.6871338725380894,0.6453525457948766,0.7289151992813023
4,panderm,B0,tau,0.67,15,0.6860617788024249,0.6449639288231727,0.7271596287816772
4,panderm,B0,tau,0.68,15,0.6845410957409951,0.6417958634988833,0.7272863279831069
4,panderm,B0,tau,0.69,15,0.6834720230857287,0.6400339971369782,0.7269100490344793
4,panderm,B0,tau,0.7,15,0.6794652224005554,0.6347520619108281,0.7241783828902827
4,panderm,B0,tau,0.71,15,0.6747591852921478,0.6230110370705036,0.726507333513792
4,panderm,B0,tau,0.72,15,0.6711135369155918,0.6141975487209645,0.7280295251102191
4,panderm,B0,tau,0.73,15,0.6685546046119274,0.6118142670835622,0.7252949421402926
4,panderm,B0,tau,0.74,15,0.6681131923628365,0.6102051538054093,0.7260212309202637
4,panderm,B0,tau,0.75,15,0.6641543717121492,0.6003532141516337,0.7279555292726647
4,panderm,B0,tau,0.76,15,0.6596202547791389,0.5918227721640771,0.7274177373942007
4,panderm,B0,tau,0.77,14,0.6644929506611114,0.6074370355775498,0.7215488657446729
4,panderm,B0,tau,0.78,14,0.657960093744343,0.6063621063550954,0.7095580811335908
4,panderm,B0,tau,0.79,14,0.6460781412815267,0.5846466679449289,0.7075096146181246
4,panderm,B0,tau,0.8,12,0.6506749822837964,0.5899589766992077,0.7113909878683851
4,panderm,B0,tau,0.81,12,0.6427700200026019,0.5852200271898103,0.7003200128153935
4,panderm,B0,tau,0.82,11,0.6356511724835405,0.5637177796946049,0.7075845652724762
4,panderm,B0,tau,0.83,11,0.6219978746096667,0.5433139922222973,0.7006817569970362
4,panderm,B0,tau,0.84,11,0.6177149511355458,0.5450755357951338,0.6903543664759577
4,panderm,B0,tau,0.85,11,0.5993998451788354,0.5107472395239834,0.6880524508336874
4,panderm,B0,tau,0.86,11,0.59152053938326,0.506210045087995,0.6768310336785249
4,panderm,B0,tau,0.87,10,0.5861640281000746,0.4955861872924609,0.6767418689076883
4,panderm,B0,tau,0.88,9,0.5726733453791508,0.49242072098777756,0.6529259697705241
4,panderm,B0,tau,0.89,8,0.5498476897354241,0.4718992105702578,0.6277961689005904
4,panderm,B0,tau,0.9,6,0.5721161291630655,0.5062630001589964,0.6379692581671347
4,panderm,B0,tau,0.91,1,0.5541257754649827,,
4,panderm,B0,tau,0.92,1,0.4928361052618063,,
4,panderm,B0,tau,0.93,1,0.4928361052618063,,
4,panderm,B0,tau,0.94,1,0.4928361052618063,,
4,panderm,B0,tau,0.95,0,,,
4,panderm,B0,tau,0.96,0,,,
4,panderm,B0,tau,0.97,0,,,
4,panderm,B0,tau,0.98,0,,,
4,panderm,B0,tau,0.99,0,,,
4,panderm,B0,tau,1.0,0,,,
4,panderm,B0,offset,0.0,15,0.6736229958486482,0.6537134966386842,0.6935324950586121
4,panderm,B0,offset,0.01,15,0.6736229958486482,0.6537134966386842,0.6935324950586121
4,panderm,B0,offset,0.02,15,0.6736229958486482,0.6537134966386842,0.6935324950586121
4,panderm,B0,offset,0.03,15,0.6736229958486482,0.6537134966386842,0.6935324950586121
4,panderm,B0,offset,0.04,15,0.6736229958486482,0.6537134966386842,0.6935324950586121
4,panderm,B0,offset,0.05,15,0.6736229958486482,0.6537134966386842,0.6935324950586121
4,panderm,B0,offset,0.06,15,0.6736229958486482,0.6537134966386842,0.6935324950586121
4,panderm,B0,offset,0.07,15,0.6736229958486482,0.6537134966386842,0.6935324950586121
4,panderm,B0,offset,0.08,15,0.6736229958486482,0.6537134966386842,0.6935324950586121
4,panderm,B0,offset,0.09,15,0.6736229958486482,0.6537134966386842,0.6935324950586121
4,panderm,B0,offset,0.1,15,0.6736229958486482,0.6537134966386842,0.6935324950586121
4,panderm,B0,offset,0.11,15,0.6736229958486482,0.6537134966386842,0.6935324950586121
4,panderm,B0,offset,0.12,15,0.6736229958486482,0.6537134966386842,0.6935324950586121
4,panderm,B0,offset,0.13,15,0.6736229958486482,0.6537134966386842,0.6935324950586121
4,panderm,B0,offset,0.14,15,0.6736229958486482,0.6537134966386842,0.6935324950586121
4,panderm,B0,offset,0.15,15,0.6736229958486482,0.6537134966386842,0.6935324950586121
4,panderm,B0,offset,0.16,15,0.6736229958486482,0.6537134966386842,0.6935324950586121
4,panderm,B0,offset,0.17,15,0.6736229958486482,0.6537134966386842,0.6935324950586121
4,panderm,B0,offset,0.18,15,0.6736229958486482,0.6537134966386842,0.6935324950586121
4,panderm,B0,offset,0.19,15,0.6736229958486482,0.6537134966386842,0.6935324950586121
4,panderm,B0,offset,0.2,15,0.6736229958486482,0.6537134966386842,0.6935324950586121
4,panderm,B0,offset,0.21,15,0.6736229958486482,0.6537134966386842,0.6935324950586121
4,panderm,B0,offset,0.22,15,0.6736229958486482,0.6537134966386842,0.6935324950586121
4,panderm,B0,offset,0.23,15,0.6736229958486482,0.6537134966386842,0.6935324950586121
4,panderm,B0,offset,0.24,15,0.6736229958486482,0.6537134966386842,0.6935324950586121
4,panderm,B0,offset,0.25,15,0.6736229958486482,0.6537134966386842,0.6935324950586121
4,panderm,B0,offset,0.26,15,0.6736229958486482,0.6537134966386842,0.6935324950586121
4,panderm,B0,offset,0.27,15,0.6736229958486482,0.6537134966386842,0.6935324950586121
4,panderm,B0,offset,0.28,15,0.6736229958486482,0.6537134966386842,0.6935324950586121
4,panderm,B0,offset,0.29,15,0.6736229958486482,0.6537134966386842,0.6935324950586121
4,panderm,B0,offset,0.3,15,0.6736229958486482,0.6537134966386842,0.6935324950586121
4,panderm,B0,offset,0.31,15,0.6736229958486482,0.6537134966386842,0.6935324950586121
4,panderm,B0,offset,0.32,15,0.6736229958486482,0.6537134966386842,0.6935324950586121
4,panderm,B0,offset,0.33,15,0.6736229958486482,0.6537134966386842,0.6935324950586121
4,panderm,B0,offset,0.34,15,0.6736229958486482,0.6537134966386842,0.6935324950586121
4,panderm,B0,offset,0.35,15,0.6736229958486482,0.6537134966386842,0.6935324950586121
4,panderm,B0,offset,0.36,15,0.6736229958486482,0.6537134966386842,0.6935324950586121
4,panderm,B0,offset,0.37,15,0.6736229958486482,0.6537134966386842,0.6935324950586121
4,panderm,B0,offset,0.38,15,0.6736229958486482,0.6537134966386842,0.6935324950586121
4,panderm,B0,offset,0.39,15,0.6736229958486482,0.6537134966386842,0.6935324950586121
4,panderm,B0,offset,0.4,15,0.6736229958486482,0.6537134966386842,0.6935324950586121
4,panderm,B0,offset,0.41,15,0.6736229958486482,0.6537134966386842,0.6935324950586121
4,panderm,B0,offset,0.42,15,0.6736229958486482,0.6537134966386842,0.6935324950586121
4,panderm,B0,offset,0.43,15,0.6736229958486482,0.6537134966386842,0.6935324950586121
4,panderm,B0,offset,0.44,15,0.6736229958486482,0.6537134966386842,0.6935324950586121
4,panderm,B0,offset,0.45,15,0.6731104447905811,0.652889241093361,0.6933316484878013
4,panderm,B0,offset,0.46,15,0.6731104447905811,0.652889241093361,0.6933316484878013
4,panderm,B0,offset,0.47,15,0.6731104447905811,0.652889241093361,0.6933316484878013
4,panderm,B0,offset,0.48,15,0.6731104447905811,0.652889241093361,0.6933316484878013
4,panderm,B0,offset,0.49,15,0.6731104447905811,0.652889241093361,0.6933316484878013
4,panderm,B0,offset,0.5,15,0.6731104447905811,0.652889241093361,0.6933316484878013
4,panderm,B0,offset,0.51,15,0.6731104447905811,0.652889241093361,0.6933316484878013
4,panderm,B0,offset,0.52,15,0.6731104447905811,0.652889241093361,0.6933316484878013
4,panderm,B0,offset,0.53,15,0.6731104447905811,0.652889241093361,0.6933316484878013
4,panderm,B0,offset,0.54,15,0.6731104447905811,0.652889241093361,0.6933316484878013
4,panderm,B0,offset,0.55,15,0.6727997134461289,0.6526308563385377,0.6929685705537201
4,panderm,B0,offset,0.56,15,0.6723965658296727,0.6517980938824702,0.6929950377768751
4,panderm,B0,offset,0.57,15,0.6722832465907721,0.6516814656097092,0.692885027571835
4,panderm,B0,offset,0.58,15,0.6716243061119452,0.6511118785542092,0.6921367336696813
4,panderm,B0,offset,0.59,15,0.6703243725701165,0.6492821746454688,0.6913665704947641
4,panderm,B0,offset,0.6,15,0.6703243725701165,0.6492821746454688,0.6913665704947641
4,panderm,B0,offset,0.61,15,0.6694159796450074,0.6472129339477457,0.6916190253422692
4,panderm,B0,offset,0.62,15,0.669346916924782,0.6471497227894834,0.6915441110600806
4,panderm,B0,offset,0.63,15,0.6692541208319859,0.6472436506865228,0.691264590977449
4,panderm,B0,offset,0.64,15,0.6687535145161834,0.6463913280366269,0.6911157009957398
4,panderm,B0,offset,0.65,15,0.6686594396897974,0.6464478603876603,0.6908710189919344
4,panderm,B0,offset,0.66,15,0.6681892610410132,0.6456595171741853,0.690719004907841
4,panderm,B0,offset,0.67,15,0.6675194702443221,0.6460125829527029,0.6890263575359413
4,panderm,B0,offset,0.68,15,0.666481687509001,0.6462217806245709,0.6867415943934312
4,panderm,B0,offset,0.69,15,0.6652568516312212,0.6446771509604095,0.6858365523020329
4,panderm,B0,offset,0.7,15,0.6652568516312212,0.6446771509604095,0.6858365523020329
4,panderm,B0,offset,0.71,15,0.6652568516312212,0.6446771509604095,0.6858365523020329
4,panderm,B0,offset,0.72,15,0.6609624078681962,0.6325192744601595,0.6894055412762328
4,panderm,B0,offset,0.73,15,0.6607039724501863,0.6319931943791703,0.6894147505212023
4,panderm,B0,offset,0.74,15,0.6605592226427613,0.6319186673548022,0.6891997779307205
4,panderm,B0,offset,0.75,15,0.6598258239735452,0.6322096203412458,0.6874420276058445
4,panderm,B0,offset,0.76,15,0.6584277169757471,0.6304252718269643,0.6864301621245299
4,panderm,B0,offset,0.77,15,0.6569707098270803,0.6270583784103254,0.6868830412438351
4,panderm,B0,offset,0.78,15,0.6548143214672407,0.6248737677371964,0.6847548751972851
4,panderm,B0,offset,0.79,15,0.6519753220060674,0.6223215639447801,0.6816290800673548
4,panderm,B0,offset,0.8,15,0.6508698229551254,0.6190753089808043,0.6826643369294465
4,panderm,B0,offset,0.81,15,0.6482488173620031,0.6196733269425037,0.6768243077815026
4,panderm,B0,offset,0.82,15,0.6412792987814447,0.6015286330947563,0.6810299644681331
4,panderm,B0,offset,0.83,15,0.639817898838387,0.6003445151795688,0.6792912824972053
4,panderm,B0,offset,0.84,15,0.639603883982016,0.600419083878386,0.6787886840856459
4,panderm,B0,offset,0.85,15,0.6354359669561801,0.5958956885149007,0.6749762453974595
4,panderm,B0,offset,0.86,15,0.6295388665247403,0.5920144280680619,0.6670633049814187
4,panderm,B0,offset,0.87,15,0.6237054492968784,0.5861570456311392,0.6612538529626176
4,panderm,B0,offset,0.88,15,0.6168282360912987,0.5819890083606098,0.6516674638219875
4,panderm,B0,offset,0.89,15,0.6151465090414041,0.5804550028740627,0.6498380152087455
4,panderm,B0,offset,0.9,15,0.6098169268742114,0.5660401885789663,0.6535936651694565
4,panderm,B0,offset,0.91,15,0.5998829877067332,0.5595974947201867,0.6401684806932797
4,panderm,B0,offset,0.92,15,0.5939274410299515,0.5558351980683545,0.6320196839915486
4,panderm,B0,offset,0.93,15,0.5806797408816081,0.5308600795079381,0.6304994022552781
4,panderm,B0,offset,0.94,15,0.57570138778271,0.5251357410068748,0.6262670345585452
4,panderm,B0,offset,0.95,15,0.5591363771769502,0.4996314474609374,0.6186413068929629
4,panderm,B0,offset,0.96,15,0.5525822290418152,0.49256377568208537,0.6126006824015451
4,panderm,B0,offset,0.97,15,0.5439343620140146,0.4838878781072816,0.6039808459207475
4,panderm,B0,offset,0.98,15,0.5085410581343183,0.4331799250950964,0.5839021911735401
4,panderm,B0,offset,0.99,15,0.5073429217962723,0.4317106514038942,0.5829751921886503
4,panderm,B0,offset,1.0,15,0.5073429217962723,0.4317106514038942,0.5829751921886503
4,panderm,B0,union,0.0,15,0.6988119544277912,0.6772246844944796,0.7203992243611028
4,panderm,B0,union,0.01,15,0.6988119544277912,0.6772246844944796,0.7203992243611028
4,panderm,B0,union,0.02,15,0.6988119544277912,0.6772246844944796,0.7203992243611028
4,panderm,B0,union,0.03,15,0.6988119544277912,0.6772246844944796,0.7203992243611028
4,panderm,B0,union,0.04,15,0.6988119544277912,0.6772246844944796,0.7203992243611028
4,panderm,B0,union,0.05,15,0.6988119544277912,0.6772246844944796,0.7203992243611028
4,panderm,B0,union,0.06,15,0.6988119544277912,0.6772246844944796,0.7203992243611028
4,panderm,B0,union,0.07,15,0.6988119544277912,0.6772246844944796,0.7203992243611028
4,panderm,B0,union,0.08,15,0.6988119544277912,0.6772246844944796,0.7203992243611028
4,panderm,B0,union,0.09,15,0.6988119544277912,0.6772246844944796,0.7203992243611028
4,panderm,B0,union,0.1,15,0.6988119544277912,0.6772246844944796,0.7203992243611028
4,panderm,B0,union,0.11,15,0.6988119544277912,0.6772246844944796,0.7203992243611028
4,panderm,B0,union,0.12,15,0.6988119544277912,0.6772246844944796,0.7203992243611028
4,panderm,B0,union,0.13,15,0.6988119544277912,0.6772246844944796,0.7203992243611028
4,panderm,B0,union,0.14,15,0.6988119544277912,0.6772246844944796,0.7203992243611028
4,panderm,B0,union,0.15,15,0.6988119544277912,0.6772246844944796,0.7203992243611028
4,panderm,B0,union,0.16,15,0.6988119544277912,0.6772246844944796,0.7203992243611028
4,panderm,B0,union,0.17,15,0.6988119544277912,0.6772246844944796,0.7203992243611028
4,panderm,B0,union,0.18,15,0.6988119544277912,0.6772246844944796,0.7203992243611028
4,panderm,B0,union,0.19,15,0.6988119544277912,0.6772246844944796,0.7203992243611028
4,panderm,B0,union,0.2,15,0.6988119544277912,0.6772246844944796,0.7203992243611028
4,panderm,B0,union,0.21,15,0.6988119544277912,0.6772246844944796,0.7203992243611028
4,panderm,B0,union,0.22,15,0.6988119544277912,0.6772246844944796,0.7203992243611028
4,panderm,B0,union,0.23,15,0.6988119544277912,0.6772246844944796,0.7203992243611028
4,panderm,B0,union,0.24,15,0.6988119544277912,0.6772246844944796,0.7203992243611028
4,panderm,B0,union,0.25,15,0.6988119544277912,0.6772246844944796,0.7203992243611028
4,panderm,B0,union,0.26,15,0.6988119544277912,0.6772246844944796,0.7203992243611028
4,panderm,B0,union,0.27,15,0.6988119544277912,0.6772246844944796,0.7203992243611028
4,panderm,B0,union,0.28,15,0.6988119544277912,0.6772246844944796,0.7203992243611028
4,panderm,B0,union,0.29,15,0.6988119544277912,0.6772246844944796,0.7203992243611028
4,panderm,B0,union,0.3,15,0.6988119544277912,0.6772246844944796,0.7203992243611028
4,panderm,B0,union,0.31,15,0.6988119544277912,0.6772246844944796,0.7203992243611028
4,panderm,B0,union,0.32,15,0.6988119544277912,0.6772246844944796,0.7203992243611028
4,panderm,B0,union,0.33,15,0.6988119544277912,0.6772246844944796,0.7203992243611028
4,panderm,B0,union,0.34,15,0.6988119544277912,0.6772246844944796,0.7203992243611028
4,panderm,B0,union,0.35,15,0.6988119544277912,0.6772246844944796,0.7203992243611028
4,panderm,B0,union,0.36,15,0.6988119544277912,0.6772246844944796,0.7203992243611028
4,panderm,B0,union,0.37,15,0.6988119544277912,0.6772246844944796,0.7203992243611028
4,panderm,B0,union,0.38,15,0.6988119544277912,0.6772246844944796,0.7203992243611028
4,panderm,B0,union,0.39,15,0.6988119544277912,0.6772246844944796,0.7203992243611028
4,panderm,B0,union,0.4,15,0.6988119544277912,0.6772246844944796,0.7203992243611028
4,panderm,B0,union,0.41,15,0.6988119544277912,0.6772246844944796,0.7203992243611028
4,panderm,B0,union,0.42,15,0.6988119544277912,0.6772246844944796,0.7203992243611028
4,panderm,B0,union,0.43,15,0.6988119544277912,0.6772246844944796,0.7203992243611028
4,panderm,B0,union,0.44,15,0.6988119544277912,0.6772246844944796,0.7203992243611028
4,panderm,B0,union,0.45,15,0.6988119544277912,0.6772246844944796,0.7203992243611028
4,panderm,B0,union,0.46,15,0.6988119544277912,0.6772246844944796,0.7203992243611028
4,panderm,B0,union,0.47,15,0.6988119544277912,0.6772246844944796,0.7203992243611028
4,panderm,B0,union,0.48,15,0.6988119544277912,0.6772246844944796,0.7203992243611028
4,panderm,B0,union,0.49,15,0.6988119544277912,0.6772246844944796,0.7203992243611028
4,panderm,B0,union,0.5,15,0.6988119544277912,0.6772246844944796,0.7203992243611028
4,panderm,B0,union,0.51,15,0.6988119544277912,0.6772246844944796,0.7203992243611028
4,panderm,B0,union,0.52,15,0.69839026203471,0.6758833794729817,0.7208971445964383
4,panderm,B0,union,0.53,15,0.69839026203471,0.6758833794729817,0.7208971445964383
4,panderm,B0,union,0.54,15,0.69839026203471,0.6758833794729817,0.7208971445964383
4,panderm,B0,union,0.55,15,0.69839026203471,0.6758833794729817,0.7208971445964383
4,panderm,B0,union,0.56,15,0.6983293444637982,0.6757352772438294,0.7209234116837671
4,panderm,B0,union,0.57,15,0.6982091916602627,0.6755472761164203,0.7208711072041052
4,panderm,B0,union,0.58,15,0.6982091916602627,0.6755472761164203,0.7208711072041052
4,panderm,B0,union,0.59,15,0.6980564665258453,0.6751637559298195,0.7209491771218711
4,panderm,B0,union,0.6,15,0.6980564665258453,0.6751637559298195,0.7209491771218711
4,panderm,B0,union,0.61,15,0.6964920598143275,0.6703215124493308,0.7226626071793242
4,panderm,B0,union,0.62,15,0.6951572380289283,0.6674276124241679,0.7228868636336886
4,panderm,B0,union,0.63,15,0.6951572380289283,0.6674276124241679,0.7228868636336886
4,panderm,B0,union,0.64,15,0.6937725725087831,0.6646551310377576,0.7228900139798086
4,panderm,B0,union,0.65,15,0.6936193999261859,0.6642485768549118,0.7229902229974601
4,panderm,B0,union,0.66,15,0.6922100338664963,0.6610199184809473,0.7234001492520452
4,panderm,B0,union,0.67,15,0.6911379401308316,0.6605901922028214,0.7216856880588418
4,panderm,B0,union,0.68,15,0.6904596824406894,0.6600586690738838,0.7208606958074951
4,panderm,B0,union,0.69,15,0.6893766311709204,0.6579583820330226,0.7207948803088182
4,panderm,B0,union,0.7,15,0.686263070993139,0.6541204726950799,0.7184056692911981
4,panderm,B0,union,0.71,15,0.6847274684710025,0.6529233704800451,0.7165315664619599
4,panderm,B0,union,0.72,15,0.6810797507451805,0.6437630975706553,0.7183964039197056
4,panderm,B0,union,0.73,15,0.680293682964805,0.6435024310055896,0.7170849349240204
4,panderm,B0,union,0.74,15,0.680293682964805,0.6435024310055896,0.7170849349240204
4,panderm,B0,union,0.75,15,0.678983078280523,0.6431350199968604,0.7148311365641855
4,panderm,B0,union,0.76,15,0.6776910515845096,0.6413707972770192,0.714011305892
4,panderm,B0,union,0.77,15,0.6731457032362085,0.6355199686557722,0.7107714378166448
4,panderm,B0,union,0.78,15,0.6670483701138914,0.6346474989257744,0.6994492413020084
4,panderm,B0,union,0.79,15,0.6635884745338542,0.6297744515160495,0.6974024975516588
4,panderm,B0,union,0.8,15,0.6607537782141412,0.6228256806171645,0.6986818758111178
4,panderm,B0,union,0.81,15,0.6565858041462661,0.6216499967139235,0.6915216115786087
4,panderm,B0,union,0.82,15,0.6479578821943246,0.601871628073533,0.6940441363151162
4,panderm,B0,union,0.83,15,0.6464964822512669,0.6003181156828172,0.6926748488197165
4,panderm,B0,union,0.84,15,0.6443156490009444,0.6011610149302082,0.6874702830716806
4,panderm,B0,union,0.85,15,0.6409471540091427,0.5988171818246956,0.6830771261935898
4,panderm,B0,union,0.86,15,0.635050053577703,0.5935647146600878,0.6765353924953184
4,panderm,B0,union,0.87,15,0.6285740762522309,0.5874383032470705,0.6697098492573914
4,panderm,B0,union,0.88,15,0.6177323985142629,0.582086958845353,0.6533778381831727
4,panderm,B0,union,0.89,15,0.6151465090414041,0.5804550028740627,0.6498380152087455
4,panderm,B0,union,0.9,15,0.6098169268742114,0.5660401885789663,0.6535936651694565
4,panderm,B0,union,0.91,15,0.5998829877067332,0.5595974947201867,0.6401684806932797
4,panderm,B0,union,0.92,15,0.5939274410299515,0.5558351980683545,0.6320196839915486
4,panderm,B0,union,0.93,15,0.5806797408816081,0.5308600795079381,0.6304994022552781
4,panderm,B0,union,0.94,15,0.57570138778271,0.5251357410068748,0.6262670345585452
4,panderm,B0,union,0.95,15,0.5591363771769502,0.4996314474609374,0.6186413068929629
4,panderm,B0,union,0.96,15,0.5525822290418152,0.49256377568208537,0.6126006824015451
4,panderm,B0,union,0.97,15,0.5439343620140146,0.4838878781072816,0.6039808459207475
4,panderm,B0,union,0.98,15,0.5085410581343183,0.4331799250950964,0.5839021911735401
4,panderm,B0,union,0.99,15,0.5073429217962723,0.4317106514038942,0.5829751921886503
4,panderm,B0,union,1.0,15,0.5073429217962723,0.4317106514038942,0.5829751921886503
4,dinov2,B0d,tau,0.0,15,0.680880786375089,0.6628684332958414,0.6988931394543365
4,dinov2,B0d,tau,0.01,15,0.680880786375089,0.6628684332958414,0.6988931394543365
4,dinov2,B0d,tau,0.02,15,0.680880786375089,0.6628684332958414,0.6988931394543365
4,dinov2,B0d,tau,0.03,15,0.680880786375089,0.6628684332958414,0.6988931394543365
4,dinov2,B0d,tau,0.04,15,0.680880786375089,0.6628684332958414,0.6988931394543365
4,dinov2,B0d,tau,0.05,15,0.680880786375089,0.6628684332958414,0.6988931394543365
4,dinov2,B0d,tau,0.06,15,0.680880786375089,0.6628684332958414,0.6988931394543365
4,dinov2,B0d,tau,0.07,15,0.680880786375089,0.6628684332958414,0.6988931394543365
4,dinov2,B0d,tau,0.08,15,0.680880786375089,0.6628684332958414,0.6988931394543365
4,dinov2,B0d,tau,0.09,15,0.680880786375089,0.6628684332958414,0.6988931394543365
4,dinov2,B0d,tau,0.1,15,0.680880786375089,0.6628684332958414,0.6988931394543365
4,dinov2,B0d,tau,0.11,15,0.680880786375089,0.6628684332958414,0.6988931394543365
4,dinov2,B0d,tau,0.12,15,0.680880786375089,0.6628684332958414,0.6988931394543365
4,dinov2,B0d,tau,0.13,15,0.680880786375089,0.6628684332958414,0.6988931394543365
4,dinov2,B0d,tau,0.14,15,0.680880786375089,0.6628684332958414,0.6988931394543365
4,dinov2,B0d,tau,0.15,15,0.680880786375089,0.6628684332958414,0.6988931394543365
4,dinov2,B0d,tau,0.16,15,0.680880786375089,0.6628684332958414,0.6988931394543365
4,dinov2,B0d,tau,0.17,15,0.680880786375089,0.6628684332958414,0.6988931394543365
4,dinov2,B0d,tau,0.18,15,0.680880786375089,0.6628684332958414,0.6988931394543365
4,dinov2,B0d,tau,0.19,15,0.680880786375089,0.6628684332958414,0.6988931394543365
4,dinov2,B0d,tau,0.2,15,0.680880786375089,0.6628684332958414,0.6988931394543365
4,dinov2,B0d,tau,0.21,15,0.680880786375089,0.6628684332958414,0.6988931394543365
4,dinov2,B0d,tau,0.22,15,0.680880786375089,0.6628684332958414,0.6988931394543365
4,dinov2,B0d,tau,0.23,15,0.680880786375089,0.6628684332958414,0.6988931394543365
4,dinov2,B0d,tau,0.24,15,0.680880786375089,0.6628684332958414,0.6988931394543365
4,dinov2,B0d,tau,0.25,15,0.680880786375089,0.6628684332958414,0.6988931394543365
4,dinov2,B0d,tau,0.26,15,0.680880786375089,0.6628684332958414,0.6988931394543365
4,dinov2,B0d,tau,0.27,15,0.680880786375089,0.6628684332958414,0.6988931394543365
4,dinov2,B0d,tau,0.28,15,0.680880786375089,0.6628684332958414,0.6988931394543365
4,dinov2,B0d,tau,0.29,15,0.680880786375089,0.6628684332958414,0.6988931394543365
4,dinov2,B0d,tau,0.3,15,0.680880786375089,0.6628684332958414,0.6988931394543365
4,dinov2,B0d,tau,0.31,15,0.680880786375089,0.6628684332958414,0.6988931394543365
4,dinov2,B0d,tau,0.32,15,0.680880786375089,0.6628684332958414,0.6988931394543365
4,dinov2,B0d,tau,0.33,15,0.680880786375089,0.6628684332958414,0.6988931394543365
4,dinov2,B0d,tau,0.34,15,0.680880786375089,0.6628684332958414,0.6988931394543365
4,dinov2,B0d,tau,0.35,15,0.680880786375089,0.6628684332958414,0.6988931394543365
4,dinov2,B0d,tau,0.36,15,0.680880786375089,0.6628684332958414,0.6988931394543365
4,dinov2,B0d,tau,0.37,15,0.680880786375089,0.6628684332958414,0.6988931394543365
4,dinov2,B0d,tau,0.38,15,0.680880786375089,0.6628684332958414,0.6988931394543365
4,dinov2,B0d,tau,0.39,15,0.680880786375089,0.6628684332958414,0.6988931394543365
4,dinov2,B0d,tau,0.4,15,0.680880786375089,0.6628684332958414,0.6988931394543365
4,dinov2,B0d,tau,0.41,15,0.680880786375089,0.6628684332958414,0.6988931394543365
4,dinov2,B0d,tau,0.42,15,0.680880786375089,0.6628684332958414,0.6988931394543365
4,dinov2,B0d,tau,0.43,15,0.680880786375089,0.6628684332958414,0.6988931394543365
4,dinov2,B0d,tau,0.44,15,0.680880786375089,0.6628684332958414,0.6988931394543365
4,dinov2,B0d,tau,0.45,15,0.6808309126807384,0.6628090679293042,0.6988527574321726
4,dinov2,B0d,tau,0.46,15,0.6808309126807384,0.6628090679293042,0.6988527574321726
4,dinov2,B0d,tau,0.47,15,0.6808309126807384,0.6628090679293042,0.6988527574321726
4,dinov2,B0d,tau,0.48,15,0.6808309126807384,0.6628090679293042,0.6988527574321726
4,dinov2,B0d,tau,0.49,15,0.6804932541057916,0.6620778313161946,0.6989086768953887
4,dinov2,B0d,tau,0.5,15,0.6804932541057916,0.6620778313161946,0.6989086768953887
4,dinov2,B0d,tau,0.51,15,0.6803589773220101,0.6619077601477077,0.6988101944963125
4,dinov2,B0d,tau,0.52,15,0.6796363101586651,0.6599492433646441,0.6993233769526861
4,dinov2,B0d,tau,0.53,15,0.6786990820517225,0.6586188352603829,0.698779328843062
4,dinov2,B0d,tau,0.54,15,0.6767632434048886,0.6528057939412232,0.700720692868554
4,dinov2,B0d,tau,0.55,15,0.6767632434048886,0.6528057939412232,0.700720692868554
4,dinov2,B0d,tau,0.56,15,0.6760074739935006,0.6514085618488662,0.700606386138135
4,dinov2,B0d,tau,0.57,15,0.6755990312106467,0.6498873610099102,0.7013107014113832
4,dinov2,B0d,tau,0.58,15,0.6739121417199576,0.6451503893356414,0.7026738941042738
4,dinov2,B0d,tau,0.59,15,0.6730915401523475,0.6436511873826807,0.7025318929220143
4,dinov2,B0d,tau,0.6,15,0.6730915401523475,0.6436511873826807,0.7025318929220143
4,dinov2,B0d,tau,0.61,15,0.6718343002600121,0.6434611219648395,0.7002074785551847
4,dinov2,B0d,tau,0.62,15,0.6681915851083802,0.635572536124043,0.7008106340927174
4,dinov2,B0d,tau,0.63,15,0.6681915851083802,0.635572536124043,0.7008106340927174
4,dinov2,B0d,tau,0.64,15,0.6660091290431702,0.6321429429396336,0.6998753151467069
4,dinov2,B0d,tau,0.65,15,0.6658452246561848,0.6316475016097867,0.7000429477025829
4,dinov2,B0d,tau,0.66,15,0.6654487369660566,0.6314409367064887,0.6994565372256244
4,dinov2,B0d,tau,0.67,15,0.6649592508840806,0.63033639990693,0.6995821018612312
4,dinov2,B0d,tau,0.68,15,0.6634840759886658,0.6304417122136667,0.6965264397636648
4,dinov2,B0d,tau,0.69,15,0.6571980165721628,0.6191583714631077,0.6952376616812179
4,dinov2,B0d,tau,0.7,15,0.6557557735178893,0.6173795379683601,0.6941320090674185
4,dinov2,B0d,tau,0.71,15,0.6514474582497332,0.6107092418818308,0.6921856746176355
4,dinov2,B0d,tau,0.72,15,0.6395731778853361,0.5851321577360128,0.6940141980346594
4,dinov2,B0d,tau,0.73,15,0.63562977329197,0.5789530714194964,0.6923064751644437
4,dinov2,B0d,tau,0.74,15,0.6256897472066684,0.553636483863058,0.6977430105502788
4,dinov2,B0d,tau,0.75,15,0.6201806750915311,0.5462723900450889,0.6940889601379733
4,dinov2,B0d,tau,0.76,15,0.61817277270322,0.5459397880560051,0.690405757350435
4,dinov2,B0d,tau,0.77,14,0.6077153839996712,0.513529926261759,0.7019008417375834
4,dinov2,B0d,tau,0.78,14,0.6024115324012503,0.5089402046324543,0.6958828601700464
4,dinov2,B0d,tau,0.79,14,0.5985245452800808,0.5044337035748025,0.6926153869853591
4,dinov2,B0d,tau,0.8,12,0.6144297508418614,0.535885191442269,0.6929743102414537
4,dinov2,B0d,tau,0.81,12,0.6044808467564662,0.5169117220337385,0.6920499714791939
4,dinov2,B0d,tau,0.82,10,0.6122826225537423,0.514406379591243,0.7101588655162416
4,dinov2,B0d,tau,0.83,9,0.6212517219744077,0.5226788781464646,0.7198245658023508
4,dinov2,B0d,tau,0.84,8,0.6066638856538595,0.49556726684579866,0.7177605044619204
4,dinov2,B0d,tau,0.85,7,0.6029503865966227,0.4914031245010832,0.7144976486921621
4,dinov2,B0d,tau,0.86,6,0.6079462865676875,0.5225208428222192,0.6933717303131557
4,dinov2,B0d,tau,0.87,5,0.5945558310010712,0.5466323355594349,0.6424793264427076
4,dinov2,B0d,tau,0.88,5,0.5832929162692787,0.5304404987060805,0.636145333832477
4,dinov2,B0d,tau,0.89,4,0.5532970521709764,0.5255431361028116,0.5810509682391412
4,dinov2,B0d,tau,0.9,3,0.5516136154206134,0.5038605734329111,0.5993666574083156
4,dinov2,B0d,tau,0.91,1,0.45228071736563924,,
4,dinov2,B0d,tau,0.92,1,0.45228071736563924,,
4,dinov2,B0d,tau,0.93,1,0.45228071736563924,,
4,dinov2,B0d,tau,0.94,0,,,
4,dinov2,B0d,tau,0.95,0,,,
4,dinov2,B0d,tau,0.96,0,,,
4,dinov2,B0d,tau,0.97,0,,,
4,dinov2,B0d,tau,0.98,0,,,
4,dinov2,B0d,tau,0.99,0,,,
4,dinov2,B0d,tau,1.0,0,,,
4,dinov2,B0d,offset,0.0,15,0.6620203634055797,0.6414353119837484,0.682605414827411
4,dinov2,B0d,offset,0.01,15,0.6620203634055797,0.6414353119837484,0.682605414827411
4,dinov2,B0d,offset,0.02,15,0.6620203634055797,0.6414353119837484,0.682605414827411
4,dinov2,B0d,offset,0.03,15,0.6620203634055797,0.6414353119837484,0.682605414827411
4,dinov2,B0d,offset,0.04,15,0.6620203634055797,0.6414353119837484,0.682605414827411
4,dinov2,B0d,offset,0.05,15,0.6620203634055797,0.6414353119837484,0.682605414827411
4,dinov2,B0d,offset,0.06,15,0.6620203634055797,0.6414353119837484,0.682605414827411
4,dinov2,B0d,offset,0.07,15,0.6620203634055797,0.6414353119837484,0.682605414827411
4,dinov2,B0d,offset,0.08,15,0.6620203634055797,0.6414353119837484,0.682605414827411
4,dinov2,B0d,offset,0.09,15,0.6620203634055797,0.6414353119837484,0.682605414827411
4,dinov2,B0d,offset,0.1,15,0.6620203634055797,0.6414353119837484,0.682605414827411
4,dinov2,B0d,offset,0.11,15,0.6620203634055797,0.6414353119837484,0.682605414827411
4,dinov2,B0d,offset,0.12,15,0.6620203634055797,0.6414353119837484,0.682605414827411
4,dinov2,B0d,offset,0.13,15,0.6620203634055797,0.6414353119837484,0.682605414827411
4,dinov2,B0d,offset,0.14,15,0.6620203634055797,0.6414353119837484,0.682605414827411
4,dinov2,B0d,offset,0.15,15,0.6620203634055797,0.6414353119837484,0.682605414827411
4,dinov2,B0d,offset,0.16,15,0.6620203634055797,0.6414353119837484,0.682605414827411
4,dinov2,B0d,offset,0.17,15,0.6620203634055797,0.6414353119837484,0.682605414827411
4,dinov2,B0d,offset,0.18,15,0.6620203634055797,0.6414353119837484,0.682605414827411
4,dinov2,B0d,offset,0.19,15,0.6620203634055797,0.6414353119837484,0.682605414827411
4,dinov2,B0d,offset,0.2,15,0.6620203634055797,0.6414353119837484,0.682605414827411
4,dinov2,B0d,offset,0.21,15,0.6620203634055797,0.6414353119837484,0.682605414827411
4,dinov2,B0d,offset,0.22,15,0.6620203634055797,0.6414353119837484,0.682605414827411
4,dinov2,B0d,offset,0.23,15,0.6620203634055797,0.6414353119837484,0.682605414827411
4,dinov2,B0d,offset,0.24,15,0.6620203634055797,0.6414353119837484,0.682605414827411
4,dinov2,B0d,offset,0.25,15,0.6620203634055797,0.6414353119837484,0.682605414827411
4,dinov2,B0d,offset,0.26,15,0.6620203634055797,0.6414353119837484,0.682605414827411
4,dinov2,B0d,offset,0.27,15,0.6620203634055797,0.6414353119837484,0.682605414827411
4,dinov2,B0d,offset,0.28,15,0.6620203634055797,0.6414353119837484,0.682605414827411
4,dinov2,B0d,offset,0.29,15,0.6620203634055797,0.6414353119837484,0.682605414827411
4,dinov2,B0d,offset,0.3,15,0.6620203634055797,0.6414353119837484,0.682605414827411
4,dinov2,B0d,offset,0.31,15,0.6620203634055797,0.6414353119837484,0.682605414827411
4,dinov2,B0d,offset,0.32,15,0.6620203634055797,0.6414353119837484,0.682605414827411
4,dinov2,B0d,offset,0.33,15,0.6620203634055797,0.6414353119837484,0.682605414827411
4,dinov2,B0d,offset,0.34,15,0.6620203634055797,0.6414353119837484,0.682605414827411
4,dinov2,B0d,offset,0.35,15,0.6620203634055797,0.6414353119837484,0.682605414827411
4,dinov2,B0d,offset,0.36,15,0.6620203634055797,0.6414353119837484,0.682605414827411
4,dinov2,B0d,offset,0.37,15,0.6620203634055797,0.6414353119837484,0.682605414827411
4,dinov2,B0d,offset,0.38,15,0.6620203634055797,0.6414353119837484,0.682605414827411
4,dinov2,B0d,offset,0.39,15,0.6620203634055797,0.6414353119837484,0.682605414827411
4,dinov2,B0d,offset,0.4,15,0.6620203634055797,0.6414353119837484,0.682605414827411
4,dinov2,B0d,offset,0.41,15,0.6620203634055797,0.6414353119837484,0.682605414827411
4,dinov2,B0d,offset,0.42,15,0.6620203634055797,0.6414353119837484,0.682605414827411
4,dinov2,B0d,offset,0.43,15,0.6620203634055797,0.6414353119837484,0.682605414827411
4,dinov2,B0d,offset,0.44,15,0.6620203634055797,0.6414353119837484,0.682605414827411
4,dinov2,B0d,offset,0.45,15,0.6620203634055797,0.6414353119837484,0.682605414827411
4,dinov2,B0d,offset,0.46,15,0.6620203634055797,0.6414353119837484,0.682605414827411
4,dinov2,B0d,offset,0.47,15,0.6620203634055797,0.6414353119837484,0.682605414827411
4,dinov2,B0d,offset,0.48,15,0.661752767457814,0.6411956964599875,0.6823098384556404
4,dinov2,B0d,offset,0.49,15,0.661752767457814,0.6411956964599875,0.6823098384556404
4,dinov2,B0d,offset,0.5,15,0.661752767457814,0.6411956964599875,0.6823098384556404
4,dinov2,B0d,offset,0.51,15,0.6611071897506798,0.639991549488442,0.6822228300129177
4,dinov2,B0d,offset,0.52,15,0.6611071897506798,0.639991549488442,0.6822228300129177
4,dinov2,B0d,offset,0.53,15,0.6611071897506798,0.639991549488442,0.6822228300129177
4,dinov2,B0d,offset,0.54,15,0.6611071897506798,0.639991549488442,0.6822228300129177
4,dinov2,B0d,offset,0.55,15,0.6611071897506798,0.639991549488442,0.6822228300129177
4,dinov2,B0d,offset,0.56,15,0.6584301570176689,0.6334940738271627,0.6833662402081752
4,dinov2,B0d,offset,0.57,15,0.6584301570176689,0.6334940738271627,0.6833662402081752
4,dinov2,B0d,offset,0.58,15,0.6574325572224002,0.6306580302884579,0.6842070841563426
4,dinov2,B0d,offset,0.59,15,0.6568240014533689,0.6293378349582052,0.6843101679485327
4,dinov2,B0d,offset,0.6,15,0.6568240014533689,0.6293378349582052,0.6843101679485327
4,dinov2,B0d,offset,0.61,15,0.6563463683182539,0.6274791806040824,0.6852135560324254
4,dinov2,B0d,offset,0.62,15,0.6556551856626006,0.6270261539831224,0.6842842173420788
4,dinov2,B0d,offset,0.63,15,0.6552302772376922,0.62665608331264,0.6838044711627445
4,dinov2,B0d,offset,0.64,15,0.6551054163972854,0.626156529425063,0.6840543033695078
4,dinov2,B0d,offset,0.65,15,0.6541903963537626,0.6251457233223935,0.6832350693851318
4,dinov2,B0d,offset,0.66,15,0.6541903963537626,0.6251457233223935,0.6832350693851318
4,dinov2,B0d,offset,0.67,15,0.6534134100360441,0.624135381918857,0.6826914381532313
4,dinov2,B0d,offset,0.68,15,0.6521721453042025,0.62160419759262,0.6827400930157851
4,dinov2,B0d,offset,0.69,15,0.6516797053664517,0.6211987586206863,0.6821606521122171
4,dinov2,B0d,offset,0.7,15,0.650612010190747,0.6200467668762515,0.6811772535052425
4,dinov2,B0d,offset,0.71,15,0.647926599588226,0.6139315620816866,0.6819216370947653
4,dinov2,B0d,offset,0.72,15,0.6466125206383924,0.6124545595539286,0.6807704817228561
4,dinov2,B0d,offset,0.73,15,0.645866903817072,0.6125295898300253,0.6792042178041188
4,dinov2,B0d,offset,0.74,15,0.6440900994817864,0.6115876487712029,0.67659255019237
4,dinov2,B0d,offset,0.75,15,0.6435640342099584,0.6110735795574177,0.6760544888624992
4,dinov2,B0d,offset,0.76,15,0.6431240452755599,0.6109787084809298,0.6752693820701899
4,dinov2,B0d,offset,0.77,15,0.6431240452755599,0.6109787084809298,0.6752693820701899
4,dinov2,B0d,offset,0.78,15,0.641375254677452,0.6075561484395412,0.6751943609153629
4,dinov2,B0d,offset,0.79,15,0.6388197029581091,0.6050393627787796,0.6726000431374386
4,dinov2,B0d,offset,0.8,15,0.6363939043219962,0.5992005062529717,0.6735873023910206
4,dinov2,B0d,offset,0.81,15,0.6342094211704556,0.5968725741099075,0.6715462682310038
4,dinov2,B0d,offset,0.82,15,0.6284916320534919,0.5880184987078593,0.6689647653991245
4,dinov2,B0d,offset,0.83,15,0.624906590174858,0.5826803717006871,0.6671328086490288
4,dinov2,B0d,offset,0.84,15,0.6227846985232723,0.5813127304779103,0.6642566665686344
4,dinov2,B0d,offset,0.85,15,0.6170323175616511,0.5721356604593548,0.6619289746639474
4,dinov2,B0d,offset,0.86,15,0.6165799491807028,0.5709219732212295,0.6622379251401761
4,dinov2,B0d,offset,0.87,15,0.6101787796224198,0.5684960751900622,0.6518614840547775
4,dinov2,B0d,offset,0.88,15,0.6079307969876481,0.5680608878543633,0.6478007061209329
4,dinov2,B0d,offset,0.89,15,0.6072652930536455,0.5674947992392779,0.6470357868680131
4,dinov2,B0d,offset,0.9,15,0.5988789216938071,0.5541885126566526,0.6435693307309616
4,dinov2,B0d,offset,0.91,15,0.589950765157251,0.5498618091276178,0.6300397211868841
4,dinov2,B0d,offset,0.92,15,0.5870203420588994,0.5472992977493744,0.6267413863684245
4,dinov2,B0d,offset,0.93,15,0.5670891050419155,0.5057604359895239,0.628417774094307
4,dinov2,B0d,offset,0.94,15,0.5643448307403529,0.5038961629462257,0.6247934985344801
4,dinov2,B0d,offset,0.95,15,0.5307163847916598,0.46093627659768055,0.6004964929856391
4,dinov2,B0d,offset,0.96,15,0.5196761510296924,0.4392297101698763,0.6001225918895086
4,dinov2,B0d,offset,0.97,15,0.5026858205446098,0.4212524967636005,0.584119144325619
4,dinov2,B0d,offset,0.98,15,0.4517834487442335,0.3403608889487729,0.563206008539694
4,dinov2,B0d,offset,0.99,15,0.4445201611434676,0.335276183584425,0.5537641387025102
4,dinov2,B0d,offset,1.0,15,0.4445201611434676,0.335276183584425,0.5537641387025102
4,dinov2,B0d,union,0.0,15,0.6819184651402435,0.664944954909487,0.6988919753709999
4,dinov2,B0d,union,0.01,15,0.6819184651402435,0.664944954909487,0.6988919753709999
4,dinov2,B0d,union,0.02,15,0.6819184651402435,0.664944954909487,0.6988919753709999
4,dinov2,B0d,union,0.03,15,0.6819184651402435,0.664944954909487,0.6988919753709999
4,dinov2,B0d,union,0.04,15,0.6819184651402435,0.664944954909487,0.6988919753709999
4,dinov2,B0d,union,0.05,15,0.6819184651402435,0.664944954909487,0.6988919753709999
4,dinov2,B0d,union,0.06,15,0.6819184651402435,0.664944954909487,0.6988919753709999
4,dinov2,B0d,union,0.07,15,0.6819184651402435,0.664944954909487,0.6988919753709999
4,dinov2,B0d,union,0.08,15,0.6819184651402435,0.664944954909487,0.6988919753709999
4,dinov2,B0d,union,0.09,15,0.6819184651402435,0.664944954909487,0.6988919753709999
4,dinov2,B0d,union,0.1,15,0.6819184651402435,0.664944954909487,0.6988919753709999
4,dinov2,B0d,union,0.11,15,0.6819184651402435,0.664944954909487,0.6988919753709999
4,dinov2,B0d,union,0.12,15,0.6819184651402435,0.664944954909487,0.6988919753709999
4,dinov2,B0d,union,0.13,15,0.6819184651402435,0.664944954909487,0.6988919753709999
4,dinov2,B0d,union,0.14,15,0.6819184651402435,0.664944954909487,0.6988919753709999
4,dinov2,B0d,union,0.15,15,0.6819184651402435,0.664944954909487,0.6988919753709999
4,dinov2,B0d,union,0.16,15,0.6819184651402435,0.664944954909487,0.6988919753709999
4,dinov2,B0d,union,0.17,15,0.6819184651402435,0.664944954909487,0.6988919753709999
4,dinov2,B0d,union,0.18,15,0.6819184651402435,0.664944954909487,0.6988919753709999
4,dinov2,B0d,union,0.19,15,0.6819184651402435,0.664944954909487,0.6988919753709999
4,dinov2,B0d,union,0.2,15,0.6819184651402435,0.664944954909487,0.6988919753709999
4,dinov2,B0d,union,0.21,15,0.6819184651402435,0.664944954909487,0.6988919753709999
4,dinov2,B0d,union,0.22,15,0.6819184651402435,0.664944954909487,0.6988919753709999
4,dinov2,B0d,union,0.23,15,0.6819184651402435,0.664944954909487,0.6988919753709999
4,dinov2,B0d,union,0.24,15,0.6819184651402435,0.664944954909487,0.6988919753709999
4,dinov2,B0d,union,0.25,15,0.6819184651402435,0.664944954909487,0.6988919753709999
4,dinov2,B0d,union,0.26,15,0.6819184651402435,0.664944954909487,0.6988919753709999
4,dinov2,B0d,union,0.27,15,0.6819184651402435,0.664944954909487,0.6988919753709999
4,dinov2,B0d,union,0.28,15,0.6819184651402435,0.664944954909487,0.6988919753709999
4,dinov2,B0d,union,0.29,15,0.6819184651402435,0.664944954909487,0.6988919753709999
4,dinov2,B0d,union,0.3,15,0.6819184651402435,0.664944954909487,0.6988919753709999
4,dinov2,B0d,union,0.31,15,0.6819184651402435,0.664944954909487,0.6988919753709999
4,dinov2,B0d,union,0.32,15,0.6819184651402435,0.664944954909487,0.6988919753709999
4,dinov2,B0d,union,0.33,15,0.6819184651402435,0.664944954909487,0.6988919753709999
4,dinov2,B0d,union,0.34,15,0.6819184651402435,0.664944954909487,0.6988919753709999
4,dinov2,B0d,union,0.35,15,0.6819184651402435,0.664944954909487,0.6988919753709999
4,dinov2,B0d,union,0.36,15,0.6819184651402435,0.664944954909487,0.6988919753709999
4,dinov2,B0d,union,0.37,15,0.6819184651402435,0.664944954909487,0.6988919753709999
4,dinov2,B0d,union,0.38,15,0.6819184651402435,0.664944954909487,0.6988919753709999
4,dinov2,B0d,union,0.39,15,0.6819184651402435,0.664944954909487,0.6988919753709999
4,dinov2,B0d,union,0.4,15,0.6819184651402435,0.664944954909487,0.6988919753709999
4,dinov2,B0d,union,0.41,15,0.6819184651402435,0.664944954909487,0.6988919753709999
4,dinov2,B0d,union,0.42,15,0.6819184651402435,0.664944954909487,0.6988919753709999
4,dinov2,B0d,union,0.43,15,0.6819184651402435,0.664944954909487,0.6988919753709999
4,dinov2,B0d,union,0.44,15,0.6819184651402435,0.664944954909487,0.6988919753709999
4,dinov2,B0d,union,0.45,15,0.6818685914458928,0.6648802536488664,0.6988569292429193
4,dinov2,B0d,union,0.46,15,0.6818685914458928,0.6648802536488664,0.6988569292429193
4,dinov2,B0d,union,0.47,15,0.6818685914458928,0.6648802536488664,0.6988569292429193
4,dinov2,B0d,union,0.48,15,0.6818685914458928,0.6648802536488664,0.6988569292429193
4,dinov2,B0d,union,0.49,15,0.6815309328709459,0.6640942403749818,0.69896762536691
4,dinov2,B0d,union,0.5,15,0.6815309328709459,0.6640942403749818,0.69896762536691
4,dinov2,B0d,union,0.51,15,0.6813966560871645,0.6639097237609898,0.6988835884133392
4,dinov2,B0d,union,0.52,15,0.6811907000845984,0.663370282641141,0.6990111175280558
4,dinov2,B0d,union,0.53,15,0.6802534719776558,0.6618754837338524,0.6986314602214593
4,dinov2,B0d,union,0.54,15,0.6802534719776558,0.6618754837338524,0.6986314602214593
4,dinov2,B0d,union,0.55,15,0.6802534719776558,0.6618754837338524,0.6986314602214593
4,dinov2,B0d,union,0.56,15,0.6794977025662678,0.660077829451248,0.6989175756812877
4,dinov2,B0d,union,0.57,15,0.6794977025662678,0.660077829451248,0.6989175756812877
4,dinov2,B0d,union,0.58,15,0.6793880155341372,0.6598936173494889,0.6988824137187855
4,dinov2,B0d,union,0.59,15,0.6788183690967858,0.6589936624886347,0.698643075704937
4,dinov2,B0d,union,0.6,15,0.6788183690967858,0.6589936624886347,0.698643075704937
4,dinov2,B0d,union,0.61,15,0.677860599234716,0.6589695416623738,0.6967516568070582
4,dinov2,B0d,union,0.62,15,0.6751971369409494,0.6528322774437065,0.6975619964381923
4,dinov2,B0d,union,0.63,15,0.6747722285160409,0.6519037005897297,0.6976407564423521
4,dinov2,B0d,union,0.64,15,0.6737583991695748,0.6496106824345577,0.697906115904592
4,dinov2,B0d,union,0.65,15,0.6728433791260522,0.6475067543372665,0.6981800039148379
4,dinov2,B0d,union,0.66,15,0.6726654387023104,0.6473521537993642,0.6979787236052567
4,dinov2,B0d,union,0.67,15,0.6719631381433956,0.6460244360973328,0.6979018401894583
4,dinov2,B0d,union,0.68,15,0.6692466985161392,0.6420166184250957,0.6964767786071826
4,dinov2,B0d,union,0.69,15,0.6665376258269684,0.6380577605916428,0.695017491062294
4,dinov2,B0d,union,0.7,15,0.6650953827726948,0.6354496379756559,0.6947411275697336
4,dinov2,B0d,union,0.71,15,0.662371485531486,0.629659514252927,0.6950834568100449
4,dinov2,B0d,union,0.72,15,0.6583013722230291,0.6198504089041283,0.6967523355419298
4,dinov2,B0d,union,0.73,15,0.6570187927546497,0.6195765326901405,0.6944610528191589
4,dinov2,B0d,union,0.74,15,0.6549910219094102,0.6162782709667177,0.6937037728521026
4,dinov2,B0d,union,0.75,15,0.6533915745115201,0.6156888413130222,0.691094307710018
4,dinov2,B0d,union,0.76,15,0.6515831120478445,0.6148841759242423,0.6882820481714467
4,dinov2,B0d,union,0.77,15,0.6515831120478445,0.6148841759242423,0.6882820481714467
4,dinov2,B0d,union,0.78,15,0.6499427154749546,0.6140912070810889,0.6857942238688204
4,dinov2,B0d,union,0.79,15,0.6472595270235606,0.610861239464207,0.6836578145829142
4,dinov2,B0d,union,0.8,15,0.6443459827311198,0.6041317343334359,0.6845602311288036
4,dinov2,B0d,union,0.81,15,0.6412631698751446,0.6013203074436279,0.6812060323066614
4,dinov2,B0d,union,0.82,15,0.6368348290644372,0.5929980232370325,0.6806716348918419
4,dinov2,B0d,union,0.83,15,0.6332497871858034,0.5867738694732195,0.6797257048983872
4,dinov2,B0d,union,0.84,15,0.627308406294276,0.5831464381012488,0.6714703744873032
4,dinov2,B0d,union,0.85,15,0.6194575699777278,0.5718240180101914,0.6670911219452642
4,dinov2,B0d,union,0.86,15,0.6166058763548813,0.5709531904790406,0.662258562230722
4,dinov2,B0d,union,0.87,15,0.6101787796224198,0.5684960751900622,0.6518614840547775
4,dinov2,B0d,union,0.88,15,0.6079307969876481,0.5680608878543633,0.6478007061209329
4,dinov2,B0d,union,0.89,15,0.6072652930536455,0.5674947992392779,0.6470357868680131
4,dinov2,B0d,union,0.9,15,0.5988789216938071,0.5541885126566526,0.6435693307309616
4,dinov2,B0d,union,0.91,15,0.589950765157251,0.5498618091276178,0.6300397211868841
4,dinov2,B0d,union,0.92,15,0.5870203420588994,0.5472992977493744,0.6267413863684245
4,dinov2,B0d,union,0.93,15,0.5670891050419155,0.5057604359895239,0.628417774094307
4,dinov2,B0d,union,0.94,15,0.5643448307403529,0.5038961629462257,0.6247934985344801
4,dinov2,B0d,union,0.95,15,0.5307163847916598,0.46093627659768055,0.6004964929856391
4,dinov2,B0d,union,0.96,15,0.5196761510296924,0.4392297101698763,0.6001225918895086
4,dinov2,B0d,union,0.97,15,0.5026858205446098,0.4212524967636005,0.584119144325619
4,dinov2,B0d,union,0.98,15,0.4517834487442335,0.3403608889487729,0.563206008539694
4,dinov2,B0d,union,0.99,15,0.4445201611434676,0.335276183584425,0.5537641387025102
4,dinov2,B0d,union,1.0,15,0.4445201611434676,0.335276183584425,0.5537641387025102
